timestamp,line_id,material_id,start_level_totes,delivered_totes,consumed_totes,end_level_totes,max_capacity_totes,fill_ratio,unmet_consumption_totes
2026-08-13 14:00:00,LINE_A,MAT_A,18.0,4.255,3.737,18.518,28,0.6614,0
2026-08-13 14:00:00,LINE_A,MAT_B,15.0,4.255,3.737,15.518,24,0.6466,0
2026-08-13 14:15:00,LINE_A,MAT_A,18.518,3.777,3.472,18.823,28,0.6723,0
2026-08-13 14:15:00,LINE_A,MAT_B,15.518,3.777,3.472,15.823,24,0.6593,0
2026-08-13 14:30:00,LINE_A,MAT_A,18.823,3.606,3.619,18.81,28,0.6718,0
2026-08-13 14:30:00,LINE_A,MAT_B,15.823,3.606,3.619,15.81,24,0.6588,0
2026-08-13 14:45:00,LINE_A,MAT_A,18.81,3.883,3.627,19.066,28,0.6809,0
2026-08-13 14:45:00,LINE_A,MAT_B,15.81,3.883,3.627,16.066,24,0.6694,0
2026-08-13 15:00:00,LINE_A,MAT_A,19.066,3.879,3.865,19.08,28,0.6814,0
2026-08-13 15:00:00,LINE_A,MAT_B,16.066,3.879,3.865,16.08,24,0.67,0
2026-08-13 15:15:00,LINE_A,MAT_A,19.08,3.472,3.923,18.629,28,0.6653,0
2026-08-13 15:15:00,LINE_A,MAT_B,16.08,3.472,3.923,15.629,24,0.6512,0
2026-08-13 15:30:00,LINE_A,MAT_A,18.629,3.811,3.739,18.701,28,0.6679,0
2026-08-13 15:30:00,LINE_A,MAT_B,15.629,3.811,3.739,15.701,24,0.6542,0
2026-08-13 15:45:00,LINE_A,MAT_A,18.701,3.862,3.934,18.629,28,0.6653,0
2026-08-13 15:45:00,LINE_A,MAT_B,15.701,3.862,3.934,15.629,24,0.6512,0
2026-08-13 16:00:00,LINE_A,MAT_A,18.629,3.962,3.738,18.852,28,0.6733,0
2026-08-13 16:00:00,LINE_A,MAT_B,15.629,3.962,3.738,15.852,24,0.6605,0
2026-08-13 16:15:00,LINE_A,MAT_A,18.852,4.03,3.959,18.924,28,0.6759,0
2026-08-13 16:15:00,LINE_A,MAT_B,15.852,4.03,3.959,15.924,24,0.6635,0
2026-08-13 16:30:00,LINE_A,MAT_A,18.924,3.619,3.762,18.781,28,0.6708,0
2026-08-13 16:30:00,LINE_A,MAT_B,15.924,3.619,3.762,15.781,24,0.6576,0
2026-08-13 16:45:00,LINE_A,MAT_A,18.781,3.582,3.616,18.747,28,0.6695,0
2026-08-13 16:45:00,LINE_A,MAT_B,15.781,3.582,3.616,15.747,24,0.6561,0
2026-08-13 17:00:00,LINE_A,MAT_A,18.747,3.67,3.823,18.595,28,0.6641,0
2026-08-13 17:00:00,LINE_A,MAT_B,15.747,3.67,3.823,15.595,24,0.6498,0
2026-08-13 17:15:00,LINE_A,MAT_A,18.595,3.8,3.67,18.725,28,0.6687,0
2026-08-13 17:15:00,LINE_A,MAT_B,15.595,3.8,3.67,15.725,24,0.6552,0
2026-08-13 17:30:00,LINE_A,MAT_A,18.725,3.838,3.598,18.964,28,0.6773,0
2026-08-13 17:30:00,LINE_A,MAT_B,15.725,3.838,3.598,15.964,24,0.6652,0
2026-08-13 17:45:00,LINE_A,MAT_A,18.964,3.425,3.566,18.823,28,0.6723,0
2026-08-13 17:45:00,LINE_A,MAT_B,15.964,3.425,3.566,15.823,24,0.6593,0
2026-08-13 18:00:00,LINE_A,MAT_A,18.823,4.033,3.779,19.077,28,0.6813,0
2026-08-13 18:00:00,LINE_A,MAT_B,15.823,4.033,3.779,16.077,24,0.6699,0
2026-08-13 18:15:00,LINE_A,MAT_A,19.077,3.978,3.648,19.407,28,0.6931,0
2026-08-13 18:15:00,LINE_A,MAT_B,16.077,3.978,3.648,16.407,24,0.6836,0
2026-08-13 18:30:00,LINE_A,MAT_A,19.407,3.794,3.516,19.685,28,0.703,0
2026-08-13 18:30:00,LINE_A,MAT_B,16.407,3.794,3.516,16.685,24,0.6952,0
2026-08-13 18:45:00,LINE_A,MAT_A,19.685,3.751,3.774,19.661,28,0.7022,0
2026-08-13 18:45:00,LINE_A,MAT_B,16.685,3.751,3.774,16.661,24,0.6942,0
2026-08-13 19:00:00,LINE_A,MAT_A,19.661,3.193,3.105,19.749,28,0.7053,0
2026-08-13 19:00:00,LINE_A,MAT_B,16.661,3.193,3.105,16.749,24,0.6979,0
2026-08-13 19:15:00,LINE_A,MAT_A,19.749,3.129,2.998,19.881,28,0.71,0
2026-08-13 19:15:00,LINE_A,MAT_B,16.749,3.129,2.998,16.881,24,0.7034,0
2026-08-13 19:30:00,LINE_A,MAT_A,19.881,3.883,3.456,20.308,28,0.7253,0
2026-08-13 19:30:00,LINE_A,MAT_B,16.881,3.883,3.456,17.308,24,0.7212,0
2026-08-13 19:45:00,LINE_A,MAT_A,20.308,3.843,3.595,20.555,28,0.7341,0
2026-08-13 19:45:00,LINE_A,MAT_B,17.308,3.843,3.595,17.555,24,0.7315,0
2026-08-13 20:00:00,LINE_A,MAT_A,20.555,3.506,3.553,20.508,28,0.7324,0
2026-08-13 20:00:00,LINE_A,MAT_B,17.555,3.506,3.553,17.508,24,0.7295,0
2026-08-13 20:15:00,LINE_A,MAT_A,20.508,3.463,3.557,20.415,28,0.7291,0
2026-08-13 20:15:00,LINE_A,MAT_B,17.508,3.463,3.557,17.415,24,0.7256,0
2026-08-13 20:30:00,LINE_A,MAT_A,20.415,3.753,3.481,20.687,28,0.7388,0
2026-08-13 20:30:00,LINE_A,MAT_B,17.415,3.753,3.481,17.687,24,0.7369,0
2026-08-13 20:45:00,LINE_A,MAT_A,20.687,3.183,3.725,20.144,28,0.7194,0
2026-08-13 20:45:00,LINE_A,MAT_B,17.687,3.183,3.725,17.144,24,0.7143,0
2026-08-13 21:00:00,LINE_A,MAT_A,20.144,3.617,3.406,20.356,28,0.727,0
2026-08-13 21:00:00,LINE_A,MAT_B,17.144,3.617,3.406,17.356,24,0.7232,0
2026-08-13 21:15:00,LINE_A,MAT_A,20.356,3.575,3.596,20.335,28,0.7262,0
2026-08-13 21:15:00,LINE_A,MAT_B,17.356,3.575,3.596,17.335,24,0.7223,0
2026-08-13 21:30:00,LINE_A,MAT_A,20.335,3.453,3.575,20.213,28,0.7219,0
2026-08-13 21:30:00,LINE_A,MAT_B,17.335,3.453,3.575,17.213,24,0.7172,0
2026-08-13 21:45:00,LINE_A,MAT_A,20.213,3.443,3.375,20.282,28,0.7243,0
2026-08-13 21:45:00,LINE_A,MAT_B,17.213,3.443,3.375,17.282,24,0.7201,0
2026-08-13 22:00:00,LINE_A,MAT_A,20.282,2.709,2.692,20.298,28,0.7249,0
2026-08-13 22:00:00,LINE_A,MAT_B,17.282,2.709,2.692,17.298,24,0.7208,0
2026-08-13 22:15:00,LINE_A,MAT_A,20.298,2.558,2.563,20.293,28,0.7247,0
2026-08-13 22:15:00,LINE_A,MAT_B,17.298,2.558,2.563,17.293,24,0.7205,0
2026-08-13 22:30:00,LINE_A,MAT_A,20.293,2.928,2.824,20.397,28,0.7284,0
2026-08-13 22:30:00,LINE_A,MAT_B,17.293,2.928,2.824,17.397,24,0.7249,0
2026-08-13 22:45:00,LINE_A,MAT_A,20.397,2.727,2.64,20.484,28,0.7316,0
2026-08-13 22:45:00,LINE_A,MAT_B,17.397,2.727,2.64,17.484,24,0.7285,0
2026-08-13 23:00:00,LINE_A,MAT_A,20.484,2.799,2.676,20.606,28,0.7359,0
2026-08-13 23:00:00,LINE_A,MAT_B,17.484,2.799,2.676,17.606,24,0.7336,0
2026-08-13 23:15:00,LINE_A,MAT_A,20.606,2.674,2.71,20.571,28,0.7347,0
2026-08-13 23:15:00,LINE_A,MAT_B,17.606,2.674,2.71,17.571,24,0.7321,0
2026-08-13 23:30:00,LINE_A,MAT_A,20.571,2.758,2.46,20.869,28,0.7453,0
2026-08-13 23:30:00,LINE_A,MAT_B,17.571,2.758,2.46,17.869,24,0.7445,0
2026-08-13 23:45:00,LINE_A,MAT_A,20.869,2.838,2.565,21.142,28,0.7551,0
2026-08-13 23:45:00,LINE_A,MAT_B,17.869,2.838,2.565,18.142,24,0.7559,0
2026-08-14 00:00:00,LINE_A,MAT_A,21.142,2.655,2.655,21.142,28,0.7551,0
2026-08-14 00:00:00,LINE_A,MAT_B,18.142,2.655,2.655,18.142,24,0.7559,0
2026-08-14 00:15:00,LINE_A,MAT_A,21.142,3.099,2.707,21.534,28,0.7691,0
2026-08-14 00:15:00,LINE_A,MAT_B,18.142,3.099,2.707,18.534,24,0.7722,0
2026-08-14 00:30:00,LINE_A,MAT_A,21.534,2.573,2.435,21.671,28,0.774,0
2026-08-14 00:30:00,LINE_A,MAT_B,18.534,2.573,2.435,18.671,24,0.778,0
2026-08-14 00:45:00,LINE_A,MAT_A,21.671,2.498,2.568,21.601,28,0.7715,0
2026-08-14 00:45:00,LINE_A,MAT_B,18.671,2.498,2.568,18.601,24,0.7751,0
2026-08-14 01:00:00,LINE_A,MAT_A,21.601,2.575,2.488,21.688,28,0.7746,0
2026-08-14 01:00:00,LINE_A,MAT_B,18.601,2.575,2.488,18.688,24,0.7787,0
2026-08-14 01:15:00,LINE_A,MAT_A,21.688,2.661,2.583,21.766,28,0.7774,0
2026-08-14 01:15:00,LINE_A,MAT_B,18.688,2.661,2.583,18.766,24,0.7819,0
2026-08-14 01:30:00,LINE_A,MAT_A,21.766,3.009,2.471,22.304,28,0.7966,0
2026-08-14 01:30:00,LINE_A,MAT_B,18.766,3.009,2.471,19.304,24,0.8043,0
2026-08-14 01:45:00,LINE_A,MAT_A,22.304,2.865,2.591,22.577,28,0.8063,0
2026-08-14 01:45:00,LINE_A,MAT_B,19.304,2.865,2.591,19.577,24,0.8157,0
2026-08-14 02:00:00,LINE_A,MAT_A,22.577,2.978,2.947,22.609,28,0.8075,0
2026-08-14 02:00:00,LINE_A,MAT_B,19.577,2.978,2.947,19.609,24,0.817,0
2026-08-14 02:15:00,LINE_A,MAT_A,22.609,2.56,2.523,22.646,28,0.8088,0
2026-08-14 02:15:00,LINE_A,MAT_B,19.609,2.56,2.523,19.646,24,0.8186,0
2026-08-14 02:30:00,LINE_A,MAT_A,22.646,2.547,2.87,22.323,28,0.7973,0
2026-08-14 02:30:00,LINE_A,MAT_B,19.646,2.547,2.87,19.323,24,0.8051,0
2026-08-14 02:45:00,LINE_A,MAT_A,22.323,2.678,2.357,22.644,28,0.8087,0
2026-08-14 02:45:00,LINE_A,MAT_B,19.323,2.678,2.357,19.644,24,0.8185,0
2026-08-14 03:00:00,LINE_A,MAT_A,22.644,2.392,2.674,22.362,28,0.7986,0
2026-08-14 03:00:00,LINE_A,MAT_B,19.644,2.392,2.674,19.362,24,0.8068,0
2026-08-14 03:15:00,LINE_A,MAT_A,22.362,2.507,2.886,21.983,28,0.7851,0
2026-08-14 03:15:00,LINE_A,MAT_B,19.362,2.507,2.886,18.983,24,0.791,0
2026-08-14 03:30:00,LINE_A,MAT_A,21.983,2.743,2.516,22.21,28,0.7932,0
2026-08-14 03:30:00,LINE_A,MAT_B,18.983,2.743,2.516,19.21,24,0.8004,0
2026-08-14 03:45:00,LINE_A,MAT_A,22.21,2.552,2.798,21.963,28,0.7844,0
2026-08-14 03:45:00,LINE_A,MAT_B,19.21,2.552,2.798,18.963,24,0.7901,0
2026-08-14 04:00:00,LINE_A,MAT_A,21.963,2.644,2.867,21.741,28,0.7765,0
2026-08-14 04:00:00,LINE_A,MAT_B,18.963,2.644,2.867,18.741,24,0.7809,0
2026-08-14 04:15:00,LINE_A,MAT_A,21.741,2.704,2.547,21.898,28,0.7821,0
2026-08-14 04:15:00,LINE_A,MAT_B,18.741,2.704,2.547,18.898,24,0.7874,0
2026-08-14 04:30:00,LINE_A,MAT_A,21.898,2.68,2.688,21.89,28,0.7818,0
2026-08-14 04:30:00,LINE_A,MAT_B,18.898,2.68,2.688,18.89,24,0.7871,0
2026-08-14 04:45:00,LINE_A,MAT_A,21.89,2.52,2.749,21.661,28,0.7736,0
2026-08-14 04:45:00,LINE_A,MAT_B,18.89,2.52,2.749,18.661,24,0.7776,0
2026-08-14 05:00:00,LINE_A,MAT_A,21.661,2.976,2.692,21.945,28,0.7837,0
2026-08-14 05:00:00,LINE_A,MAT_B,18.661,2.976,2.692,18.945,24,0.7894,0
2026-08-14 05:15:00,LINE_A,MAT_A,21.945,2.928,2.733,22.14,28,0.7907,0
2026-08-14 05:15:00,LINE_A,MAT_B,18.945,2.928,2.733,19.14,24,0.7975,0
2026-08-14 05:30:00,LINE_A,MAT_A,22.14,2.485,2.664,21.961,28,0.7843,0
2026-08-14 05:30:00,LINE_A,MAT_B,19.14,2.485,2.664,18.961,24,0.79,0
2026-08-14 05:45:00,LINE_A,MAT_A,21.961,2.918,2.923,21.956,28,0.7842,0
2026-08-14 05:45:00,LINE_A,MAT_B,18.961,2.918,2.923,18.956,24,0.7899,0
2026-08-14 06:00:00,LINE_A,MAT_A,21.956,3.164,3.098,22.023,28,0.7865,0
2026-08-14 06:00:00,LINE_A,MAT_B,18.956,3.164,3.098,19.023,24,0.7926,0
2026-08-14 06:15:00,LINE_A,MAT_A,22.023,3.332,3.444,21.911,28,0.7825,0
2026-08-14 06:15:00,LINE_A,MAT_B,19.023,3.332,3.444,18.911,24,0.788,0
2026-08-14 06:30:00,LINE_A,MAT_A,21.911,3.12,3.557,21.475,28,0.767,0
2026-08-14 06:30:00,LINE_A,MAT_B,18.911,3.12,3.557,18.475,24,0.7698,0
2026-08-14 06:45:00,LINE_A,MAT_A,21.475,3.485,3.527,21.433,28,0.7655,0
2026-08-14 06:45:00,LINE_A,MAT_B,18.475,3.485,3.527,18.433,24,0.768,0
2026-08-14 07:00:00,LINE_A,MAT_A,21.433,3.624,3.335,21.722,28,0.7758,0
2026-08-14 07:00:00,LINE_A,MAT_B,18.433,3.624,3.335,18.722,24,0.7801,0
2026-08-14 07:15:00,LINE_A,MAT_A,21.722,3.447,2.994,22.175,28,0.792,0
2026-08-14 07:15:00,LINE_A,MAT_B,18.722,3.447,2.994,19.175,24,0.799,0
2026-08-14 07:30:00,LINE_A,MAT_A,22.175,3.289,3.162,22.301,28,0.7965,0
2026-08-14 07:30:00,LINE_A,MAT_B,19.175,3.289,3.162,19.301,24,0.8042,0
2026-08-14 07:45:00,LINE_A,MAT_A,22.301,3.565,3.577,22.29,28,0.7961,0
2026-08-14 07:45:00,LINE_A,MAT_B,19.301,3.565,3.577,19.29,24,0.8037,0
2026-08-14 08:00:00,LINE_A,MAT_A,22.29,3.501,3.639,22.152,28,0.7911,0
2026-08-14 08:00:00,LINE_A,MAT_B,19.29,3.501,3.639,19.152,24,0.798,0
2026-08-14 08:15:00,LINE_A,MAT_A,22.152,3.106,3.607,21.651,28,0.7733,0
2026-08-14 08:15:00,LINE_A,MAT_B,19.152,3.106,3.607,18.651,24,0.7771,0
2026-08-14 08:30:00,LINE_A,MAT_A,21.651,3.456,3.726,21.382,28,0.7636,0
2026-08-14 08:30:00,LINE_A,MAT_B,18.651,3.456,3.726,18.382,24,0.7659,0
2026-08-14 08:45:00,LINE_A,MAT_A,21.382,3.418,3.341,21.459,28,0.7664,0
2026-08-14 08:45:00,LINE_A,MAT_B,18.382,3.418,3.341,18.459,24,0.7691,0
2026-08-14 09:00:00,LINE_A,MAT_A,21.459,3.548,3.474,21.533,28,0.7691,0
2026-08-14 09:00:00,LINE_A,MAT_B,18.459,3.548,3.474,18.533,24,0.7722,0
2026-08-14 09:15:00,LINE_A,MAT_A,21.533,3.632,3.63,21.536,28,0.7691,0
2026-08-14 09:15:00,LINE_A,MAT_B,18.533,3.632,3.63,18.536,24,0.7723,0
2026-08-14 09:30:00,LINE_A,MAT_A,21.536,3.197,3.554,21.179,28,0.7564,0
2026-08-14 09:30:00,LINE_A,MAT_B,18.536,3.197,3.554,18.179,24,0.7575,0
2026-08-14 09:45:00,LINE_A,MAT_A,21.179,3.655,3.489,21.345,28,0.7623,0
2026-08-14 09:45:00,LINE_A,MAT_B,18.179,3.655,3.489,18.345,24,0.7644,0
2026-08-14 10:00:00,LINE_A,MAT_A,21.345,3.574,3.689,21.231,28,0.7582,0
2026-08-14 10:00:00,LINE_A,MAT_B,18.345,3.574,3.689,18.231,24,0.7596,0
2026-08-14 10:15:00,LINE_A,MAT_A,21.231,3.451,3.425,21.257,28,0.7592,0
2026-08-14 10:15:00,LINE_A,MAT_B,18.231,3.451,3.425,18.257,24,0.7607,0
2026-08-14 10:30:00,LINE_A,MAT_A,21.257,3.428,3.386,21.299,28,0.7607,0
2026-08-14 10:30:00,LINE_A,MAT_B,18.257,3.428,3.386,18.299,24,0.7625,0
2026-08-14 10:45:00,LINE_A,MAT_A,21.299,3.393,3.345,21.347,28,0.7624,0
2026-08-14 10:45:00,LINE_A,MAT_B,18.299,3.393,3.345,18.347,24,0.7645,0
2026-08-14 11:00:00,LINE_A,MAT_A,21.347,3.544,3.483,21.408,28,0.7646,0
2026-08-14 11:00:00,LINE_A,MAT_B,18.347,3.544,3.483,18.408,24,0.767,0
2026-08-14 11:15:00,LINE_A,MAT_A,21.408,3.576,3.496,21.488,28,0.7674,0
2026-08-14 11:15:00,LINE_A,MAT_B,18.408,3.576,3.496,18.488,24,0.7703,0
2026-08-14 11:30:00,LINE_A,MAT_A,21.488,3.143,3.251,21.38,28,0.7636,0
2026-08-14 11:30:00,LINE_A,MAT_B,18.488,3.143,3.251,18.38,24,0.7658,0
2026-08-14 11:45:00,LINE_A,MAT_A,21.38,3.342,2.884,21.838,28,0.7799,0
2026-08-14 11:45:00,LINE_A,MAT_B,18.38,3.342,2.884,18.838,24,0.7849,0
2026-08-14 12:00:00,LINE_A,MAT_A,21.838,3.421,3.552,21.707,28,0.7753,0
2026-08-14 12:00:00,LINE_A,MAT_B,18.838,3.421,3.552,18.707,24,0.7795,0
2026-08-14 12:15:00,LINE_A,MAT_A,21.707,3.52,3.658,21.569,28,0.7703,0
2026-08-14 12:15:00,LINE_A,MAT_B,18.707,3.52,3.658,18.569,24,0.7737,0
2026-08-14 12:30:00,LINE_A,MAT_A,21.569,3.273,3.782,21.06,28,0.7521,0
2026-08-14 12:30:00,LINE_A,MAT_B,18.569,3.273,3.782,18.06,24,0.7525,0
2026-08-14 12:45:00,LINE_A,MAT_A,21.06,3.565,3.574,21.051,28,0.7518,0
2026-08-14 12:45:00,LINE_A,MAT_B,18.06,3.565,3.574,18.051,24,0.7521,0
2026-08-14 13:00:00,LINE_A,MAT_A,21.051,3.337,3.272,21.116,28,0.7542,0
2026-08-14 13:00:00,LINE_A,MAT_B,18.051,3.337,3.272,18.116,24,0.7548,0
2026-08-14 13:15:00,LINE_A,MAT_A,21.116,3.671,3.609,21.178,28,0.7564,0
2026-08-14 13:15:00,LINE_A,MAT_B,18.116,3.671,3.609,18.178,24,0.7574,0
2026-08-14 13:30:00,LINE_A,MAT_A,21.178,3.538,3.507,21.209,28,0.7575,0
2026-08-14 13:30:00,LINE_A,MAT_B,18.178,3.538,3.507,18.209,24,0.7587,0
2026-08-14 13:45:00,LINE_A,MAT_A,21.209,3.442,3.475,21.177,28,0.7563,0
2026-08-14 13:45:00,LINE_A,MAT_B,18.209,3.442,3.475,18.177,24,0.7574,0
2026-08-14 14:00:00,LINE_A,MAT_A,21.177,3.676,3.749,21.104,28,0.7537,0
2026-08-14 14:00:00,LINE_A,MAT_B,18.177,3.676,3.749,18.104,24,0.7543,0
2026-08-14 14:15:00,LINE_A,MAT_A,21.104,3.744,3.82,21.028,28,0.751,0
2026-08-14 14:15:00,LINE_A,MAT_B,18.104,3.744,3.82,18.028,24,0.7512,0
2026-08-14 14:30:00,LINE_A,MAT_A,21.028,3.624,3.746,20.906,28,0.7466,0
2026-08-14 14:30:00,LINE_A,MAT_B,18.028,3.624,3.746,17.906,24,0.7461,0
2026-08-14 14:45:00,LINE_A,MAT_A,20.906,3.673,3.981,20.599,28,0.7357,0
2026-08-14 14:45:00,LINE_A,MAT_B,17.906,3.673,3.981,17.599,24,0.7333,0
2026-08-14 15:00:00,LINE_A,MAT_A,20.599,3.653,3.635,20.616,28,0.7363,0
2026-08-14 15:00:00,LINE_A,MAT_B,17.599,3.653,3.635,17.616,24,0.734,0
2026-08-14 15:15:00,LINE_A,MAT_A,20.616,3.712,3.725,20.604,28,0.7359,0
2026-08-14 15:15:00,LINE_A,MAT_B,17.616,3.712,3.725,17.604,24,0.7335,0
2026-08-14 15:30:00,LINE_A,MAT_A,20.604,3.875,3.652,20.827,28,0.7438,0
2026-08-14 15:30:00,LINE_A,MAT_B,17.604,3.875,3.652,17.827,24,0.7428,0
2026-08-14 15:45:00,LINE_A,MAT_A,20.827,3.798,3.903,20.721,28,0.7401,0
2026-08-14 15:45:00,LINE_A,MAT_B,17.827,3.798,3.903,17.721,24,0.7384,0
2026-08-14 16:00:00,LINE_A,MAT_A,20.721,3.686,3.783,20.624,28,0.7366,0
2026-08-14 16:00:00,LINE_A,MAT_B,17.721,3.686,3.783,17.624,24,0.7343,0
2026-08-14 16:15:00,LINE_A,MAT_A,20.624,4.02,3.613,21.032,28,0.7511,0
2026-08-14 16:15:00,LINE_A,MAT_B,17.624,4.02,3.613,18.032,24,0.7513,0
2026-08-14 16:30:00,LINE_A,MAT_A,21.032,3.953,3.904,21.081,28,0.7529,0
2026-08-14 16:30:00,LINE_A,MAT_B,18.032,3.953,3.904,18.081,24,0.7534,0
2026-08-14 16:45:00,LINE_A,MAT_A,21.081,3.591,3.906,20.766,28,0.7417,0
2026-08-14 16:45:00,LINE_A,MAT_B,18.081,3.591,3.906,17.766,24,0.7403,0
2026-08-14 17:00:00,LINE_A,MAT_A,20.766,3.664,3.672,20.758,28,0.7414,0
2026-08-14 17:00:00,LINE_A,MAT_B,17.766,3.664,3.672,17.758,24,0.7399,0
2026-08-14 17:15:00,LINE_A,MAT_A,20.758,3.396,3.75,20.404,28,0.7287,0
2026-08-14 17:15:00,LINE_A,MAT_B,17.758,3.396,3.75,17.404,24,0.7252,0
2026-08-14 17:30:00,LINE_A,MAT_A,20.404,4.0,3.519,20.885,28,0.7459,0
2026-08-14 17:30:00,LINE_A,MAT_B,17.404,4.0,3.519,17.885,24,0.7452,0
2026-08-14 17:45:00,LINE_A,MAT_A,20.885,3.485,3.716,20.655,28,0.7377,0
2026-08-14 17:45:00,LINE_A,MAT_B,17.885,3.485,3.716,17.655,24,0.7356,0
2026-08-14 18:00:00,LINE_A,MAT_A,20.655,3.48,3.824,20.31,28,0.7254,0
2026-08-14 18:00:00,LINE_A,MAT_B,17.655,3.48,3.824,17.31,24,0.7213,0
2026-08-14 18:15:00,LINE_A,MAT_A,20.31,3.398,3.604,20.105,28,0.718,0
2026-08-14 18:15:00,LINE_A,MAT_B,17.31,3.398,3.604,17.105,24,0.7127,0
2026-08-14 18:30:00,LINE_A,MAT_A,20.105,3.528,3.351,20.282,28,0.7244,0
2026-08-14 18:30:00,LINE_A,MAT_B,17.105,3.528,3.351,17.282,24,0.7201,0
2026-08-14 18:45:00,LINE_A,MAT_A,20.282,3.227,3.836,19.673,28,0.7026,0
2026-08-14 18:45:00,LINE_A,MAT_B,17.282,3.227,3.836,16.673,24,0.6947,0
2026-08-14 19:00:00,LINE_A,MAT_A,19.673,3.333,3.304,19.702,28,0.7037,0
2026-08-14 19:00:00,LINE_A,MAT_B,16.673,3.333,3.304,16.702,24,0.6959,0
2026-08-14 19:15:00,LINE_A,MAT_A,19.702,3.175,3.166,19.712,28,0.704,0
2026-08-14 19:15:00,LINE_A,MAT_B,16.702,3.175,3.166,16.712,24,0.6963,0
2026-08-14 19:30:00,LINE_A,MAT_A,19.712,3.682,3.389,20.005,28,0.7145,0
2026-08-14 19:30:00,LINE_A,MAT_B,16.712,3.682,3.389,17.005,24,0.7086,0
2026-08-14 19:45:00,LINE_A,MAT_A,20.005,3.6,3.764,19.841,28,0.7086,0
2026-08-14 19:45:00,LINE_A,MAT_B,17.005,3.6,3.764,16.841,24,0.7017,0
2026-08-14 20:00:00,LINE_A,MAT_A,19.841,3.683,3.566,19.958,28,0.7128,0
2026-08-14 20:00:00,LINE_A,MAT_B,16.841,3.683,3.566,16.958,24,0.7066,0
2026-08-14 20:15:00,LINE_A,MAT_A,19.958,3.283,3.596,19.645,28,0.7016,0
2026-08-14 20:15:00,LINE_A,MAT_B,16.958,3.283,3.596,16.645,24,0.6936,0
2026-08-14 20:30:00,LINE_A,MAT_A,19.645,3.49,3.582,19.554,28,0.6983,0
2026-08-14 20:30:00,LINE_A,MAT_B,16.645,3.49,3.582,16.554,24,0.6897,0
2026-08-14 20:45:00,LINE_A,MAT_A,19.554,3.321,3.373,19.501,28,0.6965,0
2026-08-14 20:45:00,LINE_A,MAT_B,16.554,3.321,3.373,16.501,24,0.6875,0
2026-08-14 21:00:00,LINE_A,MAT_A,19.501,3.612,3.579,19.534,28,0.6976,0
2026-08-14 21:00:00,LINE_A,MAT_B,16.501,3.612,3.579,16.534,24,0.6889,0
2026-08-14 21:15:00,LINE_A,MAT_A,19.534,3.438,3.554,19.417,28,0.6935,0
2026-08-14 21:15:00,LINE_A,MAT_B,16.534,3.438,3.554,16.417,24,0.684,0
2026-08-14 21:30:00,LINE_A,MAT_A,19.417,3.607,3.387,19.637,28,0.7013,0
2026-08-14 21:30:00,LINE_A,MAT_B,16.417,3.607,3.387,16.637,24,0.6932,0
2026-08-14 21:45:00,LINE_A,MAT_A,19.637,3.83,3.432,20.035,28,0.7155,0
2026-08-14 21:45:00,LINE_A,MAT_B,16.637,3.83,3.432,17.035,24,0.7098,0
2026-08-14 22:00:00,LINE_A,MAT_A,20.035,2.754,2.474,20.315,28,0.7255,0
2026-08-14 22:00:00,LINE_A,MAT_B,17.035,2.754,2.474,17.315,24,0.7215,0
2026-08-14 22:15:00,LINE_A,MAT_A,20.315,2.994,3.011,20.298,28,0.7249,0
2026-08-14 22:15:00,LINE_A,MAT_B,17.315,2.994,3.011,17.298,24,0.7207,0
2026-08-14 22:30:00,LINE_A,MAT_A,20.298,2.886,2.768,20.416,28,0.7291,0
2026-08-14 22:30:00,LINE_A,MAT_B,17.298,2.886,2.768,17.416,24,0.7257,0
2026-08-14 22:45:00,LINE_A,MAT_A,20.416,2.365,2.837,19.944,28,0.7123,0
2026-08-14 22:45:00,LINE_A,MAT_B,17.416,2.365,2.837,16.944,24,0.706,0
2026-08-14 23:00:00,LINE_A,MAT_A,19.944,3.115,2.749,20.309,28,0.7253,0
2026-08-14 23:00:00,LINE_A,MAT_B,16.944,3.115,2.749,17.309,24,0.7212,0
2026-08-14 23:15:00,LINE_A,MAT_A,20.309,2.875,2.674,20.51,28,0.7325,0
2026-08-14 23:15:00,LINE_A,MAT_B,17.309,2.875,2.674,17.51,24,0.7296,0
2026-08-14 23:30:00,LINE_A,MAT_A,20.51,2.808,2.751,20.566,28,0.7345,0
2026-08-14 23:30:00,LINE_A,MAT_B,17.51,2.808,2.751,17.566,24,0.7319,0
2026-08-14 23:45:00,LINE_A,MAT_A,20.566,2.789,2.753,20.603,28,0.7358,0
2026-08-14 23:45:00,LINE_A,MAT_B,17.566,2.789,2.753,17.603,24,0.7334,0
2026-08-15 00:00:00,LINE_A,MAT_A,20.603,2.111,2.258,20.456,28,0.7306,0
2026-08-15 00:00:00,LINE_A,MAT_B,17.603,2.111,2.258,17.456,24,0.7273,0
2026-08-15 00:15:00,LINE_A,MAT_A,20.456,2.223,2.152,20.527,28,0.7331,0
2026-08-15 00:15:00,LINE_A,MAT_B,17.456,2.223,2.152,17.527,24,0.7303,0
2026-08-15 00:30:00,LINE_A,MAT_A,20.527,2.148,2.126,20.549,28,0.7339,0
2026-08-15 00:30:00,LINE_A,MAT_B,17.527,2.148,2.126,17.549,24,0.7312,0
2026-08-15 00:45:00,LINE_A,MAT_A,20.549,1.991,2.365,20.175,28,0.7205,0
2026-08-15 00:45:00,LINE_A,MAT_B,17.549,1.991,2.365,17.175,24,0.7156,0
2026-08-15 01:00:00,LINE_A,MAT_A,20.175,2.161,2.198,20.137,28,0.7192,0
2026-08-15 01:00:00,LINE_A,MAT_B,17.175,2.161,2.198,17.137,24,0.7141,0
2026-08-15 01:15:00,LINE_A,MAT_A,20.137,2.156,2.239,20.054,28,0.7162,0
2026-08-15 01:15:00,LINE_A,MAT_B,17.137,2.156,2.239,17.054,24,0.7106,0
2026-08-15 01:30:00,LINE_A,MAT_A,20.054,2.178,2.153,20.079,28,0.7171,0
2026-08-15 01:30:00,LINE_A,MAT_B,17.054,2.178,2.153,17.079,24,0.7116,0
2026-08-15 01:45:00,LINE_A,MAT_A,20.079,2.367,2.229,20.217,28,0.722,0
2026-08-15 01:45:00,LINE_A,MAT_B,17.079,2.367,2.229,17.217,24,0.7174,0
2026-08-15 02:00:00,LINE_A,MAT_A,20.217,2.134,2.303,20.049,28,0.716,0
2026-08-15 02:00:00,LINE_A,MAT_B,17.217,2.134,2.303,17.049,24,0.7104,0
2026-08-15 02:15:00,LINE_A,MAT_A,20.049,2.223,2.187,20.085,28,0.7173,0
2026-08-15 02:15:00,LINE_A,MAT_B,17.049,2.223,2.187,17.085,24,0.7119,0
2026-08-15 02:30:00,LINE_A,MAT_A,20.085,2.417,2.018,20.483,28,0.7315,0
2026-08-15 02:30:00,LINE_A,MAT_B,17.085,2.417,2.018,17.483,24,0.7285,0
2026-08-15 02:45:00,LINE_A,MAT_A,20.483,2.543,2.117,20.909,28,0.7467,0
2026-08-15 02:45:00,LINE_A,MAT_B,17.483,2.543,2.117,17.909,24,0.7462,0
2026-08-15 03:00:00,LINE_A,MAT_A,20.909,2.391,2.156,21.143,28,0.7551,0
2026-08-15 03:00:00,LINE_A,MAT_B,17.909,2.391,2.156,18.143,24,0.756,0
2026-08-15 03:15:00,LINE_A,MAT_A,21.143,2.017,2.109,21.051,28,0.7518,0
2026-08-15 03:15:00,LINE_A,MAT_B,18.143,2.017,2.109,18.051,24,0.7521,0
2026-08-15 03:30:00,LINE_A,MAT_A,21.051,2.407,2.35,21.109,28,0.7539,0
2026-08-15 03:30:00,LINE_A,MAT_B,18.051,2.407,2.35,18.109,24,0.7545,0
2026-08-15 03:45:00,LINE_A,MAT_A,21.109,2.108,2.043,21.173,28,0.7562,0
2026-08-15 03:45:00,LINE_A,MAT_B,18.109,2.108,2.043,18.173,24,0.7572,0
2026-08-15 04:00:00,LINE_A,MAT_A,21.173,1.979,2.181,20.971,28,0.7489,0
2026-08-15 04:00:00,LINE_A,MAT_B,18.173,1.979,2.181,17.971,24,0.7488,0
2026-08-15 04:15:00,LINE_A,MAT_A,20.971,2.224,2.065,21.129,28,0.7546,0
2026-08-15 04:15:00,LINE_A,MAT_B,17.971,2.224,2.065,18.129,24,0.7554,0
2026-08-15 04:30:00,LINE_A,MAT_A,21.129,2.492,2.131,21.49,28,0.7675,0
2026-08-15 04:30:00,LINE_A,MAT_B,18.129,2.492,2.131,18.49,24,0.7704,0
2026-08-15 04:45:00,LINE_A,MAT_A,21.49,2.119,2.218,21.391,28,0.764,0
2026-08-15 04:45:00,LINE_A,MAT_B,18.49,2.119,2.218,18.391,24,0.7663,0
2026-08-15 05:00:00,LINE_A,MAT_A,21.391,2.145,2.063,21.474,28,0.7669,0
2026-08-15 05:00:00,LINE_A,MAT_B,18.391,2.145,2.063,18.474,24,0.7697,0
2026-08-15 05:15:00,LINE_A,MAT_A,21.474,2.06,2.332,21.202,28,0.7572,0
2026-08-15 05:15:00,LINE_A,MAT_B,18.474,2.06,2.332,18.202,24,0.7584,0
2026-08-15 05:30:00,LINE_A,MAT_A,21.202,2.489,2.421,21.27,28,0.7596,0
2026-08-15 05:30:00,LINE_A,MAT_B,18.202,2.489,2.421,18.27,24,0.7613,0
2026-08-15 05:45:00,LINE_A,MAT_A,21.27,2.476,2.275,21.471,28,0.7668,0
2026-08-15 05:45:00,LINE_A,MAT_B,18.27,2.476,2.275,18.471,24,0.7696,0
2026-08-15 06:00:00,LINE_A,MAT_A,21.471,2.718,2.591,21.598,28,0.7714,0
2026-08-15 06:00:00,LINE_A,MAT_B,18.471,2.718,2.591,18.598,24,0.7749,0
2026-08-15 06:15:00,LINE_A,MAT_A,21.598,2.933,2.786,21.745,28,0.7766,0
2026-08-15 06:15:00,LINE_A,MAT_B,18.598,2.933,2.786,18.745,24,0.781,0
2026-08-15 06:30:00,LINE_A,MAT_A,21.745,2.813,2.811,21.747,28,0.7767,0
2026-08-15 06:30:00,LINE_A,MAT_B,18.745,2.813,2.811,18.747,24,0.7811,0
2026-08-15 06:45:00,LINE_A,MAT_A,21.747,2.945,2.772,21.919,28,0.7828,0
2026-08-15 06:45:00,LINE_A,MAT_B,18.747,2.945,2.772,18.919,24,0.7883,0
2026-08-15 07:00:00,LINE_A,MAT_A,21.919,2.552,2.843,21.628,28,0.7724,0
2026-08-15 07:00:00,LINE_A,MAT_B,18.919,2.552,2.843,18.628,24,0.7762,0
2026-08-15 07:15:00,LINE_A,MAT_A,21.628,2.591,2.496,21.723,28,0.7758,0
2026-08-15 07:15:00,LINE_A,MAT_B,18.628,2.591,2.496,18.723,24,0.7801,0
2026-08-15 07:30:00,LINE_A,MAT_A,21.723,2.531,2.554,21.7,28,0.775,0
2026-08-15 07:30:00,LINE_A,MAT_B,18.723,2.531,2.554,18.7,24,0.7792,0
2026-08-15 07:45:00,LINE_A,MAT_A,21.7,2.871,2.978,21.594,28,0.7712,0
2026-08-15 07:45:00,LINE_A,MAT_B,18.7,2.871,2.978,18.594,24,0.7747,0
2026-08-15 08:00:00,LINE_A,MAT_A,21.594,3.126,2.803,21.916,28,0.7827,0
2026-08-15 08:00:00,LINE_A,MAT_B,18.594,3.126,2.803,18.916,24,0.7882,0
2026-08-15 08:15:00,LINE_A,MAT_A,21.916,3.034,2.916,22.034,28,0.7869,0
2026-08-15 08:15:00,LINE_A,MAT_B,18.916,3.034,2.916,19.034,24,0.7931,0
2026-08-15 08:30:00,LINE_A,MAT_A,22.034,2.838,2.678,22.195,28,0.7927,0
2026-08-15 08:30:00,LINE_A,MAT_B,19.034,2.838,2.678,19.195,24,0.7998,0
2026-08-15 08:45:00,LINE_A,MAT_A,22.195,2.722,2.792,22.124,28,0.7902,0
2026-08-15 08:45:00,LINE_A,MAT_B,19.195,2.722,2.792,19.124,24,0.7968,0
2026-08-15 09:00:00,LINE_A,MAT_A,22.124,2.631,2.768,21.987,28,0.7853,0
2026-08-15 09:00:00,LINE_A,MAT_B,19.124,2.631,2.768,18.987,24,0.7911,0
2026-08-15 09:15:00,LINE_A,MAT_A,21.987,2.842,2.806,22.023,28,0.7865,0
2026-08-15 09:15:00,LINE_A,MAT_B,18.987,2.842,2.806,19.023,24,0.7926,0
2026-08-15 09:30:00,LINE_A,MAT_A,22.023,2.677,2.576,22.123,28,0.7901,0
2026-08-15 09:30:00,LINE_A,MAT_B,19.023,2.677,2.576,19.123,24,0.7968,0
2026-08-15 09:45:00,LINE_A,MAT_A,22.123,2.673,3.008,21.787,28,0.7781,0
2026-08-15 09:45:00,LINE_A,MAT_B,19.123,2.673,3.008,18.787,24,0.7828,0
2026-08-15 10:00:00,LINE_A,MAT_A,21.787,4.076,2.926,22.937,28,0.8192,0
2026-08-15 10:00:00,LINE_A,MAT_B,18.787,4.076,2.926,19.937,24,0.8307,0
2026-08-15 10:15:00,LINE_A,MAT_A,22.937,4.36,2.813,24.483,28,0.8744,0
2026-08-15 10:15:00,LINE_A,MAT_B,19.937,4.36,2.813,21.187,24,0.8828,0
2026-08-15 10:30:00,LINE_A,MAT_A,24.483,4.202,2.896,25.104,28,0.8966,0
2026-08-15 10:30:00,LINE_A,MAT_B,21.187,4.202,2.896,21.104,24,0.8793,0
2026-08-15 10:45:00,LINE_A,MAT_A,25.104,4.04,2.907,25.093,28,0.8962,0
2026-08-15 10:45:00,LINE_A,MAT_B,21.104,4.04,2.907,21.093,24,0.8789,0
2026-08-15 11:00:00,LINE_A,MAT_A,25.093,2.732,2.792,25.033,28,0.894,0
2026-08-15 11:00:00,LINE_A,MAT_B,21.093,2.732,2.792,21.033,24,0.8764,0
2026-08-15 11:15:00,LINE_A,MAT_A,25.033,3.117,2.843,25.157,28,0.8985,0
2026-08-15 11:15:00,LINE_A,MAT_B,21.033,3.117,2.843,21.157,24,0.8816,0
2026-08-15 11:30:00,LINE_A,MAT_A,25.157,2.464,2.755,24.867,28,0.8881,0
2026-08-15 11:30:00,LINE_A,MAT_B,21.157,2.464,2.755,20.867,24,0.8694,0
2026-08-15 11:45:00,LINE_A,MAT_A,24.867,2.713,2.616,24.963,28,0.8916,0
2026-08-15 11:45:00,LINE_A,MAT_B,20.867,2.713,2.616,20.963,24,0.8735,0
2026-08-15 12:00:00,LINE_A,MAT_A,24.963,2.648,2.936,24.675,28,0.8813,0
2026-08-15 12:00:00,LINE_A,MAT_B,20.963,2.648,2.936,20.675,24,0.8615,0
2026-08-15 12:15:00,LINE_A,MAT_A,24.675,3.051,3.156,24.571,28,0.8775,0
2026-08-15 12:15:00,LINE_A,MAT_B,20.675,3.051,3.156,20.571,24,0.8571,0
2026-08-15 12:30:00,LINE_A,MAT_A,24.571,3.028,2.831,24.769,28,0.8846,0
2026-08-15 12:30:00,LINE_A,MAT_B,20.571,3.028,2.831,20.769,24,0.8654,0
2026-08-15 12:45:00,LINE_A,MAT_A,24.769,2.991,2.982,24.778,28,0.8849,0
2026-08-15 12:45:00,LINE_A,MAT_B,20.769,2.991,2.982,20.778,24,0.8657,0
2026-08-15 13:00:00,LINE_A,MAT_A,24.778,3.016,3.156,24.638,28,0.8799,0
2026-08-15 13:00:00,LINE_A,MAT_B,20.778,3.016,3.156,20.638,24,0.8599,0
2026-08-15 13:15:00,LINE_A,MAT_A,24.638,3.398,2.843,25.157,28,0.8985,0
2026-08-15 13:15:00,LINE_A,MAT_B,20.638,3.398,2.843,21.157,24,0.8815,0
2026-08-15 13:30:00,LINE_A,MAT_A,25.157,2.703,2.925,24.934,28,0.8905,0
2026-08-15 13:30:00,LINE_A,MAT_B,21.157,2.703,2.925,20.934,24,0.8723,0
2026-08-15 13:45:00,LINE_A,MAT_A,24.934,2.898,2.7,25.132,28,0.8976,0
2026-08-15 13:45:00,LINE_A,MAT_B,20.934,2.898,2.7,21.132,24,0.8805,0
2026-08-15 14:00:00,LINE_A,MAT_A,25.132,3.158,3.138,24.862,28,0.8879,0
2026-08-15 14:00:00,LINE_A,MAT_B,21.132,3.158,3.138,20.862,24,0.8693,0
2026-08-15 14:15:00,LINE_A,MAT_A,24.862,3.001,3.277,24.586,28,0.8781,0
2026-08-15 14:15:00,LINE_A,MAT_B,20.862,3.001,3.277,20.586,24,0.8578,0
2026-08-15 14:30:00,LINE_A,MAT_A,24.586,2.713,3.293,24.006,28,0.8574,0
2026-08-15 14:30:00,LINE_A,MAT_B,20.586,2.713,3.293,20.006,24,0.8336,0
2026-08-15 14:45:00,LINE_A,MAT_A,24.006,3.034,2.923,24.117,28,0.8613,0
2026-08-15 14:45:00,LINE_A,MAT_B,20.006,3.034,2.923,20.117,24,0.8382,0
2026-08-15 15:00:00,LINE_A,MAT_A,24.117,3.04,3.003,24.154,28,0.8626,0
2026-08-15 15:00:00,LINE_A,MAT_B,20.117,3.04,3.003,20.154,24,0.8397,0
2026-08-15 15:15:00,LINE_A,MAT_A,24.154,3.436,2.949,24.641,28,0.88,0
2026-08-15 15:15:00,LINE_A,MAT_B,20.154,3.436,2.949,20.641,24,0.86,0
2026-08-15 15:30:00,LINE_A,MAT_A,24.641,3.023,2.891,24.773,28,0.8848,0
2026-08-15 15:30:00,LINE_A,MAT_B,20.641,3.023,2.891,20.773,24,0.8655,0
2026-08-15 15:45:00,LINE_A,MAT_A,24.773,3.205,3.278,24.7,28,0.8822,0
2026-08-15 15:45:00,LINE_A,MAT_B,20.773,3.205,3.278,20.7,24,0.8625,0
2026-08-15 16:00:00,LINE_A,MAT_A,24.7,3.166,2.682,25.185,28,0.8995,0
2026-08-15 16:00:00,LINE_A,MAT_B,20.7,3.166,2.682,21.185,24,0.8827,0
2026-08-15 16:15:00,LINE_A,MAT_A,25.185,3.317,2.935,25.065,28,0.8952,0
2026-08-15 16:15:00,LINE_A,MAT_B,21.185,3.317,2.935,21.065,24,0.8777,0
2026-08-15 16:30:00,LINE_A,MAT_A,25.065,3.093,3.065,24.935,28,0.8905,0
2026-08-15 16:30:00,LINE_A,MAT_B,21.065,3.093,3.065,20.935,24,0.8723,0
2026-08-15 16:45:00,LINE_A,MAT_A,24.935,3.046,2.982,24.998,28,0.8928,0
2026-08-15 16:45:00,LINE_A,MAT_B,20.935,3.046,2.982,20.998,24,0.8749,0
2026-08-15 17:00:00,LINE_A,MAT_A,24.998,2.879,2.97,24.907,28,0.8895,0
2026-08-15 17:00:00,LINE_A,MAT_B,20.998,2.879,2.97,20.907,24,0.8711,0
2026-08-15 17:15:00,LINE_A,MAT_A,24.907,3.19,2.993,25.007,28,0.8931,0
2026-08-15 17:15:00,LINE_A,MAT_B,20.907,3.19,2.993,21.007,24,0.8753,0
2026-08-15 17:30:00,LINE_A,MAT_A,25.007,3.216,3.311,24.689,28,0.8818,0
2026-08-15 17:30:00,LINE_A,MAT_B,21.007,3.216,3.311,20.689,24,0.862,0
2026-08-15 17:45:00,LINE_A,MAT_A,24.689,2.979,2.941,24.727,28,0.8831,0
2026-08-15 17:45:00,LINE_A,MAT_B,20.689,2.979,2.941,20.727,24,0.8636,0
2026-08-15 18:00:00,LINE_A,MAT_A,24.727,3.048,2.813,24.962,28,0.8915,0
2026-08-15 18:00:00,LINE_A,MAT_B,20.727,3.048,2.813,20.962,24,0.8734,0
2026-08-15 18:15:00,LINE_A,MAT_A,24.962,3.041,3.062,24.938,28,0.8906,0
2026-08-15 18:15:00,LINE_A,MAT_B,20.962,3.041,3.062,20.938,24,0.8724,0
2026-08-15 18:30:00,LINE_A,MAT_A,24.938,2.887,2.766,25.059,28,0.895,0
2026-08-15 18:30:00,LINE_A,MAT_B,20.938,2.887,2.766,21.059,24,0.8775,0
2026-08-15 18:45:00,LINE_A,MAT_A,25.059,3.108,3.017,24.983,28,0.8923,0
2026-08-15 18:45:00,LINE_A,MAT_B,21.059,3.108,3.017,20.983,24,0.8743,0
2026-08-15 19:00:00,LINE_A,MAT_A,24.983,2.516,2.344,25.155,28,0.8984,0
2026-08-15 19:00:00,LINE_A,MAT_B,20.983,2.516,2.344,21.155,24,0.8815,0
2026-08-15 19:15:00,LINE_A,MAT_A,25.155,2.346,2.631,24.87,28,0.8882,0
2026-08-15 19:15:00,LINE_A,MAT_B,21.155,2.346,2.631,20.87,24,0.8696,0
2026-08-15 19:30:00,LINE_A,MAT_A,24.87,2.711,2.965,24.616,28,0.8791,0
2026-08-15 19:30:00,LINE_A,MAT_B,20.87,2.711,2.965,20.616,24,0.859,0
2026-08-15 19:45:00,LINE_A,MAT_A,24.616,3.052,2.722,24.946,28,0.8909,0
2026-08-15 19:45:00,LINE_A,MAT_B,20.616,3.052,2.722,20.946,24,0.8727,0
2026-08-15 20:00:00,LINE_A,MAT_A,24.946,3.069,2.605,25.395,28,0.907,0
2026-08-15 20:00:00,LINE_A,MAT_B,20.946,3.069,2.605,21.395,24,0.8915,0
2026-08-15 20:15:00,LINE_A,MAT_A,25.395,3.06,3.027,24.973,28,0.8919,0
2026-08-15 20:15:00,LINE_A,MAT_B,21.395,3.06,3.027,20.973,24,0.8739,0
2026-08-15 20:30:00,LINE_A,MAT_A,24.973,2.922,2.97,24.926,28,0.8902,0
2026-08-15 20:30:00,LINE_A,MAT_B,20.973,2.922,2.97,20.926,24,0.8719,0
2026-08-15 20:45:00,LINE_A,MAT_A,24.926,3.046,2.883,25.089,28,0.896,0
2026-08-15 20:45:00,LINE_A,MAT_B,20.926,3.046,2.883,21.089,24,0.8787,0
2026-08-15 21:00:00,LINE_A,MAT_A,25.089,2.879,3.155,24.814,28,0.8862,0
2026-08-15 21:00:00,LINE_A,MAT_B,21.089,2.879,3.155,20.814,24,0.8672,0
2026-08-15 21:15:00,LINE_A,MAT_A,24.814,2.939,2.905,24.848,28,0.8874,0
2026-08-15 21:15:00,LINE_A,MAT_B,20.814,2.939,2.905,20.848,24,0.8687,0
2026-08-15 21:30:00,LINE_A,MAT_A,24.848,2.923,2.694,25.077,28,0.8956,0
2026-08-15 21:30:00,LINE_A,MAT_B,20.848,2.923,2.694,21.077,24,0.8782,0
2026-08-15 21:45:00,LINE_A,MAT_A,25.077,2.831,2.637,25.271,28,0.9025,0
2026-08-15 21:45:00,LINE_A,MAT_B,21.077,2.831,2.637,21.271,24,0.8863,0
2026-08-15 22:00:00,LINE_A,MAT_A,25.271,2.232,2.084,25.418,28,0.9078,0
2026-08-15 22:00:00,LINE_A,MAT_B,21.271,2.232,2.084,21.418,24,0.8924,0
2026-08-15 22:15:00,LINE_A,MAT_A,25.418,2.244,2.399,25.264,28,0.9023,0
2026-08-15 22:15:00,LINE_A,MAT_B,21.418,2.244,2.399,21.264,24,0.886,0
2026-08-15 22:30:00,LINE_A,MAT_A,25.264,2.419,2.299,25.384,28,0.9066,0
2026-08-15 22:30:00,LINE_A,MAT_B,21.264,2.419,2.299,21.384,24,0.891,0
2026-08-15 22:45:00,LINE_A,MAT_A,25.384,2.26,2.145,25.499,28,0.9107,0
2026-08-15 22:45:00,LINE_A,MAT_B,21.384,2.26,2.145,21.499,24,0.8958,0
2026-08-15 23:00:00,LINE_A,MAT_A,25.499,2.065,2.316,25.248,28,0.9017,0
2026-08-15 23:00:00,LINE_A,MAT_B,21.499,2.065,2.316,21.248,24,0.8853,0
2026-08-15 23:15:00,LINE_A,MAT_A,25.248,2.154,2.235,25.167,28,0.8988,0
2026-08-15 23:15:00,LINE_A,MAT_B,21.248,2.154,2.235,21.167,24,0.8819,0
2026-08-15 23:30:00,LINE_A,MAT_A,25.167,1.994,2.169,24.991,28,0.8926,0
2026-08-15 23:30:00,LINE_A,MAT_B,21.167,1.994,2.169,20.991,24,0.8746,0
2026-08-15 23:45:00,LINE_A,MAT_A,24.991,2.227,2.209,25.01,28,0.8932,0
2026-08-15 23:45:00,LINE_A,MAT_B,20.991,2.227,2.209,21.01,24,0.8754,0
2026-08-16 00:00:00,LINE_A,MAT_A,25.01,2.286,2.159,25.137,28,0.8977,0
2026-08-16 00:00:00,LINE_A,MAT_B,21.01,2.286,2.159,21.137,24,0.8807,0
2026-08-16 00:15:00,LINE_A,MAT_A,25.137,2.423,2.279,25.281,28,0.9029,0
2026-08-16 00:15:00,LINE_A,MAT_B,21.137,2.423,2.279,21.281,24,0.8867,0
2026-08-16 00:30:00,LINE_A,MAT_A,25.281,2.411,2.151,25.541,28,0.9122,0
2026-08-16 00:30:00,LINE_A,MAT_B,21.281,2.411,2.151,21.541,24,0.8975,0
2026-08-16 00:45:00,LINE_A,MAT_A,25.541,2.051,2.238,25.354,28,0.9055,0
2026-08-16 00:45:00,LINE_A,MAT_B,21.541,2.051,2.238,21.354,24,0.8897,0
2026-08-16 01:00:00,LINE_A,MAT_A,25.354,2.269,2.242,25.38,28,0.9064,0
2026-08-16 01:00:00,LINE_A,MAT_B,21.354,2.269,2.242,21.38,24,0.8908,0
2026-08-16 01:15:00,LINE_A,MAT_A,25.38,1.818,2.128,25.069,28,0.8953,0
2026-08-16 01:15:00,LINE_A,MAT_B,21.38,1.818,2.128,21.069,24,0.8779,0
2026-08-16 01:30:00,LINE_A,MAT_A,25.069,2.254,2.222,25.102,28,0.8965,0
2026-08-16 01:30:00,LINE_A,MAT_B,21.069,2.254,2.222,21.102,24,0.8792,0
2026-08-16 01:45:00,LINE_A,MAT_A,25.102,1.714,2.391,24.425,28,0.8723,0
2026-08-16 01:45:00,LINE_A,MAT_B,21.102,1.714,2.391,20.425,24,0.851,0
2026-08-16 02:00:00,LINE_A,MAT_A,24.425,2.0,2.154,24.271,28,0.8668,0
2026-08-16 02:00:00,LINE_A,MAT_B,20.425,2.0,2.154,20.271,24,0.8446,0
2026-08-16 02:15:00,LINE_A,MAT_A,24.271,2.1,2.29,24.081,28,0.86,0
2026-08-16 02:15:00,LINE_A,MAT_B,20.271,2.1,2.29,20.081,24,0.8367,0
2026-08-16 02:30:00,LINE_A,MAT_A,24.081,2.274,2.241,24.114,28,0.8612,0
2026-08-16 02:30:00,LINE_A,MAT_B,20.081,2.274,2.241,20.114,24,0.8381,0
2026-08-16 02:45:00,LINE_A,MAT_A,24.114,2.182,2.377,23.919,28,0.8542,0
2026-08-16 02:45:00,LINE_A,MAT_B,20.114,2.182,2.377,19.919,24,0.8299,0
2026-08-16 03:00:00,LINE_A,MAT_A,23.919,2.059,2.347,23.63,28,0.8439,0
2026-08-16 03:00:00,LINE_A,MAT_B,19.919,2.059,2.347,19.63,24,0.8179,0
2026-08-16 03:15:00,LINE_A,MAT_A,23.63,2.38,2.04,23.97,28,0.8561,0
2026-08-16 03:15:00,LINE_A,MAT_B,19.63,2.38,2.04,19.97,24,0.8321,0
2026-08-16 03:30:00,LINE_A,MAT_A,23.97,2.245,2.183,24.032,28,0.8583,0
2026-08-16 03:30:00,LINE_A,MAT_B,19.97,2.245,2.183,20.032,24,0.8347,0
2026-08-16 03:45:00,LINE_A,MAT_A,24.032,2.215,2.309,23.937,28,0.8549,0
2026-08-16 03:45:00,LINE_A,MAT_B,20.032,2.215,2.309,19.937,24,0.8307,0
2026-08-16 04:00:00,LINE_A,MAT_A,23.937,2.102,2.296,23.743,28,0.848,0
2026-08-16 04:00:00,LINE_A,MAT_B,19.937,2.102,2.296,19.743,24,0.8226,0
2026-08-16 04:15:00,LINE_A,MAT_A,23.743,1.93,2.126,23.548,28,0.841,0
2026-08-16 04:15:00,LINE_A,MAT_B,19.743,1.93,2.126,19.548,24,0.8145,0
2026-08-16 04:30:00,LINE_A,MAT_A,23.548,2.094,2.272,23.37,28,0.8346,0
2026-08-16 04:30:00,LINE_A,MAT_B,19.548,2.094,2.272,19.37,24,0.8071,0
2026-08-16 04:45:00,LINE_A,MAT_A,23.37,2.293,1.964,23.699,28,0.8464,0
2026-08-16 04:45:00,LINE_A,MAT_B,19.37,2.293,1.964,19.699,24,0.8208,0
2026-08-16 05:00:00,LINE_A,MAT_A,23.699,2.266,2.466,23.498,28,0.8392,0
2026-08-16 05:00:00,LINE_A,MAT_B,19.699,2.266,2.466,19.498,24,0.8124,0
2026-08-16 05:15:00,LINE_A,MAT_A,23.498,2.277,2.285,23.49,28,0.8389,0
2026-08-16 05:15:00,LINE_A,MAT_B,19.498,2.277,2.285,19.49,24,0.8121,0
2026-08-16 05:30:00,LINE_A,MAT_A,23.49,2.128,1.963,23.655,28,0.8448,0
2026-08-16 05:30:00,LINE_A,MAT_B,19.49,2.128,1.963,19.655,24,0.819,0
2026-08-16 05:45:00,LINE_A,MAT_A,23.655,2.308,2.15,23.814,28,0.8505,0
2026-08-16 05:45:00,LINE_A,MAT_B,19.655,2.308,2.15,19.814,24,0.8256,0
2026-08-16 06:00:00,LINE_A,MAT_A,23.814,2.998,2.73,24.082,28,0.8601,0
2026-08-16 06:00:00,LINE_A,MAT_B,19.814,2.998,2.73,20.082,24,0.8367,0
2026-08-16 06:15:00,LINE_A,MAT_A,24.082,3.006,2.714,24.375,28,0.8705,0
2026-08-16 06:15:00,LINE_A,MAT_B,20.082,3.006,2.714,20.375,24,0.8489,0
2026-08-16 06:30:00,LINE_A,MAT_A,24.375,2.755,2.826,24.304,28,0.868,0
2026-08-16 06:30:00,LINE_A,MAT_B,20.375,2.755,2.826,20.304,24,0.846,0
2026-08-16 06:45:00,LINE_A,MAT_A,24.304,2.717,2.769,24.252,28,0.8661,0
2026-08-16 06:45:00,LINE_A,MAT_B,20.304,2.717,2.769,20.252,24,0.8438,0
2026-08-16 07:00:00,LINE_A,MAT_A,24.252,2.778,2.664,24.367,28,0.8702,0
2026-08-16 07:00:00,LINE_A,MAT_B,20.252,2.778,2.664,20.367,24,0.8486,0
2026-08-16 07:15:00,LINE_A,MAT_A,24.367,2.902,2.86,24.409,28,0.8718,0
2026-08-16 07:15:00,LINE_A,MAT_B,20.367,2.902,2.86,20.409,24,0.8504,0
2026-08-16 07:30:00,LINE_A,MAT_A,24.409,2.824,2.552,24.68,28,0.8814,0
2026-08-16 07:30:00,LINE_A,MAT_B,20.409,2.824,2.552,20.68,24,0.8617,0
2026-08-16 07:45:00,LINE_A,MAT_A,24.68,3.019,2.885,24.814,28,0.8862,0
2026-08-16 07:45:00,LINE_A,MAT_B,20.68,3.019,2.885,20.814,24,0.8673,0
2026-08-16 08:00:00,LINE_A,MAT_A,24.814,2.609,2.68,24.744,28,0.8837,0
2026-08-16 08:00:00,LINE_A,MAT_B,20.814,2.609,2.68,20.744,24,0.8643,0
2026-08-16 08:15:00,LINE_A,MAT_A,24.744,2.809,2.713,24.84,28,0.8872,0
2026-08-16 08:15:00,LINE_A,MAT_B,20.744,2.809,2.713,20.84,24,0.8683,0
2026-08-16 08:30:00,LINE_A,MAT_A,24.84,2.749,2.829,24.761,28,0.8843,0
2026-08-16 08:30:00,LINE_A,MAT_B,20.84,2.749,2.829,20.761,24,0.865,0
2026-08-16 08:45:00,LINE_A,MAT_A,24.761,2.759,3.083,24.437,28,0.8727,0
2026-08-16 08:45:00,LINE_A,MAT_B,20.761,2.759,3.083,20.437,24,0.8515,0
2026-08-16 09:00:00,LINE_A,MAT_A,24.437,2.846,2.962,24.321,28,0.8686,0
2026-08-16 09:00:00,LINE_A,MAT_B,20.437,2.846,2.962,20.321,24,0.8467,0
2026-08-16 09:15:00,LINE_A,MAT_A,24.321,2.632,3.078,23.875,28,0.8527,0
2026-08-16 09:15:00,LINE_A,MAT_B,20.321,2.632,3.078,19.875,24,0.8281,0
2026-08-16 09:30:00,LINE_A,MAT_A,23.875,3.096,2.969,24.003,28,0.8572,0
2026-08-16 09:30:00,LINE_A,MAT_B,19.875,3.096,2.969,20.003,24,0.8334,0
2026-08-16 09:45:00,LINE_A,MAT_A,24.003,2.924,3.024,23.903,28,0.8537,0
2026-08-16 09:45:00,LINE_A,MAT_B,20.003,2.924,3.024,19.903,24,0.8293,0
2026-08-16 10:00:00,LINE_A,MAT_A,23.903,2.75,3.008,23.644,28,0.8444,0
2026-08-16 10:00:00,LINE_A,MAT_B,19.903,2.75,3.008,19.644,24,0.8185,0
2026-08-16 10:15:00,LINE_A,MAT_A,23.644,2.724,3.097,23.27,28,0.8311,0
2026-08-16 10:15:00,LINE_A,MAT_B,19.644,2.724,3.097,19.27,24,0.8029,0
2026-08-16 10:30:00,LINE_A,MAT_A,23.27,2.981,2.743,23.509,28,0.8396,0
2026-08-16 10:30:00,LINE_A,MAT_B,19.27,2.981,2.743,19.509,24,0.8129,0
2026-08-16 10:45:00,LINE_A,MAT_A,23.509,2.509,2.868,23.151,28,0.8268,0
2026-08-16 10:45:00,LINE_A,MAT_B,19.509,2.509,2.868,19.151,24,0.798,0
2026-08-16 11:00:00,LINE_A,MAT_A,23.151,2.784,2.853,23.082,28,0.8243,0
2026-08-16 11:00:00,LINE_A,MAT_B,19.151,2.784,2.853,19.082,24,0.7951,0
2026-08-16 11:15:00,LINE_A,MAT_A,23.082,2.753,2.844,22.991,28,0.8211,0
2026-08-16 11:15:00,LINE_A,MAT_B,19.082,2.753,2.844,18.991,24,0.7913,0
2026-08-16 11:30:00,LINE_A,MAT_A,22.991,2.72,2.423,23.288,28,0.8317,0
2026-08-16 11:30:00,LINE_A,MAT_B,18.991,2.72,2.423,19.288,24,0.8037,0
2026-08-16 11:45:00,LINE_A,MAT_A,23.288,2.436,2.507,23.216,28,0.8292,0
2026-08-16 11:45:00,LINE_A,MAT_B,19.288,2.436,2.507,19.216,24,0.8007,0
2026-08-16 12:00:00,LINE_A,MAT_A,23.216,2.842,2.861,23.197,28,0.8285,0
2026-08-16 12:00:00,LINE_A,MAT_B,19.216,2.842,2.861,19.197,24,0.7999,0
2026-08-16 12:15:00,LINE_A,MAT_A,23.197,2.928,2.685,23.44,28,0.8371,0
2026-08-16 12:15:00,LINE_A,MAT_B,19.197,2.928,2.685,19.44,24,0.81,0
2026-08-16 12:30:00,LINE_A,MAT_A,23.44,2.831,3.183,23.088,28,0.8246,0
2026-08-16 12:30:00,LINE_A,MAT_B,19.44,2.831,3.183,19.088,24,0.7953,0
2026-08-16 12:45:00,LINE_A,MAT_A,23.088,2.71,3.019,22.779,28,0.8135,0
2026-08-16 12:45:00,LINE_A,MAT_B,19.088,2.71,3.019,18.779,24,0.7824,0
2026-08-16 13:00:00,LINE_A,MAT_A,22.779,3.132,2.804,23.107,28,0.8252,0
2026-08-16 13:00:00,LINE_A,MAT_B,18.779,3.132,2.804,19.107,24,0.7961,0
2026-08-16 13:15:00,LINE_A,MAT_A,23.107,2.587,3.021,22.673,28,0.8097,0
2026-08-16 13:15:00,LINE_A,MAT_B,19.107,2.587,3.021,18.673,24,0.778,0
2026-08-16 13:30:00,LINE_A,MAT_A,22.673,2.895,2.933,22.635,28,0.8084,0
2026-08-16 13:30:00,LINE_A,MAT_B,18.673,2.895,2.933,18.635,24,0.7765,0
2026-08-16 13:45:00,LINE_A,MAT_A,22.635,2.607,3.08,22.163,28,0.7915,0
2026-08-16 13:45:00,LINE_A,MAT_B,18.635,2.607,3.08,18.163,24,0.7568,0
2026-08-16 14:00:00,LINE_A,MAT_A,22.163,2.805,3.205,21.763,28,0.7772,0
2026-08-16 14:00:00,LINE_A,MAT_B,18.163,2.805,3.205,17.763,24,0.7401,0
2026-08-16 14:15:00,LINE_A,MAT_A,21.763,2.955,2.976,21.741,28,0.7765,0
2026-08-16 14:15:00,LINE_A,MAT_B,17.763,2.955,2.976,17.741,24,0.7392,0
2026-08-16 14:30:00,LINE_A,MAT_A,21.741,3.004,2.775,21.97,28,0.7846,0
2026-08-16 14:30:00,LINE_A,MAT_B,17.741,3.004,2.775,17.97,24,0.7488,0
2026-08-16 14:45:00,LINE_A,MAT_A,21.97,3.153,3.015,22.108,28,0.7896,0
2026-08-16 14:45:00,LINE_A,MAT_B,17.97,3.153,3.015,18.108,24,0.7545,0
2026-08-16 15:00:00,LINE_A,MAT_A,22.108,2.829,3.005,21.932,28,0.7833,0
2026-08-16 15:00:00,LINE_A,MAT_B,18.108,2.829,3.005,17.932,24,0.7472,0
2026-08-16 15:15:00,LINE_A,MAT_A,21.932,3.117,2.97,22.079,28,0.7886,0
2026-08-16 15:15:00,LINE_A,MAT_B,17.932,3.117,2.97,18.079,24,0.7533,0
2026-08-16 15:30:00,LINE_A,MAT_A,22.079,3.267,2.738,22.608,28,0.8074,0
2026-08-16 15:30:00,LINE_A,MAT_B,18.079,3.267,2.738,18.608,24,0.7753,0
2026-08-16 15:45:00,LINE_A,MAT_A,22.608,2.772,2.976,22.404,28,0.8001,0
2026-08-16 15:45:00,LINE_A,MAT_B,18.608,2.772,2.976,18.404,24,0.7668,0
2026-08-16 16:00:00,LINE_A,MAT_A,22.404,2.84,3.288,21.956,28,0.7841,0
2026-08-16 16:00:00,LINE_A,MAT_B,18.404,2.84,3.288,17.956,24,0.7482,0
2026-08-16 16:15:00,LINE_A,MAT_A,21.956,2.917,2.915,21.958,28,0.7842,0
2026-08-16 16:15:00,LINE_A,MAT_B,17.956,2.917,2.915,17.958,24,0.7482,0
2026-08-16 16:30:00,LINE_A,MAT_A,21.958,2.699,3.013,21.644,28,0.773,0
2026-08-16 16:30:00,LINE_A,MAT_B,17.958,2.699,3.013,17.644,24,0.7352,0
2026-08-16 16:45:00,LINE_A,MAT_A,21.644,2.748,3.032,21.36,28,0.7629,0
2026-08-16 16:45:00,LINE_A,MAT_B,17.644,2.748,3.032,17.36,24,0.7233,0
2026-08-16 17:00:00,LINE_A,MAT_A,21.36,3.321,3.284,21.397,28,0.7642,0
2026-08-16 17:00:00,LINE_A,MAT_B,17.36,3.321,3.284,17.397,24,0.7249,0
2026-08-16 17:15:00,LINE_A,MAT_A,21.397,2.987,2.838,21.546,28,0.7695,0
2026-08-16 17:15:00,LINE_A,MAT_B,17.397,2.987,2.838,17.546,24,0.7311,0
2026-08-16 17:30:00,LINE_A,MAT_A,21.546,2.815,3.069,21.292,28,0.7604,0
2026-08-16 17:30:00,LINE_A,MAT_B,17.546,2.815,3.069,17.292,24,0.7205,0
2026-08-16 17:45:00,LINE_A,MAT_A,21.292,2.729,2.896,21.125,28,0.7545,0
2026-08-16 17:45:00,LINE_A,MAT_B,17.292,2.729,2.896,17.125,24,0.7135,0
2026-08-16 18:00:00,LINE_A,MAT_A,21.125,2.865,3.062,20.928,28,0.7474,0
2026-08-16 18:00:00,LINE_A,MAT_B,17.125,2.865,3.062,16.928,24,0.7053,0
2026-08-16 18:15:00,LINE_A,MAT_A,20.928,2.9,2.808,21.02,28,0.7507,0
2026-08-16 18:15:00,LINE_A,MAT_B,16.928,2.9,2.808,17.02,24,0.7092,0
2026-08-16 18:30:00,LINE_A,MAT_A,21.02,2.849,2.958,20.911,28,0.7468,0
2026-08-16 18:30:00,LINE_A,MAT_B,17.02,2.849,2.958,16.911,24,0.7046,0
2026-08-16 18:45:00,LINE_A,MAT_A,20.911,2.77,2.832,20.848,28,0.7446,0
2026-08-16 18:45:00,LINE_A,MAT_B,16.911,2.77,2.832,16.848,24,0.702,0
2026-08-16 19:00:00,LINE_A,MAT_A,20.848,2.65,2.615,20.883,28,0.7458,0
2026-08-16 19:00:00,LINE_A,MAT_B,16.848,2.65,2.615,16.883,24,0.7035,0
2026-08-16 19:15:00,LINE_A,MAT_A,20.883,2.442,2.518,20.808,28,0.7431,0
2026-08-16 19:15:00,LINE_A,MAT_B,16.883,2.442,2.518,16.808,24,0.7003,0
2026-08-16 19:30:00,LINE_A,MAT_A,20.808,2.624,2.626,20.805,28,0.743,0
2026-08-16 19:30:00,LINE_A,MAT_B,16.808,2.624,2.626,16.805,24,0.7002,0
2026-08-16 19:45:00,LINE_A,MAT_A,20.805,3.193,2.862,21.136,28,0.7549,0
2026-08-16 19:45:00,LINE_A,MAT_B,16.805,3.193,2.862,17.136,24,0.714,0
2026-08-16 20:00:00,LINE_A,MAT_A,21.136,2.987,2.964,21.159,28,0.7557,0
2026-08-16 20:00:00,LINE_A,MAT_B,17.136,2.987,2.964,17.159,24,0.7149,0
2026-08-16 20:15:00,LINE_A,MAT_A,21.159,2.813,3.014,20.958,28,0.7485,0
2026-08-16 20:15:00,LINE_A,MAT_B,17.159,2.813,3.014,16.958,24,0.7066,0
2026-08-16 20:30:00,LINE_A,MAT_A,20.958,2.74,2.903,20.795,28,0.7427,0
2026-08-16 20:30:00,LINE_A,MAT_B,16.958,2.74,2.903,16.795,24,0.6998,0
2026-08-16 20:45:00,LINE_A,MAT_A,20.795,3.189,2.853,21.131,28,0.7547,0
2026-08-16 20:45:00,LINE_A,MAT_B,16.795,3.189,2.853,17.131,24,0.7138,0
2026-08-16 21:00:00,LINE_A,MAT_A,21.131,2.987,3.027,21.091,28,0.7533,0
2026-08-16 21:00:00,LINE_A,MAT_B,17.131,2.987,3.027,17.091,24,0.7121,0
2026-08-16 21:15:00,LINE_A,MAT_A,21.091,2.728,2.929,20.891,28,0.7461,0
2026-08-16 21:15:00,LINE_A,MAT_B,17.091,2.728,2.929,16.891,24,0.7038,0
2026-08-16 21:30:00,LINE_A,MAT_A,20.891,3.172,2.938,21.125,28,0.7545,0
2026-08-16 21:30:00,LINE_A,MAT_B,16.891,3.172,2.938,17.125,24,0.7135,0
2026-08-16 21:45:00,LINE_A,MAT_A,21.125,3.014,2.881,21.258,28,0.7592,0
2026-08-16 21:45:00,LINE_A,MAT_B,17.125,3.014,2.881,17.258,24,0.7191,0
2026-08-16 22:00:00,LINE_A,MAT_A,21.258,2.179,2.221,21.216,28,0.7577,0
2026-08-16 22:00:00,LINE_A,MAT_B,17.258,2.179,2.221,17.216,24,0.7173,0
2026-08-16 22:15:00,LINE_A,MAT_A,21.216,2.051,2.183,21.085,28,0.753,0
2026-08-16 22:15:00,LINE_A,MAT_B,17.216,2.051,2.183,17.085,24,0.7119,0
2026-08-16 22:30:00,LINE_A,MAT_A,21.085,2.244,2.314,21.015,28,0.7505,0
2026-08-16 22:30:00,LINE_A,MAT_B,17.085,2.244,2.314,17.015,24,0.7089,0
2026-08-16 22:45:00,LINE_A,MAT_A,21.015,1.977,2.302,20.689,28,0.7389,0
2026-08-16 22:45:00,LINE_A,MAT_B,17.015,1.977,2.302,16.689,24,0.6954,0
2026-08-16 23:00:00,LINE_A,MAT_A,20.689,2.003,2.065,20.627,28,0.7367,0
2026-08-16 23:00:00,LINE_A,MAT_B,16.689,2.003,2.065,16.627,24,0.6928,0
2026-08-16 23:15:00,LINE_A,MAT_A,20.627,2.009,2.06,20.576,28,0.7349,0
2026-08-16 23:15:00,LINE_A,MAT_B,16.627,2.009,2.06,16.576,24,0.6907,0
2026-08-16 23:30:00,LINE_A,MAT_A,20.576,2.315,2.197,20.693,28,0.739,0
2026-08-16 23:30:00,LINE_A,MAT_B,16.576,2.315,2.197,16.693,24,0.6955,0
2026-08-16 23:45:00,LINE_A,MAT_A,20.693,1.72,2.218,20.195,28,0.7213,0
2026-08-16 23:45:00,LINE_A,MAT_B,16.693,1.72,2.218,16.195,24,0.6748,0
2026-08-17 00:00:00,LINE_A,MAT_A,20.195,2.505,2.65,20.05,28,0.7161,0
2026-08-17 00:00:00,LINE_A,MAT_B,16.195,2.505,2.65,16.05,24,0.6688,0
2026-08-17 00:15:00,LINE_A,MAT_A,20.05,2.768,2.653,20.166,28,0.7202,0
2026-08-17 00:15:00,LINE_A,MAT_B,16.05,2.768,2.653,16.166,24,0.6736,0
2026-08-17 00:30:00,LINE_A,MAT_A,20.166,2.67,2.781,20.055,28,0.7162,0
2026-08-17 00:30:00,LINE_A,MAT_B,16.166,2.67,2.781,16.055,24,0.6689,0
2026-08-17 00:45:00,LINE_A,MAT_A,20.055,2.558,2.738,19.874,28,0.7098,0
2026-08-17 00:45:00,LINE_A,MAT_B,16.055,2.558,2.738,15.874,24,0.6614,0
2026-08-17 01:00:00,LINE_A,MAT_A,19.874,2.69,2.721,19.843,28,0.7087,0
2026-08-17 01:00:00,LINE_A,MAT_B,15.874,2.69,2.721,15.843,24,0.6601,0
2026-08-17 01:15:00,LINE_A,MAT_A,19.843,2.566,2.923,19.486,28,0.6959,0
2026-08-17 01:15:00,LINE_A,MAT_B,15.843,2.566,2.923,15.486,24,0.6453,0
2026-08-17 01:30:00,LINE_A,MAT_A,19.486,2.937,2.48,19.943,28,0.7123,0
2026-08-17 01:30:00,LINE_A,MAT_B,15.486,2.937,2.48,15.943,24,0.6643,0
2026-08-17 01:45:00,LINE_A,MAT_A,19.943,2.459,2.851,19.551,28,0.6983,0
2026-08-17 01:45:00,LINE_A,MAT_B,15.943,2.459,2.851,15.551,24,0.648,0
2026-08-17 02:00:00,LINE_A,MAT_A,19.551,2.658,2.536,19.674,28,0.7026,0
2026-08-17 02:00:00,LINE_A,MAT_B,15.551,2.658,2.536,15.674,24,0.6531,0
2026-08-17 02:15:00,LINE_A,MAT_A,19.674,2.888,2.855,19.707,28,0.7038,0
2026-08-17 02:15:00,LINE_A,MAT_B,15.674,2.888,2.855,15.707,24,0.6545,0
2026-08-17 02:30:00,LINE_A,MAT_A,19.707,2.233,2.735,19.205,28,0.6859,0
2026-08-17 02:30:00,LINE_A,MAT_B,15.707,2.233,2.735,15.205,24,0.6335,0
2026-08-17 02:45:00,LINE_A,MAT_A,19.205,2.94,2.64,19.505,28,0.6966,0
2026-08-17 02:45:00,LINE_A,MAT_B,15.205,2.94,2.64,15.505,24,0.646,0
2026-08-17 03:00:00,LINE_A,MAT_A,19.505,2.664,2.693,19.477,28,0.6956,0
2026-08-17 03:00:00,LINE_A,MAT_B,15.505,2.664,2.693,15.477,24,0.6449,0
2026-08-17 03:15:00,LINE_A,MAT_A,19.477,2.822,2.516,19.783,28,0.7065,0
2026-08-17 03:15:00,LINE_A,MAT_B,15.477,2.822,2.516,15.783,24,0.6576,0
2026-08-17 03:30:00,LINE_A,MAT_A,19.783,2.657,2.806,19.633,28,0.7012,0
2026-08-17 03:30:00,LINE_A,MAT_B,15.783,2.657,2.806,15.633,24,0.6514,0
2026-08-17 03:45:00,LINE_A,MAT_A,19.633,2.469,2.621,19.481,28,0.6958,0
2026-08-17 03:45:00,LINE_A,MAT_B,15.633,2.469,2.621,15.481,24,0.645,0
2026-08-17 04:00:00,LINE_A,MAT_A,19.481,2.539,2.65,19.37,28,0.6918,0
2026-08-17 04:00:00,LINE_A,MAT_B,15.481,2.539,2.65,15.37,24,0.6404,0
2026-08-17 04:15:00,LINE_A,MAT_A,19.37,2.722,2.881,19.211,28,0.6861,0
2026-08-17 04:15:00,LINE_A,MAT_B,15.37,2.722,2.881,15.211,24,0.6338,0
2026-08-17 04:30:00,LINE_A,MAT_A,19.211,2.725,2.943,18.993,28,0.6783,0
2026-08-17 04:30:00,LINE_A,MAT_B,15.211,2.725,2.943,14.993,24,0.6247,0
2026-08-17 04:45:00,LINE_A,MAT_A,18.993,2.473,2.823,18.643,28,0.6658,0
2026-08-17 04:45:00,LINE_A,MAT_B,14.993,2.473,2.823,14.643,24,0.6101,0
2026-08-17 05:00:00,LINE_A,MAT_A,18.643,2.5,2.403,18.74,28,0.6693,0
2026-08-17 05:00:00,LINE_A,MAT_B,14.643,2.5,2.403,14.74,24,0.6142,0
2026-08-17 05:15:00,LINE_A,MAT_A,18.74,2.729,2.637,18.831,28,0.6726,0
2026-08-17 05:15:00,LINE_A,MAT_B,14.74,2.729,2.637,14.831,24,0.618,0
2026-08-17 05:30:00,LINE_A,MAT_A,18.831,2.849,2.754,18.926,28,0.6759,0
2026-08-17 05:30:00,LINE_A,MAT_B,14.831,2.849,2.754,14.926,24,0.6219,0
2026-08-17 05:45:00,LINE_A,MAT_A,18.926,2.751,2.802,18.875,28,0.6741,0
2026-08-17 05:45:00,LINE_A,MAT_B,14.926,2.751,2.802,14.875,24,0.6198,0
2026-08-17 06:00:00,LINE_A,MAT_A,18.875,3.267,3.411,18.731,28,0.669,0
2026-08-17 06:00:00,LINE_A,MAT_B,14.875,3.267,3.411,14.731,24,0.6138,0
2026-08-17 06:15:00,LINE_A,MAT_A,18.731,3.302,3.351,18.682,28,0.6672,0
2026-08-17 06:15:00,LINE_A,MAT_B,14.731,3.302,3.351,14.682,24,0.6117,0
2026-08-17 06:30:00,LINE_A,MAT_A,18.682,3.389,3.358,18.712,28,0.6683,0
2026-08-17 06:30:00,LINE_A,MAT_B,14.682,3.389,3.358,14.712,24,0.613,0
2026-08-17 06:45:00,LINE_A,MAT_A,18.712,3.184,3.249,18.647,28,0.666,0
2026-08-17 06:45:00,LINE_A,MAT_B,14.712,3.184,3.249,14.647,24,0.6103,0
2026-08-17 07:00:00,LINE_A,MAT_A,18.647,3.331,3.399,18.579,28,0.6635,0
2026-08-17 07:00:00,LINE_A,MAT_B,14.647,3.331,3.399,14.579,24,0.6075,0
2026-08-17 07:15:00,LINE_A,MAT_A,18.579,3.534,3.267,18.846,28,0.6731,0
2026-08-17 07:15:00,LINE_A,MAT_B,14.579,3.534,3.267,14.846,24,0.6186,0
2026-08-17 07:30:00,LINE_A,MAT_A,18.846,3.403,3.458,18.791,28,0.6711,0
2026-08-17 07:30:00,LINE_A,MAT_B,14.846,3.403,3.458,14.791,24,0.6163,0
2026-08-17 07:45:00,LINE_A,MAT_A,18.791,3.213,3.229,18.775,28,0.6705,0
2026-08-17 07:45:00,LINE_A,MAT_B,14.791,3.213,3.229,14.775,24,0.6156,0
2026-08-17 08:00:00,LINE_A,MAT_A,18.775,3.531,3.441,18.865,28,0.6737,0
2026-08-17 08:00:00,LINE_A,MAT_B,14.775,3.531,3.441,14.865,24,0.6194,0
2026-08-17 08:15:00,LINE_A,MAT_A,18.865,3.508,3.246,19.128,28,0.6831,0
2026-08-17 08:15:00,LINE_A,MAT_B,14.865,3.508,3.246,15.128,24,0.6303,0
2026-08-17 08:30:00,LINE_A,MAT_A,19.128,3.577,3.314,19.391,28,0.6925,0
2026-08-17 08:30:00,LINE_A,MAT_B,15.128,3.577,3.314,15.391,24,0.6413,0
2026-08-17 08:45:00,LINE_A,MAT_A,19.391,3.321,3.322,19.39,28,0.6925,0
2026-08-17 08:45:00,LINE_A,MAT_B,15.391,3.321,3.322,15.39,24,0.6412,0
2026-08-17 09:00:00,LINE_A,MAT_A,19.39,3.434,3.363,19.461,28,0.695,0
2026-08-17 09:00:00,LINE_A,MAT_B,15.39,3.434,3.363,15.461,24,0.6442,0
2026-08-17 09:15:00,LINE_A,MAT_A,19.461,3.405,3.623,19.243,28,0.6872,0
2026-08-17 09:15:00,LINE_A,MAT_B,15.461,3.405,3.623,15.243,24,0.6351,0
2026-08-17 09:30:00,LINE_A,MAT_A,19.243,3.433,3.567,19.109,28,0.6825,0
2026-08-17 09:30:00,LINE_A,MAT_B,15.243,3.433,3.567,15.109,24,0.6295,0
2026-08-17 09:45:00,LINE_A,MAT_A,19.109,3.476,3.582,19.002,28,0.6787,0
2026-08-17 09:45:00,LINE_A,MAT_B,15.109,3.476,3.582,15.002,24,0.6251,0
2026-08-17 10:00:00,LINE_A,MAT_A,19.002,3.523,3.394,19.131,28,0.6833,0
2026-08-17 10:00:00,LINE_A,MAT_B,15.002,3.523,3.394,15.131,24,0.6305,0
2026-08-17 10:15:00,LINE_A,MAT_A,19.131,3.57,3.674,19.027,28,0.6795,0
2026-08-17 10:15:00,LINE_A,MAT_B,15.131,3.57,3.674,15.027,24,0.6261,0
2026-08-17 10:30:00,LINE_A,MAT_A,19.027,3.4,3.493,18.934,28,0.6762,0
2026-08-17 10:30:00,LINE_A,MAT_B,15.027,3.4,3.493,14.934,24,0.6222,0
2026-08-17 10:45:00,LINE_A,MAT_A,18.934,3.361,3.49,18.805,28,0.6716,0
2026-08-17 10:45:00,LINE_A,MAT_B,14.934,3.361,3.49,14.805,24,0.6169,0
2026-08-17 11:00:00,LINE_A,MAT_A,18.805,3.985,3.711,19.079,28,0.6814,0
2026-08-17 11:00:00,LINE_A,MAT_B,14.805,3.985,3.711,15.079,24,0.6283,0
2026-08-17 11:15:00,LINE_A,MAT_A,19.079,3.318,3.578,18.819,28,0.6721,0
2026-08-17 11:15:00,LINE_A,MAT_B,15.079,3.318,3.578,14.819,24,0.6175,0
2026-08-17 11:30:00,LINE_A,MAT_A,18.819,3.081,3.258,18.642,28,0.6658,0
2026-08-17 11:30:00,LINE_A,MAT_B,14.819,3.081,3.258,14.642,24,0.6101,0
2026-08-17 11:45:00,LINE_A,MAT_A,18.642,2.834,3.112,18.363,28,0.6558,0
2026-08-17 11:45:00,LINE_A,MAT_B,14.642,2.834,3.112,14.363,24,0.5985,0
2026-08-17 12:00:00,LINE_A,MAT_A,18.363,3.619,3.457,18.526,28,0.6616,0
2026-08-17 12:00:00,LINE_A,MAT_B,14.363,3.619,3.457,14.526,24,0.6052,0
2026-08-17 12:15:00,LINE_A,MAT_A,18.526,3.585,3.38,18.731,28,0.669,0
2026-08-17 12:15:00,LINE_A,MAT_B,14.526,3.585,3.38,14.731,24,0.6138,0
2026-08-17 12:30:00,LINE_A,MAT_A,18.731,3.741,3.579,18.894,28,0.6748,0
2026-08-17 12:30:00,LINE_A,MAT_B,14.731,3.741,3.579,14.894,24,0.6206,0
2026-08-17 12:45:00,LINE_A,MAT_A,18.894,3.77,3.419,19.244,28,0.6873,0
2026-08-17 12:45:00,LINE_A,MAT_B,14.894,3.77,3.419,15.244,24,0.6352,0
2026-08-17 13:00:00,LINE_A,MAT_A,19.244,3.308,3.569,18.983,28,0.678,0
2026-08-17 13:00:00,LINE_A,MAT_B,15.244,3.308,3.569,14.983,24,0.6243,0
2026-08-17 13:15:00,LINE_A,MAT_A,18.983,3.37,3.523,18.83,28,0.6725,0
2026-08-17 13:15:00,LINE_A,MAT_B,14.983,3.37,3.523,14.83,24,0.6179,0
2026-08-17 13:30:00,LINE_A,MAT_A,18.83,3.519,3.374,18.976,28,0.6777,0
2026-08-17 13:30:00,LINE_A,MAT_B,14.83,3.519,3.374,14.976,24,0.624,0
2026-08-17 13:45:00,LINE_A,MAT_A,18.976,3.739,3.752,18.963,28,0.6772,0
2026-08-17 13:45:00,LINE_A,MAT_B,14.976,3.739,3.752,14.963,24,0.6234,0
2026-08-17 14:00:00,LINE_A,MAT_A,18.963,3.645,3.683,18.925,28,0.6759,0
2026-08-17 14:00:00,LINE_A,MAT_B,14.963,3.645,3.683,14.925,24,0.6219,0
2026-08-17 14:15:00,LINE_A,MAT_A,18.925,3.268,3.779,18.414,28,0.6576,0
2026-08-17 14:15:00,LINE_A,MAT_B,14.925,3.268,3.779,14.414,24,0.6006,0
2026-08-17 14:30:00,LINE_A,MAT_A,18.414,4.526,3.632,19.308,28,0.6896,0
2026-08-17 14:30:00,LINE_A,MAT_B,14.414,4.526,3.632,15.308,24,0.6378,0
2026-08-17 14:45:00,LINE_A,MAT_A,19.308,3.895,3.706,19.497,28,0.6963,0
2026-08-17 14:45:00,LINE_A,MAT_B,15.308,3.895,3.706,15.497,24,0.6457,0
2026-08-17 15:00:00,LINE_A,MAT_A,19.497,3.873,3.763,19.607,28,0.7002,0
2026-08-17 15:00:00,LINE_A,MAT_B,15.497,3.873,3.763,15.607,24,0.6503,0
2026-08-17 15:15:00,LINE_A,MAT_A,19.607,3.822,3.647,19.783,28,0.7065,0
2026-08-17 15:15:00,LINE_A,MAT_B,15.607,3.822,3.647,15.783,24,0.6576,0
2026-08-17 15:30:00,LINE_A,MAT_A,19.783,3.918,3.933,19.767,28,0.706,0
2026-08-17 15:30:00,LINE_A,MAT_B,15.783,3.918,3.933,15.767,24,0.657,0
2026-08-17 15:45:00,LINE_A,MAT_A,19.767,3.665,3.932,19.499,28,0.6964,0
2026-08-17 15:45:00,LINE_A,MAT_B,15.767,3.665,3.932,15.499,24,0.6458,0
2026-08-17 16:00:00,LINE_A,MAT_A,19.499,3.781,3.876,19.404,28,0.693,0
2026-08-17 16:00:00,LINE_A,MAT_B,15.499,3.781,3.876,15.404,24,0.6418,0
2026-08-17 16:15:00,LINE_A,MAT_A,19.404,3.165,3.8,18.768,28,0.6703,0
2026-08-17 16:15:00,LINE_A,MAT_B,15.404,3.165,3.8,14.768,24,0.6154,0
2026-08-17 16:30:00,LINE_A,MAT_A,18.768,3.97,3.49,19.249,28,0.6875,0
2026-08-17 16:30:00,LINE_A,MAT_B,14.768,3.97,3.49,15.249,24,0.6354,0
2026-08-17 16:45:00,LINE_A,MAT_A,19.249,4.037,3.513,19.773,28,0.7062,0
2026-08-17 16:45:00,LINE_A,MAT_B,15.249,4.037,3.513,15.773,24,0.6572,0
2026-08-17 17:00:00,LINE_A,MAT_A,19.773,3.853,3.547,20.079,28,0.7171,0
2026-08-17 17:00:00,LINE_A,MAT_B,15.773,3.853,3.547,16.079,24,0.67,0
2026-08-17 17:15:00,LINE_A,MAT_A,20.079,3.641,3.573,20.147,28,0.7195,0
2026-08-17 17:15:00,LINE_A,MAT_B,16.079,3.641,3.573,16.147,24,0.6728,0
2026-08-17 17:30:00,LINE_A,MAT_A,20.147,3.809,3.541,20.415,28,0.7291,0
2026-08-17 17:30:00,LINE_A,MAT_B,16.147,3.809,3.541,16.415,24,0.684,0
2026-08-17 17:45:00,LINE_A,MAT_A,20.415,3.439,3.525,20.329,28,0.726,0
2026-08-17 17:45:00,LINE_A,MAT_B,16.415,3.439,3.525,16.329,24,0.6804,0
2026-08-17 18:00:00,LINE_A,MAT_A,20.329,3.809,3.594,20.544,28,0.7337,0
2026-08-17 18:00:00,LINE_A,MAT_B,16.329,3.809,3.594,16.544,24,0.6893,0
2026-08-17 18:15:00,LINE_A,MAT_A,20.544,3.93,3.569,20.905,28,0.7466,0
2026-08-17 18:15:00,LINE_A,MAT_B,16.544,3.93,3.569,16.905,24,0.7044,0
2026-08-17 18:30:00,LINE_A,MAT_A,20.905,3.272,3.63,20.546,28,0.7338,0
2026-08-17 18:30:00,LINE_A,MAT_B,16.905,3.272,3.63,16.546,24,0.6894,0
2026-08-17 18:45:00,LINE_A,MAT_A,20.546,4.065,3.575,21.036,28,0.7513,0
2026-08-17 18:45:00,LINE_A,MAT_B,16.546,4.065,3.575,17.036,24,0.7098,0
2026-08-17 19:00:00,LINE_A,MAT_A,21.036,2.704,3.373,20.367,28,0.7274,0
2026-08-17 19:00:00,LINE_A,MAT_B,17.036,2.704,3.373,16.367,24,0.682,0
2026-08-17 19:15:00,LINE_A,MAT_A,20.367,3.047,3.349,20.065,28,0.7166,0
2026-08-17 19:15:00,LINE_A,MAT_B,16.367,3.047,3.349,16.065,24,0.6694,0
2026-08-17 19:30:00,LINE_A,MAT_A,20.065,3.612,3.39,20.288,28,0.7246,0
2026-08-17 19:30:00,LINE_A,MAT_B,16.065,3.612,3.39,16.288,24,0.6786,0
2026-08-17 19:45:00,LINE_A,MAT_A,20.288,3.764,3.676,20.376,28,0.7277,0
2026-08-17 19:45:00,LINE_A,MAT_B,16.288,3.764,3.676,16.376,24,0.6823,0
2026-08-17 20:00:00,LINE_A,MAT_A,20.376,3.593,3.276,20.692,28,0.739,0
2026-08-17 20:00:00,LINE_A,MAT_B,16.376,3.593,3.276,16.692,24,0.6955,0
2026-08-17 20:15:00,LINE_A,MAT_A,20.692,3.665,3.518,20.84,28,0.7443,0
2026-08-17 20:15:00,LINE_A,MAT_B,16.692,3.665,3.518,16.84,24,0.7017,0
2026-08-17 20:30:00,LINE_A,MAT_A,20.84,3.693,3.436,21.097,28,0.7535,0
2026-08-17 20:30:00,LINE_A,MAT_B,16.84,3.693,3.436,17.097,24,0.7124,0
2026-08-17 20:45:00,LINE_A,MAT_A,21.097,3.292,3.455,20.934,28,0.7476,0
2026-08-17 20:45:00,LINE_A,MAT_B,17.097,3.292,3.455,16.934,24,0.7056,0
2026-08-17 21:00:00,LINE_A,MAT_A,20.934,3.755,3.33,21.359,28,0.7628,0
2026-08-17 21:00:00,LINE_A,MAT_B,16.934,3.755,3.33,17.359,24,0.7233,0
2026-08-17 21:15:00,LINE_A,MAT_A,21.359,3.262,3.645,20.977,28,0.7492,0
2026-08-17 21:15:00,LINE_A,MAT_B,17.359,3.262,3.645,16.977,24,0.7074,0
2026-08-17 21:30:00,LINE_A,MAT_A,20.977,3.679,3.225,21.431,28,0.7654,0
2026-08-17 21:30:00,LINE_A,MAT_B,16.977,3.679,3.225,17.431,24,0.7263,0
2026-08-17 21:45:00,LINE_A,MAT_A,21.431,3.704,3.57,21.565,28,0.7702,0
2026-08-17 21:45:00,LINE_A,MAT_B,17.431,3.704,3.57,17.565,24,0.7319,0
2026-08-17 22:00:00,LINE_A,MAT_A,21.565,2.803,2.906,21.462,28,0.7665,0
2026-08-17 22:00:00,LINE_A,MAT_B,17.565,2.803,2.906,17.462,24,0.7276,0
2026-08-17 22:15:00,LINE_A,MAT_A,21.462,2.769,2.619,21.612,28,0.7719,0
2026-08-17 22:15:00,LINE_A,MAT_B,17.462,2.769,2.619,17.612,24,0.7338,0
2026-08-17 22:30:00,LINE_A,MAT_A,21.612,2.544,2.566,21.589,28,0.771,0
2026-08-17 22:30:00,LINE_A,MAT_B,17.612,2.544,2.566,17.589,24,0.7329,0
2026-08-17 22:45:00,LINE_A,MAT_A,21.589,2.872,2.515,21.946,28,0.7838,0
2026-08-17 22:45:00,LINE_A,MAT_B,17.589,2.872,2.515,17.946,24,0.7478,0
2026-08-17 23:00:00,LINE_A,MAT_A,21.946,2.539,2.544,21.941,28,0.7836,0
2026-08-17 23:00:00,LINE_A,MAT_B,17.946,2.539,2.544,17.941,24,0.7475,0
2026-08-17 23:15:00,LINE_A,MAT_A,21.941,2.656,2.655,21.941,28,0.7836,0
2026-08-17 23:15:00,LINE_A,MAT_B,17.941,2.656,2.655,17.941,24,0.7476,0
2026-08-17 23:30:00,LINE_A,MAT_A,21.941,2.897,2.6,22.238,28,0.7942,0
2026-08-17 23:30:00,LINE_A,MAT_B,17.941,2.897,2.6,18.238,24,0.7599,0
2026-08-17 23:45:00,LINE_A,MAT_A,22.238,2.951,2.663,22.526,28,0.8045,0
2026-08-17 23:45:00,LINE_A,MAT_B,18.238,2.951,2.663,18.526,24,0.7719,0
2026-08-18 00:00:00,LINE_A,MAT_A,22.526,2.643,2.628,22.541,28,0.8051,0
2026-08-18 00:00:00,LINE_A,MAT_B,18.526,2.643,2.628,18.541,24,0.7726,0
2026-08-18 00:15:00,LINE_A,MAT_A,22.541,2.891,2.623,22.809,28,0.8146,0
2026-08-18 00:15:00,LINE_A,MAT_B,18.541,2.891,2.623,18.809,24,0.7837,0
2026-08-18 00:30:00,LINE_A,MAT_A,22.809,2.809,2.596,23.023,28,0.8222,0
2026-08-18 00:30:00,LINE_A,MAT_B,18.809,2.809,2.596,19.023,24,0.7926,0
2026-08-18 00:45:00,LINE_A,MAT_A,23.023,2.767,2.747,23.043,28,0.823,0
2026-08-18 00:45:00,LINE_A,MAT_B,19.023,2.767,2.747,19.043,24,0.7934,0
2026-08-18 01:00:00,LINE_A,MAT_A,23.043,2.801,2.738,23.105,28,0.8252,0
2026-08-18 01:00:00,LINE_A,MAT_B,19.043,2.801,2.738,19.105,24,0.7961,0
2026-08-18 01:15:00,LINE_A,MAT_A,23.105,2.544,2.552,23.098,28,0.8249,0
2026-08-18 01:15:00,LINE_A,MAT_B,19.105,2.544,2.552,19.098,24,0.7957,0
2026-08-18 01:30:00,LINE_A,MAT_A,23.098,2.417,2.71,22.805,28,0.8144,0
2026-08-18 01:30:00,LINE_A,MAT_B,19.098,2.417,2.71,18.805,24,0.7835,0
2026-08-18 01:45:00,LINE_A,MAT_A,22.805,2.933,2.733,23.005,28,0.8216,0
2026-08-18 01:45:00,LINE_A,MAT_B,18.805,2.933,2.733,19.005,24,0.7919,0
2026-08-18 02:00:00,LINE_A,MAT_A,23.005,2.614,2.889,22.729,28,0.8117,0
2026-08-18 02:00:00,LINE_A,MAT_B,19.005,2.614,2.889,18.729,24,0.7804,0
2026-08-18 02:15:00,LINE_A,MAT_A,22.729,2.495,2.652,22.572,28,0.8061,0
2026-08-18 02:15:00,LINE_A,MAT_B,18.729,2.495,2.652,18.572,24,0.7738,0
2026-08-18 02:30:00,LINE_A,MAT_A,22.572,2.627,2.443,22.756,28,0.8127,0
2026-08-18 02:30:00,LINE_A,MAT_B,18.572,2.627,2.443,18.756,24,0.7815,0
2026-08-18 02:45:00,LINE_A,MAT_A,22.756,2.696,2.723,22.729,28,0.8117,0
2026-08-18 02:45:00,LINE_A,MAT_B,18.756,2.696,2.723,18.729,24,0.7804,0
2026-08-18 03:00:00,LINE_A,MAT_A,22.729,2.637,2.462,22.903,28,0.818,0
2026-08-18 03:00:00,LINE_A,MAT_B,18.729,2.637,2.462,18.903,24,0.7876,0
2026-08-18 03:15:00,LINE_A,MAT_A,22.903,2.718,2.752,22.87,28,0.8168,0
2026-08-18 03:15:00,LINE_A,MAT_B,18.903,2.718,2.752,18.87,24,0.7863,0
2026-08-18 03:30:00,LINE_A,MAT_A,22.87,2.757,2.517,23.11,28,0.8253,0
2026-08-18 03:30:00,LINE_A,MAT_B,18.87,2.757,2.517,19.11,24,0.7962,0
2026-08-18 03:45:00,LINE_A,MAT_A,23.11,2.945,2.56,23.494,28,0.8391,0
2026-08-18 03:45:00,LINE_A,MAT_B,19.11,2.945,2.56,19.494,24,0.8123,0
2026-08-18 04:00:00,LINE_A,MAT_A,23.494,2.968,2.746,23.716,28,0.847,0
2026-08-18 04:00:00,LINE_A,MAT_B,19.494,2.968,2.746,19.716,24,0.8215,0
2026-08-18 04:15:00,LINE_A,MAT_A,23.716,2.503,2.51,23.709,28,0.8467,0
2026-08-18 04:15:00,LINE_A,MAT_B,19.716,2.503,2.51,19.709,24,0.8212,0
2026-08-18 04:30:00,LINE_A,MAT_A,23.709,2.724,2.563,23.869,28,0.8525,0
2026-08-18 04:30:00,LINE_A,MAT_B,19.709,2.724,2.563,19.869,24,0.8279,0
2026-08-18 04:45:00,LINE_A,MAT_A,23.869,2.767,2.897,23.739,28,0.8478,0
2026-08-18 04:45:00,LINE_A,MAT_B,19.869,2.767,2.897,19.739,24,0.8225,0
2026-08-18 05:00:00,LINE_A,MAT_A,23.739,2.584,2.737,23.587,28,0.8424,0
2026-08-18 05:00:00,LINE_A,MAT_B,19.739,2.584,2.737,19.587,24,0.8161,0
2026-08-18 05:15:00,LINE_A,MAT_A,23.587,2.978,2.68,23.885,28,0.853,0
2026-08-18 05:15:00,LINE_A,MAT_B,19.587,2.978,2.68,19.885,24,0.8285,0
2026-08-18 05:30:00,LINE_A,MAT_A,23.885,2.922,2.892,23.914,28,0.8541,0
2026-08-18 05:30:00,LINE_A,MAT_B,19.885,2.922,2.892,19.914,24,0.8298,0
2026-08-18 05:45:00,LINE_A,MAT_A,23.914,2.951,2.567,24.297,28,0.8678,0
2026-08-18 05:45:00,LINE_A,MAT_B,19.914,2.951,2.567,20.297,24,0.8457,0
2026-08-18 06:00:00,LINE_A,MAT_A,24.297,3.679,3.259,24.717,28,0.8827,0
2026-08-18 06:00:00,LINE_A,MAT_B,20.297,3.679,3.259,20.717,24,0.8632,0
2026-08-18 06:15:00,LINE_A,MAT_A,24.717,3.406,3.396,24.604,28,0.8787,0
2026-08-18 06:15:00,LINE_A,MAT_B,20.717,3.406,3.396,20.604,24,0.8585,0
2026-08-18 06:30:00,LINE_A,MAT_A,24.604,3.429,3.483,24.517,28,0.8756,0
2026-08-18 06:30:00,LINE_A,MAT_B,20.604,3.429,3.483,20.517,24,0.8549,0
2026-08-18 06:45:00,LINE_A,MAT_A,24.517,3.233,3.388,24.361,28,0.87,0
2026-08-18 06:45:00,LINE_A,MAT_B,20.517,3.233,3.388,20.361,24,0.8484,0
2026-08-18 07:00:00,LINE_A,MAT_A,24.361,3.071,3.458,23.975,28,0.8562,0
2026-08-18 07:00:00,LINE_A,MAT_B,20.361,3.071,3.458,19.975,24,0.8323,0
2026-08-18 07:15:00,LINE_A,MAT_A,23.975,3.625,3.342,24.257,28,0.8663,0
2026-08-18 07:15:00,LINE_A,MAT_B,19.975,3.625,3.342,20.257,24,0.8441,0
2026-08-18 07:30:00,LINE_A,MAT_A,24.257,3.348,3.421,24.185,28,0.8637,0
2026-08-18 07:30:00,LINE_A,MAT_B,20.257,3.348,3.421,20.185,24,0.841,0
2026-08-18 07:45:00,LINE_A,MAT_A,24.185,3.628,3.713,24.1,28,0.8607,0
2026-08-18 07:45:00,LINE_A,MAT_B,20.185,3.628,3.713,20.1,24,0.8375,0
2026-08-18 08:00:00,LINE_A,MAT_A,24.1,3.62,3.183,24.537,28,0.8763,0
2026-08-18 08:00:00,LINE_A,MAT_B,20.1,3.62,3.183,20.537,24,0.8557,0
2026-08-18 08:15:00,LINE_A,MAT_A,24.537,3.3,3.285,24.552,28,0.8768,0
2026-08-18 08:15:00,LINE_A,MAT_B,20.537,3.3,3.285,20.552,24,0.8563,0
2026-08-18 08:30:00,LINE_A,MAT_A,24.552,3.596,3.374,24.626,28,0.8795,0
2026-08-18 08:30:00,LINE_A,MAT_B,20.552,3.596,3.374,20.626,24,0.8594,0
2026-08-18 08:45:00,LINE_A,MAT_A,24.626,3.32,3.703,24.243,28,0.8658,0
2026-08-18 08:45:00,LINE_A,MAT_B,20.626,3.32,3.703,20.243,24,0.8435,0
2026-08-18 09:00:00,LINE_A,MAT_A,24.243,3.537,3.285,24.495,28,0.8748,0
2026-08-18 09:00:00,LINE_A,MAT_B,20.243,3.537,3.285,20.495,24,0.854,0
2026-08-18 09:15:00,LINE_A,MAT_A,24.495,3.631,3.347,24.653,28,0.8805,0
2026-08-18 09:15:00,LINE_A,MAT_B,20.495,3.631,3.347,20.653,24,0.8605,0
2026-08-18 09:30:00,LINE_A,MAT_A,24.653,3.604,3.431,24.569,28,0.8775,0
2026-08-18 09:30:00,LINE_A,MAT_B,20.653,3.604,3.431,20.569,24,0.8571,0
2026-08-18 09:45:00,LINE_A,MAT_A,24.569,3.314,3.597,24.287,28,0.8674,0
2026-08-18 09:45:00,LINE_A,MAT_B,20.569,3.314,3.597,20.287,24,0.8453,0
2026-08-18 10:00:00,LINE_A,MAT_A,24.287,3.575,3.485,24.376,28,0.8706,0
2026-08-18 10:00:00,LINE_A,MAT_B,20.287,3.575,3.485,20.376,24,0.849,0
2026-08-18 10:15:00,LINE_A,MAT_A,24.376,3.747,3.477,24.523,28,0.8758,0
2026-08-18 10:15:00,LINE_A,MAT_B,20.376,3.747,3.477,20.523,24,0.8551,0
2026-08-18 10:30:00,LINE_A,MAT_A,24.523,3.751,3.33,24.67,28,0.8811,0
2026-08-18 10:30:00,LINE_A,MAT_B,20.523,3.751,3.33,20.67,24,0.8613,0
2026-08-18 10:45:00,LINE_A,MAT_A,24.67,3.473,3.488,24.512,28,0.8754,0
2026-08-18 10:45:00,LINE_A,MAT_B,20.67,3.473,3.488,20.512,24,0.8546,0
2026-08-18 11:00:00,LINE_A,MAT_A,24.512,3.534,3.486,24.514,28,0.8755,0
2026-08-18 11:00:00,LINE_A,MAT_B,20.512,3.534,3.486,20.514,24,0.8548,0
2026-08-18 11:15:00,LINE_A,MAT_A,24.514,3.375,3.593,24.296,28,0.8677,0
2026-08-18 11:15:00,LINE_A,MAT_B,20.514,3.375,3.593,20.296,24,0.8457,0
2026-08-18 11:30:00,LINE_A,MAT_A,24.296,3.195,3.017,24.474,28,0.8741,0
2026-08-18 11:30:00,LINE_A,MAT_B,20.296,3.195,3.017,20.474,24,0.8531,0
2026-08-18 11:45:00,LINE_A,MAT_A,24.474,3.207,2.978,24.703,28,0.8822,0
2026-08-18 11:45:00,LINE_A,MAT_B,20.474,3.207,2.978,20.703,24,0.8626,0
2026-08-18 12:00:00,LINE_A,MAT_A,24.703,3.455,3.619,24.381,28,0.8708,0
2026-08-18 12:00:00,LINE_A,MAT_B,20.703,3.455,3.619,20.381,24,0.8492,0
2026-08-18 12:15:00,LINE_A,MAT_A,24.381,3.425,3.467,24.34,28,0.8693,0
2026-08-18 12:15:00,LINE_A,MAT_B,20.381,3.425,3.467,20.34,24,0.8475,0
2026-08-18 12:30:00,LINE_A,MAT_A,24.34,3.379,3.453,24.266,28,0.8666,0
2026-08-18 12:30:00,LINE_A,MAT_B,20.34,3.379,3.453,20.266,24,0.8444,0
2026-08-18 12:45:00,LINE_A,MAT_A,24.266,3.532,3.571,24.227,28,0.8653,0
2026-08-18 12:45:00,LINE_A,MAT_B,20.266,3.532,3.571,20.227,24,0.8428,0
2026-08-18 13:00:00,LINE_A,MAT_A,24.227,3.664,3.611,24.28,28,0.8672,0
2026-08-18 13:00:00,LINE_A,MAT_B,20.227,3.664,3.611,20.28,24,0.845,0
2026-08-18 13:15:00,LINE_A,MAT_A,24.28,3.422,3.535,24.167,28,0.8631,0
2026-08-18 13:15:00,LINE_A,MAT_B,20.28,3.422,3.535,20.167,24,0.8403,0
2026-08-18 13:30:00,LINE_A,MAT_A,24.167,3.388,3.681,23.874,28,0.8527,0
2026-08-18 13:30:00,LINE_A,MAT_B,20.167,3.388,3.681,19.874,24,0.8281,0
2026-08-18 13:45:00,LINE_A,MAT_A,23.874,3.72,3.522,24.072,28,0.8597,0
2026-08-18 13:45:00,LINE_A,MAT_B,19.874,3.72,3.522,20.072,24,0.8363,0
2026-08-18 14:00:00,LINE_A,MAT_A,24.072,3.444,3.961,23.555,28,0.8412,0
2026-08-18 14:00:00,LINE_A,MAT_B,20.072,3.444,3.961,19.555,24,0.8148,0
2026-08-18 14:15:00,LINE_A,MAT_A,23.555,3.628,3.654,23.53,28,0.8404,0
2026-08-18 14:15:00,LINE_A,MAT_B,19.555,3.628,3.654,19.53,24,0.8137,0
2026-08-18 14:30:00,LINE_A,MAT_A,23.53,3.623,3.777,23.376,28,0.8349,0
2026-08-18 14:30:00,LINE_A,MAT_B,19.53,3.623,3.777,19.376,24,0.8073,0
2026-08-18 14:45:00,LINE_A,MAT_A,23.376,3.572,3.783,23.165,28,0.8273,0
2026-08-18 14:45:00,LINE_A,MAT_B,19.376,3.572,3.783,19.165,24,0.7986,0
2026-08-18 15:00:00,LINE_A,MAT_A,23.165,3.033,3.568,22.63,28,0.8082,0
2026-08-18 15:00:00,LINE_A,MAT_B,19.165,3.033,3.568,18.63,24,0.7762,0
2026-08-18 15:15:00,LINE_A,MAT_A,22.63,4.426,3.653,23.403,28,0.8358,0
2026-08-18 15:15:00,LINE_A,MAT_B,18.63,4.426,3.653,19.403,24,0.8084,0
2026-08-18 15:30:00,LINE_A,MAT_A,23.403,3.777,3.619,23.561,28,0.8415,0
2026-08-18 15:30:00,LINE_A,MAT_B,19.403,3.777,3.619,19.561,24,0.815,0
2026-08-18 15:45:00,LINE_A,MAT_A,23.561,3.584,3.629,23.515,28,0.8398,0
2026-08-18 15:45:00,LINE_A,MAT_B,19.561,3.584,3.629,19.515,24,0.8131,0
2026-08-18 16:00:00,LINE_A,MAT_A,23.515,3.801,3.556,23.76,28,0.8486,0
2026-08-18 16:00:00,LINE_A,MAT_B,19.515,3.801,3.556,19.76,24,0.8233,0
2026-08-18 16:15:00,LINE_A,MAT_A,23.76,3.64,3.79,23.61,28,0.8432,0
2026-08-18 16:15:00,LINE_A,MAT_B,19.76,3.64,3.79,19.61,24,0.8171,0
2026-08-18 16:30:00,LINE_A,MAT_A,23.61,3.833,3.791,23.652,28,0.8447,0
2026-08-18 16:30:00,LINE_A,MAT_B,19.61,3.833,3.791,19.652,24,0.8188,0
2026-08-18 16:45:00,LINE_A,MAT_A,23.652,3.757,3.644,23.765,28,0.8487,0
2026-08-18 16:45:00,LINE_A,MAT_B,19.652,3.757,3.644,19.765,24,0.8235,0
2026-08-18 17:00:00,LINE_A,MAT_A,23.765,3.705,3.305,24.165,28,0.863,0
2026-08-18 17:00:00,LINE_A,MAT_B,19.765,3.705,3.305,20.165,24,0.8402,0
2026-08-18 17:15:00,LINE_A,MAT_A,24.165,3.781,3.655,24.291,28,0.8675,0
2026-08-18 17:15:00,LINE_A,MAT_B,20.165,3.781,3.655,20.291,24,0.8455,0
2026-08-18 17:30:00,LINE_A,MAT_A,24.291,3.395,3.674,24.011,28,0.8575,0
2026-08-18 17:30:00,LINE_A,MAT_B,20.291,3.395,3.674,20.011,24,0.8338,0
2026-08-18 17:45:00,LINE_A,MAT_A,24.011,3.141,3.554,23.598,28,0.8428,0
2026-08-18 17:45:00,LINE_A,MAT_B,20.011,3.141,3.554,19.598,24,0.8166,0
2026-08-18 18:00:00,LINE_A,MAT_A,23.598,3.057,3.535,23.12,28,0.8257,0
2026-08-18 18:00:00,LINE_A,MAT_B,19.598,3.057,3.535,19.12,24,0.7967,0
2026-08-18 18:15:00,LINE_A,MAT_A,23.12,3.001,3.542,22.578,28,0.8064,0
2026-08-18 18:15:00,LINE_A,MAT_B,19.12,3.001,3.542,18.578,24,0.7741,0
2026-08-18 18:30:00,LINE_A,MAT_A,22.578,3.002,3.616,21.964,28,0.7844,0
2026-08-18 18:30:00,LINE_A,MAT_B,18.578,3.002,3.616,17.964,24,0.7485,0
2026-08-18 18:45:00,LINE_A,MAT_A,21.964,3.01,3.679,21.295,28,0.7605,0
2026-08-18 18:45:00,LINE_A,MAT_B,17.964,3.01,3.679,17.295,24,0.7206,0
2026-08-18 19:00:00,LINE_A,MAT_A,21.295,4.759,3.151,22.903,28,0.818,0
2026-08-18 19:00:00,LINE_A,MAT_B,17.295,4.759,3.151,18.903,24,0.7876,0
2026-08-18 19:15:00,LINE_A,MAT_A,22.903,4.583,3.26,24.226,28,0.8652,0
2026-08-18 19:15:00,LINE_A,MAT_B,18.903,4.583,3.26,20.226,24,0.8428,0
2026-08-18 19:30:00,LINE_A,MAT_A,24.226,3.232,3.363,24.095,28,0.8605,0
2026-08-18 19:30:00,LINE_A,MAT_B,20.226,3.232,3.363,20.095,24,0.8373,0
2026-08-18 19:45:00,LINE_A,MAT_A,24.095,3.982,3.763,24.237,28,0.8656,0
2026-08-18 19:45:00,LINE_A,MAT_B,20.095,3.982,3.763,20.237,24,0.8432,0
2026-08-18 20:00:00,LINE_A,MAT_A,24.237,3.766,3.64,24.36,28,0.87,0
2026-08-18 20:00:00,LINE_A,MAT_B,20.237,3.766,3.64,20.36,24,0.8483,0
2026-08-18 20:15:00,LINE_A,MAT_A,24.36,3.584,3.628,24.316,28,0.8684,0
2026-08-18 20:15:00,LINE_A,MAT_B,20.36,3.584,3.628,20.316,24,0.8465,0
2026-08-18 20:30:00,LINE_A,MAT_A,24.316,3.623,3.697,24.241,28,0.8658,0
2026-08-18 20:30:00,LINE_A,MAT_B,20.316,3.623,3.697,20.241,24,0.8434,0
2026-08-18 20:45:00,LINE_A,MAT_A,24.241,3.076,3.47,23.848,28,0.8517,0
2026-08-18 20:45:00,LINE_A,MAT_B,20.241,3.076,3.47,19.848,24,0.827,0
2026-08-18 21:00:00,LINE_A,MAT_A,23.848,3.331,3.588,23.591,28,0.8425,0
2026-08-18 21:00:00,LINE_A,MAT_B,19.848,3.331,3.588,19.591,24,0.8163,0
2026-08-18 21:15:00,LINE_A,MAT_A,23.591,3.068,3.559,23.099,28,0.825,0
2026-08-18 21:15:00,LINE_A,MAT_B,19.591,3.068,3.559,19.099,24,0.7958,0
2026-08-18 21:30:00,LINE_A,MAT_A,23.099,3.351,3.412,23.038,28,0.8228,0
2026-08-18 21:30:00,LINE_A,MAT_B,19.099,3.351,3.412,19.038,24,0.7933,0
2026-08-18 21:45:00,LINE_A,MAT_A,23.038,3.365,3.553,22.85,28,0.8161,0
2026-08-18 21:45:00,LINE_A,MAT_B,19.038,3.365,3.553,18.85,24,0.7854,0
2026-08-18 22:00:00,LINE_A,MAT_A,22.85,2.516,2.59,22.776,28,0.8134,0
2026-08-18 22:00:00,LINE_A,MAT_B,18.85,2.516,2.59,18.776,24,0.7823,0
2026-08-18 22:15:00,LINE_A,MAT_A,22.776,2.77,2.892,22.653,28,0.809,0
2026-08-18 22:15:00,LINE_A,MAT_B,18.776,2.77,2.892,18.653,24,0.7772,0
2026-08-18 22:30:00,LINE_A,MAT_A,22.653,2.709,2.661,22.701,28,0.8108,0
2026-08-18 22:30:00,LINE_A,MAT_B,18.653,2.709,2.661,18.701,24,0.7792,0
2026-08-18 22:45:00,LINE_A,MAT_A,22.701,2.771,2.646,22.826,28,0.8152,0
2026-08-18 22:45:00,LINE_A,MAT_B,18.701,2.771,2.646,18.826,24,0.7844,0
2026-08-18 23:00:00,LINE_A,MAT_A,22.826,2.792,2.671,22.947,28,0.8195,0
2026-08-18 23:00:00,LINE_A,MAT_B,18.826,2.792,2.671,18.947,24,0.7894,0
2026-08-18 23:15:00,LINE_A,MAT_A,22.947,2.477,2.855,22.569,28,0.806,0
2026-08-18 23:15:00,LINE_A,MAT_B,18.947,2.477,2.855,18.569,24,0.7737,0
2026-08-18 23:30:00,LINE_A,MAT_A,22.569,2.728,2.504,22.792,28,0.814,0
2026-08-18 23:30:00,LINE_A,MAT_B,18.569,2.728,2.504,18.792,24,0.783,0
2026-08-18 23:45:00,LINE_A,MAT_A,22.792,2.648,2.595,22.846,28,0.8159,0
2026-08-18 23:45:00,LINE_A,MAT_B,18.792,2.648,2.595,18.846,24,0.7852,0
2026-08-19 00:00:00,LINE_A,MAT_A,22.846,2.472,2.885,22.433,28,0.8012,0
2026-08-19 00:00:00,LINE_A,MAT_B,18.846,2.472,2.885,18.433,24,0.7681,0
2026-08-19 00:15:00,LINE_A,MAT_A,22.433,2.809,2.765,22.478,28,0.8028,0
2026-08-19 00:15:00,LINE_A,MAT_B,18.433,2.809,2.765,18.478,24,0.7699,0
2026-08-19 00:30:00,LINE_A,MAT_A,22.478,2.674,2.835,22.317,28,0.797,0
2026-08-19 00:30:00,LINE_A,MAT_B,18.478,2.674,2.835,18.317,24,0.7632,0
2026-08-19 00:45:00,LINE_A,MAT_A,22.317,2.823,2.859,22.281,28,0.7958,0
2026-08-19 00:45:00,LINE_A,MAT_B,18.317,2.823,2.859,18.281,24,0.7617,0
2026-08-19 01:00:00,LINE_A,MAT_A,22.281,2.899,2.786,22.394,28,0.7998,0
2026-08-19 01:00:00,LINE_A,MAT_B,18.281,2.899,2.786,18.394,24,0.7664,0
2026-08-19 01:15:00,LINE_A,MAT_A,22.394,2.84,2.595,22.64,28,0.8086,0
2026-08-19 01:15:00,LINE_A,MAT_B,18.394,2.84,2.595,18.64,24,0.7767,0
2026-08-19 01:30:00,LINE_A,MAT_A,22.64,2.692,2.626,22.706,28,0.8109,0
2026-08-19 01:30:00,LINE_A,MAT_B,18.64,2.692,2.626,18.706,24,0.7794,0
2026-08-19 01:45:00,LINE_A,MAT_A,22.706,2.417,2.725,22.399,28,0.8,0
2026-08-19 01:45:00,LINE_A,MAT_B,18.706,2.417,2.725,18.399,24,0.7666,0
2026-08-19 02:00:00,LINE_A,MAT_A,22.399,2.814,2.53,22.683,28,0.8101,0
2026-08-19 02:00:00,LINE_A,MAT_B,18.399,2.814,2.53,18.683,24,0.7785,0
2026-08-19 02:15:00,LINE_A,MAT_A,22.683,2.793,2.639,22.837,28,0.8156,0
2026-08-19 02:15:00,LINE_A,MAT_B,18.683,2.793,2.639,18.837,24,0.7849,0
2026-08-19 02:30:00,LINE_A,MAT_A,22.837,2.663,2.541,22.959,28,0.82,0
2026-08-19 02:30:00,LINE_A,MAT_B,18.837,2.663,2.541,18.959,24,0.79,0
2026-08-19 02:45:00,LINE_A,MAT_A,22.959,2.531,2.645,22.845,28,0.8159,0
2026-08-19 02:45:00,LINE_A,MAT_B,18.959,2.531,2.645,18.845,24,0.7852,0
2026-08-19 03:00:00,LINE_A,MAT_A,22.845,2.5,2.491,22.854,28,0.8162,0
2026-08-19 03:00:00,LINE_A,MAT_B,18.845,2.5,2.491,18.854,24,0.7856,0
2026-08-19 03:15:00,LINE_A,MAT_A,22.854,2.595,2.459,22.991,28,0.8211,0
2026-08-19 03:15:00,LINE_A,MAT_B,18.854,2.595,2.459,18.991,24,0.7913,0
2026-08-19 03:30:00,LINE_A,MAT_A,22.991,2.719,2.742,22.968,28,0.8203,0
2026-08-19 03:30:00,LINE_A,MAT_B,18.991,2.719,2.742,18.968,24,0.7903,0
2026-08-19 03:45:00,LINE_A,MAT_A,22.968,2.953,2.655,23.266,28,0.8309,0
2026-08-19 03:45:00,LINE_A,MAT_B,18.968,2.953,2.655,19.266,24,0.8027,0
2026-08-19 04:00:00,LINE_A,MAT_A,23.266,2.729,2.564,23.431,28,0.8368,0
2026-08-19 04:00:00,LINE_A,MAT_B,19.266,2.729,2.564,19.431,24,0.8096,0
2026-08-19 04:15:00,LINE_A,MAT_A,23.431,2.62,2.628,23.423,28,0.8365,0
2026-08-19 04:15:00,LINE_A,MAT_B,19.431,2.62,2.628,19.423,24,0.8093,0
2026-08-19 04:30:00,LINE_A,MAT_A,23.423,2.702,2.721,23.404,28,0.8359,0
2026-08-19 04:30:00,LINE_A,MAT_B,19.423,2.702,2.721,19.404,24,0.8085,0
2026-08-19 04:45:00,LINE_A,MAT_A,23.404,2.587,2.678,23.313,28,0.8326,0
2026-08-19 04:45:00,LINE_A,MAT_B,19.404,2.587,2.678,19.313,24,0.8047,0
2026-08-19 05:00:00,LINE_A,MAT_A,23.313,2.613,2.583,23.343,28,0.8337,0
2026-08-19 05:00:00,LINE_A,MAT_B,19.313,2.613,2.583,19.343,24,0.8059,0
2026-08-19 05:15:00,LINE_A,MAT_A,23.343,2.735,2.764,23.314,28,0.8326,0
2026-08-19 05:15:00,LINE_A,MAT_B,19.343,2.735,2.764,19.314,24,0.8048,0
2026-08-19 05:30:00,LINE_A,MAT_A,23.314,2.646,2.463,23.497,28,0.8392,0
2026-08-19 05:30:00,LINE_A,MAT_B,19.314,2.646,2.463,19.497,24,0.8124,0
2026-08-19 05:45:00,LINE_A,MAT_A,23.497,2.412,2.817,23.092,28,0.8247,0
2026-08-19 05:45:00,LINE_A,MAT_B,19.497,2.412,2.817,19.092,24,0.7955,0
2026-08-19 06:00:00,LINE_A,MAT_A,23.092,2.967,3.343,22.716,28,0.8113,0
2026-08-19 06:00:00,LINE_A,MAT_B,19.092,2.967,3.343,18.716,24,0.7798,0
2026-08-19 06:15:00,LINE_A,MAT_A,22.716,3.399,3.31,22.805,28,0.8144,0
2026-08-19 06:15:00,LINE_A,MAT_B,18.716,3.399,3.31,18.805,24,0.7835,0
2026-08-19 06:30:00,LINE_A,MAT_A,22.805,3.232,3.424,22.613,28,0.8076,0
2026-08-19 06:30:00,LINE_A,MAT_B,18.805,3.232,3.424,18.613,24,0.7755,0
2026-08-19 06:45:00,LINE_A,MAT_A,22.613,3.381,3.529,22.465,28,0.8023,0
2026-08-19 06:45:00,LINE_A,MAT_B,18.613,3.381,3.529,18.465,24,0.7694,0
2026-08-19 07:00:00,LINE_A,MAT_A,22.465,3.132,3.551,22.046,28,0.7874,0
2026-08-19 07:00:00,LINE_A,MAT_B,18.465,3.132,3.551,18.046,24,0.7519,0
2026-08-19 07:15:00,LINE_A,MAT_A,22.046,3.637,3.54,22.143,28,0.7908,0
2026-08-19 07:15:00,LINE_A,MAT_B,18.046,3.637,3.54,18.143,24,0.756,0
2026-08-19 07:30:00,LINE_A,MAT_A,22.143,3.693,3.238,22.599,28,0.8071,0
2026-08-19 07:30:00,LINE_A,MAT_B,18.143,3.693,3.238,18.599,24,0.775,0
2026-08-19 07:45:00,LINE_A,MAT_A,22.599,3.411,3.776,22.234,28,0.7941,0
2026-08-19 07:45:00,LINE_A,MAT_B,18.599,3.411,3.776,18.234,24,0.7597,0
2026-08-19 08:00:00,LINE_A,MAT_A,22.234,3.185,3.683,21.736,28,0.7763,0
2026-08-19 08:00:00,LINE_A,MAT_B,18.234,3.185,3.683,17.736,24,0.739,0
2026-08-19 08:15:00,LINE_A,MAT_A,21.736,3.698,3.421,22.013,28,0.7862,0
2026-08-19 08:15:00,LINE_A,MAT_B,17.736,3.698,3.421,18.013,24,0.7506,0
2026-08-19 08:30:00,LINE_A,MAT_A,22.013,3.43,3.543,21.9,28,0.7821,0
2026-08-19 08:30:00,LINE_A,MAT_B,18.013,3.43,3.543,17.9,24,0.7458,0
2026-08-19 08:45:00,LINE_A,MAT_A,21.9,3.516,3.692,21.724,28,0.7759,0
2026-08-19 08:45:00,LINE_A,MAT_B,17.9,3.516,3.692,17.724,24,0.7385,0
2026-08-19 09:00:00,LINE_A,MAT_A,21.724,3.714,3.546,21.892,28,0.7819,0
2026-08-19 09:00:00,LINE_A,MAT_B,17.724,3.714,3.546,17.892,24,0.7455,0
2026-08-19 09:15:00,LINE_A,MAT_A,21.892,3.392,3.351,21.933,28,0.7833,0
2026-08-19 09:15:00,LINE_A,MAT_B,17.892,3.392,3.351,17.933,24,0.7472,0
2026-08-19 09:30:00,LINE_A,MAT_A,21.933,3.404,3.458,21.879,28,0.7814,0
2026-08-19 09:30:00,LINE_A,MAT_B,17.933,3.404,3.458,17.879,24,0.745,0
2026-08-19 09:45:00,LINE_A,MAT_A,21.879,3.498,3.325,22.052,28,0.7876,0
2026-08-19 09:45:00,LINE_A,MAT_B,17.879,3.498,3.325,18.052,24,0.7522,0
2026-08-19 10:00:00,LINE_A,MAT_A,22.052,3.549,3.664,21.937,28,0.7835,0
2026-08-19 10:00:00,LINE_A,MAT_B,18.052,3.549,3.664,17.937,24,0.7474,0
2026-08-19 10:15:00,LINE_A,MAT_A,21.937,3.467,3.542,21.862,28,0.7808,0
2026-08-19 10:15:00,LINE_A,MAT_B,17.937,3.467,3.542,17.862,24,0.7443,0
2026-08-19 10:30:00,LINE_A,MAT_A,21.862,3.698,3.394,22.167,28,0.7917,0
2026-08-19 10:30:00,LINE_A,MAT_B,17.862,3.698,3.394,18.167,24,0.7569,0
2026-08-19 10:45:00,LINE_A,MAT_A,22.167,3.499,3.647,22.019,28,0.7864,0
2026-08-19 10:45:00,LINE_A,MAT_B,18.167,3.499,3.647,18.019,24,0.7508,0
2026-08-19 11:00:00,LINE_A,MAT_A,22.019,3.381,3.563,21.837,28,0.7799,0
2026-08-19 11:00:00,LINE_A,MAT_B,18.019,3.381,3.563,17.837,24,0.7432,0
2026-08-19 11:15:00,LINE_A,MAT_A,21.837,3.483,3.731,21.589,28,0.771,0
2026-08-19 11:15:00,LINE_A,MAT_B,17.837,3.483,3.731,17.589,24,0.7329,0
2026-08-19 11:30:00,LINE_A,MAT_A,21.589,3.217,2.997,21.809,28,0.7789,0
2026-08-19 11:30:00,LINE_A,MAT_B,17.589,3.217,2.997,17.809,24,0.742,0
2026-08-19 11:45:00,LINE_A,MAT_A,21.809,3.158,3.252,21.715,28,0.7755,0
2026-08-19 11:45:00,LINE_A,MAT_B,17.809,3.158,3.252,17.715,24,0.7381,0
2026-08-19 12:00:00,LINE_A,MAT_A,21.715,3.382,3.863,21.235,28,0.7584,0
2026-08-19 12:00:00,LINE_A,MAT_B,17.715,3.382,3.863,17.235,24,0.7181,0
2026-08-19 12:15:00,LINE_A,MAT_A,21.235,3.612,3.647,21.199,28,0.7571,0
2026-08-19 12:15:00,LINE_A,MAT_B,17.235,3.612,3.647,17.199,24,0.7166,0
2026-08-19 12:30:00,LINE_A,MAT_A,21.199,3.466,3.222,21.443,28,0.7658,0
2026-08-19 12:30:00,LINE_A,MAT_B,17.199,3.466,3.222,17.443,24,0.7268,0
2026-08-19 12:45:00,LINE_A,MAT_A,21.443,3.317,3.545,21.215,28,0.7577,0
2026-08-19 12:45:00,LINE_A,MAT_B,17.443,3.317,3.545,17.215,24,0.7173,0
2026-08-19 13:00:00,LINE_A,MAT_A,21.215,3.372,3.707,20.88,28,0.7457,0
2026-08-19 13:00:00,LINE_A,MAT_B,17.215,3.372,3.707,16.88,24,0.7033,0
2026-08-19 13:15:00,LINE_A,MAT_A,20.88,3.335,3.632,20.583,28,0.7351,0
2026-08-19 13:15:00,LINE_A,MAT_B,16.88,3.335,3.632,16.583,24,0.691,0
2026-08-19 13:30:00,LINE_A,MAT_A,20.583,4.077,3.724,20.937,28,0.7477,0
2026-08-19 13:30:00,LINE_A,MAT_B,16.583,4.077,3.724,16.937,24,0.7057,0
2026-08-19 13:45:00,LINE_A,MAT_A,20.937,3.639,3.489,21.087,28,0.7531,0
2026-08-19 13:45:00,LINE_A,MAT_B,16.937,3.639,3.489,17.087,24,0.7119,0
2026-08-19 14:00:00,LINE_A,MAT_A,21.087,4.133,4.016,21.204,28,0.7573,0
2026-08-19 14:00:00,LINE_A,MAT_B,17.087,4.133,4.016,17.204,24,0.7168,0
2026-08-19 14:15:00,LINE_A,MAT_A,21.204,3.779,3.904,21.079,28,0.7528,0
2026-08-19 14:15:00,LINE_A,MAT_B,17.204,3.779,3.904,17.079,24,0.7116,0
2026-08-19 14:30:00,LINE_A,MAT_A,21.079,3.806,3.964,20.921,28,0.7472,0
2026-08-19 14:30:00,LINE_A,MAT_B,17.079,3.806,3.964,16.921,24,0.7051,0
2026-08-19 14:45:00,LINE_A,MAT_A,20.921,3.826,3.735,21.012,28,0.7504,0
2026-08-19 14:45:00,LINE_A,MAT_B,16.921,3.826,3.735,17.012,24,0.7088,0
2026-08-19 15:00:00,LINE_A,MAT_A,21.012,3.521,3.796,20.736,28,0.7406,0
2026-08-19 15:00:00,LINE_A,MAT_B,17.012,3.521,3.796,16.736,24,0.6974,0
2026-08-19 15:15:00,LINE_A,MAT_A,20.736,3.518,3.793,20.461,28,0.7308,0
2026-08-19 15:15:00,LINE_A,MAT_B,16.736,3.518,3.793,16.461,24,0.6859,0
2026-08-19 15:30:00,LINE_A,MAT_A,20.461,3.568,3.602,20.428,28,0.7296,0
2026-08-19 15:30:00,LINE_A,MAT_B,16.461,3.568,3.602,16.428,24,0.6845,0
2026-08-19 15:45:00,LINE_A,MAT_A,20.428,3.672,3.59,20.509,28,0.7325,0
2026-08-19 15:45:00,LINE_A,MAT_B,16.428,3.672,3.59,16.509,24,0.6879,0
2026-08-19 16:00:00,LINE_A,MAT_A,20.509,3.32,3.638,20.191,28,0.7211,0
2026-08-19 16:00:00,LINE_A,MAT_B,16.509,3.32,3.638,16.191,24,0.6746,0
2026-08-19 16:15:00,LINE_A,MAT_A,20.191,3.808,3.753,20.246,28,0.7231,0
2026-08-19 16:15:00,LINE_A,MAT_B,16.191,3.808,3.753,16.246,24,0.6769,0
2026-08-19 16:30:00,LINE_A,MAT_A,20.246,3.61,3.662,20.194,28,0.7212,0
2026-08-19 16:30:00,LINE_A,MAT_B,16.246,3.61,3.662,16.194,24,0.6748,0
2026-08-19 16:45:00,LINE_A,MAT_A,20.194,3.843,3.468,20.569,28,0.7346,0
2026-08-19 16:45:00,LINE_A,MAT_B,16.194,3.843,3.468,16.569,24,0.6904,0
2026-08-19 17:00:00,LINE_A,MAT_A,20.569,3.254,3.911,19.911,28,0.7111,0
2026-08-19 17:00:00,LINE_A,MAT_B,16.569,3.254,3.911,15.911,24,0.6629,0
2026-08-19 17:15:00,LINE_A,MAT_A,19.911,3.89,3.727,20.074,28,0.7169,0
2026-08-19 17:15:00,LINE_A,MAT_B,15.911,3.89,3.727,16.074,24,0.6697,0
2026-08-19 17:30:00,LINE_A,MAT_A,20.074,3.35,3.454,19.97,28,0.7132,0
2026-08-19 17:30:00,LINE_A,MAT_B,16.074,3.35,3.454,15.97,24,0.6654,0
2026-08-19 17:45:00,LINE_A,MAT_A,19.97,3.792,3.744,20.019,28,0.715,0
2026-08-19 17:45:00,LINE_A,MAT_B,15.97,3.792,3.744,16.019,24,0.6674,0
2026-08-19 18:00:00,LINE_A,MAT_A,20.019,3.529,3.521,20.027,28,0.7152,0
2026-08-19 18:00:00,LINE_A,MAT_B,16.019,3.529,3.521,16.027,24,0.6678,0
2026-08-19 18:15:00,LINE_A,MAT_A,20.027,3.54,3.612,19.955,28,0.7127,0
2026-08-19 18:15:00,LINE_A,MAT_B,16.027,3.54,3.612,15.955,24,0.6648,0
2026-08-19 18:30:00,LINE_A,MAT_A,19.955,3.481,3.821,19.615,28,0.7005,0
2026-08-19 18:30:00,LINE_A,MAT_B,15.955,3.481,3.821,15.615,24,0.6506,0
2026-08-19 18:45:00,LINE_A,MAT_A,19.615,3.885,3.559,19.941,28,0.7122,0
2026-08-19 18:45:00,LINE_A,MAT_B,15.615,3.885,3.559,15.941,24,0.6642,0
2026-08-19 19:00:00,LINE_A,MAT_A,19.941,3.423,3.13,20.234,28,0.7226,0
2026-08-19 19:00:00,LINE_A,MAT_B,15.941,3.423,3.13,16.234,24,0.6764,0
2026-08-19 19:15:00,LINE_A,MAT_A,20.234,2.969,3.285,19.918,28,0.7114,0
2026-08-19 19:15:00,LINE_A,MAT_B,16.234,2.969,3.285,15.918,24,0.6633,0
2026-08-19 19:30:00,LINE_A,MAT_A,19.918,3.67,3.593,19.996,28,0.7141,0
2026-08-19 19:30:00,LINE_A,MAT_B,15.918,3.67,3.593,15.996,24,0.6665,0
2026-08-19 19:45:00,LINE_A,MAT_A,19.996,3.567,3.475,20.088,28,0.7174,0
2026-08-19 19:45:00,LINE_A,MAT_B,15.996,3.567,3.475,16.088,24,0.6703,0
2026-08-19 20:00:00,LINE_A,MAT_A,20.088,3.447,3.512,20.023,28,0.7151,0
2026-08-19 20:00:00,LINE_A,MAT_B,16.088,3.447,3.512,16.023,24,0.6676,0
2026-08-19 20:15:00,LINE_A,MAT_A,20.023,3.403,3.25,20.176,28,0.7206,0
2026-08-19 20:15:00,LINE_A,MAT_B,16.023,3.403,3.25,16.176,24,0.674,0
2026-08-19 20:30:00,LINE_A,MAT_A,20.176,3.313,3.557,19.932,28,0.7119,0
2026-08-19 20:30:00,LINE_A,MAT_B,16.176,3.313,3.557,15.932,24,0.6638,0
2026-08-19 20:45:00,LINE_A,MAT_A,19.932,3.483,3.626,19.789,28,0.7067,0
2026-08-19 20:45:00,LINE_A,MAT_B,15.932,3.483,3.626,15.789,24,0.6579,0
2026-08-19 21:00:00,LINE_A,MAT_A,19.789,3.564,3.537,19.816,28,0.7077,0
2026-08-19 21:00:00,LINE_A,MAT_B,15.789,3.564,3.537,15.816,24,0.659,0
2026-08-19 21:15:00,LINE_A,MAT_A,19.816,3.426,3.677,19.565,28,0.6987,0
2026-08-19 21:15:00,LINE_A,MAT_B,15.816,3.426,3.677,15.565,24,0.6485,0
2026-08-19 21:30:00,LINE_A,MAT_A,19.565,3.373,3.466,19.472,28,0.6954,0
2026-08-19 21:30:00,LINE_A,MAT_B,15.565,3.373,3.466,15.472,24,0.6447,0
2026-08-19 21:45:00,LINE_A,MAT_A,19.472,3.419,3.458,19.434,28,0.6941,0
2026-08-19 21:45:00,LINE_A,MAT_B,15.472,3.419,3.458,15.434,24,0.6431,0
2026-08-19 22:00:00,LINE_A,MAT_A,19.434,2.675,2.629,19.481,28,0.6957,0
2026-08-19 22:00:00,LINE_A,MAT_B,15.434,2.675,2.629,15.481,24,0.645,0
2026-08-19 22:15:00,LINE_A,MAT_A,19.481,2.348,2.705,19.123,28,0.683,0
2026-08-19 22:15:00,LINE_A,MAT_B,15.481,2.348,2.705,15.123,24,0.6301,0
2026-08-19 22:30:00,LINE_A,MAT_A,19.123,2.74,2.667,19.197,28,0.6856,0
2026-08-19 22:30:00,LINE_A,MAT_B,15.123,2.74,2.667,15.197,24,0.6332,0
2026-08-19 22:45:00,LINE_A,MAT_A,19.197,2.763,2.759,19.2,28,0.6857,0
2026-08-19 22:45:00,LINE_A,MAT_B,15.197,2.763,2.759,15.2,24,0.6334,0
2026-08-19 23:00:00,LINE_A,MAT_A,19.2,2.689,2.616,19.273,28,0.6883,0
2026-08-19 23:00:00,LINE_A,MAT_B,15.2,2.689,2.616,15.273,24,0.6364,0
2026-08-19 23:15:00,LINE_A,MAT_A,19.273,2.688,2.725,19.236,28,0.687,0
2026-08-19 23:15:00,LINE_A,MAT_B,15.273,2.688,2.725,15.236,24,0.6348,0
2026-08-19 23:30:00,LINE_A,MAT_A,19.236,2.811,2.724,19.323,28,0.6901,0
2026-08-19 23:30:00,LINE_A,MAT_B,15.236,2.811,2.724,15.323,24,0.6385,0
2026-08-19 23:45:00,LINE_A,MAT_A,19.323,2.396,2.696,19.023,28,0.6794,0
2026-08-19 23:45:00,LINE_A,MAT_B,15.323,2.396,2.696,15.023,24,0.626,0
2026-08-20 00:00:00,LINE_A,MAT_A,19.023,2.69,2.666,19.048,28,0.6803,0
2026-08-20 00:00:00,LINE_A,MAT_B,15.023,2.69,2.666,15.048,24,0.627,0
2026-08-20 00:15:00,LINE_A,MAT_A,19.048,2.865,2.844,19.069,28,0.681,0
2026-08-20 00:15:00,LINE_A,MAT_B,15.048,2.865,2.844,15.069,24,0.6279,0
2026-08-20 00:30:00,LINE_A,MAT_A,19.069,2.582,2.714,18.937,28,0.6763,0
2026-08-20 00:30:00,LINE_A,MAT_B,15.069,2.582,2.714,14.937,24,0.6224,0
2026-08-20 00:45:00,LINE_A,MAT_A,18.937,2.701,2.452,19.186,28,0.6852,0
2026-08-20 00:45:00,LINE_A,MAT_B,14.937,2.701,2.452,15.186,24,0.6327,0
2026-08-20 01:00:00,LINE_A,MAT_A,19.186,2.89,2.493,19.583,28,0.6994,0
2026-08-20 01:00:00,LINE_A,MAT_B,15.186,2.89,2.493,15.583,24,0.6493,0
2026-08-20 01:15:00,LINE_A,MAT_A,19.583,2.221,2.688,19.117,28,0.6827,0
2026-08-20 01:15:00,LINE_A,MAT_B,15.583,2.221,2.688,15.117,24,0.6299,0
2026-08-20 01:30:00,LINE_A,MAT_A,19.117,2.638,2.603,19.152,28,0.684,0
2026-08-20 01:30:00,LINE_A,MAT_B,15.117,2.638,2.603,15.152,24,0.6313,0
2026-08-20 01:45:00,LINE_A,MAT_A,19.152,2.626,2.893,18.885,28,0.6745,0
2026-08-20 01:45:00,LINE_A,MAT_B,15.152,2.626,2.893,14.885,24,0.6202,0
2026-08-20 02:00:00,LINE_A,MAT_A,18.885,2.607,2.929,18.563,28,0.663,0
2026-08-20 02:00:00,LINE_A,MAT_B,14.885,2.607,2.929,14.563,24,0.6068,0
2026-08-20 02:15:00,LINE_A,MAT_A,18.563,2.515,2.64,18.437,28,0.6585,0
2026-08-20 02:15:00,LINE_A,MAT_B,14.563,2.515,2.64,14.437,24,0.6016,0
2026-08-20 02:30:00,LINE_A,MAT_A,18.437,2.118,2.743,17.813,28,0.6362,0
2026-08-20 02:30:00,LINE_A,MAT_B,14.437,2.118,2.743,13.813,24,0.5755,0
2026-08-20 02:45:00,LINE_A,MAT_A,17.813,2.57,2.903,17.48,28,0.6243,0
2026-08-20 02:45:00,LINE_A,MAT_B,13.813,2.57,2.903,13.48,24,0.5617,0
2026-08-20 03:00:00,LINE_A,MAT_A,17.48,2.86,2.642,17.698,28,0.6321,0
2026-08-20 03:00:00,LINE_A,MAT_B,13.48,2.86,2.642,13.698,24,0.5708,0
2026-08-20 03:15:00,LINE_A,MAT_A,17.698,2.802,2.743,17.757,28,0.6342,0
2026-08-20 03:15:00,LINE_A,MAT_B,13.698,2.802,2.743,13.757,24,0.5732,0
2026-08-20 03:30:00,LINE_A,MAT_A,17.757,2.793,2.62,17.93,28,0.6404,0
2026-08-20 03:30:00,LINE_A,MAT_B,13.757,2.793,2.62,13.93,24,0.5804,0
2026-08-20 03:45:00,LINE_A,MAT_A,17.93,2.809,2.696,18.043,28,0.6444,0
2026-08-20 03:45:00,LINE_A,MAT_B,13.93,2.809,2.696,14.043,24,0.5851,0
2026-08-20 04:00:00,LINE_A,MAT_A,18.043,2.786,2.599,18.231,28,0.6511,0
2026-08-20 04:00:00,LINE_A,MAT_B,14.043,2.786,2.599,14.231,24,0.593,0
2026-08-20 04:15:00,LINE_A,MAT_A,18.231,2.751,2.658,18.324,28,0.6544,0
2026-08-20 04:15:00,LINE_A,MAT_B,14.231,2.751,2.658,14.324,24,0.5968,0
2026-08-20 04:30:00,LINE_A,MAT_A,18.324,2.974,2.602,18.696,28,0.6677,0
2026-08-20 04:30:00,LINE_A,MAT_B,14.324,2.974,2.602,14.696,24,0.6123,0
2026-08-20 04:45:00,LINE_A,MAT_A,18.696,2.985,2.838,18.843,28,0.673,0
2026-08-20 04:45:00,LINE_A,MAT_B,14.696,2.985,2.838,14.843,24,0.6184,0
2026-08-20 05:00:00,LINE_A,MAT_A,18.843,3.086,2.632,19.297,28,0.6892,0
2026-08-20 05:00:00,LINE_A,MAT_B,14.843,3.086,2.632,15.297,24,0.6374,0
2026-08-20 05:15:00,LINE_A,MAT_A,19.297,2.558,2.757,19.098,28,0.6821,0
2026-08-20 05:15:00,LINE_A,MAT_B,15.297,2.558,2.757,15.098,24,0.6291,0
2026-08-20 05:30:00,LINE_A,MAT_A,19.098,2.855,2.788,19.165,28,0.6845,0
2026-08-20 05:30:00,LINE_A,MAT_B,15.098,2.855,2.788,15.165,24,0.6319,0
2026-08-20 05:45:00,LINE_A,MAT_A,19.165,2.78,2.775,19.17,28,0.6847,0
2026-08-20 05:45:00,LINE_A,MAT_B,15.165,2.78,2.775,15.17,24,0.6321,0
2026-08-20 06:00:00,LINE_A,MAT_A,19.17,3.386,3.391,19.166,28,0.6845,0
2026-08-20 06:00:00,LINE_A,MAT_B,15.17,3.386,3.391,15.166,24,0.6319,0
2026-08-20 06:15:00,LINE_A,MAT_A,19.166,3.476,3.221,19.42,28,0.6936,0
2026-08-20 06:15:00,LINE_A,MAT_B,15.166,3.476,3.221,15.42,24,0.6425,0
2026-08-20 06:30:00,LINE_A,MAT_A,19.42,3.612,3.126,19.906,28,0.7109,0
2026-08-20 06:30:00,LINE_A,MAT_B,15.42,3.612,3.126,15.906,24,0.6627,0
2026-08-20 06:45:00,LINE_A,MAT_A,19.906,3.261,3.267,19.899,28,0.7107,0
2026-08-20 06:45:00,LINE_A,MAT_B,15.906,3.261,3.267,15.899,24,0.6625,0
2026-08-20 07:00:00,LINE_A,MAT_A,19.899,3.359,3.362,19.895,28,0.7105,0
2026-08-20 07:00:00,LINE_A,MAT_B,15.899,3.359,3.362,15.895,24,0.6623,0
2026-08-20 07:15:00,LINE_A,MAT_A,19.895,3.526,3.305,20.117,28,0.7185,0
2026-08-20 07:15:00,LINE_A,MAT_B,15.895,3.526,3.305,16.117,24,0.6715,0
2026-08-20 07:30:00,LINE_A,MAT_A,20.117,3.637,3.35,20.404,28,0.7287,0
2026-08-20 07:30:00,LINE_A,MAT_B,16.117,3.637,3.35,16.404,24,0.6835,0
2026-08-20 07:45:00,LINE_A,MAT_A,20.404,3.056,3.476,19.984,28,0.7137,0
2026-08-20 07:45:00,LINE_A,MAT_B,16.404,3.056,3.476,15.984,24,0.666,0
2026-08-20 08:00:00,LINE_A,MAT_A,19.984,3.575,3.584,19.975,28,0.7134,0
2026-08-20 08:00:00,LINE_A,MAT_B,15.984,3.575,3.584,15.975,24,0.6656,0
2026-08-20 08:15:00,LINE_A,MAT_A,19.975,3.523,3.211,20.288,28,0.7246,0
2026-08-20 08:15:00,LINE_A,MAT_B,15.975,3.523,3.211,16.288,24,0.6787,0
2026-08-20 08:30:00,LINE_A,MAT_A,20.288,3.298,3.35,20.236,28,0.7227,0
2026-08-20 08:30:00,LINE_A,MAT_B,16.288,3.298,3.35,16.236,24,0.6765,0
2026-08-20 08:45:00,LINE_A,MAT_A,20.236,3.688,3.439,20.484,28,0.7316,0
2026-08-20 08:45:00,LINE_A,MAT_B,16.236,3.688,3.439,16.484,24,0.6868,0
2026-08-20 09:00:00,LINE_A,MAT_A,20.484,3.715,3.478,20.721,28,0.74,0
2026-08-20 09:00:00,LINE_A,MAT_B,16.484,3.715,3.478,16.721,24,0.6967,0
2026-08-20 09:15:00,LINE_A,MAT_A,20.721,3.248,3.364,20.605,28,0.7359,0
2026-08-20 09:15:00,LINE_A,MAT_B,16.721,3.248,3.364,16.605,24,0.6919,0
2026-08-20 09:30:00,LINE_A,MAT_A,20.605,3.52,3.382,20.742,28,0.7408,0
2026-08-20 09:30:00,LINE_A,MAT_B,16.605,3.52,3.382,16.742,24,0.6976,0
2026-08-20 09:45:00,LINE_A,MAT_A,20.742,3.593,3.348,20.988,28,0.7496,0
2026-08-20 09:45:00,LINE_A,MAT_B,16.742,3.593,3.348,16.988,24,0.7078,0
2026-08-20 10:00:00,LINE_A,MAT_A,20.988,3.796,3.597,21.187,28,0.7567,0
2026-08-20 10:00:00,LINE_A,MAT_B,16.988,3.796,3.597,17.187,24,0.7161,0
2026-08-20 10:15:00,LINE_A,MAT_A,21.187,3.36,3.387,21.159,28,0.7557,0
2026-08-20 10:15:00,LINE_A,MAT_B,17.187,3.36,3.387,17.159,24,0.715,0
2026-08-20 10:30:00,LINE_A,MAT_A,21.159,3.997,3.359,21.797,28,0.7785,0
2026-08-20 10:30:00,LINE_A,MAT_B,17.159,3.997,3.359,17.797,24,0.7415,0
2026-08-20 10:45:00,LINE_A,MAT_A,21.797,3.624,3.906,21.514,28,0.7684,0
2026-08-20 10:45:00,LINE_A,MAT_B,17.797,3.624,3.906,17.514,24,0.7298,0
2026-08-20 11:00:00,LINE_A,MAT_A,21.514,3.285,3.408,21.392,28,0.764,0
2026-08-20 11:00:00,LINE_A,MAT_B,17.514,3.285,3.408,17.392,24,0.7247,0
2026-08-20 11:15:00,LINE_A,MAT_A,21.392,3.892,3.367,21.917,28,0.7828,0
2026-08-20 11:15:00,LINE_A,MAT_B,17.392,3.892,3.367,17.917,24,0.7465,0
2026-08-20 11:30:00,LINE_A,MAT_A,21.917,3.201,3.166,21.952,28,0.784,0
2026-08-20 11:30:00,LINE_A,MAT_B,17.917,3.201,3.166,17.952,24,0.748,0
2026-08-20 11:45:00,LINE_A,MAT_A,21.952,2.972,3.105,21.819,28,0.7793,0
2026-08-20 11:45:00,LINE_A,MAT_B,17.952,2.972,3.105,17.819,24,0.7425,0
2026-08-20 12:00:00,LINE_A,MAT_A,21.819,3.236,3.56,21.495,28,0.7677,0
2026-08-20 12:00:00,LINE_A,MAT_B,17.819,3.236,3.56,17.495,24,0.729,0
2026-08-20 12:15:00,LINE_A,MAT_A,21.495,3.432,3.587,21.34,28,0.7621,0
2026-08-20 12:15:00,LINE_A,MAT_B,17.495,3.432,3.587,17.34,24,0.7225,0
2026-08-20 12:30:00,LINE_A,MAT_A,21.34,3.063,3.593,20.81,28,0.7432,0
2026-08-20 12:30:00,LINE_A,MAT_B,17.34,3.063,3.593,16.81,24,0.7004,0
2026-08-20 12:45:00,LINE_A,MAT_A,20.81,3.265,3.636,20.439,28,0.73,0
2026-08-20 12:45:00,LINE_A,MAT_B,16.81,3.265,3.636,16.439,24,0.685,0
2026-08-20 13:00:00,LINE_A,MAT_A,20.439,4.458,3.568,21.329,28,0.7618,0
2026-08-20 13:00:00,LINE_A,MAT_B,16.439,4.458,3.568,17.329,24,0.722,0
2026-08-20 13:15:00,LINE_A,MAT_A,21.329,3.369,3.481,21.217,28,0.7577,0
2026-08-20 13:15:00,LINE_A,MAT_B,17.329,3.369,3.481,17.217,24,0.7174,0
2026-08-20 13:30:00,LINE_A,MAT_A,21.217,3.713,3.538,21.392,28,0.764,0
2026-08-20 13:30:00,LINE_A,MAT_B,17.217,3.713,3.538,17.392,24,0.7247,0
2026-08-20 13:45:00,LINE_A,MAT_A,21.392,3.474,3.327,21.539,28,0.7693,0
2026-08-20 13:45:00,LINE_A,MAT_B,17.392,3.474,3.327,17.539,24,0.7308,0
2026-08-20 14:00:00,LINE_A,MAT_A,21.539,3.563,3.783,21.32,28,0.7614,0
2026-08-20 14:00:00,LINE_A,MAT_B,17.539,3.563,3.783,17.32,24,0.7216,0
2026-08-20 14:15:00,LINE_A,MAT_A,21.32,3.75,3.722,21.348,28,0.7624,0
2026-08-20 14:15:00,LINE_A,MAT_B,17.32,3.75,3.722,17.348,24,0.7228,0
2026-08-20 14:30:00,LINE_A,MAT_A,21.348,3.69,3.803,21.236,28,0.7584,0
2026-08-20 14:30:00,LINE_A,MAT_B,17.348,3.69,3.803,17.236,24,0.7181,0
2026-08-20 14:45:00,LINE_A,MAT_A,21.236,3.733,3.569,21.4,28,0.7643,0
2026-08-20 14:45:00,LINE_A,MAT_B,17.236,3.733,3.569,17.4,24,0.725,0
2026-08-20 15:00:00,LINE_A,MAT_A,21.4,3.955,3.715,21.639,28,0.7728,0
2026-08-20 15:00:00,LINE_A,MAT_B,17.4,3.955,3.715,17.639,24,0.735,0
2026-08-20 15:15:00,LINE_A,MAT_A,21.639,3.86,3.754,21.745,28,0.7766,0
2026-08-20 15:15:00,LINE_A,MAT_B,17.639,3.86,3.754,17.745,24,0.7394,0
2026-08-20 15:30:00,LINE_A,MAT_A,21.745,3.922,3.696,21.971,28,0.7847,0
2026-08-20 15:30:00,LINE_A,MAT_B,17.745,3.922,3.696,17.971,24,0.7488,0
2026-08-20 15:45:00,LINE_A,MAT_A,21.971,3.883,3.966,21.888,28,0.7817,0
2026-08-20 15:45:00,LINE_A,MAT_B,17.971,3.883,3.966,17.888,24,0.7453,0
2026-08-20 16:00:00,LINE_A,MAT_A,21.888,3.912,3.912,21.888,28,0.7817,0
2026-08-20 16:00:00,LINE_A,MAT_B,17.888,3.912,3.912,17.888,24,0.7453,0
2026-08-20 16:15:00,LINE_A,MAT_A,21.888,3.819,3.801,21.906,28,0.7824,0
2026-08-20 16:15:00,LINE_A,MAT_B,17.888,3.819,3.801,17.906,24,0.7461,0
2026-08-20 16:30:00,LINE_A,MAT_A,21.906,3.701,3.592,22.015,28,0.7863,0
2026-08-20 16:30:00,LINE_A,MAT_B,17.906,3.701,3.592,18.015,24,0.7506,0
2026-08-20 16:45:00,LINE_A,MAT_A,22.015,3.551,3.669,21.897,28,0.782,0
2026-08-20 16:45:00,LINE_A,MAT_B,18.015,3.551,3.669,17.897,24,0.7457,0
2026-08-20 17:00:00,LINE_A,MAT_A,21.897,3.711,3.847,21.761,28,0.7772,0
2026-08-20 17:00:00,LINE_A,MAT_B,17.897,3.711,3.847,17.761,24,0.7401,0
2026-08-20 17:15:00,LINE_A,MAT_A,21.761,3.598,3.662,21.698,28,0.7749,0
2026-08-20 17:15:00,LINE_A,MAT_B,17.761,3.598,3.662,17.698,24,0.7374,0
2026-08-20 17:30:00,LINE_A,MAT_A,21.698,3.574,3.262,22.01,28,0.7861,0
2026-08-20 17:30:00,LINE_A,MAT_B,17.698,3.574,3.262,18.01,24,0.7504,0
2026-08-20 17:45:00,LINE_A,MAT_A,22.01,3.806,3.757,22.059,28,0.7878,0
2026-08-20 17:45:00,LINE_A,MAT_B,18.01,3.806,3.757,18.059,24,0.7525,0
2026-08-20 18:00:00,LINE_A,MAT_A,22.059,3.602,3.426,22.236,28,0.7941,0
2026-08-20 18:00:00,LINE_A,MAT_B,18.059,3.602,3.426,18.236,24,0.7598,0
2026-08-20 18:15:00,LINE_A,MAT_A,22.236,3.79,3.684,22.342,28,0.7979,0
2026-08-20 18:15:00,LINE_A,MAT_B,18.236,3.79,3.684,18.342,24,0.7642,0
2026-08-20 18:30:00,LINE_A,MAT_A,22.342,3.821,3.786,22.376,28,0.7992,0
2026-08-20 18:30:00,LINE_A,MAT_B,18.342,3.821,3.786,18.376,24,0.7657,0
2026-08-20 18:45:00,LINE_A,MAT_A,22.376,3.756,3.785,22.347,28,0.7981,0
2026-08-20 18:45:00,LINE_A,MAT_B,18.376,3.756,3.785,18.347,24,0.7645,0
2026-08-20 19:00:00,LINE_A,MAT_A,22.347,3.223,3.232,22.337,28,0.7978,0
2026-08-20 19:00:00,LINE_A,MAT_B,18.347,3.223,3.232,18.337,24,0.7641,0
2026-08-20 19:15:00,LINE_A,MAT_A,22.337,3.064,3.107,22.294,28,0.7962,0
2026-08-20 19:15:00,LINE_A,MAT_B,18.337,3.064,3.107,18.294,24,0.7623,0
2026-08-20 19:30:00,LINE_A,MAT_A,22.294,3.756,3.623,22.427,28,0.801,0
2026-08-20 19:30:00,LINE_A,MAT_B,18.294,3.756,3.623,18.427,24,0.7678,0
2026-08-20 19:45:00,LINE_A,MAT_A,22.427,3.421,3.67,22.178,28,0.7921,0
2026-08-20 19:45:00,LINE_A,MAT_B,18.427,3.421,3.67,18.178,24,0.7574,0
2026-08-20 20:00:00,LINE_A,MAT_A,22.178,3.398,3.559,22.017,28,0.7863,0
2026-08-20 20:00:00,LINE_A,MAT_B,18.178,3.398,3.559,18.017,24,0.7507,0
2026-08-20 20:15:00,LINE_A,MAT_A,22.017,3.549,3.363,22.202,28,0.7929,0
2026-08-20 20:15:00,LINE_A,MAT_B,18.017,3.549,3.363,18.202,24,0.7584,0
2026-08-20 20:30:00,LINE_A,MAT_A,22.202,3.323,3.726,21.8,28,0.7786,0
2026-08-20 20:30:00,LINE_A,MAT_B,18.202,3.323,3.726,17.8,24,0.7416,0
2026-08-20 20:45:00,LINE_A,MAT_A,21.8,3.728,3.286,22.241,28,0.7943,0
2026-08-20 20:45:00,LINE_A,MAT_B,17.8,3.728,3.286,18.241,24,0.7601,0
2026-08-20 21:00:00,LINE_A,MAT_A,22.241,3.62,3.604,22.257,28,0.7949,0
2026-08-20 21:00:00,LINE_A,MAT_B,18.241,3.62,3.604,18.257,24,0.7607,0
2026-08-20 21:15:00,LINE_A,MAT_A,22.257,3.561,3.293,22.525,28,0.8045,0
2026-08-20 21:15:00,LINE_A,MAT_B,18.257,3.561,3.293,18.525,24,0.7719,0
2026-08-20 21:30:00,LINE_A,MAT_A,22.525,3.552,3.407,22.671,28,0.8097,0
2026-08-20 21:30:00,LINE_A,MAT_B,18.525,3.552,3.407,18.671,24,0.778,0
2026-08-20 21:45:00,LINE_A,MAT_A,22.671,3.071,3.566,22.176,28,0.792,0
2026-08-20 21:45:00,LINE_A,MAT_B,18.671,3.071,3.566,18.176,24,0.7573,0
2026-08-20 22:00:00,LINE_A,MAT_A,22.176,3.064,2.683,22.557,28,0.8056,0
2026-08-20 22:00:00,LINE_A,MAT_B,18.176,3.064,2.683,18.557,24,0.7732,0
2026-08-20 22:15:00,LINE_A,MAT_A,22.557,2.598,2.599,22.556,28,0.8056,0
2026-08-20 22:15:00,LINE_A,MAT_B,18.557,2.598,2.599,18.556,24,0.7732,0
2026-08-20 22:30:00,LINE_A,MAT_A,22.556,2.818,2.64,22.734,28,0.8119,0
2026-08-20 22:30:00,LINE_A,MAT_B,18.556,2.818,2.64,18.734,24,0.7806,0
2026-08-20 22:45:00,LINE_A,MAT_A,22.734,2.583,2.641,22.675,28,0.8098,0
2026-08-20 22:45:00,LINE_A,MAT_B,18.734,2.583,2.641,18.675,24,0.7781,0
2026-08-20 23:00:00,LINE_A,MAT_A,22.675,2.715,2.59,22.8,28,0.8143,0
2026-08-20 23:00:00,LINE_A,MAT_B,18.675,2.715,2.59,18.8,24,0.7833,0
2026-08-20 23:15:00,LINE_A,MAT_A,22.8,2.582,2.755,22.628,28,0.8081,0
2026-08-20 23:15:00,LINE_A,MAT_B,18.8,2.582,2.755,18.628,24,0.7762,0
2026-08-20 23:30:00,LINE_A,MAT_A,22.628,2.746,2.657,22.717,28,0.8113,0
2026-08-20 23:30:00,LINE_A,MAT_B,18.628,2.746,2.657,18.717,24,0.7799,0
2026-08-20 23:45:00,LINE_A,MAT_A,22.717,2.695,2.741,22.671,28,0.8097,0
2026-08-20 23:45:00,LINE_A,MAT_B,18.717,2.695,2.741,18.671,24,0.7779,0
2026-08-21 00:00:00,LINE_A,MAT_A,22.671,2.724,2.792,22.602,28,0.8072,0
2026-08-21 00:00:00,LINE_A,MAT_B,18.671,2.724,2.792,18.602,24,0.7751,0
2026-08-21 00:15:00,LINE_A,MAT_A,22.602,2.766,2.858,22.511,28,0.804,0
2026-08-21 00:15:00,LINE_A,MAT_B,18.602,2.766,2.858,18.511,24,0.7713,0
2026-08-21 00:30:00,LINE_A,MAT_A,22.511,2.626,2.966,22.171,28,0.7918,0
2026-08-21 00:30:00,LINE_A,MAT_B,18.511,2.626,2.966,18.171,24,0.7571,0
2026-08-21 00:45:00,LINE_A,MAT_A,22.171,2.33,2.768,21.734,28,0.7762,0
2026-08-21 00:45:00,LINE_A,MAT_B,18.171,2.33,2.768,17.734,24,0.7389,0
2026-08-21 01:00:00,LINE_A,MAT_A,21.734,2.75,2.894,21.59,28,0.7711,0
2026-08-21 01:00:00,LINE_A,MAT_B,17.734,2.75,2.894,17.59,24,0.7329,0
2026-08-21 01:15:00,LINE_A,MAT_A,21.59,2.729,2.603,21.715,28,0.7755,0
2026-08-21 01:15:00,LINE_A,MAT_B,17.59,2.729,2.603,17.715,24,0.7381,0
2026-08-21 01:30:00,LINE_A,MAT_A,21.715,2.354,2.504,21.565,28,0.7702,0
2026-08-21 01:30:00,LINE_A,MAT_B,17.715,2.354,2.504,17.565,24,0.7319,0
2026-08-21 01:45:00,LINE_A,MAT_A,21.565,2.525,2.627,21.463,28,0.7666,0
2026-08-21 01:45:00,LINE_A,MAT_B,17.565,2.525,2.627,17.463,24,0.7276,0
2026-08-21 02:00:00,LINE_A,MAT_A,21.463,2.837,2.709,21.591,28,0.7711,0
2026-08-21 02:00:00,LINE_A,MAT_B,17.463,2.837,2.709,17.591,24,0.733,0
2026-08-21 02:15:00,LINE_A,MAT_A,21.591,2.763,2.8,21.554,28,0.7698,0
2026-08-21 02:15:00,LINE_A,MAT_B,17.591,2.763,2.8,17.554,24,0.7314,0
2026-08-21 02:30:00,LINE_A,MAT_A,21.554,2.396,2.831,21.119,28,0.7542,0
2026-08-21 02:30:00,LINE_A,MAT_B,17.554,2.396,2.831,17.119,24,0.7133,0
2026-08-21 02:45:00,LINE_A,MAT_A,21.119,2.991,2.891,21.219,28,0.7578,0
2026-08-21 02:45:00,LINE_A,MAT_B,17.119,2.991,2.891,17.219,24,0.7175,0
2026-08-21 03:00:00,LINE_A,MAT_A,21.219,2.872,2.66,21.431,28,0.7654,0
2026-08-21 03:00:00,LINE_A,MAT_B,17.219,2.872,2.66,17.431,24,0.7263,0
2026-08-21 03:15:00,LINE_A,MAT_A,21.431,2.863,2.71,21.584,28,0.7708,0
2026-08-21 03:15:00,LINE_A,MAT_B,17.431,2.863,2.71,17.584,24,0.7326,0
2026-08-21 03:30:00,LINE_A,MAT_A,21.584,2.562,2.652,21.493,28,0.7676,0
2026-08-21 03:30:00,LINE_A,MAT_B,17.584,2.562,2.652,17.493,24,0.7289,0
2026-08-21 03:45:00,LINE_A,MAT_A,21.493,2.679,2.633,21.54,28,0.7693,0
2026-08-21 03:45:00,LINE_A,MAT_B,17.493,2.679,2.633,17.54,24,0.7308,0
2026-08-21 04:00:00,LINE_A,MAT_A,21.54,2.435,2.728,21.247,28,0.7588,0
2026-08-21 04:00:00,LINE_A,MAT_B,17.54,2.435,2.728,17.247,24,0.7186,0
2026-08-21 04:15:00,LINE_A,MAT_A,21.247,2.675,2.772,21.15,28,0.7554,0
2026-08-21 04:15:00,LINE_A,MAT_B,17.247,2.675,2.772,17.15,24,0.7146,0
2026-08-21 04:30:00,LINE_A,MAT_A,21.15,2.619,2.703,21.066,28,0.7523,0
2026-08-21 04:30:00,LINE_A,MAT_B,17.15,2.619,2.703,17.066,24,0.7111,0
2026-08-21 04:45:00,LINE_A,MAT_A,21.066,3.064,2.928,21.202,28,0.7572,0
2026-08-21 04:45:00,LINE_A,MAT_B,17.066,3.064,2.928,17.202,24,0.7167,0
2026-08-21 05:00:00,LINE_A,MAT_A,21.202,2.716,2.732,21.186,28,0.7566,0
2026-08-21 05:00:00,LINE_A,MAT_B,17.202,2.716,2.732,17.186,24,0.7161,0
2026-08-21 05:15:00,LINE_A,MAT_A,21.186,2.508,3.033,20.661,28,0.7379,0
2026-08-21 05:15:00,LINE_A,MAT_B,17.186,2.508,3.033,16.661,24,0.6942,0
2026-08-21 05:30:00,LINE_A,MAT_A,20.661,2.785,2.836,20.61,28,0.7361,0
2026-08-21 05:30:00,LINE_A,MAT_B,16.661,2.785,2.836,16.61,24,0.6921,0
2026-08-21 05:45:00,LINE_A,MAT_A,20.61,2.685,2.751,20.545,28,0.7337,0
2026-08-21 05:45:00,LINE_A,MAT_B,16.61,2.685,2.751,16.545,24,0.6894,0
2026-08-21 06:00:00,LINE_A,MAT_A,20.545,3.485,3.275,20.755,28,0.7412,0
2026-08-21 06:00:00,LINE_A,MAT_B,16.545,3.485,3.275,16.755,24,0.6981,0
2026-08-21 06:15:00,LINE_A,MAT_A,20.755,3.811,3.4,21.165,28,0.7559,0
2026-08-21 06:15:00,LINE_A,MAT_B,16.755,3.811,3.4,17.165,24,0.7152,0
2026-08-21 06:30:00,LINE_A,MAT_A,21.165,3.437,3.279,21.323,28,0.7615,0
2026-08-21 06:30:00,LINE_A,MAT_B,17.165,3.437,3.279,17.323,24,0.7218,0
2026-08-21 06:45:00,LINE_A,MAT_A,21.323,3.62,3.21,21.733,28,0.7762,0
2026-08-21 06:45:00,LINE_A,MAT_B,17.323,3.62,3.21,17.733,24,0.7389,0
2026-08-21 07:00:00,LINE_A,MAT_A,21.733,3.587,3.532,21.788,28,0.7782,0
2026-08-21 07:00:00,LINE_A,MAT_B,17.733,3.587,3.532,17.788,24,0.7412,0
2026-08-21 07:15:00,LINE_A,MAT_A,21.788,3.681,3.3,22.169,28,0.7917,0
2026-08-21 07:15:00,LINE_A,MAT_B,17.788,3.681,3.3,18.169,24,0.757,0
2026-08-21 07:30:00,LINE_A,MAT_A,22.169,3.618,3.651,22.136,28,0.7906,0
2026-08-21 07:30:00,LINE_A,MAT_B,18.169,3.618,3.651,18.136,24,0.7557,0
2026-08-21 07:45:00,LINE_A,MAT_A,22.136,3.493,3.249,22.38,28,0.7993,0
2026-08-21 07:45:00,LINE_A,MAT_B,18.136,3.493,3.249,18.38,24,0.7658,0
2026-08-21 08:00:00,LINE_A,MAT_A,22.38,3.17,3.329,22.221,28,0.7936,0
2026-08-21 08:00:00,LINE_A,MAT_B,18.38,3.17,3.329,18.221,24,0.7592,0
2026-08-21 08:15:00,LINE_A,MAT_A,22.221,3.559,3.401,22.379,28,0.7993,0
2026-08-21 08:15:00,LINE_A,MAT_B,18.221,3.559,3.401,18.379,24,0.7658,0
2026-08-21 08:30:00,LINE_A,MAT_A,22.379,3.576,3.49,22.465,28,0.8023,0
2026-08-21 08:30:00,LINE_A,MAT_B,18.379,3.576,3.49,18.465,24,0.7694,0
2026-08-21 08:45:00,LINE_A,MAT_A,22.465,3.426,3.645,22.245,28,0.7945,0
2026-08-21 08:45:00,LINE_A,MAT_B,18.465,3.426,3.645,18.245,24,0.7602,0
2026-08-21 09:00:00,LINE_A,MAT_A,22.245,3.931,3.268,22.908,28,0.8181,0
2026-08-21 09:00:00,LINE_A,MAT_B,18.245,3.931,3.268,18.908,24,0.7878,0
2026-08-21 09:15:00,LINE_A,MAT_A,22.908,3.492,3.422,22.978,28,0.8206,0
2026-08-21 09:15:00,LINE_A,MAT_B,18.908,3.492,3.422,18.978,24,0.7907,0
2026-08-21 09:30:00,LINE_A,MAT_A,22.978,3.66,3.228,23.409,28,0.836,0
2026-08-21 09:30:00,LINE_A,MAT_B,18.978,3.66,3.228,19.409,24,0.8087,0
2026-08-21 09:45:00,LINE_A,MAT_A,23.409,3.918,3.57,23.756,28,0.8484,0
2026-08-21 09:45:00,LINE_A,MAT_B,19.409,3.918,3.57,19.756,24,0.8232,0
2026-08-21 10:00:00,LINE_A,MAT_A,23.756,3.342,3.37,23.728,28,0.8474,0
2026-08-21 10:00:00,LINE_A,MAT_B,19.756,3.342,3.37,19.728,24,0.822,0
2026-08-21 10:15:00,LINE_A,MAT_A,23.728,3.511,3.644,23.595,28,0.8427,0
2026-08-21 10:15:00,LINE_A,MAT_B,19.728,3.511,3.644,19.595,24,0.8165,0
2026-08-21 10:30:00,LINE_A,MAT_A,23.595,3.783,3.594,23.785,28,0.8495,0
2026-08-21 10:30:00,LINE_A,MAT_B,19.595,3.783,3.594,19.785,24,0.8244,0
2026-08-21 10:45:00,LINE_A,MAT_A,23.785,3.933,3.357,24.36,28,0.87,0
2026-08-21 10:45:00,LINE_A,MAT_B,19.785,3.933,3.357,20.36,24,0.8484,0
2026-08-21 11:00:00,LINE_A,MAT_A,24.36,3.62,3.368,24.612,28,0.879,0
2026-08-21 11:00:00,LINE_A,MAT_B,20.36,3.62,3.368,20.612,24,0.8588,0
2026-08-21 11:15:00,LINE_A,MAT_A,24.612,3.467,3.558,24.442,28,0.8729,0
2026-08-21 11:15:00,LINE_A,MAT_B,20.612,3.467,3.558,20.442,24,0.8517,0
2026-08-21 11:30:00,LINE_A,MAT_A,24.442,3.443,3.298,24.587,28,0.8781,0
2026-08-21 11:30:00,LINE_A,MAT_B,20.442,3.443,3.298,20.587,24,0.8578,0
2026-08-21 11:45:00,LINE_A,MAT_A,24.587,3.224,3.245,24.566,28,0.8773,0
2026-08-21 11:45:00,LINE_A,MAT_B,20.587,3.224,3.245,20.566,24,0.8569,0
2026-08-21 12:00:00,LINE_A,MAT_A,24.566,3.628,3.395,24.605,28,0.8787,0
2026-08-21 12:00:00,LINE_A,MAT_B,20.566,3.628,3.395,20.605,24,0.8585,0
2026-08-21 12:15:00,LINE_A,MAT_A,24.605,3.727,3.477,24.523,28,0.8758,0
2026-08-21 12:15:00,LINE_A,MAT_B,20.605,3.727,3.477,20.523,24,0.8551,0
2026-08-21 12:30:00,LINE_A,MAT_A,24.523,3.704,3.336,24.664,28,0.8809,0
2026-08-21 12:30:00,LINE_A,MAT_B,20.523,3.704,3.336,20.664,24,0.861,0
2026-08-21 12:45:00,LINE_A,MAT_A,24.664,3.126,3.629,24.161,28,0.8629,0
2026-08-21 12:45:00,LINE_A,MAT_B,20.664,3.126,3.629,20.161,24,0.84,0
2026-08-21 13:00:00,LINE_A,MAT_A,24.161,4.017,3.598,24.402,28,0.8715,0
2026-08-21 13:00:00,LINE_A,MAT_B,20.161,4.017,3.598,20.402,24,0.8501,0
2026-08-21 13:15:00,LINE_A,MAT_A,24.402,3.199,3.717,23.883,28,0.853,0
2026-08-21 13:15:00,LINE_A,MAT_B,20.402,3.199,3.717,19.883,24,0.8285,0
2026-08-21 13:30:00,LINE_A,MAT_A,23.883,3.066,3.717,23.233,28,0.8297,0
2026-08-21 13:30:00,LINE_A,MAT_B,19.883,3.066,3.717,19.233,24,0.8014,0
2026-08-21 13:45:00,LINE_A,MAT_A,23.233,4.565,3.437,24.361,28,0.87,0
2026-08-21 13:45:00,LINE_A,MAT_B,19.233,4.565,3.437,20.361,24,0.8484,0
2026-08-21 14:00:00,LINE_A,MAT_A,24.361,3.81,3.55,24.45,28,0.8732,0
2026-08-21 14:00:00,LINE_A,MAT_B,20.361,3.81,3.55,20.45,24,0.8521,0
2026-08-21 14:15:00,LINE_A,MAT_A,24.45,4.223,3.701,24.299,28,0.8678,0
2026-08-21 14:15:00,LINE_A,MAT_B,20.45,4.223,3.701,20.299,24,0.8458,0
2026-08-21 14:30:00,LINE_A,MAT_A,24.299,3.848,3.764,24.236,28,0.8656,0
2026-08-21 14:30:00,LINE_A,MAT_B,20.299,3.848,3.764,20.236,24,0.8432,0
2026-08-21 14:45:00,LINE_A,MAT_A,24.236,4.164,4.047,23.953,28,0.8554,0
2026-08-21 14:45:00,LINE_A,MAT_B,20.236,4.164,4.047,19.953,24,0.8314,0
2026-08-21 15:00:00,LINE_A,MAT_A,23.953,3.7,3.626,24.027,28,0.8581,0
2026-08-21 15:00:00,LINE_A,MAT_B,19.953,3.7,3.626,20.027,24,0.8344,0
2026-08-21 15:15:00,LINE_A,MAT_A,24.027,3.584,3.784,23.827,28,0.8509,0
2026-08-21 15:15:00,LINE_A,MAT_B,20.027,3.584,3.784,19.827,24,0.8261,0
2026-08-21 15:30:00,LINE_A,MAT_A,23.827,3.723,3.834,23.716,28,0.847,0
2026-08-21 15:30:00,LINE_A,MAT_B,19.827,3.723,3.834,19.716,24,0.8215,0
2026-08-21 15:45:00,LINE_A,MAT_A,23.716,3.568,3.753,23.531,28,0.8404,0
2026-08-21 15:45:00,LINE_A,MAT_B,19.716,3.568,3.753,19.531,24,0.8138,0
2026-08-21 16:00:00,LINE_A,MAT_A,23.531,3.816,3.706,23.641,28,0.8443,0
2026-08-21 16:00:00,LINE_A,MAT_B,19.531,3.816,3.706,19.641,24,0.8184,0
2026-08-21 16:15:00,LINE_A,MAT_A,23.641,3.684,3.563,23.761,28,0.8486,0
2026-08-21 16:15:00,LINE_A,MAT_B,19.641,3.684,3.563,19.761,24,0.8234,0
2026-08-21 16:30:00,LINE_A,MAT_A,23.761,3.759,3.942,23.578,28,0.8421,0
2026-08-21 16:30:00,LINE_A,MAT_B,19.761,3.759,3.942,19.578,24,0.8157,0
2026-08-21 16:45:00,LINE_A,MAT_A,23.578,3.768,3.584,23.762,28,0.8486,0
2026-08-21 16:45:00,LINE_A,MAT_B,19.578,3.768,3.584,19.762,24,0.8234,0
2026-08-21 17:00:00,LINE_A,MAT_A,23.762,4.181,3.581,24.362,28,0.8701,0
2026-08-21 17:00:00,LINE_A,MAT_B,19.762,4.181,3.581,20.362,24,0.8484,0
2026-08-21 17:15:00,LINE_A,MAT_A,24.362,3.69,3.795,24.205,28,0.8645,0
2026-08-21 17:15:00,LINE_A,MAT_B,20.362,3.69,3.795,20.205,24,0.8419,0
2026-08-21 17:30:00,LINE_A,MAT_A,24.205,3.767,3.573,24.399,28,0.8714,0
2026-08-21 17:30:00,LINE_A,MAT_B,20.205,3.767,3.573,20.399,24,0.8499,0
2026-08-21 17:45:00,LINE_A,MAT_A,24.399,3.453,3.815,24.038,28,0.8585,0
2026-08-21 17:45:00,LINE_A,MAT_B,20.399,3.453,3.815,20.038,24,0.8349,0
2026-08-21 18:00:00,LINE_A,MAT_A,24.038,3.522,3.69,23.869,28,0.8525,0
2026-08-21 18:00:00,LINE_A,MAT_B,20.038,3.522,3.69,19.869,24,0.8279,0
2026-08-21 18:15:00,LINE_A,MAT_A,23.869,3.677,3.507,24.04,28,0.8586,0
2026-08-21 18:15:00,LINE_A,MAT_B,19.869,3.677,3.507,20.04,24,0.835,0
2026-08-21 18:30:00,LINE_A,MAT_A,24.04,3.648,3.58,24.108,28,0.861,0
2026-08-21 18:30:00,LINE_A,MAT_B,20.04,3.648,3.58,20.108,24,0.8378,0
2026-08-21 18:45:00,LINE_A,MAT_A,24.108,3.469,3.579,23.998,28,0.8571,0
2026-08-21 18:45:00,LINE_A,MAT_B,20.108,3.469,3.579,19.998,24,0.8332,0
2026-08-21 19:00:00,LINE_A,MAT_A,23.998,3.179,3.198,23.979,28,0.8564,0
2026-08-21 19:00:00,LINE_A,MAT_B,19.998,3.179,3.198,19.979,24,0.8324,0
2026-08-21 19:15:00,LINE_A,MAT_A,23.979,3.236,3.138,24.076,28,0.8599,0
2026-08-21 19:15:00,LINE_A,MAT_B,19.979,3.236,3.138,20.076,24,0.8365,0
2026-08-21 19:30:00,LINE_A,MAT_A,24.076,3.677,3.646,24.108,28,0.861,0
2026-08-21 19:30:00,LINE_A,MAT_B,20.076,3.677,3.646,20.108,24,0.8378,0
2026-08-21 19:45:00,LINE_A,MAT_A,24.108,3.49,3.398,24.199,28,0.8643,0
2026-08-21 19:45:00,LINE_A,MAT_B,20.108,3.49,3.398,20.199,24,0.8416,0
2026-08-21 20:00:00,LINE_A,MAT_A,24.199,3.457,3.777,23.88,28,0.8528,0
2026-08-21 20:00:00,LINE_A,MAT_B,20.199,3.457,3.777,19.88,24,0.8283,0
2026-08-21 20:15:00,LINE_A,MAT_A,23.88,3.602,3.476,24.005,28,0.8573,0
2026-08-21 20:15:00,LINE_A,MAT_B,19.88,3.602,3.476,20.005,24,0.8335,0
2026-08-21 20:30:00,LINE_A,MAT_A,24.005,3.433,3.352,24.087,28,0.8602,0
2026-08-21 20:30:00,LINE_A,MAT_B,20.005,3.433,3.352,20.087,24,0.8369,0
2026-08-21 20:45:00,LINE_A,MAT_A,24.087,3.674,3.55,24.211,28,0.8647,0
2026-08-21 20:45:00,LINE_A,MAT_B,20.087,3.674,3.55,20.211,24,0.8421,0
2026-08-21 21:00:00,LINE_A,MAT_A,24.211,3.445,3.512,24.143,28,0.8623,0
2026-08-21 21:00:00,LINE_A,MAT_B,20.211,3.445,3.512,20.143,24,0.8393,0
2026-08-21 21:15:00,LINE_A,MAT_A,24.143,3.481,3.163,24.461,28,0.8736,0
2026-08-21 21:15:00,LINE_A,MAT_B,20.143,3.481,3.163,20.461,24,0.8525,0
2026-08-21 21:30:00,LINE_A,MAT_A,24.461,3.424,3.431,24.454,28,0.8734,0
2026-08-21 21:30:00,LINE_A,MAT_B,20.461,3.424,3.431,20.454,24,0.8523,0
2026-08-21 21:45:00,LINE_A,MAT_A,24.454,3.503,3.571,24.386,28,0.8709,0
2026-08-21 21:45:00,LINE_A,MAT_B,20.454,3.503,3.571,20.386,24,0.8494,0
2026-08-21 22:00:00,LINE_A,MAT_A,24.386,2.514,2.553,24.347,28,0.8696,0
2026-08-21 22:00:00,LINE_A,MAT_B,20.386,2.514,2.553,20.347,24,0.8478,0
2026-08-21 22:15:00,LINE_A,MAT_A,24.347,2.801,2.739,24.409,28,0.8718,0
2026-08-21 22:15:00,LINE_A,MAT_B,20.347,2.801,2.739,20.409,24,0.8504,0
2026-08-21 22:30:00,LINE_A,MAT_A,24.409,2.679,2.737,24.352,28,0.8697,0
2026-08-21 22:30:00,LINE_A,MAT_B,20.409,2.679,2.737,20.352,24,0.848,0
2026-08-21 22:45:00,LINE_A,MAT_A,24.352,2.391,2.901,23.842,28,0.8515,0
2026-08-21 22:45:00,LINE_A,MAT_B,20.352,2.391,2.901,19.842,24,0.8268,0
2026-08-21 23:00:00,LINE_A,MAT_A,23.842,2.723,2.809,23.757,28,0.8485,0
2026-08-21 23:00:00,LINE_A,MAT_B,19.842,2.723,2.809,19.757,24,0.8232,0
2026-08-21 23:15:00,LINE_A,MAT_A,23.757,2.868,2.715,23.911,28,0.854,0
2026-08-21 23:15:00,LINE_A,MAT_B,19.757,2.868,2.715,19.911,24,0.8296,0
2026-08-21 23:30:00,LINE_A,MAT_A,23.911,2.802,2.604,24.108,28,0.861,0
2026-08-21 23:30:00,LINE_A,MAT_B,19.911,2.802,2.604,20.108,24,0.8378,0
2026-08-21 23:45:00,LINE_A,MAT_A,24.108,2.606,2.601,24.113,28,0.8612,0
2026-08-21 23:45:00,LINE_A,MAT_B,20.108,2.606,2.601,20.113,24,0.8381,0
2026-08-22 00:00:00,LINE_A,MAT_A,24.113,2.142,2.282,23.974,28,0.8562,0
2026-08-22 00:00:00,LINE_A,MAT_B,20.113,2.142,2.282,19.974,24,0.8322,0
2026-08-22 00:15:00,LINE_A,MAT_A,23.974,2.118,2.027,24.065,28,0.8595,0
2026-08-22 00:15:00,LINE_A,MAT_B,19.974,2.118,2.027,20.065,24,0.8361,0
2026-08-22 00:30:00,LINE_A,MAT_A,24.065,2.324,2.216,24.173,28,0.8633,0
2026-08-22 00:30:00,LINE_A,MAT_B,20.065,2.324,2.216,20.173,24,0.8406,0
2026-08-22 00:45:00,LINE_A,MAT_A,24.173,2.131,2.295,24.01,28,0.8575,0
2026-08-22 00:45:00,LINE_A,MAT_B,20.173,2.131,2.295,20.01,24,0.8337,0
2026-08-22 01:00:00,LINE_A,MAT_A,24.01,1.983,2.184,23.808,28,0.8503,0
2026-08-22 01:00:00,LINE_A,MAT_B,20.01,1.983,2.184,19.808,24,0.8253,0
2026-08-22 01:15:00,LINE_A,MAT_A,23.808,2.248,2.206,23.851,28,0.8518,0
2026-08-22 01:15:00,LINE_A,MAT_B,19.808,2.248,2.206,19.851,24,0.8271,0
2026-08-22 01:30:00,LINE_A,MAT_A,23.851,2.344,2.268,23.927,28,0.8545,0
2026-08-22 01:30:00,LINE_A,MAT_B,19.851,2.344,2.268,19.927,24,0.8303,0
2026-08-22 01:45:00,LINE_A,MAT_A,23.927,2.262,1.983,24.205,28,0.8645,0
2026-08-22 01:45:00,LINE_A,MAT_B,19.927,2.262,1.983,20.205,24,0.8419,0
2026-08-22 02:00:00,LINE_A,MAT_A,24.205,2.255,2.3,24.16,28,0.8629,0
2026-08-22 02:00:00,LINE_A,MAT_B,20.205,2.255,2.3,20.16,24,0.84,0
2026-08-22 02:15:00,LINE_A,MAT_A,24.16,2.296,2.04,24.416,28,0.872,0
2026-08-22 02:15:00,LINE_A,MAT_B,20.16,2.296,2.04,20.416,24,0.8507,0
2026-08-22 02:30:00,LINE_A,MAT_A,24.416,2.075,2.059,24.432,28,0.8726,0
2026-08-22 02:30:00,LINE_A,MAT_B,20.416,2.075,2.059,20.432,24,0.8513,0
2026-08-22 02:45:00,LINE_A,MAT_A,24.432,2.179,2.241,24.37,28,0.8704,0
2026-08-22 02:45:00,LINE_A,MAT_B,20.432,2.179,2.241,20.37,24,0.8488,0
2026-08-22 03:00:00,LINE_A,MAT_A,24.37,2.396,1.975,24.791,28,0.8854,0
2026-08-22 03:00:00,LINE_A,MAT_B,20.37,2.396,1.975,20.791,24,0.8663,0
2026-08-22 03:15:00,LINE_A,MAT_A,24.791,2.349,2.091,25.049,28,0.8946,0
2026-08-22 03:15:00,LINE_A,MAT_B,20.791,2.349,2.091,21.049,24,0.877,0
2026-08-22 03:30:00,LINE_A,MAT_A,25.049,2.305,2.197,25.156,28,0.8984,0
2026-08-22 03:30:00,LINE_A,MAT_B,21.049,2.305,2.197,21.156,24,0.8815,0
2026-08-22 03:45:00,LINE_A,MAT_A,25.156,2.182,2.1,25.239,28,0.9014,0
2026-08-22 03:45:00,LINE_A,MAT_B,21.156,2.182,2.1,21.239,24,0.885,0
2026-08-22 04:00:00,LINE_A,MAT_A,25.239,2.111,2.027,25.322,28,0.9044,0
2026-08-22 04:00:00,LINE_A,MAT_B,21.239,2.111,2.027,21.322,24,0.8884,0
2026-08-22 04:15:00,LINE_A,MAT_A,25.322,2.206,2.349,25.18,28,0.8993,0
2026-08-22 04:15:00,LINE_A,MAT_B,21.322,2.206,2.349,21.18,24,0.8825,0
2026-08-22 04:30:00,LINE_A,MAT_A,25.18,2.123,2.239,25.065,28,0.8952,0
2026-08-22 04:30:00,LINE_A,MAT_B,21.18,2.123,2.239,21.065,24,0.8777,0
2026-08-22 04:45:00,LINE_A,MAT_A,25.065,2.255,2.305,25.015,28,0.8934,0
2026-08-22 04:45:00,LINE_A,MAT_B,21.065,2.255,2.305,21.015,24,0.8756,0
2026-08-22 05:00:00,LINE_A,MAT_A,25.015,2.19,2.283,24.922,28,0.8901,0
2026-08-22 05:00:00,LINE_A,MAT_B,21.015,2.19,2.283,20.922,24,0.8718,0
2026-08-22 05:15:00,LINE_A,MAT_A,24.922,2.338,2.375,24.885,28,0.8888,0
2026-08-22 05:15:00,LINE_A,MAT_B,20.922,2.338,2.375,20.885,24,0.8702,0
2026-08-22 05:30:00,LINE_A,MAT_A,24.885,2.222,2.235,24.873,28,0.8883,0
2026-08-22 05:30:00,LINE_A,MAT_B,20.885,2.222,2.235,20.873,24,0.8697,0
2026-08-22 05:45:00,LINE_A,MAT_A,24.873,2.201,2.07,25.004,28,0.893,0
2026-08-22 05:45:00,LINE_A,MAT_B,20.873,2.201,2.07,21.004,24,0.8752,0
2026-08-22 06:00:00,LINE_A,MAT_A,25.004,2.686,2.624,25.066,28,0.8952,0
2026-08-22 06:00:00,LINE_A,MAT_B,21.004,2.686,2.624,21.066,24,0.8778,0
2026-08-22 06:15:00,LINE_A,MAT_A,25.066,2.644,2.996,24.714,28,0.8826,0
2026-08-22 06:15:00,LINE_A,MAT_B,21.066,2.644,2.996,20.714,24,0.8631,0
2026-08-22 06:30:00,LINE_A,MAT_A,24.714,2.836,2.747,24.803,28,0.8858,0
2026-08-22 06:30:00,LINE_A,MAT_B,20.714,2.836,2.747,20.803,24,0.8668,0
2026-08-22 06:45:00,LINE_A,MAT_A,24.803,2.794,2.693,24.904,28,0.8894,0
2026-08-22 06:45:00,LINE_A,MAT_B,20.803,2.794,2.693,20.904,24,0.871,0
2026-08-22 07:00:00,LINE_A,MAT_A,24.904,2.724,2.857,24.772,28,0.8847,0
2026-08-22 07:00:00,LINE_A,MAT_B,20.904,2.724,2.857,20.772,24,0.8655,0
2026-08-22 07:15:00,LINE_A,MAT_A,24.772,2.857,2.952,24.677,28,0.8813,0
2026-08-22 07:15:00,LINE_A,MAT_B,20.772,2.857,2.952,20.677,24,0.8616,0
2026-08-22 07:30:00,LINE_A,MAT_A,24.677,3.099,2.811,24.965,28,0.8916,0
2026-08-22 07:30:00,LINE_A,MAT_B,20.677,3.099,2.811,20.965,24,0.8736,0
2026-08-22 07:45:00,LINE_A,MAT_A,24.965,2.81,2.782,24.993,28,0.8926,0
2026-08-22 07:45:00,LINE_A,MAT_B,20.965,2.81,2.782,20.993,24,0.8747,0
2026-08-22 08:00:00,LINE_A,MAT_A,24.993,3.104,2.854,25.146,28,0.8981,0
2026-08-22 08:00:00,LINE_A,MAT_B,20.993,3.104,2.854,21.146,24,0.8811,0
2026-08-22 08:15:00,LINE_A,MAT_A,25.146,2.836,2.886,25.096,28,0.8963,0
2026-08-22 08:15:00,LINE_A,MAT_B,21.146,2.836,2.886,21.096,24,0.879,0
2026-08-22 08:30:00,LINE_A,MAT_A,25.096,2.797,2.669,25.225,28,0.9009,0
2026-08-22 08:30:00,LINE_A,MAT_B,21.096,2.797,2.669,21.225,24,0.8844,0
2026-08-22 08:45:00,LINE_A,MAT_A,25.225,2.799,2.82,25.18,28,0.8993,0
2026-08-22 08:45:00,LINE_A,MAT_B,21.225,2.799,2.82,21.18,24,0.8825,0
2026-08-22 09:00:00,LINE_A,MAT_A,25.18,2.674,2.875,24.979,28,0.8921,0
2026-08-22 09:00:00,LINE_A,MAT_B,21.18,2.674,2.875,20.979,24,0.8741,0
2026-08-22 09:15:00,LINE_A,MAT_A,24.979,2.876,2.877,24.978,28,0.8921,0
2026-08-22 09:15:00,LINE_A,MAT_B,20.979,2.876,2.877,20.978,24,0.8741,0
2026-08-22 09:30:00,LINE_A,MAT_A,24.978,2.523,2.906,24.595,28,0.8784,0
2026-08-22 09:30:00,LINE_A,MAT_B,20.978,2.523,2.906,20.595,24,0.8581,0
2026-08-22 09:45:00,LINE_A,MAT_A,24.595,2.739,2.875,24.459,28,0.8735,0
2026-08-22 09:45:00,LINE_A,MAT_B,20.595,2.739,2.875,20.459,24,0.8524,0
2026-08-22 10:00:00,LINE_A,MAT_A,24.459,2.628,2.853,24.233,28,0.8655,0
2026-08-22 10:00:00,LINE_A,MAT_B,20.459,2.628,2.853,20.233,24,0.8431,0
2026-08-22 10:15:00,LINE_A,MAT_A,24.233,2.817,2.945,24.106,28,0.8609,0
2026-08-22 10:15:00,LINE_A,MAT_B,20.233,2.817,2.945,20.106,24,0.8378,0
2026-08-22 10:30:00,LINE_A,MAT_A,24.106,2.975,2.987,24.094,28,0.8605,0
2026-08-22 10:30:00,LINE_A,MAT_B,20.106,2.975,2.987,20.094,24,0.8373,0
2026-08-22 10:45:00,LINE_A,MAT_A,24.094,2.791,2.906,23.98,28,0.8564,0
2026-08-22 10:45:00,LINE_A,MAT_B,20.094,2.791,2.906,19.98,24,0.8325,0
2026-08-22 11:00:00,LINE_A,MAT_A,23.98,2.658,2.843,23.796,28,0.8498,0
2026-08-22 11:00:00,LINE_A,MAT_B,19.98,2.658,2.843,19.796,24,0.8248,0
2026-08-22 11:15:00,LINE_A,MAT_A,23.796,2.802,2.896,23.702,28,0.8465,0
2026-08-22 11:15:00,LINE_A,MAT_B,19.796,2.802,2.896,19.702,24,0.8209,0
2026-08-22 11:30:00,LINE_A,MAT_A,23.702,2.765,2.409,24.058,28,0.8592,0
2026-08-22 11:30:00,LINE_A,MAT_B,19.702,2.765,2.409,20.058,24,0.8357,0
2026-08-22 11:45:00,LINE_A,MAT_A,24.058,2.828,2.431,24.455,28,0.8734,0
2026-08-22 11:45:00,LINE_A,MAT_B,20.058,2.828,2.431,20.455,24,0.8523,0
2026-08-22 12:00:00,LINE_A,MAT_A,24.455,2.565,2.948,24.071,28,0.8597,0
2026-08-22 12:00:00,LINE_A,MAT_B,20.455,2.565,2.948,20.071,24,0.8363,0
2026-08-22 12:15:00,LINE_A,MAT_A,24.071,3.03,2.877,24.225,28,0.8652,0
2026-08-22 12:15:00,LINE_A,MAT_B,20.071,3.03,2.877,20.225,24,0.8427,0
2026-08-22 12:30:00,LINE_A,MAT_A,24.225,3.232,3.077,24.381,28,0.8707,0
2026-08-22 12:30:00,LINE_A,MAT_B,20.225,3.232,3.077,20.381,24,0.8492,0
2026-08-22 12:45:00,LINE_A,MAT_A,24.381,3.179,2.922,24.638,28,0.8799,0
2026-08-22 12:45:00,LINE_A,MAT_B,20.381,3.179,2.922,20.638,24,0.8599,0
2026-08-22 13:00:00,LINE_A,MAT_A,24.638,3.139,2.844,24.933,28,0.8904,0
2026-08-22 13:00:00,LINE_A,MAT_B,20.638,3.139,2.844,20.933,24,0.8722,0
2026-08-22 13:15:00,LINE_A,MAT_A,24.933,3.261,3.119,24.881,28,0.8886,0
2026-08-22 13:15:00,LINE_A,MAT_B,20.933,3.261,3.119,20.881,24,0.87,0
2026-08-22 13:30:00,LINE_A,MAT_A,24.881,3.053,2.615,25.319,28,0.9042,0
2026-08-22 13:30:00,LINE_A,MAT_B,20.881,3.053,2.615,21.319,24,0.8883,0
2026-08-22 13:45:00,LINE_A,MAT_A,25.319,3.136,3.098,24.902,28,0.8894,0
2026-08-22 13:45:00,LINE_A,MAT_B,21.319,3.136,3.098,20.902,24,0.8709,0
2026-08-22 14:00:00,LINE_A,MAT_A,24.902,2.915,3.062,24.755,28,0.8841,0
2026-08-22 14:00:00,LINE_A,MAT_B,20.902,2.915,3.062,20.755,24,0.8648,0
2026-08-22 14:15:00,LINE_A,MAT_A,24.755,3.194,3.366,24.583,28,0.878,0
2026-08-22 14:15:00,LINE_A,MAT_B,20.755,3.194,3.366,20.583,24,0.8576,0
2026-08-22 14:30:00,LINE_A,MAT_A,24.583,2.882,3.036,24.429,28,0.8725,0
2026-08-22 14:30:00,LINE_A,MAT_B,20.583,2.882,3.036,20.429,24,0.8512,0
2026-08-22 14:45:00,LINE_A,MAT_A,24.429,3.425,3.217,24.637,28,0.8799,0
2026-08-22 14:45:00,LINE_A,MAT_B,20.429,3.425,3.217,20.637,24,0.8599,0
2026-08-22 15:00:00,LINE_A,MAT_A,24.637,3.2,3.135,24.702,28,0.8822,0
2026-08-22 15:00:00,LINE_A,MAT_B,20.637,3.2,3.135,20.702,24,0.8626,0
2026-08-22 15:15:00,LINE_A,MAT_A,24.702,3.058,3.06,24.7,28,0.8821,0
2026-08-22 15:15:00,LINE_A,MAT_B,20.702,3.058,3.06,20.7,24,0.8625,0
2026-08-22 15:30:00,LINE_A,MAT_A,24.7,3.195,2.946,24.949,28,0.891,0
2026-08-22 15:30:00,LINE_A,MAT_B,20.7,3.195,2.946,20.949,24,0.8729,0
2026-08-22 15:45:00,LINE_A,MAT_A,24.949,2.972,3.045,24.877,28,0.8885,0
2026-08-22 15:45:00,LINE_A,MAT_B,20.949,2.972,3.045,20.877,24,0.8699,0
2026-08-22 16:00:00,LINE_A,MAT_A,24.877,3.02,3.124,24.773,28,0.8847,0
2026-08-22 16:00:00,LINE_A,MAT_B,20.877,3.02,3.124,20.773,24,0.8655,0
2026-08-22 16:15:00,LINE_A,MAT_A,24.773,2.746,3.052,24.467,28,0.8738,0
2026-08-22 16:15:00,LINE_A,MAT_B,20.773,2.746,3.052,20.467,24,0.8528,0
2026-08-22 16:30:00,LINE_A,MAT_A,24.467,3.168,3.068,24.567,28,0.8774,0
2026-08-22 16:30:00,LINE_A,MAT_B,20.467,3.168,3.068,20.567,24,0.857,0
2026-08-22 16:45:00,LINE_A,MAT_A,24.567,3.014,3.044,24.537,28,0.8763,0
2026-08-22 16:45:00,LINE_A,MAT_B,20.567,3.014,3.044,20.537,24,0.8557,0
2026-08-22 17:00:00,LINE_A,MAT_A,24.537,3.362,3.038,24.861,28,0.8879,0
2026-08-22 17:00:00,LINE_A,MAT_B,20.537,3.362,3.038,20.861,24,0.8692,0
2026-08-22 17:15:00,LINE_A,MAT_A,24.861,3.17,3.056,24.944,28,0.8909,0
2026-08-22 17:15:00,LINE_A,MAT_B,20.861,3.17,3.056,20.944,24,0.8727,0
2026-08-22 17:30:00,LINE_A,MAT_A,24.944,2.771,2.918,24.797,28,0.8856,0
2026-08-22 17:30:00,LINE_A,MAT_B,20.944,2.771,2.918,20.797,24,0.8665,0
2026-08-22 17:45:00,LINE_A,MAT_A,24.797,2.945,2.956,24.786,28,0.8852,0
2026-08-22 17:45:00,LINE_A,MAT_B,20.797,2.945,2.956,20.786,24,0.8661,0
2026-08-22 18:00:00,LINE_A,MAT_A,24.786,2.636,2.961,24.462,28,0.8736,0
2026-08-22 18:00:00,LINE_A,MAT_B,20.786,2.636,2.961,20.462,24,0.8526,0
2026-08-22 18:15:00,LINE_A,MAT_A,24.462,2.842,3.139,24.164,28,0.863,0
2026-08-22 18:15:00,LINE_A,MAT_B,20.462,2.842,3.139,20.164,24,0.8402,0
2026-08-22 18:30:00,LINE_A,MAT_A,24.164,3.011,2.88,24.295,28,0.8677,0
2026-08-22 18:30:00,LINE_A,MAT_B,20.164,3.011,2.88,20.295,24,0.8456,0
2026-08-22 18:45:00,LINE_A,MAT_A,24.295,2.897,2.885,24.307,28,0.8681,0
2026-08-22 18:45:00,LINE_A,MAT_B,20.295,2.897,2.885,20.307,24,0.8461,0
2026-08-22 19:00:00,LINE_A,MAT_A,24.307,2.89,2.758,24.44,28,0.8728,0
2026-08-22 19:00:00,LINE_A,MAT_B,20.307,2.89,2.758,20.44,24,0.8516,0
2026-08-22 19:15:00,LINE_A,MAT_A,24.44,2.662,2.604,24.497,28,0.8749,0
2026-08-22 19:15:00,LINE_A,MAT_B,20.44,2.662,2.604,20.497,24,0.8541,0
2026-08-22 19:30:00,LINE_A,MAT_A,24.497,2.834,2.805,24.526,28,0.8759,0
2026-08-22 19:30:00,LINE_A,MAT_B,20.497,2.834,2.805,20.526,24,0.8553,0
2026-08-22 19:45:00,LINE_A,MAT_A,24.526,3.002,2.908,24.621,28,0.8793,0
2026-08-22 19:45:00,LINE_A,MAT_B,20.526,3.002,2.908,20.621,24,0.8592,0
2026-08-22 20:00:00,LINE_A,MAT_A,24.621,3.037,3.041,24.617,28,0.8792,0
2026-08-22 20:00:00,LINE_A,MAT_B,20.621,3.037,3.041,20.617,24,0.8591,0
2026-08-22 20:15:00,LINE_A,MAT_A,24.617,2.919,2.855,24.682,28,0.8815,0
2026-08-22 20:15:00,LINE_A,MAT_B,20.617,2.919,2.855,20.682,24,0.8617,0
2026-08-22 20:30:00,LINE_A,MAT_A,24.682,2.939,3.083,24.538,28,0.8763,0
2026-08-22 20:30:00,LINE_A,MAT_B,20.682,2.939,3.083,20.538,24,0.8557,0
2026-08-22 20:45:00,LINE_A,MAT_A,24.538,2.723,2.844,24.416,28,0.872,0
2026-08-22 20:45:00,LINE_A,MAT_B,20.538,2.723,2.844,20.416,24,0.8507,0
2026-08-22 21:00:00,LINE_A,MAT_A,24.416,3.01,2.952,24.475,28,0.8741,0
2026-08-22 21:00:00,LINE_A,MAT_B,20.416,3.01,2.952,20.475,24,0.8531,0
2026-08-22 21:15:00,LINE_A,MAT_A,24.475,3.142,2.897,24.721,28,0.8829,0
2026-08-22 21:15:00,LINE_A,MAT_B,20.475,3.142,2.897,20.721,24,0.8634,0
2026-08-22 21:30:00,LINE_A,MAT_A,24.721,2.871,3.05,24.542,28,0.8765,0
2026-08-22 21:30:00,LINE_A,MAT_B,20.721,2.871,3.05,20.542,24,0.8559,0
2026-08-22 21:45:00,LINE_A,MAT_A,24.542,2.804,3.041,24.305,28,0.868,0
2026-08-22 21:45:00,LINE_A,MAT_B,20.542,2.804,3.041,20.305,24,0.846,0
2026-08-22 22:00:00,LINE_A,MAT_A,24.305,2.231,2.08,24.455,28,0.8734,0
2026-08-22 22:00:00,LINE_A,MAT_B,20.305,2.231,2.08,20.455,24,0.8523,0
2026-08-22 22:15:00,LINE_A,MAT_A,24.455,2.448,2.302,24.602,28,0.8786,0
2026-08-22 22:15:00,LINE_A,MAT_B,20.455,2.448,2.302,20.602,24,0.8584,0
2026-08-22 22:30:00,LINE_A,MAT_A,24.602,1.98,2.197,24.385,28,0.8709,0
2026-08-22 22:30:00,LINE_A,MAT_B,20.602,1.98,2.197,20.385,24,0.8494,0
2026-08-22 22:45:00,LINE_A,MAT_A,24.385,1.458,2.258,23.586,28,0.8424,0
2026-08-22 22:45:00,LINE_A,MAT_B,20.385,1.458,2.258,19.586,24,0.8161,0
2026-08-22 23:00:00,LINE_A,MAT_A,23.586,2.942,2.646,23.882,28,0.8529,0
2026-08-22 23:00:00,LINE_A,MAT_B,19.586,2.942,2.646,19.882,24,0.8284,0
2026-08-22 23:15:00,LINE_A,MAT_A,23.882,2.154,2.123,23.913,28,0.854,0
2026-08-22 23:15:00,LINE_A,MAT_B,19.882,2.154,2.123,19.913,24,0.8297,0
2026-08-22 23:30:00,LINE_A,MAT_A,23.913,1.868,2.287,23.493,28,0.839,0
2026-08-22 23:30:00,LINE_A,MAT_B,19.913,1.868,2.287,19.493,24,0.8122,0
2026-08-22 23:45:00,LINE_A,MAT_A,23.493,2.324,2.09,23.726,28,0.8474,0
2026-08-22 23:45:00,LINE_A,MAT_B,19.493,2.324,2.09,19.726,24,0.8219,0
2026-08-23 00:00:00,LINE_A,MAT_A,23.726,1.798,2.289,23.235,28,0.8298,0
2026-08-23 00:00:00,LINE_A,MAT_B,19.726,1.798,2.289,19.235,24,0.8015,0
2026-08-23 00:15:00,LINE_A,MAT_A,23.235,2.02,2.136,23.119,28,0.8257,0
2026-08-23 00:15:00,LINE_A,MAT_B,19.235,2.02,2.136,19.119,24,0.7966,0
2026-08-23 00:30:00,LINE_A,MAT_A,23.119,2.228,1.957,23.389,28,0.8353,0
2026-08-23 00:30:00,LINE_A,MAT_B,19.119,2.228,1.957,19.389,24,0.8079,0
2026-08-23 00:45:00,LINE_A,MAT_A,23.389,2.175,2.241,23.323,28,0.833,0
2026-08-23 00:45:00,LINE_A,MAT_B,19.389,2.175,2.241,19.323,24,0.8051,0
2026-08-23 01:00:00,LINE_A,MAT_A,23.323,2.247,2.142,23.427,28,0.8367,0
2026-08-23 01:00:00,LINE_A,MAT_B,19.323,2.247,2.142,19.427,24,0.8095,0
2026-08-23 01:15:00,LINE_A,MAT_A,23.427,2.173,2.254,23.346,28,0.8338,0
2026-08-23 01:15:00,LINE_A,MAT_B,19.427,2.173,2.254,19.346,24,0.8061,0
2026-08-23 01:30:00,LINE_A,MAT_A,23.346,2.178,2.253,23.272,28,0.8311,0
2026-08-23 01:30:00,LINE_A,MAT_B,19.346,2.178,2.253,19.272,24,0.803,0
2026-08-23 01:45:00,LINE_A,MAT_A,23.272,2.428,2.011,23.689,28,0.846,0
2026-08-23 01:45:00,LINE_A,MAT_B,19.272,2.428,2.011,19.689,24,0.8204,0
2026-08-23 02:00:00,LINE_A,MAT_A,23.689,1.957,2.236,23.411,28,0.8361,0
2026-08-23 02:00:00,LINE_A,MAT_B,19.689,1.957,2.236,19.411,24,0.8088,0
2026-08-23 02:15:00,LINE_A,MAT_A,23.411,2.109,2.366,23.154,28,0.8269,0
2026-08-23 02:15:00,LINE_A,MAT_B,19.411,2.109,2.366,19.154,24,0.7981,0
2026-08-23 02:30:00,LINE_A,MAT_A,23.154,2.016,2.09,23.08,28,0.8243,0
2026-08-23 02:30:00,LINE_A,MAT_B,19.154,2.016,2.09,19.08,24,0.795,0
2026-08-23 02:45:00,LINE_A,MAT_A,23.08,2.163,2.213,23.03,28,0.8225,0
2026-08-23 02:45:00,LINE_A,MAT_B,19.08,2.163,2.213,19.03,24,0.7929,0
2026-08-23 03:00:00,LINE_A,MAT_A,23.03,2.108,2.29,22.848,28,0.816,0
2026-08-23 03:00:00,LINE_A,MAT_B,19.03,2.108,2.29,18.848,24,0.7853,0
2026-08-23 03:15:00,LINE_A,MAT_A,22.848,2.032,2.315,22.565,28,0.8059,0
2026-08-23 03:15:00,LINE_A,MAT_B,18.848,2.032,2.315,18.565,24,0.7735,0
2026-08-23 03:30:00,LINE_A,MAT_A,22.565,2.01,2.202,22.373,28,0.799,0
2026-08-23 03:30:00,LINE_A,MAT_B,18.565,2.01,2.202,18.373,24,0.7655,0
2026-08-23 03:45:00,LINE_A,MAT_A,22.373,2.291,1.931,22.734,28,0.8119,0
2026-08-23 03:45:00,LINE_A,MAT_B,18.373,2.291,1.931,18.734,24,0.7806,0
2026-08-23 04:00:00,LINE_A,MAT_A,22.734,1.879,2.004,22.609,28,0.8075,0
2026-08-23 04:00:00,LINE_A,MAT_B,18.734,1.879,2.004,18.609,24,0.7754,0
2026-08-23 04:15:00,LINE_A,MAT_A,22.609,2.184,2.515,22.278,28,0.7957,0
2026-08-23 04:15:00,LINE_A,MAT_B,18.609,2.184,2.515,18.278,24,0.7616,0
2026-08-23 04:30:00,LINE_A,MAT_A,22.278,2.311,2.322,22.268,28,0.7953,0
2026-08-23 04:30:00,LINE_A,MAT_B,18.278,2.311,2.322,18.268,24,0.7612,0
2026-08-23 04:45:00,LINE_A,MAT_A,22.268,2.234,2.03,22.473,28,0.8026,0
2026-08-23 04:45:00,LINE_A,MAT_B,18.268,2.234,2.03,18.473,24,0.7697,0
2026-08-23 05:00:00,LINE_A,MAT_A,22.473,2.097,2.251,22.319,28,0.7971,0
2026-08-23 05:00:00,LINE_A,MAT_B,18.473,2.097,2.251,18.319,24,0.7633,0
2026-08-23 05:15:00,LINE_A,MAT_A,22.319,2.201,2.279,22.24,28,0.7943,0
2026-08-23 05:15:00,LINE_A,MAT_B,18.319,2.201,2.279,18.24,24,0.76,0
2026-08-23 05:30:00,LINE_A,MAT_A,22.24,2.291,2.162,22.37,28,0.7989,0
2026-08-23 05:30:00,LINE_A,MAT_B,18.24,2.291,2.162,18.37,24,0.7654,0
2026-08-23 05:45:00,LINE_A,MAT_A,22.37,2.367,2.227,22.51,28,0.8039,0
2026-08-23 05:45:00,LINE_A,MAT_B,18.37,2.367,2.227,18.51,24,0.7712,0
2026-08-23 06:00:00,LINE_A,MAT_A,22.51,2.751,2.827,22.434,28,0.8012,0
2026-08-23 06:00:00,LINE_A,MAT_B,18.51,2.751,2.827,18.434,24,0.7681,0
2026-08-23 06:15:00,LINE_A,MAT_A,22.434,2.555,2.842,22.147,28,0.791,0
2026-08-23 06:15:00,LINE_A,MAT_B,18.434,2.555,2.842,18.147,24,0.7561,0
2026-08-23 06:30:00,LINE_A,MAT_A,22.147,2.605,2.769,21.983,28,0.7851,0
2026-08-23 06:30:00,LINE_A,MAT_B,18.147,2.605,2.769,17.983,24,0.7493,0
2026-08-23 06:45:00,LINE_A,MAT_A,21.983,2.828,2.69,22.121,28,0.79,0
2026-08-23 06:45:00,LINE_A,MAT_B,17.983,2.828,2.69,18.121,24,0.755,0
2026-08-23 07:00:00,LINE_A,MAT_A,22.121,2.974,2.845,22.25,28,0.7947,0
2026-08-23 07:00:00,LINE_A,MAT_B,18.121,2.974,2.845,18.25,24,0.7604,0
2026-08-23 07:15:00,LINE_A,MAT_A,22.25,2.959,2.556,22.654,28,0.8091,0
2026-08-23 07:15:00,LINE_A,MAT_B,18.25,2.959,2.556,18.654,24,0.7772,0
2026-08-23 07:30:00,LINE_A,MAT_A,22.654,2.8,2.627,22.827,28,0.8153,0
2026-08-23 07:30:00,LINE_A,MAT_B,18.654,2.8,2.627,18.827,24,0.7845,0
2026-08-23 07:45:00,LINE_A,MAT_A,22.827,2.859,2.716,22.971,28,0.8204,0
2026-08-23 07:45:00,LINE_A,MAT_B,18.827,2.859,2.716,18.971,24,0.7904,0
2026-08-23 08:00:00,LINE_A,MAT_A,22.971,2.869,2.775,23.065,28,0.8237,0
2026-08-23 08:00:00,LINE_A,MAT_B,18.971,2.869,2.775,19.065,24,0.7944,0
2026-08-23 08:15:00,LINE_A,MAT_A,23.065,2.761,2.863,22.962,28,0.8201,0
2026-08-23 08:15:00,LINE_A,MAT_B,19.065,2.761,2.863,18.962,24,0.7901,0
2026-08-23 08:30:00,LINE_A,MAT_A,22.962,2.918,2.633,23.248,28,0.8303,0
2026-08-23 08:30:00,LINE_A,MAT_B,18.962,2.918,2.633,19.248,24,0.802,0
2026-08-23 08:45:00,LINE_A,MAT_A,23.248,2.945,2.925,23.268,28,0.831,0
2026-08-23 08:45:00,LINE_A,MAT_B,19.248,2.945,2.925,19.268,24,0.8028,0
2026-08-23 09:00:00,LINE_A,MAT_A,23.268,3.172,2.835,23.605,28,0.843,0
2026-08-23 09:00:00,LINE_A,MAT_B,19.268,3.172,2.835,19.605,24,0.8169,0
2026-08-23 09:15:00,LINE_A,MAT_A,23.605,2.659,2.849,23.415,28,0.8363,0
2026-08-23 09:15:00,LINE_A,MAT_B,19.605,2.659,2.849,19.415,24,0.809,0
2026-08-23 09:30:00,LINE_A,MAT_A,23.415,2.852,2.768,23.499,28,0.8393,0
2026-08-23 09:30:00,LINE_A,MAT_B,19.415,2.852,2.768,19.499,24,0.8125,0
2026-08-23 09:45:00,LINE_A,MAT_A,23.499,3.043,2.936,23.607,28,0.8431,0
2026-08-23 09:45:00,LINE_A,MAT_B,19.499,3.043,2.936,19.607,24,0.817,0
2026-08-23 10:00:00,LINE_A,MAT_A,23.607,3.366,2.946,24.027,28,0.8581,0
2026-08-23 10:00:00,LINE_A,MAT_B,19.607,3.366,2.946,20.027,24,0.8345,0
2026-08-23 10:15:00,LINE_A,MAT_A,24.027,2.943,2.952,24.018,28,0.8578,0
2026-08-23 10:15:00,LINE_A,MAT_B,20.027,2.943,2.952,20.018,24,0.8341,0
2026-08-23 10:30:00,LINE_A,MAT_A,24.018,2.944,2.852,24.111,28,0.8611,0
2026-08-23 10:30:00,LINE_A,MAT_B,20.018,2.944,2.852,20.111,24,0.8379,0
2026-08-23 10:45:00,LINE_A,MAT_A,24.111,2.627,2.694,24.044,28,0.8587,0
2026-08-23 10:45:00,LINE_A,MAT_B,20.111,2.627,2.694,20.044,24,0.8352,0
2026-08-23 11:00:00,LINE_A,MAT_A,24.044,2.867,2.702,24.209,28,0.8646,0
2026-08-23 11:00:00,LINE_A,MAT_B,20.044,2.867,2.702,20.209,24,0.842,0
2026-08-23 11:15:00,LINE_A,MAT_A,24.209,2.66,2.995,23.873,28,0.8526,0
2026-08-23 11:15:00,LINE_A,MAT_B,20.209,2.66,2.995,19.873,24,0.8281,0
2026-08-23 11:30:00,LINE_A,MAT_A,23.873,2.558,2.699,23.732,28,0.8476,0
2026-08-23 11:30:00,LINE_A,MAT_B,19.873,2.558,2.699,19.732,24,0.8222,0
2026-08-23 11:45:00,LINE_A,MAT_A,23.732,2.351,2.506,23.578,28,0.8421,0
2026-08-23 11:45:00,LINE_A,MAT_B,19.732,2.351,2.506,19.578,24,0.8157,0
2026-08-23 12:00:00,LINE_A,MAT_A,23.578,2.972,2.981,23.569,28,0.8418,0
2026-08-23 12:00:00,LINE_A,MAT_B,19.578,2.972,2.981,19.569,24,0.8154,0
2026-08-23 12:15:00,LINE_A,MAT_A,23.569,2.856,2.804,23.621,28,0.8436,0
2026-08-23 12:15:00,LINE_A,MAT_B,19.569,2.856,2.804,19.621,24,0.8175,0
2026-08-23 12:30:00,LINE_A,MAT_A,23.621,2.972,2.946,23.647,28,0.8445,0
2026-08-23 12:30:00,LINE_A,MAT_B,19.621,2.972,2.946,19.647,24,0.8186,0
2026-08-23 12:45:00,LINE_A,MAT_A,23.647,3.229,2.752,24.124,28,0.8616,0
2026-08-23 12:45:00,LINE_A,MAT_B,19.647,3.229,2.752,20.124,24,0.8385,0
2026-08-23 13:00:00,LINE_A,MAT_A,24.124,3.433,2.771,24.786,28,0.8852,0
2026-08-23 13:00:00,LINE_A,MAT_B,20.124,3.433,2.771,20.786,24,0.8661,0
2026-08-23 13:15:00,LINE_A,MAT_A,24.786,3.191,2.939,25.039,28,0.8942,0
2026-08-23 13:15:00,LINE_A,MAT_B,20.786,3.191,2.939,21.039,24,0.8766,0
2026-08-23 13:30:00,LINE_A,MAT_A,25.039,3.127,3.155,24.845,28,0.8873,0
2026-08-23 13:30:00,LINE_A,MAT_B,21.039,3.127,3.155,20.845,24,0.8685,0
2026-08-23 13:45:00,LINE_A,MAT_A,24.845,3.118,2.783,25.179,28,0.8993,0
2026-08-23 13:45:00,LINE_A,MAT_B,20.845,3.118,2.783,21.179,24,0.8825,0
2026-08-23 14:00:00,LINE_A,MAT_A,25.179,3.076,3.014,24.986,28,0.8923,0
2026-08-23 14:00:00,LINE_A,MAT_B,21.179,3.076,3.014,20.986,24,0.8744,0
2026-08-23 14:15:00,LINE_A,MAT_A,24.986,3.032,3.09,24.91,28,0.8896,0
2026-08-23 14:15:00,LINE_A,MAT_B,20.986,3.032,3.09,20.91,24,0.8712,0
2026-08-23 14:30:00,LINE_A,MAT_A,24.91,3.283,3.027,24.973,28,0.8919,0
2026-08-23 14:30:00,LINE_A,MAT_B,20.91,3.283,3.027,20.973,24,0.8739,0
2026-08-23 14:45:00,LINE_A,MAT_A,24.973,3.157,3.234,24.766,28,0.8845,0
2026-08-23 14:45:00,LINE_A,MAT_B,20.973,3.157,3.234,20.766,24,0.8653,0
2026-08-23 15:00:00,LINE_A,MAT_A,24.766,3.139,3.185,24.72,28,0.8829,0
2026-08-23 15:00:00,LINE_A,MAT_B,20.766,3.139,3.185,20.72,24,0.8633,0
2026-08-23 15:15:00,LINE_A,MAT_A,24.72,2.806,3.224,24.302,28,0.8679,0
2026-08-23 15:15:00,LINE_A,MAT_B,20.72,2.806,3.224,20.302,24,0.8459,0
2026-08-23 15:30:00,LINE_A,MAT_A,24.302,3.094,3.08,24.316,28,0.8684,0
2026-08-23 15:30:00,LINE_A,MAT_B,20.302,3.094,3.08,20.316,24,0.8465,0
2026-08-23 15:45:00,LINE_A,MAT_A,24.316,3.296,3.076,24.536,28,0.8763,0
2026-08-23 15:45:00,LINE_A,MAT_B,20.316,3.296,3.076,20.536,24,0.8557,0
2026-08-23 16:00:00,LINE_A,MAT_A,24.536,2.923,2.931,24.528,28,0.876,0
2026-08-23 16:00:00,LINE_A,MAT_B,20.536,2.923,2.931,20.528,24,0.8553,0
2026-08-23 16:15:00,LINE_A,MAT_A,24.528,2.745,3.109,24.164,28,0.863,0
2026-08-23 16:15:00,LINE_A,MAT_B,20.528,2.745,3.109,20.164,24,0.8402,0
2026-08-23 16:30:00,LINE_A,MAT_A,24.164,2.827,2.945,24.046,28,0.8588,0
2026-08-23 16:30:00,LINE_A,MAT_B,20.164,2.827,2.945,20.046,24,0.8352,0
2026-08-23 16:45:00,LINE_A,MAT_A,24.046,2.736,3.179,23.603,28,0.8429,0
2026-08-23 16:45:00,LINE_A,MAT_B,20.046,2.736,3.179,19.603,24,0.8168,0
2026-08-23 17:00:00,LINE_A,MAT_A,23.603,2.832,3.382,23.053,28,0.8233,0
2026-08-23 17:00:00,LINE_A,MAT_B,19.603,2.832,3.382,19.053,24,0.7939,0
2026-08-23 17:15:00,LINE_A,MAT_A,23.053,2.755,2.949,22.858,28,0.8164,0
2026-08-23 17:15:00,LINE_A,MAT_B,19.053,2.755,2.949,18.858,24,0.7858,0
2026-08-23 17:30:00,LINE_A,MAT_A,22.858,3.245,2.892,23.211,28,0.829,0
2026-08-23 17:30:00,LINE_A,MAT_B,18.858,3.245,2.892,19.211,24,0.8005,0
2026-08-23 17:45:00,LINE_A,MAT_A,23.211,2.692,2.94,22.964,28,0.8201,0
2026-08-23 17:45:00,LINE_A,MAT_B,19.211,2.692,2.94,18.964,24,0.7901,0
2026-08-23 18:00:00,LINE_A,MAT_A,22.964,2.908,2.996,22.875,28,0.817,0
2026-08-23 18:00:00,LINE_A,MAT_B,18.964,2.908,2.996,18.875,24,0.7865,0
2026-08-23 18:15:00,LINE_A,MAT_A,22.875,2.327,2.997,22.206,28,0.7931,0
2026-08-23 18:15:00,LINE_A,MAT_B,18.875,2.327,2.997,18.206,24,0.7586,0
2026-08-23 18:30:00,LINE_A,MAT_A,22.206,2.905,3.094,22.016,28,0.7863,0
2026-08-23 18:30:00,LINE_A,MAT_B,18.206,2.905,3.094,18.016,24,0.7507,0
2026-08-23 18:45:00,LINE_A,MAT_A,22.016,3.265,3.046,22.235,28,0.7941,0
2026-08-23 18:45:00,LINE_A,MAT_B,18.016,3.265,3.046,18.235,24,0.7598,0
2026-08-23 19:00:00,LINE_A,MAT_A,22.235,2.604,2.734,22.105,28,0.7895,0
2026-08-23 19:00:00,LINE_A,MAT_B,18.235,2.604,2.734,18.105,24,0.7544,0
2026-08-23 19:15:00,LINE_A,MAT_A,22.105,2.548,2.278,22.374,28,0.7991,0
2026-08-23 19:15:00,LINE_A,MAT_B,18.105,2.548,2.278,18.374,24,0.7656,0
2026-08-23 19:30:00,LINE_A,MAT_A,22.374,3.212,3.001,22.585,28,0.8066,0
2026-08-23 19:30:00,LINE_A,MAT_B,18.374,3.212,3.001,18.585,24,0.7744,0
2026-08-23 19:45:00,LINE_A,MAT_A,22.585,2.881,2.802,22.664,28,0.8094,0
2026-08-23 19:45:00,LINE_A,MAT_B,18.585,2.881,2.802,18.664,24,0.7777,0
2026-08-23 20:00:00,LINE_A,MAT_A,22.664,3.016,2.813,22.867,28,0.8167,0
2026-08-23 20:00:00,LINE_A,MAT_B,18.664,3.016,2.813,18.867,24,0.7861,0
2026-08-23 20:15:00,LINE_A,MAT_A,22.867,3.022,2.822,23.067,28,0.8238,0
2026-08-23 20:15:00,LINE_A,MAT_B,18.867,3.022,2.822,19.067,24,0.7945,0
2026-08-23 20:30:00,LINE_A,MAT_A,23.067,2.783,2.763,23.087,28,0.8245,0
2026-08-23 20:30:00,LINE_A,MAT_B,19.067,2.783,2.763,19.087,24,0.7953,0
2026-08-23 20:45:00,LINE_A,MAT_A,23.087,3.29,2.848,23.528,28,0.8403,0
2026-08-23 20:45:00,LINE_A,MAT_B,19.087,3.29,2.848,19.528,24,0.8137,0
2026-08-23 21:00:00,LINE_A,MAT_A,23.528,2.893,2.84,23.581,28,0.8422,0
2026-08-23 21:00:00,LINE_A,MAT_B,19.528,2.893,2.84,19.581,24,0.8159,0
2026-08-23 21:15:00,LINE_A,MAT_A,23.581,2.795,2.72,23.656,28,0.8449,0
2026-08-23 21:15:00,LINE_A,MAT_B,19.581,2.795,2.72,19.656,24,0.819,0
2026-08-23 21:30:00,LINE_A,MAT_A,23.656,2.613,3.025,23.245,28,0.8302,0
2026-08-23 21:30:00,LINE_A,MAT_B,19.656,2.613,3.025,19.245,24,0.8019,0
2026-08-23 21:45:00,LINE_A,MAT_A,23.245,3.071,2.648,23.667,28,0.8453,0
2026-08-23 21:45:00,LINE_A,MAT_B,19.245,3.071,2.648,19.667,24,0.8195,0
2026-08-23 22:00:00,LINE_A,MAT_A,23.667,2.321,2.216,23.772,28,0.849,0
2026-08-23 22:00:00,LINE_A,MAT_B,19.667,2.321,2.216,19.772,24,0.8238,0
2026-08-23 22:15:00,LINE_A,MAT_A,23.772,2.083,2.187,23.668,28,0.8453,0
2026-08-23 22:15:00,LINE_A,MAT_B,19.772,2.083,2.187,19.668,24,0.8195,0
2026-08-23 22:30:00,LINE_A,MAT_A,23.668,2.025,2.317,23.376,28,0.8349,0
2026-08-23 22:30:00,LINE_A,MAT_B,19.668,2.025,2.317,19.376,24,0.8073,0
2026-08-23 22:45:00,LINE_A,MAT_A,23.376,2.242,2.297,23.321,28,0.8329,0
2026-08-23 22:45:00,LINE_A,MAT_B,19.376,2.242,2.297,19.321,24,0.805,0
2026-08-23 23:00:00,LINE_A,MAT_A,23.321,2.123,2.233,23.211,28,0.829,0
2026-08-23 23:00:00,LINE_A,MAT_B,19.321,2.123,2.233,19.211,24,0.8005,0
2026-08-23 23:15:00,LINE_A,MAT_A,23.211,1.987,2.344,22.854,28,0.8162,0
2026-08-23 23:15:00,LINE_A,MAT_B,19.211,1.987,2.344,18.854,24,0.7856,0
2026-08-23 23:30:00,LINE_A,MAT_A,22.854,1.842,2.194,22.502,28,0.8036,0
2026-08-23 23:30:00,LINE_A,MAT_B,18.854,1.842,2.194,18.502,24,0.7709,0
2026-08-23 23:45:00,LINE_A,MAT_A,22.502,2.178,2.356,22.323,28,0.7973,0
2026-08-23 23:45:00,LINE_A,MAT_B,18.502,2.178,2.356,18.323,24,0.7635,0
2026-08-24 00:00:00,LINE_A,MAT_A,22.323,2.597,2.618,22.302,28,0.7965,0
2026-08-24 00:00:00,LINE_A,MAT_B,18.323,2.597,2.618,18.302,24,0.7626,0
2026-08-24 00:15:00,LINE_A,MAT_A,22.302,2.576,2.666,22.212,28,0.7933,0
2026-08-24 00:15:00,LINE_A,MAT_B,18.302,2.576,2.666,18.212,24,0.7588,0
2026-08-24 00:30:00,LINE_A,MAT_A,22.212,2.661,2.599,22.274,28,0.7955,0
2026-08-24 00:30:00,LINE_A,MAT_B,18.212,2.661,2.599,18.274,24,0.7614,0
2026-08-24 00:45:00,LINE_A,MAT_A,22.274,2.714,2.691,22.298,28,0.7964,0
2026-08-24 00:45:00,LINE_A,MAT_B,18.274,2.714,2.691,18.298,24,0.7624,0
2026-08-24 01:00:00,LINE_A,MAT_A,22.298,2.904,2.596,22.606,28,0.8074,0
2026-08-24 01:00:00,LINE_A,MAT_B,18.298,2.904,2.596,18.606,24,0.7753,0
2026-08-24 01:15:00,LINE_A,MAT_A,22.606,2.737,2.483,22.86,28,0.8164,0
2026-08-24 01:15:00,LINE_A,MAT_B,18.606,2.737,2.483,18.86,24,0.7858,0
2026-08-24 01:30:00,LINE_A,MAT_A,22.86,2.812,2.538,23.135,28,0.8262,0
2026-08-24 01:30:00,LINE_A,MAT_B,18.86,2.812,2.538,19.135,24,0.7973,0
2026-08-24 01:45:00,LINE_A,MAT_A,23.135,2.611,2.716,23.031,28,0.8225,0
2026-08-24 01:45:00,LINE_A,MAT_B,19.135,2.611,2.716,19.031,24,0.7929,0
2026-08-24 02:00:00,LINE_A,MAT_A,23.031,2.456,2.648,22.838,28,0.8157,0
2026-08-24 02:00:00,LINE_A,MAT_B,19.031,2.456,2.648,18.838,24,0.7849,0
2026-08-24 02:15:00,LINE_A,MAT_A,22.838,2.527,2.858,22.507,28,0.8038,0
2026-08-24 02:15:00,LINE_A,MAT_B,18.838,2.527,2.858,18.507,24,0.7711,0
2026-08-24 02:30:00,LINE_A,MAT_A,22.507,2.358,2.767,22.098,28,0.7892,0
2026-08-24 02:30:00,LINE_A,MAT_B,18.507,2.358,2.767,18.098,24,0.7541,0
2026-08-24 02:45:00,LINE_A,MAT_A,22.098,2.788,2.812,22.074,28,0.7884,0
2026-08-24 02:45:00,LINE_A,MAT_B,18.098,2.788,2.812,18.074,24,0.7531,0
2026-08-24 03:00:00,LINE_A,MAT_A,22.074,3.055,2.828,22.3,28,0.7964,0
2026-08-24 03:00:00,LINE_A,MAT_B,18.074,3.055,2.828,18.3,24,0.7625,0
2026-08-24 03:15:00,LINE_A,MAT_A,22.3,2.893,2.461,22.732,28,0.8119,0
2026-08-24 03:15:00,LINE_A,MAT_B,18.3,2.893,2.461,18.732,24,0.7805,0
2026-08-24 03:30:00,LINE_A,MAT_A,22.732,2.806,2.559,22.979,28,0.8207,0
2026-08-24 03:30:00,LINE_A,MAT_B,18.732,2.806,2.559,18.979,24,0.7908,0
2026-08-24 03:45:00,LINE_A,MAT_A,22.979,2.637,2.666,22.95,28,0.8196,0
2026-08-24 03:45:00,LINE_A,MAT_B,18.979,2.637,2.666,18.95,24,0.7896,0
2026-08-24 04:00:00,LINE_A,MAT_A,22.95,2.718,2.849,22.818,28,0.8149,0
2026-08-24 04:00:00,LINE_A,MAT_B,18.95,2.718,2.849,18.818,24,0.7841,0
2026-08-24 04:15:00,LINE_A,MAT_A,22.818,2.873,2.719,22.972,28,0.8204,0
2026-08-24 04:15:00,LINE_A,MAT_B,18.818,2.873,2.719,18.972,24,0.7905,0
2026-08-24 04:30:00,LINE_A,MAT_A,22.972,2.787,2.558,23.201,28,0.8286,0
2026-08-24 04:30:00,LINE_A,MAT_B,18.972,2.787,2.558,19.201,24,0.8,0
2026-08-24 04:45:00,LINE_A,MAT_A,23.201,2.63,2.719,23.112,28,0.8254,0
2026-08-24 04:45:00,LINE_A,MAT_B,19.201,2.63,2.719,19.112,24,0.7963,0
2026-08-24 05:00:00,LINE_A,MAT_A,23.112,2.541,2.804,22.849,28,0.816,0
2026-08-24 05:00:00,LINE_A,MAT_B,19.112,2.541,2.804,18.849,24,0.7854,0
2026-08-24 05:15:00,LINE_A,MAT_A,22.849,2.799,2.794,22.853,28,0.8162,0
2026-08-24 05:15:00,LINE_A,MAT_B,18.849,2.799,2.794,18.853,24,0.7856,0
2026-08-24 05:30:00,LINE_A,MAT_A,22.853,2.848,2.711,22.99,28,0.8211,0
2026-08-24 05:30:00,LINE_A,MAT_B,18.853,2.848,2.711,18.99,24,0.7912,0
2026-08-24 05:45:00,LINE_A,MAT_A,22.99,2.402,2.657,22.735,28,0.812,0
2026-08-24 05:45:00,LINE_A,MAT_B,18.99,2.402,2.657,18.735,24,0.7806,0
2026-08-24 06:00:00,LINE_A,MAT_A,22.735,3.168,3.338,22.565,28,0.8059,0
2026-08-24 06:00:00,LINE_A,MAT_B,18.735,3.168,3.338,18.565,24,0.7735,0
2026-08-24 06:15:00,LINE_A,MAT_A,22.565,3.633,3.415,22.783,28,0.8137,0
2026-08-24 06:15:00,LINE_A,MAT_B,18.565,3.633,3.415,18.783,24,0.7826,0
2026-08-24 06:30:00,LINE_A,MAT_A,22.783,3.137,3.59,22.33,28,0.7975,0
2026-08-24 06:30:00,LINE_A,MAT_B,18.783,3.137,3.59,18.33,24,0.7638,0
2026-08-24 06:45:00,LINE_A,MAT_A,22.33,3.755,3.387,22.699,28,0.8107,0
2026-08-24 06:45:00,LINE_A,MAT_B,18.33,3.755,3.387,18.699,24,0.7791,0
2026-08-24 07:00:00,LINE_A,MAT_A,22.699,3.499,3.441,22.756,28,0.8127,0
2026-08-24 07:00:00,LINE_A,MAT_B,18.699,3.499,3.441,18.756,24,0.7815,0
2026-08-24 07:15:00,LINE_A,MAT_A,22.756,3.857,3.404,23.208,28,0.8289,0
2026-08-24 07:15:00,LINE_A,MAT_B,18.756,3.857,3.404,19.208,24,0.8003,0
2026-08-24 07:30:00,LINE_A,MAT_A,23.208,3.428,3.39,23.247,28,0.8302,0
2026-08-24 07:30:00,LINE_A,MAT_B,19.208,3.428,3.39,19.247,24,0.8019,0
2026-08-24 07:45:00,LINE_A,MAT_A,23.247,3.627,3.441,23.433,28,0.8369,0
2026-08-24 07:45:00,LINE_A,MAT_B,19.247,3.627,3.441,19.433,24,0.8097,0
2026-08-24 08:00:00,LINE_A,MAT_A,23.433,3.337,3.528,23.242,28,0.8301,0
2026-08-24 08:00:00,LINE_A,MAT_B,19.433,3.337,3.528,19.242,24,0.8017,0
2026-08-24 08:15:00,LINE_A,MAT_A,23.242,3.316,3.424,23.134,28,0.8262,0
2026-08-24 08:15:00,LINE_A,MAT_B,19.242,3.316,3.424,19.134,24,0.7973,0
2026-08-24 08:30:00,LINE_A,MAT_A,23.134,3.779,3.457,23.456,28,0.8377,0
2026-08-24 08:30:00,LINE_A,MAT_B,19.134,3.779,3.457,19.456,24,0.8107,0
2026-08-24 08:45:00,LINE_A,MAT_A,23.456,3.413,3.486,23.383,28,0.8351,0
2026-08-24 08:45:00,LINE_A,MAT_B,19.456,3.413,3.486,19.383,24,0.8076,0
2026-08-24 09:00:00,LINE_A,MAT_A,23.383,3.293,3.444,23.232,28,0.8297,0
2026-08-24 09:00:00,LINE_A,MAT_B,19.383,3.293,3.444,19.232,24,0.8013,0
2026-08-24 09:15:00,LINE_A,MAT_A,23.232,3.569,3.65,23.152,28,0.8268,0
2026-08-24 09:15:00,LINE_A,MAT_B,19.232,3.569,3.65,19.152,24,0.798,0
2026-08-24 09:30:00,LINE_A,MAT_A,23.152,3.663,3.602,23.212,28,0.829,0
2026-08-24 09:30:00,LINE_A,MAT_B,19.152,3.663,3.602,19.212,24,0.8005,0
2026-08-24 09:45:00,LINE_A,MAT_A,23.212,3.425,3.261,23.376,28,0.8349,0
2026-08-24 09:45:00,LINE_A,MAT_B,19.212,3.425,3.261,19.376,24,0.8073,0
2026-08-24 10:00:00,LINE_A,MAT_A,23.376,3.543,3.577,23.342,28,0.8336,0
2026-08-24 10:00:00,LINE_A,MAT_B,19.376,3.543,3.577,19.342,24,0.8059,0
2026-08-24 10:15:00,LINE_A,MAT_A,23.342,3.327,3.618,23.051,28,0.8233,0
2026-08-24 10:15:00,LINE_A,MAT_B,19.342,3.327,3.618,19.051,24,0.7938,0
2026-08-24 10:30:00,LINE_A,MAT_A,23.051,3.717,3.523,23.245,28,0.8302,0
2026-08-24 10:30:00,LINE_A,MAT_B,19.051,3.717,3.523,19.245,24,0.8019,0
2026-08-24 10:45:00,LINE_A,MAT_A,23.245,3.503,3.751,22.998,28,0.8213,0
2026-08-24 10:45:00,LINE_A,MAT_B,19.245,3.503,3.751,18.998,24,0.7916,0
2026-08-24 11:00:00,LINE_A,MAT_A,22.998,3.516,3.489,23.025,28,0.8223,0
2026-08-24 11:00:00,LINE_A,MAT_B,18.998,3.516,3.489,19.025,24,0.7927,0
2026-08-24 11:15:00,LINE_A,MAT_A,23.025,3.405,3.498,22.932,28,0.819,0
2026-08-24 11:15:00,LINE_A,MAT_B,19.025,3.405,3.498,18.932,24,0.7888,0
2026-08-24 11:30:00,LINE_A,MAT_A,22.932,3.223,3.148,23.006,28,0.8217,0
2026-08-24 11:30:00,LINE_A,MAT_B,18.932,3.223,3.148,19.006,24,0.7919,0
2026-08-24 11:45:00,LINE_A,MAT_A,23.006,3.308,2.962,23.353,28,0.834,0
2026-08-24 11:45:00,LINE_A,MAT_B,19.006,3.308,2.962,19.353,24,0.8064,0
2026-08-24 12:00:00,LINE_A,MAT_A,23.353,3.497,3.536,23.314,28,0.8327,0
2026-08-24 12:00:00,LINE_A,MAT_B,19.353,3.497,3.536,19.314,24,0.8048,0
2026-08-24 12:15:00,LINE_A,MAT_A,23.314,3.411,3.478,23.248,28,0.8303,0
2026-08-24 12:15:00,LINE_A,MAT_B,19.314,3.411,3.478,19.248,24,0.802,0
2026-08-24 12:30:00,LINE_A,MAT_A,23.248,3.319,3.565,23.002,28,0.8215,0
2026-08-24 12:30:00,LINE_A,MAT_B,19.248,3.319,3.565,19.002,24,0.7917,0
2026-08-24 12:45:00,LINE_A,MAT_A,23.002,3.482,3.747,22.737,28,0.812,0
2026-08-24 12:45:00,LINE_A,MAT_B,19.002,3.482,3.747,18.737,24,0.7807,0
2026-08-24 13:00:00,LINE_A,MAT_A,22.737,3.331,3.453,22.615,28,0.8077,0
2026-08-24 13:00:00,LINE_A,MAT_B,18.737,3.331,3.453,18.615,24,0.7756,0
2026-08-24 13:15:00,LINE_A,MAT_A,22.615,3.368,3.389,22.594,28,0.8069,0
2026-08-24 13:15:00,LINE_A,MAT_B,18.615,3.368,3.389,18.594,24,0.7747,0
2026-08-24 13:30:00,LINE_A,MAT_A,22.594,3.548,3.427,22.715,28,0.8113,0
2026-08-24 13:30:00,LINE_A,MAT_B,18.594,3.548,3.427,18.715,24,0.7798,0
2026-08-24 13:45:00,LINE_A,MAT_A,22.715,3.395,3.644,22.467,28,0.8024,0
2026-08-24 13:45:00,LINE_A,MAT_B,18.715,3.395,3.644,18.467,24,0.7695,0
2026-08-24 14:00:00,LINE_A,MAT_A,22.467,3.99,3.692,22.765,28,0.813,0
2026-08-24 14:00:00,LINE_A,MAT_B,18.467,3.99,3.692,18.765,24,0.7819,0
2026-08-24 14:15:00,LINE_A,MAT_A,22.765,3.758,4.072,22.452,28,0.8018,0
2026-08-24 14:15:00,LINE_A,MAT_B,18.765,3.758,4.072,18.452,24,0.7688,0
2026-08-24 14:30:00,LINE_A,MAT_A,22.452,3.846,3.939,22.359,28,0.7985,0
2026-08-24 14:30:00,LINE_A,MAT_B,18.452,3.846,3.939,18.359,24,0.765,0
2026-08-24 14:45:00,LINE_A,MAT_A,22.359,3.962,3.736,22.584,28,0.8066,0
2026-08-24 14:45:00,LINE_A,MAT_B,18.359,3.962,3.736,18.584,24,0.7744,0
2026-08-24 15:00:00,LINE_A,MAT_A,22.584,3.87,3.743,22.712,28,0.8111,0
2026-08-24 15:00:00,LINE_A,MAT_B,18.584,3.87,3.743,18.712,24,0.7796,0
2026-08-24 15:15:00,LINE_A,MAT_A,22.712,3.604,3.654,22.662,28,0.8094,0
2026-08-24 15:15:00,LINE_A,MAT_B,18.712,3.604,3.654,18.662,24,0.7776,0
2026-08-24 15:30:00,LINE_A,MAT_A,22.662,3.825,3.709,22.778,28,0.8135,0
2026-08-24 15:30:00,LINE_A,MAT_B,18.662,3.825,3.709,18.778,24,0.7824,0
2026-08-24 15:45:00,LINE_A,MAT_A,22.778,3.058,3.755,22.081,28,0.7886,0
2026-08-24 15:45:00,LINE_A,MAT_B,18.778,3.058,3.755,18.081,24,0.7534,0
2026-08-24 16:00:00,LINE_A,MAT_A,22.081,4.262,3.564,22.779,28,0.8135,0
2026-08-24 16:00:00,LINE_A,MAT_B,18.081,4.262,3.564,18.779,24,0.7825,0
2026-08-24 16:15:00,LINE_A,MAT_A,22.779,3.912,3.847,22.843,28,0.8158,0
2026-08-24 16:15:00,LINE_A,MAT_B,18.779,3.912,3.847,18.843,24,0.7851,0
2026-08-24 16:30:00,LINE_A,MAT_A,22.843,3.32,3.809,22.355,28,0.7984,0
2026-08-24 16:30:00,LINE_A,MAT_B,18.843,3.32,3.809,18.355,24,0.7648,0
2026-08-24 16:45:00,LINE_A,MAT_A,22.355,3.866,3.658,22.563,28,0.8058,0
2026-08-24 16:45:00,LINE_A,MAT_B,18.355,3.866,3.658,18.563,24,0.7735,0
2026-08-24 17:00:00,LINE_A,MAT_A,22.563,3.443,3.69,22.316,28,0.797,0
2026-08-24 17:00:00,LINE_A,MAT_B,18.563,3.443,3.69,18.316,24,0.7632,0
2026-08-24 17:15:00,LINE_A,MAT_A,22.316,3.727,3.637,22.406,28,0.8002,0
2026-08-24 17:15:00,LINE_A,MAT_B,18.316,3.727,3.637,18.406,24,0.7669,0
2026-08-24 17:30:00,LINE_A,MAT_A,22.406,3.637,3.399,22.644,28,0.8087,0
2026-08-24 17:30:00,LINE_A,MAT_B,18.406,3.637,3.399,18.644,24,0.7768,0
2026-08-24 17:45:00,LINE_A,MAT_A,22.644,3.581,3.712,22.513,28,0.804,0
2026-08-24 17:45:00,LINE_A,MAT_B,18.644,3.581,3.712,18.513,24,0.7714,0
2026-08-24 18:00:00,LINE_A,MAT_A,22.513,3.48,3.746,22.247,28,0.7945,0
2026-08-24 18:00:00,LINE_A,MAT_B,18.513,3.48,3.746,18.247,24,0.7603,0
2026-08-24 18:15:00,LINE_A,MAT_A,22.247,3.631,3.577,22.3,28,0.7964,0
2026-08-24 18:15:00,LINE_A,MAT_B,18.247,3.631,3.577,18.3,24,0.7625,0
2026-08-24 18:30:00,LINE_A,MAT_A,22.3,3.533,3.471,22.362,28,0.7986,0
2026-08-24 18:30:00,LINE_A,MAT_B,18.3,3.533,3.471,18.362,24,0.7651,0
2026-08-24 18:45:00,LINE_A,MAT_A,22.362,3.834,3.744,22.452,28,0.8019,0
2026-08-24 18:45:00,LINE_A,MAT_B,18.362,3.834,3.744,18.452,24,0.7689,0
2026-08-24 19:00:00,LINE_A,MAT_A,22.452,2.886,3.309,22.03,28,0.7868,0
2026-08-24 19:00:00,LINE_A,MAT_B,18.452,2.886,3.309,18.03,24,0.7512,0
2026-08-24 19:15:00,LINE_A,MAT_A,22.03,2.996,3.223,21.803,28,0.7787,0
2026-08-24 19:15:00,LINE_A,MAT_B,18.03,2.996,3.223,17.803,24,0.7418,0
2026-08-24 19:30:00,LINE_A,MAT_A,21.803,3.494,3.671,21.627,28,0.7724,0
2026-08-24 19:30:00,LINE_A,MAT_B,17.803,3.494,3.671,17.627,24,0.7344,0
2026-08-24 19:45:00,LINE_A,MAT_A,21.627,3.661,3.643,21.645,28,0.773,0
2026-08-24 19:45:00,LINE_A,MAT_B,17.627,3.661,3.643,17.645,24,0.7352,0
2026-08-24 20:00:00,LINE_A,MAT_A,21.645,3.342,3.411,21.575,28,0.7706,0
2026-08-24 20:00:00,LINE_A,MAT_B,17.645,3.342,3.411,17.575,24,0.7323,0
2026-08-24 20:15:00,LINE_A,MAT_A,21.575,3.655,3.376,21.855,28,0.7805,0
2026-08-24 20:15:00,LINE_A,MAT_B,17.575,3.655,3.376,17.855,24,0.7439,0
2026-08-24 20:30:00,LINE_A,MAT_A,21.855,3.564,3.43,21.989,28,0.7853,0
2026-08-24 20:30:00,LINE_A,MAT_B,17.855,3.564,3.43,17.989,24,0.7496,0
2026-08-24 20:45:00,LINE_A,MAT_A,21.989,3.427,3.698,21.718,28,0.7756,0
2026-08-24 20:45:00,LINE_A,MAT_B,17.989,3.427,3.698,17.718,24,0.7382,0
2026-08-24 21:00:00,LINE_A,MAT_A,21.718,3.461,3.524,21.654,28,0.7733,0
2026-08-24 21:00:00,LINE_A,MAT_B,17.718,3.461,3.524,17.654,24,0.7356,0
2026-08-24 21:15:00,LINE_A,MAT_A,21.654,3.533,3.486,21.701,28,0.775,0
2026-08-24 21:15:00,LINE_A,MAT_B,17.654,3.533,3.486,17.701,24,0.7375,0
2026-08-24 21:30:00,LINE_A,MAT_A,21.701,3.589,3.47,21.819,28,0.7793,0
2026-08-24 21:30:00,LINE_A,MAT_B,17.701,3.589,3.47,17.819,24,0.7425,0
2026-08-24 21:45:00,LINE_A,MAT_A,21.819,3.635,3.402,22.052,28,0.7876,0
2026-08-24 21:45:00,LINE_A,MAT_B,17.819,3.635,3.402,18.052,24,0.7522,0
2026-08-24 22:00:00,LINE_A,MAT_A,22.052,2.722,2.731,22.043,28,0.7873,0
2026-08-24 22:00:00,LINE_A,MAT_B,18.052,2.722,2.731,18.043,24,0.7518,0
2026-08-24 22:15:00,LINE_A,MAT_A,22.043,2.522,2.678,21.887,28,0.7817,0
2026-08-24 22:15:00,LINE_A,MAT_B,18.043,2.522,2.678,17.887,24,0.7453,0
2026-08-24 22:30:00,LINE_A,MAT_A,21.887,2.458,2.68,21.666,28,0.7738,0
2026-08-24 22:30:00,LINE_A,MAT_B,17.887,2.458,2.68,17.666,24,0.7361,0
2026-08-24 22:45:00,LINE_A,MAT_A,21.666,2.853,2.77,21.749,28,0.7767,0
2026-08-24 22:45:00,LINE_A,MAT_B,17.666,2.853,2.77,17.749,24,0.7395,0
2026-08-24 23:00:00,LINE_A,MAT_A,21.749,2.807,2.715,21.841,28,0.78,0
2026-08-24 23:00:00,LINE_A,MAT_B,17.749,2.807,2.715,17.841,24,0.7434,0
2026-08-24 23:15:00,LINE_A,MAT_A,21.841,2.807,2.764,21.884,28,0.7816,0
2026-08-24 23:15:00,LINE_A,MAT_B,17.841,2.807,2.764,17.884,24,0.7452,0
2026-08-24 23:30:00,LINE_A,MAT_A,21.884,2.539,2.61,21.813,28,0.779,0
2026-08-24 23:30:00,LINE_A,MAT_B,17.884,2.539,2.61,17.813,24,0.7422,0
2026-08-24 23:45:00,LINE_A,MAT_A,21.813,2.829,2.63,22.012,28,0.7862,0
2026-08-24 23:45:00,LINE_A,MAT_B,17.813,2.829,2.63,18.012,24,0.7505,0
2026-08-25 00:00:00,LINE_A,MAT_A,22.012,2.66,2.518,22.155,28,0.7912,0
2026-08-25 00:00:00,LINE_A,MAT_B,18.012,2.66,2.518,18.155,24,0.7565,0
2026-08-25 00:15:00,LINE_A,MAT_A,22.155,2.754,2.677,22.232,28,0.794,0
2026-08-25 00:15:00,LINE_A,MAT_B,18.155,2.754,2.677,18.232,24,0.7597,0
2026-08-25 00:30:00,LINE_A,MAT_A,22.232,2.683,2.765,22.15,28,0.7911,0
2026-08-25 00:30:00,LINE_A,MAT_B,18.232,2.683,2.765,18.15,24,0.7562,0
2026-08-25 00:45:00,LINE_A,MAT_A,22.15,2.642,2.537,22.254,28,0.7948,0
2026-08-25 00:45:00,LINE_A,MAT_B,18.15,2.642,2.537,18.254,24,0.7606,0
2026-08-25 01:00:00,LINE_A,MAT_A,22.254,2.409,2.657,22.006,28,0.7859,0
2026-08-25 01:00:00,LINE_A,MAT_B,18.254,2.409,2.657,18.006,24,0.7502,0
2026-08-25 01:15:00,LINE_A,MAT_A,22.006,2.668,2.778,21.895,28,0.782,0
2026-08-25 01:15:00,LINE_A,MAT_B,18.006,2.668,2.778,17.895,24,0.7456,0
2026-08-25 01:30:00,LINE_A,MAT_A,21.895,2.638,2.427,22.105,28,0.7895,0
2026-08-25 01:30:00,LINE_A,MAT_B,17.895,2.638,2.427,18.105,24,0.7544,0
2026-08-25 01:45:00,LINE_A,MAT_A,22.105,2.675,2.586,22.195,28,0.7927,0
2026-08-25 01:45:00,LINE_A,MAT_B,18.105,2.675,2.586,18.195,24,0.7581,0
2026-08-25 02:00:00,LINE_A,MAT_A,22.195,2.93,2.64,22.485,28,0.803,0
2026-08-25 02:00:00,LINE_A,MAT_B,18.195,2.93,2.64,18.485,24,0.7702,0
2026-08-25 02:15:00,LINE_A,MAT_A,22.485,2.281,2.775,21.991,28,0.7854,0
2026-08-25 02:15:00,LINE_A,MAT_B,18.485,2.281,2.775,17.991,24,0.7496,0
2026-08-25 02:30:00,LINE_A,MAT_A,21.991,2.541,2.665,21.867,28,0.781,0
2026-08-25 02:30:00,LINE_A,MAT_B,17.991,2.541,2.665,17.867,24,0.7445,0
2026-08-25 02:45:00,LINE_A,MAT_A,21.867,2.477,2.506,21.838,28,0.7799,0
2026-08-25 02:45:00,LINE_A,MAT_B,17.867,2.477,2.506,17.838,24,0.7432,0
2026-08-25 03:00:00,LINE_A,MAT_A,21.838,2.719,2.536,22.021,28,0.7865,0
2026-08-25 03:00:00,LINE_A,MAT_B,17.838,2.719,2.536,18.021,24,0.7509,0
2026-08-25 03:15:00,LINE_A,MAT_A,22.021,2.713,2.585,22.148,28,0.791,0
2026-08-25 03:15:00,LINE_A,MAT_B,18.021,2.713,2.585,18.148,24,0.7562,0
2026-08-25 03:30:00,LINE_A,MAT_A,22.148,2.528,2.645,22.032,28,0.7868,0
2026-08-25 03:30:00,LINE_A,MAT_B,18.148,2.528,2.645,18.032,24,0.7513,0
2026-08-25 03:45:00,LINE_A,MAT_A,22.032,2.72,2.672,22.08,28,0.7886,0
2026-08-25 03:45:00,LINE_A,MAT_B,18.032,2.72,2.672,18.08,24,0.7533,0
2026-08-25 04:00:00,LINE_A,MAT_A,22.08,2.655,2.773,21.962,28,0.7844,0
2026-08-25 04:00:00,LINE_A,MAT_B,18.08,2.655,2.773,17.962,24,0.7484,0
2026-08-25 04:15:00,LINE_A,MAT_A,21.962,2.524,2.735,21.752,28,0.7768,0
2026-08-25 04:15:00,LINE_A,MAT_B,17.962,2.524,2.735,17.752,24,0.7397,0
2026-08-25 04:30:00,LINE_A,MAT_A,21.752,2.646,2.518,21.88,28,0.7814,0
2026-08-25 04:30:00,LINE_A,MAT_B,17.752,2.646,2.518,17.88,24,0.745,0
2026-08-25 04:45:00,LINE_A,MAT_A,21.88,2.565,2.668,21.777,28,0.7777,0
2026-08-25 04:45:00,LINE_A,MAT_B,17.88,2.565,2.668,17.777,24,0.7407,0
2026-08-25 05:00:00,LINE_A,MAT_A,21.777,2.437,2.862,21.351,28,0.7625,0
2026-08-25 05:00:00,LINE_A,MAT_B,17.777,2.437,2.862,17.351,24,0.723,0
2026-08-25 05:15:00,LINE_A,MAT_A,21.351,2.868,2.724,21.496,28,0.7677,0
2026-08-25 05:15:00,LINE_A,MAT_B,17.351,2.868,2.724,17.496,24,0.729,0
2026-08-25 05:30:00,LINE_A,MAT_A,21.496,2.947,3.026,21.417,28,0.7649,0
2026-08-25 05:30:00,LINE_A,MAT_B,17.496,2.947,3.026,17.417,24,0.7257,0
2026-08-25 05:45:00,LINE_A,MAT_A,21.417,3.001,2.811,21.607,28,0.7717,0
2026-08-25 05:45:00,LINE_A,MAT_B,17.417,3.001,2.811,17.607,24,0.7336,0
2026-08-25 06:00:00,LINE_A,MAT_A,21.607,3.209,3.313,21.503,28,0.768,0
2026-08-25 06:00:00,LINE_A,MAT_B,17.607,3.209,3.313,17.503,24,0.7293,0
2026-08-25 06:15:00,LINE_A,MAT_A,21.503,3.817,3.373,21.947,28,0.7838,0
2026-08-25 06:15:00,LINE_A,MAT_B,17.503,3.817,3.373,17.947,24,0.7478,0
2026-08-25 06:30:00,LINE_A,MAT_A,21.947,3.248,3.329,21.867,28,0.781,0
2026-08-25 06:30:00,LINE_A,MAT_B,17.947,3.248,3.329,17.867,24,0.7445,0
2026-08-25 06:45:00,LINE_A,MAT_A,21.867,3.224,3.396,21.695,28,0.7748,0
2026-08-25 06:45:00,LINE_A,MAT_B,17.867,3.224,3.396,17.695,24,0.7373,0
2026-08-25 07:00:00,LINE_A,MAT_A,21.695,3.529,3.149,22.075,28,0.7884,0
2026-08-25 07:00:00,LINE_A,MAT_B,17.695,3.529,3.149,18.075,24,0.7531,0
2026-08-25 07:15:00,LINE_A,MAT_A,22.075,3.263,3.223,22.115,28,0.7898,0
2026-08-25 07:15:00,LINE_A,MAT_B,18.075,3.263,3.223,18.115,24,0.7548,0
2026-08-25 07:30:00,LINE_A,MAT_A,22.115,3.454,3.408,22.161,28,0.7915,0
2026-08-25 07:30:00,LINE_A,MAT_B,18.115,3.454,3.408,18.161,24,0.7567,0
2026-08-25 07:45:00,LINE_A,MAT_A,22.161,3.139,3.486,21.815,28,0.7791,0
2026-08-25 07:45:00,LINE_A,MAT_B,18.161,3.139,3.486,17.815,24,0.7423,0
2026-08-25 08:00:00,LINE_A,MAT_A,21.815,3.323,3.571,21.568,28,0.7703,0
2026-08-25 08:00:00,LINE_A,MAT_B,17.815,3.323,3.571,17.568,24,0.732,0
2026-08-25 08:15:00,LINE_A,MAT_A,21.568,3.632,3.38,21.82,28,0.7793,0
2026-08-25 08:15:00,LINE_A,MAT_B,17.568,3.632,3.38,17.82,24,0.7425,0
2026-08-25 08:30:00,LINE_A,MAT_A,21.82,3.271,3.637,21.454,28,0.7662,0
2026-08-25 08:30:00,LINE_A,MAT_B,17.82,3.271,3.637,17.454,24,0.7272,0
2026-08-25 08:45:00,LINE_A,MAT_A,21.454,3.467,3.603,21.318,28,0.7613,0
2026-08-25 08:45:00,LINE_A,MAT_B,17.454,3.467,3.603,17.318,24,0.7216,0
2026-08-25 09:00:00,LINE_A,MAT_A,21.318,3.397,3.616,21.098,28,0.7535,0
2026-08-25 09:00:00,LINE_A,MAT_B,17.318,3.397,3.616,17.098,24,0.7124,0
2026-08-25 09:15:00,LINE_A,MAT_A,21.098,3.018,3.549,20.567,28,0.7345,0
2026-08-25 09:15:00,LINE_A,MAT_B,17.098,3.018,3.549,16.567,24,0.6903,0
2026-08-25 09:30:00,LINE_A,MAT_A,20.567,3.396,3.422,20.541,28,0.7336,0
2026-08-25 09:30:00,LINE_A,MAT_B,16.567,3.396,3.422,16.541,24,0.6892,0
2026-08-25 09:45:00,LINE_A,MAT_A,20.541,3.592,3.55,20.583,28,0.7351,0
2026-08-25 09:45:00,LINE_A,MAT_B,16.541,3.592,3.55,16.583,24,0.691,0
2026-08-25 10:00:00,LINE_A,MAT_A,20.583,3.451,3.485,20.548,28,0.7339,0
2026-08-25 10:00:00,LINE_A,MAT_B,16.583,3.451,3.485,16.548,24,0.6895,0
2026-08-25 10:15:00,LINE_A,MAT_A,20.548,3.563,3.473,20.639,28,0.7371,0
2026-08-25 10:15:00,LINE_A,MAT_B,16.548,3.563,3.473,16.639,24,0.6933,0
2026-08-25 10:30:00,LINE_A,MAT_A,20.639,3.343,3.492,20.49,28,0.7318,0
2026-08-25 10:30:00,LINE_A,MAT_B,16.639,3.343,3.492,16.49,24,0.6871,0
2026-08-25 10:45:00,LINE_A,MAT_A,20.49,3.617,3.77,20.337,28,0.7263,0
2026-08-25 10:45:00,LINE_A,MAT_B,16.49,3.617,3.77,16.337,24,0.6807,0
2026-08-25 11:00:00,LINE_A,MAT_A,20.337,3.593,3.622,20.307,28,0.7253,0
2026-08-25 11:00:00,LINE_A,MAT_B,16.337,3.593,3.622,16.307,24,0.6795,0
2026-08-25 11:15:00,LINE_A,MAT_A,20.307,3.635,3.43,20.512,28,0.7326,0
2026-08-25 11:15:00,LINE_A,MAT_B,16.307,3.635,3.43,16.512,24,0.688,0
2026-08-25 11:30:00,LINE_A,MAT_A,20.512,2.876,3.055,20.333,28,0.7262,0
2026-08-25 11:30:00,LINE_A,MAT_B,16.512,2.876,3.055,16.333,24,0.6805,0
2026-08-25 11:45:00,LINE_A,MAT_A,20.333,3.068,3.257,20.145,28,0.7195,0
2026-08-25 11:45:00,LINE_A,MAT_B,16.333,3.068,3.257,16.145,24,0.6727,0
2026-08-25 12:00:00,LINE_A,MAT_A,20.145,3.899,3.644,20.4,28,0.7286,0
2026-08-25 12:00:00,LINE_A,MAT_B,16.145,3.899,3.644,16.4,24,0.6833,0
2026-08-25 12:15:00,LINE_A,MAT_A,20.4,3.649,3.589,20.461,28,0.7307,0
2026-08-25 12:15:00,LINE_A,MAT_B,16.4,3.649,3.589,16.461,24,0.6859,0
2026-08-25 12:30:00,LINE_A,MAT_A,20.461,3.419,3.758,20.122,28,0.7186,0
2026-08-25 12:30:00,LINE_A,MAT_B,16.461,3.419,3.758,16.122,24,0.6718,0
2026-08-25 12:45:00,LINE_A,MAT_A,20.122,3.49,3.624,19.988,28,0.7138,0
2026-08-25 12:45:00,LINE_A,MAT_B,16.122,3.49,3.624,15.988,24,0.6662,0
2026-08-25 13:00:00,LINE_A,MAT_A,19.988,3.795,3.505,20.277,28,0.7242,0
2026-08-25 13:00:00,LINE_A,MAT_B,15.988,3.795,3.505,16.277,24,0.6782,0
2026-08-25 13:15:00,LINE_A,MAT_A,20.277,3.393,3.686,19.985,28,0.7137,0
2026-08-25 13:15:00,LINE_A,MAT_B,16.277,3.393,3.686,15.985,24,0.666,0
2026-08-25 13:30:00,LINE_A,MAT_A,19.985,4.005,3.657,20.333,28,0.7262,0
2026-08-25 13:30:00,LINE_A,MAT_B,15.985,4.005,3.657,16.333,24,0.6805,0
2026-08-25 13:45:00,LINE_A,MAT_A,20.333,2.862,3.742,19.453,28,0.6948,0
2026-08-25 13:45:00,LINE_A,MAT_B,16.333,2.862,3.742,15.453,24,0.6439,0
2026-08-25 14:00:00,LINE_A,MAT_A,19.453,4.756,3.699,20.51,28,0.7325,0
2026-08-25 14:00:00,LINE_A,MAT_B,15.453,4.756,3.699,16.51,24,0.6879,0
2026-08-25 14:15:00,LINE_A,MAT_A,20.51,4.021,3.804,20.728,28,0.7403,0
2026-08-25 14:15:00,LINE_A,MAT_B,16.51,4.021,3.804,16.728,24,0.697,0
2026-08-25 14:30:00,LINE_A,MAT_A,20.728,3.879,3.775,20.832,28,0.744,0
2026-08-25 14:30:00,LINE_A,MAT_B,16.728,3.879,3.775,16.832,24,0.7013,0
2026-08-25 14:45:00,LINE_A,MAT_A,20.832,3.844,3.636,21.04,28,0.7514,0
2026-08-25 14:45:00,LINE_A,MAT_B,16.832,3.844,3.636,17.04,24,0.71,0
2026-08-25 15:00:00,LINE_A,MAT_A,21.04,4.148,3.855,21.332,28,0.7619,0
2026-08-25 15:00:00,LINE_A,MAT_B,17.04,4.148,3.855,17.332,24,0.7222,0
2026-08-25 15:15:00,LINE_A,MAT_A,21.332,3.603,3.748,21.186,28,0.7566,0
2026-08-25 15:15:00,LINE_A,MAT_B,17.332,3.603,3.748,17.186,24,0.7161,0
2026-08-25 15:30:00,LINE_A,MAT_A,21.186,3.786,3.766,21.207,28,0.7574,0
2026-08-25 15:30:00,LINE_A,MAT_B,17.186,3.786,3.766,17.207,24,0.7169,0
2026-08-25 15:45:00,LINE_A,MAT_A,21.207,3.505,3.81,20.902,28,0.7465,0
2026-08-25 15:45:00,LINE_A,MAT_B,17.207,3.505,3.81,16.902,24,0.7043,0
2026-08-25 16:00:00,LINE_A,MAT_A,20.902,3.05,3.597,20.355,28,0.727,0
2026-08-25 16:00:00,LINE_A,MAT_B,16.902,3.05,3.597,16.355,24,0.6815,0
2026-08-25 16:15:00,LINE_A,MAT_A,20.355,4.027,3.756,20.627,28,0.7367,0
2026-08-25 16:15:00,LINE_A,MAT_B,16.355,4.027,3.756,16.627,24,0.6928,0
2026-08-25 16:30:00,LINE_A,MAT_A,20.627,3.658,3.597,20.688,28,0.7389,0
2026-08-25 16:30:00,LINE_A,MAT_B,16.627,3.658,3.597,16.688,24,0.6953,0
2026-08-25 16:45:00,LINE_A,MAT_A,20.688,3.707,3.582,20.814,28,0.7433,0
2026-08-25 16:45:00,LINE_A,MAT_B,16.688,3.707,3.582,16.814,24,0.7006,0
2026-08-25 17:00:00,LINE_A,MAT_A,20.814,3.214,3.745,20.283,28,0.7244,0
2026-08-25 17:00:00,LINE_A,MAT_B,16.814,3.214,3.745,16.283,24,0.6784,0
2026-08-25 17:15:00,LINE_A,MAT_A,20.283,3.65,3.691,20.242,28,0.7229,0
2026-08-25 17:15:00,LINE_A,MAT_B,16.283,3.65,3.691,16.242,24,0.6767,0
2026-08-25 17:30:00,LINE_A,MAT_A,20.242,3.759,3.785,20.217,28,0.722,0
2026-08-25 17:30:00,LINE_A,MAT_B,16.242,3.759,3.785,16.217,24,0.6757,0
2026-08-25 17:45:00,LINE_A,MAT_A,20.217,3.607,3.685,20.139,28,0.7192,0
2026-08-25 17:45:00,LINE_A,MAT_B,16.217,3.607,3.685,16.139,24,0.6724,0
2026-08-25 18:00:00,LINE_A,MAT_A,20.139,1.923,3.682,18.38,28,0.6564,0
2026-08-25 18:00:00,LINE_A,MAT_B,16.139,1.923,3.682,14.38,24,0.5992,0
2026-08-25 18:15:00,LINE_A,MAT_A,18.38,1.929,3.737,16.572,28,0.5918,0
2026-08-25 18:15:00,LINE_A,MAT_B,14.38,1.929,3.737,12.572,24,0.5238,0
2026-08-25 18:30:00,LINE_A,MAT_A,16.572,1.814,3.871,14.515,28,0.5184,0
2026-08-25 18:30:00,LINE_A,MAT_B,12.572,1.814,3.871,10.515,24,0.4381,0
2026-08-25 18:45:00,LINE_A,MAT_A,14.515,2.177,3.7,12.992,28,0.464,0
2026-08-25 18:45:00,LINE_A,MAT_B,10.515,2.177,3.7,8.992,24,0.3747,0
2026-08-25 19:00:00,LINE_A,MAT_A,12.992,3.012,3.178,12.825,28,0.4581,0
2026-08-25 19:00:00,LINE_A,MAT_B,8.992,3.012,3.178,8.825,24,0.3677,0
2026-08-25 19:15:00,LINE_A,MAT_A,12.825,3.104,2.989,12.94,28,0.4621,0
2026-08-25 19:15:00,LINE_A,MAT_B,8.825,3.104,2.989,8.94,24,0.3725,0
2026-08-25 19:30:00,LINE_A,MAT_A,12.94,3.633,3.483,13.09,28,0.4675,0
2026-08-25 19:30:00,LINE_A,MAT_B,8.94,3.633,3.483,9.09,24,0.3787,0
2026-08-25 19:45:00,LINE_A,MAT_A,13.09,3.574,3.49,13.175,28,0.4705,0
2026-08-25 19:45:00,LINE_A,MAT_B,9.09,3.574,3.49,9.175,24,0.3823,0
2026-08-25 20:00:00,LINE_A,MAT_A,13.175,3.789,3.495,13.469,28,0.481,0
2026-08-25 20:00:00,LINE_A,MAT_B,9.175,3.789,3.495,9.469,24,0.3945,0
2026-08-25 20:15:00,LINE_A,MAT_A,13.469,3.454,3.487,13.436,28,0.4799,0
2026-08-25 20:15:00,LINE_A,MAT_B,9.469,3.454,3.487,9.436,24,0.3932,0
2026-08-25 20:30:00,LINE_A,MAT_A,13.436,3.686,3.588,13.534,28,0.4834,0
2026-08-25 20:30:00,LINE_A,MAT_B,9.436,3.686,3.588,9.534,24,0.3972,0
2026-08-25 20:45:00,LINE_A,MAT_A,13.534,3.568,3.217,13.885,28,0.4959,0
2026-08-25 20:45:00,LINE_A,MAT_B,9.534,3.568,3.217,9.885,24,0.4119,0
2026-08-25 21:00:00,LINE_A,MAT_A,13.885,3.568,3.653,13.8,28,0.4928,0
2026-08-25 21:00:00,LINE_A,MAT_B,9.885,3.568,3.653,9.8,24,0.4083,0
2026-08-25 21:15:00,LINE_A,MAT_A,13.8,3.773,3.518,14.056,28,0.502,0
2026-08-25 21:15:00,LINE_A,MAT_B,9.8,3.773,3.518,10.056,24,0.419,0
2026-08-25 21:30:00,LINE_A,MAT_A,14.056,3.505,3.361,14.2,28,0.5071,0
2026-08-25 21:30:00,LINE_A,MAT_B,10.056,3.505,3.361,10.2,24,0.425,0
2026-08-25 21:45:00,LINE_A,MAT_A,14.2,3.399,3.479,14.12,28,0.5043,0
2026-08-25 21:45:00,LINE_A,MAT_B,10.2,3.399,3.479,10.12,24,0.4217,0
2026-08-25 22:00:00,LINE_A,MAT_A,14.12,2.516,2.851,13.784,28,0.4923,0
2026-08-25 22:00:00,LINE_A,MAT_B,10.12,2.516,2.851,9.784,24,0.4077,0
2026-08-25 22:15:00,LINE_A,MAT_A,13.784,2.39,2.584,13.59,28,0.4854,0
2026-08-25 22:15:00,LINE_A,MAT_B,9.784,2.39,2.584,9.59,24,0.3996,0
2026-08-25 22:30:00,LINE_A,MAT_A,13.59,2.722,2.577,13.735,28,0.4905,0
2026-08-25 22:30:00,LINE_A,MAT_B,9.59,2.722,2.577,9.735,24,0.4056,0
2026-08-25 22:45:00,LINE_A,MAT_A,13.735,2.715,2.655,13.796,28,0.4927,0
2026-08-25 22:45:00,LINE_A,MAT_B,9.735,2.715,2.655,9.796,24,0.4081,0
2026-08-25 23:00:00,LINE_A,MAT_A,13.796,2.765,2.635,13.925,28,0.4973,0
2026-08-25 23:00:00,LINE_A,MAT_B,9.796,2.765,2.635,9.925,24,0.4135,0
2026-08-25 23:15:00,LINE_A,MAT_A,13.925,2.995,2.979,13.941,28,0.4979,0
2026-08-25 23:15:00,LINE_A,MAT_B,9.925,2.995,2.979,9.941,24,0.4142,0
2026-08-25 23:30:00,LINE_A,MAT_A,13.941,2.671,2.898,13.714,28,0.4898,0
2026-08-25 23:30:00,LINE_A,MAT_B,9.941,2.671,2.898,9.714,24,0.4047,0
2026-08-25 23:45:00,LINE_A,MAT_A,13.714,2.859,2.825,13.748,28,0.491,0
2026-08-25 23:45:00,LINE_A,MAT_B,9.714,2.859,2.825,9.748,24,0.4062,0
2026-08-26 00:00:00,LINE_A,MAT_A,13.748,2.81,2.506,14.052,28,0.5018,0
2026-08-26 00:00:00,LINE_A,MAT_B,9.748,2.81,2.506,10.052,24,0.4188,0
2026-08-26 00:15:00,LINE_A,MAT_A,14.052,2.764,2.44,14.376,28,0.5134,0
2026-08-26 00:15:00,LINE_A,MAT_B,10.052,2.764,2.44,10.376,24,0.4323,0
2026-08-26 00:30:00,LINE_A,MAT_A,14.376,2.468,2.733,14.112,28,0.504,0
2026-08-26 00:30:00,LINE_A,MAT_B,10.376,2.468,2.733,10.112,24,0.4213,0
2026-08-26 00:45:00,LINE_A,MAT_A,14.112,2.783,2.778,14.116,28,0.5042,0
2026-08-26 00:45:00,LINE_A,MAT_B,10.112,2.783,2.778,10.116,24,0.4215,0
2026-08-26 01:00:00,LINE_A,MAT_A,14.116,2.821,2.722,14.216,28,0.5077,0
2026-08-26 01:00:00,LINE_A,MAT_B,10.116,2.821,2.722,10.216,24,0.4256,0
2026-08-26 01:15:00,LINE_A,MAT_A,14.216,2.629,2.646,14.199,28,0.5071,0
2026-08-26 01:15:00,LINE_A,MAT_B,10.216,2.629,2.646,10.199,24,0.4249,0
2026-08-26 01:30:00,LINE_A,MAT_A,14.199,2.796,2.878,14.117,28,0.5042,0
2026-08-26 01:30:00,LINE_A,MAT_B,10.199,2.796,2.878,10.117,24,0.4215,0
2026-08-26 01:45:00,LINE_A,MAT_A,14.117,2.451,2.483,14.084,28,0.503,0
2026-08-26 01:45:00,LINE_A,MAT_B,10.117,2.451,2.483,10.084,24,0.4202,0
2026-08-26 02:00:00,LINE_A,MAT_A,14.084,2.606,2.685,14.006,28,0.5002,0
2026-08-26 02:00:00,LINE_A,MAT_B,10.084,2.606,2.685,10.006,24,0.4169,0
2026-08-26 02:15:00,LINE_A,MAT_A,14.006,2.667,2.429,14.243,28,0.5087,0
2026-08-26 02:15:00,LINE_A,MAT_B,10.006,2.667,2.429,10.243,24,0.4268,0
2026-08-26 02:30:00,LINE_A,MAT_A,14.243,2.441,2.836,13.848,28,0.4946,0
2026-08-26 02:30:00,LINE_A,MAT_B,10.243,2.441,2.836,9.848,24,0.4103,0
2026-08-26 02:45:00,LINE_A,MAT_A,13.848,2.781,2.924,13.704,28,0.4894,0
2026-08-26 02:45:00,LINE_A,MAT_B,9.848,2.781,2.924,9.704,24,0.4044,0
2026-08-26 03:00:00,LINE_A,MAT_A,13.704,3.005,2.634,14.075,28,0.5027,0
2026-08-26 03:00:00,LINE_A,MAT_B,9.704,3.005,2.634,10.075,24,0.4198,0
2026-08-26 03:15:00,LINE_A,MAT_A,14.075,2.548,2.534,14.089,28,0.5032,0
2026-08-26 03:15:00,LINE_A,MAT_B,10.075,2.548,2.534,10.089,24,0.4204,0
2026-08-26 03:30:00,LINE_A,MAT_A,14.089,2.716,2.725,14.079,28,0.5028,0
2026-08-26 03:30:00,LINE_A,MAT_B,10.089,2.716,2.725,10.079,24,0.42,0
2026-08-26 03:45:00,LINE_A,MAT_A,14.079,2.492,2.557,14.014,28,0.5005,0
2026-08-26 03:45:00,LINE_A,MAT_B,10.079,2.492,2.557,10.014,24,0.4172,0
2026-08-26 04:00:00,LINE_A,MAT_A,14.014,2.889,2.571,14.331,28,0.5118,0
2026-08-26 04:00:00,LINE_A,MAT_B,10.014,2.889,2.571,10.331,24,0.4305,0
2026-08-26 04:15:00,LINE_A,MAT_A,14.331,3.053,2.717,14.667,28,0.5238,0
2026-08-26 04:15:00,LINE_A,MAT_B,10.331,3.053,2.717,10.667,24,0.4445,0
2026-08-26 04:30:00,LINE_A,MAT_A,14.667,3.161,2.569,15.259,28,0.545,0
2026-08-26 04:30:00,LINE_A,MAT_B,10.667,3.161,2.569,11.259,24,0.4691,0
2026-08-26 04:45:00,LINE_A,MAT_A,15.259,2.82,2.776,15.304,28,0.5466,0
2026-08-26 04:45:00,LINE_A,MAT_B,11.259,2.82,2.776,11.304,24,0.471,0
2026-08-26 05:00:00,LINE_A,MAT_A,15.304,2.474,2.585,15.192,28,0.5426,0
2026-08-26 05:00:00,LINE_A,MAT_B,11.304,2.474,2.585,11.192,24,0.4663,0
2026-08-26 05:15:00,LINE_A,MAT_A,15.192,2.659,2.679,15.172,28,0.5418,0
2026-08-26 05:15:00,LINE_A,MAT_B,11.192,2.659,2.679,11.172,24,0.4655,0
2026-08-26 05:30:00,LINE_A,MAT_A,15.172,2.432,2.707,14.897,28,0.532,0
2026-08-26 05:30:00,LINE_A,MAT_B,11.172,2.432,2.707,10.897,24,0.454,0
2026-08-26 05:45:00,LINE_A,MAT_A,14.897,2.893,2.487,15.303,28,0.5465,0
2026-08-26 05:45:00,LINE_A,MAT_B,10.897,2.893,2.487,11.303,24,0.471,0
2026-08-26 06:00:00,LINE_A,MAT_A,15.303,3.3,3.619,14.985,28,0.5352,0
2026-08-26 06:00:00,LINE_A,MAT_B,11.303,3.3,3.619,10.985,24,0.4577,0
2026-08-26 06:15:00,LINE_A,MAT_A,14.985,3.564,3.477,15.072,28,0.5383,0
2026-08-26 06:15:00,LINE_A,MAT_B,10.985,3.564,3.477,11.072,24,0.4613,0
2026-08-26 06:30:00,LINE_A,MAT_A,15.072,3.467,3.163,15.377,28,0.5492,0
2026-08-26 06:30:00,LINE_A,MAT_B,11.072,3.467,3.163,11.377,24,0.474,0
2026-08-26 06:45:00,LINE_A,MAT_A,15.377,3.406,3.199,15.584,28,0.5566,0
2026-08-26 06:45:00,LINE_A,MAT_B,11.377,3.406,3.199,11.584,24,0.4827,0
2026-08-26 07:00:00,LINE_A,MAT_A,15.584,3.323,3.409,15.499,28,0.5535,0
2026-08-26 07:00:00,LINE_A,MAT_B,11.584,3.323,3.409,11.499,24,0.4791,0
2026-08-26 07:15:00,LINE_A,MAT_A,15.499,3.704,3.28,15.923,28,0.5687,0
2026-08-26 07:15:00,LINE_A,MAT_B,11.499,3.704,3.28,11.923,24,0.4968,0
2026-08-26 07:30:00,LINE_A,MAT_A,15.923,3.448,3.55,15.821,28,0.565,0
2026-08-26 07:30:00,LINE_A,MAT_B,11.923,3.448,3.55,11.821,24,0.4925,0
2026-08-26 07:45:00,LINE_A,MAT_A,15.821,3.419,3.353,15.886,28,0.5674,0
2026-08-26 07:45:00,LINE_A,MAT_B,11.821,3.419,3.353,11.886,24,0.4953,0
2026-08-26 08:00:00,LINE_A,MAT_A,15.886,3.324,3.396,15.814,28,0.5648,0
2026-08-26 08:00:00,LINE_A,MAT_B,11.886,3.324,3.396,11.814,24,0.4923,0
2026-08-26 08:15:00,LINE_A,MAT_A,15.814,3.195,3.47,15.539,28,0.555,0
2026-08-26 08:15:00,LINE_A,MAT_B,11.814,3.195,3.47,11.539,24,0.4808,0
2026-08-26 08:30:00,LINE_A,MAT_A,15.539,3.788,3.444,15.883,28,0.5672,0
2026-08-26 08:30:00,LINE_A,MAT_B,11.539,3.788,3.444,11.883,24,0.4951,0
2026-08-26 08:45:00,LINE_A,MAT_A,15.883,3.578,3.383,16.077,28,0.5742,0
2026-08-26 08:45:00,LINE_A,MAT_B,11.883,3.578,3.383,12.077,24,0.5032,0
2026-08-26 09:00:00,LINE_A,MAT_A,16.077,3.392,3.437,16.032,28,0.5726,0
2026-08-26 09:00:00,LINE_A,MAT_B,12.077,3.392,3.437,12.032,24,0.5013,0
2026-08-26 09:15:00,LINE_A,MAT_A,16.032,3.476,3.394,16.115,28,0.5755,0
2026-08-26 09:15:00,LINE_A,MAT_B,12.032,3.476,3.394,12.115,24,0.5048,0
2026-08-26 09:30:00,LINE_A,MAT_A,16.115,3.43,3.606,15.939,28,0.5693,0
2026-08-26 09:30:00,LINE_A,MAT_B,12.115,3.43,3.606,11.939,24,0.4975,0
2026-08-26 09:45:00,LINE_A,MAT_A,15.939,3.445,3.647,15.737,28,0.562,0
2026-08-26 09:45:00,LINE_A,MAT_B,11.939,3.445,3.647,11.737,24,0.489,0
2026-08-26 10:00:00,LINE_A,MAT_A,15.737,3.472,3.586,15.623,28,0.558,0
2026-08-26 10:00:00,LINE_A,MAT_B,11.737,3.472,3.586,11.623,24,0.4843,0
2026-08-26 10:15:00,LINE_A,MAT_A,15.623,3.59,3.226,15.986,28,0.5709,0
2026-08-26 10:15:00,LINE_A,MAT_B,11.623,3.59,3.226,11.986,24,0.4994,0
2026-08-26 10:30:00,LINE_A,MAT_A,15.986,3.471,3.452,16.006,28,0.5716,0
2026-08-26 10:30:00,LINE_A,MAT_B,11.986,3.471,3.452,12.006,24,0.5002,0
2026-08-26 10:45:00,LINE_A,MAT_A,16.006,3.369,3.547,15.828,28,0.5653,0
2026-08-26 10:45:00,LINE_A,MAT_B,12.006,3.369,3.547,11.828,24,0.4928,0
2026-08-26 11:00:00,LINE_A,MAT_A,15.828,3.437,3.418,15.847,28,0.566,0
2026-08-26 11:00:00,LINE_A,MAT_B,11.828,3.437,3.418,11.847,24,0.4936,0
2026-08-26 11:15:00,LINE_A,MAT_A,15.847,3.52,3.455,15.912,28,0.5683,0
2026-08-26 11:15:00,LINE_A,MAT_B,11.847,3.52,3.455,11.912,24,0.4963,0
2026-08-26 11:30:00,LINE_A,MAT_A,15.912,3.051,3.226,15.737,28,0.562,0
2026-08-26 11:30:00,LINE_A,MAT_B,11.912,3.051,3.226,11.737,24,0.4891,0
2026-08-26 11:45:00,LINE_A,MAT_A,15.737,3.272,3.271,15.739,28,0.5621,0
2026-08-26 11:45:00,LINE_A,MAT_B,11.737,3.272,3.271,11.739,24,0.4891,0
2026-08-26 12:00:00,LINE_A,MAT_A,15.739,3.642,3.494,15.886,28,0.5674,0
2026-08-26 12:00:00,LINE_A,MAT_B,11.739,3.642,3.494,11.886,24,0.4953,0
2026-08-26 12:15:00,LINE_A,MAT_A,15.886,3.107,3.542,15.452,28,0.5519,0
2026-08-26 12:15:00,LINE_A,MAT_B,11.886,3.107,3.542,11.452,24,0.4772,0
2026-08-26 12:30:00,LINE_A,MAT_A,15.452,3.85,3.505,15.797,28,0.5642,0
2026-08-26 12:30:00,LINE_A,MAT_B,11.452,3.85,3.505,11.797,24,0.4916,0
2026-08-26 12:45:00,LINE_A,MAT_A,15.797,3.429,3.352,15.874,28,0.5669,0
2026-08-26 12:45:00,LINE_A,MAT_B,11.797,3.429,3.352,11.874,24,0.4948,0
2026-08-26 13:00:00,LINE_A,MAT_A,15.874,3.533,3.721,15.687,28,0.5602,0
2026-08-26 13:00:00,LINE_A,MAT_B,11.874,3.533,3.721,11.687,24,0.4869,0
2026-08-26 13:15:00,LINE_A,MAT_A,15.687,3.506,3.545,15.648,28,0.5588,0
2026-08-26 13:15:00,LINE_A,MAT_B,11.687,3.506,3.545,11.648,24,0.4853,0
2026-08-26 13:30:00,LINE_A,MAT_A,15.648,3.427,3.65,15.424,28,0.5509,0
2026-08-26 13:30:00,LINE_A,MAT_B,11.648,3.427,3.65,11.424,24,0.476,0
2026-08-26 13:45:00,LINE_A,MAT_A,15.424,3.68,3.437,15.667,28,0.5596,0
2026-08-26 13:45:00,LINE_A,MAT_B,11.424,3.68,3.437,11.667,24,0.4861,0
2026-08-26 14:00:00,LINE_A,MAT_A,15.667,3.575,3.732,15.51,28,0.5539,0
2026-08-26 14:00:00,LINE_A,MAT_B,11.667,3.575,3.732,11.51,24,0.4796,0
2026-08-26 14:15:00,LINE_A,MAT_A,15.51,4.14,3.945,15.704,28,0.5609,0
2026-08-26 14:15:00,LINE_A,MAT_B,11.51,4.14,3.945,11.704,24,0.4877,0
2026-08-26 14:30:00,LINE_A,MAT_A,15.704,3.86,3.831,15.733,28,0.5619,0
2026-08-26 14:30:00,LINE_A,MAT_B,11.704,3.86,3.831,11.733,24,0.4889,0
2026-08-26 14:45:00,LINE_A,MAT_A,15.733,3.949,3.725,15.957,28,0.5699,0
2026-08-26 14:45:00,LINE_A,MAT_B,11.733,3.949,3.725,11.957,24,0.4982,0
2026-08-26 15:00:00,LINE_A,MAT_A,15.957,4.012,3.877,16.092,28,0.5747,0
2026-08-26 15:00:00,LINE_A,MAT_B,11.957,4.012,3.877,12.092,24,0.5038,0
2026-08-26 15:15:00,LINE_A,MAT_A,16.092,3.893,3.719,16.265,28,0.5809,0
2026-08-26 15:15:00,LINE_A,MAT_B,12.092,3.893,3.719,12.265,24,0.5111,0
2026-08-26 15:30:00,LINE_A,MAT_A,16.265,3.415,4.021,15.659,28,0.5593,0
2026-08-26 15:30:00,LINE_A,MAT_B,12.265,3.415,4.021,11.659,24,0.4858,0
2026-08-26 15:45:00,LINE_A,MAT_A,15.659,3.607,3.655,15.612,28,0.5576,0
2026-08-26 15:45:00,LINE_A,MAT_B,11.659,3.607,3.655,11.612,24,0.4838,0
2026-08-26 16:00:00,LINE_A,MAT_A,15.612,3.852,3.664,15.8,28,0.5643,0
2026-08-26 16:00:00,LINE_A,MAT_B,11.612,3.852,3.664,11.8,24,0.4917,0
2026-08-26 16:15:00,LINE_A,MAT_A,15.8,2.435,3.636,14.6,28,0.5214,0
2026-08-26 16:15:00,LINE_A,MAT_B,11.8,2.435,3.636,10.6,24,0.4416,0
2026-08-26 16:30:00,LINE_A,MAT_A,14.6,2.4,3.688,13.312,28,0.4754,0
2026-08-26 16:30:00,LINE_A,MAT_B,10.6,2.4,3.688,9.312,24,0.388,0
2026-08-26 16:45:00,LINE_A,MAT_A,13.312,2.571,3.719,12.164,28,0.4344,0
2026-08-26 16:45:00,LINE_A,MAT_B,9.312,2.571,3.719,8.164,24,0.3402,0
2026-08-26 17:00:00,LINE_A,MAT_A,12.164,2.479,3.845,10.799,28,0.3857,0
2026-08-26 17:00:00,LINE_A,MAT_B,8.164,2.479,3.845,6.799,24,0.2833,0
2026-08-26 17:15:00,LINE_A,MAT_A,10.799,2.408,3.604,9.603,28,0.343,0
2026-08-26 17:15:00,LINE_A,MAT_B,6.799,2.408,3.604,5.603,24,0.2334,0
2026-08-26 17:30:00,LINE_A,MAT_A,9.603,2.534,3.583,8.554,28,0.3055,0
2026-08-26 17:30:00,LINE_A,MAT_B,5.603,2.534,3.583,4.554,24,0.1897,0
2026-08-26 17:45:00,LINE_A,MAT_A,8.554,4.687,4.058,9.182,28,0.3279,0
2026-08-26 17:45:00,LINE_A,MAT_B,4.554,4.687,4.058,5.182,24,0.2159,0
2026-08-26 18:00:00,LINE_A,MAT_A,9.182,4.485,3.756,9.91,28,0.3539,0
2026-08-26 18:00:00,LINE_A,MAT_B,5.182,4.485,3.756,5.91,24,0.2463,0
2026-08-26 18:15:00,LINE_A,MAT_A,9.91,2.938,3.814,9.034,28,0.3226,0
2026-08-26 18:15:00,LINE_A,MAT_B,5.91,2.938,3.814,5.034,24,0.2097,0
2026-08-26 18:30:00,LINE_A,MAT_A,9.034,4.447,3.718,9.763,28,0.3487,0
2026-08-26 18:30:00,LINE_A,MAT_B,5.034,4.447,3.718,5.763,24,0.2401,0
2026-08-26 18:45:00,LINE_A,MAT_A,9.763,4.537,3.558,10.742,28,0.3836,0
2026-08-26 18:45:00,LINE_A,MAT_B,5.763,4.537,3.558,6.742,24,0.2809,0
2026-08-26 19:00:00,LINE_A,MAT_A,10.742,4.448,3.322,11.868,28,0.4239,0
2026-08-26 19:00:00,LINE_A,MAT_B,6.742,4.448,3.322,7.868,24,0.3278,0
2026-08-26 19:15:00,LINE_A,MAT_A,11.868,4.498,3.337,13.03,28,0.4653,0
2026-08-26 19:15:00,LINE_A,MAT_B,7.868,4.498,3.337,9.03,24,0.3762,0
2026-08-26 19:30:00,LINE_A,MAT_A,13.03,4.489,3.355,14.163,28,0.5058,0
2026-08-26 19:30:00,LINE_A,MAT_B,9.03,4.489,3.355,10.163,24,0.4235,0
2026-08-26 19:45:00,LINE_A,MAT_A,14.163,4.465,3.466,15.161,28,0.5415,0
2026-08-26 19:45:00,LINE_A,MAT_B,10.163,4.465,3.466,11.161,24,0.4651,0
2026-08-26 20:00:00,LINE_A,MAT_A,15.161,3.035,3.595,14.602,28,0.5215,0
2026-08-26 20:00:00,LINE_A,MAT_B,11.161,3.035,3.595,10.602,24,0.4418,0
2026-08-26 20:15:00,LINE_A,MAT_A,14.602,4.434,3.7,15.336,28,0.5477,0
2026-08-26 20:15:00,LINE_A,MAT_B,10.602,4.434,3.7,11.336,24,0.4723,0
2026-08-26 20:30:00,LINE_A,MAT_A,15.336,4.485,3.42,16.401,28,0.5857,0
2026-08-26 20:30:00,LINE_A,MAT_B,11.336,4.485,3.42,12.401,24,0.5167,0
2026-08-26 20:45:00,LINE_A,MAT_A,16.401,4.56,3.411,17.55,28,0.6268,0
2026-08-26 20:45:00,LINE_A,MAT_B,12.401,4.56,3.411,13.55,24,0.5646,0
2026-08-26 21:00:00,LINE_A,MAT_A,17.55,4.998,3.51,19.039,28,0.6799,0
2026-08-26 21:00:00,LINE_A,MAT_B,13.55,4.998,3.51,15.039,24,0.6266,0
2026-08-26 21:15:00,LINE_A,MAT_A,19.039,3.944,3.523,19.46,28,0.695,0
2026-08-26 21:15:00,LINE_A,MAT_B,15.039,3.944,3.523,15.46,24,0.6442,0
2026-08-26 21:30:00,LINE_A,MAT_A,19.46,3.532,3.506,19.486,28,0.6959,0
2026-08-26 21:30:00,LINE_A,MAT_B,15.46,3.532,3.506,15.486,24,0.6452,0
2026-08-26 21:45:00,LINE_A,MAT_A,19.486,3.783,3.55,19.719,28,0.7043,0
2026-08-26 21:45:00,LINE_A,MAT_B,15.486,3.783,3.55,15.719,24,0.655,0
2026-08-26 22:00:00,LINE_A,MAT_A,19.719,2.768,2.655,19.831,28,0.7083,0
2026-08-26 22:00:00,LINE_A,MAT_B,15.719,2.768,2.655,15.831,24,0.6596,0
2026-08-26 22:15:00,LINE_A,MAT_A,19.831,2.859,2.66,20.03,28,0.7154,0
2026-08-26 22:15:00,LINE_A,MAT_B,15.831,2.859,2.66,16.03,24,0.6679,0
2026-08-26 22:30:00,LINE_A,MAT_A,20.03,2.84,2.729,20.141,28,0.7193,0
2026-08-26 22:30:00,LINE_A,MAT_B,16.03,2.84,2.729,16.141,24,0.6725,0
2026-08-26 22:45:00,LINE_A,MAT_A,20.141,2.304,2.951,19.493,28,0.6962,0
2026-08-26 22:45:00,LINE_A,MAT_B,16.141,2.304,2.951,15.493,24,0.6455,0
2026-08-26 23:00:00,LINE_A,MAT_A,19.493,2.828,2.57,19.752,28,0.7054,0
2026-08-26 23:00:00,LINE_A,MAT_B,15.493,2.828,2.57,15.752,24,0.6563,0
2026-08-26 23:15:00,LINE_A,MAT_A,19.752,2.616,2.677,19.691,28,0.7032,0
2026-08-26 23:15:00,LINE_A,MAT_B,15.752,2.616,2.677,15.691,24,0.6538,0
2026-08-26 23:30:00,LINE_A,MAT_A,19.691,2.758,2.615,19.834,28,0.7084,0
2026-08-26 23:30:00,LINE_A,MAT_B,15.691,2.758,2.615,15.834,24,0.6597,0
2026-08-26 23:45:00,LINE_A,MAT_A,19.834,2.827,2.661,20.0,28,0.7143,0
2026-08-26 23:45:00,LINE_A,MAT_B,15.834,2.827,2.661,16.0,24,0.6666,0
2026-08-27 00:00:00,LINE_A,MAT_A,20.0,2.689,2.926,19.762,28,0.7058,0
2026-08-27 00:00:00,LINE_A,MAT_B,16.0,2.689,2.926,15.762,24,0.6568,0
2026-08-27 00:15:00,LINE_A,MAT_A,19.762,2.566,2.63,19.698,28,0.7035,0
2026-08-27 00:15:00,LINE_A,MAT_B,15.762,2.566,2.63,15.698,24,0.6541,0
2026-08-27 00:30:00,LINE_A,MAT_A,19.698,2.649,2.538,19.809,28,0.7075,0
2026-08-27 00:30:00,LINE_A,MAT_B,15.698,2.649,2.538,15.809,24,0.6587,0
2026-08-27 00:45:00,LINE_A,MAT_A,19.809,2.914,2.528,20.195,28,0.7213,0
2026-08-27 00:45:00,LINE_A,MAT_B,15.809,2.914,2.528,16.195,24,0.6748,0
2026-08-27 01:00:00,LINE_A,MAT_A,20.195,2.494,2.449,20.24,28,0.7228,0
2026-08-27 01:00:00,LINE_A,MAT_B,16.195,2.494,2.449,16.24,24,0.6767,0
2026-08-27 01:15:00,LINE_A,MAT_A,20.24,2.57,2.723,20.086,28,0.7174,0
2026-08-27 01:15:00,LINE_A,MAT_B,16.24,2.57,2.723,16.086,24,0.6703,0
2026-08-27 01:30:00,LINE_A,MAT_A,20.086,2.387,2.896,19.577,28,0.6992,0
2026-08-27 01:30:00,LINE_A,MAT_B,16.086,2.387,2.896,15.577,24,0.649,0
2026-08-27 01:45:00,LINE_A,MAT_A,19.577,2.774,2.589,19.763,28,0.7058,0
2026-08-27 01:45:00,LINE_A,MAT_B,15.577,2.774,2.589,15.763,24,0.6568,0
2026-08-27 02:00:00,LINE_A,MAT_A,19.763,2.801,2.622,19.941,28,0.7122,0
2026-08-27 02:00:00,LINE_A,MAT_B,15.763,2.801,2.622,15.941,24,0.6642,0
2026-08-27 02:15:00,LINE_A,MAT_A,19.941,2.359,2.629,19.671,28,0.7025,0
2026-08-27 02:15:00,LINE_A,MAT_B,15.941,2.359,2.629,15.671,24,0.6529,0
2026-08-27 02:30:00,LINE_A,MAT_A,19.671,2.466,2.928,19.208,28,0.686,0
2026-08-27 02:30:00,LINE_A,MAT_B,15.671,2.466,2.928,15.208,24,0.6337,0
2026-08-27 02:45:00,LINE_A,MAT_A,19.208,2.585,2.623,19.17,28,0.6846,0
2026-08-27 02:45:00,LINE_A,MAT_B,15.208,2.585,2.623,15.17,24,0.6321,0
2026-08-27 03:00:00,LINE_A,MAT_A,19.17,2.75,2.665,19.255,28,0.6877,0
2026-08-27 03:00:00,LINE_A,MAT_B,15.17,2.75,2.665,15.255,24,0.6356,0
2026-08-27 03:15:00,LINE_A,MAT_A,19.255,2.793,2.736,19.312,28,0.6897,0
2026-08-27 03:15:00,LINE_A,MAT_B,15.255,2.793,2.736,15.312,24,0.638,0
2026-08-27 03:30:00,LINE_A,MAT_A,19.312,2.537,2.639,19.21,28,0.6861,0
2026-08-27 03:30:00,LINE_A,MAT_B,15.312,2.537,2.639,15.21,24,0.6337,0
2026-08-27 03:45:00,LINE_A,MAT_A,19.21,2.812,2.714,19.308,28,0.6896,0
2026-08-27 03:45:00,LINE_A,MAT_B,15.21,2.812,2.714,15.308,24,0.6378,0
2026-08-27 04:00:00,LINE_A,MAT_A,19.308,2.751,2.677,19.381,28,0.6922,0
2026-08-27 04:00:00,LINE_A,MAT_B,15.308,2.751,2.677,15.381,24,0.6409,0
2026-08-27 04:15:00,LINE_A,MAT_A,19.381,2.77,2.693,19.457,28,0.6949,0
2026-08-27 04:15:00,LINE_A,MAT_B,15.381,2.77,2.693,15.457,24,0.6441,0
2026-08-27 04:30:00,LINE_A,MAT_A,19.457,2.544,2.721,19.28,28,0.6886,0
2026-08-27 04:30:00,LINE_A,MAT_B,15.457,2.544,2.721,15.28,24,0.6367,0
2026-08-27 04:45:00,LINE_A,MAT_A,19.28,2.725,2.729,19.275,28,0.6884,0
2026-08-27 04:45:00,LINE_A,MAT_B,15.28,2.725,2.729,15.275,24,0.6365,0
2026-08-27 05:00:00,LINE_A,MAT_A,19.275,2.619,2.724,19.17,28,0.6847,0
2026-08-27 05:00:00,LINE_A,MAT_B,15.275,2.619,2.724,15.17,24,0.6321,0
2026-08-27 05:15:00,LINE_A,MAT_A,19.17,2.853,2.909,19.115,28,0.6827,0
2026-08-27 05:15:00,LINE_A,MAT_B,15.17,2.853,2.909,15.115,24,0.6298,0
2026-08-27 05:30:00,LINE_A,MAT_A,19.115,3.033,2.59,19.558,28,0.6985,0
2026-08-27 05:30:00,LINE_A,MAT_B,15.115,3.033,2.59,15.558,24,0.6482,0
2026-08-27 05:45:00,LINE_A,MAT_A,19.558,2.897,2.88,19.575,28,0.6991,0
2026-08-27 05:45:00,LINE_A,MAT_B,15.558,2.897,2.88,15.575,24,0.649,0
2026-08-27 06:00:00,LINE_A,MAT_A,19.575,3.361,3.359,19.577,28,0.6992,0
2026-08-27 06:00:00,LINE_A,MAT_B,15.575,3.361,3.359,15.577,24,0.649,0
2026-08-27 06:15:00,LINE_A,MAT_A,19.577,3.462,3.408,19.631,28,0.7011,0
2026-08-27 06:15:00,LINE_A,MAT_B,15.577,3.462,3.408,15.631,24,0.6513,0
2026-08-27 06:30:00,LINE_A,MAT_A,19.631,3.762,3.5,19.893,28,0.7105,0
2026-08-27 06:30:00,LINE_A,MAT_B,15.631,3.762,3.5,15.893,24,0.6622,0
2026-08-27 06:45:00,LINE_A,MAT_A,19.893,3.567,3.349,20.111,28,0.7183,0
2026-08-27 06:45:00,LINE_A,MAT_B,15.893,3.567,3.349,16.111,24,0.6713,0
2026-08-27 07:00:00,LINE_A,MAT_A,20.111,3.299,3.493,19.918,28,0.7113,0
2026-08-27 07:00:00,LINE_A,MAT_B,16.111,3.299,3.493,15.918,24,0.6632,0
2026-08-27 07:15:00,LINE_A,MAT_A,19.918,3.402,3.39,19.929,28,0.7118,0
2026-08-27 07:15:00,LINE_A,MAT_B,15.918,3.402,3.39,15.929,24,0.6637,0
2026-08-27 07:30:00,LINE_A,MAT_A,19.929,3.232,3.511,19.65,28,0.7018,0
2026-08-27 07:30:00,LINE_A,MAT_B,15.929,3.232,3.511,15.65,24,0.6521,0
2026-08-27 07:45:00,LINE_A,MAT_A,19.65,3.458,3.342,19.766,28,0.7059,0
2026-08-27 07:45:00,LINE_A,MAT_B,15.65,3.458,3.342,15.766,24,0.6569,0
2026-08-27 08:00:00,LINE_A,MAT_A,19.766,3.368,3.372,19.762,28,0.7058,0
2026-08-27 08:00:00,LINE_A,MAT_B,15.766,3.368,3.372,15.762,24,0.6567,0
2026-08-27 08:15:00,LINE_A,MAT_A,19.762,3.429,3.186,20.005,28,0.7144,0
2026-08-27 08:15:00,LINE_A,MAT_B,15.762,3.429,3.186,16.005,24,0.6669,0
2026-08-27 08:30:00,LINE_A,MAT_A,20.005,3.369,3.522,19.852,28,0.709,0
2026-08-27 08:30:00,LINE_A,MAT_B,16.005,3.369,3.522,15.852,24,0.6605,0
2026-08-27 08:45:00,LINE_A,MAT_A,19.852,3.539,3.38,20.011,28,0.7147,0
2026-08-27 08:45:00,LINE_A,MAT_B,15.852,3.539,3.38,16.011,24,0.6671,0
2026-08-27 09:00:00,LINE_A,MAT_A,20.011,3.314,3.495,19.829,28,0.7082,0
2026-08-27 09:00:00,LINE_A,MAT_B,16.011,3.314,3.495,15.829,24,0.6595,0
2026-08-27 09:15:00,LINE_A,MAT_A,19.829,3.002,3.456,19.375,28,0.692,0
2026-08-27 09:15:00,LINE_A,MAT_B,15.829,3.002,3.456,15.375,24,0.6406,0
2026-08-27 09:30:00,LINE_A,MAT_A,19.375,4.122,3.553,19.944,28,0.7123,0
2026-08-27 09:30:00,LINE_A,MAT_B,15.375,4.122,3.553,15.944,24,0.6643,0
2026-08-27 09:45:00,LINE_A,MAT_A,19.944,3.393,3.376,19.962,28,0.7129,0
2026-08-27 09:45:00,LINE_A,MAT_B,15.944,3.393,3.376,15.962,24,0.6651,0
2026-08-27 10:00:00,LINE_A,MAT_A,19.962,3.118,3.641,19.439,28,0.6942,0
2026-08-27 10:00:00,LINE_A,MAT_B,15.962,3.118,3.641,15.439,24,0.6433,0
2026-08-27 10:15:00,LINE_A,MAT_A,19.439,4.032,3.552,19.919,28,0.7114,0
2026-08-27 10:15:00,LINE_A,MAT_B,15.439,4.032,3.552,15.919,24,0.6633,0
2026-08-27 10:30:00,LINE_A,MAT_A,19.919,3.577,3.688,19.809,28,0.7075,0
2026-08-27 10:30:00,LINE_A,MAT_B,15.919,3.577,3.688,15.809,24,0.6587,0
2026-08-27 10:45:00,LINE_A,MAT_A,19.809,3.461,3.503,19.767,28,0.706,0
2026-08-27 10:45:00,LINE_A,MAT_B,15.809,3.461,3.503,15.767,24,0.657,0
2026-08-27 11:00:00,LINE_A,MAT_A,19.767,3.486,3.566,19.688,28,0.7031,0
2026-08-27 11:00:00,LINE_A,MAT_B,15.767,3.486,3.566,15.688,24,0.6537,0
2026-08-27 11:15:00,LINE_A,MAT_A,19.688,3.424,3.371,19.74,28,0.705,0
2026-08-27 11:15:00,LINE_A,MAT_B,15.688,3.424,3.371,15.74,24,0.6558,0
2026-08-27 11:30:00,LINE_A,MAT_A,19.74,3.057,3.115,19.683,28,0.703,0
2026-08-27 11:30:00,LINE_A,MAT_B,15.74,3.057,3.115,15.683,24,0.6535,0
2026-08-27 11:45:00,LINE_A,MAT_A,19.683,3.305,3.112,19.876,28,0.7099,0
2026-08-27 11:45:00,LINE_A,MAT_B,15.683,3.305,3.112,15.876,24,0.6615,0
2026-08-27 12:00:00,LINE_A,MAT_A,19.876,3.531,3.59,19.817,28,0.7078,0
2026-08-27 12:00:00,LINE_A,MAT_B,15.876,3.531,3.59,15.817,24,0.659,0
2026-08-27 12:15:00,LINE_A,MAT_A,19.817,3.685,3.676,19.826,28,0.7081,0
2026-08-27 12:15:00,LINE_A,MAT_B,15.817,3.685,3.676,15.826,24,0.6594,0
2026-08-27 12:30:00,LINE_A,MAT_A,19.826,3.384,3.496,19.714,28,0.7041,0
2026-08-27 12:30:00,LINE_A,MAT_B,15.826,3.384,3.496,15.714,24,0.6547,0
2026-08-27 12:45:00,LINE_A,MAT_A,19.714,3.342,3.768,19.288,28,0.6889,0
2026-08-27 12:45:00,LINE_A,MAT_B,15.714,3.342,3.768,15.288,24,0.637,0
2026-08-27 13:00:00,LINE_A,MAT_A,19.288,3.54,3.468,19.361,28,0.6915,0
2026-08-27 13:00:00,LINE_A,MAT_B,15.288,3.54,3.468,15.361,24,0.64,0
2026-08-27 13:15:00,LINE_A,MAT_A,19.361,3.336,3.463,19.234,28,0.6869,0
2026-08-27 13:15:00,LINE_A,MAT_B,15.361,3.336,3.463,15.234,24,0.6347,0
2026-08-27 13:30:00,LINE_A,MAT_A,19.234,3.512,3.787,18.959,28,0.6771,0
2026-08-27 13:30:00,LINE_A,MAT_B,15.234,3.512,3.787,14.959,24,0.6233,0
2026-08-27 13:45:00,LINE_A,MAT_A,18.959,3.487,3.574,18.872,28,0.674,0
2026-08-27 13:45:00,LINE_A,MAT_B,14.959,3.487,3.574,14.872,24,0.6197,0
2026-08-27 14:00:00,LINE_A,MAT_A,18.872,3.757,3.86,18.769,28,0.6703,0
2026-08-27 14:00:00,LINE_A,MAT_B,14.872,3.757,3.86,14.769,24,0.6154,0
2026-08-27 14:15:00,LINE_A,MAT_A,18.769,3.844,3.843,18.77,28,0.6704,0
2026-08-27 14:15:00,LINE_A,MAT_B,14.769,3.844,3.843,14.77,24,0.6154,0
2026-08-27 14:30:00,LINE_A,MAT_A,18.77,2.942,3.49,18.221,28,0.6508,0
2026-08-27 14:30:00,LINE_A,MAT_B,14.77,2.942,3.49,14.221,24,0.5926,0
2026-08-27 14:45:00,LINE_A,MAT_A,18.221,4.722,3.942,19.001,28,0.6786,0
2026-08-27 14:45:00,LINE_A,MAT_B,14.221,4.722,3.942,15.001,24,0.625,0
2026-08-27 15:00:00,LINE_A,MAT_A,19.001,3.87,3.876,18.995,28,0.6784,0
2026-08-27 15:00:00,LINE_A,MAT_B,15.001,3.87,3.876,14.995,24,0.6248,0
2026-08-27 15:15:00,LINE_A,MAT_A,18.995,3.557,3.741,18.811,28,0.6718,0
2026-08-27 15:15:00,LINE_A,MAT_B,14.995,3.557,3.741,14.811,24,0.6171,0
2026-08-27 15:30:00,LINE_A,MAT_A,18.811,3.75,3.566,18.995,28,0.6784,0
2026-08-27 15:30:00,LINE_A,MAT_B,14.811,3.75,3.566,14.995,24,0.6248,0
2026-08-27 15:45:00,LINE_A,MAT_A,18.995,3.983,3.813,19.165,28,0.6845,0
2026-08-27 15:45:00,LINE_A,MAT_B,14.995,3.983,3.813,15.165,24,0.6319,0
2026-08-27 16:00:00,LINE_A,MAT_A,19.165,3.714,3.703,19.175,28,0.6848,0
2026-08-27 16:00:00,LINE_A,MAT_B,15.165,3.714,3.703,15.175,24,0.6323,0
2026-08-27 16:15:00,LINE_A,MAT_A,19.175,3.797,3.725,19.247,28,0.6874,0
2026-08-27 16:15:00,LINE_A,MAT_B,15.175,3.797,3.725,15.247,24,0.6353,0
2026-08-27 16:30:00,LINE_A,MAT_A,19.247,3.494,3.702,19.038,28,0.6799,0
2026-08-27 16:30:00,LINE_A,MAT_B,15.247,3.494,3.702,15.038,24,0.6266,0
2026-08-27 16:45:00,LINE_A,MAT_A,19.038,3.755,3.607,19.187,28,0.6852,0
2026-08-27 16:45:00,LINE_A,MAT_B,15.038,3.755,3.607,15.187,24,0.6328,0
2026-08-27 17:00:00,LINE_A,MAT_A,19.187,3.696,3.723,19.161,28,0.6843,0
2026-08-27 17:00:00,LINE_A,MAT_B,15.187,3.696,3.723,15.161,24,0.6317,0
2026-08-27 17:15:00,LINE_A,MAT_A,19.161,3.613,3.578,19.195,28,0.6855,0
2026-08-27 17:15:00,LINE_A,MAT_B,15.161,3.613,3.578,15.195,24,0.6331,0
2026-08-27 17:30:00,LINE_A,MAT_A,19.195,3.568,3.64,19.124,28,0.683,0
2026-08-27 17:30:00,LINE_A,MAT_B,15.195,3.568,3.64,15.124,24,0.6302,0
2026-08-27 17:45:00,LINE_A,MAT_A,19.124,3.613,3.426,19.311,28,0.6897,0
2026-08-27 17:45:00,LINE_A,MAT_B,15.124,3.613,3.426,15.311,24,0.6379,0
2026-08-27 18:00:00,LINE_A,MAT_A,19.311,3.775,3.825,19.26,28,0.6879,0
2026-08-27 18:00:00,LINE_A,MAT_B,15.311,3.775,3.825,15.26,24,0.6358,0
2026-08-27 18:15:00,LINE_A,MAT_A,19.26,3.852,3.729,19.383,28,0.6923,0
2026-08-27 18:15:00,LINE_A,MAT_B,15.26,3.852,3.729,15.383,24,0.641,0
2026-08-27 18:30:00,LINE_A,MAT_A,19.383,3.431,3.758,19.056,28,0.6806,0
2026-08-27 18:30:00,LINE_A,MAT_B,15.383,3.431,3.758,15.056,24,0.6273,0
2026-08-27 18:45:00,LINE_A,MAT_A,19.056,3.404,3.373,19.087,28,0.6817,0
2026-08-27 18:45:00,LINE_A,MAT_B,15.056,3.404,3.373,15.087,24,0.6286,0
2026-08-27 19:00:00,LINE_A,MAT_A,19.087,3.404,3.287,19.204,28,0.6858,0
2026-08-27 19:00:00,LINE_A,MAT_B,15.087,3.404,3.287,15.204,24,0.6335,0
2026-08-27 19:15:00,LINE_A,MAT_A,19.204,3.257,3.088,19.373,28,0.6919,0
2026-08-27 19:15:00,LINE_A,MAT_B,15.204,3.257,3.088,15.373,24,0.6406,0
2026-08-27 19:30:00,LINE_A,MAT_A,19.373,3.583,3.52,19.436,28,0.6942,0
2026-08-27 19:30:00,LINE_A,MAT_B,15.373,3.583,3.52,15.436,24,0.6432,0
2026-08-27 19:45:00,LINE_A,MAT_A,19.436,3.568,3.322,19.682,28,0.7029,0
2026-08-27 19:45:00,LINE_A,MAT_B,15.436,3.568,3.322,15.682,24,0.6534,0
2026-08-27 20:00:00,LINE_A,MAT_A,19.682,3.476,3.511,19.648,28,0.7017,0
2026-08-27 20:00:00,LINE_A,MAT_B,15.682,3.476,3.511,15.648,24,0.652,0
2026-08-27 20:15:00,LINE_A,MAT_A,19.648,3.385,3.612,19.421,28,0.6936,0
2026-08-27 20:15:00,LINE_A,MAT_B,15.648,3.385,3.612,15.421,24,0.6426,0
2026-08-27 20:30:00,LINE_A,MAT_A,19.421,3.426,3.356,19.492,28,0.6961,0
2026-08-27 20:30:00,LINE_A,MAT_B,15.421,3.426,3.356,15.492,24,0.6455,0
2026-08-27 20:45:00,LINE_A,MAT_A,19.492,3.466,3.709,19.249,28,0.6874,0
2026-08-27 20:45:00,LINE_A,MAT_B,15.492,3.466,3.709,15.249,24,0.6354,0
2026-08-27 21:00:00,LINE_A,MAT_A,19.249,3.421,3.346,19.323,28,0.6901,0
2026-08-27 21:00:00,LINE_A,MAT_B,15.249,3.421,3.346,15.323,24,0.6385,0
2026-08-27 21:15:00,LINE_A,MAT_A,19.323,3.385,3.727,18.981,28,0.6779,0
2026-08-27 21:15:00,LINE_A,MAT_B,15.323,3.385,3.727,14.981,24,0.6242,0
2026-08-27 21:30:00,LINE_A,MAT_A,18.981,3.652,3.377,19.256,28,0.6877,0
2026-08-27 21:30:00,LINE_A,MAT_B,14.981,3.652,3.377,15.256,24,0.6357,0
2026-08-27 21:45:00,LINE_A,MAT_A,19.256,3.625,3.474,19.407,28,0.6931,0
2026-08-27 21:45:00,LINE_A,MAT_B,15.256,3.625,3.474,15.407,24,0.6419,0
2026-08-27 22:00:00,LINE_A,MAT_A,19.407,2.617,2.718,19.306,28,0.6895,0
2026-08-27 22:00:00,LINE_A,MAT_B,15.407,2.617,2.718,15.306,24,0.6378,0
2026-08-27 22:15:00,LINE_A,MAT_A,19.306,2.984,2.87,19.42,28,0.6936,0
2026-08-27 22:15:00,LINE_A,MAT_B,15.306,2.984,2.87,15.42,24,0.6425,0
2026-08-27 22:30:00,LINE_A,MAT_A,19.42,2.527,3.016,18.931,28,0.6761,0
2026-08-27 22:30:00,LINE_A,MAT_B,15.42,2.527,3.016,14.931,24,0.6221,0
2026-08-27 22:45:00,LINE_A,MAT_A,18.931,2.538,2.728,18.74,28,0.6693,0
2026-08-27 22:45:00,LINE_A,MAT_B,14.931,2.538,2.728,14.74,24,0.6142,0
2026-08-27 23:00:00,LINE_A,MAT_A,18.74,2.883,2.717,18.906,28,0.6752,0
2026-08-27 23:00:00,LINE_A,MAT_B,14.74,2.883,2.717,14.906,24,0.6211,0
2026-08-27 23:15:00,LINE_A,MAT_A,18.906,2.561,2.54,18.926,28,0.6759,0
2026-08-27 23:15:00,LINE_A,MAT_B,14.906,2.561,2.54,14.926,24,0.6219,0
2026-08-27 23:30:00,LINE_A,MAT_A,18.926,2.857,2.896,18.887,28,0.6745,0
2026-08-27 23:30:00,LINE_A,MAT_B,14.926,2.857,2.896,14.887,24,0.6203,0
2026-08-27 23:45:00,LINE_A,MAT_A,18.887,2.645,2.662,18.871,28,0.674,0
2026-08-27 23:45:00,LINE_A,MAT_B,14.887,2.645,2.662,14.871,24,0.6196,0
2026-08-28 00:00:00,LINE_A,MAT_A,18.871,2.586,2.831,18.626,28,0.6652,0
2026-08-28 00:00:00,LINE_A,MAT_B,14.871,2.586,2.831,14.626,24,0.6094,0
2026-08-28 00:15:00,LINE_A,MAT_A,18.626,2.681,2.606,18.701,28,0.6679,0
2026-08-28 00:15:00,LINE_A,MAT_B,14.626,2.681,2.606,14.701,24,0.6125,0
2026-08-28 00:30:00,LINE_A,MAT_A,18.701,2.661,2.656,18.705,28,0.668,0
2026-08-28 00:30:00,LINE_A,MAT_B,14.701,2.661,2.656,14.705,24,0.6127,0
2026-08-28 00:45:00,LINE_A,MAT_A,18.705,2.681,2.58,18.806,28,0.6717,0
2026-08-28 00:45:00,LINE_A,MAT_B,14.705,2.681,2.58,14.806,24,0.6169,0
2026-08-28 01:00:00,LINE_A,MAT_A,18.806,2.563,2.741,18.628,28,0.6653,0
2026-08-28 01:00:00,LINE_A,MAT_B,14.806,2.563,2.741,14.628,24,0.6095,0
2026-08-28 01:15:00,LINE_A,MAT_A,18.628,2.897,2.557,18.968,28,0.6774,0
2026-08-28 01:15:00,LINE_A,MAT_B,14.628,2.897,2.557,14.968,24,0.6237,0
2026-08-28 01:30:00,LINE_A,MAT_A,18.968,2.646,2.567,19.046,28,0.6802,0
2026-08-28 01:30:00,LINE_A,MAT_B,14.968,2.646,2.567,15.046,24,0.6269,0
2026-08-28 01:45:00,LINE_A,MAT_A,19.046,2.541,2.658,18.929,28,0.676,0
2026-08-28 01:45:00,LINE_A,MAT_B,15.046,2.541,2.658,14.929,24,0.6221,0
2026-08-28 02:00:00,LINE_A,MAT_A,18.929,2.694,2.441,19.182,28,0.6851,0
2026-08-28 02:00:00,LINE_A,MAT_B,14.929,2.694,2.441,15.182,24,0.6326,0
2026-08-28 02:15:00,LINE_A,MAT_A,19.182,2.47,2.664,18.989,28,0.6782,0
2026-08-28 02:15:00,LINE_A,MAT_B,15.182,2.47,2.664,14.989,24,0.6245,0
2026-08-28 02:30:00,LINE_A,MAT_A,18.989,2.781,2.483,19.286,28,0.6888,0
2026-08-28 02:30:00,LINE_A,MAT_B,14.989,2.781,2.483,15.286,24,0.6369,0
2026-08-28 02:45:00,LINE_A,MAT_A,19.286,2.714,2.554,19.447,28,0.6945,0
2026-08-28 02:45:00,LINE_A,MAT_B,15.286,2.714,2.554,15.447,24,0.6436,0
2026-08-28 03:00:00,LINE_A,MAT_A,19.447,2.91,2.9,19.457,28,0.6949,0
2026-08-28 03:00:00,LINE_A,MAT_B,15.447,2.91,2.9,15.457,24,0.644,0
2026-08-28 03:15:00,LINE_A,MAT_A,19.457,2.878,2.658,19.678,28,0.7028,0
2026-08-28 03:15:00,LINE_A,MAT_B,15.457,2.878,2.658,15.678,24,0.6532,0
2026-08-28 03:30:00,LINE_A,MAT_A,19.678,2.656,2.894,19.439,28,0.6943,0
2026-08-28 03:30:00,LINE_A,MAT_B,15.678,2.656,2.894,15.439,24,0.6433,0
2026-08-28 03:45:00,LINE_A,MAT_A,19.439,2.518,2.729,19.229,28,0.6868,0
2026-08-28 03:45:00,LINE_A,MAT_B,15.439,2.518,2.729,15.229,24,0.6345,0
2026-08-28 04:00:00,LINE_A,MAT_A,19.229,2.827,2.69,19.367,28,0.6917,0
2026-08-28 04:00:00,LINE_A,MAT_B,15.229,2.827,2.69,15.367,24,0.6403,0
2026-08-28 04:15:00,LINE_A,MAT_A,19.367,2.554,2.736,19.185,28,0.6852,0
2026-08-28 04:15:00,LINE_A,MAT_B,15.367,2.554,2.736,15.185,24,0.6327,0
2026-08-28 04:30:00,LINE_A,MAT_A,19.185,2.725,2.608,19.302,28,0.6893,0
2026-08-28 04:30:00,LINE_A,MAT_B,15.185,2.725,2.608,15.302,24,0.6376,0
2026-08-28 04:45:00,LINE_A,MAT_A,19.302,2.805,2.531,19.575,28,0.6991,0
2026-08-28 04:45:00,LINE_A,MAT_B,15.302,2.805,2.531,15.575,24,0.649,0
2026-08-28 05:00:00,LINE_A,MAT_A,19.575,2.643,2.631,19.587,28,0.6995,0
2026-08-28 05:00:00,LINE_A,MAT_B,15.575,2.643,2.631,15.587,24,0.6495,0
2026-08-28 05:15:00,LINE_A,MAT_A,19.587,2.907,2.729,19.765,28,0.7059,0
2026-08-28 05:15:00,LINE_A,MAT_B,15.587,2.907,2.729,15.765,24,0.6569,0
2026-08-28 05:30:00,LINE_A,MAT_A,19.765,2.72,2.514,19.97,28,0.7132,0
2026-08-28 05:30:00,LINE_A,MAT_B,15.765,2.72,2.514,15.97,24,0.6654,0
2026-08-28 05:45:00,LINE_A,MAT_A,19.97,2.701,2.726,19.946,28,0.7123,0
2026-08-28 05:45:00,LINE_A,MAT_B,15.97,2.701,2.726,15.946,24,0.6644,0
2026-08-28 06:00:00,LINE_A,MAT_A,19.946,3.216,3.274,19.888,28,0.7103,0
2026-08-28 06:00:00,LINE_A,MAT_B,15.946,3.216,3.274,15.888,24,0.662,0
2026-08-28 06:15:00,LINE_A,MAT_A,19.888,3.493,3.151,20.231,28,0.7225,0
2026-08-28 06:15:00,LINE_A,MAT_B,15.888,3.493,3.151,16.231,24,0.6763,0
2026-08-28 06:30:00,LINE_A,MAT_A,20.231,3.379,3.465,20.146,28,0.7195,0
2026-08-28 06:30:00,LINE_A,MAT_B,16.231,3.379,3.465,16.146,24,0.6727,0
2026-08-28 06:45:00,LINE_A,MAT_A,20.146,3.445,3.43,20.161,28,0.72,0
2026-08-28 06:45:00,LINE_A,MAT_B,16.146,3.445,3.43,16.161,24,0.6734,0
2026-08-28 07:00:00,LINE_A,MAT_A,20.161,3.515,3.457,20.219,28,0.7221,0
2026-08-28 07:00:00,LINE_A,MAT_B,16.161,3.515,3.457,16.219,24,0.6758,0
2026-08-28 07:15:00,LINE_A,MAT_A,20.219,3.327,3.568,19.978,28,0.7135,0
2026-08-28 07:15:00,LINE_A,MAT_B,16.219,3.327,3.568,15.978,24,0.6658,0
2026-08-28 07:30:00,LINE_A,MAT_A,19.978,3.522,3.709,19.791,28,0.7068,0
2026-08-28 07:30:00,LINE_A,MAT_B,15.978,3.522,3.709,15.791,24,0.658,0
2026-08-28 07:45:00,LINE_A,MAT_A,19.791,3.376,3.174,19.993,28,0.714,0
2026-08-28 07:45:00,LINE_A,MAT_B,15.791,3.376,3.174,15.993,24,0.6664,0
2026-08-28 08:00:00,LINE_A,MAT_A,19.993,3.125,3.229,19.889,28,0.7103,0
2026-08-28 08:00:00,LINE_A,MAT_B,15.993,3.125,3.229,15.889,24,0.6621,0
2026-08-28 08:15:00,LINE_A,MAT_A,19.889,3.476,3.524,19.842,28,0.7086,0
2026-08-28 08:15:00,LINE_A,MAT_B,15.889,3.476,3.524,15.842,24,0.6601,0
2026-08-28 08:30:00,LINE_A,MAT_A,19.842,3.508,3.537,19.813,28,0.7076,0
2026-08-28 08:30:00,LINE_A,MAT_B,15.842,3.508,3.537,15.813,24,0.6589,0
2026-08-28 08:45:00,LINE_A,MAT_A,19.813,3.455,3.518,19.75,28,0.7054,0
2026-08-28 08:45:00,LINE_A,MAT_B,15.813,3.455,3.518,15.75,24,0.6562,0
2026-08-28 09:00:00,LINE_A,MAT_A,19.75,3.53,3.432,19.848,28,0.7088,0
2026-08-28 09:00:00,LINE_A,MAT_B,15.75,3.53,3.432,15.848,24,0.6603,0
2026-08-28 09:15:00,LINE_A,MAT_A,19.848,3.458,3.578,19.728,28,0.7046,0
2026-08-28 09:15:00,LINE_A,MAT_B,15.848,3.458,3.578,15.728,24,0.6553,0
2026-08-28 09:30:00,LINE_A,MAT_A,19.728,3.075,3.279,19.524,28,0.6973,0
2026-08-28 09:30:00,LINE_A,MAT_B,15.728,3.075,3.279,15.524,24,0.6468,0
2026-08-28 09:45:00,LINE_A,MAT_A,19.524,3.215,3.424,19.315,28,0.6898,0
2026-08-28 09:45:00,LINE_A,MAT_B,15.524,3.215,3.424,15.315,24,0.6381,0
2026-08-28 10:00:00,LINE_A,MAT_A,19.315,3.834,3.752,19.397,28,0.6928,0
2026-08-28 10:00:00,LINE_A,MAT_B,15.315,3.834,3.752,15.397,24,0.6416,0
2026-08-28 10:15:00,LINE_A,MAT_A,19.397,3.074,3.663,18.808,28,0.6717,0
2026-08-28 10:15:00,LINE_A,MAT_B,15.397,3.074,3.663,14.808,24,0.617,0
2026-08-28 10:30:00,LINE_A,MAT_A,18.808,4.281,3.525,19.563,28,0.6987,0
2026-08-28 10:30:00,LINE_A,MAT_B,14.808,4.281,3.525,15.563,24,0.6485,0
2026-08-28 10:45:00,LINE_A,MAT_A,19.563,3.821,3.458,19.926,28,0.7116,0
2026-08-28 10:45:00,LINE_A,MAT_B,15.563,3.821,3.458,15.926,24,0.6636,0
2026-08-28 11:00:00,LINE_A,MAT_A,19.926,3.486,3.573,19.839,28,0.7085,0
2026-08-28 11:00:00,LINE_A,MAT_B,15.926,3.486,3.573,15.839,24,0.66,0
2026-08-28 11:15:00,LINE_A,MAT_A,19.839,3.742,3.466,20.115,28,0.7184,0
2026-08-28 11:15:00,LINE_A,MAT_B,15.839,3.742,3.466,16.115,24,0.6715,0
2026-08-28 11:30:00,LINE_A,MAT_A,20.115,3.082,3.154,20.044,28,0.7158,0
2026-08-28 11:30:00,LINE_A,MAT_B,16.115,3.082,3.154,16.044,24,0.6685,0
2026-08-28 11:45:00,LINE_A,MAT_A,20.044,3.393,3.201,20.235,28,0.7227,0
2026-08-28 11:45:00,LINE_A,MAT_B,16.044,3.393,3.201,16.235,24,0.6765,0
2026-08-28 12:00:00,LINE_A,MAT_A,20.235,3.429,3.602,20.062,28,0.7165,0
2026-08-28 12:00:00,LINE_A,MAT_B,16.235,3.429,3.602,16.062,24,0.6693,0
2026-08-28 12:15:00,LINE_A,MAT_A,20.062,3.683,3.45,20.295,28,0.7248,0
2026-08-28 12:15:00,LINE_A,MAT_B,16.062,3.683,3.45,16.295,24,0.679,0
2026-08-28 12:30:00,LINE_A,MAT_A,20.295,3.46,3.576,20.18,28,0.7207,0
2026-08-28 12:30:00,LINE_A,MAT_B,16.295,3.46,3.576,16.18,24,0.6742,0
2026-08-28 12:45:00,LINE_A,MAT_A,20.18,3.688,3.845,20.023,28,0.7151,0
2026-08-28 12:45:00,LINE_A,MAT_B,16.18,3.688,3.845,16.023,24,0.6676,0
2026-08-28 13:00:00,LINE_A,MAT_A,20.023,3.468,3.453,20.038,28,0.7156,0
2026-08-28 13:00:00,LINE_A,MAT_B,16.023,3.468,3.453,16.038,24,0.6682,0
2026-08-28 13:15:00,LINE_A,MAT_A,20.038,3.519,3.437,20.12,28,0.7186,0
2026-08-28 13:15:00,LINE_A,MAT_B,16.038,3.519,3.437,16.12,24,0.6717,0
2026-08-28 13:30:00,LINE_A,MAT_A,20.12,3.531,3.824,19.828,28,0.7081,0
2026-08-28 13:30:00,LINE_A,MAT_B,16.12,3.531,3.824,15.828,24,0.6595,0
2026-08-28 13:45:00,LINE_A,MAT_A,19.828,3.239,3.491,19.576,28,0.6991,0
2026-08-28 13:45:00,LINE_A,MAT_B,15.828,3.239,3.491,15.576,24,0.649,0
2026-08-28 14:00:00,LINE_A,MAT_A,19.576,3.879,3.506,19.948,28,0.7124,0
2026-08-28 14:00:00,LINE_A,MAT_B,15.576,3.879,3.506,15.948,24,0.6645,0
2026-08-28 14:15:00,LINE_A,MAT_A,19.948,3.799,3.738,20.009,28,0.7146,0
2026-08-28 14:15:00,LINE_A,MAT_B,15.948,3.799,3.738,16.009,24,0.667,0
2026-08-28 14:30:00,LINE_A,MAT_A,20.009,3.789,3.749,20.049,28,0.716,0
2026-08-28 14:30:00,LINE_A,MAT_B,16.009,3.789,3.749,16.049,24,0.6687,0
2026-08-28 14:45:00,LINE_A,MAT_A,20.049,3.607,3.653,20.003,28,0.7144,0
2026-08-28 14:45:00,LINE_A,MAT_B,16.049,3.607,3.653,16.003,24,0.6668,0
2026-08-28 15:00:00,LINE_A,MAT_A,20.003,3.691,3.639,20.054,28,0.7162,0
2026-08-28 15:00:00,LINE_A,MAT_B,16.003,3.691,3.639,16.054,24,0.6689,0
2026-08-28 15:15:00,LINE_A,MAT_A,20.054,3.581,3.577,20.059,28,0.7164,0
2026-08-28 15:15:00,LINE_A,MAT_B,16.054,3.581,3.577,16.059,24,0.6691,0
2026-08-28 15:30:00,LINE_A,MAT_A,20.059,3.609,3.629,20.039,28,0.7157,0
2026-08-28 15:30:00,LINE_A,MAT_B,16.059,3.609,3.629,16.039,24,0.6683,0
2026-08-28 15:45:00,LINE_A,MAT_A,20.039,3.728,3.89,19.877,28,0.7099,0
2026-08-28 15:45:00,LINE_A,MAT_B,16.039,3.728,3.89,15.877,24,0.6615,0
2026-08-28 16:00:00,LINE_A,MAT_A,19.877,3.519,3.568,19.829,28,0.7082,0
2026-08-28 16:00:00,LINE_A,MAT_B,15.877,3.519,3.568,15.829,24,0.6595,0
2026-08-28 16:15:00,LINE_A,MAT_A,19.829,3.526,3.544,19.811,28,0.7075,0
2026-08-28 16:15:00,LINE_A,MAT_B,15.829,3.526,3.544,15.811,24,0.6588,0
2026-08-28 16:30:00,LINE_A,MAT_A,19.811,3.194,3.625,19.38,28,0.6921,0
2026-08-28 16:30:00,LINE_A,MAT_B,15.811,3.194,3.625,15.38,24,0.6408,0
2026-08-28 16:45:00,LINE_A,MAT_A,19.38,4.075,3.812,19.643,28,0.7015,0
2026-08-28 16:45:00,LINE_A,MAT_B,15.38,4.075,3.812,15.643,24,0.6518,0
2026-08-28 17:00:00,LINE_A,MAT_A,19.643,3.522,3.778,19.387,28,0.6924,0
2026-08-28 17:00:00,LINE_A,MAT_B,15.643,3.522,3.778,15.387,24,0.6411,0
2026-08-28 17:15:00,LINE_A,MAT_A,19.387,3.717,3.533,19.571,28,0.699,0
2026-08-28 17:15:00,LINE_A,MAT_B,15.387,3.717,3.533,15.571,24,0.6488,0
2026-08-28 17:30:00,LINE_A,MAT_A,19.571,3.709,3.581,19.698,28,0.7035,0
2026-08-28 17:30:00,LINE_A,MAT_B,15.571,3.709,3.581,15.698,24,0.6541,0
2026-08-28 17:45:00,LINE_A,MAT_A,19.698,3.984,3.641,20.041,28,0.7157,0
2026-08-28 17:45:00,LINE_A,MAT_B,15.698,3.984,3.641,16.041,24,0.6684,0
2026-08-28 18:00:00,LINE_A,MAT_A,20.041,3.736,3.6,20.177,28,0.7206,0
2026-08-28 18:00:00,LINE_A,MAT_B,16.041,3.736,3.6,16.177,24,0.674,0
2026-08-28 18:15:00,LINE_A,MAT_A,20.177,3.581,3.893,19.865,28,0.7094,0
2026-08-28 18:15:00,LINE_A,MAT_B,16.177,3.581,3.893,15.865,24,0.661,0
2026-08-28 18:30:00,LINE_A,MAT_A,19.865,3.51,3.56,19.814,28,0.7077,0
2026-08-28 18:30:00,LINE_A,MAT_B,15.865,3.51,3.56,15.814,24,0.6589,0
2026-08-28 18:45:00,LINE_A,MAT_A,19.814,3.579,3.601,19.792,28,0.7069,0
2026-08-28 18:45:00,LINE_A,MAT_B,15.814,3.579,3.601,15.792,24,0.658,0
2026-08-28 19:00:00,LINE_A,MAT_A,19.792,3.074,3.006,19.86,28,0.7093,0
2026-08-28 19:00:00,LINE_A,MAT_B,15.792,3.074,3.006,15.86,24,0.6608,0
2026-08-28 19:15:00,LINE_A,MAT_A,19.86,2.998,3.288,19.57,28,0.6989,0
2026-08-28 19:15:00,LINE_A,MAT_B,15.86,2.998,3.288,15.57,24,0.6487,0
2026-08-28 19:30:00,LINE_A,MAT_A,19.57,3.182,3.554,19.198,28,0.6856,0
2026-08-28 19:30:00,LINE_A,MAT_B,15.57,3.182,3.554,15.198,24,0.6333,0
2026-08-28 19:45:00,LINE_A,MAT_A,19.198,3.502,3.515,19.185,28,0.6852,0
2026-08-28 19:45:00,LINE_A,MAT_B,15.198,3.502,3.515,15.185,24,0.6327,0
2026-08-28 20:00:00,LINE_A,MAT_A,19.185,3.582,3.628,19.14,28,0.6836,0
2026-08-28 20:00:00,LINE_A,MAT_B,15.185,3.582,3.628,15.14,24,0.6308,0
2026-08-28 20:15:00,LINE_A,MAT_A,19.14,3.695,3.499,19.336,28,0.6906,0
2026-08-28 20:15:00,LINE_A,MAT_B,15.14,3.695,3.499,15.336,24,0.639,0
2026-08-28 20:30:00,LINE_A,MAT_A,19.336,3.837,3.258,19.916,28,0.7113,0
2026-08-28 20:30:00,LINE_A,MAT_B,15.336,3.837,3.258,15.916,24,0.6632,0
2026-08-28 20:45:00,LINE_A,MAT_A,19.916,3.188,3.232,19.872,28,0.7097,0
2026-08-28 20:45:00,LINE_A,MAT_B,15.916,3.188,3.232,15.872,24,0.6613,0
2026-08-28 21:00:00,LINE_A,MAT_A,19.872,3.492,3.62,19.744,28,0.7051,0
2026-08-28 21:00:00,LINE_A,MAT_B,15.872,3.492,3.62,15.744,24,0.656,0
2026-08-28 21:15:00,LINE_A,MAT_A,19.744,3.472,3.447,19.769,28,0.7061,0
2026-08-28 21:15:00,LINE_A,MAT_B,15.744,3.472,3.447,15.769,24,0.6571,0
2026-08-28 21:30:00,LINE_A,MAT_A,19.769,3.668,3.539,19.898,28,0.7106,0
2026-08-28 21:30:00,LINE_A,MAT_B,15.769,3.668,3.539,15.898,24,0.6624,0
2026-08-28 21:45:00,LINE_A,MAT_A,19.898,3.458,3.54,19.816,28,0.7077,0
2026-08-28 21:45:00,LINE_A,MAT_B,15.898,3.458,3.54,15.816,24,0.659,0
2026-08-28 22:00:00,LINE_A,MAT_A,19.816,2.547,2.564,19.799,28,0.7071,0
2026-08-28 22:00:00,LINE_A,MAT_B,15.816,2.547,2.564,15.799,24,0.6583,0
2026-08-28 22:15:00,LINE_A,MAT_A,19.799,2.586,2.92,19.465,28,0.6952,0
2026-08-28 22:15:00,LINE_A,MAT_B,15.799,2.586,2.92,15.465,24,0.6444,0
2026-08-28 22:30:00,LINE_A,MAT_A,19.465,2.737,2.646,19.555,28,0.6984,0
2026-08-28 22:30:00,LINE_A,MAT_B,15.465,2.737,2.646,15.555,24,0.6481,0
2026-08-28 22:45:00,LINE_A,MAT_A,19.555,2.559,2.643,19.471,28,0.6954,0
2026-08-28 22:45:00,LINE_A,MAT_B,15.555,2.559,2.643,15.471,24,0.6446,0
2026-08-28 23:00:00,LINE_A,MAT_A,19.471,2.676,2.399,19.748,28,0.7053,0
2026-08-28 23:00:00,LINE_A,MAT_B,15.471,2.676,2.399,15.748,24,0.6562,0
2026-08-28 23:15:00,LINE_A,MAT_A,19.748,2.959,2.688,20.019,28,0.715,0
2026-08-28 23:15:00,LINE_A,MAT_B,15.748,2.959,2.688,16.019,24,0.6675,0
2026-08-28 23:30:00,LINE_A,MAT_A,20.019,2.803,2.441,20.382,28,0.7279,0
2026-08-28 23:30:00,LINE_A,MAT_B,16.019,2.803,2.441,16.382,24,0.6826,0
2026-08-28 23:45:00,LINE_A,MAT_A,20.382,2.614,2.653,20.343,28,0.7265,0
2026-08-28 23:45:00,LINE_A,MAT_B,16.382,2.614,2.653,16.343,24,0.681,0
2026-08-29 00:00:00,LINE_A,MAT_A,20.343,1.999,2.045,20.297,28,0.7249,0
2026-08-29 00:00:00,LINE_A,MAT_B,16.343,1.999,2.045,16.297,24,0.679,0
2026-08-29 00:15:00,LINE_A,MAT_A,20.297,2.318,2.2,20.415,28,0.7291,0
2026-08-29 00:15:00,LINE_A,MAT_B,16.297,2.318,2.2,16.415,24,0.6839,0
2026-08-29 00:30:00,LINE_A,MAT_A,20.415,2.262,2.249,20.428,28,0.7296,0
2026-08-29 00:30:00,LINE_A,MAT_B,16.415,2.262,2.249,16.428,24,0.6845,0
2026-08-29 00:45:00,LINE_A,MAT_A,20.428,2.159,2.054,20.533,28,0.7333,0
2026-08-29 00:45:00,LINE_A,MAT_B,16.428,2.159,2.054,16.533,24,0.6889,0
2026-08-29 01:00:00,LINE_A,MAT_A,20.533,2.254,2.233,20.554,28,0.7341,0
2026-08-29 01:00:00,LINE_A,MAT_B,16.533,2.254,2.233,16.554,24,0.6897,0
2026-08-29 01:15:00,LINE_A,MAT_A,20.554,1.896,2.204,20.246,28,0.7231,0
2026-08-29 01:15:00,LINE_A,MAT_B,16.554,1.896,2.204,16.246,24,0.6769,0
2026-08-29 01:30:00,LINE_A,MAT_A,20.246,2.478,2.247,20.477,28,0.7313,0
2026-08-29 01:30:00,LINE_A,MAT_B,16.246,2.478,2.247,16.477,24,0.6866,0
2026-08-29 01:45:00,LINE_A,MAT_A,20.477,2.316,2.253,20.541,28,0.7336,0
2026-08-29 01:45:00,LINE_A,MAT_B,16.477,2.316,2.253,16.541,24,0.6892,0
2026-08-29 02:00:00,LINE_A,MAT_A,20.541,2.223,2.279,20.486,28,0.7316,0
2026-08-29 02:00:00,LINE_A,MAT_B,16.541,2.223,2.279,16.486,24,0.6869,0
2026-08-29 02:15:00,LINE_A,MAT_A,20.486,2.141,2.311,20.315,28,0.7255,0
2026-08-29 02:15:00,LINE_A,MAT_B,16.486,2.141,2.311,16.315,24,0.6798,0
2026-08-29 02:30:00,LINE_A,MAT_A,20.315,2.198,2.206,20.307,28,0.7253,0
2026-08-29 02:30:00,LINE_A,MAT_B,16.315,2.198,2.206,16.307,24,0.6795,0
2026-08-29 02:45:00,LINE_A,MAT_A,20.307,2.283,2.066,20.524,28,0.733,0
2026-08-29 02:45:00,LINE_A,MAT_B,16.307,2.283,2.066,16.524,24,0.6885,0
2026-08-29 03:00:00,LINE_A,MAT_A,20.524,2.26,2.192,20.593,28,0.7355,0
2026-08-29 03:00:00,LINE_A,MAT_B,16.524,2.26,2.192,16.593,24,0.6914,0
2026-08-29 03:15:00,LINE_A,MAT_A,20.593,2.098,1.948,20.743,28,0.7408,0
2026-08-29 03:15:00,LINE_A,MAT_B,16.593,2.098,1.948,16.743,24,0.6976,0
2026-08-29 03:30:00,LINE_A,MAT_A,20.743,2.341,2.223,20.861,28,0.745,0
2026-08-29 03:30:00,LINE_A,MAT_B,16.743,2.341,2.223,16.861,24,0.7025,0
2026-08-29 03:45:00,LINE_A,MAT_A,20.861,2.171,2.055,20.977,28,0.7492,0
2026-08-29 03:45:00,LINE_A,MAT_B,16.861,2.171,2.055,16.977,24,0.7074,0
2026-08-29 04:00:00,LINE_A,MAT_A,20.977,2.361,2.089,21.248,28,0.7589,0
2026-08-29 04:00:00,LINE_A,MAT_B,16.977,2.361,2.089,17.248,24,0.7187,0
2026-08-29 04:15:00,LINE_A,MAT_A,21.248,2.213,2.19,21.272,28,0.7597,0
2026-08-29 04:15:00,LINE_A,MAT_B,17.248,2.213,2.19,17.272,24,0.7197,0
2026-08-29 04:30:00,LINE_A,MAT_A,21.272,2.104,2.152,21.225,28,0.758,0
2026-08-29 04:30:00,LINE_A,MAT_B,17.272,2.104,2.152,17.225,24,0.7177,0
2026-08-29 04:45:00,LINE_A,MAT_A,21.225,2.17,2.43,20.965,28,0.7487,0
2026-08-29 04:45:00,LINE_A,MAT_B,17.225,2.17,2.43,16.965,24,0.7069,0
2026-08-29 05:00:00,LINE_A,MAT_A,20.965,2.024,2.185,20.804,28,0.743,0
2026-08-29 05:00:00,LINE_A,MAT_B,16.965,2.024,2.185,16.804,24,0.7002,0
2026-08-29 05:15:00,LINE_A,MAT_A,20.804,2.12,2.3,20.623,28,0.7366,0
2026-08-29 05:15:00,LINE_A,MAT_B,16.804,2.12,2.3,16.623,24,0.6926,0
2026-08-29 05:30:00,LINE_A,MAT_A,20.623,2.162,2.143,20.643,28,0.7372,0
2026-08-29 05:30:00,LINE_A,MAT_B,16.623,2.162,2.143,16.643,24,0.6935,0
2026-08-29 05:45:00,LINE_A,MAT_A,20.643,2.266,2.279,20.63,28,0.7368,0
2026-08-29 05:45:00,LINE_A,MAT_B,16.643,2.266,2.279,16.63,24,0.6929,0
2026-08-29 06:00:00,LINE_A,MAT_A,20.63,2.642,2.765,20.507,28,0.7324,0
2026-08-29 06:00:00,LINE_A,MAT_B,16.63,2.642,2.765,16.507,24,0.6878,0
2026-08-29 06:15:00,LINE_A,MAT_A,20.507,2.737,2.857,20.386,28,0.7281,0
2026-08-29 06:15:00,LINE_A,MAT_B,16.507,2.737,2.857,16.386,24,0.6828,0
2026-08-29 06:30:00,LINE_A,MAT_A,20.386,2.811,2.855,20.342,28,0.7265,0
2026-08-29 06:30:00,LINE_A,MAT_B,16.386,2.811,2.855,16.342,24,0.6809,0
2026-08-29 06:45:00,LINE_A,MAT_A,20.342,2.686,2.665,20.363,28,0.7273,0
2026-08-29 06:45:00,LINE_A,MAT_B,16.342,2.686,2.665,16.363,24,0.6818,0
2026-08-29 07:00:00,LINE_A,MAT_A,20.363,3.199,2.612,20.95,28,0.7482,0
2026-08-29 07:00:00,LINE_A,MAT_B,16.363,3.199,2.612,16.95,24,0.7062,0
2026-08-29 07:15:00,LINE_A,MAT_A,20.95,2.704,2.832,20.821,28,0.7436,0
2026-08-29 07:15:00,LINE_A,MAT_B,16.95,2.704,2.832,16.821,24,0.7009,0
2026-08-29 07:30:00,LINE_A,MAT_A,20.821,2.754,2.794,20.781,28,0.7422,0
2026-08-29 07:30:00,LINE_A,MAT_B,16.821,2.754,2.794,16.781,24,0.6992,0
2026-08-29 07:45:00,LINE_A,MAT_A,20.781,3.197,2.711,21.267,28,0.7595,0
2026-08-29 07:45:00,LINE_A,MAT_B,16.781,3.197,2.711,17.267,24,0.7195,0
2026-08-29 08:00:00,LINE_A,MAT_A,21.267,2.814,2.777,21.304,28,0.7609,0
2026-08-29 08:00:00,LINE_A,MAT_B,17.267,2.814,2.777,17.304,24,0.721,0
2026-08-29 08:15:00,LINE_A,MAT_A,21.304,2.954,2.643,21.615,28,0.772,0
2026-08-29 08:15:00,LINE_A,MAT_B,17.304,2.954,2.643,17.615,24,0.734,0
2026-08-29 08:30:00,LINE_A,MAT_A,21.615,2.905,2.696,21.824,28,0.7794,0
2026-08-29 08:30:00,LINE_A,MAT_B,17.615,2.905,2.696,17.824,24,0.7427,0
2026-08-29 08:45:00,LINE_A,MAT_A,21.824,2.498,2.974,21.348,28,0.7624,0
2026-08-29 08:45:00,LINE_A,MAT_B,17.824,2.498,2.974,17.348,24,0.7228,0
2026-08-29 09:00:00,LINE_A,MAT_A,21.348,2.95,2.82,21.478,28,0.7671,0
2026-08-29 09:00:00,LINE_A,MAT_B,17.348,2.95,2.82,17.478,24,0.7282,0
2026-08-29 09:15:00,LINE_A,MAT_A,21.478,3.03,2.945,21.563,28,0.7701,0
2026-08-29 09:15:00,LINE_A,MAT_B,17.478,3.03,2.945,17.563,24,0.7318,0
2026-08-29 09:30:00,LINE_A,MAT_A,21.563,2.847,2.722,21.688,28,0.7746,0
2026-08-29 09:30:00,LINE_A,MAT_B,17.563,2.847,2.722,17.688,24,0.737,0
2026-08-29 09:45:00,LINE_A,MAT_A,21.688,2.986,2.919,21.755,28,0.777,0
2026-08-29 09:45:00,LINE_A,MAT_B,17.688,2.986,2.919,17.755,24,0.7398,0
2026-08-29 10:00:00,LINE_A,MAT_A,21.755,3.251,1.304,23.701,28,0.8465,0
2026-08-29 10:00:00,LINE_A,MAT_B,17.755,3.251,1.304,19.701,24,0.8209,0
2026-08-29 10:15:00,LINE_A,MAT_A,23.701,2.713,1.442,24.973,28,0.8919,0
2026-08-29 10:15:00,LINE_A,MAT_B,19.701,2.713,1.442,20.973,24,0.8739,0
2026-08-29 10:30:00,LINE_A,MAT_A,24.973,3.107,1.236,26.764,28,0.9558,0
2026-08-29 10:30:00,LINE_A,MAT_B,20.973,3.107,1.236,22.764,24,0.9485,0
2026-08-29 10:45:00,LINE_A,MAT_A,26.764,3.149,3.106,24.894,28,0.8891,0
2026-08-29 10:45:00,LINE_A,MAT_B,22.764,3.149,3.106,20.894,24,0.8706,0
2026-08-29 11:00:00,LINE_A,MAT_A,24.894,2.914,2.743,25.066,28,0.8952,0
2026-08-29 11:00:00,LINE_A,MAT_B,20.894,2.914,2.743,21.066,24,0.8777,0
2026-08-29 11:15:00,LINE_A,MAT_A,25.066,2.69,2.661,25.095,28,0.8963,0
2026-08-29 11:15:00,LINE_A,MAT_B,21.066,2.69,2.661,21.095,24,0.879,0
2026-08-29 11:30:00,LINE_A,MAT_A,25.095,2.37,2.516,24.949,28,0.891,0
2026-08-29 11:30:00,LINE_A,MAT_B,21.095,2.37,2.516,20.949,24,0.8729,0
2026-08-29 11:45:00,LINE_A,MAT_A,24.949,2.521,2.685,24.785,28,0.8852,0
2026-08-29 11:45:00,LINE_A,MAT_B,20.949,2.521,2.685,20.785,24,0.866,0
2026-08-29 12:00:00,LINE_A,MAT_A,24.785,2.837,3.027,24.595,28,0.8784,0
2026-08-29 12:00:00,LINE_A,MAT_B,20.785,2.837,3.027,20.595,24,0.8581,0
2026-08-29 12:15:00,LINE_A,MAT_A,24.595,2.899,2.963,24.531,28,0.8761,0
2026-08-29 12:15:00,LINE_A,MAT_B,20.595,2.899,2.963,20.531,24,0.8554,0
2026-08-29 12:30:00,LINE_A,MAT_A,24.531,3.03,2.902,24.659,28,0.8807,0
2026-08-29 12:30:00,LINE_A,MAT_B,20.531,3.03,2.902,20.659,24,0.8608,0
2026-08-29 12:45:00,LINE_A,MAT_A,24.659,2.587,2.783,24.464,28,0.8737,0
2026-08-29 12:45:00,LINE_A,MAT_B,20.659,2.587,2.783,20.464,24,0.8527,0
2026-08-29 13:00:00,LINE_A,MAT_A,24.464,3.179,2.99,24.653,28,0.8805,0
2026-08-29 13:00:00,LINE_A,MAT_B,20.464,3.179,2.99,20.653,24,0.8605,0
2026-08-29 13:15:00,LINE_A,MAT_A,24.653,2.809,2.884,24.579,28,0.8778,0
2026-08-29 13:15:00,LINE_A,MAT_B,20.653,2.809,2.884,20.579,24,0.8574,0
2026-08-29 13:30:00,LINE_A,MAT_A,24.579,2.959,2.952,24.585,28,0.878,0
2026-08-29 13:30:00,LINE_A,MAT_B,20.579,2.959,2.952,20.585,24,0.8577,0
2026-08-29 13:45:00,LINE_A,MAT_A,24.585,2.883,3.149,24.319,28,0.8685,0
2026-08-29 13:45:00,LINE_A,MAT_B,20.585,2.883,3.149,20.319,24,0.8466,0
2026-08-29 14:00:00,LINE_A,MAT_A,24.319,3.14,3.143,24.316,28,0.8684,0
2026-08-29 14:00:00,LINE_A,MAT_B,20.319,3.14,3.143,20.316,24,0.8465,0
2026-08-29 14:15:00,LINE_A,MAT_A,24.316,3.081,2.787,24.61,28,0.8789,0
2026-08-29 14:15:00,LINE_A,MAT_B,20.316,3.081,2.787,20.61,24,0.8588,0
2026-08-29 14:30:00,LINE_A,MAT_A,24.61,2.967,3.021,24.556,28,0.877,0
2026-08-29 14:30:00,LINE_A,MAT_B,20.61,2.967,3.021,20.556,24,0.8565,0
2026-08-29 14:45:00,LINE_A,MAT_A,24.556,2.965,3.073,24.448,28,0.8731,0
2026-08-29 14:45:00,LINE_A,MAT_B,20.556,2.965,3.073,20.448,24,0.852,0
2026-08-29 15:00:00,LINE_A,MAT_A,24.448,3.062,2.953,24.557,28,0.877,0
2026-08-29 15:00:00,LINE_A,MAT_B,20.448,3.062,2.953,20.557,24,0.8566,0
2026-08-29 15:15:00,LINE_A,MAT_A,24.557,3.254,2.823,24.988,28,0.8924,0
2026-08-29 15:15:00,LINE_A,MAT_B,20.557,3.254,2.823,20.988,24,0.8745,0
2026-08-29 15:30:00,LINE_A,MAT_A,24.988,2.967,2.943,25.012,28,0.8933,0
2026-08-29 15:30:00,LINE_A,MAT_B,20.988,2.967,2.943,21.012,24,0.8755,0
2026-08-29 15:45:00,LINE_A,MAT_A,25.012,2.717,3.073,24.657,28,0.8806,0
2026-08-29 15:45:00,LINE_A,MAT_B,21.012,2.717,3.073,20.657,24,0.8607,0
2026-08-29 16:00:00,LINE_A,MAT_A,24.657,3.261,3.124,24.793,28,0.8855,0
2026-08-29 16:00:00,LINE_A,MAT_B,20.657,3.261,3.124,20.793,24,0.8664,0
2026-08-29 16:15:00,LINE_A,MAT_A,24.793,2.826,2.954,24.665,28,0.8809,0
2026-08-29 16:15:00,LINE_A,MAT_B,20.793,2.826,2.954,20.665,24,0.8611,0
2026-08-29 16:30:00,LINE_A,MAT_A,24.665,3.245,2.824,25.086,28,0.8959,0
2026-08-29 16:30:00,LINE_A,MAT_B,20.665,3.245,2.824,21.086,24,0.8786,0
2026-08-29 16:45:00,LINE_A,MAT_A,25.086,2.823,3.202,24.707,28,0.8824,0
2026-08-29 16:45:00,LINE_A,MAT_B,21.086,2.823,3.202,20.707,24,0.8628,0
2026-08-29 17:00:00,LINE_A,MAT_A,24.707,2.982,3.043,24.646,28,0.8802,0
2026-08-29 17:00:00,LINE_A,MAT_B,20.707,2.982,3.043,20.646,24,0.8603,0
2026-08-29 17:15:00,LINE_A,MAT_A,24.646,3.123,3.109,24.66,28,0.8807,0
2026-08-29 17:15:00,LINE_A,MAT_B,20.646,3.123,3.109,20.66,24,0.8608,0
2026-08-29 17:30:00,LINE_A,MAT_A,24.66,2.833,3.077,24.416,28,0.872,0
2026-08-29 17:30:00,LINE_A,MAT_B,20.66,2.833,3.077,20.416,24,0.8507,0
2026-08-29 17:45:00,LINE_A,MAT_A,24.416,2.901,3.037,24.281,28,0.8672,0
2026-08-29 17:45:00,LINE_A,MAT_B,20.416,2.901,3.037,20.281,24,0.845,0
2026-08-29 18:00:00,LINE_A,MAT_A,24.281,3.111,3.107,24.285,28,0.8673,0
2026-08-29 18:00:00,LINE_A,MAT_B,20.281,3.111,3.107,20.285,24,0.8452,0
2026-08-29 18:15:00,LINE_A,MAT_A,24.285,3.176,2.867,24.594,28,0.8783,0
2026-08-29 18:15:00,LINE_A,MAT_B,20.285,3.176,2.867,20.594,24,0.8581,0
2026-08-29 18:30:00,LINE_A,MAT_A,24.594,2.505,2.901,24.198,28,0.8642,0
2026-08-29 18:30:00,LINE_A,MAT_B,20.594,2.505,2.901,20.198,24,0.8416,0
2026-08-29 18:45:00,LINE_A,MAT_A,24.198,2.919,2.95,24.166,28,0.8631,0
2026-08-29 18:45:00,LINE_A,MAT_B,20.198,2.919,2.95,20.166,24,0.8403,0
2026-08-29 19:00:00,LINE_A,MAT_A,24.166,2.299,2.383,24.082,28,0.8601,0
2026-08-29 19:00:00,LINE_A,MAT_B,20.166,2.299,2.383,20.082,24,0.8368,0
2026-08-29 19:15:00,LINE_A,MAT_A,24.082,2.831,2.634,24.279,28,0.8671,0
2026-08-29 19:15:00,LINE_A,MAT_B,20.082,2.831,2.634,20.279,24,0.845,0
2026-08-29 19:30:00,LINE_A,MAT_A,24.279,2.883,3.085,24.077,28,0.8599,0
2026-08-29 19:30:00,LINE_A,MAT_B,20.279,2.883,3.085,20.077,24,0.8365,0
2026-08-29 19:45:00,LINE_A,MAT_A,24.077,2.717,2.834,23.96,28,0.8557,0
2026-08-29 19:45:00,LINE_A,MAT_B,20.077,2.717,2.834,19.96,24,0.8317,0
2026-08-29 20:00:00,LINE_A,MAT_A,23.96,2.857,2.874,23.943,28,0.8551,0
2026-08-29 20:00:00,LINE_A,MAT_B,19.96,2.857,2.874,19.943,24,0.831,0
2026-08-29 20:15:00,LINE_A,MAT_A,23.943,2.704,3.029,23.618,28,0.8435,0
2026-08-29 20:15:00,LINE_A,MAT_B,19.943,2.704,3.029,19.618,24,0.8174,0
2026-08-29 20:30:00,LINE_A,MAT_A,23.618,2.92,2.817,23.72,28,0.8472,0
2026-08-29 20:30:00,LINE_A,MAT_B,19.618,2.92,2.817,19.72,24,0.8217,0
2026-08-29 20:45:00,LINE_A,MAT_A,23.72,2.756,2.817,23.659,28,0.845,0
2026-08-29 20:45:00,LINE_A,MAT_B,19.72,2.756,2.817,19.659,24,0.8191,0
2026-08-29 21:00:00,LINE_A,MAT_A,23.659,3.006,3.103,23.562,28,0.8415,0
2026-08-29 21:00:00,LINE_A,MAT_B,19.659,3.006,3.103,19.562,24,0.8151,0
2026-08-29 21:15:00,LINE_A,MAT_A,23.562,2.894,2.815,23.641,28,0.8443,0
2026-08-29 21:15:00,LINE_A,MAT_B,19.562,2.894,2.815,19.641,24,0.8184,0
2026-08-29 21:30:00,LINE_A,MAT_A,23.641,2.77,2.772,23.638,28,0.8442,0
2026-08-29 21:30:00,LINE_A,MAT_B,19.641,2.77,2.772,19.638,24,0.8182,0
2026-08-29 21:45:00,LINE_A,MAT_A,23.638,2.969,2.769,23.838,28,0.8514,0
2026-08-29 21:45:00,LINE_A,MAT_B,19.638,2.969,2.769,19.838,24,0.8266,0
2026-08-29 22:00:00,LINE_A,MAT_A,23.838,2.243,2.207,23.874,28,0.8526,0
2026-08-29 22:00:00,LINE_A,MAT_B,19.838,2.243,2.207,19.874,24,0.8281,0
2026-08-29 22:15:00,LINE_A,MAT_A,23.874,2.647,2.205,24.316,28,0.8684,0
2026-08-29 22:15:00,LINE_A,MAT_B,19.874,2.647,2.205,20.316,24,0.8465,0
2026-08-29 22:30:00,LINE_A,MAT_A,24.316,2.319,2.174,24.46,28,0.8736,0
2026-08-29 22:30:00,LINE_A,MAT_B,20.316,2.319,2.174,20.46,24,0.8525,0
2026-08-29 22:45:00,LINE_A,MAT_A,24.46,2.292,2.063,24.689,28,0.8818,0
2026-08-29 22:45:00,LINE_A,MAT_B,20.46,2.292,2.063,20.689,24,0.8621,0
2026-08-29 23:00:00,LINE_A,MAT_A,24.689,2.003,2.014,24.677,28,0.8813,0
2026-08-29 23:00:00,LINE_A,MAT_B,20.689,2.003,2.014,20.677,24,0.8616,0
2026-08-29 23:15:00,LINE_A,MAT_A,24.677,2.455,2.278,24.855,28,0.8877,0
2026-08-29 23:15:00,LINE_A,MAT_B,20.677,2.455,2.278,20.855,24,0.8689,0
2026-08-29 23:30:00,LINE_A,MAT_A,24.855,2.257,2.159,24.952,28,0.8912,0
2026-08-29 23:30:00,LINE_A,MAT_B,20.855,2.257,2.159,20.952,24,0.873,0
2026-08-29 23:45:00,LINE_A,MAT_A,24.952,2.249,2.288,24.914,28,0.8898,0
2026-08-29 23:45:00,LINE_A,MAT_B,20.952,2.249,2.288,20.914,24,0.8714,0
2026-08-30 00:00:00,LINE_A,MAT_A,24.914,2.424,2.211,25.127,28,0.8974,0
2026-08-30 00:00:00,LINE_A,MAT_B,20.914,2.424,2.211,21.127,24,0.8803,0
2026-08-30 00:15:00,LINE_A,MAT_A,25.127,2.497,1.983,25.641,28,0.9158,0
2026-08-30 00:15:00,LINE_A,MAT_B,21.127,2.497,1.983,21.641,24,0.9017,0
2026-08-30 00:30:00,LINE_A,MAT_A,25.641,2.257,1.87,26.028,28,0.9296,0
2026-08-30 00:30:00,LINE_A,MAT_B,21.641,2.257,1.87,22.028,24,0.9178,0
2026-08-30 00:45:00,LINE_A,MAT_A,26.028,2.142,2.394,25.606,28,0.9145,0
2026-08-30 00:45:00,LINE_A,MAT_B,22.028,2.142,2.394,21.606,24,0.9003,0
2026-08-30 01:00:00,LINE_A,MAT_A,25.606,2.3,2.182,25.724,28,0.9187,0
2026-08-30 01:00:00,LINE_A,MAT_B,21.606,2.3,2.182,21.724,24,0.9052,0
2026-08-30 01:15:00,LINE_A,MAT_A,25.724,2.085,2.172,25.637,28,0.9156,0
2026-08-30 01:15:00,LINE_A,MAT_B,21.724,2.085,2.172,21.637,24,0.9016,0
2026-08-30 01:30:00,LINE_A,MAT_A,25.637,2.272,2.028,25.881,28,0.9243,0
2026-08-30 01:30:00,LINE_A,MAT_B,21.637,2.272,2.028,21.881,24,0.9117,0
2026-08-30 01:45:00,LINE_A,MAT_A,25.881,1.821,2.192,25.511,28,0.9111,0
2026-08-30 01:45:00,LINE_A,MAT_B,21.881,1.821,2.192,21.511,24,0.8963,0
2026-08-30 02:00:00,LINE_A,MAT_A,25.511,2.227,2.059,25.678,28,0.9171,0
2026-08-30 02:00:00,LINE_A,MAT_B,21.511,2.227,2.059,21.678,24,0.9033,0
2026-08-30 02:15:00,LINE_A,MAT_A,25.678,2.054,2.408,25.325,28,0.9045,0
2026-08-30 02:15:00,LINE_A,MAT_B,21.678,2.054,2.408,21.325,24,0.8886,0
2026-08-30 02:30:00,LINE_A,MAT_A,25.325,2.261,2.152,25.434,28,0.9083,0
2026-08-30 02:30:00,LINE_A,MAT_B,21.325,2.261,2.152,21.434,24,0.8931,0
2026-08-30 02:45:00,LINE_A,MAT_A,25.434,2.217,2.257,25.393,28,0.9069,0
2026-08-30 02:45:00,LINE_A,MAT_B,21.434,2.217,2.257,21.393,24,0.8914,0
2026-08-30 03:00:00,LINE_A,MAT_A,25.393,1.957,2.161,25.189,28,0.8996,0
2026-08-30 03:00:00,LINE_A,MAT_B,21.393,1.957,2.161,21.189,24,0.8829,0
2026-08-30 03:15:00,LINE_A,MAT_A,25.189,2.174,2.164,25.198,28,0.8999,0
2026-08-30 03:15:00,LINE_A,MAT_B,21.189,2.174,2.164,21.198,24,0.8833,0
2026-08-30 03:30:00,LINE_A,MAT_A,25.198,2.351,2.332,25.217,28,0.9006,0
2026-08-30 03:30:00,LINE_A,MAT_B,21.198,2.351,2.332,21.217,24,0.8841,0
2026-08-30 03:45:00,LINE_A,MAT_A,25.217,2.166,2.239,25.145,28,0.898,0
2026-08-30 03:45:00,LINE_A,MAT_B,21.217,2.166,2.239,21.145,24,0.881,0
2026-08-30 04:00:00,LINE_A,MAT_A,25.145,2.228,2.356,25.016,28,0.8934,0
2026-08-30 04:00:00,LINE_A,MAT_B,21.145,2.228,2.356,21.016,24,0.8757,0
2026-08-30 04:15:00,LINE_A,MAT_A,25.016,2.508,2.076,25.448,28,0.9088,0
2026-08-30 04:15:00,LINE_A,MAT_B,21.016,2.508,2.076,21.448,24,0.8937,0
2026-08-30 04:30:00,LINE_A,MAT_A,25.448,2.252,2.112,25.588,28,0.9139,0
2026-08-30 04:30:00,LINE_A,MAT_B,21.448,2.252,2.112,21.588,24,0.8995,0
2026-08-30 04:45:00,LINE_A,MAT_A,25.588,2.44,2.15,25.85,28,0.9232,0
2026-08-30 04:45:00,LINE_A,MAT_B,21.588,2.44,2.15,21.85,24,0.9104,0
2026-08-30 05:00:00,LINE_A,MAT_A,25.85,2.125,2.062,25.913,28,0.9255,0
2026-08-30 05:00:00,LINE_A,MAT_B,21.85,2.125,2.062,21.913,24,0.913,0
2026-08-30 05:15:00,LINE_A,MAT_A,25.913,2.375,2.421,25.579,28,0.9135,0
2026-08-30 05:15:00,LINE_A,MAT_B,21.913,2.375,2.421,21.579,24,0.8991,0
2026-08-30 05:30:00,LINE_A,MAT_A,25.579,2.274,2.357,25.496,28,0.9106,0
2026-08-30 05:30:00,LINE_A,MAT_B,21.579,2.274,2.357,21.496,24,0.8957,0
2026-08-30 05:45:00,LINE_A,MAT_A,25.496,2.498,2.117,25.877,28,0.9242,0
2026-08-30 05:45:00,LINE_A,MAT_B,21.496,2.498,2.117,21.877,24,0.9115,0
2026-08-30 06:00:00,LINE_A,MAT_A,25.877,2.852,2.32,25.68,28,0.9171,0
2026-08-30 06:00:00,LINE_A,MAT_B,21.877,2.852,2.32,21.68,24,0.9033,0
2026-08-30 06:15:00,LINE_A,MAT_A,25.68,2.589,2.744,25.256,28,0.902,0
2026-08-30 06:15:00,LINE_A,MAT_B,21.68,2.589,2.744,21.256,24,0.8857,0
2026-08-30 06:30:00,LINE_A,MAT_A,25.256,2.778,2.904,25.096,28,0.8963,0
2026-08-30 06:30:00,LINE_A,MAT_B,21.256,2.778,2.904,21.096,24,0.879,0
2026-08-30 06:45:00,LINE_A,MAT_A,25.096,3.135,2.822,25.178,28,0.8992,0
2026-08-30 06:45:00,LINE_A,MAT_B,21.096,3.135,2.822,21.178,24,0.8824,0
2026-08-30 07:00:00,LINE_A,MAT_A,25.178,2.774,2.895,25.057,28,0.8949,0
2026-08-30 07:00:00,LINE_A,MAT_B,21.178,2.774,2.895,21.057,24,0.8774,0
2026-08-30 07:15:00,LINE_A,MAT_A,25.057,2.669,2.767,24.959,28,0.8914,0
2026-08-30 07:15:00,LINE_A,MAT_B,21.057,2.669,2.767,20.959,24,0.8733,0
2026-08-30 07:30:00,LINE_A,MAT_A,24.959,2.628,2.499,25.088,28,0.896,0
2026-08-30 07:30:00,LINE_A,MAT_B,20.959,2.628,2.499,21.088,24,0.8787,0
2026-08-30 07:45:00,LINE_A,MAT_A,25.088,2.573,2.884,24.776,28,0.8849,0
2026-08-30 07:45:00,LINE_A,MAT_B,21.088,2.573,2.884,20.776,24,0.8657,0
2026-08-30 08:00:00,LINE_A,MAT_A,24.776,2.754,2.661,24.87,28,0.8882,0
2026-08-30 08:00:00,LINE_A,MAT_B,20.776,2.754,2.661,20.87,24,0.8696,0
2026-08-30 08:15:00,LINE_A,MAT_A,24.87,2.817,2.831,24.856,28,0.8877,0
2026-08-30 08:15:00,LINE_A,MAT_B,20.87,2.817,2.831,20.856,24,0.869,0
2026-08-30 08:30:00,LINE_A,MAT_A,24.856,2.825,2.833,24.848,28,0.8874,0
2026-08-30 08:30:00,LINE_A,MAT_B,20.856,2.825,2.833,20.848,24,0.8687,0
2026-08-30 08:45:00,LINE_A,MAT_A,24.848,2.403,2.714,24.537,28,0.8763,0
2026-08-30 08:45:00,LINE_A,MAT_B,20.848,2.403,2.714,20.537,24,0.8557,0
2026-08-30 09:00:00,LINE_A,MAT_A,24.537,2.844,2.991,24.39,28,0.8711,0
2026-08-30 09:00:00,LINE_A,MAT_B,20.537,2.844,2.991,20.39,24,0.8496,0
2026-08-30 09:15:00,LINE_A,MAT_A,24.39,3.298,2.523,25.165,28,0.8988,0
2026-08-30 09:15:00,LINE_A,MAT_B,20.39,3.298,2.523,21.165,24,0.8819,0
2026-08-30 09:30:00,LINE_A,MAT_A,25.165,2.933,3.042,24.958,28,0.8914,0
2026-08-30 09:30:00,LINE_A,MAT_B,21.165,2.933,3.042,20.958,24,0.8732,0
2026-08-30 09:45:00,LINE_A,MAT_A,24.958,3.166,2.918,25.082,28,0.8958,0
2026-08-30 09:45:00,LINE_A,MAT_B,20.958,3.166,2.918,21.082,24,0.8784,0
2026-08-30 10:00:00,LINE_A,MAT_A,25.082,3.071,2.973,25.027,28,0.8938,0
2026-08-30 10:00:00,LINE_A,MAT_B,21.082,3.071,2.973,21.027,24,0.8761,0
2026-08-30 10:15:00,LINE_A,MAT_A,25.027,2.585,2.788,24.824,28,0.8866,0
2026-08-30 10:15:00,LINE_A,MAT_B,21.027,2.585,2.788,20.824,24,0.8676,0
2026-08-30 10:30:00,LINE_A,MAT_A,24.824,3.243,2.984,25.016,28,0.8934,0
2026-08-30 10:30:00,LINE_A,MAT_B,20.824,3.243,2.984,21.016,24,0.8756,0
2026-08-30 10:45:00,LINE_A,MAT_A,25.016,2.809,2.662,25.162,28,0.8987,0
2026-08-30 10:45:00,LINE_A,MAT_B,21.016,2.809,2.662,21.162,24,0.8818,0
2026-08-30 11:00:00,LINE_A,MAT_A,25.162,3.06,2.867,25.133,28,0.8976,0
2026-08-30 11:00:00,LINE_A,MAT_B,21.162,3.06,2.867,21.133,24,0.8805,0
2026-08-30 11:15:00,LINE_A,MAT_A,25.133,3.008,2.919,25.081,28,0.8958,0
2026-08-30 11:15:00,LINE_A,MAT_B,21.133,3.008,2.919,21.081,24,0.8784,0
2026-08-30 11:30:00,LINE_A,MAT_A,25.081,2.524,2.448,25.158,28,0.8985,0
2026-08-30 11:30:00,LINE_A,MAT_B,21.081,2.524,2.448,21.158,24,0.8816,0
2026-08-30 11:45:00,LINE_A,MAT_A,25.158,2.547,2.414,25.291,28,0.9033,0
2026-08-30 11:45:00,LINE_A,MAT_B,21.158,2.547,2.414,21.291,24,0.8871,0
2026-08-30 12:00:00,LINE_A,MAT_A,25.291,2.746,2.845,25.155,28,0.8984,0
2026-08-30 12:00:00,LINE_A,MAT_B,21.291,2.746,2.845,21.155,24,0.8815,0
2026-08-30 12:15:00,LINE_A,MAT_A,25.155,2.907,2.798,25.202,28,0.9001,0
2026-08-30 12:15:00,LINE_A,MAT_B,21.155,2.907,2.798,21.202,24,0.8834,0
2026-08-30 12:30:00,LINE_A,MAT_A,25.202,3.146,2.699,25.301,28,0.9036,0
2026-08-30 12:30:00,LINE_A,MAT_B,21.202,3.146,2.699,21.301,24,0.8875,0
2026-08-30 12:45:00,LINE_A,MAT_A,25.301,2.908,2.708,25.292,28,0.9033,0
2026-08-30 12:45:00,LINE_A,MAT_B,21.301,2.908,2.708,21.292,24,0.8872,0
2026-08-30 13:00:00,LINE_A,MAT_A,25.292,2.695,3.085,24.902,28,0.8893,0
2026-08-30 13:00:00,LINE_A,MAT_B,21.292,2.695,3.085,20.902,24,0.8709,0
2026-08-30 13:15:00,LINE_A,MAT_A,24.902,2.964,2.868,24.998,28,0.8928,0
2026-08-30 13:15:00,LINE_A,MAT_B,20.902,2.964,2.868,20.998,24,0.8749,0
2026-08-30 13:30:00,LINE_A,MAT_A,24.998,3.121,2.887,25.113,28,0.8969,0
2026-08-30 13:30:00,LINE_A,MAT_B,20.998,3.121,2.887,21.113,24,0.8797,0
2026-08-30 13:45:00,LINE_A,MAT_A,25.113,2.637,2.885,24.865,28,0.888,0
2026-08-30 13:45:00,LINE_A,MAT_B,21.113,2.637,2.885,20.865,24,0.8694,0
2026-08-30 14:00:00,LINE_A,MAT_A,24.865,3.013,2.781,25.097,28,0.8963,0
2026-08-30 14:00:00,LINE_A,MAT_B,20.865,3.013,2.781,21.097,24,0.8791,0
2026-08-30 14:15:00,LINE_A,MAT_A,25.097,2.978,2.844,25.156,28,0.8984,0
2026-08-30 14:15:00,LINE_A,MAT_B,21.097,2.978,2.844,21.156,24,0.8815,0
2026-08-30 14:30:00,LINE_A,MAT_A,25.156,2.961,3.163,24.837,28,0.887,0
2026-08-30 14:30:00,LINE_A,MAT_B,21.156,2.961,3.163,20.837,24,0.8682,0
2026-08-30 14:45:00,LINE_A,MAT_A,24.837,3.165,3.009,24.991,28,0.8925,0
2026-08-30 14:45:00,LINE_A,MAT_B,20.837,3.165,3.009,20.991,24,0.8746,0
2026-08-30 15:00:00,LINE_A,MAT_A,24.991,3.406,2.962,25.038,28,0.8942,0
2026-08-30 15:00:00,LINE_A,MAT_B,20.991,3.406,2.962,21.038,24,0.8766,0
2026-08-30 15:15:00,LINE_A,MAT_A,25.038,2.87,2.966,24.943,28,0.8908,0
2026-08-30 15:15:00,LINE_A,MAT_B,21.038,2.87,2.966,20.943,24,0.8726,0
2026-08-30 15:30:00,LINE_A,MAT_A,24.943,3.193,3.018,24.982,28,0.8922,0
2026-08-30 15:30:00,LINE_A,MAT_B,20.943,3.193,3.018,20.982,24,0.8743,0
2026-08-30 15:45:00,LINE_A,MAT_A,24.982,3.187,2.957,25.043,28,0.8944,0
2026-08-30 15:45:00,LINE_A,MAT_B,20.982,3.187,2.957,21.043,24,0.8768,0
2026-08-30 16:00:00,LINE_A,MAT_A,25.043,3.428,2.791,25.209,28,0.9003,0
2026-08-30 16:00:00,LINE_A,MAT_B,21.043,3.428,2.791,21.209,24,0.8837,0
2026-08-30 16:15:00,LINE_A,MAT_A,25.209,2.801,3.222,24.778,28,0.8849,0
2026-08-30 16:15:00,LINE_A,MAT_B,21.209,2.801,3.222,20.778,24,0.8658,0
2026-08-30 16:30:00,LINE_A,MAT_A,24.778,3.112,3.156,24.734,28,0.8834,0
2026-08-30 16:30:00,LINE_A,MAT_B,20.778,3.112,3.156,20.734,24,0.8639,0
2026-08-30 16:45:00,LINE_A,MAT_A,24.734,2.91,2.97,24.674,28,0.8812,0
2026-08-30 16:45:00,LINE_A,MAT_B,20.734,2.91,2.97,20.674,24,0.8614,0
2026-08-30 17:00:00,LINE_A,MAT_A,24.674,2.859,3.02,24.513,28,0.8754,0
2026-08-30 17:00:00,LINE_A,MAT_B,20.674,2.859,3.02,20.513,24,0.8547,0
2026-08-30 17:15:00,LINE_A,MAT_A,24.513,3.312,3.107,24.718,28,0.8828,0
2026-08-30 17:15:00,LINE_A,MAT_B,20.513,3.312,3.107,20.718,24,0.8632,0
2026-08-30 17:30:00,LINE_A,MAT_A,24.718,3.292,2.99,25.01,28,0.8932,0
2026-08-30 17:30:00,LINE_A,MAT_B,20.718,3.292,2.99,21.01,24,0.8754,0
2026-08-30 17:45:00,LINE_A,MAT_A,25.01,2.958,2.901,25.066,28,0.8952,0
2026-08-30 17:45:00,LINE_A,MAT_B,21.01,2.958,2.901,21.066,24,0.8778,0
2026-08-30 18:00:00,LINE_A,MAT_A,25.066,3.023,2.977,25.023,28,0.8937,0
2026-08-30 18:00:00,LINE_A,MAT_B,21.066,3.023,2.977,21.023,24,0.876,0
2026-08-30 18:15:00,LINE_A,MAT_A,25.023,3.251,3.1,24.9,28,0.8893,0
2026-08-30 18:15:00,LINE_A,MAT_B,21.023,3.251,3.1,20.9,24,0.8709,0
2026-08-30 18:30:00,LINE_A,MAT_A,24.9,3.237,2.868,25.132,28,0.8976,0
2026-08-30 18:30:00,LINE_A,MAT_B,20.9,3.237,2.868,21.132,24,0.8805,0
2026-08-30 18:45:00,LINE_A,MAT_A,25.132,2.82,3.023,24.929,28,0.8903,0
2026-08-30 18:45:00,LINE_A,MAT_B,21.132,2.82,3.023,20.929,24,0.872,0
2026-08-30 19:00:00,LINE_A,MAT_A,24.929,2.51,2.552,24.887,28,0.8888,0
2026-08-30 19:00:00,LINE_A,MAT_B,20.929,2.51,2.552,20.887,24,0.8703,0
2026-08-30 19:15:00,LINE_A,MAT_A,24.887,2.795,2.522,25.16,28,0.8986,0
2026-08-30 19:15:00,LINE_A,MAT_B,20.887,2.795,2.522,21.16,24,0.8817,0
2026-08-30 19:30:00,LINE_A,MAT_A,25.16,2.985,2.697,25.303,28,0.9037,0
2026-08-30 19:30:00,LINE_A,MAT_B,21.16,2.985,2.697,21.303,24,0.8876,0
2026-08-30 19:45:00,LINE_A,MAT_A,25.303,2.701,3.076,24.924,28,0.8901,0
2026-08-30 19:45:00,LINE_A,MAT_B,21.303,2.701,3.076,20.924,24,0.8718,0
2026-08-30 20:00:00,LINE_A,MAT_A,24.924,3.049,2.693,25.279,28,0.9028,0
2026-08-30 20:00:00,LINE_A,MAT_B,20.924,3.049,2.693,21.279,24,0.8866,0
2026-08-30 20:15:00,LINE_A,MAT_A,25.279,2.791,2.734,25.266,28,0.9024,0
2026-08-30 20:15:00,LINE_A,MAT_B,21.279,2.791,2.734,21.266,24,0.8861,0
2026-08-30 20:30:00,LINE_A,MAT_A,25.266,2.79,2.835,25.165,28,0.8987,0
2026-08-30 20:30:00,LINE_A,MAT_B,21.266,2.79,2.835,21.165,24,0.8819,0
2026-08-30 20:45:00,LINE_A,MAT_A,25.165,2.904,2.715,25.285,28,0.903,0
2026-08-30 20:45:00,LINE_A,MAT_B,21.165,2.904,2.715,21.285,24,0.8869,0
2026-08-30 21:00:00,LINE_A,MAT_A,25.285,2.663,2.827,25.121,28,0.8972,0
2026-08-30 21:00:00,LINE_A,MAT_B,21.285,2.663,2.827,21.121,24,0.88,0
2026-08-30 21:15:00,LINE_A,MAT_A,25.121,2.687,2.995,24.813,28,0.8862,0
2026-08-30 21:15:00,LINE_A,MAT_B,21.121,2.687,2.995,20.813,24,0.8672,0
2026-08-30 21:30:00,LINE_A,MAT_A,24.813,2.802,3.03,24.585,28,0.878,0
2026-08-30 21:30:00,LINE_A,MAT_B,20.813,2.802,3.03,20.585,24,0.8577,0
2026-08-30 21:45:00,LINE_A,MAT_A,24.585,2.966,2.76,24.791,28,0.8854,0
2026-08-30 21:45:00,LINE_A,MAT_B,20.585,2.966,2.76,20.791,24,0.8663,0
2026-08-30 22:00:00,LINE_A,MAT_A,24.791,2.255,1.905,25.141,28,0.8979,0
2026-08-30 22:00:00,LINE_A,MAT_B,20.791,2.255,1.905,21.141,24,0.8809,0
2026-08-30 22:15:00,LINE_A,MAT_A,25.141,2.256,2.293,25.104,28,0.8966,0
2026-08-30 22:15:00,LINE_A,MAT_B,21.141,2.256,2.293,21.104,24,0.8793,0
2026-08-30 22:30:00,LINE_A,MAT_A,25.104,2.338,2.208,25.234,28,0.9012,0
2026-08-30 22:30:00,LINE_A,MAT_B,21.104,2.338,2.208,21.234,24,0.8847,0
2026-08-30 22:45:00,LINE_A,MAT_A,25.234,2.127,2.419,24.942,28,0.8908,0
2026-08-30 22:45:00,LINE_A,MAT_B,21.234,2.127,2.419,20.942,24,0.8726,0
2026-08-30 23:00:00,LINE_A,MAT_A,24.942,2.133,2.414,24.661,28,0.8807,0
2026-08-30 23:00:00,LINE_A,MAT_B,20.942,2.133,2.414,20.661,24,0.8609,0
2026-08-30 23:15:00,LINE_A,MAT_A,24.661,2.235,2.189,24.707,28,0.8824,0
2026-08-30 23:15:00,LINE_A,MAT_B,20.661,2.235,2.189,20.707,24,0.8628,0
2026-08-30 23:30:00,LINE_A,MAT_A,24.707,2.019,2.222,24.504,28,0.8751,0
2026-08-30 23:30:00,LINE_A,MAT_B,20.707,2.019,2.222,20.504,24,0.8543,0
2026-08-30 23:45:00,LINE_A,MAT_A,24.504,1.988,1.954,24.537,28,0.8763,0
2026-08-30 23:45:00,LINE_A,MAT_B,20.504,1.988,1.954,20.537,24,0.8557,0
2026-08-31 00:00:00,LINE_A,MAT_A,24.537,2.611,2.353,24.796,28,0.8856,0
2026-08-31 00:00:00,LINE_A,MAT_B,20.537,2.611,2.353,20.796,24,0.8665,0
2026-08-31 00:15:00,LINE_A,MAT_A,24.796,2.712,2.593,24.915,28,0.8898,0
2026-08-31 00:15:00,LINE_A,MAT_B,20.796,2.712,2.593,20.915,24,0.8715,0
2026-08-31 00:30:00,LINE_A,MAT_A,24.915,2.465,2.797,24.583,28,0.878,0
2026-08-31 00:30:00,LINE_A,MAT_B,20.915,2.465,2.797,20.583,24,0.8576,0
2026-08-31 00:45:00,LINE_A,MAT_A,24.583,2.477,2.525,24.534,28,0.8762,0
2026-08-31 00:45:00,LINE_A,MAT_B,20.583,2.477,2.525,20.534,24,0.8556,0
2026-08-31 01:00:00,LINE_A,MAT_A,24.534,2.422,2.754,24.202,28,0.8644,0
2026-08-31 01:00:00,LINE_A,MAT_B,20.534,2.422,2.754,20.202,24,0.8418,0
2026-08-31 01:15:00,LINE_A,MAT_A,24.202,2.928,2.766,24.364,28,0.8701,0
2026-08-31 01:15:00,LINE_A,MAT_B,20.202,2.928,2.766,20.364,24,0.8485,0
2026-08-31 01:30:00,LINE_A,MAT_A,24.364,2.885,2.601,24.648,28,0.8803,0
2026-08-31 01:30:00,LINE_A,MAT_B,20.364,2.885,2.601,20.648,24,0.8603,0
2026-08-31 01:45:00,LINE_A,MAT_A,24.648,2.717,2.53,24.835,28,0.887,0
2026-08-31 01:45:00,LINE_A,MAT_B,20.648,2.717,2.53,20.835,24,0.8681,0
2026-08-31 02:00:00,LINE_A,MAT_A,24.835,2.598,2.467,24.966,28,0.8917,0
2026-08-31 02:00:00,LINE_A,MAT_B,20.835,2.598,2.467,20.966,24,0.8736,0
2026-08-31 02:15:00,LINE_A,MAT_A,24.966,2.328,2.903,24.391,28,0.8711,0
2026-08-31 02:15:00,LINE_A,MAT_B,20.966,2.328,2.903,20.391,24,0.8496,0
2026-08-31 02:30:00,LINE_A,MAT_A,24.391,2.659,2.665,24.386,28,0.8709,0
2026-08-31 02:30:00,LINE_A,MAT_B,20.391,2.659,2.665,20.386,24,0.8494,0
2026-08-31 02:45:00,LINE_A,MAT_A,24.386,2.627,2.806,24.207,28,0.8645,0
2026-08-31 02:45:00,LINE_A,MAT_B,20.386,2.627,2.806,20.207,24,0.842,0
2026-08-31 03:00:00,LINE_A,MAT_A,24.207,2.441,2.6,24.048,28,0.8588,0
2026-08-31 03:00:00,LINE_A,MAT_B,20.207,2.441,2.6,20.048,24,0.8353,0
2026-08-31 03:15:00,LINE_A,MAT_A,24.048,2.401,2.835,23.614,28,0.8433,0
2026-08-31 03:15:00,LINE_A,MAT_B,20.048,2.401,2.835,19.614,24,0.8172,0
2026-08-31 03:30:00,LINE_A,MAT_A,23.614,2.914,2.523,24.005,28,0.8573,0
2026-08-31 03:30:00,LINE_A,MAT_B,19.614,2.914,2.523,20.005,24,0.8335,0
2026-08-31 03:45:00,LINE_A,MAT_A,24.005,2.801,2.644,24.162,28,0.8629,0
2026-08-31 03:45:00,LINE_A,MAT_B,20.005,2.801,2.644,20.162,24,0.8401,0
2026-08-31 04:00:00,LINE_A,MAT_A,24.162,2.243,2.774,23.631,28,0.8439,0
2026-08-31 04:00:00,LINE_A,MAT_B,20.162,2.243,2.774,19.631,24,0.8179,0
2026-08-31 04:15:00,LINE_A,MAT_A,23.631,2.57,2.722,23.479,28,0.8385,0
2026-08-31 04:15:00,LINE_A,MAT_B,19.631,2.57,2.722,19.479,24,0.8116,0
2026-08-31 04:30:00,LINE_A,MAT_A,23.479,3.014,2.77,23.723,28,0.8473,0
2026-08-31 04:30:00,LINE_A,MAT_B,19.479,3.014,2.77,19.723,24,0.8218,0
2026-08-31 04:45:00,LINE_A,MAT_A,23.723,2.855,2.809,23.77,28,0.8489,0
2026-08-31 04:45:00,LINE_A,MAT_B,19.723,2.855,2.809,19.77,24,0.8237,0
2026-08-31 05:00:00,LINE_A,MAT_A,23.77,2.566,2.644,23.692,28,0.8461,0
2026-08-31 05:00:00,LINE_A,MAT_B,19.77,2.566,2.644,19.692,24,0.8205,0
2026-08-31 05:15:00,LINE_A,MAT_A,23.692,2.796,2.84,23.648,28,0.8446,0
2026-08-31 05:15:00,LINE_A,MAT_B,19.692,2.796,2.84,19.648,24,0.8186,0
2026-08-31 05:30:00,LINE_A,MAT_A,23.648,2.77,2.76,23.658,28,0.8449,0
2026-08-31 05:30:00,LINE_A,MAT_B,19.648,2.77,2.76,19.658,24,0.8191,0
2026-08-31 05:45:00,LINE_A,MAT_A,23.658,2.548,2.649,23.557,28,0.8413,0
2026-08-31 05:45:00,LINE_A,MAT_B,19.658,2.548,2.649,19.557,24,0.8149,0
2026-08-31 06:00:00,LINE_A,MAT_A,23.557,3.389,3.314,23.632,28,0.844,0
2026-08-31 06:00:00,LINE_A,MAT_B,19.557,3.389,3.314,19.632,24,0.818,0
2026-08-31 06:15:00,LINE_A,MAT_A,23.632,3.23,3.462,23.4,28,0.8357,0
2026-08-31 06:15:00,LINE_A,MAT_B,19.632,3.23,3.462,19.4,24,0.8084,0
2026-08-31 06:30:00,LINE_A,MAT_A,23.4,3.454,3.325,23.529,28,0.8403,0
2026-08-31 06:30:00,LINE_A,MAT_B,19.4,3.454,3.325,19.529,24,0.8137,0
2026-08-31 06:45:00,LINE_A,MAT_A,23.529,3.145,3.303,23.372,28,0.8347,0
2026-08-31 06:45:00,LINE_A,MAT_B,19.529,3.145,3.303,19.372,24,0.8072,0
2026-08-31 07:00:00,LINE_A,MAT_A,23.372,3.374,3.447,23.298,28,0.8321,0
2026-08-31 07:00:00,LINE_A,MAT_B,19.372,3.374,3.447,19.298,24,0.8041,0
2026-08-31 07:15:00,LINE_A,MAT_A,23.298,3.503,3.448,23.353,28,0.834,0
2026-08-31 07:15:00,LINE_A,MAT_B,19.298,3.503,3.448,19.353,24,0.8064,0
2026-08-31 07:30:00,LINE_A,MAT_A,23.353,3.553,3.312,23.594,28,0.8427,0
2026-08-31 07:30:00,LINE_A,MAT_B,19.353,3.553,3.312,19.594,24,0.8164,0
2026-08-31 07:45:00,LINE_A,MAT_A,23.594,3.09,3.249,23.436,28,0.837,0
2026-08-31 07:45:00,LINE_A,MAT_B,19.594,3.09,3.249,19.436,24,0.8098,0
2026-08-31 08:00:00,LINE_A,MAT_A,23.436,3.473,3.454,23.454,28,0.8376,0
2026-08-31 08:00:00,LINE_A,MAT_B,19.436,3.473,3.454,19.454,24,0.8106,0
2026-08-31 08:15:00,LINE_A,MAT_A,23.454,3.346,3.463,23.337,28,0.8335,0
2026-08-31 08:15:00,LINE_A,MAT_B,19.454,3.346,3.463,19.337,24,0.8057,0
2026-08-31 08:30:00,LINE_A,MAT_A,23.337,3.406,3.578,23.165,28,0.8273,0
2026-08-31 08:30:00,LINE_A,MAT_B,19.337,3.406,3.578,19.165,24,0.7985,0
2026-08-31 08:45:00,LINE_A,MAT_A,23.165,3.462,3.634,22.992,28,0.8211,0
2026-08-31 08:45:00,LINE_A,MAT_B,19.165,3.462,3.634,18.992,24,0.7913,0
2026-08-31 09:00:00,LINE_A,MAT_A,22.992,3.209,3.319,22.883,28,0.8172,0
2026-08-31 09:00:00,LINE_A,MAT_B,18.992,3.209,3.319,18.883,24,0.7868,0
2026-08-31 09:15:00,LINE_A,MAT_A,22.883,3.193,3.538,22.539,28,0.805,0
2026-08-31 09:15:00,LINE_A,MAT_B,18.883,3.193,3.538,18.539,24,0.7724,0
2026-08-31 09:30:00,LINE_A,MAT_A,22.539,3.477,3.516,22.5,28,0.8036,0
2026-08-31 09:30:00,LINE_A,MAT_B,18.539,3.477,3.516,18.5,24,0.7708,0
2026-08-31 09:45:00,LINE_A,MAT_A,22.5,3.526,3.541,22.486,28,0.8031,0
2026-08-31 09:45:00,LINE_A,MAT_B,18.5,3.526,3.541,18.486,24,0.7702,0
2026-08-31 10:00:00,LINE_A,MAT_A,22.486,3.488,3.559,22.415,28,0.8005,0
2026-08-31 10:00:00,LINE_A,MAT_B,18.486,3.488,3.559,18.415,24,0.7673,0
2026-08-31 10:15:00,LINE_A,MAT_A,22.415,3.85,3.591,22.674,28,0.8098,0
2026-08-31 10:15:00,LINE_A,MAT_B,18.415,3.85,3.591,18.674,24,0.7781,0
2026-08-31 10:30:00,LINE_A,MAT_A,22.674,3.236,3.574,22.336,28,0.7977,0
2026-08-31 10:30:00,LINE_A,MAT_B,18.674,3.236,3.574,18.336,24,0.764,0
2026-08-31 10:45:00,LINE_A,MAT_A,22.336,3.48,3.552,22.264,28,0.7951,0
2026-08-31 10:45:00,LINE_A,MAT_B,18.336,3.48,3.552,18.264,24,0.761,0
2026-08-31 11:00:00,LINE_A,MAT_A,22.264,3.564,3.592,22.236,28,0.7942,0
2026-08-31 11:00:00,LINE_A,MAT_B,18.264,3.564,3.592,18.236,24,0.7598,0
2026-08-31 11:15:00,LINE_A,MAT_A,22.236,3.512,3.696,22.052,28,0.7876,0
2026-08-31 11:15:00,LINE_A,MAT_B,18.236,3.512,3.696,18.052,24,0.7522,0
2026-08-31 11:30:00,LINE_A,MAT_A,22.052,3.128,2.858,22.322,28,0.7972,0
2026-08-31 11:30:00,LINE_A,MAT_B,18.052,3.128,2.858,18.322,24,0.7634,0
2026-08-31 11:45:00,LINE_A,MAT_A,22.322,3.322,3.149,22.495,28,0.8034,0
2026-08-31 11:45:00,LINE_A,MAT_B,18.322,3.322,3.149,18.495,24,0.7706,0
2026-08-31 12:00:00,LINE_A,MAT_A,22.495,3.871,3.739,22.626,28,0.8081,0
2026-08-31 12:00:00,LINE_A,MAT_B,18.495,3.871,3.739,18.626,24,0.7761,0
2026-08-31 12:15:00,LINE_A,MAT_A,22.626,3.235,3.654,22.207,28,0.7931,0
2026-08-31 12:15:00,LINE_A,MAT_B,18.626,3.235,3.654,18.207,24,0.7586,0
2026-08-31 12:30:00,LINE_A,MAT_A,22.207,3.817,3.45,22.574,28,0.8062,0
2026-08-31 12:30:00,LINE_A,MAT_B,18.207,3.817,3.45,18.574,24,0.7739,0
2026-08-31 12:45:00,LINE_A,MAT_A,22.574,3.56,3.702,22.433,28,0.8012,0
2026-08-31 12:45:00,LINE_A,MAT_B,18.574,3.56,3.702,18.433,24,0.768,0
2026-08-31 13:00:00,LINE_A,MAT_A,22.433,3.676,3.544,22.565,28,0.8059,0
2026-08-31 13:00:00,LINE_A,MAT_B,18.433,3.676,3.544,18.565,24,0.7735,0
2026-08-31 13:15:00,LINE_A,MAT_A,22.565,3.689,3.543,22.711,28,0.8111,0
2026-08-31 13:15:00,LINE_A,MAT_B,18.565,3.689,3.543,18.711,24,0.7796,0
2026-08-31 13:30:00,LINE_A,MAT_A,22.711,4.031,3.556,23.186,28,0.8281,0
2026-08-31 13:30:00,LINE_A,MAT_B,18.711,4.031,3.556,19.186,24,0.7994,0
2026-08-31 13:45:00,LINE_A,MAT_A,23.186,3.378,3.474,23.091,28,0.8247,0
2026-08-31 13:45:00,LINE_A,MAT_B,19.186,3.378,3.474,19.091,24,0.7954,0
2026-08-31 14:00:00,LINE_A,MAT_A,23.091,3.049,3.82,22.32,28,0.7972,0
2026-08-31 14:00:00,LINE_A,MAT_B,19.091,3.049,3.82,18.32,24,0.7633,0
2026-08-31 14:15:00,LINE_A,MAT_A,22.32,4.686,3.674,23.333,28,0.8333,0
2026-08-31 14:15:00,LINE_A,MAT_B,18.32,4.686,3.674,19.333,24,0.8055,0
2026-08-31 14:30:00,LINE_A,MAT_A,23.333,3.67,4.0,23.003,28,0.8215,0
2026-08-31 14:30:00,LINE_A,MAT_B,19.333,3.67,4.0,19.003,24,0.7918,0
2026-08-31 14:45:00,LINE_A,MAT_A,23.003,3.823,3.806,23.02,28,0.8221,0
2026-08-31 14:45:00,LINE_A,MAT_B,19.003,3.823,3.806,19.02,24,0.7925,0
2026-08-31 15:00:00,LINE_A,MAT_A,23.02,4.001,3.676,23.345,28,0.8338,0
2026-08-31 15:00:00,LINE_A,MAT_B,19.02,4.001,3.676,19.345,24,0.806,0
2026-08-31 15:15:00,LINE_A,MAT_A,23.345,3.934,3.749,23.53,28,0.8404,0
2026-08-31 15:15:00,LINE_A,MAT_B,19.345,3.934,3.749,19.53,24,0.8138,0
2026-08-31 15:30:00,LINE_A,MAT_A,23.53,3.639,3.844,23.325,28,0.833,0
2026-08-31 15:30:00,LINE_A,MAT_B,19.53,3.639,3.844,19.325,24,0.8052,0
2026-08-31 15:45:00,LINE_A,MAT_A,23.325,3.505,3.686,23.144,28,0.8266,0
2026-08-31 15:45:00,LINE_A,MAT_B,19.325,3.505,3.686,19.144,24,0.7977,0
2026-08-31 16:00:00,LINE_A,MAT_A,23.144,3.707,3.551,23.3,28,0.8322,0
2026-08-31 16:00:00,LINE_A,MAT_B,19.144,3.707,3.551,19.3,24,0.8042,0
2026-08-31 16:15:00,LINE_A,MAT_A,23.3,3.708,3.543,23.466,28,0.8381,0
2026-08-31 16:15:00,LINE_A,MAT_B,19.3,3.708,3.543,19.466,24,0.8111,0
2026-08-31 16:30:00,LINE_A,MAT_A,23.466,3.754,3.769,23.45,28,0.8375,0
2026-08-31 16:30:00,LINE_A,MAT_B,19.466,3.754,3.769,19.45,24,0.8104,0
2026-08-31 16:45:00,LINE_A,MAT_A,23.45,3.657,3.524,23.583,28,0.8422,0
2026-08-31 16:45:00,LINE_A,MAT_B,19.45,3.657,3.524,19.583,24,0.8159,0
2026-08-31 17:00:00,LINE_A,MAT_A,23.583,3.829,3.724,23.688,28,0.846,0
2026-08-31 17:00:00,LINE_A,MAT_B,19.583,3.829,3.724,19.688,24,0.8203,0
2026-08-31 17:15:00,LINE_A,MAT_A,23.688,3.588,3.731,23.545,28,0.8409,0
2026-08-31 17:15:00,LINE_A,MAT_B,19.688,3.588,3.731,19.545,24,0.8144,0
2026-08-31 17:30:00,LINE_A,MAT_A,23.545,3.345,3.783,23.107,28,0.8252,0
2026-08-31 17:30:00,LINE_A,MAT_B,19.545,3.345,3.783,19.107,24,0.7961,0
2026-08-31 17:45:00,LINE_A,MAT_A,23.107,3.692,3.742,23.057,28,0.8235,0
2026-08-31 17:45:00,LINE_A,MAT_B,19.107,3.692,3.742,19.057,24,0.794,0
2026-08-31 18:00:00,LINE_A,MAT_A,23.057,4.046,3.881,23.222,28,0.8293,0
2026-08-31 18:00:00,LINE_A,MAT_B,19.057,4.046,3.881,19.222,24,0.8009,0
2026-08-31 18:15:00,LINE_A,MAT_A,23.222,3.633,3.438,23.417,28,0.8363,0
2026-08-31 18:15:00,LINE_A,MAT_B,19.222,3.633,3.438,19.417,24,0.809,0
2026-08-31 18:30:00,LINE_A,MAT_A,23.417,3.272,3.62,23.07,28,0.8239,0
2026-08-31 18:30:00,LINE_A,MAT_B,19.417,3.272,3.62,19.07,24,0.7946,0
2026-08-31 18:45:00,LINE_A,MAT_A,23.07,3.878,3.449,23.499,28,0.8393,0
2026-08-31 18:45:00,LINE_A,MAT_B,19.07,3.878,3.449,19.499,24,0.8125,0
2026-08-31 19:00:00,LINE_A,MAT_A,23.499,2.983,3.174,23.308,28,0.8324,0
2026-08-31 19:00:00,LINE_A,MAT_B,19.499,2.983,3.174,19.308,24,0.8045,0
2026-08-31 19:15:00,LINE_A,MAT_A,23.308,3.149,3.176,23.281,28,0.8315,0
2026-08-31 19:15:00,LINE_A,MAT_B,19.308,3.149,3.176,19.281,24,0.8034,0
2026-08-31 19:30:00,LINE_A,MAT_A,23.281,3.149,3.545,22.885,28,0.8173,0
2026-08-31 19:30:00,LINE_A,MAT_B,19.281,3.149,3.545,18.885,24,0.7869,0
2026-08-31 19:45:00,LINE_A,MAT_A,22.885,4.039,3.627,23.297,28,0.832,0
2026-08-31 19:45:00,LINE_A,MAT_B,18.885,4.039,3.627,19.297,24,0.804,0
2026-08-31 20:00:00,LINE_A,MAT_A,23.297,3.535,3.521,23.311,28,0.8325,0
2026-08-31 20:00:00,LINE_A,MAT_B,19.297,3.535,3.521,19.311,24,0.8046,0
2026-08-31 20:15:00,LINE_A,MAT_A,23.311,3.842,3.709,23.444,28,0.8373,0
2026-08-31 20:15:00,LINE_A,MAT_B,19.311,3.842,3.709,19.444,24,0.8102,0
2026-08-31 20:30:00,LINE_A,MAT_A,23.444,3.757,3.612,23.589,28,0.8425,0
2026-08-31 20:30:00,LINE_A,MAT_B,19.444,3.757,3.612,19.589,24,0.8162,0
2026-08-31 20:45:00,LINE_A,MAT_A,23.589,3.333,3.495,23.427,28,0.8367,0
2026-08-31 20:45:00,LINE_A,MAT_B,19.589,3.333,3.495,19.427,24,0.8095,0
2026-08-31 21:00:00,LINE_A,MAT_A,23.427,3.534,3.617,23.344,28,0.8337,0
2026-08-31 21:00:00,LINE_A,MAT_B,19.427,3.534,3.617,19.344,24,0.806,0
2026-08-31 21:15:00,LINE_A,MAT_A,23.344,3.77,3.587,23.527,28,0.8403,0
2026-08-31 21:15:00,LINE_A,MAT_B,19.344,3.77,3.587,19.527,24,0.8136,0
2026-08-31 21:30:00,LINE_A,MAT_A,23.527,3.563,3.599,23.491,28,0.839,0
2026-08-31 21:30:00,LINE_A,MAT_B,19.527,3.563,3.599,19.491,24,0.8121,0
2026-08-31 21:45:00,LINE_A,MAT_A,23.491,3.86,3.671,23.681,28,0.8457,0
2026-08-31 21:45:00,LINE_A,MAT_B,19.491,3.86,3.671,19.681,24,0.82,0
2026-08-31 22:00:00,LINE_A,MAT_A,23.681,2.336,2.722,23.295,28,0.832,0
2026-08-31 22:00:00,LINE_A,MAT_B,19.681,2.336,2.722,19.295,24,0.804,0
2026-08-31 22:15:00,LINE_A,MAT_A,23.295,2.475,2.612,23.159,28,0.8271,0
2026-08-31 22:15:00,LINE_A,MAT_B,19.295,2.475,2.612,19.159,24,0.7983,0
2026-08-31 22:30:00,LINE_A,MAT_A,23.159,2.591,2.741,23.009,28,0.8217,0
2026-08-31 22:30:00,LINE_A,MAT_B,19.159,2.591,2.741,19.009,24,0.792,0
2026-08-31 22:45:00,LINE_A,MAT_A,23.009,2.872,2.745,23.136,28,0.8263,0
2026-08-31 22:45:00,LINE_A,MAT_B,19.009,2.872,2.745,19.136,24,0.7973,0
2026-08-31 23:00:00,LINE_A,MAT_A,23.136,2.693,2.604,23.225,28,0.8295,0
2026-08-31 23:00:00,LINE_A,MAT_B,19.136,2.693,2.604,19.225,24,0.801,0
2026-08-31 23:15:00,LINE_A,MAT_A,23.225,2.955,2.756,23.423,28,0.8366,0
2026-08-31 23:15:00,LINE_A,MAT_B,19.225,2.955,2.756,19.423,24,0.8093,0
2026-08-31 23:30:00,LINE_A,MAT_A,23.423,2.733,2.683,23.474,28,0.8384,0
2026-08-31 23:30:00,LINE_A,MAT_B,19.423,2.733,2.683,19.474,24,0.8114,0
2026-08-31 23:45:00,LINE_A,MAT_A,23.474,2.46,2.915,23.019,28,0.8221,0
2026-08-31 23:45:00,LINE_A,MAT_B,19.474,2.46,2.915,19.019,24,0.7925,0
2026-09-01 00:00:00,LINE_A,MAT_A,23.019,2.488,2.625,22.882,28,0.8172,0
2026-09-01 00:00:00,LINE_A,MAT_B,19.019,2.488,2.625,18.882,24,0.7867,0
2026-09-01 00:15:00,LINE_A,MAT_A,22.882,2.835,2.648,23.069,28,0.8239,0
2026-09-01 00:15:00,LINE_A,MAT_B,18.882,2.835,2.648,19.069,24,0.7945,0
2026-09-01 00:30:00,LINE_A,MAT_A,23.069,2.573,2.672,22.971,28,0.8204,0
2026-09-01 00:30:00,LINE_A,MAT_B,19.069,2.573,2.672,18.971,24,0.7904,0
2026-09-01 00:45:00,LINE_A,MAT_A,22.971,2.425,2.759,22.636,28,0.8084,0
2026-09-01 00:45:00,LINE_A,MAT_B,18.971,2.425,2.759,18.636,24,0.7765,0
2026-09-01 01:00:00,LINE_A,MAT_A,22.636,2.516,2.664,22.489,28,0.8032,0
2026-09-01 01:00:00,LINE_A,MAT_B,18.636,2.516,2.664,18.489,24,0.7704,0
2026-09-01 01:15:00,LINE_A,MAT_A,22.489,2.642,2.684,22.446,28,0.8016,0
2026-09-01 01:15:00,LINE_A,MAT_B,18.489,2.642,2.684,18.446,24,0.7686,0
2026-09-01 01:30:00,LINE_A,MAT_A,22.446,2.467,2.78,22.132,28,0.7904,0
2026-09-01 01:30:00,LINE_A,MAT_B,18.446,2.467,2.78,18.132,24,0.7555,0
2026-09-01 01:45:00,LINE_A,MAT_A,22.132,2.432,2.682,21.883,28,0.7815,0
2026-09-01 01:45:00,LINE_A,MAT_B,18.132,2.432,2.682,17.883,24,0.7451,0
2026-09-01 02:00:00,LINE_A,MAT_A,21.883,2.71,2.511,22.082,28,0.7886,0
2026-09-01 02:00:00,LINE_A,MAT_B,17.883,2.71,2.511,18.082,24,0.7534,0
2026-09-01 02:15:00,LINE_A,MAT_A,22.082,2.795,2.752,22.126,28,0.7902,0
2026-09-01 02:15:00,LINE_A,MAT_B,18.082,2.795,2.752,18.126,24,0.7552,0
2026-09-01 02:30:00,LINE_A,MAT_A,22.126,2.661,2.754,22.034,28,0.7869,0
2026-09-01 02:30:00,LINE_A,MAT_B,18.126,2.661,2.754,18.034,24,0.7514,0
2026-09-01 02:45:00,LINE_A,MAT_A,22.034,2.611,2.807,21.838,28,0.7799,0
2026-09-01 02:45:00,LINE_A,MAT_B,18.034,2.611,2.807,17.838,24,0.7433,0
2026-09-01 03:00:00,LINE_A,MAT_A,21.838,2.656,2.821,21.674,28,0.7741,0
2026-09-01 03:00:00,LINE_A,MAT_B,17.838,2.656,2.821,17.674,24,0.7364,0
2026-09-01 03:15:00,LINE_A,MAT_A,21.674,2.856,2.615,21.916,28,0.7827,0
2026-09-01 03:15:00,LINE_A,MAT_B,17.674,2.856,2.615,17.916,24,0.7465,0
2026-09-01 03:30:00,LINE_A,MAT_A,21.916,2.481,2.571,21.825,28,0.7795,0
2026-09-01 03:30:00,LINE_A,MAT_B,17.916,2.481,2.571,17.825,24,0.7427,0
2026-09-01 03:45:00,LINE_A,MAT_A,21.825,2.827,2.677,21.975,28,0.7848,0
2026-09-01 03:45:00,LINE_A,MAT_B,17.825,2.827,2.677,17.975,24,0.749,0
2026-09-01 04:00:00,LINE_A,MAT_A,21.975,2.589,2.611,21.954,28,0.7841,0
2026-09-01 04:00:00,LINE_A,MAT_B,17.975,2.589,2.611,17.954,24,0.7481,0
2026-09-01 04:15:00,LINE_A,MAT_A,21.954,2.776,2.773,21.957,28,0.7842,0
2026-09-01 04:15:00,LINE_A,MAT_B,17.954,2.776,2.773,17.957,24,0.7482,0
2026-09-01 04:30:00,LINE_A,MAT_A,21.957,2.465,2.781,21.641,28,0.7729,0
2026-09-01 04:30:00,LINE_A,MAT_B,17.957,2.465,2.781,17.641,24,0.7351,0
2026-09-01 04:45:00,LINE_A,MAT_A,21.641,2.685,2.56,21.766,28,0.7774,0
2026-09-01 04:45:00,LINE_A,MAT_B,17.641,2.685,2.56,17.766,24,0.7403,0
2026-09-01 05:00:00,LINE_A,MAT_A,21.766,2.613,2.665,21.714,28,0.7755,0
2026-09-01 05:00:00,LINE_A,MAT_B,17.766,2.613,2.665,17.714,24,0.7381,0
2026-09-01 05:15:00,LINE_A,MAT_A,21.714,2.776,2.882,21.608,28,0.7717,0
2026-09-01 05:15:00,LINE_A,MAT_B,17.714,2.776,2.882,17.608,24,0.7337,0
2026-09-01 05:30:00,LINE_A,MAT_A,21.608,2.708,2.814,21.501,28,0.7679,0
2026-09-01 05:30:00,LINE_A,MAT_B,17.608,2.708,2.814,17.501,24,0.7292,0
2026-09-01 05:45:00,LINE_A,MAT_A,21.501,2.995,3.006,21.49,28,0.7675,0
2026-09-01 05:45:00,LINE_A,MAT_B,17.501,2.995,3.006,17.49,24,0.7287,0
2026-09-01 06:00:00,LINE_A,MAT_A,21.49,3.215,3.348,21.357,28,0.7627,0
2026-09-01 06:00:00,LINE_A,MAT_B,17.49,3.215,3.348,17.357,24,0.7232,0
2026-09-01 06:15:00,LINE_A,MAT_A,21.357,3.161,3.552,20.966,28,0.7488,0
2026-09-01 06:15:00,LINE_A,MAT_B,17.357,3.161,3.552,16.966,24,0.7069,0
2026-09-01 06:30:00,LINE_A,MAT_A,20.966,3.431,3.475,20.922,28,0.7472,0
2026-09-01 06:30:00,LINE_A,MAT_B,16.966,3.431,3.475,16.922,24,0.7051,0
2026-09-01 06:45:00,LINE_A,MAT_A,20.922,3.429,3.39,20.961,28,0.7486,0
2026-09-01 06:45:00,LINE_A,MAT_B,16.922,3.429,3.39,16.961,24,0.7067,0
2026-09-01 07:00:00,LINE_A,MAT_A,20.961,3.721,3.419,21.264,28,0.7594,0
2026-09-01 07:00:00,LINE_A,MAT_B,16.961,3.721,3.419,17.264,24,0.7193,0
2026-09-01 07:15:00,LINE_A,MAT_A,21.264,3.368,3.325,21.306,28,0.7609,0
2026-09-01 07:15:00,LINE_A,MAT_B,17.264,3.368,3.325,17.306,24,0.7211,0
2026-09-01 07:30:00,LINE_A,MAT_A,21.306,3.513,3.39,21.429,28,0.7653,0
2026-09-01 07:30:00,LINE_A,MAT_B,17.306,3.513,3.39,17.429,24,0.7262,0
2026-09-01 07:45:00,LINE_A,MAT_A,21.429,3.605,3.449,21.585,28,0.7709,0
2026-09-01 07:45:00,LINE_A,MAT_B,17.429,3.605,3.449,17.585,24,0.7327,0
2026-09-01 08:00:00,LINE_A,MAT_A,21.585,3.293,3.472,21.406,28,0.7645,0
2026-09-01 08:00:00,LINE_A,MAT_B,17.585,3.293,3.472,17.406,24,0.7253,0
2026-09-01 08:15:00,LINE_A,MAT_A,21.406,3.473,3.431,21.448,28,0.766,0
2026-09-01 08:15:00,LINE_A,MAT_B,17.406,3.473,3.431,17.448,24,0.727,0
2026-09-01 08:30:00,LINE_A,MAT_A,21.448,3.379,3.409,21.418,28,0.7649,0
2026-09-01 08:30:00,LINE_A,MAT_B,17.448,3.379,3.409,17.418,24,0.7258,0
2026-09-01 08:45:00,LINE_A,MAT_A,21.418,3.396,3.436,21.379,28,0.7635,0
2026-09-01 08:45:00,LINE_A,MAT_B,17.418,3.396,3.436,17.379,24,0.7241,0
2026-09-01 09:00:00,LINE_A,MAT_A,21.379,3.248,3.466,21.161,28,0.7557,0
2026-09-01 09:00:00,LINE_A,MAT_B,17.379,3.248,3.466,17.161,24,0.715,0
2026-09-01 09:15:00,LINE_A,MAT_A,21.161,3.672,3.412,21.42,28,0.765,0
2026-09-01 09:15:00,LINE_A,MAT_B,17.161,3.672,3.412,17.42,24,0.7258,0
2026-09-01 09:30:00,LINE_A,MAT_A,21.42,3.695,3.565,21.551,28,0.7697,0
2026-09-01 09:30:00,LINE_A,MAT_B,17.42,3.695,3.565,17.551,24,0.7313,0
2026-09-01 09:45:00,LINE_A,MAT_A,21.551,3.541,3.313,21.779,28,0.7778,0
2026-09-01 09:45:00,LINE_A,MAT_B,17.551,3.541,3.313,17.779,24,0.7408,0
2026-09-01 10:00:00,LINE_A,MAT_A,21.779,3.233,3.38,21.631,28,0.7725,0
2026-09-01 10:00:00,LINE_A,MAT_B,17.779,3.233,3.38,17.631,24,0.7346,0
2026-09-01 10:15:00,LINE_A,MAT_A,21.631,3.503,3.717,21.417,28,0.7649,0
2026-09-01 10:15:00,LINE_A,MAT_B,17.631,3.503,3.717,17.417,24,0.7257,0
2026-09-01 10:30:00,LINE_A,MAT_A,21.417,3.41,3.472,21.354,28,0.7627,0
2026-09-01 10:30:00,LINE_A,MAT_B,17.417,3.41,3.472,17.354,24,0.7231,0
2026-09-01 10:45:00,LINE_A,MAT_A,21.354,3.539,3.562,21.332,28,0.7619,0
2026-09-01 10:45:00,LINE_A,MAT_B,17.354,3.539,3.562,17.332,24,0.7222,0
2026-09-01 11:00:00,LINE_A,MAT_A,21.332,3.41,3.43,21.312,28,0.7611,0
2026-09-01 11:00:00,LINE_A,MAT_B,17.332,3.41,3.43,17.312,24,0.7213,0
2026-09-01 11:15:00,LINE_A,MAT_A,21.312,3.351,3.616,21.046,28,0.7517,0
2026-09-01 11:15:00,LINE_A,MAT_B,17.312,3.351,3.616,17.046,24,0.7103,0
2026-09-01 11:30:00,LINE_A,MAT_A,21.046,3.122,3.393,20.775,28,0.742,0
2026-09-01 11:30:00,LINE_A,MAT_B,17.046,3.122,3.393,16.775,24,0.699,0
2026-09-01 11:45:00,LINE_A,MAT_A,20.775,3.157,3.215,20.716,28,0.7399,0
2026-09-01 11:45:00,LINE_A,MAT_B,16.775,3.157,3.215,16.716,24,0.6965,0
2026-09-01 12:00:00,LINE_A,MAT_A,20.716,3.343,3.434,20.626,28,0.7366,0
2026-09-01 12:00:00,LINE_A,MAT_B,16.716,3.343,3.434,16.626,24,0.6927,0
2026-09-01 12:15:00,LINE_A,MAT_A,20.626,3.767,3.51,20.882,28,0.7458,0
2026-09-01 12:15:00,LINE_A,MAT_B,16.626,3.767,3.51,16.882,24,0.7034,0
2026-09-01 12:30:00,LINE_A,MAT_A,20.882,3.353,3.438,20.797,28,0.7428,0
2026-09-01 12:30:00,LINE_A,MAT_B,16.882,3.353,3.438,16.797,24,0.6999,0
2026-09-01 12:45:00,LINE_A,MAT_A,20.797,3.48,3.721,20.556,28,0.7341,0
2026-09-01 12:45:00,LINE_A,MAT_B,16.797,3.48,3.721,16.556,24,0.6898,0
2026-09-01 13:00:00,LINE_A,MAT_A,20.556,3.6,3.672,20.484,28,0.7316,0
2026-09-01 13:00:00,LINE_A,MAT_B,16.556,3.6,3.672,16.484,24,0.6868,0
2026-09-01 13:15:00,LINE_A,MAT_A,20.484,3.198,3.56,20.122,28,0.7186,0
2026-09-01 13:15:00,LINE_A,MAT_B,16.484,3.198,3.56,16.122,24,0.6717,0
2026-09-01 13:30:00,LINE_A,MAT_A,20.122,3.654,3.38,20.396,28,0.7284,0
2026-09-01 13:30:00,LINE_A,MAT_B,16.122,3.654,3.38,16.396,24,0.6831,0
2026-09-01 13:45:00,LINE_A,MAT_A,20.396,3.7,3.528,20.567,28,0.7345,0
2026-09-01 13:45:00,LINE_A,MAT_B,16.396,3.7,3.528,16.567,24,0.6903,0
2026-09-01 14:00:00,LINE_A,MAT_A,20.567,3.754,3.775,20.546,28,0.7338,0
2026-09-01 14:00:00,LINE_A,MAT_B,16.567,3.754,3.775,16.546,24,0.6894,0
2026-09-01 14:15:00,LINE_A,MAT_A,20.546,3.574,3.66,20.461,28,0.7307,0
2026-09-01 14:15:00,LINE_A,MAT_B,16.546,3.574,3.66,16.461,24,0.6859,0
2026-09-01 14:30:00,LINE_A,MAT_A,20.461,3.661,3.547,20.574,28,0.7348,0
2026-09-01 14:30:00,LINE_A,MAT_B,16.461,3.661,3.547,16.574,24,0.6906,0
2026-09-01 14:45:00,LINE_A,MAT_A,20.574,3.908,3.926,20.556,28,0.7341,0
2026-09-01 14:45:00,LINE_A,MAT_B,16.574,3.908,3.926,16.556,24,0.6898,0
2026-09-01 15:00:00,LINE_A,MAT_A,20.556,3.826,3.825,20.556,28,0.7342,0
2026-09-01 15:00:00,LINE_A,MAT_B,16.556,3.826,3.825,16.556,24,0.6898,0
2026-09-01 15:15:00,LINE_A,MAT_A,20.556,3.975,3.698,20.833,28,0.744,0
2026-09-01 15:15:00,LINE_A,MAT_B,16.556,3.975,3.698,16.833,24,0.7014,0
2026-09-01 15:30:00,LINE_A,MAT_A,20.833,3.578,3.735,20.677,28,0.7385,0
2026-09-01 15:30:00,LINE_A,MAT_B,16.833,3.578,3.735,16.677,24,0.6949,0
2026-09-01 15:45:00,LINE_A,MAT_A,20.677,3.55,3.77,20.457,28,0.7306,0
2026-09-01 15:45:00,LINE_A,MAT_B,16.677,3.55,3.77,16.457,24,0.6857,0
2026-09-01 16:00:00,LINE_A,MAT_A,20.457,3.718,3.901,20.274,28,0.7241,0
2026-09-01 16:00:00,LINE_A,MAT_B,16.457,3.718,3.901,16.274,24,0.6781,0
2026-09-01 16:15:00,LINE_A,MAT_A,20.274,3.919,3.836,20.356,28,0.727,0
2026-09-01 16:15:00,LINE_A,MAT_B,16.274,3.919,3.836,16.356,24,0.6815,0
2026-09-01 16:30:00,LINE_A,MAT_A,20.356,3.83,3.705,20.482,28,0.7315,0
2026-09-01 16:30:00,LINE_A,MAT_B,16.356,3.83,3.705,16.482,24,0.6867,0
2026-09-01 16:45:00,LINE_A,MAT_A,20.482,3.615,3.676,20.42,28,0.7293,0
2026-09-01 16:45:00,LINE_A,MAT_B,16.482,3.615,3.676,16.42,24,0.6842,0
2026-09-01 17:00:00,LINE_A,MAT_A,20.42,3.87,3.829,20.461,28,0.7308,0
2026-09-01 17:00:00,LINE_A,MAT_B,16.42,3.87,3.829,16.461,24,0.6859,0
2026-09-01 17:15:00,LINE_A,MAT_A,20.461,3.953,3.511,20.903,28,0.7465,0
2026-09-01 17:15:00,LINE_A,MAT_B,16.461,3.953,3.511,16.903,24,0.7043,0
2026-09-01 17:30:00,LINE_A,MAT_A,20.903,3.159,3.814,20.249,28,0.7232,0
2026-09-01 17:30:00,LINE_A,MAT_B,16.903,3.159,3.814,16.249,24,0.677,0
2026-09-01 17:45:00,LINE_A,MAT_A,20.249,4.152,3.675,20.725,28,0.7402,0
2026-09-01 17:45:00,LINE_A,MAT_B,16.249,4.152,3.675,16.725,24,0.6969,0
2026-09-01 18:00:00,LINE_A,MAT_A,20.725,4.875,3.719,21.881,28,0.7814,0
2026-09-01 18:00:00,LINE_A,MAT_B,16.725,4.875,3.719,17.881,24,0.745,0
2026-09-01 18:15:00,LINE_A,MAT_A,21.881,4.681,3.574,22.988,28,0.821,0
2026-09-01 18:15:00,LINE_A,MAT_B,17.881,4.681,3.574,18.988,24,0.7912,0
2026-09-01 18:30:00,LINE_A,MAT_A,22.988,4.31,3.574,23.723,28,0.8473,0
2026-09-01 18:30:00,LINE_A,MAT_B,18.988,4.31,3.574,19.723,24,0.8218,0
2026-09-01 18:45:00,LINE_A,MAT_A,23.723,3.737,3.667,23.794,28,0.8498,0
2026-09-01 18:45:00,LINE_A,MAT_B,19.723,3.737,3.667,19.794,24,0.8248,0
2026-09-01 19:00:00,LINE_A,MAT_A,23.794,3.097,3.366,23.525,28,0.8402,0
2026-09-01 19:00:00,LINE_A,MAT_B,19.794,3.097,3.366,19.525,24,0.8135,0
2026-09-01 19:15:00,LINE_A,MAT_A,23.525,3.016,3.229,23.311,28,0.8325,0
2026-09-01 19:15:00,LINE_A,MAT_B,19.525,3.016,3.229,19.311,24,0.8046,0
2026-09-01 19:30:00,LINE_A,MAT_A,23.311,3.207,3.492,23.026,28,0.8223,0
2026-09-01 19:30:00,LINE_A,MAT_B,19.311,3.207,3.492,19.026,24,0.7927,0
2026-09-01 19:45:00,LINE_A,MAT_A,23.026,3.85,3.311,23.565,28,0.8416,0
2026-09-01 19:45:00,LINE_A,MAT_B,19.026,3.85,3.311,19.565,24,0.8152,0
2026-09-01 20:00:00,LINE_A,MAT_A,23.565,3.722,3.636,23.651,28,0.8447,0
2026-09-01 20:00:00,LINE_A,MAT_B,19.565,3.722,3.636,19.651,24,0.8188,0
2026-09-01 20:15:00,LINE_A,MAT_A,23.651,3.475,3.551,23.574,28,0.8419,0
2026-09-01 20:15:00,LINE_A,MAT_B,19.651,3.475,3.551,19.574,24,0.8156,0
2026-09-01 20:30:00,LINE_A,MAT_A,23.574,3.576,3.702,23.448,28,0.8374,0
2026-09-01 20:30:00,LINE_A,MAT_B,19.574,3.576,3.702,19.448,24,0.8103,0
2026-09-01 20:45:00,LINE_A,MAT_A,23.448,3.142,3.753,22.837,28,0.8156,0
2026-09-01 20:45:00,LINE_A,MAT_B,19.448,3.142,3.753,18.837,24,0.7849,0
2026-09-01 21:00:00,LINE_A,MAT_A,22.837,3.308,3.595,22.55,28,0.8053,0
2026-09-01 21:00:00,LINE_A,MAT_B,18.837,3.308,3.595,18.55,24,0.7729,0
2026-09-01 21:15:00,LINE_A,MAT_A,22.55,3.598,3.269,22.878,28,0.8171,0
2026-09-01 21:15:00,LINE_A,MAT_B,18.55,3.598,3.269,18.878,24,0.7866,0
2026-09-01 21:30:00,LINE_A,MAT_A,22.878,3.22,3.471,22.628,28,0.8081,0
2026-09-01 21:30:00,LINE_A,MAT_B,18.878,3.22,3.471,18.628,24,0.7761,0
2026-09-01 21:45:00,LINE_A,MAT_A,22.628,3.557,3.422,22.763,28,0.813,0
2026-09-01 21:45:00,LINE_A,MAT_B,18.628,3.557,3.422,18.763,24,0.7818,0
2026-09-01 22:00:00,LINE_A,MAT_A,22.763,2.647,2.656,22.754,28,0.8126,0
2026-09-01 22:00:00,LINE_A,MAT_B,18.763,2.647,2.656,18.754,24,0.7814,0
2026-09-01 22:15:00,LINE_A,MAT_A,22.754,2.697,2.676,22.774,28,0.8134,0
2026-09-01 22:15:00,LINE_A,MAT_B,18.754,2.697,2.676,18.774,24,0.7823,0
2026-09-01 22:30:00,LINE_A,MAT_A,22.774,3.121,2.729,23.166,28,0.8274,0
2026-09-01 22:30:00,LINE_A,MAT_B,18.774,3.121,2.729,19.166,24,0.7986,0
2026-09-01 22:45:00,LINE_A,MAT_A,23.166,2.199,2.862,22.503,28,0.8037,0
2026-09-01 22:45:00,LINE_A,MAT_B,19.166,2.199,2.862,18.503,24,0.771,0
2026-09-01 23:00:00,LINE_A,MAT_A,22.503,2.71,2.757,22.456,28,0.802,0
2026-09-01 23:00:00,LINE_A,MAT_B,18.503,2.71,2.757,18.456,24,0.769,0
2026-09-01 23:15:00,LINE_A,MAT_A,22.456,2.77,2.917,22.309,28,0.7967,0
2026-09-01 23:15:00,LINE_A,MAT_B,18.456,2.77,2.917,18.309,24,0.7629,0
2026-09-01 23:30:00,LINE_A,MAT_A,22.309,2.727,2.71,22.325,28,0.7973,0
2026-09-01 23:30:00,LINE_A,MAT_B,18.309,2.727,2.71,18.325,24,0.7635,0
2026-09-01 23:45:00,LINE_A,MAT_A,22.325,2.759,2.489,22.595,28,0.807,0
2026-09-01 23:45:00,LINE_A,MAT_B,18.325,2.759,2.489,18.595,24,0.7748,0
2026-09-02 00:00:00,LINE_A,MAT_A,22.595,2.546,2.63,22.511,28,0.804,0
2026-09-02 00:00:00,LINE_A,MAT_B,18.595,2.546,2.63,18.511,24,0.7713,0
2026-09-02 00:15:00,LINE_A,MAT_A,22.511,2.538,2.595,22.453,28,0.8019,0
2026-09-02 00:15:00,LINE_A,MAT_B,18.511,2.538,2.595,18.453,24,0.7689,0
2026-09-02 00:30:00,LINE_A,MAT_A,22.453,2.361,2.51,22.304,28,0.7966,0
2026-09-02 00:30:00,LINE_A,MAT_B,18.453,2.361,2.51,18.304,24,0.7627,0
2026-09-02 00:45:00,LINE_A,MAT_A,22.304,2.418,2.691,22.031,28,0.7868,0
2026-09-02 00:45:00,LINE_A,MAT_B,18.304,2.418,2.691,18.031,24,0.7513,0
2026-09-02 01:00:00,LINE_A,MAT_A,22.031,2.811,2.867,21.975,28,0.7848,0
2026-09-02 01:00:00,LINE_A,MAT_B,18.031,2.811,2.867,17.975,24,0.749,0
2026-09-02 01:15:00,LINE_A,MAT_A,21.975,2.683,2.376,22.282,28,0.7958,0
2026-09-02 01:15:00,LINE_A,MAT_B,17.975,2.683,2.376,18.282,24,0.7618,0
2026-09-02 01:30:00,LINE_A,MAT_A,22.282,2.755,2.647,22.391,28,0.7997,0
2026-09-02 01:30:00,LINE_A,MAT_B,18.282,2.755,2.647,18.391,24,0.7663,0
2026-09-02 01:45:00,LINE_A,MAT_A,22.391,2.72,2.781,22.33,28,0.7975,0
2026-09-02 01:45:00,LINE_A,MAT_B,18.391,2.72,2.781,18.33,24,0.7638,0
2026-09-02 02:00:00,LINE_A,MAT_A,22.33,2.598,2.712,22.216,28,0.7934,0
2026-09-02 02:00:00,LINE_A,MAT_B,18.33,2.598,2.712,18.216,24,0.759,0
2026-09-02 02:15:00,LINE_A,MAT_A,22.216,2.481,2.639,22.057,28,0.7878,0
2026-09-02 02:15:00,LINE_A,MAT_B,18.216,2.481,2.639,18.057,24,0.7524,0
2026-09-02 02:30:00,LINE_A,MAT_A,22.057,2.787,2.604,22.241,28,0.7943,0
2026-09-02 02:30:00,LINE_A,MAT_B,18.057,2.787,2.604,18.241,24,0.76,0
2026-09-02 02:45:00,LINE_A,MAT_A,22.241,2.71,2.664,22.287,28,0.796,0
2026-09-02 02:45:00,LINE_A,MAT_B,18.241,2.71,2.664,18.287,24,0.7619,0
2026-09-02 03:00:00,LINE_A,MAT_A,22.287,2.603,2.548,22.342,28,0.7979,0
2026-09-02 03:00:00,LINE_A,MAT_B,18.287,2.603,2.548,18.342,24,0.7642,0
2026-09-02 03:15:00,LINE_A,MAT_A,22.342,2.49,2.761,22.071,28,0.7882,0
2026-09-02 03:15:00,LINE_A,MAT_B,18.342,2.49,2.761,18.071,24,0.7529,0
2026-09-02 03:30:00,LINE_A,MAT_A,22.071,2.687,2.617,22.141,28,0.7907,0
2026-09-02 03:30:00,LINE_A,MAT_B,18.071,2.687,2.617,18.141,24,0.7559,0
2026-09-02 03:45:00,LINE_A,MAT_A,22.141,2.742,2.821,22.062,28,0.7879,0
2026-09-02 03:45:00,LINE_A,MAT_B,18.141,2.742,2.821,18.062,24,0.7526,0
2026-09-02 04:00:00,LINE_A,MAT_A,22.062,2.725,2.417,22.37,28,0.7989,0
2026-09-02 04:00:00,LINE_A,MAT_B,18.062,2.725,2.417,18.37,24,0.7654,0
2026-09-02 04:15:00,LINE_A,MAT_A,22.37,2.814,2.504,22.68,28,0.81,0
2026-09-02 04:15:00,LINE_A,MAT_B,18.37,2.814,2.504,18.68,24,0.7783,0
2026-09-02 04:30:00,LINE_A,MAT_A,22.68,2.859,2.707,22.832,28,0.8154,0
2026-09-02 04:30:00,LINE_A,MAT_B,18.68,2.859,2.707,18.832,24,0.7847,0
2026-09-02 04:45:00,LINE_A,MAT_A,22.832,2.862,2.691,23.003,28,0.8215,0
2026-09-02 04:45:00,LINE_A,MAT_B,18.832,2.862,2.691,19.003,24,0.7918,0
2026-09-02 05:00:00,LINE_A,MAT_A,23.003,2.567,2.457,23.114,28,0.8255,0
2026-09-02 05:00:00,LINE_A,MAT_B,19.003,2.567,2.457,19.114,24,0.7964,0
2026-09-02 05:15:00,LINE_A,MAT_A,23.114,2.715,2.672,23.157,28,0.827,0
2026-09-02 05:15:00,LINE_A,MAT_B,19.114,2.715,2.672,19.157,24,0.7982,0
2026-09-02 05:30:00,LINE_A,MAT_A,23.157,2.486,2.77,22.873,28,0.8169,0
2026-09-02 05:30:00,LINE_A,MAT_B,19.157,2.486,2.77,18.873,24,0.7864,0
2026-09-02 05:45:00,LINE_A,MAT_A,22.873,2.73,2.847,22.755,28,0.8127,0
2026-09-02 05:45:00,LINE_A,MAT_B,18.873,2.73,2.847,18.755,24,0.7815,0
2026-09-02 06:00:00,LINE_A,MAT_A,22.755,2.884,3.205,22.435,28,0.8012,0
2026-09-02 06:00:00,LINE_A,MAT_B,18.755,2.884,3.205,18.435,24,0.7681,0
2026-09-02 06:15:00,LINE_A,MAT_A,22.435,3.472,3.35,22.557,28,0.8056,0
2026-09-02 06:15:00,LINE_A,MAT_B,18.435,3.472,3.35,18.557,24,0.7732,0
2026-09-02 06:30:00,LINE_A,MAT_A,22.557,2.954,3.441,22.07,28,0.7882,0
2026-09-02 06:30:00,LINE_A,MAT_B,18.557,2.954,3.441,18.07,24,0.7529,0
2026-09-02 06:45:00,LINE_A,MAT_A,22.07,3.442,3.401,22.111,28,0.7897,0
2026-09-02 06:45:00,LINE_A,MAT_B,18.07,3.442,3.401,18.111,24,0.7546,0
2026-09-02 07:00:00,LINE_A,MAT_A,22.111,3.463,3.453,22.121,28,0.79,0
2026-09-02 07:00:00,LINE_A,MAT_B,18.111,3.463,3.453,18.121,24,0.755,0
2026-09-02 07:15:00,LINE_A,MAT_A,22.121,3.311,3.425,22.007,28,0.786,0
2026-09-02 07:15:00,LINE_A,MAT_B,18.121,3.311,3.425,18.007,24,0.7503,0
2026-09-02 07:30:00,LINE_A,MAT_A,22.007,2.835,3.442,21.4,28,0.7643,0
2026-09-02 07:30:00,LINE_A,MAT_B,18.007,2.835,3.442,17.4,24,0.725,0
2026-09-02 07:45:00,LINE_A,MAT_A,21.4,3.417,3.511,21.306,28,0.7609,0
2026-09-02 07:45:00,LINE_A,MAT_B,17.4,3.417,3.511,17.306,24,0.7211,0
2026-09-02 08:00:00,LINE_A,MAT_A,21.306,3.12,3.304,21.121,28,0.7543,0
2026-09-02 08:00:00,LINE_A,MAT_B,17.306,3.12,3.304,17.121,24,0.7134,0
2026-09-02 08:15:00,LINE_A,MAT_A,21.121,3.623,3.79,20.955,28,0.7484,0
2026-09-02 08:15:00,LINE_A,MAT_B,17.121,3.623,3.79,16.955,24,0.7064,0
2026-09-02 08:30:00,LINE_A,MAT_A,20.955,3.521,3.484,20.991,28,0.7497,0
2026-09-02 08:30:00,LINE_A,MAT_B,16.955,3.521,3.484,16.991,24,0.708,0
2026-09-02 08:45:00,LINE_A,MAT_A,20.991,3.562,3.645,20.909,28,0.7468,0
2026-09-02 08:45:00,LINE_A,MAT_B,16.991,3.562,3.645,16.909,24,0.7046,0
2026-09-02 09:00:00,LINE_A,MAT_A,20.909,3.448,3.477,20.88,28,0.7457,0
2026-09-02 09:00:00,LINE_A,MAT_B,16.909,3.448,3.477,16.88,24,0.7033,0
2026-09-02 09:15:00,LINE_A,MAT_A,20.88,3.287,3.526,20.641,28,0.7372,0
2026-09-02 09:15:00,LINE_A,MAT_B,16.88,3.287,3.526,16.641,24,0.6934,0
2026-09-02 09:30:00,LINE_A,MAT_A,20.641,3.149,3.49,20.3,28,0.725,0
2026-09-02 09:30:00,LINE_A,MAT_B,16.641,3.149,3.49,16.3,24,0.6792,0
2026-09-02 09:45:00,LINE_A,MAT_A,20.3,3.446,3.425,20.321,28,0.7258,0
2026-09-02 09:45:00,LINE_A,MAT_B,16.3,3.446,3.425,16.321,24,0.6801,0
2026-09-02 10:00:00,LINE_A,MAT_A,20.321,3.18,3.391,20.111,28,0.7183,0
2026-09-02 10:00:00,LINE_A,MAT_B,16.321,3.18,3.391,16.111,24,0.6713,0
2026-09-02 10:15:00,LINE_A,MAT_A,20.111,3.892,3.5,20.503,28,0.7322,0
2026-09-02 10:15:00,LINE_A,MAT_B,16.111,3.892,3.5,16.503,24,0.6876,0
2026-09-02 10:30:00,LINE_A,MAT_A,20.503,3.342,3.377,20.468,28,0.731,0
2026-09-02 10:30:00,LINE_A,MAT_B,16.503,3.342,3.377,16.468,24,0.6862,0
2026-09-02 10:45:00,LINE_A,MAT_A,20.468,3.955,3.564,20.859,28,0.745,0
2026-09-02 10:45:00,LINE_A,MAT_B,16.468,3.955,3.564,16.859,24,0.7025,0
2026-09-02 11:00:00,LINE_A,MAT_A,20.859,3.275,3.55,20.584,28,0.7351,0
2026-09-02 11:00:00,LINE_A,MAT_B,16.859,3.275,3.55,16.584,24,0.691,0
2026-09-02 11:15:00,LINE_A,MAT_A,20.584,3.647,3.352,20.878,28,0.7457,0
2026-09-02 11:15:00,LINE_A,MAT_B,16.584,3.647,3.352,16.878,24,0.7033,0
2026-09-02 11:30:00,LINE_A,MAT_A,20.878,3.338,3.343,20.874,28,0.7455,0
2026-09-02 11:30:00,LINE_A,MAT_B,16.878,3.338,3.343,16.874,24,0.7031,0
2026-09-02 11:45:00,LINE_A,MAT_A,20.874,2.676,3.195,20.355,28,0.727,0
2026-09-02 11:45:00,LINE_A,MAT_B,16.874,2.676,3.195,16.355,24,0.6815,0
2026-09-02 12:00:00,LINE_A,MAT_A,20.355,3.831,3.915,20.271,28,0.724,0
2026-09-02 12:00:00,LINE_A,MAT_B,16.355,3.831,3.915,16.271,24,0.678,0
2026-09-02 12:15:00,LINE_A,MAT_A,20.271,3.451,3.515,20.207,28,0.7217,0
2026-09-02 12:15:00,LINE_A,MAT_B,16.271,3.451,3.515,16.207,24,0.6753,0
2026-09-02 12:30:00,LINE_A,MAT_A,20.207,3.699,3.658,20.249,28,0.7232,0
2026-09-02 12:30:00,LINE_A,MAT_B,16.207,3.699,3.658,16.249,24,0.677,0
2026-09-02 12:45:00,LINE_A,MAT_A,20.249,3.628,3.763,20.114,28,0.7184,0
2026-09-02 12:45:00,LINE_A,MAT_B,16.249,3.628,3.763,16.114,24,0.6714,0
2026-09-02 13:00:00,LINE_A,MAT_A,20.114,3.65,3.532,20.232,28,0.7226,0
2026-09-02 13:00:00,LINE_A,MAT_B,16.114,3.65,3.532,16.232,24,0.6763,0
2026-09-02 13:15:00,LINE_A,MAT_A,20.232,3.379,3.383,20.228,28,0.7224,0
2026-09-02 13:15:00,LINE_A,MAT_B,16.232,3.379,3.383,16.228,24,0.6762,0
2026-09-02 13:30:00,LINE_A,MAT_A,20.228,3.651,3.497,20.381,28,0.7279,0
2026-09-02 13:30:00,LINE_A,MAT_B,16.228,3.651,3.497,16.381,24,0.6826,0
2026-09-02 13:45:00,LINE_A,MAT_A,20.381,3.614,3.605,20.39,28,0.7282,0
2026-09-02 13:45:00,LINE_A,MAT_B,16.381,3.614,3.605,16.39,24,0.6829,0
2026-09-02 14:00:00,LINE_A,MAT_A,20.39,4.062,3.729,20.723,28,0.7401,0
2026-09-02 14:00:00,LINE_A,MAT_B,16.39,4.062,3.729,16.723,24,0.6968,0
2026-09-02 14:15:00,LINE_A,MAT_A,20.723,3.871,3.805,20.789,28,0.7425,0
2026-09-02 14:15:00,LINE_A,MAT_B,16.723,3.871,3.805,16.789,24,0.6995,0
2026-09-02 14:30:00,LINE_A,MAT_A,20.789,3.763,3.751,20.801,28,0.7429,0
2026-09-02 14:30:00,LINE_A,MAT_B,16.789,3.763,3.751,16.801,24,0.7001,0
2026-09-02 14:45:00,LINE_A,MAT_A,20.801,4.234,3.542,21.494,28,0.7676,0
2026-09-02 14:45:00,LINE_A,MAT_B,16.801,4.234,3.542,17.494,24,0.7289,0
2026-09-02 15:00:00,LINE_A,MAT_A,21.494,3.878,3.544,21.829,28,0.7796,0
2026-09-02 15:00:00,LINE_A,MAT_B,17.494,3.878,3.544,17.829,24,0.7429,0
2026-09-02 15:15:00,LINE_A,MAT_A,21.829,3.772,3.631,21.97,28,0.7846,0
2026-09-02 15:15:00,LINE_A,MAT_B,17.829,3.772,3.631,17.97,24,0.7488,0
2026-09-02 15:30:00,LINE_A,MAT_A,21.97,3.705,3.888,21.786,28,0.7781,0
2026-09-02 15:30:00,LINE_A,MAT_B,17.97,3.705,3.888,17.786,24,0.7411,0
2026-09-02 15:45:00,LINE_A,MAT_A,21.786,3.713,3.687,21.813,28,0.779,0
2026-09-02 15:45:00,LINE_A,MAT_B,17.786,3.713,3.687,17.813,24,0.7422,0
2026-09-02 16:00:00,LINE_A,MAT_A,21.813,3.619,3.879,21.553,28,0.7697,0
2026-09-02 16:00:00,LINE_A,MAT_B,17.813,3.619,3.879,17.553,24,0.7314,0
2026-09-02 16:15:00,LINE_A,MAT_A,21.553,3.912,3.689,21.776,28,0.7777,0
2026-09-02 16:15:00,LINE_A,MAT_B,17.553,3.912,3.689,17.776,24,0.7407,0
2026-09-02 16:30:00,LINE_A,MAT_A,21.776,3.865,3.569,22.072,28,0.7883,0
2026-09-02 16:30:00,LINE_A,MAT_B,17.776,3.865,3.569,18.072,24,0.753,0
2026-09-02 16:45:00,LINE_A,MAT_A,22.072,3.383,3.851,21.603,28,0.7715,0
2026-09-02 16:45:00,LINE_A,MAT_B,18.072,3.383,3.851,17.603,24,0.7335,0
2026-09-02 17:00:00,LINE_A,MAT_A,21.603,3.648,3.695,21.556,28,0.7699,0
2026-09-02 17:00:00,LINE_A,MAT_B,17.603,3.648,3.695,17.556,24,0.7315,0
2026-09-02 17:15:00,LINE_A,MAT_A,21.556,3.805,3.834,21.528,28,0.7689,0
2026-09-02 17:15:00,LINE_A,MAT_B,17.556,3.805,3.834,17.528,24,0.7303,0
2026-09-02 17:30:00,LINE_A,MAT_A,21.528,3.779,3.779,21.527,28,0.7688,0
2026-09-02 17:30:00,LINE_A,MAT_B,17.528,3.779,3.779,17.527,24,0.7303,0
2026-09-02 17:45:00,LINE_A,MAT_A,21.527,3.481,3.749,21.259,28,0.7593,0
2026-09-02 17:45:00,LINE_A,MAT_B,17.527,3.481,3.749,17.259,24,0.7191,0
2026-09-02 18:00:00,LINE_A,MAT_A,21.259,3.707,3.792,21.174,28,0.7562,0
2026-09-02 18:00:00,LINE_A,MAT_B,17.259,3.707,3.792,17.174,24,0.7156,0
2026-09-02 18:15:00,LINE_A,MAT_A,21.174,3.722,3.633,21.263,28,0.7594,0
2026-09-02 18:15:00,LINE_A,MAT_B,17.174,3.722,3.633,17.263,24,0.7193,0
2026-09-02 18:30:00,LINE_A,MAT_A,21.263,3.538,3.873,20.929,28,0.7474,0
2026-09-02 18:30:00,LINE_A,MAT_B,17.263,3.538,3.873,16.929,24,0.7054,0
2026-09-02 18:45:00,LINE_A,MAT_A,20.929,3.569,3.66,20.837,28,0.7442,0
2026-09-02 18:45:00,LINE_A,MAT_B,16.929,3.569,3.66,16.837,24,0.7015,0
2026-09-02 19:00:00,LINE_A,MAT_A,20.837,2.868,3.004,20.702,28,0.7393,0
2026-09-02 19:00:00,LINE_A,MAT_B,16.837,2.868,3.004,16.702,24,0.6959,0
2026-09-02 19:15:00,LINE_A,MAT_A,20.702,3.358,3.151,20.909,28,0.7468,0
2026-09-02 19:15:00,LINE_A,MAT_B,16.702,3.358,3.151,16.909,24,0.7045,0
2026-09-02 19:30:00,LINE_A,MAT_A,20.909,3.793,3.751,20.952,28,0.7483,0
2026-09-02 19:30:00,LINE_A,MAT_B,16.909,3.793,3.751,16.952,24,0.7063,0
2026-09-02 19:45:00,LINE_A,MAT_A,20.952,3.341,3.493,20.799,28,0.7428,0
2026-09-02 19:45:00,LINE_A,MAT_B,16.952,3.341,3.493,16.799,24,0.7,0
2026-09-02 20:00:00,LINE_A,MAT_A,20.799,3.822,3.541,21.08,28,0.7529,0
2026-09-02 20:00:00,LINE_A,MAT_B,16.799,3.822,3.541,17.08,24,0.7117,0
2026-09-02 20:15:00,LINE_A,MAT_A,21.08,3.522,3.301,21.301,28,0.7608,0
2026-09-02 20:15:00,LINE_A,MAT_B,17.08,3.522,3.301,17.301,24,0.7209,0
2026-09-02 20:30:00,LINE_A,MAT_A,21.301,3.431,3.311,21.421,28,0.765,0
2026-09-02 20:30:00,LINE_A,MAT_B,17.301,3.431,3.311,17.421,24,0.7259,0
2026-09-02 20:45:00,LINE_A,MAT_A,21.421,3.528,3.556,21.392,28,0.764,0
2026-09-02 20:45:00,LINE_A,MAT_B,17.421,3.528,3.556,17.392,24,0.7247,0
2026-09-02 21:00:00,LINE_A,MAT_A,21.392,3.651,3.477,21.566,28,0.7702,0
2026-09-02 21:00:00,LINE_A,MAT_B,17.392,3.651,3.477,17.566,24,0.7319,0
2026-09-02 21:15:00,LINE_A,MAT_A,21.566,3.281,3.525,21.323,28,0.7615,0
2026-09-02 21:15:00,LINE_A,MAT_B,17.566,3.281,3.525,17.323,24,0.7218,0
2026-09-02 21:30:00,LINE_A,MAT_A,21.323,3.129,3.593,20.859,28,0.745,0
2026-09-02 21:30:00,LINE_A,MAT_B,17.323,3.129,3.593,16.859,24,0.7024,0
2026-09-02 21:45:00,LINE_A,MAT_A,20.859,3.59,3.381,21.068,28,0.7524,0
2026-09-02 21:45:00,LINE_A,MAT_B,16.859,3.59,3.381,17.068,24,0.7112,0
2026-09-02 22:00:00,LINE_A,MAT_A,21.068,2.475,2.605,20.937,28,0.7478,0
2026-09-02 22:00:00,LINE_A,MAT_B,17.068,2.475,2.605,16.937,24,0.7057,0
2026-09-02 22:15:00,LINE_A,MAT_A,20.937,2.413,2.833,20.517,28,0.7327,0
2026-09-02 22:15:00,LINE_A,MAT_B,16.937,2.413,2.833,16.517,24,0.6882,0
2026-09-02 22:30:00,LINE_A,MAT_A,20.517,2.497,2.812,20.202,28,0.7215,0
2026-09-02 22:30:00,LINE_A,MAT_B,16.517,2.497,2.812,16.202,24,0.6751,0
2026-09-02 22:45:00,LINE_A,MAT_A,20.202,2.738,2.923,20.017,28,0.7149,0
2026-09-02 22:45:00,LINE_A,MAT_B,16.202,2.738,2.923,16.017,24,0.6674,0
2026-09-02 23:00:00,LINE_A,MAT_A,20.017,2.816,2.627,20.206,28,0.7216,0
2026-09-02 23:00:00,LINE_A,MAT_B,16.017,2.816,2.627,16.206,24,0.6753,0
2026-09-02 23:15:00,LINE_A,MAT_A,20.206,2.777,2.506,20.476,28,0.7313,0
2026-09-02 23:15:00,LINE_A,MAT_B,16.206,2.777,2.506,16.476,24,0.6865,0
2026-09-02 23:30:00,LINE_A,MAT_A,20.476,2.779,2.88,20.375,28,0.7277,0
2026-09-02 23:30:00,LINE_A,MAT_B,16.476,2.779,2.88,16.375,24,0.6823,0
2026-09-02 23:45:00,LINE_A,MAT_A,20.375,2.903,2.692,20.587,28,0.7352,0
2026-09-02 23:45:00,LINE_A,MAT_B,16.375,2.903,2.692,16.587,24,0.6911,0
2026-09-03 00:00:00,LINE_A,MAT_A,20.587,2.517,2.849,20.254,28,0.7234,0
2026-09-03 00:00:00,LINE_A,MAT_B,16.587,2.517,2.849,16.254,24,0.6773,0
2026-09-03 00:15:00,LINE_A,MAT_A,20.254,2.844,2.772,20.326,28,0.7259,0
2026-09-03 00:15:00,LINE_A,MAT_B,16.254,2.844,2.772,16.326,24,0.6803,0
2026-09-03 00:30:00,LINE_A,MAT_A,20.326,2.761,2.341,20.745,28,0.7409,0
2026-09-03 00:30:00,LINE_A,MAT_B,16.326,2.761,2.341,16.745,24,0.6977,0
2026-09-03 00:45:00,LINE_A,MAT_A,20.745,2.964,2.659,21.051,28,0.7518,0
2026-09-03 00:45:00,LINE_A,MAT_B,16.745,2.964,2.659,17.051,24,0.7104,0
2026-09-03 01:00:00,LINE_A,MAT_A,21.051,2.483,2.751,20.782,28,0.7422,0
2026-09-03 01:00:00,LINE_A,MAT_B,17.051,2.483,2.751,16.782,24,0.6993,0
2026-09-03 01:15:00,LINE_A,MAT_A,20.782,2.63,2.78,20.632,28,0.7369,0
2026-09-03 01:15:00,LINE_A,MAT_B,16.782,2.63,2.78,16.632,24,0.693,0
2026-09-03 01:30:00,LINE_A,MAT_A,20.632,2.854,2.591,20.895,28,0.7463,0
2026-09-03 01:30:00,LINE_A,MAT_B,16.632,2.854,2.591,16.895,24,0.704,0
2026-09-03 01:45:00,LINE_A,MAT_A,20.895,2.594,2.648,20.842,28,0.7443,0
2026-09-03 01:45:00,LINE_A,MAT_B,16.895,2.594,2.648,16.842,24,0.7017,0
2026-09-03 02:00:00,LINE_A,MAT_A,20.842,2.668,2.497,21.013,28,0.7504,0
2026-09-03 02:00:00,LINE_A,MAT_B,16.842,2.668,2.497,17.013,24,0.7089,0
2026-09-03 02:15:00,LINE_A,MAT_A,21.013,2.649,2.535,21.127,28,0.7545,0
2026-09-03 02:15:00,LINE_A,MAT_B,17.013,2.649,2.535,17.127,24,0.7136,0
2026-09-03 02:30:00,LINE_A,MAT_A,21.127,2.804,2.65,21.281,28,0.76,0
2026-09-03 02:30:00,LINE_A,MAT_B,17.127,2.804,2.65,17.281,24,0.72,0
2026-09-03 02:45:00,LINE_A,MAT_A,21.281,2.521,2.661,21.14,28,0.755,0
2026-09-03 02:45:00,LINE_A,MAT_B,17.281,2.521,2.661,17.14,24,0.7142,0
2026-09-03 03:00:00,LINE_A,MAT_A,21.14,3.015,2.715,21.441,28,0.7657,0
2026-09-03 03:00:00,LINE_A,MAT_B,17.14,3.015,2.715,17.441,24,0.7267,0
2026-09-03 03:15:00,LINE_A,MAT_A,21.441,2.87,2.82,21.491,28,0.7675,0
2026-09-03 03:15:00,LINE_A,MAT_B,17.441,2.87,2.82,17.491,24,0.7288,0
2026-09-03 03:30:00,LINE_A,MAT_A,21.491,2.793,2.666,21.618,28,0.7721,0
2026-09-03 03:30:00,LINE_A,MAT_B,17.491,2.793,2.666,17.618,24,0.7341,0
2026-09-03 03:45:00,LINE_A,MAT_A,21.618,2.686,2.637,21.666,28,0.7738,0
2026-09-03 03:45:00,LINE_A,MAT_B,17.618,2.686,2.637,17.666,24,0.7361,0
2026-09-03 04:00:00,LINE_A,MAT_A,21.666,2.802,2.759,21.709,28,0.7753,0
2026-09-03 04:00:00,LINE_A,MAT_B,17.666,2.802,2.759,17.709,24,0.7379,0
2026-09-03 04:15:00,LINE_A,MAT_A,21.709,2.824,2.498,22.035,28,0.787,0
2026-09-03 04:15:00,LINE_A,MAT_B,17.709,2.824,2.498,18.035,24,0.7515,0
2026-09-03 04:30:00,LINE_A,MAT_A,22.035,2.72,2.861,21.894,28,0.7819,0
2026-09-03 04:30:00,LINE_A,MAT_B,18.035,2.72,2.861,17.894,24,0.7456,0
2026-09-03 04:45:00,LINE_A,MAT_A,21.894,2.96,2.954,21.9,28,0.7821,0
2026-09-03 04:45:00,LINE_A,MAT_B,17.894,2.96,2.954,17.9,24,0.7458,0
2026-09-03 05:00:00,LINE_A,MAT_A,21.9,2.821,2.928,21.793,28,0.7783,0
2026-09-03 05:00:00,LINE_A,MAT_B,17.9,2.821,2.928,17.793,24,0.7414,0
2026-09-03 05:15:00,LINE_A,MAT_A,21.793,3.288,2.867,22.214,28,0.7934,0
2026-09-03 05:15:00,LINE_A,MAT_B,17.793,3.288,2.867,18.214,24,0.7589,0
2026-09-03 05:30:00,LINE_A,MAT_A,22.214,2.734,2.618,22.33,28,0.7975,0
2026-09-03 05:30:00,LINE_A,MAT_B,18.214,2.734,2.618,18.33,24,0.7637,0
2026-09-03 05:45:00,LINE_A,MAT_A,22.33,2.771,2.668,22.433,28,0.8012,0
2026-09-03 05:45:00,LINE_A,MAT_B,18.33,2.771,2.668,18.433,24,0.7681,0
2026-09-03 06:00:00,LINE_A,MAT_A,22.433,3.323,3.324,22.432,28,0.8011,0
2026-09-03 06:00:00,LINE_A,MAT_B,18.433,3.323,3.324,18.432,24,0.768,0
2026-09-03 06:15:00,LINE_A,MAT_A,22.432,3.169,3.586,22.015,28,0.7862,0
2026-09-03 06:15:00,LINE_A,MAT_B,18.432,3.169,3.586,18.015,24,0.7506,0
2026-09-03 06:30:00,LINE_A,MAT_A,22.015,3.636,3.235,22.416,28,0.8006,0
2026-09-03 06:30:00,LINE_A,MAT_B,18.015,3.636,3.235,18.416,24,0.7673,0
2026-09-03 06:45:00,LINE_A,MAT_A,22.416,3.408,3.65,22.174,28,0.7919,0
2026-09-03 06:45:00,LINE_A,MAT_B,18.416,3.408,3.65,18.174,24,0.7572,0
2026-09-03 07:00:00,LINE_A,MAT_A,22.174,3.293,3.433,22.033,28,0.7869,0
2026-09-03 07:00:00,LINE_A,MAT_B,18.174,3.293,3.433,18.033,24,0.7514,0
2026-09-03 07:15:00,LINE_A,MAT_A,22.033,3.441,3.411,22.063,28,0.788,0
2026-09-03 07:15:00,LINE_A,MAT_B,18.033,3.441,3.411,18.063,24,0.7526,0
2026-09-03 07:30:00,LINE_A,MAT_A,22.063,3.446,3.419,22.09,28,0.7889,0
2026-09-03 07:30:00,LINE_A,MAT_B,18.063,3.446,3.419,18.09,24,0.7538,0
2026-09-03 07:45:00,LINE_A,MAT_A,22.09,2.94,3.263,21.767,28,0.7774,0
2026-09-03 07:45:00,LINE_A,MAT_B,18.09,2.94,3.263,17.767,24,0.7403,0
2026-09-03 08:00:00,LINE_A,MAT_A,21.767,3.558,3.37,21.955,28,0.7841,0
2026-09-03 08:00:00,LINE_A,MAT_B,17.767,3.558,3.37,17.955,24,0.7481,0
2026-09-03 08:15:00,LINE_A,MAT_A,21.955,3.261,3.42,21.796,28,0.7784,0
2026-09-03 08:15:00,LINE_A,MAT_B,17.955,3.261,3.42,17.796,24,0.7415,0
2026-09-03 08:30:00,LINE_A,MAT_A,21.796,3.617,3.722,21.691,28,0.7747,0
2026-09-03 08:30:00,LINE_A,MAT_B,17.796,3.617,3.722,17.691,24,0.7371,0
2026-09-03 08:45:00,LINE_A,MAT_A,21.691,3.841,3.393,22.14,28,0.7907,0
2026-09-03 08:45:00,LINE_A,MAT_B,17.691,3.841,3.393,18.14,24,0.7558,0
2026-09-03 09:00:00,LINE_A,MAT_A,22.14,3.352,3.382,22.11,28,0.7896,0
2026-09-03 09:00:00,LINE_A,MAT_B,18.14,3.352,3.382,18.11,24,0.7546,0
2026-09-03 09:15:00,LINE_A,MAT_A,22.11,3.749,3.47,22.39,28,0.7996,0
2026-09-03 09:15:00,LINE_A,MAT_B,18.11,3.749,3.47,18.39,24,0.7662,0
2026-09-03 09:30:00,LINE_A,MAT_A,22.39,3.595,3.5,22.484,28,0.803,0
2026-09-03 09:30:00,LINE_A,MAT_B,18.39,3.595,3.5,18.484,24,0.7702,0
2026-09-03 09:45:00,LINE_A,MAT_A,22.484,3.819,3.601,22.702,28,0.8108,0
2026-09-03 09:45:00,LINE_A,MAT_B,18.484,3.819,3.601,18.702,24,0.7792,0
2026-09-03 10:00:00,LINE_A,MAT_A,22.702,3.676,3.352,23.026,28,0.8223,0
2026-09-03 10:00:00,LINE_A,MAT_B,18.702,3.676,3.352,19.026,24,0.7927,0
2026-09-03 10:15:00,LINE_A,MAT_A,23.026,3.325,3.367,22.983,28,0.8208,0
2026-09-03 10:15:00,LINE_A,MAT_B,19.026,3.325,3.367,18.983,24,0.791,0
2026-09-03 10:30:00,LINE_A,MAT_A,22.983,3.729,3.445,23.267,28,0.831,0
2026-09-03 10:30:00,LINE_A,MAT_B,18.983,3.729,3.445,19.267,24,0.8028,0
2026-09-03 10:45:00,LINE_A,MAT_A,23.267,3.051,3.636,22.681,28,0.8101,0
2026-09-03 10:45:00,LINE_A,MAT_B,19.267,3.051,3.636,18.681,24,0.7784,0
2026-09-03 11:00:00,LINE_A,MAT_A,22.681,4.77,3.451,24.001,28,0.8572,0
2026-09-03 11:00:00,LINE_A,MAT_B,18.681,4.77,3.451,20.001,24,0.8334,0
2026-09-03 11:15:00,LINE_A,MAT_A,24.001,3.673,3.45,24.223,28,0.8651,0
2026-09-03 11:15:00,LINE_A,MAT_B,20.001,3.673,3.45,20.223,24,0.8426,0
2026-09-03 11:30:00,LINE_A,MAT_A,24.223,3.21,2.936,24.497,28,0.8749,0
2026-09-03 11:30:00,LINE_A,MAT_B,20.223,3.21,2.936,20.497,24,0.854,0
2026-09-03 11:45:00,LINE_A,MAT_A,24.497,3.18,3.194,24.483,28,0.8744,0
2026-09-03 11:45:00,LINE_A,MAT_B,20.497,3.18,3.194,20.483,24,0.8535,0
2026-09-03 12:00:00,LINE_A,MAT_A,24.483,3.187,3.532,24.138,28,0.8621,0
2026-09-03 12:00:00,LINE_A,MAT_B,20.483,3.187,3.532,20.138,24,0.8391,0
2026-09-03 12:15:00,LINE_A,MAT_A,24.138,3.473,3.578,24.033,28,0.8583,0
2026-09-03 12:15:00,LINE_A,MAT_B,20.138,3.473,3.578,20.033,24,0.8347,0
2026-09-03 12:30:00,LINE_A,MAT_A,24.033,3.682,3.854,23.861,28,0.8522,0
2026-09-03 12:30:00,LINE_A,MAT_B,20.033,3.682,3.854,19.861,24,0.8276,0
2026-09-03 12:45:00,LINE_A,MAT_A,23.861,2.996,3.715,23.143,28,0.8265,0
2026-09-03 12:45:00,LINE_A,MAT_B,19.861,2.996,3.715,19.143,24,0.7976,0
2026-09-03 13:00:00,LINE_A,MAT_A,23.143,4.115,3.684,23.574,28,0.8419,0
2026-09-03 13:00:00,LINE_A,MAT_B,19.143,4.115,3.684,19.574,24,0.8156,0
2026-09-03 13:15:00,LINE_A,MAT_A,23.574,3.857,3.474,23.958,28,0.8556,0
2026-09-03 13:15:00,LINE_A,MAT_B,19.574,3.857,3.474,19.958,24,0.8316,0
2026-09-03 13:30:00,LINE_A,MAT_A,23.958,3.681,3.571,24.068,28,0.8596,0
2026-09-03 13:30:00,LINE_A,MAT_B,19.958,3.681,3.571,20.068,24,0.8362,0
2026-09-03 13:45:00,LINE_A,MAT_A,24.068,3.571,3.399,24.239,28,0.8657,0
2026-09-03 13:45:00,LINE_A,MAT_B,20.068,3.571,3.399,20.239,24,0.8433,0
2026-09-03 14:00:00,LINE_A,MAT_A,24.239,3.835,3.869,24.131,28,0.8618,0
2026-09-03 14:00:00,LINE_A,MAT_B,20.239,3.835,3.869,20.131,24,0.8388,0
2026-09-03 14:15:00,LINE_A,MAT_A,24.131,3.779,3.817,24.093,28,0.8605,0
2026-09-03 14:15:00,LINE_A,MAT_B,20.131,3.779,3.817,20.093,24,0.8372,0
2026-09-03 14:30:00,LINE_A,MAT_A,24.093,3.848,3.608,24.334,28,0.8691,0
2026-09-03 14:30:00,LINE_A,MAT_B,20.093,3.848,3.608,20.334,24,0.8472,0
2026-09-03 14:45:00,LINE_A,MAT_A,24.334,3.49,3.757,24.067,28,0.8595,0
2026-09-03 14:45:00,LINE_A,MAT_B,20.334,3.49,3.757,20.067,24,0.8361,0
2026-09-03 15:00:00,LINE_A,MAT_A,24.067,3.788,3.662,24.193,28,0.864,0
2026-09-03 15:00:00,LINE_A,MAT_B,20.067,3.788,3.662,20.193,24,0.8414,0
2026-09-03 15:15:00,LINE_A,MAT_A,24.193,3.459,3.681,23.972,28,0.8561,0
2026-09-03 15:15:00,LINE_A,MAT_B,20.193,3.459,3.681,19.972,24,0.8322,0
2026-09-03 15:30:00,LINE_A,MAT_A,23.972,3.83,3.866,23.936,28,0.8549,0
2026-09-03 15:30:00,LINE_A,MAT_B,19.972,3.83,3.866,19.936,24,0.8307,0
2026-09-03 15:45:00,LINE_A,MAT_A,23.936,3.907,3.706,24.137,28,0.862,0
2026-09-03 15:45:00,LINE_A,MAT_B,19.936,3.907,3.706,20.137,24,0.839,0
2026-09-03 16:00:00,LINE_A,MAT_A,24.137,3.753,3.785,24.104,28,0.8609,0
2026-09-03 16:00:00,LINE_A,MAT_B,20.137,3.753,3.785,20.104,24,0.8377,0
2026-09-03 16:15:00,LINE_A,MAT_A,24.104,3.631,3.555,24.18,28,0.8636,0
2026-09-03 16:15:00,LINE_A,MAT_B,20.104,3.631,3.555,20.18,24,0.8409,0
2026-09-03 16:30:00,LINE_A,MAT_A,24.18,3.346,3.754,23.773,28,0.849,0
2026-09-03 16:30:00,LINE_A,MAT_B,20.18,3.346,3.754,19.773,24,0.8239,0
2026-09-03 16:45:00,LINE_A,MAT_A,23.773,3.804,3.81,23.767,28,0.8488,0
2026-09-03 16:45:00,LINE_A,MAT_B,19.773,3.804,3.81,19.767,24,0.8236,0
2026-09-03 17:00:00,LINE_A,MAT_A,23.767,3.825,3.487,24.106,28,0.8609,0
2026-09-03 17:00:00,LINE_A,MAT_B,19.767,3.825,3.487,20.106,24,0.8377,0
2026-09-03 17:15:00,LINE_A,MAT_A,24.106,3.769,3.857,24.018,28,0.8578,0
2026-09-03 17:15:00,LINE_A,MAT_B,20.106,3.769,3.857,20.018,24,0.8341,0
2026-09-03 17:30:00,LINE_A,MAT_A,24.018,3.806,3.725,24.099,28,0.8607,0
2026-09-03 17:30:00,LINE_A,MAT_B,20.018,3.806,3.725,20.099,24,0.8375,0
2026-09-03 17:45:00,LINE_A,MAT_A,24.099,3.657,3.603,24.152,28,0.8626,0
2026-09-03 17:45:00,LINE_A,MAT_B,20.099,3.657,3.603,20.152,24,0.8397,0
2026-09-03 18:00:00,LINE_A,MAT_A,24.152,3.931,3.598,24.402,28,0.8715,0
2026-09-03 18:00:00,LINE_A,MAT_B,20.152,3.931,3.598,20.402,24,0.8501,0
2026-09-03 18:15:00,LINE_A,MAT_A,24.402,3.567,3.667,24.301,28,0.8679,0
2026-09-03 18:15:00,LINE_A,MAT_B,20.402,3.567,3.667,20.301,24,0.8459,0
2026-09-03 18:30:00,LINE_A,MAT_A,24.301,3.504,3.704,24.101,28,0.8607,0
2026-09-03 18:30:00,LINE_A,MAT_B,20.301,3.504,3.704,20.101,24,0.8375,0
2026-09-03 18:45:00,LINE_A,MAT_A,24.101,3.651,3.624,24.128,28,0.8617,0
2026-09-03 18:45:00,LINE_A,MAT_B,20.101,3.651,3.624,20.128,24,0.8387,0
2026-09-03 19:00:00,LINE_A,MAT_A,24.128,2.983,2.989,24.122,28,0.8615,0
2026-09-03 19:00:00,LINE_A,MAT_B,20.128,2.983,2.989,20.122,24,0.8384,0
2026-09-03 19:15:00,LINE_A,MAT_A,24.122,3.122,3.161,24.083,28,0.8601,0
2026-09-03 19:15:00,LINE_A,MAT_B,20.122,3.122,3.161,20.083,24,0.8368,0
2026-09-03 19:30:00,LINE_A,MAT_A,24.083,3.437,3.684,23.836,28,0.8513,0
2026-09-03 19:30:00,LINE_A,MAT_B,20.083,3.437,3.684,19.836,24,0.8265,0
2026-09-03 19:45:00,LINE_A,MAT_A,23.836,3.774,3.788,23.822,28,0.8508,0
2026-09-03 19:45:00,LINE_A,MAT_B,19.836,3.774,3.788,19.822,24,0.8259,0
2026-09-03 20:00:00,LINE_A,MAT_A,23.822,3.676,3.487,24.011,28,0.8575,0
2026-09-03 20:00:00,LINE_A,MAT_B,19.822,3.676,3.487,20.011,24,0.8338,0
2026-09-03 20:15:00,LINE_A,MAT_A,24.011,3.841,3.476,24.376,28,0.8706,0
2026-09-03 20:15:00,LINE_A,MAT_B,20.011,3.841,3.476,20.376,24,0.849,0
2026-09-03 20:30:00,LINE_A,MAT_A,24.376,3.624,3.581,24.418,28,0.8721,0
2026-09-03 20:30:00,LINE_A,MAT_B,20.376,3.624,3.581,20.418,24,0.8508,0
2026-09-03 20:45:00,LINE_A,MAT_A,24.418,3.471,3.549,24.34,28,0.8693,0
2026-09-03 20:45:00,LINE_A,MAT_B,20.418,3.471,3.549,20.34,24,0.8475,0
2026-09-03 21:00:00,LINE_A,MAT_A,24.34,3.548,3.498,24.391,28,0.8711,0
2026-09-03 21:00:00,LINE_A,MAT_B,20.34,3.548,3.498,20.391,24,0.8496,0
2026-09-03 21:15:00,LINE_A,MAT_A,24.391,3.13,3.778,23.743,28,0.848,0
2026-09-03 21:15:00,LINE_A,MAT_B,20.391,3.13,3.778,19.743,24,0.8226,0
2026-09-03 21:30:00,LINE_A,MAT_A,23.743,3.451,3.575,23.619,28,0.8435,0
2026-09-03 21:30:00,LINE_A,MAT_B,19.743,3.451,3.575,19.619,24,0.8174,0
2026-09-03 21:45:00,LINE_A,MAT_A,23.619,3.472,3.367,23.724,28,0.8473,0
2026-09-03 21:45:00,LINE_A,MAT_B,19.619,3.472,3.367,19.724,24,0.8218,0
2026-09-03 22:00:00,LINE_A,MAT_A,23.724,2.79,2.652,23.862,28,0.8522,0
2026-09-03 22:00:00,LINE_A,MAT_B,19.724,2.79,2.652,19.862,24,0.8276,0
2026-09-03 22:15:00,LINE_A,MAT_A,23.862,2.949,2.769,24.041,28,0.8586,0
2026-09-03 22:15:00,LINE_A,MAT_B,19.862,2.949,2.769,20.041,24,0.835,0
2026-09-03 22:30:00,LINE_A,MAT_A,24.041,2.566,2.612,23.995,28,0.857,0
2026-09-03 22:30:00,LINE_A,MAT_B,20.041,2.566,2.612,19.995,24,0.8331,0
2026-09-03 22:45:00,LINE_A,MAT_A,23.995,2.568,2.648,23.915,28,0.8541,0
2026-09-03 22:45:00,LINE_A,MAT_B,19.995,2.568,2.648,19.915,24,0.8298,0
2026-09-03 23:00:00,LINE_A,MAT_A,23.915,2.51,2.812,23.613,28,0.8433,0
2026-09-03 23:00:00,LINE_A,MAT_B,19.915,2.51,2.812,19.613,24,0.8172,0
2026-09-03 23:15:00,LINE_A,MAT_A,23.613,2.654,2.631,23.636,28,0.8441,0
2026-09-03 23:15:00,LINE_A,MAT_B,19.613,2.654,2.631,19.636,24,0.8182,0
2026-09-03 23:30:00,LINE_A,MAT_A,23.636,2.37,2.554,23.451,28,0.8375,0
2026-09-03 23:30:00,LINE_A,MAT_B,19.636,2.37,2.554,19.451,24,0.8105,0
2026-09-03 23:45:00,LINE_A,MAT_A,23.451,2.537,2.714,23.274,28,0.8312,0
2026-09-03 23:45:00,LINE_A,MAT_B,19.451,2.537,2.714,19.274,24,0.8031,0
2026-09-04 00:00:00,LINE_A,MAT_A,23.274,2.348,2.626,22.996,28,0.8213,0
2026-09-04 00:00:00,LINE_A,MAT_B,19.274,2.348,2.626,18.996,24,0.7915,0
2026-09-04 00:15:00,LINE_A,MAT_A,22.996,2.716,2.655,23.057,28,0.8235,0
2026-09-04 00:15:00,LINE_A,MAT_B,18.996,2.716,2.655,19.057,24,0.7941,0
2026-09-04 00:30:00,LINE_A,MAT_A,23.057,2.687,2.526,23.218,28,0.8292,0
2026-09-04 00:30:00,LINE_A,MAT_B,19.057,2.687,2.526,19.218,24,0.8008,0
2026-09-04 00:45:00,LINE_A,MAT_A,23.218,2.679,2.541,23.356,28,0.8342,0
2026-09-04 00:45:00,LINE_A,MAT_B,19.218,2.679,2.541,19.356,24,0.8065,0
2026-09-04 01:00:00,LINE_A,MAT_A,23.356,2.71,2.84,23.227,28,0.8295,0
2026-09-04 01:00:00,LINE_A,MAT_B,19.356,2.71,2.84,19.227,24,0.8011,0
2026-09-04 01:15:00,LINE_A,MAT_A,23.227,2.437,2.69,22.973,28,0.8205,0
2026-09-04 01:15:00,LINE_A,MAT_B,19.227,2.437,2.69,18.973,24,0.7906,0
2026-09-04 01:30:00,LINE_A,MAT_A,22.973,2.488,2.69,22.771,28,0.8132,0
2026-09-04 01:30:00,LINE_A,MAT_B,18.973,2.488,2.69,18.771,24,0.7821,0
2026-09-04 01:45:00,LINE_A,MAT_A,22.771,2.817,2.465,23.123,28,0.8258,0
2026-09-04 01:45:00,LINE_A,MAT_B,18.771,2.817,2.465,19.123,24,0.7968,0
2026-09-04 02:00:00,LINE_A,MAT_A,23.123,2.521,2.712,22.932,28,0.819,0
2026-09-04 02:00:00,LINE_A,MAT_B,19.123,2.521,2.712,18.932,24,0.7888,0
2026-09-04 02:15:00,LINE_A,MAT_A,22.932,2.506,2.708,22.73,28,0.8118,0
2026-09-04 02:15:00,LINE_A,MAT_B,18.932,2.506,2.708,18.73,24,0.7804,0
2026-09-04 02:30:00,LINE_A,MAT_A,22.73,2.708,2.457,22.981,28,0.8207,0
2026-09-04 02:30:00,LINE_A,MAT_B,18.73,2.708,2.457,18.981,24,0.7909,0
2026-09-04 02:45:00,LINE_A,MAT_A,22.981,2.761,2.528,23.213,28,0.8291,0
2026-09-04 02:45:00,LINE_A,MAT_B,18.981,2.761,2.528,19.213,24,0.8006,0
2026-09-04 03:00:00,LINE_A,MAT_A,23.213,2.626,2.978,22.861,28,0.8165,0
2026-09-04 03:00:00,LINE_A,MAT_B,19.213,2.626,2.978,18.861,24,0.7859,0
2026-09-04 03:15:00,LINE_A,MAT_A,22.861,2.689,2.75,22.8,28,0.8143,0
2026-09-04 03:15:00,LINE_A,MAT_B,18.861,2.689,2.75,18.8,24,0.7833,0
2026-09-04 03:30:00,LINE_A,MAT_A,22.8,2.798,2.83,22.768,28,0.8131,0
2026-09-04 03:30:00,LINE_A,MAT_B,18.8,2.798,2.83,18.768,24,0.782,0
2026-09-04 03:45:00,LINE_A,MAT_A,22.768,2.543,2.802,22.509,28,0.8039,0
2026-09-04 03:45:00,LINE_A,MAT_B,18.768,2.543,2.802,18.509,24,0.7712,0
2026-09-04 04:00:00,LINE_A,MAT_A,22.509,2.61,2.594,22.524,28,0.8044,0
2026-09-04 04:00:00,LINE_A,MAT_B,18.509,2.61,2.594,18.524,24,0.7719,0
2026-09-04 04:15:00,LINE_A,MAT_A,22.524,2.602,2.723,22.403,28,0.8001,0
2026-09-04 04:15:00,LINE_A,MAT_B,18.524,2.602,2.723,18.403,24,0.7668,0
2026-09-04 04:30:00,LINE_A,MAT_A,22.403,2.848,2.761,22.49,28,0.8032,0
2026-09-04 04:30:00,LINE_A,MAT_B,18.403,2.848,2.761,18.49,24,0.7704,0
2026-09-04 04:45:00,LINE_A,MAT_A,22.49,2.889,2.692,22.686,28,0.8102,0
2026-09-04 04:45:00,LINE_A,MAT_B,18.49,2.889,2.692,18.686,24,0.7786,0
2026-09-04 05:00:00,LINE_A,MAT_A,22.686,2.927,2.758,22.856,28,0.8163,0
2026-09-04 05:00:00,LINE_A,MAT_B,18.686,2.927,2.758,18.856,24,0.7857,0
2026-09-04 05:15:00,LINE_A,MAT_A,22.856,2.619,2.818,22.657,28,0.8092,0
2026-09-04 05:15:00,LINE_A,MAT_B,18.856,2.619,2.818,18.657,24,0.7774,0
2026-09-04 05:30:00,LINE_A,MAT_A,22.657,2.602,2.575,22.684,28,0.8101,0
2026-09-04 05:30:00,LINE_A,MAT_B,18.657,2.602,2.575,18.684,24,0.7785,0
2026-09-04 05:45:00,LINE_A,MAT_A,22.684,2.708,2.642,22.75,28,0.8125,0
2026-09-04 05:45:00,LINE_A,MAT_B,18.684,2.708,2.642,18.75,24,0.7812,0
2026-09-04 06:00:00,LINE_A,MAT_A,22.75,3.117,3.396,22.471,28,0.8025,0
2026-09-04 06:00:00,LINE_A,MAT_B,18.75,3.117,3.396,18.471,24,0.7696,0
2026-09-04 06:15:00,LINE_A,MAT_A,22.471,3.244,3.405,22.311,28,0.7968,0
2026-09-04 06:15:00,LINE_A,MAT_B,18.471,3.244,3.405,18.311,24,0.7629,0
2026-09-04 06:30:00,LINE_A,MAT_A,22.311,3.154,3.29,22.174,28,0.7919,0
2026-09-04 06:30:00,LINE_A,MAT_B,18.311,3.154,3.29,18.174,24,0.7572,0
2026-09-04 06:45:00,LINE_A,MAT_A,22.174,3.243,3.273,22.144,28,0.7908,0
2026-09-04 06:45:00,LINE_A,MAT_B,18.174,3.243,3.273,18.144,24,0.756,0
2026-09-04 07:00:00,LINE_A,MAT_A,22.144,3.31,3.39,22.064,28,0.788,0
2026-09-04 07:00:00,LINE_A,MAT_B,18.144,3.31,3.39,18.064,24,0.7527,0
2026-09-04 07:15:00,LINE_A,MAT_A,22.064,3.152,3.364,21.852,28,0.7804,0
2026-09-04 07:15:00,LINE_A,MAT_B,18.064,3.152,3.364,17.852,24,0.7438,0
2026-09-04 07:30:00,LINE_A,MAT_A,21.852,3.538,3.442,21.948,28,0.7838,0
2026-09-04 07:30:00,LINE_A,MAT_B,17.852,3.538,3.442,17.948,24,0.7478,0
2026-09-04 07:45:00,LINE_A,MAT_A,21.948,3.261,3.445,21.764,28,0.7773,0
2026-09-04 07:45:00,LINE_A,MAT_B,17.948,3.261,3.445,17.764,24,0.7402,0
2026-09-04 08:00:00,LINE_A,MAT_A,21.764,3.394,3.54,21.617,28,0.772,0
2026-09-04 08:00:00,LINE_A,MAT_B,17.764,3.394,3.54,17.617,24,0.7341,0
2026-09-04 08:15:00,LINE_A,MAT_A,21.617,3.581,3.534,21.664,28,0.7737,0
2026-09-04 08:15:00,LINE_A,MAT_B,17.617,3.581,3.534,17.664,24,0.736,0
2026-09-04 08:30:00,LINE_A,MAT_A,21.664,3.383,3.508,21.539,28,0.7692,0
2026-09-04 08:30:00,LINE_A,MAT_B,17.664,3.383,3.508,17.539,24,0.7308,0
2026-09-04 08:45:00,LINE_A,MAT_A,21.539,3.489,3.558,21.469,28,0.7667,0
2026-09-04 08:45:00,LINE_A,MAT_B,17.539,3.489,3.558,17.469,24,0.7279,0
2026-09-04 09:00:00,LINE_A,MAT_A,21.469,3.544,3.506,21.507,28,0.7681,0
2026-09-04 09:00:00,LINE_A,MAT_B,17.469,3.544,3.506,17.507,24,0.7295,0
2026-09-04 09:15:00,LINE_A,MAT_A,21.507,3.334,3.398,21.443,28,0.7658,0
2026-09-04 09:15:00,LINE_A,MAT_B,17.507,3.334,3.398,17.443,24,0.7268,0
2026-09-04 09:30:00,LINE_A,MAT_A,21.443,3.406,3.548,21.301,28,0.7608,0
2026-09-04 09:30:00,LINE_A,MAT_B,17.443,3.406,3.548,17.301,24,0.7209,0
2026-09-04 09:45:00,LINE_A,MAT_A,21.301,3.402,3.609,21.095,28,0.7534,0
2026-09-04 09:45:00,LINE_A,MAT_B,17.301,3.402,3.609,17.095,24,0.7123,0
2026-09-04 10:00:00,LINE_A,MAT_A,21.095,3.274,3.455,20.914,28,0.7469,0
2026-09-04 10:00:00,LINE_A,MAT_B,17.095,3.274,3.455,16.914,24,0.7047,0
2026-09-04 10:15:00,LINE_A,MAT_A,20.914,3.547,3.369,21.092,28,0.7533,0
2026-09-04 10:15:00,LINE_A,MAT_B,16.914,3.547,3.369,17.092,24,0.7122,0
2026-09-04 10:30:00,LINE_A,MAT_A,21.092,3.582,3.447,21.226,28,0.7581,0
2026-09-04 10:30:00,LINE_A,MAT_B,17.092,3.582,3.447,17.226,24,0.7178,0
2026-09-04 10:45:00,LINE_A,MAT_A,21.226,3.422,3.687,20.961,28,0.7486,0
2026-09-04 10:45:00,LINE_A,MAT_B,17.226,3.422,3.687,16.961,24,0.7067,0
2026-09-04 11:00:00,LINE_A,MAT_A,20.961,3.268,3.528,20.702,28,0.7394,0
2026-09-04 11:00:00,LINE_A,MAT_B,16.961,3.268,3.528,16.702,24,0.6959,0
2026-09-04 11:15:00,LINE_A,MAT_A,20.702,3.908,3.519,21.091,28,0.7532,0
2026-09-04 11:15:00,LINE_A,MAT_B,16.702,3.908,3.519,17.091,24,0.7121,0
2026-09-04 11:30:00,LINE_A,MAT_A,21.091,2.998,3.036,21.053,28,0.7519,0
2026-09-04 11:30:00,LINE_A,MAT_B,17.091,2.998,3.036,17.053,24,0.7105,0
2026-09-04 11:45:00,LINE_A,MAT_A,21.053,2.83,3.022,20.86,28,0.745,0
2026-09-04 11:45:00,LINE_A,MAT_B,17.053,2.83,3.022,16.86,24,0.7025,0
2026-09-04 12:00:00,LINE_A,MAT_A,20.86,3.943,3.641,21.163,28,0.7558,0
2026-09-04 12:00:00,LINE_A,MAT_B,16.86,3.943,3.641,17.163,24,0.7151,0
2026-09-04 12:15:00,LINE_A,MAT_A,21.163,3.479,3.383,21.259,28,0.7592,0
2026-09-04 12:15:00,LINE_A,MAT_B,17.163,3.479,3.383,17.259,24,0.7191,0
2026-09-04 12:30:00,LINE_A,MAT_A,21.259,3.478,3.427,21.31,28,0.7611,0
2026-09-04 12:30:00,LINE_A,MAT_B,17.259,3.478,3.427,17.31,24,0.7212,0
2026-09-04 12:45:00,LINE_A,MAT_A,21.31,3.41,3.707,21.012,28,0.7504,0
2026-09-04 12:45:00,LINE_A,MAT_B,17.31,3.41,3.707,17.012,24,0.7088,0
2026-09-04 13:00:00,LINE_A,MAT_A,21.012,3.48,3.522,20.97,28,0.7489,0
2026-09-04 13:00:00,LINE_A,MAT_B,17.012,3.48,3.522,16.97,24,0.7071,0
2026-09-04 13:15:00,LINE_A,MAT_A,20.97,3.303,3.661,20.612,28,0.7361,0
2026-09-04 13:15:00,LINE_A,MAT_B,16.97,3.303,3.661,16.612,24,0.6922,0
2026-09-04 13:30:00,LINE_A,MAT_A,20.612,3.441,3.316,20.737,28,0.7406,0
2026-09-04 13:30:00,LINE_A,MAT_B,16.612,3.441,3.316,16.737,24,0.6974,0
2026-09-04 13:45:00,LINE_A,MAT_A,20.737,3.715,3.583,20.869,28,0.7453,0
2026-09-04 13:45:00,LINE_A,MAT_B,16.737,3.715,3.583,16.869,24,0.7029,0
2026-09-04 14:00:00,LINE_A,MAT_A,20.869,3.57,3.989,20.45,28,0.7304,0
2026-09-04 14:00:00,LINE_A,MAT_B,16.869,3.57,3.989,16.45,24,0.6854,0
2026-09-04 14:15:00,LINE_A,MAT_A,20.45,3.844,3.978,20.316,28,0.7256,0
2026-09-04 14:15:00,LINE_A,MAT_B,16.45,3.844,3.978,16.316,24,0.6799,0
2026-09-04 14:30:00,LINE_A,MAT_A,20.316,3.548,3.807,20.058,28,0.7164,0
2026-09-04 14:30:00,LINE_A,MAT_B,16.316,3.548,3.807,16.058,24,0.6691,0
2026-09-04 14:45:00,LINE_A,MAT_A,20.058,3.666,3.547,20.177,28,0.7206,0
2026-09-04 14:45:00,LINE_A,MAT_B,16.058,3.666,3.547,16.177,24,0.674,0
2026-09-04 15:00:00,LINE_A,MAT_A,20.177,3.665,3.758,20.083,28,0.7173,0
2026-09-04 15:00:00,LINE_A,MAT_B,16.177,3.665,3.758,16.083,24,0.6701,0
2026-09-04 15:15:00,LINE_A,MAT_A,20.083,3.743,3.869,19.957,28,0.7128,0
2026-09-04 15:15:00,LINE_A,MAT_B,16.083,3.743,3.869,15.957,24,0.6649,0
2026-09-04 15:30:00,LINE_A,MAT_A,19.957,3.778,3.816,19.92,28,0.7114,0
2026-09-04 15:30:00,LINE_A,MAT_B,15.957,3.778,3.816,15.92,24,0.6633,0
2026-09-04 15:45:00,LINE_A,MAT_A,19.92,3.76,3.819,19.86,28,0.7093,0
2026-09-04 15:45:00,LINE_A,MAT_B,15.92,3.76,3.819,15.86,24,0.6608,0
2026-09-04 16:00:00,LINE_A,MAT_A,19.86,4.03,4.024,19.867,28,0.7095,0
2026-09-04 16:00:00,LINE_A,MAT_B,15.86,4.03,4.024,15.867,24,0.6611,0
2026-09-04 16:15:00,LINE_A,MAT_A,19.867,3.74,3.783,19.823,28,0.708,0
2026-09-04 16:15:00,LINE_A,MAT_B,15.867,3.74,3.783,15.823,24,0.6593,0
2026-09-04 16:30:00,LINE_A,MAT_A,19.823,3.409,3.602,19.63,28,0.7011,0
2026-09-04 16:30:00,LINE_A,MAT_B,15.823,3.409,3.602,15.63,24,0.6512,0
2026-09-04 16:45:00,LINE_A,MAT_A,19.63,3.841,3.538,19.932,28,0.7119,0
2026-09-04 16:45:00,LINE_A,MAT_B,15.63,3.841,3.538,15.932,24,0.6638,0
2026-09-04 17:00:00,LINE_A,MAT_A,19.932,3.928,3.782,20.079,28,0.7171,0
2026-09-04 17:00:00,LINE_A,MAT_B,15.932,3.928,3.782,16.079,24,0.67,0
2026-09-04 17:15:00,LINE_A,MAT_A,20.079,3.939,3.714,20.304,28,0.7251,0
2026-09-04 17:15:00,LINE_A,MAT_B,16.079,3.939,3.714,16.304,24,0.6793,0
2026-09-04 17:30:00,LINE_A,MAT_A,20.304,3.304,3.755,19.853,28,0.709,0
2026-09-04 17:30:00,LINE_A,MAT_B,16.304,3.304,3.755,15.853,24,0.6605,0
2026-09-04 17:45:00,LINE_A,MAT_A,19.853,3.635,3.834,19.655,28,0.702,0
2026-09-04 17:45:00,LINE_A,MAT_B,15.853,3.635,3.834,15.655,24,0.6523,0
2026-09-04 18:00:00,LINE_A,MAT_A,19.655,3.68,3.515,19.82,28,0.7079,0
2026-09-04 18:00:00,LINE_A,MAT_B,15.655,3.68,3.515,15.82,24,0.6592,0
2026-09-04 18:15:00,LINE_A,MAT_A,19.82,3.766,3.663,19.923,28,0.7115,0
2026-09-04 18:15:00,LINE_A,MAT_B,15.82,3.766,3.663,15.923,24,0.6635,0
2026-09-04 18:30:00,LINE_A,MAT_A,19.923,3.519,3.743,19.698,28,0.7035,0
2026-09-04 18:30:00,LINE_A,MAT_B,15.923,3.519,3.743,15.698,24,0.6541,0
2026-09-04 18:45:00,LINE_A,MAT_A,19.698,3.866,3.407,20.157,28,0.7199,0
2026-09-04 18:45:00,LINE_A,MAT_B,15.698,3.866,3.407,16.157,24,0.6732,0
2026-09-04 19:00:00,LINE_A,MAT_A,20.157,3.0,2.875,20.282,28,0.7244,0
2026-09-04 19:00:00,LINE_A,MAT_B,16.157,3.0,2.875,16.282,24,0.6784,0
2026-09-04 19:15:00,LINE_A,MAT_A,20.282,3.23,3.061,20.451,28,0.7304,0
2026-09-04 19:15:00,LINE_A,MAT_B,16.282,3.23,3.061,16.451,24,0.6855,0
2026-09-04 19:30:00,LINE_A,MAT_A,20.451,3.739,3.762,20.428,28,0.7296,0
2026-09-04 19:30:00,LINE_A,MAT_B,16.451,3.739,3.762,16.428,24,0.6845,0
2026-09-04 19:45:00,LINE_A,MAT_A,20.428,3.416,3.704,20.14,28,0.7193,0
2026-09-04 19:45:00,LINE_A,MAT_B,16.428,3.416,3.704,16.14,24,0.6725,0
2026-09-04 20:00:00,LINE_A,MAT_A,20.14,3.488,3.475,20.153,28,0.7198,0
2026-09-04 20:00:00,LINE_A,MAT_B,16.14,3.488,3.475,16.153,24,0.6731,0
2026-09-04 20:15:00,LINE_A,MAT_A,20.153,3.345,3.376,20.122,28,0.7186,0
2026-09-04 20:15:00,LINE_A,MAT_B,16.153,3.345,3.376,16.122,24,0.6717,0
2026-09-04 20:30:00,LINE_A,MAT_A,20.122,3.434,3.397,20.159,28,0.72,0
2026-09-04 20:30:00,LINE_A,MAT_B,16.122,3.434,3.397,16.159,24,0.6733,0
2026-09-04 20:45:00,LINE_A,MAT_A,20.159,3.536,3.469,20.226,28,0.7224,0
2026-09-04 20:45:00,LINE_A,MAT_B,16.159,3.536,3.469,16.226,24,0.6761,0
2026-09-04 21:00:00,LINE_A,MAT_A,20.226,3.508,3.469,20.264,28,0.7237,0
2026-09-04 21:00:00,LINE_A,MAT_B,16.226,3.508,3.469,16.264,24,0.6777,0
2026-09-04 21:15:00,LINE_A,MAT_A,20.264,3.297,3.673,19.889,28,0.7103,0
2026-09-04 21:15:00,LINE_A,MAT_B,16.264,3.297,3.673,15.889,24,0.662,0
2026-09-04 21:30:00,LINE_A,MAT_A,19.889,3.161,3.289,19.76,28,0.7057,0
2026-09-04 21:30:00,LINE_A,MAT_B,15.889,3.161,3.289,15.76,24,0.6567,0
2026-09-04 21:45:00,LINE_A,MAT_A,19.76,3.463,3.602,19.621,28,0.7008,0
2026-09-04 21:45:00,LINE_A,MAT_B,15.76,3.463,3.602,15.621,24,0.6509,0
2026-09-04 22:00:00,LINE_A,MAT_A,19.621,2.904,2.777,19.749,28,0.7053,0
2026-09-04 22:00:00,LINE_A,MAT_B,15.621,2.904,2.777,15.749,24,0.6562,0
2026-09-04 22:15:00,LINE_A,MAT_A,19.749,2.788,2.656,19.882,28,0.7101,0
2026-09-04 22:15:00,LINE_A,MAT_B,15.749,2.788,2.656,15.882,24,0.6617,0
2026-09-04 22:30:00,LINE_A,MAT_A,19.882,2.409,2.853,19.437,28,0.6942,0
2026-09-04 22:30:00,LINE_A,MAT_B,15.882,2.409,2.853,15.437,24,0.6432,0
2026-09-04 22:45:00,LINE_A,MAT_A,19.437,2.624,2.737,19.324,28,0.6902,0
2026-09-04 22:45:00,LINE_A,MAT_B,15.437,2.624,2.737,15.324,24,0.6385,0
2026-09-04 23:00:00,LINE_A,MAT_A,19.324,2.93,2.754,19.501,28,0.6965,0
2026-09-04 23:00:00,LINE_A,MAT_B,15.324,2.93,2.754,15.501,24,0.6459,0
2026-09-04 23:15:00,LINE_A,MAT_A,19.501,2.621,2.745,19.377,28,0.692,0
2026-09-04 23:15:00,LINE_A,MAT_B,15.501,2.621,2.745,15.377,24,0.6407,0
2026-09-04 23:30:00,LINE_A,MAT_A,19.377,2.601,2.585,19.392,28,0.6926,0
2026-09-04 23:30:00,LINE_A,MAT_B,15.377,2.601,2.585,15.392,24,0.6413,0
2026-09-04 23:45:00,LINE_A,MAT_A,19.392,2.838,2.543,19.687,28,0.7031,0
2026-09-04 23:45:00,LINE_A,MAT_B,15.392,2.838,2.543,15.687,24,0.6536,0
2026-09-05 00:00:00,LINE_A,MAT_A,19.687,2.277,2.113,19.852,28,0.709,0
2026-09-05 00:00:00,LINE_A,MAT_B,15.687,2.277,2.113,15.852,24,0.6605,0
2026-09-05 00:15:00,LINE_A,MAT_A,19.852,2.274,2.05,20.076,28,0.717,0
2026-09-05 00:15:00,LINE_A,MAT_B,15.852,2.274,2.05,16.076,24,0.6698,0
2026-09-05 00:30:00,LINE_A,MAT_A,20.076,2.392,2.237,20.231,28,0.7225,0
2026-09-05 00:30:00,LINE_A,MAT_B,16.076,2.392,2.237,16.231,24,0.6763,0
2026-09-05 00:45:00,LINE_A,MAT_A,20.231,2.07,2.235,20.067,28,0.7167,0
2026-09-05 00:45:00,LINE_A,MAT_B,16.231,2.07,2.235,16.067,24,0.6695,0
2026-09-05 01:00:00,LINE_A,MAT_A,20.067,1.694,1.97,19.791,28,0.7068,0
2026-09-05 01:00:00,LINE_A,MAT_B,16.067,1.694,1.97,15.791,24,0.658,0
2026-09-05 01:15:00,LINE_A,MAT_A,19.791,2.179,2.368,19.603,28,0.7001,0
2026-09-05 01:15:00,LINE_A,MAT_B,15.791,2.179,2.368,15.603,24,0.6501,0
2026-09-05 01:30:00,LINE_A,MAT_A,19.603,2.293,2.357,19.538,28,0.6978,0
2026-09-05 01:30:00,LINE_A,MAT_B,15.603,2.293,2.357,15.538,24,0.6474,0
2026-09-05 01:45:00,LINE_A,MAT_A,19.538,2.331,2.201,19.669,28,0.7024,0
2026-09-05 01:45:00,LINE_A,MAT_B,15.538,2.331,2.201,15.669,24,0.6529,0
2026-09-05 02:00:00,LINE_A,MAT_A,19.669,2.085,2.099,19.655,28,0.702,0
2026-09-05 02:00:00,LINE_A,MAT_B,15.669,2.085,2.099,15.655,24,0.6523,0
2026-09-05 02:15:00,LINE_A,MAT_A,19.655,2.243,2.113,19.785,28,0.7066,0
2026-09-05 02:15:00,LINE_A,MAT_B,15.655,2.243,2.113,15.785,24,0.6577,0
2026-09-05 02:30:00,LINE_A,MAT_A,19.785,2.256,2.288,19.754,28,0.7055,0
2026-09-05 02:30:00,LINE_A,MAT_B,15.785,2.256,2.288,15.754,24,0.6564,0
2026-09-05 02:45:00,LINE_A,MAT_A,19.754,2.111,2.208,19.657,28,0.702,0
2026-09-05 02:45:00,LINE_A,MAT_B,15.754,2.111,2.208,15.657,24,0.6524,0
2026-09-05 03:00:00,LINE_A,MAT_A,19.657,2.191,2.142,19.706,28,0.7038,0
2026-09-05 03:00:00,LINE_A,MAT_B,15.657,2.191,2.142,15.706,24,0.6544,0
2026-09-05 03:15:00,LINE_A,MAT_A,19.706,2.444,2.178,19.971,28,0.7133,0
2026-09-05 03:15:00,LINE_A,MAT_B,15.706,2.444,2.178,15.971,24,0.6655,0
2026-09-05 03:30:00,LINE_A,MAT_A,19.971,2.09,2.069,19.993,28,0.714,0
2026-09-05 03:30:00,LINE_A,MAT_B,15.971,2.09,2.069,15.993,24,0.6664,0
2026-09-05 03:45:00,LINE_A,MAT_A,19.993,1.894,2.175,19.712,28,0.704,0
2026-09-05 03:45:00,LINE_A,MAT_B,15.993,1.894,2.175,15.712,24,0.6547,0
2026-09-05 04:00:00,LINE_A,MAT_A,19.712,2.214,2.337,19.589,28,0.6996,0
2026-09-05 04:00:00,LINE_A,MAT_B,15.712,2.214,2.337,15.589,24,0.6495,0
2026-09-05 04:15:00,LINE_A,MAT_A,19.589,2.159,2.191,19.558,28,0.6985,0
2026-09-05 04:15:00,LINE_A,MAT_B,15.589,2.159,2.191,15.558,24,0.6482,0
2026-09-05 04:30:00,LINE_A,MAT_A,19.558,2.141,2.188,19.511,28,0.6968,0
2026-09-05 04:30:00,LINE_A,MAT_B,15.558,2.141,2.188,15.511,24,0.6463,0
2026-09-05 04:45:00,LINE_A,MAT_A,19.511,2.033,2.103,19.441,28,0.6943,0
2026-09-05 04:45:00,LINE_A,MAT_B,15.511,2.033,2.103,15.441,24,0.6434,0
2026-09-05 05:00:00,LINE_A,MAT_A,19.441,2.161,2.333,19.27,28,0.6882,0
2026-09-05 05:00:00,LINE_A,MAT_B,15.441,2.161,2.333,15.27,24,0.6362,0
2026-09-05 05:15:00,LINE_A,MAT_A,19.27,2.332,2.193,19.409,28,0.6932,0
2026-09-05 05:15:00,LINE_A,MAT_B,15.27,2.332,2.193,15.409,24,0.642,0
2026-09-05 05:30:00,LINE_A,MAT_A,19.409,2.051,2.424,19.035,28,0.6798,0
2026-09-05 05:30:00,LINE_A,MAT_B,15.409,2.051,2.424,15.035,24,0.6265,0
2026-09-05 05:45:00,LINE_A,MAT_A,19.035,2.238,2.262,19.012,28,0.679,0
2026-09-05 05:45:00,LINE_A,MAT_B,15.035,2.238,2.262,15.012,24,0.6255,0
2026-09-05 06:00:00,LINE_A,MAT_A,19.012,2.749,2.661,19.099,28,0.6821,0
2026-09-05 06:00:00,LINE_A,MAT_B,15.012,2.749,2.661,15.099,24,0.6291,0
2026-09-05 06:15:00,LINE_A,MAT_A,19.099,2.897,2.674,19.323,28,0.6901,0
2026-09-05 06:15:00,LINE_A,MAT_B,15.099,2.897,2.674,15.323,24,0.6384,0
2026-09-05 06:30:00,LINE_A,MAT_A,19.323,2.95,2.749,19.523,28,0.6973,0
2026-09-05 06:30:00,LINE_A,MAT_B,15.323,2.95,2.749,15.523,24,0.6468,0
2026-09-05 06:45:00,LINE_A,MAT_A,19.523,2.38,2.729,19.174,28,0.6848,0
2026-09-05 06:45:00,LINE_A,MAT_B,15.523,2.38,2.729,15.174,24,0.6323,0
2026-09-05 07:00:00,LINE_A,MAT_A,19.174,2.683,2.713,19.144,28,0.6837,0
2026-09-05 07:00:00,LINE_A,MAT_B,15.174,2.683,2.713,15.144,24,0.631,0
2026-09-05 07:15:00,LINE_A,MAT_A,19.144,3.114,2.855,19.403,28,0.693,0
2026-09-05 07:15:00,LINE_A,MAT_B,15.144,3.114,2.855,15.403,24,0.6418,0
2026-09-05 07:30:00,LINE_A,MAT_A,19.403,3.087,2.714,19.776,28,0.7063,0
2026-09-05 07:30:00,LINE_A,MAT_B,15.403,3.087,2.714,15.776,24,0.6573,0
2026-09-05 07:45:00,LINE_A,MAT_A,19.776,2.591,2.693,19.674,28,0.7027,0
2026-09-05 07:45:00,LINE_A,MAT_B,15.776,2.591,2.693,15.674,24,0.6531,0
2026-09-05 08:00:00,LINE_A,MAT_A,19.674,2.835,2.801,19.708,28,0.7039,0
2026-09-05 08:00:00,LINE_A,MAT_B,15.674,2.835,2.801,15.708,24,0.6545,0
2026-09-05 08:15:00,LINE_A,MAT_A,19.708,2.738,2.784,19.662,28,0.7022,0
2026-09-05 08:15:00,LINE_A,MAT_B,15.708,2.738,2.784,15.662,24,0.6526,0
2026-09-05 08:30:00,LINE_A,MAT_A,19.662,2.63,2.759,19.533,28,0.6976,0
2026-09-05 08:30:00,LINE_A,MAT_B,15.662,2.63,2.759,15.533,24,0.6472,0
2026-09-05 08:45:00,LINE_A,MAT_A,19.533,2.79,2.947,19.376,28,0.692,0
2026-09-05 08:45:00,LINE_A,MAT_B,15.533,2.79,2.947,15.376,24,0.6407,0
2026-09-05 09:00:00,LINE_A,MAT_A,19.376,2.944,2.853,19.467,28,0.6953,0
2026-09-05 09:00:00,LINE_A,MAT_B,15.376,2.944,2.853,15.467,24,0.6445,0
2026-09-05 09:15:00,LINE_A,MAT_A,19.467,2.757,2.703,19.522,28,0.6972,0
2026-09-05 09:15:00,LINE_A,MAT_B,15.467,2.757,2.703,15.522,24,0.6467,0
2026-09-05 09:30:00,LINE_A,MAT_A,19.522,2.744,2.984,19.282,28,0.6886,0
2026-09-05 09:30:00,LINE_A,MAT_B,15.522,2.744,2.984,15.282,24,0.6367,0
2026-09-05 09:45:00,LINE_A,MAT_A,19.282,2.752,2.905,19.128,28,0.6832,0
2026-09-05 09:45:00,LINE_A,MAT_B,15.282,2.752,2.905,15.128,24,0.6303,0
2026-09-05 10:00:00,LINE_A,MAT_A,19.128,2.486,2.834,18.781,28,0.6707,0
2026-09-05 10:00:00,LINE_A,MAT_B,15.128,2.486,2.834,14.781,24,0.6159,0
2026-09-05 10:15:00,LINE_A,MAT_A,18.781,2.506,2.836,18.451,28,0.659,0
2026-09-05 10:15:00,LINE_A,MAT_B,14.781,2.506,2.836,14.451,24,0.6021,0
2026-09-05 10:30:00,LINE_A,MAT_A,18.451,2.322,2.995,17.777,28,0.6349,0
2026-09-05 10:30:00,LINE_A,MAT_B,14.451,2.322,2.995,13.777,24,0.5741,0
2026-09-05 10:45:00,LINE_A,MAT_A,17.777,2.517,2.74,17.555,28,0.627,0
2026-09-05 10:45:00,LINE_A,MAT_B,13.777,2.517,2.74,13.555,24,0.5648,0
2026-09-05 11:00:00,LINE_A,MAT_A,17.555,2.539,2.875,17.219,28,0.615,0
2026-09-05 11:00:00,LINE_A,MAT_B,13.555,2.539,2.875,13.219,24,0.5508,0
2026-09-05 11:15:00,LINE_A,MAT_A,17.219,3.06,3.05,17.229,28,0.6153,0
2026-09-05 11:15:00,LINE_A,MAT_B,13.219,3.06,3.05,13.229,24,0.5512,0
2026-09-05 11:30:00,LINE_A,MAT_A,17.229,2.982,2.587,17.624,28,0.6294,0
2026-09-05 11:30:00,LINE_A,MAT_B,13.229,2.982,2.587,13.624,24,0.5676,0
2026-09-05 11:45:00,LINE_A,MAT_A,17.624,4.374,2.356,19.642,28,0.7015,0
2026-09-05 11:45:00,LINE_A,MAT_B,13.624,4.374,2.356,15.642,24,0.6517,0
2026-09-05 12:00:00,LINE_A,MAT_A,19.642,4.388,2.825,21.205,28,0.7573,0
2026-09-05 12:00:00,LINE_A,MAT_B,15.642,4.388,2.825,17.205,24,0.7169,0
2026-09-05 12:15:00,LINE_A,MAT_A,21.205,4.459,2.941,22.723,28,0.8115,0
2026-09-05 12:15:00,LINE_A,MAT_B,17.205,4.459,2.941,18.723,24,0.7801,0
2026-09-05 12:30:00,LINE_A,MAT_A,22.723,4.819,2.899,24.643,28,0.8801,0
2026-09-05 12:30:00,LINE_A,MAT_B,18.723,4.819,2.899,20.643,24,0.8601,0
2026-09-05 12:45:00,LINE_A,MAT_A,24.643,3.2,2.834,25.008,28,0.8932,0
2026-09-05 12:45:00,LINE_A,MAT_B,20.643,3.2,2.834,21.008,24,0.8754,0
2026-09-05 13:00:00,LINE_A,MAT_A,25.008,2.977,2.967,25.019,28,0.8935,0
2026-09-05 13:00:00,LINE_A,MAT_B,21.008,2.977,2.967,21.019,24,0.8758,0
2026-09-05 13:15:00,LINE_A,MAT_A,25.019,3.022,2.978,25.022,28,0.8936,0
2026-09-05 13:15:00,LINE_A,MAT_B,21.019,3.022,2.978,21.022,24,0.8759,0
2026-09-05 13:30:00,LINE_A,MAT_A,25.022,2.815,3.036,24.801,28,0.8857,0
2026-09-05 13:30:00,LINE_A,MAT_B,21.022,2.815,3.036,20.801,24,0.8667,0
2026-09-05 13:45:00,LINE_A,MAT_A,24.801,2.88,2.937,24.745,28,0.8837,0
2026-09-05 13:45:00,LINE_A,MAT_B,20.801,2.88,2.937,20.745,24,0.8644,0
2026-09-05 14:00:00,LINE_A,MAT_A,24.745,3.007,3.294,24.457,28,0.8735,0
2026-09-05 14:00:00,LINE_A,MAT_B,20.745,3.007,3.294,20.457,24,0.8524,0
2026-09-05 14:15:00,LINE_A,MAT_A,24.457,3.234,3.159,24.533,28,0.8762,0
2026-09-05 14:15:00,LINE_A,MAT_B,20.457,3.234,3.159,20.533,24,0.8555,0
2026-09-05 14:30:00,LINE_A,MAT_A,24.533,3.103,3.399,24.237,28,0.8656,0
2026-09-05 14:30:00,LINE_A,MAT_B,20.533,3.103,3.399,20.237,24,0.8432,0
2026-09-05 14:45:00,LINE_A,MAT_A,24.237,2.878,3.059,24.056,28,0.8591,0
2026-09-05 14:45:00,LINE_A,MAT_B,20.237,2.878,3.059,20.056,24,0.8357,0
2026-09-05 15:00:00,LINE_A,MAT_A,24.056,3.106,3.228,23.935,28,0.8548,0
2026-09-05 15:00:00,LINE_A,MAT_B,20.056,3.106,3.228,19.935,24,0.8306,0
2026-09-05 15:15:00,LINE_A,MAT_A,23.935,2.956,2.87,24.021,28,0.8579,0
2026-09-05 15:15:00,LINE_A,MAT_B,19.935,2.956,2.87,20.021,24,0.8342,0
2026-09-05 15:30:00,LINE_A,MAT_A,24.021,2.8,3.021,23.8,28,0.85,0
2026-09-05 15:30:00,LINE_A,MAT_B,20.021,2.8,3.021,19.8,24,0.825,0
2026-09-05 15:45:00,LINE_A,MAT_A,23.8,3.338,3.147,23.991,28,0.8568,0
2026-09-05 15:45:00,LINE_A,MAT_B,19.8,3.338,3.147,19.991,24,0.833,0
2026-09-05 16:00:00,LINE_A,MAT_A,23.991,3.286,2.907,24.369,28,0.8703,0
2026-09-05 16:00:00,LINE_A,MAT_B,19.991,3.286,2.907,20.369,24,0.8487,0
2026-09-05 16:15:00,LINE_A,MAT_A,24.369,3.033,3.083,24.32,28,0.8686,0
2026-09-05 16:15:00,LINE_A,MAT_B,20.369,3.033,3.083,20.32,24,0.8467,0
2026-09-05 16:30:00,LINE_A,MAT_A,24.32,3.006,3.037,24.288,28,0.8674,0
2026-09-05 16:30:00,LINE_A,MAT_B,20.32,3.006,3.037,20.288,24,0.8453,0
2026-09-05 16:45:00,LINE_A,MAT_A,24.288,2.939,3.06,24.168,28,0.8631,0
2026-09-05 16:45:00,LINE_A,MAT_B,20.288,2.939,3.06,20.168,24,0.8403,0
2026-09-05 17:00:00,LINE_A,MAT_A,24.168,2.879,3.159,23.887,28,0.8531,0
2026-09-05 17:00:00,LINE_A,MAT_B,20.168,2.879,3.159,19.887,24,0.8286,0
2026-09-05 17:15:00,LINE_A,MAT_A,23.887,3.007,2.993,23.902,28,0.8536,0
2026-09-05 17:15:00,LINE_A,MAT_B,19.887,3.007,2.993,19.902,24,0.8292,0
2026-09-05 17:30:00,LINE_A,MAT_A,23.902,2.916,2.87,23.948,28,0.8553,0
2026-09-05 17:30:00,LINE_A,MAT_B,19.902,2.916,2.87,19.948,24,0.8312,0
2026-09-05 17:45:00,LINE_A,MAT_A,23.948,2.893,2.883,23.958,28,0.8557,0
2026-09-05 17:45:00,LINE_A,MAT_B,19.948,2.893,2.883,19.958,24,0.8316,0
2026-09-05 18:00:00,LINE_A,MAT_A,23.958,3.201,2.78,24.379,28,0.8707,0
2026-09-05 18:00:00,LINE_A,MAT_B,19.958,3.201,2.78,20.379,24,0.8491,0
2026-09-05 18:15:00,LINE_A,MAT_A,24.379,2.77,3.028,24.12,28,0.8614,0
2026-09-05 18:15:00,LINE_A,MAT_B,20.379,2.77,3.028,20.12,24,0.8383,0
2026-09-05 18:30:00,LINE_A,MAT_A,24.12,3.024,2.894,24.25,28,0.8661,0
2026-09-05 18:30:00,LINE_A,MAT_B,20.12,3.024,2.894,20.25,24,0.8438,0
2026-09-05 18:45:00,LINE_A,MAT_A,24.25,3.043,3.073,24.22,28,0.865,0
2026-09-05 18:45:00,LINE_A,MAT_B,20.25,3.043,3.073,20.22,24,0.8425,0
2026-09-05 19:00:00,LINE_A,MAT_A,24.22,2.158,2.876,23.502,28,0.8394,0
2026-09-05 19:00:00,LINE_A,MAT_B,20.22,2.158,2.876,19.502,24,0.8126,0
2026-09-05 19:15:00,LINE_A,MAT_A,23.502,2.391,2.702,23.191,28,0.8283,0
2026-09-05 19:15:00,LINE_A,MAT_B,19.502,2.391,2.702,19.191,24,0.7996,0
2026-09-05 19:30:00,LINE_A,MAT_A,23.191,2.962,3.079,23.075,28,0.8241,0
2026-09-05 19:30:00,LINE_A,MAT_B,19.191,2.962,3.079,19.075,24,0.7948,0
2026-09-05 19:45:00,LINE_A,MAT_A,23.075,2.857,3.082,22.85,28,0.8161,0
2026-09-05 19:45:00,LINE_A,MAT_B,19.075,2.857,3.082,18.85,24,0.7854,0
2026-09-05 20:00:00,LINE_A,MAT_A,22.85,3.045,3.12,22.775,28,0.8134,0
2026-09-05 20:00:00,LINE_A,MAT_B,18.85,3.045,3.12,18.775,24,0.7823,0
2026-09-05 20:15:00,LINE_A,MAT_A,22.775,2.994,2.92,22.849,28,0.816,0
2026-09-05 20:15:00,LINE_A,MAT_B,18.775,2.994,2.92,18.849,24,0.7854,0
2026-09-05 20:30:00,LINE_A,MAT_A,22.849,2.543,2.906,22.485,28,0.803,0
2026-09-05 20:30:00,LINE_A,MAT_B,18.849,2.543,2.906,18.485,24,0.7702,0
2026-09-05 20:45:00,LINE_A,MAT_A,22.485,3.005,2.847,22.643,28,0.8087,0
2026-09-05 20:45:00,LINE_A,MAT_B,18.485,3.005,2.847,18.643,24,0.7768,0
2026-09-05 21:00:00,LINE_A,MAT_A,22.643,2.778,2.838,22.583,28,0.8065,0
2026-09-05 21:00:00,LINE_A,MAT_B,18.643,2.778,2.838,18.583,24,0.7743,0
2026-09-05 21:15:00,LINE_A,MAT_A,22.583,2.787,2.736,22.634,28,0.8083,0
2026-09-05 21:15:00,LINE_A,MAT_B,18.583,2.787,2.736,18.634,24,0.7764,0
2026-09-05 21:30:00,LINE_A,MAT_A,22.634,2.874,2.717,22.791,28,0.814,0
2026-09-05 21:30:00,LINE_A,MAT_B,18.634,2.874,2.717,18.791,24,0.783,0
2026-09-05 21:45:00,LINE_A,MAT_A,22.791,3.209,2.815,23.185,28,0.828,0
2026-09-05 21:45:00,LINE_A,MAT_B,18.791,3.209,2.815,19.185,24,0.7994,0
2026-09-05 22:00:00,LINE_A,MAT_A,23.185,2.297,2.033,23.45,28,0.8375,0
2026-09-05 22:00:00,LINE_A,MAT_B,19.185,2.297,2.033,19.45,24,0.8104,0
2026-09-05 22:15:00,LINE_A,MAT_A,23.45,1.996,2.322,23.124,28,0.8259,0
2026-09-05 22:15:00,LINE_A,MAT_B,19.45,1.996,2.322,19.124,24,0.7968,0
2026-09-05 22:30:00,LINE_A,MAT_A,23.124,2.116,2.202,23.039,28,0.8228,0
2026-09-05 22:30:00,LINE_A,MAT_B,19.124,2.116,2.202,19.039,24,0.7933,0
2026-09-05 22:45:00,LINE_A,MAT_A,23.039,2.048,2.203,22.884,28,0.8173,0
2026-09-05 22:45:00,LINE_A,MAT_B,19.039,2.048,2.203,18.884,24,0.7868,0
2026-09-05 23:00:00,LINE_A,MAT_A,22.884,2.284,2.116,23.052,28,0.8233,0
2026-09-05 23:00:00,LINE_A,MAT_B,18.884,2.284,2.116,19.052,24,0.7938,0
2026-09-05 23:15:00,LINE_A,MAT_A,23.052,1.989,2.31,22.731,28,0.8118,0
2026-09-05 23:15:00,LINE_A,MAT_B,19.052,1.989,2.31,18.731,24,0.7804,0
2026-09-05 23:30:00,LINE_A,MAT_A,22.731,2.117,2.28,22.567,28,0.806,0
2026-09-05 23:30:00,LINE_A,MAT_B,18.731,2.117,2.28,18.567,24,0.7736,0
2026-09-05 23:45:00,LINE_A,MAT_A,22.567,2.15,2.011,22.706,28,0.8109,0
2026-09-05 23:45:00,LINE_A,MAT_B,18.567,2.15,2.011,18.706,24,0.7794,0
2026-09-06 00:00:00,LINE_A,MAT_A,22.706,2.379,2.281,22.805,28,0.8145,0
2026-09-06 00:00:00,LINE_A,MAT_B,18.706,2.379,2.281,18.805,24,0.7835,0
2026-09-06 00:15:00,LINE_A,MAT_A,22.805,2.305,2.272,22.838,28,0.8156,0
2026-09-06 00:15:00,LINE_A,MAT_B,18.805,2.305,2.272,18.838,24,0.7849,0
2026-09-06 00:30:00,LINE_A,MAT_A,22.838,2.038,2.123,22.752,28,0.8126,0
2026-09-06 00:30:00,LINE_A,MAT_B,18.838,2.038,2.123,18.752,24,0.7813,0
2026-09-06 00:45:00,LINE_A,MAT_A,22.752,2.049,2.032,22.77,28,0.8132,0
2026-09-06 00:45:00,LINE_A,MAT_B,18.752,2.049,2.032,18.77,24,0.7821,0
2026-09-06 01:00:00,LINE_A,MAT_A,22.77,2.056,2.279,22.546,28,0.8052,0
2026-09-06 01:00:00,LINE_A,MAT_B,18.77,2.056,2.279,18.546,24,0.7728,0
2026-09-06 01:15:00,LINE_A,MAT_A,22.546,2.017,2.069,22.494,28,0.8034,0
2026-09-06 01:15:00,LINE_A,MAT_B,18.546,2.017,2.069,18.494,24,0.7706,0
2026-09-06 01:30:00,LINE_A,MAT_A,22.494,1.835,2.187,22.142,28,0.7908,0
2026-09-06 01:30:00,LINE_A,MAT_B,18.494,1.835,2.187,18.142,24,0.7559,0
2026-09-06 01:45:00,LINE_A,MAT_A,22.142,2.293,2.301,22.134,28,0.7905,0
2026-09-06 01:45:00,LINE_A,MAT_B,18.142,2.293,2.301,18.134,24,0.7556,0
2026-09-06 02:00:00,LINE_A,MAT_A,22.134,2.025,1.898,22.261,28,0.7951,0
2026-09-06 02:00:00,LINE_A,MAT_B,18.134,2.025,1.898,18.261,24,0.7609,0
2026-09-06 02:15:00,LINE_A,MAT_A,22.261,2.104,2.437,21.928,28,0.7831,0
2026-09-06 02:15:00,LINE_A,MAT_B,18.261,2.104,2.437,17.928,24,0.747,0
2026-09-06 02:30:00,LINE_A,MAT_A,21.928,2.027,2.035,21.92,28,0.7829,0
2026-09-06 02:30:00,LINE_A,MAT_B,17.928,2.027,2.035,17.92,24,0.7467,0
2026-09-06 02:45:00,LINE_A,MAT_A,21.92,2.213,2.328,21.805,28,0.7787,0
2026-09-06 02:45:00,LINE_A,MAT_B,17.92,2.213,2.328,17.805,24,0.7419,0
2026-09-06 03:00:00,LINE_A,MAT_A,21.805,2.415,2.178,22.042,28,0.7872,0
2026-09-06 03:00:00,LINE_A,MAT_B,17.805,2.415,2.178,18.042,24,0.7518,0
2026-09-06 03:15:00,LINE_A,MAT_A,22.042,2.056,2.209,21.89,28,0.7818,0
2026-09-06 03:15:00,LINE_A,MAT_B,18.042,2.056,2.209,17.89,24,0.7454,0
2026-09-06 03:30:00,LINE_A,MAT_A,21.89,2.503,2.048,22.344,28,0.798,0
2026-09-06 03:30:00,LINE_A,MAT_B,17.89,2.503,2.048,18.344,24,0.7643,0
2026-09-06 03:45:00,LINE_A,MAT_A,22.344,1.671,2.111,21.904,28,0.7823,0
2026-09-06 03:45:00,LINE_A,MAT_B,18.344,1.671,2.111,17.904,24,0.746,0
2026-09-06 04:00:00,LINE_A,MAT_A,21.904,2.118,2.471,21.552,28,0.7697,0
2026-09-06 04:00:00,LINE_A,MAT_B,17.904,2.118,2.471,17.552,24,0.7313,0
2026-09-06 04:15:00,LINE_A,MAT_A,21.552,2.174,2.498,21.227,28,0.7581,0
2026-09-06 04:15:00,LINE_A,MAT_B,17.552,2.174,2.498,17.227,24,0.7178,0
2026-09-06 04:30:00,LINE_A,MAT_A,21.227,2.142,2.131,21.239,28,0.7585,0
2026-09-06 04:30:00,LINE_A,MAT_B,17.227,2.142,2.131,17.239,24,0.7183,0
2026-09-06 04:45:00,LINE_A,MAT_A,21.239,2.384,2.158,21.464,28,0.7666,0
2026-09-06 04:45:00,LINE_A,MAT_B,17.239,2.384,2.158,17.464,24,0.7277,0
2026-09-06 05:00:00,LINE_A,MAT_A,21.464,2.383,2.269,21.579,28,0.7707,0
2026-09-06 05:00:00,LINE_A,MAT_B,17.464,2.383,2.269,17.579,24,0.7324,0
2026-09-06 05:15:00,LINE_A,MAT_A,21.579,2.485,2.38,21.683,28,0.7744,0
2026-09-06 05:15:00,LINE_A,MAT_B,17.579,2.485,2.38,17.683,24,0.7368,0
2026-09-06 05:30:00,LINE_A,MAT_A,21.683,2.296,2.112,21.867,28,0.781,0
2026-09-06 05:30:00,LINE_A,MAT_B,17.683,2.296,2.112,17.867,24,0.7445,0
2026-09-06 05:45:00,LINE_A,MAT_A,21.867,2.113,2.358,21.622,28,0.7722,0
2026-09-06 05:45:00,LINE_A,MAT_B,17.867,2.113,2.358,17.622,24,0.7343,0
2026-09-06 06:00:00,LINE_A,MAT_A,21.622,2.728,2.444,21.907,28,0.7824,0
2026-09-06 06:00:00,LINE_A,MAT_B,17.622,2.728,2.444,17.907,24,0.7461,0
2026-09-06 06:15:00,LINE_A,MAT_A,21.907,2.825,2.807,21.926,28,0.7831,0
2026-09-06 06:15:00,LINE_A,MAT_B,17.907,2.825,2.807,17.926,24,0.7469,0
2026-09-06 06:30:00,LINE_A,MAT_A,21.926,2.771,2.605,22.092,28,0.789,0
2026-09-06 06:30:00,LINE_A,MAT_B,17.926,2.771,2.605,18.092,24,0.7538,0
2026-09-06 06:45:00,LINE_A,MAT_A,22.092,2.98,2.889,22.183,28,0.7922,0
2026-09-06 06:45:00,LINE_A,MAT_B,18.092,2.98,2.889,18.183,24,0.7576,0
2026-09-06 07:00:00,LINE_A,MAT_A,22.183,2.593,2.616,22.159,28,0.7914,0
2026-09-06 07:00:00,LINE_A,MAT_B,18.183,2.593,2.616,18.159,24,0.7566,0
2026-09-06 07:15:00,LINE_A,MAT_A,22.159,2.642,2.908,21.893,28,0.7819,0
2026-09-06 07:15:00,LINE_A,MAT_B,18.159,2.642,2.908,17.893,24,0.7456,0
2026-09-06 07:30:00,LINE_A,MAT_A,21.893,2.936,2.446,22.383,28,0.7994,0
2026-09-06 07:30:00,LINE_A,MAT_B,17.893,2.936,2.446,18.383,24,0.766,0
2026-09-06 07:45:00,LINE_A,MAT_A,22.383,3.132,3.025,22.49,28,0.8032,0
2026-09-06 07:45:00,LINE_A,MAT_B,18.383,3.132,3.025,18.49,24,0.7704,0
2026-09-06 08:00:00,LINE_A,MAT_A,22.49,2.679,2.511,22.658,28,0.8092,0
2026-09-06 08:00:00,LINE_A,MAT_B,18.49,2.679,2.511,18.658,24,0.7774,0
2026-09-06 08:15:00,LINE_A,MAT_A,22.658,2.807,2.567,22.898,28,0.8178,0
2026-09-06 08:15:00,LINE_A,MAT_B,18.658,2.807,2.567,18.898,24,0.7874,0
2026-09-06 08:30:00,LINE_A,MAT_A,22.898,2.94,2.791,23.048,28,0.8231,0
2026-09-06 08:30:00,LINE_A,MAT_B,18.898,2.94,2.791,19.048,24,0.7936,0
2026-09-06 08:45:00,LINE_A,MAT_A,23.048,2.896,2.629,23.314,28,0.8326,0
2026-09-06 08:45:00,LINE_A,MAT_B,19.048,2.896,2.629,19.314,24,0.8047,0
2026-09-06 09:00:00,LINE_A,MAT_A,23.314,2.945,2.79,23.468,28,0.8382,0
2026-09-06 09:00:00,LINE_A,MAT_B,19.314,2.945,2.79,19.468,24,0.8112,0
2026-09-06 09:15:00,LINE_A,MAT_A,23.468,2.672,2.949,23.192,28,0.8283,0
2026-09-06 09:15:00,LINE_A,MAT_B,19.468,2.672,2.949,19.192,24,0.7997,0
2026-09-06 09:30:00,LINE_A,MAT_A,23.192,3.02,2.93,23.282,28,0.8315,0
2026-09-06 09:30:00,LINE_A,MAT_B,19.192,3.02,2.93,19.282,24,0.8034,0
2026-09-06 09:45:00,LINE_A,MAT_A,23.282,3.153,3.006,23.428,28,0.8367,0
2026-09-06 09:45:00,LINE_A,MAT_B,19.282,3.153,3.006,19.428,24,0.8095,0
2026-09-06 10:00:00,LINE_A,MAT_A,23.428,3.053,2.769,23.713,28,0.8469,0
2026-09-06 10:00:00,LINE_A,MAT_B,19.428,3.053,2.769,19.713,24,0.8214,0
2026-09-06 10:15:00,LINE_A,MAT_A,23.713,2.764,2.795,23.682,28,0.8458,0
2026-09-06 10:15:00,LINE_A,MAT_B,19.713,2.764,2.795,19.682,24,0.8201,0
2026-09-06 10:30:00,LINE_A,MAT_A,23.682,2.659,2.852,23.489,28,0.8389,0
2026-09-06 10:30:00,LINE_A,MAT_B,19.682,2.659,2.852,19.489,24,0.812,0
2026-09-06 10:45:00,LINE_A,MAT_A,23.489,2.834,2.799,23.524,28,0.8401,0
2026-09-06 10:45:00,LINE_A,MAT_B,19.489,2.834,2.799,19.524,24,0.8135,0
2026-09-06 11:00:00,LINE_A,MAT_A,23.524,2.752,2.916,23.359,28,0.8343,0
2026-09-06 11:00:00,LINE_A,MAT_B,19.524,2.752,2.916,19.359,24,0.8066,0
2026-09-06 11:15:00,LINE_A,MAT_A,23.359,3.004,2.844,23.519,28,0.84,0
2026-09-06 11:15:00,LINE_A,MAT_B,19.359,3.004,2.844,19.519,24,0.8133,0
2026-09-06 11:30:00,LINE_A,MAT_A,23.519,2.442,2.637,23.324,28,0.833,0
2026-09-06 11:30:00,LINE_A,MAT_B,19.519,2.442,2.637,19.324,24,0.8052,0
2026-09-06 11:45:00,LINE_A,MAT_A,23.324,2.341,2.417,23.249,28,0.8303,0
2026-09-06 11:45:00,LINE_A,MAT_B,19.324,2.341,2.417,19.249,24,0.802,0
2026-09-06 12:00:00,LINE_A,MAT_A,23.249,2.93,2.892,23.286,28,0.8317,0
2026-09-06 12:00:00,LINE_A,MAT_B,19.249,2.93,2.892,19.286,24,0.8036,0
2026-09-06 12:15:00,LINE_A,MAT_A,23.286,2.723,2.992,23.017,28,0.822,0
2026-09-06 12:15:00,LINE_A,MAT_B,19.286,2.723,2.992,19.017,24,0.7924,0
2026-09-06 12:30:00,LINE_A,MAT_A,23.017,2.7,2.835,22.882,28,0.8172,0
2026-09-06 12:30:00,LINE_A,MAT_B,19.017,2.7,2.835,18.882,24,0.7868,0
2026-09-06 12:45:00,LINE_A,MAT_A,22.882,2.835,3.033,22.684,28,0.8102,0
2026-09-06 12:45:00,LINE_A,MAT_B,18.882,2.835,3.033,18.684,24,0.7785,0
2026-09-06 13:00:00,LINE_A,MAT_A,22.684,2.556,2.963,22.278,28,0.7956,0
2026-09-06 13:00:00,LINE_A,MAT_B,18.684,2.556,2.963,18.278,24,0.7616,0
2026-09-06 13:15:00,LINE_A,MAT_A,22.278,2.864,2.794,22.348,28,0.7981,0
2026-09-06 13:15:00,LINE_A,MAT_B,18.278,2.864,2.794,18.348,24,0.7645,0
2026-09-06 13:30:00,LINE_A,MAT_A,22.348,3.038,3.003,22.382,28,0.7994,0
2026-09-06 13:30:00,LINE_A,MAT_B,18.348,3.038,3.003,18.382,24,0.7659,0
2026-09-06 13:45:00,LINE_A,MAT_A,22.382,3.042,2.954,22.471,28,0.8025,0
2026-09-06 13:45:00,LINE_A,MAT_B,18.382,3.042,2.954,18.471,24,0.7696,0
2026-09-06 14:00:00,LINE_A,MAT_A,22.471,3.011,3.208,22.274,28,0.7955,0
2026-09-06 14:00:00,LINE_A,MAT_B,18.471,3.011,3.208,18.274,24,0.7614,0
2026-09-06 14:15:00,LINE_A,MAT_A,22.274,3.055,3.188,22.141,28,0.7907,0
2026-09-06 14:15:00,LINE_A,MAT_B,18.274,3.055,3.188,18.141,24,0.7559,0
2026-09-06 14:30:00,LINE_A,MAT_A,22.141,3.268,2.898,22.511,28,0.8039,0
2026-09-06 14:30:00,LINE_A,MAT_B,18.141,3.268,2.898,18.511,24,0.7713,0
2026-09-06 14:45:00,LINE_A,MAT_A,22.511,3.058,3.248,22.32,28,0.7972,0
2026-09-06 14:45:00,LINE_A,MAT_B,18.511,3.058,3.248,18.32,24,0.7633,0
2026-09-06 15:00:00,LINE_A,MAT_A,22.32,3.151,3.115,22.357,28,0.7985,0
2026-09-06 15:00:00,LINE_A,MAT_B,18.32,3.151,3.115,18.357,24,0.7649,0
2026-09-06 15:15:00,LINE_A,MAT_A,22.357,2.878,2.787,22.448,28,0.8017,0
2026-09-06 15:15:00,LINE_A,MAT_B,18.357,2.878,2.787,18.448,24,0.7687,0
2026-09-06 15:30:00,LINE_A,MAT_A,22.448,3.553,3.078,22.923,28,0.8187,0
2026-09-06 15:30:00,LINE_A,MAT_B,18.448,3.553,3.078,18.923,24,0.7884,0
2026-09-06 15:45:00,LINE_A,MAT_A,22.923,2.923,2.953,22.893,28,0.8176,0
2026-09-06 15:45:00,LINE_A,MAT_B,18.923,2.923,2.953,18.893,24,0.7872,0
2026-09-06 16:00:00,LINE_A,MAT_A,22.893,2.986,3.28,22.599,28,0.8071,0
2026-09-06 16:00:00,LINE_A,MAT_B,18.893,2.986,3.28,18.599,24,0.775,0
2026-09-06 16:15:00,LINE_A,MAT_A,22.599,2.991,3.048,22.543,28,0.8051,0
2026-09-06 16:15:00,LINE_A,MAT_B,18.599,2.991,3.048,18.543,24,0.7726,0
2026-09-06 16:30:00,LINE_A,MAT_A,22.543,2.997,3.069,22.471,28,0.8025,0
2026-09-06 16:30:00,LINE_A,MAT_B,18.543,2.997,3.069,18.471,24,0.7696,0
2026-09-06 16:45:00,LINE_A,MAT_A,22.471,3.144,3.071,22.545,28,0.8052,0
2026-09-06 16:45:00,LINE_A,MAT_B,18.471,3.144,3.071,18.545,24,0.7727,0
2026-09-06 17:00:00,LINE_A,MAT_A,22.545,3.089,2.834,22.8,28,0.8143,0
2026-09-06 17:00:00,LINE_A,MAT_B,18.545,3.089,2.834,18.8,24,0.7833,0
2026-09-06 17:15:00,LINE_A,MAT_A,22.8,2.881,3.012,22.669,28,0.8096,0
2026-09-06 17:15:00,LINE_A,MAT_B,18.8,2.881,3.012,18.669,24,0.7779,0
2026-09-06 17:30:00,LINE_A,MAT_A,22.669,3.187,3.11,22.746,28,0.8123,0
2026-09-06 17:30:00,LINE_A,MAT_B,18.669,3.187,3.11,18.746,24,0.7811,0
2026-09-06 17:45:00,LINE_A,MAT_A,22.746,2.755,2.978,22.523,28,0.8044,0
2026-09-06 17:45:00,LINE_A,MAT_B,18.746,2.755,2.978,18.523,24,0.7718,0
2026-09-06 18:00:00,LINE_A,MAT_A,22.523,3.202,2.816,22.909,28,0.8182,0
2026-09-06 18:00:00,LINE_A,MAT_B,18.523,3.202,2.816,18.909,24,0.7879,0
2026-09-06 18:15:00,LINE_A,MAT_A,22.909,3.21,3.004,23.115,28,0.8255,0
2026-09-06 18:15:00,LINE_A,MAT_B,18.909,3.21,3.004,19.115,24,0.7965,0
2026-09-06 18:30:00,LINE_A,MAT_A,23.115,2.983,2.824,23.275,28,0.8312,0
2026-09-06 18:30:00,LINE_A,MAT_B,19.115,2.983,2.824,19.275,24,0.8031,0
2026-09-06 18:45:00,LINE_A,MAT_A,23.275,3.103,3.03,23.347,28,0.8338,0
2026-09-06 18:45:00,LINE_A,MAT_B,19.275,3.103,3.03,19.347,24,0.8061,0
2026-09-06 19:00:00,LINE_A,MAT_A,23.347,2.97,2.66,23.657,28,0.8449,0
2026-09-06 19:00:00,LINE_A,MAT_B,19.347,2.97,2.66,19.657,24,0.819,0
2026-09-06 19:15:00,LINE_A,MAT_A,23.657,2.299,2.578,23.377,28,0.8349,0
2026-09-06 19:15:00,LINE_A,MAT_B,19.657,2.299,2.578,19.377,24,0.8074,0
2026-09-06 19:30:00,LINE_A,MAT_A,23.377,2.936,3.208,23.105,28,0.8252,0
2026-09-06 19:30:00,LINE_A,MAT_B,19.377,2.936,3.208,19.105,24,0.796,0
2026-09-06 19:45:00,LINE_A,MAT_A,23.105,2.681,3.02,22.765,28,0.813,0
2026-09-06 19:45:00,LINE_A,MAT_B,19.105,2.681,3.02,18.765,24,0.7819,0
2026-09-06 20:00:00,LINE_A,MAT_A,22.765,2.876,2.897,22.744,28,0.8123,0
2026-09-06 20:00:00,LINE_A,MAT_B,18.765,2.876,2.897,18.744,24,0.781,0
2026-09-06 20:15:00,LINE_A,MAT_A,22.744,2.768,2.7,22.813,28,0.8148,0
2026-09-06 20:15:00,LINE_A,MAT_B,18.744,2.768,2.7,18.813,24,0.7839,0
2026-09-06 20:30:00,LINE_A,MAT_A,22.813,2.732,2.961,22.584,28,0.8066,0
2026-09-06 20:30:00,LINE_A,MAT_B,18.813,2.732,2.961,18.584,24,0.7743,0
2026-09-06 20:45:00,LINE_A,MAT_A,22.584,3.002,2.855,22.731,28,0.8118,0
2026-09-06 20:45:00,LINE_A,MAT_B,18.584,3.002,2.855,18.731,24,0.7805,0
2026-09-06 21:00:00,LINE_A,MAT_A,22.731,3.075,2.804,23.003,28,0.8215,0
2026-09-06 21:00:00,LINE_A,MAT_B,18.731,3.075,2.804,19.003,24,0.7918,0
2026-09-06 21:15:00,LINE_A,MAT_A,23.003,2.626,2.848,22.781,28,0.8136,0
2026-09-06 21:15:00,LINE_A,MAT_B,19.003,2.626,2.848,18.781,24,0.7825,0
2026-09-06 21:30:00,LINE_A,MAT_A,22.781,2.734,2.931,22.584,28,0.8066,0
2026-09-06 21:30:00,LINE_A,MAT_B,18.781,2.734,2.931,18.584,24,0.7743,0
2026-09-06 21:45:00,LINE_A,MAT_A,22.584,2.702,2.913,22.373,28,0.799,0
2026-09-06 21:45:00,LINE_A,MAT_B,18.584,2.702,2.913,18.373,24,0.7655,0
2026-09-06 22:00:00,LINE_A,MAT_A,22.373,2.186,2.166,22.393,28,0.7997,0
2026-09-06 22:00:00,LINE_A,MAT_B,18.373,2.186,2.166,18.393,24,0.7664,0
2026-09-06 22:15:00,LINE_A,MAT_A,22.393,2.08,2.298,22.175,28,0.792,0
2026-09-06 22:15:00,LINE_A,MAT_B,18.393,2.08,2.298,18.175,24,0.7573,0
2026-09-06 22:30:00,LINE_A,MAT_A,22.175,2.086,2.451,21.81,28,0.7789,0
2026-09-06 22:30:00,LINE_A,MAT_B,18.175,2.086,2.451,17.81,24,0.7421,0
2026-09-06 22:45:00,LINE_A,MAT_A,21.81,2.148,2.034,21.924,28,0.783,0
2026-09-06 22:45:00,LINE_A,MAT_B,17.81,2.148,2.034,17.924,24,0.7468,0
2026-09-06 23:00:00,LINE_A,MAT_A,21.924,2.058,2.229,21.753,28,0.7769,0
2026-09-06 23:00:00,LINE_A,MAT_B,17.924,2.058,2.229,17.753,24,0.7397,0
2026-09-06 23:15:00,LINE_A,MAT_A,21.753,2.297,2.449,21.601,28,0.7714,0
2026-09-06 23:15:00,LINE_A,MAT_B,17.753,2.297,2.449,17.601,24,0.7334,0
2026-09-06 23:30:00,LINE_A,MAT_A,21.601,2.331,2.087,21.845,28,0.7802,0
2026-09-06 23:30:00,LINE_A,MAT_B,17.601,2.331,2.087,17.845,24,0.7435,0
2026-09-06 23:45:00,LINE_A,MAT_A,21.845,2.265,2.224,21.886,28,0.7816,0
2026-09-06 23:45:00,LINE_A,MAT_B,17.845,2.265,2.224,17.886,24,0.7452,0
2026-09-07 00:00:00,LINE_A,MAT_A,21.886,2.618,2.497,22.007,28,0.786,0
2026-09-07 00:00:00,LINE_A,MAT_B,17.886,2.618,2.497,18.007,24,0.7503,0
2026-09-07 00:15:00,LINE_A,MAT_A,22.007,2.631,2.637,22.0,28,0.7857,0
2026-09-07 00:15:00,LINE_A,MAT_B,18.007,2.631,2.637,18.0,24,0.75,0
2026-09-07 00:30:00,LINE_A,MAT_A,22.0,2.497,2.49,22.007,28,0.7859,0
2026-09-07 00:30:00,LINE_A,MAT_B,18.0,2.497,2.49,18.007,24,0.7503,0
2026-09-07 00:45:00,LINE_A,MAT_A,22.007,2.337,2.6,21.743,28,0.7765,0
2026-09-07 00:45:00,LINE_A,MAT_B,18.007,2.337,2.6,17.743,24,0.7393,0
2026-09-07 01:00:00,LINE_A,MAT_A,21.743,3.025,2.635,22.133,28,0.7905,0
2026-09-07 01:00:00,LINE_A,MAT_B,17.743,3.025,2.635,18.133,24,0.7555,0
2026-09-07 01:15:00,LINE_A,MAT_A,22.133,2.514,2.738,21.909,28,0.7824,0
2026-09-07 01:15:00,LINE_A,MAT_B,18.133,2.514,2.738,17.909,24,0.7462,0
2026-09-07 01:30:00,LINE_A,MAT_A,21.909,3.216,2.516,22.609,28,0.8075,0
2026-09-07 01:30:00,LINE_A,MAT_B,17.909,3.216,2.516,18.609,24,0.7754,0
2026-09-07 01:45:00,LINE_A,MAT_A,22.609,2.547,2.694,22.462,28,0.8022,0
2026-09-07 01:45:00,LINE_A,MAT_B,18.609,2.547,2.694,18.462,24,0.7692,0
2026-09-07 02:00:00,LINE_A,MAT_A,22.462,2.978,2.669,22.771,28,0.8132,0
2026-09-07 02:00:00,LINE_A,MAT_B,18.462,2.978,2.669,18.771,24,0.7821,0
2026-09-07 02:15:00,LINE_A,MAT_A,22.771,2.799,2.806,22.763,28,0.813,0
2026-09-07 02:15:00,LINE_A,MAT_B,18.771,2.799,2.806,18.763,24,0.7818,0
2026-09-07 02:30:00,LINE_A,MAT_A,22.763,2.721,2.794,22.69,28,0.8104,0
2026-09-07 02:30:00,LINE_A,MAT_B,18.763,2.721,2.794,18.69,24,0.7787,0
2026-09-07 02:45:00,LINE_A,MAT_A,22.69,2.351,2.559,22.482,28,0.8029,0
2026-09-07 02:45:00,LINE_A,MAT_B,18.69,2.351,2.559,18.482,24,0.7701,0
2026-09-07 03:00:00,LINE_A,MAT_A,22.482,2.78,2.619,22.643,28,0.8087,0
2026-09-07 03:00:00,LINE_A,MAT_B,18.482,2.78,2.619,18.643,24,0.7768,0
2026-09-07 03:15:00,LINE_A,MAT_A,22.643,2.971,2.49,23.123,28,0.8258,0
2026-09-07 03:15:00,LINE_A,MAT_B,18.643,2.971,2.49,19.123,24,0.7968,0
2026-09-07 03:30:00,LINE_A,MAT_A,23.123,2.579,2.556,23.146,28,0.8267,0
2026-09-07 03:30:00,LINE_A,MAT_B,19.123,2.579,2.556,19.146,24,0.7978,0
2026-09-07 03:45:00,LINE_A,MAT_A,23.146,2.605,2.565,23.186,28,0.8281,0
2026-09-07 03:45:00,LINE_A,MAT_B,19.146,2.605,2.565,19.186,24,0.7994,0
2026-09-07 04:00:00,LINE_A,MAT_A,23.186,2.88,2.587,23.479,28,0.8385,0
2026-09-07 04:00:00,LINE_A,MAT_B,19.186,2.88,2.587,19.479,24,0.8116,0
2026-09-07 04:15:00,LINE_A,MAT_A,23.479,2.7,2.844,23.335,28,0.8334,0
2026-09-07 04:15:00,LINE_A,MAT_B,19.479,2.7,2.844,19.335,24,0.8056,0
2026-09-07 04:30:00,LINE_A,MAT_A,23.335,2.935,2.652,23.617,28,0.8435,0
2026-09-07 04:30:00,LINE_A,MAT_B,19.335,2.935,2.652,19.617,24,0.8174,0
2026-09-07 04:45:00,LINE_A,MAT_A,23.617,2.73,2.557,23.79,28,0.8497,0
2026-09-07 04:45:00,LINE_A,MAT_B,19.617,2.73,2.557,19.79,24,0.8246,0
2026-09-07 05:00:00,LINE_A,MAT_A,23.79,2.923,2.674,24.039,28,0.8585,0
2026-09-07 05:00:00,LINE_A,MAT_B,19.79,2.923,2.674,20.039,24,0.835,0
2026-09-07 05:15:00,LINE_A,MAT_A,24.039,2.928,2.788,24.179,28,0.8635,0
2026-09-07 05:15:00,LINE_A,MAT_B,20.039,2.928,2.788,20.179,24,0.8408,0
2026-09-07 05:30:00,LINE_A,MAT_A,24.179,3.014,2.795,24.398,28,0.8714,0
2026-09-07 05:30:00,LINE_A,MAT_B,20.179,3.014,2.795,20.398,24,0.8499,0
2026-09-07 05:45:00,LINE_A,MAT_A,24.398,2.958,2.626,24.731,28,0.8832,0
2026-09-07 05:45:00,LINE_A,MAT_B,20.398,2.958,2.626,20.731,24,0.8638,0
2026-09-07 06:00:00,LINE_A,MAT_A,24.731,3.157,3.29,24.598,28,0.8785,0
2026-09-07 06:00:00,LINE_A,MAT_B,20.731,3.157,3.29,20.598,24,0.8583,0
2026-09-07 06:15:00,LINE_A,MAT_A,24.598,3.333,3.418,24.513,28,0.8755,0
2026-09-07 06:15:00,LINE_A,MAT_B,20.598,3.333,3.418,20.513,24,0.8547,0
2026-09-07 06:30:00,LINE_A,MAT_A,24.513,3.355,3.24,24.629,28,0.8796,0
2026-09-07 06:30:00,LINE_A,MAT_B,20.513,3.355,3.24,20.629,24,0.8595,0
2026-09-07 06:45:00,LINE_A,MAT_A,24.629,3.499,3.521,24.479,28,0.8742,0
2026-09-07 06:45:00,LINE_A,MAT_B,20.629,3.499,3.521,20.479,24,0.8533,0
2026-09-07 07:00:00,LINE_A,MAT_A,24.479,3.329,3.318,24.489,28,0.8746,0
2026-09-07 07:00:00,LINE_A,MAT_B,20.479,3.329,3.318,20.489,24,0.8537,0
2026-09-07 07:15:00,LINE_A,MAT_A,24.489,3.058,3.463,24.084,28,0.8601,0
2026-09-07 07:15:00,LINE_A,MAT_B,20.489,3.058,3.463,20.084,24,0.8368,0
2026-09-07 07:30:00,LINE_A,MAT_A,24.084,3.709,3.527,24.266,28,0.8666,0
2026-09-07 07:30:00,LINE_A,MAT_B,20.084,3.709,3.527,20.266,24,0.8444,0
2026-09-07 07:45:00,LINE_A,MAT_A,24.266,3.28,3.368,24.178,28,0.8635,0
2026-09-07 07:45:00,LINE_A,MAT_B,20.266,3.28,3.368,20.178,24,0.8408,0
2026-09-07 08:00:00,LINE_A,MAT_A,24.178,3.476,3.368,24.286,28,0.8674,0
2026-09-07 08:00:00,LINE_A,MAT_B,20.178,3.476,3.368,20.286,24,0.8453,0
2026-09-07 08:15:00,LINE_A,MAT_A,24.286,3.235,3.37,24.152,28,0.8626,0
2026-09-07 08:15:00,LINE_A,MAT_B,20.286,3.235,3.37,20.152,24,0.8397,0
2026-09-07 08:30:00,LINE_A,MAT_A,24.152,3.747,3.397,24.502,28,0.8751,0
2026-09-07 08:30:00,LINE_A,MAT_B,20.152,3.747,3.397,20.502,24,0.8542,0
2026-09-07 08:45:00,LINE_A,MAT_A,24.502,3.196,3.486,24.212,28,0.8647,0
2026-09-07 08:45:00,LINE_A,MAT_B,20.502,3.196,3.486,20.212,24,0.8422,0
2026-09-07 09:00:00,LINE_A,MAT_A,24.212,3.661,3.478,24.395,28,0.8712,0
2026-09-07 09:00:00,LINE_A,MAT_B,20.212,3.661,3.478,20.395,24,0.8498,0
2026-09-07 09:15:00,LINE_A,MAT_A,24.395,3.684,3.524,24.476,28,0.8741,0
2026-09-07 09:15:00,LINE_A,MAT_B,20.395,3.684,3.524,20.476,24,0.8532,0
2026-09-07 09:30:00,LINE_A,MAT_A,24.476,3.763,3.578,24.422,28,0.8722,0
2026-09-07 09:30:00,LINE_A,MAT_B,20.476,3.763,3.578,20.422,24,0.8509,0
2026-09-07 09:45:00,LINE_A,MAT_A,24.422,3.585,3.562,24.438,28,0.8728,0
2026-09-07 09:45:00,LINE_A,MAT_B,20.422,3.585,3.562,20.438,24,0.8516,0
2026-09-07 10:00:00,LINE_A,MAT_A,24.438,3.551,3.723,24.266,28,0.8666,0
2026-09-07 10:00:00,LINE_A,MAT_B,20.438,3.551,3.723,20.266,24,0.8444,0
2026-09-07 10:15:00,LINE_A,MAT_A,24.266,3.485,3.546,24.205,28,0.8645,0
2026-09-07 10:15:00,LINE_A,MAT_B,20.266,3.485,3.546,20.205,24,0.8419,0
2026-09-07 10:30:00,LINE_A,MAT_A,24.205,3.827,3.458,24.542,28,0.8765,0
2026-09-07 10:30:00,LINE_A,MAT_B,20.205,3.827,3.458,20.542,24,0.8559,0
2026-09-07 10:45:00,LINE_A,MAT_A,24.542,3.642,3.591,24.409,28,0.8718,0
2026-09-07 10:45:00,LINE_A,MAT_B,20.542,3.642,3.591,20.409,24,0.8504,0
2026-09-07 11:00:00,LINE_A,MAT_A,24.409,3.358,3.428,24.34,28,0.8693,0
2026-09-07 11:00:00,LINE_A,MAT_B,20.409,3.358,3.428,20.34,24,0.8475,0
2026-09-07 11:15:00,LINE_A,MAT_A,24.34,4.01,3.75,24.25,28,0.8661,0
2026-09-07 11:15:00,LINE_A,MAT_B,20.34,4.01,3.75,20.25,24,0.8438,0
2026-09-07 11:30:00,LINE_A,MAT_A,24.25,3.296,3.202,24.345,28,0.8695,0
2026-09-07 11:30:00,LINE_A,MAT_B,20.25,3.296,3.202,20.345,24,0.8477,0
2026-09-07 11:45:00,LINE_A,MAT_A,24.345,2.869,2.875,24.339,28,0.8692,0
2026-09-07 11:45:00,LINE_A,MAT_B,20.345,2.869,2.875,20.339,24,0.8475,0
2026-09-07 12:00:00,LINE_A,MAT_A,24.339,3.851,3.627,24.373,28,0.8705,0
2026-09-07 12:00:00,LINE_A,MAT_B,20.339,3.851,3.627,20.373,24,0.8489,0
2026-09-07 12:15:00,LINE_A,MAT_A,24.373,3.437,3.636,24.174,28,0.8634,0
2026-09-07 12:15:00,LINE_A,MAT_B,20.373,3.437,3.636,20.174,24,0.8406,0
2026-09-07 12:30:00,LINE_A,MAT_A,24.174,3.467,3.645,23.997,28,0.857,0
2026-09-07 12:30:00,LINE_A,MAT_B,20.174,3.467,3.645,19.997,24,0.8332,0
2026-09-07 12:45:00,LINE_A,MAT_A,23.997,3.477,3.48,23.994,28,0.8569,0
2026-09-07 12:45:00,LINE_A,MAT_B,19.997,3.477,3.48,19.994,24,0.8331,0
2026-09-07 13:00:00,LINE_A,MAT_A,23.994,3.845,3.841,23.999,28,0.8571,0
2026-09-07 13:00:00,LINE_A,MAT_B,19.994,3.845,3.841,19.999,24,0.8333,0
2026-09-07 13:15:00,LINE_A,MAT_A,23.999,3.708,3.435,24.271,28,0.8668,0
2026-09-07 13:15:00,LINE_A,MAT_B,19.999,3.708,3.435,20.271,24,0.8446,0
2026-09-07 13:30:00,LINE_A,MAT_A,24.271,3.495,3.819,23.947,28,0.8553,0
2026-09-07 13:30:00,LINE_A,MAT_B,20.271,3.495,3.819,19.947,24,0.8311,0
2026-09-07 13:45:00,LINE_A,MAT_A,23.947,3.624,3.521,24.05,28,0.8589,0
2026-09-07 13:45:00,LINE_A,MAT_B,19.947,3.624,3.521,20.05,24,0.8354,0
2026-09-07 14:00:00,LINE_A,MAT_A,24.05,3.626,3.796,23.88,28,0.8529,0
2026-09-07 14:00:00,LINE_A,MAT_B,20.05,3.626,3.796,19.88,24,0.8283,0
2026-09-07 14:15:00,LINE_A,MAT_A,23.88,3.587,3.973,23.494,28,0.8391,0
2026-09-07 14:15:00,LINE_A,MAT_B,19.88,3.587,3.973,19.494,24,0.8123,0
2026-09-07 14:30:00,LINE_A,MAT_A,23.494,3.527,3.959,23.061,28,0.8236,0
2026-09-07 14:30:00,LINE_A,MAT_B,19.494,3.527,3.959,19.061,24,0.7942,0
2026-09-07 14:45:00,LINE_A,MAT_A,23.061,3.041,3.767,22.336,28,0.7977,0
2026-09-07 14:45:00,LINE_A,MAT_B,19.061,3.041,3.767,18.336,24,0.764,0
2026-09-07 15:00:00,LINE_A,MAT_A,22.336,4.562,3.764,23.134,28,0.8262,0
2026-09-07 15:00:00,LINE_A,MAT_B,18.336,4.562,3.764,19.134,24,0.7972,0
2026-09-07 15:15:00,LINE_A,MAT_A,23.134,3.628,3.693,23.069,28,0.8239,0
2026-09-07 15:15:00,LINE_A,MAT_B,19.134,3.628,3.693,19.069,24,0.7945,0
2026-09-07 15:30:00,LINE_A,MAT_A,23.069,3.894,3.821,23.143,28,0.8265,0
2026-09-07 15:30:00,LINE_A,MAT_B,19.069,3.894,3.821,19.143,24,0.7976,0
2026-09-07 15:45:00,LINE_A,MAT_A,23.143,3.087,3.746,22.485,28,0.803,0
2026-09-07 15:45:00,LINE_A,MAT_B,19.143,3.087,3.746,18.485,24,0.7702,0
2026-09-07 16:00:00,LINE_A,MAT_A,22.485,2.947,3.749,21.682,28,0.7744,0
2026-09-07 16:00:00,LINE_A,MAT_B,18.485,2.947,3.749,17.682,24,0.7368,0
2026-09-07 16:15:00,LINE_A,MAT_A,21.682,4.551,3.681,22.553,28,0.8055,0
2026-09-07 16:15:00,LINE_A,MAT_B,17.682,4.551,3.681,18.553,24,0.773,0
2026-09-07 16:30:00,LINE_A,MAT_A,22.553,4.541,3.813,23.281,28,0.8315,0
2026-09-07 16:30:00,LINE_A,MAT_B,18.553,4.541,3.813,19.281,24,0.8034,0
2026-09-07 16:45:00,LINE_A,MAT_A,23.281,3.675,3.792,23.164,28,0.8273,0
2026-09-07 16:45:00,LINE_A,MAT_B,19.281,3.675,3.792,19.164,24,0.7985,0
2026-09-07 17:00:00,LINE_A,MAT_A,23.164,3.847,3.574,23.438,28,0.8371,0
2026-09-07 17:00:00,LINE_A,MAT_B,19.164,3.847,3.574,19.438,24,0.8099,0
2026-09-07 17:15:00,LINE_A,MAT_A,23.438,3.399,3.789,23.047,28,0.8231,0
2026-09-07 17:15:00,LINE_A,MAT_B,19.438,3.399,3.789,19.047,24,0.7936,0
2026-09-07 17:30:00,LINE_A,MAT_A,23.047,3.769,3.564,23.252,28,0.8304,0
2026-09-07 17:30:00,LINE_A,MAT_B,19.047,3.769,3.564,19.252,24,0.8022,0
2026-09-07 17:45:00,LINE_A,MAT_A,23.252,3.661,3.633,23.28,28,0.8314,0
2026-09-07 17:45:00,LINE_A,MAT_B,19.252,3.661,3.633,19.28,24,0.8033,0
2026-09-07 18:00:00,LINE_A,MAT_A,23.28,3.406,3.514,23.171,28,0.8275,0
2026-09-07 18:00:00,LINE_A,MAT_B,19.28,3.406,3.514,19.171,24,0.7988,0
2026-09-07 18:15:00,LINE_A,MAT_A,23.171,3.383,3.589,22.965,28,0.8202,0
2026-09-07 18:15:00,LINE_A,MAT_B,19.171,3.383,3.589,18.965,24,0.7902,0
2026-09-07 18:30:00,LINE_A,MAT_A,22.965,3.398,3.462,22.901,28,0.8179,0
2026-09-07 18:30:00,LINE_A,MAT_B,18.965,3.398,3.462,18.901,24,0.7876,0
2026-09-07 18:45:00,LINE_A,MAT_A,22.901,3.511,3.569,22.844,28,0.8158,0
2026-09-07 18:45:00,LINE_A,MAT_B,18.901,3.511,3.569,18.844,24,0.7852,0
2026-09-07 19:00:00,LINE_A,MAT_A,22.844,2.956,3.169,22.631,28,0.8082,0
2026-09-07 19:00:00,LINE_A,MAT_B,18.844,2.956,3.169,18.631,24,0.7763,0
2026-09-07 19:15:00,LINE_A,MAT_A,22.631,3.165,2.909,22.887,28,0.8174,0
2026-09-07 19:15:00,LINE_A,MAT_B,18.631,3.165,2.909,18.887,24,0.7869,0
2026-09-07 19:30:00,LINE_A,MAT_A,22.887,3.646,3.874,22.658,28,0.8092,0
2026-09-07 19:30:00,LINE_A,MAT_B,18.887,3.646,3.874,18.658,24,0.7774,0
2026-09-07 19:45:00,LINE_A,MAT_A,22.658,3.509,3.577,22.591,28,0.8068,0
2026-09-07 19:45:00,LINE_A,MAT_B,18.658,3.509,3.577,18.591,24,0.7746,0
2026-09-07 20:00:00,LINE_A,MAT_A,22.591,3.594,3.576,22.61,28,0.8075,0
2026-09-07 20:00:00,LINE_A,MAT_B,18.591,3.594,3.576,18.61,24,0.7754,0
2026-09-07 20:15:00,LINE_A,MAT_A,22.61,3.574,3.569,22.615,28,0.8077,0
2026-09-07 20:15:00,LINE_A,MAT_B,18.61,3.574,3.569,18.615,24,0.7756,0
2026-09-07 20:30:00,LINE_A,MAT_A,22.615,3.448,3.668,22.395,28,0.7998,0
2026-09-07 20:30:00,LINE_A,MAT_B,18.615,3.448,3.668,18.395,24,0.7665,0
2026-09-07 20:45:00,LINE_A,MAT_A,22.395,3.286,3.647,22.035,28,0.787,0
2026-09-07 20:45:00,LINE_A,MAT_B,18.395,3.286,3.647,18.035,24,0.7514,0
2026-09-07 21:00:00,LINE_A,MAT_A,22.035,3.492,3.692,21.835,28,0.7798,0
2026-09-07 21:00:00,LINE_A,MAT_B,18.035,3.492,3.692,17.835,24,0.7431,0
2026-09-07 21:15:00,LINE_A,MAT_A,21.835,3.687,3.544,21.977,28,0.7849,0
2026-09-07 21:15:00,LINE_A,MAT_B,17.835,3.687,3.544,17.977,24,0.7491,0
2026-09-07 21:30:00,LINE_A,MAT_A,21.977,3.593,3.321,22.249,28,0.7946,0
2026-09-07 21:30:00,LINE_A,MAT_B,17.977,3.593,3.321,18.249,24,0.7604,0
2026-09-07 21:45:00,LINE_A,MAT_A,22.249,3.517,3.494,22.273,28,0.7954,0
2026-09-07 21:45:00,LINE_A,MAT_B,18.249,3.517,3.494,18.273,24,0.7614,0
2026-09-07 22:00:00,LINE_A,MAT_A,22.273,2.503,2.808,21.967,28,0.7845,0
2026-09-07 22:00:00,LINE_A,MAT_B,18.273,2.503,2.808,17.967,24,0.7486,0
2026-09-07 22:15:00,LINE_A,MAT_A,21.967,2.507,2.509,21.965,28,0.7845,0
2026-09-07 22:15:00,LINE_A,MAT_B,17.967,2.507,2.509,17.965,24,0.7486,0
2026-09-07 22:30:00,LINE_A,MAT_A,21.965,2.536,2.699,21.802,28,0.7787,0
2026-09-07 22:30:00,LINE_A,MAT_B,17.965,2.536,2.699,17.802,24,0.7418,0
2026-09-07 22:45:00,LINE_A,MAT_A,21.802,2.719,2.777,21.744,28,0.7766,0
2026-09-07 22:45:00,LINE_A,MAT_B,17.802,2.719,2.777,17.744,24,0.7393,0
2026-09-07 23:00:00,LINE_A,MAT_A,21.744,2.723,2.698,21.769,28,0.7775,0
2026-09-07 23:00:00,LINE_A,MAT_B,17.744,2.723,2.698,17.769,24,0.7404,0
2026-09-07 23:15:00,LINE_A,MAT_A,21.769,2.544,2.753,21.56,28,0.77,0
2026-09-07 23:15:00,LINE_A,MAT_B,17.769,2.544,2.753,17.56,24,0.7317,0
2026-09-07 23:30:00,LINE_A,MAT_A,21.56,2.816,2.588,21.788,28,0.7781,0
2026-09-07 23:30:00,LINE_A,MAT_B,17.56,2.816,2.588,17.788,24,0.7412,0
2026-09-07 23:45:00,LINE_A,MAT_A,21.788,2.658,2.874,21.571,28,0.7704,0
2026-09-07 23:45:00,LINE_A,MAT_B,17.788,2.658,2.874,17.571,24,0.7321,0
2026-09-08 00:00:00,LINE_A,MAT_A,21.571,2.568,2.637,21.502,28,0.7679,0
2026-09-08 00:00:00,LINE_A,MAT_B,17.571,2.568,2.637,17.502,24,0.7292,0
2026-09-08 00:15:00,LINE_A,MAT_A,21.502,2.922,2.704,21.719,28,0.7757,0
2026-09-08 00:15:00,LINE_A,MAT_B,17.502,2.922,2.704,17.719,24,0.7383,0
2026-09-08 00:30:00,LINE_A,MAT_A,21.719,2.668,2.894,21.493,28,0.7676,0
2026-09-08 00:30:00,LINE_A,MAT_B,17.719,2.668,2.894,17.493,24,0.7289,0
2026-09-08 00:45:00,LINE_A,MAT_A,21.493,2.816,2.769,21.54,28,0.7693,0
2026-09-08 00:45:00,LINE_A,MAT_B,17.493,2.816,2.769,17.54,24,0.7308,0
2026-09-08 01:00:00,LINE_A,MAT_A,21.54,2.848,2.536,21.852,28,0.7804,0
2026-09-08 01:00:00,LINE_A,MAT_B,17.54,2.848,2.536,17.852,24,0.7438,0
2026-09-08 01:15:00,LINE_A,MAT_A,21.852,2.74,2.462,22.13,28,0.7904,0
2026-09-08 01:15:00,LINE_A,MAT_B,17.852,2.74,2.462,18.13,24,0.7554,0
2026-09-08 01:30:00,LINE_A,MAT_A,22.13,2.894,2.543,22.481,28,0.8029,0
2026-09-08 01:30:00,LINE_A,MAT_B,18.13,2.894,2.543,18.481,24,0.77,0
2026-09-08 01:45:00,LINE_A,MAT_A,22.481,2.921,2.54,22.862,28,0.8165,0
2026-09-08 01:45:00,LINE_A,MAT_B,18.481,2.921,2.54,18.862,24,0.7859,0
2026-09-08 02:00:00,LINE_A,MAT_A,22.862,2.771,2.669,22.964,28,0.8201,0
2026-09-08 02:00:00,LINE_A,MAT_B,18.862,2.771,2.669,18.964,24,0.7902,0
2026-09-08 02:15:00,LINE_A,MAT_A,22.964,2.591,2.557,22.998,28,0.8214,0
2026-09-08 02:15:00,LINE_A,MAT_B,18.964,2.591,2.557,18.998,24,0.7916,0
2026-09-08 02:30:00,LINE_A,MAT_A,22.998,2.441,2.765,22.673,28,0.8098,0
2026-09-08 02:30:00,LINE_A,MAT_B,18.998,2.441,2.765,18.673,24,0.7781,0
2026-09-08 02:45:00,LINE_A,MAT_A,22.673,2.979,2.955,22.697,28,0.8106,0
2026-09-08 02:45:00,LINE_A,MAT_B,18.673,2.979,2.955,18.697,24,0.7791,0
2026-09-08 03:00:00,LINE_A,MAT_A,22.697,2.662,2.679,22.68,28,0.81,0
2026-09-08 03:00:00,LINE_A,MAT_B,18.697,2.662,2.679,18.68,24,0.7783,0
2026-09-08 03:15:00,LINE_A,MAT_A,22.68,2.404,2.536,22.547,28,0.8053,0
2026-09-08 03:15:00,LINE_A,MAT_B,18.68,2.404,2.536,18.547,24,0.7728,0
2026-09-08 03:30:00,LINE_A,MAT_A,22.547,2.578,2.571,22.554,28,0.8055,0
2026-09-08 03:30:00,LINE_A,MAT_B,18.547,2.578,2.571,18.554,24,0.7731,0
2026-09-08 03:45:00,LINE_A,MAT_A,22.554,2.519,2.843,22.23,28,0.7939,0
2026-09-08 03:45:00,LINE_A,MAT_B,18.554,2.519,2.843,18.23,24,0.7596,0
2026-09-08 04:00:00,LINE_A,MAT_A,22.23,2.487,2.584,22.133,28,0.7905,0
2026-09-08 04:00:00,LINE_A,MAT_B,18.23,2.487,2.584,18.133,24,0.7556,0
2026-09-08 04:15:00,LINE_A,MAT_A,22.133,2.81,2.843,22.1,28,0.7893,0
2026-09-08 04:15:00,LINE_A,MAT_B,18.133,2.81,2.843,18.1,24,0.7542,0
2026-09-08 04:30:00,LINE_A,MAT_A,22.1,3.036,2.582,22.554,28,0.8055,0
2026-09-08 04:30:00,LINE_A,MAT_B,18.1,3.036,2.582,18.554,24,0.7731,0
2026-09-08 04:45:00,LINE_A,MAT_A,22.554,2.69,2.755,22.489,28,0.8032,0
2026-09-08 04:45:00,LINE_A,MAT_B,18.554,2.69,2.755,18.489,24,0.7704,0
2026-09-08 05:00:00,LINE_A,MAT_A,22.489,2.907,2.88,22.516,28,0.8041,0
2026-09-08 05:00:00,LINE_A,MAT_B,18.489,2.907,2.88,18.516,24,0.7715,0
2026-09-08 05:15:00,LINE_A,MAT_A,22.516,2.842,2.654,22.704,28,0.8109,0
2026-09-08 05:15:00,LINE_A,MAT_B,18.516,2.842,2.654,18.704,24,0.7793,0
2026-09-08 05:30:00,LINE_A,MAT_A,22.704,2.898,2.838,22.764,28,0.813,0
2026-09-08 05:30:00,LINE_A,MAT_B,18.704,2.898,2.838,18.764,24,0.7818,0
2026-09-08 05:45:00,LINE_A,MAT_A,22.764,3.172,2.61,23.325,28,0.833,0
2026-09-08 05:45:00,LINE_A,MAT_B,18.764,3.172,2.61,19.325,24,0.8052,0
2026-09-08 06:00:00,LINE_A,MAT_A,23.325,3.687,3.495,23.518,28,0.8399,0
2026-09-08 06:00:00,LINE_A,MAT_B,19.325,3.687,3.495,19.518,24,0.8132,0
2026-09-08 06:15:00,LINE_A,MAT_A,23.518,3.398,3.193,23.722,28,0.8472,0
2026-09-08 06:15:00,LINE_A,MAT_B,19.518,3.398,3.193,19.722,24,0.8218,0
2026-09-08 06:30:00,LINE_A,MAT_A,23.722,3.289,3.584,23.428,28,0.8367,0
2026-09-08 06:30:00,LINE_A,MAT_B,19.722,3.289,3.584,19.428,24,0.8095,0
2026-09-08 06:45:00,LINE_A,MAT_A,23.428,3.241,3.483,23.186,28,0.8281,0
2026-09-08 06:45:00,LINE_A,MAT_B,19.428,3.241,3.483,19.186,24,0.7994,0
2026-09-08 07:00:00,LINE_A,MAT_A,23.186,3.172,3.284,23.074,28,0.8241,0
2026-09-08 07:00:00,LINE_A,MAT_B,19.186,3.172,3.284,19.074,24,0.7948,0
2026-09-08 07:15:00,LINE_A,MAT_A,23.074,3.444,3.37,23.148,28,0.8267,0
2026-09-08 07:15:00,LINE_A,MAT_B,19.074,3.444,3.37,19.148,24,0.7979,0
2026-09-08 07:30:00,LINE_A,MAT_A,23.148,3.715,3.43,23.434,28,0.8369,0
2026-09-08 07:30:00,LINE_A,MAT_B,19.148,3.715,3.43,19.434,24,0.8098,0
2026-09-08 07:45:00,LINE_A,MAT_A,23.434,3.224,3.57,23.088,28,0.8246,0
2026-09-08 07:45:00,LINE_A,MAT_B,19.434,3.224,3.57,19.088,24,0.7953,0
2026-09-08 08:00:00,LINE_A,MAT_A,23.088,3.694,3.598,23.184,28,0.828,0
2026-09-08 08:00:00,LINE_A,MAT_B,19.088,3.694,3.598,19.184,24,0.7993,0
2026-09-08 08:15:00,LINE_A,MAT_A,23.184,3.433,3.29,23.327,28,0.8331,0
2026-09-08 08:15:00,LINE_A,MAT_B,19.184,3.433,3.29,19.327,24,0.8053,0
2026-09-08 08:30:00,LINE_A,MAT_A,23.327,3.464,3.586,23.205,28,0.8288,0
2026-09-08 08:30:00,LINE_A,MAT_B,19.327,3.464,3.586,19.205,24,0.8002,0
2026-09-08 08:45:00,LINE_A,MAT_A,23.205,3.603,3.438,23.37,28,0.8347,0
2026-09-08 08:45:00,LINE_A,MAT_B,19.205,3.603,3.438,19.37,24,0.8071,0
2026-09-08 09:00:00,LINE_A,MAT_A,23.37,3.372,3.25,23.492,28,0.839,0
2026-09-08 09:00:00,LINE_A,MAT_B,19.37,3.372,3.25,19.492,24,0.8122,0
2026-09-08 09:15:00,LINE_A,MAT_A,23.492,3.568,3.474,23.587,28,0.8424,0
2026-09-08 09:15:00,LINE_A,MAT_B,19.492,3.568,3.474,19.587,24,0.8161,0
2026-09-08 09:30:00,LINE_A,MAT_A,23.587,3.595,3.369,23.813,28,0.8505,0
2026-09-08 09:30:00,LINE_A,MAT_B,19.587,3.595,3.369,19.813,24,0.8255,0
2026-09-08 09:45:00,LINE_A,MAT_A,23.813,3.545,3.685,23.673,28,0.8455,0
2026-09-08 09:45:00,LINE_A,MAT_B,19.813,3.545,3.685,19.673,24,0.8197,0
2026-09-08 10:00:00,LINE_A,MAT_A,23.673,3.532,3.276,23.929,28,0.8546,0
2026-09-08 10:00:00,LINE_A,MAT_B,19.673,3.532,3.276,19.929,24,0.8304,0
2026-09-08 10:15:00,LINE_A,MAT_A,23.929,3.598,3.528,23.999,28,0.8571,0
2026-09-08 10:15:00,LINE_A,MAT_B,19.929,3.598,3.528,19.999,24,0.8333,0
2026-09-08 10:30:00,LINE_A,MAT_A,23.999,3.723,3.674,24.048,28,0.8588,0
2026-09-08 10:30:00,LINE_A,MAT_B,19.999,3.723,3.674,20.048,24,0.8353,0
2026-09-08 10:45:00,LINE_A,MAT_A,24.048,3.574,3.64,23.982,28,0.8565,0
2026-09-08 10:45:00,LINE_A,MAT_B,20.048,3.574,3.64,19.982,24,0.8326,0
2026-09-08 11:00:00,LINE_A,MAT_A,23.982,3.501,3.518,23.964,28,0.8559,0
2026-09-08 11:00:00,LINE_A,MAT_B,19.982,3.501,3.518,19.964,24,0.8318,0
2026-09-08 11:15:00,LINE_A,MAT_A,23.964,3.257,3.307,23.915,28,0.8541,0
2026-09-08 11:15:00,LINE_A,MAT_B,19.964,3.257,3.307,19.915,24,0.8298,0
2026-09-08 11:30:00,LINE_A,MAT_A,23.915,3.394,3.426,23.883,28,0.853,0
2026-09-08 11:30:00,LINE_A,MAT_B,19.915,3.394,3.426,19.883,24,0.8284,0
2026-09-08 11:45:00,LINE_A,MAT_A,23.883,3.24,3.449,23.673,28,0.8455,0
2026-09-08 11:45:00,LINE_A,MAT_B,19.883,3.24,3.449,19.673,24,0.8197,0
2026-09-08 12:00:00,LINE_A,MAT_A,23.673,3.331,3.518,23.487,28,0.8388,0
2026-09-08 12:00:00,LINE_A,MAT_B,19.673,3.331,3.518,19.487,24,0.8119,0
2026-09-08 12:15:00,LINE_A,MAT_A,23.487,3.573,3.632,23.427,28,0.8367,0
2026-09-08 12:15:00,LINE_A,MAT_B,19.487,3.573,3.632,19.427,24,0.8095,0
2026-09-08 12:30:00,LINE_A,MAT_A,23.427,3.528,3.695,23.26,28,0.8307,0
2026-09-08 12:30:00,LINE_A,MAT_B,19.427,3.528,3.695,19.26,24,0.8025,0
2026-09-08 12:45:00,LINE_A,MAT_A,23.26,3.729,3.641,23.348,28,0.8339,0
2026-09-08 12:45:00,LINE_A,MAT_B,19.26,3.729,3.641,19.348,24,0.8062,0
2026-09-08 13:00:00,LINE_A,MAT_A,23.348,3.981,3.663,23.667,28,0.8452,0
2026-09-08 13:00:00,LINE_A,MAT_B,19.348,3.981,3.663,19.667,24,0.8195,0
2026-09-08 13:15:00,LINE_A,MAT_A,23.667,3.519,3.207,23.979,28,0.8564,0
2026-09-08 13:15:00,LINE_A,MAT_B,19.667,3.519,3.207,19.979,24,0.8325,0
2026-09-08 13:30:00,LINE_A,MAT_A,23.979,3.755,3.76,23.974,28,0.8562,0
2026-09-08 13:30:00,LINE_A,MAT_B,19.979,3.755,3.76,19.974,24,0.8322,0
2026-09-08 13:45:00,LINE_A,MAT_A,23.974,3.711,3.538,24.147,28,0.8624,0
2026-09-08 13:45:00,LINE_A,MAT_B,19.974,3.711,3.538,20.147,24,0.8395,0
2026-09-08 14:00:00,LINE_A,MAT_A,24.147,3.7,3.921,23.926,28,0.8545,0
2026-09-08 14:00:00,LINE_A,MAT_B,20.147,3.7,3.921,19.926,24,0.8303,0
2026-09-08 14:15:00,LINE_A,MAT_A,23.926,3.788,3.944,23.771,28,0.849,0
2026-09-08 14:15:00,LINE_A,MAT_B,19.926,3.788,3.944,19.771,24,0.8238,0
2026-09-08 14:30:00,LINE_A,MAT_A,23.771,3.52,3.678,23.613,28,0.8433,0
2026-09-08 14:30:00,LINE_A,MAT_B,19.771,3.52,3.678,19.613,24,0.8172,0
2026-09-08 14:45:00,LINE_A,MAT_A,23.613,3.715,3.996,23.332,28,0.8333,0
2026-09-08 14:45:00,LINE_A,MAT_B,19.613,3.715,3.996,19.332,24,0.8055,0
2026-09-08 15:00:00,LINE_A,MAT_A,23.332,3.517,3.718,23.131,28,0.8261,0
2026-09-08 15:00:00,LINE_A,MAT_B,19.332,3.517,3.718,19.131,24,0.7971,0
2026-09-08 15:15:00,LINE_A,MAT_A,23.131,3.927,3.924,23.134,28,0.8262,0
2026-09-08 15:15:00,LINE_A,MAT_B,19.131,3.927,3.924,19.134,24,0.7972,0
2026-09-08 15:30:00,LINE_A,MAT_A,23.134,3.703,3.648,23.189,28,0.8282,0
2026-09-08 15:30:00,LINE_A,MAT_B,19.134,3.703,3.648,19.189,24,0.7995,0
2026-09-08 15:45:00,LINE_A,MAT_A,23.189,3.868,3.753,23.303,28,0.8323,0
2026-09-08 15:45:00,LINE_A,MAT_B,19.189,3.868,3.753,19.303,24,0.8043,0
2026-09-08 16:00:00,LINE_A,MAT_A,23.303,3.738,3.827,23.215,28,0.8291,0
2026-09-08 16:00:00,LINE_A,MAT_B,19.303,3.738,3.827,19.215,24,0.8006,0
2026-09-08 16:15:00,LINE_A,MAT_A,23.215,4.009,3.68,23.544,28,0.8409,0
2026-09-08 16:15:00,LINE_A,MAT_B,19.215,4.009,3.68,19.544,24,0.8143,0
2026-09-08 16:30:00,LINE_A,MAT_A,23.544,3.996,3.768,23.773,28,0.849,0
2026-09-08 16:30:00,LINE_A,MAT_B,19.544,3.996,3.768,19.773,24,0.8239,0
2026-09-08 16:45:00,LINE_A,MAT_A,23.773,3.481,3.73,23.523,28,0.8401,0
2026-09-08 16:45:00,LINE_A,MAT_B,19.773,3.481,3.73,19.523,24,0.8135,0
2026-09-08 17:00:00,LINE_A,MAT_A,23.523,3.899,3.604,23.819,28,0.8507,0
2026-09-08 17:00:00,LINE_A,MAT_B,19.523,3.899,3.604,19.819,24,0.8258,0
2026-09-08 17:15:00,LINE_A,MAT_A,23.819,3.331,3.654,23.495,28,0.8391,0
2026-09-08 17:15:00,LINE_A,MAT_B,19.819,3.331,3.654,19.495,24,0.8123,0
2026-09-08 17:30:00,LINE_A,MAT_A,23.495,3.424,3.609,23.311,28,0.8325,0
2026-09-08 17:30:00,LINE_A,MAT_B,19.495,3.424,3.609,19.311,24,0.8046,0
2026-09-08 17:45:00,LINE_A,MAT_A,23.311,3.649,3.405,23.555,28,0.8412,0
2026-09-08 17:45:00,LINE_A,MAT_B,19.311,3.649,3.405,19.555,24,0.8148,0
2026-09-08 18:00:00,LINE_A,MAT_A,23.555,4.681,3.615,24.385,28,0.8709,0
2026-09-08 18:00:00,LINE_A,MAT_B,19.555,4.681,3.615,20.385,24,0.8494,0
2026-09-08 18:15:00,LINE_A,MAT_A,24.385,4.4,3.697,24.303,28,0.868,0
2026-09-08 18:15:00,LINE_A,MAT_B,20.385,4.4,3.697,20.303,24,0.846,0
2026-09-08 18:30:00,LINE_A,MAT_A,24.303,4.271,3.497,24.503,28,0.8751,0
2026-09-08 18:30:00,LINE_A,MAT_B,20.303,4.271,3.497,20.503,24,0.8543,0
2026-09-08 18:45:00,LINE_A,MAT_A,24.503,4.574,3.512,24.488,28,0.8746,0
2026-09-08 18:45:00,LINE_A,MAT_B,20.503,4.574,3.512,20.488,24,0.8537,0
2026-09-08 19:00:00,LINE_A,MAT_A,24.488,4.518,3.01,24.99,28,0.8925,0
2026-09-08 19:00:00,LINE_A,MAT_B,20.488,4.518,3.01,20.99,24,0.8746,0
2026-09-08 19:15:00,LINE_A,MAT_A,24.99,4.439,3.357,24.643,28,0.8801,0
2026-09-08 19:15:00,LINE_A,MAT_B,20.99,4.439,3.357,20.643,24,0.8601,0
2026-09-08 19:30:00,LINE_A,MAT_A,24.643,4.579,3.542,24.458,28,0.8735,0
2026-09-08 19:30:00,LINE_A,MAT_B,20.643,4.579,3.542,20.458,24,0.8524,0
2026-09-08 19:45:00,LINE_A,MAT_A,24.458,3.283,3.257,24.485,28,0.8745,0
2026-09-08 19:45:00,LINE_A,MAT_B,20.458,3.283,3.257,20.485,24,0.8535,0
2026-09-08 20:00:00,LINE_A,MAT_A,24.485,3.579,3.635,24.365,28,0.8702,0
2026-09-08 20:00:00,LINE_A,MAT_B,20.485,3.579,3.635,20.365,24,0.8485,0
2026-09-08 20:15:00,LINE_A,MAT_A,24.365,3.479,3.65,24.193,28,0.8641,0
2026-09-08 20:15:00,LINE_A,MAT_B,20.365,3.479,3.65,20.193,24,0.8414,0
2026-09-08 20:30:00,LINE_A,MAT_A,24.193,3.679,3.38,24.492,28,0.8747,0
2026-09-08 20:30:00,LINE_A,MAT_B,20.193,3.679,3.38,20.492,24,0.8538,0
2026-09-08 20:45:00,LINE_A,MAT_A,24.492,3.63,3.371,24.629,28,0.8796,0
2026-09-08 20:45:00,LINE_A,MAT_B,20.492,3.63,3.371,20.629,24,0.8595,0
2026-09-08 21:00:00,LINE_A,MAT_A,24.629,3.497,3.578,24.422,28,0.8722,0
2026-09-08 21:00:00,LINE_A,MAT_B,20.629,3.497,3.578,20.422,24,0.8509,0
2026-09-08 21:15:00,LINE_A,MAT_A,24.422,3.719,3.549,24.451,28,0.8732,0
2026-09-08 21:15:00,LINE_A,MAT_B,20.422,3.719,3.549,20.451,24,0.8521,0
2026-09-08 21:30:00,LINE_A,MAT_A,24.451,3.671,3.32,24.68,28,0.8814,0
2026-09-08 21:30:00,LINE_A,MAT_B,20.451,3.671,3.32,20.68,24,0.8617,0
2026-09-08 21:45:00,LINE_A,MAT_A,24.68,3.692,3.402,24.598,28,0.8785,0
2026-09-08 21:45:00,LINE_A,MAT_B,20.68,3.692,3.402,20.598,24,0.8582,0
2026-09-08 22:00:00,LINE_A,MAT_A,24.598,2.649,2.827,24.419,28,0.8721,0
2026-09-08 22:00:00,LINE_A,MAT_B,20.598,2.649,2.827,20.419,24,0.8508,0
2026-09-08 22:15:00,LINE_A,MAT_A,24.419,2.699,2.745,24.374,28,0.8705,0
2026-09-08 22:15:00,LINE_A,MAT_B,20.419,2.699,2.745,20.374,24,0.8489,0
2026-09-08 22:30:00,LINE_A,MAT_A,24.374,2.557,2.541,24.389,28,0.871,0
2026-09-08 22:30:00,LINE_A,MAT_B,20.374,2.557,2.541,20.389,24,0.8496,0
2026-09-08 22:45:00,LINE_A,MAT_A,24.389,2.137,2.681,23.846,28,0.8516,0
2026-09-08 22:45:00,LINE_A,MAT_B,20.389,2.137,2.681,19.846,24,0.8269,0
2026-09-08 23:00:00,LINE_A,MAT_A,23.846,2.781,2.522,24.105,28,0.8609,0
2026-09-08 23:00:00,LINE_A,MAT_B,19.846,2.781,2.522,20.105,24,0.8377,0
2026-09-08 23:15:00,LINE_A,MAT_A,24.105,2.589,2.829,23.865,28,0.8523,0
2026-09-08 23:15:00,LINE_A,MAT_B,20.105,2.589,2.829,19.865,24,0.8277,0
2026-09-08 23:30:00,LINE_A,MAT_A,23.865,2.551,2.416,24.0,28,0.8572,0
2026-09-08 23:30:00,LINE_A,MAT_B,19.865,2.551,2.416,20.0,24,0.8334,0
2026-09-08 23:45:00,LINE_A,MAT_A,24.0,2.574,2.631,23.943,28,0.8551,0
2026-09-08 23:45:00,LINE_A,MAT_B,20.0,2.574,2.631,19.943,24,0.831,0
2026-09-09 00:00:00,LINE_A,MAT_A,23.943,2.691,2.445,24.189,28,0.8639,0
2026-09-09 00:00:00,LINE_A,MAT_B,19.943,2.691,2.445,20.189,24,0.8412,0
2026-09-09 00:15:00,LINE_A,MAT_A,24.189,2.749,2.849,24.089,28,0.8603,0
2026-09-09 00:15:00,LINE_A,MAT_B,20.189,2.749,2.849,20.089,24,0.837,0
2026-09-09 00:30:00,LINE_A,MAT_A,24.089,2.23,2.693,23.626,28,0.8438,0
2026-09-09 00:30:00,LINE_A,MAT_B,20.089,2.23,2.693,19.626,24,0.8178,0
2026-09-09 00:45:00,LINE_A,MAT_A,23.626,2.935,3.022,23.54,28,0.8407,0
2026-09-09 00:45:00,LINE_A,MAT_B,19.626,2.935,3.022,19.54,24,0.8141,0
2026-09-09 01:00:00,LINE_A,MAT_A,23.54,2.702,2.771,23.47,28,0.8382,0
2026-09-09 01:00:00,LINE_A,MAT_B,19.54,2.702,2.771,19.47,24,0.8113,0
2026-09-09 01:15:00,LINE_A,MAT_A,23.47,2.919,2.599,23.79,28,0.8496,0
2026-09-09 01:15:00,LINE_A,MAT_B,19.47,2.919,2.599,19.79,24,0.8246,0
2026-09-09 01:30:00,LINE_A,MAT_A,23.79,2.302,2.478,23.613,28,0.8433,0
2026-09-09 01:30:00,LINE_A,MAT_B,19.79,2.302,2.478,19.613,24,0.8172,0
2026-09-09 01:45:00,LINE_A,MAT_A,23.613,2.712,2.678,23.647,28,0.8445,0
2026-09-09 01:45:00,LINE_A,MAT_B,19.613,2.712,2.678,19.647,24,0.8186,0
2026-09-09 02:00:00,LINE_A,MAT_A,23.647,2.582,2.642,23.587,28,0.8424,0
2026-09-09 02:00:00,LINE_A,MAT_B,19.647,2.582,2.642,19.587,24,0.8161,0
2026-09-09 02:15:00,LINE_A,MAT_A,23.587,2.805,2.478,23.914,28,0.8541,0
2026-09-09 02:15:00,LINE_A,MAT_B,19.587,2.805,2.478,19.914,24,0.8297,0
2026-09-09 02:30:00,LINE_A,MAT_A,23.914,2.441,2.507,23.849,28,0.8517,0
2026-09-09 02:30:00,LINE_A,MAT_B,19.914,2.441,2.507,19.849,24,0.827,0
2026-09-09 02:45:00,LINE_A,MAT_A,23.849,2.518,2.699,23.668,28,0.8453,0
2026-09-09 02:45:00,LINE_A,MAT_B,19.849,2.518,2.699,19.668,24,0.8195,0
2026-09-09 03:00:00,LINE_A,MAT_A,23.668,2.417,2.612,23.473,28,0.8383,0
2026-09-09 03:00:00,LINE_A,MAT_B,19.668,2.417,2.612,19.473,24,0.8114,0
2026-09-09 03:15:00,LINE_A,MAT_A,23.473,2.557,2.542,23.487,28,0.8388,0
2026-09-09 03:15:00,LINE_A,MAT_B,19.473,2.557,2.542,19.487,24,0.812,0
2026-09-09 03:30:00,LINE_A,MAT_A,23.487,2.719,2.818,23.388,28,0.8353,0
2026-09-09 03:30:00,LINE_A,MAT_B,19.487,2.719,2.818,19.388,24,0.8078,0
2026-09-09 03:45:00,LINE_A,MAT_A,23.388,2.653,2.578,23.463,28,0.8379,0
2026-09-09 03:45:00,LINE_A,MAT_B,19.388,2.653,2.578,19.463,24,0.8109,0
2026-09-09 04:00:00,LINE_A,MAT_A,23.463,2.873,2.889,23.447,28,0.8374,0
2026-09-09 04:00:00,LINE_A,MAT_B,19.463,2.873,2.889,19.447,24,0.8103,0
2026-09-09 04:15:00,LINE_A,MAT_A,23.447,2.645,2.68,23.412,28,0.8362,0
2026-09-09 04:15:00,LINE_A,MAT_B,19.447,2.645,2.68,19.412,24,0.8088,0
2026-09-09 04:30:00,LINE_A,MAT_A,23.412,2.835,2.658,23.589,28,0.8425,0
2026-09-09 04:30:00,LINE_A,MAT_B,19.412,2.835,2.658,19.589,24,0.8162,0
2026-09-09 04:45:00,LINE_A,MAT_A,23.589,2.76,2.374,23.975,28,0.8563,0
2026-09-09 04:45:00,LINE_A,MAT_B,19.589,2.76,2.374,19.975,24,0.8323,0
2026-09-09 05:00:00,LINE_A,MAT_A,23.975,2.754,2.693,24.036,28,0.8584,0
2026-09-09 05:00:00,LINE_A,MAT_B,19.975,2.754,2.693,20.036,24,0.8349,0
2026-09-09 05:15:00,LINE_A,MAT_A,24.036,2.895,2.637,24.294,28,0.8676,0
2026-09-09 05:15:00,LINE_A,MAT_B,20.036,2.895,2.637,20.294,24,0.8456,0
2026-09-09 05:30:00,LINE_A,MAT_A,24.294,2.791,2.812,24.274,28,0.8669,0
2026-09-09 05:30:00,LINE_A,MAT_B,20.294,2.791,2.812,20.274,24,0.8447,0
2026-09-09 05:45:00,LINE_A,MAT_A,24.274,2.84,2.974,24.141,28,0.8622,0
2026-09-09 05:45:00,LINE_A,MAT_B,20.274,2.84,2.974,20.141,24,0.8392,0
2026-09-09 06:00:00,LINE_A,MAT_A,24.141,3.317,3.335,24.123,28,0.8615,0
2026-09-09 06:00:00,LINE_A,MAT_B,20.141,3.317,3.335,20.123,24,0.8385,0
2026-09-09 06:15:00,LINE_A,MAT_A,24.123,3.649,3.584,24.188,28,0.8639,0
2026-09-09 06:15:00,LINE_A,MAT_B,20.123,3.649,3.584,20.188,24,0.8412,0
2026-09-09 06:30:00,LINE_A,MAT_A,24.188,3.529,3.46,24.258,28,0.8663,0
2026-09-09 06:30:00,LINE_A,MAT_B,20.188,3.529,3.46,20.258,24,0.8441,0
2026-09-09 06:45:00,LINE_A,MAT_A,24.258,3.411,3.618,24.051,28,0.859,0
2026-09-09 06:45:00,LINE_A,MAT_B,20.258,3.411,3.618,20.051,24,0.8354,0
2026-09-09 07:00:00,LINE_A,MAT_A,24.051,3.351,3.317,24.085,28,0.8602,0
2026-09-09 07:00:00,LINE_A,MAT_B,20.051,3.351,3.317,20.085,24,0.8369,0
2026-09-09 07:15:00,LINE_A,MAT_A,24.085,3.209,3.457,23.837,28,0.8513,0
2026-09-09 07:15:00,LINE_A,MAT_B,20.085,3.209,3.457,19.837,24,0.8266,0
2026-09-09 07:30:00,LINE_A,MAT_A,23.837,3.615,3.434,24.018,28,0.8578,0
2026-09-09 07:30:00,LINE_A,MAT_B,19.837,3.615,3.434,20.018,24,0.8341,0
2026-09-09 07:45:00,LINE_A,MAT_A,24.018,3.425,3.399,24.044,28,0.8587,0
2026-09-09 07:45:00,LINE_A,MAT_B,20.018,3.425,3.399,20.044,24,0.8351,0
2026-09-09 08:00:00,LINE_A,MAT_A,24.044,3.592,3.577,24.059,28,0.8593,0
2026-09-09 08:00:00,LINE_A,MAT_B,20.044,3.592,3.577,20.059,24,0.8358,0
2026-09-09 08:15:00,LINE_A,MAT_A,24.059,3.33,3.559,23.831,28,0.8511,0
2026-09-09 08:15:00,LINE_A,MAT_B,20.059,3.33,3.559,19.831,24,0.8263,0
2026-09-09 08:30:00,LINE_A,MAT_A,23.831,3.478,3.55,23.758,28,0.8485,0
2026-09-09 08:30:00,LINE_A,MAT_B,19.831,3.478,3.55,19.758,24,0.8233,0
2026-09-09 08:45:00,LINE_A,MAT_A,23.758,3.452,3.283,23.927,28,0.8545,0
2026-09-09 08:45:00,LINE_A,MAT_B,19.758,3.452,3.283,19.927,24,0.8303,0
2026-09-09 09:00:00,LINE_A,MAT_A,23.927,3.49,3.353,24.063,28,0.8594,0
2026-09-09 09:00:00,LINE_A,MAT_B,19.927,3.49,3.353,20.063,24,0.836,0
2026-09-09 09:15:00,LINE_A,MAT_A,24.063,3.789,3.477,24.375,28,0.8705,0
2026-09-09 09:15:00,LINE_A,MAT_B,20.063,3.789,3.477,20.375,24,0.8489,0
2026-09-09 09:30:00,LINE_A,MAT_A,24.375,3.798,3.617,24.383,28,0.8708,0
2026-09-09 09:30:00,LINE_A,MAT_B,20.375,3.798,3.617,20.383,24,0.8493,0
2026-09-09 09:45:00,LINE_A,MAT_A,24.383,3.732,3.692,24.308,28,0.8681,0
2026-09-09 09:45:00,LINE_A,MAT_B,20.383,3.732,3.692,20.308,24,0.8462,0
2026-09-09 10:00:00,LINE_A,MAT_A,24.308,3.72,3.489,24.511,28,0.8754,0
2026-09-09 10:00:00,LINE_A,MAT_B,20.308,3.72,3.489,20.511,24,0.8546,0
2026-09-09 10:15:00,LINE_A,MAT_A,24.511,3.746,3.411,24.589,28,0.8782,0
2026-09-09 10:15:00,LINE_A,MAT_B,20.511,3.746,3.411,20.589,24,0.8579,0
2026-09-09 10:30:00,LINE_A,MAT_A,24.589,3.879,3.196,24.804,28,0.8859,0
2026-09-09 10:30:00,LINE_A,MAT_B,20.589,3.879,3.196,20.804,24,0.8668,0
2026-09-09 10:45:00,LINE_A,MAT_A,24.804,3.579,3.704,24.296,28,0.8677,0
2026-09-09 10:45:00,LINE_A,MAT_B,20.804,3.579,3.704,20.296,24,0.8457,0
2026-09-09 11:00:00,LINE_A,MAT_A,24.296,3.532,3.723,24.105,28,0.8609,0
2026-09-09 11:00:00,LINE_A,MAT_B,20.296,3.532,3.723,20.105,24,0.8377,0
2026-09-09 11:15:00,LINE_A,MAT_A,24.105,3.429,3.515,24.02,28,0.8579,0
2026-09-09 11:15:00,LINE_A,MAT_B,20.105,3.429,3.515,20.02,24,0.8342,0
2026-09-09 11:30:00,LINE_A,MAT_A,24.02,2.925,3.185,23.76,28,0.8486,0
2026-09-09 11:30:00,LINE_A,MAT_B,20.02,2.925,3.185,19.76,24,0.8233,0
2026-09-09 11:45:00,LINE_A,MAT_A,23.76,3.285,3.026,24.018,28,0.8578,0
2026-09-09 11:45:00,LINE_A,MAT_B,19.76,3.285,3.026,20.018,24,0.8341,0
2026-09-09 12:00:00,LINE_A,MAT_A,24.018,3.515,3.486,24.048,28,0.8589,0
2026-09-09 12:00:00,LINE_A,MAT_B,20.018,3.515,3.486,20.048,24,0.8353,0
2026-09-09 12:15:00,LINE_A,MAT_A,24.048,3.223,3.653,23.619,28,0.8435,0
2026-09-09 12:15:00,LINE_A,MAT_B,20.048,3.223,3.653,19.619,24,0.8175,0
2026-09-09 12:30:00,LINE_A,MAT_A,23.619,4.217,3.62,24.215,28,0.8648,0
2026-09-09 12:30:00,LINE_A,MAT_B,19.619,4.217,3.62,20.215,24,0.8423,0
2026-09-09 12:45:00,LINE_A,MAT_A,24.215,3.87,3.499,24.501,28,0.875,0
2026-09-09 12:45:00,LINE_A,MAT_B,20.215,3.87,3.499,20.501,24,0.8542,0
2026-09-09 13:00:00,LINE_A,MAT_A,24.501,3.6,3.579,24.421,28,0.8722,0
2026-09-09 13:00:00,LINE_A,MAT_B,20.501,3.6,3.579,20.421,24,0.8509,0
2026-09-09 13:15:00,LINE_A,MAT_A,24.421,3.647,3.52,24.48,28,0.8743,0
2026-09-09 13:15:00,LINE_A,MAT_B,20.421,3.647,3.52,20.48,24,0.8533,0
2026-09-09 13:30:00,LINE_A,MAT_A,24.48,3.597,3.218,24.782,28,0.8851,0
2026-09-09 13:30:00,LINE_A,MAT_B,20.48,3.597,3.218,20.782,24,0.8659,0
2026-09-09 13:45:00,LINE_A,MAT_A,24.782,3.61,3.662,24.338,28,0.8692,0
2026-09-09 13:45:00,LINE_A,MAT_B,20.782,3.61,3.662,20.338,24,0.8474,0
2026-09-09 14:00:00,LINE_A,MAT_A,24.338,3.75,3.81,24.19,28,0.8639,0
2026-09-09 14:00:00,LINE_A,MAT_B,20.338,3.75,3.81,20.19,24,0.8412,0
2026-09-09 14:15:00,LINE_A,MAT_A,24.19,3.157,3.814,23.533,28,0.8405,0
2026-09-09 14:15:00,LINE_A,MAT_B,20.19,3.157,3.814,19.533,24,0.8139,0
2026-09-09 14:30:00,LINE_A,MAT_A,23.533,4.368,3.546,24.355,28,0.8698,0
2026-09-09 14:30:00,LINE_A,MAT_B,19.533,4.368,3.546,20.355,24,0.8481,0
2026-09-09 14:45:00,LINE_A,MAT_A,24.355,3.891,4.021,23.979,28,0.8564,0
2026-09-09 14:45:00,LINE_A,MAT_B,20.355,3.891,4.021,19.979,24,0.8325,0
2026-09-09 15:00:00,LINE_A,MAT_A,23.979,3.877,3.795,24.061,28,0.8593,0
2026-09-09 15:00:00,LINE_A,MAT_B,19.979,3.877,3.795,20.061,24,0.8359,0
2026-09-09 15:15:00,LINE_A,MAT_A,24.061,3.908,3.609,24.36,28,0.87,0
2026-09-09 15:15:00,LINE_A,MAT_B,20.061,3.908,3.609,20.36,24,0.8483,0
2026-09-09 15:30:00,LINE_A,MAT_A,24.36,3.617,3.521,24.456,28,0.8734,0
2026-09-09 15:30:00,LINE_A,MAT_B,20.36,3.617,3.521,20.456,24,0.8523,0
2026-09-09 15:45:00,LINE_A,MAT_A,24.456,3.746,3.765,24.235,28,0.8656,0
2026-09-09 15:45:00,LINE_A,MAT_B,20.456,3.746,3.765,20.235,24,0.8431,0
2026-09-09 16:00:00,LINE_A,MAT_A,24.235,3.718,3.897,24.057,28,0.8592,0
2026-09-09 16:00:00,LINE_A,MAT_B,20.235,3.718,3.897,20.057,24,0.8357,0
2026-09-09 16:15:00,LINE_A,MAT_A,24.057,3.96,3.686,24.314,28,0.8684,0
2026-09-09 16:15:00,LINE_A,MAT_B,20.057,3.96,3.686,20.314,24,0.8464,0
2026-09-09 16:30:00,LINE_A,MAT_A,24.314,3.933,3.424,24.576,28,0.8777,0
2026-09-09 16:30:00,LINE_A,MAT_B,20.314,3.933,3.424,20.576,24,0.8573,0
2026-09-09 16:45:00,LINE_A,MAT_A,24.576,3.863,3.659,24.341,28,0.8693,0
2026-09-09 16:45:00,LINE_A,MAT_B,20.576,3.863,3.659,20.341,24,0.8475,0
2026-09-09 17:00:00,LINE_A,MAT_A,24.341,3.691,3.56,24.44,28,0.8728,0
2026-09-09 17:00:00,LINE_A,MAT_B,20.341,3.691,3.56,20.44,24,0.8517,0
2026-09-09 17:15:00,LINE_A,MAT_A,24.44,3.534,3.888,24.085,28,0.8602,0
2026-09-09 17:15:00,LINE_A,MAT_B,20.44,3.534,3.888,20.085,24,0.8369,0
2026-09-09 17:30:00,LINE_A,MAT_A,24.085,3.534,3.719,23.901,28,0.8536,0
2026-09-09 17:30:00,LINE_A,MAT_B,20.085,3.534,3.719,19.901,24,0.8292,0
2026-09-09 17:45:00,LINE_A,MAT_A,23.901,3.584,3.691,23.793,28,0.8498,0
2026-09-09 17:45:00,LINE_A,MAT_B,19.901,3.584,3.691,19.793,24,0.8247,0
2026-09-09 18:00:00,LINE_A,MAT_A,23.793,3.708,3.608,23.894,28,0.8533,0
2026-09-09 18:00:00,LINE_A,MAT_B,19.793,3.708,3.608,19.894,24,0.8289,0
2026-09-09 18:15:00,LINE_A,MAT_A,23.894,3.789,3.395,24.288,28,0.8674,0
2026-09-09 18:15:00,LINE_A,MAT_B,19.894,3.789,3.395,20.288,24,0.8453,0
2026-09-09 18:30:00,LINE_A,MAT_A,24.288,3.609,3.647,24.25,28,0.8661,0
2026-09-09 18:30:00,LINE_A,MAT_B,20.288,3.609,3.647,20.25,24,0.8438,0
2026-09-09 18:45:00,LINE_A,MAT_A,24.25,3.549,3.757,24.042,28,0.8586,0
2026-09-09 18:45:00,LINE_A,MAT_B,20.25,3.549,3.757,20.042,24,0.8351,0
2026-09-09 19:00:00,LINE_A,MAT_A,24.042,3.283,3.258,24.067,28,0.8595,0
2026-09-09 19:00:00,LINE_A,MAT_B,20.042,3.283,3.258,20.067,24,0.8361,0
2026-09-09 19:15:00,LINE_A,MAT_A,24.067,2.979,3.091,23.955,28,0.8555,0
2026-09-09 19:15:00,LINE_A,MAT_B,20.067,2.979,3.091,19.955,24,0.8315,0
2026-09-09 19:30:00,LINE_A,MAT_A,23.955,3.641,3.595,24.002,28,0.8572,0
2026-09-09 19:30:00,LINE_A,MAT_B,19.955,3.641,3.595,20.002,24,0.8334,0
2026-09-09 19:45:00,LINE_A,MAT_A,24.002,3.772,3.677,24.097,28,0.8606,0
2026-09-09 19:45:00,LINE_A,MAT_B,20.002,3.772,3.677,20.097,24,0.8374,0
2026-09-09 20:00:00,LINE_A,MAT_A,24.097,3.646,3.773,23.969,28,0.856,0
2026-09-09 20:00:00,LINE_A,MAT_B,20.097,3.646,3.773,19.969,24,0.832,0
2026-09-09 20:15:00,LINE_A,MAT_A,23.969,3.628,3.485,24.112,28,0.8611,0
2026-09-09 20:15:00,LINE_A,MAT_B,19.969,3.628,3.485,20.112,24,0.838,0
2026-09-09 20:30:00,LINE_A,MAT_A,24.112,3.796,3.495,24.413,28,0.8719,0
2026-09-09 20:30:00,LINE_A,MAT_B,20.112,3.796,3.495,20.413,24,0.8505,0
2026-09-09 20:45:00,LINE_A,MAT_A,24.413,3.636,3.457,24.543,28,0.8765,0
2026-09-09 20:45:00,LINE_A,MAT_B,20.413,3.636,3.457,20.543,24,0.8559,0
2026-09-09 21:00:00,LINE_A,MAT_A,24.543,3.306,3.484,24.365,28,0.8702,0
2026-09-09 21:00:00,LINE_A,MAT_B,20.543,3.306,3.484,20.365,24,0.8485,0
2026-09-09 21:15:00,LINE_A,MAT_A,24.365,3.607,3.509,24.462,28,0.8736,0
2026-09-09 21:15:00,LINE_A,MAT_B,20.365,3.607,3.509,20.462,24,0.8526,0
2026-09-09 21:30:00,LINE_A,MAT_A,24.462,3.297,3.612,24.146,28,0.8624,0
2026-09-09 21:30:00,LINE_A,MAT_B,20.462,3.297,3.612,20.146,24,0.8394,0
2026-09-09 21:45:00,LINE_A,MAT_A,24.146,3.48,3.407,24.22,28,0.865,0
2026-09-09 21:45:00,LINE_A,MAT_B,20.146,3.48,3.407,20.22,24,0.8425,0
2026-09-09 22:00:00,LINE_A,MAT_A,24.22,2.772,2.376,24.616,28,0.8792,0
2026-09-09 22:00:00,LINE_A,MAT_B,20.22,2.772,2.376,20.616,24,0.859,0
2026-09-09 22:15:00,LINE_A,MAT_A,24.616,2.886,2.47,25.032,28,0.894,0
2026-09-09 22:15:00,LINE_A,MAT_B,20.616,2.886,2.47,21.032,24,0.8763,0
2026-09-09 22:30:00,LINE_A,MAT_A,25.032,2.596,2.686,24.942,28,0.8908,0
2026-09-09 22:30:00,LINE_A,MAT_B,21.032,2.596,2.686,20.942,24,0.8726,0
2026-09-09 22:45:00,LINE_A,MAT_A,24.942,2.638,2.604,24.977,28,0.892,0
2026-09-09 22:45:00,LINE_A,MAT_B,20.942,2.638,2.604,20.977,24,0.874,0
2026-09-09 23:00:00,LINE_A,MAT_A,24.977,2.709,2.612,25.074,28,0.8955,0
2026-09-09 23:00:00,LINE_A,MAT_B,20.977,2.709,2.612,21.074,24,0.8781,0
2026-09-09 23:15:00,LINE_A,MAT_A,25.074,2.733,2.704,25.103,28,0.8965,0
2026-09-09 23:15:00,LINE_A,MAT_B,21.074,2.733,2.704,21.103,24,0.8793,0
2026-09-09 23:30:00,LINE_A,MAT_A,25.103,2.705,2.519,25.29,28,0.9032,0
2026-09-09 23:30:00,LINE_A,MAT_B,21.103,2.705,2.519,21.29,24,0.8871,0
2026-09-09 23:45:00,LINE_A,MAT_A,25.29,2.578,2.944,24.924,28,0.8901,0
2026-09-09 23:45:00,LINE_A,MAT_B,21.29,2.578,2.944,20.924,24,0.8718,0
2026-09-10 00:00:00,LINE_A,MAT_A,24.924,2.535,2.564,24.895,28,0.8891,0
2026-09-10 00:00:00,LINE_A,MAT_B,20.924,2.535,2.564,20.895,24,0.8706,0
2026-09-10 00:15:00,LINE_A,MAT_A,24.895,2.816,2.799,24.913,28,0.8897,0
2026-09-10 00:15:00,LINE_A,MAT_B,20.895,2.816,2.799,20.913,24,0.8714,0
2026-09-10 00:30:00,LINE_A,MAT_A,24.913,2.526,2.771,24.668,28,0.881,0
2026-09-10 00:30:00,LINE_A,MAT_B,20.913,2.526,2.771,20.668,24,0.8612,0
2026-09-10 00:45:00,LINE_A,MAT_A,24.668,2.777,2.66,24.785,28,0.8852,0
2026-09-10 00:45:00,LINE_A,MAT_B,20.668,2.777,2.66,20.785,24,0.8661,0
2026-09-10 01:00:00,LINE_A,MAT_A,24.785,2.2,2.913,24.072,28,0.8597,0
2026-09-10 01:00:00,LINE_A,MAT_B,20.785,2.2,2.913,20.072,24,0.8364,0
2026-09-10 01:15:00,LINE_A,MAT_A,24.072,2.749,2.695,24.126,28,0.8617,0
2026-09-10 01:15:00,LINE_A,MAT_B,20.072,2.749,2.695,20.126,24,0.8386,0
2026-09-10 01:30:00,LINE_A,MAT_A,24.126,2.656,2.449,24.334,28,0.8691,0
2026-09-10 01:30:00,LINE_A,MAT_B,20.126,2.656,2.449,20.334,24,0.8472,0
2026-09-10 01:45:00,LINE_A,MAT_A,24.334,3.196,2.76,24.77,28,0.8846,0
2026-09-10 01:45:00,LINE_A,MAT_B,20.334,3.196,2.76,20.77,24,0.8654,0
2026-09-10 02:00:00,LINE_A,MAT_A,24.77,2.52,2.671,24.619,28,0.8793,0
2026-09-10 02:00:00,LINE_A,MAT_B,20.77,2.52,2.671,20.619,24,0.8591,0
2026-09-10 02:15:00,LINE_A,MAT_A,24.619,2.383,2.802,24.201,28,0.8643,0
2026-09-10 02:15:00,LINE_A,MAT_B,20.619,2.383,2.802,20.201,24,0.8417,0
2026-09-10 02:30:00,LINE_A,MAT_A,24.201,3.074,2.733,24.542,28,0.8765,0
2026-09-10 02:30:00,LINE_A,MAT_B,20.201,3.074,2.733,20.542,24,0.8559,0
2026-09-10 02:45:00,LINE_A,MAT_A,24.542,2.714,2.51,24.745,28,0.8837,0
2026-09-10 02:45:00,LINE_A,MAT_B,20.542,2.714,2.51,20.745,24,0.8644,0
2026-09-10 03:00:00,LINE_A,MAT_A,24.745,2.267,2.697,24.315,28,0.8684,0
2026-09-10 03:00:00,LINE_A,MAT_B,20.745,2.267,2.697,20.315,24,0.8465,0
2026-09-10 03:15:00,LINE_A,MAT_A,24.315,2.327,2.863,23.78,28,0.8493,0
2026-09-10 03:15:00,LINE_A,MAT_B,20.315,2.327,2.863,19.78,24,0.8242,0
2026-09-10 03:30:00,LINE_A,MAT_A,23.78,2.721,2.557,23.944,28,0.8551,0
2026-09-10 03:30:00,LINE_A,MAT_B,19.78,2.721,2.557,19.944,24,0.831,0
2026-09-10 03:45:00,LINE_A,MAT_A,23.944,2.619,2.634,23.928,28,0.8546,0
2026-09-10 03:45:00,LINE_A,MAT_B,19.944,2.619,2.634,19.928,24,0.8303,0
2026-09-10 04:00:00,LINE_A,MAT_A,23.928,2.588,2.752,23.764,28,0.8487,0
2026-09-10 04:00:00,LINE_A,MAT_B,19.928,2.588,2.752,19.764,24,0.8235,0
2026-09-10 04:15:00,LINE_A,MAT_A,23.764,2.568,2.608,23.724,28,0.8473,0
2026-09-10 04:15:00,LINE_A,MAT_B,19.764,2.568,2.608,19.724,24,0.8218,0
2026-09-10 04:30:00,LINE_A,MAT_A,23.724,2.647,2.68,23.691,28,0.8461,0
2026-09-10 04:30:00,LINE_A,MAT_B,19.724,2.647,2.68,19.691,24,0.8205,0
2026-09-10 04:45:00,LINE_A,MAT_A,23.691,2.654,2.585,23.76,28,0.8486,0
2026-09-10 04:45:00,LINE_A,MAT_B,19.691,2.654,2.585,19.76,24,0.8233,0
2026-09-10 05:00:00,LINE_A,MAT_A,23.76,2.612,2.706,23.666,28,0.8452,0
2026-09-10 05:00:00,LINE_A,MAT_B,19.76,2.612,2.706,19.666,24,0.8194,0
2026-09-10 05:15:00,LINE_A,MAT_A,23.666,2.57,2.634,23.602,28,0.8429,0
2026-09-10 05:15:00,LINE_A,MAT_B,19.666,2.57,2.634,19.602,24,0.8168,0
2026-09-10 05:30:00,LINE_A,MAT_A,23.602,2.567,2.737,23.432,28,0.8368,0
2026-09-10 05:30:00,LINE_A,MAT_B,19.602,2.567,2.737,19.432,24,0.8096,0
2026-09-10 05:45:00,LINE_A,MAT_A,23.432,2.983,3.028,23.387,28,0.8353,0
2026-09-10 05:45:00,LINE_A,MAT_B,19.432,2.983,3.028,19.387,24,0.8078,0
2026-09-10 06:00:00,LINE_A,MAT_A,23.387,3.355,3.639,23.102,28,0.8251,0
2026-09-10 06:00:00,LINE_A,MAT_B,19.387,3.355,3.639,19.102,24,0.7959,0
2026-09-10 06:15:00,LINE_A,MAT_A,23.102,3.48,3.316,23.267,28,0.831,0
2026-09-10 06:15:00,LINE_A,MAT_B,19.102,3.48,3.316,19.267,24,0.8028,0
2026-09-10 06:30:00,LINE_A,MAT_A,23.267,3.405,3.264,23.408,28,0.836,0
2026-09-10 06:30:00,LINE_A,MAT_B,19.267,3.405,3.264,19.408,24,0.8087,0
2026-09-10 06:45:00,LINE_A,MAT_A,23.408,3.031,3.377,23.061,28,0.8236,0
2026-09-10 06:45:00,LINE_A,MAT_B,19.408,3.031,3.377,19.061,24,0.7942,0
2026-09-10 07:00:00,LINE_A,MAT_A,23.061,3.468,3.673,22.857,28,0.8163,0
2026-09-10 07:00:00,LINE_A,MAT_B,19.061,3.468,3.673,18.857,24,0.7857,0
2026-09-10 07:15:00,LINE_A,MAT_A,22.857,3.567,3.328,23.096,28,0.8249,0
2026-09-10 07:15:00,LINE_A,MAT_B,18.857,3.567,3.328,19.096,24,0.7957,0
2026-09-10 07:30:00,LINE_A,MAT_A,23.096,3.577,3.167,23.506,28,0.8395,0
2026-09-10 07:30:00,LINE_A,MAT_B,19.096,3.577,3.167,19.506,24,0.8127,0
2026-09-10 07:45:00,LINE_A,MAT_A,23.506,3.257,3.584,23.178,28,0.8278,0
2026-09-10 07:45:00,LINE_A,MAT_B,19.506,3.257,3.584,19.178,24,0.7991,0
2026-09-10 08:00:00,LINE_A,MAT_A,23.178,3.333,3.399,23.113,28,0.8255,0
2026-09-10 08:00:00,LINE_A,MAT_B,19.178,3.333,3.399,19.113,24,0.7964,0
2026-09-10 08:15:00,LINE_A,MAT_A,23.113,3.416,3.556,22.974,28,0.8205,0
2026-09-10 08:15:00,LINE_A,MAT_B,19.113,3.416,3.556,18.974,24,0.7906,0
2026-09-10 08:30:00,LINE_A,MAT_A,22.974,3.824,3.351,23.446,28,0.8374,0
2026-09-10 08:30:00,LINE_A,MAT_B,18.974,3.824,3.351,19.446,24,0.8103,0
2026-09-10 08:45:00,LINE_A,MAT_A,23.446,3.302,3.248,23.5,28,0.8393,0
2026-09-10 08:45:00,LINE_A,MAT_B,19.446,3.302,3.248,19.5,24,0.8125,0
2026-09-10 09:00:00,LINE_A,MAT_A,23.5,3.743,3.473,23.77,28,0.8489,0
2026-09-10 09:00:00,LINE_A,MAT_B,19.5,3.743,3.473,19.77,24,0.8238,0
2026-09-10 09:15:00,LINE_A,MAT_A,23.77,3.408,3.444,23.734,28,0.8476,0
2026-09-10 09:15:00,LINE_A,MAT_B,19.77,3.408,3.444,19.734,24,0.8223,0
2026-09-10 09:30:00,LINE_A,MAT_A,23.734,3.209,3.531,23.412,28,0.8362,0
2026-09-10 09:30:00,LINE_A,MAT_B,19.734,3.209,3.531,19.412,24,0.8088,0
2026-09-10 09:45:00,LINE_A,MAT_A,23.412,3.442,3.877,22.977,28,0.8206,0
2026-09-10 09:45:00,LINE_A,MAT_B,19.412,3.442,3.877,18.977,24,0.7907,0
2026-09-10 10:00:00,LINE_A,MAT_A,22.977,3.623,3.4,23.2,28,0.8286,0
2026-09-10 10:00:00,LINE_A,MAT_B,18.977,3.623,3.4,19.2,24,0.8,0
2026-09-10 10:15:00,LINE_A,MAT_A,23.2,3.36,3.472,23.087,28,0.8245,0
2026-09-10 10:15:00,LINE_A,MAT_B,19.2,3.36,3.472,19.087,24,0.7953,0
2026-09-10 10:30:00,LINE_A,MAT_A,23.087,3.638,3.568,23.158,28,0.8271,0
2026-09-10 10:30:00,LINE_A,MAT_B,19.087,3.638,3.568,19.158,24,0.7982,0
2026-09-10 10:45:00,LINE_A,MAT_A,23.158,3.693,3.598,23.253,28,0.8304,0
2026-09-10 10:45:00,LINE_A,MAT_B,19.158,3.693,3.598,19.253,24,0.8022,0
2026-09-10 11:00:00,LINE_A,MAT_A,23.253,3.188,3.44,23.001,28,0.8215,0
2026-09-10 11:00:00,LINE_A,MAT_B,19.253,3.188,3.44,19.001,24,0.7917,0
2026-09-10 11:15:00,LINE_A,MAT_A,23.001,3.587,3.397,23.19,28,0.8282,0
2026-09-10 11:15:00,LINE_A,MAT_B,19.001,3.587,3.397,19.19,24,0.7996,0
2026-09-10 11:30:00,LINE_A,MAT_A,23.19,3.054,3.19,23.054,28,0.8234,0
2026-09-10 11:30:00,LINE_A,MAT_B,19.19,3.054,3.19,19.054,24,0.7939,0
2026-09-10 11:45:00,LINE_A,MAT_A,23.054,3.081,3.354,22.781,28,0.8136,0
2026-09-10 11:45:00,LINE_A,MAT_B,19.054,3.081,3.354,18.781,24,0.7826,0
2026-09-10 12:00:00,LINE_A,MAT_A,22.781,3.67,3.886,22.566,28,0.8059,0
2026-09-10 12:00:00,LINE_A,MAT_B,18.781,3.67,3.886,18.566,24,0.7736,0
2026-09-10 12:15:00,LINE_A,MAT_A,22.566,3.605,3.668,22.503,28,0.8037,0
2026-09-10 12:15:00,LINE_A,MAT_B,18.566,3.605,3.668,18.503,24,0.7709,0
2026-09-10 12:30:00,LINE_A,MAT_A,22.503,3.461,3.308,22.655,28,0.8091,0
2026-09-10 12:30:00,LINE_A,MAT_B,18.503,3.461,3.308,18.655,24,0.7773,0
2026-09-10 12:45:00,LINE_A,MAT_A,22.655,3.843,3.386,23.113,28,0.8254,0
2026-09-10 12:45:00,LINE_A,MAT_B,18.655,3.843,3.386,19.113,24,0.7964,0
2026-09-10 13:00:00,LINE_A,MAT_A,23.113,3.628,3.436,23.305,28,0.8323,0
2026-09-10 13:00:00,LINE_A,MAT_B,19.113,3.628,3.436,19.305,24,0.8044,0
2026-09-10 13:15:00,LINE_A,MAT_A,23.305,3.486,3.761,23.03,28,0.8225,0
2026-09-10 13:15:00,LINE_A,MAT_B,19.305,3.486,3.761,19.03,24,0.7929,0
2026-09-10 13:30:00,LINE_A,MAT_A,23.03,3.339,3.325,23.045,28,0.823,0
2026-09-10 13:30:00,LINE_A,MAT_B,19.03,3.339,3.325,19.045,24,0.7935,0
2026-09-10 13:45:00,LINE_A,MAT_A,23.045,3.718,3.599,23.163,28,0.8273,0
2026-09-10 13:45:00,LINE_A,MAT_B,19.045,3.718,3.599,19.163,24,0.7985,0
2026-09-10 14:00:00,LINE_A,MAT_A,23.163,3.531,3.901,22.793,28,0.814,0
2026-09-10 14:00:00,LINE_A,MAT_B,19.163,3.531,3.901,18.793,24,0.783,0
2026-09-10 14:15:00,LINE_A,MAT_A,22.793,3.786,3.781,22.798,28,0.8142,0
2026-09-10 14:15:00,LINE_A,MAT_B,18.793,3.786,3.781,18.798,24,0.7832,0
2026-09-10 14:30:00,LINE_A,MAT_A,22.798,3.72,4.037,22.482,28,0.8029,0
2026-09-10 14:30:00,LINE_A,MAT_B,18.798,3.72,4.037,18.482,24,0.7701,0
2026-09-10 14:45:00,LINE_A,MAT_A,22.482,3.559,3.766,22.274,28,0.7955,0
2026-09-10 14:45:00,LINE_A,MAT_B,18.482,3.559,3.766,18.274,24,0.7614,0
2026-09-10 15:00:00,LINE_A,MAT_A,22.274,3.991,3.822,22.443,28,0.8015,0
2026-09-10 15:00:00,LINE_A,MAT_B,18.274,3.991,3.822,18.443,24,0.7684,0
2026-09-10 15:15:00,LINE_A,MAT_A,22.443,4.026,3.942,22.527,28,0.8045,0
2026-09-10 15:15:00,LINE_A,MAT_B,18.443,4.026,3.942,18.527,24,0.772,0
2026-09-10 15:30:00,LINE_A,MAT_A,22.527,3.616,3.73,22.414,28,0.8005,0
2026-09-10 15:30:00,LINE_A,MAT_B,18.527,3.616,3.73,18.414,24,0.7672,0
2026-09-10 15:45:00,LINE_A,MAT_A,22.414,3.528,3.795,22.147,28,0.791,0
2026-09-10 15:45:00,LINE_A,MAT_B,18.414,3.528,3.795,18.147,24,0.7561,0
2026-09-10 16:00:00,LINE_A,MAT_A,22.147,3.498,3.67,21.975,28,0.7848,0
2026-09-10 16:00:00,LINE_A,MAT_B,18.147,3.498,3.67,17.975,24,0.7489,0
2026-09-10 16:15:00,LINE_A,MAT_A,21.975,3.813,3.897,21.89,28,0.7818,0
2026-09-10 16:15:00,LINE_A,MAT_B,17.975,3.813,3.897,17.89,24,0.7454,0
2026-09-10 16:30:00,LINE_A,MAT_A,21.89,3.641,3.833,21.699,28,0.775,0
2026-09-10 16:30:00,LINE_A,MAT_B,17.89,3.641,3.833,17.699,24,0.7374,0
2026-09-10 16:45:00,LINE_A,MAT_A,21.699,3.782,3.703,21.778,28,0.7778,0
2026-09-10 16:45:00,LINE_A,MAT_B,17.699,3.782,3.703,17.778,24,0.7407,0
2026-09-10 17:00:00,LINE_A,MAT_A,21.778,3.593,3.701,21.67,28,0.7739,0
2026-09-10 17:00:00,LINE_A,MAT_B,17.778,3.593,3.701,17.67,24,0.7363,0
2026-09-10 17:15:00,LINE_A,MAT_A,21.67,3.769,3.748,21.692,28,0.7747,0
2026-09-10 17:15:00,LINE_A,MAT_B,17.67,3.769,3.748,17.692,24,0.7372,0
2026-09-10 17:30:00,LINE_A,MAT_A,21.692,3.622,3.629,21.685,28,0.7745,0
2026-09-10 17:30:00,LINE_A,MAT_B,17.692,3.622,3.629,17.685,24,0.7369,0
2026-09-10 17:45:00,LINE_A,MAT_A,21.685,3.423,3.543,21.566,28,0.7702,0
2026-09-10 17:45:00,LINE_A,MAT_B,17.685,3.423,3.543,17.566,24,0.7319,0
2026-09-10 18:00:00,LINE_A,MAT_A,21.566,3.747,3.477,21.836,28,0.7799,0
2026-09-10 18:00:00,LINE_A,MAT_B,17.566,3.747,3.477,17.836,24,0.7432,0
2026-09-10 18:15:00,LINE_A,MAT_A,21.836,3.501,3.426,21.911,28,0.7826,0
2026-09-10 18:15:00,LINE_A,MAT_B,17.836,3.501,3.426,17.911,24,0.7463,0
2026-09-10 18:30:00,LINE_A,MAT_A,21.911,3.357,3.598,21.671,28,0.774,0
2026-09-10 18:30:00,LINE_A,MAT_B,17.911,3.357,3.598,17.671,24,0.7363,0
2026-09-10 18:45:00,LINE_A,MAT_A,21.671,3.394,3.654,21.411,28,0.7647,0
2026-09-10 18:45:00,LINE_A,MAT_B,17.671,3.394,3.654,17.411,24,0.7255,0
2026-09-10 19:00:00,LINE_A,MAT_A,21.411,3.34,3.203,21.548,28,0.7696,0
2026-09-10 19:00:00,LINE_A,MAT_B,17.411,3.34,3.203,17.548,24,0.7312,0
2026-09-10 19:15:00,LINE_A,MAT_A,21.548,3.387,3.328,21.607,28,0.7717,0
2026-09-10 19:15:00,LINE_A,MAT_B,17.548,3.387,3.328,17.607,24,0.7336,0
2026-09-10 19:30:00,LINE_A,MAT_A,21.607,3.49,3.414,21.682,28,0.7744,0
2026-09-10 19:30:00,LINE_A,MAT_B,17.607,3.49,3.414,17.682,24,0.7368,0
2026-09-10 19:45:00,LINE_A,MAT_A,21.682,3.621,3.389,21.915,28,0.7827,0
2026-09-10 19:45:00,LINE_A,MAT_B,17.682,3.621,3.389,17.915,24,0.7465,0
2026-09-10 20:00:00,LINE_A,MAT_A,21.915,3.594,3.396,22.113,28,0.7897,0
2026-09-10 20:00:00,LINE_A,MAT_B,17.915,3.594,3.396,18.113,24,0.7547,0
2026-09-10 20:15:00,LINE_A,MAT_A,22.113,3.721,3.279,22.555,28,0.8055,0
2026-09-10 20:15:00,LINE_A,MAT_B,18.113,3.721,3.279,18.555,24,0.7731,0
2026-09-10 20:30:00,LINE_A,MAT_A,22.555,3.854,3.708,22.702,28,0.8108,0
2026-09-10 20:30:00,LINE_A,MAT_B,18.555,3.854,3.708,18.702,24,0.7792,0
2026-09-10 20:45:00,LINE_A,MAT_A,22.702,3.074,3.418,22.358,28,0.7985,0
2026-09-10 20:45:00,LINE_A,MAT_B,18.702,3.074,3.418,18.358,24,0.7649,0
2026-09-10 21:00:00,LINE_A,MAT_A,22.358,4.187,3.27,23.275,28,0.8313,0
2026-09-10 21:00:00,LINE_A,MAT_B,18.358,4.187,3.27,19.275,24,0.8031,0
2026-09-10 21:15:00,LINE_A,MAT_A,23.275,3.358,3.573,23.06,28,0.8236,0
2026-09-10 21:15:00,LINE_A,MAT_B,19.275,3.358,3.573,19.06,24,0.7942,0
2026-09-10 21:30:00,LINE_A,MAT_A,23.06,3.658,3.637,23.081,28,0.8243,0
2026-09-10 21:30:00,LINE_A,MAT_B,19.06,3.658,3.637,19.081,24,0.795,0
2026-09-10 21:45:00,LINE_A,MAT_A,23.081,3.707,3.717,23.071,28,0.8239,0
2026-09-10 21:45:00,LINE_A,MAT_B,19.081,3.707,3.717,19.071,24,0.7946,0
2026-09-10 22:00:00,LINE_A,MAT_A,23.071,2.599,2.843,22.826,28,0.8152,0
2026-09-10 22:00:00,LINE_A,MAT_B,19.071,2.599,2.843,18.826,24,0.7844,0
2026-09-10 22:15:00,LINE_A,MAT_A,22.826,2.696,2.58,22.942,28,0.8194,0
2026-09-10 22:15:00,LINE_A,MAT_B,18.826,2.696,2.58,18.942,24,0.7892,0
2026-09-10 22:30:00,LINE_A,MAT_A,22.942,2.697,2.574,23.065,28,0.8238,0
2026-09-10 22:30:00,LINE_A,MAT_B,18.942,2.697,2.574,19.065,24,0.7944,0
2026-09-10 22:45:00,LINE_A,MAT_A,23.065,2.832,2.849,23.048,28,0.8232,0
2026-09-10 22:45:00,LINE_A,MAT_B,19.065,2.832,2.849,19.048,24,0.7937,0
2026-09-10 23:00:00,LINE_A,MAT_A,23.048,2.83,2.497,23.381,28,0.8351,0
2026-09-10 23:00:00,LINE_A,MAT_B,19.048,2.83,2.497,19.381,24,0.8076,0
2026-09-10 23:15:00,LINE_A,MAT_A,23.381,2.534,2.701,23.214,28,0.8291,0
2026-09-10 23:15:00,LINE_A,MAT_B,19.381,2.534,2.701,19.214,24,0.8006,0
2026-09-10 23:30:00,LINE_A,MAT_A,23.214,2.482,2.657,23.04,28,0.8229,0
2026-09-10 23:30:00,LINE_A,MAT_B,19.214,2.482,2.657,19.04,24,0.7933,0
2026-09-10 23:45:00,LINE_A,MAT_A,23.04,2.457,2.832,22.666,28,0.8095,0
2026-09-10 23:45:00,LINE_A,MAT_B,19.04,2.457,2.832,18.666,24,0.7777,0
2026-09-11 00:00:00,LINE_A,MAT_A,22.666,2.583,2.865,22.384,28,0.7994,0
2026-09-11 00:00:00,LINE_A,MAT_B,18.666,2.583,2.865,18.384,24,0.766,0
2026-09-11 00:15:00,LINE_A,MAT_A,22.384,2.687,2.475,22.596,28,0.807,0
2026-09-11 00:15:00,LINE_A,MAT_B,18.384,2.687,2.475,18.596,24,0.7748,0
2026-09-11 00:30:00,LINE_A,MAT_A,22.596,2.643,2.552,22.687,28,0.8103,0
2026-09-11 00:30:00,LINE_A,MAT_B,18.596,2.643,2.552,18.687,24,0.7786,0
2026-09-11 00:45:00,LINE_A,MAT_A,22.687,2.541,2.397,22.831,28,0.8154,0
2026-09-11 00:45:00,LINE_A,MAT_B,18.687,2.541,2.397,18.831,24,0.7846,0
2026-09-11 01:00:00,LINE_A,MAT_A,22.831,2.844,2.572,23.103,28,0.8251,0
2026-09-11 01:00:00,LINE_A,MAT_B,18.831,2.844,2.572,19.103,24,0.796,0
2026-09-11 01:15:00,LINE_A,MAT_A,23.103,2.435,2.54,22.999,28,0.8214,0
2026-09-11 01:15:00,LINE_A,MAT_B,19.103,2.435,2.54,18.999,24,0.7916,0
2026-09-11 01:30:00,LINE_A,MAT_A,22.999,3.193,2.692,23.5,28,0.8393,0
2026-09-11 01:30:00,LINE_A,MAT_B,18.999,3.193,2.692,19.5,24,0.8125,0
2026-09-11 01:45:00,LINE_A,MAT_A,23.5,2.661,2.481,23.68,28,0.8457,0
2026-09-11 01:45:00,LINE_A,MAT_B,19.5,2.661,2.481,19.68,24,0.82,0
2026-09-11 02:00:00,LINE_A,MAT_A,23.68,2.919,2.871,23.728,28,0.8474,0
2026-09-11 02:00:00,LINE_A,MAT_B,19.68,2.919,2.871,19.728,24,0.822,0
2026-09-11 02:15:00,LINE_A,MAT_A,23.728,2.552,2.492,23.789,28,0.8496,0
2026-09-11 02:15:00,LINE_A,MAT_B,19.728,2.552,2.492,19.789,24,0.8245,0
2026-09-11 02:30:00,LINE_A,MAT_A,23.789,2.989,2.588,24.189,28,0.8639,0
2026-09-11 02:30:00,LINE_A,MAT_B,19.789,2.989,2.588,20.189,24,0.8412,0
2026-09-11 02:45:00,LINE_A,MAT_A,24.189,2.744,2.778,24.155,28,0.8627,0
2026-09-11 02:45:00,LINE_A,MAT_B,20.189,2.744,2.778,20.155,24,0.8398,0
2026-09-11 03:00:00,LINE_A,MAT_A,24.155,2.536,2.618,24.073,28,0.8598,0
2026-09-11 03:00:00,LINE_A,MAT_B,20.155,2.536,2.618,20.073,24,0.8364,0
2026-09-11 03:15:00,LINE_A,MAT_A,24.073,2.638,2.586,24.125,28,0.8616,0
2026-09-11 03:15:00,LINE_A,MAT_B,20.073,2.638,2.586,20.125,24,0.8385,0
2026-09-11 03:30:00,LINE_A,MAT_A,24.125,2.718,2.484,24.359,28,0.87,0
2026-09-11 03:30:00,LINE_A,MAT_B,20.125,2.718,2.484,20.359,24,0.8483,0
2026-09-11 03:45:00,LINE_A,MAT_A,24.359,2.785,2.749,24.395,28,0.8712,0
2026-09-11 03:45:00,LINE_A,MAT_B,20.359,2.785,2.749,20.395,24,0.8498,0
2026-09-11 04:00:00,LINE_A,MAT_A,24.395,2.777,2.715,24.457,28,0.8735,0
2026-09-11 04:00:00,LINE_A,MAT_B,20.395,2.777,2.715,20.457,24,0.8524,0
2026-09-11 04:15:00,LINE_A,MAT_A,24.457,2.7,2.577,24.58,28,0.8779,0
2026-09-11 04:15:00,LINE_A,MAT_B,20.457,2.7,2.577,20.58,24,0.8575,0
2026-09-11 04:30:00,LINE_A,MAT_A,24.58,2.869,2.833,24.617,28,0.8792,0
2026-09-11 04:30:00,LINE_A,MAT_B,20.58,2.869,2.833,20.617,24,0.859,0
2026-09-11 04:45:00,LINE_A,MAT_A,24.617,2.923,2.721,24.819,28,0.8864,0
2026-09-11 04:45:00,LINE_A,MAT_B,20.617,2.923,2.721,20.819,24,0.8675,0
2026-09-11 05:00:00,LINE_A,MAT_A,24.819,2.864,2.871,24.812,28,0.8861,0
2026-09-11 05:00:00,LINE_A,MAT_B,20.819,2.864,2.871,20.812,24,0.8672,0
2026-09-11 05:15:00,LINE_A,MAT_A,24.812,2.645,2.919,24.537,28,0.8763,0
2026-09-11 05:15:00,LINE_A,MAT_B,20.812,2.645,2.919,20.537,24,0.8557,0
2026-09-11 05:30:00,LINE_A,MAT_A,24.537,2.895,2.895,24.538,28,0.8763,0
2026-09-11 05:30:00,LINE_A,MAT_B,20.537,2.895,2.895,20.538,24,0.8557,0
2026-09-11 05:45:00,LINE_A,MAT_A,24.538,2.981,2.806,24.713,28,0.8826,0
2026-09-11 05:45:00,LINE_A,MAT_B,20.538,2.981,2.806,20.713,24,0.863,0
2026-09-11 06:00:00,LINE_A,MAT_A,24.713,3.683,3.178,24.822,28,0.8865,0
2026-09-11 06:00:00,LINE_A,MAT_B,20.713,3.683,3.178,20.822,24,0.8676,0
2026-09-11 06:15:00,LINE_A,MAT_A,24.822,3.371,3.312,24.688,28,0.8817,0
2026-09-11 06:15:00,LINE_A,MAT_B,20.822,3.371,3.312,20.688,24,0.862,0
2026-09-11 06:30:00,LINE_A,MAT_A,24.688,3.372,3.407,24.593,28,0.8783,0
2026-09-11 06:30:00,LINE_A,MAT_B,20.688,3.372,3.407,20.593,24,0.858,0
2026-09-11 06:45:00,LINE_A,MAT_A,24.593,3.253,3.32,24.526,28,0.8759,0
2026-09-11 06:45:00,LINE_A,MAT_B,20.593,3.253,3.32,20.526,24,0.8553,0
2026-09-11 07:00:00,LINE_A,MAT_A,24.526,3.79,3.385,24.615,28,0.8791,0
2026-09-11 07:00:00,LINE_A,MAT_B,20.526,3.79,3.385,20.615,24,0.859,0
2026-09-11 07:15:00,LINE_A,MAT_A,24.615,3.263,3.512,24.366,28,0.8702,0
2026-09-11 07:15:00,LINE_A,MAT_B,20.615,3.263,3.512,20.366,24,0.8486,0
2026-09-11 07:30:00,LINE_A,MAT_A,24.366,3.342,3.617,24.091,28,0.8604,0
2026-09-11 07:30:00,LINE_A,MAT_B,20.366,3.342,3.617,20.091,24,0.8371,0
2026-09-11 07:45:00,LINE_A,MAT_A,24.091,3.501,3.269,24.324,28,0.8687,0
2026-09-11 07:45:00,LINE_A,MAT_B,20.091,3.501,3.269,20.324,24,0.8468,0
2026-09-11 08:00:00,LINE_A,MAT_A,24.324,3.455,3.42,24.358,28,0.8699,0
2026-09-11 08:00:00,LINE_A,MAT_B,20.324,3.455,3.42,20.358,24,0.8483,0
2026-09-11 08:15:00,LINE_A,MAT_A,24.358,3.267,3.459,24.166,28,0.8631,0
2026-09-11 08:15:00,LINE_A,MAT_B,20.358,3.267,3.459,20.166,24,0.8403,0
2026-09-11 08:30:00,LINE_A,MAT_A,24.166,3.434,3.279,24.321,28,0.8686,0
2026-09-11 08:30:00,LINE_A,MAT_B,20.166,3.434,3.279,20.321,24,0.8467,0
2026-09-11 08:45:00,LINE_A,MAT_A,24.321,3.738,3.482,24.518,28,0.8756,0
2026-09-11 08:45:00,LINE_A,MAT_B,20.321,3.738,3.482,20.518,24,0.8549,0
2026-09-11 09:00:00,LINE_A,MAT_A,24.518,3.835,3.579,24.421,28,0.8722,0
2026-09-11 09:00:00,LINE_A,MAT_B,20.518,3.835,3.579,20.421,24,0.8509,0
2026-09-11 09:15:00,LINE_A,MAT_A,24.421,3.564,3.403,24.582,28,0.8779,0
2026-09-11 09:15:00,LINE_A,MAT_B,20.421,3.564,3.403,20.582,24,0.8576,0
2026-09-11 09:30:00,LINE_A,MAT_A,24.582,3.473,3.525,24.475,28,0.8741,0
2026-09-11 09:30:00,LINE_A,MAT_B,20.582,3.473,3.525,20.475,24,0.8531,0
2026-09-11 09:45:00,LINE_A,MAT_A,24.475,3.295,3.574,24.195,28,0.8641,0
2026-09-11 09:45:00,LINE_A,MAT_B,20.475,3.295,3.574,20.195,24,0.8415,0
2026-09-11 10:00:00,LINE_A,MAT_A,24.195,3.795,3.466,24.524,28,0.8758,0
2026-09-11 10:00:00,LINE_A,MAT_B,20.195,3.795,3.466,20.524,24,0.8552,0
2026-09-11 10:15:00,LINE_A,MAT_A,24.524,3.558,3.584,24.416,28,0.872,0
2026-09-11 10:15:00,LINE_A,MAT_B,20.524,3.558,3.584,20.416,24,0.8507,0
2026-09-11 10:30:00,LINE_A,MAT_A,24.416,3.265,3.543,24.138,28,0.8621,0
2026-09-11 10:30:00,LINE_A,MAT_B,20.416,3.265,3.543,20.138,24,0.8391,0
2026-09-11 10:45:00,LINE_A,MAT_A,24.138,3.964,3.314,24.686,28,0.8817,0
2026-09-11 10:45:00,LINE_A,MAT_B,20.138,3.964,3.314,20.686,24,0.8619,0
2026-09-11 11:00:00,LINE_A,MAT_A,24.686,3.746,3.616,24.384,28,0.8709,0
2026-09-11 11:00:00,LINE_A,MAT_B,20.686,3.746,3.616,20.384,24,0.8493,0
2026-09-11 11:15:00,LINE_A,MAT_A,24.384,3.705,3.433,24.567,28,0.8774,0
2026-09-11 11:15:00,LINE_A,MAT_B,20.384,3.705,3.433,20.567,24,0.8569,0
2026-09-11 11:30:00,LINE_A,MAT_A,24.567,3.199,3.05,24.716,28,0.8827,0
2026-09-11 11:30:00,LINE_A,MAT_B,20.567,3.199,3.05,20.716,24,0.8631,0
2026-09-11 11:45:00,LINE_A,MAT_A,24.716,3.013,3.143,24.586,28,0.8781,0
2026-09-11 11:45:00,LINE_A,MAT_B,20.716,3.013,3.143,20.586,24,0.8577,0
2026-09-11 12:00:00,LINE_A,MAT_A,24.586,3.777,3.682,24.318,28,0.8685,0
2026-09-11 12:00:00,LINE_A,MAT_B,20.586,3.777,3.682,20.318,24,0.8466,0
2026-09-11 12:15:00,LINE_A,MAT_A,24.318,3.709,3.635,24.365,28,0.8702,0
2026-09-11 12:15:00,LINE_A,MAT_B,20.318,3.709,3.635,20.365,24,0.8485,0
2026-09-11 12:30:00,LINE_A,MAT_A,24.365,3.484,3.435,24.414,28,0.8719,0
2026-09-11 12:30:00,LINE_A,MAT_B,20.365,3.484,3.435,20.414,24,0.8506,0
2026-09-11 12:45:00,LINE_A,MAT_A,24.414,3.434,3.512,24.337,28,0.8692,0
2026-09-11 12:45:00,LINE_A,MAT_B,20.414,3.434,3.512,20.337,24,0.8474,0
2026-09-11 13:00:00,LINE_A,MAT_A,24.337,3.709,3.611,24.389,28,0.8711,0
2026-09-11 13:00:00,LINE_A,MAT_B,20.337,3.709,3.611,20.389,24,0.8496,0
2026-09-11 13:15:00,LINE_A,MAT_A,24.389,3.355,3.601,24.143,28,0.8622,0
2026-09-11 13:15:00,LINE_A,MAT_B,20.389,3.355,3.601,20.143,24,0.8393,0
2026-09-11 13:30:00,LINE_A,MAT_A,24.143,3.35,3.585,23.907,28,0.8538,0
2026-09-11 13:30:00,LINE_A,MAT_B,20.143,3.35,3.585,19.907,24,0.8295,0
2026-09-11 13:45:00,LINE_A,MAT_A,23.907,3.678,3.49,24.095,28,0.8605,0
2026-09-11 13:45:00,LINE_A,MAT_B,19.907,3.678,3.49,20.095,24,0.8373,0
2026-09-11 14:00:00,LINE_A,MAT_A,24.095,3.79,3.492,24.393,28,0.8712,0
2026-09-11 14:00:00,LINE_A,MAT_B,20.095,3.79,3.492,20.393,24,0.8497,0
2026-09-11 14:15:00,LINE_A,MAT_A,24.393,3.715,4.018,23.982,28,0.8565,0
2026-09-11 14:15:00,LINE_A,MAT_B,20.393,3.715,4.018,19.982,24,0.8326,0
2026-09-11 14:30:00,LINE_A,MAT_A,23.982,3.871,3.702,24.151,28,0.8626,0
2026-09-11 14:30:00,LINE_A,MAT_B,19.982,3.871,3.702,20.151,24,0.8396,0
2026-09-11 14:45:00,LINE_A,MAT_A,24.151,4.211,3.743,24.257,28,0.8663,0
2026-09-11 14:45:00,LINE_A,MAT_B,20.151,4.211,3.743,20.257,24,0.844,0
2026-09-11 15:00:00,LINE_A,MAT_A,24.257,3.617,3.683,24.19,28,0.8639,0
2026-09-11 15:00:00,LINE_A,MAT_B,20.257,3.617,3.683,20.19,24,0.8413,0
2026-09-11 15:15:00,LINE_A,MAT_A,24.19,3.449,3.816,23.823,28,0.8508,0
2026-09-11 15:15:00,LINE_A,MAT_B,20.19,3.449,3.816,19.823,24,0.8259,0
2026-09-11 15:30:00,LINE_A,MAT_A,23.823,3.563,3.654,23.732,28,0.8476,0
2026-09-11 15:30:00,LINE_A,MAT_B,19.823,3.563,3.654,19.732,24,0.8222,0
2026-09-11 15:45:00,LINE_A,MAT_A,23.732,3.663,3.589,23.806,28,0.8502,0
2026-09-11 15:45:00,LINE_A,MAT_B,19.732,3.663,3.589,19.806,24,0.8253,0
2026-09-11 16:00:00,LINE_A,MAT_A,23.806,3.865,3.752,23.919,28,0.8543,0
2026-09-11 16:00:00,LINE_A,MAT_B,19.806,3.865,3.752,19.919,24,0.83,0
2026-09-11 16:15:00,LINE_A,MAT_A,23.919,2.414,3.858,22.474,28,0.8027,0
2026-09-11 16:15:00,LINE_A,MAT_B,19.919,2.414,3.858,18.474,24,0.7698,0
2026-09-11 16:30:00,LINE_A,MAT_A,22.474,2.515,3.725,21.265,28,0.7595,0
2026-09-11 16:30:00,LINE_A,MAT_B,18.474,2.515,3.725,17.265,24,0.7194,0
2026-09-11 16:45:00,LINE_A,MAT_A,21.265,2.528,3.787,20.006,28,0.7145,0
2026-09-11 16:45:00,LINE_A,MAT_B,17.265,2.528,3.787,16.006,24,0.6669,0
2026-09-11 17:00:00,LINE_A,MAT_A,20.006,2.467,3.772,18.701,28,0.6679,0
2026-09-11 17:00:00,LINE_A,MAT_B,16.006,2.467,3.772,14.701,24,0.6125,0
2026-09-11 17:15:00,LINE_A,MAT_A,18.701,2.489,3.61,17.579,28,0.6278,0
2026-09-11 17:15:00,LINE_A,MAT_B,14.701,2.489,3.61,13.579,24,0.5658,0
2026-09-11 17:30:00,LINE_A,MAT_A,17.579,2.535,3.631,16.483,28,0.5887,0
2026-09-11 17:30:00,LINE_A,MAT_B,13.579,2.535,3.631,12.483,24,0.5201,0
2026-09-11 17:45:00,LINE_A,MAT_A,16.483,4.643,3.64,17.487,28,0.6245,0
2026-09-11 17:45:00,LINE_A,MAT_B,12.483,4.643,3.64,13.487,24,0.5619,0
2026-09-11 18:00:00,LINE_A,MAT_A,17.487,4.447,3.685,18.248,28,0.6517,0
2026-09-11 18:00:00,LINE_A,MAT_B,13.487,4.447,3.685,14.248,24,0.5937,0
2026-09-11 18:15:00,LINE_A,MAT_A,18.248,4.392,3.747,18.892,28,0.6747,0
2026-09-11 18:15:00,LINE_A,MAT_B,14.248,4.392,3.747,14.892,24,0.6205,0
2026-09-11 18:30:00,LINE_A,MAT_A,18.892,4.707,3.669,19.931,28,0.7118,0
2026-09-11 18:30:00,LINE_A,MAT_B,14.892,4.707,3.669,15.931,24,0.6638,0
2026-09-11 18:45:00,LINE_A,MAT_A,19.931,4.654,3.652,20.933,28,0.7476,0
2026-09-11 18:45:00,LINE_A,MAT_B,15.931,4.654,3.652,16.933,24,0.7055,0
2026-09-11 19:00:00,LINE_A,MAT_A,20.933,4.817,3.149,22.601,28,0.8072,0
2026-09-11 19:00:00,LINE_A,MAT_B,16.933,4.817,3.149,18.601,24,0.7751,0
2026-09-11 19:15:00,LINE_A,MAT_A,22.601,4.4,3.126,23.876,28,0.8527,0
2026-09-11 19:15:00,LINE_A,MAT_B,18.601,4.4,3.126,19.876,24,0.8282,0
2026-09-11 19:30:00,LINE_A,MAT_A,23.876,4.507,3.525,24.475,28,0.8741,0
2026-09-11 19:30:00,LINE_A,MAT_B,19.876,4.507,3.525,20.475,24,0.8531,0
2026-09-11 19:45:00,LINE_A,MAT_A,24.475,4.688,3.723,24.277,28,0.867,0
2026-09-11 19:45:00,LINE_A,MAT_B,20.475,4.688,3.723,20.277,24,0.8449,0
2026-09-11 20:00:00,LINE_A,MAT_A,24.277,5.013,3.548,24.452,28,0.8733,0
2026-09-11 20:00:00,LINE_A,MAT_B,20.277,5.013,3.548,20.452,24,0.8522,0
2026-09-11 20:15:00,LINE_A,MAT_A,24.452,3.683,3.519,24.481,28,0.8743,0
2026-09-11 20:15:00,LINE_A,MAT_B,20.452,3.683,3.519,20.481,24,0.8534,0
2026-09-11 20:30:00,LINE_A,MAT_A,24.481,4.026,3.521,24.479,28,0.8742,0
2026-09-11 20:30:00,LINE_A,MAT_B,20.481,4.026,3.521,20.479,24,0.8533,0
2026-09-11 20:45:00,LINE_A,MAT_A,24.479,3.445,3.644,24.28,28,0.8671,0
2026-09-11 20:45:00,LINE_A,MAT_B,20.479,3.445,3.644,20.28,24,0.845,0
2026-09-11 21:00:00,LINE_A,MAT_A,24.28,3.378,3.718,23.939,28,0.855,0
2026-09-11 21:00:00,LINE_A,MAT_B,20.28,3.378,3.718,19.939,24,0.8308,0
2026-09-11 21:15:00,LINE_A,MAT_A,23.939,3.783,3.555,24.167,28,0.8631,0
2026-09-11 21:15:00,LINE_A,MAT_B,19.939,3.783,3.555,20.167,24,0.8403,0
2026-09-11 21:30:00,LINE_A,MAT_A,24.167,3.663,3.718,24.112,28,0.8611,0
2026-09-11 21:30:00,LINE_A,MAT_B,20.167,3.663,3.718,20.112,24,0.838,0
2026-09-11 21:45:00,LINE_A,MAT_A,24.112,3.74,3.554,24.298,28,0.8678,0
2026-09-11 21:45:00,LINE_A,MAT_B,20.112,3.74,3.554,20.298,24,0.8457,0
2026-09-11 22:00:00,LINE_A,MAT_A,24.298,2.684,2.76,24.222,28,0.8651,0
2026-09-11 22:00:00,LINE_A,MAT_B,20.298,2.684,2.76,20.222,24,0.8426,0
2026-09-11 22:15:00,LINE_A,MAT_A,24.222,2.619,2.527,24.314,28,0.8683,0
2026-09-11 22:15:00,LINE_A,MAT_B,20.222,2.619,2.527,20.314,24,0.8464,0
2026-09-11 22:30:00,LINE_A,MAT_A,24.314,2.689,2.765,24.237,28,0.8656,0
2026-09-11 22:30:00,LINE_A,MAT_B,20.314,2.689,2.765,20.237,24,0.8432,0
2026-09-11 22:45:00,LINE_A,MAT_A,24.237,2.723,2.683,24.278,28,0.8671,0
2026-09-11 22:45:00,LINE_A,MAT_B,20.237,2.723,2.683,20.278,24,0.8449,0
2026-09-11 23:00:00,LINE_A,MAT_A,24.278,2.676,2.677,24.277,28,0.867,0
2026-09-11 23:00:00,LINE_A,MAT_B,20.278,2.676,2.677,20.277,24,0.8449,0
2026-09-11 23:15:00,LINE_A,MAT_A,24.277,2.843,2.586,24.533,28,0.8762,0
2026-09-11 23:15:00,LINE_A,MAT_B,20.277,2.843,2.586,20.533,24,0.8556,0
2026-09-11 23:30:00,LINE_A,MAT_A,24.533,2.447,2.828,24.152,28,0.8626,0
2026-09-11 23:30:00,LINE_A,MAT_B,20.533,2.447,2.828,20.152,24,0.8397,0
2026-09-11 23:45:00,LINE_A,MAT_A,24.152,2.174,2.82,23.505,28,0.8395,0
2026-09-11 23:45:00,LINE_A,MAT_B,20.152,2.174,2.82,19.505,24,0.8127,0
2026-09-12 00:00:00,LINE_A,MAT_A,23.505,2.259,2.168,23.597,28,0.8428,0
2026-09-12 00:00:00,LINE_A,MAT_B,19.505,2.259,2.168,19.597,24,0.8165,0
2026-09-12 00:15:00,LINE_A,MAT_A,23.597,2.258,2.202,23.653,28,0.8447,0
2026-09-12 00:15:00,LINE_A,MAT_B,19.597,2.258,2.202,19.653,24,0.8189,0
2026-09-12 00:30:00,LINE_A,MAT_A,23.653,2.13,2.044,23.739,28,0.8478,0
2026-09-12 00:30:00,LINE_A,MAT_B,19.653,2.13,2.044,19.739,24,0.8224,0
2026-09-12 00:45:00,LINE_A,MAT_A,23.739,2.07,2.006,23.803,28,0.8501,0
2026-09-12 00:45:00,LINE_A,MAT_B,19.739,2.07,2.006,19.803,24,0.8251,0
2026-09-12 01:00:00,LINE_A,MAT_A,23.803,2.455,2.315,23.943,28,0.8551,0
2026-09-12 01:00:00,LINE_A,MAT_B,19.803,2.455,2.315,19.943,24,0.831,0
2026-09-12 01:15:00,LINE_A,MAT_A,23.943,2.531,1.953,24.522,28,0.8758,0
2026-09-12 01:15:00,LINE_A,MAT_B,19.943,2.531,1.953,20.522,24,0.8551,0
2026-09-12 01:30:00,LINE_A,MAT_A,24.522,2.177,2.176,24.522,28,0.8758,0
2026-09-12 01:30:00,LINE_A,MAT_B,20.522,2.177,2.176,20.522,24,0.8551,0
2026-09-12 01:45:00,LINE_A,MAT_A,24.522,2.255,1.906,24.872,28,0.8883,0
2026-09-12 01:45:00,LINE_A,MAT_B,20.522,2.255,1.906,20.872,24,0.8696,0
2026-09-12 02:00:00,LINE_A,MAT_A,24.872,2.278,2.195,24.955,28,0.8912,0
2026-09-12 02:00:00,LINE_A,MAT_B,20.872,2.278,2.195,20.955,24,0.8731,0
2026-09-12 02:15:00,LINE_A,MAT_A,24.955,2.083,2.27,24.767,28,0.8845,0
2026-09-12 02:15:00,LINE_A,MAT_B,20.955,2.083,2.27,20.767,24,0.8653,0
2026-09-12 02:30:00,LINE_A,MAT_A,24.767,2.219,2.145,24.841,28,0.8872,0
2026-09-12 02:30:00,LINE_A,MAT_B,20.767,2.219,2.145,20.841,24,0.8684,0
2026-09-12 02:45:00,LINE_A,MAT_A,24.841,2.214,2.206,24.85,28,0.8875,0
2026-09-12 02:45:00,LINE_A,MAT_B,20.841,2.214,2.206,20.85,24,0.8687,0
2026-09-12 03:00:00,LINE_A,MAT_A,24.85,1.957,1.999,24.807,28,0.886,0
2026-09-12 03:00:00,LINE_A,MAT_B,20.85,1.957,1.999,20.807,24,0.867,0
2026-09-12 03:15:00,LINE_A,MAT_A,24.807,2.116,2.082,24.841,28,0.8872,0
2026-09-12 03:15:00,LINE_A,MAT_B,20.807,2.116,2.082,20.841,24,0.8684,0
2026-09-12 03:30:00,LINE_A,MAT_A,24.841,2.25,2.259,24.832,28,0.8869,0
2026-09-12 03:30:00,LINE_A,MAT_B,20.841,2.25,2.259,20.832,24,0.868,0
2026-09-12 03:45:00,LINE_A,MAT_A,24.832,1.944,2.31,24.467,28,0.8738,0
2026-09-12 03:45:00,LINE_A,MAT_B,20.832,1.944,2.31,20.467,24,0.8528,0
2026-09-12 04:00:00,LINE_A,MAT_A,24.467,2.201,2.287,24.38,28,0.8707,0
2026-09-12 04:00:00,LINE_A,MAT_B,20.467,2.201,2.287,20.38,24,0.8492,0
2026-09-12 04:15:00,LINE_A,MAT_A,24.38,2.289,2.084,24.586,28,0.8781,0
2026-09-12 04:15:00,LINE_A,MAT_B,20.38,2.289,2.084,20.586,24,0.8577,0
2026-09-12 04:30:00,LINE_A,MAT_A,24.586,2.205,2.511,24.279,28,0.8671,0
2026-09-12 04:30:00,LINE_A,MAT_B,20.586,2.205,2.511,20.279,24,0.8449,0
2026-09-12 04:45:00,LINE_A,MAT_A,24.279,2.377,2.022,24.634,28,0.8798,0
2026-09-12 04:45:00,LINE_A,MAT_B,20.279,2.377,2.022,20.634,24,0.8598,0
2026-09-12 05:00:00,LINE_A,MAT_A,24.634,2.031,2.301,24.364,28,0.8702,0
2026-09-12 05:00:00,LINE_A,MAT_B,20.634,2.031,2.301,20.364,24,0.8485,0
2026-09-12 05:15:00,LINE_A,MAT_A,24.364,2.381,2.197,24.548,28,0.8767,0
2026-09-12 05:15:00,LINE_A,MAT_B,20.364,2.381,2.197,20.548,24,0.8562,0
2026-09-12 05:30:00,LINE_A,MAT_A,24.548,2.116,2.423,24.242,28,0.8658,0
2026-09-12 05:30:00,LINE_A,MAT_B,20.548,2.116,2.423,20.242,24,0.8434,0
2026-09-12 05:45:00,LINE_A,MAT_A,24.242,2.49,2.15,24.582,28,0.8779,0
2026-09-12 05:45:00,LINE_A,MAT_B,20.242,2.49,2.15,20.582,24,0.8576,0
2026-09-12 06:00:00,LINE_A,MAT_A,24.582,3.035,2.539,25.078,28,0.8956,0
2026-09-12 06:00:00,LINE_A,MAT_B,20.582,3.035,2.539,21.078,24,0.8782,0
2026-09-12 06:15:00,LINE_A,MAT_A,25.078,2.816,2.749,25.145,28,0.898,0
2026-09-12 06:15:00,LINE_A,MAT_B,21.078,2.816,2.749,21.145,24,0.881,0
2026-09-12 06:30:00,LINE_A,MAT_A,25.145,2.93,2.829,25.171,28,0.899,0
2026-09-12 06:30:00,LINE_A,MAT_B,21.145,2.93,2.829,21.171,24,0.8821,0
2026-09-12 06:45:00,LINE_A,MAT_A,25.171,2.708,2.651,25.228,28,0.901,0
2026-09-12 06:45:00,LINE_A,MAT_B,21.171,2.708,2.651,21.228,24,0.8845,0
2026-09-12 07:00:00,LINE_A,MAT_A,25.228,3.005,2.938,25.062,28,0.8951,0
2026-09-12 07:00:00,LINE_A,MAT_B,21.228,3.005,2.938,21.062,24,0.8776,0
2026-09-12 07:15:00,LINE_A,MAT_A,25.062,2.591,2.876,24.778,28,0.8849,0
2026-09-12 07:15:00,LINE_A,MAT_B,21.062,2.591,2.876,20.778,24,0.8657,0
2026-09-12 07:30:00,LINE_A,MAT_A,24.778,2.914,2.47,25.222,28,0.9008,0
2026-09-12 07:30:00,LINE_A,MAT_B,20.778,2.914,2.47,21.222,24,0.8842,0
2026-09-12 07:45:00,LINE_A,MAT_A,25.222,2.862,2.797,25.203,28,0.9001,0
2026-09-12 07:45:00,LINE_A,MAT_B,21.222,2.862,2.797,21.203,24,0.8834,0
2026-09-12 08:00:00,LINE_A,MAT_A,25.203,2.771,2.778,25.196,28,0.8998,0
2026-09-12 08:00:00,LINE_A,MAT_B,21.203,2.771,2.778,21.196,24,0.8832,0
2026-09-12 08:15:00,LINE_A,MAT_A,25.196,2.773,2.913,25.056,28,0.8948,0
2026-09-12 08:15:00,LINE_A,MAT_B,21.196,2.773,2.913,21.056,24,0.8773,0
2026-09-12 08:30:00,LINE_A,MAT_A,25.056,2.639,2.885,24.809,28,0.886,0
2026-09-12 08:30:00,LINE_A,MAT_B,21.056,2.639,2.885,20.809,24,0.8671,0
2026-09-12 08:45:00,LINE_A,MAT_A,24.809,2.878,2.774,24.914,28,0.8898,0
2026-09-12 08:45:00,LINE_A,MAT_B,20.809,2.878,2.774,20.914,24,0.8714,0
2026-09-12 09:00:00,LINE_A,MAT_A,24.914,2.805,3.065,24.653,28,0.8805,0
2026-09-12 09:00:00,LINE_A,MAT_B,20.914,2.805,3.065,20.653,24,0.8606,0
2026-09-12 09:15:00,LINE_A,MAT_A,24.653,2.794,2.802,24.645,28,0.8802,0
2026-09-12 09:15:00,LINE_A,MAT_B,20.653,2.794,2.802,20.645,24,0.8602,0
2026-09-12 09:30:00,LINE_A,MAT_A,24.645,2.838,2.866,24.617,28,0.8792,0
2026-09-12 09:30:00,LINE_A,MAT_B,20.645,2.838,2.866,20.617,24,0.859,0
2026-09-12 09:45:00,LINE_A,MAT_A,24.617,3.287,2.91,24.993,28,0.8926,0
2026-09-12 09:45:00,LINE_A,MAT_B,20.617,3.287,2.91,20.993,24,0.8747,0
2026-09-12 10:00:00,LINE_A,MAT_A,24.993,3.196,3.184,24.816,28,0.8863,0
2026-09-12 10:00:00,LINE_A,MAT_B,20.993,3.196,3.184,20.816,24,0.8673,0
2026-09-12 10:15:00,LINE_A,MAT_A,24.816,3.092,2.659,25.249,28,0.9017,0
2026-09-12 10:15:00,LINE_A,MAT_B,20.816,3.092,2.659,21.249,24,0.8854,0
2026-09-12 10:30:00,LINE_A,MAT_A,25.249,2.673,2.94,24.982,28,0.8922,0
2026-09-12 10:30:00,LINE_A,MAT_B,21.249,2.673,2.94,20.982,24,0.8742,0
2026-09-12 10:45:00,LINE_A,MAT_A,24.982,3.144,3.077,24.923,28,0.8901,0
2026-09-12 10:45:00,LINE_A,MAT_B,20.982,3.144,3.077,20.923,24,0.8718,0
2026-09-12 11:00:00,LINE_A,MAT_A,24.923,2.937,2.88,24.98,28,0.8922,0
2026-09-12 11:00:00,LINE_A,MAT_B,20.923,2.937,2.88,20.98,24,0.8742,0
2026-09-12 11:15:00,LINE_A,MAT_A,24.98,3.01,2.885,25.105,28,0.8966,0
2026-09-12 11:15:00,LINE_A,MAT_B,20.98,3.01,2.885,21.105,24,0.8794,0
2026-09-12 11:30:00,LINE_A,MAT_A,25.105,2.653,2.683,25.075,28,0.8955,0
2026-09-12 11:30:00,LINE_A,MAT_B,21.105,2.653,2.683,21.075,24,0.8781,0
2026-09-12 11:45:00,LINE_A,MAT_A,25.075,2.592,2.571,25.096,28,0.8963,0
2026-09-12 11:45:00,LINE_A,MAT_B,21.075,2.592,2.571,21.096,24,0.879,0
2026-09-12 12:00:00,LINE_A,MAT_A,25.096,2.724,2.985,24.835,28,0.887,0
2026-09-12 12:00:00,LINE_A,MAT_B,21.096,2.724,2.985,20.835,24,0.8681,0
2026-09-12 12:15:00,LINE_A,MAT_A,24.835,3.132,2.889,25.079,28,0.8957,0
2026-09-12 12:15:00,LINE_A,MAT_B,20.835,3.132,2.889,21.079,24,0.8783,0
2026-09-12 12:30:00,LINE_A,MAT_A,25.079,2.975,2.964,25.036,28,0.8941,0
2026-09-12 12:30:00,LINE_A,MAT_B,21.079,2.975,2.964,21.036,24,0.8765,0
2026-09-12 12:45:00,LINE_A,MAT_A,25.036,3.101,2.873,25.127,28,0.8974,0
2026-09-12 12:45:00,LINE_A,MAT_B,21.036,3.101,2.873,21.127,24,0.8803,0
2026-09-12 13:00:00,LINE_A,MAT_A,25.127,2.811,2.744,25.195,28,0.8998,0
2026-09-12 13:00:00,LINE_A,MAT_B,21.127,2.811,2.744,21.195,24,0.8831,0
2026-09-12 13:15:00,LINE_A,MAT_A,25.195,3.047,2.878,25.122,28,0.8972,0
2026-09-12 13:15:00,LINE_A,MAT_B,21.195,3.047,2.878,21.122,24,0.8801,0
2026-09-12 13:30:00,LINE_A,MAT_A,25.122,3.106,3.107,24.893,28,0.8891,0
2026-09-12 13:30:00,LINE_A,MAT_B,21.122,3.106,3.107,20.893,24,0.8706,0
2026-09-12 13:45:00,LINE_A,MAT_A,24.893,2.825,3.107,24.611,28,0.879,0
2026-09-12 13:45:00,LINE_A,MAT_B,20.893,2.825,3.107,20.611,24,0.8588,0
2026-09-12 14:00:00,LINE_A,MAT_A,24.611,2.735,3.264,24.082,28,0.8601,0
2026-09-12 14:00:00,LINE_A,MAT_B,20.611,2.735,3.264,20.082,24,0.8368,0
2026-09-12 14:15:00,LINE_A,MAT_A,24.082,2.929,2.963,24.048,28,0.8589,0
2026-09-12 14:15:00,LINE_A,MAT_B,20.082,2.929,2.963,20.048,24,0.8353,0
2026-09-12 14:30:00,LINE_A,MAT_A,24.048,3.147,3.065,24.129,28,0.8617,0
2026-09-12 14:30:00,LINE_A,MAT_B,20.048,3.147,3.065,20.129,24,0.8387,0
2026-09-12 14:45:00,LINE_A,MAT_A,24.129,2.719,3.096,23.752,28,0.8483,0
2026-09-12 14:45:00,LINE_A,MAT_B,20.129,2.719,3.096,19.752,24,0.823,0
2026-09-12 15:00:00,LINE_A,MAT_A,23.752,3.263,3.146,23.869,28,0.8525,0
2026-09-12 15:00:00,LINE_A,MAT_B,19.752,3.263,3.146,19.869,24,0.8279,0
2026-09-12 15:15:00,LINE_A,MAT_A,23.869,3.056,3.011,23.913,28,0.8541,0
2026-09-12 15:15:00,LINE_A,MAT_B,19.869,3.056,3.011,19.913,24,0.8297,0
2026-09-12 15:30:00,LINE_A,MAT_A,23.913,2.747,3.127,23.534,28,0.8405,0
2026-09-12 15:30:00,LINE_A,MAT_B,19.913,2.747,3.127,19.534,24,0.8139,0
2026-09-12 15:45:00,LINE_A,MAT_A,23.534,2.979,3.206,23.307,28,0.8324,0
2026-09-12 15:45:00,LINE_A,MAT_B,19.534,2.979,3.206,19.307,24,0.8044,0
2026-09-12 16:00:00,LINE_A,MAT_A,23.307,2.999,2.919,23.387,28,0.8352,0
2026-09-12 16:00:00,LINE_A,MAT_B,19.307,2.999,2.919,19.387,24,0.8078,0
2026-09-12 16:15:00,LINE_A,MAT_A,23.387,2.911,3.096,23.202,28,0.8286,0
2026-09-12 16:15:00,LINE_A,MAT_B,19.387,2.911,3.096,19.202,24,0.8001,0
2026-09-12 16:30:00,LINE_A,MAT_A,23.202,3.082,3.197,23.086,28,0.8245,0
2026-09-12 16:30:00,LINE_A,MAT_B,19.202,3.082,3.197,19.086,24,0.7953,0
2026-09-12 16:45:00,LINE_A,MAT_A,23.086,2.88,3.043,22.924,28,0.8187,0
2026-09-12 16:45:00,LINE_A,MAT_B,19.086,2.88,3.043,18.924,24,0.7885,0
2026-09-12 17:00:00,LINE_A,MAT_A,22.924,3.044,3.044,22.924,28,0.8187,0
2026-09-12 17:00:00,LINE_A,MAT_B,18.924,3.044,3.044,18.924,24,0.7885,0
2026-09-12 17:15:00,LINE_A,MAT_A,22.924,3.026,3.124,22.826,28,0.8152,0
2026-09-12 17:15:00,LINE_A,MAT_B,18.924,3.026,3.124,18.826,24,0.7844,0
2026-09-12 17:30:00,LINE_A,MAT_A,22.826,2.909,2.74,22.994,28,0.8212,0
2026-09-12 17:30:00,LINE_A,MAT_B,18.826,2.909,2.74,18.994,24,0.7914,0
2026-09-12 17:45:00,LINE_A,MAT_A,22.994,3.016,3.01,23.0,28,0.8214,0
2026-09-12 17:45:00,LINE_A,MAT_B,18.994,3.016,3.01,19.0,24,0.7917,0
2026-09-12 18:00:00,LINE_A,MAT_A,23.0,2.799,2.952,22.847,28,0.816,0
2026-09-12 18:00:00,LINE_A,MAT_B,19.0,2.799,2.952,18.847,24,0.7853,0
2026-09-12 18:15:00,LINE_A,MAT_A,22.847,3.134,3.077,22.904,28,0.818,0
2026-09-12 18:15:00,LINE_A,MAT_B,18.847,3.134,3.077,18.904,24,0.7877,0
2026-09-12 18:30:00,LINE_A,MAT_A,22.904,3.18,2.831,23.253,28,0.8305,0
2026-09-12 18:30:00,LINE_A,MAT_B,18.904,3.18,2.831,19.253,24,0.8022,0
2026-09-12 18:45:00,LINE_A,MAT_A,23.253,2.981,2.871,23.363,28,0.8344,0
2026-09-12 18:45:00,LINE_A,MAT_B,19.253,2.981,2.871,19.363,24,0.8068,0
2026-09-12 19:00:00,LINE_A,MAT_A,23.363,2.677,2.762,23.278,28,0.8313,0
2026-09-12 19:00:00,LINE_A,MAT_B,19.363,2.677,2.762,19.278,24,0.8032,0
2026-09-12 19:15:00,LINE_A,MAT_A,23.278,2.239,2.592,22.925,28,0.8188,0
2026-09-12 19:15:00,LINE_A,MAT_B,19.278,2.239,2.592,18.925,24,0.7886,0
2026-09-12 19:30:00,LINE_A,MAT_A,22.925,3.067,2.757,23.235,28,0.8298,0
2026-09-12 19:30:00,LINE_A,MAT_B,18.925,3.067,2.757,19.235,24,0.8015,0
2026-09-12 19:45:00,LINE_A,MAT_A,23.235,3.053,3.067,23.221,28,0.8293,0
2026-09-12 19:45:00,LINE_A,MAT_B,19.235,3.053,3.067,19.221,24,0.8009,0
2026-09-12 20:00:00,LINE_A,MAT_A,23.221,3.161,2.944,23.438,28,0.8371,0
2026-09-12 20:00:00,LINE_A,MAT_B,19.221,3.161,2.944,19.438,24,0.8099,0
2026-09-12 20:15:00,LINE_A,MAT_A,23.438,2.521,3.336,22.623,28,0.808,0
2026-09-12 20:15:00,LINE_A,MAT_B,19.438,2.521,3.336,18.623,24,0.776,0
2026-09-12 20:30:00,LINE_A,MAT_A,22.623,2.806,3.013,22.415,28,0.8005,0
2026-09-12 20:30:00,LINE_A,MAT_B,18.623,2.806,3.013,18.415,24,0.7673,0
2026-09-12 20:45:00,LINE_A,MAT_A,22.415,2.748,2.977,22.186,28,0.7924,0
2026-09-12 20:45:00,LINE_A,MAT_B,18.415,2.748,2.977,18.186,24,0.7578,0
2026-09-12 21:00:00,LINE_A,MAT_A,22.186,2.878,3.048,22.016,28,0.7863,0
2026-09-12 21:00:00,LINE_A,MAT_B,18.186,2.878,3.048,18.016,24,0.7506,0
2026-09-12 21:15:00,LINE_A,MAT_A,22.016,2.85,2.837,22.028,28,0.7867,0
2026-09-12 21:15:00,LINE_A,MAT_B,18.016,2.85,2.837,18.028,24,0.7512,0
2026-09-12 21:30:00,LINE_A,MAT_A,22.028,3.067,3.023,22.072,28,0.7883,0
2026-09-12 21:30:00,LINE_A,MAT_B,18.028,3.067,3.023,18.072,24,0.753,0
2026-09-12 21:45:00,LINE_A,MAT_A,22.072,2.674,2.949,21.797,28,0.7785,0
2026-09-12 21:45:00,LINE_A,MAT_B,18.072,2.674,2.949,17.797,24,0.7416,0
2026-09-12 22:00:00,LINE_A,MAT_A,21.797,2.384,2.36,21.821,28,0.7793,0
2026-09-12 22:00:00,LINE_A,MAT_B,17.797,2.384,2.36,17.821,24,0.7426,0
2026-09-12 22:15:00,LINE_A,MAT_A,21.821,1.969,2.448,21.342,28,0.7622,0
2026-09-12 22:15:00,LINE_A,MAT_B,17.821,1.969,2.448,17.342,24,0.7226,0
2026-09-12 22:30:00,LINE_A,MAT_A,21.342,2.143,2.339,21.146,28,0.7552,0
2026-09-12 22:30:00,LINE_A,MAT_B,17.342,2.143,2.339,17.146,24,0.7144,0
2026-09-12 22:45:00,LINE_A,MAT_A,21.146,2.2,2.167,21.179,28,0.7564,0
2026-09-12 22:45:00,LINE_A,MAT_B,17.146,2.2,2.167,17.179,24,0.7158,0
2026-09-12 23:00:00,LINE_A,MAT_A,21.179,2.236,2.304,21.111,28,0.754,0
2026-09-12 23:00:00,LINE_A,MAT_B,17.179,2.236,2.304,17.111,24,0.7129,0
2026-09-12 23:15:00,LINE_A,MAT_A,21.111,2.304,2.121,21.293,28,0.7605,0
2026-09-12 23:15:00,LINE_A,MAT_B,17.111,2.304,2.121,17.293,24,0.7205,0
2026-09-12 23:30:00,LINE_A,MAT_A,21.293,2.105,2.144,21.254,28,0.7591,0
2026-09-12 23:30:00,LINE_A,MAT_B,17.293,2.105,2.144,17.254,24,0.7189,0
2026-09-12 23:45:00,LINE_A,MAT_A,21.254,1.842,2.041,21.055,28,0.752,0
2026-09-12 23:45:00,LINE_A,MAT_B,17.254,1.842,2.041,17.055,24,0.7106,0
2026-09-13 00:00:00,LINE_A,MAT_A,21.055,2.231,2.002,21.283,28,0.7601,0
2026-09-13 00:00:00,LINE_A,MAT_B,17.055,2.231,2.002,17.283,24,0.7201,0
2026-09-13 00:15:00,LINE_A,MAT_A,21.283,2.318,2.038,21.563,28,0.7701,0
2026-09-13 00:15:00,LINE_A,MAT_B,17.283,2.318,2.038,17.563,24,0.7318,0
2026-09-13 00:30:00,LINE_A,MAT_A,21.563,2.278,2.321,21.52,28,0.7686,0
2026-09-13 00:30:00,LINE_A,MAT_B,17.563,2.278,2.321,17.52,24,0.73,0
2026-09-13 00:45:00,LINE_A,MAT_A,21.52,1.997,2.102,21.416,28,0.7648,0
2026-09-13 00:45:00,LINE_A,MAT_B,17.52,1.997,2.102,17.416,24,0.7257,0
2026-09-13 01:00:00,LINE_A,MAT_A,21.416,1.993,2.315,21.094,28,0.7534,0
2026-09-13 01:00:00,LINE_A,MAT_B,17.416,1.993,2.315,17.094,24,0.7123,0
2026-09-13 01:15:00,LINE_A,MAT_A,21.094,2.007,2.258,20.843,28,0.7444,0
2026-09-13 01:15:00,LINE_A,MAT_B,17.094,2.007,2.258,16.843,24,0.7018,0
2026-09-13 01:30:00,LINE_A,MAT_A,20.843,2.219,1.981,21.082,28,0.7529,0
2026-09-13 01:30:00,LINE_A,MAT_B,16.843,2.219,1.981,17.082,24,0.7117,0
2026-09-13 01:45:00,LINE_A,MAT_A,21.082,2.252,2.285,21.048,28,0.7517,0
2026-09-13 01:45:00,LINE_A,MAT_B,17.082,2.252,2.285,17.048,24,0.7103,0
2026-09-13 02:00:00,LINE_A,MAT_A,21.048,2.202,2.067,21.182,28,0.7565,0
2026-09-13 02:00:00,LINE_A,MAT_B,17.048,2.202,2.067,17.182,24,0.7159,0
2026-09-13 02:15:00,LINE_A,MAT_A,21.182,1.94,2.246,20.876,28,0.7456,0
2026-09-13 02:15:00,LINE_A,MAT_B,17.182,1.94,2.246,16.876,24,0.7032,0
2026-09-13 02:30:00,LINE_A,MAT_A,20.876,2.271,2.008,21.14,28,0.755,0
2026-09-13 02:30:00,LINE_A,MAT_B,16.876,2.271,2.008,17.14,24,0.7142,0
2026-09-13 02:45:00,LINE_A,MAT_A,21.14,2.247,2.362,21.024,28,0.7509,0
2026-09-13 02:45:00,LINE_A,MAT_B,17.14,2.247,2.362,17.024,24,0.7094,0
2026-09-13 03:00:00,LINE_A,MAT_A,21.024,1.948,2.114,20.858,28,0.7449,0
2026-09-13 03:00:00,LINE_A,MAT_B,17.024,1.948,2.114,16.858,24,0.7024,0
2026-09-13 03:15:00,LINE_A,MAT_A,20.858,2.255,2.189,20.925,28,0.7473,0
2026-09-13 03:15:00,LINE_A,MAT_B,16.858,2.255,2.189,16.925,24,0.7052,0
2026-09-13 03:30:00,LINE_A,MAT_A,20.925,2.058,2.101,20.882,28,0.7458,0
2026-09-13 03:30:00,LINE_A,MAT_B,16.925,2.058,2.101,16.882,24,0.7034,0
2026-09-13 03:45:00,LINE_A,MAT_A,20.882,2.206,2.195,20.892,28,0.7462,0
2026-09-13 03:45:00,LINE_A,MAT_B,16.882,2.206,2.195,16.892,24,0.7038,0
2026-09-13 04:00:00,LINE_A,MAT_A,20.892,1.984,1.96,20.917,28,0.747,0
2026-09-13 04:00:00,LINE_A,MAT_B,16.892,1.984,1.96,16.917,24,0.7049,0
2026-09-13 04:15:00,LINE_A,MAT_A,20.917,2.208,2.402,20.723,28,0.7401,0
2026-09-13 04:15:00,LINE_A,MAT_B,16.917,2.208,2.402,16.723,24,0.6968,0
2026-09-13 04:30:00,LINE_A,MAT_A,20.723,2.07,2.208,20.585,28,0.7352,0
2026-09-13 04:30:00,LINE_A,MAT_B,16.723,2.07,2.208,16.585,24,0.691,0
2026-09-13 04:45:00,LINE_A,MAT_A,20.585,2.417,2.358,20.644,28,0.7373,0
2026-09-13 04:45:00,LINE_A,MAT_B,16.585,2.417,2.358,16.644,24,0.6935,0
2026-09-13 05:00:00,LINE_A,MAT_A,20.644,2.211,2.414,20.44,28,0.73,0
2026-09-13 05:00:00,LINE_A,MAT_B,16.644,2.211,2.414,16.44,24,0.685,0
2026-09-13 05:15:00,LINE_A,MAT_A,20.44,2.13,2.33,20.241,28,0.7229,0
2026-09-13 05:15:00,LINE_A,MAT_B,16.44,2.13,2.33,16.241,24,0.6767,0
2026-09-13 05:30:00,LINE_A,MAT_A,20.241,2.468,2.346,20.362,28,0.7272,0
2026-09-13 05:30:00,LINE_A,MAT_B,16.241,2.468,2.346,16.362,24,0.6818,0
2026-09-13 05:45:00,LINE_A,MAT_A,20.362,2.013,2.161,20.214,28,0.7219,0
2026-09-13 05:45:00,LINE_A,MAT_B,16.362,2.013,2.161,16.214,24,0.6756,0
2026-09-13 06:00:00,LINE_A,MAT_A,20.214,3.081,2.868,20.426,28,0.7295,0
2026-09-13 06:00:00,LINE_A,MAT_B,16.214,3.081,2.868,16.426,24,0.6844,0
2026-09-13 06:15:00,LINE_A,MAT_A,20.426,3.001,2.78,20.646,28,0.7374,0
2026-09-13 06:15:00,LINE_A,MAT_B,16.426,3.001,2.78,16.646,24,0.6936,0
2026-09-13 06:30:00,LINE_A,MAT_A,20.646,2.687,3.076,20.257,28,0.7234,0
2026-09-13 06:30:00,LINE_A,MAT_B,16.646,2.687,3.076,16.257,24,0.6774,0
2026-09-13 06:45:00,LINE_A,MAT_A,20.257,2.844,2.691,20.41,28,0.7289,0
2026-09-13 06:45:00,LINE_A,MAT_B,16.257,2.844,2.691,16.41,24,0.6837,0
2026-09-13 07:00:00,LINE_A,MAT_A,20.41,2.84,2.801,20.448,28,0.7303,0
2026-09-13 07:00:00,LINE_A,MAT_B,16.41,2.84,2.801,16.448,24,0.6853,0
2026-09-13 07:15:00,LINE_A,MAT_A,20.448,2.693,2.724,20.417,28,0.7292,0
2026-09-13 07:15:00,LINE_A,MAT_B,16.448,2.693,2.724,16.417,24,0.6841,0
2026-09-13 07:30:00,LINE_A,MAT_A,20.417,2.949,2.849,20.517,28,0.7328,0
2026-09-13 07:30:00,LINE_A,MAT_B,16.417,2.949,2.849,16.517,24,0.6882,0
2026-09-13 07:45:00,LINE_A,MAT_A,20.517,2.946,2.741,20.723,28,0.7401,0
2026-09-13 07:45:00,LINE_A,MAT_B,16.517,2.946,2.741,16.723,24,0.6968,0
2026-09-13 08:00:00,LINE_A,MAT_A,20.723,2.702,2.882,20.543,28,0.7337,0
2026-09-13 08:00:00,LINE_A,MAT_B,16.723,2.702,2.882,16.543,24,0.6893,0
2026-09-13 08:15:00,LINE_A,MAT_A,20.543,2.757,2.884,20.416,28,0.7291,0
2026-09-13 08:15:00,LINE_A,MAT_B,16.543,2.757,2.884,16.416,24,0.684,0
2026-09-13 08:30:00,LINE_A,MAT_A,20.416,2.874,2.801,20.489,28,0.7317,0
2026-09-13 08:30:00,LINE_A,MAT_B,16.416,2.874,2.801,16.489,24,0.687,0
2026-09-13 08:45:00,LINE_A,MAT_A,20.489,2.663,3.0,20.152,28,0.7197,0
2026-09-13 08:45:00,LINE_A,MAT_B,16.489,2.663,3.0,16.152,24,0.673,0
2026-09-13 09:00:00,LINE_A,MAT_A,20.152,3.116,3.006,20.263,28,0.7237,0
2026-09-13 09:00:00,LINE_A,MAT_B,16.152,3.116,3.006,16.263,24,0.6776,0
2026-09-13 09:15:00,LINE_A,MAT_A,20.263,2.634,3.19,19.706,28,0.7038,0
2026-09-13 09:15:00,LINE_A,MAT_B,16.263,2.634,3.19,15.706,24,0.6544,0
2026-09-13 09:30:00,LINE_A,MAT_A,19.706,2.72,2.648,19.778,28,0.7063,0
2026-09-13 09:30:00,LINE_A,MAT_B,15.706,2.72,2.648,15.778,24,0.6574,0
2026-09-13 09:45:00,LINE_A,MAT_A,19.778,2.98,2.779,19.979,28,0.7135,0
2026-09-13 09:45:00,LINE_A,MAT_B,15.778,2.98,2.779,15.979,24,0.6658,0
2026-09-13 10:00:00,LINE_A,MAT_A,19.979,2.836,2.774,20.041,28,0.7158,0
2026-09-13 10:00:00,LINE_A,MAT_B,15.979,2.836,2.774,16.041,24,0.6684,0
2026-09-13 10:15:00,LINE_A,MAT_A,20.041,2.685,2.768,19.958,28,0.7128,0
2026-09-13 10:15:00,LINE_A,MAT_B,16.041,2.685,2.768,15.958,24,0.6649,0
2026-09-13 10:30:00,LINE_A,MAT_A,19.958,2.744,2.902,19.801,28,0.7072,0
2026-09-13 10:30:00,LINE_A,MAT_B,15.958,2.744,2.902,15.801,24,0.6584,0
2026-09-13 10:45:00,LINE_A,MAT_A,19.801,2.875,2.941,19.735,28,0.7048,0
2026-09-13 10:45:00,LINE_A,MAT_B,15.801,2.875,2.941,15.735,24,0.6556,0
2026-09-13 11:00:00,LINE_A,MAT_A,19.735,3.144,2.871,20.007,28,0.7145,0
2026-09-13 11:00:00,LINE_A,MAT_B,15.735,3.144,2.871,16.007,24,0.667,0
2026-09-13 11:15:00,LINE_A,MAT_A,20.007,3.158,3.113,20.052,28,0.7161,0
2026-09-13 11:15:00,LINE_A,MAT_B,16.007,3.158,3.113,16.052,24,0.6688,0
2026-09-13 11:30:00,LINE_A,MAT_A,20.052,2.234,2.612,19.675,28,0.7027,0
2026-09-13 11:30:00,LINE_A,MAT_B,16.052,2.234,2.612,15.675,24,0.6531,0
2026-09-13 11:45:00,LINE_A,MAT_A,19.675,2.837,2.653,19.858,28,0.7092,0
2026-09-13 11:45:00,LINE_A,MAT_B,15.675,2.837,2.653,15.858,24,0.6608,0
2026-09-13 12:00:00,LINE_A,MAT_A,19.858,2.869,2.916,19.812,28,0.7076,0
2026-09-13 12:00:00,LINE_A,MAT_B,15.858,2.869,2.916,15.812,24,0.6588,0
2026-09-13 12:15:00,LINE_A,MAT_A,19.812,2.925,2.762,19.975,28,0.7134,0
2026-09-13 12:15:00,LINE_A,MAT_B,15.812,2.925,2.762,15.975,24,0.6656,0
2026-09-13 12:30:00,LINE_A,MAT_A,19.975,3.146,3.331,19.79,28,0.7068,0
2026-09-13 12:30:00,LINE_A,MAT_B,15.975,3.146,3.331,15.79,24,0.6579,0
2026-09-13 12:45:00,LINE_A,MAT_A,19.79,3.133,2.822,20.101,28,0.7179,0
2026-09-13 12:45:00,LINE_A,MAT_B,15.79,3.133,2.822,16.101,24,0.6709,0
2026-09-13 13:00:00,LINE_A,MAT_A,20.101,3.267,2.93,20.438,28,0.7299,0
2026-09-13 13:00:00,LINE_A,MAT_B,16.101,3.267,2.93,16.438,24,0.6849,0
2026-09-13 13:15:00,LINE_A,MAT_A,20.438,2.732,2.928,20.242,28,0.7229,0
2026-09-13 13:15:00,LINE_A,MAT_B,16.438,2.732,2.928,16.242,24,0.6767,0
2026-09-13 13:30:00,LINE_A,MAT_A,20.242,3.085,3.027,20.3,28,0.725,0
2026-09-13 13:30:00,LINE_A,MAT_B,16.242,3.085,3.027,16.3,24,0.6791,0
2026-09-13 13:45:00,LINE_A,MAT_A,20.3,3.183,3.015,20.468,28,0.731,0
2026-09-13 13:45:00,LINE_A,MAT_B,16.3,3.183,3.015,16.468,24,0.6862,0
2026-09-13 14:00:00,LINE_A,MAT_A,20.468,3.045,3.066,20.447,28,0.7302,0
2026-09-13 14:00:00,LINE_A,MAT_B,16.468,3.045,3.066,16.447,24,0.6853,0
2026-09-13 14:15:00,LINE_A,MAT_A,20.447,3.242,3.31,20.379,28,0.7278,0
2026-09-13 14:15:00,LINE_A,MAT_B,16.447,3.242,3.31,16.379,24,0.6825,0
2026-09-13 14:30:00,LINE_A,MAT_A,20.379,3.47,3.132,20.718,28,0.7399,0
2026-09-13 14:30:00,LINE_A,MAT_B,16.379,3.47,3.132,16.718,24,0.6966,0
2026-09-13 14:45:00,LINE_A,MAT_A,20.718,3.235,3.109,20.844,28,0.7444,0
2026-09-13 14:45:00,LINE_A,MAT_B,16.718,3.235,3.109,16.844,24,0.7018,0
2026-09-13 15:00:00,LINE_A,MAT_A,20.844,3.244,3.068,21.019,28,0.7507,0
2026-09-13 15:00:00,LINE_A,MAT_B,16.844,3.244,3.068,17.019,24,0.7091,0
2026-09-13 15:15:00,LINE_A,MAT_A,21.019,3.045,3.048,21.017,28,0.7506,0
2026-09-13 15:15:00,LINE_A,MAT_B,17.019,3.045,3.048,17.017,24,0.709,0
2026-09-13 15:30:00,LINE_A,MAT_A,21.017,3.194,3.053,21.157,28,0.7556,0
2026-09-13 15:30:00,LINE_A,MAT_B,17.017,3.194,3.053,17.157,24,0.7149,0
2026-09-13 15:45:00,LINE_A,MAT_A,21.157,1.508,3.379,19.286,28,0.6888,0
2026-09-13 15:45:00,LINE_A,MAT_B,17.157,1.508,3.379,15.286,24,0.6369,0
2026-09-13 16:00:00,LINE_A,MAT_A,19.286,3.037,2.777,19.546,28,0.6981,0
2026-09-13 16:00:00,LINE_A,MAT_B,15.286,3.037,2.777,15.546,24,0.6477,0
2026-09-13 16:15:00,LINE_A,MAT_A,19.546,2.931,2.971,19.505,28,0.6966,0
2026-09-13 16:15:00,LINE_A,MAT_B,15.546,2.931,2.971,15.505,24,0.6461,0
2026-09-13 16:30:00,LINE_A,MAT_A,19.505,4.259,3.075,20.69,28,0.7389,0
2026-09-13 16:30:00,LINE_A,MAT_B,15.505,4.259,3.075,16.69,24,0.6954,0
2026-09-13 16:45:00,LINE_A,MAT_A,20.69,3.255,3.007,20.937,28,0.7477,0
2026-09-13 16:45:00,LINE_A,MAT_B,16.69,3.255,3.007,16.937,24,0.7057,0
2026-09-13 17:00:00,LINE_A,MAT_A,20.937,3.284,3.228,20.993,28,0.7498,0
2026-09-13 17:00:00,LINE_A,MAT_B,16.937,3.284,3.228,16.993,24,0.708,0
2026-09-13 17:15:00,LINE_A,MAT_A,20.993,2.775,2.812,20.956,28,0.7484,0
2026-09-13 17:15:00,LINE_A,MAT_B,16.993,2.775,2.812,16.956,24,0.7065,0
2026-09-13 17:30:00,LINE_A,MAT_A,20.956,3.329,3.093,21.193,28,0.7569,0
2026-09-13 17:30:00,LINE_A,MAT_B,16.956,3.329,3.093,17.193,24,0.7164,0
2026-09-13 17:45:00,LINE_A,MAT_A,21.193,3.001,3.168,21.026,28,0.7509,0
2026-09-13 17:45:00,LINE_A,MAT_B,17.193,3.001,3.168,17.026,24,0.7094,0
2026-09-13 18:00:00,LINE_A,MAT_A,21.026,2.731,2.759,20.998,28,0.7499,0
2026-09-13 18:00:00,LINE_A,MAT_B,17.026,2.731,2.759,16.998,24,0.7082,0
2026-09-13 18:15:00,LINE_A,MAT_A,20.998,2.881,2.9,20.978,28,0.7492,0
2026-09-13 18:15:00,LINE_A,MAT_B,16.998,2.881,2.9,16.978,24,0.7074,0
2026-09-13 18:30:00,LINE_A,MAT_A,20.978,2.606,3.002,20.582,28,0.7351,0
2026-09-13 18:30:00,LINE_A,MAT_B,16.978,2.606,3.002,16.582,24,0.6909,0
2026-09-13 18:45:00,LINE_A,MAT_A,20.582,3.021,2.954,20.649,28,0.7375,0
2026-09-13 18:45:00,LINE_A,MAT_B,16.582,3.021,2.954,16.649,24,0.6937,0
2026-09-13 19:00:00,LINE_A,MAT_A,20.649,2.688,2.465,20.871,28,0.7454,0
2026-09-13 19:00:00,LINE_A,MAT_B,16.649,2.688,2.465,16.871,24,0.703,0
2026-09-13 19:15:00,LINE_A,MAT_A,20.871,2.436,2.62,20.688,28,0.7388,0
2026-09-13 19:15:00,LINE_A,MAT_B,16.871,2.436,2.62,16.688,24,0.6953,0
2026-09-13 19:30:00,LINE_A,MAT_A,20.688,2.791,2.929,20.549,28,0.7339,0
2026-09-13 19:30:00,LINE_A,MAT_B,16.688,2.791,2.929,16.549,24,0.6895,0
2026-09-13 19:45:00,LINE_A,MAT_A,20.549,2.931,3.077,20.404,28,0.7287,0
2026-09-13 19:45:00,LINE_A,MAT_B,16.549,2.931,3.077,16.404,24,0.6835,0
2026-09-13 20:00:00,LINE_A,MAT_A,20.404,2.863,2.964,20.304,28,0.7251,0
2026-09-13 20:00:00,LINE_A,MAT_B,16.404,2.863,2.964,16.304,24,0.6793,0
2026-09-13 20:15:00,LINE_A,MAT_A,20.304,2.984,2.901,20.386,28,0.7281,0
2026-09-13 20:15:00,LINE_A,MAT_B,16.304,2.984,2.901,16.386,24,0.6828,0
2026-09-13 20:30:00,LINE_A,MAT_A,20.386,2.902,2.761,20.527,28,0.7331,0
2026-09-13 20:30:00,LINE_A,MAT_B,16.386,2.902,2.761,16.527,24,0.6886,0
2026-09-13 20:45:00,LINE_A,MAT_A,20.527,3.02,2.997,20.55,28,0.7339,0
2026-09-13 20:45:00,LINE_A,MAT_B,16.527,3.02,2.997,16.55,24,0.6896,0
2026-09-13 21:00:00,LINE_A,MAT_A,20.55,2.747,2.929,20.367,28,0.7274,0
2026-09-13 21:00:00,LINE_A,MAT_B,16.55,2.747,2.929,16.367,24,0.682,0
2026-09-13 21:15:00,LINE_A,MAT_A,20.367,2.749,2.639,20.478,28,0.7313,0
2026-09-13 21:15:00,LINE_A,MAT_B,16.367,2.749,2.639,16.478,24,0.6866,0
2026-09-13 21:30:00,LINE_A,MAT_A,20.478,2.741,2.812,20.407,28,0.7288,0
2026-09-13 21:30:00,LINE_A,MAT_B,16.478,2.741,2.812,16.407,24,0.6836,0
2026-09-13 21:45:00,LINE_A,MAT_A,20.407,2.947,3.086,20.267,28,0.7238,0
2026-09-13 21:45:00,LINE_A,MAT_B,16.407,2.947,3.086,16.267,24,0.6778,0
2026-09-13 22:00:00,LINE_A,MAT_A,20.267,2.183,2.275,20.175,28,0.7205,0
2026-09-13 22:00:00,LINE_A,MAT_B,16.267,2.183,2.275,16.175,24,0.674,0
2026-09-13 22:15:00,LINE_A,MAT_A,20.175,2.164,2.481,19.858,28,0.7092,0
2026-09-13 22:15:00,LINE_A,MAT_B,16.175,2.164,2.481,15.858,24,0.6608,0
2026-09-13 22:30:00,LINE_A,MAT_A,19.858,2.274,2.152,19.98,28,0.7136,0
2026-09-13 22:30:00,LINE_A,MAT_B,15.858,2.274,2.152,15.98,24,0.6658,0
2026-09-13 22:45:00,LINE_A,MAT_A,19.98,2.478,2.044,20.414,28,0.7291,0
2026-09-13 22:45:00,LINE_A,MAT_B,15.98,2.478,2.044,16.414,24,0.6839,0
2026-09-13 23:00:00,LINE_A,MAT_A,20.414,2.427,2.202,20.638,28,0.7371,0
2026-09-13 23:00:00,LINE_A,MAT_B,16.414,2.427,2.202,16.638,24,0.6932,0
2026-09-13 23:15:00,LINE_A,MAT_A,20.638,2.357,2.067,20.928,28,0.7474,0
2026-09-13 23:15:00,LINE_A,MAT_B,16.638,2.357,2.067,16.928,24,0.7053,0
2026-09-13 23:30:00,LINE_A,MAT_A,20.928,2.059,2.254,20.733,28,0.7405,0
2026-09-13 23:30:00,LINE_A,MAT_B,16.928,2.059,2.254,16.733,24,0.6972,0
2026-09-13 23:45:00,LINE_A,MAT_A,20.733,2.245,2.147,20.831,28,0.744,0
2026-09-13 23:45:00,LINE_A,MAT_B,16.733,2.245,2.147,16.831,24,0.7013,0
2026-09-14 00:00:00,LINE_A,MAT_A,20.831,2.786,2.692,20.926,28,0.7473,0
2026-09-14 00:00:00,LINE_A,MAT_B,16.831,2.786,2.692,16.926,24,0.7052,0
2026-09-14 00:15:00,LINE_A,MAT_A,20.926,2.715,2.771,20.869,28,0.7453,0
2026-09-14 00:15:00,LINE_A,MAT_B,16.926,2.715,2.771,16.869,24,0.7029,0
2026-09-14 00:30:00,LINE_A,MAT_A,20.869,2.744,2.683,20.93,28,0.7475,0
2026-09-14 00:30:00,LINE_A,MAT_B,16.869,2.744,2.683,16.93,24,0.7054,0
2026-09-14 00:45:00,LINE_A,MAT_A,20.93,2.612,2.543,21.0,28,0.75,0
2026-09-14 00:45:00,LINE_A,MAT_B,16.93,2.612,2.543,17.0,24,0.7083,0
2026-09-14 01:00:00,LINE_A,MAT_A,21.0,2.481,2.74,20.741,28,0.7407,0
2026-09-14 01:00:00,LINE_A,MAT_B,17.0,2.481,2.74,16.741,24,0.6975,0
2026-09-14 01:15:00,LINE_A,MAT_A,20.741,2.571,2.598,20.714,28,0.7398,0
2026-09-14 01:15:00,LINE_A,MAT_B,16.741,2.571,2.598,16.714,24,0.6964,0
2026-09-14 01:30:00,LINE_A,MAT_A,20.714,2.766,2.627,20.853,28,0.7447,0
2026-09-14 01:30:00,LINE_A,MAT_B,16.714,2.766,2.627,16.853,24,0.7022,0
2026-09-14 01:45:00,LINE_A,MAT_A,20.853,2.494,2.73,20.616,28,0.7363,0
2026-09-14 01:45:00,LINE_A,MAT_B,16.853,2.494,2.73,16.616,24,0.6924,0
2026-09-14 02:00:00,LINE_A,MAT_A,20.616,2.685,2.54,20.762,28,0.7415,0
2026-09-14 02:00:00,LINE_A,MAT_B,16.616,2.685,2.54,16.762,24,0.6984,0
2026-09-14 02:15:00,LINE_A,MAT_A,20.762,2.87,2.804,20.828,28,0.7439,0
2026-09-14 02:15:00,LINE_A,MAT_B,16.762,2.87,2.804,16.828,24,0.7012,0
2026-09-14 02:30:00,LINE_A,MAT_A,20.828,2.551,2.554,20.825,28,0.7437,0
2026-09-14 02:30:00,LINE_A,MAT_B,16.828,2.551,2.554,16.825,24,0.701,0
2026-09-14 02:45:00,LINE_A,MAT_A,20.825,3.002,2.647,21.18,28,0.7564,0
2026-09-14 02:45:00,LINE_A,MAT_B,16.825,3.002,2.647,17.18,24,0.7158,0
2026-09-14 03:00:00,LINE_A,MAT_A,21.18,2.857,2.522,21.515,28,0.7684,0
2026-09-14 03:00:00,LINE_A,MAT_B,17.18,2.857,2.522,17.515,24,0.7298,0
2026-09-14 03:15:00,LINE_A,MAT_A,21.515,2.765,2.734,21.545,28,0.7695,0
2026-09-14 03:15:00,LINE_A,MAT_B,17.515,2.765,2.734,17.545,24,0.7311,0
2026-09-14 03:30:00,LINE_A,MAT_A,21.545,2.625,2.586,21.585,28,0.7709,0
2026-09-14 03:30:00,LINE_A,MAT_B,17.545,2.625,2.586,17.585,24,0.7327,0
2026-09-14 03:45:00,LINE_A,MAT_A,21.585,2.588,2.701,21.471,28,0.7668,0
2026-09-14 03:45:00,LINE_A,MAT_B,17.585,2.588,2.701,17.471,24,0.728,0
2026-09-14 04:00:00,LINE_A,MAT_A,21.471,2.622,2.641,21.452,28,0.7661,0
2026-09-14 04:00:00,LINE_A,MAT_B,17.471,2.622,2.641,17.452,24,0.7272,0
2026-09-14 04:15:00,LINE_A,MAT_A,21.452,2.984,2.543,21.893,28,0.7819,0
2026-09-14 04:15:00,LINE_A,MAT_B,17.452,2.984,2.543,17.893,24,0.7456,0
2026-09-14 04:30:00,LINE_A,MAT_A,21.893,2.809,2.882,21.821,28,0.7793,0
2026-09-14 04:30:00,LINE_A,MAT_B,17.893,2.809,2.882,17.821,24,0.7425,0
2026-09-14 04:45:00,LINE_A,MAT_A,21.821,2.805,2.623,22.003,28,0.7858,0
2026-09-14 04:45:00,LINE_A,MAT_B,17.821,2.805,2.623,18.003,24,0.7501,0
2026-09-14 05:00:00,LINE_A,MAT_A,22.003,2.505,2.819,21.689,28,0.7746,0
2026-09-14 05:00:00,LINE_A,MAT_B,18.003,2.505,2.819,17.689,24,0.7371,0
2026-09-14 05:15:00,LINE_A,MAT_A,21.689,2.69,2.628,21.751,28,0.7768,0
2026-09-14 05:15:00,LINE_A,MAT_B,17.689,2.69,2.628,17.751,24,0.7396,0
2026-09-14 05:30:00,LINE_A,MAT_A,21.751,2.647,2.566,21.831,28,0.7797,0
2026-09-14 05:30:00,LINE_A,MAT_B,17.751,2.647,2.566,17.831,24,0.743,0
2026-09-14 05:45:00,LINE_A,MAT_A,21.831,2.505,2.496,21.84,28,0.78,0
2026-09-14 05:45:00,LINE_A,MAT_B,17.831,2.505,2.496,17.84,24,0.7433,0
2026-09-14 06:00:00,LINE_A,MAT_A,21.84,3.08,3.337,21.584,28,0.7709,0
2026-09-14 06:00:00,LINE_A,MAT_B,17.84,3.08,3.337,17.584,24,0.7327,0
2026-09-14 06:15:00,LINE_A,MAT_A,21.584,3.784,3.439,21.93,28,0.7832,0
2026-09-14 06:15:00,LINE_A,MAT_B,17.584,3.784,3.439,17.93,24,0.7471,0
2026-09-14 06:30:00,LINE_A,MAT_A,21.93,3.571,3.157,22.344,28,0.798,0
2026-09-14 06:30:00,LINE_A,MAT_B,17.93,3.571,3.157,18.344,24,0.7644,0
2026-09-14 06:45:00,LINE_A,MAT_A,22.344,3.309,3.437,22.216,28,0.7934,0
2026-09-14 06:45:00,LINE_A,MAT_B,18.344,3.309,3.437,18.216,24,0.759,0
2026-09-14 07:00:00,LINE_A,MAT_A,22.216,3.456,3.21,22.461,28,0.8022,0
2026-09-14 07:00:00,LINE_A,MAT_B,18.216,3.456,3.21,18.461,24,0.7692,0
2026-09-14 07:15:00,LINE_A,MAT_A,22.461,3.505,3.314,22.652,28,0.809,0
2026-09-14 07:15:00,LINE_A,MAT_B,18.461,3.505,3.314,18.652,24,0.7772,0
2026-09-14 07:30:00,LINE_A,MAT_A,22.652,3.571,3.297,22.926,28,0.8188,0
2026-09-14 07:30:00,LINE_A,MAT_B,18.652,3.571,3.297,18.926,24,0.7886,0
2026-09-14 07:45:00,LINE_A,MAT_A,22.926,3.09,3.358,22.659,28,0.8092,0
2026-09-14 07:45:00,LINE_A,MAT_B,18.926,3.09,3.358,18.659,24,0.7774,0
2026-09-14 08:00:00,LINE_A,MAT_A,22.659,3.313,3.199,22.773,28,0.8133,0
2026-09-14 08:00:00,LINE_A,MAT_B,18.659,3.313,3.199,18.773,24,0.7822,0
2026-09-14 08:15:00,LINE_A,MAT_A,22.773,3.386,3.369,22.79,28,0.8139,0
2026-09-14 08:15:00,LINE_A,MAT_B,18.773,3.386,3.369,18.79,24,0.7829,0
2026-09-14 08:30:00,LINE_A,MAT_A,22.79,3.413,3.406,22.797,28,0.8142,0
2026-09-14 08:30:00,LINE_A,MAT_B,18.79,3.413,3.406,18.797,24,0.7832,0
2026-09-14 08:45:00,LINE_A,MAT_A,22.797,3.444,3.371,22.87,28,0.8168,0
2026-09-14 08:45:00,LINE_A,MAT_B,18.797,3.444,3.371,18.87,24,0.7863,0
2026-09-14 09:00:00,LINE_A,MAT_A,22.87,3.526,3.519,22.877,28,0.817,0
2026-09-14 09:00:00,LINE_A,MAT_B,18.87,3.526,3.519,18.877,24,0.7865,0
2026-09-14 09:15:00,LINE_A,MAT_A,22.877,3.517,3.457,22.937,28,0.8192,0
2026-09-14 09:15:00,LINE_A,MAT_B,18.877,3.517,3.457,18.937,24,0.7891,0
2026-09-14 09:30:00,LINE_A,MAT_A,22.937,3.081,3.343,22.675,28,0.8098,0
2026-09-14 09:30:00,LINE_A,MAT_B,18.937,3.081,3.343,18.675,24,0.7781,0
2026-09-14 09:45:00,LINE_A,MAT_A,22.675,3.57,3.474,22.772,28,0.8133,0
2026-09-14 09:45:00,LINE_A,MAT_B,18.675,3.57,3.474,18.772,24,0.7822,0
2026-09-14 10:00:00,LINE_A,MAT_A,22.772,3.4,3.508,22.664,28,0.8094,0
2026-09-14 10:00:00,LINE_A,MAT_B,18.772,3.4,3.508,18.664,24,0.7777,0
2026-09-14 10:15:00,LINE_A,MAT_A,22.664,3.606,3.35,22.92,28,0.8186,0
2026-09-14 10:15:00,LINE_A,MAT_B,18.664,3.606,3.35,18.92,24,0.7883,0
2026-09-14 10:30:00,LINE_A,MAT_A,22.92,3.464,3.808,22.576,28,0.8063,0
2026-09-14 10:30:00,LINE_A,MAT_B,18.92,3.464,3.808,18.576,24,0.774,0
2026-09-14 10:45:00,LINE_A,MAT_A,22.576,3.422,3.541,22.456,28,0.802,0
2026-09-14 10:45:00,LINE_A,MAT_B,18.576,3.422,3.541,18.456,24,0.769,0
2026-09-14 11:00:00,LINE_A,MAT_A,22.456,3.404,3.38,22.48,28,0.8029,0
2026-09-14 11:00:00,LINE_A,MAT_B,18.456,3.404,3.38,18.48,24,0.77,0
2026-09-14 11:15:00,LINE_A,MAT_A,22.48,3.751,3.605,22.626,28,0.8081,0
2026-09-14 11:15:00,LINE_A,MAT_B,18.48,3.751,3.605,18.626,24,0.7761,0
2026-09-14 11:30:00,LINE_A,MAT_A,22.626,3.401,3.181,22.845,28,0.8159,0
2026-09-14 11:30:00,LINE_A,MAT_B,18.626,3.401,3.181,18.845,24,0.7852,0
2026-09-14 11:45:00,LINE_A,MAT_A,22.845,3.352,3.179,23.019,28,0.8221,0
2026-09-14 11:45:00,LINE_A,MAT_B,18.845,3.352,3.179,19.019,24,0.7925,0
2026-09-14 12:00:00,LINE_A,MAT_A,23.019,3.44,3.688,22.772,28,0.8133,0
2026-09-14 12:00:00,LINE_A,MAT_B,19.019,3.44,3.688,18.772,24,0.7822,0
2026-09-14 12:15:00,LINE_A,MAT_A,22.772,3.481,3.437,22.816,28,0.8149,0
2026-09-14 12:15:00,LINE_A,MAT_B,18.772,3.481,3.437,18.816,24,0.784,0
2026-09-14 12:30:00,LINE_A,MAT_A,22.816,3.735,3.251,23.3,28,0.8321,0
2026-09-14 12:30:00,LINE_A,MAT_B,18.816,3.735,3.251,19.3,24,0.8041,0
2026-09-14 12:45:00,LINE_A,MAT_A,23.3,3.631,3.58,23.351,28,0.834,0
2026-09-14 12:45:00,LINE_A,MAT_B,19.3,3.631,3.58,19.351,24,0.8063,0
2026-09-14 13:00:00,LINE_A,MAT_A,23.351,3.338,3.616,23.072,28,0.824,0
2026-09-14 13:00:00,LINE_A,MAT_B,19.351,3.338,3.616,19.072,24,0.7947,0
2026-09-14 13:15:00,LINE_A,MAT_A,23.072,3.362,3.317,23.118,28,0.8256,0
2026-09-14 13:15:00,LINE_A,MAT_B,19.072,3.362,3.317,19.118,24,0.7966,0
2026-09-14 13:30:00,LINE_A,MAT_A,23.118,3.365,3.63,22.852,28,0.8162,0
2026-09-14 13:30:00,LINE_A,MAT_B,19.118,3.365,3.63,18.852,24,0.7855,0
2026-09-14 13:45:00,LINE_A,MAT_A,22.852,3.228,3.614,22.466,28,0.8024,0
2026-09-14 13:45:00,LINE_A,MAT_B,18.852,3.228,3.614,18.466,24,0.7694,0
2026-09-14 14:00:00,LINE_A,MAT_A,22.466,4.41,3.959,22.917,28,0.8185,0
2026-09-14 14:00:00,LINE_A,MAT_B,18.466,4.41,3.959,18.917,24,0.7882,0
2026-09-14 14:15:00,LINE_A,MAT_A,22.917,3.596,3.832,22.682,28,0.8101,0
2026-09-14 14:15:00,LINE_A,MAT_B,18.917,3.596,3.832,18.682,24,0.7784,0
2026-09-14 14:30:00,LINE_A,MAT_A,22.682,3.487,3.41,22.76,28,0.8128,0
2026-09-14 14:30:00,LINE_A,MAT_B,18.682,3.487,3.41,18.76,24,0.7817,0
2026-09-14 14:45:00,LINE_A,MAT_A,22.76,3.694,3.6,22.853,28,0.8162,0
2026-09-14 14:45:00,LINE_A,MAT_B,18.76,3.694,3.6,18.853,24,0.7856,0
2026-09-14 15:00:00,LINE_A,MAT_A,22.853,4.035,3.937,22.95,28,0.8197,0
2026-09-14 15:00:00,LINE_A,MAT_B,18.853,4.035,3.937,18.95,24,0.7896,0
2026-09-14 15:15:00,LINE_A,MAT_A,22.95,3.945,3.961,22.935,28,0.8191,0
2026-09-14 15:15:00,LINE_A,MAT_B,18.95,3.945,3.961,18.935,24,0.7889,0
2026-09-14 15:30:00,LINE_A,MAT_A,22.935,3.996,3.851,23.079,28,0.8243,0
2026-09-14 15:30:00,LINE_A,MAT_B,18.935,3.996,3.851,19.079,24,0.795,0
2026-09-14 15:45:00,LINE_A,MAT_A,23.079,3.241,3.912,22.409,28,0.8003,0
2026-09-14 15:45:00,LINE_A,MAT_B,19.079,3.241,3.912,18.409,24,0.767,0
2026-09-14 16:00:00,LINE_A,MAT_A,22.409,4.458,3.733,23.133,28,0.8262,0
2026-09-14 16:00:00,LINE_A,MAT_B,18.409,4.458,3.733,19.133,24,0.7972,0
2026-09-14 16:15:00,LINE_A,MAT_A,23.133,3.658,3.462,23.329,28,0.8332,0
2026-09-14 16:15:00,LINE_A,MAT_B,19.133,3.658,3.462,19.329,24,0.8054,0
2026-09-14 16:30:00,LINE_A,MAT_A,23.329,3.408,3.757,22.98,28,0.8207,0
2026-09-14 16:30:00,LINE_A,MAT_B,19.329,3.408,3.757,18.98,24,0.7908,0
2026-09-14 16:45:00,LINE_A,MAT_A,22.98,3.585,3.779,22.787,28,0.8138,0
2026-09-14 16:45:00,LINE_A,MAT_B,18.98,3.585,3.779,18.787,24,0.7828,0
2026-09-14 17:00:00,LINE_A,MAT_A,22.787,3.617,3.599,22.804,28,0.8144,0
2026-09-14 17:00:00,LINE_A,MAT_B,18.787,3.617,3.599,18.804,24,0.7835,0
2026-09-14 17:15:00,LINE_A,MAT_A,22.804,3.663,3.729,22.738,28,0.8121,0
2026-09-14 17:15:00,LINE_A,MAT_B,18.804,3.663,3.729,18.738,24,0.7808,0
2026-09-14 17:30:00,LINE_A,MAT_A,22.738,3.019,3.713,22.045,28,0.7873,0
2026-09-14 17:30:00,LINE_A,MAT_B,18.738,3.019,3.713,18.045,24,0.7519,0
2026-09-14 17:45:00,LINE_A,MAT_A,22.045,4.262,3.527,22.779,28,0.8135,0
2026-09-14 17:45:00,LINE_A,MAT_B,18.045,4.262,3.527,18.779,24,0.7825,0
2026-09-14 18:00:00,LINE_A,MAT_A,22.779,3.665,3.561,22.884,28,0.8173,0
2026-09-14 18:00:00,LINE_A,MAT_B,18.779,3.665,3.561,18.884,24,0.7868,0
2026-09-14 18:15:00,LINE_A,MAT_A,22.884,3.687,3.417,23.154,28,0.8269,0
2026-09-14 18:15:00,LINE_A,MAT_B,18.884,3.687,3.417,19.154,24,0.7981,0
2026-09-14 18:30:00,LINE_A,MAT_A,23.154,3.453,3.755,22.852,28,0.8161,0
2026-09-14 18:30:00,LINE_A,MAT_B,19.154,3.453,3.755,18.852,24,0.7855,0
2026-09-14 18:45:00,LINE_A,MAT_A,22.852,3.688,3.806,22.733,28,0.8119,0
2026-09-14 18:45:00,LINE_A,MAT_B,18.852,3.688,3.806,18.733,24,0.7806,0
2026-09-14 19:00:00,LINE_A,MAT_A,22.733,3.096,3.252,22.578,28,0.8063,0
2026-09-14 19:00:00,LINE_A,MAT_B,18.733,3.096,3.252,18.578,24,0.7741,0
2026-09-14 19:15:00,LINE_A,MAT_A,22.578,3.292,2.928,22.942,28,0.8193,0
2026-09-14 19:15:00,LINE_A,MAT_B,18.578,3.292,2.928,18.942,24,0.7892,0
2026-09-14 19:30:00,LINE_A,MAT_A,22.942,3.461,3.649,22.753,28,0.8126,0
2026-09-14 19:30:00,LINE_A,MAT_B,18.942,3.461,3.649,18.753,24,0.7814,0
2026-09-14 19:45:00,LINE_A,MAT_A,22.753,3.755,3.764,22.745,28,0.8123,0
2026-09-14 19:45:00,LINE_A,MAT_B,18.753,3.755,3.764,18.745,24,0.781,0
2026-09-14 20:00:00,LINE_A,MAT_A,22.745,3.326,3.649,22.421,28,0.8007,0
2026-09-14 20:00:00,LINE_A,MAT_B,18.745,3.326,3.649,18.421,24,0.7675,0
2026-09-14 20:15:00,LINE_A,MAT_A,22.421,3.943,3.417,22.946,28,0.8195,0
2026-09-14 20:15:00,LINE_A,MAT_B,18.421,3.943,3.417,18.946,24,0.7894,0
2026-09-14 20:30:00,LINE_A,MAT_A,22.946,3.387,3.557,22.777,28,0.8135,0
2026-09-14 20:30:00,LINE_A,MAT_B,18.946,3.387,3.557,18.777,24,0.7824,0
2026-09-14 20:45:00,LINE_A,MAT_A,22.777,3.496,3.528,22.745,28,0.8123,0
2026-09-14 20:45:00,LINE_A,MAT_B,18.777,3.496,3.528,18.745,24,0.781,0
2026-09-14 21:00:00,LINE_A,MAT_A,22.745,3.382,3.536,22.591,28,0.8068,0
2026-09-14 21:00:00,LINE_A,MAT_B,18.745,3.382,3.536,18.591,24,0.7746,0
2026-09-14 21:15:00,LINE_A,MAT_A,22.591,3.43,3.438,22.584,28,0.8066,0
2026-09-14 21:15:00,LINE_A,MAT_B,18.591,3.43,3.438,18.584,24,0.7743,0
2026-09-14 21:30:00,LINE_A,MAT_A,22.584,3.593,3.746,22.431,28,0.8011,0
2026-09-14 21:30:00,LINE_A,MAT_B,18.584,3.593,3.746,18.431,24,0.768,0
2026-09-14 21:45:00,LINE_A,MAT_A,22.431,3.453,3.527,22.357,28,0.7985,0
2026-09-14 21:45:00,LINE_A,MAT_B,18.431,3.453,3.527,18.357,24,0.7649,0
2026-09-14 22:00:00,LINE_A,MAT_A,22.357,2.769,2.378,22.748,28,0.8124,0
2026-09-14 22:00:00,LINE_A,MAT_B,18.357,2.769,2.378,18.748,24,0.7812,0
2026-09-14 22:15:00,LINE_A,MAT_A,22.748,2.93,2.711,22.967,28,0.8202,0
2026-09-14 22:15:00,LINE_A,MAT_B,18.748,2.93,2.711,18.967,24,0.7903,0
2026-09-14 22:30:00,LINE_A,MAT_A,22.967,2.856,2.735,23.088,28,0.8246,0
2026-09-14 22:30:00,LINE_A,MAT_B,18.967,2.856,2.735,19.088,24,0.7953,0
2026-09-14 22:45:00,LINE_A,MAT_A,23.088,2.795,2.818,23.065,28,0.8238,0
2026-09-14 22:45:00,LINE_A,MAT_B,19.088,2.795,2.818,19.065,24,0.7944,0
2026-09-14 23:00:00,LINE_A,MAT_A,23.065,2.544,2.78,22.829,28,0.8153,0
2026-09-14 23:00:00,LINE_A,MAT_B,19.065,2.544,2.78,18.829,24,0.7845,0
2026-09-14 23:15:00,LINE_A,MAT_A,22.829,2.604,2.718,22.715,28,0.8113,0
2026-09-14 23:15:00,LINE_A,MAT_B,18.829,2.604,2.718,18.715,24,0.7798,0
2026-09-14 23:30:00,LINE_A,MAT_A,22.715,2.787,2.767,22.735,28,0.812,0
2026-09-14 23:30:00,LINE_A,MAT_B,18.715,2.787,2.767,18.735,24,0.7806,0
2026-09-14 23:45:00,LINE_A,MAT_A,22.735,2.232,2.733,22.234,28,0.7941,0
2026-09-14 23:45:00,LINE_A,MAT_B,18.735,2.232,2.733,18.234,24,0.7598,0
2026-09-15 00:00:00,LINE_A,MAT_A,22.234,2.707,2.673,22.268,28,0.7953,0
2026-09-15 00:00:00,LINE_A,MAT_B,18.234,2.707,2.673,18.268,24,0.7612,0
2026-09-15 00:15:00,LINE_A,MAT_A,22.268,2.841,2.711,22.399,28,0.8,0
2026-09-15 00:15:00,LINE_A,MAT_B,18.268,2.841,2.711,18.399,24,0.7666,0
2026-09-15 00:30:00,LINE_A,MAT_A,22.399,2.57,2.72,22.25,28,0.7946,0
2026-09-15 00:30:00,LINE_A,MAT_B,18.399,2.57,2.72,18.25,24,0.7604,0
2026-09-15 00:45:00,LINE_A,MAT_A,22.25,2.535,2.837,21.947,28,0.7838,0
2026-09-15 00:45:00,LINE_A,MAT_B,18.25,2.535,2.837,17.947,24,0.7478,0
2026-09-15 01:00:00,LINE_A,MAT_A,21.947,2.731,2.494,22.184,28,0.7923,0
2026-09-15 01:00:00,LINE_A,MAT_B,17.947,2.731,2.494,18.184,24,0.7576,0
2026-09-15 01:15:00,LINE_A,MAT_A,22.184,2.546,2.86,21.869,28,0.781,0
2026-09-15 01:15:00,LINE_A,MAT_B,18.184,2.546,2.86,17.869,24,0.7445,0
2026-09-15 01:30:00,LINE_A,MAT_A,21.869,2.78,2.473,22.176,28,0.792,0
2026-09-15 01:30:00,LINE_A,MAT_B,17.869,2.78,2.473,18.176,24,0.7573,0
2026-09-15 01:45:00,LINE_A,MAT_A,22.176,2.64,2.727,22.089,28,0.7889,0
2026-09-15 01:45:00,LINE_A,MAT_B,18.176,2.64,2.727,18.089,24,0.7537,0
2026-09-15 02:00:00,LINE_A,MAT_A,22.089,2.796,2.672,22.212,28,0.7933,0
2026-09-15 02:00:00,LINE_A,MAT_B,18.089,2.796,2.672,18.212,24,0.7589,0
2026-09-15 02:15:00,LINE_A,MAT_A,22.212,2.57,2.806,21.976,28,0.7849,0
2026-09-15 02:15:00,LINE_A,MAT_B,18.212,2.57,2.806,17.976,24,0.749,0
2026-09-15 02:30:00,LINE_A,MAT_A,21.976,2.779,2.577,22.179,28,0.7921,0
2026-09-15 02:30:00,LINE_A,MAT_B,17.976,2.779,2.577,18.179,24,0.7574,0
2026-09-15 02:45:00,LINE_A,MAT_A,22.179,2.407,2.773,21.813,28,0.779,0
2026-09-15 02:45:00,LINE_A,MAT_B,18.179,2.407,2.773,17.813,24,0.7422,0
2026-09-15 03:00:00,LINE_A,MAT_A,21.813,2.805,2.496,22.121,28,0.79,0
2026-09-15 03:00:00,LINE_A,MAT_B,17.813,2.805,2.496,18.121,24,0.755,0
2026-09-15 03:15:00,LINE_A,MAT_A,22.121,2.615,2.625,22.111,28,0.7897,0
2026-09-15 03:15:00,LINE_A,MAT_B,18.121,2.615,2.625,18.111,24,0.7546,0
2026-09-15 03:30:00,LINE_A,MAT_A,22.111,2.809,2.576,22.344,28,0.798,0
2026-09-15 03:30:00,LINE_A,MAT_B,18.111,2.809,2.576,18.344,24,0.7643,0
2026-09-15 03:45:00,LINE_A,MAT_A,22.344,2.701,2.511,22.534,28,0.8048,0
2026-09-15 03:45:00,LINE_A,MAT_B,18.344,2.701,2.511,18.534,24,0.7722,0
2026-09-15 04:00:00,LINE_A,MAT_A,22.534,3.005,2.672,22.866,28,0.8167,0
2026-09-15 04:00:00,LINE_A,MAT_B,18.534,3.005,2.672,18.866,24,0.7861,0
2026-09-15 04:15:00,LINE_A,MAT_A,22.866,2.565,2.723,22.709,28,0.811,0
2026-09-15 04:15:00,LINE_A,MAT_B,18.866,2.565,2.723,18.709,24,0.7795,0
2026-09-15 04:30:00,LINE_A,MAT_A,22.709,2.724,2.793,22.64,28,0.8086,0
2026-09-15 04:30:00,LINE_A,MAT_B,18.709,2.724,2.793,18.64,24,0.7767,0
2026-09-15 04:45:00,LINE_A,MAT_A,22.64,2.84,2.795,22.685,28,0.8102,0
2026-09-15 04:45:00,LINE_A,MAT_B,18.64,2.84,2.795,18.685,24,0.7785,0
2026-09-15 05:00:00,LINE_A,MAT_A,22.685,2.833,2.622,22.895,28,0.8177,0
2026-09-15 05:00:00,LINE_A,MAT_B,18.685,2.833,2.622,18.895,24,0.7873,0
2026-09-15 05:15:00,LINE_A,MAT_A,22.895,2.593,2.676,22.812,28,0.8147,0
2026-09-15 05:15:00,LINE_A,MAT_B,18.895,2.593,2.676,18.812,24,0.7838,0
2026-09-15 05:30:00,LINE_A,MAT_A,22.812,2.902,2.974,22.74,28,0.8122,0
2026-09-15 05:30:00,LINE_A,MAT_B,18.812,2.902,2.974,18.74,24,0.7809,0
2026-09-15 05:45:00,LINE_A,MAT_A,22.74,2.592,2.816,22.516,28,0.8041,0
2026-09-15 05:45:00,LINE_A,MAT_B,18.74,2.592,2.816,18.516,24,0.7715,0
2026-09-15 06:00:00,LINE_A,MAT_A,22.516,3.173,3.606,22.083,28,0.7887,0
2026-09-15 06:00:00,LINE_A,MAT_B,18.516,3.173,3.606,18.083,24,0.7535,0
2026-09-15 06:15:00,LINE_A,MAT_A,22.083,3.15,3.439,21.793,28,0.7783,0
2026-09-15 06:15:00,LINE_A,MAT_B,18.083,3.15,3.439,17.793,24,0.7414,0
2026-09-15 06:30:00,LINE_A,MAT_A,21.793,3.321,3.097,22.017,28,0.7863,0
2026-09-15 06:30:00,LINE_A,MAT_B,17.793,3.321,3.097,18.017,24,0.7507,0
2026-09-15 06:45:00,LINE_A,MAT_A,22.017,3.149,3.343,21.823,28,0.7794,0
2026-09-15 06:45:00,LINE_A,MAT_B,18.017,3.149,3.343,17.823,24,0.7426,0
2026-09-15 07:00:00,LINE_A,MAT_A,21.823,3.351,3.415,21.758,28,0.7771,0
2026-09-15 07:00:00,LINE_A,MAT_B,17.823,3.351,3.415,17.758,24,0.7399,0
2026-09-15 07:15:00,LINE_A,MAT_A,21.758,3.339,3.23,21.867,28,0.781,0
2026-09-15 07:15:00,LINE_A,MAT_B,17.758,3.339,3.23,17.867,24,0.7445,0
2026-09-15 07:30:00,LINE_A,MAT_A,21.867,3.265,3.358,21.774,28,0.7777,0
2026-09-15 07:30:00,LINE_A,MAT_B,17.867,3.265,3.358,17.774,24,0.7406,0
2026-09-15 07:45:00,LINE_A,MAT_A,21.774,3.529,3.432,21.872,28,0.7811,0
2026-09-15 07:45:00,LINE_A,MAT_B,17.774,3.529,3.432,17.872,24,0.7447,0
2026-09-15 08:00:00,LINE_A,MAT_A,21.872,3.552,3.391,22.033,28,0.7869,0
2026-09-15 08:00:00,LINE_A,MAT_B,17.872,3.552,3.391,18.033,24,0.7514,0
2026-09-15 08:15:00,LINE_A,MAT_A,22.033,3.71,3.381,22.362,28,0.7987,0
2026-09-15 08:15:00,LINE_A,MAT_B,18.033,3.71,3.381,18.362,24,0.7651,0
2026-09-15 08:30:00,LINE_A,MAT_A,22.362,3.476,3.291,22.547,28,0.8053,0
2026-09-15 08:30:00,LINE_A,MAT_B,18.362,3.476,3.291,18.547,24,0.7728,0
2026-09-15 08:45:00,LINE_A,MAT_A,22.547,3.586,3.341,22.792,28,0.814,0
2026-09-15 08:45:00,LINE_A,MAT_B,18.547,3.586,3.341,18.792,24,0.783,0
2026-09-15 09:00:00,LINE_A,MAT_A,22.792,3.103,3.418,22.478,28,0.8028,0
2026-09-15 09:00:00,LINE_A,MAT_B,18.792,3.103,3.418,18.478,24,0.7699,0
2026-09-15 09:15:00,LINE_A,MAT_A,22.478,3.515,3.467,22.526,28,0.8045,0
2026-09-15 09:15:00,LINE_A,MAT_B,18.478,3.515,3.467,18.526,24,0.7719,0
2026-09-15 09:30:00,LINE_A,MAT_A,22.526,3.475,3.298,22.703,28,0.8108,0
2026-09-15 09:30:00,LINE_A,MAT_B,18.526,3.475,3.298,18.703,24,0.7793,0
2026-09-15 09:45:00,LINE_A,MAT_A,22.703,3.44,3.306,22.837,28,0.8156,0
2026-09-15 09:45:00,LINE_A,MAT_B,18.703,3.44,3.306,18.837,24,0.7849,0
2026-09-15 10:00:00,LINE_A,MAT_A,22.837,3.69,3.645,22.882,28,0.8172,0
2026-09-15 10:00:00,LINE_A,MAT_B,18.837,3.69,3.645,18.882,24,0.7868,0
2026-09-15 10:15:00,LINE_A,MAT_A,22.882,3.388,3.291,22.979,28,0.8207,0
2026-09-15 10:15:00,LINE_A,MAT_B,18.882,3.388,3.291,18.979,24,0.7908,0
2026-09-15 10:30:00,LINE_A,MAT_A,22.979,3.633,3.365,23.248,28,0.8303,0
2026-09-15 10:30:00,LINE_A,MAT_B,18.979,3.633,3.365,19.248,24,0.802,0
2026-09-15 10:45:00,LINE_A,MAT_A,23.248,3.505,3.577,23.176,28,0.8277,0
2026-09-15 10:45:00,LINE_A,MAT_B,19.248,3.505,3.577,19.176,24,0.799,0
2026-09-15 11:00:00,LINE_A,MAT_A,23.176,3.518,3.861,22.833,28,0.8155,0
2026-09-15 11:00:00,LINE_A,MAT_B,19.176,3.518,3.861,18.833,24,0.7847,0
2026-09-15 11:15:00,LINE_A,MAT_A,22.833,3.839,3.758,22.915,28,0.8184,0
2026-09-15 11:15:00,LINE_A,MAT_B,18.833,3.839,3.758,18.915,24,0.7881,0
2026-09-15 11:30:00,LINE_A,MAT_A,22.915,3.05,2.948,23.017,28,0.8221,0
2026-09-15 11:30:00,LINE_A,MAT_B,18.915,3.05,2.948,19.017,24,0.7924,0
2026-09-15 11:45:00,LINE_A,MAT_A,23.017,2.726,3.062,22.682,28,0.8101,0
2026-09-15 11:45:00,LINE_A,MAT_B,19.017,2.726,3.062,18.682,24,0.7784,0
2026-09-15 12:00:00,LINE_A,MAT_A,22.682,3.453,3.408,22.727,28,0.8117,0
2026-09-15 12:00:00,LINE_A,MAT_B,18.682,3.453,3.408,18.727,24,0.7803,0
2026-09-15 12:15:00,LINE_A,MAT_A,22.727,3.596,3.426,22.897,28,0.8177,0
2026-09-15 12:15:00,LINE_A,MAT_B,18.727,3.596,3.426,18.897,24,0.7874,0
2026-09-15 12:30:00,LINE_A,MAT_A,22.897,3.914,3.585,23.225,28,0.8295,0
2026-09-15 12:30:00,LINE_A,MAT_B,18.897,3.914,3.585,19.225,24,0.801,0
2026-09-15 12:45:00,LINE_A,MAT_A,23.225,3.722,3.514,23.433,28,0.8369,0
2026-09-15 12:45:00,LINE_A,MAT_B,19.225,3.722,3.514,19.433,24,0.8097,0
2026-09-15 13:00:00,LINE_A,MAT_A,23.433,3.433,3.499,23.367,28,0.8345,0
2026-09-15 13:00:00,LINE_A,MAT_B,19.433,3.433,3.499,19.367,24,0.8069,0
2026-09-15 13:15:00,LINE_A,MAT_A,23.367,3.125,3.44,23.051,28,0.8232,0
2026-09-15 13:15:00,LINE_A,MAT_B,19.367,3.125,3.44,19.051,24,0.7938,0
2026-09-15 13:30:00,LINE_A,MAT_A,23.051,3.943,3.759,23.235,28,0.8298,0
2026-09-15 13:30:00,LINE_A,MAT_B,19.051,3.943,3.759,19.235,24,0.8015,0
2026-09-15 13:45:00,LINE_A,MAT_A,23.235,3.482,3.44,23.276,28,0.8313,0
2026-09-15 13:45:00,LINE_A,MAT_B,19.235,3.482,3.44,19.276,24,0.8032,0
2026-09-15 14:00:00,LINE_A,MAT_A,23.276,3.971,3.624,23.623,28,0.8437,0
2026-09-15 14:00:00,LINE_A,MAT_B,19.276,3.971,3.624,19.623,24,0.8176,0
2026-09-15 14:15:00,LINE_A,MAT_A,23.623,3.848,3.817,23.654,28,0.8448,0
2026-09-15 14:15:00,LINE_A,MAT_B,19.623,3.848,3.817,19.654,24,0.8189,0
2026-09-15 14:30:00,LINE_A,MAT_A,23.654,3.573,3.82,23.407,28,0.836,0
2026-09-15 14:30:00,LINE_A,MAT_B,19.654,3.573,3.82,19.407,24,0.8086,0
2026-09-15 14:45:00,LINE_A,MAT_A,23.407,4.05,3.901,23.556,28,0.8413,0
2026-09-15 14:45:00,LINE_A,MAT_B,19.407,4.05,3.901,19.556,24,0.8148,0
2026-09-15 15:00:00,LINE_A,MAT_A,23.556,3.183,3.783,22.956,28,0.8198,0
2026-09-15 15:00:00,LINE_A,MAT_B,19.556,3.183,3.783,18.956,24,0.7898,0
2026-09-15 15:15:00,LINE_A,MAT_A,22.956,4.652,3.88,23.727,28,0.8474,0
2026-09-15 15:15:00,LINE_A,MAT_B,18.956,4.652,3.88,19.727,24,0.822,0
2026-09-15 15:30:00,LINE_A,MAT_A,23.727,3.642,3.518,23.851,28,0.8518,0
2026-09-15 15:30:00,LINE_A,MAT_B,19.727,3.642,3.518,19.851,24,0.8271,0
2026-09-15 15:45:00,LINE_A,MAT_A,23.851,3.122,3.659,23.314,28,0.8326,0
2026-09-15 15:45:00,LINE_A,MAT_B,19.851,3.122,3.659,19.314,24,0.8048,0
2026-09-15 16:00:00,LINE_A,MAT_A,23.314,4.261,3.647,23.928,28,0.8546,0
2026-09-15 16:00:00,LINE_A,MAT_B,19.314,4.261,3.647,19.928,24,0.8303,0
2026-09-15 16:15:00,LINE_A,MAT_A,23.928,3.654,3.859,23.724,28,0.8473,0
2026-09-15 16:15:00,LINE_A,MAT_B,19.928,3.654,3.859,19.724,24,0.8218,0
2026-09-15 16:30:00,LINE_A,MAT_A,23.724,3.759,3.617,23.865,28,0.8523,0
2026-09-15 16:30:00,LINE_A,MAT_B,19.724,3.759,3.617,19.865,24,0.8277,0
2026-09-15 16:45:00,LINE_A,MAT_A,23.865,3.44,3.498,23.807,28,0.8503,0
2026-09-15 16:45:00,LINE_A,MAT_B,19.865,3.44,3.498,19.807,24,0.8253,0
2026-09-15 17:00:00,LINE_A,MAT_A,23.807,3.539,3.727,23.619,28,0.8435,0
2026-09-15 17:00:00,LINE_A,MAT_B,19.807,3.539,3.727,19.619,24,0.8175,0
2026-09-15 17:15:00,LINE_A,MAT_A,23.619,3.873,3.696,23.796,28,0.8499,0
2026-09-15 17:15:00,LINE_A,MAT_B,19.619,3.873,3.696,19.796,24,0.8248,0
2026-09-15 17:30:00,LINE_A,MAT_A,23.796,3.482,3.883,23.396,28,0.8356,0
2026-09-15 17:30:00,LINE_A,MAT_B,19.796,3.482,3.883,19.396,24,0.8081,0
2026-09-15 17:45:00,LINE_A,MAT_A,23.396,3.489,3.449,23.435,28,0.837,0
2026-09-15 17:45:00,LINE_A,MAT_B,19.396,3.489,3.449,19.435,24,0.8098,0
2026-09-15 18:00:00,LINE_A,MAT_A,23.435,3.616,3.753,23.298,28,0.8321,0
2026-09-15 18:00:00,LINE_A,MAT_B,19.435,3.616,3.753,19.298,24,0.8041,0
2026-09-15 18:15:00,LINE_A,MAT_A,23.298,3.452,3.658,23.091,28,0.8247,0
2026-09-15 18:15:00,LINE_A,MAT_B,19.298,3.452,3.658,19.091,24,0.7955,0
2026-09-15 18:30:00,LINE_A,MAT_A,23.091,3.379,3.585,22.886,28,0.8173,0
2026-09-15 18:30:00,LINE_A,MAT_B,19.091,3.379,3.585,18.886,24,0.7869,0
2026-09-15 18:45:00,LINE_A,MAT_A,22.886,3.428,3.554,22.759,28,0.8128,0
2026-09-15 18:45:00,LINE_A,MAT_B,18.886,3.428,3.554,18.759,24,0.7816,0
2026-09-15 19:00:00,LINE_A,MAT_A,22.759,3.322,3.362,22.719,28,0.8114,0
2026-09-15 19:00:00,LINE_A,MAT_B,18.759,3.322,3.362,18.719,24,0.78,0
2026-09-15 19:15:00,LINE_A,MAT_A,22.719,3.431,3.278,22.872,28,0.8169,0
2026-09-15 19:15:00,LINE_A,MAT_B,18.719,3.431,3.278,18.872,24,0.7863,0
2026-09-15 19:30:00,LINE_A,MAT_A,22.872,3.681,3.505,23.048,28,0.8231,0
2026-09-15 19:30:00,LINE_A,MAT_B,18.872,3.681,3.505,19.048,24,0.7937,0
2026-09-15 19:45:00,LINE_A,MAT_A,23.048,3.52,3.827,22.741,28,0.8122,0
2026-09-15 19:45:00,LINE_A,MAT_B,19.048,3.52,3.827,18.741,24,0.7809,0
2026-09-15 20:00:00,LINE_A,MAT_A,22.741,3.802,3.594,22.949,28,0.8196,0
2026-09-15 20:00:00,LINE_A,MAT_B,18.741,3.802,3.594,18.949,24,0.7895,0
2026-09-15 20:15:00,LINE_A,MAT_A,22.949,3.653,3.404,23.197,28,0.8285,0
2026-09-15 20:15:00,LINE_A,MAT_B,18.949,3.653,3.404,19.197,24,0.7999,0
2026-09-15 20:30:00,LINE_A,MAT_A,23.197,3.507,3.539,23.165,28,0.8273,0
2026-09-15 20:30:00,LINE_A,MAT_B,19.197,3.507,3.539,19.165,24,0.7985,0
2026-09-15 20:45:00,LINE_A,MAT_A,23.165,3.506,3.388,23.282,28,0.8315,0
2026-09-15 20:45:00,LINE_A,MAT_B,19.165,3.506,3.388,19.282,24,0.8034,0
2026-09-15 21:00:00,LINE_A,MAT_A,23.282,3.765,3.574,23.473,28,0.8383,0
2026-09-15 21:00:00,LINE_A,MAT_B,19.282,3.765,3.574,19.473,24,0.8114,0
2026-09-15 21:15:00,LINE_A,MAT_A,23.473,3.406,3.527,23.353,28,0.834,0
2026-09-15 21:15:00,LINE_A,MAT_B,19.473,3.406,3.527,19.353,24,0.8064,0
2026-09-15 21:30:00,LINE_A,MAT_A,23.353,3.793,3.605,23.541,28,0.8407,0
2026-09-15 21:30:00,LINE_A,MAT_B,19.353,3.793,3.605,19.541,24,0.8142,0
2026-09-15 21:45:00,LINE_A,MAT_A,23.541,3.567,3.682,23.426,28,0.8366,0
2026-09-15 21:45:00,LINE_A,MAT_B,19.541,3.567,3.682,19.426,24,0.8094,0
2026-09-15 22:00:00,LINE_A,MAT_A,23.426,2.746,2.528,23.644,28,0.8444,0
2026-09-15 22:00:00,LINE_A,MAT_B,19.426,2.746,2.528,19.644,24,0.8185,0
2026-09-15 22:15:00,LINE_A,MAT_A,23.644,2.536,2.578,23.602,28,0.8429,0
2026-09-15 22:15:00,LINE_A,MAT_B,19.644,2.536,2.578,19.602,24,0.8167,0
2026-09-15 22:30:00,LINE_A,MAT_A,23.602,2.812,2.494,23.92,28,0.8543,0
2026-09-15 22:30:00,LINE_A,MAT_B,19.602,2.812,2.494,19.92,24,0.83,0
2026-09-15 22:45:00,LINE_A,MAT_A,23.92,2.557,2.664,23.813,28,0.8505,0
2026-09-15 22:45:00,LINE_A,MAT_B,19.92,2.557,2.664,19.813,24,0.8255,0
2026-09-15 23:00:00,LINE_A,MAT_A,23.813,2.501,2.402,23.913,28,0.854,0
2026-09-15 23:00:00,LINE_A,MAT_B,19.813,2.501,2.402,19.913,24,0.8297,0
2026-09-15 23:15:00,LINE_A,MAT_A,23.913,2.697,2.679,23.93,28,0.8547,0
2026-09-15 23:15:00,LINE_A,MAT_B,19.913,2.697,2.679,19.93,24,0.8304,0
2026-09-15 23:30:00,LINE_A,MAT_A,23.93,2.574,2.38,24.124,28,0.8616,0
2026-09-15 23:30:00,LINE_A,MAT_B,19.93,2.574,2.38,20.124,24,0.8385,0
2026-09-15 23:45:00,LINE_A,MAT_A,24.124,2.809,2.791,24.143,28,0.8622,0
2026-09-15 23:45:00,LINE_A,MAT_B,20.124,2.809,2.791,20.143,24,0.8393,0
2026-09-16 00:00:00,LINE_A,MAT_A,24.143,2.777,2.716,24.203,28,0.8644,0
2026-09-16 00:00:00,LINE_A,MAT_B,20.143,2.777,2.716,20.203,24,0.8418,0
2026-09-16 00:15:00,LINE_A,MAT_A,24.203,2.551,2.452,24.303,28,0.868,0
2026-09-16 00:15:00,LINE_A,MAT_B,20.203,2.551,2.452,20.303,24,0.8459,0
2026-09-16 00:30:00,LINE_A,MAT_A,24.303,2.804,2.726,24.381,28,0.8707,0
2026-09-16 00:30:00,LINE_A,MAT_B,20.303,2.804,2.726,20.381,24,0.8492,0
2026-09-16 00:45:00,LINE_A,MAT_A,24.381,2.945,2.702,24.624,28,0.8794,0
2026-09-16 00:45:00,LINE_A,MAT_B,20.381,2.945,2.702,20.624,24,0.8593,0
2026-09-16 01:00:00,LINE_A,MAT_A,24.624,2.509,2.632,24.501,28,0.875,0
2026-09-16 01:00:00,LINE_A,MAT_B,20.624,2.509,2.632,20.501,24,0.8542,0
2026-09-16 01:15:00,LINE_A,MAT_A,24.501,2.413,2.741,24.172,28,0.8633,0
2026-09-16 01:15:00,LINE_A,MAT_B,20.501,2.413,2.741,20.172,24,0.8405,0
2026-09-16 01:30:00,LINE_A,MAT_A,24.172,2.8,2.633,24.339,28,0.8692,0
2026-09-16 01:30:00,LINE_A,MAT_B,20.172,2.8,2.633,20.339,24,0.8474,0
2026-09-16 01:45:00,LINE_A,MAT_A,24.339,3.037,2.499,24.878,28,0.8885,0
2026-09-16 01:45:00,LINE_A,MAT_B,20.339,3.037,2.499,20.878,24,0.8699,0
2026-09-16 02:00:00,LINE_A,MAT_A,24.878,2.725,2.664,24.938,28,0.8906,0
2026-09-16 02:00:00,LINE_A,MAT_B,20.878,2.725,2.664,20.938,24,0.8724,0
2026-09-16 02:15:00,LINE_A,MAT_A,24.938,2.699,2.5,25.138,28,0.8978,0
2026-09-16 02:15:00,LINE_A,MAT_B,20.938,2.699,2.5,21.138,24,0.8807,0
2026-09-16 02:30:00,LINE_A,MAT_A,25.138,2.843,2.687,25.293,28,0.9033,0
2026-09-16 02:30:00,LINE_A,MAT_B,21.138,2.843,2.687,21.293,24,0.8872,0
2026-09-16 02:45:00,LINE_A,MAT_A,25.293,2.842,2.845,25.155,28,0.8984,0
2026-09-16 02:45:00,LINE_A,MAT_B,21.293,2.842,2.845,21.155,24,0.8815,0
2026-09-16 03:00:00,LINE_A,MAT_A,25.155,2.906,2.735,25.265,28,0.9023,0
2026-09-16 03:00:00,LINE_A,MAT_B,21.155,2.906,2.735,21.265,24,0.8861,0
2026-09-16 03:15:00,LINE_A,MAT_A,25.265,2.733,2.547,25.452,28,0.909,0
2026-09-16 03:15:00,LINE_A,MAT_B,21.265,2.733,2.547,21.452,24,0.8938,0
2026-09-16 03:30:00,LINE_A,MAT_A,25.452,2.775,2.691,25.309,28,0.9039,0
2026-09-16 03:30:00,LINE_A,MAT_B,21.452,2.775,2.691,21.309,24,0.8879,0
2026-09-16 03:45:00,LINE_A,MAT_A,25.309,2.721,2.641,25.359,28,0.9057,0
2026-09-16 03:45:00,LINE_A,MAT_B,21.309,2.721,2.641,21.359,24,0.89,0
2026-09-16 04:00:00,LINE_A,MAT_A,25.359,2.761,2.578,25.422,28,0.9079,0
2026-09-16 04:00:00,LINE_A,MAT_B,21.359,2.761,2.578,21.422,24,0.8926,0
2026-09-16 04:15:00,LINE_A,MAT_A,25.422,2.761,2.452,25.548,28,0.9124,0
2026-09-16 04:15:00,LINE_A,MAT_B,21.422,2.761,2.452,21.548,24,0.8978,0
2026-09-16 04:30:00,LINE_A,MAT_A,25.548,2.557,2.61,25.39,28,0.9068,0
2026-09-16 04:30:00,LINE_A,MAT_B,21.548,2.557,2.61,21.39,24,0.8913,0
2026-09-16 04:45:00,LINE_A,MAT_A,25.39,2.767,2.869,25.131,28,0.8975,0
2026-09-16 04:45:00,LINE_A,MAT_B,21.39,2.767,2.869,21.131,24,0.8805,0
2026-09-16 05:00:00,LINE_A,MAT_A,25.131,2.7,2.729,25.102,28,0.8965,0
2026-09-16 05:00:00,LINE_A,MAT_B,21.131,2.7,2.729,21.102,24,0.8793,0
2026-09-16 05:15:00,LINE_A,MAT_A,25.102,2.549,2.572,25.08,28,0.8957,0
2026-09-16 05:15:00,LINE_A,MAT_B,21.102,2.549,2.572,21.08,24,0.8783,0
2026-09-16 05:30:00,LINE_A,MAT_A,25.08,2.953,2.791,25.209,28,0.9003,0
2026-09-16 05:30:00,LINE_A,MAT_B,21.08,2.953,2.791,21.209,24,0.8837,0
2026-09-16 05:45:00,LINE_A,MAT_A,25.209,2.858,2.73,25.27,28,0.9025,0
2026-09-16 05:45:00,LINE_A,MAT_B,21.209,2.858,2.73,21.27,24,0.8863,0
2026-09-16 06:00:00,LINE_A,MAT_A,25.27,3.442,3.547,24.453,28,0.8733,0
2026-09-16 06:00:00,LINE_A,MAT_B,21.27,3.442,3.547,20.453,24,0.8522,0
2026-09-16 06:15:00,LINE_A,MAT_A,24.453,3.284,3.349,24.388,28,0.871,0
2026-09-16 06:15:00,LINE_A,MAT_B,20.453,3.284,3.349,20.388,24,0.8495,0
2026-09-16 06:30:00,LINE_A,MAT_A,24.388,3.316,3.224,24.48,28,0.8743,0
2026-09-16 06:30:00,LINE_A,MAT_B,20.388,3.316,3.224,20.48,24,0.8533,0
2026-09-16 06:45:00,LINE_A,MAT_A,24.48,3.23,3.012,24.698,28,0.8821,0
2026-09-16 06:45:00,LINE_A,MAT_B,20.48,3.23,3.012,20.698,24,0.8624,0
2026-09-16 07:00:00,LINE_A,MAT_A,24.698,3.262,3.434,24.526,28,0.8759,0
2026-09-16 07:00:00,LINE_A,MAT_B,20.698,3.262,3.434,20.526,24,0.8552,0
2026-09-16 07:15:00,LINE_A,MAT_A,24.526,3.741,3.54,24.46,28,0.8736,0
2026-09-16 07:15:00,LINE_A,MAT_B,20.526,3.741,3.54,20.46,24,0.8525,0
2026-09-16 07:30:00,LINE_A,MAT_A,24.46,3.576,3.383,24.617,28,0.8792,0
2026-09-16 07:30:00,LINE_A,MAT_B,20.46,3.576,3.383,20.617,24,0.859,0
2026-09-16 07:45:00,LINE_A,MAT_A,24.617,3.486,3.485,24.515,28,0.8755,0
2026-09-16 07:45:00,LINE_A,MAT_B,20.617,3.486,3.485,20.515,24,0.8548,0
2026-09-16 08:00:00,LINE_A,MAT_A,24.515,3.325,3.547,24.294,28,0.8676,0
2026-09-16 08:00:00,LINE_A,MAT_B,20.515,3.325,3.547,20.294,24,0.8456,0
2026-09-16 08:15:00,LINE_A,MAT_A,24.294,3.335,3.667,23.962,28,0.8558,0
2026-09-16 08:15:00,LINE_A,MAT_B,20.294,3.335,3.667,19.962,24,0.8317,0
2026-09-16 08:30:00,LINE_A,MAT_A,23.962,3.57,3.448,24.084,28,0.8602,0
2026-09-16 08:30:00,LINE_A,MAT_B,19.962,3.57,3.448,20.084,24,0.8368,0
2026-09-16 08:45:00,LINE_A,MAT_A,24.084,3.621,3.546,24.159,28,0.8628,0
2026-09-16 08:45:00,LINE_A,MAT_B,20.084,3.621,3.546,20.159,24,0.84,0
2026-09-16 09:00:00,LINE_A,MAT_A,24.159,3.421,3.709,23.871,28,0.8525,0
2026-09-16 09:00:00,LINE_A,MAT_B,20.159,3.421,3.709,19.871,24,0.828,0
2026-09-16 09:15:00,LINE_A,MAT_A,23.871,3.678,3.563,23.987,28,0.8567,0
2026-09-16 09:15:00,LINE_A,MAT_B,19.871,3.678,3.563,19.987,24,0.8328,0
2026-09-16 09:30:00,LINE_A,MAT_A,23.987,3.662,3.499,24.15,28,0.8625,0
2026-09-16 09:30:00,LINE_A,MAT_B,19.987,3.662,3.499,20.15,24,0.8396,0
2026-09-16 09:45:00,LINE_A,MAT_A,24.15,3.368,3.264,24.253,28,0.8662,0
2026-09-16 09:45:00,LINE_A,MAT_B,20.15,3.368,3.264,20.253,24,0.8439,0
2026-09-16 10:00:00,LINE_A,MAT_A,24.253,3.261,3.488,24.026,28,0.8581,0
2026-09-16 10:00:00,LINE_A,MAT_B,20.253,3.261,3.488,20.026,24,0.8344,0
2026-09-16 10:15:00,LINE_A,MAT_A,24.026,3.593,3.633,23.986,28,0.8567,0
2026-09-16 10:15:00,LINE_A,MAT_B,20.026,3.593,3.633,19.986,24,0.8328,0
2026-09-16 10:30:00,LINE_A,MAT_A,23.986,3.681,3.266,24.401,28,0.8715,0
2026-09-16 10:30:00,LINE_A,MAT_B,19.986,3.681,3.266,20.401,24,0.8501,0
2026-09-16 10:45:00,LINE_A,MAT_A,24.401,3.406,3.593,24.215,28,0.8648,0
2026-09-16 10:45:00,LINE_A,MAT_B,20.401,3.406,3.593,20.215,24,0.8423,0
2026-09-16 11:00:00,LINE_A,MAT_A,24.215,3.456,3.471,24.199,28,0.8642,0
2026-09-16 11:00:00,LINE_A,MAT_B,20.215,3.456,3.471,20.199,24,0.8416,0
2026-09-16 11:15:00,LINE_A,MAT_A,24.199,3.668,3.844,24.023,28,0.858,0
2026-09-16 11:15:00,LINE_A,MAT_B,20.199,3.668,3.844,20.023,24,0.8343,0
2026-09-16 11:30:00,LINE_A,MAT_A,24.023,3.214,2.959,24.278,28,0.8671,0
2026-09-16 11:30:00,LINE_A,MAT_B,20.023,3.214,2.959,20.278,24,0.8449,0
2026-09-16 11:45:00,LINE_A,MAT_A,24.278,3.265,3.034,24.509,28,0.8753,0
2026-09-16 11:45:00,LINE_A,MAT_B,20.278,3.265,3.034,20.509,24,0.8545,0
2026-09-16 12:00:00,LINE_A,MAT_A,24.509,3.545,3.562,24.438,28,0.8728,0
2026-09-16 12:00:00,LINE_A,MAT_B,20.509,3.545,3.562,20.438,24,0.8516,0
2026-09-16 12:15:00,LINE_A,MAT_A,24.438,3.702,3.587,24.413,28,0.8719,0
2026-09-16 12:15:00,LINE_A,MAT_B,20.438,3.702,3.587,20.413,24,0.8505,0
2026-09-16 12:30:00,LINE_A,MAT_A,24.413,3.525,3.469,24.469,28,0.8739,0
2026-09-16 12:30:00,LINE_A,MAT_B,20.413,3.525,3.469,20.469,24,0.8529,0
2026-09-16 12:45:00,LINE_A,MAT_A,24.469,3.663,3.603,24.397,28,0.8713,0
2026-09-16 12:45:00,LINE_A,MAT_B,20.469,3.663,3.603,20.397,24,0.8499,0
2026-09-16 13:00:00,LINE_A,MAT_A,24.397,3.605,3.609,24.391,28,0.8711,0
2026-09-16 13:00:00,LINE_A,MAT_B,20.397,3.605,3.609,20.391,24,0.8496,0
2026-09-16 13:15:00,LINE_A,MAT_A,24.391,3.52,3.838,24.072,28,0.8597,0
2026-09-16 13:15:00,LINE_A,MAT_B,20.391,3.52,3.838,20.072,24,0.8363,0
2026-09-16 13:30:00,LINE_A,MAT_A,24.072,3.479,3.627,23.924,28,0.8544,0
2026-09-16 13:30:00,LINE_A,MAT_B,20.072,3.479,3.627,19.924,24,0.8302,0
2026-09-16 13:45:00,LINE_A,MAT_A,23.924,3.683,3.609,23.999,28,0.8571,0
2026-09-16 13:45:00,LINE_A,MAT_B,19.924,3.683,3.609,19.999,24,0.8333,0
2026-09-16 14:00:00,LINE_A,MAT_A,23.999,3.815,3.825,23.989,28,0.8567,0
2026-09-16 14:00:00,LINE_A,MAT_B,19.999,3.815,3.825,19.989,24,0.8329,0
2026-09-16 14:15:00,LINE_A,MAT_A,23.989,3.8,3.708,24.08,28,0.86,0
2026-09-16 14:15:00,LINE_A,MAT_B,19.989,3.8,3.708,20.08,24,0.8367,0
2026-09-16 14:30:00,LINE_A,MAT_A,24.08,3.805,3.834,24.051,28,0.859,0
2026-09-16 14:30:00,LINE_A,MAT_B,20.08,3.805,3.834,20.051,24,0.8355,0
2026-09-16 14:45:00,LINE_A,MAT_A,24.051,3.68,3.927,23.804,28,0.8502,0
2026-09-16 14:45:00,LINE_A,MAT_B,20.051,3.68,3.927,19.804,24,0.8252,0
2026-09-16 15:00:00,LINE_A,MAT_A,23.804,3.867,3.718,23.953,28,0.8555,0
2026-09-16 15:00:00,LINE_A,MAT_B,19.804,3.867,3.718,19.953,24,0.8314,0
2026-09-16 15:15:00,LINE_A,MAT_A,23.953,3.942,3.759,24.136,28,0.862,0
2026-09-16 15:15:00,LINE_A,MAT_B,19.953,3.942,3.759,20.136,24,0.839,0
2026-09-16 15:30:00,LINE_A,MAT_A,24.136,3.003,3.927,23.212,28,0.829,0
2026-09-16 15:30:00,LINE_A,MAT_B,20.136,3.003,3.927,19.212,24,0.8005,0
2026-09-16 15:45:00,LINE_A,MAT_A,23.212,4.53,3.955,23.786,28,0.8495,0
2026-09-16 15:45:00,LINE_A,MAT_B,19.212,4.53,3.955,19.786,24,0.8244,0
2026-09-16 16:00:00,LINE_A,MAT_A,23.786,3.541,3.511,23.816,28,0.8506,0
2026-09-16 16:00:00,LINE_A,MAT_B,19.786,3.541,3.511,19.816,24,0.8257,0
2026-09-16 16:15:00,LINE_A,MAT_A,23.816,3.874,3.551,24.139,28,0.8621,0
2026-09-16 16:15:00,LINE_A,MAT_B,19.816,3.874,3.551,20.139,24,0.8391,0
2026-09-16 16:30:00,LINE_A,MAT_A,24.139,3.532,3.735,23.937,28,0.8549,0
2026-09-16 16:30:00,LINE_A,MAT_B,20.139,3.532,3.735,19.937,24,0.8307,0
2026-09-16 16:45:00,LINE_A,MAT_A,23.937,3.681,3.719,23.899,28,0.8535,0
2026-09-16 16:45:00,LINE_A,MAT_B,19.937,3.681,3.719,19.899,24,0.8291,0
2026-09-16 17:00:00,LINE_A,MAT_A,23.899,3.709,3.659,23.948,28,0.8553,0
2026-09-16 17:00:00,LINE_A,MAT_B,19.899,3.709,3.659,19.948,24,0.8312,0
2026-09-16 17:15:00,LINE_A,MAT_A,23.948,3.596,3.721,23.823,28,0.8508,0
2026-09-16 17:15:00,LINE_A,MAT_B,19.948,3.596,3.721,19.823,24,0.826,0
2026-09-16 17:30:00,LINE_A,MAT_A,23.823,3.244,3.664,23.403,28,0.8358,0
2026-09-16 17:30:00,LINE_A,MAT_B,19.823,3.244,3.664,19.403,24,0.8085,0
2026-09-16 17:45:00,LINE_A,MAT_A,23.403,3.127,3.48,23.05,28,0.8232,0
2026-09-16 17:45:00,LINE_A,MAT_B,19.403,3.127,3.48,19.05,24,0.7938,0
2026-09-16 18:00:00,LINE_A,MAT_A,23.05,4.788,3.684,24.154,28,0.8626,0
2026-09-16 18:00:00,LINE_A,MAT_B,19.05,4.788,3.684,20.154,24,0.8397,0
2026-09-16 18:15:00,LINE_A,MAT_A,24.154,3.398,3.799,23.753,28,0.8483,0
2026-09-16 18:15:00,LINE_A,MAT_B,20.154,3.398,3.799,19.753,24,0.823,0
2026-09-16 18:30:00,LINE_A,MAT_A,23.753,3.632,3.677,23.708,28,0.8467,0
2026-09-16 18:30:00,LINE_A,MAT_B,19.753,3.632,3.677,19.708,24,0.8212,0
2026-09-16 18:45:00,LINE_A,MAT_A,23.708,3.946,3.582,24.072,28,0.8597,0
2026-09-16 18:45:00,LINE_A,MAT_B,19.708,3.946,3.582,20.072,24,0.8364,0
2026-09-16 19:00:00,LINE_A,MAT_A,24.072,3.136,3.043,24.166,28,0.8631,0
2026-09-16 19:00:00,LINE_A,MAT_B,20.072,3.136,3.043,20.166,24,0.8402,0
2026-09-16 19:15:00,LINE_A,MAT_A,24.166,3.161,3.072,24.255,28,0.8662,0
2026-09-16 19:15:00,LINE_A,MAT_B,20.166,3.161,3.072,20.255,24,0.8439,0
2026-09-16 19:30:00,LINE_A,MAT_A,24.255,3.671,3.413,24.513,28,0.8755,0
2026-09-16 19:30:00,LINE_A,MAT_B,20.255,3.671,3.413,20.513,24,0.8547,0
2026-09-16 19:45:00,LINE_A,MAT_A,24.513,3.769,3.534,24.466,28,0.8738,0
2026-09-16 19:45:00,LINE_A,MAT_B,20.513,3.769,3.534,20.466,24,0.8527,0
2026-09-16 20:00:00,LINE_A,MAT_A,24.466,3.594,3.468,24.532,28,0.8762,0
2026-09-16 20:00:00,LINE_A,MAT_B,20.466,3.594,3.468,20.532,24,0.8555,0
2026-09-16 20:15:00,LINE_A,MAT_A,24.532,3.617,3.526,24.474,28,0.8741,0
2026-09-16 20:15:00,LINE_A,MAT_B,20.532,3.617,3.526,20.474,24,0.8531,0
2026-09-16 20:30:00,LINE_A,MAT_A,24.474,3.513,3.418,24.569,28,0.8775,0
2026-09-16 20:30:00,LINE_A,MAT_B,20.474,3.513,3.418,20.569,24,0.857,0
2026-09-16 20:45:00,LINE_A,MAT_A,24.569,3.758,3.479,24.521,28,0.8758,0
2026-09-16 20:45:00,LINE_A,MAT_B,20.569,3.758,3.479,20.521,24,0.8551,0
2026-09-16 21:00:00,LINE_A,MAT_A,24.521,3.371,3.348,24.545,28,0.8766,0
2026-09-16 21:00:00,LINE_A,MAT_B,20.521,3.371,3.348,20.545,24,0.856,0
2026-09-16 21:15:00,LINE_A,MAT_A,24.545,3.584,3.343,24.657,28,0.8806,0
2026-09-16 21:15:00,LINE_A,MAT_B,20.545,3.584,3.343,20.657,24,0.8607,0
2026-09-16 21:30:00,LINE_A,MAT_A,24.657,3.698,3.465,24.535,28,0.8762,0
2026-09-16 21:30:00,LINE_A,MAT_B,20.657,3.698,3.465,20.535,24,0.8556,0
2026-09-16 21:45:00,LINE_A,MAT_A,24.535,3.248,3.584,24.199,28,0.8643,0
2026-09-16 21:45:00,LINE_A,MAT_B,20.535,3.248,3.584,20.199,24,0.8416,0
2026-09-16 22:00:00,LINE_A,MAT_A,24.199,2.653,2.567,24.285,28,0.8673,0
2026-09-16 22:00:00,LINE_A,MAT_B,20.199,2.653,2.567,20.285,24,0.8452,0
2026-09-16 22:15:00,LINE_A,MAT_A,24.285,2.847,2.636,24.496,28,0.8748,0
2026-09-16 22:15:00,LINE_A,MAT_B,20.285,2.847,2.636,20.496,24,0.854,0
2026-09-16 22:30:00,LINE_A,MAT_A,24.496,2.789,2.581,24.704,28,0.8823,0
2026-09-16 22:30:00,LINE_A,MAT_B,20.496,2.789,2.581,20.704,24,0.8627,0
2026-09-16 22:45:00,LINE_A,MAT_A,24.704,3.096,2.587,25.213,28,0.9004,0
2026-09-16 22:45:00,LINE_A,MAT_B,20.704,3.096,2.587,21.213,24,0.8839,0
2026-09-16 23:00:00,LINE_A,MAT_A,25.213,2.812,2.828,25.172,28,0.899,0
2026-09-16 23:00:00,LINE_A,MAT_B,21.213,2.812,2.828,21.172,24,0.8822,0
2026-09-16 23:15:00,LINE_A,MAT_A,25.172,2.715,2.706,25.181,28,0.8993,0
2026-09-16 23:15:00,LINE_A,MAT_B,21.172,2.715,2.706,21.181,24,0.8825,0
2026-09-16 23:30:00,LINE_A,MAT_A,25.181,2.597,2.683,25.095,28,0.8963,0
2026-09-16 23:30:00,LINE_A,MAT_B,21.181,2.597,2.683,21.095,24,0.879,0
2026-09-16 23:45:00,LINE_A,MAT_A,25.095,2.416,2.401,25.111,28,0.8968,0
2026-09-16 23:45:00,LINE_A,MAT_B,21.095,2.416,2.401,21.111,24,0.8796,0
2026-09-17 00:00:00,LINE_A,MAT_A,25.111,2.732,2.478,25.365,28,0.9059,0
2026-09-17 00:00:00,LINE_A,MAT_B,21.111,2.732,2.478,21.365,24,0.8902,0
2026-09-17 00:15:00,LINE_A,MAT_A,25.365,2.526,2.668,25.222,28,0.9008,0
2026-09-17 00:15:00,LINE_A,MAT_B,21.365,2.526,2.668,21.222,24,0.8843,0
2026-09-17 00:30:00,LINE_A,MAT_A,25.222,2.702,2.922,25.002,28,0.8929,0
2026-09-17 00:30:00,LINE_A,MAT_B,21.222,2.702,2.922,21.002,24,0.8751,0
2026-09-17 00:45:00,LINE_A,MAT_A,25.002,2.606,2.826,24.782,28,0.8851,0
2026-09-17 00:45:00,LINE_A,MAT_B,21.002,2.606,2.826,20.782,24,0.8659,0
2026-09-17 01:00:00,LINE_A,MAT_A,24.782,2.682,2.419,25.045,28,0.8945,0
2026-09-17 01:00:00,LINE_A,MAT_B,20.782,2.682,2.419,21.045,24,0.8769,0
2026-09-17 01:15:00,LINE_A,MAT_A,25.045,2.596,3.013,24.628,28,0.8796,0
2026-09-17 01:15:00,LINE_A,MAT_B,21.045,2.596,3.013,20.628,24,0.8595,0
2026-09-17 01:30:00,LINE_A,MAT_A,24.628,2.669,2.69,24.606,28,0.8788,0
2026-09-17 01:30:00,LINE_A,MAT_B,20.628,2.669,2.69,20.606,24,0.8586,0
2026-09-17 01:45:00,LINE_A,MAT_A,24.606,2.933,2.432,25.107,28,0.8967,0
2026-09-17 01:45:00,LINE_A,MAT_B,20.606,2.933,2.432,21.107,24,0.8795,0
2026-09-17 02:00:00,LINE_A,MAT_A,25.107,2.559,2.535,25.131,28,0.8975,0
2026-09-17 02:00:00,LINE_A,MAT_B,21.107,2.559,2.535,21.131,24,0.8805,0
2026-09-17 02:15:00,LINE_A,MAT_A,25.131,2.916,2.724,25.276,28,0.9027,0
2026-09-17 02:15:00,LINE_A,MAT_B,21.131,2.916,2.724,21.276,24,0.8865,0
2026-09-17 02:30:00,LINE_A,MAT_A,25.276,2.348,2.604,25.019,28,0.8935,0
2026-09-17 02:30:00,LINE_A,MAT_B,21.276,2.348,2.604,21.019,24,0.8758,0
2026-09-17 02:45:00,LINE_A,MAT_A,25.019,3.053,2.703,25.297,28,0.9035,0
2026-09-17 02:45:00,LINE_A,MAT_B,21.019,3.053,2.703,21.297,24,0.8874,0
2026-09-17 03:00:00,LINE_A,MAT_A,25.297,2.622,2.716,25.204,28,0.9001,0
2026-09-17 03:00:00,LINE_A,MAT_B,21.297,2.622,2.716,21.204,24,0.8835,0
2026-09-17 03:15:00,LINE_A,MAT_A,25.204,2.76,2.837,25.127,28,0.8974,0
2026-09-17 03:15:00,LINE_A,MAT_B,21.204,2.76,2.837,21.127,24,0.8803,0
2026-09-17 03:30:00,LINE_A,MAT_A,25.127,2.316,2.63,24.813,28,0.8862,0
2026-09-17 03:30:00,LINE_A,MAT_B,21.127,2.316,2.63,20.813,24,0.8672,0
2026-09-17 03:45:00,LINE_A,MAT_A,24.813,2.647,2.696,24.764,28,0.8844,0
2026-09-17 03:45:00,LINE_A,MAT_B,20.813,2.647,2.696,20.764,24,0.8652,0
2026-09-17 04:00:00,LINE_A,MAT_A,24.764,2.562,2.794,24.532,28,0.8761,0
2026-09-17 04:00:00,LINE_A,MAT_B,20.764,2.562,2.794,20.532,24,0.8555,0
2026-09-17 04:15:00,LINE_A,MAT_A,24.532,2.789,2.713,24.608,28,0.8789,0
2026-09-17 04:15:00,LINE_A,MAT_B,20.532,2.789,2.713,20.608,24,0.8587,0
2026-09-17 04:30:00,LINE_A,MAT_A,24.608,2.621,2.858,24.371,28,0.8704,0
2026-09-17 04:30:00,LINE_A,MAT_B,20.608,2.621,2.858,20.371,24,0.8488,0
2026-09-17 04:45:00,LINE_A,MAT_A,24.371,2.731,2.659,24.442,28,0.8729,0
2026-09-17 04:45:00,LINE_A,MAT_B,20.371,2.731,2.659,20.442,24,0.8518,0
2026-09-17 05:00:00,LINE_A,MAT_A,24.442,2.775,2.928,24.289,28,0.8675,0
2026-09-17 05:00:00,LINE_A,MAT_B,20.442,2.775,2.928,20.289,24,0.8454,0
2026-09-17 05:15:00,LINE_A,MAT_A,24.289,2.955,2.886,24.359,28,0.87,0
2026-09-17 05:15:00,LINE_A,MAT_B,20.289,2.955,2.886,20.359,24,0.8483,0
2026-09-17 05:30:00,LINE_A,MAT_A,24.359,2.548,2.999,23.907,28,0.8538,0
2026-09-17 05:30:00,LINE_A,MAT_B,20.359,2.548,2.999,19.907,24,0.8295,0
2026-09-17 05:45:00,LINE_A,MAT_A,23.907,2.6,3.081,23.426,28,0.8366,0
2026-09-17 05:45:00,LINE_A,MAT_B,19.907,2.6,3.081,19.426,24,0.8094,0
2026-09-17 06:00:00,LINE_A,MAT_A,23.426,3.206,3.3,23.331,28,0.8332,0
2026-09-17 06:00:00,LINE_A,MAT_B,19.426,3.206,3.3,19.331,24,0.8055,0
2026-09-17 06:15:00,LINE_A,MAT_A,23.331,3.565,3.352,23.544,28,0.8409,0
2026-09-17 06:15:00,LINE_A,MAT_B,19.331,3.565,3.352,19.544,24,0.8143,0
2026-09-17 06:30:00,LINE_A,MAT_A,23.544,3.105,3.469,23.18,28,0.8278,0
2026-09-17 06:30:00,LINE_A,MAT_B,19.544,3.105,3.469,19.18,24,0.7992,0
2026-09-17 06:45:00,LINE_A,MAT_A,23.18,3.794,3.353,23.62,28,0.8436,0
2026-09-17 06:45:00,LINE_A,MAT_B,19.18,3.794,3.353,19.62,24,0.8175,0
2026-09-17 07:00:00,LINE_A,MAT_A,23.62,3.646,3.474,23.792,28,0.8497,0
2026-09-17 07:00:00,LINE_A,MAT_B,19.62,3.646,3.474,19.792,24,0.8246,0
2026-09-17 07:15:00,LINE_A,MAT_A,23.792,3.426,3.386,23.831,28,0.8511,0
2026-09-17 07:15:00,LINE_A,MAT_B,19.792,3.426,3.386,19.831,24,0.8263,0
2026-09-17 07:30:00,LINE_A,MAT_A,23.831,3.123,3.508,23.446,28,0.8374,0
2026-09-17 07:30:00,LINE_A,MAT_B,19.831,3.123,3.508,19.446,24,0.8102,0
2026-09-17 07:45:00,LINE_A,MAT_A,23.446,3.295,3.386,23.355,28,0.8341,0
2026-09-17 07:45:00,LINE_A,MAT_B,19.446,3.295,3.386,19.355,24,0.8064,0
2026-09-17 08:00:00,LINE_A,MAT_A,23.355,3.316,3.303,23.368,28,0.8346,0
2026-09-17 08:00:00,LINE_A,MAT_B,19.355,3.316,3.303,19.368,24,0.807,0
2026-09-17 08:15:00,LINE_A,MAT_A,23.368,3.312,3.544,23.137,28,0.8263,0
2026-09-17 08:15:00,LINE_A,MAT_B,19.368,3.312,3.544,19.137,24,0.7974,0
2026-09-17 08:30:00,LINE_A,MAT_A,23.137,3.534,3.483,23.188,28,0.8281,0
2026-09-17 08:30:00,LINE_A,MAT_B,19.137,3.534,3.483,19.188,24,0.7995,0
2026-09-17 08:45:00,LINE_A,MAT_A,23.188,3.663,3.584,23.266,28,0.8309,0
2026-09-17 08:45:00,LINE_A,MAT_B,19.188,3.663,3.584,19.266,24,0.8028,0
2026-09-17 09:00:00,LINE_A,MAT_A,23.266,3.55,3.406,23.411,28,0.8361,0
2026-09-17 09:00:00,LINE_A,MAT_B,19.266,3.55,3.406,19.411,24,0.8088,0
2026-09-17 09:15:00,LINE_A,MAT_A,23.411,3.505,3.66,23.255,28,0.8305,0
2026-09-17 09:15:00,LINE_A,MAT_B,19.411,3.505,3.66,19.255,24,0.8023,0
2026-09-17 09:30:00,LINE_A,MAT_A,23.255,3.352,3.257,23.35,28,0.8339,0
2026-09-17 09:30:00,LINE_A,MAT_B,19.255,3.352,3.257,19.35,24,0.8062,0
2026-09-17 09:45:00,LINE_A,MAT_A,23.35,3.471,3.532,23.289,28,0.8317,0
2026-09-17 09:45:00,LINE_A,MAT_B,19.35,3.471,3.532,19.289,24,0.8037,0
2026-09-17 10:00:00,LINE_A,MAT_A,23.289,3.42,3.674,23.035,28,0.8227,0
2026-09-17 10:00:00,LINE_A,MAT_B,19.289,3.42,3.674,19.035,24,0.7931,0
2026-09-17 10:15:00,LINE_A,MAT_A,23.035,3.65,3.646,23.039,28,0.8228,0
2026-09-17 10:15:00,LINE_A,MAT_B,19.035,3.65,3.646,19.039,24,0.7933,0
2026-09-17 10:30:00,LINE_A,MAT_A,23.039,3.787,3.683,23.144,28,0.8266,0
2026-09-17 10:30:00,LINE_A,MAT_B,19.039,3.787,3.683,19.144,24,0.7977,0
2026-09-17 10:45:00,LINE_A,MAT_A,23.144,3.389,3.358,23.174,28,0.8277,0
2026-09-17 10:45:00,LINE_A,MAT_B,19.144,3.389,3.358,19.174,24,0.7989,0
2026-09-17 11:00:00,LINE_A,MAT_A,23.174,3.334,3.495,23.013,28,0.8219,0
2026-09-17 11:00:00,LINE_A,MAT_B,19.174,3.334,3.495,19.013,24,0.7922,0
2026-09-17 11:15:00,LINE_A,MAT_A,23.013,3.342,3.688,22.667,28,0.8095,0
2026-09-17 11:15:00,LINE_A,MAT_B,19.013,3.342,3.688,18.667,24,0.7778,0
2026-09-17 11:30:00,LINE_A,MAT_A,22.667,3.317,2.95,23.035,28,0.8227,0
2026-09-17 11:30:00,LINE_A,MAT_B,18.667,3.317,2.95,19.035,24,0.7931,0
2026-09-17 11:45:00,LINE_A,MAT_A,23.035,2.93,3.124,22.84,28,0.8157,0
2026-09-17 11:45:00,LINE_A,MAT_B,19.035,2.93,3.124,18.84,24,0.785,0
2026-09-17 12:00:00,LINE_A,MAT_A,22.84,3.645,3.213,23.273,28,0.8312,0
2026-09-17 12:00:00,LINE_A,MAT_B,18.84,3.645,3.213,19.273,24,0.803,0
2026-09-17 12:15:00,LINE_A,MAT_A,23.273,3.709,3.759,23.222,28,0.8294,0
2026-09-17 12:15:00,LINE_A,MAT_B,19.273,3.709,3.759,19.222,24,0.8009,0
2026-09-17 12:30:00,LINE_A,MAT_A,23.222,3.824,3.566,23.481,28,0.8386,0
2026-09-17 12:30:00,LINE_A,MAT_B,19.222,3.824,3.566,19.481,24,0.8117,0
2026-09-17 12:45:00,LINE_A,MAT_A,23.481,3.511,3.525,23.467,28,0.8381,0
2026-09-17 12:45:00,LINE_A,MAT_B,19.481,3.511,3.525,19.467,24,0.8111,0
2026-09-17 13:00:00,LINE_A,MAT_A,23.467,3.378,3.755,23.09,28,0.8246,0
2026-09-17 13:00:00,LINE_A,MAT_B,19.467,3.378,3.755,19.09,24,0.7954,0
2026-09-17 13:15:00,LINE_A,MAT_A,23.09,3.891,3.598,23.383,28,0.8351,0
2026-09-17 13:15:00,LINE_A,MAT_B,19.09,3.891,3.598,19.383,24,0.8076,0
2026-09-17 13:30:00,LINE_A,MAT_A,23.383,3.684,3.472,23.595,28,0.8427,0
2026-09-17 13:30:00,LINE_A,MAT_B,19.383,3.684,3.472,19.595,24,0.8165,0
2026-09-17 13:45:00,LINE_A,MAT_A,23.595,3.664,3.645,23.614,28,0.8434,0
2026-09-17 13:45:00,LINE_A,MAT_B,19.595,3.664,3.645,19.614,24,0.8172,0
2026-09-17 14:00:00,LINE_A,MAT_A,23.614,3.6,3.792,23.422,28,0.8365,0
2026-09-17 14:00:00,LINE_A,MAT_B,19.614,3.6,3.792,19.422,24,0.8092,0
2026-09-17 14:15:00,LINE_A,MAT_A,23.422,3.876,3.536,23.762,28,0.8486,0
2026-09-17 14:15:00,LINE_A,MAT_B,19.422,3.876,3.536,19.762,24,0.8234,0
2026-09-17 14:30:00,LINE_A,MAT_A,23.762,3.555,3.618,23.699,28,0.8464,0
2026-09-17 14:30:00,LINE_A,MAT_B,19.762,3.555,3.618,19.699,24,0.8208,0
2026-09-17 14:45:00,LINE_A,MAT_A,23.699,3.975,3.743,23.931,28,0.8547,0
2026-09-17 14:45:00,LINE_A,MAT_B,19.699,3.975,3.743,19.931,24,0.8305,0
2026-09-17 15:00:00,LINE_A,MAT_A,23.931,1.553,3.631,21.853,28,0.7805,0
2026-09-17 15:00:00,LINE_A,MAT_B,19.931,1.553,3.631,17.853,24,0.7439,0
2026-09-17 15:15:00,LINE_A,MAT_A,21.853,4.487,3.582,22.758,28,0.8128,0
2026-09-17 15:15:00,LINE_A,MAT_B,17.853,4.487,3.582,18.758,24,0.7816,0
2026-09-17 15:30:00,LINE_A,MAT_A,22.758,4.96,3.681,24.037,28,0.8585,0
2026-09-17 15:30:00,LINE_A,MAT_B,18.758,4.96,3.681,20.037,24,0.8349,0
2026-09-17 15:45:00,LINE_A,MAT_A,24.037,3.823,3.658,24.201,28,0.8643,0
2026-09-17 15:45:00,LINE_A,MAT_B,20.037,3.823,3.658,20.201,24,0.8417,0
2026-09-17 16:00:00,LINE_A,MAT_A,24.201,3.643,3.698,24.146,28,0.8624,0
2026-09-17 16:00:00,LINE_A,MAT_B,20.201,3.643,3.698,20.146,24,0.8394,0
2026-09-17 16:15:00,LINE_A,MAT_A,24.146,3.901,3.552,24.448,28,0.8732,0
2026-09-17 16:15:00,LINE_A,MAT_B,20.146,3.901,3.552,20.448,24,0.852,0
2026-09-17 16:30:00,LINE_A,MAT_A,24.448,3.743,3.753,24.247,28,0.866,0
2026-09-17 16:30:00,LINE_A,MAT_B,20.448,3.743,3.753,20.247,24,0.8436,0
2026-09-17 16:45:00,LINE_A,MAT_A,24.247,3.795,3.831,24.169,28,0.8632,0
2026-09-17 16:45:00,LINE_A,MAT_B,20.247,3.795,3.831,20.169,24,0.8404,0
2026-09-17 17:00:00,LINE_A,MAT_A,24.169,3.649,3.691,24.127,28,0.8617,0
2026-09-17 17:00:00,LINE_A,MAT_B,20.169,3.649,3.691,20.127,24,0.8386,0
2026-09-17 17:15:00,LINE_A,MAT_A,24.127,3.534,3.539,24.122,28,0.8615,0
2026-09-17 17:15:00,LINE_A,MAT_B,20.127,3.534,3.539,20.122,24,0.8384,0
2026-09-17 17:30:00,LINE_A,MAT_A,24.122,3.625,3.655,24.092,28,0.8604,0
2026-09-17 17:30:00,LINE_A,MAT_B,20.122,3.625,3.655,20.092,24,0.8372,0
2026-09-17 17:45:00,LINE_A,MAT_A,24.092,3.626,3.569,24.149,28,0.8625,0
2026-09-17 17:45:00,LINE_A,MAT_B,20.092,3.626,3.569,20.149,24,0.8395,0
2026-09-17 18:00:00,LINE_A,MAT_A,24.149,3.588,3.672,24.065,28,0.8594,0
2026-09-17 18:00:00,LINE_A,MAT_B,20.149,3.588,3.672,20.065,24,0.836,0
2026-09-17 18:15:00,LINE_A,MAT_A,24.065,3.672,3.658,24.079,28,0.86,0
2026-09-17 18:15:00,LINE_A,MAT_B,20.065,3.672,3.658,20.079,24,0.8366,0
2026-09-17 18:30:00,LINE_A,MAT_A,24.079,3.489,3.622,23.946,28,0.8552,0
2026-09-17 18:30:00,LINE_A,MAT_B,20.079,3.489,3.622,19.946,24,0.8311,0
2026-09-17 18:45:00,LINE_A,MAT_A,23.946,3.747,3.795,23.899,28,0.8535,0
2026-09-17 18:45:00,LINE_A,MAT_B,19.946,3.747,3.795,19.899,24,0.8291,0
2026-09-17 19:00:00,LINE_A,MAT_A,23.899,3.147,3.208,23.838,28,0.8513,0
2026-09-17 19:00:00,LINE_A,MAT_B,19.899,3.147,3.208,19.838,24,0.8266,0
2026-09-17 19:15:00,LINE_A,MAT_A,23.838,3.294,3.286,23.845,28,0.8516,0
2026-09-17 19:15:00,LINE_A,MAT_B,19.838,3.294,3.286,19.845,24,0.8269,0
2026-09-17 19:30:00,LINE_A,MAT_A,23.845,3.184,3.734,23.295,28,0.832,0
2026-09-17 19:30:00,LINE_A,MAT_B,19.845,3.184,3.734,19.295,24,0.804,0
2026-09-17 19:45:00,LINE_A,MAT_A,23.295,4.233,3.314,24.214,28,0.8648,0
2026-09-17 19:45:00,LINE_A,MAT_B,19.295,4.233,3.314,20.214,24,0.8423,0
2026-09-17 20:00:00,LINE_A,MAT_A,24.214,3.539,3.804,23.949,28,0.8553,0
2026-09-17 20:00:00,LINE_A,MAT_B,20.214,3.539,3.804,19.949,24,0.8312,0
2026-09-17 20:15:00,LINE_A,MAT_A,23.949,3.712,3.443,24.218,28,0.8649,0
2026-09-17 20:15:00,LINE_A,MAT_B,19.949,3.712,3.443,20.218,24,0.8424,0
2026-09-17 20:30:00,LINE_A,MAT_A,24.218,3.342,3.703,23.857,28,0.852,0
2026-09-17 20:30:00,LINE_A,MAT_B,20.218,3.342,3.703,19.857,24,0.8274,0
2026-09-17 20:45:00,LINE_A,MAT_A,23.857,3.618,3.53,23.944,28,0.8551,0
2026-09-17 20:45:00,LINE_A,MAT_B,19.857,3.618,3.53,19.944,24,0.831,0
2026-09-17 21:00:00,LINE_A,MAT_A,23.944,3.24,3.643,23.541,28,0.8407,0
2026-09-17 21:00:00,LINE_A,MAT_B,19.944,3.24,3.643,19.541,24,0.8142,0
2026-09-17 21:15:00,LINE_A,MAT_A,23.541,3.504,3.482,23.563,28,0.8415,0
2026-09-17 21:15:00,LINE_A,MAT_B,19.541,3.504,3.482,19.563,24,0.8151,0
2026-09-17 21:30:00,LINE_A,MAT_A,23.563,3.345,3.724,23.183,28,0.828,0
2026-09-17 21:30:00,LINE_A,MAT_B,19.563,3.345,3.724,19.183,24,0.7993,0
2026-09-17 21:45:00,LINE_A,MAT_A,23.183,3.485,3.42,23.248,28,0.8303,0
2026-09-17 21:45:00,LINE_A,MAT_B,19.183,3.485,3.42,19.248,24,0.802,0
2026-09-17 22:00:00,LINE_A,MAT_A,23.248,2.761,2.872,23.137,28,0.8263,0
2026-09-17 22:00:00,LINE_A,MAT_B,19.248,2.761,2.872,19.137,24,0.7974,0
2026-09-17 22:15:00,LINE_A,MAT_A,23.137,3.024,2.923,23.238,28,0.8299,0
2026-09-17 22:15:00,LINE_A,MAT_B,19.137,3.024,2.923,19.238,24,0.8016,0
2026-09-17 22:30:00,LINE_A,MAT_A,23.238,2.521,2.697,23.063,28,0.8237,0
2026-09-17 22:30:00,LINE_A,MAT_B,19.238,2.521,2.697,19.063,24,0.7943,0
2026-09-17 22:45:00,LINE_A,MAT_A,23.063,2.678,2.778,22.962,28,0.8201,0
2026-09-17 22:45:00,LINE_A,MAT_B,19.063,2.678,2.778,18.962,24,0.7901,0
2026-09-17 23:00:00,LINE_A,MAT_A,22.962,2.635,2.767,22.83,28,0.8154,0
2026-09-17 23:00:00,LINE_A,MAT_B,18.962,2.635,2.767,18.83,24,0.7846,0
2026-09-17 23:15:00,LINE_A,MAT_A,22.83,2.665,2.727,22.769,28,0.8132,0
2026-09-17 23:15:00,LINE_A,MAT_B,18.83,2.665,2.727,18.769,24,0.782,0
2026-09-17 23:30:00,LINE_A,MAT_A,22.769,2.39,2.607,22.552,28,0.8054,0
2026-09-17 23:30:00,LINE_A,MAT_B,18.769,2.39,2.607,18.552,24,0.773,0
2026-09-17 23:45:00,LINE_A,MAT_A,22.552,2.778,2.718,22.611,28,0.8075,0
2026-09-17 23:45:00,LINE_A,MAT_B,18.552,2.778,2.718,18.611,24,0.7755,0
2026-09-18 00:00:00,LINE_A,MAT_A,22.611,2.367,2.807,22.171,28,0.7918,0
2026-09-18 00:00:00,LINE_A,MAT_B,18.611,2.367,2.807,18.171,24,0.7571,0
2026-09-18 00:15:00,LINE_A,MAT_A,22.171,2.751,2.839,22.082,28,0.7886,0
2026-09-18 00:15:00,LINE_A,MAT_B,18.171,2.751,2.839,18.082,24,0.7534,0
2026-09-18 00:30:00,LINE_A,MAT_A,22.082,2.551,2.644,21.988,28,0.7853,0
2026-09-18 00:30:00,LINE_A,MAT_B,18.082,2.551,2.644,17.988,24,0.7495,0
2026-09-18 00:45:00,LINE_A,MAT_A,21.988,2.712,2.315,22.385,28,0.7995,0
2026-09-18 00:45:00,LINE_A,MAT_B,17.988,2.712,2.315,18.385,24,0.766,0
2026-09-18 01:00:00,LINE_A,MAT_A,22.385,2.812,2.715,22.482,28,0.8029,0
2026-09-18 01:00:00,LINE_A,MAT_B,18.385,2.812,2.715,18.482,24,0.7701,0
2026-09-18 01:15:00,LINE_A,MAT_A,22.482,2.537,2.579,22.44,28,0.8014,0
2026-09-18 01:15:00,LINE_A,MAT_B,18.482,2.537,2.579,18.44,24,0.7683,0
2026-09-18 01:30:00,LINE_A,MAT_A,22.44,2.528,2.6,22.368,28,0.7988,0
2026-09-18 01:30:00,LINE_A,MAT_B,18.44,2.528,2.6,18.368,24,0.7653,0
2026-09-18 01:45:00,LINE_A,MAT_A,22.368,2.779,2.919,22.227,28,0.7938,0
2026-09-18 01:45:00,LINE_A,MAT_B,18.368,2.779,2.919,18.227,24,0.7595,0
2026-09-18 02:00:00,LINE_A,MAT_A,22.227,2.799,2.606,22.42,28,0.8007,0
2026-09-18 02:00:00,LINE_A,MAT_B,18.227,2.799,2.606,18.42,24,0.7675,0
2026-09-18 02:15:00,LINE_A,MAT_A,22.42,2.653,2.592,22.481,28,0.8029,0
2026-09-18 02:15:00,LINE_A,MAT_B,18.42,2.653,2.592,18.481,24,0.7701,0
2026-09-18 02:30:00,LINE_A,MAT_A,22.481,2.564,2.648,22.398,28,0.7999,0
2026-09-18 02:30:00,LINE_A,MAT_B,18.481,2.564,2.648,18.398,24,0.7666,0
2026-09-18 02:45:00,LINE_A,MAT_A,22.398,2.73,2.717,22.411,28,0.8004,0
2026-09-18 02:45:00,LINE_A,MAT_B,18.398,2.73,2.717,18.411,24,0.7671,0
2026-09-18 03:00:00,LINE_A,MAT_A,22.411,2.684,2.373,22.722,28,0.8115,0
2026-09-18 03:00:00,LINE_A,MAT_B,18.411,2.684,2.373,18.722,24,0.7801,0
2026-09-18 03:15:00,LINE_A,MAT_A,22.722,2.816,2.621,22.917,28,0.8185,0
2026-09-18 03:15:00,LINE_A,MAT_B,18.722,2.816,2.621,18.917,24,0.7882,0
2026-09-18 03:30:00,LINE_A,MAT_A,22.917,2.276,2.694,22.499,28,0.8035,0
2026-09-18 03:30:00,LINE_A,MAT_B,18.917,2.276,2.694,18.499,24,0.7708,0
2026-09-18 03:45:00,LINE_A,MAT_A,22.499,2.467,2.691,22.275,28,0.7955,0
2026-09-18 03:45:00,LINE_A,MAT_B,18.499,2.467,2.691,18.275,24,0.7615,0
2026-09-18 04:00:00,LINE_A,MAT_A,22.275,2.945,2.968,22.252,28,0.7947,0
2026-09-18 04:00:00,LINE_A,MAT_B,18.275,2.945,2.968,18.252,24,0.7605,0
2026-09-18 04:15:00,LINE_A,MAT_A,22.252,2.45,2.566,22.136,28,0.7906,0
2026-09-18 04:15:00,LINE_A,MAT_B,18.252,2.45,2.566,18.136,24,0.7557,0
2026-09-18 04:30:00,LINE_A,MAT_A,22.136,2.552,2.642,22.045,28,0.7873,0
2026-09-18 04:30:00,LINE_A,MAT_B,18.136,2.552,2.642,18.045,24,0.7519,0
2026-09-18 04:45:00,LINE_A,MAT_A,22.045,2.627,2.751,21.921,28,0.7829,0
2026-09-18 04:45:00,LINE_A,MAT_B,18.045,2.627,2.751,17.921,24,0.7467,0
2026-09-18 05:00:00,LINE_A,MAT_A,21.921,2.67,2.929,21.662,28,0.7736,0
2026-09-18 05:00:00,LINE_A,MAT_B,17.921,2.67,2.929,17.662,24,0.7359,0
2026-09-18 05:15:00,LINE_A,MAT_A,21.662,2.859,2.927,21.595,28,0.7712,0
2026-09-18 05:15:00,LINE_A,MAT_B,17.662,2.859,2.927,17.595,24,0.7331,0
2026-09-18 05:30:00,LINE_A,MAT_A,21.595,2.753,2.798,21.55,28,0.7696,0
2026-09-18 05:30:00,LINE_A,MAT_B,17.595,2.753,2.798,17.55,24,0.7312,0
2026-09-18 05:45:00,LINE_A,MAT_A,21.55,2.962,2.912,21.599,28,0.7714,0
2026-09-18 05:45:00,LINE_A,MAT_B,17.55,2.962,2.912,17.599,24,0.7333,0
2026-09-18 06:00:00,LINE_A,MAT_A,21.599,3.184,3.314,21.469,28,0.7668,0
2026-09-18 06:00:00,LINE_A,MAT_B,17.599,3.184,3.314,17.469,24,0.7279,0
2026-09-18 06:15:00,LINE_A,MAT_A,21.469,3.142,3.169,21.442,28,0.7658,0
2026-09-18 06:15:00,LINE_A,MAT_B,17.469,3.142,3.169,17.442,24,0.7268,0
2026-09-18 06:30:00,LINE_A,MAT_A,21.442,3.489,3.366,21.565,28,0.7702,0
2026-09-18 06:30:00,LINE_A,MAT_B,17.442,3.489,3.366,17.565,24,0.7319,0
2026-09-18 06:45:00,LINE_A,MAT_A,21.565,2.901,3.486,20.98,28,0.7493,0
2026-09-18 06:45:00,LINE_A,MAT_B,17.565,2.901,3.486,16.98,24,0.7075,0
2026-09-18 07:00:00,LINE_A,MAT_A,20.98,3.565,3.349,21.195,28,0.757,0
2026-09-18 07:00:00,LINE_A,MAT_B,16.98,3.565,3.349,17.195,24,0.7165,0
2026-09-18 07:15:00,LINE_A,MAT_A,21.195,3.328,3.343,21.181,28,0.7565,0
2026-09-18 07:15:00,LINE_A,MAT_B,17.195,3.328,3.343,17.181,24,0.7159,0
2026-09-18 07:30:00,LINE_A,MAT_A,21.181,3.008,3.505,20.684,28,0.7387,0
2026-09-18 07:30:00,LINE_A,MAT_B,17.181,3.008,3.505,16.684,24,0.6952,0
2026-09-18 07:45:00,LINE_A,MAT_A,20.684,3.23,3.311,20.603,28,0.7358,0
2026-09-18 07:45:00,LINE_A,MAT_B,16.684,3.23,3.311,16.603,24,0.6918,0
2026-09-18 08:00:00,LINE_A,MAT_A,20.603,3.156,3.591,20.167,28,0.7202,0
2026-09-18 08:00:00,LINE_A,MAT_B,16.603,3.156,3.591,16.167,24,0.6736,0
2026-09-18 08:15:00,LINE_A,MAT_A,20.167,3.397,3.467,20.097,28,0.7178,0
2026-09-18 08:15:00,LINE_A,MAT_B,16.167,3.397,3.467,16.097,24,0.6707,0
2026-09-18 08:30:00,LINE_A,MAT_A,20.097,3.578,3.463,20.212,28,0.7219,0
2026-09-18 08:30:00,LINE_A,MAT_B,16.097,3.578,3.463,16.212,24,0.6755,0
2026-09-18 08:45:00,LINE_A,MAT_A,20.212,3.522,3.478,20.256,28,0.7234,0
2026-09-18 08:45:00,LINE_A,MAT_B,16.212,3.522,3.478,16.256,24,0.6773,0
2026-09-18 09:00:00,LINE_A,MAT_A,20.256,3.686,3.542,20.4,28,0.7286,0
2026-09-18 09:00:00,LINE_A,MAT_B,16.256,3.686,3.542,16.4,24,0.6833,0
2026-09-18 09:15:00,LINE_A,MAT_A,20.4,3.288,3.622,20.066,28,0.7167,0
2026-09-18 09:15:00,LINE_A,MAT_B,16.4,3.288,3.622,16.066,24,0.6694,0
2026-09-18 09:30:00,LINE_A,MAT_A,20.066,3.432,3.324,20.175,28,0.7205,0
2026-09-18 09:30:00,LINE_A,MAT_B,16.066,3.432,3.324,16.175,24,0.6739,0
2026-09-18 09:45:00,LINE_A,MAT_A,20.175,3.537,3.416,20.295,28,0.7248,0
2026-09-18 09:45:00,LINE_A,MAT_B,16.175,3.537,3.416,16.295,24,0.679,0
2026-09-18 10:00:00,LINE_A,MAT_A,20.295,3.479,3.447,20.328,28,0.726,0
2026-09-18 10:00:00,LINE_A,MAT_B,16.295,3.479,3.447,16.328,24,0.6803,0
2026-09-18 10:15:00,LINE_A,MAT_A,20.328,3.505,3.401,20.431,28,0.7297,0
2026-09-18 10:15:00,LINE_A,MAT_B,16.328,3.505,3.401,16.431,24,0.6846,0
2026-09-18 10:30:00,LINE_A,MAT_A,20.431,4.052,3.506,20.977,28,0.7492,0
2026-09-18 10:30:00,LINE_A,MAT_B,16.431,4.052,3.506,16.977,24,0.7074,0
2026-09-18 10:45:00,LINE_A,MAT_A,20.977,3.432,3.369,21.04,28,0.7514,0
2026-09-18 10:45:00,LINE_A,MAT_B,16.977,3.432,3.369,17.04,24,0.71,0
2026-09-18 11:00:00,LINE_A,MAT_A,21.04,3.45,3.436,21.054,28,0.7519,0
2026-09-18 11:00:00,LINE_A,MAT_B,17.04,3.45,3.436,17.054,24,0.7106,0
2026-09-18 11:15:00,LINE_A,MAT_A,21.054,3.51,3.465,21.099,28,0.7536,0
2026-09-18 11:15:00,LINE_A,MAT_B,17.054,3.51,3.465,17.099,24,0.7125,0
2026-09-18 11:30:00,LINE_A,MAT_A,21.099,3.228,3.151,21.177,28,0.7563,0
2026-09-18 11:30:00,LINE_A,MAT_B,17.099,3.228,3.151,17.177,24,0.7157,0
2026-09-18 11:45:00,LINE_A,MAT_A,21.177,3.237,3.215,21.199,28,0.7571,0
2026-09-18 11:45:00,LINE_A,MAT_B,17.177,3.237,3.215,17.199,24,0.7166,0
2026-09-18 12:00:00,LINE_A,MAT_A,21.199,3.776,3.628,21.346,28,0.7624,0
2026-09-18 12:00:00,LINE_A,MAT_B,17.199,3.776,3.628,17.346,24,0.7228,0
2026-09-18 12:15:00,LINE_A,MAT_A,21.346,3.29,3.565,21.072,28,0.7526,0
2026-09-18 12:15:00,LINE_A,MAT_B,17.346,3.29,3.565,17.072,24,0.7113,0
2026-09-18 12:30:00,LINE_A,MAT_A,21.072,3.489,3.449,21.112,28,0.754,0
2026-09-18 12:30:00,LINE_A,MAT_B,17.072,3.489,3.449,17.112,24,0.713,0
2026-09-18 12:45:00,LINE_A,MAT_A,21.112,3.74,3.388,21.464,28,0.7666,0
2026-09-18 12:45:00,LINE_A,MAT_B,17.112,3.74,3.388,17.464,24,0.7277,0
2026-09-18 13:00:00,LINE_A,MAT_A,21.464,3.606,3.525,21.545,28,0.7695,0
2026-09-18 13:00:00,LINE_A,MAT_B,17.464,3.606,3.525,17.545,24,0.7311,0
2026-09-18 13:15:00,LINE_A,MAT_A,21.545,3.872,3.633,21.784,28,0.778,0
2026-09-18 13:15:00,LINE_A,MAT_B,17.545,3.872,3.633,17.784,24,0.741,0
2026-09-18 13:30:00,LINE_A,MAT_A,21.784,3.299,3.384,21.699,28,0.775,0
2026-09-18 13:30:00,LINE_A,MAT_B,17.784,3.299,3.384,17.699,24,0.7375,0
2026-09-18 13:45:00,LINE_A,MAT_A,21.699,3.371,3.637,21.434,28,0.7655,0
2026-09-18 13:45:00,LINE_A,MAT_B,17.699,3.371,3.637,17.434,24,0.7264,0
2026-09-18 14:00:00,LINE_A,MAT_A,21.434,3.526,4.084,20.875,28,0.7455,0
2026-09-18 14:00:00,LINE_A,MAT_B,17.434,3.526,4.084,16.875,24,0.7031,0
2026-09-18 14:15:00,LINE_A,MAT_A,20.875,3.976,3.863,20.988,28,0.7496,0
2026-09-18 14:15:00,LINE_A,MAT_B,16.875,3.976,3.863,16.988,24,0.7078,0
2026-09-18 14:30:00,LINE_A,MAT_A,20.988,3.772,3.58,21.179,28,0.7564,0
2026-09-18 14:30:00,LINE_A,MAT_B,16.988,3.772,3.58,17.179,24,0.7158,0
2026-09-18 14:45:00,LINE_A,MAT_A,21.179,4.054,3.869,21.364,28,0.763,0
2026-09-18 14:45:00,LINE_A,MAT_B,17.179,4.054,3.869,17.364,24,0.7235,0
2026-09-18 15:00:00,LINE_A,MAT_A,21.364,3.488,3.702,21.15,28,0.7554,0
2026-09-18 15:00:00,LINE_A,MAT_B,17.364,3.488,3.702,17.15,24,0.7146,0
2026-09-18 15:15:00,LINE_A,MAT_A,21.15,3.663,3.856,20.957,28,0.7485,0
2026-09-18 15:15:00,LINE_A,MAT_B,17.15,3.663,3.856,16.957,24,0.7065,0
2026-09-18 15:30:00,LINE_A,MAT_A,20.957,3.365,3.924,20.398,28,0.7285,0
2026-09-18 15:30:00,LINE_A,MAT_B,16.957,3.365,3.924,16.398,24,0.6832,0
2026-09-18 15:45:00,LINE_A,MAT_A,20.398,3.877,3.905,20.37,28,0.7275,0
2026-09-18 15:45:00,LINE_A,MAT_B,16.398,3.877,3.905,16.37,24,0.6821,0
2026-09-18 16:00:00,LINE_A,MAT_A,20.37,4.169,3.544,20.996,28,0.7498,0
2026-09-18 16:00:00,LINE_A,MAT_B,16.37,4.169,3.544,16.996,24,0.7082,0
2026-09-18 16:15:00,LINE_A,MAT_A,20.996,3.665,3.69,20.97,28,0.7489,0
2026-09-18 16:15:00,LINE_A,MAT_B,16.996,3.665,3.69,16.97,24,0.7071,0
2026-09-18 16:30:00,LINE_A,MAT_A,20.97,3.847,3.825,20.992,28,0.7497,0
2026-09-18 16:30:00,LINE_A,MAT_B,16.97,3.847,3.825,16.992,24,0.708,0
2026-09-18 16:45:00,LINE_A,MAT_A,20.992,3.638,3.826,20.804,28,0.743,0
2026-09-18 16:45:00,LINE_A,MAT_B,16.992,3.638,3.826,16.804,24,0.7002,0
2026-09-18 17:00:00,LINE_A,MAT_A,20.804,3.398,3.597,20.605,28,0.7359,0
2026-09-18 17:00:00,LINE_A,MAT_B,16.804,3.398,3.597,16.605,24,0.6919,0
2026-09-18 17:15:00,LINE_A,MAT_A,20.605,3.734,3.779,20.56,28,0.7343,0
2026-09-18 17:15:00,LINE_A,MAT_B,16.605,3.734,3.779,16.56,24,0.69,0
2026-09-18 17:30:00,LINE_A,MAT_A,20.56,3.764,3.681,20.644,28,0.7373,0
2026-09-18 17:30:00,LINE_A,MAT_B,16.56,3.764,3.681,16.644,24,0.6935,0
2026-09-18 17:45:00,LINE_A,MAT_A,20.644,3.619,3.692,20.571,28,0.7347,0
2026-09-18 17:45:00,LINE_A,MAT_B,16.644,3.619,3.692,16.571,24,0.6905,0
2026-09-18 18:00:00,LINE_A,MAT_A,20.571,3.712,3.84,20.443,28,0.7301,0
2026-09-18 18:00:00,LINE_A,MAT_B,16.571,3.712,3.84,16.443,24,0.6851,0
2026-09-18 18:15:00,LINE_A,MAT_A,20.443,3.603,3.634,20.412,28,0.729,0
2026-09-18 18:15:00,LINE_A,MAT_B,16.443,3.603,3.634,16.412,24,0.6838,0
2026-09-18 18:30:00,LINE_A,MAT_A,20.412,3.526,3.785,20.152,28,0.7197,0
2026-09-18 18:30:00,LINE_A,MAT_B,16.412,3.526,3.785,16.152,24,0.673,0
2026-09-18 18:45:00,LINE_A,MAT_A,20.152,3.846,3.55,20.449,28,0.7303,0
2026-09-18 18:45:00,LINE_A,MAT_B,16.152,3.846,3.55,16.449,24,0.6854,0
2026-09-18 19:00:00,LINE_A,MAT_A,20.449,3.116,3.226,20.339,28,0.7264,0
2026-09-18 19:00:00,LINE_A,MAT_B,16.449,3.116,3.226,16.339,24,0.6808,0
2026-09-18 19:15:00,LINE_A,MAT_A,20.339,3.054,3.327,20.066,28,0.7166,0
2026-09-18 19:15:00,LINE_A,MAT_B,16.339,3.054,3.327,16.066,24,0.6694,0
2026-09-18 19:30:00,LINE_A,MAT_A,20.066,3.484,3.506,20.043,28,0.7158,0
2026-09-18 19:30:00,LINE_A,MAT_B,16.066,3.484,3.506,16.043,24,0.6685,0
2026-09-18 19:45:00,LINE_A,MAT_A,20.043,3.006,3.317,19.732,28,0.7047,0
2026-09-18 19:45:00,LINE_A,MAT_B,16.043,3.006,3.317,15.732,24,0.6555,0
2026-09-18 20:00:00,LINE_A,MAT_A,19.732,4.524,3.533,20.723,28,0.7401,0
2026-09-18 20:00:00,LINE_A,MAT_B,15.732,4.524,3.533,16.723,24,0.6968,0
2026-09-18 20:15:00,LINE_A,MAT_A,20.723,3.389,3.578,20.534,28,0.7334,0
2026-09-18 20:15:00,LINE_A,MAT_B,16.723,3.389,3.578,16.534,24,0.6889,0
2026-09-18 20:30:00,LINE_A,MAT_A,20.534,3.38,3.381,20.534,28,0.7334,0
2026-09-18 20:30:00,LINE_A,MAT_B,16.534,3.38,3.381,16.534,24,0.6889,0
2026-09-18 20:45:00,LINE_A,MAT_A,20.534,3.904,3.581,20.857,28,0.7449,0
2026-09-18 20:45:00,LINE_A,MAT_B,16.534,3.904,3.581,16.857,24,0.7024,0
2026-09-18 21:00:00,LINE_A,MAT_A,20.857,3.382,3.36,20.879,28,0.7457,0
2026-09-18 21:00:00,LINE_A,MAT_B,16.857,3.382,3.36,16.879,24,0.7033,0
2026-09-18 21:15:00,LINE_A,MAT_A,20.879,3.513,3.445,20.947,28,0.7481,0
2026-09-18 21:15:00,LINE_A,MAT_B,16.879,3.513,3.445,16.947,24,0.7061,0
2026-09-18 21:30:00,LINE_A,MAT_A,20.947,3.644,3.48,21.11,28,0.7539,0
2026-09-18 21:30:00,LINE_A,MAT_B,16.947,3.644,3.48,17.11,24,0.7129,0
2026-09-18 21:45:00,LINE_A,MAT_A,21.11,3.404,3.529,20.985,28,0.7495,0
2026-09-18 21:45:00,LINE_A,MAT_B,17.11,3.404,3.529,16.985,24,0.7077,0
2026-09-18 22:00:00,LINE_A,MAT_A,20.985,2.872,2.875,20.982,28,0.7494,0
2026-09-18 22:00:00,LINE_A,MAT_B,16.985,2.872,2.875,16.982,24,0.7076,0
2026-09-18 22:15:00,LINE_A,MAT_A,20.982,2.651,2.598,21.035,28,0.7513,0
2026-09-18 22:15:00,LINE_A,MAT_B,16.982,2.651,2.598,17.035,24,0.7098,0
2026-09-18 22:30:00,LINE_A,MAT_A,21.035,2.813,2.697,21.152,28,0.7554,0
2026-09-18 22:30:00,LINE_A,MAT_B,17.035,2.813,2.697,17.152,24,0.7147,0
2026-09-18 22:45:00,LINE_A,MAT_A,21.152,2.629,2.455,21.325,28,0.7616,0
2026-09-18 22:45:00,LINE_A,MAT_B,17.152,2.629,2.455,17.325,24,0.7219,0
2026-09-18 23:00:00,LINE_A,MAT_A,21.325,2.582,2.685,21.223,28,0.758,0
2026-09-18 23:00:00,LINE_A,MAT_B,17.325,2.582,2.685,17.223,24,0.7176,0
2026-09-18 23:15:00,LINE_A,MAT_A,21.223,2.688,2.679,21.232,28,0.7583,0
2026-09-18 23:15:00,LINE_A,MAT_B,17.223,2.688,2.679,17.232,24,0.718,0
2026-09-18 23:30:00,LINE_A,MAT_A,21.232,2.771,2.614,21.388,28,0.7639,0
2026-09-18 23:30:00,LINE_A,MAT_B,17.232,2.771,2.614,17.388,24,0.7245,0
2026-09-18 23:45:00,LINE_A,MAT_A,21.388,2.438,2.574,21.252,28,0.759,0
2026-09-18 23:45:00,LINE_A,MAT_B,17.388,2.438,2.574,17.252,24,0.7188,0
2026-09-19 00:00:00,LINE_A,MAT_A,21.252,2.458,2.102,21.608,28,0.7717,0
2026-09-19 00:00:00,LINE_A,MAT_B,17.252,2.458,2.102,17.608,24,0.7337,0
2026-09-19 00:15:00,LINE_A,MAT_A,21.608,2.23,2.194,21.643,28,0.773,0
2026-09-19 00:15:00,LINE_A,MAT_B,17.608,2.23,2.194,17.643,24,0.7351,0
2026-09-19 00:30:00,LINE_A,MAT_A,21.643,2.062,2.006,21.699,28,0.775,0
2026-09-19 00:30:00,LINE_A,MAT_B,17.643,2.062,2.006,17.699,24,0.7375,0
2026-09-19 00:45:00,LINE_A,MAT_A,21.699,2.4,1.941,22.158,28,0.7914,0
2026-09-19 00:45:00,LINE_A,MAT_B,17.699,2.4,1.941,18.158,24,0.7566,0
2026-09-19 01:00:00,LINE_A,MAT_A,22.158,2.099,2.152,22.105,28,0.7894,0
2026-09-19 01:00:00,LINE_A,MAT_B,18.158,2.099,2.152,18.105,24,0.7544,0
2026-09-19 01:15:00,LINE_A,MAT_A,22.105,2.157,1.922,22.339,28,0.7978,0
2026-09-19 01:15:00,LINE_A,MAT_B,18.105,2.157,1.922,18.339,24,0.7641,0
2026-09-19 01:30:00,LINE_A,MAT_A,22.339,2.201,2.484,22.056,28,0.7877,0
2026-09-19 01:30:00,LINE_A,MAT_B,18.339,2.201,2.484,18.056,24,0.7523,0
2026-09-19 01:45:00,LINE_A,MAT_A,22.056,1.869,2.053,21.872,28,0.7812,0
2026-09-19 01:45:00,LINE_A,MAT_B,18.056,1.869,2.053,17.872,24,0.7447,0
2026-09-19 02:00:00,LINE_A,MAT_A,21.872,2.262,2.459,21.676,28,0.7741,0
2026-09-19 02:00:00,LINE_A,MAT_B,17.872,2.262,2.459,17.676,24,0.7365,0
2026-09-19 02:15:00,LINE_A,MAT_A,21.676,2.472,2.156,21.991,28,0.7854,0
2026-09-19 02:15:00,LINE_A,MAT_B,17.676,2.472,2.156,17.991,24,0.7496,0
2026-09-19 02:30:00,LINE_A,MAT_A,21.991,2.016,2.254,21.753,28,0.7769,0
2026-09-19 02:30:00,LINE_A,MAT_B,17.991,2.016,2.254,17.753,24,0.7397,0
2026-09-19 02:45:00,LINE_A,MAT_A,21.753,2.295,1.93,22.118,28,0.7899,0
2026-09-19 02:45:00,LINE_A,MAT_B,17.753,2.295,1.93,18.118,24,0.7549,0
2026-09-19 03:00:00,LINE_A,MAT_A,22.118,1.953,2.425,21.647,28,0.7731,0
2026-09-19 03:00:00,LINE_A,MAT_B,18.118,1.953,2.425,17.647,24,0.7353,0
2026-09-19 03:15:00,LINE_A,MAT_A,21.647,1.97,2.379,21.238,28,0.7585,0
2026-09-19 03:15:00,LINE_A,MAT_B,17.647,1.97,2.379,17.238,24,0.7183,0
2026-09-19 03:30:00,LINE_A,MAT_A,21.238,2.074,2.233,21.079,28,0.7528,0
2026-09-19 03:30:00,LINE_A,MAT_B,17.238,2.074,2.233,17.079,24,0.7116,0
2026-09-19 03:45:00,LINE_A,MAT_A,21.079,2.209,2.152,21.136,28,0.7549,0
2026-09-19 03:45:00,LINE_A,MAT_B,17.079,2.209,2.152,17.136,24,0.714,0
2026-09-19 04:00:00,LINE_A,MAT_A,21.136,2.272,2.151,21.257,28,0.7592,0
2026-09-19 04:00:00,LINE_A,MAT_B,17.136,2.272,2.151,17.257,24,0.7191,0
2026-09-19 04:15:00,LINE_A,MAT_A,21.257,2.629,2.221,21.665,28,0.7737,0
2026-09-19 04:15:00,LINE_A,MAT_B,17.257,2.629,2.221,17.665,24,0.736,0
2026-09-19 04:30:00,LINE_A,MAT_A,21.665,2.182,2.243,21.604,28,0.7716,0
2026-09-19 04:30:00,LINE_A,MAT_B,17.665,2.182,2.243,17.604,24,0.7335,0
2026-09-19 04:45:00,LINE_A,MAT_A,21.604,2.025,2.325,21.304,28,0.7609,0
2026-09-19 04:45:00,LINE_A,MAT_B,17.604,2.025,2.325,17.304,24,0.721,0
2026-09-19 05:00:00,LINE_A,MAT_A,21.304,2.336,2.361,21.279,28,0.76,0
2026-09-19 05:00:00,LINE_A,MAT_B,17.304,2.336,2.361,17.279,24,0.72,0
2026-09-19 05:15:00,LINE_A,MAT_A,21.279,2.581,2.323,21.537,28,0.7692,0
2026-09-19 05:15:00,LINE_A,MAT_B,17.279,2.581,2.323,17.537,24,0.7307,0
2026-09-19 05:30:00,LINE_A,MAT_A,21.537,2.228,2.212,21.553,28,0.7697,0
2026-09-19 05:30:00,LINE_A,MAT_B,17.537,2.228,2.212,17.553,24,0.7314,0
2026-09-19 05:45:00,LINE_A,MAT_A,21.553,2.103,2.277,21.379,28,0.7635,0
2026-09-19 05:45:00,LINE_A,MAT_B,17.553,2.103,2.277,17.379,24,0.7241,0
2026-09-19 06:00:00,LINE_A,MAT_A,21.379,2.643,2.836,21.185,28,0.7566,0
2026-09-19 06:00:00,LINE_A,MAT_B,17.379,2.643,2.836,17.185,24,0.7161,0
2026-09-19 06:15:00,LINE_A,MAT_A,21.185,2.57,2.584,21.172,28,0.7561,0
2026-09-19 06:15:00,LINE_A,MAT_B,17.185,2.57,2.584,17.172,24,0.7155,0
2026-09-19 06:30:00,LINE_A,MAT_A,21.172,2.659,2.753,21.077,28,0.7528,0
2026-09-19 06:30:00,LINE_A,MAT_B,17.172,2.659,2.753,17.077,24,0.7116,0
2026-09-19 06:45:00,LINE_A,MAT_A,21.077,2.917,2.969,21.026,28,0.7509,0
2026-09-19 06:45:00,LINE_A,MAT_B,17.077,2.917,2.969,17.026,24,0.7094,0
2026-09-19 07:00:00,LINE_A,MAT_A,21.026,2.719,2.676,21.069,28,0.7525,0
2026-09-19 07:00:00,LINE_A,MAT_B,17.026,2.719,2.676,17.069,24,0.7112,0
2026-09-19 07:15:00,LINE_A,MAT_A,21.069,2.562,2.736,20.894,28,0.7462,0
2026-09-19 07:15:00,LINE_A,MAT_B,17.069,2.562,2.736,16.894,24,0.7039,0
2026-09-19 07:30:00,LINE_A,MAT_A,20.894,2.562,2.693,20.764,28,0.7416,0
2026-09-19 07:30:00,LINE_A,MAT_B,16.894,2.562,2.693,16.764,24,0.6985,0
2026-09-19 07:45:00,LINE_A,MAT_A,20.764,2.819,2.787,20.796,28,0.7427,0
2026-09-19 07:45:00,LINE_A,MAT_B,16.764,2.819,2.787,16.796,24,0.6998,0
2026-09-19 08:00:00,LINE_A,MAT_A,20.796,3.085,2.914,20.967,28,0.7488,0
2026-09-19 08:00:00,LINE_A,MAT_B,16.796,3.085,2.914,16.967,24,0.707,0
2026-09-19 08:15:00,LINE_A,MAT_A,20.967,2.934,2.952,20.95,28,0.7482,0
2026-09-19 08:15:00,LINE_A,MAT_B,16.967,2.934,2.952,16.95,24,0.7062,0
2026-09-19 08:30:00,LINE_A,MAT_A,20.95,2.696,2.588,21.059,28,0.7521,0
2026-09-19 08:30:00,LINE_A,MAT_B,16.95,2.696,2.588,17.059,24,0.7108,0
2026-09-19 08:45:00,LINE_A,MAT_A,21.059,2.812,2.722,21.148,28,0.7553,0
2026-09-19 08:45:00,LINE_A,MAT_B,17.059,2.812,2.722,17.148,24,0.7145,0
2026-09-19 09:00:00,LINE_A,MAT_A,21.148,2.926,2.861,21.213,28,0.7576,0
2026-09-19 09:00:00,LINE_A,MAT_B,17.148,2.926,2.861,17.213,24,0.7172,0
2026-09-19 09:15:00,LINE_A,MAT_A,21.213,3.178,2.873,21.518,28,0.7685,0
2026-09-19 09:15:00,LINE_A,MAT_B,17.213,3.178,2.873,17.518,24,0.7299,0
2026-09-19 09:30:00,LINE_A,MAT_A,21.518,2.952,2.937,21.533,28,0.769,0
2026-09-19 09:30:00,LINE_A,MAT_B,17.518,2.952,2.937,17.533,24,0.7305,0
2026-09-19 09:45:00,LINE_A,MAT_A,21.533,3.086,2.855,21.764,28,0.7773,0
2026-09-19 09:45:00,LINE_A,MAT_B,17.533,3.086,2.855,17.764,24,0.7402,0
2026-09-19 10:00:00,LINE_A,MAT_A,21.764,3.212,3.14,21.835,28,0.7798,0
2026-09-19 10:00:00,LINE_A,MAT_B,17.764,3.212,3.14,17.835,24,0.7431,0
2026-09-19 10:15:00,LINE_A,MAT_A,21.835,2.737,2.83,21.742,28,0.7765,0
2026-09-19 10:15:00,LINE_A,MAT_B,17.835,2.737,2.83,17.742,24,0.7393,0
2026-09-19 10:30:00,LINE_A,MAT_A,21.742,2.867,2.498,22.112,28,0.7897,0
2026-09-19 10:30:00,LINE_A,MAT_B,17.742,2.867,2.498,18.112,24,0.7547,0
2026-09-19 10:45:00,LINE_A,MAT_A,22.112,3.059,2.838,22.333,28,0.7976,0
2026-09-19 10:45:00,LINE_A,MAT_B,18.112,3.059,2.838,18.333,24,0.7639,0
2026-09-19 11:00:00,LINE_A,MAT_A,22.333,2.764,2.774,22.322,28,0.7972,0
2026-09-19 11:00:00,LINE_A,MAT_B,18.333,2.764,2.774,18.322,24,0.7634,0
2026-09-19 11:15:00,LINE_A,MAT_A,22.322,2.932,2.995,22.259,28,0.795,0
2026-09-19 11:15:00,LINE_A,MAT_B,18.322,2.932,2.995,18.259,24,0.7608,0
2026-09-19 11:30:00,LINE_A,MAT_A,22.259,2.859,2.811,22.308,28,0.7967,0
2026-09-19 11:30:00,LINE_A,MAT_B,18.259,2.859,2.811,18.308,24,0.7628,0
2026-09-19 11:45:00,LINE_A,MAT_A,22.308,2.206,2.479,22.034,28,0.7869,0
2026-09-19 11:45:00,LINE_A,MAT_B,18.308,2.206,2.479,18.034,24,0.7514,0
2026-09-19 12:00:00,LINE_A,MAT_A,22.034,3.082,2.93,22.187,28,0.7924,0
2026-09-19 12:00:00,LINE_A,MAT_B,18.034,3.082,2.93,18.187,24,0.7578,0
2026-09-19 12:15:00,LINE_A,MAT_A,22.187,2.435,2.986,21.636,28,0.7727,0
2026-09-19 12:15:00,LINE_A,MAT_B,18.187,2.435,2.986,17.636,24,0.7348,0
2026-09-19 12:30:00,LINE_A,MAT_A,21.636,2.721,3.14,21.216,28,0.7577,0
2026-09-19 12:30:00,LINE_A,MAT_B,17.636,2.721,3.14,17.216,24,0.7173,0
2026-09-19 12:45:00,LINE_A,MAT_A,21.216,2.922,2.707,21.431,28,0.7654,0
2026-09-19 12:45:00,LINE_A,MAT_B,17.216,2.922,2.707,17.431,24,0.7263,0
2026-09-19 13:00:00,LINE_A,MAT_A,21.431,3.072,3.159,21.344,28,0.7623,0
2026-09-19 13:00:00,LINE_A,MAT_B,17.431,3.072,3.159,17.344,24,0.7227,0
2026-09-19 13:15:00,LINE_A,MAT_A,21.344,2.805,2.998,21.152,28,0.7554,0
2026-09-19 13:15:00,LINE_A,MAT_B,17.344,2.805,2.998,17.152,24,0.7146,0
2026-09-19 13:30:00,LINE_A,MAT_A,21.152,2.844,2.799,21.197,28,0.757,0
2026-09-19 13:30:00,LINE_A,MAT_B,17.152,2.844,2.799,17.197,24,0.7165,0
2026-09-19 13:45:00,LINE_A,MAT_A,21.197,3.036,2.923,21.309,28,0.7611,0
2026-09-19 13:45:00,LINE_A,MAT_B,17.197,3.036,2.923,17.309,24,0.7212,0
2026-09-19 14:00:00,LINE_A,MAT_A,21.309,3.198,3.224,21.283,28,0.7601,0
2026-09-19 14:00:00,LINE_A,MAT_B,17.309,3.198,3.224,17.283,24,0.7201,0
2026-09-19 14:15:00,LINE_A,MAT_A,21.283,2.735,3.245,20.772,28,0.7419,0
2026-09-19 14:15:00,LINE_A,MAT_B,17.283,2.735,3.245,16.772,24,0.6988,0
2026-09-19 14:30:00,LINE_A,MAT_A,20.772,2.804,3.192,20.384,28,0.728,0
2026-09-19 14:30:00,LINE_A,MAT_B,16.772,2.804,3.192,16.384,24,0.6827,0
2026-09-19 14:45:00,LINE_A,MAT_A,20.384,3.062,3.4,20.046,28,0.7159,0
2026-09-19 14:45:00,LINE_A,MAT_B,16.384,3.062,3.4,16.046,24,0.6686,0
2026-09-19 15:00:00,LINE_A,MAT_A,20.046,3.311,2.835,20.523,28,0.733,0
2026-09-19 15:00:00,LINE_A,MAT_B,16.046,3.311,2.835,16.523,24,0.6884,0
2026-09-19 15:15:00,LINE_A,MAT_A,20.523,2.897,3.01,20.409,28,0.7289,0
2026-09-19 15:15:00,LINE_A,MAT_B,16.523,2.897,3.01,16.409,24,0.6837,0
2026-09-19 15:30:00,LINE_A,MAT_A,20.409,3.025,3.104,20.33,28,0.7261,0
2026-09-19 15:30:00,LINE_A,MAT_B,16.409,3.025,3.104,16.33,24,0.6804,0
2026-09-19 15:45:00,LINE_A,MAT_A,20.33,2.86,3.184,20.006,28,0.7145,0
2026-09-19 15:45:00,LINE_A,MAT_B,16.33,2.86,3.184,16.006,24,0.6669,0
2026-09-19 16:00:00,LINE_A,MAT_A,20.006,3.138,2.97,20.173,28,0.7205,0
2026-09-19 16:00:00,LINE_A,MAT_B,16.006,3.138,2.97,16.173,24,0.6739,0
2026-09-19 16:15:00,LINE_A,MAT_A,20.173,2.924,3.242,19.856,28,0.7091,0
2026-09-19 16:15:00,LINE_A,MAT_B,16.173,2.924,3.242,15.856,24,0.6607,0
2026-09-19 16:30:00,LINE_A,MAT_A,19.856,3.02,2.823,20.052,28,0.7162,0
2026-09-19 16:30:00,LINE_A,MAT_B,15.856,3.02,2.823,16.052,24,0.6689,0
2026-09-19 16:45:00,LINE_A,MAT_A,20.052,2.998,3.107,19.944,28,0.7123,0
2026-09-19 16:45:00,LINE_A,MAT_B,16.052,2.998,3.107,15.944,24,0.6643,0
2026-09-19 17:00:00,LINE_A,MAT_A,19.944,3.099,2.983,20.06,28,0.7164,0
2026-09-19 17:00:00,LINE_A,MAT_B,15.944,3.099,2.983,16.06,24,0.6692,0
2026-09-19 17:15:00,LINE_A,MAT_A,20.06,2.955,2.852,20.163,28,0.7201,0
2026-09-19 17:15:00,LINE_A,MAT_B,16.06,2.955,2.852,16.163,24,0.6735,0
2026-09-19 17:30:00,LINE_A,MAT_A,20.163,3.013,3.052,20.124,28,0.7187,0
2026-09-19 17:30:00,LINE_A,MAT_B,16.163,3.013,3.052,16.124,24,0.6718,0
2026-09-19 17:45:00,LINE_A,MAT_A,20.124,2.804,2.938,19.991,28,0.714,0
2026-09-19 17:45:00,LINE_A,MAT_B,16.124,2.804,2.938,15.991,24,0.6663,0
2026-09-19 18:00:00,LINE_A,MAT_A,19.991,3.101,2.961,20.131,28,0.719,0
2026-09-19 18:00:00,LINE_A,MAT_B,15.991,3.101,2.961,16.131,24,0.6721,0
2026-09-19 18:15:00,LINE_A,MAT_A,20.131,2.686,2.835,19.982,28,0.7136,0
2026-09-19 18:15:00,LINE_A,MAT_B,16.131,2.686,2.835,15.982,24,0.6659,0
2026-09-19 18:30:00,LINE_A,MAT_A,19.982,2.638,2.725,19.895,28,0.7105,0
2026-09-19 18:30:00,LINE_A,MAT_B,15.982,2.638,2.725,15.895,24,0.6623,0
2026-09-19 18:45:00,LINE_A,MAT_A,19.895,2.742,2.988,19.648,28,0.7017,0
2026-09-19 18:45:00,LINE_A,MAT_B,15.895,2.742,2.988,15.648,24,0.652,0
2026-09-19 19:00:00,LINE_A,MAT_A,19.648,2.46,2.535,19.574,28,0.6991,0
2026-09-19 19:00:00,LINE_A,MAT_B,15.648,2.46,2.535,15.574,24,0.6489,0
2026-09-19 19:15:00,LINE_A,MAT_A,19.574,2.632,2.461,19.744,28,0.7052,0
2026-09-19 19:15:00,LINE_A,MAT_B,15.574,2.632,2.461,15.744,24,0.656,0
2026-09-19 19:30:00,LINE_A,MAT_A,19.744,3.167,2.885,20.027,28,0.7152,0
2026-09-19 19:30:00,LINE_A,MAT_B,15.744,3.167,2.885,16.027,24,0.6678,0
2026-09-19 19:45:00,LINE_A,MAT_A,20.027,2.852,2.964,19.915,28,0.7112,0
2026-09-19 19:45:00,LINE_A,MAT_B,16.027,2.852,2.964,15.915,24,0.6631,0
2026-09-19 20:00:00,LINE_A,MAT_A,19.915,3.129,2.887,20.156,28,0.7199,0
2026-09-19 20:00:00,LINE_A,MAT_B,15.915,3.129,2.887,16.156,24,0.6732,0
2026-09-19 20:15:00,LINE_A,MAT_A,20.156,3.137,2.88,20.414,28,0.7291,0
2026-09-19 20:15:00,LINE_A,MAT_B,16.156,3.137,2.88,16.414,24,0.6839,0
2026-09-19 20:30:00,LINE_A,MAT_A,20.414,2.628,3.07,19.972,28,0.7133,0
2026-09-19 20:30:00,LINE_A,MAT_B,16.414,2.628,3.07,15.972,24,0.6655,0
2026-09-19 20:45:00,LINE_A,MAT_A,19.972,1.486,3.113,18.346,28,0.6552,0
2026-09-19 20:45:00,LINE_A,MAT_B,15.972,1.486,3.113,14.346,24,0.5978,0
2026-09-19 21:00:00,LINE_A,MAT_A,18.346,4.315,3.206,19.455,28,0.6948,0
2026-09-19 21:00:00,LINE_A,MAT_B,14.346,4.315,3.206,15.455,24,0.6439,0
2026-09-19 21:15:00,LINE_A,MAT_A,19.455,2.394,2.871,18.977,28,0.6778,0
2026-09-19 21:15:00,LINE_A,MAT_B,15.455,2.394,2.871,14.977,24,0.6241,0
2026-09-19 21:30:00,LINE_A,MAT_A,18.977,2.613,2.997,18.593,28,0.664,0
2026-09-19 21:30:00,LINE_A,MAT_B,14.977,2.613,2.997,14.593,24,0.6081,0
2026-09-19 21:45:00,LINE_A,MAT_A,18.593,2.887,2.944,18.536,28,0.662,0
2026-09-19 21:45:00,LINE_A,MAT_B,14.593,2.887,2.944,14.536,24,0.6057,0
2026-09-19 22:00:00,LINE_A,MAT_A,18.536,2.096,1.924,18.708,28,0.6681,0
2026-09-19 22:00:00,LINE_A,MAT_B,14.536,2.096,1.924,14.708,24,0.6128,0
2026-09-19 22:15:00,LINE_A,MAT_A,18.708,1.937,2.152,18.493,28,0.6605,0
2026-09-19 22:15:00,LINE_A,MAT_B,14.708,1.937,2.152,14.493,24,0.6039,0
2026-09-19 22:30:00,LINE_A,MAT_A,18.493,2.208,2.232,18.468,28,0.6596,0
2026-09-19 22:30:00,LINE_A,MAT_B,14.493,2.208,2.232,14.468,24,0.6028,0
2026-09-19 22:45:00,LINE_A,MAT_A,18.468,2.524,2.265,18.727,28,0.6688,0
2026-09-19 22:45:00,LINE_A,MAT_B,14.468,2.524,2.265,14.727,24,0.6136,0
2026-09-19 23:00:00,LINE_A,MAT_A,18.727,1.921,2.044,18.605,28,0.6645,0
2026-09-19 23:00:00,LINE_A,MAT_B,14.727,1.921,2.044,14.605,24,0.6085,0
2026-09-19 23:15:00,LINE_A,MAT_A,18.605,2.193,2.152,18.646,28,0.6659,0
2026-09-19 23:15:00,LINE_A,MAT_B,14.605,2.193,2.152,14.646,24,0.6102,0
2026-09-19 23:30:00,LINE_A,MAT_A,18.646,1.964,2.079,18.532,28,0.6618,0
2026-09-19 23:30:00,LINE_A,MAT_B,14.646,1.964,2.079,14.532,24,0.6055,0
2026-09-19 23:45:00,LINE_A,MAT_A,18.532,2.55,2.304,18.777,28,0.6706,0
2026-09-19 23:45:00,LINE_A,MAT_B,14.532,2.55,2.304,14.777,24,0.6157,0
2026-09-20 00:00:00,LINE_A,MAT_A,18.777,2.211,2.268,18.719,28,0.6685,0
2026-09-20 00:00:00,LINE_A,MAT_B,14.777,2.211,2.268,14.719,24,0.6133,0
2026-09-20 00:15:00,LINE_A,MAT_A,18.719,2.126,2.231,18.614,28,0.6648,0
2026-09-20 00:15:00,LINE_A,MAT_B,14.719,2.126,2.231,14.614,24,0.6089,0
2026-09-20 00:30:00,LINE_A,MAT_A,18.614,2.246,2.057,18.804,28,0.6716,0
2026-09-20 00:30:00,LINE_A,MAT_B,14.614,2.246,2.057,14.804,24,0.6168,0
2026-09-20 00:45:00,LINE_A,MAT_A,18.804,2.418,1.958,19.264,28,0.688,0
2026-09-20 00:45:00,LINE_A,MAT_B,14.804,2.418,1.958,15.264,24,0.636,0
2026-09-20 01:00:00,LINE_A,MAT_A,19.264,2.111,2.11,19.265,28,0.688,0
2026-09-20 01:00:00,LINE_A,MAT_B,15.264,2.111,2.11,15.265,24,0.636,0
2026-09-20 01:15:00,LINE_A,MAT_A,19.265,2.187,2.081,19.37,28,0.6918,0
2026-09-20 01:15:00,LINE_A,MAT_B,15.265,2.187,2.081,15.37,24,0.6404,0
2026-09-20 01:30:00,LINE_A,MAT_A,19.37,2.115,2.118,19.367,28,0.6917,0
2026-09-20 01:30:00,LINE_A,MAT_B,15.37,2.115,2.118,15.367,24,0.6403,0
2026-09-20 01:45:00,LINE_A,MAT_A,19.367,1.782,1.871,19.278,28,0.6885,0
2026-09-20 01:45:00,LINE_A,MAT_B,15.367,1.782,1.871,15.278,24,0.6366,0
2026-09-20 02:00:00,LINE_A,MAT_A,19.278,1.987,2.303,18.962,28,0.6772,0
2026-09-20 02:00:00,LINE_A,MAT_B,15.278,1.987,2.303,14.962,24,0.6234,0
2026-09-20 02:15:00,LINE_A,MAT_A,18.962,2.072,2.2,18.834,28,0.6726,0
2026-09-20 02:15:00,LINE_A,MAT_B,14.962,2.072,2.2,14.834,24,0.6181,0
2026-09-20 02:30:00,LINE_A,MAT_A,18.834,2.346,2.215,18.964,28,0.6773,0
2026-09-20 02:30:00,LINE_A,MAT_B,14.834,2.346,2.215,14.964,24,0.6235,0
2026-09-20 02:45:00,LINE_A,MAT_A,18.964,2.14,1.969,19.135,28,0.6834,0
2026-09-20 02:45:00,LINE_A,MAT_B,14.964,2.14,1.969,15.135,24,0.6306,0
2026-09-20 03:00:00,LINE_A,MAT_A,19.135,2.018,2.233,18.92,28,0.6757,0
2026-09-20 03:00:00,LINE_A,MAT_B,15.135,2.018,2.233,14.92,24,0.6217,0
2026-09-20 03:15:00,LINE_A,MAT_A,18.92,2.436,2.321,19.035,28,0.6798,0
2026-09-20 03:15:00,LINE_A,MAT_B,14.92,2.436,2.321,15.035,24,0.6265,0
2026-09-20 03:30:00,LINE_A,MAT_A,19.035,2.053,2.079,19.008,28,0.6789,0
2026-09-20 03:30:00,LINE_A,MAT_B,15.035,2.053,2.079,15.008,24,0.6254,0
2026-09-20 03:45:00,LINE_A,MAT_A,19.008,2.376,2.34,19.045,28,0.6802,0
2026-09-20 03:45:00,LINE_A,MAT_B,15.008,2.376,2.34,15.045,24,0.6269,0
2026-09-20 04:00:00,LINE_A,MAT_A,19.045,2.242,2.237,19.05,28,0.6804,0
2026-09-20 04:00:00,LINE_A,MAT_B,15.045,2.242,2.237,15.05,24,0.6271,0
2026-09-20 04:15:00,LINE_A,MAT_A,19.05,2.032,2.127,18.955,28,0.677,0
2026-09-20 04:15:00,LINE_A,MAT_B,15.05,2.032,2.127,14.955,24,0.6231,0
2026-09-20 04:30:00,LINE_A,MAT_A,18.955,2.413,2.298,19.07,28,0.6811,0
2026-09-20 04:30:00,LINE_A,MAT_B,14.955,2.413,2.298,15.07,24,0.6279,0
2026-09-20 04:45:00,LINE_A,MAT_A,19.07,2.211,2.279,19.002,28,0.6786,0
2026-09-20 04:45:00,LINE_A,MAT_B,15.07,2.211,2.279,15.002,24,0.6251,0
2026-09-20 05:00:00,LINE_A,MAT_A,19.002,2.613,2.155,19.46,28,0.695,0
2026-09-20 05:00:00,LINE_A,MAT_B,15.002,2.613,2.155,15.46,24,0.6442,0
2026-09-20 05:15:00,LINE_A,MAT_A,19.46,2.551,2.199,19.812,28,0.7076,0
2026-09-20 05:15:00,LINE_A,MAT_B,15.46,2.551,2.199,15.812,24,0.6588,0
2026-09-20 05:30:00,LINE_A,MAT_A,19.812,1.984,2.336,19.461,28,0.695,0
2026-09-20 05:30:00,LINE_A,MAT_B,15.812,1.984,2.336,15.461,24,0.6442,0
2026-09-20 05:45:00,LINE_A,MAT_A,19.461,2.588,2.349,19.699,28,0.7036,0
2026-09-20 05:45:00,LINE_A,MAT_B,15.461,2.588,2.349,15.699,24,0.6541,0
2026-09-20 06:00:00,LINE_A,MAT_A,19.699,2.67,2.797,19.573,28,0.699,0
2026-09-20 06:00:00,LINE_A,MAT_B,15.699,2.67,2.797,15.573,24,0.6489,0
2026-09-20 06:15:00,LINE_A,MAT_A,19.573,2.709,2.6,19.682,28,0.7029,0
2026-09-20 06:15:00,LINE_A,MAT_B,15.573,2.709,2.6,15.682,24,0.6534,0
2026-09-20 06:30:00,LINE_A,MAT_A,19.682,2.906,2.786,19.802,28,0.7072,0
2026-09-20 06:30:00,LINE_A,MAT_B,15.682,2.906,2.786,15.802,24,0.6584,0
2026-09-20 06:45:00,LINE_A,MAT_A,19.802,2.652,2.763,19.691,28,0.7032,0
2026-09-20 06:45:00,LINE_A,MAT_B,15.802,2.652,2.763,15.691,24,0.6538,0
2026-09-20 07:00:00,LINE_A,MAT_A,19.691,2.566,2.717,19.54,28,0.6978,0
2026-09-20 07:00:00,LINE_A,MAT_B,15.691,2.566,2.717,15.54,24,0.6475,0
2026-09-20 07:15:00,LINE_A,MAT_A,19.54,2.748,2.895,19.393,28,0.6926,0
2026-09-20 07:15:00,LINE_A,MAT_B,15.54,2.748,2.895,15.393,24,0.6414,0
2026-09-20 07:30:00,LINE_A,MAT_A,19.393,2.467,2.668,19.193,28,0.6855,0
2026-09-20 07:30:00,LINE_A,MAT_B,15.393,2.467,2.668,15.193,24,0.633,0
2026-09-20 07:45:00,LINE_A,MAT_A,19.193,3.036,2.854,19.374,28,0.6919,0
2026-09-20 07:45:00,LINE_A,MAT_B,15.193,3.036,2.854,15.374,24,0.6406,0
2026-09-20 08:00:00,LINE_A,MAT_A,19.374,2.854,2.819,19.41,28,0.6932,0
2026-09-20 08:00:00,LINE_A,MAT_B,15.374,2.854,2.819,15.41,24,0.6421,0
2026-09-20 08:15:00,LINE_A,MAT_A,19.41,3.025,2.747,19.688,28,0.7031,0
2026-09-20 08:15:00,LINE_A,MAT_B,15.41,3.025,2.747,15.688,24,0.6537,0
2026-09-20 08:30:00,LINE_A,MAT_A,19.688,2.996,2.777,19.908,28,0.711,0
2026-09-20 08:30:00,LINE_A,MAT_B,15.688,2.996,2.777,15.908,24,0.6628,0
2026-09-20 08:45:00,LINE_A,MAT_A,19.908,2.695,2.859,19.744,28,0.7051,0
2026-09-20 08:45:00,LINE_A,MAT_B,15.908,2.695,2.859,15.744,24,0.656,0
2026-09-20 09:00:00,LINE_A,MAT_A,19.744,2.783,2.845,19.682,28,0.7029,0
2026-09-20 09:00:00,LINE_A,MAT_B,15.744,2.783,2.845,15.682,24,0.6534,0
2026-09-20 09:15:00,LINE_A,MAT_A,19.682,2.806,2.994,19.494,28,0.6962,0
2026-09-20 09:15:00,LINE_A,MAT_B,15.682,2.806,2.994,15.494,24,0.6456,0
2026-09-20 09:30:00,LINE_A,MAT_A,19.494,2.811,2.992,19.313,28,0.6898,0
2026-09-20 09:30:00,LINE_A,MAT_B,15.494,2.811,2.992,15.313,24,0.638,0
2026-09-20 09:45:00,LINE_A,MAT_A,19.313,2.879,2.794,19.398,28,0.6928,0
2026-09-20 09:45:00,LINE_A,MAT_B,15.313,2.879,2.794,15.398,24,0.6416,0
2026-09-20 10:00:00,LINE_A,MAT_A,19.398,3.074,2.657,19.815,28,0.7077,0
2026-09-20 10:00:00,LINE_A,MAT_B,15.398,3.074,2.657,15.815,24,0.659,0
2026-09-20 10:15:00,LINE_A,MAT_A,19.815,3.068,2.895,19.987,28,0.7138,0
2026-09-20 10:15:00,LINE_A,MAT_B,15.815,3.068,2.895,15.987,24,0.6661,0
2026-09-20 10:30:00,LINE_A,MAT_A,19.987,2.688,2.965,19.71,28,0.7039,0
2026-09-20 10:30:00,LINE_A,MAT_B,15.987,2.688,2.965,15.71,24,0.6546,0
2026-09-20 10:45:00,LINE_A,MAT_A,19.71,2.649,2.874,19.485,28,0.6959,0
2026-09-20 10:45:00,LINE_A,MAT_B,15.71,2.649,2.874,15.485,24,0.6452,0
2026-09-20 11:00:00,LINE_A,MAT_A,19.485,2.878,3.012,19.351,28,0.6911,0
2026-09-20 11:00:00,LINE_A,MAT_B,15.485,2.878,3.012,15.351,24,0.6396,0
2026-09-20 11:15:00,LINE_A,MAT_A,19.351,3.071,3.127,19.296,28,0.6891,0
2026-09-20 11:15:00,LINE_A,MAT_B,15.351,3.071,3.127,15.296,24,0.6373,0
2026-09-20 11:30:00,LINE_A,MAT_A,19.296,2.739,2.429,19.605,28,0.7002,0
2026-09-20 11:30:00,LINE_A,MAT_B,15.296,2.739,2.429,15.605,24,0.6502,0
2026-09-20 11:45:00,LINE_A,MAT_A,19.605,2.568,2.694,19.479,28,0.6957,0
2026-09-20 11:45:00,LINE_A,MAT_B,15.605,2.568,2.694,15.479,24,0.645,0
2026-09-20 12:00:00,LINE_A,MAT_A,19.479,2.917,3.072,19.324,28,0.6901,0
2026-09-20 12:00:00,LINE_A,MAT_B,15.479,2.917,3.072,15.324,24,0.6385,0
2026-09-20 12:15:00,LINE_A,MAT_A,19.324,3.011,2.972,19.362,28,0.6915,0
2026-09-20 12:15:00,LINE_A,MAT_B,15.324,3.011,2.972,15.362,24,0.6401,0
2026-09-20 12:30:00,LINE_A,MAT_A,19.362,2.815,3.062,19.114,28,0.6827,0
2026-09-20 12:30:00,LINE_A,MAT_B,15.362,2.815,3.062,15.114,24,0.6298,0
2026-09-20 12:45:00,LINE_A,MAT_A,19.114,2.768,2.932,18.951,28,0.6768,0
2026-09-20 12:45:00,LINE_A,MAT_B,15.114,2.768,2.932,14.951,24,0.623,0
2026-09-20 13:00:00,LINE_A,MAT_A,18.951,2.975,2.961,18.965,28,0.6773,0
2026-09-20 13:00:00,LINE_A,MAT_B,14.951,2.975,2.961,14.965,24,0.6235,0
2026-09-20 13:15:00,LINE_A,MAT_A,18.965,2.944,2.803,19.106,28,0.6824,0
2026-09-20 13:15:00,LINE_A,MAT_B,14.965,2.944,2.803,15.106,24,0.6294,0
2026-09-20 13:30:00,LINE_A,MAT_A,19.106,2.551,2.974,18.683,28,0.6673,0
2026-09-20 13:30:00,LINE_A,MAT_B,15.106,2.551,2.974,14.683,24,0.6118,0
2026-09-20 13:45:00,LINE_A,MAT_A,18.683,2.995,2.961,18.718,28,0.6685,0
2026-09-20 13:45:00,LINE_A,MAT_B,14.683,2.995,2.961,14.718,24,0.6132,0
2026-09-20 14:00:00,LINE_A,MAT_A,18.718,3.061,3.148,18.63,28,0.6654,0
2026-09-20 14:00:00,LINE_A,MAT_B,14.718,3.061,3.148,14.63,24,0.6096,0
2026-09-20 14:15:00,LINE_A,MAT_A,18.63,3.057,2.99,18.698,28,0.6678,0
2026-09-20 14:15:00,LINE_A,MAT_B,14.63,3.057,2.99,14.698,24,0.6124,0
2026-09-20 14:30:00,LINE_A,MAT_A,18.698,3.146,2.899,18.944,28,0.6766,0
2026-09-20 14:30:00,LINE_A,MAT_B,14.698,3.146,2.899,14.944,24,0.6227,0
2026-09-20 14:45:00,LINE_A,MAT_A,18.944,3.077,3.059,18.962,28,0.6772,0
2026-09-20 14:45:00,LINE_A,MAT_B,14.944,3.077,3.059,14.962,24,0.6234,0
2026-09-20 15:00:00,LINE_A,MAT_A,18.962,3.097,2.994,19.065,28,0.6809,0
2026-09-20 15:00:00,LINE_A,MAT_B,14.962,3.097,2.994,15.065,24,0.6277,0
2026-09-20 15:15:00,LINE_A,MAT_A,19.065,3.063,3.211,18.917,28,0.6756,0
2026-09-20 15:15:00,LINE_A,MAT_B,15.065,3.063,3.211,14.917,24,0.6215,0
2026-09-20 15:30:00,LINE_A,MAT_A,18.917,1.69,3.172,17.436,28,0.6227,0
2026-09-20 15:30:00,LINE_A,MAT_B,14.917,1.69,3.172,13.436,24,0.5598,0
2026-09-20 15:45:00,LINE_A,MAT_A,17.436,1.719,3.196,15.958,28,0.5699,0
2026-09-20 15:45:00,LINE_A,MAT_B,13.436,1.719,3.196,11.958,24,0.4983,0
2026-09-20 16:00:00,LINE_A,MAT_A,15.958,1.601,3.066,14.493,28,0.5176,0
2026-09-20 16:00:00,LINE_A,MAT_B,11.958,1.601,3.066,10.493,24,0.4372,0
2026-09-20 16:15:00,LINE_A,MAT_A,14.493,1.577,3.048,13.023,28,0.4651,0
2026-09-20 16:15:00,LINE_A,MAT_B,10.493,1.577,3.048,9.023,24,0.376,0
2026-09-20 16:30:00,LINE_A,MAT_A,13.023,3.182,3.294,12.911,28,0.4611,0
2026-09-20 16:30:00,LINE_A,MAT_B,9.023,3.182,3.294,8.911,24,0.3713,0
2026-09-20 16:45:00,LINE_A,MAT_A,12.911,3.13,2.959,13.082,28,0.4672,0
2026-09-20 16:45:00,LINE_A,MAT_B,8.911,3.13,2.959,9.082,24,0.3784,0
2026-09-20 17:00:00,LINE_A,MAT_A,13.082,2.689,2.995,12.776,28,0.4563,0
2026-09-20 17:00:00,LINE_A,MAT_B,9.082,2.689,2.995,8.776,24,0.3657,0
2026-09-20 17:15:00,LINE_A,MAT_A,12.776,3.09,3.018,12.848,28,0.4589,0
2026-09-20 17:15:00,LINE_A,MAT_B,8.776,3.09,3.018,8.848,24,0.3687,0
2026-09-20 17:30:00,LINE_A,MAT_A,12.848,3.003,2.943,12.908,28,0.461,0
2026-09-20 17:30:00,LINE_A,MAT_B,8.848,3.003,2.943,8.908,24,0.3712,0
2026-09-20 17:45:00,LINE_A,MAT_A,12.908,3.233,2.898,13.243,28,0.473,0
2026-09-20 17:45:00,LINE_A,MAT_B,8.908,3.233,2.898,9.243,24,0.3851,0
2026-09-20 18:00:00,LINE_A,MAT_A,13.243,3.049,3.028,13.265,28,0.4737,0
2026-09-20 18:00:00,LINE_A,MAT_B,9.243,3.049,3.028,9.265,24,0.386,0
2026-09-20 18:15:00,LINE_A,MAT_A,13.265,3.069,3.059,13.274,28,0.4741,0
2026-09-20 18:15:00,LINE_A,MAT_B,9.265,3.069,3.059,9.274,24,0.3864,0
2026-09-20 18:30:00,LINE_A,MAT_A,13.274,2.993,3.137,13.131,28,0.469,0
2026-09-20 18:30:00,LINE_A,MAT_B,9.274,2.993,3.137,9.131,24,0.3805,0
2026-09-20 18:45:00,LINE_A,MAT_A,13.131,3.009,2.889,13.251,28,0.4732,0
2026-09-20 18:45:00,LINE_A,MAT_B,9.131,3.009,2.889,9.251,24,0.3854,0
2026-09-20 19:00:00,LINE_A,MAT_A,13.251,2.421,2.764,12.907,28,0.461,0
2026-09-20 19:00:00,LINE_A,MAT_B,9.251,2.421,2.764,8.907,24,0.3711,0
2026-09-20 19:15:00,LINE_A,MAT_A,12.907,2.662,2.639,12.93,28,0.4618,0
2026-09-20 19:15:00,LINE_A,MAT_B,8.907,2.662,2.639,8.93,24,0.3721,0
2026-09-20 19:30:00,LINE_A,MAT_A,12.93,2.962,3.077,12.815,28,0.4577,0
2026-09-20 19:30:00,LINE_A,MAT_B,8.93,2.962,3.077,8.815,24,0.3673,0
2026-09-20 19:45:00,LINE_A,MAT_A,12.815,2.8,3.184,12.431,28,0.444,0
2026-09-20 19:45:00,LINE_A,MAT_B,8.815,2.8,3.184,8.431,24,0.3513,0
2026-09-20 20:00:00,LINE_A,MAT_A,12.431,2.635,2.992,12.074,28,0.4312,0
2026-09-20 20:00:00,LINE_A,MAT_B,8.431,2.635,2.992,8.074,24,0.3364,0
2026-09-20 20:15:00,LINE_A,MAT_A,12.074,2.925,3.078,11.92,28,0.4257,0
2026-09-20 20:15:00,LINE_A,MAT_B,8.074,2.925,3.078,7.92,24,0.33,0
2026-09-20 20:30:00,LINE_A,MAT_A,11.92,3.14,2.816,12.244,28,0.4373,0
2026-09-20 20:30:00,LINE_A,MAT_B,7.92,3.14,2.816,8.244,24,0.3435,0
2026-09-20 20:45:00,LINE_A,MAT_A,12.244,2.75,2.833,12.161,28,0.4343,0
2026-09-20 20:45:00,LINE_A,MAT_B,8.244,2.75,2.833,8.161,24,0.34,0
2026-09-20 21:00:00,LINE_A,MAT_A,12.161,2.819,2.832,12.148,28,0.4339,0
2026-09-20 21:00:00,LINE_A,MAT_B,8.161,2.819,2.832,8.148,24,0.3395,0
2026-09-20 21:15:00,LINE_A,MAT_A,12.148,2.887,2.713,12.321,28,0.44,0
2026-09-20 21:15:00,LINE_A,MAT_B,8.148,2.887,2.713,8.321,24,0.3467,0
2026-09-20 21:30:00,LINE_A,MAT_A,12.321,3.012,2.92,12.414,28,0.4433,0
2026-09-20 21:30:00,LINE_A,MAT_B,8.321,3.012,2.92,8.414,24,0.3506,0
2026-09-20 21:45:00,LINE_A,MAT_A,12.414,2.796,2.651,12.558,28,0.4485,0
2026-09-20 21:45:00,LINE_A,MAT_B,8.414,2.796,2.651,8.558,24,0.3566,0
2026-09-20 22:00:00,LINE_A,MAT_A,12.558,2.311,2.183,12.687,28,0.4531,0
2026-09-20 22:00:00,LINE_A,MAT_B,8.558,2.311,2.183,8.687,24,0.362,0
2026-09-20 22:15:00,LINE_A,MAT_A,12.687,2.191,2.168,12.71,28,0.4539,0
2026-09-20 22:15:00,LINE_A,MAT_B,8.687,2.191,2.168,8.71,24,0.3629,0
2026-09-20 22:30:00,LINE_A,MAT_A,12.71,2.219,2.222,12.707,28,0.4538,0
2026-09-20 22:30:00,LINE_A,MAT_B,8.71,2.219,2.222,8.707,24,0.3628,0
2026-09-20 22:45:00,LINE_A,MAT_A,12.707,2.429,2.246,12.89,28,0.4603,0
2026-09-20 22:45:00,LINE_A,MAT_B,8.707,2.429,2.246,8.89,24,0.3704,0
2026-09-20 23:00:00,LINE_A,MAT_A,12.89,2.367,2.068,13.189,28,0.471,0
2026-09-20 23:00:00,LINE_A,MAT_B,8.89,2.367,2.068,9.189,24,0.3829,0
2026-09-20 23:15:00,LINE_A,MAT_A,13.189,2.338,2.182,13.344,28,0.4766,0
2026-09-20 23:15:00,LINE_A,MAT_B,9.189,2.338,2.182,9.344,24,0.3893,0
2026-09-20 23:30:00,LINE_A,MAT_A,13.344,2.146,2.04,13.449,28,0.4803,0
2026-09-20 23:30:00,LINE_A,MAT_B,9.344,2.146,2.04,9.449,24,0.3937,0
2026-09-20 23:45:00,LINE_A,MAT_A,13.449,1.88,2.491,12.839,28,0.4585,0
2026-09-20 23:45:00,LINE_A,MAT_B,9.449,1.88,2.491,8.839,24,0.3683,0
2026-09-21 00:00:00,LINE_A,MAT_A,12.839,2.55,2.61,12.779,28,0.4564,0
2026-09-21 00:00:00,LINE_A,MAT_B,8.839,2.55,2.61,8.779,24,0.3658,0
2026-09-21 00:15:00,LINE_A,MAT_A,12.779,3.089,2.631,13.236,28,0.4727,0
2026-09-21 00:15:00,LINE_A,MAT_B,8.779,3.089,2.631,9.236,24,0.3849,0
2026-09-21 00:30:00,LINE_A,MAT_A,13.236,2.623,2.738,13.122,28,0.4686,0
2026-09-21 00:30:00,LINE_A,MAT_B,9.236,2.623,2.738,9.122,24,0.3801,0
2026-09-21 00:45:00,LINE_A,MAT_A,13.122,2.708,2.841,12.989,28,0.4639,0
2026-09-21 00:45:00,LINE_A,MAT_B,9.122,2.708,2.841,8.989,24,0.3745,0
2026-09-21 01:00:00,LINE_A,MAT_A,12.989,2.564,2.604,12.948,28,0.4624,0
2026-09-21 01:00:00,LINE_A,MAT_B,8.989,2.564,2.604,8.948,24,0.3728,0
2026-09-21 01:15:00,LINE_A,MAT_A,12.948,2.66,2.705,12.903,28,0.4608,0
2026-09-21 01:15:00,LINE_A,MAT_B,8.948,2.66,2.705,8.903,24,0.3709,0
2026-09-21 01:30:00,LINE_A,MAT_A,12.903,2.738,2.764,12.877,28,0.4599,0
2026-09-21 01:30:00,LINE_A,MAT_B,8.903,2.738,2.764,8.877,24,0.3699,0
2026-09-21 01:45:00,LINE_A,MAT_A,12.877,2.858,2.724,13.011,28,0.4647,0
2026-09-21 01:45:00,LINE_A,MAT_B,8.877,2.858,2.724,9.011,24,0.3755,0
2026-09-21 02:00:00,LINE_A,MAT_A,13.011,2.503,2.752,12.762,28,0.4558,0
2026-09-21 02:00:00,LINE_A,MAT_B,9.011,2.503,2.752,8.762,24,0.3651,0
2026-09-21 02:15:00,LINE_A,MAT_A,12.762,2.771,2.767,12.766,28,0.4559,0
2026-09-21 02:15:00,LINE_A,MAT_B,8.762,2.771,2.767,8.766,24,0.3652,0
2026-09-21 02:30:00,LINE_A,MAT_A,12.766,2.455,2.536,12.685,28,0.453,0
2026-09-21 02:30:00,LINE_A,MAT_B,8.766,2.455,2.536,8.685,24,0.3619,0
2026-09-21 02:45:00,LINE_A,MAT_A,12.685,2.307,2.825,12.167,28,0.4345,0
2026-09-21 02:45:00,LINE_A,MAT_B,8.685,2.307,2.825,8.167,24,0.3403,0
2026-09-21 03:00:00,LINE_A,MAT_A,12.167,2.492,2.763,11.896,28,0.4249,0
2026-09-21 03:00:00,LINE_A,MAT_B,8.167,2.492,2.763,7.896,24,0.329,0
2026-09-21 03:15:00,LINE_A,MAT_A,11.896,2.769,2.593,12.071,28,0.4311,0
2026-09-21 03:15:00,LINE_A,MAT_B,7.896,2.769,2.593,8.071,24,0.3363,0
2026-09-21 03:30:00,LINE_A,MAT_A,12.071,2.747,2.519,12.299,28,0.4392,0
2026-09-21 03:30:00,LINE_A,MAT_B,8.071,2.747,2.519,8.299,24,0.3458,0
2026-09-21 03:45:00,LINE_A,MAT_A,12.299,2.487,2.675,12.11,28,0.4325,0
2026-09-21 03:45:00,LINE_A,MAT_B,8.299,2.487,2.675,8.11,24,0.3379,0
2026-09-21 04:00:00,LINE_A,MAT_A,12.11,2.62,2.813,11.917,28,0.4256,0
2026-09-21 04:00:00,LINE_A,MAT_B,8.11,2.62,2.813,7.917,24,0.3299,0
2026-09-21 04:15:00,LINE_A,MAT_A,11.917,3.209,2.686,12.44,28,0.4443,0
2026-09-21 04:15:00,LINE_A,MAT_B,7.917,3.209,2.686,8.44,24,0.3517,0
2026-09-21 04:30:00,LINE_A,MAT_A,12.44,2.704,2.717,12.427,28,0.4438,0
2026-09-21 04:30:00,LINE_A,MAT_B,8.44,2.704,2.717,8.427,24,0.3511,0
2026-09-21 04:45:00,LINE_A,MAT_A,12.427,2.645,2.86,12.213,28,0.4362,0
2026-09-21 04:45:00,LINE_A,MAT_B,8.427,2.645,2.86,8.213,24,0.3422,0
2026-09-21 05:00:00,LINE_A,MAT_A,12.213,2.85,2.806,12.256,28,0.4377,0
2026-09-21 05:00:00,LINE_A,MAT_B,8.213,2.85,2.806,8.256,24,0.344,0
2026-09-21 05:15:00,LINE_A,MAT_A,12.256,2.808,2.772,12.292,28,0.439,0
2026-09-21 05:15:00,LINE_A,MAT_B,8.256,2.808,2.772,8.292,24,0.3455,0
2026-09-21 05:30:00,LINE_A,MAT_A,12.292,2.694,2.94,12.047,28,0.4302,0
2026-09-21 05:30:00,LINE_A,MAT_B,8.292,2.694,2.94,8.047,24,0.3353,0
2026-09-21 05:45:00,LINE_A,MAT_A,12.047,2.952,2.84,12.159,28,0.4343,0
2026-09-21 05:45:00,LINE_A,MAT_B,8.047,2.952,2.84,8.159,24,0.34,0
2026-09-21 06:00:00,LINE_A,MAT_A,12.159,3.489,3.457,12.191,28,0.4354,0
2026-09-21 06:00:00,LINE_A,MAT_B,8.159,3.489,3.457,8.191,24,0.3413,0
2026-09-21 06:15:00,LINE_A,MAT_A,12.191,3.17,3.356,12.005,28,0.4287,0
2026-09-21 06:15:00,LINE_A,MAT_B,8.191,3.17,3.356,8.005,24,0.3335,0
2026-09-21 06:30:00,LINE_A,MAT_A,12.005,3.35,3.215,12.14,28,0.4336,0
2026-09-21 06:30:00,LINE_A,MAT_B,8.005,3.35,3.215,8.14,24,0.3392,0
2026-09-21 06:45:00,LINE_A,MAT_A,12.14,3.32,3.462,11.998,28,0.4285,0
2026-09-21 06:45:00,LINE_A,MAT_B,8.14,3.32,3.462,7.998,24,0.3332,0
2026-09-21 07:00:00,LINE_A,MAT_A,11.998,3.266,3.46,11.804,28,0.4216,0
2026-09-21 07:00:00,LINE_A,MAT_B,7.998,3.266,3.46,7.804,24,0.3252,0
2026-09-21 07:15:00,LINE_A,MAT_A,11.804,3.346,3.483,11.666,28,0.4167,0
2026-09-21 07:15:00,LINE_A,MAT_B,7.804,3.346,3.483,7.666,24,0.3194,0
2026-09-21 07:30:00,LINE_A,MAT_A,11.666,3.779,3.29,12.156,28,0.4341,0
2026-09-21 07:30:00,LINE_A,MAT_B,7.666,3.779,3.29,8.156,24,0.3398,0
2026-09-21 07:45:00,LINE_A,MAT_A,12.156,3.581,3.561,12.176,28,0.4349,0
2026-09-21 07:45:00,LINE_A,MAT_B,8.156,3.581,3.561,8.176,24,0.3407,0
2026-09-21 08:00:00,LINE_A,MAT_A,12.176,3.571,3.245,12.502,28,0.4465,0
2026-09-21 08:00:00,LINE_A,MAT_B,8.176,3.571,3.245,8.502,24,0.3542,0
2026-09-21 08:15:00,LINE_A,MAT_A,12.502,3.587,3.461,12.628,28,0.451,0
2026-09-21 08:15:00,LINE_A,MAT_B,8.502,3.587,3.461,8.628,24,0.3595,0
2026-09-21 08:30:00,LINE_A,MAT_A,12.628,3.462,3.57,12.52,28,0.4471,0
2026-09-21 08:30:00,LINE_A,MAT_B,8.628,3.462,3.57,8.52,24,0.355,0
2026-09-21 08:45:00,LINE_A,MAT_A,12.52,3.264,3.324,12.46,28,0.445,0
2026-09-21 08:45:00,LINE_A,MAT_B,8.52,3.264,3.324,8.46,24,0.3525,0
2026-09-21 09:00:00,LINE_A,MAT_A,12.46,3.426,3.277,12.609,28,0.4503,0
2026-09-21 09:00:00,LINE_A,MAT_B,8.46,3.426,3.277,8.609,24,0.3587,0
2026-09-21 09:15:00,LINE_A,MAT_A,12.609,3.637,3.568,12.678,28,0.4528,0
2026-09-21 09:15:00,LINE_A,MAT_B,8.609,3.637,3.568,8.678,24,0.3616,0
2026-09-21 09:30:00,LINE_A,MAT_A,12.678,3.177,3.48,12.375,28,0.442,0
2026-09-21 09:30:00,LINE_A,MAT_B,8.678,3.177,3.48,8.375,24,0.349,0
2026-09-21 09:45:00,LINE_A,MAT_A,12.375,3.364,3.479,12.259,28,0.4378,0
2026-09-21 09:45:00,LINE_A,MAT_B,8.375,3.364,3.479,8.259,24,0.3441,0
2026-09-21 10:00:00,LINE_A,MAT_A,12.259,3.558,3.308,12.509,28,0.4468,0
2026-09-21 10:00:00,LINE_A,MAT_B,8.259,3.558,3.308,8.509,24,0.3545,0
2026-09-21 10:15:00,LINE_A,MAT_A,12.509,3.71,3.528,12.691,28,0.4532,0
2026-09-21 10:15:00,LINE_A,MAT_B,8.509,3.71,3.528,8.691,24,0.3621,0
2026-09-21 10:30:00,LINE_A,MAT_A,12.691,3.474,3.483,12.682,28,0.4529,0
2026-09-21 10:30:00,LINE_A,MAT_B,8.691,3.474,3.483,8.682,24,0.3618,0
2026-09-21 10:45:00,LINE_A,MAT_A,12.682,3.713,3.289,13.106,28,0.4681,0
2026-09-21 10:45:00,LINE_A,MAT_B,8.682,3.713,3.289,9.106,24,0.3794,0
2026-09-21 11:00:00,LINE_A,MAT_A,13.106,3.468,3.476,13.098,28,0.4678,0
2026-09-21 11:00:00,LINE_A,MAT_B,9.106,3.468,3.476,9.098,24,0.3791,0
2026-09-21 11:15:00,LINE_A,MAT_A,13.098,3.486,3.871,12.713,28,0.454,0
2026-09-21 11:15:00,LINE_A,MAT_B,9.098,3.486,3.871,8.713,24,0.363,0
2026-09-21 11:30:00,LINE_A,MAT_A,12.713,2.941,2.987,12.667,28,0.4524,0
2026-09-21 11:30:00,LINE_A,MAT_B,8.713,2.941,2.987,8.667,24,0.3611,0
2026-09-21 11:45:00,LINE_A,MAT_A,12.667,3.403,3.318,12.753,28,0.4555,0
2026-09-21 11:45:00,LINE_A,MAT_B,8.667,3.403,3.318,8.753,24,0.3647,0
2026-09-21 12:00:00,LINE_A,MAT_A,12.753,3.19,3.746,12.197,28,0.4356,0
2026-09-21 12:00:00,LINE_A,MAT_B,8.753,3.19,3.746,8.197,24,0.3415,0
2026-09-21 12:15:00,LINE_A,MAT_A,12.197,3.741,3.387,12.551,28,0.4483,0
2026-09-21 12:15:00,LINE_A,MAT_B,8.197,3.741,3.387,8.551,24,0.3563,0
2026-09-21 12:30:00,LINE_A,MAT_A,12.551,3.681,3.601,12.632,28,0.4511,0
2026-09-21 12:30:00,LINE_A,MAT_B,8.551,3.681,3.601,8.632,24,0.3596,0
2026-09-21 12:45:00,LINE_A,MAT_A,12.632,3.096,3.575,12.152,28,0.434,0
2026-09-21 12:45:00,LINE_A,MAT_B,8.632,3.096,3.575,8.152,24,0.3397,0
2026-09-21 13:00:00,LINE_A,MAT_A,12.152,4.121,3.535,12.738,28,0.4549,0
2026-09-21 13:00:00,LINE_A,MAT_B,8.152,4.121,3.535,8.738,24,0.3641,0
2026-09-21 13:15:00,LINE_A,MAT_A,12.738,4.231,3.489,13.48,28,0.4814,0
2026-09-21 13:15:00,LINE_A,MAT_B,8.738,4.231,3.489,9.48,24,0.395,0
2026-09-21 13:30:00,LINE_A,MAT_A,13.48,3.693,3.633,13.54,28,0.4836,0
2026-09-21 13:30:00,LINE_A,MAT_B,9.48,3.693,3.633,9.54,24,0.3975,0
2026-09-21 13:45:00,LINE_A,MAT_A,13.54,3.151,3.549,13.142,28,0.4693,0
2026-09-21 13:45:00,LINE_A,MAT_B,9.54,3.151,3.549,9.142,24,0.3809,0
2026-09-21 14:00:00,LINE_A,MAT_A,13.142,4.372,3.748,13.765,28,0.4916,0
2026-09-21 14:00:00,LINE_A,MAT_B,9.142,4.372,3.748,9.765,24,0.4069,0
2026-09-21 14:15:00,LINE_A,MAT_A,13.765,3.911,3.718,13.958,28,0.4985,0
2026-09-21 14:15:00,LINE_A,MAT_B,9.765,3.911,3.718,9.958,24,0.4149,0
2026-09-21 14:30:00,LINE_A,MAT_A,13.958,3.543,3.862,13.639,28,0.4871,0
2026-09-21 14:30:00,LINE_A,MAT_B,9.958,3.543,3.862,9.639,24,0.4016,0
2026-09-21 14:45:00,LINE_A,MAT_A,13.639,3.61,3.453,13.796,28,0.4927,0
2026-09-21 14:45:00,LINE_A,MAT_B,9.639,3.61,3.453,9.796,24,0.4082,0
2026-09-21 15:00:00,LINE_A,MAT_A,13.796,3.855,3.915,13.736,28,0.4906,0
2026-09-21 15:00:00,LINE_A,MAT_B,9.796,3.855,3.915,9.736,24,0.4057,0
2026-09-21 15:15:00,LINE_A,MAT_A,13.736,4.001,3.584,14.153,28,0.5055,0
2026-09-21 15:15:00,LINE_A,MAT_B,9.736,4.001,3.584,10.153,24,0.423,0
2026-09-21 15:30:00,LINE_A,MAT_A,14.153,3.62,3.782,13.991,28,0.4997,0
2026-09-21 15:30:00,LINE_A,MAT_B,10.153,3.62,3.782,9.991,24,0.4163,0
2026-09-21 15:45:00,LINE_A,MAT_A,13.991,3.693,3.832,13.853,28,0.4947,0
2026-09-21 15:45:00,LINE_A,MAT_B,9.991,3.693,3.832,9.853,24,0.4105,0
2026-09-21 16:00:00,LINE_A,MAT_A,13.853,3.385,3.696,13.541,28,0.4836,0
2026-09-21 16:00:00,LINE_A,MAT_B,9.853,3.385,3.696,9.541,24,0.3976,0
2026-09-21 16:15:00,LINE_A,MAT_A,13.541,3.62,3.682,13.479,28,0.4814,0
2026-09-21 16:15:00,LINE_A,MAT_B,9.541,3.62,3.682,9.479,24,0.395,0
2026-09-21 16:30:00,LINE_A,MAT_A,13.479,3.643,3.679,13.442,28,0.4801,0
2026-09-21 16:30:00,LINE_A,MAT_B,9.479,3.643,3.679,9.442,24,0.3934,0
2026-09-21 16:45:00,LINE_A,MAT_A,13.442,3.815,3.604,13.653,28,0.4876,0
2026-09-21 16:45:00,LINE_A,MAT_B,9.442,3.815,3.604,9.653,24,0.4022,0
2026-09-21 17:00:00,LINE_A,MAT_A,13.653,3.982,3.613,14.023,28,0.5008,0
2026-09-21 17:00:00,LINE_A,MAT_B,9.653,3.982,3.613,10.023,24,0.4176,0
2026-09-21 17:15:00,LINE_A,MAT_A,14.023,3.782,3.744,14.061,28,0.5022,0
2026-09-21 17:15:00,LINE_A,MAT_B,10.023,3.782,3.744,10.061,24,0.4192,0
2026-09-21 17:30:00,LINE_A,MAT_A,14.061,3.703,3.64,14.124,28,0.5044,0
2026-09-21 17:30:00,LINE_A,MAT_B,10.061,3.703,3.64,10.124,24,0.4218,0
2026-09-21 17:45:00,LINE_A,MAT_A,14.124,3.718,3.597,14.245,28,0.5087,0
2026-09-21 17:45:00,LINE_A,MAT_B,10.124,3.718,3.597,10.245,24,0.4269,0
2026-09-21 18:00:00,LINE_A,MAT_A,14.245,3.563,3.836,13.972,28,0.499,0
2026-09-21 18:00:00,LINE_A,MAT_B,10.245,3.563,3.836,9.972,24,0.4155,0
2026-09-21 18:15:00,LINE_A,MAT_A,13.972,3.609,3.573,14.008,28,0.5003,0
2026-09-21 18:15:00,LINE_A,MAT_B,9.972,3.609,3.573,10.008,24,0.417,0
2026-09-21 18:30:00,LINE_A,MAT_A,14.008,3.55,3.767,13.791,28,0.4925,0
2026-09-21 18:30:00,LINE_A,MAT_B,10.008,3.55,3.767,9.791,24,0.408,0
2026-09-21 18:45:00,LINE_A,MAT_A,13.791,3.588,3.756,13.624,28,0.4866,0
2026-09-21 18:45:00,LINE_A,MAT_B,9.791,3.588,3.756,9.624,24,0.401,0
2026-09-21 19:00:00,LINE_A,MAT_A,13.624,2.902,2.987,13.539,28,0.4835,0
2026-09-21 19:00:00,LINE_A,MAT_B,9.624,2.902,2.987,9.539,24,0.3975,0
2026-09-21 19:15:00,LINE_A,MAT_A,13.539,3.292,2.897,13.934,28,0.4976,0
2026-09-21 19:15:00,LINE_A,MAT_B,9.539,3.292,2.897,9.934,24,0.4139,0
2026-09-21 19:30:00,LINE_A,MAT_A,13.934,3.745,3.459,14.22,28,0.5079,0
2026-09-21 19:30:00,LINE_A,MAT_B,9.934,3.745,3.459,10.22,24,0.4258,0
2026-09-21 19:45:00,LINE_A,MAT_A,14.22,3.649,3.614,14.255,28,0.5091,0
2026-09-21 19:45:00,LINE_A,MAT_B,10.22,3.649,3.614,10.255,24,0.4273,0
2026-09-21 20:00:00,LINE_A,MAT_A,14.255,3.656,3.596,14.315,28,0.5113,0
2026-09-21 20:00:00,LINE_A,MAT_B,10.255,3.656,3.596,10.315,24,0.4298,0
2026-09-21 20:15:00,LINE_A,MAT_A,14.315,3.588,3.549,14.354,28,0.5126,0
2026-09-21 20:15:00,LINE_A,MAT_B,10.315,3.588,3.549,10.354,24,0.4314,0
2026-09-21 20:30:00,LINE_A,MAT_A,14.354,3.739,3.424,14.668,28,0.5239,0
2026-09-21 20:30:00,LINE_A,MAT_B,10.354,3.739,3.424,10.668,24,0.4445,0
2026-09-21 20:45:00,LINE_A,MAT_A,14.668,3.45,3.605,14.513,28,0.5183,0
2026-09-21 20:45:00,LINE_A,MAT_B,10.668,3.45,3.605,10.513,24,0.4381,0
2026-09-21 21:00:00,LINE_A,MAT_A,14.513,3.365,3.506,14.372,28,0.5133,0
2026-09-21 21:00:00,LINE_A,MAT_B,10.513,3.365,3.506,10.372,24,0.4322,0
2026-09-21 21:15:00,LINE_A,MAT_A,14.372,3.433,3.462,14.343,28,0.5123,0
2026-09-21 21:15:00,LINE_A,MAT_B,10.372,3.433,3.462,10.343,24,0.431,0
2026-09-21 21:30:00,LINE_A,MAT_A,14.343,3.393,3.513,14.224,28,0.508,0
2026-09-21 21:30:00,LINE_A,MAT_B,10.343,3.393,3.513,10.224,24,0.426,0
2026-09-21 21:45:00,LINE_A,MAT_A,14.224,3.712,3.403,14.533,28,0.519,0
2026-09-21 21:45:00,LINE_A,MAT_B,10.224,3.712,3.403,10.533,24,0.4389,0
2026-09-21 22:00:00,LINE_A,MAT_A,14.533,2.649,2.739,14.442,28,0.5158,0
2026-09-21 22:00:00,LINE_A,MAT_B,10.533,2.649,2.739,10.442,24,0.4351,0
2026-09-21 22:15:00,LINE_A,MAT_A,14.442,2.631,2.69,14.383,28,0.5137,0
2026-09-21 22:15:00,LINE_A,MAT_B,10.442,2.631,2.69,10.383,24,0.4326,0
2026-09-21 22:30:00,LINE_A,MAT_A,14.383,2.9,2.544,14.739,28,0.5264,0
2026-09-21 22:30:00,LINE_A,MAT_B,10.383,2.9,2.544,10.739,24,0.4475,0
2026-09-21 22:45:00,LINE_A,MAT_A,14.739,2.923,2.806,14.855,28,0.5306,0
2026-09-21 22:45:00,LINE_A,MAT_B,10.739,2.923,2.806,10.855,24,0.4523,0
2026-09-21 23:00:00,LINE_A,MAT_A,14.855,2.548,2.7,14.703,28,0.5251,0
2026-09-21 23:00:00,LINE_A,MAT_B,10.855,2.548,2.7,10.703,24,0.446,0
2026-09-21 23:15:00,LINE_A,MAT_A,14.703,2.835,2.518,15.02,28,0.5364,0
2026-09-21 23:15:00,LINE_A,MAT_B,10.703,2.835,2.518,11.02,24,0.4592,0
2026-09-21 23:30:00,LINE_A,MAT_A,15.02,2.958,2.753,15.226,28,0.5438,0
2026-09-21 23:30:00,LINE_A,MAT_B,11.02,2.958,2.753,11.226,24,0.4677,0
2026-09-21 23:45:00,LINE_A,MAT_A,15.226,2.741,2.881,15.086,28,0.5388,0
2026-09-21 23:45:00,LINE_A,MAT_B,11.226,2.741,2.881,11.086,24,0.4619,0
2026-09-22 00:00:00,LINE_A,MAT_A,15.086,2.675,2.617,15.144,28,0.5409,0
2026-09-22 00:00:00,LINE_A,MAT_B,11.086,2.675,2.617,11.144,24,0.4644,0
2026-09-22 00:15:00,LINE_A,MAT_A,15.144,2.776,2.782,15.139,28,0.5407,0
2026-09-22 00:15:00,LINE_A,MAT_B,11.144,2.776,2.782,11.139,24,0.4641,0
2026-09-22 00:30:00,LINE_A,MAT_A,15.139,2.534,2.712,14.962,28,0.5343,0
2026-09-22 00:30:00,LINE_A,MAT_B,11.139,2.534,2.712,10.962,24,0.4567,0
2026-09-22 00:45:00,LINE_A,MAT_A,14.962,2.476,2.609,14.829,28,0.5296,0
2026-09-22 00:45:00,LINE_A,MAT_B,10.962,2.476,2.609,10.829,24,0.4512,0
2026-09-22 01:00:00,LINE_A,MAT_A,14.829,2.474,2.763,14.54,28,0.5193,0
2026-09-22 01:00:00,LINE_A,MAT_B,10.829,2.474,2.763,10.54,24,0.4391,0
2026-09-22 01:15:00,LINE_A,MAT_A,14.54,2.781,2.776,14.545,28,0.5195,0
2026-09-22 01:15:00,LINE_A,MAT_B,10.54,2.781,2.776,10.545,24,0.4394,0
2026-09-22 01:30:00,LINE_A,MAT_A,14.545,2.636,2.783,14.398,28,0.5142,0
2026-09-22 01:30:00,LINE_A,MAT_B,10.545,2.636,2.783,10.398,24,0.4333,0
2026-09-22 01:45:00,LINE_A,MAT_A,14.398,2.454,2.865,13.988,28,0.4996,0
2026-09-22 01:45:00,LINE_A,MAT_B,10.398,2.454,2.865,9.988,24,0.4162,0
2026-09-22 02:00:00,LINE_A,MAT_A,13.988,2.807,2.517,14.278,28,0.5099,0
2026-09-22 02:00:00,LINE_A,MAT_B,9.988,2.807,2.517,10.278,24,0.4283,0
2026-09-22 02:15:00,LINE_A,MAT_A,14.278,2.392,2.701,13.969,28,0.4989,0
2026-09-22 02:15:00,LINE_A,MAT_B,10.278,2.392,2.701,9.969,24,0.4154,0
2026-09-22 02:30:00,LINE_A,MAT_A,13.969,2.403,2.519,13.853,28,0.4947,0
2026-09-22 02:30:00,LINE_A,MAT_B,9.969,2.403,2.519,9.853,24,0.4105,0
2026-09-22 02:45:00,LINE_A,MAT_A,13.853,2.654,2.7,13.807,28,0.4931,0
2026-09-22 02:45:00,LINE_A,MAT_B,9.853,2.654,2.7,9.807,24,0.4086,0
2026-09-22 03:00:00,LINE_A,MAT_A,13.807,2.726,2.652,13.88,28,0.4957,0
2026-09-22 03:00:00,LINE_A,MAT_B,9.807,2.726,2.652,9.88,24,0.4117,0
2026-09-22 03:15:00,LINE_A,MAT_A,13.88,2.77,2.713,13.938,28,0.4978,0
2026-09-22 03:15:00,LINE_A,MAT_B,9.88,2.77,2.713,9.938,24,0.4141,0
2026-09-22 03:30:00,LINE_A,MAT_A,13.938,2.826,2.527,14.237,28,0.5085,0
2026-09-22 03:30:00,LINE_A,MAT_B,9.938,2.826,2.527,10.237,24,0.4265,0
2026-09-22 03:45:00,LINE_A,MAT_A,14.237,2.786,2.791,14.233,28,0.5083,0
2026-09-22 03:45:00,LINE_A,MAT_B,10.237,2.786,2.791,10.233,24,0.4264,0
2026-09-22 04:00:00,LINE_A,MAT_A,14.233,2.72,2.812,14.141,28,0.505,0
2026-09-22 04:00:00,LINE_A,MAT_B,10.233,2.72,2.812,10.141,24,0.4225,0
2026-09-22 04:15:00,LINE_A,MAT_A,14.141,2.635,2.588,14.188,28,0.5067,0
2026-09-22 04:15:00,LINE_A,MAT_B,10.141,2.635,2.588,10.188,24,0.4245,0
2026-09-22 04:30:00,LINE_A,MAT_A,14.188,2.694,2.819,14.062,28,0.5022,0
2026-09-22 04:30:00,LINE_A,MAT_B,10.188,2.694,2.819,10.062,24,0.4193,0
2026-09-22 04:45:00,LINE_A,MAT_A,14.062,2.456,2.581,13.937,28,0.4977,0
2026-09-22 04:45:00,LINE_A,MAT_B,10.062,2.456,2.581,9.937,24,0.414,0
2026-09-22 05:00:00,LINE_A,MAT_A,13.937,2.789,2.78,13.946,28,0.4981,0
2026-09-22 05:00:00,LINE_A,MAT_B,9.937,2.789,2.78,9.946,24,0.4144,0
2026-09-22 05:15:00,LINE_A,MAT_A,13.946,2.746,2.656,14.037,28,0.5013,0
2026-09-22 05:15:00,LINE_A,MAT_B,9.946,2.746,2.656,10.037,24,0.4182,0
2026-09-22 05:30:00,LINE_A,MAT_A,14.037,2.348,2.568,13.817,28,0.4935,0
2026-09-22 05:30:00,LINE_A,MAT_B,10.037,2.348,2.568,9.817,24,0.4091,0
2026-09-22 05:45:00,LINE_A,MAT_A,13.817,2.735,2.825,13.727,28,0.4902,0
2026-09-22 05:45:00,LINE_A,MAT_B,9.817,2.735,2.825,9.727,24,0.4053,0
2026-09-22 06:00:00,LINE_A,MAT_A,13.727,3.196,3.233,13.69,28,0.4889,0
2026-09-22 06:00:00,LINE_A,MAT_B,9.727,3.196,3.233,9.69,24,0.4037,0
2026-09-22 06:15:00,LINE_A,MAT_A,13.69,3.249,3.425,13.514,28,0.4826,0
2026-09-22 06:15:00,LINE_A,MAT_B,9.69,3.249,3.425,9.514,24,0.3964,0
2026-09-22 06:30:00,LINE_A,MAT_A,13.514,3.504,3.575,13.444,28,0.4801,0
2026-09-22 06:30:00,LINE_A,MAT_B,9.514,3.504,3.575,9.444,24,0.3935,0
2026-09-22 06:45:00,LINE_A,MAT_A,13.444,3.429,3.441,13.432,28,0.4797,0
2026-09-22 06:45:00,LINE_A,MAT_B,9.444,3.429,3.441,9.432,24,0.393,0
2026-09-22 07:00:00,LINE_A,MAT_A,13.432,3.675,3.439,13.667,28,0.4881,0
2026-09-22 07:00:00,LINE_A,MAT_B,9.432,3.675,3.439,9.667,24,0.4028,0
2026-09-22 07:15:00,LINE_A,MAT_A,13.667,3.459,3.444,13.682,28,0.4886,0
2026-09-22 07:15:00,LINE_A,MAT_B,9.667,3.459,3.444,9.682,24,0.4034,0
2026-09-22 07:30:00,LINE_A,MAT_A,13.682,3.338,3.371,13.649,28,0.4874,0
2026-09-22 07:30:00,LINE_A,MAT_B,9.682,3.338,3.371,9.649,24,0.402,0
2026-09-22 07:45:00,LINE_A,MAT_A,13.649,3.087,3.361,13.375,28,0.4777,0
2026-09-22 07:45:00,LINE_A,MAT_B,9.649,3.087,3.361,9.375,24,0.3906,0
2026-09-22 08:00:00,LINE_A,MAT_A,13.375,3.617,3.29,13.702,28,0.4893,0
2026-09-22 08:00:00,LINE_A,MAT_B,9.375,3.617,3.29,9.702,24,0.4042,0
2026-09-22 08:15:00,LINE_A,MAT_A,13.702,3.596,3.333,13.964,28,0.4987,0
2026-09-22 08:15:00,LINE_A,MAT_B,9.702,3.596,3.333,9.964,24,0.4152,0
2026-09-22 08:30:00,LINE_A,MAT_A,13.964,3.431,3.377,14.018,28,0.5006,0
2026-09-22 08:30:00,LINE_A,MAT_B,9.964,3.431,3.377,10.018,24,0.4174,0
2026-09-22 08:45:00,LINE_A,MAT_A,14.018,3.61,3.529,14.099,28,0.5035,0
2026-09-22 08:45:00,LINE_A,MAT_B,10.018,3.61,3.529,10.099,24,0.4208,0
2026-09-22 09:00:00,LINE_A,MAT_A,14.099,3.483,3.196,14.386,28,0.5138,0
2026-09-22 09:00:00,LINE_A,MAT_B,10.099,3.483,3.196,10.386,24,0.4327,0
2026-09-22 09:15:00,LINE_A,MAT_A,14.386,3.484,3.501,14.369,28,0.5132,0
2026-09-22 09:15:00,LINE_A,MAT_B,10.386,3.484,3.501,10.369,24,0.432,0
2026-09-22 09:30:00,LINE_A,MAT_A,14.369,3.725,3.686,14.408,28,0.5146,0
2026-09-22 09:30:00,LINE_A,MAT_B,10.369,3.725,3.686,10.408,24,0.4337,0
2026-09-22 09:45:00,LINE_A,MAT_A,14.408,3.855,3.394,14.869,28,0.531,0
2026-09-22 09:45:00,LINE_A,MAT_B,10.408,3.855,3.394,10.869,24,0.4529,0
2026-09-22 10:00:00,LINE_A,MAT_A,14.869,3.773,3.506,15.136,28,0.5406,0
2026-09-22 10:00:00,LINE_A,MAT_B,10.869,3.773,3.506,11.136,24,0.464,0
2026-09-22 10:15:00,LINE_A,MAT_A,15.136,3.692,3.348,15.48,28,0.5529,0
2026-09-22 10:15:00,LINE_A,MAT_B,11.136,3.692,3.348,11.48,24,0.4783,0
2026-09-22 10:30:00,LINE_A,MAT_A,15.48,3.529,3.686,15.324,28,0.5473,0
2026-09-22 10:30:00,LINE_A,MAT_B,11.48,3.529,3.686,11.324,24,0.4718,0
2026-09-22 10:45:00,LINE_A,MAT_A,15.324,3.622,3.471,15.474,28,0.5527,0
2026-09-22 10:45:00,LINE_A,MAT_B,11.324,3.622,3.471,11.474,24,0.4781,0
2026-09-22 11:00:00,LINE_A,MAT_A,15.474,3.65,3.535,15.589,28,0.5568,0
2026-09-22 11:00:00,LINE_A,MAT_B,11.474,3.65,3.535,11.589,24,0.4829,0
2026-09-22 11:15:00,LINE_A,MAT_A,15.589,3.084,3.713,14.961,28,0.5343,0
2026-09-22 11:15:00,LINE_A,MAT_B,11.589,3.084,3.713,10.961,24,0.4567,0
2026-09-22 11:30:00,LINE_A,MAT_A,14.961,4.084,3.093,15.953,28,0.5697,0
2026-09-22 11:30:00,LINE_A,MAT_B,10.961,4.084,3.093,11.953,24,0.498,0
2026-09-22 11:45:00,LINE_A,MAT_A,15.953,3.019,3.08,15.892,28,0.5676,0
2026-09-22 11:45:00,LINE_A,MAT_B,11.953,3.019,3.08,11.892,24,0.4955,0
2026-09-22 12:00:00,LINE_A,MAT_A,15.892,3.231,3.505,15.618,28,0.5578,0
2026-09-22 12:00:00,LINE_A,MAT_B,11.892,3.231,3.505,11.618,24,0.4841,0
2026-09-22 12:15:00,LINE_A,MAT_A,15.618,3.698,3.602,15.714,28,0.5612,0
2026-09-22 12:15:00,LINE_A,MAT_B,11.618,3.698,3.602,11.714,24,0.4881,0
2026-09-22 12:30:00,LINE_A,MAT_A,15.714,3.692,3.533,15.873,28,0.5669,0
2026-09-22 12:30:00,LINE_A,MAT_B,11.714,3.692,3.533,11.873,24,0.4947,0
2026-09-22 12:45:00,LINE_A,MAT_A,15.873,3.532,3.572,15.834,28,0.5655,0
2026-09-22 12:45:00,LINE_A,MAT_B,11.873,3.532,3.572,11.834,24,0.4931,0
2026-09-22 13:00:00,LINE_A,MAT_A,15.834,3.715,3.643,15.905,28,0.5681,0
2026-09-22 13:00:00,LINE_A,MAT_B,11.834,3.715,3.643,11.905,24,0.4961,0
2026-09-22 13:15:00,LINE_A,MAT_A,15.905,3.391,3.624,15.673,28,0.5597,0
2026-09-22 13:15:00,LINE_A,MAT_B,11.905,3.391,3.624,11.673,24,0.4864,0
2026-09-22 13:30:00,LINE_A,MAT_A,15.673,3.348,3.418,15.603,28,0.5572,0
2026-09-22 13:30:00,LINE_A,MAT_B,11.673,3.348,3.418,11.603,24,0.4834,0
2026-09-22 13:45:00,LINE_A,MAT_A,15.603,3.727,3.59,15.739,28,0.5621,0
2026-09-22 13:45:00,LINE_A,MAT_B,11.603,3.727,3.59,11.739,24,0.4891,0
2026-09-22 14:00:00,LINE_A,MAT_A,15.739,3.93,3.467,16.202,28,0.5786,0
2026-09-22 14:00:00,LINE_A,MAT_B,11.739,3.93,3.467,12.202,24,0.5084,0
2026-09-22 14:15:00,LINE_A,MAT_A,16.202,3.622,3.906,15.918,28,0.5685,0
2026-09-22 14:15:00,LINE_A,MAT_B,12.202,3.622,3.906,11.918,24,0.4966,0
2026-09-22 14:30:00,LINE_A,MAT_A,15.918,3.69,3.616,15.992,28,0.5711,0
2026-09-22 14:30:00,LINE_A,MAT_B,11.918,3.69,3.616,11.992,24,0.4997,0
2026-09-22 14:45:00,LINE_A,MAT_A,15.992,3.876,3.624,16.244,28,0.5801,0
2026-09-22 14:45:00,LINE_A,MAT_B,11.992,3.876,3.624,12.244,24,0.5102,0
2026-09-22 15:00:00,LINE_A,MAT_A,16.244,3.244,3.814,15.674,28,0.5598,0
2026-09-22 15:00:00,LINE_A,MAT_B,12.244,3.244,3.814,11.674,24,0.4864,0
2026-09-22 15:15:00,LINE_A,MAT_A,15.674,3.599,3.541,15.733,28,0.5619,0
2026-09-22 15:15:00,LINE_A,MAT_B,11.674,3.599,3.541,11.733,24,0.4889,0
2026-09-22 15:30:00,LINE_A,MAT_A,15.733,4.07,3.742,16.061,28,0.5736,0
2026-09-22 15:30:00,LINE_A,MAT_B,11.733,4.07,3.742,12.061,24,0.5025,0
2026-09-22 15:45:00,LINE_A,MAT_A,16.061,2.975,3.831,15.205,28,0.543,0
2026-09-22 15:45:00,LINE_A,MAT_B,12.061,2.975,3.831,11.205,24,0.4669,0
2026-09-22 16:00:00,LINE_A,MAT_A,15.205,4.83,3.629,16.406,28,0.5859,0
2026-09-22 16:00:00,LINE_A,MAT_B,11.205,4.83,3.629,12.406,24,0.5169,0
2026-09-22 16:15:00,LINE_A,MAT_A,16.406,3.243,3.712,15.937,28,0.5692,0
2026-09-22 16:15:00,LINE_A,MAT_B,12.406,3.243,3.712,11.937,24,0.4974,0
2026-09-22 16:30:00,LINE_A,MAT_A,15.937,3.921,3.513,16.345,28,0.5838,0
2026-09-22 16:30:00,LINE_A,MAT_B,11.937,3.921,3.513,12.345,24,0.5144,0
2026-09-22 16:45:00,LINE_A,MAT_A,16.345,3.595,3.526,16.414,28,0.5862,0
2026-09-22 16:45:00,LINE_A,MAT_B,12.345,3.595,3.526,12.414,24,0.5173,0
2026-09-22 17:00:00,LINE_A,MAT_A,16.414,3.863,3.635,16.642,28,0.5944,0
2026-09-22 17:00:00,LINE_A,MAT_B,12.414,3.863,3.635,12.642,24,0.5268,0
2026-09-22 17:15:00,LINE_A,MAT_A,16.642,3.641,3.875,16.408,28,0.586,0
2026-09-22 17:15:00,LINE_A,MAT_B,12.642,3.641,3.875,12.408,24,0.517,0
2026-09-22 17:30:00,LINE_A,MAT_A,16.408,3.776,3.624,16.56,28,0.5914,0
2026-09-22 17:30:00,LINE_A,MAT_B,12.408,3.776,3.624,12.56,24,0.5233,0
2026-09-22 17:45:00,LINE_A,MAT_A,16.56,3.449,3.602,16.408,28,0.586,0
2026-09-22 17:45:00,LINE_A,MAT_B,12.56,3.449,3.602,12.408,24,0.517,0
2026-09-22 18:00:00,LINE_A,MAT_A,16.408,3.432,1.562,18.277,28,0.6528,0
2026-09-22 18:00:00,LINE_A,MAT_B,12.408,3.432,1.562,14.277,24,0.5949,0
2026-09-22 18:15:00,LINE_A,MAT_A,18.277,3.508,1.492,20.293,28,0.7248,0
2026-09-22 18:15:00,LINE_A,MAT_B,14.277,3.508,1.492,16.293,24,0.6789,0
2026-09-22 18:30:00,LINE_A,MAT_A,20.293,3.608,1.69,22.21,28,0.7932,0
2026-09-22 18:30:00,LINE_A,MAT_B,16.293,3.608,1.69,18.21,24,0.7588,0
2026-09-22 18:45:00,LINE_A,MAT_A,22.21,3.981,3.549,22.642,28,0.8087,0
2026-09-22 18:45:00,LINE_A,MAT_B,18.21,3.981,3.549,18.642,24,0.7768,0
2026-09-22 19:00:00,LINE_A,MAT_A,22.642,3.476,3.165,22.953,28,0.8198,0
2026-09-22 19:00:00,LINE_A,MAT_B,18.642,3.476,3.165,18.953,24,0.7897,0
2026-09-22 19:15:00,LINE_A,MAT_A,22.953,3.277,2.797,23.433,28,0.8369,0
2026-09-22 19:15:00,LINE_A,MAT_B,18.953,3.277,2.797,19.433,24,0.8097,0
2026-09-22 19:30:00,LINE_A,MAT_A,23.433,3.639,3.612,23.46,28,0.8379,0
2026-09-22 19:30:00,LINE_A,MAT_B,19.433,3.639,3.612,19.46,24,0.8108,0
2026-09-22 19:45:00,LINE_A,MAT_A,23.46,3.672,3.755,23.377,28,0.8349,0
2026-09-22 19:45:00,LINE_A,MAT_B,19.46,3.672,3.755,19.377,24,0.8074,0
2026-09-22 20:00:00,LINE_A,MAT_A,23.377,3.828,3.614,23.591,28,0.8425,0
2026-09-22 20:00:00,LINE_A,MAT_B,19.377,3.828,3.614,19.591,24,0.8163,0
2026-09-22 20:15:00,LINE_A,MAT_A,23.591,3.872,3.289,24.174,28,0.8634,0
2026-09-22 20:15:00,LINE_A,MAT_B,19.591,3.872,3.289,20.174,24,0.8406,0
2026-09-22 20:30:00,LINE_A,MAT_A,24.174,3.533,3.682,24.026,28,0.8581,0
2026-09-22 20:30:00,LINE_A,MAT_B,20.174,3.533,3.682,20.026,24,0.8344,0
2026-09-22 20:45:00,LINE_A,MAT_A,24.026,3.303,3.568,23.761,28,0.8486,0
2026-09-22 20:45:00,LINE_A,MAT_B,20.026,3.303,3.568,19.761,24,0.8234,0
2026-09-22 21:00:00,LINE_A,MAT_A,23.761,3.609,3.32,24.05,28,0.8589,0
2026-09-22 21:00:00,LINE_A,MAT_B,19.761,3.609,3.32,20.05,24,0.8354,0
2026-09-22 21:15:00,LINE_A,MAT_A,24.05,3.862,3.337,24.576,28,0.8777,0
2026-09-22 21:15:00,LINE_A,MAT_B,20.05,3.862,3.337,20.576,24,0.8573,0
2026-09-22 21:30:00,LINE_A,MAT_A,24.576,3.369,3.476,24.469,28,0.8739,0
2026-09-22 21:30:00,LINE_A,MAT_B,20.576,3.369,3.476,20.469,24,0.8529,0
2026-09-22 21:45:00,LINE_A,MAT_A,24.469,3.43,3.465,24.434,28,0.8727,0
2026-09-22 21:45:00,LINE_A,MAT_B,20.469,3.43,3.465,20.434,24,0.8514,0
2026-09-22 22:00:00,LINE_A,MAT_A,24.434,2.579,2.824,24.19,28,0.8639,0
2026-09-22 22:00:00,LINE_A,MAT_B,20.434,2.579,2.824,20.19,24,0.8413,0
2026-09-22 22:15:00,LINE_A,MAT_A,24.19,2.736,2.966,23.961,28,0.8557,0
2026-09-22 22:15:00,LINE_A,MAT_B,20.19,2.736,2.966,19.961,24,0.8317,0
2026-09-22 22:30:00,LINE_A,MAT_A,23.961,2.627,2.711,23.877,28,0.8527,0
2026-09-22 22:30:00,LINE_A,MAT_B,19.961,2.627,2.711,19.877,24,0.8282,0
2026-09-22 22:45:00,LINE_A,MAT_A,23.877,2.505,2.733,23.649,28,0.8446,0
2026-09-22 22:45:00,LINE_A,MAT_B,19.877,2.505,2.733,19.649,24,0.8187,0
2026-09-22 23:00:00,LINE_A,MAT_A,23.649,2.696,2.499,23.846,28,0.8517,0
2026-09-22 23:00:00,LINE_A,MAT_B,19.649,2.696,2.499,19.846,24,0.8269,0
2026-09-22 23:15:00,LINE_A,MAT_A,23.846,2.858,2.747,23.958,28,0.8556,0
2026-09-22 23:15:00,LINE_A,MAT_B,19.846,2.858,2.747,19.958,24,0.8316,0
2026-09-22 23:30:00,LINE_A,MAT_A,23.958,2.722,2.813,23.867,28,0.8524,0
2026-09-22 23:30:00,LINE_A,MAT_B,19.958,2.722,2.813,19.867,24,0.8278,0
2026-09-22 23:45:00,LINE_A,MAT_A,23.867,2.44,2.475,23.832,28,0.8511,0
2026-09-22 23:45:00,LINE_A,MAT_B,19.867,2.44,2.475,19.832,24,0.8263,0
2026-09-23 00:00:00,LINE_A,MAT_A,23.832,2.852,2.882,23.802,28,0.8501,0
2026-09-23 00:00:00,LINE_A,MAT_B,19.832,2.852,2.882,19.802,24,0.8251,0
2026-09-23 00:15:00,LINE_A,MAT_A,23.802,2.913,2.489,24.225,28,0.8652,0
2026-09-23 00:15:00,LINE_A,MAT_B,19.802,2.913,2.489,20.225,24,0.8427,0
2026-09-23 00:30:00,LINE_A,MAT_A,24.225,2.393,2.686,23.932,28,0.8547,0
2026-09-23 00:30:00,LINE_A,MAT_B,20.225,2.393,2.686,19.932,24,0.8305,0
2026-09-23 00:45:00,LINE_A,MAT_A,23.932,2.955,2.671,24.215,28,0.8648,0
2026-09-23 00:45:00,LINE_A,MAT_B,19.932,2.955,2.671,20.215,24,0.8423,0
2026-09-23 01:00:00,LINE_A,MAT_A,24.215,2.695,2.675,24.236,28,0.8656,0
2026-09-23 01:00:00,LINE_A,MAT_B,20.215,2.695,2.675,20.236,24,0.8432,0
2026-09-23 01:15:00,LINE_A,MAT_A,24.236,2.558,2.702,24.092,28,0.8604,0
2026-09-23 01:15:00,LINE_A,MAT_B,20.236,2.558,2.702,20.092,24,0.8372,0
2026-09-23 01:30:00,LINE_A,MAT_A,24.092,2.712,2.516,24.288,28,0.8674,0
2026-09-23 01:30:00,LINE_A,MAT_B,20.092,2.712,2.516,20.288,24,0.8453,0
2026-09-23 01:45:00,LINE_A,MAT_A,24.288,2.428,2.782,23.934,28,0.8548,0
2026-09-23 01:45:00,LINE_A,MAT_B,20.288,2.428,2.782,19.934,24,0.8306,0
2026-09-23 02:00:00,LINE_A,MAT_A,23.934,2.603,2.817,23.72,28,0.8471,0
2026-09-23 02:00:00,LINE_A,MAT_B,19.934,2.603,2.817,19.72,24,0.8217,0
2026-09-23 02:15:00,LINE_A,MAT_A,23.72,2.823,2.791,23.752,28,0.8483,0
2026-09-23 02:15:00,LINE_A,MAT_B,19.72,2.823,2.791,19.752,24,0.823,0
2026-09-23 02:30:00,LINE_A,MAT_A,23.752,2.531,2.661,23.622,28,0.8436,0
2026-09-23 02:30:00,LINE_A,MAT_B,19.752,2.531,2.661,19.622,24,0.8176,0
2026-09-23 02:45:00,LINE_A,MAT_A,23.622,2.683,2.426,23.878,28,0.8528,0
2026-09-23 02:45:00,LINE_A,MAT_B,19.622,2.683,2.426,19.878,24,0.8283,0
2026-09-23 03:00:00,LINE_A,MAT_A,23.878,2.629,2.666,23.841,28,0.8515,0
2026-09-23 03:00:00,LINE_A,MAT_B,19.878,2.629,2.666,19.841,24,0.8267,0
2026-09-23 03:15:00,LINE_A,MAT_A,23.841,2.489,2.686,23.644,28,0.8444,0
2026-09-23 03:15:00,LINE_A,MAT_B,19.841,2.489,2.686,19.644,24,0.8185,0
2026-09-23 03:30:00,LINE_A,MAT_A,23.644,2.621,2.677,23.587,28,0.8424,0
2026-09-23 03:30:00,LINE_A,MAT_B,19.644,2.621,2.677,19.587,24,0.8161,0
2026-09-23 03:45:00,LINE_A,MAT_A,23.587,2.449,2.811,23.226,28,0.8295,0
2026-09-23 03:45:00,LINE_A,MAT_B,19.587,2.449,2.811,19.226,24,0.8011,0
2026-09-23 04:00:00,LINE_A,MAT_A,23.226,2.574,2.827,22.972,28,0.8204,0
2026-09-23 04:00:00,LINE_A,MAT_B,19.226,2.574,2.827,18.972,24,0.7905,0
2026-09-23 04:15:00,LINE_A,MAT_A,22.972,2.988,2.623,23.338,28,0.8335,0
2026-09-23 04:15:00,LINE_A,MAT_B,18.972,2.988,2.623,19.338,24,0.8057,0
2026-09-23 04:30:00,LINE_A,MAT_A,23.338,2.795,2.59,23.543,28,0.8408,0
2026-09-23 04:30:00,LINE_A,MAT_B,19.338,2.795,2.59,19.543,24,0.8143,0
2026-09-23 04:45:00,LINE_A,MAT_A,23.543,2.964,2.731,23.775,28,0.8491,0
2026-09-23 04:45:00,LINE_A,MAT_B,19.543,2.964,2.731,19.775,24,0.824,0
2026-09-23 05:00:00,LINE_A,MAT_A,23.775,2.6,2.736,23.64,28,0.8443,0
2026-09-23 05:00:00,LINE_A,MAT_B,19.775,2.6,2.736,19.64,24,0.8183,0
2026-09-23 05:15:00,LINE_A,MAT_A,23.64,2.885,2.907,23.618,28,0.8435,0
2026-09-23 05:15:00,LINE_A,MAT_B,19.64,2.885,2.907,19.618,24,0.8174,0
2026-09-23 05:30:00,LINE_A,MAT_A,23.618,2.569,2.74,23.447,28,0.8374,0
2026-09-23 05:30:00,LINE_A,MAT_B,19.618,2.569,2.74,19.447,24,0.8103,0
2026-09-23 05:45:00,LINE_A,MAT_A,23.447,2.76,2.854,23.353,28,0.8341,0
2026-09-23 05:45:00,LINE_A,MAT_B,19.447,2.76,2.854,19.353,24,0.8064,0
2026-09-23 06:00:00,LINE_A,MAT_A,23.353,3.431,3.323,23.461,28,0.8379,0
2026-09-23 06:00:00,LINE_A,MAT_B,19.353,3.431,3.323,19.461,24,0.8109,0
2026-09-23 06:15:00,LINE_A,MAT_A,23.461,3.038,3.678,22.82,28,0.815,0
2026-09-23 06:15:00,LINE_A,MAT_B,19.461,3.038,3.678,18.82,24,0.7842,0
2026-09-23 06:30:00,LINE_A,MAT_A,22.82,3.241,3.51,22.552,28,0.8054,0
2026-09-23 06:30:00,LINE_A,MAT_B,18.82,3.241,3.51,18.552,24,0.773,0
2026-09-23 06:45:00,LINE_A,MAT_A,22.552,3.188,3.498,22.242,28,0.7944,0
2026-09-23 06:45:00,LINE_A,MAT_B,18.552,3.188,3.498,18.242,24,0.7601,0
2026-09-23 07:00:00,LINE_A,MAT_A,22.242,3.363,3.471,22.134,28,0.7905,0
2026-09-23 07:00:00,LINE_A,MAT_B,18.242,3.363,3.471,18.134,24,0.7556,0
2026-09-23 07:15:00,LINE_A,MAT_A,22.134,3.474,3.414,22.194,28,0.7926,0
2026-09-23 07:15:00,LINE_A,MAT_B,18.134,3.474,3.414,18.194,24,0.7581,0
2026-09-23 07:30:00,LINE_A,MAT_A,22.194,3.414,3.574,22.034,28,0.7869,0
2026-09-23 07:30:00,LINE_A,MAT_B,18.194,3.414,3.574,18.034,24,0.7514,0
2026-09-23 07:45:00,LINE_A,MAT_A,22.034,3.172,3.537,21.669,28,0.7739,0
2026-09-23 07:45:00,LINE_A,MAT_B,18.034,3.172,3.537,17.669,24,0.7362,0
2026-09-23 08:00:00,LINE_A,MAT_A,21.669,3.632,3.388,21.913,28,0.7826,0
2026-09-23 08:00:00,LINE_A,MAT_B,17.669,3.632,3.388,17.913,24,0.7464,0
2026-09-23 08:15:00,LINE_A,MAT_A,21.913,3.544,3.431,22.025,28,0.7866,0
2026-09-23 08:15:00,LINE_A,MAT_B,17.913,3.544,3.431,18.025,24,0.7511,0
2026-09-23 08:30:00,LINE_A,MAT_A,22.025,3.428,3.406,22.047,28,0.7874,0
2026-09-23 08:30:00,LINE_A,MAT_B,18.025,3.428,3.406,18.047,24,0.7519,0
2026-09-23 08:45:00,LINE_A,MAT_A,22.047,3.551,3.572,22.026,28,0.7867,0
2026-09-23 08:45:00,LINE_A,MAT_B,18.047,3.551,3.572,18.026,24,0.7511,0
2026-09-23 09:00:00,LINE_A,MAT_A,22.026,3.594,3.404,22.216,28,0.7934,0
2026-09-23 09:00:00,LINE_A,MAT_B,18.026,3.594,3.404,18.216,24,0.759,0
2026-09-23 09:15:00,LINE_A,MAT_A,22.216,3.519,3.348,22.387,28,0.7995,0
2026-09-23 09:15:00,LINE_A,MAT_B,18.216,3.519,3.348,18.387,24,0.7661,0
2026-09-23 09:30:00,LINE_A,MAT_A,22.387,3.265,3.349,22.302,28,0.7965,0
2026-09-23 09:30:00,LINE_A,MAT_B,18.387,3.265,3.349,18.302,24,0.7626,0
2026-09-23 09:45:00,LINE_A,MAT_A,22.302,3.456,3.456,22.302,28,0.7965,0
2026-09-23 09:45:00,LINE_A,MAT_B,18.302,3.456,3.456,18.302,24,0.7626,0
2026-09-23 10:00:00,LINE_A,MAT_A,22.302,3.442,3.209,22.535,28,0.8048,0
2026-09-23 10:00:00,LINE_A,MAT_B,18.302,3.442,3.209,18.535,24,0.7723,0
2026-09-23 10:15:00,LINE_A,MAT_A,22.535,3.497,3.506,22.525,28,0.8045,0
2026-09-23 10:15:00,LINE_A,MAT_B,18.535,3.497,3.506,18.525,24,0.7719,0
2026-09-23 10:30:00,LINE_A,MAT_A,22.525,3.225,3.575,22.175,28,0.792,0
2026-09-23 10:30:00,LINE_A,MAT_B,18.525,3.225,3.575,18.175,24,0.7573,0
2026-09-23 10:45:00,LINE_A,MAT_A,22.175,3.428,3.805,21.798,28,0.7785,0
2026-09-23 10:45:00,LINE_A,MAT_B,18.175,3.428,3.805,17.798,24,0.7416,0
2026-09-23 11:00:00,LINE_A,MAT_A,21.798,3.529,3.475,21.853,28,0.7804,0
2026-09-23 11:00:00,LINE_A,MAT_B,17.798,3.529,3.475,17.853,24,0.7439,0
2026-09-23 11:15:00,LINE_A,MAT_A,21.853,3.349,3.593,21.608,28,0.7717,0
2026-09-23 11:15:00,LINE_A,MAT_B,17.853,3.349,3.593,17.608,24,0.7337,0
2026-09-23 11:30:00,LINE_A,MAT_A,21.608,2.992,2.988,21.612,28,0.7719,0
2026-09-23 11:30:00,LINE_A,MAT_B,17.608,2.992,2.988,17.612,24,0.7338,0
2026-09-23 11:45:00,LINE_A,MAT_A,21.612,2.973,3.127,21.458,28,0.7663,0
2026-09-23 11:45:00,LINE_A,MAT_B,17.612,2.973,3.127,17.458,24,0.7274,0
2026-09-23 12:00:00,LINE_A,MAT_A,21.458,3.569,3.506,21.521,28,0.7686,0
2026-09-23 12:00:00,LINE_A,MAT_B,17.458,3.569,3.506,17.521,24,0.73,0
2026-09-23 12:15:00,LINE_A,MAT_A,21.521,3.558,3.637,21.442,28,0.7658,0
2026-09-23 12:15:00,LINE_A,MAT_B,17.521,3.558,3.637,17.442,24,0.7268,0
2026-09-23 12:30:00,LINE_A,MAT_A,21.442,3.61,3.563,21.489,28,0.7675,0
2026-09-23 12:30:00,LINE_A,MAT_B,17.442,3.61,3.563,17.489,24,0.7287,0
2026-09-23 12:45:00,LINE_A,MAT_A,21.489,3.523,3.418,21.594,28,0.7712,0
2026-09-23 12:45:00,LINE_A,MAT_B,17.489,3.523,3.418,17.594,24,0.7331,0
2026-09-23 13:00:00,LINE_A,MAT_A,21.594,3.749,3.47,21.873,28,0.7812,0
2026-09-23 13:00:00,LINE_A,MAT_B,17.594,3.749,3.47,17.873,24,0.7447,0
2026-09-23 13:15:00,LINE_A,MAT_A,21.873,3.785,3.554,22.105,28,0.7895,0
2026-09-23 13:15:00,LINE_A,MAT_B,17.873,3.785,3.554,18.105,24,0.7544,0
2026-09-23 13:30:00,LINE_A,MAT_A,22.105,3.572,3.752,21.925,28,0.783,0
2026-09-23 13:30:00,LINE_A,MAT_B,18.105,3.572,3.752,17.925,24,0.7469,0
2026-09-23 13:45:00,LINE_A,MAT_A,21.925,3.495,3.705,21.715,28,0.7755,0
2026-09-23 13:45:00,LINE_A,MAT_B,17.925,3.495,3.705,17.715,24,0.7381,0
2026-09-23 14:00:00,LINE_A,MAT_A,21.715,4.092,3.767,22.04,28,0.7871,0
2026-09-23 14:00:00,LINE_A,MAT_B,17.715,4.092,3.767,18.04,24,0.7517,0
2026-09-23 14:15:00,LINE_A,MAT_A,22.04,3.971,3.832,22.18,28,0.7921,0
2026-09-23 14:15:00,LINE_A,MAT_B,18.04,3.971,3.832,18.18,24,0.7575,0
2026-09-23 14:30:00,LINE_A,MAT_A,22.18,3.829,3.824,22.184,28,0.7923,0
2026-09-23 14:30:00,LINE_A,MAT_B,18.18,3.829,3.824,18.184,24,0.7577,0
2026-09-23 14:45:00,LINE_A,MAT_A,22.184,3.76,3.554,22.39,28,0.7997,0
2026-09-23 14:45:00,LINE_A,MAT_B,18.184,3.76,3.554,18.39,24,0.7663,0
2026-09-23 15:00:00,LINE_A,MAT_A,22.39,3.585,3.697,22.278,28,0.7956,0
2026-09-23 15:00:00,LINE_A,MAT_B,18.39,3.585,3.697,18.278,24,0.7616,0
2026-09-23 15:15:00,LINE_A,MAT_A,22.278,3.042,3.735,21.585,28,0.7709,0
2026-09-23 15:15:00,LINE_A,MAT_B,18.278,3.042,3.735,17.585,24,0.7327,0
2026-09-23 15:30:00,LINE_A,MAT_A,21.585,4.637,3.829,22.393,28,0.7998,0
2026-09-23 15:30:00,LINE_A,MAT_B,17.585,4.637,3.829,18.393,24,0.7664,0
2026-09-23 15:45:00,LINE_A,MAT_A,22.393,3.803,3.511,22.686,28,0.8102,0
2026-09-23 15:45:00,LINE_A,MAT_B,18.393,3.803,3.511,18.686,24,0.7786,0
2026-09-23 16:00:00,LINE_A,MAT_A,22.686,3.886,3.716,22.856,28,0.8163,0
2026-09-23 16:00:00,LINE_A,MAT_B,18.686,3.886,3.716,18.856,24,0.7857,0
2026-09-23 16:15:00,LINE_A,MAT_A,22.856,3.245,3.896,22.206,28,0.7931,0
2026-09-23 16:15:00,LINE_A,MAT_B,18.856,3.245,3.896,18.206,24,0.7586,0
2026-09-23 16:30:00,LINE_A,MAT_A,22.206,4.247,3.807,22.646,28,0.8088,0
2026-09-23 16:30:00,LINE_A,MAT_B,18.206,4.247,3.807,18.646,24,0.7769,0
2026-09-23 16:45:00,LINE_A,MAT_A,22.646,4.168,3.828,22.986,28,0.8209,0
2026-09-23 16:45:00,LINE_A,MAT_B,18.646,4.168,3.828,18.986,24,0.7911,0
2026-09-23 17:00:00,LINE_A,MAT_A,22.986,3.444,3.477,22.953,28,0.8198,0
2026-09-23 17:00:00,LINE_A,MAT_B,18.986,3.444,3.477,18.953,24,0.7897,0
2026-09-23 17:15:00,LINE_A,MAT_A,22.953,3.687,3.782,22.858,28,0.8164,0
2026-09-23 17:15:00,LINE_A,MAT_B,18.953,3.687,3.782,18.858,24,0.7858,0
2026-09-23 17:30:00,LINE_A,MAT_A,22.858,3.631,3.618,22.87,28,0.8168,0
2026-09-23 17:30:00,LINE_A,MAT_B,18.858,3.631,3.618,18.87,24,0.7863,0
2026-09-23 17:45:00,LINE_A,MAT_A,22.87,3.612,3.583,22.899,28,0.8178,0
2026-09-23 17:45:00,LINE_A,MAT_B,18.87,3.612,3.583,18.899,24,0.7875,0
2026-09-23 18:00:00,LINE_A,MAT_A,22.899,4.125,3.501,23.523,28,0.8401,0
2026-09-23 18:00:00,LINE_A,MAT_B,18.899,4.125,3.501,19.523,24,0.8135,0
2026-09-23 18:15:00,LINE_A,MAT_A,23.523,3.639,3.564,23.598,28,0.8428,0
2026-09-23 18:15:00,LINE_A,MAT_B,19.523,3.639,3.564,19.598,24,0.8166,0
2026-09-23 18:30:00,LINE_A,MAT_A,23.598,3.651,3.632,23.616,28,0.8434,0
2026-09-23 18:30:00,LINE_A,MAT_B,19.598,3.651,3.632,19.616,24,0.8173,0
2026-09-23 18:45:00,LINE_A,MAT_A,23.616,3.865,3.669,23.812,28,0.8504,0
2026-09-23 18:45:00,LINE_A,MAT_B,19.616,3.865,3.669,19.812,24,0.8255,0
2026-09-23 19:00:00,LINE_A,MAT_A,23.812,3.255,3.029,24.037,28,0.8585,0
2026-09-23 19:00:00,LINE_A,MAT_B,19.812,3.255,3.029,20.037,24,0.8349,0
2026-09-23 19:15:00,LINE_A,MAT_A,24.037,3.359,3.004,24.393,28,0.8712,0
2026-09-23 19:15:00,LINE_A,MAT_B,20.037,3.359,3.004,20.393,24,0.8497,0
2026-09-23 19:30:00,LINE_A,MAT_A,24.393,3.484,3.447,24.43,28,0.8725,0
2026-09-23 19:30:00,LINE_A,MAT_B,20.393,3.484,3.447,20.43,24,0.8513,0
2026-09-23 19:45:00,LINE_A,MAT_A,24.43,3.609,3.761,24.239,28,0.8657,0
2026-09-23 19:45:00,LINE_A,MAT_B,20.43,3.609,3.761,20.239,24,0.8433,0
2026-09-23 20:00:00,LINE_A,MAT_A,24.239,3.445,3.543,24.141,28,0.8622,0
2026-09-23 20:00:00,LINE_A,MAT_B,20.239,3.445,3.543,20.141,24,0.8392,0
2026-09-23 20:15:00,LINE_A,MAT_A,24.141,3.851,3.554,24.438,28,0.8728,0
2026-09-23 20:15:00,LINE_A,MAT_B,20.141,3.851,3.554,20.438,24,0.8516,0
2026-09-23 20:30:00,LINE_A,MAT_A,24.438,3.631,3.361,24.639,28,0.88,0
2026-09-23 20:30:00,LINE_A,MAT_B,20.438,3.631,3.361,20.639,24,0.86,0
2026-09-23 20:45:00,LINE_A,MAT_A,24.639,3.345,3.546,24.438,28,0.8728,0
2026-09-23 20:45:00,LINE_A,MAT_B,20.639,3.345,3.546,20.438,24,0.8516,0
2026-09-23 21:00:00,LINE_A,MAT_A,24.438,3.549,3.549,24.437,28,0.8728,0
2026-09-23 21:00:00,LINE_A,MAT_B,20.438,3.549,3.549,20.437,24,0.8516,0
2026-09-23 21:15:00,LINE_A,MAT_A,24.437,2.976,3.66,23.754,28,0.8483,0
2026-09-23 21:15:00,LINE_A,MAT_B,20.437,2.976,3.66,19.754,24,0.8231,0
2026-09-23 21:30:00,LINE_A,MAT_A,23.754,3.383,3.346,23.791,28,0.8497,0
2026-09-23 21:30:00,LINE_A,MAT_B,19.754,3.383,3.346,19.791,24,0.8246,0
2026-09-23 21:45:00,LINE_A,MAT_A,23.791,3.588,3.531,23.848,28,0.8517,0
2026-09-23 21:45:00,LINE_A,MAT_B,19.791,3.588,3.531,19.848,24,0.827,0
2026-09-23 22:00:00,LINE_A,MAT_A,23.848,2.722,2.581,23.989,28,0.8568,0
2026-09-23 22:00:00,LINE_A,MAT_B,19.848,2.722,2.581,19.989,24,0.8329,0
2026-09-23 22:15:00,LINE_A,MAT_A,23.989,2.959,2.703,24.244,28,0.8659,0
2026-09-23 22:15:00,LINE_A,MAT_B,19.989,2.959,2.703,20.244,24,0.8435,0
2026-09-23 22:30:00,LINE_A,MAT_A,24.244,2.777,2.535,24.487,28,0.8745,0
2026-09-23 22:30:00,LINE_A,MAT_B,20.244,2.777,2.535,20.487,24,0.8536,0
2026-09-23 22:45:00,LINE_A,MAT_A,24.487,2.359,2.608,24.238,28,0.8656,0
2026-09-23 22:45:00,LINE_A,MAT_B,20.487,2.359,2.608,20.238,24,0.8432,0
2026-09-23 23:00:00,LINE_A,MAT_A,24.238,2.563,2.61,24.192,28,0.864,0
2026-09-23 23:00:00,LINE_A,MAT_B,20.238,2.563,2.61,20.192,24,0.8413,0
2026-09-23 23:15:00,LINE_A,MAT_A,24.192,2.516,2.772,23.935,28,0.8548,0
2026-09-23 23:15:00,LINE_A,MAT_B,20.192,2.516,2.772,19.935,24,0.8306,0
2026-09-23 23:30:00,LINE_A,MAT_A,23.935,3.069,2.887,24.117,28,0.8613,0
2026-09-23 23:30:00,LINE_A,MAT_B,19.935,3.069,2.887,20.117,24,0.8382,0
2026-09-23 23:45:00,LINE_A,MAT_A,24.117,2.636,2.687,24.065,28,0.8595,0
2026-09-23 23:45:00,LINE_A,MAT_B,20.117,2.636,2.687,20.065,24,0.8361,0
2026-09-24 00:00:00,LINE_A,MAT_A,24.065,2.656,2.669,24.053,28,0.859,0
2026-09-24 00:00:00,LINE_A,MAT_B,20.065,2.656,2.669,20.053,24,0.8355,0
2026-09-24 00:15:00,LINE_A,MAT_A,24.053,2.721,2.807,23.967,28,0.856,0
2026-09-24 00:15:00,LINE_A,MAT_B,20.053,2.721,2.807,19.967,24,0.832,0
2026-09-24 00:30:00,LINE_A,MAT_A,23.967,2.595,2.614,23.948,28,0.8553,0
2026-09-24 00:30:00,LINE_A,MAT_B,19.967,2.595,2.614,19.948,24,0.8312,0
2026-09-24 00:45:00,LINE_A,MAT_A,23.948,2.408,2.574,23.783,28,0.8494,0
2026-09-24 00:45:00,LINE_A,MAT_B,19.948,2.408,2.574,19.783,24,0.8243,0
2026-09-24 01:00:00,LINE_A,MAT_A,23.783,2.768,2.47,24.081,28,0.86,0
2026-09-24 01:00:00,LINE_A,MAT_B,19.783,2.768,2.47,20.081,24,0.8367,0
2026-09-24 01:15:00,LINE_A,MAT_A,24.081,2.542,2.837,23.785,28,0.8495,0
2026-09-24 01:15:00,LINE_A,MAT_B,20.081,2.542,2.837,19.785,24,0.8244,0
2026-09-24 01:30:00,LINE_A,MAT_A,23.785,2.597,2.57,23.812,28,0.8504,0
2026-09-24 01:30:00,LINE_A,MAT_B,19.785,2.597,2.57,19.812,24,0.8255,0
2026-09-24 01:45:00,LINE_A,MAT_A,23.812,2.673,2.625,23.86,28,0.8521,0
2026-09-24 01:45:00,LINE_A,MAT_B,19.812,2.673,2.625,19.86,24,0.8275,0
2026-09-24 02:00:00,LINE_A,MAT_A,23.86,2.726,3.105,23.482,28,0.8386,0
2026-09-24 02:00:00,LINE_A,MAT_B,19.86,2.726,3.105,19.482,24,0.8117,0
2026-09-24 02:15:00,LINE_A,MAT_A,23.482,2.635,2.585,23.532,28,0.8404,0
2026-09-24 02:15:00,LINE_A,MAT_B,19.482,2.635,2.585,19.532,24,0.8138,0
2026-09-24 02:30:00,LINE_A,MAT_A,23.532,2.951,2.872,23.611,28,0.8432,0
2026-09-24 02:30:00,LINE_A,MAT_B,19.532,2.951,2.872,19.611,24,0.8171,0
2026-09-24 02:45:00,LINE_A,MAT_A,23.611,2.648,2.777,23.482,28,0.8386,0
2026-09-24 02:45:00,LINE_A,MAT_B,19.611,2.648,2.777,19.482,24,0.8117,0
2026-09-24 03:00:00,LINE_A,MAT_A,23.482,2.46,2.661,23.281,28,0.8315,0
2026-09-24 03:00:00,LINE_A,MAT_B,19.482,2.46,2.661,19.281,24,0.8034,0
2026-09-24 03:15:00,LINE_A,MAT_A,23.281,2.933,2.628,23.586,28,0.8424,0
2026-09-24 03:15:00,LINE_A,MAT_B,19.281,2.933,2.628,19.586,24,0.8161,0
2026-09-24 03:30:00,LINE_A,MAT_A,23.586,2.949,2.761,23.774,28,0.8491,0
2026-09-24 03:30:00,LINE_A,MAT_B,19.586,2.949,2.761,19.774,24,0.8239,0
2026-09-24 03:45:00,LINE_A,MAT_A,23.774,2.569,2.722,23.621,28,0.8436,0
2026-09-24 03:45:00,LINE_A,MAT_B,19.774,2.569,2.722,19.621,24,0.8175,0
2026-09-24 04:00:00,LINE_A,MAT_A,23.621,2.894,2.612,23.903,28,0.8537,0
2026-09-24 04:00:00,LINE_A,MAT_B,19.621,2.894,2.612,19.903,24,0.8293,0
2026-09-24 04:15:00,LINE_A,MAT_A,23.903,3.081,2.49,24.494,28,0.8748,0
2026-09-24 04:15:00,LINE_A,MAT_B,19.903,3.081,2.49,20.494,24,0.8539,0
2026-09-24 04:30:00,LINE_A,MAT_A,24.494,2.67,2.951,24.212,28,0.8647,0
2026-09-24 04:30:00,LINE_A,MAT_B,20.494,2.67,2.951,20.212,24,0.8422,0
2026-09-24 04:45:00,LINE_A,MAT_A,24.212,2.525,2.82,23.917,28,0.8542,0
2026-09-24 04:45:00,LINE_A,MAT_B,20.212,2.525,2.82,19.917,24,0.8299,0
2026-09-24 05:00:00,LINE_A,MAT_A,23.917,3.101,2.648,24.369,28,0.8703,0
2026-09-24 05:00:00,LINE_A,MAT_B,19.917,3.101,2.648,20.369,24,0.8487,0
2026-09-24 05:15:00,LINE_A,MAT_A,24.369,2.693,2.436,24.626,28,0.8795,0
2026-09-24 05:15:00,LINE_A,MAT_B,20.369,2.693,2.436,20.626,24,0.8594,0
2026-09-24 05:30:00,LINE_A,MAT_A,24.626,2.493,2.563,24.556,28,0.877,0
2026-09-24 05:30:00,LINE_A,MAT_B,20.626,2.493,2.563,20.556,24,0.8565,0
2026-09-24 05:45:00,LINE_A,MAT_A,24.556,2.964,2.567,24.954,28,0.8912,0
2026-09-24 05:45:00,LINE_A,MAT_B,20.556,2.964,2.567,20.954,24,0.8731,0
2026-09-24 06:00:00,LINE_A,MAT_A,24.954,2.898,3.512,24.339,28,0.8693,0
2026-09-24 06:00:00,LINE_A,MAT_B,20.954,2.898,3.512,20.339,24,0.8475,0
2026-09-24 06:15:00,LINE_A,MAT_A,24.339,3.668,3.294,24.706,28,0.8824,0
2026-09-24 06:15:00,LINE_A,MAT_B,20.339,3.668,3.294,20.706,24,0.8628,0
2026-09-24 06:30:00,LINE_A,MAT_A,24.706,3.388,3.172,24.828,28,0.8867,0
2026-09-24 06:30:00,LINE_A,MAT_B,20.706,3.388,3.172,20.828,24,0.8678,0
2026-09-24 06:45:00,LINE_A,MAT_A,24.828,3.269,3.173,24.827,28,0.8867,0
2026-09-24 06:45:00,LINE_A,MAT_B,20.828,3.269,3.173,20.827,24,0.8678,0
2026-09-24 07:00:00,LINE_A,MAT_A,24.827,3.312,3.222,24.778,28,0.8849,0
2026-09-24 07:00:00,LINE_A,MAT_B,20.827,3.312,3.222,20.778,24,0.8657,0
2026-09-24 07:15:00,LINE_A,MAT_A,24.778,3.395,3.337,24.663,28,0.8808,0
2026-09-24 07:15:00,LINE_A,MAT_B,20.778,3.395,3.337,20.663,24,0.8609,0
2026-09-24 07:30:00,LINE_A,MAT_A,24.663,3.14,3.285,24.518,28,0.8757,0
2026-09-24 07:30:00,LINE_A,MAT_B,20.663,3.14,3.285,20.518,24,0.8549,0
2026-09-24 07:45:00,LINE_A,MAT_A,24.518,3.399,3.429,24.489,28,0.8746,0
2026-09-24 07:45:00,LINE_A,MAT_B,20.518,3.399,3.429,20.489,24,0.8537,0
2026-09-24 08:00:00,LINE_A,MAT_A,24.489,3.296,3.404,24.381,28,0.8707,0
2026-09-24 08:00:00,LINE_A,MAT_B,20.489,3.296,3.404,20.381,24,0.8492,0
2026-09-24 08:15:00,LINE_A,MAT_A,24.381,3.374,3.244,24.51,28,0.8754,0
2026-09-24 08:15:00,LINE_A,MAT_B,20.381,3.374,3.244,20.51,24,0.8546,0
2026-09-24 08:30:00,LINE_A,MAT_A,24.51,3.267,3.539,24.238,28,0.8656,0
2026-09-24 08:30:00,LINE_A,MAT_B,20.51,3.267,3.539,20.238,24,0.8433,0
2026-09-24 08:45:00,LINE_A,MAT_A,24.238,3.429,3.601,24.066,28,0.8595,0
2026-09-24 08:45:00,LINE_A,MAT_B,20.238,3.429,3.601,20.066,24,0.8361,0
2026-09-24 09:00:00,LINE_A,MAT_A,24.066,3.626,3.523,24.169,28,0.8632,0
2026-09-24 09:00:00,LINE_A,MAT_B,20.066,3.626,3.523,20.169,24,0.8404,0
2026-09-24 09:15:00,LINE_A,MAT_A,24.169,3.486,3.497,24.158,28,0.8628,0
2026-09-24 09:15:00,LINE_A,MAT_B,20.169,3.486,3.497,20.158,24,0.8399,0
2026-09-24 09:30:00,LINE_A,MAT_A,24.158,3.569,3.725,24.002,28,0.8572,0
2026-09-24 09:30:00,LINE_A,MAT_B,20.158,3.569,3.725,20.002,24,0.8334,0
2026-09-24 09:45:00,LINE_A,MAT_A,24.002,3.423,3.657,23.768,28,0.8489,0
2026-09-24 09:45:00,LINE_A,MAT_B,20.002,3.423,3.657,19.768,24,0.8237,0
2026-09-24 10:00:00,LINE_A,MAT_A,23.768,3.57,3.252,24.085,28,0.8602,0
2026-09-24 10:00:00,LINE_A,MAT_B,19.768,3.57,3.252,20.085,24,0.8369,0
2026-09-24 10:15:00,LINE_A,MAT_A,24.085,3.292,3.453,23.925,28,0.8545,0
2026-09-24 10:15:00,LINE_A,MAT_B,20.085,3.292,3.453,19.925,24,0.8302,0
2026-09-24 10:30:00,LINE_A,MAT_A,23.925,3.749,3.629,24.044,28,0.8587,0
2026-09-24 10:30:00,LINE_A,MAT_B,19.925,3.749,3.629,20.044,24,0.8352,0
2026-09-24 10:45:00,LINE_A,MAT_A,24.044,3.375,3.511,23.908,28,0.8539,0
2026-09-24 10:45:00,LINE_A,MAT_B,20.044,3.375,3.511,19.908,24,0.8295,0
2026-09-24 11:00:00,LINE_A,MAT_A,23.908,3.626,3.533,24.001,28,0.8572,0
2026-09-24 11:00:00,LINE_A,MAT_B,19.908,3.626,3.533,20.001,24,0.8334,0
2026-09-24 11:15:00,LINE_A,MAT_A,24.001,3.717,3.562,24.156,28,0.8627,0
2026-09-24 11:15:00,LINE_A,MAT_B,20.001,3.717,3.562,20.156,24,0.8398,0
2026-09-24 11:30:00,LINE_A,MAT_A,24.156,3.256,2.933,24.478,28,0.8742,0
2026-09-24 11:30:00,LINE_A,MAT_B,20.156,3.256,2.933,20.478,24,0.8533,0
2026-09-24 11:45:00,LINE_A,MAT_A,24.478,3.144,2.969,24.653,28,0.8805,0
2026-09-24 11:45:00,LINE_A,MAT_B,20.478,3.144,2.969,20.653,24,0.8605,0
2026-09-24 12:00:00,LINE_A,MAT_A,24.653,3.229,3.625,24.258,28,0.8663,0
2026-09-24 12:00:00,LINE_A,MAT_B,20.653,3.229,3.625,20.258,24,0.8441,0
2026-09-24 12:15:00,LINE_A,MAT_A,24.258,4.006,3.642,24.358,28,0.8699,0
2026-09-24 12:15:00,LINE_A,MAT_B,20.258,4.006,3.642,20.358,24,0.8482,0
2026-09-24 12:30:00,LINE_A,MAT_A,24.358,3.414,3.44,24.332,28,0.869,0
2026-09-24 12:30:00,LINE_A,MAT_B,20.358,3.414,3.44,20.332,24,0.8472,0
2026-09-24 12:45:00,LINE_A,MAT_A,24.332,3.43,3.536,24.226,28,0.8652,0
2026-09-24 12:45:00,LINE_A,MAT_B,20.332,3.43,3.536,20.226,24,0.8427,0
2026-09-24 13:00:00,LINE_A,MAT_A,24.226,3.316,3.622,23.92,28,0.8543,0
2026-09-24 13:00:00,LINE_A,MAT_B,20.226,3.316,3.622,19.92,24,0.83,0
2026-09-24 13:15:00,LINE_A,MAT_A,23.92,3.658,3.385,24.192,28,0.864,0
2026-09-24 13:15:00,LINE_A,MAT_B,19.92,3.658,3.385,20.192,24,0.8414,0
2026-09-24 13:30:00,LINE_A,MAT_A,24.192,3.782,3.352,24.623,28,0.8794,0
2026-09-24 13:30:00,LINE_A,MAT_B,20.192,3.782,3.352,20.623,24,0.8593,0
2026-09-24 13:45:00,LINE_A,MAT_A,24.623,3.442,3.45,24.55,28,0.8768,0
2026-09-24 13:45:00,LINE_A,MAT_B,20.623,3.442,3.45,20.55,24,0.8563,0
2026-09-24 14:00:00,LINE_A,MAT_A,24.55,3.765,3.531,24.469,28,0.8739,0
2026-09-24 14:00:00,LINE_A,MAT_B,20.55,3.765,3.531,20.469,24,0.8529,0
2026-09-24 14:15:00,LINE_A,MAT_A,24.469,3.665,3.629,24.371,28,0.8704,0
2026-09-24 14:15:00,LINE_A,MAT_B,20.469,3.665,3.629,20.371,24,0.8488,0
2026-09-24 14:30:00,LINE_A,MAT_A,24.371,3.805,3.626,24.374,28,0.8705,0
2026-09-24 14:30:00,LINE_A,MAT_B,20.371,3.805,3.626,20.374,24,0.8489,0
2026-09-24 14:45:00,LINE_A,MAT_A,24.374,3.857,3.89,24.11,28,0.8611,0
2026-09-24 14:45:00,LINE_A,MAT_B,20.374,3.857,3.89,20.11,24,0.8379,0
2026-09-24 15:00:00,LINE_A,MAT_A,24.11,3.918,3.935,24.065,28,0.8595,0
2026-09-24 15:00:00,LINE_A,MAT_B,20.11,3.918,3.935,20.065,24,0.836,0
2026-09-24 15:15:00,LINE_A,MAT_A,24.065,3.687,3.754,23.998,28,0.8571,0
2026-09-24 15:15:00,LINE_A,MAT_B,20.065,3.687,3.754,19.998,24,0.8332,0
2026-09-24 15:30:00,LINE_A,MAT_A,23.998,3.808,3.911,23.895,28,0.8534,0
2026-09-24 15:30:00,LINE_A,MAT_B,19.998,3.808,3.911,19.895,24,0.8289,0
2026-09-24 15:45:00,LINE_A,MAT_A,23.895,3.706,3.696,23.905,28,0.8537,0
2026-09-24 15:45:00,LINE_A,MAT_B,19.895,3.706,3.696,19.905,24,0.8294,0
2026-09-24 16:00:00,LINE_A,MAT_A,23.905,3.682,3.664,23.923,28,0.8544,0
2026-09-24 16:00:00,LINE_A,MAT_B,19.905,3.682,3.664,19.923,24,0.8301,0
2026-09-24 16:15:00,LINE_A,MAT_A,23.923,3.759,3.574,24.109,28,0.861,0
2026-09-24 16:15:00,LINE_A,MAT_B,19.923,3.759,3.574,20.109,24,0.8379,0
2026-09-24 16:30:00,LINE_A,MAT_A,24.109,3.728,3.766,24.071,28,0.8597,0
2026-09-24 16:30:00,LINE_A,MAT_B,20.109,3.728,3.766,20.071,24,0.8363,0
2026-09-24 16:45:00,LINE_A,MAT_A,24.071,3.663,3.749,23.986,28,0.8566,0
2026-09-24 16:45:00,LINE_A,MAT_B,20.071,3.663,3.749,19.986,24,0.8328,0
2026-09-24 17:00:00,LINE_A,MAT_A,23.986,3.827,3.72,24.094,28,0.8605,0
2026-09-24 17:00:00,LINE_A,MAT_B,19.986,3.827,3.72,20.094,24,0.8372,0
2026-09-24 17:15:00,LINE_A,MAT_A,24.094,3.827,3.847,24.074,28,0.8598,0
2026-09-24 17:15:00,LINE_A,MAT_B,20.094,3.827,3.847,20.074,24,0.8364,0
2026-09-24 17:30:00,LINE_A,MAT_A,24.074,3.726,3.606,24.194,28,0.8641,0
2026-09-24 17:30:00,LINE_A,MAT_B,20.074,3.726,3.606,20.194,24,0.8414,0
2026-09-24 17:45:00,LINE_A,MAT_A,24.194,3.56,3.661,24.093,28,0.8605,0
2026-09-24 17:45:00,LINE_A,MAT_B,20.194,3.56,3.661,20.093,24,0.8372,0
2026-09-24 18:00:00,LINE_A,MAT_A,24.093,3.51,3.898,23.705,28,0.8466,0
2026-09-24 18:00:00,LINE_A,MAT_B,20.093,3.51,3.898,19.705,24,0.8211,0
2026-09-24 18:15:00,LINE_A,MAT_A,23.705,3.435,3.67,23.47,28,0.8382,0
2026-09-24 18:15:00,LINE_A,MAT_B,19.705,3.435,3.67,19.47,24,0.8113,0
2026-09-24 18:30:00,LINE_A,MAT_A,23.47,3.571,3.602,23.439,28,0.8371,0
2026-09-24 18:30:00,LINE_A,MAT_B,19.47,3.571,3.602,19.439,24,0.81,0
2026-09-24 18:45:00,LINE_A,MAT_A,23.439,3.513,3.623,23.329,28,0.8332,0
2026-09-24 18:45:00,LINE_A,MAT_B,19.439,3.513,3.623,19.329,24,0.8054,0
2026-09-24 19:00:00,LINE_A,MAT_A,23.329,3.185,2.942,23.573,28,0.8419,0
2026-09-24 19:00:00,LINE_A,MAT_B,19.329,3.185,2.942,19.573,24,0.8155,0
2026-09-24 19:15:00,LINE_A,MAT_A,23.573,3.414,3.324,23.662,28,0.8451,0
2026-09-24 19:15:00,LINE_A,MAT_B,19.573,3.414,3.324,19.662,24,0.8193,0
2026-09-24 19:30:00,LINE_A,MAT_A,23.662,3.489,3.351,23.8,28,0.85,0
2026-09-24 19:30:00,LINE_A,MAT_B,19.662,3.489,3.351,19.8,24,0.825,0
2026-09-24 19:45:00,LINE_A,MAT_A,23.8,3.531,3.647,23.684,28,0.8459,0
2026-09-24 19:45:00,LINE_A,MAT_B,19.8,3.531,3.647,19.684,24,0.8202,0
2026-09-24 20:00:00,LINE_A,MAT_A,23.684,3.576,3.614,23.647,28,0.8445,0
2026-09-24 20:00:00,LINE_A,MAT_B,19.684,3.576,3.614,19.647,24,0.8186,0
2026-09-24 20:15:00,LINE_A,MAT_A,23.647,3.82,3.609,23.859,28,0.8521,0
2026-09-24 20:15:00,LINE_A,MAT_B,19.647,3.82,3.609,19.859,24,0.8275,0
2026-09-24 20:30:00,LINE_A,MAT_A,23.859,3.831,3.375,24.315,28,0.8684,0
2026-09-24 20:30:00,LINE_A,MAT_B,19.859,3.831,3.375,20.315,24,0.8465,0
2026-09-24 20:45:00,LINE_A,MAT_A,24.315,3.352,3.416,24.251,28,0.8661,0
2026-09-24 20:45:00,LINE_A,MAT_B,20.315,3.352,3.416,20.251,24,0.8438,0
2026-09-24 21:00:00,LINE_A,MAT_A,24.251,3.584,3.641,24.195,28,0.8641,0
2026-09-24 21:00:00,LINE_A,MAT_B,20.251,3.584,3.641,20.195,24,0.8415,0
2026-09-24 21:15:00,LINE_A,MAT_A,24.195,3.842,3.433,24.567,28,0.8774,0
2026-09-24 21:15:00,LINE_A,MAT_B,20.195,3.842,3.433,20.567,24,0.8569,0
2026-09-24 21:30:00,LINE_A,MAT_A,24.567,3.585,3.387,24.613,28,0.879,0
2026-09-24 21:30:00,LINE_A,MAT_B,20.567,3.585,3.387,20.613,24,0.8589,0
2026-09-24 21:45:00,LINE_A,MAT_A,24.613,3.378,3.488,24.503,28,0.8751,0
2026-09-24 21:45:00,LINE_A,MAT_B,20.613,3.378,3.488,20.503,24,0.8543,0
2026-09-24 22:00:00,LINE_A,MAT_A,24.503,2.757,2.914,24.346,28,0.8695,0
2026-09-24 22:00:00,LINE_A,MAT_B,20.503,2.757,2.914,20.346,24,0.8478,0
2026-09-24 22:15:00,LINE_A,MAT_A,24.346,2.771,2.984,24.132,28,0.8619,0
2026-09-24 22:15:00,LINE_A,MAT_B,20.346,2.771,2.984,20.132,24,0.8388,0
2026-09-24 22:30:00,LINE_A,MAT_A,24.132,2.701,2.787,24.045,28,0.8588,0
2026-09-24 22:30:00,LINE_A,MAT_B,20.132,2.701,2.787,20.045,24,0.8352,0
2026-09-24 22:45:00,LINE_A,MAT_A,24.045,2.614,2.486,24.174,28,0.8633,0
2026-09-24 22:45:00,LINE_A,MAT_B,20.045,2.614,2.486,20.174,24,0.8406,0
2026-09-24 23:00:00,LINE_A,MAT_A,24.174,2.62,2.801,23.992,28,0.8569,0
2026-09-24 23:00:00,LINE_A,MAT_B,20.174,2.62,2.801,19.992,24,0.833,0
2026-09-24 23:15:00,LINE_A,MAT_A,23.992,2.604,2.78,23.816,28,0.8506,0
2026-09-24 23:15:00,LINE_A,MAT_B,19.992,2.604,2.78,19.816,24,0.8257,0
2026-09-24 23:30:00,LINE_A,MAT_A,23.816,2.375,2.589,23.601,28,0.8429,0
2026-09-24 23:30:00,LINE_A,MAT_B,19.816,2.375,2.589,19.601,24,0.8167,0
2026-09-24 23:45:00,LINE_A,MAT_A,23.601,2.876,2.74,23.737,28,0.8477,0
2026-09-24 23:45:00,LINE_A,MAT_B,19.601,2.876,2.74,19.737,24,0.8224,0
2026-09-25 00:00:00,LINE_A,MAT_A,23.737,2.705,2.86,23.582,28,0.8422,0
2026-09-25 00:00:00,LINE_A,MAT_B,19.737,2.705,2.86,19.582,24,0.8159,0
2026-09-25 00:15:00,LINE_A,MAT_A,23.582,2.737,2.74,23.578,28,0.8421,0
2026-09-25 00:15:00,LINE_A,MAT_B,19.582,2.737,2.74,19.578,24,0.8158,0
2026-09-25 00:30:00,LINE_A,MAT_A,23.578,2.49,2.614,23.455,28,0.8377,0
2026-09-25 00:30:00,LINE_A,MAT_B,19.578,2.49,2.614,19.455,24,0.8106,0
2026-09-25 00:45:00,LINE_A,MAT_A,23.455,2.668,2.652,23.471,28,0.8382,0
2026-09-25 00:45:00,LINE_A,MAT_B,19.455,2.668,2.652,19.471,24,0.8113,0
2026-09-25 01:00:00,LINE_A,MAT_A,23.471,2.856,2.54,23.787,28,0.8495,0
2026-09-25 01:00:00,LINE_A,MAT_B,19.471,2.856,2.54,19.787,24,0.8245,0
2026-09-25 01:15:00,LINE_A,MAT_A,23.787,2.665,2.712,23.74,28,0.8479,0
2026-09-25 01:15:00,LINE_A,MAT_B,19.787,2.665,2.712,19.74,24,0.8225,0
2026-09-25 01:30:00,LINE_A,MAT_A,23.74,2.569,2.465,23.844,28,0.8516,0
2026-09-25 01:30:00,LINE_A,MAT_B,19.74,2.569,2.465,19.844,24,0.8268,0
2026-09-25 01:45:00,LINE_A,MAT_A,23.844,2.657,2.647,23.854,28,0.8519,0
2026-09-25 01:45:00,LINE_A,MAT_B,19.844,2.657,2.647,19.854,24,0.8273,0
2026-09-25 02:00:00,LINE_A,MAT_A,23.854,2.54,2.933,23.461,28,0.8379,0
2026-09-25 02:00:00,LINE_A,MAT_B,19.854,2.54,2.933,19.461,24,0.8109,0
2026-09-25 02:15:00,LINE_A,MAT_A,23.461,2.726,2.927,23.26,28,0.8307,0
2026-09-25 02:15:00,LINE_A,MAT_B,19.461,2.726,2.927,19.26,24,0.8025,0
2026-09-25 02:30:00,LINE_A,MAT_A,23.26,2.761,2.704,23.316,28,0.8327,0
2026-09-25 02:30:00,LINE_A,MAT_B,19.26,2.761,2.704,19.316,24,0.8048,0
2026-09-25 02:45:00,LINE_A,MAT_A,23.316,2.471,2.594,23.194,28,0.8284,0
2026-09-25 02:45:00,LINE_A,MAT_B,19.316,2.471,2.594,19.194,24,0.7997,0
2026-09-25 03:00:00,LINE_A,MAT_A,23.194,2.478,2.678,22.994,28,0.8212,0
2026-09-25 03:00:00,LINE_A,MAT_B,19.194,2.478,2.678,18.994,24,0.7914,0
2026-09-25 03:15:00,LINE_A,MAT_A,22.994,2.911,2.606,23.299,28,0.8321,0
2026-09-25 03:15:00,LINE_A,MAT_B,18.994,2.911,2.606,19.299,24,0.8041,0
2026-09-25 03:30:00,LINE_A,MAT_A,23.299,2.688,2.887,23.1,28,0.825,0
2026-09-25 03:30:00,LINE_A,MAT_B,19.299,2.688,2.887,19.1,24,0.7958,0
2026-09-25 03:45:00,LINE_A,MAT_A,23.1,2.428,2.692,22.836,28,0.8156,0
2026-09-25 03:45:00,LINE_A,MAT_B,19.1,2.428,2.692,18.836,24,0.7848,0
2026-09-25 04:00:00,LINE_A,MAT_A,22.836,2.971,2.665,23.142,28,0.8265,0
2026-09-25 04:00:00,LINE_A,MAT_B,18.836,2.971,2.665,19.142,24,0.7976,0
2026-09-25 04:15:00,LINE_A,MAT_A,23.142,2.782,2.785,23.139,28,0.8264,0
2026-09-25 04:15:00,LINE_A,MAT_B,19.142,2.782,2.785,19.139,24,0.7975,0
2026-09-25 04:30:00,LINE_A,MAT_A,23.139,2.622,2.925,22.836,28,0.8156,0
2026-09-25 04:30:00,LINE_A,MAT_B,19.139,2.622,2.925,18.836,24,0.7848,0
2026-09-25 04:45:00,LINE_A,MAT_A,22.836,2.521,2.881,22.476,28,0.8027,0
2026-09-25 04:45:00,LINE_A,MAT_B,18.836,2.521,2.881,18.476,24,0.7699,0
2026-09-25 05:00:00,LINE_A,MAT_A,22.476,2.782,2.72,22.538,28,0.8049,0
2026-09-25 05:00:00,LINE_A,MAT_B,18.476,2.782,2.72,18.538,24,0.7724,0
2026-09-25 05:15:00,LINE_A,MAT_A,22.538,2.971,2.826,22.683,28,0.8101,0
2026-09-25 05:15:00,LINE_A,MAT_B,18.538,2.971,2.826,18.683,24,0.7785,0
2026-09-25 05:30:00,LINE_A,MAT_A,22.683,2.877,2.622,22.938,28,0.8192,0
2026-09-25 05:30:00,LINE_A,MAT_B,18.683,2.877,2.622,18.938,24,0.7891,0
2026-09-25 05:45:00,LINE_A,MAT_A,22.938,2.513,2.759,22.692,28,0.8104,0
2026-09-25 05:45:00,LINE_A,MAT_B,18.938,2.513,2.759,18.692,24,0.7788,0
2026-09-25 06:00:00,LINE_A,MAT_A,22.692,3.534,3.317,22.909,28,0.8182,0
2026-09-25 06:00:00,LINE_A,MAT_B,18.692,3.534,3.317,18.909,24,0.7879,0
2026-09-25 06:15:00,LINE_A,MAT_A,22.909,3.178,3.333,22.753,28,0.8126,0
2026-09-25 06:15:00,LINE_A,MAT_B,18.909,3.178,3.333,18.753,24,0.7814,0
2026-09-25 06:30:00,LINE_A,MAT_A,22.753,3.358,3.442,22.669,28,0.8096,0
2026-09-25 06:30:00,LINE_A,MAT_B,18.753,3.358,3.442,18.669,24,0.7779,0
2026-09-25 06:45:00,LINE_A,MAT_A,22.669,3.433,3.114,22.988,28,0.821,0
2026-09-25 06:45:00,LINE_A,MAT_B,18.669,3.433,3.114,18.988,24,0.7912,0
2026-09-25 07:00:00,LINE_A,MAT_A,22.988,3.303,3.315,22.976,28,0.8206,0
2026-09-25 07:00:00,LINE_A,MAT_B,18.988,3.303,3.315,18.976,24,0.7907,0
2026-09-25 07:15:00,LINE_A,MAT_A,22.976,3.312,3.453,22.836,28,0.8156,0
2026-09-25 07:15:00,LINE_A,MAT_B,18.976,3.312,3.453,18.836,24,0.7848,0
2026-09-25 07:30:00,LINE_A,MAT_A,22.836,3.412,3.345,22.903,28,0.818,0
2026-09-25 07:30:00,LINE_A,MAT_B,18.836,3.412,3.345,18.903,24,0.7876,0
2026-09-25 07:45:00,LINE_A,MAT_A,22.903,3.432,3.398,22.937,28,0.8192,0
2026-09-25 07:45:00,LINE_A,MAT_B,18.903,3.432,3.398,18.937,24,0.7891,0
2026-09-25 08:00:00,LINE_A,MAT_A,22.937,3.346,3.282,23.001,28,0.8215,0
2026-09-25 08:00:00,LINE_A,MAT_B,18.937,3.346,3.282,19.001,24,0.7917,0
2026-09-25 08:15:00,LINE_A,MAT_A,23.001,3.38,3.496,22.885,28,0.8173,0
2026-09-25 08:15:00,LINE_A,MAT_B,19.001,3.38,3.496,18.885,24,0.7869,0
2026-09-25 08:30:00,LINE_A,MAT_A,22.885,3.399,3.619,22.665,28,0.8095,0
2026-09-25 08:30:00,LINE_A,MAT_B,18.885,3.399,3.619,18.665,24,0.7777,0
2026-09-25 08:45:00,LINE_A,MAT_A,22.665,3.048,3.453,22.26,28,0.795,0
2026-09-25 08:45:00,LINE_A,MAT_B,18.665,3.048,3.453,18.26,24,0.7608,0
2026-09-25 09:00:00,LINE_A,MAT_A,22.26,3.144,3.504,21.899,28,0.7821,0
2026-09-25 09:00:00,LINE_A,MAT_B,18.26,3.144,3.504,17.899,24,0.7458,0
2026-09-25 09:15:00,LINE_A,MAT_A,21.899,3.661,3.505,22.055,28,0.7877,0
2026-09-25 09:15:00,LINE_A,MAT_B,17.899,3.661,3.505,18.055,24,0.7523,0
2026-09-25 09:30:00,LINE_A,MAT_A,22.055,3.545,3.718,21.882,28,0.7815,0
2026-09-25 09:30:00,LINE_A,MAT_B,18.055,3.545,3.718,17.882,24,0.7451,0
2026-09-25 09:45:00,LINE_A,MAT_A,21.882,3.534,3.233,22.184,28,0.7923,0
2026-09-25 09:45:00,LINE_A,MAT_B,17.882,3.534,3.233,18.184,24,0.7577,0
2026-09-25 10:00:00,LINE_A,MAT_A,22.184,3.439,3.415,22.208,28,0.7931,0
2026-09-25 10:00:00,LINE_A,MAT_B,18.184,3.439,3.415,18.208,24,0.7586,0
2026-09-25 10:15:00,LINE_A,MAT_A,22.208,3.306,3.446,22.067,28,0.7881,0
2026-09-25 10:15:00,LINE_A,MAT_B,18.208,3.306,3.446,18.067,24,0.7528,0
2026-09-25 10:30:00,LINE_A,MAT_A,22.067,3.637,3.579,22.125,28,0.7902,0
2026-09-25 10:30:00,LINE_A,MAT_B,18.067,3.637,3.579,18.125,24,0.7552,0
2026-09-25 10:45:00,LINE_A,MAT_A,22.125,3.548,3.557,22.116,28,0.7899,0
2026-09-25 10:45:00,LINE_A,MAT_B,18.125,3.548,3.557,18.116,24,0.7548,0
2026-09-25 11:00:00,LINE_A,MAT_A,22.116,3.501,3.643,21.974,28,0.7848,0
2026-09-25 11:00:00,LINE_A,MAT_B,18.116,3.501,3.643,17.974,24,0.7489,0
2026-09-25 11:15:00,LINE_A,MAT_A,21.974,3.777,3.937,21.815,28,0.7791,0
2026-09-25 11:15:00,LINE_A,MAT_B,17.974,3.777,3.937,17.815,24,0.7423,0
2026-09-25 11:30:00,LINE_A,MAT_A,21.815,3.175,3.075,21.915,28,0.7827,0
2026-09-25 11:30:00,LINE_A,MAT_B,17.815,3.175,3.075,17.915,24,0.7465,0
2026-09-25 11:45:00,LINE_A,MAT_A,21.915,3.218,3.095,22.038,28,0.7871,0
2026-09-25 11:45:00,LINE_A,MAT_B,17.915,3.218,3.095,18.038,24,0.7516,0
2026-09-25 12:00:00,LINE_A,MAT_A,22.038,3.44,3.783,21.694,28,0.7748,0
2026-09-25 12:00:00,LINE_A,MAT_B,18.038,3.44,3.783,17.694,24,0.7373,0
2026-09-25 12:15:00,LINE_A,MAT_A,21.694,3.076,3.56,21.21,28,0.7575,0
2026-09-25 12:15:00,LINE_A,MAT_B,17.694,3.076,3.56,17.21,24,0.7171,0
2026-09-25 12:30:00,LINE_A,MAT_A,21.21,4.206,3.548,21.868,28,0.781,0
2026-09-25 12:30:00,LINE_A,MAT_B,17.21,4.206,3.548,17.868,24,0.7445,0
2026-09-25 12:45:00,LINE_A,MAT_A,21.868,3.537,3.439,21.967,28,0.7845,0
2026-09-25 12:45:00,LINE_A,MAT_B,17.868,3.537,3.439,17.967,24,0.7486,0
2026-09-25 13:00:00,LINE_A,MAT_A,21.967,3.375,3.559,21.783,28,0.778,0
2026-09-25 13:00:00,LINE_A,MAT_B,17.967,3.375,3.559,17.783,24,0.741,0
2026-09-25 13:15:00,LINE_A,MAT_A,21.783,3.665,3.612,21.836,28,0.7799,0
2026-09-25 13:15:00,LINE_A,MAT_B,17.783,3.665,3.612,17.836,24,0.7432,0
2026-09-25 13:30:00,LINE_A,MAT_A,21.836,3.77,3.541,22.065,28,0.788,0
2026-09-25 13:30:00,LINE_A,MAT_B,17.836,3.77,3.541,18.065,24,0.7527,0
2026-09-25 13:45:00,LINE_A,MAT_A,22.065,3.526,3.579,22.013,28,0.7862,0
2026-09-25 13:45:00,LINE_A,MAT_B,18.065,3.526,3.579,18.013,24,0.7505,0
2026-09-25 14:00:00,LINE_A,MAT_A,22.013,3.856,3.874,21.995,28,0.7855,0
2026-09-25 14:00:00,LINE_A,MAT_B,18.013,3.856,3.874,17.995,24,0.7498,0
2026-09-25 14:15:00,LINE_A,MAT_A,21.995,3.999,3.497,22.497,28,0.8035,0
2026-09-25 14:15:00,LINE_A,MAT_B,17.995,3.999,3.497,18.497,24,0.7707,0
2026-09-25 14:30:00,LINE_A,MAT_A,22.497,3.868,3.571,22.794,28,0.8141,0
2026-09-25 14:30:00,LINE_A,MAT_B,18.497,3.868,3.571,18.794,24,0.7831,0
2026-09-25 14:45:00,LINE_A,MAT_A,22.794,4.052,3.791,23.056,28,0.8234,0
2026-09-25 14:45:00,LINE_A,MAT_B,18.794,4.052,3.791,19.056,24,0.794,0
2026-09-25 15:00:00,LINE_A,MAT_A,23.056,3.484,3.76,22.78,28,0.8136,0
2026-09-25 15:00:00,LINE_A,MAT_B,19.056,3.484,3.76,18.78,24,0.7825,0
2026-09-25 15:15:00,LINE_A,MAT_A,22.78,3.656,3.749,22.687,28,0.8103,0
2026-09-25 15:15:00,LINE_A,MAT_B,18.78,3.656,3.749,18.687,24,0.7786,0
2026-09-25 15:30:00,LINE_A,MAT_A,22.687,3.657,3.805,22.54,28,0.805,0
2026-09-25 15:30:00,LINE_A,MAT_B,18.687,3.657,3.805,18.54,24,0.7725,0
2026-09-25 15:45:00,LINE_A,MAT_A,22.54,3.307,3.677,22.17,28,0.7918,0
2026-09-25 15:45:00,LINE_A,MAT_B,18.54,3.307,3.677,18.17,24,0.7571,0
2026-09-25 16:00:00,LINE_A,MAT_A,22.17,3.324,3.398,22.096,28,0.7891,0
2026-09-25 16:00:00,LINE_A,MAT_B,18.17,3.324,3.398,18.096,24,0.754,0
2026-09-25 16:15:00,LINE_A,MAT_A,22.096,2.428,3.743,20.781,28,0.7422,0
2026-09-25 16:15:00,LINE_A,MAT_B,18.096,2.428,3.743,16.781,24,0.6992,0
2026-09-25 16:30:00,LINE_A,MAT_A,20.781,2.439,3.701,19.519,28,0.6971,0
2026-09-25 16:30:00,LINE_A,MAT_B,16.781,2.439,3.701,15.519,24,0.6466,0
2026-09-25 16:45:00,LINE_A,MAT_A,19.519,2.535,3.852,18.202,28,0.6501,0
2026-09-25 16:45:00,LINE_A,MAT_B,15.519,2.535,3.852,14.202,24,0.5918,0
2026-09-25 17:00:00,LINE_A,MAT_A,18.202,2.429,3.574,17.058,28,0.6092,0
2026-09-25 17:00:00,LINE_A,MAT_B,14.202,2.429,3.574,13.058,24,0.5441,0
2026-09-25 17:15:00,LINE_A,MAT_A,17.058,2.502,3.554,16.006,28,0.5717,0
2026-09-25 17:15:00,LINE_A,MAT_B,13.058,2.502,3.554,12.006,24,0.5003,0
2026-09-25 17:30:00,LINE_A,MAT_A,16.006,2.521,3.454,15.074,28,0.5383,0
2026-09-25 17:30:00,LINE_A,MAT_B,12.006,2.521,3.454,11.074,24,0.4614,0
2026-09-25 17:45:00,LINE_A,MAT_A,15.074,3.016,3.676,14.414,28,0.5148,0
2026-09-25 17:45:00,LINE_A,MAT_B,11.074,3.016,3.676,10.414,24,0.4339,0
2026-09-25 18:00:00,LINE_A,MAT_A,14.414,4.744,3.53,15.628,28,0.5581,0
2026-09-25 18:00:00,LINE_A,MAT_B,10.414,4.744,3.53,11.628,24,0.4845,0
2026-09-25 18:15:00,LINE_A,MAT_A,15.628,4.447,3.569,16.506,28,0.5895,0
2026-09-25 18:15:00,LINE_A,MAT_B,11.628,4.447,3.569,12.506,24,0.5211,0
2026-09-25 18:30:00,LINE_A,MAT_A,16.506,4.516,3.741,17.282,28,0.6172,0
2026-09-25 18:30:00,LINE_A,MAT_B,12.506,4.516,3.741,13.282,24,0.5534,0
2026-09-25 18:45:00,LINE_A,MAT_A,17.282,4.426,3.79,17.917,28,0.6399,0
2026-09-25 18:45:00,LINE_A,MAT_B,13.282,4.426,3.79,13.917,24,0.5799,0
2026-09-25 19:00:00,LINE_A,MAT_A,17.917,4.366,3.041,19.243,28,0.6872,0
2026-09-25 19:00:00,LINE_A,MAT_B,13.917,4.366,3.041,15.243,24,0.6351,0
2026-09-25 19:15:00,LINE_A,MAT_A,19.243,4.456,3.304,20.395,28,0.7284,0
2026-09-25 19:15:00,LINE_A,MAT_B,15.243,4.456,3.304,16.395,24,0.6831,0
2026-09-25 19:30:00,LINE_A,MAT_A,20.395,4.575,3.853,21.118,28,0.7542,0
2026-09-25 19:30:00,LINE_A,MAT_B,16.395,4.575,3.853,17.118,24,0.7132,0
2026-09-25 19:45:00,LINE_A,MAT_A,21.118,4.292,3.731,21.679,28,0.7742,0
2026-09-25 19:45:00,LINE_A,MAT_B,17.118,4.292,3.731,17.679,24,0.7366,0
2026-09-25 20:00:00,LINE_A,MAT_A,21.679,4.576,3.449,22.805,28,0.8145,0
2026-09-25 20:00:00,LINE_A,MAT_B,17.679,4.576,3.449,18.805,24,0.7836,0
2026-09-25 20:15:00,LINE_A,MAT_A,22.805,4.533,3.586,23.752,28,0.8483,0
2026-09-25 20:15:00,LINE_A,MAT_B,18.805,4.533,3.586,19.752,24,0.823,0
2026-09-25 20:30:00,LINE_A,MAT_A,23.752,5.078,3.526,24.474,28,0.8741,0
2026-09-25 20:30:00,LINE_A,MAT_B,19.752,5.078,3.526,20.474,24,0.8531,0
2026-09-25 20:45:00,LINE_A,MAT_A,24.474,4.171,3.615,24.385,28,0.8709,0
2026-09-25 20:45:00,LINE_A,MAT_B,20.474,4.171,3.615,20.385,24,0.8494,0
2026-09-25 21:00:00,LINE_A,MAT_A,24.385,3.836,3.521,24.479,28,0.8743,0
2026-09-25 21:00:00,LINE_A,MAT_B,20.385,3.836,3.521,20.479,24,0.8533,0
2026-09-25 21:15:00,LINE_A,MAT_A,24.479,3.549,3.552,24.448,28,0.8731,0
2026-09-25 21:15:00,LINE_A,MAT_B,20.479,3.549,3.552,20.448,24,0.852,0
2026-09-25 21:30:00,LINE_A,MAT_A,24.448,3.696,3.641,24.359,28,0.87,0
2026-09-25 21:30:00,LINE_A,MAT_B,20.448,3.696,3.641,20.359,24,0.8483,0
2026-09-25 21:45:00,LINE_A,MAT_A,24.359,3.548,3.689,24.218,28,0.8649,0
2026-09-25 21:45:00,LINE_A,MAT_B,20.359,3.548,3.689,20.218,24,0.8424,0
2026-09-25 22:00:00,LINE_A,MAT_A,24.218,2.709,2.692,24.235,28,0.8656,0
2026-09-25 22:00:00,LINE_A,MAT_B,20.218,2.709,2.692,20.235,24,0.8431,0
2026-09-25 22:15:00,LINE_A,MAT_A,24.235,2.881,2.839,24.278,28,0.8671,0
2026-09-25 22:15:00,LINE_A,MAT_B,20.235,2.881,2.839,20.278,24,0.8449,0
2026-09-25 22:30:00,LINE_A,MAT_A,24.278,2.915,2.791,24.401,28,0.8715,0
2026-09-25 22:30:00,LINE_A,MAT_B,20.278,2.915,2.791,20.401,24,0.85,0
2026-09-25 22:45:00,LINE_A,MAT_A,24.401,2.507,2.78,24.128,28,0.8617,0
2026-09-25 22:45:00,LINE_A,MAT_B,20.401,2.507,2.78,20.128,24,0.8387,0
2026-09-25 23:00:00,LINE_A,MAT_A,24.128,2.494,2.578,24.043,28,0.8587,0
2026-09-25 23:00:00,LINE_A,MAT_B,20.128,2.494,2.578,20.043,24,0.8351,0
2026-09-25 23:15:00,LINE_A,MAT_A,24.043,2.658,2.708,23.993,28,0.8569,0
2026-09-25 23:15:00,LINE_A,MAT_B,20.043,2.658,2.708,19.993,24,0.833,0
2026-09-25 23:30:00,LINE_A,MAT_A,23.993,2.324,2.83,23.487,28,0.8388,0
2026-09-25 23:30:00,LINE_A,MAT_B,19.993,2.324,2.83,19.487,24,0.812,0
2026-09-25 23:45:00,LINE_A,MAT_A,23.487,2.826,2.809,23.503,28,0.8394,0
2026-09-25 23:45:00,LINE_A,MAT_B,19.487,2.826,2.809,19.503,24,0.8126,0
2026-09-26 00:00:00,LINE_A,MAT_A,23.503,2.37,2.457,23.417,28,0.8363,0
2026-09-26 00:00:00,LINE_A,MAT_B,19.503,2.37,2.457,19.417,24,0.809,0
2026-09-26 00:15:00,LINE_A,MAT_A,23.417,1.893,2.382,22.927,28,0.8188,0
2026-09-26 00:15:00,LINE_A,MAT_B,19.417,1.893,2.382,18.927,24,0.7886,0
2026-09-26 00:30:00,LINE_A,MAT_A,22.927,2.351,2.16,23.119,28,0.8257,0
2026-09-26 00:30:00,LINE_A,MAT_B,18.927,2.351,2.16,19.119,24,0.7966,0
2026-09-26 00:45:00,LINE_A,MAT_A,23.119,2.325,2.112,23.331,28,0.8333,0
2026-09-26 00:45:00,LINE_A,MAT_B,19.119,2.325,2.112,19.331,24,0.8055,0
2026-09-26 01:00:00,LINE_A,MAT_A,23.331,2.47,2.318,23.484,28,0.8387,0
2026-09-26 01:00:00,LINE_A,MAT_B,19.331,2.47,2.318,19.484,24,0.8118,0
2026-09-26 01:15:00,LINE_A,MAT_A,23.484,2.208,1.918,23.773,28,0.849,0
2026-09-26 01:15:00,LINE_A,MAT_B,19.484,2.208,1.918,19.773,24,0.8239,0
2026-09-26 01:30:00,LINE_A,MAT_A,23.773,2.21,2.239,23.744,28,0.848,0
2026-09-26 01:30:00,LINE_A,MAT_B,19.773,2.21,2.239,19.744,24,0.8227,0
2026-09-26 01:45:00,LINE_A,MAT_A,23.744,2.236,2.326,23.655,28,0.8448,0
2026-09-26 01:45:00,LINE_A,MAT_B,19.744,2.236,2.326,19.655,24,0.819,0
2026-09-26 02:00:00,LINE_A,MAT_A,23.655,1.962,2.216,23.402,28,0.8358,0
2026-09-26 02:00:00,LINE_A,MAT_B,19.655,1.962,2.216,19.402,24,0.8084,0
2026-09-26 02:15:00,LINE_A,MAT_A,23.402,1.771,2.407,22.766,28,0.8131,0
2026-09-26 02:15:00,LINE_A,MAT_B,19.402,1.771,2.407,18.766,24,0.7819,0
2026-09-26 02:30:00,LINE_A,MAT_A,22.766,2.143,2.194,22.715,28,0.8113,0
2026-09-26 02:30:00,LINE_A,MAT_B,18.766,2.143,2.194,18.715,24,0.7798,0
2026-09-26 02:45:00,LINE_A,MAT_A,22.715,2.291,2.206,22.8,28,0.8143,0
2026-09-26 02:45:00,LINE_A,MAT_B,18.715,2.291,2.206,18.8,24,0.7833,0
2026-09-26 03:00:00,LINE_A,MAT_A,22.8,1.685,2.138,22.346,28,0.7981,0
2026-09-26 03:00:00,LINE_A,MAT_B,18.8,1.685,2.138,18.346,24,0.7644,0
2026-09-26 03:15:00,LINE_A,MAT_A,22.346,2.344,2.103,22.587,28,0.8067,0
2026-09-26 03:15:00,LINE_A,MAT_B,18.346,2.344,2.103,18.587,24,0.7745,0
2026-09-26 03:30:00,LINE_A,MAT_A,22.587,2.267,2.208,22.646,28,0.8088,0
2026-09-26 03:30:00,LINE_A,MAT_B,18.587,2.267,2.208,18.646,24,0.7769,0
2026-09-26 03:45:00,LINE_A,MAT_A,22.646,2.397,2.309,22.734,28,0.8119,0
2026-09-26 03:45:00,LINE_A,MAT_B,18.646,2.397,2.309,18.734,24,0.7806,0
2026-09-26 04:00:00,LINE_A,MAT_A,22.734,2.408,2.071,23.07,28,0.8239,0
2026-09-26 04:00:00,LINE_A,MAT_B,18.734,2.408,2.071,19.07,24,0.7946,0
2026-09-26 04:15:00,LINE_A,MAT_A,23.07,2.154,2.28,22.944,28,0.8194,0
2026-09-26 04:15:00,LINE_A,MAT_B,19.07,2.154,2.28,18.944,24,0.7893,0
2026-09-26 04:30:00,LINE_A,MAT_A,22.944,2.107,2.173,22.878,28,0.8171,0
2026-09-26 04:30:00,LINE_A,MAT_B,18.944,2.107,2.173,18.878,24,0.7866,0
2026-09-26 04:45:00,LINE_A,MAT_A,22.878,2.012,2.292,22.598,28,0.8071,0
2026-09-26 04:45:00,LINE_A,MAT_B,18.878,2.012,2.292,18.598,24,0.7749,0
2026-09-26 05:00:00,LINE_A,MAT_A,22.598,2.457,2.105,22.95,28,0.8196,0
2026-09-26 05:00:00,LINE_A,MAT_B,18.598,2.457,2.105,18.95,24,0.7896,0
2026-09-26 05:15:00,LINE_A,MAT_A,22.95,2.434,1.959,23.425,28,0.8366,0
2026-09-26 05:15:00,LINE_A,MAT_B,18.95,2.434,1.959,19.425,24,0.8094,0
2026-09-26 05:30:00,LINE_A,MAT_A,23.425,1.99,2.318,23.097,28,0.8249,0
2026-09-26 05:30:00,LINE_A,MAT_B,19.425,1.99,2.318,19.097,24,0.7957,0
2026-09-26 05:45:00,LINE_A,MAT_A,23.097,2.146,2.294,22.949,28,0.8196,0
2026-09-26 05:45:00,LINE_A,MAT_B,19.097,2.146,2.294,18.949,24,0.7895,0
2026-09-26 06:00:00,LINE_A,MAT_A,22.949,2.914,2.737,23.125,28,0.8259,0
2026-09-26 06:00:00,LINE_A,MAT_B,18.949,2.914,2.737,19.125,24,0.7969,0
2026-09-26 06:15:00,LINE_A,MAT_A,23.125,2.853,2.839,23.14,28,0.8264,0
2026-09-26 06:15:00,LINE_A,MAT_B,19.125,2.853,2.839,19.14,24,0.7975,0
2026-09-26 06:30:00,LINE_A,MAT_A,23.14,2.417,2.843,22.714,28,0.8112,0
2026-09-26 06:30:00,LINE_A,MAT_B,19.14,2.417,2.843,18.714,24,0.7797,0
2026-09-26 06:45:00,LINE_A,MAT_A,22.714,3.011,2.696,23.028,28,0.8224,0
2026-09-26 06:45:00,LINE_A,MAT_B,18.714,3.011,2.696,19.028,24,0.7929,0
2026-09-26 07:00:00,LINE_A,MAT_A,23.028,2.479,2.555,22.953,28,0.8197,0
2026-09-26 07:00:00,LINE_A,MAT_B,19.028,2.479,2.555,18.953,24,0.7897,0
2026-09-26 07:15:00,LINE_A,MAT_A,22.953,2.814,2.774,22.993,28,0.8212,0
2026-09-26 07:15:00,LINE_A,MAT_B,18.953,2.814,2.774,18.993,24,0.7914,0
2026-09-26 07:30:00,LINE_A,MAT_A,22.993,3.019,2.909,23.103,28,0.8251,0
2026-09-26 07:30:00,LINE_A,MAT_B,18.993,3.019,2.909,19.103,24,0.796,0
2026-09-26 07:45:00,LINE_A,MAT_A,23.103,2.832,2.857,23.078,28,0.8242,0
2026-09-26 07:45:00,LINE_A,MAT_B,19.103,2.832,2.857,19.078,24,0.7949,0
2026-09-26 08:00:00,LINE_A,MAT_A,23.078,2.638,2.867,22.849,28,0.816,0
2026-09-26 08:00:00,LINE_A,MAT_B,19.078,2.638,2.867,18.849,24,0.7854,0
2026-09-26 08:15:00,LINE_A,MAT_A,22.849,2.69,2.908,22.632,28,0.8083,0
2026-09-26 08:15:00,LINE_A,MAT_B,18.849,2.69,2.908,18.632,24,0.7763,0
2026-09-26 08:30:00,LINE_A,MAT_A,22.632,3.265,2.565,23.331,28,0.8333,0
2026-09-26 08:30:00,LINE_A,MAT_B,18.632,3.265,2.565,19.331,24,0.8055,0
2026-09-26 08:45:00,LINE_A,MAT_A,23.331,2.872,2.848,23.356,28,0.8341,0
2026-09-26 08:45:00,LINE_A,MAT_B,19.331,2.872,2.848,19.356,24,0.8065,0
2026-09-26 09:00:00,LINE_A,MAT_A,23.356,2.548,3.121,22.783,28,0.8137,0
2026-09-26 09:00:00,LINE_A,MAT_B,19.356,2.548,3.121,18.783,24,0.7826,0
2026-09-26 09:15:00,LINE_A,MAT_A,22.783,2.565,2.987,22.36,28,0.7986,0
2026-09-26 09:15:00,LINE_A,MAT_B,18.783,2.565,2.987,18.36,24,0.765,0
2026-09-26 09:30:00,LINE_A,MAT_A,22.36,2.834,2.996,22.198,28,0.7928,0
2026-09-26 09:30:00,LINE_A,MAT_B,18.36,2.834,2.996,18.198,24,0.7582,0
2026-09-26 09:45:00,LINE_A,MAT_A,22.198,2.561,2.704,22.055,28,0.7877,0
2026-09-26 09:45:00,LINE_A,MAT_B,18.198,2.561,2.704,18.055,24,0.7523,0
2026-09-26 10:00:00,LINE_A,MAT_A,22.055,3.002,2.983,22.074,28,0.7883,0
2026-09-26 10:00:00,LINE_A,MAT_B,18.055,3.002,2.983,18.074,24,0.7531,0
2026-09-26 10:15:00,LINE_A,MAT_A,22.074,2.729,2.825,21.978,28,0.7849,0
2026-09-26 10:15:00,LINE_A,MAT_B,18.074,2.729,2.825,17.978,24,0.7491,0
2026-09-26 10:30:00,LINE_A,MAT_A,21.978,2.797,2.937,21.838,28,0.7799,0
2026-09-26 10:30:00,LINE_A,MAT_B,17.978,2.797,2.937,17.838,24,0.7432,0
2026-09-26 10:45:00,LINE_A,MAT_A,21.838,2.918,2.896,21.859,28,0.7807,0
2026-09-26 10:45:00,LINE_A,MAT_B,17.838,2.918,2.896,17.859,24,0.7441,0
2026-09-26 11:00:00,LINE_A,MAT_A,21.859,3.185,2.853,22.191,28,0.7926,0
2026-09-26 11:00:00,LINE_A,MAT_B,17.859,3.185,2.853,18.191,24,0.758,0
2026-09-26 11:15:00,LINE_A,MAT_A,22.191,2.797,2.658,22.33,28,0.7975,0
2026-09-26 11:15:00,LINE_A,MAT_B,18.191,2.797,2.658,18.33,24,0.7638,0
2026-09-26 11:30:00,LINE_A,MAT_A,22.33,2.507,2.708,22.129,28,0.7903,0
2026-09-26 11:30:00,LINE_A,MAT_B,18.33,2.507,2.708,18.129,24,0.7554,0
2026-09-26 11:45:00,LINE_A,MAT_A,22.129,2.193,2.476,21.846,28,0.7802,0
2026-09-26 11:45:00,LINE_A,MAT_B,18.129,2.193,2.476,17.846,24,0.7436,0
2026-09-26 12:00:00,LINE_A,MAT_A,21.846,3.188,2.778,22.256,28,0.7949,0
2026-09-26 12:00:00,LINE_A,MAT_B,17.846,3.188,2.778,18.256,24,0.7607,0
2026-09-26 12:15:00,LINE_A,MAT_A,22.256,2.385,3.083,21.558,28,0.7699,0
2026-09-26 12:15:00,LINE_A,MAT_B,18.256,2.385,3.083,17.558,24,0.7316,0
2026-09-26 12:30:00,LINE_A,MAT_A,21.558,2.871,3.064,21.365,28,0.763,0
2026-09-26 12:30:00,LINE_A,MAT_B,17.558,2.871,3.064,17.365,24,0.7235,0
2026-09-26 12:45:00,LINE_A,MAT_A,21.365,2.882,2.933,21.313,28,0.7612,0
2026-09-26 12:45:00,LINE_A,MAT_B,17.365,2.882,2.933,17.313,24,0.7214,0
2026-09-26 13:00:00,LINE_A,MAT_A,21.313,2.992,3.0,21.305,28,0.7609,0
2026-09-26 13:00:00,LINE_A,MAT_B,17.313,2.992,3.0,17.305,24,0.721,0
2026-09-26 13:15:00,LINE_A,MAT_A,21.305,2.806,3.044,21.067,28,0.7524,0
2026-09-26 13:15:00,LINE_A,MAT_B,17.305,2.806,3.044,17.067,24,0.7111,0
2026-09-26 13:30:00,LINE_A,MAT_A,21.067,2.828,2.918,20.977,28,0.7492,0
2026-09-26 13:30:00,LINE_A,MAT_B,17.067,2.828,2.918,16.977,24,0.7074,0
2026-09-26 13:45:00,LINE_A,MAT_A,20.977,3.226,3.043,21.16,28,0.7557,0
2026-09-26 13:45:00,LINE_A,MAT_B,16.977,3.226,3.043,17.16,24,0.715,0
2026-09-26 14:00:00,LINE_A,MAT_A,21.16,3.004,3.292,20.871,28,0.7454,0
2026-09-26 14:00:00,LINE_A,MAT_B,17.16,3.004,3.292,16.871,24,0.703,0
2026-09-26 14:15:00,LINE_A,MAT_A,20.871,3.057,3.292,20.636,28,0.737,0
2026-09-26 14:15:00,LINE_A,MAT_B,16.871,3.057,3.292,16.636,24,0.6932,0
2026-09-26 14:30:00,LINE_A,MAT_A,20.636,2.986,2.629,20.994,28,0.7498,0
2026-09-26 14:30:00,LINE_A,MAT_B,16.636,2.986,2.629,16.994,24,0.7081,0
2026-09-26 14:45:00,LINE_A,MAT_A,20.994,3.054,3.298,20.75,28,0.7411,0
2026-09-26 14:45:00,LINE_A,MAT_B,16.994,3.054,3.298,16.75,24,0.6979,0
2026-09-26 15:00:00,LINE_A,MAT_A,20.75,3.168,2.939,20.979,28,0.7493,0
2026-09-26 15:00:00,LINE_A,MAT_B,16.75,3.168,2.939,16.979,24,0.7075,0
2026-09-26 15:15:00,LINE_A,MAT_A,20.979,3.038,3.086,20.93,28,0.7475,0
2026-09-26 15:15:00,LINE_A,MAT_B,16.979,3.038,3.086,16.93,24,0.7054,0
2026-09-26 15:30:00,LINE_A,MAT_A,20.93,3.145,3.277,20.799,28,0.7428,0
2026-09-26 15:30:00,LINE_A,MAT_B,16.93,3.145,3.277,16.799,24,0.7,0
2026-09-26 15:45:00,LINE_A,MAT_A,20.799,3.193,3.311,20.681,28,0.7386,0
2026-09-26 15:45:00,LINE_A,MAT_B,16.799,3.193,3.311,16.681,24,0.695,0
2026-09-26 16:00:00,LINE_A,MAT_A,20.681,3.249,3.176,20.754,28,0.7412,0
2026-09-26 16:00:00,LINE_A,MAT_B,16.681,3.249,3.176,16.754,24,0.6981,0
2026-09-26 16:15:00,LINE_A,MAT_A,20.754,3.349,2.934,21.17,28,0.7561,0
2026-09-26 16:15:00,LINE_A,MAT_B,16.754,3.349,2.934,17.17,24,0.7154,0
2026-09-26 16:30:00,LINE_A,MAT_A,21.17,3.39,3.092,21.468,28,0.7667,0
2026-09-26 16:30:00,LINE_A,MAT_B,17.17,3.39,3.092,17.468,24,0.7278,0
2026-09-26 16:45:00,LINE_A,MAT_A,21.468,3.226,3.034,21.66,28,0.7736,0
2026-09-26 16:45:00,LINE_A,MAT_B,17.468,3.226,3.034,17.66,24,0.7358,0
2026-09-26 17:00:00,LINE_A,MAT_A,21.66,2.945,3.001,21.604,28,0.7716,0
2026-09-26 17:00:00,LINE_A,MAT_B,17.66,2.945,3.001,17.604,24,0.7335,0
2026-09-26 17:15:00,LINE_A,MAT_A,21.604,3.152,3.098,21.658,28,0.7735,0
2026-09-26 17:15:00,LINE_A,MAT_B,17.604,3.152,3.098,17.658,24,0.7357,0
2026-09-26 17:30:00,LINE_A,MAT_A,21.658,2.868,2.793,21.733,28,0.7762,0
2026-09-26 17:30:00,LINE_A,MAT_B,17.658,2.868,2.793,17.733,24,0.7389,0
2026-09-26 17:45:00,LINE_A,MAT_A,21.733,3.122,2.849,22.005,28,0.7859,0
2026-09-26 17:45:00,LINE_A,MAT_B,17.733,3.122,2.849,18.005,24,0.7502,0
2026-09-26 18:00:00,LINE_A,MAT_A,22.005,2.992,3.055,21.942,28,0.7836,0
2026-09-26 18:00:00,LINE_A,MAT_B,18.005,2.992,3.055,17.942,24,0.7476,0
2026-09-26 18:15:00,LINE_A,MAT_A,21.942,3.045,2.952,22.035,28,0.7869,0
2026-09-26 18:15:00,LINE_A,MAT_B,17.942,3.045,2.952,18.035,24,0.7514,0
2026-09-26 18:30:00,LINE_A,MAT_A,22.035,2.754,2.934,21.855,28,0.7805,0
2026-09-26 18:30:00,LINE_A,MAT_B,18.035,2.754,2.934,17.855,24,0.7439,0
2026-09-26 18:45:00,LINE_A,MAT_A,21.855,3.047,3.045,21.856,28,0.7806,0
2026-09-26 18:45:00,LINE_A,MAT_B,17.855,3.047,3.045,17.856,24,0.744,0
2026-09-26 19:00:00,LINE_A,MAT_A,21.856,2.699,2.32,22.235,28,0.7941,0
2026-09-26 19:00:00,LINE_A,MAT_B,17.856,2.699,2.32,18.235,24,0.7598,0
2026-09-26 19:15:00,LINE_A,MAT_A,22.235,2.26,2.483,22.012,28,0.7862,0
2026-09-26 19:15:00,LINE_A,MAT_B,18.235,2.26,2.483,18.012,24,0.7505,0
2026-09-26 19:30:00,LINE_A,MAT_A,22.012,2.644,2.975,21.682,28,0.7744,0
2026-09-26 19:30:00,LINE_A,MAT_B,18.012,2.644,2.975,17.682,24,0.7367,0
2026-09-26 19:45:00,LINE_A,MAT_A,21.682,3.045,2.953,21.774,28,0.7776,0
2026-09-26 19:45:00,LINE_A,MAT_B,17.682,3.045,2.953,17.774,24,0.7406,0
2026-09-26 20:00:00,LINE_A,MAT_A,21.774,3.427,2.904,22.297,28,0.7963,0
2026-09-26 20:00:00,LINE_A,MAT_B,17.774,3.427,2.904,18.297,24,0.7624,0
2026-09-26 20:15:00,LINE_A,MAT_A,22.297,2.874,2.862,22.309,28,0.7967,0
2026-09-26 20:15:00,LINE_A,MAT_B,18.297,2.874,2.862,18.309,24,0.7629,0
2026-09-26 20:30:00,LINE_A,MAT_A,22.309,2.561,3.131,21.74,28,0.7764,0
2026-09-26 20:30:00,LINE_A,MAT_B,18.309,2.561,3.131,17.74,24,0.7391,0
2026-09-26 20:45:00,LINE_A,MAT_A,21.74,2.813,2.965,21.587,28,0.771,0
2026-09-26 20:45:00,LINE_A,MAT_B,17.74,2.813,2.965,17.587,24,0.7328,0
2026-09-26 21:00:00,LINE_A,MAT_A,21.587,2.886,2.765,21.708,28,0.7753,0
2026-09-26 21:00:00,LINE_A,MAT_B,17.587,2.886,2.765,17.708,24,0.7378,0
2026-09-26 21:15:00,LINE_A,MAT_A,21.708,2.889,2.678,21.919,28,0.7828,0
2026-09-26 21:15:00,LINE_A,MAT_B,17.708,2.889,2.678,17.919,24,0.7466,0
2026-09-26 21:30:00,LINE_A,MAT_A,21.919,2.813,2.732,21.999,28,0.7857,0
2026-09-26 21:30:00,LINE_A,MAT_B,17.919,2.813,2.732,17.999,24,0.75,0
2026-09-26 21:45:00,LINE_A,MAT_A,21.999,2.732,2.94,21.792,28,0.7783,0
2026-09-26 21:45:00,LINE_A,MAT_B,17.999,2.732,2.94,17.792,24,0.7413,0
2026-09-26 22:00:00,LINE_A,MAT_A,21.792,2.292,2.156,21.928,28,0.7831,0
2026-09-26 22:00:00,LINE_A,MAT_B,17.792,2.292,2.156,17.928,24,0.747,0
2026-09-26 22:15:00,LINE_A,MAT_A,21.928,1.924,2.208,21.643,28,0.773,0
2026-09-26 22:15:00,LINE_A,MAT_B,17.928,1.924,2.208,17.643,24,0.7351,0
2026-09-26 22:30:00,LINE_A,MAT_A,21.643,2.291,2.128,21.806,28,0.7788,0
2026-09-26 22:30:00,LINE_A,MAT_B,17.643,2.291,2.128,17.806,24,0.7419,0
2026-09-26 22:45:00,LINE_A,MAT_A,21.806,2.184,2.336,21.653,28,0.7733,0
2026-09-26 22:45:00,LINE_A,MAT_B,17.806,2.184,2.336,17.653,24,0.7356,0
2026-09-26 23:00:00,LINE_A,MAT_A,21.653,2.021,2.314,21.361,28,0.7629,0
2026-09-26 23:00:00,LINE_A,MAT_B,17.653,2.021,2.314,17.361,24,0.7234,0
2026-09-26 23:15:00,LINE_A,MAT_A,21.361,2.206,2.216,21.351,28,0.7625,0
2026-09-26 23:15:00,LINE_A,MAT_B,17.361,2.206,2.216,17.351,24,0.723,0
2026-09-26 23:30:00,LINE_A,MAT_A,21.351,2.507,2.126,21.733,28,0.7762,0
2026-09-26 23:30:00,LINE_A,MAT_B,17.351,2.507,2.126,17.733,24,0.7389,0
2026-09-26 23:45:00,LINE_A,MAT_A,21.733,1.93,2.049,21.614,28,0.7719,0
2026-09-26 23:45:00,LINE_A,MAT_B,17.733,1.93,2.049,17.614,24,0.7339,0
2026-09-27 00:00:00,LINE_A,MAT_A,21.614,2.421,2.193,21.841,28,0.78,0
2026-09-27 00:00:00,LINE_A,MAT_B,17.614,2.421,2.193,17.841,24,0.7434,0
2026-09-27 00:15:00,LINE_A,MAT_A,21.841,2.467,2.296,22.012,28,0.7861,0
2026-09-27 00:15:00,LINE_A,MAT_B,17.841,2.467,2.296,18.012,24,0.7505,0
2026-09-27 00:30:00,LINE_A,MAT_A,22.012,2.341,2.249,22.104,28,0.7894,0
2026-09-27 00:30:00,LINE_A,MAT_B,18.012,2.341,2.249,18.104,24,0.7543,0
2026-09-27 00:45:00,LINE_A,MAT_A,22.104,2.011,2.295,21.82,28,0.7793,0
2026-09-27 00:45:00,LINE_A,MAT_B,18.104,2.011,2.295,17.82,24,0.7425,0
2026-09-27 01:00:00,LINE_A,MAT_A,21.82,2.456,2.257,22.018,28,0.7864,0
2026-09-27 01:00:00,LINE_A,MAT_B,17.82,2.456,2.257,18.018,24,0.7508,0
2026-09-27 01:15:00,LINE_A,MAT_A,22.018,2.403,2.224,22.197,28,0.7928,0
2026-09-27 01:15:00,LINE_A,MAT_B,18.018,2.403,2.224,18.197,24,0.7582,0
2026-09-27 01:30:00,LINE_A,MAT_A,22.197,2.224,2.06,22.361,28,0.7986,0
2026-09-27 01:30:00,LINE_A,MAT_B,18.197,2.224,2.06,18.361,24,0.765,0
2026-09-27 01:45:00,LINE_A,MAT_A,22.361,2.396,2.188,22.569,28,0.806,0
2026-09-27 01:45:00,LINE_A,MAT_B,18.361,2.396,2.188,18.569,24,0.7737,0
2026-09-27 02:00:00,LINE_A,MAT_A,22.569,2.107,2.336,22.341,28,0.7979,0
2026-09-27 02:00:00,LINE_A,MAT_B,18.569,2.107,2.336,18.341,24,0.7642,0
2026-09-27 02:15:00,LINE_A,MAT_A,22.341,2.025,2.185,22.181,28,0.7922,0
2026-09-27 02:15:00,LINE_A,MAT_B,18.341,2.025,2.185,18.181,24,0.7575,0
2026-09-27 02:30:00,LINE_A,MAT_A,22.181,2.173,2.248,22.106,28,0.7895,0
2026-09-27 02:30:00,LINE_A,MAT_B,18.181,2.173,2.248,18.106,24,0.7544,0
2026-09-27 02:45:00,LINE_A,MAT_A,22.106,2.318,2.168,22.255,28,0.7948,0
2026-09-27 02:45:00,LINE_A,MAT_B,18.106,2.318,2.168,18.255,24,0.7606,0
2026-09-27 03:00:00,LINE_A,MAT_A,22.255,2.02,2.303,21.973,28,0.7847,0
2026-09-27 03:00:00,LINE_A,MAT_B,18.255,2.02,2.303,17.973,24,0.7489,0
2026-09-27 03:15:00,LINE_A,MAT_A,21.973,1.999,2.062,21.909,28,0.7825,0
2026-09-27 03:15:00,LINE_A,MAT_B,17.973,1.999,2.062,17.909,24,0.7462,0
2026-09-27 03:30:00,LINE_A,MAT_A,21.909,2.267,2.299,21.877,28,0.7813,0
2026-09-27 03:30:00,LINE_A,MAT_B,17.909,2.267,2.299,17.877,24,0.7449,0
2026-09-27 03:45:00,LINE_A,MAT_A,21.877,2.207,2.023,22.062,28,0.7879,0
2026-09-27 03:45:00,LINE_A,MAT_B,17.877,2.207,2.023,18.062,24,0.7526,0
2026-09-27 04:00:00,LINE_A,MAT_A,22.062,2.163,2.291,21.934,28,0.7834,0
2026-09-27 04:00:00,LINE_A,MAT_B,18.062,2.163,2.291,17.934,24,0.7473,0
2026-09-27 04:15:00,LINE_A,MAT_A,21.934,2.686,2.099,22.521,28,0.8043,0
2026-09-27 04:15:00,LINE_A,MAT_B,17.934,2.686,2.099,18.521,24,0.7717,0
2026-09-27 04:30:00,LINE_A,MAT_A,22.521,2.151,2.392,22.279,28,0.7957,0
2026-09-27 04:30:00,LINE_A,MAT_B,18.521,2.151,2.392,18.279,24,0.7616,0
2026-09-27 04:45:00,LINE_A,MAT_A,22.279,2.419,2.081,22.617,28,0.8078,0
2026-09-27 04:45:00,LINE_A,MAT_B,18.279,2.419,2.081,18.617,24,0.7757,0
2026-09-27 05:00:00,LINE_A,MAT_A,22.617,2.484,2.446,22.655,28,0.8091,0
2026-09-27 05:00:00,LINE_A,MAT_B,18.617,2.484,2.446,18.655,24,0.7773,0
2026-09-27 05:15:00,LINE_A,MAT_A,22.655,2.347,2.202,22.8,28,0.8143,0
2026-09-27 05:15:00,LINE_A,MAT_B,18.655,2.347,2.202,18.8,24,0.7833,0
2026-09-27 05:30:00,LINE_A,MAT_A,22.8,2.313,2.224,22.889,28,0.8175,0
2026-09-27 05:30:00,LINE_A,MAT_B,18.8,2.313,2.224,18.889,24,0.787,0
2026-09-27 05:45:00,LINE_A,MAT_A,22.889,2.144,2.435,22.598,28,0.8071,0
2026-09-27 05:45:00,LINE_A,MAT_B,18.889,2.144,2.435,18.598,24,0.7749,0
2026-09-27 06:00:00,LINE_A,MAT_A,22.598,2.701,2.779,22.52,28,0.8043,0
2026-09-27 06:00:00,LINE_A,MAT_B,18.598,2.701,2.779,18.52,24,0.7717,0
2026-09-27 06:15:00,LINE_A,MAT_A,22.52,2.853,2.815,22.558,28,0.8056,0
2026-09-27 06:15:00,LINE_A,MAT_B,18.52,2.853,2.815,18.558,24,0.7733,0
2026-09-27 06:30:00,LINE_A,MAT_A,22.558,2.582,2.833,22.307,28,0.7967,0
2026-09-27 06:30:00,LINE_A,MAT_B,18.558,2.582,2.833,18.307,24,0.7628,0
2026-09-27 06:45:00,LINE_A,MAT_A,22.307,2.641,2.789,22.158,28,0.7914,0
2026-09-27 06:45:00,LINE_A,MAT_B,18.307,2.641,2.789,18.158,24,0.7566,0
2026-09-27 07:00:00,LINE_A,MAT_A,22.158,2.555,2.549,22.164,28,0.7916,0
2026-09-27 07:00:00,LINE_A,MAT_B,18.158,2.555,2.549,18.164,24,0.7569,0
2026-09-27 07:15:00,LINE_A,MAT_A,22.164,3.133,2.765,22.533,28,0.8047,0
2026-09-27 07:15:00,LINE_A,MAT_B,18.164,3.133,2.765,18.533,24,0.7722,0
2026-09-27 07:30:00,LINE_A,MAT_A,22.533,2.575,2.855,22.253,28,0.7948,0
2026-09-27 07:30:00,LINE_A,MAT_B,18.533,2.575,2.855,18.253,24,0.7606,0
2026-09-27 07:45:00,LINE_A,MAT_A,22.253,2.672,2.76,22.165,28,0.7916,0
2026-09-27 07:45:00,LINE_A,MAT_B,18.253,2.672,2.76,18.165,24,0.7569,0
2026-09-27 08:00:00,LINE_A,MAT_A,22.165,2.776,2.979,21.962,28,0.7844,0
2026-09-27 08:00:00,LINE_A,MAT_B,18.165,2.776,2.979,17.962,24,0.7484,0
2026-09-27 08:15:00,LINE_A,MAT_A,21.962,2.792,2.683,22.072,28,0.7883,0
2026-09-27 08:15:00,LINE_A,MAT_B,17.962,2.792,2.683,18.072,24,0.753,0
2026-09-27 08:30:00,LINE_A,MAT_A,22.072,2.838,2.859,22.05,28,0.7875,0
2026-09-27 08:30:00,LINE_A,MAT_B,18.072,2.838,2.859,18.05,24,0.7521,0
2026-09-27 08:45:00,LINE_A,MAT_A,22.05,2.788,2.791,22.047,28,0.7874,0
2026-09-27 08:45:00,LINE_A,MAT_B,18.05,2.788,2.791,18.047,24,0.752,0
2026-09-27 09:00:00,LINE_A,MAT_A,22.047,2.695,2.815,21.927,28,0.7831,0
2026-09-27 09:00:00,LINE_A,MAT_B,18.047,2.695,2.815,17.927,24,0.7469,0
2026-09-27 09:15:00,LINE_A,MAT_A,21.927,2.931,2.883,21.975,28,0.7848,0
2026-09-27 09:15:00,LINE_A,MAT_B,17.927,2.931,2.883,17.975,24,0.749,0
2026-09-27 09:30:00,LINE_A,MAT_A,21.975,3.127,2.936,22.166,28,0.7916,0
2026-09-27 09:30:00,LINE_A,MAT_B,17.975,3.127,2.936,18.166,24,0.7569,0
2026-09-27 09:45:00,LINE_A,MAT_A,22.166,2.745,3.194,21.717,28,0.7756,0
2026-09-27 09:45:00,LINE_A,MAT_B,18.166,2.745,3.194,17.717,24,0.7382,0
2026-09-27 10:00:00,LINE_A,MAT_A,21.717,2.686,3.029,21.374,28,0.7634,0
2026-09-27 10:00:00,LINE_A,MAT_B,17.717,2.686,3.029,17.374,24,0.7239,0
2026-09-27 10:15:00,LINE_A,MAT_A,21.374,3.032,2.89,21.517,28,0.7684,0
2026-09-27 10:15:00,LINE_A,MAT_B,17.374,3.032,2.89,17.517,24,0.7299,0
2026-09-27 10:30:00,LINE_A,MAT_A,21.517,3.017,3.041,21.492,28,0.7676,0
2026-09-27 10:30:00,LINE_A,MAT_B,17.517,3.017,3.041,17.492,24,0.7289,0
2026-09-27 10:45:00,LINE_A,MAT_A,21.492,2.936,2.932,21.496,28,0.7677,0
2026-09-27 10:45:00,LINE_A,MAT_B,17.492,2.936,2.932,17.496,24,0.729,0
2026-09-27 11:00:00,LINE_A,MAT_A,21.496,2.83,2.716,21.61,28,0.7718,0
2026-09-27 11:00:00,LINE_A,MAT_B,17.496,2.83,2.716,17.61,24,0.7338,0
2026-09-27 11:15:00,LINE_A,MAT_A,21.61,2.843,2.88,21.573,28,0.7705,0
2026-09-27 11:15:00,LINE_A,MAT_B,17.61,2.843,2.88,17.573,24,0.7322,0
2026-09-27 11:30:00,LINE_A,MAT_A,21.573,2.761,2.536,21.798,28,0.7785,0
2026-09-27 11:30:00,LINE_A,MAT_B,17.573,2.761,2.536,17.798,24,0.7416,0
2026-09-27 11:45:00,LINE_A,MAT_A,21.798,2.825,2.713,21.911,28,0.7825,0
2026-09-27 11:45:00,LINE_A,MAT_B,17.798,2.825,2.713,17.911,24,0.7463,0
2026-09-27 12:00:00,LINE_A,MAT_A,21.911,3.2,2.96,22.151,28,0.7911,0
2026-09-27 12:00:00,LINE_A,MAT_B,17.911,3.2,2.96,18.151,24,0.7563,0
2026-09-27 12:15:00,LINE_A,MAT_A,22.151,3.312,2.873,22.59,28,0.8068,0
2026-09-27 12:15:00,LINE_A,MAT_B,18.151,3.312,2.873,18.59,24,0.7746,0
2026-09-27 12:30:00,LINE_A,MAT_A,22.59,2.743,2.989,22.344,28,0.798,0
2026-09-27 12:30:00,LINE_A,MAT_B,18.59,2.743,2.989,18.344,24,0.7643,0
2026-09-27 12:45:00,LINE_A,MAT_A,22.344,2.827,3.095,22.076,28,0.7884,0
2026-09-27 12:45:00,LINE_A,MAT_B,18.344,2.827,3.095,18.076,24,0.7532,0
2026-09-27 13:00:00,LINE_A,MAT_A,22.076,2.916,3.315,21.677,28,0.7742,0
2026-09-27 13:00:00,LINE_A,MAT_B,18.076,2.916,3.315,17.677,24,0.7365,0
2026-09-27 13:15:00,LINE_A,MAT_A,21.677,2.981,2.916,21.742,28,0.7765,0
2026-09-27 13:15:00,LINE_A,MAT_B,17.677,2.981,2.916,17.742,24,0.7392,0
2026-09-27 13:30:00,LINE_A,MAT_A,21.742,3.148,2.772,22.118,28,0.7899,0
2026-09-27 13:30:00,LINE_A,MAT_B,17.742,3.148,2.772,18.118,24,0.7549,0
2026-09-27 13:45:00,LINE_A,MAT_A,22.118,3.005,3.035,22.088,28,0.7889,0
2026-09-27 13:45:00,LINE_A,MAT_B,18.118,3.005,3.035,18.088,24,0.7537,0
2026-09-27 14:00:00,LINE_A,MAT_A,22.088,2.972,3.174,21.886,28,0.7816,0
2026-09-27 14:00:00,LINE_A,MAT_B,18.088,2.972,3.174,17.886,24,0.7453,0
2026-09-27 14:15:00,LINE_A,MAT_A,21.886,3.238,3.233,21.891,28,0.7818,0
2026-09-27 14:15:00,LINE_A,MAT_B,17.886,3.238,3.233,17.891,24,0.7454,0
2026-09-27 14:30:00,LINE_A,MAT_A,21.891,2.888,3.233,21.547,28,0.7695,0
2026-09-27 14:30:00,LINE_A,MAT_B,17.891,2.888,3.233,17.547,24,0.7311,0
2026-09-27 14:45:00,LINE_A,MAT_A,21.547,2.981,3.194,21.334,28,0.7619,0
2026-09-27 14:45:00,LINE_A,MAT_B,17.547,2.981,3.194,17.334,24,0.7223,0
2026-09-27 15:00:00,LINE_A,MAT_A,21.334,2.867,3.237,20.964,28,0.7487,0
2026-09-27 15:00:00,LINE_A,MAT_B,17.334,2.867,3.237,16.964,24,0.7068,0
2026-09-27 15:15:00,LINE_A,MAT_A,20.964,3.196,3.478,20.683,28,0.7387,0
2026-09-27 15:15:00,LINE_A,MAT_B,16.964,3.196,3.478,16.683,24,0.6951,0
2026-09-27 15:30:00,LINE_A,MAT_A,20.683,4.53,3.209,22.004,28,0.7859,0
2026-09-27 15:30:00,LINE_A,MAT_B,16.683,4.53,3.209,18.004,24,0.7502,0
2026-09-27 15:45:00,LINE_A,MAT_A,22.004,4.13,2.95,23.184,28,0.828,0
2026-09-27 15:45:00,LINE_A,MAT_B,18.004,4.13,2.95,19.184,24,0.7993,0
2026-09-27 16:00:00,LINE_A,MAT_A,23.184,3.209,3.151,23.241,28,0.83,0
2026-09-27 16:00:00,LINE_A,MAT_B,19.184,3.209,3.151,19.241,24,0.8017,0
2026-09-27 16:15:00,LINE_A,MAT_A,23.241,3.22,3.08,23.382,28,0.8351,0
2026-09-27 16:15:00,LINE_A,MAT_B,19.241,3.22,3.08,19.382,24,0.8076,0
2026-09-27 16:30:00,LINE_A,MAT_A,23.382,3.131,2.848,23.665,28,0.8452,0
2026-09-27 16:30:00,LINE_A,MAT_B,19.382,3.131,2.848,19.665,24,0.8194,0
2026-09-27 16:45:00,LINE_A,MAT_A,23.665,3.118,3.077,23.707,28,0.8467,0
2026-09-27 16:45:00,LINE_A,MAT_B,19.665,3.118,3.077,19.707,24,0.8211,0
2026-09-27 17:00:00,LINE_A,MAT_A,23.707,2.96,2.876,23.791,28,0.8497,0
2026-09-27 17:00:00,LINE_A,MAT_B,19.707,2.96,2.876,19.791,24,0.8246,0
2026-09-27 17:15:00,LINE_A,MAT_A,23.791,2.814,3.016,23.589,28,0.8425,0
2026-09-27 17:15:00,LINE_A,MAT_B,19.791,2.814,3.016,19.589,24,0.8162,0
2026-09-27 17:30:00,LINE_A,MAT_A,23.589,3.097,3.038,23.647,28,0.8445,0
2026-09-27 17:30:00,LINE_A,MAT_B,19.589,3.097,3.038,19.647,24,0.8186,0
2026-09-27 17:45:00,LINE_A,MAT_A,23.647,3.145,3.028,23.764,28,0.8487,0
2026-09-27 17:45:00,LINE_A,MAT_B,19.647,3.145,3.028,19.764,24,0.8235,0
2026-09-27 18:00:00,LINE_A,MAT_A,23.764,2.677,3.26,23.181,28,0.8279,0
2026-09-27 18:00:00,LINE_A,MAT_B,19.764,2.677,3.26,19.181,24,0.7992,0
2026-09-27 18:15:00,LINE_A,MAT_A,23.181,2.946,2.943,23.185,28,0.828,0
2026-09-27 18:15:00,LINE_A,MAT_B,19.181,2.946,2.943,19.185,24,0.7994,0
2026-09-27 18:30:00,LINE_A,MAT_A,23.185,2.895,3.239,22.841,28,0.8157,0
2026-09-27 18:30:00,LINE_A,MAT_B,19.185,2.895,3.239,18.841,24,0.785,0
2026-09-27 18:45:00,LINE_A,MAT_A,22.841,2.894,2.817,22.918,28,0.8185,0
2026-09-27 18:45:00,LINE_A,MAT_B,18.841,2.894,2.817,18.918,24,0.7883,0
2026-09-27 19:00:00,LINE_A,MAT_A,22.918,2.497,2.58,22.835,28,0.8155,0
2026-09-27 19:00:00,LINE_A,MAT_B,18.918,2.497,2.58,18.835,24,0.7848,0
2026-09-27 19:15:00,LINE_A,MAT_A,22.835,2.74,2.554,23.021,28,0.8222,0
2026-09-27 19:15:00,LINE_A,MAT_B,18.835,2.74,2.554,19.021,24,0.7925,0
2026-09-27 19:30:00,LINE_A,MAT_A,23.021,2.963,3.02,22.964,28,0.8201,0
2026-09-27 19:30:00,LINE_A,MAT_B,19.021,2.963,3.02,18.964,24,0.7902,0
2026-09-27 19:45:00,LINE_A,MAT_A,22.964,2.453,2.825,22.591,28,0.8068,0
2026-09-27 19:45:00,LINE_A,MAT_B,18.964,2.453,2.825,18.591,24,0.7746,0
2026-09-27 20:00:00,LINE_A,MAT_A,22.591,2.653,3.028,22.217,28,0.7935,0
2026-09-27 20:00:00,LINE_A,MAT_B,18.591,2.653,3.028,18.217,24,0.759,0
2026-09-27 20:15:00,LINE_A,MAT_A,22.217,2.758,3.072,21.902,28,0.7822,0
2026-09-27 20:15:00,LINE_A,MAT_B,18.217,2.758,3.072,17.902,24,0.7459,0
2026-09-27 20:30:00,LINE_A,MAT_A,21.902,3.037,2.928,22.011,28,0.7861,0
2026-09-27 20:30:00,LINE_A,MAT_B,17.902,3.037,2.928,18.011,24,0.7505,0
2026-09-27 20:45:00,LINE_A,MAT_A,22.011,3.177,2.957,22.231,28,0.794,0
2026-09-27 20:45:00,LINE_A,MAT_B,18.011,3.177,2.957,18.231,24,0.7596,0
2026-09-27 21:00:00,LINE_A,MAT_A,22.231,2.944,2.872,22.303,28,0.7965,0
2026-09-27 21:00:00,LINE_A,MAT_B,18.231,2.944,2.872,18.303,24,0.7626,0
2026-09-27 21:15:00,LINE_A,MAT_A,22.303,2.55,2.929,21.924,28,0.783,0
2026-09-27 21:15:00,LINE_A,MAT_B,18.303,2.55,2.929,17.924,24,0.7468,0
2026-09-27 21:30:00,LINE_A,MAT_A,21.924,3.036,2.866,22.094,28,0.7891,0
2026-09-27 21:30:00,LINE_A,MAT_B,17.924,3.036,2.866,18.094,24,0.7539,0
2026-09-27 21:45:00,LINE_A,MAT_A,22.094,2.738,2.787,22.045,28,0.7873,0
2026-09-27 21:45:00,LINE_A,MAT_B,18.094,2.738,2.787,18.045,24,0.7519,0
2026-09-27 22:00:00,LINE_A,MAT_A,22.045,2.227,2.278,21.994,28,0.7855,0
2026-09-27 22:00:00,LINE_A,MAT_B,18.045,2.227,2.278,17.994,24,0.7497,0
2026-09-27 22:15:00,LINE_A,MAT_A,21.994,2.097,2.348,21.742,28,0.7765,0
2026-09-27 22:15:00,LINE_A,MAT_B,17.994,2.097,2.348,17.742,24,0.7393,0
2026-09-27 22:30:00,LINE_A,MAT_A,21.742,2.062,1.87,21.935,28,0.7834,0
2026-09-27 22:30:00,LINE_A,MAT_B,17.742,2.062,1.87,17.935,24,0.7473,0
2026-09-27 22:45:00,LINE_A,MAT_A,21.935,2.57,1.989,22.516,28,0.8041,0
2026-09-27 22:45:00,LINE_A,MAT_B,17.935,2.57,1.989,18.516,24,0.7715,0
2026-09-27 23:00:00,LINE_A,MAT_A,22.516,1.903,2.104,22.315,28,0.797,0
2026-09-27 23:00:00,LINE_A,MAT_B,18.516,1.903,2.104,18.315,24,0.7631,0
2026-09-27 23:15:00,LINE_A,MAT_A,22.315,2.464,1.919,22.86,28,0.8164,0
2026-09-27 23:15:00,LINE_A,MAT_B,18.315,2.464,1.919,18.86,24,0.7858,0
2026-09-27 23:30:00,LINE_A,MAT_A,22.86,2.535,2.147,23.247,28,0.8303,0
2026-09-27 23:30:00,LINE_A,MAT_B,18.86,2.535,2.147,19.247,24,0.802,0
2026-09-27 23:45:00,LINE_A,MAT_A,23.247,1.813,2.27,22.79,28,0.8139,0
2026-09-27 23:45:00,LINE_A,MAT_B,19.247,1.813,2.27,18.79,24,0.7829,0
2026-09-28 00:00:00,LINE_A,MAT_A,22.79,2.866,2.683,22.973,28,0.8205,0
2026-09-28 00:00:00,LINE_A,MAT_B,18.79,2.866,2.683,18.973,24,0.7905,0
2026-09-28 00:15:00,LINE_A,MAT_A,22.973,2.498,2.81,22.661,28,0.8093,0
2026-09-28 00:15:00,LINE_A,MAT_B,18.973,2.498,2.81,18.661,24,0.7776,0
2026-09-28 00:30:00,LINE_A,MAT_A,22.661,2.576,2.472,22.766,28,0.8131,0
2026-09-28 00:30:00,LINE_A,MAT_B,18.661,2.576,2.472,18.766,24,0.7819,0
2026-09-28 00:45:00,LINE_A,MAT_A,22.766,2.606,2.61,22.762,28,0.8129,0
2026-09-28 00:45:00,LINE_A,MAT_B,18.766,2.606,2.61,18.762,24,0.7817,0
2026-09-28 01:00:00,LINE_A,MAT_A,22.762,2.543,2.662,22.642,28,0.8087,0
2026-09-28 01:00:00,LINE_A,MAT_B,18.762,2.543,2.662,18.642,24,0.7768,0
2026-09-28 01:15:00,LINE_A,MAT_A,22.642,2.736,2.676,22.702,28,0.8108,0
2026-09-28 01:15:00,LINE_A,MAT_B,18.642,2.736,2.676,18.702,24,0.7793,0
2026-09-28 01:30:00,LINE_A,MAT_A,22.702,2.761,2.556,22.907,28,0.8181,0
2026-09-28 01:30:00,LINE_A,MAT_B,18.702,2.761,2.556,18.907,24,0.7878,0
2026-09-28 01:45:00,LINE_A,MAT_A,22.907,2.691,2.66,22.939,28,0.8193,0
2026-09-28 01:45:00,LINE_A,MAT_B,18.907,2.691,2.66,18.939,24,0.7891,0
2026-09-28 02:00:00,LINE_A,MAT_A,22.939,2.337,2.613,22.663,28,0.8094,0
2026-09-28 02:00:00,LINE_A,MAT_B,18.939,2.337,2.613,18.663,24,0.7776,0
2026-09-28 02:15:00,LINE_A,MAT_A,22.663,3.06,2.556,23.168,28,0.8274,0
2026-09-28 02:15:00,LINE_A,MAT_B,18.663,3.06,2.556,19.168,24,0.7987,0
2026-09-28 02:30:00,LINE_A,MAT_A,23.168,2.628,2.67,23.125,28,0.8259,0
2026-09-28 02:30:00,LINE_A,MAT_B,19.168,2.628,2.67,19.125,24,0.7969,0
2026-09-28 02:45:00,LINE_A,MAT_A,23.125,3.049,2.711,23.463,28,0.838,0
2026-09-28 02:45:00,LINE_A,MAT_B,19.125,3.049,2.711,19.463,24,0.811,0
2026-09-28 03:00:00,LINE_A,MAT_A,23.463,2.82,2.623,23.66,28,0.845,0
2026-09-28 03:00:00,LINE_A,MAT_B,19.463,2.82,2.623,19.66,24,0.8192,0
2026-09-28 03:15:00,LINE_A,MAT_A,23.66,2.673,2.516,23.816,28,0.8506,0
2026-09-28 03:15:00,LINE_A,MAT_B,19.66,2.673,2.516,19.816,24,0.8257,0
2026-09-28 03:30:00,LINE_A,MAT_A,23.816,2.785,2.707,23.894,28,0.8534,0
2026-09-28 03:30:00,LINE_A,MAT_B,19.816,2.785,2.707,19.894,24,0.8289,0
2026-09-28 03:45:00,LINE_A,MAT_A,23.894,2.37,2.748,23.516,28,0.8399,0
2026-09-28 03:45:00,LINE_A,MAT_B,19.894,2.37,2.748,19.516,24,0.8132,0
2026-09-28 04:00:00,LINE_A,MAT_A,23.516,2.52,2.576,23.46,28,0.8379,0
2026-09-28 04:00:00,LINE_A,MAT_B,19.516,2.52,2.576,19.46,24,0.8108,0
2026-09-28 04:15:00,LINE_A,MAT_A,23.46,2.673,2.638,23.495,28,0.8391,0
2026-09-28 04:15:00,LINE_A,MAT_B,19.46,2.673,2.638,19.495,24,0.8123,0
2026-09-28 04:30:00,LINE_A,MAT_A,23.495,2.728,2.643,23.581,28,0.8422,0
2026-09-28 04:30:00,LINE_A,MAT_B,19.495,2.728,2.643,19.581,24,0.8159,0
2026-09-28 04:45:00,LINE_A,MAT_A,23.581,2.736,2.957,23.36,28,0.8343,0
2026-09-28 04:45:00,LINE_A,MAT_B,19.581,2.736,2.957,19.36,24,0.8067,0
2026-09-28 05:00:00,LINE_A,MAT_A,23.36,2.702,2.756,23.306,28,0.8323,0
2026-09-28 05:00:00,LINE_A,MAT_B,19.36,2.702,2.756,19.306,24,0.8044,0
2026-09-28 05:15:00,LINE_A,MAT_A,23.306,2.596,2.656,23.246,28,0.8302,0
2026-09-28 05:15:00,LINE_A,MAT_B,19.306,2.596,2.656,19.246,24,0.8019,0
2026-09-28 05:30:00,LINE_A,MAT_A,23.246,2.835,2.706,23.374,28,0.8348,0
2026-09-28 05:30:00,LINE_A,MAT_B,19.246,2.835,2.706,19.374,24,0.8073,0
2026-09-28 05:45:00,LINE_A,MAT_A,23.374,2.817,3.006,23.186,28,0.8281,0
2026-09-28 05:45:00,LINE_A,MAT_B,19.374,2.817,3.006,19.186,24,0.7994,0
2026-09-28 06:00:00,LINE_A,MAT_A,23.186,3.342,3.371,23.157,28,0.827,0
2026-09-28 06:00:00,LINE_A,MAT_B,19.186,3.342,3.371,19.157,24,0.7982,0
2026-09-28 06:15:00,LINE_A,MAT_A,23.157,3.455,3.343,23.269,28,0.831,0
2026-09-28 06:15:00,LINE_A,MAT_B,19.157,3.455,3.343,19.269,24,0.8029,0
2026-09-28 06:30:00,LINE_A,MAT_A,23.269,3.583,3.218,23.633,28,0.8441,0
2026-09-28 06:30:00,LINE_A,MAT_B,19.269,3.583,3.218,19.633,24,0.8181,0
2026-09-28 06:45:00,LINE_A,MAT_A,23.633,3.359,3.453,23.539,28,0.8407,0
2026-09-28 06:45:00,LINE_A,MAT_B,19.633,3.359,3.453,19.539,24,0.8141,0
2026-09-28 07:00:00,LINE_A,MAT_A,23.539,3.216,3.324,23.431,28,0.8368,0
2026-09-28 07:00:00,LINE_A,MAT_B,19.539,3.216,3.324,19.431,24,0.8096,0
2026-09-28 07:15:00,LINE_A,MAT_A,23.431,3.341,3.487,23.285,28,0.8316,0
2026-09-28 07:15:00,LINE_A,MAT_B,19.431,3.341,3.487,19.285,24,0.8035,0
2026-09-28 07:30:00,LINE_A,MAT_A,23.285,3.511,3.421,23.375,28,0.8348,0
2026-09-28 07:30:00,LINE_A,MAT_B,19.285,3.511,3.421,19.375,24,0.8073,0
2026-09-28 07:45:00,LINE_A,MAT_A,23.375,3.456,3.423,23.408,28,0.836,0
2026-09-28 07:45:00,LINE_A,MAT_B,19.375,3.456,3.423,19.408,24,0.8087,0
2026-09-28 08:00:00,LINE_A,MAT_A,23.408,3.245,3.315,23.339,28,0.8335,0
2026-09-28 08:00:00,LINE_A,MAT_B,19.408,3.245,3.315,19.339,24,0.8058,0
2026-09-28 08:15:00,LINE_A,MAT_A,23.339,3.238,3.509,23.067,28,0.8238,0
2026-09-28 08:15:00,LINE_A,MAT_B,19.339,3.238,3.509,19.067,24,0.7945,0
2026-09-28 08:30:00,LINE_A,MAT_A,23.067,3.677,3.561,23.184,28,0.828,0
2026-09-28 08:30:00,LINE_A,MAT_B,19.067,3.677,3.561,19.184,24,0.7993,0
2026-09-28 08:45:00,LINE_A,MAT_A,23.184,3.03,3.456,22.757,28,0.8128,0
2026-09-28 08:45:00,LINE_A,MAT_B,19.184,3.03,3.456,18.757,24,0.7816,0
2026-09-28 09:00:00,LINE_A,MAT_A,22.757,3.498,3.282,22.974,28,0.8205,0
2026-09-28 09:00:00,LINE_A,MAT_B,18.757,3.498,3.282,18.974,24,0.7906,0
2026-09-28 09:15:00,LINE_A,MAT_A,22.974,3.476,3.708,22.743,28,0.8122,0
2026-09-28 09:15:00,LINE_A,MAT_B,18.974,3.476,3.708,18.743,24,0.7809,0
2026-09-28 09:30:00,LINE_A,MAT_A,22.743,3.511,3.668,22.586,28,0.8066,0
2026-09-28 09:30:00,LINE_A,MAT_B,18.743,3.511,3.668,18.586,24,0.7744,0
2026-09-28 09:45:00,LINE_A,MAT_A,22.586,3.4,3.504,22.481,28,0.8029,0
2026-09-28 09:45:00,LINE_A,MAT_B,18.586,3.4,3.504,18.481,24,0.7701,0
2026-09-28 10:00:00,LINE_A,MAT_A,22.481,3.248,3.362,22.367,28,0.7988,0
2026-09-28 10:00:00,LINE_A,MAT_B,18.481,3.248,3.362,18.367,24,0.7653,0
2026-09-28 10:15:00,LINE_A,MAT_A,22.367,3.566,3.63,22.303,28,0.7965,0
2026-09-28 10:15:00,LINE_A,MAT_B,18.367,3.566,3.63,18.303,24,0.7626,0
2026-09-28 10:30:00,LINE_A,MAT_A,22.303,3.129,3.477,21.955,28,0.7841,0
2026-09-28 10:30:00,LINE_A,MAT_B,18.303,3.129,3.477,17.955,24,0.7481,0
2026-09-28 10:45:00,LINE_A,MAT_A,21.955,3.303,3.421,21.837,28,0.7799,0
2026-09-28 10:45:00,LINE_A,MAT_B,17.955,3.303,3.421,17.837,24,0.7432,0
2026-09-28 11:00:00,LINE_A,MAT_A,21.837,3.61,3.502,21.945,28,0.7837,0
2026-09-28 11:00:00,LINE_A,MAT_B,17.837,3.61,3.502,17.945,24,0.7477,0
2026-09-28 11:15:00,LINE_A,MAT_A,21.945,3.694,3.803,21.836,28,0.7799,0
2026-09-28 11:15:00,LINE_A,MAT_B,17.945,3.694,3.803,17.836,24,0.7432,0
2026-09-28 11:30:00,LINE_A,MAT_A,21.836,3.112,3.288,21.661,28,0.7736,0
2026-09-28 11:30:00,LINE_A,MAT_B,17.836,3.112,3.288,17.661,24,0.7359,0
2026-09-28 11:45:00,LINE_A,MAT_A,21.661,3.114,3.106,21.669,28,0.7739,0
2026-09-28 11:45:00,LINE_A,MAT_B,17.661,3.114,3.106,17.669,24,0.7362,0
2026-09-28 12:00:00,LINE_A,MAT_A,21.669,3.227,3.554,21.342,28,0.7622,0
2026-09-28 12:00:00,LINE_A,MAT_B,17.669,3.227,3.554,17.342,24,0.7226,0
2026-09-28 12:15:00,LINE_A,MAT_A,21.342,3.236,3.531,21.047,28,0.7517,0
2026-09-28 12:15:00,LINE_A,MAT_B,17.342,3.236,3.531,17.047,24,0.7103,0
2026-09-28 12:30:00,LINE_A,MAT_A,21.047,3.426,3.528,20.945,28,0.748,0
2026-09-28 12:30:00,LINE_A,MAT_B,17.047,3.426,3.528,16.945,24,0.706,0
2026-09-28 12:45:00,LINE_A,MAT_A,20.945,3.625,3.697,20.873,28,0.7455,0
2026-09-28 12:45:00,LINE_A,MAT_B,16.945,3.625,3.697,16.873,24,0.7031,0
2026-09-28 13:00:00,LINE_A,MAT_A,20.873,3.666,3.403,21.136,28,0.7549,0
2026-09-28 13:00:00,LINE_A,MAT_B,16.873,3.666,3.403,17.136,24,0.714,0
2026-09-28 13:15:00,LINE_A,MAT_A,21.136,3.447,3.677,20.906,28,0.7467,0
2026-09-28 13:15:00,LINE_A,MAT_B,17.136,3.447,3.677,16.906,24,0.7044,0
2026-09-28 13:30:00,LINE_A,MAT_A,20.906,3.573,3.385,21.095,28,0.7534,0
2026-09-28 13:30:00,LINE_A,MAT_B,16.906,3.573,3.385,17.095,24,0.7123,0
2026-09-28 13:45:00,LINE_A,MAT_A,21.095,3.463,3.392,21.166,28,0.7559,0
2026-09-28 13:45:00,LINE_A,MAT_B,17.095,3.463,3.392,17.166,24,0.7153,0
2026-09-28 14:00:00,LINE_A,MAT_A,21.166,3.945,3.815,21.296,28,0.7606,0
2026-09-28 14:00:00,LINE_A,MAT_B,17.166,3.945,3.815,17.296,24,0.7207,0
2026-09-28 14:15:00,LINE_A,MAT_A,21.296,3.713,3.616,21.393,28,0.764,0
2026-09-28 14:15:00,LINE_A,MAT_B,17.296,3.713,3.616,17.393,24,0.7247,0
2026-09-28 14:30:00,LINE_A,MAT_A,21.393,3.627,3.812,21.208,28,0.7574,0
2026-09-28 14:30:00,LINE_A,MAT_B,17.393,3.627,3.812,17.208,24,0.717,0
2026-09-28 14:45:00,LINE_A,MAT_A,21.208,3.744,3.914,21.039,28,0.7514,0
2026-09-28 14:45:00,LINE_A,MAT_B,17.208,3.744,3.914,17.039,24,0.71,0
2026-09-28 15:00:00,LINE_A,MAT_A,21.039,3.792,3.574,21.257,28,0.7592,0
2026-09-28 15:00:00,LINE_A,MAT_B,17.039,3.792,3.574,17.257,24,0.719,0
2026-09-28 15:15:00,LINE_A,MAT_A,21.257,3.687,3.61,21.334,28,0.7619,0
2026-09-28 15:15:00,LINE_A,MAT_B,17.257,3.687,3.61,17.334,24,0.7223,0
2026-09-28 15:30:00,LINE_A,MAT_A,21.334,3.127,3.88,20.581,28,0.7351,0
2026-09-28 15:30:00,LINE_A,MAT_B,17.334,3.127,3.88,16.581,24,0.6909,0
2026-09-28 15:45:00,LINE_A,MAT_A,20.581,4.401,3.645,21.338,28,0.7621,0
2026-09-28 15:45:00,LINE_A,MAT_B,16.581,4.401,3.645,17.338,24,0.7224,0
2026-09-28 16:00:00,LINE_A,MAT_A,21.338,3.625,3.825,21.138,28,0.7549,0
2026-09-28 16:00:00,LINE_A,MAT_B,17.338,3.625,3.825,17.138,24,0.7141,0
2026-09-28 16:15:00,LINE_A,MAT_A,21.138,3.613,3.423,21.328,28,0.7617,0
2026-09-28 16:15:00,LINE_A,MAT_B,17.138,3.613,3.423,17.328,24,0.722,0
2026-09-28 16:30:00,LINE_A,MAT_A,21.328,3.565,3.755,21.138,28,0.7549,0
2026-09-28 16:30:00,LINE_A,MAT_B,17.328,3.565,3.755,17.138,24,0.7141,0
2026-09-28 16:45:00,LINE_A,MAT_A,21.138,3.532,3.709,20.961,28,0.7486,0
2026-09-28 16:45:00,LINE_A,MAT_B,17.138,3.532,3.709,16.961,24,0.7067,0
2026-09-28 17:00:00,LINE_A,MAT_A,20.961,3.84,3.719,21.081,28,0.7529,0
2026-09-28 17:00:00,LINE_A,MAT_B,16.961,3.84,3.719,17.081,24,0.7117,0
2026-09-28 17:15:00,LINE_A,MAT_A,21.081,3.724,3.762,21.043,28,0.7516,0
2026-09-28 17:15:00,LINE_A,MAT_B,17.081,3.724,3.762,17.043,24,0.7101,0
2026-09-28 17:30:00,LINE_A,MAT_A,21.043,4.026,3.822,21.247,28,0.7588,0
2026-09-28 17:30:00,LINE_A,MAT_B,17.043,4.026,3.822,17.247,24,0.7186,0
2026-09-28 17:45:00,LINE_A,MAT_A,21.247,3.834,3.788,21.293,28,0.7605,0
2026-09-28 17:45:00,LINE_A,MAT_B,17.247,3.834,3.788,17.293,24,0.7205,0
2026-09-28 18:00:00,LINE_A,MAT_A,21.293,3.732,3.711,21.314,28,0.7612,0
2026-09-28 18:00:00,LINE_A,MAT_B,17.293,3.732,3.711,17.314,24,0.7214,0
2026-09-28 18:15:00,LINE_A,MAT_A,21.314,3.943,3.658,21.599,28,0.7714,0
2026-09-28 18:15:00,LINE_A,MAT_B,17.314,3.943,3.658,17.599,24,0.7333,0
2026-09-28 18:30:00,LINE_A,MAT_A,21.599,3.254,3.8,21.053,28,0.7519,0
2026-09-28 18:30:00,LINE_A,MAT_B,17.599,3.254,3.8,17.053,24,0.7105,0
2026-09-28 18:45:00,LINE_A,MAT_A,21.053,3.368,3.429,20.992,28,0.7497,0
2026-09-28 18:45:00,LINE_A,MAT_B,17.053,3.368,3.429,16.992,24,0.708,0
2026-09-28 19:00:00,LINE_A,MAT_A,20.992,3.117,2.989,21.12,28,0.7543,0
2026-09-28 19:00:00,LINE_A,MAT_B,16.992,3.117,2.989,17.12,24,0.7133,0
2026-09-28 19:15:00,LINE_A,MAT_A,21.12,3.098,3.472,20.745,28,0.7409,0
2026-09-28 19:15:00,LINE_A,MAT_B,17.12,3.098,3.472,16.745,24,0.6977,0
2026-09-28 19:30:00,LINE_A,MAT_A,20.745,3.615,3.642,20.718,28,0.7399,0
2026-09-28 19:30:00,LINE_A,MAT_B,16.745,3.615,3.642,16.718,24,0.6966,0
2026-09-28 19:45:00,LINE_A,MAT_A,20.718,3.365,3.633,20.45,28,0.7304,0
2026-09-28 19:45:00,LINE_A,MAT_B,16.718,3.365,3.633,16.45,24,0.6854,0
2026-09-28 20:00:00,LINE_A,MAT_A,20.45,3.266,3.743,19.974,28,0.7134,0
2026-09-28 20:00:00,LINE_A,MAT_B,16.45,3.266,3.743,15.974,24,0.6656,0
2026-09-28 20:15:00,LINE_A,MAT_A,19.974,3.508,3.664,19.818,28,0.7078,0
2026-09-28 20:15:00,LINE_A,MAT_B,15.974,3.508,3.664,15.818,24,0.6591,0
2026-09-28 20:30:00,LINE_A,MAT_A,19.818,3.773,3.559,20.032,28,0.7154,0
2026-09-28 20:30:00,LINE_A,MAT_B,15.818,3.773,3.559,16.032,24,0.668,0
2026-09-28 20:45:00,LINE_A,MAT_A,20.032,3.653,3.51,20.175,28,0.7205,0
2026-09-28 20:45:00,LINE_A,MAT_B,16.032,3.653,3.51,16.175,24,0.6739,0
2026-09-28 21:00:00,LINE_A,MAT_A,20.175,3.79,3.547,20.418,28,0.7292,0
2026-09-28 21:00:00,LINE_A,MAT_B,16.175,3.79,3.547,16.418,24,0.6841,0
2026-09-28 21:15:00,LINE_A,MAT_A,20.418,3.608,3.466,20.56,28,0.7343,0
2026-09-28 21:15:00,LINE_A,MAT_B,16.418,3.608,3.466,16.56,24,0.69,0
2026-09-28 21:30:00,LINE_A,MAT_A,20.56,3.455,3.682,20.332,28,0.7262,0
2026-09-28 21:30:00,LINE_A,MAT_B,16.56,3.455,3.682,16.332,24,0.6805,0
2026-09-28 21:45:00,LINE_A,MAT_A,20.332,3.593,3.497,20.428,28,0.7296,0
2026-09-28 21:45:00,LINE_A,MAT_B,16.332,3.593,3.497,16.428,24,0.6845,0
2026-09-28 22:00:00,LINE_A,MAT_A,20.428,2.556,2.678,20.305,28,0.7252,0
2026-09-28 22:00:00,LINE_A,MAT_B,16.428,2.556,2.678,16.305,24,0.6794,0
2026-09-28 22:15:00,LINE_A,MAT_A,20.305,2.588,2.782,20.111,28,0.7182,0
2026-09-28 22:15:00,LINE_A,MAT_B,16.305,2.588,2.782,16.111,24,0.6713,0
2026-09-28 22:30:00,LINE_A,MAT_A,20.111,2.608,2.812,19.907,28,0.711,0
2026-09-28 22:30:00,LINE_A,MAT_B,16.111,2.608,2.812,15.907,24,0.6628,0
2026-09-28 22:45:00,LINE_A,MAT_A,19.907,2.505,2.683,19.729,28,0.7046,0
2026-09-28 22:45:00,LINE_A,MAT_B,15.907,2.505,2.683,15.729,24,0.6554,0
2026-09-28 23:00:00,LINE_A,MAT_A,19.729,3.036,2.459,20.306,28,0.7252,0
2026-09-28 23:00:00,LINE_A,MAT_B,15.729,3.036,2.459,16.306,24,0.6794,0
2026-09-28 23:15:00,LINE_A,MAT_A,20.306,2.765,2.564,20.507,28,0.7324,0
2026-09-28 23:15:00,LINE_A,MAT_B,16.306,2.765,2.564,16.507,24,0.6878,0
2026-09-28 23:30:00,LINE_A,MAT_A,20.507,2.508,2.573,20.441,28,0.7301,0
2026-09-28 23:30:00,LINE_A,MAT_B,16.507,2.508,2.573,16.441,24,0.6851,0
2026-09-28 23:45:00,LINE_A,MAT_A,20.441,2.714,2.688,20.467,28,0.731,0
2026-09-28 23:45:00,LINE_A,MAT_B,16.441,2.714,2.688,16.467,24,0.6861,0
2026-09-29 00:00:00,LINE_A,MAT_A,20.467,2.622,2.677,20.413,28,0.729,0
2026-09-29 00:00:00,LINE_A,MAT_B,16.467,2.622,2.677,16.413,24,0.6839,0
2026-09-29 00:15:00,LINE_A,MAT_A,20.413,2.731,2.496,20.648,28,0.7374,0
2026-09-29 00:15:00,LINE_A,MAT_B,16.413,2.731,2.496,16.648,24,0.6937,0
2026-09-29 00:30:00,LINE_A,MAT_A,20.648,2.576,2.742,20.482,28,0.7315,0
2026-09-29 00:30:00,LINE_A,MAT_B,16.648,2.576,2.742,16.482,24,0.6868,0
2026-09-29 00:45:00,LINE_A,MAT_A,20.482,2.735,2.926,20.291,28,0.7247,0
2026-09-29 00:45:00,LINE_A,MAT_B,16.482,2.735,2.926,16.291,24,0.6788,0
2026-09-29 01:00:00,LINE_A,MAT_A,20.291,2.807,2.778,20.319,28,0.7257,0
2026-09-29 01:00:00,LINE_A,MAT_B,16.291,2.807,2.778,16.319,24,0.68,0
2026-09-29 01:15:00,LINE_A,MAT_A,20.319,2.557,2.686,20.191,28,0.7211,0
2026-09-29 01:15:00,LINE_A,MAT_B,16.319,2.557,2.686,16.191,24,0.6746,0
2026-09-29 01:30:00,LINE_A,MAT_A,20.191,2.729,2.645,20.274,28,0.7241,0
2026-09-29 01:30:00,LINE_A,MAT_B,16.191,2.729,2.645,16.274,24,0.6781,0
2026-09-29 01:45:00,LINE_A,MAT_A,20.274,2.655,2.673,20.257,28,0.7235,0
2026-09-29 01:45:00,LINE_A,MAT_B,16.274,2.655,2.673,16.257,24,0.6774,0
2026-09-29 02:00:00,LINE_A,MAT_A,20.257,2.892,2.741,20.408,28,0.7289,0
2026-09-29 02:00:00,LINE_A,MAT_B,16.257,2.892,2.741,16.408,24,0.6837,0
2026-09-29 02:15:00,LINE_A,MAT_A,20.408,2.167,2.544,20.031,28,0.7154,0
2026-09-29 02:15:00,LINE_A,MAT_B,16.408,2.167,2.544,16.031,24,0.668,0
2026-09-29 02:30:00,LINE_A,MAT_A,20.031,2.763,2.826,19.968,28,0.7132,0
2026-09-29 02:30:00,LINE_A,MAT_B,16.031,2.763,2.826,15.968,24,0.6653,0
2026-09-29 02:45:00,LINE_A,MAT_A,19.968,2.57,2.496,20.043,28,0.7158,0
2026-09-29 02:45:00,LINE_A,MAT_B,15.968,2.57,2.496,16.043,24,0.6684,0
2026-09-29 03:00:00,LINE_A,MAT_A,20.043,2.653,2.65,20.045,28,0.7159,0
2026-09-29 03:00:00,LINE_A,MAT_B,16.043,2.653,2.65,16.045,24,0.6685,0
2026-09-29 03:15:00,LINE_A,MAT_A,20.045,2.591,2.895,19.741,28,0.705,0
2026-09-29 03:15:00,LINE_A,MAT_B,16.045,2.591,2.895,15.741,24,0.6559,0
2026-09-29 03:30:00,LINE_A,MAT_A,19.741,2.509,2.683,19.567,28,0.6988,0
2026-09-29 03:30:00,LINE_A,MAT_B,15.741,2.509,2.683,15.567,24,0.6486,0
2026-09-29 03:45:00,LINE_A,MAT_A,19.567,2.683,2.651,19.599,28,0.7,0
2026-09-29 03:45:00,LINE_A,MAT_B,15.567,2.683,2.651,15.599,24,0.65,0
2026-09-29 04:00:00,LINE_A,MAT_A,19.599,2.739,2.638,19.7,28,0.7036,0
2026-09-29 04:00:00,LINE_A,MAT_B,15.599,2.739,2.638,15.7,24,0.6542,0
2026-09-29 04:15:00,LINE_A,MAT_A,19.7,2.508,2.89,19.318,28,0.6899,0
2026-09-29 04:15:00,LINE_A,MAT_B,15.7,2.508,2.89,15.318,24,0.6382,0
2026-09-29 04:30:00,LINE_A,MAT_A,19.318,2.561,2.7,19.179,28,0.685,0
2026-09-29 04:30:00,LINE_A,MAT_B,15.318,2.561,2.7,15.179,24,0.6325,0
2026-09-29 04:45:00,LINE_A,MAT_A,19.179,2.812,2.752,19.239,28,0.6871,0
2026-09-29 04:45:00,LINE_A,MAT_B,15.179,2.812,2.752,15.239,24,0.635,0
2026-09-29 05:00:00,LINE_A,MAT_A,19.239,2.767,2.674,19.332,28,0.6904,0
2026-09-29 05:00:00,LINE_A,MAT_B,15.239,2.767,2.674,15.332,24,0.6388,0
2026-09-29 05:15:00,LINE_A,MAT_A,19.332,2.698,2.602,19.428,28,0.6939,0
2026-09-29 05:15:00,LINE_A,MAT_B,15.332,2.698,2.602,15.428,24,0.6428,0
2026-09-29 05:30:00,LINE_A,MAT_A,19.428,2.672,2.476,19.624,28,0.7009,0
2026-09-29 05:30:00,LINE_A,MAT_B,15.428,2.672,2.476,15.624,24,0.651,0
2026-09-29 05:45:00,LINE_A,MAT_A,19.624,2.74,2.868,19.496,28,0.6963,0
2026-09-29 05:45:00,LINE_A,MAT_B,15.624,2.74,2.868,15.496,24,0.6457,0
2026-09-29 06:00:00,LINE_A,MAT_A,19.496,3.413,3.41,19.499,28,0.6964,0
2026-09-29 06:00:00,LINE_A,MAT_B,15.496,3.413,3.41,15.499,24,0.6458,0
2026-09-29 06:15:00,LINE_A,MAT_A,19.499,3.335,3.435,19.398,28,0.6928,0
2026-09-29 06:15:00,LINE_A,MAT_B,15.499,3.335,3.435,15.398,24,0.6416,0
2026-09-29 06:30:00,LINE_A,MAT_A,19.398,3.327,3.29,19.435,28,0.6941,0
2026-09-29 06:30:00,LINE_A,MAT_B,15.398,3.327,3.29,15.435,24,0.6431,0
2026-09-29 06:45:00,LINE_A,MAT_A,19.435,3.81,3.339,19.907,28,0.7109,0
2026-09-29 06:45:00,LINE_A,MAT_B,15.435,3.81,3.339,15.907,24,0.6628,0
2026-09-29 07:00:00,LINE_A,MAT_A,19.907,3.715,3.499,20.123,28,0.7187,0
2026-09-29 07:00:00,LINE_A,MAT_B,15.907,3.715,3.499,16.123,24,0.6718,0
2026-09-29 07:15:00,LINE_A,MAT_A,20.123,3.624,3.116,20.631,28,0.7368,0
2026-09-29 07:15:00,LINE_A,MAT_B,16.123,3.624,3.116,16.631,24,0.6929,0
2026-09-29 07:30:00,LINE_A,MAT_A,20.631,3.331,3.483,20.479,28,0.7314,0
2026-09-29 07:30:00,LINE_A,MAT_B,16.631,3.331,3.483,16.479,24,0.6866,0
2026-09-29 07:45:00,LINE_A,MAT_A,20.479,3.356,3.528,20.307,28,0.7253,0
2026-09-29 07:45:00,LINE_A,MAT_B,16.479,3.356,3.528,16.307,24,0.6795,0
2026-09-29 08:00:00,LINE_A,MAT_A,20.307,3.389,3.448,20.248,28,0.7232,0
2026-09-29 08:00:00,LINE_A,MAT_B,16.307,3.389,3.448,16.248,24,0.677,0
2026-09-29 08:15:00,LINE_A,MAT_A,20.248,3.58,3.456,20.373,28,0.7276,0
2026-09-29 08:15:00,LINE_A,MAT_B,16.248,3.58,3.456,16.373,24,0.6822,0
2026-09-29 08:30:00,LINE_A,MAT_A,20.373,3.543,3.598,20.317,28,0.7256,0
2026-09-29 08:30:00,LINE_A,MAT_B,16.373,3.543,3.598,16.317,24,0.6799,0
2026-09-29 08:45:00,LINE_A,MAT_A,20.317,3.491,3.667,20.141,28,0.7193,0
2026-09-29 08:45:00,LINE_A,MAT_B,16.317,3.491,3.667,16.141,24,0.6725,0
2026-09-29 09:00:00,LINE_A,MAT_A,20.141,3.543,3.39,20.294,28,0.7248,0
2026-09-29 09:00:00,LINE_A,MAT_B,16.141,3.543,3.39,16.294,24,0.6789,0
2026-09-29 09:15:00,LINE_A,MAT_A,20.294,3.453,3.334,20.413,28,0.729,0
2026-09-29 09:15:00,LINE_A,MAT_B,16.294,3.453,3.334,16.413,24,0.6839,0
2026-09-29 09:30:00,LINE_A,MAT_A,20.413,3.14,3.547,20.006,28,0.7145,0
2026-09-29 09:30:00,LINE_A,MAT_B,16.413,3.14,3.547,16.006,24,0.6669,0
2026-09-29 09:45:00,LINE_A,MAT_A,20.006,3.201,3.342,19.865,28,0.7095,0
2026-09-29 09:45:00,LINE_A,MAT_B,16.006,3.201,3.342,15.865,24,0.6611,0
2026-09-29 10:00:00,LINE_A,MAT_A,19.865,4.032,3.664,20.233,28,0.7226,0
2026-09-29 10:00:00,LINE_A,MAT_B,15.865,4.032,3.664,16.233,24,0.6764,0
2026-09-29 10:15:00,LINE_A,MAT_A,20.233,3.49,3.446,20.278,28,0.7242,0
2026-09-29 10:15:00,LINE_A,MAT_B,16.233,3.49,3.446,16.278,24,0.6782,0
2026-09-29 10:30:00,LINE_A,MAT_A,20.278,3.627,3.831,20.073,28,0.7169,0
2026-09-29 10:30:00,LINE_A,MAT_B,16.278,3.627,3.831,16.073,24,0.6697,0
2026-09-29 10:45:00,LINE_A,MAT_A,20.073,3.595,3.426,20.241,28,0.7229,0
2026-09-29 10:45:00,LINE_A,MAT_B,16.073,3.595,3.426,16.241,24,0.6767,0
2026-09-29 11:00:00,LINE_A,MAT_A,20.241,3.435,3.627,20.049,28,0.716,0
2026-09-29 11:00:00,LINE_A,MAT_B,16.241,3.435,3.627,16.049,24,0.6687,0
2026-09-29 11:15:00,LINE_A,MAT_A,20.049,3.583,3.623,20.009,28,0.7146,0
2026-09-29 11:15:00,LINE_A,MAT_B,16.049,3.583,3.623,16.009,24,0.667,0
2026-09-29 11:30:00,LINE_A,MAT_A,20.009,3.062,3.276,19.795,28,0.707,0
2026-09-29 11:30:00,LINE_A,MAT_B,16.009,3.062,3.276,15.795,24,0.6581,0
2026-09-29 11:45:00,LINE_A,MAT_A,19.795,2.648,3.176,19.267,28,0.6881,0
2026-09-29 11:45:00,LINE_A,MAT_B,15.795,2.648,3.176,15.267,24,0.6361,0
2026-09-29 12:00:00,LINE_A,MAT_A,19.267,3.581,3.7,19.148,28,0.6839,0
2026-09-29 12:00:00,LINE_A,MAT_B,15.267,3.581,3.7,15.148,24,0.6312,0
2026-09-29 12:15:00,LINE_A,MAT_A,19.148,3.422,3.409,19.161,28,0.6843,0
2026-09-29 12:15:00,LINE_A,MAT_B,15.148,3.422,3.409,15.161,24,0.6317,0
2026-09-29 12:30:00,LINE_A,MAT_A,19.161,3.492,3.606,19.047,28,0.6803,0
2026-09-29 12:30:00,LINE_A,MAT_B,15.161,3.492,3.606,15.047,24,0.627,0
2026-09-29 12:45:00,LINE_A,MAT_A,19.047,3.724,3.748,19.024,28,0.6794,0
2026-09-29 12:45:00,LINE_A,MAT_B,15.047,3.724,3.748,15.024,24,0.626,0
2026-09-29 13:00:00,LINE_A,MAT_A,19.024,3.638,3.509,19.152,28,0.684,0
2026-09-29 13:00:00,LINE_A,MAT_B,15.024,3.638,3.509,15.152,24,0.6313,0
2026-09-29 13:15:00,LINE_A,MAT_A,19.152,3.454,3.711,18.895,28,0.6748,0
2026-09-29 13:15:00,LINE_A,MAT_B,15.152,3.454,3.711,14.895,24,0.6206,0
2026-09-29 13:30:00,LINE_A,MAT_A,18.895,3.375,3.493,18.777,28,0.6706,0
2026-09-29 13:30:00,LINE_A,MAT_B,14.895,3.375,3.493,14.777,24,0.6157,0
2026-09-29 13:45:00,LINE_A,MAT_A,18.777,3.679,3.363,19.094,28,0.6819,0
2026-09-29 13:45:00,LINE_A,MAT_B,14.777,3.679,3.363,15.094,24,0.6289,0
2026-09-29 14:00:00,LINE_A,MAT_A,19.094,3.738,3.686,19.146,28,0.6838,0
2026-09-29 14:00:00,LINE_A,MAT_B,15.094,3.738,3.686,15.146,24,0.6311,0
2026-09-29 14:15:00,LINE_A,MAT_A,19.146,3.854,3.669,19.33,28,0.6904,0
2026-09-29 14:15:00,LINE_A,MAT_B,15.146,3.854,3.669,15.33,24,0.6388,0
2026-09-29 14:30:00,LINE_A,MAT_A,19.33,4.146,3.745,19.731,28,0.7047,0
2026-09-29 14:30:00,LINE_A,MAT_B,15.33,4.146,3.745,15.731,24,0.6555,0
2026-09-29 14:45:00,LINE_A,MAT_A,19.731,3.948,3.628,20.051,28,0.7161,0
2026-09-29 14:45:00,LINE_A,MAT_B,15.731,3.948,3.628,16.051,24,0.6688,0
2026-09-29 15:00:00,LINE_A,MAT_A,20.051,3.453,3.684,19.819,28,0.7078,0
2026-09-29 15:00:00,LINE_A,MAT_B,16.051,3.453,3.684,15.819,24,0.6591,0
2026-09-29 15:15:00,LINE_A,MAT_A,19.819,4.19,3.803,20.207,28,0.7217,0
2026-09-29 15:15:00,LINE_A,MAT_B,15.819,4.19,3.803,16.207,24,0.6753,0
2026-09-29 15:30:00,LINE_A,MAT_A,20.207,3.747,3.635,20.319,28,0.7257,0
2026-09-29 15:30:00,LINE_A,MAT_B,16.207,3.747,3.635,16.319,24,0.6799,0
2026-09-29 15:45:00,LINE_A,MAT_A,20.319,3.762,3.671,20.41,28,0.7289,0
2026-09-29 15:45:00,LINE_A,MAT_B,16.319,3.762,3.671,16.41,24,0.6838,0
2026-09-29 16:00:00,LINE_A,MAT_A,20.41,3.769,3.801,20.379,28,0.7278,0
2026-09-29 16:00:00,LINE_A,MAT_B,16.41,3.769,3.801,16.379,24,0.6824,0
2026-09-29 16:15:00,LINE_A,MAT_A,20.379,3.6,3.62,20.359,28,0.7271,0
2026-09-29 16:15:00,LINE_A,MAT_B,16.379,3.6,3.62,16.359,24,0.6816,0
2026-09-29 16:30:00,LINE_A,MAT_A,20.359,3.784,3.705,20.438,28,0.7299,0
2026-09-29 16:30:00,LINE_A,MAT_B,16.359,3.784,3.705,16.438,24,0.6849,0
2026-09-29 16:45:00,LINE_A,MAT_A,20.438,3.539,3.599,20.378,28,0.7278,0
2026-09-29 16:45:00,LINE_A,MAT_B,16.438,3.539,3.599,16.378,24,0.6824,0
2026-09-29 17:00:00,LINE_A,MAT_A,20.378,3.773,3.601,20.551,28,0.734,0
2026-09-29 17:00:00,LINE_A,MAT_B,16.378,3.773,3.601,16.551,24,0.6896,0
2026-09-29 17:15:00,LINE_A,MAT_A,20.551,3.719,3.664,20.606,28,0.7359,0
2026-09-29 17:15:00,LINE_A,MAT_B,16.551,3.719,3.664,16.606,24,0.6919,0
2026-09-29 17:30:00,LINE_A,MAT_A,20.606,3.575,3.626,20.554,28,0.7341,0
2026-09-29 17:30:00,LINE_A,MAT_B,16.606,3.575,3.626,16.554,24,0.6898,0
2026-09-29 17:45:00,LINE_A,MAT_A,20.554,3.624,3.48,20.698,28,0.7392,0
2026-09-29 17:45:00,LINE_A,MAT_B,16.554,3.624,3.48,16.698,24,0.6958,0
2026-09-29 18:00:00,LINE_A,MAT_A,20.698,1.243,3.74,18.202,28,0.6501,0
2026-09-29 18:00:00,LINE_A,MAT_B,16.698,1.243,3.74,14.202,24,0.5917,0
2026-09-29 18:15:00,LINE_A,MAT_A,18.202,2.508,3.704,17.005,28,0.6073,0
2026-09-29 18:15:00,LINE_A,MAT_B,14.202,2.508,3.704,13.005,24,0.5419,0
2026-09-29 18:30:00,LINE_A,MAT_A,17.005,2.571,3.756,15.82,28,0.565,0
2026-09-29 18:30:00,LINE_A,MAT_B,13.005,2.571,3.756,11.82,24,0.4925,0
2026-09-29 18:45:00,LINE_A,MAT_A,15.82,2.596,3.773,14.643,28,0.523,0
2026-09-29 18:45:00,LINE_A,MAT_B,11.82,2.596,3.773,10.643,24,0.4435,0
2026-09-29 19:00:00,LINE_A,MAT_A,14.643,2.466,3.134,13.975,28,0.4991,0
2026-09-29 19:00:00,LINE_A,MAT_B,10.643,2.466,3.134,9.975,24,0.4156,0
2026-09-29 19:15:00,LINE_A,MAT_A,13.975,4.613,3.297,15.291,28,0.5461,0
2026-09-29 19:15:00,LINE_A,MAT_B,9.975,4.613,3.297,11.291,24,0.4704,0
2026-09-29 19:30:00,LINE_A,MAT_A,15.291,4.512,3.517,16.285,28,0.5816,0
2026-09-29 19:30:00,LINE_A,MAT_B,11.291,4.512,3.517,12.285,24,0.5119,0
2026-09-29 19:45:00,LINE_A,MAT_A,16.285,4.43,3.542,17.173,28,0.6133,0
2026-09-29 19:45:00,LINE_A,MAT_B,12.285,4.43,3.542,13.173,24,0.5489,0
2026-09-29 20:00:00,LINE_A,MAT_A,17.173,4.628,3.876,17.925,28,0.6402,0
2026-09-29 20:00:00,LINE_A,MAT_B,13.173,4.628,3.876,13.925,24,0.5802,0
2026-09-29 20:15:00,LINE_A,MAT_A,17.925,4.623,3.701,18.846,28,0.6731,0
2026-09-29 20:15:00,LINE_A,MAT_B,13.925,4.623,3.701,14.846,24,0.6186,0
2026-09-29 20:30:00,LINE_A,MAT_A,18.846,4.433,3.583,19.696,28,0.7034,0
2026-09-29 20:30:00,LINE_A,MAT_B,14.846,4.433,3.583,15.696,24,0.654,0
2026-09-29 20:45:00,LINE_A,MAT_A,19.696,4.586,3.624,20.659,28,0.7378,0
2026-09-29 20:45:00,LINE_A,MAT_B,15.696,4.586,3.624,16.659,24,0.6941,0
2026-09-29 21:00:00,LINE_A,MAT_A,20.659,4.595,3.536,21.717,28,0.7756,0
2026-09-29 21:00:00,LINE_A,MAT_B,16.659,4.595,3.536,17.717,24,0.7382,0
2026-09-29 21:15:00,LINE_A,MAT_A,21.717,4.409,3.426,22.7,28,0.8107,0
2026-09-29 21:15:00,LINE_A,MAT_B,17.717,4.409,3.426,18.7,24,0.7792,0
2026-09-29 21:30:00,LINE_A,MAT_A,22.7,3.094,3.355,22.439,28,0.8014,0
2026-09-29 21:30:00,LINE_A,MAT_B,18.7,3.094,3.355,18.439,24,0.7683,0
2026-09-29 21:45:00,LINE_A,MAT_A,22.439,4.642,3.553,23.529,28,0.8403,0
2026-09-29 21:45:00,LINE_A,MAT_B,18.439,4.642,3.553,19.529,24,0.8137,0
2026-09-29 22:00:00,LINE_A,MAT_A,23.529,4.14,2.772,24.897,28,0.8892,0
2026-09-29 22:00:00,LINE_A,MAT_B,19.529,4.14,2.772,20.897,24,0.8707,0
2026-09-29 22:15:00,LINE_A,MAT_A,24.897,2.468,2.815,24.55,28,0.8768,0
2026-09-29 22:15:00,LINE_A,MAT_B,20.897,2.468,2.815,20.55,24,0.8563,0
2026-09-29 22:30:00,LINE_A,MAT_A,24.55,2.822,2.619,24.753,28,0.884,0
2026-09-29 22:30:00,LINE_A,MAT_B,20.55,2.822,2.619,20.753,24,0.8647,0
2026-09-29 22:45:00,LINE_A,MAT_A,24.753,2.819,2.505,25.067,28,0.8953,0
2026-09-29 22:45:00,LINE_A,MAT_B,20.753,2.819,2.505,21.067,24,0.8778,0
2026-09-29 23:00:00,LINE_A,MAT_A,25.067,2.825,2.935,24.957,28,0.8913,0
2026-09-29 23:00:00,LINE_A,MAT_B,21.067,2.825,2.935,20.957,24,0.8732,0
2026-09-29 23:15:00,LINE_A,MAT_A,24.957,2.686,2.854,24.788,28,0.8853,0
2026-09-29 23:15:00,LINE_A,MAT_B,20.957,2.686,2.854,20.788,24,0.8662,0
2026-09-29 23:30:00,LINE_A,MAT_A,24.788,2.788,2.699,24.878,28,0.8885,0
2026-09-29 23:30:00,LINE_A,MAT_B,20.788,2.788,2.699,20.878,24,0.8699,0
2026-09-29 23:45:00,LINE_A,MAT_A,24.878,2.976,2.862,24.991,28,0.8925,0
2026-09-29 23:45:00,LINE_A,MAT_B,20.878,2.976,2.862,20.991,24,0.8746,0
2026-09-30 00:00:00,LINE_A,MAT_A,24.991,2.624,2.689,24.926,28,0.8902,0
2026-09-30 00:00:00,LINE_A,MAT_B,20.991,2.624,2.689,20.926,24,0.8719,0
2026-09-30 00:15:00,LINE_A,MAT_A,24.926,2.553,2.681,24.799,28,0.8857,0
2026-09-30 00:15:00,LINE_A,MAT_B,20.926,2.553,2.681,20.799,24,0.8666,0
2026-09-30 00:30:00,LINE_A,MAT_A,24.799,2.754,2.646,24.908,28,0.8896,0
2026-09-30 00:30:00,LINE_A,MAT_B,20.799,2.754,2.646,20.908,24,0.8712,0
2026-09-30 00:45:00,LINE_A,MAT_A,24.908,2.656,2.935,24.629,28,0.8796,0
2026-09-30 00:45:00,LINE_A,MAT_B,20.908,2.656,2.935,20.629,24,0.8595,0
2026-09-30 01:00:00,LINE_A,MAT_A,24.629,2.752,2.712,24.668,28,0.881,0
2026-09-30 01:00:00,LINE_A,MAT_B,20.629,2.752,2.712,20.668,24,0.8612,0
2026-09-30 01:15:00,LINE_A,MAT_A,24.668,2.717,2.692,24.693,28,0.8819,0
2026-09-30 01:15:00,LINE_A,MAT_B,20.668,2.717,2.692,20.693,24,0.8622,0
2026-09-30 01:30:00,LINE_A,MAT_A,24.693,2.902,2.595,25.001,28,0.8929,0
2026-09-30 01:30:00,LINE_A,MAT_B,20.693,2.902,2.595,21.001,24,0.875,0
2026-09-30 01:45:00,LINE_A,MAT_A,25.001,2.861,2.769,25.092,28,0.8962,0
2026-09-30 01:45:00,LINE_A,MAT_B,21.001,2.861,2.769,21.092,24,0.8788,0
2026-09-30 02:00:00,LINE_A,MAT_A,25.092,2.809,2.751,25.15,28,0.8982,0
2026-09-30 02:00:00,LINE_A,MAT_B,21.092,2.809,2.751,21.15,24,0.8812,0
2026-09-30 02:15:00,LINE_A,MAT_A,25.15,2.853,2.659,25.341,28,0.905,0
2026-09-30 02:15:00,LINE_A,MAT_B,21.15,2.853,2.659,21.341,24,0.8892,0
2026-09-30 02:30:00,LINE_A,MAT_A,25.341,2.903,2.578,25.422,28,0.9079,0
2026-09-30 02:30:00,LINE_A,MAT_B,21.341,2.903,2.578,21.422,24,0.8926,0
2026-09-30 02:45:00,LINE_A,MAT_A,25.422,2.7,2.65,25.35,28,0.9054,0
2026-09-30 02:45:00,LINE_A,MAT_B,21.422,2.7,2.65,21.35,24,0.8896,0
2026-09-30 03:00:00,LINE_A,MAT_A,25.35,2.355,2.786,24.919,28,0.89,0
2026-09-30 03:00:00,LINE_A,MAT_B,21.35,2.355,2.786,20.919,24,0.8716,0
2026-09-30 03:15:00,LINE_A,MAT_A,24.919,2.956,2.69,25.185,28,0.8995,0
2026-09-30 03:15:00,LINE_A,MAT_B,20.919,2.956,2.69,21.185,24,0.8827,0
2026-09-30 03:30:00,LINE_A,MAT_A,25.185,2.596,2.489,25.293,28,0.9033,0
2026-09-30 03:30:00,LINE_A,MAT_B,21.185,2.596,2.489,21.293,24,0.8872,0
2026-09-30 03:45:00,LINE_A,MAT_A,25.293,2.759,2.87,25.13,28,0.8975,0
2026-09-30 03:45:00,LINE_A,MAT_B,21.293,2.759,2.87,21.13,24,0.8804,0
2026-09-30 04:00:00,LINE_A,MAT_A,25.13,2.74,2.504,25.365,28,0.9059,0
2026-09-30 04:00:00,LINE_A,MAT_B,21.13,2.74,2.504,21.365,24,0.8902,0
2026-09-30 04:15:00,LINE_A,MAT_A,25.365,2.777,2.556,25.444,28,0.9087,0
2026-09-30 04:15:00,LINE_A,MAT_B,21.365,2.777,2.556,21.444,24,0.8935,0
2026-09-30 04:30:00,LINE_A,MAT_A,25.444,2.762,2.785,25.215,28,0.9005,0
2026-09-30 04:30:00,LINE_A,MAT_B,21.444,2.762,2.785,21.215,24,0.8839,0
2026-09-30 04:45:00,LINE_A,MAT_A,25.215,2.69,2.811,25.093,28,0.8962,0
2026-09-30 04:45:00,LINE_A,MAT_B,21.215,2.69,2.811,21.093,24,0.8789,0
2026-09-30 05:00:00,LINE_A,MAT_A,25.093,2.621,2.854,24.86,28,0.8879,0
2026-09-30 05:00:00,LINE_A,MAT_B,21.093,2.621,2.854,20.86,24,0.8692,0
2026-09-30 05:15:00,LINE_A,MAT_A,24.86,2.505,2.724,24.641,28,0.88,0
2026-09-30 05:15:00,LINE_A,MAT_B,20.86,2.505,2.724,20.641,24,0.86,0
2026-09-30 05:30:00,LINE_A,MAT_A,24.641,2.781,2.904,24.518,28,0.8757,0
2026-09-30 05:30:00,LINE_A,MAT_B,20.641,2.781,2.904,20.518,24,0.8549,0
2026-09-30 05:45:00,LINE_A,MAT_A,24.518,2.797,2.702,24.614,28,0.8791,0
2026-09-30 05:45:00,LINE_A,MAT_B,20.518,2.797,2.702,20.614,24,0.8589,0
2026-09-30 06:00:00,LINE_A,MAT_A,24.614,3.357,3.202,24.768,28,0.8846,0
2026-09-30 06:00:00,LINE_A,MAT_B,20.614,3.357,3.202,20.768,24,0.8653,0
2026-09-30 06:15:00,LINE_A,MAT_A,24.768,3.314,3.326,24.674,28,0.8812,0
2026-09-30 06:15:00,LINE_A,MAT_B,20.768,3.314,3.326,20.674,24,0.8614,0
2026-09-30 06:30:00,LINE_A,MAT_A,24.674,3.381,3.235,24.765,28,0.8845,0
2026-09-30 06:30:00,LINE_A,MAT_B,20.674,3.381,3.235,20.765,24,0.8652,0
2026-09-30 06:45:00,LINE_A,MAT_A,24.765,3.391,3.483,24.517,28,0.8756,0
2026-09-30 06:45:00,LINE_A,MAT_B,20.765,3.391,3.483,20.517,24,0.8549,0
2026-09-30 07:00:00,LINE_A,MAT_A,24.517,3.7,3.494,24.506,28,0.8752,0
2026-09-30 07:00:00,LINE_A,MAT_B,20.517,3.7,3.494,20.506,24,0.8544,0
2026-09-30 07:15:00,LINE_A,MAT_A,24.506,3.437,3.25,24.693,28,0.8819,0
2026-09-30 07:15:00,LINE_A,MAT_B,20.506,3.437,3.25,20.693,24,0.8622,0
2026-09-30 07:30:00,LINE_A,MAT_A,24.693,3.301,3.648,24.345,28,0.8695,0
2026-09-30 07:30:00,LINE_A,MAT_B,20.693,3.301,3.648,20.345,24,0.8477,0
2026-09-30 07:45:00,LINE_A,MAT_A,24.345,3.629,3.326,24.649,28,0.8803,0
2026-09-30 07:45:00,LINE_A,MAT_B,20.345,3.629,3.326,20.649,24,0.8604,0
2026-09-30 08:00:00,LINE_A,MAT_A,24.649,3.324,3.267,24.705,28,0.8823,0
2026-09-30 08:00:00,LINE_A,MAT_B,20.649,3.324,3.267,20.705,24,0.8627,0
2026-09-30 08:15:00,LINE_A,MAT_A,24.705,3.263,3.371,24.598,28,0.8785,0
2026-09-30 08:15:00,LINE_A,MAT_B,20.705,3.263,3.371,20.598,24,0.8582,0
2026-09-30 08:30:00,LINE_A,MAT_A,24.598,3.528,3.468,24.532,28,0.8761,0
2026-09-30 08:30:00,LINE_A,MAT_B,20.598,3.528,3.468,20.532,24,0.8555,0
2026-09-30 08:45:00,LINE_A,MAT_A,24.532,3.667,3.555,24.445,28,0.873,0
2026-09-30 08:45:00,LINE_A,MAT_B,20.532,3.667,3.555,20.445,24,0.8519,0
2026-09-30 09:00:00,LINE_A,MAT_A,24.445,3.613,3.439,24.561,28,0.8772,0
2026-09-30 09:00:00,LINE_A,MAT_B,20.445,3.613,3.439,20.561,24,0.8567,0
2026-09-30 09:15:00,LINE_A,MAT_A,24.561,3.518,3.36,24.64,28,0.88,0
2026-09-30 09:15:00,LINE_A,MAT_B,20.561,3.518,3.36,20.64,24,0.86,0
2026-09-30 09:30:00,LINE_A,MAT_A,24.64,3.478,3.463,24.537,28,0.8763,0
2026-09-30 09:30:00,LINE_A,MAT_B,20.64,3.478,3.463,20.537,24,0.8557,0
2026-09-30 09:45:00,LINE_A,MAT_A,24.537,3.512,3.528,24.472,28,0.874,0
2026-09-30 09:45:00,LINE_A,MAT_B,20.537,3.512,3.528,20.472,24,0.853,0
2026-09-30 10:00:00,LINE_A,MAT_A,24.472,3.711,3.403,24.597,28,0.8785,0
2026-09-30 10:00:00,LINE_A,MAT_B,20.472,3.711,3.403,20.597,24,0.8582,0
2026-09-30 10:15:00,LINE_A,MAT_A,24.597,3.19,3.525,24.262,28,0.8665,0
2026-09-30 10:15:00,LINE_A,MAT_B,20.597,3.19,3.525,20.262,24,0.8442,0
2026-09-30 10:30:00,LINE_A,MAT_A,24.262,3.949,3.45,24.55,28,0.8768,0
2026-09-30 10:30:00,LINE_A,MAT_B,20.262,3.949,3.45,20.55,24,0.8562,0
2026-09-30 10:45:00,LINE_A,MAT_A,24.55,3.665,3.361,24.639,28,0.8799,0
2026-09-30 10:45:00,LINE_A,MAT_B,20.55,3.665,3.361,20.639,24,0.8599,0
2026-09-30 11:00:00,LINE_A,MAT_A,24.639,3.63,3.536,24.464,28,0.8737,0
2026-09-30 11:00:00,LINE_A,MAT_B,20.639,3.63,3.536,20.464,24,0.8527,0
2026-09-30 11:15:00,LINE_A,MAT_A,24.464,3.51,3.786,24.188,28,0.8639,0
2026-09-30 11:15:00,LINE_A,MAT_B,20.464,3.51,3.786,20.188,24,0.8412,0
2026-09-30 11:30:00,LINE_A,MAT_A,24.188,3.4,3.11,24.478,28,0.8742,0
2026-09-30 11:30:00,LINE_A,MAT_B,20.188,3.4,3.11,20.478,24,0.8533,0
2026-09-30 11:45:00,LINE_A,MAT_A,24.478,2.986,3.144,24.32,28,0.8686,0
2026-09-30 11:45:00,LINE_A,MAT_B,20.478,2.986,3.144,20.32,24,0.8467,0
2026-09-30 12:00:00,LINE_A,MAT_A,24.32,3.771,3.556,24.444,28,0.873,0
2026-09-30 12:00:00,LINE_A,MAT_B,20.32,3.771,3.556,20.444,24,0.8518,0
2026-09-30 12:15:00,LINE_A,MAT_A,24.444,3.35,3.518,24.277,28,0.867,0
2026-09-30 12:15:00,LINE_A,MAT_B,20.444,3.35,3.518,20.277,24,0.8449,0
2026-09-30 12:30:00,LINE_A,MAT_A,24.277,3.474,3.727,24.025,28,0.858,0
2026-09-30 12:30:00,LINE_A,MAT_B,20.277,3.474,3.727,20.025,24,0.8344,0
2026-09-30 12:45:00,LINE_A,MAT_A,24.025,3.894,3.564,24.355,28,0.8698,0
2026-09-30 12:45:00,LINE_A,MAT_B,20.025,3.894,3.564,20.355,24,0.8481,0
2026-09-30 13:00:00,LINE_A,MAT_A,24.355,3.554,3.627,24.282,28,0.8672,0
2026-09-30 13:00:00,LINE_A,MAT_B,20.355,3.554,3.627,20.282,24,0.8451,0
2026-09-30 13:15:00,LINE_A,MAT_A,24.282,3.299,3.635,23.946,28,0.8552,0
2026-09-30 13:15:00,LINE_A,MAT_B,20.282,3.299,3.635,19.946,24,0.8311,0
2026-09-30 13:30:00,LINE_A,MAT_A,23.946,3.488,3.517,23.918,28,0.8542,0
2026-09-30 13:30:00,LINE_A,MAT_B,19.946,3.488,3.517,19.918,24,0.8299,0
2026-09-30 13:45:00,LINE_A,MAT_A,23.918,3.281,3.627,23.572,28,0.8418,0
2026-09-30 13:45:00,LINE_A,MAT_B,19.918,3.281,3.627,19.572,24,0.8155,0
2026-09-30 14:00:00,LINE_A,MAT_A,23.572,3.443,3.793,23.222,28,0.8294,0
2026-09-30 14:00:00,LINE_A,MAT_B,19.572,3.443,3.793,19.222,24,0.8009,0
2026-09-30 14:15:00,LINE_A,MAT_A,23.222,3.858,3.621,23.458,28,0.8378,0
2026-09-30 14:15:00,LINE_A,MAT_B,19.222,3.858,3.621,19.458,24,0.8108,0
2026-09-30 14:30:00,LINE_A,MAT_A,23.458,3.847,3.604,23.702,28,0.8465,0
2026-09-30 14:30:00,LINE_A,MAT_B,19.458,3.847,3.604,19.702,24,0.8209,0
2026-09-30 14:45:00,LINE_A,MAT_A,23.702,3.797,3.674,23.825,28,0.8509,0
2026-09-30 14:45:00,LINE_A,MAT_B,19.702,3.797,3.674,19.825,24,0.826,0
2026-09-30 15:00:00,LINE_A,MAT_A,23.825,3.832,3.811,23.846,28,0.8516,0
2026-09-30 15:00:00,LINE_A,MAT_B,19.825,3.832,3.811,19.846,24,0.8269,0
2026-09-30 15:15:00,LINE_A,MAT_A,23.846,3.503,3.431,23.918,28,0.8542,0
2026-09-30 15:15:00,LINE_A,MAT_B,19.846,3.503,3.431,19.918,24,0.8299,0
2026-09-30 15:30:00,LINE_A,MAT_A,23.918,3.109,3.619,23.408,28,0.836,0
2026-09-30 15:30:00,LINE_A,MAT_B,19.918,3.109,3.619,19.408,24,0.8086,0
2026-09-30 15:45:00,LINE_A,MAT_A,23.408,4.598,3.678,24.322,28,0.8686,0
2026-09-30 15:45:00,LINE_A,MAT_B,19.408,4.598,3.678,20.322,24,0.8468,0
2026-09-30 16:00:00,LINE_A,MAT_A,24.322,3.509,3.784,24.047,28,0.8588,0
2026-09-30 16:00:00,LINE_A,MAT_B,20.322,3.509,3.784,20.047,24,0.8353,0
2026-09-30 16:15:00,LINE_A,MAT_A,24.047,3.792,3.517,24.321,28,0.8686,0
2026-09-30 16:15:00,LINE_A,MAT_B,20.047,3.792,3.517,20.321,24,0.8467,0
2026-09-30 16:30:00,LINE_A,MAT_A,24.321,3.703,3.57,24.43,28,0.8725,0
2026-09-30 16:30:00,LINE_A,MAT_B,20.321,3.703,3.57,20.43,24,0.8512,0
2026-09-30 16:45:00,LINE_A,MAT_A,24.43,3.621,3.601,24.399,28,0.8714,0
2026-09-30 16:45:00,LINE_A,MAT_B,20.43,3.621,3.601,20.399,24,0.8499,0
2026-09-30 17:00:00,LINE_A,MAT_A,24.399,3.719,4.088,23.912,28,0.854,0
2026-09-30 17:00:00,LINE_A,MAT_B,20.399,3.719,4.088,19.912,24,0.8297,0
2026-09-30 17:15:00,LINE_A,MAT_A,23.912,3.729,3.828,23.812,28,0.8504,0
2026-09-30 17:15:00,LINE_A,MAT_B,19.912,3.729,3.828,19.812,24,0.8255,0
2026-09-30 17:30:00,LINE_A,MAT_A,23.812,3.885,3.797,23.9,28,0.8536,0
2026-09-30 17:30:00,LINE_A,MAT_B,19.812,3.885,3.797,19.9,24,0.8292,0
2026-09-30 17:45:00,LINE_A,MAT_A,23.9,3.685,3.642,23.944,28,0.8551,0
2026-09-30 17:45:00,LINE_A,MAT_B,19.9,3.685,3.642,19.944,24,0.831,0
2026-09-30 18:00:00,LINE_A,MAT_A,23.944,3.731,3.62,24.055,28,0.8591,0
2026-09-30 18:00:00,LINE_A,MAT_B,19.944,3.731,3.62,20.055,24,0.8356,0
2026-09-30 18:15:00,LINE_A,MAT_A,24.055,3.575,3.679,23.951,28,0.8554,0
2026-09-30 18:15:00,LINE_A,MAT_B,20.055,3.575,3.679,19.951,24,0.8313,0
2026-09-30 18:30:00,LINE_A,MAT_A,23.951,3.433,3.534,23.85,28,0.8518,0
2026-09-30 18:30:00,LINE_A,MAT_B,19.951,3.433,3.534,19.85,24,0.8271,0
2026-09-30 18:45:00,LINE_A,MAT_A,23.85,3.53,3.433,23.946,28,0.8552,0
2026-09-30 18:45:00,LINE_A,MAT_B,19.85,3.53,3.433,19.946,24,0.8311,0
2026-09-30 19:00:00,LINE_A,MAT_A,23.946,3.04,3.182,23.804,28,0.8501,0
2026-09-30 19:00:00,LINE_A,MAT_B,19.946,3.04,3.182,19.804,24,0.8252,0
2026-09-30 19:15:00,LINE_A,MAT_A,23.804,3.101,3.065,23.84,28,0.8514,0
2026-09-30 19:15:00,LINE_A,MAT_B,19.804,3.101,3.065,19.84,24,0.8267,0
2026-09-30 19:30:00,LINE_A,MAT_A,23.84,3.498,3.38,23.959,28,0.8557,0
2026-09-30 19:30:00,LINE_A,MAT_B,19.84,3.498,3.38,19.959,24,0.8316,0
2026-09-30 19:45:00,LINE_A,MAT_A,23.959,3.688,3.601,24.046,28,0.8588,0
2026-09-30 19:45:00,LINE_A,MAT_B,19.959,3.688,3.601,20.046,24,0.8353,0
2026-09-30 20:00:00,LINE_A,MAT_A,24.046,3.752,3.621,24.177,28,0.8635,0
2026-09-30 20:00:00,LINE_A,MAT_B,20.046,3.752,3.621,20.177,24,0.8407,0
2026-09-30 20:15:00,LINE_A,MAT_A,24.177,3.203,3.72,23.66,28,0.845,0
2026-09-30 20:15:00,LINE_A,MAT_B,20.177,3.203,3.72,19.66,24,0.8192,0
2026-09-30 20:30:00,LINE_A,MAT_A,23.66,3.947,3.653,23.954,28,0.8555,0
2026-09-30 20:30:00,LINE_A,MAT_B,19.66,3.947,3.653,19.954,24,0.8314,0
2026-09-30 20:45:00,LINE_A,MAT_A,23.954,3.556,3.31,24.2,28,0.8643,0
2026-09-30 20:45:00,LINE_A,MAT_B,19.954,3.556,3.31,20.2,24,0.8417,0
2026-09-30 21:00:00,LINE_A,MAT_A,24.2,3.342,3.489,24.052,28,0.859,0
2026-09-30 21:00:00,LINE_A,MAT_B,20.2,3.342,3.489,20.052,24,0.8355,0
2026-09-30 21:15:00,LINE_A,MAT_A,24.052,3.843,3.506,24.389,28,0.871,0
2026-09-30 21:15:00,LINE_A,MAT_B,20.052,3.843,3.506,20.389,24,0.8495,0
2026-09-30 21:30:00,LINE_A,MAT_A,24.389,3.506,3.565,24.331,28,0.869,0
2026-09-30 21:30:00,LINE_A,MAT_B,20.389,3.506,3.565,20.331,24,0.8471,0
2026-09-30 21:45:00,LINE_A,MAT_A,24.331,3.391,3.377,24.345,28,0.8695,0
2026-09-30 21:45:00,LINE_A,MAT_B,20.331,3.391,3.377,20.345,24,0.8477,0
2026-09-30 22:00:00,LINE_A,MAT_A,24.345,2.843,2.453,24.735,28,0.8834,0
2026-09-30 22:00:00,LINE_A,MAT_B,20.345,2.843,2.453,20.735,24,0.864,0
2026-09-30 22:15:00,LINE_A,MAT_A,24.735,2.583,2.737,24.582,28,0.8779,0
2026-09-30 22:15:00,LINE_A,MAT_B,20.735,2.583,2.737,20.582,24,0.8576,0
2026-09-30 22:30:00,LINE_A,MAT_A,24.582,2.75,2.746,24.585,28,0.878,0
2026-09-30 22:30:00,LINE_A,MAT_B,20.582,2.75,2.746,20.585,24,0.8577,0
2026-09-30 22:45:00,LINE_A,MAT_A,24.585,2.668,2.785,24.468,28,0.8739,0
2026-09-30 22:45:00,LINE_A,MAT_B,20.585,2.668,2.785,20.468,24,0.8528,0
2026-09-30 23:00:00,LINE_A,MAT_A,24.468,2.364,2.783,24.049,28,0.8589,0
2026-09-30 23:00:00,LINE_A,MAT_B,20.468,2.364,2.783,20.049,24,0.8354,0
2026-09-30 23:15:00,LINE_A,MAT_A,24.049,2.68,2.576,24.153,28,0.8626,0
2026-09-30 23:15:00,LINE_A,MAT_B,20.049,2.68,2.576,20.153,24,0.8397,0
2026-09-30 23:30:00,LINE_A,MAT_A,24.153,2.626,2.695,24.083,28,0.8601,0
2026-09-30 23:30:00,LINE_A,MAT_B,20.153,2.626,2.695,20.083,24,0.8368,0
2026-09-30 23:45:00,LINE_A,MAT_A,24.083,3.012,2.544,24.552,28,0.8768,0
2026-09-30 23:45:00,LINE_A,MAT_B,20.083,3.012,2.544,20.552,24,0.8563,0
2026-10-01 00:00:00,LINE_A,MAT_A,24.552,2.637,2.843,24.345,28,0.8695,0
2026-10-01 00:00:00,LINE_A,MAT_B,20.552,2.637,2.843,20.345,24,0.8477,0
2026-10-01 00:15:00,LINE_A,MAT_A,24.345,2.706,2.631,24.419,28,0.8721,0
2026-10-01 00:15:00,LINE_A,MAT_B,20.345,2.706,2.631,20.419,24,0.8508,0
2026-10-01 00:30:00,LINE_A,MAT_A,24.419,2.605,2.647,24.377,28,0.8706,0
2026-10-01 00:30:00,LINE_A,MAT_B,20.419,2.605,2.647,20.377,24,0.849,0
2026-10-01 00:45:00,LINE_A,MAT_A,24.377,2.655,2.725,24.307,28,0.8681,0
2026-10-01 00:45:00,LINE_A,MAT_B,20.377,2.655,2.725,20.307,24,0.8461,0
2026-10-01 01:00:00,LINE_A,MAT_A,24.307,2.63,2.844,24.093,28,0.8605,0
2026-10-01 01:00:00,LINE_A,MAT_B,20.307,2.63,2.844,20.093,24,0.8372,0
2026-10-01 01:15:00,LINE_A,MAT_A,24.093,2.564,2.737,23.919,28,0.8543,0
2026-10-01 01:15:00,LINE_A,MAT_B,20.093,2.564,2.737,19.919,24,0.83,0
2026-10-01 01:30:00,LINE_A,MAT_A,23.919,2.858,2.697,24.081,28,0.86,0
2026-10-01 01:30:00,LINE_A,MAT_B,19.919,2.858,2.697,20.081,24,0.8367,0
2026-10-01 01:45:00,LINE_A,MAT_A,24.081,2.693,2.393,24.381,28,0.8708,0
2026-10-01 01:45:00,LINE_A,MAT_B,20.081,2.693,2.393,20.381,24,0.8492,0
2026-10-01 02:00:00,LINE_A,MAT_A,24.381,2.707,2.455,24.633,28,0.8798,0
2026-10-01 02:00:00,LINE_A,MAT_B,20.381,2.707,2.455,20.633,24,0.8597,0
2026-10-01 02:15:00,LINE_A,MAT_A,24.633,2.907,2.598,24.942,28,0.8908,0
2026-10-01 02:15:00,LINE_A,MAT_B,20.633,2.907,2.598,20.942,24,0.8726,0
2026-10-01 02:30:00,LINE_A,MAT_A,24.942,2.761,2.377,25.326,28,0.9045,0
2026-10-01 02:30:00,LINE_A,MAT_B,20.942,2.761,2.377,21.326,24,0.8886,0
2026-10-01 02:45:00,LINE_A,MAT_A,25.326,2.474,2.718,25.082,28,0.8958,0
2026-10-01 02:45:00,LINE_A,MAT_B,21.326,2.474,2.718,21.082,24,0.8784,0
2026-10-01 03:00:00,LINE_A,MAT_A,25.082,2.775,2.742,25.115,28,0.897,0
2026-10-01 03:00:00,LINE_A,MAT_B,21.082,2.775,2.742,21.115,24,0.8798,0
2026-10-01 03:15:00,LINE_A,MAT_A,25.115,2.37,2.704,24.781,28,0.8851,0
2026-10-01 03:15:00,LINE_A,MAT_B,21.115,2.37,2.704,20.781,24,0.8659,0
2026-10-01 03:30:00,LINE_A,MAT_A,24.781,2.638,2.83,24.589,28,0.8782,0
2026-10-01 03:30:00,LINE_A,MAT_B,20.781,2.638,2.83,20.589,24,0.8579,0
2026-10-01 03:45:00,LINE_A,MAT_A,24.589,2.584,2.723,24.449,28,0.8732,0
2026-10-01 03:45:00,LINE_A,MAT_B,20.589,2.584,2.723,20.449,24,0.852,0
2026-10-01 04:00:00,LINE_A,MAT_A,24.449,2.894,2.826,24.518,28,0.8756,0
2026-10-01 04:00:00,LINE_A,MAT_B,20.449,2.894,2.826,20.518,24,0.8549,0
2026-10-01 04:15:00,LINE_A,MAT_A,24.518,2.682,2.745,24.454,28,0.8734,0
2026-10-01 04:15:00,LINE_A,MAT_B,20.518,2.682,2.745,20.454,24,0.8523,0
2026-10-01 04:30:00,LINE_A,MAT_A,24.454,2.837,2.798,24.493,28,0.8748,0
2026-10-01 04:30:00,LINE_A,MAT_B,20.454,2.837,2.798,20.493,24,0.8539,0
2026-10-01 04:45:00,LINE_A,MAT_A,24.493,2.64,2.946,24.188,28,0.8638,0
2026-10-01 04:45:00,LINE_A,MAT_B,20.493,2.64,2.946,20.188,24,0.8412,0
2026-10-01 05:00:00,LINE_A,MAT_A,24.188,2.961,2.657,24.492,28,0.8747,0
2026-10-01 05:00:00,LINE_A,MAT_B,20.188,2.961,2.657,20.492,24,0.8538,0
2026-10-01 05:15:00,LINE_A,MAT_A,24.492,2.755,2.726,24.52,28,0.8757,0
2026-10-01 05:15:00,LINE_A,MAT_B,20.492,2.755,2.726,20.52,24,0.855,0
2026-10-01 05:30:00,LINE_A,MAT_A,24.52,2.72,2.877,24.363,28,0.8701,0
2026-10-01 05:30:00,LINE_A,MAT_B,20.52,2.72,2.877,20.363,24,0.8485,0
2026-10-01 05:45:00,LINE_A,MAT_A,24.363,2.773,2.671,24.465,28,0.8737,0
2026-10-01 05:45:00,LINE_A,MAT_B,20.363,2.773,2.671,20.465,24,0.8527,0
2026-10-01 06:00:00,LINE_A,MAT_A,24.465,3.277,3.559,24.183,28,0.8637,0
2026-10-01 06:00:00,LINE_A,MAT_B,20.465,3.277,3.559,20.183,24,0.841,0
2026-10-01 06:15:00,LINE_A,MAT_A,24.183,3.556,3.326,24.413,28,0.8719,0
2026-10-01 06:15:00,LINE_A,MAT_B,20.183,3.556,3.326,20.413,24,0.8505,0
2026-10-01 06:30:00,LINE_A,MAT_A,24.413,3.331,3.348,24.396,28,0.8713,0
2026-10-01 06:30:00,LINE_A,MAT_B,20.413,3.331,3.348,20.396,24,0.8498,0
2026-10-01 06:45:00,LINE_A,MAT_A,24.396,3.246,3.394,24.248,28,0.866,0
2026-10-01 06:45:00,LINE_A,MAT_B,20.396,3.246,3.394,20.248,24,0.8437,0
2026-10-01 07:00:00,LINE_A,MAT_A,24.248,3.745,3.445,24.548,28,0.8767,0
2026-10-01 07:00:00,LINE_A,MAT_B,20.248,3.745,3.445,20.548,24,0.8562,0
2026-10-01 07:15:00,LINE_A,MAT_A,24.548,3.651,3.586,24.414,28,0.8719,0
2026-10-01 07:15:00,LINE_A,MAT_B,20.548,3.651,3.586,20.414,24,0.8506,0
2026-10-01 07:30:00,LINE_A,MAT_A,24.414,3.444,3.381,24.477,28,0.8742,0
2026-10-01 07:30:00,LINE_A,MAT_B,20.414,3.444,3.381,20.477,24,0.8532,0
2026-10-01 07:45:00,LINE_A,MAT_A,24.477,3.073,3.745,23.804,28,0.8502,0
2026-10-01 07:45:00,LINE_A,MAT_B,20.477,3.073,3.745,19.804,24,0.8252,0
2026-10-01 08:00:00,LINE_A,MAT_A,23.804,4.145,3.408,24.541,28,0.8765,0
2026-10-01 08:00:00,LINE_A,MAT_B,19.804,4.145,3.408,20.541,24,0.8559,0
2026-10-01 08:15:00,LINE_A,MAT_A,24.541,3.723,3.529,24.471,28,0.874,0
2026-10-01 08:15:00,LINE_A,MAT_B,20.541,3.723,3.529,20.471,24,0.853,0
2026-10-01 08:30:00,LINE_A,MAT_A,24.471,3.31,3.559,24.223,28,0.8651,0
2026-10-01 08:30:00,LINE_A,MAT_B,20.471,3.31,3.559,20.223,24,0.8426,0
2026-10-01 08:45:00,LINE_A,MAT_A,24.223,3.733,3.414,24.542,28,0.8765,0
2026-10-01 08:45:00,LINE_A,MAT_B,20.223,3.733,3.414,20.542,24,0.8559,0
2026-10-01 09:00:00,LINE_A,MAT_A,24.542,3.746,3.333,24.667,28,0.881,0
2026-10-01 09:00:00,LINE_A,MAT_B,20.542,3.746,3.333,20.667,24,0.8611,0
2026-10-01 09:15:00,LINE_A,MAT_A,24.667,3.257,3.54,24.384,28,0.8709,0
2026-10-01 09:15:00,LINE_A,MAT_B,20.667,3.257,3.54,20.384,24,0.8493,0
2026-10-01 09:30:00,LINE_A,MAT_A,24.384,3.072,3.447,24.009,28,0.8575,0
2026-10-01 09:30:00,LINE_A,MAT_B,20.384,3.072,3.447,20.009,24,0.8337,0
2026-10-01 09:45:00,LINE_A,MAT_A,24.009,3.768,3.451,24.326,28,0.8688,0
2026-10-01 09:45:00,LINE_A,MAT_B,20.009,3.768,3.451,20.326,24,0.8469,0
2026-10-01 10:00:00,LINE_A,MAT_A,24.326,3.771,3.418,24.582,28,0.8779,0
2026-10-01 10:00:00,LINE_A,MAT_B,20.326,3.771,3.418,20.582,24,0.8576,0
2026-10-01 10:15:00,LINE_A,MAT_A,24.582,3.506,3.499,24.501,28,0.875,0
2026-10-01 10:15:00,LINE_A,MAT_B,20.582,3.506,3.499,20.501,24,0.8542,0
2026-10-01 10:30:00,LINE_A,MAT_A,24.501,3.536,3.737,24.263,28,0.8665,0
2026-10-01 10:30:00,LINE_A,MAT_B,20.501,3.536,3.737,20.263,24,0.8443,0
2026-10-01 10:45:00,LINE_A,MAT_A,24.263,3.534,3.471,24.326,28,0.8688,0
2026-10-01 10:45:00,LINE_A,MAT_B,20.263,3.534,3.471,20.326,24,0.8469,0
2026-10-01 11:00:00,LINE_A,MAT_A,24.326,3.409,3.518,24.217,28,0.8649,0
2026-10-01 11:00:00,LINE_A,MAT_B,20.326,3.409,3.518,20.217,24,0.8424,0
2026-10-01 11:15:00,LINE_A,MAT_A,24.217,3.454,3.623,24.048,28,0.8589,0
2026-10-01 11:15:00,LINE_A,MAT_B,20.217,3.454,3.623,20.048,24,0.8353,0
2026-10-01 11:30:00,LINE_A,MAT_A,24.048,3.197,3.046,24.2,28,0.8643,0
2026-10-01 11:30:00,LINE_A,MAT_B,20.048,3.197,3.046,20.2,24,0.8416,0
2026-10-01 11:45:00,LINE_A,MAT_A,24.2,3.368,3.285,24.283,28,0.8672,0
2026-10-01 11:45:00,LINE_A,MAT_B,20.2,3.368,3.285,20.283,24,0.8451,0
2026-10-01 12:00:00,LINE_A,MAT_A,24.283,3.851,3.424,24.576,28,0.8777,0
2026-10-01 12:00:00,LINE_A,MAT_B,20.283,3.851,3.424,20.576,24,0.8573,0
2026-10-01 12:15:00,LINE_A,MAT_A,24.576,3.521,3.498,24.502,28,0.8751,0
2026-10-01 12:15:00,LINE_A,MAT_B,20.576,3.521,3.498,20.502,24,0.8543,0
2026-10-01 12:30:00,LINE_A,MAT_A,24.502,3.598,3.605,24.395,28,0.8713,0
2026-10-01 12:30:00,LINE_A,MAT_B,20.502,3.598,3.605,20.395,24,0.8498,0
2026-10-01 12:45:00,LINE_A,MAT_A,24.395,3.593,3.465,24.523,28,0.8758,0
2026-10-01 12:45:00,LINE_A,MAT_B,20.395,3.593,3.465,20.523,24,0.8551,0
2026-10-01 13:00:00,LINE_A,MAT_A,24.523,3.3,3.73,24.092,28,0.8604,0
2026-10-01 13:00:00,LINE_A,MAT_B,20.523,3.3,3.73,20.092,24,0.8372,0
2026-10-01 13:15:00,LINE_A,MAT_A,24.092,3.62,3.671,24.042,28,0.8586,0
2026-10-01 13:15:00,LINE_A,MAT_B,20.092,3.62,3.671,20.042,24,0.8351,0
2026-10-01 13:30:00,LINE_A,MAT_A,24.042,3.545,3.771,23.815,28,0.8505,0
2026-10-01 13:30:00,LINE_A,MAT_B,20.042,3.545,3.771,19.815,24,0.8256,0
2026-10-01 13:45:00,LINE_A,MAT_A,23.815,3.167,3.757,23.225,28,0.8295,0
2026-10-01 13:45:00,LINE_A,MAT_B,19.815,3.167,3.757,19.225,24,0.8011,0
2026-10-01 14:00:00,LINE_A,MAT_A,23.225,4.34,3.799,23.767,28,0.8488,0
2026-10-01 14:00:00,LINE_A,MAT_B,19.225,4.34,3.799,19.767,24,0.8236,0
2026-10-01 14:15:00,LINE_A,MAT_A,23.767,3.866,3.909,23.725,28,0.8473,0
2026-10-01 14:15:00,LINE_A,MAT_B,19.767,3.866,3.909,19.725,24,0.8219,0
2026-10-01 14:30:00,LINE_A,MAT_A,23.725,3.437,3.587,23.575,28,0.8419,0
2026-10-01 14:30:00,LINE_A,MAT_B,19.725,3.437,3.587,19.575,24,0.8156,0
2026-10-01 14:45:00,LINE_A,MAT_A,23.575,3.965,3.869,23.67,28,0.8454,0
2026-10-01 14:45:00,LINE_A,MAT_B,19.575,3.965,3.869,19.67,24,0.8196,0
2026-10-01 15:00:00,LINE_A,MAT_A,23.67,3.907,3.72,23.857,28,0.852,0
2026-10-01 15:00:00,LINE_A,MAT_B,19.67,3.907,3.72,19.857,24,0.8274,0
2026-10-01 15:15:00,LINE_A,MAT_A,23.857,3.715,3.675,23.897,28,0.8534,0
2026-10-01 15:15:00,LINE_A,MAT_B,19.857,3.715,3.675,19.897,24,0.829,0
2026-10-01 15:30:00,LINE_A,MAT_A,23.897,3.863,3.5,24.26,28,0.8664,0
2026-10-01 15:30:00,LINE_A,MAT_B,19.897,3.863,3.5,20.26,24,0.8442,0
2026-10-01 15:45:00,LINE_A,MAT_A,24.26,3.864,3.74,24.26,28,0.8664,0
2026-10-01 15:45:00,LINE_A,MAT_B,20.26,3.864,3.74,20.26,24,0.8442,0
2026-10-01 16:00:00,LINE_A,MAT_A,24.26,3.543,3.882,23.921,28,0.8543,0
2026-10-01 16:00:00,LINE_A,MAT_B,20.26,3.543,3.882,19.921,24,0.83,0
2026-10-01 16:15:00,LINE_A,MAT_A,23.921,3.746,3.966,23.701,28,0.8465,0
2026-10-01 16:15:00,LINE_A,MAT_B,19.921,3.746,3.966,19.701,24,0.8209,0
2026-10-01 16:30:00,LINE_A,MAT_A,23.701,3.4,3.581,23.52,28,0.84,0
2026-10-01 16:30:00,LINE_A,MAT_B,19.701,3.4,3.581,19.52,24,0.8133,0
2026-10-01 16:45:00,LINE_A,MAT_A,23.52,3.413,3.819,23.114,28,0.8255,0
2026-10-01 16:45:00,LINE_A,MAT_B,19.52,3.413,3.819,19.114,24,0.7964,0
2026-10-01 17:00:00,LINE_A,MAT_A,23.114,3.758,3.65,23.222,28,0.8293,0
2026-10-01 17:00:00,LINE_A,MAT_B,19.114,3.758,3.65,19.222,24,0.8009,0
2026-10-01 17:15:00,LINE_A,MAT_A,23.222,3.568,4.088,22.701,28,0.8108,0
2026-10-01 17:15:00,LINE_A,MAT_B,19.222,3.568,4.088,18.701,24,0.7792,0
2026-10-01 17:30:00,LINE_A,MAT_A,22.701,3.499,3.78,22.421,28,0.8007,0
2026-10-01 17:30:00,LINE_A,MAT_B,18.701,3.499,3.78,18.421,24,0.7675,0
2026-10-01 17:45:00,LINE_A,MAT_A,22.421,3.963,3.752,22.631,28,0.8082,0
2026-10-01 17:45:00,LINE_A,MAT_B,18.421,3.963,3.752,18.631,24,0.7763,0
2026-10-01 18:00:00,LINE_A,MAT_A,22.631,3.742,3.536,22.837,28,0.8156,0
2026-10-01 18:00:00,LINE_A,MAT_B,18.631,3.742,3.536,18.837,24,0.7849,0
2026-10-01 18:15:00,LINE_A,MAT_A,22.837,3.712,3.853,22.696,28,0.8106,0
2026-10-01 18:15:00,LINE_A,MAT_B,18.837,3.712,3.853,18.696,24,0.779,0
2026-10-01 18:30:00,LINE_A,MAT_A,22.696,3.845,3.826,22.715,28,0.8113,0
2026-10-01 18:30:00,LINE_A,MAT_B,18.696,3.845,3.826,18.715,24,0.7798,0
2026-10-01 18:45:00,LINE_A,MAT_A,22.715,3.402,3.693,22.425,28,0.8009,0
2026-10-01 18:45:00,LINE_A,MAT_B,18.715,3.402,3.693,18.425,24,0.7677,0
2026-10-01 19:00:00,LINE_A,MAT_A,22.425,3.073,3.141,22.356,28,0.7984,0
2026-10-01 19:00:00,LINE_A,MAT_B,18.425,3.073,3.141,18.356,24,0.7648,0
2026-10-01 19:15:00,LINE_A,MAT_A,22.356,1.55,3.109,20.798,28,0.7428,0
2026-10-01 19:15:00,LINE_A,MAT_B,18.356,1.55,3.109,16.798,24,0.6999,0
2026-10-01 19:30:00,LINE_A,MAT_A,20.798,4.933,3.741,21.99,28,0.7854,0
2026-10-01 19:30:00,LINE_A,MAT_B,16.798,4.933,3.741,17.99,24,0.7496,0
2026-10-01 19:45:00,LINE_A,MAT_A,21.99,3.574,3.51,22.053,28,0.7876,0
2026-10-01 19:45:00,LINE_A,MAT_B,17.99,3.574,3.51,18.053,24,0.7522,0
2026-10-01 20:00:00,LINE_A,MAT_A,22.053,3.472,3.467,22.058,28,0.7878,0
2026-10-01 20:00:00,LINE_A,MAT_B,18.053,3.472,3.467,18.058,24,0.7524,0
2026-10-01 20:15:00,LINE_A,MAT_A,22.058,3.697,3.576,22.179,28,0.7921,0
2026-10-01 20:15:00,LINE_A,MAT_B,18.058,3.697,3.576,18.179,24,0.7575,0
2026-10-01 20:30:00,LINE_A,MAT_A,22.179,3.492,3.535,22.136,28,0.7906,0
2026-10-01 20:30:00,LINE_A,MAT_B,18.179,3.492,3.535,18.136,24,0.7557,0
2026-10-01 20:45:00,LINE_A,MAT_A,22.136,3.796,3.517,22.415,28,0.8005,0
2026-10-01 20:45:00,LINE_A,MAT_B,18.136,3.796,3.517,18.415,24,0.7673,0
2026-10-01 21:00:00,LINE_A,MAT_A,22.415,3.051,3.489,21.976,28,0.7849,0
2026-10-01 21:00:00,LINE_A,MAT_B,18.415,3.051,3.489,17.976,24,0.749,0
2026-10-01 21:15:00,LINE_A,MAT_A,21.976,3.39,3.675,21.691,28,0.7747,0
2026-10-01 21:15:00,LINE_A,MAT_B,17.976,3.39,3.675,17.691,24,0.7371,0
2026-10-01 21:30:00,LINE_A,MAT_A,21.691,3.263,3.605,21.349,28,0.7625,0
2026-10-01 21:30:00,LINE_A,MAT_B,17.691,3.263,3.605,17.349,24,0.7229,0
2026-10-01 21:45:00,LINE_A,MAT_A,21.349,3.557,3.5,21.406,28,0.7645,0
2026-10-01 21:45:00,LINE_A,MAT_B,17.349,3.557,3.5,17.406,24,0.7253,0
2026-10-01 22:00:00,LINE_A,MAT_A,21.406,2.791,2.705,21.492,28,0.7676,0
2026-10-01 22:00:00,LINE_A,MAT_B,17.406,2.791,2.705,17.492,24,0.7289,0
2026-10-01 22:15:00,LINE_A,MAT_A,21.492,2.408,2.76,21.14,28,0.755,0
2026-10-01 22:15:00,LINE_A,MAT_B,17.492,2.408,2.76,17.14,24,0.7142,0
2026-10-01 22:30:00,LINE_A,MAT_A,21.14,2.73,2.667,21.203,28,0.7573,0
2026-10-01 22:30:00,LINE_A,MAT_B,17.14,2.73,2.667,17.203,24,0.7168,0
2026-10-01 22:45:00,LINE_A,MAT_A,21.203,2.901,2.581,21.523,28,0.7687,0
2026-10-01 22:45:00,LINE_A,MAT_B,17.203,2.901,2.581,17.523,24,0.7301,0
2026-10-01 23:00:00,LINE_A,MAT_A,21.523,2.743,2.626,21.641,28,0.7729,0
2026-10-01 23:00:00,LINE_A,MAT_B,17.523,2.743,2.626,17.641,24,0.735,0
2026-10-01 23:15:00,LINE_A,MAT_A,21.641,2.625,2.774,21.492,28,0.7676,0
2026-10-01 23:15:00,LINE_A,MAT_B,17.641,2.625,2.774,17.492,24,0.7288,0
2026-10-01 23:30:00,LINE_A,MAT_A,21.492,2.465,2.72,21.237,28,0.7585,0
2026-10-01 23:30:00,LINE_A,MAT_B,17.492,2.465,2.72,17.237,24,0.7182,0
2026-10-01 23:45:00,LINE_A,MAT_A,21.237,2.661,2.564,21.334,28,0.7619,0
2026-10-01 23:45:00,LINE_A,MAT_B,17.237,2.661,2.564,17.334,24,0.7222,0
2026-10-02 00:00:00,LINE_A,MAT_A,21.334,3.094,2.705,21.722,28,0.7758,0
2026-10-02 00:00:00,LINE_A,MAT_B,17.334,3.094,2.705,17.722,24,0.7384,0
2026-10-02 00:15:00,LINE_A,MAT_A,21.722,2.541,2.565,21.698,28,0.7749,0
2026-10-02 00:15:00,LINE_A,MAT_B,17.722,2.541,2.565,17.698,24,0.7374,0
2026-10-02 00:30:00,LINE_A,MAT_A,21.698,2.465,2.563,21.599,28,0.7714,0
2026-10-02 00:30:00,LINE_A,MAT_B,17.698,2.465,2.563,17.599,24,0.7333,0
2026-10-02 00:45:00,LINE_A,MAT_A,21.599,2.719,2.689,21.629,28,0.7725,0
2026-10-02 00:45:00,LINE_A,MAT_B,17.599,2.719,2.689,17.629,24,0.7346,0
2026-10-02 01:00:00,LINE_A,MAT_A,21.629,2.771,2.65,21.751,28,0.7768,0
2026-10-02 01:00:00,LINE_A,MAT_B,17.629,2.771,2.65,17.751,24,0.7396,0
2026-10-02 01:15:00,LINE_A,MAT_A,21.751,2.531,2.79,21.492,28,0.7676,0
2026-10-02 01:15:00,LINE_A,MAT_B,17.751,2.531,2.79,17.492,24,0.7288,0
2026-10-02 01:30:00,LINE_A,MAT_A,21.492,2.643,2.747,21.388,28,0.7639,0
2026-10-02 01:30:00,LINE_A,MAT_B,17.492,2.643,2.747,17.388,24,0.7245,0
2026-10-02 01:45:00,LINE_A,MAT_A,21.388,3.022,2.515,21.895,28,0.782,0
2026-10-02 01:45:00,LINE_A,MAT_B,17.388,3.022,2.515,17.895,24,0.7456,0
2026-10-02 02:00:00,LINE_A,MAT_A,21.895,2.764,2.681,21.978,28,0.7849,0
2026-10-02 02:00:00,LINE_A,MAT_B,17.895,2.764,2.681,17.978,24,0.7491,0
2026-10-02 02:15:00,LINE_A,MAT_A,21.978,2.844,2.603,22.218,28,0.7935,0
2026-10-02 02:15:00,LINE_A,MAT_B,17.978,2.844,2.603,18.218,24,0.7591,0
2026-10-02 02:30:00,LINE_A,MAT_A,22.218,2.891,2.648,22.461,28,0.8022,0
2026-10-02 02:30:00,LINE_A,MAT_B,18.218,2.891,2.648,18.461,24,0.7692,0
2026-10-02 02:45:00,LINE_A,MAT_A,22.461,2.37,2.691,22.14,28,0.7907,0
2026-10-02 02:45:00,LINE_A,MAT_B,18.461,2.37,2.691,18.14,24,0.7558,0
2026-10-02 03:00:00,LINE_A,MAT_A,22.14,2.686,2.668,22.158,28,0.7914,0
2026-10-02 03:00:00,LINE_A,MAT_B,18.14,2.686,2.668,18.158,24,0.7566,0
2026-10-02 03:15:00,LINE_A,MAT_A,22.158,2.834,2.852,22.14,28,0.7907,0
2026-10-02 03:15:00,LINE_A,MAT_B,18.158,2.834,2.852,18.14,24,0.7558,0
2026-10-02 03:30:00,LINE_A,MAT_A,22.14,2.531,2.835,21.836,28,0.7799,0
2026-10-02 03:30:00,LINE_A,MAT_B,18.14,2.531,2.835,17.836,24,0.7432,0
2026-10-02 03:45:00,LINE_A,MAT_A,21.836,2.581,2.609,21.808,28,0.7789,0
2026-10-02 03:45:00,LINE_A,MAT_B,17.836,2.581,2.609,17.808,24,0.742,0
2026-10-02 04:00:00,LINE_A,MAT_A,21.808,2.422,2.637,21.593,28,0.7712,0
2026-10-02 04:00:00,LINE_A,MAT_B,17.808,2.422,2.637,17.593,24,0.733,0
2026-10-02 04:15:00,LINE_A,MAT_A,21.593,2.603,2.705,21.49,28,0.7675,0
2026-10-02 04:15:00,LINE_A,MAT_B,17.593,2.603,2.705,17.49,24,0.7288,0
2026-10-02 04:30:00,LINE_A,MAT_A,21.49,2.658,2.495,21.654,28,0.7733,0
2026-10-02 04:30:00,LINE_A,MAT_B,17.49,2.658,2.495,17.654,24,0.7356,0
2026-10-02 04:45:00,LINE_A,MAT_A,21.654,2.683,2.59,21.747,28,0.7767,0
2026-10-02 04:45:00,LINE_A,MAT_B,17.654,2.683,2.59,17.747,24,0.7395,0
2026-10-02 05:00:00,LINE_A,MAT_A,21.747,2.623,2.694,21.677,28,0.7742,0
2026-10-02 05:00:00,LINE_A,MAT_B,17.747,2.623,2.694,17.677,24,0.7365,0
2026-10-02 05:15:00,LINE_A,MAT_A,21.677,2.8,2.761,21.715,28,0.7755,0
2026-10-02 05:15:00,LINE_A,MAT_B,17.677,2.8,2.761,17.715,24,0.7381,0
2026-10-02 05:30:00,LINE_A,MAT_A,21.715,2.901,2.976,21.64,28,0.7729,0
2026-10-02 05:30:00,LINE_A,MAT_B,17.715,2.901,2.976,17.64,24,0.735,0
2026-10-02 05:45:00,LINE_A,MAT_A,21.64,2.859,2.409,22.089,28,0.7889,0
2026-10-02 05:45:00,LINE_A,MAT_B,17.64,2.859,2.409,18.089,24,0.7537,0
2026-10-02 06:00:00,LINE_A,MAT_A,22.089,3.643,3.385,22.348,28,0.7981,0
2026-10-02 06:00:00,LINE_A,MAT_B,18.089,3.643,3.385,18.348,24,0.7645,0
2026-10-02 06:15:00,LINE_A,MAT_A,22.348,3.355,3.092,22.611,28,0.8075,0
2026-10-02 06:15:00,LINE_A,MAT_B,18.348,3.355,3.092,18.611,24,0.7754,0
2026-10-02 06:30:00,LINE_A,MAT_A,22.611,3.64,3.368,22.882,28,0.8172,0
2026-10-02 06:30:00,LINE_A,MAT_B,18.611,3.64,3.368,18.882,24,0.7868,0
2026-10-02 06:45:00,LINE_A,MAT_A,22.882,3.645,3.348,23.179,28,0.8278,0
2026-10-02 06:45:00,LINE_A,MAT_B,18.882,3.645,3.348,19.179,24,0.7991,0
2026-10-02 07:00:00,LINE_A,MAT_A,23.179,3.169,3.474,22.874,28,0.8169,0
2026-10-02 07:00:00,LINE_A,MAT_B,19.179,3.169,3.474,18.874,24,0.7864,0
2026-10-02 07:15:00,LINE_A,MAT_A,22.874,3.418,3.215,23.076,28,0.8242,0
2026-10-02 07:15:00,LINE_A,MAT_B,18.874,3.418,3.215,19.076,24,0.7948,0
2026-10-02 07:30:00,LINE_A,MAT_A,23.076,3.522,3.553,23.046,28,0.8231,0
2026-10-02 07:30:00,LINE_A,MAT_B,19.076,3.522,3.553,19.046,24,0.7936,0
2026-10-02 07:45:00,LINE_A,MAT_A,23.046,3.566,3.488,23.124,28,0.8258,0
2026-10-02 07:45:00,LINE_A,MAT_B,19.046,3.566,3.488,19.124,24,0.7968,0
2026-10-02 08:00:00,LINE_A,MAT_A,23.124,3.085,3.244,22.965,28,0.8202,0
2026-10-02 08:00:00,LINE_A,MAT_B,19.124,3.085,3.244,18.965,24,0.7902,0
2026-10-02 08:15:00,LINE_A,MAT_A,22.965,3.629,3.651,22.943,28,0.8194,0
2026-10-02 08:15:00,LINE_A,MAT_B,18.965,3.629,3.651,18.943,24,0.7893,0
2026-10-02 08:30:00,LINE_A,MAT_A,22.943,3.636,3.298,23.281,28,0.8315,0
2026-10-02 08:30:00,LINE_A,MAT_B,18.943,3.636,3.298,19.281,24,0.8034,0
2026-10-02 08:45:00,LINE_A,MAT_A,23.281,3.43,3.566,23.145,28,0.8266,0
2026-10-02 08:45:00,LINE_A,MAT_B,19.281,3.43,3.566,19.145,24,0.7977,0
2026-10-02 09:00:00,LINE_A,MAT_A,23.145,3.554,3.614,23.086,28,0.8245,0
2026-10-02 09:00:00,LINE_A,MAT_B,19.145,3.554,3.614,19.086,24,0.7953,0
2026-10-02 09:15:00,LINE_A,MAT_A,23.086,3.392,3.635,22.843,28,0.8158,0
2026-10-02 09:15:00,LINE_A,MAT_B,19.086,3.392,3.635,18.843,24,0.7851,0
2026-10-02 09:30:00,LINE_A,MAT_A,22.843,3.622,3.531,22.934,28,0.8191,0
2026-10-02 09:30:00,LINE_A,MAT_B,18.843,3.622,3.531,18.934,24,0.7889,0
2026-10-02 09:45:00,LINE_A,MAT_A,22.934,3.308,3.308,22.934,28,0.8191,0
2026-10-02 09:45:00,LINE_A,MAT_B,18.934,3.308,3.308,18.934,24,0.7889,0
2026-10-02 10:00:00,LINE_A,MAT_A,22.934,3.535,3.654,22.814,28,0.8148,0
2026-10-02 10:00:00,LINE_A,MAT_B,18.934,3.535,3.654,18.814,24,0.7839,0
2026-10-02 10:15:00,LINE_A,MAT_A,22.814,3.638,3.658,22.795,28,0.8141,0
2026-10-02 10:15:00,LINE_A,MAT_B,18.814,3.638,3.658,18.795,24,0.7831,0
2026-10-02 10:30:00,LINE_A,MAT_A,22.795,3.594,3.412,22.977,28,0.8206,0
2026-10-02 10:30:00,LINE_A,MAT_B,18.795,3.594,3.412,18.977,24,0.7907,0
2026-10-02 10:45:00,LINE_A,MAT_A,22.977,3.874,3.492,23.359,28,0.8343,0
2026-10-02 10:45:00,LINE_A,MAT_B,18.977,3.874,3.492,19.359,24,0.8066,0
2026-10-02 11:00:00,LINE_A,MAT_A,23.359,3.598,3.731,23.226,28,0.8295,0
2026-10-02 11:00:00,LINE_A,MAT_B,19.359,3.598,3.731,19.226,24,0.8011,0
2026-10-02 11:15:00,LINE_A,MAT_A,23.226,3.382,3.486,23.123,28,0.8258,0
2026-10-02 11:15:00,LINE_A,MAT_B,19.226,3.382,3.486,19.123,24,0.7968,0
2026-10-02 11:30:00,LINE_A,MAT_A,23.123,3.346,3.081,23.388,28,0.8353,0
2026-10-02 11:30:00,LINE_A,MAT_B,19.123,3.346,3.081,19.388,24,0.8078,0
2026-10-02 11:45:00,LINE_A,MAT_A,23.388,3.343,3.007,23.724,28,0.8473,0
2026-10-02 11:45:00,LINE_A,MAT_B,19.388,3.343,3.007,19.724,24,0.8218,0
2026-10-02 12:00:00,LINE_A,MAT_A,23.724,3.409,3.565,23.568,28,0.8417,0
2026-10-02 12:00:00,LINE_A,MAT_B,19.724,3.409,3.565,19.568,24,0.8154,0
2026-10-02 12:15:00,LINE_A,MAT_A,23.568,3.797,3.541,23.824,28,0.8509,0
2026-10-02 12:15:00,LINE_A,MAT_B,19.568,3.797,3.541,19.824,24,0.826,0
2026-10-02 12:30:00,LINE_A,MAT_A,23.824,3.597,3.49,23.932,28,0.8547,0
2026-10-02 12:30:00,LINE_A,MAT_B,19.824,3.597,3.49,19.932,24,0.8305,0
2026-10-02 12:45:00,LINE_A,MAT_A,23.932,3.38,3.328,23.984,28,0.8566,0
2026-10-02 12:45:00,LINE_A,MAT_B,19.932,3.38,3.328,19.984,24,0.8327,0
2026-10-02 13:00:00,LINE_A,MAT_A,23.984,3.427,3.732,23.679,28,0.8457,0
2026-10-02 13:00:00,LINE_A,MAT_B,19.984,3.427,3.732,19.679,24,0.8199,0
2026-10-02 13:15:00,LINE_A,MAT_A,23.679,3.315,3.811,23.183,28,0.828,0
2026-10-02 13:15:00,LINE_A,MAT_B,19.679,3.315,3.811,19.183,24,0.7993,0
2026-10-02 13:30:00,LINE_A,MAT_A,23.183,3.396,3.582,22.997,28,0.8213,0
2026-10-02 13:30:00,LINE_A,MAT_B,19.183,3.396,3.582,18.997,24,0.7916,0
2026-10-02 13:45:00,LINE_A,MAT_A,22.997,3.69,3.574,23.113,28,0.8255,0
2026-10-02 13:45:00,LINE_A,MAT_B,18.997,3.69,3.574,19.113,24,0.7964,0
2026-10-02 14:00:00,LINE_A,MAT_A,23.113,3.683,3.741,23.055,28,0.8234,0
2026-10-02 14:00:00,LINE_A,MAT_B,19.113,3.683,3.741,19.055,24,0.7939,0
2026-10-02 14:15:00,LINE_A,MAT_A,23.055,3.265,3.732,22.588,28,0.8067,0
2026-10-02 14:15:00,LINE_A,MAT_B,19.055,3.265,3.732,18.588,24,0.7745,0
2026-10-02 14:30:00,LINE_A,MAT_A,22.588,3.893,3.703,22.777,28,0.8135,0
2026-10-02 14:30:00,LINE_A,MAT_B,18.588,3.893,3.703,18.777,24,0.7824,0
2026-10-02 14:45:00,LINE_A,MAT_A,22.777,3.759,3.862,22.674,28,0.8098,0
2026-10-02 14:45:00,LINE_A,MAT_B,18.777,3.759,3.862,18.674,24,0.7781,0
2026-10-02 15:00:00,LINE_A,MAT_A,22.674,3.786,3.993,22.467,28,0.8024,0
2026-10-02 15:00:00,LINE_A,MAT_B,18.674,3.786,3.993,18.467,24,0.7694,0
2026-10-02 15:15:00,LINE_A,MAT_A,22.467,3.2,3.786,21.881,28,0.7815,0
2026-10-02 15:15:00,LINE_A,MAT_B,18.467,3.2,3.786,17.881,24,0.745,0
2026-10-02 15:30:00,LINE_A,MAT_A,21.881,4.299,3.608,22.571,28,0.8061,0
2026-10-02 15:30:00,LINE_A,MAT_B,17.881,4.299,3.608,18.571,24,0.7738,0
2026-10-02 15:45:00,LINE_A,MAT_A,22.571,4.251,3.619,23.204,28,0.8287,0
2026-10-02 15:45:00,LINE_A,MAT_B,18.571,4.251,3.619,19.204,24,0.8002,0
2026-10-02 16:00:00,LINE_A,MAT_A,23.204,3.862,3.451,23.615,28,0.8434,0
2026-10-02 16:00:00,LINE_A,MAT_B,19.204,3.862,3.451,19.615,24,0.8173,0
2026-10-02 16:15:00,LINE_A,MAT_A,23.615,3.307,3.827,23.095,28,0.8248,0
2026-10-02 16:15:00,LINE_A,MAT_B,19.615,3.307,3.827,19.095,24,0.7956,0
2026-10-02 16:30:00,LINE_A,MAT_A,23.095,4.119,3.588,23.626,28,0.8438,0
2026-10-02 16:30:00,LINE_A,MAT_B,19.095,4.119,3.588,19.626,24,0.8177,0
2026-10-02 16:45:00,LINE_A,MAT_A,23.626,3.512,3.574,23.563,28,0.8415,0
2026-10-02 16:45:00,LINE_A,MAT_B,19.626,3.512,3.574,19.563,24,0.8151,0
2026-10-02 17:00:00,LINE_A,MAT_A,23.563,3.771,3.599,23.735,28,0.8477,0
2026-10-02 17:00:00,LINE_A,MAT_B,19.563,3.771,3.599,19.735,24,0.8223,0
2026-10-02 17:15:00,LINE_A,MAT_A,23.735,3.192,3.734,23.193,28,0.8283,0
2026-10-02 17:15:00,LINE_A,MAT_B,19.735,3.192,3.734,19.193,24,0.7997,0
2026-10-02 17:30:00,LINE_A,MAT_A,23.193,3.239,3.629,22.803,28,0.8144,0
2026-10-02 17:30:00,LINE_A,MAT_B,19.193,3.239,3.629,18.803,24,0.7834,0
2026-10-02 17:45:00,LINE_A,MAT_A,22.803,4.298,3.75,23.351,28,0.834,0
2026-10-02 17:45:00,LINE_A,MAT_B,18.803,4.298,3.75,19.351,24,0.8063,0
2026-10-02 18:00:00,LINE_A,MAT_A,23.351,3.479,3.688,23.142,28,0.8265,0
2026-10-02 18:00:00,LINE_A,MAT_B,19.351,3.479,3.688,19.142,24,0.7976,0
2026-10-02 18:15:00,LINE_A,MAT_A,23.142,3.534,3.801,22.874,28,0.8169,0
2026-10-02 18:15:00,LINE_A,MAT_B,19.142,3.534,3.801,18.874,24,0.7864,0
2026-10-02 18:30:00,LINE_A,MAT_A,22.874,3.345,3.432,22.788,28,0.8139,0
2026-10-02 18:30:00,LINE_A,MAT_B,18.874,3.345,3.432,18.788,24,0.7828,0
2026-10-02 18:45:00,LINE_A,MAT_A,22.788,3.873,3.751,22.91,28,0.8182,0
2026-10-02 18:45:00,LINE_A,MAT_B,18.788,3.873,3.751,18.91,24,0.7879,0
2026-10-02 19:00:00,LINE_A,MAT_A,22.91,2.928,3.312,22.525,28,0.8045,0
2026-10-02 19:00:00,LINE_A,MAT_B,18.91,2.928,3.312,18.525,24,0.7719,0
2026-10-02 19:15:00,LINE_A,MAT_A,22.525,3.112,3.101,22.537,28,0.8049,0
2026-10-02 19:15:00,LINE_A,MAT_B,18.525,3.112,3.101,18.537,24,0.7724,0
2026-10-02 19:30:00,LINE_A,MAT_A,22.537,3.214,3.678,22.073,28,0.7883,0
2026-10-02 19:30:00,LINE_A,MAT_B,18.537,3.214,3.678,18.073,24,0.753,0
2026-10-02 19:45:00,LINE_A,MAT_A,22.073,3.653,3.3,22.427,28,0.801,0
2026-10-02 19:45:00,LINE_A,MAT_B,18.073,3.653,3.3,18.427,24,0.7678,0
2026-10-02 20:00:00,LINE_A,MAT_A,22.427,3.301,3.674,22.054,28,0.7877,0
2026-10-02 20:00:00,LINE_A,MAT_B,18.427,3.301,3.674,18.054,24,0.7523,0
2026-10-02 20:15:00,LINE_A,MAT_A,22.054,3.5,3.425,22.13,28,0.7904,0
2026-10-02 20:15:00,LINE_A,MAT_B,18.054,3.5,3.425,18.13,24,0.7554,0
2026-10-02 20:30:00,LINE_A,MAT_A,22.13,3.319,3.466,21.983,28,0.7851,0
2026-10-02 20:30:00,LINE_A,MAT_B,18.13,3.319,3.466,17.983,24,0.7493,0
2026-10-02 20:45:00,LINE_A,MAT_A,21.983,3.458,3.598,21.843,28,0.7801,0
2026-10-02 20:45:00,LINE_A,MAT_B,17.983,3.458,3.598,17.843,24,0.7435,0
2026-10-02 21:00:00,LINE_A,MAT_A,21.843,3.226,3.458,21.611,28,0.7718,0
2026-10-02 21:00:00,LINE_A,MAT_B,17.843,3.226,3.458,17.611,24,0.7338,0
2026-10-02 21:15:00,LINE_A,MAT_A,21.611,3.803,3.688,21.726,28,0.7759,0
2026-10-02 21:15:00,LINE_A,MAT_B,17.611,3.803,3.688,17.726,24,0.7386,0
2026-10-02 21:30:00,LINE_A,MAT_A,21.726,3.932,3.157,22.502,28,0.8036,0
2026-10-02 21:30:00,LINE_A,MAT_B,17.726,3.932,3.157,18.502,24,0.7709,0
2026-10-02 21:45:00,LINE_A,MAT_A,22.502,3.395,3.493,22.404,28,0.8001,0
2026-10-02 21:45:00,LINE_A,MAT_B,18.502,3.395,3.493,18.404,24,0.7668,0
2026-10-02 22:00:00,LINE_A,MAT_A,22.404,2.775,2.612,22.567,28,0.806,0
2026-10-02 22:00:00,LINE_A,MAT_B,18.404,2.775,2.612,18.567,24,0.7736,0
2026-10-02 22:15:00,LINE_A,MAT_A,22.567,2.589,2.815,22.341,28,0.7979,0
2026-10-02 22:15:00,LINE_A,MAT_B,18.567,2.589,2.815,18.341,24,0.7642,0
2026-10-02 22:30:00,LINE_A,MAT_A,22.341,3.161,2.741,22.761,28,0.8129,0
2026-10-02 22:30:00,LINE_A,MAT_B,18.341,3.161,2.741,18.761,24,0.7817,0
2026-10-02 22:45:00,LINE_A,MAT_A,22.761,2.565,2.515,22.812,28,0.8147,0
2026-10-02 22:45:00,LINE_A,MAT_B,18.761,2.565,2.515,18.812,24,0.7838,0
2026-10-02 23:00:00,LINE_A,MAT_A,22.812,2.522,2.554,22.78,28,0.8136,0
2026-10-02 23:00:00,LINE_A,MAT_B,18.812,2.522,2.554,18.78,24,0.7825,0
2026-10-02 23:15:00,LINE_A,MAT_A,22.78,2.392,2.718,22.454,28,0.8019,0
2026-10-02 23:15:00,LINE_A,MAT_B,18.78,2.392,2.718,18.454,24,0.7689,0
2026-10-02 23:30:00,LINE_A,MAT_A,22.454,2.316,2.87,21.9,28,0.7821,0
2026-10-02 23:30:00,LINE_A,MAT_B,18.454,2.316,2.87,17.9,24,0.7458,0
2026-10-02 23:45:00,LINE_A,MAT_A,21.9,2.719,2.821,21.798,28,0.7785,0
2026-10-02 23:45:00,LINE_A,MAT_B,17.9,2.719,2.821,17.798,24,0.7416,0
2026-10-03 00:00:00,LINE_A,MAT_A,21.798,2.311,2.202,21.907,28,0.7824,0
2026-10-03 00:00:00,LINE_A,MAT_B,17.798,2.311,2.202,17.907,24,0.7461,0
2026-10-03 00:15:00,LINE_A,MAT_A,21.907,2.157,2.21,21.854,28,0.7805,0
2026-10-03 00:15:00,LINE_A,MAT_B,17.907,2.157,2.21,17.854,24,0.7439,0
2026-10-03 00:30:00,LINE_A,MAT_A,21.854,2.24,2.416,21.678,28,0.7742,0
2026-10-03 00:30:00,LINE_A,MAT_B,17.854,2.24,2.416,17.678,24,0.7366,0
2026-10-03 00:45:00,LINE_A,MAT_A,21.678,1.916,2.203,21.391,28,0.7639,0
2026-10-03 00:45:00,LINE_A,MAT_B,17.678,1.916,2.203,17.391,24,0.7246,0
2026-10-03 01:00:00,LINE_A,MAT_A,21.391,2.319,2.262,21.447,28,0.766,0
2026-10-03 01:00:00,LINE_A,MAT_B,17.391,2.319,2.262,17.447,24,0.727,0
2026-10-03 01:15:00,LINE_A,MAT_A,21.447,2.157,2.089,21.515,28,0.7684,0
2026-10-03 01:15:00,LINE_A,MAT_B,17.447,2.157,2.089,17.515,24,0.7298,0
2026-10-03 01:30:00,LINE_A,MAT_A,21.515,2.339,2.219,21.636,28,0.7727,0
2026-10-03 01:30:00,LINE_A,MAT_B,17.515,2.339,2.219,17.636,24,0.7348,0
2026-10-03 01:45:00,LINE_A,MAT_A,21.636,1.91,2.021,21.525,28,0.7687,0
2026-10-03 01:45:00,LINE_A,MAT_B,17.636,1.91,2.021,17.525,24,0.7302,0
2026-10-03 02:00:00,LINE_A,MAT_A,21.525,2.08,2.075,21.53,28,0.7689,0
2026-10-03 02:00:00,LINE_A,MAT_B,17.525,2.08,2.075,17.53,24,0.7304,0
2026-10-03 02:15:00,LINE_A,MAT_A,21.53,2.357,2.325,21.561,28,0.77,0
2026-10-03 02:15:00,LINE_A,MAT_B,17.53,2.357,2.325,17.561,24,0.7317,0
2026-10-03 02:30:00,LINE_A,MAT_A,21.561,2.071,2.159,21.473,28,0.7669,0
2026-10-03 02:30:00,LINE_A,MAT_B,17.561,2.071,2.159,17.473,24,0.728,0
2026-10-03 02:45:00,LINE_A,MAT_A,21.473,2.276,2.29,21.459,28,0.7664,0
2026-10-03 02:45:00,LINE_A,MAT_B,17.473,2.276,2.29,17.459,24,0.7275,0
2026-10-03 03:00:00,LINE_A,MAT_A,21.459,2.158,2.067,21.55,28,0.7696,0
2026-10-03 03:00:00,LINE_A,MAT_B,17.459,2.158,2.067,17.55,24,0.7312,0
2026-10-03 03:15:00,LINE_A,MAT_A,21.55,2.383,2.327,21.606,28,0.7716,0
2026-10-03 03:15:00,LINE_A,MAT_B,17.55,2.383,2.327,17.606,24,0.7336,0
2026-10-03 03:30:00,LINE_A,MAT_A,21.606,2.31,2.181,21.736,28,0.7763,0
2026-10-03 03:30:00,LINE_A,MAT_B,17.606,2.31,2.181,17.736,24,0.739,0
2026-10-03 03:45:00,LINE_A,MAT_A,21.736,2.272,2.415,21.593,28,0.7712,0
2026-10-03 03:45:00,LINE_A,MAT_B,17.736,2.272,2.415,17.593,24,0.733,0
2026-10-03 04:00:00,LINE_A,MAT_A,21.593,2.104,1.979,21.717,28,0.7756,0
2026-10-03 04:00:00,LINE_A,MAT_B,17.593,2.104,1.979,17.717,24,0.7382,0
2026-10-03 04:15:00,LINE_A,MAT_A,21.717,2.238,2.38,21.575,28,0.7705,0
2026-10-03 04:15:00,LINE_A,MAT_B,17.717,2.238,2.38,17.575,24,0.7323,0
2026-10-03 04:30:00,LINE_A,MAT_A,21.575,2.402,2.197,21.78,28,0.7779,0
2026-10-03 04:30:00,LINE_A,MAT_B,17.575,2.402,2.197,17.78,24,0.7408,0
2026-10-03 04:45:00,LINE_A,MAT_A,21.78,2.081,2.208,21.653,28,0.7733,0
2026-10-03 04:45:00,LINE_A,MAT_B,17.78,2.081,2.208,17.653,24,0.7356,0
2026-10-03 05:00:00,LINE_A,MAT_A,21.653,2.483,2.264,21.872,28,0.7812,0
2026-10-03 05:00:00,LINE_A,MAT_B,17.653,2.483,2.264,17.872,24,0.7447,0
2026-10-03 05:15:00,LINE_A,MAT_A,21.872,2.239,2.219,21.892,28,0.7819,0
2026-10-03 05:15:00,LINE_A,MAT_B,17.872,2.239,2.219,17.892,24,0.7455,0
2026-10-03 05:30:00,LINE_A,MAT_A,21.892,2.025,2.234,21.684,28,0.7744,0
2026-10-03 05:30:00,LINE_A,MAT_B,17.892,2.025,2.234,17.684,24,0.7368,0
2026-10-03 05:45:00,LINE_A,MAT_A,21.684,2.347,2.414,21.617,28,0.772,0
2026-10-03 05:45:00,LINE_A,MAT_B,17.684,2.347,2.414,17.617,24,0.734,0
2026-10-03 06:00:00,LINE_A,MAT_A,21.617,2.594,2.83,21.38,28,0.7636,0
2026-10-03 06:00:00,LINE_A,MAT_B,17.617,2.594,2.83,17.38,24,0.7242,0
2026-10-03 06:15:00,LINE_A,MAT_A,21.38,2.359,2.748,20.992,28,0.7497,0
2026-10-03 06:15:00,LINE_A,MAT_B,17.38,2.359,2.748,16.992,24,0.708,0
2026-10-03 06:30:00,LINE_A,MAT_A,20.992,2.777,2.803,20.966,28,0.7488,0
2026-10-03 06:30:00,LINE_A,MAT_B,16.992,2.777,2.803,16.966,24,0.7069,0
2026-10-03 06:45:00,LINE_A,MAT_A,20.966,2.787,2.872,20.882,28,0.7458,0
2026-10-03 06:45:00,LINE_A,MAT_B,16.966,2.787,2.872,16.882,24,0.7034,0
2026-10-03 07:00:00,LINE_A,MAT_A,20.882,2.938,2.663,21.157,28,0.7556,0
2026-10-03 07:00:00,LINE_A,MAT_B,16.882,2.938,2.663,17.157,24,0.7149,0
2026-10-03 07:15:00,LINE_A,MAT_A,21.157,2.441,2.93,20.668,28,0.7381,0
2026-10-03 07:15:00,LINE_A,MAT_B,17.157,2.441,2.93,16.668,24,0.6945,0
2026-10-03 07:30:00,LINE_A,MAT_A,20.668,3.091,2.587,21.171,28,0.7561,0
2026-10-03 07:30:00,LINE_A,MAT_B,16.668,3.091,2.587,17.171,24,0.7155,0
2026-10-03 07:45:00,LINE_A,MAT_A,21.171,2.793,2.934,21.03,28,0.7511,0
2026-10-03 07:45:00,LINE_A,MAT_B,17.171,2.793,2.934,17.03,24,0.7096,0
2026-10-03 08:00:00,LINE_A,MAT_A,21.03,2.793,2.695,21.128,28,0.7546,0
2026-10-03 08:00:00,LINE_A,MAT_B,17.03,2.793,2.695,17.128,24,0.7137,0
2026-10-03 08:15:00,LINE_A,MAT_A,21.128,3.117,2.883,21.362,28,0.7629,0
2026-10-03 08:15:00,LINE_A,MAT_B,17.128,3.117,2.883,17.362,24,0.7234,0
2026-10-03 08:30:00,LINE_A,MAT_A,21.362,3.004,2.84,21.526,28,0.7688,0
2026-10-03 08:30:00,LINE_A,MAT_B,17.362,3.004,2.84,17.526,24,0.7302,0
2026-10-03 08:45:00,LINE_A,MAT_A,21.526,3.018,3.019,21.524,28,0.7687,0
2026-10-03 08:45:00,LINE_A,MAT_B,17.526,3.018,3.019,17.524,24,0.7302,0
2026-10-03 09:00:00,LINE_A,MAT_A,21.524,2.702,3.08,21.146,28,0.7552,0
2026-10-03 09:00:00,LINE_A,MAT_B,17.524,2.702,3.08,17.146,24,0.7144,0
2026-10-03 09:15:00,LINE_A,MAT_A,21.146,2.937,2.588,21.494,28,0.7676,0
2026-10-03 09:15:00,LINE_A,MAT_B,17.146,2.937,2.588,17.494,24,0.7289,0
2026-10-03 09:30:00,LINE_A,MAT_A,21.494,2.889,2.893,21.491,28,0.7675,0
2026-10-03 09:30:00,LINE_A,MAT_B,17.494,2.889,2.893,17.491,24,0.7288,0
2026-10-03 09:45:00,LINE_A,MAT_A,21.491,2.873,2.89,21.473,28,0.7669,0
2026-10-03 09:45:00,LINE_A,MAT_B,17.491,2.873,2.89,17.473,24,0.728,0
2026-10-03 10:00:00,LINE_A,MAT_A,21.473,2.828,3.083,21.219,28,0.7578,0
2026-10-03 10:00:00,LINE_A,MAT_B,17.473,2.828,3.083,17.219,24,0.7174,0
2026-10-03 10:15:00,LINE_A,MAT_A,21.219,2.739,3.098,20.86,28,0.745,0
2026-10-03 10:15:00,LINE_A,MAT_B,17.219,2.739,3.098,16.86,24,0.7025,0
2026-10-03 10:30:00,LINE_A,MAT_A,20.86,2.916,3.02,20.756,28,0.7413,0
2026-10-03 10:30:00,LINE_A,MAT_B,16.86,2.916,3.02,16.756,24,0.6982,0
2026-10-03 10:45:00,LINE_A,MAT_A,20.756,2.803,2.966,20.593,28,0.7354,0
2026-10-03 10:45:00,LINE_A,MAT_B,16.756,2.803,2.966,16.593,24,0.6914,0
2026-10-03 11:00:00,LINE_A,MAT_A,20.593,2.829,3.013,20.409,28,0.7289,0
2026-10-03 11:00:00,LINE_A,MAT_B,16.593,2.829,3.013,16.409,24,0.6837,0
2026-10-03 11:15:00,LINE_A,MAT_A,20.409,3.068,3.129,20.348,28,0.7267,0
2026-10-03 11:15:00,LINE_A,MAT_B,16.409,3.068,3.129,16.348,24,0.6812,0
2026-10-03 11:30:00,LINE_A,MAT_A,20.348,2.577,2.396,20.53,28,0.7332,0
2026-10-03 11:30:00,LINE_A,MAT_B,16.348,2.577,2.396,16.53,24,0.6887,0
2026-10-03 11:45:00,LINE_A,MAT_A,20.53,2.663,2.469,20.723,28,0.7401,0
2026-10-03 11:45:00,LINE_A,MAT_B,16.53,2.663,2.469,16.723,24,0.6968,0
2026-10-03 12:00:00,LINE_A,MAT_A,20.723,2.99,2.978,20.735,28,0.7405,0
2026-10-03 12:00:00,LINE_A,MAT_B,16.723,2.99,2.978,16.735,24,0.6973,0
2026-10-03 12:15:00,LINE_A,MAT_A,20.735,2.731,2.828,20.639,28,0.7371,0
2026-10-03 12:15:00,LINE_A,MAT_B,16.735,2.731,2.828,16.639,24,0.6933,0
2026-10-03 12:30:00,LINE_A,MAT_A,20.639,3.054,2.775,20.918,28,0.7471,0
2026-10-03 12:30:00,LINE_A,MAT_B,16.639,3.054,2.775,16.918,24,0.7049,0
2026-10-03 12:45:00,LINE_A,MAT_A,20.918,2.546,2.994,20.469,28,0.731,0
2026-10-03 12:45:00,LINE_A,MAT_B,16.918,2.546,2.994,16.469,24,0.6862,0
2026-10-03 13:00:00,LINE_A,MAT_A,20.469,3.114,2.713,20.871,28,0.7454,0
2026-10-03 13:00:00,LINE_A,MAT_B,16.469,3.114,2.713,16.871,24,0.7029,0
2026-10-03 13:15:00,LINE_A,MAT_A,20.871,2.908,2.93,20.849,28,0.7446,0
2026-10-03 13:15:00,LINE_A,MAT_B,16.871,2.908,2.93,16.849,24,0.702,0
2026-10-03 13:30:00,LINE_A,MAT_A,20.849,3.015,2.799,21.065,28,0.7523,0
2026-10-03 13:30:00,LINE_A,MAT_B,16.849,3.015,2.799,17.065,24,0.7111,0
2026-10-03 13:45:00,LINE_A,MAT_A,21.065,2.795,2.817,21.043,28,0.7515,0
2026-10-03 13:45:00,LINE_A,MAT_B,17.065,2.795,2.817,17.043,24,0.7101,0
2026-10-03 14:00:00,LINE_A,MAT_A,21.043,2.969,3.094,20.917,28,0.747,0
2026-10-03 14:00:00,LINE_A,MAT_B,17.043,2.969,3.094,16.917,24,0.7049,0
2026-10-03 14:15:00,LINE_A,MAT_A,20.917,3.129,2.72,21.326,28,0.7617,0
2026-10-03 14:15:00,LINE_A,MAT_B,16.917,3.129,2.72,17.326,24,0.7219,0
2026-10-03 14:30:00,LINE_A,MAT_A,21.326,3.037,3.212,21.152,28,0.7554,0
2026-10-03 14:30:00,LINE_A,MAT_B,17.326,3.037,3.212,17.152,24,0.7147,0
2026-10-03 14:45:00,LINE_A,MAT_A,21.152,3.183,3.034,21.301,28,0.7607,0
2026-10-03 14:45:00,LINE_A,MAT_B,17.152,3.183,3.034,17.301,24,0.7209,0
2026-10-03 15:00:00,LINE_A,MAT_A,21.301,3.02,3.247,21.074,28,0.7526,0
2026-10-03 15:00:00,LINE_A,MAT_B,17.301,3.02,3.247,17.074,24,0.7114,0
2026-10-03 15:15:00,LINE_A,MAT_A,21.074,3.217,2.953,21.338,28,0.7621,0
2026-10-03 15:15:00,LINE_A,MAT_B,17.074,3.217,2.953,17.338,24,0.7224,0
2026-10-03 15:30:00,LINE_A,MAT_A,21.338,3.285,3.174,21.448,28,0.766,0
2026-10-03 15:30:00,LINE_A,MAT_B,17.338,3.285,3.174,17.448,24,0.727,0
2026-10-03 15:45:00,LINE_A,MAT_A,21.448,3.087,3.19,21.346,28,0.7623,0
2026-10-03 15:45:00,LINE_A,MAT_B,17.448,3.087,3.19,17.346,24,0.7227,0
2026-10-03 16:00:00,LINE_A,MAT_A,21.346,2.954,3.059,21.241,28,0.7586,0
2026-10-03 16:00:00,LINE_A,MAT_B,17.346,2.954,3.059,17.241,24,0.7184,0
2026-10-03 16:15:00,LINE_A,MAT_A,21.241,2.874,2.906,21.209,28,0.7575,0
2026-10-03 16:15:00,LINE_A,MAT_B,17.241,2.874,2.906,17.209,24,0.7171,0
2026-10-03 16:30:00,LINE_A,MAT_A,21.209,3.074,3.26,21.023,28,0.7508,0
2026-10-03 16:30:00,LINE_A,MAT_B,17.209,3.074,3.26,17.023,24,0.7093,0
2026-10-03 16:45:00,LINE_A,MAT_A,21.023,2.768,3.002,20.79,28,0.7425,0
2026-10-03 16:45:00,LINE_A,MAT_B,17.023,2.768,3.002,16.79,24,0.6996,0
2026-10-03 17:00:00,LINE_A,MAT_A,20.79,3.134,2.991,20.933,28,0.7476,0
2026-10-03 17:00:00,LINE_A,MAT_B,16.79,3.134,2.991,16.933,24,0.7055,0
2026-10-03 17:15:00,LINE_A,MAT_A,20.933,2.777,3.055,20.655,28,0.7377,0
2026-10-03 17:15:00,LINE_A,MAT_B,16.933,2.777,3.055,16.655,24,0.6939,0
2026-10-03 17:30:00,LINE_A,MAT_A,20.655,2.759,3.123,20.291,28,0.7247,0
2026-10-03 17:30:00,LINE_A,MAT_B,16.655,2.759,3.123,16.291,24,0.6788,0
2026-10-03 17:45:00,LINE_A,MAT_A,20.291,2.692,2.948,20.034,28,0.7155,0
2026-10-03 17:45:00,LINE_A,MAT_B,16.291,2.692,2.948,16.034,24,0.6681,0
2026-10-03 18:00:00,LINE_A,MAT_A,20.034,3.063,3.084,20.013,28,0.7148,0
2026-10-03 18:00:00,LINE_A,MAT_B,16.034,3.063,3.084,16.013,24,0.6672,0
2026-10-03 18:15:00,LINE_A,MAT_A,20.013,3.234,2.941,20.306,28,0.7252,0
2026-10-03 18:15:00,LINE_A,MAT_B,16.013,3.234,2.941,16.306,24,0.6794,0
2026-10-03 18:30:00,LINE_A,MAT_A,20.306,3.307,3.043,20.57,28,0.7347,0
2026-10-03 18:30:00,LINE_A,MAT_B,16.306,3.307,3.043,16.57,24,0.6904,0
2026-10-03 18:45:00,LINE_A,MAT_A,20.57,2.759,2.926,20.403,28,0.7287,0
2026-10-03 18:45:00,LINE_A,MAT_B,16.57,2.759,2.926,16.403,24,0.6835,0
2026-10-03 19:00:00,LINE_A,MAT_A,20.403,2.697,2.34,20.76,28,0.7414,0
2026-10-03 19:00:00,LINE_A,MAT_B,16.403,2.697,2.34,16.76,24,0.6983,0
2026-10-03 19:15:00,LINE_A,MAT_A,20.76,2.961,2.675,21.046,28,0.7516,0
2026-10-03 19:15:00,LINE_A,MAT_B,16.76,2.961,2.675,17.046,24,0.7102,0
2026-10-03 19:30:00,LINE_A,MAT_A,21.046,3.064,2.937,21.173,28,0.7562,0
2026-10-03 19:30:00,LINE_A,MAT_B,17.046,3.064,2.937,17.173,24,0.7156,0
2026-10-03 19:45:00,LINE_A,MAT_A,21.173,3.083,2.926,21.33,28,0.7618,0
2026-10-03 19:45:00,LINE_A,MAT_B,17.173,3.083,2.926,17.33,24,0.7221,0
2026-10-03 20:00:00,LINE_A,MAT_A,21.33,3.19,2.858,21.662,28,0.7736,0
2026-10-03 20:00:00,LINE_A,MAT_B,17.33,3.19,2.858,17.662,24,0.7359,0
2026-10-03 20:15:00,LINE_A,MAT_A,21.662,2.709,2.919,21.451,28,0.7661,0
2026-10-03 20:15:00,LINE_A,MAT_B,17.662,2.709,2.919,17.451,24,0.7271,0
2026-10-03 20:30:00,LINE_A,MAT_A,21.451,2.758,2.903,21.306,28,0.7609,0
2026-10-03 20:30:00,LINE_A,MAT_B,17.451,2.758,2.903,17.306,24,0.7211,0
2026-10-03 20:45:00,LINE_A,MAT_A,21.306,3.113,2.69,21.728,28,0.776,0
2026-10-03 20:45:00,LINE_A,MAT_B,17.306,3.113,2.69,17.728,24,0.7387,0
2026-10-03 21:00:00,LINE_A,MAT_A,21.728,2.847,3.177,21.399,28,0.7643,0
2026-10-03 21:00:00,LINE_A,MAT_B,17.728,2.847,3.177,17.399,24,0.725,0
2026-10-03 21:15:00,LINE_A,MAT_A,21.399,2.793,3.005,21.187,28,0.7567,0
2026-10-03 21:15:00,LINE_A,MAT_B,17.399,2.793,3.005,17.187,24,0.7161,0
2026-10-03 21:30:00,LINE_A,MAT_A,21.187,2.767,2.732,21.222,28,0.7579,0
2026-10-03 21:30:00,LINE_A,MAT_B,17.187,2.767,2.732,17.222,24,0.7176,0
2026-10-03 21:45:00,LINE_A,MAT_A,21.222,2.472,2.68,21.013,28,0.7505,0
2026-10-03 21:45:00,LINE_A,MAT_B,17.222,2.472,2.68,17.013,24,0.7089,0
2026-10-03 22:00:00,LINE_A,MAT_A,21.013,2.005,2.097,20.921,28,0.7472,0
2026-10-03 22:00:00,LINE_A,MAT_B,17.013,2.005,2.097,16.921,24,0.7051,0
2026-10-03 22:15:00,LINE_A,MAT_A,20.921,2.42,2.179,21.163,28,0.7558,0
2026-10-03 22:15:00,LINE_A,MAT_B,16.921,2.42,2.179,17.163,24,0.7151,0
2026-10-03 22:30:00,LINE_A,MAT_A,21.163,2.313,2.313,21.163,28,0.7558,0
2026-10-03 22:30:00,LINE_A,MAT_B,17.163,2.313,2.313,17.163,24,0.7151,0
2026-10-03 22:45:00,LINE_A,MAT_A,21.163,1.997,2.207,20.953,28,0.7483,0
2026-10-03 22:45:00,LINE_A,MAT_B,17.163,1.997,2.207,16.953,24,0.7064,0
2026-10-03 23:00:00,LINE_A,MAT_A,20.953,2.277,2.223,21.007,28,0.7503,0
2026-10-03 23:00:00,LINE_A,MAT_B,16.953,2.277,2.223,17.007,24,0.7086,0
2026-10-03 23:15:00,LINE_A,MAT_A,21.007,2.226,2.043,21.191,28,0.7568,0
2026-10-03 23:15:00,LINE_A,MAT_B,17.007,2.226,2.043,17.191,24,0.7163,0
2026-10-03 23:30:00,LINE_A,MAT_A,21.191,2.225,2.227,21.188,28,0.7567,0
2026-10-03 23:30:00,LINE_A,MAT_B,17.191,2.225,2.227,17.188,24,0.7162,0
2026-10-03 23:45:00,LINE_A,MAT_A,21.188,2.315,2.044,21.46,28,0.7664,0
2026-10-03 23:45:00,LINE_A,MAT_B,17.188,2.315,2.044,17.46,24,0.7275,0
2026-10-04 00:00:00,LINE_A,MAT_A,21.46,2.197,2.043,21.614,28,0.7719,0
2026-10-04 00:00:00,LINE_A,MAT_B,17.46,2.197,2.043,17.614,24,0.7339,0
2026-10-04 00:15:00,LINE_A,MAT_A,21.614,2.253,2.027,21.841,28,0.78,0
2026-10-04 00:15:00,LINE_A,MAT_B,17.614,2.253,2.027,17.841,24,0.7434,0
2026-10-04 00:30:00,LINE_A,MAT_A,21.841,2.31,2.207,21.944,28,0.7837,0
2026-10-04 00:30:00,LINE_A,MAT_B,17.841,2.31,2.207,17.944,24,0.7476,0
2026-10-04 00:45:00,LINE_A,MAT_A,21.944,2.191,2.353,21.781,28,0.7779,0
2026-10-04 00:45:00,LINE_A,MAT_B,17.944,2.191,2.353,17.781,24,0.7409,0
2026-10-04 01:00:00,LINE_A,MAT_A,21.781,2.399,2.379,21.801,28,0.7786,0
2026-10-04 01:00:00,LINE_A,MAT_B,17.781,2.399,2.379,17.801,24,0.7417,0
2026-10-04 01:15:00,LINE_A,MAT_A,21.801,2.157,1.91,22.048,28,0.7874,0
2026-10-04 01:15:00,LINE_A,MAT_B,17.801,2.157,1.91,18.048,24,0.752,0
2026-10-04 01:30:00,LINE_A,MAT_A,22.048,2.303,2.443,21.908,28,0.7824,0
2026-10-04 01:30:00,LINE_A,MAT_B,18.048,2.303,2.443,17.908,24,0.7462,0
2026-10-04 01:45:00,LINE_A,MAT_A,21.908,2.52,2.353,22.075,28,0.7884,0
2026-10-04 01:45:00,LINE_A,MAT_B,17.908,2.52,2.353,18.075,24,0.7531,0
2026-10-04 02:00:00,LINE_A,MAT_A,22.075,2.269,2.198,22.146,28,0.7909,0
2026-10-04 02:00:00,LINE_A,MAT_B,18.075,2.269,2.198,18.146,24,0.7561,0
2026-10-04 02:15:00,LINE_A,MAT_A,22.146,2.261,2.207,22.2,28,0.7929,0
2026-10-04 02:15:00,LINE_A,MAT_B,18.146,2.261,2.207,18.2,24,0.7583,0
2026-10-04 02:30:00,LINE_A,MAT_A,22.2,1.995,2.266,21.929,28,0.7832,0
2026-10-04 02:30:00,LINE_A,MAT_B,18.2,1.995,2.266,17.929,24,0.747,0
2026-10-04 02:45:00,LINE_A,MAT_A,21.929,1.972,2.166,21.735,28,0.7762,0
2026-10-04 02:45:00,LINE_A,MAT_B,17.929,1.972,2.166,17.735,24,0.739,0
2026-10-04 03:00:00,LINE_A,MAT_A,21.735,2.01,2.105,21.641,28,0.7729,0
2026-10-04 03:00:00,LINE_A,MAT_B,17.735,2.01,2.105,17.641,24,0.735,0
2026-10-04 03:15:00,LINE_A,MAT_A,21.641,2.276,2.132,21.785,28,0.778,0
2026-10-04 03:15:00,LINE_A,MAT_B,17.641,2.276,2.132,17.785,24,0.741,0
2026-10-04 03:30:00,LINE_A,MAT_A,21.785,2.403,2.29,21.898,28,0.7821,0
2026-10-04 03:30:00,LINE_A,MAT_B,17.785,2.403,2.29,17.898,24,0.7457,0
2026-10-04 03:45:00,LINE_A,MAT_A,21.898,2.207,2.078,22.027,28,0.7867,0
2026-10-04 03:45:00,LINE_A,MAT_B,17.898,2.207,2.078,18.027,24,0.7511,0
2026-10-04 04:00:00,LINE_A,MAT_A,22.027,2.026,2.244,21.809,28,0.7789,0
2026-10-04 04:00:00,LINE_A,MAT_B,18.027,2.026,2.244,17.809,24,0.742,0
2026-10-04 04:15:00,LINE_A,MAT_A,21.809,2.143,2.217,21.735,28,0.7762,0
2026-10-04 04:15:00,LINE_A,MAT_B,17.809,2.143,2.217,17.735,24,0.7389,0
2026-10-04 04:30:00,LINE_A,MAT_A,21.735,2.144,2.257,21.622,28,0.7722,0
2026-10-04 04:30:00,LINE_A,MAT_B,17.735,2.144,2.257,17.622,24,0.7342,0
2026-10-04 04:45:00,LINE_A,MAT_A,21.622,2.327,2.128,21.821,28,0.7793,0
2026-10-04 04:45:00,LINE_A,MAT_B,17.622,2.327,2.128,17.821,24,0.7425,0
2026-10-04 05:00:00,LINE_A,MAT_A,21.821,1.994,2.372,21.444,28,0.7658,0
2026-10-04 05:00:00,LINE_A,MAT_B,17.821,1.994,2.372,17.444,24,0.7268,0
2026-10-04 05:15:00,LINE_A,MAT_A,21.444,2.09,2.031,21.503,28,0.768,0
2026-10-04 05:15:00,LINE_A,MAT_B,17.444,2.09,2.031,17.503,24,0.7293,0
2026-10-04 05:30:00,LINE_A,MAT_A,21.503,2.206,2.269,21.44,28,0.7657,0
2026-10-04 05:30:00,LINE_A,MAT_B,17.503,2.206,2.269,17.44,24,0.7267,0
2026-10-04 05:45:00,LINE_A,MAT_A,21.44,2.196,2.266,21.371,28,0.7632,0
2026-10-04 05:45:00,LINE_A,MAT_B,17.44,2.196,2.266,17.371,24,0.7238,0
2026-10-04 06:00:00,LINE_A,MAT_A,21.371,2.803,2.827,21.347,28,0.7624,0
2026-10-04 06:00:00,LINE_A,MAT_B,17.371,2.803,2.827,17.347,24,0.7228,0
2026-10-04 06:15:00,LINE_A,MAT_A,21.347,2.751,2.801,21.297,28,0.7606,0
2026-10-04 06:15:00,LINE_A,MAT_B,17.347,2.751,2.801,17.297,24,0.7207,0
2026-10-04 06:30:00,LINE_A,MAT_A,21.297,2.476,2.876,20.897,28,0.7463,0
2026-10-04 06:30:00,LINE_A,MAT_B,17.297,2.476,2.876,16.897,24,0.704,0
2026-10-04 06:45:00,LINE_A,MAT_A,20.897,2.682,2.888,20.691,28,0.739,0
2026-10-04 06:45:00,LINE_A,MAT_B,16.897,2.682,2.888,16.691,24,0.6955,0
2026-10-04 07:00:00,LINE_A,MAT_A,20.691,2.657,2.839,20.51,28,0.7325,0
2026-10-04 07:00:00,LINE_A,MAT_B,16.691,2.657,2.839,16.51,24,0.6879,0
2026-10-04 07:15:00,LINE_A,MAT_A,20.51,2.647,2.918,20.239,28,0.7228,0
2026-10-04 07:15:00,LINE_A,MAT_B,16.51,2.647,2.918,16.239,24,0.6766,0
2026-10-04 07:30:00,LINE_A,MAT_A,20.239,2.79,2.726,20.303,28,0.7251,0
2026-10-04 07:30:00,LINE_A,MAT_B,16.239,2.79,2.726,16.303,24,0.6793,0
2026-10-04 07:45:00,LINE_A,MAT_A,20.303,2.705,2.884,20.123,28,0.7187,0
2026-10-04 07:45:00,LINE_A,MAT_B,16.303,2.705,2.884,16.123,24,0.6718,0
2026-10-04 08:00:00,LINE_A,MAT_A,20.123,2.846,3.142,19.828,28,0.7081,0
2026-10-04 08:00:00,LINE_A,MAT_B,16.123,2.846,3.142,15.828,24,0.6595,0
2026-10-04 08:15:00,LINE_A,MAT_A,19.828,2.788,2.648,19.968,28,0.7132,0
2026-10-04 08:15:00,LINE_A,MAT_B,15.828,2.788,2.648,15.968,24,0.6654,0
2026-10-04 08:30:00,LINE_A,MAT_A,19.968,3.077,2.772,20.274,28,0.7241,0
2026-10-04 08:30:00,LINE_A,MAT_B,15.968,3.077,2.772,16.274,24,0.6781,0
2026-10-04 08:45:00,LINE_A,MAT_A,20.274,3.084,2.465,20.893,28,0.7462,0
2026-10-04 08:45:00,LINE_A,MAT_B,16.274,3.084,2.465,16.893,24,0.7039,0
2026-10-04 09:00:00,LINE_A,MAT_A,20.893,3.176,2.932,21.137,28,0.7549,0
2026-10-04 09:00:00,LINE_A,MAT_B,16.893,3.176,2.932,17.137,24,0.714,0
2026-10-04 09:15:00,LINE_A,MAT_A,21.137,2.802,2.995,20.944,28,0.748,0
2026-10-04 09:15:00,LINE_A,MAT_B,17.137,2.802,2.995,16.944,24,0.706,0
2026-10-04 09:30:00,LINE_A,MAT_A,20.944,2.813,2.985,20.772,28,0.7419,0
2026-10-04 09:30:00,LINE_A,MAT_B,16.944,2.813,2.985,16.772,24,0.6988,0
2026-10-04 09:45:00,LINE_A,MAT_A,20.772,2.715,2.839,20.647,28,0.7374,0
2026-10-04 09:45:00,LINE_A,MAT_B,16.772,2.715,2.839,16.647,24,0.6936,0
2026-10-04 10:00:00,LINE_A,MAT_A,20.647,3.144,2.9,20.892,28,0.7461,0
2026-10-04 10:00:00,LINE_A,MAT_B,16.647,3.144,2.9,16.892,24,0.7038,0
2026-10-04 10:15:00,LINE_A,MAT_A,20.892,2.983,3.074,20.801,28,0.7429,0
2026-10-04 10:15:00,LINE_A,MAT_B,16.892,2.983,3.074,16.801,24,0.7,0
2026-10-04 10:30:00,LINE_A,MAT_A,20.801,2.545,2.968,20.378,28,0.7278,0
2026-10-04 10:30:00,LINE_A,MAT_B,16.801,2.545,2.968,16.378,24,0.6824,0
2026-10-04 10:45:00,LINE_A,MAT_A,20.378,2.927,2.935,20.37,28,0.7275,0
2026-10-04 10:45:00,LINE_A,MAT_B,16.378,2.927,2.935,16.37,24,0.6821,0
2026-10-04 11:00:00,LINE_A,MAT_A,20.37,3.078,2.988,20.459,28,0.7307,0
2026-10-04 11:00:00,LINE_A,MAT_B,16.37,3.078,2.988,16.459,24,0.6858,0
2026-10-04 11:15:00,LINE_A,MAT_A,20.459,2.783,2.714,20.527,28,0.7331,0
2026-10-04 11:15:00,LINE_A,MAT_B,16.459,2.783,2.714,16.527,24,0.6886,0
2026-10-04 11:30:00,LINE_A,MAT_A,20.527,2.545,2.674,20.399,28,0.7285,0
2026-10-04 11:30:00,LINE_A,MAT_B,16.527,2.545,2.674,16.399,24,0.6833,0
2026-10-04 11:45:00,LINE_A,MAT_A,20.399,2.638,2.672,20.364,28,0.7273,0
2026-10-04 11:45:00,LINE_A,MAT_B,16.399,2.638,2.672,16.364,24,0.6818,0
2026-10-04 12:00:00,LINE_A,MAT_A,20.364,2.833,2.794,20.403,28,0.7287,0
2026-10-04 12:00:00,LINE_A,MAT_B,16.364,2.833,2.794,16.403,24,0.6834,0
2026-10-04 12:15:00,LINE_A,MAT_A,20.403,2.848,2.922,20.328,28,0.726,0
2026-10-04 12:15:00,LINE_A,MAT_B,16.403,2.848,2.922,16.328,24,0.6804,0
2026-10-04 12:30:00,LINE_A,MAT_A,20.328,2.771,3.006,20.093,28,0.7176,0
2026-10-04 12:30:00,LINE_A,MAT_B,16.328,2.771,3.006,16.093,24,0.6706,0
2026-10-04 12:45:00,LINE_A,MAT_A,20.093,2.934,2.753,20.275,28,0.7241,0
2026-10-04 12:45:00,LINE_A,MAT_B,16.093,2.934,2.753,16.275,24,0.6781,0
2026-10-04 13:00:00,LINE_A,MAT_A,20.275,3.083,2.939,20.419,28,0.7293,0
2026-10-04 13:00:00,LINE_A,MAT_B,16.275,3.083,2.939,16.419,24,0.6841,0
2026-10-04 13:15:00,LINE_A,MAT_A,20.419,2.959,2.824,20.554,28,0.7341,0
2026-10-04 13:15:00,LINE_A,MAT_B,16.419,2.959,2.824,16.554,24,0.6897,0
2026-10-04 13:30:00,LINE_A,MAT_A,20.554,3.035,2.996,20.593,28,0.7355,0
2026-10-04 13:30:00,LINE_A,MAT_B,16.554,3.035,2.996,16.593,24,0.6914,0
2026-10-04 13:45:00,LINE_A,MAT_A,20.593,2.983,3.099,20.477,28,0.7313,0
2026-10-04 13:45:00,LINE_A,MAT_B,16.593,2.983,3.099,16.477,24,0.6865,0
2026-10-04 14:00:00,LINE_A,MAT_A,20.477,3.403,2.957,20.924,28,0.7473,0
2026-10-04 14:00:00,LINE_A,MAT_B,16.477,3.403,2.957,16.924,24,0.7051,0
2026-10-04 14:15:00,LINE_A,MAT_A,20.924,3.178,3.107,20.995,28,0.7498,0
2026-10-04 14:15:00,LINE_A,MAT_B,16.924,3.178,3.107,16.995,24,0.7081,0
2026-10-04 14:30:00,LINE_A,MAT_A,20.995,3.271,2.923,21.343,28,0.7622,0
2026-10-04 14:30:00,LINE_A,MAT_B,16.995,3.271,2.923,17.343,24,0.7226,0
2026-10-04 14:45:00,LINE_A,MAT_A,21.343,3.247,3.284,21.306,28,0.7609,0
2026-10-04 14:45:00,LINE_A,MAT_B,17.343,3.247,3.284,17.306,24,0.7211,0
2026-10-04 15:00:00,LINE_A,MAT_A,21.306,3.17,3.001,21.475,28,0.767,0
2026-10-04 15:00:00,LINE_A,MAT_B,17.306,3.17,3.001,17.475,24,0.7281,0
2026-10-04 15:15:00,LINE_A,MAT_A,21.475,3.126,3.149,21.453,28,0.7662,0
2026-10-04 15:15:00,LINE_A,MAT_B,17.475,3.126,3.149,17.453,24,0.7272,0
2026-10-04 15:30:00,LINE_A,MAT_A,21.453,4.395,2.937,22.911,28,0.8182,0
2026-10-04 15:30:00,LINE_A,MAT_B,17.453,4.395,2.937,18.911,24,0.788,0
2026-10-04 15:45:00,LINE_A,MAT_A,22.911,4.456,3.12,24.247,28,0.866,0
2026-10-04 15:45:00,LINE_A,MAT_B,18.911,4.456,3.12,20.247,24,0.8436,0
2026-10-04 16:00:00,LINE_A,MAT_A,24.247,4.505,2.904,25.096,28,0.8963,0
2026-10-04 16:00:00,LINE_A,MAT_B,20.247,4.505,2.904,21.096,24,0.879,0
2026-10-04 16:15:00,LINE_A,MAT_A,25.096,4.528,2.772,25.228,28,0.901,0
2026-10-04 16:15:00,LINE_A,MAT_B,21.096,4.528,2.772,21.228,24,0.8845,0
2026-10-04 16:30:00,LINE_A,MAT_A,25.228,2.893,2.929,25.071,28,0.8954,0
2026-10-04 16:30:00,LINE_A,MAT_B,21.228,2.893,2.929,21.071,24,0.878,0
2026-10-04 16:45:00,LINE_A,MAT_A,25.071,3.281,2.819,25.181,28,0.8993,0
2026-10-04 16:45:00,LINE_A,MAT_B,21.071,3.281,2.819,21.181,24,0.8826,0
2026-10-04 17:00:00,LINE_A,MAT_A,25.181,3.104,2.967,25.033,28,0.894,0
2026-10-04 17:00:00,LINE_A,MAT_B,21.181,3.104,2.967,21.033,24,0.8764,0
2026-10-04 17:15:00,LINE_A,MAT_A,25.033,2.997,3.0,25.0,28,0.8928,0
2026-10-04 17:15:00,LINE_A,MAT_B,21.033,2.997,3.0,21.0,24,0.875,0
2026-10-04 17:30:00,LINE_A,MAT_A,25.0,3.215,3.057,24.943,28,0.8908,0
2026-10-04 17:30:00,LINE_A,MAT_B,21.0,3.215,3.057,20.943,24,0.8726,0
2026-10-04 17:45:00,LINE_A,MAT_A,24.943,3.089,2.898,25.102,28,0.8965,0
2026-10-04 17:45:00,LINE_A,MAT_B,20.943,3.089,2.898,21.102,24,0.8792,0
2026-10-04 18:00:00,LINE_A,MAT_A,25.102,2.76,2.705,25.156,28,0.8984,0
2026-10-04 18:00:00,LINE_A,MAT_B,21.102,2.76,2.705,21.156,24,0.8815,0
2026-10-04 18:15:00,LINE_A,MAT_A,25.156,3.079,3.089,24.911,28,0.8897,0
2026-10-04 18:15:00,LINE_A,MAT_B,21.156,3.079,3.089,20.911,24,0.8713,0
2026-10-04 18:30:00,LINE_A,MAT_A,24.911,2.967,2.918,24.96,28,0.8914,0
2026-10-04 18:30:00,LINE_A,MAT_B,20.911,2.967,2.918,20.96,24,0.8733,0
2026-10-04 18:45:00,LINE_A,MAT_A,24.96,2.933,3.098,24.795,28,0.8855,0
2026-10-04 18:45:00,LINE_A,MAT_B,20.96,2.933,3.098,20.795,24,0.8665,0
2026-10-04 19:00:00,LINE_A,MAT_A,24.795,2.423,2.616,24.602,28,0.8786,0
2026-10-04 19:00:00,LINE_A,MAT_B,20.795,2.423,2.616,20.602,24,0.8584,0
2026-10-04 19:15:00,LINE_A,MAT_A,24.602,2.384,2.553,24.433,28,0.8726,0
2026-10-04 19:15:00,LINE_A,MAT_B,20.602,2.384,2.553,20.433,24,0.8514,0
2026-10-04 19:30:00,LINE_A,MAT_A,24.433,3.263,3.125,24.571,28,0.8776,0
2026-10-04 19:30:00,LINE_A,MAT_B,20.433,3.263,3.125,20.571,24,0.8571,0
2026-10-04 19:45:00,LINE_A,MAT_A,24.571,2.9,2.749,24.722,28,0.8829,0
2026-10-04 19:45:00,LINE_A,MAT_B,20.571,2.9,2.749,20.722,24,0.8634,0
2026-10-04 20:00:00,LINE_A,MAT_A,24.722,2.777,3.122,24.377,28,0.8706,0
2026-10-04 20:00:00,LINE_A,MAT_B,20.722,2.777,3.122,20.377,24,0.849,0
2026-10-04 20:15:00,LINE_A,MAT_A,24.377,3.151,2.61,24.918,28,0.8899,0
2026-10-04 20:15:00,LINE_A,MAT_B,20.377,3.151,2.61,20.918,24,0.8716,0
2026-10-04 20:30:00,LINE_A,MAT_A,24.918,2.856,2.937,24.838,28,0.8871,0
2026-10-04 20:30:00,LINE_A,MAT_B,20.918,2.856,2.937,20.838,24,0.8683,0
2026-10-04 20:45:00,LINE_A,MAT_A,24.838,2.627,3.143,24.322,28,0.8687,0
2026-10-04 20:45:00,LINE_A,MAT_B,20.838,2.627,3.143,20.322,24,0.8468,0
2026-10-04 21:00:00,LINE_A,MAT_A,24.322,2.9,2.996,24.226,28,0.8652,0
2026-10-04 21:00:00,LINE_A,MAT_B,20.322,2.9,2.996,20.226,24,0.8427,0
2026-10-04 21:15:00,LINE_A,MAT_A,24.226,2.834,2.827,24.233,28,0.8655,0
2026-10-04 21:15:00,LINE_A,MAT_B,20.226,2.834,2.827,20.233,24,0.8431,0
2026-10-04 21:30:00,LINE_A,MAT_A,24.233,3.073,3.112,24.195,28,0.8641,0
2026-10-04 21:30:00,LINE_A,MAT_B,20.233,3.073,3.112,20.195,24,0.8415,0
2026-10-04 21:45:00,LINE_A,MAT_A,24.195,2.783,2.72,24.258,28,0.8663,0
2026-10-04 21:45:00,LINE_A,MAT_B,20.195,2.783,2.72,20.258,24,0.8441,0
2026-10-04 22:00:00,LINE_A,MAT_A,24.258,2.113,2.133,24.238,28,0.8656,0
2026-10-04 22:00:00,LINE_A,MAT_B,20.258,2.113,2.133,20.238,24,0.8432,0
2026-10-04 22:15:00,LINE_A,MAT_A,24.238,2.139,2.049,24.328,28,0.8689,0
2026-10-04 22:15:00,LINE_A,MAT_B,20.238,2.139,2.049,20.328,24,0.847,0
2026-10-04 22:30:00,LINE_A,MAT_A,24.328,2.156,2.323,24.161,28,0.8629,0
2026-10-04 22:30:00,LINE_A,MAT_B,20.328,2.156,2.323,20.161,24,0.84,0
2026-10-04 22:45:00,LINE_A,MAT_A,24.161,2.099,2.172,24.089,28,0.8603,0
2026-10-04 22:45:00,LINE_A,MAT_B,20.161,2.099,2.172,20.089,24,0.837,0
2026-10-04 23:00:00,LINE_A,MAT_A,24.089,2.402,2.325,24.166,28,0.8631,0
2026-10-04 23:00:00,LINE_A,MAT_B,20.089,2.402,2.325,20.166,24,0.8403,0
2026-10-04 23:15:00,LINE_A,MAT_A,24.166,2.076,2.178,24.064,28,0.8594,0
2026-10-04 23:15:00,LINE_A,MAT_B,20.166,2.076,2.178,20.064,24,0.836,0
2026-10-04 23:30:00,LINE_A,MAT_A,24.064,2.118,1.928,24.254,28,0.8662,0
2026-10-04 23:30:00,LINE_A,MAT_B,20.064,2.118,1.928,20.254,24,0.8439,0
2026-10-04 23:45:00,LINE_A,MAT_A,24.254,2.277,1.997,24.534,28,0.8762,0
2026-10-04 23:45:00,LINE_A,MAT_B,20.254,2.277,1.997,20.534,24,0.8556,0
2026-10-05 00:00:00,LINE_A,MAT_A,24.534,2.85,2.21,25.175,28,0.8991,0
2026-10-05 00:00:00,LINE_A,MAT_B,20.534,2.85,2.21,21.175,24,0.8823,0
2026-10-05 00:15:00,LINE_A,MAT_A,25.175,2.565,2.539,25.2,28,0.9,0
2026-10-05 00:15:00,LINE_A,MAT_B,21.175,2.565,2.539,21.2,24,0.8833,0
2026-10-05 00:30:00,LINE_A,MAT_A,25.2,2.768,2.749,25.219,28,0.9007,0
2026-10-05 00:30:00,LINE_A,MAT_B,21.2,2.768,2.749,21.219,24,0.8841,0
2026-10-05 00:45:00,LINE_A,MAT_A,25.219,2.47,2.665,25.024,28,0.8937,0
2026-10-05 00:45:00,LINE_A,MAT_B,21.219,2.47,2.665,21.024,24,0.876,0
2026-10-05 01:00:00,LINE_A,MAT_A,25.024,2.515,2.815,24.724,28,0.883,0
2026-10-05 01:00:00,LINE_A,MAT_B,21.024,2.515,2.815,20.724,24,0.8635,0
2026-10-05 01:15:00,LINE_A,MAT_A,24.724,2.849,2.649,24.924,28,0.8902,0
2026-10-05 01:15:00,LINE_A,MAT_B,20.724,2.849,2.649,20.924,24,0.8718,0
2026-10-05 01:30:00,LINE_A,MAT_A,24.924,2.739,2.659,25.005,28,0.893,0
2026-10-05 01:30:00,LINE_A,MAT_B,20.924,2.739,2.659,21.005,24,0.8752,0
2026-10-05 01:45:00,LINE_A,MAT_A,25.005,2.839,2.542,25.301,28,0.9036,0
2026-10-05 01:45:00,LINE_A,MAT_B,21.005,2.839,2.542,21.301,24,0.8875,0
2026-10-05 02:00:00,LINE_A,MAT_A,25.301,2.79,2.626,25.374,28,0.9062,0
2026-10-05 02:00:00,LINE_A,MAT_B,21.301,2.79,2.626,21.374,24,0.8906,0
2026-10-05 02:15:00,LINE_A,MAT_A,25.374,2.84,2.697,25.303,28,0.9037,0
2026-10-05 02:15:00,LINE_A,MAT_B,21.374,2.84,2.697,21.303,24,0.8876,0
2026-10-05 02:30:00,LINE_A,MAT_A,25.303,2.597,2.791,25.109,28,0.8968,0
2026-10-05 02:30:00,LINE_A,MAT_B,21.303,2.597,2.791,21.109,24,0.8796,0
2026-10-05 02:45:00,LINE_A,MAT_A,25.109,2.639,2.604,25.144,28,0.898,0
2026-10-05 02:45:00,LINE_A,MAT_B,21.109,2.639,2.604,21.144,24,0.881,0
2026-10-05 03:00:00,LINE_A,MAT_A,25.144,2.555,2.862,24.837,28,0.887,0
2026-10-05 03:00:00,LINE_A,MAT_B,21.144,2.555,2.862,20.837,24,0.8682,0
2026-10-05 03:15:00,LINE_A,MAT_A,24.837,2.794,2.748,24.884,28,0.8887,0
2026-10-05 03:15:00,LINE_A,MAT_B,20.837,2.794,2.748,20.884,24,0.8701,0
2026-10-05 03:30:00,LINE_A,MAT_A,24.884,2.281,2.717,24.447,28,0.8731,0
2026-10-05 03:30:00,LINE_A,MAT_B,20.884,2.281,2.717,20.447,24,0.852,0
2026-10-05 03:45:00,LINE_A,MAT_A,24.447,3.017,2.374,25.091,28,0.8961,0
2026-10-05 03:45:00,LINE_A,MAT_B,20.447,3.017,2.374,21.091,24,0.8788,0
2026-10-05 04:00:00,LINE_A,MAT_A,25.091,2.562,2.755,24.898,28,0.8892,0
2026-10-05 04:00:00,LINE_A,MAT_B,21.091,2.562,2.755,20.898,24,0.8707,0
2026-10-05 04:15:00,LINE_A,MAT_A,24.898,2.47,2.705,24.662,28,0.8808,0
2026-10-05 04:15:00,LINE_A,MAT_B,20.898,2.47,2.705,20.662,24,0.8609,0
2026-10-05 04:30:00,LINE_A,MAT_A,24.662,2.931,2.932,24.662,28,0.8808,0
2026-10-05 04:30:00,LINE_A,MAT_B,20.662,2.931,2.932,20.662,24,0.8609,0
2026-10-05 04:45:00,LINE_A,MAT_A,24.662,2.906,2.551,25.016,28,0.8934,0
2026-10-05 04:45:00,LINE_A,MAT_B,20.662,2.906,2.551,21.016,24,0.8757,0
2026-10-05 05:00:00,LINE_A,MAT_A,25.016,2.447,2.81,24.653,28,0.8805,0
2026-10-05 05:00:00,LINE_A,MAT_B,21.016,2.447,2.81,20.653,24,0.8605,0
2026-10-05 05:15:00,LINE_A,MAT_A,24.653,2.505,2.6,24.558,28,0.8771,0
2026-10-05 05:15:00,LINE_A,MAT_B,20.653,2.505,2.6,20.558,24,0.8566,0
2026-10-05 05:30:00,LINE_A,MAT_A,24.558,2.434,2.721,24.271,28,0.8668,0
2026-10-05 05:30:00,LINE_A,MAT_B,20.558,2.434,2.721,20.271,24,0.8446,0
2026-10-05 05:45:00,LINE_A,MAT_A,24.271,2.912,2.86,24.322,28,0.8687,0
2026-10-05 05:45:00,LINE_A,MAT_B,20.271,2.912,2.86,20.322,24,0.8468,0
2026-10-05 06:00:00,LINE_A,MAT_A,24.322,3.421,3.499,24.245,28,0.8659,0
2026-10-05 06:00:00,LINE_A,MAT_B,20.322,3.421,3.499,20.245,24,0.8435,0
2026-10-05 06:15:00,LINE_A,MAT_A,24.245,3.634,3.381,24.498,28,0.8749,0
2026-10-05 06:15:00,LINE_A,MAT_B,20.245,3.634,3.381,20.498,24,0.8541,0
2026-10-05 06:30:00,LINE_A,MAT_A,24.498,3.407,3.444,24.461,28,0.8736,0
2026-10-05 06:30:00,LINE_A,MAT_B,20.498,3.407,3.444,20.461,24,0.8525,0
2026-10-05 06:45:00,LINE_A,MAT_A,24.461,3.271,3.523,24.21,28,0.8646,0
2026-10-05 06:45:00,LINE_A,MAT_B,20.461,3.271,3.523,20.21,24,0.8421,0
2026-10-05 07:00:00,LINE_A,MAT_A,24.21,3.465,3.505,24.169,28,0.8632,0
2026-10-05 07:00:00,LINE_A,MAT_B,20.21,3.465,3.505,20.169,24,0.8404,0
2026-10-05 07:15:00,LINE_A,MAT_A,24.169,3.384,3.556,23.997,28,0.857,0
2026-10-05 07:15:00,LINE_A,MAT_B,20.169,3.384,3.556,19.997,24,0.8332,0
2026-10-05 07:30:00,LINE_A,MAT_A,23.997,3.314,3.406,23.905,28,0.8538,0
2026-10-05 07:30:00,LINE_A,MAT_B,19.997,3.314,3.406,19.905,24,0.8294,0
2026-10-05 07:45:00,LINE_A,MAT_A,23.905,3.258,3.332,23.832,28,0.8511,0
2026-10-05 07:45:00,LINE_A,MAT_B,19.905,3.258,3.332,19.832,24,0.8263,0
2026-10-05 08:00:00,LINE_A,MAT_A,23.832,3.601,3.765,23.669,28,0.8453,0
2026-10-05 08:00:00,LINE_A,MAT_B,19.832,3.601,3.765,19.669,24,0.8195,0
2026-10-05 08:15:00,LINE_A,MAT_A,23.669,3.583,3.36,23.891,28,0.8533,0
2026-10-05 08:15:00,LINE_A,MAT_B,19.669,3.583,3.36,19.891,24,0.8288,0
2026-10-05 08:30:00,LINE_A,MAT_A,23.891,3.142,3.51,23.523,28,0.8401,0
2026-10-05 08:30:00,LINE_A,MAT_B,19.891,3.142,3.51,19.523,24,0.8135,0
2026-10-05 08:45:00,LINE_A,MAT_A,23.523,3.334,3.535,23.322,28,0.8329,0
2026-10-05 08:45:00,LINE_A,MAT_B,19.523,3.334,3.535,19.322,24,0.8051,0
2026-10-05 09:00:00,LINE_A,MAT_A,23.322,3.469,3.258,23.534,28,0.8405,0
2026-10-05 09:00:00,LINE_A,MAT_B,19.322,3.469,3.258,19.534,24,0.8139,0
2026-10-05 09:15:00,LINE_A,MAT_A,23.534,3.379,3.559,23.354,28,0.8341,0
2026-10-05 09:15:00,LINE_A,MAT_B,19.534,3.379,3.559,19.354,24,0.8064,0
2026-10-05 09:30:00,LINE_A,MAT_A,23.354,3.76,3.488,23.625,28,0.8437,0
2026-10-05 09:30:00,LINE_A,MAT_B,19.354,3.76,3.488,19.625,24,0.8177,0
2026-10-05 09:45:00,LINE_A,MAT_A,23.625,3.314,3.44,23.499,28,0.8392,0
2026-10-05 09:45:00,LINE_A,MAT_B,19.625,3.314,3.44,19.499,24,0.8125,0
2026-10-05 10:00:00,LINE_A,MAT_A,23.499,3.436,3.573,23.363,28,0.8344,0
2026-10-05 10:00:00,LINE_A,MAT_B,19.499,3.436,3.573,19.363,24,0.8068,0
2026-10-05 10:15:00,LINE_A,MAT_A,23.363,3.542,3.552,23.353,28,0.834,0
2026-10-05 10:15:00,LINE_A,MAT_B,19.363,3.542,3.552,19.353,24,0.8064,0
2026-10-05 10:30:00,LINE_A,MAT_A,23.353,3.079,3.491,22.941,28,0.8193,0
2026-10-05 10:30:00,LINE_A,MAT_B,19.353,3.079,3.491,18.941,24,0.7892,0
2026-10-05 10:45:00,LINE_A,MAT_A,22.941,3.521,3.664,22.798,28,0.8142,0
2026-10-05 10:45:00,LINE_A,MAT_B,18.941,3.521,3.664,18.798,24,0.7832,0
2026-10-05 11:00:00,LINE_A,MAT_A,22.798,3.557,3.458,22.898,28,0.8178,0
2026-10-05 11:00:00,LINE_A,MAT_B,18.798,3.557,3.458,18.898,24,0.7874,0
2026-10-05 11:15:00,LINE_A,MAT_A,22.898,3.547,3.827,22.618,28,0.8078,0
2026-10-05 11:15:00,LINE_A,MAT_B,18.898,3.547,3.827,18.618,24,0.7758,0
2026-10-05 11:30:00,LINE_A,MAT_A,22.618,3.349,3.112,22.856,28,0.8163,0
2026-10-05 11:30:00,LINE_A,MAT_B,18.618,3.349,3.112,18.856,24,0.7857,0
2026-10-05 11:45:00,LINE_A,MAT_A,22.856,2.861,2.986,22.73,28,0.8118,0
2026-10-05 11:45:00,LINE_A,MAT_B,18.856,2.861,2.986,18.73,24,0.7804,0
2026-10-05 12:00:00,LINE_A,MAT_A,22.73,3.704,3.84,22.594,28,0.8069,0
2026-10-05 12:00:00,LINE_A,MAT_B,18.73,3.704,3.84,18.594,24,0.7747,0
2026-10-05 12:15:00,LINE_A,MAT_A,22.594,3.824,3.537,22.881,28,0.8172,0
2026-10-05 12:15:00,LINE_A,MAT_B,18.594,3.824,3.537,18.881,24,0.7867,0
2026-10-05 12:30:00,LINE_A,MAT_A,22.881,3.393,3.335,22.94,28,0.8193,0
2026-10-05 12:30:00,LINE_A,MAT_B,18.881,3.393,3.335,18.94,24,0.7892,0
2026-10-05 12:45:00,LINE_A,MAT_A,22.94,3.782,3.586,23.136,28,0.8263,0
2026-10-05 12:45:00,LINE_A,MAT_B,18.94,3.782,3.586,19.136,24,0.7973,0
2026-10-05 13:00:00,LINE_A,MAT_A,23.136,3.231,3.367,23.0,28,0.8214,0
2026-10-05 13:00:00,LINE_A,MAT_B,19.136,3.231,3.367,19.0,24,0.7917,0
2026-10-05 13:15:00,LINE_A,MAT_A,23.0,3.8,3.628,23.171,28,0.8276,0
2026-10-05 13:15:00,LINE_A,MAT_B,19.0,3.8,3.628,19.171,24,0.7988,0
2026-10-05 13:30:00,LINE_A,MAT_A,23.171,3.353,3.686,22.839,28,0.8157,0
2026-10-05 13:30:00,LINE_A,MAT_B,19.171,3.353,3.686,18.839,24,0.785,0
2026-10-05 13:45:00,LINE_A,MAT_A,22.839,3.789,3.676,22.952,28,0.8197,0
2026-10-05 13:45:00,LINE_A,MAT_B,18.839,3.789,3.676,18.952,24,0.7897,0
2026-10-05 14:00:00,LINE_A,MAT_A,22.952,3.913,3.794,23.071,28,0.824,0
2026-10-05 14:00:00,LINE_A,MAT_B,18.952,3.913,3.794,19.071,24,0.7946,0
2026-10-05 14:15:00,LINE_A,MAT_A,23.071,3.766,3.903,22.934,28,0.8191,0
2026-10-05 14:15:00,LINE_A,MAT_B,19.071,3.766,3.903,18.934,24,0.7889,0
2026-10-05 14:30:00,LINE_A,MAT_A,22.934,3.548,3.588,22.894,28,0.8177,0
2026-10-05 14:30:00,LINE_A,MAT_B,18.934,3.548,3.588,18.894,24,0.7873,0
2026-10-05 14:45:00,LINE_A,MAT_A,22.894,3.813,3.604,23.104,28,0.8251,0
2026-10-05 14:45:00,LINE_A,MAT_B,18.894,3.813,3.604,19.104,24,0.796,0
2026-10-05 15:00:00,LINE_A,MAT_A,23.104,3.915,3.646,23.373,28,0.8347,0
2026-10-05 15:00:00,LINE_A,MAT_B,19.104,3.915,3.646,19.373,24,0.8072,0
2026-10-05 15:15:00,LINE_A,MAT_A,23.373,3.607,3.868,23.112,28,0.8254,0
2026-10-05 15:15:00,LINE_A,MAT_B,19.373,3.607,3.868,19.112,24,0.7963,0
2026-10-05 15:30:00,LINE_A,MAT_A,23.112,3.526,3.625,23.013,28,0.8219,0
2026-10-05 15:30:00,LINE_A,MAT_B,19.112,3.526,3.625,19.013,24,0.7922,0
2026-10-05 15:45:00,LINE_A,MAT_A,23.013,3.95,3.84,23.122,28,0.8258,0
2026-10-05 15:45:00,LINE_A,MAT_B,19.013,3.95,3.84,19.122,24,0.7968,0
2026-10-05 16:00:00,LINE_A,MAT_A,23.122,3.869,3.617,23.374,28,0.8348,0
2026-10-05 16:00:00,LINE_A,MAT_B,19.122,3.869,3.617,19.374,24,0.8073,0
2026-10-05 16:15:00,LINE_A,MAT_A,23.374,1.523,3.912,20.985,28,0.7495,0
2026-10-05 16:15:00,LINE_A,MAT_B,19.374,1.523,3.912,16.985,24,0.7077,0
2026-10-05 16:30:00,LINE_A,MAT_A,20.985,4.393,3.779,21.599,28,0.7714,0
2026-10-05 16:30:00,LINE_A,MAT_B,16.985,4.393,3.779,17.599,24,0.7333,0
2026-10-05 16:45:00,LINE_A,MAT_A,21.599,4.727,3.587,22.74,28,0.8122,0
2026-10-05 16:45:00,LINE_A,MAT_B,17.599,4.727,3.587,18.74,24,0.7808,0
2026-10-05 17:00:00,LINE_A,MAT_A,22.74,4.685,3.628,23.797,28,0.8499,0
2026-10-05 17:00:00,LINE_A,MAT_B,18.74,4.685,3.628,19.797,24,0.8249,0
2026-10-05 17:15:00,LINE_A,MAT_A,23.797,3.74,3.646,23.89,28,0.8532,0
2026-10-05 17:15:00,LINE_A,MAT_B,19.797,3.74,3.646,19.89,24,0.8288,0
2026-10-05 17:30:00,LINE_A,MAT_A,23.89,3.507,3.608,23.789,28,0.8496,0
2026-10-05 17:30:00,LINE_A,MAT_B,19.89,3.507,3.608,19.789,24,0.8245,0
2026-10-05 17:45:00,LINE_A,MAT_A,23.789,3.637,3.603,23.823,28,0.8508,0
2026-10-05 17:45:00,LINE_A,MAT_B,19.789,3.637,3.603,19.823,24,0.8259,0
2026-10-05 18:00:00,LINE_A,MAT_A,23.823,4.068,3.521,24.369,28,0.8703,0
2026-10-05 18:00:00,LINE_A,MAT_B,19.823,4.068,3.521,20.369,24,0.8487,0
2026-10-05 18:15:00,LINE_A,MAT_A,24.369,3.738,3.665,24.335,28,0.8691,0
2026-10-05 18:15:00,LINE_A,MAT_B,20.369,3.738,3.665,20.335,24,0.8473,0
2026-10-05 18:30:00,LINE_A,MAT_A,24.335,3.563,3.485,24.413,28,0.8719,0
2026-10-05 18:30:00,LINE_A,MAT_B,20.335,3.563,3.485,20.413,24,0.8505,0
2026-10-05 18:45:00,LINE_A,MAT_A,24.413,3.52,3.755,24.178,28,0.8635,0
2026-10-05 18:45:00,LINE_A,MAT_B,20.413,3.52,3.755,20.178,24,0.8407,0
2026-10-05 19:00:00,LINE_A,MAT_A,24.178,3.127,3.254,24.051,28,0.859,0
2026-10-05 19:00:00,LINE_A,MAT_B,20.178,3.127,3.254,20.051,24,0.8355,0
2026-10-05 19:15:00,LINE_A,MAT_A,24.051,3.007,2.978,24.081,28,0.86,0
2026-10-05 19:15:00,LINE_A,MAT_B,20.051,3.007,2.978,20.081,24,0.8367,0
2026-10-05 19:30:00,LINE_A,MAT_A,24.081,3.858,3.346,24.592,28,0.8783,0
2026-10-05 19:30:00,LINE_A,MAT_B,20.081,3.858,3.346,20.592,24,0.858,0
2026-10-05 19:45:00,LINE_A,MAT_A,24.592,3.421,3.537,24.463,28,0.8737,0
2026-10-05 19:45:00,LINE_A,MAT_B,20.592,3.421,3.537,20.463,24,0.8526,0
2026-10-05 20:00:00,LINE_A,MAT_A,24.463,3.087,3.626,23.925,28,0.8545,0
2026-10-05 20:00:00,LINE_A,MAT_B,20.463,3.087,3.626,19.925,24,0.8302,0
2026-10-05 20:15:00,LINE_A,MAT_A,23.925,3.259,3.543,23.641,28,0.8443,0
2026-10-05 20:15:00,LINE_A,MAT_B,19.925,3.259,3.543,19.641,24,0.8184,0
2026-10-05 20:30:00,LINE_A,MAT_A,23.641,3.863,3.571,23.934,28,0.8548,0
2026-10-05 20:30:00,LINE_A,MAT_B,19.641,3.863,3.571,19.934,24,0.8306,0
2026-10-05 20:45:00,LINE_A,MAT_A,23.934,3.43,3.637,23.727,28,0.8474,0
2026-10-05 20:45:00,LINE_A,MAT_B,19.934,3.43,3.637,19.727,24,0.822,0
2026-10-05 21:00:00,LINE_A,MAT_A,23.727,3.512,3.214,24.025,28,0.858,0
2026-10-05 21:00:00,LINE_A,MAT_B,19.727,3.512,3.214,20.025,24,0.8344,0
2026-10-05 21:15:00,LINE_A,MAT_A,24.025,3.707,3.389,24.344,28,0.8694,0
2026-10-05 21:15:00,LINE_A,MAT_B,20.025,3.707,3.389,20.344,24,0.8477,0
2026-10-05 21:30:00,LINE_A,MAT_A,24.344,3.595,3.485,24.454,28,0.8734,0
2026-10-05 21:30:00,LINE_A,MAT_B,20.344,3.595,3.485,20.454,24,0.8522,0
2026-10-05 21:45:00,LINE_A,MAT_A,24.454,3.522,3.337,24.639,28,0.88,0
2026-10-05 21:45:00,LINE_A,MAT_B,20.454,3.522,3.337,20.639,24,0.86,0
2026-10-05 22:00:00,LINE_A,MAT_A,24.639,2.392,2.56,24.471,28,0.874,0
2026-10-05 22:00:00,LINE_A,MAT_B,20.639,2.392,2.56,20.471,24,0.8529,0
2026-10-05 22:15:00,LINE_A,MAT_A,24.471,2.752,2.579,24.643,28,0.8801,0
2026-10-05 22:15:00,LINE_A,MAT_B,20.471,2.752,2.579,20.643,24,0.8601,0
2026-10-05 22:30:00,LINE_A,MAT_A,24.643,2.599,2.828,24.415,28,0.872,0
2026-10-05 22:30:00,LINE_A,MAT_B,20.643,2.599,2.828,20.415,24,0.8506,0
2026-10-05 22:45:00,LINE_A,MAT_A,24.415,2.65,2.496,24.568,28,0.8774,0
2026-10-05 22:45:00,LINE_A,MAT_B,20.415,2.65,2.496,20.568,24,0.857,0
2026-10-05 23:00:00,LINE_A,MAT_A,24.568,2.731,2.603,24.696,28,0.882,0
2026-10-05 23:00:00,LINE_A,MAT_B,20.568,2.731,2.603,20.696,24,0.8623,0
2026-10-05 23:15:00,LINE_A,MAT_A,24.696,2.764,2.461,24.999,28,0.8928,0
2026-10-05 23:15:00,LINE_A,MAT_B,20.696,2.764,2.461,20.999,24,0.875,0
2026-10-05 23:30:00,LINE_A,MAT_A,24.999,2.761,2.609,25.151,28,0.8983,0
2026-10-05 23:30:00,LINE_A,MAT_B,20.999,2.761,2.609,21.151,24,0.8813,0
2026-10-05 23:45:00,LINE_A,MAT_A,25.151,2.712,2.627,25.236,28,0.9013,0
2026-10-05 23:45:00,LINE_A,MAT_B,21.151,2.712,2.627,21.236,24,0.8848,0
2026-10-06 00:00:00,LINE_A,MAT_A,25.236,2.543,2.724,25.055,28,0.8948,0
2026-10-06 00:00:00,LINE_A,MAT_B,21.236,2.543,2.724,21.055,24,0.8773,0
2026-10-06 00:15:00,LINE_A,MAT_A,25.055,2.885,2.694,25.246,28,0.9016,0
2026-10-06 00:15:00,LINE_A,MAT_B,21.055,2.885,2.694,21.246,24,0.8852,0
2026-10-06 00:30:00,LINE_A,MAT_A,25.246,2.501,2.56,25.187,28,0.8995,0
2026-10-06 00:30:00,LINE_A,MAT_B,21.246,2.501,2.56,21.187,24,0.8828,0
2026-10-06 00:45:00,LINE_A,MAT_A,25.187,2.679,2.682,25.184,28,0.8994,0
2026-10-06 00:45:00,LINE_A,MAT_B,21.187,2.679,2.682,21.184,24,0.8827,0
2026-10-06 01:00:00,LINE_A,MAT_A,25.184,2.664,2.697,25.151,28,0.8982,0
2026-10-06 01:00:00,LINE_A,MAT_B,21.184,2.664,2.697,21.151,24,0.8813,0
2026-10-06 01:15:00,LINE_A,MAT_A,25.151,2.701,2.649,25.203,28,0.9001,0
2026-10-06 01:15:00,LINE_A,MAT_B,21.151,2.701,2.649,21.203,24,0.8835,0
2026-10-06 01:30:00,LINE_A,MAT_A,25.203,2.81,2.853,25.147,28,0.8981,0
2026-10-06 01:30:00,LINE_A,MAT_B,21.203,2.81,2.853,21.147,24,0.8811,0
2026-10-06 01:45:00,LINE_A,MAT_A,25.147,2.991,2.854,25.146,28,0.8981,0
2026-10-06 01:45:00,LINE_A,MAT_B,21.147,2.991,2.854,21.146,24,0.8811,0
2026-10-06 02:00:00,LINE_A,MAT_A,25.146,2.692,2.669,25.169,28,0.8989,0
2026-10-06 02:00:00,LINE_A,MAT_B,21.146,2.692,2.669,21.169,24,0.882,0
2026-10-06 02:15:00,LINE_A,MAT_A,25.169,2.701,2.828,25.042,28,0.8944,0
2026-10-06 02:15:00,LINE_A,MAT_B,21.169,2.701,2.828,21.042,24,0.8768,0
2026-10-06 02:30:00,LINE_A,MAT_A,25.042,2.333,2.748,24.627,28,0.8795,0
2026-10-06 02:30:00,LINE_A,MAT_B,21.042,2.333,2.748,20.627,24,0.8595,0
2026-10-06 02:45:00,LINE_A,MAT_A,24.627,2.787,2.954,24.46,28,0.8736,0
2026-10-06 02:45:00,LINE_A,MAT_B,20.627,2.787,2.954,20.46,24,0.8525,0
2026-10-06 03:00:00,LINE_A,MAT_A,24.46,2.519,2.764,24.215,28,0.8648,0
2026-10-06 03:00:00,LINE_A,MAT_B,20.46,2.519,2.764,20.215,24,0.8423,0
2026-10-06 03:15:00,LINE_A,MAT_A,24.215,2.545,2.746,24.014,28,0.8576,0
2026-10-06 03:15:00,LINE_A,MAT_B,20.215,2.545,2.746,20.014,24,0.8339,0
2026-10-06 03:30:00,LINE_A,MAT_A,24.014,2.846,2.883,23.977,28,0.8563,0
2026-10-06 03:30:00,LINE_A,MAT_B,20.014,2.846,2.883,19.977,24,0.8324,0
2026-10-06 03:45:00,LINE_A,MAT_A,23.977,2.841,2.808,24.01,28,0.8575,0
2026-10-06 03:45:00,LINE_A,MAT_B,19.977,2.841,2.808,20.01,24,0.8337,0
2026-10-06 04:00:00,LINE_A,MAT_A,24.01,2.741,2.616,24.135,28,0.862,0
2026-10-06 04:00:00,LINE_A,MAT_B,20.01,2.741,2.616,20.135,24,0.839,0
2026-10-06 04:15:00,LINE_A,MAT_A,24.135,2.819,2.631,24.323,28,0.8687,0
2026-10-06 04:15:00,LINE_A,MAT_B,20.135,2.819,2.631,20.323,24,0.8468,0
2026-10-06 04:30:00,LINE_A,MAT_A,24.323,2.955,2.654,24.624,28,0.8794,0
2026-10-06 04:30:00,LINE_A,MAT_B,20.323,2.955,2.654,20.624,24,0.8593,0
2026-10-06 04:45:00,LINE_A,MAT_A,24.624,2.609,2.643,24.59,28,0.8782,0
2026-10-06 04:45:00,LINE_A,MAT_B,20.624,2.609,2.643,20.59,24,0.8579,0
2026-10-06 05:00:00,LINE_A,MAT_A,24.59,2.854,2.7,24.744,28,0.8837,0
2026-10-06 05:00:00,LINE_A,MAT_B,20.59,2.854,2.7,20.744,24,0.8643,0
2026-10-06 05:15:00,LINE_A,MAT_A,24.744,2.927,2.592,25.078,28,0.8956,0
2026-10-06 05:15:00,LINE_A,MAT_B,20.744,2.927,2.592,21.078,24,0.8783,0
2026-10-06 05:30:00,LINE_A,MAT_A,25.078,2.733,2.722,25.089,28,0.896,0
2026-10-06 05:30:00,LINE_A,MAT_B,21.078,2.733,2.722,21.089,24,0.8787,0
2026-10-06 05:45:00,LINE_A,MAT_A,25.089,2.811,2.724,25.176,28,0.8991,0
2026-10-06 05:45:00,LINE_A,MAT_B,21.089,2.811,2.724,21.176,24,0.8823,0
2026-10-06 06:00:00,LINE_A,MAT_A,25.176,3.147,3.536,24.464,28,0.8737,0
2026-10-06 06:00:00,LINE_A,MAT_B,21.176,3.147,3.536,20.464,24,0.8526,0
2026-10-06 06:15:00,LINE_A,MAT_A,24.464,3.326,3.238,24.551,28,0.8768,0
2026-10-06 06:15:00,LINE_A,MAT_B,20.464,3.326,3.238,20.551,24,0.8563,0
2026-10-06 06:30:00,LINE_A,MAT_A,24.551,3.08,3.457,24.175,28,0.8634,0
2026-10-06 06:30:00,LINE_A,MAT_B,20.551,3.08,3.457,20.175,24,0.8406,0
2026-10-06 06:45:00,LINE_A,MAT_A,24.175,3.713,3.355,24.532,28,0.8762,0
2026-10-06 06:45:00,LINE_A,MAT_B,20.175,3.713,3.355,20.532,24,0.8555,0
2026-10-06 07:00:00,LINE_A,MAT_A,24.532,3.127,3.26,24.399,28,0.8714,0
2026-10-06 07:00:00,LINE_A,MAT_B,20.532,3.127,3.26,20.399,24,0.85,0
2026-10-06 07:15:00,LINE_A,MAT_A,24.399,3.277,3.27,24.406,28,0.8717,0
2026-10-06 07:15:00,LINE_A,MAT_B,20.399,3.277,3.27,20.406,24,0.8503,0
2026-10-06 07:30:00,LINE_A,MAT_A,24.406,3.416,3.301,24.521,28,0.8758,0
2026-10-06 07:30:00,LINE_A,MAT_B,20.406,3.416,3.301,20.521,24,0.8551,0
2026-10-06 07:45:00,LINE_A,MAT_A,24.521,3.362,3.41,24.474,28,0.8741,0
2026-10-06 07:45:00,LINE_A,MAT_B,20.521,3.362,3.41,20.474,24,0.8531,0
2026-10-06 08:00:00,LINE_A,MAT_A,24.474,3.116,3.487,24.102,28,0.8608,0
2026-10-06 08:00:00,LINE_A,MAT_B,20.474,3.116,3.487,20.102,24,0.8376,0
2026-10-06 08:15:00,LINE_A,MAT_A,24.102,3.187,3.618,23.672,28,0.8454,0
2026-10-06 08:15:00,LINE_A,MAT_B,20.102,3.187,3.618,19.672,24,0.8197,0
2026-10-06 08:30:00,LINE_A,MAT_A,23.672,3.486,3.512,23.645,28,0.8445,0
2026-10-06 08:30:00,LINE_A,MAT_B,19.672,3.486,3.512,19.645,24,0.8185,0
2026-10-06 08:45:00,LINE_A,MAT_A,23.645,3.45,3.647,23.447,28,0.8374,0
2026-10-06 08:45:00,LINE_A,MAT_B,19.645,3.45,3.647,19.447,24,0.8103,0
2026-10-06 09:00:00,LINE_A,MAT_A,23.447,3.518,3.505,23.46,28,0.8379,0
2026-10-06 09:00:00,LINE_A,MAT_B,19.447,3.518,3.505,19.46,24,0.8108,0
2026-10-06 09:15:00,LINE_A,MAT_A,23.46,3.632,3.595,23.497,28,0.8392,0
2026-10-06 09:15:00,LINE_A,MAT_B,19.46,3.632,3.595,19.497,24,0.8124,0
2026-10-06 09:30:00,LINE_A,MAT_A,23.497,3.416,3.552,23.361,28,0.8343,0
2026-10-06 09:30:00,LINE_A,MAT_B,19.497,3.416,3.552,19.361,24,0.8067,0
2026-10-06 09:45:00,LINE_A,MAT_A,23.361,3.764,3.324,23.8,28,0.85,0
2026-10-06 09:45:00,LINE_A,MAT_B,19.361,3.764,3.324,19.8,24,0.825,0
2026-10-06 10:00:00,LINE_A,MAT_A,23.8,3.38,3.533,23.647,28,0.8445,0
2026-10-06 10:00:00,LINE_A,MAT_B,19.8,3.38,3.533,19.647,24,0.8186,0
2026-10-06 10:15:00,LINE_A,MAT_A,23.647,3.422,3.511,23.557,28,0.8413,0
2026-10-06 10:15:00,LINE_A,MAT_B,19.647,3.422,3.511,19.557,24,0.8149,0
2026-10-06 10:30:00,LINE_A,MAT_A,23.557,3.721,3.441,23.837,28,0.8513,0
2026-10-06 10:30:00,LINE_A,MAT_B,19.557,3.721,3.441,19.837,24,0.8266,0
2026-10-06 10:45:00,LINE_A,MAT_A,23.837,3.595,3.587,23.846,28,0.8516,0
2026-10-06 10:45:00,LINE_A,MAT_B,19.837,3.595,3.587,19.846,24,0.8269,0
2026-10-06 11:00:00,LINE_A,MAT_A,23.846,3.466,3.366,23.947,28,0.8552,0
2026-10-06 11:00:00,LINE_A,MAT_B,19.846,3.466,3.366,19.947,24,0.8311,0
2026-10-06 11:15:00,LINE_A,MAT_A,23.947,3.378,3.375,23.95,28,0.8554,0
2026-10-06 11:15:00,LINE_A,MAT_B,19.947,3.378,3.375,19.95,24,0.8312,0
2026-10-06 11:30:00,LINE_A,MAT_A,23.95,3.407,3.253,24.104,28,0.8609,0
2026-10-06 11:30:00,LINE_A,MAT_B,19.95,3.407,3.253,20.104,24,0.8377,0
2026-10-06 11:45:00,LINE_A,MAT_A,24.104,3.098,3.296,23.905,28,0.8538,0
2026-10-06 11:45:00,LINE_A,MAT_B,20.104,3.098,3.296,19.905,24,0.8294,0
2026-10-06 12:00:00,LINE_A,MAT_A,23.905,3.542,3.77,23.677,28,0.8456,0
2026-10-06 12:00:00,LINE_A,MAT_B,19.905,3.542,3.77,19.677,24,0.8199,0
2026-10-06 12:15:00,LINE_A,MAT_A,23.677,3.644,3.515,23.806,28,0.8502,0
2026-10-06 12:15:00,LINE_A,MAT_B,19.677,3.644,3.515,19.806,24,0.8253,0
2026-10-06 12:30:00,LINE_A,MAT_A,23.806,3.52,3.389,23.938,28,0.8549,0
2026-10-06 12:30:00,LINE_A,MAT_B,19.806,3.52,3.389,19.938,24,0.8307,0
2026-10-06 12:45:00,LINE_A,MAT_A,23.938,3.684,3.508,24.113,28,0.8612,0
2026-10-06 12:45:00,LINE_A,MAT_B,19.938,3.684,3.508,20.113,24,0.8381,0
2026-10-06 13:00:00,LINE_A,MAT_A,24.113,3.616,3.688,24.042,28,0.8586,0
2026-10-06 13:00:00,LINE_A,MAT_B,20.113,3.616,3.688,20.042,24,0.8351,0
2026-10-06 13:15:00,LINE_A,MAT_A,24.042,3.441,3.58,23.903,28,0.8537,0
2026-10-06 13:15:00,LINE_A,MAT_B,20.042,3.441,3.58,19.903,24,0.8293,0
2026-10-06 13:30:00,LINE_A,MAT_A,23.903,3.597,3.623,23.876,28,0.8527,0
2026-10-06 13:30:00,LINE_A,MAT_B,19.903,3.597,3.623,19.876,24,0.8282,0
2026-10-06 13:45:00,LINE_A,MAT_A,23.876,3.606,3.623,23.859,28,0.8521,0
2026-10-06 13:45:00,LINE_A,MAT_B,19.876,3.606,3.623,19.859,24,0.8275,0
2026-10-06 14:00:00,LINE_A,MAT_A,23.859,3.646,3.715,23.79,28,0.8496,0
2026-10-06 14:00:00,LINE_A,MAT_B,19.859,3.646,3.715,19.79,24,0.8246,0
2026-10-06 14:15:00,LINE_A,MAT_A,23.79,2.995,3.827,22.957,28,0.8199,0
2026-10-06 14:15:00,LINE_A,MAT_B,19.79,2.995,3.827,18.957,24,0.7899,0
2026-10-06 14:30:00,LINE_A,MAT_A,22.957,2.95,3.76,22.148,28,0.791,0
2026-10-06 14:30:00,LINE_A,MAT_B,18.957,2.95,3.76,18.148,24,0.7562,0
2026-10-06 14:45:00,LINE_A,MAT_A,22.148,4.675,3.729,23.093,28,0.8248,0
2026-10-06 14:45:00,LINE_A,MAT_B,18.148,4.675,3.729,19.093,24,0.7956,0
2026-10-06 15:00:00,LINE_A,MAT_A,23.093,4.267,3.953,23.408,28,0.836,0
2026-10-06 15:00:00,LINE_A,MAT_B,19.093,4.267,3.953,19.408,24,0.8087,0
2026-10-06 15:15:00,LINE_A,MAT_A,23.408,3.789,3.795,23.402,28,0.8358,0
2026-10-06 15:15:00,LINE_A,MAT_B,19.408,3.789,3.795,19.402,24,0.8084,0
2026-10-06 15:30:00,LINE_A,MAT_A,23.402,3.789,3.674,23.517,28,0.8399,0
2026-10-06 15:30:00,LINE_A,MAT_B,19.402,3.789,3.674,19.517,24,0.8132,0
2026-10-06 15:45:00,LINE_A,MAT_A,23.517,3.908,3.604,23.821,28,0.8507,0
2026-10-06 15:45:00,LINE_A,MAT_B,19.517,3.908,3.604,19.821,24,0.8259,0
2026-10-06 16:00:00,LINE_A,MAT_A,23.821,3.471,3.747,23.544,28,0.8409,0
2026-10-06 16:00:00,LINE_A,MAT_B,19.821,3.471,3.747,19.544,24,0.8143,0
2026-10-06 16:15:00,LINE_A,MAT_A,23.544,3.669,3.73,23.483,28,0.8387,0
2026-10-06 16:15:00,LINE_A,MAT_B,19.544,3.669,3.73,19.483,24,0.8118,0
2026-10-06 16:30:00,LINE_A,MAT_A,23.483,3.767,3.871,23.379,28,0.835,0
2026-10-06 16:30:00,LINE_A,MAT_B,19.483,3.767,3.871,19.379,24,0.8075,0
2026-10-06 16:45:00,LINE_A,MAT_A,23.379,3.653,3.4,23.633,28,0.844,0
2026-10-06 16:45:00,LINE_A,MAT_B,19.379,3.653,3.4,19.633,24,0.818,0
2026-10-06 17:00:00,LINE_A,MAT_A,23.633,3.591,3.729,23.495,28,0.8391,0
2026-10-06 17:00:00,LINE_A,MAT_B,19.633,3.591,3.729,19.495,24,0.8123,0
2026-10-06 17:15:00,LINE_A,MAT_A,23.495,4.025,3.67,23.849,28,0.8518,0
2026-10-06 17:15:00,LINE_A,MAT_B,19.495,4.025,3.67,19.849,24,0.8271,0
2026-10-06 17:30:00,LINE_A,MAT_A,23.849,3.685,3.74,23.795,28,0.8498,0
2026-10-06 17:30:00,LINE_A,MAT_B,19.849,3.685,3.74,19.795,24,0.8248,0
2026-10-06 17:45:00,LINE_A,MAT_A,23.795,3.282,3.417,23.66,28,0.845,0
2026-10-06 17:45:00,LINE_A,MAT_B,19.795,3.282,3.417,19.66,24,0.8191,0
2026-10-06 18:00:00,LINE_A,MAT_A,23.66,3.563,3.869,23.354,28,0.8341,0
2026-10-06 18:00:00,LINE_A,MAT_B,19.66,3.563,3.869,19.354,24,0.8064,0
2026-10-06 18:15:00,LINE_A,MAT_A,23.354,3.562,3.57,23.345,28,0.8338,0
2026-10-06 18:15:00,LINE_A,MAT_B,19.354,3.562,3.57,19.345,24,0.8061,0
2026-10-06 18:30:00,LINE_A,MAT_A,23.345,3.761,3.667,23.44,28,0.8371,0
2026-10-06 18:30:00,LINE_A,MAT_B,19.345,3.761,3.667,19.44,24,0.81,0
2026-10-06 18:45:00,LINE_A,MAT_A,23.44,3.677,3.574,23.542,28,0.8408,0
2026-10-06 18:45:00,LINE_A,MAT_B,19.44,3.677,3.574,19.542,24,0.8142,0
2026-10-06 19:00:00,LINE_A,MAT_A,23.542,3.174,2.973,23.743,28,0.848,0
2026-10-06 19:00:00,LINE_A,MAT_B,19.542,3.174,2.973,19.743,24,0.8226,0
2026-10-06 19:15:00,LINE_A,MAT_A,23.743,3.081,3.295,23.53,28,0.8403,0
2026-10-06 19:15:00,LINE_A,MAT_B,19.743,3.081,3.295,19.53,24,0.8137,0
2026-10-06 19:30:00,LINE_A,MAT_A,23.53,3.419,3.428,23.521,28,0.84,0
2026-10-06 19:30:00,LINE_A,MAT_B,19.53,3.419,3.428,19.521,24,0.8134,0
2026-10-06 19:45:00,LINE_A,MAT_A,23.521,3.615,3.821,23.315,28,0.8327,0
2026-10-06 19:45:00,LINE_A,MAT_B,19.521,3.615,3.821,19.315,24,0.8048,0
2026-10-06 20:00:00,LINE_A,MAT_A,23.315,3.413,3.75,22.978,28,0.8206,0
2026-10-06 20:00:00,LINE_A,MAT_B,19.315,3.413,3.75,18.978,24,0.7907,0
2026-10-06 20:15:00,LINE_A,MAT_A,22.978,3.162,3.484,22.655,28,0.8091,0
2026-10-06 20:15:00,LINE_A,MAT_B,18.978,3.162,3.484,18.655,24,0.7773,0
2026-10-06 20:30:00,LINE_A,MAT_A,22.655,4.027,3.613,23.069,28,0.8239,0
2026-10-06 20:30:00,LINE_A,MAT_B,18.655,4.027,3.613,19.069,24,0.7945,0
2026-10-06 20:45:00,LINE_A,MAT_A,23.069,3.428,3.566,22.931,28,0.819,0
2026-10-06 20:45:00,LINE_A,MAT_B,19.069,3.428,3.566,18.931,24,0.7888,0
2026-10-06 21:00:00,LINE_A,MAT_A,22.931,3.594,3.418,23.107,28,0.8252,0
2026-10-06 21:00:00,LINE_A,MAT_B,18.931,3.594,3.418,19.107,24,0.7961,0
2026-10-06 21:15:00,LINE_A,MAT_A,23.107,3.55,3.471,23.187,28,0.8281,0
2026-10-06 21:15:00,LINE_A,MAT_B,19.107,3.55,3.471,19.187,24,0.7994,0
2026-10-06 21:30:00,LINE_A,MAT_A,23.187,3.421,3.459,23.15,28,0.8268,0
2026-10-06 21:30:00,LINE_A,MAT_B,19.187,3.421,3.459,19.15,24,0.7979,0
2026-10-06 21:45:00,LINE_A,MAT_A,23.15,3.444,3.562,23.031,28,0.8226,0
2026-10-06 21:45:00,LINE_A,MAT_B,19.15,3.444,3.562,19.031,24,0.793,0
2026-10-06 22:00:00,LINE_A,MAT_A,23.031,2.643,2.752,22.923,28,0.8187,0
2026-10-06 22:00:00,LINE_A,MAT_B,19.031,2.643,2.752,18.923,24,0.7885,0
2026-10-06 22:15:00,LINE_A,MAT_A,22.923,2.462,2.799,22.586,28,0.8066,0
2026-10-06 22:15:00,LINE_A,MAT_B,18.923,2.462,2.799,18.586,24,0.7744,0
2026-10-06 22:30:00,LINE_A,MAT_A,22.586,2.977,2.834,22.73,28,0.8118,0
2026-10-06 22:30:00,LINE_A,MAT_B,18.586,2.977,2.834,18.73,24,0.7804,0
2026-10-06 22:45:00,LINE_A,MAT_A,22.73,2.672,2.771,22.631,28,0.8082,0
2026-10-06 22:45:00,LINE_A,MAT_B,18.73,2.672,2.771,18.631,24,0.7763,0
2026-10-06 23:00:00,LINE_A,MAT_A,22.631,2.737,2.643,22.724,28,0.8116,0
2026-10-06 23:00:00,LINE_A,MAT_B,18.631,2.737,2.643,18.724,24,0.7802,0
2026-10-06 23:15:00,LINE_A,MAT_A,22.724,2.82,2.754,22.79,28,0.8139,0
2026-10-06 23:15:00,LINE_A,MAT_B,18.724,2.82,2.754,18.79,24,0.7829,0
2026-10-06 23:30:00,LINE_A,MAT_A,22.79,2.576,2.783,22.583,28,0.8065,0
2026-10-06 23:30:00,LINE_A,MAT_B,18.79,2.576,2.783,18.583,24,0.7743,0
2026-10-06 23:45:00,LINE_A,MAT_A,22.583,2.868,2.68,22.771,28,0.8133,0
2026-10-06 23:45:00,LINE_A,MAT_B,18.583,2.868,2.68,18.771,24,0.7821,0
2026-10-07 00:00:00,LINE_A,MAT_A,22.771,2.772,2.639,22.904,28,0.818,0
2026-10-07 00:00:00,LINE_A,MAT_B,18.771,2.772,2.639,18.904,24,0.7877,0
2026-10-07 00:15:00,LINE_A,MAT_A,22.904,2.64,2.679,22.865,28,0.8166,0
2026-10-07 00:15:00,LINE_A,MAT_B,18.904,2.64,2.679,18.865,24,0.786,0
2026-10-07 00:30:00,LINE_A,MAT_A,22.865,2.399,2.752,22.512,28,0.804,0
2026-10-07 00:30:00,LINE_A,MAT_B,18.865,2.399,2.752,18.512,24,0.7713,0
2026-10-07 00:45:00,LINE_A,MAT_A,22.512,2.637,2.705,22.444,28,0.8016,0
2026-10-07 00:45:00,LINE_A,MAT_B,18.512,2.637,2.705,18.444,24,0.7685,0
2026-10-07 01:00:00,LINE_A,MAT_A,22.444,2.677,2.53,22.592,28,0.8069,0
2026-10-07 01:00:00,LINE_A,MAT_B,18.444,2.677,2.53,18.592,24,0.7747,0
2026-10-07 01:15:00,LINE_A,MAT_A,22.592,2.807,2.8,22.599,28,0.8071,0
2026-10-07 01:15:00,LINE_A,MAT_B,18.592,2.807,2.8,18.599,24,0.775,0
2026-10-07 01:30:00,LINE_A,MAT_A,22.599,2.659,2.59,22.668,28,0.8096,0
2026-10-07 01:30:00,LINE_A,MAT_B,18.599,2.659,2.59,18.668,24,0.7778,0
2026-10-07 01:45:00,LINE_A,MAT_A,22.668,2.608,2.659,22.616,28,0.8077,0
2026-10-07 01:45:00,LINE_A,MAT_B,18.668,2.608,2.659,18.616,24,0.7757,0
2026-10-07 02:00:00,LINE_A,MAT_A,22.616,2.823,2.704,22.735,28,0.812,0
2026-10-07 02:00:00,LINE_A,MAT_B,18.616,2.823,2.704,18.735,24,0.7806,0
2026-10-07 02:15:00,LINE_A,MAT_A,22.735,2.403,2.614,22.524,28,0.8044,0
2026-10-07 02:15:00,LINE_A,MAT_B,18.735,2.403,2.614,18.524,24,0.7718,0
2026-10-07 02:30:00,LINE_A,MAT_A,22.524,2.783,2.775,22.531,28,0.8047,0
2026-10-07 02:30:00,LINE_A,MAT_B,18.524,2.783,2.775,18.531,24,0.7721,0
2026-10-07 02:45:00,LINE_A,MAT_A,22.531,2.637,2.744,22.424,28,0.8009,0
2026-10-07 02:45:00,LINE_A,MAT_B,18.531,2.637,2.744,18.424,24,0.7677,0
2026-10-07 03:00:00,LINE_A,MAT_A,22.424,2.638,2.705,22.357,28,0.7985,0
2026-10-07 03:00:00,LINE_A,MAT_B,18.424,2.638,2.705,18.357,24,0.7649,0
2026-10-07 03:15:00,LINE_A,MAT_A,22.357,2.902,2.463,22.796,28,0.8141,0
2026-10-07 03:15:00,LINE_A,MAT_B,18.357,2.902,2.463,18.796,24,0.7832,0
2026-10-07 03:30:00,LINE_A,MAT_A,22.796,2.885,2.85,22.831,28,0.8154,0
2026-10-07 03:30:00,LINE_A,MAT_B,18.796,2.885,2.85,18.831,24,0.7846,0
2026-10-07 03:45:00,LINE_A,MAT_A,22.831,2.467,2.648,22.65,28,0.8089,0
2026-10-07 03:45:00,LINE_A,MAT_B,18.831,2.467,2.648,18.65,24,0.7771,0
2026-10-07 04:00:00,LINE_A,MAT_A,22.65,2.62,2.695,22.575,28,0.8063,0
2026-10-07 04:00:00,LINE_A,MAT_B,18.65,2.62,2.695,18.575,24,0.774,0
2026-10-07 04:15:00,LINE_A,MAT_A,22.575,2.76,2.706,22.629,28,0.8082,0
2026-10-07 04:15:00,LINE_A,MAT_B,18.575,2.76,2.706,18.629,24,0.7762,0
2026-10-07 04:30:00,LINE_A,MAT_A,22.629,2.654,2.71,22.573,28,0.8062,0
2026-10-07 04:30:00,LINE_A,MAT_B,18.629,2.654,2.71,18.573,24,0.7739,0
2026-10-07 04:45:00,LINE_A,MAT_A,22.573,2.907,2.771,22.709,28,0.811,0
2026-10-07 04:45:00,LINE_A,MAT_B,18.573,2.907,2.771,18.709,24,0.7796,0
2026-10-07 05:00:00,LINE_A,MAT_A,22.709,2.984,2.694,23.0,28,0.8214,0
2026-10-07 05:00:00,LINE_A,MAT_B,18.709,2.984,2.694,19.0,24,0.7917,0
2026-10-07 05:15:00,LINE_A,MAT_A,23.0,2.756,2.858,22.897,28,0.8178,0
2026-10-07 05:15:00,LINE_A,MAT_B,19.0,2.756,2.858,18.897,24,0.7874,0
2026-10-07 05:30:00,LINE_A,MAT_A,22.897,3.028,2.688,23.237,28,0.8299,0
2026-10-07 05:30:00,LINE_A,MAT_B,18.897,3.028,2.688,19.237,24,0.8015,0
2026-10-07 05:45:00,LINE_A,MAT_A,23.237,2.912,2.971,23.178,28,0.8278,0
2026-10-07 05:45:00,LINE_A,MAT_B,19.237,2.912,2.971,19.178,24,0.7991,0
2026-10-07 06:00:00,LINE_A,MAT_A,23.178,3.153,3.373,22.958,28,0.8199,0
2026-10-07 06:00:00,LINE_A,MAT_B,19.178,3.153,3.373,18.958,24,0.7899,0
2026-10-07 06:15:00,LINE_A,MAT_A,22.958,4.088,3.417,23.629,28,0.8439,0
2026-10-07 06:15:00,LINE_A,MAT_B,18.958,4.088,3.417,19.629,24,0.8179,0
2026-10-07 06:30:00,LINE_A,MAT_A,23.629,3.492,3.511,23.61,28,0.8432,0
2026-10-07 06:30:00,LINE_A,MAT_B,19.629,3.492,3.511,19.61,24,0.8171,0
2026-10-07 06:45:00,LINE_A,MAT_A,23.61,3.639,3.472,23.777,28,0.8492,0
2026-10-07 06:45:00,LINE_A,MAT_B,19.61,3.639,3.472,19.777,24,0.824,0
2026-10-07 07:00:00,LINE_A,MAT_A,23.777,3.632,3.261,24.148,28,0.8624,0
2026-10-07 07:00:00,LINE_A,MAT_B,19.777,3.632,3.261,20.148,24,0.8395,0
2026-10-07 07:15:00,LINE_A,MAT_A,24.148,3.362,3.391,24.12,28,0.8614,0
2026-10-07 07:15:00,LINE_A,MAT_B,20.148,3.362,3.391,20.12,24,0.8383,0
2026-10-07 07:30:00,LINE_A,MAT_A,24.12,3.409,3.42,24.109,28,0.861,0
2026-10-07 07:30:00,LINE_A,MAT_B,20.12,3.409,3.42,20.109,24,0.8379,0
2026-10-07 07:45:00,LINE_A,MAT_A,24.109,3.369,3.388,24.09,28,0.8604,0
2026-10-07 07:45:00,LINE_A,MAT_B,20.109,3.369,3.388,20.09,24,0.8371,0
2026-10-07 08:00:00,LINE_A,MAT_A,24.09,3.499,3.49,24.099,28,0.8607,0
2026-10-07 08:00:00,LINE_A,MAT_B,20.09,3.499,3.49,20.099,24,0.8375,0
2026-10-07 08:15:00,LINE_A,MAT_A,24.099,3.544,3.453,24.19,28,0.8639,0
2026-10-07 08:15:00,LINE_A,MAT_B,20.099,3.544,3.453,20.19,24,0.8413,0
2026-10-07 08:30:00,LINE_A,MAT_A,24.19,3.371,3.569,23.992,28,0.8569,0
2026-10-07 08:30:00,LINE_A,MAT_B,20.19,3.371,3.569,19.992,24,0.833,0
2026-10-07 08:45:00,LINE_A,MAT_A,23.992,3.594,3.567,24.02,28,0.8578,0
2026-10-07 08:45:00,LINE_A,MAT_B,19.992,3.594,3.567,20.02,24,0.8342,0
2026-10-07 09:00:00,LINE_A,MAT_A,24.02,3.442,3.403,24.06,28,0.8593,0
2026-10-07 09:00:00,LINE_A,MAT_B,20.02,3.442,3.403,20.06,24,0.8358,0
2026-10-07 09:15:00,LINE_A,MAT_A,24.06,3.637,3.481,24.215,28,0.8648,0
2026-10-07 09:15:00,LINE_A,MAT_B,20.06,3.637,3.481,20.215,24,0.8423,0
2026-10-07 09:30:00,LINE_A,MAT_A,24.215,3.325,3.579,23.96,28,0.8557,0
2026-10-07 09:30:00,LINE_A,MAT_B,20.215,3.325,3.579,19.96,24,0.8317,0
2026-10-07 09:45:00,LINE_A,MAT_A,23.96,3.33,3.537,23.753,28,0.8483,0
2026-10-07 09:45:00,LINE_A,MAT_B,19.96,3.33,3.537,19.753,24,0.8231,0
2026-10-07 10:00:00,LINE_A,MAT_A,23.753,3.24,3.69,23.303,28,0.8323,0
2026-10-07 10:00:00,LINE_A,MAT_B,19.753,3.24,3.69,19.303,24,0.8043,0
2026-10-07 10:15:00,LINE_A,MAT_A,23.303,3.391,3.635,23.059,28,0.8235,0
2026-10-07 10:15:00,LINE_A,MAT_B,19.303,3.391,3.635,19.059,24,0.7941,0
2026-10-07 10:30:00,LINE_A,MAT_A,23.059,3.791,3.515,23.334,28,0.8334,0
2026-10-07 10:30:00,LINE_A,MAT_B,19.059,3.791,3.515,19.334,24,0.8056,0
2026-10-07 10:45:00,LINE_A,MAT_A,23.334,3.616,3.458,23.493,28,0.839,0
2026-10-07 10:45:00,LINE_A,MAT_B,19.334,3.616,3.458,19.493,24,0.8122,0
2026-10-07 11:00:00,LINE_A,MAT_A,23.493,3.511,3.408,23.596,28,0.8427,0
2026-10-07 11:00:00,LINE_A,MAT_B,19.493,3.511,3.408,19.596,24,0.8165,0
2026-10-07 11:15:00,LINE_A,MAT_A,23.596,3.523,3.644,23.476,28,0.8384,0
2026-10-07 11:15:00,LINE_A,MAT_B,19.596,3.523,3.644,19.476,24,0.8115,0
2026-10-07 11:30:00,LINE_A,MAT_A,23.476,3.08,3.08,23.475,28,0.8384,0
2026-10-07 11:30:00,LINE_A,MAT_B,19.476,3.08,3.08,19.475,24,0.8115,0
2026-10-07 11:45:00,LINE_A,MAT_A,23.475,2.891,3.13,23.237,28,0.8299,0
2026-10-07 11:45:00,LINE_A,MAT_B,19.475,2.891,3.13,19.237,24,0.8015,0
2026-10-07 12:00:00,LINE_A,MAT_A,23.237,3.639,3.688,23.188,28,0.8282,0
2026-10-07 12:00:00,LINE_A,MAT_B,19.237,3.639,3.688,19.188,24,0.7995,0
2026-10-07 12:15:00,LINE_A,MAT_A,23.188,3.608,3.429,23.367,28,0.8345,0
2026-10-07 12:15:00,LINE_A,MAT_B,19.188,3.608,3.429,19.367,24,0.8069,0
2026-10-07 12:30:00,LINE_A,MAT_A,23.367,3.33,3.548,23.149,28,0.8268,0
2026-10-07 12:30:00,LINE_A,MAT_B,19.367,3.33,3.548,19.149,24,0.7979,0
2026-10-07 12:45:00,LINE_A,MAT_A,23.149,3.579,3.473,23.255,28,0.8306,0
2026-10-07 12:45:00,LINE_A,MAT_B,19.149,3.579,3.473,19.255,24,0.8023,0
2026-10-07 13:00:00,LINE_A,MAT_A,23.255,3.511,3.668,23.099,28,0.825,0
2026-10-07 13:00:00,LINE_A,MAT_B,19.255,3.511,3.668,19.099,24,0.7958,0
2026-10-07 13:15:00,LINE_A,MAT_A,23.099,3.465,3.737,22.828,28,0.8153,0
2026-10-07 13:15:00,LINE_A,MAT_B,19.099,3.465,3.737,18.828,24,0.7845,0
2026-10-07 13:30:00,LINE_A,MAT_A,22.828,3.622,3.438,23.011,28,0.8218,0
2026-10-07 13:30:00,LINE_A,MAT_B,18.828,3.622,3.438,19.011,24,0.7921,0
2026-10-07 13:45:00,LINE_A,MAT_A,23.011,3.559,3.691,22.878,28,0.8171,0
2026-10-07 13:45:00,LINE_A,MAT_B,19.011,3.559,3.691,18.878,24,0.7866,0
2026-10-07 14:00:00,LINE_A,MAT_A,22.878,4.217,3.721,23.374,28,0.8348,0
2026-10-07 14:00:00,LINE_A,MAT_B,18.878,4.217,3.721,19.374,24,0.8073,0
2026-10-07 14:15:00,LINE_A,MAT_A,23.374,3.968,3.773,23.569,28,0.8418,0
2026-10-07 14:15:00,LINE_A,MAT_B,19.374,3.968,3.773,19.569,24,0.8154,0
2026-10-07 14:30:00,LINE_A,MAT_A,23.569,3.589,3.766,23.392,28,0.8354,0
2026-10-07 14:30:00,LINE_A,MAT_B,19.569,3.589,3.766,19.392,24,0.808,0
2026-10-07 14:45:00,LINE_A,MAT_A,23.392,3.774,3.781,23.385,28,0.8352,0
2026-10-07 14:45:00,LINE_A,MAT_B,19.392,3.774,3.781,19.385,24,0.8077,0
2026-10-07 15:00:00,LINE_A,MAT_A,23.385,3.521,3.499,23.407,28,0.836,0
2026-10-07 15:00:00,LINE_A,MAT_B,19.385,3.521,3.499,19.407,24,0.8086,0
2026-10-07 15:15:00,LINE_A,MAT_A,23.407,3.807,3.835,23.379,28,0.835,0
2026-10-07 15:15:00,LINE_A,MAT_B,19.407,3.807,3.835,19.379,24,0.8074,0
2026-10-07 15:30:00,LINE_A,MAT_A,23.379,3.732,3.746,23.365,28,0.8345,0
2026-10-07 15:30:00,LINE_A,MAT_B,19.379,3.732,3.746,19.365,24,0.8069,0
2026-10-07 15:45:00,LINE_A,MAT_A,23.365,3.198,3.545,23.018,28,0.8221,0
2026-10-07 15:45:00,LINE_A,MAT_B,19.365,3.198,3.545,19.018,24,0.7924,0
2026-10-07 16:00:00,LINE_A,MAT_A,23.018,4.329,3.87,23.477,28,0.8385,0
2026-10-07 16:00:00,LINE_A,MAT_B,19.018,4.329,3.87,19.477,24,0.8115,0
2026-10-07 16:15:00,LINE_A,MAT_A,23.477,3.753,3.853,23.377,28,0.8349,0
2026-10-07 16:15:00,LINE_A,MAT_B,19.477,3.753,3.853,19.377,24,0.8074,0
2026-10-07 16:30:00,LINE_A,MAT_A,23.377,3.391,3.516,23.251,28,0.8304,0
2026-10-07 16:30:00,LINE_A,MAT_B,19.377,3.391,3.516,19.251,24,0.8021,0
2026-10-07 16:45:00,LINE_A,MAT_A,23.251,3.192,3.611,22.832,28,0.8154,0
2026-10-07 16:45:00,LINE_A,MAT_B,19.251,3.192,3.611,18.832,24,0.7847,0
2026-10-07 17:00:00,LINE_A,MAT_A,22.832,4.388,3.84,23.38,28,0.835,0
2026-10-07 17:00:00,LINE_A,MAT_B,18.832,4.388,3.84,19.38,24,0.8075,0
2026-10-07 17:15:00,LINE_A,MAT_A,23.38,3.497,3.703,23.174,28,0.8276,0
2026-10-07 17:15:00,LINE_A,MAT_B,19.38,3.497,3.703,19.174,24,0.7989,0
2026-10-07 17:30:00,LINE_A,MAT_A,23.174,3.777,3.906,23.045,28,0.823,0
2026-10-07 17:30:00,LINE_A,MAT_B,19.174,3.777,3.906,19.045,24,0.7935,0
2026-10-07 17:45:00,LINE_A,MAT_A,23.045,3.819,3.576,23.287,28,0.8317,0
2026-10-07 17:45:00,LINE_A,MAT_B,19.045,3.819,3.576,19.287,24,0.8036,0
2026-10-07 18:00:00,LINE_A,MAT_A,23.287,3.589,3.734,23.143,28,0.8265,0
2026-10-07 18:00:00,LINE_A,MAT_B,19.287,3.589,3.734,19.143,24,0.7976,0
2026-10-07 18:15:00,LINE_A,MAT_A,23.143,3.661,3.784,23.02,28,0.8222,0
2026-10-07 18:15:00,LINE_A,MAT_B,19.143,3.661,3.784,19.02,24,0.7925,0
2026-10-07 18:30:00,LINE_A,MAT_A,23.02,3.271,3.615,22.677,28,0.8099,0
2026-10-07 18:30:00,LINE_A,MAT_B,19.02,3.271,3.615,18.677,24,0.7782,0
2026-10-07 18:45:00,LINE_A,MAT_A,22.677,3.834,3.575,22.935,28,0.8191,0
2026-10-07 18:45:00,LINE_A,MAT_B,18.677,3.834,3.575,18.935,24,0.789,0
2026-10-07 19:00:00,LINE_A,MAT_A,22.935,3.202,3.224,22.913,28,0.8183,0
2026-10-07 19:00:00,LINE_A,MAT_B,18.935,3.202,3.224,18.913,24,0.788,0
2026-10-07 19:15:00,LINE_A,MAT_A,22.913,3.264,3.099,23.078,28,0.8242,0
2026-10-07 19:15:00,LINE_A,MAT_B,18.913,3.264,3.099,19.078,24,0.7949,0
2026-10-07 19:30:00,LINE_A,MAT_A,23.078,3.652,3.369,23.361,28,0.8343,0
2026-10-07 19:30:00,LINE_A,MAT_B,19.078,3.652,3.369,19.361,24,0.8067,0
2026-10-07 19:45:00,LINE_A,MAT_A,23.361,3.622,3.782,23.201,28,0.8286,0
2026-10-07 19:45:00,LINE_A,MAT_B,19.361,3.622,3.782,19.201,24,0.8,0
2026-10-07 20:00:00,LINE_A,MAT_A,23.201,3.477,3.593,23.085,28,0.8244,0
2026-10-07 20:00:00,LINE_A,MAT_B,19.201,3.477,3.593,19.085,24,0.7952,0
2026-10-07 20:15:00,LINE_A,MAT_A,23.085,3.562,3.665,22.982,28,0.8208,0
2026-10-07 20:15:00,LINE_A,MAT_B,19.085,3.562,3.665,18.982,24,0.7909,0
2026-10-07 20:30:00,LINE_A,MAT_A,22.982,3.587,3.541,23.027,28,0.8224,0
2026-10-07 20:30:00,LINE_A,MAT_B,18.982,3.587,3.541,19.027,24,0.7928,0
2026-10-07 20:45:00,LINE_A,MAT_A,23.027,3.437,3.505,22.959,28,0.82,0
2026-10-07 20:45:00,LINE_A,MAT_B,19.027,3.437,3.505,18.959,24,0.79,0
2026-10-07 21:00:00,LINE_A,MAT_A,22.959,3.26,3.415,22.804,28,0.8144,0
2026-10-07 21:00:00,LINE_A,MAT_B,18.959,3.26,3.415,18.804,24,0.7835,0
2026-10-07 21:15:00,LINE_A,MAT_A,22.804,3.788,3.558,23.035,28,0.8227,0
2026-10-07 21:15:00,LINE_A,MAT_B,18.804,3.788,3.558,19.035,24,0.7931,0
2026-10-07 21:30:00,LINE_A,MAT_A,23.035,3.625,3.53,23.13,28,0.8261,0
2026-10-07 21:30:00,LINE_A,MAT_B,19.035,3.625,3.53,19.13,24,0.7971,0
2026-10-07 21:45:00,LINE_A,MAT_A,23.13,3.525,3.581,23.074,28,0.8241,0
2026-10-07 21:45:00,LINE_A,MAT_B,19.13,3.525,3.581,19.074,24,0.7947,0
2026-10-07 22:00:00,LINE_A,MAT_A,23.074,2.794,2.804,23.063,28,0.8237,0
2026-10-07 22:00:00,LINE_A,MAT_B,19.074,2.794,2.804,19.063,24,0.7943,0
2026-10-07 22:15:00,LINE_A,MAT_A,23.063,2.672,2.452,23.283,28,0.8315,0
2026-10-07 22:15:00,LINE_A,MAT_B,19.063,2.672,2.452,19.283,24,0.8035,0
2026-10-07 22:30:00,LINE_A,MAT_A,23.283,2.725,2.662,23.346,28,0.8338,0
2026-10-07 22:30:00,LINE_A,MAT_B,19.283,2.725,2.662,19.346,24,0.8061,0
2026-10-07 22:45:00,LINE_A,MAT_A,23.346,2.833,2.772,23.407,28,0.836,0
2026-10-07 22:45:00,LINE_A,MAT_B,19.346,2.833,2.772,19.407,24,0.8086,0
2026-10-07 23:00:00,LINE_A,MAT_A,23.407,2.86,2.777,23.491,28,0.839,0
2026-10-07 23:00:00,LINE_A,MAT_B,19.407,2.86,2.777,19.491,24,0.8121,0
2026-10-07 23:15:00,LINE_A,MAT_A,23.491,2.496,2.815,23.172,28,0.8276,0
2026-10-07 23:15:00,LINE_A,MAT_B,19.491,2.496,2.815,19.172,24,0.7988,0
2026-10-07 23:30:00,LINE_A,MAT_A,23.172,2.529,2.66,23.041,28,0.8229,0
2026-10-07 23:30:00,LINE_A,MAT_B,19.172,2.529,2.66,19.041,24,0.7934,0
2026-10-07 23:45:00,LINE_A,MAT_A,23.041,2.882,2.527,23.396,28,0.8356,0
2026-10-07 23:45:00,LINE_A,MAT_B,19.041,2.882,2.527,19.396,24,0.8082,0
2026-10-08 00:00:00,LINE_A,MAT_A,23.396,2.935,2.509,23.823,28,0.8508,0
2026-10-08 00:00:00,LINE_A,MAT_B,19.396,2.935,2.509,19.823,24,0.8259,0
2026-10-08 00:15:00,LINE_A,MAT_A,23.823,2.544,2.621,23.746,28,0.8481,0
2026-10-08 00:15:00,LINE_A,MAT_B,19.823,2.544,2.621,19.746,24,0.8228,0
2026-10-08 00:30:00,LINE_A,MAT_A,23.746,2.682,2.535,23.893,28,0.8533,0
2026-10-08 00:30:00,LINE_A,MAT_B,19.746,2.682,2.535,19.893,24,0.8289,0
2026-10-08 00:45:00,LINE_A,MAT_A,23.893,2.753,2.875,23.771,28,0.849,0
2026-10-08 00:45:00,LINE_A,MAT_B,19.893,2.753,2.875,19.771,24,0.8238,0
2026-10-08 01:00:00,LINE_A,MAT_A,23.771,2.546,2.767,23.549,28,0.841,0
2026-10-08 01:00:00,LINE_A,MAT_B,19.771,2.546,2.767,19.549,24,0.8146,0
2026-10-08 01:15:00,LINE_A,MAT_A,23.549,2.546,2.513,23.582,28,0.8422,0
2026-10-08 01:15:00,LINE_A,MAT_B,19.549,2.546,2.513,19.582,24,0.8159,0
2026-10-08 01:30:00,LINE_A,MAT_A,23.582,2.472,2.323,23.731,28,0.8475,0
2026-10-08 01:30:00,LINE_A,MAT_B,19.582,2.472,2.323,19.731,24,0.8221,0
2026-10-08 01:45:00,LINE_A,MAT_A,23.731,2.831,2.947,23.615,28,0.8434,0
2026-10-08 01:45:00,LINE_A,MAT_B,19.731,2.831,2.947,19.615,24,0.8173,0
2026-10-08 02:00:00,LINE_A,MAT_A,23.615,2.499,2.563,23.552,28,0.8411,0
2026-10-08 02:00:00,LINE_A,MAT_B,19.615,2.499,2.563,19.552,24,0.8147,0
2026-10-08 02:15:00,LINE_A,MAT_A,23.552,2.939,2.585,23.906,28,0.8538,0
2026-10-08 02:15:00,LINE_A,MAT_B,19.552,2.939,2.585,19.906,24,0.8294,0
2026-10-08 02:30:00,LINE_A,MAT_A,23.906,2.559,2.726,23.739,28,0.8478,0
2026-10-08 02:30:00,LINE_A,MAT_B,19.906,2.559,2.726,19.739,24,0.8225,0
2026-10-08 02:45:00,LINE_A,MAT_A,23.739,2.573,2.458,23.853,28,0.8519,0
2026-10-08 02:45:00,LINE_A,MAT_B,19.739,2.573,2.458,19.853,24,0.8272,0
2026-10-08 03:00:00,LINE_A,MAT_A,23.853,2.362,2.648,23.567,28,0.8417,0
2026-10-08 03:00:00,LINE_A,MAT_B,19.853,2.362,2.648,19.567,24,0.8153,0
2026-10-08 03:15:00,LINE_A,MAT_A,23.567,2.581,2.847,23.301,28,0.8322,0
2026-10-08 03:15:00,LINE_A,MAT_B,19.567,2.581,2.847,19.301,24,0.8042,0
2026-10-08 03:30:00,LINE_A,MAT_A,23.301,2.608,2.807,23.102,28,0.8251,0
2026-10-08 03:30:00,LINE_A,MAT_B,19.301,2.608,2.807,19.102,24,0.7959,0
2026-10-08 03:45:00,LINE_A,MAT_A,23.102,2.602,2.753,22.95,28,0.8196,0
2026-10-08 03:45:00,LINE_A,MAT_B,19.102,2.602,2.753,18.95,24,0.7896,0
2026-10-08 04:00:00,LINE_A,MAT_A,22.95,2.497,2.685,22.762,28,0.8129,0
2026-10-08 04:00:00,LINE_A,MAT_B,18.95,2.497,2.685,18.762,24,0.7818,0
2026-10-08 04:15:00,LINE_A,MAT_A,22.762,2.331,2.924,22.169,28,0.7918,0
2026-10-08 04:15:00,LINE_A,MAT_B,18.762,2.331,2.924,18.169,24,0.7571,0
2026-10-08 04:30:00,LINE_A,MAT_A,22.169,2.579,2.529,22.219,28,0.7935,0
2026-10-08 04:30:00,LINE_A,MAT_B,18.169,2.579,2.529,18.219,24,0.7591,0
2026-10-08 04:45:00,LINE_A,MAT_A,22.219,2.685,2.746,22.158,28,0.7914,0
2026-10-08 04:45:00,LINE_A,MAT_B,18.219,2.685,2.746,18.158,24,0.7566,0
2026-10-08 05:00:00,LINE_A,MAT_A,22.158,2.495,2.632,22.022,28,0.7865,0
2026-10-08 05:00:00,LINE_A,MAT_B,18.158,2.495,2.632,18.022,24,0.7509,0
2026-10-08 05:15:00,LINE_A,MAT_A,22.022,2.895,2.75,22.167,28,0.7917,0
2026-10-08 05:15:00,LINE_A,MAT_B,18.022,2.895,2.75,18.167,24,0.757,0
2026-10-08 05:30:00,LINE_A,MAT_A,22.167,2.789,2.883,22.073,28,0.7883,0
2026-10-08 05:30:00,LINE_A,MAT_B,18.167,2.789,2.883,18.073,24,0.7531,0
2026-10-08 05:45:00,LINE_A,MAT_A,22.073,2.702,2.722,22.053,28,0.7876,0
2026-10-08 05:45:00,LINE_A,MAT_B,18.073,2.702,2.722,18.053,24,0.7522,0
2026-10-08 06:00:00,LINE_A,MAT_A,22.053,3.312,3.131,22.234,28,0.7941,0
2026-10-08 06:00:00,LINE_A,MAT_B,18.053,3.312,3.131,18.234,24,0.7597,0
2026-10-08 06:15:00,LINE_A,MAT_A,22.234,3.202,3.586,21.849,28,0.7803,0
2026-10-08 06:15:00,LINE_A,MAT_B,18.234,3.202,3.586,17.849,24,0.7437,0
2026-10-08 06:30:00,LINE_A,MAT_A,21.849,3.406,3.138,22.117,28,0.7899,0
2026-10-08 06:30:00,LINE_A,MAT_B,17.849,3.406,3.138,18.117,24,0.7549,0
2026-10-08 06:45:00,LINE_A,MAT_A,22.117,3.507,3.144,22.481,28,0.8029,0
2026-10-08 06:45:00,LINE_A,MAT_B,18.117,3.507,3.144,18.481,24,0.7701,0
2026-10-08 07:00:00,LINE_A,MAT_A,22.481,3.311,3.301,22.491,28,0.8033,0
2026-10-08 07:00:00,LINE_A,MAT_B,18.481,3.311,3.301,18.491,24,0.7705,0
2026-10-08 07:15:00,LINE_A,MAT_A,22.491,3.584,3.403,22.673,28,0.8097,0
2026-10-08 07:15:00,LINE_A,MAT_B,18.491,3.584,3.403,18.673,24,0.778,0
2026-10-08 07:30:00,LINE_A,MAT_A,22.673,3.144,3.328,22.488,28,0.8032,0
2026-10-08 07:30:00,LINE_A,MAT_B,18.673,3.144,3.328,18.488,24,0.7703,0
2026-10-08 07:45:00,LINE_A,MAT_A,22.488,3.214,3.741,21.961,28,0.7843,0
2026-10-08 07:45:00,LINE_A,MAT_B,18.488,3.214,3.741,17.961,24,0.7484,0
2026-10-08 08:00:00,LINE_A,MAT_A,21.961,3.446,3.221,22.186,28,0.7924,0
2026-10-08 08:00:00,LINE_A,MAT_B,17.961,3.446,3.221,18.186,24,0.7578,0
2026-10-08 08:15:00,LINE_A,MAT_A,22.186,3.617,3.609,22.195,28,0.7927,0
2026-10-08 08:15:00,LINE_A,MAT_B,18.186,3.617,3.609,18.195,24,0.7581,0
2026-10-08 08:30:00,LINE_A,MAT_A,22.195,3.196,3.702,21.688,28,0.7746,0
2026-10-08 08:30:00,LINE_A,MAT_B,18.195,3.196,3.702,17.688,24,0.737,0
2026-10-08 08:45:00,LINE_A,MAT_A,21.688,3.404,3.478,21.614,28,0.7719,0
2026-10-08 08:45:00,LINE_A,MAT_B,17.688,3.404,3.478,17.614,24,0.7339,0
2026-10-08 09:00:00,LINE_A,MAT_A,21.614,3.639,3.641,21.612,28,0.7718,0
2026-10-08 09:00:00,LINE_A,MAT_B,17.614,3.639,3.641,17.612,24,0.7338,0
2026-10-08 09:15:00,LINE_A,MAT_A,21.612,3.389,3.776,21.225,28,0.758,0
2026-10-08 09:15:00,LINE_A,MAT_B,17.612,3.389,3.776,17.225,24,0.7177,0
2026-10-08 09:30:00,LINE_A,MAT_A,21.225,3.721,3.526,21.42,28,0.765,0
2026-10-08 09:30:00,LINE_A,MAT_B,17.225,3.721,3.526,17.42,24,0.7258,0
2026-10-08 09:45:00,LINE_A,MAT_A,21.42,3.718,3.426,21.711,28,0.7754,0
2026-10-08 09:45:00,LINE_A,MAT_B,17.42,3.718,3.426,17.711,24,0.738,0
2026-10-08 10:00:00,LINE_A,MAT_A,21.711,3.628,3.577,21.762,28,0.7772,0
2026-10-08 10:00:00,LINE_A,MAT_B,17.711,3.628,3.577,17.762,24,0.7401,0
2026-10-08 10:15:00,LINE_A,MAT_A,21.762,3.508,3.615,21.655,28,0.7734,0
2026-10-08 10:15:00,LINE_A,MAT_B,17.762,3.508,3.615,17.655,24,0.7356,0
2026-10-08 10:30:00,LINE_A,MAT_A,21.655,3.722,3.499,21.878,28,0.7813,0
2026-10-08 10:30:00,LINE_A,MAT_B,17.655,3.722,3.499,17.878,24,0.7449,0
2026-10-08 10:45:00,LINE_A,MAT_A,21.878,3.398,3.631,21.645,28,0.773,0
2026-10-08 10:45:00,LINE_A,MAT_B,17.878,3.398,3.631,17.645,24,0.7352,0
2026-10-08 11:00:00,LINE_A,MAT_A,21.645,3.851,3.477,22.019,28,0.7864,0
2026-10-08 11:00:00,LINE_A,MAT_B,17.645,3.851,3.477,18.019,24,0.7508,0
2026-10-08 11:15:00,LINE_A,MAT_A,22.019,3.696,3.525,22.19,28,0.7925,0
2026-10-08 11:15:00,LINE_A,MAT_B,18.019,3.696,3.525,18.19,24,0.7579,0
2026-10-08 11:30:00,LINE_A,MAT_A,22.19,3.136,3.037,22.289,28,0.796,0
2026-10-08 11:30:00,LINE_A,MAT_B,18.19,3.136,3.037,18.289,24,0.762,0
2026-10-08 11:45:00,LINE_A,MAT_A,22.289,2.891,3.013,22.167,28,0.7917,0
2026-10-08 11:45:00,LINE_A,MAT_B,18.289,2.891,3.013,18.167,24,0.757,0
2026-10-08 12:00:00,LINE_A,MAT_A,22.167,3.559,3.402,22.324,28,0.7973,0
2026-10-08 12:00:00,LINE_A,MAT_B,18.167,3.559,3.402,18.324,24,0.7635,0
2026-10-08 12:15:00,LINE_A,MAT_A,22.324,3.664,3.435,22.552,28,0.8054,0
2026-10-08 12:15:00,LINE_A,MAT_B,18.324,3.664,3.435,18.552,24,0.773,0
2026-10-08 12:30:00,LINE_A,MAT_A,22.552,3.565,3.414,22.703,28,0.8108,0
2026-10-08 12:30:00,LINE_A,MAT_B,18.552,3.565,3.414,18.703,24,0.7793,0
2026-10-08 12:45:00,LINE_A,MAT_A,22.703,3.405,3.563,22.546,28,0.8052,0
2026-10-08 12:45:00,LINE_A,MAT_B,18.703,3.405,3.563,18.546,24,0.7727,0
2026-10-08 13:00:00,LINE_A,MAT_A,22.546,3.801,3.5,22.847,28,0.8159,0
2026-10-08 13:00:00,LINE_A,MAT_B,18.546,3.801,3.5,18.847,24,0.7853,0
2026-10-08 13:15:00,LINE_A,MAT_A,22.847,3.325,3.405,22.767,28,0.8131,0
2026-10-08 13:15:00,LINE_A,MAT_B,18.847,3.325,3.405,18.767,24,0.782,0
2026-10-08 13:30:00,LINE_A,MAT_A,22.767,2.402,3.639,21.531,28,0.769,0
2026-10-08 13:30:00,LINE_A,MAT_B,18.767,2.402,3.639,17.531,24,0.7304,0
2026-10-08 13:45:00,LINE_A,MAT_A,21.531,3.664,3.457,21.738,28,0.7764,0
2026-10-08 13:45:00,LINE_A,MAT_B,17.531,3.664,3.457,17.738,24,0.7391,0
2026-10-08 14:00:00,LINE_A,MAT_A,21.738,3.607,3.688,21.656,28,0.7734,0
2026-10-08 14:00:00,LINE_A,MAT_B,17.738,3.607,3.688,17.656,24,0.7357,0
