timestamp,route_id,demand_totes,capacity_totes,dcr,throughput_totes,queue_start_totes,queue_end_totes,waiting_time_min,utilization,amr_available,cycle_time_min,overflow_totes,severity
2026-08-13 14:00:00,R1,7.911,9.989,0.792,8.511,0.6,0,0.901,0.852,3,12.434,0,WARNING
2026-08-13 14:00:00,R2,2.943,8.184,0.3596,3.243,0.3,0,0.55,0.3963,2,10.117,0,NORMAL
2026-08-13 14:15:00,R1,7.554,10.53,0.7174,7.554,0,0,0.0,0.7174,3,11.795,0,NORMAL
2026-08-13 14:15:00,R2,3.045,7.944,0.3833,3.045,0,0,0.0,0.3833,2,10.423,0,NORMAL
2026-08-13 14:30:00,R1,7.213,10.545,0.684,7.213,0,0,0.0,0.684,3,11.778,0,NORMAL
2026-08-13 14:30:00,R2,2.63,8.53,0.3083,2.63,0,0,0.0,0.3083,2,9.707,0,NORMAL
2026-08-13 14:45:00,R1,7.766,10.937,0.71,7.766,0,0,0.0,0.71,3,11.355,0,NORMAL
2026-08-13 14:45:00,R2,2.839,8.113,0.3499,2.839,0,0,0.0,0.3499,2,10.205,0,NORMAL
2026-08-13 15:00:00,R1,7.757,11.148,0.6959,7.757,0,0,0.0,0.6959,3,11.141,0,NORMAL
2026-08-13 15:00:00,R2,3.114,8.019,0.3883,3.114,0,0,0.0,0.3883,2,10.326,0,NORMAL
2026-08-13 15:15:00,R1,6.945,10.813,0.6423,6.945,0,0,0.0,0.6423,3,11.487,0,NORMAL
2026-08-13 15:15:00,R2,2.862,8.279,0.3457,2.862,0,0,0.0,0.3457,2,10.001,0,NORMAL
2026-08-13 15:30:00,R1,7.621,10.736,0.7099,7.621,0,0,0.0,0.7099,3,11.568,0,NORMAL
2026-08-13 15:30:00,R2,3.108,7.925,0.3922,3.108,0,0,0.0,0.3922,2,10.448,0,NORMAL
2026-08-13 15:45:00,R1,7.724,10.272,0.7519,7.724,0,0,0.0,0.7519,3,12.091,0,WARNING
2026-08-13 15:45:00,R2,3.402,8.432,0.4034,3.402,0,0,0.0,0.4034,2,9.819,0,NORMAL
2026-08-13 16:00:00,R1,7.924,10.674,0.7424,7.924,0,0,0.0,0.7424,3,11.636,0,NORMAL
2026-08-13 16:00:00,R2,2.973,7.965,0.3732,2.973,0,0,0.0,0.3732,2,10.395,0,NORMAL
2026-08-13 16:15:00,R1,8.061,10.181,0.7917,8.061,0,0,0.0,0.7917,3,12.199,0,WARNING
2026-08-13 16:15:00,R2,2.512,7.834,0.3207,2.512,0,0,0.0,0.3207,2,10.569,0,NORMAL
2026-08-13 16:30:00,R1,7.238,10.626,0.6812,7.238,0,0,0.0,0.6812,3,11.689,0,NORMAL
2026-08-13 16:30:00,R2,2.755,7.957,0.3463,2.755,0,0,0.0,0.3463,2,10.406,0,NORMAL
2026-08-13 16:45:00,R1,7.165,9.786,0.7321,7.165,0,0,0.0,0.7321,3,12.692,0,NORMAL
2026-08-13 16:45:00,R2,2.88,8.322,0.3461,2.88,0,0,0.0,0.3461,2,9.95,0,NORMAL
2026-08-13 17:00:00,R1,7.341,10.768,0.6817,7.341,0,0,0.0,0.6817,3,11.534,0,NORMAL
2026-08-13 17:00:00,R2,2.935,7.645,0.3839,2.935,0,0,0.0,0.3839,2,10.83,0,NORMAL
2026-08-13 17:15:00,R1,7.6,10.8,0.7037,7.6,0,0,0.0,0.7037,3,11.5,0,NORMAL
2026-08-13 17:15:00,R2,2.658,8.195,0.3244,2.658,0,0,0.0,0.3244,2,10.104,0,NORMAL
2026-08-13 17:30:00,R1,7.676,10.932,0.7021,7.676,0,0,0.0,0.7021,3,11.361,0,NORMAL
2026-08-13 17:30:00,R2,2.893,8.246,0.3508,2.893,0,0,0.0,0.3508,2,10.041,0,NORMAL
2026-08-13 17:45:00,R1,6.85,10.268,0.6671,6.85,0,0,0.0,0.6671,3,12.096,0,NORMAL
2026-08-13 17:45:00,R2,2.984,8.21,0.3635,2.984,0,0,0.0,0.3635,2,10.086,0,NORMAL
2026-08-13 18:00:00,R1,8.067,10.051,0.8026,8.067,0,0,0.0,0.8026,3,12.357,0,WARNING
2026-08-13 18:00:00,R2,2.939,8.2,0.3584,2.939,0,0,0.0,0.3584,2,10.098,0,NORMAL
2026-08-13 18:15:00,R1,7.955,10.475,0.7594,7.955,0,0,0.0,0.7594,3,11.856,0,WARNING
2026-08-13 18:15:00,R2,2.617,8.202,0.3191,2.617,0,0,0.0,0.3191,2,10.095,0,NORMAL
2026-08-13 18:30:00,R1,7.589,10.168,0.7464,7.589,0,0,0.0,0.7464,3,12.215,0,NORMAL
2026-08-13 18:30:00,R2,2.766,7.845,0.3526,2.766,0,0,0.0,0.3526,2,10.555,0,NORMAL
2026-08-13 18:45:00,R1,7.501,11.064,0.678,7.501,0,0,0.0,0.678,3,11.226,0,NORMAL
2026-08-13 18:45:00,R2,2.423,7.949,0.3048,2.423,0,0,0.0,0.3048,2,10.417,0,NORMAL
2026-08-13 19:00:00,R1,6.386,10.222,0.6248,6.386,0,0,0.0,0.6248,3,12.15,0,NORMAL
2026-08-13 19:00:00,R2,2.654,8.178,0.3245,2.654,0,0,0.0,0.3245,2,10.125,0,NORMAL
2026-08-13 19:15:00,R1,6.259,10.734,0.583,6.259,0,0,0.0,0.583,3,11.57,0,NORMAL
2026-08-13 19:15:00,R2,3.024,8.477,0.3568,3.024,0,0,0.0,0.3568,2,9.768,0,NORMAL
2026-08-13 19:30:00,R1,7.767,10.889,0.7132,7.767,0,0,0.0,0.7132,3,11.406,0,NORMAL
2026-08-13 19:30:00,R2,2.663,7.845,0.3394,2.663,0,0,0.0,0.3394,2,10.555,0,NORMAL
2026-08-13 19:45:00,R1,7.685,10.754,0.7146,7.685,0,0,0.0,0.7146,3,11.549,0,NORMAL
2026-08-13 19:45:00,R2,2.97,7.624,0.3896,2.97,0,0,0.0,0.3896,2,10.86,0,NORMAL
2026-08-13 20:00:00,R1,7.012,9.979,0.7027,7.012,0,0,0.0,0.7027,3,12.446,0,NORMAL
2026-08-13 20:00:00,R2,3.267,7.866,0.4154,3.267,0,0,0.0,0.4154,2,10.527,0,NORMAL
2026-08-13 20:15:00,R1,6.927,10.668,0.6493,6.927,0,0,0.0,0.6493,3,11.642,0,NORMAL
2026-08-13 20:15:00,R2,2.82,8.192,0.3442,2.82,0,0,0.0,0.3442,2,10.107,0,NORMAL
2026-08-13 20:30:00,R1,7.505,10.288,0.7295,7.505,0,0,0.0,0.7295,3,12.072,0,NORMAL
2026-08-13 20:30:00,R2,3.481,7.947,0.438,3.481,0,0,0.0,0.438,2,10.419,0,NORMAL
2026-08-13 20:45:00,R1,6.365,11.144,0.5712,6.365,0,0,0.0,0.5712,3,11.145,0,NORMAL
2026-08-13 20:45:00,R2,2.55,7.929,0.3216,2.55,0,0,0.0,0.3216,2,10.443,0,NORMAL
2026-08-13 21:00:00,R1,7.234,10.323,0.7008,7.234,0,0,0.0,0.7008,3,12.031,0,NORMAL
2026-08-13 21:00:00,R2,3.193,8.566,0.3727,3.193,0,0,0.0,0.3727,2,9.666,0,NORMAL
2026-08-13 21:15:00,R1,7.151,10.903,0.6559,7.151,0,0,0.0,0.6559,3,11.392,0,NORMAL
2026-08-13 21:15:00,R2,2.969,7.935,0.3741,2.969,0,0,0.0,0.3741,2,10.435,0,NORMAL
2026-08-13 21:30:00,R1,6.907,10.372,0.6659,6.907,0,0,0.0,0.6659,3,11.975,0,NORMAL
2026-08-13 21:30:00,R2,2.986,8.075,0.3697,2.986,0,0,0.0,0.3697,2,10.254,0,NORMAL
2026-08-13 21:45:00,R1,6.886,10.083,0.6829,6.886,0,0,0.0,0.6829,3,12.318,0,NORMAL
2026-08-13 21:45:00,R2,3.136,7.968,0.3936,3.136,0,0,0.0,0.3936,2,10.392,0,NORMAL
2026-08-13 22:00:00,R1,5.418,10.632,0.5096,5.418,0,0,0.0,0.5096,3,11.682,0,NORMAL
2026-08-13 22:00:00,R2,2.076,7.97,0.2605,2.076,0,0,0.0,0.2605,2,10.389,0,NORMAL
2026-08-13 22:15:00,R1,5.115,11.099,0.4608,5.115,0,0,0.0,0.4608,3,11.19,0,NORMAL
2026-08-13 22:15:00,R2,2.112,8.095,0.2609,2.112,0,0,0.0,0.2609,2,10.229,0,NORMAL
2026-08-13 22:30:00,R1,5.856,11.202,0.5228,5.856,0,0,0.0,0.5228,3,11.087,0,NORMAL
2026-08-13 22:30:00,R2,2.406,7.953,0.3025,2.406,0,0,0.0,0.3025,2,10.411,0,NORMAL
2026-08-13 22:45:00,R1,5.454,10.931,0.4989,5.454,0,0,0.0,0.4989,3,11.362,0,NORMAL
2026-08-13 22:45:00,R2,2.065,8.094,0.2551,2.065,0,0,0.0,0.2551,2,10.23,0,NORMAL
2026-08-13 23:00:00,R1,5.598,10.08,0.5554,5.598,0,0,0.0,0.5554,3,12.322,0,NORMAL
2026-08-13 23:00:00,R2,2.611,8.255,0.3163,2.611,0,0,0.0,0.3163,2,10.03,0,NORMAL
2026-08-13 23:15:00,R1,5.348,10.506,0.509,5.348,0,0,0.0,0.509,3,11.822,0,NORMAL
2026-08-13 23:15:00,R2,2.603,7.807,0.3334,2.603,0,0,0.0,0.3334,2,10.606,0,NORMAL
2026-08-13 23:30:00,R1,5.516,10.535,0.5236,5.516,0,0,0.0,0.5236,3,11.789,0,NORMAL
2026-08-13 23:30:00,R2,2.597,8.009,0.3243,2.597,0,0,0.0,0.3243,2,10.339,0,NORMAL
2026-08-13 23:45:00,R1,5.676,10.236,0.5545,5.676,0,0,0.0,0.5545,3,12.134,0,NORMAL
2026-08-13 23:45:00,R2,2.371,8.589,0.2761,2.371,0,0,0.0,0.2761,2,9.64,0,NORMAL
2026-08-14 00:00:00,R1,5.311,10.79,0.4922,5.311,0,0,0.0,0.4922,3,11.51,0,NORMAL
2026-08-14 00:00:00,R2,2.82,8.358,0.3374,2.82,0,0,0.0,0.3374,2,9.907,0,NORMAL
2026-08-14 00:15:00,R1,6.197,10.205,0.6073,6.197,0,0,0.0,0.6073,3,12.17,0,NORMAL
2026-08-14 00:15:00,R2,2.691,7.722,0.3484,2.691,0,0,0.0,0.3484,2,10.722,0,NORMAL
2026-08-14 00:30:00,R1,5.145,11.005,0.4676,5.145,0,0,0.0,0.4676,3,11.286,0,NORMAL
2026-08-14 00:30:00,R2,2.649,7.89,0.3357,2.649,0,0,0.0,0.3357,2,10.494,0,NORMAL
2026-08-14 00:45:00,R1,4.997,10.921,0.4576,4.997,0,0,0.0,0.4576,3,11.373,0,NORMAL
2026-08-14 00:45:00,R2,2.301,7.543,0.3051,2.301,0,0,0.0,0.3051,2,10.977,0,NORMAL
2026-08-14 01:00:00,R1,5.15,11.154,0.4617,5.15,0,0,0.0,0.4617,3,11.135,0,NORMAL
2026-08-14 01:00:00,R2,2.484,8.174,0.3039,2.484,0,0,0.0,0.3039,2,10.13,0,NORMAL
2026-08-14 01:15:00,R1,5.322,10.704,0.4972,5.322,0,0,0.0,0.4972,3,11.603,0,NORMAL
2026-08-14 01:15:00,R2,2.366,7.884,0.3001,2.366,0,0,0.0,0.3001,2,10.502,0,NORMAL
2026-08-14 01:30:00,R1,6.018,11.063,0.5439,6.018,0,0,0.0,0.5439,3,11.226,0,NORMAL
2026-08-14 01:30:00,R2,2.781,7.628,0.3646,2.781,0,0,0.0,0.3646,2,10.855,0,NORMAL
2026-08-14 01:45:00,R1,5.73,10.596,0.5408,5.73,0,0,0.0,0.5408,3,11.722,0,NORMAL
2026-08-14 01:45:00,R2,2.756,7.848,0.3511,2.756,0,0,0.0,0.3511,2,10.55,0,NORMAL
2026-08-14 02:00:00,R1,5.956,11.037,0.5397,5.956,0,0,0.0,0.5397,3,11.253,0,NORMAL
2026-08-14 02:00:00,R2,2.335,7.568,0.3085,2.335,0,0,0.0,0.3085,2,10.941,0,NORMAL
2026-08-14 02:15:00,R1,5.121,11.2,0.4572,5.121,0,0,0.0,0.4572,3,11.09,0,NORMAL
2026-08-14 02:15:00,R2,2.177,8.257,0.2636,2.177,0,0,0.0,0.2636,2,10.028,0,NORMAL
2026-08-14 02:30:00,R1,5.094,10.68,0.4769,5.094,0,0,0.0,0.4769,3,11.629,0,NORMAL
2026-08-14 02:30:00,R2,2.32,8.046,0.2883,2.32,0,0,0.0,0.2883,2,10.291,0,NORMAL
2026-08-14 02:45:00,R1,5.357,10.638,0.5036,5.357,0,0,0.0,0.5036,3,11.675,0,NORMAL
2026-08-14 02:45:00,R2,2.884,7.899,0.3651,2.884,0,0,0.0,0.3651,2,10.482,0,NORMAL
2026-08-14 03:00:00,R1,4.785,11.22,0.4264,4.785,0,0,0.0,0.4264,3,11.07,0,NORMAL
2026-08-14 03:00:00,R2,2.553,8.396,0.304,2.553,0,0,0.0,0.304,2,9.861,0,NORMAL
2026-08-14 03:15:00,R1,5.014,10.649,0.4709,5.014,0,0,0.0,0.4709,3,11.663,0,NORMAL
2026-08-14 03:15:00,R2,2.397,7.986,0.3001,2.397,0,0,0.0,0.3001,2,10.369,0,NORMAL
2026-08-14 03:30:00,R1,5.486,10.81,0.5075,5.486,0,0,0.0,0.5075,3,11.49,0,NORMAL
2026-08-14 03:30:00,R2,2.35,7.834,0.3,2.35,0,0,0.0,0.3,2,10.569,0,NORMAL
2026-08-14 03:45:00,R1,5.103,11.565,0.4413,5.103,0,0,0.0,0.4413,3,10.74,0,NORMAL
2026-08-14 03:45:00,R2,2.795,8.112,0.3445,2.795,0,0,0.0,0.3445,2,10.208,0,NORMAL
2026-08-14 04:00:00,R1,5.289,10.675,0.4954,5.289,0,0,0.0,0.4954,3,11.635,0,NORMAL
2026-08-14 04:00:00,R2,2.686,8.301,0.3236,2.686,0,0,0.0,0.3236,2,9.974,0,NORMAL
2026-08-14 04:15:00,R1,5.408,10.967,0.4931,5.408,0,0,0.0,0.4931,3,11.325,0,NORMAL
2026-08-14 04:15:00,R2,2.315,8.348,0.2773,2.315,0,0,0.0,0.2773,2,9.919,0,NORMAL
2026-08-14 04:30:00,R1,5.36,10.184,0.5263,5.36,0,0,0.0,0.5263,3,12.195,0,NORMAL
2026-08-14 04:30:00,R2,2.568,7.952,0.323,2.568,0,0,0.0,0.323,2,10.413,0,NORMAL
2026-08-14 04:45:00,R1,5.04,10.251,0.4916,5.04,0,0,0.0,0.4916,3,12.116,0,NORMAL
2026-08-14 04:45:00,R2,2.386,8.688,0.2746,2.386,0,0,0.0,0.2746,2,9.53,0,NORMAL
2026-08-14 05:00:00,R1,5.951,11.221,0.5304,5.951,0,0,0.0,0.5304,3,11.069,0,NORMAL
2026-08-14 05:00:00,R2,2.49,7.895,0.3153,2.49,0,0,0.0,0.3153,2,10.488,0,NORMAL
2026-08-14 05:15:00,R1,5.856,11.013,0.5317,5.856,0,0,0.0,0.5317,3,11.278,0,NORMAL
2026-08-14 05:15:00,R2,2.333,7.872,0.2964,2.333,0,0,0.0,0.2964,2,10.518,0,NORMAL
2026-08-14 05:30:00,R1,4.971,10.72,0.4637,4.971,0,0,0.0,0.4637,3,11.586,0,NORMAL
2026-08-14 05:30:00,R2,2.512,7.665,0.3277,2.512,0,0,0.0,0.3277,2,10.802,0,NORMAL
2026-08-14 05:45:00,R1,5.837,9.827,0.5939,5.837,0,0,0.0,0.5939,3,12.638,0,NORMAL
2026-08-14 05:45:00,R2,2.612,8.318,0.314,2.612,0,0,0.0,0.314,2,9.954,0,NORMAL
2026-08-14 06:00:00,R1,6.328,11.095,0.5704,6.328,0,0,0.0,0.5704,3,11.195,0,NORMAL
2026-08-14 06:00:00,R2,3.424,8.183,0.4184,3.424,0,0,0.0,0.4184,2,10.118,0,NORMAL
2026-08-14 06:15:00,R1,6.664,11.137,0.5984,6.664,0,0,0.0,0.5984,3,11.152,0,NORMAL
2026-08-14 06:15:00,R2,3.001,8.453,0.355,3.001,0,0,0.0,0.355,2,9.795,0,NORMAL
2026-08-14 06:30:00,R1,6.24,10.447,0.5973,6.24,0,0,0.0,0.5973,3,11.888,0,NORMAL
2026-08-14 06:30:00,R2,3.293,7.755,0.4246,3.293,0,0,0.0,0.4246,2,10.677,0,NORMAL
2026-08-14 06:45:00,R1,6.97,10.08,0.6914,6.97,0,0,0.0,0.6914,3,12.321,0,NORMAL
2026-08-14 06:45:00,R2,3.477,8.318,0.4181,3.477,0,0,0.0,0.4181,2,9.955,0,NORMAL
2026-08-14 07:00:00,R1,7.248,10.55,0.687,7.248,0,0,0.0,0.687,3,11.773,0,NORMAL
2026-08-14 07:00:00,R2,3.424,8.0,0.428,3.424,0,0,0.0,0.428,2,10.35,0,NORMAL
2026-08-14 07:15:00,R1,6.894,10.242,0.6731,6.894,0,0,0.0,0.6731,3,12.126,0,NORMAL
2026-08-14 07:15:00,R2,3.2,8.268,0.3871,3.2,0,0,0.0,0.3871,2,10.014,0,NORMAL
2026-08-14 07:30:00,R1,6.577,10.75,0.6119,6.577,0,0,0.0,0.6119,3,11.554,0,NORMAL
2026-08-14 07:30:00,R2,3.05,7.635,0.3994,3.05,0,0,0.0,0.3994,2,10.845,0,NORMAL
2026-08-14 07:45:00,R1,7.13,10.835,0.658,7.13,0,0,0.0,0.658,3,11.463,0,NORMAL
2026-08-14 07:45:00,R2,3.159,8.43,0.3747,3.159,0,0,0.0,0.3747,2,9.822,0,NORMAL
2026-08-14 08:00:00,R1,7.002,10.254,0.6829,7.002,0,0,0.0,0.6829,3,12.113,0,NORMAL
2026-08-14 08:00:00,R2,3.295,8.844,0.3726,3.295,0,0,0.0,0.3726,2,9.362,0,NORMAL
2026-08-14 08:15:00,R1,6.212,10.902,0.5698,6.212,0,0,0.0,0.5698,3,11.392,0,NORMAL
2026-08-14 08:15:00,R2,2.688,8.411,0.3196,2.688,0,0,0.0,0.3196,2,9.844,0,NORMAL
2026-08-14 08:30:00,R1,6.913,10.386,0.6656,6.913,0,0,0.0,0.6656,3,11.958,0,NORMAL
2026-08-14 08:30:00,R2,3.206,7.922,0.4047,3.206,0,0,0.0,0.4047,2,10.452,0,NORMAL
2026-08-14 08:45:00,R1,6.836,11.006,0.6211,6.836,0,0,0.0,0.6211,3,11.284,0,NORMAL
2026-08-14 08:45:00,R2,2.871,7.79,0.3686,2.871,0,0,0.0,0.3686,2,10.63,0,NORMAL
2026-08-14 09:00:00,R1,7.097,10.055,0.7058,7.097,0,0,0.0,0.7058,3,12.352,0,NORMAL
2026-08-14 09:00:00,R2,2.638,7.679,0.3435,2.638,0,0,0.0,0.3435,2,10.782,0,NORMAL
2026-08-14 09:15:00,R1,7.264,11.072,0.6561,7.264,0,0,0.0,0.6561,3,11.217,0,NORMAL
2026-08-14 09:15:00,R2,3.286,8.387,0.3918,3.286,0,0,0.0,0.3918,2,9.873,0,NORMAL
2026-08-14 09:30:00,R1,6.395,10.53,0.6073,6.395,0,0,0.0,0.6073,3,11.794,0,NORMAL
2026-08-14 09:30:00,R2,2.902,8.23,0.3526,2.902,0,0,0.0,0.3526,2,10.06,0,NORMAL
2026-08-14 09:45:00,R1,7.31,10.913,0.6699,7.31,0,0,0.0,0.6699,3,11.381,0,NORMAL
2026-08-14 09:45:00,R2,3.022,8.22,0.3676,3.022,0,0,0.0,0.3676,2,10.073,0,NORMAL
2026-08-14 10:00:00,R1,7.149,10.579,0.6758,7.149,0,0,0.0,0.6758,3,11.74,0,NORMAL
2026-08-14 10:00:00,R2,3.212,8.371,0.3836,3.212,0,0,0.0,0.3836,2,9.891,0,NORMAL
2026-08-14 10:15:00,R1,6.902,10.949,0.6304,6.902,0,0,0.0,0.6304,3,11.344,0,NORMAL
2026-08-14 10:15:00,R2,3.309,8.102,0.4085,3.309,0,0,0.0,0.4085,2,10.219,0,NORMAL
2026-08-14 10:30:00,R1,6.857,10.87,0.6308,6.857,0,0,0.0,0.6308,3,11.426,0,NORMAL
2026-08-14 10:30:00,R2,3.032,8.8,0.3445,3.032,0,0,0.0,0.3445,2,9.41,0,NORMAL
2026-08-14 10:45:00,R1,6.786,10.51,0.6457,6.786,0,0,0.0,0.6457,3,11.818,0,NORMAL
2026-08-14 10:45:00,R2,2.698,8.195,0.3292,2.698,0,0,0.0,0.3292,2,10.104,0,NORMAL
2026-08-14 11:00:00,R1,7.088,10.771,0.6581,7.088,0,0,0.0,0.6581,3,11.531,0,NORMAL
2026-08-14 11:00:00,R2,3.063,7.584,0.4038,3.063,0,0,0.0,0.4038,2,10.918,0,NORMAL
2026-08-14 11:15:00,R1,7.151,10.637,0.6723,7.151,0,0,0.0,0.6723,3,11.677,0,NORMAL
2026-08-14 11:15:00,R2,2.614,8.507,0.3073,2.614,0,0,0.0,0.3073,2,9.733,0,NORMAL
2026-08-14 11:30:00,R1,6.286,10.666,0.5893,6.286,0,0,0.0,0.5893,3,11.644,0,NORMAL
2026-08-14 11:30:00,R2,2.93,8.129,0.3605,2.93,0,0,0.0,0.3605,2,10.186,0,NORMAL
2026-08-14 11:45:00,R1,6.685,11.347,0.5891,6.685,0,0,0.0,0.5891,3,10.946,0,NORMAL
2026-08-14 11:45:00,R2,3.158,8.477,0.3726,3.158,0,0,0.0,0.3726,2,9.768,0,NORMAL
2026-08-14 12:00:00,R1,6.842,11.015,0.6212,6.842,0,0,0.0,0.6212,3,11.276,0,NORMAL
2026-08-14 12:00:00,R2,3.12,8.21,0.38,3.12,0,0,0.0,0.38,2,10.086,0,NORMAL
2026-08-14 12:15:00,R1,7.041,10.873,0.6475,7.041,0,0,0.0,0.6475,3,11.422,0,NORMAL
2026-08-14 12:15:00,R2,2.845,7.813,0.3641,2.845,0,0,0.0,0.3641,2,10.597,0,NORMAL
2026-08-14 12:30:00,R1,6.545,10.847,0.6034,6.545,0,0,0.0,0.6034,3,11.45,0,NORMAL
2026-08-14 12:30:00,R2,2.622,8.333,0.3147,2.622,0,0,0.0,0.3147,2,9.937,0,NORMAL
2026-08-14 12:45:00,R1,7.131,10.44,0.683,7.131,0,0,0.0,0.683,3,11.896,0,NORMAL
2026-08-14 12:45:00,R2,2.413,8.188,0.2947,2.413,0,0,0.0,0.2947,2,10.112,0,NORMAL
2026-08-14 13:00:00,R1,6.675,10.539,0.6333,6.675,0,0,0.0,0.6333,3,11.784,0,NORMAL
2026-08-14 13:00:00,R2,2.547,9.153,0.2782,2.547,0,0,0.0,0.2782,2,9.046,0,NORMAL
2026-08-14 13:15:00,R1,7.342,10.355,0.709,7.342,0,0,0.0,0.709,3,11.994,0,NORMAL
2026-08-14 13:15:00,R2,2.545,8.29,0.307,2.545,0,0,0.0,0.307,2,9.988,0,NORMAL
2026-08-14 13:30:00,R1,7.076,11.082,0.6385,7.076,0,0,0.0,0.6385,3,11.208,0,NORMAL
2026-08-14 13:30:00,R2,2.705,7.786,0.3475,2.705,0,0,0.0,0.3475,2,10.635,0,NORMAL
2026-08-14 13:45:00,R1,6.885,10.87,0.6334,6.885,0,0,0.0,0.6334,3,11.426,0,NORMAL
2026-08-14 13:45:00,R2,3.117,8.059,0.3868,3.117,0,0,0.0,0.3868,2,10.274,0,NORMAL
2026-08-14 14:00:00,R1,7.351,11.468,0.641,7.351,0,0,0.0,0.641,3,10.83,0,NORMAL
2026-08-14 14:00:00,R2,2.812,8.022,0.3506,2.812,0,0,0.0,0.3506,2,10.322,0,NORMAL
2026-08-14 14:15:00,R1,7.488,10.455,0.7162,7.488,0,0,0.0,0.7162,3,11.88,0,NORMAL
2026-08-14 14:15:00,R2,2.552,8.35,0.3056,2.552,0,0,0.0,0.3056,2,9.916,0,NORMAL
2026-08-14 14:30:00,R1,7.249,10.298,0.7039,7.249,0,0,0.0,0.7039,3,12.061,0,NORMAL
2026-08-14 14:30:00,R2,2.893,7.758,0.3729,2.893,0,0,0.0,0.3729,2,10.673,0,NORMAL
2026-08-14 14:45:00,R1,7.347,11.361,0.6467,7.347,0,0,0.0,0.6467,3,10.932,0,NORMAL
2026-08-14 14:45:00,R2,2.824,8.14,0.3469,2.824,0,0,0.0,0.3469,2,10.172,0,NORMAL
2026-08-14 15:00:00,R1,7.306,10.697,0.683,7.306,0,0,0.0,0.683,3,11.611,0,NORMAL
2026-08-14 15:00:00,R2,2.482,7.628,0.3253,2.482,0,0,0.0,0.3253,2,10.854,0,NORMAL
2026-08-14 15:15:00,R1,7.424,10.259,0.7237,7.424,0,0,0.0,0.7237,3,12.106,0,NORMAL
2026-08-14 15:15:00,R2,2.325,7.647,0.304,2.325,0,0,0.0,0.304,2,10.828,0,NORMAL
2026-08-14 15:30:00,R1,7.75,10.356,0.7483,7.75,0,0,0.0,0.7483,3,11.993,0,NORMAL
2026-08-14 15:30:00,R2,2.501,7.957,0.3143,2.501,0,0,0.0,0.3143,2,10.406,0,NORMAL
2026-08-14 15:45:00,R1,7.595,11.353,0.669,7.595,0,0,0.0,0.669,3,10.94,0,NORMAL
2026-08-14 15:45:00,R2,3.04,8.129,0.374,3.04,0,0,0.0,0.374,2,10.186,0,NORMAL
2026-08-14 16:00:00,R1,7.371,11.244,0.6556,7.371,0,0,0.0,0.6556,3,11.046,0,NORMAL
2026-08-14 16:00:00,R2,2.56,8.592,0.298,2.56,0,0,0.0,0.298,2,9.637,0,NORMAL
2026-08-14 16:15:00,R1,8.04,10.101,0.796,8.04,0,0,0.0,0.796,3,12.295,0,WARNING
2026-08-14 16:15:00,R2,3.129,8.374,0.3737,3.129,0,0,0.0,0.3737,2,9.888,0,NORMAL
2026-08-14 16:30:00,R1,7.906,9.772,0.8091,7.906,0,0,0.0,0.8091,3,12.71,0,WARNING
2026-08-14 16:30:00,R2,2.761,8.303,0.3325,2.761,0,0,0.0,0.3325,2,9.972,0,NORMAL
2026-08-14 16:45:00,R1,7.183,10.548,0.681,7.183,0,0,0.0,0.681,3,11.775,0,NORMAL
2026-08-14 16:45:00,R2,2.702,8.262,0.327,2.702,0,0,0.0,0.327,2,10.022,0,NORMAL
2026-08-14 17:00:00,R1,7.327,10.593,0.6917,7.327,0,0,0.0,0.6917,3,11.724,0,NORMAL
2026-08-14 17:00:00,R2,2.631,8.279,0.3178,2.631,0,0,0.0,0.3178,2,10.002,0,NORMAL
2026-08-14 17:15:00,R1,6.792,10.587,0.6415,6.792,0,0,0.0,0.6415,3,11.732,0,NORMAL
2026-08-14 17:15:00,R2,2.916,7.86,0.371,2.916,0,0,0.0,0.371,2,10.535,0,NORMAL
2026-08-14 17:30:00,R1,7.999,10.607,0.7542,7.999,0,0,0.0,0.7542,3,11.71,0,WARNING
2026-08-14 17:30:00,R2,3.093,7.734,0.3999,3.093,0,0,0.0,0.3999,2,10.706,0,NORMAL
2026-08-14 17:45:00,R1,6.971,10.931,0.6377,6.971,0,0,0.0,0.6377,3,11.362,0,NORMAL
2026-08-14 17:45:00,R2,3.249,8.083,0.4019,3.249,0,0,0.0,0.4019,2,10.244,0,NORMAL
2026-08-14 18:00:00,R1,6.96,10.275,0.6774,6.96,0,0,0.0,0.6774,3,12.088,0,NORMAL
2026-08-14 18:00:00,R2,2.8,8.225,0.3405,2.8,0,0,0.0,0.3405,2,10.067,0,NORMAL
2026-08-14 18:15:00,R1,6.797,10.643,0.6386,6.797,0,0,0.0,0.6386,3,11.67,0,NORMAL
2026-08-14 18:15:00,R2,2.951,7.934,0.372,2.951,0,0,0.0,0.372,2,10.436,0,NORMAL
2026-08-14 18:30:00,R1,7.056,11.128,0.6341,7.056,0,0,0.0,0.6341,3,11.161,0,NORMAL
2026-08-14 18:30:00,R2,2.859,7.812,0.366,2.859,0,0,0.0,0.366,2,10.599,0,NORMAL
2026-08-14 18:45:00,R1,6.453,11.23,0.5747,6.453,0,0,0.0,0.5747,3,11.06,0,NORMAL
2026-08-14 18:45:00,R2,3.177,8.159,0.3894,3.177,0,0,0.0,0.3894,2,10.148,0,NORMAL
2026-08-14 19:00:00,R1,6.666,10.42,0.6398,6.666,0,0,0.0,0.6398,3,11.919,0,NORMAL
2026-08-14 19:00:00,R2,3.139,8.008,0.392,3.139,0,0,0.0,0.392,2,10.34,0,NORMAL
2026-08-14 19:15:00,R1,6.35,10.775,0.5893,6.35,0,0,0.0,0.5893,3,11.527,0,NORMAL
2026-08-14 19:15:00,R2,3.067,7.784,0.394,3.067,0,0,0.0,0.394,2,10.637,0,NORMAL
2026-08-14 19:30:00,R1,7.365,10.765,0.6842,7.365,0,0,0.0,0.6842,3,11.538,0,NORMAL
2026-08-14 19:30:00,R2,3.064,8.045,0.3809,3.064,0,0,0.0,0.3809,2,10.293,0,NORMAL
2026-08-14 19:45:00,R1,7.2,10.484,0.6868,7.2,0,0,0.0,0.6868,3,11.846,0,NORMAL
2026-08-14 19:45:00,R2,2.732,7.857,0.3477,2.732,0,0,0.0,0.3477,2,10.538,0,NORMAL
2026-08-14 20:00:00,R1,7.366,10.482,0.7028,7.366,0,0,0.0,0.7028,3,11.849,0,NORMAL
2026-08-14 20:00:00,R2,3.02,7.869,0.3837,3.02,0,0,0.0,0.3837,2,10.522,0,NORMAL
2026-08-14 20:15:00,R1,6.566,11.209,0.5858,6.566,0,0,0.0,0.5858,3,11.08,0,NORMAL
2026-08-14 20:15:00,R2,2.969,7.747,0.3833,2.969,0,0,0.0,0.3833,2,10.689,0,NORMAL
2026-08-14 20:30:00,R1,6.981,11.303,0.6176,6.981,0,0,0.0,0.6176,3,10.988,0,NORMAL
2026-08-14 20:30:00,R2,2.878,7.867,0.3659,2.878,0,0,0.0,0.3659,2,10.526,0,NORMAL
2026-08-14 20:45:00,R1,6.641,10.21,0.6505,6.641,0,0,0.0,0.6505,3,12.165,0,NORMAL
2026-08-14 20:45:00,R2,2.97,7.86,0.3779,2.97,0,0,0.0,0.3779,2,10.534,0,NORMAL
2026-08-14 21:00:00,R1,7.224,10.495,0.6883,7.224,0,0,0.0,0.6883,3,11.834,0,NORMAL
2026-08-14 21:00:00,R2,2.805,7.988,0.3511,2.805,0,0,0.0,0.3511,2,10.366,0,NORMAL
2026-08-14 21:15:00,R1,6.875,10.565,0.6507,6.875,0,0,0.0,0.6507,3,11.756,0,NORMAL
2026-08-14 21:15:00,R2,2.837,8.565,0.3313,2.837,0,0,0.0,0.3313,2,9.667,0,NORMAL
2026-08-14 21:30:00,R1,7.213,10.744,0.6714,7.213,0,0,0.0,0.6714,3,11.56,0,NORMAL
2026-08-14 21:30:00,R2,2.674,8.59,0.3113,2.674,0,0,0.0,0.3113,2,9.64,0,NORMAL
2026-08-14 21:45:00,R1,7.66,11.395,0.6723,7.66,0,0,0.0,0.6723,3,10.9,0,NORMAL
2026-08-14 21:45:00,R2,3.072,8.273,0.3714,3.072,0,0,0.0,0.3714,2,10.008,0,NORMAL
2026-08-14 22:00:00,R1,5.508,11.276,0.4885,5.508,0,0,0.0,0.4885,3,11.015,0,NORMAL
2026-08-14 22:00:00,R2,2.707,7.591,0.3566,2.707,0,0,0.0,0.3566,2,10.908,0,NORMAL
2026-08-14 22:15:00,R1,5.988,10.62,0.5638,5.988,0,0,0.0,0.5638,3,11.695,0,NORMAL
2026-08-14 22:15:00,R2,2.405,7.885,0.305,2.405,0,0,0.0,0.305,2,10.501,0,NORMAL
2026-08-14 22:30:00,R1,5.773,10.422,0.5539,5.773,0,0,0.0,0.5539,3,11.917,0,NORMAL
2026-08-14 22:30:00,R2,2.163,8.206,0.2635,2.163,0,0,0.0,0.2635,2,10.09,0,NORMAL
2026-08-14 22:45:00,R1,4.73,11.071,0.4273,4.73,0,0,0.0,0.4273,3,11.219,0,NORMAL
2026-08-14 22:45:00,R2,2.415,7.808,0.3093,2.415,0,0,0.0,0.3093,2,10.605,0,NORMAL
2026-08-14 23:00:00,R1,6.23,11.106,0.5609,6.23,0,0,0.0,0.5609,3,11.183,0,NORMAL
2026-08-14 23:00:00,R2,2.223,8.628,0.2576,2.223,0,0,0.0,0.2576,2,9.597,0,NORMAL
2026-08-14 23:15:00,R1,5.749,10.051,0.572,5.749,0,0,0.0,0.572,3,12.357,0,NORMAL
2026-08-14 23:15:00,R2,2.645,8.321,0.3179,2.645,0,0,0.0,0.3179,2,9.951,0,NORMAL
2026-08-14 23:30:00,R1,5.616,11.029,0.5092,5.616,0,0,0.0,0.5092,3,11.261,0,NORMAL
2026-08-14 23:30:00,R2,2.751,7.724,0.3562,2.751,0,0,0.0,0.3562,2,10.719,0,NORMAL
2026-08-14 23:45:00,R1,5.578,10.628,0.5249,5.578,0,0,0.0,0.5249,3,11.686,0,NORMAL
2026-08-14 23:45:00,R2,2.801,7.816,0.3583,2.801,0,0,0.0,0.3583,2,10.594,0,NORMAL
2026-08-15 00:00:00,R1,4.221,10.673,0.3955,4.221,0,0,0.0,0.3955,3,11.637,0,NORMAL
2026-08-15 00:00:00,R2,2.506,8.018,0.3126,2.506,0,0,0.0,0.3126,2,10.327,0,NORMAL
2026-08-15 00:15:00,R1,4.447,10.384,0.4282,4.447,0,0,0.0,0.4282,3,11.96,0,NORMAL
2026-08-15 00:15:00,R2,2.305,8.96,0.2572,2.305,0,0,0.0,0.2572,2,9.241,0,NORMAL
2026-08-15 00:30:00,R1,4.297,11.208,0.3834,4.297,0,0,0.0,0.3834,3,11.082,0,NORMAL
2026-08-15 00:30:00,R2,2.448,8.172,0.2996,2.448,0,0,0.0,0.2996,2,10.133,0,NORMAL
2026-08-15 00:45:00,R1,3.983,10.551,0.3775,3.983,0,0,0.0,0.3775,3,11.772,0,NORMAL
2026-08-15 00:45:00,R2,2.522,7.7,0.3275,2.522,0,0,0.0,0.3275,2,10.753,0,NORMAL
2026-08-15 01:00:00,R1,4.321,10.846,0.3984,4.321,0,0,0.0,0.3984,3,11.452,0,NORMAL
2026-08-15 01:00:00,R2,2.031,8.15,0.2492,2.031,0,0,0.0,0.2492,2,10.159,0,NORMAL
2026-08-15 01:15:00,R1,4.311,10.121,0.426,4.311,0,0,0.0,0.426,3,12.272,0,NORMAL
2026-08-15 01:15:00,R2,1.862,8.254,0.2256,1.862,0,0,0.0,0.2256,2,10.032,0,NORMAL
2026-08-15 01:30:00,R1,4.356,10.961,0.3974,4.356,0,0,0.0,0.3974,3,11.331,0,NORMAL
2026-08-15 01:30:00,R2,2.167,8.253,0.2625,2.167,0,0,0.0,0.2625,2,10.033,0,NORMAL
2026-08-15 01:45:00,R1,4.734,10.802,0.4383,4.734,0,0,0.0,0.4383,3,11.498,0,NORMAL
2026-08-15 01:45:00,R2,2.235,8.099,0.276,2.235,0,0,0.0,0.276,2,10.224,0,NORMAL
2026-08-15 02:00:00,R1,4.269,11.116,0.384,4.269,0,0,0.0,0.384,3,11.173,0,NORMAL
2026-08-15 02:00:00,R2,2.648,8.142,0.3252,2.648,0,0,0.0,0.3252,2,10.169,0,NORMAL
2026-08-15 02:15:00,R1,4.447,10.232,0.4346,4.447,0,0,0.0,0.4346,3,12.139,0,NORMAL
2026-08-15 02:15:00,R2,2.052,8.396,0.2444,2.052,0,0,0.0,0.2444,2,9.862,0,NORMAL
2026-08-15 02:30:00,R1,4.834,10.847,0.4456,4.834,0,0,0.0,0.4456,3,11.45,0,NORMAL
2026-08-15 02:30:00,R2,2.296,7.668,0.2994,2.296,0,0,0.0,0.2994,2,10.798,0,NORMAL
2026-08-15 02:45:00,R1,5.085,11.366,0.4474,5.085,0,0,0.0,0.4474,3,10.928,0,NORMAL
2026-08-15 02:45:00,R2,1.996,8.532,0.2339,1.996,0,0,0.0,0.2339,2,9.705,0,NORMAL
2026-08-15 03:00:00,R1,4.782,10.984,0.4354,4.782,0,0,0.0,0.4354,3,11.308,0,NORMAL
2026-08-15 03:00:00,R2,2.174,7.861,0.2766,2.174,0,0,0.0,0.2766,2,10.533,0,NORMAL
2026-08-15 03:15:00,R1,4.033,11.015,0.3662,4.033,0,0,0.0,0.3662,3,11.276,0,NORMAL
2026-08-15 03:15:00,R2,2.457,7.882,0.3118,2.457,0,0,0.0,0.3118,2,10.504,0,NORMAL
2026-08-15 03:30:00,R1,4.815,10.966,0.4391,4.815,0,0,0.0,0.4391,3,11.326,0,NORMAL
2026-08-15 03:30:00,R2,2.165,7.828,0.2766,2.165,0,0,0.0,0.2766,2,10.577,0,NORMAL
2026-08-15 03:45:00,R1,4.215,10.616,0.3971,4.215,0,0,0.0,0.3971,3,11.699,0,NORMAL
2026-08-15 03:45:00,R2,2.465,7.686,0.3208,2.465,0,0,0.0,0.3208,2,10.773,0,NORMAL
2026-08-15 04:00:00,R1,3.957,10.073,0.3929,3.957,0,0,0.0,0.3929,3,12.33,0,NORMAL
2026-08-15 04:00:00,R2,2.193,8.468,0.259,2.193,0,0,0.0,0.259,2,9.778,0,NORMAL
2026-08-15 04:15:00,R1,4.447,11.192,0.3974,4.447,0,0,0.0,0.3974,3,11.097,0,NORMAL
2026-08-15 04:15:00,R2,2.323,8.563,0.2713,2.323,0,0,0.0,0.2713,2,9.669,0,NORMAL
2026-08-15 04:30:00,R1,4.984,10.584,0.4709,4.984,0,0,0.0,0.4709,3,11.735,0,NORMAL
2026-08-15 04:30:00,R2,1.672,7.646,0.2187,1.672,0,0,0.0,0.2187,2,10.828,0,NORMAL
2026-08-15 04:45:00,R1,4.238,10.639,0.3984,4.238,0,0,0.0,0.3984,3,11.674,0,NORMAL
2026-08-15 04:45:00,R2,1.938,8.298,0.2335,1.938,0,0,0.0,0.2335,2,9.978,0,NORMAL
2026-08-15 05:00:00,R1,4.291,10.779,0.3981,4.291,0,0,0.0,0.3981,3,11.522,0,NORMAL
2026-08-15 05:00:00,R2,1.92,7.752,0.2477,1.92,0,0,0.0,0.2477,2,10.681,0,NORMAL
2026-08-15 05:15:00,R1,4.12,10.468,0.3936,4.12,0,0,0.0,0.3936,3,11.865,0,NORMAL
2026-08-15 05:15:00,R2,2.449,8.578,0.2855,2.449,0,0,0.0,0.2855,2,9.652,0,NORMAL
2026-08-15 05:30:00,R1,4.979,6.874,0.7242,4.979,0,0,0.0,0.7242,2,12.045,0,NORMAL
2026-08-15 05:30:00,R2,1.919,8.525,0.2251,1.919,0,0,0.0,0.2251,2,9.713,0,NORMAL
2026-08-15 05:45:00,R1,4.951,10.866,0.4557,4.951,0,0,0.0,0.4557,3,11.43,0,NORMAL
2026-08-15 05:45:00,R2,2.206,8.203,0.2689,2.206,0,0,0.0,0.2689,2,10.094,0,NORMAL
2026-08-15 06:00:00,R1,5.436,11.056,0.4917,5.436,0,0,0.0,0.4917,3,11.234,0,NORMAL
2026-08-15 06:00:00,R2,2.447,8.437,0.29,2.447,0,0,0.0,0.29,2,9.814,0,NORMAL
2026-08-15 06:15:00,R1,5.866,10.736,0.5464,5.866,0,0,0.0,0.5464,3,11.569,0,NORMAL
2026-08-15 06:15:00,R2,2.68,7.936,0.3377,2.68,0,0,0.0,0.3377,2,10.433,0,NORMAL
2026-08-15 06:30:00,R1,5.625,10.863,0.5178,5.625,0,0,0.0,0.5178,3,11.433,0,NORMAL
2026-08-15 06:30:00,R2,2.62,8.025,0.3265,2.62,0,0,0.0,0.3265,2,10.318,0,NORMAL
2026-08-15 06:45:00,R1,5.889,10.774,0.5466,5.889,0,0,0.0,0.5466,3,11.528,0,NORMAL
2026-08-15 06:45:00,R2,3.287,8.356,0.3934,3.287,0,0,0.0,0.3934,2,9.909,0,NORMAL
2026-08-15 07:00:00,R1,5.104,10.199,0.5004,5.104,0,0,0.0,0.5004,3,12.177,0,NORMAL
2026-08-15 07:00:00,R2,2.532,8.558,0.2959,2.532,0,0,0.0,0.2959,2,9.675,0,NORMAL
2026-08-15 07:15:00,R1,5.182,10.791,0.4802,5.182,0,0,0.0,0.4802,3,11.509,0,NORMAL
2026-08-15 07:15:00,R2,2.65,7.73,0.3429,2.65,0,0,0.0,0.3429,2,10.712,0,NORMAL
2026-08-15 07:30:00,R1,5.062,10.379,0.4878,5.062,0,0,0.0,0.4878,3,11.967,0,NORMAL
2026-08-15 07:30:00,R2,2.735,7.39,0.37,2.735,0,0,0.0,0.37,2,11.204,0,NORMAL
2026-08-15 07:45:00,R1,5.743,11.233,0.5112,5.743,0,0,0.0,0.5112,3,11.057,0,NORMAL
2026-08-15 07:45:00,R2,2.485,8.208,0.3027,2.485,0,0,0.0,0.3027,2,10.087,0,NORMAL
2026-08-15 08:00:00,R1,6.252,10.719,0.5832,6.252,0,0,0.0,0.5832,3,11.587,0,NORMAL
2026-08-15 08:00:00,R2,2.451,8.065,0.3039,2.451,0,0,0.0,0.3039,2,10.267,0,NORMAL
2026-08-15 08:15:00,R1,6.067,10.63,0.5708,6.067,0,0,0.0,0.5708,3,11.684,0,NORMAL
2026-08-15 08:15:00,R2,2.591,8.107,0.3196,2.591,0,0,0.0,0.3196,2,10.213,0,NORMAL
2026-08-15 08:30:00,R1,5.676,11.17,0.5082,5.676,0,0,0.0,0.5082,3,11.119,0,NORMAL
2026-08-15 08:30:00,R2,2.867,8.015,0.3577,2.867,0,0,0.0,0.3577,2,10.33,0,NORMAL
2026-08-15 08:45:00,R1,5.444,10.489,0.519,5.444,0,0,0.0,0.519,3,11.841,0,NORMAL
2026-08-15 08:45:00,R2,2.489,8.466,0.294,2.489,0,0,0.0,0.294,2,9.78,0,NORMAL
2026-08-15 09:00:00,R1,5.262,10.968,0.4798,5.262,0,0,0.0,0.4798,3,11.324,0,NORMAL
2026-08-15 09:00:00,R2,2.474,8.708,0.2841,2.474,0,0,0.0,0.2841,2,9.508,0,NORMAL
2026-08-15 09:15:00,R1,5.683,10.599,0.5362,5.683,0,0,0.0,0.5362,3,11.718,0,NORMAL
2026-08-15 09:15:00,R2,2.232,8.011,0.2786,2.232,0,0,0.0,0.2786,2,10.336,0,NORMAL
2026-08-15 09:30:00,R1,5.353,10.937,0.4895,5.353,0,0,0.0,0.4895,3,11.356,0,NORMAL
2026-08-15 09:30:00,R2,2.165,8.152,0.2656,2.165,0,0,0.0,0.2656,2,10.157,0,NORMAL
2026-08-15 09:45:00,R1,5.345,10.427,0.5126,5.345,0,0,0.0,0.5126,3,11.911,0,NORMAL
2026-08-15 09:45:00,R2,2.563,8.572,0.299,2.563,0,0,0.0,0.299,2,9.66,0,NORMAL
2026-08-15 10:00:00,R1,8.151,10.82,0.7533,8.151,0,0,0.0,0.7533,3,11.479,0,WARNING
2026-08-15 10:00:00,R2,2.263,7.871,0.2875,2.263,0,0,0.0,0.2875,2,10.52,0,NORMAL
2026-08-15 10:15:00,R1,8.719,9.792,0.8904,8.719,0,0,0.0,0.8904,3,12.684,0,WARNING
2026-08-15 10:15:00,R2,2.496,7.93,0.3148,2.496,0,0,0.0,0.3148,2,10.441,0,NORMAL
2026-08-15 10:30:00,R1,8.405,9.959,0.8439,8.405,0,0,0.0,0.8439,3,12.471,0,WARNING
2026-08-15 10:30:00,R2,2.598,8.057,0.3224,2.598,0,0,0.0,0.3224,2,10.277,0,NORMAL
2026-08-15 10:45:00,R1,8.079,10.653,0.7584,8.079,0,0,0.0,0.7584,3,11.658,0,WARNING
2026-08-15 10:45:00,R2,2.801,8.137,0.3442,2.801,0,0,0.0,0.3442,2,10.176,0,NORMAL
2026-08-15 11:00:00,R1,5.463,10.205,0.5353,5.463,0,0,0.0,0.5353,3,12.17,0,NORMAL
2026-08-15 11:00:00,R2,2.632,8.078,0.3258,2.632,0,0,0.0,0.3258,2,10.25,0,NORMAL
2026-08-15 11:15:00,R1,6.234,10.257,0.6078,6.234,0,0,0.0,0.6078,3,12.109,0,NORMAL
2026-08-15 11:15:00,R2,2.336,8.088,0.2888,2.336,0,0,0.0,0.2888,2,10.237,0,NORMAL
2026-08-15 11:30:00,R1,4.928,10.884,0.4528,4.928,0,0,0.0,0.4528,3,11.411,0,NORMAL
2026-08-15 11:30:00,R2,2.221,8.027,0.2766,2.221,0,0,0.0,0.2766,2,10.315,0,NORMAL
2026-08-15 11:45:00,R1,5.426,10.523,0.5156,5.426,0,0,0.0,0.5156,3,11.803,0,NORMAL
2026-08-15 11:45:00,R2,2.024,7.751,0.2611,2.024,0,0,0.0,0.2611,2,10.683,0,NORMAL
2026-08-15 12:00:00,R1,5.297,7.232,0.7324,5.297,0,0,0.0,0.7324,2,11.449,0,NORMAL
2026-08-15 12:00:00,R2,2.285,8.243,0.2772,2.285,0,0,0.0,0.2772,2,10.044,0,NORMAL
2026-08-15 12:15:00,R1,6.103,11.027,0.5534,6.103,0,0,0.0,0.5534,3,11.263,0,NORMAL
2026-08-15 12:15:00,R2,2.816,8.299,0.3393,2.816,0,0,0.0,0.3393,2,9.977,0,NORMAL
2026-08-15 12:30:00,R1,6.056,11.34,0.5341,6.056,0,0,0.0,0.5341,3,10.952,0,NORMAL
2026-08-15 12:30:00,R2,2.502,7.919,0.3159,2.502,0,0,0.0,0.3159,2,10.456,0,NORMAL
2026-08-15 12:45:00,R1,5.983,10.706,0.5588,5.983,0,0,0.0,0.5588,3,11.601,0,NORMAL
2026-08-15 12:45:00,R2,2.098,8.356,0.2511,2.098,0,0,0.0,0.2511,2,9.909,0,NORMAL
2026-08-15 13:00:00,R1,6.031,10.528,0.5728,6.031,0,0,0.0,0.5728,3,11.797,0,NORMAL
2026-08-15 13:00:00,R2,2.412,8.239,0.2928,2.412,0,0,0.0,0.2928,2,10.049,0,NORMAL
2026-08-15 13:15:00,R1,6.797,10.966,0.6198,6.797,0,0,0.0,0.6198,3,11.326,0,NORMAL
2026-08-15 13:15:00,R2,2.622,7.438,0.3525,2.622,0,0,0.0,0.3525,2,11.132,0,NORMAL
2026-08-15 13:30:00,R1,5.405,11.011,0.4909,5.405,0,0,0.0,0.4909,3,11.28,0,NORMAL
2026-08-15 13:30:00,R2,2.436,8.436,0.2887,2.436,0,0,0.0,0.2887,2,9.815,0,NORMAL
2026-08-15 13:45:00,R1,5.795,10.933,0.5301,5.795,0,0,0.0,0.5301,3,11.36,0,NORMAL
2026-08-15 13:45:00,R2,2.387,7.623,0.3132,2.387,0,0,0.0,0.3132,2,10.862,0,NORMAL
2026-08-15 14:00:00,R1,6.315,10.578,0.597,6.315,0,0,0.0,0.597,3,11.741,0,NORMAL
2026-08-15 14:00:00,R2,2.549,8.248,0.309,2.549,0,0,0.0,0.309,2,10.039,0,NORMAL
2026-08-15 14:15:00,R1,6.002,11.163,0.5376,6.002,0,0,0.0,0.5376,3,11.126,0,NORMAL
2026-08-15 14:15:00,R2,2.649,7.763,0.3412,2.649,0,0,0.0,0.3412,2,10.667,0,NORMAL
2026-08-15 14:30:00,R1,5.425,10.649,0.5095,5.425,0,0,0.0,0.5095,3,11.663,0,NORMAL
2026-08-15 14:30:00,R2,2.245,8.265,0.2716,2.245,0,0,0.0,0.2716,2,10.018,0,NORMAL
2026-08-15 14:45:00,R1,6.068,11.299,0.537,6.068,0,0,0.0,0.537,3,10.992,0,NORMAL
2026-08-15 14:45:00,R2,2.455,8.725,0.2814,2.455,0,0,0.0,0.2814,2,9.489,0,NORMAL
2026-08-15 15:00:00,R1,6.079,11.7,0.5196,6.079,0,0,0.0,0.5196,3,10.616,0,NORMAL
2026-08-15 15:00:00,R2,2.198,8.391,0.262,2.198,0,0,0.0,0.262,2,9.867,0,NORMAL
2026-08-15 15:15:00,R1,6.871,10.27,0.669,6.871,0,0,0.0,0.669,3,12.093,0,NORMAL
2026-08-15 15:15:00,R2,2.38,8.586,0.2772,2.38,0,0,0.0,0.2772,2,9.643,0,NORMAL
2026-08-15 15:30:00,R1,6.047,10.291,0.5875,6.047,0,0,0.0,0.5875,3,12.068,0,NORMAL
2026-08-15 15:30:00,R2,2.358,7.901,0.2985,2.358,0,0,0.0,0.2985,2,10.48,0,NORMAL
2026-08-15 15:45:00,R1,6.411,10.824,0.5923,6.411,0,0,0.0,0.5923,3,11.475,0,NORMAL
2026-08-15 15:45:00,R2,2.332,8.213,0.2839,2.332,0,0,0.0,0.2839,2,10.082,0,NORMAL
2026-08-15 16:00:00,R1,6.332,10.552,0.6001,6.332,0,0,0.0,0.6001,3,11.77,0,NORMAL
2026-08-15 16:00:00,R2,2.381,8.106,0.2937,2.381,0,0,0.0,0.2937,2,10.214,0,NORMAL
2026-08-15 16:15:00,R1,6.635,11.125,0.5964,6.635,0,0,0.0,0.5964,3,11.164,0,NORMAL
2026-08-15 16:15:00,R2,2.482,8.426,0.2946,2.482,0,0,0.0,0.2946,2,9.827,0,NORMAL
2026-08-15 16:30:00,R1,6.187,10.391,0.5954,6.187,0,0,0.0,0.5954,3,11.953,0,NORMAL
2026-08-15 16:30:00,R2,2.059,8.114,0.2537,2.059,0,0,0.0,0.2537,2,10.204,0,NORMAL
2026-08-15 16:45:00,R1,6.091,11.165,0.5456,6.091,0,0,0.0,0.5456,3,11.124,0,NORMAL
2026-08-15 16:45:00,R2,2.316,8.391,0.2761,2.316,0,0,0.0,0.2761,2,9.868,0,NORMAL
2026-08-15 17:00:00,R1,5.757,10.807,0.5327,5.757,0,0,0.0,0.5327,3,11.492,0,NORMAL
2026-08-15 17:00:00,R2,2.418,8.158,0.2964,2.418,0,0,0.0,0.2964,2,10.149,0,NORMAL
2026-08-15 17:15:00,R1,6.379,10.799,0.5907,6.379,0,0,0.0,0.5907,3,11.501,0,NORMAL
2026-08-15 17:15:00,R2,2.477,7.975,0.3106,2.477,0,0,0.0,0.3106,2,10.382,0,NORMAL
2026-08-15 17:30:00,R1,6.431,10.905,0.5898,6.431,0,0,0.0,0.5898,3,11.39,0,NORMAL
2026-08-15 17:30:00,R2,2.398,8.4,0.2855,2.398,0,0,0.0,0.2855,2,9.858,0,NORMAL
2026-08-15 17:45:00,R1,5.957,10.696,0.557,5.957,0,0,0.0,0.557,3,11.612,0,NORMAL
2026-08-15 17:45:00,R2,2.287,8.38,0.2729,2.287,0,0,0.0,0.2729,2,9.88,0,NORMAL
2026-08-15 18:00:00,R1,6.095,10.541,0.5783,6.095,0,0,0.0,0.5783,3,11.783,0,NORMAL
2026-08-15 18:00:00,R2,2.428,8.097,0.2998,2.428,0,0,0.0,0.2998,2,10.226,0,NORMAL
2026-08-15 18:15:00,R1,6.081,11.168,0.5446,6.081,0,0,0.0,0.5446,3,11.121,0,NORMAL
2026-08-15 18:15:00,R2,2.817,7.906,0.3563,2.817,0,0,0.0,0.3563,2,10.473,0,NORMAL
2026-08-15 18:30:00,R1,5.774,10.167,0.5679,5.774,0,0,0.0,0.5679,3,12.216,0,NORMAL
2026-08-15 18:30:00,R2,2.452,7.968,0.3078,2.452,0,0,0.0,0.3078,2,10.391,0,NORMAL
2026-08-15 18:45:00,R1,6.216,10.546,0.5894,6.216,0,0,0.0,0.5894,3,11.777,0,NORMAL
2026-08-15 18:45:00,R2,2.679,8.189,0.3272,2.679,0,0,0.0,0.3272,2,10.111,0,NORMAL
2026-08-15 19:00:00,R1,5.031,10.641,0.4728,5.031,0,0,0.0,0.4728,3,11.672,0,NORMAL
2026-08-15 19:00:00,R2,2.327,8.174,0.2847,2.327,0,0,0.0,0.2847,2,10.129,0,NORMAL
2026-08-15 19:15:00,R1,4.692,10.193,0.4603,4.692,0,0,0.0,0.4603,3,12.185,0,NORMAL
2026-08-15 19:15:00,R2,2.424,8.228,0.2946,2.424,0,0,0.0,0.2946,2,10.063,0,NORMAL
2026-08-15 19:30:00,R1,5.422,11.022,0.4919,5.422,0,0,0.0,0.4919,3,11.268,0,NORMAL
2026-08-15 19:30:00,R2,2.271,8.377,0.2712,2.271,0,0,0.0,0.2712,2,9.885,0,NORMAL
2026-08-15 19:45:00,R1,6.103,10.854,0.5623,6.103,0,0,0.0,0.5623,3,11.443,0,NORMAL
2026-08-15 19:45:00,R2,2.523,8.415,0.2998,2.523,0,0,0.0,0.2998,2,9.839,0,NORMAL
2026-08-15 20:00:00,R1,6.139,10.662,0.5757,6.139,0,0,0.0,0.5757,3,11.649,0,NORMAL
2026-08-15 20:00:00,R2,2.709,7.828,0.3461,2.709,0,0,0.0,0.3461,2,10.577,0,NORMAL
2026-08-15 20:15:00,R1,6.119,11.306,0.5412,6.119,0,0,0.0,0.5412,3,10.985,0,NORMAL
2026-08-15 20:15:00,R2,2.716,8.39,0.3237,2.716,0,0,0.0,0.3237,2,9.868,0,NORMAL
2026-08-15 20:30:00,R1,5.845,10.221,0.5719,5.845,0,0,0.0,0.5719,3,12.152,0,NORMAL
2026-08-15 20:30:00,R2,2.439,8.196,0.2976,2.439,0,0,0.0,0.2976,2,10.103,0,NORMAL
2026-08-15 20:45:00,R1,6.093,6.778,0.8989,6.093,0,0,0.0,0.8989,2,12.215,0,WARNING
2026-08-15 20:45:00,R2,2.519,8.365,0.3011,2.519,0,0,0.0,0.3011,2,9.898,0,NORMAL
2026-08-15 21:00:00,R1,5.759,10.443,0.5515,5.759,0,0,0.0,0.5515,3,11.893,0,NORMAL
2026-08-15 21:00:00,R2,2.916,7.874,0.3703,2.916,0,0,0.0,0.3703,2,10.516,0,NORMAL
2026-08-15 21:15:00,R1,5.878,10.216,0.5753,5.878,0,0,0.0,0.5753,3,12.157,0,NORMAL
2026-08-15 21:15:00,R2,2.163,8.732,0.2477,2.163,0,0,0.0,0.2477,2,9.483,0,NORMAL
2026-08-15 21:30:00,R1,5.845,10.351,0.5647,5.845,0,0,0.0,0.5647,3,11.999,0,NORMAL
2026-08-15 21:30:00,R2,2.468,8.083,0.3053,2.468,0,0,0.0,0.3053,2,10.243,0,NORMAL
2026-08-15 21:45:00,R1,5.662,7.172,0.7895,5.662,0,0,0.0,0.7895,2,11.545,0,WARNING
2026-08-15 21:45:00,R2,2.658,8.186,0.3247,2.658,0,0,0.0,0.3247,2,10.115,0,NORMAL
2026-08-15 22:00:00,R1,4.464,11.326,0.3941,4.464,0,0,0.0,0.3941,3,10.965,0,NORMAL
2026-08-15 22:00:00,R2,1.911,7.915,0.2414,1.911,0,0,0.0,0.2414,2,10.461,0,NORMAL
2026-08-15 22:15:00,R1,4.488,10.838,0.4141,4.488,0,0,0.0,0.4141,3,11.46,0,NORMAL
2026-08-15 22:15:00,R2,1.886,8.125,0.2321,1.886,0,0,0.0,0.2321,2,10.19,0,NORMAL
2026-08-15 22:30:00,R1,4.838,11.395,0.4246,4.838,0,0,0.0,0.4246,3,10.899,0,NORMAL
2026-08-15 22:30:00,R2,1.912,8.497,0.2251,1.912,0,0,0.0,0.2251,2,9.745,0,NORMAL
2026-08-15 22:45:00,R1,4.52,10.559,0.4281,4.52,0,0,0.0,0.4281,3,11.762,0,NORMAL
2026-08-15 22:45:00,R2,2.144,4.259,0.5034,2.144,0,0,0.0,0.5034,1,9.721,0,NORMAL
2026-08-15 23:00:00,R1,4.129,10.743,0.3844,4.129,0,0,0.0,0.3844,3,11.561,0,NORMAL
2026-08-15 23:00:00,R2,2.268,8.006,0.2833,2.268,0,0,0.0,0.2833,2,10.342,0,NORMAL
2026-08-15 23:15:00,R1,4.308,11.086,0.3886,4.308,0,0,0.0,0.3886,3,11.203,0,NORMAL
2026-08-15 23:15:00,R2,2.261,7.85,0.288,2.261,0,0,0.0,0.288,2,10.547,0,NORMAL
2026-08-15 23:30:00,R1,3.988,10.158,0.3926,3.988,0,0,0.0,0.3926,3,12.227,0,NORMAL
2026-08-15 23:30:00,R2,2.386,7.756,0.3077,2.386,0,0,0.0,0.3077,2,10.676,0,NORMAL
2026-08-15 23:45:00,R1,4.454,10.398,0.4284,4.454,0,0,0.0,0.4284,3,11.944,0,NORMAL
2026-08-15 23:45:00,R2,2.18,8.166,0.267,2.18,0,0,0.0,0.267,2,10.14,0,NORMAL
2026-08-16 00:00:00,R1,4.573,10.854,0.4213,4.573,0,0,0.0,0.4213,3,11.443,0,NORMAL
2026-08-16 00:00:00,R2,2.515,8.53,0.2949,2.515,0,0,0.0,0.2949,2,9.707,0,NORMAL
2026-08-16 00:15:00,R1,4.847,7.418,0.6534,4.847,0,0,0.0,0.6534,2,11.162,0,NORMAL
2026-08-16 00:15:00,R2,2.225,7.895,0.2819,2.225,0,0,0.0,0.2819,2,10.488,0,NORMAL
2026-08-16 00:30:00,R1,4.821,10.472,0.4604,4.821,0,0,0.0,0.4604,3,11.86,0,NORMAL
2026-08-16 00:30:00,R2,1.962,7.921,0.2477,1.962,0,0,0.0,0.2477,2,10.454,0,NORMAL
2026-08-16 00:45:00,R1,4.102,11.209,0.366,4.102,0,0,0.0,0.366,3,11.081,0,NORMAL
2026-08-16 00:45:00,R2,2.195,7.862,0.2792,2.195,0,0,0.0,0.2792,2,10.532,0,NORMAL
2026-08-16 01:00:00,R1,4.538,10.773,0.4212,4.538,0,0,0.0,0.4212,3,11.529,0,NORMAL
2026-08-16 01:00:00,R2,2.158,7.495,0.2879,2.158,0,0,0.0,0.2879,2,11.047,0,NORMAL
2026-08-16 01:15:00,R1,3.635,10.928,0.3327,3.635,0,0,0.0,0.3327,3,11.366,0,NORMAL
2026-08-16 01:15:00,R2,2.395,8.336,0.2874,2.395,0,0,0.0,0.2874,2,9.933,0,NORMAL
2026-08-16 01:30:00,R1,4.508,10.58,0.426,4.508,0,0,0.0,0.426,3,11.739,0,NORMAL
2026-08-16 01:30:00,R2,2.397,8.22,0.2916,2.397,0,0,0.0,0.2916,2,10.073,0,NORMAL
2026-08-16 01:45:00,R1,3.429,11.091,0.3092,3.429,0,0,0.0,0.3092,3,11.198,0,NORMAL
2026-08-16 01:45:00,R2,2.128,7.954,0.2676,2.128,0,0,0.0,0.2676,2,10.41,0,NORMAL
2026-08-16 02:00:00,R1,4.0,7.197,0.5559,4.0,0,0,0.0,0.5559,2,11.505,0,NORMAL
2026-08-16 02:00:00,R2,1.975,8.242,0.2396,1.975,0,0,0.0,0.2396,2,10.047,0,NORMAL
2026-08-16 02:15:00,R1,4.2,10.665,0.3938,4.2,0,0,0.0,0.3938,3,11.646,0,NORMAL
2026-08-16 02:15:00,R2,2.222,8.096,0.2745,2.222,0,0,0.0,0.2745,2,10.227,0,NORMAL
2026-08-16 02:30:00,R1,4.548,11.171,0.4071,4.548,0,0,0.0,0.4071,3,11.118,0,NORMAL
2026-08-16 02:30:00,R2,2.308,8.425,0.2739,2.308,0,0,0.0,0.2739,2,9.828,0,NORMAL
2026-08-16 02:45:00,R1,4.363,9.943,0.4388,4.363,0,0,0.0,0.4388,3,12.491,0,NORMAL
2026-08-16 02:45:00,R2,2.118,7.946,0.2666,2.118,0,0,0.0,0.2666,2,10.421,0,NORMAL
2026-08-16 03:00:00,R1,4.117,11.098,0.371,4.117,0,0,0.0,0.371,3,11.191,0,NORMAL
2026-08-16 03:00:00,R2,2.138,8.388,0.2548,2.138,0,0,0.0,0.2548,2,9.871,0,NORMAL
2026-08-16 03:15:00,R1,4.761,10.541,0.4516,4.761,0,0,0.0,0.4516,3,11.783,0,NORMAL
2026-08-16 03:15:00,R2,2.119,8.404,0.2522,2.119,0,0,0.0,0.2522,2,9.853,0,NORMAL
2026-08-16 03:30:00,R1,4.489,10.798,0.4157,4.489,0,0,0.0,0.4157,3,11.502,0,NORMAL
2026-08-16 03:30:00,R2,1.966,8.011,0.2455,1.966,0,0,0.0,0.2455,2,10.336,0,NORMAL
2026-08-16 03:45:00,R1,4.429,10.679,0.4148,4.429,0,0,0.0,0.4148,3,11.63,0,NORMAL
2026-08-16 03:45:00,R2,2.352,7.901,0.2976,2.352,0,0,0.0,0.2976,2,10.48,0,NORMAL
2026-08-16 04:00:00,R1,4.205,10.872,0.3868,4.205,0,0,0.0,0.3868,3,11.424,0,NORMAL
2026-08-16 04:00:00,R2,2.369,8.025,0.2952,2.369,0,0,0.0,0.2952,2,10.318,0,NORMAL
2026-08-16 04:15:00,R1,3.861,10.677,0.3616,3.861,0,0,0.0,0.3616,3,11.632,0,NORMAL
2026-08-16 04:15:00,R2,2.067,7.99,0.2587,2.067,0,0,0.0,0.2587,2,10.363,0,NORMAL
2026-08-16 04:30:00,R1,4.189,11.598,0.3612,4.189,0,0,0.0,0.3612,3,10.709,0,NORMAL
2026-08-16 04:30:00,R2,2.425,8.09,0.2997,2.425,0,0,0.0,0.2997,2,10.235,0,NORMAL
2026-08-16 04:45:00,R1,4.586,10.416,0.4403,4.586,0,0,0.0,0.4403,3,11.924,0,NORMAL
2026-08-16 04:45:00,R2,2.07,7.626,0.2715,2.07,0,0,0.0,0.2715,2,10.858,0,NORMAL
2026-08-16 05:00:00,R1,4.531,10.67,0.4247,4.531,0,0,0.0,0.4247,3,11.64,0,NORMAL
2026-08-16 05:00:00,R2,2.537,8.682,0.2923,2.537,0,0,0.0,0.2923,2,9.538,0,NORMAL
2026-08-16 05:15:00,R1,4.554,11.15,0.4085,4.554,0,0,0.0,0.4085,3,11.139,0,NORMAL
2026-08-16 05:15:00,R2,2.125,8.091,0.2626,2.125,0,0,0.0,0.2626,2,10.234,0,NORMAL
2026-08-16 05:30:00,R1,4.256,10.848,0.3923,4.256,0,0,0.0,0.3923,3,11.449,0,NORMAL
2026-08-16 05:30:00,R2,2.324,7.8,0.298,2.324,0,0,0.0,0.298,2,10.615,0,NORMAL
2026-08-16 05:45:00,R1,4.616,10.836,0.426,4.616,0,0,0.0,0.426,3,11.461,0,NORMAL
2026-08-16 05:45:00,R2,2.294,7.94,0.2889,2.294,0,0,0.0,0.2889,2,10.429,0,NORMAL
2026-08-16 06:00:00,R1,5.996,11.44,0.5241,5.996,0,0,0.0,0.5241,3,10.857,0,NORMAL
2026-08-16 06:00:00,R2,2.757,8.525,0.3235,2.757,0,0,0.0,0.3235,2,9.713,0,NORMAL
2026-08-16 06:15:00,R1,6.013,10.567,0.569,6.013,0,0,0.0,0.569,3,11.754,0,NORMAL
2026-08-16 06:15:00,R2,2.834,7.91,0.3583,2.834,0,0,0.0,0.3583,2,10.467,0,NORMAL
2026-08-16 06:30:00,R1,5.51,10.114,0.5448,5.51,0,0,0.0,0.5448,3,12.28,0,NORMAL
2026-08-16 06:30:00,R2,2.95,3.92,0.7526,2.95,0,0,0.0,0.7526,1,10.561,0,WARNING
2026-08-16 06:45:00,R1,5.435,10.623,0.5116,5.435,0,0,0.0,0.5116,3,11.691,0,NORMAL
2026-08-16 06:45:00,R2,2.597,8.0,0.3246,2.597,0,0,0.0,0.3246,2,10.349,0,NORMAL
2026-08-16 07:00:00,R1,5.556,10.103,0.55,5.556,0,0,0.0,0.55,3,12.293,0,NORMAL
2026-08-16 07:00:00,R2,2.768,8.206,0.3373,2.768,0,0,0.0,0.3373,2,10.09,0,NORMAL
2026-08-16 07:15:00,R1,5.805,10.741,0.5404,5.805,0,0,0.0,0.5404,3,11.563,0,NORMAL
2026-08-16 07:15:00,R2,2.656,8.047,0.33,2.656,0,0,0.0,0.33,2,10.29,0,NORMAL
2026-08-16 07:30:00,R1,5.647,10.14,0.557,5.647,0,0,0.0,0.557,3,12.249,0,NORMAL
2026-08-16 07:30:00,R2,2.808,8.465,0.3317,2.808,0,0,0.0,0.3317,2,9.781,0,NORMAL
2026-08-16 07:45:00,R1,6.038,6.852,0.8811,6.038,0,0,0.0,0.8811,2,12.084,0,WARNING
2026-08-16 07:45:00,R2,2.939,8.172,0.3597,2.939,0,0,0.0,0.3597,2,10.133,0,NORMAL
2026-08-16 08:00:00,R1,5.218,10.888,0.4792,5.218,0,0,0.0,0.4792,3,11.407,0,NORMAL
2026-08-16 08:00:00,R2,2.355,7.837,0.3005,2.355,0,0,0.0,0.3005,2,10.565,0,NORMAL
2026-08-16 08:15:00,R1,5.619,10.715,0.5243,5.619,0,0,0.0,0.5243,3,11.591,0,NORMAL
2026-08-16 08:15:00,R2,2.756,8.166,0.3375,2.756,0,0,0.0,0.3375,2,10.14,0,NORMAL
2026-08-16 08:30:00,R1,5.498,10.672,0.5152,5.498,0,0,0.0,0.5152,3,11.638,0,NORMAL
2026-08-16 08:30:00,R2,2.435,8.734,0.2788,2.435,0,0,0.0,0.2788,2,9.48,0,NORMAL
2026-08-16 08:45:00,R1,5.518,9.948,0.5547,5.518,0,0,0.0,0.5547,3,12.485,0,NORMAL
2026-08-16 08:45:00,R2,2.53,7.509,0.3369,2.53,0,0,0.0,0.3369,2,11.027,0,NORMAL
2026-08-16 09:00:00,R1,5.693,10.572,0.5384,5.693,0,0,0.0,0.5384,3,11.748,0,NORMAL
2026-08-16 09:00:00,R2,2.884,8.151,0.3538,2.884,0,0,0.0,0.3538,2,10.159,0,NORMAL
2026-08-16 09:15:00,R1,5.264,10.339,0.5091,5.264,0,0,0.0,0.5091,3,12.012,0,NORMAL
2026-08-16 09:15:00,R2,2.553,7.807,0.3271,2.553,0,0,0.0,0.3271,2,10.606,0,NORMAL
2026-08-16 09:30:00,R1,6.193,11.079,0.5589,6.193,0,0,0.0,0.5589,3,11.21,0,NORMAL
2026-08-16 09:30:00,R2,2.651,8.221,0.3225,2.651,0,0,0.0,0.3225,2,10.072,0,NORMAL
2026-08-16 09:45:00,R1,5.847,11.305,0.5172,5.847,0,0,0.0,0.5172,3,10.986,0,NORMAL
2026-08-16 09:45:00,R2,2.469,8.452,0.2922,2.469,0,0,0.0,0.2922,2,9.796,0,NORMAL
2026-08-16 10:00:00,R1,5.5,10.455,0.526,5.5,0,0,0.0,0.526,3,11.879,0,NORMAL
2026-08-16 10:00:00,R2,2.64,8.295,0.3182,2.64,0,0,0.0,0.3182,2,9.982,0,NORMAL
2026-08-16 10:15:00,R1,5.447,11.028,0.4939,5.447,0,0,0.0,0.4939,3,11.262,0,NORMAL
2026-08-16 10:15:00,R2,2.814,8.145,0.3455,2.814,0,0,0.0,0.3455,2,10.166,0,NORMAL
2026-08-16 10:30:00,R1,5.963,10.524,0.5666,5.963,0,0,0.0,0.5666,3,11.801,0,NORMAL
2026-08-16 10:30:00,R2,2.876,7.853,0.3662,2.876,0,0,0.0,0.3662,2,10.544,0,NORMAL
2026-08-16 10:45:00,R1,5.019,10.066,0.4986,5.019,0,0,0.0,0.4986,3,12.339,0,NORMAL
2026-08-16 10:45:00,R2,2.546,8.54,0.2981,2.546,0,0,0.0,0.2981,2,9.695,0,NORMAL
2026-08-16 11:00:00,R1,5.567,10.935,0.5091,5.567,0,0,0.0,0.5091,3,11.358,0,NORMAL
2026-08-16 11:00:00,R2,2.375,8.308,0.2858,2.375,0,0,0.0,0.2858,2,9.966,0,NORMAL
2026-08-16 11:15:00,R1,5.505,10.429,0.5279,5.505,0,0,0.0,0.5279,3,11.909,0,NORMAL
2026-08-16 11:15:00,R2,2.252,7.784,0.2893,2.252,0,0,0.0,0.2893,2,10.637,0,NORMAL
2026-08-16 11:30:00,R1,5.441,10.841,0.5018,5.441,0,0,0.0,0.5018,3,11.456,0,NORMAL
2026-08-16 11:30:00,R2,2.522,7.665,0.329,2.522,0,0,0.0,0.329,2,10.802,0,NORMAL
2026-08-16 11:45:00,R1,4.871,10.933,0.4455,4.871,0,0,0.0,0.4455,3,11.36,0,NORMAL
2026-08-16 11:45:00,R2,2.635,7.721,0.3412,2.635,0,0,0.0,0.3412,2,10.724,0,NORMAL
2026-08-16 12:00:00,R1,5.684,10.793,0.5266,5.684,0,0,0.0,0.5266,3,11.507,0,NORMAL
2026-08-16 12:00:00,R2,2.893,7.901,0.3662,2.893,0,0,0.0,0.3662,2,10.48,0,NORMAL
2026-08-16 12:15:00,R1,5.855,11.87,0.4932,5.855,0,0,0.0,0.4932,3,10.463,0,NORMAL
2026-08-16 12:15:00,R2,2.267,8.233,0.2754,2.267,0,0,0.0,0.2754,2,10.057,0,NORMAL
2026-08-16 12:30:00,R1,5.663,6.529,0.8674,5.663,0,0,0.0,0.8674,2,12.683,0,WARNING
2026-08-16 12:30:00,R2,2.794,8.364,0.334,2.794,0,0,0.0,0.334,2,9.9,0,NORMAL
2026-08-16 12:45:00,R1,5.42,11.137,0.4867,5.42,0,0,0.0,0.4867,3,11.152,0,NORMAL
2026-08-16 12:45:00,R2,2.551,8.549,0.2985,2.551,0,0,0.0,0.2985,2,9.686,0,NORMAL
2026-08-16 13:00:00,R1,6.265,10.758,0.5823,6.265,0,0,0.0,0.5823,3,11.545,0,NORMAL
2026-08-16 13:00:00,R2,2.121,4.105,0.5168,2.121,0,0,0.0,0.5168,1,10.085,0,NORMAL
2026-08-16 13:15:00,R1,5.174,11.534,0.4486,5.174,0,0,0.0,0.4486,3,10.769,0,NORMAL
2026-08-16 13:15:00,R2,2.401,7.939,0.3025,2.401,0,0,0.0,0.3025,2,10.43,0,NORMAL
2026-08-16 13:30:00,R1,5.79,6.725,0.861,5.79,0,0,0.0,0.861,2,12.313,0,WARNING
2026-08-16 13:30:00,R2,2.296,8.194,0.2802,2.296,0,0,0.0,0.2802,2,10.105,0,NORMAL
2026-08-16 13:45:00,R1,5.215,10.704,0.4872,5.215,0,0,0.0,0.4872,3,11.604,0,NORMAL
2026-08-16 13:45:00,R2,2.025,7.772,0.2605,2.025,0,0,0.0,0.2605,2,10.653,0,NORMAL
2026-08-16 14:00:00,R1,5.609,10.473,0.5356,5.609,0,0,0.0,0.5356,3,11.859,0,NORMAL
2026-08-16 14:00:00,R2,2.161,8.133,0.2657,2.161,0,0,0.0,0.2657,2,10.181,0,NORMAL
2026-08-16 14:15:00,R1,5.909,11.088,0.5329,5.909,0,0,0.0,0.5329,3,11.201,0,NORMAL
2026-08-16 14:15:00,R2,2.516,8.286,0.3036,2.516,0,0,0.0,0.3036,2,9.993,0,NORMAL
2026-08-16 14:30:00,R1,6.008,10.691,0.562,6.008,0,0,0.0,0.562,3,11.618,0,NORMAL
2026-08-16 14:30:00,R2,2.444,7.652,0.3194,2.444,0,0,0.0,0.3194,2,10.82,0,NORMAL
2026-08-16 14:45:00,R1,6.307,10.217,0.6173,6.307,0,0,0.0,0.6173,3,12.156,0,NORMAL
2026-08-16 14:45:00,R2,2.503,8.353,0.2996,2.503,0,0,0.0,0.2996,2,9.913,0,NORMAL
2026-08-16 15:00:00,R1,5.658,10.612,0.5332,5.658,0,0,0.0,0.5332,3,11.704,0,NORMAL
2026-08-16 15:00:00,R2,2.378,8.287,0.287,2.378,0,0,0.0,0.287,2,9.992,0,NORMAL
2026-08-16 15:15:00,R1,6.235,10.766,0.5791,6.235,0,0,0.0,0.5791,3,11.537,0,NORMAL
2026-08-16 15:15:00,R2,2.592,8.274,0.3132,2.592,0,0,0.0,0.3132,2,10.007,0,NORMAL
2026-08-16 15:30:00,R1,6.533,8.141,0.8025,6.533,0,0,0.0,0.8025,3,15.255,0,WARNING
2026-08-16 15:30:00,R2,2.288,7.802,0.2933,2.288,0,0,0.0,0.2933,2,10.613,0,NORMAL
2026-08-16 15:45:00,R1,5.545,8.088,0.6855,5.545,0,0,0.0,0.6855,3,15.356,0,NORMAL
2026-08-16 15:45:00,R2,1.973,8.055,0.245,1.973,0,0,0.0,0.245,2,10.279,0,NORMAL
2026-08-16 16:00:00,R1,5.679,8.353,0.6799,5.679,0,0,0.0,0.6799,3,14.869,0,NORMAL
2026-08-16 16:00:00,R2,2.352,7.929,0.2966,2.352,0,0,0.0,0.2966,2,10.442,0,NORMAL
2026-08-16 16:15:00,R1,5.834,8.542,0.683,5.834,0,0,0.0,0.683,3,14.54,0,NORMAL
2026-08-16 16:15:00,R2,2.319,8.418,0.2755,2.319,0,0,0.0,0.2755,2,9.836,0,NORMAL
2026-08-16 16:30:00,R1,5.399,8.033,0.6721,5.399,0,0,0.0,0.6721,3,15.461,0,NORMAL
2026-08-16 16:30:00,R2,2.613,8.036,0.3251,2.613,0,0,0.0,0.3251,2,10.304,0,NORMAL
2026-08-16 16:45:00,R1,5.496,10.396,0.5287,5.496,0,0,0.0,0.5287,3,11.947,0,NORMAL
2026-08-16 16:45:00,R2,2.1,8.169,0.257,2.1,0,0,0.0,0.257,2,10.135,0,NORMAL
2026-08-16 17:00:00,R1,6.641,9.889,0.6716,6.641,0,0,0.0,0.6716,3,12.56,0,NORMAL
2026-08-16 17:00:00,R2,2.379,8.195,0.2903,2.379,0,0,0.0,0.2903,2,10.104,0,NORMAL
2026-08-16 17:15:00,R1,5.975,11.358,0.526,5.975,0,0,0.0,0.526,3,10.935,0,NORMAL
2026-08-16 17:15:00,R2,2.491,8.538,0.2917,2.491,0,0,0.0,0.2917,2,9.698,0,NORMAL
2026-08-16 17:30:00,R1,5.629,10.344,0.5442,5.629,0,0,0.0,0.5442,3,12.006,0,NORMAL
2026-08-16 17:30:00,R2,2.487,8.802,0.2826,2.487,0,0,0.0,0.2826,2,9.407,0,NORMAL
2026-08-16 17:45:00,R1,5.458,10.667,0.5117,5.458,0,0,0.0,0.5117,3,11.644,0,NORMAL
2026-08-16 17:45:00,R2,2.593,7.885,0.3288,2.593,0,0,0.0,0.3288,2,10.501,0,NORMAL
2026-08-16 18:00:00,R1,5.73,10.899,0.5257,5.73,0,0,0.0,0.5257,3,11.396,0,NORMAL
2026-08-16 18:00:00,R2,2.01,8.29,0.2424,2.01,0,0,0.0,0.2424,2,9.988,0,NORMAL
2026-08-16 18:15:00,R1,5.801,10.333,0.5614,5.801,0,0,0.0,0.5614,3,12.02,0,NORMAL
2026-08-16 18:15:00,R2,2.669,8.434,0.3165,2.669,0,0,0.0,0.3165,2,9.818,0,NORMAL
2026-08-16 18:30:00,R1,5.698,10.818,0.5267,5.698,0,0,0.0,0.5267,3,11.48,0,NORMAL
2026-08-16 18:30:00,R2,2.386,7.936,0.3006,2.386,0,0,0.0,0.3006,2,10.433,0,NORMAL
2026-08-16 18:45:00,R1,5.539,11.248,0.4925,5.539,0,0,0.0,0.4925,3,11.042,0,NORMAL
2026-08-16 18:45:00,R2,2.393,8.061,0.2969,2.393,0,0,0.0,0.2969,2,10.272,0,NORMAL
2026-08-16 19:00:00,R1,5.3,10.411,0.509,5.3,0,0,0.0,0.509,3,11.93,0,NORMAL
2026-08-16 19:00:00,R2,2.288,8.479,0.2699,2.288,0,0,0.0,0.2699,2,9.765,0,NORMAL
2026-08-16 19:15:00,R1,4.885,11.377,0.4294,4.885,0,0,0.0,0.4294,3,10.917,0,NORMAL
2026-08-16 19:15:00,R2,2.555,8.346,0.3062,2.555,0,0,0.0,0.3062,2,9.921,0,NORMAL
2026-08-16 19:30:00,R1,5.248,10.796,0.4861,5.248,0,0,0.0,0.4861,3,11.504,0,NORMAL
2026-08-16 19:30:00,R2,2.039,8.31,0.2454,2.039,0,0,0.0,0.2454,2,9.964,0,NORMAL
2026-08-16 19:45:00,R1,6.386,11.011,0.5799,6.386,0,0,0.0,0.5799,3,11.279,0,NORMAL
2026-08-16 19:45:00,R2,2.633,8.523,0.3089,2.633,0,0,0.0,0.3089,2,9.715,0,NORMAL
2026-08-16 20:00:00,R1,5.973,10.522,0.5677,5.973,0,0,0.0,0.5677,3,11.803,0,NORMAL
2026-08-16 20:00:00,R2,2.597,7.533,0.3448,2.597,0,0,0.0,0.3448,2,10.991,0,NORMAL
2026-08-16 20:15:00,R1,5.627,7.793,0.722,5.627,0,0,0.0,0.722,2,10.624,0,NORMAL
2026-08-16 20:15:00,R2,2.572,8.177,0.3146,2.572,0,0,0.0,0.3146,2,10.126,0,NORMAL
2026-08-16 20:30:00,R1,5.479,10.533,0.5202,5.479,0,0,0.0,0.5202,3,11.792,0,NORMAL
2026-08-16 20:30:00,R2,2.691,7.819,0.3442,2.691,0,0,0.0,0.3442,2,10.59,0,NORMAL
2026-08-16 20:45:00,R1,6.378,10.61,0.6012,6.378,0,0,0.0,0.6012,3,11.706,0,NORMAL
2026-08-16 20:45:00,R2,2.774,7.301,0.3799,2.774,0,0,0.0,0.3799,2,11.341,0,NORMAL
2026-08-16 21:00:00,R1,5.974,10.876,0.5493,5.974,0,0,0.0,0.5493,3,11.419,0,NORMAL
2026-08-16 21:00:00,R2,2.938,4.142,0.7094,2.938,0,0,0.0,0.7094,1,9.996,0,NORMAL
2026-08-16 21:15:00,R1,5.456,11.253,0.4848,5.456,0,0,0.0,0.4848,3,11.037,0,NORMAL
2026-08-16 21:15:00,R2,2.646,8.333,0.3176,2.646,0,0,0.0,0.3176,2,9.936,0,NORMAL
2026-08-16 21:30:00,R1,6.345,11.136,0.5698,6.345,0,0,0.0,0.5698,3,11.153,0,NORMAL
2026-08-16 21:30:00,R2,2.534,8.183,0.3097,2.534,0,0,0.0,0.3097,2,10.119,0,NORMAL
2026-08-16 21:45:00,R1,6.029,11.017,0.5473,6.029,0,0,0.0,0.5473,3,11.274,0,NORMAL
2026-08-16 21:45:00,R2,2.953,8.303,0.3556,2.953,0,0,0.0,0.3556,2,9.972,0,NORMAL
2026-08-16 22:00:00,R1,4.358,10.704,0.4071,4.358,0,0,0.0,0.4071,3,11.603,0,NORMAL
2026-08-16 22:00:00,R2,2.277,8.394,0.2712,2.277,0,0,0.0,0.2712,2,9.865,0,NORMAL
2026-08-16 22:15:00,R1,4.102,10.69,0.3837,4.102,0,0,0.0,0.3837,3,11.619,0,NORMAL
2026-08-16 22:15:00,R2,1.64,8.642,0.1897,1.64,0,0,0.0,0.1897,2,9.581,0,NORMAL
2026-08-16 22:30:00,R1,4.489,10.154,0.442,4.489,0,0,0.0,0.442,3,12.231,0,NORMAL
2026-08-16 22:30:00,R2,1.983,8.103,0.2447,1.983,0,0,0.0,0.2447,2,10.218,0,NORMAL
2026-08-16 22:45:00,R1,3.954,11.165,0.3541,3.954,0,0,0.0,0.3541,3,11.124,0,NORMAL
2026-08-16 22:45:00,R2,2.181,7.585,0.2875,2.181,0,0,0.0,0.2875,2,10.916,0,NORMAL
2026-08-16 23:00:00,R1,4.006,11.305,0.3544,4.006,0,0,0.0,0.3544,3,10.987,0,NORMAL
2026-08-16 23:00:00,R2,1.769,8.236,0.2148,1.769,0,0,0.0,0.2148,2,10.053,0,NORMAL
2026-08-16 23:15:00,R1,4.018,10.382,0.387,4.018,0,0,0.0,0.387,3,11.963,0,NORMAL
2026-08-16 23:15:00,R2,2.214,7.956,0.2783,2.214,0,0,0.0,0.2783,2,10.407,0,NORMAL
2026-08-16 23:30:00,R1,4.63,10.269,0.4508,4.63,0,0,0.0,0.4508,3,12.095,0,NORMAL
2026-08-16 23:30:00,R2,2.423,8.019,0.3021,2.423,0,0,0.0,0.3021,2,10.325,0,NORMAL
2026-08-16 23:45:00,R1,3.44,10.141,0.3392,3.44,0,0,0.0,0.3392,3,12.247,0,NORMAL
2026-08-16 23:45:00,R2,2.329,8.247,0.2824,2.329,0,0,0.0,0.2824,2,10.039,0,NORMAL
2026-08-17 00:00:00,R1,5.01,11.003,0.4553,5.01,0,0,0.0,0.4553,3,11.288,0,NORMAL
2026-08-17 00:00:00,R2,2.643,7.95,0.3325,2.643,0,0,0.0,0.3325,2,10.415,0,NORMAL
2026-08-17 00:15:00,R1,5.536,6.731,0.8225,5.536,0,0,0.0,0.8225,2,12.301,0,WARNING
2026-08-17 00:15:00,R2,2.376,8.327,0.2854,2.376,0,0,0.0,0.2854,2,9.944,0,NORMAL
2026-08-17 00:30:00,R1,5.339,11.326,0.4714,5.339,0,0,0.0,0.4714,3,10.966,0,NORMAL
2026-08-17 00:30:00,R2,2.751,8.171,0.3367,2.751,0,0,0.0,0.3367,2,10.134,0,NORMAL
2026-08-17 00:45:00,R1,5.115,10.289,0.4972,5.115,0,0,0.0,0.4972,3,12.072,0,NORMAL
2026-08-17 00:45:00,R2,2.277,8.213,0.2773,2.277,0,0,0.0,0.2773,2,10.081,0,NORMAL
2026-08-17 01:00:00,R1,5.38,10.128,0.5312,5.38,0,0,0.0,0.5312,3,12.263,0,NORMAL
2026-08-17 01:00:00,R2,2.561,8.366,0.3062,2.561,0,0,0.0,0.3062,2,9.897,0,NORMAL
2026-08-17 01:15:00,R1,5.132,11.304,0.454,5.132,0,0,0.0,0.454,3,10.988,0,NORMAL
2026-08-17 01:15:00,R2,2.641,7.931,0.333,2.641,0,0,0.0,0.333,2,10.441,0,NORMAL
2026-08-17 01:30:00,R1,5.874,11.101,0.5292,5.874,0,0,0.0,0.5292,3,11.188,0,NORMAL
2026-08-17 01:30:00,R2,2.754,8.237,0.3343,2.754,0,0,0.0,0.3343,2,10.052,0,NORMAL
2026-08-17 01:45:00,R1,4.918,11.356,0.4331,4.918,0,0,0.0,0.4331,3,10.937,0,NORMAL
2026-08-17 01:45:00,R2,2.26,7.567,0.2987,2.26,0,0,0.0,0.2987,2,10.942,0,NORMAL
2026-08-17 02:00:00,R1,5.317,10.948,0.4856,5.317,0,0,0.0,0.4856,3,11.345,0,NORMAL
2026-08-17 02:00:00,R2,2.137,8.065,0.265,2.137,0,0,0.0,0.265,2,10.267,0,NORMAL
2026-08-17 02:15:00,R1,5.775,10.593,0.5452,5.775,0,0,0.0,0.5452,3,11.725,0,NORMAL
2026-08-17 02:15:00,R2,2.953,8.116,0.3638,2.953,0,0,0.0,0.3638,2,10.202,0,NORMAL
2026-08-17 02:30:00,R1,4.466,10.887,0.4102,4.466,0,0,0.0,0.4102,3,11.408,0,NORMAL
2026-08-17 02:30:00,R2,2.605,7.827,0.3328,2.605,0,0,0.0,0.3328,2,10.579,0,NORMAL
2026-08-17 02:45:00,R1,5.88,6.749,0.8713,5.88,0,0,0.0,0.8713,2,12.269,0,WARNING
2026-08-17 02:45:00,R2,2.526,8.395,0.3009,2.526,0,0,0.0,0.3009,2,9.863,0,NORMAL
2026-08-17 03:00:00,R1,5.328,10.987,0.485,5.328,0,0,0.0,0.485,3,11.304,0,NORMAL
2026-08-17 03:00:00,R2,2.607,8.552,0.3048,2.607,0,0,0.0,0.3048,2,9.681,0,NORMAL
2026-08-17 03:15:00,R1,5.645,10.5,0.5376,5.645,0,0,0.0,0.5376,3,11.829,0,NORMAL
2026-08-17 03:15:00,R2,2.544,8.153,0.3121,2.544,0,0,0.0,0.3121,2,10.156,0,NORMAL
2026-08-17 03:30:00,R1,5.313,11.14,0.4769,5.313,0,0,0.0,0.4769,3,11.149,0,NORMAL
2026-08-17 03:30:00,R2,2.693,8.164,0.3299,2.693,0,0,0.0,0.3299,2,10.142,0,NORMAL
2026-08-17 03:45:00,R1,4.938,10.904,0.4528,4.938,0,0,0.0,0.4528,3,11.39,0,NORMAL
2026-08-17 03:45:00,R2,2.747,8.206,0.3347,2.747,0,0,0.0,0.3347,2,10.09,0,NORMAL
2026-08-17 04:00:00,R1,5.077,11.145,0.4556,5.077,0,0,0.0,0.4556,3,11.144,0,NORMAL
2026-08-17 04:00:00,R2,2.27,4.064,0.5586,2.27,0,0,0.0,0.5586,1,10.188,0,NORMAL
2026-08-17 04:15:00,R1,5.445,11.41,0.4772,5.445,0,0,0.0,0.4772,3,10.885,0,NORMAL
2026-08-17 04:15:00,R2,2.258,7.809,0.2892,2.258,0,0,0.0,0.2892,2,10.604,0,NORMAL
2026-08-17 04:30:00,R1,5.451,10.461,0.5211,5.451,0,0,0.0,0.5211,3,11.873,0,NORMAL
2026-08-17 04:30:00,R2,2.702,7.853,0.3441,2.702,0,0,0.0,0.3441,2,10.544,0,NORMAL
2026-08-17 04:45:00,R1,4.945,11.495,0.4302,4.945,0,0,0.0,0.4302,3,10.805,0,NORMAL
2026-08-17 04:45:00,R2,3.009,8.113,0.3709,3.009,0,0,0.0,0.3709,2,10.206,0,NORMAL
2026-08-17 05:00:00,R1,5.001,10.603,0.4716,5.001,0,0,0.0,0.4716,3,11.713,0,NORMAL
2026-08-17 05:00:00,R2,2.619,8.126,0.3223,2.619,0,0,0.0,0.3223,2,10.19,0,NORMAL
2026-08-17 05:15:00,R1,5.458,11.039,0.4944,5.458,0,0,0.0,0.4944,3,11.251,0,NORMAL
2026-08-17 05:15:00,R2,2.653,7.923,0.3349,2.653,0,0,0.0,0.3349,2,10.451,0,NORMAL
2026-08-17 05:30:00,R1,5.698,10.636,0.5357,5.698,0,0,0.0,0.5357,3,11.677,0,NORMAL
2026-08-17 05:30:00,R2,2.587,8.677,0.2981,2.587,0,0,0.0,0.2981,2,9.543,0,NORMAL
2026-08-17 05:45:00,R1,5.501,10.363,0.5308,5.501,0,0,0.0,0.5308,3,11.985,0,NORMAL
2026-08-17 05:45:00,R2,2.678,7.802,0.3432,2.678,0,0,0.0,0.3432,2,10.612,0,NORMAL
2026-08-17 06:00:00,R1,6.535,10.616,0.6155,6.535,0,0,0.0,0.6155,3,11.7,0,NORMAL
2026-08-17 06:00:00,R2,3.387,7.488,0.4523,3.387,0,0,0.0,0.4523,2,11.057,0,NORMAL
2026-08-17 06:15:00,R1,6.604,10.833,0.6096,6.604,0,0,0.0,0.6096,3,11.465,0,NORMAL
2026-08-17 06:15:00,R2,3.424,7.762,0.4411,3.424,0,0,0.0,0.4411,2,10.667,0,NORMAL
2026-08-17 06:30:00,R1,6.778,10.709,0.6329,6.778,0,0,0.0,0.6329,3,11.597,0,NORMAL
2026-08-17 06:30:00,R2,3.516,8.214,0.428,3.516,0,0,0.0,0.428,2,10.08,0,NORMAL
2026-08-17 06:45:00,R1,6.368,10.927,0.5828,6.368,0,0,0.0,0.5828,3,11.366,0,NORMAL
2026-08-17 06:45:00,R2,3.452,8.461,0.408,3.452,0,0,0.0,0.408,2,9.786,0,NORMAL
2026-08-17 07:00:00,R1,6.662,10.49,0.6351,6.662,0,0,0.0,0.6351,3,11.84,0,NORMAL
2026-08-17 07:00:00,R2,2.913,4.094,0.7115,2.913,0,0,0.0,0.7115,1,10.112,0,NORMAL
2026-08-17 07:15:00,R1,7.069,10.453,0.6763,7.069,0,0,0.0,0.6763,3,11.882,0,NORMAL
2026-08-17 07:15:00,R2,3.442,8.218,0.4189,3.442,0,0,0.0,0.4189,2,10.075,0,NORMAL
2026-08-17 07:30:00,R1,6.805,10.775,0.6316,6.805,0,0,0.0,0.6316,3,11.527,0,NORMAL
2026-08-17 07:30:00,R2,3.167,8.071,0.3924,3.167,0,0,0.0,0.3924,2,10.259,0,NORMAL
2026-08-17 07:45:00,R1,6.425,10.397,0.618,6.425,0,0,0.0,0.618,3,11.946,0,NORMAL
2026-08-17 07:45:00,R2,3.281,8.018,0.4092,3.281,0,0,0.0,0.4092,2,10.327,0,NORMAL
2026-08-17 08:00:00,R1,7.062,10.004,0.7059,7.062,0,0,0.0,0.7059,3,12.415,0,NORMAL
2026-08-17 08:00:00,R2,2.945,8.107,0.3633,2.945,0,0,0.0,0.3633,2,10.214,0,NORMAL
2026-08-17 08:15:00,R1,7.017,11.351,0.6182,7.017,0,0,0.0,0.6182,3,10.942,0,NORMAL
2026-08-17 08:15:00,R2,3.194,8.14,0.3924,3.194,0,0,0.0,0.3924,2,10.172,0,NORMAL
2026-08-17 08:30:00,R1,7.155,10.43,0.686,7.155,0,0,0.0,0.686,3,11.908,0,NORMAL
2026-08-17 08:30:00,R2,2.777,4.208,0.66,2.777,0,0,0.0,0.66,1,9.839,0,NORMAL
2026-08-17 08:45:00,R1,6.641,10.719,0.6196,6.641,0,0,0.0,0.6196,3,11.587,0,NORMAL
2026-08-17 08:45:00,R2,3.349,8.012,0.418,3.349,0,0,0.0,0.418,2,10.335,0,NORMAL
2026-08-17 09:00:00,R1,6.869,11.025,0.623,6.869,0,0,0.0,0.623,3,11.265,0,NORMAL
2026-08-17 09:00:00,R2,3.192,8.206,0.389,3.192,0,0,0.0,0.389,2,10.091,0,NORMAL
2026-08-17 09:15:00,R1,6.81,10.781,0.6316,6.81,0,0,0.0,0.6316,3,11.52,0,NORMAL
2026-08-17 09:15:00,R2,2.883,7.545,0.3821,2.883,0,0,0.0,0.3821,2,10.974,0,NORMAL
2026-08-17 09:30:00,R1,6.865,11.06,0.6208,6.865,0,0,0.0,0.6208,3,11.23,0,NORMAL
2026-08-17 09:30:00,R2,2.781,8.277,0.336,2.781,0,0,0.0,0.336,2,10.004,0,NORMAL
2026-08-17 09:45:00,R1,6.952,10.382,0.6696,6.952,0,0,0.0,0.6696,3,11.963,0,NORMAL
2026-08-17 09:45:00,R2,3.116,8.114,0.384,3.116,0,0,0.0,0.384,2,10.205,0,NORMAL
2026-08-17 10:00:00,R1,7.045,11.168,0.6309,7.045,0,0,0.0,0.6309,3,11.121,0,NORMAL
2026-08-17 10:00:00,R2,3.012,7.792,0.3865,3.012,0,0,0.0,0.3865,2,10.626,0,NORMAL
2026-08-17 10:15:00,R1,7.14,11.111,0.6426,7.14,0,0,0.0,0.6426,3,11.178,0,NORMAL
2026-08-17 10:15:00,R2,2.819,8.208,0.3434,2.819,0,0,0.0,0.3434,2,10.088,0,NORMAL
2026-08-17 10:30:00,R1,6.8,10.799,0.6297,6.8,0,0,0.0,0.6297,3,11.501,0,NORMAL
2026-08-17 10:30:00,R2,3.271,7.963,0.4108,3.271,0,0,0.0,0.4108,2,10.399,0,NORMAL
2026-08-17 10:45:00,R1,6.723,11.026,0.6097,6.723,0,0,0.0,0.6097,3,11.265,0,NORMAL
2026-08-17 10:45:00,R2,2.925,7.842,0.373,2.925,0,0,0.0,0.373,2,10.558,0,NORMAL
2026-08-17 11:00:00,R1,7.97,11.141,0.7154,7.97,0,0,0.0,0.7154,3,11.148,0,NORMAL
2026-08-17 11:00:00,R2,2.947,7.809,0.3774,2.947,0,0,0.0,0.3774,2,10.604,0,NORMAL
2026-08-17 11:15:00,R1,6.636,10.433,0.6361,6.636,0,0,0.0,0.6361,3,11.905,0,NORMAL
2026-08-17 11:15:00,R2,3.23,8.232,0.3924,3.23,0,0,0.0,0.3924,2,10.058,0,NORMAL
2026-08-17 11:30:00,R1,6.161,7.354,0.8378,6.161,0,0,0.0,0.8378,2,11.259,0,WARNING
2026-08-17 11:30:00,R2,2.504,7.895,0.3172,2.504,0,0,0.0,0.3172,2,10.488,0,NORMAL
2026-08-17 11:45:00,R1,5.668,11.116,0.5099,5.668,0,0,0.0,0.5099,3,11.173,0,NORMAL
2026-08-17 11:45:00,R2,3.268,7.741,0.4221,3.268,0,0,0.0,0.4221,2,10.696,0,NORMAL
2026-08-17 12:00:00,R1,7.239,10.523,0.6879,7.239,0,0,0.0,0.6879,3,11.803,0,NORMAL
2026-08-17 12:00:00,R2,3.018,7.877,0.3832,3.018,0,0,0.0,0.3832,2,10.511,0,NORMAL
2026-08-17 12:15:00,R1,7.17,10.893,0.6582,7.17,0,0,0.0,0.6582,3,11.402,0,NORMAL
2026-08-17 12:15:00,R2,2.566,8.232,0.3117,2.566,0,0,0.0,0.3117,2,10.058,0,NORMAL
2026-08-17 12:30:00,R1,7.483,11.22,0.6669,7.483,0,0,0.0,0.6669,3,11.07,0,NORMAL
2026-08-17 12:30:00,R2,2.717,7.814,0.3476,2.717,0,0,0.0,0.3476,2,10.596,0,NORMAL
2026-08-17 12:45:00,R1,7.539,10.42,0.7235,7.539,0,0,0.0,0.7235,3,11.919,0,NORMAL
2026-08-17 12:45:00,R2,2.85,8.224,0.3466,2.85,0,0,0.0,0.3466,2,10.068,0,NORMAL
2026-08-17 13:00:00,R1,6.616,11.071,0.5976,6.616,0,0,0.0,0.5976,3,11.219,0,NORMAL
2026-08-17 13:00:00,R2,2.967,8.151,0.364,2.967,0,0,0.0,0.364,2,10.158,0,NORMAL
2026-08-17 13:15:00,R1,6.739,10.85,0.6211,6.739,0,0,0.0,0.6211,3,11.447,0,NORMAL
2026-08-17 13:15:00,R2,2.418,8.095,0.2987,2.418,0,0,0.0,0.2987,2,10.229,0,NORMAL
2026-08-17 13:30:00,R1,7.039,10.529,0.6685,7.039,0,0,0.0,0.6685,3,11.796,0,NORMAL
2026-08-17 13:30:00,R2,3.257,8.181,0.3981,3.257,0,0,0.0,0.3981,2,10.121,0,NORMAL
2026-08-17 13:45:00,R1,7.478,10.971,0.6816,7.478,0,0,0.0,0.6816,3,11.321,0,NORMAL
2026-08-17 13:45:00,R2,2.646,7.821,0.3384,2.646,0,0,0.0,0.3384,2,10.587,0,NORMAL
2026-08-17 14:00:00,R1,7.291,10.801,0.675,7.291,0,0,0.0,0.675,3,11.499,0,NORMAL
2026-08-17 14:00:00,R2,2.918,8.322,0.3506,2.918,0,0,0.0,0.3506,2,9.949,0,NORMAL
2026-08-17 14:15:00,R1,7.827,6.536,1.1976,6.536,0,1.291,0.0,1.1976,2,12.669,0,HIGH
2026-08-17 14:15:00,R2,2.612,8.137,0.321,2.612,0,0,0.0,0.321,2,10.176,0,NORMAL
2026-08-17 14:30:00,R1,7.761,10.339,0.7506,9.052,1.291,0,1.873,0.8755,3,12.013,0,WARNING
2026-08-17 14:30:00,R2,2.525,8.32,0.3035,2.525,0,0,0.0,0.3035,2,9.952,0,NORMAL
2026-08-17 14:45:00,R1,7.79,10.459,0.7449,7.79,0,0,0.0,0.7449,3,11.875,0,NORMAL
2026-08-17 14:45:00,R2,2.97,7.868,0.3775,2.97,0,0,0.0,0.3775,2,10.524,0,NORMAL
2026-08-17 15:00:00,R1,7.746,10.958,0.7069,7.746,0,0,0.0,0.7069,3,11.334,0,NORMAL
2026-08-17 15:00:00,R2,2.833,8.276,0.3423,2.833,0,0,0.0,0.3423,2,10.005,0,NORMAL
2026-08-17 15:15:00,R1,7.645,11.135,0.6865,7.645,0,0,0.0,0.6865,3,11.154,0,NORMAL
2026-08-17 15:15:00,R2,2.612,8.16,0.3202,2.612,0,0,0.0,0.3202,2,10.147,0,NORMAL
2026-08-17 15:30:00,R1,7.836,11.05,0.7091,7.836,0,0,0.0,0.7091,3,11.24,0,NORMAL
2026-08-17 15:30:00,R2,2.524,7.681,0.3285,2.524,0,0,0.0,0.3285,2,10.779,0,NORMAL
2026-08-17 15:45:00,R1,7.329,10.226,0.7167,7.329,0,0,0.0,0.7167,3,12.145,0,NORMAL
2026-08-17 15:45:00,R2,2.819,8.531,0.3305,2.819,0,0,0.0,0.3305,2,9.705,0,NORMAL
2026-08-17 16:00:00,R1,7.562,11.298,0.6694,7.562,0,0,0.0,0.6694,3,10.993,0,NORMAL
2026-08-17 16:00:00,R2,2.471,8.049,0.307,2.471,0,0,0.0,0.307,2,10.287,0,NORMAL
2026-08-17 16:15:00,R1,7.11,6.329,1.1234,6.329,0,0.781,0.0,1.1234,2,13.082,0,HIGH
2026-08-17 16:15:00,R2,2.51,7.582,0.331,2.51,0,0,0.0,0.331,2,10.92,0,NORMAL
2026-08-17 16:30:00,R1,7.159,10.82,0.6617,7.94,0.781,0,1.083,0.7339,3,11.479,0,NORMAL
2026-08-17 16:30:00,R2,2.756,7.871,0.3502,2.756,0,0,0.0,0.3502,2,10.52,0,NORMAL
2026-08-17 16:45:00,R1,8.074,11.477,0.7035,8.074,0,0,0.0,0.7035,3,10.821,0,NORMAL
2026-08-17 16:45:00,R2,2.612,7.84,0.3331,2.612,0,0,0.0,0.3331,2,10.561,0,NORMAL
2026-08-17 17:00:00,R1,7.706,10.966,0.7028,7.706,0,0,0.0,0.7028,3,11.326,0,NORMAL
2026-08-17 17:00:00,R2,3.093,7.683,0.4026,3.093,0,0,0.0,0.4026,2,10.778,0,NORMAL
2026-08-17 17:15:00,R1,7.283,10.829,0.6725,7.283,0,0,0.0,0.6725,3,11.469,0,NORMAL
2026-08-17 17:15:00,R2,2.773,8.085,0.343,2.773,0,0,0.0,0.343,2,10.242,0,NORMAL
2026-08-17 17:30:00,R1,7.618,10.787,0.7062,7.618,0,0,0.0,0.7062,3,11.514,0,NORMAL
2026-08-17 17:30:00,R2,2.544,4.025,0.6321,2.544,0,0,0.0,0.6321,1,10.286,0,NORMAL
2026-08-17 17:45:00,R1,6.878,10.687,0.6436,6.878,0,0,0.0,0.6436,3,11.622,0,NORMAL
2026-08-17 17:45:00,R2,2.836,7.356,0.3855,2.836,0,0,0.0,0.3855,2,11.256,0,NORMAL
2026-08-17 18:00:00,R1,7.618,10.472,0.7274,7.618,0,0,0.0,0.7274,3,11.86,0,NORMAL
2026-08-17 18:00:00,R2,2.856,7.579,0.3768,2.856,0,0,0.0,0.3768,2,10.925,0,NORMAL
2026-08-17 18:15:00,R1,7.86,10.426,0.7539,7.86,0,0,0.0,0.7539,3,11.912,0,WARNING
2026-08-17 18:15:00,R2,3.277,8.105,0.4043,3.277,0,0,0.0,0.4043,2,10.217,0,NORMAL
2026-08-17 18:30:00,R1,6.544,10.821,0.6048,6.544,0,0,0.0,0.6048,3,11.478,0,NORMAL
2026-08-17 18:30:00,R2,2.317,7.596,0.3051,2.317,0,0,0.0,0.3051,2,10.9,0,NORMAL
2026-08-17 18:45:00,R1,8.129,10.371,0.7839,8.129,0,0,0.0,0.7839,3,11.976,0,WARNING
2026-08-17 18:45:00,R2,2.997,7.619,0.3933,2.997,0,0,0.0,0.3933,2,10.867,0,NORMAL
2026-08-17 19:00:00,R1,5.409,11.035,0.4901,5.409,0,0,0.0,0.4901,3,11.255,0,NORMAL
2026-08-17 19:00:00,R2,2.86,8.657,0.3303,2.86,0,0,0.0,0.3303,2,9.564,0,NORMAL
2026-08-17 19:15:00,R1,6.095,10.786,0.5651,6.095,0,0,0.0,0.5651,3,11.515,0,NORMAL
2026-08-17 19:15:00,R2,2.735,8.153,0.3355,2.735,0,0,0.0,0.3355,2,10.156,0,NORMAL
2026-08-17 19:30:00,R1,7.224,10.679,0.6764,7.224,0,0,0.0,0.6764,3,11.63,0,NORMAL
2026-08-17 19:30:00,R2,2.535,8.202,0.3091,2.535,0,0,0.0,0.3091,2,10.095,0,NORMAL
2026-08-17 19:45:00,R1,7.528,10.606,0.7098,7.528,0,0,0.0,0.7098,3,11.711,0,NORMAL
2026-08-17 19:45:00,R2,2.834,8.276,0.3425,2.834,0,0,0.0,0.3425,2,10.005,0,NORMAL
2026-08-17 20:00:00,R1,7.186,10.355,0.694,7.186,0,0,0.0,0.694,3,11.994,0,NORMAL
2026-08-17 20:00:00,R2,2.881,4.048,0.7116,2.881,0,0,0.0,0.7116,1,10.226,0,NORMAL
2026-08-17 20:15:00,R1,7.33,11.101,0.6604,7.33,0,0,0.0,0.6604,3,11.189,0,NORMAL
2026-08-17 20:15:00,R2,3.249,8.132,0.3995,3.249,0,0,0.0,0.3995,2,10.182,0,NORMAL
2026-08-17 20:30:00,R1,7.386,10.327,0.7152,7.386,0,0,0.0,0.7152,3,12.027,0,NORMAL
2026-08-17 20:30:00,R2,2.993,8.549,0.3501,2.993,0,0,0.0,0.3501,2,9.685,0,NORMAL
2026-08-17 20:45:00,R1,6.584,10.806,0.6093,6.584,0,0,0.0,0.6093,3,11.493,0,NORMAL
2026-08-17 20:45:00,R2,3.094,8.034,0.3851,3.094,0,0,0.0,0.3851,2,10.307,0,NORMAL
2026-08-17 21:00:00,R1,7.511,10.813,0.6946,7.511,0,0,0.0,0.6946,3,11.486,0,NORMAL
2026-08-17 21:00:00,R2,3.062,8.08,0.3789,3.062,0,0,0.0,0.3789,2,10.247,0,NORMAL
2026-08-17 21:15:00,R1,6.524,11.005,0.5929,6.524,0,0,0.0,0.5929,3,11.286,0,NORMAL
2026-08-17 21:15:00,R2,3.413,8.399,0.4064,3.413,0,0,0.0,0.4064,2,9.858,0,NORMAL
2026-08-17 21:30:00,R1,7.359,10.863,0.6774,7.359,0,0,0.0,0.6774,3,11.433,0,NORMAL
2026-08-17 21:30:00,R2,3.056,7.706,0.3966,3.056,0,0,0.0,0.3966,2,10.745,0,NORMAL
2026-08-17 21:45:00,R1,7.408,10.999,0.6735,7.408,0,0,0.0,0.6735,3,11.292,0,NORMAL
2026-08-17 21:45:00,R2,3.149,8.145,0.3866,3.149,0,0,0.0,0.3866,2,10.166,0,NORMAL
2026-08-17 22:00:00,R1,5.606,7.05,0.7952,5.606,0,0,0.0,0.7952,2,11.744,0,WARNING
2026-08-17 22:00:00,R2,2.478,8.31,0.2982,2.478,0,0,0.0,0.2982,2,9.963,0,NORMAL
2026-08-17 22:15:00,R1,5.537,10.588,0.523,5.537,0,0,0.0,0.523,3,11.73,0,NORMAL
2026-08-17 22:15:00,R2,2.356,8.803,0.2676,2.356,0,0,0.0,0.2676,2,9.406,0,NORMAL
2026-08-17 22:30:00,R1,5.087,10.654,0.4775,5.087,0,0,0.0,0.4775,3,11.658,0,NORMAL
2026-08-17 22:30:00,R2,2.077,8.421,0.2466,2.077,0,0,0.0,0.2466,2,9.833,0,NORMAL
2026-08-17 22:45:00,R1,5.744,10.711,0.5362,5.744,0,0,0.0,0.5362,3,11.595,0,NORMAL
2026-08-17 22:45:00,R2,2.249,7.816,0.2878,2.249,0,0,0.0,0.2878,2,10.594,0,NORMAL
2026-08-17 23:00:00,R1,5.078,10.818,0.4694,5.078,0,0,0.0,0.4694,3,11.481,0,NORMAL
2026-08-17 23:00:00,R2,2.395,8.158,0.2935,2.395,0,0,0.0,0.2935,2,10.15,0,NORMAL
2026-08-17 23:15:00,R1,5.311,10.814,0.4912,5.311,0,0,0.0,0.4912,3,11.485,0,NORMAL
2026-08-17 23:15:00,R2,2.386,8.0,0.2983,2.386,0,0,0.0,0.2983,2,10.35,0,NORMAL
2026-08-17 23:30:00,R1,5.794,10.108,0.5732,5.794,0,0,0.0,0.5732,3,12.288,0,NORMAL
2026-08-17 23:30:00,R2,2.762,8.191,0.3372,2.762,0,0,0.0,0.3372,2,10.109,0,NORMAL
2026-08-17 23:45:00,R1,5.902,10.973,0.5379,5.902,0,0,0.0,0.5379,3,11.319,0,NORMAL
2026-08-17 23:45:00,R2,2.654,8.189,0.3241,2.654,0,0,0.0,0.3241,2,10.111,0,NORMAL
2026-08-18 00:00:00,R1,5.286,10.237,0.5163,5.286,0,0,0.0,0.5163,3,12.132,0,NORMAL
2026-08-18 00:00:00,R2,2.142,8.611,0.2488,2.142,0,0,0.0,0.2488,2,9.615,0,NORMAL
2026-08-18 00:15:00,R1,5.782,10.977,0.5268,5.782,0,0,0.0,0.5268,3,11.315,0,NORMAL
2026-08-18 00:15:00,R2,2.619,8.327,0.3145,2.619,0,0,0.0,0.3145,2,9.944,0,NORMAL
2026-08-18 00:30:00,R1,5.619,10.245,0.5484,5.619,0,0,0.0,0.5484,3,12.123,0,NORMAL
2026-08-18 00:30:00,R2,2.361,8.06,0.2929,2.361,0,0,0.0,0.2929,2,10.273,0,NORMAL
2026-08-18 00:45:00,R1,5.534,10.553,0.5244,5.534,0,0,0.0,0.5244,3,11.769,0,NORMAL
2026-08-18 00:45:00,R2,2.834,7.728,0.3667,2.834,0,0,0.0,0.3667,2,10.714,0,NORMAL
2026-08-18 01:00:00,R1,5.602,10.767,0.5203,5.602,0,0,0.0,0.5203,3,11.535,0,NORMAL
2026-08-18 01:00:00,R2,2.609,8.211,0.3178,2.609,0,0,0.0,0.3178,2,10.084,0,NORMAL
2026-08-18 01:15:00,R1,5.088,10.945,0.4648,5.088,0,0,0.0,0.4648,3,11.348,0,NORMAL
2026-08-18 01:15:00,R2,2.546,8.315,0.3062,2.546,0,0,0.0,0.3062,2,9.958,0,NORMAL
2026-08-18 01:30:00,R1,4.834,10.97,0.4407,4.834,0,0,0.0,0.4407,3,11.322,0,NORMAL
2026-08-18 01:30:00,R2,2.313,8.211,0.2817,2.313,0,0,0.0,0.2817,2,10.084,0,NORMAL
2026-08-18 01:45:00,R1,5.867,11.102,0.5284,5.867,0,0,0.0,0.5284,3,11.187,0,NORMAL
2026-08-18 01:45:00,R2,2.608,8.329,0.3131,2.608,0,0,0.0,0.3131,2,9.941,0,NORMAL
2026-08-18 02:00:00,R1,5.227,10.688,0.4891,5.227,0,0,0.0,0.4891,3,11.62,0,NORMAL
2026-08-18 02:00:00,R2,2.525,8.036,0.3143,2.525,0,0,0.0,0.3143,2,10.304,0,NORMAL
2026-08-18 02:15:00,R1,4.99,10.503,0.4751,4.99,0,0,0.0,0.4751,3,11.825,0,NORMAL
2026-08-18 02:15:00,R2,2.176,7.946,0.2738,2.176,0,0,0.0,0.2738,2,10.421,0,NORMAL
2026-08-18 02:30:00,R1,5.254,7.475,0.7029,5.254,0,0,0.0,0.7029,2,11.077,0,NORMAL
2026-08-18 02:30:00,R2,2.515,7.901,0.3183,2.515,0,0,0.0,0.3183,2,10.48,0,NORMAL
2026-08-18 02:45:00,R1,5.392,10.345,0.5213,5.392,0,0,0.0,0.5213,3,12.006,0,NORMAL
2026-08-18 02:45:00,R2,2.841,8.552,0.3322,2.841,0,0,0.0,0.3322,2,9.682,0,NORMAL
2026-08-18 03:00:00,R1,5.274,10.801,0.4883,5.274,0,0,0.0,0.4883,3,11.499,0,NORMAL
2026-08-18 03:00:00,R2,2.769,8.58,0.3227,2.769,0,0,0.0,0.3227,2,9.651,0,NORMAL
2026-08-18 03:15:00,R1,5.437,10.349,0.5254,5.437,0,0,0.0,0.5254,3,12.002,0,NORMAL
2026-08-18 03:15:00,R2,2.204,8.242,0.2675,2.204,0,0,0.0,0.2675,2,10.046,0,NORMAL
2026-08-18 03:30:00,R1,5.513,9.963,0.5534,5.513,0,0,0.0,0.5534,3,12.466,0,NORMAL
2026-08-18 03:30:00,R2,2.761,7.874,0.3506,2.761,0,0,0.0,0.3506,2,10.515,0,NORMAL
2026-08-18 03:45:00,R1,5.889,10.56,0.5577,5.889,0,0,0.0,0.5577,3,11.761,0,NORMAL
2026-08-18 03:45:00,R2,2.976,7.82,0.3806,2.976,0,0,0.0,0.3806,2,10.588,0,NORMAL
2026-08-18 04:00:00,R1,5.935,10.481,0.5663,5.935,0,0,0.0,0.5663,3,11.85,0,NORMAL
2026-08-18 04:00:00,R2,2.669,8.094,0.3298,2.669,0,0,0.0,0.3298,2,10.23,0,NORMAL
2026-08-18 04:15:00,R1,5.005,10.924,0.4582,5.005,0,0,0.0,0.4582,3,11.369,0,NORMAL
2026-08-18 04:15:00,R2,2.248,3.773,0.5958,2.248,0,0,0.0,0.5958,1,10.973,0,NORMAL
2026-08-18 04:30:00,R1,5.449,10.905,0.4996,5.449,0,0,0.0,0.4996,3,11.389,0,NORMAL
2026-08-18 04:30:00,R2,2.373,7.986,0.2972,2.373,0,0,0.0,0.2972,2,10.369,0,NORMAL
2026-08-18 04:45:00,R1,5.534,10.59,0.5226,5.534,0,0,0.0,0.5226,3,11.728,0,NORMAL
2026-08-18 04:45:00,R2,2.744,7.883,0.3481,2.744,0,0,0.0,0.3481,2,10.503,0,NORMAL
2026-08-18 05:00:00,R1,5.169,10.51,0.4918,5.169,0,0,0.0,0.4918,3,11.818,0,NORMAL
2026-08-18 05:00:00,R2,2.799,7.786,0.3595,2.799,0,0,0.0,0.3595,2,10.635,0,NORMAL
2026-08-18 05:15:00,R1,5.957,11.543,0.516,5.957,0,0,0.0,0.516,3,10.76,0,NORMAL
2026-08-18 05:15:00,R2,2.442,8.341,0.2927,2.442,0,0,0.0,0.2927,2,9.927,0,NORMAL
2026-08-18 05:30:00,R1,5.843,6.609,0.8841,5.843,0,0,0.0,0.8841,2,12.528,0,WARNING
2026-08-18 05:30:00,R2,2.484,8.534,0.2911,2.484,0,0,0.0,0.2911,2,9.703,0,NORMAL
2026-08-18 05:45:00,R1,5.901,10.535,0.5602,5.901,0,0,0.0,0.5602,3,11.79,0,NORMAL
2026-08-18 05:45:00,R2,2.628,7.905,0.3325,2.628,0,0,0.0,0.3325,2,10.475,0,NORMAL
2026-08-18 06:00:00,R1,7.357,10.552,0.6972,7.357,0,0,0.0,0.6972,3,11.771,0,NORMAL
2026-08-18 06:00:00,R2,3.187,7.74,0.4117,3.187,0,0,0.0,0.4117,2,10.698,0,NORMAL
2026-08-18 06:15:00,R1,6.812,10.237,0.6654,6.812,0,0,0.0,0.6654,3,12.132,0,NORMAL
2026-08-18 06:15:00,R2,2.953,8.309,0.3554,2.953,0,0,0.0,0.3554,2,9.965,0,NORMAL
2026-08-18 06:30:00,R1,6.859,11.031,0.6218,6.859,0,0,0.0,0.6218,3,11.259,0,NORMAL
2026-08-18 06:30:00,R2,2.879,8.057,0.3574,2.879,0,0,0.0,0.3574,2,10.277,0,NORMAL
2026-08-18 06:45:00,R1,6.465,10.213,0.633,6.465,0,0,0.0,0.633,3,12.16,0,NORMAL
2026-08-18 06:45:00,R2,3.103,7.878,0.3939,3.103,0,0,0.0,0.3939,2,10.51,0,NORMAL
2026-08-18 07:00:00,R1,6.142,10.168,0.6041,6.142,0,0,0.0,0.6041,3,12.215,0,NORMAL
2026-08-18 07:00:00,R2,2.992,8.199,0.365,2.992,0,0,0.0,0.365,2,10.099,0,NORMAL
2026-08-18 07:15:00,R1,7.25,10.839,0.669,7.25,0,0,0.0,0.669,3,11.459,0,NORMAL
2026-08-18 07:15:00,R2,3.188,7.587,0.4202,3.188,0,0,0.0,0.4202,2,10.913,0,NORMAL
2026-08-18 07:30:00,R1,6.697,11.126,0.6019,6.697,0,0,0.0,0.6019,3,11.163,0,NORMAL
2026-08-18 07:30:00,R2,2.926,8.328,0.3513,2.926,0,0,0.0,0.3513,2,9.942,0,NORMAL
2026-08-18 07:45:00,R1,7.256,10.537,0.6886,7.256,0,0,0.0,0.6886,3,11.787,0,NORMAL
2026-08-18 07:45:00,R2,3.055,4.092,0.7466,3.055,0,0,0.0,0.7466,1,10.116,0,NORMAL
2026-08-18 08:00:00,R1,7.24,10.723,0.6752,7.24,0,0,0.0,0.6752,3,11.582,0,NORMAL
2026-08-18 08:00:00,R2,3.029,8.675,0.3492,3.029,0,0,0.0,0.3492,2,9.545,0,NORMAL
2026-08-18 08:15:00,R1,6.6,10.719,0.6157,6.6,0,0,0.0,0.6157,3,11.587,0,NORMAL
2026-08-18 08:15:00,R2,2.941,9.166,0.3209,2.941,0,0,0.0,0.3209,2,9.033,0,NORMAL
2026-08-18 08:30:00,R1,7.193,11.023,0.6525,7.193,0,0,0.0,0.6525,3,11.267,0,NORMAL
2026-08-18 08:30:00,R2,2.95,8.097,0.3644,2.95,0,0,0.0,0.3644,2,10.226,0,NORMAL
2026-08-18 08:45:00,R1,6.639,10.841,0.6124,6.639,0,0,0.0,0.6124,3,11.457,0,NORMAL
2026-08-18 08:45:00,R2,3.011,7.782,0.3869,3.011,0,0,0.0,0.3869,2,10.639,0,NORMAL
2026-08-18 09:00:00,R1,7.074,10.698,0.6612,7.074,0,0,0.0,0.6612,3,11.61,0,NORMAL
2026-08-18 09:00:00,R2,2.909,8.656,0.336,2.909,0,0,0.0,0.336,2,9.566,0,NORMAL
2026-08-18 09:15:00,R1,7.262,10.577,0.6866,7.262,0,0,0.0,0.6866,3,11.743,0,NORMAL
2026-08-18 09:15:00,R2,2.995,7.638,0.3922,2.995,0,0,0.0,0.3922,2,10.841,0,NORMAL
2026-08-18 09:30:00,R1,7.207,11.251,0.6406,7.207,0,0,0.0,0.6406,3,11.039,0,NORMAL
2026-08-18 09:30:00,R2,3.01,8.381,0.3592,3.01,0,0,0.0,0.3592,2,9.879,0,NORMAL
2026-08-18 09:45:00,R1,6.746,6.628,1.0178,6.628,0,0.118,0.0,1.0178,2,12.492,0,HIGH
2026-08-18 09:45:00,R2,2.748,8.022,0.3425,2.748,0,0,0.0,0.3425,2,10.321,0,NORMAL
2026-08-18 10:00:00,R1,7.032,11.137,0.6314,7.15,0.118,0,0.159,0.642,3,11.152,0,NORMAL
2026-08-18 10:00:00,R2,3.202,7.946,0.4029,3.202,0,0,0.0,0.4029,2,10.421,0,NORMAL
2026-08-18 10:15:00,R1,7.494,10.689,0.7012,7.494,0,0,0.0,0.7012,3,11.62,0,NORMAL
2026-08-18 10:15:00,R2,3.214,8.326,0.386,3.214,0,0,0.0,0.386,2,9.944,0,NORMAL
2026-08-18 10:30:00,R1,7.503,10.191,0.7362,7.503,0,0,0.0,0.7362,3,12.187,0,NORMAL
2026-08-18 10:30:00,R2,2.878,7.951,0.362,2.878,0,0,0.0,0.362,2,10.413,0,NORMAL
2026-08-18 10:45:00,R1,6.945,11.184,0.621,6.945,0,0,0.0,0.621,3,11.105,0,NORMAL
2026-08-18 10:45:00,R2,2.872,8.142,0.3527,2.872,0,0,0.0,0.3527,2,10.169,0,NORMAL
2026-08-18 11:00:00,R1,7.067,10.595,0.667,7.067,0,0,0.0,0.667,3,11.722,0,NORMAL
2026-08-18 11:00:00,R2,2.625,7.859,0.334,2.625,0,0,0.0,0.334,2,10.536,0,NORMAL
2026-08-18 11:15:00,R1,6.75,10.664,0.633,6.75,0,0,0.0,0.633,3,11.647,0,NORMAL
2026-08-18 11:15:00,R2,2.899,8.053,0.3599,2.899,0,0,0.0,0.3599,2,10.281,0,NORMAL
2026-08-18 11:30:00,R1,6.39,10.58,0.604,6.39,0,0,0.0,0.604,3,11.739,0,NORMAL
2026-08-18 11:30:00,R2,2.795,8.134,0.3437,2.795,0,0,0.0,0.3437,2,10.18,0,NORMAL
2026-08-18 11:45:00,R1,6.413,11.059,0.5799,6.413,0,0,0.0,0.5799,3,11.23,0,NORMAL
2026-08-18 11:45:00,R2,3.304,7.688,0.4298,3.304,0,0,0.0,0.4298,2,10.77,0,NORMAL
2026-08-18 12:00:00,R1,6.911,10.319,0.6697,6.911,0,0,0.0,0.6697,3,12.036,0,NORMAL
2026-08-18 12:00:00,R2,2.796,8.221,0.3401,2.796,0,0,0.0,0.3401,2,10.072,0,NORMAL
2026-08-18 12:15:00,R1,6.85,10.828,0.6326,6.85,0,0,0.0,0.6326,3,11.47,0,NORMAL
2026-08-18 12:15:00,R2,2.818,7.744,0.3639,2.818,0,0,0.0,0.3639,2,10.692,0,NORMAL
2026-08-18 12:30:00,R1,6.759,10.458,0.6463,6.759,0,0,0.0,0.6463,3,11.876,0,NORMAL
2026-08-18 12:30:00,R2,3.024,7.685,0.3935,3.024,0,0,0.0,0.3935,2,10.774,0,NORMAL
2026-08-18 12:45:00,R1,7.064,10.08,0.7007,7.064,0,0,0.0,0.7007,3,12.321,0,NORMAL
2026-08-18 12:45:00,R2,2.878,8.538,0.337,2.878,0,0,0.0,0.337,2,9.698,0,NORMAL
2026-08-18 13:00:00,R1,7.328,10.539,0.6954,7.328,0,0,0.0,0.6954,3,11.785,0,NORMAL
2026-08-18 13:00:00,R2,2.798,7.855,0.3561,2.798,0,0,0.0,0.3561,2,10.54,0,NORMAL
2026-08-18 13:15:00,R1,6.844,10.739,0.6373,6.844,0,0,0.0,0.6373,3,11.565,0,NORMAL
2026-08-18 13:15:00,R2,2.722,8.39,0.3244,2.722,0,0,0.0,0.3244,2,9.869,0,NORMAL
2026-08-18 13:30:00,R1,6.776,10.845,0.6248,6.776,0,0,0.0,0.6248,3,11.452,0,NORMAL
2026-08-18 13:30:00,R2,3.139,8.369,0.3751,3.139,0,0,0.0,0.3751,2,9.894,0,NORMAL
2026-08-18 13:45:00,R1,7.439,10.559,0.7045,7.439,0,0,0.0,0.7045,3,11.762,0,NORMAL
2026-08-18 13:45:00,R2,2.745,8.733,0.3144,2.745,0,0,0.0,0.3144,2,9.481,0,NORMAL
2026-08-18 14:00:00,R1,6.889,10.922,0.6307,6.889,0,0,0.0,0.6307,3,11.371,0,NORMAL
2026-08-18 14:00:00,R2,3.02,8.782,0.3439,3.02,0,0,0.0,0.3439,2,9.428,0,NORMAL
2026-08-18 14:15:00,R1,7.257,10.857,0.6684,7.257,0,0,0.0,0.6684,3,11.439,0,NORMAL
2026-08-18 14:15:00,R2,3.041,8.159,0.3727,3.041,0,0,0.0,0.3727,2,10.148,0,NORMAL
2026-08-18 14:30:00,R1,7.246,10.719,0.676,7.246,0,0,0.0,0.676,3,11.586,0,NORMAL
2026-08-18 14:30:00,R2,2.873,7.798,0.3684,2.873,0,0,0.0,0.3684,2,10.618,0,NORMAL
2026-08-18 14:45:00,R1,7.144,10.792,0.662,7.144,0,0,0.0,0.662,3,11.509,0,NORMAL
2026-08-18 14:45:00,R2,3.159,8.186,0.3859,3.159,0,0,0.0,0.3859,2,10.114,0,NORMAL
2026-08-18 15:00:00,R1,7.469,6.065,1.2315,6.065,0,1.404,0.0,1.2315,2,13.652,0,HIGH
2026-08-18 15:00:00,R2,2.958,7.924,0.3733,2.958,0,0,0.0,0.3733,2,10.449,0,NORMAL
2026-08-18 15:15:00,R1,7.448,9.546,0.7802,8.852,1.404,0,2.206,0.9273,3,13.011,0,HIGH
2026-08-18 15:15:00,R2,2.86,8.134,0.3516,2.86,0,0,0.0,0.3516,2,10.18,0,NORMAL
2026-08-18 15:30:00,R1,7.554,11.257,0.6711,7.554,0,0,0.0,0.6711,3,11.033,0,NORMAL
2026-08-18 15:30:00,R2,2.974,8.156,0.3646,2.974,0,0,0.0,0.3646,2,10.152,0,NORMAL
2026-08-18 15:45:00,R1,7.168,10.729,0.6681,7.168,0,0,0.0,0.6681,3,11.576,0,NORMAL
2026-08-18 15:45:00,R2,3.144,7.931,0.3964,3.144,0,0,0.0,0.3964,2,10.44,0,NORMAL
2026-08-18 16:00:00,R1,7.602,11.043,0.6884,7.602,0,0,0.0,0.6884,3,11.247,0,NORMAL
2026-08-18 16:00:00,R2,2.743,7.902,0.3471,2.743,0,0,0.0,0.3471,2,10.479,0,NORMAL
2026-08-18 16:15:00,R1,7.281,10.986,0.6627,7.281,0,0,0.0,0.6627,3,11.305,0,NORMAL
2026-08-18 16:15:00,R2,2.93,7.876,0.3719,2.93,0,0,0.0,0.3719,2,10.512,0,NORMAL
2026-08-18 16:30:00,R1,7.665,9.872,0.7765,7.665,0,0,0.0,0.7765,3,12.582,0,WARNING
2026-08-18 16:30:00,R2,2.684,7.767,0.3456,2.684,0,0,0.0,0.3456,2,10.66,0,NORMAL
2026-08-18 16:45:00,R1,7.513,10.266,0.7319,7.513,0,0,0.0,0.7319,3,12.098,0,NORMAL
2026-08-18 16:45:00,R2,2.347,7.754,0.3027,2.347,0,0,0.0,0.3027,2,10.679,0,NORMAL
2026-08-18 17:00:00,R1,7.41,11.048,0.6707,7.41,0,0,0.0,0.6707,3,11.242,0,NORMAL
2026-08-18 17:00:00,R2,2.987,8.306,0.3596,2.987,0,0,0.0,0.3596,2,9.968,0,NORMAL
2026-08-18 17:15:00,R1,7.562,10.703,0.7065,7.562,0,0,0.0,0.7065,3,11.604,0,NORMAL
2026-08-18 17:15:00,R2,3.081,3.641,0.8462,3.081,0,0,0.0,0.8462,1,11.371,0,WARNING
2026-08-18 17:30:00,R1,6.79,10.732,0.6327,6.79,0,0,0.0,0.6327,3,11.573,0,NORMAL
2026-08-18 17:30:00,R2,3.007,7.763,0.3873,3.007,0,0,0.0,0.3873,2,10.666,0,NORMAL
2026-08-18 17:45:00,R1,7.924,6.281,1.2615,6.281,0,1.642,0.0,1.25,2,13.182,0,HIGH
2026-08-18 17:45:00,R2,2.526,8.372,0.3018,2.526,0,0,0.0,0.3018,2,9.89,0,NORMAL
2026-08-18 18:00:00,R1,7.095,6.115,1.1604,6.115,1.642,2.623,4.029,1.25,2,13.541,0,HIGH
2026-08-18 18:00:00,R2,3.041,7.673,0.3963,3.041,0,0,0.0,0.3963,2,10.791,0,NORMAL
2026-08-18 18:15:00,R1,6.872,6.001,1.1451,6.001,2.623,3.494,6.556,1.25,2,13.797,0,HIGH
2026-08-18 18:15:00,R2,2.937,7.823,0.3754,2.937,0,0,0.0,0.3754,2,10.584,0,NORMAL
2026-08-18 18:30:00,R1,7.173,6.004,1.1947,6.004,3.494,4.662,8.728,1.25,2,13.791,0,CRITICAL
2026-08-18 18:30:00,R2,2.758,7.732,0.3566,2.758,0,0,0.0,0.3566,2,10.709,0,NORMAL
2026-08-18 18:45:00,R1,7.785,6.02,1.2931,6.02,4.662,6.427,11.616,1.25,2,13.753,0,CRITICAL
2026-08-18 18:45:00,R2,2.505,7.718,0.3246,2.505,0,0,0.0,0.3246,2,10.728,0,NORMAL
2026-08-18 19:00:00,R1,5.901,9.518,0.62,9.518,6.427,2.81,10.129,1.25,3,13.049,0,HIGH
2026-08-18 19:00:00,R2,2.65,8.308,0.3189,2.65,0,0,0.0,0.3189,2,9.967,0,NORMAL
2026-08-18 19:15:00,R1,6.357,9.975,0.6373,9.166,2.81,0,4.225,0.9189,3,12.451,0,HIGH
2026-08-18 19:15:00,R2,2.817,8.076,0.3488,2.817,0,0,0.0,0.3488,2,10.252,0,NORMAL
2026-08-18 19:30:00,R1,7.248,6.464,1.1213,6.464,0,0.784,0.0,1.1213,2,12.809,0,HIGH
2026-08-18 19:30:00,R2,3.231,7.658,0.4219,3.231,0,0,0.0,0.4219,2,10.813,0,NORMAL
2026-08-18 19:45:00,R1,7.18,10.697,0.6713,7.965,0.784,0,1.1,0.7446,3,11.611,0,NORMAL
2026-08-18 19:45:00,R2,2.897,4.243,0.6826,2.897,0,0,0.0,0.6826,1,9.757,0,NORMAL
2026-08-18 20:00:00,R1,7.531,9.577,0.7864,7.531,0,0,0.0,0.7864,3,12.969,0,WARNING
2026-08-18 20:00:00,R2,2.922,8.52,0.3429,2.922,0,0,0.0,0.3429,2,9.718,0,NORMAL
2026-08-18 20:15:00,R1,7.168,10.545,0.6797,7.168,0,0,0.0,0.6797,3,11.779,0,NORMAL
2026-08-18 20:15:00,R2,3.079,8.15,0.3778,3.079,0,0,0.0,0.3778,2,10.16,0,NORMAL
2026-08-18 20:30:00,R1,7.247,10.781,0.6722,7.247,0,0,0.0,0.6722,3,11.52,0,NORMAL
2026-08-18 20:30:00,R2,3.013,7.759,0.3884,3.013,0,0,0.0,0.3884,2,10.672,0,NORMAL
2026-08-18 20:45:00,R1,6.151,10.588,0.581,6.151,0,0,0.0,0.581,3,11.73,0,NORMAL
2026-08-18 20:45:00,R2,2.91,8.207,0.3545,2.91,0,0,0.0,0.3545,2,10.089,0,NORMAL
2026-08-18 21:00:00,R1,6.662,10.432,0.6387,6.662,0,0,0.0,0.6387,3,11.906,0,NORMAL
2026-08-18 21:00:00,R2,2.913,8.181,0.3561,2.913,0,0,0.0,0.3561,2,10.121,0,NORMAL
2026-08-18 21:15:00,R1,6.135,10.749,0.5707,6.135,0,0,0.0,0.5707,3,11.554,0,NORMAL
2026-08-18 21:15:00,R2,3.265,7.884,0.4141,3.265,0,0,0.0,0.4141,2,10.502,0,NORMAL
2026-08-18 21:30:00,R1,6.702,10.666,0.6284,6.702,0,0,0.0,0.6284,3,11.645,0,NORMAL
2026-08-18 21:30:00,R2,2.849,8.373,0.3402,2.849,0,0,0.0,0.3402,2,9.889,0,NORMAL
2026-08-18 21:45:00,R1,6.731,10.634,0.6329,6.731,0,0,0.0,0.6329,3,11.679,0,NORMAL
2026-08-18 21:45:00,R2,3.157,7.66,0.4122,3.157,0,0,0.0,0.4122,2,10.81,0,NORMAL
2026-08-18 22:00:00,R1,5.033,10.134,0.4966,5.033,0,0,0.0,0.4966,3,12.256,0,NORMAL
2026-08-18 22:00:00,R2,2.554,8.339,0.3063,2.554,0,0,0.0,0.3063,2,9.929,0,NORMAL
2026-08-18 22:15:00,R1,5.539,10.959,0.5054,5.539,0,0,0.0,0.5054,3,11.333,0,NORMAL
2026-08-18 22:15:00,R2,2.456,7.965,0.3083,2.456,0,0,0.0,0.3083,2,10.396,0,NORMAL
2026-08-18 22:30:00,R1,5.419,7.152,0.7577,5.419,0,0,0.0,0.7577,2,11.578,0,WARNING
2026-08-18 22:30:00,R2,2.188,7.82,0.2798,2.188,0,0,0.0,0.2798,2,10.588,0,NORMAL
2026-08-18 22:45:00,R1,5.542,11.08,0.5002,5.542,0,0,0.0,0.5002,3,11.21,0,NORMAL
2026-08-18 22:45:00,R2,2.416,7.706,0.3135,2.416,0,0,0.0,0.3135,2,10.745,0,NORMAL
2026-08-18 23:00:00,R1,5.583,10.165,0.5493,5.583,0,0,0.0,0.5493,3,12.219,0,NORMAL
2026-08-18 23:00:00,R2,2.604,8.344,0.3121,2.604,0,0,0.0,0.3121,2,9.923,0,NORMAL
2026-08-18 23:15:00,R1,4.954,10.798,0.4588,4.954,0,0,0.0,0.4588,3,11.502,0,NORMAL
2026-08-18 23:15:00,R2,2.554,7.729,0.3305,2.554,0,0,0.0,0.3305,2,10.713,0,NORMAL
2026-08-18 23:30:00,R1,5.455,10.865,0.5021,5.455,0,0,0.0,0.5021,3,11.432,0,NORMAL
2026-08-18 23:30:00,R2,2.495,8.148,0.3062,2.495,0,0,0.0,0.3062,2,10.162,0,NORMAL
2026-08-18 23:45:00,R1,5.296,10.853,0.4879,5.296,0,0,0.0,0.4879,3,11.443,0,NORMAL
2026-08-18 23:45:00,R2,2.53,8.222,0.3077,2.53,0,0,0.0,0.3077,2,10.071,0,NORMAL
2026-08-19 00:00:00,R1,4.945,10.803,0.4578,4.945,0,0,0.0,0.4578,3,11.497,0,NORMAL
2026-08-19 00:00:00,R2,2.375,7.889,0.3011,2.375,0,0,0.0,0.3011,2,10.496,0,NORMAL
2026-08-19 00:15:00,R1,5.619,11.164,0.5033,5.619,0,0,0.0,0.5033,3,11.125,0,NORMAL
2026-08-19 00:15:00,R2,2.481,7.963,0.3116,2.481,0,0,0.0,0.3116,2,10.398,0,NORMAL
2026-08-19 00:30:00,R1,5.349,10.836,0.4936,5.349,0,0,0.0,0.4936,3,11.462,0,NORMAL
2026-08-19 00:30:00,R2,2.194,8.414,0.2607,2.194,0,0,0.0,0.2607,2,9.841,0,NORMAL
2026-08-19 00:45:00,R1,5.647,11.1,0.5087,5.647,0,0,0.0,0.5087,3,11.189,0,NORMAL
2026-08-19 00:45:00,R2,2.172,8.734,0.2486,2.172,0,0,0.0,0.2486,2,9.481,0,NORMAL
2026-08-19 01:00:00,R1,5.797,10.457,0.5544,5.797,0,0,0.0,0.5544,3,11.878,0,NORMAL
2026-08-19 01:00:00,R2,2.861,8.112,0.3527,2.861,0,0,0.0,0.3527,2,10.207,0,NORMAL
2026-08-19 01:15:00,R1,5.681,10.602,0.5358,5.681,0,0,0.0,0.5358,3,11.715,0,NORMAL
2026-08-19 01:15:00,R2,2.38,8.349,0.285,2.38,0,0,0.0,0.285,2,9.917,0,NORMAL
2026-08-19 01:30:00,R1,5.385,10.615,0.5073,5.385,0,0,0.0,0.5073,3,11.701,0,NORMAL
2026-08-19 01:30:00,R2,2.548,7.837,0.3252,2.548,0,0,0.0,0.3252,2,10.565,0,NORMAL
2026-08-19 01:45:00,R1,4.834,10.269,0.4708,4.834,0,0,0.0,0.4708,3,12.095,0,NORMAL
2026-08-19 01:45:00,R2,2.616,7.773,0.3365,2.616,0,0,0.0,0.3365,2,10.653,0,NORMAL
2026-08-19 02:00:00,R1,5.629,10.858,0.5184,5.629,0,0,0.0,0.5184,3,11.438,0,NORMAL
2026-08-19 02:00:00,R2,2.626,8.337,0.315,2.626,0,0,0.0,0.315,2,9.931,0,NORMAL
2026-08-19 02:15:00,R1,5.586,10.776,0.5184,5.586,0,0,0.0,0.5184,3,11.526,0,NORMAL
2026-08-19 02:15:00,R2,2.806,8.326,0.3371,2.806,0,0,0.0,0.3371,2,9.944,0,NORMAL
2026-08-19 02:30:00,R1,5.326,10.786,0.4938,5.326,0,0,0.0,0.4938,3,11.515,0,NORMAL
2026-08-19 02:30:00,R2,2.526,7.726,0.327,2.526,0,0,0.0,0.327,2,10.717,0,NORMAL
2026-08-19 02:45:00,R1,5.063,10.119,0.5003,5.063,0,0,0.0,0.5003,3,12.274,0,NORMAL
2026-08-19 02:45:00,R2,2.731,8.53,0.3202,2.731,0,0,0.0,0.3202,2,9.707,0,NORMAL
2026-08-19 03:00:00,R1,5.0,10.698,0.4673,5.0,0,0,0.0,0.4673,3,11.61,0,NORMAL
2026-08-19 03:00:00,R2,2.349,8.253,0.2846,2.349,0,0,0.0,0.2846,2,10.032,0,NORMAL
2026-08-19 03:15:00,R1,5.19,10.704,0.4849,5.19,0,0,0.0,0.4849,3,11.604,0,NORMAL
2026-08-19 03:15:00,R2,2.443,8.377,0.2916,2.443,0,0,0.0,0.2916,2,9.884,0,NORMAL
2026-08-19 03:30:00,R1,5.439,10.094,0.5388,5.439,0,0,0.0,0.5388,3,12.305,0,NORMAL
2026-08-19 03:30:00,R2,2.748,7.777,0.3534,2.748,0,0,0.0,0.3534,2,10.647,0,NORMAL
2026-08-19 03:45:00,R1,5.906,7.325,0.8062,5.906,0,0,0.0,0.8062,2,11.304,0,WARNING
2026-08-19 03:45:00,R2,2.321,7.837,0.2961,2.321,0,0,0.0,0.2961,2,10.565,0,NORMAL
2026-08-19 04:00:00,R1,5.458,10.677,0.5112,5.458,0,0,0.0,0.5112,3,11.632,0,NORMAL
2026-08-19 04:00:00,R2,2.977,8.576,0.3471,2.977,0,0,0.0,0.3471,2,9.655,0,NORMAL
2026-08-19 04:15:00,R1,5.24,11.155,0.4698,5.24,0,0,0.0,0.4698,3,11.134,0,NORMAL
2026-08-19 04:15:00,R2,2.971,7.975,0.3726,2.971,0,0,0.0,0.3726,2,10.382,0,NORMAL
2026-08-19 04:30:00,R1,5.404,10.71,0.5045,5.404,0,0,0.0,0.5045,3,11.596,0,NORMAL
2026-08-19 04:30:00,R2,2.497,7.894,0.3164,2.497,0,0,0.0,0.3164,2,10.489,0,NORMAL
2026-08-19 04:45:00,R1,5.174,10.876,0.4757,5.174,0,0,0.0,0.4757,3,11.42,0,NORMAL
2026-08-19 04:45:00,R2,2.571,8.081,0.3181,2.571,0,0,0.0,0.3181,2,10.246,0,NORMAL
2026-08-19 05:00:00,R1,5.225,10.604,0.4928,5.225,0,0,0.0,0.4928,3,11.713,0,NORMAL
2026-08-19 05:00:00,R2,2.629,8.29,0.3172,2.629,0,0,0.0,0.3172,2,9.988,0,NORMAL
2026-08-19 05:15:00,R1,5.47,11.443,0.478,5.47,0,0,0.0,0.478,3,10.853,0,NORMAL
2026-08-19 05:15:00,R2,2.587,8.415,0.3074,2.587,0,0,0.0,0.3074,2,9.84,0,NORMAL
2026-08-19 05:30:00,R1,5.291,10.244,0.5165,5.291,0,0,0.0,0.5165,3,12.124,0,NORMAL
2026-08-19 05:30:00,R2,2.882,7.849,0.3672,2.882,0,0,0.0,0.3672,2,10.549,0,NORMAL
2026-08-19 05:45:00,R1,4.825,11.216,0.4302,4.825,0,0,0.0,0.4302,3,11.073,0,NORMAL
2026-08-19 05:45:00,R2,2.431,8.308,0.2926,2.431,0,0,0.0,0.2926,2,9.966,0,NORMAL
2026-08-19 06:00:00,R1,5.934,11.095,0.5348,5.934,0,0,0.0,0.5348,3,11.194,0,NORMAL
2026-08-19 06:00:00,R2,3.189,8.13,0.3923,3.189,0,0,0.0,0.3923,2,10.184,0,NORMAL
2026-08-19 06:15:00,R1,6.797,10.564,0.6434,6.797,0,0,0.0,0.6434,3,11.756,0,NORMAL
2026-08-19 06:15:00,R2,2.961,4.188,0.707,2.961,0,0,0.0,0.707,1,9.886,0,NORMAL
2026-08-19 06:30:00,R1,6.464,10.658,0.6065,6.464,0,0,0.0,0.6065,3,11.653,0,NORMAL
2026-08-19 06:30:00,R2,3.364,7.62,0.4415,3.364,0,0,0.0,0.4415,2,10.866,0,NORMAL
2026-08-19 06:45:00,R1,6.762,10.826,0.6246,6.762,0,0,0.0,0.6246,3,11.472,0,NORMAL
2026-08-19 06:45:00,R2,3.174,8.391,0.3782,3.174,0,0,0.0,0.3782,2,9.868,0,NORMAL
2026-08-19 07:00:00,R1,6.264,9.981,0.6276,6.264,0,0,0.0,0.6276,3,12.444,0,NORMAL
2026-08-19 07:00:00,R2,2.998,8.192,0.366,2.998,0,0,0.0,0.366,2,10.108,0,NORMAL
2026-08-19 07:15:00,R1,7.274,10.624,0.6847,7.274,0,0,0.0,0.6847,3,11.69,0,NORMAL
2026-08-19 07:15:00,R2,3.506,8.288,0.423,3.506,0,0,0.0,0.423,2,9.991,0,NORMAL
2026-08-19 07:30:00,R1,7.387,10.353,0.7135,7.387,0,0,0.0,0.7135,3,11.997,0,NORMAL
2026-08-19 07:30:00,R2,3.376,3.744,0.9017,3.376,0,0,0.0,0.9017,1,11.059,0,HIGH
2026-08-19 07:45:00,R1,6.822,10.884,0.6267,6.822,0,0,0.0,0.6267,3,11.411,0,NORMAL
2026-08-19 07:45:00,R2,3.202,8.172,0.3918,3.202,0,0,0.0,0.3918,2,10.132,0,NORMAL
2026-08-19 08:00:00,R1,7.201,6.37,1.1305,6.37,0,0.831,0.0,1.1305,2,12.999,0,HIGH
2026-08-19 08:00:00,R2,3.262,7.615,0.4284,3.262,0,0,0.0,0.4284,2,10.873,0,NORMAL
2026-08-19 08:15:00,R1,6.566,11.091,0.592,7.397,0.831,0,1.124,0.667,3,11.199,0,NORMAL
2026-08-19 08:15:00,R2,2.676,8.048,0.3325,2.676,0,0,0.0,0.3325,2,10.288,0,NORMAL
2026-08-19 08:30:00,R1,6.86,10.423,0.6582,6.86,0,0,0.0,0.6582,3,11.916,0,NORMAL
2026-08-19 08:30:00,R2,3.272,7.749,0.4222,3.272,0,0,0.0,0.4222,2,10.685,0,NORMAL
2026-08-19 08:45:00,R1,7.033,10.433,0.6741,7.033,0,0,0.0,0.6741,3,11.904,0,NORMAL
2026-08-19 08:45:00,R2,2.732,8.659,0.3155,2.732,0,0,0.0,0.3155,2,9.563,0,NORMAL
2026-08-19 09:00:00,R1,7.428,10.393,0.7147,7.428,0,0,0.0,0.7147,3,11.951,0,NORMAL
2026-08-19 09:00:00,R2,3.106,8.641,0.3594,3.106,0,0,0.0,0.3594,2,9.582,0,NORMAL
2026-08-19 09:15:00,R1,6.783,9.912,0.6843,6.783,0,0,0.0,0.6843,3,12.53,0,NORMAL
2026-08-19 09:15:00,R2,2.782,8.262,0.3367,2.782,0,0,0.0,0.3367,2,10.022,0,NORMAL
2026-08-19 09:30:00,R1,6.809,11.133,0.6116,6.809,0,0,0.0,0.6116,3,11.156,0,NORMAL
2026-08-19 09:30:00,R2,3.114,8.492,0.3667,3.114,0,0,0.0,0.3667,2,9.75,0,NORMAL
2026-08-19 09:45:00,R1,6.997,10.464,0.6686,6.997,0,0,0.0,0.6686,3,11.869,0,NORMAL
2026-08-19 09:45:00,R2,3.186,8.097,0.3935,3.186,0,0,0.0,0.3935,2,10.226,0,NORMAL
2026-08-19 10:00:00,R1,7.098,10.374,0.6843,7.098,0,0,0.0,0.6843,3,11.972,0,NORMAL
2026-08-19 10:00:00,R2,2.88,7.639,0.377,2.88,0,0,0.0,0.377,2,10.839,0,NORMAL
2026-08-19 10:15:00,R1,6.933,10.941,0.6337,6.933,0,0,0.0,0.6337,3,11.352,0,NORMAL
2026-08-19 10:15:00,R2,3.55,8.964,0.3961,3.55,0,0,0.0,0.3961,2,9.237,0,NORMAL
2026-08-19 10:30:00,R1,7.396,11.333,0.6526,7.396,0,0,0.0,0.6526,3,10.959,0,NORMAL
2026-08-19 10:30:00,R2,3.053,8.471,0.3604,3.053,0,0,0.0,0.3604,2,9.774,0,NORMAL
2026-08-19 10:45:00,R1,6.999,10.679,0.6554,6.999,0,0,0.0,0.6554,3,11.631,0,NORMAL
2026-08-19 10:45:00,R2,3.071,8.144,0.377,3.071,0,0,0.0,0.377,2,10.167,0,NORMAL
2026-08-19 11:00:00,R1,6.761,11.199,0.6037,6.761,0,0,0.0,0.6037,3,11.09,0,NORMAL
2026-08-19 11:00:00,R2,2.769,7.788,0.3556,2.769,0,0,0.0,0.3556,2,10.631,0,NORMAL
2026-08-19 11:15:00,R1,6.966,11.271,0.618,6.966,0,0,0.0,0.618,3,11.019,0,NORMAL
2026-08-19 11:15:00,R2,3.345,7.675,0.4358,3.345,0,0,0.0,0.4358,2,10.788,0,NORMAL
2026-08-19 11:30:00,R1,6.434,10.536,0.6107,6.434,0,0,0.0,0.6107,3,11.788,0,NORMAL
2026-08-19 11:30:00,R2,2.806,8.085,0.347,2.806,0,0,0.0,0.347,2,10.242,0,NORMAL
2026-08-19 11:45:00,R1,6.316,10.577,0.5971,6.316,0,0,0.0,0.5971,3,11.742,0,NORMAL
2026-08-19 11:45:00,R2,2.528,8.039,0.3145,2.528,0,0,0.0,0.3145,2,10.3,0,NORMAL
2026-08-19 12:00:00,R1,6.765,10.116,0.6687,6.765,0,0,0.0,0.6687,3,12.278,0,NORMAL
2026-08-19 12:00:00,R2,2.982,8.312,0.3587,2.982,0,0,0.0,0.3587,2,9.961,0,NORMAL
2026-08-19 12:15:00,R1,7.223,10.039,0.7195,7.223,0,0,0.0,0.7195,3,12.372,0,NORMAL
2026-08-19 12:15:00,R2,2.954,8.033,0.3677,2.954,0,0,0.0,0.3677,2,10.307,0,NORMAL
2026-08-19 12:30:00,R1,6.931,11.591,0.598,6.931,0,0,0.0,0.598,3,10.716,0,NORMAL
2026-08-19 12:30:00,R2,2.654,8.191,0.3241,2.654,0,0,0.0,0.3241,2,10.109,0,NORMAL
2026-08-19 12:45:00,R1,6.635,10.099,0.657,6.635,0,0,0.0,0.657,3,12.299,0,NORMAL
2026-08-19 12:45:00,R2,2.787,8.272,0.3369,2.787,0,0,0.0,0.3369,2,10.01,0,NORMAL
2026-08-19 13:00:00,R1,7.17,6.744,1.0633,6.744,0,0.427,0.0,1.0633,2,12.278,0,HIGH
2026-08-19 13:00:00,R2,3.073,8.133,0.3778,3.073,0,0,0.0,0.3778,2,10.18,0,NORMAL
2026-08-19 13:15:00,R1,6.893,6.671,1.0334,6.671,0.427,0.649,0.959,1.0973,2,12.413,0,HIGH
2026-08-19 13:15:00,R2,2.57,8.576,0.2997,2.57,0,0,0.0,0.2997,2,9.655,0,NORMAL
2026-08-19 13:30:00,R1,7.505,10.435,0.7192,8.154,0.649,0,0.933,0.7814,3,11.902,0,WARNING
2026-08-19 13:30:00,R2,2.977,8.27,0.36,2.977,0,0,0.0,0.36,2,10.013,0,NORMAL
2026-08-19 13:45:00,R1,7.277,11.027,0.66,7.277,0,0,0.0,0.66,3,11.264,0,NORMAL
2026-08-19 13:45:00,R2,2.794,8.024,0.3482,2.794,0,0,0.0,0.3482,2,10.319,0,NORMAL
2026-08-19 14:00:00,R1,8.266,10.289,0.8033,8.266,0,0,0.0,0.8033,3,12.071,0,WARNING
2026-08-19 14:00:00,R2,2.511,8.194,0.3064,2.511,0,0,0.0,0.3064,2,10.105,0,NORMAL
2026-08-19 14:15:00,R1,7.559,10.221,0.7395,7.559,0,0,0.0,0.7395,3,12.151,0,NORMAL
2026-08-19 14:15:00,R2,3.039,7.809,0.3892,3.039,0,0,0.0,0.3892,2,10.604,0,NORMAL
2026-08-19 14:30:00,R1,7.613,10.161,0.7492,7.613,0,0,0.0,0.7492,3,12.223,0,NORMAL
2026-08-19 14:30:00,R2,2.533,8.542,0.2965,2.533,0,0,0.0,0.2965,2,9.693,0,NORMAL
2026-08-19 14:45:00,R1,7.652,10.494,0.7292,7.652,0,0,0.0,0.7292,3,11.835,0,NORMAL
2026-08-19 14:45:00,R2,2.949,8.422,0.3501,2.949,0,0,0.0,0.3501,2,9.832,0,NORMAL
2026-08-19 15:00:00,R1,7.041,11.051,0.6371,7.041,0,0,0.0,0.6371,3,11.239,0,NORMAL
2026-08-19 15:00:00,R2,2.794,8.311,0.3361,2.794,0,0,0.0,0.3361,2,9.962,0,NORMAL
2026-08-19 15:15:00,R1,7.035,10.127,0.6947,7.035,0,0,0.0,0.6947,3,12.264,0,NORMAL
2026-08-19 15:15:00,R2,2.809,7.979,0.352,2.809,0,0,0.0,0.352,2,10.377,0,NORMAL
2026-08-19 15:30:00,R1,7.137,10.846,0.658,7.137,0,0,0.0,0.658,3,11.451,0,NORMAL
2026-08-19 15:30:00,R2,2.472,7.772,0.318,2.472,0,0,0.0,0.318,2,10.653,0,NORMAL
2026-08-19 15:45:00,R1,7.343,10.304,0.7126,7.343,0,0,0.0,0.7126,3,12.053,0,NORMAL
2026-08-19 15:45:00,R2,2.665,8.051,0.331,2.665,0,0,0.0,0.331,2,10.285,0,NORMAL
2026-08-19 16:00:00,R1,6.641,10.845,0.6123,6.641,0,0,0.0,0.6123,3,11.452,0,NORMAL
2026-08-19 16:00:00,R2,2.881,8.234,0.35,2.881,0,0,0.0,0.35,2,10.056,0,NORMAL
2026-08-19 16:15:00,R1,7.616,10.383,0.7335,7.616,0,0,0.0,0.7335,3,11.961,0,NORMAL
2026-08-19 16:15:00,R2,2.682,8.169,0.3284,2.682,0,0,0.0,0.3284,2,10.136,0,NORMAL
2026-08-19 16:30:00,R1,7.22,11.119,0.6494,7.22,0,0,0.0,0.6494,3,11.171,0,NORMAL
2026-08-19 16:30:00,R2,2.678,8.016,0.3341,2.678,0,0,0.0,0.3341,2,10.329,0,NORMAL
2026-08-19 16:45:00,R1,7.685,11.285,0.681,7.685,0,0,0.0,0.681,3,11.006,0,NORMAL
2026-08-19 16:45:00,R2,2.792,8.136,0.3432,2.792,0,0,0.0,0.3432,2,10.177,0,NORMAL
2026-08-19 17:00:00,R1,6.507,10.826,0.6011,6.507,0,0,0.0,0.6011,3,11.472,0,NORMAL
2026-08-19 17:00:00,R2,2.682,7.97,0.3365,2.682,0,0,0.0,0.3365,2,10.389,0,NORMAL
2026-08-19 17:15:00,R1,7.779,10.812,0.7195,7.779,0,0,0.0,0.7195,3,11.487,0,NORMAL
2026-08-19 17:15:00,R2,2.731,8.426,0.3241,2.731,0,0,0.0,0.3241,2,9.827,0,NORMAL
2026-08-19 17:30:00,R1,6.7,10.582,0.6332,6.7,0,0,0.0,0.6332,3,11.737,0,NORMAL
2026-08-19 17:30:00,R2,2.988,8.092,0.3693,2.988,0,0,0.0,0.3693,2,10.233,0,NORMAL
2026-08-19 17:45:00,R1,7.585,10.014,0.7574,7.585,0,0,0.0,0.7574,3,12.402,0,WARNING
2026-08-19 17:45:00,R2,2.92,7.982,0.3658,2.92,0,0,0.0,0.3658,2,10.373,0,NORMAL
2026-08-19 18:00:00,R1,7.058,10.992,0.6422,7.058,0,0,0.0,0.6422,3,11.299,0,NORMAL
2026-08-19 18:00:00,R2,2.756,8.448,0.3262,2.756,0,0,0.0,0.3262,2,9.801,0,NORMAL
2026-08-19 18:15:00,R1,7.08,11.439,0.6189,7.08,0,0,0.0,0.6189,3,10.858,0,NORMAL
2026-08-19 18:15:00,R2,2.912,8.201,0.355,2.912,0,0,0.0,0.355,2,10.096,0,NORMAL
2026-08-19 18:30:00,R1,6.962,11.308,0.6157,6.962,0,0,0.0,0.6157,3,10.984,0,NORMAL
2026-08-19 18:30:00,R2,2.808,3.955,0.7098,2.808,0,0,0.0,0.7098,1,10.467,0,NORMAL
2026-08-19 18:45:00,R1,7.771,11.04,0.7039,7.771,0,0,0.0,0.7039,3,11.25,0,NORMAL
2026-08-19 18:45:00,R2,3.083,8.041,0.3835,3.083,0,0,0.0,0.3835,2,10.298,0,NORMAL
2026-08-19 19:00:00,R1,6.846,10.465,0.6542,6.846,0,0,0.0,0.6542,3,11.868,0,NORMAL
2026-08-19 19:00:00,R2,2.872,8.124,0.3535,2.872,0,0,0.0,0.3535,2,10.192,0,NORMAL
2026-08-19 19:15:00,R1,5.938,11.078,0.536,5.938,0,0,0.0,0.536,3,11.211,0,NORMAL
2026-08-19 19:15:00,R2,2.547,4.423,0.5759,2.547,0,0,0.0,0.5759,1,9.36,0,NORMAL
2026-08-19 19:30:00,R1,7.341,10.425,0.7041,7.341,0,0,0.0,0.7041,3,11.914,0,NORMAL
2026-08-19 19:30:00,R2,2.85,8.045,0.3543,2.85,0,0,0.0,0.3543,2,10.292,0,NORMAL
2026-08-19 19:45:00,R1,7.134,10.503,0.6792,7.134,0,0,0.0,0.6792,3,11.825,0,NORMAL
2026-08-19 19:45:00,R2,3.022,7.866,0.3842,3.022,0,0,0.0,0.3842,2,10.526,0,NORMAL
2026-08-19 20:00:00,R1,6.893,10.256,0.6721,6.893,0,0,0.0,0.6721,3,12.11,0,NORMAL
2026-08-19 20:00:00,R2,2.755,8.259,0.3336,2.755,0,0,0.0,0.3336,2,10.026,0,NORMAL
2026-08-19 20:15:00,R1,6.805,10.516,0.6471,6.805,0,0,0.0,0.6471,3,11.81,0,NORMAL
2026-08-19 20:15:00,R2,3.112,8.216,0.3788,3.112,0,0,0.0,0.3788,2,10.077,0,NORMAL
2026-08-19 20:30:00,R1,6.626,10.897,0.6081,6.626,0,0,0.0,0.6081,3,11.397,0,NORMAL
2026-08-19 20:30:00,R2,3.266,7.966,0.41,3.266,0,0,0.0,0.41,2,10.394,0,NORMAL
2026-08-19 20:45:00,R1,6.965,10.713,0.6502,6.965,0,0,0.0,0.6502,3,11.594,0,NORMAL
2026-08-19 20:45:00,R2,2.578,8.314,0.31,2.578,0,0,0.0,0.31,2,9.96,0,NORMAL
2026-08-19 21:00:00,R1,7.129,10.711,0.6655,7.129,0,0,0.0,0.6655,3,11.596,0,NORMAL
2026-08-19 21:00:00,R2,2.619,8.49,0.3085,2.619,0,0,0.0,0.3085,2,9.752,0,NORMAL
2026-08-19 21:15:00,R1,6.933,6.852,1.0119,6.852,0,0.081,0.0,1.0119,2,12.084,0,HIGH
2026-08-19 21:15:00,R2,2.805,7.823,0.3586,2.805,0,0,0.0,0.3586,2,10.585,0,NORMAL
2026-08-19 21:30:00,R1,6.665,10.98,0.607,6.746,0.081,0,0.111,0.6144,3,11.312,0,NORMAL
2026-08-19 21:30:00,R2,2.953,8.086,0.3652,2.953,0,0,0.0,0.3652,2,10.24,0,NORMAL
2026-08-19 21:45:00,R1,6.839,10.5,0.6513,6.839,0,0,0.0,0.6513,3,11.829,0,NORMAL
2026-08-19 21:45:00,R2,2.988,8.167,0.3659,2.988,0,0,0.0,0.3659,2,10.138,0,NORMAL
2026-08-19 22:00:00,R1,5.351,10.437,0.5126,5.351,0,0,0.0,0.5126,3,11.9,0,NORMAL
2026-08-19 22:00:00,R2,2.183,8.096,0.2697,2.183,0,0,0.0,0.2697,2,10.227,0,NORMAL
2026-08-19 22:15:00,R1,4.695,10.028,0.4682,4.695,0,0,0.0,0.4682,3,12.386,0,NORMAL
2026-08-19 22:15:00,R2,2.299,8.416,0.2732,2.299,0,0,0.0,0.2732,2,9.838,0,NORMAL
2026-08-19 22:30:00,R1,5.481,10.506,0.5217,5.481,0,0,0.0,0.5217,3,11.821,0,NORMAL
2026-08-19 22:30:00,R2,2.479,8.099,0.3061,2.479,0,0,0.0,0.3061,2,10.223,0,NORMAL
2026-08-19 22:45:00,R1,5.525,10.443,0.5291,5.525,0,0,0.0,0.5291,3,11.893,0,NORMAL
2026-08-19 22:45:00,R2,2.612,8.081,0.3233,2.612,0,0,0.0,0.3233,2,10.247,0,NORMAL
2026-08-19 23:00:00,R1,5.378,10.283,0.5229,5.378,0,0,0.0,0.5229,3,12.078,0,NORMAL
2026-08-19 23:00:00,R2,2.204,7.984,0.2761,2.204,0,0,0.0,0.2761,2,10.371,0,NORMAL
2026-08-19 23:15:00,R1,5.376,6.936,0.7752,5.376,0,0,0.0,0.7752,2,11.938,0,WARNING
2026-08-19 23:15:00,R2,2.782,8.38,0.332,2.782,0,0,0.0,0.332,2,9.881,0,NORMAL
2026-08-19 23:30:00,R1,5.622,10.753,0.5228,5.622,0,0,0.0,0.5228,3,11.551,0,NORMAL
2026-08-19 23:30:00,R2,2.306,7.668,0.3008,2.306,0,0,0.0,0.3008,2,10.798,0,NORMAL
2026-08-19 23:45:00,R1,4.792,7.128,0.6724,4.792,0,0,0.0,0.6724,2,11.616,0,NORMAL
2026-08-19 23:45:00,R2,2.366,8.249,0.2869,2.366,0,0,0.0,0.2869,2,10.037,0,NORMAL
2026-08-20 00:00:00,R1,5.381,10.83,0.4968,5.381,0,0,0.0,0.4968,3,11.468,0,NORMAL
2026-08-20 00:00:00,R2,2.619,8.39,0.3122,2.619,0,0,0.0,0.3122,2,9.869,0,NORMAL
2026-08-20 00:15:00,R1,5.729,10.73,0.5339,5.729,0,0,0.0,0.5339,3,11.575,0,NORMAL
2026-08-20 00:15:00,R2,2.831,7.692,0.368,2.831,0,0,0.0,0.368,2,10.764,0,NORMAL
2026-08-20 00:30:00,R1,5.164,10.852,0.4758,5.164,0,0,0.0,0.4758,3,11.445,0,NORMAL
2026-08-20 00:30:00,R2,2.231,8.25,0.2704,2.231,0,0,0.0,0.2704,2,10.036,0,NORMAL
2026-08-20 00:45:00,R1,5.402,11.224,0.4813,5.402,0,0,0.0,0.4813,3,11.065,0,NORMAL
2026-08-20 00:45:00,R2,2.501,7.961,0.3141,2.501,0,0,0.0,0.3141,2,10.401,0,NORMAL
2026-08-20 01:00:00,R1,5.781,11.376,0.5082,5.781,0,0,0.0,0.5082,3,10.918,0,NORMAL
2026-08-20 01:00:00,R2,2.65,8.159,0.3249,2.65,0,0,0.0,0.3249,2,10.149,0,NORMAL
2026-08-20 01:15:00,R1,4.443,10.699,0.4153,4.443,0,0,0.0,0.4153,3,11.609,0,NORMAL
2026-08-20 01:15:00,R2,2.464,8.037,0.3066,2.464,0,0,0.0,0.3066,2,10.303,0,NORMAL
2026-08-20 01:30:00,R1,5.276,10.179,0.5183,5.276,0,0,0.0,0.5183,3,12.201,0,NORMAL
2026-08-20 01:30:00,R2,2.522,7.934,0.3178,2.522,0,0,0.0,0.3178,2,10.436,0,NORMAL
2026-08-20 01:45:00,R1,5.252,10.336,0.5081,5.252,0,0,0.0,0.5081,3,12.016,0,NORMAL
2026-08-20 01:45:00,R2,2.569,7.96,0.3227,2.569,0,0,0.0,0.3227,2,10.403,0,NORMAL
2026-08-20 02:00:00,R1,5.214,10.212,0.5106,5.214,0,0,0.0,0.5106,3,12.162,0,NORMAL
2026-08-20 02:00:00,R2,2.764,8.297,0.3331,2.764,0,0,0.0,0.3331,2,9.98,0,NORMAL
2026-08-20 02:15:00,R1,5.029,11.2,0.449,5.029,0,0,0.0,0.449,3,11.089,0,NORMAL
2026-08-20 02:15:00,R2,2.425,7.731,0.3137,2.425,0,0,0.0,0.3137,2,10.711,0,NORMAL
2026-08-20 02:30:00,R1,4.237,10.74,0.3945,4.237,0,0,0.0,0.3945,3,11.564,0,NORMAL
2026-08-20 02:30:00,R2,2.375,7.607,0.3122,2.375,0,0,0.0,0.3122,2,10.884,0,NORMAL
2026-08-20 02:45:00,R1,5.141,11.613,0.4427,5.141,0,0,0.0,0.4427,3,10.695,0,NORMAL
2026-08-20 02:45:00,R2,2.538,8.094,0.3135,2.538,0,0,0.0,0.3135,2,10.23,0,NORMAL
2026-08-20 03:00:00,R1,5.72,10.798,0.5297,5.72,0,0,0.0,0.5297,3,11.502,0,NORMAL
2026-08-20 03:00:00,R2,2.793,7.857,0.3555,2.793,0,0,0.0,0.3555,2,10.538,0,NORMAL
2026-08-20 03:15:00,R1,5.604,10.219,0.5483,5.604,0,0,0.0,0.5483,3,12.153,0,NORMAL
2026-08-20 03:15:00,R2,2.006,8.135,0.2466,2.006,0,0,0.0,0.2466,2,10.178,0,NORMAL
2026-08-20 03:30:00,R1,5.586,11.304,0.4942,5.586,0,0,0.0,0.4942,3,10.988,0,NORMAL
2026-08-20 03:30:00,R2,2.783,8.411,0.3308,2.783,0,0,0.0,0.3308,2,9.844,0,NORMAL
2026-08-20 03:45:00,R1,5.618,11.046,0.5086,5.618,0,0,0.0,0.5086,3,11.244,0,NORMAL
2026-08-20 03:45:00,R2,2.87,7.693,0.3731,2.87,0,0,0.0,0.3731,2,10.763,0,NORMAL
2026-08-20 04:00:00,R1,5.573,10.673,0.5222,5.573,0,0,0.0,0.5222,3,11.637,0,NORMAL
2026-08-20 04:00:00,R2,2.561,7.715,0.3319,2.561,0,0,0.0,0.3319,2,10.733,0,NORMAL
2026-08-20 04:15:00,R1,5.502,10.808,0.509,5.502,0,0,0.0,0.509,3,11.492,0,NORMAL
2026-08-20 04:15:00,R2,2.463,8.144,0.3024,2.463,0,0,0.0,0.3024,2,10.167,0,NORMAL
2026-08-20 04:30:00,R1,5.948,10.366,0.5738,5.948,0,0,0.0,0.5738,3,11.981,0,NORMAL
2026-08-20 04:30:00,R2,2.09,8.207,0.2547,2.09,0,0,0.0,0.2547,2,10.089,0,NORMAL
2026-08-20 04:45:00,R1,5.969,10.268,0.5813,5.969,0,0,0.0,0.5813,3,12.096,0,NORMAL
2026-08-20 04:45:00,R2,1.87,8.382,0.2231,1.87,0,0,0.0,0.2231,2,9.879,0,NORMAL
2026-08-20 05:00:00,R1,6.173,10.268,0.6012,6.173,0,0,0.0,0.6012,3,12.096,0,NORMAL
2026-08-20 05:00:00,R2,2.555,8.076,0.3164,2.555,0,0,0.0,0.3164,2,10.253,0,NORMAL
2026-08-20 05:15:00,R1,5.117,11.136,0.4595,5.117,0,0,0.0,0.4595,3,11.153,0,NORMAL
2026-08-20 05:15:00,R2,2.79,8.263,0.3376,2.79,0,0,0.0,0.3376,2,10.02,0,NORMAL
2026-08-20 05:30:00,R1,5.71,10.709,0.5332,5.71,0,0,0.0,0.5332,3,11.597,0,NORMAL
2026-08-20 05:30:00,R2,2.554,8.799,0.2903,2.554,0,0,0.0,0.2903,2,9.411,0,NORMAL
2026-08-20 05:45:00,R1,5.561,11.314,0.4915,5.561,0,0,0.0,0.4915,3,10.977,0,NORMAL
2026-08-20 05:45:00,R2,2.397,8.259,0.2903,2.397,0,0,0.0,0.2903,2,10.026,0,NORMAL
2026-08-20 06:00:00,R1,6.772,11.044,0.6132,6.772,0,0,0.0,0.6132,3,11.246,0,NORMAL
2026-08-20 06:00:00,R2,3.389,7.888,0.4296,3.389,0,0,0.0,0.4296,2,10.497,0,NORMAL
2026-08-20 06:15:00,R1,6.951,10.602,0.6557,6.951,0,0,0.0,0.6557,3,11.715,0,NORMAL
2026-08-20 06:15:00,R2,3.361,7.589,0.4429,3.361,0,0,0.0,0.4429,2,10.911,0,NORMAL
2026-08-20 06:30:00,R1,7.225,10.508,0.6876,7.225,0,0,0.0,0.6876,3,11.82,0,NORMAL
2026-08-20 06:30:00,R2,3.147,7.923,0.3973,3.147,0,0,0.0,0.3973,2,10.451,0,NORMAL
2026-08-20 06:45:00,R1,6.521,10.829,0.6022,6.521,0,0,0.0,0.6022,3,11.47,0,NORMAL
2026-08-20 06:45:00,R2,3.073,8.422,0.3649,3.073,0,0,0.0,0.3649,2,9.832,0,NORMAL
2026-08-20 07:00:00,R1,6.717,10.515,0.6388,6.717,0,0,0.0,0.6388,3,11.812,0,NORMAL
2026-08-20 07:00:00,R2,2.76,8.075,0.3418,2.76,0,0,0.0,0.3418,2,10.254,0,NORMAL
2026-08-20 07:15:00,R1,7.053,10.869,0.6489,7.053,0,0,0.0,0.6489,3,11.427,0,NORMAL
2026-08-20 07:15:00,R2,2.857,8.158,0.3502,2.857,0,0,0.0,0.3502,2,10.15,0,NORMAL
2026-08-20 07:30:00,R1,7.275,11.3,0.6438,7.275,0,0,0.0,0.6438,3,10.991,0,NORMAL
2026-08-20 07:30:00,R2,3.188,8.334,0.3825,3.188,0,0,0.0,0.3825,2,9.936,0,NORMAL
2026-08-20 07:45:00,R1,6.112,10.554,0.5791,6.112,0,0,0.0,0.5791,3,11.768,0,NORMAL
2026-08-20 07:45:00,R2,3.046,7.904,0.3854,3.046,0,0,0.0,0.3854,2,10.476,0,NORMAL
2026-08-20 08:00:00,R1,7.15,10.71,0.6676,7.15,0,0,0.0,0.6676,3,11.597,0,NORMAL
2026-08-20 08:00:00,R2,3.183,8.256,0.3856,3.183,0,0,0.0,0.3856,2,10.029,0,NORMAL
2026-08-20 08:15:00,R1,7.046,11.356,0.6205,7.046,0,0,0.0,0.6205,3,10.936,0,NORMAL
2026-08-20 08:15:00,R2,2.926,8.242,0.355,2.926,0,0,0.0,0.355,2,10.046,0,NORMAL
2026-08-20 08:30:00,R1,6.597,10.696,0.6168,6.597,0,0,0.0,0.6168,3,11.612,0,NORMAL
2026-08-20 08:30:00,R2,3.109,7.75,0.4011,3.109,0,0,0.0,0.4011,2,10.684,0,NORMAL
2026-08-20 08:45:00,R1,7.376,10.661,0.6918,7.376,0,0,0.0,0.6918,3,11.649,0,NORMAL
2026-08-20 08:45:00,R2,3.05,8.131,0.3751,3.05,0,0,0.0,0.3751,2,10.184,0,NORMAL
2026-08-20 09:00:00,R1,7.43,10.558,0.7037,7.43,0,0,0.0,0.7037,3,11.764,0,NORMAL
2026-08-20 09:00:00,R2,2.659,7.981,0.3332,2.659,0,0,0.0,0.3332,2,10.374,0,NORMAL
2026-08-20 09:15:00,R1,6.496,11.002,0.5905,6.496,0,0,0.0,0.5905,3,11.289,0,NORMAL
2026-08-20 09:15:00,R2,2.787,8.145,0.3422,2.787,0,0,0.0,0.3422,2,10.165,0,NORMAL
2026-08-20 09:30:00,R1,7.039,10.74,0.6554,7.039,0,0,0.0,0.6554,3,11.564,0,NORMAL
2026-08-20 09:30:00,R2,2.794,8.009,0.3488,2.794,0,0,0.0,0.3488,2,10.338,0,NORMAL
2026-08-20 09:45:00,R1,7.186,11.158,0.6441,7.186,0,0,0.0,0.6441,3,11.131,0,NORMAL
2026-08-20 09:45:00,R2,3.016,8.673,0.3477,3.016,0,0,0.0,0.3477,2,9.547,0,NORMAL
2026-08-20 10:00:00,R1,7.592,10.695,0.7099,7.592,0,0,0.0,0.7099,3,11.613,0,NORMAL
2026-08-20 10:00:00,R2,2.891,3.902,0.741,2.891,0,0,0.0,0.741,1,10.61,0,NORMAL
2026-08-20 10:15:00,R1,6.839,6.719,1.0178,6.719,0,0.12,0.0,1.0178,2,12.323,0,HIGH
2026-08-20 10:15:00,R2,2.928,8.391,0.349,2.928,0,0,0.0,0.349,2,9.868,0,NORMAL
2026-08-20 10:30:00,R1,7.874,10.626,0.741,7.994,0.12,0,0.169,0.7523,3,11.689,0,WARNING
2026-08-20 10:30:00,R2,2.778,8.336,0.3333,2.778,0,0,0.0,0.3333,2,9.933,0,NORMAL
2026-08-20 10:45:00,R1,7.247,10.56,0.6863,7.247,0,0,0.0,0.6863,3,11.761,0,NORMAL
2026-08-20 10:45:00,R2,3.014,7.611,0.396,3.014,0,0,0.0,0.396,2,10.88,0,NORMAL
2026-08-20 11:00:00,R1,6.57,10.854,0.6053,6.57,0,0,0.0,0.6053,3,11.443,0,NORMAL
2026-08-20 11:00:00,R2,2.827,8.615,0.3282,2.827,0,0,0.0,0.3282,2,9.612,0,NORMAL
2026-08-20 11:15:00,R1,7.785,11.291,0.6895,7.785,0,0,0.0,0.6895,3,11.0,0,NORMAL
2026-08-20 11:15:00,R2,3.022,8.592,0.3518,3.022,0,0,0.0,0.3518,2,9.637,0,NORMAL
2026-08-20 11:30:00,R1,6.403,10.852,0.59,6.403,0,0,0.0,0.59,3,11.445,0,NORMAL
2026-08-20 11:30:00,R2,2.703,8.502,0.318,2.703,0,0,0.0,0.318,2,9.739,0,NORMAL
2026-08-20 11:45:00,R1,5.944,10.56,0.5629,5.944,0,0,0.0,0.5629,3,11.761,0,NORMAL
2026-08-20 11:45:00,R2,2.743,7.948,0.3451,2.743,0,0,0.0,0.3451,2,10.418,0,NORMAL
2026-08-20 12:00:00,R1,6.472,10.756,0.6017,6.472,0,0,0.0,0.6017,3,11.547,0,NORMAL
2026-08-20 12:00:00,R2,3.133,8.0,0.3916,3.133,0,0,0.0,0.3916,2,10.35,0,NORMAL
2026-08-20 12:15:00,R1,6.864,11.183,0.6138,6.864,0,0,0.0,0.6138,3,11.106,0,NORMAL
2026-08-20 12:15:00,R2,3.206,8.925,0.3592,3.206,0,0,0.0,0.3592,2,9.277,0,NORMAL
2026-08-20 12:30:00,R1,7.41,6.126,1.2097,6.126,0,1.284,0.0,1.2097,2,13.517,0,HIGH
2026-08-20 12:30:00,R2,2.786,8.075,0.3451,2.786,0,0,0.0,0.3451,2,10.253,0,NORMAL
2026-08-20 12:45:00,R1,7.01,6.531,1.0735,6.531,1.284,1.764,2.95,1.25,2,12.679,0,HIGH
2026-08-20 12:45:00,R2,2.804,8.075,0.3472,2.804,0,0,0.0,0.3472,2,10.254,0,NORMAL
2026-08-20 13:00:00,R1,7.152,10.312,0.6936,8.917,1.764,0,2.566,0.8647,3,12.044,0,WARNING
2026-08-20 13:00:00,R2,3.118,8.101,0.3849,3.118,0,0,0.0,0.3849,2,10.221,0,NORMAL
2026-08-20 13:15:00,R1,6.738,10.158,0.6633,6.738,0,0,0.0,0.6633,3,12.227,0,NORMAL
2026-08-20 13:15:00,R2,2.442,8.26,0.2957,2.442,0,0,0.0,0.2957,2,10.024,0,NORMAL
2026-08-20 13:30:00,R1,7.427,10.802,0.6876,7.427,0,0,0.0,0.6876,3,11.498,0,NORMAL
2026-08-20 13:30:00,R2,2.584,8.337,0.31,2.584,0,0,0.0,0.31,2,9.931,0,NORMAL
2026-08-20 13:45:00,R1,6.948,10.753,0.6461,6.948,0,0,0.0,0.6461,3,11.55,0,NORMAL
2026-08-20 13:45:00,R2,2.782,7.88,0.353,2.782,0,0,0.0,0.353,2,10.507,0,NORMAL
2026-08-20 14:00:00,R1,7.126,10.493,0.6791,7.126,0,0,0.0,0.6791,3,11.836,0,NORMAL
2026-08-20 14:00:00,R2,2.519,8.1,0.3109,2.519,0,0,0.0,0.3109,2,10.222,0,NORMAL
2026-08-20 14:15:00,R1,7.501,10.234,0.7329,7.501,0,0,0.0,0.7329,3,12.135,0,NORMAL
2026-08-20 14:15:00,R2,2.612,8.195,0.3187,2.612,0,0,0.0,0.3187,2,10.104,0,NORMAL
2026-08-20 14:30:00,R1,7.38,11.216,0.658,7.38,0,0,0.0,0.658,3,11.073,0,NORMAL
2026-08-20 14:30:00,R2,2.811,3.881,0.7242,2.811,0,0,0.0,0.7242,1,10.666,0,NORMAL
2026-08-20 14:45:00,R1,7.466,11.22,0.6654,7.466,0,0,0.0,0.6654,3,11.069,0,NORMAL
2026-08-20 14:45:00,R2,3.117,8.14,0.3829,3.117,0,0,0.0,0.3829,2,10.173,0,NORMAL
2026-08-20 15:00:00,R1,7.909,11.21,0.7056,7.909,0,0,0.0,0.7056,3,11.08,0,NORMAL
2026-08-20 15:00:00,R2,3.128,8.208,0.3811,3.128,0,0,0.0,0.3811,2,10.087,0,NORMAL
2026-08-20 15:15:00,R1,7.72,10.407,0.7418,7.72,0,0,0.0,0.7418,3,11.934,0,NORMAL
2026-08-20 15:15:00,R2,2.6,7.91,0.3287,2.6,0,0,0.0,0.3287,2,10.467,0,NORMAL
2026-08-20 15:30:00,R1,7.844,10.996,0.7134,7.844,0,0,0.0,0.7134,3,11.295,0,NORMAL
2026-08-20 15:30:00,R2,2.974,8.163,0.3644,2.974,0,0,0.0,0.3644,2,10.144,0,NORMAL
2026-08-20 15:45:00,R1,7.766,11.119,0.6984,7.766,0,0,0.0,0.6984,3,11.17,0,NORMAL
2026-08-20 15:45:00,R2,2.758,8.055,0.3424,2.758,0,0,0.0,0.3424,2,10.279,0,NORMAL
2026-08-20 16:00:00,R1,7.824,10.751,0.7278,7.824,0,0,0.0,0.7278,3,11.553,0,NORMAL
2026-08-20 16:00:00,R2,2.456,8.281,0.2966,2.456,0,0,0.0,0.2966,2,9.999,0,NORMAL
2026-08-20 16:15:00,R1,7.638,10.854,0.7037,7.638,0,0,0.0,0.7037,3,11.443,0,NORMAL
2026-08-20 16:15:00,R2,2.908,8.268,0.3518,2.908,0,0,0.0,0.3518,2,10.014,0,NORMAL
2026-08-20 16:30:00,R1,7.402,10.871,0.6809,7.402,0,0,0.0,0.6809,3,11.425,0,NORMAL
2026-08-20 16:30:00,R2,2.778,7.996,0.3474,2.778,0,0,0.0,0.3474,2,10.355,0,NORMAL
2026-08-20 16:45:00,R1,7.102,10.677,0.6651,7.102,0,0,0.0,0.6651,3,11.632,0,NORMAL
2026-08-20 16:45:00,R2,2.765,7.895,0.3502,2.765,0,0,0.0,0.3502,2,10.488,0,NORMAL
2026-08-20 17:00:00,R1,7.422,10.65,0.6969,7.422,0,0,0.0,0.6969,3,11.662,0,NORMAL
2026-08-20 17:00:00,R2,2.938,8.247,0.3563,2.938,0,0,0.0,0.3563,2,10.04,0,NORMAL
2026-08-20 17:15:00,R1,7.196,10.996,0.6545,7.196,0,0,0.0,0.6545,3,11.295,0,NORMAL
2026-08-20 17:15:00,R2,3.268,8.043,0.4063,3.268,0,0,0.0,0.4063,2,10.295,0,NORMAL
2026-08-20 17:30:00,R1,7.148,10.789,0.6626,7.148,0,0,0.0,0.6626,3,11.512,0,NORMAL
2026-08-20 17:30:00,R2,2.944,8.492,0.3467,2.944,0,0,0.0,0.3467,2,9.751,0,NORMAL
2026-08-20 17:45:00,R1,7.612,10.397,0.7322,7.612,0,0,0.0,0.7322,3,11.946,0,NORMAL
2026-08-20 17:45:00,R2,2.799,7.958,0.3517,2.799,0,0,0.0,0.3517,2,10.405,0,NORMAL
2026-08-20 18:00:00,R1,7.204,10.409,0.6922,7.204,0,0,0.0,0.6922,3,11.932,0,NORMAL
2026-08-20 18:00:00,R2,2.987,7.959,0.3752,2.987,0,0,0.0,0.3752,2,10.403,0,NORMAL
2026-08-20 18:15:00,R1,7.581,10.965,0.6913,7.581,0,0,0.0,0.6913,3,11.327,0,NORMAL
2026-08-20 18:15:00,R2,3.009,7.998,0.3763,3.009,0,0,0.0,0.3763,2,10.353,0,NORMAL
2026-08-20 18:30:00,R1,7.642,10.79,0.7083,7.642,0,0,0.0,0.7083,3,11.511,0,NORMAL
2026-08-20 18:30:00,R2,2.741,7.733,0.3544,2.741,0,0,0.0,0.3544,2,10.707,0,NORMAL
2026-08-20 18:45:00,R1,7.512,10.481,0.7167,7.512,0,0,0.0,0.7167,3,11.85,0,NORMAL
2026-08-20 18:45:00,R2,2.936,8.135,0.3608,2.936,0,0,0.0,0.3608,2,10.178,0,NORMAL
2026-08-20 19:00:00,R1,6.445,10.903,0.5912,6.445,0,0,0.0,0.5912,3,11.391,0,NORMAL
2026-08-20 19:00:00,R2,2.867,8.089,0.3544,2.867,0,0,0.0,0.3544,2,10.236,0,NORMAL
2026-08-20 19:15:00,R1,6.128,10.326,0.5935,6.128,0,0,0.0,0.5935,3,12.027,0,NORMAL
2026-08-20 19:15:00,R2,2.94,7.624,0.3857,2.94,0,0,0.0,0.3857,2,10.861,0,NORMAL
2026-08-20 19:30:00,R1,7.511,10.985,0.6838,7.511,0,0,0.0,0.6838,3,11.306,0,NORMAL
2026-08-20 19:30:00,R2,2.862,8.018,0.357,2.862,0,0,0.0,0.357,2,10.327,0,NORMAL
2026-08-20 19:45:00,R1,6.843,10.404,0.6577,6.843,0,0,0.0,0.6577,3,11.938,0,NORMAL
2026-08-20 19:45:00,R2,2.906,7.644,0.3802,2.906,0,0,0.0,0.3802,2,10.832,0,NORMAL
2026-08-20 20:00:00,R1,6.796,10.405,0.6531,6.796,0,0,0.0,0.6531,3,11.936,0,NORMAL
2026-08-20 20:00:00,R2,2.601,7.79,0.3339,2.601,0,0,0.0,0.3339,2,10.629,0,NORMAL
2026-08-20 20:15:00,R1,7.097,10.722,0.6619,7.097,0,0,0.0,0.6619,3,11.584,0,NORMAL
2026-08-20 20:15:00,R2,2.634,7.515,0.3504,2.634,0,0,0.0,0.3504,2,11.017,0,NORMAL
2026-08-20 20:30:00,R1,6.645,10.998,0.6042,6.645,0,0,0.0,0.6042,3,11.293,0,NORMAL
2026-08-20 20:30:00,R2,2.699,7.756,0.3479,2.699,0,0,0.0,0.3479,2,10.675,0,NORMAL
2026-08-20 20:45:00,R1,7.455,10.381,0.7182,7.455,0,0,0.0,0.7182,3,11.964,0,NORMAL
2026-08-20 20:45:00,R2,2.779,8.165,0.3403,2.779,0,0,0.0,0.3403,2,10.141,0,NORMAL
2026-08-20 21:00:00,R1,7.241,11.003,0.6581,7.241,0,0,0.0,0.6581,3,11.288,0,NORMAL
2026-08-20 21:00:00,R2,3.031,8.113,0.3737,3.031,0,0,0.0,0.3737,2,10.206,0,NORMAL
2026-08-20 21:15:00,R1,7.122,10.497,0.6784,7.122,0,0,0.0,0.6784,3,11.831,0,NORMAL
2026-08-20 21:15:00,R2,3.23,8.226,0.3927,3.23,0,0,0.0,0.3927,2,10.066,0,NORMAL
2026-08-20 21:30:00,R1,7.104,10.593,0.6707,7.104,0,0,0.0,0.6707,3,11.725,0,NORMAL
2026-08-20 21:30:00,R2,3.001,8.148,0.3683,3.001,0,0,0.0,0.3683,2,10.161,0,NORMAL
2026-08-20 21:45:00,R1,6.944,6.142,1.1306,6.142,0,0.802,0.0,1.1306,2,13.481,0,HIGH
2026-08-20 21:45:00,R2,2.644,8.434,0.3135,2.644,0,0,0.0,0.3135,2,9.818,0,NORMAL
2026-08-20 22:00:00,R1,5.326,11.13,0.4786,6.128,0.802,0,1.081,0.5506,3,11.159,0,NORMAL
2026-08-20 22:00:00,R2,2.459,8.011,0.307,2.459,0,0,0.0,0.307,2,10.336,0,NORMAL
2026-08-20 22:15:00,R1,5.196,11.626,0.4469,5.196,0,0,0.0,0.4469,3,10.683,0,NORMAL
2026-08-20 22:15:00,R2,2.631,8.623,0.3051,2.631,0,0,0.0,0.3051,2,9.602,0,NORMAL
2026-08-20 22:30:00,R1,5.636,10.809,0.5214,5.636,0,0,0.0,0.5214,3,11.491,0,NORMAL
2026-08-20 22:30:00,R2,2.416,7.937,0.3044,2.416,0,0,0.0,0.3044,2,10.432,0,NORMAL
2026-08-20 22:45:00,R1,5.166,10.568,0.4888,5.166,0,0,0.0,0.4888,3,11.752,0,NORMAL
2026-08-20 22:45:00,R2,2.17,8.156,0.2661,2.17,0,0,0.0,0.2661,2,10.152,0,NORMAL
2026-08-20 23:00:00,R1,5.429,10.499,0.5171,5.429,0,0,0.0,0.5171,3,11.83,0,NORMAL
2026-08-20 23:00:00,R2,2.686,4.259,0.6307,2.686,0,0,0.0,0.6307,1,9.721,0,NORMAL
2026-08-20 23:15:00,R1,5.165,11.545,0.4474,5.165,0,0,0.0,0.4474,3,10.758,0,NORMAL
2026-08-20 23:15:00,R2,2.441,8.236,0.2964,2.441,0,0,0.0,0.2964,2,10.053,0,NORMAL
2026-08-20 23:30:00,R1,5.492,11.332,0.4846,5.492,0,0,0.0,0.4846,3,10.96,0,NORMAL
2026-08-20 23:30:00,R2,2.439,7.962,0.3064,2.439,0,0,0.0,0.3064,2,10.4,0,NORMAL
2026-08-20 23:45:00,R1,5.389,10.824,0.4979,5.389,0,0,0.0,0.4979,3,11.474,0,NORMAL
2026-08-20 23:45:00,R2,2.828,7.526,0.3758,2.828,0,0,0.0,0.3758,2,11.001,0,NORMAL
2026-08-21 00:00:00,R1,5.448,10.387,0.5245,5.448,0,0,0.0,0.5245,3,11.958,0,NORMAL
2026-08-21 00:00:00,R2,2.635,8.507,0.3097,2.635,0,0,0.0,0.3097,2,9.733,0,NORMAL
2026-08-21 00:15:00,R1,5.532,10.534,0.5252,5.532,0,0,0.0,0.5252,3,11.79,0,NORMAL
2026-08-21 00:15:00,R2,2.364,8.146,0.2902,2.364,0,0,0.0,0.2902,2,10.164,0,NORMAL
2026-08-21 00:30:00,R1,5.253,10.338,0.5081,5.253,0,0,0.0,0.5081,3,12.014,0,NORMAL
2026-08-21 00:30:00,R2,2.401,8.163,0.2941,2.401,0,0,0.0,0.2941,2,10.144,0,NORMAL
2026-08-21 00:45:00,R1,4.661,10.256,0.4544,4.661,0,0,0.0,0.4544,3,12.11,0,NORMAL
2026-08-21 00:45:00,R2,2.196,7.758,0.2831,2.196,0,0,0.0,0.2831,2,10.673,0,NORMAL
2026-08-21 01:00:00,R1,5.5,10.994,0.5002,5.5,0,0,0.0,0.5002,3,11.297,0,NORMAL
2026-08-21 01:00:00,R2,2.435,8.263,0.2946,2.435,0,0,0.0,0.2946,2,10.021,0,NORMAL
2026-08-21 01:15:00,R1,5.458,11.245,0.4853,5.458,0,0,0.0,0.4853,3,11.045,0,NORMAL
2026-08-21 01:15:00,R2,2.206,7.846,0.2812,2.206,0,0,0.0,0.2812,2,10.553,0,NORMAL
2026-08-21 01:30:00,R1,4.708,7.26,0.6485,4.708,0,0,0.0,0.6485,2,11.405,0,NORMAL
2026-08-21 01:30:00,R2,2.593,7.996,0.3244,2.593,0,0,0.0,0.3244,2,10.355,0,NORMAL
2026-08-21 01:45:00,R1,5.05,10.223,0.494,5.05,0,0,0.0,0.494,3,12.149,0,NORMAL
2026-08-21 01:45:00,R2,2.177,8.053,0.2703,2.177,0,0,0.0,0.2703,2,10.282,0,NORMAL
2026-08-21 02:00:00,R1,5.674,10.608,0.5349,5.674,0,0,0.0,0.5349,3,11.708,0,NORMAL
2026-08-21 02:00:00,R2,2.581,8.119,0.3179,2.581,0,0,0.0,0.3179,2,10.198,0,NORMAL
2026-08-21 02:15:00,R1,5.527,10.961,0.5042,5.527,0,0,0.0,0.5042,3,11.331,0,NORMAL
2026-08-21 02:15:00,R2,2.483,8.406,0.2954,2.483,0,0,0.0,0.2954,2,9.85,0,NORMAL
2026-08-21 02:30:00,R1,4.792,11.155,0.4296,4.792,0,0,0.0,0.4296,3,11.134,0,NORMAL
2026-08-21 02:30:00,R2,2.756,8.496,0.3244,2.756,0,0,0.0,0.3244,2,9.746,0,NORMAL
2026-08-21 02:45:00,R1,5.982,7.011,0.8532,5.982,0,0,0.0,0.8532,2,11.81,0,WARNING
2026-08-21 02:45:00,R2,2.515,7.576,0.332,2.515,0,0,0.0,0.332,2,10.93,0,NORMAL
2026-08-21 03:00:00,R1,5.744,10.355,0.5547,5.744,0,0,0.0,0.5547,3,11.994,0,NORMAL
2026-08-21 03:00:00,R2,2.522,7.884,0.3199,2.522,0,0,0.0,0.3199,2,10.502,0,NORMAL
2026-08-21 03:15:00,R1,5.725,10.512,0.5446,5.725,0,0,0.0,0.5446,3,11.815,0,NORMAL
2026-08-21 03:15:00,R2,2.693,7.77,0.3465,2.693,0,0,0.0,0.3465,2,10.656,0,NORMAL
2026-08-21 03:30:00,R1,5.123,10.718,0.478,5.123,0,0,0.0,0.478,3,11.588,0,NORMAL
2026-08-21 03:30:00,R2,2.711,8.122,0.3339,2.711,0,0,0.0,0.3339,2,10.195,0,NORMAL
2026-08-21 03:45:00,R1,5.359,10.525,0.5092,5.359,0,0,0.0,0.5092,3,11.801,0,NORMAL
2026-08-21 03:45:00,R2,2.5,8.067,0.3099,2.5,0,0,0.0,0.3099,2,10.264,0,NORMAL
2026-08-21 04:00:00,R1,4.871,10.73,0.454,4.871,0,0,0.0,0.454,3,11.575,0,NORMAL
2026-08-21 04:00:00,R2,2.723,8.344,0.3263,2.723,0,0,0.0,0.3263,2,9.923,0,NORMAL
2026-08-21 04:15:00,R1,5.35,10.445,0.5122,5.35,0,0,0.0,0.5122,3,11.891,0,NORMAL
2026-08-21 04:15:00,R2,2.357,7.869,0.2995,2.357,0,0,0.0,0.2995,2,10.522,0,NORMAL
2026-08-21 04:30:00,R1,5.237,10.556,0.4961,5.237,0,0,0.0,0.4961,3,11.766,0,NORMAL
2026-08-21 04:30:00,R2,2.789,8.396,0.3322,2.789,0,0,0.0,0.3322,2,9.862,0,NORMAL
2026-08-21 04:45:00,R1,6.128,10.799,0.5674,6.128,0,0,0.0,0.5674,3,11.501,0,NORMAL
2026-08-21 04:45:00,R2,2.885,7.995,0.3608,2.885,0,0,0.0,0.3608,2,10.357,0,NORMAL
2026-08-21 05:00:00,R1,5.432,10.836,0.5013,5.432,0,0,0.0,0.5013,3,11.462,0,NORMAL
2026-08-21 05:00:00,R2,2.747,8.022,0.3425,2.747,0,0,0.0,0.3425,2,10.321,0,NORMAL
2026-08-21 05:15:00,R1,5.016,10.074,0.4979,5.016,0,0,0.0,0.4979,3,12.329,0,NORMAL
2026-08-21 05:15:00,R2,2.481,8.166,0.3038,2.481,0,0,0.0,0.3038,2,10.14,0,NORMAL
2026-08-21 05:30:00,R1,5.57,11.778,0.4729,5.57,0,0,0.0,0.4729,3,10.545,0,NORMAL
2026-08-21 05:30:00,R2,2.578,8.749,0.2947,2.578,0,0,0.0,0.2947,2,9.464,0,NORMAL
2026-08-21 05:45:00,R1,5.371,10.932,0.4913,5.371,0,0,0.0,0.4913,3,11.362,0,NORMAL
2026-08-21 05:45:00,R2,2.661,7.685,0.3462,2.661,0,0,0.0,0.3462,2,10.775,0,NORMAL
2026-08-21 06:00:00,R1,6.969,10.993,0.6339,6.969,0,0,0.0,0.6339,3,11.298,0,NORMAL
2026-08-21 06:00:00,R2,3.292,8.446,0.3898,3.292,0,0,0.0,0.3898,2,9.804,0,NORMAL
2026-08-21 06:15:00,R1,7.621,10.632,0.7168,7.621,0,0,0.0,0.7168,3,11.682,0,NORMAL
2026-08-21 06:15:00,R2,3.168,4.184,0.7572,3.168,0,0,0.0,0.7572,1,9.896,0,WARNING
2026-08-21 06:30:00,R1,6.875,10.567,0.6506,6.875,0,0,0.0,0.6506,3,11.754,0,NORMAL
2026-08-21 06:30:00,R2,3.396,8.54,0.3977,3.396,0,0,0.0,0.3977,2,9.695,0,NORMAL
2026-08-21 06:45:00,R1,7.239,10.194,0.7101,7.239,0,0,0.0,0.7101,3,12.183,0,NORMAL
2026-08-21 06:45:00,R2,3.108,8.264,0.376,3.108,0,0,0.0,0.376,2,10.019,0,NORMAL
2026-08-21 07:00:00,R1,7.175,10.754,0.6672,7.175,0,0,0.0,0.6672,3,11.55,0,NORMAL
2026-08-21 07:00:00,R2,3.278,8.41,0.3898,3.278,0,0,0.0,0.3898,2,9.846,0,NORMAL
2026-08-21 07:15:00,R1,7.362,10.818,0.6805,7.362,0,0,0.0,0.6805,3,11.481,0,NORMAL
2026-08-21 07:15:00,R2,3.137,7.861,0.399,3.137,0,0,0.0,0.399,2,10.533,0,NORMAL
2026-08-21 07:30:00,R1,7.237,10.922,0.6626,7.237,0,0,0.0,0.6626,3,11.372,0,NORMAL
2026-08-21 07:30:00,R2,2.952,8.524,0.3464,2.952,0,0,0.0,0.3464,2,9.714,0,NORMAL
2026-08-21 07:45:00,R1,6.986,10.562,0.6615,6.986,0,0,0.0,0.6615,3,11.759,0,NORMAL
2026-08-21 07:45:00,R2,2.86,7.961,0.3593,2.86,0,0,0.0,0.3593,2,10.401,0,NORMAL
2026-08-21 08:00:00,R1,6.34,10.65,0.5953,6.34,0,0,0.0,0.5953,3,11.662,0,NORMAL
2026-08-21 08:00:00,R2,2.901,8.204,0.3536,2.901,0,0,0.0,0.3536,2,10.093,0,NORMAL
2026-08-21 08:15:00,R1,7.119,11.172,0.6372,7.119,0,0,0.0,0.6372,3,11.117,0,NORMAL
2026-08-21 08:15:00,R2,2.987,7.876,0.3792,2.987,0,0,0.0,0.3792,2,10.514,0,NORMAL
2026-08-21 08:30:00,R1,7.151,10.573,0.6764,7.151,0,0,0.0,0.6764,3,11.747,0,NORMAL
2026-08-21 08:30:00,R2,3.043,7.92,0.3842,3.043,0,0,0.0,0.3842,2,10.454,0,NORMAL
2026-08-21 08:45:00,R1,6.852,11.002,0.6228,6.852,0,0,0.0,0.6228,3,11.289,0,NORMAL
2026-08-21 08:45:00,R2,2.565,8.138,0.3152,2.565,0,0,0.0,0.3152,2,10.174,0,NORMAL
2026-08-21 09:00:00,R1,7.861,10.657,0.7376,7.861,0,0,0.0,0.7376,3,11.654,0,NORMAL
2026-08-21 09:00:00,R2,2.868,7.775,0.3689,2.868,0,0,0.0,0.3689,2,10.65,0,NORMAL
2026-08-21 09:15:00,R1,6.984,10.536,0.6629,6.984,0,0,0.0,0.6629,3,11.789,0,NORMAL
2026-08-21 09:15:00,R2,2.891,8.673,0.3334,2.891,0,0,0.0,0.3334,2,9.547,0,NORMAL
2026-08-21 09:30:00,R1,7.319,10.614,0.6896,7.319,0,0,0.0,0.6896,3,11.701,0,NORMAL
2026-08-21 09:30:00,R2,2.857,7.974,0.3583,2.857,0,0,0.0,0.3583,2,10.384,0,NORMAL
2026-08-21 09:45:00,R1,7.835,10.612,0.7383,7.835,0,0,0.0,0.7383,3,11.703,0,NORMAL
2026-08-21 09:45:00,R2,2.681,8.178,0.3279,2.681,0,0,0.0,0.3279,2,10.124,0,NORMAL
2026-08-21 10:00:00,R1,6.684,10.22,0.654,6.684,0,0,0.0,0.654,3,12.153,0,NORMAL
2026-08-21 10:00:00,R2,2.977,8.463,0.3518,2.977,0,0,0.0,0.3518,2,9.784,0,NORMAL
2026-08-21 10:15:00,R1,7.023,10.326,0.6801,7.023,0,0,0.0,0.6801,3,12.027,0,NORMAL
2026-08-21 10:15:00,R2,2.684,8.311,0.3229,2.684,0,0,0.0,0.3229,2,9.962,0,NORMAL
2026-08-21 10:30:00,R1,7.567,10.84,0.698,7.567,0,0,0.0,0.698,3,11.457,0,NORMAL
2026-08-21 10:30:00,R2,3.158,3.654,0.8644,3.158,0,0,0.0,0.8644,1,11.33,0,WARNING
2026-08-21 10:45:00,R1,7.866,10.061,0.7819,7.866,0,0,0.0,0.7819,3,12.345,0,WARNING
2026-08-21 10:45:00,R2,2.92,8.068,0.3619,2.92,0,0,0.0,0.3619,2,10.262,0,NORMAL
2026-08-21 11:00:00,R1,7.24,10.483,0.6906,7.24,0,0,0.0,0.6906,3,11.848,0,NORMAL
2026-08-21 11:00:00,R2,3.054,7.844,0.3894,3.054,0,0,0.0,0.3894,2,10.556,0,NORMAL
2026-08-21 11:15:00,R1,6.934,10.535,0.6582,6.934,0,0,0.0,0.6582,3,11.79,0,NORMAL
2026-08-21 11:15:00,R2,3.233,7.667,0.4217,3.233,0,0,0.0,0.4217,2,10.8,0,NORMAL
2026-08-21 11:30:00,R1,6.887,11.05,0.6232,6.887,0,0,0.0,0.6232,3,11.24,0,NORMAL
2026-08-21 11:30:00,R2,2.828,7.832,0.361,2.828,0,0,0.0,0.361,2,10.572,0,NORMAL
2026-08-21 11:45:00,R1,6.447,10.739,0.6004,6.447,0,0,0.0,0.6004,3,11.566,0,NORMAL
2026-08-21 11:45:00,R2,2.926,8.519,0.3435,2.926,0,0,0.0,0.3435,2,9.719,0,NORMAL
2026-08-21 12:00:00,R1,7.255,11.429,0.6348,7.255,0,0,0.0,0.6348,3,10.867,0,NORMAL
2026-08-21 12:00:00,R2,2.973,7.954,0.3738,2.973,0,0,0.0,0.3738,2,10.41,0,NORMAL
2026-08-21 12:15:00,R1,7.454,11.0,0.6776,7.454,0,0,0.0,0.6776,3,11.291,0,NORMAL
2026-08-21 12:15:00,R2,2.844,8.171,0.3481,2.844,0,0,0.0,0.3481,2,10.133,0,NORMAL
2026-08-21 12:30:00,R1,7.408,10.987,0.6743,7.408,0,0,0.0,0.6743,3,11.304,0,NORMAL
2026-08-21 12:30:00,R2,2.628,7.666,0.3428,2.628,0,0,0.0,0.3428,2,10.801,0,NORMAL
2026-08-21 12:45:00,R1,7.582,6.251,1.2128,6.251,0,1.331,0.0,1.2128,2,13.245,0,HIGH
2026-08-21 12:45:00,R2,2.863,7.974,0.359,2.863,0,0,0.0,0.359,2,10.384,0,NORMAL
2026-08-21 13:00:00,R1,6.704,10.831,0.619,8.035,1.331,0,1.843,0.7418,3,11.467,0,NORMAL
2026-08-21 13:00:00,R2,2.869,7.754,0.37,2.869,0,0,0.0,0.37,2,10.678,0,NORMAL
2026-08-21 13:15:00,R1,6.749,6.397,1.055,6.397,0,0.352,0.0,1.055,2,12.944,0,HIGH
2026-08-21 13:15:00,R2,2.83,8.277,0.342,2.83,0,0,0.0,0.342,2,10.003,0,NORMAL
2026-08-21 13:30:00,R1,7.736,6.132,1.2615,6.132,0.352,1.955,0.86,1.25,2,13.502,0,HIGH
2026-08-21 13:30:00,R2,2.602,8.037,0.3238,2.602,0,0,0.0,0.3238,2,10.303,0,NORMAL
2026-08-21 13:45:00,R1,7.176,10.445,0.687,9.131,1.955,0,2.808,0.8742,3,11.891,0,WARNING
2026-08-21 13:45:00,R2,2.836,7.94,0.3571,2.836,0,0,0.0,0.3571,2,10.428,0,NORMAL
2026-08-21 14:00:00,R1,7.619,10.979,0.694,7.619,0,0,0.0,0.694,3,11.313,0,NORMAL
2026-08-21 14:00:00,R2,2.84,8.17,0.3476,2.84,0,0,0.0,0.3476,2,10.134,0,NORMAL
2026-08-21 14:15:00,R1,8.445,11.183,0.7552,8.445,0,0,0.0,0.7552,3,11.106,0,WARNING
2026-08-21 14:15:00,R2,3.081,7.939,0.388,3.081,0,0,0.0,0.388,2,10.43,0,NORMAL
2026-08-21 14:30:00,R1,7.696,10.601,0.726,7.696,0,0,0.0,0.726,3,11.716,0,NORMAL
2026-08-21 14:30:00,R2,2.541,8.461,0.3003,2.541,0,0,0.0,0.3003,2,9.786,0,NORMAL
2026-08-21 14:45:00,R1,8.327,10.313,0.8075,8.327,0,0,0.0,0.8075,3,12.043,0,WARNING
2026-08-21 14:45:00,R2,3.116,8.562,0.364,3.116,0,0,0.0,0.364,2,9.671,0,NORMAL
2026-08-21 15:00:00,R1,7.401,10.794,0.6857,7.401,0,0,0.0,0.6857,3,11.507,0,NORMAL
2026-08-21 15:00:00,R2,2.721,8.499,0.3201,2.721,0,0,0.0,0.3201,2,9.743,0,NORMAL
2026-08-21 15:15:00,R1,7.169,10.743,0.6673,7.169,0,0,0.0,0.6673,3,11.561,0,NORMAL
2026-08-21 15:15:00,R2,2.707,8.33,0.3249,2.707,0,0,0.0,0.3249,2,9.94,0,NORMAL
2026-08-21 15:30:00,R1,7.446,11.143,0.6682,7.446,0,0,0.0,0.6682,3,11.146,0,NORMAL
2026-08-21 15:30:00,R2,2.901,7.9,0.3673,2.901,0,0,0.0,0.3673,2,10.482,0,NORMAL
2026-08-21 15:45:00,R1,7.136,10.846,0.6579,7.136,0,0,0.0,0.6579,3,11.452,0,NORMAL
2026-08-21 15:45:00,R2,2.502,7.684,0.3256,2.502,0,0,0.0,0.3256,2,10.775,0,NORMAL
2026-08-21 16:00:00,R1,7.632,9.93,0.7685,7.632,0,0,0.0,0.7685,3,12.508,0,WARNING
2026-08-21 16:00:00,R2,3.018,7.903,0.3819,3.018,0,0,0.0,0.3819,2,10.478,0,NORMAL
2026-08-21 16:15:00,R1,7.367,11.024,0.6683,7.367,0,0,0.0,0.6683,3,11.266,0,NORMAL
2026-08-21 16:15:00,R2,2.65,7.901,0.3354,2.65,0,0,0.0,0.3354,2,10.479,0,NORMAL
2026-08-21 16:30:00,R1,7.518,10.726,0.701,7.518,0,0,0.0,0.701,3,11.58,0,NORMAL
2026-08-21 16:30:00,R2,2.844,8.15,0.349,2.844,0,0,0.0,0.349,2,10.16,0,NORMAL
2026-08-21 16:45:00,R1,7.536,10.596,0.7112,7.536,0,0,0.0,0.7112,3,11.721,0,NORMAL
2026-08-21 16:45:00,R2,2.531,8.645,0.2928,2.531,0,0,0.0,0.2928,2,9.577,0,NORMAL
2026-08-21 17:00:00,R1,8.361,10.782,0.7755,8.361,0,0,0.0,0.7755,3,11.52,0,WARNING
2026-08-21 17:00:00,R2,3.25,8.298,0.3917,3.25,0,0,0.0,0.3917,2,9.978,0,NORMAL
2026-08-21 17:15:00,R1,7.381,10.719,0.6886,7.381,0,0,0.0,0.6886,3,11.587,0,NORMAL
2026-08-21 17:15:00,R2,2.701,8.441,0.3199,2.701,0,0,0.0,0.3199,2,9.809,0,NORMAL
2026-08-21 17:30:00,R1,7.534,10.874,0.6928,7.534,0,0,0.0,0.6928,3,11.421,0,NORMAL
2026-08-21 17:30:00,R2,2.606,8.483,0.3072,2.606,0,0,0.0,0.3072,2,9.761,0,NORMAL
2026-08-21 17:45:00,R1,6.907,10.754,0.6423,6.907,0,0,0.0,0.6423,3,11.55,0,NORMAL
2026-08-21 17:45:00,R2,2.593,8.163,0.3176,2.593,0,0,0.0,0.3176,2,10.143,0,NORMAL
2026-08-21 18:00:00,R1,7.045,10.91,0.6457,7.045,0,0,0.0,0.6457,3,11.384,0,NORMAL
2026-08-21 18:00:00,R2,2.488,8.044,0.3093,2.488,0,0,0.0,0.3093,2,10.294,0,NORMAL
2026-08-21 18:15:00,R1,7.355,9.843,0.7472,7.355,0,0,0.0,0.7472,3,12.618,0,NORMAL
2026-08-21 18:15:00,R2,2.6,8.48,0.3066,2.6,0,0,0.0,0.3066,2,9.764,0,NORMAL
2026-08-21 18:30:00,R1,7.295,10.367,0.7037,7.295,0,0,0.0,0.7037,3,11.98,0,NORMAL
2026-08-21 18:30:00,R2,2.801,7.781,0.36,2.801,0,0,0.0,0.36,2,10.642,0,NORMAL
2026-08-21 18:45:00,R1,6.937,10.714,0.6475,6.937,0,0,0.0,0.6475,3,11.592,0,NORMAL
2026-08-21 18:45:00,R2,2.859,7.964,0.359,2.859,0,0,0.0,0.359,2,10.396,0,NORMAL
2026-08-21 19:00:00,R1,6.357,10.289,0.6179,6.357,0,0,0.0,0.6179,3,12.072,0,NORMAL
2026-08-21 19:00:00,R2,3.058,8.07,0.3789,3.058,0,0,0.0,0.3789,2,10.26,0,NORMAL
2026-08-21 19:15:00,R1,6.472,10.793,0.5996,6.472,0,0,0.0,0.5996,3,11.508,0,NORMAL
2026-08-21 19:15:00,R2,2.477,8.164,0.3034,2.477,0,0,0.0,0.3034,2,10.142,0,NORMAL
2026-08-21 19:30:00,R1,7.355,9.956,0.7387,7.355,0,0,0.0,0.7387,3,12.474,0,NORMAL
2026-08-21 19:30:00,R2,3.229,8.053,0.401,3.229,0,0,0.0,0.401,2,10.282,0,NORMAL
2026-08-21 19:45:00,R1,6.98,10.625,0.6569,6.98,0,0,0.0,0.6569,3,11.689,0,NORMAL
2026-08-21 19:45:00,R2,3.08,4.429,0.6955,3.08,0,0,0.0,0.6955,1,9.348,0,NORMAL
2026-08-21 20:00:00,R1,6.915,10.363,0.6673,6.915,0,0,0.0,0.6673,3,11.985,0,NORMAL
2026-08-21 20:00:00,R2,2.626,7.988,0.3288,2.626,0,0,0.0,0.3288,2,10.365,0,NORMAL
2026-08-21 20:15:00,R1,7.204,10.729,0.6714,7.204,0,0,0.0,0.6714,3,11.576,0,NORMAL
2026-08-21 20:15:00,R2,2.843,8.174,0.3478,2.843,0,0,0.0,0.3478,2,10.129,0,NORMAL
2026-08-21 20:30:00,R1,6.867,11.031,0.6225,6.867,0,0,0.0,0.6225,3,11.259,0,NORMAL
2026-08-21 20:30:00,R2,2.79,8.211,0.3398,2.79,0,0,0.0,0.3398,2,10.084,0,NORMAL
2026-08-21 20:45:00,R1,7.348,10.736,0.6844,7.348,0,0,0.0,0.6844,3,11.568,0,NORMAL
2026-08-21 20:45:00,R2,2.831,7.931,0.357,2.831,0,0,0.0,0.357,2,10.441,0,NORMAL
2026-08-21 21:00:00,R1,6.889,10.944,0.6295,6.889,0,0,0.0,0.6295,3,11.349,0,NORMAL
2026-08-21 21:00:00,R2,3.074,8.246,0.3728,3.074,0,0,0.0,0.3728,2,10.041,0,NORMAL
2026-08-21 21:15:00,R1,6.962,11.409,0.6102,6.962,0,0,0.0,0.6102,3,10.886,0,NORMAL
2026-08-21 21:15:00,R2,3.264,8.224,0.3968,3.264,0,0,0.0,0.3968,2,10.068,0,NORMAL
2026-08-21 21:30:00,R1,6.847,11.011,0.6218,6.847,0,0,0.0,0.6218,3,11.279,0,NORMAL
2026-08-21 21:30:00,R2,2.677,7.856,0.3408,2.677,0,0,0.0,0.3408,2,10.54,0,NORMAL
2026-08-21 21:45:00,R1,7.006,10.717,0.6537,7.006,0,0,0.0,0.6537,3,11.59,0,NORMAL
2026-08-21 21:45:00,R2,2.859,7.78,0.3675,2.859,0,0,0.0,0.3675,2,10.643,0,NORMAL
2026-08-21 22:00:00,R1,5.027,9.965,0.5045,5.027,0,0,0.0,0.5045,3,12.463,0,NORMAL
2026-08-21 22:00:00,R2,2.23,8.199,0.2719,2.23,0,0,0.0,0.2719,2,10.098,0,NORMAL
2026-08-21 22:15:00,R1,5.603,11.399,0.4915,5.603,0,0,0.0,0.4915,3,10.895,0,NORMAL
2026-08-21 22:15:00,R2,2.203,8.001,0.2753,2.203,0,0,0.0,0.2753,2,10.349,0,NORMAL
2026-08-21 22:30:00,R1,5.358,11.416,0.4693,5.358,0,0,0.0,0.4693,3,10.879,0,NORMAL
2026-08-21 22:30:00,R2,2.303,8.523,0.2703,2.303,0,0,0.0,0.2703,2,9.715,0,NORMAL
2026-08-21 22:45:00,R1,4.783,10.641,0.4495,4.783,0,0,0.0,0.4495,3,11.672,0,NORMAL
2026-08-21 22:45:00,R2,2.561,7.685,0.3333,2.561,0,0,0.0,0.3333,2,10.775,0,NORMAL
2026-08-21 23:00:00,R1,5.447,10.684,0.5098,5.447,0,0,0.0,0.5098,3,11.625,0,NORMAL
2026-08-21 23:00:00,R2,2.115,7.854,0.2693,2.115,0,0,0.0,0.2693,2,10.543,0,NORMAL
2026-08-21 23:15:00,R1,5.737,10.944,0.5242,5.737,0,0,0.0,0.5242,3,11.349,0,NORMAL
2026-08-21 23:15:00,R2,2.536,8.036,0.3156,2.536,0,0,0.0,0.3156,2,10.303,0,NORMAL
2026-08-21 23:30:00,R1,5.603,10.394,0.5391,5.603,0,0,0.0,0.5391,3,11.95,0,NORMAL
2026-08-21 23:30:00,R2,2.253,7.603,0.2963,2.253,0,0,0.0,0.2963,2,10.89,0,NORMAL
2026-08-21 23:45:00,R1,5.211,10.597,0.4918,5.211,0,0,0.0,0.4918,3,11.72,0,NORMAL
2026-08-21 23:45:00,R2,2.264,3.897,0.5809,2.264,0,0,0.0,0.5809,1,10.625,0,NORMAL
2026-08-22 00:00:00,R1,4.284,7.011,0.6111,4.284,0,0,0.0,0.6111,2,11.81,0,NORMAL
2026-08-22 00:00:00,R2,2.673,7.654,0.3493,2.673,0,0,0.0,0.3493,2,10.818,0,NORMAL
2026-08-22 00:15:00,R1,4.236,11.04,0.3837,4.236,0,0,0.0,0.3837,3,11.25,0,NORMAL
2026-08-22 00:15:00,R2,2.238,7.761,0.2884,2.238,0,0,0.0,0.2884,2,10.669,0,NORMAL
2026-08-22 00:30:00,R1,4.649,10.996,0.4228,4.649,0,0,0.0,0.4228,3,11.295,0,NORMAL
2026-08-22 00:30:00,R2,2.475,7.871,0.3145,2.475,0,0,0.0,0.3145,2,10.52,0,NORMAL
2026-08-22 00:45:00,R1,4.262,10.693,0.3986,4.262,0,0,0.0,0.3986,3,11.616,0,NORMAL
2026-08-22 00:45:00,R2,2.099,8.127,0.2583,2.099,0,0,0.0,0.2583,2,10.188,0,NORMAL
2026-08-22 01:00:00,R1,3.966,11.923,0.3326,3.966,0,0,0.0,0.3326,3,10.417,0,NORMAL
2026-08-22 01:00:00,R2,2.24,7.64,0.2932,2.24,0,0,0.0,0.2932,2,10.837,0,NORMAL
2026-08-22 01:15:00,R1,4.496,10.259,0.4383,4.496,0,0,0.0,0.4383,3,12.107,0,NORMAL
2026-08-22 01:15:00,R2,2.115,8.245,0.2565,2.115,0,0,0.0,0.2565,2,10.043,0,NORMAL
2026-08-22 01:30:00,R1,4.687,11.448,0.4094,4.687,0,0,0.0,0.4094,3,10.849,0,NORMAL
2026-08-22 01:30:00,R2,2.288,8.007,0.2857,2.288,0,0,0.0,0.2857,2,10.341,0,NORMAL
2026-08-22 01:45:00,R1,4.523,10.686,0.4233,4.523,0,0,0.0,0.4233,3,11.622,0,NORMAL
2026-08-22 01:45:00,R2,1.923,8.026,0.2395,1.923,0,0,0.0,0.2395,2,10.316,0,NORMAL
2026-08-22 02:00:00,R1,4.509,10.708,0.4211,4.509,0,0,0.0,0.4211,3,11.599,0,NORMAL
2026-08-22 02:00:00,R2,2.157,8.351,0.2584,2.157,0,0,0.0,0.2584,2,9.915,0,NORMAL
2026-08-22 02:15:00,R1,4.592,7.225,0.6356,4.592,0,0,0.0,0.6356,2,11.46,0,NORMAL
2026-08-22 02:15:00,R2,2.246,7.79,0.2884,2.246,0,0,0.0,0.2884,2,10.629,0,NORMAL
2026-08-22 02:30:00,R1,4.15,10.921,0.38,4.15,0,0,0.0,0.38,3,11.373,0,NORMAL
2026-08-22 02:30:00,R2,2.573,8.189,0.3142,2.573,0,0,0.0,0.3142,2,10.111,0,NORMAL
2026-08-22 02:45:00,R1,4.357,10.549,0.4131,4.357,0,0,0.0,0.4131,3,11.774,0,NORMAL
2026-08-22 02:45:00,R2,1.939,7.717,0.2513,1.939,0,0,0.0,0.2513,2,10.73,0,NORMAL
2026-08-22 03:00:00,R1,4.793,10.745,0.4461,4.793,0,0,0.0,0.4461,3,11.559,0,NORMAL
2026-08-22 03:00:00,R2,2.126,7.916,0.2685,2.126,0,0,0.0,0.2685,2,10.46,0,NORMAL
2026-08-22 03:15:00,R1,4.698,10.243,0.4586,4.698,0,0,0.0,0.4586,3,12.125,0,NORMAL
2026-08-22 03:15:00,R2,2.117,7.836,0.2702,2.117,0,0,0.0,0.2702,2,10.567,0,NORMAL
2026-08-22 03:30:00,R1,4.61,10.748,0.4289,4.61,0,0,0.0,0.4289,3,11.556,0,NORMAL
2026-08-22 03:30:00,R2,2.16,7.916,0.2728,2.16,0,0,0.0,0.2728,2,10.46,0,NORMAL
2026-08-22 03:45:00,R1,4.365,11.12,0.3925,4.365,0,0,0.0,0.3925,3,11.169,0,NORMAL
2026-08-22 03:45:00,R2,2.372,7.981,0.2973,2.372,0,0,0.0,0.2973,2,10.375,0,NORMAL
2026-08-22 04:00:00,R1,4.222,11.418,0.3697,4.222,0,0,0.0,0.3697,3,10.877,0,NORMAL
2026-08-22 04:00:00,R2,2.338,8.474,0.2759,2.338,0,0,0.0,0.2759,2,9.771,0,NORMAL
2026-08-22 04:15:00,R1,4.412,11.322,0.3897,4.412,0,0,0.0,0.3897,3,10.97,0,NORMAL
2026-08-22 04:15:00,R2,2.242,7.943,0.2822,2.242,0,0,0.0,0.2822,2,10.425,0,NORMAL
2026-08-22 04:30:00,R1,4.247,10.974,0.387,4.247,0,0,0.0,0.387,3,11.318,0,NORMAL
2026-08-22 04:30:00,R2,2.174,7.406,0.2935,2.174,0,0,0.0,0.2935,2,11.18,0,NORMAL
2026-08-22 04:45:00,R1,4.51,10.675,0.4225,4.51,0,0,0.0,0.4225,3,11.634,0,NORMAL
2026-08-22 04:45:00,R2,2.319,7.84,0.2958,2.319,0,0,0.0,0.2958,2,10.561,0,NORMAL
2026-08-22 05:00:00,R1,4.38,10.821,0.4048,4.38,0,0,0.0,0.4048,3,11.478,0,NORMAL
2026-08-22 05:00:00,R2,2.007,8.125,0.247,2.007,0,0,0.0,0.247,2,10.191,0,NORMAL
2026-08-22 05:15:00,R1,4.676,7.261,0.644,4.676,0,0,0.0,0.644,2,11.403,0,NORMAL
2026-08-22 05:15:00,R2,2.335,7.901,0.2956,2.335,0,0,0.0,0.2956,2,10.48,0,NORMAL
2026-08-22 05:30:00,R1,4.445,10.512,0.4228,4.445,0,0,0.0,0.4228,3,11.815,0,NORMAL
2026-08-22 05:30:00,R2,2.195,8.584,0.2558,2.195,0,0,0.0,0.2558,2,9.646,0,NORMAL
2026-08-22 05:45:00,R1,4.402,10.366,0.4247,4.402,0,0,0.0,0.4247,3,11.981,0,NORMAL
2026-08-22 05:45:00,R2,2.172,7.767,0.2796,2.172,0,0,0.0,0.2796,2,10.661,0,NORMAL
2026-08-22 06:00:00,R1,5.373,11.004,0.4882,5.373,0,0,0.0,0.4882,3,11.287,0,NORMAL
2026-08-22 06:00:00,R2,3.091,7.69,0.402,3.091,0,0,0.0,0.402,2,10.767,0,NORMAL
2026-08-22 06:15:00,R1,5.287,10.005,0.5284,5.287,0,0,0.0,0.5284,3,12.413,0,NORMAL
2026-08-22 06:15:00,R2,3.026,8.013,0.3777,3.026,0,0,0.0,0.3777,2,10.334,0,NORMAL
2026-08-22 06:30:00,R1,5.671,10.281,0.5516,5.671,0,0,0.0,0.5516,3,12.08,0,NORMAL
2026-08-22 06:30:00,R2,2.221,7.786,0.2853,2.221,0,0,0.0,0.2853,2,10.634,0,NORMAL
2026-08-22 06:45:00,R1,5.589,11.112,0.503,5.589,0,0,0.0,0.503,3,11.177,0,NORMAL
2026-08-22 06:45:00,R2,2.244,8.445,0.2657,2.244,0,0,0.0,0.2657,2,9.805,0,NORMAL
2026-08-22 07:00:00,R1,5.449,10.342,0.5269,5.449,0,0,0.0,0.5269,3,12.009,0,NORMAL
2026-08-22 07:00:00,R2,2.62,8.275,0.3166,2.62,0,0,0.0,0.3166,2,10.006,0,NORMAL
2026-08-22 07:15:00,R1,5.715,10.214,0.5595,5.715,0,0,0.0,0.5595,3,12.16,0,NORMAL
2026-08-22 07:15:00,R2,2.715,8.073,0.3363,2.715,0,0,0.0,0.3363,2,10.256,0,NORMAL
2026-08-22 07:30:00,R1,6.197,10.759,0.576,6.197,0,0,0.0,0.576,3,11.544,0,NORMAL
2026-08-22 07:30:00,R2,2.48,8.034,0.3087,2.48,0,0,0.0,0.3087,2,10.306,0,NORMAL
2026-08-22 07:45:00,R1,5.619,10.759,0.5223,5.619,0,0,0.0,0.5223,3,11.543,0,NORMAL
2026-08-22 07:45:00,R2,2.735,3.932,0.6957,2.735,0,0,0.0,0.6957,1,10.529,0,NORMAL
2026-08-22 08:00:00,R1,6.207,10.542,0.5888,6.207,0,0,0.0,0.5888,3,11.781,0,NORMAL
2026-08-22 08:00:00,R2,2.667,7.931,0.3362,2.667,0,0,0.0,0.3362,2,10.44,0,NORMAL
2026-08-22 08:15:00,R1,5.673,10.31,0.5502,5.673,0,0,0.0,0.5502,3,12.046,0,NORMAL
2026-08-22 08:15:00,R2,2.524,8.709,0.2898,2.524,0,0,0.0,0.2898,2,9.508,0,NORMAL
2026-08-22 08:30:00,R1,5.595,10.647,0.5254,5.595,0,0,0.0,0.5254,3,11.665,0,NORMAL
2026-08-22 08:30:00,R2,2.431,8.256,0.2945,2.431,0,0,0.0,0.2945,2,10.029,0,NORMAL
2026-08-22 08:45:00,R1,5.597,10.479,0.5341,5.597,0,0,0.0,0.5341,3,11.852,0,NORMAL
2026-08-22 08:45:00,R2,2.467,7.73,0.3192,2.467,0,0,0.0,0.3192,2,10.712,0,NORMAL
2026-08-22 09:00:00,R1,5.347,10.353,0.5165,5.347,0,0,0.0,0.5165,3,11.997,0,NORMAL
2026-08-22 09:00:00,R2,2.737,7.774,0.3521,2.737,0,0,0.0,0.3521,2,10.65,0,NORMAL
2026-08-22 09:15:00,R1,5.752,10.922,0.5266,5.752,0,0,0.0,0.5266,3,11.371,0,NORMAL
2026-08-22 09:15:00,R2,2.467,8.327,0.2963,2.467,0,0,0.0,0.2963,2,9.944,0,NORMAL
2026-08-22 09:30:00,R1,5.047,10.861,0.4646,5.047,0,0,0.0,0.4646,3,11.435,0,NORMAL
2026-08-22 09:30:00,R2,2.866,7.525,0.3809,2.866,0,0,0.0,0.3809,2,11.003,0,NORMAL
2026-08-22 09:45:00,R1,5.477,10.909,0.5021,5.477,0,0,0.0,0.5021,3,11.385,0,NORMAL
2026-08-22 09:45:00,R2,2.431,8.477,0.2867,2.431,0,0,0.0,0.2867,2,9.767,0,NORMAL
2026-08-22 10:00:00,R1,5.255,10.532,0.499,5.255,0,0,0.0,0.499,3,11.793,0,NORMAL
2026-08-22 10:00:00,R2,2.409,8.248,0.292,2.409,0,0,0.0,0.292,2,10.038,0,NORMAL
2026-08-22 10:15:00,R1,5.635,10.974,0.5135,5.635,0,0,0.0,0.5135,3,11.318,0,NORMAL
2026-08-22 10:15:00,R2,2.333,8.952,0.2606,2.333,0,0,0.0,0.2606,2,9.249,0,NORMAL
2026-08-22 10:30:00,R1,5.95,10.661,0.5581,5.95,0,0,0.0,0.5581,3,11.65,0,NORMAL
2026-08-22 10:30:00,R2,2.515,8.078,0.3113,2.515,0,0,0.0,0.3113,2,10.249,0,NORMAL
2026-08-22 10:45:00,R1,5.582,11.063,0.5046,5.582,0,0,0.0,0.5046,3,11.226,0,NORMAL
2026-08-22 10:45:00,R2,2.611,7.905,0.3303,2.611,0,0,0.0,0.3303,2,10.475,0,NORMAL
2026-08-22 11:00:00,R1,5.317,10.645,0.4994,5.317,0,0,0.0,0.4994,3,11.667,0,NORMAL
2026-08-22 11:00:00,R2,2.473,7.88,0.3139,2.473,0,0,0.0,0.3139,2,10.508,0,NORMAL
2026-08-22 11:15:00,R1,5.604,10.542,0.5316,5.604,0,0,0.0,0.5316,3,11.781,0,NORMAL
2026-08-22 11:15:00,R2,2.509,4.215,0.5953,2.509,0,0,0.0,0.5953,1,9.823,0,NORMAL
2026-08-22 11:30:00,R1,5.529,7.301,0.7573,5.529,0,0,0.0,0.7573,2,11.341,0,WARNING
2026-08-22 11:30:00,R2,2.316,8.193,0.2827,2.316,0,0,0.0,0.2827,2,10.106,0,NORMAL
2026-08-22 11:45:00,R1,5.657,11.019,0.5134,5.657,0,0,0.0,0.5134,3,11.271,0,NORMAL
2026-08-22 11:45:00,R2,2.59,8.791,0.2946,2.59,0,0,0.0,0.2946,2,9.419,0,NORMAL
2026-08-22 12:00:00,R1,5.13,10.28,0.499,5.13,0,0,0.0,0.499,3,12.082,0,NORMAL
2026-08-22 12:00:00,R2,2.792,7.792,0.3583,2.792,0,0,0.0,0.3583,2,10.626,0,NORMAL
2026-08-22 12:15:00,R1,6.06,6.907,0.8774,6.06,0,0,0.0,0.8774,2,11.987,0,WARNING
2026-08-22 12:15:00,R2,2.482,8.055,0.3081,2.482,0,0,0.0,0.3081,2,10.28,0,NORMAL
2026-08-22 12:30:00,R1,6.465,10.432,0.6197,6.465,0,0,0.0,0.6197,3,11.906,0,NORMAL
2026-08-22 12:30:00,R2,2.402,8.062,0.298,2.402,0,0,0.0,0.298,2,10.271,0,NORMAL
2026-08-22 12:45:00,R1,6.359,10.774,0.5902,6.359,0,0,0.0,0.5902,3,11.527,0,NORMAL
2026-08-22 12:45:00,R2,2.434,7.985,0.3048,2.434,0,0,0.0,0.3048,2,10.369,0,NORMAL
2026-08-22 13:00:00,R1,6.277,10.88,0.577,6.277,0,0,0.0,0.577,3,11.416,0,NORMAL
2026-08-22 13:00:00,R2,2.261,8.158,0.2771,2.261,0,0,0.0,0.2771,2,10.15,0,NORMAL
2026-08-22 13:15:00,R1,6.522,10.167,0.6415,6.522,0,0,0.0,0.6415,3,12.216,0,NORMAL
2026-08-22 13:15:00,R2,2.643,7.865,0.3361,2.643,0,0,0.0,0.3361,2,10.528,0,NORMAL
2026-08-22 13:30:00,R1,6.105,9.855,0.6195,6.105,0,0,0.0,0.6195,3,12.603,0,NORMAL
2026-08-22 13:30:00,R2,2.327,7.724,0.3013,2.327,0,0,0.0,0.3013,2,10.719,0,NORMAL
2026-08-22 13:45:00,R1,6.273,10.517,0.5964,6.273,0,0,0.0,0.5964,3,11.809,0,NORMAL
2026-08-22 13:45:00,R2,2.126,7.957,0.2672,2.126,0,0,0.0,0.2672,2,10.406,0,NORMAL
2026-08-22 14:00:00,R1,5.83,10.957,0.532,5.83,0,0,0.0,0.532,3,11.335,0,NORMAL
2026-08-22 14:00:00,R2,2.057,7.97,0.258,2.057,0,0,0.0,0.258,2,10.389,0,NORMAL
2026-08-22 14:15:00,R1,6.387,11.16,0.5724,6.387,0,0,0.0,0.5724,3,11.129,0,NORMAL
2026-08-22 14:15:00,R2,2.547,7.673,0.3319,2.547,0,0,0.0,0.3319,2,10.791,0,NORMAL
2026-08-22 14:30:00,R1,5.764,11.406,0.5054,5.764,0,0,0.0,0.5054,3,10.889,0,NORMAL
2026-08-22 14:30:00,R2,2.156,8.324,0.259,2.156,0,0,0.0,0.259,2,9.947,0,NORMAL
2026-08-22 14:45:00,R1,6.85,11.057,0.6196,6.85,0,0,0.0,0.6196,3,11.233,0,NORMAL
2026-08-22 14:45:00,R2,2.463,8.038,0.3064,2.463,0,0,0.0,0.3064,2,10.3,0,NORMAL
2026-08-22 15:00:00,R1,6.401,10.348,0.6185,6.401,0,0,0.0,0.6185,3,12.002,0,NORMAL
2026-08-22 15:00:00,R2,2.467,4.184,0.5898,2.467,0,0,0.0,0.5898,1,9.896,0,NORMAL
2026-08-22 15:15:00,R1,6.116,10.542,0.5802,6.116,0,0,0.0,0.5802,3,11.782,0,NORMAL
2026-08-22 15:15:00,R2,2.676,8.272,0.3236,2.676,0,0,0.0,0.3236,2,10.01,0,NORMAL
2026-08-22 15:30:00,R1,6.39,10.752,0.5943,6.39,0,0,0.0,0.5943,3,11.551,0,NORMAL
2026-08-22 15:30:00,R2,2.274,7.851,0.2897,2.274,0,0,0.0,0.2897,2,10.546,0,NORMAL
2026-08-22 15:45:00,R1,5.945,10.697,0.5558,5.945,0,0,0.0,0.5558,3,11.611,0,NORMAL
2026-08-22 15:45:00,R2,2.679,7.723,0.3469,2.679,0,0,0.0,0.3469,2,10.722,0,NORMAL
2026-08-22 16:00:00,R1,6.039,10.202,0.592,6.039,0,0,0.0,0.592,3,12.174,0,NORMAL
2026-08-22 16:00:00,R2,2.206,7.801,0.2827,2.206,0,0,0.0,0.2827,2,10.614,0,NORMAL
2026-08-22 16:15:00,R1,5.491,10.384,0.5288,5.491,0,0,0.0,0.5288,3,11.96,0,NORMAL
2026-08-22 16:15:00,R2,2.323,8.254,0.2815,2.323,0,0,0.0,0.2815,2,10.031,0,NORMAL
2026-08-22 16:30:00,R1,6.337,10.681,0.5933,6.337,0,0,0.0,0.5933,3,11.628,0,NORMAL
2026-08-22 16:30:00,R2,1.905,8.098,0.2352,1.905,0,0,0.0,0.2352,2,10.224,0,NORMAL
2026-08-22 16:45:00,R1,6.028,10.777,0.5593,6.028,0,0,0.0,0.5593,3,11.524,0,NORMAL
2026-08-22 16:45:00,R2,2.123,7.834,0.271,2.123,0,0,0.0,0.271,2,10.57,0,NORMAL
2026-08-22 17:00:00,R1,6.723,10.07,0.6677,6.723,0,0,0.0,0.6677,3,12.333,0,NORMAL
2026-08-22 17:00:00,R2,2.531,8.25,0.3068,2.531,0,0,0.0,0.3068,2,10.036,0,NORMAL
2026-08-22 17:15:00,R1,6.34,10.455,0.6064,6.34,0,0,0.0,0.6064,3,11.879,0,NORMAL
2026-08-22 17:15:00,R2,2.091,7.852,0.2663,2.091,0,0,0.0,0.2663,2,10.545,0,NORMAL
2026-08-22 17:30:00,R1,5.543,10.94,0.5067,5.543,0,0,0.0,0.5067,3,11.352,0,NORMAL
2026-08-22 17:30:00,R2,2.402,7.609,0.3157,2.402,0,0,0.0,0.3157,2,10.882,0,NORMAL
2026-08-22 17:45:00,R1,5.89,10.644,0.5533,5.89,0,0,0.0,0.5533,3,11.668,0,NORMAL
2026-08-22 17:45:00,R2,2.466,8.132,0.3032,2.466,0,0,0.0,0.3032,2,10.182,0,NORMAL
2026-08-22 18:00:00,R1,5.273,10.128,0.5206,5.273,0,0,0.0,0.5206,3,12.263,0,NORMAL
2026-08-22 18:00:00,R2,2.543,8.24,0.3086,2.543,0,0,0.0,0.3086,2,10.048,0,NORMAL
2026-08-22 18:15:00,R1,5.683,10.779,0.5273,5.683,0,0,0.0,0.5273,3,11.523,0,NORMAL
2026-08-22 18:15:00,R2,2.297,8.048,0.2854,2.297,0,0,0.0,0.2854,2,10.288,0,NORMAL
2026-08-22 18:30:00,R1,6.022,10.293,0.585,6.022,0,0,0.0,0.585,3,12.067,0,NORMAL
2026-08-22 18:30:00,R2,2.012,8.671,0.232,2.012,0,0,0.0,0.232,2,9.549,0,NORMAL
2026-08-22 18:45:00,R1,5.794,10.87,0.533,5.794,0,0,0.0,0.533,3,11.426,0,NORMAL
2026-08-22 18:45:00,R2,2.536,7.964,0.3184,2.536,0,0,0.0,0.3184,2,10.396,0,NORMAL
2026-08-22 19:00:00,R1,5.78,10.727,0.5389,5.78,0,0,0.0,0.5389,3,11.578,0,NORMAL
2026-08-22 19:00:00,R2,2.347,8.951,0.2622,2.347,0,0,0.0,0.2622,2,9.25,0,NORMAL
2026-08-22 19:15:00,R1,5.323,10.768,0.4944,5.323,0,0,0.0,0.4944,3,11.534,0,NORMAL
2026-08-22 19:15:00,R2,2.55,8.562,0.2978,2.55,0,0,0.0,0.2978,2,9.671,0,NORMAL
2026-08-22 19:30:00,R1,5.668,6.749,0.8399,5.668,0,0,0.0,0.8399,2,12.269,0,WARNING
2026-08-22 19:30:00,R2,2.758,8.124,0.3394,2.758,0,0,0.0,0.3394,2,10.192,0,NORMAL
2026-08-22 19:45:00,R1,6.004,10.535,0.5699,6.004,0,0,0.0,0.5699,3,11.789,0,NORMAL
2026-08-22 19:45:00,R2,2.738,7.854,0.3486,2.738,0,0,0.0,0.3486,2,10.542,0,NORMAL
2026-08-22 20:00:00,R1,6.075,9.872,0.6154,6.075,0,0,0.0,0.6154,3,12.582,0,NORMAL
2026-08-22 20:00:00,R2,2.51,8.407,0.2986,2.51,0,0,0.0,0.2986,2,9.849,0,NORMAL
2026-08-22 20:15:00,R1,5.839,10.876,0.5368,5.839,0,0,0.0,0.5368,3,11.419,0,NORMAL
2026-08-22 20:15:00,R2,2.665,8.067,0.3303,2.665,0,0,0.0,0.3303,2,10.264,0,NORMAL
2026-08-22 20:30:00,R1,5.878,10.437,0.5632,5.878,0,0,0.0,0.5632,3,11.9,0,NORMAL
2026-08-22 20:30:00,R2,2.43,7.868,0.3088,2.43,0,0,0.0,0.3088,2,10.523,0,NORMAL
2026-08-22 20:45:00,R1,5.446,10.664,0.5107,5.446,0,0,0.0,0.5107,3,11.646,0,NORMAL
2026-08-22 20:45:00,R2,2.908,8.368,0.3475,2.908,0,0,0.0,0.3475,2,9.894,0,NORMAL
2026-08-22 21:00:00,R1,6.021,10.882,0.5533,6.021,0,0,0.0,0.5533,3,11.413,0,NORMAL
2026-08-22 21:00:00,R2,2.441,8.121,0.3006,2.441,0,0,0.0,0.3006,2,10.195,0,NORMAL
2026-08-22 21:15:00,R1,6.285,11.136,0.5644,6.285,0,0,0.0,0.5644,3,11.153,0,NORMAL
2026-08-22 21:15:00,R2,2.374,8.173,0.2905,2.374,0,0,0.0,0.2905,2,10.13,0,NORMAL
2026-08-22 21:30:00,R1,5.742,9.827,0.5843,5.742,0,0,0.0,0.5843,3,12.639,0,NORMAL
2026-08-22 21:30:00,R2,2.733,7.925,0.3448,2.733,0,0,0.0,0.3448,2,10.447,0,NORMAL
2026-08-22 21:45:00,R1,5.608,10.86,0.5164,5.608,0,0,0.0,0.5164,3,11.436,0,NORMAL
2026-08-22 21:45:00,R2,2.501,8.243,0.3034,2.501,0,0,0.0,0.3034,2,10.045,0,NORMAL
2026-08-22 22:00:00,R1,4.462,10.443,0.4273,4.462,0,0,0.0,0.4273,3,11.893,0,NORMAL
2026-08-22 22:00:00,R2,2.172,8.51,0.2553,2.172,0,0,0.0,0.2553,2,9.73,0,NORMAL
2026-08-22 22:15:00,R1,4.896,10.536,0.4647,4.896,0,0,0.0,0.4647,3,11.788,0,NORMAL
2026-08-22 22:15:00,R2,2.091,8.387,0.2494,2.091,0,0,0.0,0.2494,2,9.873,0,NORMAL
2026-08-22 22:30:00,R1,3.96,10.685,0.3706,3.96,0,0,0.0,0.3706,3,11.624,0,NORMAL
2026-08-22 22:30:00,R2,2.103,7.747,0.2714,2.103,0,0,0.0,0.2714,2,10.688,0,NORMAL
2026-08-22 22:45:00,R1,4.492,2.917,1.5399,2.917,0,1.575,0.0,1.25,1,14.193,0,HIGH
2026-08-22 22:45:00,R2,2.431,8.49,0.2864,2.431,0,0,0.0,0.2864,2,9.753,0,NORMAL
2026-08-22 23:00:00,R1,4.31,10.819,0.3984,5.885,1.575,0,2.184,0.544,3,11.48,0,NORMAL
2026-08-22 23:00:00,R2,2.338,8.007,0.292,2.338,0,0,0.0,0.292,2,10.341,0,NORMAL
2026-08-22 23:15:00,R1,4.308,10.08,0.4274,4.308,0,0,0.0,0.4274,3,12.321,0,NORMAL
2026-08-22 23:15:00,R2,2.248,7.446,0.3019,2.248,0,0,0.0,0.3019,2,11.12,0,NORMAL
2026-08-22 23:30:00,R1,3.735,10.417,0.3585,3.735,0,0,0.0,0.3585,3,11.923,0,NORMAL
2026-08-22 23:30:00,R2,2.117,7.988,0.265,2.117,0,0,0.0,0.265,2,10.366,0,NORMAL
2026-08-22 23:45:00,R1,4.648,10.984,0.4231,4.648,0,0,0.0,0.4231,3,11.307,0,NORMAL
2026-08-22 23:45:00,R2,2.044,8.041,0.2542,2.044,0,0,0.0,0.2542,2,10.297,0,NORMAL
2026-08-23 00:00:00,R1,3.596,10.07,0.3571,3.596,0,0,0.0,0.3571,3,12.334,0,NORMAL
2026-08-23 00:00:00,R2,2.167,7.691,0.2818,2.167,0,0,0.0,0.2818,2,10.766,0,NORMAL
2026-08-23 00:15:00,R1,4.039,10.56,0.3825,4.039,0,0,0.0,0.3825,3,11.762,0,NORMAL
2026-08-23 00:15:00,R2,2.361,8.196,0.2881,2.361,0,0,0.0,0.2881,2,10.102,0,NORMAL
2026-08-23 00:30:00,R1,4.456,10.653,0.4182,4.456,0,0,0.0,0.4182,3,11.658,0,NORMAL
2026-08-23 00:30:00,R2,2.612,7.887,0.3312,2.612,0,0,0.0,0.3312,2,10.498,0,NORMAL
2026-08-23 00:45:00,R1,4.35,10.384,0.4189,4.35,0,0,0.0,0.4189,3,11.961,0,NORMAL
2026-08-23 00:45:00,R2,2.296,8.082,0.2842,2.296,0,0,0.0,0.2842,2,10.245,0,NORMAL
2026-08-23 01:00:00,R1,4.494,11.332,0.3966,4.494,0,0,0.0,0.3966,3,10.96,0,NORMAL
2026-08-23 01:00:00,R2,2.424,8.305,0.2919,2.424,0,0,0.0,0.2919,2,9.969,0,NORMAL
2026-08-23 01:15:00,R1,4.346,10.204,0.4259,4.346,0,0,0.0,0.4259,3,12.171,0,NORMAL
2026-08-23 01:15:00,R2,2.589,8.283,0.3126,2.589,0,0,0.0,0.3126,2,9.996,0,NORMAL
2026-08-23 01:30:00,R1,4.356,10.949,0.3979,4.356,0,0,0.0,0.3979,3,11.344,0,NORMAL
2026-08-23 01:30:00,R2,2.37,7.656,0.3096,2.37,0,0,0.0,0.3096,2,10.815,0,NORMAL
2026-08-23 01:45:00,R1,4.856,10.61,0.4577,4.856,0,0,0.0,0.4577,3,11.706,0,NORMAL
2026-08-23 01:45:00,R2,1.97,8.604,0.2289,1.97,0,0,0.0,0.2289,2,9.623,0,NORMAL
2026-08-23 02:00:00,R1,3.915,10.631,0.3683,3.915,0,0,0.0,0.3683,3,11.683,0,NORMAL
2026-08-23 02:00:00,R2,2.325,4.214,0.5517,2.325,0,0,0.0,0.5517,1,9.823,0,NORMAL
2026-08-23 02:15:00,R1,4.219,9.961,0.4235,4.219,0,0,0.0,0.4235,3,12.469,0,NORMAL
2026-08-23 02:15:00,R2,2.851,8.069,0.3534,2.851,0,0,0.0,0.3534,2,10.261,0,NORMAL
2026-08-23 02:30:00,R1,4.031,10.863,0.3711,4.031,0,0,0.0,0.3711,3,11.433,0,NORMAL
2026-08-23 02:30:00,R2,2.298,7.883,0.2915,2.298,0,0,0.0,0.2915,2,10.503,0,NORMAL
2026-08-23 02:45:00,R1,4.327,10.402,0.416,4.327,0,0,0.0,0.416,3,11.941,0,NORMAL
2026-08-23 02:45:00,R2,2.409,8.534,0.2823,2.409,0,0,0.0,0.2823,2,9.703,0,NORMAL
2026-08-23 03:00:00,R1,4.215,11.171,0.3773,4.215,0,0,0.0,0.3773,3,11.118,0,NORMAL
2026-08-23 03:00:00,R2,2.144,3.781,0.5669,2.144,0,0,0.0,0.5669,1,10.949,0,NORMAL
2026-08-23 03:15:00,R1,4.063,10.491,0.3873,4.063,0,0,0.0,0.3873,3,11.838,0,NORMAL
2026-08-23 03:15:00,R2,2.429,8.055,0.3015,2.429,0,0,0.0,0.3015,2,10.279,0,NORMAL
2026-08-23 03:30:00,R1,4.02,10.945,0.3673,4.02,0,0,0.0,0.3673,3,11.347,0,NORMAL
2026-08-23 03:30:00,R2,2.234,7.554,0.2958,2.234,0,0,0.0,0.2958,2,10.96,0,NORMAL
2026-08-23 03:45:00,R1,4.583,11.35,0.4038,4.583,0,0,0.0,0.4038,3,10.942,0,NORMAL
2026-08-23 03:45:00,R2,2.07,7.673,0.2698,2.07,0,0,0.0,0.2698,2,10.791,0,NORMAL
2026-08-23 04:00:00,R1,3.759,11.161,0.3368,3.759,0,0,0.0,0.3368,3,11.128,0,NORMAL
2026-08-23 04:00:00,R2,2.046,8.45,0.2422,2.046,0,0,0.0,0.2422,2,9.799,0,NORMAL
2026-08-23 04:15:00,R1,4.368,10.412,0.4196,4.368,0,0,0.0,0.4196,3,11.929,0,NORMAL
2026-08-23 04:15:00,R2,2.321,8.145,0.285,2.321,0,0,0.0,0.285,2,10.166,0,NORMAL
2026-08-23 04:30:00,R1,4.623,10.309,0.4485,4.623,0,0,0.0,0.4485,3,12.048,0,NORMAL
2026-08-23 04:30:00,R2,2.449,7.83,0.3127,2.449,0,0,0.0,0.3127,2,10.574,0,NORMAL
2026-08-23 04:45:00,R1,4.469,6.954,0.6426,4.469,0,0,0.0,0.6426,2,11.907,0,NORMAL
2026-08-23 04:45:00,R2,1.954,7.899,0.2474,1.954,0,0,0.0,0.2474,2,10.482,0,NORMAL
2026-08-23 05:00:00,R1,4.194,10.431,0.402,4.194,0,0,0.0,0.402,3,11.907,0,NORMAL
2026-08-23 05:00:00,R2,2.195,8.106,0.2708,2.195,0,0,0.0,0.2708,2,10.215,0,NORMAL
2026-08-23 05:15:00,R1,4.401,10.227,0.4303,4.401,0,0,0.0,0.4303,3,12.144,0,NORMAL
2026-08-23 05:15:00,R2,2.199,7.992,0.2752,2.199,0,0,0.0,0.2752,2,10.36,0,NORMAL
2026-08-23 05:30:00,R1,4.582,10.375,0.4416,4.582,0,0,0.0,0.4416,3,11.971,0,NORMAL
2026-08-23 05:30:00,R2,2.312,9.197,0.2514,2.312,0,0,0.0,0.2514,2,9.003,0,NORMAL
2026-08-23 05:45:00,R1,4.734,10.863,0.4358,4.734,0,0,0.0,0.4358,3,11.433,0,NORMAL
2026-08-23 05:45:00,R2,2.111,8.465,0.2493,2.111,0,0,0.0,0.2493,2,9.782,0,NORMAL
2026-08-23 06:00:00,R1,5.503,10.962,0.502,5.503,0,0,0.0,0.502,3,11.33,0,NORMAL
2026-08-23 06:00:00,R2,2.697,7.632,0.3534,2.697,0,0,0.0,0.3534,2,10.85,0,NORMAL
2026-08-23 06:15:00,R1,5.11,10.702,0.4775,5.11,0,0,0.0,0.4775,3,11.605,0,NORMAL
2026-08-23 06:15:00,R2,2.41,8.283,0.2909,2.41,0,0,0.0,0.2909,2,9.997,0,NORMAL
2026-08-23 06:30:00,R1,5.21,10.395,0.5012,5.21,0,0,0.0,0.5012,3,11.948,0,NORMAL
2026-08-23 06:30:00,R2,2.435,7.944,0.3065,2.435,0,0,0.0,0.3065,2,10.423,0,NORMAL
2026-08-23 06:45:00,R1,5.656,10.99,0.5147,5.656,0,0,0.0,0.5147,3,11.301,0,NORMAL
2026-08-23 06:45:00,R2,2.882,7.661,0.3762,2.882,0,0,0.0,0.3762,2,10.808,0,NORMAL
2026-08-23 07:00:00,R1,5.948,10.877,0.5469,5.948,0,0,0.0,0.5469,3,11.418,0,NORMAL
2026-08-23 07:00:00,R2,2.423,8.113,0.2987,2.423,0,0,0.0,0.2987,2,10.206,0,NORMAL
2026-08-23 07:15:00,R1,5.918,11.154,0.5306,5.918,0,0,0.0,0.5306,3,11.135,0,NORMAL
2026-08-23 07:15:00,R2,2.926,8.328,0.3514,2.926,0,0,0.0,0.3514,2,9.942,0,NORMAL
2026-08-23 07:30:00,R1,5.601,10.473,0.5348,5.601,0,0,0.0,0.5348,3,11.859,0,NORMAL
2026-08-23 07:30:00,R2,2.422,8.335,0.2906,2.422,0,0,0.0,0.2906,2,9.934,0,NORMAL
2026-08-23 07:45:00,R1,5.719,9.909,0.5772,5.719,0,0,0.0,0.5772,3,12.534,0,NORMAL
2026-08-23 07:45:00,R2,2.889,7.979,0.3621,2.889,0,0,0.0,0.3621,2,10.377,0,NORMAL
2026-08-23 08:00:00,R1,5.738,11.391,0.5037,5.738,0,0,0.0,0.5037,3,10.904,0,NORMAL
2026-08-23 08:00:00,R2,2.851,8.113,0.3514,2.851,0,0,0.0,0.3514,2,10.206,0,NORMAL
2026-08-23 08:15:00,R1,5.521,11.064,0.499,5.521,0,0,0.0,0.499,3,11.225,0,NORMAL
2026-08-23 08:15:00,R2,2.624,8.757,0.2997,2.624,0,0,0.0,0.2997,2,9.455,0,NORMAL
2026-08-23 08:30:00,R1,5.837,10.193,0.5727,5.837,0,0,0.0,0.5727,3,12.185,0,NORMAL
2026-08-23 08:30:00,R2,2.987,8.375,0.3566,2.987,0,0,0.0,0.3566,2,9.886,0,NORMAL
2026-08-23 08:45:00,R1,5.889,10.451,0.5635,5.889,0,0,0.0,0.5635,3,11.884,0,NORMAL
2026-08-23 08:45:00,R2,2.549,8.461,0.3013,2.549,0,0,0.0,0.3013,2,9.786,0,NORMAL
2026-08-23 09:00:00,R1,6.344,10.0,0.6345,6.344,0,0,0.0,0.6345,3,12.42,0,NORMAL
2026-08-23 09:00:00,R2,2.485,8.289,0.2998,2.485,0,0,0.0,0.2998,2,9.989,0,NORMAL
2026-08-23 09:15:00,R1,5.318,11.17,0.4761,5.318,0,0,0.0,0.4761,3,11.119,0,NORMAL
2026-08-23 09:15:00,R2,2.704,7.711,0.3507,2.704,0,0,0.0,0.3507,2,10.738,0,NORMAL
2026-08-23 09:30:00,R1,5.703,6.808,0.8378,5.703,0,0,0.0,0.8378,2,12.162,0,WARNING
2026-08-23 09:30:00,R2,2.689,7.697,0.3494,2.689,0,0,0.0,0.3494,2,10.758,0,NORMAL
2026-08-23 09:45:00,R1,6.086,10.688,0.5695,6.086,0,0,0.0,0.5695,3,11.62,0,NORMAL
2026-08-23 09:45:00,R2,2.494,7.874,0.3167,2.494,0,0,0.0,0.3167,2,10.516,0,NORMAL
2026-08-23 10:00:00,R1,6.732,10.636,0.6329,6.732,0,0,0.0,0.6329,3,11.677,0,NORMAL
2026-08-23 10:00:00,R2,2.353,8.548,0.2753,2.353,0,0,0.0,0.2753,2,9.687,0,NORMAL
2026-08-23 10:15:00,R1,5.887,10.384,0.5669,5.887,0,0,0.0,0.5669,3,11.961,0,NORMAL
2026-08-23 10:15:00,R2,2.128,7.928,0.2685,2.128,0,0,0.0,0.2685,2,10.444,0,NORMAL
2026-08-23 10:30:00,R1,5.888,10.8,0.5452,5.888,0,0,0.0,0.5452,3,11.5,0,NORMAL
2026-08-23 10:30:00,R2,2.844,7.741,0.3674,2.844,0,0,0.0,0.3674,2,10.697,0,NORMAL
2026-08-23 10:45:00,R1,5.255,11.036,0.4762,5.255,0,0,0.0,0.4762,3,11.254,0,NORMAL
2026-08-23 10:45:00,R2,2.772,7.542,0.3676,2.772,0,0,0.0,0.3676,2,10.978,0,NORMAL
2026-08-23 11:00:00,R1,5.734,10.519,0.5451,5.734,0,0,0.0,0.5451,3,11.808,0,NORMAL
2026-08-23 11:00:00,R2,2.831,7.322,0.3867,2.831,0,0,0.0,0.3867,2,11.309,0,NORMAL
2026-08-23 11:15:00,R1,5.321,11.382,0.4675,5.321,0,0,0.0,0.4675,3,10.912,0,NORMAL
2026-08-23 11:15:00,R2,2.258,8.209,0.2751,2.258,0,0,0.0,0.2751,2,10.086,0,NORMAL
2026-08-23 11:30:00,R1,5.115,11.02,0.4642,5.115,0,0,0.0,0.4642,3,11.27,0,NORMAL
2026-08-23 11:30:00,R2,2.371,7.531,0.3148,2.371,0,0,0.0,0.3148,2,10.995,0,NORMAL
2026-08-23 11:45:00,R1,4.702,11.056,0.4253,4.702,0,0,0.0,0.4253,3,11.234,0,NORMAL
2026-08-23 11:45:00,R2,2.345,8.091,0.2898,2.345,0,0,0.0,0.2898,2,10.234,0,NORMAL
2026-08-23 12:00:00,R1,5.944,7.071,0.8406,5.944,0,0,0.0,0.8406,2,11.71,0,WARNING
2026-08-23 12:00:00,R2,2.158,7.799,0.2767,2.158,0,0,0.0,0.2767,2,10.617,0,NORMAL
2026-08-23 12:15:00,R1,5.713,10.606,0.5386,5.713,0,0,0.0,0.5386,3,11.711,0,NORMAL
2026-08-23 12:15:00,R2,2.379,8.095,0.2939,2.379,0,0,0.0,0.2939,2,10.228,0,NORMAL
2026-08-23 12:30:00,R1,5.944,10.881,0.5463,5.944,0,0,0.0,0.5463,3,11.415,0,NORMAL
2026-08-23 12:30:00,R2,2.119,7.933,0.2671,2.119,0,0,0.0,0.2671,2,10.438,0,NORMAL
2026-08-23 12:45:00,R1,6.458,10.942,0.5902,6.458,0,0,0.0,0.5902,3,11.351,0,NORMAL
2026-08-23 12:45:00,R2,2.717,8.04,0.3379,2.717,0,0,0.0,0.3379,2,10.299,0,NORMAL
2026-08-23 13:00:00,R1,6.866,11.228,0.6115,6.866,0,0,0.0,0.6115,3,11.062,0,NORMAL
2026-08-23 13:00:00,R2,2.362,8.603,0.2745,2.362,0,0,0.0,0.2745,2,9.624,0,NORMAL
2026-08-23 13:15:00,R1,6.382,10.576,0.6035,6.382,0,0,0.0,0.6035,3,11.744,0,NORMAL
2026-08-23 13:15:00,R2,2.448,8.273,0.2959,2.448,0,0,0.0,0.2959,2,10.008,0,NORMAL
2026-08-23 13:30:00,R1,6.254,11.091,0.5639,6.254,0,0,0.0,0.5639,3,11.199,0,NORMAL
2026-08-23 13:30:00,R2,2.276,8.641,0.2634,2.276,0,0,0.0,0.2634,2,9.583,0,NORMAL
2026-08-23 13:45:00,R1,6.235,11.203,0.5566,6.235,0,0,0.0,0.5566,3,11.087,0,NORMAL
2026-08-23 13:45:00,R2,2.209,8.033,0.275,2.209,0,0,0.0,0.275,2,10.308,0,NORMAL
2026-08-23 14:00:00,R1,6.152,6.243,0.9854,6.152,0,0,0.0,0.9854,2,13.263,0,HIGH
2026-08-23 14:00:00,R2,2.33,7.99,0.2916,2.33,0,0,0.0,0.2916,2,10.363,0,NORMAL
2026-08-23 14:15:00,R1,6.065,10.263,0.5909,6.065,0,0,0.0,0.5909,3,12.101,0,NORMAL
2026-08-23 14:15:00,R2,2.274,8.487,0.2679,2.274,0,0,0.0,0.2679,2,9.756,0,NORMAL
2026-08-23 14:30:00,R1,6.566,10.541,0.6229,6.566,0,0,0.0,0.6229,3,11.783,0,NORMAL
2026-08-23 14:30:00,R2,2.237,7.877,0.284,2.237,0,0,0.0,0.284,2,10.512,0,NORMAL
2026-08-23 14:45:00,R1,6.314,10.649,0.593,6.314,0,0,0.0,0.593,3,11.663,0,NORMAL
2026-08-23 14:45:00,R2,2.413,7.848,0.3075,2.413,0,0,0.0,0.3075,2,10.551,0,NORMAL
2026-08-23 15:00:00,R1,6.278,10.863,0.5779,6.278,0,0,0.0,0.5779,3,11.434,0,NORMAL
2026-08-23 15:00:00,R2,2.727,8.138,0.3351,2.727,0,0,0.0,0.3351,2,10.175,0,NORMAL
2026-08-23 15:15:00,R1,5.611,10.99,0.5106,5.611,0,0,0.0,0.5106,3,11.301,0,NORMAL
2026-08-23 15:15:00,R2,2.426,7.936,0.3057,2.426,0,0,0.0,0.3057,2,10.433,0,NORMAL
2026-08-23 15:30:00,R1,6.187,8.209,0.7537,6.187,0,0,0.0,0.7537,3,15.129,0,WARNING
2026-08-23 15:30:00,R2,2.409,7.737,0.3114,2.409,0,0,0.0,0.3114,2,10.702,0,NORMAL
2026-08-23 15:45:00,R1,6.592,10.021,0.6578,6.592,0,0,0.0,0.6578,3,12.394,0,NORMAL
2026-08-23 15:45:00,R2,2.266,4.079,0.5555,2.266,0,0,0.0,0.5555,1,10.15,0,NORMAL
2026-08-23 16:00:00,R1,5.846,9.214,0.6344,5.846,0,0,0.0,0.6344,3,13.479,0,NORMAL
2026-08-23 16:00:00,R2,2.195,7.719,0.2844,2.195,0,0,0.0,0.2844,2,10.727,0,NORMAL
2026-08-23 16:15:00,R1,5.49,9.612,0.5711,5.49,0,0,0.0,0.5711,3,12.921,0,NORMAL
2026-08-23 16:15:00,R2,2.383,7.999,0.2979,2.383,0,0,0.0,0.2979,2,10.351,0,NORMAL
2026-08-23 16:30:00,R1,5.654,10.726,0.5271,5.654,0,0,0.0,0.5271,3,11.579,0,NORMAL
2026-08-23 16:30:00,R2,2.32,4.526,0.5126,2.32,0,0,0.0,0.5126,1,9.146,0,NORMAL
2026-08-23 16:45:00,R1,5.472,10.481,0.5221,5.472,0,0,0.0,0.5221,3,11.85,0,NORMAL
2026-08-23 16:45:00,R2,2.419,7.925,0.3053,2.419,0,0,0.0,0.3053,2,10.448,0,NORMAL
2026-08-23 17:00:00,R1,5.664,10.704,0.5291,5.664,0,0,0.0,0.5291,3,11.603,0,NORMAL
2026-08-23 17:00:00,R2,2.757,8.177,0.3372,2.757,0,0,0.0,0.3372,2,10.126,0,NORMAL
2026-08-23 17:15:00,R1,5.509,10.449,0.5272,5.509,0,0,0.0,0.5272,3,11.886,0,NORMAL
2026-08-23 17:15:00,R2,2.123,8.223,0.2582,2.123,0,0,0.0,0.2582,2,10.069,0,NORMAL
2026-08-23 17:30:00,R1,6.49,10.22,0.635,6.49,0,0,0.0,0.635,3,12.153,0,NORMAL
2026-08-23 17:30:00,R2,2.828,8.098,0.3492,2.828,0,0,0.0,0.3492,2,10.224,0,NORMAL
2026-08-23 17:45:00,R1,5.385,10.425,0.5165,5.385,0,0,0.0,0.5165,3,11.914,0,NORMAL
2026-08-23 17:45:00,R2,2.208,8.412,0.2625,2.208,0,0,0.0,0.2625,2,9.843,0,NORMAL
2026-08-23 18:00:00,R1,5.817,10.806,0.5383,5.817,0,0,0.0,0.5383,3,11.494,0,NORMAL
2026-08-23 18:00:00,R2,2.192,8.447,0.2595,2.192,0,0,0.0,0.2595,2,9.802,0,NORMAL
2026-08-23 18:15:00,R1,4.654,10.409,0.4471,4.654,0,0,0.0,0.4471,3,11.932,0,NORMAL
2026-08-23 18:15:00,R2,2.565,8.587,0.2987,2.565,0,0,0.0,0.2987,2,9.642,0,NORMAL
2026-08-23 18:30:00,R1,5.81,10.642,0.546,5.81,0,0,0.0,0.546,3,11.671,0,NORMAL
2026-08-23 18:30:00,R2,2.648,8.094,0.3271,2.648,0,0,0.0,0.3271,2,10.23,0,NORMAL
2026-08-23 18:45:00,R1,6.529,11.005,0.5933,6.529,0,0,0.0,0.5933,3,11.286,0,NORMAL
2026-08-23 18:45:00,R2,2.283,8.249,0.2768,2.283,0,0,0.0,0.2768,2,10.037,0,NORMAL
2026-08-23 19:00:00,R1,5.207,10.63,0.4899,5.207,0,0,0.0,0.4899,3,11.683,0,NORMAL
2026-08-23 19:00:00,R2,2.57,8.017,0.3206,2.57,0,0,0.0,0.3206,2,10.328,0,NORMAL
2026-08-23 19:15:00,R1,5.095,10.606,0.4804,5.095,0,0,0.0,0.4804,3,11.711,0,NORMAL
2026-08-23 19:15:00,R2,2.523,8.032,0.3141,2.523,0,0,0.0,0.3141,2,10.308,0,NORMAL
2026-08-23 19:30:00,R1,6.424,10.815,0.5939,6.424,0,0,0.0,0.5939,3,11.484,0,NORMAL
2026-08-23 19:30:00,R2,2.374,8.365,0.2839,2.374,0,0,0.0,0.2839,2,9.898,0,NORMAL
2026-08-23 19:45:00,R1,5.761,10.924,0.5274,5.761,0,0,0.0,0.5274,3,11.369,0,NORMAL
2026-08-23 19:45:00,R2,2.651,7.558,0.3508,2.651,0,0,0.0,0.3508,2,10.955,0,NORMAL
2026-08-23 20:00:00,R1,6.032,11.289,0.5343,6.032,0,0,0.0,0.5343,3,11.002,0,NORMAL
2026-08-23 20:00:00,R2,2.214,8.706,0.2544,2.214,0,0,0.0,0.2544,2,9.511,0,NORMAL
2026-08-23 20:15:00,R1,6.043,10.7,0.5648,6.043,0,0,0.0,0.5648,3,11.607,0,NORMAL
2026-08-23 20:15:00,R2,2.726,7.876,0.3461,2.726,0,0,0.0,0.3461,2,10.512,0,NORMAL
2026-08-23 20:30:00,R1,5.565,10.843,0.5133,5.565,0,0,0.0,0.5133,3,11.455,0,NORMAL
2026-08-23 20:30:00,R2,2.748,8.388,0.3275,2.748,0,0,0.0,0.3275,2,9.871,0,NORMAL
2026-08-23 20:45:00,R1,6.579,10.619,0.6195,6.579,0,0,0.0,0.6195,3,11.696,0,NORMAL
2026-08-23 20:45:00,R2,2.657,8.43,0.3151,2.657,0,0,0.0,0.3151,2,9.822,0,NORMAL
2026-08-23 21:00:00,R1,5.787,10.558,0.5481,5.787,0,0,0.0,0.5481,3,11.763,0,NORMAL
2026-08-23 21:00:00,R2,2.513,7.962,0.3157,2.513,0,0,0.0,0.3157,2,10.4,0,NORMAL
2026-08-23 21:15:00,R1,5.591,11.357,0.4923,5.591,0,0,0.0,0.4923,3,10.936,0,NORMAL
2026-08-23 21:15:00,R2,2.63,7.395,0.3556,2.63,0,0,0.0,0.3556,2,11.197,0,NORMAL
2026-08-23 21:30:00,R1,5.226,10.821,0.483,5.226,0,0,0.0,0.483,3,11.478,0,NORMAL
2026-08-23 21:30:00,R2,2.805,8.104,0.3461,2.805,0,0,0.0,0.3461,2,10.217,0,NORMAL
2026-08-23 21:45:00,R1,6.141,6.701,0.9164,6.141,0,0,0.0,0.9164,2,12.356,0,HIGH
2026-08-23 21:45:00,R2,2.615,8.002,0.3268,2.615,0,0,0.0,0.3268,2,10.348,0,NORMAL
2026-08-23 22:00:00,R1,4.642,10.963,0.4234,4.642,0,0,0.0,0.4234,3,11.329,0,NORMAL
2026-08-23 22:00:00,R2,1.889,8.218,0.2298,1.889,0,0,0.0,0.2298,2,10.076,0,NORMAL
2026-08-23 22:15:00,R1,4.166,11.52,0.3617,4.166,0,0,0.0,0.3617,3,10.781,0,NORMAL
2026-08-23 22:15:00,R2,2.098,7.842,0.2675,2.098,0,0,0.0,0.2675,2,10.558,0,NORMAL
2026-08-23 22:30:00,R1,4.05,10.24,0.3955,4.05,0,0,0.0,0.3955,3,12.129,0,NORMAL
2026-08-23 22:30:00,R2,2.009,8.167,0.2459,2.009,0,0,0.0,0.2459,2,10.138,0,NORMAL
2026-08-23 22:45:00,R1,4.483,10.428,0.4299,4.483,0,0,0.0,0.4299,3,11.91,0,NORMAL
2026-08-23 22:45:00,R2,2.253,7.655,0.2943,2.253,0,0,0.0,0.2943,2,10.816,0,NORMAL
2026-08-23 23:00:00,R1,4.247,10.341,0.4107,4.247,0,0,0.0,0.4107,3,12.01,0,NORMAL
2026-08-23 23:00:00,R2,2.081,8.067,0.2579,2.081,0,0,0.0,0.2579,2,10.264,0,NORMAL
2026-08-23 23:15:00,R1,3.974,10.533,0.3773,3.974,0,0,0.0,0.3773,3,11.792,0,NORMAL
2026-08-23 23:15:00,R2,2.302,8.663,0.2657,2.302,0,0,0.0,0.2657,2,9.558,0,NORMAL
2026-08-23 23:30:00,R1,3.684,10.917,0.3375,3.684,0,0,0.0,0.3375,3,11.377,0,NORMAL
2026-08-23 23:30:00,R2,2.325,7.548,0.308,2.325,0,0,0.0,0.308,2,10.97,0,NORMAL
2026-08-23 23:45:00,R1,4.356,10.468,0.4162,4.356,0,0,0.0,0.4162,3,11.865,0,NORMAL
2026-08-23 23:45:00,R2,2.379,7.595,0.3132,2.379,0,0,0.0,0.3132,2,10.901,0,NORMAL
2026-08-24 00:00:00,R1,5.195,10.768,0.4824,5.195,0,0,0.0,0.4824,3,11.534,0,NORMAL
2026-08-24 00:00:00,R2,2.37,7.87,0.3012,2.37,0,0,0.0,0.3012,2,10.522,0,NORMAL
2026-08-24 00:15:00,R1,5.152,11.139,0.4625,5.152,0,0,0.0,0.4625,3,11.15,0,NORMAL
2026-08-24 00:15:00,R2,2.541,8.067,0.315,2.541,0,0,0.0,0.315,2,10.264,0,NORMAL
2026-08-24 00:30:00,R1,5.322,9.904,0.5374,5.322,0,0,0.0,0.5374,3,12.54,0,NORMAL
2026-08-24 00:30:00,R2,2.348,7.911,0.2968,2.348,0,0,0.0,0.2968,2,10.467,0,NORMAL
2026-08-24 00:45:00,R1,5.429,10.6,0.5121,5.429,0,0,0.0,0.5121,3,11.717,0,NORMAL
2026-08-24 00:45:00,R2,2.401,7.938,0.3025,2.401,0,0,0.0,0.3025,2,10.431,0,NORMAL
2026-08-24 01:00:00,R1,5.808,10.584,0.5488,5.808,0,0,0.0,0.5488,3,11.735,0,NORMAL
2026-08-24 01:00:00,R2,2.727,7.564,0.3606,2.727,0,0,0.0,0.3606,2,10.947,0,NORMAL
2026-08-24 01:15:00,R1,5.473,11.016,0.4968,5.473,0,0,0.0,0.4968,3,11.274,0,NORMAL
2026-08-24 01:15:00,R2,2.816,7.759,0.363,2.816,0,0,0.0,0.363,2,10.672,0,NORMAL
2026-08-24 01:30:00,R1,5.624,10.937,0.5143,5.624,0,0,0.0,0.5143,3,11.356,0,NORMAL
2026-08-24 01:30:00,R2,2.36,8.166,0.289,2.36,0,0,0.0,0.289,2,10.14,0,NORMAL
2026-08-24 01:45:00,R1,5.223,10.628,0.4914,5.223,0,0,0.0,0.4914,3,11.686,0,NORMAL
2026-08-24 01:45:00,R2,2.96,8.315,0.356,2.96,0,0,0.0,0.356,2,9.958,0,NORMAL
2026-08-24 02:00:00,R1,4.912,10.839,0.4532,4.912,0,0,0.0,0.4532,3,11.458,0,NORMAL
2026-08-24 02:00:00,R2,2.12,8.735,0.2428,2.12,0,0,0.0,0.2428,2,9.479,0,NORMAL
2026-08-24 02:15:00,R1,5.054,10.839,0.4663,5.054,0,0,0.0,0.4663,3,11.459,0,NORMAL
2026-08-24 02:15:00,R2,2.669,8.877,0.3006,2.669,0,0,0.0,0.3006,2,9.328,0,NORMAL
2026-08-24 02:30:00,R1,4.717,7.869,0.5994,4.717,0,0,0.0,0.5994,2,10.522,0,NORMAL
2026-08-24 02:30:00,R2,3.077,8.644,0.356,3.077,0,0,0.0,0.356,2,9.579,0,NORMAL
2026-08-24 02:45:00,R1,5.576,11.089,0.5028,5.576,0,0,0.0,0.5028,3,11.2,0,NORMAL
2026-08-24 02:45:00,R2,2.181,8.214,0.2655,2.181,0,0,0.0,0.2655,2,10.081,0,NORMAL
2026-08-24 03:00:00,R1,6.109,10.278,0.5944,6.109,0,0,0.0,0.5944,3,12.084,0,NORMAL
2026-08-24 03:00:00,R2,2.583,8.663,0.2982,2.583,0,0,0.0,0.2982,2,9.558,0,NORMAL
2026-08-24 03:15:00,R1,5.785,10.559,0.5479,5.785,0,0,0.0,0.5479,3,11.762,0,NORMAL
2026-08-24 03:15:00,R2,2.745,8.301,0.3307,2.745,0,0,0.0,0.3307,2,9.975,0,NORMAL
2026-08-24 03:30:00,R1,5.613,11.138,0.5039,5.613,0,0,0.0,0.5039,3,11.151,0,NORMAL
2026-08-24 03:30:00,R2,2.65,7.817,0.339,2.65,0,0,0.0,0.339,2,10.592,0,NORMAL
2026-08-24 03:45:00,R1,5.273,11.172,0.472,5.273,0,0,0.0,0.472,3,11.117,0,NORMAL
2026-08-24 03:45:00,R2,2.685,8.765,0.3063,2.685,0,0,0.0,0.3063,2,9.447,0,NORMAL
2026-08-24 04:00:00,R1,5.436,10.338,0.5259,5.436,0,0,0.0,0.5259,3,12.014,0,NORMAL
2026-08-24 04:00:00,R2,2.433,3.917,0.6212,2.433,0,0,0.0,0.6212,1,10.57,0,NORMAL
2026-08-24 04:15:00,R1,5.745,10.905,0.5269,5.745,0,0,0.0,0.5269,3,11.39,0,NORMAL
2026-08-24 04:15:00,R2,2.831,8.03,0.3525,2.831,0,0,0.0,0.3525,2,10.311,0,NORMAL
2026-08-24 04:30:00,R1,5.573,6.903,0.8074,5.573,0,0,0.0,0.8074,2,11.995,0,WARNING
2026-08-24 04:30:00,R2,2.725,8.259,0.3299,2.725,0,0,0.0,0.3299,2,10.026,0,NORMAL
2026-08-24 04:45:00,R1,5.261,11.134,0.4725,5.261,0,0,0.0,0.4725,3,11.156,0,NORMAL
2026-08-24 04:45:00,R2,2.392,8.249,0.29,2.392,0,0,0.0,0.29,2,10.037,0,NORMAL
2026-08-24 05:00:00,R1,5.081,11.135,0.4563,5.081,0,0,0.0,0.4563,3,11.154,0,NORMAL
2026-08-24 05:00:00,R2,2.569,8.731,0.2942,2.569,0,0,0.0,0.2942,2,9.483,0,NORMAL
2026-08-24 05:15:00,R1,5.597,10.996,0.509,5.597,0,0,0.0,0.509,3,11.295,0,NORMAL
2026-08-24 05:15:00,R2,2.637,8.488,0.3107,2.637,0,0,0.0,0.3107,2,9.755,0,NORMAL
2026-08-24 05:30:00,R1,5.696,10.27,0.5546,5.696,0,0,0.0,0.5546,3,12.093,0,NORMAL
2026-08-24 05:30:00,R2,2.313,4.029,0.5742,2.313,0,0,0.0,0.5742,1,10.276,0,NORMAL
2026-08-24 05:45:00,R1,4.804,10.148,0.4733,4.804,0,0,0.0,0.4733,3,12.239,0,NORMAL
2026-08-24 05:45:00,R2,2.483,7.54,0.3293,2.483,0,0,0.0,0.3293,2,10.981,0,NORMAL
2026-08-24 06:00:00,R1,6.335,10.279,0.6163,6.335,0,0,0.0,0.6163,3,12.083,0,NORMAL
2026-08-24 06:00:00,R2,3.277,8.621,0.3801,3.277,0,0,0.0,0.3801,2,9.604,0,NORMAL
2026-08-24 06:15:00,R1,7.266,11.307,0.6426,7.266,0,0,0.0,0.6426,3,10.984,0,NORMAL
2026-08-24 06:15:00,R2,3.374,7.804,0.4324,3.374,0,0,0.0,0.4324,2,10.61,0,NORMAL
2026-08-24 06:30:00,R1,6.274,10.597,0.5921,6.274,0,0,0.0,0.5921,3,11.72,0,NORMAL
2026-08-24 06:30:00,R2,2.93,8.276,0.354,2.93,0,0,0.0,0.354,2,10.005,0,NORMAL
2026-08-24 06:45:00,R1,7.51,11.035,0.6806,7.51,0,0,0.0,0.6806,3,11.255,0,NORMAL
2026-08-24 06:45:00,R2,3.089,8.028,0.3848,3.089,0,0,0.0,0.3848,2,10.314,0,NORMAL
2026-08-24 07:00:00,R1,6.997,10.83,0.6461,6.997,0,0,0.0,0.6461,3,11.468,0,NORMAL
2026-08-24 07:00:00,R2,3.322,8.345,0.3981,3.322,0,0,0.0,0.3981,2,9.922,0,NORMAL
2026-08-24 07:15:00,R1,7.714,10.355,0.7449,7.714,0,0,0.0,0.7449,3,11.994,0,NORMAL
2026-08-24 07:15:00,R2,3.073,8.524,0.3605,3.073,0,0,0.0,0.3605,2,9.714,0,NORMAL
2026-08-24 07:30:00,R1,6.856,10.544,0.6502,6.856,0,0,0.0,0.6502,3,11.78,0,NORMAL
2026-08-24 07:30:00,R2,2.943,8.615,0.3416,2.943,0,0,0.0,0.3416,2,9.611,0,NORMAL
2026-08-24 07:45:00,R1,7.255,10.67,0.6799,7.255,0,0,0.0,0.6799,3,11.64,0,NORMAL
2026-08-24 07:45:00,R2,3.176,7.871,0.4035,3.176,0,0,0.0,0.4035,2,10.519,0,NORMAL
2026-08-24 08:00:00,R1,6.674,10.838,0.6158,6.674,0,0,0.0,0.6158,3,11.46,0,NORMAL
2026-08-24 08:00:00,R2,3.262,7.596,0.4294,3.262,0,0,0.0,0.4294,2,10.901,0,NORMAL
2026-08-24 08:15:00,R1,6.633,11.163,0.5941,6.633,0,0,0.0,0.5941,3,11.126,0,NORMAL
2026-08-24 08:15:00,R2,3.142,7.738,0.4061,3.142,0,0,0.0,0.4061,2,10.7,0,NORMAL
2026-08-24 08:30:00,R1,7.558,11.291,0.6694,7.558,0,0,0.0,0.6694,3,10.999,0,NORMAL
2026-08-24 08:30:00,R2,2.973,7.755,0.3834,2.973,0,0,0.0,0.3834,2,10.677,0,NORMAL
2026-08-24 08:45:00,R1,6.825,10.927,0.6246,6.825,0,0,0.0,0.6246,3,11.366,0,NORMAL
2026-08-24 08:45:00,R2,3.278,8.119,0.4037,3.278,0,0,0.0,0.4037,2,10.198,0,NORMAL
2026-08-24 09:00:00,R1,6.586,11.281,0.5838,6.586,0,0,0.0,0.5838,3,11.009,0,NORMAL
2026-08-24 09:00:00,R2,2.552,7.867,0.3244,2.552,0,0,0.0,0.3244,2,10.525,0,NORMAL
2026-08-24 09:15:00,R1,7.139,10.561,0.676,7.139,0,0,0.0,0.676,3,11.76,0,NORMAL
2026-08-24 09:15:00,R2,2.674,7.946,0.3365,2.674,0,0,0.0,0.3365,2,10.42,0,NORMAL
2026-08-24 09:30:00,R1,7.325,10.586,0.692,7.325,0,0,0.0,0.692,3,11.733,0,NORMAL
2026-08-24 09:30:00,R2,2.914,8.022,0.3632,2.914,0,0,0.0,0.3632,2,10.321,0,NORMAL
2026-08-24 09:45:00,R1,7.031,6.85,1.0265,6.85,0,0.182,0.0,1.0265,2,12.088,0,HIGH
2026-08-24 09:45:00,R2,2.827,8.478,0.3335,2.827,0,0,0.0,0.3335,2,9.767,0,NORMAL
2026-08-24 10:00:00,R1,6.904,11.235,0.6145,7.086,0.182,0,0.243,0.6307,3,11.055,0,NORMAL
2026-08-24 10:00:00,R2,2.928,7.963,0.3676,2.928,0,0,0.0,0.3676,2,10.398,0,NORMAL
2026-08-24 10:15:00,R1,6.654,10.438,0.6375,6.654,0,0,0.0,0.6375,3,11.899,0,NORMAL
2026-08-24 10:15:00,R2,3.06,8.152,0.3754,3.06,0,0,0.0,0.3754,2,10.157,0,NORMAL
2026-08-24 10:30:00,R1,7.433,10.859,0.6845,7.433,0,0,0.0,0.6845,3,11.438,0,NORMAL
2026-08-24 10:30:00,R2,2.918,7.518,0.3882,2.918,0,0,0.0,0.3882,2,11.013,0,NORMAL
2026-08-24 10:45:00,R1,7.007,9.91,0.7071,7.007,0,0,0.0,0.7071,3,12.533,0,NORMAL
2026-08-24 10:45:00,R2,3.112,8.208,0.3792,3.112,0,0,0.0,0.3792,2,10.088,0,NORMAL
2026-08-24 11:00:00,R1,7.032,10.997,0.6394,7.032,0,0,0.0,0.6394,3,11.294,0,NORMAL
2026-08-24 11:00:00,R2,2.93,8.372,0.35,2.93,0,0,0.0,0.35,2,9.89,0,NORMAL
2026-08-24 11:15:00,R1,6.811,10.641,0.64,6.811,0,0,0.0,0.64,3,11.671,0,NORMAL
2026-08-24 11:15:00,R2,3.168,8.532,0.3713,3.168,0,0,0.0,0.3713,2,9.705,0,NORMAL
2026-08-24 11:30:00,R1,6.445,10.782,0.5978,6.445,0,0,0.0,0.5978,3,11.519,0,NORMAL
2026-08-24 11:30:00,R2,3.124,8.309,0.376,3.124,0,0,0.0,0.376,2,9.965,0,NORMAL
2026-08-24 11:45:00,R1,6.615,10.745,0.6157,6.615,0,0,0.0,0.6157,3,11.558,0,NORMAL
2026-08-24 11:45:00,R2,2.721,8.235,0.3305,2.721,0,0,0.0,0.3305,2,10.055,0,NORMAL
2026-08-24 12:00:00,R1,6.995,11.292,0.6194,6.995,0,0,0.0,0.6194,3,10.999,0,NORMAL
2026-08-24 12:00:00,R2,2.675,8.049,0.3323,2.675,0,0,0.0,0.3323,2,10.287,0,NORMAL
2026-08-24 12:15:00,R1,6.822,10.558,0.6462,6.822,0,0,0.0,0.6462,3,11.764,0,NORMAL
2026-08-24 12:15:00,R2,2.611,7.716,0.3384,2.611,0,0,0.0,0.3384,2,10.732,0,NORMAL
2026-08-24 12:30:00,R1,6.639,10.854,0.6116,6.639,0,0,0.0,0.6116,3,11.442,0,NORMAL
2026-08-24 12:30:00,R2,2.648,8.223,0.322,2.648,0,0,0.0,0.322,2,10.069,0,NORMAL
2026-08-24 12:45:00,R1,6.964,11.326,0.6149,6.964,0,0,0.0,0.6149,3,10.966,0,NORMAL
2026-08-24 12:45:00,R2,2.579,7.91,0.3261,2.579,0,0,0.0,0.3261,2,10.468,0,NORMAL
2026-08-24 13:00:00,R1,6.661,10.939,0.609,6.661,0,0,0.0,0.609,3,11.354,0,NORMAL
2026-08-24 13:00:00,R2,2.605,7.819,0.3332,2.605,0,0,0.0,0.3332,2,10.59,0,NORMAL
2026-08-24 13:15:00,R1,6.737,10.153,0.6635,6.737,0,0,0.0,0.6635,3,12.233,0,NORMAL
2026-08-24 13:15:00,R2,2.616,7.44,0.3516,2.616,0,0,0.0,0.3516,2,11.129,0,NORMAL
2026-08-24 13:30:00,R1,7.096,10.909,0.6505,7.096,0,0,0.0,0.6505,3,11.385,0,NORMAL
2026-08-24 13:30:00,R2,2.786,8.199,0.3398,2.786,0,0,0.0,0.3398,2,10.099,0,NORMAL
2026-08-24 13:45:00,R1,6.79,10.96,0.6196,6.79,0,0,0.0,0.6196,3,11.332,0,NORMAL
2026-08-24 13:45:00,R2,2.563,7.952,0.3223,2.563,0,0,0.0,0.3223,2,10.412,0,NORMAL
2026-08-24 14:00:00,R1,7.98,10.757,0.7418,7.98,0,0,0.0,0.7418,3,11.546,0,NORMAL
2026-08-24 14:00:00,R2,2.299,7.915,0.2905,2.299,0,0,0.0,0.2905,2,10.462,0,NORMAL
2026-08-24 14:15:00,R1,7.517,10.649,0.7059,7.517,0,0,0.0,0.7059,3,11.664,0,NORMAL
2026-08-24 14:15:00,R2,2.566,7.78,0.3298,2.566,0,0,0.0,0.3298,2,10.642,0,NORMAL
2026-08-24 14:30:00,R1,7.693,11.227,0.6852,7.693,0,0,0.0,0.6852,3,11.063,0,NORMAL
2026-08-24 14:30:00,R2,2.565,7.924,0.3237,2.565,0,0,0.0,0.3237,2,10.449,0,NORMAL
2026-08-24 14:45:00,R1,7.923,10.695,0.7408,7.923,0,0,0.0,0.7408,3,11.613,0,NORMAL
2026-08-24 14:45:00,R2,2.681,8.098,0.3311,2.681,0,0,0.0,0.3311,2,10.225,0,NORMAL
2026-08-24 15:00:00,R1,7.74,10.799,0.7167,7.74,0,0,0.0,0.7167,3,11.502,0,NORMAL
2026-08-24 15:00:00,R2,2.963,3.966,0.747,2.963,0,0,0.0,0.747,1,10.438,0,NORMAL
2026-08-24 15:15:00,R1,7.209,10.927,0.6597,7.209,0,0,0.0,0.6597,3,11.366,0,NORMAL
2026-08-24 15:15:00,R2,2.387,8.482,0.2815,2.387,0,0,0.0,0.2815,2,9.762,0,NORMAL
2026-08-24 15:30:00,R1,7.649,11.599,0.6595,7.649,0,0,0.0,0.6595,3,10.708,0,NORMAL
2026-08-24 15:30:00,R2,2.725,8.617,0.3163,2.725,0,0,0.0,0.3163,2,9.609,0,NORMAL
2026-08-24 15:45:00,R1,7.204,6.117,1.1778,6.117,0,1.087,0.0,1.1778,2,13.536,0,HIGH
2026-08-24 15:45:00,R2,2.918,8.101,0.3602,2.918,0,0,0.0,0.3602,2,10.22,0,NORMAL
2026-08-24 16:00:00,R1,7.436,11.21,0.6633,8.523,1.087,0,1.455,0.7603,3,11.08,0,WARNING
2026-08-24 16:00:00,R2,2.684,7.87,0.3411,2.684,0,0,0.0,0.3411,2,10.522,0,NORMAL
2026-08-24 16:15:00,R1,7.823,10.898,0.7179,7.823,0,0,0.0,0.7179,3,11.397,0,NORMAL
2026-08-24 16:15:00,R2,2.669,7.776,0.3433,2.669,0,0,0.0,0.3433,2,10.649,0,NORMAL
2026-08-24 16:30:00,R1,6.641,10.972,0.6052,6.641,0,0,0.0,0.6052,3,11.32,0,NORMAL
2026-08-24 16:30:00,R2,2.411,8.461,0.285,2.411,0,0,0.0,0.285,2,9.786,0,NORMAL
2026-08-24 16:45:00,R1,7.732,10.736,0.7202,7.732,0,0,0.0,0.7202,3,11.568,0,NORMAL
2026-08-24 16:45:00,R2,2.505,7.728,0.3241,2.505,0,0,0.0,0.3241,2,10.714,0,NORMAL
2026-08-24 17:00:00,R1,7.024,6.886,1.0199,6.886,0,0.137,0.0,1.0199,2,12.024,0,HIGH
2026-08-24 17:00:00,R2,2.574,8.03,0.3205,2.574,0,0,0.0,0.3205,2,10.311,0,NORMAL
2026-08-24 17:15:00,R1,7.317,10.673,0.6856,7.454,0.137,0,0.193,0.6984,3,11.637,0,NORMAL
2026-08-24 17:15:00,R2,2.878,7.643,0.3765,2.878,0,0,0.0,0.3765,2,10.833,0,NORMAL
2026-08-24 17:30:00,R1,7.274,10.882,0.6684,7.274,0,0,0.0,0.6684,3,11.414,0,NORMAL
2026-08-24 17:30:00,R2,2.954,7.986,0.3699,2.954,0,0,0.0,0.3699,2,10.368,0,NORMAL
2026-08-24 17:45:00,R1,7.161,10.765,0.6652,7.161,0,0,0.0,0.6652,3,11.537,0,NORMAL
2026-08-24 17:45:00,R2,2.854,8.84,0.3229,2.854,0,0,0.0,0.3229,2,9.367,0,NORMAL
2026-08-24 18:00:00,R1,6.96,10.735,0.6483,6.96,0,0,0.0,0.6483,3,11.57,0,NORMAL
2026-08-24 18:00:00,R2,2.869,8.105,0.354,2.869,0,0,0.0,0.354,2,10.215,0,NORMAL
2026-08-24 18:15:00,R1,7.261,10.131,0.7167,7.261,0,0,0.0,0.7167,3,12.26,0,NORMAL
2026-08-24 18:15:00,R2,3.115,7.826,0.3981,3.115,0,0,0.0,0.3981,2,10.581,0,NORMAL
2026-08-24 18:30:00,R1,7.066,10.27,0.688,7.066,0,0,0.0,0.688,3,12.093,0,NORMAL
2026-08-24 18:30:00,R2,2.743,7.494,0.366,2.743,0,0,0.0,0.366,2,11.049,0,NORMAL
2026-08-24 18:45:00,R1,7.668,10.539,0.7276,7.668,0,0,0.0,0.7276,3,11.784,0,NORMAL
2026-08-24 18:45:00,R2,2.85,8.124,0.3508,2.85,0,0,0.0,0.3508,2,10.192,0,NORMAL
2026-08-24 19:00:00,R1,5.773,10.487,0.5505,5.773,0,0,0.0,0.5505,3,11.843,0,NORMAL
2026-08-24 19:00:00,R2,2.657,8.241,0.3224,2.657,0,0,0.0,0.3224,2,10.048,0,NORMAL
2026-08-24 19:15:00,R1,5.993,10.615,0.5646,5.993,0,0,0.0,0.5646,3,11.701,0,NORMAL
2026-08-24 19:15:00,R2,3.178,7.871,0.4037,3.178,0,0,0.0,0.4037,2,10.52,0,NORMAL
2026-08-24 19:30:00,R1,6.989,10.748,0.6503,6.989,0,0,0.0,0.6503,3,11.556,0,NORMAL
2026-08-24 19:30:00,R2,2.317,7.668,0.3021,2.317,0,0,0.0,0.3021,2,10.798,0,NORMAL
2026-08-24 19:45:00,R1,7.323,11.376,0.6437,7.323,0,0,0.0,0.6437,3,10.918,0,NORMAL
2026-08-24 19:45:00,R2,3.073,3.819,0.8047,3.073,0,0,0.0,0.8047,1,10.839,0,WARNING
2026-08-24 20:00:00,R1,6.683,11.435,0.5844,6.683,0,0,0.0,0.5844,3,10.861,0,NORMAL
2026-08-24 20:00:00,R2,3.453,7.854,0.4396,3.453,0,0,0.0,0.4396,2,10.543,0,NORMAL
2026-08-24 20:15:00,R1,7.31,11.015,0.6636,7.31,0,0,0.0,0.6636,3,11.275,0,NORMAL
2026-08-24 20:15:00,R2,3.117,8.243,0.3781,3.117,0,0,0.0,0.3781,2,10.045,0,NORMAL
2026-08-24 20:30:00,R1,7.128,10.605,0.6722,7.128,0,0,0.0,0.6722,3,11.712,0,NORMAL
2026-08-24 20:30:00,R2,3.33,8.336,0.3995,3.33,0,0,0.0,0.3995,2,9.933,0,NORMAL
2026-08-24 20:45:00,R1,6.853,10.518,0.6516,6.853,0,0,0.0,0.6516,3,11.809,0,NORMAL
2026-08-24 20:45:00,R2,3.292,7.983,0.4124,3.292,0,0,0.0,0.4124,2,10.371,0,NORMAL
2026-08-24 21:00:00,R1,6.921,10.564,0.6551,6.921,0,0,0.0,0.6551,3,11.756,0,NORMAL
2026-08-24 21:00:00,R2,2.884,8.673,0.3326,2.884,0,0,0.0,0.3326,2,9.547,0,NORMAL
2026-08-24 21:15:00,R1,7.066,10.377,0.6809,7.066,0,0,0.0,0.6809,3,11.969,0,NORMAL
2026-08-24 21:15:00,R2,2.871,8.199,0.3502,2.871,0,0,0.0,0.3502,2,10.099,0,NORMAL
2026-08-24 21:30:00,R1,7.177,10.993,0.6529,7.177,0,0,0.0,0.6529,3,11.298,0,NORMAL
2026-08-24 21:30:00,R2,3.247,7.978,0.407,3.247,0,0,0.0,0.407,2,10.379,0,NORMAL
2026-08-24 21:45:00,R1,7.269,10.307,0.7053,7.269,0,0,0.0,0.7053,3,12.05,0,NORMAL
2026-08-24 21:45:00,R2,2.645,7.817,0.3383,2.645,0,0,0.0,0.3383,2,10.592,0,NORMAL
2026-08-24 22:00:00,R1,5.445,10.961,0.4967,5.445,0,0,0.0,0.4967,3,11.331,0,NORMAL
2026-08-24 22:00:00,R2,2.338,7.75,0.3017,2.338,0,0,0.0,0.3017,2,10.684,0,NORMAL
2026-08-24 22:15:00,R1,5.043,10.941,0.461,5.043,0,0,0.0,0.461,3,11.351,0,NORMAL
2026-08-24 22:15:00,R2,2.507,8.095,0.3097,2.507,0,0,0.0,0.3097,2,10.229,0,NORMAL
2026-08-24 22:30:00,R1,4.916,10.499,0.4683,4.916,0,0,0.0,0.4683,3,11.83,0,NORMAL
2026-08-24 22:30:00,R2,2.237,7.885,0.2837,2.237,0,0,0.0,0.2837,2,10.5,0,NORMAL
2026-08-24 22:45:00,R1,5.706,10.235,0.5575,5.706,0,0,0.0,0.5575,3,12.135,0,NORMAL
2026-08-24 22:45:00,R2,2.806,7.648,0.3669,2.806,0,0,0.0,0.3669,2,10.827,0,NORMAL
2026-08-24 23:00:00,R1,5.614,10.585,0.5304,5.614,0,0,0.0,0.5304,3,11.734,0,NORMAL
2026-08-24 23:00:00,R2,2.793,8.359,0.3341,2.793,0,0,0.0,0.3341,2,9.905,0,NORMAL
2026-08-24 23:15:00,R1,5.614,10.947,0.5128,5.614,0,0,0.0,0.5128,3,11.345,0,NORMAL
2026-08-24 23:15:00,R2,2.145,8.082,0.2654,2.145,0,0,0.0,0.2654,2,10.245,0,NORMAL
2026-08-24 23:30:00,R1,5.078,10.909,0.4655,5.078,0,0,0.0,0.4655,3,11.385,0,NORMAL
2026-08-24 23:30:00,R2,2.564,7.983,0.3212,2.564,0,0,0.0,0.3212,2,10.372,0,NORMAL
2026-08-24 23:45:00,R1,5.658,10.458,0.541,5.658,0,0,0.0,0.541,3,11.876,0,NORMAL
2026-08-24 23:45:00,R2,2.882,8.29,0.3477,2.882,0,0,0.0,0.3477,2,9.988,0,NORMAL
2026-08-25 00:00:00,R1,5.32,10.035,0.5302,5.32,0,0,0.0,0.5302,3,12.376,0,NORMAL
2026-08-25 00:00:00,R2,2.624,8.186,0.3206,2.624,0,0,0.0,0.3206,2,10.115,0,NORMAL
2026-08-25 00:15:00,R1,5.507,10.892,0.5056,5.507,0,0,0.0,0.5056,3,11.403,0,NORMAL
2026-08-25 00:15:00,R2,2.273,8.407,0.2703,2.273,0,0,0.0,0.2703,2,9.849,0,NORMAL
2026-08-25 00:30:00,R1,5.365,10.739,0.4996,5.365,0,0,0.0,0.4996,3,11.565,0,NORMAL
2026-08-25 00:30:00,R2,2.27,7.904,0.2873,2.27,0,0,0.0,0.2873,2,10.476,0,NORMAL
2026-08-25 00:45:00,R1,5.283,10.942,0.4828,5.283,0,0,0.0,0.4828,3,11.351,0,NORMAL
2026-08-25 00:45:00,R2,2.411,8.037,0.3,2.411,0,0,0.0,0.3,2,10.302,0,NORMAL
2026-08-25 01:00:00,R1,4.818,10.596,0.4547,4.818,0,0,0.0,0.4547,3,11.721,0,NORMAL
2026-08-25 01:00:00,R2,2.746,9.164,0.2996,2.746,0,0,0.0,0.2996,2,9.035,0,NORMAL
2026-08-25 01:15:00,R1,5.335,10.442,0.5109,5.335,0,0,0.0,0.5109,3,11.894,0,NORMAL
2026-08-25 01:15:00,R2,2.552,7.88,0.3239,2.552,0,0,0.0,0.3239,2,10.507,0,NORMAL
2026-08-25 01:30:00,R1,5.275,10.911,0.4835,5.275,0,0,0.0,0.4835,3,11.383,0,NORMAL
2026-08-25 01:30:00,R2,2.58,7.644,0.3376,2.58,0,0,0.0,0.3376,2,10.833,0,NORMAL
2026-08-25 01:45:00,R1,5.35,10.452,0.5119,5.35,0,0,0.0,0.5119,3,11.883,0,NORMAL
2026-08-25 01:45:00,R2,2.689,8.006,0.3359,2.689,0,0,0.0,0.3359,2,10.342,0,NORMAL
2026-08-25 02:00:00,R1,5.86,10.582,0.5537,5.86,0,0,0.0,0.5537,3,11.737,0,NORMAL
2026-08-25 02:00:00,R2,2.918,8.299,0.3516,2.918,0,0,0.0,0.3516,2,9.977,0,NORMAL
2026-08-25 02:15:00,R1,4.562,10.123,0.4507,4.562,0,0,0.0,0.4507,3,12.269,0,NORMAL
2026-08-25 02:15:00,R2,2.157,8.478,0.2545,2.157,0,0,0.0,0.2545,2,9.767,0,NORMAL
2026-08-25 02:30:00,R1,5.082,7.162,0.7096,5.082,0,0,0.0,0.7096,2,11.561,0,NORMAL
2026-08-25 02:30:00,R2,2.852,8.254,0.3455,2.852,0,0,0.0,0.3455,2,10.032,0,NORMAL
2026-08-25 02:45:00,R1,4.954,10.244,0.4835,4.954,0,0,0.0,0.4835,3,12.124,0,NORMAL
2026-08-25 02:45:00,R2,2.419,8.765,0.2759,2.419,0,0,0.0,0.2759,2,9.446,0,NORMAL
2026-08-25 03:00:00,R1,5.439,10.688,0.5089,5.439,0,0,0.0,0.5089,3,11.621,0,NORMAL
2026-08-25 03:00:00,R2,2.524,8.509,0.2966,2.524,0,0,0.0,0.2966,2,9.731,0,NORMAL
2026-08-25 03:15:00,R1,5.426,10.523,0.5156,5.426,0,0,0.0,0.5156,3,11.802,0,NORMAL
2026-08-25 03:15:00,R2,2.731,7.722,0.3537,2.731,0,0,0.0,0.3537,2,10.723,0,NORMAL
2026-08-25 03:30:00,R1,5.057,10.374,0.4874,5.057,0,0,0.0,0.4874,3,11.972,0,NORMAL
2026-08-25 03:30:00,R2,2.587,8.253,0.3135,2.587,0,0,0.0,0.3135,2,10.033,0,NORMAL
2026-08-25 03:45:00,R1,5.441,10.883,0.4999,5.441,0,0,0.0,0.4999,3,11.413,0,NORMAL
2026-08-25 03:45:00,R2,2.335,7.953,0.2936,2.335,0,0,0.0,0.2936,2,10.411,0,NORMAL
2026-08-25 04:00:00,R1,5.31,6.673,0.7957,5.31,0,0,0.0,0.7957,2,12.408,0,WARNING
2026-08-25 04:00:00,R2,2.444,8.138,0.3003,2.444,0,0,0.0,0.3003,2,10.174,0,NORMAL
2026-08-25 04:15:00,R1,5.049,10.499,0.4809,5.049,0,0,0.0,0.4809,3,11.83,0,NORMAL
2026-08-25 04:15:00,R2,2.384,8.119,0.2936,2.384,0,0,0.0,0.2936,2,10.198,0,NORMAL
2026-08-25 04:30:00,R1,5.292,10.783,0.4908,5.292,0,0,0.0,0.4908,3,11.518,0,NORMAL
2026-08-25 04:30:00,R2,2.484,8.173,0.304,2.484,0,0,0.0,0.304,2,10.131,0,NORMAL
2026-08-25 04:45:00,R1,5.13,7.143,0.7182,5.13,0,0,0.0,0.7182,2,11.593,0,NORMAL
2026-08-25 04:45:00,R2,2.887,4.188,0.6894,2.887,0,0,0.0,0.6894,1,9.885,0,NORMAL
2026-08-25 05:00:00,R1,4.873,10.601,0.4597,4.873,0,0,0.0,0.4597,3,11.715,0,NORMAL
2026-08-25 05:00:00,R2,2.537,8.332,0.3045,2.537,0,0,0.0,0.3045,2,9.938,0,NORMAL
2026-08-25 05:15:00,R1,5.736,11.023,0.5204,5.736,0,0,0.0,0.5204,3,11.267,0,NORMAL
2026-08-25 05:15:00,R2,2.507,8.093,0.3098,2.507,0,0,0.0,0.3098,2,10.231,0,NORMAL
2026-08-25 05:30:00,R1,5.894,11.23,0.5249,5.894,0,0,0.0,0.5249,3,11.06,0,NORMAL
2026-08-25 05:30:00,R2,2.939,8.204,0.3582,2.939,0,0,0.0,0.3582,2,10.093,0,NORMAL
2026-08-25 05:45:00,R1,6.002,10.829,0.5542,6.002,0,0,0.0,0.5542,3,11.469,0,NORMAL
2026-08-25 05:45:00,R2,2.232,8.226,0.2714,2.232,0,0,0.0,0.2714,2,10.066,0,NORMAL
2026-08-25 06:00:00,R1,6.418,10.547,0.6085,6.418,0,0,0.0,0.6085,3,11.776,0,NORMAL
2026-08-25 06:00:00,R2,3.173,7.979,0.3977,3.173,0,0,0.0,0.3977,2,10.377,0,NORMAL
2026-08-25 06:15:00,R1,7.634,10.202,0.7483,7.634,0,0,0.0,0.7483,3,12.174,0,NORMAL
2026-08-25 06:15:00,R2,3.179,7.912,0.4018,3.179,0,0,0.0,0.4018,2,10.466,0,NORMAL
2026-08-25 06:30:00,R1,6.497,10.869,0.5977,6.497,0,0,0.0,0.5977,3,11.427,0,NORMAL
2026-08-25 06:30:00,R2,3.14,8.114,0.3869,3.14,0,0,0.0,0.3869,2,10.205,0,NORMAL
2026-08-25 06:45:00,R1,6.449,10.995,0.5865,6.449,0,0,0.0,0.5865,3,11.296,0,NORMAL
2026-08-25 06:45:00,R2,2.918,8.635,0.3379,2.918,0,0,0.0,0.3379,2,9.589,0,NORMAL
2026-08-25 07:00:00,R1,7.058,10.473,0.674,7.058,0,0,0.0,0.674,3,11.859,0,NORMAL
2026-08-25 07:00:00,R2,3.372,7.738,0.4358,3.372,0,0,0.0,0.4358,2,10.7,0,NORMAL
2026-08-25 07:15:00,R1,6.527,10.156,0.6426,6.527,0,0,0.0,0.6426,3,12.229,0,NORMAL
2026-08-25 07:15:00,R2,3.223,7.111,0.4533,3.223,0,0,0.0,0.4533,2,11.644,0,NORMAL
2026-08-25 07:30:00,R1,6.908,10.392,0.6647,6.908,0,0,0.0,0.6647,3,11.951,0,NORMAL
2026-08-25 07:30:00,R2,3.263,7.963,0.4098,3.263,0,0,0.0,0.4098,2,10.398,0,NORMAL
2026-08-25 07:45:00,R1,6.279,11.028,0.5693,6.279,0,0,0.0,0.5693,3,11.262,0,NORMAL
2026-08-25 07:45:00,R2,3.021,7.993,0.3779,3.021,0,0,0.0,0.3779,2,10.359,0,NORMAL
2026-08-25 08:00:00,R1,6.647,10.627,0.6254,6.647,0,0,0.0,0.6254,3,11.687,0,NORMAL
2026-08-25 08:00:00,R2,3.153,8.386,0.3759,3.153,0,0,0.0,0.3759,2,9.874,0,NORMAL
2026-08-25 08:15:00,R1,7.264,10.339,0.7025,7.264,0,0,0.0,0.7025,3,12.013,0,NORMAL
2026-08-25 08:15:00,R2,3.129,8.293,0.3774,3.129,0,0,0.0,0.3774,2,9.985,0,NORMAL
2026-08-25 08:30:00,R1,6.542,10.847,0.6031,6.542,0,0,0.0,0.6031,3,11.45,0,NORMAL
2026-08-25 08:30:00,R2,3.11,8.238,0.3775,3.11,0,0,0.0,0.3775,2,10.051,0,NORMAL
2026-08-25 08:45:00,R1,6.934,10.765,0.6441,6.934,0,0,0.0,0.6441,3,11.538,0,NORMAL
2026-08-25 08:45:00,R2,3.069,7.718,0.3976,3.069,0,0,0.0,0.3976,2,10.728,0,NORMAL
2026-08-25 09:00:00,R1,6.793,10.32,0.6583,6.793,0,0,0.0,0.6583,3,12.035,0,NORMAL
2026-08-25 09:00:00,R2,2.602,8.268,0.3147,2.602,0,0,0.0,0.3147,2,10.014,0,NORMAL
2026-08-25 09:15:00,R1,6.035,10.695,0.5643,6.035,0,0,0.0,0.5643,3,11.613,0,NORMAL
2026-08-25 09:15:00,R2,2.82,8.588,0.3284,2.82,0,0,0.0,0.3284,2,9.641,0,NORMAL
2026-08-25 09:30:00,R1,6.792,10.426,0.6515,6.792,0,0,0.0,0.6515,3,11.912,0,NORMAL
2026-08-25 09:30:00,R2,2.745,7.906,0.3471,2.745,0,0,0.0,0.3471,2,10.473,0,NORMAL
2026-08-25 09:45:00,R1,7.184,10.792,0.6656,7.184,0,0,0.0,0.6656,3,11.509,0,NORMAL
2026-08-25 09:45:00,R2,2.637,8.476,0.3111,2.637,0,0,0.0,0.3111,2,9.769,0,NORMAL
2026-08-25 10:00:00,R1,6.902,10.707,0.6446,6.902,0,0,0.0,0.6446,3,11.6,0,NORMAL
2026-08-25 10:00:00,R2,2.866,7.799,0.3675,2.866,0,0,0.0,0.3675,2,10.616,0,NORMAL
2026-08-25 10:15:00,R1,7.126,10.155,0.7017,7.126,0,0,0.0,0.7017,3,12.231,0,NORMAL
2026-08-25 10:15:00,R2,3.35,8.075,0.4148,3.35,0,0,0.0,0.4148,2,10.253,0,NORMAL
2026-08-25 10:30:00,R1,6.686,10.659,0.6273,6.686,0,0,0.0,0.6273,3,11.652,0,NORMAL
2026-08-25 10:30:00,R2,3.113,8.309,0.3747,3.113,0,0,0.0,0.3747,2,9.966,0,NORMAL
2026-08-25 10:45:00,R1,7.234,10.651,0.6792,7.234,0,0,0.0,0.6792,3,11.66,0,NORMAL
2026-08-25 10:45:00,R2,3.052,8.773,0.3479,3.052,0,0,0.0,0.3479,2,9.438,0,NORMAL
2026-08-25 11:00:00,R1,7.185,10.246,0.7012,7.185,0,0,0.0,0.7012,3,12.121,0,NORMAL
2026-08-25 11:00:00,R2,3.078,4.103,0.7501,3.078,0,0,0.0,0.7501,1,10.09,0,WARNING
2026-08-25 11:15:00,R1,7.269,10.7,0.6794,7.269,0,0,0.0,0.6794,3,11.608,0,NORMAL
2026-08-25 11:15:00,R2,2.878,7.691,0.3743,2.878,0,0,0.0,0.3743,2,10.765,0,NORMAL
2026-08-25 11:30:00,R1,5.753,11.034,0.5214,5.753,0,0,0.0,0.5214,3,11.256,0,NORMAL
2026-08-25 11:30:00,R2,2.704,7.468,0.3621,2.704,0,0,0.0,0.3621,2,11.088,0,NORMAL
2026-08-25 11:45:00,R1,6.137,10.611,0.5783,6.137,0,0,0.0,0.5783,3,11.704,0,NORMAL
2026-08-25 11:45:00,R2,2.794,8.026,0.3482,2.794,0,0,0.0,0.3482,2,10.317,0,NORMAL
2026-08-25 12:00:00,R1,7.798,11.029,0.7071,7.798,0,0,0.0,0.7071,3,11.261,0,NORMAL
2026-08-25 12:00:00,R2,2.799,7.594,0.3686,2.799,0,0,0.0,0.3686,2,10.903,0,NORMAL
2026-08-25 12:15:00,R1,7.299,11.039,0.6612,7.299,0,0,0.0,0.6612,3,11.251,0,NORMAL
2026-08-25 12:15:00,R2,2.755,8.301,0.3319,2.755,0,0,0.0,0.3319,2,9.975,0,NORMAL
2026-08-25 12:30:00,R1,6.838,10.512,0.6505,6.838,0,0,0.0,0.6505,3,11.815,0,NORMAL
2026-08-25 12:30:00,R2,2.611,8.542,0.3057,2.611,0,0,0.0,0.3057,2,9.693,0,NORMAL
2026-08-25 12:45:00,R1,6.979,10.457,0.6675,6.979,0,0,0.0,0.6675,3,11.878,0,NORMAL
2026-08-25 12:45:00,R2,2.593,8.055,0.322,2.593,0,0,0.0,0.322,2,10.279,0,NORMAL
2026-08-25 13:00:00,R1,7.59,11.195,0.678,7.59,0,0,0.0,0.678,3,11.094,0,NORMAL
2026-08-25 13:00:00,R2,3.089,7.751,0.3985,3.089,0,0,0.0,0.3985,2,10.682,0,NORMAL
2026-08-25 13:15:00,R1,6.787,10.329,0.6571,6.787,0,0,0.0,0.6571,3,12.025,0,NORMAL
2026-08-25 13:15:00,R2,3.325,7.87,0.4224,3.325,0,0,0.0,0.4224,2,10.521,0,NORMAL
2026-08-25 13:30:00,R1,8.01,10.908,0.7343,8.01,0,0,0.0,0.7343,3,11.386,0,NORMAL
2026-08-25 13:30:00,R2,2.718,8.2,0.3315,2.718,0,0,0.0,0.3315,2,10.098,0,NORMAL
2026-08-25 13:45:00,R1,7.385,5.724,1.29,5.724,0,1.66,0.0,1.25,2,14.465,0,HIGH
2026-08-25 13:45:00,R2,2.561,8.113,0.3157,2.561,0,0,0.0,0.3157,2,10.206,0,NORMAL
2026-08-25 14:00:00,R1,7.852,9.529,0.824,9.512,1.66,0,2.613,0.9982,3,13.034,0,HIGH
2026-08-25 14:00:00,R2,2.975,7.623,0.3903,2.975,0,0,0.0,0.3903,2,10.861,0,NORMAL
2026-08-25 14:15:00,R1,8.043,10.56,0.7616,8.043,0,0,0.0,0.7616,3,11.761,0,WARNING
2026-08-25 14:15:00,R2,2.551,8.105,0.3148,2.551,0,0,0.0,0.3148,2,10.216,0,NORMAL
2026-08-25 14:30:00,R1,7.757,10.703,0.7248,7.757,0,0,0.0,0.7248,3,11.604,0,NORMAL
2026-08-25 14:30:00,R2,2.996,7.483,0.4003,2.996,0,0,0.0,0.4003,2,11.065,0,NORMAL
2026-08-25 14:45:00,R1,7.688,11.049,0.6958,7.688,0,0,0.0,0.6958,3,11.241,0,NORMAL
2026-08-25 14:45:00,R2,2.854,7.45,0.3831,2.854,0,0,0.0,0.3831,2,11.114,0,NORMAL
2026-08-25 15:00:00,R1,8.295,10.13,0.8189,8.295,0,0,0.0,0.8189,3,12.261,0,WARNING
2026-08-25 15:00:00,R2,2.818,7.758,0.3632,2.818,0,0,0.0,0.3632,2,10.672,0,NORMAL
2026-08-25 15:15:00,R1,7.205,10.314,0.6985,7.205,0,0,0.0,0.6985,3,12.042,0,NORMAL
2026-08-25 15:15:00,R2,2.824,7.95,0.3552,2.824,0,0,0.0,0.3552,2,10.415,0,NORMAL
2026-08-25 15:30:00,R1,7.573,10.718,0.7066,7.573,0,0,0.0,0.7066,3,11.588,0,NORMAL
2026-08-25 15:30:00,R2,2.831,8.167,0.3467,2.831,0,0,0.0,0.3467,2,10.139,0,NORMAL
2026-08-25 15:45:00,R1,7.01,10.174,0.689,7.01,0,0,0.0,0.689,3,12.207,0,NORMAL
2026-08-25 15:45:00,R2,3.0,8.443,0.3553,3.0,0,0,0.0,0.3553,2,9.807,0,NORMAL
2026-08-25 16:00:00,R1,7.341,6.099,1.2036,6.099,0,1.242,0.0,1.2036,2,13.575,0,HIGH
2026-08-25 16:00:00,R2,2.869,7.713,0.372,2.869,0,0,0.0,0.372,2,10.735,0,NORMAL
2026-08-25 16:15:00,R1,6.813,11.086,0.6145,8.055,1.242,0,1.68,0.7266,3,11.203,0,NORMAL
2026-08-25 16:15:00,R2,2.582,7.897,0.327,2.582,0,0,0.0,0.327,2,10.485,0,NORMAL
2026-08-25 16:30:00,R1,7.316,10.71,0.6831,7.316,0,0,0.0,0.6831,3,11.596,0,NORMAL
2026-08-25 16:30:00,R2,2.479,8.495,0.2918,2.479,0,0,0.0,0.2918,2,9.747,0,NORMAL
2026-08-25 16:45:00,R1,7.415,10.564,0.7019,7.415,0,0,0.0,0.7019,3,11.757,0,NORMAL
2026-08-25 16:45:00,R2,2.84,7.984,0.3558,2.84,0,0,0.0,0.3558,2,10.371,0,NORMAL
2026-08-25 17:00:00,R1,6.427,11.32,0.5677,6.427,0,0,0.0,0.5677,3,10.971,0,NORMAL
2026-08-25 17:00:00,R2,2.838,7.46,0.3804,2.838,0,0,0.0,0.3804,2,11.1,0,NORMAL
2026-08-25 17:15:00,R1,7.3,10.945,0.667,7.3,0,0,0.0,0.667,3,11.347,0,NORMAL
2026-08-25 17:15:00,R2,2.933,8.026,0.3654,2.933,0,0,0.0,0.3654,2,10.316,0,NORMAL
2026-08-25 17:30:00,R1,7.519,10.532,0.7139,7.519,0,0,0.0,0.7139,3,11.792,0,NORMAL
2026-08-25 17:30:00,R2,2.712,7.877,0.3443,2.712,0,0,0.0,0.3443,2,10.511,0,NORMAL
2026-08-25 17:45:00,R1,7.214,10.478,0.6885,7.214,0,0,0.0,0.6885,3,11.853,0,NORMAL
2026-08-25 17:45:00,R2,3.004,7.672,0.3915,3.004,0,0,0.0,0.3915,2,10.793,0,NORMAL
2026-08-25 18:00:00,R1,6.994,10.509,0.6655,6.994,0,0,0.0,0.6655,3,11.819,0,NORMAL
2026-08-25 18:00:00,R2,2.941,4.052,0.7259,2.941,0,0,0.0,0.7259,1,10.217,0,NORMAL
2026-08-25 18:15:00,R1,7.014,11.109,0.6314,7.014,0,0,0.0,0.6314,3,11.18,0,NORMAL
2026-08-25 18:15:00,R2,2.913,8.472,0.3439,2.913,0,0,0.0,0.3439,2,9.773,0,NORMAL
2026-08-25 18:30:00,R1,6.974,6.596,1.0572,6.596,0,0.377,0.0,1.0572,2,12.552,0,HIGH
2026-08-25 18:30:00,R2,2.817,8.55,0.3295,2.817,0,0,0.0,0.3295,2,9.684,0,NORMAL
2026-08-25 18:45:00,R1,7.54,10.645,0.7083,7.917,0.377,0,0.532,0.7438,3,11.668,0,NORMAL
2026-08-25 18:45:00,R2,2.886,7.646,0.3774,2.886,0,0,0.0,0.3774,2,10.829,0,NORMAL
2026-08-25 19:00:00,R1,6.024,11.004,0.5474,6.024,0,0,0.0,0.5474,3,11.287,0,NORMAL
2026-08-25 19:00:00,R2,3.08,7.794,0.3952,3.08,0,0,0.0,0.3952,2,10.623,0,NORMAL
2026-08-25 19:15:00,R1,6.208,10.619,0.5846,6.208,0,0,0.0,0.5846,3,11.696,0,NORMAL
2026-08-25 19:15:00,R2,2.84,8.167,0.3477,2.84,0,0,0.0,0.3477,2,10.138,0,NORMAL
2026-08-25 19:30:00,R1,7.267,10.546,0.689,7.267,0,0,0.0,0.689,3,11.777,0,NORMAL
2026-08-25 19:30:00,R2,3.099,8.088,0.3831,3.099,0,0,0.0,0.3831,2,10.237,0,NORMAL
2026-08-25 19:45:00,R1,7.149,10.422,0.6859,7.149,0,0,0.0,0.6859,3,11.917,0,NORMAL
2026-08-25 19:45:00,R2,3.129,8.436,0.371,3.129,0,0,0.0,0.371,2,9.815,0,NORMAL
2026-08-25 20:00:00,R1,7.578,10.487,0.7226,7.578,0,0,0.0,0.7226,3,11.843,0,NORMAL
2026-08-25 20:00:00,R2,3.064,8.201,0.3736,3.064,0,0,0.0,0.3736,2,10.097,0,NORMAL
2026-08-25 20:15:00,R1,6.909,10.262,0.6732,6.909,0,0,0.0,0.6732,3,12.103,0,NORMAL
2026-08-25 20:15:00,R2,3.146,8.449,0.3724,3.146,0,0,0.0,0.3724,2,9.8,0,NORMAL
2026-08-25 20:30:00,R1,7.371,11.018,0.669,7.371,0,0,0.0,0.669,3,11.272,0,NORMAL
2026-08-25 20:30:00,R2,3.182,9.132,0.3485,3.182,0,0,0.0,0.3485,2,9.067,0,NORMAL
2026-08-25 20:45:00,R1,7.136,11.068,0.6447,7.136,0,0,0.0,0.6447,3,11.221,0,NORMAL
2026-08-25 20:45:00,R2,3.197,8.254,0.3873,3.197,0,0,0.0,0.3873,2,10.032,0,NORMAL
2026-08-25 21:00:00,R1,7.135,10.521,0.6782,7.135,0,0,0.0,0.6782,3,11.805,0,NORMAL
2026-08-25 21:00:00,R2,2.668,8.316,0.3209,2.668,0,0,0.0,0.3209,2,9.957,0,NORMAL
2026-08-25 21:15:00,R1,7.547,10.834,0.6966,7.547,0,0,0.0,0.6966,3,11.463,0,NORMAL
2026-08-25 21:15:00,R2,3.28,8.367,0.3921,3.28,0,0,0.0,0.3921,2,9.897,0,NORMAL
2026-08-25 21:30:00,R1,7.011,10.462,0.6701,7.011,0,0,0.0,0.6701,3,11.872,0,NORMAL
2026-08-25 21:30:00,R2,3.094,8.251,0.375,3.094,0,0,0.0,0.375,2,10.035,0,NORMAL
2026-08-25 21:45:00,R1,6.798,11.437,0.5944,6.798,0,0,0.0,0.5944,3,10.859,0,NORMAL
2026-08-25 21:45:00,R2,3.26,8.056,0.4046,3.26,0,0,0.0,0.4046,2,10.278,0,NORMAL
2026-08-25 22:00:00,R1,5.031,10.58,0.4756,5.031,0,0,0.0,0.4756,3,11.74,0,NORMAL
2026-08-25 22:00:00,R2,2.977,8.12,0.3666,2.977,0,0,0.0,0.3666,2,10.197,0,NORMAL
2026-08-25 22:15:00,R1,4.779,11.051,0.4325,4.779,0,0,0.0,0.4325,3,11.239,0,NORMAL
2026-08-25 22:15:00,R2,2.497,7.984,0.3128,2.497,0,0,0.0,0.3128,2,10.371,0,NORMAL
2026-08-25 22:30:00,R1,5.444,10.761,0.5059,5.444,0,0,0.0,0.5059,3,11.542,0,NORMAL
2026-08-25 22:30:00,R2,2.895,7.644,0.3787,2.895,0,0,0.0,0.3787,2,10.831,0,NORMAL
2026-08-25 22:45:00,R1,5.43,10.391,0.5226,5.43,0,0,0.0,0.5226,3,11.953,0,NORMAL
2026-08-25 22:45:00,R2,2.295,8.355,0.2747,2.295,0,0,0.0,0.2747,2,9.91,0,NORMAL
2026-08-25 23:00:00,R1,5.529,10.62,0.5206,5.529,0,0,0.0,0.5206,3,11.695,0,NORMAL
2026-08-25 23:00:00,R2,2.628,8.244,0.3188,2.628,0,0,0.0,0.3188,2,10.044,0,NORMAL
2026-08-25 23:15:00,R1,5.989,10.589,0.5656,5.989,0,0,0.0,0.5656,3,11.729,0,NORMAL
2026-08-25 23:15:00,R2,3.085,7.638,0.404,3.085,0,0,0.0,0.404,2,10.84,0,NORMAL
2026-08-25 23:30:00,R1,5.343,10.467,0.5104,5.343,0,0,0.0,0.5104,3,11.866,0,NORMAL
2026-08-25 23:30:00,R2,2.798,8.198,0.3414,2.798,0,0,0.0,0.3414,2,10.1,0,NORMAL
2026-08-25 23:45:00,R1,5.719,10.788,0.5301,5.719,0,0,0.0,0.5301,3,11.513,0,NORMAL
2026-08-25 23:45:00,R2,2.124,8.106,0.262,2.124,0,0,0.0,0.262,2,10.215,0,NORMAL
2026-08-26 00:00:00,R1,5.619,10.554,0.5324,5.619,0,0,0.0,0.5324,3,11.768,0,NORMAL
2026-08-26 00:00:00,R2,2.22,8.192,0.271,2.22,0,0,0.0,0.271,2,10.108,0,NORMAL
2026-08-26 00:15:00,R1,5.529,10.881,0.5081,5.529,0,0,0.0,0.5081,3,11.414,0,NORMAL
2026-08-26 00:15:00,R2,2.386,8.32,0.2867,2.386,0,0,0.0,0.2867,2,9.952,0,NORMAL
2026-08-26 00:30:00,R1,4.937,10.576,0.4668,4.937,0,0,0.0,0.4668,3,11.743,0,NORMAL
2026-08-26 00:30:00,R2,2.485,7.822,0.3177,2.485,0,0,0.0,0.3177,2,10.586,0,NORMAL
2026-08-26 00:45:00,R1,5.566,7.074,0.7868,5.566,0,0,0.0,0.7868,2,11.705,0,WARNING
2026-08-26 00:45:00,R2,2.578,8.295,0.3108,2.578,0,0,0.0,0.3108,2,9.982,0,NORMAL
2026-08-26 01:00:00,R1,5.643,11.252,0.5015,5.643,0,0,0.0,0.5015,3,11.038,0,NORMAL
2026-08-26 01:00:00,R2,2.669,4.141,0.6446,2.669,0,0,0.0,0.6446,1,9.997,0,NORMAL
2026-08-26 01:15:00,R1,5.259,11.115,0.4731,5.259,0,0,0.0,0.4731,3,11.174,0,NORMAL
2026-08-26 01:15:00,R2,2.757,8.099,0.3404,2.757,0,0,0.0,0.3404,2,10.224,0,NORMAL
2026-08-26 01:30:00,R1,5.591,10.406,0.5373,5.591,0,0,0.0,0.5373,3,11.935,0,NORMAL
2026-08-26 01:30:00,R2,2.821,8.123,0.3473,2.821,0,0,0.0,0.3473,2,10.194,0,NORMAL
2026-08-26 01:45:00,R1,4.901,10.302,0.4757,4.901,0,0,0.0,0.4757,3,12.056,0,NORMAL
2026-08-26 01:45:00,R2,2.783,8.43,0.3301,2.783,0,0,0.0,0.3301,2,9.822,0,NORMAL
2026-08-26 02:00:00,R1,5.212,10.085,0.5168,5.212,0,0,0.0,0.5168,3,12.315,0,NORMAL
2026-08-26 02:00:00,R2,3.154,8.13,0.3879,3.154,0,0,0.0,0.3879,2,10.185,0,NORMAL
2026-08-26 02:15:00,R1,5.334,10.927,0.4881,5.334,0,0,0.0,0.4881,3,11.366,0,NORMAL
2026-08-26 02:15:00,R2,2.697,7.9,0.3413,2.697,0,0,0.0,0.3413,2,10.481,0,NORMAL
2026-08-26 02:30:00,R1,4.882,10.616,0.4599,4.882,0,0,0.0,0.4599,3,11.7,0,NORMAL
2026-08-26 02:30:00,R2,2.787,8.737,0.3189,2.787,0,0,0.0,0.3189,2,9.476,0,NORMAL
2026-08-26 02:45:00,R1,5.561,7.128,0.7802,5.561,0,0,0.0,0.7802,2,11.616,0,WARNING
2026-08-26 02:45:00,R2,2.664,7.942,0.3355,2.664,0,0,0.0,0.3355,2,10.426,0,NORMAL
2026-08-26 03:00:00,R1,6.01,11.247,0.5343,6.01,0,0,0.0,0.5343,3,11.043,0,NORMAL
2026-08-26 03:00:00,R2,2.668,8.202,0.3252,2.668,0,0,0.0,0.3252,2,10.095,0,NORMAL
2026-08-26 03:15:00,R1,5.095,10.442,0.488,5.095,0,0,0.0,0.488,3,11.895,0,NORMAL
2026-08-26 03:15:00,R2,2.849,8.129,0.3505,2.849,0,0,0.0,0.3505,2,10.186,0,NORMAL
2026-08-26 03:30:00,R1,5.431,11.061,0.491,5.431,0,0,0.0,0.491,3,11.229,0,NORMAL
2026-08-26 03:30:00,R2,2.731,8.334,0.3277,2.731,0,0,0.0,0.3277,2,9.935,0,NORMAL
2026-08-26 03:45:00,R1,4.984,10.436,0.4776,4.984,0,0,0.0,0.4776,3,11.901,0,NORMAL
2026-08-26 03:45:00,R2,2.685,8.305,0.3233,2.685,0,0,0.0,0.3233,2,9.97,0,NORMAL
2026-08-26 04:00:00,R1,5.777,10.918,0.5292,5.777,0,0,0.0,0.5292,3,11.376,0,NORMAL
2026-08-26 04:00:00,R2,2.547,7.762,0.3281,2.547,0,0,0.0,0.3281,2,10.668,0,NORMAL
2026-08-26 04:15:00,R1,6.106,10.886,0.5609,6.106,0,0,0.0,0.5609,3,11.409,0,NORMAL
2026-08-26 04:15:00,R2,2.448,8.351,0.2931,2.448,0,0,0.0,0.2931,2,9.916,0,NORMAL
2026-08-26 04:30:00,R1,6.323,11.184,0.5653,6.323,0,0,0.0,0.5653,3,11.105,0,NORMAL
2026-08-26 04:30:00,R2,2.626,8.619,0.3047,2.626,0,0,0.0,0.3047,2,9.606,0,NORMAL
2026-08-26 04:45:00,R1,5.64,10.449,0.5398,5.64,0,0,0.0,0.5398,3,11.886,0,NORMAL
2026-08-26 04:45:00,R2,2.27,7.974,0.2847,2.27,0,0,0.0,0.2847,2,10.383,0,NORMAL
2026-08-26 05:00:00,R1,4.948,10.871,0.4552,4.948,0,0,0.0,0.4552,3,11.425,0,NORMAL
2026-08-26 05:00:00,R2,2.253,8.103,0.2781,2.253,0,0,0.0,0.2781,2,10.219,0,NORMAL
2026-08-26 05:15:00,R1,5.317,11.13,0.4777,5.317,0,0,0.0,0.4777,3,11.159,0,NORMAL
2026-08-26 05:15:00,R2,2.674,8.65,0.3091,2.674,0,0,0.0,0.3091,2,9.572,0,NORMAL
2026-08-26 05:30:00,R1,4.864,10.488,0.4638,4.864,0,0,0.0,0.4638,3,11.842,0,NORMAL
2026-08-26 05:30:00,R2,2.59,8.375,0.3092,2.59,0,0,0.0,0.3092,2,9.887,0,NORMAL
2026-08-26 05:45:00,R1,5.786,10.596,0.5461,5.786,0,0,0.0,0.5461,3,11.722,0,NORMAL
2026-08-26 05:45:00,R2,2.502,8.367,0.299,2.502,0,0,0.0,0.299,2,9.896,0,NORMAL
2026-08-26 06:00:00,R1,6.601,11.304,0.5839,6.601,0,0,0.0,0.5839,3,10.987,0,NORMAL
2026-08-26 06:00:00,R2,3.285,8.686,0.3782,3.285,0,0,0.0,0.3782,2,9.533,0,NORMAL
2026-08-26 06:15:00,R1,7.128,10.936,0.6518,7.128,0,0,0.0,0.6518,3,11.357,0,NORMAL
2026-08-26 06:15:00,R2,3.104,8.209,0.3781,3.104,0,0,0.0,0.3781,2,10.087,0,NORMAL
2026-08-26 06:30:00,R1,6.935,10.885,0.6371,6.935,0,0,0.0,0.6371,3,11.41,0,NORMAL
2026-08-26 06:30:00,R2,3.021,7.568,0.3992,3.021,0,0,0.0,0.3992,2,10.941,0,NORMAL
2026-08-26 06:45:00,R1,6.813,11.767,0.579,6.813,0,0,0.0,0.579,3,10.555,0,NORMAL
2026-08-26 06:45:00,R2,3.111,7.878,0.3949,3.111,0,0,0.0,0.3949,2,10.51,0,NORMAL
2026-08-26 07:00:00,R1,6.646,11.088,0.5994,6.646,0,0,0.0,0.5994,3,11.201,0,NORMAL
2026-08-26 07:00:00,R2,3.311,8.452,0.3917,3.311,0,0,0.0,0.3917,2,9.796,0,NORMAL
2026-08-26 07:15:00,R1,7.408,10.502,0.7054,7.408,0,0,0.0,0.7054,3,11.826,0,NORMAL
2026-08-26 07:15:00,R2,3.378,7.943,0.4253,3.378,0,0,0.0,0.4253,2,10.424,0,NORMAL
2026-08-26 07:30:00,R1,6.897,10.332,0.6675,6.897,0,0,0.0,0.6675,3,12.021,0,NORMAL
2026-08-26 07:30:00,R2,3.321,7.944,0.418,3.321,0,0,0.0,0.418,2,10.423,0,NORMAL
2026-08-26 07:45:00,R1,6.837,10.339,0.6613,6.837,0,0,0.0,0.6613,3,12.013,0,NORMAL
2026-08-26 07:45:00,R2,2.93,8.272,0.3542,2.93,0,0,0.0,0.3542,2,10.009,0,NORMAL
2026-08-26 08:00:00,R1,6.648,10.809,0.615,6.648,0,0,0.0,0.615,3,11.49,0,NORMAL
2026-08-26 08:00:00,R2,2.962,7.956,0.3723,2.962,0,0,0.0,0.3723,2,10.407,0,NORMAL
2026-08-26 08:15:00,R1,6.391,10.442,0.612,6.391,0,0,0.0,0.612,3,11.894,0,NORMAL
2026-08-26 08:15:00,R2,2.832,8.344,0.3394,2.832,0,0,0.0,0.3394,2,9.924,0,NORMAL
2026-08-26 08:30:00,R1,7.575,10.933,0.6929,7.575,0,0,0.0,0.6929,3,11.36,0,NORMAL
2026-08-26 08:30:00,R2,3.057,8.269,0.3697,3.057,0,0,0.0,0.3697,2,10.013,0,NORMAL
2026-08-26 08:45:00,R1,7.155,11.286,0.634,7.155,0,0,0.0,0.634,3,11.004,0,NORMAL
2026-08-26 08:45:00,R2,3.264,7.768,0.4201,3.264,0,0,0.0,0.4201,2,10.659,0,NORMAL
2026-08-26 09:00:00,R1,6.819,6.783,1.0053,6.783,0,0.036,0.0,1.0053,2,12.207,0,HIGH
2026-08-26 09:00:00,R2,3.522,3.842,0.9168,3.522,0,0,0.0,0.9168,1,10.777,0,HIGH
2026-08-26 09:15:00,R1,6.916,10.74,0.644,6.952,0.036,0,0.05,0.6474,3,11.565,0,NORMAL
2026-08-26 09:15:00,R2,2.828,7.82,0.3617,2.828,0,0,0.0,0.3617,2,10.588,0,NORMAL
2026-08-26 09:30:00,R1,6.86,10.782,0.6363,6.86,0,0,0.0,0.6363,3,11.519,0,NORMAL
2026-08-26 09:30:00,R2,3.101,8.51,0.3644,3.101,0,0,0.0,0.3644,2,9.73,0,NORMAL
2026-08-26 09:45:00,R1,6.889,10.952,0.6291,6.889,0,0,0.0,0.6291,3,11.341,0,NORMAL
2026-08-26 09:45:00,R2,3.096,7.865,0.3937,3.096,0,0,0.0,0.3937,2,10.528,0,NORMAL
2026-08-26 10:00:00,R1,6.944,10.961,0.6336,6.944,0,0,0.0,0.6336,3,11.331,0,NORMAL
2026-08-26 10:00:00,R2,3.179,7.805,0.4073,3.179,0,0,0.0,0.4073,2,10.608,0,NORMAL
2026-08-26 10:15:00,R1,7.18,11.18,0.6422,7.18,0,0,0.0,0.6422,3,11.109,0,NORMAL
2026-08-26 10:15:00,R2,2.801,8.343,0.3357,2.801,0,0,0.0,0.3357,2,9.924,0,NORMAL
2026-08-26 10:30:00,R1,6.942,10.55,0.658,6.942,0,0,0.0,0.658,3,11.772,0,NORMAL
2026-08-26 10:30:00,R2,2.942,8.256,0.3563,2.942,0,0,0.0,0.3563,2,10.029,0,NORMAL
2026-08-26 10:45:00,R1,6.738,10.491,0.6422,6.738,0,0,0.0,0.6422,3,11.838,0,NORMAL
2026-08-26 10:45:00,R2,2.892,7.774,0.372,2.892,0,0,0.0,0.372,2,10.651,0,NORMAL
2026-08-26 11:00:00,R1,6.874,10.989,0.6255,6.874,0,0,0.0,0.6255,3,11.302,0,NORMAL
2026-08-26 11:00:00,R2,3.013,8.433,0.3573,3.013,0,0,0.0,0.3573,2,9.819,0,NORMAL
2026-08-26 11:15:00,R1,7.041,10.755,0.6547,7.041,0,0,0.0,0.6547,3,11.548,0,NORMAL
2026-08-26 11:15:00,R2,3.063,7.931,0.3862,3.063,0,0,0.0,0.3862,2,10.44,0,NORMAL
2026-08-26 11:30:00,R1,6.102,10.546,0.5786,6.102,0,0,0.0,0.5786,3,11.777,0,NORMAL
2026-08-26 11:30:00,R2,2.551,8.231,0.31,2.551,0,0,0.0,0.31,2,10.059,0,NORMAL
2026-08-26 11:45:00,R1,6.544,10.377,0.6306,6.544,0,0,0.0,0.6306,3,11.969,0,NORMAL
2026-08-26 11:45:00,R2,2.464,8.399,0.2933,2.464,0,0,0.0,0.2933,2,9.859,0,NORMAL
2026-08-26 12:00:00,R1,7.284,10.64,0.6845,7.284,0,0,0.0,0.6845,3,11.672,0,NORMAL
2026-08-26 12:00:00,R2,2.556,8.48,0.3014,2.556,0,0,0.0,0.3014,2,9.765,0,NORMAL
2026-08-26 12:15:00,R1,6.974,6.215,1.1221,6.215,0,0.759,0.0,1.1221,2,13.323,0,HIGH
2026-08-26 12:15:00,R2,3.071,8.593,0.3574,3.071,0,0,0.0,0.3574,2,9.636,0,NORMAL
2026-08-26 12:30:00,R1,6.941,10.775,0.6442,7.7,0.759,0,1.056,0.7146,3,11.526,0,NORMAL
2026-08-26 12:30:00,R2,2.338,8.239,0.2838,2.338,0,0,0.0,0.2838,2,10.05,0,NORMAL
2026-08-26 12:45:00,R1,6.858,11.033,0.6216,6.858,0,0,0.0,0.6216,3,11.257,0,NORMAL
2026-08-26 12:45:00,R2,2.717,8.149,0.3335,2.717,0,0,0.0,0.3335,2,10.161,0,NORMAL
2026-08-26 13:00:00,R1,7.067,10.754,0.6572,7.067,0,0,0.0,0.6572,3,11.55,0,NORMAL
2026-08-26 13:00:00,R2,2.743,8.262,0.332,2.743,0,0,0.0,0.332,2,10.022,0,NORMAL
2026-08-26 13:15:00,R1,7.013,10.444,0.6715,7.013,0,0,0.0,0.6715,3,11.892,0,NORMAL
2026-08-26 13:15:00,R2,2.561,7.424,0.345,2.561,0,0,0.0,0.345,2,11.153,0,NORMAL
2026-08-26 13:30:00,R1,6.854,10.895,0.6291,6.854,0,0,0.0,0.6291,3,11.4,0,NORMAL
2026-08-26 13:30:00,R2,2.606,8.204,0.3176,2.606,0,0,0.0,0.3176,2,10.093,0,NORMAL
2026-08-26 13:45:00,R1,7.361,10.493,0.7015,7.361,0,0,0.0,0.7015,3,11.836,0,NORMAL
2026-08-26 13:45:00,R2,2.697,7.825,0.3446,2.697,0,0,0.0,0.3446,2,10.581,0,NORMAL
2026-08-26 14:00:00,R1,7.15,11.006,0.6496,7.15,0,0,0.0,0.6496,3,11.284,0,NORMAL
2026-08-26 14:00:00,R2,2.562,8.214,0.3119,2.562,0,0,0.0,0.3119,2,10.08,0,NORMAL
2026-08-26 14:15:00,R1,8.279,10.104,0.8194,8.279,0,0,0.0,0.8194,3,12.292,0,WARNING
2026-08-26 14:15:00,R2,3.115,8.466,0.368,3.115,0,0,0.0,0.368,2,9.78,0,NORMAL
2026-08-26 14:30:00,R1,7.719,10.724,0.7198,7.719,0,0,0.0,0.7198,3,11.582,0,NORMAL
2026-08-26 14:30:00,R2,3.225,8.077,0.3993,3.225,0,0,0.0,0.3993,2,10.251,0,NORMAL
2026-08-26 14:45:00,R1,7.898,10.617,0.7439,7.898,0,0,0.0,0.7439,3,11.698,0,NORMAL
2026-08-26 14:45:00,R2,2.737,8.129,0.3367,2.737,0,0,0.0,0.3367,2,10.186,0,NORMAL
2026-08-26 15:00:00,R1,8.024,9.8,0.8187,8.024,0,0,0.0,0.8187,3,12.673,0,WARNING
2026-08-26 15:00:00,R2,2.724,8.487,0.321,2.724,0,0,0.0,0.321,2,9.756,0,NORMAL
2026-08-26 15:15:00,R1,7.786,10.478,0.743,7.786,0,0,0.0,0.743,3,11.853,0,NORMAL
2026-08-26 15:15:00,R2,2.858,7.653,0.3734,2.858,0,0,0.0,0.3734,2,10.819,0,NORMAL
2026-08-26 15:30:00,R1,6.83,10.285,0.6641,6.83,0,0,0.0,0.6641,3,12.076,0,NORMAL
2026-08-26 15:30:00,R2,2.918,3.742,0.7796,2.918,0,0,0.0,0.7796,1,11.063,0,WARNING
2026-08-26 15:45:00,R1,7.214,11.035,0.6538,7.214,0,0,0.0,0.6538,3,11.255,0,NORMAL
2026-08-26 15:45:00,R2,2.795,8.076,0.3461,2.795,0,0,0.0,0.3461,2,10.253,0,NORMAL
2026-08-26 16:00:00,R1,7.705,10.019,0.769,7.705,0,0,0.0,0.769,3,12.396,0,WARNING
2026-08-26 16:00:00,R2,2.986,7.876,0.3792,2.986,0,0,0.0,0.3792,2,10.513,0,NORMAL
2026-08-26 16:15:00,R1,10.664,4.87,2.1897,4.87,0,5.794,0.0,1.25,2,17.001,0,CRITICAL
2026-08-26 16:15:00,R2,2.937,7.73,0.3799,2.937,0,0,0.0,0.3799,2,10.712,0,NORMAL
2026-08-26 16:30:00,R1,10.098,4.801,2.1035,4.801,5.794,11.092,18.104,1.25,2,17.247,0,CRITICAL
2026-08-26 16:30:00,R2,2.932,7.983,0.3672,2.932,0,0,0.0,0.3672,2,10.372,0,NORMAL
2026-08-26 16:45:00,R1,10.031,5.143,1.9505,5.143,11.092,15.98,32.35,1.25,2,16.1,0,CRITICAL
2026-08-26 16:45:00,R2,2.409,8.074,0.2983,2.409,0,0,0.0,0.2983,2,10.255,0,NORMAL
2026-08-26 17:00:00,R1,10.94,4.959,2.2062,4.959,15.98,21.961,48.338,1.25,2,16.697,0,CRITICAL
2026-08-26 17:00:00,R2,2.743,7.908,0.3469,2.743,0,0,0.0,0.3469,2,10.471,0,NORMAL
2026-08-26 17:15:00,R1,9.962,4.815,2.0687,4.815,21.961,24.0,68.41,1.25,2,17.195,3.107,CRITICAL
2026-08-26 17:15:00,R2,2.968,7.719,0.3844,2.968,0,0,0.0,0.3844,2,10.726,0,NORMAL
2026-08-26 17:30:00,R1,10.857,5.067,2.1426,5.067,24.0,24.0,71.043,1.25,2,16.34,5.79,CRITICAL
2026-08-26 17:30:00,R2,2.96,8.492,0.3486,2.96,0,0,0.0,0.3486,2,9.75,0,NORMAL
2026-08-26 17:45:00,R1,7.454,9.374,0.7952,9.374,24.0,22.081,38.406,1.25,3,13.25,0,HIGH
2026-08-26 17:45:00,R2,3.224,8.468,0.3807,3.224,0,0,0.0,0.3807,2,9.778,0,NORMAL
2026-08-26 18:00:00,R1,7.47,8.969,0.8329,8.969,22.081,20.582,36.928,1.25,3,13.847,0,HIGH
2026-08-26 18:00:00,R2,2.924,8.078,0.3619,2.924,0,0,0.0,0.3619,2,10.25,0,NORMAL
2026-08-26 18:15:00,R1,6.795,5.875,1.1566,5.875,20.582,21.502,52.547,1.25,2,14.093,0,CRITICAL
2026-08-26 18:15:00,R2,3.0,7.994,0.3753,3.0,0,0,0.0,0.3753,2,10.358,0,NORMAL
2026-08-26 18:30:00,R1,7.602,8.894,0.8547,8.894,21.502,20.21,36.265,1.25,3,13.965,0,HIGH
2026-08-26 18:30:00,R2,3.005,7.929,0.379,3.005,0,0,0.0,0.379,2,10.443,0,NORMAL
2026-08-26 18:45:00,R1,6.557,9.073,0.7227,9.073,20.21,17.694,33.412,1.25,3,13.689,0,HIGH
2026-08-26 18:45:00,R2,2.934,7.909,0.371,2.934,0,0,0.0,0.371,2,10.469,0,NORMAL
2026-08-26 19:00:00,R1,6.651,8.896,0.7476,8.896,17.694,15.449,29.835,1.25,3,13.961,0,HIGH
2026-08-26 19:00:00,R2,2.991,7.511,0.3982,2.991,0,0,0.0,0.3982,2,11.024,0,NORMAL
2026-08-26 19:15:00,R1,6.101,8.997,0.6781,8.997,15.449,12.553,25.758,1.25,3,13.805,0,HIGH
2026-08-26 19:15:00,R2,3.398,8.456,0.4018,3.398,0,0,0.0,0.4018,2,9.792,0,NORMAL
2026-08-26 19:30:00,R1,6.797,8.978,0.7571,8.978,12.553,10.372,20.974,1.25,3,13.834,0,HIGH
2026-08-26 19:30:00,R2,2.787,8.303,0.3356,2.787,0,0,0.0,0.3356,2,9.972,0,NORMAL
2026-08-26 19:45:00,R1,7.563,8.93,0.8469,8.93,10.372,9.006,17.424,1.25,3,13.909,0,HIGH
2026-08-26 19:45:00,R2,3.279,7.807,0.4201,3.279,0,0,0.0,0.4201,2,10.606,0,NORMAL
2026-08-26 20:00:00,R1,7.072,6.071,1.165,6.071,9.006,10.007,22.251,1.25,2,13.639,0,CRITICAL
2026-08-26 20:00:00,R2,2.842,7.965,0.3569,2.842,0,0,0.0,0.3569,2,10.396,0,NORMAL
2026-08-26 20:15:00,R1,7.035,8.868,0.7932,8.868,10.007,8.174,16.927,1.25,3,14.005,0,HIGH
2026-08-26 20:15:00,R2,3.095,8.377,0.3695,3.095,0,0,0.0,0.3695,2,9.884,0,NORMAL
2026-08-26 20:30:00,R1,6.809,8.97,0.7591,8.97,8.174,6.013,13.668,1.25,3,13.846,0,HIGH
2026-08-26 20:30:00,R2,3.401,3.545,0.9594,3.401,0,0,0.0,0.9594,1,11.678,0,HIGH
2026-08-26 20:45:00,R1,7.228,9.12,0.7926,9.12,6.013,4.122,9.89,1.25,3,13.619,0,HIGH
2026-08-26 20:45:00,R2,2.894,7.812,0.3704,2.894,0,0,0.0,0.3704,2,10.599,0,NORMAL
2026-08-26 21:00:00,R1,6.887,9.996,0.689,9.996,4.122,1.013,6.185,1.1013,3,12.425,0,HIGH
2026-08-26 21:00:00,R2,2.915,7.873,0.3702,2.915,0,0,0.0,0.3702,2,10.516,0,NORMAL
2026-08-26 21:15:00,R1,6.876,11.301,0.6084,7.888,1.013,0,1.344,0.698,3,10.99,0,NORMAL
2026-08-26 21:15:00,R2,3.616,7.607,0.4754,3.616,0,0,0.0,0.4754,2,10.885,0,NORMAL
2026-08-26 21:30:00,R1,7.064,10.679,0.6614,7.064,0,0,0.0,0.6614,3,11.63,0,NORMAL
2026-08-26 21:30:00,R2,2.981,8.23,0.3622,2.981,0,0,0.0,0.3622,2,10.06,0,NORMAL
2026-08-26 21:45:00,R1,7.566,10.614,0.7128,7.566,0,0,0.0,0.7128,3,11.702,0,NORMAL
2026-08-26 21:45:00,R2,2.83,7.976,0.3548,2.83,0,0,0.0,0.3548,2,10.382,0,NORMAL
2026-08-26 22:00:00,R1,5.535,10.979,0.5042,5.535,0,0,0.0,0.5042,3,11.312,0,NORMAL
2026-08-26 22:00:00,R2,2.77,8.451,0.3278,2.77,0,0,0.0,0.3278,2,9.798,0,NORMAL
2026-08-26 22:15:00,R1,5.717,6.611,0.8648,5.717,0,0,0.0,0.8648,2,12.524,0,WARNING
2026-08-26 22:15:00,R2,2.549,8.448,0.3017,2.549,0,0,0.0,0.3017,2,9.801,0,NORMAL
2026-08-26 22:30:00,R1,5.679,10.068,0.5641,5.679,0,0,0.0,0.5641,3,12.336,0,NORMAL
2026-08-26 22:30:00,R2,2.446,7.704,0.3176,2.446,0,0,0.0,0.3176,2,10.748,0,NORMAL
2026-08-26 22:45:00,R1,4.607,10.557,0.4364,4.607,0,0,0.0,0.4364,3,11.765,0,NORMAL
2026-08-26 22:45:00,R2,2.572,8.785,0.2927,2.572,0,0,0.0,0.2927,2,9.425,0,NORMAL
2026-08-26 23:00:00,R1,5.657,11.514,0.4913,5.657,0,0,0.0,0.4913,3,10.787,0,NORMAL
2026-08-26 23:00:00,R2,2.219,7.705,0.2879,2.219,0,0,0.0,0.2879,2,10.746,0,NORMAL
2026-08-26 23:15:00,R1,5.232,10.648,0.4913,5.232,0,0,0.0,0.4913,3,11.664,0,NORMAL
2026-08-26 23:15:00,R2,2.343,8.081,0.29,2.343,0,0,0.0,0.29,2,10.247,0,NORMAL
2026-08-26 23:30:00,R1,5.517,10.207,0.5405,5.517,0,0,0.0,0.5405,3,12.168,0,NORMAL
2026-08-26 23:30:00,R2,2.247,8.035,0.2797,2.247,0,0,0.0,0.2797,2,10.305,0,NORMAL
2026-08-26 23:45:00,R1,5.653,11.404,0.4957,5.653,0,0,0.0,0.4957,3,10.891,0,NORMAL
2026-08-26 23:45:00,R2,2.324,6.968,0.3335,2.324,0,0,0.0,0.3335,2,11.882,0,NORMAL
2026-08-27 00:00:00,R1,5.377,10.397,0.5172,5.377,0,0,0.0,0.5172,3,11.946,0,NORMAL
2026-08-27 00:00:00,R2,2.466,8.108,0.3041,2.466,0,0,0.0,0.3041,2,10.212,0,NORMAL
2026-08-27 00:15:00,R1,5.132,10.576,0.4852,5.132,0,0,0.0,0.4852,3,11.743,0,NORMAL
2026-08-27 00:15:00,R2,2.462,8.176,0.3011,2.462,0,0,0.0,0.3011,2,10.127,0,NORMAL
2026-08-27 00:30:00,R1,5.299,10.514,0.504,5.299,0,0,0.0,0.504,3,11.813,0,NORMAL
2026-08-27 00:30:00,R2,2.281,7.549,0.3022,2.281,0,0,0.0,0.3022,2,10.968,0,NORMAL
2026-08-27 00:45:00,R1,5.829,10.505,0.5548,5.829,0,0,0.0,0.5548,3,11.823,0,NORMAL
2026-08-27 00:45:00,R2,2.101,7.817,0.2688,2.101,0,0,0.0,0.2688,2,10.592,0,NORMAL
2026-08-27 01:00:00,R1,4.987,10.4,0.4795,4.987,0,0,0.0,0.4795,3,11.942,0,NORMAL
2026-08-27 01:00:00,R2,2.365,8.776,0.2695,2.365,0,0,0.0,0.2695,2,9.435,0,NORMAL
2026-08-27 01:15:00,R1,5.139,10.593,0.4852,5.139,0,0,0.0,0.4852,3,11.725,0,NORMAL
2026-08-27 01:15:00,R2,2.423,8.355,0.29,2.423,0,0,0.0,0.29,2,9.91,0,NORMAL
2026-08-27 01:30:00,R1,4.774,10.231,0.4666,4.774,0,0,0.0,0.4666,3,12.139,0,NORMAL
2026-08-27 01:30:00,R2,2.389,8.032,0.2974,2.389,0,0,0.0,0.2974,2,10.309,0,NORMAL
2026-08-27 01:45:00,R1,5.549,11.315,0.4904,5.549,0,0,0.0,0.4904,3,10.977,0,NORMAL
2026-08-27 01:45:00,R2,1.957,8.393,0.2332,1.957,0,0,0.0,0.2332,2,9.865,0,NORMAL
2026-08-27 02:00:00,R1,5.601,10.995,0.5095,5.601,0,0,0.0,0.5095,3,11.296,0,NORMAL
2026-08-27 02:00:00,R2,2.528,7.627,0.3315,2.528,0,0,0.0,0.3315,2,10.856,0,NORMAL
2026-08-27 02:15:00,R1,4.718,10.405,0.4534,4.718,0,0,0.0,0.4534,3,11.936,0,NORMAL
2026-08-27 02:15:00,R2,2.719,7.913,0.3436,2.719,0,0,0.0,0.3436,2,10.464,0,NORMAL
2026-08-27 02:30:00,R1,4.932,10.175,0.4847,4.932,0,0,0.0,0.4847,3,12.207,0,NORMAL
2026-08-27 02:30:00,R2,2.977,8.056,0.3695,2.977,0,0,0.0,0.3695,2,10.279,0,NORMAL
2026-08-27 02:45:00,R1,5.17,10.486,0.493,5.17,0,0,0.0,0.493,3,11.845,0,NORMAL
2026-08-27 02:45:00,R2,2.635,8.391,0.3141,2.635,0,0,0.0,0.3141,2,9.868,0,NORMAL
2026-08-27 03:00:00,R1,5.5,10.987,0.5006,5.5,0,0,0.0,0.5006,3,11.305,0,NORMAL
2026-08-27 03:00:00,R2,2.45,7.985,0.3069,2.45,0,0,0.0,0.3069,2,10.37,0,NORMAL
2026-08-27 03:15:00,R1,5.586,10.76,0.5191,5.586,0,0,0.0,0.5191,3,11.543,0,NORMAL
2026-08-27 03:15:00,R2,2.692,7.861,0.3424,2.692,0,0,0.0,0.3424,2,10.533,0,NORMAL
2026-08-27 03:30:00,R1,5.074,10.446,0.4858,5.074,0,0,0.0,0.4858,3,11.889,0,NORMAL
2026-08-27 03:30:00,R2,2.559,8.045,0.3181,2.559,0,0,0.0,0.3181,2,10.292,0,NORMAL
2026-08-27 03:45:00,R1,5.623,10.322,0.5448,5.623,0,0,0.0,0.5448,3,12.032,0,NORMAL
2026-08-27 03:45:00,R2,3.019,7.956,0.3795,3.019,0,0,0.0,0.3795,2,10.407,0,NORMAL
2026-08-27 04:00:00,R1,5.501,6.66,0.826,5.501,0,0,0.0,0.826,2,12.433,0,WARNING
2026-08-27 04:00:00,R2,2.515,7.724,0.3256,2.515,0,0,0.0,0.3256,2,10.719,0,NORMAL
2026-08-27 04:15:00,R1,5.539,10.902,0.5081,5.539,0,0,0.0,0.5081,3,11.393,0,NORMAL
2026-08-27 04:15:00,R2,2.356,4.05,0.5818,2.356,0,0,0.0,0.5818,1,10.223,0,NORMAL
2026-08-27 04:30:00,R1,5.088,10.796,0.4713,5.088,0,0,0.0,0.4713,3,11.504,0,NORMAL
2026-08-27 04:30:00,R2,2.793,8.087,0.3453,2.793,0,0,0.0,0.3453,2,10.239,0,NORMAL
2026-08-27 04:45:00,R1,5.449,11.065,0.4925,5.449,0,0,0.0,0.4925,3,11.225,0,NORMAL
2026-08-27 04:45:00,R2,2.478,9.281,0.267,2.478,0,0,0.0,0.267,2,8.922,0,NORMAL
2026-08-27 05:00:00,R1,5.238,10.554,0.4963,5.238,0,0,0.0,0.4963,3,11.769,0,NORMAL
2026-08-27 05:00:00,R2,2.782,7.968,0.3492,2.782,0,0,0.0,0.3492,2,10.391,0,NORMAL
2026-08-27 05:15:00,R1,5.706,10.38,0.5497,5.706,0,0,0.0,0.5497,3,11.965,0,NORMAL
2026-08-27 05:15:00,R2,2.047,8.343,0.2454,2.047,0,0,0.0,0.2454,2,9.925,0,NORMAL
2026-08-27 05:30:00,R1,6.066,10.473,0.5792,6.066,0,0,0.0,0.5792,3,11.859,0,NORMAL
2026-08-27 05:30:00,R2,2.652,7.651,0.3467,2.652,0,0,0.0,0.3467,2,10.823,0,NORMAL
2026-08-27 05:45:00,R1,5.794,11.273,0.514,5.794,0,0,0.0,0.514,3,11.017,0,NORMAL
2026-08-27 05:45:00,R2,2.592,8.281,0.3131,2.592,0,0,0.0,0.3131,2,9.999,0,NORMAL
2026-08-27 06:00:00,R1,6.722,10.739,0.626,6.722,0,0,0.0,0.626,3,11.565,0,NORMAL
2026-08-27 06:00:00,R2,3.225,7.776,0.4147,3.225,0,0,0.0,0.4147,2,10.649,0,NORMAL
2026-08-27 06:15:00,R1,6.924,10.509,0.6589,6.924,0,0,0.0,0.6589,3,11.818,0,NORMAL
2026-08-27 06:15:00,R2,3.015,8.374,0.36,3.015,0,0,0.0,0.36,2,9.887,0,NORMAL
2026-08-27 06:30:00,R1,7.524,10.926,0.6886,7.524,0,0,0.0,0.6886,3,11.367,0,NORMAL
2026-08-27 06:30:00,R2,3.126,7.88,0.3967,3.126,0,0,0.0,0.3967,2,10.507,0,NORMAL
2026-08-27 06:45:00,R1,7.135,11.628,0.6136,7.135,0,0,0.0,0.6136,3,10.681,0,NORMAL
2026-08-27 06:45:00,R2,2.839,8.546,0.3322,2.839,0,0,0.0,0.3322,2,9.688,0,NORMAL
2026-08-27 07:00:00,R1,6.598,11.207,0.5887,6.598,0,0,0.0,0.5887,3,11.082,0,NORMAL
2026-08-27 07:00:00,R2,3.095,8.393,0.3688,3.095,0,0,0.0,0.3688,2,9.865,0,NORMAL
2026-08-27 07:15:00,R1,6.804,10.866,0.6262,6.804,0,0,0.0,0.6262,3,11.43,0,NORMAL
2026-08-27 07:15:00,R2,2.833,8.165,0.3469,2.833,0,0,0.0,0.3469,2,10.14,0,NORMAL
2026-08-27 07:30:00,R1,6.464,10.281,0.6287,6.464,0,0,0.0,0.6287,3,12.08,0,NORMAL
2026-08-27 07:30:00,R2,2.878,8.445,0.3408,2.878,0,0,0.0,0.3408,2,9.805,0,NORMAL
2026-08-27 07:45:00,R1,6.915,10.727,0.6447,6.915,0,0,0.0,0.6447,3,11.578,0,NORMAL
2026-08-27 07:45:00,R2,2.73,8.166,0.3344,2.73,0,0,0.0,0.3344,2,10.14,0,NORMAL
2026-08-27 08:00:00,R1,6.736,10.646,0.6328,6.736,0,0,0.0,0.6328,3,11.666,0,NORMAL
2026-08-27 08:00:00,R2,2.922,7.986,0.3658,2.922,0,0,0.0,0.3658,2,10.368,0,NORMAL
2026-08-27 08:15:00,R1,6.857,10.563,0.6492,6.857,0,0,0.0,0.6492,3,11.758,0,NORMAL
2026-08-27 08:15:00,R2,2.922,8.042,0.3634,2.922,0,0,0.0,0.3634,2,10.295,0,NORMAL
2026-08-27 08:30:00,R1,6.739,10.611,0.6351,6.739,0,0,0.0,0.6351,3,11.705,0,NORMAL
2026-08-27 08:30:00,R2,3.033,7.783,0.3897,3.033,0,0,0.0,0.3897,2,10.638,0,NORMAL
2026-08-27 08:45:00,R1,7.077,10.623,0.6662,7.077,0,0,0.0,0.6662,3,11.692,0,NORMAL
2026-08-27 08:45:00,R2,3.275,8.458,0.3871,3.275,0,0,0.0,0.3871,2,9.789,0,NORMAL
2026-08-27 09:00:00,R1,6.628,10.223,0.6483,6.628,0,0,0.0,0.6483,3,12.149,0,NORMAL
2026-08-27 09:00:00,R2,2.86,7.812,0.3662,2.86,0,0,0.0,0.3662,2,10.599,0,NORMAL
2026-08-27 09:15:00,R1,6.631,6.004,1.1045,6.004,0,0.627,0.0,1.1045,2,13.791,0,HIGH
2026-08-27 09:15:00,R2,2.825,8.287,0.3408,2.825,0,0,0.0,0.3408,2,9.992,0,NORMAL
2026-08-27 09:30:00,R1,7.617,9.925,0.7674,8.244,0.627,0,0.948,0.8306,3,12.513,0,WARNING
2026-08-27 09:30:00,R2,3.339,8.19,0.4078,3.339,0,0,0.0,0.4078,2,10.11,0,NORMAL
2026-08-27 09:45:00,R1,6.787,10.653,0.6371,6.787,0,0,0.0,0.6371,3,11.659,0,NORMAL
2026-08-27 09:45:00,R2,3.213,8.006,0.4013,3.213,0,0,0.0,0.4013,2,10.342,0,NORMAL
2026-08-27 10:00:00,R1,7.37,6.236,1.1818,6.236,0,1.134,0.0,1.1818,2,13.277,0,HIGH
2026-08-27 10:00:00,R2,2.688,7.942,0.3384,2.688,0,0,0.0,0.3384,2,10.425,0,NORMAL
2026-08-27 10:15:00,R1,6.931,9.94,0.6973,8.065,1.134,0,1.71,0.8113,3,12.494,0,WARNING
2026-08-27 10:15:00,R2,3.101,7.935,0.3908,3.101,0,0,0.0,0.3908,2,10.435,0,NORMAL
2026-08-27 10:30:00,R1,7.155,10.146,0.7052,7.155,0,0,0.0,0.7052,3,12.241,0,NORMAL
2026-08-27 10:30:00,R2,2.83,7.937,0.3565,2.83,0,0,0.0,0.3565,2,10.432,0,NORMAL
2026-08-27 10:45:00,R1,6.923,10.518,0.6582,6.923,0,0,0.0,0.6582,3,11.809,0,NORMAL
2026-08-27 10:45:00,R2,2.963,7.442,0.3982,2.963,0,0,0.0,0.3982,2,11.126,0,NORMAL
2026-08-27 11:00:00,R1,6.973,10.925,0.6382,6.973,0,0,0.0,0.6382,3,11.368,0,NORMAL
2026-08-27 11:00:00,R2,2.829,4.062,0.6966,2.829,0,0,0.0,0.6966,1,10.192,0,NORMAL
2026-08-27 11:15:00,R1,6.847,10.481,0.6533,6.847,0,0,0.0,0.6533,3,11.85,0,NORMAL
2026-08-27 11:15:00,R2,3.145,8.439,0.3727,3.145,0,0,0.0,0.3727,2,9.812,0,NORMAL
2026-08-27 11:30:00,R1,6.115,10.736,0.5696,6.115,0,0,0.0,0.5696,3,11.569,0,NORMAL
2026-08-27 11:30:00,R2,2.672,8.439,0.3166,2.672,0,0,0.0,0.3166,2,9.812,0,NORMAL
2026-08-27 11:45:00,R1,6.61,10.184,0.649,6.61,0,0,0.0,0.649,3,12.195,0,NORMAL
2026-08-27 11:45:00,R2,2.726,7.922,0.3441,2.726,0,0,0.0,0.3441,2,10.452,0,NORMAL
2026-08-27 12:00:00,R1,7.063,10.42,0.6778,7.063,0,0,0.0,0.6778,3,11.919,0,NORMAL
2026-08-27 12:00:00,R2,3.07,7.836,0.3918,3.07,0,0,0.0,0.3918,2,10.566,0,NORMAL
2026-08-27 12:15:00,R1,7.37,10.587,0.6961,7.37,0,0,0.0,0.6961,3,11.731,0,NORMAL
2026-08-27 12:15:00,R2,2.829,8.312,0.3404,2.829,0,0,0.0,0.3404,2,9.961,0,NORMAL
2026-08-27 12:30:00,R1,6.767,11.046,0.6127,6.767,0,0,0.0,0.6127,3,11.244,0,NORMAL
2026-08-27 12:30:00,R2,2.501,7.713,0.3243,2.501,0,0,0.0,0.3243,2,10.735,0,NORMAL
2026-08-27 12:45:00,R1,6.684,10.391,0.6432,6.684,0,0,0.0,0.6432,3,11.952,0,NORMAL
2026-08-27 12:45:00,R2,3.068,8.215,0.3735,3.068,0,0,0.0,0.3735,2,10.08,0,NORMAL
2026-08-27 13:00:00,R1,7.081,10.982,0.6448,7.081,0,0,0.0,0.6448,3,11.309,0,NORMAL
2026-08-27 13:00:00,R2,2.796,8.245,0.3391,2.796,0,0,0.0,0.3391,2,10.043,0,NORMAL
2026-08-27 13:15:00,R1,6.672,11.135,0.5993,6.672,0,0,0.0,0.5993,3,11.154,0,NORMAL
2026-08-27 13:15:00,R2,2.668,8.217,0.3247,2.668,0,0,0.0,0.3247,2,10.076,0,NORMAL
2026-08-27 13:30:00,R1,7.024,10.273,0.6837,7.024,0,0,0.0,0.6837,3,12.09,0,NORMAL
2026-08-27 13:30:00,R2,2.608,8.097,0.322,2.608,0,0,0.0,0.322,2,10.226,0,NORMAL
2026-08-27 13:45:00,R1,6.973,11.189,0.6232,6.973,0,0,0.0,0.6232,3,11.1,0,NORMAL
2026-08-27 13:45:00,R2,2.683,8.161,0.3288,2.683,0,0,0.0,0.3288,2,10.146,0,NORMAL
2026-08-27 14:00:00,R1,7.515,10.656,0.7052,7.515,0,0,0.0,0.7052,3,11.655,0,NORMAL
2026-08-27 14:00:00,R2,2.477,8.291,0.2988,2.477,0,0,0.0,0.2988,2,9.987,0,NORMAL
2026-08-27 14:15:00,R1,7.687,11.234,0.6843,7.687,0,0,0.0,0.6843,3,11.056,0,NORMAL
2026-08-27 14:15:00,R2,2.921,8.751,0.3338,2.921,0,0,0.0,0.3338,2,9.462,0,NORMAL
2026-08-27 14:30:00,R1,7.58,5.883,1.2885,5.883,0,1.697,0.0,1.25,2,14.074,0,HIGH
2026-08-27 14:30:00,R2,3.015,8.166,0.3692,3.015,0,0,0.0,0.3692,2,10.139,0,NORMAL
2026-08-27 14:45:00,R1,7.747,9.909,0.7818,9.444,1.697,0,2.569,0.953,3,12.534,0,HIGH
2026-08-27 14:45:00,R2,3.24,8.18,0.3961,3.24,0,0,0.0,0.3961,2,10.122,0,NORMAL
2026-08-27 15:00:00,R1,7.741,10.542,0.7343,7.741,0,0,0.0,0.7343,3,11.782,0,NORMAL
2026-08-27 15:00:00,R2,2.716,8.038,0.338,2.716,0,0,0.0,0.338,2,10.302,0,NORMAL
2026-08-27 15:15:00,R1,7.114,10.314,0.6897,7.114,0,0,0.0,0.6897,3,12.042,0,NORMAL
2026-08-27 15:15:00,R2,2.979,8.559,0.348,2.979,0,0,0.0,0.348,2,9.674,0,NORMAL
2026-08-27 15:30:00,R1,7.5,10.527,0.7124,7.5,0,0,0.0,0.7124,3,11.798,0,NORMAL
2026-08-27 15:30:00,R2,3.039,7.53,0.4036,3.039,0,0,0.0,0.4036,2,10.997,0,NORMAL
2026-08-27 15:45:00,R1,7.966,10.952,0.7273,7.966,0,0,0.0,0.7273,3,11.341,0,NORMAL
2026-08-27 15:45:00,R2,3.045,8.281,0.3677,3.045,0,0,0.0,0.3677,2,9.999,0,NORMAL
2026-08-27 16:00:00,R1,7.427,11.051,0.6721,7.427,0,0,0.0,0.6721,3,11.239,0,NORMAL
2026-08-27 16:00:00,R2,2.823,8.39,0.3364,2.823,0,0,0.0,0.3364,2,9.868,0,NORMAL
2026-08-27 16:15:00,R1,7.593,10.836,0.7007,7.593,0,0,0.0,0.7007,3,11.462,0,NORMAL
2026-08-27 16:15:00,R2,2.753,7.92,0.3476,2.753,0,0,0.0,0.3476,2,10.454,0,NORMAL
2026-08-27 16:30:00,R1,6.988,10.657,0.6557,6.988,0,0,0.0,0.6557,3,11.654,0,NORMAL
2026-08-27 16:30:00,R2,2.131,8.027,0.2655,2.131,0,0,0.0,0.2655,2,10.315,0,NORMAL
2026-08-27 16:45:00,R1,7.511,11.163,0.6728,7.511,0,0,0.0,0.6728,3,11.126,0,NORMAL
2026-08-27 16:45:00,R2,2.854,8.029,0.3555,2.854,0,0,0.0,0.3555,2,10.313,0,NORMAL
2026-08-27 17:00:00,R1,7.393,10.64,0.6948,7.393,0,0,0.0,0.6948,3,11.673,0,NORMAL
2026-08-27 17:00:00,R2,2.997,8.108,0.3697,2.997,0,0,0.0,0.3697,2,10.212,0,NORMAL
2026-08-27 17:15:00,R1,7.226,10.705,0.675,7.226,0,0,0.0,0.675,3,11.602,0,NORMAL
2026-08-27 17:15:00,R2,2.771,7.695,0.3601,2.771,0,0,0.0,0.3601,2,10.761,0,NORMAL
2026-08-27 17:30:00,R1,7.137,10.633,0.6712,7.137,0,0,0.0,0.6712,3,11.68,0,NORMAL
2026-08-27 17:30:00,R2,2.808,8.72,0.3221,2.808,0,0,0.0,0.3221,2,9.496,0,NORMAL
2026-08-27 17:45:00,R1,7.226,10.245,0.7053,7.226,0,0,0.0,0.7053,3,12.123,0,NORMAL
2026-08-27 17:45:00,R2,2.842,8.17,0.3478,2.842,0,0,0.0,0.3478,2,10.134,0,NORMAL
2026-08-27 18:00:00,R1,7.549,10.27,0.735,7.549,0,0,0.0,0.735,3,12.093,0,NORMAL
2026-08-27 18:00:00,R2,2.763,8.321,0.332,2.763,0,0,0.0,0.332,2,9.95,0,NORMAL
2026-08-27 18:15:00,R1,7.705,11.126,0.6925,7.705,0,0,0.0,0.6925,3,11.163,0,NORMAL
2026-08-27 18:15:00,R2,2.628,8.756,0.3002,2.628,0,0,0.0,0.3002,2,9.456,0,NORMAL
2026-08-27 18:30:00,R1,6.862,11.02,0.6227,6.862,0,0,0.0,0.6227,3,11.271,0,NORMAL
2026-08-27 18:30:00,R2,2.808,7.763,0.3617,2.808,0,0,0.0,0.3617,2,10.665,0,NORMAL
2026-08-27 18:45:00,R1,6.809,10.917,0.6237,6.809,0,0,0.0,0.6237,3,11.377,0,NORMAL
2026-08-27 18:45:00,R2,2.953,7.94,0.3719,2.953,0,0,0.0,0.3719,2,10.428,0,NORMAL
2026-08-27 19:00:00,R1,6.807,10.958,0.6212,6.807,0,0,0.0,0.6212,3,11.334,0,NORMAL
2026-08-27 19:00:00,R2,2.651,8.016,0.3307,2.651,0,0,0.0,0.3307,2,10.329,0,NORMAL
2026-08-27 19:15:00,R1,6.514,10.941,0.5954,6.514,0,0,0.0,0.5954,3,11.352,0,NORMAL
2026-08-27 19:15:00,R2,2.963,7.967,0.3719,2.963,0,0,0.0,0.3719,2,10.393,0,NORMAL
2026-08-27 19:30:00,R1,7.165,10.596,0.6762,7.165,0,0,0.0,0.6762,3,11.722,0,NORMAL
2026-08-27 19:30:00,R2,2.572,8.732,0.2945,2.572,0,0,0.0,0.2945,2,9.483,0,NORMAL
2026-08-27 19:45:00,R1,7.137,11.392,0.6265,7.137,0,0,0.0,0.6265,3,10.903,0,NORMAL
2026-08-27 19:45:00,R2,3.244,8.345,0.3887,3.244,0,0,0.0,0.3887,2,9.922,0,NORMAL
2026-08-27 20:00:00,R1,6.952,10.253,0.6781,6.952,0,0,0.0,0.6781,3,12.114,0,NORMAL
2026-08-27 20:00:00,R2,3.321,8.606,0.3859,3.321,0,0,0.0,0.3859,2,9.621,0,NORMAL
2026-08-27 20:15:00,R1,6.771,10.685,0.6337,6.771,0,0,0.0,0.6337,3,11.624,0,NORMAL
2026-08-27 20:15:00,R2,2.927,3.965,0.7383,2.927,0,0,0.0,0.7383,1,10.442,0,NORMAL
2026-08-27 20:30:00,R1,6.852,11.238,0.6097,6.852,0,0,0.0,0.6097,3,11.052,0,NORMAL
2026-08-27 20:30:00,R2,3.078,8.617,0.3572,3.078,0,0,0.0,0.3572,2,9.608,0,NORMAL
2026-08-27 20:45:00,R1,6.931,10.49,0.6607,6.931,0,0,0.0,0.6607,3,11.84,0,NORMAL
2026-08-27 20:45:00,R2,3.045,8.558,0.3558,3.045,0,0,0.0,0.3558,2,9.675,0,NORMAL
2026-08-27 21:00:00,R1,6.842,10.874,0.6292,6.842,0,0,0.0,0.6292,3,11.422,0,NORMAL
2026-08-27 21:00:00,R2,2.791,8.237,0.3389,2.791,0,0,0.0,0.3389,2,10.052,0,NORMAL
2026-08-27 21:15:00,R1,6.77,10.6,0.6387,6.77,0,0,0.0,0.6387,3,11.717,0,NORMAL
2026-08-27 21:15:00,R2,3.181,8.308,0.3829,3.181,0,0,0.0,0.3829,2,9.967,0,NORMAL
2026-08-27 21:30:00,R1,7.304,10.533,0.6934,7.304,0,0,0.0,0.6934,3,11.792,0,NORMAL
2026-08-27 21:30:00,R2,3.076,7.85,0.3919,3.076,0,0,0.0,0.3919,2,10.547,0,NORMAL
2026-08-27 21:45:00,R1,7.25,10.609,0.6834,7.25,0,0,0.0,0.6834,3,11.707,0,NORMAL
2026-08-27 21:45:00,R2,2.972,8.602,0.3455,2.972,0,0,0.0,0.3455,2,9.626,0,NORMAL
2026-08-27 22:00:00,R1,5.234,10.721,0.4882,5.234,0,0,0.0,0.4882,3,11.585,0,NORMAL
2026-08-27 22:00:00,R2,2.772,8.192,0.3384,2.772,0,0,0.0,0.3384,2,10.108,0,NORMAL
2026-08-27 22:15:00,R1,5.967,10.079,0.592,5.967,0,0,0.0,0.592,3,12.323,0,NORMAL
2026-08-27 22:15:00,R2,2.694,8.113,0.332,2.694,0,0,0.0,0.332,2,10.205,0,NORMAL
2026-08-27 22:30:00,R1,5.054,11.292,0.4475,5.054,0,0,0.0,0.4475,3,10.999,0,NORMAL
2026-08-27 22:30:00,R2,2.203,7.939,0.2775,2.203,0,0,0.0,0.2775,2,10.43,0,NORMAL
2026-08-27 22:45:00,R1,5.076,11.078,0.4582,5.076,0,0,0.0,0.4582,3,11.212,0,NORMAL
2026-08-27 22:45:00,R2,2.044,8.064,0.2535,2.044,0,0,0.0,0.2535,2,10.268,0,NORMAL
2026-08-27 23:00:00,R1,5.766,7.011,0.8224,5.766,0,0,0.0,0.8224,2,11.81,0,WARNING
2026-08-27 23:00:00,R2,2.605,8.5,0.3065,2.605,0,0,0.0,0.3065,2,9.741,0,NORMAL
2026-08-27 23:15:00,R1,5.121,11.45,0.4473,5.121,0,0,0.0,0.4473,3,10.847,0,NORMAL
2026-08-27 23:15:00,R2,2.799,8.236,0.3398,2.799,0,0,0.0,0.3398,2,10.053,0,NORMAL
2026-08-27 23:30:00,R1,5.714,10.469,0.5458,5.714,0,0,0.0,0.5458,3,11.863,0,NORMAL
2026-08-27 23:30:00,R2,2.594,7.72,0.336,2.594,0,0,0.0,0.336,2,10.726,0,NORMAL
2026-08-27 23:45:00,R1,5.291,10.269,0.5152,5.291,0,0,0.0,0.5152,3,12.095,0,NORMAL
2026-08-27 23:45:00,R2,2.542,8.231,0.3088,2.542,0,0,0.0,0.3088,2,10.059,0,NORMAL
2026-08-28 00:00:00,R1,5.172,10.863,0.4761,5.172,0,0,0.0,0.4761,3,11.433,0,NORMAL
2026-08-28 00:00:00,R2,2.736,8.117,0.337,2.736,0,0,0.0,0.337,2,10.201,0,NORMAL
2026-08-28 00:15:00,R1,5.361,10.331,0.5189,5.361,0,0,0.0,0.5189,3,12.022,0,NORMAL
2026-08-28 00:15:00,R2,2.274,8.066,0.2819,2.274,0,0,0.0,0.2819,2,10.266,0,NORMAL
2026-08-28 00:30:00,R1,5.321,7.273,0.7317,5.321,0,0,0.0,0.7317,2,11.385,0,NORMAL
2026-08-28 00:30:00,R2,2.55,7.982,0.3195,2.55,0,0,0.0,0.3195,2,10.373,0,NORMAL
2026-08-28 00:45:00,R1,5.362,10.732,0.4997,5.362,0,0,0.0,0.4997,3,11.573,0,NORMAL
2026-08-28 00:45:00,R2,2.259,3.97,0.569,2.259,0,0,0.0,0.569,1,10.427,0,NORMAL
2026-08-28 01:00:00,R1,5.126,10.776,0.4757,5.126,0,0,0.0,0.4757,3,11.526,0,NORMAL
2026-08-28 01:00:00,R2,2.418,8.335,0.2901,2.418,0,0,0.0,0.2901,2,9.934,0,NORMAL
2026-08-28 01:15:00,R1,5.794,10.65,0.544,5.794,0,0,0.0,0.544,3,11.661,0,NORMAL
2026-08-28 01:15:00,R2,2.706,8.453,0.3201,2.706,0,0,0.0,0.3201,2,9.795,0,NORMAL
2026-08-28 01:30:00,R1,5.292,10.976,0.4821,5.292,0,0,0.0,0.4821,3,11.315,0,NORMAL
2026-08-28 01:30:00,R2,2.235,8.589,0.2602,2.235,0,0,0.0,0.2602,2,9.64,0,NORMAL
2026-08-28 01:45:00,R1,5.082,10.738,0.4733,5.082,0,0,0.0,0.4733,3,11.567,0,NORMAL
2026-08-28 01:45:00,R2,2.334,8.146,0.2865,2.334,0,0,0.0,0.2865,2,10.165,0,NORMAL
2026-08-28 02:00:00,R1,5.388,10.864,0.4959,5.388,0,0,0.0,0.4959,3,11.433,0,NORMAL
2026-08-28 02:00:00,R2,2.364,7.815,0.3024,2.364,0,0,0.0,0.3024,2,10.594,0,NORMAL
2026-08-28 02:15:00,R1,4.941,10.601,0.466,4.941,0,0,0.0,0.466,3,11.716,0,NORMAL
2026-08-28 02:15:00,R2,2.656,8.172,0.3251,2.656,0,0,0.0,0.3251,2,10.132,0,NORMAL
2026-08-28 02:30:00,R1,5.561,10.833,0.5134,5.561,0,0,0.0,0.5134,3,11.465,0,NORMAL
2026-08-28 02:30:00,R2,2.265,7.702,0.2941,2.265,0,0,0.0,0.2941,2,10.751,0,NORMAL
2026-08-28 02:45:00,R1,5.427,11.137,0.4874,5.427,0,0,0.0,0.4874,3,11.152,0,NORMAL
2026-08-28 02:45:00,R2,2.484,8.078,0.3076,2.484,0,0,0.0,0.3076,2,10.25,0,NORMAL
2026-08-28 03:00:00,R1,5.821,10.959,0.5311,5.821,0,0,0.0,0.5311,3,11.333,0,NORMAL
2026-08-28 03:00:00,R2,2.467,7.953,0.3101,2.467,0,0,0.0,0.3101,2,10.411,0,NORMAL
2026-08-28 03:15:00,R1,5.757,10.778,0.5341,5.757,0,0,0.0,0.5341,3,11.524,0,NORMAL
2026-08-28 03:15:00,R2,3.068,8.318,0.3688,3.068,0,0,0.0,0.3688,2,9.954,0,NORMAL
2026-08-28 03:30:00,R1,5.312,10.268,0.5173,5.312,0,0,0.0,0.5173,3,12.096,0,NORMAL
2026-08-28 03:30:00,R2,2.675,8.136,0.3288,2.675,0,0,0.0,0.3288,2,10.177,0,NORMAL
2026-08-28 03:45:00,R1,5.037,10.52,0.4788,5.037,0,0,0.0,0.4788,3,11.807,0,NORMAL
2026-08-28 03:45:00,R2,2.555,8.438,0.3028,2.555,0,0,0.0,0.3028,2,9.812,0,NORMAL
2026-08-28 04:00:00,R1,5.655,6.849,0.8256,5.655,0,0,0.0,0.8256,2,12.089,0,WARNING
2026-08-28 04:00:00,R2,2.602,8.145,0.3194,2.602,0,0,0.0,0.3194,2,10.165,0,NORMAL
2026-08-28 04:15:00,R1,5.108,10.678,0.4783,5.108,0,0,0.0,0.4783,3,11.631,0,NORMAL
2026-08-28 04:15:00,R2,2.713,8.042,0.3373,2.713,0,0,0.0,0.3373,2,10.296,0,NORMAL
2026-08-28 04:30:00,R1,5.449,10.612,0.5135,5.449,0,0,0.0,0.5135,3,11.704,0,NORMAL
2026-08-28 04:30:00,R2,2.923,8.063,0.3625,2.923,0,0,0.0,0.3625,2,10.269,0,NORMAL
2026-08-28 04:45:00,R1,5.61,10.871,0.516,5.61,0,0,0.0,0.516,3,11.425,0,NORMAL
2026-08-28 04:45:00,R2,2.857,7.59,0.3764,2.857,0,0,0.0,0.3764,2,10.909,0,NORMAL
2026-08-28 05:00:00,R1,5.285,11.112,0.4756,5.285,0,0,0.0,0.4756,3,11.177,0,NORMAL
2026-08-28 05:00:00,R2,2.61,8.288,0.3149,2.61,0,0,0.0,0.3149,2,9.991,0,NORMAL
2026-08-28 05:15:00,R1,5.814,10.619,0.5475,5.814,0,0,0.0,0.5475,3,11.696,0,NORMAL
2026-08-28 05:15:00,R2,2.692,7.68,0.3505,2.692,0,0,0.0,0.3505,2,10.782,0,NORMAL
2026-08-28 05:30:00,R1,5.44,10.847,0.5015,5.44,0,0,0.0,0.5015,3,11.45,0,NORMAL
2026-08-28 05:30:00,R2,2.525,8.331,0.3031,2.525,0,0,0.0,0.3031,2,9.939,0,NORMAL
2026-08-28 05:45:00,R1,5.402,10.286,0.5252,5.402,0,0,0.0,0.5252,3,12.075,0,NORMAL
2026-08-28 05:45:00,R2,2.413,7.775,0.3104,2.413,0,0,0.0,0.3104,2,10.65,0,NORMAL
2026-08-28 06:00:00,R1,6.433,10.944,0.5878,6.433,0,0,0.0,0.5878,3,11.349,0,NORMAL
2026-08-28 06:00:00,R2,2.823,8.146,0.3466,2.823,0,0,0.0,0.3466,2,10.164,0,NORMAL
2026-08-28 06:15:00,R1,6.986,10.716,0.6519,6.986,0,0,0.0,0.6519,3,11.59,0,NORMAL
2026-08-28 06:15:00,R2,3.34,7.412,0.4507,3.34,0,0,0.0,0.4507,2,11.171,0,NORMAL
2026-08-28 06:30:00,R1,6.759,11.193,0.6038,6.759,0,0,0.0,0.6038,3,11.096,0,NORMAL
2026-08-28 06:30:00,R2,3.122,8.124,0.3844,3.122,0,0,0.0,0.3844,2,10.192,0,NORMAL
2026-08-28 06:45:00,R1,6.891,10.195,0.6759,6.891,0,0,0.0,0.6759,3,12.183,0,NORMAL
2026-08-28 06:45:00,R2,3.213,7.541,0.4261,3.213,0,0,0.0,0.4261,2,10.98,0,NORMAL
2026-08-28 07:00:00,R1,7.031,10.464,0.6719,7.031,0,0,0.0,0.6719,3,11.87,0,NORMAL
2026-08-28 07:00:00,R2,3.243,8.169,0.397,3.243,0,0,0.0,0.397,2,10.136,0,NORMAL
2026-08-28 07:15:00,R1,6.654,11.158,0.5963,6.654,0,0,0.0,0.5963,3,11.131,0,NORMAL
2026-08-28 07:15:00,R2,3.058,8.24,0.3711,3.058,0,0,0.0,0.3711,2,10.048,0,NORMAL
2026-08-28 07:30:00,R1,7.043,10.923,0.6448,7.043,0,0,0.0,0.6448,3,11.371,0,NORMAL
2026-08-28 07:30:00,R2,3.588,8.308,0.4319,3.588,0,0,0.0,0.4319,2,9.967,0,NORMAL
2026-08-28 07:45:00,R1,6.753,11.384,0.5932,6.753,0,0,0.0,0.5932,3,10.91,0,NORMAL
2026-08-28 07:45:00,R2,3.151,4.17,0.7556,3.151,0,0,0.0,0.7556,1,9.928,0,WARNING
2026-08-28 08:00:00,R1,6.251,10.35,0.6039,6.251,0,0,0.0,0.6039,3,12.0,0,NORMAL
2026-08-28 08:00:00,R2,3.311,8.041,0.4117,3.311,0,0,0.0,0.4117,2,10.298,0,NORMAL
2026-08-28 08:15:00,R1,6.953,10.552,0.6589,6.953,0,0,0.0,0.6589,3,11.771,0,NORMAL
2026-08-28 08:15:00,R2,3.099,7.93,0.3908,3.099,0,0,0.0,0.3908,2,10.441,0,NORMAL
2026-08-28 08:30:00,R1,7.016,10.952,0.6406,7.016,0,0,0.0,0.6406,3,11.34,0,NORMAL
2026-08-28 08:30:00,R2,3.249,8.121,0.4,3.249,0,0,0.0,0.4,2,10.196,0,NORMAL
2026-08-28 08:45:00,R1,6.91,10.799,0.6399,6.91,0,0,0.0,0.6399,3,11.501,0,NORMAL
2026-08-28 08:45:00,R2,3.115,8.11,0.3841,3.115,0,0,0.0,0.3841,2,10.209,0,NORMAL
2026-08-28 09:00:00,R1,7.059,11.285,0.6255,7.059,0,0,0.0,0.6255,3,11.006,0,NORMAL
2026-08-28 09:00:00,R2,3.316,7.949,0.4172,3.316,0,0,0.0,0.4172,2,10.416,0,NORMAL
2026-08-28 09:15:00,R1,6.916,10.578,0.6538,6.916,0,0,0.0,0.6538,3,11.741,0,NORMAL
2026-08-28 09:15:00,R2,2.97,8.209,0.3618,2.97,0,0,0.0,0.3618,2,10.087,0,NORMAL
2026-08-28 09:30:00,R1,6.15,10.357,0.5938,6.15,0,0,0.0,0.5938,3,11.992,0,NORMAL
2026-08-28 09:30:00,R2,2.851,8.403,0.3393,2.851,0,0,0.0,0.3393,2,9.854,0,NORMAL
2026-08-28 09:45:00,R1,7.33,6.429,1.14,6.429,0,0.9,0.0,1.14,2,12.878,0,HIGH
2026-08-28 09:45:00,R2,3.289,7.807,0.4213,3.289,0,0,0.0,0.4213,2,10.606,0,NORMAL
2026-08-28 10:00:00,R1,6.768,11.04,0.613,7.668,0.9,0,1.223,0.6946,3,11.25,0,NORMAL
2026-08-28 10:00:00,R2,2.833,7.705,0.3677,2.833,0,0,0.0,0.3677,2,10.747,0,NORMAL
2026-08-28 10:15:00,R1,6.815,6.148,1.1086,6.148,0,0.668,0.0,1.1086,2,13.469,0,HIGH
2026-08-28 10:15:00,R2,2.575,7.699,0.3345,2.575,0,0,0.0,0.3345,2,10.754,0,NORMAL
2026-08-28 10:30:00,R1,7.894,10.016,0.7881,8.562,0.668,0,1.0,0.8548,3,12.4,0,WARNING
2026-08-28 10:30:00,R2,2.62,8.492,0.3085,2.62,0,0,0.0,0.3085,2,9.75,0,NORMAL
2026-08-28 10:45:00,R1,7.641,10.112,0.7556,7.641,0,0,0.0,0.7556,3,12.282,0,WARNING
2026-08-28 10:45:00,R2,3.211,7.623,0.4213,3.211,0,0,0.0,0.4213,2,10.861,0,NORMAL
2026-08-28 11:00:00,R1,6.972,10.298,0.677,6.972,0,0,0.0,0.677,3,12.06,0,NORMAL
2026-08-28 11:00:00,R2,3.012,7.653,0.3936,3.012,0,0,0.0,0.3936,2,10.819,0,NORMAL
2026-08-28 11:15:00,R1,7.484,10.972,0.6821,7.484,0,0,0.0,0.6821,3,11.32,0,NORMAL
2026-08-28 11:15:00,R2,2.965,8.221,0.3607,2.965,0,0,0.0,0.3607,2,10.072,0,NORMAL
2026-08-28 11:30:00,R1,6.165,10.826,0.5694,6.165,0,0,0.0,0.5694,3,11.472,0,NORMAL
2026-08-28 11:30:00,R2,3.085,8.318,0.3709,3.085,0,0,0.0,0.3709,2,9.954,0,NORMAL
2026-08-28 11:45:00,R1,6.786,10.796,0.6286,6.786,0,0,0.0,0.6286,3,11.504,0,NORMAL
2026-08-28 11:45:00,R2,2.892,7.941,0.3642,2.892,0,0,0.0,0.3642,2,10.426,0,NORMAL
2026-08-28 12:00:00,R1,6.857,11.263,0.6088,6.857,0,0,0.0,0.6088,3,11.027,0,NORMAL
2026-08-28 12:00:00,R2,2.969,7.734,0.3839,2.969,0,0,0.0,0.3839,2,10.706,0,NORMAL
2026-08-28 12:15:00,R1,7.367,10.245,0.7191,7.367,0,0,0.0,0.7191,3,12.123,0,NORMAL
2026-08-28 12:15:00,R2,2.695,8.484,0.3176,2.695,0,0,0.0,0.3176,2,9.76,0,NORMAL
2026-08-28 12:30:00,R1,6.921,11.021,0.628,6.921,0,0,0.0,0.628,3,11.27,0,NORMAL
2026-08-28 12:30:00,R2,2.773,7.543,0.3676,2.773,0,0,0.0,0.3676,2,10.977,0,NORMAL
2026-08-28 12:45:00,R1,7.376,10.927,0.675,7.376,0,0,0.0,0.675,3,11.366,0,NORMAL
2026-08-28 12:45:00,R2,2.819,8.072,0.3493,2.819,0,0,0.0,0.3493,2,10.258,0,NORMAL
2026-08-28 13:00:00,R1,6.936,10.784,0.6432,6.936,0,0,0.0,0.6432,3,11.517,0,NORMAL
2026-08-28 13:00:00,R2,2.17,8.299,0.2614,2.17,0,0,0.0,0.2614,2,9.977,0,NORMAL
2026-08-28 13:15:00,R1,7.039,11.141,0.6318,7.039,0,0,0.0,0.6318,3,11.148,0,NORMAL
2026-08-28 13:15:00,R2,2.865,7.639,0.375,2.865,0,0,0.0,0.375,2,10.839,0,NORMAL
2026-08-28 13:30:00,R1,7.062,10.735,0.6578,7.062,0,0,0.0,0.6578,3,11.569,0,NORMAL
2026-08-28 13:30:00,R2,2.912,8.345,0.3489,2.912,0,0,0.0,0.3489,2,9.922,0,NORMAL
2026-08-28 13:45:00,R1,6.478,11.014,0.5882,6.478,0,0,0.0,0.5882,3,11.277,0,NORMAL
2026-08-28 13:45:00,R2,2.863,8.254,0.3468,2.863,0,0,0.0,0.3468,2,10.031,0,NORMAL
2026-08-28 14:00:00,R1,7.757,10.7,0.725,7.757,0,0,0.0,0.725,3,11.608,0,NORMAL
2026-08-28 14:00:00,R2,2.522,8.074,0.3123,2.522,0,0,0.0,0.3123,2,10.255,0,NORMAL
2026-08-28 14:15:00,R1,7.599,10.361,0.7334,7.599,0,0,0.0,0.7334,3,11.987,0,NORMAL
2026-08-28 14:15:00,R2,2.742,3.917,0.7001,2.742,0,0,0.0,0.7001,1,10.57,0,NORMAL
2026-08-28 14:30:00,R1,7.578,10.711,0.7075,7.578,0,0,0.0,0.7075,3,11.596,0,NORMAL
2026-08-28 14:30:00,R2,2.616,8.221,0.3182,2.616,0,0,0.0,0.3182,2,10.071,0,NORMAL
2026-08-28 14:45:00,R1,7.214,10.462,0.6896,7.214,0,0,0.0,0.6896,3,11.872,0,NORMAL
2026-08-28 14:45:00,R2,2.782,8.345,0.3334,2.782,0,0,0.0,0.3334,2,9.922,0,NORMAL
2026-08-28 15:00:00,R1,7.382,10.767,0.6856,7.382,0,0,0.0,0.6856,3,11.535,0,NORMAL
2026-08-28 15:00:00,R2,2.856,8.195,0.3485,2.856,0,0,0.0,0.3485,2,10.104,0,NORMAL
2026-08-28 15:15:00,R1,7.163,10.744,0.6666,7.163,0,0,0.0,0.6666,3,11.559,0,NORMAL
2026-08-28 15:15:00,R2,2.85,7.829,0.3641,2.85,0,0,0.0,0.3641,2,10.577,0,NORMAL
2026-08-28 15:30:00,R1,7.217,11.082,0.6513,7.217,0,0,0.0,0.6513,3,11.208,0,NORMAL
2026-08-28 15:30:00,R2,2.974,7.711,0.3857,2.974,0,0,0.0,0.3857,2,10.737,0,NORMAL
2026-08-28 15:45:00,R1,7.457,10.283,0.7252,7.457,0,0,0.0,0.7252,3,12.078,0,NORMAL
2026-08-28 15:45:00,R2,2.418,8.124,0.2977,2.418,0,0,0.0,0.2977,2,10.192,0,NORMAL
2026-08-28 16:00:00,R1,7.039,10.598,0.6642,7.039,0,0,0.0,0.6642,3,11.719,0,NORMAL
2026-08-28 16:00:00,R2,2.692,8.272,0.3254,2.692,0,0,0.0,0.3254,2,10.009,0,NORMAL
2026-08-28 16:15:00,R1,7.052,10.406,0.6777,7.052,0,0,0.0,0.6777,3,11.936,0,NORMAL
2026-08-28 16:15:00,R2,2.31,8.233,0.2806,2.31,0,0,0.0,0.2806,2,10.057,0,NORMAL
2026-08-28 16:30:00,R1,7.522,6.389,1.1773,6.389,0,1.133,0.0,1.1773,2,12.96,0,HIGH
2026-08-28 16:30:00,R2,3.196,8.264,0.3867,3.196,0,0,0.0,0.3867,2,10.019,0,NORMAL
2026-08-28 16:45:00,R1,7.017,10.545,0.6655,8.15,1.133,0,1.611,0.7729,3,11.779,0,WARNING
2026-08-28 16:45:00,R2,2.599,8.602,0.3021,2.599,0,0,0.0,0.3021,2,9.626,0,NORMAL
2026-08-28 17:00:00,R1,7.044,11.265,0.6253,7.044,0,0,0.0,0.6253,3,11.026,0,NORMAL
2026-08-28 17:00:00,R2,2.877,8.141,0.3534,2.877,0,0,0.0,0.3534,2,10.17,0,NORMAL
2026-08-28 17:15:00,R1,7.435,10.344,0.7187,7.435,0,0,0.0,0.7187,3,12.007,0,NORMAL
2026-08-28 17:15:00,R2,2.767,7.475,0.3701,2.767,0,0,0.0,0.3701,2,11.077,0,NORMAL
2026-08-28 17:30:00,R1,7.417,11.286,0.6572,7.417,0,0,0.0,0.6572,3,11.005,0,NORMAL
2026-08-28 17:30:00,R2,2.577,8.238,0.3128,2.577,0,0,0.0,0.3128,2,10.051,0,NORMAL
2026-08-28 17:45:00,R1,7.967,10.909,0.7303,7.967,0,0,0.0,0.7303,3,11.385,0,NORMAL
2026-08-28 17:45:00,R2,2.881,8.237,0.3498,2.881,0,0,0.0,0.3498,2,10.053,0,NORMAL
2026-08-28 18:00:00,R1,7.471,10.771,0.6937,7.471,0,0,0.0,0.6937,3,11.531,0,NORMAL
2026-08-28 18:00:00,R2,2.814,8.078,0.3484,2.814,0,0,0.0,0.3484,2,10.25,0,NORMAL
2026-08-28 18:15:00,R1,7.161,10.857,0.6596,7.161,0,0,0.0,0.6596,3,11.44,0,NORMAL
2026-08-28 18:15:00,R2,2.803,7.844,0.3573,2.803,0,0,0.0,0.3573,2,10.556,0,NORMAL
2026-08-28 18:30:00,R1,7.02,11.041,0.6358,7.02,0,0,0.0,0.6358,3,11.249,0,NORMAL
2026-08-28 18:30:00,R2,2.726,7.892,0.3454,2.726,0,0,0.0,0.3454,2,10.492,0,NORMAL
2026-08-28 18:45:00,R1,7.158,10.655,0.6717,7.158,0,0,0.0,0.6717,3,11.656,0,NORMAL
2026-08-28 18:45:00,R2,2.354,8.086,0.2911,2.354,0,0,0.0,0.2911,2,10.24,0,NORMAL
2026-08-28 19:00:00,R1,6.147,11.263,0.5458,6.147,0,0,0.0,0.5458,3,11.027,0,NORMAL
2026-08-28 19:00:00,R2,3.111,7.811,0.3983,3.111,0,0,0.0,0.3983,2,10.6,0,NORMAL
2026-08-28 19:15:00,R1,5.996,11.105,0.5399,5.996,0,0,0.0,0.5399,3,11.184,0,NORMAL
2026-08-28 19:15:00,R2,2.713,8.633,0.3142,2.713,0,0,0.0,0.3142,2,9.591,0,NORMAL
2026-08-28 19:30:00,R1,6.364,10.473,0.6077,6.364,0,0,0.0,0.6077,3,11.859,0,NORMAL
2026-08-28 19:30:00,R2,2.619,8.758,0.299,2.619,0,0,0.0,0.299,2,9.454,0,NORMAL
2026-08-28 19:45:00,R1,7.005,10.837,0.6463,7.005,0,0,0.0,0.6463,3,11.461,0,NORMAL
2026-08-28 19:45:00,R2,2.943,7.937,0.3708,2.943,0,0,0.0,0.3708,2,10.433,0,NORMAL
2026-08-28 20:00:00,R1,7.165,10.216,0.7013,7.165,0,0,0.0,0.7013,3,12.157,0,NORMAL
2026-08-28 20:00:00,R2,3.301,7.65,0.4315,3.301,0,0,0.0,0.4315,2,10.824,0,NORMAL
2026-08-28 20:15:00,R1,7.391,10.812,0.6835,7.391,0,0,0.0,0.6835,3,11.487,0,NORMAL
2026-08-28 20:15:00,R2,2.946,8.08,0.3646,2.946,0,0,0.0,0.3646,2,10.247,0,NORMAL
2026-08-28 20:30:00,R1,7.675,11.081,0.6926,7.675,0,0,0.0,0.6926,3,11.209,0,NORMAL
2026-08-28 20:30:00,R2,3.252,8.279,0.3928,3.252,0,0,0.0,0.3928,2,10.002,0,NORMAL
2026-08-28 20:45:00,R1,6.377,6.721,0.9487,6.377,0,0,0.0,0.9487,2,12.319,0,HIGH
2026-08-28 20:45:00,R2,3.15,8.239,0.3824,3.15,0,0,0.0,0.3824,2,10.05,0,NORMAL
2026-08-28 21:00:00,R1,6.984,10.991,0.6355,6.984,0,0,0.0,0.6355,3,11.3,0,NORMAL
2026-08-28 21:00:00,R2,2.897,7.878,0.3678,2.897,0,0,0.0,0.3678,2,10.511,0,NORMAL
2026-08-28 21:15:00,R1,6.945,10.43,0.6658,6.945,0,0,0.0,0.6658,3,11.908,0,NORMAL
2026-08-28 21:15:00,R2,3.125,7.805,0.4004,3.125,0,0,0.0,0.4004,2,10.609,0,NORMAL
2026-08-28 21:30:00,R1,7.335,10.617,0.6909,7.335,0,0,0.0,0.6909,3,11.698,0,NORMAL
2026-08-28 21:30:00,R2,2.992,8.229,0.3636,2.992,0,0,0.0,0.3636,2,10.063,0,NORMAL
2026-08-28 21:45:00,R1,6.915,11.572,0.5976,6.915,0,0,0.0,0.5976,3,10.733,0,NORMAL
2026-08-28 21:45:00,R2,3.206,8.192,0.3913,3.206,0,0,0.0,0.3913,2,10.108,0,NORMAL
2026-08-28 22:00:00,R1,5.093,10.276,0.4957,5.093,0,0,0.0,0.4957,3,12.087,0,NORMAL
2026-08-28 22:00:00,R2,2.528,8.323,0.3037,2.528,0,0,0.0,0.3037,2,9.949,0,NORMAL
2026-08-28 22:15:00,R1,5.173,11.373,0.4548,5.173,0,0,0.0,0.4548,3,10.921,0,NORMAL
2026-08-28 22:15:00,R2,2.391,7.981,0.2996,2.391,0,0,0.0,0.2996,2,10.375,0,NORMAL
2026-08-28 22:30:00,R1,5.474,10.444,0.5241,5.474,0,0,0.0,0.5241,3,11.893,0,NORMAL
2026-08-28 22:30:00,R2,2.588,8.044,0.3218,2.588,0,0,0.0,0.3218,2,10.294,0,NORMAL
2026-08-28 22:45:00,R1,5.118,11.072,0.4623,5.118,0,0,0.0,0.4623,3,11.217,0,NORMAL
2026-08-28 22:45:00,R2,2.174,8.285,0.2624,2.174,0,0,0.0,0.2624,2,9.994,0,NORMAL
2026-08-28 23:00:00,R1,5.352,7.292,0.7339,5.352,0,0,0.0,0.7339,2,11.355,0,NORMAL
2026-08-28 23:00:00,R2,1.91,7.798,0.2449,1.91,0,0,0.0,0.2449,2,10.618,0,NORMAL
2026-08-28 23:15:00,R1,5.918,10.69,0.5536,5.918,0,0,0.0,0.5536,3,11.619,0,NORMAL
2026-08-28 23:15:00,R2,2.176,8.208,0.2651,2.176,0,0,0.0,0.2651,2,10.088,0,NORMAL
2026-08-28 23:30:00,R1,5.606,10.682,0.5248,5.606,0,0,0.0,0.5248,3,11.627,0,NORMAL
2026-08-28 23:30:00,R2,2.473,8.358,0.2958,2.473,0,0,0.0,0.2958,2,9.906,0,NORMAL
2026-08-28 23:45:00,R1,5.228,10.972,0.4765,5.228,0,0,0.0,0.4765,3,11.319,0,NORMAL
2026-08-28 23:45:00,R2,2.756,4.099,0.6723,2.756,0,0,0.0,0.6723,1,10.1,0,NORMAL
2026-08-29 00:00:00,R1,3.998,10.399,0.3844,3.998,0,0,0.0,0.3844,3,11.944,0,NORMAL
2026-08-29 00:00:00,R2,2.063,8.229,0.2507,2.063,0,0,0.0,0.2507,2,10.062,0,NORMAL
2026-08-29 00:15:00,R1,4.637,10.737,0.4318,4.637,0,0,0.0,0.4318,3,11.567,0,NORMAL
2026-08-29 00:15:00,R2,2.038,8.03,0.2537,2.038,0,0,0.0,0.2537,2,10.311,0,NORMAL
2026-08-29 00:30:00,R1,4.524,10.582,0.4275,4.524,0,0,0.0,0.4275,3,11.737,0,NORMAL
2026-08-29 00:30:00,R2,2.277,8.037,0.2833,2.277,0,0,0.0,0.2833,2,10.302,0,NORMAL
2026-08-29 00:45:00,R1,4.319,11.038,0.3913,4.319,0,0,0.0,0.3913,3,11.252,0,NORMAL
2026-08-29 00:45:00,R2,2.442,7.929,0.308,2.442,0,0,0.0,0.308,2,10.442,0,NORMAL
2026-08-29 01:00:00,R1,4.508,11.266,0.4001,4.508,0,0,0.0,0.4001,3,11.024,0,NORMAL
2026-08-29 01:00:00,R2,2.234,7.764,0.2877,2.234,0,0,0.0,0.2877,2,10.665,0,NORMAL
2026-08-29 01:15:00,R1,3.793,10.443,0.3632,3.793,0,0,0.0,0.3632,3,11.893,0,NORMAL
2026-08-29 01:15:00,R2,2.164,7.927,0.273,2.164,0,0,0.0,0.273,2,10.445,0,NORMAL
2026-08-29 01:30:00,R1,4.955,10.898,0.4547,4.955,0,0,0.0,0.4547,3,11.396,0,NORMAL
2026-08-29 01:30:00,R2,2.949,7.937,0.3715,2.949,0,0,0.0,0.3715,2,10.432,0,NORMAL
2026-08-29 01:45:00,R1,4.632,10.706,0.4327,4.632,0,0,0.0,0.4327,3,11.601,0,NORMAL
2026-08-29 01:45:00,R2,2.417,7.722,0.313,2.417,0,0,0.0,0.313,2,10.723,0,NORMAL
2026-08-29 02:00:00,R1,4.447,10.157,0.4378,4.447,0,0,0.0,0.4378,3,12.228,0,NORMAL
2026-08-29 02:00:00,R2,1.817,8.23,0.2207,1.817,0,0,0.0,0.2207,2,10.061,0,NORMAL
2026-08-29 02:15:00,R1,4.281,10.535,0.4064,4.281,0,0,0.0,0.4064,3,11.79,0,NORMAL
2026-08-29 02:15:00,R2,2.182,7.937,0.2749,2.182,0,0,0.0,0.2749,2,10.433,0,NORMAL
2026-08-29 02:30:00,R1,4.396,11.061,0.3974,4.396,0,0,0.0,0.3974,3,11.228,0,NORMAL
2026-08-29 02:30:00,R2,2.089,8.828,0.2366,2.089,0,0,0.0,0.2366,2,9.379,0,NORMAL
2026-08-29 02:45:00,R1,4.566,10.854,0.4207,4.566,0,0,0.0,0.4207,3,11.443,0,NORMAL
2026-08-29 02:45:00,R2,1.734,8.091,0.2143,1.734,0,0,0.0,0.2143,2,10.234,0,NORMAL
2026-08-29 03:00:00,R1,4.521,10.599,0.4265,4.521,0,0,0.0,0.4265,3,11.718,0,NORMAL
2026-08-29 03:00:00,R2,2.172,8.146,0.2666,2.172,0,0,0.0,0.2666,2,10.164,0,NORMAL
2026-08-29 03:15:00,R1,4.196,10.975,0.3823,4.196,0,0,0.0,0.3823,3,11.316,0,NORMAL
2026-08-29 03:15:00,R2,2.295,8.047,0.2852,2.295,0,0,0.0,0.2852,2,10.29,0,NORMAL
2026-08-29 03:30:00,R1,4.682,10.996,0.4258,4.682,0,0,0.0,0.4258,3,11.296,0,NORMAL
2026-08-29 03:30:00,R2,1.927,7.862,0.2451,1.927,0,0,0.0,0.2451,2,10.531,0,NORMAL
2026-08-29 03:45:00,R1,4.342,10.365,0.4189,4.342,0,0,0.0,0.4189,3,11.983,0,NORMAL
2026-08-29 03:45:00,R2,2.484,7.926,0.3133,2.484,0,0,0.0,0.3133,2,10.447,0,NORMAL
2026-08-29 04:00:00,R1,4.722,10.531,0.4484,4.722,0,0,0.0,0.4484,3,11.794,0,NORMAL
2026-08-29 04:00:00,R2,2.582,7.866,0.3283,2.582,0,0,0.0,0.3283,2,10.526,0,NORMAL
2026-08-29 04:15:00,R1,4.426,11.151,0.3969,4.426,0,0,0.0,0.3969,3,11.138,0,NORMAL
2026-08-29 04:15:00,R2,2.386,7.563,0.3154,2.386,0,0,0.0,0.3154,2,10.948,0,NORMAL
2026-08-29 04:30:00,R1,4.209,10.961,0.384,4.209,0,0,0.0,0.384,3,11.331,0,NORMAL
2026-08-29 04:30:00,R2,2.276,7.672,0.2967,2.276,0,0,0.0,0.2967,2,10.793,0,NORMAL
2026-08-29 04:45:00,R1,4.339,10.1,0.4296,4.339,0,0,0.0,0.4296,3,12.297,0,NORMAL
2026-08-29 04:45:00,R2,2.259,7.97,0.2835,2.259,0,0,0.0,0.2835,2,10.389,0,NORMAL
2026-08-29 05:00:00,R1,4.048,10.596,0.3821,4.048,0,0,0.0,0.3821,3,11.721,0,NORMAL
2026-08-29 05:00:00,R2,2.023,7.716,0.2622,2.023,0,0,0.0,0.2622,2,10.731,0,NORMAL
2026-08-29 05:15:00,R1,4.239,10.781,0.3932,4.239,0,0,0.0,0.3932,3,11.521,0,NORMAL
2026-08-29 05:15:00,R2,1.973,8.2,0.2406,1.973,0,0,0.0,0.2406,2,10.098,0,NORMAL
2026-08-29 05:30:00,R1,4.324,7.023,0.6158,4.324,0,0,0.0,0.6158,2,11.79,0,NORMAL
2026-08-29 05:30:00,R2,2.261,7.983,0.2832,2.261,0,0,0.0,0.2832,2,10.372,0,NORMAL
2026-08-29 05:45:00,R1,4.532,10.68,0.4244,4.532,0,0,0.0,0.4244,3,11.629,0,NORMAL
2026-08-29 05:45:00,R2,2.362,7.898,0.2991,2.362,0,0,0.0,0.2991,2,10.484,0,NORMAL
2026-08-29 06:00:00,R1,5.283,10.261,0.5149,5.283,0,0,0.0,0.5149,3,12.104,0,NORMAL
2026-08-29 06:00:00,R2,2.724,8.104,0.3361,2.724,0,0,0.0,0.3361,2,10.217,0,NORMAL
2026-08-29 06:15:00,R1,5.473,10.238,0.5346,5.473,0,0,0.0,0.5346,3,12.131,0,NORMAL
2026-08-29 06:15:00,R2,2.722,8.105,0.3359,2.722,0,0,0.0,0.3359,2,10.216,0,NORMAL
2026-08-29 06:30:00,R1,5.623,10.671,0.5269,5.623,0,0,0.0,0.5269,3,11.639,0,NORMAL
2026-08-29 06:30:00,R2,3.237,7.813,0.4143,3.237,0,0,0.0,0.4143,2,10.598,0,NORMAL
2026-08-29 06:45:00,R1,5.372,10.851,0.4951,5.372,0,0,0.0,0.4951,3,11.446,0,NORMAL
2026-08-29 06:45:00,R2,2.656,4.052,0.6554,2.656,0,0,0.0,0.6554,1,10.217,0,NORMAL
2026-08-29 07:00:00,R1,6.397,11.785,0.5428,6.397,0,0,0.0,0.5428,3,10.539,0,NORMAL
2026-08-29 07:00:00,R2,2.738,8.568,0.3195,2.738,0,0,0.0,0.3195,2,9.663,0,NORMAL
2026-08-29 07:15:00,R1,5.408,10.474,0.5163,5.408,0,0,0.0,0.5163,3,11.858,0,NORMAL
2026-08-29 07:15:00,R2,2.891,7.678,0.3766,2.891,0,0,0.0,0.3766,2,10.784,0,NORMAL
2026-08-29 07:30:00,R1,5.509,11.049,0.4986,5.509,0,0,0.0,0.4986,3,11.241,0,NORMAL
2026-08-29 07:30:00,R2,2.318,8.202,0.2826,2.318,0,0,0.0,0.2826,2,10.096,0,NORMAL
2026-08-29 07:45:00,R1,6.394,10.702,0.5975,6.394,0,0,0.0,0.5975,3,11.605,0,NORMAL
2026-08-29 07:45:00,R2,2.798,7.99,0.3502,2.798,0,0,0.0,0.3502,2,10.363,0,NORMAL
2026-08-29 08:00:00,R1,5.628,10.914,0.5156,5.628,0,0,0.0,0.5156,3,11.379,0,NORMAL
2026-08-29 08:00:00,R2,2.777,8.258,0.3362,2.777,0,0,0.0,0.3362,2,10.026,0,NORMAL
2026-08-29 08:15:00,R1,5.908,10.992,0.5375,5.908,0,0,0.0,0.5375,3,11.299,0,NORMAL
2026-08-29 08:15:00,R2,2.23,8.783,0.2539,2.23,0,0,0.0,0.2539,2,9.427,0,NORMAL
2026-08-29 08:30:00,R1,5.81,10.572,0.5496,5.81,0,0,0.0,0.5496,3,11.748,0,NORMAL
2026-08-29 08:30:00,R2,2.34,8.178,0.2861,2.34,0,0,0.0,0.2861,2,10.125,0,NORMAL
2026-08-29 08:45:00,R1,4.996,7.233,0.6907,4.996,0,0,0.0,0.6907,2,11.447,0,NORMAL
2026-08-29 08:45:00,R2,2.991,8.344,0.3585,2.991,0,0,0.0,0.3585,2,9.924,0,NORMAL
2026-08-29 09:00:00,R1,5.9,10.873,0.5426,5.9,0,0,0.0,0.5426,3,11.423,0,NORMAL
2026-08-29 09:00:00,R2,2.01,7.747,0.2594,2.01,0,0,0.0,0.2594,2,10.688,0,NORMAL
2026-08-29 09:15:00,R1,6.061,10.441,0.5805,6.061,0,0,0.0,0.5805,3,11.895,0,NORMAL
2026-08-29 09:15:00,R2,2.351,8.326,0.2824,2.351,0,0,0.0,0.2824,2,9.945,0,NORMAL
2026-08-29 09:30:00,R1,5.693,10.387,0.5481,5.693,0,0,0.0,0.5481,3,11.958,0,NORMAL
2026-08-29 09:30:00,R2,2.651,8.062,0.3288,2.651,0,0,0.0,0.3288,2,10.271,0,NORMAL
2026-08-29 09:45:00,R1,5.972,10.821,0.5519,5.972,0,0,0.0,0.5519,3,11.478,0,NORMAL
2026-08-29 09:45:00,R2,2.41,7.809,0.3086,2.41,0,0,0.0,0.3086,2,10.604,0,NORMAL
2026-08-29 10:00:00,R1,6.501,10.51,0.6186,6.501,0,0,0.0,0.6186,3,11.817,0,NORMAL
2026-08-29 10:00:00,R2,2.417,7.806,0.3096,2.417,0,0,0.0,0.3096,2,10.608,0,NORMAL
2026-08-29 10:15:00,R1,5.427,10.524,0.5156,5.427,0,0,0.0,0.5156,3,11.802,0,NORMAL
2026-08-29 10:15:00,R2,2.532,8.592,0.2947,2.532,0,0,0.0,0.2947,2,9.637,0,NORMAL
2026-08-29 10:30:00,R1,6.214,10.712,0.5801,6.214,0,0,0.0,0.5801,3,11.594,0,NORMAL
2026-08-29 10:30:00,R2,2.798,8.099,0.3455,2.798,0,0,0.0,0.3455,2,10.224,0,NORMAL
2026-08-29 10:45:00,R1,6.299,10.725,0.5873,6.299,0,0,0.0,0.5873,3,11.581,0,NORMAL
2026-08-29 10:45:00,R2,2.74,3.873,0.7075,2.74,0,0,0.0,0.7075,1,10.69,0,NORMAL
2026-08-29 11:00:00,R1,5.829,10.665,0.5466,5.829,0,0,0.0,0.5466,3,11.646,0,NORMAL
2026-08-29 11:00:00,R2,2.612,7.56,0.3455,2.612,0,0,0.0,0.3455,2,10.952,0,NORMAL
2026-08-29 11:15:00,R1,5.38,10.357,0.5195,5.38,0,0,0.0,0.5195,3,11.992,0,NORMAL
2026-08-29 11:15:00,R2,2.388,8.031,0.2974,2.388,0,0,0.0,0.2974,2,10.31,0,NORMAL
2026-08-29 11:30:00,R1,4.739,10.597,0.4472,4.739,0,0,0.0,0.4472,3,11.72,0,NORMAL
2026-08-29 11:30:00,R2,2.385,7.809,0.3055,2.385,0,0,0.0,0.3055,2,10.604,0,NORMAL
2026-08-29 11:45:00,R1,5.041,6.864,0.7345,5.041,0,0,0.0,0.7345,2,12.063,0,NORMAL
2026-08-29 11:45:00,R2,2.802,8.467,0.3309,2.802,0,0,0.0,0.3309,2,9.779,0,NORMAL
2026-08-29 12:00:00,R1,5.675,10.879,0.5216,5.675,0,0,0.0,0.5216,3,11.417,0,NORMAL
2026-08-29 12:00:00,R2,2.513,8.119,0.3095,2.513,0,0,0.0,0.3095,2,10.199,0,NORMAL
2026-08-29 12:15:00,R1,5.799,10.529,0.5507,5.799,0,0,0.0,0.5507,3,11.796,0,NORMAL
2026-08-29 12:15:00,R2,2.593,8.117,0.3195,2.593,0,0,0.0,0.3195,2,10.201,0,NORMAL
2026-08-29 12:30:00,R1,6.061,10.587,0.5725,6.061,0,0,0.0,0.5725,3,11.731,0,NORMAL
2026-08-29 12:30:00,R2,2.201,8.601,0.2559,2.201,0,0,0.0,0.2559,2,9.627,0,NORMAL
2026-08-29 12:45:00,R1,5.175,10.573,0.4895,5.175,0,0,0.0,0.4895,3,11.747,0,NORMAL
2026-08-29 12:45:00,R2,2.25,7.837,0.2871,2.25,0,0,0.0,0.2871,2,10.566,0,NORMAL
2026-08-29 13:00:00,R1,6.358,10.28,0.6185,6.358,0,0,0.0,0.6185,3,12.081,0,NORMAL
2026-08-29 13:00:00,R2,2.782,8.188,0.3397,2.782,0,0,0.0,0.3397,2,10.112,0,NORMAL
2026-08-29 13:15:00,R1,5.618,10.362,0.5422,5.618,0,0,0.0,0.5422,3,11.986,0,NORMAL
2026-08-29 13:15:00,R2,2.599,8.359,0.3109,2.599,0,0,0.0,0.3109,2,9.906,0,NORMAL
2026-08-29 13:30:00,R1,5.917,11.229,0.527,5.917,0,0,0.0,0.527,3,11.061,0,NORMAL
2026-08-29 13:30:00,R2,2.25,7.967,0.2824,2.25,0,0,0.0,0.2824,2,10.392,0,NORMAL
2026-08-29 13:45:00,R1,5.766,10.966,0.5258,5.766,0,0,0.0,0.5258,3,11.326,0,NORMAL
2026-08-29 13:45:00,R2,2.364,8.071,0.2929,2.364,0,0,0.0,0.2929,2,10.259,0,NORMAL
2026-08-29 14:00:00,R1,6.28,11.101,0.5658,6.28,0,0,0.0,0.5658,3,11.189,0,NORMAL
2026-08-29 14:00:00,R2,2.115,8.612,0.2455,2.115,0,0,0.0,0.2455,2,9.615,0,NORMAL
2026-08-29 14:15:00,R1,6.161,10.159,0.6065,6.161,0,0,0.0,0.6065,3,12.225,0,NORMAL
2026-08-29 14:15:00,R2,2.157,7.982,0.2702,2.157,0,0,0.0,0.2702,2,10.373,0,NORMAL
2026-08-29 14:30:00,R1,5.933,10.937,0.5425,5.933,0,0,0.0,0.5425,3,11.356,0,NORMAL
2026-08-29 14:30:00,R2,2.105,7.738,0.272,2.105,0,0,0.0,0.272,2,10.701,0,NORMAL
2026-08-29 14:45:00,R1,5.93,10.972,0.5404,5.93,0,0,0.0,0.5404,3,11.32,0,NORMAL
2026-08-29 14:45:00,R2,2.23,7.488,0.2978,2.23,0,0,0.0,0.2978,2,11.058,0,NORMAL
2026-08-29 15:00:00,R1,6.124,10.505,0.583,6.124,0,0,0.0,0.583,3,11.822,0,NORMAL
2026-08-29 15:00:00,R2,2.175,7.666,0.2837,2.175,0,0,0.0,0.2837,2,10.801,0,NORMAL
2026-08-29 15:15:00,R1,6.507,10.884,0.5979,6.507,0,0,0.0,0.5979,3,11.411,0,NORMAL
2026-08-29 15:15:00,R2,2.248,7.659,0.2935,2.248,0,0,0.0,0.2935,2,10.811,0,NORMAL
2026-08-29 15:30:00,R1,5.935,10.388,0.5713,5.935,0,0,0.0,0.5713,3,11.957,0,NORMAL
2026-08-29 15:30:00,R2,2.221,7.746,0.2867,2.221,0,0,0.0,0.2867,2,10.689,0,NORMAL
2026-08-29 15:45:00,R1,5.435,10.371,0.524,5.435,0,0,0.0,0.524,3,11.976,0,NORMAL
2026-08-29 15:45:00,R2,2.424,7.834,0.3095,2.424,0,0,0.0,0.3095,2,10.57,0,NORMAL
2026-08-29 16:00:00,R1,6.522,11.114,0.5868,6.522,0,0,0.0,0.5868,3,11.175,0,NORMAL
2026-08-29 16:00:00,R2,2.556,7.684,0.3326,2.556,0,0,0.0,0.3326,2,10.775,0,NORMAL
2026-08-29 16:15:00,R1,5.652,7.15,0.7904,5.652,0,0,0.0,0.7904,2,11.581,0,WARNING
2026-08-29 16:15:00,R2,2.044,7.988,0.2559,2.044,0,0,0.0,0.2559,2,10.366,0,NORMAL
2026-08-29 16:30:00,R1,6.489,11.11,0.5841,6.489,0,0,0.0,0.5841,3,11.179,0,NORMAL
2026-08-29 16:30:00,R2,2.355,8.628,0.2729,2.355,0,0,0.0,0.2729,2,9.596,0,NORMAL
2026-08-29 16:45:00,R1,5.646,10.335,0.5463,5.646,0,0,0.0,0.5463,3,12.018,0,NORMAL
2026-08-29 16:45:00,R2,2.429,7.974,0.3046,2.429,0,0,0.0,0.3046,2,10.384,0,NORMAL
2026-08-29 17:00:00,R1,5.964,11.254,0.53,5.964,0,0,0.0,0.53,3,11.036,0,NORMAL
2026-08-29 17:00:00,R2,2.271,8.176,0.2778,2.271,0,0,0.0,0.2778,2,10.127,0,NORMAL
2026-08-29 17:15:00,R1,6.247,11.287,0.5534,6.247,0,0,0.0,0.5534,3,11.003,0,NORMAL
2026-08-29 17:15:00,R2,2.262,8.491,0.2664,2.262,0,0,0.0,0.2664,2,9.752,0,NORMAL
2026-08-29 17:30:00,R1,5.667,10.567,0.5363,5.667,0,0,0.0,0.5363,3,11.753,0,NORMAL
2026-08-29 17:30:00,R2,2.144,8.466,0.2533,2.144,0,0,0.0,0.2533,2,9.78,0,NORMAL
2026-08-29 17:45:00,R1,5.803,10.439,0.5559,5.803,0,0,0.0,0.5559,3,11.898,0,NORMAL
2026-08-29 17:45:00,R2,2.529,8.347,0.303,2.529,0,0,0.0,0.303,2,9.92,0,NORMAL
2026-08-29 18:00:00,R1,6.222,11.404,0.5456,6.222,0,0,0.0,0.5456,3,10.891,0,NORMAL
2026-08-29 18:00:00,R2,2.554,8.024,0.3183,2.554,0,0,0.0,0.3183,2,10.319,0,NORMAL
2026-08-29 18:15:00,R1,6.352,11.198,0.5673,6.352,0,0,0.0,0.5673,3,11.091,0,NORMAL
2026-08-29 18:15:00,R2,2.498,7.802,0.3202,2.498,0,0,0.0,0.3202,2,10.612,0,NORMAL
2026-08-29 18:30:00,R1,5.01,10.814,0.4633,5.01,0,0,0.0,0.4633,3,11.485,0,NORMAL
2026-08-29 18:30:00,R2,2.446,4.182,0.585,2.446,0,0,0.0,0.585,1,9.899,0,NORMAL
2026-08-29 18:45:00,R1,5.837,10.524,0.5546,5.837,0,0,0.0,0.5546,3,11.801,0,NORMAL
2026-08-29 18:45:00,R2,2.577,8.14,0.3165,2.577,0,0,0.0,0.3165,2,10.171,0,NORMAL
2026-08-29 19:00:00,R1,4.598,10.973,0.419,4.598,0,0,0.0,0.419,3,11.318,0,NORMAL
2026-08-29 19:00:00,R2,2.178,7.998,0.2723,2.178,0,0,0.0,0.2723,2,10.352,0,NORMAL
2026-08-29 19:15:00,R1,5.662,10.546,0.5369,5.662,0,0,0.0,0.5369,3,11.778,0,NORMAL
2026-08-29 19:15:00,R2,2.442,8.31,0.2939,2.442,0,0,0.0,0.2939,2,9.964,0,NORMAL
2026-08-29 19:30:00,R1,5.766,10.913,0.5284,5.766,0,0,0.0,0.5284,3,11.381,0,NORMAL
2026-08-29 19:30:00,R2,2.719,7.762,0.3503,2.719,0,0,0.0,0.3503,2,10.667,0,NORMAL
2026-08-29 19:45:00,R1,5.435,11.294,0.4812,5.435,0,0,0.0,0.4812,3,10.997,0,NORMAL
2026-08-29 19:45:00,R2,2.847,8.064,0.3531,2.847,0,0,0.0,0.3531,2,10.268,0,NORMAL
2026-08-29 20:00:00,R1,5.713,10.852,0.5265,5.713,0,0,0.0,0.5265,3,11.445,0,NORMAL
2026-08-29 20:00:00,R2,2.552,7.637,0.3342,2.552,0,0,0.0,0.3342,2,10.842,0,NORMAL
2026-08-29 20:15:00,R1,5.408,10.302,0.525,5.408,0,0,0.0,0.525,3,12.056,0,NORMAL
2026-08-29 20:15:00,R2,2.121,8.0,0.2652,2.121,0,0,0.0,0.2652,2,10.35,0,NORMAL
2026-08-29 20:30:00,R1,5.84,12.12,0.4818,5.84,0,0,0.0,0.4818,3,10.247,0,NORMAL
2026-08-29 20:30:00,R2,2.511,8.321,0.3017,2.511,0,0,0.0,0.3017,2,9.951,0,NORMAL
2026-08-29 20:45:00,R1,5.512,10.005,0.5509,5.512,0,0,0.0,0.5509,3,12.413,0,NORMAL
2026-08-29 20:45:00,R2,2.468,8.439,0.2924,2.468,0,0,0.0,0.2924,2,9.812,0,NORMAL
2026-08-29 21:00:00,R1,6.012,11.051,0.544,6.012,0,0,0.0,0.544,3,11.239,0,NORMAL
2026-08-29 21:00:00,R2,2.498,7.919,0.3154,2.498,0,0,0.0,0.3154,2,10.455,0,NORMAL
2026-08-29 21:15:00,R1,5.787,10.614,0.5452,5.787,0,0,0.0,0.5452,3,11.702,0,NORMAL
2026-08-29 21:15:00,R2,2.445,8.413,0.2906,2.445,0,0,0.0,0.2906,2,9.842,0,NORMAL
2026-08-29 21:30:00,R1,5.539,10.585,0.5233,5.539,0,0,0.0,0.5233,3,11.734,0,NORMAL
2026-08-29 21:30:00,R2,2.369,7.792,0.304,2.369,0,0,0.0,0.304,2,10.626,0,NORMAL
2026-08-29 21:45:00,R1,5.938,10.989,0.5404,5.938,0,0,0.0,0.5404,3,11.302,0,NORMAL
2026-08-29 21:45:00,R2,3.119,7.794,0.4001,3.119,0,0,0.0,0.4001,2,10.623,0,NORMAL
2026-08-29 22:00:00,R1,4.485,10.798,0.4154,4.485,0,0,0.0,0.4154,3,11.502,0,NORMAL
2026-08-29 22:00:00,R2,2.351,4.175,0.5632,2.351,0,0,0.0,0.5632,1,9.916,0,NORMAL
2026-08-29 22:15:00,R1,5.294,10.59,0.4999,5.294,0,0,0.0,0.4999,3,11.728,0,NORMAL
2026-08-29 22:15:00,R2,2.095,7.828,0.2676,2.095,0,0,0.0,0.2676,2,10.578,0,NORMAL
2026-08-29 22:30:00,R1,4.637,10.717,0.4327,4.637,0,0,0.0,0.4327,3,11.589,0,NORMAL
2026-08-29 22:30:00,R2,2.276,8.558,0.266,2.276,0,0,0.0,0.266,2,9.676,0,NORMAL
2026-08-29 22:45:00,R1,4.584,7.133,0.6426,4.584,0,0,0.0,0.6426,2,11.608,0,NORMAL
2026-08-29 22:45:00,R2,2.304,8.422,0.2736,2.304,0,0,0.0,0.2736,2,9.831,0,NORMAL
2026-08-29 23:00:00,R1,4.005,11.082,0.3614,4.005,0,0,0.0,0.3614,3,11.207,0,NORMAL
2026-08-29 23:00:00,R2,2.072,8.116,0.2553,2.072,0,0,0.0,0.2553,2,10.202,0,NORMAL
2026-08-29 23:15:00,R1,4.91,10.11,0.4857,4.91,0,0,0.0,0.4857,3,12.285,0,NORMAL
2026-08-29 23:15:00,R2,2.321,8.239,0.2817,2.321,0,0,0.0,0.2817,2,10.05,0,NORMAL
2026-08-29 23:30:00,R1,4.514,10.479,0.4308,4.514,0,0,0.0,0.4308,3,11.852,0,NORMAL
2026-08-29 23:30:00,R2,1.683,7.8,0.2158,1.683,0,0,0.0,0.2158,2,10.616,0,NORMAL
2026-08-29 23:45:00,R1,4.497,7.377,0.6096,4.497,0,0,0.0,0.6096,2,11.224,0,NORMAL
2026-08-29 23:45:00,R2,2.341,8.115,0.2884,2.341,0,0,0.0,0.2884,2,10.203,0,NORMAL
2026-08-30 00:00:00,R1,4.847,10.851,0.4467,4.847,0,0,0.0,0.4467,3,11.446,0,NORMAL
2026-08-30 00:00:00,R2,1.923,8.148,0.236,1.923,0,0,0.0,0.236,2,10.162,0,NORMAL
2026-08-30 00:15:00,R1,4.995,11.115,0.4494,4.995,0,0,0.0,0.4494,3,11.175,0,NORMAL
2026-08-30 00:15:00,R2,2.318,8.09,0.2866,2.318,0,0,0.0,0.2866,2,10.235,0,NORMAL
2026-08-30 00:30:00,R1,4.513,10.903,0.414,4.513,0,0,0.0,0.414,3,11.392,0,NORMAL
2026-08-30 00:30:00,R2,2.209,7.762,0.2846,2.209,0,0,0.0,0.2846,2,10.667,0,NORMAL
2026-08-30 00:45:00,R1,4.285,10.798,0.3968,4.285,0,0,0.0,0.3968,3,11.502,0,NORMAL
2026-08-30 00:45:00,R2,2.255,9.019,0.25,2.255,0,0,0.0,0.25,2,9.181,0,NORMAL
2026-08-30 01:00:00,R1,4.601,10.395,0.4426,4.601,0,0,0.0,0.4426,3,11.947,0,NORMAL
2026-08-30 01:00:00,R2,2.172,7.923,0.2741,2.172,0,0,0.0,0.2741,2,10.45,0,NORMAL
2026-08-30 01:15:00,R1,4.17,10.622,0.3926,4.17,0,0,0.0,0.3926,3,11.693,0,NORMAL
2026-08-30 01:15:00,R2,2.127,8.312,0.2559,2.127,0,0,0.0,0.2559,2,9.962,0,NORMAL
2026-08-30 01:30:00,R1,4.544,10.97,0.4142,4.544,0,0,0.0,0.4142,3,11.322,0,NORMAL
2026-08-30 01:30:00,R2,1.984,8.706,0.2279,1.984,0,0,0.0,0.2279,2,9.511,0,NORMAL
2026-08-30 01:45:00,R1,3.642,11.195,0.3253,3.642,0,0,0.0,0.3253,3,11.094,0,NORMAL
2026-08-30 01:45:00,R2,2.314,7.547,0.3066,2.314,0,0,0.0,0.3066,2,10.971,0,NORMAL
2026-08-30 02:00:00,R1,4.455,10.965,0.4062,4.455,0,0,0.0,0.4062,3,11.326,0,NORMAL
2026-08-30 02:00:00,R2,1.988,8.75,0.2272,1.988,0,0,0.0,0.2272,2,9.463,0,NORMAL
2026-08-30 02:15:00,R1,4.109,10.377,0.396,4.109,0,0,0.0,0.396,3,11.969,0,NORMAL
2026-08-30 02:15:00,R2,2.231,7.956,0.2804,2.231,0,0,0.0,0.2804,2,10.408,0,NORMAL
2026-08-30 02:30:00,R1,4.522,10.582,0.4273,4.522,0,0,0.0,0.4273,3,11.737,0,NORMAL
2026-08-30 02:30:00,R2,2.096,8.347,0.2511,2.096,0,0,0.0,0.2511,2,9.92,0,NORMAL
2026-08-30 02:45:00,R1,4.434,10.609,0.418,4.434,0,0,0.0,0.418,3,11.707,0,NORMAL
2026-08-30 02:45:00,R2,1.934,7.751,0.2495,1.934,0,0,0.0,0.2495,2,10.682,0,NORMAL
2026-08-30 03:00:00,R1,3.913,10.724,0.3649,3.913,0,0,0.0,0.3649,3,11.582,0,NORMAL
2026-08-30 03:00:00,R2,1.761,7.677,0.2294,1.761,0,0,0.0,0.2294,2,10.786,0,NORMAL
2026-08-30 03:15:00,R1,4.348,11.354,0.3829,4.348,0,0,0.0,0.3829,3,10.939,0,NORMAL
2026-08-30 03:15:00,R2,2.42,8.402,0.288,2.42,0,0,0.0,0.288,2,9.855,0,NORMAL
2026-08-30 03:30:00,R1,4.703,10.424,0.4512,4.703,0,0,0.0,0.4512,3,11.915,0,NORMAL
2026-08-30 03:30:00,R2,2.237,8.242,0.2715,2.237,0,0,0.0,0.2715,2,10.046,0,NORMAL
2026-08-30 03:45:00,R1,4.332,10.91,0.3971,4.332,0,0,0.0,0.3971,3,11.384,0,NORMAL
2026-08-30 03:45:00,R2,2.491,8.128,0.3065,2.491,0,0,0.0,0.3065,2,10.187,0,NORMAL
2026-08-30 04:00:00,R1,4.455,11.184,0.3983,4.455,0,0,0.0,0.3983,3,11.105,0,NORMAL
2026-08-30 04:00:00,R2,2.223,8.329,0.2669,2.223,0,0,0.0,0.2669,2,9.941,0,NORMAL
2026-08-30 04:15:00,R1,5.016,10.785,0.4651,5.016,0,0,0.0,0.4651,3,11.516,0,NORMAL
2026-08-30 04:15:00,R2,2.202,8.01,0.2749,2.202,0,0,0.0,0.2749,2,10.337,0,NORMAL
2026-08-30 04:30:00,R1,4.505,11.282,0.3993,4.505,0,0,0.0,0.3993,3,11.009,0,NORMAL
2026-08-30 04:30:00,R2,2.185,8.755,0.2496,2.185,0,0,0.0,0.2496,2,9.457,0,NORMAL
2026-08-30 04:45:00,R1,4.88,11.368,0.4292,4.88,0,0,0.0,0.4292,3,10.925,0,NORMAL
2026-08-30 04:45:00,R2,2.195,8.027,0.2734,2.195,0,0,0.0,0.2734,2,10.315,0,NORMAL
2026-08-30 05:00:00,R1,4.25,11.559,0.3677,4.25,0,0,0.0,0.3677,3,10.745,0,NORMAL
2026-08-30 05:00:00,R2,2.121,8.096,0.262,2.121,0,0,0.0,0.262,2,10.227,0,NORMAL
2026-08-30 05:15:00,R1,4.751,10.648,0.4462,4.751,0,0,0.0,0.4462,3,11.664,0,NORMAL
2026-08-30 05:15:00,R2,2.234,7.855,0.2844,2.234,0,0,0.0,0.2844,2,10.541,0,NORMAL
2026-08-30 05:30:00,R1,4.548,10.19,0.4463,4.548,0,0,0.0,0.4463,3,12.189,0,NORMAL
2026-08-30 05:30:00,R2,2.58,8.315,0.3102,2.58,0,0,0.0,0.3102,2,9.958,0,NORMAL
2026-08-30 05:45:00,R1,4.997,11.021,0.4534,4.997,0,0,0.0,0.4534,3,11.269,0,NORMAL
2026-08-30 05:45:00,R2,2.097,7.957,0.2636,2.097,0,0,0.0,0.2636,2,10.406,0,NORMAL
2026-08-30 06:00:00,R1,5.704,10.257,0.5561,5.704,0,0,0.0,0.5561,3,12.109,0,NORMAL
2026-08-30 06:00:00,R2,2.323,8.125,0.2859,2.323,0,0,0.0,0.2859,2,10.191,0,NORMAL
2026-08-30 06:15:00,R1,5.178,10.567,0.49,5.178,0,0,0.0,0.49,3,11.753,0,NORMAL
2026-08-30 06:15:00,R2,2.477,8.028,0.3086,2.477,0,0,0.0,0.3086,2,10.314,0,NORMAL
2026-08-30 06:30:00,R1,5.557,10.696,0.5195,5.557,0,0,0.0,0.5195,3,11.612,0,NORMAL
2026-08-30 06:30:00,R2,2.723,7.387,0.3686,2.723,0,0,0.0,0.3686,2,11.209,0,NORMAL
2026-08-30 06:45:00,R1,6.271,10.613,0.5909,6.271,0,0,0.0,0.5909,3,11.702,0,NORMAL
2026-08-30 06:45:00,R2,2.997,7.943,0.3773,2.997,0,0,0.0,0.3773,2,10.424,0,NORMAL
2026-08-30 07:00:00,R1,5.548,7.166,0.7742,5.548,0,0,0.0,0.7742,2,11.555,0,WARNING
2026-08-30 07:00:00,R2,2.627,7.994,0.3287,2.627,0,0,0.0,0.3287,2,10.358,0,NORMAL
2026-08-30 07:15:00,R1,5.338,11.218,0.4759,5.338,0,0,0.0,0.4759,3,11.071,0,NORMAL
2026-08-30 07:15:00,R2,2.468,7.673,0.3217,2.468,0,0,0.0,0.3217,2,10.791,0,NORMAL
2026-08-30 07:30:00,R1,5.255,11.816,0.4447,5.255,0,0,0.0,0.4447,3,10.511,0,NORMAL
2026-08-30 07:30:00,R2,3.166,7.555,0.4191,3.166,0,0,0.0,0.4191,2,10.96,0,NORMAL
2026-08-30 07:45:00,R1,5.146,10.312,0.499,5.146,0,0,0.0,0.499,3,12.044,0,NORMAL
2026-08-30 07:45:00,R2,2.603,7.94,0.3278,2.603,0,0,0.0,0.3278,2,10.428,0,NORMAL
2026-08-30 08:00:00,R1,5.508,11.19,0.4922,5.508,0,0,0.0,0.4922,3,11.099,0,NORMAL
2026-08-30 08:00:00,R2,2.265,7.945,0.2851,2.265,0,0,0.0,0.2851,2,10.422,0,NORMAL
2026-08-30 08:15:00,R1,5.634,10.849,0.5193,5.634,0,0,0.0,0.5193,3,11.448,0,NORMAL
2026-08-30 08:15:00,R2,2.544,8.444,0.3013,2.544,0,0,0.0,0.3013,2,9.806,0,NORMAL
2026-08-30 08:30:00,R1,5.651,10.651,0.5306,5.651,0,0,0.0,0.5306,3,11.661,0,NORMAL
2026-08-30 08:30:00,R2,2.663,7.986,0.3335,2.663,0,0,0.0,0.3335,2,10.368,0,NORMAL
2026-08-30 08:45:00,R1,4.805,11.091,0.4332,4.805,0,0,0.0,0.4332,3,11.198,0,NORMAL
2026-08-30 08:45:00,R2,2.455,8.692,0.2825,2.455,0,0,0.0,0.2825,2,9.525,0,NORMAL
2026-08-30 09:00:00,R1,5.688,10.856,0.5239,5.688,0,0,0.0,0.5239,3,11.44,0,NORMAL
2026-08-30 09:00:00,R2,2.241,7.926,0.2828,2.241,0,0,0.0,0.2828,2,10.446,0,NORMAL
2026-08-30 09:15:00,R1,6.596,11.062,0.5962,6.596,0,0,0.0,0.5962,3,11.227,0,NORMAL
2026-08-30 09:15:00,R2,2.692,7.76,0.3469,2.692,0,0,0.0,0.3469,2,10.671,0,NORMAL
2026-08-30 09:30:00,R1,5.866,10.875,0.5394,5.866,0,0,0.0,0.5394,3,11.42,0,NORMAL
2026-08-30 09:30:00,R2,2.682,8.754,0.3063,2.682,0,0,0.0,0.3063,2,9.458,0,NORMAL
2026-08-30 09:45:00,R1,6.333,10.794,0.5867,6.333,0,0,0.0,0.5867,3,11.507,0,NORMAL
2026-08-30 09:45:00,R2,2.432,7.848,0.3099,2.432,0,0,0.0,0.3099,2,10.551,0,NORMAL
2026-08-30 10:00:00,R1,6.143,7.129,0.8616,6.143,0,0,0.0,0.8616,2,11.614,0,WARNING
2026-08-30 10:00:00,R2,2.263,7.641,0.2961,2.263,0,0,0.0,0.2961,2,10.837,0,NORMAL
2026-08-30 10:15:00,R1,5.17,10.221,0.5058,5.17,0,0,0.0,0.5058,3,12.151,0,NORMAL
2026-08-30 10:15:00,R2,2.865,8.273,0.3463,2.865,0,0,0.0,0.3463,2,10.009,0,NORMAL
2026-08-30 10:30:00,R1,6.486,10.5,0.6178,6.486,0,0,0.0,0.6178,3,11.829,0,NORMAL
2026-08-30 10:30:00,R2,2.647,7.878,0.3359,2.647,0,0,0.0,0.3359,2,10.511,0,NORMAL
2026-08-30 10:45:00,R1,5.619,10.446,0.5379,5.619,0,0,0.0,0.5379,3,11.89,0,NORMAL
2026-08-30 10:45:00,R2,2.47,8.451,0.2923,2.47,0,0,0.0,0.2923,2,9.797,0,NORMAL
2026-08-30 11:00:00,R1,6.121,11.226,0.5452,6.121,0,0,0.0,0.5452,3,11.064,0,NORMAL
2026-08-30 11:00:00,R2,2.196,8.196,0.2679,2.196,0,0,0.0,0.2679,2,10.102,0,NORMAL
2026-08-30 11:15:00,R1,6.016,10.645,0.5651,6.016,0,0,0.0,0.5651,3,11.667,0,NORMAL
2026-08-30 11:15:00,R2,2.304,8.15,0.2826,2.304,0,0,0.0,0.2826,2,10.159,0,NORMAL
2026-08-30 11:30:00,R1,5.049,11.225,0.4497,5.049,0,0,0.0,0.4497,3,11.064,0,NORMAL
2026-08-30 11:30:00,R2,2.726,8.155,0.3343,2.726,0,0,0.0,0.3343,2,10.153,0,NORMAL
2026-08-30 11:45:00,R1,5.095,10.268,0.4962,5.095,0,0,0.0,0.4962,3,12.096,0,NORMAL
2026-08-30 11:45:00,R2,2.653,7.705,0.3442,2.653,0,0,0.0,0.3442,2,10.746,0,NORMAL
2026-08-30 12:00:00,R1,5.491,10.989,0.4997,5.491,0,0,0.0,0.4997,3,11.302,0,NORMAL
2026-08-30 12:00:00,R2,2.559,8.026,0.3189,2.559,0,0,0.0,0.3189,2,10.316,0,NORMAL
2026-08-30 12:15:00,R1,5.814,7.115,0.8172,5.814,0,0,0.0,0.8172,2,11.637,0,WARNING
2026-08-30 12:15:00,R2,2.448,4.015,0.6098,2.448,0,0,0.0,0.6098,1,10.312,0,NORMAL
2026-08-30 12:30:00,R1,6.292,10.381,0.6061,6.292,0,0,0.0,0.6061,3,11.964,0,NORMAL
2026-08-30 12:30:00,R2,2.729,8.07,0.3382,2.729,0,0,0.0,0.3382,2,10.261,0,NORMAL
2026-08-30 12:45:00,R1,5.815,10.435,0.5573,5.815,0,0,0.0,0.5573,3,11.903,0,NORMAL
2026-08-30 12:45:00,R2,2.212,8.528,0.2594,2.212,0,0,0.0,0.2594,2,9.71,0,NORMAL
2026-08-30 13:00:00,R1,5.39,10.553,0.5108,5.39,0,0,0.0,0.5108,3,11.769,0,NORMAL
2026-08-30 13:00:00,R2,2.299,8.091,0.2841,2.299,0,0,0.0,0.2841,2,10.233,0,NORMAL
2026-08-30 13:15:00,R1,5.929,10.166,0.5832,5.929,0,0,0.0,0.5832,3,12.217,0,NORMAL
2026-08-30 13:15:00,R2,2.242,8.239,0.2721,2.242,0,0,0.0,0.2721,2,10.05,0,NORMAL
2026-08-30 13:30:00,R1,6.242,10.894,0.573,6.242,0,0,0.0,0.573,3,11.401,0,NORMAL
2026-08-30 13:30:00,R2,2.251,8.199,0.2745,2.251,0,0,0.0,0.2745,2,10.099,0,NORMAL
2026-08-30 13:45:00,R1,5.273,10.559,0.4994,5.273,0,0,0.0,0.4994,3,11.762,0,NORMAL
2026-08-30 13:45:00,R2,2.362,7.801,0.3028,2.362,0,0,0.0,0.3028,2,10.614,0,NORMAL
2026-08-30 14:00:00,R1,6.026,11.103,0.5427,6.026,0,0,0.0,0.5427,3,11.186,0,NORMAL
2026-08-30 14:00:00,R2,2.132,7.947,0.2682,2.132,0,0,0.0,0.2682,2,10.419,0,NORMAL
2026-08-30 14:15:00,R1,5.955,10.434,0.5708,5.955,0,0,0.0,0.5708,3,11.904,0,NORMAL
2026-08-30 14:15:00,R2,3.027,7.84,0.386,3.027,0,0,0.0,0.386,2,10.561,0,NORMAL
2026-08-30 14:30:00,R1,5.923,10.635,0.5569,5.923,0,0,0.0,0.5569,3,11.679,0,NORMAL
2026-08-30 14:30:00,R2,2.245,8.037,0.2794,2.245,0,0,0.0,0.2794,2,10.302,0,NORMAL
2026-08-30 14:45:00,R1,6.331,10.543,0.6004,6.331,0,0,0.0,0.6004,3,11.78,0,NORMAL
2026-08-30 14:45:00,R2,2.509,8.017,0.3129,2.509,0,0,0.0,0.3129,2,10.327,0,NORMAL
2026-08-30 15:00:00,R1,6.812,10.33,0.6594,6.812,0,0,0.0,0.6594,3,12.023,0,NORMAL
2026-08-30 15:00:00,R2,2.545,8.658,0.2939,2.545,0,0,0.0,0.2939,2,9.564,0,NORMAL
2026-08-30 15:15:00,R1,5.741,10.542,0.5446,5.741,0,0,0.0,0.5446,3,11.781,0,NORMAL
2026-08-30 15:15:00,R2,2.222,8.138,0.273,2.222,0,0,0.0,0.273,2,10.175,0,NORMAL
2026-08-30 15:30:00,R1,6.385,7.24,0.882,6.385,0,0,0.0,0.882,2,11.437,0,WARNING
2026-08-30 15:30:00,R2,2.578,3.627,0.7106,2.578,0,0,0.0,0.7106,1,11.413,0,NORMAL
2026-08-30 15:45:00,R1,7.008,6.375,1.0993,6.375,0,0.633,0.0,1.0993,2,12.988,0,HIGH
2026-08-30 15:45:00,R2,2.576,8.368,0.3078,2.576,0,0,0.0,0.3078,2,9.895,0,NORMAL
2026-08-30 16:00:00,R1,6.223,7.06,0.8815,6.856,0.633,0,1.345,0.9711,2,11.728,0,HIGH
2026-08-30 16:00:00,R2,2.306,8.142,0.2832,2.306,0,0,0.0,0.2832,2,10.17,0,NORMAL
2026-08-30 16:15:00,R1,5.601,11.019,0.5083,5.601,0,0,0.0,0.5083,3,11.271,0,NORMAL
2026-08-30 16:15:00,R2,2.757,7.565,0.3645,2.757,0,0,0.0,0.3645,2,10.946,0,NORMAL
2026-08-30 16:30:00,R1,6.223,10.994,0.566,6.223,0,0,0.0,0.566,3,11.297,0,NORMAL
2026-08-30 16:30:00,R2,2.181,8.507,0.2564,2.181,0,0,0.0,0.2564,2,9.733,0,NORMAL
2026-08-30 16:45:00,R1,5.82,10.058,0.5786,5.82,0,0,0.0,0.5786,3,12.348,0,NORMAL
2026-08-30 16:45:00,R2,2.33,7.905,0.2948,2.33,0,0,0.0,0.2948,2,10.474,0,NORMAL
2026-08-30 17:00:00,R1,5.718,10.869,0.5261,5.718,0,0,0.0,0.5261,3,11.427,0,NORMAL
2026-08-30 17:00:00,R2,2.383,7.623,0.3126,2.383,0,0,0.0,0.3126,2,10.862,0,NORMAL
2026-08-30 17:15:00,R1,6.624,10.566,0.627,6.624,0,0,0.0,0.627,3,11.755,0,NORMAL
2026-08-30 17:15:00,R2,1.92,8.222,0.2335,1.92,0,0,0.0,0.2335,2,10.071,0,NORMAL
2026-08-30 17:30:00,R1,6.584,10.94,0.6018,6.584,0,0,0.0,0.6018,3,11.353,0,NORMAL
2026-08-30 17:30:00,R2,2.334,8.168,0.2857,2.334,0,0,0.0,0.2857,2,10.137,0,NORMAL
2026-08-30 17:45:00,R1,5.916,10.587,0.5588,5.916,0,0,0.0,0.5588,3,11.732,0,NORMAL
2026-08-30 17:45:00,R2,2.586,8.199,0.3154,2.586,0,0,0.0,0.3154,2,10.098,0,NORMAL
2026-08-30 18:00:00,R1,6.045,11.549,0.5234,6.045,0,0,0.0,0.5234,3,10.754,0,NORMAL
2026-08-30 18:00:00,R2,2.309,8.286,0.2787,2.309,0,0,0.0,0.2787,2,9.993,0,NORMAL
2026-08-30 18:15:00,R1,6.501,10.676,0.609,6.501,0,0,0.0,0.609,3,11.634,0,NORMAL
2026-08-30 18:15:00,R2,2.556,8.028,0.3184,2.556,0,0,0.0,0.3184,2,10.314,0,NORMAL
2026-08-30 18:30:00,R1,6.474,10.583,0.6117,6.474,0,0,0.0,0.6117,3,11.736,0,NORMAL
2026-08-30 18:30:00,R2,3.081,8.319,0.3703,3.081,0,0,0.0,0.3703,2,9.954,0,NORMAL
2026-08-30 18:45:00,R1,5.64,7.298,0.7728,5.64,0,0,0.0,0.7728,2,11.346,0,WARNING
2026-08-30 18:45:00,R2,2.332,7.969,0.2927,2.332,0,0,0.0,0.2927,2,10.39,0,NORMAL
2026-08-30 19:00:00,R1,5.021,10.339,0.4856,5.021,0,0,0.0,0.4856,3,12.013,0,NORMAL
2026-08-30 19:00:00,R2,2.264,8.158,0.2775,2.264,0,0,0.0,0.2775,2,10.149,0,NORMAL
2026-08-30 19:15:00,R1,5.591,11.166,0.5007,5.591,0,0,0.0,0.5007,3,11.123,0,NORMAL
2026-08-30 19:15:00,R2,2.354,7.733,0.3043,2.354,0,0,0.0,0.3043,2,10.708,0,NORMAL
2026-08-30 19:30:00,R1,5.971,6.526,0.915,5.971,0,0,0.0,0.915,2,12.689,0,HIGH
2026-08-30 19:30:00,R2,2.549,8.386,0.304,2.549,0,0,0.0,0.304,2,9.874,0,NORMAL
2026-08-30 19:45:00,R1,5.401,10.936,0.4939,5.401,0,0,0.0,0.4939,3,11.357,0,NORMAL
2026-08-30 19:45:00,R2,2.494,8.176,0.305,2.494,0,0,0.0,0.305,2,10.128,0,NORMAL
2026-08-30 20:00:00,R1,6.097,10.554,0.5777,6.097,0,0,0.0,0.5777,3,11.768,0,NORMAL
2026-08-30 20:00:00,R2,2.389,8.371,0.2854,2.389,0,0,0.0,0.2854,2,9.891,0,NORMAL
2026-08-30 20:15:00,R1,5.581,10.886,0.5127,5.581,0,0,0.0,0.5127,3,11.41,0,NORMAL
2026-08-30 20:15:00,R2,2.434,8.03,0.3031,2.434,0,0,0.0,0.3031,2,10.312,0,NORMAL
2026-08-30 20:30:00,R1,5.58,10.729,0.5201,5.58,0,0,0.0,0.5201,3,11.576,0,NORMAL
2026-08-30 20:30:00,R2,2.362,7.598,0.311,2.362,0,0,0.0,0.311,2,10.898,0,NORMAL
2026-08-30 20:45:00,R1,5.808,11.263,0.5157,5.808,0,0,0.0,0.5157,3,11.028,0,NORMAL
2026-08-30 20:45:00,R2,2.626,8.045,0.3265,2.626,0,0,0.0,0.3265,2,10.293,0,NORMAL
2026-08-30 21:00:00,R1,5.327,10.765,0.4948,5.327,0,0,0.0,0.4948,3,11.537,0,NORMAL
2026-08-30 21:00:00,R2,2.821,8.515,0.3313,2.821,0,0,0.0,0.3313,2,9.725,0,NORMAL
2026-08-30 21:15:00,R1,5.375,10.542,0.5098,5.375,0,0,0.0,0.5098,3,11.781,0,NORMAL
2026-08-30 21:15:00,R2,2.502,8.453,0.296,2.502,0,0,0.0,0.296,2,9.796,0,NORMAL
2026-08-30 21:30:00,R1,5.604,10.304,0.5438,5.604,0,0,0.0,0.5438,3,12.053,0,NORMAL
2026-08-30 21:30:00,R2,3.181,8.006,0.3973,3.181,0,0,0.0,0.3973,2,10.342,0,NORMAL
2026-08-30 21:45:00,R1,5.932,11.203,0.5295,5.932,0,0,0.0,0.5295,3,11.086,0,NORMAL
2026-08-30 21:45:00,R2,2.493,8.248,0.3022,2.493,0,0,0.0,0.3022,2,10.039,0,NORMAL
2026-08-30 22:00:00,R1,4.51,10.981,0.4107,4.51,0,0,0.0,0.4107,3,11.31,0,NORMAL
2026-08-30 22:00:00,R2,1.931,8.345,0.2314,1.931,0,0,0.0,0.2314,2,9.922,0,NORMAL
2026-08-30 22:15:00,R1,4.512,10.702,0.4216,4.512,0,0,0.0,0.4216,3,11.605,0,NORMAL
2026-08-30 22:15:00,R2,2.301,8.226,0.2798,2.301,0,0,0.0,0.2798,2,10.066,0,NORMAL
2026-08-30 22:30:00,R1,4.676,10.503,0.4452,4.676,0,0,0.0,0.4452,3,11.825,0,NORMAL
2026-08-30 22:30:00,R2,2.019,8.218,0.2457,2.019,0,0,0.0,0.2457,2,10.076,0,NORMAL
2026-08-30 22:45:00,R1,4.253,9.983,0.426,4.253,0,0,0.0,0.426,3,12.441,0,NORMAL
2026-08-30 22:45:00,R2,1.678,8.216,0.2043,1.678,0,0,0.0,0.2043,2,10.078,0,NORMAL
2026-08-30 23:00:00,R1,4.267,10.77,0.3962,4.267,0,0,0.0,0.3962,3,11.532,0,NORMAL
2026-08-30 23:00:00,R2,2.099,7.763,0.2704,2.099,0,0,0.0,0.2704,2,10.666,0,NORMAL
2026-08-30 23:15:00,R1,4.47,10.55,0.4237,4.47,0,0,0.0,0.4237,3,11.772,0,NORMAL
2026-08-30 23:15:00,R2,2.525,7.667,0.3293,2.525,0,0,0.0,0.3293,2,10.799,0,NORMAL
2026-08-30 23:30:00,R1,4.037,10.543,0.3829,4.037,0,0,0.0,0.3829,3,11.78,0,NORMAL
2026-08-30 23:30:00,R2,2.612,7.742,0.3374,2.612,0,0,0.0,0.3374,2,10.695,0,NORMAL
2026-08-30 23:45:00,R1,3.975,11.39,0.349,3.975,0,0,0.0,0.349,3,10.904,0,NORMAL
2026-08-30 23:45:00,R2,2.102,8.072,0.2604,2.102,0,0,0.0,0.2604,2,10.258,0,NORMAL
2026-08-31 00:00:00,R1,5.222,7.013,0.7447,5.222,0,0,0.0,0.7447,2,11.807,0,NORMAL
2026-08-31 00:00:00,R2,2.759,7.453,0.3703,2.759,0,0,0.0,0.3703,2,11.11,0,NORMAL
2026-08-31 00:15:00,R1,5.425,11.141,0.4869,5.425,0,0,0.0,0.4869,3,11.148,0,NORMAL
2026-08-31 00:15:00,R2,2.662,8.117,0.328,2.662,0,0,0.0,0.328,2,10.201,0,NORMAL
2026-08-31 00:30:00,R1,4.929,7.79,0.6327,4.929,0,0,0.0,0.6327,2,10.628,0,NORMAL
2026-08-31 00:30:00,R2,2.482,4.29,0.5786,2.482,0,0,0.0,0.5786,1,9.65,0,NORMAL
2026-08-31 00:45:00,R1,4.954,11.225,0.4414,4.954,0,0,0.0,0.4414,3,11.065,0,NORMAL
2026-08-31 00:45:00,R2,2.313,7.89,0.2932,2.313,0,0,0.0,0.2932,2,10.494,0,NORMAL
2026-08-31 01:00:00,R1,4.843,10.894,0.4445,4.843,0,0,0.0,0.4445,3,11.4,0,NORMAL
2026-08-31 01:00:00,R2,2.437,7.832,0.3112,2.437,0,0,0.0,0.3112,2,10.572,0,NORMAL
2026-08-31 01:15:00,R1,5.855,11.384,0.5144,5.855,0,0,0.0,0.5144,3,10.91,0,NORMAL
2026-08-31 01:15:00,R2,2.899,8.942,0.3242,2.899,0,0,0.0,0.3242,2,9.26,0,NORMAL
2026-08-31 01:30:00,R1,5.771,10.892,0.5298,5.771,0,0,0.0,0.5298,3,11.403,0,NORMAL
2026-08-31 01:30:00,R2,2.799,8.163,0.3429,2.799,0,0,0.0,0.3429,2,10.143,0,NORMAL
2026-08-31 01:45:00,R1,5.435,10.607,0.5124,5.435,0,0,0.0,0.5124,3,11.709,0,NORMAL
2026-08-31 01:45:00,R2,2.633,7.888,0.3338,2.633,0,0,0.0,0.3338,2,10.497,0,NORMAL
2026-08-31 02:00:00,R1,5.197,10.426,0.4985,5.197,0,0,0.0,0.4985,3,11.913,0,NORMAL
2026-08-31 02:00:00,R2,2.268,8.276,0.274,2.268,0,0,0.0,0.274,2,10.004,0,NORMAL
2026-08-31 02:15:00,R1,4.656,10.637,0.4378,4.656,0,0,0.0,0.4378,3,11.677,0,NORMAL
2026-08-31 02:15:00,R2,2.548,7.381,0.3452,2.548,0,0,0.0,0.3452,2,11.219,0,NORMAL
2026-08-31 02:30:00,R1,5.318,10.545,0.5044,5.318,0,0,0.0,0.5044,3,11.779,0,NORMAL
2026-08-31 02:30:00,R2,2.705,7.739,0.3496,2.705,0,0,0.0,0.3496,2,10.699,0,NORMAL
2026-08-31 02:45:00,R1,5.253,10.805,0.4862,5.253,0,0,0.0,0.4862,3,11.495,0,NORMAL
2026-08-31 02:45:00,R2,2.299,8.369,0.2747,2.299,0,0,0.0,0.2747,2,9.894,0,NORMAL
2026-08-31 03:00:00,R1,4.882,10.652,0.4583,4.882,0,0,0.0,0.4583,3,11.659,0,NORMAL
2026-08-31 03:00:00,R2,2.619,7.733,0.3387,2.619,0,0,0.0,0.3387,2,10.708,0,NORMAL
2026-08-31 03:15:00,R1,4.802,10.683,0.4496,4.802,0,0,0.0,0.4496,3,11.626,0,NORMAL
2026-08-31 03:15:00,R2,2.44,8.096,0.3014,2.44,0,0,0.0,0.3014,2,10.227,0,NORMAL
2026-08-31 03:30:00,R1,5.828,11.089,0.5256,5.828,0,0,0.0,0.5256,3,11.201,0,NORMAL
2026-08-31 03:30:00,R2,2.654,8.198,0.3237,2.654,0,0,0.0,0.3237,2,10.099,0,NORMAL
2026-08-31 03:45:00,R1,5.601,10.503,0.5333,5.601,0,0,0.0,0.5333,3,11.825,0,NORMAL
2026-08-31 03:45:00,R2,2.391,8.271,0.289,2.391,0,0,0.0,0.289,2,10.011,0,NORMAL
2026-08-31 04:00:00,R1,4.486,10.546,0.4254,4.486,0,0,0.0,0.4254,3,11.776,0,NORMAL
2026-08-31 04:00:00,R2,3.093,8.148,0.3796,3.093,0,0,0.0,0.3796,2,10.162,0,NORMAL
2026-08-31 04:15:00,R1,5.14,10.576,0.486,5.14,0,0,0.0,0.486,3,11.744,0,NORMAL
2026-08-31 04:15:00,R2,2.474,4.158,0.5949,2.474,0,0,0.0,0.5949,1,9.956,0,NORMAL
2026-08-31 04:30:00,R1,6.029,10.482,0.5752,6.029,0,0,0.0,0.5752,3,11.849,0,NORMAL
2026-08-31 04:30:00,R2,2.618,7.337,0.3568,2.618,0,0,0.0,0.3568,2,11.285,0,NORMAL
2026-08-31 04:45:00,R1,5.711,11.25,0.5076,5.711,0,0,0.0,0.5076,3,11.04,0,NORMAL
2026-08-31 04:45:00,R2,2.262,7.754,0.2917,2.262,0,0,0.0,0.2917,2,10.679,0,NORMAL
2026-08-31 05:00:00,R1,5.132,10.964,0.4681,5.132,0,0,0.0,0.4681,3,11.328,0,NORMAL
2026-08-31 05:00:00,R2,2.89,8.332,0.3468,2.89,0,0,0.0,0.3468,2,9.937,0,NORMAL
2026-08-31 05:15:00,R1,5.592,11.124,0.5027,5.592,0,0,0.0,0.5027,3,11.165,0,NORMAL
2026-08-31 05:15:00,R2,2.609,7.749,0.3367,2.609,0,0,0.0,0.3367,2,10.685,0,NORMAL
2026-08-31 05:30:00,R1,5.541,10.362,0.5347,5.541,0,0,0.0,0.5347,3,11.986,0,NORMAL
2026-08-31 05:30:00,R2,2.482,8.428,0.2945,2.482,0,0,0.0,0.2945,2,9.825,0,NORMAL
2026-08-31 05:45:00,R1,5.097,10.239,0.4978,5.097,0,0,0.0,0.4978,3,12.13,0,NORMAL
2026-08-31 05:45:00,R2,2.372,7.658,0.3097,2.372,0,0,0.0,0.3097,2,10.812,0,NORMAL
2026-08-31 06:00:00,R1,6.778,10.223,0.663,6.778,0,0,0.0,0.663,3,12.149,0,NORMAL
2026-08-31 06:00:00,R2,2.923,7.788,0.3753,2.923,0,0,0.0,0.3753,2,10.632,0,NORMAL
2026-08-31 06:15:00,R1,6.459,9.895,0.6528,6.459,0,0,0.0,0.6528,3,12.552,0,NORMAL
2026-08-31 06:15:00,R2,3.142,7.6,0.4135,3.142,0,0,0.0,0.4135,2,10.895,0,NORMAL
2026-08-31 06:30:00,R1,6.908,10.218,0.6761,6.908,0,0,0.0,0.6761,3,12.155,0,NORMAL
2026-08-31 06:30:00,R2,3.482,8.508,0.4093,3.482,0,0,0.0,0.4093,2,9.732,0,NORMAL
2026-08-31 06:45:00,R1,6.291,6.743,0.9329,6.291,0,0,0.0,0.9329,2,12.279,0,HIGH
2026-08-31 06:45:00,R2,3.378,8.415,0.4014,3.378,0,0,0.0,0.4014,2,9.839,0,NORMAL
2026-08-31 07:00:00,R1,6.748,10.317,0.6541,6.748,0,0,0.0,0.6541,3,12.038,0,NORMAL
2026-08-31 07:00:00,R2,2.806,7.604,0.369,2.806,0,0,0.0,0.369,2,10.889,0,NORMAL
2026-08-31 07:15:00,R1,7.006,10.453,0.6702,7.006,0,0,0.0,0.6702,3,11.881,0,NORMAL
2026-08-31 07:15:00,R2,3.173,8.063,0.3936,3.173,0,0,0.0,0.3936,2,10.27,0,NORMAL
2026-08-31 07:30:00,R1,7.106,11.083,0.6412,7.106,0,0,0.0,0.6412,3,11.206,0,NORMAL
2026-08-31 07:30:00,R2,3.236,7.718,0.4193,3.236,0,0,0.0,0.4193,2,10.729,0,NORMAL
2026-08-31 07:45:00,R1,6.18,10.856,0.5692,6.18,0,0,0.0,0.5692,3,11.441,0,NORMAL
2026-08-31 07:45:00,R2,2.949,8.598,0.343,2.949,0,0,0.0,0.343,2,9.63,0,NORMAL
2026-08-31 08:00:00,R1,6.945,10.626,0.6536,6.945,0,0,0.0,0.6536,3,11.688,0,NORMAL
2026-08-31 08:00:00,R2,3.151,8.228,0.3829,3.151,0,0,0.0,0.3829,2,10.063,0,NORMAL
2026-08-31 08:15:00,R1,6.691,10.955,0.6108,6.691,0,0,0.0,0.6108,3,11.338,0,NORMAL
2026-08-31 08:15:00,R2,3.094,8.29,0.3733,3.094,0,0,0.0,0.3733,2,9.988,0,NORMAL
2026-08-31 08:30:00,R1,6.811,10.913,0.6241,6.811,0,0,0.0,0.6241,3,11.381,0,NORMAL
2026-08-31 08:30:00,R2,3.557,8.269,0.4301,3.557,0,0,0.0,0.4301,2,10.014,0,NORMAL
2026-08-31 08:45:00,R1,6.924,11.558,0.5991,6.924,0,0,0.0,0.5991,3,10.746,0,NORMAL
2026-08-31 08:45:00,R2,2.78,7.693,0.3614,2.78,0,0,0.0,0.3614,2,10.763,0,NORMAL
2026-08-31 09:00:00,R1,6.419,10.098,0.6356,6.419,0,0,0.0,0.6356,3,12.299,0,NORMAL
2026-08-31 09:00:00,R2,2.897,8.211,0.3528,2.897,0,0,0.0,0.3528,2,10.084,0,NORMAL
2026-08-31 09:15:00,R1,6.387,10.42,0.6129,6.387,0,0,0.0,0.6129,3,11.919,0,NORMAL
2026-08-31 09:15:00,R2,3.212,8.745,0.3674,3.212,0,0,0.0,0.3674,2,9.469,0,NORMAL
2026-08-31 09:30:00,R1,6.954,10.668,0.6519,6.954,0,0,0.0,0.6519,3,11.642,0,NORMAL
2026-08-31 09:30:00,R2,3.055,8.003,0.3817,3.055,0,0,0.0,0.3817,2,10.346,0,NORMAL
2026-08-31 09:45:00,R1,7.052,11.141,0.633,7.052,0,0,0.0,0.633,3,11.148,0,NORMAL
2026-08-31 09:45:00,R2,2.766,7.828,0.3534,2.766,0,0,0.0,0.3534,2,10.577,0,NORMAL
2026-08-31 10:00:00,R1,6.977,10.62,0.6569,6.977,0,0,0.0,0.6569,3,11.695,0,NORMAL
2026-08-31 10:00:00,R2,2.721,8.185,0.3325,2.721,0,0,0.0,0.3325,2,10.116,0,NORMAL
2026-08-31 10:15:00,R1,7.699,10.076,0.7642,7.699,0,0,0.0,0.7642,3,12.327,0,WARNING
2026-08-31 10:15:00,R2,3.07,7.844,0.3914,3.07,0,0,0.0,0.3914,2,10.556,0,NORMAL
2026-08-31 10:30:00,R1,6.473,11.036,0.5865,6.473,0,0,0.0,0.5865,3,11.254,0,NORMAL
2026-08-31 10:30:00,R2,3.13,7.555,0.4143,3.13,0,0,0.0,0.4143,2,10.96,0,NORMAL
2026-08-31 10:45:00,R1,6.96,11.203,0.6212,6.96,0,0,0.0,0.6212,3,11.086,0,NORMAL
2026-08-31 10:45:00,R2,2.828,7.974,0.3547,2.828,0,0,0.0,0.3547,2,10.383,0,NORMAL
2026-08-31 11:00:00,R1,7.129,10.63,0.6706,7.129,0,0,0.0,0.6706,3,11.684,0,NORMAL
2026-08-31 11:00:00,R2,2.921,7.98,0.366,2.921,0,0,0.0,0.366,2,10.376,0,NORMAL
2026-08-31 11:15:00,R1,7.025,10.626,0.6611,7.025,0,0,0.0,0.6611,3,11.689,0,NORMAL
2026-08-31 11:15:00,R2,2.607,8.466,0.3079,2.607,0,0,0.0,0.3079,2,9.78,0,NORMAL
2026-08-31 11:30:00,R1,6.256,10.717,0.5837,6.256,0,0,0.0,0.5837,3,11.589,0,NORMAL
2026-08-31 11:30:00,R2,2.781,7.573,0.3672,2.781,0,0,0.0,0.3672,2,10.933,0,NORMAL
2026-08-31 11:45:00,R1,6.643,10.5,0.6327,6.643,0,0,0.0,0.6327,3,11.829,0,NORMAL
2026-08-31 11:45:00,R2,2.752,8.15,0.3376,2.752,0,0,0.0,0.3376,2,10.159,0,NORMAL
2026-08-31 12:00:00,R1,7.742,10.266,0.7541,7.742,0,0,0.0,0.7541,3,12.098,0,WARNING
2026-08-31 12:00:00,R2,2.715,8.371,0.3244,2.715,0,0,0.0,0.3244,2,9.892,0,NORMAL
2026-08-31 12:15:00,R1,6.985,6.469,1.0797,6.469,0,0.516,0.0,1.0797,2,12.799,0,HIGH
2026-08-31 12:15:00,R2,2.806,7.785,0.3604,2.806,0,0,0.0,0.3604,2,10.636,0,NORMAL
2026-08-31 12:30:00,R1,7.118,11.232,0.6338,7.634,0.516,0,0.689,0.6797,3,11.058,0,NORMAL
2026-08-31 12:30:00,R2,3.184,8.349,0.3814,3.184,0,0,0.0,0.3814,2,9.918,0,NORMAL
2026-08-31 12:45:00,R1,7.121,10.913,0.6525,7.121,0,0,0.0,0.6525,3,11.38,0,NORMAL
2026-08-31 12:45:00,R2,3.218,8.163,0.3942,3.218,0,0,0.0,0.3942,2,10.143,0,NORMAL
2026-08-31 13:00:00,R1,7.351,10.125,0.7261,7.351,0,0,0.0,0.7261,3,12.267,0,NORMAL
2026-08-31 13:00:00,R2,2.473,7.867,0.3143,2.473,0,0,0.0,0.3143,2,10.525,0,NORMAL
2026-08-31 13:15:00,R1,7.377,11.281,0.6539,7.377,0,0,0.0,0.6539,3,11.009,0,NORMAL
2026-08-31 13:15:00,R2,3.179,7.785,0.4084,3.179,0,0,0.0,0.4084,2,10.635,0,NORMAL
2026-08-31 13:30:00,R1,8.062,11.188,0.7206,8.062,0,0,0.0,0.7206,3,11.101,0,NORMAL
2026-08-31 13:30:00,R2,2.883,7.935,0.3633,2.883,0,0,0.0,0.3633,2,10.435,0,NORMAL
2026-08-31 13:45:00,R1,6.757,10.076,0.6706,6.757,0,0,0.0,0.6706,3,12.326,0,NORMAL
2026-08-31 13:45:00,R2,2.859,7.648,0.3738,2.859,0,0,0.0,0.3738,2,10.827,0,NORMAL
2026-08-31 14:00:00,R1,7.919,6.099,1.2985,6.099,0,1.82,0.0,1.25,2,13.577,0,HIGH
2026-08-31 14:00:00,R2,2.664,3.987,0.6682,2.664,0,0,0.0,0.6682,1,10.383,0,NORMAL
2026-08-31 14:15:00,R1,7.552,10.088,0.7486,9.372,1.82,0,2.707,0.9291,3,12.312,0,HIGH
2026-08-31 14:15:00,R2,2.871,7.748,0.3705,2.871,0,0,0.0,0.3705,2,10.686,0,NORMAL
2026-08-31 14:30:00,R1,7.341,11.063,0.6635,7.341,0,0,0.0,0.6635,3,11.226,0,NORMAL
2026-08-31 14:30:00,R2,2.794,8.217,0.3401,2.794,0,0,0.0,0.3401,2,10.077,0,NORMAL
2026-08-31 14:45:00,R1,7.646,10.242,0.7465,7.646,0,0,0.0,0.7465,3,12.127,0,NORMAL
2026-08-31 14:45:00,R2,2.503,9.086,0.2755,2.503,0,0,0.0,0.2755,2,9.113,0,NORMAL
2026-08-31 15:00:00,R1,8.002,10.796,0.7412,8.002,0,0,0.0,0.7412,3,11.504,0,NORMAL
2026-08-31 15:00:00,R2,2.457,8.184,0.3002,2.457,0,0,0.0,0.3002,2,10.117,0,NORMAL
2026-08-31 15:15:00,R1,7.868,10.372,0.7586,7.868,0,0,0.0,0.7586,3,11.975,0,WARNING
2026-08-31 15:15:00,R2,2.692,8.018,0.3358,2.692,0,0,0.0,0.3358,2,10.327,0,NORMAL
2026-08-31 15:30:00,R1,7.278,10.595,0.6869,7.278,0,0,0.0,0.6869,3,11.723,0,NORMAL
2026-08-31 15:30:00,R2,2.801,7.859,0.3565,2.801,0,0,0.0,0.3565,2,10.536,0,NORMAL
2026-08-31 15:45:00,R1,7.01,9.954,0.7043,7.01,0,0,0.0,0.7043,3,12.477,0,NORMAL
2026-08-31 15:45:00,R2,2.538,7.445,0.3408,2.538,0,0,0.0,0.3408,2,11.122,0,NORMAL
2026-08-31 16:00:00,R1,7.414,10.964,0.6762,7.414,0,0,0.0,0.6762,3,11.328,0,NORMAL
2026-08-31 16:00:00,R2,2.892,8.243,0.3508,2.892,0,0,0.0,0.3508,2,10.045,0,NORMAL
2026-08-31 16:15:00,R1,7.416,10.548,0.7031,7.416,0,0,0.0,0.7031,3,11.774,0,NORMAL
2026-08-31 16:15:00,R2,2.688,7.926,0.3391,2.688,0,0,0.0,0.3391,2,10.446,0,NORMAL
2026-08-31 16:30:00,R1,7.508,10.527,0.7132,7.508,0,0,0.0,0.7132,3,11.799,0,NORMAL
2026-08-31 16:30:00,R2,2.549,8.114,0.3142,2.549,0,0,0.0,0.3142,2,10.205,0,NORMAL
2026-08-31 16:45:00,R1,7.313,11.09,0.6594,7.313,0,0,0.0,0.6594,3,11.199,0,NORMAL
2026-08-31 16:45:00,R2,2.61,7.906,0.3301,2.61,0,0,0.0,0.3301,2,10.473,0,NORMAL
2026-08-31 17:00:00,R1,7.659,11.138,0.6876,7.659,0,0,0.0,0.6876,3,11.151,0,NORMAL
2026-08-31 17:00:00,R2,3.019,8.635,0.3497,3.019,0,0,0.0,0.3497,2,9.589,0,NORMAL
2026-08-31 17:15:00,R1,7.175,10.71,0.67,7.175,0,0,0.0,0.67,3,11.597,0,NORMAL
2026-08-31 17:15:00,R2,2.748,7.956,0.3453,2.748,0,0,0.0,0.3453,2,10.407,0,NORMAL
2026-08-31 17:30:00,R1,6.689,10.366,0.6453,6.689,0,0,0.0,0.6453,3,11.982,0,NORMAL
2026-08-31 17:30:00,R2,2.904,8.539,0.34,2.904,0,0,0.0,0.34,2,9.697,0,NORMAL
2026-08-31 17:45:00,R1,7.384,10.733,0.688,7.384,0,0,0.0,0.688,3,11.572,0,NORMAL
2026-08-31 17:45:00,R2,3.218,8.339,0.3859,3.218,0,0,0.0,0.3859,2,9.929,0,NORMAL
2026-08-31 18:00:00,R1,8.091,10.425,0.7762,8.091,0,0,0.0,0.7762,3,11.914,0,WARNING
2026-08-31 18:00:00,R2,2.828,7.791,0.363,2.828,0,0,0.0,0.363,2,10.628,0,NORMAL
2026-08-31 18:15:00,R1,7.267,10.603,0.6854,7.267,0,0,0.0,0.6854,3,11.714,0,NORMAL
2026-08-31 18:15:00,R2,3.17,8.432,0.3759,3.17,0,0,0.0,0.3759,2,9.82,0,NORMAL
2026-08-31 18:30:00,R1,6.545,10.447,0.6264,6.545,0,0,0.0,0.6264,3,11.888,0,NORMAL
2026-08-31 18:30:00,R2,2.83,8.013,0.3532,2.83,0,0,0.0,0.3532,2,10.334,0,NORMAL
2026-08-31 18:45:00,R1,7.756,10.354,0.7491,7.756,0,0,0.0,0.7491,3,11.995,0,NORMAL
2026-08-31 18:45:00,R2,2.795,8.4,0.3328,2.795,0,0,0.0,0.3328,2,9.857,0,NORMAL
2026-08-31 19:00:00,R1,5.966,11.391,0.5238,5.966,0,0,0.0,0.5238,3,10.904,0,NORMAL
2026-08-31 19:00:00,R2,3.034,8.13,0.3732,3.034,0,0,0.0,0.3732,2,10.184,0,NORMAL
2026-08-31 19:15:00,R1,6.298,10.771,0.5847,6.298,0,0,0.0,0.5847,3,11.531,0,NORMAL
2026-08-31 19:15:00,R2,3.088,8.681,0.3558,3.088,0,0,0.0,0.3558,2,9.538,0,NORMAL
2026-08-31 19:30:00,R1,7.067,6.298,1.1221,6.298,0,0.769,0.0,1.1221,2,13.147,0,HIGH
2026-08-31 19:30:00,R2,2.818,8.178,0.3445,2.818,0,0,0.0,0.3445,2,10.125,0,NORMAL
2026-08-31 19:45:00,R1,7.308,10.169,0.7187,8.077,0.769,0,1.134,0.7943,3,12.213,0,WARNING
2026-08-31 19:45:00,R2,2.643,7.924,0.3335,2.643,0,0,0.0,0.3335,2,10.45,0,NORMAL
2026-08-31 20:00:00,R1,7.07,10.927,0.647,7.07,0,0,0.0,0.647,3,11.366,0,NORMAL
2026-08-31 20:00:00,R2,3.066,7.849,0.3907,3.066,0,0,0.0,0.3907,2,10.549,0,NORMAL
2026-08-31 20:15:00,R1,7.684,11.264,0.6822,7.684,0,0,0.0,0.6822,3,11.027,0,NORMAL
2026-08-31 20:15:00,R2,2.95,8.247,0.3577,2.95,0,0,0.0,0.3577,2,10.04,0,NORMAL
2026-08-31 20:30:00,R1,7.515,10.107,0.7435,7.515,0,0,0.0,0.7435,3,12.288,0,NORMAL
2026-08-31 20:30:00,R2,3.216,4.154,0.7743,3.216,0,0,0.0,0.7743,1,9.966,0,WARNING
2026-08-31 20:45:00,R1,6.667,10.783,0.6183,6.667,0,0,0.0,0.6183,3,11.518,0,NORMAL
2026-08-31 20:45:00,R2,2.621,8.216,0.319,2.621,0,0,0.0,0.319,2,10.078,0,NORMAL
2026-08-31 21:00:00,R1,7.069,10.72,0.6594,7.069,0,0,0.0,0.6594,3,11.586,0,NORMAL
2026-08-31 21:00:00,R2,2.996,7.932,0.3777,2.996,0,0,0.0,0.3777,2,10.439,0,NORMAL
2026-08-31 21:15:00,R1,7.54,11.04,0.6829,7.54,0,0,0.0,0.6829,3,11.25,0,NORMAL
2026-08-31 21:15:00,R2,2.727,8.205,0.3323,2.727,0,0,0.0,0.3323,2,10.091,0,NORMAL
2026-08-31 21:30:00,R1,7.126,11.149,0.6392,7.126,0,0,0.0,0.6392,3,11.14,0,NORMAL
2026-08-31 21:30:00,R2,3.189,4.204,0.7586,3.189,0,0,0.0,0.7586,1,9.847,0,WARNING
2026-08-31 21:45:00,R1,7.72,10.589,0.7291,7.72,0,0,0.0,0.7291,3,11.729,0,NORMAL
2026-08-31 21:45:00,R2,2.714,7.922,0.3426,2.714,0,0,0.0,0.3426,2,10.452,0,NORMAL
2026-08-31 22:00:00,R1,4.673,10.537,0.4435,4.673,0,0,0.0,0.4435,3,11.787,0,NORMAL
2026-08-31 22:00:00,R2,2.632,7.897,0.3332,2.632,0,0,0.0,0.3332,2,10.485,0,NORMAL
2026-08-31 22:15:00,R1,4.951,10.655,0.4647,4.951,0,0,0.0,0.4647,3,11.657,0,NORMAL
2026-08-31 22:15:00,R2,2.111,7.802,0.2706,2.111,0,0,0.0,0.2706,2,10.612,0,NORMAL
2026-08-31 22:30:00,R1,5.182,11.207,0.4624,5.182,0,0,0.0,0.4624,3,11.083,0,NORMAL
2026-08-31 22:30:00,R2,2.546,8.036,0.3169,2.546,0,0,0.0,0.3169,2,10.303,0,NORMAL
2026-08-31 22:45:00,R1,5.744,10.445,0.5499,5.744,0,0,0.0,0.5499,3,11.891,0,NORMAL
2026-08-31 22:45:00,R2,2.607,8.304,0.314,2.607,0,0,0.0,0.314,2,9.972,0,NORMAL
2026-08-31 23:00:00,R1,5.386,10.969,0.491,5.386,0,0,0.0,0.491,3,11.323,0,NORMAL
2026-08-31 23:00:00,R2,2.486,7.954,0.3125,2.486,0,0,0.0,0.3125,2,10.41,0,NORMAL
2026-08-31 23:15:00,R1,5.909,10.832,0.5456,5.909,0,0,0.0,0.5456,3,11.466,0,NORMAL
2026-08-31 23:15:00,R2,2.506,7.115,0.3523,2.506,0,0,0.0,0.3523,2,11.638,0,NORMAL
2026-08-31 23:30:00,R1,5.467,11.039,0.4952,5.467,0,0,0.0,0.4952,3,11.251,0,NORMAL
2026-08-31 23:30:00,R2,2.456,8.272,0.2969,2.456,0,0,0.0,0.2969,2,10.009,0,NORMAL
2026-08-31 23:45:00,R1,4.92,9.91,0.4965,4.92,0,0,0.0,0.4965,3,12.533,0,NORMAL
2026-08-31 23:45:00,R2,2.556,7.925,0.3226,2.556,0,0,0.0,0.3226,2,10.449,0,NORMAL
2026-09-01 00:00:00,R1,4.976,10.933,0.4551,4.976,0,0,0.0,0.4551,3,11.36,0,NORMAL
2026-09-01 00:00:00,R2,2.22,8.13,0.2731,2.22,0,0,0.0,0.2731,2,10.184,0,NORMAL
2026-09-01 00:15:00,R1,5.67,10.82,0.524,5.67,0,0,0.0,0.524,3,11.479,0,NORMAL
2026-09-01 00:15:00,R2,2.617,7.766,0.337,2.617,0,0,0.0,0.337,2,10.662,0,NORMAL
2026-09-01 00:30:00,R1,5.147,10.116,0.5088,5.147,0,0,0.0,0.5088,3,12.278,0,NORMAL
2026-09-01 00:30:00,R2,2.226,8.347,0.2667,2.226,0,0,0.0,0.2667,2,9.919,0,NORMAL
2026-09-01 00:45:00,R1,4.849,10.755,0.4509,4.849,0,0,0.0,0.4509,3,11.548,0,NORMAL
2026-09-01 00:45:00,R2,2.62,8.06,0.325,2.62,0,0,0.0,0.325,2,10.273,0,NORMAL
2026-09-01 01:00:00,R1,5.031,11.022,0.4565,5.031,0,0,0.0,0.4565,3,11.269,0,NORMAL
2026-09-01 01:00:00,R2,2.681,8.237,0.3254,2.681,0,0,0.0,0.3254,2,10.052,0,NORMAL
2026-09-01 01:15:00,R1,5.283,6.855,0.7707,5.283,0,0,0.0,0.7707,2,12.079,0,WARNING
2026-09-01 01:15:00,R2,3.128,8.65,0.3616,3.128,0,0,0.0,0.3616,2,9.572,0,NORMAL
2026-09-01 01:30:00,R1,4.934,10.224,0.4826,4.934,0,0,0.0,0.4826,3,12.148,0,NORMAL
2026-09-01 01:30:00,R2,2.555,7.792,0.3279,2.555,0,0,0.0,0.3279,2,10.626,0,NORMAL
2026-09-01 01:45:00,R1,4.864,11.527,0.422,4.864,0,0,0.0,0.422,3,10.774,0,NORMAL
2026-09-01 01:45:00,R2,2.245,7.753,0.2896,2.245,0,0,0.0,0.2896,2,10.68,0,NORMAL
2026-09-01 02:00:00,R1,5.42,10.33,0.5247,5.42,0,0,0.0,0.5247,3,12.023,0,NORMAL
2026-09-01 02:00:00,R2,2.833,7.646,0.3705,2.833,0,0,0.0,0.3705,2,10.829,0,NORMAL
2026-09-01 02:15:00,R1,5.591,10.898,0.513,5.591,0,0,0.0,0.513,3,11.397,0,NORMAL
2026-09-01 02:15:00,R2,2.952,7.729,0.382,2.952,0,0,0.0,0.382,2,10.713,0,NORMAL
2026-09-01 02:30:00,R1,5.322,10.486,0.5076,5.322,0,0,0.0,0.5076,3,11.845,0,NORMAL
2026-09-01 02:30:00,R2,2.692,7.602,0.3541,2.692,0,0,0.0,0.3541,2,10.891,0,NORMAL
2026-09-01 02:45:00,R1,5.223,10.894,0.4794,5.223,0,0,0.0,0.4794,3,11.4,0,NORMAL
2026-09-01 02:45:00,R2,2.432,7.5,0.3242,2.432,0,0,0.0,0.3242,2,11.039,0,NORMAL
2026-09-01 03:00:00,R1,5.313,11.341,0.4684,5.313,0,0,0.0,0.4684,3,10.951,0,NORMAL
2026-09-01 03:00:00,R2,2.318,7.758,0.2987,2.318,0,0,0.0,0.2987,2,10.673,0,NORMAL
2026-09-01 03:15:00,R1,5.712,10.69,0.5343,5.712,0,0,0.0,0.5343,3,11.618,0,NORMAL
2026-09-01 03:15:00,R2,2.563,7.711,0.3323,2.563,0,0,0.0,0.3323,2,10.738,0,NORMAL
2026-09-01 03:30:00,R1,4.962,10.961,0.4527,4.962,0,0,0.0,0.4527,3,11.332,0,NORMAL
2026-09-01 03:30:00,R2,2.615,8.082,0.3236,2.615,0,0,0.0,0.3236,2,10.245,0,NORMAL
2026-09-01 03:45:00,R1,5.654,10.693,0.5288,5.654,0,0,0.0,0.5288,3,11.615,0,NORMAL
2026-09-01 03:45:00,R2,2.629,7.867,0.3342,2.629,0,0,0.0,0.3342,2,10.525,0,NORMAL
2026-09-01 04:00:00,R1,5.179,10.235,0.506,5.179,0,0,0.0,0.506,3,12.135,0,NORMAL
2026-09-01 04:00:00,R2,3.087,7.978,0.3869,3.087,0,0,0.0,0.3869,2,10.378,0,NORMAL
2026-09-01 04:15:00,R1,5.551,10.893,0.5096,5.551,0,0,0.0,0.5096,3,11.402,0,NORMAL
2026-09-01 04:15:00,R2,2.503,3.875,0.6457,2.503,0,0,0.0,0.6457,1,10.683,0,NORMAL
2026-09-01 04:30:00,R1,4.93,11.512,0.4282,4.93,0,0,0.0,0.4282,3,10.788,0,NORMAL
2026-09-01 04:30:00,R2,2.29,8.06,0.2842,2.29,0,0,0.0,0.2842,2,10.273,0,NORMAL
2026-09-01 04:45:00,R1,5.37,10.882,0.4934,5.37,0,0,0.0,0.4934,3,11.413,0,NORMAL
2026-09-01 04:45:00,R2,2.693,8.029,0.3354,2.693,0,0,0.0,0.3354,2,10.312,0,NORMAL
2026-09-01 05:00:00,R1,5.226,10.512,0.4971,5.226,0,0,0.0,0.4971,3,11.816,0,NORMAL
2026-09-01 05:00:00,R2,2.497,8.016,0.3115,2.497,0,0,0.0,0.3115,2,10.33,0,NORMAL
2026-09-01 05:15:00,R1,5.552,11.076,0.5013,5.552,0,0,0.0,0.5013,3,11.214,0,NORMAL
2026-09-01 05:15:00,R2,2.403,7.754,0.3099,2.403,0,0,0.0,0.3099,2,10.678,0,NORMAL
2026-09-01 05:30:00,R1,5.415,7.409,0.7309,5.415,0,0,0.0,0.7309,2,11.176,0,NORMAL
2026-09-01 05:30:00,R2,2.569,7.941,0.3235,2.569,0,0,0.0,0.3235,2,10.428,0,NORMAL
2026-09-01 05:45:00,R1,5.99,10.843,0.5524,5.99,0,0,0.0,0.5524,3,11.455,0,NORMAL
2026-09-01 05:45:00,R2,2.443,8.272,0.2954,2.443,0,0,0.0,0.2954,2,10.009,0,NORMAL
2026-09-01 06:00:00,R1,6.43,11.255,0.5713,6.43,0,0,0.0,0.5713,3,11.035,0,NORMAL
2026-09-01 06:00:00,R2,3.221,8.123,0.3965,3.221,0,0,0.0,0.3965,2,10.194,0,NORMAL
2026-09-01 06:15:00,R1,6.322,11.092,0.57,6.322,0,0,0.0,0.57,3,11.198,0,NORMAL
2026-09-01 06:15:00,R2,3.334,7.836,0.4255,3.334,0,0,0.0,0.4255,2,10.567,0,NORMAL
2026-09-01 06:30:00,R1,6.863,10.582,0.6485,6.863,0,0,0.0,0.6485,3,11.737,0,NORMAL
2026-09-01 06:30:00,R2,2.954,8.325,0.3549,2.954,0,0,0.0,0.3549,2,9.946,0,NORMAL
2026-09-01 06:45:00,R1,6.859,10.794,0.6354,6.859,0,0,0.0,0.6354,3,11.507,0,NORMAL
2026-09-01 06:45:00,R2,3.524,7.557,0.4663,3.524,0,0,0.0,0.4663,2,10.957,0,NORMAL
2026-09-01 07:00:00,R1,7.443,10.823,0.6877,7.443,0,0,0.0,0.6877,3,11.475,0,NORMAL
2026-09-01 07:00:00,R2,3.08,8.362,0.3684,3.08,0,0,0.0,0.3684,2,9.902,0,NORMAL
2026-09-01 07:15:00,R1,6.735,10.789,0.6243,6.735,0,0,0.0,0.6243,3,11.512,0,NORMAL
2026-09-01 07:15:00,R2,3.104,3.962,0.7836,3.104,0,0,0.0,0.7836,1,10.45,0,WARNING
2026-09-01 07:30:00,R1,7.026,10.108,0.6951,7.026,0,0,0.0,0.6951,3,12.287,0,NORMAL
2026-09-01 07:30:00,R2,3.099,8.322,0.3724,3.099,0,0,0.0,0.3724,2,9.949,0,NORMAL
2026-09-01 07:45:00,R1,7.209,10.83,0.6657,7.209,0,0,0.0,0.6657,3,11.469,0,NORMAL
2026-09-01 07:45:00,R2,2.982,8.076,0.3693,2.982,0,0,0.0,0.3693,2,10.253,0,NORMAL
2026-09-01 08:00:00,R1,6.587,11.115,0.5926,6.587,0,0,0.0,0.5926,3,11.175,0,NORMAL
2026-09-01 08:00:00,R2,3.337,7.925,0.421,3.337,0,0,0.0,0.421,2,10.448,0,NORMAL
2026-09-01 08:15:00,R1,6.945,10.993,0.6317,6.945,0,0,0.0,0.6317,3,11.298,0,NORMAL
2026-09-01 08:15:00,R2,2.941,8.061,0.3649,2.941,0,0,0.0,0.3649,2,10.272,0,NORMAL
2026-09-01 08:30:00,R1,6.786,6.758,1.0043,6.758,0,0.029,0.0,1.0043,2,12.253,0,HIGH
2026-09-01 08:30:00,R2,2.923,7.649,0.3821,2.923,0,0,0.0,0.3821,2,10.825,0,NORMAL
2026-09-01 08:45:00,R1,6.763,10.618,0.637,6.792,0.029,0,0.041,0.6397,3,11.697,0,NORMAL
2026-09-01 08:45:00,R2,3.285,4.067,0.8079,3.285,0,0,0.0,0.8079,1,10.18,0,WARNING
2026-09-01 09:00:00,R1,6.495,10.341,0.6281,6.495,0,0,0.0,0.6281,3,12.011,0,NORMAL
2026-09-01 09:00:00,R2,2.92,8.314,0.3513,2.92,0,0,0.0,0.3513,2,9.959,0,NORMAL
2026-09-01 09:15:00,R1,7.343,10.586,0.6937,7.343,0,0,0.0,0.6937,3,11.733,0,NORMAL
2026-09-01 09:15:00,R2,3.019,7.907,0.3818,3.019,0,0,0.0,0.3818,2,10.472,0,NORMAL
2026-09-01 09:30:00,R1,7.39,10.677,0.6922,7.39,0,0,0.0,0.6922,3,11.632,0,NORMAL
2026-09-01 09:30:00,R2,3.17,7.854,0.4036,3.17,0,0,0.0,0.4036,2,10.543,0,NORMAL
2026-09-01 09:45:00,R1,7.082,10.582,0.6692,7.082,0,0,0.0,0.6692,3,11.736,0,NORMAL
2026-09-01 09:45:00,R2,2.897,8.358,0.3466,2.897,0,0,0.0,0.3466,2,9.907,0,NORMAL
2026-09-01 10:00:00,R1,6.465,10.641,0.6076,6.465,0,0,0.0,0.6076,3,11.671,0,NORMAL
2026-09-01 10:00:00,R2,2.68,8.616,0.3111,2.68,0,0,0.0,0.3111,2,9.611,0,NORMAL
2026-09-01 10:15:00,R1,7.006,11.355,0.617,7.006,0,0,0.0,0.617,3,10.938,0,NORMAL
2026-09-01 10:15:00,R2,2.66,8.339,0.319,2.66,0,0,0.0,0.319,2,9.929,0,NORMAL
2026-09-01 10:30:00,R1,6.819,11.086,0.6151,6.819,0,0,0.0,0.6151,3,11.203,0,NORMAL
2026-09-01 10:30:00,R2,2.996,8.378,0.3576,2.996,0,0,0.0,0.3576,2,9.883,0,NORMAL
2026-09-01 10:45:00,R1,7.079,10.601,0.6677,7.079,0,0,0.0,0.6677,3,11.715,0,NORMAL
2026-09-01 10:45:00,R2,2.829,7.97,0.355,2.829,0,0,0.0,0.355,2,10.389,0,NORMAL
2026-09-01 11:00:00,R1,6.819,11.163,0.6109,6.819,0,0,0.0,0.6109,3,11.126,0,NORMAL
2026-09-01 11:00:00,R2,2.48,7.593,0.3266,2.48,0,0,0.0,0.3266,2,10.905,0,NORMAL
2026-09-01 11:15:00,R1,6.702,11.093,0.6042,6.702,0,0,0.0,0.6042,3,11.196,0,NORMAL
2026-09-01 11:15:00,R2,3.01,7.913,0.3804,3.01,0,0,0.0,0.3804,2,10.464,0,NORMAL
2026-09-01 11:30:00,R1,6.243,10.672,0.585,6.243,0,0,0.0,0.585,3,11.637,0,NORMAL
2026-09-01 11:30:00,R2,3.126,8.596,0.3637,3.126,0,0,0.0,0.3637,2,9.633,0,NORMAL
2026-09-01 11:45:00,R1,6.314,10.752,0.5872,6.314,0,0,0.0,0.5872,3,11.551,0,NORMAL
2026-09-01 11:45:00,R2,3.012,8.171,0.3686,3.012,0,0,0.0,0.3686,2,10.133,0,NORMAL
2026-09-01 12:00:00,R1,7.148,6.687,1.069,6.687,0,0.462,0.0,1.069,2,12.383,0,HIGH
2026-09-01 12:00:00,R2,3.09,8.058,0.3835,3.09,0,0,0.0,0.3835,2,10.275,0,NORMAL
2026-09-01 12:15:00,R1,7.072,10.522,0.6721,7.533,0.462,0,0.658,0.7159,3,11.804,0,NORMAL
2026-09-01 12:15:00,R2,2.899,8.611,0.3367,2.899,0,0,0.0,0.3367,2,9.615,0,NORMAL
2026-09-01 12:30:00,R1,6.706,10.745,0.6241,6.706,0,0,0.0,0.6241,3,11.558,0,NORMAL
2026-09-01 12:30:00,R2,3.259,8.234,0.3958,3.259,0,0,0.0,0.3958,2,10.055,0,NORMAL
2026-09-01 12:45:00,R1,6.96,11.14,0.6248,6.96,0,0,0.0,0.6248,3,11.149,0,NORMAL
2026-09-01 12:45:00,R2,3.276,8.183,0.4003,3.276,0,0,0.0,0.4003,2,10.118,0,NORMAL
2026-09-01 13:00:00,R1,7.201,10.566,0.6815,7.201,0,0,0.0,0.6815,3,11.754,0,NORMAL
2026-09-01 13:00:00,R2,2.844,8.481,0.3354,2.844,0,0,0.0,0.3354,2,9.763,0,NORMAL
2026-09-01 13:15:00,R1,6.395,10.986,0.5822,6.395,0,0,0.0,0.5822,3,11.306,0,NORMAL
2026-09-01 13:15:00,R2,3.08,8.311,0.3705,3.08,0,0,0.0,0.3705,2,9.962,0,NORMAL
2026-09-01 13:30:00,R1,7.308,9.935,0.7356,7.308,0,0,0.0,0.7356,3,12.502,0,NORMAL
2026-09-01 13:30:00,R2,2.829,7.825,0.3616,2.829,0,0,0.0,0.3616,2,10.581,0,NORMAL
2026-09-01 13:45:00,R1,7.399,10.96,0.6751,7.399,0,0,0.0,0.6751,3,11.332,0,NORMAL
2026-09-01 13:45:00,R2,2.94,7.779,0.3779,2.94,0,0,0.0,0.3779,2,10.644,0,NORMAL
2026-09-01 14:00:00,R1,7.508,10.228,0.7341,7.508,0,0,0.0,0.7341,3,12.144,0,NORMAL
2026-09-01 14:00:00,R2,2.538,7.906,0.321,2.538,0,0,0.0,0.321,2,10.473,0,NORMAL
2026-09-01 14:15:00,R1,7.149,10.704,0.6679,7.149,0,0,0.0,0.6679,3,11.603,0,NORMAL
2026-09-01 14:15:00,R2,2.809,7.864,0.3572,2.809,0,0,0.0,0.3572,2,10.529,0,NORMAL
2026-09-01 14:30:00,R1,7.321,11.159,0.6561,7.321,0,0,0.0,0.6561,3,11.13,0,NORMAL
2026-09-01 14:30:00,R2,2.139,8.088,0.2645,2.139,0,0,0.0,0.2645,2,10.238,0,NORMAL
2026-09-01 14:45:00,R1,7.816,10.468,0.7467,7.816,0,0,0.0,0.7467,3,11.865,0,NORMAL
2026-09-01 14:45:00,R2,3.07,7.613,0.4033,3.07,0,0,0.0,0.4033,2,10.876,0,NORMAL
2026-09-01 15:00:00,R1,7.652,10.392,0.7363,7.652,0,0,0.0,0.7363,3,11.951,0,NORMAL
2026-09-01 15:00:00,R2,3.353,8.129,0.4125,3.353,0,0,0.0,0.4125,2,10.186,0,NORMAL
2026-09-01 15:15:00,R1,7.95,11.228,0.7081,7.95,0,0,0.0,0.7081,3,11.062,0,NORMAL
2026-09-01 15:15:00,R2,3.205,8.506,0.3768,3.205,0,0,0.0,0.3768,2,9.734,0,NORMAL
2026-09-01 15:30:00,R1,7.156,10.463,0.6839,7.156,0,0,0.0,0.6839,3,11.871,0,NORMAL
2026-09-01 15:30:00,R2,2.945,8.009,0.3677,2.945,0,0,0.0,0.3677,2,10.338,0,NORMAL
2026-09-01 15:45:00,R1,7.1,10.5,0.6762,7.1,0,0,0.0,0.6762,3,11.828,0,NORMAL
2026-09-01 15:45:00,R2,2.633,8.781,0.2999,2.633,0,0,0.0,0.2999,2,9.429,0,NORMAL
2026-09-01 16:00:00,R1,7.436,10.734,0.6927,7.436,0,0,0.0,0.6927,3,11.57,0,NORMAL
2026-09-01 16:00:00,R2,2.497,7.751,0.3221,2.497,0,0,0.0,0.3221,2,10.682,0,NORMAL
2026-09-01 16:15:00,R1,7.837,10.609,0.7387,7.837,0,0,0.0,0.7387,3,11.707,0,NORMAL
2026-09-01 16:15:00,R2,2.738,3.829,0.715,2.738,0,0,0.0,0.715,1,10.813,0,NORMAL
2026-09-01 16:30:00,R1,7.661,11.082,0.6913,7.661,0,0,0.0,0.6913,3,11.207,0,NORMAL
2026-09-01 16:30:00,R2,2.682,7.971,0.3365,2.682,0,0,0.0,0.3365,2,10.388,0,NORMAL
2026-09-01 16:45:00,R1,7.23,10.769,0.6714,7.23,0,0,0.0,0.6714,3,11.533,0,NORMAL
2026-09-01 16:45:00,R2,3.13,7.832,0.3997,3.13,0,0,0.0,0.3997,2,10.572,0,NORMAL
2026-09-01 17:00:00,R1,7.74,10.352,0.7477,7.74,0,0,0.0,0.7477,3,11.998,0,NORMAL
2026-09-01 17:00:00,R2,2.95,8.074,0.3654,2.95,0,0,0.0,0.3654,2,10.255,0,NORMAL
2026-09-01 17:15:00,R1,7.906,10.996,0.719,7.906,0,0,0.0,0.719,3,11.295,0,NORMAL
2026-09-01 17:15:00,R2,2.708,8.294,0.3265,2.708,0,0,0.0,0.3265,2,9.984,0,NORMAL
2026-09-01 17:30:00,R1,7.279,6.319,1.1519,6.319,0,0.96,0.0,1.1519,2,13.104,0,HIGH
2026-09-01 17:30:00,R2,3.063,8.365,0.3662,3.063,0,0,0.0,0.3662,2,9.898,0,NORMAL
2026-09-01 17:45:00,R1,7.343,10.144,0.7239,8.303,0.96,0,1.42,0.8185,3,12.244,0,WARNING
2026-09-01 17:45:00,R2,2.716,8.276,0.3282,2.716,0,0,0.0,0.3282,2,10.005,0,NORMAL
2026-09-01 18:00:00,R1,10.328,9.75,1.0592,9.75,0,0.577,0.0,1.0592,3,12.738,0,HIGH
2026-09-01 18:00:00,R2,2.629,8.296,0.3169,2.629,0,0,0.0,0.3169,2,9.98,0,NORMAL
2026-09-01 18:15:00,R1,10.477,9.362,1.1191,9.362,0.577,1.692,0.925,1.1808,3,13.266,0,HIGH
2026-09-01 18:15:00,R2,2.4,8.06,0.2978,2.4,0,0,0.0,0.2978,2,10.273,0,NORMAL
2026-09-01 18:30:00,R1,6.927,10.482,0.6609,8.619,1.692,0,2.422,0.8223,3,11.849,0,WARNING
2026-09-01 18:30:00,R2,2.577,8.444,0.3052,2.577,0,0,0.0,0.3052,2,9.806,0,NORMAL
2026-09-01 18:45:00,R1,7.474,10.919,0.6845,7.474,0,0,0.0,0.6845,3,11.374,0,NORMAL
2026-09-01 18:45:00,R2,2.551,7.893,0.3232,2.551,0,0,0.0,0.3232,2,10.49,0,NORMAL
2026-09-01 19:00:00,R1,6.194,10.922,0.5671,6.194,0,0,0.0,0.5671,3,11.372,0,NORMAL
2026-09-01 19:00:00,R2,3.243,8.134,0.3987,3.243,0,0,0.0,0.3987,2,10.18,0,NORMAL
2026-09-01 19:15:00,R1,6.031,10.777,0.5596,6.031,0,0,0.0,0.5596,3,11.524,0,NORMAL
2026-09-01 19:15:00,R2,2.556,8.456,0.3022,2.556,0,0,0.0,0.3022,2,9.792,0,NORMAL
2026-09-01 19:30:00,R1,7.315,6.413,1.1407,6.413,0,0.902,0.0,1.1407,2,12.911,0,HIGH
2026-09-01 19:30:00,R2,2.816,7.888,0.3569,2.816,0,0,0.0,0.3569,2,10.497,0,NORMAL
2026-09-01 19:45:00,R1,6.799,11.111,0.6119,7.701,0.902,0,1.218,0.6931,3,11.178,0,NORMAL
2026-09-01 19:45:00,R2,2.87,7.482,0.3836,2.87,0,0,0.0,0.3836,2,11.067,0,NORMAL
2026-09-01 20:00:00,R1,7.443,10.271,0.7247,7.443,0,0,0.0,0.7247,3,12.092,0,NORMAL
2026-09-01 20:00:00,R2,2.614,8.095,0.3229,2.614,0,0,0.0,0.3229,2,10.229,0,NORMAL
2026-09-01 20:15:00,R1,6.95,11.077,0.6274,6.95,0,0,0.0,0.6274,3,11.213,0,NORMAL
2026-09-01 20:15:00,R2,3.207,8.492,0.3776,3.207,0,0,0.0,0.3776,2,9.75,0,NORMAL
2026-09-01 20:30:00,R1,7.152,10.857,0.6588,7.152,0,0,0.0,0.6588,3,11.44,0,NORMAL
2026-09-01 20:30:00,R2,3.175,7.194,0.4414,3.175,0,0,0.0,0.4414,2,11.509,0,NORMAL
2026-09-01 20:45:00,R1,6.283,11.031,0.5696,6.283,0,0,0.0,0.5696,3,11.259,0,NORMAL
2026-09-01 20:45:00,R2,3.155,8.364,0.3772,3.155,0,0,0.0,0.3772,2,9.9,0,NORMAL
2026-09-01 21:00:00,R1,6.615,11.704,0.5652,6.615,0,0,0.0,0.5652,3,10.612,0,NORMAL
2026-09-01 21:00:00,R2,2.705,8.413,0.3215,2.705,0,0,0.0,0.3215,2,9.842,0,NORMAL
2026-09-01 21:15:00,R1,7.196,10.391,0.6925,7.196,0,0,0.0,0.6925,3,11.953,0,NORMAL
2026-09-01 21:15:00,R2,2.924,8.233,0.3551,2.924,0,0,0.0,0.3551,2,10.057,0,NORMAL
2026-09-01 21:30:00,R1,6.441,11.289,0.5706,6.441,0,0,0.0,0.5706,3,11.002,0,NORMAL
2026-09-01 21:30:00,R2,2.79,7.937,0.3516,2.79,0,0,0.0,0.3516,2,10.432,0,NORMAL
2026-09-01 21:45:00,R1,7.113,10.237,0.6948,7.113,0,0,0.0,0.6948,3,12.132,0,NORMAL
2026-09-01 21:45:00,R2,2.941,7.213,0.4078,2.941,0,0,0.0,0.4078,2,11.479,0,NORMAL
2026-09-01 22:00:00,R1,5.295,11.093,0.4773,5.295,0,0,0.0,0.4773,3,11.196,0,NORMAL
2026-09-01 22:00:00,R2,2.422,8.784,0.2758,2.422,0,0,0.0,0.2758,2,9.427,0,NORMAL
2026-09-01 22:15:00,R1,5.394,10.407,0.5183,5.394,0,0,0.0,0.5183,3,11.934,0,NORMAL
2026-09-01 22:15:00,R2,2.356,8.356,0.282,2.356,0,0,0.0,0.282,2,9.909,0,NORMAL
2026-09-01 22:30:00,R1,6.242,10.596,0.5891,6.242,0,0,0.0,0.5891,3,11.721,0,NORMAL
2026-09-01 22:30:00,R2,2.243,8.541,0.2626,2.243,0,0,0.0,0.2626,2,9.694,0,NORMAL
2026-09-01 22:45:00,R1,4.399,10.576,0.4159,4.399,0,0,0.0,0.4159,3,11.743,0,NORMAL
2026-09-01 22:45:00,R2,2.087,8.382,0.249,2.087,0,0,0.0,0.249,2,9.879,0,NORMAL
2026-09-01 23:00:00,R1,5.42,10.689,0.507,5.42,0,0,0.0,0.507,3,11.62,0,NORMAL
2026-09-01 23:00:00,R2,2.591,7.882,0.3287,2.591,0,0,0.0,0.3287,2,10.506,0,NORMAL
2026-09-01 23:15:00,R1,5.54,10.209,0.5427,5.54,0,0,0.0,0.5427,3,12.166,0,NORMAL
2026-09-01 23:15:00,R2,2.527,8.082,0.3126,2.527,0,0,0.0,0.3126,2,10.244,0,NORMAL
2026-09-01 23:30:00,R1,5.453,6.772,0.8053,5.453,0,0,0.0,0.8053,2,12.227,0,WARNING
2026-09-01 23:30:00,R2,2.5,7.676,0.3257,2.5,0,0,0.0,0.3257,2,10.787,0,NORMAL
2026-09-01 23:45:00,R1,5.518,10.183,0.5419,5.518,0,0,0.0,0.5419,3,12.197,0,NORMAL
2026-09-01 23:45:00,R2,2.192,8.413,0.2606,2.192,0,0,0.0,0.2606,2,9.841,0,NORMAL
2026-09-02 00:00:00,R1,5.093,11.239,0.4531,5.093,0,0,0.0,0.4531,3,11.05,0,NORMAL
2026-09-02 00:00:00,R2,2.379,8.478,0.2806,2.379,0,0,0.0,0.2806,2,9.766,0,NORMAL
2026-09-02 00:15:00,R1,5.075,10.908,0.4653,5.075,0,0,0.0,0.4653,3,11.386,0,NORMAL
2026-09-02 00:15:00,R2,2.565,8.293,0.3092,2.565,0,0,0.0,0.3092,2,9.984,0,NORMAL
2026-09-02 00:30:00,R1,4.723,10.697,0.4415,4.723,0,0,0.0,0.4415,3,11.611,0,NORMAL
2026-09-02 00:30:00,R2,2.549,8.238,0.3094,2.549,0,0,0.0,0.3094,2,10.051,0,NORMAL
2026-09-02 00:45:00,R1,4.836,10.709,0.4516,4.836,0,0,0.0,0.4516,3,11.598,0,NORMAL
2026-09-02 00:45:00,R2,2.651,7.955,0.3333,2.651,0,0,0.0,0.3333,2,10.409,0,NORMAL
2026-09-02 01:00:00,R1,5.622,11.033,0.5096,5.622,0,0,0.0,0.5096,3,11.257,0,NORMAL
2026-09-02 01:00:00,R2,2.531,8.625,0.2935,2.531,0,0,0.0,0.2935,2,9.6,0,NORMAL
2026-09-02 01:15:00,R1,5.367,10.541,0.5091,5.367,0,0,0.0,0.5091,3,11.782,0,NORMAL
2026-09-02 01:15:00,R2,2.977,8.405,0.3542,2.977,0,0,0.0,0.3542,2,9.851,0,NORMAL
2026-09-02 01:30:00,R1,5.51,10.407,0.5295,5.51,0,0,0.0,0.5295,3,11.935,0,NORMAL
2026-09-02 01:30:00,R2,2.83,7.994,0.354,2.83,0,0,0.0,0.354,2,10.358,0,NORMAL
2026-09-02 01:45:00,R1,5.44,11.013,0.494,5.44,0,0,0.0,0.494,3,11.277,0,NORMAL
2026-09-02 01:45:00,R2,2.459,8.183,0.3005,2.459,0,0,0.0,0.3005,2,10.119,0,NORMAL
2026-09-02 02:00:00,R1,5.195,11.593,0.4481,5.195,0,0,0.0,0.4481,3,10.713,0,NORMAL
2026-09-02 02:00:00,R2,2.475,7.906,0.313,2.475,0,0,0.0,0.313,2,10.472,0,NORMAL
2026-09-02 02:15:00,R1,4.962,10.893,0.4555,4.962,0,0,0.0,0.4555,3,11.402,0,NORMAL
2026-09-02 02:15:00,R2,2.738,4.002,0.6843,2.738,0,0,0.0,0.6843,1,10.345,0,NORMAL
2026-09-02 02:30:00,R1,5.575,10.829,0.5148,5.575,0,0,0.0,0.5148,3,11.469,0,NORMAL
2026-09-02 02:30:00,R2,2.287,7.748,0.2952,2.287,0,0,0.0,0.2952,2,10.686,0,NORMAL
2026-09-02 02:45:00,R1,5.42,10.874,0.4984,5.42,0,0,0.0,0.4984,3,11.422,0,NORMAL
2026-09-02 02:45:00,R2,2.475,7.903,0.3132,2.475,0,0,0.0,0.3132,2,10.477,0,NORMAL
2026-09-02 03:00:00,R1,5.206,10.75,0.4843,5.206,0,0,0.0,0.4843,3,11.554,0,NORMAL
2026-09-02 03:00:00,R2,2.498,7.916,0.3156,2.498,0,0,0.0,0.3156,2,10.46,0,NORMAL
2026-09-02 03:15:00,R1,4.98,10.053,0.4954,4.98,0,0,0.0,0.4954,3,12.354,0,NORMAL
2026-09-02 03:15:00,R2,2.755,8.461,0.3256,2.755,0,0,0.0,0.3256,2,9.786,0,NORMAL
2026-09-02 03:30:00,R1,5.373,10.361,0.5186,5.373,0,0,0.0,0.5186,3,11.987,0,NORMAL
2026-09-02 03:30:00,R2,2.774,8.261,0.3357,2.774,0,0,0.0,0.3357,2,10.023,0,NORMAL
2026-09-02 03:45:00,R1,5.485,7.732,0.7093,5.485,0,0,0.0,0.7093,2,10.708,0,NORMAL
2026-09-02 03:45:00,R2,2.324,8.331,0.279,2.324,0,0,0.0,0.279,2,9.939,0,NORMAL
2026-09-02 04:00:00,R1,5.449,10.59,0.5146,5.449,0,0,0.0,0.5146,3,11.728,0,NORMAL
2026-09-02 04:00:00,R2,2.812,8.191,0.3433,2.812,0,0,0.0,0.3433,2,10.109,0,NORMAL
2026-09-02 04:15:00,R1,5.629,11.081,0.508,5.629,0,0,0.0,0.508,3,11.208,0,NORMAL
2026-09-02 04:15:00,R2,2.929,7.981,0.367,2.929,0,0,0.0,0.367,2,10.375,0,NORMAL
2026-09-02 04:30:00,R1,5.719,11.736,0.4873,5.719,0,0,0.0,0.4873,3,10.582,0,NORMAL
2026-09-02 04:30:00,R2,2.356,8.17,0.2883,2.356,0,0,0.0,0.2883,2,10.134,0,NORMAL
2026-09-02 04:45:00,R1,5.724,10.363,0.5524,5.724,0,0,0.0,0.5524,3,11.985,0,NORMAL
2026-09-02 04:45:00,R2,2.489,8.158,0.3051,2.489,0,0,0.0,0.3051,2,10.149,0,NORMAL
2026-09-02 05:00:00,R1,5.135,11.705,0.4387,5.135,0,0,0.0,0.4387,3,10.61,0,NORMAL
2026-09-02 05:00:00,R2,2.429,7.813,0.3109,2.429,0,0,0.0,0.3109,2,10.598,0,NORMAL
2026-09-02 05:15:00,R1,5.429,11.282,0.4812,5.429,0,0,0.0,0.4812,3,11.008,0,NORMAL
2026-09-02 05:15:00,R2,2.553,8.248,0.3096,2.553,0,0,0.0,0.3096,2,10.038,0,NORMAL
2026-09-02 05:30:00,R1,4.972,12.171,0.4085,4.972,0,0,0.0,0.4085,3,10.205,0,NORMAL
2026-09-02 05:30:00,R2,2.458,8.368,0.2938,2.458,0,0,0.0,0.2938,2,9.894,0,NORMAL
2026-09-02 05:45:00,R1,5.459,6.859,0.7959,5.459,0,0,0.0,0.7959,2,12.071,0,WARNING
2026-09-02 05:45:00,R2,2.536,8.161,0.3108,2.536,0,0,0.0,0.3108,2,10.146,0,NORMAL
2026-09-02 06:00:00,R1,5.768,10.576,0.5454,5.768,0,0,0.0,0.5454,3,11.744,0,NORMAL
2026-09-02 06:00:00,R2,2.895,7.675,0.3773,2.895,0,0,0.0,0.3773,2,10.789,0,NORMAL
2026-09-02 06:15:00,R1,6.944,10.996,0.6316,6.944,0,0,0.0,0.6316,3,11.295,0,NORMAL
2026-09-02 06:15:00,R2,3.147,4.157,0.7571,3.147,0,0,0.0,0.7571,1,9.959,0,WARNING
2026-09-02 06:30:00,R1,5.908,11.019,0.5362,5.908,0,0,0.0,0.5362,3,11.272,0,NORMAL
2026-09-02 06:30:00,R2,3.073,7.682,0.4,3.073,0,0,0.0,0.4,2,10.778,0,NORMAL
2026-09-02 06:45:00,R1,6.884,11.209,0.6141,6.884,0,0,0.0,0.6141,3,11.08,0,NORMAL
2026-09-02 06:45:00,R2,3.081,8.125,0.3792,3.081,0,0,0.0,0.3792,2,10.19,0,NORMAL
2026-09-02 07:00:00,R1,6.927,10.706,0.647,6.927,0,0,0.0,0.647,3,11.601,0,NORMAL
2026-09-02 07:00:00,R2,3.328,8.909,0.3735,3.328,0,0,0.0,0.3735,2,9.294,0,NORMAL
2026-09-02 07:15:00,R1,6.622,10.442,0.6342,6.622,0,0,0.0,0.6342,3,11.894,0,NORMAL
2026-09-02 07:15:00,R2,3.041,8.001,0.38,3.041,0,0,0.0,0.38,2,10.349,0,NORMAL
2026-09-02 07:30:00,R1,5.67,10.885,0.5208,5.67,0,0,0.0,0.5208,3,11.41,0,NORMAL
2026-09-02 07:30:00,R2,3.555,7.849,0.4529,3.555,0,0,0.0,0.4529,2,10.549,0,NORMAL
2026-09-02 07:45:00,R1,6.834,11.294,0.6051,6.834,0,0,0.0,0.6051,3,10.997,0,NORMAL
2026-09-02 07:45:00,R2,2.949,7.825,0.3769,2.949,0,0,0.0,0.3769,2,10.581,0,NORMAL
2026-09-02 08:00:00,R1,6.239,10.89,0.5729,6.239,0,0,0.0,0.5729,3,11.405,0,NORMAL
2026-09-02 08:00:00,R2,2.887,8.207,0.3517,2.887,0,0,0.0,0.3517,2,10.089,0,NORMAL
2026-09-02 08:15:00,R1,7.246,10.638,0.6812,7.246,0,0,0.0,0.6812,3,11.675,0,NORMAL
2026-09-02 08:15:00,R2,3.463,8.498,0.4075,3.463,0,0,0.0,0.4075,2,9.743,0,NORMAL
2026-09-02 08:30:00,R1,7.041,10.704,0.6578,7.041,0,0,0.0,0.6578,3,11.603,0,NORMAL
2026-09-02 08:30:00,R2,2.931,7.656,0.3828,2.931,0,0,0.0,0.3828,2,10.815,0,NORMAL
2026-09-02 08:45:00,R1,7.125,10.772,0.6614,7.125,0,0,0.0,0.6614,3,11.529,0,NORMAL
2026-09-02 08:45:00,R2,2.691,8.226,0.3271,2.691,0,0,0.0,0.3271,2,10.066,0,NORMAL
2026-09-02 09:00:00,R1,6.895,10.772,0.6401,6.895,0,0,0.0,0.6401,3,11.53,0,NORMAL
2026-09-02 09:00:00,R2,3.159,8.27,0.382,3.159,0,0,0.0,0.382,2,10.013,0,NORMAL
2026-09-02 09:15:00,R1,6.573,11.359,0.5787,6.573,0,0,0.0,0.5787,3,10.934,0,NORMAL
2026-09-02 09:15:00,R2,3.04,8.038,0.3782,3.04,0,0,0.0,0.3782,2,10.301,0,NORMAL
2026-09-02 09:30:00,R1,6.299,10.466,0.6018,6.299,0,0,0.0,0.6018,3,11.867,0,NORMAL
2026-09-02 09:30:00,R2,3.184,8.879,0.3586,3.184,0,0,0.0,0.3586,2,9.325,0,NORMAL
2026-09-02 09:45:00,R1,6.893,10.565,0.6524,6.893,0,0,0.0,0.6524,3,11.755,0,NORMAL
2026-09-02 09:45:00,R2,2.97,7.836,0.379,2.97,0,0,0.0,0.379,2,10.567,0,NORMAL
2026-09-02 10:00:00,R1,7.516,6.361,1.1816,6.361,0,1.155,0.0,1.1816,2,13.017,0,HIGH
2026-09-02 10:00:00,R2,3.047,7.829,0.3892,3.047,0,0,0.0,0.3892,2,10.576,0,NORMAL
2026-09-02 10:15:00,R1,6.629,10.922,0.6069,7.784,1.155,0,1.586,0.7127,3,11.371,0,NORMAL
2026-09-02 10:15:00,R2,2.67,8.162,0.3272,2.67,0,0,0.0,0.3272,2,10.144,0,NORMAL
2026-09-02 10:30:00,R1,6.683,10.27,0.6507,6.683,0,0,0.0,0.6507,3,12.093,0,NORMAL
2026-09-02 10:30:00,R2,3.049,7.885,0.3866,3.049,0,0,0.0,0.3866,2,10.501,0,NORMAL
2026-09-02 10:45:00,R1,7.909,9.741,0.812,7.909,0,0,0.0,0.812,3,12.75,0,WARNING
2026-09-02 10:45:00,R2,3.042,8.213,0.3704,3.042,0,0,0.0,0.3704,2,10.081,0,NORMAL
2026-09-02 11:00:00,R1,6.551,10.535,0.6218,6.551,0,0,0.0,0.6218,3,11.789,0,NORMAL
2026-09-02 11:00:00,R2,2.771,8.295,0.3341,2.771,0,0,0.0,0.3341,2,9.982,0,NORMAL
2026-09-02 11:15:00,R1,7.293,10.492,0.6952,7.293,0,0,0.0,0.6952,3,11.838,0,NORMAL
2026-09-02 11:15:00,R2,3.092,7.86,0.3934,3.092,0,0,0.0,0.3934,2,10.534,0,NORMAL
2026-09-02 11:30:00,R1,6.676,10.293,0.6486,6.676,0,0,0.0,0.6486,3,12.067,0,NORMAL
2026-09-02 11:30:00,R2,2.897,8.791,0.3296,2.897,0,0,0.0,0.3296,2,9.419,0,NORMAL
2026-09-02 11:45:00,R1,5.352,6.631,0.8071,5.352,0,0,0.0,0.8071,2,12.486,0,WARNING
2026-09-02 11:45:00,R2,2.709,7.739,0.35,2.709,0,0,0.0,0.35,2,10.699,0,NORMAL
2026-09-02 12:00:00,R1,7.662,10.821,0.7081,7.662,0,0,0.0,0.7081,3,11.478,0,NORMAL
2026-09-02 12:00:00,R2,2.823,8.902,0.3171,2.823,0,0,0.0,0.3171,2,9.301,0,NORMAL
2026-09-02 12:15:00,R1,6.902,10.803,0.6389,6.902,0,0,0.0,0.6389,3,11.496,0,NORMAL
2026-09-02 12:15:00,R2,2.792,7.62,0.3664,2.792,0,0,0.0,0.3664,2,10.866,0,NORMAL
2026-09-02 12:30:00,R1,7.399,10.436,0.709,7.399,0,0,0.0,0.709,3,11.901,0,NORMAL
2026-09-02 12:30:00,R2,2.909,8.13,0.3579,2.909,0,0,0.0,0.3579,2,10.185,0,NORMAL
2026-09-02 12:45:00,R1,7.256,10.747,0.6752,7.256,0,0,0.0,0.6752,3,11.557,0,NORMAL
2026-09-02 12:45:00,R2,2.688,8.308,0.3236,2.688,0,0,0.0,0.3236,2,9.967,0,NORMAL
2026-09-02 13:00:00,R1,7.299,10.669,0.6841,7.299,0,0,0.0,0.6841,3,11.641,0,NORMAL
2026-09-02 13:00:00,R2,2.599,8.036,0.3234,2.599,0,0,0.0,0.3234,2,10.304,0,NORMAL
2026-09-02 13:15:00,R1,6.757,10.797,0.6259,6.757,0,0,0.0,0.6259,3,11.503,0,NORMAL
2026-09-02 13:15:00,R2,3.285,8.295,0.396,3.285,0,0,0.0,0.396,2,9.982,0,NORMAL
2026-09-02 13:30:00,R1,7.302,10.851,0.6729,7.302,0,0,0.0,0.6729,3,11.446,0,NORMAL
2026-09-02 13:30:00,R2,2.768,8.097,0.3418,2.768,0,0,0.0,0.3418,2,10.226,0,NORMAL
2026-09-02 13:45:00,R1,7.227,10.045,0.7195,7.227,0,0,0.0,0.7195,3,12.364,0,NORMAL
2026-09-02 13:45:00,R2,2.793,7.995,0.3493,2.793,0,0,0.0,0.3493,2,10.356,0,NORMAL
2026-09-02 14:00:00,R1,8.124,10.163,0.7994,8.124,0,0,0.0,0.7994,3,12.221,0,WARNING
2026-09-02 14:00:00,R2,2.595,7.716,0.3363,2.595,0,0,0.0,0.3363,2,10.731,0,NORMAL
2026-09-02 14:15:00,R1,7.742,10.732,0.7214,7.742,0,0,0.0,0.7214,3,11.572,0,NORMAL
2026-09-02 14:15:00,R2,2.809,8.357,0.3362,2.809,0,0,0.0,0.3362,2,9.908,0,NORMAL
2026-09-02 14:30:00,R1,7.526,10.525,0.7151,7.526,0,0,0.0,0.7151,3,11.801,0,NORMAL
2026-09-02 14:30:00,R2,2.5,8.282,0.3018,2.5,0,0,0.0,0.3018,2,9.997,0,NORMAL
2026-09-02 14:45:00,R1,8.469,10.755,0.7874,8.469,0,0,0.0,0.7874,3,11.548,0,WARNING
2026-09-02 14:45:00,R2,2.71,7.722,0.3509,2.71,0,0,0.0,0.3509,2,10.722,0,NORMAL
2026-09-02 15:00:00,R1,7.757,10.819,0.717,7.757,0,0,0.0,0.717,3,11.48,0,NORMAL
2026-09-02 15:00:00,R2,2.473,7.755,0.319,2.473,0,0,0.0,0.319,2,10.678,0,NORMAL
2026-09-02 15:15:00,R1,7.545,10.609,0.7112,7.545,0,0,0.0,0.7112,3,11.707,0,NORMAL
2026-09-02 15:15:00,R2,3.237,8.357,0.3873,3.237,0,0,0.0,0.3873,2,9.907,0,NORMAL
2026-09-02 15:30:00,R1,7.409,10.824,0.6845,7.409,0,0,0.0,0.6845,3,11.475,0,NORMAL
2026-09-02 15:30:00,R2,2.884,8.1,0.3561,2.884,0,0,0.0,0.3561,2,10.222,0,NORMAL
2026-09-02 15:45:00,R1,7.427,10.957,0.6778,7.427,0,0,0.0,0.6778,3,11.335,0,NORMAL
2026-09-02 15:45:00,R2,2.66,7.958,0.3342,2.66,0,0,0.0,0.3342,2,10.405,0,NORMAL
2026-09-02 16:00:00,R1,7.238,10.922,0.6627,7.238,0,0,0.0,0.6627,3,11.372,0,NORMAL
2026-09-02 16:00:00,R2,2.43,7.906,0.3073,2.43,0,0,0.0,0.3073,2,10.473,0,NORMAL
2026-09-02 16:15:00,R1,7.824,10.156,0.7704,7.824,0,0,0.0,0.7704,3,12.23,0,WARNING
2026-09-02 16:15:00,R2,3.252,7.965,0.4083,3.252,0,0,0.0,0.4083,2,10.396,0,NORMAL
2026-09-02 16:30:00,R1,7.73,10.075,0.7672,7.73,0,0,0.0,0.7672,3,12.327,0,WARNING
2026-09-02 16:30:00,R2,3.155,8.73,0.3614,3.155,0,0,0.0,0.3614,2,9.485,0,NORMAL
2026-09-02 16:45:00,R1,6.766,11.896,0.5687,6.766,0,0,0.0,0.5687,3,10.441,0,NORMAL
2026-09-02 16:45:00,R2,2.696,7.777,0.3466,2.696,0,0,0.0,0.3466,2,10.647,0,NORMAL
2026-09-02 17:00:00,R1,7.296,10.223,0.7137,7.296,0,0,0.0,0.7137,3,12.15,0,NORMAL
2026-09-02 17:00:00,R2,2.543,8.363,0.3041,2.543,0,0,0.0,0.3041,2,9.901,0,NORMAL
2026-09-02 17:15:00,R1,7.61,11.088,0.6864,7.61,0,0,0.0,0.6864,3,11.202,0,NORMAL
2026-09-02 17:15:00,R2,3.023,8.239,0.367,3.023,0,0,0.0,0.367,2,10.05,0,NORMAL
2026-09-02 17:30:00,R1,7.558,10.724,0.7048,7.558,0,0,0.0,0.7048,3,11.582,0,NORMAL
2026-09-02 17:30:00,R2,2.57,8.014,0.3207,2.57,0,0,0.0,0.3207,2,10.332,0,NORMAL
2026-09-02 17:45:00,R1,6.961,10.725,0.649,6.961,0,0,0.0,0.649,3,11.58,0,NORMAL
2026-09-02 17:45:00,R2,2.871,7.861,0.3653,2.871,0,0,0.0,0.3653,2,10.533,0,NORMAL
2026-09-02 18:00:00,R1,7.414,10.812,0.6857,7.414,0,0,0.0,0.6857,3,11.487,0,NORMAL
2026-09-02 18:00:00,R2,2.784,7.676,0.3627,2.784,0,0,0.0,0.3627,2,10.787,0,NORMAL
2026-09-02 18:15:00,R1,7.445,11.098,0.6708,7.445,0,0,0.0,0.6708,3,11.191,0,NORMAL
2026-09-02 18:15:00,R2,2.772,8.752,0.3167,2.772,0,0,0.0,0.3167,2,9.461,0,NORMAL
2026-09-02 18:30:00,R1,7.077,11.152,0.6346,7.077,0,0,0.0,0.6346,3,11.137,0,NORMAL
2026-09-02 18:30:00,R2,2.722,8.307,0.3277,2.722,0,0,0.0,0.3277,2,9.968,0,NORMAL
2026-09-02 18:45:00,R1,7.137,11.071,0.6447,7.137,0,0,0.0,0.6447,3,11.219,0,NORMAL
2026-09-02 18:45:00,R2,2.961,8.516,0.3477,2.961,0,0,0.0,0.3477,2,9.722,0,NORMAL
2026-09-02 19:00:00,R1,5.736,10.446,0.5491,5.736,0,0,0.0,0.5491,3,11.89,0,NORMAL
2026-09-02 19:00:00,R2,3.242,7.962,0.4072,3.242,0,0,0.0,0.4072,2,10.399,0,NORMAL
2026-09-02 19:15:00,R1,6.728,6.717,1.0017,6.717,0,0.011,0.0,1.0017,2,12.328,0,HIGH
2026-09-02 19:15:00,R2,2.893,7.724,0.3745,2.893,0,0,0.0,0.3745,2,10.72,0,NORMAL
2026-09-02 19:30:00,R1,7.575,11.265,0.6724,7.586,0.011,0,0.015,0.6734,3,11.025,0,NORMAL
2026-09-02 19:30:00,R2,2.467,4.224,0.5841,2.467,0,0,0.0,0.5841,1,9.8,0,NORMAL
2026-09-02 19:45:00,R1,6.682,10.903,0.6128,6.682,0,0,0.0,0.6128,3,11.391,0,NORMAL
2026-09-02 19:45:00,R2,3.05,7.657,0.3984,3.05,0,0,0.0,0.3984,2,10.813,0,NORMAL
2026-09-02 20:00:00,R1,7.644,10.088,0.7577,7.644,0,0,0.0,0.7577,3,12.311,0,WARNING
2026-09-02 20:00:00,R2,3.103,7.724,0.4017,3.103,0,0,0.0,0.4017,2,10.72,0,NORMAL
2026-09-02 20:15:00,R1,7.044,10.71,0.6577,7.044,0,0,0.0,0.6577,3,11.597,0,NORMAL
2026-09-02 20:15:00,R2,2.752,4.086,0.6735,2.752,0,0,0.0,0.6735,1,10.131,0,NORMAL
2026-09-02 20:30:00,R1,6.861,10.994,0.6241,6.861,0,0,0.0,0.6241,3,11.297,0,NORMAL
2026-09-02 20:30:00,R2,3.039,8.247,0.3685,3.039,0,0,0.0,0.3685,2,10.04,0,NORMAL
2026-09-02 20:45:00,R1,7.055,10.395,0.6787,7.055,0,0,0.0,0.6787,3,11.948,0,NORMAL
2026-09-02 20:45:00,R2,2.793,8.008,0.3488,2.793,0,0,0.0,0.3488,2,10.339,0,NORMAL
2026-09-02 21:00:00,R1,7.301,10.415,0.7011,7.301,0,0,0.0,0.7011,3,11.925,0,NORMAL
2026-09-02 21:00:00,R2,3.189,8.267,0.3857,3.189,0,0,0.0,0.3857,2,10.016,0,NORMAL
2026-09-02 21:15:00,R1,6.563,11.487,0.5713,6.563,0,0,0.0,0.5713,3,10.812,0,NORMAL
2026-09-02 21:15:00,R2,3.49,8.887,0.3927,3.49,0,0,0.0,0.3927,2,9.317,0,NORMAL
2026-09-02 21:30:00,R1,7.01,6.259,1.1199,6.259,0,0.751,0.0,1.1199,2,13.229,0,HIGH
2026-09-02 21:30:00,R2,2.928,7.721,0.3793,2.928,0,0,0.0,0.3793,2,10.724,0,NORMAL
2026-09-02 21:45:00,R1,6.429,10.509,0.6117,7.179,0.751,0,1.071,0.6831,3,11.818,0,NORMAL
2026-09-02 21:45:00,R2,3.075,8.102,0.3796,3.075,0,0,0.0,0.3796,2,10.22,0,NORMAL
2026-09-02 22:00:00,R1,4.95,7.198,0.6876,4.95,0,0,0.0,0.6876,2,11.503,0,NORMAL
2026-09-02 22:00:00,R2,2.209,7.925,0.2787,2.209,0,0,0.0,0.2787,2,10.448,0,NORMAL
2026-09-02 22:15:00,R1,4.825,10.896,0.4429,4.825,0,0,0.0,0.4429,3,11.399,0,NORMAL
2026-09-02 22:15:00,R2,2.153,8.571,0.2512,2.153,0,0,0.0,0.2512,2,9.661,0,NORMAL
2026-09-02 22:30:00,R1,4.995,11.15,0.448,4.995,0,0,0.0,0.448,3,11.139,0,NORMAL
2026-09-02 22:30:00,R2,2.383,8.016,0.2973,2.383,0,0,0.0,0.2973,2,10.329,0,NORMAL
2026-09-02 22:45:00,R1,5.476,10.32,0.5307,5.476,0,0,0.0,0.5307,3,12.035,0,NORMAL
2026-09-02 22:45:00,R2,2.676,8.095,0.3306,2.676,0,0,0.0,0.3306,2,10.229,0,NORMAL
2026-09-02 23:00:00,R1,5.631,10.923,0.5156,5.631,0,0,0.0,0.5156,3,11.371,0,NORMAL
2026-09-02 23:00:00,R2,2.562,7.812,0.328,2.562,0,0,0.0,0.328,2,10.599,0,NORMAL
2026-09-02 23:15:00,R1,5.553,10.768,0.5157,5.553,0,0,0.0,0.5157,3,11.535,0,NORMAL
2026-09-02 23:15:00,R2,2.482,8.357,0.297,2.482,0,0,0.0,0.297,2,9.908,0,NORMAL
2026-09-02 23:30:00,R1,5.558,10.569,0.5259,5.558,0,0,0.0,0.5259,3,11.752,0,NORMAL
2026-09-02 23:30:00,R2,2.598,8.261,0.3145,2.598,0,0,0.0,0.3145,2,10.023,0,NORMAL
2026-09-02 23:45:00,R1,5.807,11.002,0.5278,5.807,0,0,0.0,0.5278,3,11.289,0,NORMAL
2026-09-02 23:45:00,R2,2.284,8.056,0.2836,2.284,0,0,0.0,0.2836,2,10.279,0,NORMAL
2026-09-03 00:00:00,R1,5.034,11.012,0.4571,5.034,0,0,0.0,0.4571,3,11.278,0,NORMAL
2026-09-03 00:00:00,R2,2.487,8.416,0.2955,2.487,0,0,0.0,0.2955,2,9.839,0,NORMAL
2026-09-03 00:15:00,R1,5.687,10.972,0.5183,5.687,0,0,0.0,0.5183,3,11.32,0,NORMAL
2026-09-03 00:15:00,R2,2.437,8.167,0.2984,2.437,0,0,0.0,0.2984,2,10.139,0,NORMAL
2026-09-03 00:30:00,R1,5.522,11.148,0.4953,5.522,0,0,0.0,0.4953,3,11.141,0,NORMAL
2026-09-03 00:30:00,R2,2.683,8.027,0.3343,2.683,0,0,0.0,0.3343,2,10.315,0,NORMAL
2026-09-03 00:45:00,R1,5.929,10.421,0.5689,5.929,0,0,0.0,0.5689,3,11.918,0,NORMAL
2026-09-03 00:45:00,R2,2.638,7.901,0.3339,2.638,0,0,0.0,0.3339,2,10.48,0,NORMAL
2026-09-03 01:00:00,R1,4.966,10.81,0.4594,4.966,0,0,0.0,0.4594,3,11.49,0,NORMAL
2026-09-03 01:00:00,R2,2.508,8.44,0.2971,2.508,0,0,0.0,0.2971,2,9.81,0,NORMAL
2026-09-03 01:15:00,R1,5.26,11.441,0.4598,5.26,0,0,0.0,0.4598,3,10.855,0,NORMAL
2026-09-03 01:15:00,R2,2.441,7.924,0.308,2.441,0,0,0.0,0.308,2,10.45,0,NORMAL
2026-09-03 01:30:00,R1,5.708,10.162,0.5616,5.708,0,0,0.0,0.5616,3,12.222,0,NORMAL
2026-09-03 01:30:00,R2,2.379,8.028,0.2964,2.379,0,0,0.0,0.2964,2,10.313,0,NORMAL
2026-09-03 01:45:00,R1,5.189,10.565,0.4911,5.189,0,0,0.0,0.4911,3,11.756,0,NORMAL
2026-09-03 01:45:00,R2,2.858,8.12,0.3519,2.858,0,0,0.0,0.3519,2,10.197,0,NORMAL
2026-09-03 02:00:00,R1,5.336,10.591,0.5038,5.336,0,0,0.0,0.5038,3,11.727,0,NORMAL
2026-09-03 02:00:00,R2,2.781,8.45,0.3291,2.781,0,0,0.0,0.3291,2,9.799,0,NORMAL
2026-09-03 02:15:00,R1,5.298,10.45,0.507,5.298,0,0,0.0,0.507,3,11.885,0,NORMAL
2026-09-03 02:15:00,R2,2.475,8.178,0.3027,2.475,0,0,0.0,0.3027,2,10.124,0,NORMAL
2026-09-03 02:30:00,R1,5.608,11.139,0.5035,5.608,0,0,0.0,0.5035,3,11.15,0,NORMAL
2026-09-03 02:30:00,R2,3.019,7.73,0.3906,3.019,0,0,0.0,0.3906,2,10.711,0,NORMAL
2026-09-03 02:45:00,R1,5.042,11.052,0.4562,5.042,0,0,0.0,0.4562,3,11.238,0,NORMAL
2026-09-03 02:45:00,R2,2.458,7.983,0.3079,2.458,0,0,0.0,0.3079,2,10.372,0,NORMAL
2026-09-03 03:00:00,R1,6.03,10.557,0.5712,6.03,0,0,0.0,0.5712,3,11.765,0,NORMAL
2026-09-03 03:00:00,R2,2.773,8.52,0.3254,2.773,0,0,0.0,0.3254,2,9.719,0,NORMAL
2026-09-03 03:15:00,R1,5.741,10.555,0.5439,5.741,0,0,0.0,0.5439,3,11.767,0,NORMAL
2026-09-03 03:15:00,R2,2.62,8.127,0.3224,2.62,0,0,0.0,0.3224,2,10.188,0,NORMAL
2026-09-03 03:30:00,R1,5.586,10.957,0.5098,5.586,0,0,0.0,0.5098,3,11.335,0,NORMAL
2026-09-03 03:30:00,R2,2.564,8.262,0.3104,2.564,0,0,0.0,0.3104,2,10.021,0,NORMAL
2026-09-03 03:45:00,R1,5.371,10.2,0.5266,5.371,0,0,0.0,0.5266,3,12.176,0,NORMAL
2026-09-03 03:45:00,R2,2.519,8.097,0.3111,2.519,0,0,0.0,0.3111,2,10.226,0,NORMAL
2026-09-03 04:00:00,R1,5.604,10.802,0.5188,5.604,0,0,0.0,0.5188,3,11.497,0,NORMAL
2026-09-03 04:00:00,R2,2.604,8.16,0.3191,2.604,0,0,0.0,0.3191,2,10.148,0,NORMAL
2026-09-03 04:15:00,R1,5.649,11.07,0.5103,5.649,0,0,0.0,0.5103,3,11.219,0,NORMAL
2026-09-03 04:15:00,R2,2.811,8.217,0.3421,2.811,0,0,0.0,0.3421,2,10.077,0,NORMAL
2026-09-03 04:30:00,R1,5.44,10.913,0.4985,5.44,0,0,0.0,0.4985,3,11.381,0,NORMAL
2026-09-03 04:30:00,R2,2.767,7.825,0.3536,2.767,0,0,0.0,0.3536,2,10.581,0,NORMAL
2026-09-03 04:45:00,R1,5.92,10.476,0.5651,5.92,0,0,0.0,0.5651,3,11.855,0,NORMAL
2026-09-03 04:45:00,R2,2.198,7.748,0.2836,2.198,0,0,0.0,0.2836,2,10.686,0,NORMAL
2026-09-03 05:00:00,R1,5.642,10.504,0.5372,5.642,0,0,0.0,0.5372,3,11.824,0,NORMAL
2026-09-03 05:00:00,R2,2.783,7.957,0.3498,2.783,0,0,0.0,0.3498,2,10.407,0,NORMAL
2026-09-03 05:15:00,R1,6.577,11.133,0.5908,6.577,0,0,0.0,0.5908,3,11.156,0,NORMAL
2026-09-03 05:15:00,R2,2.403,7.961,0.3018,2.403,0,0,0.0,0.3018,2,10.401,0,NORMAL
2026-09-03 05:30:00,R1,5.468,10.769,0.5077,5.468,0,0,0.0,0.5077,3,11.533,0,NORMAL
2026-09-03 05:30:00,R2,2.636,8.281,0.3183,2.636,0,0,0.0,0.3183,2,9.999,0,NORMAL
2026-09-03 05:45:00,R1,5.542,7.335,0.7557,5.542,0,0,0.0,0.7557,2,11.289,0,WARNING
2026-09-03 05:45:00,R2,2.201,7.884,0.2792,2.201,0,0,0.0,0.2792,2,10.502,0,NORMAL
2026-09-03 06:00:00,R1,6.645,10.687,0.6218,6.645,0,0,0.0,0.6218,3,11.621,0,NORMAL
2026-09-03 06:00:00,R2,3.348,8.402,0.3984,3.348,0,0,0.0,0.3984,2,9.854,0,NORMAL
2026-09-03 06:15:00,R1,6.338,10.958,0.5784,6.338,0,0,0.0,0.5784,3,11.334,0,NORMAL
2026-09-03 06:15:00,R2,2.98,8.027,0.3712,2.98,0,0,0.0,0.3712,2,10.315,0,NORMAL
2026-09-03 06:30:00,R1,7.272,10.415,0.6982,7.272,0,0,0.0,0.6982,3,11.925,0,NORMAL
2026-09-03 06:30:00,R2,2.906,7.643,0.3802,2.906,0,0,0.0,0.3802,2,10.833,0,NORMAL
2026-09-03 06:45:00,R1,6.815,10.49,0.6497,6.815,0,0,0.0,0.6497,3,11.84,0,NORMAL
2026-09-03 06:45:00,R2,3.082,8.437,0.3653,3.082,0,0,0.0,0.3653,2,9.814,0,NORMAL
2026-09-03 07:00:00,R1,6.585,10.319,0.6382,6.585,0,0,0.0,0.6382,3,12.037,0,NORMAL
2026-09-03 07:00:00,R2,2.896,8.329,0.3477,2.896,0,0,0.0,0.3477,2,9.941,0,NORMAL
2026-09-03 07:15:00,R1,6.881,10.82,0.636,6.881,0,0,0.0,0.636,3,11.479,0,NORMAL
2026-09-03 07:15:00,R2,2.931,8.118,0.3611,2.931,0,0,0.0,0.3611,2,10.2,0,NORMAL
2026-09-03 07:30:00,R1,6.892,11.286,0.6107,6.892,0,0,0.0,0.6107,3,11.005,0,NORMAL
2026-09-03 07:30:00,R2,3.105,8.706,0.3567,3.105,0,0,0.0,0.3567,2,9.511,0,NORMAL
2026-09-03 07:45:00,R1,5.879,10.209,0.5759,5.879,0,0,0.0,0.5759,3,12.166,0,NORMAL
2026-09-03 07:45:00,R2,3.008,7.964,0.3777,3.008,0,0,0.0,0.3777,2,10.397,0,NORMAL
2026-09-03 08:00:00,R1,7.116,11.457,0.6211,7.116,0,0,0.0,0.6211,3,10.841,0,NORMAL
2026-09-03 08:00:00,R2,3.032,8.014,0.3783,3.032,0,0,0.0,0.3783,2,10.332,0,NORMAL
2026-09-03 08:15:00,R1,6.521,10.888,0.5989,6.521,0,0,0.0,0.5989,3,11.407,0,NORMAL
2026-09-03 08:15:00,R2,2.774,8.515,0.3258,2.774,0,0,0.0,0.3258,2,9.725,0,NORMAL
2026-09-03 08:30:00,R1,7.234,10.352,0.6988,7.234,0,0,0.0,0.6988,3,11.997,0,NORMAL
2026-09-03 08:30:00,R2,2.91,8.225,0.3538,2.91,0,0,0.0,0.3538,2,10.067,0,NORMAL
2026-09-03 08:45:00,R1,7.683,10.583,0.726,7.683,0,0,0.0,0.726,3,11.735,0,NORMAL
2026-09-03 08:45:00,R2,3.375,7.769,0.4344,3.375,0,0,0.0,0.4344,2,10.658,0,NORMAL
2026-09-03 09:00:00,R1,6.704,10.699,0.6266,6.704,0,0,0.0,0.6266,3,11.608,0,NORMAL
2026-09-03 09:00:00,R2,3.11,7.979,0.3898,3.11,0,0,0.0,0.3898,2,10.377,0,NORMAL
2026-09-03 09:15:00,R1,7.498,10.713,0.6999,7.498,0,0,0.0,0.6999,3,11.593,0,NORMAL
2026-09-03 09:15:00,R2,2.659,8.767,0.3033,2.659,0,0,0.0,0.3033,2,9.444,0,NORMAL
2026-09-03 09:30:00,R1,7.189,11.194,0.6423,7.189,0,0,0.0,0.6423,3,11.095,0,NORMAL
2026-09-03 09:30:00,R2,2.984,8.299,0.3596,2.984,0,0,0.0,0.3596,2,9.977,0,NORMAL
2026-09-03 09:45:00,R1,7.637,11.243,0.6793,7.637,0,0,0.0,0.6793,3,11.047,0,NORMAL
2026-09-03 09:45:00,R2,2.896,7.933,0.3651,2.896,0,0,0.0,0.3651,2,10.437,0,NORMAL
2026-09-03 10:00:00,R1,7.352,10.369,0.709,7.352,0,0,0.0,0.709,3,11.978,0,NORMAL
2026-09-03 10:00:00,R2,2.735,8.015,0.3412,2.735,0,0,0.0,0.3412,2,10.33,0,NORMAL
2026-09-03 10:15:00,R1,6.649,10.703,0.6212,6.649,0,0,0.0,0.6212,3,11.604,0,NORMAL
2026-09-03 10:15:00,R2,3.167,8.441,0.3752,3.167,0,0,0.0,0.3752,2,9.81,0,NORMAL
2026-09-03 10:30:00,R1,7.458,10.368,0.7193,7.458,0,0,0.0,0.7193,3,11.979,0,NORMAL
2026-09-03 10:30:00,R2,2.796,8.032,0.3482,2.796,0,0,0.0,0.3482,2,10.309,0,NORMAL
2026-09-03 10:45:00,R1,8.248,6.102,1.3517,6.102,0,2.146,0.0,1.25,2,13.569,0,HIGH
2026-09-03 10:45:00,R2,2.772,8.165,0.3395,2.772,0,0,0.0,0.3395,2,10.141,0,NORMAL
2026-09-03 11:00:00,R1,7.394,10.023,0.7377,9.54,2.146,0,3.212,0.9518,3,12.391,0,HIGH
2026-09-03 11:00:00,R2,3.308,7.861,0.4208,3.308,0,0,0.0,0.4208,2,10.533,0,NORMAL
2026-09-03 11:15:00,R1,7.346,10.928,0.6722,7.346,0,0,0.0,0.6722,3,11.365,0,NORMAL
2026-09-03 11:15:00,R2,2.97,7.858,0.378,2.97,0,0,0.0,0.378,2,10.537,0,NORMAL
2026-09-03 11:30:00,R1,6.419,10.263,0.6255,6.419,0,0,0.0,0.6255,3,12.102,0,NORMAL
2026-09-03 11:30:00,R2,2.551,3.874,0.6584,2.551,0,0,0.0,0.6584,1,10.686,0,NORMAL
2026-09-03 11:45:00,R1,6.361,11.145,0.5707,6.361,0,0,0.0,0.5707,3,11.144,0,NORMAL
2026-09-03 11:45:00,R2,2.904,7.979,0.3639,2.904,0,0,0.0,0.3639,2,10.378,0,NORMAL
2026-09-03 12:00:00,R1,6.374,10.963,0.5814,6.374,0,0,0.0,0.5814,3,11.329,0,NORMAL
2026-09-03 12:00:00,R2,2.711,3.791,0.7151,2.711,0,0,0.0,0.7151,1,10.921,0,NORMAL
2026-09-03 12:15:00,R1,6.946,10.253,0.6775,6.946,0,0,0.0,0.6775,3,12.114,0,NORMAL
2026-09-03 12:15:00,R2,2.967,8.336,0.356,2.967,0,0,0.0,0.356,2,9.933,0,NORMAL
2026-09-03 12:30:00,R1,7.363,11.242,0.6549,7.363,0,0,0.0,0.6549,3,11.048,0,NORMAL
2026-09-03 12:30:00,R2,2.93,8.186,0.3579,2.93,0,0,0.0,0.3579,2,10.115,0,NORMAL
2026-09-03 12:45:00,R1,7.512,5.992,1.2537,5.992,0,1.52,0.0,1.25,2,13.818,0,HIGH
2026-09-03 12:45:00,R2,2.761,8.004,0.3449,2.761,0,0,0.0,0.3449,2,10.345,0,NORMAL
2026-09-03 13:00:00,R1,6.71,10.815,0.6205,8.23,1.52,0,2.108,0.761,3,11.484,0,WARNING
2026-09-03 13:00:00,R2,3.041,8.16,0.3726,3.041,0,0,0.0,0.3726,2,10.147,0,NORMAL
2026-09-03 13:15:00,R1,7.714,10.607,0.7273,7.714,0,0,0.0,0.7273,3,11.709,0,NORMAL
2026-09-03 13:15:00,R2,2.84,8.128,0.3494,2.84,0,0,0.0,0.3494,2,10.187,0,NORMAL
2026-09-03 13:30:00,R1,7.362,10.984,0.6703,7.362,0,0,0.0,0.6703,3,11.308,0,NORMAL
2026-09-03 13:30:00,R2,2.661,8.29,0.321,2.661,0,0,0.0,0.321,2,9.987,0,NORMAL
2026-09-03 13:45:00,R1,7.141,10.97,0.651,7.141,0,0,0.0,0.651,3,11.322,0,NORMAL
2026-09-03 13:45:00,R2,2.873,7.995,0.3593,2.873,0,0,0.0,0.3593,2,10.357,0,NORMAL
2026-09-03 14:00:00,R1,7.67,10.749,0.7136,7.67,0,0,0.0,0.7136,3,11.555,0,NORMAL
2026-09-03 14:00:00,R2,2.816,8.085,0.3483,2.816,0,0,0.0,0.3483,2,10.242,0,NORMAL
2026-09-03 14:15:00,R1,7.558,10.393,0.7272,7.558,0,0,0.0,0.7272,3,11.95,0,NORMAL
2026-09-03 14:15:00,R2,2.547,8.004,0.3182,2.547,0,0,0.0,0.3182,2,10.345,0,NORMAL
2026-09-03 14:30:00,R1,7.697,10.552,0.7295,7.697,0,0,0.0,0.7295,3,11.771,0,NORMAL
2026-09-03 14:30:00,R2,2.651,7.669,0.3456,2.651,0,0,0.0,0.3456,2,10.797,0,NORMAL
2026-09-03 14:45:00,R1,6.98,10.29,0.6783,6.98,0,0,0.0,0.6783,3,12.07,0,NORMAL
2026-09-03 14:45:00,R2,2.512,8.583,0.2927,2.512,0,0,0.0,0.2927,2,9.647,0,NORMAL
2026-09-03 15:00:00,R1,7.576,10.593,0.7152,7.576,0,0,0.0,0.7152,3,11.725,0,NORMAL
2026-09-03 15:00:00,R2,2.689,7.988,0.3366,2.689,0,0,0.0,0.3366,2,10.366,0,NORMAL
2026-09-03 15:15:00,R1,6.919,10.991,0.6295,6.919,0,0,0.0,0.6295,3,11.3,0,NORMAL
2026-09-03 15:15:00,R2,2.891,8.091,0.3573,2.891,0,0,0.0,0.3573,2,10.234,0,NORMAL
2026-09-03 15:30:00,R1,7.661,10.627,0.7209,7.661,0,0,0.0,0.7209,3,11.687,0,NORMAL
2026-09-03 15:30:00,R2,2.595,7.854,0.3304,2.595,0,0,0.0,0.3304,2,10.543,0,NORMAL
2026-09-03 15:45:00,R1,7.813,10.517,0.7429,7.813,0,0,0.0,0.7429,3,11.81,0,NORMAL
2026-09-03 15:45:00,R2,2.616,7.893,0.3314,2.616,0,0,0.0,0.3314,2,10.49,0,NORMAL
2026-09-03 16:00:00,R1,7.506,10.282,0.73,7.506,0,0,0.0,0.73,3,12.08,0,NORMAL
2026-09-03 16:00:00,R2,2.7,8.084,0.334,2.7,0,0,0.0,0.334,2,10.242,0,NORMAL
2026-09-03 16:15:00,R1,7.262,10.527,0.6898,7.262,0,0,0.0,0.6898,3,11.798,0,NORMAL
2026-09-03 16:15:00,R2,2.73,8.219,0.3321,2.73,0,0,0.0,0.3321,2,10.074,0,NORMAL
2026-09-03 16:30:00,R1,6.692,10.944,0.6115,6.692,0,0,0.0,0.6115,3,11.348,0,NORMAL
2026-09-03 16:30:00,R2,2.783,8.088,0.3441,2.783,0,0,0.0,0.3441,2,10.237,0,NORMAL
2026-09-03 16:45:00,R1,7.608,10.875,0.6996,7.608,0,0,0.0,0.6996,3,11.421,0,NORMAL
2026-09-03 16:45:00,R2,3.082,8.259,0.3732,3.082,0,0,0.0,0.3732,2,10.025,0,NORMAL
2026-09-03 17:00:00,R1,7.65,10.023,0.7632,7.65,0,0,0.0,0.7632,3,12.391,0,WARNING
2026-09-03 17:00:00,R2,2.943,8.21,0.3585,2.943,0,0,0.0,0.3585,2,10.085,0,NORMAL
2026-09-03 17:15:00,R1,7.538,9.959,0.7569,7.538,0,0,0.0,0.7569,3,12.471,0,WARNING
2026-09-03 17:15:00,R2,2.702,8.438,0.3202,2.702,0,0,0.0,0.3202,2,9.813,0,NORMAL
2026-09-03 17:30:00,R1,7.611,9.651,0.7886,7.611,0,0,0.0,0.7886,3,12.869,0,WARNING
2026-09-03 17:30:00,R2,2.924,7.86,0.3719,2.924,0,0,0.0,0.3719,2,10.534,0,NORMAL
2026-09-03 17:45:00,R1,7.314,11.126,0.6573,7.314,0,0,0.0,0.6573,3,11.163,0,NORMAL
2026-09-03 17:45:00,R2,2.75,8.312,0.3308,2.75,0,0,0.0,0.3308,2,9.961,0,NORMAL
2026-09-03 18:00:00,R1,7.861,10.461,0.7515,7.861,0,0,0.0,0.7515,3,11.873,0,WARNING
2026-09-03 18:00:00,R2,2.932,8.202,0.3575,2.932,0,0,0.0,0.3575,2,10.095,0,NORMAL
2026-09-03 18:15:00,R1,7.134,11.231,0.6352,7.134,0,0,0.0,0.6352,3,11.059,0,NORMAL
2026-09-03 18:15:00,R2,2.756,7.74,0.356,2.756,0,0,0.0,0.356,2,10.697,0,NORMAL
2026-09-03 18:30:00,R1,7.008,10.891,0.6434,7.008,0,0,0.0,0.6434,3,11.404,0,NORMAL
2026-09-03 18:30:00,R2,2.978,7.793,0.3821,2.978,0,0,0.0,0.3821,2,10.625,0,NORMAL
2026-09-03 18:45:00,R1,7.303,10.366,0.7045,7.303,0,0,0.0,0.7045,3,11.982,0,NORMAL
2026-09-03 18:45:00,R2,2.58,7.744,0.3332,2.58,0,0,0.0,0.3332,2,10.693,0,NORMAL
2026-09-03 19:00:00,R1,5.967,6.706,0.8898,5.967,0,0,0.0,0.8898,2,12.348,0,WARNING
2026-09-03 19:00:00,R2,2.927,7.89,0.371,2.927,0,0,0.0,0.371,2,10.494,0,NORMAL
2026-09-03 19:15:00,R1,6.244,10.597,0.5892,6.244,0,0,0.0,0.5892,3,11.721,0,NORMAL
2026-09-03 19:15:00,R2,2.62,8.806,0.2975,2.62,0,0,0.0,0.2975,2,9.403,0,NORMAL
2026-09-03 19:30:00,R1,6.874,10.353,0.664,6.874,0,0,0.0,0.664,3,11.996,0,NORMAL
2026-09-03 19:30:00,R2,2.665,8.669,0.3074,2.665,0,0,0.0,0.3074,2,9.551,0,NORMAL
2026-09-03 19:45:00,R1,7.548,10.265,0.7353,7.548,0,0,0.0,0.7353,3,12.099,0,NORMAL
2026-09-03 19:45:00,R2,2.755,8.416,0.3273,2.755,0,0,0.0,0.3273,2,9.838,0,NORMAL
2026-09-03 20:00:00,R1,7.352,10.902,0.6744,7.352,0,0,0.0,0.6744,3,11.392,0,NORMAL
2026-09-03 20:00:00,R2,3.107,7.974,0.3897,3.107,0,0,0.0,0.3897,2,10.384,0,NORMAL
2026-09-03 20:15:00,R1,7.682,10.829,0.7094,7.682,0,0,0.0,0.7094,3,11.469,0,NORMAL
2026-09-03 20:15:00,R2,2.802,7.548,0.3712,2.802,0,0,0.0,0.3712,2,10.969,0,NORMAL
2026-09-03 20:30:00,R1,7.247,10.908,0.6644,7.247,0,0,0.0,0.6644,3,11.386,0,NORMAL
2026-09-03 20:30:00,R2,3.124,8.312,0.3759,3.124,0,0,0.0,0.3759,2,9.962,0,NORMAL
2026-09-03 20:45:00,R1,6.942,10.704,0.6485,6.942,0,0,0.0,0.6485,3,11.603,0,NORMAL
2026-09-03 20:45:00,R2,2.758,8.517,0.3238,2.758,0,0,0.0,0.3238,2,9.722,0,NORMAL
2026-09-03 21:00:00,R1,7.096,10.699,0.6633,7.096,0,0,0.0,0.6633,3,11.609,0,NORMAL
2026-09-03 21:00:00,R2,3.185,8.404,0.379,3.185,0,0,0.0,0.379,2,9.853,0,NORMAL
2026-09-03 21:15:00,R1,6.259,11.231,0.5573,6.259,0,0,0.0,0.5573,3,11.058,0,NORMAL
2026-09-03 21:15:00,R2,2.895,7.944,0.3644,2.895,0,0,0.0,0.3644,2,10.423,0,NORMAL
2026-09-03 21:30:00,R1,6.902,10.898,0.6333,6.902,0,0,0.0,0.6333,3,11.397,0,NORMAL
2026-09-03 21:30:00,R2,2.736,7.685,0.3559,2.736,0,0,0.0,0.3559,2,10.774,0,NORMAL
2026-09-03 21:45:00,R1,6.944,10.628,0.6534,6.944,0,0,0.0,0.6534,3,11.686,0,NORMAL
2026-09-03 21:45:00,R2,2.791,8.374,0.3333,2.791,0,0,0.0,0.3333,2,9.888,0,NORMAL
2026-09-03 22:00:00,R1,5.579,10.83,0.5152,5.579,0,0,0.0,0.5152,3,11.468,0,NORMAL
2026-09-03 22:00:00,R2,2.298,8.418,0.273,2.298,0,0,0.0,0.273,2,9.836,0,NORMAL
2026-09-03 22:15:00,R1,5.898,11.049,0.5338,5.898,0,0,0.0,0.5338,3,11.241,0,NORMAL
2026-09-03 22:15:00,R2,2.145,7.674,0.2795,2.145,0,0,0.0,0.2795,2,10.789,0,NORMAL
2026-09-03 22:30:00,R1,5.132,7.172,0.7156,5.132,0,0,0.0,0.7156,2,11.544,0,NORMAL
2026-09-03 22:30:00,R2,2.46,7.885,0.312,2.46,0,0,0.0,0.312,2,10.501,0,NORMAL
2026-09-03 22:45:00,R1,5.136,10.124,0.5073,5.136,0,0,0.0,0.5073,3,12.268,0,NORMAL
2026-09-03 22:45:00,R2,2.24,7.738,0.2895,2.24,0,0,0.0,0.2895,2,10.7,0,NORMAL
2026-09-03 23:00:00,R1,5.021,11.432,0.4392,5.021,0,0,0.0,0.4392,3,10.864,0,NORMAL
2026-09-03 23:00:00,R2,2.953,7.769,0.3801,2.953,0,0,0.0,0.3801,2,10.658,0,NORMAL
2026-09-03 23:15:00,R1,5.309,10.39,0.5109,5.309,0,0,0.0,0.5109,3,11.954,0,NORMAL
2026-09-03 23:15:00,R2,2.86,7.898,0.3621,2.86,0,0,0.0,0.3621,2,10.484,0,NORMAL
2026-09-03 23:30:00,R1,4.74,11.399,0.4158,4.74,0,0,0.0,0.4158,3,10.896,0,NORMAL
2026-09-03 23:30:00,R2,2.631,7.789,0.3377,2.631,0,0,0.0,0.3377,2,10.63,0,NORMAL
2026-09-03 23:45:00,R1,5.073,10.789,0.4702,5.073,0,0,0.0,0.4702,3,11.512,0,NORMAL
2026-09-03 23:45:00,R2,2.214,7.94,0.2788,2.214,0,0,0.0,0.2788,2,10.428,0,NORMAL
2026-09-04 00:00:00,R1,4.696,10.921,0.43,4.696,0,0,0.0,0.43,3,11.372,0,NORMAL
2026-09-04 00:00:00,R2,2.262,8.07,0.2802,2.262,0,0,0.0,0.2802,2,10.26,0,NORMAL
2026-09-04 00:15:00,R1,5.431,10.457,0.5194,5.431,0,0,0.0,0.5194,3,11.877,0,NORMAL
2026-09-04 00:15:00,R2,2.547,8.578,0.297,2.547,0,0,0.0,0.297,2,9.652,0,NORMAL
2026-09-04 00:30:00,R1,5.373,11.372,0.4725,5.373,0,0,0.0,0.4725,3,10.922,0,NORMAL
2026-09-04 00:30:00,R2,2.554,3.997,0.639,2.554,0,0,0.0,0.639,1,10.359,0,NORMAL
2026-09-04 00:45:00,R1,5.357,9.926,0.5397,5.357,0,0,0.0,0.5397,3,12.513,0,NORMAL
2026-09-04 00:45:00,R2,2.302,3.843,0.5988,2.302,0,0,0.0,0.5988,1,10.772,0,NORMAL
2026-09-04 01:00:00,R1,5.419,10.709,0.5061,5.419,0,0,0.0,0.5061,3,11.598,0,NORMAL
2026-09-04 01:00:00,R2,2.177,7.856,0.2771,2.177,0,0,0.0,0.2771,2,10.539,0,NORMAL
2026-09-04 01:15:00,R1,4.874,10.544,0.4622,4.874,0,0,0.0,0.4622,3,11.78,0,NORMAL
2026-09-04 01:15:00,R2,2.308,8.585,0.2689,2.308,0,0,0.0,0.2689,2,9.644,0,NORMAL
2026-09-04 01:30:00,R1,4.976,7.276,0.6839,4.976,0,0,0.0,0.6839,2,11.38,0,NORMAL
2026-09-04 01:30:00,R2,2.571,8.187,0.314,2.571,0,0,0.0,0.314,2,10.113,0,NORMAL
2026-09-04 01:45:00,R1,5.634,10.496,0.5367,5.634,0,0,0.0,0.5367,3,11.833,0,NORMAL
2026-09-04 01:45:00,R2,2.118,8.52,0.2486,2.118,0,0,0.0,0.2486,2,9.718,0,NORMAL
2026-09-04 02:00:00,R1,5.042,10.705,0.471,5.042,0,0,0.0,0.471,3,11.602,0,NORMAL
2026-09-04 02:00:00,R2,2.435,7.776,0.3132,2.435,0,0,0.0,0.3132,2,10.648,0,NORMAL
2026-09-04 02:15:00,R1,5.012,10.59,0.4733,5.012,0,0,0.0,0.4733,3,11.728,0,NORMAL
2026-09-04 02:15:00,R2,2.44,8.48,0.2878,2.44,0,0,0.0,0.2878,2,9.765,0,NORMAL
2026-09-04 02:30:00,R1,5.415,10.573,0.5122,5.415,0,0,0.0,0.5122,3,11.747,0,NORMAL
2026-09-04 02:30:00,R2,2.612,7.712,0.3387,2.612,0,0,0.0,0.3387,2,10.737,0,NORMAL
2026-09-04 02:45:00,R1,5.522,10.305,0.5359,5.522,0,0,0.0,0.5359,3,12.052,0,NORMAL
2026-09-04 02:45:00,R2,2.33,8.257,0.2821,2.33,0,0,0.0,0.2821,2,10.027,0,NORMAL
2026-09-04 03:00:00,R1,5.252,11.017,0.4767,5.252,0,0,0.0,0.4767,3,11.273,0,NORMAL
2026-09-04 03:00:00,R2,2.774,7.315,0.3792,2.774,0,0,0.0,0.3792,2,11.319,0,NORMAL
2026-09-04 03:15:00,R1,5.378,10.585,0.508,5.378,0,0,0.0,0.508,3,11.733,0,NORMAL
2026-09-04 03:15:00,R2,1.972,8.391,0.2349,1.972,0,0,0.0,0.2349,2,9.867,0,NORMAL
2026-09-04 03:30:00,R1,5.597,10.544,0.5308,5.597,0,0,0.0,0.5308,3,11.779,0,NORMAL
2026-09-04 03:30:00,R2,2.496,8.456,0.2951,2.496,0,0,0.0,0.2951,2,9.792,0,NORMAL
2026-09-04 03:45:00,R1,5.086,10.679,0.4763,5.086,0,0,0.0,0.4763,3,11.631,0,NORMAL
2026-09-04 03:45:00,R2,2.649,8.083,0.3277,2.649,0,0,0.0,0.3277,2,10.244,0,NORMAL
2026-09-04 04:00:00,R1,5.219,10.529,0.4957,5.219,0,0,0.0,0.4957,3,11.796,0,NORMAL
2026-09-04 04:00:00,R2,2.815,7.909,0.3559,2.815,0,0,0.0,0.3559,2,10.469,0,NORMAL
2026-09-04 04:15:00,R1,5.204,11.241,0.4629,5.204,0,0,0.0,0.4629,3,11.049,0,NORMAL
2026-09-04 04:15:00,R2,2.619,8.198,0.3194,2.619,0,0,0.0,0.3194,2,10.1,0,NORMAL
2026-09-04 04:30:00,R1,5.696,10.836,0.5256,5.696,0,0,0.0,0.5256,3,11.462,0,NORMAL
2026-09-04 04:30:00,R2,2.414,8.384,0.2879,2.414,0,0,0.0,0.2879,2,9.876,0,NORMAL
2026-09-04 04:45:00,R1,5.777,10.367,0.5573,5.777,0,0,0.0,0.5573,3,11.98,0,NORMAL
2026-09-04 04:45:00,R2,2.965,8.017,0.3699,2.965,0,0,0.0,0.3699,2,10.327,0,NORMAL
2026-09-04 05:00:00,R1,5.855,10.209,0.5735,5.855,0,0,0.0,0.5735,3,12.166,0,NORMAL
2026-09-04 05:00:00,R2,2.587,8.226,0.3145,2.587,0,0,0.0,0.3145,2,10.066,0,NORMAL
2026-09-04 05:15:00,R1,5.237,11.104,0.4717,5.237,0,0,0.0,0.4717,3,11.185,0,NORMAL
2026-09-04 05:15:00,R2,2.778,8.207,0.3385,2.778,0,0,0.0,0.3385,2,10.089,0,NORMAL
2026-09-04 05:30:00,R1,5.205,10.709,0.486,5.205,0,0,0.0,0.486,3,11.597,0,NORMAL
2026-09-04 05:30:00,R2,2.472,8.168,0.3027,2.472,0,0,0.0,0.3027,2,10.137,0,NORMAL
2026-09-04 05:45:00,R1,5.416,10.333,0.5242,5.416,0,0,0.0,0.5242,3,12.02,0,NORMAL
2026-09-04 05:45:00,R2,2.618,7.905,0.3312,2.618,0,0,0.0,0.3312,2,10.474,0,NORMAL
2026-09-04 06:00:00,R1,6.234,10.574,0.5896,6.234,0,0,0.0,0.5896,3,11.746,0,NORMAL
2026-09-04 06:00:00,R2,3.321,8.187,0.4056,3.321,0,0,0.0,0.4056,2,10.114,0,NORMAL
2026-09-04 06:15:00,R1,6.489,10.287,0.6308,6.489,0,0,0.0,0.6308,3,12.074,0,NORMAL
2026-09-04 06:15:00,R2,3.197,7.356,0.4347,3.197,0,0,0.0,0.4347,2,11.256,0,NORMAL
2026-09-04 06:30:00,R1,6.307,10.585,0.5959,6.307,0,0,0.0,0.5959,3,11.734,0,NORMAL
2026-09-04 06:30:00,R2,2.642,8.398,0.3145,2.642,0,0,0.0,0.3145,2,9.859,0,NORMAL
2026-09-04 06:45:00,R1,6.485,10.86,0.5972,6.485,0,0,0.0,0.5972,3,11.436,0,NORMAL
2026-09-04 06:45:00,R2,3.388,7.96,0.4256,3.388,0,0,0.0,0.4256,2,10.402,0,NORMAL
2026-09-04 07:00:00,R1,6.62,10.687,0.6194,6.62,0,0,0.0,0.6194,3,11.622,0,NORMAL
2026-09-04 07:00:00,R2,3.234,8.535,0.379,3.234,0,0,0.0,0.379,2,9.702,0,NORMAL
2026-09-04 07:15:00,R1,6.304,10.844,0.5814,6.304,0,0,0.0,0.5814,3,11.453,0,NORMAL
2026-09-04 07:15:00,R2,2.941,8.934,0.3292,2.941,0,0,0.0,0.3292,2,9.268,0,NORMAL
2026-09-04 07:30:00,R1,7.076,10.143,0.6976,7.076,0,0,0.0,0.6976,3,12.245,0,NORMAL
2026-09-04 07:30:00,R2,3.089,8.119,0.3805,3.089,0,0,0.0,0.3805,2,10.198,0,NORMAL
2026-09-04 07:45:00,R1,6.522,10.448,0.6242,6.522,0,0,0.0,0.6242,3,11.888,0,NORMAL
2026-09-04 07:45:00,R2,2.884,7.975,0.3617,2.884,0,0,0.0,0.3617,2,10.382,0,NORMAL
2026-09-04 08:00:00,R1,6.787,10.615,0.6394,6.787,0,0,0.0,0.6394,3,11.7,0,NORMAL
2026-09-04 08:00:00,R2,3.353,8.006,0.4188,3.353,0,0,0.0,0.4188,2,10.342,0,NORMAL
2026-09-04 08:15:00,R1,7.161,10.846,0.6602,7.161,0,0,0.0,0.6602,3,11.451,0,NORMAL
2026-09-04 08:15:00,R2,3.338,7.777,0.4293,3.338,0,0,0.0,0.4293,2,10.647,0,NORMAL
2026-09-04 08:30:00,R1,6.766,10.532,0.6424,6.766,0,0,0.0,0.6424,3,11.793,0,NORMAL
2026-09-04 08:30:00,R2,2.663,7.48,0.3561,2.663,0,0,0.0,0.3561,2,11.07,0,NORMAL
2026-09-04 08:45:00,R1,6.977,10.156,0.687,6.977,0,0,0.0,0.687,3,12.229,0,NORMAL
2026-09-04 08:45:00,R2,3.032,8.017,0.3782,3.032,0,0,0.0,0.3782,2,10.329,0,NORMAL
2026-09-04 09:00:00,R1,7.089,10.618,0.6676,7.089,0,0,0.0,0.6676,3,11.697,0,NORMAL
2026-09-04 09:00:00,R2,2.694,8.17,0.3297,2.694,0,0,0.0,0.3297,2,10.134,0,NORMAL
2026-09-04 09:15:00,R1,6.866,6.668,1.0296,6.668,0,0.198,0.0,1.0296,2,12.418,0,HIGH
2026-09-04 09:15:00,R2,2.971,8.164,0.3639,2.971,0,0,0.0,0.3639,2,10.142,0,NORMAL
2026-09-04 09:30:00,R1,6.614,11.189,0.5911,6.811,0.198,0,0.265,0.6087,3,11.1,0,NORMAL
2026-09-04 09:30:00,R2,2.711,8.448,0.3209,2.711,0,0,0.0,0.3209,2,9.801,0,NORMAL
2026-09-04 09:45:00,R1,6.804,10.763,0.6322,6.804,0,0,0.0,0.6322,3,11.539,0,NORMAL
2026-09-04 09:45:00,R2,2.705,7.881,0.3432,2.705,0,0,0.0,0.3432,2,10.506,0,NORMAL
2026-09-04 10:00:00,R1,6.548,11.151,0.5872,6.548,0,0,0.0,0.5872,3,11.138,0,NORMAL
2026-09-04 10:00:00,R2,2.904,7.806,0.3721,2.904,0,0,0.0,0.3721,2,10.607,0,NORMAL
2026-09-04 10:15:00,R1,7.094,10.291,0.6893,7.094,0,0,0.0,0.6893,3,12.069,0,NORMAL
2026-09-04 10:15:00,R2,3.247,7.914,0.4103,3.247,0,0,0.0,0.4103,2,10.463,0,NORMAL
2026-09-04 10:30:00,R1,7.164,9.868,0.7259,7.164,0,0,0.0,0.7259,3,12.586,0,NORMAL
2026-09-04 10:30:00,R2,2.813,7.7,0.3653,2.813,0,0,0.0,0.3653,2,10.753,0,NORMAL
2026-09-04 10:45:00,R1,6.844,10.705,0.6393,6.844,0,0,0.0,0.6393,3,11.602,0,NORMAL
2026-09-04 10:45:00,R2,3.032,8.32,0.3644,3.032,0,0,0.0,0.3644,2,9.952,0,NORMAL
2026-09-04 11:00:00,R1,7.133,6.537,1.0911,6.537,0,0.596,0.0,1.0911,2,12.666,0,HIGH
2026-09-04 11:00:00,R2,2.887,8.256,0.3497,2.887,0,0,0.0,0.3497,2,10.029,0,NORMAL
2026-09-04 11:15:00,R1,7.22,10.6,0.6811,7.816,0.596,0,0.843,0.7373,3,11.717,0,NORMAL
2026-09-04 11:15:00,R2,2.821,7.752,0.3639,2.821,0,0,0.0,0.3639,2,10.68,0,NORMAL
2026-09-04 11:30:00,R1,5.996,11.075,0.5414,5.996,0,0,0.0,0.5414,3,11.214,0,NORMAL
2026-09-04 11:30:00,R2,3.121,7.604,0.4105,3.121,0,0,0.0,0.4105,2,10.889,0,NORMAL
2026-09-04 11:45:00,R1,5.659,10.642,0.5318,5.659,0,0,0.0,0.5318,3,11.67,0,NORMAL
2026-09-04 11:45:00,R2,2.577,7.879,0.327,2.577,0,0,0.0,0.327,2,10.508,0,NORMAL
2026-09-04 12:00:00,R1,7.887,10.142,0.7777,7.887,0,0,0.0,0.7777,3,12.247,0,WARNING
2026-09-04 12:00:00,R2,2.806,3.89,0.7212,2.806,0,0,0.0,0.7212,1,10.643,0,NORMAL
2026-09-04 12:15:00,R1,6.959,10.194,0.6827,6.959,0,0,0.0,0.6827,3,12.184,0,NORMAL
2026-09-04 12:15:00,R2,3.131,7.907,0.396,3.131,0,0,0.0,0.396,2,10.472,0,NORMAL
2026-09-04 12:30:00,R1,6.955,10.787,0.6448,6.955,0,0,0.0,0.6448,3,11.514,0,NORMAL
2026-09-04 12:30:00,R2,2.513,8.218,0.3057,2.513,0,0,0.0,0.3057,2,10.075,0,NORMAL
2026-09-04 12:45:00,R1,6.819,10.706,0.6369,6.819,0,0,0.0,0.6369,3,11.6,0,NORMAL
2026-09-04 12:45:00,R2,2.827,7.72,0.3662,2.827,0,0,0.0,0.3662,2,10.726,0,NORMAL
2026-09-04 13:00:00,R1,6.96,10.97,0.6345,6.96,0,0,0.0,0.6345,3,11.321,0,NORMAL
2026-09-04 13:00:00,R2,2.968,8.151,0.3641,2.968,0,0,0.0,0.3641,2,10.159,0,NORMAL
2026-09-04 13:15:00,R1,7.041,6.606,1.0658,6.606,0,0.435,0.0,1.0658,2,12.534,0,HIGH
2026-09-04 13:15:00,R2,2.673,8.109,0.3297,2.673,0,0,0.0,0.3297,2,10.211,0,NORMAL
2026-09-04 13:30:00,R1,6.447,10.237,0.6298,6.882,0.435,0,0.637,0.6723,3,12.133,0,NORMAL
2026-09-04 13:30:00,R2,2.509,8.195,0.3061,2.509,0,0,0.0,0.3061,2,10.104,0,NORMAL
2026-09-04 13:45:00,R1,7.43,11.049,0.6724,7.43,0,0,0.0,0.6724,3,11.241,0,NORMAL
2026-09-04 13:45:00,R2,2.889,7.903,0.3655,2.889,0,0,0.0,0.3655,2,10.477,0,NORMAL
2026-09-04 14:00:00,R1,7.14,11.051,0.6461,7.14,0,0,0.0,0.6461,3,11.239,0,NORMAL
2026-09-04 14:00:00,R2,2.568,7.973,0.3221,2.568,0,0,0.0,0.3221,2,10.385,0,NORMAL
2026-09-04 14:15:00,R1,7.689,10.945,0.7025,7.689,0,0,0.0,0.7025,3,11.348,0,NORMAL
2026-09-04 14:15:00,R2,2.85,8.068,0.3532,2.85,0,0,0.0,0.3532,2,10.262,0,NORMAL
2026-09-04 14:30:00,R1,7.096,10.724,0.6617,7.096,0,0,0.0,0.6617,3,11.582,0,NORMAL
2026-09-04 14:30:00,R2,2.699,8.539,0.3161,2.699,0,0,0.0,0.3161,2,9.697,0,NORMAL
2026-09-04 14:45:00,R1,7.331,11.218,0.6536,7.331,0,0,0.0,0.6536,3,11.072,0,NORMAL
2026-09-04 14:45:00,R2,2.879,7.965,0.3615,2.879,0,0,0.0,0.3615,2,10.396,0,NORMAL
2026-09-04 15:00:00,R1,7.329,10.999,0.6664,7.329,0,0,0.0,0.6664,3,11.292,0,NORMAL
2026-09-04 15:00:00,R2,3.072,8.62,0.3564,3.072,0,0,0.0,0.3564,2,9.605,0,NORMAL
2026-09-04 15:15:00,R1,7.486,10.535,0.7106,7.486,0,0,0.0,0.7106,3,11.789,0,NORMAL
2026-09-04 15:15:00,R2,2.48,8.199,0.3025,2.48,0,0,0.0,0.3025,2,10.098,0,NORMAL
2026-09-04 15:30:00,R1,7.557,10.73,0.7043,7.557,0,0,0.0,0.7043,3,11.575,0,NORMAL
2026-09-04 15:30:00,R2,2.546,7.694,0.3309,2.546,0,0,0.0,0.3309,2,10.762,0,NORMAL
2026-09-04 15:45:00,R1,7.52,10.534,0.7139,7.52,0,0,0.0,0.7139,3,11.791,0,NORMAL
2026-09-04 15:45:00,R2,2.906,7.94,0.366,2.906,0,0,0.0,0.366,2,10.429,0,NORMAL
2026-09-04 16:00:00,R1,8.06,10.988,0.7336,8.06,0,0,0.0,0.7336,3,11.304,0,NORMAL
2026-09-04 16:00:00,R2,3.115,3.941,0.7903,3.115,0,0,0.0,0.7903,1,10.505,0,WARNING
2026-09-04 16:15:00,R1,7.479,10.739,0.6964,7.479,0,0,0.0,0.6964,3,11.565,0,NORMAL
2026-09-04 16:15:00,R2,2.914,8.235,0.3538,2.914,0,0,0.0,0.3538,2,10.055,0,NORMAL
2026-09-04 16:30:00,R1,6.818,10.988,0.6205,6.818,0,0,0.0,0.6205,3,11.304,0,NORMAL
2026-09-04 16:30:00,R2,2.483,7.725,0.3214,2.483,0,0,0.0,0.3214,2,10.719,0,NORMAL
2026-09-04 16:45:00,R1,7.681,10.934,0.7025,7.681,0,0,0.0,0.7025,3,11.359,0,NORMAL
2026-09-04 16:45:00,R2,2.776,8.04,0.3453,2.776,0,0,0.0,0.3453,2,10.299,0,NORMAL
2026-09-04 17:00:00,R1,7.857,9.972,0.7879,7.857,0,0,0.0,0.7879,3,12.454,0,WARNING
2026-09-04 17:00:00,R2,2.764,7.88,0.3508,2.764,0,0,0.0,0.3508,2,10.508,0,NORMAL
2026-09-04 17:15:00,R1,7.877,11.602,0.679,7.877,0,0,0.0,0.679,3,10.705,0,NORMAL
2026-09-04 17:15:00,R2,2.843,7.971,0.3566,2.843,0,0,0.0,0.3566,2,10.387,0,NORMAL
2026-09-04 17:30:00,R1,6.608,10.355,0.6382,6.608,0,0,0.0,0.6382,3,11.995,0,NORMAL
2026-09-04 17:30:00,R2,2.965,8.779,0.3377,2.965,0,0,0.0,0.3377,2,9.431,0,NORMAL
2026-09-04 17:45:00,R1,7.271,9.968,0.7294,7.271,0,0,0.0,0.7294,3,12.46,0,NORMAL
2026-09-04 17:45:00,R2,3.35,8.206,0.4083,3.35,0,0,0.0,0.4083,2,10.09,0,NORMAL
2026-09-04 18:00:00,R1,7.36,10.468,0.7031,7.36,0,0,0.0,0.7031,3,11.865,0,NORMAL
2026-09-04 18:00:00,R2,2.572,8.538,0.3013,2.572,0,0,0.0,0.3013,2,9.698,0,NORMAL
2026-09-04 18:15:00,R1,7.532,11.28,0.6677,7.532,0,0,0.0,0.6677,3,11.01,0,NORMAL
2026-09-04 18:15:00,R2,2.741,7.731,0.3545,2.741,0,0,0.0,0.3545,2,10.71,0,NORMAL
2026-09-04 18:30:00,R1,7.037,10.691,0.6582,7.037,0,0,0.0,0.6582,3,11.617,0,NORMAL
2026-09-04 18:30:00,R2,2.821,8.462,0.3334,2.821,0,0,0.0,0.3334,2,9.785,0,NORMAL
2026-09-04 18:45:00,R1,7.731,10.764,0.7182,7.731,0,0,0.0,0.7182,3,11.539,0,NORMAL
2026-09-04 18:45:00,R2,2.817,8.407,0.3351,2.817,0,0,0.0,0.3351,2,9.849,0,NORMAL
2026-09-04 19:00:00,R1,6.0,10.398,0.5771,6.0,0,0,0.0,0.5771,3,11.945,0,NORMAL
2026-09-04 19:00:00,R2,2.6,8.121,0.3202,2.6,0,0,0.0,0.3202,2,10.196,0,NORMAL
2026-09-04 19:15:00,R1,6.46,11.514,0.5611,6.46,0,0,0.0,0.5611,3,10.787,0,NORMAL
2026-09-04 19:15:00,R2,2.734,7.853,0.3482,2.734,0,0,0.0,0.3482,2,10.544,0,NORMAL
2026-09-04 19:30:00,R1,7.478,10.089,0.7412,7.478,0,0,0.0,0.7412,3,12.311,0,NORMAL
2026-09-04 19:30:00,R2,3.151,7.98,0.3948,3.151,0,0,0.0,0.3948,2,10.376,0,NORMAL
2026-09-04 19:45:00,R1,6.832,10.44,0.6544,6.832,0,0,0.0,0.6544,3,11.897,0,NORMAL
2026-09-04 19:45:00,R2,2.816,8.058,0.3495,2.816,0,0,0.0,0.3495,2,10.276,0,NORMAL
2026-09-04 20:00:00,R1,6.976,11.7,0.5963,6.976,0,0,0.0,0.5963,3,10.615,0,NORMAL
2026-09-04 20:00:00,R2,3.231,8.376,0.3857,3.231,0,0,0.0,0.3857,2,9.885,0,NORMAL
2026-09-04 20:15:00,R1,6.69,10.609,0.6306,6.69,0,0,0.0,0.6306,3,11.707,0,NORMAL
2026-09-04 20:15:00,R2,2.76,8.172,0.3377,2.76,0,0,0.0,0.3377,2,10.132,0,NORMAL
2026-09-04 20:30:00,R1,6.868,11.132,0.6169,6.868,0,0,0.0,0.6169,3,11.157,0,NORMAL
2026-09-04 20:30:00,R2,3.043,8.19,0.3715,3.043,0,0,0.0,0.3715,2,10.11,0,NORMAL
2026-09-04 20:45:00,R1,7.071,11.134,0.6351,7.071,0,0,0.0,0.6351,3,11.155,0,NORMAL
2026-09-04 20:45:00,R2,2.891,8.2,0.3525,2.891,0,0,0.0,0.3525,2,10.098,0,NORMAL
2026-09-04 21:00:00,R1,7.015,11.239,0.6242,7.015,0,0,0.0,0.6242,3,11.05,0,NORMAL
2026-09-04 21:00:00,R2,3.029,7.758,0.3905,3.029,0,0,0.0,0.3905,2,10.672,0,NORMAL
2026-09-04 21:15:00,R1,6.595,10.589,0.6228,6.595,0,0,0.0,0.6228,3,11.73,0,NORMAL
2026-09-04 21:15:00,R2,3.106,8.393,0.3701,3.106,0,0,0.0,0.3701,2,9.865,0,NORMAL
2026-09-04 21:30:00,R1,6.322,10.87,0.5816,6.322,0,0,0.0,0.5816,3,11.426,0,NORMAL
2026-09-04 21:30:00,R2,2.814,8.144,0.3456,2.814,0,0,0.0,0.3456,2,10.167,0,NORMAL
2026-09-04 21:45:00,R1,6.925,10.405,0.6656,6.925,0,0,0.0,0.6656,3,11.937,0,NORMAL
2026-09-04 21:45:00,R2,3.359,8.048,0.4174,3.359,0,0,0.0,0.4174,2,10.289,0,NORMAL
2026-09-04 22:00:00,R1,5.809,10.209,0.569,5.809,0,0,0.0,0.569,3,12.165,0,NORMAL
2026-09-04 22:00:00,R2,2.23,8.375,0.2663,2.23,0,0,0.0,0.2663,2,9.887,0,NORMAL
2026-09-04 22:15:00,R1,5.576,9.687,0.5756,5.576,0,0,0.0,0.5756,3,12.821,0,NORMAL
2026-09-04 22:15:00,R2,2.704,8.634,0.3132,2.704,0,0,0.0,0.3132,2,9.59,0,NORMAL
2026-09-04 22:30:00,R1,4.818,11.122,0.4332,4.818,0,0,0.0,0.4332,3,11.167,0,NORMAL
2026-09-04 22:30:00,R2,2.278,8.476,0.2688,2.278,0,0,0.0,0.2688,2,9.768,0,NORMAL
2026-09-04 22:45:00,R1,5.247,10.917,0.4806,5.247,0,0,0.0,0.4806,3,11.377,0,NORMAL
2026-09-04 22:45:00,R2,2.788,8.271,0.3371,2.788,0,0,0.0,0.3371,2,10.011,0,NORMAL
2026-09-04 23:00:00,R1,5.861,10.43,0.5619,5.861,0,0,0.0,0.5619,3,11.908,0,NORMAL
2026-09-04 23:00:00,R2,2.297,8.619,0.2665,2.297,0,0,0.0,0.2665,2,9.607,0,NORMAL
2026-09-04 23:15:00,R1,5.243,9.936,0.5276,5.243,0,0,0.0,0.5276,3,12.5,0,NORMAL
2026-09-04 23:15:00,R2,2.448,8.703,0.2813,2.448,0,0,0.0,0.2813,2,9.514,0,NORMAL
2026-09-04 23:30:00,R1,5.202,10.304,0.5048,5.202,0,0,0.0,0.5048,3,12.053,0,NORMAL
2026-09-04 23:30:00,R2,2.328,8.736,0.2665,2.328,0,0,0.0,0.2665,2,9.479,0,NORMAL
2026-09-04 23:45:00,R1,5.676,10.898,0.5209,5.676,0,0,0.0,0.5209,3,11.397,0,NORMAL
2026-09-04 23:45:00,R2,2.612,8.17,0.3197,2.612,0,0,0.0,0.3197,2,10.134,0,NORMAL
2026-09-05 00:00:00,R1,4.555,10.981,0.4148,4.555,0,0,0.0,0.4148,3,11.31,0,NORMAL
2026-09-05 00:00:00,R2,2.08,8.681,0.2396,2.08,0,0,0.0,0.2396,2,9.538,0,NORMAL
2026-09-05 00:15:00,R1,4.547,10.128,0.449,4.547,0,0,0.0,0.449,3,12.263,0,NORMAL
2026-09-05 00:15:00,R2,2.14,8.76,0.2443,2.14,0,0,0.0,0.2443,2,9.452,0,NORMAL
2026-09-05 00:30:00,R1,4.784,7.126,0.6714,4.784,0,0,0.0,0.6714,2,11.62,0,NORMAL
2026-09-05 00:30:00,R2,2.011,7.606,0.2644,2.011,0,0,0.0,0.2644,2,10.886,0,NORMAL
2026-09-05 00:45:00,R1,4.141,11.348,0.3649,4.141,0,0,0.0,0.3649,3,10.945,0,NORMAL
2026-09-05 00:45:00,R2,2.144,8.31,0.258,2.144,0,0,0.0,0.258,2,9.964,0,NORMAL
2026-09-05 01:00:00,R1,3.388,7.174,0.4723,3.388,0,0,0.0,0.4723,2,11.542,0,NORMAL
2026-09-05 01:00:00,R2,1.941,4.207,0.4614,1.941,0,0,0.0,0.4614,1,9.84,0,NORMAL
2026-09-05 01:15:00,R1,4.358,11.051,0.3944,4.358,0,0,0.0,0.3944,3,11.239,0,NORMAL
2026-09-05 01:15:00,R2,1.691,8.642,0.1956,1.691,0,0,0.0,0.1956,2,9.581,0,NORMAL
2026-09-05 01:30:00,R1,4.586,7.428,0.6174,4.586,0,0,0.0,0.6174,2,11.147,0,NORMAL
2026-09-05 01:30:00,R2,2.068,8.157,0.2536,2.068,0,0,0.0,0.2536,2,10.151,0,NORMAL
2026-09-05 01:45:00,R1,4.661,10.975,0.4247,4.661,0,0,0.0,0.4247,3,11.316,0,NORMAL
2026-09-05 01:45:00,R2,2.252,7.757,0.2904,2.252,0,0,0.0,0.2904,2,10.675,0,NORMAL
2026-09-05 02:00:00,R1,4.17,10.564,0.3948,4.17,0,0,0.0,0.3948,3,11.757,0,NORMAL
2026-09-05 02:00:00,R2,2.563,8.275,0.3097,2.563,0,0,0.0,0.3097,2,10.006,0,NORMAL
2026-09-05 02:15:00,R1,4.486,10.256,0.4374,4.486,0,0,0.0,0.4374,3,12.11,0,NORMAL
2026-09-05 02:15:00,R2,2.185,8.044,0.2716,2.185,0,0,0.0,0.2716,2,10.293,0,NORMAL
2026-09-05 02:30:00,R1,4.513,10.886,0.4146,4.513,0,0,0.0,0.4146,3,11.409,0,NORMAL
2026-09-05 02:30:00,R2,2.407,8.307,0.2898,2.407,0,0,0.0,0.2898,2,9.968,0,NORMAL
2026-09-05 02:45:00,R1,4.222,10.602,0.3983,4.222,0,0,0.0,0.3983,3,11.715,0,NORMAL
2026-09-05 02:45:00,R2,2.314,7.883,0.2935,2.314,0,0,0.0,0.2935,2,10.504,0,NORMAL
2026-09-05 03:00:00,R1,4.382,7.887,0.5556,4.382,0,0,0.0,0.5556,2,10.499,0,NORMAL
2026-09-05 03:00:00,R2,2.089,7.962,0.2624,2.089,0,0,0.0,0.2624,2,10.4,0,NORMAL
2026-09-05 03:15:00,R1,4.887,10.534,0.4639,4.887,0,0,0.0,0.4639,3,11.79,0,NORMAL
2026-09-05 03:15:00,R2,2.306,8.53,0.2703,2.306,0,0,0.0,0.2703,2,9.707,0,NORMAL
2026-09-05 03:30:00,R1,4.181,10.456,0.3998,4.181,0,0,0.0,0.3998,3,11.878,0,NORMAL
2026-09-05 03:30:00,R2,2.13,8.48,0.2511,2.13,0,0,0.0,0.2511,2,9.765,0,NORMAL
2026-09-05 03:45:00,R1,3.788,11.161,0.3394,3.788,0,0,0.0,0.3394,3,11.128,0,NORMAL
2026-09-05 03:45:00,R2,2.182,7.901,0.2761,2.182,0,0,0.0,0.2761,2,10.48,0,NORMAL
2026-09-05 04:00:00,R1,4.429,10.679,0.4147,4.429,0,0,0.0,0.4147,3,11.631,0,NORMAL
2026-09-05 04:00:00,R2,1.731,7.991,0.2166,1.731,0,0,0.0,0.2166,2,10.362,0,NORMAL
2026-09-05 04:15:00,R1,4.319,11.083,0.3897,4.319,0,0,0.0,0.3897,3,11.207,0,NORMAL
2026-09-05 04:15:00,R2,2.049,7.703,0.266,2.049,0,0,0.0,0.266,2,10.749,0,NORMAL
2026-09-05 04:30:00,R1,4.282,10.853,0.3946,4.282,0,0,0.0,0.3946,3,11.444,0,NORMAL
2026-09-05 04:30:00,R2,1.975,7.602,0.2598,1.975,0,0,0.0,0.2598,2,10.891,0,NORMAL
2026-09-05 04:45:00,R1,4.066,10.533,0.386,4.066,0,0,0.0,0.386,3,11.791,0,NORMAL
2026-09-05 04:45:00,R2,2.305,8.229,0.2801,2.305,0,0,0.0,0.2801,2,10.062,0,NORMAL
2026-09-05 05:00:00,R1,4.322,10.924,0.3957,4.322,0,0,0.0,0.3957,3,11.37,0,NORMAL
2026-09-05 05:00:00,R2,1.775,8.405,0.2111,1.775,0,0,0.0,0.2111,2,9.852,0,NORMAL
2026-09-05 05:15:00,R1,4.665,10.964,0.4255,4.665,0,0,0.0,0.4255,3,11.328,0,NORMAL
2026-09-05 05:15:00,R2,2.231,7.979,0.2796,2.231,0,0,0.0,0.2796,2,10.378,0,NORMAL
2026-09-05 05:30:00,R1,4.101,11.053,0.371,4.101,0,0,0.0,0.371,3,11.236,0,NORMAL
2026-09-05 05:30:00,R2,2.227,8.607,0.2588,2.227,0,0,0.0,0.2588,2,9.62,0,NORMAL
2026-09-05 05:45:00,R1,4.476,10.365,0.4318,4.476,0,0,0.0,0.4318,3,11.983,0,NORMAL
2026-09-05 05:45:00,R2,2.394,8.311,0.2881,2.394,0,0,0.0,0.2881,2,9.963,0,NORMAL
2026-09-05 06:00:00,R1,5.497,10.312,0.5331,5.497,0,0,0.0,0.5331,3,12.044,0,NORMAL
2026-09-05 06:00:00,R2,2.451,8.456,0.2899,2.451,0,0,0.0,0.2899,2,9.792,0,NORMAL
2026-09-05 06:15:00,R1,5.794,10.882,0.5324,5.794,0,0,0.0,0.5324,3,11.413,0,NORMAL
2026-09-05 06:15:00,R2,3.161,8.095,0.3905,3.161,0,0,0.0,0.3905,2,10.229,0,NORMAL
2026-09-05 06:30:00,R1,5.9,10.936,0.5395,5.9,0,0,0.0,0.5395,3,11.357,0,NORMAL
2026-09-05 06:30:00,R2,2.737,7.805,0.3507,2.737,0,0,0.0,0.3507,2,10.609,0,NORMAL
2026-09-05 06:45:00,R1,4.76,10.468,0.4547,4.76,0,0,0.0,0.4547,3,11.865,0,NORMAL
2026-09-05 06:45:00,R2,2.649,7.819,0.3388,2.649,0,0,0.0,0.3388,2,10.59,0,NORMAL
2026-09-05 07:00:00,R1,5.366,11.092,0.4837,5.366,0,0,0.0,0.4837,3,11.197,0,NORMAL
2026-09-05 07:00:00,R2,2.799,8.148,0.3436,2.799,0,0,0.0,0.3436,2,10.162,0,NORMAL
2026-09-05 07:15:00,R1,6.228,10.336,0.6026,6.228,0,0,0.0,0.6026,3,12.016,0,NORMAL
2026-09-05 07:15:00,R2,2.375,8.23,0.2886,2.375,0,0,0.0,0.2886,2,10.061,0,NORMAL
2026-09-05 07:30:00,R1,6.175,10.173,0.607,6.175,0,0,0.0,0.607,3,12.209,0,NORMAL
2026-09-05 07:30:00,R2,2.285,3.948,0.5789,2.285,0,0,0.0,0.5789,1,10.486,0,NORMAL
2026-09-05 07:45:00,R1,5.182,10.692,0.4846,5.182,0,0,0.0,0.4846,3,11.616,0,NORMAL
2026-09-05 07:45:00,R2,2.42,8.118,0.2981,2.42,0,0,0.0,0.2981,2,10.2,0,NORMAL
2026-09-05 08:00:00,R1,5.669,10.69,0.5303,5.669,0,0,0.0,0.5303,3,11.618,0,NORMAL
2026-09-05 08:00:00,R2,2.383,8.241,0.2892,2.383,0,0,0.0,0.2892,2,10.047,0,NORMAL
2026-09-05 08:15:00,R1,5.476,10.162,0.5388,5.476,0,0,0.0,0.5388,3,12.222,0,NORMAL
2026-09-05 08:15:00,R2,2.464,8.244,0.2989,2.464,0,0,0.0,0.2989,2,10.044,0,NORMAL
2026-09-05 08:30:00,R1,5.259,10.513,0.5003,5.259,0,0,0.0,0.5003,3,11.814,0,NORMAL
2026-09-05 08:30:00,R2,3.026,8.32,0.3637,3.026,0,0,0.0,0.3637,2,9.952,0,NORMAL
2026-09-05 08:45:00,R1,5.579,10.935,0.5102,5.579,0,0,0.0,0.5102,3,11.358,0,NORMAL
2026-09-05 08:45:00,R2,2.567,8.771,0.2927,2.567,0,0,0.0,0.2927,2,9.44,0,NORMAL
2026-09-05 09:00:00,R1,5.888,11.119,0.5296,5.888,0,0,0.0,0.5296,3,11.17,0,NORMAL
2026-09-05 09:00:00,R2,2.602,7.703,0.3378,2.602,0,0,0.0,0.3378,2,10.749,0,NORMAL
2026-09-05 09:15:00,R1,5.514,10.729,0.514,5.514,0,0,0.0,0.514,3,11.576,0,NORMAL
2026-09-05 09:15:00,R2,2.942,7.764,0.3789,2.942,0,0,0.0,0.3789,2,10.664,0,NORMAL
2026-09-05 09:30:00,R1,5.488,10.267,0.5345,5.488,0,0,0.0,0.5345,3,12.097,0,NORMAL
2026-09-05 09:30:00,R2,2.648,7.767,0.3409,2.648,0,0,0.0,0.3409,2,10.66,0,NORMAL
2026-09-05 09:45:00,R1,5.503,10.735,0.5126,5.503,0,0,0.0,0.5126,3,11.569,0,NORMAL
2026-09-05 09:45:00,R2,2.487,8.07,0.3081,2.487,0,0,0.0,0.3081,2,10.26,0,NORMAL
2026-09-05 10:00:00,R1,8.09,4.973,1.6269,4.973,0,3.117,0.0,1.25,2,16.651,0,CRITICAL
2026-09-05 10:00:00,R2,2.573,7.822,0.3289,2.573,0,0,0.0,0.3289,2,10.586,0,NORMAL
2026-09-05 10:15:00,R1,7.533,5.013,1.5028,5.013,3.117,5.638,9.328,1.25,2,16.518,0,CRITICAL
2026-09-05 10:15:00,R2,2.52,7.4,0.3406,2.52,0,0,0.0,0.3406,2,11.19,0,NORMAL
2026-09-05 10:30:00,R1,7.942,4.644,1.7103,4.644,5.638,8.936,18.211,1.25,2,17.831,0,CRITICAL
2026-09-05 10:30:00,R2,2.588,8.622,0.3002,2.588,0,0,0.0,0.3002,2,9.603,0,NORMAL
2026-09-05 10:45:00,R1,8.391,5.035,1.6667,5.035,8.936,12.293,26.624,1.25,2,16.446,0,CRITICAL
2026-09-05 10:45:00,R2,2.351,8.251,0.285,2.351,0,0,0.0,0.285,2,10.035,0,NORMAL
2026-09-05 11:00:00,R1,8.486,5.078,1.6711,5.078,12.293,15.701,36.309,1.25,2,16.304,0,CRITICAL
2026-09-05 11:00:00,R2,2.458,7.702,0.3192,2.458,0,0,0.0,0.3192,2,10.751,0,NORMAL
2026-09-05 11:15:00,R1,6.074,6.119,0.9925,6.119,15.701,15.655,38.487,1.25,2,13.531,0,HIGH
2026-09-05 11:15:00,R2,2.579,7.496,0.344,2.579,0,0,0.0,0.344,2,11.046,0,NORMAL
2026-09-05 11:30:00,R1,5.023,5.963,0.8424,5.963,15.655,14.715,39.38,1.25,2,13.885,0,HIGH
2026-09-05 11:30:00,R2,2.556,7.558,0.3382,2.556,0,0,0.0,0.3382,2,10.956,0,NORMAL
2026-09-05 11:45:00,R1,4.747,8.748,0.5427,8.748,14.715,10.715,25.232,1.25,3,14.197,0,HIGH
2026-09-05 11:45:00,R2,2.103,8.058,0.261,2.103,0,0,0.0,0.261,2,10.276,0,NORMAL
2026-09-05 12:00:00,R1,5.37,8.777,0.6118,8.777,10.715,7.308,18.312,1.25,3,14.151,0,HIGH
2026-09-05 12:00:00,R2,2.402,7.93,0.3028,2.402,0,0,0.0,0.3028,2,10.441,0,NORMAL
2026-09-05 12:15:00,R1,5.551,8.918,0.6224,8.918,7.308,3.941,12.291,1.25,3,13.927,0,HIGH
2026-09-05 12:15:00,R2,2.16,7.683,0.2811,2.16,0,0,0.0,0.2811,2,10.777,0,NORMAL
2026-09-05 12:30:00,R1,5.896,9.637,0.6118,9.637,3.941,0.2,6.133,1.0207,3,12.888,0,HIGH
2026-09-05 12:30:00,R2,2.418,7.8,0.31,2.418,0,0,0.0,0.31,2,10.615,0,NORMAL
2026-09-05 12:45:00,R1,6.2,11.357,0.5459,6.4,0.2,0,0.264,0.5635,3,10.936,0,NORMAL
2026-09-05 12:45:00,R2,2.294,8.459,0.2712,2.294,0,0,0.0,0.2712,2,9.789,0,NORMAL
2026-09-05 13:00:00,R1,5.955,10.402,0.5724,5.955,0,0,0.0,0.5724,3,11.94,0,NORMAL
2026-09-05 13:00:00,R2,1.982,8.016,0.2473,1.982,0,0,0.0,0.2473,2,10.33,0,NORMAL
2026-09-05 13:15:00,R1,6.044,10.446,0.5786,6.044,0,0,0.0,0.5786,3,11.89,0,NORMAL
2026-09-05 13:15:00,R2,2.339,8.17,0.2863,2.339,0,0,0.0,0.2863,2,10.135,0,NORMAL
2026-09-05 13:30:00,R1,5.631,10.342,0.5445,5.631,0,0,0.0,0.5445,3,12.01,0,NORMAL
2026-09-05 13:30:00,R2,2.529,7.664,0.3299,2.529,0,0,0.0,0.3299,2,10.803,0,NORMAL
2026-09-05 13:45:00,R1,5.761,11.32,0.5089,5.761,0,0,0.0,0.5089,3,10.972,0,NORMAL
2026-09-05 13:45:00,R2,2.059,8.293,0.2483,2.059,0,0,0.0,0.2483,2,9.984,0,NORMAL
2026-09-05 14:00:00,R1,6.013,10.477,0.574,6.013,0,0,0.0,0.574,3,11.855,0,NORMAL
2026-09-05 14:00:00,R2,2.015,8.033,0.2508,2.015,0,0,0.0,0.2508,2,10.307,0,NORMAL
2026-09-05 14:15:00,R1,6.469,10.077,0.6419,6.469,0,0,0.0,0.6419,3,12.325,0,NORMAL
2026-09-05 14:15:00,R2,2.532,8.349,0.3033,2.532,0,0,0.0,0.3033,2,9.917,0,NORMAL
2026-09-05 14:30:00,R1,6.207,10.179,0.6098,6.207,0,0,0.0,0.6098,3,12.202,0,NORMAL
2026-09-05 14:30:00,R2,2.271,7.809,0.2908,2.271,0,0,0.0,0.2908,2,10.604,0,NORMAL
2026-09-05 14:45:00,R1,5.757,10.348,0.5563,5.757,0,0,0.0,0.5563,3,12.003,0,NORMAL
2026-09-05 14:45:00,R2,2.551,8.13,0.3138,2.551,0,0,0.0,0.3138,2,10.185,0,NORMAL
2026-09-05 15:00:00,R1,6.213,10.911,0.5694,6.213,0,0,0.0,0.5694,3,11.383,0,NORMAL
2026-09-05 15:00:00,R2,2.609,3.949,0.6608,2.609,0,0,0.0,0.6608,1,10.484,0,NORMAL
2026-09-05 15:15:00,R1,5.912,10.904,0.5422,5.912,0,0,0.0,0.5422,3,11.391,0,NORMAL
2026-09-05 15:15:00,R2,2.417,8.022,0.3012,2.417,0,0,0.0,0.3012,2,10.321,0,NORMAL
2026-09-05 15:30:00,R1,5.601,11.393,0.4916,5.601,0,0,0.0,0.4916,3,10.902,0,NORMAL
2026-09-05 15:30:00,R2,2.629,7.703,0.3413,2.629,0,0,0.0,0.3413,2,10.749,0,NORMAL
2026-09-05 15:45:00,R1,7.358,6.676,1.1022,6.676,0,0.682,0.0,1.1022,2,12.403,0,HIGH
2026-09-05 15:45:00,R2,2.219,8.713,0.2547,2.219,0,0,0.0,0.2547,2,9.503,0,NORMAL
2026-09-05 16:00:00,R1,5.89,11.078,0.5316,6.572,0.682,0,0.924,0.5932,3,11.211,0,NORMAL
2026-09-05 16:00:00,R2,2.175,8.586,0.2534,2.175,0,0,0.0,0.2534,2,9.644,0,NORMAL
2026-09-05 16:15:00,R1,6.066,10.861,0.5585,6.066,0,0,0.0,0.5585,3,11.435,0,NORMAL
2026-09-05 16:15:00,R2,2.124,7.89,0.2692,2.124,0,0,0.0,0.2692,2,10.495,0,NORMAL
2026-09-05 16:30:00,R1,6.012,11.164,0.5385,6.012,0,0,0.0,0.5385,3,11.125,0,NORMAL
2026-09-05 16:30:00,R2,2.51,8.032,0.3125,2.51,0,0,0.0,0.3125,2,10.308,0,NORMAL
2026-09-05 16:45:00,R1,5.879,10.517,0.559,5.879,0,0,0.0,0.559,3,11.81,0,NORMAL
2026-09-05 16:45:00,R2,2.272,7.88,0.2883,2.272,0,0,0.0,0.2883,2,10.508,0,NORMAL
2026-09-05 17:00:00,R1,5.757,9.773,0.5891,5.757,0,0,0.0,0.5891,3,12.708,0,NORMAL
2026-09-05 17:00:00,R2,2.391,7.502,0.3188,2.391,0,0,0.0,0.3188,2,11.037,0,NORMAL
2026-09-05 17:15:00,R1,6.014,10.862,0.5537,6.014,0,0,0.0,0.5537,3,11.435,0,NORMAL
2026-09-05 17:15:00,R2,2.361,7.768,0.304,2.361,0,0,0.0,0.304,2,10.659,0,NORMAL
2026-09-05 17:30:00,R1,5.832,6.5,0.8973,5.832,0,0,0.0,0.8973,2,12.738,0,WARNING
2026-09-05 17:30:00,R2,2.044,8.332,0.2453,2.044,0,0,0.0,0.2453,2,9.938,0,NORMAL
2026-09-05 17:45:00,R1,5.787,10.855,0.5331,5.787,0,0,0.0,0.5331,3,11.441,0,NORMAL
2026-09-05 17:45:00,R2,2.884,7.817,0.3689,2.884,0,0,0.0,0.3689,2,10.593,0,NORMAL
2026-09-05 18:00:00,R1,6.401,10.119,0.6326,6.401,0,0,0.0,0.6326,3,12.274,0,NORMAL
2026-09-05 18:00:00,R2,2.554,8.148,0.3135,2.554,0,0,0.0,0.3135,2,10.162,0,NORMAL
2026-09-05 18:15:00,R1,5.54,10.058,0.5508,5.54,0,0,0.0,0.5508,3,12.348,0,NORMAL
2026-09-05 18:15:00,R2,2.236,7.941,0.2816,2.236,0,0,0.0,0.2816,2,10.427,0,NORMAL
2026-09-05 18:30:00,R1,6.048,10.944,0.5526,6.048,0,0,0.0,0.5526,3,11.349,0,NORMAL
2026-09-05 18:30:00,R2,2.375,7.48,0.3175,2.375,0,0,0.0,0.3175,2,11.07,0,NORMAL
2026-09-05 18:45:00,R1,6.086,11.134,0.5466,6.086,0,0,0.0,0.5466,3,11.155,0,NORMAL
2026-09-05 18:45:00,R2,2.457,8.259,0.2976,2.457,0,0,0.0,0.2976,2,10.026,0,NORMAL
2026-09-05 19:00:00,R1,4.316,9.903,0.4359,4.316,0,0,0.0,0.4359,3,12.541,0,NORMAL
2026-09-05 19:00:00,R2,2.38,8.517,0.2794,2.38,0,0,0.0,0.2794,2,9.722,0,NORMAL
2026-09-05 19:15:00,R1,4.781,10.742,0.4451,4.781,0,0,0.0,0.4451,3,11.562,0,NORMAL
2026-09-05 19:15:00,R2,2.235,3.874,0.5768,2.235,0,0,0.0,0.5768,1,10.687,0,NORMAL
2026-09-05 19:30:00,R1,5.925,10.891,0.544,5.925,0,0,0.0,0.544,3,11.404,0,NORMAL
2026-09-05 19:30:00,R2,2.349,7.738,0.3036,2.349,0,0,0.0,0.3036,2,10.701,0,NORMAL
2026-09-05 19:45:00,R1,5.714,10.656,0.5362,5.714,0,0,0.0,0.5362,3,11.655,0,NORMAL
2026-09-05 19:45:00,R2,2.553,8.593,0.2971,2.553,0,0,0.0,0.2971,2,9.636,0,NORMAL
2026-09-05 20:00:00,R1,6.09,11.423,0.5331,6.09,0,0,0.0,0.5331,3,10.872,0,NORMAL
2026-09-05 20:00:00,R2,2.443,8.146,0.2999,2.443,0,0,0.0,0.2999,2,10.164,0,NORMAL
2026-09-05 20:15:00,R1,5.988,10.439,0.5736,5.988,0,0,0.0,0.5736,3,11.898,0,NORMAL
2026-09-05 20:15:00,R2,2.334,7.867,0.2967,2.334,0,0,0.0,0.2967,2,10.524,0,NORMAL
2026-09-05 20:30:00,R1,5.085,10.692,0.4756,5.085,0,0,0.0,0.4756,3,11.617,0,NORMAL
2026-09-05 20:30:00,R2,2.49,8.14,0.3059,2.49,0,0,0.0,0.3059,2,10.173,0,NORMAL
2026-09-05 20:45:00,R1,6.01,9.938,0.6048,6.01,0,0,0.0,0.6048,3,12.498,0,NORMAL
2026-09-05 20:45:00,R2,2.686,8.408,0.3194,2.686,0,0,0.0,0.3194,2,9.848,0,NORMAL
2026-09-05 21:00:00,R1,5.556,11.271,0.4929,5.556,0,0,0.0,0.4929,3,11.019,0,NORMAL
2026-09-05 21:00:00,R2,2.664,8.334,0.3196,2.664,0,0,0.0,0.3196,2,9.935,0,NORMAL
2026-09-05 21:15:00,R1,5.574,9.761,0.5711,5.574,0,0,0.0,0.5711,3,12.724,0,NORMAL
2026-09-05 21:15:00,R2,2.259,8.286,0.2726,2.259,0,0,0.0,0.2726,2,9.992,0,NORMAL
2026-09-05 21:30:00,R1,5.748,10.492,0.5479,5.748,0,0,0.0,0.5479,3,11.838,0,NORMAL
2026-09-05 21:30:00,R2,2.749,8.102,0.3393,2.749,0,0,0.0,0.3393,2,10.22,0,NORMAL
2026-09-05 21:45:00,R1,6.418,10.4,0.6171,6.418,0,0,0.0,0.6171,3,11.943,0,NORMAL
2026-09-05 21:45:00,R2,2.304,7.77,0.2966,2.304,0,0,0.0,0.2966,2,10.657,0,NORMAL
2026-09-05 22:00:00,R1,4.595,10.406,0.4415,4.595,0,0,0.0,0.4415,3,11.935,0,NORMAL
2026-09-05 22:00:00,R2,2.251,7.953,0.2831,2.251,0,0,0.0,0.2831,2,10.412,0,NORMAL
2026-09-05 22:15:00,R1,3.993,10.545,0.3786,3.993,0,0,0.0,0.3786,3,11.778,0,NORMAL
2026-09-05 22:15:00,R2,2.218,8.181,0.2711,2.218,0,0,0.0,0.2711,2,10.121,0,NORMAL
2026-09-05 22:30:00,R1,4.233,7.199,0.588,4.233,0,0,0.0,0.588,2,11.502,0,NORMAL
2026-09-05 22:30:00,R2,1.958,7.842,0.2496,1.958,0,0,0.0,0.2496,2,10.558,0,NORMAL
2026-09-05 22:45:00,R1,4.097,10.644,0.3849,4.097,0,0,0.0,0.3849,3,11.668,0,NORMAL
2026-09-05 22:45:00,R2,1.839,8.583,0.2143,1.839,0,0,0.0,0.2143,2,9.647,0,NORMAL
2026-09-05 23:00:00,R1,4.568,10.96,0.4167,4.568,0,0,0.0,0.4167,3,11.332,0,NORMAL
2026-09-05 23:00:00,R2,2.182,7.904,0.276,2.182,0,0,0.0,0.276,2,10.476,0,NORMAL
2026-09-05 23:15:00,R1,3.978,10.818,0.3677,3.978,0,0,0.0,0.3677,3,11.481,0,NORMAL
2026-09-05 23:15:00,R2,2.015,7.925,0.2543,2.015,0,0,0.0,0.2543,2,10.448,0,NORMAL
2026-09-05 23:30:00,R1,4.233,10.63,0.3982,4.233,0,0,0.0,0.3982,3,11.684,0,NORMAL
2026-09-05 23:30:00,R2,1.957,8.624,0.227,1.957,0,0,0.0,0.227,2,9.601,0,NORMAL
2026-09-05 23:45:00,R1,4.301,10.259,0.4192,4.301,0,0,0.0,0.4192,3,12.107,0,NORMAL
2026-09-05 23:45:00,R2,2.176,8.335,0.261,2.176,0,0,0.0,0.261,2,9.934,0,NORMAL
2026-09-06 00:00:00,R1,4.759,10.732,0.4435,4.759,0,0,0.0,0.4435,3,11.573,0,NORMAL
2026-09-06 00:00:00,R2,1.983,8.169,0.2428,1.983,0,0,0.0,0.2428,2,10.136,0,NORMAL
2026-09-06 00:15:00,R1,4.61,10.779,0.4277,4.61,0,0,0.0,0.4277,3,11.523,0,NORMAL
2026-09-06 00:15:00,R2,2.645,7.877,0.3358,2.645,0,0,0.0,0.3358,2,10.511,0,NORMAL
2026-09-06 00:30:00,R1,4.076,11.018,0.37,4.076,0,0,0.0,0.37,3,11.273,0,NORMAL
2026-09-06 00:30:00,R2,2.14,8.257,0.2591,2.14,0,0,0.0,0.2591,2,10.028,0,NORMAL
2026-09-06 00:45:00,R1,4.099,11.061,0.3706,4.099,0,0,0.0,0.3706,3,11.229,0,NORMAL
2026-09-06 00:45:00,R2,2.085,7.852,0.2655,2.085,0,0,0.0,0.2655,2,10.545,0,NORMAL
2026-09-06 01:00:00,R1,4.112,10.433,0.3942,4.112,0,0,0.0,0.3942,3,11.905,0,NORMAL
2026-09-06 01:00:00,R2,2.159,7.995,0.2701,2.159,0,0,0.0,0.2701,2,10.356,0,NORMAL
2026-09-06 01:15:00,R1,4.034,10.605,0.3804,4.034,0,0,0.0,0.3804,3,11.712,0,NORMAL
2026-09-06 01:15:00,R2,2.021,7.905,0.2556,2.021,0,0,0.0,0.2556,2,10.474,0,NORMAL
2026-09-06 01:30:00,R1,3.67,10.561,0.3475,3.67,0,0,0.0,0.3475,3,11.761,0,NORMAL
2026-09-06 01:30:00,R2,2.043,7.979,0.2561,2.043,0,0,0.0,0.2561,2,10.377,0,NORMAL
2026-09-06 01:45:00,R1,4.587,10.48,0.4377,4.587,0,0,0.0,0.4377,3,11.851,0,NORMAL
2026-09-06 01:45:00,R2,2.218,8.003,0.2772,2.218,0,0,0.0,0.2772,2,10.346,0,NORMAL
2026-09-06 02:00:00,R1,4.05,10.678,0.3793,4.05,0,0,0.0,0.3793,3,11.632,0,NORMAL
2026-09-06 02:00:00,R2,2.402,8.327,0.2884,2.402,0,0,0.0,0.2884,2,9.944,0,NORMAL
2026-09-06 02:15:00,R1,4.208,10.313,0.408,4.208,0,0,0.0,0.408,3,12.043,0,NORMAL
2026-09-06 02:15:00,R2,2.393,8.222,0.291,2.393,0,0,0.0,0.291,2,10.07,0,NORMAL
2026-09-06 02:30:00,R1,4.053,11.001,0.3684,4.053,0,0,0.0,0.3684,3,11.289,0,NORMAL
2026-09-06 02:30:00,R2,2.169,8.221,0.2639,2.169,0,0,0.0,0.2639,2,10.072,0,NORMAL
2026-09-06 02:45:00,R1,4.425,7.274,0.6083,4.425,0,0,0.0,0.6083,2,11.382,0,NORMAL
2026-09-06 02:45:00,R2,2.768,8.737,0.3168,2.768,0,0,0.0,0.3168,2,9.477,0,NORMAL
2026-09-06 03:00:00,R1,4.83,10.562,0.4573,4.83,0,0,0.0,0.4573,3,11.759,0,NORMAL
2026-09-06 03:00:00,R2,2.126,8.558,0.2484,2.126,0,0,0.0,0.2484,2,9.675,0,NORMAL
2026-09-06 03:15:00,R1,4.112,11.125,0.3696,4.112,0,0,0.0,0.3696,3,11.164,0,NORMAL
2026-09-06 03:15:00,R2,2.309,4.233,0.5454,2.309,0,0,0.0,0.5454,1,9.78,0,NORMAL
2026-09-06 03:30:00,R1,5.005,10.825,0.4624,5.005,0,0,0.0,0.4624,3,11.473,0,NORMAL
2026-09-06 03:30:00,R2,2.374,8.463,0.2805,2.374,0,0,0.0,0.2805,2,9.784,0,NORMAL
2026-09-06 03:45:00,R1,3.342,11.087,0.3014,3.342,0,0,0.0,0.3014,3,11.202,0,NORMAL
2026-09-06 03:45:00,R2,2.395,8.061,0.2972,2.395,0,0,0.0,0.2972,2,10.271,0,NORMAL
2026-09-06 04:00:00,R1,4.236,10.757,0.3938,4.236,0,0,0.0,0.3938,3,11.546,0,NORMAL
2026-09-06 04:00:00,R2,2.527,8.209,0.3078,2.527,0,0,0.0,0.3078,2,10.086,0,NORMAL
2026-09-06 04:15:00,R1,4.347,11.026,0.3943,4.347,0,0,0.0,0.3943,3,11.265,0,NORMAL
2026-09-06 04:15:00,R2,2.131,8.305,0.2565,2.131,0,0,0.0,0.2565,2,9.969,0,NORMAL
2026-09-06 04:30:00,R1,4.284,10.702,0.4003,4.284,0,0,0.0,0.4003,3,11.606,0,NORMAL
2026-09-06 04:30:00,R2,2.175,8.278,0.2627,2.175,0,0,0.0,0.2627,2,10.003,0,NORMAL
2026-09-06 04:45:00,R1,4.768,7.234,0.6591,4.768,0,0,0.0,0.6591,2,11.446,0,NORMAL
2026-09-06 04:45:00,R2,2.419,7.684,0.3149,2.419,0,0,0.0,0.3149,2,10.776,0,NORMAL
2026-09-06 05:00:00,R1,4.767,11.005,0.4331,4.767,0,0,0.0,0.4331,3,11.286,0,NORMAL
2026-09-06 05:00:00,R2,2.056,8.175,0.2515,2.056,0,0,0.0,0.2515,2,10.129,0,NORMAL
2026-09-06 05:15:00,R1,4.97,10.344,0.4804,4.97,0,0,0.0,0.4804,3,12.007,0,NORMAL
2026-09-06 05:15:00,R2,1.585,8.419,0.1883,1.585,0,0,0.0,0.1883,2,9.835,0,NORMAL
2026-09-06 05:30:00,R1,4.591,10.537,0.4357,4.591,0,0,0.0,0.4357,3,11.787,0,NORMAL
2026-09-06 05:30:00,R2,2.039,7.947,0.2566,2.039,0,0,0.0,0.2566,2,10.419,0,NORMAL
2026-09-06 05:45:00,R1,4.226,10.841,0.3898,4.226,0,0,0.0,0.3898,3,11.456,0,NORMAL
2026-09-06 05:45:00,R2,2.461,8.461,0.2909,2.461,0,0,0.0,0.2909,2,9.786,0,NORMAL
2026-09-06 06:00:00,R1,5.456,11.545,0.4726,5.456,0,0,0.0,0.4726,3,10.758,0,NORMAL
2026-09-06 06:00:00,R2,2.552,8.237,0.3098,2.552,0,0,0.0,0.3098,2,10.053,0,NORMAL
2026-09-06 06:15:00,R1,5.651,10.343,0.5464,5.651,0,0,0.0,0.5464,3,12.008,0,NORMAL
2026-09-06 06:15:00,R2,2.553,7.702,0.3314,2.553,0,0,0.0,0.3314,2,10.751,0,NORMAL
2026-09-06 06:30:00,R1,5.542,11.218,0.494,5.542,0,0,0.0,0.494,3,11.072,0,NORMAL
2026-09-06 06:30:00,R2,3.012,3.931,0.7662,3.012,0,0,0.0,0.7662,1,10.531,0,WARNING
2026-09-06 06:45:00,R1,5.96,10.835,0.55,5.96,0,0,0.0,0.55,3,11.463,0,NORMAL
2026-09-06 06:45:00,R2,2.695,8.183,0.3293,2.695,0,0,0.0,0.3293,2,10.119,0,NORMAL
2026-09-06 07:00:00,R1,5.186,11.103,0.467,5.186,0,0,0.0,0.467,3,11.186,0,NORMAL
2026-09-06 07:00:00,R2,2.503,7.756,0.3228,2.503,0,0,0.0,0.3228,2,10.675,0,NORMAL
2026-09-06 07:15:00,R1,5.284,11.305,0.4674,5.284,0,0,0.0,0.4674,3,10.986,0,NORMAL
2026-09-06 07:15:00,R2,2.712,8.267,0.328,2.712,0,0,0.0,0.328,2,10.015,0,NORMAL
2026-09-06 07:30:00,R1,5.872,10.363,0.5666,5.872,0,0,0.0,0.5666,3,11.984,0,NORMAL
2026-09-06 07:30:00,R2,2.488,8.332,0.2986,2.488,0,0,0.0,0.2986,2,9.938,0,NORMAL
2026-09-06 07:45:00,R1,6.263,10.254,0.6108,6.263,0,0,0.0,0.6108,3,12.113,0,NORMAL
2026-09-06 07:45:00,R2,2.789,8.482,0.3289,2.789,0,0,0.0,0.3289,2,9.761,0,NORMAL
2026-09-06 08:00:00,R1,5.357,11.063,0.4842,5.357,0,0,0.0,0.4842,3,11.227,0,NORMAL
2026-09-06 08:00:00,R2,2.513,8.345,0.3012,2.513,0,0,0.0,0.3012,2,9.923,0,NORMAL
2026-09-06 08:15:00,R1,5.615,10.716,0.524,5.615,0,0,0.0,0.524,3,11.59,0,NORMAL
2026-09-06 08:15:00,R2,2.406,8.377,0.2872,2.406,0,0,0.0,0.2872,2,9.884,0,NORMAL
2026-09-06 08:30:00,R1,5.88,10.564,0.5567,5.88,0,0,0.0,0.5567,3,11.757,0,NORMAL
2026-09-06 08:30:00,R2,2.199,7.675,0.2865,2.199,0,0,0.0,0.2865,2,10.789,0,NORMAL
2026-09-06 08:45:00,R1,5.791,10.639,0.5443,5.791,0,0,0.0,0.5443,3,11.674,0,NORMAL
2026-09-06 08:45:00,R2,2.549,8.49,0.3002,2.549,0,0,0.0,0.3002,2,9.753,0,NORMAL
2026-09-06 09:00:00,R1,5.889,10.942,0.5382,5.889,0,0,0.0,0.5382,3,11.35,0,NORMAL
2026-09-06 09:00:00,R2,2.782,7.951,0.3499,2.782,0,0,0.0,0.3499,2,10.414,0,NORMAL
2026-09-06 09:15:00,R1,5.344,11.213,0.4766,5.344,0,0,0.0,0.4766,3,11.076,0,NORMAL
2026-09-06 09:15:00,R2,2.636,8.365,0.3152,2.636,0,0,0.0,0.3152,2,9.899,0,NORMAL
2026-09-06 09:30:00,R1,6.04,10.506,0.5749,6.04,0,0,0.0,0.5749,3,11.822,0,NORMAL
2026-09-06 09:30:00,R2,2.109,8.263,0.2553,2.109,0,0,0.0,0.2553,2,10.02,0,NORMAL
2026-09-06 09:45:00,R1,6.306,10.967,0.575,6.306,0,0,0.0,0.575,3,11.325,0,NORMAL
2026-09-06 09:45:00,R2,2.256,8.352,0.2701,2.256,0,0,0.0,0.2701,2,9.914,0,NORMAL
2026-09-06 10:00:00,R1,6.107,10.9,0.5603,6.107,0,0,0.0,0.5603,3,11.395,0,NORMAL
2026-09-06 10:00:00,R2,2.876,8.465,0.3397,2.876,0,0,0.0,0.3397,2,9.782,0,NORMAL
2026-09-06 10:15:00,R1,5.528,10.697,0.5168,5.528,0,0,0.0,0.5168,3,11.61,0,NORMAL
2026-09-06 10:15:00,R2,2.306,8.232,0.2801,2.306,0,0,0.0,0.2801,2,10.058,0,NORMAL
2026-09-06 10:30:00,R1,5.318,11.116,0.4784,5.318,0,0,0.0,0.4784,3,11.173,0,NORMAL
2026-09-06 10:30:00,R2,2.533,8.143,0.3111,2.533,0,0,0.0,0.3111,2,10.168,0,NORMAL
2026-09-06 10:45:00,R1,5.667,11.597,0.4887,5.667,0,0,0.0,0.4887,3,10.71,0,NORMAL
2026-09-06 10:45:00,R2,2.328,8.109,0.2871,2.328,0,0,0.0,0.2871,2,10.211,0,NORMAL
2026-09-06 11:00:00,R1,5.503,11.187,0.4919,5.503,0,0,0.0,0.4919,3,11.102,0,NORMAL
2026-09-06 11:00:00,R2,2.384,7.778,0.3065,2.384,0,0,0.0,0.3065,2,10.646,0,NORMAL
2026-09-06 11:15:00,R1,6.007,7.459,0.8054,6.007,0,0,0.0,0.8054,2,11.101,0,WARNING
2026-09-06 11:15:00,R2,2.461,8.286,0.297,2.461,0,0,0.0,0.297,2,9.992,0,NORMAL
2026-09-06 11:30:00,R1,4.885,10.838,0.4507,4.885,0,0,0.0,0.4507,3,11.46,0,NORMAL
2026-09-06 11:30:00,R2,2.008,7.833,0.2564,2.008,0,0,0.0,0.2564,2,10.57,0,NORMAL
2026-09-06 11:45:00,R1,4.682,10.86,0.4311,4.682,0,0,0.0,0.4311,3,11.437,0,NORMAL
2026-09-06 11:45:00,R2,2.121,8.462,0.2506,2.121,0,0,0.0,0.2506,2,9.785,0,NORMAL
2026-09-06 12:00:00,R1,5.859,10.57,0.5543,5.859,0,0,0.0,0.5543,3,11.75,0,NORMAL
2026-09-06 12:00:00,R2,2.652,7.864,0.3372,2.652,0,0,0.0,0.3372,2,10.529,0,NORMAL
2026-09-06 12:15:00,R1,5.445,10.551,0.5161,5.445,0,0,0.0,0.5161,3,11.771,0,NORMAL
2026-09-06 12:15:00,R2,2.214,8.7,0.2545,2.214,0,0,0.0,0.2545,2,9.517,0,NORMAL
2026-09-06 12:30:00,R1,5.4,10.661,0.5065,5.4,0,0,0.0,0.5065,3,11.65,0,NORMAL
2026-09-06 12:30:00,R2,2.209,8.502,0.2599,2.209,0,0,0.0,0.2599,2,9.739,0,NORMAL
2026-09-06 12:45:00,R1,5.67,10.709,0.5295,5.67,0,0,0.0,0.5295,3,11.598,0,NORMAL
2026-09-06 12:45:00,R2,2.333,8.2,0.2845,2.333,0,0,0.0,0.2845,2,10.098,0,NORMAL
2026-09-06 13:00:00,R1,5.112,10.109,0.5057,5.112,0,0,0.0,0.5057,3,12.286,0,NORMAL
2026-09-06 13:00:00,R2,2.546,7.983,0.319,2.546,0,0,0.0,0.319,2,10.372,0,NORMAL
2026-09-06 13:15:00,R1,5.728,11.129,0.5147,5.728,0,0,0.0,0.5147,3,11.16,0,NORMAL
2026-09-06 13:15:00,R2,2.217,7.947,0.2789,2.217,0,0,0.0,0.2789,2,10.419,0,NORMAL
2026-09-06 13:30:00,R1,6.076,10.648,0.5706,6.076,0,0,0.0,0.5706,3,11.664,0,NORMAL
2026-09-06 13:30:00,R2,2.693,8.16,0.33,2.693,0,0,0.0,0.33,2,10.147,0,NORMAL
2026-09-06 13:45:00,R1,6.085,10.772,0.5649,6.085,0,0,0.0,0.5649,3,11.53,0,NORMAL
2026-09-06 13:45:00,R2,2.514,8.497,0.2958,2.514,0,0,0.0,0.2958,2,9.745,0,NORMAL
2026-09-06 14:00:00,R1,6.023,10.637,0.5662,6.023,0,0,0.0,0.5662,3,11.677,0,NORMAL
2026-09-06 14:00:00,R2,2.276,8.197,0.2777,2.276,0,0,0.0,0.2777,2,10.101,0,NORMAL
2026-09-06 14:15:00,R1,6.11,10.624,0.5751,6.11,0,0,0.0,0.5751,3,11.691,0,NORMAL
2026-09-06 14:15:00,R2,2.301,7.698,0.2989,2.301,0,0,0.0,0.2989,2,10.757,0,NORMAL
2026-09-06 14:30:00,R1,6.536,10.727,0.6093,6.536,0,0,0.0,0.6093,3,11.578,0,NORMAL
2026-09-06 14:30:00,R2,2.185,8.286,0.2637,2.185,0,0,0.0,0.2637,2,9.992,0,NORMAL
2026-09-06 14:45:00,R1,6.116,6.587,0.9285,6.116,0,0,0.0,0.9285,2,12.571,0,HIGH
2026-09-06 14:45:00,R2,2.237,3.953,0.5659,2.237,0,0,0.0,0.5659,1,10.472,0,NORMAL
2026-09-06 15:00:00,R1,6.303,10.516,0.5994,6.303,0,0,0.0,0.5994,3,11.81,0,NORMAL
2026-09-06 15:00:00,R2,2.579,8.139,0.3169,2.579,0,0,0.0,0.3169,2,10.173,0,NORMAL
2026-09-06 15:15:00,R1,5.756,10.519,0.5472,5.756,0,0,0.0,0.5472,3,11.807,0,NORMAL
2026-09-06 15:15:00,R2,2.209,8.453,0.2613,2.209,0,0,0.0,0.2613,2,9.795,0,NORMAL
2026-09-06 15:30:00,R1,7.106,11.552,0.6151,7.106,0,0,0.0,0.6151,3,10.751,0,NORMAL
2026-09-06 15:30:00,R2,3.553,7.998,0.4443,3.553,0,0,0.0,0.4443,2,10.352,0,NORMAL
2026-09-06 15:45:00,R1,5.847,11.179,0.523,5.847,0,0,0.0,0.523,3,11.111,0,NORMAL
2026-09-06 15:45:00,R2,3.77,7.961,0.4735,3.77,0,0,0.0,0.4735,2,10.4,0,NORMAL
2026-09-06 16:00:00,R1,5.972,10.237,0.5834,5.972,0,0,0.0,0.5834,3,12.132,0,NORMAL
2026-09-06 16:00:00,R2,3.553,8.406,0.4226,3.553,0,0,0.0,0.4226,2,9.85,0,NORMAL
2026-09-06 16:15:00,R1,5.983,11.09,0.5395,5.983,0,0,0.0,0.5395,3,11.2,0,NORMAL
2026-09-06 16:15:00,R2,3.189,7.656,0.4165,3.189,0,0,0.0,0.4165,2,10.815,0,NORMAL
2026-09-06 16:30:00,R1,5.995,10.464,0.5729,5.995,0,0,0.0,0.5729,3,11.87,0,NORMAL
2026-09-06 16:30:00,R2,2.445,8.186,0.2987,2.445,0,0,0.0,0.2987,2,10.114,0,NORMAL
2026-09-06 16:45:00,R1,6.289,10.782,0.5832,6.289,0,0,0.0,0.5832,3,11.519,0,NORMAL
2026-09-06 16:45:00,R2,2.175,8.238,0.264,2.175,0,0,0.0,0.264,2,10.051,0,NORMAL
2026-09-06 17:00:00,R1,6.178,10.965,0.5634,6.178,0,0,0.0,0.5634,3,11.327,0,NORMAL
2026-09-06 17:00:00,R2,2.444,7.496,0.326,2.444,0,0,0.0,0.326,2,11.045,0,NORMAL
2026-09-06 17:15:00,R1,5.763,11.06,0.5211,5.763,0,0,0.0,0.5211,3,11.23,0,NORMAL
2026-09-06 17:15:00,R2,2.581,7.879,0.3276,2.581,0,0,0.0,0.3276,2,10.509,0,NORMAL
2026-09-06 17:30:00,R1,6.375,11.133,0.5726,6.375,0,0,0.0,0.5726,3,11.156,0,NORMAL
2026-09-06 17:30:00,R2,2.202,8.694,0.2533,2.202,0,0,0.0,0.2533,2,9.524,0,NORMAL
2026-09-06 17:45:00,R1,5.51,6.833,0.8065,5.51,0,0,0.0,0.8065,2,12.118,0,WARNING
2026-09-06 17:45:00,R2,2.331,7.743,0.301,2.331,0,0,0.0,0.301,2,10.694,0,NORMAL
2026-09-06 18:00:00,R1,6.405,9.997,0.6407,6.405,0,0,0.0,0.6407,3,12.424,0,NORMAL
2026-09-06 18:00:00,R2,2.619,8.92,0.2936,2.619,0,0,0.0,0.2936,2,9.283,0,NORMAL
2026-09-06 18:15:00,R1,6.42,10.187,0.6302,6.42,0,0,0.0,0.6302,3,12.192,0,NORMAL
2026-09-06 18:15:00,R2,2.273,8.127,0.2797,2.273,0,0,0.0,0.2797,2,10.189,0,NORMAL
2026-09-06 18:30:00,R1,5.967,10.672,0.5591,5.967,0,0,0.0,0.5591,3,11.638,0,NORMAL
2026-09-06 18:30:00,R2,2.628,8.117,0.3238,2.628,0,0,0.0,0.3238,2,10.201,0,NORMAL
2026-09-06 18:45:00,R1,6.205,9.719,0.6385,6.205,0,0,0.0,0.6385,3,12.779,0,NORMAL
2026-09-06 18:45:00,R2,2.763,7.546,0.3661,2.763,0,0,0.0,0.3661,2,10.972,0,NORMAL
2026-09-06 19:00:00,R1,5.939,10.868,0.5465,5.939,0,0,0.0,0.5465,3,11.428,0,NORMAL
2026-09-06 19:00:00,R2,2.895,8.104,0.3572,2.895,0,0,0.0,0.3572,2,10.217,0,NORMAL
2026-09-06 19:15:00,R1,4.597,11.486,0.4003,4.597,0,0,0.0,0.4003,3,10.813,0,NORMAL
2026-09-06 19:15:00,R2,2.832,7.513,0.3769,2.832,0,0,0.0,0.3769,2,11.02,0,NORMAL
2026-09-06 19:30:00,R1,5.871,10.795,0.5439,5.871,0,0,0.0,0.5439,3,11.506,0,NORMAL
2026-09-06 19:30:00,R2,2.706,7.911,0.3421,2.706,0,0,0.0,0.3421,2,10.466,0,NORMAL
2026-09-06 19:45:00,R1,5.361,9.855,0.544,5.361,0,0,0.0,0.544,3,12.602,0,NORMAL
2026-09-06 19:45:00,R2,2.442,8.331,0.2932,2.442,0,0,0.0,0.2932,2,9.939,0,NORMAL
2026-09-06 20:00:00,R1,5.753,10.835,0.531,5.753,0,0,0.0,0.531,3,11.463,0,NORMAL
2026-09-06 20:00:00,R2,2.735,4.115,0.6647,2.735,0,0,0.0,0.6647,1,10.061,0,NORMAL
2026-09-06 20:15:00,R1,5.537,10.573,0.5237,5.537,0,0,0.0,0.5237,3,11.747,0,NORMAL
2026-09-06 20:15:00,R2,2.888,8.15,0.3543,2.888,0,0,0.0,0.3543,2,10.159,0,NORMAL
2026-09-06 20:30:00,R1,5.464,10.381,0.5263,5.464,0,0,0.0,0.5263,3,11.964,0,NORMAL
2026-09-06 20:30:00,R2,2.562,7.772,0.3297,2.562,0,0,0.0,0.3297,2,10.653,0,NORMAL
2026-09-06 20:45:00,R1,6.005,10.407,0.577,6.005,0,0,0.0,0.577,3,11.934,0,NORMAL
2026-09-06 20:45:00,R2,2.723,8.06,0.3378,2.723,0,0,0.0,0.3378,2,10.273,0,NORMAL
2026-09-06 21:00:00,R1,6.15,11.219,0.5482,6.15,0,0,0.0,0.5482,3,11.07,0,NORMAL
2026-09-06 21:00:00,R2,2.604,8.03,0.3243,2.604,0,0,0.0,0.3243,2,10.311,0,NORMAL
2026-09-06 21:15:00,R1,5.252,10.574,0.4967,5.252,0,0,0.0,0.4967,3,11.746,0,NORMAL
2026-09-06 21:15:00,R2,2.467,8.204,0.3008,2.467,0,0,0.0,0.3008,2,10.092,0,NORMAL
2026-09-06 21:30:00,R1,5.469,10.151,0.5387,5.469,0,0,0.0,0.5387,3,12.235,0,NORMAL
2026-09-06 21:30:00,R2,2.834,8.148,0.3479,2.834,0,0,0.0,0.3479,2,10.162,0,NORMAL
2026-09-06 21:45:00,R1,5.404,10.031,0.5387,5.404,0,0,0.0,0.5387,3,12.381,0,NORMAL
2026-09-06 21:45:00,R2,2.966,7.552,0.3927,2.966,0,0,0.0,0.3927,2,10.963,0,NORMAL
2026-09-06 22:00:00,R1,4.372,10.784,0.4054,4.372,0,0,0.0,0.4054,3,11.517,0,NORMAL
2026-09-06 22:00:00,R2,2.102,8.179,0.257,2.102,0,0,0.0,0.257,2,10.124,0,NORMAL
2026-09-06 22:15:00,R1,4.16,11.06,0.3761,4.16,0,0,0.0,0.3761,3,11.229,0,NORMAL
2026-09-06 22:15:00,R2,1.94,7.867,0.2467,1.94,0,0,0.0,0.2467,2,10.525,0,NORMAL
2026-09-06 22:30:00,R1,4.172,10.774,0.3872,4.172,0,0,0.0,0.3872,3,11.527,0,NORMAL
2026-09-06 22:30:00,R2,2.308,8.59,0.2687,2.308,0,0,0.0,0.2687,2,9.64,0,NORMAL
2026-09-06 22:45:00,R1,4.296,11.079,0.3877,4.296,0,0,0.0,0.3877,3,11.21,0,NORMAL
2026-09-06 22:45:00,R2,2.289,8.496,0.2694,2.289,0,0,0.0,0.2694,2,9.745,0,NORMAL
2026-09-06 23:00:00,R1,4.116,11.048,0.3726,4.116,0,0,0.0,0.3726,3,11.242,0,NORMAL
2026-09-06 23:00:00,R2,1.865,8.149,0.2288,1.865,0,0,0.0,0.2288,2,10.16,0,NORMAL
2026-09-06 23:15:00,R1,4.594,10.809,0.425,4.594,0,0,0.0,0.425,3,11.49,0,NORMAL
2026-09-06 23:15:00,R2,2.111,8.213,0.257,2.111,0,0,0.0,0.257,2,10.082,0,NORMAL
2026-09-06 23:30:00,R1,4.662,7.327,0.6362,4.662,0,0,0.0,0.6362,2,11.3,0,NORMAL
2026-09-06 23:30:00,R2,2.113,8.068,0.2619,2.113,0,0,0.0,0.2619,2,10.262,0,NORMAL
2026-09-06 23:45:00,R1,4.529,10.76,0.4209,4.529,0,0,0.0,0.4209,3,11.542,0,NORMAL
2026-09-06 23:45:00,R2,2.286,7.658,0.2985,2.286,0,0,0.0,0.2985,2,10.812,0,NORMAL
2026-09-07 00:00:00,R1,5.236,10.518,0.4978,5.236,0,0,0.0,0.4978,3,11.808,0,NORMAL
2026-09-07 00:00:00,R2,2.297,8.208,0.2799,2.297,0,0,0.0,0.2799,2,10.088,0,NORMAL
2026-09-07 00:15:00,R1,5.261,11.056,0.4759,5.261,0,0,0.0,0.4759,3,11.233,0,NORMAL
2026-09-07 00:15:00,R2,2.554,8.219,0.3108,2.554,0,0,0.0,0.3108,2,10.074,0,NORMAL
2026-09-07 00:30:00,R1,4.993,10.289,0.4853,4.993,0,0,0.0,0.4853,3,12.071,0,NORMAL
2026-09-07 00:30:00,R2,2.809,8.193,0.3429,2.809,0,0,0.0,0.3429,2,10.106,0,NORMAL
2026-09-07 00:45:00,R1,4.674,10.284,0.4545,4.674,0,0,0.0,0.4545,3,12.077,0,NORMAL
2026-09-07 00:45:00,R2,2.584,7.858,0.3289,2.584,0,0,0.0,0.3289,2,10.538,0,NORMAL
2026-09-07 01:00:00,R1,6.05,10.796,0.5604,6.05,0,0,0.0,0.5604,3,11.504,0,NORMAL
2026-09-07 01:00:00,R2,2.475,8.47,0.2922,2.475,0,0,0.0,0.2922,2,9.775,0,NORMAL
2026-09-07 01:15:00,R1,5.027,10.591,0.4747,5.027,0,0,0.0,0.4747,3,11.727,0,NORMAL
2026-09-07 01:15:00,R2,2.833,8.183,0.3462,2.833,0,0,0.0,0.3462,2,10.119,0,NORMAL
2026-09-07 01:30:00,R1,6.432,11.275,0.5705,6.432,0,0,0.0,0.5705,3,11.016,0,NORMAL
2026-09-07 01:30:00,R2,2.39,8.296,0.2881,2.39,0,0,0.0,0.2881,2,9.981,0,NORMAL
2026-09-07 01:45:00,R1,5.094,7.757,0.6567,5.094,0,0,0.0,0.6567,2,10.674,0,NORMAL
2026-09-07 01:45:00,R2,2.504,8.351,0.2999,2.504,0,0,0.0,0.2999,2,9.915,0,NORMAL
2026-09-07 02:00:00,R1,5.956,10.693,0.557,5.956,0,0,0.0,0.557,3,11.615,0,NORMAL
2026-09-07 02:00:00,R2,2.358,8.128,0.2901,2.358,0,0,0.0,0.2901,2,10.187,0,NORMAL
2026-09-07 02:15:00,R1,5.597,10.593,0.5284,5.597,0,0,0.0,0.5284,3,11.725,0,NORMAL
2026-09-07 02:15:00,R2,2.272,7.719,0.2944,2.272,0,0,0.0,0.2944,2,10.726,0,NORMAL
2026-09-07 02:30:00,R1,5.441,10.938,0.4975,5.441,0,0,0.0,0.4975,3,11.355,0,NORMAL
2026-09-07 02:30:00,R2,2.302,8.524,0.27,2.302,0,0,0.0,0.27,2,9.714,0,NORMAL
2026-09-07 02:45:00,R1,4.702,10.754,0.4372,4.702,0,0,0.0,0.4372,3,11.549,0,NORMAL
2026-09-07 02:45:00,R2,3.145,7.76,0.4052,3.145,0,0,0.0,0.4052,2,10.67,0,NORMAL
2026-09-07 03:00:00,R1,5.559,10.992,0.5058,5.559,0,0,0.0,0.5058,3,11.3,0,NORMAL
2026-09-07 03:00:00,R2,3.05,8.146,0.3745,3.05,0,0,0.0,0.3745,2,10.165,0,NORMAL
2026-09-07 03:15:00,R1,5.942,10.196,0.5827,5.942,0,0,0.0,0.5827,3,12.181,0,NORMAL
2026-09-07 03:15:00,R2,2.633,8.243,0.3194,2.633,0,0,0.0,0.3194,2,10.045,0,NORMAL
2026-09-07 03:30:00,R1,5.159,10.598,0.4868,5.159,0,0,0.0,0.4868,3,11.719,0,NORMAL
2026-09-07 03:30:00,R2,2.944,8.256,0.3566,2.944,0,0,0.0,0.3566,2,10.029,0,NORMAL
2026-09-07 03:45:00,R1,5.21,11.184,0.4659,5.21,0,0,0.0,0.4659,3,11.105,0,NORMAL
2026-09-07 03:45:00,R2,2.338,8.572,0.2728,2.338,0,0,0.0,0.2728,2,9.66,0,NORMAL
2026-09-07 04:00:00,R1,5.759,10.683,0.5391,5.759,0,0,0.0,0.5391,3,11.626,0,NORMAL
2026-09-07 04:00:00,R2,2.535,8.103,0.3128,2.535,0,0,0.0,0.3128,2,10.218,0,NORMAL
2026-09-07 04:15:00,R1,5.4,10.749,0.5024,5.4,0,0,0.0,0.5024,3,11.554,0,NORMAL
2026-09-07 04:15:00,R2,2.556,4.277,0.5977,2.556,0,0,0.0,0.5977,1,9.681,0,NORMAL
2026-09-07 04:30:00,R1,5.869,10.167,0.5773,5.869,0,0,0.0,0.5773,3,12.216,0,NORMAL
2026-09-07 04:30:00,R2,2.816,8.155,0.3454,2.816,0,0,0.0,0.3454,2,10.153,0,NORMAL
2026-09-07 04:45:00,R1,5.46,11.253,0.4852,5.46,0,0,0.0,0.4852,3,11.037,0,NORMAL
2026-09-07 04:45:00,R2,2.274,8.202,0.2773,2.274,0,0,0.0,0.2773,2,10.095,0,NORMAL
2026-09-07 05:00:00,R1,5.845,10.327,0.566,5.845,0,0,0.0,0.566,3,12.027,0,NORMAL
2026-09-07 05:00:00,R2,2.356,7.932,0.297,2.356,0,0,0.0,0.297,2,10.439,0,NORMAL
2026-09-07 05:15:00,R1,5.856,10.823,0.5411,5.856,0,0,0.0,0.5411,3,11.475,0,NORMAL
2026-09-07 05:15:00,R2,2.75,8.184,0.336,2.75,0,0,0.0,0.336,2,10.117,0,NORMAL
2026-09-07 05:30:00,R1,6.028,10.819,0.5572,6.028,0,0,0.0,0.5572,3,11.479,0,NORMAL
2026-09-07 05:30:00,R2,2.669,8.163,0.3269,2.669,0,0,0.0,0.3269,2,10.143,0,NORMAL
2026-09-07 05:45:00,R1,5.917,11.406,0.5188,5.917,0,0,0.0,0.5188,3,10.889,0,NORMAL
2026-09-07 05:45:00,R2,2.676,4.054,0.6602,2.676,0,0,0.0,0.6602,1,10.212,0,NORMAL
2026-09-07 06:00:00,R1,6.464,6.315,1.0236,6.315,0,0.149,0.0,1.0236,2,13.112,0,HIGH
2026-09-07 06:00:00,R2,2.924,7.892,0.3705,2.924,0,0,0.0,0.3705,2,10.491,0,NORMAL
2026-09-07 06:15:00,R1,6.516,10.89,0.5984,6.666,0.149,0,0.206,0.6121,3,11.405,0,NORMAL
2026-09-07 06:15:00,R2,3.267,8.394,0.3892,3.267,0,0,0.0,0.3892,2,9.864,0,NORMAL
2026-09-07 06:30:00,R1,6.711,10.858,0.618,6.711,0,0,0.0,0.618,3,11.439,0,NORMAL
2026-09-07 06:30:00,R2,3.219,7.542,0.4268,3.219,0,0,0.0,0.4268,2,10.978,0,NORMAL
2026-09-07 06:45:00,R1,6.998,10.314,0.6785,6.998,0,0,0.0,0.6785,3,12.042,0,NORMAL
2026-09-07 06:45:00,R2,3.106,8.257,0.3761,3.106,0,0,0.0,0.3761,2,10.027,0,NORMAL
2026-09-07 07:00:00,R1,6.657,10.709,0.6216,6.657,0,0,0.0,0.6216,3,11.598,0,NORMAL
2026-09-07 07:00:00,R2,2.681,7.785,0.3444,2.681,0,0,0.0,0.3444,2,10.636,0,NORMAL
2026-09-07 07:15:00,R1,6.116,10.89,0.5617,6.116,0,0,0.0,0.5617,3,11.405,0,NORMAL
2026-09-07 07:15:00,R2,3.26,7.954,0.4098,3.26,0,0,0.0,0.4098,2,10.41,0,NORMAL
2026-09-07 07:30:00,R1,7.419,11.085,0.6692,7.419,0,0,0.0,0.6692,3,11.204,0,NORMAL
2026-09-07 07:30:00,R2,2.654,8.251,0.3216,2.654,0,0,0.0,0.3216,2,10.035,0,NORMAL
2026-09-07 07:45:00,R1,6.56,10.47,0.6266,6.56,0,0,0.0,0.6266,3,11.863,0,NORMAL
2026-09-07 07:45:00,R2,3.163,3.863,0.8186,3.163,0,0,0.0,0.8186,1,10.716,0,WARNING
2026-09-07 08:00:00,R1,6.951,11.469,0.6061,6.951,0,0,0.0,0.6061,3,10.829,0,NORMAL
2026-09-07 08:00:00,R2,3.348,8.528,0.3926,3.348,0,0,0.0,0.3926,2,9.709,0,NORMAL
2026-09-07 08:15:00,R1,6.471,10.904,0.5934,6.471,0,0,0.0,0.5934,3,11.39,0,NORMAL
2026-09-07 08:15:00,R2,3.001,8.071,0.3718,3.001,0,0,0.0,0.3718,2,10.259,0,NORMAL
2026-09-07 08:30:00,R1,7.494,10.28,0.729,7.494,0,0,0.0,0.729,3,12.082,0,NORMAL
2026-09-07 08:30:00,R2,2.859,8.082,0.3537,2.859,0,0,0.0,0.3537,2,10.245,0,NORMAL
2026-09-07 08:45:00,R1,6.392,10.49,0.6093,6.392,0,0,0.0,0.6093,3,11.839,0,NORMAL
2026-09-07 08:45:00,R2,3.131,8.516,0.3677,3.131,0,0,0.0,0.3677,2,9.723,0,NORMAL
2026-09-07 09:00:00,R1,7.321,10.595,0.691,7.321,0,0,0.0,0.691,3,11.722,0,NORMAL
2026-09-07 09:00:00,R2,2.908,7.667,0.3793,2.908,0,0,0.0,0.3793,2,10.8,0,NORMAL
2026-09-07 09:15:00,R1,7.367,10.262,0.7179,7.367,0,0,0.0,0.7179,3,12.102,0,NORMAL
2026-09-07 09:15:00,R2,3.354,8.439,0.3975,3.354,0,0,0.0,0.3975,2,9.811,0,NORMAL
2026-09-07 09:30:00,R1,7.526,10.727,0.7016,7.526,0,0,0.0,0.7016,3,11.578,0,NORMAL
2026-09-07 09:30:00,R2,3.102,7.884,0.3934,3.102,0,0,0.0,0.3934,2,10.502,0,NORMAL
2026-09-07 09:45:00,R1,7.17,10.717,0.669,7.17,0,0,0.0,0.669,3,11.589,0,NORMAL
2026-09-07 09:45:00,R2,3.219,8.636,0.3728,3.219,0,0,0.0,0.3728,2,9.587,0,NORMAL
2026-09-07 10:00:00,R1,7.102,10.67,0.6656,7.102,0,0,0.0,0.6656,3,11.641,0,NORMAL
2026-09-07 10:00:00,R2,3.341,8.168,0.409,3.341,0,0,0.0,0.409,2,10.137,0,NORMAL
2026-09-07 10:15:00,R1,6.969,10.1,0.69,6.969,0,0,0.0,0.69,3,12.297,0,NORMAL
2026-09-07 10:15:00,R2,3.148,7.841,0.4015,3.148,0,0,0.0,0.4015,2,10.561,0,NORMAL
2026-09-07 10:30:00,R1,7.655,10.576,0.7238,7.655,0,0,0.0,0.7238,3,11.744,0,NORMAL
2026-09-07 10:30:00,R2,3.086,7.928,0.3892,3.086,0,0,0.0,0.3892,2,10.443,0,NORMAL
2026-09-07 10:45:00,R1,7.283,9.836,0.7405,7.283,0,0,0.0,0.7405,3,12.628,0,NORMAL
2026-09-07 10:45:00,R2,2.583,7.961,0.3244,2.583,0,0,0.0,0.3244,2,10.401,0,NORMAL
2026-09-07 11:00:00,R1,7.809,6.717,1.1626,6.717,0,1.092,0.0,1.1626,2,12.327,0,HIGH
2026-09-07 11:00:00,R2,2.917,7.916,0.3685,2.917,0,0,0.0,0.3685,2,10.459,0,NORMAL
2026-09-07 11:15:00,R1,6.927,10.991,0.6302,8.019,1.092,0,1.491,0.7296,3,11.3,0,NORMAL
2026-09-07 11:15:00,R2,2.882,8.39,0.3435,2.882,0,0,0.0,0.3435,2,9.869,0,NORMAL
2026-09-07 11:30:00,R1,6.592,10.818,0.6094,6.592,0,0,0.0,0.6094,3,11.481,0,NORMAL
2026-09-07 11:30:00,R2,2.921,8.294,0.3522,2.921,0,0,0.0,0.3522,2,9.983,0,NORMAL
2026-09-07 11:45:00,R1,5.738,10.296,0.5573,5.738,0,0,0.0,0.5573,3,12.063,0,NORMAL
2026-09-07 11:45:00,R2,2.934,7.738,0.3792,2.934,0,0,0.0,0.3792,2,10.7,0,NORMAL
2026-09-07 12:00:00,R1,7.701,10.709,0.7191,7.701,0,0,0.0,0.7191,3,11.597,0,NORMAL
2026-09-07 12:00:00,R2,2.861,8.072,0.3544,2.861,0,0,0.0,0.3544,2,10.257,0,NORMAL
2026-09-07 12:15:00,R1,6.874,10.615,0.6476,6.874,0,0,0.0,0.6476,3,11.7,0,NORMAL
2026-09-07 12:15:00,R2,2.479,7.944,0.3121,2.479,0,0,0.0,0.3121,2,10.423,0,NORMAL
2026-09-07 12:30:00,R1,6.934,10.556,0.6569,6.934,0,0,0.0,0.6569,3,11.766,0,NORMAL
2026-09-07 12:30:00,R2,3.135,7.877,0.3979,3.135,0,0,0.0,0.3979,2,10.512,0,NORMAL
2026-09-07 12:45:00,R1,6.955,11.016,0.6313,6.955,0,0,0.0,0.6313,3,11.274,0,NORMAL
2026-09-07 12:45:00,R2,2.862,8.615,0.3323,2.862,0,0,0.0,0.3323,2,9.611,0,NORMAL
2026-09-07 13:00:00,R1,7.69,11.042,0.6964,7.69,0,0,0.0,0.6964,3,11.248,0,NORMAL
2026-09-07 13:00:00,R2,3.049,8.423,0.3619,3.049,0,0,0.0,0.3619,2,9.83,0,NORMAL
2026-09-07 13:15:00,R1,7.416,11.163,0.6643,7.416,0,0,0.0,0.6643,3,11.126,0,NORMAL
2026-09-07 13:15:00,R2,2.529,8.127,0.3111,2.529,0,0,0.0,0.3111,2,10.188,0,NORMAL
2026-09-07 13:30:00,R1,6.99,10.44,0.6695,6.99,0,0,0.0,0.6695,3,11.896,0,NORMAL
2026-09-07 13:30:00,R2,2.707,8.414,0.3217,2.707,0,0,0.0,0.3217,2,9.841,0,NORMAL
2026-09-07 13:45:00,R1,7.249,10.74,0.6749,7.249,0,0,0.0,0.6749,3,11.564,0,NORMAL
2026-09-07 13:45:00,R2,2.864,7.491,0.3824,2.864,0,0,0.0,0.3824,2,11.053,0,NORMAL
2026-09-07 14:00:00,R1,7.252,10.594,0.6845,7.252,0,0,0.0,0.6845,3,11.724,0,NORMAL
2026-09-07 14:00:00,R2,2.491,7.95,0.3133,2.491,0,0,0.0,0.3133,2,10.415,0,NORMAL
2026-09-07 14:15:00,R1,7.173,10.315,0.6954,7.173,0,0,0.0,0.6954,3,12.04,0,NORMAL
2026-09-07 14:15:00,R2,2.485,8.27,0.3004,2.485,0,0,0.0,0.3004,2,10.012,0,NORMAL
2026-09-07 14:30:00,R1,7.054,10.953,0.644,7.054,0,0,0.0,0.644,3,11.34,0,NORMAL
2026-09-07 14:30:00,R2,2.78,7.68,0.362,2.78,0,0,0.0,0.362,2,10.781,0,NORMAL
2026-09-07 14:45:00,R1,7.81,6.082,1.2842,6.082,0,1.728,0.0,1.25,2,13.614,0,HIGH
2026-09-07 14:45:00,R2,2.807,7.641,0.3674,2.807,0,0,0.0,0.3674,2,10.837,0,NORMAL
2026-09-07 15:00:00,R1,7.395,9.928,0.7449,9.124,1.728,0,2.611,0.919,3,12.51,0,HIGH
2026-09-07 15:00:00,R2,2.447,8.026,0.3049,2.447,0,0,0.0,0.3049,2,10.316,0,NORMAL
2026-09-07 15:15:00,R1,7.255,10.412,0.6968,7.255,0,0,0.0,0.6968,3,11.929,0,NORMAL
2026-09-07 15:15:00,R2,2.9,8.321,0.3485,2.9,0,0,0.0,0.3485,2,9.951,0,NORMAL
2026-09-07 15:30:00,R1,7.789,11.208,0.6949,7.789,0,0,0.0,0.6949,3,11.081,0,NORMAL
2026-09-07 15:30:00,R2,2.545,8.069,0.3155,2.545,0,0,0.0,0.3155,2,10.261,0,NORMAL
2026-09-07 15:45:00,R1,7.618,6.175,1.2338,6.175,0,1.444,0.0,1.2338,2,13.409,0,HIGH
2026-09-07 15:45:00,R2,3.1,8.283,0.3743,3.1,0,0,0.0,0.3743,2,9.996,0,NORMAL
2026-09-07 16:00:00,R1,7.513,5.893,1.2749,5.893,1.444,3.064,3.674,1.25,2,14.05,0,CRITICAL
2026-09-07 16:00:00,R2,2.444,9.027,0.2707,2.444,0,0,0.0,0.2707,2,9.173,0,NORMAL
2026-09-07 16:15:00,R1,7.848,9.102,0.8622,9.102,3.064,1.81,5.049,1.1988,3,13.645,0,HIGH
2026-09-07 16:15:00,R2,2.782,7.632,0.3645,2.782,0,0,0.0,0.3645,2,10.849,0,NORMAL
2026-09-07 16:30:00,R1,7.272,9.611,0.7567,9.082,1.81,0,2.825,0.945,3,12.923,0,HIGH
2026-09-07 16:30:00,R2,2.707,8.328,0.3251,2.707,0,0,0.0,0.3251,2,9.943,0,NORMAL
2026-09-07 16:45:00,R1,7.351,10.359,0.7096,7.351,0,0,0.0,0.7096,3,11.99,0,NORMAL
2026-09-07 16:45:00,R2,2.5,7.935,0.3151,2.5,0,0,0.0,0.3151,2,10.435,0,NORMAL
2026-09-07 17:00:00,R1,7.694,11.601,0.6632,7.694,0,0,0.0,0.6632,3,10.706,0,NORMAL
2026-09-07 17:00:00,R2,2.996,7.892,0.3796,2.996,0,0,0.0,0.3796,2,10.491,0,NORMAL
2026-09-07 17:15:00,R1,6.797,11.103,0.6122,6.797,0,0,0.0,0.6122,3,11.186,0,NORMAL
2026-09-07 17:15:00,R2,2.646,8.153,0.3246,2.646,0,0,0.0,0.3246,2,10.156,0,NORMAL
2026-09-07 17:30:00,R1,7.537,10.553,0.7143,7.537,0,0,0.0,0.7143,3,11.77,0,NORMAL
2026-09-07 17:30:00,R2,2.617,7.993,0.3275,2.617,0,0,0.0,0.3275,2,10.359,0,NORMAL
2026-09-07 17:45:00,R1,7.322,10.868,0.6738,7.322,0,0,0.0,0.6738,3,11.429,0,NORMAL
2026-09-07 17:45:00,R2,3.328,8.093,0.4112,3.328,0,0,0.0,0.4112,2,10.231,0,NORMAL
2026-09-07 18:00:00,R1,6.812,10.514,0.6479,6.812,0,0,0.0,0.6479,3,11.813,0,NORMAL
2026-09-07 18:00:00,R2,2.552,7.986,0.3196,2.552,0,0,0.0,0.3196,2,10.368,0,NORMAL
2026-09-07 18:15:00,R1,6.767,10.534,0.6423,6.767,0,0,0.0,0.6423,3,11.79,0,NORMAL
2026-09-07 18:15:00,R2,2.299,7.73,0.2974,2.299,0,0,0.0,0.2974,2,10.712,0,NORMAL
2026-09-07 18:30:00,R1,6.796,11.173,0.6083,6.796,0,0,0.0,0.6083,3,11.116,0,NORMAL
2026-09-07 18:30:00,R2,3.336,7.943,0.42,3.336,0,0,0.0,0.42,2,10.424,0,NORMAL
2026-09-07 18:45:00,R1,7.022,11.04,0.636,7.022,0,0,0.0,0.636,3,11.25,0,NORMAL
2026-09-07 18:45:00,R2,2.47,8.296,0.2977,2.47,0,0,0.0,0.2977,2,9.981,0,NORMAL
2026-09-07 19:00:00,R1,5.913,10.776,0.5487,5.913,0,0,0.0,0.5487,3,11.525,0,NORMAL
2026-09-07 19:00:00,R2,3.581,3.492,1.0255,3.492,0,0.089,0.0,1.0255,1,11.855,0,HIGH
2026-09-07 19:15:00,R1,6.329,10.297,0.6147,6.329,0,0,0.0,0.6147,3,12.062,0,NORMAL
2026-09-07 19:15:00,R2,2.638,7.967,0.3311,2.727,0.089,0,0.168,0.3423,2,10.393,0,NORMAL
2026-09-07 19:30:00,R1,7.292,10.373,0.703,7.292,0,0,0.0,0.703,3,11.974,0,NORMAL
2026-09-07 19:30:00,R2,2.879,8.502,0.3387,2.879,0,0,0.0,0.3387,2,9.739,0,NORMAL
2026-09-07 19:45:00,R1,7.019,11.607,0.6047,7.019,0,0,0.0,0.6047,3,10.701,0,NORMAL
2026-09-07 19:45:00,R2,3.121,7.912,0.3944,3.121,0,0,0.0,0.3944,2,10.466,0,NORMAL
2026-09-07 20:00:00,R1,7.189,10.388,0.692,7.189,0,0,0.0,0.692,3,11.956,0,NORMAL
2026-09-07 20:00:00,R2,3.248,7.598,0.4275,3.248,0,0,0.0,0.4275,2,10.898,0,NORMAL
2026-09-07 20:15:00,R1,7.148,10.873,0.6574,7.148,0,0,0.0,0.6574,3,11.423,0,NORMAL
2026-09-07 20:15:00,R2,2.787,8.943,0.3116,2.787,0,0,0.0,0.3116,2,9.258,0,NORMAL
2026-09-07 20:30:00,R1,6.896,10.674,0.6461,6.896,0,0,0.0,0.6461,3,11.635,0,NORMAL
2026-09-07 20:30:00,R2,2.784,7.603,0.3662,2.784,0,0,0.0,0.3662,2,10.891,0,NORMAL
2026-09-07 20:45:00,R1,6.572,10.356,0.6346,6.572,0,0,0.0,0.6346,3,11.993,0,NORMAL
2026-09-07 20:45:00,R2,3.093,7.506,0.412,3.093,0,0,0.0,0.412,2,11.031,0,NORMAL
2026-09-07 21:00:00,R1,6.984,11.05,0.6321,6.984,0,0,0.0,0.6321,3,11.239,0,NORMAL
2026-09-07 21:00:00,R2,3.02,3.928,0.7687,3.02,0,0,0.0,0.7687,1,10.539,0,WARNING
2026-09-07 21:15:00,R1,7.373,10.052,0.7335,7.373,0,0,0.0,0.7335,3,12.356,0,NORMAL
2026-09-07 21:15:00,R2,3.225,8.086,0.3988,3.225,0,0,0.0,0.3988,2,10.24,0,NORMAL
2026-09-07 21:30:00,R1,7.186,10.854,0.6621,7.186,0,0,0.0,0.6621,3,11.443,0,NORMAL
2026-09-07 21:30:00,R2,2.755,8.252,0.3339,2.755,0,0,0.0,0.3339,2,10.034,0,NORMAL
2026-09-07 21:45:00,R1,7.034,10.944,0.6427,7.034,0,0,0.0,0.6427,3,11.349,0,NORMAL
2026-09-07 21:45:00,R2,3.106,7.632,0.407,3.106,0,0,0.0,0.407,2,10.849,0,NORMAL
2026-09-07 22:00:00,R1,5.005,10.201,0.4907,5.005,0,0,0.0,0.4907,3,12.176,0,NORMAL
2026-09-07 22:00:00,R2,2.011,8.757,0.2297,2.011,0,0,0.0,0.2297,2,9.456,0,NORMAL
2026-09-07 22:15:00,R1,5.014,7.198,0.6966,5.014,0,0,0.0,0.6966,2,11.503,0,NORMAL
2026-09-07 22:15:00,R2,2.779,7.987,0.3479,2.779,0,0,0.0,0.3479,2,10.367,0,NORMAL
2026-09-07 22:30:00,R1,5.072,11.407,0.4447,5.072,0,0,0.0,0.4447,3,10.888,0,NORMAL
2026-09-07 22:30:00,R2,2.461,7.736,0.3181,2.461,0,0,0.0,0.3181,2,10.703,0,NORMAL
2026-09-07 22:45:00,R1,5.438,10.766,0.5051,5.438,0,0,0.0,0.5051,3,11.536,0,NORMAL
2026-09-07 22:45:00,R2,2.207,8.233,0.268,2.207,0,0,0.0,0.268,2,10.057,0,NORMAL
2026-09-07 23:00:00,R1,5.447,11.21,0.4859,5.447,0,0,0.0,0.4859,3,11.079,0,NORMAL
2026-09-07 23:00:00,R2,2.635,7.751,0.3399,2.635,0,0,0.0,0.3399,2,10.682,0,NORMAL
2026-09-07 23:15:00,R1,5.087,10.889,0.4672,5.087,0,0,0.0,0.4672,3,11.406,0,NORMAL
2026-09-07 23:15:00,R2,2.935,8.253,0.3557,2.935,0,0,0.0,0.3557,2,10.033,0,NORMAL
2026-09-07 23:30:00,R1,5.632,6.882,0.8183,5.632,0,0,0.0,0.8183,2,12.031,0,WARNING
2026-09-07 23:30:00,R2,2.176,8.21,0.2651,2.176,0,0,0.0,0.2651,2,10.085,0,NORMAL
2026-09-07 23:45:00,R1,5.315,10.416,0.5103,5.315,0,0,0.0,0.5103,3,11.924,0,NORMAL
2026-09-07 23:45:00,R2,2.708,8.333,0.325,2.708,0,0,0.0,0.325,2,9.937,0,NORMAL
2026-09-08 00:00:00,R1,5.135,11.218,0.4578,5.135,0,0,0.0,0.4578,3,11.071,0,NORMAL
2026-09-08 00:00:00,R2,2.693,8.114,0.3318,2.693,0,0,0.0,0.3318,2,10.204,0,NORMAL
2026-09-08 00:15:00,R1,5.844,10.373,0.5634,5.844,0,0,0.0,0.5634,3,11.974,0,NORMAL
2026-09-08 00:15:00,R2,2.752,8.048,0.3419,2.752,0,0,0.0,0.3419,2,10.288,0,NORMAL
2026-09-08 00:30:00,R1,5.336,10.768,0.4956,5.336,0,0,0.0,0.4956,3,11.534,0,NORMAL
2026-09-08 00:30:00,R2,2.547,8.747,0.2912,2.547,0,0,0.0,0.2912,2,9.466,0,NORMAL
2026-09-08 00:45:00,R1,5.632,10.703,0.5262,5.632,0,0,0.0,0.5262,3,11.604,0,NORMAL
2026-09-08 00:45:00,R2,2.164,7.962,0.2718,2.164,0,0,0.0,0.2718,2,10.4,0,NORMAL
2026-09-08 01:00:00,R1,5.696,10.741,0.5303,5.696,0,0,0.0,0.5303,3,11.563,0,NORMAL
2026-09-08 01:00:00,R2,2.711,8.137,0.3332,2.711,0,0,0.0,0.3332,2,10.176,0,NORMAL
2026-09-08 01:15:00,R1,5.48,7.624,0.7188,5.48,0,0,0.0,0.7188,2,10.86,0,NORMAL
2026-09-08 01:15:00,R2,2.464,7.863,0.3134,2.464,0,0,0.0,0.3134,2,10.53,0,NORMAL
2026-09-08 01:30:00,R1,5.788,10.507,0.5508,5.788,0,0,0.0,0.5508,3,11.821,0,NORMAL
2026-09-08 01:30:00,R2,2.456,7.787,0.3154,2.456,0,0,0.0,0.3154,2,10.633,0,NORMAL
2026-09-08 01:45:00,R1,5.842,10.763,0.5428,5.842,0,0,0.0,0.5428,3,11.539,0,NORMAL
2026-09-08 01:45:00,R2,2.586,8.023,0.3224,2.586,0,0,0.0,0.3224,2,10.321,0,NORMAL
2026-09-08 02:00:00,R1,5.542,11.117,0.4985,5.542,0,0,0.0,0.4985,3,11.172,0,NORMAL
2026-09-08 02:00:00,R2,2.518,7.833,0.3215,2.518,0,0,0.0,0.3215,2,10.571,0,NORMAL
2026-09-08 02:15:00,R1,5.182,10.634,0.4873,5.182,0,0,0.0,0.4873,3,11.679,0,NORMAL
2026-09-08 02:15:00,R2,2.611,8.521,0.3065,2.611,0,0,0.0,0.3065,2,9.717,0,NORMAL
2026-09-08 02:30:00,R1,4.882,10.358,0.4713,4.882,0,0,0.0,0.4713,3,11.991,0,NORMAL
2026-09-08 02:30:00,R2,2.331,8.468,0.2753,2.331,0,0,0.0,0.2753,2,9.778,0,NORMAL
2026-09-08 02:45:00,R1,5.959,10.567,0.5639,5.959,0,0,0.0,0.5639,3,11.754,0,NORMAL
2026-09-08 02:45:00,R2,2.876,7.929,0.3627,2.876,0,0,0.0,0.3627,2,10.442,0,NORMAL
2026-09-08 03:00:00,R1,5.324,10.564,0.504,5.324,0,0,0.0,0.504,3,11.757,0,NORMAL
2026-09-08 03:00:00,R2,2.588,8.017,0.3228,2.588,0,0,0.0,0.3228,2,10.328,0,NORMAL
2026-09-08 03:15:00,R1,4.808,7.116,0.6756,4.808,0,0,0.0,0.6756,2,11.636,0,NORMAL
2026-09-08 03:15:00,R2,2.974,7.851,0.3788,2.974,0,0,0.0,0.3788,2,10.546,0,NORMAL
2026-09-08 03:30:00,R1,5.156,10.554,0.4885,5.156,0,0,0.0,0.4885,3,11.768,0,NORMAL
2026-09-08 03:30:00,R2,2.261,8.659,0.2611,2.261,0,0,0.0,0.2611,2,9.562,0,NORMAL
2026-09-08 03:45:00,R1,5.037,11.081,0.4546,5.037,0,0,0.0,0.4546,3,11.208,0,NORMAL
2026-09-08 03:45:00,R2,2.784,8.299,0.3355,2.784,0,0,0.0,0.3355,2,9.977,0,NORMAL
2026-09-08 04:00:00,R1,4.974,10.208,0.4873,4.974,0,0,0.0,0.4873,3,12.167,0,NORMAL
2026-09-08 04:00:00,R2,2.691,8.04,0.3347,2.691,0,0,0.0,0.3347,2,10.298,0,NORMAL
2026-09-08 04:15:00,R1,5.62,10.509,0.5348,5.62,0,0,0.0,0.5348,3,11.818,0,NORMAL
2026-09-08 04:15:00,R2,2.883,8.285,0.348,2.883,0,0,0.0,0.348,2,9.994,0,NORMAL
2026-09-08 04:30:00,R1,6.072,10.657,0.5697,6.072,0,0,0.0,0.5697,3,11.654,0,NORMAL
2026-09-08 04:30:00,R2,2.804,8.835,0.3174,2.804,0,0,0.0,0.3174,2,9.372,0,NORMAL
2026-09-08 04:45:00,R1,5.381,11.5,0.4679,5.381,0,0,0.0,0.4679,3,10.8,0,NORMAL
2026-09-08 04:45:00,R2,2.409,8.457,0.2848,2.409,0,0,0.0,0.2848,2,9.79,0,NORMAL
2026-09-08 05:00:00,R1,5.814,10.751,0.5408,5.814,0,0,0.0,0.5408,3,11.553,0,NORMAL
2026-09-08 05:00:00,R2,2.243,7.636,0.2937,2.243,0,0,0.0,0.2937,2,10.843,0,NORMAL
2026-09-08 05:15:00,R1,5.684,10.319,0.5508,5.684,0,0,0.0,0.5508,3,12.035,0,NORMAL
2026-09-08 05:15:00,R2,2.559,7.665,0.3338,2.559,0,0,0.0,0.3338,2,10.803,0,NORMAL
2026-09-08 05:30:00,R1,5.797,10.736,0.5399,5.797,0,0,0.0,0.5399,3,11.569,0,NORMAL
2026-09-08 05:30:00,R2,2.654,8.564,0.3099,2.654,0,0,0.0,0.3099,2,9.668,0,NORMAL
2026-09-08 05:45:00,R1,6.343,11.445,0.5542,6.343,0,0,0.0,0.5542,3,10.852,0,NORMAL
2026-09-08 05:45:00,R2,2.548,8.456,0.3013,2.548,0,0,0.0,0.3013,2,9.791,0,NORMAL
2026-09-08 06:00:00,R1,7.375,11.126,0.6629,7.375,0,0,0.0,0.6629,3,11.163,0,NORMAL
2026-09-08 06:00:00,R2,3.105,7.526,0.4125,3.105,0,0,0.0,0.4125,2,11.001,0,NORMAL
2026-09-08 06:15:00,R1,6.796,10.936,0.6214,6.796,0,0,0.0,0.6214,3,11.357,0,NORMAL
2026-09-08 06:15:00,R2,3.047,8.199,0.3716,3.047,0,0,0.0,0.3716,2,10.099,0,NORMAL
2026-09-08 06:30:00,R1,6.579,11.013,0.5973,6.579,0,0,0.0,0.5973,3,11.278,0,NORMAL
2026-09-08 06:30:00,R2,3.286,8.524,0.3855,3.286,0,0,0.0,0.3855,2,9.713,0,NORMAL
2026-09-08 06:45:00,R1,6.482,10.766,0.602,6.482,0,0,0.0,0.602,3,11.536,0,NORMAL
2026-09-08 06:45:00,R2,3.553,3.768,0.9431,3.553,0,0,0.0,0.9431,1,10.989,0,HIGH
2026-09-08 07:00:00,R1,6.344,10.892,0.5825,6.344,0,0,0.0,0.5825,3,11.403,0,NORMAL
2026-09-08 07:00:00,R2,3.302,7.688,0.4295,3.302,0,0,0.0,0.4295,2,10.77,0,NORMAL
2026-09-08 07:15:00,R1,6.888,10.508,0.6555,6.888,0,0,0.0,0.6555,3,11.819,0,NORMAL
2026-09-08 07:15:00,R2,3.157,8.325,0.3792,3.157,0,0,0.0,0.3792,2,9.946,0,NORMAL
2026-09-08 07:30:00,R1,7.431,10.382,0.7157,7.431,0,0,0.0,0.7157,3,11.963,0,NORMAL
2026-09-08 07:30:00,R2,3.251,8.53,0.3812,3.251,0,0,0.0,0.3812,2,9.707,0,NORMAL
2026-09-08 07:45:00,R1,6.447,10.313,0.6251,6.447,0,0,0.0,0.6251,3,12.043,0,NORMAL
2026-09-08 07:45:00,R2,2.865,7.939,0.3608,2.865,0,0,0.0,0.3608,2,10.43,0,NORMAL
2026-09-08 08:00:00,R1,7.389,10.697,0.6908,7.389,0,0,0.0,0.6908,3,11.611,0,NORMAL
2026-09-08 08:00:00,R2,3.047,7.892,0.386,3.047,0,0,0.0,0.386,2,10.491,0,NORMAL
2026-09-08 08:15:00,R1,6.866,10.741,0.6392,6.866,0,0,0.0,0.6392,3,11.564,0,NORMAL
2026-09-08 08:15:00,R2,3.213,8.509,0.3776,3.213,0,0,0.0,0.3776,2,9.731,0,NORMAL
2026-09-08 08:30:00,R1,6.928,10.815,0.6405,6.928,0,0,0.0,0.6405,3,11.484,0,NORMAL
2026-09-08 08:30:00,R2,2.946,7.794,0.3779,2.946,0,0,0.0,0.3779,2,10.623,0,NORMAL
2026-09-08 08:45:00,R1,7.206,10.976,0.6565,7.206,0,0,0.0,0.6565,3,11.316,0,NORMAL
2026-09-08 08:45:00,R2,2.919,7.57,0.3857,2.919,0,0,0.0,0.3857,2,10.938,0,NORMAL
2026-09-08 09:00:00,R1,6.744,10.686,0.6311,6.744,0,0,0.0,0.6311,3,11.623,0,NORMAL
2026-09-08 09:00:00,R2,2.951,7.919,0.3726,2.951,0,0,0.0,0.3726,2,10.455,0,NORMAL
2026-09-08 09:15:00,R1,7.137,10.922,0.6534,7.137,0,0,0.0,0.6534,3,11.371,0,NORMAL
2026-09-08 09:15:00,R2,3.157,7.775,0.4061,3.157,0,0,0.0,0.4061,2,10.65,0,NORMAL
2026-09-08 09:30:00,R1,7.19,11.245,0.6394,7.19,0,0,0.0,0.6394,3,11.045,0,NORMAL
2026-09-08 09:30:00,R2,2.553,8.272,0.3086,2.553,0,0,0.0,0.3086,2,10.01,0,NORMAL
2026-09-08 09:45:00,R1,7.09,10.241,0.6923,7.09,0,0,0.0,0.6923,3,12.128,0,NORMAL
2026-09-08 09:45:00,R2,2.974,7.549,0.3939,2.974,0,0,0.0,0.3939,2,10.968,0,NORMAL
2026-09-08 10:00:00,R1,7.063,11.302,0.625,7.063,0,0,0.0,0.625,3,10.989,0,NORMAL
2026-09-08 10:00:00,R2,2.727,8.125,0.3357,2.727,0,0,0.0,0.3357,2,10.191,0,NORMAL
2026-09-08 10:15:00,R1,7.197,10.809,0.6658,7.197,0,0,0.0,0.6658,3,11.491,0,NORMAL
2026-09-08 10:15:00,R2,2.955,8.422,0.3508,2.955,0,0,0.0,0.3508,2,9.832,0,NORMAL
2026-09-08 10:30:00,R1,7.447,10.987,0.6777,7.447,0,0,0.0,0.6777,3,11.304,0,NORMAL
2026-09-08 10:30:00,R2,2.806,8.282,0.3388,2.806,0,0,0.0,0.3388,2,9.997,0,NORMAL
2026-09-08 10:45:00,R1,7.149,10.505,0.6805,7.149,0,0,0.0,0.6805,3,11.823,0,NORMAL
2026-09-08 10:45:00,R2,2.872,8.141,0.3527,2.872,0,0,0.0,0.3527,2,10.17,0,NORMAL
2026-09-08 11:00:00,R1,7.002,11.477,0.6101,7.002,0,0,0.0,0.6101,3,10.822,0,NORMAL
2026-09-08 11:00:00,R2,2.84,8.633,0.329,2.84,0,0,0.0,0.329,2,9.591,0,NORMAL
2026-09-08 11:15:00,R1,7.272,6.515,1.1163,6.515,0,0.758,0.0,1.1163,2,12.71,0,HIGH
2026-09-08 11:15:00,R2,2.924,7.772,0.3762,2.924,0,0,0.0,0.3762,2,10.653,0,NORMAL
2026-09-08 11:30:00,R1,6.03,10.022,0.6017,6.788,0.758,0,1.134,0.6773,3,12.393,0,NORMAL
2026-09-08 11:30:00,R2,2.493,8.654,0.2881,2.493,0,0,0.0,0.2881,2,9.567,0,NORMAL
2026-09-08 11:45:00,R1,6.48,11.065,0.5857,6.48,0,0,0.0,0.5857,3,11.225,0,NORMAL
2026-09-08 11:45:00,R2,3.048,8.267,0.3687,3.048,0,0,0.0,0.3687,2,10.016,0,NORMAL
2026-09-08 12:00:00,R1,6.662,6.705,0.9937,6.662,0,0,0.0,0.9937,2,12.35,0,HIGH
2026-09-08 12:00:00,R2,2.671,8.088,0.3303,2.671,0,0,0.0,0.3303,2,10.238,0,NORMAL
2026-09-08 12:15:00,R1,7.146,11.064,0.6459,7.146,0,0,0.0,0.6459,3,11.226,0,NORMAL
2026-09-08 12:15:00,R2,2.714,8.194,0.3313,2.714,0,0,0.0,0.3313,2,10.105,0,NORMAL
2026-09-08 12:30:00,R1,7.056,10.583,0.6667,7.056,0,0,0.0,0.6667,3,11.736,0,NORMAL
2026-09-08 12:30:00,R2,2.897,7.92,0.3658,2.897,0,0,0.0,0.3658,2,10.455,0,NORMAL
2026-09-08 12:45:00,R1,7.458,10.585,0.7047,7.458,0,0,0.0,0.7047,3,11.734,0,NORMAL
2026-09-08 12:45:00,R2,2.809,4.31,0.6516,2.809,0,0,0.0,0.6516,1,9.605,0,NORMAL
2026-09-08 13:00:00,R1,7.963,10.684,0.7453,7.963,0,0,0.0,0.7453,3,11.624,0,NORMAL
2026-09-08 13:00:00,R2,2.856,8.639,0.3306,2.856,0,0,0.0,0.3306,2,9.585,0,NORMAL
2026-09-08 13:15:00,R1,7.038,10.777,0.6531,7.038,0,0,0.0,0.6531,3,11.525,0,NORMAL
2026-09-08 13:15:00,R2,2.774,8.117,0.3417,2.774,0,0,0.0,0.3417,2,10.201,0,NORMAL
2026-09-08 13:30:00,R1,7.51,10.405,0.7218,7.51,0,0,0.0,0.7218,3,11.936,0,NORMAL
2026-09-08 13:30:00,R2,2.895,8.015,0.3612,2.895,0,0,0.0,0.3612,2,10.331,0,NORMAL
2026-09-08 13:45:00,R1,7.422,10.294,0.721,7.422,0,0,0.0,0.721,3,12.066,0,NORMAL
2026-09-08 13:45:00,R2,3.058,7.971,0.3837,3.058,0,0,0.0,0.3837,2,10.388,0,NORMAL
2026-09-08 14:00:00,R1,7.4,10.797,0.6854,7.4,0,0,0.0,0.6854,3,11.503,0,NORMAL
2026-09-08 14:00:00,R2,2.742,8.135,0.337,2.742,0,0,0.0,0.337,2,10.179,0,NORMAL
2026-09-08 14:15:00,R1,7.576,10.86,0.6976,7.576,0,0,0.0,0.6976,3,11.437,0,NORMAL
2026-09-08 14:15:00,R2,3.183,8.259,0.3854,3.183,0,0,0.0,0.3854,2,10.026,0,NORMAL
2026-09-08 14:30:00,R1,7.041,10.8,0.6519,7.041,0,0,0.0,0.6519,3,11.5,0,NORMAL
2026-09-08 14:30:00,R2,2.883,8.301,0.3473,2.883,0,0,0.0,0.3473,2,9.975,0,NORMAL
2026-09-08 14:45:00,R1,7.431,10.509,0.7071,7.431,0,0,0.0,0.7071,3,11.819,0,NORMAL
2026-09-08 14:45:00,R2,2.402,8.265,0.2906,2.402,0,0,0.0,0.2906,2,10.018,0,NORMAL
2026-09-08 15:00:00,R1,7.034,10.191,0.6902,7.034,0,0,0.0,0.6902,3,12.187,0,NORMAL
2026-09-08 15:00:00,R2,2.794,8.717,0.3205,2.794,0,0,0.0,0.3205,2,9.498,0,NORMAL
2026-09-08 15:15:00,R1,7.854,10.881,0.7218,7.854,0,0,0.0,0.7218,3,11.415,0,NORMAL
2026-09-08 15:15:00,R2,2.408,7.912,0.3044,2.408,0,0,0.0,0.3044,2,10.465,0,NORMAL
2026-09-08 15:30:00,R1,7.406,10.738,0.6897,7.406,0,0,0.0,0.6897,3,11.566,0,NORMAL
2026-09-08 15:30:00,R2,2.552,7.571,0.337,2.552,0,0,0.0,0.337,2,10.936,0,NORMAL
2026-09-08 15:45:00,R1,7.736,10.865,0.712,7.736,0,0,0.0,0.712,3,11.431,0,NORMAL
2026-09-08 15:45:00,R2,2.417,8.201,0.2948,2.417,0,0,0.0,0.2948,2,10.097,0,NORMAL
2026-09-08 16:00:00,R1,7.476,11.629,0.6429,7.476,0,0,0.0,0.6429,3,10.68,0,NORMAL
2026-09-08 16:00:00,R2,2.931,8.084,0.3625,2.931,0,0,0.0,0.3625,2,10.243,0,NORMAL
2026-09-08 16:15:00,R1,8.019,11.872,0.6754,8.019,0,0,0.0,0.6754,3,10.462,0,NORMAL
2026-09-08 16:15:00,R2,2.606,8.161,0.3193,2.606,0,0,0.0,0.3193,2,10.146,0,NORMAL
2026-09-08 16:30:00,R1,7.993,11.184,0.7147,7.993,0,0,0.0,0.7147,3,11.105,0,NORMAL
2026-09-08 16:30:00,R2,2.826,7.78,0.3632,2.826,0,0,0.0,0.3632,2,10.643,0,NORMAL
2026-09-08 16:45:00,R1,6.961,10.893,0.639,6.961,0,0,0.0,0.639,3,11.402,0,NORMAL
2026-09-08 16:45:00,R2,2.856,8.113,0.352,2.856,0,0,0.0,0.352,2,10.205,0,NORMAL
2026-09-08 17:00:00,R1,7.798,10.902,0.7153,7.798,0,0,0.0,0.7153,3,11.393,0,NORMAL
2026-09-08 17:00:00,R2,2.576,8.253,0.3121,2.576,0,0,0.0,0.3121,2,10.033,0,NORMAL
2026-09-08 17:15:00,R1,7.128,6.662,1.07,6.662,0,0.467,0.0,1.07,2,12.43,0,HIGH
2026-09-08 17:15:00,R2,2.78,8.248,0.337,2.78,0,0,0.0,0.337,2,10.039,0,NORMAL
2026-09-08 17:30:00,R1,6.381,10.786,0.5917,6.848,0.467,0,0.649,0.6349,3,11.515,0,NORMAL
2026-09-08 17:30:00,R2,3.048,7.767,0.3924,3.048,0,0,0.0,0.3924,2,10.66,0,NORMAL
2026-09-08 17:45:00,R1,7.298,10.432,0.6995,7.298,0,0,0.0,0.6995,3,11.905,0,NORMAL
2026-09-08 17:45:00,R2,2.361,8.291,0.2848,2.361,0,0,0.0,0.2848,2,9.987,0,NORMAL
2026-09-08 18:00:00,R1,11.251,9.361,1.2019,9.361,0,1.89,0.0,1.2019,3,13.268,0,HIGH
2026-09-08 18:00:00,R2,2.972,8.051,0.3691,2.972,0,0,0.0,0.3691,2,10.285,0,NORMAL
2026-09-08 18:15:00,R1,10.407,8.801,1.1825,8.801,1.89,3.496,3.221,1.25,3,14.112,0,CRITICAL
2026-09-08 18:15:00,R2,2.656,4.005,0.6631,2.656,0,0,0.0,0.6631,1,10.338,0,NORMAL
2026-09-08 18:30:00,R1,10.749,8.542,1.2583,8.542,3.496,5.703,6.139,1.25,3,14.54,0,CRITICAL
2026-09-08 18:30:00,R2,2.752,8.669,0.3174,2.752,0,0,0.0,0.3174,2,9.551,0,NORMAL
2026-09-08 18:45:00,R1,10.826,9.149,1.1834,9.149,5.703,7.38,9.35,1.25,3,13.576,0,CRITICAL
2026-09-08 18:45:00,R2,2.636,8.168,0.3228,2.636,0,0,0.0,0.3228,2,10.138,0,NORMAL
2026-09-08 19:00:00,R1,6.116,9.036,0.6769,9.036,7.38,4.46,12.251,1.25,3,13.745,0,HIGH
2026-09-08 19:00:00,R2,3.043,8.028,0.3791,3.043,0,0,0.0,0.3791,2,10.314,0,NORMAL
2026-09-08 19:15:00,R1,6.467,8.878,0.7285,8.878,4.46,2.05,7.536,1.2309,3,13.989,0,HIGH
2026-09-08 19:15:00,R2,2.714,8.151,0.333,2.714,0,0,0.0,0.333,2,10.158,0,NORMAL
2026-09-08 19:30:00,R1,7.108,10.048,0.7074,9.158,2.05,0,3.06,0.9114,3,12.36,0,HIGH
2026-09-08 19:30:00,R2,2.688,7.957,0.3378,2.688,0,0,0.0,0.3378,2,10.406,0,NORMAL
2026-09-08 19:45:00,R1,6.566,10.823,0.6066,6.566,0,0,0.0,0.6066,3,11.475,0,NORMAL
2026-09-08 19:45:00,R2,3.347,7.885,0.4245,3.347,0,0,0.0,0.4245,2,10.501,0,NORMAL
2026-09-08 20:00:00,R1,7.158,10.959,0.6531,7.158,0,0,0.0,0.6531,3,11.333,0,NORMAL
2026-09-08 20:00:00,R2,3.064,7.383,0.415,3.064,0,0,0.0,0.415,2,11.215,0,NORMAL
2026-09-08 20:15:00,R1,6.957,11.137,0.6247,6.957,0,0,0.0,0.6247,3,11.153,0,NORMAL
2026-09-08 20:15:00,R2,3.032,8.19,0.3703,3.032,0,0,0.0,0.3703,2,10.11,0,NORMAL
2026-09-08 20:30:00,R1,7.358,10.55,0.6974,7.358,0,0,0.0,0.6974,3,11.772,0,NORMAL
2026-09-08 20:30:00,R2,3.308,8.225,0.4021,3.308,0,0,0.0,0.4021,2,10.066,0,NORMAL
2026-09-08 20:45:00,R1,7.259,10.422,0.6965,7.259,0,0,0.0,0.6965,3,11.917,0,NORMAL
2026-09-08 20:45:00,R2,2.962,8.037,0.3685,2.962,0,0,0.0,0.3685,2,10.302,0,NORMAL
2026-09-08 21:00:00,R1,7.278,6.993,1.0408,6.993,0,0.285,0.0,1.0408,2,11.84,0,HIGH
2026-09-08 21:00:00,R2,2.455,7.9,0.3108,2.455,0,0,0.0,0.3108,2,10.481,0,NORMAL
2026-09-08 21:15:00,R1,7.152,10.31,0.6937,7.437,0.285,0,0.415,0.7213,3,12.046,0,NORMAL
2026-09-08 21:15:00,R2,2.719,7.736,0.3514,2.719,0,0,0.0,0.3514,2,10.703,0,NORMAL
2026-09-08 21:30:00,R1,7.343,10.615,0.6918,7.343,0,0,0.0,0.6918,3,11.701,0,NORMAL
2026-09-08 21:30:00,R2,3.098,8.283,0.374,3.098,0,0,0.0,0.374,2,9.997,0,NORMAL
2026-09-08 21:45:00,R1,7.384,10.667,0.6923,7.384,0,0,0.0,0.6923,3,11.643,0,NORMAL
2026-09-08 21:45:00,R2,3.177,7.688,0.4132,3.177,0,0,0.0,0.4132,2,10.77,0,NORMAL
2026-09-08 22:00:00,R1,5.297,11.376,0.4657,5.297,0,0,0.0,0.4657,3,10.918,0,NORMAL
2026-09-08 22:00:00,R2,2.735,8.092,0.338,2.735,0,0,0.0,0.338,2,10.233,0,NORMAL
2026-09-08 22:15:00,R1,5.398,10.176,0.5304,5.398,0,0,0.0,0.5304,3,12.205,0,NORMAL
2026-09-08 22:15:00,R2,2.39,7.622,0.3136,2.39,0,0,0.0,0.3136,2,10.863,0,NORMAL
2026-09-08 22:30:00,R1,5.113,11.307,0.4522,5.113,0,0,0.0,0.4522,3,10.984,0,NORMAL
2026-09-08 22:30:00,R2,2.412,8.306,0.2904,2.412,0,0,0.0,0.2904,2,9.968,0,NORMAL
2026-09-08 22:45:00,R1,4.274,10.974,0.3895,4.274,0,0,0.0,0.3895,3,11.318,0,NORMAL
2026-09-08 22:45:00,R2,2.251,8.71,0.2585,2.251,0,0,0.0,0.2585,2,9.506,0,NORMAL
2026-09-08 23:00:00,R1,5.562,10.988,0.5062,5.562,0,0,0.0,0.5062,3,11.303,0,NORMAL
2026-09-08 23:00:00,R2,2.035,7.975,0.2552,2.035,0,0,0.0,0.2552,2,10.382,0,NORMAL
2026-09-08 23:15:00,R1,5.177,10.918,0.4742,5.177,0,0,0.0,0.4742,3,11.375,0,NORMAL
2026-09-08 23:15:00,R2,2.776,7.76,0.3578,2.776,0,0,0.0,0.3578,2,10.67,0,NORMAL
2026-09-08 23:30:00,R1,5.103,10.735,0.4753,5.103,0,0,0.0,0.4753,3,11.57,0,NORMAL
2026-09-08 23:30:00,R2,2.236,8.265,0.2705,2.236,0,0,0.0,0.2705,2,10.018,0,NORMAL
2026-09-08 23:45:00,R1,5.147,10.534,0.4886,5.147,0,0,0.0,0.4886,3,11.79,0,NORMAL
2026-09-08 23:45:00,R2,2.652,8.004,0.3314,2.652,0,0,0.0,0.3314,2,10.345,0,NORMAL
2026-09-09 00:00:00,R1,5.383,10.349,0.5201,5.383,0,0,0.0,0.5201,3,12.002,0,NORMAL
2026-09-09 00:00:00,R2,2.392,8.121,0.2946,2.392,0,0,0.0,0.2946,2,10.196,0,NORMAL
2026-09-09 00:15:00,R1,5.497,10.752,0.5112,5.497,0,0,0.0,0.5112,3,11.551,0,NORMAL
2026-09-09 00:15:00,R2,2.343,8.071,0.2903,2.343,0,0,0.0,0.2903,2,10.259,0,NORMAL
2026-09-09 00:30:00,R1,4.461,10.545,0.423,4.461,0,0,0.0,0.423,3,11.778,0,NORMAL
2026-09-09 00:30:00,R2,2.013,8.212,0.2451,2.013,0,0,0.0,0.2451,2,10.083,0,NORMAL
2026-09-09 00:45:00,R1,5.87,11.315,0.5188,5.87,0,0,0.0,0.5188,3,10.977,0,NORMAL
2026-09-09 00:45:00,R2,2.775,7.811,0.3552,2.775,0,0,0.0,0.3552,2,10.601,0,NORMAL
2026-09-09 01:00:00,R1,5.403,10.282,0.5255,5.403,0,0,0.0,0.5255,3,12.079,0,NORMAL
2026-09-09 01:00:00,R2,2.508,8.421,0.2979,2.508,0,0,0.0,0.2979,2,9.833,0,NORMAL
2026-09-09 01:15:00,R1,5.838,10.157,0.5748,5.838,0,0,0.0,0.5748,3,12.228,0,NORMAL
2026-09-09 01:15:00,R2,2.807,8.044,0.349,2.807,0,0,0.0,0.349,2,10.293,0,NORMAL
2026-09-09 01:30:00,R1,4.603,10.47,0.4397,4.603,0,0,0.0,0.4397,3,11.862,0,NORMAL
2026-09-09 01:30:00,R2,2.565,7.628,0.3362,2.565,0,0,0.0,0.3362,2,10.855,0,NORMAL
2026-09-09 01:45:00,R1,5.424,10.689,0.5074,5.424,0,0,0.0,0.5074,3,11.619,0,NORMAL
2026-09-09 01:45:00,R2,2.581,9.124,0.2829,2.581,0,0,0.0,0.2829,2,9.075,0,NORMAL
2026-09-09 02:00:00,R1,5.163,7.169,0.7202,5.163,0,0,0.0,0.7202,2,11.549,0,NORMAL
2026-09-09 02:00:00,R2,2.397,8.194,0.2926,2.397,0,0,0.0,0.2926,2,10.105,0,NORMAL
2026-09-09 02:15:00,R1,5.61,10.56,0.5313,5.61,0,0,0.0,0.5313,3,11.762,0,NORMAL
2026-09-09 02:15:00,R2,3.141,8.184,0.3838,3.141,0,0,0.0,0.3838,2,10.118,0,NORMAL
2026-09-09 02:30:00,R1,4.883,11.048,0.442,4.883,0,0,0.0,0.442,3,11.242,0,NORMAL
2026-09-09 02:30:00,R2,2.752,8.064,0.3413,2.752,0,0,0.0,0.3413,2,10.268,0,NORMAL
2026-09-09 02:45:00,R1,5.035,11.052,0.4556,5.035,0,0,0.0,0.4556,3,11.237,0,NORMAL
2026-09-09 02:45:00,R2,2.63,8.166,0.3221,2.63,0,0,0.0,0.3221,2,10.14,0,NORMAL
2026-09-09 03:00:00,R1,4.834,11.245,0.4299,4.834,0,0,0.0,0.4299,3,11.045,0,NORMAL
2026-09-09 03:00:00,R2,2.4,7.662,0.3133,2.4,0,0,0.0,0.3133,2,10.807,0,NORMAL
2026-09-09 03:15:00,R1,5.113,10.673,0.4791,5.113,0,0,0.0,0.4791,3,11.637,0,NORMAL
2026-09-09 03:15:00,R2,2.496,8.663,0.2881,2.496,0,0,0.0,0.2881,2,9.558,0,NORMAL
2026-09-09 03:30:00,R1,5.438,6.816,0.7978,5.438,0,0,0.0,0.7978,2,12.148,0,WARNING
2026-09-09 03:30:00,R2,2.681,7.858,0.3411,2.681,0,0,0.0,0.3411,2,10.537,0,NORMAL
2026-09-09 03:45:00,R1,5.305,10.624,0.4994,5.305,0,0,0.0,0.4994,3,11.691,0,NORMAL
2026-09-09 03:45:00,R2,2.503,7.828,0.3197,2.503,0,0,0.0,0.3197,2,10.577,0,NORMAL
2026-09-09 04:00:00,R1,5.746,10.132,0.5671,5.746,0,0,0.0,0.5671,3,12.258,0,NORMAL
2026-09-09 04:00:00,R2,2.624,7.804,0.3362,2.624,0,0,0.0,0.3362,2,10.61,0,NORMAL
2026-09-09 04:15:00,R1,5.291,10.848,0.4877,5.291,0,0,0.0,0.4877,3,11.449,0,NORMAL
2026-09-09 04:15:00,R2,2.754,8.037,0.3427,2.754,0,0,0.0,0.3427,2,10.303,0,NORMAL
2026-09-09 04:30:00,R1,5.669,11.183,0.507,5.669,0,0,0.0,0.507,3,11.106,0,NORMAL
2026-09-09 04:30:00,R2,2.378,8.084,0.2941,2.378,0,0,0.0,0.2941,2,10.242,0,NORMAL
2026-09-09 04:45:00,R1,5.52,10.868,0.5079,5.52,0,0,0.0,0.5079,3,11.428,0,NORMAL
2026-09-09 04:45:00,R2,2.342,8.666,0.2702,2.342,0,0,0.0,0.2702,2,9.555,0,NORMAL
2026-09-09 05:00:00,R1,5.509,10.65,0.5173,5.509,0,0,0.0,0.5173,3,11.662,0,NORMAL
2026-09-09 05:00:00,R2,2.73,8.131,0.3358,2.73,0,0,0.0,0.3358,2,10.183,0,NORMAL
2026-09-09 05:15:00,R1,5.79,10.85,0.5336,5.79,0,0,0.0,0.5336,3,11.447,0,NORMAL
2026-09-09 05:15:00,R2,2.457,8.155,0.3013,2.457,0,0,0.0,0.3013,2,10.153,0,NORMAL
2026-09-09 05:30:00,R1,5.582,11.053,0.505,5.582,0,0,0.0,0.505,3,11.236,0,NORMAL
2026-09-09 05:30:00,R2,2.498,8.191,0.305,2.498,0,0,0.0,0.305,2,10.109,0,NORMAL
2026-09-09 05:45:00,R1,5.681,11.502,0.4939,5.681,0,0,0.0,0.4939,3,10.798,0,NORMAL
2026-09-09 05:45:00,R2,2.269,8.075,0.281,2.269,0,0,0.0,0.281,2,10.254,0,NORMAL
2026-09-09 06:00:00,R1,6.635,11.015,0.6023,6.635,0,0,0.0,0.6023,3,11.275,0,NORMAL
2026-09-09 06:00:00,R2,3.495,3.755,0.9308,3.495,0,0,0.0,0.9308,1,11.024,0,HIGH
2026-09-09 06:15:00,R1,7.298,10.449,0.6985,7.298,0,0,0.0,0.6985,3,11.886,0,NORMAL
2026-09-09 06:15:00,R2,3.197,7.848,0.4073,3.197,0,0,0.0,0.4073,2,10.551,0,NORMAL
2026-09-09 06:30:00,R1,7.059,10.689,0.6603,7.059,0,0,0.0,0.6603,3,11.619,0,NORMAL
2026-09-09 06:30:00,R2,3.098,8.411,0.3683,3.098,0,0,0.0,0.3683,2,9.844,0,NORMAL
2026-09-09 06:45:00,R1,6.821,11.543,0.5909,6.821,0,0,0.0,0.5909,3,10.76,0,NORMAL
2026-09-09 06:45:00,R2,3.437,8.318,0.4132,3.437,0,0,0.0,0.4132,2,9.954,0,NORMAL
2026-09-09 07:00:00,R1,6.703,11.332,0.5915,6.703,0,0,0.0,0.5915,3,10.96,0,NORMAL
2026-09-09 07:00:00,R2,2.808,8.493,0.3306,2.808,0,0,0.0,0.3306,2,9.749,0,NORMAL
2026-09-09 07:15:00,R1,6.68,6.418,1.0408,6.418,0,0.262,0.0,1.0408,2,12.902,0,HIGH
2026-09-09 07:15:00,R2,3.214,7.72,0.4163,3.214,0,0,0.0,0.4163,2,10.725,0,NORMAL
2026-09-09 07:30:00,R1,6.967,10.386,0.6708,7.229,0.262,0,0.379,0.696,3,11.958,0,NORMAL
2026-09-09 07:30:00,R2,2.904,7.766,0.374,2.904,0,0,0.0,0.374,2,10.662,0,NORMAL
2026-09-09 07:45:00,R1,6.851,11.098,0.6173,6.851,0,0,0.0,0.6173,3,11.191,0,NORMAL
2026-09-09 07:45:00,R2,3.352,7.945,0.4219,3.352,0,0,0.0,0.4219,2,10.422,0,NORMAL
2026-09-09 08:00:00,R1,7.185,11.106,0.6469,7.185,0,0,0.0,0.6469,3,11.183,0,NORMAL
2026-09-09 08:00:00,R2,2.642,8.627,0.3063,2.642,0,0,0.0,0.3063,2,9.598,0,NORMAL
2026-09-09 08:15:00,R1,6.66,11.194,0.595,6.66,0,0,0.0,0.595,3,11.096,0,NORMAL
2026-09-09 08:15:00,R2,3.069,8.397,0.3655,3.069,0,0,0.0,0.3655,2,9.861,0,NORMAL
2026-09-09 08:30:00,R1,6.956,11.255,0.618,6.956,0,0,0.0,0.618,3,11.035,0,NORMAL
2026-09-09 08:30:00,R2,2.715,7.575,0.3583,2.715,0,0,0.0,0.3583,2,10.93,0,NORMAL
2026-09-09 08:45:00,R1,6.904,10.76,0.6416,6.904,0,0,0.0,0.6416,3,11.543,0,NORMAL
2026-09-09 08:45:00,R2,2.827,8.378,0.3374,2.827,0,0,0.0,0.3374,2,9.883,0,NORMAL
2026-09-09 09:00:00,R1,6.98,9.958,0.7009,6.98,0,0,0.0,0.7009,3,12.472,0,NORMAL
2026-09-09 09:00:00,R2,2.902,3.744,0.7751,2.902,0,0,0.0,0.7751,1,11.059,0,WARNING
2026-09-09 09:15:00,R1,7.578,10.314,0.7347,7.578,0,0,0.0,0.7347,3,12.042,0,NORMAL
2026-09-09 09:15:00,R2,3.212,7.946,0.4042,3.212,0,0,0.0,0.4042,2,10.421,0,NORMAL
2026-09-09 09:30:00,R1,7.595,10.689,0.7106,7.595,0,0,0.0,0.7106,3,11.62,0,NORMAL
2026-09-09 09:30:00,R2,2.815,7.584,0.3712,2.815,0,0,0.0,0.3712,2,10.917,0,NORMAL
2026-09-09 09:45:00,R1,7.465,9.701,0.7695,7.465,0,0,0.0,0.7695,3,12.803,0,WARNING
2026-09-09 09:45:00,R2,3.066,8.322,0.3684,3.066,0,0,0.0,0.3684,2,9.949,0,NORMAL
2026-09-09 10:00:00,R1,7.441,10.881,0.6838,7.441,0,0,0.0,0.6838,3,11.414,0,NORMAL
2026-09-09 10:00:00,R2,2.94,8.123,0.3619,2.94,0,0,0.0,0.3619,2,10.193,0,NORMAL
2026-09-09 10:15:00,R1,7.492,10.539,0.7109,7.492,0,0,0.0,0.7109,3,11.785,0,NORMAL
2026-09-09 10:15:00,R2,3.265,8.397,0.3889,3.265,0,0,0.0,0.3889,2,9.861,0,NORMAL
2026-09-09 10:30:00,R1,7.758,10.988,0.7061,7.758,0,0,0.0,0.7061,3,11.303,0,NORMAL
2026-09-09 10:30:00,R2,2.728,8.191,0.3331,2.728,0,0,0.0,0.3331,2,10.109,0,NORMAL
2026-09-09 10:45:00,R1,7.159,10.812,0.6621,7.159,0,0,0.0,0.6621,3,11.488,0,NORMAL
2026-09-09 10:45:00,R2,2.926,8.224,0.3558,2.926,0,0,0.0,0.3558,2,10.068,0,NORMAL
2026-09-09 11:00:00,R1,7.064,10.907,0.6477,7.064,0,0,0.0,0.6477,3,11.387,0,NORMAL
2026-09-09 11:00:00,R2,2.869,8.028,0.3574,2.869,0,0,0.0,0.3574,2,10.314,0,NORMAL
2026-09-09 11:15:00,R1,6.858,10.603,0.6468,6.858,0,0,0.0,0.6468,3,11.714,0,NORMAL
2026-09-09 11:15:00,R2,2.865,8.337,0.3437,2.865,0,0,0.0,0.3437,2,9.932,0,NORMAL
2026-09-09 11:30:00,R1,5.85,10.983,0.5326,5.85,0,0,0.0,0.5326,3,11.309,0,NORMAL
2026-09-09 11:30:00,R2,2.9,8.016,0.3618,2.9,0,0,0.0,0.3618,2,10.33,0,NORMAL
2026-09-09 11:45:00,R1,6.569,10.741,0.6116,6.569,0,0,0.0,0.6116,3,11.563,0,NORMAL
2026-09-09 11:45:00,R2,3.215,8.077,0.3981,3.215,0,0,0.0,0.3981,2,10.251,0,NORMAL
2026-09-09 12:00:00,R1,7.03,10.704,0.6568,7.03,0,0,0.0,0.6568,3,11.603,0,NORMAL
2026-09-09 12:00:00,R2,2.609,8.077,0.323,2.609,0,0,0.0,0.323,2,10.251,0,NORMAL
2026-09-09 12:15:00,R1,7.573,6.447,1.1746,6.447,0,1.126,0.0,1.1746,2,12.843,0,HIGH
2026-09-09 12:15:00,R2,3.375,8.08,0.4176,3.375,0,0,0.0,0.4176,2,10.248,0,NORMAL
2026-09-09 12:30:00,R1,7.308,11.583,0.6309,8.433,1.126,0,1.458,0.7281,3,10.723,0,NORMAL
2026-09-09 12:30:00,R2,3.02,8.171,0.3696,3.02,0,0,0.0,0.3696,2,10.133,0,NORMAL
2026-09-09 12:45:00,R1,7.741,10.4,0.7443,7.741,0,0,0.0,0.7443,3,11.942,0,NORMAL
2026-09-09 12:45:00,R2,3.271,8.373,0.3907,3.271,0,0,0.0,0.3907,2,9.889,0,NORMAL
2026-09-09 13:00:00,R1,7.199,10.303,0.6987,7.199,0,0,0.0,0.6987,3,12.055,0,NORMAL
2026-09-09 13:00:00,R2,3.348,8.009,0.4181,3.348,0,0,0.0,0.4181,2,10.338,0,NORMAL
2026-09-09 13:15:00,R1,7.294,10.621,0.6868,7.294,0,0,0.0,0.6868,3,11.694,0,NORMAL
2026-09-09 13:15:00,R2,2.473,8.208,0.3013,2.473,0,0,0.0,0.3013,2,10.088,0,NORMAL
2026-09-09 13:30:00,R1,7.194,10.689,0.673,7.194,0,0,0.0,0.673,3,11.619,0,NORMAL
2026-09-09 13:30:00,R2,2.61,8.223,0.3174,2.61,0,0,0.0,0.3174,2,10.07,0,NORMAL
2026-09-09 13:45:00,R1,7.22,10.167,0.7101,7.22,0,0,0.0,0.7101,3,12.216,0,NORMAL
2026-09-09 13:45:00,R2,2.361,7.803,0.3026,2.361,0,0,0.0,0.3026,2,10.611,0,NORMAL
2026-09-09 14:00:00,R1,7.5,10.792,0.695,7.5,0,0,0.0,0.695,3,11.509,0,NORMAL
2026-09-09 14:00:00,R2,2.749,8.992,0.3058,2.749,0,0,0.0,0.3058,2,9.209,0,NORMAL
2026-09-09 14:15:00,R1,7.166,6.313,1.1351,6.313,0,0.853,0.0,1.1351,2,13.115,0,HIGH
2026-09-09 14:15:00,R2,2.669,8.134,0.3281,2.669,0,0,0.0,0.3281,2,10.18,0,NORMAL
2026-09-09 14:30:00,R1,7.884,10.456,0.754,8.737,0.853,0,1.223,0.8356,3,11.878,0,WARNING
2026-09-09 14:30:00,R2,2.858,8.662,0.33,2.858,0,0,0.0,0.33,2,9.559,0,NORMAL
2026-09-09 14:45:00,R1,7.781,10.345,0.7521,7.781,0,0,0.0,0.7521,3,12.006,0,WARNING
2026-09-09 14:45:00,R2,2.543,8.002,0.3178,2.543,0,0,0.0,0.3178,2,10.348,0,NORMAL
2026-09-09 15:00:00,R1,7.754,10.574,0.7333,7.754,0,0,0.0,0.7333,3,11.746,0,NORMAL
2026-09-09 15:00:00,R2,2.713,8.07,0.3362,2.713,0,0,0.0,0.3362,2,10.26,0,NORMAL
2026-09-09 15:15:00,R1,7.816,11.061,0.7066,7.816,0,0,0.0,0.7066,3,11.228,0,NORMAL
2026-09-09 15:15:00,R2,2.815,8.208,0.3429,2.815,0,0,0.0,0.3429,2,10.088,0,NORMAL
2026-09-09 15:30:00,R1,7.234,10.915,0.6627,7.234,0,0,0.0,0.6627,3,11.378,0,NORMAL
2026-09-09 15:30:00,R2,2.975,8.306,0.3582,2.975,0,0,0.0,0.3582,2,9.969,0,NORMAL
2026-09-09 15:45:00,R1,7.491,11.432,0.6553,7.491,0,0,0.0,0.6553,3,10.864,0,NORMAL
2026-09-09 15:45:00,R2,2.725,7.869,0.3463,2.725,0,0,0.0,0.3463,2,10.523,0,NORMAL
2026-09-09 16:00:00,R1,7.437,11.185,0.6649,7.437,0,0,0.0,0.6649,3,11.104,0,NORMAL
2026-09-09 16:00:00,R2,2.53,7.964,0.3177,2.53,0,0,0.0,0.3177,2,10.397,0,NORMAL
2026-09-09 16:15:00,R1,7.92,10.379,0.7631,7.92,0,0,0.0,0.7631,3,11.967,0,WARNING
2026-09-09 16:15:00,R2,2.867,8.21,0.3492,2.867,0,0,0.0,0.3492,2,10.085,0,NORMAL
2026-09-09 16:30:00,R1,7.865,10.016,0.7853,7.865,0,0,0.0,0.7853,3,12.401,0,WARNING
2026-09-09 16:30:00,R2,2.847,8.024,0.3548,2.847,0,0,0.0,0.3548,2,10.319,0,NORMAL
2026-09-09 16:45:00,R1,7.725,11.043,0.6996,7.725,0,0,0.0,0.6996,3,11.247,0,NORMAL
2026-09-09 16:45:00,R2,2.742,7.909,0.3467,2.742,0,0,0.0,0.3467,2,10.469,0,NORMAL
2026-09-09 17:00:00,R1,7.381,10.856,0.6799,7.381,0,0,0.0,0.6799,3,11.441,0,NORMAL
2026-09-09 17:00:00,R2,2.712,8.498,0.3191,2.712,0,0,0.0,0.3191,2,9.744,0,NORMAL
2026-09-09 17:15:00,R1,7.067,10.454,0.676,7.067,0,0,0.0,0.676,3,11.881,0,NORMAL
2026-09-09 17:15:00,R2,3.281,3.976,0.8251,3.281,0,0,0.0,0.8251,1,10.412,0,WARNING
2026-09-09 17:30:00,R1,7.069,10.872,0.6502,7.069,0,0,0.0,0.6502,3,11.423,0,NORMAL
2026-09-09 17:30:00,R2,2.593,7.8,0.3325,2.593,0,0,0.0,0.3325,2,10.615,0,NORMAL
2026-09-09 17:45:00,R1,7.168,10.91,0.657,7.168,0,0,0.0,0.657,3,11.384,0,NORMAL
2026-09-09 17:45:00,R2,2.651,7.605,0.3486,2.651,0,0,0.0,0.3486,2,10.888,0,NORMAL
2026-09-09 18:00:00,R1,7.417,10.588,0.7005,7.417,0,0,0.0,0.7005,3,11.731,0,NORMAL
2026-09-09 18:00:00,R2,2.759,8.331,0.3312,2.759,0,0,0.0,0.3312,2,9.939,0,NORMAL
2026-09-09 18:15:00,R1,7.578,10.774,0.7033,7.578,0,0,0.0,0.7033,3,11.527,0,NORMAL
2026-09-09 18:15:00,R2,3.308,8.292,0.3989,3.308,0,0,0.0,0.3989,2,9.985,0,NORMAL
2026-09-09 18:30:00,R1,7.218,11.167,0.6464,7.218,0,0,0.0,0.6464,3,11.122,0,NORMAL
2026-09-09 18:30:00,R2,3.018,7.558,0.3993,3.018,0,0,0.0,0.3993,2,10.956,0,NORMAL
2026-09-09 18:45:00,R1,7.097,10.676,0.6648,7.097,0,0,0.0,0.6648,3,11.633,0,NORMAL
2026-09-09 18:45:00,R2,2.675,7.85,0.3408,2.675,0,0,0.0,0.3408,2,10.547,0,NORMAL
2026-09-09 19:00:00,R1,6.566,10.62,0.6182,6.566,0,0,0.0,0.6182,3,11.695,0,NORMAL
2026-09-09 19:00:00,R2,2.781,8.507,0.3269,2.781,0,0,0.0,0.3269,2,9.734,0,NORMAL
2026-09-09 19:15:00,R1,5.958,10.938,0.5447,5.958,0,0,0.0,0.5447,3,11.355,0,NORMAL
2026-09-09 19:15:00,R2,2.893,7.827,0.3697,2.893,0,0,0.0,0.3697,2,10.579,0,NORMAL
2026-09-09 19:30:00,R1,7.283,10.823,0.6729,7.283,0,0,0.0,0.6729,3,11.475,0,NORMAL
2026-09-09 19:30:00,R2,3.184,8.219,0.3874,3.184,0,0,0.0,0.3874,2,10.074,0,NORMAL
2026-09-09 19:45:00,R1,7.544,10.069,0.7493,7.544,0,0,0.0,0.7493,3,12.335,0,NORMAL
2026-09-09 19:45:00,R2,3.137,8.118,0.3865,3.137,0,0,0.0,0.3865,2,10.2,0,NORMAL
2026-09-09 20:00:00,R1,7.292,10.735,0.6792,7.292,0,0,0.0,0.6792,3,11.57,0,NORMAL
2026-09-09 20:00:00,R2,3.052,8.202,0.3721,3.052,0,0,0.0,0.3721,2,10.095,0,NORMAL
2026-09-09 20:15:00,R1,7.257,11.144,0.6512,7.257,0,0,0.0,0.6512,3,11.145,0,NORMAL
2026-09-09 20:15:00,R2,3.229,7.733,0.4176,3.229,0,0,0.0,0.4176,2,10.708,0,NORMAL
2026-09-09 20:30:00,R1,7.592,10.88,0.6979,7.592,0,0,0.0,0.6979,3,11.416,0,NORMAL
2026-09-09 20:30:00,R2,2.786,8.134,0.3425,2.786,0,0,0.0,0.3425,2,10.179,0,NORMAL
2026-09-09 20:45:00,R1,7.273,10.278,0.7076,7.273,0,0,0.0,0.7076,3,12.084,0,NORMAL
2026-09-09 20:45:00,R2,3.042,8.345,0.3645,3.042,0,0,0.0,0.3645,2,9.923,0,NORMAL
2026-09-09 21:00:00,R1,6.974,6.613,1.0547,6.613,0,0.361,0.0,1.0547,2,12.521,0,HIGH
2026-09-09 21:00:00,R2,2.965,7.901,0.3753,2.965,0,0,0.0,0.3753,2,10.48,0,NORMAL
2026-09-09 21:15:00,R1,6.852,10.536,0.6503,7.213,0.361,0,0.515,0.6846,3,11.788,0,NORMAL
2026-09-09 21:15:00,R2,2.928,7.869,0.372,2.928,0,0,0.0,0.372,2,10.522,0,NORMAL
2026-09-09 21:30:00,R1,6.594,10.705,0.6159,6.594,0,0,0.0,0.6159,3,11.602,0,NORMAL
2026-09-09 21:30:00,R2,2.836,8.879,0.3194,2.836,0,0,0.0,0.3194,2,9.325,0,NORMAL
2026-09-09 21:45:00,R1,6.961,10.325,0.6742,6.961,0,0,0.0,0.6742,3,12.029,0,NORMAL
2026-09-09 21:45:00,R2,3.218,7.954,0.4046,3.218,0,0,0.0,0.4046,2,10.409,0,NORMAL
2026-09-09 22:00:00,R1,5.544,10.436,0.5313,5.544,0,0,0.0,0.5313,3,11.901,0,NORMAL
2026-09-09 22:00:00,R2,2.883,8.115,0.3553,2.883,0,0,0.0,0.3553,2,10.203,0,NORMAL
2026-09-09 22:15:00,R1,5.772,10.895,0.5298,5.772,0,0,0.0,0.5298,3,11.4,0,NORMAL
2026-09-09 22:15:00,R2,2.544,8.241,0.3088,2.544,0,0,0.0,0.3088,2,10.047,0,NORMAL
2026-09-09 22:30:00,R1,5.193,11.368,0.4568,5.193,0,0,0.0,0.4568,3,10.925,0,NORMAL
2026-09-09 22:30:00,R2,2.889,7.791,0.3708,2.889,0,0,0.0,0.3708,2,10.628,0,NORMAL
2026-09-09 22:45:00,R1,5.277,10.847,0.4865,5.277,0,0,0.0,0.4865,3,11.45,0,NORMAL
2026-09-09 22:45:00,R2,2.521,8.081,0.3119,2.521,0,0,0.0,0.3119,2,10.246,0,NORMAL
2026-09-09 23:00:00,R1,5.418,10.285,0.5268,5.418,0,0,0.0,0.5268,3,12.076,0,NORMAL
2026-09-09 23:00:00,R2,2.598,8.011,0.3244,2.598,0,0,0.0,0.3244,2,10.336,0,NORMAL
2026-09-09 23:15:00,R1,5.466,7.223,0.7568,5.466,0,0,0.0,0.7568,2,11.464,0,WARNING
2026-09-09 23:15:00,R2,2.447,7.365,0.3323,2.447,0,0,0.0,0.3323,2,11.243,0,NORMAL
2026-09-09 23:30:00,R1,5.41,10.637,0.5086,5.41,0,0,0.0,0.5086,3,11.676,0,NORMAL
2026-09-09 23:30:00,R2,2.684,7.909,0.3394,2.684,0,0,0.0,0.3394,2,10.469,0,NORMAL
2026-09-09 23:45:00,R1,5.156,10.546,0.4889,5.156,0,0,0.0,0.4889,3,11.777,0,NORMAL
2026-09-09 23:45:00,R2,2.69,8.159,0.3298,2.69,0,0,0.0,0.3298,2,10.149,0,NORMAL
2026-09-10 00:00:00,R1,5.071,11.06,0.4585,5.071,0,0,0.0,0.4585,3,11.23,0,NORMAL
2026-09-10 00:00:00,R2,2.613,8.352,0.3129,2.613,0,0,0.0,0.3129,2,9.914,0,NORMAL
2026-09-10 00:15:00,R1,5.632,10.961,0.5139,5.632,0,0,0.0,0.5139,3,11.331,0,NORMAL
2026-09-10 00:15:00,R2,2.488,8.289,0.3002,2.488,0,0,0.0,0.3002,2,9.99,0,NORMAL
2026-09-10 00:30:00,R1,5.053,10.418,0.485,5.053,0,0,0.0,0.485,3,11.922,0,NORMAL
2026-09-10 00:30:00,R2,2.152,8.071,0.2666,2.152,0,0,0.0,0.2666,2,10.258,0,NORMAL
2026-09-10 00:45:00,R1,5.553,10.808,0.5138,5.553,0,0,0.0,0.5138,3,11.491,0,NORMAL
2026-09-10 00:45:00,R2,2.54,7.794,0.3259,2.54,0,0,0.0,0.3259,2,10.624,0,NORMAL
2026-09-10 01:00:00,R1,4.401,10.569,0.4164,4.401,0,0,0.0,0.4164,3,11.752,0,NORMAL
2026-09-10 01:00:00,R2,2.512,7.969,0.3152,2.512,0,0,0.0,0.3152,2,10.39,0,NORMAL
2026-09-10 01:15:00,R1,5.497,7.044,0.7804,5.497,0,0,0.0,0.7804,2,11.754,0,WARNING
2026-09-10 01:15:00,R2,2.214,8.953,0.2473,2.214,0,0,0.0,0.2473,2,9.249,0,NORMAL
2026-09-10 01:30:00,R1,5.313,10.63,0.4998,5.313,0,0,0.0,0.4998,3,11.684,0,NORMAL
2026-09-10 01:30:00,R2,2.721,8.07,0.3372,2.721,0,0,0.0,0.3372,2,10.26,0,NORMAL
2026-09-10 01:45:00,R1,6.392,11.175,0.572,6.392,0,0,0.0,0.572,3,11.114,0,NORMAL
2026-09-10 01:45:00,R2,2.571,8.148,0.3155,2.571,0,0,0.0,0.3155,2,10.161,0,NORMAL
2026-09-10 02:00:00,R1,5.04,10.55,0.4777,5.04,0,0,0.0,0.4777,3,11.772,0,NORMAL
2026-09-10 02:00:00,R2,2.526,7.884,0.3204,2.526,0,0,0.0,0.3204,2,10.503,0,NORMAL
2026-09-10 02:15:00,R1,4.767,10.287,0.4634,4.767,0,0,0.0,0.4634,3,12.074,0,NORMAL
2026-09-10 02:15:00,R2,2.809,8.725,0.322,2.809,0,0,0.0,0.322,2,9.49,0,NORMAL
2026-09-10 02:30:00,R1,6.148,10.618,0.579,6.148,0,0,0.0,0.579,3,11.698,0,NORMAL
2026-09-10 02:30:00,R2,2.644,8.95,0.2954,2.644,0,0,0.0,0.2954,2,9.251,0,NORMAL
2026-09-10 02:45:00,R1,5.427,10.698,0.5073,5.427,0,0,0.0,0.5073,3,11.61,0,NORMAL
2026-09-10 02:45:00,R2,2.981,8.027,0.3713,2.981,0,0,0.0,0.3713,2,10.315,0,NORMAL
2026-09-10 03:00:00,R1,4.535,11.163,0.4062,4.535,0,0,0.0,0.4062,3,11.126,0,NORMAL
2026-09-10 03:00:00,R2,2.818,3.977,0.7085,2.818,0,0,0.0,0.7085,1,10.409,0,NORMAL
2026-09-10 03:15:00,R1,4.655,10.777,0.4319,4.655,0,0,0.0,0.4319,3,11.525,0,NORMAL
2026-09-10 03:15:00,R2,2.555,8.405,0.304,2.555,0,0,0.0,0.304,2,9.852,0,NORMAL
2026-09-10 03:30:00,R1,5.441,11.203,0.4857,5.441,0,0,0.0,0.4857,3,11.086,0,NORMAL
2026-09-10 03:30:00,R2,2.718,7.819,0.3476,2.718,0,0,0.0,0.3476,2,10.589,0,NORMAL
2026-09-10 03:45:00,R1,5.237,10.728,0.4882,5.237,0,0,0.0,0.4882,3,11.577,0,NORMAL
2026-09-10 03:45:00,R2,2.679,8.73,0.3069,2.679,0,0,0.0,0.3069,2,9.484,0,NORMAL
2026-09-10 04:00:00,R1,5.177,10.581,0.4893,5.177,0,0,0.0,0.4893,3,11.738,0,NORMAL
2026-09-10 04:00:00,R2,2.326,8.416,0.2763,2.326,0,0,0.0,0.2763,2,9.838,0,NORMAL
2026-09-10 04:15:00,R1,5.136,10.299,0.4987,5.136,0,0,0.0,0.4987,3,12.06,0,NORMAL
2026-09-10 04:15:00,R2,2.821,7.873,0.3583,2.821,0,0,0.0,0.3583,2,10.516,0,NORMAL
2026-09-10 04:30:00,R1,5.294,10.516,0.5035,5.294,0,0,0.0,0.5035,3,11.811,0,NORMAL
2026-09-10 04:30:00,R2,2.327,7.866,0.2958,2.327,0,0,0.0,0.2958,2,10.526,0,NORMAL
2026-09-10 04:45:00,R1,5.307,10.488,0.506,5.307,0,0,0.0,0.506,3,11.842,0,NORMAL
2026-09-10 04:45:00,R2,2.639,8.362,0.3155,2.639,0,0,0.0,0.3155,2,9.901,0,NORMAL
2026-09-10 05:00:00,R1,5.224,10.801,0.4837,5.224,0,0,0.0,0.4837,3,11.499,0,NORMAL
2026-09-10 05:00:00,R2,2.601,8.598,0.3025,2.601,0,0,0.0,0.3025,2,9.631,0,NORMAL
2026-09-10 05:15:00,R1,5.139,10.342,0.4969,5.139,0,0,0.0,0.4969,3,12.009,0,NORMAL
2026-09-10 05:15:00,R2,2.085,8.034,0.2595,2.085,0,0,0.0,0.2595,2,10.307,0,NORMAL
2026-09-10 05:30:00,R1,5.133,11.265,0.4557,5.133,0,0,0.0,0.4557,3,11.025,0,NORMAL
2026-09-10 05:30:00,R2,2.691,7.779,0.3459,2.691,0,0,0.0,0.3459,2,10.644,0,NORMAL
2026-09-10 05:45:00,R1,5.966,10.255,0.5818,5.966,0,0,0.0,0.5818,3,12.112,0,NORMAL
2026-09-10 05:45:00,R2,2.823,3.904,0.7231,2.823,0,0,0.0,0.7231,1,10.606,0,NORMAL
2026-09-10 06:00:00,R1,6.709,10.365,0.6473,6.709,0,0,0.0,0.6473,3,11.983,0,NORMAL
2026-09-10 06:00:00,R2,3.302,8.271,0.3992,3.302,0,0,0.0,0.3992,2,10.011,0,NORMAL
2026-09-10 06:15:00,R1,6.961,10.822,0.6432,6.961,0,0,0.0,0.6432,3,11.477,0,NORMAL
2026-09-10 06:15:00,R2,2.931,7.65,0.3831,2.931,0,0,0.0,0.3831,2,10.823,0,NORMAL
2026-09-10 06:30:00,R1,6.81,10.581,0.6435,6.81,0,0,0.0,0.6435,3,11.737,0,NORMAL
2026-09-10 06:30:00,R2,3.105,7.758,0.4003,3.105,0,0,0.0,0.4003,2,10.673,0,NORMAL
2026-09-10 06:45:00,R1,6.062,10.622,0.5707,6.062,0,0,0.0,0.5707,3,11.693,0,NORMAL
2026-09-10 06:45:00,R2,2.969,8.03,0.3698,2.969,0,0,0.0,0.3698,2,10.311,0,NORMAL
2026-09-10 07:00:00,R1,6.937,10.849,0.6394,6.937,0,0,0.0,0.6394,3,11.449,0,NORMAL
2026-09-10 07:00:00,R2,3.407,7.756,0.4393,3.407,0,0,0.0,0.4393,2,10.676,0,NORMAL
2026-09-10 07:15:00,R1,7.135,10.839,0.6582,7.135,0,0,0.0,0.6582,3,11.458,0,NORMAL
2026-09-10 07:15:00,R2,3.042,8.008,0.3799,3.042,0,0,0.0,0.3799,2,10.34,0,NORMAL
2026-09-10 07:30:00,R1,7.154,10.691,0.6692,7.154,0,0,0.0,0.6692,3,11.617,0,NORMAL
2026-09-10 07:30:00,R2,3.296,8.143,0.4048,3.296,0,0,0.0,0.4048,2,10.168,0,NORMAL
2026-09-10 07:45:00,R1,6.514,10.896,0.5979,6.514,0,0,0.0,0.5979,3,11.399,0,NORMAL
2026-09-10 07:45:00,R2,3.385,7.937,0.4265,3.385,0,0,0.0,0.4265,2,10.432,0,NORMAL
2026-09-10 08:00:00,R1,6.666,10.636,0.6267,6.666,0,0,0.0,0.6267,3,11.677,0,NORMAL
2026-09-10 08:00:00,R2,2.812,8.336,0.3374,2.812,0,0,0.0,0.3374,2,9.933,0,NORMAL
2026-09-10 08:15:00,R1,6.833,10.903,0.6267,6.833,0,0,0.0,0.6267,3,11.391,0,NORMAL
2026-09-10 08:15:00,R2,2.847,8.171,0.3484,2.847,0,0,0.0,0.3484,2,10.133,0,NORMAL
2026-09-10 08:30:00,R1,7.648,10.788,0.709,7.648,0,0,0.0,0.709,3,11.513,0,NORMAL
2026-09-10 08:30:00,R2,2.958,8.37,0.3535,2.958,0,0,0.0,0.3535,2,9.893,0,NORMAL
2026-09-10 08:45:00,R1,6.604,10.039,0.6578,6.604,0,0,0.0,0.6578,3,12.371,0,NORMAL
2026-09-10 08:45:00,R2,3.343,8.302,0.4026,3.343,0,0,0.0,0.4026,2,9.974,0,NORMAL
2026-09-10 09:00:00,R1,7.486,10.864,0.6891,7.486,0,0,0.0,0.6891,3,11.433,0,NORMAL
2026-09-10 09:00:00,R2,2.929,8.279,0.3538,2.929,0,0,0.0,0.3538,2,10.001,0,NORMAL
2026-09-10 09:15:00,R1,6.816,10.254,0.6647,6.816,0,0,0.0,0.6647,3,12.112,0,NORMAL
2026-09-10 09:15:00,R2,2.88,7.593,0.3793,2.88,0,0,0.0,0.3793,2,10.904,0,NORMAL
2026-09-10 09:30:00,R1,6.418,10.654,0.6025,6.418,0,0,0.0,0.6025,3,11.658,0,NORMAL
2026-09-10 09:30:00,R2,2.958,7.954,0.3718,2.958,0,0,0.0,0.3718,2,10.41,0,NORMAL
2026-09-10 09:45:00,R1,6.884,10.737,0.6412,6.884,0,0,0.0,0.6412,3,11.567,0,NORMAL
2026-09-10 09:45:00,R2,2.726,8.276,0.3294,2.726,0,0,0.0,0.3294,2,10.005,0,NORMAL
2026-09-10 10:00:00,R1,7.246,10.614,0.6827,7.246,0,0,0.0,0.6827,3,11.702,0,NORMAL
2026-09-10 10:00:00,R2,3.097,8.036,0.3853,3.097,0,0,0.0,0.3853,2,10.304,0,NORMAL
2026-09-10 10:15:00,R1,6.72,10.673,0.6296,6.72,0,0,0.0,0.6296,3,11.637,0,NORMAL
2026-09-10 10:15:00,R2,2.576,8.149,0.3161,2.576,0,0,0.0,0.3161,2,10.161,0,NORMAL
2026-09-10 10:30:00,R1,7.277,10.224,0.7117,7.277,0,0,0.0,0.7117,3,12.148,0,NORMAL
2026-09-10 10:30:00,R2,2.558,7.829,0.3268,2.558,0,0,0.0,0.3268,2,10.576,0,NORMAL
2026-09-10 10:45:00,R1,7.385,11.044,0.6687,7.385,0,0,0.0,0.6687,3,11.246,0,NORMAL
2026-09-10 10:45:00,R2,2.836,7.892,0.3593,2.836,0,0,0.0,0.3593,2,10.492,0,NORMAL
2026-09-10 11:00:00,R1,6.78,6.376,1.0634,6.376,0,0.404,0.0,1.0634,2,12.987,0,HIGH
2026-09-10 11:00:00,R2,2.956,7.645,0.3866,2.956,0,0,0.0,0.3866,2,10.83,0,NORMAL
2026-09-10 11:15:00,R1,6.77,10.986,0.6162,7.174,0.404,0,0.552,0.653,3,11.305,0,NORMAL
2026-09-10 11:15:00,R2,2.767,7.84,0.3529,2.767,0,0,0.0,0.3529,2,10.561,0,NORMAL
2026-09-10 11:30:00,R1,6.108,6.305,0.9688,6.108,0,0,0.0,0.9688,2,13.133,0,HIGH
2026-09-10 11:30:00,R2,2.917,8.074,0.3613,2.917,0,0,0.0,0.3613,2,10.255,0,NORMAL
2026-09-10 11:45:00,R1,6.271,6.163,1.0175,6.163,0,0.108,0.0,1.0175,2,13.436,0,HIGH
2026-09-10 11:45:00,R2,3.133,7.794,0.402,3.133,0,0,0.0,0.402,2,10.623,0,NORMAL
2026-09-10 12:00:00,R1,7.232,10.814,0.6688,7.34,0.108,0,0.15,0.6787,3,11.485,0,NORMAL
2026-09-10 12:00:00,R2,3.051,7.592,0.4019,3.051,0,0,0.0,0.4019,2,10.907,0,NORMAL
2026-09-10 12:15:00,R1,7.21,11.132,0.6477,7.21,0,0,0.0,0.6477,3,11.157,0,NORMAL
2026-09-10 12:15:00,R2,2.514,7.87,0.3194,2.514,0,0,0.0,0.3194,2,10.521,0,NORMAL
2026-09-10 12:30:00,R1,6.921,10.668,0.6488,6.921,0,0,0.0,0.6488,3,11.642,0,NORMAL
2026-09-10 12:30:00,R2,2.628,7.926,0.3316,2.628,0,0,0.0,0.3316,2,10.447,0,NORMAL
2026-09-10 12:45:00,R1,7.687,10.907,0.7048,7.687,0,0,0.0,0.7048,3,11.388,0,NORMAL
2026-09-10 12:45:00,R2,2.426,8.118,0.2988,2.426,0,0,0.0,0.2988,2,10.199,0,NORMAL
2026-09-10 13:00:00,R1,7.256,10.621,0.6832,7.256,0,0,0.0,0.6832,3,11.693,0,NORMAL
2026-09-10 13:00:00,R2,2.975,8.328,0.3572,2.975,0,0,0.0,0.3572,2,9.942,0,NORMAL
2026-09-10 13:15:00,R1,6.973,11.115,0.6273,6.973,0,0,0.0,0.6273,3,11.174,0,NORMAL
2026-09-10 13:15:00,R2,2.85,7.603,0.3749,2.85,0,0,0.0,0.3749,2,10.891,0,NORMAL
2026-09-10 13:30:00,R1,6.678,11.562,0.5775,6.678,0,0,0.0,0.5775,3,10.742,0,NORMAL
2026-09-10 13:30:00,R2,2.917,7.991,0.365,2.917,0,0,0.0,0.365,2,10.361,0,NORMAL
2026-09-10 13:45:00,R1,7.437,10.581,0.7028,7.437,0,0,0.0,0.7028,3,11.738,0,NORMAL
2026-09-10 13:45:00,R2,2.452,8.18,0.2997,2.452,0,0,0.0,0.2997,2,10.122,0,NORMAL
2026-09-10 14:00:00,R1,7.062,10.398,0.6791,7.062,0,0,0.0,0.6791,3,11.944,0,NORMAL
2026-09-10 14:00:00,R2,3.074,8.249,0.3727,3.074,0,0,0.0,0.3727,2,10.037,0,NORMAL
2026-09-10 14:15:00,R1,7.572,10.255,0.7383,7.572,0,0,0.0,0.7383,3,12.111,0,NORMAL
2026-09-10 14:15:00,R2,2.779,7.856,0.3538,2.779,0,0,0.0,0.3538,2,10.54,0,NORMAL
2026-09-10 14:30:00,R1,7.441,11.24,0.662,7.441,0,0,0.0,0.662,3,11.05,0,NORMAL
2026-09-10 14:30:00,R2,2.285,8.035,0.2844,2.285,0,0,0.0,0.2844,2,10.305,0,NORMAL
2026-09-10 14:45:00,R1,7.118,11.159,0.6379,7.118,0,0,0.0,0.6379,3,11.13,0,NORMAL
2026-09-10 14:45:00,R2,2.995,8.249,0.3631,2.995,0,0,0.0,0.3631,2,10.038,0,NORMAL
2026-09-10 15:00:00,R1,7.981,10.549,0.7566,7.981,0,0,0.0,0.7566,3,11.774,0,WARNING
2026-09-10 15:00:00,R2,2.975,7.803,0.3812,2.975,0,0,0.0,0.3812,2,10.612,0,NORMAL
2026-09-10 15:15:00,R1,8.052,10.424,0.7725,8.052,0,0,0.0,0.7725,3,11.915,0,WARNING
2026-09-10 15:15:00,R2,2.821,8.564,0.3294,2.821,0,0,0.0,0.3294,2,9.668,0,NORMAL
2026-09-10 15:30:00,R1,7.233,10.628,0.6805,7.233,0,0,0.0,0.6805,3,11.686,0,NORMAL
2026-09-10 15:30:00,R2,3.081,7.842,0.3929,3.081,0,0,0.0,0.3929,2,10.558,0,NORMAL
2026-09-10 15:45:00,R1,7.056,10.848,0.6504,7.056,0,0,0.0,0.6504,3,11.449,0,NORMAL
2026-09-10 15:45:00,R2,3.012,7.984,0.3772,3.012,0,0,0.0,0.3772,2,10.371,0,NORMAL
2026-09-10 16:00:00,R1,6.995,10.912,0.6411,6.995,0,0,0.0,0.6411,3,11.382,0,NORMAL
2026-09-10 16:00:00,R2,2.919,8.145,0.3584,2.919,0,0,0.0,0.3584,2,10.166,0,NORMAL
2026-09-10 16:15:00,R1,7.626,10.735,0.7104,7.626,0,0,0.0,0.7104,3,11.57,0,NORMAL
2026-09-10 16:15:00,R2,2.717,8.555,0.3176,2.717,0,0,0.0,0.3176,2,9.679,0,NORMAL
2026-09-10 16:30:00,R1,7.282,10.823,0.6728,7.282,0,0,0.0,0.6728,3,11.475,0,NORMAL
2026-09-10 16:30:00,R2,2.597,8.359,0.3107,2.597,0,0,0.0,0.3107,2,9.905,0,NORMAL
2026-09-10 16:45:00,R1,7.564,10.094,0.7494,7.564,0,0,0.0,0.7494,3,12.305,0,NORMAL
2026-09-10 16:45:00,R2,2.657,8.366,0.3176,2.657,0,0,0.0,0.3176,2,9.898,0,NORMAL
2026-09-10 17:00:00,R1,7.187,10.416,0.69,7.187,0,0,0.0,0.69,3,11.924,0,NORMAL
2026-09-10 17:00:00,R2,2.912,7.741,0.3762,2.912,0,0,0.0,0.3762,2,10.696,0,NORMAL
2026-09-10 17:15:00,R1,7.539,10.427,0.723,7.539,0,0,0.0,0.723,3,11.911,0,NORMAL
2026-09-10 17:15:00,R2,2.715,7.425,0.3657,2.715,0,0,0.0,0.3657,2,11.151,0,NORMAL
2026-09-10 17:30:00,R1,7.245,10.919,0.6635,7.245,0,0,0.0,0.6635,3,11.375,0,NORMAL
2026-09-10 17:30:00,R2,2.468,8.144,0.303,2.468,0,0,0.0,0.303,2,10.167,0,NORMAL
2026-09-10 17:45:00,R1,6.846,10.873,0.6297,6.846,0,0,0.0,0.6297,3,11.423,0,NORMAL
2026-09-10 17:45:00,R2,2.989,8.127,0.3678,2.989,0,0,0.0,0.3678,2,10.188,0,NORMAL
2026-09-10 18:00:00,R1,7.495,10.495,0.7141,7.495,0,0,0.0,0.7141,3,11.834,0,NORMAL
2026-09-10 18:00:00,R2,3.108,7.749,0.4011,3.108,0,0,0.0,0.4011,2,10.685,0,NORMAL
2026-09-10 18:15:00,R1,7.002,11.19,0.6257,7.002,0,0,0.0,0.6257,3,11.099,0,NORMAL
2026-09-10 18:15:00,R2,2.612,8.531,0.3062,2.612,0,0,0.0,0.3062,2,9.706,0,NORMAL
2026-09-10 18:30:00,R1,6.715,10.184,0.6593,6.715,0,0,0.0,0.6593,3,12.195,0,NORMAL
2026-09-10 18:30:00,R2,2.886,8.09,0.3567,2.886,0,0,0.0,0.3567,2,10.235,0,NORMAL
2026-09-10 18:45:00,R1,6.788,10.614,0.6396,6.788,0,0,0.0,0.6396,3,11.702,0,NORMAL
2026-09-10 18:45:00,R2,2.98,7.934,0.3756,2.98,0,0,0.0,0.3756,2,10.436,0,NORMAL
2026-09-10 19:00:00,R1,6.68,10.343,0.6458,6.68,0,0,0.0,0.6458,3,12.008,0,NORMAL
2026-09-10 19:00:00,R2,2.624,7.791,0.3368,2.624,0,0,0.0,0.3368,2,10.628,0,NORMAL
2026-09-10 19:15:00,R1,6.773,10.197,0.6642,6.773,0,0,0.0,0.6642,3,12.18,0,NORMAL
2026-09-10 19:15:00,R2,2.367,8.461,0.2798,2.367,0,0,0.0,0.2798,2,9.786,0,NORMAL
2026-09-10 19:30:00,R1,6.98,10.816,0.6453,6.98,0,0,0.0,0.6453,3,11.483,0,NORMAL
2026-09-10 19:30:00,R2,2.791,7.905,0.3531,2.791,0,0,0.0,0.3531,2,10.474,0,NORMAL
2026-09-10 19:45:00,R1,7.242,11.277,0.6422,7.242,0,0,0.0,0.6422,3,11.014,0,NORMAL
2026-09-10 19:45:00,R2,2.591,4.033,0.6425,2.591,0,0,0.0,0.6425,1,10.266,0,NORMAL
2026-09-10 20:00:00,R1,7.188,10.936,0.6573,7.188,0,0,0.0,0.6573,3,11.357,0,NORMAL
2026-09-10 20:00:00,R2,2.819,7.736,0.3644,2.819,0,0,0.0,0.3644,2,10.704,0,NORMAL
2026-09-10 20:15:00,R1,7.442,10.851,0.6859,7.442,0,0,0.0,0.6859,3,11.446,0,NORMAL
2026-09-10 20:15:00,R2,3.077,7.901,0.3894,3.077,0,0,0.0,0.3894,2,10.479,0,NORMAL
2026-09-10 20:30:00,R1,7.708,10.977,0.7022,7.708,0,0,0.0,0.7022,3,11.314,0,NORMAL
2026-09-10 20:30:00,R2,2.919,7.85,0.3719,2.919,0,0,0.0,0.3719,2,10.548,0,NORMAL
2026-09-10 20:45:00,R1,7.405,6.148,1.2043,6.148,0,1.256,0.0,1.2043,2,13.467,0,HIGH
2026-09-10 20:45:00,R2,3.025,4.017,0.753,3.025,0,0,0.0,0.753,1,10.306,0,WARNING
2026-09-10 21:00:00,R1,7.118,10.655,0.668,8.374,1.256,0,1.768,0.7859,3,11.657,0,WARNING
2026-09-10 21:00:00,R2,2.885,7.631,0.3781,2.885,0,0,0.0,0.3781,2,10.85,0,NORMAL
2026-09-10 21:15:00,R1,6.716,11.66,0.576,6.716,0,0,0.0,0.576,3,10.652,0,NORMAL
2026-09-10 21:15:00,R2,3.156,8.049,0.3922,3.156,0,0,0.0,0.3922,2,10.287,0,NORMAL
2026-09-10 21:30:00,R1,7.316,10.545,0.6938,7.316,0,0,0.0,0.6938,3,11.778,0,NORMAL
2026-09-10 21:30:00,R2,2.964,8.501,0.3487,2.964,0,0,0.0,0.3487,2,9.74,0,NORMAL
2026-09-10 21:45:00,R1,7.413,10.646,0.6964,7.413,0,0,0.0,0.6964,3,11.666,0,NORMAL
2026-09-10 21:45:00,R2,3.053,8.323,0.3669,3.053,0,0,0.0,0.3669,2,9.949,0,NORMAL
2026-09-10 22:00:00,R1,5.198,11.11,0.4678,5.198,0,0,0.0,0.4678,3,11.179,0,NORMAL
2026-09-10 22:00:00,R2,2.47,8.888,0.2779,2.47,0,0,0.0,0.2779,2,9.316,0,NORMAL
2026-09-10 22:15:00,R1,5.391,10.797,0.4993,5.391,0,0,0.0,0.4993,3,11.503,0,NORMAL
2026-09-10 22:15:00,R2,2.466,8.096,0.3045,2.466,0,0,0.0,0.3045,2,10.227,0,NORMAL
2026-09-10 22:30:00,R1,5.394,11.259,0.4791,5.394,0,0,0.0,0.4791,3,11.031,0,NORMAL
2026-09-10 22:30:00,R2,2.607,8.138,0.3204,2.607,0,0,0.0,0.3204,2,10.175,0,NORMAL
2026-09-10 22:45:00,R1,5.664,10.89,0.5201,5.664,0,0,0.0,0.5201,3,11.405,0,NORMAL
2026-09-10 22:45:00,R2,2.713,7.708,0.352,2.713,0,0,0.0,0.352,2,10.742,0,NORMAL
2026-09-10 23:00:00,R1,5.66,7.452,0.7595,5.66,0,0,0.0,0.7595,2,11.111,0,WARNING
2026-09-10 23:00:00,R2,2.546,8.276,0.3077,2.546,0,0,0.0,0.3077,2,10.005,0,NORMAL
2026-09-10 23:15:00,R1,5.068,10.778,0.4703,5.068,0,0,0.0,0.4703,3,11.524,0,NORMAL
2026-09-10 23:15:00,R2,2.422,7.764,0.312,2.422,0,0,0.0,0.312,2,10.665,0,NORMAL
2026-09-10 23:30:00,R1,4.965,10.883,0.4562,4.965,0,0,0.0,0.4562,3,11.412,0,NORMAL
2026-09-10 23:30:00,R2,2.439,8.014,0.3043,2.439,0,0,0.0,0.3043,2,10.332,0,NORMAL
2026-09-10 23:45:00,R1,4.915,10.333,0.4757,4.915,0,0,0.0,0.4757,3,12.02,0,NORMAL
2026-09-10 23:45:00,R2,2.555,8.12,0.3146,2.555,0,0,0.0,0.3146,2,10.197,0,NORMAL
2026-09-11 00:00:00,R1,5.166,10.691,0.4832,5.166,0,0,0.0,0.4832,3,11.617,0,NORMAL
2026-09-11 00:00:00,R2,2.422,9.039,0.2679,2.422,0,0,0.0,0.2679,2,9.16,0,NORMAL
2026-09-11 00:15:00,R1,5.374,10.377,0.5178,5.374,0,0,0.0,0.5178,3,11.969,0,NORMAL
2026-09-11 00:15:00,R2,2.085,8.096,0.2575,2.085,0,0,0.0,0.2575,2,10.228,0,NORMAL
2026-09-11 00:30:00,R1,5.287,11.123,0.4753,5.287,0,0,0.0,0.4753,3,11.166,0,NORMAL
2026-09-11 00:30:00,R2,2.514,7.886,0.3188,2.514,0,0,0.0,0.3188,2,10.5,0,NORMAL
2026-09-11 00:45:00,R1,5.083,10.888,0.4668,5.083,0,0,0.0,0.4668,3,11.407,0,NORMAL
2026-09-11 00:45:00,R2,2.35,7.486,0.3139,2.35,0,0,0.0,0.3139,2,11.061,0,NORMAL
2026-09-11 01:00:00,R1,5.689,10.899,0.522,5.689,0,0,0.0,0.522,3,11.396,0,NORMAL
2026-09-11 01:00:00,R2,2.544,8.13,0.3129,2.544,0,0,0.0,0.3129,2,10.185,0,NORMAL
2026-09-11 01:15:00,R1,4.871,7.108,0.6852,4.871,0,0,0.0,0.6852,2,11.648,0,NORMAL
2026-09-11 01:15:00,R2,2.945,8.286,0.3555,2.945,0,0,0.0,0.3555,2,9.992,0,NORMAL
2026-09-11 01:30:00,R1,6.386,10.852,0.5884,6.386,0,0,0.0,0.5884,3,11.444,0,NORMAL
2026-09-11 01:30:00,R2,2.692,7.537,0.3572,2.692,0,0,0.0,0.3572,2,10.986,0,NORMAL
2026-09-11 01:45:00,R1,5.322,10.546,0.5046,5.322,0,0,0.0,0.5046,3,11.777,0,NORMAL
2026-09-11 01:45:00,R2,2.65,8.269,0.3205,2.65,0,0,0.0,0.3205,2,10.014,0,NORMAL
2026-09-11 02:00:00,R1,5.838,10.616,0.5499,5.838,0,0,0.0,0.5499,3,11.699,0,NORMAL
2026-09-11 02:00:00,R2,2.297,7.743,0.2966,2.297,0,0,0.0,0.2966,2,10.693,0,NORMAL
2026-09-11 02:15:00,R1,5.105,10.431,0.4894,5.105,0,0,0.0,0.4894,3,11.906,0,NORMAL
2026-09-11 02:15:00,R2,2.377,7.64,0.3112,2.377,0,0,0.0,0.3112,2,10.838,0,NORMAL
2026-09-11 02:30:00,R1,5.978,10.638,0.5619,5.978,0,0,0.0,0.5619,3,11.675,0,NORMAL
2026-09-11 02:30:00,R2,2.466,7.802,0.316,2.466,0,0,0.0,0.316,2,10.613,0,NORMAL
2026-09-11 02:45:00,R1,5.488,10.238,0.5361,5.488,0,0,0.0,0.5361,3,12.132,0,NORMAL
2026-09-11 02:45:00,R2,2.756,8.397,0.3281,2.756,0,0,0.0,0.3281,2,9.86,0,NORMAL
2026-09-11 03:00:00,R1,5.072,10.907,0.4651,5.072,0,0,0.0,0.4651,3,11.388,0,NORMAL
2026-09-11 03:00:00,R2,2.631,7.957,0.3307,2.631,0,0,0.0,0.3307,2,10.406,0,NORMAL
2026-09-11 03:15:00,R1,5.275,11.09,0.4756,5.275,0,0,0.0,0.4756,3,11.199,0,NORMAL
2026-09-11 03:15:00,R2,2.572,7.772,0.331,2.572,0,0,0.0,0.331,2,10.654,0,NORMAL
2026-09-11 03:30:00,R1,5.437,10.596,0.5131,5.437,0,0,0.0,0.5131,3,11.721,0,NORMAL
2026-09-11 03:30:00,R2,2.253,7.969,0.2827,2.253,0,0,0.0,0.2827,2,10.39,0,NORMAL
2026-09-11 03:45:00,R1,5.57,10.009,0.5565,5.57,0,0,0.0,0.5565,3,12.409,0,NORMAL
2026-09-11 03:45:00,R2,2.5,8.273,0.3022,2.5,0,0,0.0,0.3022,2,10.009,0,NORMAL
2026-09-11 04:00:00,R1,5.554,10.07,0.5515,5.554,0,0,0.0,0.5515,3,12.334,0,NORMAL
2026-09-11 04:00:00,R2,2.418,8.345,0.2898,2.418,0,0,0.0,0.2898,2,9.922,0,NORMAL
2026-09-11 04:15:00,R1,5.401,10.098,0.5349,5.401,0,0,0.0,0.5349,3,12.3,0,NORMAL
2026-09-11 04:15:00,R2,2.596,7.718,0.3363,2.596,0,0,0.0,0.3363,2,10.728,0,NORMAL
2026-09-11 04:30:00,R1,5.738,10.137,0.5661,5.738,0,0,0.0,0.5661,3,12.253,0,NORMAL
2026-09-11 04:30:00,R2,2.377,8.179,0.2906,2.377,0,0,0.0,0.2906,2,10.123,0,NORMAL
2026-09-11 04:45:00,R1,5.847,10.055,0.5815,5.847,0,0,0.0,0.5815,3,12.352,0,NORMAL
2026-09-11 04:45:00,R2,2.457,8.004,0.307,2.457,0,0,0.0,0.307,2,10.345,0,NORMAL
2026-09-11 05:00:00,R1,5.728,10.969,0.5222,5.728,0,0,0.0,0.5222,3,11.322,0,NORMAL
2026-09-11 05:00:00,R2,2.651,3.954,0.6706,2.651,0,0,0.0,0.6706,1,10.471,0,NORMAL
2026-09-11 05:15:00,R1,5.289,11.339,0.4665,5.289,0,0,0.0,0.4665,3,10.953,0,NORMAL
2026-09-11 05:15:00,R2,2.724,8.189,0.3327,2.724,0,0,0.0,0.3327,2,10.111,0,NORMAL
2026-09-11 05:30:00,R1,5.79,10.419,0.5557,5.79,0,0,0.0,0.5557,3,11.921,0,NORMAL
2026-09-11 05:30:00,R2,2.539,8.08,0.3142,2.539,0,0,0.0,0.3142,2,10.248,0,NORMAL
2026-09-11 05:45:00,R1,5.962,9.995,0.5965,5.962,0,0,0.0,0.5965,3,12.426,0,NORMAL
2026-09-11 05:45:00,R2,3.168,8.069,0.3926,3.168,0,0,0.0,0.3926,2,10.261,0,NORMAL
2026-09-11 06:00:00,R1,7.367,9.816,0.7505,7.367,0,0,0.0,0.7505,3,12.653,0,WARNING
2026-09-11 06:00:00,R2,3.181,8.58,0.3707,3.181,0,0,0.0,0.3707,2,9.65,0,NORMAL
2026-09-11 06:15:00,R1,6.743,10.403,0.6482,6.743,0,0,0.0,0.6482,3,11.939,0,NORMAL
2026-09-11 06:15:00,R2,3.123,7.954,0.3926,3.123,0,0,0.0,0.3926,2,10.41,0,NORMAL
2026-09-11 06:30:00,R1,6.744,10.547,0.6395,6.744,0,0,0.0,0.6395,3,11.776,0,NORMAL
2026-09-11 06:30:00,R2,3.17,7.95,0.3987,3.17,0,0,0.0,0.3987,2,10.415,0,NORMAL
2026-09-11 06:45:00,R1,6.506,10.541,0.6172,6.506,0,0,0.0,0.6172,3,11.782,0,NORMAL
2026-09-11 06:45:00,R2,2.942,8.3,0.3544,2.942,0,0,0.0,0.3544,2,9.975,0,NORMAL
2026-09-11 07:00:00,R1,7.581,10.991,0.6897,7.581,0,0,0.0,0.6897,3,11.3,0,NORMAL
2026-09-11 07:00:00,R2,3.275,8.285,0.3953,3.275,0,0,0.0,0.3953,2,9.993,0,NORMAL
2026-09-11 07:15:00,R1,6.526,11.066,0.5897,6.526,0,0,0.0,0.5897,3,11.223,0,NORMAL
2026-09-11 07:15:00,R2,2.989,8.01,0.3732,2.989,0,0,0.0,0.3732,2,10.337,0,NORMAL
2026-09-11 07:30:00,R1,6.685,10.142,0.6591,6.685,0,0,0.0,0.6591,3,12.246,0,NORMAL
2026-09-11 07:30:00,R2,2.717,7.931,0.3426,2.717,0,0,0.0,0.3426,2,10.441,0,NORMAL
2026-09-11 07:45:00,R1,7.002,10.734,0.6524,7.002,0,0,0.0,0.6524,3,11.571,0,NORMAL
2026-09-11 07:45:00,R2,3.104,8.057,0.3852,3.104,0,0,0.0,0.3852,2,10.277,0,NORMAL
2026-09-11 08:00:00,R1,6.909,10.248,0.6742,6.909,0,0,0.0,0.6742,3,12.119,0,NORMAL
2026-09-11 08:00:00,R2,3.017,8.386,0.3597,3.017,0,0,0.0,0.3597,2,9.873,0,NORMAL
2026-09-11 08:15:00,R1,6.534,10.664,0.6127,6.534,0,0,0.0,0.6127,3,11.647,0,NORMAL
2026-09-11 08:15:00,R2,3.248,8.387,0.3872,3.248,0,0,0.0,0.3872,2,9.873,0,NORMAL
2026-09-11 08:30:00,R1,6.868,9.925,0.692,6.868,0,0,0.0,0.692,3,12.514,0,NORMAL
2026-09-11 08:30:00,R2,3.205,7.956,0.4029,3.205,0,0,0.0,0.4029,2,10.408,0,NORMAL
2026-09-11 08:45:00,R1,7.475,10.798,0.6923,7.475,0,0,0.0,0.6923,3,11.502,0,NORMAL
2026-09-11 08:45:00,R2,2.982,8.801,0.3389,2.982,0,0,0.0,0.3389,2,9.408,0,NORMAL
2026-09-11 09:00:00,R1,7.67,10.685,0.7179,7.67,0,0,0.0,0.7179,3,11.624,0,NORMAL
2026-09-11 09:00:00,R2,3.196,8.387,0.381,3.196,0,0,0.0,0.381,2,9.872,0,NORMAL
2026-09-11 09:15:00,R1,7.129,10.838,0.6578,7.129,0,0,0.0,0.6578,3,11.46,0,NORMAL
2026-09-11 09:15:00,R2,3.263,7.869,0.4147,3.263,0,0,0.0,0.4147,2,10.522,0,NORMAL
2026-09-11 09:30:00,R1,6.947,10.652,0.6521,6.947,0,0,0.0,0.6521,3,11.66,0,NORMAL
2026-09-11 09:30:00,R2,3.176,7.919,0.4011,3.176,0,0,0.0,0.4011,2,10.456,0,NORMAL
2026-09-11 09:45:00,R1,7.018,6.59,1.065,6.59,0,0.428,0.0,1.065,2,12.565,0,HIGH
2026-09-11 09:45:00,R2,3.138,7.999,0.3923,3.138,0,0,0.0,0.3923,2,10.351,0,NORMAL
2026-09-11 10:00:00,R1,7.161,11.161,0.6417,7.589,0.428,0,0.575,0.68,3,11.128,0,NORMAL
2026-09-11 10:00:00,R2,3.206,7.743,0.4141,3.206,0,0,0.0,0.4141,2,10.693,0,NORMAL
2026-09-11 10:15:00,R1,7.117,10.933,0.6509,7.117,0,0,0.0,0.6509,3,11.36,0,NORMAL
2026-09-11 10:15:00,R2,3.004,7.954,0.3777,3.004,0,0,0.0,0.3777,2,10.41,0,NORMAL
2026-09-11 10:30:00,R1,6.529,10.201,0.6401,6.529,0,0,0.0,0.6401,3,12.175,0,NORMAL
2026-09-11 10:30:00,R2,2.707,3.791,0.7141,2.707,0,0,0.0,0.7141,1,10.922,0,NORMAL
2026-09-11 10:45:00,R1,7.928,9.879,0.8025,7.928,0,0,0.0,0.8025,3,12.572,0,WARNING
2026-09-11 10:45:00,R2,3.033,3.832,0.7914,3.033,0,0,0.0,0.7914,1,10.802,0,WARNING
2026-09-11 11:00:00,R1,7.492,10.713,0.6993,7.492,0,0,0.0,0.6993,3,11.593,0,NORMAL
2026-09-11 11:00:00,R2,2.71,8.301,0.3264,2.71,0,0,0.0,0.3264,2,9.974,0,NORMAL
2026-09-11 11:15:00,R1,7.411,10.529,0.7038,7.411,0,0,0.0,0.7038,3,11.796,0,NORMAL
2026-09-11 11:15:00,R2,3.313,8.208,0.4036,3.313,0,0,0.0,0.4036,2,10.087,0,NORMAL
2026-09-11 11:30:00,R1,6.398,6.629,0.9651,6.398,0,0,0.0,0.9651,2,12.491,0,HIGH
2026-09-11 11:30:00,R2,2.822,8.63,0.327,2.822,0,0,0.0,0.327,2,9.595,0,NORMAL
2026-09-11 11:45:00,R1,6.027,10.907,0.5526,6.027,0,0,0.0,0.5526,3,11.387,0,NORMAL
2026-09-11 11:45:00,R2,2.599,7.669,0.3388,2.599,0,0,0.0,0.3388,2,10.796,0,NORMAL
2026-09-11 12:00:00,R1,7.554,10.503,0.7192,7.554,0,0,0.0,0.7192,3,11.825,0,NORMAL
2026-09-11 12:00:00,R2,2.505,8.273,0.3028,2.505,0,0,0.0,0.3028,2,10.009,0,NORMAL
2026-09-11 12:15:00,R1,7.418,10.485,0.7075,7.418,0,0,0.0,0.7075,3,11.845,0,NORMAL
2026-09-11 12:15:00,R2,2.838,8.375,0.3389,2.838,0,0,0.0,0.3389,2,9.887,0,NORMAL
2026-09-11 12:30:00,R1,6.968,11.261,0.6187,6.968,0,0,0.0,0.6187,3,11.029,0,NORMAL
2026-09-11 12:30:00,R2,3.231,8.85,0.3651,3.231,0,0,0.0,0.3651,2,9.356,0,NORMAL
2026-09-11 12:45:00,R1,6.869,7.463,0.9204,6.869,0,0,0.0,0.9204,2,11.095,0,HIGH
2026-09-11 12:45:00,R2,3.089,7.841,0.394,3.089,0,0,0.0,0.394,2,10.56,0,NORMAL
2026-09-11 13:00:00,R1,7.418,10.512,0.7057,7.418,0,0,0.0,0.7057,3,11.815,0,NORMAL
2026-09-11 13:00:00,R2,2.806,8.138,0.3448,2.806,0,0,0.0,0.3448,2,10.175,0,NORMAL
2026-09-11 13:15:00,R1,6.709,10.45,0.6421,6.709,0,0,0.0,0.6421,3,11.886,0,NORMAL
2026-09-11 13:15:00,R2,2.646,7.997,0.3309,2.646,0,0,0.0,0.3309,2,10.354,0,NORMAL
2026-09-11 13:30:00,R1,6.699,11.264,0.5947,6.699,0,0,0.0,0.5947,3,11.026,0,NORMAL
2026-09-11 13:30:00,R2,2.589,8.061,0.3212,2.589,0,0,0.0,0.3212,2,10.271,0,NORMAL
2026-09-11 13:45:00,R1,7.356,10.598,0.6941,7.356,0,0,0.0,0.6941,3,11.719,0,NORMAL
2026-09-11 13:45:00,R2,2.871,7.815,0.3674,2.871,0,0,0.0,0.3674,2,10.595,0,NORMAL
2026-09-11 14:00:00,R1,7.58,10.499,0.722,7.58,0,0,0.0,0.722,3,11.83,0,NORMAL
2026-09-11 14:00:00,R2,2.883,8.239,0.3499,2.883,0,0,0.0,0.3499,2,10.05,0,NORMAL
2026-09-11 14:15:00,R1,7.431,11.615,0.6398,7.431,0,0,0.0,0.6398,3,10.693,0,NORMAL
2026-09-11 14:15:00,R2,2.726,8.368,0.3258,2.726,0,0,0.0,0.3258,2,9.894,0,NORMAL
2026-09-11 14:30:00,R1,7.742,9.996,0.7745,7.742,0,0,0.0,0.7745,3,12.425,0,WARNING
2026-09-11 14:30:00,R2,2.71,8.21,0.33,2.71,0,0,0.0,0.33,2,10.085,0,NORMAL
2026-09-11 14:45:00,R1,8.422,10.341,0.8145,8.422,0,0,0.0,0.8145,3,12.011,0,WARNING
2026-09-11 14:45:00,R2,3.009,8.248,0.3648,3.009,0,0,0.0,0.3648,2,10.039,0,NORMAL
2026-09-11 15:00:00,R1,7.233,11.068,0.6535,7.233,0,0,0.0,0.6535,3,11.221,0,NORMAL
2026-09-11 15:00:00,R2,2.885,7.911,0.3647,2.885,0,0,0.0,0.3647,2,10.467,0,NORMAL
2026-09-11 15:15:00,R1,6.897,10.675,0.6461,6.897,0,0,0.0,0.6461,3,11.635,0,NORMAL
2026-09-11 15:15:00,R2,2.804,8.058,0.348,2.804,0,0,0.0,0.348,2,10.275,0,NORMAL
2026-09-11 15:30:00,R1,7.126,11.084,0.6429,7.126,0,0,0.0,0.6429,3,11.205,0,NORMAL
2026-09-11 15:30:00,R2,2.949,8.652,0.3408,2.949,0,0,0.0,0.3408,2,9.571,0,NORMAL
2026-09-11 15:45:00,R1,7.327,10.787,0.6793,7.327,0,0,0.0,0.6793,3,11.514,0,NORMAL
2026-09-11 15:45:00,R2,3.058,7.656,0.3995,3.058,0,0,0.0,0.3995,2,10.815,0,NORMAL
2026-09-11 16:00:00,R1,7.73,10.551,0.7326,7.73,0,0,0.0,0.7326,3,11.771,0,NORMAL
2026-09-11 16:00:00,R2,3.165,8.101,0.3908,3.165,0,0,0.0,0.3908,2,10.221,0,NORMAL
2026-09-11 16:15:00,R1,9.941,4.827,2.0594,4.827,0,5.114,0.0,1.25,2,17.153,0,CRITICAL
2026-09-11 16:15:00,R2,2.71,7.583,0.3574,2.71,0,0,0.0,0.3574,2,10.919,0,NORMAL
2026-09-11 16:30:00,R1,10.089,5.031,2.0055,5.031,5.114,10.172,15.248,1.25,2,16.459,0,CRITICAL
2026-09-11 16:30:00,R2,2.685,8.001,0.3356,2.685,0,0,0.0,0.3356,2,10.348,0,NORMAL
2026-09-11 16:45:00,R1,10.567,5.056,2.0901,5.056,10.172,15.684,30.18,1.25,2,16.377,0,CRITICAL
2026-09-11 16:45:00,R2,2.455,7.636,0.3215,2.455,0,0,0.0,0.3215,2,10.843,0,NORMAL
2026-09-11 17:00:00,R1,10.5,4.933,2.1285,4.933,15.684,21.251,47.689,1.25,2,16.784,0,CRITICAL
2026-09-11 17:00:00,R2,2.678,8.032,0.3335,2.678,0,0,0.0,0.3335,2,10.309,0,NORMAL
2026-09-11 17:15:00,R1,10.613,4.978,2.1321,4.978,21.251,24.0,64.038,1.25,2,16.634,2.886,CRITICAL
2026-09-11 17:15:00,R2,2.678,7.648,0.3502,2.678,0,0,0.0,0.3502,2,10.826,0,NORMAL
2026-09-11 17:30:00,R1,10.008,5.071,1.9738,5.071,24.0,24.0,70.999,1.25,2,16.33,4.938,CRITICAL
2026-09-11 17:30:00,R2,2.337,8.031,0.291,2.337,0,0,0.0,0.291,2,10.311,0,NORMAL
2026-09-11 17:45:00,R1,6.87,9.286,0.7398,9.286,24.0,21.584,38.77,1.25,3,13.376,0,HIGH
2026-09-11 17:45:00,R2,2.871,8.655,0.3317,2.871,0,0,0.0,0.3317,2,9.567,0,NORMAL
2026-09-11 18:00:00,R1,7.41,8.893,0.8332,8.893,21.584,20.101,36.406,1.25,3,13.966,0,HIGH
2026-09-11 18:00:00,R2,2.621,7.991,0.328,2.621,0,0,0.0,0.328,2,10.362,0,NORMAL
2026-09-11 18:15:00,R1,7.064,8.783,0.8043,8.783,20.101,18.381,34.328,1.25,3,14.14,0,HIGH
2026-09-11 18:15:00,R2,2.883,7.564,0.3812,2.883,0,0,0.0,0.3812,2,10.947,0,NORMAL
2026-09-11 18:30:00,R1,6.728,9.415,0.7146,9.415,18.381,15.695,29.287,1.25,3,13.192,0,HIGH
2026-09-11 18:30:00,R2,3.027,7.44,0.4069,3.027,0,0,0.0,0.4069,2,11.129,0,NORMAL
2026-09-11 18:45:00,R1,6.803,9.308,0.7309,9.308,15.695,13.19,25.293,1.25,3,13.344,0,HIGH
2026-09-11 18:45:00,R2,3.424,8.073,0.4242,3.424,0,0,0.0,0.4242,2,10.256,0,NORMAL
2026-09-11 19:00:00,R1,6.093,9.634,0.6325,9.634,13.19,9.649,20.537,1.25,3,12.892,0,HIGH
2026-09-11 19:00:00,R2,3.103,8.263,0.3755,3.103,0,0,0.0,0.3755,2,10.021,0,NORMAL
2026-09-11 19:15:00,R1,6.712,8.801,0.7626,8.801,9.649,7.56,16.446,1.25,3,14.112,0,HIGH
2026-09-11 19:15:00,R2,2.805,7.946,0.3529,2.805,0,0,0.0,0.3529,2,10.42,0,NORMAL
2026-09-11 19:30:00,R1,6.858,9.015,0.7607,9.015,7.56,5.403,12.58,1.25,3,13.777,0,HIGH
2026-09-11 19:30:00,R2,3.089,8.561,0.3609,3.089,0,0,0.0,0.3609,2,9.672,0,NORMAL
2026-09-11 19:45:00,R1,6.799,9.377,0.7251,9.377,5.403,2.826,8.644,1.25,3,13.246,0,HIGH
2026-09-11 19:45:00,R2,3.008,8.005,0.3758,3.008,0,0,0.0,0.3758,2,10.343,0,NORMAL
2026-09-11 20:00:00,R1,7.201,10.369,0.6945,10.027,2.826,0,4.088,0.967,3,11.978,0,HIGH
2026-09-11 20:00:00,R2,2.875,8.249,0.3485,2.875,0,0,0.0,0.3485,2,10.038,0,NORMAL
2026-09-11 20:15:00,R1,7.365,10.838,0.6796,7.365,0,0,0.0,0.6796,3,11.46,0,NORMAL
2026-09-11 20:15:00,R2,2.566,7.71,0.3328,2.566,0,0,0.0,0.3328,2,10.739,0,NORMAL
2026-09-11 20:30:00,R1,8.053,10.718,0.7513,8.053,0,0,0.0,0.7513,3,11.588,0,WARNING
2026-09-11 20:30:00,R2,2.889,7.849,0.3681,2.889,0,0,0.0,0.3681,2,10.549,0,NORMAL
2026-09-11 20:45:00,R1,6.889,10.669,0.6457,6.889,0,0,0.0,0.6457,3,11.641,0,NORMAL
2026-09-11 20:45:00,R2,2.904,8.418,0.3449,2.904,0,0,0.0,0.3449,2,9.836,0,NORMAL
2026-09-11 21:00:00,R1,6.755,11.262,0.5998,6.755,0,0,0.0,0.5998,3,11.028,0,NORMAL
2026-09-11 21:00:00,R2,2.747,8.046,0.3415,2.747,0,0,0.0,0.3415,2,10.29,0,NORMAL
2026-09-11 21:15:00,R1,7.565,10.598,0.7139,7.565,0,0,0.0,0.7139,3,11.72,0,NORMAL
2026-09-11 21:15:00,R2,2.886,8.326,0.3466,2.886,0,0,0.0,0.3466,2,9.944,0,NORMAL
2026-09-11 21:30:00,R1,7.327,10.954,0.6689,7.327,0,0,0.0,0.6689,3,11.338,0,NORMAL
2026-09-11 21:30:00,R2,2.898,7.743,0.3743,2.898,0,0,0.0,0.3743,2,10.693,0,NORMAL
2026-09-11 21:45:00,R1,7.48,10.576,0.7073,7.48,0,0,0.0,0.7073,3,11.743,0,NORMAL
2026-09-11 21:45:00,R2,3.577,7.806,0.4583,3.577,0,0,0.0,0.4583,2,10.607,0,NORMAL
2026-09-11 22:00:00,R1,5.368,10.496,0.5114,5.368,0,0,0.0,0.5114,3,11.833,0,NORMAL
2026-09-11 22:00:00,R2,2.518,8.638,0.2915,2.518,0,0,0.0,0.2915,2,9.585,0,NORMAL
2026-09-11 22:15:00,R1,5.238,10.127,0.5173,5.238,0,0,0.0,0.5173,3,12.264,0,NORMAL
2026-09-11 22:15:00,R2,2.614,7.697,0.3397,2.614,0,0,0.0,0.3397,2,10.758,0,NORMAL
2026-09-11 22:30:00,R1,5.378,10.665,0.5042,5.378,0,0,0.0,0.5042,3,11.645,0,NORMAL
2026-09-11 22:30:00,R2,2.403,7.926,0.3032,2.403,0,0,0.0,0.3032,2,10.446,0,NORMAL
2026-09-11 22:45:00,R1,5.447,10.185,0.5348,5.447,0,0,0.0,0.5348,3,12.195,0,NORMAL
2026-09-11 22:45:00,R2,2.295,8.058,0.2847,2.295,0,0,0.0,0.2847,2,10.275,0,NORMAL
2026-09-11 23:00:00,R1,5.351,11.251,0.4756,5.351,0,0,0.0,0.4756,3,11.039,0,NORMAL
2026-09-11 23:00:00,R2,2.441,8.721,0.2799,2.441,0,0,0.0,0.2799,2,9.495,0,NORMAL
2026-09-11 23:15:00,R1,5.686,11.085,0.5129,5.686,0,0,0.0,0.5129,3,11.204,0,NORMAL
2026-09-11 23:15:00,R2,2.699,8.156,0.3309,2.699,0,0,0.0,0.3309,2,10.152,0,NORMAL
2026-09-11 23:30:00,R1,4.893,10.441,0.4687,4.893,0,0,0.0,0.4687,3,11.896,0,NORMAL
2026-09-11 23:30:00,R2,2.298,4.059,0.5661,2.298,0,0,0.0,0.5661,1,10.2,0,NORMAL
2026-09-11 23:45:00,R1,4.347,10.703,0.4062,4.347,0,0,0.0,0.4062,3,11.604,0,NORMAL
2026-09-11 23:45:00,R2,2.901,8.752,0.3315,2.901,0,0,0.0,0.3315,2,9.46,0,NORMAL
2026-09-12 00:00:00,R1,4.519,10.644,0.4246,4.519,0,0,0.0,0.4246,3,11.668,0,NORMAL
2026-09-12 00:00:00,R2,1.787,8.143,0.2195,1.787,0,0,0.0,0.2195,2,10.169,0,NORMAL
2026-09-12 00:15:00,R1,4.515,6.957,0.649,4.515,0,0,0.0,0.649,2,11.901,0,NORMAL
2026-09-12 00:15:00,R2,1.973,8.198,0.2406,1.973,0,0,0.0,0.2406,2,10.1,0,NORMAL
2026-09-12 00:30:00,R1,4.259,10.258,0.4152,4.259,0,0,0.0,0.4152,3,12.107,0,NORMAL
2026-09-12 00:30:00,R2,2.391,8.396,0.2848,2.391,0,0,0.0,0.2848,2,9.862,0,NORMAL
2026-09-12 00:45:00,R1,4.139,12.058,0.3433,4.139,0,0,0.0,0.3433,3,10.3,0,NORMAL
2026-09-12 00:45:00,R2,2.108,8.055,0.2617,2.108,0,0,0.0,0.2617,2,10.28,0,NORMAL
2026-09-12 01:00:00,R1,4.91,7.134,0.6883,4.91,0,0,0.0,0.6883,2,11.606,0,NORMAL
2026-09-12 01:00:00,R2,2.529,8.768,0.2884,2.529,0,0,0.0,0.2884,2,9.443,0,NORMAL
2026-09-12 01:15:00,R1,5.063,11.259,0.4497,5.063,0,0,0.0,0.4497,3,11.031,0,NORMAL
2026-09-12 01:15:00,R2,2.133,7.953,0.2683,2.133,0,0,0.0,0.2683,2,10.412,0,NORMAL
2026-09-12 01:30:00,R1,4.353,10.588,0.4112,4.353,0,0,0.0,0.4112,3,11.73,0,NORMAL
2026-09-12 01:30:00,R2,1.87,4.058,0.4609,1.87,0,0,0.0,0.4609,1,10.202,0,NORMAL
2026-09-12 01:45:00,R1,4.509,10.662,0.4229,4.509,0,0,0.0,0.4229,3,11.649,0,NORMAL
2026-09-12 01:45:00,R2,2.264,8.144,0.278,2.264,0,0,0.0,0.278,2,10.167,0,NORMAL
2026-09-12 02:00:00,R1,4.556,10.635,0.4284,4.556,0,0,0.0,0.4284,3,11.678,0,NORMAL
2026-09-12 02:00:00,R2,2.399,8.487,0.2826,2.399,0,0,0.0,0.2826,2,9.756,0,NORMAL
2026-09-12 02:15:00,R1,4.165,7.067,0.5894,4.165,0,0,0.0,0.5894,2,11.717,0,NORMAL
2026-09-12 02:15:00,R2,2.661,7.914,0.3362,2.661,0,0,0.0,0.3362,2,10.462,0,NORMAL
2026-09-12 02:30:00,R1,4.438,10.254,0.4328,4.438,0,0,0.0,0.4328,3,12.112,0,NORMAL
2026-09-12 02:30:00,R2,2.768,8.123,0.3407,2.768,0,0,0.0,0.3407,2,10.193,0,NORMAL
2026-09-12 02:45:00,R1,4.429,10.637,0.4163,4.429,0,0,0.0,0.4163,3,11.676,0,NORMAL
2026-09-12 02:45:00,R2,2.658,8.642,0.3076,2.658,0,0,0.0,0.3076,2,9.581,0,NORMAL
2026-09-12 03:00:00,R1,3.914,10.016,0.3908,3.914,0,0,0.0,0.3908,3,12.4,0,NORMAL
2026-09-12 03:00:00,R2,1.97,7.845,0.2511,1.97,0,0,0.0,0.2511,2,10.554,0,NORMAL
2026-09-12 03:15:00,R1,4.231,10.864,0.3895,4.231,0,0,0.0,0.3895,3,11.433,0,NORMAL
2026-09-12 03:15:00,R2,1.958,7.8,0.251,1.958,0,0,0.0,0.251,2,10.616,0,NORMAL
2026-09-12 03:30:00,R1,4.5,10.983,0.4097,4.5,0,0,0.0,0.4097,3,11.308,0,NORMAL
2026-09-12 03:30:00,R2,1.873,7.885,0.2375,1.873,0,0,0.0,0.2375,2,10.501,0,NORMAL
2026-09-12 03:45:00,R1,3.889,10.34,0.3761,3.889,0,0,0.0,0.3761,3,12.011,0,NORMAL
2026-09-12 03:45:00,R2,2.363,8.798,0.2685,2.363,0,0,0.0,0.2685,2,9.411,0,NORMAL
2026-09-12 04:00:00,R1,4.402,11.041,0.3987,4.402,0,0,0.0,0.3987,3,11.249,0,NORMAL
2026-09-12 04:00:00,R2,1.981,8.282,0.2392,1.981,0,0,0.0,0.2392,2,9.998,0,NORMAL
2026-09-12 04:15:00,R1,4.579,10.313,0.444,4.579,0,0,0.0,0.444,3,12.043,0,NORMAL
2026-09-12 04:15:00,R2,1.908,7.868,0.2425,1.908,0,0,0.0,0.2425,2,10.524,0,NORMAL
2026-09-12 04:30:00,R1,4.409,10.534,0.4186,4.409,0,0,0.0,0.4186,3,11.79,0,NORMAL
2026-09-12 04:30:00,R2,2.348,7.957,0.295,2.348,0,0,0.0,0.295,2,10.405,0,NORMAL
2026-09-12 04:45:00,R1,4.754,10.803,0.44,4.754,0,0,0.0,0.44,3,11.497,0,NORMAL
2026-09-12 04:45:00,R2,2.44,8.706,0.2802,2.44,0,0,0.0,0.2802,2,9.511,0,NORMAL
2026-09-12 05:00:00,R1,4.062,10.786,0.3767,4.062,0,0,0.0,0.3767,3,11.515,0,NORMAL
2026-09-12 05:00:00,R2,1.987,7.726,0.2572,1.987,0,0,0.0,0.2572,2,10.718,0,NORMAL
2026-09-12 05:15:00,R1,4.762,11.027,0.4318,4.762,0,0,0.0,0.4318,3,11.263,0,NORMAL
2026-09-12 05:15:00,R2,1.968,8.037,0.2449,1.968,0,0,0.0,0.2449,2,10.303,0,NORMAL
2026-09-12 05:30:00,R1,4.233,10.013,0.4227,4.233,0,0,0.0,0.4227,3,12.404,0,NORMAL
2026-09-12 05:30:00,R2,2.278,8.11,0.2808,2.278,0,0,0.0,0.2808,2,10.21,0,NORMAL
2026-09-12 05:45:00,R1,4.98,10.784,0.4618,4.98,0,0,0.0,0.4618,3,11.517,0,NORMAL
2026-09-12 05:45:00,R2,2.165,8.054,0.2688,2.165,0,0,0.0,0.2688,2,10.28,0,NORMAL
2026-09-12 06:00:00,R1,6.07,10.66,0.5694,6.07,0,0,0.0,0.5694,3,11.652,0,NORMAL
2026-09-12 06:00:00,R2,2.494,8.483,0.2941,2.494,0,0,0.0,0.2941,2,9.761,0,NORMAL
2026-09-12 06:15:00,R1,5.633,10.483,0.5373,5.633,0,0,0.0,0.5373,3,11.848,0,NORMAL
2026-09-12 06:15:00,R2,3.223,7.644,0.4216,3.223,0,0,0.0,0.4216,2,10.832,0,NORMAL
2026-09-12 06:30:00,R1,5.86,10.535,0.5562,5.86,0,0,0.0,0.5562,3,11.789,0,NORMAL
2026-09-12 06:30:00,R2,2.832,7.909,0.3581,2.832,0,0,0.0,0.3581,2,10.47,0,NORMAL
2026-09-12 06:45:00,R1,5.417,10.767,0.5031,5.417,0,0,0.0,0.5031,3,11.535,0,NORMAL
2026-09-12 06:45:00,R2,3.089,8.102,0.3812,3.089,0,0,0.0,0.3812,2,10.219,0,NORMAL
2026-09-12 07:00:00,R1,6.01,11.555,0.5201,6.01,0,0,0.0,0.5201,3,10.748,0,NORMAL
2026-09-12 07:00:00,R2,2.879,7.741,0.3719,2.879,0,0,0.0,0.3719,2,10.696,0,NORMAL
2026-09-12 07:15:00,R1,5.183,10.577,0.49,5.183,0,0,0.0,0.49,3,11.742,0,NORMAL
2026-09-12 07:15:00,R2,2.618,8.263,0.3169,2.618,0,0,0.0,0.3169,2,10.021,0,NORMAL
2026-09-12 07:30:00,R1,5.828,10.472,0.5565,5.828,0,0,0.0,0.5565,3,11.861,0,NORMAL
2026-09-12 07:30:00,R2,2.735,7.899,0.3462,2.735,0,0,0.0,0.3462,2,10.482,0,NORMAL
2026-09-12 07:45:00,R1,5.724,10.526,0.5438,5.724,0,0,0.0,0.5438,3,11.799,0,NORMAL
2026-09-12 07:45:00,R2,3.103,8.098,0.3832,3.103,0,0,0.0,0.3832,2,10.225,0,NORMAL
2026-09-12 08:00:00,R1,5.542,10.694,0.5182,5.542,0,0,0.0,0.5182,3,11.614,0,NORMAL
2026-09-12 08:00:00,R2,2.367,8.267,0.2863,2.367,0,0,0.0,0.2863,2,10.016,0,NORMAL
2026-09-12 08:15:00,R1,5.546,10.889,0.5093,5.546,0,0,0.0,0.5093,3,11.406,0,NORMAL
2026-09-12 08:15:00,R2,2.279,8.286,0.2751,2.279,0,0,0.0,0.2751,2,9.993,0,NORMAL
2026-09-12 08:30:00,R1,5.277,10.614,0.4972,5.277,0,0,0.0,0.4972,3,11.701,0,NORMAL
2026-09-12 08:30:00,R2,2.363,8.47,0.2791,2.363,0,0,0.0,0.2791,2,9.776,0,NORMAL
2026-09-12 08:45:00,R1,5.757,10.751,0.5355,5.757,0,0,0.0,0.5355,3,11.552,0,NORMAL
2026-09-12 08:45:00,R2,2.993,8.155,0.367,2.993,0,0,0.0,0.367,2,10.153,0,NORMAL
2026-09-12 09:00:00,R1,5.61,10.517,0.5334,5.61,0,0,0.0,0.5334,3,11.809,0,NORMAL
2026-09-12 09:00:00,R2,2.715,8.478,0.3202,2.715,0,0,0.0,0.3202,2,9.766,0,NORMAL
2026-09-12 09:15:00,R1,5.589,10.52,0.5313,5.589,0,0,0.0,0.5313,3,11.806,0,NORMAL
2026-09-12 09:15:00,R2,2.576,8.018,0.3212,2.576,0,0,0.0,0.3212,2,10.327,0,NORMAL
2026-09-12 09:30:00,R1,5.675,10.466,0.5422,5.675,0,0,0.0,0.5422,3,11.867,0,NORMAL
2026-09-12 09:30:00,R2,2.557,7.635,0.3349,2.557,0,0,0.0,0.3349,2,10.845,0,NORMAL
2026-09-12 09:45:00,R1,6.574,10.643,0.6177,6.574,0,0,0.0,0.6177,3,11.67,0,NORMAL
2026-09-12 09:45:00,R2,2.524,7.75,0.3257,2.524,0,0,0.0,0.3257,2,10.684,0,NORMAL
2026-09-12 10:00:00,R1,6.392,8.732,0.732,6.392,0,0,0.0,0.732,3,14.223,0,NORMAL
2026-09-12 10:00:00,R2,2.381,7.943,0.2998,2.381,0,0,0.0,0.2998,2,10.425,0,NORMAL
2026-09-12 10:15:00,R1,6.185,8.405,0.7358,6.185,0,0,0.0,0.7358,3,14.777,0,NORMAL
2026-09-12 10:15:00,R2,2.638,7.719,0.3417,2.638,0,0,0.0,0.3417,2,10.727,0,NORMAL
2026-09-12 10:30:00,R1,5.345,8.33,0.6417,5.345,0,0,0.0,0.6417,3,14.909,0,NORMAL
2026-09-12 10:30:00,R2,2.62,8.677,0.302,2.62,0,0,0.0,0.302,2,9.543,0,NORMAL
2026-09-12 10:45:00,R1,6.287,8.205,0.7663,6.287,0,0,0.0,0.7663,3,15.137,0,WARNING
2026-09-12 10:45:00,R2,2.744,8.397,0.3268,2.744,0,0,0.0,0.3268,2,9.86,0,NORMAL
2026-09-12 11:00:00,R1,5.875,8.31,0.707,5.875,0,0,0.0,0.707,3,14.946,0,NORMAL
2026-09-12 11:00:00,R2,2.43,8.556,0.284,2.43,0,0,0.0,0.284,2,9.678,0,NORMAL
2026-09-12 11:15:00,R1,6.019,10.792,0.5578,6.019,0,0,0.0,0.5578,3,11.509,0,NORMAL
2026-09-12 11:15:00,R2,2.618,7.973,0.3283,2.618,0,0,0.0,0.3283,2,10.385,0,NORMAL
2026-09-12 11:30:00,R1,5.306,10.798,0.4914,5.306,0,0,0.0,0.4914,3,11.502,0,NORMAL
2026-09-12 11:30:00,R2,2.168,8.191,0.2647,2.168,0,0,0.0,0.2647,2,10.109,0,NORMAL
2026-09-12 11:45:00,R1,5.185,10.787,0.4806,5.185,0,0,0.0,0.4806,3,11.514,0,NORMAL
2026-09-12 11:45:00,R2,2.314,7.607,0.3042,2.314,0,0,0.0,0.3042,2,10.885,0,NORMAL
2026-09-12 12:00:00,R1,5.448,7.367,0.7395,5.448,0,0,0.0,0.7395,2,11.24,0,NORMAL
2026-09-12 12:00:00,R2,2.249,8.053,0.2792,2.249,0,0,0.0,0.2792,2,10.282,0,NORMAL
2026-09-12 12:15:00,R1,6.265,10.845,0.5777,6.265,0,0,0.0,0.5777,3,11.452,0,NORMAL
2026-09-12 12:15:00,R2,2.432,7.784,0.3124,2.432,0,0,0.0,0.3124,2,10.637,0,NORMAL
2026-09-12 12:30:00,R1,5.949,10.408,0.5716,5.949,0,0,0.0,0.5716,3,11.934,0,NORMAL
2026-09-12 12:30:00,R2,2.45,8.264,0.2965,2.45,0,0,0.0,0.2965,2,10.019,0,NORMAL
2026-09-12 12:45:00,R1,6.203,11.067,0.5605,6.203,0,0,0.0,0.5605,3,11.223,0,NORMAL
2026-09-12 12:45:00,R2,2.335,7.823,0.2985,2.335,0,0,0.0,0.2985,2,10.585,0,NORMAL
2026-09-12 13:00:00,R1,5.623,10.64,0.5285,5.623,0,0,0.0,0.5285,3,11.673,0,NORMAL
2026-09-12 13:00:00,R2,2.163,8.816,0.2454,2.163,0,0,0.0,0.2454,2,9.392,0,NORMAL
2026-09-12 13:15:00,R1,6.094,6.703,0.9091,6.094,0,0,0.0,0.9091,2,12.353,0,HIGH
2026-09-12 13:15:00,R2,2.278,7.597,0.2998,2.278,0,0,0.0,0.2998,2,10.899,0,NORMAL
2026-09-12 13:30:00,R1,6.212,7.228,0.8594,6.212,0,0,0.0,0.8594,2,11.455,0,WARNING
2026-09-12 13:30:00,R2,2.302,4.009,0.574,2.302,0,0,0.0,0.574,1,10.326,0,NORMAL
2026-09-12 13:45:00,R1,5.65,10.184,0.5548,5.65,0,0,0.0,0.5548,3,12.196,0,NORMAL
2026-09-12 13:45:00,R2,2.184,8.342,0.2618,2.184,0,0,0.0,0.2618,2,9.926,0,NORMAL
2026-09-12 14:00:00,R1,5.47,10.317,0.5302,5.47,0,0,0.0,0.5302,3,12.038,0,NORMAL
2026-09-12 14:00:00,R2,2.161,7.981,0.2708,2.161,0,0,0.0,0.2708,2,10.374,0,NORMAL
2026-09-12 14:15:00,R1,5.858,10.029,0.5841,5.858,0,0,0.0,0.5841,3,12.384,0,NORMAL
2026-09-12 14:15:00,R2,2.533,8.906,0.2845,2.533,0,0,0.0,0.2845,2,9.297,0,NORMAL
2026-09-12 14:30:00,R1,6.293,11.18,0.5629,6.293,0,0,0.0,0.5629,3,11.109,0,NORMAL
2026-09-12 14:30:00,R2,2.15,8.604,0.2499,2.15,0,0,0.0,0.2499,2,9.623,0,NORMAL
2026-09-12 14:45:00,R1,5.438,10.898,0.499,5.438,0,0,0.0,0.499,3,11.397,0,NORMAL
2026-09-12 14:45:00,R2,2.618,8.294,0.3157,2.618,0,0,0.0,0.3157,2,9.984,0,NORMAL
2026-09-12 15:00:00,R1,6.525,10.194,0.6401,6.525,0,0,0.0,0.6401,3,12.184,0,NORMAL
2026-09-12 15:00:00,R2,2.703,8.004,0.3377,2.703,0,0,0.0,0.3377,2,10.345,0,NORMAL
2026-09-12 15:15:00,R1,6.111,10.549,0.5793,6.111,0,0,0.0,0.5793,3,11.774,0,NORMAL
2026-09-12 15:15:00,R2,2.313,7.805,0.2963,2.313,0,0,0.0,0.2963,2,10.609,0,NORMAL
2026-09-12 15:30:00,R1,5.494,10.753,0.5109,5.494,0,0,0.0,0.5109,3,11.55,0,NORMAL
2026-09-12 15:30:00,R2,2.443,8.029,0.3043,2.443,0,0,0.0,0.3043,2,10.313,0,NORMAL
2026-09-12 15:45:00,R1,5.958,11.047,0.5393,5.958,0,0,0.0,0.5393,3,11.242,0,NORMAL
2026-09-12 15:45:00,R2,2.47,3.956,0.6243,2.47,0,0,0.0,0.6243,1,10.465,0,NORMAL
2026-09-12 16:00:00,R1,5.999,10.989,0.5459,5.999,0,0,0.0,0.5459,3,11.303,0,NORMAL
2026-09-12 16:00:00,R2,2.514,8.6,0.2924,2.514,0,0,0.0,0.2924,2,9.628,0,NORMAL
2026-09-12 16:15:00,R1,5.823,10.838,0.5373,5.823,0,0,0.0,0.5373,3,11.459,0,NORMAL
2026-09-12 16:15:00,R2,2.267,7.983,0.284,2.267,0,0,0.0,0.284,2,10.373,0,NORMAL
2026-09-12 16:30:00,R1,6.163,10.808,0.5702,6.163,0,0,0.0,0.5702,3,11.491,0,NORMAL
2026-09-12 16:30:00,R2,2.499,8.632,0.2895,2.499,0,0,0.0,0.2895,2,9.592,0,NORMAL
2026-09-12 16:45:00,R1,5.76,10.167,0.5666,5.76,0,0,0.0,0.5666,3,12.216,0,NORMAL
2026-09-12 16:45:00,R2,2.679,8.368,0.3202,2.679,0,0,0.0,0.3202,2,9.895,0,NORMAL
2026-09-12 17:00:00,R1,6.087,10.096,0.6029,6.087,0,0,0.0,0.6029,3,12.302,0,NORMAL
2026-09-12 17:00:00,R2,2.156,8.669,0.2487,2.156,0,0,0.0,0.2487,2,9.551,0,NORMAL
2026-09-12 17:15:00,R1,6.053,10.52,0.5753,6.053,0,0,0.0,0.5753,3,11.806,0,NORMAL
2026-09-12 17:15:00,R2,2.281,8.139,0.2803,2.281,0,0,0.0,0.2803,2,10.174,0,NORMAL
2026-09-12 17:30:00,R1,5.818,11.135,0.5224,5.818,0,0,0.0,0.5224,3,11.154,0,NORMAL
2026-09-12 17:30:00,R2,2.461,8.187,0.3006,2.461,0,0,0.0,0.3006,2,10.114,0,NORMAL
2026-09-12 17:45:00,R1,6.033,10.63,0.5675,6.033,0,0,0.0,0.5675,3,11.684,0,NORMAL
2026-09-12 17:45:00,R2,2.076,8.812,0.2356,2.076,0,0,0.0,0.2356,2,9.396,0,NORMAL
2026-09-12 18:00:00,R1,5.599,11.078,0.5054,5.599,0,0,0.0,0.5054,3,11.211,0,NORMAL
2026-09-12 18:00:00,R2,2.315,9.034,0.2563,2.315,0,0,0.0,0.2563,2,9.165,0,NORMAL
2026-09-12 18:15:00,R1,6.269,11.032,0.5682,6.269,0,0,0.0,0.5682,3,11.259,0,NORMAL
2026-09-12 18:15:00,R2,2.593,7.784,0.3331,2.593,0,0,0.0,0.3331,2,10.638,0,NORMAL
2026-09-12 18:30:00,R1,6.359,11.254,0.5651,6.359,0,0,0.0,0.5651,3,11.036,0,NORMAL
2026-09-12 18:30:00,R2,2.281,8.277,0.2756,2.281,0,0,0.0,0.2756,2,10.004,0,NORMAL
2026-09-12 18:45:00,R1,5.963,11.179,0.5334,5.963,0,0,0.0,0.5334,3,11.11,0,NORMAL
2026-09-12 18:45:00,R2,2.7,8.4,0.3215,2.7,0,0,0.0,0.3215,2,9.857,0,NORMAL
2026-09-12 19:00:00,R1,5.353,10.527,0.5086,5.353,0,0,0.0,0.5086,3,11.799,0,NORMAL
2026-09-12 19:00:00,R2,2.585,8.097,0.3193,2.585,0,0,0.0,0.3193,2,10.226,0,NORMAL
2026-09-12 19:15:00,R1,4.479,10.311,0.4343,4.479,0,0,0.0,0.4343,3,12.045,0,NORMAL
2026-09-12 19:15:00,R2,2.348,8.245,0.2848,2.348,0,0,0.0,0.2848,2,10.043,0,NORMAL
2026-09-12 19:30:00,R1,6.134,10.311,0.5949,6.134,0,0,0.0,0.5949,3,12.046,0,NORMAL
2026-09-12 19:30:00,R2,2.575,7.911,0.3255,2.575,0,0,0.0,0.3255,2,10.467,0,NORMAL
2026-09-12 19:45:00,R1,6.105,10.888,0.5607,6.105,0,0,0.0,0.5607,3,11.407,0,NORMAL
2026-09-12 19:45:00,R2,2.515,8.222,0.3059,2.515,0,0,0.0,0.3059,2,10.071,0,NORMAL
2026-09-12 20:00:00,R1,6.322,11.044,0.5724,6.322,0,0,0.0,0.5724,3,11.246,0,NORMAL
2026-09-12 20:00:00,R2,2.674,7.673,0.3484,2.674,0,0,0.0,0.3484,2,10.791,0,NORMAL
2026-09-12 20:15:00,R1,5.042,10.96,0.46,5.042,0,0,0.0,0.46,3,11.332,0,NORMAL
2026-09-12 20:15:00,R2,2.274,7.684,0.2959,2.274,0,0,0.0,0.2959,2,10.776,0,NORMAL
2026-09-12 20:30:00,R1,5.612,10.641,0.5273,5.612,0,0,0.0,0.5273,3,11.671,0,NORMAL
2026-09-12 20:30:00,R2,2.911,7.969,0.3652,2.911,0,0,0.0,0.3652,2,10.39,0,NORMAL
2026-09-12 20:45:00,R1,5.495,10.66,0.5155,5.495,0,0,0.0,0.5155,3,11.651,0,NORMAL
2026-09-12 20:45:00,R2,2.775,7.894,0.3515,2.775,0,0,0.0,0.3515,2,10.489,0,NORMAL
2026-09-12 21:00:00,R1,5.755,10.527,0.5467,5.755,0,0,0.0,0.5467,3,11.798,0,NORMAL
2026-09-12 21:00:00,R2,2.571,8.004,0.3212,2.571,0,0,0.0,0.3212,2,10.345,0,NORMAL
2026-09-12 21:15:00,R1,5.699,11.088,0.514,5.699,0,0,0.0,0.514,3,11.201,0,NORMAL
2026-09-12 21:15:00,R2,2.815,8.151,0.3454,2.815,0,0,0.0,0.3454,2,10.158,0,NORMAL
2026-09-12 21:30:00,R1,6.134,11.04,0.5557,6.134,0,0,0.0,0.5557,3,11.25,0,NORMAL
2026-09-12 21:30:00,R2,2.351,7.923,0.2967,2.351,0,0,0.0,0.2967,2,10.451,0,NORMAL
2026-09-12 21:45:00,R1,5.348,10.362,0.5161,5.348,0,0,0.0,0.5161,3,11.986,0,NORMAL
2026-09-12 21:45:00,R2,2.414,7.947,0.3038,2.414,0,0,0.0,0.3038,2,10.42,0,NORMAL
2026-09-12 22:00:00,R1,4.767,10.581,0.4506,4.767,0,0,0.0,0.4506,3,11.738,0,NORMAL
2026-09-12 22:00:00,R2,1.981,7.814,0.2535,1.981,0,0,0.0,0.2535,2,10.596,0,NORMAL
2026-09-12 22:15:00,R1,3.937,10.982,0.3585,3.937,0,0,0.0,0.3585,3,11.31,0,NORMAL
2026-09-12 22:15:00,R2,1.914,8.161,0.2345,1.914,0,0,0.0,0.2345,2,10.145,0,NORMAL
2026-09-12 22:30:00,R1,4.286,10.698,0.4006,4.286,0,0,0.0,0.4006,3,11.609,0,NORMAL
2026-09-12 22:30:00,R2,2.014,7.616,0.2645,2.014,0,0,0.0,0.2645,2,10.872,0,NORMAL
2026-09-12 22:45:00,R1,4.399,10.891,0.4039,4.399,0,0,0.0,0.4039,3,11.404,0,NORMAL
2026-09-12 22:45:00,R2,1.923,8.209,0.2343,1.923,0,0,0.0,0.2343,2,10.086,0,NORMAL
2026-09-12 23:00:00,R1,4.472,10.473,0.427,4.472,0,0,0.0,0.427,3,11.859,0,NORMAL
2026-09-12 23:00:00,R2,1.864,8.014,0.2326,1.864,0,0,0.0,0.2326,2,10.333,0,NORMAL
2026-09-12 23:15:00,R1,4.607,10.944,0.421,4.607,0,0,0.0,0.421,3,11.348,0,NORMAL
2026-09-12 23:15:00,R2,2.332,7.33,0.3182,2.332,0,0,0.0,0.3182,2,11.296,0,NORMAL
2026-09-12 23:30:00,R1,4.211,10.872,0.3873,4.211,0,0,0.0,0.3873,3,11.424,0,NORMAL
2026-09-12 23:30:00,R2,2.139,7.807,0.2739,2.139,0,0,0.0,0.2739,2,10.606,0,NORMAL
2026-09-12 23:45:00,R1,3.684,7.083,0.5202,3.684,0,0,0.0,0.5202,2,11.691,0,NORMAL
2026-09-12 23:45:00,R2,1.997,7.873,0.2537,1.997,0,0,0.0,0.2537,2,10.517,0,NORMAL
2026-09-13 00:00:00,R1,4.461,10.596,0.421,4.461,0,0,0.0,0.421,3,11.722,0,NORMAL
2026-09-13 00:00:00,R2,2.323,8.217,0.2827,2.323,0,0,0.0,0.2827,2,10.077,0,NORMAL
2026-09-13 00:15:00,R1,4.637,10.147,0.457,4.637,0,0,0.0,0.457,3,12.24,0,NORMAL
2026-09-13 00:15:00,R2,1.821,7.909,0.2302,1.821,0,0,0.0,0.2302,2,10.469,0,NORMAL
2026-09-13 00:30:00,R1,4.556,10.493,0.4342,4.556,0,0,0.0,0.4342,3,11.836,0,NORMAL
2026-09-13 00:30:00,R2,2.444,8.675,0.2817,2.444,0,0,0.0,0.2817,2,9.544,0,NORMAL
2026-09-13 00:45:00,R1,3.995,10.877,0.3673,3.995,0,0,0.0,0.3673,3,11.419,0,NORMAL
2026-09-13 00:45:00,R2,2.854,8.59,0.3322,2.854,0,0,0.0,0.3322,2,9.639,0,NORMAL
2026-09-13 01:00:00,R1,3.987,11.403,0.3497,3.987,0,0,0.0,0.3497,3,10.892,0,NORMAL
2026-09-13 01:00:00,R2,2.067,8.102,0.2551,2.067,0,0,0.0,0.2551,2,10.22,0,NORMAL
2026-09-13 01:15:00,R1,4.015,10.858,0.3698,4.015,0,0,0.0,0.3698,3,11.439,0,NORMAL
2026-09-13 01:15:00,R2,1.835,7.749,0.2369,1.835,0,0,0.0,0.2369,2,10.686,0,NORMAL
2026-09-13 01:30:00,R1,4.438,11.048,0.4017,4.438,0,0,0.0,0.4017,3,11.241,0,NORMAL
2026-09-13 01:30:00,R2,2.572,7.935,0.3242,2.572,0,0,0.0,0.3242,2,10.435,0,NORMAL
2026-09-13 01:45:00,R1,4.503,11.013,0.4089,4.503,0,0,0.0,0.4089,3,11.278,0,NORMAL
2026-09-13 01:45:00,R2,1.934,7.84,0.2467,1.934,0,0,0.0,0.2467,2,10.561,0,NORMAL
2026-09-13 02:00:00,R1,4.404,7.11,0.6194,4.404,0,0,0.0,0.6194,2,11.646,0,NORMAL
2026-09-13 02:00:00,R2,2.766,8.991,0.3076,2.766,0,0,0.0,0.3076,2,9.209,0,NORMAL
2026-09-13 02:15:00,R1,3.88,10.722,0.3618,3.88,0,0,0.0,0.3618,3,11.584,0,NORMAL
2026-09-13 02:15:00,R2,2.387,8.045,0.2967,2.387,0,0,0.0,0.2967,2,10.291,0,NORMAL
2026-09-13 02:30:00,R1,4.543,10.423,0.4358,4.543,0,0,0.0,0.4358,3,11.916,0,NORMAL
2026-09-13 02:30:00,R2,1.991,7.871,0.2529,1.991,0,0,0.0,0.2529,2,10.519,0,NORMAL
2026-09-13 02:45:00,R1,4.494,7.145,0.629,4.494,0,0,0.0,0.629,2,11.589,0,NORMAL
2026-09-13 02:45:00,R2,2.062,8.023,0.257,2.062,0,0,0.0,0.257,2,10.321,0,NORMAL
2026-09-13 03:00:00,R1,3.895,10.878,0.3581,3.895,0,0,0.0,0.3581,3,11.417,0,NORMAL
2026-09-13 03:00:00,R2,2.352,8.004,0.2939,2.352,0,0,0.0,0.2939,2,10.345,0,NORMAL
2026-09-13 03:15:00,R1,4.511,9.766,0.4619,4.511,0,0,0.0,0.4619,3,12.718,0,NORMAL
2026-09-13 03:15:00,R2,1.96,8.515,0.2302,1.96,0,0,0.0,0.2302,2,9.724,0,NORMAL
2026-09-13 03:30:00,R1,4.116,11.184,0.3681,4.116,0,0,0.0,0.3681,3,11.106,0,NORMAL
2026-09-13 03:30:00,R2,2.083,7.577,0.275,2.083,0,0,0.0,0.275,2,10.928,0,NORMAL
2026-09-13 03:45:00,R1,4.412,10.545,0.4184,4.412,0,0,0.0,0.4184,3,11.778,0,NORMAL
2026-09-13 03:45:00,R2,1.729,8.13,0.2126,1.729,0,0,0.0,0.2126,2,10.184,0,NORMAL
2026-09-13 04:00:00,R1,3.969,10.413,0.3811,3.969,0,0,0.0,0.3811,3,11.928,0,NORMAL
2026-09-13 04:00:00,R2,2.252,7.933,0.2839,2.252,0,0,0.0,0.2839,2,10.437,0,NORMAL
2026-09-13 04:15:00,R1,4.415,10.687,0.4132,4.415,0,0,0.0,0.4132,3,11.622,0,NORMAL
2026-09-13 04:15:00,R2,2.097,7.627,0.275,2.097,0,0,0.0,0.275,2,10.856,0,NORMAL
2026-09-13 04:30:00,R1,4.14,10.52,0.3936,4.14,0,0,0.0,0.3936,3,11.806,0,NORMAL
2026-09-13 04:30:00,R2,1.708,8.326,0.2051,1.708,0,0,0.0,0.2051,2,9.945,0,NORMAL
2026-09-13 04:45:00,R1,4.835,10.733,0.4504,4.835,0,0,0.0,0.4504,3,11.572,0,NORMAL
2026-09-13 04:45:00,R2,2.528,3.816,0.6624,2.528,0,0,0.0,0.6624,1,10.849,0,NORMAL
2026-09-13 05:00:00,R1,4.421,10.56,0.4187,4.421,0,0,0.0,0.4187,3,11.761,0,NORMAL
2026-09-13 05:00:00,R2,2.046,8.052,0.2541,2.046,0,0,0.0,0.2541,2,10.283,0,NORMAL
2026-09-13 05:15:00,R1,4.26,10.566,0.4032,4.26,0,0,0.0,0.4032,3,11.754,0,NORMAL
2026-09-13 05:15:00,R2,1.985,8.212,0.2417,1.985,0,0,0.0,0.2417,2,10.083,0,NORMAL
2026-09-13 05:30:00,R1,4.937,10.017,0.4928,4.937,0,0,0.0,0.4928,3,12.399,0,NORMAL
2026-09-13 05:30:00,R2,1.998,8.518,0.2345,1.998,0,0,0.0,0.2345,2,9.721,0,NORMAL
2026-09-13 05:45:00,R1,4.025,10.704,0.3761,4.025,0,0,0.0,0.3761,3,11.603,0,NORMAL
2026-09-13 05:45:00,R2,2.407,3.827,0.6291,2.407,0,0,0.0,0.6291,1,10.819,0,NORMAL
2026-09-13 06:00:00,R1,6.161,10.631,0.5796,6.161,0,0,0.0,0.5796,3,11.683,0,NORMAL
2026-09-13 06:00:00,R2,2.644,8.071,0.3276,2.644,0,0,0.0,0.3276,2,10.259,0,NORMAL
2026-09-13 06:15:00,R1,6.001,10.707,0.5605,6.001,0,0,0.0,0.5605,3,11.6,0,NORMAL
2026-09-13 06:15:00,R2,2.691,8.355,0.3221,2.691,0,0,0.0,0.3221,2,9.91,0,NORMAL
2026-09-13 06:30:00,R1,5.373,10.603,0.5068,5.373,0,0,0.0,0.5068,3,11.714,0,NORMAL
2026-09-13 06:30:00,R2,2.81,8.202,0.3426,2.81,0,0,0.0,0.3426,2,10.095,0,NORMAL
2026-09-13 06:45:00,R1,5.688,10.481,0.5427,5.688,0,0,0.0,0.5427,3,11.85,0,NORMAL
2026-09-13 06:45:00,R2,2.619,8.231,0.3182,2.619,0,0,0.0,0.3182,2,10.059,0,NORMAL
2026-09-13 07:00:00,R1,5.679,10.59,0.5363,5.679,0,0,0.0,0.5363,3,11.728,0,NORMAL
2026-09-13 07:00:00,R2,2.708,8.651,0.3131,2.708,0,0,0.0,0.3131,2,9.572,0,NORMAL
2026-09-13 07:15:00,R1,5.387,10.677,0.5045,5.387,0,0,0.0,0.5045,3,11.632,0,NORMAL
2026-09-13 07:15:00,R2,2.647,7.994,0.3311,2.647,0,0,0.0,0.3311,2,10.358,0,NORMAL
2026-09-13 07:30:00,R1,5.898,10.294,0.573,5.898,0,0,0.0,0.573,3,12.066,0,NORMAL
2026-09-13 07:30:00,R2,2.606,8.008,0.3255,2.606,0,0,0.0,0.3255,2,10.34,0,NORMAL
2026-09-13 07:45:00,R1,5.892,10.388,0.5672,5.892,0,0,0.0,0.5672,3,11.956,0,NORMAL
2026-09-13 07:45:00,R2,2.258,7.911,0.2854,2.258,0,0,0.0,0.2854,2,10.467,0,NORMAL
2026-09-13 08:00:00,R1,5.404,10.987,0.4919,5.404,0,0,0.0,0.4919,3,11.304,0,NORMAL
2026-09-13 08:00:00,R2,2.6,7.948,0.3271,2.6,0,0,0.0,0.3271,2,10.418,0,NORMAL
2026-09-13 08:15:00,R1,5.514,11.152,0.4944,5.514,0,0,0.0,0.4944,3,11.137,0,NORMAL
2026-09-13 08:15:00,R2,2.982,8.334,0.3577,2.982,0,0,0.0,0.3577,2,9.935,0,NORMAL
2026-09-13 08:30:00,R1,5.747,10.858,0.5293,5.747,0,0,0.0,0.5293,3,11.438,0,NORMAL
2026-09-13 08:30:00,R2,2.334,8.457,0.276,2.334,0,0,0.0,0.276,2,9.79,0,NORMAL
2026-09-13 08:45:00,R1,5.326,10.786,0.4938,5.326,0,0,0.0,0.4938,3,11.515,0,NORMAL
2026-09-13 08:45:00,R2,2.584,8.302,0.3112,2.584,0,0,0.0,0.3112,2,9.974,0,NORMAL
2026-09-13 09:00:00,R1,6.233,10.44,0.597,6.233,0,0,0.0,0.597,3,11.897,0,NORMAL
2026-09-13 09:00:00,R2,2.966,7.979,0.3717,2.966,0,0,0.0,0.3717,2,10.377,0,NORMAL
2026-09-13 09:15:00,R1,5.268,10.149,0.5191,5.268,0,0,0.0,0.5191,3,12.237,0,NORMAL
2026-09-13 09:15:00,R2,2.532,7.721,0.3279,2.532,0,0,0.0,0.3279,2,10.724,0,NORMAL
2026-09-13 09:30:00,R1,5.439,10.99,0.4949,5.439,0,0,0.0,0.4949,3,11.301,0,NORMAL
2026-09-13 09:30:00,R2,2.761,7.683,0.3594,2.761,0,0,0.0,0.3594,2,10.776,0,NORMAL
2026-09-13 09:45:00,R1,5.961,10.47,0.5693,5.961,0,0,0.0,0.5693,3,11.863,0,NORMAL
2026-09-13 09:45:00,R2,2.604,8.191,0.3179,2.604,0,0,0.0,0.3179,2,10.109,0,NORMAL
2026-09-13 10:00:00,R1,5.672,10.59,0.5356,5.672,0,0,0.0,0.5356,3,11.728,0,NORMAL
2026-09-13 10:00:00,R2,2.715,7.813,0.3475,2.715,0,0,0.0,0.3475,2,10.598,0,NORMAL
2026-09-13 10:15:00,R1,5.369,10.382,0.5172,5.369,0,0,0.0,0.5172,3,11.963,0,NORMAL
2026-09-13 10:15:00,R2,2.576,8.18,0.3149,2.576,0,0,0.0,0.3149,2,10.123,0,NORMAL
2026-09-13 10:30:00,R1,5.489,10.859,0.5054,5.489,0,0,0.0,0.5054,3,11.437,0,NORMAL
2026-09-13 10:30:00,R2,2.618,8.072,0.3243,2.618,0,0,0.0,0.3243,2,10.258,0,NORMAL
2026-09-13 10:45:00,R1,5.75,10.78,0.5334,5.75,0,0,0.0,0.5334,3,11.521,0,NORMAL
2026-09-13 10:45:00,R2,2.576,7.893,0.3264,2.576,0,0,0.0,0.3264,2,10.49,0,NORMAL
2026-09-13 11:00:00,R1,6.288,10.984,0.5724,6.288,0,0,0.0,0.5724,3,11.307,0,NORMAL
2026-09-13 11:00:00,R2,2.587,8.288,0.3121,2.587,0,0,0.0,0.3121,2,9.99,0,NORMAL
2026-09-13 11:15:00,R1,6.315,11.171,0.5653,6.315,0,0,0.0,0.5653,3,11.118,0,NORMAL
2026-09-13 11:15:00,R2,2.317,7.865,0.2946,2.317,0,0,0.0,0.2946,2,10.528,0,NORMAL
2026-09-13 11:30:00,R1,4.469,10.252,0.4359,4.469,0,0,0.0,0.4359,3,12.115,0,NORMAL
2026-09-13 11:30:00,R2,2.25,8.141,0.2764,2.25,0,0,0.0,0.2764,2,10.17,0,NORMAL
2026-09-13 11:45:00,R1,5.673,11.299,0.5021,5.673,0,0,0.0,0.5021,3,10.992,0,NORMAL
2026-09-13 11:45:00,R2,2.261,7.443,0.3038,2.261,0,0,0.0,0.3038,2,11.125,0,NORMAL
2026-09-13 12:00:00,R1,5.739,10.062,0.5703,5.739,0,0,0.0,0.5703,3,12.343,0,NORMAL
2026-09-13 12:00:00,R2,2.516,8.761,0.2871,2.516,0,0,0.0,0.2871,2,9.45,0,NORMAL
2026-09-13 12:15:00,R1,5.851,11.428,0.512,5.851,0,0,0.0,0.512,3,10.868,0,NORMAL
2026-09-13 12:15:00,R2,2.824,8.186,0.345,2.824,0,0,0.0,0.345,2,10.115,0,NORMAL
2026-09-13 12:30:00,R1,6.293,11.098,0.567,6.293,0,0,0.0,0.567,3,11.191,0,NORMAL
2026-09-13 12:30:00,R2,2.461,8.243,0.2986,2.461,0,0,0.0,0.2986,2,10.045,0,NORMAL
2026-09-13 12:45:00,R1,6.266,7.05,0.8889,6.266,0,0,0.0,0.8889,2,11.745,0,WARNING
2026-09-13 12:45:00,R2,2.353,7.533,0.3123,2.353,0,0,0.0,0.3123,2,10.992,0,NORMAL
2026-09-13 13:00:00,R1,6.535,11.179,0.5846,6.535,0,0,0.0,0.5846,3,11.11,0,NORMAL
2026-09-13 13:00:00,R2,2.529,7.806,0.324,2.529,0,0,0.0,0.324,2,10.608,0,NORMAL
2026-09-13 13:15:00,R1,5.463,10.987,0.4972,5.463,0,0,0.0,0.4972,3,11.304,0,NORMAL
2026-09-13 13:15:00,R2,2.371,8.095,0.2929,2.371,0,0,0.0,0.2929,2,10.229,0,NORMAL
2026-09-13 13:30:00,R1,6.169,11.155,0.553,6.169,0,0,0.0,0.553,3,11.134,0,NORMAL
2026-09-13 13:30:00,R2,2.278,8.317,0.2739,2.278,0,0,0.0,0.2739,2,9.955,0,NORMAL
2026-09-13 13:45:00,R1,6.367,10.916,0.5833,6.367,0,0,0.0,0.5833,3,11.378,0,NORMAL
2026-09-13 13:45:00,R2,2.398,7.608,0.3152,2.398,0,0,0.0,0.3152,2,10.883,0,NORMAL
2026-09-13 14:00:00,R1,6.089,10.853,0.5611,6.089,0,0,0.0,0.5611,3,11.444,0,NORMAL
2026-09-13 14:00:00,R2,2.127,8.354,0.2546,2.127,0,0,0.0,0.2546,2,9.911,0,NORMAL
2026-09-13 14:15:00,R1,6.484,10.892,0.5953,6.484,0,0,0.0,0.5953,3,11.403,0,NORMAL
2026-09-13 14:15:00,R2,2.58,8.392,0.3074,2.58,0,0,0.0,0.3074,2,9.867,0,NORMAL
2026-09-13 14:30:00,R1,6.941,10.579,0.6561,6.941,0,0,0.0,0.6561,3,11.741,0,NORMAL
2026-09-13 14:30:00,R2,2.817,7.789,0.3616,2.817,0,0,0.0,0.3616,2,10.63,0,NORMAL
2026-09-13 14:45:00,R1,6.47,11.062,0.5849,6.47,0,0,0.0,0.5849,3,11.227,0,NORMAL
2026-09-13 14:45:00,R2,2.397,7.769,0.3085,2.397,0,0,0.0,0.3085,2,10.658,0,NORMAL
2026-09-13 15:00:00,R1,6.488,10.471,0.6196,6.488,0,0,0.0,0.6196,3,11.861,0,NORMAL
2026-09-13 15:00:00,R2,2.712,8.06,0.3365,2.712,0,0,0.0,0.3365,2,10.273,0,NORMAL
2026-09-13 15:15:00,R1,6.091,10.458,0.5824,6.091,0,0,0.0,0.5824,3,11.876,0,NORMAL
2026-09-13 15:15:00,R2,2.328,7.46,0.3121,2.328,0,0,0.0,0.3121,2,11.099,0,NORMAL
2026-09-13 15:30:00,R1,6.388,6.965,0.9171,6.388,0,0,0.0,0.9171,2,11.889,0,HIGH
2026-09-13 15:30:00,R2,2.387,7.733,0.3087,2.387,0,0,0.0,0.3087,2,10.708,0,NORMAL
2026-09-13 15:45:00,R1,5.721,3.015,1.8974,3.015,0,2.706,0.0,1.25,1,13.73,0,HIGH
2026-09-13 15:45:00,R2,2.194,8.009,0.274,2.194,0,0,0.0,0.274,2,10.339,0,NORMAL
2026-09-13 16:00:00,R1,6.176,6.074,1.0169,6.074,2.706,2.809,6.683,1.25,2,13.633,0,HIGH
2026-09-13 16:00:00,R2,2.531,8.079,0.3133,2.531,0,0,0.0,0.3133,2,10.249,0,NORMAL
2026-09-13 16:15:00,R1,6.11,5.862,1.0424,5.862,2.809,3.057,7.187,1.25,2,14.126,0,HIGH
2026-09-13 16:15:00,R2,2.516,7.675,0.3278,2.516,0,0,0.0,0.3278,2,10.788,0,NORMAL
2026-09-13 16:30:00,R1,5.461,11.085,0.4927,8.519,3.057,0,4.137,0.7685,3,11.205,0,WARNING
2026-09-13 16:30:00,R2,2.38,7.931,0.3001,2.38,0,0,0.0,0.3001,2,10.44,0,NORMAL
2026-09-13 16:45:00,R1,6.523,6.509,1.0021,6.509,0,0.014,0.0,1.0021,2,12.721,0,HIGH
2026-09-13 16:45:00,R2,2.521,7.961,0.3166,2.521,0,0,0.0,0.3166,2,10.401,0,NORMAL
2026-09-13 17:00:00,R1,6.555,11.166,0.5871,6.569,0.014,0,0.019,0.5883,3,11.123,0,NORMAL
2026-09-13 17:00:00,R2,2.596,8.131,0.3193,2.596,0,0,0.0,0.3193,2,10.183,0,NORMAL
2026-09-13 17:15:00,R1,5.551,9.835,0.5644,5.551,0,0,0.0,0.5644,3,12.628,0,NORMAL
2026-09-13 17:15:00,R2,2.115,8.75,0.2418,2.115,0,0,0.0,0.2418,2,9.463,0,NORMAL
2026-09-13 17:30:00,R1,6.659,10.06,0.6619,6.659,0,0,0.0,0.6619,3,12.346,0,NORMAL
2026-09-13 17:30:00,R2,2.392,7.955,0.3006,2.392,0,0,0.0,0.3006,2,10.408,0,NORMAL
2026-09-13 17:45:00,R1,6.002,10.556,0.5686,6.002,0,0,0.0,0.5686,3,11.765,0,NORMAL
2026-09-13 17:45:00,R2,2.211,8.313,0.2659,2.211,0,0,0.0,0.2659,2,9.96,0,NORMAL
2026-09-13 18:00:00,R1,5.462,10.677,0.5116,5.462,0,0,0.0,0.5116,3,11.632,0,NORMAL
2026-09-13 18:00:00,R2,1.986,8.05,0.2467,1.986,0,0,0.0,0.2467,2,10.286,0,NORMAL
2026-09-13 18:15:00,R1,5.761,10.944,0.5264,5.761,0,0,0.0,0.5264,3,11.348,0,NORMAL
2026-09-13 18:15:00,R2,2.587,7.848,0.3297,2.587,0,0,0.0,0.3297,2,10.55,0,NORMAL
2026-09-13 18:30:00,R1,5.212,10.179,0.512,5.212,0,0,0.0,0.512,3,12.201,0,NORMAL
2026-09-13 18:30:00,R2,2.335,7.935,0.2943,2.335,0,0,0.0,0.2943,2,10.435,0,NORMAL
2026-09-13 18:45:00,R1,6.041,10.706,0.5643,6.041,0,0,0.0,0.5643,3,11.601,0,NORMAL
2026-09-13 18:45:00,R2,2.606,8.203,0.3177,2.606,0,0,0.0,0.3177,2,10.094,0,NORMAL
2026-09-13 19:00:00,R1,5.376,10.683,0.5032,5.376,0,0,0.0,0.5032,3,11.626,0,NORMAL
2026-09-13 19:00:00,R2,2.601,7.981,0.3259,2.601,0,0,0.0,0.3259,2,10.374,0,NORMAL
2026-09-13 19:15:00,R1,4.872,10.942,0.4453,4.872,0,0,0.0,0.4453,3,11.351,0,NORMAL
2026-09-13 19:15:00,R2,2.28,7.998,0.2851,2.28,0,0,0.0,0.2851,2,10.352,0,NORMAL
2026-09-13 19:30:00,R1,5.581,10.465,0.5333,5.581,0,0,0.0,0.5333,3,11.868,0,NORMAL
2026-09-13 19:30:00,R2,2.517,8.08,0.3116,2.517,0,0,0.0,0.3116,2,10.247,0,NORMAL
2026-09-13 19:45:00,R1,5.863,10.438,0.5617,5.863,0,0,0.0,0.5617,3,11.898,0,NORMAL
2026-09-13 19:45:00,R2,2.169,8.234,0.2634,2.169,0,0,0.0,0.2634,2,10.056,0,NORMAL
2026-09-13 20:00:00,R1,5.727,10.063,0.5691,5.727,0,0,0.0,0.5691,3,12.343,0,NORMAL
2026-09-13 20:00:00,R2,2.76,4.289,0.6435,2.76,0,0,0.0,0.6435,1,9.652,0,NORMAL
2026-09-13 20:15:00,R1,5.968,11.462,0.5207,5.968,0,0,0.0,0.5207,3,10.836,0,NORMAL
2026-09-13 20:15:00,R2,2.389,8.56,0.2791,2.389,0,0,0.0,0.2791,2,9.673,0,NORMAL
2026-09-13 20:30:00,R1,5.803,10.794,0.5376,5.803,0,0,0.0,0.5376,3,11.506,0,NORMAL
2026-09-13 20:30:00,R2,2.644,7.971,0.3317,2.644,0,0,0.0,0.3317,2,10.387,0,NORMAL
2026-09-13 20:45:00,R1,6.039,10.359,0.583,6.039,0,0,0.0,0.583,3,11.99,0,NORMAL
2026-09-13 20:45:00,R2,2.716,7.557,0.3594,2.716,0,0,0.0,0.3594,2,10.956,0,NORMAL
2026-09-13 21:00:00,R1,5.493,10.333,0.5316,5.493,0,0,0.0,0.5316,3,12.02,0,NORMAL
2026-09-13 21:00:00,R2,2.546,8.218,0.3098,2.546,0,0,0.0,0.3098,2,10.076,0,NORMAL
2026-09-13 21:15:00,R1,5.498,10.721,0.5128,5.498,0,0,0.0,0.5128,3,11.584,0,NORMAL
2026-09-13 21:15:00,R2,2.731,8.157,0.3348,2.731,0,0,0.0,0.3348,2,10.151,0,NORMAL
2026-09-13 21:30:00,R1,5.481,10.47,0.5236,5.481,0,0,0.0,0.5236,3,11.863,0,NORMAL
2026-09-13 21:30:00,R2,2.663,8.078,0.3296,2.663,0,0,0.0,0.3296,2,10.25,0,NORMAL
2026-09-13 21:45:00,R1,5.893,10.839,0.5437,5.893,0,0,0.0,0.5437,3,11.459,0,NORMAL
2026-09-13 21:45:00,R2,2.729,7.903,0.3453,2.729,0,0,0.0,0.3453,2,10.476,0,NORMAL
2026-09-13 22:00:00,R1,4.366,10.617,0.4112,4.366,0,0,0.0,0.4112,3,11.699,0,NORMAL
2026-09-13 22:00:00,R2,2.438,4.047,0.6025,2.438,0,0,0.0,0.6025,1,10.231,0,NORMAL
2026-09-13 22:15:00,R1,4.328,10.047,0.4307,4.328,0,0,0.0,0.4307,3,12.362,0,NORMAL
2026-09-13 22:15:00,R2,2.224,7.878,0.2823,2.224,0,0,0.0,0.2823,2,10.51,0,NORMAL
2026-09-13 22:30:00,R1,4.547,10.407,0.437,4.547,0,0,0.0,0.437,3,11.935,0,NORMAL
2026-09-13 22:30:00,R2,2.265,8.166,0.2773,2.265,0,0,0.0,0.2773,2,10.14,0,NORMAL
2026-09-13 22:45:00,R1,4.956,11.198,0.4426,4.956,0,0,0.0,0.4426,3,11.091,0,NORMAL
2026-09-13 22:45:00,R2,2.095,7.608,0.2753,2.095,0,0,0.0,0.2753,2,10.883,0,NORMAL
2026-09-13 23:00:00,R1,4.853,10.6,0.4579,4.853,0,0,0.0,0.4579,3,11.718,0,NORMAL
2026-09-13 23:00:00,R2,1.981,8.275,0.2394,1.981,0,0,0.0,0.2394,2,10.006,0,NORMAL
2026-09-13 23:15:00,R1,4.714,10.122,0.4657,4.714,0,0,0.0,0.4657,3,12.271,0,NORMAL
2026-09-13 23:15:00,R2,1.879,8.173,0.23,1.879,0,0,0.0,0.23,2,10.132,0,NORMAL
2026-09-13 23:30:00,R1,4.119,11.421,0.3606,4.119,0,0,0.0,0.3606,3,10.874,0,NORMAL
2026-09-13 23:30:00,R2,1.95,7.983,0.2443,1.95,0,0,0.0,0.2443,2,10.372,0,NORMAL
2026-09-13 23:45:00,R1,4.491,10.883,0.4126,4.491,0,0,0.0,0.4126,3,11.412,0,NORMAL
2026-09-13 23:45:00,R2,2.064,7.822,0.2639,2.064,0,0,0.0,0.2639,2,10.585,0,NORMAL
2026-09-14 00:00:00,R1,5.572,10.36,0.5378,5.572,0,0,0.0,0.5378,3,11.989,0,NORMAL
2026-09-14 00:00:00,R2,1.967,8.698,0.2261,1.967,0,0,0.0,0.2261,2,9.52,0,NORMAL
2026-09-14 00:15:00,R1,5.43,11.57,0.4693,5.43,0,0,0.0,0.4693,3,10.735,0,NORMAL
2026-09-14 00:15:00,R2,2.617,7.671,0.3412,2.617,0,0,0.0,0.3412,2,10.794,0,NORMAL
2026-09-14 00:30:00,R1,5.489,10.252,0.5353,5.489,0,0,0.0,0.5353,3,12.114,0,NORMAL
2026-09-14 00:30:00,R2,2.735,8.219,0.3328,2.735,0,0,0.0,0.3328,2,10.075,0,NORMAL
2026-09-14 00:45:00,R1,5.225,11.012,0.4745,5.225,0,0,0.0,0.4745,3,11.279,0,NORMAL
2026-09-14 00:45:00,R2,2.569,8.459,0.3037,2.569,0,0,0.0,0.3037,2,9.788,0,NORMAL
2026-09-14 01:00:00,R1,4.962,10.714,0.4631,4.962,0,0,0.0,0.4631,3,11.592,0,NORMAL
2026-09-14 01:00:00,R2,2.381,8.1,0.2939,2.381,0,0,0.0,0.2939,2,10.222,0,NORMAL
2026-09-14 01:15:00,R1,5.142,11.176,0.4601,5.142,0,0,0.0,0.4601,3,11.113,0,NORMAL
2026-09-14 01:15:00,R2,3.038,7.788,0.3901,3.038,0,0,0.0,0.3901,2,10.632,0,NORMAL
2026-09-14 01:30:00,R1,5.531,10.467,0.5284,5.531,0,0,0.0,0.5284,3,11.866,0,NORMAL
2026-09-14 01:30:00,R2,2.815,8.138,0.3459,2.815,0,0,0.0,0.3459,2,10.175,0,NORMAL
2026-09-14 01:45:00,R1,4.987,11.128,0.4482,4.987,0,0,0.0,0.4482,3,11.162,0,NORMAL
2026-09-14 01:45:00,R2,2.692,8.358,0.322,2.692,0,0,0.0,0.322,2,9.907,0,NORMAL
2026-09-14 02:00:00,R1,5.371,10.882,0.4935,5.371,0,0,0.0,0.4935,3,11.413,0,NORMAL
2026-09-14 02:00:00,R2,1.938,7.472,0.2593,1.938,0,0,0.0,0.2593,2,11.081,0,NORMAL
2026-09-14 02:15:00,R1,5.741,10.135,0.5664,5.741,0,0,0.0,0.5664,3,12.254,0,NORMAL
2026-09-14 02:15:00,R2,2.385,8.105,0.2943,2.385,0,0,0.0,0.2943,2,10.216,0,NORMAL
2026-09-14 02:30:00,R1,5.102,6.833,0.7466,5.102,0,0,0.0,0.7466,2,12.118,0,NORMAL
2026-09-14 02:30:00,R2,2.728,8.125,0.3357,2.728,0,0,0.0,0.3357,2,10.191,0,NORMAL
2026-09-14 02:45:00,R1,6.004,10.249,0.5858,6.004,0,0,0.0,0.5858,3,12.118,0,NORMAL
2026-09-14 02:45:00,R2,2.382,7.992,0.2981,2.382,0,0,0.0,0.2981,2,10.36,0,NORMAL
2026-09-14 03:00:00,R1,5.714,7.821,0.7306,5.714,0,0,0.0,0.7306,2,10.587,0,NORMAL
2026-09-14 03:00:00,R2,2.715,7.797,0.3482,2.715,0,0,0.0,0.3482,2,10.619,0,NORMAL
2026-09-14 03:15:00,R1,5.529,10.72,0.5158,5.529,0,0,0.0,0.5158,3,11.586,0,NORMAL
2026-09-14 03:15:00,R2,2.349,8.041,0.2922,2.349,0,0,0.0,0.2922,2,10.297,0,NORMAL
2026-09-14 03:30:00,R1,5.25,10.356,0.5069,5.25,0,0,0.0,0.5069,3,11.993,0,NORMAL
2026-09-14 03:30:00,R2,2.47,7.914,0.3121,2.47,0,0,0.0,0.3121,2,10.462,0,NORMAL
2026-09-14 03:45:00,R1,5.175,10.454,0.4951,5.175,0,0,0.0,0.4951,3,11.881,0,NORMAL
2026-09-14 03:45:00,R2,2.913,8.124,0.3586,2.913,0,0,0.0,0.3586,2,10.192,0,NORMAL
2026-09-14 04:00:00,R1,5.244,10.45,0.5018,5.244,0,0,0.0,0.5018,3,11.885,0,NORMAL
2026-09-14 04:00:00,R2,2.986,7.766,0.3845,2.986,0,0,0.0,0.3845,2,10.662,0,NORMAL
2026-09-14 04:15:00,R1,5.968,10.365,0.5758,5.968,0,0,0.0,0.5758,3,11.983,0,NORMAL
2026-09-14 04:15:00,R2,2.359,8.305,0.284,2.359,0,0,0.0,0.284,2,9.969,0,NORMAL
2026-09-14 04:30:00,R1,5.619,9.959,0.5642,5.619,0,0,0.0,0.5642,3,12.471,0,NORMAL
2026-09-14 04:30:00,R2,2.484,7.975,0.3115,2.484,0,0,0.0,0.3115,2,10.382,0,NORMAL
2026-09-14 04:45:00,R1,5.611,10.067,0.5573,5.611,0,0,0.0,0.5573,3,12.337,0,NORMAL
2026-09-14 04:45:00,R2,2.863,8.269,0.3462,2.863,0,0,0.0,0.3462,2,10.013,0,NORMAL
2026-09-14 05:00:00,R1,5.009,10.586,0.4732,5.009,0,0,0.0,0.4732,3,11.732,0,NORMAL
2026-09-14 05:00:00,R2,2.232,7.641,0.2921,2.232,0,0,0.0,0.2921,2,10.836,0,NORMAL
2026-09-14 05:15:00,R1,5.379,10.946,0.4914,5.379,0,0,0.0,0.4914,3,11.346,0,NORMAL
2026-09-14 05:15:00,R2,2.446,8.167,0.2995,2.446,0,0,0.0,0.2995,2,10.139,0,NORMAL
2026-09-14 05:30:00,R1,5.293,7.438,0.7117,5.293,0,0,0.0,0.7117,2,11.132,0,NORMAL
2026-09-14 05:30:00,R2,2.397,7.836,0.3059,2.397,0,0,0.0,0.3059,2,10.567,0,NORMAL
2026-09-14 05:45:00,R1,5.009,10.939,0.4579,5.009,0,0,0.0,0.4579,3,11.354,0,NORMAL
2026-09-14 05:45:00,R2,2.595,7.822,0.3317,2.595,0,0,0.0,0.3317,2,10.586,0,NORMAL
2026-09-14 06:00:00,R1,6.161,11.151,0.5525,6.161,0,0,0.0,0.5525,3,11.138,0,NORMAL
2026-09-14 06:00:00,R2,3.469,7.751,0.4476,3.469,0,0,0.0,0.4476,2,10.682,0,NORMAL
2026-09-14 06:15:00,R1,7.569,10.617,0.7128,7.569,0,0,0.0,0.7128,3,11.698,0,NORMAL
2026-09-14 06:15:00,R2,3.475,8.541,0.4068,3.475,0,0,0.0,0.4068,2,9.694,0,NORMAL
2026-09-14 06:30:00,R1,7.143,10.903,0.6551,7.143,0,0,0.0,0.6551,3,11.391,0,NORMAL
2026-09-14 06:30:00,R2,3.276,8.279,0.3957,3.276,0,0,0.0,0.3957,2,10.001,0,NORMAL
2026-09-14 06:45:00,R1,6.617,10.305,0.6421,6.617,0,0,0.0,0.6421,3,12.052,0,NORMAL
2026-09-14 06:45:00,R2,3.34,7.868,0.4245,3.34,0,0,0.0,0.4245,2,10.523,0,NORMAL
2026-09-14 07:00:00,R1,6.911,11.074,0.6241,6.911,0,0,0.0,0.6241,3,11.216,0,NORMAL
2026-09-14 07:00:00,R2,3.055,4.057,0.7531,3.055,0,0,0.0,0.7531,1,10.204,0,WARNING
2026-09-14 07:15:00,R1,7.009,10.873,0.6447,7.009,0,0,0.0,0.6447,3,11.423,0,NORMAL
2026-09-14 07:15:00,R2,3.44,7.494,0.4591,3.44,0,0,0.0,0.4591,2,11.049,0,NORMAL
2026-09-14 07:30:00,R1,7.143,10.28,0.6948,7.143,0,0,0.0,0.6948,3,12.082,0,NORMAL
2026-09-14 07:30:00,R2,2.914,8.163,0.3569,2.914,0,0,0.0,0.3569,2,10.143,0,NORMAL
2026-09-14 07:45:00,R1,6.18,9.894,0.6247,6.18,0,0,0.0,0.6247,3,12.554,0,NORMAL
2026-09-14 07:45:00,R2,2.964,8.57,0.3459,2.964,0,0,0.0,0.3459,2,9.661,0,NORMAL
2026-09-14 08:00:00,R1,6.626,10.769,0.6153,6.626,0,0,0.0,0.6153,3,11.533,0,NORMAL
2026-09-14 08:00:00,R2,3.273,8.042,0.4069,3.273,0,0,0.0,0.4069,2,10.296,0,NORMAL
2026-09-14 08:15:00,R1,6.772,10.518,0.6438,6.772,0,0,0.0,0.6438,3,11.808,0,NORMAL
2026-09-14 08:15:00,R2,2.954,7.718,0.3827,2.954,0,0,0.0,0.3827,2,10.728,0,NORMAL
2026-09-14 08:30:00,R1,6.827,10.011,0.6819,6.827,0,0,0.0,0.6819,3,12.406,0,NORMAL
2026-09-14 08:30:00,R2,2.931,7.828,0.3744,2.931,0,0,0.0,0.3744,2,10.577,0,NORMAL
2026-09-14 08:45:00,R1,6.888,11.278,0.6107,6.888,0,0,0.0,0.6107,3,11.012,0,NORMAL
2026-09-14 08:45:00,R2,3.002,8.347,0.3597,3.002,0,0,0.0,0.3597,2,9.92,0,NORMAL
2026-09-14 09:00:00,R1,7.051,11.155,0.6321,7.051,0,0,0.0,0.6321,3,11.134,0,NORMAL
2026-09-14 09:00:00,R2,3.239,8.36,0.3875,3.239,0,0,0.0,0.3875,2,9.905,0,NORMAL
2026-09-14 09:15:00,R1,7.034,11.066,0.6357,7.034,0,0,0.0,0.6357,3,11.224,0,NORMAL
2026-09-14 09:15:00,R2,2.679,8.123,0.3299,2.679,0,0,0.0,0.3299,2,10.193,0,NORMAL
2026-09-14 09:30:00,R1,6.162,10.666,0.5777,6.162,0,0,0.0,0.5777,3,11.645,0,NORMAL
2026-09-14 09:30:00,R2,2.557,8.855,0.2888,2.557,0,0,0.0,0.2888,2,9.35,0,NORMAL
2026-09-14 09:45:00,R1,7.141,10.489,0.6808,7.141,0,0,0.0,0.6808,3,11.841,0,NORMAL
2026-09-14 09:45:00,R2,3.229,8.24,0.3918,3.229,0,0,0.0,0.3918,2,10.048,0,NORMAL
2026-09-14 10:00:00,R1,6.8,10.595,0.6419,6.8,0,0,0.0,0.6419,3,11.723,0,NORMAL
2026-09-14 10:00:00,R2,2.722,7.975,0.3413,2.722,0,0,0.0,0.3413,2,10.382,0,NORMAL
2026-09-14 10:15:00,R1,7.211,11.251,0.6409,7.211,0,0,0.0,0.6409,3,11.039,0,NORMAL
2026-09-14 10:15:00,R2,2.848,8.104,0.3514,2.848,0,0,0.0,0.3514,2,10.217,0,NORMAL
2026-09-14 10:30:00,R1,6.928,10.407,0.6657,6.928,0,0,0.0,0.6657,3,11.935,0,NORMAL
2026-09-14 10:30:00,R2,2.895,8.234,0.3515,2.895,0,0,0.0,0.3515,2,10.056,0,NORMAL
2026-09-14 10:45:00,R1,6.844,10.284,0.6654,6.844,0,0,0.0,0.6654,3,12.077,0,NORMAL
2026-09-14 10:45:00,R2,3.186,8.042,0.3962,3.186,0,0,0.0,0.3962,2,10.296,0,NORMAL
2026-09-14 11:00:00,R1,6.809,11.076,0.6147,6.809,0,0,0.0,0.6147,3,11.214,0,NORMAL
2026-09-14 11:00:00,R2,2.937,3.811,0.7706,2.937,0,0,0.0,0.7706,1,10.862,0,WARNING
2026-09-14 11:15:00,R1,7.501,10.762,0.6971,7.501,0,0,0.0,0.6971,3,11.541,0,NORMAL
2026-09-14 11:15:00,R2,2.773,8.028,0.3454,2.773,0,0,0.0,0.3454,2,10.314,0,NORMAL
2026-09-14 11:30:00,R1,6.802,10.989,0.619,6.802,0,0,0.0,0.619,3,11.302,0,NORMAL
2026-09-14 11:30:00,R2,3.002,8.182,0.3669,3.002,0,0,0.0,0.3669,2,10.12,0,NORMAL
2026-09-14 11:45:00,R1,6.705,10.739,0.6243,6.705,0,0,0.0,0.6243,3,11.565,0,NORMAL
2026-09-14 11:45:00,R2,3.175,7.488,0.424,3.175,0,0,0.0,0.424,2,11.057,0,NORMAL
2026-09-14 12:00:00,R1,6.881,10.417,0.6605,6.881,0,0,0.0,0.6605,3,11.922,0,NORMAL
2026-09-14 12:00:00,R2,2.763,7.517,0.3676,2.763,0,0,0.0,0.3676,2,11.015,0,NORMAL
2026-09-14 12:15:00,R1,6.961,10.605,0.6564,6.961,0,0,0.0,0.6564,3,11.712,0,NORMAL
2026-09-14 12:15:00,R2,2.924,7.909,0.3697,2.924,0,0,0.0,0.3697,2,10.469,0,NORMAL
2026-09-14 12:30:00,R1,7.47,10.721,0.6968,7.47,0,0,0.0,0.6968,3,11.585,0,NORMAL
2026-09-14 12:30:00,R2,3.103,7.527,0.4122,3.103,0,0,0.0,0.4122,2,11.001,0,NORMAL
2026-09-14 12:45:00,R1,7.263,10.76,0.675,7.263,0,0,0.0,0.675,3,11.543,0,NORMAL
2026-09-14 12:45:00,R2,2.725,9.106,0.2993,2.725,0,0,0.0,0.2993,2,9.093,0,NORMAL
2026-09-14 13:00:00,R1,6.675,10.413,0.641,6.675,0,0,0.0,0.641,3,11.927,0,NORMAL
2026-09-14 13:00:00,R2,3.202,8.337,0.3841,3.202,0,0,0.0,0.3841,2,9.932,0,NORMAL
2026-09-14 13:15:00,R1,6.724,10.788,0.6233,6.724,0,0,0.0,0.6233,3,11.512,0,NORMAL
2026-09-14 13:15:00,R2,2.591,7.902,0.328,2.591,0,0,0.0,0.328,2,10.479,0,NORMAL
2026-09-14 13:30:00,R1,6.73,10.371,0.6489,6.73,0,0,0.0,0.6489,3,11.976,0,NORMAL
2026-09-14 13:30:00,R2,3.031,8.079,0.3751,3.031,0,0,0.0,0.3751,2,10.249,0,NORMAL
2026-09-14 13:45:00,R1,7.139,6.457,1.1057,6.457,0,0.683,0.0,1.1057,2,12.824,0,HIGH
2026-09-14 13:45:00,R2,3.01,7.914,0.3803,3.01,0,0,0.0,0.3803,2,10.462,0,NORMAL
2026-09-14 14:00:00,R1,8.138,10.566,0.7702,8.82,0.683,0,0.969,0.8348,3,11.754,0,WARNING
2026-09-14 14:00:00,R2,2.903,4.242,0.6843,2.903,0,0,0.0,0.6843,1,9.76,0,NORMAL
2026-09-14 14:15:00,R1,7.193,11.014,0.653,7.193,0,0,0.0,0.653,3,11.276,0,NORMAL
2026-09-14 14:15:00,R2,2.704,8.017,0.3373,2.704,0,0,0.0,0.3373,2,10.329,0,NORMAL
2026-09-14 14:30:00,R1,6.975,11.132,0.6266,6.975,0,0,0.0,0.6266,3,11.157,0,NORMAL
2026-09-14 14:30:00,R2,2.741,8.428,0.3252,2.741,0,0,0.0,0.3252,2,9.825,0,NORMAL
2026-09-14 14:45:00,R1,7.388,11.167,0.6616,7.388,0,0,0.0,0.6616,3,11.122,0,NORMAL
2026-09-14 14:45:00,R2,2.493,8.274,0.3013,2.493,0,0,0.0,0.3013,2,10.008,0,NORMAL
2026-09-14 15:00:00,R1,8.069,10.846,0.744,8.069,0,0,0.0,0.744,3,11.451,0,NORMAL
2026-09-14 15:00:00,R2,2.804,8.267,0.3392,2.804,0,0,0.0,0.3392,2,10.016,0,NORMAL
2026-09-14 15:15:00,R1,7.889,10.409,0.7579,7.889,0,0,0.0,0.7579,3,11.932,0,WARNING
2026-09-14 15:15:00,R2,2.56,8.239,0.3107,2.56,0,0,0.0,0.3107,2,10.05,0,NORMAL
2026-09-14 15:30:00,R1,7.991,10.614,0.7529,7.991,0,0,0.0,0.7529,3,11.701,0,WARNING
2026-09-14 15:30:00,R2,2.761,8.157,0.3385,2.761,0,0,0.0,0.3385,2,10.15,0,NORMAL
2026-09-14 15:45:00,R1,7.53,6.483,1.1616,6.483,0,1.047,0.0,1.1616,2,12.772,0,HIGH
2026-09-14 15:45:00,R2,2.717,7.706,0.3525,2.717,0,0,0.0,0.3525,2,10.745,0,NORMAL
2026-09-14 16:00:00,R1,7.868,10.187,0.7723,8.915,1.047,0,1.542,0.8751,3,12.191,0,WARNING
2026-09-14 16:00:00,R2,2.652,7.847,0.338,2.652,0,0,0.0,0.338,2,10.552,0,NORMAL
2026-09-14 16:15:00,R1,7.316,11.601,0.6306,7.316,0,0,0.0,0.6306,3,10.706,0,NORMAL
2026-09-14 16:15:00,R2,2.692,7.41,0.3633,2.692,0,0,0.0,0.3633,2,11.174,0,NORMAL
2026-09-14 16:30:00,R1,6.817,10.485,0.6501,6.817,0,0,0.0,0.6501,3,11.845,0,NORMAL
2026-09-14 16:30:00,R2,2.527,7.914,0.3193,2.527,0,0,0.0,0.3193,2,10.463,0,NORMAL
2026-09-14 16:45:00,R1,7.171,10.506,0.6825,7.171,0,0,0.0,0.6825,3,11.821,0,NORMAL
2026-09-14 16:45:00,R2,2.665,8.12,0.3282,2.665,0,0,0.0,0.3282,2,10.197,0,NORMAL
2026-09-14 17:00:00,R1,7.234,10.868,0.6656,7.234,0,0,0.0,0.6656,3,11.428,0,NORMAL
2026-09-14 17:00:00,R2,2.963,8.67,0.3418,2.963,0,0,0.0,0.3418,2,9.55,0,NORMAL
2026-09-14 17:15:00,R1,7.327,10.771,0.6802,7.327,0,0,0.0,0.6802,3,11.531,0,NORMAL
2026-09-14 17:15:00,R2,2.974,8.428,0.3528,2.974,0,0,0.0,0.3528,2,9.824,0,NORMAL
2026-09-14 17:30:00,R1,7.558,6.039,1.2517,6.039,0,1.52,0.0,1.25,2,13.712,0,HIGH
2026-09-14 17:30:00,R2,2.99,7.892,0.3789,2.99,0,0,0.0,0.3789,2,10.491,0,NORMAL
2026-09-14 17:45:00,R1,7.003,10.165,0.689,8.523,1.52,0,2.242,0.8385,3,12.218,0,WARNING
2026-09-14 17:45:00,R2,2.694,8.124,0.3317,2.694,0,0,0.0,0.3317,2,10.192,0,NORMAL
2026-09-14 18:00:00,R1,7.331,10.6,0.6916,7.331,0,0,0.0,0.6916,3,11.717,0,NORMAL
2026-09-14 18:00:00,R2,2.579,8.121,0.3176,2.579,0,0,0.0,0.3176,2,10.196,0,NORMAL
2026-09-14 18:15:00,R1,7.375,10.64,0.6931,7.375,0,0,0.0,0.6931,3,11.673,0,NORMAL
2026-09-14 18:15:00,R2,2.667,8.554,0.3117,2.667,0,0,0.0,0.3117,2,9.679,0,NORMAL
2026-09-14 18:30:00,R1,6.906,10.872,0.6352,6.906,0,0,0.0,0.6352,3,11.424,0,NORMAL
2026-09-14 18:30:00,R2,3.041,8.242,0.3689,3.041,0,0,0.0,0.3689,2,10.046,0,NORMAL
2026-09-14 18:45:00,R1,7.376,11.113,0.6638,7.376,0,0,0.0,0.6638,3,11.176,0,NORMAL
2026-09-14 18:45:00,R2,3.011,8.106,0.3715,3.011,0,0,0.0,0.3715,2,10.215,0,NORMAL
2026-09-14 19:00:00,R1,6.192,10.334,0.5992,6.192,0,0,0.0,0.5992,3,12.018,0,NORMAL
2026-09-14 19:00:00,R2,2.68,7.664,0.3497,2.68,0,0,0.0,0.3497,2,10.803,0,NORMAL
2026-09-14 19:15:00,R1,6.584,10.621,0.6199,6.584,0,0,0.0,0.6199,3,11.694,0,NORMAL
2026-09-14 19:15:00,R2,2.82,8.143,0.3463,2.82,0,0,0.0,0.3463,2,10.169,0,NORMAL
2026-09-14 19:30:00,R1,6.922,10.916,0.6341,6.922,0,0,0.0,0.6341,3,11.378,0,NORMAL
2026-09-14 19:30:00,R2,2.845,7.77,0.3662,2.845,0,0,0.0,0.3662,2,10.656,0,NORMAL
2026-09-14 19:45:00,R1,7.509,10.71,0.7012,7.509,0,0,0.0,0.7012,3,11.597,0,NORMAL
2026-09-14 19:45:00,R2,2.927,8.334,0.3512,2.927,0,0,0.0,0.3512,2,9.935,0,NORMAL
2026-09-14 20:00:00,R1,6.651,11.324,0.5873,6.651,0,0,0.0,0.5873,3,10.968,0,NORMAL
2026-09-14 20:00:00,R2,3.086,8.161,0.3781,3.086,0,0,0.0,0.3781,2,10.146,0,NORMAL
2026-09-14 20:15:00,R1,7.886,10.953,0.72,7.886,0,0,0.0,0.72,3,11.339,0,NORMAL
2026-09-14 20:15:00,R2,2.967,8.206,0.3615,2.967,0,0,0.0,0.3615,2,10.091,0,NORMAL
2026-09-14 20:30:00,R1,6.774,10.967,0.6177,6.774,0,0,0.0,0.6177,3,11.325,0,NORMAL
2026-09-14 20:30:00,R2,2.896,8.182,0.354,2.896,0,0,0.0,0.354,2,10.12,0,NORMAL
2026-09-14 20:45:00,R1,6.993,11.337,0.6168,6.993,0,0,0.0,0.6168,3,10.956,0,NORMAL
2026-09-14 20:45:00,R2,3.005,7.495,0.4009,3.005,0,0,0.0,0.4009,2,11.047,0,NORMAL
2026-09-14 21:00:00,R1,6.764,10.297,0.6569,6.764,0,0,0.0,0.6569,3,12.062,0,NORMAL
2026-09-14 21:00:00,R2,2.963,8.61,0.3441,2.963,0,0,0.0,0.3441,2,9.617,0,NORMAL
2026-09-14 21:15:00,R1,6.861,10.404,0.6594,6.861,0,0,0.0,0.6594,3,11.937,0,NORMAL
2026-09-14 21:15:00,R2,2.972,8.416,0.3531,2.972,0,0,0.0,0.3531,2,9.838,0,NORMAL
2026-09-14 21:30:00,R1,7.186,10.743,0.6689,7.186,0,0,0.0,0.6689,3,11.561,0,NORMAL
2026-09-14 21:30:00,R2,3.067,8.29,0.37,3.067,0,0,0.0,0.37,2,9.988,0,NORMAL
2026-09-14 21:45:00,R1,6.906,10.234,0.6749,6.906,0,0,0.0,0.6749,3,12.136,0,NORMAL
2026-09-14 21:45:00,R2,3.256,8.044,0.4048,3.256,0,0,0.0,0.4048,2,10.294,0,NORMAL
2026-09-14 22:00:00,R1,5.537,11.316,0.4893,5.537,0,0,0.0,0.4893,3,10.975,0,NORMAL
2026-09-14 22:00:00,R2,2.284,7.838,0.2913,2.284,0,0,0.0,0.2913,2,10.563,0,NORMAL
2026-09-14 22:15:00,R1,5.86,10.198,0.5746,5.86,0,0,0.0,0.5746,3,12.179,0,NORMAL
2026-09-14 22:15:00,R2,1.951,8.508,0.2293,1.951,0,0,0.0,0.2293,2,9.732,0,NORMAL
2026-09-14 22:30:00,R1,5.712,10.144,0.5631,5.712,0,0,0.0,0.5631,3,12.244,0,NORMAL
2026-09-14 22:30:00,R2,2.64,4.011,0.6582,2.64,0,0,0.0,0.6582,1,10.322,0,NORMAL
2026-09-14 22:45:00,R1,5.589,10.252,0.5452,5.589,0,0,0.0,0.5452,3,12.114,0,NORMAL
2026-09-14 22:45:00,R2,2.532,7.904,0.3204,2.532,0,0,0.0,0.3204,2,10.476,0,NORMAL
2026-09-14 23:00:00,R1,5.088,10.757,0.473,5.088,0,0,0.0,0.473,3,11.546,0,NORMAL
2026-09-14 23:00:00,R2,2.207,8.011,0.2755,2.207,0,0,0.0,0.2755,2,10.336,0,NORMAL
2026-09-14 23:15:00,R1,5.208,10.898,0.4779,5.208,0,0,0.0,0.4779,3,11.396,0,NORMAL
2026-09-14 23:15:00,R2,2.367,8.031,0.2947,2.367,0,0,0.0,0.2947,2,10.31,0,NORMAL
2026-09-14 23:30:00,R1,5.574,6.715,0.83,5.574,0,0,0.0,0.83,2,12.33,0,WARNING
2026-09-14 23:30:00,R2,2.709,8.275,0.3274,2.709,0,0,0.0,0.3274,2,10.006,0,NORMAL
2026-09-14 23:45:00,R1,4.464,11.091,0.4025,4.464,0,0,0.0,0.4025,3,11.198,0,NORMAL
2026-09-14 23:45:00,R2,2.677,8.241,0.3248,2.677,0,0,0.0,0.3248,2,10.047,0,NORMAL
2026-09-15 00:00:00,R1,5.414,10.67,0.5074,5.414,0,0,0.0,0.5074,3,11.64,0,NORMAL
2026-09-15 00:00:00,R2,2.58,8.149,0.3166,2.58,0,0,0.0,0.3166,2,10.161,0,NORMAL
2026-09-15 00:15:00,R1,5.683,10.437,0.5445,5.683,0,0,0.0,0.5445,3,11.9,0,NORMAL
2026-09-15 00:15:00,R2,2.91,8.038,0.3621,2.91,0,0,0.0,0.3621,2,10.301,0,NORMAL
2026-09-15 00:30:00,R1,5.141,11.032,0.466,5.141,0,0,0.0,0.466,3,11.258,0,NORMAL
2026-09-15 00:30:00,R2,2.919,8.081,0.3612,2.919,0,0,0.0,0.3612,2,10.246,0,NORMAL
2026-09-15 00:45:00,R1,5.07,10.581,0.4792,5.07,0,0,0.0,0.4792,3,11.738,0,NORMAL
2026-09-15 00:45:00,R2,2.169,8.319,0.2608,2.169,0,0,0.0,0.2608,2,9.953,0,NORMAL
2026-09-15 01:00:00,R1,5.462,10.764,0.5074,5.462,0,0,0.0,0.5074,3,11.538,0,NORMAL
2026-09-15 01:00:00,R2,2.693,8.428,0.3195,2.693,0,0,0.0,0.3195,2,9.825,0,NORMAL
2026-09-15 01:15:00,R1,5.092,11.024,0.4619,5.092,0,0,0.0,0.4619,3,11.267,0,NORMAL
2026-09-15 01:15:00,R2,2.595,7.596,0.3416,2.595,0,0,0.0,0.3416,2,10.9,0,NORMAL
2026-09-15 01:30:00,R1,5.56,10.126,0.5491,5.56,0,0,0.0,0.5491,3,12.266,0,NORMAL
2026-09-15 01:30:00,R2,2.32,8.288,0.2799,2.32,0,0,0.0,0.2799,2,9.99,0,NORMAL
2026-09-15 01:45:00,R1,5.28,10.15,0.5203,5.28,0,0,0.0,0.5203,3,12.237,0,NORMAL
2026-09-15 01:45:00,R2,2.791,8.174,0.3414,2.791,0,0,0.0,0.3414,2,10.13,0,NORMAL
2026-09-15 02:00:00,R1,5.591,10.12,0.5525,5.591,0,0,0.0,0.5525,3,12.272,0,NORMAL
2026-09-15 02:00:00,R2,2.665,7.953,0.335,2.665,0,0,0.0,0.335,2,10.411,0,NORMAL
2026-09-15 02:15:00,R1,5.141,10.476,0.4907,5.141,0,0,0.0,0.4907,3,11.856,0,NORMAL
2026-09-15 02:15:00,R2,2.43,8.415,0.2888,2.43,0,0,0.0,0.2888,2,9.84,0,NORMAL
2026-09-15 02:30:00,R1,5.558,10.613,0.5238,5.558,0,0,0.0,0.5238,3,11.703,0,NORMAL
2026-09-15 02:30:00,R2,2.678,7.993,0.335,2.678,0,0,0.0,0.335,2,10.359,0,NORMAL
2026-09-15 02:45:00,R1,4.814,10.413,0.4623,4.814,0,0,0.0,0.4623,3,11.927,0,NORMAL
2026-09-15 02:45:00,R2,3.019,8.132,0.3712,3.019,0,0,0.0,0.3712,2,10.182,0,NORMAL
2026-09-15 03:00:00,R1,5.61,10.598,0.5293,5.61,0,0,0.0,0.5293,3,11.719,0,NORMAL
2026-09-15 03:00:00,R2,2.425,7.968,0.3044,2.425,0,0,0.0,0.3044,2,10.392,0,NORMAL
2026-09-15 03:15:00,R1,5.231,10.892,0.4802,5.231,0,0,0.0,0.4802,3,11.403,0,NORMAL
2026-09-15 03:15:00,R2,2.442,7.829,0.3119,2.442,0,0,0.0,0.3119,2,10.576,0,NORMAL
2026-09-15 03:30:00,R1,5.618,7.132,0.7877,5.618,0,0,0.0,0.7877,2,11.609,0,WARNING
2026-09-15 03:30:00,R2,2.536,7.606,0.3335,2.536,0,0,0.0,0.3335,2,10.886,0,NORMAL
2026-09-15 03:45:00,R1,5.401,11.109,0.4862,5.401,0,0,0.0,0.4862,3,11.18,0,NORMAL
2026-09-15 03:45:00,R2,2.615,8.382,0.312,2.615,0,0,0.0,0.312,2,9.878,0,NORMAL
2026-09-15 04:00:00,R1,6.009,6.583,0.9128,6.009,0,0,0.0,0.9128,2,12.578,0,HIGH
2026-09-15 04:00:00,R2,2.361,8.174,0.2889,2.361,0,0,0.0,0.2889,2,10.129,0,NORMAL
2026-09-15 04:15:00,R1,5.13,10.632,0.4825,5.13,0,0,0.0,0.4825,3,11.682,0,NORMAL
2026-09-15 04:15:00,R2,2.922,3.973,0.7355,2.922,0,0,0.0,0.7355,1,10.421,0,NORMAL
2026-09-15 04:30:00,R1,5.448,11.732,0.4644,5.448,0,0,0.0,0.4644,3,10.587,0,NORMAL
2026-09-15 04:30:00,R2,2.487,7.485,0.3323,2.487,0,0,0.0,0.3323,2,11.062,0,NORMAL
2026-09-15 04:45:00,R1,5.68,10.943,0.5191,5.68,0,0,0.0,0.5191,3,11.35,0,NORMAL
2026-09-15 04:45:00,R2,2.602,8.219,0.3166,2.602,0,0,0.0,0.3166,2,10.074,0,NORMAL
2026-09-15 05:00:00,R1,5.665,10.559,0.5366,5.665,0,0,0.0,0.5366,3,11.763,0,NORMAL
2026-09-15 05:00:00,R2,2.762,8.214,0.3363,2.762,0,0,0.0,0.3363,2,10.08,0,NORMAL
2026-09-15 05:15:00,R1,5.186,10.405,0.4984,5.186,0,0,0.0,0.4984,3,11.937,0,NORMAL
2026-09-15 05:15:00,R2,2.669,8.143,0.3277,2.669,0,0,0.0,0.3277,2,10.169,0,NORMAL
2026-09-15 05:30:00,R1,5.805,10.86,0.5345,5.805,0,0,0.0,0.5345,3,11.436,0,NORMAL
2026-09-15 05:30:00,R2,2.339,8.093,0.289,2.339,0,0,0.0,0.289,2,10.232,0,NORMAL
2026-09-15 05:45:00,R1,5.183,10.804,0.4797,5.183,0,0,0.0,0.4797,3,11.496,0,NORMAL
2026-09-15 05:45:00,R2,2.632,8.345,0.3154,2.632,0,0,0.0,0.3154,2,9.923,0,NORMAL
2026-09-15 06:00:00,R1,6.346,10.532,0.6025,6.346,0,0,0.0,0.6025,3,11.792,0,NORMAL
2026-09-15 06:00:00,R2,3.318,7.941,0.4179,3.318,0,0,0.0,0.4179,2,10.427,0,NORMAL
2026-09-15 06:15:00,R1,6.299,10.796,0.5835,6.299,0,0,0.0,0.5835,3,11.504,0,NORMAL
2026-09-15 06:15:00,R2,3.246,7.643,0.4247,3.246,0,0,0.0,0.4247,2,10.833,0,NORMAL
2026-09-15 06:30:00,R1,6.641,11.008,0.6033,6.641,0,0,0.0,0.6033,3,11.283,0,NORMAL
2026-09-15 06:30:00,R2,2.854,7.619,0.3746,2.854,0,0,0.0,0.3746,2,10.868,0,NORMAL
2026-09-15 06:45:00,R1,6.298,11.639,0.5411,6.298,0,0,0.0,0.5411,3,10.671,0,NORMAL
2026-09-15 06:45:00,R2,2.921,8.166,0.3577,2.921,0,0,0.0,0.3577,2,10.139,0,NORMAL
2026-09-15 07:00:00,R1,6.701,11.014,0.6085,6.701,0,0,0.0,0.6085,3,11.277,0,NORMAL
2026-09-15 07:00:00,R2,2.699,8.071,0.3344,2.699,0,0,0.0,0.3344,2,10.259,0,NORMAL
2026-09-15 07:15:00,R1,6.678,10.841,0.6159,6.678,0,0,0.0,0.6159,3,11.456,0,NORMAL
2026-09-15 07:15:00,R2,3.02,7.869,0.3838,3.02,0,0,0.0,0.3838,2,10.523,0,NORMAL
2026-09-15 07:30:00,R1,6.53,10.566,0.618,6.53,0,0,0.0,0.618,3,11.755,0,NORMAL
2026-09-15 07:30:00,R2,2.998,7.867,0.3811,2.998,0,0,0.0,0.3811,2,10.526,0,NORMAL
2026-09-15 07:45:00,R1,7.059,10.817,0.6526,7.059,0,0,0.0,0.6526,3,11.482,0,NORMAL
2026-09-15 07:45:00,R2,2.694,7.875,0.3421,2.694,0,0,0.0,0.3421,2,10.514,0,NORMAL
2026-09-15 08:00:00,R1,7.104,10.85,0.6547,7.104,0,0,0.0,0.6547,3,11.447,0,NORMAL
2026-09-15 08:00:00,R2,3.359,7.538,0.4455,3.359,0,0,0.0,0.4455,2,10.984,0,NORMAL
2026-09-15 08:15:00,R1,7.421,10.939,0.6784,7.421,0,0,0.0,0.6784,3,11.354,0,NORMAL
2026-09-15 08:15:00,R2,3.191,8.296,0.3846,3.191,0,0,0.0,0.3846,2,9.98,0,NORMAL
2026-09-15 08:30:00,R1,6.951,10.282,0.6761,6.951,0,0,0.0,0.6761,3,12.08,0,NORMAL
2026-09-15 08:30:00,R2,3.264,8.069,0.4046,3.264,0,0,0.0,0.4046,2,10.261,0,NORMAL
2026-09-15 08:45:00,R1,7.173,10.674,0.672,7.173,0,0,0.0,0.672,3,11.636,0,NORMAL
2026-09-15 08:45:00,R2,3.042,8.025,0.379,3.042,0,0,0.0,0.379,2,10.318,0,NORMAL
2026-09-15 09:00:00,R1,6.207,9.553,0.6497,6.207,0,0,0.0,0.6497,3,13.002,0,NORMAL
2026-09-15 09:00:00,R2,2.983,7.793,0.3828,2.983,0,0,0.0,0.3828,2,10.625,0,NORMAL
2026-09-15 09:15:00,R1,7.029,10.582,0.6643,7.029,0,0,0.0,0.6643,3,11.737,0,NORMAL
2026-09-15 09:15:00,R2,3.054,8.504,0.3591,3.054,0,0,0.0,0.3591,2,9.736,0,NORMAL
2026-09-15 09:30:00,R1,6.95,11.321,0.6139,6.95,0,0,0.0,0.6139,3,10.971,0,NORMAL
2026-09-15 09:30:00,R2,2.832,7.883,0.3592,2.832,0,0,0.0,0.3592,2,10.504,0,NORMAL
2026-09-15 09:45:00,R1,6.88,10.66,0.6454,6.88,0,0,0.0,0.6454,3,11.651,0,NORMAL
2026-09-15 09:45:00,R2,2.873,7.92,0.3628,2.873,0,0,0.0,0.3628,2,10.455,0,NORMAL
2026-09-15 10:00:00,R1,7.38,10.638,0.6938,7.38,0,0,0.0,0.6938,3,11.676,0,NORMAL
2026-09-15 10:00:00,R2,2.821,7.777,0.3628,2.821,0,0,0.0,0.3628,2,10.647,0,NORMAL
2026-09-15 10:15:00,R1,6.776,10.87,0.6234,6.776,0,0,0.0,0.6234,3,11.426,0,NORMAL
2026-09-15 10:15:00,R2,3.077,8.221,0.3743,3.077,0,0,0.0,0.3743,2,10.072,0,NORMAL
2026-09-15 10:30:00,R1,7.267,10.662,0.6815,7.267,0,0,0.0,0.6815,3,11.649,0,NORMAL
2026-09-15 10:30:00,R2,2.97,8.421,0.3527,2.97,0,0,0.0,0.3527,2,9.832,0,NORMAL
2026-09-15 10:45:00,R1,7.009,10.618,0.6601,7.009,0,0,0.0,0.6601,3,11.697,0,NORMAL
2026-09-15 10:45:00,R2,2.683,7.706,0.3481,2.683,0,0,0.0,0.3481,2,10.745,0,NORMAL
2026-09-15 11:00:00,R1,7.037,11.031,0.6379,7.037,0,0,0.0,0.6379,3,11.259,0,NORMAL
2026-09-15 11:00:00,R2,2.72,8.769,0.3102,2.72,0,0,0.0,0.3102,2,9.442,0,NORMAL
2026-09-15 11:15:00,R1,7.679,10.363,0.741,7.679,0,0,0.0,0.741,3,11.985,0,NORMAL
2026-09-15 11:15:00,R2,3.106,8.205,0.3785,3.106,0,0,0.0,0.3785,2,10.091,0,NORMAL
2026-09-15 11:30:00,R1,6.1,10.535,0.579,6.1,0,0,0.0,0.579,3,11.789,0,NORMAL
2026-09-15 11:30:00,R2,2.788,7.951,0.3506,2.788,0,0,0.0,0.3506,2,10.414,0,NORMAL
2026-09-15 11:45:00,R1,5.453,10.234,0.5328,5.453,0,0,0.0,0.5328,3,12.136,0,NORMAL
2026-09-15 11:45:00,R2,2.873,7.835,0.3667,2.873,0,0,0.0,0.3667,2,10.567,0,NORMAL
2026-09-15 12:00:00,R1,6.906,10.869,0.6354,6.906,0,0,0.0,0.6354,3,11.427,0,NORMAL
2026-09-15 12:00:00,R2,2.859,7.841,0.3646,2.859,0,0,0.0,0.3646,2,10.56,0,NORMAL
2026-09-15 12:15:00,R1,7.192,10.452,0.6881,7.192,0,0,0.0,0.6881,3,11.883,0,NORMAL
2026-09-15 12:15:00,R2,2.944,7.675,0.3836,2.944,0,0,0.0,0.3836,2,10.788,0,NORMAL
2026-09-15 12:30:00,R1,7.827,10.147,0.7714,7.827,0,0,0.0,0.7714,3,12.24,0,WARNING
2026-09-15 12:30:00,R2,2.787,8.019,0.3476,2.787,0,0,0.0,0.3476,2,10.326,0,NORMAL
2026-09-15 12:45:00,R1,7.444,10.582,0.7034,7.444,0,0,0.0,0.7034,3,11.737,0,NORMAL
2026-09-15 12:45:00,R2,2.634,7.572,0.3478,2.634,0,0,0.0,0.3478,2,10.934,0,NORMAL
2026-09-15 13:00:00,R1,6.865,11.217,0.612,6.865,0,0,0.0,0.612,3,11.073,0,NORMAL
2026-09-15 13:00:00,R2,2.906,7.878,0.3689,2.906,0,0,0.0,0.3689,2,10.511,0,NORMAL
2026-09-15 13:15:00,R1,6.808,6.249,1.0894,6.249,0,0.559,0.0,1.0894,2,13.249,0,HIGH
2026-09-15 13:15:00,R2,2.909,3.866,0.7524,2.909,0,0,0.0,0.7524,1,10.709,0,WARNING
2026-09-15 13:30:00,R1,7.327,10.339,0.7087,7.886,0.559,0,0.811,0.7627,3,12.013,0,WARNING
2026-09-15 13:30:00,R2,3.061,7.98,0.3836,3.061,0,0,0.0,0.3836,2,10.375,0,NORMAL
2026-09-15 13:45:00,R1,6.963,10.476,0.6647,6.963,0,0,0.0,0.6647,3,11.856,0,NORMAL
2026-09-15 13:45:00,R2,2.885,8.234,0.3504,2.885,0,0,0.0,0.3504,2,10.056,0,NORMAL
2026-09-15 14:00:00,R1,7.942,10.374,0.7655,7.942,0,0,0.0,0.7655,3,11.972,0,WARNING
2026-09-15 14:00:00,R2,2.733,8.083,0.3382,2.733,0,0,0.0,0.3382,2,10.244,0,NORMAL
2026-09-15 14:15:00,R1,7.696,10.986,0.7005,7.696,0,0,0.0,0.7005,3,11.305,0,NORMAL
2026-09-15 14:15:00,R2,3.134,8.278,0.3786,3.134,0,0,0.0,0.3786,2,10.003,0,NORMAL
2026-09-15 14:30:00,R1,7.146,10.439,0.6845,7.146,0,0,0.0,0.6845,3,11.897,0,NORMAL
2026-09-15 14:30:00,R2,3.053,8.017,0.3808,3.053,0,0,0.0,0.3808,2,10.328,0,NORMAL
2026-09-15 14:45:00,R1,8.099,9.976,0.8119,8.099,0,0,0.0,0.8119,3,12.45,0,WARNING
2026-09-15 14:45:00,R2,3.09,7.805,0.3959,3.09,0,0,0.0,0.3959,2,10.608,0,NORMAL
2026-09-15 15:00:00,R1,7.956,6.366,1.2498,6.366,0,1.59,0.0,1.2498,2,13.007,0,HIGH
2026-09-15 15:00:00,R2,2.796,8.128,0.3441,2.796,0,0,0.0,0.3441,2,10.187,0,NORMAL
2026-09-15 15:15:00,R1,7.714,10.23,0.7541,9.304,1.59,0,2.331,0.9095,3,12.141,0,HIGH
2026-09-15 15:15:00,R2,2.604,7.802,0.3338,2.604,0,0,0.0,0.3338,2,10.612,0,NORMAL
2026-09-15 15:30:00,R1,7.284,10.498,0.6939,7.284,0,0,0.0,0.6939,3,11.831,0,NORMAL
2026-09-15 15:30:00,R2,2.622,7.727,0.3394,2.622,0,0,0.0,0.3394,2,10.716,0,NORMAL
2026-09-15 15:45:00,R1,7.406,6.244,1.1861,6.244,0,1.162,0.0,1.1861,2,13.261,0,HIGH
2026-09-15 15:45:00,R2,2.69,8.04,0.3346,2.69,0,0,0.0,0.3346,2,10.299,0,NORMAL
2026-09-15 16:00:00,R1,7.36,11.064,0.6652,8.522,1.162,0,1.576,0.7703,3,11.226,0,WARNING
2026-09-15 16:00:00,R2,2.717,8.565,0.3172,2.717,0,0,0.0,0.3172,2,9.667,0,NORMAL
2026-09-15 16:15:00,R1,7.309,10.833,0.6747,7.309,0,0,0.0,0.6747,3,11.465,0,NORMAL
2026-09-15 16:15:00,R2,3.037,8.26,0.3677,3.037,0,0,0.0,0.3677,2,10.025,0,NORMAL
2026-09-15 16:30:00,R1,7.517,10.508,0.7154,7.517,0,0,0.0,0.7154,3,11.82,0,NORMAL
2026-09-15 16:30:00,R2,2.892,8.331,0.3472,2.892,0,0,0.0,0.3472,2,9.939,0,NORMAL
2026-09-15 16:45:00,R1,6.88,11.018,0.6244,6.88,0,0,0.0,0.6244,3,11.273,0,NORMAL
2026-09-15 16:45:00,R2,2.749,7.969,0.345,2.749,0,0,0.0,0.345,2,10.39,0,NORMAL
2026-09-15 17:00:00,R1,7.078,10.751,0.6584,7.078,0,0,0.0,0.6584,3,11.553,0,NORMAL
2026-09-15 17:00:00,R2,2.403,7.798,0.3082,2.403,0,0,0.0,0.3082,2,10.618,0,NORMAL
2026-09-15 17:15:00,R1,7.747,10.206,0.7591,7.747,0,0,0.0,0.7591,3,12.169,0,WARNING
2026-09-15 17:15:00,R2,3.22,7.911,0.407,3.22,0,0,0.0,0.407,2,10.466,0,NORMAL
2026-09-15 17:30:00,R1,6.965,10.528,0.6615,6.965,0,0,0.0,0.6615,3,11.797,0,NORMAL
2026-09-15 17:30:00,R2,2.472,8.098,0.3052,2.472,0,0,0.0,0.3052,2,10.225,0,NORMAL
2026-09-15 17:45:00,R1,6.977,11.276,0.6187,6.977,0,0,0.0,0.6187,3,11.014,0,NORMAL
2026-09-15 17:45:00,R2,2.911,4.303,0.6766,2.911,0,0,0.0,0.6766,1,9.621,0,NORMAL
2026-09-15 18:00:00,R1,7.232,10.896,0.6637,7.232,0,0,0.0,0.6637,3,11.399,0,NORMAL
2026-09-15 18:00:00,R2,2.985,7.714,0.3869,2.985,0,0,0.0,0.3869,2,10.733,0,NORMAL
2026-09-15 18:15:00,R1,6.904,10.03,0.6883,6.904,0,0,0.0,0.6883,3,12.382,0,NORMAL
2026-09-15 18:15:00,R2,2.94,7.477,0.3931,2.94,0,0,0.0,0.3931,2,11.073,0,NORMAL
2026-09-15 18:30:00,R1,6.759,10.411,0.6492,6.759,0,0,0.0,0.6492,3,11.93,0,NORMAL
2026-09-15 18:30:00,R2,3.013,7.921,0.3804,3.013,0,0,0.0,0.3804,2,10.453,0,NORMAL
2026-09-15 18:45:00,R1,6.856,10.466,0.6551,6.856,0,0,0.0,0.6551,3,11.867,0,NORMAL
2026-09-15 18:45:00,R2,2.704,8.202,0.3297,2.704,0,0,0.0,0.3297,2,10.095,0,NORMAL
2026-09-15 19:00:00,R1,6.644,11.001,0.604,6.644,0,0,0.0,0.604,3,11.289,0,NORMAL
2026-09-15 19:00:00,R2,3.282,8.177,0.4014,3.282,0,0,0.0,0.4014,2,10.126,0,NORMAL
2026-09-15 19:15:00,R1,6.861,11.971,0.5731,6.861,0,0,0.0,0.5731,3,10.375,0,NORMAL
2026-09-15 19:15:00,R2,2.725,8.081,0.3372,2.725,0,0,0.0,0.3372,2,10.246,0,NORMAL
2026-09-15 19:30:00,R1,7.362,10.59,0.6952,7.362,0,0,0.0,0.6952,3,11.728,0,NORMAL
2026-09-15 19:30:00,R2,3.011,8.698,0.3462,3.011,0,0,0.0,0.3462,2,9.519,0,NORMAL
2026-09-15 19:45:00,R1,7.04,10.882,0.6469,7.04,0,0,0.0,0.6469,3,11.413,0,NORMAL
2026-09-15 19:45:00,R2,2.897,8.536,0.3394,2.897,0,0,0.0,0.3394,2,9.7,0,NORMAL
2026-09-15 20:00:00,R1,7.604,9.83,0.7735,7.604,0,0,0.0,0.7735,3,12.635,0,WARNING
2026-09-15 20:00:00,R2,3.065,8.239,0.372,3.065,0,0,0.0,0.372,2,10.05,0,NORMAL
2026-09-15 20:15:00,R1,7.305,10.619,0.6879,7.305,0,0,0.0,0.6879,3,11.696,0,NORMAL
2026-09-15 20:15:00,R2,2.839,7.787,0.3646,2.839,0,0,0.0,0.3646,2,10.633,0,NORMAL
2026-09-15 20:30:00,R1,7.014,10.48,0.6692,7.014,0,0,0.0,0.6692,3,11.851,0,NORMAL
2026-09-15 20:30:00,R2,3.185,8.323,0.3827,3.185,0,0,0.0,0.3827,2,9.948,0,NORMAL
2026-09-15 20:45:00,R1,7.011,11.311,0.6199,7.011,0,0,0.0,0.6199,3,10.981,0,NORMAL
2026-09-15 20:45:00,R2,2.848,7.712,0.3693,2.848,0,0,0.0,0.3693,2,10.736,0,NORMAL
2026-09-15 21:00:00,R1,7.53,10.911,0.6901,7.53,0,0,0.0,0.6901,3,11.383,0,NORMAL
2026-09-15 21:00:00,R2,3.4,8.375,0.4059,3.4,0,0,0.0,0.4059,2,9.886,0,NORMAL
2026-09-15 21:15:00,R1,6.813,10.89,0.6256,6.813,0,0,0.0,0.6256,3,11.405,0,NORMAL
2026-09-15 21:15:00,R2,3.113,7.544,0.4127,3.113,0,0,0.0,0.4127,2,10.975,0,NORMAL
2026-09-15 21:30:00,R1,7.586,11.506,0.6593,7.586,0,0,0.0,0.6593,3,10.794,0,NORMAL
2026-09-15 21:30:00,R2,3.05,8.04,0.3793,3.05,0,0,0.0,0.3793,2,10.298,0,NORMAL
2026-09-15 21:45:00,R1,7.135,11.002,0.6485,7.135,0,0,0.0,0.6485,3,11.288,0,NORMAL
2026-09-15 21:45:00,R2,3.095,7.566,0.4091,3.095,0,0,0.0,0.4091,2,10.944,0,NORMAL
2026-09-15 22:00:00,R1,5.492,11.731,0.4681,5.492,0,0,0.0,0.4681,3,10.587,0,NORMAL
2026-09-15 22:00:00,R2,2.288,8.129,0.2815,2.288,0,0,0.0,0.2815,2,10.186,0,NORMAL
2026-09-15 22:15:00,R1,5.073,10.759,0.4715,5.073,0,0,0.0,0.4715,3,11.544,0,NORMAL
2026-09-15 22:15:00,R2,2.512,7.997,0.3141,2.512,0,0,0.0,0.3141,2,10.353,0,NORMAL
2026-09-15 22:30:00,R1,5.623,10.685,0.5263,5.623,0,0,0.0,0.5263,3,11.624,0,NORMAL
2026-09-15 22:30:00,R2,2.645,8.876,0.298,2.645,0,0,0.0,0.298,2,9.328,0,NORMAL
2026-09-15 22:45:00,R1,5.114,10.351,0.4941,5.114,0,0,0.0,0.4941,3,11.999,0,NORMAL
2026-09-15 22:45:00,R2,2.314,8.147,0.2841,2.314,0,0,0.0,0.2841,2,10.163,0,NORMAL
2026-09-15 23:00:00,R1,5.003,11.432,0.4376,5.003,0,0,0.0,0.4376,3,10.864,0,NORMAL
2026-09-15 23:00:00,R2,2.282,8.092,0.2821,2.282,0,0,0.0,0.2821,2,10.233,0,NORMAL
2026-09-15 23:15:00,R1,5.394,10.342,0.5216,5.394,0,0,0.0,0.5216,3,12.01,0,NORMAL
2026-09-15 23:15:00,R2,2.284,8.154,0.2801,2.284,0,0,0.0,0.2801,2,10.155,0,NORMAL
2026-09-15 23:30:00,R1,5.148,11.092,0.4641,5.148,0,0,0.0,0.4641,3,11.197,0,NORMAL
2026-09-15 23:30:00,R2,2.216,8.068,0.2747,2.216,0,0,0.0,0.2747,2,10.263,0,NORMAL
2026-09-15 23:45:00,R1,5.619,10.601,0.53,5.619,0,0,0.0,0.53,3,11.716,0,NORMAL
2026-09-15 23:45:00,R2,2.551,7.869,0.3241,2.551,0,0,0.0,0.3241,2,10.522,0,NORMAL
2026-09-16 00:00:00,R1,5.554,10.838,0.5125,5.554,0,0,0.0,0.5125,3,11.46,0,NORMAL
2026-09-16 00:00:00,R2,2.75,8.412,0.3269,2.75,0,0,0.0,0.3269,2,9.843,0,NORMAL
2026-09-16 00:15:00,R1,5.103,10.445,0.4885,5.103,0,0,0.0,0.4885,3,11.891,0,NORMAL
2026-09-16 00:15:00,R2,2.581,7.866,0.3282,2.581,0,0,0.0,0.3282,2,10.527,0,NORMAL
2026-09-16 00:30:00,R1,5.609,10.88,0.5155,5.609,0,0,0.0,0.5155,3,11.416,0,NORMAL
2026-09-16 00:30:00,R2,2.818,8.166,0.345,2.818,0,0,0.0,0.345,2,10.139,0,NORMAL
2026-09-16 00:45:00,R1,5.89,10.54,0.5589,5.89,0,0,0.0,0.5589,3,11.784,0,NORMAL
2026-09-16 00:45:00,R2,2.566,7.95,0.3227,2.566,0,0,0.0,0.3227,2,10.416,0,NORMAL
2026-09-16 01:00:00,R1,5.018,11.248,0.4462,5.018,0,0,0.0,0.4462,3,11.042,0,NORMAL
2026-09-16 01:00:00,R2,2.459,8.577,0.2867,2.459,0,0,0.0,0.2867,2,9.654,0,NORMAL
2026-09-16 01:15:00,R1,4.825,10.311,0.468,4.825,0,0,0.0,0.468,3,12.045,0,NORMAL
2026-09-16 01:15:00,R2,2.6,8.023,0.324,2.6,0,0,0.0,0.324,2,10.32,0,NORMAL
2026-09-16 01:30:00,R1,5.599,10.663,0.5251,5.599,0,0,0.0,0.5251,3,11.648,0,NORMAL
2026-09-16 01:30:00,R2,2.125,7.88,0.2696,2.125,0,0,0.0,0.2696,2,10.507,0,NORMAL
2026-09-16 01:45:00,R1,6.075,10.925,0.5561,6.075,0,0,0.0,0.5561,3,11.369,0,NORMAL
2026-09-16 01:45:00,R2,2.478,7.82,0.3169,2.478,0,0,0.0,0.3169,2,10.588,0,NORMAL
2026-09-16 02:00:00,R1,5.45,11.012,0.4949,5.45,0,0,0.0,0.4949,3,11.279,0,NORMAL
2026-09-16 02:00:00,R2,2.442,4.001,0.6104,2.442,0,0,0.0,0.6104,1,10.347,0,NORMAL
2026-09-16 02:15:00,R1,5.399,10.499,0.5142,5.399,0,0,0.0,0.5142,3,11.83,0,NORMAL
2026-09-16 02:15:00,R2,2.499,8.425,0.2966,2.499,0,0,0.0,0.2966,2,9.828,0,NORMAL
2026-09-16 02:30:00,R1,5.686,6.904,0.8236,5.686,0,0,0.0,0.8236,2,11.993,0,WARNING
2026-09-16 02:30:00,R2,2.397,8.121,0.2952,2.397,0,0,0.0,0.2952,2,10.196,0,NORMAL
2026-09-16 02:45:00,R1,5.683,10.703,0.531,5.683,0,0,0.0,0.531,3,11.605,0,NORMAL
2026-09-16 02:45:00,R2,2.955,8.211,0.3599,2.955,0,0,0.0,0.3599,2,10.084,0,NORMAL
2026-09-16 03:00:00,R1,5.812,10.432,0.5572,5.812,0,0,0.0,0.5572,3,11.906,0,NORMAL
2026-09-16 03:00:00,R2,2.519,7.691,0.3275,2.519,0,0,0.0,0.3275,2,10.766,0,NORMAL
2026-09-16 03:15:00,R1,5.465,10.512,0.5199,5.465,0,0,0.0,0.5199,3,11.815,0,NORMAL
2026-09-16 03:15:00,R2,2.7,8.548,0.3159,2.7,0,0,0.0,0.3159,2,9.686,0,NORMAL
2026-09-16 03:30:00,R1,5.549,11.555,0.4803,5.549,0,0,0.0,0.4803,3,10.749,0,NORMAL
2026-09-16 03:30:00,R2,2.518,7.825,0.3217,2.518,0,0,0.0,0.3217,2,10.581,0,NORMAL
2026-09-16 03:45:00,R1,5.443,10.712,0.5081,5.443,0,0,0.0,0.5081,3,11.594,0,NORMAL
2026-09-16 03:45:00,R2,2.389,8.266,0.289,2.389,0,0,0.0,0.289,2,10.018,0,NORMAL
2026-09-16 04:00:00,R1,5.522,10.931,0.5052,5.522,0,0,0.0,0.5052,3,11.362,0,NORMAL
2026-09-16 04:00:00,R2,2.589,8.071,0.3208,2.589,0,0,0.0,0.3208,2,10.259,0,NORMAL
2026-09-16 04:15:00,R1,5.522,6.952,0.7942,5.522,0,0,0.0,0.7942,2,11.91,0,WARNING
2026-09-16 04:15:00,R2,2.461,8.147,0.3021,2.461,0,0,0.0,0.3021,2,10.163,0,NORMAL
2026-09-16 04:30:00,R1,5.114,7.0,0.7306,5.114,0,0,0.0,0.7306,2,11.829,0,NORMAL
2026-09-16 04:30:00,R2,2.085,7.812,0.2669,2.085,0,0,0.0,0.2669,2,10.599,0,NORMAL
2026-09-16 04:45:00,R1,5.533,7.005,0.7899,5.533,0,0,0.0,0.7899,2,11.82,0,WARNING
2026-09-16 04:45:00,R2,2.753,7.847,0.3509,2.753,0,0,0.0,0.3509,2,10.552,0,NORMAL
2026-09-16 05:00:00,R1,5.401,10.643,0.5075,5.401,0,0,0.0,0.5075,3,11.67,0,NORMAL
2026-09-16 05:00:00,R2,2.479,8.347,0.297,2.479,0,0,0.0,0.297,2,9.92,0,NORMAL
2026-09-16 05:15:00,R1,5.098,10.657,0.4784,5.098,0,0,0.0,0.4784,3,11.654,0,NORMAL
2026-09-16 05:15:00,R2,2.672,7.91,0.3377,2.672,0,0,0.0,0.3377,2,10.467,0,NORMAL
2026-09-16 05:30:00,R1,5.906,10.553,0.5597,5.906,0,0,0.0,0.5597,3,11.77,0,NORMAL
2026-09-16 05:30:00,R2,2.775,8.09,0.343,2.775,0,0,0.0,0.343,2,10.235,0,NORMAL
2026-09-16 05:45:00,R1,5.716,10.777,0.5303,5.716,0,0,0.0,0.5303,3,11.524,0,NORMAL
2026-09-16 05:45:00,R2,2.289,8.417,0.2719,2.289,0,0,0.0,0.2719,2,9.838,0,NORMAL
2026-09-16 06:00:00,R1,6.884,10.96,0.6281,6.884,0,0,0.0,0.6281,3,11.332,0,NORMAL
2026-09-16 06:00:00,R2,3.269,3.565,0.9169,3.269,0,0,0.0,0.9169,1,11.612,0,HIGH
2026-09-16 06:15:00,R1,6.568,10.398,0.6317,6.568,0,0,0.0,0.6317,3,11.945,0,NORMAL
2026-09-16 06:15:00,R2,3.468,8.031,0.4319,3.468,0,0,0.0,0.4319,2,10.31,0,NORMAL
2026-09-16 06:30:00,R1,6.633,10.447,0.6349,6.633,0,0,0.0,0.6349,3,11.888,0,NORMAL
2026-09-16 06:30:00,R2,3.17,7.841,0.4043,3.17,0,0,0.0,0.4043,2,10.56,0,NORMAL
2026-09-16 06:45:00,R1,6.461,10.481,0.6164,6.461,0,0,0.0,0.6164,3,11.85,0,NORMAL
2026-09-16 06:45:00,R2,3.429,8.028,0.4272,3.429,0,0,0.0,0.4272,2,10.314,0,NORMAL
2026-09-16 07:00:00,R1,6.524,10.994,0.5934,6.524,0,0,0.0,0.5934,3,11.297,0,NORMAL
2026-09-16 07:00:00,R2,3.39,7.54,0.4495,3.39,0,0,0.0,0.4495,2,10.981,0,NORMAL
2026-09-16 07:15:00,R1,7.483,10.088,0.7418,7.483,0,0,0.0,0.7418,3,12.312,0,NORMAL
2026-09-16 07:15:00,R2,2.652,7.904,0.3355,2.652,0,0,0.0,0.3355,2,10.475,0,NORMAL
2026-09-16 07:30:00,R1,7.152,10.972,0.6518,7.152,0,0,0.0,0.6518,3,11.32,0,NORMAL
2026-09-16 07:30:00,R2,3.037,8.165,0.3719,3.037,0,0,0.0,0.3719,2,10.14,0,NORMAL
2026-09-16 07:45:00,R1,6.971,11.082,0.6291,6.971,0,0,0.0,0.6291,3,11.208,0,NORMAL
2026-09-16 07:45:00,R2,3.443,8.157,0.422,3.443,0,0,0.0,0.422,2,10.15,0,NORMAL
2026-09-16 08:00:00,R1,6.65,10.519,0.6322,6.65,0,0,0.0,0.6322,3,11.807,0,NORMAL
2026-09-16 08:00:00,R2,3.187,7.655,0.4163,3.187,0,0,0.0,0.4163,2,10.816,0,NORMAL
2026-09-16 08:15:00,R1,6.671,10.631,0.6275,6.671,0,0,0.0,0.6275,3,11.683,0,NORMAL
2026-09-16 08:15:00,R2,3.107,7.998,0.3884,3.107,0,0,0.0,0.3884,2,10.353,0,NORMAL
2026-09-16 08:30:00,R1,7.14,10.675,0.6689,7.14,0,0,0.0,0.6689,3,11.634,0,NORMAL
2026-09-16 08:30:00,R2,3.022,8.155,0.3706,3.022,0,0,0.0,0.3706,2,10.153,0,NORMAL
2026-09-16 08:45:00,R1,7.242,10.604,0.6829,7.242,0,0,0.0,0.6829,3,11.713,0,NORMAL
2026-09-16 08:45:00,R2,2.947,7.979,0.3694,2.947,0,0,0.0,0.3694,2,10.378,0,NORMAL
2026-09-16 09:00:00,R1,6.841,10.48,0.6528,6.841,0,0,0.0,0.6528,3,11.851,0,NORMAL
2026-09-16 09:00:00,R2,2.523,7.649,0.3299,2.523,0,0,0.0,0.3299,2,10.825,0,NORMAL
2026-09-16 09:15:00,R1,7.357,10.722,0.6861,7.357,0,0,0.0,0.6861,3,11.583,0,NORMAL
2026-09-16 09:15:00,R2,3.089,8.069,0.3828,3.089,0,0,0.0,0.3828,2,10.262,0,NORMAL
2026-09-16 09:30:00,R1,7.323,11.051,0.6626,7.323,0,0,0.0,0.6626,3,11.239,0,NORMAL
2026-09-16 09:30:00,R2,2.884,7.833,0.3682,2.884,0,0,0.0,0.3682,2,10.57,0,NORMAL
2026-09-16 09:45:00,R1,6.736,10.555,0.6382,6.736,0,0,0.0,0.6382,3,11.767,0,NORMAL
2026-09-16 09:45:00,R2,3.389,7.994,0.4239,3.389,0,0,0.0,0.4239,2,10.358,0,NORMAL
2026-09-16 10:00:00,R1,6.521,10.486,0.6219,6.521,0,0,0.0,0.6219,3,11.844,0,NORMAL
2026-09-16 10:00:00,R2,3.123,8.056,0.3877,3.123,0,0,0.0,0.3877,2,10.279,0,NORMAL
2026-09-16 10:15:00,R1,7.186,10.866,0.6613,7.186,0,0,0.0,0.6613,3,11.43,0,NORMAL
2026-09-16 10:15:00,R2,3.243,8.613,0.3766,3.243,0,0,0.0,0.3766,2,9.614,0,NORMAL
2026-09-16 10:30:00,R1,7.362,10.864,0.6776,7.362,0,0,0.0,0.6776,3,11.432,0,NORMAL
2026-09-16 10:30:00,R2,3.208,8.064,0.3979,3.208,0,0,0.0,0.3979,2,10.268,0,NORMAL
2026-09-16 10:45:00,R1,6.813,10.877,0.6264,6.813,0,0,0.0,0.6264,3,11.419,0,NORMAL
2026-09-16 10:45:00,R2,2.793,8.122,0.3439,2.793,0,0,0.0,0.3439,2,10.195,0,NORMAL
2026-09-16 11:00:00,R1,6.911,10.757,0.6425,6.911,0,0,0.0,0.6425,3,11.546,0,NORMAL
2026-09-16 11:00:00,R2,2.958,8.342,0.3546,2.958,0,0,0.0,0.3546,2,9.925,0,NORMAL
2026-09-16 11:15:00,R1,7.336,10.783,0.6804,7.336,0,0,0.0,0.6804,3,11.518,0,NORMAL
2026-09-16 11:15:00,R2,2.943,7.884,0.3732,2.943,0,0,0.0,0.3732,2,10.503,0,NORMAL
2026-09-16 11:30:00,R1,6.428,10.246,0.6273,6.428,0,0,0.0,0.6273,3,12.122,0,NORMAL
2026-09-16 11:30:00,R2,3.02,8.183,0.3691,3.02,0,0,0.0,0.3691,2,10.119,0,NORMAL
2026-09-16 11:45:00,R1,6.53,10.844,0.6022,6.53,0,0,0.0,0.6022,3,11.453,0,NORMAL
2026-09-16 11:45:00,R2,2.769,7.584,0.3652,2.769,0,0,0.0,0.3652,2,10.917,0,NORMAL
2026-09-16 12:00:00,R1,7.09,10.119,0.7006,7.09,0,0,0.0,0.7006,3,12.274,0,NORMAL
2026-09-16 12:00:00,R2,2.826,8.1,0.3489,2.826,0,0,0.0,0.3489,2,10.222,0,NORMAL
2026-09-16 12:15:00,R1,7.403,11.022,0.6716,7.403,0,0,0.0,0.6716,3,11.268,0,NORMAL
2026-09-16 12:15:00,R2,2.604,8.467,0.3075,2.604,0,0,0.0,0.3075,2,9.779,0,NORMAL
2026-09-16 12:30:00,R1,7.049,10.348,0.6812,7.049,0,0,0.0,0.6812,3,12.003,0,NORMAL
2026-09-16 12:30:00,R2,2.713,7.714,0.3517,2.713,0,0,0.0,0.3517,2,10.733,0,NORMAL
2026-09-16 12:45:00,R1,7.326,10.429,0.7025,7.326,0,0,0.0,0.7025,3,11.91,0,NORMAL
2026-09-16 12:45:00,R2,2.593,8.587,0.302,2.593,0,0,0.0,0.302,2,9.643,0,NORMAL
2026-09-16 13:00:00,R1,7.21,10.568,0.6822,7.21,0,0,0.0,0.6822,3,11.752,0,NORMAL
2026-09-16 13:00:00,R2,3.2,7.876,0.4063,3.2,0,0,0.0,0.4063,2,10.513,0,NORMAL
2026-09-16 13:15:00,R1,7.039,10.885,0.6467,7.039,0,0,0.0,0.6467,3,11.411,0,NORMAL
2026-09-16 13:15:00,R2,2.699,7.844,0.3441,2.699,0,0,0.0,0.3441,2,10.556,0,NORMAL
2026-09-16 13:30:00,R1,6.958,10.758,0.6468,6.958,0,0,0.0,0.6468,3,11.545,0,NORMAL
2026-09-16 13:30:00,R2,3.214,8.098,0.3969,3.214,0,0,0.0,0.3969,2,10.224,0,NORMAL
2026-09-16 13:45:00,R1,7.366,10.438,0.7057,7.366,0,0,0.0,0.7057,3,11.899,0,NORMAL
2026-09-16 13:45:00,R2,2.832,8.118,0.3488,2.832,0,0,0.0,0.3488,2,10.2,0,NORMAL
2026-09-16 14:00:00,R1,7.631,10.049,0.7593,7.631,0,0,0.0,0.7593,3,12.359,0,WARNING
2026-09-16 14:00:00,R2,3.096,8.035,0.3853,3.096,0,0,0.0,0.3853,2,10.305,0,NORMAL
2026-09-16 14:15:00,R1,7.599,10.529,0.7217,7.599,0,0,0.0,0.7217,3,11.796,0,NORMAL
2026-09-16 14:15:00,R2,2.983,8.072,0.3695,2.983,0,0,0.0,0.3695,2,10.258,0,NORMAL
2026-09-16 14:30:00,R1,7.611,10.269,0.7411,7.611,0,0,0.0,0.7411,3,12.095,0,NORMAL
2026-09-16 14:30:00,R2,2.918,7.864,0.371,2.918,0,0,0.0,0.371,2,10.529,0,NORMAL
2026-09-16 14:45:00,R1,7.36,10.929,0.6735,7.36,0,0,0.0,0.6735,3,11.365,0,NORMAL
2026-09-16 14:45:00,R2,2.83,8.304,0.3407,2.83,0,0,0.0,0.3407,2,9.971,0,NORMAL
2026-09-16 15:00:00,R1,7.733,9.643,0.8019,7.733,0,0,0.0,0.8019,3,12.88,0,WARNING
2026-09-16 15:00:00,R2,2.667,4.141,0.6441,2.667,0,0,0.0,0.6441,1,9.998,0,NORMAL
2026-09-16 15:15:00,R1,7.884,11.003,0.7165,7.884,0,0,0.0,0.7165,3,11.287,0,NORMAL
2026-09-16 15:15:00,R2,3.007,8.015,0.3752,3.007,0,0,0.0,0.3752,2,10.331,0,NORMAL
2026-09-16 15:30:00,R1,7.682,6.006,1.279,6.006,0,1.676,0.0,1.25,2,13.786,0,HIGH
2026-09-16 15:30:00,R2,2.424,8.252,0.2937,2.424,0,0,0.0,0.2937,2,10.034,0,NORMAL
2026-09-16 15:45:00,R1,7.384,10.378,0.7115,9.06,1.676,0,2.422,0.873,3,11.968,0,WARNING
2026-09-16 15:45:00,R2,3.205,8.281,0.3871,3.205,0,0,0.0,0.3871,2,9.999,0,NORMAL
2026-09-16 16:00:00,R1,7.081,10.609,0.6675,7.081,0,0,0.0,0.6675,3,11.708,0,NORMAL
2026-09-16 16:00:00,R2,2.657,7.885,0.3369,2.657,0,0,0.0,0.3369,2,10.501,0,NORMAL
2026-09-16 16:15:00,R1,7.748,10.847,0.7143,7.748,0,0,0.0,0.7143,3,11.451,0,NORMAL
2026-09-16 16:15:00,R2,2.915,8.229,0.3543,2.915,0,0,0.0,0.3543,2,10.062,0,NORMAL
2026-09-16 16:30:00,R1,7.064,11.342,0.6229,7.064,0,0,0.0,0.6229,3,10.951,0,NORMAL
2026-09-16 16:30:00,R2,2.658,8.101,0.3281,2.658,0,0,0.0,0.3281,2,10.221,0,NORMAL
2026-09-16 16:45:00,R1,7.363,10.609,0.694,7.363,0,0,0.0,0.694,3,11.707,0,NORMAL
2026-09-16 16:45:00,R2,2.83,8.03,0.3524,2.83,0,0,0.0,0.3524,2,10.312,0,NORMAL
2026-09-16 17:00:00,R1,7.418,10.696,0.6935,7.418,0,0,0.0,0.6935,3,11.612,0,NORMAL
2026-09-16 17:00:00,R2,2.926,8.297,0.3527,2.926,0,0,0.0,0.3527,2,9.979,0,NORMAL
2026-09-16 17:15:00,R1,7.192,10.763,0.6683,7.192,0,0,0.0,0.6683,3,11.539,0,NORMAL
2026-09-16 17:15:00,R2,2.867,8.025,0.3573,2.867,0,0,0.0,0.3573,2,10.318,0,NORMAL
2026-09-16 17:30:00,R1,7.533,6.488,1.1611,6.488,0,1.045,0.0,1.1611,2,12.762,0,HIGH
2026-09-16 17:30:00,R2,2.996,8.149,0.3677,2.996,0,0,0.0,0.3677,2,10.161,0,NORMAL
2026-09-16 17:45:00,R1,7.173,6.254,1.147,6.254,1.045,1.965,2.507,1.25,2,13.24,0,HIGH
2026-09-16 17:45:00,R2,2.874,8.303,0.3461,2.874,0,0,0.0,0.3461,2,9.972,0,NORMAL
2026-09-16 18:00:00,R1,7.611,9.783,0.778,9.575,1.965,0,3.012,0.9788,3,12.695,0,HIGH
2026-09-16 18:00:00,R2,2.511,7.914,0.3173,2.511,0,0,0.0,0.3173,2,10.463,0,NORMAL
2026-09-16 18:15:00,R1,6.796,10.663,0.6374,6.796,0,0,0.0,0.6374,3,11.648,0,NORMAL
2026-09-16 18:15:00,R2,2.72,8.22,0.3308,2.72,0,0,0.0,0.3308,2,10.073,0,NORMAL
2026-09-16 18:30:00,R1,7.265,10.756,0.6754,7.265,0,0,0.0,0.6754,3,11.547,0,NORMAL
2026-09-16 18:30:00,R2,2.885,8.278,0.3485,2.885,0,0,0.0,0.3485,2,10.003,0,NORMAL
2026-09-16 18:45:00,R1,7.892,9.857,0.8006,7.892,0,0,0.0,0.8006,3,12.6,0,WARNING
2026-09-16 18:45:00,R2,2.749,7.961,0.3453,2.749,0,0,0.0,0.3453,2,10.4,0,NORMAL
2026-09-16 19:00:00,R1,6.272,10.504,0.5971,6.272,0,0,0.0,0.5971,3,11.824,0,NORMAL
2026-09-16 19:00:00,R2,2.681,8.408,0.3189,2.681,0,0,0.0,0.3189,2,9.848,0,NORMAL
2026-09-16 19:15:00,R1,6.323,10.724,0.5896,6.323,0,0,0.0,0.5896,3,11.581,0,NORMAL
2026-09-16 19:15:00,R2,2.904,7.8,0.3723,2.904,0,0,0.0,0.3723,2,10.616,0,NORMAL
2026-09-16 19:30:00,R1,7.343,10.456,0.7022,7.343,0,0,0.0,0.7022,3,11.878,0,NORMAL
2026-09-16 19:30:00,R2,2.938,7.452,0.3943,2.938,0,0,0.0,0.3943,2,11.112,0,NORMAL
2026-09-16 19:45:00,R1,7.538,10.891,0.6921,7.538,0,0,0.0,0.6921,3,11.404,0,NORMAL
2026-09-16 19:45:00,R2,2.722,8.614,0.316,2.722,0,0,0.0,0.316,2,9.612,0,NORMAL
2026-09-16 20:00:00,R1,7.189,10.233,0.7025,7.189,0,0,0.0,0.7025,3,12.138,0,NORMAL
2026-09-16 20:00:00,R2,2.952,7.605,0.3882,2.952,0,0,0.0,0.3882,2,10.887,0,NORMAL
2026-09-16 20:15:00,R1,7.235,11.472,0.6307,7.235,0,0,0.0,0.6307,3,10.827,0,NORMAL
2026-09-16 20:15:00,R2,2.814,7.591,0.3707,2.814,0,0,0.0,0.3707,2,10.908,0,NORMAL
2026-09-16 20:30:00,R1,7.026,10.449,0.6723,7.026,0,0,0.0,0.6723,3,11.886,0,NORMAL
2026-09-16 20:30:00,R2,3.206,7.599,0.4218,3.206,0,0,0.0,0.4218,2,10.896,0,NORMAL
2026-09-16 20:45:00,R1,7.517,10.824,0.6944,7.517,0,0,0.0,0.6944,3,11.474,0,NORMAL
2026-09-16 20:45:00,R2,3.156,3.939,0.8012,3.156,0,0,0.0,0.8012,1,10.511,0,WARNING
2026-09-16 21:00:00,R1,6.743,10.686,0.631,6.743,0,0,0.0,0.631,3,11.623,0,NORMAL
2026-09-16 21:00:00,R2,2.908,7.659,0.3797,2.908,0,0,0.0,0.3797,2,10.811,0,NORMAL
2026-09-16 21:15:00,R1,7.167,10.578,0.6776,7.167,0,0,0.0,0.6776,3,11.742,0,NORMAL
2026-09-16 21:15:00,R2,2.786,8.057,0.3457,2.786,0,0,0.0,0.3457,2,10.277,0,NORMAL
2026-09-16 21:30:00,R1,7.396,11.456,0.6455,7.396,0,0,0.0,0.6455,3,10.841,0,NORMAL
2026-09-16 21:30:00,R2,3.123,7.976,0.3915,3.123,0,0,0.0,0.3915,2,10.381,0,NORMAL
2026-09-16 21:45:00,R1,6.497,11.379,0.5709,6.497,0,0,0.0,0.5709,3,10.915,0,NORMAL
2026-09-16 21:45:00,R2,2.755,7.954,0.3464,2.755,0,0,0.0,0.3464,2,10.41,0,NORMAL
2026-09-16 22:00:00,R1,5.307,11.056,0.48,5.307,0,0,0.0,0.48,3,11.234,0,NORMAL
2026-09-16 22:00:00,R2,2.358,8.296,0.2842,2.358,0,0,0.0,0.2842,2,9.981,0,NORMAL
2026-09-16 22:15:00,R1,5.693,10.916,0.5215,5.693,0,0,0.0,0.5215,3,11.378,0,NORMAL
2026-09-16 22:15:00,R2,2.194,8.541,0.2569,2.194,0,0,0.0,0.2569,2,9.694,0,NORMAL
2026-09-16 22:30:00,R1,5.578,10.708,0.5209,5.578,0,0,0.0,0.5209,3,11.599,0,NORMAL
2026-09-16 22:30:00,R2,2.395,8.192,0.2924,2.395,0,0,0.0,0.2924,2,10.108,0,NORMAL
2026-09-16 22:45:00,R1,6.191,10.413,0.5946,6.191,0,0,0.0,0.5946,3,11.927,0,NORMAL
2026-09-16 22:45:00,R2,2.655,8.041,0.3302,2.655,0,0,0.0,0.3302,2,10.297,0,NORMAL
2026-09-16 23:00:00,R1,5.624,10.618,0.5296,5.624,0,0,0.0,0.5296,3,11.697,0,NORMAL
2026-09-16 23:00:00,R2,2.347,8.296,0.2829,2.347,0,0,0.0,0.2829,2,9.981,0,NORMAL
2026-09-16 23:15:00,R1,5.43,10.796,0.5029,5.43,0,0,0.0,0.5029,3,11.504,0,NORMAL
2026-09-16 23:15:00,R2,2.24,7.986,0.2806,2.24,0,0,0.0,0.2806,2,10.369,0,NORMAL
2026-09-16 23:30:00,R1,5.194,10.474,0.4959,5.194,0,0,0.0,0.4959,3,11.858,0,NORMAL
2026-09-16 23:30:00,R2,2.59,8.136,0.3183,2.59,0,0,0.0,0.3183,2,10.177,0,NORMAL
2026-09-16 23:45:00,R1,4.833,10.124,0.4774,4.833,0,0,0.0,0.4774,3,12.268,0,NORMAL
2026-09-16 23:45:00,R2,2.887,7.813,0.3695,2.887,0,0,0.0,0.3695,2,10.597,0,NORMAL
2026-09-17 00:00:00,R1,5.465,10.73,0.5093,5.465,0,0,0.0,0.5093,3,11.575,0,NORMAL
2026-09-17 00:00:00,R2,2.623,8.588,0.3054,2.623,0,0,0.0,0.3054,2,9.641,0,NORMAL
2026-09-17 00:15:00,R1,5.051,10.751,0.4698,5.051,0,0,0.0,0.4698,3,11.552,0,NORMAL
2026-09-17 00:15:00,R2,2.632,7.75,0.3396,2.632,0,0,0.0,0.3396,2,10.684,0,NORMAL
2026-09-17 00:30:00,R1,5.404,10.728,0.5037,5.404,0,0,0.0,0.5037,3,11.577,0,NORMAL
2026-09-17 00:30:00,R2,2.485,8.229,0.3019,2.485,0,0,0.0,0.3019,2,10.062,0,NORMAL
2026-09-17 00:45:00,R1,5.212,10.242,0.5089,5.212,0,0,0.0,0.5089,3,12.126,0,NORMAL
2026-09-17 00:45:00,R2,2.523,7.828,0.3224,2.523,0,0,0.0,0.3224,2,10.578,0,NORMAL
2026-09-17 01:00:00,R1,5.364,10.897,0.4923,5.364,0,0,0.0,0.4923,3,11.398,0,NORMAL
2026-09-17 01:00:00,R2,2.839,7.781,0.3648,2.839,0,0,0.0,0.3648,2,10.641,0,NORMAL
2026-09-17 01:15:00,R1,5.191,10.658,0.487,5.191,0,0,0.0,0.487,3,11.653,0,NORMAL
2026-09-17 01:15:00,R2,2.619,8.366,0.313,2.619,0,0,0.0,0.313,2,9.898,0,NORMAL
2026-09-17 01:30:00,R1,5.338,10.314,0.5175,5.338,0,0,0.0,0.5175,3,12.041,0,NORMAL
2026-09-17 01:30:00,R2,2.516,7.875,0.3195,2.516,0,0,0.0,0.3195,2,10.515,0,NORMAL
2026-09-17 01:45:00,R1,5.866,11.222,0.5227,5.866,0,0,0.0,0.5227,3,11.068,0,NORMAL
2026-09-17 01:45:00,R2,2.941,7.492,0.3925,2.941,0,0,0.0,0.3925,2,11.052,0,NORMAL
2026-09-17 02:00:00,R1,5.118,10.519,0.4865,5.118,0,0,0.0,0.4865,3,11.808,0,NORMAL
2026-09-17 02:00:00,R2,2.616,8.106,0.3227,2.616,0,0,0.0,0.3227,2,10.215,0,NORMAL
2026-09-17 02:15:00,R1,5.831,10.893,0.5353,5.831,0,0,0.0,0.5353,3,11.402,0,NORMAL
2026-09-17 02:15:00,R2,2.219,8.408,0.2639,2.219,0,0,0.0,0.2639,2,9.847,0,NORMAL
2026-09-17 02:30:00,R1,4.695,7.106,0.6608,4.695,0,0,0.0,0.6608,2,11.653,0,NORMAL
2026-09-17 02:30:00,R2,2.867,8.102,0.3539,2.867,0,0,0.0,0.3539,2,10.219,0,NORMAL
2026-09-17 02:45:00,R1,6.106,10.826,0.564,6.106,0,0,0.0,0.564,3,11.473,0,NORMAL
2026-09-17 02:45:00,R2,2.544,7.733,0.329,2.544,0,0,0.0,0.329,2,10.708,0,NORMAL
2026-09-17 03:00:00,R1,5.245,10.094,0.5196,5.245,0,0,0.0,0.5196,3,12.304,0,NORMAL
2026-09-17 03:00:00,R2,2.848,7.67,0.3713,2.848,0,0,0.0,0.3713,2,10.795,0,NORMAL
2026-09-17 03:15:00,R1,5.52,10.919,0.5055,5.52,0,0,0.0,0.5055,3,11.375,0,NORMAL
2026-09-17 03:15:00,R2,2.3,8.101,0.284,2.3,0,0,0.0,0.284,2,10.222,0,NORMAL
2026-09-17 03:30:00,R1,4.633,11.553,0.401,4.633,0,0,0.0,0.401,3,10.75,0,NORMAL
2026-09-17 03:30:00,R2,2.645,8.455,0.3128,2.645,0,0,0.0,0.3128,2,9.793,0,NORMAL
2026-09-17 03:45:00,R1,5.294,10.121,0.5231,5.294,0,0,0.0,0.5231,3,12.272,0,NORMAL
2026-09-17 03:45:00,R2,2.783,8.742,0.3184,2.783,0,0,0.0,0.3184,2,9.471,0,NORMAL
2026-09-17 04:00:00,R1,5.123,10.879,0.4709,5.123,0,0,0.0,0.4709,3,11.416,0,NORMAL
2026-09-17 04:00:00,R2,2.73,7.919,0.3448,2.73,0,0,0.0,0.3448,2,10.456,0,NORMAL
2026-09-17 04:15:00,R1,5.579,10.077,0.5536,5.579,0,0,0.0,0.5536,3,12.325,0,NORMAL
2026-09-17 04:15:00,R2,1.947,8.759,0.2223,1.947,0,0,0.0,0.2223,2,9.453,0,NORMAL
2026-09-17 04:30:00,R1,5.242,10.561,0.4964,5.242,0,0,0.0,0.4964,3,11.76,0,NORMAL
2026-09-17 04:30:00,R2,2.222,8.224,0.2701,2.222,0,0,0.0,0.2701,2,10.068,0,NORMAL
2026-09-17 04:45:00,R1,5.462,10.683,0.5113,5.462,0,0,0.0,0.5113,3,11.626,0,NORMAL
2026-09-17 04:45:00,R2,2.996,8.082,0.3708,2.996,0,0,0.0,0.3708,2,10.245,0,NORMAL
2026-09-17 05:00:00,R1,5.549,10.155,0.5465,5.549,0,0,0.0,0.5465,3,12.231,0,NORMAL
2026-09-17 05:00:00,R2,2.406,7.882,0.3052,2.406,0,0,0.0,0.3052,2,10.505,0,NORMAL
2026-09-17 05:15:00,R1,5.91,10.263,0.5759,5.91,0,0,0.0,0.5759,3,12.101,0,NORMAL
2026-09-17 05:15:00,R2,2.251,7.888,0.2854,2.251,0,0,0.0,0.2854,2,10.497,0,NORMAL
2026-09-17 05:30:00,R1,5.096,10.983,0.464,5.096,0,0,0.0,0.464,3,11.309,0,NORMAL
2026-09-17 05:30:00,R2,2.527,7.356,0.3435,2.527,0,0,0.0,0.3435,2,11.256,0,NORMAL
2026-09-17 05:45:00,R1,5.199,10.76,0.4832,5.199,0,0,0.0,0.4832,3,11.543,0,NORMAL
2026-09-17 05:45:00,R2,3.188,7.768,0.4104,3.188,0,0,0.0,0.4104,2,10.66,0,NORMAL
2026-09-17 06:00:00,R1,6.412,10.845,0.5912,6.412,0,0,0.0,0.5912,3,11.453,0,NORMAL
2026-09-17 06:00:00,R2,3.353,8.027,0.4177,3.353,0,0,0.0,0.4177,2,10.315,0,NORMAL
2026-09-17 06:15:00,R1,7.131,11.288,0.6317,7.131,0,0,0.0,0.6317,3,11.003,0,NORMAL
2026-09-17 06:15:00,R2,2.925,8.463,0.3456,2.925,0,0,0.0,0.3456,2,9.784,0,NORMAL
2026-09-17 06:30:00,R1,6.885,6.21,1.1086,6.21,0,0.675,0.0,1.1086,2,13.334,0,HIGH
2026-09-17 06:30:00,R2,2.943,8.163,0.3605,2.943,0,0,0.0,0.3605,2,10.143,0,NORMAL
2026-09-17 06:45:00,R1,6.913,10.33,0.6692,7.587,0.675,0,0.98,0.7345,3,12.024,0,NORMAL
2026-09-17 06:45:00,R2,3.037,8.33,0.3646,3.037,0,0,0.0,0.3646,2,9.94,0,NORMAL
2026-09-17 07:00:00,R1,7.292,10.488,0.6952,7.292,0,0,0.0,0.6952,3,11.842,0,NORMAL
2026-09-17 07:00:00,R2,3.46,3.54,0.9774,3.46,0,0,0.0,0.9774,1,11.695,0,HIGH
2026-09-17 07:15:00,R1,6.851,10.263,0.6676,6.851,0,0,0.0,0.6676,3,12.101,0,NORMAL
2026-09-17 07:15:00,R2,3.013,8.17,0.3688,3.013,0,0,0.0,0.3688,2,10.135,0,NORMAL
2026-09-17 07:30:00,R1,6.246,10.255,0.609,6.246,0,0,0.0,0.609,3,12.111,0,NORMAL
2026-09-17 07:30:00,R2,3.288,7.89,0.4167,3.288,0,0,0.0,0.4167,2,10.494,0,NORMAL
2026-09-17 07:45:00,R1,6.59,10.915,0.6037,6.59,0,0,0.0,0.6037,3,11.378,0,NORMAL
2026-09-17 07:45:00,R2,2.554,7.965,0.3207,2.554,0,0,0.0,0.3207,2,10.396,0,NORMAL
2026-09-17 08:00:00,R1,6.632,6.718,0.9873,6.632,0,0,0.0,0.9873,2,12.326,0,HIGH
2026-09-17 08:00:00,R2,3.389,8.122,0.4173,3.389,0,0,0.0,0.4173,2,10.195,0,NORMAL
2026-09-17 08:15:00,R1,6.625,10.059,0.6586,6.625,0,0,0.0,0.6586,3,12.347,0,NORMAL
2026-09-17 08:15:00,R2,3.208,7.754,0.4137,3.208,0,0,0.0,0.4137,2,10.678,0,NORMAL
2026-09-17 08:30:00,R1,7.068,10.281,0.6874,7.068,0,0,0.0,0.6874,3,12.08,0,NORMAL
2026-09-17 08:30:00,R2,2.794,3.959,0.7057,2.794,0,0,0.0,0.7057,1,10.456,0,NORMAL
2026-09-17 08:45:00,R1,7.326,11.036,0.6638,7.326,0,0,0.0,0.6638,3,11.254,0,NORMAL
2026-09-17 08:45:00,R2,3.186,8.859,0.3597,3.186,0,0,0.0,0.3597,2,9.346,0,NORMAL
2026-09-17 09:00:00,R1,7.101,11.141,0.6374,7.101,0,0,0.0,0.6374,3,11.148,0,NORMAL
2026-09-17 09:00:00,R2,2.722,7.886,0.3452,2.722,0,0,0.0,0.3452,2,10.499,0,NORMAL
2026-09-17 09:15:00,R1,7.01,9.997,0.7012,7.01,0,0,0.0,0.7012,3,12.424,0,NORMAL
2026-09-17 09:15:00,R2,3.502,8.299,0.422,3.502,0,0,0.0,0.422,2,9.978,0,NORMAL
2026-09-17 09:30:00,R1,6.703,11.171,0.6001,6.703,0,0,0.0,0.6001,3,11.118,0,NORMAL
2026-09-17 09:30:00,R2,2.83,8.502,0.3329,2.83,0,0,0.0,0.3329,2,9.739,0,NORMAL
2026-09-17 09:45:00,R1,6.943,10.502,0.6611,6.943,0,0,0.0,0.6611,3,11.827,0,NORMAL
2026-09-17 09:45:00,R2,3.114,8.205,0.3795,3.114,0,0,0.0,0.3795,2,10.091,0,NORMAL
2026-09-17 10:00:00,R1,6.84,10.88,0.6287,6.84,0,0,0.0,0.6287,3,11.416,0,NORMAL
2026-09-17 10:00:00,R2,2.98,8.729,0.3414,2.98,0,0,0.0,0.3414,2,9.486,0,NORMAL
2026-09-17 10:15:00,R1,7.301,10.5,0.6953,7.301,0,0,0.0,0.6953,3,11.828,0,NORMAL
2026-09-17 10:15:00,R2,2.424,7.895,0.307,2.424,0,0,0.0,0.307,2,10.488,0,NORMAL
2026-09-17 10:30:00,R1,7.575,10.853,0.6979,7.575,0,0,0.0,0.6979,3,11.443,0,NORMAL
2026-09-17 10:30:00,R2,2.69,8.044,0.3344,2.69,0,0,0.0,0.3344,2,10.293,0,NORMAL
2026-09-17 10:45:00,R1,6.778,10.775,0.6291,6.778,0,0,0.0,0.6291,3,11.527,0,NORMAL
2026-09-17 10:45:00,R2,3.028,7.557,0.4007,3.028,0,0,0.0,0.4007,2,10.956,0,NORMAL
2026-09-17 11:00:00,R1,6.668,10.706,0.6228,6.668,0,0,0.0,0.6228,3,11.601,0,NORMAL
2026-09-17 11:00:00,R2,2.644,8.013,0.3299,2.644,0,0,0.0,0.3299,2,10.333,0,NORMAL
2026-09-17 11:15:00,R1,6.685,10.472,0.6383,6.685,0,0,0.0,0.6383,3,11.86,0,NORMAL
2026-09-17 11:15:00,R2,3.085,8.451,0.365,3.085,0,0,0.0,0.365,2,9.798,0,NORMAL
2026-09-17 11:30:00,R1,6.635,11.215,0.5916,6.635,0,0,0.0,0.5916,3,11.075,0,NORMAL
2026-09-17 11:30:00,R2,2.908,7.935,0.3664,2.908,0,0,0.0,0.3664,2,10.434,0,NORMAL
2026-09-17 11:45:00,R1,5.86,11.384,0.5147,5.86,0,0,0.0,0.5147,3,10.91,0,NORMAL
2026-09-17 11:45:00,R2,2.922,8.011,0.3648,2.922,0,0,0.0,0.3648,2,10.336,0,NORMAL
2026-09-17 12:00:00,R1,7.29,10.878,0.6702,7.29,0,0,0.0,0.6702,3,11.418,0,NORMAL
2026-09-17 12:00:00,R2,3.047,8.41,0.3623,3.047,0,0,0.0,0.3623,2,9.845,0,NORMAL
2026-09-17 12:15:00,R1,7.417,11.117,0.6672,7.417,0,0,0.0,0.6672,3,11.172,0,NORMAL
2026-09-17 12:15:00,R2,2.918,7.329,0.3982,2.918,0,0,0.0,0.3982,2,11.298,0,NORMAL
2026-09-17 12:30:00,R1,7.648,10.079,0.7587,7.648,0,0,0.0,0.7587,3,12.322,0,WARNING
2026-09-17 12:30:00,R2,2.697,8.115,0.3323,2.697,0,0,0.0,0.3323,2,10.203,0,NORMAL
2026-09-17 12:45:00,R1,7.021,10.314,0.6807,7.021,0,0,0.0,0.6807,3,12.042,0,NORMAL
2026-09-17 12:45:00,R2,2.975,8.323,0.3574,2.975,0,0,0.0,0.3574,2,9.948,0,NORMAL
2026-09-17 13:00:00,R1,6.755,11.425,0.5913,6.755,0,0,0.0,0.5913,3,10.871,0,NORMAL
2026-09-17 13:00:00,R2,2.787,8.327,0.3346,2.787,0,0,0.0,0.3346,2,9.944,0,NORMAL
2026-09-17 13:15:00,R1,7.783,10.485,0.7423,7.783,0,0,0.0,0.7423,3,11.846,0,NORMAL
2026-09-17 13:15:00,R2,3.355,7.489,0.448,3.355,0,0,0.0,0.448,2,11.057,0,NORMAL
2026-09-17 13:30:00,R1,7.368,10.51,0.701,7.368,0,0,0.0,0.701,3,11.817,0,NORMAL
2026-09-17 13:30:00,R2,2.615,7.972,0.3281,2.615,0,0,0.0,0.3281,2,10.387,0,NORMAL
2026-09-17 13:45:00,R1,7.328,11.138,0.6579,7.328,0,0,0.0,0.6579,3,11.151,0,NORMAL
2026-09-17 13:45:00,R2,2.662,8.199,0.3247,2.662,0,0,0.0,0.3247,2,10.098,0,NORMAL
2026-09-17 14:00:00,R1,7.2,10.64,0.6768,7.2,0,0,0.0,0.6768,3,11.673,0,NORMAL
2026-09-17 14:00:00,R2,2.841,8.097,0.3509,2.841,0,0,0.0,0.3509,2,10.226,0,NORMAL
2026-09-17 14:15:00,R1,7.751,10.488,0.7391,7.751,0,0,0.0,0.7391,3,11.842,0,NORMAL
2026-09-17 14:15:00,R2,2.881,8.445,0.3411,2.881,0,0,0.0,0.3411,2,9.805,0,NORMAL
2026-09-17 14:30:00,R1,7.109,10.359,0.6863,7.109,0,0,0.0,0.6863,3,11.99,0,NORMAL
2026-09-17 14:30:00,R2,2.823,8.824,0.3199,2.823,0,0,0.0,0.3199,2,9.384,0,NORMAL
2026-09-17 14:45:00,R1,7.951,10.643,0.747,7.951,0,0,0.0,0.747,3,11.67,0,NORMAL
2026-09-17 14:45:00,R2,3.189,7.809,0.4083,3.189,0,0,0.0,0.4083,2,10.603,0,NORMAL
2026-09-17 15:00:00,R1,7.695,3.106,2.4776,3.106,0,4.589,0.0,1.25,1,13.33,0,CRITICAL
2026-09-17 15:00:00,R2,2.898,7.986,0.3629,2.898,0,0,0.0,0.3629,2,10.369,0,NORMAL
2026-09-17 15:15:00,R1,7.309,8.974,0.8144,8.974,4.589,2.924,7.671,1.25,3,13.84,0,HIGH
2026-09-17 15:15:00,R2,2.98,8.244,0.3615,2.98,0,0,0.0,0.3615,2,10.044,0,NORMAL
2026-09-17 15:30:00,R1,6.997,10.041,0.6969,9.921,2.924,0,4.368,0.988,3,12.37,0,HIGH
2026-09-17 15:30:00,R2,2.695,7.927,0.34,2.695,0,0,0.0,0.34,2,10.445,0,NORMAL
2026-09-17 15:45:00,R1,7.646,9.938,0.7694,7.646,0,0,0.0,0.7694,3,12.497,0,WARNING
2026-09-17 15:45:00,R2,2.994,7.939,0.3771,2.994,0,0,0.0,0.3771,2,10.429,0,NORMAL
2026-09-17 16:00:00,R1,7.286,10.866,0.6705,7.286,0,0,0.0,0.6705,3,11.43,0,NORMAL
2026-09-17 16:00:00,R2,2.87,8.804,0.3259,2.87,0,0,0.0,0.3259,2,9.404,0,NORMAL
2026-09-17 16:15:00,R1,7.801,10.699,0.7292,7.801,0,0,0.0,0.7292,3,11.609,0,NORMAL
2026-09-17 16:15:00,R2,2.958,7.715,0.3834,2.958,0,0,0.0,0.3834,2,10.732,0,NORMAL
2026-09-17 16:30:00,R1,7.487,11.035,0.6785,7.487,0,0,0.0,0.6785,3,11.255,0,NORMAL
2026-09-17 16:30:00,R2,2.992,8.614,0.3474,2.992,0,0,0.0,0.3474,2,9.612,0,NORMAL
2026-09-17 16:45:00,R1,7.59,10.443,0.7268,7.59,0,0,0.0,0.7268,3,11.893,0,NORMAL
2026-09-17 16:45:00,R2,2.605,7.843,0.3322,2.605,0,0,0.0,0.3322,2,10.557,0,NORMAL
2026-09-17 17:00:00,R1,7.299,10.436,0.6994,7.299,0,0,0.0,0.6994,3,11.901,0,NORMAL
2026-09-17 17:00:00,R2,2.784,7.921,0.3514,2.784,0,0,0.0,0.3514,2,10.453,0,NORMAL
2026-09-17 17:15:00,R1,7.067,10.098,0.6998,7.067,0,0,0.0,0.6998,3,12.299,0,NORMAL
2026-09-17 17:15:00,R2,2.476,8.32,0.2976,2.476,0,0,0.0,0.2976,2,9.952,0,NORMAL
2026-09-17 17:30:00,R1,7.25,10.71,0.677,7.25,0,0,0.0,0.677,3,11.597,0,NORMAL
2026-09-17 17:30:00,R2,2.589,7.974,0.3247,2.589,0,0,0.0,0.3247,2,10.384,0,NORMAL
2026-09-17 17:45:00,R1,7.251,10.564,0.6864,7.251,0,0,0.0,0.6864,3,11.756,0,NORMAL
2026-09-17 17:45:00,R2,2.66,8.073,0.3295,2.66,0,0,0.0,0.3295,2,10.256,0,NORMAL
2026-09-17 18:00:00,R1,7.175,11.311,0.6344,7.175,0,0,0.0,0.6344,3,10.981,0,NORMAL
2026-09-17 18:00:00,R2,2.546,7.857,0.324,2.546,0,0,0.0,0.324,2,10.538,0,NORMAL
2026-09-17 18:15:00,R1,7.345,10.674,0.6881,7.345,0,0,0.0,0.6881,3,11.636,0,NORMAL
2026-09-17 18:15:00,R2,2.944,7.758,0.3795,2.944,0,0,0.0,0.3795,2,10.672,0,NORMAL
2026-09-17 18:30:00,R1,7.213,6.978,1.0337,6.978,0,0.235,0.0,1.0337,2,11.866,0,HIGH
2026-09-17 18:30:00,R2,2.798,7.639,0.3663,2.798,0,0,0.0,0.3663,2,10.839,0,NORMAL
2026-09-17 18:45:00,R1,7.259,10.163,0.7142,7.494,0.235,0,0.347,0.7374,3,12.22,0,NORMAL
2026-09-17 18:45:00,R2,2.661,7.798,0.3412,2.661,0,0,0.0,0.3412,2,10.619,0,NORMAL
2026-09-17 19:00:00,R1,6.295,11.503,0.5473,6.295,0,0,0.0,0.5473,3,10.798,0,NORMAL
2026-09-17 19:00:00,R2,2.379,8.368,0.2843,2.379,0,0,0.0,0.2843,2,9.895,0,NORMAL
2026-09-17 19:15:00,R1,6.587,10.543,0.6248,6.587,0,0,0.0,0.6248,3,11.78,0,NORMAL
2026-09-17 19:15:00,R2,2.949,7.974,0.3698,2.949,0,0,0.0,0.3698,2,10.383,0,NORMAL
2026-09-17 19:30:00,R1,7.59,6.368,1.1919,6.368,0,1.222,0.0,1.1919,2,13.003,0,HIGH
2026-09-17 19:30:00,R2,2.561,7.782,0.3291,2.561,0,0,0.0,0.3291,2,10.64,0,NORMAL
2026-09-17 19:45:00,R1,7.244,10.708,0.6765,8.466,1.222,0,1.712,0.7906,3,11.599,0,WARNING
2026-09-17 19:45:00,R2,3.076,8.135,0.3782,3.076,0,0,0.0,0.3782,2,10.178,0,NORMAL
2026-09-17 20:00:00,R1,7.078,10.171,0.6959,7.078,0,0,0.0,0.6959,3,12.211,0,NORMAL
2026-09-17 20:00:00,R2,3.362,8.339,0.4032,3.362,0,0,0.0,0.4032,2,9.929,0,NORMAL
2026-09-17 20:15:00,R1,7.424,11.011,0.6742,7.424,0,0,0.0,0.6742,3,11.279,0,NORMAL
2026-09-17 20:15:00,R2,2.89,8.489,0.3404,2.89,0,0,0.0,0.3404,2,9.754,0,NORMAL
2026-09-17 20:30:00,R1,6.683,10.954,0.6101,6.683,0,0,0.0,0.6101,3,11.338,0,NORMAL
2026-09-17 20:30:00,R2,2.509,7.741,0.3241,2.509,0,0,0.0,0.3241,2,10.697,0,NORMAL
2026-09-17 20:45:00,R1,7.236,11.163,0.6482,7.236,0,0,0.0,0.6482,3,11.126,0,NORMAL
2026-09-17 20:45:00,R2,2.956,7.959,0.3714,2.956,0,0,0.0,0.3714,2,10.403,0,NORMAL
2026-09-17 21:00:00,R1,6.48,10.414,0.6222,6.48,0,0,0.0,0.6222,3,11.926,0,NORMAL
2026-09-17 21:00:00,R2,2.94,7.932,0.3707,2.94,0,0,0.0,0.3707,2,10.439,0,NORMAL
2026-09-17 21:15:00,R1,7.007,10.783,0.6498,7.007,0,0,0.0,0.6498,3,11.518,0,NORMAL
2026-09-17 21:15:00,R2,2.877,8.216,0.3502,2.877,0,0,0.0,0.3502,2,10.078,0,NORMAL
2026-09-17 21:30:00,R1,6.691,10.807,0.6191,6.691,0,0,0.0,0.6191,3,11.493,0,NORMAL
2026-09-17 21:30:00,R2,2.934,8.313,0.3529,2.934,0,0,0.0,0.3529,2,9.961,0,NORMAL
2026-09-17 21:45:00,R1,6.97,10.595,0.6578,6.97,0,0,0.0,0.6578,3,11.723,0,NORMAL
2026-09-17 21:45:00,R2,2.658,8.023,0.3313,2.658,0,0,0.0,0.3313,2,10.321,0,NORMAL
2026-09-17 22:00:00,R1,5.521,11.084,0.4981,5.521,0,0,0.0,0.4981,3,11.205,0,NORMAL
2026-09-17 22:00:00,R2,2.115,8.062,0.2624,2.115,0,0,0.0,0.2624,2,10.27,0,NORMAL
2026-09-17 22:15:00,R1,6.049,10.902,0.5548,6.049,0,0,0.0,0.5548,3,11.392,0,NORMAL
2026-09-17 22:15:00,R2,2.26,4.049,0.5581,2.26,0,0,0.0,0.5581,1,10.224,0,NORMAL
2026-09-17 22:30:00,R1,5.042,11.522,0.4376,5.042,0,0,0.0,0.4376,3,10.779,0,NORMAL
2026-09-17 22:30:00,R2,2.097,8.067,0.26,2.097,0,0,0.0,0.26,2,10.264,0,NORMAL
2026-09-17 22:45:00,R1,5.356,9.791,0.547,5.356,0,0,0.0,0.547,3,12.685,0,NORMAL
2026-09-17 22:45:00,R2,2.438,7.8,0.3126,2.438,0,0,0.0,0.3126,2,10.616,0,NORMAL
2026-09-17 23:00:00,R1,5.271,11.06,0.4765,5.271,0,0,0.0,0.4765,3,11.23,0,NORMAL
2026-09-17 23:00:00,R2,2.485,8.747,0.2841,2.485,0,0,0.0,0.2841,2,9.467,0,NORMAL
2026-09-17 23:15:00,R1,5.331,10.961,0.4864,5.331,0,0,0.0,0.4864,3,11.331,0,NORMAL
2026-09-17 23:15:00,R2,2.696,8.264,0.3263,2.696,0,0,0.0,0.3263,2,10.02,0,NORMAL
2026-09-17 23:30:00,R1,4.78,10.369,0.461,4.78,0,0,0.0,0.461,3,11.977,0,NORMAL
2026-09-17 23:30:00,R2,2.354,4.023,0.585,2.354,0,0,0.0,0.585,1,10.291,0,NORMAL
2026-09-17 23:45:00,R1,5.556,10.965,0.5067,5.556,0,0,0.0,0.5067,3,11.327,0,NORMAL
2026-09-17 23:45:00,R2,2.261,8.629,0.2621,2.261,0,0,0.0,0.2621,2,9.596,0,NORMAL
2026-09-18 00:00:00,R1,4.733,10.598,0.4466,4.733,0,0,0.0,0.4466,3,11.719,0,NORMAL
2026-09-18 00:00:00,R2,2.442,8.468,0.2884,2.442,0,0,0.0,0.2884,2,9.778,0,NORMAL
2026-09-18 00:15:00,R1,5.501,10.105,0.5444,5.501,0,0,0.0,0.5444,3,12.291,0,NORMAL
2026-09-18 00:15:00,R2,3.024,8.525,0.3547,3.024,0,0,0.0,0.3547,2,9.712,0,NORMAL
2026-09-18 00:30:00,R1,5.101,10.083,0.5059,5.101,0,0,0.0,0.5059,3,12.317,0,NORMAL
2026-09-18 00:30:00,R2,2.354,7.545,0.312,2.354,0,0,0.0,0.312,2,10.974,0,NORMAL
2026-09-18 00:45:00,R1,5.424,10.389,0.5221,5.424,0,0,0.0,0.5221,3,11.955,0,NORMAL
2026-09-18 00:45:00,R2,2.566,7.869,0.3261,2.566,0,0,0.0,0.3261,2,10.522,0,NORMAL
2026-09-18 01:00:00,R1,5.623,10.94,0.514,5.623,0,0,0.0,0.514,3,11.353,0,NORMAL
2026-09-18 01:00:00,R2,2.322,7.92,0.2931,2.322,0,0,0.0,0.2931,2,10.454,0,NORMAL
2026-09-18 01:15:00,R1,5.075,11.37,0.4463,5.075,0,0,0.0,0.4463,3,10.923,0,NORMAL
2026-09-18 01:15:00,R2,2.663,8.339,0.3194,2.663,0,0,0.0,0.3194,2,9.929,0,NORMAL
2026-09-18 01:30:00,R1,5.055,11.088,0.4559,5.055,0,0,0.0,0.4559,3,11.201,0,NORMAL
2026-09-18 01:30:00,R2,2.822,8.142,0.3466,2.822,0,0,0.0,0.3466,2,10.17,0,NORMAL
2026-09-18 01:45:00,R1,5.558,10.935,0.5083,5.558,0,0,0.0,0.5083,3,11.358,0,NORMAL
2026-09-18 01:45:00,R2,2.825,7.733,0.3653,2.825,0,0,0.0,0.3653,2,10.707,0,NORMAL
2026-09-18 02:00:00,R1,5.598,10.753,0.5206,5.598,0,0,0.0,0.5206,3,11.55,0,NORMAL
2026-09-18 02:00:00,R2,2.61,8.212,0.3178,2.61,0,0,0.0,0.3178,2,10.083,0,NORMAL
2026-09-18 02:15:00,R1,5.306,11.619,0.4567,5.306,0,0,0.0,0.4567,3,10.689,0,NORMAL
2026-09-18 02:15:00,R2,2.754,7.993,0.3445,2.754,0,0,0.0,0.3445,2,10.359,0,NORMAL
2026-09-18 02:30:00,R1,5.128,10.45,0.4907,5.128,0,0,0.0,0.4907,3,11.885,0,NORMAL
2026-09-18 02:30:00,R2,2.384,8.143,0.2928,2.384,0,0,0.0,0.2928,2,10.168,0,NORMAL
2026-09-18 02:45:00,R1,5.461,10.429,0.5236,5.461,0,0,0.0,0.5236,3,11.909,0,NORMAL
2026-09-18 02:45:00,R2,2.599,8.26,0.3147,2.599,0,0,0.0,0.3147,2,10.024,0,NORMAL
2026-09-18 03:00:00,R1,5.368,10.86,0.4943,5.368,0,0,0.0,0.4943,3,11.436,0,NORMAL
2026-09-18 03:00:00,R2,2.55,8.261,0.3086,2.55,0,0,0.0,0.3086,2,10.023,0,NORMAL
2026-09-18 03:15:00,R1,5.633,11.218,0.5021,5.633,0,0,0.0,0.5021,3,11.072,0,NORMAL
2026-09-18 03:15:00,R2,2.573,8.336,0.3087,2.573,0,0,0.0,0.3087,2,9.933,0,NORMAL
2026-09-18 03:30:00,R1,4.551,10.611,0.4289,4.551,0,0,0.0,0.4289,3,11.705,0,NORMAL
2026-09-18 03:30:00,R2,2.787,8.104,0.3439,2.787,0,0,0.0,0.3439,2,10.217,0,NORMAL
2026-09-18 03:45:00,R1,4.935,10.238,0.482,4.935,0,0,0.0,0.482,3,12.131,0,NORMAL
2026-09-18 03:45:00,R2,2.76,8.046,0.343,2.76,0,0,0.0,0.343,2,10.291,0,NORMAL
2026-09-18 04:00:00,R1,5.89,10.732,0.5488,5.89,0,0,0.0,0.5488,3,11.573,0,NORMAL
2026-09-18 04:00:00,R2,2.615,7.71,0.3392,2.615,0,0,0.0,0.3392,2,10.739,0,NORMAL
2026-09-18 04:15:00,R1,4.899,10.818,0.4529,4.899,0,0,0.0,0.4529,3,11.481,0,NORMAL
2026-09-18 04:15:00,R2,2.826,7.575,0.3731,2.826,0,0,0.0,0.3731,2,10.93,0,NORMAL
2026-09-18 04:30:00,R1,5.103,10.94,0.4665,5.103,0,0,0.0,0.4665,3,11.353,0,NORMAL
2026-09-18 04:30:00,R2,2.914,7.604,0.3832,2.914,0,0,0.0,0.3832,2,10.888,0,NORMAL
2026-09-18 04:45:00,R1,5.253,10.737,0.4893,5.253,0,0,0.0,0.4893,3,11.567,0,NORMAL
2026-09-18 04:45:00,R2,2.663,7.731,0.3445,2.663,0,0,0.0,0.3445,2,10.71,0,NORMAL
2026-09-18 05:00:00,R1,5.341,6.871,0.7773,5.341,0,0,0.0,0.7773,2,12.051,0,WARNING
2026-09-18 05:00:00,R2,2.477,7.976,0.3105,2.477,0,0,0.0,0.3105,2,10.382,0,NORMAL
2026-09-18 05:15:00,R1,5.719,10.836,0.5278,5.719,0,0,0.0,0.5278,3,11.462,0,NORMAL
2026-09-18 05:15:00,R2,2.786,8.408,0.3314,2.786,0,0,0.0,0.3314,2,9.848,0,NORMAL
2026-09-18 05:30:00,R1,5.506,10.33,0.533,5.506,0,0,0.0,0.533,3,12.023,0,NORMAL
2026-09-18 05:30:00,R2,2.327,8.155,0.2853,2.327,0,0,0.0,0.2853,2,10.154,0,NORMAL
2026-09-18 05:45:00,R1,5.924,11.174,0.5301,5.924,0,0,0.0,0.5301,3,11.115,0,NORMAL
2026-09-18 05:45:00,R2,2.615,8.206,0.3187,2.615,0,0,0.0,0.3187,2,10.09,0,NORMAL
2026-09-18 06:00:00,R1,6.367,10.689,0.5957,6.367,0,0,0.0,0.5957,3,11.619,0,NORMAL
2026-09-18 06:00:00,R2,3.059,8.135,0.3761,3.059,0,0,0.0,0.3761,2,10.178,0,NORMAL
2026-09-18 06:15:00,R1,7.024,6.283,1.1179,6.283,0,0.741,0.0,1.1179,2,13.178,0,HIGH
2026-09-18 06:15:00,R2,3.096,7.975,0.3881,3.096,0,0,0.0,0.3881,2,10.382,0,NORMAL
2026-09-18 06:30:00,R1,6.237,10.606,0.5881,6.978,0.741,0,1.048,0.658,3,11.711,0,NORMAL
2026-09-18 06:30:00,R2,3.344,7.846,0.4262,3.344,0,0,0.0,0.4262,2,10.553,0,NORMAL
2026-09-18 06:45:00,R1,5.802,10.217,0.5679,5.802,0,0,0.0,0.5679,3,12.156,0,NORMAL
2026-09-18 06:45:00,R2,2.729,8.874,0.3076,2.729,0,0,0.0,0.3076,2,9.331,0,NORMAL
2026-09-18 07:00:00,R1,7.129,10.57,0.6745,7.129,0,0,0.0,0.6745,3,11.75,0,NORMAL
2026-09-18 07:00:00,R2,3.364,7.651,0.4397,3.364,0,0,0.0,0.4397,2,10.822,0,NORMAL
2026-09-18 07:15:00,R1,6.657,10.703,0.6219,6.657,0,0,0.0,0.6219,3,11.604,0,NORMAL
2026-09-18 07:15:00,R2,3.292,8.039,0.4096,3.292,0,0,0.0,0.4096,2,10.3,0,NORMAL
2026-09-18 07:30:00,R1,6.015,10.028,0.5998,6.015,0,0,0.0,0.5998,3,12.385,0,NORMAL
2026-09-18 07:30:00,R2,3.375,8.192,0.4119,3.375,0,0,0.0,0.4119,2,10.107,0,NORMAL
2026-09-18 07:45:00,R1,6.46,11.464,0.5635,6.46,0,0,0.0,0.5635,3,10.834,0,NORMAL
2026-09-18 07:45:00,R2,3.159,7.891,0.4004,3.159,0,0,0.0,0.4004,2,10.494,0,NORMAL
2026-09-18 08:00:00,R1,6.557,6.311,1.0389,6.311,0,0.246,0.0,1.0389,2,13.119,0,HIGH
2026-09-18 08:00:00,R2,2.752,8.177,0.3366,2.752,0,0,0.0,0.3366,2,10.126,0,NORMAL
2026-09-18 08:15:00,R1,6.548,10.619,0.6167,6.794,0.246,0,0.347,0.6398,3,11.696,0,NORMAL
2026-09-18 08:15:00,R2,2.981,8.621,0.3458,2.981,0,0,0.0,0.3458,2,9.605,0,NORMAL
2026-09-18 08:30:00,R1,7.156,11.223,0.6376,7.156,0,0,0.0,0.6376,3,11.067,0,NORMAL
2026-09-18 08:30:00,R2,2.85,8.074,0.353,2.85,0,0,0.0,0.353,2,10.255,0,NORMAL
2026-09-18 08:45:00,R1,7.044,10.602,0.6644,7.044,0,0,0.0,0.6644,3,11.715,0,NORMAL
2026-09-18 08:45:00,R2,2.989,8.085,0.3697,2.989,0,0,0.0,0.3697,2,10.241,0,NORMAL
2026-09-18 09:00:00,R1,7.373,10.378,0.7104,7.373,0,0,0.0,0.7104,3,11.968,0,NORMAL
2026-09-18 09:00:00,R2,2.922,8.065,0.3623,2.922,0,0,0.0,0.3623,2,10.267,0,NORMAL
2026-09-18 09:15:00,R1,6.575,10.533,0.6242,6.575,0,0,0.0,0.6242,3,11.791,0,NORMAL
2026-09-18 09:15:00,R2,3.297,7.665,0.4301,3.297,0,0,0.0,0.4301,2,10.802,0,NORMAL
2026-09-18 09:30:00,R1,6.865,10.515,0.6528,6.865,0,0,0.0,0.6528,3,11.811,0,NORMAL
2026-09-18 09:30:00,R2,3.258,8.048,0.4049,3.258,0,0,0.0,0.4049,2,10.288,0,NORMAL
2026-09-18 09:45:00,R1,7.074,10.297,0.687,7.074,0,0,0.0,0.687,3,12.062,0,NORMAL
2026-09-18 09:45:00,R2,3.231,7.904,0.4087,3.231,0,0,0.0,0.4087,2,10.475,0,NORMAL
2026-09-18 10:00:00,R1,6.959,10.585,0.6574,6.959,0,0,0.0,0.6574,3,11.734,0,NORMAL
2026-09-18 10:00:00,R2,2.897,7.943,0.3648,2.897,0,0,0.0,0.3648,2,10.424,0,NORMAL
2026-09-18 10:15:00,R1,7.009,10.615,0.6603,7.009,0,0,0.0,0.6603,3,11.7,0,NORMAL
2026-09-18 10:15:00,R2,3.307,8.525,0.3879,3.307,0,0,0.0,0.3879,2,9.713,0,NORMAL
2026-09-18 10:30:00,R1,8.104,10.359,0.7823,8.104,0,0,0.0,0.7823,3,11.989,0,WARNING
2026-09-18 10:30:00,R2,3.016,8.654,0.3486,3.016,0,0,0.0,0.3486,2,9.568,0,NORMAL
2026-09-18 10:45:00,R1,6.865,11.469,0.5985,6.865,0,0,0.0,0.5985,3,10.829,0,NORMAL
2026-09-18 10:45:00,R2,3.314,8.092,0.4095,3.314,0,0,0.0,0.4095,2,10.233,0,NORMAL
2026-09-18 11:00:00,R1,6.9,10.705,0.6445,6.9,0,0,0.0,0.6445,3,11.602,0,NORMAL
2026-09-18 11:00:00,R2,3.001,8.205,0.3657,3.001,0,0,0.0,0.3657,2,10.092,0,NORMAL
2026-09-18 11:15:00,R1,7.02,11.124,0.6311,7.02,0,0,0.0,0.6311,3,11.165,0,NORMAL
2026-09-18 11:15:00,R2,2.988,8.024,0.3724,2.988,0,0,0.0,0.3724,2,10.32,0,NORMAL
2026-09-18 11:30:00,R1,6.456,10.314,0.626,6.456,0,0,0.0,0.626,3,12.042,0,NORMAL
2026-09-18 11:30:00,R2,2.845,8.14,0.3495,2.845,0,0,0.0,0.3495,2,10.171,0,NORMAL
2026-09-18 11:45:00,R1,6.475,10.909,0.5935,6.475,0,0,0.0,0.5935,3,11.385,0,NORMAL
2026-09-18 11:45:00,R2,2.754,3.939,0.699,2.754,0,0,0.0,0.699,1,10.509,0,NORMAL
2026-09-18 12:00:00,R1,7.552,10.694,0.7061,7.552,0,0,0.0,0.7061,3,11.614,0,NORMAL
2026-09-18 12:00:00,R2,2.578,7.889,0.3268,2.578,0,0,0.0,0.3268,2,10.495,0,NORMAL
2026-09-18 12:15:00,R1,6.58,10.65,0.6179,6.58,0,0,0.0,0.6179,3,11.662,0,NORMAL
2026-09-18 12:15:00,R2,2.682,7.999,0.3353,2.682,0,0,0.0,0.3353,2,10.352,0,NORMAL
2026-09-18 12:30:00,R1,6.978,11.156,0.6255,6.978,0,0,0.0,0.6255,3,11.133,0,NORMAL
2026-09-18 12:30:00,R2,2.629,8.141,0.3229,2.629,0,0,0.0,0.3229,2,10.17,0,NORMAL
2026-09-18 12:45:00,R1,7.48,11.249,0.6649,7.48,0,0,0.0,0.6649,3,11.041,0,NORMAL
2026-09-18 12:45:00,R2,3.026,7.696,0.3932,3.026,0,0,0.0,0.3932,2,10.758,0,NORMAL
2026-09-18 13:00:00,R1,7.212,11.122,0.6485,7.212,0,0,0.0,0.6485,3,11.167,0,NORMAL
2026-09-18 13:00:00,R2,2.668,7.726,0.3454,2.668,0,0,0.0,0.3454,2,10.717,0,NORMAL
2026-09-18 13:15:00,R1,7.745,10.861,0.7131,7.745,0,0,0.0,0.7131,3,11.436,0,NORMAL
2026-09-18 13:15:00,R2,2.817,8.206,0.3434,2.817,0,0,0.0,0.3434,2,10.091,0,NORMAL
2026-09-18 13:30:00,R1,6.598,11.262,0.5858,6.598,0,0,0.0,0.5858,3,11.028,0,NORMAL
2026-09-18 13:30:00,R2,2.789,8.243,0.3383,2.789,0,0,0.0,0.3383,2,10.045,0,NORMAL
2026-09-18 13:45:00,R1,6.742,10.498,0.6422,6.742,0,0,0.0,0.6422,3,11.831,0,NORMAL
2026-09-18 13:45:00,R2,3.237,8.375,0.3865,3.237,0,0,0.0,0.3865,2,9.887,0,NORMAL
2026-09-18 14:00:00,R1,7.051,10.585,0.6661,7.051,0,0,0.0,0.6661,3,11.733,0,NORMAL
2026-09-18 14:00:00,R2,2.687,7.631,0.3522,2.687,0,0,0.0,0.3522,2,10.85,0,NORMAL
2026-09-18 14:15:00,R1,7.953,10.601,0.7502,7.953,0,0,0.0,0.7502,3,11.716,0,WARNING
2026-09-18 14:15:00,R2,2.883,7.763,0.3714,2.883,0,0,0.0,0.3714,2,10.666,0,NORMAL
2026-09-18 14:30:00,R1,7.543,10.072,0.749,7.543,0,0,0.0,0.749,3,12.331,0,NORMAL
2026-09-18 14:30:00,R2,2.873,8.231,0.3491,2.873,0,0,0.0,0.3491,2,10.06,0,NORMAL
2026-09-18 14:45:00,R1,8.108,10.267,0.7898,8.108,0,0,0.0,0.7898,3,12.097,0,WARNING
2026-09-18 14:45:00,R2,2.899,8.055,0.3599,2.899,0,0,0.0,0.3599,2,10.279,0,NORMAL
2026-09-18 15:00:00,R1,6.975,10.215,0.6828,6.975,0,0,0.0,0.6828,3,12.158,0,NORMAL
2026-09-18 15:00:00,R2,2.342,8.439,0.2776,2.342,0,0,0.0,0.2776,2,9.811,0,NORMAL
2026-09-18 15:15:00,R1,7.326,10.893,0.6726,7.326,0,0,0.0,0.6726,3,11.402,0,NORMAL
2026-09-18 15:15:00,R2,2.594,7.403,0.3503,2.594,0,0,0.0,0.3503,2,11.185,0,NORMAL
2026-09-18 15:30:00,R1,6.729,10.809,0.6226,6.729,0,0,0.0,0.6226,3,11.491,0,NORMAL
2026-09-18 15:30:00,R2,2.73,8.163,0.3344,2.73,0,0,0.0,0.3344,2,10.143,0,NORMAL
2026-09-18 15:45:00,R1,7.754,10.435,0.7431,7.754,0,0,0.0,0.7431,3,11.902,0,NORMAL
2026-09-18 15:45:00,R2,2.476,7.818,0.3167,2.476,0,0,0.0,0.3167,2,10.591,0,NORMAL
2026-09-18 16:00:00,R1,8.339,10.575,0.7886,8.339,0,0,0.0,0.7886,3,11.745,0,WARNING
2026-09-18 16:00:00,R2,2.483,4.248,0.5846,2.483,0,0,0.0,0.5846,1,9.746,0,NORMAL
2026-09-18 16:15:00,R1,7.329,9.957,0.7361,7.329,0,0,0.0,0.7361,3,12.473,0,NORMAL
2026-09-18 16:15:00,R2,2.644,8.528,0.3101,2.644,0,0,0.0,0.3101,2,9.71,0,NORMAL
2026-09-18 16:30:00,R1,7.694,10.401,0.7398,7.694,0,0,0.0,0.7398,3,11.941,0,NORMAL
2026-09-18 16:30:00,R2,2.62,8.267,0.3169,2.62,0,0,0.0,0.3169,2,10.016,0,NORMAL
2026-09-18 16:45:00,R1,7.275,10.794,0.674,7.275,0,0,0.0,0.674,3,11.507,0,NORMAL
2026-09-18 16:45:00,R2,2.884,8.179,0.3526,2.884,0,0,0.0,0.3526,2,10.124,0,NORMAL
2026-09-18 17:00:00,R1,6.796,10.905,0.6231,6.796,0,0,0.0,0.6231,3,11.389,0,NORMAL
2026-09-18 17:00:00,R2,2.698,8.335,0.3237,2.698,0,0,0.0,0.3237,2,9.934,0,NORMAL
2026-09-18 17:15:00,R1,7.468,10.589,0.7052,7.468,0,0,0.0,0.7052,3,11.729,0,NORMAL
2026-09-18 17:15:00,R2,2.848,7.883,0.3613,2.848,0,0,0.0,0.3613,2,10.503,0,NORMAL
2026-09-18 17:30:00,R1,7.528,10.343,0.7279,7.528,0,0,0.0,0.7279,3,12.009,0,NORMAL
2026-09-18 17:30:00,R2,2.924,8.138,0.3594,2.924,0,0,0.0,0.3594,2,10.175,0,NORMAL
2026-09-18 17:45:00,R1,7.239,10.851,0.6671,7.239,0,0,0.0,0.6671,3,11.446,0,NORMAL
2026-09-18 17:45:00,R2,2.71,7.954,0.3407,2.71,0,0,0.0,0.3407,2,10.41,0,NORMAL
2026-09-18 18:00:00,R1,7.424,10.495,0.7073,7.424,0,0,0.0,0.7073,3,11.834,0,NORMAL
2026-09-18 18:00:00,R2,2.755,7.931,0.3474,2.755,0,0,0.0,0.3474,2,10.44,0,NORMAL
2026-09-18 18:15:00,R1,7.205,11.525,0.6252,7.205,0,0,0.0,0.6252,3,10.776,0,NORMAL
2026-09-18 18:15:00,R2,2.483,8.104,0.3064,2.483,0,0,0.0,0.3064,2,10.217,0,NORMAL
2026-09-18 18:30:00,R1,7.052,11.178,0.6309,7.052,0,0,0.0,0.6309,3,11.111,0,NORMAL
2026-09-18 18:30:00,R2,2.872,8.347,0.3441,2.872,0,0,0.0,0.3441,2,9.92,0,NORMAL
2026-09-18 18:45:00,R1,7.693,10.808,0.7117,7.693,0,0,0.0,0.7117,3,11.491,0,NORMAL
2026-09-18 18:45:00,R2,2.739,7.843,0.3492,2.739,0,0,0.0,0.3492,2,10.557,0,NORMAL
2026-09-18 19:00:00,R1,6.233,6.724,0.927,6.233,0,0,0.0,0.927,2,12.314,0,HIGH
2026-09-18 19:00:00,R2,2.75,8.131,0.3382,2.75,0,0,0.0,0.3382,2,10.183,0,NORMAL
2026-09-18 19:15:00,R1,6.108,10.482,0.5827,6.108,0,0,0.0,0.5827,3,11.849,0,NORMAL
2026-09-18 19:15:00,R2,3.189,7.842,0.4066,3.189,0,0,0.0,0.4066,2,10.558,0,NORMAL
2026-09-18 19:30:00,R1,6.967,10.657,0.6538,6.967,0,0,0.0,0.6538,3,11.655,0,NORMAL
2026-09-18 19:30:00,R2,2.712,7.927,0.3421,2.712,0,0,0.0,0.3421,2,10.446,0,NORMAL
2026-09-18 19:45:00,R1,7.312,6.012,1.2163,6.012,0,1.3,0.0,1.2163,2,13.773,0,HIGH
2026-09-18 19:45:00,R2,2.967,8.431,0.352,2.967,0,0,0.0,0.352,2,9.821,0,NORMAL
2026-09-18 20:00:00,R1,7.748,10.317,0.7509,9.048,1.3,0,1.89,0.877,3,12.038,0,WARNING
2026-09-18 20:00:00,R2,3.031,7.598,0.399,3.031,0,0,0.0,0.399,2,10.898,0,NORMAL
2026-09-18 20:15:00,R1,6.779,11.462,0.5914,6.779,0,0,0.0,0.5914,3,10.836,0,NORMAL
2026-09-18 20:15:00,R2,3.025,7.836,0.3861,3.025,0,0,0.0,0.3861,2,10.566,0,NORMAL
2026-09-18 20:30:00,R1,7.302,6.76,1.0802,6.76,0,0.542,0.0,1.0802,2,12.248,0,HIGH
2026-09-18 20:30:00,R2,2.607,7.397,0.3525,2.607,0,0,0.0,0.3525,2,11.194,0,NORMAL
2026-09-18 20:45:00,R1,7.267,10.22,0.711,7.809,0.542,0,0.796,0.7641,3,12.153,0,WARNING
2026-09-18 20:45:00,R2,2.973,7.696,0.3863,2.973,0,0,0.0,0.3863,2,10.759,0,NORMAL
2026-09-18 21:00:00,R1,6.764,11.114,0.6086,6.764,0,0,0.0,0.6086,3,11.175,0,NORMAL
2026-09-18 21:00:00,R2,3.206,8.237,0.3893,3.206,0,0,0.0,0.3893,2,10.052,0,NORMAL
2026-09-18 21:15:00,R1,7.026,10.394,0.676,7.026,0,0,0.0,0.676,3,11.95,0,NORMAL
2026-09-18 21:15:00,R2,3.147,8.436,0.3731,3.147,0,0,0.0,0.3731,2,9.815,0,NORMAL
2026-09-18 21:30:00,R1,7.288,11.064,0.6587,7.288,0,0,0.0,0.6587,3,11.226,0,NORMAL
2026-09-18 21:30:00,R2,3.221,7.771,0.4145,3.221,0,0,0.0,0.4145,2,10.655,0,NORMAL
2026-09-18 21:45:00,R1,6.808,11.097,0.6135,6.808,0,0,0.0,0.6135,3,11.192,0,NORMAL
2026-09-18 21:45:00,R2,3.092,8.332,0.3711,3.092,0,0,0.0,0.3711,2,9.937,0,NORMAL
2026-09-18 22:00:00,R1,5.744,10.776,0.533,5.744,0,0,0.0,0.533,3,11.526,0,NORMAL
2026-09-18 22:00:00,R2,2.728,8.818,0.3093,2.728,0,0,0.0,0.3093,2,9.39,0,NORMAL
2026-09-18 22:15:00,R1,5.301,10.975,0.4831,5.301,0,0,0.0,0.4831,3,11.317,0,NORMAL
2026-09-18 22:15:00,R2,2.487,7.746,0.3211,2.487,0,0,0.0,0.3211,2,10.689,0,NORMAL
2026-09-18 22:30:00,R1,5.626,10.563,0.5326,5.626,0,0,0.0,0.5326,3,11.758,0,NORMAL
2026-09-18 22:30:00,R2,2.764,8.222,0.3361,2.764,0,0,0.0,0.3361,2,10.07,0,NORMAL
2026-09-18 22:45:00,R1,5.258,10.359,0.5076,5.258,0,0,0.0,0.5076,3,11.989,0,NORMAL
2026-09-18 22:45:00,R2,2.477,8.065,0.3071,2.477,0,0,0.0,0.3071,2,10.267,0,NORMAL
2026-09-18 23:00:00,R1,5.165,11.431,0.4518,5.165,0,0,0.0,0.4518,3,10.865,0,NORMAL
2026-09-18 23:00:00,R2,2.227,8.236,0.2704,2.227,0,0,0.0,0.2704,2,10.054,0,NORMAL
2026-09-18 23:15:00,R1,5.376,10.159,0.5292,5.376,0,0,0.0,0.5292,3,12.226,0,NORMAL
2026-09-18 23:15:00,R2,2.67,7.914,0.3373,2.67,0,0,0.0,0.3373,2,10.462,0,NORMAL
2026-09-18 23:30:00,R1,5.541,11.107,0.4989,5.541,0,0,0.0,0.4989,3,11.183,0,NORMAL
2026-09-18 23:30:00,R2,2.291,7.643,0.2997,2.291,0,0,0.0,0.2997,2,10.834,0,NORMAL
2026-09-18 23:45:00,R1,4.875,10.62,0.4591,4.875,0,0,0.0,0.4591,3,11.695,0,NORMAL
2026-09-18 23:45:00,R2,2.681,4.045,0.6627,2.681,0,0,0.0,0.6627,1,10.234,0,NORMAL
2026-09-19 00:00:00,R1,4.915,11.401,0.4311,4.915,0,0,0.0,0.4311,3,10.894,0,NORMAL
2026-09-19 00:00:00,R2,2.181,8.306,0.2625,2.181,0,0,0.0,0.2625,2,9.968,0,NORMAL
2026-09-19 00:15:00,R1,4.459,10.974,0.4063,4.459,0,0,0.0,0.4063,3,11.317,0,NORMAL
2026-09-19 00:15:00,R2,2.036,7.881,0.2584,2.036,0,0,0.0,0.2584,2,10.507,0,NORMAL
2026-09-19 00:30:00,R1,4.125,10.832,0.3808,4.125,0,0,0.0,0.3808,3,11.466,0,NORMAL
2026-09-19 00:30:00,R2,2.029,7.877,0.2576,2.029,0,0,0.0,0.2576,2,10.512,0,NORMAL
2026-09-19 00:45:00,R1,4.799,10.637,0.4512,4.799,0,0,0.0,0.4512,3,11.676,0,NORMAL
2026-09-19 00:45:00,R2,2.259,8.064,0.2801,2.259,0,0,0.0,0.2801,2,10.267,0,NORMAL
2026-09-19 01:00:00,R1,4.198,10.39,0.404,4.198,0,0,0.0,0.404,3,11.953,0,NORMAL
2026-09-19 01:00:00,R2,2.374,7.814,0.3038,2.374,0,0,0.0,0.3038,2,10.596,0,NORMAL
2026-09-19 01:15:00,R1,4.314,10.356,0.4166,4.314,0,0,0.0,0.4166,3,11.994,0,NORMAL
2026-09-19 01:15:00,R2,2.234,8.087,0.2762,2.234,0,0,0.0,0.2762,2,10.239,0,NORMAL
2026-09-19 01:30:00,R1,4.402,10.644,0.4135,4.402,0,0,0.0,0.4135,3,11.668,0,NORMAL
2026-09-19 01:30:00,R2,2.272,7.762,0.2927,2.272,0,0,0.0,0.2927,2,10.667,0,NORMAL
2026-09-19 01:45:00,R1,3.738,11.824,0.3162,3.738,0,0,0.0,0.3162,3,10.504,0,NORMAL
2026-09-19 01:45:00,R2,2.336,8.288,0.2819,2.336,0,0,0.0,0.2819,2,9.991,0,NORMAL
2026-09-19 02:00:00,R1,4.524,10.65,0.4248,4.524,0,0,0.0,0.4248,3,11.662,0,NORMAL
2026-09-19 02:00:00,R2,2.014,7.219,0.2789,2.014,0,0,0.0,0.2789,2,11.469,0,NORMAL
2026-09-19 02:15:00,R1,4.943,10.377,0.4764,4.943,0,0,0.0,0.4764,3,11.969,0,NORMAL
2026-09-19 02:15:00,R2,2.368,8.234,0.2876,2.368,0,0,0.0,0.2876,2,10.056,0,NORMAL
2026-09-19 02:30:00,R1,4.032,11.172,0.3609,4.032,0,0,0.0,0.3609,3,11.117,0,NORMAL
2026-09-19 02:30:00,R2,2.287,8.319,0.2749,2.287,0,0,0.0,0.2749,2,9.953,0,NORMAL
2026-09-19 02:45:00,R1,4.589,10.791,0.4253,4.589,0,0,0.0,0.4253,3,11.509,0,NORMAL
2026-09-19 02:45:00,R2,2.372,8.2,0.2892,2.372,0,0,0.0,0.2892,2,10.098,0,NORMAL
2026-09-19 03:00:00,R1,3.907,11.073,0.3528,3.907,0,0,0.0,0.3528,3,11.216,0,NORMAL
2026-09-19 03:00:00,R2,2.533,8.339,0.3037,2.533,0,0,0.0,0.3037,2,9.929,0,NORMAL
2026-09-19 03:15:00,R1,3.94,9.976,0.3949,3.94,0,0,0.0,0.3949,3,12.45,0,NORMAL
2026-09-19 03:15:00,R2,2.231,7.646,0.2918,2.231,0,0,0.0,0.2918,2,10.829,0,NORMAL
2026-09-19 03:30:00,R1,4.148,10.673,0.3886,4.148,0,0,0.0,0.3886,3,11.636,0,NORMAL
2026-09-19 03:30:00,R2,2.117,8.222,0.2575,2.117,0,0,0.0,0.2575,2,10.07,0,NORMAL
2026-09-19 03:45:00,R1,4.418,10.896,0.4054,4.418,0,0,0.0,0.4054,3,11.398,0,NORMAL
2026-09-19 03:45:00,R2,1.763,8.228,0.2142,1.763,0,0,0.0,0.2142,2,10.063,0,NORMAL
2026-09-19 04:00:00,R1,4.544,10.642,0.427,4.544,0,0,0.0,0.427,3,11.671,0,NORMAL
2026-09-19 04:00:00,R2,1.877,7.831,0.2397,1.877,0,0,0.0,0.2397,2,10.573,0,NORMAL
2026-09-19 04:15:00,R1,5.257,10.488,0.5013,5.257,0,0,0.0,0.5013,3,11.842,0,NORMAL
2026-09-19 04:15:00,R2,1.97,8.333,0.2365,1.97,0,0,0.0,0.2365,2,9.937,0,NORMAL
2026-09-19 04:30:00,R1,4.364,10.731,0.4067,4.364,0,0,0.0,0.4067,3,11.574,0,NORMAL
2026-09-19 04:30:00,R2,2.037,7.824,0.2604,2.037,0,0,0.0,0.2604,2,10.583,0,NORMAL
2026-09-19 04:45:00,R1,4.051,10.828,0.3741,4.051,0,0,0.0,0.3741,3,11.471,0,NORMAL
2026-09-19 04:45:00,R2,2.178,8.5,0.2563,2.178,0,0,0.0,0.2563,2,9.741,0,NORMAL
2026-09-19 05:00:00,R1,4.671,10.906,0.4283,4.671,0,0,0.0,0.4283,3,11.389,0,NORMAL
2026-09-19 05:00:00,R2,2.259,7.501,0.3011,2.259,0,0,0.0,0.3011,2,11.039,0,NORMAL
2026-09-19 05:15:00,R1,5.162,10.956,0.4712,5.162,0,0,0.0,0.4712,3,11.337,0,NORMAL
2026-09-19 05:15:00,R2,2.393,8.42,0.2843,2.393,0,0,0.0,0.2843,2,9.834,0,NORMAL
2026-09-19 05:30:00,R1,4.456,11.115,0.4009,4.456,0,0,0.0,0.4009,3,11.174,0,NORMAL
2026-09-19 05:30:00,R2,2.056,8.144,0.2524,2.056,0,0,0.0,0.2524,2,10.167,0,NORMAL
2026-09-19 05:45:00,R1,4.207,10.749,0.3913,4.207,0,0,0.0,0.3913,3,11.554,0,NORMAL
2026-09-19 05:45:00,R2,1.983,8.491,0.2335,1.983,0,0,0.0,0.2335,2,9.751,0,NORMAL
2026-09-19 06:00:00,R1,5.286,10.626,0.4975,5.286,0,0,0.0,0.4975,3,11.688,0,NORMAL
2026-09-19 06:00:00,R2,2.961,7.748,0.3822,2.961,0,0,0.0,0.3822,2,10.687,0,NORMAL
2026-09-19 06:15:00,R1,5.14,10.61,0.4845,5.14,0,0,0.0,0.4845,3,11.706,0,NORMAL
2026-09-19 06:15:00,R2,2.872,7.968,0.3605,2.872,0,0,0.0,0.3605,2,10.392,0,NORMAL
2026-09-19 06:30:00,R1,5.318,10.814,0.4918,5.318,0,0,0.0,0.4918,3,11.485,0,NORMAL
2026-09-19 06:30:00,R2,2.398,7.662,0.313,2.398,0,0,0.0,0.313,2,10.807,0,NORMAL
2026-09-19 06:45:00,R1,5.834,10.768,0.5418,5.834,0,0,0.0,0.5418,3,11.535,0,NORMAL
2026-09-19 06:45:00,R2,2.76,3.841,0.7186,2.76,0,0,0.0,0.7186,1,10.778,0,NORMAL
2026-09-19 07:00:00,R1,5.437,10.75,0.5058,5.437,0,0,0.0,0.5058,3,11.554,0,NORMAL
2026-09-19 07:00:00,R2,3.031,7.87,0.3851,3.031,0,0,0.0,0.3851,2,10.52,0,NORMAL
2026-09-19 07:15:00,R1,5.124,6.274,0.8166,5.124,0,0,0.0,0.8166,2,13.198,0,WARNING
2026-09-19 07:15:00,R2,3.035,8.026,0.3781,3.035,0,0,0.0,0.3781,2,10.317,0,NORMAL
2026-09-19 07:30:00,R1,5.124,11.011,0.4654,5.124,0,0,0.0,0.4654,3,11.28,0,NORMAL
2026-09-19 07:30:00,R2,2.603,7.587,0.3431,2.603,0,0,0.0,0.3431,2,10.913,0,NORMAL
2026-09-19 07:45:00,R1,5.638,7.126,0.7912,5.638,0,0,0.0,0.7912,2,11.619,0,WARNING
2026-09-19 07:45:00,R2,2.981,7.867,0.3789,2.981,0,0,0.0,0.3789,2,10.525,0,NORMAL
2026-09-19 08:00:00,R1,6.17,6.473,0.9531,6.17,0,0,0.0,0.9531,2,12.791,0,HIGH
2026-09-19 08:00:00,R2,2.651,8.04,0.3297,2.651,0,0,0.0,0.3297,2,10.298,0,NORMAL
2026-09-19 08:15:00,R1,5.869,10.516,0.5581,5.869,0,0,0.0,0.5581,3,11.81,0,NORMAL
2026-09-19 08:15:00,R2,2.691,8.115,0.3316,2.691,0,0,0.0,0.3316,2,10.204,0,NORMAL
2026-09-19 08:30:00,R1,5.393,10.908,0.4944,5.393,0,0,0.0,0.4944,3,11.386,0,NORMAL
2026-09-19 08:30:00,R2,2.44,8.293,0.2942,2.44,0,0,0.0,0.2942,2,9.984,0,NORMAL
2026-09-19 08:45:00,R1,5.624,10.52,0.5346,5.624,0,0,0.0,0.5346,3,11.806,0,NORMAL
2026-09-19 08:45:00,R2,2.568,7.735,0.3319,2.568,0,0,0.0,0.3319,2,10.704,0,NORMAL
2026-09-19 09:00:00,R1,5.852,11.08,0.5281,5.852,0,0,0.0,0.5281,3,11.209,0,NORMAL
2026-09-19 09:00:00,R2,2.599,7.961,0.3264,2.599,0,0,0.0,0.3264,2,10.4,0,NORMAL
2026-09-19 09:15:00,R1,6.356,10.134,0.6272,6.356,0,0,0.0,0.6272,3,12.255,0,NORMAL
2026-09-19 09:15:00,R2,2.467,8.305,0.297,2.467,0,0,0.0,0.297,2,9.969,0,NORMAL
2026-09-19 09:30:00,R1,5.903,10.974,0.5379,5.903,0,0,0.0,0.5379,3,11.318,0,NORMAL
2026-09-19 09:30:00,R2,2.582,8.09,0.3192,2.582,0,0,0.0,0.3192,2,10.235,0,NORMAL
2026-09-19 09:45:00,R1,6.172,10.854,0.5687,6.172,0,0,0.0,0.5687,3,11.443,0,NORMAL
2026-09-19 09:45:00,R2,2.635,8.276,0.3184,2.635,0,0,0.0,0.3184,2,10.005,0,NORMAL
2026-09-19 10:00:00,R1,6.423,9.921,0.6474,6.423,0,0,0.0,0.6474,3,12.519,0,NORMAL
2026-09-19 10:00:00,R2,2.085,7.95,0.2622,2.085,0,0,0.0,0.2622,2,10.415,0,NORMAL
2026-09-19 10:15:00,R1,5.474,9.449,0.5793,5.474,0,0,0.0,0.5793,3,13.144,0,NORMAL
2026-09-19 10:15:00,R2,2.124,8.049,0.2639,2.124,0,0,0.0,0.2639,2,10.288,0,NORMAL
2026-09-19 10:30:00,R1,5.735,9.199,0.6234,5.735,0,0,0.0,0.6234,3,13.501,0,NORMAL
2026-09-19 10:30:00,R2,2.882,7.731,0.3728,2.882,0,0,0.0,0.3728,2,10.711,0,NORMAL
2026-09-19 10:45:00,R1,6.119,10.086,0.6067,6.119,0,0,0.0,0.6067,3,12.314,0,NORMAL
2026-09-19 10:45:00,R2,2.274,8.257,0.2754,2.274,0,0,0.0,0.2754,2,10.027,0,NORMAL
2026-09-19 11:00:00,R1,5.528,10.61,0.521,5.528,0,0,0.0,0.521,3,11.706,0,NORMAL
2026-09-19 11:00:00,R2,2.422,8.065,0.3003,2.422,0,0,0.0,0.3003,2,10.266,0,NORMAL
2026-09-19 11:15:00,R1,5.865,10.679,0.5492,5.865,0,0,0.0,0.5492,3,11.63,0,NORMAL
2026-09-19 11:15:00,R2,2.365,7.867,0.3007,2.365,0,0,0.0,0.3007,2,10.525,0,NORMAL
2026-09-19 11:30:00,R1,5.718,11.51,0.4968,5.718,0,0,0.0,0.4968,3,10.79,0,NORMAL
2026-09-19 11:30:00,R2,2.458,8.079,0.3042,2.458,0,0,0.0,0.3042,2,10.249,0,NORMAL
2026-09-19 11:45:00,R1,4.411,10.757,0.4101,4.411,0,0,0.0,0.4101,3,11.546,0,NORMAL
2026-09-19 11:45:00,R2,2.239,7.858,0.285,2.239,0,0,0.0,0.285,2,10.537,0,NORMAL
2026-09-19 12:00:00,R1,6.165,11.058,0.5575,6.165,0,0,0.0,0.5575,3,11.232,0,NORMAL
2026-09-19 12:00:00,R2,2.055,8.638,0.2378,2.055,0,0,0.0,0.2378,2,9.585,0,NORMAL
2026-09-19 12:15:00,R1,4.87,10.776,0.4519,4.87,0,0,0.0,0.4519,3,11.526,0,NORMAL
2026-09-19 12:15:00,R2,2.102,8.094,0.2597,2.102,0,0,0.0,0.2597,2,10.23,0,NORMAL
2026-09-19 12:30:00,R1,5.442,11.198,0.486,5.442,0,0,0.0,0.486,3,11.092,0,NORMAL
2026-09-19 12:30:00,R2,2.002,8.71,0.2299,2.002,0,0,0.0,0.2299,2,9.507,0,NORMAL
2026-09-19 12:45:00,R1,5.844,10.393,0.5623,5.844,0,0,0.0,0.5623,3,11.95,0,NORMAL
2026-09-19 12:45:00,R2,2.625,7.943,0.3304,2.625,0,0,0.0,0.3304,2,10.425,0,NORMAL
2026-09-19 13:00:00,R1,6.144,10.672,0.5757,6.144,0,0,0.0,0.5757,3,11.638,0,NORMAL
2026-09-19 13:00:00,R2,1.981,4.235,0.4677,1.981,0,0,0.0,0.4677,1,9.775,0,NORMAL
2026-09-19 13:15:00,R1,5.611,10.629,0.5279,5.611,0,0,0.0,0.5279,3,11.685,0,NORMAL
2026-09-19 13:15:00,R2,2.502,8.372,0.2989,2.502,0,0,0.0,0.2989,2,9.89,0,NORMAL
2026-09-19 13:30:00,R1,5.689,9.835,0.5784,5.689,0,0,0.0,0.5784,3,12.628,0,NORMAL
2026-09-19 13:30:00,R2,2.528,7.457,0.3391,2.528,0,0,0.0,0.3391,2,11.104,0,NORMAL
2026-09-19 13:45:00,R1,6.072,10.157,0.5978,6.072,0,0,0.0,0.5978,3,12.228,0,NORMAL
2026-09-19 13:45:00,R2,2.339,8.088,0.2892,2.339,0,0,0.0,0.2892,2,10.237,0,NORMAL
2026-09-19 14:00:00,R1,6.395,10.245,0.6242,6.395,0,0,0.0,0.6242,3,12.123,0,NORMAL
2026-09-19 14:00:00,R2,2.472,7.833,0.3156,2.472,0,0,0.0,0.3156,2,10.571,0,NORMAL
2026-09-19 14:15:00,R1,5.469,10.69,0.5116,5.469,0,0,0.0,0.5116,3,11.619,0,NORMAL
2026-09-19 14:15:00,R2,2.415,8.104,0.298,2.415,0,0,0.0,0.298,2,10.217,0,NORMAL
2026-09-19 14:30:00,R1,5.608,10.577,0.5303,5.608,0,0,0.0,0.5303,3,11.743,0,NORMAL
2026-09-19 14:30:00,R2,2.121,7.637,0.2777,2.121,0,0,0.0,0.2777,2,10.842,0,NORMAL
2026-09-19 14:45:00,R1,6.124,11.463,0.5342,6.124,0,0,0.0,0.5342,3,10.835,0,NORMAL
2026-09-19 14:45:00,R2,2.625,7.918,0.3315,2.625,0,0,0.0,0.3315,2,10.458,0,NORMAL
2026-09-19 15:00:00,R1,6.623,10.704,0.6187,6.623,0,0,0.0,0.6187,3,11.603,0,NORMAL
2026-09-19 15:00:00,R2,2.638,8.214,0.3212,2.638,0,0,0.0,0.3212,2,10.08,0,NORMAL
2026-09-19 15:15:00,R1,5.794,11.447,0.5062,5.794,0,0,0.0,0.5062,3,10.85,0,NORMAL
2026-09-19 15:15:00,R2,2.04,7.942,0.2569,2.04,0,0,0.0,0.2569,2,10.425,0,NORMAL
2026-09-19 15:30:00,R1,6.05,10.643,0.5684,6.05,0,0,0.0,0.5684,3,11.669,0,NORMAL
2026-09-19 15:30:00,R2,1.979,7.815,0.2532,1.979,0,0,0.0,0.2532,2,10.595,0,NORMAL
2026-09-19 15:45:00,R1,5.719,11.173,0.5119,5.719,0,0,0.0,0.5119,3,11.116,0,NORMAL
2026-09-19 15:45:00,R2,2.144,7.931,0.2703,2.144,0,0,0.0,0.2703,2,10.44,0,NORMAL
2026-09-19 16:00:00,R1,6.276,10.78,0.5821,6.276,0,0,0.0,0.5821,3,11.521,0,NORMAL
2026-09-19 16:00:00,R2,2.325,8.316,0.2796,2.325,0,0,0.0,0.2796,2,9.956,0,NORMAL
2026-09-19 16:15:00,R1,5.848,10.05,0.5819,5.848,0,0,0.0,0.5819,3,12.358,0,NORMAL
2026-09-19 16:15:00,R2,2.593,7.485,0.3464,2.593,0,0,0.0,0.3464,2,11.061,0,NORMAL
2026-09-19 16:30:00,R1,6.039,10.192,0.5925,6.039,0,0,0.0,0.5925,3,12.186,0,NORMAL
2026-09-19 16:30:00,R2,2.37,7.722,0.3068,2.37,0,0,0.0,0.3068,2,10.722,0,NORMAL
2026-09-19 16:45:00,R1,5.997,11.15,0.5378,5.997,0,0,0.0,0.5378,3,11.139,0,NORMAL
2026-09-19 16:45:00,R2,2.11,8.065,0.2616,2.11,0,0,0.0,0.2616,2,10.267,0,NORMAL
2026-09-19 17:00:00,R1,6.199,11.3,0.5485,6.199,0,0,0.0,0.5485,3,10.991,0,NORMAL
2026-09-19 17:00:00,R2,2.221,8.741,0.2541,2.221,0,0,0.0,0.2541,2,9.473,0,NORMAL
2026-09-19 17:15:00,R1,5.91,10.461,0.565,5.91,0,0,0.0,0.565,3,11.873,0,NORMAL
2026-09-19 17:15:00,R2,2.375,7.791,0.3049,2.375,0,0,0.0,0.3049,2,10.627,0,NORMAL
2026-09-19 17:30:00,R1,6.026,10.448,0.5768,6.026,0,0,0.0,0.5768,3,11.888,0,NORMAL
2026-09-19 17:30:00,R2,2.52,8.004,0.3149,2.52,0,0,0.0,0.3149,2,10.345,0,NORMAL
2026-09-19 17:45:00,R1,5.608,10.943,0.5125,5.608,0,0,0.0,0.5125,3,11.35,0,NORMAL
2026-09-19 17:45:00,R2,2.129,8.849,0.2406,2.129,0,0,0.0,0.2406,2,9.357,0,NORMAL
2026-09-19 18:00:00,R1,6.202,11.254,0.5511,6.202,0,0,0.0,0.5511,3,11.036,0,NORMAL
2026-09-19 18:00:00,R2,1.771,4.064,0.4357,1.771,0,0,0.0,0.4357,1,10.187,0,NORMAL
2026-09-19 18:15:00,R1,5.372,10.642,0.5048,5.372,0,0,0.0,0.5048,3,11.67,0,NORMAL
2026-09-19 18:15:00,R2,2.265,7.958,0.2846,2.265,0,0,0.0,0.2846,2,10.405,0,NORMAL
2026-09-19 18:30:00,R1,5.276,6.925,0.7618,5.276,0,0,0.0,0.7618,2,11.956,0,WARNING
2026-09-19 18:30:00,R2,2.155,8.414,0.2561,2.155,0,0,0.0,0.2561,2,9.84,0,NORMAL
2026-09-19 18:45:00,R1,5.484,10.933,0.5016,5.484,0,0,0.0,0.5016,3,11.36,0,NORMAL
2026-09-19 18:45:00,R2,2.987,7.698,0.388,2.987,0,0,0.0,0.388,2,10.755,0,NORMAL
2026-09-19 19:00:00,R1,4.921,11.208,0.439,4.921,0,0,0.0,0.439,3,11.081,0,NORMAL
2026-09-19 19:00:00,R2,2.506,8.342,0.3005,2.506,0,0,0.0,0.3005,2,9.926,0,NORMAL
2026-09-19 19:15:00,R1,5.264,10.925,0.4818,5.264,0,0,0.0,0.4818,3,11.368,0,NORMAL
2026-09-19 19:15:00,R2,2.52,7.548,0.3338,2.52,0,0,0.0,0.3338,2,10.97,0,NORMAL
2026-09-19 19:30:00,R1,6.334,11.25,0.563,6.334,0,0,0.0,0.563,3,11.04,0,NORMAL
2026-09-19 19:30:00,R2,2.452,7.862,0.3119,2.452,0,0,0.0,0.3119,2,10.532,0,NORMAL
2026-09-19 19:45:00,R1,5.704,10.819,0.5273,5.704,0,0,0.0,0.5273,3,11.48,0,NORMAL
2026-09-19 19:45:00,R2,2.026,7.717,0.2626,2.026,0,0,0.0,0.2626,2,10.73,0,NORMAL
2026-09-19 20:00:00,R1,6.257,10.751,0.582,6.257,0,0,0.0,0.582,3,11.552,0,NORMAL
2026-09-19 20:00:00,R2,2.636,8.11,0.325,2.636,0,0,0.0,0.325,2,10.209,0,NORMAL
2026-09-19 20:15:00,R1,6.275,10.547,0.5949,6.275,0,0,0.0,0.5949,3,11.776,0,NORMAL
2026-09-19 20:15:00,R2,2.689,8.389,0.3206,2.689,0,0,0.0,0.3206,2,9.87,0,NORMAL
2026-09-19 20:30:00,R1,5.257,10.589,0.4964,5.257,0,0,0.0,0.4964,3,11.729,0,NORMAL
2026-09-19 20:30:00,R2,2.523,8.474,0.2978,2.523,0,0,0.0,0.2978,2,9.771,0,NORMAL
2026-09-19 20:45:00,R1,5.928,2.973,1.994,2.973,0,2.955,0.0,1.25,1,13.925,0,HIGH
2026-09-19 20:45:00,R2,2.465,8.11,0.3039,2.465,0,0,0.0,0.3039,2,10.209,0,NORMAL
2026-09-19 21:00:00,R1,5.674,10.402,0.5454,8.629,2.955,0,4.261,0.8295,3,11.939,0,WARNING
2026-09-19 21:00:00,R2,2.592,8.323,0.3115,2.592,0,0,0.0,0.3115,2,9.949,0,NORMAL
2026-09-19 21:15:00,R1,4.788,10.08,0.475,4.788,0,0,0.0,0.475,3,12.322,0,NORMAL
2026-09-19 21:15:00,R2,3.066,8.218,0.3731,3.066,0,0,0.0,0.3731,2,10.076,0,NORMAL
2026-09-19 21:30:00,R1,5.225,11.13,0.4695,5.225,0,0,0.0,0.4695,3,11.159,0,NORMAL
2026-09-19 21:30:00,R2,2.495,8.221,0.3034,2.495,0,0,0.0,0.3034,2,10.071,0,NORMAL
2026-09-19 21:45:00,R1,5.774,10.912,0.5292,5.774,0,0,0.0,0.5292,3,11.382,0,NORMAL
2026-09-19 21:45:00,R2,2.879,8.015,0.3591,2.879,0,0,0.0,0.3591,2,10.33,0,NORMAL
2026-09-19 22:00:00,R1,4.191,10.935,0.3833,4.191,0,0,0.0,0.3833,3,11.358,0,NORMAL
2026-09-19 22:00:00,R2,2.493,7.646,0.326,2.493,0,0,0.0,0.326,2,10.83,0,NORMAL
2026-09-19 22:15:00,R1,3.874,10.037,0.386,3.874,0,0,0.0,0.386,3,12.374,0,NORMAL
2026-09-19 22:15:00,R2,2.042,8.361,0.2442,2.042,0,0,0.0,0.2442,2,9.903,0,NORMAL
2026-09-19 22:30:00,R1,4.416,10.651,0.4146,4.416,0,0,0.0,0.4146,3,11.661,0,NORMAL
2026-09-19 22:30:00,R2,2.296,8.185,0.2806,2.296,0,0,0.0,0.2806,2,10.116,0,NORMAL
2026-09-19 22:45:00,R1,5.049,11.207,0.4505,5.049,0,0,0.0,0.4505,3,11.082,0,NORMAL
2026-09-19 22:45:00,R2,2.319,8.046,0.2883,2.319,0,0,0.0,0.2883,2,10.291,0,NORMAL
2026-09-19 23:00:00,R1,3.842,10.749,0.3575,3.842,0,0,0.0,0.3575,3,11.554,0,NORMAL
2026-09-19 23:00:00,R2,1.869,7.976,0.2343,1.869,0,0,0.0,0.2343,2,10.381,0,NORMAL
2026-09-19 23:15:00,R1,4.385,10.375,0.4227,4.385,0,0,0.0,0.4227,3,11.971,0,NORMAL
2026-09-19 23:15:00,R2,2.12,4.071,0.5207,2.12,0,0,0.0,0.5207,1,10.169,0,NORMAL
2026-09-19 23:30:00,R1,3.929,10.905,0.3603,3.929,0,0,0.0,0.3603,3,11.389,0,NORMAL
2026-09-19 23:30:00,R2,2.345,8.187,0.2864,2.345,0,0,0.0,0.2864,2,10.114,0,NORMAL
2026-09-19 23:45:00,R1,5.1,10.696,0.4768,5.1,0,0,0.0,0.4768,3,11.612,0,NORMAL
2026-09-19 23:45:00,R2,1.937,8.778,0.2207,1.937,0,0,0.0,0.2207,2,9.433,0,NORMAL
2026-09-20 00:00:00,R1,4.421,10.083,0.4385,4.421,0,0,0.0,0.4385,3,12.318,0,NORMAL
2026-09-20 00:00:00,R2,2.542,7.919,0.321,2.542,0,0,0.0,0.321,2,10.456,0,NORMAL
2026-09-20 00:15:00,R1,4.251,10.6,0.4011,4.251,0,0,0.0,0.4011,3,11.718,0,NORMAL
2026-09-20 00:15:00,R2,2.048,8.012,0.2556,2.048,0,0,0.0,0.2556,2,10.334,0,NORMAL
2026-09-20 00:30:00,R1,4.492,11.109,0.4044,4.492,0,0,0.0,0.4044,3,11.181,0,NORMAL
2026-09-20 00:30:00,R2,2.347,8.051,0.2915,2.347,0,0,0.0,0.2915,2,10.285,0,NORMAL
2026-09-20 00:45:00,R1,4.835,10.511,0.46,4.835,0,0,0.0,0.46,3,11.817,0,NORMAL
2026-09-20 00:45:00,R2,2.153,7.833,0.2748,2.153,0,0,0.0,0.2748,2,10.571,0,NORMAL
2026-09-20 01:00:00,R1,4.221,10.347,0.408,4.221,0,0,0.0,0.408,3,12.004,0,NORMAL
2026-09-20 01:00:00,R2,2.188,8.042,0.2721,2.188,0,0,0.0,0.2721,2,10.295,0,NORMAL
2026-09-20 01:15:00,R1,4.373,10.465,0.4179,4.373,0,0,0.0,0.4179,3,11.868,0,NORMAL
2026-09-20 01:15:00,R2,2.346,8.269,0.2838,2.346,0,0,0.0,0.2838,2,10.014,0,NORMAL
2026-09-20 01:30:00,R1,4.23,10.577,0.3999,4.23,0,0,0.0,0.3999,3,11.742,0,NORMAL
2026-09-20 01:30:00,R2,2.387,7.215,0.3308,2.387,0,0,0.0,0.3308,2,11.476,0,NORMAL
2026-09-20 01:45:00,R1,3.564,10.921,0.3263,3.564,0,0,0.0,0.3263,3,11.372,0,NORMAL
2026-09-20 01:45:00,R2,2.385,7.92,0.3011,2.385,0,0,0.0,0.3011,2,10.454,0,NORMAL
2026-09-20 02:00:00,R1,3.974,10.655,0.373,3.974,0,0,0.0,0.373,3,11.656,0,NORMAL
2026-09-20 02:00:00,R2,2.325,8.294,0.2803,2.325,0,0,0.0,0.2803,2,9.984,0,NORMAL
2026-09-20 02:15:00,R1,4.144,10.885,0.3807,4.144,0,0,0.0,0.3807,3,11.41,0,NORMAL
2026-09-20 02:15:00,R2,2.186,8.307,0.2632,2.186,0,0,0.0,0.2632,2,9.968,0,NORMAL
2026-09-20 02:30:00,R1,4.692,11.878,0.395,4.692,0,0,0.0,0.395,3,10.456,0,NORMAL
2026-09-20 02:30:00,R2,1.569,7.633,0.2056,1.569,0,0,0.0,0.2056,2,10.847,0,NORMAL
2026-09-20 02:45:00,R1,4.279,10.912,0.3922,4.279,0,0,0.0,0.3922,3,11.382,0,NORMAL
2026-09-20 02:45:00,R2,2.03,8.412,0.2413,2.03,0,0,0.0,0.2413,2,9.843,0,NORMAL
2026-09-20 03:00:00,R1,4.035,11.317,0.3565,4.035,0,0,0.0,0.3565,3,10.974,0,NORMAL
2026-09-20 03:00:00,R2,2.12,8.013,0.2646,2.12,0,0,0.0,0.2646,2,10.333,0,NORMAL
2026-09-20 03:15:00,R1,4.872,10.662,0.457,4.872,0,0,0.0,0.457,3,11.649,0,NORMAL
2026-09-20 03:15:00,R2,2.159,8.56,0.2522,2.159,0,0,0.0,0.2522,2,9.673,0,NORMAL
2026-09-20 03:30:00,R1,4.106,10.008,0.4102,4.106,0,0,0.0,0.4102,3,12.41,0,NORMAL
2026-09-20 03:30:00,R2,1.981,7.489,0.2645,1.981,0,0,0.0,0.2645,2,11.056,0,NORMAL
2026-09-20 03:45:00,R1,4.752,11.161,0.4258,4.752,0,0,0.0,0.4258,3,11.128,0,NORMAL
2026-09-20 03:45:00,R2,1.965,8.062,0.2437,1.965,0,0,0.0,0.2437,2,10.27,0,NORMAL
2026-09-20 04:00:00,R1,4.483,10.818,0.4144,4.483,0,0,0.0,0.4144,3,11.481,0,NORMAL
2026-09-20 04:00:00,R2,1.851,8.238,0.2247,1.851,0,0,0.0,0.2247,2,10.051,0,NORMAL
2026-09-20 04:15:00,R1,4.064,10.604,0.3833,4.064,0,0,0.0,0.3833,3,11.713,0,NORMAL
2026-09-20 04:15:00,R2,2.231,8.091,0.2758,2.231,0,0,0.0,0.2758,2,10.233,0,NORMAL
2026-09-20 04:30:00,R1,4.826,11.253,0.4289,4.826,0,0,0.0,0.4289,3,11.038,0,NORMAL
2026-09-20 04:30:00,R2,2.323,7.792,0.2981,2.323,0,0,0.0,0.2981,2,10.626,0,NORMAL
2026-09-20 04:45:00,R1,4.423,10.888,0.4062,4.423,0,0,0.0,0.4062,3,11.407,0,NORMAL
2026-09-20 04:45:00,R2,2.005,8.173,0.2453,2.005,0,0,0.0,0.2453,2,10.13,0,NORMAL
2026-09-20 05:00:00,R1,5.226,10.749,0.4861,5.226,0,0,0.0,0.4861,3,11.554,0,NORMAL
2026-09-20 05:00:00,R2,2.127,8.167,0.2605,2.127,0,0,0.0,0.2605,2,10.138,0,NORMAL
2026-09-20 05:15:00,R1,5.102,10.812,0.4718,5.102,0,0,0.0,0.4718,3,11.487,0,NORMAL
2026-09-20 05:15:00,R2,2.021,8.696,0.2324,2.021,0,0,0.0,0.2324,2,9.521,0,NORMAL
2026-09-20 05:30:00,R1,3.969,10.716,0.3703,3.969,0,0,0.0,0.3703,3,11.59,0,NORMAL
2026-09-20 05:30:00,R2,1.874,8.208,0.2284,1.874,0,0,0.0,0.2284,2,10.088,0,NORMAL
2026-09-20 05:45:00,R1,5.175,10.455,0.495,5.175,0,0,0.0,0.495,3,11.879,0,NORMAL
2026-09-20 05:45:00,R2,1.903,7.614,0.2499,1.903,0,0,0.0,0.2499,2,10.875,0,NORMAL
2026-09-20 06:00:00,R1,5.341,10.877,0.491,5.341,0,0,0.0,0.491,3,11.418,0,NORMAL
2026-09-20 06:00:00,R2,2.895,4.168,0.6946,2.895,0,0,0.0,0.6946,1,9.933,0,NORMAL
2026-09-20 06:15:00,R1,5.419,6.836,0.7927,5.419,0,0,0.0,0.7927,2,12.113,0,WARNING
2026-09-20 06:15:00,R2,2.913,7.742,0.3762,2.913,0,0,0.0,0.3762,2,10.695,0,NORMAL
2026-09-20 06:30:00,R1,5.811,10.927,0.5318,5.811,0,0,0.0,0.5318,3,11.366,0,NORMAL
2026-09-20 06:30:00,R2,2.655,7.967,0.3333,2.655,0,0,0.0,0.3333,2,10.393,0,NORMAL
2026-09-20 06:45:00,R1,5.304,11.04,0.4804,5.304,0,0,0.0,0.4804,3,11.25,0,NORMAL
2026-09-20 06:45:00,R2,2.857,7.869,0.3631,2.857,0,0,0.0,0.3631,2,10.522,0,NORMAL
2026-09-20 07:00:00,R1,5.133,10.604,0.484,5.133,0,0,0.0,0.484,3,11.712,0,NORMAL
2026-09-20 07:00:00,R2,2.555,7.787,0.3281,2.555,0,0,0.0,0.3281,2,10.634,0,NORMAL
2026-09-20 07:15:00,R1,5.497,10.17,0.5405,5.497,0,0,0.0,0.5405,3,12.212,0,NORMAL
2026-09-20 07:15:00,R2,2.967,7.712,0.3847,2.967,0,0,0.0,0.3847,2,10.736,0,NORMAL
2026-09-20 07:30:00,R1,4.934,10.754,0.4589,4.934,0,0,0.0,0.4589,3,11.549,0,NORMAL
2026-09-20 07:30:00,R2,2.926,7.911,0.3699,2.926,0,0,0.0,0.3699,2,10.467,0,NORMAL
2026-09-20 07:45:00,R1,6.071,10.274,0.5909,6.071,0,0,0.0,0.5909,3,12.088,0,NORMAL
2026-09-20 07:45:00,R2,2.504,8.367,0.2993,2.504,0,0,0.0,0.2993,2,9.897,0,NORMAL
2026-09-20 08:00:00,R1,5.709,10.95,0.5214,5.709,0,0,0.0,0.5214,3,11.343,0,NORMAL
2026-09-20 08:00:00,R2,2.673,8.583,0.3114,2.673,0,0,0.0,0.3114,2,9.647,0,NORMAL
2026-09-20 08:15:00,R1,6.051,11.533,0.5246,6.051,0,0,0.0,0.5246,3,10.769,0,NORMAL
2026-09-20 08:15:00,R2,2.358,7.9,0.2985,2.358,0,0,0.0,0.2985,2,10.481,0,NORMAL
2026-09-20 08:30:00,R1,5.993,10.776,0.5561,5.993,0,0,0.0,0.5561,3,11.526,0,NORMAL
2026-09-20 08:30:00,R2,2.816,8.053,0.3497,2.816,0,0,0.0,0.3497,2,10.282,0,NORMAL
2026-09-20 08:45:00,R1,5.389,10.676,0.5048,5.389,0,0,0.0,0.5048,3,11.633,0,NORMAL
2026-09-20 08:45:00,R2,2.548,8.013,0.318,2.548,0,0,0.0,0.318,2,10.333,0,NORMAL
2026-09-20 09:00:00,R1,5.567,10.459,0.5323,5.567,0,0,0.0,0.5323,3,11.875,0,NORMAL
2026-09-20 09:00:00,R2,2.826,8.492,0.3328,2.826,0,0,0.0,0.3328,2,9.751,0,NORMAL
2026-09-20 09:15:00,R1,5.612,10.567,0.5311,5.612,0,0,0.0,0.5311,3,11.754,0,NORMAL
2026-09-20 09:15:00,R2,2.265,8.191,0.2765,2.265,0,0,0.0,0.2765,2,10.109,0,NORMAL
2026-09-20 09:30:00,R1,5.623,10.688,0.5261,5.623,0,0,0.0,0.5261,3,11.621,0,NORMAL
2026-09-20 09:30:00,R2,2.524,8.979,0.2811,2.524,0,0,0.0,0.2811,2,9.221,0,NORMAL
2026-09-20 09:45:00,R1,5.758,9.649,0.5968,5.758,0,0,0.0,0.5968,3,12.872,0,NORMAL
2026-09-20 09:45:00,R2,2.863,8.602,0.3328,2.863,0,0,0.0,0.3328,2,9.626,0,NORMAL
2026-09-20 10:00:00,R1,6.148,10.781,0.5703,6.148,0,0,0.0,0.5703,3,11.52,0,NORMAL
2026-09-20 10:00:00,R2,2.702,7.617,0.3547,2.702,0,0,0.0,0.3547,2,10.87,0,NORMAL
2026-09-20 10:15:00,R1,6.135,6.857,0.8947,6.135,0,0,0.0,0.8947,2,12.075,0,WARNING
2026-09-20 10:15:00,R2,2.581,8.134,0.3173,2.581,0,0,0.0,0.3173,2,10.179,0,NORMAL
2026-09-20 10:30:00,R1,5.376,6.991,0.769,5.376,0,0,0.0,0.769,2,11.843,0,WARNING
2026-09-20 10:30:00,R2,2.52,8.136,0.3098,2.52,0,0,0.0,0.3098,2,10.177,0,NORMAL
2026-09-20 10:45:00,R1,5.298,10.697,0.4953,5.298,0,0,0.0,0.4953,3,11.61,0,NORMAL
2026-09-20 10:45:00,R2,2.53,7.904,0.3201,2.53,0,0,0.0,0.3201,2,10.476,0,NORMAL
2026-09-20 11:00:00,R1,5.757,11.093,0.5189,5.757,0,0,0.0,0.5189,3,11.196,0,NORMAL
2026-09-20 11:00:00,R2,2.258,7.77,0.2906,2.258,0,0,0.0,0.2906,2,10.656,0,NORMAL
2026-09-20 11:15:00,R1,6.142,10.679,0.5752,6.142,0,0,0.0,0.5752,3,11.63,0,NORMAL
2026-09-20 11:15:00,R2,2.795,7.88,0.3548,2.795,0,0,0.0,0.3548,2,10.508,0,NORMAL
2026-09-20 11:30:00,R1,5.478,10.888,0.5032,5.478,0,0,0.0,0.5032,3,11.407,0,NORMAL
2026-09-20 11:30:00,R2,2.369,8.243,0.2873,2.369,0,0,0.0,0.2873,2,10.045,0,NORMAL
2026-09-20 11:45:00,R1,5.136,10.027,0.5122,5.136,0,0,0.0,0.5122,3,12.386,0,NORMAL
2026-09-20 11:45:00,R2,2.785,8.315,0.3349,2.785,0,0,0.0,0.3349,2,9.958,0,NORMAL
2026-09-20 12:00:00,R1,5.833,11.093,0.5259,5.833,0,0,0.0,0.5259,3,11.196,0,NORMAL
2026-09-20 12:00:00,R2,2.439,8.163,0.2988,2.439,0,0,0.0,0.2988,2,10.144,0,NORMAL
2026-09-20 12:15:00,R1,6.021,10.843,0.5553,6.021,0,0,0.0,0.5553,3,11.454,0,NORMAL
2026-09-20 12:15:00,R2,2.6,7.704,0.3375,2.6,0,0,0.0,0.3375,2,10.748,0,NORMAL
2026-09-20 12:30:00,R1,5.63,10.691,0.5266,5.63,0,0,0.0,0.5266,3,11.617,0,NORMAL
2026-09-20 12:30:00,R2,2.63,8.094,0.3249,2.63,0,0,0.0,0.3249,2,10.23,0,NORMAL
2026-09-20 12:45:00,R1,5.536,10.717,0.5166,5.536,0,0,0.0,0.5166,3,11.589,0,NORMAL
2026-09-20 12:45:00,R2,2.349,7.808,0.3009,2.349,0,0,0.0,0.3009,2,10.604,0,NORMAL
2026-09-20 13:00:00,R1,5.95,10.941,0.5438,5.95,0,0,0.0,0.5438,3,11.352,0,NORMAL
2026-09-20 13:00:00,R2,2.104,7.779,0.2704,2.104,0,0,0.0,0.2704,2,10.644,0,NORMAL
2026-09-20 13:15:00,R1,5.888,10.22,0.5761,5.888,0,0,0.0,0.5761,3,12.153,0,NORMAL
2026-09-20 13:15:00,R2,2.111,8.632,0.2445,2.111,0,0,0.0,0.2445,2,9.592,0,NORMAL
2026-09-20 13:30:00,R1,5.102,11.089,0.4601,5.102,0,0,0.0,0.4601,3,11.2,0,NORMAL
2026-09-20 13:30:00,R2,2.572,7.916,0.3249,2.572,0,0,0.0,0.3249,2,10.459,0,NORMAL
2026-09-20 13:45:00,R1,5.99,10.679,0.5609,5.99,0,0,0.0,0.5609,3,11.63,0,NORMAL
2026-09-20 13:45:00,R2,2.247,8.172,0.2749,2.247,0,0,0.0,0.2749,2,10.132,0,NORMAL
2026-09-20 14:00:00,R1,6.122,10.584,0.5784,6.122,0,0,0.0,0.5784,3,11.734,0,NORMAL
2026-09-20 14:00:00,R2,2.176,9.287,0.2343,2.176,0,0,0.0,0.2343,2,8.916,0,NORMAL
2026-09-20 14:15:00,R1,6.115,10.782,0.5671,6.115,0,0,0.0,0.5671,3,11.519,0,NORMAL
2026-09-20 14:15:00,R2,2.874,7.982,0.3601,2.874,0,0,0.0,0.3601,2,10.373,0,NORMAL
2026-09-20 14:30:00,R1,6.292,11.31,0.5563,6.292,0,0,0.0,0.5563,3,10.981,0,NORMAL
2026-09-20 14:30:00,R2,1.942,8.165,0.2379,1.942,0,0,0.0,0.2379,2,10.14,0,NORMAL
2026-09-20 14:45:00,R1,6.153,10.939,0.5625,6.153,0,0,0.0,0.5625,3,11.353,0,NORMAL
2026-09-20 14:45:00,R2,2.454,8.067,0.3042,2.454,0,0,0.0,0.3042,2,10.264,0,NORMAL
2026-09-20 15:00:00,R1,6.194,10.506,0.5895,6.194,0,0,0.0,0.5895,3,11.821,0,NORMAL
2026-09-20 15:00:00,R2,2.335,7.993,0.2921,2.335,0,0,0.0,0.2921,2,10.359,0,NORMAL
2026-09-20 15:15:00,R1,6.127,10.805,0.567,6.127,0,0,0.0,0.567,3,11.495,0,NORMAL
2026-09-20 15:15:00,R2,2.21,7.927,0.2788,2.21,0,0,0.0,0.2788,2,10.446,0,NORMAL
2026-09-20 15:30:00,R1,6.146,10.886,0.5646,6.146,0,0,0.0,0.5646,3,11.409,0,NORMAL
2026-09-20 15:30:00,R2,2.398,7.768,0.3087,2.398,0,0,0.0,0.3087,2,10.659,0,NORMAL
2026-09-20 15:45:00,R1,6.25,10.56,0.5918,6.25,0,0,0.0,0.5918,3,11.761,0,NORMAL
2026-09-20 15:45:00,R2,2.459,7.888,0.3117,2.459,0,0,0.0,0.3117,2,10.497,0,NORMAL
2026-09-20 16:00:00,R1,5.822,10.659,0.5462,5.822,0,0,0.0,0.5462,3,11.652,0,NORMAL
2026-09-20 16:00:00,R2,2.533,8.44,0.3002,2.533,0,0,0.0,0.3002,2,9.811,0,NORMAL
2026-09-20 16:15:00,R1,5.736,11.895,0.4822,5.736,0,0,0.0,0.4822,3,10.441,0,NORMAL
2026-09-20 16:15:00,R2,2.659,8.004,0.3322,2.659,0,0,0.0,0.3322,2,10.344,0,NORMAL
2026-09-20 16:30:00,R1,6.364,10.672,0.5963,6.364,0,0,0.0,0.5963,3,11.637,0,NORMAL
2026-09-20 16:30:00,R2,2.571,8.737,0.2942,2.571,0,0,0.0,0.2942,2,9.477,0,NORMAL
2026-09-20 16:45:00,R1,6.259,6.816,0.9183,6.259,0,0,0.0,0.9183,2,12.147,0,HIGH
2026-09-20 16:45:00,R2,2.508,4.159,0.603,2.508,0,0,0.0,0.603,1,9.954,0,NORMAL
2026-09-20 17:00:00,R1,5.379,11.246,0.4783,5.379,0,0,0.0,0.4783,3,11.044,0,NORMAL
2026-09-20 17:00:00,R2,2.293,7.945,0.2887,2.293,0,0,0.0,0.2887,2,10.421,0,NORMAL
2026-09-20 17:15:00,R1,6.179,10.191,0.6063,6.179,0,0,0.0,0.6063,3,12.187,0,NORMAL
2026-09-20 17:15:00,R2,2.779,8.746,0.3178,2.779,0,0,0.0,0.3178,2,9.467,0,NORMAL
2026-09-20 17:30:00,R1,6.005,10.554,0.569,6.005,0,0,0.0,0.569,3,11.768,0,NORMAL
2026-09-20 17:30:00,R2,2.123,8.163,0.2601,2.123,0,0,0.0,0.2601,2,10.144,0,NORMAL
2026-09-20 17:45:00,R1,6.466,11.098,0.5826,6.466,0,0,0.0,0.5826,3,11.191,0,NORMAL
2026-09-20 17:45:00,R2,2.575,8.095,0.3181,2.575,0,0,0.0,0.3181,2,10.228,0,NORMAL
2026-09-20 18:00:00,R1,6.098,10.6,0.5753,6.098,0,0,0.0,0.5753,3,11.716,0,NORMAL
2026-09-20 18:00:00,R2,2.586,7.93,0.3262,2.586,0,0,0.0,0.3262,2,10.442,0,NORMAL
2026-09-20 18:15:00,R1,6.138,10.689,0.5743,6.138,0,0,0.0,0.5743,3,11.62,0,NORMAL
2026-09-20 18:15:00,R2,2.477,8.229,0.301,2.477,0,0,0.0,0.301,2,10.062,0,NORMAL
2026-09-20 18:30:00,R1,5.987,10.713,0.5588,5.987,0,0,0.0,0.5588,3,11.594,0,NORMAL
2026-09-20 18:30:00,R2,2.046,7.984,0.2563,2.046,0,0,0.0,0.2563,2,10.371,0,NORMAL
2026-09-20 18:45:00,R1,6.019,10.784,0.5581,6.019,0,0,0.0,0.5581,3,11.517,0,NORMAL
2026-09-20 18:45:00,R2,2.012,8.072,0.2493,2.012,0,0,0.0,0.2493,2,10.258,0,NORMAL
2026-09-20 19:00:00,R1,4.841,10.545,0.4591,4.841,0,0,0.0,0.4591,3,11.778,0,NORMAL
2026-09-20 19:00:00,R2,2.464,8.201,0.3005,2.464,0,0,0.0,0.3005,2,10.097,0,NORMAL
2026-09-20 19:15:00,R1,5.324,10.407,0.5115,5.324,0,0,0.0,0.5115,3,11.934,0,NORMAL
2026-09-20 19:15:00,R2,2.653,8.136,0.326,2.653,0,0,0.0,0.326,2,10.177,0,NORMAL
2026-09-20 19:30:00,R1,5.924,10.559,0.561,5.924,0,0,0.0,0.561,3,11.763,0,NORMAL
2026-09-20 19:30:00,R2,2.294,8.683,0.2642,2.294,0,0,0.0,0.2642,2,9.536,0,NORMAL
2026-09-20 19:45:00,R1,5.6,10.891,0.5142,5.6,0,0,0.0,0.5142,3,11.404,0,NORMAL
2026-09-20 19:45:00,R2,2.379,4.104,0.5797,2.379,0,0,0.0,0.5797,1,10.089,0,NORMAL
2026-09-20 20:00:00,R1,5.271,6.682,0.7887,5.271,0,0,0.0,0.7887,2,12.391,0,WARNING
2026-09-20 20:00:00,R2,2.756,8.367,0.3295,2.756,0,0,0.0,0.3295,2,9.896,0,NORMAL
2026-09-20 20:15:00,R1,5.85,10.692,0.5471,5.85,0,0,0.0,0.5471,3,11.617,0,NORMAL
2026-09-20 20:15:00,R2,2.451,8.242,0.2973,2.451,0,0,0.0,0.2973,2,10.046,0,NORMAL
2026-09-20 20:30:00,R1,6.28,10.439,0.6016,6.28,0,0,0.0,0.6016,3,11.897,0,NORMAL
2026-09-20 20:30:00,R2,2.703,8.604,0.3142,2.703,0,0,0.0,0.3142,2,9.624,0,NORMAL
2026-09-20 20:45:00,R1,5.5,10.965,0.5016,5.5,0,0,0.0,0.5016,3,11.326,0,NORMAL
2026-09-20 20:45:00,R2,2.369,7.953,0.2978,2.369,0,0,0.0,0.2978,2,10.411,0,NORMAL
2026-09-20 21:00:00,R1,5.638,10.548,0.5346,5.638,0,0,0.0,0.5346,3,11.775,0,NORMAL
2026-09-20 21:00:00,R2,2.544,8.385,0.3033,2.544,0,0,0.0,0.3033,2,9.875,0,NORMAL
2026-09-20 21:15:00,R1,5.773,10.519,0.5489,5.773,0,0,0.0,0.5489,3,11.808,0,NORMAL
2026-09-20 21:15:00,R2,2.517,8.514,0.2957,2.517,0,0,0.0,0.2957,2,9.725,0,NORMAL
2026-09-20 21:30:00,R1,6.024,10.752,0.5603,6.024,0,0,0.0,0.5603,3,11.551,0,NORMAL
2026-09-20 21:30:00,R2,2.351,8.408,0.2796,2.351,0,0,0.0,0.2796,2,9.848,0,NORMAL
2026-09-20 21:45:00,R1,5.591,9.731,0.5746,5.591,0,0,0.0,0.5746,3,12.764,0,NORMAL
2026-09-20 21:45:00,R2,2.642,8.017,0.3295,2.642,0,0,0.0,0.3295,2,10.328,0,NORMAL
2026-09-20 22:00:00,R1,4.623,10.874,0.4251,4.623,0,0,0.0,0.4251,3,11.422,0,NORMAL
2026-09-20 22:00:00,R2,1.722,8.0,0.2152,1.722,0,0,0.0,0.2152,2,10.35,0,NORMAL
2026-09-20 22:15:00,R1,4.382,10.753,0.4075,4.382,0,0,0.0,0.4075,3,11.55,0,NORMAL
2026-09-20 22:15:00,R2,2.545,8.113,0.3136,2.545,0,0,0.0,0.3136,2,10.206,0,NORMAL
2026-09-20 22:30:00,R1,4.437,10.621,0.4178,4.437,0,0,0.0,0.4178,3,11.694,0,NORMAL
2026-09-20 22:30:00,R2,2.198,7.978,0.2755,2.198,0,0,0.0,0.2755,2,10.379,0,NORMAL
2026-09-20 22:45:00,R1,4.857,7.254,0.6696,4.857,0,0,0.0,0.6696,2,11.415,0,NORMAL
2026-09-20 22:45:00,R2,2.29,7.913,0.2894,2.29,0,0,0.0,0.2894,2,10.464,0,NORMAL
2026-09-20 23:00:00,R1,4.734,7.651,0.6188,4.734,0,0,0.0,0.6188,2,10.822,0,NORMAL
2026-09-20 23:00:00,R2,2.204,8.196,0.2689,2.204,0,0,0.0,0.2689,2,10.102,0,NORMAL
2026-09-20 23:15:00,R1,4.675,11.116,0.4206,4.675,0,0,0.0,0.4206,3,11.173,0,NORMAL
2026-09-20 23:15:00,R2,1.999,8.022,0.2492,1.999,0,0,0.0,0.2492,2,10.322,0,NORMAL
2026-09-20 23:30:00,R1,4.291,10.648,0.403,4.291,0,0,0.0,0.403,3,11.664,0,NORMAL
2026-09-20 23:30:00,R2,2.139,7.99,0.2677,2.139,0,0,0.0,0.2677,2,10.363,0,NORMAL
2026-09-20 23:45:00,R1,3.761,11.128,0.3379,3.761,0,0,0.0,0.3379,3,11.161,0,NORMAL
2026-09-20 23:45:00,R2,1.505,8.509,0.1768,1.505,0,0,0.0,0.1768,2,9.731,0,NORMAL
2026-09-21 00:00:00,R1,5.101,10.392,0.4908,5.101,0,0,0.0,0.4908,3,11.952,0,NORMAL
2026-09-21 00:00:00,R2,2.514,8.049,0.3123,2.514,0,0,0.0,0.3123,2,10.287,0,NORMAL
2026-09-21 00:15:00,R1,6.178,11.354,0.5441,6.178,0,0,0.0,0.5441,3,10.939,0,NORMAL
2026-09-21 00:15:00,R2,2.606,7.819,0.3333,2.606,0,0,0.0,0.3333,2,10.59,0,NORMAL
2026-09-21 00:30:00,R1,5.246,10.506,0.4994,5.246,0,0,0.0,0.4994,3,11.822,0,NORMAL
2026-09-21 00:30:00,R2,2.759,8.016,0.3442,2.759,0,0,0.0,0.3442,2,10.33,0,NORMAL
2026-09-21 00:45:00,R1,5.415,10.971,0.4936,5.415,0,0,0.0,0.4936,3,11.321,0,NORMAL
2026-09-21 00:45:00,R2,2.379,7.538,0.3156,2.379,0,0,0.0,0.3156,2,10.984,0,NORMAL
2026-09-21 01:00:00,R1,5.127,11.033,0.4647,5.127,0,0,0.0,0.4647,3,11.257,0,NORMAL
2026-09-21 01:00:00,R2,2.644,7.998,0.3306,2.644,0,0,0.0,0.3306,2,10.353,0,NORMAL
2026-09-21 01:15:00,R1,5.32,10.628,0.5006,5.32,0,0,0.0,0.5006,3,11.687,0,NORMAL
2026-09-21 01:15:00,R2,2.651,7.995,0.3316,2.651,0,0,0.0,0.3316,2,10.357,0,NORMAL
2026-09-21 01:30:00,R1,5.477,10.496,0.5218,5.477,0,0,0.0,0.5218,3,11.833,0,NORMAL
2026-09-21 01:30:00,R2,2.495,8.584,0.2907,2.495,0,0,0.0,0.2907,2,9.646,0,NORMAL
2026-09-21 01:45:00,R1,5.715,10.294,0.5552,5.715,0,0,0.0,0.5552,3,12.065,0,NORMAL
2026-09-21 01:45:00,R2,2.468,7.99,0.3089,2.468,0,0,0.0,0.3089,2,10.363,0,NORMAL
2026-09-21 02:00:00,R1,5.005,10.568,0.4736,5.005,0,0,0.0,0.4736,3,11.753,0,NORMAL
2026-09-21 02:00:00,R2,2.476,8.202,0.3019,2.476,0,0,0.0,0.3019,2,10.095,0,NORMAL
2026-09-21 02:15:00,R1,5.542,10.532,0.5262,5.542,0,0,0.0,0.5262,3,11.793,0,NORMAL
2026-09-21 02:15:00,R2,2.627,8.755,0.3,2.627,0,0,0.0,0.3,2,9.457,0,NORMAL
2026-09-21 02:30:00,R1,4.91,10.731,0.4576,4.91,0,0,0.0,0.4576,3,11.574,0,NORMAL
2026-09-21 02:30:00,R2,2.684,8.36,0.321,2.684,0,0,0.0,0.321,2,9.904,0,NORMAL
2026-09-21 02:45:00,R1,4.614,7.058,0.6538,4.614,0,0,0.0,0.6538,2,11.731,0,NORMAL
2026-09-21 02:45:00,R2,2.882,7.746,0.3721,2.882,0,0,0.0,0.3721,2,10.689,0,NORMAL
2026-09-21 03:00:00,R1,4.984,11.067,0.4504,4.984,0,0,0.0,0.4504,3,11.223,0,NORMAL
2026-09-21 03:00:00,R2,2.704,8.544,0.3164,2.704,0,0,0.0,0.3164,2,9.69,0,NORMAL
2026-09-21 03:15:00,R1,5.537,10.639,0.5205,5.537,0,0,0.0,0.5205,3,11.674,0,NORMAL
2026-09-21 03:15:00,R2,2.363,8.45,0.2796,2.363,0,0,0.0,0.2796,2,9.799,0,NORMAL
2026-09-21 03:30:00,R1,5.493,11.004,0.4992,5.493,0,0,0.0,0.4992,3,11.287,0,NORMAL
2026-09-21 03:30:00,R2,2.537,8.786,0.2888,2.537,0,0,0.0,0.2888,2,9.424,0,NORMAL
2026-09-21 03:45:00,R1,4.974,10.881,0.4571,4.974,0,0,0.0,0.4571,3,11.415,0,NORMAL
2026-09-21 03:45:00,R2,2.279,8.388,0.2717,2.279,0,0,0.0,0.2717,2,9.872,0,NORMAL
2026-09-21 04:00:00,R1,5.239,10.882,0.4815,5.239,0,0,0.0,0.4815,3,11.414,0,NORMAL
2026-09-21 04:00:00,R2,2.912,8.183,0.3559,2.912,0,0,0.0,0.3559,2,10.119,0,NORMAL
2026-09-21 04:15:00,R1,6.419,11.66,0.5505,6.419,0,0,0.0,0.5505,3,10.652,0,NORMAL
2026-09-21 04:15:00,R2,2.79,7.991,0.3491,2.79,0,0,0.0,0.3491,2,10.362,0,NORMAL
2026-09-21 04:30:00,R1,5.408,10.964,0.4932,5.408,0,0,0.0,0.4932,3,11.327,0,NORMAL
2026-09-21 04:30:00,R2,2.548,8.076,0.3156,2.548,0,0,0.0,0.3156,2,10.253,0,NORMAL
2026-09-21 04:45:00,R1,5.29,11.004,0.4808,5.29,0,0,0.0,0.4808,3,11.287,0,NORMAL
2026-09-21 04:45:00,R2,2.731,8.223,0.3322,2.731,0,0,0.0,0.3322,2,10.069,0,NORMAL
2026-09-21 05:00:00,R1,5.699,9.773,0.5832,5.699,0,0,0.0,0.5832,3,12.709,0,NORMAL
2026-09-21 05:00:00,R2,2.737,7.776,0.352,2.737,0,0,0.0,0.352,2,10.648,0,NORMAL
2026-09-21 05:15:00,R1,5.616,10.988,0.5111,5.616,0,0,0.0,0.5111,3,11.303,0,NORMAL
2026-09-21 05:15:00,R2,2.575,8.137,0.3165,2.575,0,0,0.0,0.3165,2,10.175,0,NORMAL
2026-09-21 05:30:00,R1,5.389,10.302,0.5231,5.389,0,0,0.0,0.5231,3,12.056,0,NORMAL
2026-09-21 05:30:00,R2,2.661,7.528,0.3534,2.661,0,0,0.0,0.3534,2,10.999,0,NORMAL
2026-09-21 05:45:00,R1,5.904,10.505,0.562,5.904,0,0,0.0,0.562,3,11.823,0,NORMAL
2026-09-21 05:45:00,R2,2.55,7.666,0.3326,2.55,0,0,0.0,0.3326,2,10.801,0,NORMAL
2026-09-21 06:00:00,R1,6.977,10.186,0.685,6.977,0,0,0.0,0.685,3,12.193,0,NORMAL
2026-09-21 06:00:00,R2,3.363,8.08,0.4162,3.363,0,0,0.0,0.4162,2,10.248,0,NORMAL
2026-09-21 06:15:00,R1,6.34,10.212,0.6208,6.34,0,0,0.0,0.6208,3,12.162,0,NORMAL
2026-09-21 06:15:00,R2,3.323,7.665,0.4336,3.323,0,0,0.0,0.4336,2,10.802,0,NORMAL
2026-09-21 06:30:00,R1,6.701,11.011,0.6086,6.701,0,0,0.0,0.6086,3,11.28,0,NORMAL
2026-09-21 06:30:00,R2,3.059,8.538,0.3583,3.059,0,0,0.0,0.3583,2,9.698,0,NORMAL
2026-09-21 06:45:00,R1,6.64,10.422,0.6371,6.64,0,0,0.0,0.6371,3,11.917,0,NORMAL
2026-09-21 06:45:00,R2,3.219,4.303,0.7479,3.219,0,0,0.0,0.7479,1,9.62,0,NORMAL
2026-09-21 07:00:00,R1,6.532,10.717,0.6095,6.532,0,0,0.0,0.6095,3,11.59,0,NORMAL
2026-09-21 07:00:00,R2,3.146,7.892,0.3987,3.146,0,0,0.0,0.3987,2,10.492,0,NORMAL
2026-09-21 07:15:00,R1,6.692,11.049,0.6057,6.692,0,0,0.0,0.6057,3,11.241,0,NORMAL
2026-09-21 07:15:00,R2,3.131,7.728,0.4052,3.131,0,0,0.0,0.4052,2,10.715,0,NORMAL
2026-09-21 07:30:00,R1,7.557,10.568,0.7151,7.557,0,0,0.0,0.7151,3,11.752,0,NORMAL
2026-09-21 07:30:00,R2,3.052,8.283,0.3685,3.052,0,0,0.0,0.3685,2,9.996,0,NORMAL
2026-09-21 07:45:00,R1,7.163,11.029,0.6494,7.163,0,0,0.0,0.6494,3,11.261,0,NORMAL
2026-09-21 07:45:00,R2,2.924,7.904,0.3699,2.924,0,0,0.0,0.3699,2,10.476,0,NORMAL
2026-09-21 08:00:00,R1,7.143,10.674,0.6692,7.143,0,0,0.0,0.6692,3,11.636,0,NORMAL
2026-09-21 08:00:00,R2,3.232,7.63,0.4236,3.232,0,0,0.0,0.4236,2,10.851,0,NORMAL
2026-09-21 08:15:00,R1,7.175,10.863,0.6605,7.175,0,0,0.0,0.6605,3,11.433,0,NORMAL
2026-09-21 08:15:00,R2,2.779,7.682,0.3617,2.779,0,0,0.0,0.3617,2,10.779,0,NORMAL
2026-09-21 08:30:00,R1,6.924,10.912,0.6346,6.924,0,0,0.0,0.6346,3,11.382,0,NORMAL
2026-09-21 08:30:00,R2,3.294,7.967,0.4135,3.294,0,0,0.0,0.4135,2,10.393,0,NORMAL
2026-09-21 08:45:00,R1,6.528,11.014,0.5927,6.528,0,0,0.0,0.5927,3,11.276,0,NORMAL
2026-09-21 08:45:00,R2,2.986,8.797,0.3394,2.986,0,0,0.0,0.3394,2,9.412,0,NORMAL
2026-09-21 09:00:00,R1,6.852,10.652,0.6432,6.852,0,0,0.0,0.6432,3,11.659,0,NORMAL
2026-09-21 09:00:00,R2,3.478,7.813,0.4451,3.478,0,0,0.0,0.4451,2,10.597,0,NORMAL
2026-09-21 09:15:00,R1,7.275,11.162,0.6517,7.275,0,0,0.0,0.6517,3,11.127,0,NORMAL
2026-09-21 09:15:00,R2,3.038,7.516,0.4042,3.038,0,0,0.0,0.4042,2,11.016,0,NORMAL
2026-09-21 09:30:00,R1,6.354,10.555,0.6019,6.354,0,0,0.0,0.6019,3,11.767,0,NORMAL
2026-09-21 09:30:00,R2,3.04,7.604,0.3997,3.04,0,0,0.0,0.3997,2,10.888,0,NORMAL
2026-09-21 09:45:00,R1,6.727,10.244,0.6567,6.727,0,0,0.0,0.6567,3,12.124,0,NORMAL
2026-09-21 09:45:00,R2,2.902,4.062,0.7143,2.902,0,0,0.0,0.7143,1,10.192,0,NORMAL
2026-09-21 10:00:00,R1,7.116,11.038,0.6446,7.116,0,0,0.0,0.6446,3,11.252,0,NORMAL
2026-09-21 10:00:00,R2,3.264,8.299,0.3932,3.264,0,0,0.0,0.3932,2,9.977,0,NORMAL
2026-09-21 10:15:00,R1,7.421,10.295,0.7208,7.421,0,0,0.0,0.7208,3,12.064,0,NORMAL
2026-09-21 10:15:00,R2,2.991,8.097,0.3694,2.991,0,0,0.0,0.3694,2,10.226,0,NORMAL
2026-09-21 10:30:00,R1,6.948,10.994,0.632,6.948,0,0,0.0,0.632,3,11.297,0,NORMAL
2026-09-21 10:30:00,R2,2.646,8.209,0.3223,2.646,0,0,0.0,0.3223,2,10.087,0,NORMAL
2026-09-21 10:45:00,R1,7.425,10.773,0.6892,7.425,0,0,0.0,0.6892,3,11.528,0,NORMAL
2026-09-21 10:45:00,R2,2.996,7.555,0.3966,2.996,0,0,0.0,0.3966,2,10.96,0,NORMAL
2026-09-21 11:00:00,R1,6.936,10.597,0.6545,6.936,0,0,0.0,0.6545,3,11.72,0,NORMAL
2026-09-21 11:00:00,R2,2.871,8.21,0.3496,2.871,0,0,0.0,0.3496,2,10.085,0,NORMAL
2026-09-21 11:15:00,R1,6.971,10.849,0.6426,6.971,0,0,0.0,0.6426,3,11.448,0,NORMAL
2026-09-21 11:15:00,R2,3.223,8.348,0.3861,3.223,0,0,0.0,0.3861,2,9.918,0,NORMAL
2026-09-21 11:30:00,R1,5.883,10.659,0.5519,5.883,0,0,0.0,0.5519,3,11.652,0,NORMAL
2026-09-21 11:30:00,R2,2.669,7.963,0.3352,2.669,0,0,0.0,0.3352,2,10.399,0,NORMAL
2026-09-21 11:45:00,R1,6.807,10.532,0.6463,6.807,0,0,0.0,0.6463,3,11.793,0,NORMAL
2026-09-21 11:45:00,R2,2.83,7.931,0.3569,2.83,0,0,0.0,0.3569,2,10.44,0,NORMAL
2026-09-21 12:00:00,R1,6.931,6.38,1.0864,6.38,0,0.551,0.0,1.0864,2,12.978,0,HIGH
2026-09-21 12:00:00,R2,3.048,7.479,0.4075,3.048,0,0,0.0,0.4075,2,11.071,0,NORMAL
2026-09-21 12:15:00,R1,6.932,10.472,0.6619,7.483,0.551,0,0.789,0.7146,3,11.86,0,NORMAL
2026-09-21 12:15:00,R2,3.139,7.656,0.41,3.139,0,0,0.0,0.41,2,10.814,0,NORMAL
2026-09-21 12:30:00,R1,7.362,10.765,0.6839,7.362,0,0,0.0,0.6839,3,11.537,0,NORMAL
2026-09-21 12:30:00,R2,2.689,7.879,0.3412,2.689,0,0,0.0,0.3412,2,10.509,0,NORMAL
2026-09-21 12:45:00,R1,7.412,6.191,1.1972,6.191,0,1.221,0.0,1.1972,2,13.374,0,HIGH
2026-09-21 12:45:00,R2,2.504,7.986,0.3135,2.504,0,0,0.0,0.3135,2,10.368,0,NORMAL
2026-09-21 13:00:00,R1,7.022,10.183,0.6895,8.242,1.221,0,1.798,0.8094,3,12.197,0,WARNING
2026-09-21 13:00:00,R2,2.999,8.023,0.3737,2.999,0,0,0.0,0.3737,2,10.32,0,NORMAL
2026-09-21 13:15:00,R1,8.462,10.387,0.8146,8.462,0,0,0.0,0.8146,3,11.957,0,WARNING
2026-09-21 13:15:00,R2,2.425,8.303,0.292,2.425,0,0,0.0,0.292,2,9.972,0,NORMAL
2026-09-21 13:30:00,R1,7.385,10.213,0.7231,7.385,0,0,0.0,0.7231,3,12.161,0,NORMAL
2026-09-21 13:30:00,R2,2.779,7.611,0.365,2.779,0,0,0.0,0.365,2,10.878,0,NORMAL
2026-09-21 13:45:00,R1,7.595,6.301,1.2052,6.301,0,1.293,0.0,1.2052,2,13.14,0,HIGH
2026-09-21 13:45:00,R2,2.634,7.798,0.3378,2.634,0,0,0.0,0.3378,2,10.618,0,NORMAL
2026-09-21 14:00:00,R1,7.45,10.549,0.7062,8.744,1.293,0,1.839,0.8288,3,11.773,0,WARNING
2026-09-21 14:00:00,R2,2.426,7.727,0.3139,2.426,0,0,0.0,0.3139,2,10.716,0,NORMAL
2026-09-21 14:15:00,R1,7.821,11.173,0.7,7.821,0,0,0.0,0.7,3,11.116,0,NORMAL
2026-09-21 14:15:00,R2,2.852,7.634,0.3736,2.852,0,0,0.0,0.3736,2,10.846,0,NORMAL
2026-09-21 14:30:00,R1,7.086,10.73,0.6604,7.086,0,0,0.0,0.6604,3,11.575,0,NORMAL
2026-09-21 14:30:00,R2,2.735,7.826,0.3495,2.735,0,0,0.0,0.3495,2,10.58,0,NORMAL
2026-09-21 14:45:00,R1,7.219,10.694,0.6751,7.219,0,0,0.0,0.6751,3,11.614,0,NORMAL
2026-09-21 14:45:00,R2,2.609,8.048,0.3242,2.609,0,0,0.0,0.3242,2,10.288,0,NORMAL
2026-09-21 15:00:00,R1,7.71,10.752,0.7171,7.71,0,0,0.0,0.7171,3,11.551,0,NORMAL
2026-09-21 15:00:00,R2,2.638,8.278,0.3187,2.638,0,0,0.0,0.3187,2,10.002,0,NORMAL
2026-09-21 15:15:00,R1,8.002,10.334,0.7743,8.002,0,0,0.0,0.7743,3,12.019,0,WARNING
2026-09-21 15:15:00,R2,2.514,7.861,0.3198,2.514,0,0,0.0,0.3198,2,10.533,0,NORMAL
2026-09-21 15:30:00,R1,7.24,10.316,0.7018,7.24,0,0,0.0,0.7018,3,12.04,0,NORMAL
2026-09-21 15:30:00,R2,2.764,7.969,0.3469,2.764,0,0,0.0,0.3469,2,10.39,0,NORMAL
2026-09-21 15:45:00,R1,7.386,10.979,0.6728,7.386,0,0,0.0,0.6728,3,11.312,0,NORMAL
2026-09-21 15:45:00,R2,3.004,8.336,0.3603,3.004,0,0,0.0,0.3603,2,9.933,0,NORMAL
2026-09-21 16:00:00,R1,6.77,10.881,0.6222,6.77,0,0,0.0,0.6222,3,11.415,0,NORMAL
2026-09-21 16:00:00,R2,2.639,7.872,0.3352,2.639,0,0,0.0,0.3352,2,10.518,0,NORMAL
2026-09-21 16:15:00,R1,7.239,11.183,0.6474,7.239,0,0,0.0,0.6474,3,11.106,0,NORMAL
2026-09-21 16:15:00,R2,2.423,7.515,0.3225,2.423,0,0,0.0,0.3225,2,11.018,0,NORMAL
2026-09-21 16:30:00,R1,7.285,10.452,0.697,7.285,0,0,0.0,0.697,3,11.883,0,NORMAL
2026-09-21 16:30:00,R2,2.794,7.756,0.3602,2.794,0,0,0.0,0.3602,2,10.676,0,NORMAL
2026-09-21 16:45:00,R1,7.63,10.881,0.7012,7.63,0,0,0.0,0.7012,3,11.414,0,NORMAL
2026-09-21 16:45:00,R2,2.635,7.735,0.3407,2.635,0,0,0.0,0.3407,2,10.705,0,NORMAL
2026-09-21 17:00:00,R1,7.965,10.941,0.728,7.965,0,0,0.0,0.728,3,11.352,0,NORMAL
2026-09-21 17:00:00,R2,2.953,8.338,0.3542,2.953,0,0,0.0,0.3542,2,9.93,0,NORMAL
2026-09-21 17:15:00,R1,7.564,9.829,0.7696,7.564,0,0,0.0,0.7696,3,12.636,0,WARNING
2026-09-21 17:15:00,R2,2.648,8.342,0.3174,2.648,0,0,0.0,0.3174,2,9.925,0,NORMAL
2026-09-21 17:30:00,R1,7.407,10.981,0.6745,7.407,0,0,0.0,0.6745,3,11.311,0,NORMAL
2026-09-21 17:30:00,R2,3.026,8.093,0.3738,3.026,0,0,0.0,0.3738,2,10.231,0,NORMAL
2026-09-21 17:45:00,R1,7.435,11.197,0.664,7.435,0,0,0.0,0.664,3,11.092,0,NORMAL
2026-09-21 17:45:00,R2,2.978,8.103,0.3675,2.978,0,0,0.0,0.3675,2,10.218,0,NORMAL
2026-09-21 18:00:00,R1,7.125,10.871,0.6554,7.125,0,0,0.0,0.6554,3,11.424,0,NORMAL
2026-09-21 18:00:00,R2,2.798,9.369,0.2987,2.798,0,0,0.0,0.2987,2,8.837,0,NORMAL
2026-09-21 18:15:00,R1,7.218,10.436,0.6916,7.218,0,0,0.0,0.6916,3,11.901,0,NORMAL
2026-09-21 18:15:00,R2,2.919,7.95,0.3672,2.919,0,0,0.0,0.3672,2,10.415,0,NORMAL
2026-09-21 18:30:00,R1,7.101,10.764,0.6597,7.101,0,0,0.0,0.6597,3,11.538,0,NORMAL
2026-09-21 18:30:00,R2,2.92,8.522,0.3427,2.92,0,0,0.0,0.3427,2,9.716,0,NORMAL
2026-09-21 18:45:00,R1,7.177,10.092,0.7111,7.177,0,0,0.0,0.7111,3,12.307,0,NORMAL
2026-09-21 18:45:00,R2,2.893,8.32,0.3477,2.893,0,0,0.0,0.3477,2,9.952,0,NORMAL
2026-09-21 19:00:00,R1,5.804,10.436,0.5562,5.804,0,0,0.0,0.5562,3,11.901,0,NORMAL
2026-09-21 19:00:00,R2,2.887,7.932,0.364,2.887,0,0,0.0,0.364,2,10.439,0,NORMAL
2026-09-21 19:15:00,R1,6.583,10.833,0.6077,6.583,0,0,0.0,0.6077,3,11.465,0,NORMAL
2026-09-21 19:15:00,R2,3.085,7.851,0.3929,3.085,0,0,0.0,0.3929,2,10.546,0,NORMAL
2026-09-21 19:30:00,R1,7.49,10.796,0.6938,7.49,0,0,0.0,0.6938,3,11.504,0,NORMAL
2026-09-21 19:30:00,R2,2.705,8.089,0.3344,2.705,0,0,0.0,0.3344,2,10.236,0,NORMAL
2026-09-21 19:45:00,R1,7.299,11.258,0.6483,7.299,0,0,0.0,0.6483,3,11.032,0,NORMAL
2026-09-21 19:45:00,R2,2.845,8.395,0.3389,2.845,0,0,0.0,0.3389,2,9.864,0,NORMAL
2026-09-21 20:00:00,R1,7.311,10.294,0.7103,7.311,0,0,0.0,0.7103,3,12.066,0,NORMAL
2026-09-21 20:00:00,R2,2.656,8.191,0.3242,2.656,0,0,0.0,0.3242,2,10.109,0,NORMAL
2026-09-21 20:15:00,R1,7.176,10.513,0.6825,7.176,0,0,0.0,0.6825,3,11.814,0,NORMAL
2026-09-21 20:15:00,R2,2.502,8.224,0.3042,2.502,0,0,0.0,0.3042,2,10.068,0,NORMAL
2026-09-21 20:30:00,R1,7.478,11.008,0.6793,7.478,0,0,0.0,0.6793,3,11.283,0,NORMAL
2026-09-21 20:30:00,R2,2.929,7.956,0.3681,2.929,0,0,0.0,0.3681,2,10.407,0,NORMAL
2026-09-21 20:45:00,R1,6.9,10.937,0.6309,6.9,0,0,0.0,0.6309,3,11.356,0,NORMAL
2026-09-21 20:45:00,R2,2.743,8.117,0.338,2.743,0,0,0.0,0.338,2,10.2,0,NORMAL
2026-09-21 21:00:00,R1,6.729,10.826,0.6216,6.729,0,0,0.0,0.6216,3,11.472,0,NORMAL
2026-09-21 21:00:00,R2,2.974,8.157,0.3646,2.974,0,0,0.0,0.3646,2,10.151,0,NORMAL
2026-09-21 21:15:00,R1,6.867,10.495,0.6543,6.867,0,0,0.0,0.6543,3,11.834,0,NORMAL
2026-09-21 21:15:00,R2,3.24,8.157,0.3972,3.24,0,0,0.0,0.3972,2,10.15,0,NORMAL
2026-09-21 21:30:00,R1,6.786,11.054,0.6139,6.786,0,0,0.0,0.6139,3,11.236,0,NORMAL
2026-09-21 21:30:00,R2,2.912,8.807,0.3306,2.912,0,0,0.0,0.3306,2,9.401,0,NORMAL
2026-09-21 21:45:00,R1,7.424,10.617,0.6992,7.424,0,0,0.0,0.6992,3,11.698,0,NORMAL
2026-09-21 21:45:00,R2,3.088,7.95,0.3884,3.088,0,0,0.0,0.3884,2,10.415,0,NORMAL
2026-09-21 22:00:00,R1,5.297,10.142,0.5223,5.297,0,0,0.0,0.5223,3,12.246,0,NORMAL
2026-09-21 22:00:00,R2,2.292,8.084,0.2836,2.292,0,0,0.0,0.2836,2,10.243,0,NORMAL
2026-09-21 22:15:00,R1,5.261,10.704,0.4915,5.261,0,0,0.0,0.4915,3,11.603,0,NORMAL
2026-09-21 22:15:00,R2,2.295,8.223,0.2792,2.295,0,0,0.0,0.2792,2,10.069,0,NORMAL
2026-09-21 22:30:00,R1,5.8,10.325,0.5617,5.8,0,0,0.0,0.5617,3,12.029,0,NORMAL
2026-09-21 22:30:00,R2,2.592,8.029,0.3229,2.592,0,0,0.0,0.3229,2,10.313,0,NORMAL
2026-09-21 22:45:00,R1,5.845,11.145,0.5245,5.845,0,0,0.0,0.5245,3,11.144,0,NORMAL
2026-09-21 22:45:00,R2,2.3,7.937,0.2898,2.3,0,0,0.0,0.2898,2,10.432,0,NORMAL
2026-09-21 23:00:00,R1,5.096,10.616,0.48,5.096,0,0,0.0,0.48,3,11.699,0,NORMAL
2026-09-21 23:00:00,R2,2.365,8.493,0.2784,2.365,0,0,0.0,0.2784,2,9.749,0,NORMAL
2026-09-21 23:15:00,R1,5.671,10.727,0.5286,5.671,0,0,0.0,0.5286,3,11.578,0,NORMAL
2026-09-21 23:15:00,R2,2.26,8.463,0.267,2.26,0,0,0.0,0.267,2,9.784,0,NORMAL
2026-09-21 23:30:00,R1,5.917,7.009,0.8442,5.917,0,0,0.0,0.8442,2,11.813,0,WARNING
2026-09-21 23:30:00,R2,2.815,3.917,0.7186,2.815,0,0,0.0,0.7186,1,10.57,0,NORMAL
2026-09-21 23:45:00,R1,5.482,10.757,0.5096,5.482,0,0,0.0,0.5096,3,11.546,0,NORMAL
2026-09-21 23:45:00,R2,2.5,8.363,0.2989,2.5,0,0,0.0,0.2989,2,9.9,0,NORMAL
2026-09-22 00:00:00,R1,5.35,11.079,0.4829,5.35,0,0,0.0,0.4829,3,11.21,0,NORMAL
2026-09-22 00:00:00,R2,3.111,4.456,0.6983,3.111,0,0,0.0,0.6983,1,9.291,0,NORMAL
2026-09-22 00:15:00,R1,5.553,10.781,0.5151,5.553,0,0,0.0,0.5151,3,11.52,0,NORMAL
2026-09-22 00:15:00,R2,2.569,8.502,0.3022,2.569,0,0,0.0,0.3022,2,9.739,0,NORMAL
2026-09-22 00:30:00,R1,5.069,10.18,0.4979,5.069,0,0,0.0,0.4979,3,12.2,0,NORMAL
2026-09-22 00:30:00,R2,2.459,8.134,0.3023,2.459,0,0,0.0,0.3023,2,10.179,0,NORMAL
2026-09-22 00:45:00,R1,4.953,10.146,0.4881,4.953,0,0,0.0,0.4881,3,12.241,0,NORMAL
2026-09-22 00:45:00,R2,2.717,8.732,0.3112,2.717,0,0,0.0,0.3112,2,9.482,0,NORMAL
2026-09-22 01:00:00,R1,4.948,10.641,0.465,4.948,0,0,0.0,0.465,3,11.672,0,NORMAL
2026-09-22 01:00:00,R2,2.408,8.14,0.2958,2.408,0,0,0.0,0.2958,2,10.172,0,NORMAL
2026-09-22 01:15:00,R1,5.562,11.073,0.5023,5.562,0,0,0.0,0.5023,3,11.217,0,NORMAL
2026-09-22 01:15:00,R2,2.398,8.297,0.289,2.398,0,0,0.0,0.289,2,9.979,0,NORMAL
2026-09-22 01:30:00,R1,5.273,7.111,0.7415,5.273,0,0,0.0,0.7415,2,11.644,0,NORMAL
2026-09-22 01:30:00,R2,2.632,8.073,0.326,2.632,0,0,0.0,0.326,2,10.257,0,NORMAL
2026-09-22 01:45:00,R1,4.909,10.959,0.4479,4.909,0,0,0.0,0.4479,3,11.333,0,NORMAL
2026-09-22 01:45:00,R2,2.493,7.694,0.3241,2.493,0,0,0.0,0.3241,2,10.762,0,NORMAL
2026-09-22 02:00:00,R1,5.614,10.342,0.5428,5.614,0,0,0.0,0.5428,3,12.009,0,NORMAL
2026-09-22 02:00:00,R2,2.771,7.462,0.3713,2.771,0,0,0.0,0.3713,2,11.096,0,NORMAL
2026-09-22 02:15:00,R1,4.783,11.082,0.4316,4.783,0,0,0.0,0.4316,3,11.207,0,NORMAL
2026-09-22 02:15:00,R2,2.548,7.755,0.3286,2.548,0,0,0.0,0.3286,2,10.677,0,NORMAL
2026-09-22 02:30:00,R1,4.805,11.261,0.4267,4.805,0,0,0.0,0.4267,3,11.029,0,NORMAL
2026-09-22 02:30:00,R2,2.523,8.75,0.2883,2.523,0,0,0.0,0.2883,2,9.463,0,NORMAL
2026-09-22 02:45:00,R1,5.308,11.267,0.4711,5.308,0,0,0.0,0.4711,3,11.023,0,NORMAL
2026-09-22 02:45:00,R2,2.339,8.198,0.2853,2.339,0,0,0.0,0.2853,2,10.1,0,NORMAL
2026-09-22 03:00:00,R1,5.451,10.673,0.5107,5.451,0,0,0.0,0.5107,3,11.637,0,NORMAL
2026-09-22 03:00:00,R2,2.676,7.921,0.3379,2.676,0,0,0.0,0.3379,2,10.453,0,NORMAL
2026-09-22 03:15:00,R1,5.54,11.759,0.4711,5.54,0,0,0.0,0.4711,3,10.562,0,NORMAL
2026-09-22 03:15:00,R2,2.838,8.433,0.3365,2.838,0,0,0.0,0.3365,2,9.819,0,NORMAL
2026-09-22 03:30:00,R1,5.653,10.643,0.5312,5.653,0,0,0.0,0.5312,3,11.67,0,NORMAL
2026-09-22 03:30:00,R2,2.413,8.836,0.2731,2.413,0,0,0.0,0.2731,2,9.371,0,NORMAL
2026-09-22 03:45:00,R1,5.573,10.537,0.5289,5.573,0,0,0.0,0.5289,3,11.787,0,NORMAL
2026-09-22 03:45:00,R2,2.807,8.795,0.3192,2.807,0,0,0.0,0.3192,2,9.414,0,NORMAL
2026-09-22 04:00:00,R1,5.44,10.785,0.5044,5.44,0,0,0.0,0.5044,3,11.516,0,NORMAL
2026-09-22 04:00:00,R2,2.179,7.927,0.2749,2.179,0,0,0.0,0.2749,2,10.446,0,NORMAL
2026-09-22 04:15:00,R1,5.27,7.055,0.7469,5.27,0,0,0.0,0.7469,2,11.736,0,NORMAL
2026-09-22 04:15:00,R2,2.791,8.238,0.3388,2.791,0,0,0.0,0.3388,2,10.051,0,NORMAL
2026-09-22 04:30:00,R1,5.387,10.754,0.501,5.387,0,0,0.0,0.501,3,11.549,0,NORMAL
2026-09-22 04:30:00,R2,2.828,8.248,0.3429,2.828,0,0,0.0,0.3429,2,10.038,0,NORMAL
2026-09-22 04:45:00,R1,4.912,10.671,0.4603,4.912,0,0,0.0,0.4603,3,11.639,0,NORMAL
2026-09-22 04:45:00,R2,2.661,8.384,0.3174,2.661,0,0,0.0,0.3174,2,9.876,0,NORMAL
2026-09-22 05:00:00,R1,5.578,11.635,0.4794,5.578,0,0,0.0,0.4794,3,10.675,0,NORMAL
2026-09-22 05:00:00,R2,2.293,8.179,0.2803,2.293,0,0,0.0,0.2803,2,10.123,0,NORMAL
2026-09-22 05:15:00,R1,5.493,10.684,0.5141,5.493,0,0,0.0,0.5141,3,11.625,0,NORMAL
2026-09-22 05:15:00,R2,2.099,8.399,0.2499,2.099,0,0,0.0,0.2499,2,9.858,0,NORMAL
2026-09-22 05:30:00,R1,4.696,10.587,0.4435,4.696,0,0,0.0,0.4435,3,11.731,0,NORMAL
2026-09-22 05:30:00,R2,2.467,8.403,0.2936,2.467,0,0,0.0,0.2936,2,9.854,0,NORMAL
2026-09-22 05:45:00,R1,5.47,11.137,0.4912,5.47,0,0,0.0,0.4912,3,11.152,0,NORMAL
2026-09-22 05:45:00,R2,2.449,8.195,0.2989,2.449,0,0,0.0,0.2989,2,10.104,0,NORMAL
2026-09-22 06:00:00,R1,6.393,10.944,0.5841,6.393,0,0,0.0,0.5841,3,11.349,0,NORMAL
2026-09-22 06:00:00,R2,3.281,8.154,0.4024,3.281,0,0,0.0,0.4024,2,10.155,0,NORMAL
2026-09-22 06:15:00,R1,6.498,11.897,0.5462,6.498,0,0,0.0,0.5462,3,10.439,0,NORMAL
2026-09-22 06:15:00,R2,3.142,7.912,0.3971,3.142,0,0,0.0,0.3971,2,10.464,0,NORMAL
2026-09-22 06:30:00,R1,7.008,11.309,0.6197,7.008,0,0,0.0,0.6197,3,10.982,0,NORMAL
2026-09-22 06:30:00,R2,2.466,8.819,0.2796,2.466,0,0,0.0,0.2796,2,9.389,0,NORMAL
2026-09-22 06:45:00,R1,6.858,10.726,0.6394,6.858,0,0,0.0,0.6394,3,11.579,0,NORMAL
2026-09-22 06:45:00,R2,2.938,7.836,0.3749,2.938,0,0,0.0,0.3749,2,10.566,0,NORMAL
2026-09-22 07:00:00,R1,7.349,11.432,0.6428,7.349,0,0,0.0,0.6428,3,10.864,0,NORMAL
2026-09-22 07:00:00,R2,3.014,8.298,0.3633,3.014,0,0,0.0,0.3633,2,9.978,0,NORMAL
2026-09-22 07:15:00,R1,6.917,10.564,0.6548,6.917,0,0,0.0,0.6548,3,11.757,0,NORMAL
2026-09-22 07:15:00,R2,3.037,7.851,0.3869,3.037,0,0,0.0,0.3869,2,10.546,0,NORMAL
2026-09-22 07:30:00,R1,6.676,10.934,0.6105,6.676,0,0,0.0,0.6105,3,11.359,0,NORMAL
2026-09-22 07:30:00,R2,2.827,8.435,0.3352,2.827,0,0,0.0,0.3352,2,9.816,0,NORMAL
2026-09-22 07:45:00,R1,6.174,10.624,0.5811,6.174,0,0,0.0,0.5811,3,11.691,0,NORMAL
2026-09-22 07:45:00,R2,3.239,3.815,0.849,3.239,0,0,0.0,0.849,1,10.853,0,WARNING
2026-09-22 08:00:00,R1,7.234,10.757,0.6724,7.234,0,0,0.0,0.6724,3,11.546,0,NORMAL
2026-09-22 08:00:00,R2,2.522,8.541,0.2953,2.522,0,0,0.0,0.2953,2,9.694,0,NORMAL
2026-09-22 08:15:00,R1,7.191,11.129,0.6462,7.191,0,0,0.0,0.6462,3,11.16,0,NORMAL
2026-09-22 08:15:00,R2,3.24,8.334,0.3887,3.24,0,0,0.0,0.3887,2,9.935,0,NORMAL
2026-09-22 08:30:00,R1,6.861,10.197,0.6728,6.861,0,0,0.0,0.6728,3,12.18,0,NORMAL
2026-09-22 08:30:00,R2,3.1,7.902,0.3923,3.1,0,0,0.0,0.3923,2,10.479,0,NORMAL
2026-09-22 08:45:00,R1,7.22,11.194,0.645,7.22,0,0,0.0,0.645,3,11.095,0,NORMAL
2026-09-22 08:45:00,R2,2.871,8.159,0.3519,2.871,0,0,0.0,0.3519,2,10.148,0,NORMAL
2026-09-22 09:00:00,R1,6.965,11.31,0.6158,6.965,0,0,0.0,0.6158,3,10.981,0,NORMAL
2026-09-22 09:00:00,R2,2.958,8.276,0.3574,2.958,0,0,0.0,0.3574,2,10.005,0,NORMAL
2026-09-22 09:15:00,R1,6.969,10.658,0.6539,6.969,0,0,0.0,0.6539,3,11.653,0,NORMAL
2026-09-22 09:15:00,R2,2.804,7.692,0.3645,2.804,0,0,0.0,0.3645,2,10.764,0,NORMAL
2026-09-22 09:30:00,R1,7.45,10.678,0.6977,7.45,0,0,0.0,0.6977,3,11.631,0,NORMAL
2026-09-22 09:30:00,R2,3.059,7.994,0.3827,3.059,0,0,0.0,0.3827,2,10.358,0,NORMAL
2026-09-22 09:45:00,R1,7.711,10.601,0.7273,7.711,0,0,0.0,0.7273,3,11.716,0,NORMAL
2026-09-22 09:45:00,R2,2.543,8.292,0.3066,2.543,0,0,0.0,0.3066,2,9.986,0,NORMAL
2026-09-22 10:00:00,R1,7.546,10.964,0.6882,7.546,0,0,0.0,0.6882,3,11.328,0,NORMAL
2026-09-22 10:00:00,R2,3.355,8.222,0.408,3.355,0,0,0.0,0.408,2,10.07,0,NORMAL
2026-09-22 10:15:00,R1,7.384,10.417,0.7088,7.384,0,0,0.0,0.7088,3,11.922,0,NORMAL
2026-09-22 10:15:00,R2,3.12,7.678,0.4063,3.12,0,0,0.0,0.4063,2,10.785,0,NORMAL
2026-09-22 10:30:00,R1,7.058,10.907,0.6471,7.058,0,0,0.0,0.6471,3,11.387,0,NORMAL
2026-09-22 10:30:00,R2,2.859,8.136,0.3514,2.859,0,0,0.0,0.3514,2,10.177,0,NORMAL
2026-09-22 10:45:00,R1,7.243,10.119,0.7158,7.243,0,0,0.0,0.7158,3,12.274,0,NORMAL
2026-09-22 10:45:00,R2,3.255,7.718,0.4218,3.255,0,0,0.0,0.4218,2,10.728,0,NORMAL
2026-09-22 11:00:00,R1,7.3,10.778,0.6773,7.3,0,0,0.0,0.6773,3,11.524,0,NORMAL
2026-09-22 11:00:00,R2,2.754,7.755,0.3552,2.754,0,0,0.0,0.3552,2,10.678,0,NORMAL
2026-09-22 11:15:00,R1,7.796,6.169,1.2637,6.169,0,1.627,0.0,1.25,2,13.422,0,HIGH
2026-09-22 11:15:00,R2,2.934,8.342,0.3517,2.934,0,0,0.0,0.3517,2,9.926,0,NORMAL
2026-09-22 11:30:00,R1,6.541,11.031,0.593,8.168,1.627,0,2.212,0.7405,3,11.259,0,NORMAL
2026-09-22 11:30:00,R2,2.559,8.242,0.3105,2.559,0,0,0.0,0.3105,2,10.047,0,NORMAL
2026-09-22 11:45:00,R1,6.038,10.606,0.5693,6.038,0,0,0.0,0.5693,3,11.71,0,NORMAL
2026-09-22 11:45:00,R2,3.037,8.254,0.3679,3.037,0,0,0.0,0.3679,2,10.031,0,NORMAL
2026-09-22 12:00:00,R1,6.461,11.269,0.5734,6.461,0,0,0.0,0.5734,3,11.021,0,NORMAL
2026-09-22 12:00:00,R2,2.601,8.27,0.3146,2.601,0,0,0.0,0.3146,2,10.012,0,NORMAL
2026-09-22 12:15:00,R1,7.396,11.176,0.6618,7.396,0,0,0.0,0.6618,3,11.113,0,NORMAL
2026-09-22 12:15:00,R2,2.859,7.773,0.3678,2.859,0,0,0.0,0.3678,2,10.653,0,NORMAL
2026-09-22 12:30:00,R1,7.384,10.948,0.6745,7.384,0,0,0.0,0.6745,3,11.345,0,NORMAL
2026-09-22 12:30:00,R2,2.761,8.005,0.3449,2.761,0,0,0.0,0.3449,2,10.343,0,NORMAL
2026-09-22 12:45:00,R1,7.065,10.663,0.6625,7.065,0,0,0.0,0.6625,3,11.648,0,NORMAL
2026-09-22 12:45:00,R2,2.913,4.098,0.7108,2.913,0,0,0.0,0.7108,1,10.103,0,NORMAL
2026-09-22 13:00:00,R1,7.431,10.602,0.7008,7.431,0,0,0.0,0.7008,3,11.714,0,NORMAL
2026-09-22 13:00:00,R2,2.634,8.13,0.324,2.634,0,0,0.0,0.324,2,10.184,0,NORMAL
2026-09-22 13:15:00,R1,6.783,10.372,0.6539,6.783,0,0,0.0,0.6539,3,11.974,0,NORMAL
2026-09-22 13:15:00,R2,2.675,8.221,0.3254,2.675,0,0,0.0,0.3254,2,10.072,0,NORMAL
2026-09-22 13:30:00,R1,6.696,11.008,0.6082,6.696,0,0,0.0,0.6082,3,11.282,0,NORMAL
2026-09-22 13:30:00,R2,2.741,8.509,0.3221,2.741,0,0,0.0,0.3221,2,9.731,0,NORMAL
2026-09-22 13:45:00,R1,7.454,10.694,0.697,7.454,0,0,0.0,0.697,3,11.614,0,NORMAL
2026-09-22 13:45:00,R2,2.925,7.278,0.4019,2.925,0,0,0.0,0.4019,2,11.377,0,NORMAL
2026-09-22 14:00:00,R1,7.859,11.107,0.7076,7.859,0,0,0.0,0.7076,3,11.182,0,NORMAL
2026-09-22 14:00:00,R2,2.745,7.73,0.3551,2.745,0,0,0.0,0.3551,2,10.712,0,NORMAL
2026-09-22 14:15:00,R1,7.244,10.679,0.6784,7.244,0,0,0.0,0.6784,3,11.631,0,NORMAL
2026-09-22 14:15:00,R2,2.521,8.439,0.2988,2.521,0,0,0.0,0.2988,2,9.812,0,NORMAL
2026-09-22 14:30:00,R1,7.379,10.431,0.7074,7.379,0,0,0.0,0.7074,3,11.906,0,NORMAL
2026-09-22 14:30:00,R2,2.619,7.766,0.3373,2.619,0,0,0.0,0.3373,2,10.662,0,NORMAL
2026-09-22 14:45:00,R1,7.752,10.899,0.7112,7.752,0,0,0.0,0.7112,3,11.395,0,NORMAL
2026-09-22 14:45:00,R2,2.889,8.233,0.3509,2.889,0,0,0.0,0.3509,2,10.058,0,NORMAL
2026-09-22 15:00:00,R1,7.017,6.488,1.0816,6.488,0,0.53,0.0,1.0816,2,12.763,0,HIGH
2026-09-22 15:00:00,R2,2.787,8.033,0.347,2.787,0,0,0.0,0.347,2,10.307,0,NORMAL
2026-09-22 15:15:00,R1,6.669,11.244,0.5931,7.199,0.53,0,0.706,0.6402,3,11.046,0,NORMAL
2026-09-22 15:15:00,R2,2.682,8.026,0.3342,2.682,0,0,0.0,0.3342,2,10.317,0,NORMAL
2026-09-22 15:30:00,R1,8.141,11.351,0.7172,8.141,0,0,0.0,0.7172,3,10.942,0,NORMAL
2026-09-22 15:30:00,R2,2.675,4.137,0.6466,2.675,0,0,0.0,0.6466,1,10.007,0,NORMAL
2026-09-22 15:45:00,R1,8.071,5.95,1.3564,5.95,0,2.121,0.0,1.25,2,13.915,0,HIGH
2026-09-22 15:45:00,R2,2.793,7.732,0.3613,2.793,0,0,0.0,0.3613,2,10.709,0,NORMAL
2026-09-22 16:00:00,R1,7.539,10.267,0.7343,9.66,2.121,0,3.098,0.9408,3,12.097,0,HIGH
2026-09-22 16:00:00,R2,2.923,8.18,0.3573,2.923,0,0,0.0,0.3573,2,10.122,0,NORMAL
2026-09-22 16:15:00,R1,6.486,10.13,0.6403,6.486,0,0,0.0,0.6403,3,12.261,0,NORMAL
2026-09-22 16:15:00,R2,3.151,8.343,0.3777,3.151,0,0,0.0,0.3777,2,9.925,0,NORMAL
2026-09-22 16:30:00,R1,7.842,11.166,0.7024,7.842,0,0,0.0,0.7024,3,11.123,0,NORMAL
2026-09-22 16:30:00,R2,2.863,7.832,0.3656,2.863,0,0,0.0,0.3656,2,10.571,0,NORMAL
2026-09-22 16:45:00,R1,7.191,10.596,0.6786,7.191,0,0,0.0,0.6786,3,11.721,0,NORMAL
2026-09-22 16:45:00,R2,2.689,7.719,0.3483,2.689,0,0,0.0,0.3483,2,10.726,0,NORMAL
2026-09-22 17:00:00,R1,7.727,11.284,0.6847,7.727,0,0,0.0,0.6847,3,11.006,0,NORMAL
2026-09-22 17:00:00,R2,2.602,7.86,0.3311,2.602,0,0,0.0,0.3311,2,10.534,0,NORMAL
2026-09-22 17:15:00,R1,7.283,10.853,0.671,7.283,0,0,0.0,0.671,3,11.443,0,NORMAL
2026-09-22 17:15:00,R2,2.504,8.394,0.2983,2.504,0,0,0.0,0.2983,2,9.865,0,NORMAL
2026-09-22 17:30:00,R1,7.552,10.869,0.6948,7.552,0,0,0.0,0.6948,3,11.427,0,NORMAL
2026-09-22 17:30:00,R2,2.672,8.428,0.3171,2.672,0,0,0.0,0.3171,2,9.824,0,NORMAL
2026-09-22 17:45:00,R1,6.898,11.145,0.6189,6.898,0,0,0.0,0.6189,3,11.144,0,NORMAL
2026-09-22 17:45:00,R2,3.072,8.493,0.3617,3.072,0,0,0.0,0.3617,2,9.749,0,NORMAL
2026-09-22 18:00:00,R1,6.863,10.582,0.6486,6.863,0,0,0.0,0.6486,3,11.737,0,NORMAL
2026-09-22 18:00:00,R2,2.588,9.071,0.2853,2.588,0,0,0.0,0.2853,2,9.128,0,NORMAL
2026-09-22 18:15:00,R1,7.015,10.254,0.6841,7.015,0,0,0.0,0.6841,3,12.113,0,NORMAL
2026-09-22 18:15:00,R2,2.929,8.36,0.3503,2.929,0,0,0.0,0.3503,2,9.905,0,NORMAL
2026-09-22 18:30:00,R1,7.215,10.689,0.675,7.215,0,0,0.0,0.675,3,11.619,0,NORMAL
2026-09-22 18:30:00,R2,3.11,8.406,0.37,3.11,0,0,0.0,0.37,2,9.85,0,NORMAL
2026-09-22 18:45:00,R1,7.962,10.799,0.7373,7.962,0,0,0.0,0.7373,3,11.501,0,NORMAL
2026-09-22 18:45:00,R2,2.661,8.014,0.3321,2.661,0,0,0.0,0.3321,2,10.331,0,NORMAL
2026-09-22 19:00:00,R1,6.952,10.788,0.6444,6.952,0,0,0.0,0.6444,3,11.513,0,NORMAL
2026-09-22 19:00:00,R2,2.94,8.187,0.3591,2.94,0,0,0.0,0.3591,2,10.114,0,NORMAL
2026-09-22 19:15:00,R1,6.554,10.295,0.6366,6.554,0,0,0.0,0.6366,3,12.064,0,NORMAL
2026-09-22 19:15:00,R2,2.669,7.909,0.3375,2.669,0,0,0.0,0.3375,2,10.47,0,NORMAL
2026-09-22 19:30:00,R1,7.278,10.389,0.7005,7.278,0,0,0.0,0.7005,3,11.955,0,NORMAL
2026-09-22 19:30:00,R2,2.697,7.603,0.3548,2.697,0,0,0.0,0.3548,2,10.891,0,NORMAL
2026-09-22 19:45:00,R1,7.344,11.477,0.6398,7.344,0,0,0.0,0.6398,3,10.821,0,NORMAL
2026-09-22 19:45:00,R2,2.97,8.214,0.3616,2.97,0,0,0.0,0.3616,2,10.081,0,NORMAL
2026-09-22 20:00:00,R1,7.656,10.92,0.7012,7.656,0,0,0.0,0.7012,3,11.374,0,NORMAL
2026-09-22 20:00:00,R2,2.848,8.25,0.3452,2.848,0,0,0.0,0.3452,2,10.036,0,NORMAL
2026-09-22 20:15:00,R1,7.744,10.884,0.7115,7.744,0,0,0.0,0.7115,3,11.411,0,NORMAL
2026-09-22 20:15:00,R2,3.008,7.852,0.3831,3.008,0,0,0.0,0.3831,2,10.544,0,NORMAL
2026-09-22 20:30:00,R1,7.067,10.499,0.6731,7.067,0,0,0.0,0.6731,3,11.829,0,NORMAL
2026-09-22 20:30:00,R2,2.848,8.284,0.3438,2.848,0,0,0.0,0.3438,2,9.995,0,NORMAL
2026-09-22 20:45:00,R1,6.605,10.818,0.6106,6.605,0,0,0.0,0.6106,3,11.481,0,NORMAL
2026-09-22 20:45:00,R2,2.902,8.304,0.3495,2.902,0,0,0.0,0.3495,2,9.971,0,NORMAL
2026-09-22 21:00:00,R1,7.218,10.971,0.658,7.218,0,0,0.0,0.658,3,11.321,0,NORMAL
2026-09-22 21:00:00,R2,3.135,8.117,0.3862,3.135,0,0,0.0,0.3862,2,10.2,0,NORMAL
2026-09-22 21:15:00,R1,7.725,10.524,0.734,7.725,0,0,0.0,0.734,3,11.801,0,NORMAL
2026-09-22 21:15:00,R2,2.815,8.188,0.3438,2.815,0,0,0.0,0.3438,2,10.112,0,NORMAL
2026-09-22 21:30:00,R1,6.738,11.538,0.584,6.738,0,0,0.0,0.584,3,10.765,0,NORMAL
2026-09-22 21:30:00,R2,3.253,8.394,0.3876,3.253,0,0,0.0,0.3876,2,9.864,0,NORMAL
2026-09-22 21:45:00,R1,6.859,10.57,0.6489,6.859,0,0,0.0,0.6489,3,11.751,0,NORMAL
2026-09-22 21:45:00,R2,2.966,7.773,0.3816,2.966,0,0,0.0,0.3816,2,10.652,0,NORMAL
2026-09-22 22:00:00,R1,5.159,10.629,0.4853,5.159,0,0,0.0,0.4853,3,11.684,0,NORMAL
2026-09-22 22:00:00,R2,2.28,8.633,0.2641,2.28,0,0,0.0,0.2641,2,9.591,0,NORMAL
2026-09-22 22:15:00,R1,5.472,10.001,0.5472,5.472,0,0,0.0,0.5472,3,12.419,0,NORMAL
2026-09-22 22:15:00,R2,2.782,8.151,0.3413,2.782,0,0,0.0,0.3413,2,10.158,0,NORMAL
2026-09-22 22:30:00,R1,5.254,11.365,0.4623,5.254,0,0,0.0,0.4623,3,10.928,0,NORMAL
2026-09-22 22:30:00,R2,2.307,7.588,0.304,2.307,0,0,0.0,0.304,2,10.912,0,NORMAL
2026-09-22 22:45:00,R1,5.011,10.761,0.4657,5.011,0,0,0.0,0.4657,3,11.542,0,NORMAL
2026-09-22 22:45:00,R2,2.168,8.38,0.2587,2.168,0,0,0.0,0.2587,2,9.88,0,NORMAL
2026-09-22 23:00:00,R1,5.392,10.344,0.5213,5.392,0,0,0.0,0.5213,3,12.007,0,NORMAL
2026-09-22 23:00:00,R2,2.548,7.569,0.3366,2.548,0,0,0.0,0.3366,2,10.939,0,NORMAL
2026-09-22 23:15:00,R1,5.716,10.527,0.543,5.716,0,0,0.0,0.543,3,11.798,0,NORMAL
2026-09-22 23:15:00,R2,2.544,8.036,0.3166,2.544,0,0,0.0,0.3166,2,10.304,0,NORMAL
2026-09-22 23:30:00,R1,5.445,10.808,0.5038,5.445,0,0,0.0,0.5038,3,11.491,0,NORMAL
2026-09-22 23:30:00,R2,2.712,8.226,0.3297,2.712,0,0,0.0,0.3297,2,10.066,0,NORMAL
2026-09-22 23:45:00,R1,4.879,10.492,0.4651,4.879,0,0,0.0,0.4651,3,11.838,0,NORMAL
2026-09-22 23:45:00,R2,2.263,8.269,0.2736,2.263,0,0,0.0,0.2736,2,10.014,0,NORMAL
2026-09-23 00:00:00,R1,5.704,10.17,0.5609,5.704,0,0,0.0,0.5609,3,12.212,0,NORMAL
2026-09-23 00:00:00,R2,2.619,8.149,0.3214,2.619,0,0,0.0,0.3214,2,10.161,0,NORMAL
2026-09-23 00:15:00,R1,5.826,10.409,0.5597,5.826,0,0,0.0,0.5597,3,11.932,0,NORMAL
2026-09-23 00:15:00,R2,2.951,8.237,0.3583,2.951,0,0,0.0,0.3583,2,10.052,0,NORMAL
2026-09-23 00:30:00,R1,4.786,7.036,0.6802,4.786,0,0,0.0,0.6802,2,11.767,0,NORMAL
2026-09-23 00:30:00,R2,2.952,8.104,0.3642,2.952,0,0,0.0,0.3642,2,10.217,0,NORMAL
2026-09-23 00:45:00,R1,5.909,10.816,0.5463,5.909,0,0,0.0,0.5463,3,11.483,0,NORMAL
2026-09-23 00:45:00,R2,2.761,8.075,0.3419,2.761,0,0,0.0,0.3419,2,10.254,0,NORMAL
2026-09-23 01:00:00,R1,5.391,10.615,0.5079,5.391,0,0,0.0,0.5079,3,11.701,0,NORMAL
2026-09-23 01:00:00,R2,2.415,7.782,0.3104,2.415,0,0,0.0,0.3104,2,10.64,0,NORMAL
2026-09-23 01:15:00,R1,5.116,11.052,0.4629,5.116,0,0,0.0,0.4629,3,11.238,0,NORMAL
2026-09-23 01:15:00,R2,2.732,7.15,0.3821,2.732,0,0,0.0,0.3821,2,11.58,0,NORMAL
2026-09-23 01:30:00,R1,5.424,10.636,0.51,5.424,0,0,0.0,0.51,3,11.677,0,NORMAL
2026-09-23 01:30:00,R2,2.556,3.949,0.6472,2.556,0,0,0.0,0.6472,1,10.483,0,NORMAL
2026-09-23 01:45:00,R1,4.855,11.158,0.4351,4.855,0,0,0.0,0.4351,3,11.131,0,NORMAL
2026-09-23 01:45:00,R2,2.303,8.577,0.2685,2.303,0,0,0.0,0.2685,2,9.654,0,NORMAL
2026-09-23 02:00:00,R1,5.206,10.725,0.4854,5.206,0,0,0.0,0.4854,3,11.581,0,NORMAL
2026-09-23 02:00:00,R2,2.396,8.25,0.2904,2.396,0,0,0.0,0.2904,2,10.037,0,NORMAL
2026-09-23 02:15:00,R1,5.646,10.477,0.5389,5.646,0,0,0.0,0.5389,3,11.854,0,NORMAL
2026-09-23 02:15:00,R2,2.541,7.941,0.32,2.541,0,0,0.0,0.32,2,10.427,0,NORMAL
2026-09-23 02:30:00,R1,5.061,10.318,0.4905,5.061,0,0,0.0,0.4905,3,12.037,0,NORMAL
2026-09-23 02:30:00,R2,2.981,7.849,0.3798,2.981,0,0,0.0,0.3798,2,10.549,0,NORMAL
2026-09-23 02:45:00,R1,5.366,7.196,0.7457,5.366,0,0,0.0,0.7457,2,11.507,0,NORMAL
2026-09-23 02:45:00,R2,2.809,8.701,0.3228,2.809,0,0,0.0,0.3228,2,9.516,0,NORMAL
2026-09-23 03:00:00,R1,5.258,11.12,0.4728,5.258,0,0,0.0,0.4728,3,11.169,0,NORMAL
2026-09-23 03:00:00,R2,2.816,8.624,0.3266,2.816,0,0,0.0,0.3266,2,9.601,0,NORMAL
2026-09-23 03:15:00,R1,4.978,11.048,0.4506,4.978,0,0,0.0,0.4506,3,11.242,0,NORMAL
2026-09-23 03:15:00,R2,2.936,8.071,0.3637,2.936,0,0,0.0,0.3637,2,10.259,0,NORMAL
2026-09-23 03:30:00,R1,5.241,10.041,0.522,5.241,0,0,0.0,0.522,3,12.37,0,NORMAL
2026-09-23 03:30:00,R2,2.711,8.154,0.3325,2.711,0,0,0.0,0.3325,2,10.155,0,NORMAL
2026-09-23 03:45:00,R1,4.899,11.091,0.4417,4.899,0,0,0.0,0.4417,3,11.198,0,NORMAL
2026-09-23 03:45:00,R2,2.694,7.39,0.3646,2.694,0,0,0.0,0.3646,2,11.205,0,NORMAL
2026-09-23 04:00:00,R1,5.147,10.948,0.4702,5.147,0,0,0.0,0.4702,3,11.345,0,NORMAL
2026-09-23 04:00:00,R2,2.837,8.243,0.3441,2.837,0,0,0.0,0.3441,2,10.045,0,NORMAL
2026-09-23 04:15:00,R1,5.977,6.734,0.8875,5.977,0,0,0.0,0.8875,2,12.295,0,WARNING
2026-09-23 04:15:00,R2,2.254,7.451,0.3025,2.254,0,0,0.0,0.3025,2,11.113,0,NORMAL
2026-09-23 04:30:00,R1,5.589,11.066,0.5051,5.589,0,0,0.0,0.5051,3,11.224,0,NORMAL
2026-09-23 04:30:00,R2,2.739,8.137,0.3367,2.739,0,0,0.0,0.3367,2,10.176,0,NORMAL
2026-09-23 04:45:00,R1,5.927,10.769,0.5504,5.927,0,0,0.0,0.5504,3,11.534,0,NORMAL
2026-09-23 04:45:00,R2,2.893,7.759,0.3728,2.893,0,0,0.0,0.3728,2,10.671,0,NORMAL
2026-09-23 05:00:00,R1,5.201,10.59,0.4911,5.201,0,0,0.0,0.4911,3,11.728,0,NORMAL
2026-09-23 05:00:00,R2,2.181,8.037,0.2713,2.181,0,0,0.0,0.2713,2,10.302,0,NORMAL
2026-09-23 05:15:00,R1,5.77,10.862,0.5312,5.77,0,0,0.0,0.5312,3,11.434,0,NORMAL
2026-09-23 05:15:00,R2,2.935,7.776,0.3775,2.935,0,0,0.0,0.3775,2,10.647,0,NORMAL
2026-09-23 05:30:00,R1,5.139,10.834,0.4743,5.139,0,0,0.0,0.4743,3,11.464,0,NORMAL
2026-09-23 05:30:00,R2,2.727,7.829,0.3483,2.727,0,0,0.0,0.3483,2,10.576,0,NORMAL
2026-09-23 05:45:00,R1,5.521,10.412,0.5302,5.521,0,0,0.0,0.5302,3,11.929,0,NORMAL
2026-09-23 05:45:00,R2,2.841,7.454,0.3811,2.841,0,0,0.0,0.3811,2,11.109,0,NORMAL
2026-09-23 06:00:00,R1,6.862,10.504,0.6533,6.862,0,0,0.0,0.6533,3,11.824,0,NORMAL
2026-09-23 06:00:00,R2,3.35,8.086,0.4143,3.35,0,0,0.0,0.4143,2,10.24,0,NORMAL
2026-09-23 06:15:00,R1,6.076,10.855,0.5597,6.076,0,0,0.0,0.5597,3,11.442,0,NORMAL
2026-09-23 06:15:00,R2,2.754,8.074,0.3411,2.754,0,0,0.0,0.3411,2,10.255,0,NORMAL
2026-09-23 06:30:00,R1,6.483,10.739,0.6037,6.483,0,0,0.0,0.6037,3,11.566,0,NORMAL
2026-09-23 06:30:00,R2,3.017,4.033,0.7479,3.017,0,0,0.0,0.7479,1,10.264,0,NORMAL
2026-09-23 06:45:00,R1,6.376,11.178,0.5704,6.376,0,0,0.0,0.5704,3,11.111,0,NORMAL
2026-09-23 06:45:00,R2,3.372,7.974,0.4229,3.372,0,0,0.0,0.4229,2,10.384,0,NORMAL
2026-09-23 07:00:00,R1,6.726,10.323,0.6515,6.726,0,0,0.0,0.6515,3,12.032,0,NORMAL
2026-09-23 07:00:00,R2,3.204,8.45,0.3792,3.204,0,0,0.0,0.3792,2,9.799,0,NORMAL
2026-09-23 07:15:00,R1,6.948,11.099,0.626,6.948,0,0,0.0,0.626,3,11.191,0,NORMAL
2026-09-23 07:15:00,R2,3.044,8.219,0.3703,3.044,0,0,0.0,0.3703,2,10.074,0,NORMAL
2026-09-23 07:30:00,R1,6.828,10.304,0.6627,6.828,0,0,0.0,0.6627,3,12.054,0,NORMAL
2026-09-23 07:30:00,R2,2.644,7.504,0.3523,2.644,0,0,0.0,0.3523,2,11.035,0,NORMAL
2026-09-23 07:45:00,R1,6.345,10.114,0.6273,6.345,0,0,0.0,0.6273,3,12.28,0,NORMAL
2026-09-23 07:45:00,R2,3.289,8.921,0.3687,3.289,0,0,0.0,0.3687,2,9.281,0,NORMAL
2026-09-23 08:00:00,R1,7.264,9.89,0.7345,7.264,0,0,0.0,0.7345,3,12.558,0,NORMAL
2026-09-23 08:00:00,R2,3.081,8.191,0.3761,3.081,0,0,0.0,0.3761,2,10.108,0,NORMAL
2026-09-23 08:15:00,R1,7.087,11.125,0.6371,7.087,0,0,0.0,0.6371,3,11.164,0,NORMAL
2026-09-23 08:15:00,R2,3.159,8.383,0.3769,3.159,0,0,0.0,0.3769,2,9.877,0,NORMAL
2026-09-23 08:30:00,R1,6.855,10.212,0.6713,6.855,0,0,0.0,0.6713,3,12.162,0,NORMAL
2026-09-23 08:30:00,R2,2.597,8.166,0.318,2.597,0,0,0.0,0.318,2,10.14,0,NORMAL
2026-09-23 08:45:00,R1,7.102,10.743,0.6612,7.102,0,0,0.0,0.6612,3,11.561,0,NORMAL
2026-09-23 08:45:00,R2,3.043,7.915,0.3844,3.043,0,0,0.0,0.3844,2,10.462,0,NORMAL
2026-09-23 09:00:00,R1,7.188,10.634,0.676,7.188,0,0,0.0,0.676,3,11.68,0,NORMAL
2026-09-23 09:00:00,R2,2.958,7.577,0.3904,2.958,0,0,0.0,0.3904,2,10.927,0,NORMAL
2026-09-23 09:15:00,R1,7.037,10.295,0.6836,7.037,0,0,0.0,0.6836,3,12.064,0,NORMAL
2026-09-23 09:15:00,R2,3.147,7.728,0.4073,3.147,0,0,0.0,0.4073,2,10.715,0,NORMAL
2026-09-23 09:30:00,R1,6.529,9.783,0.6675,6.529,0,0,0.0,0.6675,3,12.696,0,NORMAL
2026-09-23 09:30:00,R2,2.816,8.756,0.3216,2.816,0,0,0.0,0.3216,2,9.456,0,NORMAL
2026-09-23 09:45:00,R1,6.912,10.864,0.6362,6.912,0,0,0.0,0.6362,3,11.433,0,NORMAL
2026-09-23 09:45:00,R2,2.863,7.656,0.3739,2.863,0,0,0.0,0.3739,2,10.816,0,NORMAL
2026-09-23 10:00:00,R1,6.884,10.75,0.6403,6.884,0,0,0.0,0.6403,3,11.553,0,NORMAL
2026-09-23 10:00:00,R2,2.713,7.961,0.3408,2.713,0,0,0.0,0.3408,2,10.401,0,NORMAL
2026-09-23 10:15:00,R1,6.994,10.527,0.6644,6.994,0,0,0.0,0.6644,3,11.798,0,NORMAL
2026-09-23 10:15:00,R2,2.627,8.802,0.2984,2.627,0,0,0.0,0.2984,2,9.407,0,NORMAL
2026-09-23 10:30:00,R1,6.449,10.577,0.6098,6.449,0,0,0.0,0.6098,3,11.743,0,NORMAL
2026-09-23 10:30:00,R2,3.142,7.887,0.3984,3.142,0,0,0.0,0.3984,2,10.498,0,NORMAL
2026-09-23 10:45:00,R1,6.855,10.751,0.6377,6.855,0,0,0.0,0.6377,3,11.553,0,NORMAL
2026-09-23 10:45:00,R2,2.989,8.01,0.3731,2.989,0,0,0.0,0.3731,2,10.336,0,NORMAL
2026-09-23 11:00:00,R1,7.059,10.573,0.6676,7.059,0,0,0.0,0.6676,3,11.747,0,NORMAL
2026-09-23 11:00:00,R2,2.745,7.825,0.3508,2.745,0,0,0.0,0.3508,2,10.582,0,NORMAL
2026-09-23 11:15:00,R1,6.698,7.265,0.922,6.698,0,0,0.0,0.922,2,11.398,0,HIGH
2026-09-23 11:15:00,R2,3.312,8.426,0.393,3.312,0,0,0.0,0.393,2,9.826,0,NORMAL
2026-09-23 11:30:00,R1,5.985,10.496,0.5702,5.985,0,0,0.0,0.5702,3,11.834,0,NORMAL
2026-09-23 11:30:00,R2,3.118,8.429,0.3699,3.118,0,0,0.0,0.3699,2,9.823,0,NORMAL
2026-09-23 11:45:00,R1,5.945,10.697,0.5558,5.945,0,0,0.0,0.5558,3,11.61,0,NORMAL
2026-09-23 11:45:00,R2,2.94,7.748,0.3795,2.94,0,0,0.0,0.3795,2,10.687,0,NORMAL
2026-09-23 12:00:00,R1,7.138,10.104,0.7064,7.138,0,0,0.0,0.7064,3,12.293,0,NORMAL
2026-09-23 12:00:00,R2,2.569,8.366,0.307,2.569,0,0,0.0,0.307,2,9.897,0,NORMAL
2026-09-23 12:15:00,R1,7.117,10.553,0.6744,7.117,0,0,0.0,0.6744,3,11.769,0,NORMAL
2026-09-23 12:15:00,R2,2.977,8.039,0.3704,2.977,0,0,0.0,0.3704,2,10.3,0,NORMAL
2026-09-23 12:30:00,R1,7.219,10.973,0.6579,7.219,0,0,0.0,0.6579,3,11.319,0,NORMAL
2026-09-23 12:30:00,R2,2.986,8.191,0.3645,2.986,0,0,0.0,0.3645,2,10.109,0,NORMAL
2026-09-23 12:45:00,R1,7.046,10.15,0.6942,7.046,0,0,0.0,0.6942,3,12.237,0,NORMAL
2026-09-23 12:45:00,R2,2.832,8.336,0.3398,2.832,0,0,0.0,0.3398,2,9.933,0,NORMAL
2026-09-23 13:00:00,R1,7.498,11.539,0.6498,7.498,0,0,0.0,0.6498,3,10.764,0,NORMAL
2026-09-23 13:00:00,R2,3.043,7.888,0.3857,3.043,0,0,0.0,0.3857,2,10.497,0,NORMAL
2026-09-23 13:15:00,R1,7.57,10.943,0.6917,7.57,0,0,0.0,0.6917,3,11.35,0,NORMAL
2026-09-23 13:15:00,R2,2.755,8.304,0.3317,2.755,0,0,0.0,0.3317,2,9.971,0,NORMAL
2026-09-23 13:30:00,R1,7.145,11.062,0.6459,7.145,0,0,0.0,0.6459,3,11.227,0,NORMAL
2026-09-23 13:30:00,R2,2.748,7.797,0.3524,2.748,0,0,0.0,0.3524,2,10.619,0,NORMAL
2026-09-23 13:45:00,R1,6.991,10.568,0.6615,6.991,0,0,0.0,0.6615,3,11.753,0,NORMAL
2026-09-23 13:45:00,R2,2.645,8.407,0.3146,2.645,0,0,0.0,0.3146,2,9.849,0,NORMAL
2026-09-23 14:00:00,R1,8.183,9.554,0.8566,8.183,0,0,0.0,0.8566,3,13.0,0,WARNING
2026-09-23 14:00:00,R2,3.066,7.345,0.4175,3.066,0,0,0.0,0.4175,2,11.273,0,NORMAL
2026-09-23 14:15:00,R1,7.943,10.201,0.7787,7.943,0,0,0.0,0.7787,3,12.176,0,WARNING
2026-09-23 14:15:00,R2,2.773,8.41,0.3297,2.773,0,0,0.0,0.3297,2,9.846,0,NORMAL
2026-09-23 14:30:00,R1,7.657,9.559,0.801,7.657,0,0,0.0,0.801,3,12.993,0,WARNING
2026-09-23 14:30:00,R2,2.64,8.15,0.3239,2.64,0,0,0.0,0.3239,2,10.159,0,NORMAL
2026-09-23 14:45:00,R1,7.52,10.706,0.7024,7.52,0,0,0.0,0.7024,3,11.601,0,NORMAL
2026-09-23 14:45:00,R2,2.61,4.092,0.638,2.61,0,0,0.0,0.638,1,10.118,0,NORMAL
2026-09-23 15:00:00,R1,7.169,10.5,0.6828,7.169,0,0,0.0,0.6828,3,11.829,0,NORMAL
2026-09-23 15:00:00,R2,2.959,8.191,0.3612,2.959,0,0,0.0,0.3612,2,10.109,0,NORMAL
2026-09-23 15:15:00,R1,7.849,6.084,1.29,6.084,0,1.764,0.0,1.25,2,13.608,0,HIGH
2026-09-23 15:15:00,R2,2.56,8.275,0.3094,2.56,0,0,0.0,0.3094,2,10.006,0,NORMAL
2026-09-23 15:30:00,R1,7.509,9.606,0.7817,9.273,1.764,0,2.755,0.9654,3,12.929,0,HIGH
2026-09-23 15:30:00,R2,2.815,7.74,0.3636,2.815,0,0,0.0,0.3636,2,10.698,0,NORMAL
2026-09-23 15:45:00,R1,7.606,10.869,0.6998,7.606,0,0,0.0,0.6998,3,11.427,0,NORMAL
2026-09-23 15:45:00,R2,2.516,7.531,0.334,2.516,0,0,0.0,0.334,2,10.995,0,NORMAL
2026-09-23 16:00:00,R1,7.773,10.696,0.7267,7.773,0,0,0.0,0.7267,3,11.612,0,NORMAL
2026-09-23 16:00:00,R2,2.44,7.499,0.3254,2.44,0,0,0.0,0.3254,2,11.041,0,NORMAL
2026-09-23 16:15:00,R1,7.647,6.491,1.1782,6.491,0,1.157,0.0,1.1782,2,12.756,0,HIGH
2026-09-23 16:15:00,R2,2.781,8.347,0.3332,2.781,0,0,0.0,0.3332,2,9.92,0,NORMAL
2026-09-23 16:30:00,R1,7.338,10.559,0.6949,8.495,1.157,0,1.643,0.8045,3,11.762,0,WARNING
2026-09-23 16:30:00,R2,2.992,7.856,0.3808,2.992,0,0,0.0,0.3808,2,10.539,0,NORMAL
2026-09-23 16:45:00,R1,8.336,10.454,0.7974,8.336,0,0,0.0,0.7974,3,11.88,0,WARNING
2026-09-23 16:45:00,R2,2.41,8.417,0.2863,2.41,0,0,0.0,0.2863,2,9.837,0,NORMAL
2026-09-23 17:00:00,R1,6.888,10.531,0.6541,6.888,0,0,0.0,0.6541,3,11.794,0,NORMAL
2026-09-23 17:00:00,R2,2.653,7.968,0.333,2.653,0,0,0.0,0.333,2,10.391,0,NORMAL
2026-09-23 17:15:00,R1,7.374,10.444,0.706,7.374,0,0,0.0,0.706,3,11.892,0,NORMAL
2026-09-23 17:15:00,R2,2.795,8.229,0.3396,2.795,0,0,0.0,0.3396,2,10.063,0,NORMAL
2026-09-23 17:30:00,R1,7.261,10.893,0.6666,7.261,0,0,0.0,0.6666,3,11.402,0,NORMAL
2026-09-23 17:30:00,R2,2.881,8.226,0.3503,2.881,0,0,0.0,0.3503,2,10.066,0,NORMAL
2026-09-23 17:45:00,R1,7.224,10.784,0.6699,7.224,0,0,0.0,0.6699,3,11.518,0,NORMAL
2026-09-23 17:45:00,R2,2.737,8.44,0.3243,2.737,0,0,0.0,0.3243,2,9.81,0,NORMAL
2026-09-23 18:00:00,R1,8.25,10.434,0.7907,8.25,0,0,0.0,0.7907,3,11.904,0,WARNING
2026-09-23 18:00:00,R2,2.921,7.925,0.3686,2.921,0,0,0.0,0.3686,2,10.448,0,NORMAL
2026-09-23 18:15:00,R1,7.279,10.491,0.6938,7.279,0,0,0.0,0.6938,3,11.838,0,NORMAL
2026-09-23 18:15:00,R2,2.806,7.607,0.3688,2.806,0,0,0.0,0.3688,2,10.885,0,NORMAL
2026-09-23 18:30:00,R1,7.301,10.848,0.6731,7.301,0,0,0.0,0.6731,3,11.45,0,NORMAL
2026-09-23 18:30:00,R2,2.852,3.872,0.7365,2.852,0,0,0.0,0.7365,1,10.693,0,NORMAL
2026-09-23 18:45:00,R1,7.729,11.284,0.685,7.729,0,0,0.0,0.685,3,11.006,0,NORMAL
2026-09-23 18:45:00,R2,2.661,7.921,0.336,2.661,0,0,0.0,0.336,2,10.453,0,NORMAL
2026-09-23 19:00:00,R1,6.51,10.411,0.6253,6.51,0,0,0.0,0.6253,3,11.93,0,NORMAL
2026-09-23 19:00:00,R2,3.468,8.333,0.4162,3.468,0,0,0.0,0.4162,2,9.936,0,NORMAL
2026-09-23 19:15:00,R1,6.719,10.807,0.6217,6.719,0,0,0.0,0.6217,3,11.493,0,NORMAL
2026-09-23 19:15:00,R2,3.017,8.68,0.3475,3.017,0,0,0.0,0.3475,2,9.539,0,NORMAL
2026-09-23 19:30:00,R1,6.968,10.572,0.6591,6.968,0,0,0.0,0.6591,3,11.748,0,NORMAL
2026-09-23 19:30:00,R2,2.501,8.19,0.3054,2.501,0,0,0.0,0.3054,2,10.11,0,NORMAL
2026-09-23 19:45:00,R1,7.217,10.658,0.6772,7.217,0,0,0.0,0.6772,3,11.654,0,NORMAL
2026-09-23 19:45:00,R2,2.753,8.569,0.3213,2.753,0,0,0.0,0.3213,2,9.662,0,NORMAL
2026-09-23 20:00:00,R1,6.89,10.917,0.6311,6.89,0,0,0.0,0.6311,3,11.377,0,NORMAL
2026-09-23 20:00:00,R2,2.638,8.078,0.3266,2.638,0,0,0.0,0.3266,2,10.25,0,NORMAL
2026-09-23 20:15:00,R1,7.703,11.519,0.6687,7.703,0,0,0.0,0.6687,3,10.782,0,NORMAL
2026-09-23 20:15:00,R2,2.997,7.891,0.3798,2.997,0,0,0.0,0.3798,2,10.493,0,NORMAL
2026-09-23 20:30:00,R1,7.262,10.824,0.6709,7.262,0,0,0.0,0.6709,3,11.474,0,NORMAL
2026-09-23 20:30:00,R2,2.857,7.686,0.3717,2.857,0,0,0.0,0.3717,2,10.773,0,NORMAL
2026-09-23 20:45:00,R1,6.69,10.377,0.6446,6.69,0,0,0.0,0.6446,3,11.968,0,NORMAL
2026-09-23 20:45:00,R2,3.073,8.006,0.3839,3.073,0,0,0.0,0.3839,2,10.342,0,NORMAL
2026-09-23 21:00:00,R1,7.097,11.369,0.6242,7.097,0,0,0.0,0.6242,3,10.924,0,NORMAL
2026-09-23 21:00:00,R2,2.787,8.305,0.3355,2.787,0,0,0.0,0.3355,2,9.97,0,NORMAL
2026-09-23 21:15:00,R1,5.952,11.118,0.5354,5.952,0,0,0.0,0.5354,3,11.171,0,NORMAL
2026-09-23 21:15:00,R2,3.235,8.379,0.3861,3.235,0,0,0.0,0.3861,2,9.882,0,NORMAL
2026-09-23 21:30:00,R1,6.766,11.186,0.6049,6.766,0,0,0.0,0.6049,3,11.103,0,NORMAL
2026-09-23 21:30:00,R2,3.083,7.922,0.3892,3.083,0,0,0.0,0.3892,2,10.452,0,NORMAL
2026-09-23 21:45:00,R1,7.177,10.869,0.6603,7.177,0,0,0.0,0.6603,3,11.427,0,NORMAL
2026-09-23 21:45:00,R2,3.427,7.666,0.4471,3.427,0,0,0.0,0.4471,2,10.801,0,NORMAL
2026-09-23 22:00:00,R1,5.444,10.639,0.5117,5.444,0,0,0.0,0.5117,3,11.674,0,NORMAL
2026-09-23 22:00:00,R2,2.289,7.816,0.2928,2.289,0,0,0.0,0.2928,2,10.594,0,NORMAL
2026-09-23 22:15:00,R1,5.917,10.319,0.5734,5.917,0,0,0.0,0.5734,3,12.036,0,NORMAL
2026-09-23 22:15:00,R2,2.168,8.08,0.2683,2.168,0,0,0.0,0.2683,2,10.248,0,NORMAL
2026-09-23 22:30:00,R1,5.554,10.992,0.5052,5.554,0,0,0.0,0.5052,3,11.299,0,NORMAL
2026-09-23 22:30:00,R2,2.696,7.919,0.3405,2.696,0,0,0.0,0.3405,2,10.456,0,NORMAL
2026-09-23 22:45:00,R1,4.718,10.538,0.4478,4.718,0,0,0.0,0.4478,3,11.786,0,NORMAL
2026-09-23 22:45:00,R2,2.447,8.249,0.2967,2.447,0,0,0.0,0.2967,2,10.038,0,NORMAL
2026-09-23 23:00:00,R1,5.127,11.861,0.4323,5.127,0,0,0.0,0.4323,3,10.471,0,NORMAL
2026-09-23 23:00:00,R2,2.503,8.689,0.288,2.503,0,0,0.0,0.288,2,9.529,0,NORMAL
2026-09-23 23:15:00,R1,5.031,10.72,0.4694,5.031,0,0,0.0,0.4694,3,11.586,0,NORMAL
2026-09-23 23:15:00,R2,2.268,8.627,0.2629,2.268,0,0,0.0,0.2629,2,9.598,0,NORMAL
2026-09-23 23:30:00,R1,6.137,10.08,0.6089,6.137,0,0,0.0,0.6089,3,12.321,0,NORMAL
2026-09-23 23:30:00,R2,2.087,7.696,0.2712,2.087,0,0,0.0,0.2712,2,10.759,0,NORMAL
2026-09-23 23:45:00,R1,5.271,10.205,0.5165,5.271,0,0,0.0,0.5165,3,12.17,0,NORMAL
2026-09-23 23:45:00,R2,2.032,8.365,0.2429,2.032,0,0,0.0,0.2429,2,9.898,0,NORMAL
2026-09-24 00:00:00,R1,5.311,10.64,0.4992,5.311,0,0,0.0,0.4992,3,11.673,0,NORMAL
2026-09-24 00:00:00,R2,2.767,8.011,0.3454,2.767,0,0,0.0,0.3454,2,10.336,0,NORMAL
2026-09-24 00:15:00,R1,5.443,10.634,0.5118,5.443,0,0,0.0,0.5118,3,11.68,0,NORMAL
2026-09-24 00:15:00,R2,2.608,8.057,0.3236,2.608,0,0,0.0,0.3236,2,10.276,0,NORMAL
2026-09-24 00:30:00,R1,5.191,10.638,0.4879,5.191,0,0,0.0,0.4879,3,11.675,0,NORMAL
2026-09-24 00:30:00,R2,2.686,8.236,0.3261,2.686,0,0,0.0,0.3261,2,10.054,0,NORMAL
2026-09-24 00:45:00,R1,4.816,10.992,0.4381,4.816,0,0,0.0,0.4381,3,11.299,0,NORMAL
2026-09-24 00:45:00,R2,2.562,8.739,0.2932,2.562,0,0,0.0,0.2932,2,9.475,0,NORMAL
2026-09-24 01:00:00,R1,5.535,6.659,0.8312,5.535,0,0,0.0,0.8312,2,12.434,0,WARNING
2026-09-24 01:00:00,R2,2.783,8.102,0.3435,2.783,0,0,0.0,0.3435,2,10.22,0,NORMAL
2026-09-24 01:15:00,R1,5.083,11.4,0.4459,5.083,0,0,0.0,0.4459,3,10.895,0,NORMAL
2026-09-24 01:15:00,R2,2.635,8.178,0.3223,2.635,0,0,0.0,0.3223,2,10.125,0,NORMAL
2026-09-24 01:30:00,R1,5.194,11.034,0.4707,5.194,0,0,0.0,0.4707,3,11.256,0,NORMAL
2026-09-24 01:30:00,R2,2.563,8.247,0.3108,2.563,0,0,0.0,0.3108,2,10.04,0,NORMAL
2026-09-24 01:45:00,R1,5.346,9.809,0.5449,5.346,0,0,0.0,0.5449,3,12.661,0,NORMAL
2026-09-24 01:45:00,R2,2.154,8.268,0.2605,2.154,0,0,0.0,0.2605,2,10.014,0,NORMAL
2026-09-24 02:00:00,R1,5.453,11.665,0.4674,5.453,0,0,0.0,0.4674,3,10.647,0,NORMAL
2026-09-24 02:00:00,R2,2.461,7.58,0.3246,2.461,0,0,0.0,0.3246,2,10.923,0,NORMAL
2026-09-24 02:15:00,R1,5.27,10.325,0.5104,5.27,0,0,0.0,0.5104,3,12.029,0,NORMAL
2026-09-24 02:15:00,R2,2.849,8.271,0.3444,2.849,0,0,0.0,0.3444,2,10.011,0,NORMAL
2026-09-24 02:30:00,R1,5.903,10.234,0.5768,5.903,0,0,0.0,0.5768,3,12.136,0,NORMAL
2026-09-24 02:30:00,R2,2.879,7.384,0.3899,2.879,0,0,0.0,0.3899,2,11.213,0,NORMAL
2026-09-24 02:45:00,R1,5.297,10.978,0.4825,5.297,0,0,0.0,0.4825,3,11.313,0,NORMAL
2026-09-24 02:45:00,R2,2.458,8.148,0.3017,2.458,0,0,0.0,0.3017,2,10.162,0,NORMAL
2026-09-24 03:00:00,R1,4.921,7.19,0.6844,4.921,0,0,0.0,0.6844,2,11.516,0,NORMAL
2026-09-24 03:00:00,R2,2.683,7.657,0.3504,2.683,0,0,0.0,0.3504,2,10.814,0,NORMAL
2026-09-24 03:15:00,R1,5.866,7.389,0.7939,5.866,0,0,0.0,0.7939,2,11.207,0,WARNING
2026-09-24 03:15:00,R2,2.742,8.311,0.3299,2.742,0,0,0.0,0.3299,2,9.962,0,NORMAL
2026-09-24 03:30:00,R1,5.898,11.052,0.5337,5.898,0,0,0.0,0.5337,3,11.238,0,NORMAL
2026-09-24 03:30:00,R2,2.632,8.295,0.3173,2.632,0,0,0.0,0.3173,2,9.983,0,NORMAL
2026-09-24 03:45:00,R1,5.138,10.869,0.4727,5.138,0,0,0.0,0.4727,3,11.427,0,NORMAL
2026-09-24 03:45:00,R2,2.409,8.032,0.3,2.409,0,0,0.0,0.3,2,10.309,0,NORMAL
2026-09-24 04:00:00,R1,5.787,10.712,0.5403,5.787,0,0,0.0,0.5403,3,11.595,0,NORMAL
2026-09-24 04:00:00,R2,2.199,7.926,0.2774,2.199,0,0,0.0,0.2774,2,10.447,0,NORMAL
2026-09-24 04:15:00,R1,6.162,10.625,0.5799,6.162,0,0,0.0,0.5799,3,11.689,0,NORMAL
2026-09-24 04:15:00,R2,2.495,8.549,0.2919,2.495,0,0,0.0,0.2919,2,9.685,0,NORMAL
2026-09-24 04:30:00,R1,5.34,10.618,0.5029,5.34,0,0,0.0,0.5029,3,11.698,0,NORMAL
2026-09-24 04:30:00,R2,2.25,8.355,0.2693,2.25,0,0,0.0,0.2693,2,9.91,0,NORMAL
2026-09-24 04:45:00,R1,5.049,7.437,0.6789,5.049,0,0,0.0,0.6789,2,11.134,0,NORMAL
2026-09-24 04:45:00,R2,2.275,8.441,0.2695,2.275,0,0,0.0,0.2695,2,9.809,0,NORMAL
2026-09-24 05:00:00,R1,6.202,10.333,0.6002,6.202,0,0,0.0,0.6002,3,12.02,0,NORMAL
2026-09-24 05:00:00,R2,2.396,8.297,0.2888,2.396,0,0,0.0,0.2888,2,9.979,0,NORMAL
2026-09-24 05:15:00,R1,5.385,10.341,0.5208,5.385,0,0,0.0,0.5208,3,12.011,0,NORMAL
2026-09-24 05:15:00,R2,2.739,7.724,0.3547,2.739,0,0,0.0,0.3547,2,10.72,0,NORMAL
2026-09-24 05:30:00,R1,4.986,10.961,0.4549,4.986,0,0,0.0,0.4549,3,11.332,0,NORMAL
2026-09-24 05:30:00,R2,2.282,7.868,0.29,2.282,0,0,0.0,0.29,2,10.523,0,NORMAL
2026-09-24 05:45:00,R1,5.928,10.82,0.5479,5.928,0,0,0.0,0.5479,3,11.479,0,NORMAL
2026-09-24 05:45:00,R2,2.875,8.276,0.3474,2.875,0,0,0.0,0.3474,2,10.004,0,NORMAL
2026-09-24 06:00:00,R1,5.795,10.19,0.5687,5.795,0,0,0.0,0.5687,3,12.188,0,NORMAL
2026-09-24 06:00:00,R2,3.226,8.414,0.3834,3.226,0,0,0.0,0.3834,2,9.841,0,NORMAL
2026-09-24 06:15:00,R1,7.337,10.147,0.723,7.337,0,0,0.0,0.723,3,12.24,0,NORMAL
2026-09-24 06:15:00,R2,3.204,8.292,0.3865,3.204,0,0,0.0,0.3865,2,9.986,0,NORMAL
2026-09-24 06:30:00,R1,6.775,10.891,0.6221,6.775,0,0,0.0,0.6221,3,11.403,0,NORMAL
2026-09-24 06:30:00,R2,3.05,7.872,0.3875,3.05,0,0,0.0,0.3875,2,10.518,0,NORMAL
2026-09-24 06:45:00,R1,6.537,10.733,0.6091,6.537,0,0,0.0,0.6091,3,11.572,0,NORMAL
2026-09-24 06:45:00,R2,3.193,8.115,0.3935,3.193,0,0,0.0,0.3935,2,10.203,0,NORMAL
2026-09-24 07:00:00,R1,6.624,10.503,0.6307,6.624,0,0,0.0,0.6307,3,11.825,0,NORMAL
2026-09-24 07:00:00,R2,3.487,3.918,0.8901,3.487,0,0,0.0,0.8901,1,10.567,0,WARNING
2026-09-24 07:15:00,R1,6.791,9.753,0.6963,6.791,0,0,0.0,0.6963,3,12.734,0,NORMAL
2026-09-24 07:15:00,R2,3.055,7.88,0.3876,3.055,0,0,0.0,0.3876,2,10.508,0,NORMAL
2026-09-24 07:30:00,R1,6.281,11.61,0.541,6.281,0,0,0.0,0.541,3,10.698,0,NORMAL
2026-09-24 07:30:00,R2,3.191,7.811,0.4085,3.191,0,0,0.0,0.4085,2,10.601,0,NORMAL
2026-09-24 07:45:00,R1,6.798,10.344,0.6572,6.798,0,0,0.0,0.6572,3,12.007,0,NORMAL
2026-09-24 07:45:00,R2,3.21,8.339,0.385,3.21,0,0,0.0,0.385,2,9.929,0,NORMAL
2026-09-24 08:00:00,R1,6.592,11.309,0.5829,6.592,0,0,0.0,0.5829,3,10.983,0,NORMAL
2026-09-24 08:00:00,R2,2.812,7.789,0.361,2.812,0,0,0.0,0.361,2,10.631,0,NORMAL
2026-09-24 08:15:00,R1,6.747,10.798,0.6249,6.747,0,0,0.0,0.6249,3,11.503,0,NORMAL
2026-09-24 08:15:00,R2,3.09,8.062,0.3832,3.09,0,0,0.0,0.3832,2,10.27,0,NORMAL
2026-09-24 08:30:00,R1,6.533,10.513,0.6214,6.533,0,0,0.0,0.6214,3,11.814,0,NORMAL
2026-09-24 08:30:00,R2,3.27,8.09,0.4043,3.27,0,0,0.0,0.4043,2,10.235,0,NORMAL
2026-09-24 08:45:00,R1,6.859,10.748,0.6382,6.859,0,0,0.0,0.6382,3,11.556,0,NORMAL
2026-09-24 08:45:00,R2,2.969,8.004,0.3709,2.969,0,0,0.0,0.3709,2,10.344,0,NORMAL
2026-09-24 09:00:00,R1,7.251,11.058,0.6558,7.251,0,0,0.0,0.6558,3,11.232,0,NORMAL
2026-09-24 09:00:00,R2,2.916,8.24,0.3539,2.916,0,0,0.0,0.3539,2,10.048,0,NORMAL
2026-09-24 09:15:00,R1,6.973,10.674,0.6532,6.973,0,0,0.0,0.6532,3,11.635,0,NORMAL
2026-09-24 09:15:00,R2,2.663,7.924,0.3361,2.663,0,0,0.0,0.3361,2,10.449,0,NORMAL
2026-09-24 09:30:00,R1,7.138,11.066,0.645,7.138,0,0,0.0,0.645,3,11.223,0,NORMAL
2026-09-24 09:30:00,R2,2.778,4.2,0.6613,2.778,0,0,0.0,0.6613,1,9.857,0,NORMAL
2026-09-24 09:45:00,R1,6.846,10.684,0.6407,6.846,0,0,0.0,0.6407,3,11.625,0,NORMAL
2026-09-24 09:45:00,R2,2.772,8.406,0.3297,2.772,0,0,0.0,0.3297,2,9.85,0,NORMAL
2026-09-24 10:00:00,R1,7.139,10.635,0.6713,7.139,0,0,0.0,0.6713,3,11.678,0,NORMAL
2026-09-24 10:00:00,R2,3.205,7.994,0.4009,3.205,0,0,0.0,0.4009,2,10.357,0,NORMAL
2026-09-24 10:15:00,R1,6.585,10.384,0.6341,6.585,0,0,0.0,0.6341,3,11.961,0,NORMAL
2026-09-24 10:15:00,R2,2.565,8.173,0.3138,2.565,0,0,0.0,0.3138,2,10.13,0,NORMAL
2026-09-24 10:30:00,R1,7.498,10.617,0.7062,7.498,0,0,0.0,0.7062,3,11.699,0,NORMAL
2026-09-24 10:30:00,R2,3.365,7.74,0.4347,3.365,0,0,0.0,0.4347,2,10.697,0,NORMAL
2026-09-24 10:45:00,R1,6.75,10.395,0.6494,6.75,0,0,0.0,0.6494,3,11.948,0,NORMAL
2026-09-24 10:45:00,R2,2.635,7.832,0.3364,2.635,0,0,0.0,0.3364,2,10.572,0,NORMAL
2026-09-24 11:00:00,R1,7.252,10.015,0.7241,7.252,0,0,0.0,0.7241,3,12.401,0,NORMAL
2026-09-24 11:00:00,R2,3.054,7.846,0.3893,3.054,0,0,0.0,0.3893,2,10.553,0,NORMAL
2026-09-24 11:15:00,R1,7.433,10.866,0.6841,7.433,0,0,0.0,0.6841,3,11.43,0,NORMAL
2026-09-24 11:15:00,R2,3.067,7.927,0.3869,3.067,0,0,0.0,0.3869,2,10.445,0,NORMAL
2026-09-24 11:30:00,R1,6.511,10.957,0.5943,6.511,0,0,0.0,0.5943,3,11.336,0,NORMAL
2026-09-24 11:30:00,R2,2.463,8.605,0.2862,2.463,0,0,0.0,0.2862,2,9.623,0,NORMAL
2026-09-24 11:45:00,R1,6.288,11.183,0.5623,6.288,0,0,0.0,0.5623,3,11.106,0,NORMAL
2026-09-24 11:45:00,R2,2.541,8.373,0.3034,2.541,0,0,0.0,0.3034,2,9.889,0,NORMAL
2026-09-24 12:00:00,R1,7.489,6.459,1.1596,6.459,0,1.031,0.0,1.1596,2,12.82,0,HIGH
2026-09-24 12:00:00,R2,2.465,7.939,0.3104,2.465,0,0,0.0,0.3104,2,10.429,0,NORMAL
2026-09-24 12:15:00,R1,6.981,9.908,0.7046,8.011,1.031,0,1.56,0.8086,3,12.535,0,WARNING
2026-09-24 12:15:00,R2,2.802,8.048,0.3482,2.802,0,0,0.0,0.3482,2,10.288,0,NORMAL
2026-09-24 12:30:00,R1,6.827,10.776,0.6336,6.827,0,0,0.0,0.6336,3,11.526,0,NORMAL
2026-09-24 12:30:00,R2,3.082,7.858,0.3923,3.082,0,0,0.0,0.3923,2,10.538,0,NORMAL
2026-09-24 12:45:00,R1,6.86,10.455,0.6562,6.86,0,0,0.0,0.6562,3,11.88,0,NORMAL
2026-09-24 12:45:00,R2,2.867,7.797,0.3677,2.867,0,0,0.0,0.3677,2,10.62,0,NORMAL
2026-09-24 13:00:00,R1,6.633,6.802,0.9751,6.633,0,0,0.0,0.9751,2,12.172,0,HIGH
2026-09-24 13:00:00,R2,2.745,7.995,0.3434,2.745,0,0,0.0,0.3434,2,10.357,0,NORMAL
2026-09-24 13:15:00,R1,7.315,10.747,0.6807,7.315,0,0,0.0,0.6807,3,11.557,0,NORMAL
2026-09-24 13:15:00,R2,3.142,7.741,0.4059,3.142,0,0,0.0,0.4059,2,10.696,0,NORMAL
2026-09-24 13:30:00,R1,7.565,10.876,0.6956,7.565,0,0,0.0,0.6956,3,11.42,0,NORMAL
2026-09-24 13:30:00,R2,2.914,8.468,0.3441,2.914,0,0,0.0,0.3441,2,9.778,0,NORMAL
2026-09-24 13:45:00,R1,6.883,10.634,0.6473,6.883,0,0,0.0,0.6473,3,11.68,0,NORMAL
2026-09-24 13:45:00,R2,2.445,8.382,0.2917,2.445,0,0,0.0,0.2917,2,9.878,0,NORMAL
2026-09-24 14:00:00,R1,7.531,9.892,0.7613,7.531,0,0,0.0,0.7613,3,12.556,0,WARNING
2026-09-24 14:00:00,R2,2.812,8.424,0.3338,2.812,0,0,0.0,0.3338,2,9.829,0,NORMAL
2026-09-24 14:15:00,R1,7.331,10.746,0.6822,7.331,0,0,0.0,0.6822,3,11.558,0,NORMAL
2026-09-24 14:15:00,R2,3.064,8.38,0.3657,3.064,0,0,0.0,0.3657,2,9.881,0,NORMAL
2026-09-24 14:30:00,R1,7.611,11.275,0.675,7.611,0,0,0.0,0.675,3,11.016,0,NORMAL
2026-09-24 14:30:00,R2,2.871,7.997,0.3589,2.871,0,0,0.0,0.3589,2,10.353,0,NORMAL
2026-09-24 14:45:00,R1,7.714,11.231,0.6868,7.714,0,0,0.0,0.6868,3,11.058,0,NORMAL
2026-09-24 14:45:00,R2,2.903,7.853,0.3697,2.903,0,0,0.0,0.3697,2,10.543,0,NORMAL
2026-09-24 15:00:00,R1,7.836,11.1,0.7059,7.836,0,0,0.0,0.7059,3,11.189,0,NORMAL
2026-09-24 15:00:00,R2,2.92,8.285,0.3524,2.92,0,0,0.0,0.3524,2,9.994,0,NORMAL
2026-09-24 15:15:00,R1,7.374,10.983,0.6714,7.374,0,0,0.0,0.6714,3,11.308,0,NORMAL
2026-09-24 15:15:00,R2,2.924,8.1,0.361,2.924,0,0,0.0,0.361,2,10.222,0,NORMAL
2026-09-24 15:30:00,R1,7.616,10.731,0.7097,7.616,0,0,0.0,0.7097,3,11.574,0,NORMAL
2026-09-24 15:30:00,R2,2.215,7.836,0.2827,2.215,0,0,0.0,0.2827,2,10.567,0,NORMAL
2026-09-24 15:45:00,R1,7.412,11.566,0.6408,7.412,0,0,0.0,0.6408,3,10.738,0,NORMAL
2026-09-24 15:45:00,R2,2.963,8.623,0.3436,2.963,0,0,0.0,0.3436,2,9.603,0,NORMAL
2026-09-24 16:00:00,R1,7.364,10.822,0.6805,7.364,0,0,0.0,0.6805,3,11.477,0,NORMAL
2026-09-24 16:00:00,R2,2.671,7.755,0.3444,2.671,0,0,0.0,0.3444,2,10.676,0,NORMAL
2026-09-24 16:15:00,R1,7.519,11.16,0.6737,7.519,0,0,0.0,0.6737,3,11.129,0,NORMAL
2026-09-24 16:15:00,R2,3.068,8.477,0.3619,3.068,0,0,0.0,0.3619,2,9.767,0,NORMAL
2026-09-24 16:30:00,R1,7.456,10.505,0.7097,7.456,0,0,0.0,0.7097,3,11.823,0,NORMAL
2026-09-24 16:30:00,R2,2.562,7.886,0.3249,2.562,0,0,0.0,0.3249,2,10.5,0,NORMAL
2026-09-24 16:45:00,R1,7.327,11.05,0.6631,7.327,0,0,0.0,0.6631,3,11.24,0,NORMAL
2026-09-24 16:45:00,R2,2.699,8.18,0.3299,2.699,0,0,0.0,0.3299,2,10.123,0,NORMAL
2026-09-24 17:00:00,R1,7.655,10.739,0.7128,7.655,0,0,0.0,0.7128,3,11.566,0,NORMAL
2026-09-24 17:00:00,R2,3.093,8.011,0.3861,3.093,0,0,0.0,0.3861,2,10.336,0,NORMAL
2026-09-24 17:15:00,R1,7.655,10.733,0.7132,7.655,0,0,0.0,0.7132,3,11.572,0,NORMAL
2026-09-24 17:15:00,R2,2.882,7.606,0.3788,2.882,0,0,0.0,0.3788,2,10.886,0,NORMAL
2026-09-24 17:30:00,R1,7.453,10.933,0.6817,7.453,0,0,0.0,0.6817,3,11.36,0,NORMAL
2026-09-24 17:30:00,R2,3.143,8.33,0.3773,3.143,0,0,0.0,0.3773,2,9.94,0,NORMAL
2026-09-24 17:45:00,R1,7.12,10.957,0.6498,7.12,0,0,0.0,0.6498,3,11.335,0,NORMAL
2026-09-24 17:45:00,R2,3.219,8.704,0.3699,3.219,0,0,0.0,0.3699,2,9.513,0,NORMAL
2026-09-24 18:00:00,R1,7.02,10.749,0.6531,7.02,0,0,0.0,0.6531,3,11.555,0,NORMAL
2026-09-24 18:00:00,R2,2.752,7.948,0.3463,2.752,0,0,0.0,0.3463,2,10.418,0,NORMAL
2026-09-24 18:15:00,R1,6.871,10.721,0.6409,6.871,0,0,0.0,0.6409,3,11.585,0,NORMAL
2026-09-24 18:15:00,R2,2.919,8.032,0.3634,2.919,0,0,0.0,0.3634,2,10.309,0,NORMAL
2026-09-24 18:30:00,R1,7.142,10.768,0.6633,7.142,0,0,0.0,0.6633,3,11.534,0,NORMAL
2026-09-24 18:30:00,R2,2.63,8.7,0.3023,2.63,0,0,0.0,0.3023,2,9.517,0,NORMAL
2026-09-24 18:45:00,R1,7.026,11.222,0.6261,7.026,0,0,0.0,0.6261,3,11.068,0,NORMAL
2026-09-24 18:45:00,R2,2.626,8.022,0.3274,2.626,0,0,0.0,0.3274,2,10.321,0,NORMAL
2026-09-24 19:00:00,R1,6.704,6.37,1.0523,6.37,0,0.333,0.0,1.0523,2,12.997,0,HIGH
2026-09-24 19:00:00,R2,2.423,7.901,0.3067,2.423,0,0,0.0,0.3067,2,10.48,0,NORMAL
2026-09-24 19:15:00,R1,6.494,10.107,0.6425,6.827,0.333,0,0.495,0.6755,3,12.288,0,NORMAL
2026-09-24 19:15:00,R2,2.788,7.814,0.3567,2.788,0,0,0.0,0.3567,2,10.596,0,NORMAL
2026-09-24 19:30:00,R1,6.978,10.824,0.6447,6.978,0,0,0.0,0.6447,3,11.475,0,NORMAL
2026-09-24 19:30:00,R2,2.551,7.941,0.3212,2.551,0,0,0.0,0.3212,2,10.426,0,NORMAL
2026-09-24 19:45:00,R1,7.061,10.099,0.6992,7.061,0,0,0.0,0.6992,3,12.298,0,NORMAL
2026-09-24 19:45:00,R2,3.306,8.444,0.3915,3.306,0,0,0.0,0.3915,2,9.806,0,NORMAL
2026-09-24 20:00:00,R1,7.153,11.537,0.62,7.153,0,0,0.0,0.62,3,10.766,0,NORMAL
2026-09-24 20:00:00,R2,2.84,8.093,0.351,2.84,0,0,0.0,0.351,2,10.231,0,NORMAL
2026-09-24 20:15:00,R1,7.641,11.396,0.6705,7.641,0,0,0.0,0.6705,3,10.899,0,NORMAL
2026-09-24 20:15:00,R2,2.846,8.056,0.3532,2.846,0,0,0.0,0.3532,2,10.278,0,NORMAL
2026-09-24 20:30:00,R1,7.661,10.769,0.7114,7.661,0,0,0.0,0.7114,3,11.533,0,NORMAL
2026-09-24 20:30:00,R2,3.215,7.711,0.4169,3.215,0,0,0.0,0.4169,2,10.738,0,NORMAL
2026-09-24 20:45:00,R1,6.705,10.276,0.6525,6.705,0,0,0.0,0.6525,3,12.087,0,NORMAL
2026-09-24 20:45:00,R2,3.407,7.819,0.4357,3.407,0,0,0.0,0.4357,2,10.589,0,NORMAL
2026-09-24 21:00:00,R1,7.169,10.921,0.6564,7.169,0,0,0.0,0.6564,3,11.373,0,NORMAL
2026-09-24 21:00:00,R2,3.175,7.931,0.4003,3.175,0,0,0.0,0.4003,2,10.439,0,NORMAL
2026-09-24 21:15:00,R1,7.684,10.437,0.7362,7.684,0,0,0.0,0.7362,3,11.9,0,NORMAL
2026-09-24 21:15:00,R2,3.115,8.02,0.3885,3.115,0,0,0.0,0.3885,2,10.325,0,NORMAL
2026-09-24 21:30:00,R1,7.17,10.67,0.672,7.17,0,0,0.0,0.672,3,11.64,0,NORMAL
2026-09-24 21:30:00,R2,3.156,7.692,0.4103,3.156,0,0,0.0,0.4103,2,10.764,0,NORMAL
2026-09-24 21:45:00,R1,7.17,6.756,1.0613,6.756,0,0.414,0.0,1.0613,2,12.256,0,HIGH
2026-09-24 21:45:00,R2,3.228,7.939,0.4066,3.228,0,0,0.0,0.4066,2,10.43,0,NORMAL
2026-09-24 22:00:00,R1,5.1,10.698,0.4767,5.514,0.414,0,0.58,0.5154,3,11.609,0,NORMAL
2026-09-24 22:00:00,R2,2.694,8.137,0.331,2.694,0,0,0.0,0.331,2,10.175,0,NORMAL
2026-09-24 22:15:00,R1,5.541,10.991,0.5041,5.541,0,0,0.0,0.5041,3,11.3,0,NORMAL
2026-09-24 22:15:00,R2,2.278,8.423,0.2704,2.278,0,0,0.0,0.2704,2,9.83,0,NORMAL
2026-09-24 22:30:00,R1,5.401,10.482,0.5153,5.401,0,0,0.0,0.5153,3,11.849,0,NORMAL
2026-09-24 22:30:00,R2,2.513,8.456,0.2972,2.513,0,0,0.0,0.2972,2,9.792,0,NORMAL
2026-09-24 22:45:00,R1,5.228,10.293,0.508,5.228,0,0,0.0,0.508,3,12.067,0,NORMAL
2026-09-24 22:45:00,R2,2.852,8.034,0.3549,2.852,0,0,0.0,0.3549,2,10.306,0,NORMAL
2026-09-24 23:00:00,R1,5.239,10.507,0.4986,5.239,0,0,0.0,0.4986,3,11.821,0,NORMAL
2026-09-24 23:00:00,R2,2.855,8.168,0.3495,2.855,0,0,0.0,0.3495,2,10.138,0,NORMAL
2026-09-24 23:15:00,R1,5.207,12.156,0.4284,5.207,0,0,0.0,0.4284,3,10.217,0,NORMAL
2026-09-24 23:15:00,R2,2.286,8.033,0.2845,2.286,0,0,0.0,0.2845,2,10.307,0,NORMAL
2026-09-24 23:30:00,R1,4.75,10.789,0.4403,4.75,0,0,0.0,0.4403,3,11.512,0,NORMAL
2026-09-24 23:30:00,R2,2.645,7.646,0.3459,2.645,0,0,0.0,0.3459,2,10.83,0,NORMAL
2026-09-24 23:45:00,R1,5.751,10.784,0.5333,5.751,0,0,0.0,0.5333,3,11.517,0,NORMAL
2026-09-24 23:45:00,R2,2.559,8.298,0.3084,2.559,0,0,0.0,0.3084,2,9.978,0,NORMAL
2026-09-25 00:00:00,R1,5.41,10.635,0.5086,5.41,0,0,0.0,0.5086,3,11.678,0,NORMAL
2026-09-25 00:00:00,R2,2.517,4.142,0.6078,2.517,0,0,0.0,0.6078,1,9.996,0,NORMAL
2026-09-25 00:15:00,R1,5.473,6.514,0.8402,5.473,0,0,0.0,0.8402,2,12.712,0,WARNING
2026-09-25 00:15:00,R2,2.166,3.801,0.5699,2.166,0,0,0.0,0.5699,1,10.893,0,NORMAL
2026-09-25 00:30:00,R1,4.981,10.266,0.4852,4.981,0,0,0.0,0.4852,3,12.099,0,NORMAL
2026-09-25 00:30:00,R2,2.318,8.575,0.2703,2.318,0,0,0.0,0.2703,2,9.656,0,NORMAL
2026-09-25 00:45:00,R1,5.335,10.072,0.5297,5.335,0,0,0.0,0.5297,3,12.331,0,NORMAL
2026-09-25 00:45:00,R2,2.396,7.481,0.3204,2.396,0,0,0.0,0.3204,2,11.069,0,NORMAL
2026-09-25 01:00:00,R1,5.712,10.683,0.5347,5.712,0,0,0.0,0.5347,3,11.626,0,NORMAL
2026-09-25 01:00:00,R2,2.442,7.961,0.3067,2.442,0,0,0.0,0.3067,2,10.401,0,NORMAL
2026-09-25 01:15:00,R1,5.33,10.327,0.5161,5.33,0,0,0.0,0.5161,3,12.026,0,NORMAL
2026-09-25 01:15:00,R2,2.567,8.143,0.3152,2.567,0,0,0.0,0.3152,2,10.168,0,NORMAL
2026-09-25 01:30:00,R1,5.138,10.319,0.4979,5.138,0,0,0.0,0.4979,3,12.036,0,NORMAL
2026-09-25 01:30:00,R2,2.569,8.156,0.315,2.569,0,0,0.0,0.315,2,10.152,0,NORMAL
2026-09-25 01:45:00,R1,5.314,10.845,0.49,5.314,0,0,0.0,0.49,3,11.452,0,NORMAL
2026-09-25 01:45:00,R2,2.65,8.16,0.3247,2.65,0,0,0.0,0.3247,2,10.147,0,NORMAL
2026-09-25 02:00:00,R1,5.079,10.26,0.4951,5.079,0,0,0.0,0.4951,3,12.105,0,NORMAL
2026-09-25 02:00:00,R2,2.356,8.263,0.2852,2.356,0,0,0.0,0.2852,2,10.02,0,NORMAL
2026-09-25 02:15:00,R1,5.453,10.496,0.5195,5.453,0,0,0.0,0.5195,3,11.833,0,NORMAL
2026-09-25 02:15:00,R2,2.606,8.288,0.3144,2.606,0,0,0.0,0.3144,2,9.99,0,NORMAL
2026-09-25 02:30:00,R1,5.522,10.557,0.5231,5.522,0,0,0.0,0.5231,3,11.765,0,NORMAL
2026-09-25 02:30:00,R2,2.606,7.633,0.3414,2.606,0,0,0.0,0.3414,2,10.848,0,NORMAL
2026-09-25 02:45:00,R1,4.942,11.124,0.4443,4.942,0,0,0.0,0.4443,3,11.165,0,NORMAL
2026-09-25 02:45:00,R2,2.535,7.902,0.3208,2.535,0,0,0.0,0.3208,2,10.478,0,NORMAL
2026-09-25 03:00:00,R1,4.956,10.386,0.4772,4.956,0,0,0.0,0.4772,3,11.959,0,NORMAL
2026-09-25 03:00:00,R2,2.696,8.068,0.3342,2.696,0,0,0.0,0.3342,2,10.263,0,NORMAL
2026-09-25 03:15:00,R1,5.822,11.003,0.5292,5.822,0,0,0.0,0.5292,3,11.288,0,NORMAL
2026-09-25 03:15:00,R2,3.033,8.118,0.3737,3.033,0,0,0.0,0.3737,2,10.2,0,NORMAL
2026-09-25 03:30:00,R1,5.377,10.582,0.5081,5.377,0,0,0.0,0.5081,3,11.737,0,NORMAL
2026-09-25 03:30:00,R2,2.526,8.038,0.3143,2.526,0,0,0.0,0.3143,2,10.302,0,NORMAL
2026-09-25 03:45:00,R1,4.856,10.661,0.4555,4.856,0,0,0.0,0.4555,3,11.65,0,NORMAL
2026-09-25 03:45:00,R2,2.733,8.188,0.3338,2.733,0,0,0.0,0.3338,2,10.112,0,NORMAL
2026-09-25 04:00:00,R1,5.942,11.117,0.5345,5.942,0,0,0.0,0.5345,3,11.173,0,NORMAL
2026-09-25 04:00:00,R2,2.828,8.654,0.3268,2.828,0,0,0.0,0.3268,2,9.568,0,NORMAL
2026-09-25 04:15:00,R1,5.565,10.674,0.5214,5.565,0,0,0.0,0.5214,3,11.636,0,NORMAL
2026-09-25 04:15:00,R2,2.725,8.497,0.3206,2.725,0,0,0.0,0.3206,2,9.744,0,NORMAL
2026-09-25 04:30:00,R1,5.245,10.619,0.4939,5.245,0,0,0.0,0.4939,3,11.697,0,NORMAL
2026-09-25 04:30:00,R2,2.509,8.233,0.3047,2.509,0,0,0.0,0.3047,2,10.058,0,NORMAL
2026-09-25 04:45:00,R1,5.043,10.87,0.4639,5.043,0,0,0.0,0.4639,3,11.425,0,NORMAL
2026-09-25 04:45:00,R2,2.683,8.337,0.3218,2.683,0,0,0.0,0.3218,2,9.932,0,NORMAL
2026-09-25 05:00:00,R1,5.564,10.232,0.5438,5.564,0,0,0.0,0.5438,3,12.138,0,NORMAL
2026-09-25 05:00:00,R2,2.5,7.436,0.3362,2.5,0,0,0.0,0.3362,2,11.135,0,NORMAL
2026-09-25 05:15:00,R1,5.942,9.881,0.6013,5.942,0,0,0.0,0.6013,3,12.569,0,NORMAL
2026-09-25 05:15:00,R2,2.894,8.123,0.3563,2.894,0,0,0.0,0.3563,2,10.194,0,NORMAL
2026-09-25 05:30:00,R1,5.754,10.6,0.5428,5.754,0,0,0.0,0.5428,3,11.717,0,NORMAL
2026-09-25 05:30:00,R2,2.505,7.873,0.3182,2.505,0,0,0.0,0.3182,2,10.516,0,NORMAL
2026-09-25 05:45:00,R1,5.026,7.515,0.6689,5.026,0,0,0.0,0.6689,2,11.019,0,NORMAL
2026-09-25 05:45:00,R2,2.631,8.303,0.3168,2.631,0,0,0.0,0.3168,2,9.972,0,NORMAL
2026-09-25 06:00:00,R1,7.069,10.739,0.6582,7.069,0,0,0.0,0.6582,3,11.565,0,NORMAL
2026-09-25 06:00:00,R2,3.23,8.473,0.3812,3.23,0,0,0.0,0.3812,2,9.772,0,NORMAL
2026-09-25 06:15:00,R1,6.355,10.94,0.5809,6.355,0,0,0.0,0.5809,3,11.353,0,NORMAL
2026-09-25 06:15:00,R2,3.185,7.881,0.4041,3.185,0,0,0.0,0.4041,2,10.507,0,NORMAL
2026-09-25 06:30:00,R1,6.716,11.26,0.5964,6.716,0,0,0.0,0.5964,3,11.03,0,NORMAL
2026-09-25 06:30:00,R2,3.063,8.469,0.3617,3.063,0,0,0.0,0.3617,2,9.777,0,NORMAL
2026-09-25 06:45:00,R1,6.866,10.341,0.6639,6.866,0,0,0.0,0.6639,3,12.01,0,NORMAL
2026-09-25 06:45:00,R2,3.115,8.219,0.379,3.115,0,0,0.0,0.379,2,10.074,0,NORMAL
2026-09-25 07:00:00,R1,6.606,10.772,0.6132,6.606,0,0,0.0,0.6132,3,11.53,0,NORMAL
2026-09-25 07:00:00,R2,3.103,8.071,0.3844,3.103,0,0,0.0,0.3844,2,10.259,0,NORMAL
2026-09-25 07:15:00,R1,6.625,10.271,0.645,6.625,0,0,0.0,0.645,3,12.092,0,NORMAL
2026-09-25 07:15:00,R2,3.315,7.691,0.431,3.315,0,0,0.0,0.431,2,10.766,0,NORMAL
2026-09-25 07:30:00,R1,6.823,10.633,0.6417,6.823,0,0,0.0,0.6417,3,11.681,0,NORMAL
2026-09-25 07:30:00,R2,2.813,7.605,0.3699,2.813,0,0,0.0,0.3699,2,10.888,0,NORMAL
2026-09-25 07:45:00,R1,6.864,10.371,0.6618,6.864,0,0,0.0,0.6618,3,11.975,0,NORMAL
2026-09-25 07:45:00,R2,2.951,8.418,0.3505,2.951,0,0,0.0,0.3505,2,9.836,0,NORMAL
2026-09-25 08:00:00,R1,6.691,11.289,0.5927,6.691,0,0,0.0,0.5927,3,11.002,0,NORMAL
2026-09-25 08:00:00,R2,2.887,7.769,0.3717,2.887,0,0,0.0,0.3717,2,10.658,0,NORMAL
2026-09-25 08:15:00,R1,6.759,10.608,0.6372,6.759,0,0,0.0,0.6372,3,11.708,0,NORMAL
2026-09-25 08:15:00,R2,3.006,7.921,0.3795,3.006,0,0,0.0,0.3795,2,10.453,0,NORMAL
2026-09-25 08:30:00,R1,6.798,10.328,0.6582,6.798,0,0,0.0,0.6582,3,12.025,0,NORMAL
2026-09-25 08:30:00,R2,3.157,8.035,0.393,3.157,0,0,0.0,0.393,2,10.305,0,NORMAL
2026-09-25 08:45:00,R1,6.096,10.252,0.5946,6.096,0,0,0.0,0.5946,3,12.115,0,NORMAL
2026-09-25 08:45:00,R2,2.928,8.102,0.3614,2.928,0,0,0.0,0.3614,2,10.219,0,NORMAL
2026-09-25 09:00:00,R1,6.287,7.247,0.8675,6.287,0,0,0.0,0.8675,2,11.425,0,WARNING
2026-09-25 09:00:00,R2,3.028,7.844,0.386,3.028,0,0,0.0,0.386,2,10.555,0,NORMAL
2026-09-25 09:15:00,R1,7.321,10.175,0.7195,7.321,0,0,0.0,0.7195,3,12.207,0,NORMAL
2026-09-25 09:15:00,R2,3.126,8.082,0.3867,3.126,0,0,0.0,0.3867,2,10.245,0,NORMAL
2026-09-25 09:30:00,R1,7.09,10.576,0.6703,7.09,0,0,0.0,0.6703,3,11.743,0,NORMAL
2026-09-25 09:30:00,R2,2.955,7.767,0.3805,2.955,0,0,0.0,0.3805,2,10.661,0,NORMAL
2026-09-25 09:45:00,R1,7.069,10.631,0.6649,7.069,0,0,0.0,0.6649,3,11.682,0,NORMAL
2026-09-25 09:45:00,R2,2.948,8.311,0.3547,2.948,0,0,0.0,0.3547,2,9.963,0,NORMAL
2026-09-25 10:00:00,R1,6.877,10.84,0.6345,6.877,0,0,0.0,0.6345,3,11.458,0,NORMAL
2026-09-25 10:00:00,R2,2.883,8.305,0.3471,2.883,0,0,0.0,0.3471,2,9.97,0,NORMAL
2026-09-25 10:15:00,R1,6.611,10.836,0.6102,6.611,0,0,0.0,0.6102,3,11.462,0,NORMAL
2026-09-25 10:15:00,R2,3.372,8.139,0.4143,3.372,0,0,0.0,0.4143,2,10.173,0,NORMAL
2026-09-25 10:30:00,R1,7.275,10.837,0.6713,7.275,0,0,0.0,0.6713,3,11.461,0,NORMAL
2026-09-25 10:30:00,R2,2.767,7.433,0.3723,2.767,0,0,0.0,0.3723,2,11.14,0,NORMAL
2026-09-25 10:45:00,R1,7.095,10.976,0.6464,7.095,0,0,0.0,0.6464,3,11.315,0,NORMAL
2026-09-25 10:45:00,R2,2.806,8.125,0.3454,2.806,0,0,0.0,0.3454,2,10.191,0,NORMAL
2026-09-25 11:00:00,R1,7.002,10.622,0.6592,7.002,0,0,0.0,0.6592,3,11.693,0,NORMAL
2026-09-25 11:00:00,R2,2.665,8.421,0.3164,2.665,0,0,0.0,0.3164,2,9.833,0,NORMAL
2026-09-25 11:15:00,R1,7.555,10.342,0.7305,7.555,0,0,0.0,0.7305,3,12.009,0,NORMAL
2026-09-25 11:15:00,R2,3.019,8.24,0.3664,3.019,0,0,0.0,0.3664,2,10.049,0,NORMAL
2026-09-25 11:30:00,R1,6.35,10.409,0.61,6.35,0,0,0.0,0.61,3,11.932,0,NORMAL
2026-09-25 11:30:00,R2,2.971,8.268,0.3594,2.971,0,0,0.0,0.3594,2,10.014,0,NORMAL
2026-09-25 11:45:00,R1,6.436,11.44,0.5626,6.436,0,0,0.0,0.5626,3,10.857,0,NORMAL
2026-09-25 11:45:00,R2,2.648,8.576,0.3088,2.648,0,0,0.0,0.3088,2,9.654,0,NORMAL
2026-09-25 12:00:00,R1,6.879,10.712,0.6422,6.879,0,0,0.0,0.6422,3,11.594,0,NORMAL
2026-09-25 12:00:00,R2,2.933,3.73,0.7864,2.933,0,0,0.0,0.7864,1,11.1,0,WARNING
2026-09-25 12:15:00,R1,7.453,6.151,1.2116,6.151,0,1.302,0.0,1.2116,2,13.461,0,HIGH
2026-09-25 12:15:00,R2,2.74,8.13,0.3371,2.74,0,0,0.0,0.3371,2,10.185,0,NORMAL
2026-09-25 12:30:00,R1,7.111,10.151,0.7005,8.412,1.302,0,1.923,0.8287,3,12.235,0,WARNING
2026-09-25 12:30:00,R2,2.645,8.217,0.3219,2.645,0,0,0.0,0.3219,2,10.077,0,NORMAL
2026-09-25 12:45:00,R1,7.074,10.73,0.6593,7.074,0,0,0.0,0.6593,3,11.576,0,NORMAL
2026-09-25 12:45:00,R2,2.707,8.688,0.3115,2.707,0,0,0.0,0.3115,2,9.531,0,NORMAL
2026-09-25 13:00:00,R1,6.75,11.225,0.6013,6.75,0,0,0.0,0.6013,3,11.065,0,NORMAL
2026-09-25 13:00:00,R2,2.81,8.166,0.3441,2.81,0,0,0.0,0.3441,2,10.14,0,NORMAL
2026-09-25 13:15:00,R1,7.33,10.39,0.7055,7.33,0,0,0.0,0.7055,3,11.954,0,NORMAL
2026-09-25 13:15:00,R2,2.671,7.976,0.3349,2.671,0,0,0.0,0.3349,2,10.382,0,NORMAL
2026-09-25 13:30:00,R1,7.541,10.146,0.7432,7.541,0,0,0.0,0.7432,3,12.241,0,NORMAL
2026-09-25 13:30:00,R2,2.868,7.611,0.3768,2.868,0,0,0.0,0.3768,2,10.879,0,NORMAL
2026-09-25 13:45:00,R1,7.052,10.789,0.6536,7.052,0,0,0.0,0.6536,3,11.511,0,NORMAL
2026-09-25 13:45:00,R2,2.947,7.875,0.3742,2.947,0,0,0.0,0.3742,2,10.514,0,NORMAL
2026-09-25 14:00:00,R1,7.712,10.976,0.7026,7.712,0,0,0.0,0.7026,3,11.316,0,NORMAL
2026-09-25 14:00:00,R2,2.739,8.436,0.3247,2.739,0,0,0.0,0.3247,2,9.815,0,NORMAL
2026-09-25 14:15:00,R1,7.998,10.843,0.7377,7.998,0,0,0.0,0.7377,3,11.455,0,NORMAL
2026-09-25 14:15:00,R2,2.87,8.487,0.3382,2.87,0,0,0.0,0.3382,2,9.757,0,NORMAL
2026-09-25 14:30:00,R1,7.735,10.498,0.7368,7.735,0,0,0.0,0.7368,3,11.831,0,NORMAL
2026-09-25 14:30:00,R2,2.985,8.293,0.3599,2.985,0,0,0.0,0.3599,2,9.985,0,NORMAL
2026-09-25 14:45:00,R1,8.105,9.799,0.8271,8.105,0,0,0.0,0.8271,3,12.675,0,WARNING
2026-09-25 14:45:00,R2,2.706,3.876,0.6982,2.706,0,0,0.0,0.6982,1,10.682,0,NORMAL
2026-09-25 15:00:00,R1,6.968,10.644,0.6546,6.968,0,0,0.0,0.6546,3,11.668,0,NORMAL
2026-09-25 15:00:00,R2,2.956,8.664,0.3412,2.956,0,0,0.0,0.3412,2,9.557,0,NORMAL
2026-09-25 15:15:00,R1,7.312,10.202,0.7167,7.312,0,0,0.0,0.7167,3,12.174,0,NORMAL
2026-09-25 15:15:00,R2,2.718,8.009,0.3393,2.718,0,0,0.0,0.3393,2,10.338,0,NORMAL
2026-09-25 15:30:00,R1,7.315,10.391,0.7039,7.315,0,0,0.0,0.7039,3,11.952,0,NORMAL
2026-09-25 15:30:00,R2,2.78,8.465,0.3284,2.78,0,0,0.0,0.3284,2,9.781,0,NORMAL
2026-09-25 15:45:00,R1,6.615,11.574,0.5716,6.615,0,0,0.0,0.5716,3,10.731,0,NORMAL
2026-09-25 15:45:00,R2,2.699,7.717,0.3497,2.699,0,0,0.0,0.3497,2,10.729,0,NORMAL
2026-09-25 16:00:00,R1,6.648,10.428,0.6375,6.648,0,0,0.0,0.6375,3,11.911,0,NORMAL
2026-09-25 16:00:00,R2,2.785,8.187,0.3402,2.785,0,0,0.0,0.3402,2,10.114,0,NORMAL
2026-09-25 16:15:00,R1,10.332,4.856,2.1278,4.856,0,5.477,0.0,1.25,2,17.052,0,CRITICAL
2026-09-25 16:15:00,R2,3.217,7.965,0.404,3.217,0,0,0.0,0.404,2,10.396,0,NORMAL
2026-09-25 16:30:00,R1,9.835,4.878,2.0164,4.878,5.477,10.434,16.842,1.25,2,16.976,0,CRITICAL
2026-09-25 16:30:00,R2,2.991,7.997,0.374,2.991,0,0,0.0,0.374,2,10.354,0,NORMAL
2026-09-25 16:45:00,R1,10.142,5.071,2.0002,5.071,10.434,15.506,30.867,1.25,2,16.33,0,CRITICAL
2026-09-25 16:45:00,R2,2.567,7.807,0.3288,2.567,0,0,0.0,0.3288,2,10.605,0,NORMAL
2026-09-25 17:00:00,R1,10.771,4.859,2.2167,4.859,15.506,21.418,47.868,1.25,2,17.041,0,CRITICAL
2026-09-25 17:00:00,R2,2.9,7.921,0.3662,2.9,0,0,0.0,0.3662,2,10.453,0,NORMAL
2026-09-25 17:15:00,R1,10.01,5.004,2.0005,5.004,21.418,24.0,64.204,1.25,2,16.548,2.424,CRITICAL
2026-09-25 17:15:00,R2,2.546,8.404,0.3029,2.546,0,0,0.0,0.3029,2,9.852,0,NORMAL
2026-09-25 17:30:00,R1,10.409,5.042,2.0645,5.042,24.0,24.0,71.4,1.25,2,16.422,5.367,CRITICAL
2026-09-25 17:30:00,R2,2.652,8.154,0.3252,2.652,0,0,0.0,0.3252,2,10.154,0,NORMAL
2026-09-25 17:45:00,R1,6.571,6.032,1.0893,6.032,24.0,24.0,59.681,1.25,2,13.727,0.539,CRITICAL
2026-09-25 17:45:00,R2,3.113,8.229,0.3783,3.113,0,0,0.0,0.3783,2,10.063,0,NORMAL
2026-09-25 18:00:00,R1,6.826,9.488,0.7194,9.488,24.0,21.338,37.942,1.25,3,13.09,0,HIGH
2026-09-25 18:00:00,R2,3.06,8.379,0.3652,3.06,0,0,0.0,0.3652,2,9.882,0,NORMAL
2026-09-25 18:15:00,R1,7.519,8.895,0.8454,8.895,21.338,19.963,35.985,1.25,3,13.964,0,HIGH
2026-09-25 18:15:00,R2,3.181,8.002,0.3975,3.181,0,0,0.0,0.3975,2,10.348,0,NORMAL
2026-09-25 18:30:00,R1,7.047,9.033,0.7802,9.033,19.963,17.977,33.151,1.25,3,13.75,0,HIGH
2026-09-25 18:30:00,R2,2.769,8.155,0.3395,2.769,0,0,0.0,0.3395,2,10.153,0,NORMAL
2026-09-25 18:45:00,R1,6.579,8.851,0.7432,8.851,17.977,15.705,30.465,1.25,3,14.032,0,HIGH
2026-09-25 18:45:00,R2,2.876,8.387,0.3429,2.876,0,0,0.0,0.3429,2,9.873,0,NORMAL
2026-09-25 19:00:00,R1,6.685,8.733,0.7655,8.733,15.705,13.657,26.975,1.25,3,14.222,0,HIGH
2026-09-25 19:00:00,R2,2.808,8.133,0.3453,2.808,0,0,0.0,0.3453,2,10.18,0,NORMAL
2026-09-25 19:15:00,R1,6.385,8.913,0.7164,8.913,13.657,11.129,22.984,1.25,3,13.935,0,HIGH
2026-09-25 19:15:00,R2,2.478,8.429,0.294,2.478,0,0,0.0,0.294,2,9.823,0,NORMAL
2026-09-25 19:30:00,R1,6.797,9.151,0.7428,9.151,11.129,8.775,18.243,1.25,3,13.573,0,HIGH
2026-09-25 19:30:00,R2,3.562,8.508,0.4187,3.562,0,0,0.0,0.4187,2,9.733,0,NORMAL
2026-09-25 19:45:00,R1,7.503,8.584,0.8741,8.584,8.775,7.695,15.334,1.25,3,14.469,0,HIGH
2026-09-25 19:45:00,R2,3.119,8.379,0.3722,3.119,0,0,0.0,0.3722,2,9.882,0,NORMAL
2026-09-25 20:00:00,R1,7.125,9.151,0.7786,9.151,7.695,5.668,12.612,1.25,3,13.572,0,HIGH
2026-09-25 20:00:00,R2,2.906,8.209,0.354,2.906,0,0,0.0,0.354,2,10.086,0,NORMAL
2026-09-25 20:15:00,R1,7.543,9.066,0.832,9.066,5.668,4.145,9.378,1.25,3,13.7,0,HIGH
2026-09-25 20:15:00,R2,2.709,8.159,0.3321,2.709,0,0,0.0,0.3321,2,10.148,0,NORMAL
2026-09-25 20:30:00,R1,7.381,10.156,0.7267,10.156,4.145,1.37,6.123,1.1349,3,12.23,0,HIGH
2026-09-25 20:30:00,R2,3.164,8.275,0.3824,3.164,0,0,0.0,0.3824,2,10.006,0,NORMAL
2026-09-25 20:45:00,R1,6.973,10.383,0.6715,8.343,1.37,0,1.979,0.8035,3,11.962,0,WARNING
2026-09-25 20:45:00,R2,3.113,7.974,0.3903,3.113,0,0,0.0,0.3903,2,10.383,0,NORMAL
2026-09-25 21:00:00,R1,7.673,10.695,0.7174,7.673,0,0,0.0,0.7174,3,11.613,0,NORMAL
2026-09-25 21:00:00,R2,2.735,7.939,0.3445,2.735,0,0,0.0,0.3445,2,10.429,0,NORMAL
2026-09-25 21:15:00,R1,7.099,10.403,0.6824,7.099,0,0,0.0,0.6824,3,11.939,0,NORMAL
2026-09-25 21:15:00,R2,2.998,8.227,0.3643,2.998,0,0,0.0,0.3643,2,10.064,0,NORMAL
2026-09-25 21:30:00,R1,7.391,10.868,0.6801,7.391,0,0,0.0,0.6801,3,11.428,0,NORMAL
2026-09-25 21:30:00,R2,2.85,7.919,0.3599,2.85,0,0,0.0,0.3599,2,10.456,0,NORMAL
2026-09-25 21:45:00,R1,7.096,10.54,0.6733,7.096,0,0,0.0,0.6733,3,11.784,0,NORMAL
2026-09-25 21:45:00,R2,3.044,7.739,0.3934,3.044,0,0,0.0,0.3934,2,10.699,0,NORMAL
2026-09-25 22:00:00,R1,5.418,10.901,0.497,5.418,0,0,0.0,0.497,3,11.393,0,NORMAL
2026-09-25 22:00:00,R2,2.529,8.012,0.3156,2.529,0,0,0.0,0.3156,2,10.334,0,NORMAL
2026-09-25 22:15:00,R1,5.761,10.511,0.5481,5.761,0,0,0.0,0.5481,3,11.817,0,NORMAL
2026-09-25 22:15:00,R2,2.266,8.265,0.2741,2.266,0,0,0.0,0.2741,2,10.018,0,NORMAL
2026-09-25 22:30:00,R1,5.829,11.054,0.5274,5.829,0,0,0.0,0.5274,3,11.236,0,NORMAL
2026-09-25 22:30:00,R2,2.817,8.088,0.3482,2.817,0,0,0.0,0.3482,2,10.237,0,NORMAL
2026-09-25 22:45:00,R1,5.013,10.783,0.4649,5.013,0,0,0.0,0.4649,3,11.518,0,NORMAL
2026-09-25 22:45:00,R2,2.461,8.165,0.3014,2.461,0,0,0.0,0.3014,2,10.14,0,NORMAL
2026-09-25 23:00:00,R1,4.988,11.168,0.4466,4.988,0,0,0.0,0.4466,3,11.121,0,NORMAL
2026-09-25 23:00:00,R2,2.537,8.484,0.299,2.537,0,0,0.0,0.299,2,9.759,0,NORMAL
2026-09-25 23:15:00,R1,5.315,10.664,0.4984,5.315,0,0,0.0,0.4984,3,11.646,0,NORMAL
2026-09-25 23:15:00,R2,2.287,7.882,0.2902,2.287,0,0,0.0,0.2902,2,10.505,0,NORMAL
2026-09-25 23:30:00,R1,4.647,11.365,0.4089,4.647,0,0,0.0,0.4089,3,10.929,0,NORMAL
2026-09-25 23:30:00,R2,2.718,8.247,0.3296,2.718,0,0,0.0,0.3296,2,10.04,0,NORMAL
2026-09-25 23:45:00,R1,5.651,10.875,0.5197,5.651,0,0,0.0,0.5197,3,11.421,0,NORMAL
2026-09-25 23:45:00,R2,2.622,7.854,0.3339,2.622,0,0,0.0,0.3339,2,10.543,0,NORMAL
2026-09-26 00:00:00,R1,4.74,10.103,0.4692,4.74,0,0,0.0,0.4692,3,12.294,0,NORMAL
2026-09-26 00:00:00,R2,1.939,8.36,0.2319,1.939,0,0,0.0,0.2319,2,9.904,0,NORMAL
2026-09-26 00:15:00,R1,3.785,10.897,0.3474,3.785,0,0,0.0,0.3474,3,11.397,0,NORMAL
2026-09-26 00:15:00,R2,2.024,7.939,0.2549,2.024,0,0,0.0,0.2549,2,10.429,0,NORMAL
2026-09-26 00:30:00,R1,4.703,7.547,0.6232,4.703,0,0,0.0,0.6232,2,10.972,0,NORMAL
2026-09-26 00:30:00,R2,2.272,8.316,0.2733,2.272,0,0,0.0,0.2733,2,9.957,0,NORMAL
2026-09-26 00:45:00,R1,4.649,10.96,0.4242,4.649,0,0,0.0,0.4242,3,11.332,0,NORMAL
2026-09-26 00:45:00,R2,2.35,7.784,0.3019,2.35,0,0,0.0,0.3019,2,10.637,0,NORMAL
2026-09-26 01:00:00,R1,4.941,10.669,0.4631,4.941,0,0,0.0,0.4631,3,11.642,0,NORMAL
2026-09-26 01:00:00,R2,2.761,8.71,0.317,2.761,0,0,0.0,0.317,2,9.506,0,NORMAL
2026-09-26 01:15:00,R1,4.416,10.784,0.4095,4.416,0,0,0.0,0.4095,3,11.517,0,NORMAL
2026-09-26 01:15:00,R2,2.034,8.206,0.2478,2.034,0,0,0.0,0.2478,2,10.09,0,NORMAL
2026-09-26 01:30:00,R1,4.421,10.841,0.4078,4.421,0,0,0.0,0.4078,3,11.457,0,NORMAL
2026-09-26 01:30:00,R2,1.932,7.89,0.2448,1.932,0,0,0.0,0.2448,2,10.494,0,NORMAL
2026-09-26 01:45:00,R1,4.473,10.977,0.4075,4.473,0,0,0.0,0.4075,3,11.315,0,NORMAL
2026-09-26 01:45:00,R2,2.393,7.813,0.3063,2.393,0,0,0.0,0.3063,2,10.598,0,NORMAL
2026-09-26 02:00:00,R1,3.925,10.288,0.3815,3.925,0,0,0.0,0.3815,3,12.073,0,NORMAL
2026-09-26 02:00:00,R2,2.019,7.836,0.2576,2.019,0,0,0.0,0.2576,2,10.566,0,NORMAL
2026-09-26 02:15:00,R1,3.542,11.117,0.3186,3.542,0,0,0.0,0.3186,3,11.172,0,NORMAL
2026-09-26 02:15:00,R2,2.3,8.215,0.2799,2.3,0,0,0.0,0.2799,2,10.079,0,NORMAL
2026-09-26 02:30:00,R1,4.286,10.742,0.399,4.286,0,0,0.0,0.399,3,11.562,0,NORMAL
2026-09-26 02:30:00,R2,1.82,7.914,0.2299,1.82,0,0,0.0,0.2299,2,10.462,0,NORMAL
2026-09-26 02:45:00,R1,4.582,10.722,0.4273,4.582,0,0,0.0,0.4273,3,11.584,0,NORMAL
2026-09-26 02:45:00,R2,2.103,8.329,0.2524,2.103,0,0,0.0,0.2524,2,9.941,0,NORMAL
2026-09-26 03:00:00,R1,3.369,10.341,0.3258,3.369,0,0,0.0,0.3258,3,12.011,0,NORMAL
2026-09-26 03:00:00,R2,2.045,8.284,0.2469,2.045,0,0,0.0,0.2469,2,9.995,0,NORMAL
2026-09-26 03:15:00,R1,4.688,10.613,0.4417,4.688,0,0,0.0,0.4417,3,11.703,0,NORMAL
2026-09-26 03:15:00,R2,2.115,8.247,0.2565,2.115,0,0,0.0,0.2565,2,10.04,0,NORMAL
2026-09-26 03:30:00,R1,4.535,10.993,0.4125,4.535,0,0,0.0,0.4125,3,11.298,0,NORMAL
2026-09-26 03:30:00,R2,2.384,8.158,0.2922,2.384,0,0,0.0,0.2922,2,10.15,0,NORMAL
2026-09-26 03:45:00,R1,4.794,10.638,0.4507,4.794,0,0,0.0,0.4507,3,11.676,0,NORMAL
2026-09-26 03:45:00,R2,2.093,8.613,0.243,2.093,0,0,0.0,0.243,2,9.614,0,NORMAL
2026-09-26 04:00:00,R1,4.815,10.711,0.4496,4.815,0,0,0.0,0.4496,3,11.596,0,NORMAL
2026-09-26 04:00:00,R2,2.381,3.862,0.6165,2.381,0,0,0.0,0.6165,1,10.719,0,NORMAL
2026-09-26 04:15:00,R1,4.309,11.528,0.3738,4.309,0,0,0.0,0.3738,3,10.774,0,NORMAL
2026-09-26 04:15:00,R2,2.316,8.28,0.2797,2.316,0,0,0.0,0.2797,2,10.0,0,NORMAL
2026-09-26 04:30:00,R1,4.214,10.057,0.419,4.214,0,0,0.0,0.419,3,12.349,0,NORMAL
2026-09-26 04:30:00,R2,1.978,8.013,0.2469,1.978,0,0,0.0,0.2469,2,10.334,0,NORMAL
2026-09-26 04:45:00,R1,4.024,10.834,0.3714,4.024,0,0,0.0,0.3714,3,11.464,0,NORMAL
2026-09-26 04:45:00,R2,2.136,7.703,0.2773,2.136,0,0,0.0,0.2773,2,10.749,0,NORMAL
2026-09-26 05:00:00,R1,4.913,10.804,0.4547,4.913,0,0,0.0,0.4547,3,11.496,0,NORMAL
2026-09-26 05:00:00,R2,2.24,7.978,0.2808,2.24,0,0,0.0,0.2808,2,10.378,0,NORMAL
2026-09-26 05:15:00,R1,4.867,11.01,0.4421,4.867,0,0,0.0,0.4421,3,11.281,0,NORMAL
2026-09-26 05:15:00,R2,2.196,4.127,0.5321,2.196,0,0,0.0,0.5321,1,10.032,0,NORMAL
2026-09-26 05:30:00,R1,3.981,11.267,0.3533,3.981,0,0,0.0,0.3533,3,11.024,0,NORMAL
2026-09-26 05:30:00,R2,1.946,8.224,0.2367,1.946,0,0,0.0,0.2367,2,10.068,0,NORMAL
2026-09-26 05:45:00,R1,4.292,6.815,0.6298,4.292,0,0,0.0,0.6298,2,12.149,0,NORMAL
2026-09-26 05:45:00,R2,2.159,8.093,0.2668,2.159,0,0,0.0,0.2668,2,10.231,0,NORMAL
2026-09-26 06:00:00,R1,5.827,6.798,0.8572,5.827,0,0,0.0,0.8572,2,12.18,0,WARNING
2026-09-26 06:00:00,R2,2.856,7.765,0.3679,2.856,0,0,0.0,0.3679,2,10.664,0,NORMAL
2026-09-26 06:15:00,R1,5.707,10.43,0.5472,5.707,0,0,0.0,0.5472,3,11.909,0,NORMAL
2026-09-26 06:15:00,R2,2.683,8.377,0.3203,2.683,0,0,0.0,0.3203,2,9.884,0,NORMAL
2026-09-26 06:30:00,R1,4.835,10.672,0.453,4.835,0,0,0.0,0.453,3,11.638,0,NORMAL
2026-09-26 06:30:00,R2,2.71,8.016,0.3381,2.71,0,0,0.0,0.3381,2,10.329,0,NORMAL
2026-09-26 06:45:00,R1,6.022,10.864,0.5542,6.022,0,0,0.0,0.5542,3,11.432,0,NORMAL
2026-09-26 06:45:00,R2,2.796,8.218,0.3403,2.796,0,0,0.0,0.3403,2,10.075,0,NORMAL
2026-09-26 07:00:00,R1,4.959,10.136,0.4892,4.959,0,0,0.0,0.4892,3,12.254,0,NORMAL
2026-09-26 07:00:00,R2,2.753,8.784,0.3134,2.753,0,0,0.0,0.3134,2,9.426,0,NORMAL
2026-09-26 07:15:00,R1,5.628,10.612,0.5303,5.628,0,0,0.0,0.5303,3,11.704,0,NORMAL
2026-09-26 07:15:00,R2,2.42,7.954,0.3042,2.42,0,0,0.0,0.3042,2,10.41,0,NORMAL
2026-09-26 07:30:00,R1,6.039,10.685,0.5651,6.039,0,0,0.0,0.5651,3,11.623,0,NORMAL
2026-09-26 07:30:00,R2,2.567,8.509,0.3017,2.567,0,0,0.0,0.3017,2,9.731,0,NORMAL
2026-09-26 07:45:00,R1,5.664,10.795,0.5247,5.664,0,0,0.0,0.5247,3,11.506,0,NORMAL
2026-09-26 07:45:00,R2,2.816,7.8,0.3611,2.816,0,0,0.0,0.3611,2,10.616,0,NORMAL
2026-09-26 08:00:00,R1,5.276,10.942,0.4822,5.276,0,0,0.0,0.4822,3,11.351,0,NORMAL
2026-09-26 08:00:00,R2,2.722,7.977,0.3412,2.722,0,0,0.0,0.3412,2,10.38,0,NORMAL
2026-09-26 08:15:00,R1,5.381,10.657,0.5049,5.381,0,0,0.0,0.5049,3,11.655,0,NORMAL
2026-09-26 08:15:00,R2,2.516,7.752,0.3245,2.516,0,0,0.0,0.3245,2,10.681,0,NORMAL
2026-09-26 08:30:00,R1,6.529,11.188,0.5835,6.529,0,0,0.0,0.5835,3,11.101,0,NORMAL
2026-09-26 08:30:00,R2,2.651,8.935,0.2967,2.651,0,0,0.0,0.2967,2,9.267,0,NORMAL
2026-09-26 08:45:00,R1,5.745,10.948,0.5247,5.745,0,0,0.0,0.5247,3,11.345,0,NORMAL
2026-09-26 08:45:00,R2,2.621,8.063,0.325,2.621,0,0,0.0,0.325,2,10.27,0,NORMAL
2026-09-26 09:00:00,R1,5.096,10.445,0.4879,5.096,0,0,0.0,0.4879,3,11.891,0,NORMAL
2026-09-26 09:00:00,R2,2.428,8.092,0.3001,2.428,0,0,0.0,0.3001,2,10.233,0,NORMAL
2026-09-26 09:15:00,R1,5.129,10.168,0.5044,5.129,0,0,0.0,0.5044,3,12.215,0,NORMAL
2026-09-26 09:15:00,R2,2.562,7.965,0.3217,2.562,0,0,0.0,0.3217,2,10.396,0,NORMAL
2026-09-26 09:30:00,R1,5.668,10.844,0.5227,5.668,0,0,0.0,0.5227,3,11.454,0,NORMAL
2026-09-26 09:30:00,R2,2.859,8.682,0.3293,2.859,0,0,0.0,0.3293,2,9.537,0,NORMAL
2026-09-26 09:45:00,R1,5.122,10.766,0.4757,5.122,0,0,0.0,0.4757,3,11.537,0,NORMAL
2026-09-26 09:45:00,R2,2.541,8.15,0.3117,2.541,0,0,0.0,0.3117,2,10.159,0,NORMAL
2026-09-26 10:00:00,R1,6.004,6.612,0.908,6.004,0,0,0.0,0.908,2,12.522,0,HIGH
2026-09-26 10:00:00,R2,2.503,8.211,0.3048,2.503,0,0,0.0,0.3048,2,10.084,0,NORMAL
2026-09-26 10:15:00,R1,5.459,7.11,0.7677,5.459,0,0,0.0,0.7677,2,11.645,0,WARNING
2026-09-26 10:15:00,R2,2.374,8.097,0.2932,2.374,0,0,0.0,0.2932,2,10.226,0,NORMAL
2026-09-26 10:30:00,R1,5.595,7.023,0.7967,5.595,0,0,0.0,0.7967,2,11.79,0,WARNING
2026-09-26 10:30:00,R2,2.473,8.08,0.3061,2.473,0,0,0.0,0.3061,2,10.248,0,NORMAL
2026-09-26 10:45:00,R1,5.835,10.096,0.578,5.835,0,0,0.0,0.578,3,12.302,0,NORMAL
2026-09-26 10:45:00,R2,2.518,7.936,0.3173,2.518,0,0,0.0,0.3173,2,10.434,0,NORMAL
2026-09-26 11:00:00,R1,6.37,6.457,0.9865,6.37,0,0,0.0,0.9865,2,12.824,0,HIGH
2026-09-26 11:00:00,R2,2.219,7.923,0.2801,2.219,0,0,0.0,0.2801,2,10.451,0,NORMAL
2026-09-26 11:15:00,R1,5.593,11.103,0.5037,5.593,0,0,0.0,0.5037,3,11.186,0,NORMAL
2026-09-26 11:15:00,R2,2.487,7.73,0.3218,2.487,0,0,0.0,0.3218,2,10.712,0,NORMAL
2026-09-26 11:30:00,R1,5.013,10.778,0.4651,5.013,0,0,0.0,0.4651,3,11.524,0,NORMAL
2026-09-26 11:30:00,R2,2.481,8.002,0.3101,2.481,0,0,0.0,0.3101,2,10.348,0,NORMAL
2026-09-26 11:45:00,R1,4.386,10.328,0.4247,4.386,0,0,0.0,0.4247,3,12.025,0,NORMAL
2026-09-26 11:45:00,R2,2.564,7.698,0.3331,2.564,0,0,0.0,0.3331,2,10.757,0,NORMAL
2026-09-26 12:00:00,R1,6.376,10.906,0.5847,6.376,0,0,0.0,0.5847,3,11.389,0,NORMAL
2026-09-26 12:00:00,R2,2.548,7.919,0.3217,2.548,0,0,0.0,0.3217,2,10.456,0,NORMAL
2026-09-26 12:15:00,R1,4.77,11.272,0.4231,4.77,0,0,0.0,0.4231,3,11.018,0,NORMAL
2026-09-26 12:15:00,R2,2.759,8.366,0.3298,2.759,0,0,0.0,0.3298,2,9.897,0,NORMAL
2026-09-26 12:30:00,R1,5.742,10.284,0.5583,5.742,0,0,0.0,0.5583,3,12.077,0,NORMAL
2026-09-26 12:30:00,R2,2.307,8.315,0.2775,2.307,0,0,0.0,0.2775,2,9.957,0,NORMAL
2026-09-26 12:45:00,R1,5.763,10.626,0.5424,5.763,0,0,0.0,0.5424,3,11.688,0,NORMAL
2026-09-26 12:45:00,R2,2.143,7.592,0.2823,2.143,0,0,0.0,0.2823,2,10.906,0,NORMAL
2026-09-26 13:00:00,R1,5.983,11.011,0.5434,5.983,0,0,0.0,0.5434,3,11.28,0,NORMAL
2026-09-26 13:00:00,R2,2.561,7.855,0.3261,2.561,0,0,0.0,0.3261,2,10.541,0,NORMAL
2026-09-26 13:15:00,R1,5.613,10.503,0.5344,5.613,0,0,0.0,0.5344,3,11.825,0,NORMAL
2026-09-26 13:15:00,R2,2.421,8.416,0.2876,2.421,0,0,0.0,0.2876,2,9.839,0,NORMAL
2026-09-26 13:30:00,R1,5.657,10.528,0.5373,5.657,0,0,0.0,0.5373,3,11.797,0,NORMAL
2026-09-26 13:30:00,R2,2.151,8.347,0.2577,2.151,0,0,0.0,0.2577,2,9.919,0,NORMAL
2026-09-26 13:45:00,R1,6.452,10.766,0.5993,6.452,0,0,0.0,0.5993,3,11.536,0,NORMAL
2026-09-26 13:45:00,R2,2.14,8.078,0.265,2.14,0,0,0.0,0.265,2,10.25,0,NORMAL
2026-09-26 14:00:00,R1,6.007,10.492,0.5726,6.007,0,0,0.0,0.5726,3,11.838,0,NORMAL
2026-09-26 14:00:00,R2,2.484,7.927,0.3133,2.484,0,0,0.0,0.3133,2,10.446,0,NORMAL
2026-09-26 14:15:00,R1,6.113,10.807,0.5657,6.113,0,0,0.0,0.5657,3,11.493,0,NORMAL
2026-09-26 14:15:00,R2,2.082,8.33,0.2499,2.082,0,0,0.0,0.2499,2,9.94,0,NORMAL
2026-09-26 14:30:00,R1,5.971,10.21,0.5849,5.971,0,0,0.0,0.5849,3,12.165,0,NORMAL
2026-09-26 14:30:00,R2,2.036,8.253,0.2468,2.036,0,0,0.0,0.2468,2,10.033,0,NORMAL
2026-09-26 14:45:00,R1,6.108,10.38,0.5884,6.108,0,0,0.0,0.5884,3,11.966,0,NORMAL
2026-09-26 14:45:00,R2,2.236,8.719,0.2564,2.236,0,0,0.0,0.2564,2,9.497,0,NORMAL
2026-09-26 15:00:00,R1,6.336,10.89,0.5818,6.336,0,0,0.0,0.5818,3,11.405,0,NORMAL
2026-09-26 15:00:00,R2,2.412,8.137,0.2964,2.412,0,0,0.0,0.2964,2,10.176,0,NORMAL
2026-09-26 15:15:00,R1,6.075,6.937,0.8758,6.075,0,0,0.0,0.8758,2,11.936,0,WARNING
2026-09-26 15:15:00,R2,2.533,4.421,0.573,2.533,0,0,0.0,0.573,1,9.364,0,NORMAL
2026-09-26 15:30:00,R1,6.29,10.475,0.6005,6.29,0,0,0.0,0.6005,3,11.857,0,NORMAL
2026-09-26 15:30:00,R2,2.985,8.656,0.3448,2.985,0,0,0.0,0.3448,2,9.566,0,NORMAL
2026-09-26 15:45:00,R1,6.385,11.01,0.58,6.385,0,0,0.0,0.58,3,11.281,0,NORMAL
2026-09-26 15:45:00,R2,2.009,8.346,0.2407,2.009,0,0,0.0,0.2407,2,9.92,0,NORMAL
2026-09-26 16:00:00,R1,6.497,10.3,0.6308,6.497,0,0,0.0,0.6308,3,12.058,0,NORMAL
2026-09-26 16:00:00,R2,2.514,7.609,0.3304,2.514,0,0,0.0,0.3304,2,10.881,0,NORMAL
2026-09-26 16:15:00,R1,6.699,10.954,0.6115,6.699,0,0,0.0,0.6115,3,11.338,0,NORMAL
2026-09-26 16:15:00,R2,2.442,8.235,0.2965,2.442,0,0,0.0,0.2965,2,10.055,0,NORMAL
2026-09-26 16:30:00,R1,6.78,10.511,0.6451,6.78,0,0,0.0,0.6451,3,11.817,0,NORMAL
2026-09-26 16:30:00,R2,2.468,7.83,0.3152,2.468,0,0,0.0,0.3152,2,10.575,0,NORMAL
2026-09-26 16:45:00,R1,6.451,10.872,0.5934,6.451,0,0,0.0,0.5934,3,11.424,0,NORMAL
2026-09-26 16:45:00,R2,2.393,8.358,0.2863,2.393,0,0,0.0,0.2863,2,9.907,0,NORMAL
2026-09-26 17:00:00,R1,5.891,10.34,0.5697,5.891,0,0,0.0,0.5697,3,12.012,0,NORMAL
2026-09-26 17:00:00,R2,2.325,7.662,0.3034,2.325,0,0,0.0,0.3034,2,10.807,0,NORMAL
2026-09-26 17:15:00,R1,6.304,11.105,0.5677,6.304,0,0,0.0,0.5677,3,11.184,0,NORMAL
2026-09-26 17:15:00,R2,2.223,8.058,0.2759,2.223,0,0,0.0,0.2759,2,10.275,0,NORMAL
2026-09-26 17:30:00,R1,5.735,6.978,0.8219,5.735,0,0,0.0,0.8219,2,11.865,0,WARNING
2026-09-26 17:30:00,R2,2.709,4.127,0.6564,2.709,0,0,0.0,0.6564,1,10.032,0,NORMAL
2026-09-26 17:45:00,R1,6.243,10.682,0.5845,6.243,0,0,0.0,0.5845,3,11.627,0,NORMAL
2026-09-26 17:45:00,R2,2.297,7.73,0.2972,2.297,0,0,0.0,0.2972,2,10.712,0,NORMAL
2026-09-26 18:00:00,R1,5.984,10.946,0.5466,5.984,0,0,0.0,0.5466,3,11.346,0,NORMAL
2026-09-26 18:00:00,R2,2.098,7.971,0.2633,2.098,0,0,0.0,0.2633,2,10.388,0,NORMAL
2026-09-26 18:15:00,R1,6.09,10.804,0.5637,6.09,0,0,0.0,0.5637,3,11.496,0,NORMAL
2026-09-26 18:15:00,R2,2.269,8.944,0.2537,2.269,0,0,0.0,0.2537,2,9.258,0,NORMAL
2026-09-26 18:30:00,R1,5.508,10.406,0.5293,5.508,0,0,0.0,0.5293,3,11.935,0,NORMAL
2026-09-26 18:30:00,R2,2.367,8.066,0.2934,2.367,0,0,0.0,0.2934,2,10.265,0,NORMAL
2026-09-26 18:45:00,R1,6.093,10.474,0.5817,6.093,0,0,0.0,0.5817,3,11.857,0,NORMAL
2026-09-26 18:45:00,R2,2.451,8.607,0.2847,2.451,0,0,0.0,0.2847,2,9.62,0,NORMAL
2026-09-26 19:00:00,R1,5.398,11.032,0.4894,5.398,0,0,0.0,0.4894,3,11.259,0,NORMAL
2026-09-26 19:00:00,R2,2.483,8.03,0.3092,2.483,0,0,0.0,0.3092,2,10.311,0,NORMAL
2026-09-26 19:15:00,R1,4.52,11.21,0.4032,4.52,0,0,0.0,0.4032,3,11.079,0,NORMAL
2026-09-26 19:15:00,R2,2.709,8.092,0.3348,2.709,0,0,0.0,0.3348,2,10.232,0,NORMAL
2026-09-26 19:30:00,R1,5.288,10.339,0.5115,5.288,0,0,0.0,0.5115,3,12.012,0,NORMAL
2026-09-26 19:30:00,R2,2.563,8.043,0.3187,2.563,0,0,0.0,0.3187,2,10.295,0,NORMAL
2026-09-26 19:45:00,R1,6.09,10.524,0.5787,6.09,0,0,0.0,0.5787,3,11.801,0,NORMAL
2026-09-26 19:45:00,R2,2.777,8.012,0.3466,2.777,0,0,0.0,0.3466,2,10.335,0,NORMAL
2026-09-26 20:00:00,R1,6.855,10.732,0.6387,6.855,0,0,0.0,0.6387,3,11.573,0,NORMAL
2026-09-26 20:00:00,R2,2.457,8.545,0.2875,2.457,0,0,0.0,0.2875,2,9.69,0,NORMAL
2026-09-26 20:15:00,R1,5.747,10.814,0.5314,5.747,0,0,0.0,0.5314,3,11.485,0,NORMAL
2026-09-26 20:15:00,R2,2.635,7.924,0.3326,2.635,0,0,0.0,0.3326,2,10.45,0,NORMAL
2026-09-26 20:30:00,R1,5.123,10.276,0.4985,5.123,0,0,0.0,0.4985,3,12.087,0,NORMAL
2026-09-26 20:30:00,R2,2.329,7.943,0.2933,2.329,0,0,0.0,0.2933,2,10.425,0,NORMAL
2026-09-26 20:45:00,R1,5.625,10.507,0.5354,5.625,0,0,0.0,0.5354,3,11.821,0,NORMAL
2026-09-26 20:45:00,R2,2.586,7.65,0.338,2.586,0,0,0.0,0.338,2,10.824,0,NORMAL
2026-09-26 21:00:00,R1,5.771,11.441,0.5044,5.771,0,0,0.0,0.5044,3,10.856,0,NORMAL
2026-09-26 21:00:00,R2,2.742,8.197,0.3346,2.742,0,0,0.0,0.3346,2,10.101,0,NORMAL
2026-09-26 21:15:00,R1,5.778,10.487,0.5509,5.778,0,0,0.0,0.5509,3,11.843,0,NORMAL
2026-09-26 21:15:00,R2,2.846,8.312,0.3424,2.846,0,0,0.0,0.3424,2,9.962,0,NORMAL
2026-09-26 21:30:00,R1,5.626,10.491,0.5362,5.626,0,0,0.0,0.5362,3,11.838,0,NORMAL
2026-09-26 21:30:00,R2,2.783,8.022,0.3469,2.783,0,0,0.0,0.3469,2,10.321,0,NORMAL
2026-09-26 21:45:00,R1,5.464,10.756,0.5081,5.464,0,0,0.0,0.5081,3,11.548,0,NORMAL
2026-09-26 21:45:00,R2,2.289,8.133,0.2815,2.289,0,0,0.0,0.2815,2,10.181,0,NORMAL
2026-09-26 22:00:00,R1,4.585,10.72,0.4277,4.585,0,0,0.0,0.4277,3,11.586,0,NORMAL
2026-09-26 22:00:00,R2,2.198,8.011,0.2744,2.198,0,0,0.0,0.2744,2,10.336,0,NORMAL
2026-09-26 22:15:00,R1,3.847,10.69,0.3599,3.847,0,0,0.0,0.3599,3,11.618,0,NORMAL
2026-09-26 22:15:00,R2,2.06,7.437,0.277,2.06,0,0,0.0,0.277,2,11.134,0,NORMAL
2026-09-26 22:30:00,R1,4.582,10.483,0.4371,4.582,0,0,0.0,0.4371,3,11.848,0,NORMAL
2026-09-26 22:30:00,R2,1.995,8.28,0.2409,1.995,0,0,0.0,0.2409,2,9.999,0,NORMAL
2026-09-26 22:45:00,R1,4.367,10.262,0.4256,4.367,0,0,0.0,0.4256,3,12.103,0,NORMAL
2026-09-26 22:45:00,R2,2.265,8.513,0.266,2.265,0,0,0.0,0.266,2,9.726,0,NORMAL
2026-09-26 23:00:00,R1,4.042,10.838,0.373,4.042,0,0,0.0,0.373,3,11.46,0,NORMAL
2026-09-26 23:00:00,R2,2.413,7.949,0.3036,2.413,0,0,0.0,0.3036,2,10.417,0,NORMAL
2026-09-26 23:15:00,R1,4.413,10.971,0.4022,4.413,0,0,0.0,0.4022,3,11.32,0,NORMAL
2026-09-26 23:15:00,R2,2.127,7.797,0.2729,2.127,0,0,0.0,0.2729,2,10.62,0,NORMAL
2026-09-26 23:30:00,R1,5.015,10.372,0.4835,5.015,0,0,0.0,0.4835,3,11.974,0,NORMAL
2026-09-26 23:30:00,R2,2.006,8.476,0.2367,2.006,0,0,0.0,0.2367,2,9.769,0,NORMAL
2026-09-26 23:45:00,R1,3.859,11.653,0.3312,3.859,0,0,0.0,0.3312,3,10.658,0,NORMAL
2026-09-26 23:45:00,R2,2.09,8.329,0.251,2.09,0,0,0.0,0.251,2,9.941,0,NORMAL
2026-09-27 00:00:00,R1,4.841,10.946,0.4423,4.841,0,0,0.0,0.4423,3,11.346,0,NORMAL
2026-09-27 00:00:00,R2,2.257,7.871,0.2868,2.257,0,0,0.0,0.2868,2,10.52,0,NORMAL
2026-09-27 00:15:00,R1,4.934,10.971,0.4497,4.934,0,0,0.0,0.4497,3,11.32,0,NORMAL
2026-09-27 00:15:00,R2,2.154,7.715,0.2792,2.154,0,0,0.0,0.2792,2,10.732,0,NORMAL
2026-09-27 00:30:00,R1,4.683,11.829,0.3959,4.683,0,0,0.0,0.3959,3,10.5,0,NORMAL
2026-09-27 00:30:00,R2,2.394,8.122,0.2948,2.394,0,0,0.0,0.2948,2,10.194,0,NORMAL
2026-09-27 00:45:00,R1,4.022,10.879,0.3697,4.022,0,0,0.0,0.3697,3,11.416,0,NORMAL
2026-09-27 00:45:00,R2,1.795,8.261,0.2173,1.795,0,0,0.0,0.2173,2,10.023,0,NORMAL
2026-09-27 01:00:00,R1,4.911,10.55,0.4655,4.911,0,0,0.0,0.4655,3,11.773,0,NORMAL
2026-09-27 01:00:00,R2,2.307,7.906,0.2918,2.307,0,0,0.0,0.2918,2,10.473,0,NORMAL
2026-09-27 01:15:00,R1,4.805,10.41,0.4616,4.805,0,0,0.0,0.4616,3,11.931,0,NORMAL
2026-09-27 01:15:00,R2,1.959,7.921,0.2473,1.959,0,0,0.0,0.2473,2,10.454,0,NORMAL
2026-09-27 01:30:00,R1,4.449,7.119,0.6249,4.449,0,0,0.0,0.6249,2,11.631,0,NORMAL
2026-09-27 01:30:00,R2,2.264,7.988,0.2834,2.264,0,0,0.0,0.2834,2,10.366,0,NORMAL
2026-09-27 01:45:00,R1,4.792,10.711,0.4474,4.792,0,0,0.0,0.4474,3,11.596,0,NORMAL
2026-09-27 01:45:00,R2,2.257,7.957,0.2837,2.257,0,0,0.0,0.2837,2,10.406,0,NORMAL
2026-09-27 02:00:00,R1,4.214,10.326,0.4081,4.214,0,0,0.0,0.4081,3,12.028,0,NORMAL
2026-09-27 02:00:00,R2,2.43,7.974,0.3047,2.43,0,0,0.0,0.3047,2,10.384,0,NORMAL
2026-09-27 02:15:00,R1,4.05,10.292,0.3935,4.05,0,0,0.0,0.3935,3,12.068,0,NORMAL
2026-09-27 02:15:00,R2,2.614,7.537,0.3469,2.614,0,0,0.0,0.3469,2,10.986,0,NORMAL
2026-09-27 02:30:00,R1,4.346,10.512,0.4134,4.346,0,0,0.0,0.4134,3,11.815,0,NORMAL
2026-09-27 02:30:00,R2,2.161,8.224,0.2627,2.161,0,0,0.0,0.2627,2,10.069,0,NORMAL
2026-09-27 02:45:00,R1,4.635,10.961,0.4229,4.635,0,0,0.0,0.4229,3,11.331,0,NORMAL
2026-09-27 02:45:00,R2,2.298,4.222,0.5443,2.298,0,0,0.0,0.5443,1,9.806,0,NORMAL
2026-09-27 03:00:00,R1,4.04,10.332,0.391,4.04,0,0,0.0,0.391,3,12.021,0,NORMAL
2026-09-27 03:00:00,R2,2.299,7.909,0.2907,2.299,0,0,0.0,0.2907,2,10.469,0,NORMAL
2026-09-27 03:15:00,R1,3.998,11.024,0.3626,3.998,0,0,0.0,0.3626,3,11.266,0,NORMAL
2026-09-27 03:15:00,R2,2.356,8.183,0.2879,2.356,0,0,0.0,0.2879,2,10.118,0,NORMAL
2026-09-27 03:30:00,R1,4.534,11.074,0.4094,4.534,0,0,0.0,0.4094,3,11.215,0,NORMAL
2026-09-27 03:30:00,R2,2.097,8.649,0.2425,2.097,0,0,0.0,0.2425,2,9.574,0,NORMAL
2026-09-27 03:45:00,R1,4.415,7.283,0.6062,4.415,0,0,0.0,0.6062,2,11.369,0,NORMAL
2026-09-27 03:45:00,R2,2.112,7.793,0.271,2.112,0,0,0.0,0.271,2,10.625,0,NORMAL
2026-09-27 04:00:00,R1,4.326,10.857,0.3985,4.326,0,0,0.0,0.3985,3,11.439,0,NORMAL
2026-09-27 04:00:00,R2,2.255,8.242,0.2736,2.255,0,0,0.0,0.2736,2,10.047,0,NORMAL
2026-09-27 04:15:00,R1,5.371,10.305,0.5212,5.371,0,0,0.0,0.5212,3,12.052,0,NORMAL
2026-09-27 04:15:00,R2,2.552,8.026,0.318,2.552,0,0,0.0,0.318,2,10.317,0,NORMAL
2026-09-27 04:30:00,R1,4.301,10.217,0.421,4.301,0,0,0.0,0.421,3,12.156,0,NORMAL
2026-09-27 04:30:00,R2,2.62,7.887,0.3322,2.62,0,0,0.0,0.3322,2,10.499,0,NORMAL
2026-09-27 04:45:00,R1,4.839,10.792,0.4483,4.839,0,0,0.0,0.4483,3,11.508,0,NORMAL
2026-09-27 04:45:00,R2,2.338,7.894,0.2962,2.338,0,0,0.0,0.2962,2,10.489,0,NORMAL
2026-09-27 05:00:00,R1,4.967,7.313,0.6793,4.967,0,0,0.0,0.6793,2,11.322,0,NORMAL
2026-09-27 05:00:00,R2,2.477,7.592,0.3263,2.477,0,0,0.0,0.3263,2,10.906,0,NORMAL
2026-09-27 05:15:00,R1,4.695,10.545,0.4452,4.695,0,0,0.0,0.4452,3,11.778,0,NORMAL
2026-09-27 05:15:00,R2,1.977,7.928,0.2494,1.977,0,0,0.0,0.2494,2,10.444,0,NORMAL
2026-09-27 05:30:00,R1,4.626,11.265,0.4106,4.626,0,0,0.0,0.4106,3,11.025,0,NORMAL
2026-09-27 05:30:00,R2,2.194,7.744,0.2833,2.194,0,0,0.0,0.2833,2,10.692,0,NORMAL
2026-09-27 05:45:00,R1,4.288,10.621,0.4037,4.288,0,0,0.0,0.4037,3,11.694,0,NORMAL
2026-09-27 05:45:00,R2,1.941,8.72,0.2226,1.941,0,0,0.0,0.2226,2,9.496,0,NORMAL
2026-09-27 06:00:00,R1,5.401,10.932,0.4941,5.401,0,0,0.0,0.4941,3,11.361,0,NORMAL
2026-09-27 06:00:00,R2,2.492,8.398,0.2967,2.492,0,0,0.0,0.2967,2,9.859,0,NORMAL
2026-09-27 06:15:00,R1,5.705,10.23,0.5577,5.705,0,0,0.0,0.5577,3,12.141,0,NORMAL
2026-09-27 06:15:00,R2,2.648,8.478,0.3124,2.648,0,0,0.0,0.3124,2,9.767,0,NORMAL
2026-09-27 06:30:00,R1,5.164,11.032,0.4681,5.164,0,0,0.0,0.4681,3,11.258,0,NORMAL
2026-09-27 06:30:00,R2,2.39,8.115,0.2945,2.39,0,0,0.0,0.2945,2,10.203,0,NORMAL
2026-09-27 06:45:00,R1,5.282,10.557,0.5003,5.282,0,0,0.0,0.5003,3,11.764,0,NORMAL
2026-09-27 06:45:00,R2,2.696,3.977,0.678,2.696,0,0,0.0,0.678,1,10.411,0,NORMAL
2026-09-27 07:00:00,R1,5.11,10.581,0.483,5.11,0,0,0.0,0.483,3,11.738,0,NORMAL
2026-09-27 07:00:00,R2,2.558,7.703,0.3321,2.558,0,0,0.0,0.3321,2,10.749,0,NORMAL
2026-09-27 07:15:00,R1,6.266,10.618,0.5902,6.266,0,0,0.0,0.5902,3,11.697,0,NORMAL
2026-09-27 07:15:00,R2,2.83,8.535,0.3316,2.83,0,0,0.0,0.3316,2,9.701,0,NORMAL
2026-09-27 07:30:00,R1,5.15,10.736,0.4797,5.15,0,0,0.0,0.4797,3,11.569,0,NORMAL
2026-09-27 07:30:00,R2,2.587,7.974,0.3244,2.587,0,0,0.0,0.3244,2,10.383,0,NORMAL
2026-09-27 07:45:00,R1,5.345,11.398,0.4689,5.345,0,0,0.0,0.4689,3,10.896,0,NORMAL
2026-09-27 07:45:00,R2,2.313,7.576,0.3053,2.313,0,0,0.0,0.3053,2,10.929,0,NORMAL
2026-09-27 08:00:00,R1,5.552,10.212,0.5436,5.552,0,0,0.0,0.5436,3,12.162,0,NORMAL
2026-09-27 08:00:00,R2,2.712,7.806,0.3475,2.712,0,0,0.0,0.3475,2,10.608,0,NORMAL
2026-09-27 08:15:00,R1,5.584,10.789,0.5176,5.584,0,0,0.0,0.5176,3,11.512,0,NORMAL
2026-09-27 08:15:00,R2,2.683,8.319,0.3225,2.683,0,0,0.0,0.3225,2,9.953,0,NORMAL
2026-09-27 08:30:00,R1,5.675,11.038,0.5142,5.675,0,0,0.0,0.5142,3,11.253,0,NORMAL
2026-09-27 08:30:00,R2,2.641,8.67,0.3046,2.641,0,0,0.0,0.3046,2,9.55,0,NORMAL
2026-09-27 08:45:00,R1,5.577,10.29,0.5419,5.577,0,0,0.0,0.5419,3,12.069,0,NORMAL
2026-09-27 08:45:00,R2,2.465,8.248,0.2989,2.465,0,0,0.0,0.2989,2,10.039,0,NORMAL
2026-09-27 09:00:00,R1,5.39,11.159,0.483,5.39,0,0,0.0,0.483,3,11.13,0,NORMAL
2026-09-27 09:00:00,R2,2.517,7.996,0.3148,2.517,0,0,0.0,0.3148,2,10.356,0,NORMAL
2026-09-27 09:15:00,R1,5.862,11.11,0.5277,5.862,0,0,0.0,0.5277,3,11.18,0,NORMAL
2026-09-27 09:15:00,R2,2.537,8.387,0.3025,2.537,0,0,0.0,0.3025,2,9.872,0,NORMAL
2026-09-27 09:30:00,R1,6.254,10.174,0.6147,6.254,0,0,0.0,0.6147,3,12.208,0,NORMAL
2026-09-27 09:30:00,R2,2.657,7.478,0.3554,2.657,0,0,0.0,0.3554,2,11.073,0,NORMAL
2026-09-27 09:45:00,R1,5.49,10.663,0.5149,5.49,0,0,0.0,0.5149,3,11.648,0,NORMAL
2026-09-27 09:45:00,R2,2.42,8.075,0.2997,2.42,0,0,0.0,0.2997,2,10.254,0,NORMAL
2026-09-27 10:00:00,R1,5.373,10.728,0.5008,5.373,0,0,0.0,0.5008,3,11.578,0,NORMAL
2026-09-27 10:00:00,R2,2.71,7.805,0.3472,2.71,0,0,0.0,0.3472,2,10.608,0,NORMAL
2026-09-27 10:15:00,R1,6.064,10.93,0.5548,6.064,0,0,0.0,0.5548,3,11.363,0,NORMAL
2026-09-27 10:15:00,R2,2.3,7.985,0.2881,2.3,0,0,0.0,0.2881,2,10.37,0,NORMAL
2026-09-27 10:30:00,R1,6.035,11.163,0.5406,6.035,0,0,0.0,0.5406,3,11.126,0,NORMAL
2026-09-27 10:30:00,R2,2.368,7.994,0.2963,2.368,0,0,0.0,0.2963,2,10.358,0,NORMAL
2026-09-27 10:45:00,R1,5.871,10.495,0.5594,5.871,0,0,0.0,0.5594,3,11.834,0,NORMAL
2026-09-27 10:45:00,R2,2.68,8.489,0.3157,2.68,0,0,0.0,0.3157,2,9.754,0,NORMAL
2026-09-27 11:00:00,R1,5.661,10.648,0.5316,5.661,0,0,0.0,0.5316,3,11.664,0,NORMAL
2026-09-27 11:00:00,R2,2.708,7.832,0.3458,2.708,0,0,0.0,0.3458,2,10.572,0,NORMAL
2026-09-27 11:15:00,R1,5.685,10.569,0.5379,5.685,0,0,0.0,0.5379,3,11.751,0,NORMAL
2026-09-27 11:15:00,R2,2.614,7.742,0.3376,2.614,0,0,0.0,0.3376,2,10.695,0,NORMAL
2026-09-27 11:30:00,R1,5.523,10.436,0.5292,5.523,0,0,0.0,0.5292,3,11.901,0,NORMAL
2026-09-27 11:30:00,R2,2.067,8.293,0.2492,2.067,0,0,0.0,0.2492,2,9.984,0,NORMAL
2026-09-27 11:45:00,R1,5.651,10.977,0.5148,5.651,0,0,0.0,0.5148,3,11.314,0,NORMAL
2026-09-27 11:45:00,R2,2.388,8.347,0.286,2.388,0,0,0.0,0.286,2,9.92,0,NORMAL
2026-09-27 12:00:00,R1,6.401,11.303,0.5663,6.401,0,0,0.0,0.5663,3,10.988,0,NORMAL
2026-09-27 12:00:00,R2,3.055,8.109,0.3767,3.055,0,0,0.0,0.3767,2,10.211,0,NORMAL
2026-09-27 12:15:00,R1,6.624,10.423,0.6355,6.624,0,0,0.0,0.6355,3,11.916,0,NORMAL
2026-09-27 12:15:00,R2,2.399,7.837,0.3061,2.399,0,0,0.0,0.3061,2,10.565,0,NORMAL
2026-09-27 12:30:00,R1,5.486,10.361,0.5295,5.486,0,0,0.0,0.5295,3,11.988,0,NORMAL
2026-09-27 12:30:00,R2,2.391,8.338,0.2867,2.391,0,0,0.0,0.2867,2,9.93,0,NORMAL
2026-09-27 12:45:00,R1,5.655,10.078,0.5611,5.655,0,0,0.0,0.5611,3,12.324,0,NORMAL
2026-09-27 12:45:00,R2,2.303,8.545,0.2695,2.303,0,0,0.0,0.2695,2,9.69,0,NORMAL
2026-09-27 13:00:00,R1,5.832,10.674,0.5464,5.832,0,0,0.0,0.5464,3,11.636,0,NORMAL
2026-09-27 13:00:00,R2,2.604,7.641,0.3407,2.604,0,0,0.0,0.3407,2,10.836,0,NORMAL
2026-09-27 13:15:00,R1,5.962,10.814,0.5514,5.962,0,0,0.0,0.5514,3,11.486,0,NORMAL
2026-09-27 13:15:00,R2,2.505,7.82,0.3204,2.505,0,0,0.0,0.3204,2,10.588,0,NORMAL
2026-09-27 13:30:00,R1,6.297,11.02,0.5714,6.297,0,0,0.0,0.5714,3,11.271,0,NORMAL
2026-09-27 13:30:00,R2,1.98,8.293,0.2387,1.98,0,0,0.0,0.2387,2,9.984,0,NORMAL
2026-09-27 13:45:00,R1,6.011,7.039,0.8539,6.011,0,0,0.0,0.8539,2,11.762,0,WARNING
2026-09-27 13:45:00,R2,2.714,7.971,0.3405,2.714,0,0,0.0,0.3405,2,10.388,0,NORMAL
2026-09-27 14:00:00,R1,5.944,10.572,0.5622,5.944,0,0,0.0,0.5622,3,11.748,0,NORMAL
2026-09-27 14:00:00,R2,2.39,7.85,0.3044,2.39,0,0,0.0,0.3044,2,10.548,0,NORMAL
2026-09-27 14:15:00,R1,6.476,10.973,0.5902,6.476,0,0,0.0,0.5902,3,11.319,0,NORMAL
2026-09-27 14:15:00,R2,2.476,7.535,0.3286,2.476,0,0,0.0,0.3286,2,10.989,0,NORMAL
2026-09-27 14:30:00,R1,5.777,10.35,0.5582,5.777,0,0,0.0,0.5582,3,12.0,0,NORMAL
2026-09-27 14:30:00,R2,2.272,7.955,0.2856,2.272,0,0,0.0,0.2856,2,10.408,0,NORMAL
2026-09-27 14:45:00,R1,5.962,6.741,0.8844,5.962,0,0,0.0,0.8844,2,12.282,0,WARNING
2026-09-27 14:45:00,R2,2.332,8.543,0.273,2.332,0,0,0.0,0.273,2,9.693,0,NORMAL
2026-09-27 15:00:00,R1,5.734,10.232,0.5603,5.734,0,0,0.0,0.5603,3,12.138,0,NORMAL
2026-09-27 15:00:00,R2,2.353,8.415,0.2797,2.353,0,0,0.0,0.2797,2,9.84,0,NORMAL
2026-09-27 15:15:00,R1,6.393,10.457,0.6113,6.393,0,0,0.0,0.6113,3,11.878,0,NORMAL
2026-09-27 15:15:00,R2,2.192,8.371,0.2619,2.192,0,0,0.0,0.2619,2,9.892,0,NORMAL
2026-09-27 15:30:00,R1,9.06,10.327,0.8774,9.06,0,0,0.0,0.8774,3,12.027,0,WARNING
2026-09-27 15:30:00,R2,2.526,8.135,0.3105,2.526,0,0,0.0,0.3105,2,10.178,0,NORMAL
2026-09-27 15:45:00,R1,8.26,10.729,0.7699,8.26,0,0,0.0,0.7699,3,11.576,0,WARNING
2026-09-27 15:45:00,R2,2.42,7.832,0.309,2.42,0,0,0.0,0.309,2,10.572,0,NORMAL
2026-09-27 16:00:00,R1,6.417,10.087,0.6362,6.417,0,0,0.0,0.6362,3,12.313,0,NORMAL
2026-09-27 16:00:00,R2,2.228,8.873,0.2511,2.228,0,0,0.0,0.2511,2,9.332,0,NORMAL
2026-09-27 16:15:00,R1,6.441,10.974,0.5869,6.441,0,0,0.0,0.5869,3,11.318,0,NORMAL
2026-09-27 16:15:00,R2,2.281,8.216,0.2776,2.281,0,0,0.0,0.2776,2,10.078,0,NORMAL
2026-09-27 16:30:00,R1,6.263,10.223,0.6126,6.263,0,0,0.0,0.6126,3,12.149,0,NORMAL
2026-09-27 16:30:00,R2,2.342,7.879,0.2973,2.342,0,0,0.0,0.2973,2,10.509,0,NORMAL
2026-09-27 16:45:00,R1,6.237,10.685,0.5837,6.237,0,0,0.0,0.5837,3,11.624,0,NORMAL
2026-09-27 16:45:00,R2,2.458,8.073,0.3044,2.458,0,0,0.0,0.3044,2,10.256,0,NORMAL
2026-09-27 17:00:00,R1,5.92,6.964,0.8502,5.92,0,0,0.0,0.8502,2,11.891,0,WARNING
2026-09-27 17:00:00,R2,2.122,7.543,0.2813,2.122,0,0,0.0,0.2813,2,10.976,0,NORMAL
2026-09-27 17:15:00,R1,5.628,10.43,0.5396,5.628,0,0,0.0,0.5396,3,11.907,0,NORMAL
2026-09-27 17:15:00,R2,2.211,4.097,0.5396,2.211,0,0,0.0,0.5396,1,10.104,0,NORMAL
2026-09-27 17:30:00,R1,6.193,10.75,0.5761,6.193,0,0,0.0,0.5761,3,11.554,0,NORMAL
2026-09-27 17:30:00,R2,2.213,8.319,0.266,2.213,0,0,0.0,0.266,2,9.953,0,NORMAL
2026-09-27 17:45:00,R1,6.29,10.464,0.6011,6.29,0,0,0.0,0.6011,3,11.869,0,NORMAL
2026-09-27 17:45:00,R2,2.465,8.115,0.3038,2.465,0,0,0.0,0.3038,2,10.203,0,NORMAL
2026-09-27 18:00:00,R1,5.354,10.944,0.4892,5.354,0,0,0.0,0.4892,3,11.349,0,NORMAL
2026-09-27 18:00:00,R2,2.701,8.041,0.3359,2.701,0,0,0.0,0.3359,2,10.298,0,NORMAL
2026-09-27 18:15:00,R1,5.893,11.406,0.5166,5.893,0,0,0.0,0.5166,3,10.889,0,NORMAL
2026-09-27 18:15:00,R2,2.418,7.676,0.315,2.418,0,0,0.0,0.315,2,10.787,0,NORMAL
2026-09-27 18:30:00,R1,5.79,10.85,0.5337,5.79,0,0,0.0,0.5337,3,11.447,0,NORMAL
2026-09-27 18:30:00,R2,2.097,7.849,0.2672,2.097,0,0,0.0,0.2672,2,10.549,0,NORMAL
2026-09-27 18:45:00,R1,5.788,10.851,0.5335,5.788,0,0,0.0,0.5335,3,11.446,0,NORMAL
2026-09-27 18:45:00,R2,2.281,7.542,0.3024,2.281,0,0,0.0,0.3024,2,10.979,0,NORMAL
2026-09-27 19:00:00,R1,4.994,10.833,0.461,4.994,0,0,0.0,0.461,3,11.465,0,NORMAL
2026-09-27 19:00:00,R2,2.248,8.222,0.2734,2.248,0,0,0.0,0.2734,2,10.071,0,NORMAL
2026-09-27 19:15:00,R1,5.48,10.582,0.5179,5.48,0,0,0.0,0.5179,3,11.737,0,NORMAL
2026-09-27 19:15:00,R2,2.401,7.94,0.3024,2.401,0,0,0.0,0.3024,2,10.429,0,NORMAL
2026-09-27 19:30:00,R1,5.926,10.4,0.5698,5.926,0,0,0.0,0.5698,3,11.942,0,NORMAL
2026-09-27 19:30:00,R2,2.831,8.588,0.3297,2.831,0,0,0.0,0.3297,2,9.641,0,NORMAL
2026-09-27 19:45:00,R1,4.906,10.301,0.4762,4.906,0,0,0.0,0.4762,3,12.057,0,NORMAL
2026-09-27 19:45:00,R2,2.403,8.139,0.2953,2.403,0,0,0.0,0.2953,2,10.173,0,NORMAL
2026-09-27 20:00:00,R1,5.307,11.143,0.4763,5.307,0,0,0.0,0.4763,3,11.146,0,NORMAL
2026-09-27 20:00:00,R2,2.315,7.944,0.2914,2.315,0,0,0.0,0.2914,2,10.423,0,NORMAL
2026-09-27 20:15:00,R1,5.516,10.892,0.5064,5.516,0,0,0.0,0.5064,3,11.403,0,NORMAL
2026-09-27 20:15:00,R2,2.561,8.663,0.2956,2.561,0,0,0.0,0.2956,2,9.558,0,NORMAL
2026-09-27 20:30:00,R1,6.074,10.633,0.5712,6.074,0,0,0.0,0.5712,3,11.68,0,NORMAL
2026-09-27 20:30:00,R2,2.295,8.228,0.2789,2.295,0,0,0.0,0.2789,2,10.063,0,NORMAL
2026-09-27 20:45:00,R1,6.354,10.862,0.5849,6.354,0,0,0.0,0.5849,3,11.435,0,NORMAL
2026-09-27 20:45:00,R2,2.548,8.166,0.3121,2.548,0,0,0.0,0.3121,2,10.14,0,NORMAL
2026-09-27 21:00:00,R1,5.889,11.287,0.5217,5.889,0,0,0.0,0.5217,3,11.004,0,NORMAL
2026-09-27 21:00:00,R2,2.801,8.407,0.3332,2.801,0,0,0.0,0.3332,2,9.849,0,NORMAL
2026-09-27 21:15:00,R1,5.099,11.176,0.4563,5.099,0,0,0.0,0.4563,3,11.113,0,NORMAL
2026-09-27 21:15:00,R2,2.539,8.126,0.3125,2.539,0,0,0.0,0.3125,2,10.189,0,NORMAL
2026-09-27 21:30:00,R1,6.072,10.302,0.5894,6.072,0,0,0.0,0.5894,3,12.056,0,NORMAL
2026-09-27 21:30:00,R2,2.64,8.052,0.3279,2.64,0,0,0.0,0.3279,2,10.283,0,NORMAL
2026-09-27 21:45:00,R1,5.475,10.821,0.506,5.475,0,0,0.0,0.506,3,11.478,0,NORMAL
2026-09-27 21:45:00,R2,2.76,7.909,0.349,2.76,0,0,0.0,0.349,2,10.469,0,NORMAL
2026-09-27 22:00:00,R1,4.454,7.342,0.6066,4.454,0,0,0.0,0.6066,2,11.278,0,NORMAL
2026-09-27 22:00:00,R2,1.993,8.167,0.2441,1.993,0,0,0.0,0.2441,2,10.139,0,NORMAL
2026-09-27 22:15:00,R1,4.193,10.122,0.4143,4.193,0,0,0.0,0.4143,3,12.27,0,NORMAL
2026-09-27 22:15:00,R2,2.264,8.214,0.2756,2.264,0,0,0.0,0.2756,2,10.081,0,NORMAL
2026-09-27 22:30:00,R1,4.125,10.712,0.3851,4.125,0,0,0.0,0.3851,3,11.594,0,NORMAL
2026-09-27 22:30:00,R2,2.296,8.131,0.2824,2.296,0,0,0.0,0.2824,2,10.183,0,NORMAL
2026-09-27 22:45:00,R1,5.14,10.466,0.4911,5.14,0,0,0.0,0.4911,3,11.867,0,NORMAL
2026-09-27 22:45:00,R2,2.808,8.476,0.3313,2.808,0,0,0.0,0.3313,2,9.769,0,NORMAL
2026-09-27 23:00:00,R1,3.807,10.627,0.3582,3.807,0,0,0.0,0.3582,3,11.688,0,NORMAL
2026-09-27 23:00:00,R2,2.071,4.132,0.5011,2.071,0,0,0.0,0.5011,1,10.019,0,NORMAL
2026-09-27 23:15:00,R1,4.929,10.648,0.4629,4.929,0,0,0.0,0.4629,3,11.664,0,NORMAL
2026-09-27 23:15:00,R2,2.381,8.163,0.2917,2.381,0,0,0.0,0.2917,2,10.144,0,NORMAL
2026-09-27 23:30:00,R1,5.069,10.401,0.4874,5.069,0,0,0.0,0.4874,3,11.941,0,NORMAL
2026-09-27 23:30:00,R2,2.321,8.149,0.2848,2.321,0,0,0.0,0.2848,2,10.16,0,NORMAL
2026-09-27 23:45:00,R1,3.626,10.596,0.3422,3.626,0,0,0.0,0.3422,3,11.721,0,NORMAL
2026-09-27 23:45:00,R2,2.003,8.207,0.244,2.003,0,0,0.0,0.244,2,10.089,0,NORMAL
2026-09-28 00:00:00,R1,5.732,10.967,0.5227,5.732,0,0,0.0,0.5227,3,11.325,0,NORMAL
2026-09-28 00:00:00,R2,2.252,8.355,0.2695,2.252,0,0,0.0,0.2695,2,9.91,0,NORMAL
2026-09-28 00:15:00,R1,4.996,10.894,0.4586,4.996,0,0,0.0,0.4586,3,11.401,0,NORMAL
2026-09-28 00:15:00,R2,2.193,8.434,0.26,2.193,0,0,0.0,0.26,2,9.817,0,NORMAL
2026-09-28 00:30:00,R1,5.153,10.61,0.4856,5.153,0,0,0.0,0.4856,3,11.706,0,NORMAL
2026-09-28 00:30:00,R2,2.483,7.925,0.3134,2.483,0,0,0.0,0.3134,2,10.449,0,NORMAL
2026-09-28 00:45:00,R1,5.212,10.866,0.4797,5.212,0,0,0.0,0.4797,3,11.431,0,NORMAL
2026-09-28 00:45:00,R2,2.737,8.178,0.3346,2.737,0,0,0.0,0.3346,2,10.124,0,NORMAL
2026-09-28 01:00:00,R1,5.086,10.311,0.4932,5.086,0,0,0.0,0.4932,3,12.045,0,NORMAL
2026-09-28 01:00:00,R2,2.312,8.175,0.2828,2.312,0,0,0.0,0.2828,2,10.128,0,NORMAL
2026-09-28 01:15:00,R1,5.472,7.949,0.6883,5.472,0,0,0.0,0.6883,2,10.416,0,NORMAL
2026-09-28 01:15:00,R2,2.715,8.387,0.3237,2.715,0,0,0.0,0.3237,2,9.873,0,NORMAL
2026-09-28 01:30:00,R1,5.522,10.796,0.5115,5.522,0,0,0.0,0.5115,3,11.504,0,NORMAL
2026-09-28 01:30:00,R2,2.235,8.662,0.258,2.235,0,0,0.0,0.258,2,9.559,0,NORMAL
2026-09-28 01:45:00,R1,5.382,11.118,0.4841,5.382,0,0,0.0,0.4841,3,11.171,0,NORMAL
2026-09-28 01:45:00,R2,2.626,8.066,0.3256,2.626,0,0,0.0,0.3256,2,10.265,0,NORMAL
2026-09-28 02:00:00,R1,4.674,7.17,0.6518,4.674,0,0,0.0,0.6518,2,11.547,0,NORMAL
2026-09-28 02:00:00,R2,2.42,8.622,0.2807,2.42,0,0,0.0,0.2807,2,9.603,0,NORMAL
2026-09-28 02:15:00,R1,6.121,10.953,0.5588,6.121,0,0,0.0,0.5588,3,11.34,0,NORMAL
2026-09-28 02:15:00,R2,2.379,7.849,0.3031,2.379,0,0,0.0,0.3031,2,10.549,0,NORMAL
2026-09-28 02:30:00,R1,5.255,10.873,0.4833,5.255,0,0,0.0,0.4833,3,11.423,0,NORMAL
2026-09-28 02:30:00,R2,2.711,8.217,0.33,2.711,0,0,0.0,0.33,2,10.077,0,NORMAL
2026-09-28 02:45:00,R1,6.098,10.788,0.5653,6.098,0,0,0.0,0.5653,3,11.513,0,NORMAL
2026-09-28 02:45:00,R2,2.279,8.144,0.2799,2.279,0,0,0.0,0.2799,2,10.167,0,NORMAL
2026-09-28 03:00:00,R1,5.64,10.77,0.5237,5.64,0,0,0.0,0.5237,3,11.532,0,NORMAL
2026-09-28 03:00:00,R2,2.681,8.446,0.3174,2.681,0,0,0.0,0.3174,2,9.804,0,NORMAL
2026-09-28 03:15:00,R1,5.345,10.537,0.5073,5.345,0,0,0.0,0.5073,3,11.787,0,NORMAL
2026-09-28 03:15:00,R2,2.641,7.998,0.3302,2.641,0,0,0.0,0.3302,2,10.353,0,NORMAL
2026-09-28 03:30:00,R1,5.57,11.11,0.5014,5.57,0,0,0.0,0.5014,3,11.18,0,NORMAL
2026-09-28 03:30:00,R2,2.547,8.008,0.3181,2.547,0,0,0.0,0.3181,2,10.34,0,NORMAL
2026-09-28 03:45:00,R1,4.74,10.449,0.4536,4.74,0,0,0.0,0.4536,3,11.886,0,NORMAL
2026-09-28 03:45:00,R2,2.832,8.289,0.3417,2.832,0,0,0.0,0.3417,2,9.989,0,NORMAL
2026-09-28 04:00:00,R1,5.04,10.596,0.4756,5.04,0,0,0.0,0.4756,3,11.722,0,NORMAL
2026-09-28 04:00:00,R2,2.474,8.463,0.2923,2.474,0,0,0.0,0.2923,2,9.784,0,NORMAL
2026-09-28 04:15:00,R1,5.346,10.63,0.5029,5.346,0,0,0.0,0.5029,3,11.684,0,NORMAL
2026-09-28 04:15:00,R2,2.424,8.34,0.2907,2.424,0,0,0.0,0.2907,2,9.928,0,NORMAL
2026-09-28 04:30:00,R1,5.456,11.455,0.4763,5.456,0,0,0.0,0.4763,3,10.842,0,NORMAL
2026-09-28 04:30:00,R2,3.037,7.817,0.3885,3.037,0,0,0.0,0.3885,2,10.592,0,NORMAL
2026-09-28 04:45:00,R1,5.472,7.031,0.7783,5.472,0,0,0.0,0.7783,2,11.777,0,WARNING
2026-09-28 04:45:00,R2,2.612,8.069,0.3237,2.612,0,0,0.0,0.3237,2,10.261,0,NORMAL
2026-09-28 05:00:00,R1,5.404,10.498,0.5148,5.404,0,0,0.0,0.5148,3,11.831,0,NORMAL
2026-09-28 05:00:00,R2,2.115,8.107,0.2609,2.115,0,0,0.0,0.2609,2,10.214,0,NORMAL
2026-09-28 05:15:00,R1,5.192,10.472,0.4958,5.192,0,0,0.0,0.4958,3,11.86,0,NORMAL
2026-09-28 05:15:00,R2,2.63,8.038,0.3272,2.63,0,0,0.0,0.3272,2,10.301,0,NORMAL
2026-09-28 05:30:00,R1,5.669,10.744,0.5277,5.669,0,0,0.0,0.5277,3,11.56,0,NORMAL
2026-09-28 05:30:00,R2,2.633,8.198,0.3212,2.633,0,0,0.0,0.3212,2,10.1,0,NORMAL
2026-09-28 05:45:00,R1,5.634,10.649,0.5291,5.634,0,0,0.0,0.5291,3,11.663,0,NORMAL
2026-09-28 05:45:00,R2,2.677,8.182,0.3271,2.677,0,0,0.0,0.3271,2,10.12,0,NORMAL
2026-09-28 06:00:00,R1,6.684,11.426,0.585,6.684,0,0,0.0,0.585,3,10.87,0,NORMAL
2026-09-28 06:00:00,R2,3.341,8.031,0.4161,3.341,0,0,0.0,0.4161,2,10.31,0,NORMAL
2026-09-28 06:15:00,R1,6.91,10.381,0.6657,6.91,0,0,0.0,0.6657,3,11.964,0,NORMAL
2026-09-28 06:15:00,R2,3.582,8.226,0.4355,3.582,0,0,0.0,0.4355,2,10.066,0,NORMAL
2026-09-28 06:30:00,R1,7.165,10.819,0.6623,7.165,0,0,0.0,0.6623,3,11.48,0,NORMAL
2026-09-28 06:30:00,R2,3.166,8.483,0.3732,3.166,0,0,0.0,0.3732,2,9.761,0,NORMAL
2026-09-28 06:45:00,R1,6.718,11.322,0.5933,6.718,0,0,0.0,0.5933,3,10.97,0,NORMAL
2026-09-28 06:45:00,R2,3.117,8.433,0.3696,3.117,0,0,0.0,0.3696,2,9.819,0,NORMAL
2026-09-28 07:00:00,R1,6.432,10.763,0.5976,6.432,0,0,0.0,0.5976,3,11.54,0,NORMAL
2026-09-28 07:00:00,R2,3.164,8.439,0.3749,3.164,0,0,0.0,0.3749,2,9.812,0,NORMAL
2026-09-28 07:15:00,R1,6.682,10.613,0.6296,6.682,0,0,0.0,0.6296,3,11.703,0,NORMAL
2026-09-28 07:15:00,R2,3.088,3.809,0.8106,3.088,0,0,0.0,0.8106,1,10.868,0,WARNING
2026-09-28 07:30:00,R1,7.021,10.837,0.6479,7.021,0,0,0.0,0.6479,3,11.461,0,NORMAL
2026-09-28 07:30:00,R2,3.056,7.667,0.3986,3.056,0,0,0.0,0.3986,2,10.8,0,NORMAL
2026-09-28 07:45:00,R1,6.912,10.886,0.6349,6.912,0,0,0.0,0.6349,3,11.409,0,NORMAL
2026-09-28 07:45:00,R2,3.212,8.635,0.372,3.212,0,0,0.0,0.372,2,9.589,0,NORMAL
2026-09-28 08:00:00,R1,6.491,11.365,0.5711,6.491,0,0,0.0,0.5711,3,10.929,0,NORMAL
2026-09-28 08:00:00,R2,3.161,7.572,0.4174,3.161,0,0,0.0,0.4174,2,10.935,0,NORMAL
2026-09-28 08:15:00,R1,6.476,10.517,0.6158,6.476,0,0,0.0,0.6158,3,11.809,0,NORMAL
2026-09-28 08:15:00,R2,3.276,7.883,0.4156,3.276,0,0,0.0,0.4156,2,10.504,0,NORMAL
2026-09-28 08:30:00,R1,7.354,10.54,0.6977,7.354,0,0,0.0,0.6977,3,11.784,0,NORMAL
2026-09-28 08:30:00,R2,3.251,7.889,0.4121,3.251,0,0,0.0,0.4121,2,10.496,0,NORMAL
2026-09-28 08:45:00,R1,6.059,10.819,0.5601,6.059,0,0,0.0,0.5601,3,11.48,0,NORMAL
2026-09-28 08:45:00,R2,3.108,3.816,0.8146,3.108,0,0,0.0,0.8146,1,10.849,0,WARNING
2026-09-28 09:00:00,R1,6.997,11.207,0.6243,6.997,0,0,0.0,0.6243,3,11.082,0,NORMAL
2026-09-28 09:00:00,R2,2.75,7.384,0.3725,2.75,0,0,0.0,0.3725,2,11.214,0,NORMAL
2026-09-28 09:15:00,R1,6.952,10.779,0.645,6.952,0,0,0.0,0.645,3,11.523,0,NORMAL
2026-09-28 09:15:00,R2,3.249,8.502,0.3822,3.249,0,0,0.0,0.3822,2,9.739,0,NORMAL
2026-09-28 09:30:00,R1,7.021,10.919,0.643,7.021,0,0,0.0,0.643,3,11.375,0,NORMAL
2026-09-28 09:30:00,R2,2.945,8.135,0.362,2.945,0,0,0.0,0.362,2,10.179,0,NORMAL
2026-09-28 09:45:00,R1,6.96,6.8,1.0235,6.8,0,0.16,0.0,1.0235,2,12.176,0,HIGH
2026-09-28 09:45:00,R2,2.815,8.183,0.344,2.815,0,0,0.0,0.344,2,10.119,0,NORMAL
2026-09-28 10:00:00,R1,6.335,10.2,0.6211,6.495,0.16,0,0.235,0.6368,3,12.176,0,NORMAL
2026-09-28 10:00:00,R2,3.02,7.739,0.3903,3.02,0,0,0.0,0.3903,2,10.699,0,NORMAL
2026-09-28 10:15:00,R1,7.133,10.738,0.6642,7.133,0,0,0.0,0.6642,3,11.567,0,NORMAL
2026-09-28 10:15:00,R2,2.637,8.829,0.2986,2.637,0,0,0.0,0.2986,2,9.378,0,NORMAL
2026-09-28 10:30:00,R1,6.258,11.369,0.5504,6.258,0,0,0.0,0.5504,3,10.924,0,NORMAL
2026-09-28 10:30:00,R2,2.885,8.298,0.3477,2.885,0,0,0.0,0.3477,2,9.979,0,NORMAL
2026-09-28 10:45:00,R1,6.605,10.796,0.6118,6.605,0,0,0.0,0.6118,3,11.504,0,NORMAL
2026-09-28 10:45:00,R2,3.049,8.038,0.3794,3.049,0,0,0.0,0.3794,2,10.301,0,NORMAL
2026-09-28 11:00:00,R1,7.219,10.398,0.6943,7.219,0,0,0.0,0.6943,3,11.945,0,NORMAL
2026-09-28 11:00:00,R2,2.809,8.083,0.3474,2.809,0,0,0.0,0.3474,2,10.243,0,NORMAL
2026-09-28 11:15:00,R1,7.389,10.329,0.7153,7.389,0,0,0.0,0.7153,3,12.024,0,NORMAL
2026-09-28 11:15:00,R2,3.06,8.051,0.3801,3.06,0,0,0.0,0.3801,2,10.284,0,NORMAL
2026-09-28 11:30:00,R1,6.225,6.363,0.9782,6.225,0,0,0.0,0.9782,2,13.012,0,HIGH
2026-09-28 11:30:00,R2,3.043,4.131,0.7368,3.043,0,0,0.0,0.7368,1,10.023,0,NORMAL
2026-09-28 11:45:00,R1,6.228,10.492,0.5936,6.228,0,0,0.0,0.5936,3,11.838,0,NORMAL
2026-09-28 11:45:00,R2,2.923,7.909,0.3695,2.923,0,0,0.0,0.3695,2,10.468,0,NORMAL
2026-09-28 12:00:00,R1,6.455,10.586,0.6098,6.455,0,0,0.0,0.6098,3,11.733,0,NORMAL
2026-09-28 12:00:00,R2,2.705,7.817,0.346,2.705,0,0,0.0,0.346,2,10.593,0,NORMAL
2026-09-28 12:15:00,R1,7.262,6.471,1.1222,6.471,0,0.791,0.0,1.1222,2,12.795,0,HIGH
2026-09-28 12:15:00,R2,2.955,8.447,0.3498,2.955,0,0,0.0,0.3498,2,9.802,0,NORMAL
2026-09-28 12:30:00,R1,6.061,11.14,0.5441,6.852,0.791,0,1.065,0.6151,3,11.149,0,NORMAL
2026-09-28 12:30:00,R2,2.927,8.098,0.3614,2.927,0,0,0.0,0.3614,2,10.225,0,NORMAL
2026-09-28 12:45:00,R1,7.25,10.745,0.6747,7.25,0,0,0.0,0.6747,3,11.559,0,NORMAL
2026-09-28 12:45:00,R2,2.776,8.261,0.336,2.776,0,0,0.0,0.336,2,10.023,0,NORMAL
2026-09-28 13:00:00,R1,7.332,10.966,0.6686,7.332,0,0,0.0,0.6686,3,11.326,0,NORMAL
2026-09-28 13:00:00,R2,2.468,7.988,0.3089,2.468,0,0,0.0,0.3089,2,10.365,0,NORMAL
2026-09-28 13:15:00,R1,6.894,10.966,0.6287,6.894,0,0,0.0,0.6287,3,11.326,0,NORMAL
2026-09-28 13:15:00,R2,2.779,7.785,0.3569,2.779,0,0,0.0,0.3569,2,10.636,0,NORMAL
2026-09-28 13:30:00,R1,7.147,9.929,0.7198,7.147,0,0,0.0,0.7198,3,12.509,0,NORMAL
2026-09-28 13:30:00,R2,2.599,8.446,0.3077,2.599,0,0,0.0,0.3077,2,9.803,0,NORMAL
2026-09-28 13:45:00,R1,6.926,10.616,0.6524,6.926,0,0,0.0,0.6524,3,11.699,0,NORMAL
2026-09-28 13:45:00,R2,2.905,8.465,0.3432,2.905,0,0,0.0,0.3432,2,9.781,0,NORMAL
2026-09-28 14:00:00,R1,7.891,11.01,0.7167,7.891,0,0,0.0,0.7167,3,11.28,0,NORMAL
2026-09-28 14:00:00,R2,2.609,7.94,0.3286,2.609,0,0,0.0,0.3286,2,10.428,0,NORMAL
2026-09-28 14:15:00,R1,7.426,10.878,0.6826,7.426,0,0,0.0,0.6826,3,11.417,0,NORMAL
2026-09-28 14:15:00,R2,2.465,8.229,0.2996,2.465,0,0,0.0,0.2996,2,10.062,0,NORMAL
2026-09-28 14:30:00,R1,7.255,11.437,0.6344,7.255,0,0,0.0,0.6344,3,10.86,0,NORMAL
2026-09-28 14:30:00,R2,2.684,8.031,0.3342,2.684,0,0,0.0,0.3342,2,10.31,0,NORMAL
2026-09-28 14:45:00,R1,7.488,10.913,0.6862,7.488,0,0,0.0,0.6862,3,11.381,0,NORMAL
2026-09-28 14:45:00,R2,2.727,8.135,0.3353,2.727,0,0,0.0,0.3353,2,10.179,0,NORMAL
2026-09-28 15:00:00,R1,7.584,10.55,0.7188,7.584,0,0,0.0,0.7188,3,11.773,0,NORMAL
2026-09-28 15:00:00,R2,2.837,8.161,0.3476,2.837,0,0,0.0,0.3476,2,10.146,0,NORMAL
2026-09-28 15:15:00,R1,7.375,10.777,0.6843,7.375,0,0,0.0,0.6843,3,11.525,0,NORMAL
2026-09-28 15:15:00,R2,2.779,7.741,0.359,2.779,0,0,0.0,0.359,2,10.696,0,NORMAL
2026-09-28 15:30:00,R1,7.777,6.255,1.2434,6.255,0,1.522,0.0,1.2434,2,13.237,0,HIGH
2026-09-28 15:30:00,R2,2.71,8.977,0.3019,2.71,0,0,0.0,0.3019,2,9.224,0,NORMAL
2026-09-28 15:45:00,R1,7.28,10.188,0.7146,8.803,1.522,0,2.241,0.864,3,12.19,0,WARNING
2026-09-28 15:45:00,R2,2.901,8.229,0.3525,2.901,0,0,0.0,0.3525,2,10.062,0,NORMAL
2026-09-28 16:00:00,R1,7.25,11.114,0.6523,7.25,0,0,0.0,0.6523,3,11.175,0,NORMAL
2026-09-28 16:00:00,R2,2.685,7.871,0.3411,2.685,0,0,0.0,0.3411,2,10.52,0,NORMAL
2026-09-28 16:15:00,R1,7.225,10.621,0.6803,7.225,0,0,0.0,0.6803,3,11.694,0,NORMAL
2026-09-28 16:15:00,R2,2.656,7.936,0.3347,2.656,0,0,0.0,0.3347,2,10.434,0,NORMAL
2026-09-28 16:30:00,R1,7.129,11.082,0.6433,7.129,0,0,0.0,0.6433,3,11.208,0,NORMAL
2026-09-28 16:30:00,R2,2.951,8.052,0.3665,2.951,0,0,0.0,0.3665,2,10.283,0,NORMAL
2026-09-28 16:45:00,R1,7.063,10.837,0.6518,7.063,0,0,0.0,0.6518,3,11.461,0,NORMAL
2026-09-28 16:45:00,R2,2.954,8.221,0.3593,2.954,0,0,0.0,0.3593,2,10.072,0,NORMAL
2026-09-28 17:00:00,R1,7.679,10.02,0.7664,7.679,0,0,0.0,0.7664,3,12.396,0,WARNING
2026-09-28 17:00:00,R2,2.575,8.593,0.2997,2.575,0,0,0.0,0.2997,2,9.636,0,NORMAL
2026-09-28 17:15:00,R1,7.449,11.491,0.6482,7.449,0,0,0.0,0.6482,3,10.808,0,NORMAL
2026-09-28 17:15:00,R2,2.929,7.87,0.3722,2.929,0,0,0.0,0.3722,2,10.521,0,NORMAL
2026-09-28 17:30:00,R1,8.052,10.28,0.7833,8.052,0,0,0.0,0.7833,3,12.082,0,WARNING
2026-09-28 17:30:00,R2,3.115,7.953,0.3917,3.115,0,0,0.0,0.3917,2,10.412,0,NORMAL
2026-09-28 17:45:00,R1,7.668,10.665,0.7189,7.668,0,0,0.0,0.7189,3,11.645,0,NORMAL
2026-09-28 17:45:00,R2,2.577,7.977,0.3231,2.577,0,0,0.0,0.3231,2,10.38,0,NORMAL
2026-09-28 18:00:00,R1,7.463,10.959,0.681,7.463,0,0,0.0,0.681,3,11.333,0,NORMAL
2026-09-28 18:00:00,R2,2.726,7.843,0.3476,2.726,0,0,0.0,0.3476,2,10.557,0,NORMAL
2026-09-28 18:15:00,R1,7.887,11.433,0.6898,7.887,0,0,0.0,0.6898,3,10.863,0,NORMAL
2026-09-28 18:15:00,R2,3.124,8.416,0.3712,3.124,0,0,0.0,0.3712,2,9.838,0,NORMAL
2026-09-28 18:30:00,R1,6.508,10.318,0.6308,6.508,0,0,0.0,0.6308,3,12.038,0,NORMAL
2026-09-28 18:30:00,R2,3.05,7.971,0.3826,3.05,0,0,0.0,0.3826,2,10.387,0,NORMAL
2026-09-28 18:45:00,R1,6.736,11.229,0.5999,6.736,0,0,0.0,0.5999,3,11.061,0,NORMAL
2026-09-28 18:45:00,R2,2.751,8.163,0.337,2.751,0,0,0.0,0.337,2,10.143,0,NORMAL
2026-09-28 19:00:00,R1,6.234,11.17,0.5581,6.234,0,0,0.0,0.5581,3,11.119,0,NORMAL
2026-09-28 19:00:00,R2,2.741,7.558,0.3626,2.741,0,0,0.0,0.3626,2,10.956,0,NORMAL
2026-09-28 19:15:00,R1,6.195,10.934,0.5666,6.195,0,0,0.0,0.5666,3,11.359,0,NORMAL
2026-09-28 19:15:00,R2,2.627,7.998,0.3285,2.627,0,0,0.0,0.3285,2,10.353,0,NORMAL
2026-09-28 19:30:00,R1,7.23,10.542,0.6858,7.23,0,0,0.0,0.6858,3,11.782,0,NORMAL
2026-09-28 19:30:00,R2,3.072,7.492,0.41,3.072,0,0,0.0,0.41,2,11.051,0,NORMAL
2026-09-28 19:45:00,R1,6.729,10.846,0.6204,6.729,0,0,0.0,0.6204,3,11.451,0,NORMAL
2026-09-28 19:45:00,R2,3.191,8.012,0.3983,3.191,0,0,0.0,0.3983,2,10.334,0,NORMAL
2026-09-28 20:00:00,R1,6.533,10.937,0.5973,6.533,0,0,0.0,0.5973,3,11.356,0,NORMAL
2026-09-28 20:00:00,R2,3.298,3.898,0.846,3.298,0,0,0.0,0.846,1,10.621,0,WARNING
2026-09-28 20:15:00,R1,7.016,10.888,0.6444,7.016,0,0,0.0,0.6444,3,11.407,0,NORMAL
2026-09-28 20:15:00,R2,3.111,8.171,0.3808,3.111,0,0,0.0,0.3808,2,10.133,0,NORMAL
2026-09-28 20:30:00,R1,7.545,10.952,0.689,7.545,0,0,0.0,0.689,3,11.341,0,NORMAL
2026-09-28 20:30:00,R2,2.851,7.933,0.3594,2.851,0,0,0.0,0.3594,2,10.438,0,NORMAL
2026-09-28 20:45:00,R1,7.306,10.454,0.6988,7.306,0,0,0.0,0.6988,3,11.881,0,NORMAL
2026-09-28 20:45:00,R2,3.056,8.614,0.3547,3.056,0,0,0.0,0.3547,2,9.612,0,NORMAL
2026-09-28 21:00:00,R1,7.58,10.408,0.7284,7.58,0,0,0.0,0.7284,3,11.934,0,NORMAL
2026-09-28 21:00:00,R2,2.823,8.301,0.3401,2.823,0,0,0.0,0.3401,2,9.975,0,NORMAL
2026-09-28 21:15:00,R1,7.216,10.333,0.6983,7.216,0,0,0.0,0.6983,3,12.019,0,NORMAL
2026-09-28 21:15:00,R2,2.679,8.424,0.318,2.679,0,0,0.0,0.318,2,9.829,0,NORMAL
2026-09-28 21:30:00,R1,6.91,10.415,0.6634,6.91,0,0,0.0,0.6634,3,11.925,0,NORMAL
2026-09-28 21:30:00,R2,2.937,8.088,0.3631,2.937,0,0,0.0,0.3631,2,10.237,0,NORMAL
2026-09-28 21:45:00,R1,7.185,10.171,0.7064,7.185,0,0,0.0,0.7064,3,12.211,0,NORMAL
2026-09-28 21:45:00,R2,3.404,8.166,0.4168,3.404,0,0,0.0,0.4168,2,10.139,0,NORMAL
2026-09-28 22:00:00,R1,5.112,10.807,0.473,5.112,0,0,0.0,0.473,3,11.493,0,NORMAL
2026-09-28 22:00:00,R2,2.223,8.282,0.2684,2.223,0,0,0.0,0.2684,2,9.997,0,NORMAL
2026-09-28 22:15:00,R1,5.175,11.03,0.4692,5.175,0,0,0.0,0.4692,3,11.261,0,NORMAL
2026-09-28 22:15:00,R2,2.379,8.479,0.2806,2.379,0,0,0.0,0.2806,2,9.765,0,NORMAL
2026-09-28 22:30:00,R1,5.215,10.776,0.484,5.215,0,0,0.0,0.484,3,11.526,0,NORMAL
2026-09-28 22:30:00,R2,2.471,7.761,0.3184,2.471,0,0,0.0,0.3184,2,10.669,0,NORMAL
2026-09-28 22:45:00,R1,5.009,7.119,0.7037,5.009,0,0,0.0,0.7037,2,11.631,0,NORMAL
2026-09-28 22:45:00,R2,2.087,8.513,0.2452,2.087,0,0,0.0,0.2452,2,9.726,0,NORMAL
2026-09-28 23:00:00,R1,6.072,10.913,0.5564,6.072,0,0,0.0,0.5564,3,11.38,0,NORMAL
2026-09-28 23:00:00,R2,2.927,8.25,0.3548,2.927,0,0,0.0,0.3548,2,10.037,0,NORMAL
2026-09-28 23:15:00,R1,5.531,10.418,0.5309,5.531,0,0,0.0,0.5309,3,11.921,0,NORMAL
2026-09-28 23:15:00,R2,2.197,7.784,0.2823,2.197,0,0,0.0,0.2823,2,10.638,0,NORMAL
2026-09-28 23:30:00,R1,5.016,10.875,0.4612,5.016,0,0,0.0,0.4612,3,11.421,0,NORMAL
2026-09-28 23:30:00,R2,2.466,8.416,0.293,2.466,0,0,0.0,0.293,2,9.839,0,NORMAL
2026-09-28 23:45:00,R1,5.427,10.322,0.5258,5.427,0,0,0.0,0.5258,3,12.032,0,NORMAL
2026-09-28 23:45:00,R2,2.623,7.676,0.3417,2.623,0,0,0.0,0.3417,2,10.787,0,NORMAL
2026-09-29 00:00:00,R1,5.245,10.896,0.4813,5.245,0,0,0.0,0.4813,3,11.398,0,NORMAL
2026-09-29 00:00:00,R2,2.897,4.04,0.7172,2.897,0,0,0.0,0.7172,1,10.248,0,NORMAL
2026-09-29 00:15:00,R1,5.463,10.986,0.4973,5.463,0,0,0.0,0.4973,3,11.305,0,NORMAL
2026-09-29 00:15:00,R2,2.447,7.897,0.3098,2.447,0,0,0.0,0.3098,2,10.484,0,NORMAL
2026-09-29 00:30:00,R1,5.153,10.84,0.4753,5.153,0,0,0.0,0.4753,3,11.457,0,NORMAL
2026-09-29 00:30:00,R2,2.539,7.992,0.3177,2.539,0,0,0.0,0.3177,2,10.361,0,NORMAL
2026-09-29 00:45:00,R1,5.469,11.082,0.4935,5.469,0,0,0.0,0.4935,3,11.208,0,NORMAL
2026-09-29 00:45:00,R2,2.677,8.145,0.3286,2.677,0,0,0.0,0.3286,2,10.166,0,NORMAL
2026-09-29 01:00:00,R1,5.613,10.522,0.5335,5.613,0,0,0.0,0.5335,3,11.803,0,NORMAL
2026-09-29 01:00:00,R2,2.29,8.221,0.2786,2.29,0,0,0.0,0.2786,2,10.072,0,NORMAL
2026-09-29 01:15:00,R1,5.114,10.915,0.4685,5.114,0,0,0.0,0.4685,3,11.379,0,NORMAL
2026-09-29 01:15:00,R2,2.751,8.6,0.3199,2.751,0,0,0.0,0.3199,2,9.628,0,NORMAL
2026-09-29 01:30:00,R1,5.458,9.965,0.5477,5.458,0,0,0.0,0.5477,3,12.463,0,NORMAL
2026-09-29 01:30:00,R2,2.633,7.529,0.3497,2.633,0,0,0.0,0.3497,2,10.998,0,NORMAL
2026-09-29 01:45:00,R1,5.31,10.759,0.4936,5.31,0,0,0.0,0.4936,3,11.544,0,NORMAL
2026-09-29 01:45:00,R2,2.477,8.069,0.3069,2.477,0,0,0.0,0.3069,2,10.261,0,NORMAL
2026-09-29 02:00:00,R1,5.785,11.353,0.5095,5.785,0,0,0.0,0.5095,3,10.94,0,NORMAL
2026-09-29 02:00:00,R2,2.915,8.461,0.3445,2.915,0,0,0.0,0.3445,2,9.786,0,NORMAL
2026-09-29 02:15:00,R1,4.335,11.068,0.3916,4.335,0,0,0.0,0.3916,3,11.221,0,NORMAL
2026-09-29 02:15:00,R2,2.329,8.396,0.2774,2.329,0,0,0.0,0.2774,2,9.862,0,NORMAL
2026-09-29 02:30:00,R1,5.526,10.596,0.5215,5.526,0,0,0.0,0.5215,3,11.722,0,NORMAL
2026-09-29 02:30:00,R2,2.416,8.8,0.2745,2.416,0,0,0.0,0.2745,2,9.409,0,NORMAL
2026-09-29 02:45:00,R1,5.141,10.893,0.4719,5.141,0,0,0.0,0.4719,3,11.402,0,NORMAL
2026-09-29 02:45:00,R2,2.938,8.329,0.3528,2.938,0,0,0.0,0.3528,2,9.941,0,NORMAL
2026-09-29 03:00:00,R1,5.306,10.394,0.5105,5.306,0,0,0.0,0.5105,3,11.95,0,NORMAL
2026-09-29 03:00:00,R2,2.362,8.036,0.294,2.362,0,0,0.0,0.294,2,10.304,0,NORMAL
2026-09-29 03:15:00,R1,5.182,11.189,0.4631,5.182,0,0,0.0,0.4631,3,11.101,0,NORMAL
2026-09-29 03:15:00,R2,2.783,8.015,0.3472,2.783,0,0,0.0,0.3472,2,10.33,0,NORMAL
2026-09-29 03:30:00,R1,5.017,10.416,0.4817,5.017,0,0,0.0,0.4817,3,11.924,0,NORMAL
2026-09-29 03:30:00,R2,2.339,7.858,0.2977,2.339,0,0,0.0,0.2977,2,10.538,0,NORMAL
2026-09-29 03:45:00,R1,5.366,7.383,0.7269,5.366,0,0,0.0,0.7269,2,11.215,0,NORMAL
2026-09-29 03:45:00,R2,2.172,7.737,0.2807,2.172,0,0,0.0,0.2807,2,10.702,0,NORMAL
2026-09-29 04:00:00,R1,5.478,10.403,0.5266,5.478,0,0,0.0,0.5266,3,11.939,0,NORMAL
2026-09-29 04:00:00,R2,2.479,8.536,0.2904,2.479,0,0,0.0,0.2904,2,9.7,0,NORMAL
2026-09-29 04:15:00,R1,5.016,10.73,0.4675,5.016,0,0,0.0,0.4675,3,11.575,0,NORMAL
2026-09-29 04:15:00,R2,2.569,7.712,0.3331,2.569,0,0,0.0,0.3331,2,10.736,0,NORMAL
2026-09-29 04:30:00,R1,5.122,10.737,0.4771,5.122,0,0,0.0,0.4771,3,11.568,0,NORMAL
2026-09-29 04:30:00,R2,2.266,8.094,0.2799,2.266,0,0,0.0,0.2799,2,10.23,0,NORMAL
2026-09-29 04:45:00,R1,5.623,10.849,0.5183,5.623,0,0,0.0,0.5183,3,11.448,0,NORMAL
2026-09-29 04:45:00,R2,2.606,7.926,0.3288,2.606,0,0,0.0,0.3288,2,10.447,0,NORMAL
2026-09-29 05:00:00,R1,5.535,11.094,0.4989,5.535,0,0,0.0,0.4989,3,11.195,0,NORMAL
2026-09-29 05:00:00,R2,2.4,8.963,0.2678,2.4,0,0,0.0,0.2678,2,9.238,0,NORMAL
2026-09-29 05:15:00,R1,5.396,12.102,0.4459,5.396,0,0,0.0,0.4459,3,10.263,0,NORMAL
2026-09-29 05:15:00,R2,2.35,8.09,0.2905,2.35,0,0,0.0,0.2905,2,10.235,0,NORMAL
2026-09-29 05:30:00,R1,5.345,10.883,0.4911,5.345,0,0,0.0,0.4911,3,11.412,0,NORMAL
2026-09-29 05:30:00,R2,2.391,8.093,0.2954,2.391,0,0,0.0,0.2954,2,10.231,0,NORMAL
2026-09-29 05:45:00,R1,5.479,7.088,0.773,5.479,0,0,0.0,0.773,2,11.681,0,WARNING
2026-09-29 05:45:00,R2,2.429,8.629,0.2815,2.429,0,0,0.0,0.2815,2,9.595,0,NORMAL
2026-09-29 06:00:00,R1,6.826,11.017,0.6195,6.826,0,0,0.0,0.6195,3,11.273,0,NORMAL
2026-09-29 06:00:00,R2,3.13,8.181,0.3826,3.13,0,0,0.0,0.3826,2,10.122,0,NORMAL
2026-09-29 06:15:00,R1,6.669,11.112,0.6002,6.669,0,0,0.0,0.6002,3,11.177,0,NORMAL
2026-09-29 06:15:00,R2,3.21,7.932,0.4047,3.21,0,0,0.0,0.4047,2,10.438,0,NORMAL
2026-09-29 06:30:00,R1,6.654,10.627,0.6261,6.654,0,0,0.0,0.6261,3,11.687,0,NORMAL
2026-09-29 06:30:00,R2,2.679,7.952,0.3369,2.679,0,0,0.0,0.3369,2,10.412,0,NORMAL
2026-09-29 06:45:00,R1,7.621,10.837,0.7032,7.621,0,0,0.0,0.7032,3,11.461,0,NORMAL
2026-09-29 06:45:00,R2,2.642,8.105,0.326,2.642,0,0,0.0,0.326,2,10.216,0,NORMAL
2026-09-29 07:00:00,R1,7.43,10.852,0.6846,7.43,0,0,0.0,0.6846,3,11.445,0,NORMAL
2026-09-29 07:00:00,R2,3.142,7.606,0.4132,3.142,0,0,0.0,0.4132,2,10.887,0,NORMAL
2026-09-29 07:15:00,R1,7.248,11.139,0.6506,7.248,0,0,0.0,0.6506,3,11.15,0,NORMAL
2026-09-29 07:15:00,R2,3.621,3.261,1.1104,3.261,0,0.36,0.0,1.1104,1,12.695,0,HIGH
2026-09-29 07:30:00,R1,6.662,10.275,0.6484,6.662,0,0,0.0,0.6484,3,12.088,0,NORMAL
2026-09-29 07:30:00,R2,3.161,7.709,0.41,3.521,0.36,0,0.701,0.4567,2,10.741,0,NORMAL
2026-09-29 07:45:00,R1,6.712,10.551,0.6362,6.712,0,0,0.0,0.6362,3,11.771,0,NORMAL
2026-09-29 07:45:00,R2,2.952,7.988,0.3695,2.952,0,0,0.0,0.3695,2,10.366,0,NORMAL
2026-09-29 08:00:00,R1,6.779,10.39,0.6524,6.779,0,0,0.0,0.6524,3,11.954,0,NORMAL
2026-09-29 08:00:00,R2,3.081,8.325,0.3701,3.081,0,0,0.0,0.3701,2,9.946,0,NORMAL
2026-09-29 08:15:00,R1,7.161,11.1,0.6451,7.161,0,0,0.0,0.6451,3,11.189,0,NORMAL
2026-09-29 08:15:00,R2,3.176,8.142,0.3901,3.176,0,0,0.0,0.3901,2,10.169,0,NORMAL
2026-09-29 08:30:00,R1,7.085,10.867,0.652,7.085,0,0,0.0,0.652,3,11.429,0,NORMAL
2026-09-29 08:30:00,R2,3.307,7.931,0.417,3.307,0,0,0.0,0.417,2,10.44,0,NORMAL
2026-09-29 08:45:00,R1,6.982,10.756,0.6491,6.982,0,0,0.0,0.6491,3,11.547,0,NORMAL
2026-09-29 08:45:00,R2,3.045,8.443,0.3606,3.045,0,0,0.0,0.3606,2,9.807,0,NORMAL
2026-09-29 09:00:00,R1,7.086,10.81,0.6555,7.086,0,0,0.0,0.6555,3,11.489,0,NORMAL
2026-09-29 09:00:00,R2,2.916,8.455,0.3449,2.916,0,0,0.0,0.3449,2,9.793,0,NORMAL
2026-09-29 09:15:00,R1,6.907,10.281,0.6718,6.907,0,0,0.0,0.6718,3,12.08,0,NORMAL
2026-09-29 09:15:00,R2,2.785,7.963,0.3498,2.785,0,0,0.0,0.3498,2,10.398,0,NORMAL
2026-09-29 09:30:00,R1,6.281,10.947,0.5737,6.281,0,0,0.0,0.5737,3,11.345,0,NORMAL
2026-09-29 09:30:00,R2,2.584,7.952,0.3249,2.584,0,0,0.0,0.3249,2,10.412,0,NORMAL
2026-09-29 09:45:00,R1,6.702,6.403,1.0467,6.403,0,0.299,0.0,1.0467,2,12.932,0,HIGH
2026-09-29 09:45:00,R2,2.769,8.248,0.3357,2.769,0,0,0.0,0.3357,2,10.039,0,NORMAL
2026-09-29 10:00:00,R1,7.765,10.874,0.7141,8.064,0.299,0,0.412,0.7416,3,11.422,0,NORMAL
2026-09-29 10:00:00,R2,2.629,8.508,0.309,2.629,0,0,0.0,0.309,2,9.732,0,NORMAL
2026-09-29 10:15:00,R1,6.981,10.129,0.6892,6.981,0,0,0.0,0.6892,3,12.262,0,NORMAL
2026-09-29 10:15:00,R2,3.055,7.393,0.4132,3.055,0,0,0.0,0.4132,2,11.199,0,NORMAL
2026-09-29 10:30:00,R1,7.254,10.782,0.6728,7.254,0,0,0.0,0.6728,3,11.519,0,NORMAL
2026-09-29 10:30:00,R2,3.095,8.591,0.3603,3.095,0,0,0.0,0.3603,2,9.638,0,NORMAL
2026-09-29 10:45:00,R1,7.189,10.873,0.6612,7.189,0,0,0.0,0.6612,3,11.423,0,NORMAL
2026-09-29 10:45:00,R2,2.834,8.295,0.3417,2.834,0,0,0.0,0.3417,2,9.982,0,NORMAL
2026-09-29 11:00:00,R1,6.869,10.818,0.635,6.869,0,0,0.0,0.635,3,11.481,0,NORMAL
2026-09-29 11:00:00,R2,2.679,7.893,0.3395,2.679,0,0,0.0,0.3395,2,10.491,0,NORMAL
2026-09-29 11:15:00,R1,7.165,10.456,0.6853,7.165,0,0,0.0,0.6853,3,11.878,0,NORMAL
2026-09-29 11:15:00,R2,2.678,7.715,0.3471,2.678,0,0,0.0,0.3471,2,10.732,0,NORMAL
2026-09-29 11:30:00,R1,6.125,10.744,0.57,6.125,0,0,0.0,0.57,3,11.56,0,NORMAL
2026-09-29 11:30:00,R2,2.61,7.995,0.3264,2.61,0,0,0.0,0.3264,2,10.356,0,NORMAL
2026-09-29 11:45:00,R1,5.295,10.7,0.4949,5.295,0,0,0.0,0.4949,3,11.607,0,NORMAL
2026-09-29 11:45:00,R2,2.718,8.207,0.3312,2.718,0,0,0.0,0.3312,2,10.088,0,NORMAL
2026-09-29 12:00:00,R1,7.163,11.013,0.6504,7.163,0,0,0.0,0.6504,3,11.278,0,NORMAL
2026-09-29 12:00:00,R2,3.047,7.812,0.3901,3.047,0,0,0.0,0.3901,2,10.599,0,NORMAL
2026-09-29 12:15:00,R1,6.844,10.729,0.6379,6.844,0,0,0.0,0.6379,3,11.576,0,NORMAL
2026-09-29 12:15:00,R2,2.851,8.187,0.3482,2.851,0,0,0.0,0.3482,2,10.114,0,NORMAL
2026-09-29 12:30:00,R1,6.984,10.751,0.6497,6.984,0,0,0.0,0.6497,3,11.552,0,NORMAL
2026-09-29 12:30:00,R2,2.58,8.521,0.3028,2.58,0,0,0.0,0.3028,2,9.717,0,NORMAL
2026-09-29 12:45:00,R1,7.448,10.825,0.688,7.448,0,0,0.0,0.688,3,11.473,0,NORMAL
2026-09-29 12:45:00,R2,3.087,8.666,0.3563,3.087,0,0,0.0,0.3563,2,9.555,0,NORMAL
2026-09-29 13:00:00,R1,7.276,10.659,0.6826,7.276,0,0,0.0,0.6826,3,11.652,0,NORMAL
2026-09-29 13:00:00,R2,2.766,8.045,0.3438,2.766,0,0,0.0,0.3438,2,10.292,0,NORMAL
2026-09-29 13:15:00,R1,6.908,10.966,0.63,6.908,0,0,0.0,0.63,3,11.326,0,NORMAL
2026-09-29 13:15:00,R2,3.024,7.967,0.3795,3.024,0,0,0.0,0.3795,2,10.393,0,NORMAL
2026-09-29 13:30:00,R1,6.75,11.392,0.5925,6.75,0,0,0.0,0.5925,3,10.902,0,NORMAL
2026-09-29 13:30:00,R2,2.649,8.517,0.311,2.649,0,0,0.0,0.311,2,9.721,0,NORMAL
2026-09-29 13:45:00,R1,7.358,10.186,0.7223,7.358,0,0,0.0,0.7223,3,12.193,0,NORMAL
2026-09-29 13:45:00,R2,3.036,8.155,0.3723,3.036,0,0,0.0,0.3723,2,10.154,0,NORMAL
2026-09-29 14:00:00,R1,7.476,11.237,0.6653,7.476,0,0,0.0,0.6653,3,11.052,0,NORMAL
2026-09-29 14:00:00,R2,2.435,7.896,0.3084,2.435,0,0,0.0,0.3084,2,10.486,0,NORMAL
2026-09-29 14:15:00,R1,7.708,10.984,0.7017,7.708,0,0,0.0,0.7017,3,11.307,0,NORMAL
2026-09-29 14:15:00,R2,2.913,8.079,0.3606,2.913,0,0,0.0,0.3606,2,10.249,0,NORMAL
2026-09-29 14:30:00,R1,8.292,11.218,0.7392,8.292,0,0,0.0,0.7392,3,11.072,0,NORMAL
2026-09-29 14:30:00,R2,2.723,7.803,0.3489,2.723,0,0,0.0,0.3489,2,10.612,0,NORMAL
2026-09-29 14:45:00,R1,7.896,11.081,0.7126,7.896,0,0,0.0,0.7126,3,11.208,0,NORMAL
2026-09-29 14:45:00,R2,2.507,7.844,0.3197,2.507,0,0,0.0,0.3197,2,10.556,0,NORMAL
2026-09-29 15:00:00,R1,7.648,6.905,1.1076,6.905,0,0.743,0.0,1.1076,2,11.991,0,HIGH
2026-09-29 15:00:00,R2,2.994,7.638,0.392,2.994,0,0,0.0,0.392,2,10.841,0,NORMAL
2026-09-29 15:15:00,R1,7.637,10.038,0.7609,8.38,0.743,0,1.111,0.8349,3,12.373,0,WARNING
2026-09-29 15:15:00,R2,2.837,8.353,0.3396,2.837,0,0,0.0,0.3396,2,9.913,0,NORMAL
2026-09-29 15:30:00,R1,7.494,10.098,0.7421,7.494,0,0,0.0,0.7421,3,12.299,0,NORMAL
2026-09-29 15:30:00,R2,2.842,7.951,0.3575,2.842,0,0,0.0,0.3575,2,10.414,0,NORMAL
2026-09-29 15:45:00,R1,7.525,10.901,0.6903,7.525,0,0,0.0,0.6903,3,11.394,0,NORMAL
2026-09-29 15:45:00,R2,2.901,3.554,0.8163,2.901,0,0,0.0,0.8163,1,11.65,0,WARNING
2026-09-29 16:00:00,R1,7.539,10.538,0.7154,7.539,0,0,0.0,0.7154,3,11.786,0,NORMAL
2026-09-29 16:00:00,R2,3.165,8.579,0.3689,3.165,0,0,0.0,0.3689,2,9.651,0,NORMAL
2026-09-29 16:15:00,R1,7.201,10.813,0.6659,7.201,0,0,0.0,0.6659,3,11.486,0,NORMAL
2026-09-29 16:15:00,R2,3.159,8.375,0.3771,3.159,0,0,0.0,0.3771,2,9.886,0,NORMAL
2026-09-29 16:30:00,R1,7.568,11.025,0.6865,7.568,0,0,0.0,0.6865,3,11.266,0,NORMAL
2026-09-29 16:30:00,R2,2.671,7.89,0.3385,2.671,0,0,0.0,0.3385,2,10.495,0,NORMAL
2026-09-29 16:45:00,R1,7.079,10.087,0.7018,7.079,0,0,0.0,0.7018,3,12.313,0,NORMAL
2026-09-29 16:45:00,R2,2.374,7.837,0.303,2.374,0,0,0.0,0.303,2,10.565,0,NORMAL
2026-09-29 17:00:00,R1,7.547,9.956,0.758,7.547,0,0,0.0,0.758,3,12.475,0,WARNING
2026-09-29 17:00:00,R2,3.023,8.167,0.3702,3.023,0,0,0.0,0.3702,2,10.138,0,NORMAL
2026-09-29 17:15:00,R1,7.437,11.03,0.6743,7.437,0,0,0.0,0.6743,3,11.26,0,NORMAL
2026-09-29 17:15:00,R2,3.045,8.497,0.3584,3.045,0,0,0.0,0.3584,2,9.744,0,NORMAL
2026-09-29 17:30:00,R1,7.15,10.648,0.6715,7.15,0,0,0.0,0.6715,3,11.664,0,NORMAL
2026-09-29 17:30:00,R2,2.889,3.835,0.7532,2.889,0,0,0.0,0.7532,1,10.794,0,WARNING
2026-09-29 17:45:00,R1,7.247,10.436,0.6945,7.247,0,0,0.0,0.6945,3,11.902,0,NORMAL
2026-09-29 17:45:00,R2,2.95,8.675,0.34,2.95,0,0,0.0,0.34,2,9.544,0,NORMAL
2026-09-29 18:00:00,R1,11.031,2.487,4.4359,2.487,0,8.544,0.0,1.25,1,16.648,0,CRITICAL
2026-09-29 18:00:00,R2,2.9,8.462,0.3428,2.9,0,0,0.0,0.3428,2,9.785,0,NORMAL
2026-09-29 18:15:00,R1,10.816,5.015,2.1566,5.015,8.544,14.345,25.554,1.25,2,16.509,0,CRITICAL
2026-09-29 18:15:00,R2,2.798,7.833,0.3573,2.798,0,0,0.0,0.3573,2,10.571,0,NORMAL
2026-09-29 18:30:00,R1,10.149,5.142,1.9737,5.142,14.345,19.352,41.846,1.25,2,16.102,0,CRITICAL
2026-09-29 18:30:00,R2,2.682,8.031,0.3339,2.682,0,0,0.0,0.3339,2,10.311,0,NORMAL
2026-09-29 18:45:00,R1,10.778,5.192,2.076,5.192,19.352,24.0,55.915,1.25,2,15.949,0.939,CRITICAL
2026-09-29 18:45:00,R2,2.74,8.439,0.3247,2.74,0,0,0.0,0.3247,2,9.812,0,NORMAL
2026-09-29 19:00:00,R1,9.314,4.931,1.8887,4.931,24.0,24.0,73.001,1.25,2,16.79,4.382,CRITICAL
2026-09-29 19:00:00,R2,3.009,7.866,0.3825,3.009,0,0,0.0,0.3825,2,10.527,0,NORMAL
2026-09-29 19:15:00,R1,6.353,9.225,0.6886,9.225,24.0,21.128,39.024,1.25,3,13.463,0,HIGH
2026-09-29 19:15:00,R2,3.172,7.875,0.4028,3.172,0,0,0.0,0.4028,2,10.514,0,NORMAL
2026-09-29 19:30:00,R1,6.647,9.023,0.7367,9.023,21.128,18.752,35.122,1.25,3,13.765,0,HIGH
2026-09-29 19:30:00,R2,2.636,8.032,0.3282,2.636,0,0,0.0,0.3282,2,10.308,0,NORMAL
2026-09-29 19:45:00,R1,6.714,8.861,0.7577,8.861,18.752,16.605,31.745,1.25,3,14.017,0,HIGH
2026-09-29 19:45:00,R2,2.843,7.887,0.3604,2.843,0,0,0.0,0.3604,2,10.498,0,NORMAL
2026-09-29 20:00:00,R1,6.97,9.256,0.753,9.256,16.605,14.319,26.911,1.25,3,13.419,0,HIGH
2026-09-29 20:00:00,R2,2.745,8.473,0.324,2.745,0,0,0.0,0.324,2,9.772,0,NORMAL
2026-09-29 20:15:00,R1,7.464,9.246,0.8072,9.246,14.319,12.537,23.23,1.25,3,13.432,0,HIGH
2026-09-29 20:15:00,R2,2.973,8.084,0.3678,2.973,0,0,0.0,0.3678,2,10.243,0,NORMAL
2026-09-29 20:30:00,R1,7.04,8.865,0.7942,8.865,12.537,10.712,21.213,1.25,3,14.01,0,HIGH
2026-09-29 20:30:00,R2,3.06,7.908,0.3869,3.06,0,0,0.0,0.3869,2,10.47,0,NORMAL
2026-09-29 20:45:00,R1,7.22,9.173,0.7872,9.173,10.712,8.76,17.518,1.25,3,13.54,0,HIGH
2026-09-29 20:45:00,R2,3.208,8.421,0.381,3.208,0,0,0.0,0.381,2,9.832,0,NORMAL
2026-09-29 21:00:00,R1,6.177,9.19,0.6721,9.19,8.76,5.747,14.298,1.25,3,13.515,0,HIGH
2026-09-29 21:00:00,R2,3.203,4.079,0.7853,3.203,0,0,0.0,0.7853,1,10.15,0,WARNING
2026-09-29 21:15:00,R1,7.382,8.817,0.8373,8.817,5.747,4.312,9.776,1.25,3,14.086,0,HIGH
2026-09-29 21:15:00,R2,2.88,7.814,0.3685,2.88,0,0,0.0,0.3685,2,10.596,0,NORMAL
2026-09-29 21:30:00,R1,6.925,6.187,1.1191,6.187,4.312,5.049,10.453,1.25,2,13.382,0,HIGH
2026-09-29 21:30:00,R2,3.066,8.495,0.3609,3.066,0,0,0.0,0.3609,2,9.747,0,NORMAL
2026-09-29 21:45:00,R1,6.82,9.284,0.7346,9.284,5.049,2.585,8.157,1.25,3,13.377,0,HIGH
2026-09-29 21:45:00,R2,3.146,8.366,0.376,3.146,0,0,0.0,0.376,2,9.897,0,NORMAL
2026-09-29 22:00:00,R1,5.695,10.166,0.5602,8.279,2.585,0,3.814,0.8144,3,12.217,0,WARNING
2026-09-29 22:00:00,R2,2.479,7.922,0.3129,2.479,0,0,0.0,0.3129,2,10.453,0,NORMAL
2026-09-29 22:15:00,R1,4.936,10.889,0.4533,4.936,0,0,0.0,0.4533,3,11.406,0,NORMAL
2026-09-29 22:15:00,R2,2.26,7.748,0.2917,2.26,0,0,0.0,0.2917,2,10.687,0,NORMAL
2026-09-29 22:30:00,R1,5.644,10.443,0.5405,5.644,0,0,0.0,0.5405,3,11.894,0,NORMAL
2026-09-29 22:30:00,R2,2.067,8.005,0.2582,2.067,0,0,0.0,0.2582,2,10.344,0,NORMAL
2026-09-29 22:45:00,R1,5.638,10.234,0.5509,5.638,0,0,0.0,0.5509,3,12.136,0,NORMAL
2026-09-29 22:45:00,R2,2.612,7.868,0.332,2.612,0,0,0.0,0.332,2,10.524,0,NORMAL
2026-09-29 23:00:00,R1,5.65,10.743,0.5259,5.65,0,0,0.0,0.5259,3,11.561,0,NORMAL
2026-09-29 23:00:00,R2,2.146,8.262,0.2597,2.146,0,0,0.0,0.2597,2,10.022,0,NORMAL
2026-09-29 23:15:00,R1,5.371,10.54,0.5096,5.371,0,0,0.0,0.5096,3,11.784,0,NORMAL
2026-09-29 23:15:00,R2,2.654,8.173,0.3248,2.654,0,0,0.0,0.3248,2,10.131,0,NORMAL
2026-09-29 23:30:00,R1,5.576,6.917,0.8062,5.576,0,0,0.0,0.8062,2,11.971,0,WARNING
2026-09-29 23:30:00,R2,2.398,7.786,0.308,2.398,0,0,0.0,0.308,2,10.635,0,NORMAL
2026-09-29 23:45:00,R1,5.952,11.059,0.5381,5.952,0,0,0.0,0.5381,3,11.23,0,NORMAL
2026-09-29 23:45:00,R2,2.625,7.978,0.329,2.625,0,0,0.0,0.329,2,10.379,0,NORMAL
2026-09-30 00:00:00,R1,5.249,10.991,0.4775,5.249,0,0,0.0,0.4775,3,11.3,0,NORMAL
2026-09-30 00:00:00,R2,2.544,8.286,0.307,2.544,0,0,0.0,0.307,2,9.993,0,NORMAL
2026-09-30 00:15:00,R1,5.107,11.31,0.4515,5.107,0,0,0.0,0.4515,3,10.981,0,NORMAL
2026-09-30 00:15:00,R2,2.665,8.539,0.3121,2.665,0,0,0.0,0.3121,2,9.696,0,NORMAL
2026-09-30 00:30:00,R1,5.509,10.79,0.5105,5.509,0,0,0.0,0.5105,3,11.51,0,NORMAL
2026-09-30 00:30:00,R2,2.41,8.055,0.2992,2.41,0,0,0.0,0.2992,2,10.279,0,NORMAL
2026-09-30 00:45:00,R1,5.312,10.455,0.5081,5.312,0,0,0.0,0.5081,3,11.879,0,NORMAL
2026-09-30 00:45:00,R2,2.927,7.554,0.3875,2.927,0,0,0.0,0.3875,2,10.961,0,NORMAL
2026-09-30 01:00:00,R1,5.504,10.942,0.503,5.504,0,0,0.0,0.503,3,11.351,0,NORMAL
2026-09-30 01:00:00,R2,2.659,8.049,0.3303,2.659,0,0,0.0,0.3303,2,10.288,0,NORMAL
2026-09-30 01:15:00,R1,5.434,11.113,0.489,5.434,0,0,0.0,0.489,3,11.176,0,NORMAL
2026-09-30 01:15:00,R2,2.373,8.468,0.2803,2.373,0,0,0.0,0.2803,2,9.778,0,NORMAL
2026-09-30 01:30:00,R1,5.805,10.634,0.5459,5.805,0,0,0.0,0.5459,3,11.679,0,NORMAL
2026-09-30 01:30:00,R2,2.509,8.022,0.3127,2.509,0,0,0.0,0.3127,2,10.321,0,NORMAL
2026-09-30 01:45:00,R1,5.721,10.618,0.5388,5.721,0,0,0.0,0.5388,3,11.697,0,NORMAL
2026-09-30 01:45:00,R2,2.975,7.761,0.3833,2.975,0,0,0.0,0.3833,2,10.669,0,NORMAL
2026-09-30 02:00:00,R1,5.617,10.801,0.5201,5.617,0,0,0.0,0.5201,3,11.499,0,NORMAL
2026-09-30 02:00:00,R2,2.891,7.717,0.3746,2.891,0,0,0.0,0.3746,2,10.729,0,NORMAL
2026-09-30 02:15:00,R1,5.706,10.447,0.5462,5.706,0,0,0.0,0.5462,3,11.889,0,NORMAL
2026-09-30 02:15:00,R2,2.657,8.419,0.3155,2.657,0,0,0.0,0.3155,2,9.835,0,NORMAL
2026-09-30 02:30:00,R1,5.806,9.979,0.5818,5.806,0,0,0.0,0.5818,3,12.446,0,NORMAL
2026-09-30 02:30:00,R2,2.647,7.861,0.3367,2.647,0,0,0.0,0.3367,2,10.533,0,NORMAL
2026-09-30 02:45:00,R1,5.399,10.804,0.4998,5.399,0,0,0.0,0.4998,3,11.496,0,NORMAL
2026-09-30 02:45:00,R2,2.526,8.401,0.3007,2.526,0,0,0.0,0.3007,2,9.857,0,NORMAL
2026-09-30 03:00:00,R1,4.709,10.457,0.4503,4.709,0,0,0.0,0.4503,3,11.877,0,NORMAL
2026-09-30 03:00:00,R2,2.793,7.863,0.3552,2.793,0,0,0.0,0.3552,2,10.53,0,NORMAL
2026-09-30 03:15:00,R1,5.913,10.809,0.547,5.913,0,0,0.0,0.547,3,11.49,0,NORMAL
2026-09-30 03:15:00,R2,3.137,7.814,0.4015,3.137,0,0,0.0,0.4015,2,10.596,0,NORMAL
2026-09-30 03:30:00,R1,5.193,10.397,0.4994,5.193,0,0,0.0,0.4994,3,11.945,0,NORMAL
2026-09-30 03:30:00,R2,3.078,8.101,0.3799,3.078,0,0,0.0,0.3799,2,10.221,0,NORMAL
2026-09-30 03:45:00,R1,5.517,11.081,0.4979,5.517,0,0,0.0,0.4979,3,11.208,0,NORMAL
2026-09-30 03:45:00,R2,2.363,8.418,0.2807,2.363,0,0,0.0,0.2807,2,9.836,0,NORMAL
2026-09-30 04:00:00,R1,5.479,10.555,0.5191,5.479,0,0,0.0,0.5191,3,11.767,0,NORMAL
2026-09-30 04:00:00,R2,2.616,7.431,0.3521,2.616,0,0,0.0,0.3521,2,11.142,0,NORMAL
2026-09-30 04:15:00,R1,5.554,6.762,0.8213,5.554,0,0,0.0,0.8213,2,12.244,0,WARNING
2026-09-30 04:15:00,R2,2.809,7.974,0.3523,2.809,0,0,0.0,0.3523,2,10.384,0,NORMAL
2026-09-30 04:30:00,R1,5.525,10.694,0.5166,5.525,0,0,0.0,0.5166,3,11.614,0,NORMAL
2026-09-30 04:30:00,R2,2.474,8.036,0.3078,2.474,0,0,0.0,0.3078,2,10.303,0,NORMAL
2026-09-30 04:45:00,R1,5.38,10.315,0.5216,5.38,0,0,0.0,0.5216,3,12.04,0,NORMAL
2026-09-30 04:45:00,R2,2.686,8.455,0.3177,2.686,0,0,0.0,0.3177,2,9.793,0,NORMAL
2026-09-30 05:00:00,R1,5.243,7.323,0.7159,5.243,0,0,0.0,0.7159,2,11.307,0,NORMAL
2026-09-30 05:00:00,R2,2.596,8.221,0.3158,2.596,0,0,0.0,0.3158,2,10.072,0,NORMAL
2026-09-30 05:15:00,R1,5.009,10.508,0.4767,5.009,0,0,0.0,0.4767,3,11.82,0,NORMAL
2026-09-30 05:15:00,R2,2.313,8.166,0.2832,2.313,0,0,0.0,0.2832,2,10.14,0,NORMAL
2026-09-30 05:30:00,R1,5.561,10.805,0.5147,5.561,0,0,0.0,0.5147,3,11.494,0,NORMAL
2026-09-30 05:30:00,R2,2.408,7.508,0.3208,2.408,0,0,0.0,0.3208,2,11.028,0,NORMAL
2026-09-30 05:45:00,R1,5.595,11.172,0.5008,5.595,0,0,0.0,0.5008,3,11.117,0,NORMAL
2026-09-30 05:45:00,R2,2.607,7.562,0.3448,2.607,0,0,0.0,0.3448,2,10.949,0,NORMAL
2026-09-30 06:00:00,R1,6.714,10.593,0.6338,6.714,0,0,0.0,0.6338,3,11.725,0,NORMAL
2026-09-30 06:00:00,R2,3.63,7.89,0.4601,3.63,0,0,0.0,0.4601,2,10.494,0,NORMAL
2026-09-30 06:15:00,R1,6.629,10.858,0.6105,6.629,0,0,0.0,0.6105,3,11.439,0,NORMAL
2026-09-30 06:15:00,R2,2.914,7.601,0.3833,2.914,0,0,0.0,0.3833,2,10.893,0,NORMAL
2026-09-30 06:30:00,R1,6.762,11.054,0.6117,6.762,0,0,0.0,0.6117,3,11.236,0,NORMAL
2026-09-30 06:30:00,R2,3.485,8.573,0.4065,3.485,0,0,0.0,0.4065,2,9.658,0,NORMAL
2026-09-30 06:45:00,R1,6.781,10.764,0.63,6.781,0,0,0.0,0.63,3,11.538,0,NORMAL
2026-09-30 06:45:00,R2,3.284,8.039,0.4084,3.284,0,0,0.0,0.4084,2,10.299,0,NORMAL
2026-09-30 07:00:00,R1,7.4,11.226,0.6592,7.4,0,0,0.0,0.6592,3,11.064,0,NORMAL
2026-09-30 07:00:00,R2,3.124,8.11,0.3852,3.124,0,0,0.0,0.3852,2,10.209,0,NORMAL
2026-09-30 07:15:00,R1,6.874,11.191,0.6142,6.874,0,0,0.0,0.6142,3,11.099,0,NORMAL
2026-09-30 07:15:00,R2,3.462,8.089,0.428,3.462,0,0,0.0,0.428,2,10.237,0,NORMAL
2026-09-30 07:30:00,R1,6.602,11.267,0.5859,6.602,0,0,0.0,0.5859,3,11.023,0,NORMAL
2026-09-30 07:30:00,R2,2.62,0.0,262.0236,0.0,0,2.62,0.0,1.25,0,12.413,0,HIGH
2026-09-30 07:45:00,R1,7.258,10.649,0.6816,7.258,0,0,0.0,0.6816,3,11.663,0,NORMAL
2026-09-30 07:45:00,R2,2.876,7.973,0.3607,5.496,2.62,0,4.93,0.6893,2,10.385,0,NORMAL
2026-09-30 08:00:00,R1,6.647,11.476,0.5792,6.647,0,0,0.0,0.5792,3,10.822,0,NORMAL
2026-09-30 08:00:00,R2,3.506,7.715,0.4544,3.506,0,0,0.0,0.4544,2,10.732,0,NORMAL
2026-09-30 08:15:00,R1,6.526,11.102,0.5878,6.526,0,0,0.0,0.5878,3,11.187,0,NORMAL
2026-09-30 08:15:00,R2,2.857,8.803,0.3246,2.857,0,0,0.0,0.3246,2,9.406,0,NORMAL
2026-09-30 08:30:00,R1,7.055,10.981,0.6425,7.055,0,0,0.0,0.6425,3,11.31,0,NORMAL
2026-09-30 08:30:00,R2,3.126,8.104,0.3857,3.126,0,0,0.0,0.3857,2,10.217,0,NORMAL
2026-09-30 08:45:00,R1,7.334,10.159,0.722,7.334,0,0,0.0,0.722,3,12.226,0,NORMAL
2026-09-30 08:45:00,R2,3.208,8.02,0.4,3.208,0,0,0.0,0.4,2,10.325,0,NORMAL
2026-09-30 09:00:00,R1,7.227,11.248,0.6425,7.227,0,0,0.0,0.6425,3,11.042,0,NORMAL
2026-09-30 09:00:00,R2,3.064,8.603,0.3562,3.064,0,0,0.0,0.3562,2,9.625,0,NORMAL
2026-09-30 09:15:00,R1,7.035,11.448,0.6145,7.035,0,0,0.0,0.6145,3,10.849,0,NORMAL
2026-09-30 09:15:00,R2,2.672,8.377,0.3189,2.672,0,0,0.0,0.3189,2,9.884,0,NORMAL
2026-09-30 09:30:00,R1,6.956,10.646,0.6534,6.956,0,0,0.0,0.6534,3,11.667,0,NORMAL
2026-09-30 09:30:00,R2,3.067,8.652,0.3545,3.067,0,0,0.0,0.3545,2,9.57,0,NORMAL
2026-09-30 09:45:00,R1,7.025,11.136,0.6308,7.025,0,0,0.0,0.6308,3,11.154,0,NORMAL
2026-09-30 09:45:00,R2,3.13,7.625,0.4105,3.13,0,0,0.0,0.4105,2,10.859,0,NORMAL
2026-09-30 10:00:00,R1,7.421,10.47,0.7088,7.421,0,0,0.0,0.7088,3,11.862,0,NORMAL
2026-09-30 10:00:00,R2,2.643,8.197,0.3224,2.643,0,0,0.0,0.3224,2,10.101,0,NORMAL
2026-09-30 10:15:00,R1,7.223,6.38,1.132,6.38,0,0.842,0.0,1.132,2,12.977,0,HIGH
2026-09-30 10:15:00,R2,2.72,7.814,0.3482,2.72,0,0,0.0,0.3482,2,10.597,0,NORMAL
2026-09-30 10:30:00,R1,7.056,10.863,0.6495,7.898,0.842,0,1.163,0.727,3,11.433,0,NORMAL
2026-09-30 10:30:00,R2,3.08,8.005,0.3848,3.08,0,0,0.0,0.3848,2,10.344,0,NORMAL
2026-09-30 10:45:00,R1,7.33,10.363,0.7074,7.33,0,0,0.0,0.7074,3,11.985,0,NORMAL
2026-09-30 10:45:00,R2,2.885,7.993,0.361,2.885,0,0,0.0,0.361,2,10.359,0,NORMAL
2026-09-30 11:00:00,R1,7.26,11.006,0.6596,7.26,0,0,0.0,0.6596,3,11.284,0,NORMAL
2026-09-30 11:00:00,R2,2.821,8.136,0.3467,2.821,0,0,0.0,0.3467,2,10.177,0,NORMAL
2026-09-30 11:15:00,R1,7.021,10.545,0.6658,7.021,0,0,0.0,0.6658,3,11.778,0,NORMAL
2026-09-30 11:15:00,R2,2.612,8.12,0.3216,2.612,0,0,0.0,0.3216,2,10.197,0,NORMAL
2026-09-30 11:30:00,R1,6.8,10.177,0.6682,6.8,0,0,0.0,0.6682,3,12.204,0,NORMAL
2026-09-30 11:30:00,R2,3.027,8.613,0.3514,3.027,0,0,0.0,0.3514,2,9.613,0,NORMAL
2026-09-30 11:45:00,R1,5.972,10.759,0.555,5.972,0,0,0.0,0.555,3,11.544,0,NORMAL
2026-09-30 11:45:00,R2,3.196,8.067,0.3962,3.196,0,0,0.0,0.3962,2,10.264,0,NORMAL
2026-09-30 12:00:00,R1,7.542,10.435,0.7228,7.542,0,0,0.0,0.7228,3,11.903,0,NORMAL
2026-09-30 12:00:00,R2,2.761,8.121,0.34,2.761,0,0,0.0,0.34,2,10.196,0,NORMAL
2026-09-30 12:15:00,R1,6.701,10.465,0.6403,6.701,0,0,0.0,0.6403,3,11.868,0,NORMAL
2026-09-30 12:15:00,R2,3.222,7.981,0.4037,3.222,0,0,0.0,0.4037,2,10.375,0,NORMAL
2026-09-30 12:30:00,R1,6.949,10.407,0.6677,6.949,0,0,0.0,0.6677,3,11.935,0,NORMAL
2026-09-30 12:30:00,R2,2.845,8.206,0.3467,2.845,0,0,0.0,0.3467,2,10.09,0,NORMAL
2026-09-30 12:45:00,R1,7.789,10.56,0.7376,7.789,0,0,0.0,0.7376,3,11.762,0,NORMAL
2026-09-30 12:45:00,R2,3.071,7.788,0.3943,3.071,0,0,0.0,0.3943,2,10.632,0,NORMAL
2026-09-30 13:00:00,R1,7.107,10.479,0.6783,7.107,0,0,0.0,0.6783,3,11.853,0,NORMAL
2026-09-30 13:00:00,R2,2.46,7.996,0.3076,2.46,0,0,0.0,0.3076,2,10.356,0,NORMAL
2026-09-30 13:15:00,R1,6.597,10.559,0.6248,6.597,0,0,0.0,0.6248,3,11.763,0,NORMAL
2026-09-30 13:15:00,R2,2.656,8.41,0.3159,2.656,0,0,0.0,0.3159,2,9.845,0,NORMAL
2026-09-30 13:30:00,R1,6.977,10.78,0.6472,6.977,0,0,0.0,0.6472,3,11.521,0,NORMAL
2026-09-30 13:30:00,R2,2.745,8.574,0.3202,2.745,0,0,0.0,0.3202,2,9.657,0,NORMAL
2026-09-30 13:45:00,R1,6.562,10.796,0.6078,6.562,0,0,0.0,0.6078,3,11.505,0,NORMAL
2026-09-30 13:45:00,R2,2.928,7.934,0.3691,2.928,0,0,0.0,0.3691,2,10.437,0,NORMAL
2026-09-30 14:00:00,R1,6.886,10.092,0.6823,6.886,0,0,0.0,0.6823,3,12.307,0,NORMAL
2026-09-30 14:00:00,R2,2.721,8.007,0.3398,2.721,0,0,0.0,0.3398,2,10.341,0,NORMAL
2026-09-30 14:15:00,R1,7.715,10.163,0.7591,7.715,0,0,0.0,0.7591,3,12.221,0,WARNING
2026-09-30 14:15:00,R2,2.97,8.377,0.3545,2.97,0,0,0.0,0.3545,2,9.884,0,NORMAL
2026-09-30 14:30:00,R1,7.695,10.213,0.7534,7.695,0,0,0.0,0.7534,3,12.161,0,WARNING
2026-09-30 14:30:00,R2,2.776,8.634,0.3215,2.776,0,0,0.0,0.3215,2,9.59,0,NORMAL
2026-09-30 14:45:00,R1,7.594,10.73,0.7077,7.594,0,0,0.0,0.7077,3,11.575,0,NORMAL
2026-09-30 14:45:00,R2,2.761,8.047,0.343,2.761,0,0,0.0,0.343,2,10.289,0,NORMAL
2026-09-30 15:00:00,R1,7.663,10.673,0.718,7.663,0,0,0.0,0.718,3,11.637,0,NORMAL
2026-09-30 15:00:00,R2,2.312,8.055,0.287,2.312,0,0,0.0,0.287,2,10.28,0,NORMAL
2026-09-30 15:15:00,R1,7.006,10.943,0.6402,7.006,0,0,0.0,0.6402,3,11.349,0,NORMAL
2026-09-30 15:15:00,R2,2.907,8.146,0.3569,2.907,0,0,0.0,0.3569,2,10.165,0,NORMAL
2026-09-30 15:30:00,R1,7.4,6.217,1.1903,6.217,0,1.183,0.0,1.1903,2,13.318,0,HIGH
2026-09-30 15:30:00,R2,2.685,8.187,0.328,2.685,0,0,0.0,0.328,2,10.114,0,NORMAL
2026-09-30 15:45:00,R1,8.013,9.94,0.8062,9.196,1.183,0,1.785,0.9252,3,12.495,0,HIGH
2026-09-30 15:45:00,R2,2.561,7.947,0.3223,2.561,0,0,0.0,0.3223,2,10.419,0,NORMAL
2026-09-30 16:00:00,R1,7.017,10.023,0.7001,7.017,0,0,0.0,0.7001,3,12.392,0,NORMAL
2026-09-30 16:00:00,R2,2.636,7.896,0.3338,2.636,0,0,0.0,0.3338,2,10.486,0,NORMAL
2026-09-30 16:15:00,R1,7.583,10.204,0.7431,7.583,0,0,0.0,0.7431,3,12.171,0,NORMAL
2026-09-30 16:15:00,R2,2.86,7.517,0.3804,2.86,0,0,0.0,0.3804,2,11.016,0,NORMAL
2026-09-30 16:30:00,R1,7.406,10.468,0.7074,7.406,0,0,0.0,0.7074,3,11.865,0,NORMAL
2026-09-30 16:30:00,R2,2.974,7.886,0.3771,2.974,0,0,0.0,0.3771,2,10.5,0,NORMAL
2026-09-30 16:45:00,R1,7.243,10.706,0.6766,7.243,0,0,0.0,0.6766,3,11.601,0,NORMAL
2026-09-30 16:45:00,R2,2.986,8.515,0.3507,2.986,0,0,0.0,0.3507,2,9.724,0,NORMAL
2026-09-30 17:00:00,R1,7.439,10.582,0.703,7.439,0,0,0.0,0.703,3,11.736,0,NORMAL
2026-09-30 17:00:00,R2,2.76,7.354,0.3753,2.76,0,0,0.0,0.3753,2,11.259,0,NORMAL
2026-09-30 17:15:00,R1,7.457,10.864,0.6864,7.457,0,0,0.0,0.6864,3,11.433,0,NORMAL
2026-09-30 17:15:00,R2,2.553,8.214,0.3108,2.553,0,0,0.0,0.3108,2,10.08,0,NORMAL
2026-09-30 17:30:00,R1,7.77,10.821,0.718,7.77,0,0,0.0,0.718,3,11.477,0,NORMAL
2026-09-30 17:30:00,R2,3.232,7.944,0.4069,3.232,0,0,0.0,0.4069,2,10.423,0,NORMAL
2026-09-30 17:45:00,R1,7.37,10.869,0.6781,7.37,0,0,0.0,0.6781,3,11.427,0,NORMAL
2026-09-30 17:45:00,R2,3.237,8.263,0.3918,3.237,0,0,0.0,0.3918,2,10.021,0,NORMAL
2026-09-30 18:00:00,R1,7.462,11.086,0.6731,7.462,0,0,0.0,0.6731,3,11.204,0,NORMAL
2026-09-30 18:00:00,R2,2.58,8.138,0.317,2.58,0,0,0.0,0.317,2,10.174,0,NORMAL
2026-09-30 18:15:00,R1,7.151,10.87,0.6578,7.151,0,0,0.0,0.6578,3,11.425,0,NORMAL
2026-09-30 18:15:00,R2,2.938,7.922,0.3709,2.938,0,0,0.0,0.3709,2,10.452,0,NORMAL
2026-09-30 18:30:00,R1,6.866,10.499,0.654,6.866,0,0,0.0,0.654,3,11.829,0,NORMAL
2026-09-30 18:30:00,R2,2.822,3.978,0.7095,2.822,0,0,0.0,0.7095,1,10.408,0,NORMAL
2026-09-30 18:45:00,R1,7.06,11.58,0.6097,7.06,0,0,0.0,0.6097,3,10.725,0,NORMAL
2026-09-30 18:45:00,R2,3.024,8.295,0.3645,3.024,0,0,0.0,0.3645,2,9.982,0,NORMAL
2026-09-30 19:00:00,R1,6.08,7.079,0.8589,6.08,0,0,0.0,0.8589,2,11.697,0,WARNING
2026-09-30 19:00:00,R2,2.814,7.829,0.3595,2.814,0,0,0.0,0.3595,2,10.576,0,NORMAL
2026-09-30 19:15:00,R1,6.202,10.658,0.5819,6.202,0,0,0.0,0.5819,3,11.653,0,NORMAL
2026-09-30 19:15:00,R2,3.095,4.117,0.7518,3.095,0,0,0.0,0.7518,1,10.056,0,WARNING
2026-09-30 19:30:00,R1,6.996,10.714,0.653,6.996,0,0,0.0,0.653,3,11.592,0,NORMAL
2026-09-30 19:30:00,R2,2.855,8.699,0.3282,2.855,0,0,0.0,0.3282,2,9.519,0,NORMAL
2026-09-30 19:45:00,R1,7.377,10.789,0.6838,7.377,0,0,0.0,0.6838,3,11.512,0,NORMAL
2026-09-30 19:45:00,R2,2.999,8.014,0.3742,2.999,0,0,0.0,0.3742,2,10.332,0,NORMAL
2026-09-30 20:00:00,R1,7.504,11.421,0.657,7.504,0,0,0.0,0.657,3,10.874,0,NORMAL
2026-09-30 20:00:00,R2,2.838,8.556,0.3318,2.838,0,0,0.0,0.3318,2,9.678,0,NORMAL
2026-09-30 20:15:00,R1,7.406,6.405,1.1563,6.405,0,1.001,0.0,1.1563,2,12.927,0,HIGH
2026-09-30 20:15:00,R2,3.018,8.156,0.37,3.018,0,0,0.0,0.37,2,10.152,0,NORMAL
2026-09-30 20:30:00,R1,6.893,11.098,0.6211,7.894,1.001,0,1.353,0.7113,3,11.191,0,NORMAL
2026-09-30 20:30:00,R2,3.092,8.043,0.3844,3.092,0,0,0.0,0.3844,2,10.294,0,NORMAL
2026-09-30 20:45:00,R1,7.113,10.88,0.6537,7.113,0,0,0.0,0.6537,3,11.415,0,NORMAL
2026-09-30 20:45:00,R2,3.14,7.681,0.4088,3.14,0,0,0.0,0.4088,2,10.779,0,NORMAL
2026-09-30 21:00:00,R1,6.684,10.929,0.6115,6.684,0,0,0.0,0.6115,3,11.364,0,NORMAL
2026-09-30 21:00:00,R2,2.906,7.952,0.3655,2.906,0,0,0.0,0.3655,2,10.413,0,NORMAL
2026-09-30 21:15:00,R1,7.685,10.58,0.7264,7.685,0,0,0.0,0.7264,3,11.739,0,NORMAL
2026-09-30 21:15:00,R2,2.773,7.903,0.3509,2.773,0,0,0.0,0.3509,2,10.477,0,NORMAL
2026-09-30 21:30:00,R1,7.013,10.834,0.6473,7.013,0,0,0.0,0.6473,3,11.463,0,NORMAL
2026-09-30 21:30:00,R2,3.084,8.292,0.3719,3.084,0,0,0.0,0.3719,2,9.985,0,NORMAL
2026-09-30 21:45:00,R1,6.782,10.306,0.658,6.782,0,0,0.0,0.658,3,12.051,0,NORMAL
2026-09-30 21:45:00,R2,3.25,8.177,0.3975,3.25,0,0,0.0,0.3975,2,10.126,0,NORMAL
2026-09-30 22:00:00,R1,5.687,10.471,0.5431,5.687,0,0,0.0,0.5431,3,11.861,0,NORMAL
2026-09-30 22:00:00,R2,2.085,8.036,0.2594,2.085,0,0,0.0,0.2594,2,10.304,0,NORMAL
2026-09-30 22:15:00,R1,5.166,10.776,0.4794,5.166,0,0,0.0,0.4794,3,11.526,0,NORMAL
2026-09-30 22:15:00,R2,2.437,8.113,0.3003,2.437,0,0,0.0,0.3003,2,10.206,0,NORMAL
2026-09-30 22:30:00,R1,5.5,11.165,0.4926,5.5,0,0,0.0,0.4926,3,11.124,0,NORMAL
2026-09-30 22:30:00,R2,2.699,8.266,0.3265,2.699,0,0,0.0,0.3265,2,10.017,0,NORMAL
2026-09-30 22:45:00,R1,5.337,10.712,0.4982,5.337,0,0,0.0,0.4982,3,11.595,0,NORMAL
2026-09-30 22:45:00,R2,2.421,7.93,0.3054,2.421,0,0,0.0,0.3054,2,10.441,0,NORMAL
2026-09-30 23:00:00,R1,4.728,11.161,0.4236,4.728,0,0,0.0,0.4236,3,11.128,0,NORMAL
2026-09-30 23:00:00,R2,2.554,8.359,0.3056,2.554,0,0,0.0,0.3056,2,9.906,0,NORMAL
2026-09-30 23:15:00,R1,5.36,11.077,0.4839,5.36,0,0,0.0,0.4839,3,11.213,0,NORMAL
2026-09-30 23:15:00,R2,2.299,8.227,0.2795,2.299,0,0,0.0,0.2795,2,10.064,0,NORMAL
2026-09-30 23:30:00,R1,5.252,10.332,0.5084,5.252,0,0,0.0,0.5084,3,12.021,0,NORMAL
2026-09-30 23:30:00,R2,2.475,7.764,0.3188,2.475,0,0,0.0,0.3188,2,10.664,0,NORMAL
2026-09-30 23:45:00,R1,6.025,11.406,0.5282,6.025,0,0,0.0,0.5282,3,10.889,0,NORMAL
2026-09-30 23:45:00,R2,2.673,7.895,0.3386,2.673,0,0,0.0,0.3386,2,10.487,0,NORMAL
2026-10-01 00:00:00,R1,5.273,10.146,0.5197,5.273,0,0,0.0,0.5197,3,12.241,0,NORMAL
2026-10-01 00:00:00,R2,3.213,8.704,0.3692,3.213,0,0,0.0,0.3692,2,9.513,0,NORMAL
2026-10-01 00:15:00,R1,5.411,11.471,0.4718,5.411,0,0,0.0,0.4718,3,10.827,0,NORMAL
2026-10-01 00:15:00,R2,2.656,8.209,0.3235,2.656,0,0,0.0,0.3235,2,10.087,0,NORMAL
2026-10-01 00:30:00,R1,5.21,10.524,0.495,5.21,0,0,0.0,0.495,3,11.802,0,NORMAL
2026-10-01 00:30:00,R2,2.581,7.71,0.3347,2.581,0,0,0.0,0.3347,2,10.739,0,NORMAL
2026-10-01 00:45:00,R1,5.31,10.348,0.5131,5.31,0,0,0.0,0.5131,3,12.002,0,NORMAL
2026-10-01 00:45:00,R2,2.581,8.35,0.3091,2.581,0,0,0.0,0.3091,2,9.916,0,NORMAL
2026-10-01 01:00:00,R1,5.26,10.315,0.51,5.26,0,0,0.0,0.51,3,12.041,0,NORMAL
2026-10-01 01:00:00,R2,2.57,8.69,0.2957,2.57,0,0,0.0,0.2957,2,9.528,0,NORMAL
2026-10-01 01:15:00,R1,5.128,10.733,0.4777,5.128,0,0,0.0,0.4777,3,11.572,0,NORMAL
2026-10-01 01:15:00,R2,2.983,8.546,0.3491,2.983,0,0,0.0,0.3491,2,9.689,0,NORMAL
2026-10-01 01:30:00,R1,5.716,10.918,0.5236,5.716,0,0,0.0,0.5236,3,11.376,0,NORMAL
2026-10-01 01:30:00,R2,2.639,7.592,0.3476,2.639,0,0,0.0,0.3476,2,10.907,0,NORMAL
2026-10-01 01:45:00,R1,5.387,10.595,0.5084,5.387,0,0,0.0,0.5084,3,11.723,0,NORMAL
2026-10-01 01:45:00,R2,2.481,8.373,0.2963,2.481,0,0,0.0,0.2963,2,9.889,0,NORMAL
2026-10-01 02:00:00,R1,5.414,11.353,0.4769,5.414,0,0,0.0,0.4769,3,10.94,0,NORMAL
2026-10-01 02:00:00,R2,2.904,8.277,0.3508,2.904,0,0,0.0,0.3508,2,10.004,0,NORMAL
2026-10-01 02:15:00,R1,5.813,10.707,0.5429,5.813,0,0,0.0,0.5429,3,11.599,0,NORMAL
2026-10-01 02:15:00,R2,2.956,7.441,0.3973,2.956,0,0,0.0,0.3973,2,11.128,0,NORMAL
2026-10-01 02:30:00,R1,5.523,10.785,0.5121,5.523,0,0,0.0,0.5121,3,11.516,0,NORMAL
2026-10-01 02:30:00,R2,2.436,8.164,0.2984,2.436,0,0,0.0,0.2984,2,10.142,0,NORMAL
2026-10-01 02:45:00,R1,4.948,10.238,0.4833,4.948,0,0,0.0,0.4833,3,12.131,0,NORMAL
2026-10-01 02:45:00,R2,2.626,7.607,0.3452,2.626,0,0,0.0,0.3452,2,10.884,0,NORMAL
2026-10-01 03:00:00,R1,5.55,10.991,0.5049,5.55,0,0,0.0,0.5049,3,11.3,0,NORMAL
2026-10-01 03:00:00,R2,2.701,8.475,0.3187,2.701,0,0,0.0,0.3187,2,9.77,0,NORMAL
2026-10-01 03:15:00,R1,4.74,7.244,0.6543,4.74,0,0,0.0,0.6543,2,11.43,0,NORMAL
2026-10-01 03:15:00,R2,2.395,8.169,0.2932,2.395,0,0,0.0,0.2932,2,10.136,0,NORMAL
2026-10-01 03:30:00,R1,5.275,10.862,0.4856,5.275,0,0,0.0,0.4856,3,11.434,0,NORMAL
2026-10-01 03:30:00,R2,2.538,7.853,0.3232,2.538,0,0,0.0,0.3232,2,10.544,0,NORMAL
2026-10-01 03:45:00,R1,5.167,10.613,0.4869,5.167,0,0,0.0,0.4869,3,11.703,0,NORMAL
2026-10-01 03:45:00,R2,2.177,7.559,0.288,2.177,0,0,0.0,0.288,2,10.954,0,NORMAL
2026-10-01 04:00:00,R1,5.789,10.552,0.5486,5.789,0,0,0.0,0.5486,3,11.77,0,NORMAL
2026-10-01 04:00:00,R2,2.567,8.022,0.32,2.567,0,0,0.0,0.32,2,10.321,0,NORMAL
2026-10-01 04:15:00,R1,5.363,10.717,0.5004,5.363,0,0,0.0,0.5004,3,11.589,0,NORMAL
2026-10-01 04:15:00,R2,2.763,8.083,0.3419,2.763,0,0,0.0,0.3419,2,10.243,0,NORMAL
2026-10-01 04:30:00,R1,5.675,10.898,0.5208,5.675,0,0,0.0,0.5208,3,11.397,0,NORMAL
2026-10-01 04:30:00,R2,2.746,8.129,0.3377,2.746,0,0,0.0,0.3377,2,10.185,0,NORMAL
2026-10-01 04:45:00,R1,5.28,10.659,0.4954,5.28,0,0,0.0,0.4954,3,11.652,0,NORMAL
2026-10-01 04:45:00,R2,2.633,8.473,0.3108,2.633,0,0,0.0,0.3108,2,9.772,0,NORMAL
2026-10-01 05:00:00,R1,5.922,11.058,0.5355,5.922,0,0,0.0,0.5355,3,11.232,0,NORMAL
2026-10-01 05:00:00,R2,2.266,8.247,0.2748,2.266,0,0,0.0,0.2748,2,10.041,0,NORMAL
2026-10-01 05:15:00,R1,5.509,10.419,0.5288,5.509,0,0,0.0,0.5288,3,11.921,0,NORMAL
2026-10-01 05:15:00,R2,2.607,8.277,0.315,2.607,0,0,0.0,0.315,2,10.003,0,NORMAL
2026-10-01 05:30:00,R1,5.44,10.487,0.5187,5.44,0,0,0.0,0.5187,3,11.843,0,NORMAL
2026-10-01 05:30:00,R2,2.66,8.038,0.331,2.66,0,0,0.0,0.331,2,10.301,0,NORMAL
2026-10-01 05:45:00,R1,5.546,10.062,0.5512,5.546,0,0,0.0,0.5512,3,12.344,0,NORMAL
2026-10-01 05:45:00,R2,2.22,7.619,0.2914,2.22,0,0,0.0,0.2914,2,10.867,0,NORMAL
2026-10-01 06:00:00,R1,6.554,10.228,0.6407,6.554,0,0,0.0,0.6407,3,12.143,0,NORMAL
2026-10-01 06:00:00,R2,3.176,7.966,0.3987,3.176,0,0,0.0,0.3987,2,10.395,0,NORMAL
2026-10-01 06:15:00,R1,7.111,10.37,0.6857,7.111,0,0,0.0,0.6857,3,11.977,0,NORMAL
2026-10-01 06:15:00,R2,3.098,8.79,0.3524,3.098,0,0,0.0,0.3524,2,9.419,0,NORMAL
2026-10-01 06:30:00,R1,6.662,10.918,0.6102,6.662,0,0,0.0,0.6102,3,11.375,0,NORMAL
2026-10-01 06:30:00,R2,3.399,3.938,0.8633,3.399,0,0,0.0,0.8633,1,10.514,0,WARNING
2026-10-01 06:45:00,R1,7.025,6.492,1.082,6.492,0,0.533,0.0,1.082,2,12.754,0,HIGH
2026-10-01 06:45:00,R2,3.296,7.616,0.4328,3.296,0,0,0.0,0.4328,2,10.872,0,NORMAL
2026-10-01 07:00:00,R1,6.956,10.614,0.6554,7.489,0.533,0,0.753,0.7056,3,11.702,0,NORMAL
2026-10-01 07:00:00,R2,3.423,8.357,0.4096,3.423,0,0,0.0,0.4096,2,9.908,0,NORMAL
2026-10-01 07:15:00,R1,7.303,10.307,0.7086,7.303,0,0,0.0,0.7086,3,12.051,0,NORMAL
2026-10-01 07:15:00,R2,3.115,3.887,0.8013,3.115,0,0,0.0,0.8013,1,10.65,0,WARNING
2026-10-01 07:30:00,R1,6.887,10.904,0.6316,6.887,0,0,0.0,0.6316,3,11.391,0,NORMAL
2026-10-01 07:30:00,R2,2.978,7.846,0.3795,2.978,0,0,0.0,0.3795,2,10.553,0,NORMAL
2026-10-01 07:45:00,R1,7.426,6.145,1.2085,6.145,0,1.281,0.0,1.2085,2,13.474,0,HIGH
2026-10-01 07:45:00,R2,3.016,7.99,0.3775,3.016,0,0,0.0,0.3775,2,10.363,0,NORMAL
2026-10-01 08:00:00,R1,7.009,11.77,0.5955,8.29,1.281,0,1.633,0.7044,3,10.552,0,NORMAL
2026-10-01 08:00:00,R2,2.803,8.259,0.3394,2.803,0,0,0.0,0.3394,2,10.025,0,NORMAL
2026-10-01 08:15:00,R1,7.447,10.689,0.6967,7.447,0,0,0.0,0.6967,3,11.62,0,NORMAL
2026-10-01 08:15:00,R2,3.258,8.048,0.4048,3.258,0,0,0.0,0.4048,2,10.289,0,NORMAL
2026-10-01 08:30:00,R1,6.62,10.755,0.6156,6.62,0,0,0.0,0.6156,3,11.548,0,NORMAL
2026-10-01 08:30:00,R2,2.612,8.406,0.3107,2.612,0,0,0.0,0.3107,2,9.85,0,NORMAL
2026-10-01 08:45:00,R1,7.466,10.1,0.7392,7.466,0,0,0.0,0.7392,3,12.297,0,NORMAL
2026-10-01 08:45:00,R2,2.816,8.07,0.3489,2.816,0,0,0.0,0.3489,2,10.26,0,NORMAL
2026-10-01 09:00:00,R1,7.492,10.744,0.6973,7.492,0,0,0.0,0.6973,3,11.56,0,NORMAL
2026-10-01 09:00:00,R2,3.062,8.272,0.3701,3.062,0,0,0.0,0.3701,2,10.01,0,NORMAL
2026-10-01 09:15:00,R1,6.514,11.235,0.5798,6.514,0,0,0.0,0.5798,3,11.055,0,NORMAL
2026-10-01 09:15:00,R2,3.27,8.012,0.4081,3.27,0,0,0.0,0.4081,2,10.334,0,NORMAL
2026-10-01 09:30:00,R1,6.143,10.491,0.5856,6.143,0,0,0.0,0.5856,3,11.838,0,NORMAL
2026-10-01 09:30:00,R2,2.71,7.904,0.3429,2.71,0,0,0.0,0.3429,2,10.476,0,NORMAL
2026-10-01 09:45:00,R1,7.536,10.543,0.7148,7.536,0,0,0.0,0.7148,3,11.78,0,NORMAL
2026-10-01 09:45:00,R2,2.761,7.585,0.364,2.761,0,0,0.0,0.364,2,10.916,0,NORMAL
2026-10-01 10:00:00,R1,7.542,10.754,0.7013,7.542,0,0,0.0,0.7013,3,11.549,0,NORMAL
2026-10-01 10:00:00,R2,2.82,8.219,0.3431,2.82,0,0,0.0,0.3431,2,10.074,0,NORMAL
2026-10-01 10:15:00,R1,7.012,10.422,0.6728,7.012,0,0,0.0,0.6728,3,11.917,0,NORMAL
2026-10-01 10:15:00,R2,2.509,8.402,0.2986,2.509,0,0,0.0,0.2986,2,9.855,0,NORMAL
2026-10-01 10:30:00,R1,7.071,10.162,0.6959,7.071,0,0,0.0,0.6959,3,12.222,0,NORMAL
2026-10-01 10:30:00,R2,2.982,8.261,0.361,2.982,0,0,0.0,0.361,2,10.023,0,NORMAL
2026-10-01 10:45:00,R1,7.067,10.649,0.6636,7.067,0,0,0.0,0.6636,3,11.663,0,NORMAL
2026-10-01 10:45:00,R2,2.747,8.822,0.3114,2.747,0,0,0.0,0.3114,2,9.385,0,NORMAL
2026-10-01 11:00:00,R1,6.819,10.328,0.6602,6.819,0,0,0.0,0.6602,3,12.026,0,NORMAL
2026-10-01 11:00:00,R2,3.121,8.494,0.3674,3.121,0,0,0.0,0.3674,2,9.748,0,NORMAL
2026-10-01 11:15:00,R1,6.909,10.273,0.6725,6.909,0,0,0.0,0.6725,3,12.09,0,NORMAL
2026-10-01 11:15:00,R2,3.072,7.978,0.385,3.072,0,0,0.0,0.385,2,10.378,0,NORMAL
2026-10-01 11:30:00,R1,6.395,10.355,0.6176,6.395,0,0,0.0,0.6176,3,11.994,0,NORMAL
2026-10-01 11:30:00,R2,2.82,7.805,0.3612,2.82,0,0,0.0,0.3612,2,10.608,0,NORMAL
2026-10-01 11:45:00,R1,6.737,10.636,0.6334,6.737,0,0,0.0,0.6334,3,11.677,0,NORMAL
2026-10-01 11:45:00,R2,2.54,8.001,0.3175,2.54,0,0,0.0,0.3175,2,10.349,0,NORMAL
2026-10-01 12:00:00,R1,7.702,10.482,0.7348,7.702,0,0,0.0,0.7348,3,11.848,0,NORMAL
2026-10-01 12:00:00,R2,3.107,8.303,0.3743,3.107,0,0,0.0,0.3743,2,9.973,0,NORMAL
2026-10-01 12:15:00,R1,7.042,10.539,0.6682,7.042,0,0,0.0,0.6682,3,11.785,0,NORMAL
2026-10-01 12:15:00,R2,2.925,7.842,0.373,2.925,0,0,0.0,0.373,2,10.558,0,NORMAL
2026-10-01 12:30:00,R1,7.196,10.293,0.6991,7.196,0,0,0.0,0.6991,3,12.066,0,NORMAL
2026-10-01 12:30:00,R2,2.629,8.159,0.3222,2.629,0,0,0.0,0.3222,2,10.148,0,NORMAL
2026-10-01 12:45:00,R1,7.186,11.468,0.6267,7.186,0,0,0.0,0.6267,3,10.83,0,NORMAL
2026-10-01 12:45:00,R2,2.705,8.226,0.3288,2.705,0,0,0.0,0.3288,2,10.066,0,NORMAL
2026-10-01 13:00:00,R1,6.6,10.899,0.6056,6.6,0,0,0.0,0.6056,3,11.396,0,NORMAL
2026-10-01 13:00:00,R2,3.033,7.839,0.3869,3.033,0,0,0.0,0.3869,2,10.563,0,NORMAL
2026-10-01 13:15:00,R1,7.24,10.395,0.6965,7.24,0,0,0.0,0.6965,3,11.948,0,NORMAL
2026-10-01 13:15:00,R2,2.837,7.735,0.3668,2.837,0,0,0.0,0.3668,2,10.704,0,NORMAL
2026-10-01 13:30:00,R1,7.089,11.08,0.6398,7.089,0,0,0.0,0.6398,3,11.21,0,NORMAL
2026-10-01 13:30:00,R2,2.589,7.253,0.3569,2.589,0,0,0.0,0.3569,2,11.416,0,NORMAL
2026-10-01 13:45:00,R1,7.513,6.335,1.1859,6.335,0,1.178,0.0,1.1859,2,13.071,0,HIGH
2026-10-01 13:45:00,R2,2.952,7.737,0.3815,2.952,0,0,0.0,0.3815,2,10.702,0,NORMAL
2026-10-01 14:00:00,R1,7.503,9.79,0.7664,8.68,1.178,0,1.805,0.8867,3,12.686,0,WARNING
2026-10-01 14:00:00,R2,3.123,8.342,0.3744,3.123,0,0,0.0,0.3744,2,9.926,0,NORMAL
2026-10-01 14:15:00,R1,7.733,11.158,0.693,7.733,0,0,0.0,0.693,3,11.131,0,NORMAL
2026-10-01 14:15:00,R2,2.462,8.145,0.3023,2.462,0,0,0.0,0.3023,2,10.166,0,NORMAL
2026-10-01 14:30:00,R1,6.875,10.099,0.6808,6.875,0,0,0.0,0.6808,3,12.299,0,NORMAL
2026-10-01 14:30:00,R2,2.431,8.157,0.2981,2.431,0,0,0.0,0.2981,2,10.15,0,NORMAL
2026-10-01 14:45:00,R1,7.93,10.595,0.7484,7.93,0,0,0.0,0.7484,3,11.723,0,NORMAL
2026-10-01 14:45:00,R2,2.885,8.09,0.3567,2.885,0,0,0.0,0.3567,2,10.235,0,NORMAL
2026-10-01 15:00:00,R1,7.814,10.269,0.761,7.814,0,0,0.0,0.761,3,12.095,0,WARNING
2026-10-01 15:00:00,R2,2.901,8.108,0.3577,2.901,0,0,0.0,0.3577,2,10.212,0,NORMAL
2026-10-01 15:15:00,R1,7.43,10.241,0.7255,7.43,0,0,0.0,0.7255,3,12.128,0,NORMAL
2026-10-01 15:15:00,R2,3.043,7.777,0.3913,3.043,0,0,0.0,0.3913,2,10.647,0,NORMAL
2026-10-01 15:30:00,R1,7.727,10.303,0.7499,7.727,0,0,0.0,0.7499,3,12.054,0,NORMAL
2026-10-01 15:30:00,R2,2.814,8.36,0.3367,2.814,0,0,0.0,0.3367,2,9.905,0,NORMAL
2026-10-01 15:45:00,R1,7.728,10.666,0.7246,7.728,0,0,0.0,0.7246,3,11.645,0,NORMAL
2026-10-01 15:45:00,R2,2.917,8.008,0.3642,2.917,0,0,0.0,0.3642,2,10.34,0,NORMAL
2026-10-01 16:00:00,R1,7.085,11.667,0.6073,7.085,0,0,0.0,0.6073,3,10.645,0,NORMAL
2026-10-01 16:00:00,R2,2.932,7.778,0.3769,2.932,0,0,0.0,0.3769,2,10.645,0,NORMAL
2026-10-01 16:15:00,R1,7.492,11.044,0.6784,7.492,0,0,0.0,0.6784,3,11.246,0,NORMAL
2026-10-01 16:15:00,R2,2.518,8.597,0.2929,2.518,0,0,0.0,0.2929,2,9.632,0,NORMAL
2026-10-01 16:30:00,R1,6.8,11.358,0.5987,6.8,0,0,0.0,0.5987,3,10.935,0,NORMAL
2026-10-01 16:30:00,R2,2.963,8.326,0.3559,2.963,0,0,0.0,0.3559,2,9.945,0,NORMAL
2026-10-01 16:45:00,R1,6.825,10.277,0.6641,6.825,0,0,0.0,0.6641,3,12.085,0,NORMAL
2026-10-01 16:45:00,R2,2.722,8.437,0.3226,2.722,0,0,0.0,0.3226,2,9.814,0,NORMAL
2026-10-01 17:00:00,R1,7.515,11.373,0.6608,7.515,0,0,0.0,0.6608,3,10.921,0,NORMAL
2026-10-01 17:00:00,R2,2.839,8.365,0.3394,2.839,0,0,0.0,0.3394,2,9.899,0,NORMAL
2026-10-01 17:15:00,R1,7.136,10.543,0.6768,7.136,0,0,0.0,0.6768,3,11.781,0,NORMAL
2026-10-01 17:15:00,R2,2.295,7.475,0.3071,2.295,0,0,0.0,0.3071,2,11.077,0,NORMAL
2026-10-01 17:30:00,R1,6.998,10.098,0.693,6.998,0,0,0.0,0.693,3,12.3,0,NORMAL
2026-10-01 17:30:00,R2,2.65,8.013,0.3307,2.65,0,0,0.0,0.3307,2,10.334,0,NORMAL
2026-10-01 17:45:00,R1,7.925,10.38,0.7635,7.925,0,0,0.0,0.7635,3,11.965,0,WARNING
2026-10-01 17:45:00,R2,2.854,8.011,0.3563,2.854,0,0,0.0,0.3563,2,10.336,0,NORMAL
2026-10-01 18:00:00,R1,7.484,11.14,0.6718,7.484,0,0,0.0,0.6718,3,11.149,0,NORMAL
2026-10-01 18:00:00,R2,2.903,7.919,0.3666,2.903,0,0,0.0,0.3666,2,10.456,0,NORMAL
2026-10-01 18:15:00,R1,7.423,10.79,0.688,7.423,0,0,0.0,0.688,3,11.51,0,NORMAL
2026-10-01 18:15:00,R2,2.683,8.053,0.3332,2.683,0,0,0.0,0.3332,2,10.282,0,NORMAL
2026-10-01 18:30:00,R1,7.691,10.498,0.7326,7.691,0,0,0.0,0.7326,3,11.83,0,NORMAL
2026-10-01 18:30:00,R2,2.98,7.997,0.3727,2.98,0,0,0.0,0.3727,2,10.354,0,NORMAL
2026-10-01 18:45:00,R1,6.804,10.811,0.6294,6.804,0,0,0.0,0.6294,3,11.488,0,NORMAL
2026-10-01 18:45:00,R2,2.621,7.976,0.3286,2.621,0,0,0.0,0.3286,2,10.381,0,NORMAL
2026-10-01 19:00:00,R1,6.146,10.771,0.5706,6.146,0,0,0.0,0.5706,3,11.531,0,NORMAL
2026-10-01 19:00:00,R2,3.012,8.032,0.3751,3.012,0,0,0.0,0.3751,2,10.309,0,NORMAL
2026-10-01 19:15:00,R1,5.977,3.101,1.9276,3.101,0,2.876,0.0,1.25,1,13.352,0,HIGH
2026-10-01 19:15:00,R2,2.732,8.184,0.3338,2.732,0,0,0.0,0.3338,2,10.118,0,NORMAL
2026-10-01 19:30:00,R1,6.991,10.116,0.691,9.867,2.876,0,4.264,0.9753,3,12.277,0,HIGH
2026-10-01 19:30:00,R2,3.026,7.881,0.3839,3.026,0,0,0.0,0.3839,2,10.506,0,NORMAL
2026-10-01 19:45:00,R1,7.148,10.062,0.7104,7.148,0,0,0.0,0.7104,3,12.344,0,NORMAL
2026-10-01 19:45:00,R2,3.449,7.778,0.4435,3.449,0,0,0.0,0.4435,2,10.645,0,NORMAL
2026-10-01 20:00:00,R1,6.943,10.682,0.65,6.943,0,0,0.0,0.65,3,11.627,0,NORMAL
2026-10-01 20:00:00,R2,3.255,8.001,0.4068,3.255,0,0,0.0,0.4068,2,10.349,0,NORMAL
2026-10-01 20:15:00,R1,7.394,10.291,0.7185,7.394,0,0,0.0,0.7185,3,12.068,0,NORMAL
2026-10-01 20:15:00,R2,3.069,8.196,0.3744,3.069,0,0,0.0,0.3744,2,10.102,0,NORMAL
2026-10-01 20:30:00,R1,6.984,10.749,0.6497,6.984,0,0,0.0,0.6497,3,11.554,0,NORMAL
2026-10-01 20:30:00,R2,3.405,3.541,0.9615,3.405,0,0,0.0,0.9615,1,11.69,0,HIGH
2026-10-01 20:45:00,R1,7.592,11.023,0.6888,7.592,0,0,0.0,0.6888,3,11.267,0,NORMAL
2026-10-01 20:45:00,R2,3.183,3.942,0.8075,3.183,0,0,0.0,0.8075,1,10.502,0,WARNING
2026-10-01 21:00:00,R1,6.101,10.204,0.5979,6.101,0,0,0.0,0.5979,3,12.172,0,NORMAL
2026-10-01 21:00:00,R2,2.774,7.957,0.3486,2.774,0,0,0.0,0.3486,2,10.406,0,NORMAL
2026-10-01 21:15:00,R1,6.78,10.77,0.6296,6.78,0,0,0.0,0.6296,3,11.532,0,NORMAL
2026-10-01 21:15:00,R2,3.049,7.927,0.3847,3.049,0,0,0.0,0.3847,2,10.445,0,NORMAL
2026-10-01 21:30:00,R1,6.525,11.005,0.593,6.525,0,0,0.0,0.593,3,11.286,0,NORMAL
2026-10-01 21:30:00,R2,2.828,8.133,0.3478,2.828,0,0,0.0,0.3478,2,10.181,0,NORMAL
2026-10-01 21:45:00,R1,7.115,11.42,0.623,7.115,0,0,0.0,0.623,3,10.875,0,NORMAL
2026-10-01 21:45:00,R2,3.299,8.39,0.3932,3.299,0,0,0.0,0.3932,2,9.869,0,NORMAL
2026-10-01 22:00:00,R1,5.582,10.948,0.5099,5.582,0,0,0.0,0.5099,3,11.345,0,NORMAL
2026-10-01 22:00:00,R2,2.336,8.163,0.2862,2.336,0,0,0.0,0.2862,2,10.144,0,NORMAL
2026-10-01 22:15:00,R1,4.816,10.585,0.455,4.816,0,0,0.0,0.455,3,11.733,0,NORMAL
2026-10-01 22:15:00,R2,2.411,8.027,0.3004,2.411,0,0,0.0,0.3004,2,10.315,0,NORMAL
2026-10-01 22:30:00,R1,5.459,10.823,0.5044,5.459,0,0,0.0,0.5044,3,11.476,0,NORMAL
2026-10-01 22:30:00,R2,2.601,7.991,0.3255,2.601,0,0,0.0,0.3255,2,10.362,0,NORMAL
2026-10-01 22:45:00,R1,5.802,11.187,0.5187,5.802,0,0,0.0,0.5187,3,11.103,0,NORMAL
2026-10-01 22:45:00,R2,2.623,8.174,0.3209,2.623,0,0,0.0,0.3209,2,10.129,0,NORMAL
2026-10-01 23:00:00,R1,5.486,11.351,0.4833,5.486,0,0,0.0,0.4833,3,10.942,0,NORMAL
2026-10-01 23:00:00,R2,2.724,7.998,0.3406,2.724,0,0,0.0,0.3406,2,10.352,0,NORMAL
2026-10-01 23:15:00,R1,5.25,10.546,0.4978,5.25,0,0,0.0,0.4978,3,11.777,0,NORMAL
2026-10-01 23:15:00,R2,2.357,7.989,0.2951,2.357,0,0,0.0,0.2951,2,10.364,0,NORMAL
2026-10-01 23:30:00,R1,4.93,10.762,0.4581,4.93,0,0,0.0,0.4581,3,11.54,0,NORMAL
2026-10-01 23:30:00,R2,2.259,8.14,0.2775,2.259,0,0,0.0,0.2775,2,10.172,0,NORMAL
2026-10-01 23:45:00,R1,5.321,11.05,0.4816,5.321,0,0,0.0,0.4816,3,11.24,0,NORMAL
2026-10-01 23:45:00,R2,2.338,8.405,0.2781,2.338,0,0,0.0,0.2781,2,9.851,0,NORMAL
2026-10-02 00:00:00,R1,6.188,10.454,0.5919,6.188,0,0,0.0,0.5919,3,11.881,0,NORMAL
2026-10-02 00:00:00,R2,2.18,8.025,0.2717,2.18,0,0,0.0,0.2717,2,10.318,0,NORMAL
2026-10-02 00:15:00,R1,5.082,10.596,0.4796,5.082,0,0,0.0,0.4796,3,11.722,0,NORMAL
2026-10-02 00:15:00,R2,2.684,7.901,0.3397,2.684,0,0,0.0,0.3397,2,10.479,0,NORMAL
2026-10-02 00:30:00,R1,4.929,10.618,0.4642,4.929,0,0,0.0,0.4642,3,11.697,0,NORMAL
2026-10-02 00:30:00,R2,2.401,8.115,0.2959,2.401,0,0,0.0,0.2959,2,10.204,0,NORMAL
2026-10-02 00:45:00,R1,5.438,10.878,0.4999,5.438,0,0,0.0,0.4999,3,11.418,0,NORMAL
2026-10-02 00:45:00,R2,2.553,8.305,0.3074,2.553,0,0,0.0,0.3074,2,9.97,0,NORMAL
2026-10-02 01:00:00,R1,5.542,10.84,0.5112,5.542,0,0,0.0,0.5112,3,11.457,0,NORMAL
2026-10-02 01:00:00,R2,2.695,8.319,0.3239,2.695,0,0,0.0,0.3239,2,9.953,0,NORMAL
2026-10-02 01:15:00,R1,5.063,10.785,0.4694,5.063,0,0,0.0,0.4694,3,11.516,0,NORMAL
2026-10-02 01:15:00,R2,2.859,8.098,0.3531,2.859,0,0,0.0,0.3531,2,10.225,0,NORMAL
2026-10-02 01:30:00,R1,5.286,10.535,0.5018,5.286,0,0,0.0,0.5018,3,11.79,0,NORMAL
2026-10-02 01:30:00,R2,2.893,8.527,0.3393,2.893,0,0,0.0,0.3393,2,9.711,0,NORMAL
2026-10-02 01:45:00,R1,6.043,6.765,0.8933,6.043,0,0,0.0,0.8933,2,12.239,0,WARNING
2026-10-02 01:45:00,R2,2.597,8.126,0.3196,2.597,0,0,0.0,0.3196,2,10.19,0,NORMAL
2026-10-02 02:00:00,R1,5.529,11.163,0.4953,5.529,0,0,0.0,0.4953,3,11.126,0,NORMAL
2026-10-02 02:00:00,R2,2.656,7.985,0.3326,2.656,0,0,0.0,0.3326,2,10.37,0,NORMAL
2026-10-02 02:15:00,R1,5.687,10.267,0.5539,5.687,0,0,0.0,0.5539,3,12.097,0,NORMAL
2026-10-02 02:15:00,R2,2.922,8.37,0.3491,2.922,0,0,0.0,0.3491,2,9.892,0,NORMAL
2026-10-02 02:30:00,R1,5.781,10.475,0.5519,5.781,0,0,0.0,0.5519,3,11.857,0,NORMAL
2026-10-02 02:30:00,R2,2.807,8.16,0.344,2.807,0,0,0.0,0.344,2,10.147,0,NORMAL
2026-10-02 02:45:00,R1,4.741,10.733,0.4417,4.741,0,0,0.0,0.4417,3,11.572,0,NORMAL
2026-10-02 02:45:00,R2,2.56,8.305,0.3082,2.56,0,0,0.0,0.3082,2,9.97,0,NORMAL
2026-10-02 03:00:00,R1,5.372,10.663,0.5038,5.372,0,0,0.0,0.5038,3,11.648,0,NORMAL
2026-10-02 03:00:00,R2,2.564,8.114,0.3159,2.564,0,0,0.0,0.3159,2,10.204,0,NORMAL
2026-10-02 03:15:00,R1,5.667,10.504,0.5395,5.667,0,0,0.0,0.5395,3,11.824,0,NORMAL
2026-10-02 03:15:00,R2,2.951,8.331,0.3542,2.951,0,0,0.0,0.3542,2,9.939,0,NORMAL
2026-10-02 03:30:00,R1,5.061,10.882,0.4651,5.061,0,0,0.0,0.4651,3,11.414,0,NORMAL
2026-10-02 03:30:00,R2,2.521,7.761,0.3249,2.521,0,0,0.0,0.3249,2,10.669,0,NORMAL
2026-10-02 03:45:00,R1,5.163,10.665,0.4841,5.163,0,0,0.0,0.4841,3,11.646,0,NORMAL
2026-10-02 03:45:00,R2,2.65,8.012,0.3307,2.65,0,0,0.0,0.3307,2,10.334,0,NORMAL
2026-10-02 04:00:00,R1,4.843,10.983,0.441,4.843,0,0,0.0,0.441,3,11.308,0,NORMAL
2026-10-02 04:00:00,R2,2.737,7.464,0.3667,2.737,0,0,0.0,0.3667,2,11.093,0,NORMAL
2026-10-02 04:15:00,R1,5.205,10.587,0.4917,5.205,0,0,0.0,0.4917,3,11.732,0,NORMAL
2026-10-02 04:15:00,R2,2.944,7.918,0.3718,2.944,0,0,0.0,0.3718,2,10.457,0,NORMAL
2026-10-02 04:30:00,R1,5.316,10.693,0.4971,5.316,0,0,0.0,0.4971,3,11.615,0,NORMAL
2026-10-02 04:30:00,R2,2.563,7.985,0.3209,2.563,0,0,0.0,0.3209,2,10.369,0,NORMAL
2026-10-02 04:45:00,R1,5.367,10.291,0.5215,5.367,0,0,0.0,0.5215,3,12.068,0,NORMAL
2026-10-02 04:45:00,R2,2.905,8.181,0.3551,2.905,0,0,0.0,0.3551,2,10.122,0,NORMAL
2026-10-02 05:00:00,R1,5.247,10.57,0.4964,5.247,0,0,0.0,0.4964,3,11.75,0,NORMAL
2026-10-02 05:00:00,R2,2.295,8.245,0.2784,2.295,0,0,0.0,0.2784,2,10.042,0,NORMAL
2026-10-02 05:15:00,R1,5.599,10.374,0.5397,5.599,0,0,0.0,0.5397,3,11.972,0,NORMAL
2026-10-02 05:15:00,R2,2.424,7.871,0.308,2.424,0,0,0.0,0.308,2,10.52,0,NORMAL
2026-10-02 05:30:00,R1,5.802,6.832,0.8492,5.802,0,0,0.0,0.8492,2,12.119,0,WARNING
2026-10-02 05:30:00,R2,2.584,7.851,0.3291,2.584,0,0,0.0,0.3291,2,10.547,0,NORMAL
2026-10-02 05:45:00,R1,5.717,6.823,0.838,5.717,0,0,0.0,0.838,2,12.136,0,WARNING
2026-10-02 05:45:00,R2,2.51,8.904,0.2819,2.51,0,0,0.0,0.2819,2,9.3,0,NORMAL
2026-10-02 06:00:00,R1,7.287,10.543,0.6911,7.287,0,0,0.0,0.6911,3,11.78,0,NORMAL
2026-10-02 06:00:00,R2,3.194,8.056,0.3965,3.194,0,0,0.0,0.3965,2,10.278,0,NORMAL
2026-10-02 06:15:00,R1,6.709,10.669,0.6288,6.709,0,0,0.0,0.6288,3,11.641,0,NORMAL
2026-10-02 06:15:00,R2,3.332,8.293,0.4018,3.332,0,0,0.0,0.4018,2,9.984,0,NORMAL
2026-10-02 06:30:00,R1,7.279,10.577,0.6883,7.279,0,0,0.0,0.6883,3,11.743,0,NORMAL
2026-10-02 06:30:00,R2,3.214,7.941,0.4047,3.214,0,0,0.0,0.4047,2,10.427,0,NORMAL
2026-10-02 06:45:00,R1,7.291,10.855,0.6717,7.291,0,0,0.0,0.6717,3,11.442,0,NORMAL
2026-10-02 06:45:00,R2,3.354,8.061,0.4162,3.354,0,0,0.0,0.4162,2,10.272,0,NORMAL
2026-10-02 07:00:00,R1,6.338,10.317,0.6143,6.338,0,0,0.0,0.6143,3,12.039,0,NORMAL
2026-10-02 07:00:00,R2,3.231,8.12,0.3979,3.231,0,0,0.0,0.3979,2,10.197,0,NORMAL
2026-10-02 07:15:00,R1,6.835,10.403,0.657,6.835,0,0,0.0,0.657,3,11.939,0,NORMAL
2026-10-02 07:15:00,R2,3.143,7.451,0.4219,3.143,0,0,0.0,0.4219,2,11.113,0,NORMAL
2026-10-02 07:30:00,R1,7.044,10.35,0.6806,7.044,0,0,0.0,0.6806,3,12.0,0,NORMAL
2026-10-02 07:30:00,R2,2.889,8.716,0.3314,2.889,0,0,0.0,0.3314,2,9.499,0,NORMAL
2026-10-02 07:45:00,R1,7.132,11.293,0.6316,7.132,0,0,0.0,0.6316,3,10.998,0,NORMAL
2026-10-02 07:45:00,R2,3.138,8.37,0.375,3.138,0,0,0.0,0.375,2,9.893,0,NORMAL
2026-10-02 08:00:00,R1,6.171,10.93,0.5646,6.171,0,0,0.0,0.5646,3,11.364,0,NORMAL
2026-10-02 08:00:00,R2,3.895,8.12,0.4797,3.895,0,0,0.0,0.4797,2,10.197,0,NORMAL
2026-10-02 08:15:00,R1,7.257,10.745,0.6754,7.257,0,0,0.0,0.6754,3,11.558,0,NORMAL
2026-10-02 08:15:00,R2,2.945,8.199,0.3591,2.945,0,0,0.0,0.3591,2,10.099,0,NORMAL
2026-10-02 08:30:00,R1,7.272,11.043,0.6585,7.272,0,0,0.0,0.6585,3,11.247,0,NORMAL
2026-10-02 08:30:00,R2,3.055,8.309,0.3676,3.055,0,0,0.0,0.3676,2,9.965,0,NORMAL
2026-10-02 08:45:00,R1,6.86,11.044,0.6211,6.86,0,0,0.0,0.6211,3,11.245,0,NORMAL
2026-10-02 08:45:00,R2,3.097,7.988,0.3877,3.097,0,0,0.0,0.3877,2,10.365,0,NORMAL
2026-10-02 09:00:00,R1,7.108,10.762,0.6605,7.108,0,0,0.0,0.6605,3,11.54,0,NORMAL
2026-10-02 09:00:00,R2,2.859,7.669,0.3727,2.859,0,0,0.0,0.3727,2,10.796,0,NORMAL
2026-10-02 09:15:00,R1,6.784,10.58,0.6412,6.784,0,0,0.0,0.6412,3,11.739,0,NORMAL
2026-10-02 09:15:00,R2,2.921,8.385,0.3484,2.921,0,0,0.0,0.3484,2,9.875,0,NORMAL
2026-10-02 09:30:00,R1,7.244,10.356,0.6995,7.244,0,0,0.0,0.6995,3,11.994,0,NORMAL
2026-10-02 09:30:00,R2,3.07,7.806,0.3933,3.07,0,0,0.0,0.3933,2,10.607,0,NORMAL
2026-10-02 09:45:00,R1,6.617,11.106,0.5958,6.617,0,0,0.0,0.5958,3,11.183,0,NORMAL
2026-10-02 09:45:00,R2,2.648,8.204,0.3228,2.648,0,0,0.0,0.3228,2,10.093,0,NORMAL
2026-10-02 10:00:00,R1,7.069,10.563,0.6692,7.069,0,0,0.0,0.6692,3,11.758,0,NORMAL
2026-10-02 10:00:00,R2,2.953,8.18,0.361,2.953,0,0,0.0,0.361,2,10.123,0,NORMAL
2026-10-02 10:15:00,R1,7.277,10.372,0.7016,7.277,0,0,0.0,0.7016,3,11.974,0,NORMAL
2026-10-02 10:15:00,R2,2.855,7.997,0.357,2.855,0,0,0.0,0.357,2,10.354,0,NORMAL
2026-10-02 10:30:00,R1,7.188,10.761,0.668,7.188,0,0,0.0,0.668,3,11.541,0,NORMAL
2026-10-02 10:30:00,R2,2.973,4.234,0.7021,2.973,0,0,0.0,0.7021,1,9.778,0,NORMAL
2026-10-02 10:45:00,R1,7.749,10.481,0.7393,7.749,0,0,0.0,0.7393,3,11.85,0,NORMAL
2026-10-02 10:45:00,R2,3.122,8.05,0.3878,3.122,0,0,0.0,0.3878,2,10.286,0,NORMAL
2026-10-02 11:00:00,R1,7.196,10.988,0.6549,7.196,0,0,0.0,0.6549,3,11.304,0,NORMAL
2026-10-02 11:00:00,R2,2.622,8.344,0.3142,2.622,0,0,0.0,0.3142,2,9.924,0,NORMAL
2026-10-02 11:15:00,R1,6.765,10.495,0.6446,6.765,0,0,0.0,0.6446,3,11.834,0,NORMAL
2026-10-02 11:15:00,R2,2.993,8.006,0.3739,2.993,0,0,0.0,0.3739,2,10.342,0,NORMAL
2026-10-02 11:30:00,R1,6.692,10.365,0.6457,6.692,0,0,0.0,0.6457,3,11.983,0,NORMAL
2026-10-02 11:30:00,R2,2.879,4.139,0.6955,2.879,0,0,0.0,0.6955,1,10.003,0,NORMAL
2026-10-02 11:45:00,R1,6.687,10.217,0.6545,6.687,0,0,0.0,0.6545,3,12.157,0,NORMAL
2026-10-02 11:45:00,R2,3.192,8.471,0.3769,3.192,0,0,0.0,0.3769,2,9.774,0,NORMAL
2026-10-02 12:00:00,R1,6.819,10.486,0.6503,6.819,0,0,0.0,0.6503,3,11.844,0,NORMAL
2026-10-02 12:00:00,R2,2.724,8.032,0.3391,2.724,0,0,0.0,0.3391,2,10.309,0,NORMAL
2026-10-02 12:15:00,R1,7.594,10.597,0.7166,7.594,0,0,0.0,0.7166,3,11.72,0,NORMAL
2026-10-02 12:15:00,R2,2.82,8.013,0.3519,2.82,0,0,0.0,0.3519,2,10.333,0,NORMAL
2026-10-02 12:30:00,R1,7.195,11.237,0.6403,7.195,0,0,0.0,0.6403,3,11.053,0,NORMAL
2026-10-02 12:30:00,R2,3.03,7.728,0.3921,3.03,0,0,0.0,0.3921,2,10.715,0,NORMAL
2026-10-02 12:45:00,R1,6.761,10.879,0.6215,6.761,0,0,0.0,0.6215,3,11.416,0,NORMAL
2026-10-02 12:45:00,R2,2.707,8.598,0.3149,2.707,0,0,0.0,0.3149,2,9.631,0,NORMAL
2026-10-02 13:00:00,R1,6.854,11.319,0.6056,6.854,0,0,0.0,0.6056,3,10.973,0,NORMAL
2026-10-02 13:00:00,R2,2.731,8.292,0.3293,2.731,0,0,0.0,0.3293,2,9.986,0,NORMAL
2026-10-02 13:15:00,R1,6.63,10.647,0.6228,6.63,0,0,0.0,0.6228,3,11.666,0,NORMAL
2026-10-02 13:15:00,R2,3.124,7.993,0.3908,3.124,0,0,0.0,0.3908,2,10.359,0,NORMAL
2026-10-02 13:30:00,R1,6.792,10.619,0.6397,6.792,0,0,0.0,0.6397,3,11.696,0,NORMAL
2026-10-02 13:30:00,R2,3.113,8.502,0.3662,3.113,0,0,0.0,0.3662,2,9.739,0,NORMAL
2026-10-02 13:45:00,R1,7.38,11.164,0.6611,7.38,0,0,0.0,0.6611,3,11.125,0,NORMAL
2026-10-02 13:45:00,R2,2.903,7.709,0.3766,2.903,0,0,0.0,0.3766,2,10.741,0,NORMAL
2026-10-02 14:00:00,R1,7.366,10.613,0.694,7.366,0,0,0.0,0.694,3,11.703,0,NORMAL
2026-10-02 14:00:00,R2,2.752,8.389,0.3281,2.752,0,0,0.0,0.3281,2,9.87,0,NORMAL
2026-10-02 14:15:00,R1,7.011,6.529,1.0738,6.529,0,0.482,0.0,1.0738,2,12.681,0,HIGH
2026-10-02 14:15:00,R2,2.708,7.981,0.3393,2.708,0,0,0.0,0.3393,2,10.375,0,NORMAL
2026-10-02 14:30:00,R1,7.303,11.066,0.66,7.785,0.482,0,0.653,0.7036,3,11.224,0,NORMAL
2026-10-02 14:30:00,R2,2.835,8.079,0.3509,2.835,0,0,0.0,0.3509,2,10.249,0,NORMAL
2026-10-02 14:45:00,R1,7.517,10.474,0.7177,7.517,0,0,0.0,0.7177,3,11.858,0,NORMAL
2026-10-02 14:45:00,R2,2.709,8.296,0.3265,2.709,0,0,0.0,0.3265,2,9.981,0,NORMAL
2026-10-02 15:00:00,R1,7.571,11.029,0.6865,7.571,0,0,0.0,0.6865,3,11.262,0,NORMAL
2026-10-02 15:00:00,R2,2.41,7.367,0.3272,2.41,0,0,0.0,0.3272,2,11.239,0,NORMAL
2026-10-02 15:15:00,R1,7.698,6.4,1.2029,6.4,0,1.298,0.0,1.2029,2,12.938,0,HIGH
2026-10-02 15:15:00,R2,2.621,8.116,0.323,2.621,0,0,0.0,0.323,2,10.202,0,NORMAL
2026-10-02 15:30:00,R1,7.299,10.03,0.7278,8.598,1.298,0,1.942,0.8572,3,12.383,0,WARNING
2026-10-02 15:30:00,R2,2.716,8.535,0.3182,2.716,0,0,0.0,0.3182,2,9.701,0,NORMAL
2026-10-02 15:45:00,R1,8.503,9.581,0.8874,8.503,0,0,0.0,0.8874,3,12.963,0,WARNING
2026-10-02 15:45:00,R2,2.607,7.676,0.3397,2.607,0,0,0.0,0.3397,2,10.787,0,NORMAL
2026-10-02 16:00:00,R1,7.725,10.638,0.7261,7.725,0,0,0.0,0.7261,3,11.675,0,NORMAL
2026-10-02 16:00:00,R2,2.818,8.386,0.3361,2.818,0,0,0.0,0.3361,2,9.874,0,NORMAL
2026-10-02 16:15:00,R1,7.425,6.613,1.1228,6.613,0,0.812,0.0,1.1228,2,12.521,0,HIGH
2026-10-02 16:15:00,R2,2.537,7.801,0.3253,2.537,0,0,0.0,0.3253,2,10.614,0,NORMAL
2026-10-02 16:30:00,R1,7.426,10.635,0.6983,8.238,0.812,0,1.145,0.7747,3,11.679,0,WARNING
2026-10-02 16:30:00,R2,3.11,8.294,0.3749,3.11,0,0,0.0,0.3749,2,9.983,0,NORMAL
2026-10-02 16:45:00,R1,7.024,10.927,0.6428,7.024,0,0,0.0,0.6428,3,11.367,0,NORMAL
2026-10-02 16:45:00,R2,2.843,8.363,0.3399,2.843,0,0,0.0,0.3399,2,9.901,0,NORMAL
2026-10-02 17:00:00,R1,7.542,10.541,0.7154,7.542,0,0,0.0,0.7154,3,11.782,0,NORMAL
2026-10-02 17:00:00,R2,2.72,7.515,0.362,2.72,0,0,0.0,0.362,2,11.018,0,NORMAL
2026-10-02 17:15:00,R1,6.963,6.383,1.0907,6.383,0,0.579,0.0,1.0907,2,12.971,0,HIGH
2026-10-02 17:15:00,R2,2.799,8.489,0.3297,2.799,0,0,0.0,0.3297,2,9.754,0,NORMAL
2026-10-02 17:30:00,R1,7.186,6.478,1.1093,6.478,0.579,1.287,1.341,1.1987,2,12.782,0,HIGH
2026-10-02 17:30:00,R2,2.781,7.963,0.3492,2.781,0,0,0.0,0.3492,2,10.398,0,NORMAL
2026-10-02 17:45:00,R1,7.31,10.772,0.6786,8.597,1.287,0,1.792,0.7981,3,11.53,0,WARNING
2026-10-02 17:45:00,R2,2.668,8.046,0.3315,2.668,0,0,0.0,0.3315,2,10.291,0,NORMAL
2026-10-02 18:00:00,R1,6.958,10.749,0.6473,6.958,0,0,0.0,0.6473,3,11.554,0,NORMAL
2026-10-02 18:00:00,R2,2.649,7.873,0.3365,2.649,0,0,0.0,0.3365,2,10.516,0,NORMAL
2026-10-02 18:15:00,R1,7.068,10.78,0.6556,7.068,0,0,0.0,0.6556,3,11.521,0,NORMAL
2026-10-02 18:15:00,R2,2.882,7.979,0.3612,2.882,0,0,0.0,0.3612,2,10.377,0,NORMAL
2026-10-02 18:30:00,R1,6.691,10.913,0.6131,6.691,0,0,0.0,0.6131,3,11.381,0,NORMAL
2026-10-02 18:30:00,R2,2.43,8.133,0.2988,2.43,0,0,0.0,0.2988,2,10.181,0,NORMAL
2026-10-02 18:45:00,R1,7.745,10.993,0.7046,7.745,0,0,0.0,0.7046,3,11.298,0,NORMAL
2026-10-02 18:45:00,R2,2.784,7.905,0.3522,2.784,0,0,0.0,0.3522,2,10.474,0,NORMAL
2026-10-02 19:00:00,R1,5.856,10.904,0.537,5.856,0,0,0.0,0.537,3,11.39,0,NORMAL
2026-10-02 19:00:00,R2,3.076,8.034,0.3828,3.076,0,0,0.0,0.3828,2,10.307,0,NORMAL
2026-10-02 19:15:00,R1,6.225,10.424,0.5972,6.225,0,0,0.0,0.5972,3,11.915,0,NORMAL
2026-10-02 19:15:00,R2,2.575,8.232,0.3128,2.575,0,0,0.0,0.3128,2,10.058,0,NORMAL
2026-10-02 19:30:00,R1,6.428,10.864,0.5917,6.428,0,0,0.0,0.5917,3,11.432,0,NORMAL
2026-10-02 19:30:00,R2,2.974,7.726,0.3849,2.974,0,0,0.0,0.3849,2,10.717,0,NORMAL
2026-10-02 19:45:00,R1,7.307,10.955,0.667,7.307,0,0,0.0,0.667,3,11.338,0,NORMAL
2026-10-02 19:45:00,R2,2.961,8.26,0.3584,2.961,0,0,0.0,0.3584,2,10.025,0,NORMAL
2026-10-02 20:00:00,R1,6.603,11.131,0.5932,6.603,0,0,0.0,0.5932,3,11.158,0,NORMAL
2026-10-02 20:00:00,R2,3.05,7.899,0.3861,3.05,0,0,0.0,0.3861,2,10.482,0,NORMAL
2026-10-02 20:15:00,R1,7.001,10.971,0.6381,7.001,0,0,0.0,0.6381,3,11.321,0,NORMAL
2026-10-02 20:15:00,R2,3.01,8.403,0.3582,3.01,0,0,0.0,0.3582,2,9.853,0,NORMAL
2026-10-02 20:30:00,R1,6.639,10.05,0.6605,6.639,0,0,0.0,0.6605,3,12.358,0,NORMAL
2026-10-02 20:30:00,R2,2.816,8.421,0.3344,2.816,0,0,0.0,0.3344,2,9.833,0,NORMAL
2026-10-02 20:45:00,R1,6.916,10.394,0.6654,6.916,0,0,0.0,0.6654,3,11.949,0,NORMAL
2026-10-02 20:45:00,R2,3.107,8.742,0.3554,3.107,0,0,0.0,0.3554,2,9.471,0,NORMAL
2026-10-02 21:00:00,R1,6.451,10.919,0.5908,6.451,0,0,0.0,0.5908,3,11.375,0,NORMAL
2026-10-02 21:00:00,R2,2.803,8.037,0.3488,2.803,0,0,0.0,0.3488,2,10.302,0,NORMAL
2026-10-02 21:15:00,R1,7.606,10.879,0.6992,7.606,0,0,0.0,0.6992,3,11.416,0,NORMAL
2026-10-02 21:15:00,R2,3.109,8.176,0.3803,3.109,0,0,0.0,0.3803,2,10.127,0,NORMAL
2026-10-02 21:30:00,R1,7.865,10.628,0.74,7.865,0,0,0.0,0.74,3,11.686,0,NORMAL
2026-10-02 21:30:00,R2,2.84,8.013,0.3544,2.84,0,0,0.0,0.3544,2,10.333,0,NORMAL
2026-10-02 21:45:00,R1,6.79,10.424,0.6514,6.79,0,0,0.0,0.6514,3,11.915,0,NORMAL
2026-10-02 21:45:00,R2,3.481,8.288,0.42,3.481,0,0,0.0,0.42,2,9.99,0,NORMAL
2026-10-02 22:00:00,R1,5.55,10.316,0.538,5.55,0,0,0.0,0.538,3,12.04,0,NORMAL
2026-10-02 22:00:00,R2,2.576,7.615,0.3383,2.576,0,0,0.0,0.3383,2,10.873,0,NORMAL
2026-10-02 22:15:00,R1,5.178,10.793,0.4797,5.178,0,0,0.0,0.4797,3,11.507,0,NORMAL
2026-10-02 22:15:00,R2,2.273,7.782,0.2921,2.273,0,0,0.0,0.2921,2,10.64,0,NORMAL
2026-10-02 22:30:00,R1,6.322,10.559,0.5987,6.322,0,0,0.0,0.5987,3,11.763,0,NORMAL
2026-10-02 22:30:00,R2,2.281,7.933,0.2875,2.281,0,0,0.0,0.2875,2,10.438,0,NORMAL
2026-10-02 22:45:00,R1,5.13,10.284,0.4988,5.13,0,0,0.0,0.4988,3,12.077,0,NORMAL
2026-10-02 22:45:00,R2,2.718,7.347,0.3699,2.718,0,0,0.0,0.3699,2,11.269,0,NORMAL
2026-10-02 23:00:00,R1,5.045,10.881,0.4636,5.045,0,0,0.0,0.4636,3,11.414,0,NORMAL
2026-10-02 23:00:00,R2,2.578,7.995,0.3225,2.578,0,0,0.0,0.3225,2,10.357,0,NORMAL
2026-10-02 23:15:00,R1,4.784,10.772,0.4441,4.784,0,0,0.0,0.4441,3,11.529,0,NORMAL
2026-10-02 23:15:00,R2,2.362,7.581,0.3116,2.362,0,0,0.0,0.3116,2,10.922,0,NORMAL
2026-10-02 23:30:00,R1,4.632,10.607,0.4367,4.632,0,0,0.0,0.4367,3,11.709,0,NORMAL
2026-10-02 23:30:00,R2,2.508,8.447,0.2969,2.508,0,0,0.0,0.2969,2,9.802,0,NORMAL
2026-10-02 23:45:00,R1,5.438,10.549,0.5156,5.438,0,0,0.0,0.5156,3,11.774,0,NORMAL
2026-10-02 23:45:00,R2,2.382,7.587,0.3139,2.382,0,0,0.0,0.3139,2,10.913,0,NORMAL
2026-10-03 00:00:00,R1,4.622,10.924,0.4231,4.622,0,0,0.0,0.4231,3,11.37,0,NORMAL
2026-10-03 00:00:00,R2,2.308,8.224,0.2807,2.308,0,0,0.0,0.2807,2,10.068,0,NORMAL
2026-10-03 00:15:00,R1,4.313,10.689,0.4035,4.313,0,0,0.0,0.4035,3,11.62,0,NORMAL
2026-10-03 00:15:00,R2,2.23,8.327,0.2678,2.23,0,0,0.0,0.2678,2,9.944,0,NORMAL
2026-10-03 00:30:00,R1,4.479,10.125,0.4424,4.479,0,0,0.0,0.4424,3,12.267,0,NORMAL
2026-10-03 00:30:00,R2,2.234,8.348,0.2676,2.234,0,0,0.0,0.2676,2,9.919,0,NORMAL
2026-10-03 00:45:00,R1,3.831,10.541,0.3635,3.831,0,0,0.0,0.3635,3,11.783,0,NORMAL
2026-10-03 00:45:00,R2,2.007,8.285,0.2422,2.007,0,0,0.0,0.2422,2,9.994,0,NORMAL
2026-10-03 01:00:00,R1,4.637,7.115,0.6518,4.637,0,0,0.0,0.6518,2,11.637,0,NORMAL
2026-10-03 01:00:00,R2,2.206,8.093,0.2725,2.206,0,0,0.0,0.2725,2,10.23,0,NORMAL
2026-10-03 01:15:00,R1,4.315,10.739,0.4018,4.315,0,0,0.0,0.4018,3,11.566,0,NORMAL
2026-10-03 01:15:00,R2,2.281,8.275,0.2757,2.281,0,0,0.0,0.2757,2,10.006,0,NORMAL
2026-10-03 01:30:00,R1,4.679,12.008,0.3896,4.679,0,0,0.0,0.3896,3,10.343,0,NORMAL
2026-10-03 01:30:00,R2,1.967,8.75,0.2248,1.967,0,0,0.0,0.2248,2,9.462,0,NORMAL
2026-10-03 01:45:00,R1,3.821,10.893,0.3508,3.821,0,0,0.0,0.3508,3,11.402,0,NORMAL
2026-10-03 01:45:00,R2,1.979,8.585,0.2306,1.979,0,0,0.0,0.2306,2,9.645,0,NORMAL
2026-10-03 02:00:00,R1,4.16,10.732,0.3876,4.16,0,0,0.0,0.3876,3,11.573,0,NORMAL
2026-10-03 02:00:00,R2,2.236,8.225,0.2718,2.236,0,0,0.0,0.2718,2,10.067,0,NORMAL
2026-10-03 02:15:00,R1,4.713,10.325,0.4565,4.713,0,0,0.0,0.4565,3,12.03,0,NORMAL
2026-10-03 02:15:00,R2,1.975,8.213,0.2405,1.975,0,0,0.0,0.2405,2,10.082,0,NORMAL
2026-10-03 02:30:00,R1,4.142,10.729,0.3861,4.142,0,0,0.0,0.3861,3,11.576,0,NORMAL
2026-10-03 02:30:00,R2,2.333,4.096,0.5696,2.333,0,0,0.0,0.5696,1,10.107,0,NORMAL
2026-10-03 02:45:00,R1,4.553,10.851,0.4196,4.553,0,0,0.0,0.4196,3,11.446,0,NORMAL
2026-10-03 02:45:00,R2,2.615,4.272,0.6121,2.615,0,0,0.0,0.6121,1,9.691,0,NORMAL
2026-10-03 03:00:00,R1,4.316,10.57,0.4083,4.316,0,0,0.0,0.4083,3,11.75,0,NORMAL
2026-10-03 03:00:00,R2,2.014,3.832,0.5256,2.014,0,0,0.0,0.5256,1,10.802,0,NORMAL
2026-10-03 03:15:00,R1,4.767,11.033,0.4321,4.767,0,0,0.0,0.4321,3,11.257,0,NORMAL
2026-10-03 03:15:00,R2,2.328,8.303,0.2804,2.328,0,0,0.0,0.2804,2,9.973,0,NORMAL
2026-10-03 03:30:00,R1,4.621,10.548,0.438,4.621,0,0,0.0,0.438,3,11.774,0,NORMAL
2026-10-03 03:30:00,R2,2.24,3.977,0.5633,2.24,0,0,0.0,0.5633,1,10.409,0,NORMAL
2026-10-03 03:45:00,R1,4.545,11.119,0.4087,4.545,0,0,0.0,0.4087,3,11.17,0,NORMAL
2026-10-03 03:45:00,R2,2.371,8.37,0.2833,2.371,0,0,0.0,0.2833,2,9.892,0,NORMAL
2026-10-03 04:00:00,R1,4.208,10.261,0.4101,4.208,0,0,0.0,0.4101,3,12.104,0,NORMAL
2026-10-03 04:00:00,R2,2.51,7.901,0.3177,2.51,0,0,0.0,0.3177,2,10.48,0,NORMAL
2026-10-03 04:15:00,R1,4.475,11.934,0.375,4.475,0,0,0.0,0.375,3,10.407,0,NORMAL
2026-10-03 04:15:00,R2,2.356,8.224,0.2865,2.356,0,0,0.0,0.2865,2,10.068,0,NORMAL
2026-10-03 04:30:00,R1,4.804,6.659,0.7215,4.804,0,0,0.0,0.7215,2,12.435,0,NORMAL
2026-10-03 04:30:00,R2,1.803,7.64,0.236,1.803,0,0,0.0,0.236,2,10.838,0,NORMAL
2026-10-03 04:45:00,R1,4.162,10.778,0.3862,4.162,0,0,0.0,0.3862,3,11.523,0,NORMAL
2026-10-03 04:45:00,R2,2.597,7.709,0.3369,2.597,0,0,0.0,0.3369,2,10.741,0,NORMAL
2026-10-03 05:00:00,R1,4.966,10.86,0.4572,4.966,0,0,0.0,0.4572,3,11.436,0,NORMAL
2026-10-03 05:00:00,R2,2.212,8.128,0.2721,2.212,0,0,0.0,0.2721,2,10.187,0,NORMAL
2026-10-03 05:15:00,R1,4.478,11.088,0.4038,4.478,0,0,0.0,0.4038,3,11.201,0,NORMAL
2026-10-03 05:15:00,R2,2.537,8.293,0.3059,2.537,0,0,0.0,0.3059,2,9.984,0,NORMAL
2026-10-03 05:30:00,R1,4.05,7.361,0.5503,4.05,0,0,0.0,0.5503,2,11.248,0,NORMAL
2026-10-03 05:30:00,R2,1.766,7.995,0.2209,1.766,0,0,0.0,0.2209,2,10.357,0,NORMAL
2026-10-03 05:45:00,R1,4.694,11.09,0.4232,4.694,0,0,0.0,0.4232,3,11.199,0,NORMAL
2026-10-03 05:45:00,R2,2.174,8.289,0.2623,2.174,0,0,0.0,0.2623,2,9.989,0,NORMAL
2026-10-03 06:00:00,R1,5.187,10.42,0.4978,5.187,0,0,0.0,0.4978,3,11.919,0,NORMAL
2026-10-03 06:00:00,R2,2.505,7.719,0.3246,2.505,0,0,0.0,0.3246,2,10.727,0,NORMAL
2026-10-03 06:15:00,R1,4.718,10.166,0.4641,4.718,0,0,0.0,0.4641,3,12.218,0,NORMAL
2026-10-03 06:15:00,R2,2.459,8.491,0.2896,2.459,0,0,0.0,0.2896,2,9.752,0,NORMAL
2026-10-03 06:30:00,R1,5.555,10.311,0.5387,5.555,0,0,0.0,0.5387,3,12.045,0,NORMAL
2026-10-03 06:30:00,R2,2.634,8.039,0.3276,2.634,0,0,0.0,0.3276,2,10.3,0,NORMAL
2026-10-03 06:45:00,R1,5.575,10.999,0.5068,5.575,0,0,0.0,0.5068,3,11.292,0,NORMAL
2026-10-03 06:45:00,R2,2.745,8.134,0.3374,2.745,0,0,0.0,0.3374,2,10.18,0,NORMAL
2026-10-03 07:00:00,R1,5.876,10.621,0.5532,5.876,0,0,0.0,0.5532,3,11.694,0,NORMAL
2026-10-03 07:00:00,R2,2.527,8.255,0.3061,2.527,0,0,0.0,0.3061,2,10.03,0,NORMAL
2026-10-03 07:15:00,R1,4.882,10.395,0.4697,4.882,0,0,0.0,0.4697,3,11.948,0,NORMAL
2026-10-03 07:15:00,R2,2.601,7.677,0.3388,2.601,0,0,0.0,0.3388,2,10.786,0,NORMAL
2026-10-03 07:30:00,R1,6.181,10.66,0.5798,6.181,0,0,0.0,0.5798,3,11.651,0,NORMAL
2026-10-03 07:30:00,R2,2.879,8.397,0.3428,2.879,0,0,0.0,0.3428,2,9.86,0,NORMAL
2026-10-03 07:45:00,R1,5.585,10.689,0.5225,5.585,0,0,0.0,0.5225,3,11.619,0,NORMAL
2026-10-03 07:45:00,R2,2.557,8.136,0.3143,2.557,0,0,0.0,0.3143,2,10.176,0,NORMAL
2026-10-03 08:00:00,R1,5.586,10.525,0.5308,5.586,0,0,0.0,0.5308,3,11.801,0,NORMAL
2026-10-03 08:00:00,R2,2.403,7.641,0.3144,2.403,0,0,0.0,0.3144,2,10.836,0,NORMAL
2026-10-03 08:15:00,R1,6.234,10.845,0.5749,6.234,0,0,0.0,0.5749,3,11.453,0,NORMAL
2026-10-03 08:15:00,R2,2.567,7.95,0.3228,2.567,0,0,0.0,0.3228,2,10.414,0,NORMAL
2026-10-03 08:30:00,R1,6.008,10.83,0.5547,6.008,0,0,0.0,0.5547,3,11.468,0,NORMAL
2026-10-03 08:30:00,R2,2.444,8.082,0.3024,2.444,0,0,0.0,0.3024,2,10.245,0,NORMAL
2026-10-03 08:45:00,R1,6.036,11.033,0.547,6.036,0,0,0.0,0.547,3,11.257,0,NORMAL
2026-10-03 08:45:00,R2,2.717,7.641,0.3556,2.717,0,0,0.0,0.3556,2,10.836,0,NORMAL
2026-10-03 09:00:00,R1,5.403,10.639,0.5079,5.403,0,0,0.0,0.5079,3,11.674,0,NORMAL
2026-10-03 09:00:00,R2,2.297,8.342,0.2753,2.297,0,0,0.0,0.2753,2,9.926,0,NORMAL
2026-10-03 09:15:00,R1,5.874,10.64,0.5521,5.874,0,0,0.0,0.5521,3,11.673,0,NORMAL
2026-10-03 09:15:00,R2,2.95,8.425,0.3501,2.95,0,0,0.0,0.3501,2,9.828,0,NORMAL
2026-10-03 09:30:00,R1,5.778,11.199,0.516,5.778,0,0,0.0,0.516,3,11.09,0,NORMAL
2026-10-03 09:30:00,R2,2.501,7.833,0.3193,2.501,0,0,0.0,0.3193,2,10.57,0,NORMAL
2026-10-03 09:45:00,R1,5.745,10.688,0.5376,5.745,0,0,0.0,0.5376,3,11.621,0,NORMAL
2026-10-03 09:45:00,R2,2.251,7.905,0.2847,2.251,0,0,0.0,0.2847,2,10.474,0,NORMAL
2026-10-03 10:00:00,R1,5.657,10.367,0.5457,5.657,0,0,0.0,0.5457,3,11.981,0,NORMAL
2026-10-03 10:00:00,R2,3.928,8.169,0.4808,3.928,0,0,0.0,0.4808,2,10.135,0,NORMAL
2026-10-03 10:15:00,R1,5.477,10.972,0.4992,5.477,0,0,0.0,0.4992,3,11.32,0,NORMAL
2026-10-03 10:15:00,R2,3.679,7.948,0.4629,3.679,0,0,0.0,0.4629,2,10.418,0,NORMAL
2026-10-03 10:30:00,R1,5.832,10.843,0.5378,5.832,0,0,0.0,0.5378,3,11.454,0,NORMAL
2026-10-03 10:30:00,R2,3.986,8.243,0.4836,3.986,0,0,0.0,0.4836,2,10.045,0,NORMAL
2026-10-03 10:45:00,R1,5.605,11.123,0.5039,5.605,0,0,0.0,0.5039,3,11.166,0,NORMAL
2026-10-03 10:45:00,R2,3.948,8.15,0.4844,3.948,0,0,0.0,0.4844,2,10.159,0,NORMAL
2026-10-03 11:00:00,R1,5.658,10.563,0.5357,5.658,0,0,0.0,0.5357,3,11.758,0,NORMAL
2026-10-03 11:00:00,R2,2.434,8.156,0.2985,2.434,0,0,0.0,0.2985,2,10.152,0,NORMAL
2026-10-03 11:15:00,R1,6.136,10.681,0.5745,6.136,0,0,0.0,0.5745,3,11.628,0,NORMAL
2026-10-03 11:15:00,R2,2.227,7.847,0.2838,2.227,0,0,0.0,0.2838,2,10.552,0,NORMAL
2026-10-03 11:30:00,R1,5.154,10.733,0.4802,5.154,0,0,0.0,0.4802,3,11.572,0,NORMAL
2026-10-03 11:30:00,R2,2.053,8.037,0.2554,2.053,0,0,0.0,0.2554,2,10.303,0,NORMAL
2026-10-03 11:45:00,R1,5.326,7.031,0.7575,5.326,0,0,0.0,0.7575,2,11.777,0,WARNING
2026-10-03 11:45:00,R2,2.564,8.212,0.3123,2.564,0,0,0.0,0.3123,2,10.083,0,NORMAL
2026-10-03 12:00:00,R1,5.98,10.648,0.5616,5.98,0,0,0.0,0.5616,3,11.664,0,NORMAL
2026-10-03 12:00:00,R2,2.115,8.004,0.2643,2.115,0,0,0.0,0.2643,2,10.345,0,NORMAL
2026-10-03 12:15:00,R1,5.463,10.456,0.5225,5.463,0,0,0.0,0.5225,3,11.879,0,NORMAL
2026-10-03 12:15:00,R2,2.554,7.931,0.322,2.554,0,0,0.0,0.322,2,10.44,0,NORMAL
2026-10-03 12:30:00,R1,6.108,10.87,0.5619,6.108,0,0,0.0,0.5619,3,11.426,0,NORMAL
2026-10-03 12:30:00,R2,2.741,7.898,0.347,2.741,0,0,0.0,0.347,2,10.484,0,NORMAL
2026-10-03 12:45:00,R1,5.091,11.029,0.4616,5.091,0,0,0.0,0.4616,3,11.262,0,NORMAL
2026-10-03 12:45:00,R2,2.233,8.36,0.2671,2.233,0,0,0.0,0.2671,2,9.905,0,NORMAL
2026-10-03 13:00:00,R1,6.228,10.845,0.5743,6.228,0,0,0.0,0.5743,3,11.452,0,NORMAL
2026-10-03 13:00:00,R2,2.462,7.815,0.315,2.462,0,0,0.0,0.315,2,10.595,0,NORMAL
2026-10-03 13:15:00,R1,5.816,10.328,0.5631,5.816,0,0,0.0,0.5631,3,12.025,0,NORMAL
2026-10-03 13:15:00,R2,2.167,8.05,0.2692,2.167,0,0,0.0,0.2692,2,10.285,0,NORMAL
2026-10-03 13:30:00,R1,6.031,10.249,0.5884,6.031,0,0,0.0,0.5884,3,12.118,0,NORMAL
2026-10-03 13:30:00,R2,2.616,7.809,0.335,2.616,0,0,0.0,0.335,2,10.603,0,NORMAL
2026-10-03 13:45:00,R1,5.589,11.446,0.4883,5.589,0,0,0.0,0.4883,3,10.851,0,NORMAL
2026-10-03 13:45:00,R2,2.067,8.218,0.2515,2.067,0,0,0.0,0.2515,2,10.075,0,NORMAL
2026-10-03 14:00:00,R1,5.937,11.741,0.5057,5.937,0,0,0.0,0.5057,3,10.579,0,NORMAL
2026-10-03 14:00:00,R2,2.389,7.98,0.2993,2.389,0,0,0.0,0.2993,2,10.375,0,NORMAL
2026-10-03 14:15:00,R1,6.257,10.532,0.5941,6.257,0,0,0.0,0.5941,3,11.793,0,NORMAL
2026-10-03 14:15:00,R2,2.443,8.337,0.293,2.443,0,0,0.0,0.293,2,9.931,0,NORMAL
2026-10-03 14:30:00,R1,6.075,11.176,0.5435,6.075,0,0,0.0,0.5435,3,11.113,0,NORMAL
2026-10-03 14:30:00,R2,2.76,8.071,0.342,2.76,0,0,0.0,0.342,2,10.259,0,NORMAL
2026-10-03 14:45:00,R1,6.366,10.55,0.6035,6.366,0,0,0.0,0.6035,3,11.773,0,NORMAL
2026-10-03 14:45:00,R2,2.533,7.799,0.3248,2.533,0,0,0.0,0.3248,2,10.616,0,NORMAL
2026-10-03 15:00:00,R1,6.04,10.329,0.5848,6.04,0,0,0.0,0.5848,3,12.025,0,NORMAL
2026-10-03 15:00:00,R2,2.458,7.3,0.3368,2.458,0,0,0.0,0.3368,2,11.343,0,NORMAL
2026-10-03 15:15:00,R1,6.434,10.689,0.6019,6.434,0,0,0.0,0.6019,3,11.619,0,NORMAL
2026-10-03 15:15:00,R2,1.895,7.831,0.2419,1.895,0,0,0.0,0.2419,2,10.573,0,NORMAL
2026-10-03 15:30:00,R1,6.569,10.799,0.6083,6.569,0,0,0.0,0.6083,3,11.501,0,NORMAL
2026-10-03 15:30:00,R2,2.301,8.283,0.2778,2.301,0,0,0.0,0.2778,2,9.997,0,NORMAL
2026-10-03 15:45:00,R1,6.174,11.012,0.5606,6.174,0,0,0.0,0.5606,3,11.278,0,NORMAL
2026-10-03 15:45:00,R2,2.546,8.246,0.3087,2.546,0,0,0.0,0.3087,2,10.041,0,NORMAL
2026-10-03 16:00:00,R1,5.909,10.021,0.5896,5.909,0,0,0.0,0.5896,3,12.394,0,NORMAL
2026-10-03 16:00:00,R2,2.149,8.356,0.2572,2.149,0,0,0.0,0.2572,2,9.909,0,NORMAL
2026-10-03 16:15:00,R1,5.748,10.892,0.5277,5.748,0,0,0.0,0.5277,3,11.403,0,NORMAL
2026-10-03 16:15:00,R2,2.4,8.155,0.2943,2.4,0,0,0.0,0.2943,2,10.153,0,NORMAL
2026-10-03 16:30:00,R1,6.147,6.634,0.9267,6.147,0,0,0.0,0.9267,2,12.482,0,HIGH
2026-10-03 16:30:00,R2,2.207,8.823,0.2502,2.207,0,0,0.0,0.2502,2,9.385,0,NORMAL
2026-10-03 16:45:00,R1,5.536,11.171,0.4955,5.536,0,0,0.0,0.4955,3,11.118,0,NORMAL
2026-10-03 16:45:00,R2,2.552,7.755,0.3291,2.552,0,0,0.0,0.3291,2,10.676,0,NORMAL
2026-10-03 17:00:00,R1,6.268,10.988,0.5705,6.268,0,0,0.0,0.5705,3,11.303,0,NORMAL
2026-10-03 17:00:00,R2,2.34,8.072,0.2898,2.34,0,0,0.0,0.2898,2,10.258,0,NORMAL
2026-10-03 17:15:00,R1,5.554,10.575,0.5252,5.554,0,0,0.0,0.5252,3,11.745,0,NORMAL
2026-10-03 17:15:00,R2,2.496,8.026,0.311,2.496,0,0,0.0,0.311,2,10.316,0,NORMAL
2026-10-03 17:30:00,R1,5.519,10.671,0.5172,5.519,0,0,0.0,0.5172,3,11.639,0,NORMAL
2026-10-03 17:30:00,R2,2.636,7.774,0.3391,2.636,0,0,0.0,0.3391,2,10.65,0,NORMAL
2026-10-03 17:45:00,R1,5.383,10.733,0.5016,5.383,0,0,0.0,0.5016,3,11.572,0,NORMAL
2026-10-03 17:45:00,R2,2.206,7.915,0.2787,2.206,0,0,0.0,0.2787,2,10.461,0,NORMAL
2026-10-03 18:00:00,R1,6.127,11.268,0.5438,6.127,0,0,0.0,0.5438,3,11.023,0,NORMAL
2026-10-03 18:00:00,R2,1.941,7.847,0.2473,1.941,0,0,0.0,0.2473,2,10.552,0,NORMAL
2026-10-03 18:15:00,R1,6.468,10.245,0.6314,6.468,0,0,0.0,0.6314,3,12.123,0,NORMAL
2026-10-03 18:15:00,R2,2.115,7.793,0.2713,2.115,0,0,0.0,0.2713,2,10.624,0,NORMAL
2026-10-03 18:30:00,R1,6.613,10.537,0.6276,6.613,0,0,0.0,0.6276,3,11.787,0,NORMAL
2026-10-03 18:30:00,R2,2.403,7.895,0.3044,2.403,0,0,0.0,0.3044,2,10.488,0,NORMAL
2026-10-03 18:45:00,R1,5.518,10.946,0.5041,5.518,0,0,0.0,0.5041,3,11.346,0,NORMAL
2026-10-03 18:45:00,R2,2.923,8.222,0.3555,2.923,0,0,0.0,0.3555,2,10.07,0,NORMAL
2026-10-03 19:00:00,R1,5.394,10.369,0.5202,5.394,0,0,0.0,0.5202,3,11.978,0,NORMAL
2026-10-03 19:00:00,R2,2.345,8.292,0.2829,2.345,0,0,0.0,0.2829,2,9.986,0,NORMAL
2026-10-03 19:15:00,R1,5.923,10.261,0.5772,5.923,0,0,0.0,0.5772,3,12.104,0,NORMAL
2026-10-03 19:15:00,R2,2.499,7.964,0.3138,2.499,0,0,0.0,0.3138,2,10.397,0,NORMAL
2026-10-03 19:30:00,R1,6.128,6.686,0.9165,6.128,0,0,0.0,0.9165,2,12.384,0,HIGH
2026-10-03 19:30:00,R2,2.54,4.016,0.6325,2.54,0,0,0.0,0.6325,1,10.31,0,NORMAL
2026-10-03 19:45:00,R1,6.166,11.706,0.5267,6.166,0,0,0.0,0.5267,3,10.61,0,NORMAL
2026-10-03 19:45:00,R2,2.69,7.819,0.344,2.69,0,0,0.0,0.344,2,10.589,0,NORMAL
2026-10-03 20:00:00,R1,6.38,10.724,0.5949,6.38,0,0,0.0,0.5949,3,11.581,0,NORMAL
2026-10-03 20:00:00,R2,2.481,4.059,0.6111,2.481,0,0,0.0,0.6111,1,10.2,0,NORMAL
2026-10-03 20:15:00,R1,5.418,10.783,0.5024,5.418,0,0,0.0,0.5024,3,11.518,0,NORMAL
2026-10-03 20:15:00,R2,2.881,7.937,0.363,2.881,0,0,0.0,0.363,2,10.432,0,NORMAL
2026-10-03 20:30:00,R1,5.515,11.157,0.4943,5.515,0,0,0.0,0.4943,3,11.132,0,NORMAL
2026-10-03 20:30:00,R2,2.587,8.867,0.2917,2.587,0,0,0.0,0.2917,2,9.338,0,NORMAL
2026-10-03 20:45:00,R1,6.225,9.936,0.6266,6.225,0,0,0.0,0.6266,3,12.5,0,NORMAL
2026-10-03 20:45:00,R2,2.715,8.197,0.3313,2.715,0,0,0.0,0.3313,2,10.102,0,NORMAL
2026-10-03 21:00:00,R1,5.695,10.777,0.5285,5.695,0,0,0.0,0.5285,3,11.525,0,NORMAL
2026-10-03 21:00:00,R2,2.325,7.845,0.2963,2.325,0,0,0.0,0.2963,2,10.554,0,NORMAL
2026-10-03 21:15:00,R1,5.585,10.011,0.5579,5.585,0,0,0.0,0.5579,3,12.406,0,NORMAL
2026-10-03 21:15:00,R2,2.66,8.373,0.3177,2.66,0,0,0.0,0.3177,2,9.889,0,NORMAL
2026-10-03 21:30:00,R1,5.533,11.678,0.4738,5.533,0,0,0.0,0.4738,3,10.635,0,NORMAL
2026-10-03 21:30:00,R2,2.788,7.504,0.3715,2.788,0,0,0.0,0.3715,2,11.034,0,NORMAL
2026-10-03 21:45:00,R1,4.943,10.632,0.4649,4.943,0,0,0.0,0.4649,3,11.681,0,NORMAL
2026-10-03 21:45:00,R2,2.275,8.199,0.2774,2.275,0,0,0.0,0.2774,2,10.099,0,NORMAL
2026-10-03 22:00:00,R1,4.011,10.327,0.3884,4.011,0,0,0.0,0.3884,3,12.027,0,NORMAL
2026-10-03 22:00:00,R2,1.766,7.277,0.2426,1.766,0,0,0.0,0.2426,2,11.379,0,NORMAL
2026-10-03 22:15:00,R1,4.841,10.852,0.446,4.841,0,0,0.0,0.446,3,11.445,0,NORMAL
2026-10-03 22:15:00,R2,1.943,7.441,0.2611,1.943,0,0,0.0,0.2611,2,11.128,0,NORMAL
2026-10-03 22:30:00,R1,4.626,6.824,0.6779,4.626,0,0,0.0,0.6779,2,12.133,0,NORMAL
2026-10-03 22:30:00,R2,1.703,8.039,0.2118,1.703,0,0,0.0,0.2118,2,10.3,0,NORMAL
2026-10-03 22:45:00,R1,3.994,10.887,0.3668,3.994,0,0,0.0,0.3668,3,11.408,0,NORMAL
2026-10-03 22:45:00,R2,2.224,8.546,0.2602,2.224,0,0,0.0,0.2602,2,9.689,0,NORMAL
2026-10-03 23:00:00,R1,4.554,11.037,0.4126,4.554,0,0,0.0,0.4126,3,11.253,0,NORMAL
2026-10-03 23:00:00,R2,2.131,7.8,0.2733,2.131,0,0,0.0,0.2733,2,10.615,0,NORMAL
2026-10-03 23:15:00,R1,4.453,10.581,0.4208,4.453,0,0,0.0,0.4208,3,11.738,0,NORMAL
2026-10-03 23:15:00,R2,2.305,7.974,0.289,2.305,0,0,0.0,0.289,2,10.384,0,NORMAL
2026-10-03 23:30:00,R1,4.45,10.644,0.418,4.45,0,0,0.0,0.418,3,11.668,0,NORMAL
2026-10-03 23:30:00,R2,2.076,8.164,0.2543,2.076,0,0,0.0,0.2543,2,10.142,0,NORMAL
2026-10-03 23:45:00,R1,4.631,10.992,0.4213,4.631,0,0,0.0,0.4213,3,11.299,0,NORMAL
2026-10-03 23:45:00,R2,2.115,7.772,0.2722,2.115,0,0,0.0,0.2722,2,10.654,0,NORMAL
2026-10-04 00:00:00,R1,4.394,10.582,0.4153,4.394,0,0,0.0,0.4153,3,11.737,0,NORMAL
2026-10-04 00:00:00,R2,2.016,7.584,0.2658,2.016,0,0,0.0,0.2658,2,10.918,0,NORMAL
2026-10-04 00:15:00,R1,4.506,11.074,0.4069,4.506,0,0,0.0,0.4069,3,11.215,0,NORMAL
2026-10-04 00:15:00,R2,2.474,8.0,0.3092,2.474,0,0,0.0,0.3092,2,10.35,0,NORMAL
2026-10-04 00:30:00,R1,4.619,10.579,0.4366,4.619,0,0,0.0,0.4366,3,11.74,0,NORMAL
2026-10-04 00:30:00,R2,2.224,7.829,0.2841,2.224,0,0,0.0,0.2841,2,10.575,0,NORMAL
2026-10-04 00:45:00,R1,4.383,10.698,0.4097,4.383,0,0,0.0,0.4097,3,11.61,0,NORMAL
2026-10-04 00:45:00,R2,2.303,7.925,0.2906,2.303,0,0,0.0,0.2906,2,10.448,0,NORMAL
2026-10-04 01:00:00,R1,4.798,11.468,0.4184,4.798,0,0,0.0,0.4184,3,10.83,0,NORMAL
2026-10-04 01:00:00,R2,2.041,8.175,0.2497,2.041,0,0,0.0,0.2497,2,10.129,0,NORMAL
2026-10-04 01:15:00,R1,4.314,10.255,0.4206,4.314,0,0,0.0,0.4206,3,12.111,0,NORMAL
2026-10-04 01:15:00,R2,2.279,7.98,0.2856,2.279,0,0,0.0,0.2856,2,10.376,0,NORMAL
2026-10-04 01:30:00,R1,4.606,10.988,0.4192,4.606,0,0,0.0,0.4192,3,11.303,0,NORMAL
2026-10-04 01:30:00,R2,2.126,8.175,0.2601,2.126,0,0,0.0,0.2601,2,10.129,0,NORMAL
2026-10-04 01:45:00,R1,5.039,10.795,0.4668,5.039,0,0,0.0,0.4668,3,11.505,0,NORMAL
2026-10-04 01:45:00,R2,2.363,8.315,0.2842,2.363,0,0,0.0,0.2842,2,9.958,0,NORMAL
2026-10-04 02:00:00,R1,4.538,10.655,0.4259,4.538,0,0,0.0,0.4259,3,11.656,0,NORMAL
2026-10-04 02:00:00,R2,1.916,8.302,0.2308,1.916,0,0,0.0,0.2308,2,9.974,0,NORMAL
2026-10-04 02:15:00,R1,4.522,11.332,0.399,4.522,0,0,0.0,0.399,3,10.96,0,NORMAL
2026-10-04 02:15:00,R2,2.552,8.173,0.3123,2.552,0,0,0.0,0.3123,2,10.131,0,NORMAL
2026-10-04 02:30:00,R1,3.99,10.157,0.3929,3.99,0,0,0.0,0.3929,3,12.228,0,NORMAL
2026-10-04 02:30:00,R2,2.112,8.131,0.2597,2.112,0,0,0.0,0.2597,2,10.183,0,NORMAL
2026-10-04 02:45:00,R1,3.944,10.476,0.3764,3.944,0,0,0.0,0.3764,3,11.856,0,NORMAL
2026-10-04 02:45:00,R2,2.493,8.15,0.3059,2.493,0,0,0.0,0.3059,2,10.16,0,NORMAL
2026-10-04 03:00:00,R1,4.021,10.542,0.3814,4.021,0,0,0.0,0.3814,3,11.782,0,NORMAL
2026-10-04 03:00:00,R2,2.088,8.502,0.2455,2.088,0,0,0.0,0.2455,2,9.739,0,NORMAL
2026-10-04 03:15:00,R1,4.553,11.077,0.411,4.553,0,0,0.0,0.411,3,11.213,0,NORMAL
2026-10-04 03:15:00,R2,2.516,8.231,0.3057,2.516,0,0,0.0,0.3057,2,10.059,0,NORMAL
2026-10-04 03:30:00,R1,4.805,10.491,0.458,4.805,0,0,0.0,0.458,3,11.839,0,NORMAL
2026-10-04 03:30:00,R2,2.277,8.251,0.276,2.277,0,0,0.0,0.276,2,10.035,0,NORMAL
2026-10-04 03:45:00,R1,4.413,10.749,0.4105,4.413,0,0,0.0,0.4105,3,11.554,0,NORMAL
2026-10-04 03:45:00,R2,2.012,7.887,0.2551,2.012,0,0,0.0,0.2551,2,10.499,0,NORMAL
2026-10-04 04:00:00,R1,4.052,10.685,0.3792,4.052,0,0,0.0,0.3792,3,11.623,0,NORMAL
2026-10-04 04:00:00,R2,2.231,7.629,0.2924,2.231,0,0,0.0,0.2924,2,10.853,0,NORMAL
2026-10-04 04:15:00,R1,4.286,10.884,0.3938,4.286,0,0,0.0,0.3938,3,11.412,0,NORMAL
2026-10-04 04:15:00,R2,2.288,7.925,0.2887,2.288,0,0,0.0,0.2887,2,10.447,0,NORMAL
2026-10-04 04:30:00,R1,4.289,10.173,0.4216,4.289,0,0,0.0,0.4216,3,12.209,0,NORMAL
2026-10-04 04:30:00,R2,1.65,7.826,0.2108,1.65,0,0,0.0,0.2108,2,10.581,0,NORMAL
2026-10-04 04:45:00,R1,4.654,10.712,0.4345,4.654,0,0,0.0,0.4345,3,11.594,0,NORMAL
2026-10-04 04:45:00,R2,2.269,7.907,0.2869,2.269,0,0,0.0,0.2869,2,10.472,0,NORMAL
2026-10-04 05:00:00,R1,3.989,11.253,0.3544,3.989,0,0,0.0,0.3544,3,11.037,0,NORMAL
2026-10-04 05:00:00,R2,2.011,8.549,0.2352,2.011,0,0,0.0,0.2352,2,9.685,0,NORMAL
2026-10-04 05:15:00,R1,4.179,10.3,0.4058,4.179,0,0,0.0,0.4058,3,12.058,0,NORMAL
2026-10-04 05:15:00,R2,2.215,7.8,0.284,2.215,0,0,0.0,0.284,2,10.616,0,NORMAL
2026-10-04 05:30:00,R1,4.413,11.197,0.3941,4.413,0,0,0.0,0.3941,3,11.093,0,NORMAL
2026-10-04 05:30:00,R2,2.163,7.864,0.2751,2.163,0,0,0.0,0.2751,2,10.529,0,NORMAL
2026-10-04 05:45:00,R1,4.393,10.455,0.4202,4.393,0,0,0.0,0.4202,3,11.88,0,NORMAL
2026-10-04 05:45:00,R2,1.887,7.587,0.2487,1.887,0,0,0.0,0.2487,2,10.913,0,NORMAL
2026-10-04 06:00:00,R1,5.605,11.284,0.4967,5.605,0,0,0.0,0.4967,3,11.006,0,NORMAL
2026-10-04 06:00:00,R2,2.912,7.975,0.3652,2.912,0,0,0.0,0.3652,2,10.383,0,NORMAL
2026-10-04 06:15:00,R1,5.502,9.915,0.5549,5.502,0,0,0.0,0.5549,3,12.527,0,NORMAL
2026-10-04 06:15:00,R2,2.609,4.084,0.6388,2.609,0,0,0.0,0.6388,1,10.136,0,NORMAL
2026-10-04 06:30:00,R1,4.953,10.675,0.464,4.953,0,0,0.0,0.464,3,11.635,0,NORMAL
2026-10-04 06:30:00,R2,2.558,8.418,0.3038,2.558,0,0,0.0,0.3038,2,9.836,0,NORMAL
2026-10-04 06:45:00,R1,5.364,6.879,0.7798,5.364,0,0,0.0,0.7798,2,12.036,0,WARNING
2026-10-04 06:45:00,R2,2.998,7.668,0.391,2.998,0,0,0.0,0.391,2,10.798,0,NORMAL
2026-10-04 07:00:00,R1,5.315,10.812,0.4916,5.315,0,0,0.0,0.4916,3,11.487,0,NORMAL
2026-10-04 07:00:00,R2,2.683,8.007,0.3351,2.683,0,0,0.0,0.3351,2,10.341,0,NORMAL
2026-10-04 07:15:00,R1,5.293,11.009,0.4808,5.293,0,0,0.0,0.4808,3,11.282,0,NORMAL
2026-10-04 07:15:00,R2,2.543,8.266,0.3077,2.543,0,0,0.0,0.3077,2,10.017,0,NORMAL
2026-10-04 07:30:00,R1,5.58,10.456,0.5336,5.58,0,0,0.0,0.5336,3,11.878,0,NORMAL
2026-10-04 07:30:00,R2,2.957,7.76,0.3811,2.957,0,0,0.0,0.3811,2,10.671,0,NORMAL
2026-10-04 07:45:00,R1,5.41,10.698,0.5057,5.41,0,0,0.0,0.5057,3,11.61,0,NORMAL
2026-10-04 07:45:00,R2,2.633,8.063,0.3265,2.633,0,0,0.0,0.3265,2,10.269,0,NORMAL
2026-10-04 08:00:00,R1,5.693,11.771,0.4836,5.693,0,0,0.0,0.4836,3,10.551,0,NORMAL
2026-10-04 08:00:00,R2,2.383,8.251,0.2889,2.383,0,0,0.0,0.2889,2,10.035,0,NORMAL
2026-10-04 08:15:00,R1,5.576,10.448,0.5337,5.576,0,0,0.0,0.5337,3,11.887,0,NORMAL
2026-10-04 08:15:00,R2,2.53,8.258,0.3064,2.53,0,0,0.0,0.3064,2,10.027,0,NORMAL
2026-10-04 08:30:00,R1,6.155,11.264,0.5464,6.155,0,0,0.0,0.5464,3,11.027,0,NORMAL
2026-10-04 08:30:00,R2,3.018,8.385,0.3599,3.018,0,0,0.0,0.3599,2,9.875,0,NORMAL
2026-10-04 08:45:00,R1,6.169,11.51,0.536,6.169,0,0,0.0,0.536,3,10.791,0,NORMAL
2026-10-04 08:45:00,R2,2.662,8.009,0.3324,2.662,0,0,0.0,0.3324,2,10.339,0,NORMAL
2026-10-04 09:00:00,R1,6.352,10.609,0.5988,6.352,0,0,0.0,0.5988,3,11.707,0,NORMAL
2026-10-04 09:00:00,R2,2.58,7.987,0.323,2.58,0,0,0.0,0.323,2,10.367,0,NORMAL
2026-10-04 09:15:00,R1,5.605,10.52,0.5328,5.605,0,0,0.0,0.5328,3,11.806,0,NORMAL
2026-10-04 09:15:00,R2,2.573,8.158,0.3154,2.573,0,0,0.0,0.3154,2,10.15,0,NORMAL
2026-10-04 09:30:00,R1,5.626,11.176,0.5034,5.626,0,0,0.0,0.5034,3,11.113,0,NORMAL
2026-10-04 09:30:00,R2,2.085,8.162,0.2554,2.085,0,0,0.0,0.2554,2,10.144,0,NORMAL
2026-10-04 09:45:00,R1,5.429,11.38,0.4771,5.429,0,0,0.0,0.4771,3,10.914,0,NORMAL
2026-10-04 09:45:00,R2,1.56,8.24,0.1894,1.56,0,0,0.0,0.1894,2,10.049,0,NORMAL
2026-10-04 10:00:00,R1,6.289,10.568,0.5951,6.289,0,0,0.0,0.5951,3,11.753,0,NORMAL
2026-10-04 10:00:00,R2,2.732,7.945,0.3438,2.732,0,0,0.0,0.3438,2,10.421,0,NORMAL
2026-10-04 10:15:00,R1,5.966,10.613,0.5621,5.966,0,0,0.0,0.5621,3,11.703,0,NORMAL
2026-10-04 10:15:00,R2,2.53,7.922,0.3194,2.53,0,0,0.0,0.3194,2,10.453,0,NORMAL
2026-10-04 10:30:00,R1,5.09,10.402,0.4893,5.09,0,0,0.0,0.4893,3,11.94,0,NORMAL
2026-10-04 10:30:00,R2,2.292,8.044,0.2849,2.292,0,0,0.0,0.2849,2,10.293,0,NORMAL
2026-10-04 10:45:00,R1,5.853,11.019,0.5312,5.853,0,0,0.0,0.5312,3,11.271,0,NORMAL
2026-10-04 10:45:00,R2,2.113,7.422,0.2847,2.113,0,0,0.0,0.2847,2,11.157,0,NORMAL
2026-10-04 11:00:00,R1,6.155,6.645,0.9263,6.155,0,0,0.0,0.9263,2,12.46,0,HIGH
2026-10-04 11:00:00,R2,2.361,7.931,0.2977,2.361,0,0,0.0,0.2977,2,10.44,0,NORMAL
2026-10-04 11:15:00,R1,5.566,11.029,0.5047,5.566,0,0,0.0,0.5047,3,11.261,0,NORMAL
2026-10-04 11:15:00,R2,2.524,8.118,0.3109,2.524,0,0,0.0,0.3109,2,10.2,0,NORMAL
2026-10-04 11:30:00,R1,5.09,10.402,0.4893,5.09,0,0,0.0,0.4893,3,11.94,0,NORMAL
2026-10-04 11:30:00,R2,2.555,7.807,0.3273,2.555,0,0,0.0,0.3273,2,10.607,0,NORMAL
2026-10-04 11:45:00,R1,5.276,10.67,0.4945,5.276,0,0,0.0,0.4945,3,11.64,0,NORMAL
2026-10-04 11:45:00,R2,2.797,8.184,0.3418,2.797,0,0,0.0,0.3418,2,10.117,0,NORMAL
2026-10-04 12:00:00,R1,5.665,10.768,0.5261,5.665,0,0,0.0,0.5261,3,11.534,0,NORMAL
2026-10-04 12:00:00,R2,2.647,8.06,0.3284,2.647,0,0,0.0,0.3284,2,10.273,0,NORMAL
2026-10-04 12:15:00,R1,5.696,11.301,0.504,5.696,0,0,0.0,0.504,3,10.99,0,NORMAL
2026-10-04 12:15:00,R2,2.344,7.804,0.3003,2.344,0,0,0.0,0.3003,2,10.61,0,NORMAL
2026-10-04 12:30:00,R1,5.543,11.58,0.4786,5.543,0,0,0.0,0.4786,3,10.726,0,NORMAL
2026-10-04 12:30:00,R2,2.507,8.314,0.3015,2.507,0,0,0.0,0.3015,2,9.959,0,NORMAL
2026-10-04 12:45:00,R1,5.869,10.521,0.5578,5.869,0,0,0.0,0.5578,3,11.805,0,NORMAL
2026-10-04 12:45:00,R2,2.3,8.088,0.2844,2.3,0,0,0.0,0.2844,2,10.237,0,NORMAL
2026-10-04 13:00:00,R1,6.165,10.67,0.5778,6.165,0,0,0.0,0.5778,3,11.64,0,NORMAL
2026-10-04 13:00:00,R2,2.401,8.21,0.2924,2.401,0,0,0.0,0.2924,2,10.085,0,NORMAL
2026-10-04 13:15:00,R1,5.918,10.31,0.574,5.918,0,0,0.0,0.574,3,12.047,0,NORMAL
2026-10-04 13:15:00,R2,2.394,8.587,0.2788,2.394,0,0,0.0,0.2788,2,9.643,0,NORMAL
2026-10-04 13:30:00,R1,6.07,10.056,0.6036,6.07,0,0,0.0,0.6036,3,12.351,0,NORMAL
2026-10-04 13:30:00,R2,2.157,7.685,0.2807,2.157,0,0,0.0,0.2807,2,10.774,0,NORMAL
2026-10-04 13:45:00,R1,5.967,10.361,0.5759,5.967,0,0,0.0,0.5759,3,11.987,0,NORMAL
2026-10-04 13:45:00,R2,2.306,8.122,0.2839,2.306,0,0,0.0,0.2839,2,10.194,0,NORMAL
2026-10-04 14:00:00,R1,6.807,10.03,0.6786,6.807,0,0,0.0,0.6786,3,12.383,0,NORMAL
2026-10-04 14:00:00,R2,1.819,7.81,0.2329,1.819,0,0,0.0,0.2329,2,10.602,0,NORMAL
2026-10-04 14:15:00,R1,6.357,11.191,0.568,6.357,0,0,0.0,0.568,3,11.099,0,NORMAL
2026-10-04 14:15:00,R2,2.483,8.576,0.2896,2.483,0,0,0.0,0.2896,2,9.655,0,NORMAL
2026-10-04 14:30:00,R1,6.542,10.095,0.648,6.542,0,0,0.0,0.648,3,12.303,0,NORMAL
2026-10-04 14:30:00,R2,2.794,3.932,0.7106,2.794,0,0,0.0,0.7106,1,10.53,0,NORMAL
2026-10-04 14:45:00,R1,6.494,11.562,0.5617,6.494,0,0,0.0,0.5617,3,10.742,0,NORMAL
2026-10-04 14:45:00,R2,2.711,8.281,0.3273,2.711,0,0,0.0,0.3273,2,9.998,0,NORMAL
2026-10-04 15:00:00,R1,6.339,6.672,0.9501,6.339,0,0,0.0,0.9501,2,12.41,0,HIGH
2026-10-04 15:00:00,R2,2.523,7.741,0.326,2.523,0,0,0.0,0.326,2,10.696,0,NORMAL
2026-10-04 15:15:00,R1,6.252,11.089,0.5638,6.252,0,0,0.0,0.5638,3,11.2,0,NORMAL
2026-10-04 15:15:00,R2,2.532,8.524,0.297,2.532,0,0,0.0,0.297,2,9.714,0,NORMAL
2026-10-04 15:30:00,R1,8.791,10.32,0.8519,8.791,0,0,0.0,0.8519,3,12.035,0,WARNING
2026-10-04 15:30:00,R2,2.343,7.677,0.3052,2.343,0,0,0.0,0.3052,2,10.786,0,NORMAL
2026-10-04 15:45:00,R1,8.912,10.013,0.89,8.912,0,0,0.0,0.89,3,12.404,0,WARNING
2026-10-04 15:45:00,R2,2.392,8.25,0.2899,2.392,0,0,0.0,0.2899,2,10.036,0,NORMAL
2026-10-04 16:00:00,R1,9.01,11.076,0.8135,9.01,0,0,0.0,0.8135,3,11.214,0,WARNING
2026-10-04 16:00:00,R2,2.146,8.131,0.2639,2.146,0,0,0.0,0.2639,2,10.184,0,NORMAL
2026-10-04 16:15:00,R1,9.055,10.113,0.8955,9.055,0,0,0.0,0.8955,3,12.282,0,WARNING
2026-10-04 16:15:00,R2,2.52,8.214,0.3068,2.52,0,0,0.0,0.3068,2,10.081,0,NORMAL
2026-10-04 16:30:00,R1,5.785,10.768,0.5373,5.785,0,0,0.0,0.5373,3,11.534,0,NORMAL
2026-10-04 16:30:00,R2,2.512,7.862,0.3195,2.512,0,0,0.0,0.3195,2,10.532,0,NORMAL
2026-10-04 16:45:00,R1,6.562,10.475,0.6264,6.562,0,0,0.0,0.6264,3,11.856,0,NORMAL
2026-10-04 16:45:00,R2,2.023,8.34,0.2426,2.023,0,0,0.0,0.2426,2,9.928,0,NORMAL
2026-10-04 17:00:00,R1,6.208,10.267,0.6046,6.208,0,0,0.0,0.6046,3,12.097,0,NORMAL
2026-10-04 17:00:00,R2,2.266,8.355,0.2712,2.266,0,0,0.0,0.2712,2,9.91,0,NORMAL
2026-10-04 17:15:00,R1,5.994,10.493,0.5712,5.994,0,0,0.0,0.5712,3,11.836,0,NORMAL
2026-10-04 17:15:00,R2,2.416,7.72,0.3129,2.416,0,0,0.0,0.3129,2,10.726,0,NORMAL
2026-10-04 17:30:00,R1,6.43,10.608,0.6062,6.43,0,0,0.0,0.6062,3,11.708,0,NORMAL
2026-10-04 17:30:00,R2,2.69,8.446,0.3186,2.69,0,0,0.0,0.3186,2,9.804,0,NORMAL
2026-10-04 17:45:00,R1,6.178,6.842,0.903,6.178,0,0,0.0,0.903,2,12.102,0,HIGH
2026-10-04 17:45:00,R2,2.524,7.673,0.3289,2.524,0,0,0.0,0.3289,2,10.791,0,NORMAL
2026-10-04 18:00:00,R1,5.52,10.366,0.5324,5.52,0,0,0.0,0.5324,3,11.981,0,NORMAL
2026-10-04 18:00:00,R2,2.626,8.507,0.3087,2.626,0,0,0.0,0.3087,2,9.733,0,NORMAL
2026-10-04 18:15:00,R1,6.158,10.187,0.6045,6.158,0,0,0.0,0.6045,3,12.191,0,NORMAL
2026-10-04 18:15:00,R2,2.48,8.309,0.2985,2.48,0,0,0.0,0.2985,2,9.966,0,NORMAL
2026-10-04 18:30:00,R1,5.935,10.565,0.5617,5.935,0,0,0.0,0.5617,3,11.755,0,NORMAL
2026-10-04 18:30:00,R2,2.396,8.226,0.2912,2.396,0,0,0.0,0.2912,2,10.066,0,NORMAL
2026-10-04 18:45:00,R1,5.865,10.696,0.5484,5.865,0,0,0.0,0.5484,3,11.612,0,NORMAL
2026-10-04 18:45:00,R2,2.489,7.959,0.3127,2.489,0,0,0.0,0.3127,2,10.403,0,NORMAL
2026-10-04 19:00:00,R1,4.846,10.751,0.4507,4.846,0,0,0.0,0.4507,3,11.553,0,NORMAL
2026-10-04 19:00:00,R2,2.604,8.049,0.3236,2.604,0,0,0.0,0.3236,2,10.287,0,NORMAL
2026-10-04 19:15:00,R1,4.767,10.682,0.4463,4.767,0,0,0.0,0.4463,3,11.627,0,NORMAL
2026-10-04 19:15:00,R2,2.323,8.195,0.2834,2.323,0,0,0.0,0.2834,2,10.104,0,NORMAL
2026-10-04 19:30:00,R1,6.527,10.187,0.6407,6.527,0,0,0.0,0.6407,3,12.192,0,NORMAL
2026-10-04 19:30:00,R2,2.187,8.079,0.2707,2.187,0,0,0.0,0.2707,2,10.249,0,NORMAL
2026-10-04 19:45:00,R1,5.8,10.667,0.5437,5.8,0,0,0.0,0.5437,3,11.643,0,NORMAL
2026-10-04 19:45:00,R2,2.821,8.443,0.3342,2.821,0,0,0.0,0.3342,2,9.807,0,NORMAL
2026-10-04 20:00:00,R1,5.555,10.419,0.5331,5.555,0,0,0.0,0.5331,3,11.92,0,NORMAL
2026-10-04 20:00:00,R2,2.729,8.142,0.3352,2.729,0,0,0.0,0.3352,2,10.17,0,NORMAL
2026-10-04 20:15:00,R1,6.302,10.727,0.5875,6.302,0,0,0.0,0.5875,3,11.578,0,NORMAL
2026-10-04 20:15:00,R2,2.501,7.821,0.3198,2.501,0,0,0.0,0.3198,2,10.586,0,NORMAL
2026-10-04 20:30:00,R1,5.713,10.371,0.5508,5.713,0,0,0.0,0.5508,3,11.975,0,NORMAL
2026-10-04 20:30:00,R2,2.343,8.438,0.2777,2.343,0,0,0.0,0.2777,2,9.813,0,NORMAL
2026-10-04 20:45:00,R1,5.255,11.239,0.4675,5.255,0,0,0.0,0.4675,3,11.051,0,NORMAL
2026-10-04 20:45:00,R2,2.17,8.025,0.2704,2.17,0,0,0.0,0.2704,2,10.318,0,NORMAL
2026-10-04 21:00:00,R1,5.799,11.146,0.5203,5.799,0,0,0.0,0.5203,3,11.143,0,NORMAL
2026-10-04 21:00:00,R2,2.544,8.26,0.308,2.544,0,0,0.0,0.308,2,10.024,0,NORMAL
2026-10-04 21:15:00,R1,5.668,6.838,0.8289,5.668,0,0,0.0,0.8289,2,12.109,0,WARNING
2026-10-04 21:15:00,R2,2.41,7.783,0.3096,2.41,0,0,0.0,0.3096,2,10.638,0,NORMAL
2026-10-04 21:30:00,R1,6.147,10.606,0.5795,6.147,0,0,0.0,0.5795,3,11.71,0,NORMAL
2026-10-04 21:30:00,R2,2.788,8.089,0.3447,2.788,0,0,0.0,0.3447,2,10.236,0,NORMAL
2026-10-04 21:45:00,R1,5.565,10.188,0.5463,5.565,0,0,0.0,0.5463,3,12.191,0,NORMAL
2026-10-04 21:45:00,R2,2.716,7.776,0.3492,2.716,0,0,0.0,0.3492,2,10.648,0,NORMAL
2026-10-04 22:00:00,R1,4.226,10.79,0.3916,4.226,0,0,0.0,0.3916,3,11.51,0,NORMAL
2026-10-04 22:00:00,R2,2.384,8.384,0.2843,2.384,0,0,0.0,0.2843,2,9.877,0,NORMAL
2026-10-04 22:15:00,R1,4.279,10.125,0.4226,4.279,0,0,0.0,0.4226,3,12.267,0,NORMAL
2026-10-04 22:15:00,R2,1.563,8.25,0.1895,1.563,0,0,0.0,0.1895,2,10.036,0,NORMAL
2026-10-04 22:30:00,R1,4.312,11.056,0.39,4.312,0,0,0.0,0.39,3,11.234,0,NORMAL
2026-10-04 22:30:00,R2,1.728,8.477,0.2039,1.728,0,0,0.0,0.2039,2,9.767,0,NORMAL
2026-10-04 22:45:00,R1,4.198,10.908,0.3849,4.198,0,0,0.0,0.3849,3,11.386,0,NORMAL
2026-10-04 22:45:00,R2,2.39,7.781,0.3072,2.39,0,0,0.0,0.3072,2,10.642,0,NORMAL
2026-10-04 23:00:00,R1,4.804,10.404,0.4618,4.804,0,0,0.0,0.4618,3,11.938,0,NORMAL
2026-10-04 23:00:00,R2,1.863,8.208,0.2269,1.863,0,0,0.0,0.2269,2,10.088,0,NORMAL
2026-10-04 23:15:00,R1,4.152,10.467,0.3967,4.152,0,0,0.0,0.3967,3,11.866,0,NORMAL
2026-10-04 23:15:00,R2,2.644,8.561,0.3089,2.644,0,0,0.0,0.3089,2,9.672,0,NORMAL
2026-10-04 23:30:00,R1,4.236,10.729,0.3948,4.236,0,0,0.0,0.3948,3,11.576,0,NORMAL
2026-10-04 23:30:00,R2,2.083,4.111,0.5067,2.083,0,0,0.0,0.5067,1,10.07,0,NORMAL
2026-10-04 23:45:00,R1,4.554,10.873,0.4189,4.554,0,0,0.0,0.4189,3,11.423,0,NORMAL
2026-10-04 23:45:00,R2,2.445,7.828,0.3124,2.445,0,0,0.0,0.3124,2,10.577,0,NORMAL
2026-10-05 00:00:00,R1,5.7,10.164,0.5608,5.7,0,0,0.0,0.5608,3,12.22,0,NORMAL
2026-10-05 00:00:00,R2,2.622,8.357,0.3137,2.622,0,0,0.0,0.3137,2,9.908,0,NORMAL
2026-10-05 00:15:00,R1,5.129,10.054,0.5102,5.129,0,0,0.0,0.5102,3,12.354,0,NORMAL
2026-10-05 00:15:00,R2,2.599,7.779,0.3341,2.599,0,0,0.0,0.3341,2,10.644,0,NORMAL
2026-10-05 00:30:00,R1,5.536,11.028,0.502,5.536,0,0,0.0,0.502,3,11.262,0,NORMAL
2026-10-05 00:30:00,R2,2.493,8.016,0.311,2.493,0,0,0.0,0.311,2,10.329,0,NORMAL
2026-10-05 00:45:00,R1,4.94,10.912,0.4527,4.94,0,0,0.0,0.4527,3,11.382,0,NORMAL
2026-10-05 00:45:00,R2,2.605,8.202,0.3175,2.605,0,0,0.0,0.3175,2,10.095,0,NORMAL
2026-10-05 01:00:00,R1,5.03,9.856,0.5104,5.03,0,0,0.0,0.5104,3,12.602,0,NORMAL
2026-10-05 01:00:00,R2,2.698,8.153,0.3309,2.698,0,0,0.0,0.3309,2,10.156,0,NORMAL
2026-10-05 01:15:00,R1,5.699,10.982,0.5189,5.699,0,0,0.0,0.5189,3,11.309,0,NORMAL
2026-10-05 01:15:00,R2,2.824,8.512,0.3317,2.824,0,0,0.0,0.3317,2,9.727,0,NORMAL
2026-10-05 01:30:00,R1,5.478,10.575,0.5181,5.478,0,0,0.0,0.5181,3,11.745,0,NORMAL
2026-10-05 01:30:00,R2,2.811,7.886,0.3565,2.811,0,0,0.0,0.3565,2,10.5,0,NORMAL
2026-10-05 01:45:00,R1,5.677,10.544,0.5384,5.677,0,0,0.0,0.5384,3,11.779,0,NORMAL
2026-10-05 01:45:00,R2,2.659,8.023,0.3314,2.659,0,0,0.0,0.3314,2,10.321,0,NORMAL
2026-10-05 02:00:00,R1,5.58,10.396,0.5368,5.58,0,0,0.0,0.5368,3,11.946,0,NORMAL
2026-10-05 02:00:00,R2,2.804,7.942,0.353,2.804,0,0,0.0,0.353,2,10.425,0,NORMAL
2026-10-05 02:15:00,R1,5.681,11.134,0.5102,5.681,0,0,0.0,0.5102,3,11.155,0,NORMAL
2026-10-05 02:15:00,R2,2.83,7.527,0.376,2.83,0,0,0.0,0.376,2,11.001,0,NORMAL
2026-10-05 02:30:00,R1,5.195,10.57,0.4915,5.195,0,0,0.0,0.4915,3,11.751,0,NORMAL
2026-10-05 02:30:00,R2,2.246,7.799,0.288,2.246,0,0,0.0,0.288,2,10.616,0,NORMAL
2026-10-05 02:45:00,R1,5.277,10.596,0.498,5.277,0,0,0.0,0.498,3,11.721,0,NORMAL
2026-10-05 02:45:00,R2,2.579,7.933,0.3251,2.579,0,0,0.0,0.3251,2,10.437,0,NORMAL
2026-10-05 03:00:00,R1,5.111,10.389,0.4919,5.111,0,0,0.0,0.4919,3,11.955,0,NORMAL
2026-10-05 03:00:00,R2,2.544,8.78,0.2898,2.544,0,0,0.0,0.2898,2,9.431,0,NORMAL
2026-10-05 03:15:00,R1,5.589,10.087,0.554,5.589,0,0,0.0,0.554,3,12.312,0,NORMAL
2026-10-05 03:15:00,R2,2.555,8.127,0.3143,2.555,0,0,0.0,0.3143,2,10.189,0,NORMAL
2026-10-05 03:30:00,R1,4.561,11.081,0.4116,4.561,0,0,0.0,0.4116,3,11.208,0,NORMAL
2026-10-05 03:30:00,R2,2.992,8.111,0.3689,2.992,0,0,0.0,0.3689,2,10.208,0,NORMAL
2026-10-05 03:45:00,R1,6.034,10.38,0.5813,6.034,0,0,0.0,0.5813,3,11.966,0,NORMAL
2026-10-05 03:45:00,R2,2.364,4.107,0.5757,2.364,0,0,0.0,0.5757,1,10.08,0,NORMAL
2026-10-05 04:00:00,R1,5.123,6.834,0.7497,5.123,0,0,0.0,0.7497,2,12.116,0,NORMAL
2026-10-05 04:00:00,R2,2.458,7.628,0.3222,2.458,0,0,0.0,0.3222,2,10.854,0,NORMAL
2026-10-05 04:15:00,R1,4.94,10.77,0.4587,4.94,0,0,0.0,0.4587,3,11.532,0,NORMAL
2026-10-05 04:15:00,R2,2.629,8.272,0.3178,2.629,0,0,0.0,0.3178,2,10.01,0,NORMAL
2026-10-05 04:30:00,R1,5.862,11.153,0.5256,5.862,0,0,0.0,0.5256,3,11.136,0,NORMAL
2026-10-05 04:30:00,R2,2.208,8.816,0.2505,2.208,0,0,0.0,0.2505,2,9.392,0,NORMAL
2026-10-05 04:45:00,R1,5.812,11.133,0.522,5.812,0,0,0.0,0.522,3,11.156,0,NORMAL
2026-10-05 04:45:00,R2,2.76,7.709,0.358,2.76,0,0,0.0,0.358,2,10.74,0,NORMAL
2026-10-05 05:00:00,R1,4.894,10.854,0.4509,4.894,0,0,0.0,0.4509,3,11.443,0,NORMAL
2026-10-05 05:00:00,R2,2.264,7.79,0.2907,2.264,0,0,0.0,0.2907,2,10.63,0,NORMAL
2026-10-05 05:15:00,R1,5.011,10.809,0.4635,5.011,0,0,0.0,0.4635,3,11.49,0,NORMAL
2026-10-05 05:15:00,R2,2.473,8.376,0.2953,2.473,0,0,0.0,0.2953,2,9.886,0,NORMAL
2026-10-05 05:30:00,R1,4.869,10.755,0.4527,4.869,0,0,0.0,0.4527,3,11.548,0,NORMAL
2026-10-05 05:30:00,R2,2.602,8.314,0.3129,2.602,0,0,0.0,0.3129,2,9.959,0,NORMAL
2026-10-05 05:45:00,R1,5.823,11.227,0.5187,5.823,0,0,0.0,0.5187,3,11.063,0,NORMAL
2026-10-05 05:45:00,R2,2.088,8.446,0.2473,2.088,0,0,0.0,0.2473,2,9.804,0,NORMAL
2026-10-05 06:00:00,R1,6.841,10.832,0.6316,6.841,0,0,0.0,0.6316,3,11.466,0,NORMAL
2026-10-05 06:00:00,R2,3.091,7.843,0.3942,3.091,0,0,0.0,0.3942,2,10.558,0,NORMAL
2026-10-05 06:15:00,R1,7.268,11.414,0.6368,7.268,0,0,0.0,0.6368,3,10.881,0,NORMAL
2026-10-05 06:15:00,R2,3.245,7.77,0.4176,3.245,0,0,0.0,0.4176,2,10.656,0,NORMAL
2026-10-05 06:30:00,R1,6.814,10.981,0.6206,6.814,0,0,0.0,0.6206,3,11.31,0,NORMAL
2026-10-05 06:30:00,R2,2.717,7.783,0.3492,2.717,0,0,0.0,0.3492,2,10.638,0,NORMAL
2026-10-05 06:45:00,R1,6.699,6.542,1.024,6.542,0,0.157,0.0,1.024,2,12.657,0,HIGH
2026-10-05 06:45:00,R2,2.989,8.333,0.3587,2.989,0,0,0.0,0.3587,2,9.936,0,NORMAL
2026-10-05 07:00:00,R1,6.773,10.538,0.6427,6.93,0.157,0,0.224,0.6577,3,11.786,0,NORMAL
2026-10-05 07:00:00,R2,3.074,7.936,0.3873,3.074,0,0,0.0,0.3873,2,10.434,0,NORMAL
2026-10-05 07:15:00,R1,6.768,9.898,0.6837,6.768,0,0,0.0,0.6837,3,12.548,0,NORMAL
2026-10-05 07:15:00,R2,3.562,8.206,0.4341,3.562,0,0,0.0,0.4341,2,10.091,0,NORMAL
2026-10-05 07:30:00,R1,6.628,10.118,0.655,6.628,0,0,0.0,0.655,3,12.275,0,NORMAL
2026-10-05 07:30:00,R2,3.417,8.138,0.4199,3.417,0,0,0.0,0.4199,2,10.175,0,NORMAL
2026-10-05 07:45:00,R1,6.516,10.716,0.6081,6.516,0,0,0.0,0.6081,3,11.59,0,NORMAL
2026-10-05 07:45:00,R2,2.888,8.209,0.3518,2.888,0,0,0.0,0.3518,2,10.086,0,NORMAL
2026-10-05 08:00:00,R1,7.203,10.8,0.6669,7.203,0,0,0.0,0.6669,3,11.5,0,NORMAL
2026-10-05 08:00:00,R2,2.93,8.227,0.3561,2.93,0,0,0.0,0.3561,2,10.065,0,NORMAL
2026-10-05 08:15:00,R1,7.165,11.087,0.6463,7.165,0,0,0.0,0.6463,3,11.202,0,NORMAL
2026-10-05 08:15:00,R2,2.871,7.632,0.3762,2.871,0,0,0.0,0.3762,2,10.85,0,NORMAL
2026-10-05 08:30:00,R1,6.284,10.812,0.5812,6.284,0,0,0.0,0.5812,3,11.487,0,NORMAL
2026-10-05 08:30:00,R2,3.188,8.069,0.3951,3.188,0,0,0.0,0.3951,2,10.261,0,NORMAL
2026-10-05 08:45:00,R1,6.668,10.161,0.6562,6.668,0,0,0.0,0.6562,3,12.223,0,NORMAL
2026-10-05 08:45:00,R2,3.258,8.269,0.394,3.258,0,0,0.0,0.394,2,10.013,0,NORMAL
2026-10-05 09:00:00,R1,6.939,11.239,0.6173,6.939,0,0,0.0,0.6173,3,11.05,0,NORMAL
2026-10-05 09:00:00,R2,2.959,7.781,0.3803,2.959,0,0,0.0,0.3803,2,10.642,0,NORMAL
2026-10-05 09:15:00,R1,6.758,10.772,0.6273,6.758,0,0,0.0,0.6273,3,11.53,0,NORMAL
2026-10-05 09:15:00,R2,3.18,8.228,0.3865,3.18,0,0,0.0,0.3865,2,10.063,0,NORMAL
2026-10-05 09:30:00,R1,7.52,10.939,0.6874,7.52,0,0,0.0,0.6874,3,11.354,0,NORMAL
2026-10-05 09:30:00,R2,2.934,8.377,0.3502,2.934,0,0,0.0,0.3502,2,9.885,0,NORMAL
2026-10-05 09:45:00,R1,6.629,10.76,0.616,6.629,0,0,0.0,0.616,3,11.542,0,NORMAL
2026-10-05 09:45:00,R2,2.593,7.772,0.3336,2.593,0,0,0.0,0.3336,2,10.653,0,NORMAL
2026-10-05 10:00:00,R1,6.873,10.905,0.6302,6.873,0,0,0.0,0.6302,3,11.389,0,NORMAL
2026-10-05 10:00:00,R2,2.487,8.197,0.3034,2.487,0,0,0.0,0.3034,2,10.101,0,NORMAL
2026-10-05 10:15:00,R1,7.085,11.082,0.6393,7.085,0,0,0.0,0.6393,3,11.207,0,NORMAL
2026-10-05 10:15:00,R2,2.814,8.156,0.345,2.814,0,0,0.0,0.345,2,10.152,0,NORMAL
2026-10-05 10:30:00,R1,6.159,10.788,0.5709,6.159,0,0,0.0,0.5709,3,11.513,0,NORMAL
2026-10-05 10:30:00,R2,2.888,8.445,0.342,2.888,0,0,0.0,0.342,2,9.805,0,NORMAL
2026-10-05 10:45:00,R1,7.042,10.906,0.6457,7.042,0,0,0.0,0.6457,3,11.388,0,NORMAL
2026-10-05 10:45:00,R2,2.694,8.261,0.3261,2.694,0,0,0.0,0.3261,2,10.023,0,NORMAL
2026-10-05 11:00:00,R1,7.115,11.076,0.6424,7.115,0,0,0.0,0.6424,3,11.214,0,NORMAL
2026-10-05 11:00:00,R2,2.891,7.98,0.3623,2.891,0,0,0.0,0.3623,2,10.376,0,NORMAL
2026-10-05 11:15:00,R1,7.095,11.026,0.6435,7.095,0,0,0.0,0.6435,3,11.265,0,NORMAL
2026-10-05 11:15:00,R2,3.137,8.284,0.3787,3.137,0,0,0.0,0.3787,2,9.995,0,NORMAL
2026-10-05 11:30:00,R1,6.697,10.408,0.6435,6.697,0,0,0.0,0.6435,3,11.933,0,NORMAL
2026-10-05 11:30:00,R2,2.564,8.175,0.3137,2.564,0,0,0.0,0.3137,2,10.129,0,NORMAL
2026-10-05 11:45:00,R1,5.721,10.983,0.5209,5.721,0,0,0.0,0.5209,3,11.308,0,NORMAL
2026-10-05 11:45:00,R2,2.945,7.877,0.3739,2.945,0,0,0.0,0.3739,2,10.512,0,NORMAL
2026-10-05 12:00:00,R1,7.407,10.999,0.6735,7.407,0,0,0.0,0.6735,3,11.292,0,NORMAL
2026-10-05 12:00:00,R2,2.487,8.607,0.289,2.487,0,0,0.0,0.289,2,9.621,0,NORMAL
2026-10-05 12:15:00,R1,7.647,10.852,0.7047,7.647,0,0,0.0,0.7047,3,11.445,0,NORMAL
2026-10-05 12:15:00,R2,3.038,8.191,0.3708,3.038,0,0,0.0,0.3708,2,10.109,0,NORMAL
2026-10-05 12:30:00,R1,6.945,6.787,1.0233,6.787,0,0.158,0.0,1.0233,2,12.2,0,HIGH
2026-10-05 12:30:00,R2,2.727,8.238,0.331,2.727,0,0,0.0,0.331,2,10.051,0,NORMAL
2026-10-05 12:45:00,R1,7.406,10.086,0.7342,7.564,0.158,0,0.236,0.7499,3,12.314,0,NORMAL
2026-10-05 12:45:00,R2,2.992,7.57,0.3953,2.992,0,0,0.0,0.3953,2,10.937,0,NORMAL
2026-10-05 13:00:00,R1,6.462,11.06,0.5842,6.462,0,0,0.0,0.5842,3,11.23,0,NORMAL
2026-10-05 13:00:00,R2,2.993,8.571,0.3492,2.993,0,0,0.0,0.3492,2,9.661,0,NORMAL
2026-10-05 13:15:00,R1,7.599,11.191,0.679,7.599,0,0,0.0,0.679,3,11.098,0,NORMAL
2026-10-05 13:15:00,R2,2.794,8.148,0.3429,2.794,0,0,0.0,0.3429,2,10.161,0,NORMAL
2026-10-05 13:30:00,R1,6.707,10.457,0.6414,6.707,0,0,0.0,0.6414,3,11.877,0,NORMAL
2026-10-05 13:30:00,R2,2.682,8.322,0.3223,2.682,0,0,0.0,0.3223,2,9.95,0,NORMAL
2026-10-05 13:45:00,R1,7.579,10.959,0.6915,7.579,0,0,0.0,0.6915,3,11.333,0,NORMAL
2026-10-05 13:45:00,R2,3.144,8.06,0.39,3.144,0,0,0.0,0.39,2,10.272,0,NORMAL
2026-10-05 14:00:00,R1,7.825,10.602,0.7381,7.825,0,0,0.0,0.7381,3,11.715,0,NORMAL
2026-10-05 14:00:00,R2,2.731,7.848,0.3479,2.731,0,0,0.0,0.3479,2,10.55,0,NORMAL
2026-10-05 14:15:00,R1,7.531,10.523,0.7157,7.531,0,0,0.0,0.7157,3,11.803,0,NORMAL
2026-10-05 14:15:00,R2,2.229,7.669,0.2906,2.229,0,0,0.0,0.2906,2,10.796,0,NORMAL
2026-10-05 14:30:00,R1,7.096,10.761,0.6595,7.096,0,0,0.0,0.6595,3,11.542,0,NORMAL
2026-10-05 14:30:00,R2,2.696,8.231,0.3276,2.696,0,0,0.0,0.3276,2,10.059,0,NORMAL
2026-10-05 14:45:00,R1,7.626,10.244,0.7444,7.626,0,0,0.0,0.7444,3,12.124,0,NORMAL
2026-10-05 14:45:00,R2,2.781,8.219,0.3384,2.781,0,0,0.0,0.3384,2,10.074,0,NORMAL
2026-10-05 15:00:00,R1,7.83,10.781,0.7263,7.83,0,0,0.0,0.7263,3,11.521,0,NORMAL
2026-10-05 15:00:00,R2,2.777,8.136,0.3413,2.777,0,0,0.0,0.3413,2,10.177,0,NORMAL
2026-10-05 15:15:00,R1,7.214,11.174,0.6456,7.214,0,0,0.0,0.6456,3,11.115,0,NORMAL
2026-10-05 15:15:00,R2,2.948,8.38,0.3518,2.948,0,0,0.0,0.3518,2,9.881,0,NORMAL
2026-10-05 15:30:00,R1,7.051,10.931,0.6451,7.051,0,0,0.0,0.6451,3,11.363,0,NORMAL
2026-10-05 15:30:00,R2,2.904,3.967,0.732,2.904,0,0,0.0,0.732,1,10.436,0,NORMAL
2026-10-05 15:45:00,R1,7.899,10.46,0.7552,7.899,0,0,0.0,0.7552,3,11.873,0,WARNING
2026-10-05 15:45:00,R2,2.657,7.965,0.3335,2.657,0,0,0.0,0.3335,2,10.395,0,NORMAL
2026-10-05 16:00:00,R1,7.737,10.934,0.7077,7.737,0,0,0.0,0.7077,3,11.359,0,NORMAL
2026-10-05 16:00:00,R2,2.559,8.675,0.295,2.559,0,0,0.0,0.295,2,9.545,0,NORMAL
2026-10-05 16:15:00,R1,7.687,3.046,2.524,3.046,0,4.641,0.0,1.25,1,13.594,0,CRITICAL
2026-10-05 16:15:00,R2,2.471,8.045,0.3072,2.471,0,0,0.0,0.3072,2,10.293,0,NORMAL
2026-10-05 16:30:00,R1,7.543,8.786,0.8585,8.786,4.641,3.398,7.924,1.25,3,14.135,0,HIGH
2026-10-05 16:30:00,R2,2.691,8.235,0.3268,2.691,0,0,0.0,0.3268,2,10.054,0,NORMAL
2026-10-05 16:45:00,R1,7.716,9.455,0.8161,9.455,3.398,1.659,5.391,1.1755,3,13.136,0,HIGH
2026-10-05 16:45:00,R2,2.749,7.635,0.36,2.749,0,0,0.0,0.36,2,10.845,0,NORMAL
2026-10-05 17:00:00,R1,7.711,9.549,0.8075,9.37,1.659,0,2.606,0.9812,3,13.006,0,HIGH
2026-10-05 17:00:00,R2,2.785,8.114,0.3433,2.785,0,0,0.0,0.3433,2,10.205,0,NORMAL
2026-10-05 17:15:00,R1,7.479,10.496,0.7126,7.479,0,0,0.0,0.7126,3,11.834,0,NORMAL
2026-10-05 17:15:00,R2,2.645,8.257,0.3203,2.645,0,0,0.0,0.3203,2,10.027,0,NORMAL
2026-10-05 17:30:00,R1,7.013,10.95,0.6405,7.013,0,0,0.0,0.6405,3,11.342,0,NORMAL
2026-10-05 17:30:00,R2,2.545,8.387,0.3034,2.545,0,0,0.0,0.3034,2,9.872,0,NORMAL
2026-10-05 17:45:00,R1,7.274,10.73,0.6779,7.274,0,0,0.0,0.6779,3,11.575,0,NORMAL
2026-10-05 17:45:00,R2,2.962,8.055,0.3677,2.962,0,0,0.0,0.3677,2,10.279,0,NORMAL
2026-10-05 18:00:00,R1,8.136,10.666,0.7628,8.136,0,0,0.0,0.7628,3,11.644,0,WARNING
2026-10-05 18:00:00,R2,2.915,8.313,0.3507,2.915,0,0,0.0,0.3507,2,9.96,0,NORMAL
2026-10-05 18:15:00,R1,7.476,10.617,0.7042,7.476,0,0,0.0,0.7042,3,11.699,0,NORMAL
2026-10-05 18:15:00,R2,2.724,4.038,0.6746,2.724,0,0,0.0,0.6746,1,10.253,0,NORMAL
2026-10-05 18:30:00,R1,7.126,10.305,0.6915,7.126,0,0,0.0,0.6915,3,12.052,0,NORMAL
2026-10-05 18:30:00,R2,3.076,7.651,0.402,3.076,0,0,0.0,0.402,2,10.823,0,NORMAL
2026-10-05 18:45:00,R1,7.039,10.485,0.6714,7.039,0,0,0.0,0.6714,3,11.846,0,NORMAL
2026-10-05 18:45:00,R2,2.973,7.829,0.3797,2.973,0,0,0.0,0.3797,2,10.576,0,NORMAL
2026-10-05 19:00:00,R1,6.254,10.853,0.5762,6.254,0,0,0.0,0.5762,3,11.444,0,NORMAL
2026-10-05 19:00:00,R2,2.523,8.36,0.3018,2.523,0,0,0.0,0.3018,2,9.905,0,NORMAL
2026-10-05 19:15:00,R1,6.015,10.211,0.5891,6.015,0,0,0.0,0.5891,3,12.164,0,NORMAL
2026-10-05 19:15:00,R2,3.023,8.057,0.3752,3.023,0,0,0.0,0.3752,2,10.277,0,NORMAL
2026-10-05 19:30:00,R1,7.716,10.723,0.7196,7.716,0,0,0.0,0.7196,3,11.583,0,NORMAL
2026-10-05 19:30:00,R2,3.106,8.323,0.3731,3.106,0,0,0.0,0.3731,2,9.948,0,NORMAL
2026-10-05 19:45:00,R1,6.842,10.743,0.6369,6.842,0,0,0.0,0.6369,3,11.561,0,NORMAL
2026-10-05 19:45:00,R2,3.043,7.891,0.3857,3.043,0,0,0.0,0.3857,2,10.493,0,NORMAL
2026-10-05 20:00:00,R1,6.175,11.489,0.5374,6.175,0,0,0.0,0.5374,3,10.81,0,NORMAL
2026-10-05 20:00:00,R2,2.817,7.876,0.3576,2.817,0,0,0.0,0.3576,2,10.514,0,NORMAL
2026-10-05 20:15:00,R1,6.518,10.879,0.5991,6.518,0,0,0.0,0.5991,3,11.416,0,NORMAL
2026-10-05 20:15:00,R2,2.579,8.306,0.3105,2.579,0,0,0.0,0.3105,2,9.969,0,NORMAL
2026-10-05 20:30:00,R1,7.727,10.428,0.741,7.727,0,0,0.0,0.741,3,11.911,0,NORMAL
2026-10-05 20:30:00,R2,2.827,7.575,0.3732,2.827,0,0,0.0,0.3732,2,10.93,0,NORMAL
2026-10-05 20:45:00,R1,6.86,10.607,0.6467,6.86,0,0,0.0,0.6467,3,11.709,0,NORMAL
2026-10-05 20:45:00,R2,2.894,7.742,0.3738,2.894,0,0,0.0,0.3738,2,10.695,0,NORMAL
2026-10-05 21:00:00,R1,7.024,10.895,0.6447,7.024,0,0,0.0,0.6447,3,11.399,0,NORMAL
2026-10-05 21:00:00,R2,2.773,7.972,0.3479,2.773,0,0,0.0,0.3479,2,10.387,0,NORMAL
2026-10-05 21:15:00,R1,7.415,10.584,0.7006,7.415,0,0,0.0,0.7006,3,11.735,0,NORMAL
2026-10-05 21:15:00,R2,3.046,7.833,0.3888,3.046,0,0,0.0,0.3888,2,10.57,0,NORMAL
2026-10-05 21:30:00,R1,7.19,10.953,0.6564,7.19,0,0,0.0,0.6564,3,11.339,0,NORMAL
2026-10-05 21:30:00,R2,3.187,7.839,0.4066,3.187,0,0,0.0,0.4066,2,10.563,0,NORMAL
2026-10-05 21:45:00,R1,7.045,10.615,0.6637,7.045,0,0,0.0,0.6637,3,11.701,0,NORMAL
2026-10-05 21:45:00,R2,2.676,7.876,0.3398,2.676,0,0,0.0,0.3398,2,10.513,0,NORMAL
2026-10-05 22:00:00,R1,4.784,11.062,0.4324,4.784,0,0,0.0,0.4324,3,11.228,0,NORMAL
2026-10-05 22:00:00,R2,2.537,7.92,0.3203,2.537,0,0,0.0,0.3203,2,10.455,0,NORMAL
2026-10-05 22:15:00,R1,5.504,10.535,0.5224,5.504,0,0,0.0,0.5224,3,11.789,0,NORMAL
2026-10-05 22:15:00,R2,2.439,7.884,0.3093,2.439,0,0,0.0,0.3093,2,10.502,0,NORMAL
2026-10-05 22:30:00,R1,5.198,10.956,0.4745,5.198,0,0,0.0,0.4745,3,11.337,0,NORMAL
2026-10-05 22:30:00,R2,2.307,8.39,0.275,2.307,0,0,0.0,0.275,2,9.868,0,NORMAL
2026-10-05 22:45:00,R1,5.299,10.199,0.5196,5.299,0,0,0.0,0.5196,3,12.177,0,NORMAL
2026-10-05 22:45:00,R2,2.445,8.117,0.3012,2.445,0,0,0.0,0.3012,2,10.2,0,NORMAL
2026-10-05 23:00:00,R1,5.461,10.767,0.5072,5.461,0,0,0.0,0.5072,3,11.535,0,NORMAL
2026-10-05 23:00:00,R2,2.164,7.947,0.2722,2.164,0,0,0.0,0.2722,2,10.419,0,NORMAL
2026-10-05 23:15:00,R1,5.528,10.407,0.5312,5.528,0,0,0.0,0.5312,3,11.935,0,NORMAL
2026-10-05 23:15:00,R2,2.197,7.648,0.2873,2.197,0,0,0.0,0.2873,2,10.826,0,NORMAL
2026-10-05 23:30:00,R1,5.522,10.482,0.5269,5.522,0,0,0.0,0.5269,3,11.849,0,NORMAL
2026-10-05 23:30:00,R2,2.701,7.773,0.3475,2.701,0,0,0.0,0.3475,2,10.652,0,NORMAL
2026-10-05 23:45:00,R1,5.424,10.63,0.5102,5.424,0,0,0.0,0.5102,3,11.684,0,NORMAL
2026-10-05 23:45:00,R2,2.681,7.886,0.34,2.681,0,0,0.0,0.34,2,10.5,0,NORMAL
2026-10-06 00:00:00,R1,5.085,10.692,0.4756,5.085,0,0,0.0,0.4756,3,11.617,0,NORMAL
2026-10-06 00:00:00,R2,2.659,8.416,0.3159,2.659,0,0,0.0,0.3159,2,9.838,0,NORMAL
2026-10-06 00:15:00,R1,5.771,10.419,0.5539,5.771,0,0,0.0,0.5539,3,11.92,0,NORMAL
2026-10-06 00:15:00,R2,2.629,7.533,0.349,2.629,0,0,0.0,0.349,2,10.992,0,NORMAL
2026-10-06 00:30:00,R1,5.002,10.538,0.4747,5.002,0,0,0.0,0.4747,3,11.786,0,NORMAL
2026-10-06 00:30:00,R2,2.52,8.743,0.2882,2.52,0,0,0.0,0.2882,2,9.47,0,NORMAL
2026-10-06 00:45:00,R1,5.357,11.423,0.469,5.357,0,0,0.0,0.469,3,10.872,0,NORMAL
2026-10-06 00:45:00,R2,2.842,7.892,0.3601,2.842,0,0,0.0,0.3601,2,10.492,0,NORMAL
2026-10-06 01:00:00,R1,5.327,10.614,0.5019,5.327,0,0,0.0,0.5019,3,11.701,0,NORMAL
2026-10-06 01:00:00,R2,2.646,8.403,0.3149,2.646,0,0,0.0,0.3149,2,9.854,0,NORMAL
2026-10-06 01:15:00,R1,5.402,10.318,0.5236,5.402,0,0,0.0,0.5236,3,12.037,0,NORMAL
2026-10-06 01:15:00,R2,2.616,8.166,0.3203,2.616,0,0,0.0,0.3203,2,10.139,0,NORMAL
2026-10-06 01:30:00,R1,5.62,10.947,0.5134,5.62,0,0,0.0,0.5134,3,11.345,0,NORMAL
2026-10-06 01:30:00,R2,2.608,7.842,0.3326,2.608,0,0,0.0,0.3326,2,10.558,0,NORMAL
2026-10-06 01:45:00,R1,5.983,10.514,0.569,5.983,0,0,0.0,0.569,3,11.813,0,NORMAL
2026-10-06 01:45:00,R2,2.502,8.144,0.3072,2.502,0,0,0.0,0.3072,2,10.167,0,NORMAL
2026-10-06 02:00:00,R1,5.383,10.43,0.5161,5.383,0,0,0.0,0.5161,3,11.908,0,NORMAL
2026-10-06 02:00:00,R2,2.32,8.03,0.289,2.32,0,0,0.0,0.289,2,10.312,0,NORMAL
2026-10-06 02:15:00,R1,5.402,10.793,0.5005,5.402,0,0,0.0,0.5005,3,11.507,0,NORMAL
2026-10-06 02:15:00,R2,2.901,7.961,0.3644,2.901,0,0,0.0,0.3644,2,10.401,0,NORMAL
2026-10-06 02:30:00,R1,4.666,10.946,0.4262,4.666,0,0,0.0,0.4262,3,11.346,0,NORMAL
2026-10-06 02:30:00,R2,2.486,7.795,0.3189,2.486,0,0,0.0,0.3189,2,10.623,0,NORMAL
2026-10-06 02:45:00,R1,5.574,10.555,0.5281,5.574,0,0,0.0,0.5281,3,11.767,0,NORMAL
2026-10-06 02:45:00,R2,2.433,7.997,0.3042,2.433,0,0,0.0,0.3042,2,10.354,0,NORMAL
2026-10-06 03:00:00,R1,5.038,9.969,0.5053,5.038,0,0,0.0,0.5053,3,12.458,0,NORMAL
2026-10-06 03:00:00,R2,2.486,8.791,0.2827,2.486,0,0,0.0,0.2827,2,9.419,0,NORMAL
2026-10-06 03:15:00,R1,5.091,11.288,0.451,5.091,0,0,0.0,0.451,3,11.003,0,NORMAL
2026-10-06 03:15:00,R2,2.485,8.317,0.2988,2.485,0,0,0.0,0.2988,2,9.956,0,NORMAL
2026-10-06 03:30:00,R1,5.692,10.784,0.5278,5.692,0,0,0.0,0.5278,3,11.518,0,NORMAL
2026-10-06 03:30:00,R2,2.852,8.139,0.3504,2.852,0,0,0.0,0.3504,2,10.173,0,NORMAL
2026-10-06 03:45:00,R1,5.683,10.739,0.5292,5.683,0,0,0.0,0.5292,3,11.565,0,NORMAL
2026-10-06 03:45:00,R2,2.976,7.711,0.3859,2.976,0,0,0.0,0.3859,2,10.737,0,NORMAL
2026-10-06 04:00:00,R1,5.481,6.833,0.8022,5.481,0,0,0.0,0.8022,2,12.118,0,WARNING
2026-10-06 04:00:00,R2,2.405,8.152,0.2951,2.405,0,0,0.0,0.2951,2,10.157,0,NORMAL
2026-10-06 04:15:00,R1,5.638,7.353,0.7667,5.638,0,0,0.0,0.7667,2,11.26,0,WARNING
2026-10-06 04:15:00,R2,2.676,8.155,0.3282,2.676,0,0,0.0,0.3282,2,10.153,0,NORMAL
2026-10-06 04:30:00,R1,5.909,11.323,0.5219,5.909,0,0,0.0,0.5219,3,10.968,0,NORMAL
2026-10-06 04:30:00,R2,2.895,8.221,0.3521,2.895,0,0,0.0,0.3521,2,10.072,0,NORMAL
2026-10-06 04:45:00,R1,5.219,10.584,0.4931,5.219,0,0,0.0,0.4931,3,11.734,0,NORMAL
2026-10-06 04:45:00,R2,2.509,7.843,0.3198,2.509,0,0,0.0,0.3198,2,10.557,0,NORMAL
2026-10-06 05:00:00,R1,5.708,11.588,0.4926,5.708,0,0,0.0,0.4926,3,10.718,0,NORMAL
2026-10-06 05:00:00,R2,2.697,8.415,0.3205,2.697,0,0,0.0,0.3205,2,9.84,0,NORMAL
2026-10-06 05:15:00,R1,5.853,10.577,0.5534,5.853,0,0,0.0,0.5534,3,11.742,0,NORMAL
2026-10-06 05:15:00,R2,2.782,8.204,0.3391,2.782,0,0,0.0,0.3391,2,10.093,0,NORMAL
2026-10-06 05:30:00,R1,5.466,10.741,0.5088,5.466,0,0,0.0,0.5088,3,11.563,0,NORMAL
2026-10-06 05:30:00,R2,2.567,7.831,0.3278,2.567,0,0,0.0,0.3278,2,10.573,0,NORMAL
2026-10-06 05:45:00,R1,5.621,11.11,0.5059,5.621,0,0,0.0,0.5059,3,11.179,0,NORMAL
2026-10-06 05:45:00,R2,3.056,8.674,0.3523,3.056,0,0,0.0,0.3523,2,9.546,0,NORMAL
2026-10-06 06:00:00,R1,6.295,10.274,0.6127,6.295,0,0,0.0,0.6127,3,12.088,0,NORMAL
2026-10-06 06:00:00,R2,2.674,8.633,0.3097,2.674,0,0,0.0,0.3097,2,9.591,0,NORMAL
2026-10-06 06:15:00,R1,6.652,10.34,0.6433,6.652,0,0,0.0,0.6433,3,12.011,0,NORMAL
2026-10-06 06:15:00,R2,3.364,3.822,0.8804,3.364,0,0,0.0,0.8804,1,10.833,0,WARNING
2026-10-06 06:30:00,R1,6.786,6.161,1.1015,6.161,0,0.625,0.0,1.1015,2,13.44,0,HIGH
2026-10-06 06:30:00,R2,3.724,8.472,0.4395,3.724,0,0,0.0,0.4395,2,9.774,0,NORMAL
2026-10-06 06:45:00,R1,6.8,10.531,0.6457,7.425,0.625,0,0.891,0.7051,3,11.794,0,NORMAL
2026-10-06 06:45:00,R2,3.241,8.255,0.3926,3.241,0,0,0.0,0.3926,2,10.03,0,NORMAL
2026-10-06 07:00:00,R1,6.254,11.113,0.5628,6.254,0,0,0.0,0.5628,3,11.177,0,NORMAL
2026-10-06 07:00:00,R2,3.391,3.689,0.9191,3.391,0,0,0.0,0.9191,1,11.222,0,HIGH
2026-10-06 07:15:00,R1,6.555,10.416,0.6293,6.555,0,0,0.0,0.6293,3,11.924,0,NORMAL
2026-10-06 07:15:00,R2,3.049,8.003,0.381,3.049,0,0,0.0,0.381,2,10.346,0,NORMAL
2026-10-06 07:30:00,R1,6.833,10.409,0.6564,6.833,0,0,0.0,0.6564,3,11.932,0,NORMAL
2026-10-06 07:30:00,R2,2.904,8.035,0.3614,2.904,0,0,0.0,0.3614,2,10.305,0,NORMAL
2026-10-06 07:45:00,R1,6.724,10.508,0.6399,6.724,0,0,0.0,0.6399,3,11.819,0,NORMAL
2026-10-06 07:45:00,R2,3.374,8.371,0.403,3.374,0,0,0.0,0.403,2,9.891,0,NORMAL
2026-10-06 08:00:00,R1,6.231,9.94,0.6269,6.231,0,0,0.0,0.6269,3,12.495,0,NORMAL
2026-10-06 08:00:00,R2,2.93,8.2,0.3573,2.93,0,0,0.0,0.3573,2,10.097,0,NORMAL
2026-10-06 08:15:00,R1,6.375,10.929,0.5833,6.375,0,0,0.0,0.5833,3,11.365,0,NORMAL
2026-10-06 08:15:00,R2,3.411,8.248,0.4136,3.411,0,0,0.0,0.4136,2,10.039,0,NORMAL
2026-10-06 08:30:00,R1,6.971,10.636,0.6555,6.971,0,0,0.0,0.6555,3,11.678,0,NORMAL
2026-10-06 08:30:00,R2,2.673,8.064,0.3315,2.673,0,0,0.0,0.3315,2,10.268,0,NORMAL
2026-10-06 08:45:00,R1,6.899,11.207,0.6156,6.899,0,0,0.0,0.6156,3,11.082,0,NORMAL
2026-10-06 08:45:00,R2,2.849,7.998,0.3562,2.849,0,0,0.0,0.3562,2,10.352,0,NORMAL
2026-10-06 09:00:00,R1,7.037,10.862,0.6478,7.037,0,0,0.0,0.6478,3,11.435,0,NORMAL
2026-10-06 09:00:00,R2,2.969,8.041,0.3692,2.969,0,0,0.0,0.3692,2,10.297,0,NORMAL
2026-10-06 09:15:00,R1,7.264,10.863,0.6687,7.264,0,0,0.0,0.6687,3,11.433,0,NORMAL
2026-10-06 09:15:00,R2,3.201,7.988,0.4007,3.201,0,0,0.0,0.4007,2,10.366,0,NORMAL
2026-10-06 09:30:00,R1,6.832,10.761,0.6349,6.832,0,0,0.0,0.6349,3,11.542,0,NORMAL
2026-10-06 09:30:00,R2,2.705,7.741,0.3494,2.705,0,0,0.0,0.3494,2,10.696,0,NORMAL
2026-10-06 09:45:00,R1,7.527,10.485,0.7179,7.527,0,0,0.0,0.7179,3,11.845,0,NORMAL
2026-10-06 09:45:00,R2,2.751,7.598,0.3621,2.751,0,0,0.0,0.3621,2,10.897,0,NORMAL
2026-10-06 10:00:00,R1,6.759,10.861,0.6223,6.759,0,0,0.0,0.6223,3,11.435,0,NORMAL
2026-10-06 10:00:00,R2,2.734,8.261,0.331,2.734,0,0,0.0,0.331,2,10.024,0,NORMAL
2026-10-06 10:15:00,R1,6.843,10.107,0.6771,6.843,0,0,0.0,0.6771,3,12.288,0,NORMAL
2026-10-06 10:15:00,R2,3.07,8.033,0.3822,3.07,0,0,0.0,0.3822,2,10.308,0,NORMAL
2026-10-06 10:30:00,R1,7.441,10.171,0.7316,7.441,0,0,0.0,0.7316,3,12.211,0,NORMAL
2026-10-06 10:30:00,R2,3.25,7.967,0.4079,3.25,0,0,0.0,0.4079,2,10.393,0,NORMAL
2026-10-06 10:45:00,R1,7.19,10.76,0.6683,7.19,0,0,0.0,0.6683,3,11.543,0,NORMAL
2026-10-06 10:45:00,R2,2.801,8.038,0.3485,2.801,0,0,0.0,0.3485,2,10.301,0,NORMAL
2026-10-06 11:00:00,R1,6.933,10.469,0.6622,6.933,0,0,0.0,0.6622,3,11.864,0,NORMAL
2026-10-06 11:00:00,R2,3.171,8.115,0.3908,3.171,0,0,0.0,0.3908,2,10.203,0,NORMAL
2026-10-06 11:15:00,R1,6.756,10.037,0.6731,6.756,0,0,0.0,0.6731,3,12.374,0,NORMAL
2026-10-06 11:15:00,R2,3.177,7.822,0.4062,3.177,0,0,0.0,0.4062,2,10.586,0,NORMAL
2026-10-06 11:30:00,R1,6.814,10.949,0.6223,6.814,0,0,0.0,0.6223,3,11.343,0,NORMAL
2026-10-06 11:30:00,R2,2.808,8.428,0.3332,2.808,0,0,0.0,0.3332,2,9.824,0,NORMAL
2026-10-06 11:45:00,R1,6.196,10.837,0.5717,6.196,0,0,0.0,0.5717,3,11.461,0,NORMAL
2026-10-06 11:45:00,R2,2.616,7.548,0.3467,2.616,0,0,0.0,0.3467,2,10.97,0,NORMAL
2026-10-06 12:00:00,R1,7.084,10.945,0.6473,7.084,0,0,0.0,0.6473,3,11.348,0,NORMAL
2026-10-06 12:00:00,R2,2.804,8.248,0.34,2.804,0,0,0.0,0.34,2,10.039,0,NORMAL
2026-10-06 12:15:00,R1,7.288,10.802,0.6747,7.288,0,0,0.0,0.6747,3,11.498,0,NORMAL
2026-10-06 12:15:00,R2,2.455,7.933,0.3095,2.455,0,0,0.0,0.3095,2,10.437,0,NORMAL
2026-10-06 12:30:00,R1,7.041,11.47,0.6138,7.041,0,0,0.0,0.6138,3,10.828,0,NORMAL
2026-10-06 12:30:00,R2,3.106,7.662,0.4054,3.106,0,0,0.0,0.4054,2,10.807,0,NORMAL
2026-10-06 12:45:00,R1,7.368,10.5,0.7018,7.368,0,0,0.0,0.7018,3,11.829,0,NORMAL
2026-10-06 12:45:00,R2,3.062,7.937,0.3857,3.062,0,0,0.0,0.3857,2,10.432,0,NORMAL
2026-10-06 13:00:00,R1,7.233,10.211,0.7083,7.233,0,0,0.0,0.7083,3,12.164,0,NORMAL
2026-10-06 13:00:00,R2,2.828,7.64,0.3701,2.828,0,0,0.0,0.3701,2,10.837,0,NORMAL
2026-10-06 13:15:00,R1,6.882,10.976,0.627,6.882,0,0,0.0,0.627,3,11.316,0,NORMAL
2026-10-06 13:15:00,R2,2.711,7.383,0.3671,2.711,0,0,0.0,0.3671,2,11.214,0,NORMAL
2026-10-06 13:30:00,R1,7.194,11.252,0.6393,7.194,0,0,0.0,0.6393,3,11.038,0,NORMAL
2026-10-06 13:30:00,R2,2.802,8.46,0.3311,2.802,0,0,0.0,0.3311,2,9.787,0,NORMAL
2026-10-06 13:45:00,R1,7.211,11.035,0.6535,7.211,0,0,0.0,0.6535,3,11.255,0,NORMAL
2026-10-06 13:45:00,R2,2.595,8.14,0.3188,2.595,0,0,0.0,0.3188,2,10.172,0,NORMAL
2026-10-06 14:00:00,R1,7.292,10.812,0.6744,7.292,0,0,0.0,0.6744,3,11.487,0,NORMAL
2026-10-06 14:00:00,R2,2.834,7.461,0.3798,2.834,0,0,0.0,0.3798,2,11.098,0,NORMAL
2026-10-06 14:15:00,R1,7.765,5.989,1.2966,5.989,0,1.776,0.0,1.25,2,13.825,0,HIGH
2026-10-06 14:15:00,R2,2.772,8.169,0.3393,2.772,0,0,0.0,0.3393,2,10.136,0,NORMAL
2026-10-06 14:30:00,R1,7.205,5.901,1.2211,5.901,1.776,3.081,4.515,1.25,2,14.032,0,CRITICAL
2026-10-06 14:30:00,R2,2.976,8.504,0.35,2.976,0,0,0.0,0.35,2,9.736,0,NORMAL
2026-10-06 14:45:00,R1,7.699,9.349,0.8235,9.349,3.081,1.431,4.943,1.153,3,13.284,0,HIGH
2026-10-06 14:45:00,R2,2.836,7.586,0.3739,2.836,0,0,0.0,0.3739,2,10.915,0,NORMAL
2026-10-06 15:00:00,R1,7.103,9.744,0.729,8.534,1.431,0,2.203,0.8759,3,12.747,0,WARNING
2026-10-06 15:00:00,R2,2.763,8.483,0.3257,2.763,0,0,0.0,0.3257,2,9.761,0,NORMAL
2026-10-06 15:15:00,R1,7.578,10.748,0.7051,7.578,0,0,0.0,0.7051,3,11.556,0,NORMAL
2026-10-06 15:15:00,R2,2.78,7.977,0.3485,2.78,0,0,0.0,0.3485,2,10.38,0,NORMAL
2026-10-06 15:30:00,R1,7.577,10.627,0.713,7.577,0,0,0.0,0.713,3,11.687,0,NORMAL
2026-10-06 15:30:00,R2,2.586,8.209,0.315,2.586,0,0,0.0,0.315,2,10.086,0,NORMAL
2026-10-06 15:45:00,R1,7.816,10.864,0.7194,7.816,0,0,0.0,0.7194,3,11.432,0,NORMAL
2026-10-06 15:45:00,R2,2.974,7.783,0.3821,2.974,0,0,0.0,0.3821,2,10.638,0,NORMAL
2026-10-06 16:00:00,R1,6.942,11.247,0.6172,6.942,0,0,0.0,0.6172,3,11.043,0,NORMAL
2026-10-06 16:00:00,R2,2.879,7.579,0.3799,2.879,0,0,0.0,0.3799,2,10.925,0,NORMAL
2026-10-06 16:15:00,R1,7.338,10.378,0.7071,7.338,0,0,0.0,0.7071,3,11.968,0,NORMAL
2026-10-06 16:15:00,R2,2.645,8.232,0.3213,2.645,0,0,0.0,0.3213,2,10.059,0,NORMAL
2026-10-06 16:30:00,R1,7.534,11.028,0.6832,7.534,0,0,0.0,0.6832,3,11.262,0,NORMAL
2026-10-06 16:30:00,R2,3.037,7.699,0.3944,3.037,0,0,0.0,0.3944,2,10.754,0,NORMAL
2026-10-06 16:45:00,R1,7.307,10.45,0.6992,7.307,0,0,0.0,0.6992,3,11.886,0,NORMAL
2026-10-06 16:45:00,R2,2.732,8.231,0.3319,2.732,0,0,0.0,0.3319,2,10.059,0,NORMAL
2026-10-06 17:00:00,R1,7.183,11.038,0.6507,7.183,0,0,0.0,0.6507,3,11.252,0,NORMAL
2026-10-06 17:00:00,R2,2.729,8.107,0.3366,2.729,0,0,0.0,0.3366,2,10.213,0,NORMAL
2026-10-06 17:15:00,R1,8.049,10.773,0.7472,8.049,0,0,0.0,0.7472,3,11.529,0,NORMAL
2026-10-06 17:15:00,R2,2.982,7.93,0.376,2.982,0,0,0.0,0.376,2,10.441,0,NORMAL
2026-10-06 17:30:00,R1,7.371,10.403,0.7086,7.371,0,0,0.0,0.7086,3,11.939,0,NORMAL
2026-10-06 17:30:00,R2,2.771,8.326,0.3328,2.771,0,0,0.0,0.3328,2,9.945,0,NORMAL
2026-10-06 17:45:00,R1,7.083,6.565,1.079,6.565,0,0.519,0.0,1.079,2,12.613,0,HIGH
2026-10-06 17:45:00,R2,2.836,7.947,0.3569,2.836,0,0,0.0,0.3569,2,10.419,0,NORMAL
2026-10-06 18:00:00,R1,6.608,8.223,0.8035,7.126,0.519,0,0.946,0.8666,3,15.104,0,WARNING
2026-10-06 18:00:00,R2,2.862,8.513,0.3362,2.862,0,0,0.0,0.3362,2,9.726,0,NORMAL
2026-10-06 18:15:00,R1,7.124,7.793,0.9142,7.124,0,0,0.0,0.9142,3,15.938,0,HIGH
2026-10-06 18:15:00,R2,2.793,8.345,0.3347,2.793,0,0,0.0,0.3347,2,9.923,0,NORMAL
2026-10-06 18:30:00,R1,7.523,8.001,0.9402,7.523,0,0,0.0,0.9402,3,15.523,0,HIGH
2026-10-06 18:30:00,R2,3.218,8.407,0.3828,3.218,0,0,0.0,0.3828,2,9.849,0,NORMAL
2026-10-06 18:45:00,R1,7.353,7.882,0.9329,7.353,0,0,0.0,0.9329,3,15.757,0,HIGH
2026-10-06 18:45:00,R2,2.993,8.238,0.3633,2.993,0,0,0.0,0.3633,2,10.051,0,NORMAL
2026-10-06 19:00:00,R1,6.348,8.113,0.7824,6.348,0,0,0.0,0.7824,3,15.308,0,WARNING
2026-10-06 19:00:00,R2,2.727,8.194,0.3328,2.727,0,0,0.0,0.3328,2,10.105,0,NORMAL
2026-10-06 19:15:00,R1,6.163,10.601,0.5813,6.163,0,0,0.0,0.5813,3,11.716,0,NORMAL
2026-10-06 19:15:00,R2,2.843,8.03,0.3541,2.843,0,0,0.0,0.3541,2,10.312,0,NORMAL
2026-10-06 19:30:00,R1,6.838,10.993,0.6221,6.838,0,0,0.0,0.6221,3,11.298,0,NORMAL
2026-10-06 19:30:00,R2,2.854,7.457,0.3826,2.854,0,0,0.0,0.3826,2,11.103,0,NORMAL
2026-10-06 19:45:00,R1,7.23,11.321,0.6387,7.23,0,0,0.0,0.6387,3,10.971,0,NORMAL
2026-10-06 19:45:00,R2,2.772,4.145,0.6687,2.772,0,0,0.0,0.6687,1,9.988,0,NORMAL
2026-10-06 20:00:00,R1,6.826,10.448,0.6533,6.826,0,0,0.0,0.6533,3,11.887,0,NORMAL
2026-10-06 20:00:00,R2,3.26,7.742,0.4211,3.26,0,0,0.0,0.4211,2,10.695,0,NORMAL
2026-10-06 20:15:00,R1,7.182,6.324,1.1358,6.324,0,0.859,0.0,1.1358,2,13.094,0,HIGH
2026-10-06 20:15:00,R2,2.917,8.212,0.3552,2.917,0,0,0.0,0.3552,2,10.083,0,NORMAL
2026-10-06 20:30:00,R1,7.196,10.396,0.6922,8.055,0.859,0,1.239,0.7748,3,11.947,0,WARNING
2026-10-06 20:30:00,R2,3.057,7.616,0.4014,3.057,0,0,0.0,0.4014,2,10.872,0,NORMAL
2026-10-06 20:45:00,R1,6.855,10.321,0.6642,6.855,0,0,0.0,0.6642,3,12.033,0,NORMAL
2026-10-06 20:45:00,R2,3.126,7.503,0.4166,3.126,0,0,0.0,0.4166,2,11.036,0,NORMAL
2026-10-06 21:00:00,R1,7.188,10.544,0.6817,7.188,0,0,0.0,0.6817,3,11.779,0,NORMAL
2026-10-06 21:00:00,R2,3.175,8.86,0.3584,3.175,0,0,0.0,0.3584,2,9.345,0,NORMAL
2026-10-06 21:15:00,R1,7.1,10.687,0.6644,7.1,0,0,0.0,0.6644,3,11.621,0,NORMAL
2026-10-06 21:15:00,R2,3.075,7.964,0.3862,3.075,0,0,0.0,0.3862,2,10.397,0,NORMAL
2026-10-06 21:30:00,R1,6.843,10.499,0.6518,6.843,0,0,0.0,0.6518,3,11.83,0,NORMAL
2026-10-06 21:30:00,R2,3.129,7.887,0.3967,3.129,0,0,0.0,0.3967,2,10.498,0,NORMAL
2026-10-06 21:45:00,R1,6.888,10.041,0.686,6.888,0,0,0.0,0.686,3,12.37,0,NORMAL
2026-10-06 21:45:00,R2,3.065,7.958,0.3851,3.065,0,0,0.0,0.3851,2,10.404,0,NORMAL
2026-10-06 22:00:00,R1,5.287,11.08,0.4772,5.287,0,0,0.0,0.4772,3,11.209,0,NORMAL
2026-10-06 22:00:00,R2,2.591,8.397,0.3086,2.591,0,0,0.0,0.3086,2,9.861,0,NORMAL
2026-10-06 22:15:00,R1,4.924,10.085,0.4883,4.924,0,0,0.0,0.4883,3,12.315,0,NORMAL
2026-10-06 22:15:00,R2,2.602,8.382,0.3104,2.602,0,0,0.0,0.3104,2,9.878,0,NORMAL
2026-10-06 22:30:00,R1,5.954,12.135,0.4907,5.954,0,0,0.0,0.4907,3,10.235,0,NORMAL
2026-10-06 22:30:00,R2,2.132,7.956,0.2679,2.132,0,0,0.0,0.2679,2,10.408,0,NORMAL
2026-10-06 22:45:00,R1,5.344,11.354,0.4707,5.344,0,0,0.0,0.4707,3,10.939,0,NORMAL
2026-10-06 22:45:00,R2,2.729,8.104,0.3367,2.729,0,0,0.0,0.3367,2,10.218,0,NORMAL
2026-10-06 23:00:00,R1,5.474,11.119,0.4923,5.474,0,0,0.0,0.4923,3,11.17,0,NORMAL
2026-10-06 23:00:00,R2,2.259,8.234,0.2743,2.259,0,0,0.0,0.2743,2,10.056,0,NORMAL
2026-10-06 23:15:00,R1,5.639,10.639,0.53,5.639,0,0,0.0,0.53,3,11.674,0,NORMAL
2026-10-06 23:15:00,R2,2.453,7.955,0.3083,2.453,0,0,0.0,0.3083,2,10.408,0,NORMAL
2026-10-06 23:30:00,R1,5.152,10.442,0.4934,5.152,0,0,0.0,0.4934,3,11.894,0,NORMAL
2026-10-06 23:30:00,R2,2.588,7.835,0.3303,2.588,0,0,0.0,0.3303,2,10.568,0,NORMAL
2026-10-06 23:45:00,R1,5.737,11.209,0.5118,5.737,0,0,0.0,0.5118,3,11.081,0,NORMAL
2026-10-06 23:45:00,R2,2.611,7.917,0.3298,2.611,0,0,0.0,0.3298,2,10.459,0,NORMAL
2026-10-07 00:00:00,R1,5.544,11.224,0.494,5.544,0,0,0.0,0.494,3,11.065,0,NORMAL
2026-10-07 00:00:00,R2,2.432,7.937,0.3064,2.432,0,0,0.0,0.3064,2,10.432,0,NORMAL
2026-10-07 00:15:00,R1,5.28,10.891,0.4848,5.28,0,0,0.0,0.4848,3,11.404,0,NORMAL
2026-10-07 00:15:00,R2,2.61,7.616,0.3428,2.61,0,0,0.0,0.3428,2,10.872,0,NORMAL
2026-10-07 00:30:00,R1,4.797,10.445,0.4593,4.797,0,0,0.0,0.4593,3,11.891,0,NORMAL
2026-10-07 00:30:00,R2,2.378,4.111,0.5783,2.378,0,0,0.0,0.5783,1,10.07,0,NORMAL
2026-10-07 00:45:00,R1,5.275,10.592,0.498,5.275,0,0,0.0,0.498,3,11.725,0,NORMAL
2026-10-07 00:45:00,R2,2.635,7.714,0.3416,2.635,0,0,0.0,0.3416,2,10.733,0,NORMAL
2026-10-07 01:00:00,R1,5.355,10.797,0.496,5.355,0,0,0.0,0.496,3,11.504,0,NORMAL
2026-10-07 01:00:00,R2,2.446,8.635,0.2833,2.446,0,0,0.0,0.2833,2,9.589,0,NORMAL
2026-10-07 01:15:00,R1,5.613,10.457,0.5368,5.613,0,0,0.0,0.5368,3,11.878,0,NORMAL
2026-10-07 01:15:00,R2,2.355,8.019,0.2936,2.355,0,0,0.0,0.2936,2,10.326,0,NORMAL
2026-10-07 01:30:00,R1,5.318,10.577,0.5028,5.318,0,0,0.0,0.5028,3,11.743,0,NORMAL
2026-10-07 01:30:00,R2,2.642,7.768,0.3401,2.642,0,0,0.0,0.3401,2,10.66,0,NORMAL
2026-10-07 01:45:00,R1,5.215,10.737,0.4858,5.215,0,0,0.0,0.4858,3,11.568,0,NORMAL
2026-10-07 01:45:00,R2,2.562,8.251,0.3105,2.562,0,0,0.0,0.3105,2,10.036,0,NORMAL
2026-10-07 02:00:00,R1,5.645,10.549,0.5351,5.645,0,0,0.0,0.5351,3,11.773,0,NORMAL
2026-10-07 02:00:00,R2,2.455,7.822,0.3139,2.455,0,0,0.0,0.3139,2,10.586,0,NORMAL
2026-10-07 02:15:00,R1,4.806,6.875,0.6991,4.806,0,0,0.0,0.6991,2,12.044,0,NORMAL
2026-10-07 02:15:00,R2,2.232,7.896,0.2826,2.232,0,0,0.0,0.2826,2,10.487,0,NORMAL
2026-10-07 02:30:00,R1,5.565,10.954,0.508,5.565,0,0,0.0,0.508,3,11.338,0,NORMAL
2026-10-07 02:30:00,R2,2.506,8.21,0.3052,2.506,0,0,0.0,0.3052,2,10.085,0,NORMAL
2026-10-07 02:45:00,R1,5.273,10.395,0.5073,5.273,0,0,0.0,0.5073,3,11.948,0,NORMAL
2026-10-07 02:45:00,R2,2.213,8.098,0.2733,2.213,0,0,0.0,0.2733,2,10.225,0,NORMAL
2026-10-07 03:00:00,R1,5.276,6.94,0.7602,5.276,0,0,0.0,0.7602,2,11.931,0,WARNING
2026-10-07 03:00:00,R2,2.599,7.76,0.335,2.599,0,0,0.0,0.335,2,10.67,0,NORMAL
2026-10-07 03:15:00,R1,5.805,10.189,0.5697,5.805,0,0,0.0,0.5697,3,12.19,0,NORMAL
2026-10-07 03:15:00,R2,2.574,8.02,0.321,2.574,0,0,0.0,0.321,2,10.324,0,NORMAL
2026-10-07 03:30:00,R1,5.77,10.991,0.525,5.77,0,0,0.0,0.525,3,11.3,0,NORMAL
2026-10-07 03:30:00,R2,2.737,8.044,0.3403,2.737,0,0,0.0,0.3403,2,10.294,0,NORMAL
2026-10-07 03:45:00,R1,4.935,11.041,0.447,4.935,0,0,0.0,0.447,3,11.249,0,NORMAL
2026-10-07 03:45:00,R2,2.749,8.236,0.3338,2.749,0,0,0.0,0.3338,2,10.053,0,NORMAL
2026-10-07 04:00:00,R1,5.24,10.789,0.4857,5.24,0,0,0.0,0.4857,3,11.512,0,NORMAL
2026-10-07 04:00:00,R2,2.314,8.171,0.2833,2.314,0,0,0.0,0.2833,2,10.134,0,NORMAL
2026-10-07 04:15:00,R1,5.519,10.681,0.5168,5.519,0,0,0.0,0.5168,3,11.628,0,NORMAL
2026-10-07 04:15:00,R2,2.247,7.881,0.2851,2.247,0,0,0.0,0.2851,2,10.506,0,NORMAL
2026-10-07 04:30:00,R1,5.309,10.781,0.4924,5.309,0,0,0.0,0.4924,3,11.52,0,NORMAL
2026-10-07 04:30:00,R2,2.835,8.194,0.3459,2.835,0,0,0.0,0.3459,2,10.105,0,NORMAL
2026-10-07 04:45:00,R1,5.814,10.947,0.531,5.814,0,0,0.0,0.531,3,11.345,0,NORMAL
2026-10-07 04:45:00,R2,2.668,7.91,0.3373,2.668,0,0,0.0,0.3373,2,10.467,0,NORMAL
2026-10-07 05:00:00,R1,5.969,11.145,0.5356,5.969,0,0,0.0,0.5356,3,11.144,0,NORMAL
2026-10-07 05:00:00,R2,2.659,8.016,0.3317,2.659,0,0,0.0,0.3317,2,10.329,0,NORMAL
2026-10-07 05:15:00,R1,5.511,10.348,0.5326,5.511,0,0,0.0,0.5326,3,12.002,0,NORMAL
2026-10-07 05:15:00,R2,2.382,7.907,0.3012,2.382,0,0,0.0,0.3012,2,10.472,0,NORMAL
2026-10-07 05:30:00,R1,6.055,10.58,0.5723,6.055,0,0,0.0,0.5723,3,11.739,0,NORMAL
2026-10-07 05:30:00,R2,2.746,7.987,0.3437,2.746,0,0,0.0,0.3437,2,10.367,0,NORMAL
2026-10-07 05:45:00,R1,5.824,10.942,0.5322,5.824,0,0,0.0,0.5322,3,11.35,0,NORMAL
2026-10-07 05:45:00,R2,2.018,7.92,0.2547,2.018,0,0,0.0,0.2547,2,10.454,0,NORMAL
2026-10-07 06:00:00,R1,7.344,6.306,1.1647,6.306,0,1.038,0.0,1.1647,2,13.13,0,HIGH
2026-10-07 06:00:00,R2,3.502,8.33,0.4204,3.502,0,0,0.0,0.4204,2,9.94,0,NORMAL
2026-10-07 06:15:00,R1,7.137,9.862,0.7237,8.175,1.038,0,1.579,0.829,3,12.594,0,WARNING
2026-10-07 06:15:00,R2,3.096,8.327,0.3718,3.096,0,0,0.0,0.3718,2,9.944,0,NORMAL
2026-10-07 06:30:00,R1,6.983,10.256,0.6809,6.983,0,0,0.0,0.6809,3,12.11,0,NORMAL
2026-10-07 06:30:00,R2,3.396,7.975,0.4259,3.396,0,0,0.0,0.4259,2,10.383,0,NORMAL
2026-10-07 06:45:00,R1,7.278,10.945,0.665,7.278,0,0,0.0,0.665,3,11.348,0,NORMAL
2026-10-07 06:45:00,R2,2.743,8.074,0.3397,2.743,0,0,0.0,0.3397,2,10.255,0,NORMAL
2026-10-07 07:00:00,R1,7.264,11.414,0.6364,7.264,0,0,0.0,0.6364,3,10.882,0,NORMAL
2026-10-07 07:00:00,R2,3.001,7.867,0.3815,3.001,0,0,0.0,0.3815,2,10.525,0,NORMAL
2026-10-07 07:15:00,R1,6.725,10.192,0.6598,6.725,0,0,0.0,0.6598,3,12.186,0,NORMAL
2026-10-07 07:15:00,R2,3.153,7.886,0.3999,3.153,0,0,0.0,0.3999,2,10.5,0,NORMAL
2026-10-07 07:30:00,R1,6.818,10.282,0.6631,6.818,0,0,0.0,0.6631,3,12.079,0,NORMAL
2026-10-07 07:30:00,R2,2.995,7.864,0.3809,2.995,0,0,0.0,0.3809,2,10.529,0,NORMAL
2026-10-07 07:45:00,R1,6.738,10.75,0.6268,6.738,0,0,0.0,0.6268,3,11.553,0,NORMAL
2026-10-07 07:45:00,R2,2.707,7.792,0.3475,2.707,0,0,0.0,0.3475,2,10.626,0,NORMAL
2026-10-07 08:00:00,R1,6.998,10.333,0.6773,6.998,0,0,0.0,0.6773,3,12.019,0,NORMAL
2026-10-07 08:00:00,R2,3.139,7.89,0.3979,3.139,0,0,0.0,0.3979,2,10.494,0,NORMAL
2026-10-07 08:15:00,R1,7.088,11.387,0.6224,7.088,0,0,0.0,0.6224,3,10.907,0,NORMAL
2026-10-07 08:15:00,R2,3.43,7.842,0.4374,3.43,0,0,0.0,0.4374,2,10.559,0,NORMAL
2026-10-07 08:30:00,R1,6.743,11.173,0.6035,6.743,0,0,0.0,0.6035,3,11.116,0,NORMAL
2026-10-07 08:30:00,R2,2.987,8.563,0.3488,2.987,0,0,0.0,0.3488,2,9.67,0,NORMAL
2026-10-07 08:45:00,R1,7.188,10.176,0.7064,7.188,0,0,0.0,0.7064,3,12.206,0,NORMAL
2026-10-07 08:45:00,R2,2.851,7.96,0.3582,2.851,0,0,0.0,0.3582,2,10.401,0,NORMAL
2026-10-07 09:00:00,R1,6.885,10.486,0.6565,6.885,0,0,0.0,0.6565,3,11.844,0,NORMAL
2026-10-07 09:00:00,R2,3.07,8.364,0.367,3.07,0,0,0.0,0.367,2,9.899,0,NORMAL
2026-10-07 09:15:00,R1,7.273,10.693,0.6802,7.273,0,0,0.0,0.6802,3,11.615,0,NORMAL
2026-10-07 09:15:00,R2,2.734,7.907,0.3457,2.734,0,0,0.0,0.3457,2,10.471,0,NORMAL
2026-10-07 09:30:00,R1,6.649,10.381,0.6405,6.649,0,0,0.0,0.6405,3,11.964,0,NORMAL
2026-10-07 09:30:00,R2,2.893,7.873,0.3675,2.893,0,0,0.0,0.3675,2,10.517,0,NORMAL
2026-10-07 09:45:00,R1,6.66,10.442,0.6378,6.66,0,0,0.0,0.6378,3,11.895,0,NORMAL
2026-10-07 09:45:00,R2,3.072,4.07,0.7549,3.072,0,0,0.0,0.7549,1,10.172,0,WARNING
2026-10-07 10:00:00,R1,6.481,10.116,0.6407,6.481,0,0,0.0,0.6407,3,12.278,0,NORMAL
2026-10-07 10:00:00,R2,3.203,8.297,0.3861,3.203,0,0,0.0,0.3861,2,9.979,0,NORMAL
2026-10-07 10:15:00,R1,6.782,10.945,0.6196,6.782,0,0,0.0,0.6196,3,11.348,0,NORMAL
2026-10-07 10:15:00,R2,2.512,8.016,0.3134,2.512,0,0,0.0,0.3134,2,10.33,0,NORMAL
2026-10-07 10:30:00,R1,7.581,10.038,0.7552,7.581,0,0,0.0,0.7552,3,12.373,0,WARNING
2026-10-07 10:30:00,R2,2.652,8.216,0.3228,2.652,0,0,0.0,0.3228,2,10.078,0,NORMAL
2026-10-07 10:45:00,R1,7.232,10.28,0.7035,7.232,0,0,0.0,0.7035,3,12.082,0,NORMAL
2026-10-07 10:45:00,R2,2.534,8.185,0.3095,2.534,0,0,0.0,0.3095,2,10.116,0,NORMAL
2026-10-07 11:00:00,R1,7.021,10.759,0.6526,7.021,0,0,0.0,0.6526,3,11.544,0,NORMAL
2026-10-07 11:00:00,R2,3.203,7.4,0.4328,3.203,0,0,0.0,0.4328,2,11.19,0,NORMAL
2026-10-07 11:15:00,R1,7.047,10.474,0.6728,7.047,0,0,0.0,0.6728,3,11.858,0,NORMAL
2026-10-07 11:15:00,R2,2.776,8.164,0.34,2.776,0,0,0.0,0.34,2,10.142,0,NORMAL
2026-10-07 11:30:00,R1,6.161,10.914,0.5645,6.161,0,0,0.0,0.5645,3,11.38,0,NORMAL
2026-10-07 11:30:00,R2,2.471,8.137,0.3036,2.471,0,0,0.0,0.3036,2,10.176,0,NORMAL
2026-10-07 11:45:00,R1,5.782,10.602,0.5454,5.782,0,0,0.0,0.5454,3,11.714,0,NORMAL
2026-10-07 11:45:00,R2,2.665,8.293,0.3214,2.665,0,0,0.0,0.3214,2,9.984,0,NORMAL
2026-10-07 12:00:00,R1,7.277,10.493,0.6936,7.277,0,0,0.0,0.6936,3,11.837,0,NORMAL
2026-10-07 12:00:00,R2,2.539,7.902,0.3213,2.539,0,0,0.0,0.3213,2,10.478,0,NORMAL
2026-10-07 12:15:00,R1,7.216,10.767,0.6702,7.216,0,0,0.0,0.6702,3,11.535,0,NORMAL
2026-10-07 12:15:00,R2,2.778,7.702,0.3607,2.778,0,0,0.0,0.3607,2,10.75,0,NORMAL
2026-10-07 12:30:00,R1,6.66,10.766,0.6186,6.66,0,0,0.0,0.6186,3,11.536,0,NORMAL
2026-10-07 12:30:00,R2,2.713,7.957,0.3409,2.713,0,0,0.0,0.3409,2,10.406,0,NORMAL
2026-10-07 12:45:00,R1,7.158,10.537,0.6793,7.158,0,0,0.0,0.6793,3,11.787,0,NORMAL
2026-10-07 12:45:00,R2,2.398,8.018,0.2991,2.398,0,0,0.0,0.2991,2,10.327,0,NORMAL
2026-10-07 13:00:00,R1,7.022,10.803,0.65,7.022,0,0,0.0,0.65,3,11.496,0,NORMAL
2026-10-07 13:00:00,R2,2.735,8.046,0.3399,2.735,0,0,0.0,0.3399,2,10.29,0,NORMAL
2026-10-07 13:15:00,R1,6.931,10.665,0.6499,6.931,0,0,0.0,0.6499,3,11.645,0,NORMAL
2026-10-07 13:15:00,R2,2.691,8.662,0.3107,2.691,0,0,0.0,0.3107,2,9.559,0,NORMAL
2026-10-07 13:30:00,R1,7.243,10.709,0.6764,7.243,0,0,0.0,0.6764,3,11.598,0,NORMAL
2026-10-07 13:30:00,R2,2.965,8.321,0.3563,2.965,0,0,0.0,0.3563,2,9.951,0,NORMAL
2026-10-07 13:45:00,R1,7.117,10.827,0.6573,7.117,0,0,0.0,0.6573,3,11.471,0,NORMAL
2026-10-07 13:45:00,R2,2.805,7.572,0.3704,2.805,0,0,0.0,0.3704,2,10.935,0,NORMAL
2026-10-07 14:00:00,R1,8.434,10.839,0.7782,8.434,0,0,0.0,0.7782,3,11.459,0,WARNING
2026-10-07 14:00:00,R2,2.589,8.068,0.3209,2.589,0,0,0.0,0.3209,2,10.263,0,NORMAL
2026-10-07 14:15:00,R1,7.935,10.316,0.7692,7.935,0,0,0.0,0.7692,3,12.04,0,WARNING
2026-10-07 14:15:00,R2,2.491,8.482,0.2937,2.491,0,0,0.0,0.2937,2,9.762,0,NORMAL
2026-10-07 14:30:00,R1,7.178,10.81,0.664,7.178,0,0,0.0,0.664,3,11.489,0,NORMAL
2026-10-07 14:30:00,R2,2.933,8.278,0.3543,2.933,0,0,0.0,0.3543,2,10.003,0,NORMAL
2026-10-07 14:45:00,R1,7.549,9.856,0.7659,7.549,0,0,0.0,0.7659,3,12.601,0,WARNING
2026-10-07 14:45:00,R2,2.461,8.207,0.2999,2.461,0,0,0.0,0.2999,2,10.089,0,NORMAL
2026-10-07 15:00:00,R1,7.043,10.975,0.6417,7.043,0,0,0.0,0.6417,3,11.316,0,NORMAL
2026-10-07 15:00:00,R2,2.941,4.122,0.7136,2.941,0,0,0.0,0.7136,1,10.043,0,NORMAL
2026-10-07 15:15:00,R1,7.614,11.217,0.6788,7.614,0,0,0.0,0.6788,3,11.073,0,NORMAL
2026-10-07 15:15:00,R2,2.651,8.102,0.3272,2.651,0,0,0.0,0.3272,2,10.22,0,NORMAL
2026-10-07 15:30:00,R1,7.465,11.064,0.6747,7.465,0,0,0.0,0.6747,3,11.226,0,NORMAL
2026-10-07 15:30:00,R2,2.87,8.989,0.3193,2.87,0,0,0.0,0.3193,2,9.212,0,NORMAL
2026-10-07 15:45:00,R1,7.631,6.396,1.1931,6.396,0,1.235,0.0,1.1931,2,12.946,0,HIGH
2026-10-07 15:45:00,R2,2.551,8.799,0.2899,2.551,0,0,0.0,0.2899,2,9.41,0,NORMAL
2026-10-07 16:00:00,R1,7.424,10.318,0.7195,8.659,1.235,0,1.795,0.8392,3,12.037,0,WARNING
2026-10-07 16:00:00,R2,2.306,7.941,0.2903,2.306,0,0,0.0,0.2903,2,10.426,0,NORMAL
2026-10-07 16:15:00,R1,7.506,10.987,0.6832,7.506,0,0,0.0,0.6832,3,11.305,0,NORMAL
2026-10-07 16:15:00,R2,2.638,8.215,0.3212,2.638,0,0,0.0,0.3212,2,10.079,0,NORMAL
2026-10-07 16:30:00,R1,6.782,11.294,0.6005,6.782,0,0,0.0,0.6005,3,10.997,0,NORMAL
2026-10-07 16:30:00,R2,3.12,4.103,0.7604,3.12,0,0,0.0,0.7604,1,10.091,0,WARNING
2026-10-07 16:45:00,R1,7.787,6.384,1.2197,6.384,0,1.403,0.0,1.2197,2,12.97,0,HIGH
2026-10-07 16:45:00,R2,2.808,8.233,0.341,2.808,0,0,0.0,0.341,2,10.057,0,NORMAL
2026-10-07 17:00:00,R1,7.372,10.558,0.6983,8.775,1.403,0,1.993,0.8311,3,11.764,0,WARNING
2026-10-07 17:00:00,R2,2.706,8.169,0.3312,2.706,0,0,0.0,0.3312,2,10.136,0,NORMAL
2026-10-07 17:15:00,R1,6.993,11.448,0.6109,6.993,0,0,0.0,0.6109,3,10.849,0,NORMAL
2026-10-07 17:15:00,R2,2.93,7.988,0.3668,2.93,0,0,0.0,0.3668,2,10.366,0,NORMAL
2026-10-07 17:30:00,R1,7.554,10.867,0.6952,7.554,0,0,0.0,0.6952,3,11.429,0,NORMAL
2026-10-07 17:30:00,R2,2.694,8.148,0.3306,2.694,0,0,0.0,0.3306,2,10.162,0,NORMAL
2026-10-07 17:45:00,R1,7.638,10.695,0.7142,7.638,0,0,0.0,0.7142,3,11.613,0,NORMAL
2026-10-07 17:45:00,R2,2.949,8.092,0.3644,2.949,0,0,0.0,0.3644,2,10.232,0,NORMAL
2026-10-07 18:00:00,R1,7.179,10.479,0.6851,7.179,0,0,0.0,0.6851,3,11.853,0,NORMAL
2026-10-07 18:00:00,R2,2.644,8.425,0.3139,2.644,0,0,0.0,0.3139,2,9.828,0,NORMAL
2026-10-07 18:15:00,R1,7.323,10.856,0.6745,7.323,0,0,0.0,0.6745,3,11.44,0,NORMAL
2026-10-07 18:15:00,R2,2.747,8.243,0.3333,2.747,0,0,0.0,0.3333,2,10.045,0,NORMAL
2026-10-07 18:30:00,R1,6.837,6.542,1.0451,6.542,0,0.295,0.0,1.0451,2,12.657,0,HIGH
2026-10-07 18:30:00,R2,2.742,7.92,0.3462,2.742,0,0,0.0,0.3462,2,10.455,0,NORMAL
2026-10-07 18:45:00,R1,7.373,10.683,0.6902,7.668,0.295,0,0.415,0.7178,3,11.626,0,NORMAL
2026-10-07 18:45:00,R2,2.908,8.863,0.3282,2.908,0,0,0.0,0.3282,2,9.343,0,NORMAL
2026-10-07 19:00:00,R1,6.403,10.7,0.5984,6.403,0,0,0.0,0.5984,3,11.607,0,NORMAL
2026-10-07 19:00:00,R2,3.108,8.209,0.3787,3.108,0,0,0.0,0.3787,2,10.087,0,NORMAL
2026-10-07 19:15:00,R1,6.528,10.338,0.6314,6.528,0,0,0.0,0.6314,3,12.013,0,NORMAL
2026-10-07 19:15:00,R2,2.983,7.85,0.38,2.983,0,0,0.0,0.38,2,10.547,0,NORMAL
2026-10-07 19:30:00,R1,7.305,10.989,0.6647,7.305,0,0,0.0,0.6647,3,11.302,0,NORMAL
2026-10-07 19:30:00,R2,2.784,7.945,0.3504,2.784,0,0,0.0,0.3504,2,10.421,0,NORMAL
2026-10-07 19:45:00,R1,7.245,10.336,0.7009,7.245,0,0,0.0,0.7009,3,12.016,0,NORMAL
2026-10-07 19:45:00,R2,2.752,8.407,0.3273,2.752,0,0,0.0,0.3273,2,9.849,0,NORMAL
2026-10-07 20:00:00,R1,6.954,10.688,0.6506,6.954,0,0,0.0,0.6506,3,11.621,0,NORMAL
2026-10-07 20:00:00,R2,2.982,8.079,0.3691,2.982,0,0,0.0,0.3691,2,10.249,0,NORMAL
2026-10-07 20:15:00,R1,7.124,10.515,0.6776,7.124,0,0,0.0,0.6776,3,11.812,0,NORMAL
2026-10-07 20:15:00,R2,2.718,7.632,0.3561,2.718,0,0,0.0,0.3561,2,10.849,0,NORMAL
2026-10-07 20:30:00,R1,7.173,10.587,0.6776,7.173,0,0,0.0,0.6776,3,11.732,0,NORMAL
2026-10-07 20:30:00,R2,2.96,7.832,0.378,2.96,0,0,0.0,0.378,2,10.573,0,NORMAL
2026-10-07 20:45:00,R1,6.873,11.723,0.5863,6.873,0,0,0.0,0.5863,3,10.594,0,NORMAL
2026-10-07 20:45:00,R2,2.882,8.073,0.3571,2.882,0,0,0.0,0.3571,2,10.257,0,NORMAL
2026-10-07 21:00:00,R1,7.212,6.521,1.1061,6.521,0,0.692,0.0,1.1061,2,12.698,0,HIGH
2026-10-07 21:00:00,R2,2.599,7.775,0.3343,2.599,0,0,0.0,0.3343,2,10.65,0,NORMAL
2026-10-07 21:15:00,R1,6.885,10.212,0.6742,7.577,0.692,0,1.016,0.7419,3,12.162,0,NORMAL
2026-10-07 21:15:00,R2,3.49,8.199,0.4257,3.49,0,0,0.0,0.4257,2,10.099,0,NORMAL
2026-10-07 21:30:00,R1,7.25,10.34,0.7012,7.25,0,0,0.0,0.7012,3,12.011,0,NORMAL
2026-10-07 21:30:00,R2,3.22,3.972,0.8108,3.22,0,0,0.0,0.8108,1,10.423,0,WARNING
2026-10-07 21:45:00,R1,7.05,10.43,0.6759,7.05,0,0,0.0,0.6759,3,11.908,0,NORMAL
2026-10-07 21:45:00,R2,3.201,8.656,0.3697,3.201,0,0,0.0,0.3697,2,9.565,0,NORMAL
2026-10-07 22:00:00,R1,5.587,11.234,0.4974,5.587,0,0,0.0,0.4974,3,11.056,0,NORMAL
2026-10-07 22:00:00,R2,2.117,7.927,0.2671,2.117,0,0,0.0,0.2671,2,10.445,0,NORMAL
2026-10-07 22:15:00,R1,5.343,11.087,0.4819,5.343,0,0,0.0,0.4819,3,11.202,0,NORMAL
2026-10-07 22:15:00,R2,2.343,8.383,0.2794,2.343,0,0,0.0,0.2794,2,9.877,0,NORMAL
2026-10-07 22:30:00,R1,5.45,10.49,0.5195,5.45,0,0,0.0,0.5195,3,11.84,0,NORMAL
2026-10-07 22:30:00,R2,2.794,7.794,0.3585,2.794,0,0,0.0,0.3585,2,10.624,0,NORMAL
2026-10-07 22:45:00,R1,5.666,10.747,0.5272,5.666,0,0,0.0,0.5272,3,11.557,0,NORMAL
2026-10-07 22:45:00,R2,2.333,8.178,0.2853,2.333,0,0,0.0,0.2853,2,10.125,0,NORMAL
2026-10-07 23:00:00,R1,5.72,10.798,0.5298,5.72,0,0,0.0,0.5298,3,11.503,0,NORMAL
2026-10-07 23:00:00,R2,2.173,8.211,0.2646,2.173,0,0,0.0,0.2646,2,10.084,0,NORMAL
2026-10-07 23:15:00,R1,4.991,10.965,0.4552,4.991,0,0,0.0,0.4552,3,11.327,0,NORMAL
2026-10-07 23:15:00,R2,2.748,8.842,0.3108,2.748,0,0,0.0,0.3108,2,9.364,0,NORMAL
2026-10-07 23:30:00,R1,5.059,10.89,0.4645,5.059,0,0,0.0,0.4645,3,11.405,0,NORMAL
2026-10-07 23:30:00,R2,2.605,8.049,0.3237,2.605,0,0,0.0,0.3237,2,10.287,0,NORMAL
2026-10-07 23:45:00,R1,5.764,10.411,0.5537,5.764,0,0,0.0,0.5537,3,11.93,0,NORMAL
2026-10-07 23:45:00,R2,2.089,8.386,0.2491,2.089,0,0,0.0,0.2491,2,9.873,0,NORMAL
2026-10-08 00:00:00,R1,5.87,10.816,0.5427,5.87,0,0,0.0,0.5427,3,11.483,0,NORMAL
2026-10-08 00:00:00,R2,2.982,8.453,0.3528,2.982,0,0,0.0,0.3528,2,9.795,0,NORMAL
2026-10-08 00:15:00,R1,5.089,11.107,0.4581,5.089,0,0,0.0,0.4581,3,11.182,0,NORMAL
2026-10-08 00:15:00,R2,2.315,7.745,0.299,2.315,0,0,0.0,0.299,2,10.691,0,NORMAL
2026-10-08 00:30:00,R1,5.364,10.721,0.5003,5.364,0,0,0.0,0.5003,3,11.585,0,NORMAL
2026-10-08 00:30:00,R2,2.52,8.622,0.2923,2.52,0,0,0.0,0.2923,2,9.604,0,NORMAL
2026-10-08 00:45:00,R1,5.505,10.696,0.5147,5.505,0,0,0.0,0.5147,3,11.612,0,NORMAL
2026-10-08 00:45:00,R2,2.902,8.212,0.3534,2.902,0,0,0.0,0.3534,2,10.083,0,NORMAL
2026-10-08 01:00:00,R1,5.091,10.89,0.4675,5.091,0,0,0.0,0.4675,3,11.405,0,NORMAL
2026-10-08 01:00:00,R2,2.695,8.32,0.3239,2.695,0,0,0.0,0.3239,2,9.952,0,NORMAL
2026-10-08 01:15:00,R1,5.091,10.804,0.4712,5.091,0,0,0.0,0.4712,3,11.496,0,NORMAL
2026-10-08 01:15:00,R2,2.824,8.383,0.3369,2.824,0,0,0.0,0.3369,2,9.878,0,NORMAL
2026-10-08 01:30:00,R1,4.944,10.906,0.4533,4.944,0,0,0.0,0.4533,3,11.388,0,NORMAL
2026-10-08 01:30:00,R2,3.119,8.116,0.3843,3.119,0,0,0.0,0.3843,2,10.203,0,NORMAL
2026-10-08 01:45:00,R1,5.663,10.778,0.5254,5.663,0,0,0.0,0.5254,3,11.523,0,NORMAL
2026-10-08 01:45:00,R2,2.627,8.192,0.3206,2.627,0,0,0.0,0.3206,2,10.107,0,NORMAL
2026-10-08 02:00:00,R1,4.998,7.131,0.7008,4.998,0,0,0.0,0.7008,2,11.611,0,NORMAL
2026-10-08 02:00:00,R2,2.531,7.376,0.3431,2.531,0,0,0.0,0.3431,2,11.225,0,NORMAL
2026-10-08 02:15:00,R1,5.879,11.196,0.525,5.879,0,0,0.0,0.525,3,11.093,0,NORMAL
2026-10-08 02:15:00,R2,2.761,8.338,0.3311,2.761,0,0,0.0,0.3311,2,9.931,0,NORMAL
2026-10-08 02:30:00,R1,5.117,10.946,0.4675,5.117,0,0,0.0,0.4675,3,11.347,0,NORMAL
2026-10-08 02:30:00,R2,2.912,7.935,0.367,2.912,0,0,0.0,0.367,2,10.435,0,NORMAL
2026-10-08 02:45:00,R1,5.145,10.582,0.4862,5.145,0,0,0.0,0.4862,3,11.736,0,NORMAL
2026-10-08 02:45:00,R2,2.397,7.782,0.308,2.397,0,0,0.0,0.308,2,10.64,0,NORMAL
2026-10-08 03:00:00,R1,4.725,10.567,0.4471,4.725,0,0,0.0,0.4471,3,11.754,0,NORMAL
2026-10-08 03:00:00,R2,2.881,8.051,0.3579,2.881,0,0,0.0,0.3579,2,10.284,0,NORMAL
2026-10-08 03:15:00,R1,5.162,10.965,0.4708,5.162,0,0,0.0,0.4708,3,11.326,0,NORMAL
2026-10-08 03:15:00,R2,2.869,7.82,0.3669,2.869,0,0,0.0,0.3669,2,10.588,0,NORMAL
2026-10-08 03:30:00,R1,5.215,10.654,0.4895,5.215,0,0,0.0,0.4895,3,11.658,0,NORMAL
2026-10-08 03:30:00,R2,2.577,7.845,0.3285,2.577,0,0,0.0,0.3285,2,10.555,0,NORMAL
2026-10-08 03:45:00,R1,5.203,10.273,0.5065,5.203,0,0,0.0,0.5065,3,12.09,0,NORMAL
2026-10-08 03:45:00,R2,2.972,8.416,0.3531,2.972,0,0,0.0,0.3531,2,9.838,0,NORMAL
2026-10-08 04:00:00,R1,4.995,10.859,0.46,4.995,0,0,0.0,0.46,3,11.438,0,NORMAL
2026-10-08 04:00:00,R2,2.3,8.077,0.2847,2.3,0,0,0.0,0.2847,2,10.252,0,NORMAL
2026-10-08 04:15:00,R1,4.663,10.938,0.4263,4.663,0,0,0.0,0.4263,3,11.355,0,NORMAL
2026-10-08 04:15:00,R2,2.502,8.405,0.2976,2.502,0,0,0.0,0.2976,2,9.852,0,NORMAL
2026-10-08 04:30:00,R1,5.157,10.56,0.4883,5.157,0,0,0.0,0.4883,3,11.761,0,NORMAL
2026-10-08 04:30:00,R2,2.756,8.496,0.3244,2.756,0,0,0.0,0.3244,2,9.746,0,NORMAL
2026-10-08 04:45:00,R1,5.37,10.814,0.4966,5.37,0,0,0.0,0.4966,3,11.485,0,NORMAL
2026-10-08 04:45:00,R2,2.461,8.188,0.3005,2.461,0,0,0.0,0.3005,2,10.113,0,NORMAL
2026-10-08 05:00:00,R1,4.99,7.419,0.6726,4.99,0,0,0.0,0.6726,2,11.16,0,NORMAL
2026-10-08 05:00:00,R2,2.455,8.432,0.2912,2.455,0,0,0.0,0.2912,2,9.82,0,NORMAL
2026-10-08 05:15:00,R1,5.791,10.99,0.5269,5.791,0,0,0.0,0.5269,3,11.301,0,NORMAL
2026-10-08 05:15:00,R2,2.714,8.007,0.339,2.714,0,0,0.0,0.339,2,10.341,0,NORMAL
2026-10-08 05:30:00,R1,5.577,10.355,0.5386,5.577,0,0,0.0,0.5386,3,11.995,0,NORMAL
2026-10-08 05:30:00,R2,2.507,4.155,0.6033,2.507,0,0,0.0,0.6033,1,9.964,0,NORMAL
2026-10-08 05:45:00,R1,5.403,10.369,0.5211,5.403,0,0,0.0,0.5211,3,11.978,0,NORMAL
2026-10-08 05:45:00,R2,2.252,8.337,0.2701,2.252,0,0,0.0,0.2701,2,9.931,0,NORMAL
2026-10-08 06:00:00,R1,6.624,11.088,0.5973,6.624,0,0,0.0,0.5973,3,11.201,0,NORMAL
2026-10-08 06:00:00,R2,3.105,8.378,0.3706,3.105,0,0,0.0,0.3706,2,9.883,0,NORMAL
2026-10-08 06:15:00,R1,6.404,11.099,0.577,6.404,0,0,0.0,0.577,3,11.19,0,NORMAL
2026-10-08 06:15:00,R2,3.816,7.722,0.4941,3.816,0,0,0.0,0.4941,2,10.723,0,NORMAL
2026-10-08 06:30:00,R1,7.039,6.812,1.0333,6.812,0,0.227,0.0,1.0333,2,12.155,0,HIGH
2026-10-08 06:30:00,R2,3.402,8.034,0.4234,3.402,0,0,0.0,0.4234,2,10.307,0,NORMAL
2026-10-08 06:45:00,R1,6.788,10.62,0.6392,7.015,0.227,0,0.321,0.6605,3,11.695,0,NORMAL
2026-10-08 06:45:00,R2,2.972,8.197,0.3626,2.972,0,0,0.0,0.3626,2,10.101,0,NORMAL
2026-10-08 07:00:00,R1,6.622,10.688,0.6196,6.622,0,0,0.0,0.6196,3,11.621,0,NORMAL
2026-10-08 07:00:00,R2,3.198,7.713,0.4146,3.198,0,0,0.0,0.4146,2,10.736,0,NORMAL
2026-10-08 07:15:00,R1,7.168,9.679,0.7406,7.168,0,0,0.0,0.7406,3,12.832,0,NORMAL
2026-10-08 07:15:00,R2,3.028,8.583,0.3527,3.028,0,0,0.0,0.3527,2,9.646,0,NORMAL
2026-10-08 07:30:00,R1,6.288,10.892,0.5773,6.288,0,0,0.0,0.5773,3,11.403,0,NORMAL
2026-10-08 07:30:00,R2,3.29,7.482,0.4397,3.29,0,0,0.0,0.4397,2,11.067,0,NORMAL
2026-10-08 07:45:00,R1,6.428,10.59,0.607,6.428,0,0,0.0,0.607,3,11.728,0,NORMAL
2026-10-08 07:45:00,R2,3.247,7.523,0.4317,3.247,0,0,0.0,0.4317,2,11.006,0,NORMAL
2026-10-08 08:00:00,R1,6.892,10.618,0.6491,6.892,0,0,0.0,0.6491,3,11.698,0,NORMAL
2026-10-08 08:00:00,R2,3.458,8.118,0.426,3.458,0,0,0.0,0.426,2,10.2,0,NORMAL
2026-10-08 08:15:00,R1,7.235,10.534,0.6868,7.235,0,0,0.0,0.6868,3,11.79,0,NORMAL
2026-10-08 08:15:00,R2,3.068,7.997,0.3837,3.068,0,0,0.0,0.3837,2,10.354,0,NORMAL
2026-10-08 08:30:00,R1,6.391,11.391,0.5611,6.391,0,0,0.0,0.5611,3,10.903,0,NORMAL
2026-10-08 08:30:00,R2,3.047,8.342,0.3652,3.047,0,0,0.0,0.3652,2,9.925,0,NORMAL
2026-10-08 08:45:00,R1,6.809,10.728,0.6346,6.809,0,0,0.0,0.6346,3,11.577,0,NORMAL
2026-10-08 08:45:00,R2,3.148,8.773,0.3588,3.148,0,0,0.0,0.3588,2,9.439,0,NORMAL
2026-10-08 09:00:00,R1,7.278,10.482,0.6943,7.278,0,0,0.0,0.6943,3,11.848,0,NORMAL
2026-10-08 09:00:00,R2,2.541,8.004,0.3174,2.541,0,0,0.0,0.3174,2,10.345,0,NORMAL
2026-10-08 09:15:00,R1,6.779,10.319,0.6569,6.779,0,0,0.0,0.6569,3,12.036,0,NORMAL
2026-10-08 09:15:00,R2,3.218,7.854,0.4097,3.218,0,0,0.0,0.4097,2,10.542,0,NORMAL
2026-10-08 09:30:00,R1,7.442,10.304,0.7223,7.442,0,0,0.0,0.7223,3,12.053,0,NORMAL
2026-10-08 09:30:00,R2,2.755,7.667,0.3593,2.755,0,0,0.0,0.3593,2,10.8,0,NORMAL
2026-10-08 09:45:00,R1,7.435,10.43,0.7129,7.435,0,0,0.0,0.7129,3,11.908,0,NORMAL
2026-10-08 09:45:00,R2,2.854,8.435,0.3384,2.854,0,0,0.0,0.3384,2,9.816,0,NORMAL
2026-10-08 10:00:00,R1,7.257,10.44,0.6951,7.257,0,0,0.0,0.6951,3,11.897,0,NORMAL
2026-10-08 10:00:00,R2,2.96,8.416,0.3517,2.96,0,0,0.0,0.3517,2,9.838,0,NORMAL
2026-10-08 10:15:00,R1,7.016,10.074,0.6964,7.016,0,0,0.0,0.6964,3,12.328,0,NORMAL
2026-10-08 10:15:00,R2,3.138,8.138,0.3856,3.138,0,0,0.0,0.3856,2,10.174,0,NORMAL
2026-10-08 10:30:00,R1,7.444,10.932,0.6809,7.444,0,0,0.0,0.6809,3,11.361,0,NORMAL
2026-10-08 10:30:00,R2,2.887,8.74,0.3303,2.887,0,0,0.0,0.3303,2,9.473,0,NORMAL
2026-10-08 10:45:00,R1,6.797,10.629,0.6395,6.797,0,0,0.0,0.6395,3,11.685,0,NORMAL
2026-10-08 10:45:00,R2,3.145,8.205,0.3833,3.145,0,0,0.0,0.3833,2,10.091,0,NORMAL
2026-10-08 11:00:00,R1,7.701,10.842,0.7103,7.701,0,0,0.0,0.7103,3,11.456,0,NORMAL
2026-10-08 11:00:00,R2,2.947,8.073,0.3651,2.947,0,0,0.0,0.3651,2,10.256,0,NORMAL
2026-10-08 11:15:00,R1,7.391,10.532,0.7018,7.391,0,0,0.0,0.7018,3,11.793,0,NORMAL
2026-10-08 11:15:00,R2,2.751,8.03,0.3425,2.751,0,0,0.0,0.3425,2,10.311,0,NORMAL
2026-10-08 11:30:00,R1,6.271,11.151,0.5624,6.271,0,0,0.0,0.5624,3,11.138,0,NORMAL
2026-10-08 11:30:00,R2,2.745,8.223,0.3338,2.745,0,0,0.0,0.3338,2,10.069,0,NORMAL
2026-10-08 11:45:00,R1,5.783,9.793,0.5905,5.783,0,0,0.0,0.5905,3,12.683,0,NORMAL
2026-10-08 11:45:00,R2,2.687,8.239,0.3261,2.687,0,0,0.0,0.3261,2,10.05,0,NORMAL
2026-10-08 12:00:00,R1,7.118,10.456,0.6807,7.118,0,0,0.0,0.6807,3,11.878,0,NORMAL
2026-10-08 12:00:00,R2,2.981,8.104,0.3678,2.981,0,0,0.0,0.3678,2,10.217,0,NORMAL
2026-10-08 12:15:00,R1,7.328,10.309,0.7108,7.328,0,0,0.0,0.7108,3,12.047,0,NORMAL
2026-10-08 12:15:00,R2,2.691,8.361,0.3218,2.691,0,0,0.0,0.3218,2,9.904,0,NORMAL
2026-10-08 12:30:00,R1,7.129,10.253,0.6953,7.129,0,0,0.0,0.6953,3,12.113,0,NORMAL
2026-10-08 12:30:00,R2,3.021,7.781,0.3883,3.021,0,0,0.0,0.3883,2,10.642,0,NORMAL
2026-10-08 12:45:00,R1,6.811,10.1,0.6743,6.811,0,0,0.0,0.6743,3,12.296,0,NORMAL
2026-10-08 12:45:00,R2,2.766,8.064,0.343,2.766,0,0,0.0,0.343,2,10.267,0,NORMAL
2026-10-08 13:00:00,R1,7.602,7.769,0.9785,7.602,0,0,0.0,0.9785,3,15.986,0,HIGH
2026-10-08 13:00:00,R2,2.581,4.268,0.6047,2.581,0,0,0.0,0.6047,1,9.7,0,NORMAL
2026-10-08 13:15:00,R1,6.65,7.815,0.851,6.65,0,0,0.0,0.851,3,15.894,0,WARNING
2026-10-08 13:15:00,R2,2.782,8.159,0.341,2.782,0,0,0.0,0.341,2,10.148,0,NORMAL
2026-10-08 13:30:00,R1,7.206,4.804,1.4999,4.804,0,2.402,0.0,1.25,2,17.234,0,HIGH
2026-10-08 13:30:00,R2,2.799,8.215,0.3407,2.799,0,0,0.0,0.3407,2,10.079,0,NORMAL
2026-10-08 13:45:00,R1,7.957,7.327,1.086,7.327,2.402,3.032,4.916,1.25,3,16.95,0,HIGH
2026-10-08 13:45:00,R2,2.388,8.607,0.2775,2.388,0,0,0.0,0.2775,2,9.621,0,NORMAL
2026-10-08 14:00:00,R1,7.517,7.213,1.0421,7.213,3.032,3.335,6.304,1.25,3,17.218,0,HIGH
2026-10-08 14:00:00,R2,2.598,7.881,0.3296,2.598,0,0,0.0,0.3296,2,10.506,0,NORMAL
