timestamp,route_id,picking_min,loading_min,travel_loaded_min,travel_empty_min,unloading_min,cycle_transport_min
2026-08-13 14:00:00,R1,3.33,1.285,5.045,4.634,1.016,11.98
2026-08-13 14:00:00,R2,2.932,1.1,4.434,3.684,0.9,10.117
2026-08-13 14:15:00,R1,2.977,1.262,4.997,4.592,0.945,11.795
2026-08-13 14:15:00,R2,2.236,0.966,4.721,3.849,0.886,10.423
2026-08-13 14:30:00,R1,3.103,1.313,5.252,4.245,0.969,11.778
2026-08-13 14:30:00,R2,2.314,1.13,4.056,3.646,0.875,9.707
2026-08-13 14:45:00,R1,2.764,1.23,4.998,4.257,0.87,11.355
2026-08-13 14:45:00,R2,2.908,0.948,4.307,4.152,0.799,10.205
2026-08-13 15:00:00,R1,3.059,1.164,5.179,3.985,0.813,11.141
2026-08-13 15:00:00,R2,2.582,1.168,4.552,3.74,0.867,10.326
2026-08-13 15:15:00,R1,3.071,1.182,5.042,4.256,1.007,11.487
2026-08-13 15:15:00,R2,2.684,1.031,4.464,3.678,0.828,10.001
2026-08-13 15:30:00,R1,3.406,1.16,5.247,4.17,0.991,11.568
2026-08-13 15:30:00,R2,2.369,1.043,4.654,3.82,0.931,10.448
2026-08-13 15:45:00,R1,2.988,1.159,5.505,4.3,1.014,11.979
2026-08-13 15:45:00,R2,2.474,0.946,4.441,3.694,0.738,9.819
2026-08-13 16:00:00,R1,3.107,1.343,4.963,4.331,0.921,11.558
2026-08-13 16:00:00,R2,2.695,0.957,4.907,3.594,0.937,10.395
2026-08-13 16:15:00,R1,2.933,1.196,5.36,4.37,1.024,11.949
2026-08-13 16:15:00,R2,2.385,1.178,4.47,3.912,1.009,10.569
2026-08-13 16:30:00,R1,2.643,1.248,5.448,4.021,0.973,11.689
2026-08-13 16:30:00,R2,2.631,1.101,4.662,3.736,0.908,10.406
2026-08-13 16:45:00,R1,2.88,1.159,5.895,4.551,1.043,12.648
2026-08-13 16:45:00,R2,2.765,0.915,4.512,3.533,0.99,9.95
2026-08-13 17:00:00,R1,3.102,1.233,5.223,4.215,0.863,11.534
2026-08-13 17:00:00,R2,2.823,1.065,4.839,4.128,0.799,10.83
2026-08-13 17:15:00,R1,3.258,1.072,5.186,4.335,0.907,11.5
2026-08-13 17:15:00,R2,2.856,0.937,4.435,3.756,0.976,10.104
2026-08-13 17:30:00,R1,2.821,1.215,4.866,4.301,0.979,11.361
2026-08-13 17:30:00,R2,2.69,1.013,4.52,3.588,0.92,10.041
2026-08-13 17:45:00,R1,2.742,1.241,5.352,4.507,0.995,12.096
2026-08-13 17:45:00,R2,2.511,0.988,4.312,3.862,0.923,10.086
2026-08-13 18:00:00,R1,3.051,1.236,5.462,4.353,1.019,12.07
2026-08-13 18:00:00,R2,2.538,0.885,4.2,4.241,0.772,10.098
2026-08-13 18:15:00,R1,2.579,1.119,5.322,4.309,0.969,11.719
2026-08-13 18:15:00,R2,2.463,0.996,4.012,4.06,1.028,10.095
2026-08-13 18:30:00,R1,2.902,1.35,5.34,4.446,0.986,12.122
2026-08-13 18:30:00,R2,2.591,1.318,4.325,4.069,0.843,10.555
2026-08-13 18:45:00,R1,3.089,1.172,4.848,4.28,0.926,11.226
2026-08-13 18:45:00,R2,2.63,1.146,4.299,3.88,1.092,10.417
2026-08-13 19:00:00,R1,2.717,1.133,5.575,4.428,1.014,12.15
2026-08-13 19:00:00,R2,2.692,1.187,4.184,3.839,0.915,10.125
2026-08-13 19:15:00,R1,2.804,1.12,4.766,4.669,1.015,11.57
2026-08-13 19:15:00,R2,3.172,1.004,4.406,3.614,0.743,9.768
2026-08-13 19:30:00,R1,2.759,1.211,4.955,4.309,0.93,11.406
2026-08-13 19:30:00,R2,2.3,0.851,4.869,3.841,0.994,10.555
2026-08-13 19:45:00,R1,3.025,1.251,4.763,4.367,1.169,11.549
2026-08-13 19:45:00,R2,2.424,1.189,5.049,3.722,0.9,10.86
2026-08-13 20:00:00,R1,2.967,1.108,5.714,4.659,0.965,12.446
2026-08-13 20:00:00,R2,2.511,1.068,4.596,3.783,1.08,10.527
2026-08-13 20:15:00,R1,3.361,1.036,5.39,4.249,0.967,11.642
2026-08-13 20:15:00,R2,2.57,1.043,4.541,3.662,0.861,10.107
2026-08-13 20:30:00,R1,3.091,1.338,5.287,4.387,1.026,12.038
2026-08-13 20:30:00,R2,2.346,0.977,4.453,3.943,1.047,10.419
2026-08-13 20:45:00,R1,2.975,1.139,4.933,4.021,1.053,11.145
2026-08-13 20:45:00,R2,2.523,1.153,4.745,3.861,0.685,10.443
2026-08-13 21:00:00,R1,3.367,1.188,5.499,4.368,0.976,12.031
2026-08-13 21:00:00,R2,2.569,0.983,4.114,3.708,0.861,9.666
2026-08-13 21:15:00,R1,3.089,1.264,4.895,4.201,1.032,11.392
2026-08-13 21:15:00,R2,2.738,1.192,4.848,3.568,0.827,10.435
2026-08-13 21:30:00,R1,2.842,1.235,5.278,4.682,0.78,11.975
2026-08-13 21:30:00,R2,2.817,1.098,4.493,3.808,0.855,10.254
2026-08-13 21:45:00,R1,3.08,1.336,5.625,4.426,0.931,12.318
2026-08-13 21:45:00,R2,2.566,1.064,4.682,3.776,0.871,10.392
2026-08-13 22:00:00,R1,3.405,1.151,5.23,4.362,0.938,11.682
2026-08-13 22:00:00,R2,3.115,1.209,4.462,3.954,0.765,10.389
2026-08-13 22:15:00,R1,3.147,0.891,5.167,4.19,0.942,11.19
2026-08-13 22:15:00,R2,2.631,1.311,4.09,3.87,0.958,10.229
2026-08-13 22:30:00,R1,2.739,1.11,5.279,3.87,0.829,11.087
2026-08-13 22:30:00,R2,2.381,0.966,4.699,3.901,0.845,10.411
2026-08-13 22:45:00,R1,2.78,1.186,5.304,4.054,0.818,11.362
2026-08-13 22:45:00,R2,2.365,1.242,4.459,3.474,1.055,10.23
2026-08-13 23:00:00,R1,2.788,1.272,5.71,4.402,0.938,12.322
2026-08-13 23:00:00,R2,2.45,0.87,4.254,3.992,0.914,10.03
2026-08-13 23:15:00,R1,2.937,1.096,5.514,4.371,0.841,11.822
2026-08-13 23:15:00,R2,2.412,1.022,4.678,4.06,0.846,10.606
2026-08-13 23:30:00,R1,2.969,1.231,4.969,4.671,0.918,11.789
2026-08-13 23:30:00,R2,2.84,0.942,4.898,3.646,0.853,10.339
2026-08-13 23:45:00,R1,2.657,1.095,5.512,4.538,0.989,12.134
2026-08-13 23:45:00,R2,2.561,0.943,4.263,3.506,0.928,9.64
2026-08-14 00:00:00,R1,3.025,1.195,5.047,4.398,0.87,11.51
2026-08-14 00:00:00,R2,2.691,1.122,4.588,3.344,0.852,9.907
2026-08-14 00:15:00,R1,3.32,1.169,5.641,4.477,0.883,12.17
2026-08-14 00:15:00,R2,2.33,1.051,4.618,4.268,0.785,10.722
2026-08-14 00:30:00,R1,2.972,0.982,5.186,4.354,0.765,11.286
2026-08-14 00:30:00,R2,3.035,1.201,4.532,3.965,0.796,10.494
2026-08-14 00:45:00,R1,3.031,1.117,5.341,3.936,0.979,11.373
2026-08-14 00:45:00,R2,2.585,1.193,4.668,4.115,1.001,10.977
2026-08-14 01:00:00,R1,3.067,1.071,5.061,4.091,0.912,11.135
2026-08-14 01:00:00,R2,2.498,1.049,4.422,3.7,0.959,10.13
2026-08-14 01:15:00,R1,3.044,1.142,5.232,4.225,1.004,11.603
2026-08-14 01:15:00,R2,2.588,0.943,4.736,3.856,0.968,10.502
2026-08-14 01:30:00,R1,2.624,1.2,5.013,3.95,1.063,11.226
2026-08-14 01:30:00,R2,2.693,1.328,4.775,3.792,0.961,10.855
2026-08-14 01:45:00,R1,2.799,1.206,5.066,4.405,1.044,11.722
2026-08-14 01:45:00,R2,2.374,1.093,4.844,3.822,0.791,10.55
2026-08-14 02:00:00,R1,2.915,1.077,5.204,4.082,0.891,11.253
2026-08-14 02:00:00,R2,2.661,1.085,5.124,3.904,0.829,10.941
2026-08-14 02:15:00,R1,2.981,1.13,4.783,4.379,0.798,11.09
2026-08-14 02:15:00,R2,2.474,0.862,4.827,3.391,0.948,10.028
2026-08-14 02:30:00,R1,3.258,1.2,5.371,4.132,0.926,11.629
2026-08-14 02:30:00,R2,2.847,1.113,4.683,3.548,0.946,10.291
2026-08-14 02:45:00,R1,2.95,1.336,5.106,4.403,0.829,11.675
2026-08-14 02:45:00,R2,2.432,1.083,4.552,4.097,0.75,10.482
2026-08-14 03:00:00,R1,2.774,0.989,4.945,4.106,1.03,11.07
2026-08-14 03:00:00,R2,2.441,1.153,4.13,3.714,0.865,9.861
2026-08-14 03:15:00,R1,3.065,1.015,5.036,4.654,0.959,11.663
2026-08-14 03:15:00,R2,2.831,0.949,4.346,4.08,0.994,10.369
2026-08-14 03:30:00,R1,3.096,1.212,5.045,4.081,1.152,11.49
2026-08-14 03:30:00,R2,2.98,1.282,4.716,3.643,0.929,10.569
2026-08-14 03:45:00,R1,3.036,0.975,4.83,4.003,0.931,10.74
2026-08-14 03:45:00,R2,2.63,1.078,4.399,3.851,0.88,10.208
2026-08-14 04:00:00,R1,2.972,1.363,5.146,4.212,0.914,11.635
2026-08-14 04:00:00,R2,2.502,1.092,4.391,3.744,0.747,9.974
2026-08-14 04:15:00,R1,2.504,1.321,5.003,4.06,0.941,11.325
2026-08-14 04:15:00,R2,2.417,0.984,4.243,3.774,0.918,9.919
2026-08-14 04:30:00,R1,2.805,1.106,5.271,4.824,0.995,12.195
2026-08-14 04:30:00,R2,2.864,1.024,4.572,3.793,1.024,10.413
2026-08-14 04:45:00,R1,2.959,1.148,5.492,4.602,0.873,12.116
2026-08-14 04:45:00,R2,2.88,0.97,4.212,3.431,0.917,9.53
2026-08-14 05:00:00,R1,3.159,0.983,5.092,3.974,1.019,11.069
2026-08-14 05:00:00,R2,2.616,1.008,4.911,3.755,0.814,10.488
2026-08-14 05:15:00,R1,3.345,1.196,4.783,4.413,0.885,11.278
2026-08-14 05:15:00,R2,2.547,1.077,4.933,3.518,0.99,10.518
2026-08-14 05:30:00,R1,3.167,1.167,5.045,4.335,1.039,11.586
2026-08-14 05:30:00,R2,2.653,1.037,4.341,4.424,1.0,10.802
2026-08-14 05:45:00,R1,3.111,1.299,5.788,4.522,1.029,12.638
2026-08-14 05:45:00,R2,2.605,1.049,4.358,3.604,0.943,9.954
2026-08-14 06:00:00,R1,3.237,1.184,4.995,4.049,0.966,11.195
2026-08-14 06:00:00,R2,2.97,1.031,4.323,3.844,0.92,10.118
2026-08-14 06:15:00,R1,2.72,1.096,5.001,4.145,0.91,11.152
2026-08-14 06:15:00,R2,2.748,0.964,4.251,3.671,0.909,9.795
2026-08-14 06:30:00,R1,3.021,1.115,5.284,4.622,0.868,11.888
2026-08-14 06:30:00,R2,2.593,1.047,4.734,4.053,0.842,10.677
2026-08-14 06:45:00,R1,2.724,1.417,5.141,4.597,1.167,12.321
2026-08-14 06:45:00,R2,2.581,0.909,4.165,4.016,0.865,9.955
2026-08-14 07:00:00,R1,2.962,1.301,5.301,4.083,1.088,11.773
2026-08-14 07:00:00,R2,2.759,0.931,4.554,4.081,0.784,10.35
2026-08-14 07:15:00,R1,3.124,1.181,5.345,4.568,1.032,12.126
2026-08-14 07:15:00,R2,2.565,0.997,4.459,3.643,0.916,10.014
2026-08-14 07:30:00,R1,3.058,1.134,5.529,3.877,1.014,11.554
2026-08-14 07:30:00,R2,2.884,1.237,4.811,3.987,0.809,10.845
2026-08-14 07:45:00,R1,3.017,1.015,5.354,4.199,0.895,11.463
2026-08-14 07:45:00,R2,2.909,1.06,4.697,3.156,0.909,9.822
2026-08-14 08:00:00,R1,2.639,1.129,5.092,4.868,1.024,12.113
2026-08-14 08:00:00,R2,2.891,0.939,3.991,3.659,0.773,9.362
2026-08-14 08:15:00,R1,2.78,1.118,4.899,4.435,0.941,11.392
2026-08-14 08:15:00,R2,2.672,1.146,4.289,3.428,0.981,9.844
2026-08-14 08:30:00,R1,3.341,1.126,5.537,4.307,0.989,11.958
2026-08-14 08:30:00,R2,2.709,0.973,4.623,4.019,0.838,10.452
2026-08-14 08:45:00,R1,3.37,1.152,5.186,4.061,0.886,11.284
2026-08-14 08:45:00,R2,2.681,1.124,4.642,3.944,0.919,10.63
2026-08-14 09:00:00,R1,2.743,1.121,5.689,4.57,0.972,12.352
2026-08-14 09:00:00,R2,2.725,1.217,4.664,3.967,0.934,10.782
2026-08-14 09:15:00,R1,2.702,1.043,5.345,3.867,0.962,11.217
2026-08-14 09:15:00,R2,2.766,0.976,4.276,3.757,0.863,9.873
2026-08-14 09:30:00,R1,3.146,1.056,5.294,4.598,0.847,11.794
2026-08-14 09:30:00,R2,2.365,0.889,4.351,3.801,1.019,10.06
2026-08-14 09:45:00,R1,3.221,1.242,5.049,3.973,1.117,11.381
2026-08-14 09:45:00,R2,2.378,1.076,4.306,3.92,0.77,10.073
2026-08-14 10:00:00,R1,2.942,0.95,5.31,4.487,0.994,11.74
2026-08-14 10:00:00,R2,2.696,1.095,4.22,3.665,0.911,9.891
2026-08-14 10:15:00,R1,2.98,1.266,4.974,4.14,0.963,11.344
2026-08-14 10:15:00,R2,2.591,1.097,4.697,3.513,0.911,10.219
2026-08-14 10:30:00,R1,3.06,1.157,5.381,4.074,0.813,11.426
2026-08-14 10:30:00,R2,2.578,0.99,4.042,3.603,0.773,9.41
2026-08-14 10:45:00,R1,3.139,1.171,5.574,4.104,0.969,11.818
2026-08-14 10:45:00,R2,2.922,1.101,4.347,3.775,0.88,10.104
2026-08-14 11:00:00,R1,2.858,1.285,4.963,4.288,0.995,11.531
2026-08-14 11:00:00,R2,3.039,1.049,5.0,4.017,0.852,10.918
2026-08-14 11:15:00,R1,3.119,1.232,5.306,4.17,0.967,11.677
2026-08-14 11:15:00,R2,2.695,1.023,3.983,3.706,1.022,9.733
2026-08-14 11:30:00,R1,2.969,1.124,5.42,4.17,0.93,11.644
2026-08-14 11:30:00,R2,2.544,1.091,4.552,3.678,0.865,10.186
2026-08-14 11:45:00,R1,3.215,1.133,5.069,3.967,0.776,10.946
2026-08-14 11:45:00,R2,2.529,0.898,3.985,4.052,0.833,9.768
2026-08-14 12:00:00,R1,3.223,1.165,5.041,4.131,0.939,11.276
2026-08-14 12:00:00,R2,2.587,1.195,4.261,3.674,0.955,10.086
2026-08-14 12:15:00,R1,2.807,1.16,5.098,4.176,0.988,11.422
2026-08-14 12:15:00,R2,2.376,1.09,4.62,3.975,0.912,10.597
2026-08-14 12:30:00,R1,3.135,1.013,5.011,4.476,0.951,11.45
2026-08-14 12:30:00,R2,2.247,0.962,4.482,3.662,0.83,9.937
2026-08-14 12:45:00,R1,3.012,1.236,5.406,4.259,0.995,11.896
2026-08-14 12:45:00,R2,2.622,0.907,4.339,3.846,1.02,10.112
2026-08-14 13:00:00,R1,3.214,1.251,5.328,4.196,1.01,11.784
2026-08-14 13:00:00,R2,2.598,1.051,3.859,3.236,0.901,9.046
2026-08-14 13:15:00,R1,2.951,1.209,5.272,4.502,1.011,11.994
2026-08-14 13:15:00,R2,2.572,1.015,4.701,3.415,0.858,9.988
2026-08-14 13:30:00,R1,2.886,1.205,5.139,4.01,0.854,11.208
2026-08-14 13:30:00,R2,2.664,1.042,4.865,3.836,0.891,10.635
2026-08-14 13:45:00,R1,3.114,1.268,5.084,4.198,0.875,11.426
2026-08-14 13:45:00,R2,3.211,1.17,4.598,3.681,0.826,10.274
2026-08-14 14:00:00,R1,3.146,1.103,4.886,3.982,0.859,10.83
2026-08-14 14:00:00,R2,2.87,0.847,4.345,4.176,0.955,10.322
2026-08-14 14:15:00,R1,2.94,1.162,5.311,4.317,1.09,11.88
2026-08-14 14:15:00,R2,2.427,1.033,4.862,3.064,0.957,9.916
2026-08-14 14:30:00,R1,2.993,1.245,5.152,4.652,1.012,12.061
2026-08-14 14:30:00,R2,2.437,1.155,4.701,3.879,0.939,10.673
2026-08-14 14:45:00,R1,3.141,1.069,4.691,4.146,1.027,10.932
2026-08-14 14:45:00,R2,2.797,1.163,4.401,3.619,0.99,10.172
2026-08-14 15:00:00,R1,2.85,1.159,5.137,4.388,0.927,11.611
2026-08-14 15:00:00,R2,2.46,1.15,4.59,4.238,0.876,10.854
2026-08-14 15:15:00,R1,3.422,1.194,5.826,4.22,0.853,12.093
2026-08-14 15:15:00,R2,2.26,1.064,4.922,3.983,0.858,10.828
2026-08-14 15:30:00,R1,3.191,1.104,5.636,4.211,0.943,11.894
2026-08-14 15:30:00,R2,2.796,1.119,4.609,3.746,0.932,10.406
2026-08-14 15:45:00,R1,3.167,1.147,4.73,4.078,0.985,10.94
2026-08-14 15:45:00,R2,2.64,0.994,4.124,4.112,0.957,10.186
2026-08-14 16:00:00,R1,3.369,1.182,5.127,3.743,0.994,11.046
2026-08-14 16:00:00,R2,2.747,0.948,4.268,3.639,0.782,9.637
2026-08-14 16:15:00,R1,3.068,1.094,5.309,4.434,1.193,12.031
2026-08-14 16:15:00,R2,2.585,0.938,4.206,3.891,0.852,9.888
2026-08-14 16:30:00,R1,2.937,1.171,5.32,4.76,1.147,12.399
2026-08-14 16:30:00,R2,2.608,1.062,4.318,3.683,0.909,9.972
2026-08-14 16:45:00,R1,2.405,1.203,5.434,4.253,0.885,11.775
2026-08-14 16:45:00,R2,2.382,0.956,4.091,4.011,0.963,10.022
2026-08-14 17:00:00,R1,2.789,1.096,5.261,4.39,0.978,11.724
2026-08-14 17:00:00,R2,2.625,0.802,4.055,4.149,0.996,10.002
2026-08-14 17:15:00,R1,3.272,1.338,5.089,4.285,1.019,11.732
2026-08-14 17:15:00,R2,2.892,1.131,4.734,3.7,0.97,10.535
2026-08-14 17:30:00,R1,2.602,1.044,5.044,4.51,0.993,11.59
2026-08-14 17:30:00,R2,2.674,1.142,4.572,4.089,0.904,10.706
2026-08-14 17:45:00,R1,3.365,1.289,5.066,4.201,0.807,11.362
2026-08-14 17:45:00,R2,3.06,0.974,4.577,3.821,0.871,10.244
2026-08-14 18:00:00,R1,2.996,1.239,5.071,4.571,1.206,12.088
2026-08-14 18:00:00,R2,2.636,1.103,4.388,3.678,0.898,10.067
2026-08-14 18:15:00,R1,2.868,1.122,5.096,4.447,1.006,11.67
2026-08-14 18:15:00,R2,2.279,1.071,4.626,3.83,0.91,10.436
2026-08-14 18:30:00,R1,2.946,1.065,5.203,3.987,0.906,11.161
2026-08-14 18:30:00,R2,2.572,1.142,4.916,3.643,0.897,10.599
2026-08-14 18:45:00,R1,2.78,1.296,5.037,3.891,0.836,11.06
2026-08-14 18:45:00,R2,2.669,1.166,4.66,3.515,0.807,10.148
2026-08-14 19:00:00,R1,3.028,1.16,5.606,4.16,0.994,11.919
2026-08-14 19:00:00,R2,2.828,1.093,4.405,3.975,0.867,10.34
2026-08-14 19:15:00,R1,3.353,1.054,5.629,3.662,1.182,11.527
2026-08-14 19:15:00,R2,2.462,1.096,4.597,3.923,1.021,10.637
2026-08-14 19:30:00,R1,3.237,1.073,5.042,4.467,0.956,11.538
2026-08-14 19:30:00,R2,2.879,1.175,4.629,3.635,0.853,10.293
2026-08-14 19:45:00,R1,3.205,1.19,5.212,4.539,0.905,11.846
2026-08-14 19:45:00,R2,2.566,1.255,4.813,3.52,0.95,10.538
2026-08-14 20:00:00,R1,2.921,1.255,5.187,4.467,0.94,11.849
2026-08-14 20:00:00,R2,2.417,1.06,4.365,4.269,0.829,10.522
2026-08-14 20:15:00,R1,3.217,1.132,5.06,3.873,1.015,11.08
2026-08-14 20:15:00,R2,2.354,0.937,4.597,4.25,0.904,10.689
2026-08-14 20:30:00,R1,2.948,0.959,4.855,4.198,0.976,10.988
2026-08-14 20:30:00,R2,2.612,1.156,4.985,3.58,0.804,10.526
2026-08-14 20:45:00,R1,2.717,1.189,5.509,4.48,0.986,12.165
2026-08-14 20:45:00,R2,2.619,1.135,4.447,4.075,0.878,10.534
2026-08-14 21:00:00,R1,2.808,1.178,4.842,4.761,1.053,11.834
2026-08-14 21:00:00,R2,2.729,1.147,4.449,3.829,0.942,10.366
2026-08-14 21:15:00,R1,3.031,1.152,5.389,4.402,0.812,11.756
2026-08-14 21:15:00,R2,2.378,0.826,4.273,3.721,0.849,9.667
2026-08-14 21:30:00,R1,2.507,1.086,5.29,4.279,0.905,11.56
2026-08-14 21:30:00,R2,2.884,1.107,3.99,3.609,0.934,9.64
2026-08-14 21:45:00,R1,2.811,1.109,4.918,3.946,0.927,10.9
2026-08-14 21:45:00,R2,2.609,0.969,4.153,4.029,0.858,10.008
2026-08-14 22:00:00,R1,3.203,1.025,4.964,4.209,0.817,11.015
2026-08-14 22:00:00,R2,3.118,1.202,4.753,4.015,0.938,10.908
2026-08-14 22:15:00,R1,2.704,1.157,5.034,4.567,0.936,11.695
2026-08-14 22:15:00,R2,2.659,0.902,4.963,3.644,0.992,10.501
2026-08-14 22:30:00,R1,2.808,1.256,5.005,4.661,0.994,11.917
2026-08-14 22:30:00,R2,2.674,1.101,4.341,3.804,0.844,10.09
2026-08-14 22:45:00,R1,3.309,1.192,4.956,4.079,0.993,11.219
2026-08-14 22:45:00,R2,2.843,1.09,4.949,3.68,0.886,10.605
2026-08-14 23:00:00,R1,2.864,1.0,4.944,4.313,0.925,11.183
2026-08-14 23:00:00,R2,2.641,1.138,3.934,3.657,0.867,9.597
2026-08-14 23:15:00,R1,2.945,1.141,5.515,4.715,0.986,12.357
2026-08-14 23:15:00,R2,2.738,0.845,4.532,3.874,0.701,9.951
2026-08-14 23:30:00,R1,2.839,1.185,4.733,4.4,0.942,11.261
2026-08-14 23:30:00,R2,2.43,0.896,4.751,4.182,0.89,10.719
2026-08-14 23:45:00,R1,3.345,1.134,5.662,4.014,0.876,11.686
2026-08-14 23:45:00,R2,2.618,1.185,4.949,3.614,0.846,10.594
2026-08-15 00:00:00,R1,2.849,1.038,4.947,4.629,1.023,11.637
2026-08-15 00:00:00,R2,2.781,1.163,4.327,3.934,0.902,10.327
2026-08-15 00:15:00,R1,2.972,1.157,5.539,4.329,0.936,11.96
2026-08-15 00:15:00,R2,2.466,1.178,3.77,3.468,0.825,9.241
2026-08-15 00:30:00,R1,3.01,0.972,4.853,4.355,0.902,11.082
2026-08-15 00:30:00,R2,2.64,0.963,4.283,3.982,0.905,10.133
2026-08-15 00:45:00,R1,2.784,1.213,5.701,4.025,0.833,11.772
2026-08-15 00:45:00,R2,2.716,1.072,4.708,3.987,0.986,10.753
2026-08-15 01:00:00,R1,2.745,1.127,5.211,4.137,0.976,11.452
2026-08-15 01:00:00,R2,2.453,1.199,4.281,3.773,0.906,10.159
2026-08-15 01:15:00,R1,2.561,1.235,5.327,4.768,0.941,12.272
2026-08-15 01:15:00,R2,2.706,0.924,4.725,3.52,0.864,10.032
2026-08-15 01:30:00,R1,2.665,0.984,4.94,4.454,0.953,11.331
2026-08-15 01:30:00,R2,2.563,1.028,4.496,3.753,0.756,10.033
2026-08-15 01:45:00,R1,3.183,1.268,5.246,4.08,0.905,11.498
2026-08-15 01:45:00,R2,2.774,0.945,4.585,3.746,0.947,10.224
2026-08-15 02:00:00,R1,2.872,1.121,4.994,4.204,0.854,11.173
2026-08-15 02:00:00,R2,2.548,1.05,4.212,3.996,0.911,10.169
2026-08-15 02:15:00,R1,2.798,1.197,5.36,4.587,0.994,12.139
2026-08-15 02:15:00,R2,2.128,1.114,4.212,3.83,0.706,9.862
2026-08-15 02:30:00,R1,3.237,1.409,5.214,3.964,0.864,11.45
2026-08-15 02:30:00,R2,2.579,1.178,4.486,4.248,0.885,10.798
2026-08-15 02:45:00,R1,2.989,0.947,4.497,4.467,1.016,10.928
2026-08-15 02:45:00,R2,2.637,1.092,4.138,3.475,1.0,9.705
2026-08-15 03:00:00,R1,3.349,1.082,5.127,4.268,0.83,11.308
2026-08-15 03:00:00,R2,2.465,0.924,5.021,3.791,0.797,10.533
2026-08-15 03:15:00,R1,3.033,1.129,5.005,4.22,0.922,11.276
2026-08-15 03:15:00,R2,2.256,1.212,4.673,3.767,0.852,10.504
2026-08-15 03:30:00,R1,2.633,1.304,5.036,3.925,1.061,11.326
2026-08-15 03:30:00,R2,2.81,1.058,4.707,3.836,0.977,10.577
2026-08-15 03:45:00,R1,2.721,1.016,5.477,4.319,0.887,11.699
2026-08-15 03:45:00,R2,2.652,1.022,4.876,3.875,1.0,10.773
2026-08-15 04:00:00,R1,2.913,1.349,5.506,4.364,1.112,12.33
2026-08-15 04:00:00,R2,2.906,1.04,4.423,3.408,0.907,9.778
2026-08-15 04:15:00,R1,2.912,1.28,4.572,4.283,0.962,11.097
2026-08-15 04:15:00,R2,2.577,0.896,4.507,3.325,0.942,9.669
2026-08-15 04:30:00,R1,2.672,0.98,5.608,4.23,0.917,11.735
2026-08-15 04:30:00,R2,2.415,1.253,5.01,3.679,0.887,10.828
2026-08-15 04:45:00,R1,2.824,1.138,5.261,4.366,0.91,11.674
2026-08-15 04:45:00,R2,2.439,1.024,4.347,3.702,0.905,9.978
2026-08-15 05:00:00,R1,3.008,1.125,4.954,4.442,1.001,11.522
2026-08-15 05:00:00,R2,2.388,1.24,4.59,3.893,0.958,10.681
2026-08-15 05:15:00,R1,2.912,1.241,5.23,4.473,0.921,11.865
2026-08-15 05:15:00,R2,2.485,0.78,4.564,3.445,0.863,9.652
2026-08-15 05:30:00,R1,2.929,1.3,5.738,4.108,0.884,12.03
2026-08-15 05:30:00,R2,2.719,1.068,4.024,3.699,0.921,9.713
2026-08-15 05:45:00,R1,3.413,1.163,5.376,3.898,0.993,11.43
2026-08-15 05:45:00,R2,2.399,1.061,4.391,3.857,0.785,10.094
2026-08-15 06:00:00,R1,3.283,1.235,4.875,4.099,1.024,11.234
2026-08-15 06:00:00,R2,2.961,1.137,4.421,3.465,0.791,9.814
2026-08-15 06:15:00,R1,3.083,1.11,5.031,4.338,1.09,11.569
2026-08-15 06:15:00,R2,2.485,0.995,4.43,4.074,0.935,10.433
2026-08-15 06:30:00,R1,2.955,1.246,4.946,4.34,0.901,11.433
2026-08-15 06:30:00,R2,2.621,0.816,4.745,3.751,1.006,10.318
2026-08-15 06:45:00,R1,3.358,1.318,4.746,4.383,1.081,11.528
2026-08-15 06:45:00,R2,2.628,1.069,4.257,3.58,1.005,9.909
2026-08-15 07:00:00,R1,2.797,1.206,5.397,4.663,0.91,12.177
2026-08-15 07:00:00,R2,2.337,1.036,3.985,3.825,0.829,9.675
2026-08-15 07:15:00,R1,2.773,1.132,5.24,4.344,0.793,11.509
2026-08-15 07:15:00,R2,2.748,1.041,4.825,3.867,0.978,10.712
2026-08-15 07:30:00,R1,3.356,1.138,5.233,4.541,1.055,11.967
2026-08-15 07:30:00,R2,2.423,1.125,5.228,3.865,0.987,11.204
2026-08-15 07:45:00,R1,2.96,1.143,5.035,3.955,0.923,11.057
2026-08-15 07:45:00,R2,2.393,1.021,4.53,3.762,0.775,10.087
2026-08-15 08:00:00,R1,2.934,1.362,5.127,4.154,0.944,11.587
2026-08-15 08:00:00,R2,2.725,1.091,4.705,3.683,0.788,10.267
2026-08-15 08:15:00,R1,3.167,1.115,5.51,4.189,0.87,11.684
2026-08-15 08:15:00,R2,2.531,1.076,4.328,3.882,0.927,10.213
2026-08-15 08:30:00,R1,2.973,1.139,5.191,3.917,0.872,11.119
2026-08-15 08:30:00,R2,2.602,0.866,4.19,4.331,0.942,10.33
2026-08-15 08:45:00,R1,2.74,1.262,5.455,4.206,0.918,11.841
2026-08-15 08:45:00,R2,2.728,0.979,4.653,3.373,0.775,9.78
2026-08-15 09:00:00,R1,2.998,1.019,4.918,4.532,0.854,11.324
2026-08-15 09:00:00,R2,2.668,1.133,3.82,3.608,0.947,9.508
2026-08-15 09:15:00,R1,3.374,1.139,5.443,4.07,1.066,11.718
2026-08-15 09:15:00,R2,2.701,1.052,4.5,3.907,0.877,10.336
2026-08-15 09:30:00,R1,2.819,1.075,4.864,4.455,0.963,11.356
2026-08-15 09:30:00,R2,2.581,1.188,4.338,3.664,0.967,10.157
2026-08-15 09:45:00,R1,2.728,1.155,5.125,4.636,0.996,11.911
2026-08-15 09:45:00,R2,2.404,1.009,3.801,3.885,0.965,9.66
2026-08-15 10:00:00,R1,3.184,1.006,5.491,3.945,0.92,11.363
2026-08-15 10:00:00,R2,2.608,0.856,4.715,3.997,0.951,10.52
2026-08-15 10:15:00,R1,2.966,1.105,5.866,4.218,0.912,12.101
2026-08-15 10:15:00,R2,2.18,1.178,4.593,3.717,0.952,10.441
2026-08-15 10:30:00,R1,2.945,1.219,5.374,4.454,0.997,12.044
2026-08-15 10:30:00,R2,2.583,1.072,4.523,3.776,0.906,10.277
2026-08-15 10:45:00,R1,2.925,1.248,5.213,4.149,0.914,11.525
2026-08-15 10:45:00,R2,2.517,1.096,4.462,3.759,0.858,10.176
2026-08-15 11:00:00,R1,2.842,1.17,5.746,4.337,0.917,12.17
2026-08-15 11:00:00,R2,2.279,1.059,4.488,3.757,0.946,10.25
2026-08-15 11:15:00,R1,3.059,1.196,5.495,4.488,0.929,12.109
2026-08-15 11:15:00,R2,2.783,1.035,4.508,3.681,1.012,10.237
2026-08-15 11:30:00,R1,3.14,1.14,5.162,4.185,0.924,11.411
2026-08-15 11:30:00,R2,2.877,1.188,4.401,3.814,0.912,10.315
2026-08-15 11:45:00,R1,2.902,1.197,5.697,3.851,1.058,11.803
2026-08-15 11:45:00,R2,2.547,1.049,4.7,3.962,0.972,10.683
2026-08-15 12:00:00,R1,3.139,0.99,5.112,4.402,0.901,11.405
2026-08-15 12:00:00,R2,2.62,1.088,4.478,3.687,0.792,10.044
2026-08-15 12:15:00,R1,3.245,1.188,4.826,4.391,0.857,11.263
2026-08-15 12:15:00,R2,2.442,0.945,4.323,3.875,0.834,9.977
2026-08-15 12:30:00,R1,3.051,1.26,5.052,3.747,0.894,10.952
2026-08-15 12:30:00,R2,2.717,1.121,4.246,4.114,0.975,10.456
2026-08-15 12:45:00,R1,2.784,1.158,5.06,4.407,0.976,11.601
2026-08-15 12:45:00,R2,2.619,0.938,4.321,3.798,0.851,9.909
2026-08-15 13:00:00,R1,2.831,1.33,5.19,4.13,1.147,11.797
2026-08-15 13:00:00,R2,2.666,0.984,4.145,3.888,1.033,10.049
2026-08-15 13:15:00,R1,2.939,1.121,5.102,4.244,0.859,11.326
2026-08-15 13:15:00,R2,2.275,1.185,4.772,4.371,0.803,11.132
2026-08-15 13:30:00,R1,2.889,1.124,5.005,4.226,0.925,11.28
2026-08-15 13:30:00,R2,2.632,1.064,4.345,3.502,0.904,9.815
2026-08-15 13:45:00,R1,2.872,1.154,5.171,4.181,0.854,11.36
2026-08-15 13:45:00,R2,2.531,1.202,4.915,3.814,0.932,10.862
2026-08-15 14:00:00,R1,3.251,1.045,5.706,4.055,0.935,11.741
2026-08-15 14:00:00,R2,2.806,1.125,4.608,3.435,0.871,10.039
2026-08-15 14:15:00,R1,2.846,1.149,5.06,3.992,0.925,11.126
2026-08-15 14:15:00,R2,2.426,1.014,4.911,3.892,0.85,10.667
2026-08-15 14:30:00,R1,3.123,1.283,5.362,4.068,0.95,11.663
2026-08-15 14:30:00,R2,2.396,1.078,4.529,3.568,0.843,10.018
2026-08-15 14:45:00,R1,3.061,1.092,4.942,4.023,0.935,10.992
2026-08-15 14:45:00,R2,2.652,1.061,4.038,3.634,0.758,9.489
2026-08-15 15:00:00,R1,2.914,1.186,4.787,3.724,0.919,10.616
2026-08-15 15:00:00,R2,2.407,1.101,4.11,3.655,1.001,9.867
2026-08-15 15:15:00,R1,3.111,1.158,5.594,4.392,0.95,12.093
2026-08-15 15:15:00,R2,2.44,0.88,4.5,3.509,0.754,9.643
2026-08-15 15:30:00,R1,2.948,1.09,5.586,4.375,1.018,12.068
2026-08-15 15:30:00,R2,2.509,0.96,4.59,3.978,0.952,10.48
2026-08-15 15:45:00,R1,3.095,1.167,5.166,4.266,0.876,11.475
2026-08-15 15:45:00,R2,2.281,0.893,4.354,3.918,0.917,10.082
2026-08-15 16:00:00,R1,2.917,1.144,5.348,4.186,1.093,11.77
2026-08-15 16:00:00,R2,2.633,1.063,4.609,3.716,0.826,10.214
2026-08-15 16:15:00,R1,2.802,1.016,5.003,4.361,0.784,11.164
2026-08-15 16:15:00,R2,2.535,1.258,4.042,3.57,0.957,9.827
2026-08-15 16:30:00,R1,3.104,1.093,5.242,4.63,0.987,11.953
2026-08-15 16:30:00,R2,2.631,1.019,4.368,3.87,0.947,10.204
2026-08-15 16:45:00,R1,2.918,0.977,4.951,4.263,0.933,11.124
2026-08-15 16:45:00,R2,2.529,1.042,4.525,3.461,0.84,9.868
2026-08-15 17:00:00,R1,3.389,1.185,4.88,4.42,1.007,11.492
2026-08-15 17:00:00,R2,2.633,0.996,4.597,3.644,0.912,10.149
2026-08-15 17:15:00,R1,2.89,1.11,4.959,4.441,0.991,11.501
2026-08-15 17:15:00,R2,3.196,1.215,4.764,3.534,0.869,10.382
2026-08-15 17:30:00,R1,3.184,1.069,5.264,3.847,1.211,11.39
2026-08-15 17:30:00,R2,2.501,1.099,4.202,3.746,0.81,9.858
2026-08-15 17:45:00,R1,2.826,1.202,5.283,4.143,0.984,11.612
2026-08-15 17:45:00,R2,2.511,1.045,4.174,3.783,0.879,9.88
2026-08-15 18:00:00,R1,2.717,1.096,5.296,4.457,0.934,11.783
2026-08-15 18:00:00,R2,2.438,1.002,4.439,3.856,0.928,10.226
2026-08-15 18:15:00,R1,2.939,1.015,5.117,4.074,0.914,11.121
2026-08-15 18:15:00,R2,3.182,0.996,4.787,3.779,0.91,10.473
2026-08-15 18:30:00,R1,3.012,1.171,5.56,4.63,0.856,12.216
2026-08-15 18:30:00,R2,3.11,1.175,4.553,3.83,0.833,10.391
2026-08-15 18:45:00,R1,2.79,1.311,5.476,4.014,0.976,11.777
2026-08-15 18:45:00,R2,2.636,1.081,4.502,3.595,0.933,10.111
2026-08-15 19:00:00,R1,3.099,1.253,5.228,4.185,1.005,11.672
2026-08-15 19:00:00,R2,2.802,0.888,4.551,3.722,0.968,10.129
2026-08-15 19:15:00,R1,2.956,1.291,5.212,4.649,1.034,12.185
2026-08-15 19:15:00,R2,2.613,1.106,3.997,4.155,0.806,10.063
2026-08-15 19:30:00,R1,3.215,1.25,4.945,4.136,0.937,11.268
2026-08-15 19:30:00,R2,2.853,1.221,4.008,3.856,0.799,9.885
2026-08-15 19:45:00,R1,2.881,1.212,4.94,4.294,0.997,11.443
2026-08-15 19:45:00,R2,2.697,0.954,4.192,3.94,0.754,9.839
2026-08-15 20:00:00,R1,3.056,1.28,5.489,3.981,0.899,11.649
2026-08-15 20:00:00,R2,2.838,1.251,4.412,3.904,1.009,10.577
2026-08-15 20:15:00,R1,3.635,1.177,4.884,4.042,0.882,10.985
2026-08-15 20:15:00,R2,2.638,1.111,4.11,3.67,0.978,9.868
2026-08-15 20:30:00,R1,2.968,1.085,5.301,4.78,0.987,12.152
2026-08-15 20:30:00,R2,2.756,0.893,4.571,3.7,0.939,10.103
2026-08-15 20:45:00,R1,3.113,1.257,5.125,4.309,0.919,11.611
2026-08-15 20:45:00,R2,2.736,1.143,4.324,3.542,0.889,9.898
2026-08-15 21:00:00,R1,3.377,1.225,5.597,4.067,1.004,11.893
2026-08-15 21:00:00,R2,2.444,0.914,4.583,4.168,0.85,10.516
2026-08-15 21:15:00,R1,3.149,1.256,5.613,4.305,0.983,12.157
2026-08-15 21:15:00,R2,2.442,0.964,4.447,3.166,0.906,9.483
2026-08-15 21:30:00,R1,3.137,1.271,4.903,4.721,1.104,11.999
2026-08-15 21:30:00,R2,2.368,0.986,4.738,3.684,0.836,10.243
2026-08-15 21:45:00,R1,3.062,1.221,4.87,4.233,0.981,11.306
2026-08-15 21:45:00,R2,2.585,0.986,4.041,4.224,0.864,10.115
2026-08-15 22:00:00,R1,3.374,1.077,5.152,3.852,0.884,10.965
2026-08-15 22:00:00,R2,3.032,1.168,4.809,3.592,0.892,10.461
2026-08-15 22:15:00,R1,2.995,1.163,5.301,3.987,1.009,11.46
2026-08-15 22:15:00,R2,2.317,0.881,4.653,3.779,0.877,10.19
2026-08-15 22:30:00,R1,2.968,1.022,5.24,3.729,0.908,10.899
2026-08-15 22:30:00,R2,2.338,1.208,4.063,3.562,0.912,9.745
2026-08-15 22:45:00,R1,2.851,1.144,5.296,4.307,1.014,11.762
2026-08-15 22:45:00,R2,2.413,1.129,4.074,3.637,0.881,9.721
2026-08-15 23:00:00,R1,3.064,1.045,5.211,4.298,1.007,11.561
2026-08-15 23:00:00,R2,2.742,1.118,4.382,3.997,0.845,10.342
2026-08-15 23:15:00,R1,2.684,1.082,5.303,3.914,0.904,11.203
2026-08-15 23:15:00,R2,2.867,1.174,4.537,3.851,0.985,10.547
2026-08-15 23:30:00,R1,2.853,1.203,5.379,4.54,1.105,12.227
2026-08-15 23:30:00,R2,2.769,1.165,4.596,4.017,0.899,10.676
2026-08-15 23:45:00,R1,2.851,1.25,5.332,4.374,0.988,11.944
2026-08-15 23:45:00,R2,2.34,1.03,4.399,3.808,0.903,10.14
2026-08-16 00:00:00,R1,3.195,1.106,5.349,4.118,0.87,11.443
2026-08-16 00:00:00,R2,2.415,0.987,4.351,3.413,0.956,9.707
2026-08-16 00:15:00,R1,3.009,1.257,5.154,3.785,0.967,11.162
2026-08-16 00:15:00,R2,2.977,1.032,4.641,3.896,0.919,10.488
2026-08-16 00:30:00,R1,3.136,1.24,5.488,4.158,0.974,11.86
2026-08-16 00:30:00,R2,2.636,1.346,4.67,3.467,0.971,10.454
2026-08-16 00:45:00,R1,2.818,1.214,4.935,4.048,0.885,11.081
2026-08-16 00:45:00,R2,2.834,1.153,4.361,3.975,1.043,10.532
2026-08-16 01:00:00,R1,3.162,1.308,5.018,4.287,0.916,11.529
2026-08-16 01:00:00,R2,2.579,1.135,4.762,4.26,0.89,11.047
2026-08-16 01:15:00,R1,3.121,1.006,5.093,4.241,1.025,11.366
2026-08-16 01:15:00,R2,2.298,1.183,4.046,3.823,0.881,9.933
2026-08-16 01:30:00,R1,2.975,1.069,5.292,4.36,1.019,11.739
2026-08-16 01:30:00,R2,2.693,1.05,4.514,3.548,0.961,10.073
2026-08-16 01:45:00,R1,3.097,1.078,5.051,4.078,0.991,11.198
2026-08-16 01:45:00,R2,2.58,1.059,4.435,4.1,0.816,10.41
2026-08-16 02:00:00,R1,3.283,1.079,5.36,4.114,0.953,11.505
2026-08-16 02:00:00,R2,2.675,1.004,4.636,3.438,0.969,10.047
2026-08-16 02:15:00,R1,3.282,1.187,5.117,4.363,0.979,11.646
2026-08-16 02:15:00,R2,2.838,1.23,4.748,3.363,0.885,10.227
2026-08-16 02:30:00,R1,2.682,1.184,5.0,3.984,0.95,11.118
2026-08-16 02:30:00,R2,2.702,0.915,4.086,3.962,0.866,9.828
2026-08-16 02:45:00,R1,2.723,1.154,5.635,4.843,0.859,12.491
2026-08-16 02:45:00,R2,2.768,1.11,4.723,3.614,0.973,10.421
2026-08-16 03:00:00,R1,2.721,1.193,4.815,4.307,0.877,11.191
2026-08-16 03:00:00,R2,2.617,0.895,4.415,3.73,0.832,9.871
2026-08-16 03:15:00,R1,3.201,1.217,5.111,4.486,0.968,11.783
2026-08-16 03:15:00,R2,2.67,0.902,4.323,3.743,0.885,9.853
2026-08-16 03:30:00,R1,2.828,1.131,5.073,4.358,0.94,11.502
2026-08-16 03:30:00,R2,2.495,0.979,4.417,3.985,0.955,10.336
2026-08-16 03:45:00,R1,2.948,1.199,4.759,4.643,1.029,11.63
2026-08-16 03:45:00,R2,2.563,0.881,4.703,3.975,0.921,10.48
2026-08-16 04:00:00,R1,3.143,1.185,4.859,4.342,1.038,11.424
2026-08-16 04:00:00,R2,2.759,0.981,4.438,3.835,1.065,10.318
2026-08-16 04:15:00,R1,3.093,1.071,5.52,4.098,0.943,11.632
2026-08-16 04:15:00,R2,2.636,0.989,4.41,4.189,0.775,10.363
2026-08-16 04:30:00,R1,3.134,1.167,4.568,3.92,1.054,10.709
2026-08-16 04:30:00,R2,2.669,1.069,4.803,3.526,0.837,10.235
2026-08-16 04:45:00,R1,2.789,1.17,5.575,4.327,0.851,11.924
2026-08-16 04:45:00,R2,2.435,1.03,4.958,3.958,0.912,10.858
2026-08-16 05:00:00,R1,3.273,1.187,5.348,4.315,0.79,11.64
2026-08-16 05:00:00,R2,2.751,0.997,4.213,3.512,0.816,9.538
2026-08-16 05:15:00,R1,3.3,1.22,4.98,4.084,0.856,11.139
2026-08-16 05:15:00,R2,2.462,0.991,4.302,4.013,0.928,10.234
2026-08-16 05:30:00,R1,2.887,1.069,5.158,4.196,1.026,11.449
2026-08-16 05:30:00,R2,2.54,1.004,4.913,3.696,1.001,10.615
2026-08-16 05:45:00,R1,2.692,1.161,5.241,4.057,1.003,11.461
2026-08-16 05:45:00,R2,2.392,1.125,4.814,3.794,0.695,10.429
2026-08-16 06:00:00,R1,3.122,1.081,4.65,4.251,0.874,10.857
2026-08-16 06:00:00,R2,3.181,1.032,4.146,3.58,0.956,9.713
2026-08-16 06:15:00,R1,2.96,1.219,4.983,4.654,0.898,11.754
2026-08-16 06:15:00,R2,2.815,0.935,4.609,4.06,0.864,10.467
2026-08-16 06:30:00,R1,2.87,1.117,5.6,4.662,0.902,12.28
2026-08-16 06:30:00,R2,2.724,1.001,4.669,3.857,0.924,10.45
2026-08-16 06:45:00,R1,2.76,1.298,5.019,4.419,0.955,11.691
2026-08-16 06:45:00,R2,2.784,1.129,4.5,3.895,0.825,10.349
2026-08-16 07:00:00,R1,3.196,1.026,5.563,4.672,1.033,12.293
2026-08-16 07:00:00,R2,2.845,0.851,4.878,3.415,0.947,10.09
2026-08-16 07:15:00,R1,3.116,1.128,5.386,4.218,0.832,11.563
2026-08-16 07:15:00,R2,2.754,1.062,4.459,3.906,0.863,10.29
2026-08-16 07:30:00,R1,3.239,1.356,5.406,4.503,0.984,12.249
2026-08-16 07:30:00,R2,2.471,1.075,4.167,3.686,0.853,9.781
2026-08-16 07:45:00,R1,3.012,1.159,5.363,4.143,0.872,11.538
2026-08-16 07:45:00,R2,2.694,1.051,4.709,3.495,0.879,10.133
2026-08-16 08:00:00,R1,2.681,1.128,4.811,4.48,0.989,11.407
2026-08-16 08:00:00,R2,2.455,1.095,4.848,3.658,0.965,10.565
2026-08-16 08:15:00,R1,2.991,1.175,4.991,4.467,0.957,11.591
2026-08-16 08:15:00,R2,2.76,1.016,4.426,3.839,0.859,10.14
2026-08-16 08:30:00,R1,2.925,1.254,4.962,4.407,1.014,11.638
2026-08-16 08:30:00,R2,2.616,0.954,4.315,3.311,0.9,9.48
2026-08-16 08:45:00,R1,3.198,1.379,5.631,4.512,0.964,12.485
2026-08-16 08:45:00,R2,2.749,1.185,4.789,4.208,0.845,11.027
2026-08-16 09:00:00,R1,2.894,1.319,5.049,4.364,1.015,11.748
2026-08-16 09:00:00,R2,2.702,1.051,4.771,3.444,0.892,10.159
2026-08-16 09:15:00,R1,3.19,1.149,5.575,4.382,0.906,12.012
2026-08-16 09:15:00,R2,2.481,0.892,4.781,4.057,0.875,10.606
2026-08-16 09:30:00,R1,3.019,1.102,5.065,4.1,0.943,11.21
2026-08-16 09:30:00,R2,2.737,1.179,4.351,3.674,0.868,10.072
2026-08-16 09:45:00,R1,2.844,1.176,4.587,4.402,0.821,10.986
2026-08-16 09:45:00,R2,2.504,1.147,4.088,3.655,0.906,9.796
2026-08-16 10:00:00,R1,2.942,0.992,5.46,4.437,0.99,11.879
2026-08-16 10:00:00,R2,2.422,0.929,4.629,3.396,1.028,9.982
2026-08-16 10:15:00,R1,3.232,1.079,5.165,4.215,0.803,11.262
2026-08-16 10:15:00,R2,2.773,1.016,4.669,3.572,0.909,10.166
2026-08-16 10:30:00,R1,3.117,1.149,5.34,4.373,0.939,11.801
2026-08-16 10:30:00,R2,2.858,0.936,4.887,3.748,0.973,10.544
2026-08-16 10:45:00,R1,2.945,1.194,5.629,4.442,1.074,12.339
2026-08-16 10:45:00,R2,2.73,0.961,4.423,3.409,0.902,9.695
2026-08-16 11:00:00,R1,2.924,1.183,5.153,4.372,0.65,11.358
2026-08-16 11:00:00,R2,2.379,1.002,4.169,4.0,0.794,9.966
2026-08-16 11:15:00,R1,2.975,1.115,5.436,4.503,0.855,11.909
2026-08-16 11:15:00,R2,2.466,1.059,4.663,4.001,0.913,10.637
2026-08-16 11:30:00,R1,2.891,0.961,5.329,4.193,0.973,11.456
2026-08-16 11:30:00,R2,2.808,1.208,4.712,3.937,0.945,10.802
2026-08-16 11:45:00,R1,2.836,1.074,4.872,4.374,1.039,11.36
2026-08-16 11:45:00,R2,3.063,1.105,4.835,3.765,1.018,10.724
2026-08-16 12:00:00,R1,2.736,1.141,5.253,4.102,1.011,11.507
2026-08-16 12:00:00,R2,2.568,1.113,4.562,3.856,0.949,10.48
2026-08-16 12:15:00,R1,3.039,0.891,4.829,3.895,0.847,10.463
2026-08-16 12:15:00,R2,2.642,1.019,4.405,3.645,0.988,10.057
2026-08-16 12:30:00,R1,2.901,1.12,5.416,4.658,0.982,12.175
2026-08-16 12:30:00,R2,2.618,0.849,4.498,3.632,0.92,9.9
2026-08-16 12:45:00,R1,2.716,1.135,4.76,4.25,1.008,11.152
2026-08-16 12:45:00,R2,2.878,0.899,4.13,3.612,1.045,9.686
2026-08-16 13:00:00,R1,2.794,1.053,5.036,4.462,0.995,11.545
2026-08-16 13:00:00,R2,2.717,1.017,4.582,3.588,0.898,10.085
2026-08-16 13:15:00,R1,3.012,1.075,4.983,3.816,0.894,10.769
2026-08-16 13:15:00,R2,2.812,0.945,4.709,3.74,1.036,10.43
2026-08-16 13:30:00,R1,2.938,1.23,5.296,4.291,1.014,11.83
2026-08-16 13:30:00,R2,2.511,1.165,4.309,3.684,0.946,10.105
2026-08-16 13:45:00,R1,3.05,1.216,5.187,4.265,0.934,11.604
2026-08-16 13:45:00,R2,2.149,0.882,5.05,3.808,0.913,10.653
2026-08-16 14:00:00,R1,3.044,1.108,5.109,4.638,1.005,11.859
2026-08-16 14:00:00,R2,3.119,1.127,4.675,3.403,0.977,10.181
2026-08-16 14:15:00,R1,3.113,1.06,5.351,3.917,0.873,11.201
2026-08-16 14:15:00,R2,2.492,1.112,4.596,3.431,0.855,9.993
2026-08-16 14:30:00,R1,3.042,1.106,5.177,4.428,0.907,11.618
2026-08-16 14:30:00,R2,2.535,1.068,4.689,4.101,0.963,10.82
2026-08-16 14:45:00,R1,2.821,1.106,5.403,4.67,0.977,12.156
2026-08-16 14:45:00,R2,3.101,0.977,4.471,3.59,0.876,9.913
2026-08-16 15:00:00,R1,3.003,1.004,5.338,4.48,0.882,11.704
2026-08-16 15:00:00,R2,2.753,1.183,4.318,3.472,1.018,9.992
2026-08-16 15:15:00,R1,2.808,1.154,5.153,4.228,1.002,11.537
2026-08-16 15:15:00,R2,2.518,1.066,4.513,3.409,1.019,10.007
2026-08-16 15:30:00,R1,3.012,1.032,7.343,5.559,1.022,14.955
2026-08-16 15:30:00,R2,2.804,1.097,4.828,3.715,0.973,10.613
2026-08-16 15:45:00,R1,3.199,1.084,7.069,6.259,0.943,15.356
2026-08-16 15:45:00,R2,2.636,1.168,4.402,3.791,0.919,10.279
2026-08-16 16:00:00,R1,3.079,0.987,6.639,6.268,0.975,14.869
2026-08-16 16:00:00,R2,2.585,1.196,4.437,3.917,0.892,10.442
2026-08-16 16:15:00,R1,3.043,1.117,6.621,5.847,0.954,14.54
2026-08-16 16:15:00,R2,2.523,0.968,4.278,3.773,0.817,9.836
2026-08-16 16:30:00,R1,2.999,1.111,7.086,6.381,0.883,15.461
2026-08-16 16:30:00,R2,2.631,1.072,4.319,4.064,0.85,10.304
2026-08-16 16:45:00,R1,3.032,1.001,5.49,4.484,0.972,11.947
2026-08-16 16:45:00,R2,2.418,1.012,4.541,3.681,0.901,10.135
2026-08-16 17:00:00,R1,3.04,1.281,5.572,4.818,0.889,12.56
2026-08-16 17:00:00,R2,2.188,1.076,4.332,3.759,0.938,10.104
2026-08-16 17:15:00,R1,3.0,1.212,4.755,4.001,0.967,10.935
2026-08-16 17:15:00,R2,2.54,1.158,4.063,3.631,0.846,9.698
2026-08-16 17:30:00,R1,2.229,1.129,5.809,4.069,0.999,12.006
2026-08-16 17:30:00,R2,2.602,1.015,4.259,3.375,0.758,9.407
2026-08-16 17:45:00,R1,3.047,1.035,5.39,4.216,1.003,11.644
2026-08-16 17:45:00,R2,2.46,1.125,4.418,4.12,0.838,10.501
2026-08-16 18:00:00,R1,3.292,0.946,5.344,4.129,0.977,11.396
2026-08-16 18:00:00,R2,2.692,1.072,3.75,4.338,0.828,9.988
2026-08-16 18:15:00,R1,3.071,1.164,5.24,4.652,0.964,12.02
2026-08-16 18:15:00,R2,2.885,1.156,3.809,3.895,0.957,9.818
2026-08-16 18:30:00,R1,3.361,1.227,5.339,3.848,1.067,11.48
2026-08-16 18:30:00,R2,2.577,1.065,4.405,4.059,0.905,10.433
2026-08-16 18:45:00,R1,2.855,1.171,5.216,3.785,0.869,11.042
2026-08-16 18:45:00,R2,2.817,1.052,4.403,3.744,1.073,10.272
2026-08-16 19:00:00,R1,3.047,1.09,5.577,4.49,0.772,11.93
2026-08-16 19:00:00,R2,2.355,0.778,4.683,3.605,0.699,9.765
2026-08-16 19:15:00,R1,2.881,1.04,5.036,3.943,0.898,10.917
2026-08-16 19:15:00,R2,2.616,1.104,4.026,3.909,0.883,9.921
2026-08-16 19:30:00,R1,2.811,1.193,5.151,4.045,1.115,11.504
2026-08-16 19:30:00,R2,2.68,1.004,4.477,3.355,1.127,9.964
2026-08-16 19:45:00,R1,2.971,1.126,5.271,3.978,0.905,11.279
2026-08-16 19:45:00,R2,2.632,0.99,4.567,3.352,0.806,9.715
2026-08-16 20:00:00,R1,2.72,1.074,5.367,4.413,0.949,11.803
2026-08-16 20:00:00,R2,2.718,1.158,5.036,3.919,0.878,10.991
2026-08-16 20:15:00,R1,2.868,0.99,4.748,4.046,0.833,10.618
2026-08-16 20:15:00,R2,2.607,1.079,4.625,3.693,0.729,10.126
2026-08-16 20:30:00,R1,2.939,1.24,5.493,3.992,1.067,11.792
2026-08-16 20:30:00,R2,2.847,1.141,4.796,3.786,0.866,10.59
2026-08-16 20:45:00,R1,3.189,1.157,5.125,4.41,1.014,11.706
2026-08-16 20:45:00,R2,2.572,1.087,4.965,4.276,1.013,11.341
2026-08-16 21:00:00,R1,3.123,1.152,5.156,4.149,0.962,11.419
2026-08-16 21:00:00,R2,2.656,1.06,4.477,3.546,0.914,9.996
2026-08-16 21:15:00,R1,3.011,1.181,4.771,4.165,0.92,11.037
2026-08-16 21:15:00,R2,2.76,1.15,4.593,3.369,0.824,9.936
2026-08-16 21:30:00,R1,2.867,1.104,4.763,4.364,0.921,11.153
2026-08-16 21:30:00,R2,2.419,0.918,4.527,3.8,0.873,10.119
2026-08-16 21:45:00,R1,3.016,1.007,4.985,4.248,1.034,11.274
2026-08-16 21:45:00,R2,2.296,0.968,4.34,3.832,0.832,9.972
2026-08-16 22:00:00,R1,3.292,1.093,5.341,4.37,0.799,11.603
2026-08-16 22:00:00,R2,2.491,1.106,4.259,3.803,0.696,9.865
2026-08-16 22:15:00,R1,2.703,1.019,5.368,4.366,0.866,11.619
2026-08-16 22:15:00,R2,2.91,0.963,4.387,3.492,0.739,9.581
2026-08-16 22:30:00,R1,2.649,1.195,5.631,4.407,0.999,12.231
2026-08-16 22:30:00,R2,2.475,0.887,4.515,4.023,0.793,10.218
2026-08-16 22:45:00,R1,3.098,1.138,5.205,3.991,0.791,11.124
2026-08-16 22:45:00,R2,2.828,1.15,4.928,3.986,0.852,10.916
2026-08-16 23:00:00,R1,3.051,1.25,5.097,3.759,0.881,10.987
2026-08-16 23:00:00,R2,2.464,0.874,4.844,3.582,0.753,10.053
2026-08-16 23:15:00,R1,3.321,1.361,5.181,4.446,0.975,11.963
2026-08-16 23:15:00,R2,2.518,0.973,5.095,3.491,0.848,10.407
2026-08-16 23:30:00,R1,2.884,1.251,5.206,4.514,1.123,12.095
2026-08-16 23:30:00,R2,2.475,1.06,4.496,3.747,1.022,10.325
2026-08-16 23:45:00,R1,3.061,1.185,5.529,4.544,0.989,12.247
2026-08-16 23:45:00,R2,2.482,0.995,4.463,3.735,0.847,10.039
2026-08-17 00:00:00,R1,2.996,1.229,4.709,4.347,1.003,11.288
2026-08-17 00:00:00,R2,2.538,1.138,4.647,3.963,0.667,10.415
2026-08-17 00:15:00,R1,2.76,1.107,5.533,4.277,1.029,11.947
2026-08-17 00:15:00,R2,2.402,0.929,4.52,3.498,0.996,9.944
2026-08-17 00:30:00,R1,3.159,1.062,5.03,4.027,0.848,10.966
2026-08-17 00:30:00,R2,2.474,1.057,4.273,3.833,0.971,10.134
2026-08-17 00:45:00,R1,3.316,1.267,5.243,4.547,1.015,12.072
2026-08-17 00:45:00,R2,2.544,1.09,4.381,3.52,1.09,10.081
2026-08-17 01:00:00,R1,3.089,1.349,5.714,4.299,0.9,12.263
2026-08-17 01:00:00,R2,2.448,0.87,4.117,4.024,0.887,9.897
2026-08-17 01:15:00,R1,3.266,1.079,4.658,4.281,0.97,10.988
2026-08-17 01:15:00,R2,2.591,1.103,4.662,3.767,0.91,10.441
2026-08-17 01:30:00,R1,3.05,1.14,5.238,3.943,0.867,11.188
2026-08-17 01:30:00,R2,2.331,1.173,4.381,3.742,0.756,10.052
2026-08-17 01:45:00,R1,2.776,1.263,4.672,4.054,0.948,10.937
2026-08-17 01:45:00,R2,2.488,1.06,5.111,3.901,0.87,10.942
2026-08-17 02:00:00,R1,2.749,1.077,4.959,4.236,1.072,11.345
2026-08-17 02:00:00,R2,2.516,1.149,4.497,3.709,0.912,10.267
2026-08-17 02:15:00,R1,2.891,1.158,5.494,4.034,1.039,11.725
2026-08-17 02:15:00,R2,2.107,1.132,4.438,3.716,0.916,10.202
2026-08-17 02:30:00,R1,2.728,1.018,5.342,4.151,0.897,11.408
2026-08-17 02:30:00,R2,2.497,0.951,4.616,4.016,0.996,10.579
2026-08-17 02:45:00,R1,3.02,1.204,5.437,4.267,0.844,11.753
2026-08-17 02:45:00,R2,2.704,1.013,4.241,3.676,0.933,9.863
2026-08-17 03:00:00,R1,2.88,1.337,4.743,4.352,0.873,11.304
2026-08-17 03:00:00,R2,2.715,1.065,4.229,3.548,0.839,9.681
2026-08-17 03:15:00,R1,2.903,1.185,5.032,4.606,1.006,11.829
2026-08-17 03:15:00,R2,2.761,0.869,4.393,3.934,0.96,10.156
2026-08-17 03:30:00,R1,3.451,1.131,4.759,4.388,0.871,11.149
2026-08-17 03:30:00,R2,2.361,0.924,4.77,3.592,0.857,10.142
2026-08-17 03:45:00,R1,2.766,1.016,5.135,4.268,0.972,11.39
2026-08-17 03:45:00,R2,2.151,0.968,4.62,3.625,0.876,10.09
2026-08-17 04:00:00,R1,2.808,1.111,4.982,4.055,0.996,11.144
2026-08-17 04:00:00,R2,2.722,0.973,4.257,4.226,0.732,10.188
2026-08-17 04:15:00,R1,2.949,1.107,5.197,3.702,0.879,10.885
2026-08-17 04:15:00,R2,3.024,1.02,4.274,4.365,0.944,10.604
2026-08-17 04:30:00,R1,2.707,1.249,5.631,3.963,1.029,11.873
2026-08-17 04:30:00,R2,2.588,1.006,4.664,3.92,0.953,10.544
2026-08-17 04:45:00,R1,2.69,0.887,4.961,4.158,0.799,10.805
2026-08-17 04:45:00,R2,2.653,1.094,4.485,3.828,0.799,10.206
2026-08-17 05:00:00,R1,2.994,1.214,5.276,4.153,1.07,11.713
2026-08-17 05:00:00,R2,2.861,0.877,4.498,3.972,0.842,10.19
2026-08-17 05:15:00,R1,2.695,1.024,5.022,4.403,0.802,11.251
2026-08-17 05:15:00,R2,2.93,1.108,4.361,4.076,0.906,10.451
2026-08-17 05:30:00,R1,3.221,1.188,5.096,4.438,0.955,11.677
2026-08-17 05:30:00,R2,2.406,0.974,4.366,3.424,0.779,9.543
2026-08-17 05:45:00,R1,2.846,1.242,5.375,4.413,0.955,11.985
2026-08-17 05:45:00,R2,2.251,1.198,4.55,3.693,1.172,10.612
2026-08-17 06:00:00,R1,3.284,1.142,5.101,4.377,1.08,11.7
2026-08-17 06:00:00,R2,2.718,1.159,5.056,4.137,0.705,11.057
2026-08-17 06:15:00,R1,2.827,1.052,5.209,4.275,0.928,11.465
2026-08-17 06:15:00,R2,2.661,1.079,4.426,4.225,0.936,10.667
2026-08-17 06:30:00,R1,3.145,1.206,5.061,4.273,1.058,11.597
2026-08-17 06:30:00,R2,2.715,0.898,4.192,4.065,0.926,10.08
2026-08-17 06:45:00,R1,3.192,1.138,4.971,4.236,1.021,11.366
2026-08-17 06:45:00,R2,2.586,0.881,4.388,3.62,0.897,9.786
2026-08-17 07:00:00,R1,2.882,1.261,5.576,4.003,1.0,11.84
2026-08-17 07:00:00,R2,2.838,1.099,4.179,3.845,0.989,10.112
2026-08-17 07:15:00,R1,2.949,1.087,5.361,4.407,1.027,11.882
2026-08-17 07:15:00,R2,2.489,1.101,4.433,3.596,0.945,10.075
2026-08-17 07:30:00,R1,2.798,1.27,5.099,4.287,0.87,11.527
2026-08-17 07:30:00,R2,2.431,0.818,4.801,3.706,0.934,10.259
2026-08-17 07:45:00,R1,3.199,1.188,5.471,4.383,0.904,11.946
2026-08-17 07:45:00,R2,2.51,0.899,4.526,3.966,0.935,10.327
2026-08-17 08:00:00,R1,2.705,1.115,5.569,4.636,1.095,12.415
2026-08-17 08:00:00,R2,2.61,0.927,4.379,3.85,1.056,10.214
2026-08-17 08:15:00,R1,2.662,1.08,4.917,4.023,0.923,10.942
2026-08-17 08:15:00,R2,2.961,1.202,4.316,3.662,0.991,10.172
2026-08-17 08:30:00,R1,2.873,1.167,5.306,4.42,1.015,11.908
2026-08-17 08:30:00,R2,2.611,0.933,4.328,3.707,0.871,9.839
2026-08-17 08:45:00,R1,3.154,1.246,5.332,4.018,0.992,11.587
2026-08-17 08:45:00,R2,2.92,0.959,4.622,3.821,0.933,10.335
2026-08-17 09:00:00,R1,2.914,1.132,5.043,4.21,0.879,11.265
2026-08-17 09:00:00,R2,2.652,1.089,3.814,4.161,1.027,10.091
2026-08-17 09:15:00,R1,2.79,1.123,4.808,4.4,1.189,11.52
2026-08-17 09:15:00,R2,2.654,1.285,5.169,3.732,0.788,10.974
2026-08-17 09:30:00,R1,3.048,1.228,5.059,3.978,0.965,11.23
2026-08-17 09:30:00,R2,2.403,0.876,4.336,4.005,0.787,10.004
2026-08-17 09:45:00,R1,3.233,0.984,5.46,4.598,0.92,11.963
2026-08-17 09:45:00,R2,2.572,1.072,4.468,3.796,0.869,10.205
2026-08-17 10:00:00,R1,3.027,1.126,4.425,4.604,0.967,11.121
2026-08-17 10:00:00,R2,2.667,1.107,4.678,3.964,0.877,10.626
2026-08-17 10:15:00,R1,2.777,1.125,5.101,3.907,1.045,11.178
2026-08-17 10:15:00,R2,2.416,1.024,4.35,3.781,0.932,10.088
2026-08-17 10:30:00,R1,2.694,1.184,5.382,3.947,0.988,11.501
2026-08-17 10:30:00,R2,2.662,1.07,4.507,4.02,0.801,10.399
2026-08-17 10:45:00,R1,3.043,1.049,5.381,3.996,0.84,11.265
2026-08-17 10:45:00,R2,2.489,1.065,4.638,4.006,0.85,10.558
2026-08-17 11:00:00,R1,3.086,1.189,4.914,4.047,0.998,11.148
2026-08-17 11:00:00,R2,2.653,1.056,4.711,3.944,0.893,10.604
2026-08-17 11:15:00,R1,2.648,1.286,5.245,4.439,0.935,11.905
2026-08-17 11:15:00,R2,2.662,1.127,4.409,3.605,0.917,10.058
2026-08-17 11:30:00,R1,2.867,1.116,4.685,4.062,0.998,10.862
2026-08-17 11:30:00,R2,2.708,1.031,4.683,3.956,0.818,10.488
2026-08-17 11:45:00,R1,3.423,1.103,5.487,3.688,0.895,11.173
2026-08-17 11:45:00,R2,2.508,1.006,4.991,3.726,0.973,10.696
2026-08-17 12:00:00,R1,2.942,1.236,5.395,4.181,0.991,11.803
2026-08-17 12:00:00,R2,2.58,1.137,4.767,3.598,1.01,10.511
2026-08-17 12:15:00,R1,3.128,1.211,5.047,4.227,0.918,11.402
2026-08-17 12:15:00,R2,3.102,1.186,4.533,3.467,0.873,10.058
2026-08-17 12:30:00,R1,2.974,1.182,4.891,4.011,0.986,11.07
2026-08-17 12:30:00,R2,2.623,1.127,4.49,3.888,1.091,10.596
2026-08-17 12:45:00,R1,3.124,1.37,5.199,4.325,1.013,11.907
2026-08-17 12:45:00,R2,2.538,1.016,4.87,3.363,0.819,10.068
2026-08-17 13:00:00,R1,2.868,1.068,4.862,4.228,1.06,11.219
2026-08-17 13:00:00,R2,2.942,1.058,4.392,3.78,0.928,10.158
2026-08-17 13:15:00,R1,3.369,1.088,5.173,4.187,0.999,11.447
2026-08-17 13:15:00,R2,2.581,1.198,4.128,4.036,0.867,10.229
2026-08-17 13:30:00,R1,2.793,1.247,5.191,4.307,1.051,11.796
2026-08-17 13:30:00,R2,2.626,1.049,4.823,3.458,0.791,10.121
2026-08-17 13:45:00,R1,2.963,1.15,4.959,4.319,0.893,11.321
2026-08-17 13:45:00,R2,2.715,1.084,4.707,3.845,0.952,10.587
2026-08-17 14:00:00,R1,3.534,1.183,5.294,4.03,0.992,11.499
2026-08-17 14:00:00,R2,2.707,1.067,4.354,3.572,0.957,9.949
2026-08-17 14:15:00,R1,2.544,1.108,5.004,4.056,0.993,11.162
2026-08-17 14:15:00,R2,2.241,1.157,4.483,3.667,0.868,10.176
2026-08-17 14:30:00,R1,2.896,1.091,5.22,4.244,0.93,11.486
2026-08-17 14:30:00,R2,2.893,1.148,4.232,3.697,0.874,9.952
2026-08-17 14:45:00,R1,2.955,1.24,5.262,4.289,0.998,11.788
2026-08-17 14:45:00,R2,2.46,1.17,4.76,3.598,0.996,10.524
2026-08-17 15:00:00,R1,3.065,1.031,5.129,4.244,0.93,11.334
2026-08-17 15:00:00,R2,2.236,0.894,4.375,3.745,0.991,10.005
2026-08-17 15:15:00,R1,3.034,1.145,4.798,4.287,0.924,11.154
2026-08-17 15:15:00,R2,2.808,0.952,4.865,3.53,0.801,10.147
2026-08-17 15:30:00,R1,3.018,1.221,4.935,4.078,1.005,11.24
2026-08-17 15:30:00,R2,2.677,0.909,4.852,4.254,0.764,10.779
2026-08-17 15:45:00,R1,2.702,1.248,5.329,4.51,1.059,12.145
2026-08-17 15:45:00,R2,2.667,0.964,4.124,3.762,0.855,9.705
2026-08-17 16:00:00,R1,3.266,1.133,4.59,4.245,1.026,10.993
2026-08-17 16:00:00,R2,2.449,1.136,4.153,4.162,0.835,10.287
2026-08-17 16:15:00,R1,3.015,1.172,5.483,4.185,0.934,11.773
2026-08-17 16:15:00,R2,2.723,1.126,4.879,4.056,0.859,10.92
2026-08-17 16:30:00,R1,3.102,1.09,4.82,4.461,1.06,11.431
2026-08-17 16:30:00,R2,2.686,1.136,4.557,3.967,0.859,10.52
2026-08-17 16:45:00,R1,2.953,1.077,5.014,3.698,1.031,10.821
2026-08-17 16:45:00,R2,2.391,0.997,4.799,3.924,0.841,10.561
2026-08-17 17:00:00,R1,2.807,1.025,5.331,4.142,0.829,11.326
2026-08-17 17:00:00,R2,2.371,1.012,4.839,3.986,0.94,10.778
2026-08-17 17:15:00,R1,3.478,0.913,5.42,4.284,0.853,11.469
2026-08-17 17:15:00,R2,2.556,0.997,4.234,4.144,0.867,10.242
2026-08-17 17:30:00,R1,2.872,1.214,5.227,4.22,0.853,11.514
2026-08-17 17:30:00,R2,2.267,1.024,4.803,3.485,0.974,10.286
2026-08-17 17:45:00,R1,3.146,1.317,5.147,4.257,0.901,11.622
2026-08-17 17:45:00,R2,2.584,1.149,4.893,4.393,0.821,11.256
2026-08-17 18:00:00,R1,2.889,1.205,5.471,4.129,1.029,11.834
2026-08-17 18:00:00,R2,2.392,1.168,4.638,4.208,0.91,10.925
2026-08-17 18:15:00,R1,3.168,1.331,5.156,4.35,0.956,11.794
2026-08-17 18:15:00,R2,2.536,1.062,4.495,3.612,1.048,10.217
2026-08-17 18:30:00,R1,2.953,1.088,5.034,4.386,0.97,11.478
2026-08-17 18:30:00,R2,2.594,1.224,4.645,4.171,0.86,10.9
2026-08-17 18:45:00,R1,2.99,1.135,5.667,4.065,0.887,11.754
2026-08-17 18:45:00,R2,2.851,1.03,4.763,4.125,0.949,10.867
2026-08-17 19:00:00,R1,3.119,1.163,5.094,4.146,0.852,11.255
2026-08-17 19:00:00,R2,2.65,1.138,4.271,3.283,0.873,9.564
2026-08-17 19:15:00,R1,2.684,1.409,5.535,3.717,0.855,11.515
2026-08-17 19:15:00,R2,2.495,1.176,4.233,3.787,0.96,10.156
2026-08-17 19:30:00,R1,3.077,1.211,4.844,4.626,0.949,11.63
2026-08-17 19:30:00,R2,2.593,0.788,4.667,3.881,0.759,10.095
2026-08-17 19:45:00,R1,3.096,1.051,5.267,4.367,1.025,11.711
2026-08-17 19:45:00,R2,2.507,1.062,4.635,3.49,0.818,10.005
2026-08-17 20:00:00,R1,3.162,1.244,5.497,4.272,0.981,11.994
2026-08-17 20:00:00,R2,2.598,0.981,4.765,3.562,0.917,10.226
2026-08-17 20:15:00,R1,3.231,1.018,4.619,4.551,1.001,11.189
2026-08-17 20:15:00,R2,2.528,1.141,4.232,3.941,0.868,10.182
2026-08-17 20:30:00,R1,2.852,1.393,5.368,4.227,1.039,12.027
2026-08-17 20:30:00,R2,2.348,1.033,4.294,3.416,0.943,9.685
2026-08-17 20:45:00,R1,2.86,1.284,5.035,4.209,0.965,11.493
2026-08-17 20:45:00,R2,2.719,1.03,4.387,3.907,0.983,10.307
2026-08-17 21:00:00,R1,3.635,1.078,5.243,4.229,0.936,11.486
2026-08-17 21:00:00,R2,2.696,0.975,4.386,4.087,0.8,10.247
2026-08-17 21:15:00,R1,3.12,1.008,5.243,4.076,0.959,11.286
2026-08-17 21:15:00,R2,2.645,1.12,4.275,3.59,0.872,9.858
2026-08-17 21:30:00,R1,2.958,0.849,5.367,4.27,0.947,11.433
2026-08-17 21:30:00,R2,2.325,1.247,4.616,4.051,0.831,10.745
2026-08-17 21:45:00,R1,2.821,1.395,4.859,4.156,0.882,11.292
2026-08-17 21:45:00,R2,2.623,0.931,4.341,3.98,0.914,10.166
2026-08-17 22:00:00,R1,3.327,1.182,5.431,4.002,0.87,11.485
2026-08-17 22:00:00,R2,2.876,1.182,4.489,3.419,0.874,9.963
2026-08-17 22:15:00,R1,3.276,1.002,5.477,4.209,1.042,11.73
2026-08-17 22:15:00,R2,3.003,0.943,4.334,3.242,0.886,9.406
2026-08-17 22:30:00,R1,2.724,1.172,5.098,4.466,0.921,11.658
2026-08-17 22:30:00,R2,2.749,1.051,4.192,3.767,0.822,9.833
2026-08-17 22:45:00,R1,2.995,1.144,5.224,4.218,1.009,11.595
2026-08-17 22:45:00,R2,2.864,1.007,4.699,3.975,0.913,10.594
2026-08-17 23:00:00,R1,2.72,1.08,4.981,4.464,0.957,11.481
2026-08-17 23:00:00,R2,2.455,0.878,4.646,3.672,0.954,10.15
2026-08-17 23:15:00,R1,2.872,1.121,5.404,4.043,0.917,11.485
2026-08-17 23:15:00,R2,2.712,1.045,4.533,3.865,0.908,10.35
2026-08-17 23:30:00,R1,2.656,1.193,5.815,4.329,0.951,12.288
2026-08-17 23:30:00,R2,2.696,1.11,4.414,3.769,0.816,10.109
2026-08-17 23:45:00,R1,2.99,1.406,5.133,3.864,0.915,11.319
2026-08-17 23:45:00,R2,2.656,1.021,4.743,3.536,0.81,10.111
2026-08-18 00:00:00,R1,2.876,1.183,5.527,4.372,1.05,12.132
2026-08-18 00:00:00,R2,2.793,0.986,4.232,3.679,0.717,9.615
2026-08-18 00:15:00,R1,3.09,1.184,4.888,4.309,0.934,11.315
2026-08-18 00:15:00,R2,2.364,1.044,4.167,3.736,0.997,9.944
2026-08-18 00:30:00,R1,3.132,1.149,5.708,4.376,0.889,12.123
2026-08-18 00:30:00,R2,2.364,0.82,4.766,3.814,0.873,10.273
2026-08-18 00:45:00,R1,2.843,1.212,5.203,4.321,1.034,11.769
2026-08-18 00:45:00,R2,2.692,1.127,4.892,3.689,1.006,10.714
2026-08-18 01:00:00,R1,3.067,1.175,5.178,4.327,0.855,11.535
2026-08-18 01:00:00,R2,2.902,1.028,4.161,3.992,0.903,10.084
2026-08-18 01:15:00,R1,3.318,1.179,4.887,4.305,0.976,11.348
2026-08-18 01:15:00,R2,2.585,0.906,4.272,3.789,0.991,9.958
2026-08-18 01:30:00,R1,2.958,1.19,4.97,4.184,0.978,11.322
2026-08-18 01:30:00,R2,2.784,1.151,4.441,3.503,0.989,10.084
2026-08-18 01:45:00,R1,3.504,1.122,4.789,4.462,0.814,11.187
2026-08-18 01:45:00,R2,2.938,1.082,4.374,3.593,0.892,9.941
2026-08-18 02:00:00,R1,3.325,1.089,4.989,4.663,0.881,11.62
2026-08-18 02:00:00,R2,2.819,0.918,4.807,3.802,0.777,10.304
2026-08-18 02:15:00,R1,3.078,0.976,5.293,4.685,0.871,11.825
2026-08-18 02:15:00,R2,2.525,1.043,4.863,3.632,0.883,10.421
2026-08-18 02:30:00,R1,2.862,1.306,4.922,3.865,0.985,11.077
2026-08-18 02:30:00,R2,2.31,1.205,4.63,3.801,0.844,10.48
2026-08-18 02:45:00,R1,2.614,0.951,5.579,4.288,1.188,12.006
2026-08-18 02:45:00,R2,2.165,1.019,4.059,3.805,0.798,9.682
2026-08-18 03:00:00,R1,2.528,1.382,4.742,4.404,0.972,11.499
2026-08-18 03:00:00,R2,2.457,1.009,4.063,3.563,1.016,9.651
2026-08-18 03:15:00,R1,3.116,1.159,5.364,4.497,0.981,12.002
2026-08-18 03:15:00,R2,2.679,1.132,4.413,3.694,0.807,10.046
2026-08-18 03:30:00,R1,3.226,1.219,5.777,4.457,1.013,12.466
2026-08-18 03:30:00,R2,2.554,1.015,4.809,3.851,0.841,10.515
2026-08-18 03:45:00,R1,3.1,1.131,5.145,4.643,0.842,11.761
2026-08-18 03:45:00,R2,2.809,0.968,4.965,3.884,0.771,10.588
2026-08-18 04:00:00,R1,3.109,1.107,5.13,4.564,1.05,11.85
2026-08-18 04:00:00,R2,2.474,0.749,4.6,4.023,0.858,10.23
2026-08-18 04:15:00,R1,3.304,0.995,5.157,4.222,0.995,11.369
2026-08-18 04:15:00,R2,2.39,1.102,4.638,4.263,0.97,10.973
2026-08-18 04:30:00,R1,2.858,1.127,5.232,4.163,0.867,11.389
2026-08-18 04:30:00,R2,2.532,0.933,4.698,3.816,0.921,10.369
2026-08-18 04:45:00,R1,3.513,1.286,5.098,4.523,0.821,11.728
2026-08-18 04:45:00,R2,2.686,0.989,4.537,4.12,0.858,10.503
2026-08-18 05:00:00,R1,3.279,1.198,4.999,4.583,1.037,11.818
2026-08-18 05:00:00,R2,2.89,1.012,4.62,4.118,0.885,10.635
2026-08-18 05:15:00,R1,2.829,1.051,4.879,3.84,0.991,10.76
2026-08-18 05:15:00,R2,2.597,1.168,4.468,3.522,0.768,9.927
2026-08-18 05:30:00,R1,2.886,1.212,5.515,4.241,0.999,11.967
2026-08-18 05:30:00,R2,2.483,0.849,4.284,3.668,0.902,9.703
2026-08-18 05:45:00,R1,2.935,1.174,5.464,4.112,1.039,11.79
2026-08-18 05:45:00,R2,3.085,1.149,4.337,4.082,0.907,10.475
2026-08-18 06:00:00,R1,3.164,1.047,4.87,4.853,1.0,11.771
2026-08-18 06:00:00,R2,3.18,1.135,4.844,3.774,0.945,10.698
2026-08-18 06:15:00,R1,2.961,1.171,5.441,4.557,0.962,12.132
2026-08-18 06:15:00,R2,2.549,0.939,4.411,3.786,0.829,9.965
2026-08-18 06:30:00,R1,3.065,1.099,5.097,4.138,0.926,11.259
2026-08-18 06:30:00,R2,2.371,0.958,4.329,3.968,1.023,10.277
2026-08-18 06:45:00,R1,2.946,1.353,5.409,4.423,0.975,12.16
2026-08-18 06:45:00,R2,2.576,1.079,4.629,4.022,0.779,10.51
2026-08-18 07:00:00,R1,3.459,1.067,5.829,4.382,0.937,12.215
2026-08-18 07:00:00,R2,2.259,0.965,4.454,3.698,0.981,10.099
2026-08-18 07:15:00,R1,2.896,1.166,5.279,4.042,0.973,11.459
2026-08-18 07:15:00,R2,2.577,1.213,4.643,4.031,1.027,10.913
2026-08-18 07:30:00,R1,3.083,0.83,5.255,4.165,0.912,11.163
2026-08-18 07:30:00,R2,2.706,0.966,4.228,3.818,0.929,9.942
2026-08-18 07:45:00,R1,2.835,1.082,5.174,4.496,1.035,11.787
2026-08-18 07:45:00,R2,2.747,1.185,4.15,3.718,0.973,10.026
2026-08-18 08:00:00,R1,3.072,1.162,5.338,4.106,0.977,11.582
2026-08-18 08:00:00,R2,2.667,0.764,4.368,3.462,0.951,9.545
2026-08-18 08:15:00,R1,2.842,1.073,5.493,4.024,0.997,11.587
2026-08-18 08:15:00,R2,2.929,0.909,3.721,3.523,0.88,9.033
2026-08-18 08:30:00,R1,3.499,1.302,5.157,3.882,0.926,11.267
2026-08-18 08:30:00,R2,2.597,1.092,4.628,3.591,0.915,10.226
2026-08-18 08:45:00,R1,3.187,1.016,4.98,4.524,0.936,11.457
2026-08-18 08:45:00,R2,2.568,0.958,4.975,3.759,0.947,10.639
2026-08-18 09:00:00,R1,3.152,1.156,5.26,4.144,1.05,11.61
2026-08-18 09:00:00,R2,3.104,0.99,4.191,3.406,0.979,9.566
2026-08-18 09:15:00,R1,2.979,1.25,4.955,4.573,0.965,11.743
2026-08-18 09:15:00,R2,2.706,1.085,4.789,4.047,0.921,10.841
2026-08-18 09:30:00,R1,3.154,1.19,5.01,3.909,0.929,11.039
2026-08-18 09:30:00,R2,2.477,0.933,4.472,3.568,0.907,9.879
2026-08-18 09:45:00,R1,3.253,1.308,5.034,4.314,0.856,11.511
2026-08-18 09:45:00,R2,2.309,0.952,4.772,3.728,0.869,10.321
2026-08-18 10:00:00,R1,2.912,1.122,4.979,4.133,0.919,11.152
2026-08-18 10:00:00,R2,2.62,0.983,4.455,4.024,0.958,10.421
2026-08-18 10:15:00,R1,2.919,0.868,5.293,4.489,0.97,11.62
2026-08-18 10:15:00,R2,2.331,0.86,4.586,3.577,0.922,9.944
2026-08-18 10:30:00,R1,3.024,1.096,5.473,4.619,0.941,12.13
2026-08-18 10:30:00,R2,2.569,1.103,4.62,3.617,1.074,10.413
2026-08-18 10:45:00,R1,3.279,1.062,4.738,4.28,1.024,11.105
2026-08-18 10:45:00,R2,2.524,1.051,4.594,3.806,0.719,10.169
2026-08-18 11:00:00,R1,3.385,1.296,5.285,4.185,0.956,11.722
2026-08-18 11:00:00,R2,2.03,1.129,4.725,3.737,0.944,10.536
2026-08-18 11:15:00,R1,2.949,1.125,5.466,4.115,0.94,11.647
2026-08-18 11:15:00,R2,2.235,1.137,4.146,4.046,0.952,10.281
2026-08-18 11:30:00,R1,2.742,1.305,5.365,4.212,0.857,11.739
2026-08-18 11:30:00,R2,2.492,1.143,4.397,3.771,0.869,10.18
2026-08-18 11:45:00,R1,2.993,0.934,5.664,3.747,0.886,11.23
2026-08-18 11:45:00,R2,2.269,1.142,4.422,4.282,0.925,10.77
2026-08-18 12:00:00,R1,2.888,1.017,5.553,4.554,0.913,12.036
2026-08-18 12:00:00,R2,2.58,0.999,4.423,3.641,1.008,10.072
2026-08-18 12:15:00,R1,3.007,1.307,5.014,4.291,0.858,11.47
2026-08-18 12:15:00,R2,2.495,0.983,4.74,4.174,0.795,10.692
2026-08-18 12:30:00,R1,2.72,1.137,5.486,4.289,0.963,11.876
2026-08-18 12:30:00,R2,2.397,1.167,4.705,3.968,0.934,10.774
2026-08-18 12:45:00,R1,2.978,1.179,5.45,4.711,0.981,12.321
2026-08-18 12:45:00,R2,2.17,0.982,4.47,3.335,0.911,9.698
2026-08-18 13:00:00,R1,3.238,1.257,5.291,4.349,0.888,11.785
2026-08-18 13:00:00,R2,2.671,1.17,4.784,3.72,0.866,10.54
2026-08-18 13:15:00,R1,2.598,1.12,5.354,4.045,1.045,11.565
2026-08-18 13:15:00,R2,2.606,1.042,4.469,3.472,0.887,9.869
2026-08-18 13:30:00,R1,3.234,1.008,5.221,4.354,0.869,11.452
2026-08-18 13:30:00,R2,2.666,1.097,4.374,3.66,0.763,9.894
2026-08-18 13:45:00,R1,3.001,1.138,5.602,4.106,0.916,11.762
2026-08-18 13:45:00,R2,2.459,0.758,4.081,3.732,0.91,9.481
2026-08-18 14:00:00,R1,3.36,1.051,5.163,4.241,0.916,11.371
2026-08-18 14:00:00,R2,2.657,1.114,4.193,3.232,0.889,9.428
2026-08-18 14:15:00,R1,3.188,1.208,4.856,4.366,1.009,11.439
2026-08-18 14:15:00,R2,2.348,0.924,5.007,3.331,0.886,10.148
2026-08-18 14:30:00,R1,2.675,1.217,5.152,4.384,0.834,11.586
2026-08-18 14:30:00,R2,2.678,1.239,4.789,3.699,0.891,10.618
2026-08-18 14:45:00,R1,3.305,0.998,4.932,4.565,1.013,11.509
2026-08-18 14:45:00,R2,2.245,0.944,4.705,3.701,0.764,10.114
2026-08-18 15:00:00,R1,3.195,0.995,5.667,4.387,0.965,12.015
2026-08-18 15:00:00,R2,2.703,0.994,4.423,3.994,1.037,10.449
2026-08-18 15:15:00,R1,2.749,1.37,5.441,4.519,0.975,12.304
2026-08-18 15:15:00,R2,2.789,0.917,4.356,4.158,0.749,10.18
2026-08-18 15:30:00,R1,2.992,1.19,4.541,4.281,1.02,11.033
2026-08-18 15:30:00,R2,2.309,1.032,4.301,3.908,0.91,10.152
2026-08-18 15:45:00,R1,3.15,1.172,5.061,4.29,1.053,11.576
2026-08-18 15:45:00,R2,2.652,0.881,4.915,3.716,0.928,10.44
2026-08-18 16:00:00,R1,3.086,1.123,5.236,3.748,1.14,11.247
2026-08-18 16:00:00,R2,2.345,1.213,4.517,4.001,0.749,10.479
2026-08-18 16:15:00,R1,2.673,1.193,5.262,3.782,1.068,11.305
2026-08-18 16:15:00,R2,2.842,1.041,4.472,3.937,1.062,10.512
2026-08-18 16:30:00,R1,2.876,1.159,5.708,4.53,0.985,12.383
2026-08-18 16:30:00,R2,2.759,1.126,4.799,3.747,0.988,10.66
2026-08-18 16:45:00,R1,3.231,1.046,5.416,4.678,0.916,12.056
2026-08-18 16:45:00,R2,2.144,1.16,4.502,4.055,0.961,10.679
2026-08-18 17:00:00,R1,3.232,1.149,5.058,4.082,0.953,11.242
2026-08-18 17:00:00,R2,2.673,1.027,4.252,3.743,0.947,9.968
2026-08-18 17:15:00,R1,3.318,0.975,5.394,4.129,1.106,11.604
2026-08-18 17:15:00,R2,2.494,1.087,5.128,3.801,0.929,10.946
2026-08-18 17:30:00,R1,2.972,1.161,5.037,4.43,0.946,11.573
2026-08-18 17:30:00,R2,2.909,1.198,4.857,3.782,0.829,10.666
2026-08-18 17:45:00,R1,2.803,1.301,5.336,3.953,0.889,11.479
2026-08-18 17:45:00,R2,3.054,0.887,4.511,3.59,0.902,9.89
2026-08-18 18:00:00,R1,3.201,1.176,4.987,4.369,0.847,11.378
2026-08-18 18:00:00,R2,2.45,0.927,4.757,4.03,1.077,10.791
2026-08-18 18:15:00,R1,2.951,1.043,5.294,4.338,0.922,11.597
2026-08-18 18:15:00,R2,2.586,0.883,4.813,3.974,0.914,10.584
2026-08-18 18:30:00,R1,2.92,1.149,5.046,4.522,0.873,11.591
2026-08-18 18:30:00,R2,2.4,1.018,4.739,4.086,0.865,10.709
2026-08-18 18:45:00,R1,3.053,1.089,4.958,4.587,0.919,11.553
2026-08-18 18:45:00,R2,2.71,1.263,4.889,3.695,0.881,10.728
2026-08-18 19:00:00,R1,3.125,1.374,4.53,4.529,0.827,11.26
2026-08-18 19:00:00,R2,2.55,1.243,4.158,3.788,0.777,9.967
2026-08-18 19:15:00,R1,3.269,1.29,5.173,4.275,1.04,11.779
2026-08-18 19:15:00,R2,2.676,0.853,4.35,4.128,0.921,10.252
2026-08-18 19:30:00,R1,2.966,1.216,5.01,4.361,0.926,11.514
2026-08-18 19:30:00,R2,2.424,1.06,4.518,4.265,0.969,10.813
2026-08-18 19:45:00,R1,2.858,1.208,5.363,4.012,0.942,11.525
2026-08-18 19:45:00,R2,2.682,0.855,4.349,3.588,0.964,9.757
2026-08-18 20:00:00,R1,2.71,1.243,6.05,4.452,0.989,12.734
2026-08-18 20:00:00,R2,2.593,0.97,4.304,3.528,0.915,9.718
2026-08-18 20:15:00,R1,2.741,1.125,5.3,4.19,1.163,11.779
2026-08-18 20:15:00,R2,2.764,0.983,4.828,3.373,0.977,10.16
2026-08-18 20:30:00,R1,3.258,1.166,5.025,4.329,1.0,11.52
2026-08-18 20:30:00,R2,2.787,1.17,4.721,3.756,1.025,10.672
2026-08-18 20:45:00,R1,2.849,1.213,5.403,4.127,0.987,11.73
2026-08-18 20:45:00,R2,2.821,0.774,4.614,3.751,0.95,10.089
2026-08-18 21:00:00,R1,3.145,1.123,5.746,4.028,1.008,11.906
2026-08-18 21:00:00,R2,2.709,0.882,4.704,3.653,0.883,10.121
2026-08-18 21:15:00,R1,3.525,1.038,5.525,4.053,0.938,11.554
2026-08-18 21:15:00,R2,2.764,1.136,4.575,3.851,0.94,10.502
2026-08-18 21:30:00,R1,3.196,1.019,5.134,4.519,0.972,11.645
2026-08-18 21:30:00,R2,2.751,1.188,4.064,3.736,0.9,9.889
2026-08-18 21:45:00,R1,2.992,1.181,5.123,4.475,0.9,11.679
2026-08-18 21:45:00,R2,2.704,1.114,4.736,4.027,0.933,10.81
2026-08-18 22:00:00,R1,3.469,1.321,5.466,4.432,1.037,12.256
2026-08-18 22:00:00,R2,2.692,0.904,4.222,3.891,0.912,9.929
2026-08-18 22:15:00,R1,2.951,1.07,5.073,4.208,0.982,11.333
2026-08-18 22:15:00,R2,2.413,1.146,4.463,3.804,0.983,10.396
2026-08-18 22:30:00,R1,2.859,1.163,4.978,4.132,1.174,11.447
2026-08-18 22:30:00,R2,2.505,1.012,5.058,3.662,0.856,10.588
2026-08-18 22:45:00,R1,3.234,1.059,4.918,4.271,0.961,11.21
2026-08-18 22:45:00,R2,2.654,1.13,4.645,3.873,1.097,10.745
2026-08-18 23:00:00,R1,3.05,1.228,5.338,4.622,1.032,12.219
2026-08-18 23:00:00,R2,2.644,1.012,4.173,4.015,0.722,9.923
2026-08-18 23:15:00,R1,3.063,1.138,5.27,4.311,0.783,11.502
2026-08-18 23:15:00,R2,2.669,1.221,4.554,3.917,1.021,10.713
2026-08-18 23:30:00,R1,3.049,1.121,5.269,4.119,0.922,11.432
2026-08-18 23:30:00,R2,2.348,1.057,4.74,3.336,1.028,10.162
2026-08-18 23:45:00,R1,2.868,1.201,4.884,4.373,0.985,11.443
2026-08-18 23:45:00,R2,2.659,1.078,4.502,3.644,0.846,10.071
2026-08-19 00:00:00,R1,2.967,1.142,5.238,4.308,0.809,11.497
2026-08-19 00:00:00,R2,2.53,1.248,4.428,3.879,0.94,10.496
2026-08-19 00:15:00,R1,2.715,1.219,5.09,3.969,0.848,11.125
2026-08-19 00:15:00,R2,2.47,1.177,4.325,4.041,0.855,10.398
2026-08-19 00:30:00,R1,3.203,1.264,4.991,4.3,0.906,11.462
2026-08-19 00:30:00,R2,2.606,1.079,4.282,3.665,0.816,9.841
2026-08-19 00:45:00,R1,2.736,1.22,5.153,3.815,1.002,11.189
2026-08-19 00:45:00,R2,2.44,1.054,3.914,3.639,0.873,9.481
2026-08-19 01:00:00,R1,2.75,1.097,5.224,4.618,0.939,11.878
2026-08-19 01:00:00,R2,2.603,0.964,4.585,3.804,0.856,10.207
2026-08-19 01:15:00,R1,2.863,1.209,5.493,4.131,0.882,11.715
2026-08-19 01:15:00,R2,2.813,1.038,4.586,3.47,0.823,9.917
2026-08-19 01:30:00,R1,3.027,1.061,5.098,4.532,1.009,11.701
2026-08-19 01:30:00,R2,2.581,1.168,4.451,3.972,0.974,10.565
2026-08-19 01:45:00,R1,2.617,1.08,5.487,4.508,1.021,12.095
2026-08-19 01:45:00,R2,2.778,1.085,4.74,4.041,0.787,10.653
2026-08-19 02:00:00,R1,3.297,1.136,5.024,4.298,0.981,11.438
2026-08-19 02:00:00,R2,2.276,0.877,4.419,3.788,0.848,9.931
2026-08-19 02:15:00,R1,3.33,1.4,5.022,4.206,0.898,11.526
2026-08-19 02:15:00,R2,2.573,0.98,4.344,3.736,0.885,9.944
2026-08-19 02:30:00,R1,2.709,1.133,5.191,4.244,0.948,11.515
2026-08-19 02:30:00,R2,2.368,1.049,4.551,4.122,0.996,10.717
2026-08-19 02:45:00,R1,2.757,1.075,6.037,4.163,0.999,12.274
2026-08-19 02:45:00,R2,2.608,1.065,4.1,3.739,0.803,9.707
2026-08-19 03:00:00,R1,3.108,1.187,5.15,4.297,0.976,11.61
2026-08-19 03:00:00,R2,2.812,1.112,4.292,3.708,0.921,10.032
2026-08-19 03:15:00,R1,3.019,1.142,5.104,4.396,0.962,11.604
2026-08-19 03:15:00,R2,3.003,1.154,4.194,3.697,0.839,9.884
2026-08-19 03:30:00,R1,3.218,1.253,5.396,4.629,1.027,12.305
2026-08-19 03:30:00,R2,2.85,0.846,5.039,3.907,0.854,10.647
2026-08-19 03:45:00,R1,2.917,0.99,4.943,4.273,0.804,11.01
2026-08-19 03:45:00,R2,2.298,1.092,4.618,3.875,0.98,10.565
2026-08-19 04:00:00,R1,2.75,1.196,4.792,4.569,1.075,11.632
2026-08-19 04:00:00,R2,2.197,1.057,4.262,3.455,0.881,9.655
2026-08-19 04:15:00,R1,3.098,1.181,4.928,4.102,0.923,11.134
2026-08-19 04:15:00,R2,2.099,0.919,4.522,3.938,1.003,10.382
2026-08-19 04:30:00,R1,2.811,1.128,5.095,4.508,0.865,11.596
2026-08-19 04:30:00,R2,2.518,1.093,4.67,3.854,0.872,10.489
2026-08-19 04:45:00,R1,3.132,1.219,5.122,4.192,0.887,11.42
2026-08-19 04:45:00,R2,2.735,0.963,4.571,3.728,0.984,10.246
2026-08-19 05:00:00,R1,3.136,1.198,5.523,4.018,0.974,11.713
2026-08-19 05:00:00,R2,2.364,0.942,4.259,3.87,0.916,9.988
2026-08-19 05:15:00,R1,2.911,1.087,5.067,3.839,0.861,10.853
2026-08-19 05:15:00,R2,2.656,1.112,4.082,3.843,0.802,9.84
2026-08-19 05:30:00,R1,3.009,1.213,5.494,4.419,0.998,12.124
2026-08-19 05:30:00,R2,2.722,1.107,4.793,3.775,0.874,10.549
2026-08-19 05:45:00,R1,2.971,1.317,4.733,4.075,0.948,11.073
2026-08-19 05:45:00,R2,2.208,0.99,4.172,3.843,0.961,9.966
2026-08-19 06:00:00,R1,3.329,1.111,5.313,3.79,0.98,11.194
2026-08-19 06:00:00,R2,3.031,1.007,4.5,3.851,0.827,10.184
2026-08-19 06:15:00,R1,3.1,1.306,5.005,4.339,1.105,11.756
2026-08-19 06:15:00,R2,2.579,0.954,4.622,3.456,0.854,9.886
2026-08-19 06:30:00,R1,2.911,1.228,5.544,4.028,0.854,11.653
2026-08-19 06:30:00,R2,2.884,1.057,4.373,4.419,1.017,10.866
2026-08-19 06:45:00,R1,2.878,1.006,5.21,4.341,0.914,11.472
2026-08-19 06:45:00,R2,2.546,1.032,4.44,3.521,0.875,9.868
2026-08-19 07:00:00,R1,3.215,1.31,5.713,4.483,0.938,12.444
2026-08-19 07:00:00,R2,2.749,1.232,4.382,3.697,0.797,10.108
2026-08-19 07:15:00,R1,3.164,1.018,4.971,4.673,1.028,11.69
2026-08-19 07:15:00,R2,2.648,1.166,4.415,3.579,0.83,9.991
2026-08-19 07:30:00,R1,3.475,1.124,5.417,4.443,1.014,11.997
2026-08-19 07:30:00,R2,2.309,1.099,4.85,3.696,0.816,10.461
2026-08-19 07:45:00,R1,3.395,1.16,5.32,4.057,0.873,11.411
2026-08-19 07:45:00,R2,2.648,1.117,4.107,4.06,0.848,10.132
2026-08-19 08:00:00,R1,3.067,1.037,5.652,3.91,1.073,11.672
2026-08-19 08:00:00,R2,2.601,1.036,4.92,3.928,0.988,10.873
2026-08-19 08:15:00,R1,2.982,0.914,5.429,4.0,0.856,11.199
2026-08-19 08:15:00,R2,2.375,1.028,4.39,3.878,0.991,10.288
2026-08-19 08:30:00,R1,3.048,1.136,5.258,4.514,1.007,11.916
2026-08-19 08:30:00,R2,2.21,1.02,4.589,3.921,1.155,10.685
2026-08-19 08:45:00,R1,3.375,1.274,5.24,4.639,0.751,11.904
2026-08-19 08:45:00,R2,2.382,1.11,3.915,3.652,0.887,9.563
2026-08-19 09:00:00,R1,3.067,1.081,5.623,4.295,0.951,11.951
2026-08-19 09:00:00,R2,2.263,1.099,3.957,3.578,0.949,9.582
2026-08-19 09:15:00,R1,2.778,1.214,5.707,4.63,0.979,12.53
2026-08-19 09:15:00,R2,2.831,1.071,4.359,3.656,0.936,10.022
2026-08-19 09:30:00,R1,3.011,1.108,5.075,4.112,0.861,11.156
2026-08-19 09:30:00,R2,2.66,1.13,4.552,3.145,0.923,9.75
2026-08-19 09:45:00,R1,3.082,1.162,5.368,4.328,1.011,11.869
2026-08-19 09:45:00,R2,2.497,1.157,4.47,3.703,0.896,10.226
2026-08-19 10:00:00,R1,3.312,1.183,5.106,4.658,1.025,11.972
2026-08-19 10:00:00,R2,2.875,1.293,4.728,4.071,0.748,10.839
2026-08-19 10:15:00,R1,3.198,1.165,4.957,4.248,0.982,11.352
2026-08-19 10:15:00,R2,2.352,0.932,3.969,3.546,0.79,9.237
2026-08-19 10:30:00,R1,2.729,1.071,4.879,4.15,0.859,10.959
2026-08-19 10:30:00,R2,2.948,0.996,4.284,3.693,0.801,9.774
2026-08-19 10:45:00,R1,3.266,1.208,5.4,4.138,0.885,11.631
2026-08-19 10:45:00,R2,2.664,1.064,4.746,3.497,0.861,10.167
2026-08-19 11:00:00,R1,3.36,1.132,4.846,4.115,0.997,11.09
2026-08-19 11:00:00,R2,2.705,1.101,4.581,3.968,0.982,10.631
2026-08-19 11:15:00,R1,3.022,0.899,4.814,4.361,0.945,11.019
2026-08-19 11:15:00,R2,2.83,1.019,4.726,4.027,1.016,10.788
2026-08-19 11:30:00,R1,3.109,1.209,4.873,4.807,0.899,11.788
2026-08-19 11:30:00,R2,2.567,1.038,4.479,3.868,0.857,10.242
2026-08-19 11:45:00,R1,3.073,1.038,5.405,4.454,0.845,11.742
2026-08-19 11:45:00,R2,2.492,1.111,4.307,3.932,0.951,10.3
2026-08-19 12:00:00,R1,2.827,1.246,5.988,4.06,0.984,12.278
2026-08-19 12:00:00,R2,2.792,1.142,3.966,3.859,0.994,9.961
2026-08-19 12:15:00,R1,2.64,1.145,5.661,4.622,0.943,12.372
2026-08-19 12:15:00,R2,2.214,1.042,4.545,3.804,0.917,10.307
2026-08-19 12:30:00,R1,3.087,1.154,4.877,3.805,0.88,10.716
2026-08-19 12:30:00,R2,2.25,0.991,4.74,3.533,0.845,10.109
2026-08-19 12:45:00,R1,3.318,1.053,5.418,4.836,0.993,12.299
2026-08-19 12:45:00,R2,2.625,0.984,4.339,3.714,0.972,10.01
2026-08-19 13:00:00,R1,3.312,1.159,5.062,4.057,0.888,11.166
2026-08-19 13:00:00,R2,2.746,1.227,4.274,3.746,0.934,10.18
2026-08-19 13:15:00,R1,3.34,1.04,4.946,4.082,1.13,11.198
2026-08-19 13:15:00,R2,3.015,0.909,4.265,3.636,0.844,9.655
2026-08-19 13:30:00,R1,3.185,1.296,5.205,4.268,0.92,11.689
2026-08-19 13:30:00,R2,2.333,1.125,4.058,4.109,0.72,10.013
2026-08-19 13:45:00,R1,3.015,1.012,5.049,4.16,1.043,11.264
2026-08-19 13:45:00,R2,2.587,1.134,4.409,3.932,0.844,10.319
2026-08-19 14:00:00,R1,3.319,1.312,5.187,4.366,0.917,11.782
2026-08-19 14:00:00,R2,3.196,1.104,4.697,3.511,0.793,10.105
2026-08-19 14:15:00,R1,2.716,1.088,5.369,4.565,1.06,12.082
2026-08-19 14:15:00,R2,2.639,1.177,4.478,4.056,0.893,10.604
2026-08-19 14:30:00,R1,3.142,1.306,5.2,4.644,0.97,12.12
2026-08-19 14:30:00,R2,2.769,1.17,3.762,3.836,0.925,9.693
2026-08-19 14:45:00,R1,3.059,1.174,5.539,4.244,0.846,11.803
2026-08-19 14:45:00,R2,2.364,1.205,4.215,3.622,0.79,9.832
2026-08-19 15:00:00,R1,3.184,1.096,5.002,4.228,0.912,11.239
2026-08-19 15:00:00,R2,2.384,1.022,4.267,3.619,1.054,9.962
2026-08-19 15:15:00,R1,2.955,1.194,5.707,4.34,1.023,12.264
2026-08-19 15:15:00,R2,2.696,0.981,4.664,3.858,0.875,10.377
2026-08-19 15:30:00,R1,2.818,1.127,4.897,4.421,1.005,11.451
2026-08-19 15:30:00,R2,2.509,1.118,4.47,4.262,0.803,10.653
2026-08-19 15:45:00,R1,2.517,1.166,5.218,4.581,1.088,12.053
2026-08-19 15:45:00,R2,2.736,0.905,4.393,4.07,0.916,10.285
2026-08-19 16:00:00,R1,3.049,1.114,5.023,4.284,1.03,11.452
2026-08-19 16:00:00,R2,2.493,1.1,4.168,3.858,0.93,10.056
2026-08-19 16:15:00,R1,3.274,1.23,5.587,4.133,0.964,11.914
2026-08-19 16:15:00,R2,2.302,0.991,4.506,3.873,0.767,10.136
2026-08-19 16:30:00,R1,2.905,0.926,4.955,4.314,0.976,11.171
2026-08-19 16:30:00,R2,2.16,0.912,4.817,3.677,0.923,10.329
2026-08-19 16:45:00,R1,3.244,1.028,5.46,3.709,0.809,11.006
2026-08-19 16:45:00,R2,2.71,1.051,4.693,3.66,0.774,10.177
2026-08-19 17:00:00,R1,2.954,1.182,5.148,4.22,0.922,11.472
2026-08-19 17:00:00,R2,2.334,1.127,4.392,4.091,0.779,10.389
2026-08-19 17:15:00,R1,2.987,1.017,5.065,4.488,0.917,11.487
2026-08-19 17:15:00,R2,2.686,0.98,4.147,3.848,0.852,9.827
2026-08-19 17:30:00,R1,2.826,1.231,5.485,4.201,0.821,11.737
2026-08-19 17:30:00,R2,2.473,1.119,4.38,3.909,0.824,10.233
2026-08-19 17:45:00,R1,3.224,1.211,5.573,4.426,1.06,12.27
2026-08-19 17:45:00,R2,2.356,1.078,4.44,4.157,0.698,10.373
2026-08-19 18:00:00,R1,2.986,1.033,5.137,4.21,0.92,11.299
2026-08-19 18:00:00,R2,2.465,0.959,4.322,3.729,0.791,9.801
2026-08-19 18:15:00,R1,3.189,1.238,4.73,3.996,0.894,10.858
2026-08-19 18:15:00,R2,2.711,1.091,4.678,3.527,0.801,10.096
2026-08-19 18:30:00,R1,3.054,0.981,5.11,3.952,0.941,10.984
2026-08-19 18:30:00,R2,2.441,1.071,4.609,3.871,0.916,10.467
2026-08-19 18:45:00,R1,2.872,1.126,4.995,4.207,0.922,11.25
2026-08-19 18:45:00,R2,2.925,1.056,4.591,3.822,0.829,10.298
2026-08-19 19:00:00,R1,2.907,1.017,5.485,4.472,0.894,11.868
2026-08-19 19:00:00,R2,2.617,1.095,4.25,3.912,0.935,10.192
2026-08-19 19:15:00,R1,2.826,1.09,4.991,4.225,0.904,11.211
2026-08-19 19:15:00,R2,2.686,1.176,4.031,3.237,0.917,9.36
2026-08-19 19:30:00,R1,3.268,1.194,5.483,4.225,1.012,11.914
2026-08-19 19:30:00,R2,2.464,1.178,4.6,3.574,0.939,10.292
2026-08-19 19:45:00,R1,2.774,1.085,4.989,4.763,0.987,11.825
2026-08-19 19:45:00,R2,2.841,1.061,4.593,4.058,0.815,10.526
2026-08-19 20:00:00,R1,3.134,1.331,5.406,4.473,0.9,12.11
2026-08-19 20:00:00,R2,2.426,1.084,4.249,3.857,0.835,10.026
2026-08-19 20:15:00,R1,2.847,1.052,5.319,4.489,0.951,11.81
2026-08-19 20:15:00,R2,2.745,0.97,4.763,3.552,0.791,10.077
2026-08-19 20:30:00,R1,3.054,1.094,5.006,4.355,0.943,11.397
2026-08-19 20:30:00,R2,2.743,1.04,4.89,3.552,0.912,10.394
2026-08-19 20:45:00,R1,2.96,1.252,4.981,4.382,0.979,11.594
2026-08-19 20:45:00,R2,2.419,1.061,4.387,3.699,0.813,9.96
2026-08-19 21:00:00,R1,3.009,1.13,5.379,4.165,0.922,11.596
2026-08-19 21:00:00,R2,2.53,0.77,4.121,4.023,0.838,9.752
2026-08-19 21:15:00,R1,3.143,1.169,4.924,4.136,0.902,11.13
2026-08-19 21:15:00,R2,2.919,1.1,4.492,4.019,0.974,10.585
2026-08-19 21:30:00,R1,2.868,1.191,5.128,4.081,0.912,11.312
2026-08-19 21:30:00,R2,2.903,0.912,4.636,3.869,0.824,10.24
2026-08-19 21:45:00,R1,3.057,1.14,5.604,4.181,0.903,11.829
2026-08-19 21:45:00,R2,2.57,1.151,4.397,3.59,1.0,10.138
2026-08-19 22:00:00,R1,3.827,1.272,5.236,4.415,0.976,11.9
2026-08-19 22:00:00,R2,3.191,0.935,4.279,3.997,1.017,10.227
2026-08-19 22:15:00,R1,2.935,1.182,5.828,4.376,1.0,12.386
2026-08-19 22:15:00,R2,2.582,0.912,4.21,3.842,0.874,9.838
2026-08-19 22:30:00,R1,2.664,1.018,5.635,4.229,0.939,11.821
2026-08-19 22:30:00,R2,2.577,0.976,4.515,3.868,0.864,10.223
2026-08-19 22:45:00,R1,2.823,1.054,5.635,4.272,0.932,11.893
2026-08-19 22:45:00,R2,2.475,1.08,4.509,3.856,0.802,10.247
2026-08-19 23:00:00,R1,2.915,1.269,5.713,4.059,1.037,12.078
2026-08-19 23:00:00,R2,2.727,0.834,4.889,3.792,0.855,10.371
2026-08-19 23:15:00,R1,3.035,1.069,5.452,4.127,1.099,11.746
2026-08-19 23:15:00,R2,2.522,1.073,4.68,3.355,0.773,9.881
2026-08-19 23:30:00,R1,2.842,1.174,5.101,4.325,0.951,11.551
2026-08-19 23:30:00,R2,2.814,1.124,4.593,4.232,0.849,10.798
2026-08-19 23:45:00,R1,3.197,1.402,4.983,4.452,0.779,11.616
2026-08-19 23:45:00,R2,2.584,0.921,4.401,3.75,0.966,10.037
2026-08-20 00:00:00,R1,3.235,1.03,5.414,4.015,1.008,11.468
2026-08-20 00:00:00,R2,2.816,0.962,4.378,3.59,0.938,9.869
2026-08-20 00:15:00,R1,3.104,1.057,5.396,4.145,0.978,11.575
2026-08-20 00:15:00,R2,2.574,1.083,4.516,4.114,1.051,10.764
2026-08-20 00:30:00,R1,2.969,1.054,5.384,4.097,0.91,11.445
2026-08-20 00:30:00,R2,2.766,0.936,4.466,3.696,0.937,10.036
2026-08-20 00:45:00,R1,3.297,1.028,5.231,3.824,0.982,11.065
2026-08-20 00:45:00,R2,2.544,0.983,4.298,4.184,0.936,10.401
2026-08-20 01:00:00,R1,2.745,1.066,4.674,4.223,0.955,10.918
2026-08-20 01:00:00,R2,2.775,0.905,4.591,3.705,0.948,10.149
2026-08-20 01:15:00,R1,2.832,1.083,5.482,4.057,0.987,11.609
2026-08-20 01:15:00,R2,2.421,1.094,4.699,3.588,0.922,10.303
2026-08-20 01:30:00,R1,2.942,1.174,5.396,4.685,0.945,12.201
2026-08-20 01:30:00,R2,2.832,1.157,4.628,3.742,0.909,10.436
2026-08-20 01:45:00,R1,2.971,1.324,5.354,4.36,0.979,12.016
2026-08-20 01:45:00,R2,2.716,1.101,4.662,3.8,0.84,10.403
2026-08-20 02:00:00,R1,3.036,1.109,5.445,4.599,1.009,12.162
2026-08-20 02:00:00,R2,2.563,1.189,4.407,3.569,0.815,9.98
2026-08-20 02:15:00,R1,3.007,1.108,5.228,3.801,0.952,11.089
2026-08-20 02:15:00,R2,2.663,1.103,4.847,3.826,0.935,10.711
2026-08-20 02:30:00,R1,3.039,1.087,5.193,4.456,0.828,11.564
2026-08-20 02:30:00,R2,2.491,1.033,5.013,3.876,0.962,10.884
2026-08-20 02:45:00,R1,3.211,1.155,4.662,4.023,0.856,10.695
2026-08-20 02:45:00,R2,2.87,0.868,4.634,3.959,0.768,10.23
2026-08-20 03:00:00,R1,3.104,1.152,5.421,4.124,0.805,11.502
2026-08-20 03:00:00,R2,2.666,0.972,4.735,3.773,1.058,10.538
2026-08-20 03:15:00,R1,3.203,1.279,5.317,4.577,0.981,12.153
2026-08-20 03:15:00,R2,2.987,1.045,4.548,3.777,0.808,10.178
2026-08-20 03:30:00,R1,3.111,1.224,4.834,4.02,0.909,10.988
2026-08-20 03:30:00,R2,2.74,1.042,4.365,3.708,0.729,9.844
2026-08-20 03:45:00,R1,2.695,1.324,5.08,3.935,0.906,11.244
2026-08-20 03:45:00,R2,2.57,1.124,4.874,3.676,1.088,10.763
2026-08-20 04:00:00,R1,3.045,1.087,5.38,4.234,0.936,11.637
2026-08-20 04:00:00,R2,2.722,1.202,4.454,4.114,0.963,10.733
2026-08-20 04:15:00,R1,2.784,1.071,5.096,4.325,0.999,11.492
2026-08-20 04:15:00,R2,2.394,1.197,4.528,3.557,0.886,10.167
2026-08-20 04:30:00,R1,3.348,1.128,5.155,4.813,0.884,11.981
2026-08-20 04:30:00,R2,2.804,0.917,4.366,3.806,1.0,10.089
2026-08-20 04:45:00,R1,3.141,1.179,5.156,4.874,0.888,12.096
2026-08-20 04:45:00,R2,2.981,0.936,4.404,3.743,0.795,9.879
2026-08-20 05:00:00,R1,3.375,1.077,5.684,4.357,0.978,12.096
2026-08-20 05:00:00,R2,2.569,1.067,4.44,3.812,0.934,10.253
2026-08-20 05:15:00,R1,2.95,1.124,4.836,4.386,0.807,11.153
2026-08-20 05:15:00,R2,2.725,1.115,4.5,3.506,0.898,10.02
2026-08-20 05:30:00,R1,2.969,1.161,5.298,4.209,0.929,11.597
2026-08-20 05:30:00,R2,2.594,1.003,4.075,3.347,0.986,9.411
2026-08-20 05:45:00,R1,3.243,0.962,4.632,4.358,1.025,10.977
2026-08-20 05:45:00,R2,2.978,1.034,4.28,3.886,0.827,10.026
2026-08-20 06:00:00,R1,3.359,1.19,4.636,4.303,1.117,11.246
2026-08-20 06:00:00,R2,2.837,1.067,4.576,3.936,0.917,10.497
2026-08-20 06:15:00,R1,3.246,1.155,5.116,4.442,1.003,11.715
2026-08-20 06:15:00,R2,2.58,0.922,5.187,3.952,0.85,10.911
2026-08-20 06:30:00,R1,2.908,1.408,5.361,4.187,0.864,11.82
2026-08-20 06:30:00,R2,2.82,1.275,4.74,3.543,0.893,10.451
2026-08-20 06:45:00,R1,3.301,1.091,5.179,4.159,1.041,11.47
2026-08-20 06:45:00,R2,2.387,1.045,4.027,3.755,1.004,9.832
2026-08-20 07:00:00,R1,2.798,1.1,5.45,4.32,0.942,11.812
2026-08-20 07:00:00,R2,2.935,1.035,4.497,3.818,0.905,10.254
2026-08-20 07:15:00,R1,3.237,1.287,5.073,4.226,0.841,11.427
2026-08-20 07:15:00,R2,2.524,1.138,4.58,3.622,0.81,10.15
2026-08-20 07:30:00,R1,3.205,1.035,5.044,3.884,1.028,10.991
2026-08-20 07:30:00,R2,2.7,0.903,4.623,3.553,0.857,9.936
2026-08-20 07:45:00,R1,3.256,1.248,5.051,4.521,0.948,11.768
2026-08-20 07:45:00,R2,2.957,0.972,5.128,3.361,1.015,10.476
2026-08-20 08:00:00,R1,3.013,1.327,5.386,3.94,0.944,11.597
2026-08-20 08:00:00,R2,2.825,1.262,3.84,4.054,0.873,10.029
2026-08-20 08:15:00,R1,2.847,1.178,4.849,3.92,0.989,10.936
2026-08-20 08:15:00,R2,2.668,1.172,4.491,3.524,0.859,10.046
2026-08-20 08:30:00,R1,2.664,1.134,5.396,4.144,0.937,11.612
2026-08-20 08:30:00,R2,2.689,1.096,4.785,3.943,0.86,10.684
2026-08-20 08:45:00,R1,3.168,1.262,5.484,4.052,0.851,11.649
2026-08-20 08:45:00,R2,2.514,1.083,4.428,3.913,0.76,10.184
2026-08-20 09:00:00,R1,2.79,0.943,5.45,4.444,0.926,11.764
2026-08-20 09:00:00,R2,2.953,0.846,4.547,3.984,0.998,10.374
2026-08-20 09:15:00,R1,3.21,1.158,5.174,4.02,0.937,11.289
2026-08-20 09:15:00,R2,2.976,1.043,4.01,4.238,0.874,10.165
2026-08-20 09:30:00,R1,3.135,1.142,5.333,4.154,0.935,11.564
2026-08-20 09:30:00,R2,2.97,0.95,4.751,3.792,0.846,10.338
2026-08-20 09:45:00,R1,2.522,1.281,5.273,3.631,0.947,11.131
2026-08-20 09:45:00,R2,3.102,0.885,4.021,3.713,0.928,9.547
2026-08-20 10:00:00,R1,2.962,1.129,4.994,4.409,1.08,11.613
2026-08-20 10:00:00,R2,2.781,1.205,4.45,4.083,0.799,10.538
2026-08-20 10:15:00,R1,3.083,1.143,5.272,4.025,0.906,11.346
2026-08-20 10:15:00,R2,2.371,0.944,4.625,3.479,0.819,9.868
2026-08-20 10:30:00,R1,2.814,1.191,5.394,4.112,0.879,11.576
2026-08-20 10:30:00,R2,2.816,1.158,4.426,3.367,0.983,9.933
2026-08-20 10:45:00,R1,3.419,1.19,5.304,4.413,0.854,11.761
2026-08-20 10:45:00,R2,2.671,1.191,4.253,4.485,0.951,10.88
2026-08-20 11:00:00,R1,2.929,1.219,4.717,4.415,1.092,11.443
2026-08-20 11:00:00,R2,2.778,0.988,4.727,3.121,0.776,9.612
2026-08-20 11:15:00,R1,2.905,1.114,4.881,4.21,0.796,11.0
2026-08-20 11:15:00,R2,2.448,1.081,4.004,3.618,0.934,9.637
2026-08-20 11:30:00,R1,3.158,1.175,5.168,4.137,0.966,11.445
2026-08-20 11:30:00,R2,2.416,0.941,4.409,3.479,0.91,9.739
2026-08-20 11:45:00,R1,3.427,1.24,5.6,4.065,0.856,11.761
2026-08-20 11:45:00,R2,2.598,1.023,4.582,3.804,1.009,10.418
2026-08-20 12:00:00,R1,3.281,1.0,5.114,4.418,1.014,11.547
2026-08-20 12:00:00,R2,2.946,1.082,4.657,3.899,0.711,10.35
2026-08-20 12:15:00,R1,2.862,1.174,4.841,4.069,1.023,11.106
2026-08-20 12:15:00,R2,2.731,0.93,3.944,3.53,0.873,9.277
2026-08-20 12:30:00,R1,2.788,1.11,5.283,4.607,0.946,11.946
2026-08-20 12:30:00,R2,2.957,1.02,4.566,3.632,1.036,10.253
2026-08-20 12:45:00,R1,3.341,1.14,4.725,4.214,0.894,10.972
2026-08-20 12:45:00,R2,2.745,1.042,4.514,3.765,0.933,10.254
2026-08-20 13:00:00,R1,2.994,1.164,5.12,4.322,0.947,11.552
2026-08-20 13:00:00,R2,2.717,1.053,4.02,4.062,1.086,10.221
2026-08-20 13:15:00,R1,3.094,1.132,5.538,4.62,0.937,12.227
2026-08-20 13:15:00,R2,2.764,0.98,4.434,3.72,0.889,10.024
2026-08-20 13:30:00,R1,3.122,0.897,5.321,4.429,0.851,11.498
2026-08-20 13:30:00,R2,2.483,1.017,4.439,3.565,0.91,9.931
2026-08-20 13:45:00,R1,2.974,1.175,5.432,3.935,1.007,11.55
2026-08-20 13:45:00,R2,2.492,1.03,4.676,3.879,0.922,10.507
2026-08-20 14:00:00,R1,3.625,1.201,5.445,4.175,1.015,11.836
2026-08-20 14:00:00,R2,3.079,0.892,4.436,3.969,0.926,10.222
2026-08-20 14:15:00,R1,3.0,1.18,5.412,4.577,0.922,12.09
2026-08-20 14:15:00,R2,2.486,1.051,4.386,3.833,0.834,10.104
2026-08-20 14:30:00,R1,3.3,1.313,4.92,4.031,0.81,11.073
2026-08-20 14:30:00,R2,2.572,1.059,4.809,3.993,0.791,10.652
2026-08-20 14:45:00,R1,2.531,1.091,5.026,3.989,0.963,11.069
2026-08-20 14:45:00,R2,2.372,0.868,4.64,3.741,0.924,10.173
2026-08-20 15:00:00,R1,2.833,0.971,5.196,3.94,0.973,11.08
2026-08-20 15:00:00,R2,2.52,1.121,4.141,3.984,0.841,10.087
2026-08-20 15:15:00,R1,3.346,1.187,5.088,4.541,1.042,11.858
2026-08-20 15:15:00,R2,2.523,1.208,4.773,3.567,0.92,10.467
2026-08-20 15:30:00,R1,3.147,1.315,4.838,4.09,1.051,11.295
2026-08-20 15:30:00,R2,2.465,1.035,4.267,3.964,0.877,10.144
2026-08-20 15:45:00,R1,3.363,1.216,4.95,4.093,0.911,11.17
2026-08-20 15:45:00,R2,2.608,1.29,4.297,3.766,0.926,10.279
2026-08-20 16:00:00,R1,3.009,1.22,5.002,4.241,1.063,11.525
2026-08-20 16:00:00,R2,2.089,1.327,4.138,3.636,0.899,9.999
2026-08-20 16:15:00,R1,3.157,1.097,5.057,4.344,0.945,11.443
2026-08-20 16:15:00,R2,2.546,0.917,4.581,3.699,0.818,10.014
2026-08-20 16:30:00,R1,3.264,1.274,5.223,3.963,0.965,11.425
2026-08-20 16:30:00,R2,2.533,1.093,4.718,3.723,0.822,10.355
2026-08-20 16:45:00,R1,3.325,1.086,5.226,4.36,0.96,11.632
2026-08-20 16:45:00,R2,2.669,1.153,4.79,3.692,0.852,10.488
2026-08-20 17:00:00,R1,2.822,1.243,4.987,4.531,0.9,11.662
2026-08-20 17:00:00,R2,2.83,1.131,4.357,3.564,0.988,10.04
2026-08-20 17:15:00,R1,3.057,1.169,5.037,4.182,0.908,11.295
2026-08-20 17:15:00,R2,2.563,1.24,4.638,3.539,0.878,10.295
2026-08-20 17:30:00,R1,3.285,1.301,5.37,3.966,0.875,11.512
2026-08-20 17:30:00,R2,2.3,1.055,4.345,3.518,0.834,9.751
2026-08-20 17:45:00,R1,2.986,1.324,5.794,3.888,0.896,11.903
2026-08-20 17:45:00,R2,2.534,1.055,4.885,3.774,0.69,10.405
2026-08-20 18:00:00,R1,3.207,1.345,5.049,4.548,0.99,11.932
2026-08-20 18:00:00,R2,2.477,1.113,5.01,3.336,0.943,10.403
2026-08-20 18:15:00,R1,2.898,1.099,5.025,4.297,0.907,11.327
2026-08-20 18:15:00,R2,2.528,0.939,4.207,4.371,0.836,10.353
2026-08-20 18:30:00,R1,3.005,1.149,5.001,4.392,0.97,11.511
2026-08-20 18:30:00,R2,2.58,0.858,4.748,4.089,1.013,10.707
2026-08-20 18:45:00,R1,2.898,1.146,5.392,4.354,0.958,11.85
2026-08-20 18:45:00,R2,2.328,1.104,4.49,3.669,0.916,10.178
2026-08-20 19:00:00,R1,2.966,1.185,5.367,3.803,1.036,11.391
2026-08-20 19:00:00,R2,2.452,1.075,4.286,3.965,0.911,10.236
2026-08-20 19:15:00,R1,3.207,1.189,5.435,4.464,0.939,12.027
2026-08-20 19:15:00,R2,2.715,0.946,5.025,4.027,0.863,10.861
2026-08-20 19:30:00,R1,3.0,1.067,5.163,4.077,1.0,11.306
2026-08-20 19:30:00,R2,2.407,1.119,4.381,3.769,1.058,10.327
2026-08-20 19:45:00,R1,3.051,1.164,5.433,4.364,0.977,11.938
2026-08-20 19:45:00,R2,2.677,1.13,4.438,4.214,1.05,10.832
2026-08-20 20:00:00,R1,2.938,1.13,5.79,4.112,0.904,11.936
2026-08-20 20:00:00,R2,2.778,1.091,4.628,3.96,0.95,10.629
2026-08-20 20:15:00,R1,3.131,1.079,5.156,4.427,0.921,11.584
2026-08-20 20:15:00,R2,2.623,1.116,4.763,4.196,0.943,11.017
2026-08-20 20:30:00,R1,2.625,1.449,5.1,4.063,0.68,11.293
2026-08-20 20:30:00,R2,2.381,0.906,4.86,3.893,1.017,10.675
2026-08-20 20:45:00,R1,3.155,1.25,5.429,4.41,0.876,11.964
2026-08-20 20:45:00,R2,2.655,1.117,4.27,3.842,0.912,10.141
2026-08-20 21:00:00,R1,3.095,1.104,5.38,3.912,0.892,11.288
2026-08-20 21:00:00,R2,2.494,1.02,4.213,4.093,0.88,10.206
2026-08-20 21:15:00,R1,2.966,1.144,5.597,4.209,0.881,11.831
2026-08-20 21:15:00,R2,2.391,1.045,4.323,3.891,0.807,10.066
2026-08-20 21:30:00,R1,3.093,1.129,5.419,4.296,0.881,11.725
2026-08-20 21:30:00,R2,2.592,1.099,4.442,3.684,0.936,10.161
2026-08-20 21:45:00,R1,2.979,0.885,5.825,4.428,1.001,12.139
2026-08-20 21:45:00,R2,2.473,1.123,4.44,3.343,0.912,9.818
2026-08-20 22:00:00,R1,3.517,1.116,5.123,3.936,0.984,11.159
2026-08-20 22:00:00,R2,2.91,1.044,4.553,3.829,0.911,10.336
2026-08-20 22:15:00,R1,2.908,1.165,4.728,3.958,0.833,10.683
2026-08-20 22:15:00,R2,2.755,0.987,4.424,3.283,0.907,9.602
2026-08-20 22:30:00,R1,2.831,1.178,5.264,4.027,1.023,11.491
2026-08-20 22:30:00,R2,2.201,1.076,4.271,4.218,0.867,10.432
2026-08-20 22:45:00,R1,3.215,1.366,5.274,4.169,0.943,11.752
2026-08-20 22:45:00,R2,2.466,0.951,4.495,3.732,0.974,10.152
2026-08-20 23:00:00,R1,3.06,1.295,5.143,4.534,0.857,11.83
2026-08-20 23:00:00,R2,2.223,1.091,4.221,3.552,0.856,9.721
2026-08-20 23:15:00,R1,2.934,1.101,4.812,3.988,0.857,10.758
2026-08-20 23:15:00,R2,2.515,0.865,4.312,3.936,0.941,10.053
2026-08-20 23:30:00,R1,2.882,1.068,5.04,4.023,0.829,10.96
2026-08-20 23:30:00,R2,2.502,0.961,4.555,4.003,0.881,10.4
2026-08-20 23:45:00,R1,2.876,1.197,5.072,4.256,0.949,11.474
2026-08-20 23:45:00,R2,2.362,1.205,5.084,3.756,0.956,11.001
2026-08-21 00:00:00,R1,3.136,1.002,5.597,4.43,0.929,11.958
2026-08-21 00:00:00,R2,2.417,1.164,3.979,3.729,0.861,9.733
2026-08-21 00:15:00,R1,2.661,1.201,5.13,4.541,0.918,11.79
2026-08-21 00:15:00,R2,2.168,1.036,4.381,3.814,0.934,10.164
2026-08-21 00:30:00,R1,2.746,0.826,5.918,4.326,0.944,12.014
2026-08-21 00:30:00,R2,2.655,0.922,4.623,3.885,0.713,10.144
2026-08-21 00:45:00,R1,3.047,1.169,5.493,4.434,1.013,12.11
2026-08-21 00:45:00,R2,2.45,1.104,4.508,4.095,0.967,10.673
2026-08-21 01:00:00,R1,2.942,1.276,4.976,4.192,0.853,11.297
2026-08-21 01:00:00,R2,2.739,0.969,4.242,3.876,0.934,10.021
2026-08-21 01:15:00,R1,2.842,1.122,4.959,4.058,0.907,11.045
2026-08-21 01:15:00,R2,2.641,0.986,4.617,3.91,1.039,10.553
2026-08-21 01:30:00,R1,3.314,1.094,5.622,3.728,0.961,11.405
2026-08-21 01:30:00,R2,2.354,1.03,4.823,3.747,0.755,10.355
2026-08-21 01:45:00,R1,2.919,1.106,5.516,4.55,0.977,12.149
2026-08-21 01:45:00,R2,2.733,0.968,4.503,3.865,0.946,10.282
2026-08-21 02:00:00,R1,2.954,1.011,5.494,4.314,0.889,11.708
2026-08-21 02:00:00,R2,2.655,1.158,4.512,3.633,0.895,10.198
2026-08-21 02:15:00,R1,2.719,1.143,5.23,3.988,0.97,11.331
2026-08-21 02:15:00,R2,2.696,0.828,4.322,3.793,0.906,9.85
2026-08-21 02:30:00,R1,3.408,1.032,4.761,4.367,0.974,11.134
2026-08-21 02:30:00,R2,2.518,0.898,4.884,3.018,0.946,9.746
2026-08-21 02:45:00,R1,3.117,1.134,5.131,4.196,0.896,11.358
2026-08-21 02:45:00,R2,2.383,0.972,5.154,3.868,0.935,10.93
2026-08-21 03:00:00,R1,2.992,1.163,5.251,4.574,1.006,11.994
2026-08-21 03:00:00,R2,2.734,1.13,4.568,3.781,1.024,10.502
2026-08-21 03:15:00,R1,2.798,1.346,5.018,4.339,1.111,11.815
2026-08-21 03:15:00,R2,2.784,1.045,4.452,4.134,1.024,10.656
2026-08-21 03:30:00,R1,2.992,1.164,4.905,4.492,1.026,11.588
2026-08-21 03:30:00,R2,2.871,0.992,4.066,4.196,0.942,10.195
2026-08-21 03:45:00,R1,2.962,1.201,5.33,4.325,0.945,11.801
2026-08-21 03:45:00,R2,2.508,1.252,4.097,3.922,0.993,10.264
2026-08-21 04:00:00,R1,2.925,1.181,5.185,4.304,0.904,11.575
2026-08-21 04:00:00,R2,2.739,0.9,4.445,3.734,0.844,9.923
2026-08-21 04:15:00,R1,3.137,1.058,5.335,4.56,0.938,11.891
2026-08-21 04:15:00,R2,2.555,0.991,4.712,3.925,0.894,10.522
2026-08-21 04:30:00,R1,2.769,1.16,5.339,4.363,0.904,11.766
2026-08-21 04:30:00,R2,2.795,1.098,4.61,3.356,0.797,9.862
2026-08-21 04:45:00,R1,3.015,1.107,5.253,4.3,0.841,11.501
2026-08-21 04:45:00,R2,2.522,0.972,4.448,3.991,0.946,10.357
2026-08-21 05:00:00,R1,2.774,1.123,4.892,4.454,0.993,11.462
2026-08-21 05:00:00,R2,2.869,1.212,4.578,3.655,0.877,10.321
2026-08-21 05:15:00,R1,3.013,1.253,5.573,4.506,0.996,12.329
2026-08-21 05:15:00,R2,2.398,1.105,4.717,3.476,0.841,10.14
2026-08-21 05:30:00,R1,2.699,1.141,4.573,3.865,0.965,10.545
2026-08-21 05:30:00,R2,2.583,0.923,4.453,3.236,0.852,9.464
2026-08-21 05:45:00,R1,3.072,1.182,4.836,4.469,0.875,11.362
2026-08-21 05:45:00,R2,2.754,1.255,4.697,3.817,1.007,10.775
2026-08-21 06:00:00,R1,3.264,1.157,4.672,4.51,0.959,11.298
2026-08-21 06:00:00,R2,3.048,0.856,4.728,3.345,0.875,9.804
2026-08-21 06:15:00,R1,2.889,1.119,5.601,4.065,0.897,11.682
2026-08-21 06:15:00,R2,2.5,1.134,4.424,3.432,0.781,9.771
2026-08-21 06:30:00,R1,3.204,1.303,5.168,4.411,0.872,11.754
2026-08-21 06:30:00,R2,2.695,1.025,4.385,3.395,0.891,9.695
2026-08-21 06:45:00,R1,2.849,1.144,5.35,4.638,1.051,12.183
2026-08-21 06:45:00,R2,2.884,1.019,4.425,3.58,0.995,10.019
2026-08-21 07:00:00,R1,2.762,1.272,5.083,4.252,0.942,11.55
2026-08-21 07:00:00,R2,2.745,0.871,4.351,3.749,0.874,9.846
2026-08-21 07:15:00,R1,2.826,1.15,5.164,4.136,1.031,11.481
2026-08-21 07:15:00,R2,2.713,1.035,4.897,3.655,0.946,10.533
2026-08-21 07:30:00,R1,3.058,1.114,5.26,4.02,0.978,11.372
2026-08-21 07:30:00,R2,2.63,1.189,3.98,3.657,0.887,9.714
2026-08-21 07:45:00,R1,3.001,1.106,5.305,4.205,1.143,11.759
2026-08-21 07:45:00,R2,2.729,1.11,4.619,3.728,0.944,10.401
2026-08-21 08:00:00,R1,2.772,1.184,5.136,4.474,0.869,11.662
2026-08-21 08:00:00,R2,2.435,1.105,4.079,4.092,0.817,10.093
2026-08-21 08:15:00,R1,3.276,1.035,4.427,4.554,1.101,11.117
2026-08-21 08:15:00,R2,2.313,1.012,4.293,4.289,0.92,10.514
2026-08-21 08:30:00,R1,2.972,1.166,5.066,4.522,0.994,11.747
2026-08-21 08:30:00,R2,2.703,1.085,4.432,3.836,1.101,10.454
2026-08-21 08:45:00,R1,3.124,1.265,5.084,4.16,0.78,11.289
2026-08-21 08:45:00,R2,2.439,1.108,4.563,3.578,0.925,10.174
2026-08-21 09:00:00,R1,2.781,1.16,5.743,3.82,0.868,11.592
2026-08-21 09:00:00,R2,2.156,1.077,4.712,4.018,0.843,10.65
2026-08-21 09:15:00,R1,2.778,1.28,5.199,4.397,0.913,11.789
2026-08-21 09:15:00,R2,2.763,0.901,4.316,3.441,0.888,9.547
2026-08-21 09:30:00,R1,2.748,1.279,5.961,3.681,0.779,11.701
2026-08-21 09:30:00,R2,2.564,0.858,4.438,4.194,0.895,10.384
2026-08-21 09:45:00,R1,2.824,1.192,4.771,4.695,0.982,11.639
2026-08-21 09:45:00,R2,2.626,1.14,4.761,3.38,0.843,10.124
2026-08-21 10:00:00,R1,2.947,1.225,5.371,4.556,1.002,12.153
2026-08-21 10:00:00,R2,2.703,0.902,4.123,3.938,0.821,9.784
2026-08-21 10:15:00,R1,3.3,0.972,5.637,4.354,1.065,12.027
2026-08-21 10:15:00,R2,2.586,0.892,4.698,3.489,0.883,9.962
2026-08-21 10:30:00,R1,3.079,1.275,4.916,4.376,0.891,11.457
2026-08-21 10:30:00,R2,2.558,0.969,4.887,4.169,0.822,10.847
2026-08-21 10:45:00,R1,3.117,1.148,5.369,4.61,1.001,12.128
2026-08-21 10:45:00,R2,2.683,1.142,4.215,4.071,0.835,10.262
2026-08-21 11:00:00,R1,3.185,1.285,5.285,4.296,0.982,11.848
2026-08-21 11:00:00,R2,2.474,0.989,4.608,3.885,1.075,10.556
2026-08-21 11:15:00,R1,2.95,1.236,5.148,4.398,1.007,11.79
2026-08-21 11:15:00,R2,2.459,1.174,4.816,3.918,0.891,10.8
2026-08-21 11:30:00,R1,2.787,0.966,5.224,4.122,0.928,11.24
2026-08-21 11:30:00,R2,2.352,1.162,4.681,3.792,0.937,10.572
2026-08-21 11:45:00,R1,2.765,1.064,4.967,4.715,0.82,11.566
2026-08-21 11:45:00,R2,2.406,1.114,4.068,3.444,1.093,9.719
2026-08-21 12:00:00,R1,3.012,1.157,4.871,3.919,0.92,10.867
2026-08-21 12:00:00,R2,2.87,0.856,4.587,3.976,0.991,10.41
2026-08-21 12:15:00,R1,3.032,1.005,4.958,4.291,1.037,11.291
2026-08-21 12:15:00,R2,2.334,1.088,4.516,3.66,0.869,10.133
2026-08-21 12:30:00,R1,2.954,1.044,4.774,4.334,1.153,11.304
2026-08-21 12:30:00,R2,2.661,0.986,4.717,4.067,1.032,10.801
2026-08-21 12:45:00,R1,2.642,1.013,4.997,4.743,0.923,11.675
2026-08-21 12:45:00,R2,2.567,1.067,4.565,3.787,0.966,10.384
2026-08-21 13:00:00,R1,3.035,1.123,4.88,4.392,0.996,11.391
2026-08-21 13:00:00,R2,2.408,1.074,4.869,3.757,0.978,10.678
2026-08-21 13:15:00,R1,3.063,1.036,5.536,4.336,0.933,11.841
2026-08-21 13:15:00,R2,2.803,0.947,4.335,3.734,0.987,10.003
2026-08-21 13:30:00,R1,2.78,1.146,5.268,4.167,1.05,11.63
2026-08-21 13:30:00,R2,2.326,1.015,4.823,3.649,0.816,10.303
2026-08-21 13:45:00,R1,3.167,0.955,5.403,4.113,0.899,11.37
2026-08-21 13:45:00,R2,2.642,0.963,4.706,3.956,0.803,10.428
2026-08-21 14:00:00,R1,3.252,1.172,5.116,4.073,0.952,11.313
2026-08-21 14:00:00,R2,3.285,1.131,4.754,3.436,0.813,10.134
2026-08-21 14:15:00,R1,3.135,1.052,5.081,4.145,0.706,10.985
2026-08-21 14:15:00,R2,2.551,0.931,4.776,3.863,0.859,10.43
2026-08-21 14:30:00,R1,2.859,1.071,5.684,4.081,0.859,11.695
2026-08-21 14:30:00,R2,2.718,0.87,4.439,3.696,0.781,9.786
2026-08-21 14:45:00,R1,3.177,1.267,5.208,4.287,0.978,11.741
2026-08-21 14:45:00,R2,2.415,1.095,3.939,3.802,0.835,9.671
2026-08-21 15:00:00,R1,3.203,1.109,5.393,4.087,0.918,11.507
2026-08-21 15:00:00,R2,2.785,0.954,4.356,3.443,0.99,9.743
2026-08-21 15:15:00,R1,3.033,1.22,5.047,4.46,0.834,11.561
2026-08-21 15:15:00,R2,2.721,1.104,4.103,3.712,1.02,9.94
2026-08-21 15:30:00,R1,2.701,1.309,4.473,4.399,0.965,11.146
2026-08-21 15:30:00,R2,2.711,1.029,4.827,3.71,0.916,10.482
2026-08-21 15:45:00,R1,2.989,1.148,5.138,4.229,0.937,11.452
2026-08-21 15:45:00,R2,2.987,1.139,4.814,3.955,0.866,10.775
2026-08-21 16:00:00,R1,3.243,1.285,5.834,4.265,0.953,12.336
2026-08-21 16:00:00,R2,2.812,0.922,4.875,3.683,0.998,10.478
2026-08-21 16:15:00,R1,3.181,1.039,4.808,4.459,0.961,11.266
2026-08-21 16:15:00,R2,2.816,1.236,4.501,4.02,0.722,10.479
2026-08-21 16:30:00,R1,3.076,1.156,5.366,4.184,0.873,11.58
2026-08-21 16:30:00,R2,3.066,1.111,4.482,3.508,1.06,10.16
2026-08-21 16:45:00,R1,3.147,1.011,5.541,4.185,0.983,11.721
2026-08-21 16:45:00,R2,2.582,1.059,4.047,3.688,0.783,9.577
2026-08-21 17:00:00,R1,3.567,1.159,5.213,4.007,0.948,11.328
2026-08-21 17:00:00,R2,2.415,1.061,4.42,3.59,0.906,9.978
2026-08-21 17:15:00,R1,2.367,1.231,4.837,4.547,0.971,11.587
2026-08-21 17:15:00,R2,2.595,1.095,4.191,3.663,0.86,9.809
2026-08-21 17:30:00,R1,2.984,1.25,5.194,4.05,0.927,11.421
2026-08-21 17:30:00,R2,2.693,1.002,4.677,3.186,0.896,9.761
2026-08-21 17:45:00,R1,3.078,1.36,5.097,4.093,1.001,11.55
2026-08-21 17:45:00,R2,2.249,1.092,4.28,3.826,0.945,10.143
2026-08-21 18:00:00,R1,3.239,1.028,5.101,4.386,0.87,11.384
2026-08-21 18:00:00,R2,2.606,0.978,4.407,4.014,0.895,10.294
2026-08-21 18:15:00,R1,3.012,1.384,5.419,4.638,1.08,12.521
2026-08-21 18:15:00,R2,2.986,0.999,4.291,3.621,0.854,9.764
2026-08-21 18:30:00,R1,3.401,1.201,5.575,4.088,1.115,11.98
2026-08-21 18:30:00,R2,2.947,1.001,4.573,4.236,0.831,10.642
2026-08-21 18:45:00,R1,2.723,1.137,5.38,4.171,0.904,11.592
2026-08-21 18:45:00,R2,2.501,1.036,4.872,3.631,0.857,10.396
2026-08-21 19:00:00,R1,2.875,1.017,5.392,4.608,1.054,12.072
2026-08-21 19:00:00,R2,2.619,0.989,4.634,3.739,0.898,10.26
2026-08-21 19:15:00,R1,3.149,1.243,5.045,4.317,0.902,11.508
2026-08-21 19:15:00,R2,2.444,0.914,4.633,3.697,0.898,10.142
2026-08-21 19:30:00,R1,2.584,0.976,5.908,4.491,1.032,12.408
2026-08-21 19:30:00,R2,2.673,1.038,4.543,3.825,0.876,10.282
2026-08-21 19:45:00,R1,3.249,1.137,5.219,4.373,0.96,11.689
2026-08-21 19:45:00,R2,2.429,0.797,4.098,3.668,0.785,9.348
2026-08-21 20:00:00,R1,2.813,1.23,5.456,4.341,0.958,11.985
2026-08-21 20:00:00,R2,2.469,1.006,4.721,3.856,0.783,10.365
2026-08-21 20:15:00,R1,3.096,1.065,5.339,4.108,1.065,11.576
2026-08-21 20:15:00,R2,2.471,0.905,4.693,3.624,0.907,10.129
2026-08-21 20:30:00,R1,2.742,1.094,4.983,4.308,0.874,11.259
2026-08-21 20:30:00,R2,2.501,0.893,4.529,3.696,0.966,10.084
2026-08-21 20:45:00,R1,3.025,1.298,5.104,4.158,1.008,11.568
2026-08-21 20:45:00,R2,2.542,1.112,4.627,3.908,0.793,10.441
2026-08-21 21:00:00,R1,2.889,1.179,4.864,4.41,0.896,11.349
2026-08-21 21:00:00,R2,2.255,1.015,4.379,3.82,0.828,10.041
2026-08-21 21:15:00,R1,3.071,1.212,5.104,3.636,0.934,10.886
2026-08-21 21:15:00,R2,2.429,1.014,4.523,3.701,0.831,10.068
2026-08-21 21:30:00,R1,3.201,1.054,5.104,4.133,0.989,11.279
2026-08-21 21:30:00,R2,2.668,1.131,4.564,3.797,1.048,10.54
2026-08-21 21:45:00,R1,2.772,1.12,5.307,4.209,0.954,11.59
2026-08-21 21:45:00,R2,2.276,0.979,4.596,4.08,0.988,10.643
2026-08-21 22:00:00,R1,3.306,1.124,5.646,4.598,1.095,12.463
2026-08-21 22:00:00,R2,3.087,1.196,4.01,3.877,1.016,10.098
2026-08-21 22:15:00,R1,2.863,1.11,4.622,4.139,1.024,10.895
2026-08-21 22:15:00,R2,2.566,1.113,4.793,3.592,0.85,10.349
2026-08-21 22:30:00,R1,3.438,1.082,4.561,4.364,0.873,10.879
2026-08-21 22:30:00,R2,2.633,1.139,3.967,3.708,0.902,9.715
2026-08-21 22:45:00,R1,2.716,0.993,5.278,4.437,0.965,11.672
2026-08-21 22:45:00,R2,2.502,0.994,4.975,3.79,1.016,10.775
2026-08-21 23:00:00,R1,2.909,1.054,5.476,4.1,0.996,11.625
2026-08-21 23:00:00,R2,2.313,1.185,4.473,3.946,0.939,10.543
2026-08-21 23:15:00,R1,2.598,1.251,4.815,4.317,0.966,11.349
2026-08-21 23:15:00,R2,2.586,1.069,4.504,3.824,0.906,10.303
2026-08-21 23:30:00,R1,3.095,1.201,5.07,4.588,1.09,11.95
2026-08-21 23:30:00,R2,2.824,0.975,5.073,3.865,0.977,10.89
2026-08-21 23:45:00,R1,3.263,1.248,4.944,4.521,1.007,11.72
2026-08-21 23:45:00,R2,2.524,1.174,4.484,4.035,0.931,10.625
2026-08-22 00:00:00,R1,3.103,1.112,5.498,4.23,0.97,11.81
2026-08-22 00:00:00,R2,2.889,0.994,4.937,3.892,0.995,10.818
2026-08-22 00:15:00,R1,3.308,1.147,5.199,3.972,0.932,11.25
2026-08-22 00:15:00,R2,2.996,1.094,4.697,3.861,1.017,10.669
2026-08-22 00:30:00,R1,3.16,1.182,4.533,4.633,0.947,11.295
2026-08-22 00:30:00,R2,2.417,0.936,4.907,3.784,0.893,10.52
2026-08-22 00:45:00,R1,2.844,1.159,5.091,4.237,1.128,11.616
2026-08-22 00:45:00,R2,2.173,0.919,4.548,3.87,0.85,10.188
2026-08-22 01:00:00,R1,2.846,1.139,4.552,3.848,0.878,10.417
2026-08-22 01:00:00,R2,2.989,1.113,4.71,3.972,1.041,10.837
2026-08-22 01:15:00,R1,2.582,1.249,5.449,4.464,0.945,12.107
2026-08-22 01:15:00,R2,2.868,1.06,4.389,3.664,0.93,10.043
2026-08-22 01:30:00,R1,2.983,1.026,4.881,4.168,0.773,10.849
2026-08-22 01:30:00,R2,2.557,1.047,4.598,3.798,0.897,10.341
2026-08-22 01:45:00,R1,2.947,1.138,5.222,4.44,0.823,11.622
2026-08-22 01:45:00,R2,2.277,1.134,4.737,3.559,0.886,10.316
2026-08-22 02:00:00,R1,3.475,1.168,5.232,4.375,0.824,11.599
2026-08-22 02:00:00,R2,2.555,1.123,4.065,3.96,0.766,9.915
2026-08-22 02:15:00,R1,3.055,1.035,4.715,4.727,0.983,11.46
2026-08-22 02:15:00,R2,2.533,0.906,4.261,4.463,0.999,10.629
2026-08-22 02:30:00,R1,3.384,1.233,4.984,4.276,0.88,11.373
2026-08-22 02:30:00,R2,2.762,0.938,4.471,3.801,0.902,10.111
2026-08-22 02:45:00,R1,3.238,0.991,5.527,4.334,0.922,11.774
2026-08-22 02:45:00,R2,2.365,1.185,4.647,3.906,0.992,10.73
2026-08-22 03:00:00,R1,3.053,1.073,5.479,4.003,1.004,11.559
2026-08-22 03:00:00,R2,2.681,1.214,4.562,3.779,0.906,10.46
2026-08-22 03:15:00,R1,2.822,1.198,5.482,4.445,1.001,12.125
2026-08-22 03:15:00,R2,2.336,1.113,4.334,4.154,0.965,10.567
2026-08-22 03:30:00,R1,2.935,1.08,5.129,4.371,0.975,11.556
2026-08-22 03:30:00,R2,2.666,1.144,4.419,4.049,0.848,10.46
2026-08-22 03:45:00,R1,2.948,1.151,4.932,4.194,0.892,11.169
2026-08-22 03:45:00,R2,2.394,0.965,4.148,4.382,0.879,10.375
2026-08-22 04:00:00,R1,2.853,0.968,4.811,4.053,1.045,10.877
2026-08-22 04:00:00,R2,2.19,1.117,4.39,3.415,0.85,9.771
2026-08-22 04:15:00,R1,2.899,1.152,4.958,4.048,0.813,10.97
2026-08-22 04:15:00,R2,2.748,1.156,4.219,4.108,0.941,10.425
2026-08-22 04:30:00,R1,3.065,1.246,5.001,4.128,0.943,11.318
2026-08-22 04:30:00,R2,2.609,1.095,5.195,3.864,1.027,11.18
2026-08-22 04:45:00,R1,3.33,1.225,5.022,4.575,0.812,11.634
2026-08-22 04:45:00,R2,2.593,0.878,4.724,4.139,0.82,10.561
2026-08-22 05:00:00,R1,3.038,1.137,5.316,4.092,0.933,11.478
2026-08-22 05:00:00,R2,2.586,1.113,4.645,3.569,0.863,10.191
2026-08-22 05:15:00,R1,2.819,1.239,4.928,4.238,0.997,11.403
2026-08-22 05:15:00,R2,2.687,1.071,4.778,3.727,0.904,10.48
2026-08-22 05:30:00,R1,3.01,1.196,5.455,4.105,1.059,11.815
2026-08-22 05:30:00,R2,2.456,1.081,4.087,3.625,0.853,9.646
2026-08-22 05:45:00,R1,3.228,1.23,5.166,4.588,0.997,11.981
2026-08-22 05:45:00,R2,2.501,1.203,4.877,3.69,0.891,10.661
2026-08-22 06:00:00,R1,3.377,1.081,5.109,4.206,0.89,11.287
2026-08-22 06:00:00,R2,2.568,1.091,4.777,4.003,0.897,10.767
2026-08-22 06:15:00,R1,3.014,1.152,5.649,4.666,0.947,12.413
2026-08-22 06:15:00,R2,2.631,0.966,5.042,3.598,0.727,10.334
2026-08-22 06:30:00,R1,2.923,1.149,5.027,4.963,0.941,12.08
2026-08-22 06:30:00,R2,2.66,1.076,4.687,3.996,0.876,10.634
2026-08-22 06:45:00,R1,3.065,1.049,5.081,3.974,1.072,11.177
2026-08-22 06:45:00,R2,2.926,0.975,4.239,3.648,0.942,9.805
2026-08-22 07:00:00,R1,3.213,1.212,5.745,3.916,1.135,12.009
2026-08-22 07:00:00,R2,2.655,1.158,4.339,3.574,0.935,10.006
2026-08-22 07:15:00,R1,2.746,1.105,5.414,4.732,0.91,12.16
2026-08-22 07:15:00,R2,2.478,1.063,4.408,3.932,0.853,10.256
2026-08-22 07:30:00,R1,3.298,1.166,5.27,4.275,0.834,11.544
2026-08-22 07:30:00,R2,2.819,1.115,4.367,3.926,0.898,10.306
2026-08-22 07:45:00,R1,3.078,1.14,5.07,4.452,0.882,11.543
2026-08-22 07:45:00,R2,2.498,1.153,4.494,3.903,0.978,10.529
2026-08-22 08:00:00,R1,3.076,1.258,5.35,4.187,0.986,11.781
2026-08-22 08:00:00,R2,2.813,1.092,4.52,3.93,0.898,10.44
2026-08-22 08:15:00,R1,3.252,1.329,5.32,4.464,0.934,12.046
2026-08-22 08:15:00,R2,2.757,1.066,4.066,3.439,0.937,9.508
2026-08-22 08:30:00,R1,3.203,1.241,5.308,4.046,1.07,11.665
2026-08-22 08:30:00,R2,2.697,1.136,4.186,3.799,0.908,10.029
2026-08-22 08:45:00,R1,2.998,1.233,5.194,4.399,1.026,11.852
2026-08-22 08:45:00,R2,2.522,0.917,4.729,4.035,1.03,10.712
2026-08-22 09:00:00,R1,3.623,1.285,5.512,4.213,0.987,11.997
2026-08-22 09:00:00,R2,2.897,1.074,4.774,3.991,0.812,10.65
2026-08-22 09:15:00,R1,3.137,1.096,5.052,4.229,0.995,11.371
2026-08-22 09:15:00,R2,2.263,1.234,3.774,3.965,0.972,9.944
2026-08-22 09:30:00,R1,3.34,1.121,5.325,4.016,0.972,11.435
2026-08-22 09:30:00,R2,2.398,1.268,4.607,4.118,1.01,11.003
2026-08-22 09:45:00,R1,2.781,1.184,5.099,4.188,0.914,11.385
2026-08-22 09:45:00,R2,2.474,1.035,4.495,3.382,0.856,9.767
2026-08-22 10:00:00,R1,4.675,1.221,5.602,4.128,0.842,11.793
2026-08-22 10:00:00,R2,4.006,0.868,4.425,3.885,0.861,10.038
2026-08-22 10:15:00,R1,4.807,1.361,5.204,3.873,0.881,11.318
2026-08-22 10:15:00,R2,4.163,0.955,3.935,3.429,0.931,9.249
2026-08-22 10:30:00,R1,4.947,1.281,5.179,4.293,0.897,11.65
2026-08-22 10:30:00,R2,4.007,1.095,4.452,3.797,0.905,10.249
2026-08-22 10:45:00,R1,3.084,1.043,4.71,4.539,0.934,11.226
2026-08-22 10:45:00,R2,3.0,1.249,4.477,3.916,0.832,10.475
2026-08-22 11:00:00,R1,2.663,1.253,5.315,4.157,0.942,11.667
2026-08-22 11:00:00,R2,2.223,1.159,4.681,3.782,0.886,10.508
2026-08-22 11:15:00,R1,3.025,1.21,5.13,4.513,0.928,11.781
2026-08-22 11:15:00,R2,2.755,1.084,4.215,3.692,0.832,9.823
2026-08-22 11:30:00,R1,2.828,1.162,5.093,4.061,0.897,11.212
2026-08-22 11:30:00,R2,2.25,1.051,4.441,3.668,0.946,10.106
2026-08-22 11:45:00,R1,2.947,1.161,4.876,4.313,0.921,11.271
2026-08-22 11:45:00,R2,2.534,0.994,3.868,3.739,0.818,9.419
2026-08-22 12:00:00,R1,3.053,1.267,5.351,4.419,1.045,12.082
2026-08-22 12:00:00,R2,2.378,1.036,4.644,4.053,0.894,10.626
2026-08-22 12:15:00,R1,2.909,1.229,5.067,4.122,1.035,11.454
2026-08-22 12:15:00,R2,2.322,1.039,4.35,3.903,0.988,10.28
2026-08-22 12:30:00,R1,2.864,1.279,5.463,4.197,0.967,11.906
2026-08-22 12:30:00,R2,2.514,1.004,5.135,3.442,0.689,10.271
2026-08-22 12:45:00,R1,2.63,1.156,5.345,3.903,1.124,11.527
2026-08-22 12:45:00,R2,2.615,1.128,4.333,4.037,0.871,10.369
2026-08-22 13:00:00,R1,3.451,0.982,5.27,4.079,1.085,11.416
2026-08-22 13:00:00,R2,2.685,0.974,4.227,4.038,0.911,10.15
2026-08-22 13:15:00,R1,2.905,1.197,5.581,4.497,0.941,12.216
2026-08-22 13:15:00,R2,2.768,1.005,4.982,3.782,0.759,10.528
2026-08-22 13:30:00,R1,2.762,1.178,5.621,4.833,0.97,12.603
2026-08-22 13:30:00,R2,2.625,1.121,4.78,3.935,0.882,10.719
2026-08-22 13:45:00,R1,2.919,1.133,5.403,4.313,0.96,11.809
2026-08-22 13:45:00,R2,2.508,0.994,4.793,3.778,0.84,10.406
2026-08-22 14:00:00,R1,3.338,1.174,5.3,3.953,0.909,11.335
2026-08-22 14:00:00,R2,2.746,0.986,4.433,3.958,1.011,10.389
2026-08-22 14:15:00,R1,3.373,1.139,4.784,4.246,0.96,11.129
2026-08-22 14:15:00,R2,2.806,1.081,5.003,3.801,0.906,10.791
2026-08-22 14:30:00,R1,3.02,1.025,5.056,3.892,0.916,10.889
2026-08-22 14:30:00,R2,2.737,0.979,4.155,3.773,1.039,9.947
2026-08-22 14:45:00,R1,3.041,1.214,4.591,4.465,0.963,11.233
2026-08-22 14:45:00,R2,2.39,1.019,4.469,3.916,0.896,10.3
2026-08-22 15:00:00,R1,3.149,1.256,5.471,4.359,0.917,12.002
2026-08-22 15:00:00,R2,2.372,0.853,4.407,3.715,0.92,9.896
2026-08-22 15:15:00,R1,3.161,0.986,5.295,4.534,0.967,11.782
2026-08-22 15:15:00,R2,2.669,1.018,4.551,3.51,0.931,10.01
2026-08-22 15:30:00,R1,3.051,1.037,5.382,4.218,0.914,11.551
2026-08-22 15:30:00,R2,2.608,1.23,4.418,4.014,0.884,10.546
2026-08-22 15:45:00,R1,3.106,1.335,5.324,3.964,0.989,11.611
2026-08-22 15:45:00,R2,2.829,1.132,4.463,4.278,0.849,10.722
2026-08-22 16:00:00,R1,3.445,1.115,5.43,4.659,0.97,12.174
2026-08-22 16:00:00,R2,2.836,1.095,4.669,3.93,0.92,10.614
2026-08-22 16:15:00,R1,2.991,1.248,5.498,4.241,0.974,11.96
2026-08-22 16:15:00,R2,2.186,0.95,4.361,3.735,0.985,10.031
2026-08-22 16:30:00,R1,3.441,1.339,5.042,4.239,1.008,11.628
2026-08-22 16:30:00,R2,2.612,0.958,4.332,3.938,0.996,10.224
2026-08-22 16:45:00,R1,3.051,0.987,5.158,4.389,0.99,11.524
2026-08-22 16:45:00,R2,2.667,0.906,4.685,3.995,0.985,10.57
2026-08-22 17:00:00,R1,3.155,1.159,5.298,4.795,1.082,12.333
2026-08-22 17:00:00,R2,2.751,1.164,4.347,3.677,0.848,10.036
2026-08-22 17:15:00,R1,2.762,1.172,5.371,4.363,0.973,11.879
2026-08-22 17:15:00,R2,2.594,0.966,4.635,3.928,1.017,10.545
2026-08-22 17:30:00,R1,3.078,1.251,4.783,4.285,1.034,11.352
2026-08-22 17:30:00,R2,2.394,0.87,5.396,3.691,0.925,10.882
2026-08-22 17:45:00,R1,2.787,1.344,4.998,4.159,1.168,11.668
2026-08-22 17:45:00,R2,2.716,0.999,4.421,3.87,0.892,10.182
2026-08-22 18:00:00,R1,3.182,1.163,5.371,4.735,0.994,12.263
2026-08-22 18:00:00,R2,2.937,1.136,4.128,4.001,0.784,10.048
2026-08-22 18:15:00,R1,2.952,1.168,5.247,4.182,0.927,11.523
2026-08-22 18:15:00,R2,2.904,1.139,4.137,4.041,0.971,10.288
2026-08-22 18:30:00,R1,3.14,1.165,5.431,4.507,0.963,12.067
2026-08-22 18:30:00,R2,2.481,0.904,3.831,3.785,1.028,9.549
2026-08-22 18:45:00,R1,2.851,1.132,4.845,4.377,1.071,11.426
2026-08-22 18:45:00,R2,2.602,1.015,4.676,3.749,0.957,10.396
2026-08-22 19:00:00,R1,2.844,1.144,5.097,4.444,0.892,11.578
2026-08-22 19:00:00,R2,2.716,1.059,3.839,3.554,0.798,9.25
2026-08-22 19:15:00,R1,2.941,1.103,4.949,4.546,0.936,11.534
2026-08-22 19:15:00,R2,2.734,1.119,4.078,3.567,0.907,9.671
2026-08-22 19:30:00,R1,3.016,0.961,5.253,4.614,1.029,11.857
2026-08-22 19:30:00,R2,2.671,1.029,4.552,3.655,0.956,10.192
2026-08-22 19:45:00,R1,3.147,1.302,5.338,4.193,0.955,11.789
2026-08-22 19:45:00,R2,2.309,1.096,4.618,3.99,0.837,10.542
2026-08-22 20:00:00,R1,2.826,1.237,5.431,4.769,1.144,12.582
2026-08-22 20:00:00,R2,2.857,0.846,4.356,3.651,0.996,9.849
2026-08-22 20:15:00,R1,2.794,1.078,5.24,4.256,0.846,11.419
2026-08-22 20:15:00,R2,2.673,1.113,4.389,4.009,0.752,10.264
2026-08-22 20:30:00,R1,2.997,1.18,5.695,4.13,0.895,11.9
2026-08-22 20:30:00,R2,2.525,1.072,4.679,3.994,0.779,10.523
2026-08-22 20:45:00,R1,3.027,1.278,5.179,4.358,0.831,11.646
2026-08-22 20:45:00,R2,2.556,0.955,4.593,3.412,0.935,9.894
2026-08-22 21:00:00,R1,3.115,1.194,5.146,4.058,1.016,11.413
2026-08-22 21:00:00,R2,2.745,1.045,4.497,3.775,0.879,10.195
2026-08-22 21:15:00,R1,2.866,1.233,5.23,3.723,0.967,11.153
2026-08-22 21:15:00,R2,2.611,0.996,4.549,3.586,0.999,10.13
2026-08-22 21:30:00,R1,3.008,1.293,5.939,4.317,1.089,12.639
2026-08-22 21:30:00,R2,2.46,1.035,4.635,3.789,0.988,10.447
2026-08-22 21:45:00,R1,3.116,1.301,4.778,4.43,0.928,11.436
2026-08-22 21:45:00,R2,2.36,1.085,4.109,4.003,0.848,10.045
2026-08-22 22:00:00,R1,3.281,1.281,5.589,4.044,0.978,11.893
2026-08-22 22:00:00,R2,2.494,1.006,4.232,3.619,0.873,9.73
2026-08-22 22:15:00,R1,3.428,0.929,5.506,4.333,1.019,11.788
2026-08-22 22:15:00,R2,2.575,0.906,4.286,3.772,0.909,9.873
2026-08-22 22:30:00,R1,2.86,1.168,5.368,4.212,0.875,11.624
2026-08-22 22:30:00,R2,2.754,1.113,4.78,3.817,0.978,10.688
2026-08-22 22:45:00,R1,3.157,1.273,5.428,4.39,0.902,11.993
2026-08-22 22:45:00,R2,2.516,1.064,4.35,3.531,0.808,9.753
2026-08-22 23:00:00,R1,2.639,1.226,5.255,3.942,1.057,11.48
2026-08-22 23:00:00,R2,2.641,1.212,4.531,3.791,0.807,10.341
2026-08-22 23:15:00,R1,2.951,1.179,5.804,4.38,0.959,12.321
2026-08-22 23:15:00,R2,2.536,1.115,5.222,3.975,0.809,11.12
2026-08-22 23:30:00,R1,2.89,1.102,5.318,4.473,1.03,11.923
2026-08-22 23:30:00,R2,2.501,1.028,4.409,4.033,0.896,10.366
2026-08-22 23:45:00,R1,2.988,1.168,5.23,3.989,0.92,11.307
2026-08-22 23:45:00,R2,2.753,1.057,4.282,4.08,0.878,10.297
2026-08-23 00:00:00,R1,3.199,1.06,5.54,4.794,0.939,12.334
2026-08-23 00:00:00,R2,2.687,1.231,4.666,3.98,0.889,10.766
2026-08-23 00:15:00,R1,3.084,1.116,5.575,4.159,0.912,11.762
2026-08-23 00:15:00,R2,2.272,0.997,4.4,3.898,0.806,10.102
2026-08-23 00:30:00,R1,2.953,1.025,5.499,4.232,0.902,11.658
2026-08-23 00:30:00,R2,2.697,0.994,4.6,3.971,0.932,10.498
2026-08-23 00:45:00,R1,2.868,1.123,5.907,3.943,0.988,11.961
2026-08-23 00:45:00,R2,2.556,0.884,4.461,4.109,0.791,10.245
2026-08-23 01:00:00,R1,2.801,1.204,4.734,4.156,0.866,10.96
2026-08-23 01:00:00,R2,2.469,1.141,4.422,3.553,0.853,9.969
2026-08-23 01:15:00,R1,2.847,1.173,5.458,4.545,0.995,12.171
2026-08-23 01:15:00,R2,2.531,1.149,4.242,3.756,0.85,9.996
2026-08-23 01:30:00,R1,3.027,1.042,5.682,3.804,0.817,11.344
2026-08-23 01:30:00,R2,2.722,0.974,4.661,4.348,0.832,10.815
2026-08-23 01:45:00,R1,3.222,1.164,5.053,4.634,0.854,11.706
2026-08-23 01:45:00,R2,2.453,0.999,4.231,3.578,0.816,9.623
2026-08-23 02:00:00,R1,2.767,1.144,5.439,4.121,0.979,11.683
2026-08-23 02:00:00,R2,2.319,1.109,4.472,3.422,0.82,9.823
2026-08-23 02:15:00,R1,3.004,1.306,5.633,4.572,0.958,12.469
2026-08-23 02:15:00,R2,2.696,1.057,4.231,4.017,0.957,10.261
2026-08-23 02:30:00,R1,3.013,0.988,4.947,4.572,0.926,11.433
2026-08-23 02:30:00,R2,2.557,1.077,5.02,3.507,0.9,10.503
2026-08-23 02:45:00,R1,3.233,1.22,5.315,4.44,0.966,11.941
2026-08-23 02:45:00,R2,2.477,1.07,4.461,3.356,0.816,9.703
2026-08-23 03:00:00,R1,2.841,1.189,4.953,4.015,0.961,11.118
2026-08-23 03:00:00,R2,2.431,0.994,4.7,4.337,0.918,10.949
2026-08-23 03:15:00,R1,3.009,1.075,5.274,4.761,0.729,11.838
2026-08-23 03:15:00,R2,2.456,0.952,4.374,3.995,0.958,10.279
2026-08-23 03:30:00,R1,3.405,1.123,5.019,4.199,1.006,11.347
2026-08-23 03:30:00,R2,2.519,1.111,5.143,3.882,0.825,10.96
2026-08-23 03:45:00,R1,2.972,1.047,5.348,3.706,0.841,10.942
2026-08-23 03:45:00,R2,2.672,1.123,4.612,4.072,0.984,10.791
2026-08-23 04:00:00,R1,3.1,1.061,4.727,4.429,0.911,11.128
2026-08-23 04:00:00,R2,2.597,0.888,4.106,3.866,0.938,9.799
2026-08-23 04:15:00,R1,2.994,1.244,5.222,4.542,0.92,11.929
2026-08-23 04:15:00,R2,2.854,1.078,4.101,4.198,0.789,10.166
2026-08-23 04:30:00,R1,3.307,1.123,5.573,4.467,0.884,12.048
2026-08-23 04:30:00,R2,2.451,1.099,4.528,4.073,0.874,10.574
2026-08-23 04:45:00,R1,3.049,1.01,5.331,4.646,0.921,11.907
2026-08-23 04:45:00,R2,2.841,1.073,4.631,3.89,0.889,10.482
2026-08-23 05:00:00,R1,2.911,1.237,5.433,4.385,0.852,11.907
2026-08-23 05:00:00,R2,2.422,0.949,4.423,4.0,0.842,10.215
2026-08-23 05:15:00,R1,2.919,1.07,5.286,4.866,0.921,12.144
2026-08-23 05:15:00,R2,2.713,0.995,4.713,3.678,0.975,10.36
2026-08-23 05:30:00,R1,2.74,1.155,5.251,4.633,0.932,11.971
2026-08-23 05:30:00,R2,2.786,1.152,3.898,3.182,0.771,9.003
2026-08-23 05:45:00,R1,2.825,1.125,4.957,4.418,0.932,11.433
2026-08-23 05:45:00,R2,2.566,0.996,4.495,3.411,0.88,9.782
2026-08-23 06:00:00,R1,3.581,1.125,5.032,4.427,0.747,11.33
2026-08-23 06:00:00,R2,3.145,1.183,4.715,3.89,1.061,10.85
2026-08-23 06:15:00,R1,2.693,1.06,5.829,3.855,0.862,11.605
2026-08-23 06:15:00,R2,2.354,0.906,4.397,3.771,0.923,9.997
2026-08-23 06:30:00,R1,2.93,1.143,5.646,4.398,0.761,11.948
2026-08-23 06:30:00,R2,2.445,1.039,4.557,3.878,0.949,10.423
2026-08-23 06:45:00,R1,3.053,1.183,4.993,4.312,0.813,11.301
2026-08-23 06:45:00,R2,2.791,1.101,4.85,3.983,0.873,10.808
2026-08-23 07:00:00,R1,2.99,1.219,4.789,4.462,0.948,11.418
2026-08-23 07:00:00,R2,2.663,1.075,4.575,3.627,0.929,10.206
2026-08-23 07:15:00,R1,2.963,1.122,5.011,4.167,0.835,11.135
2026-08-23 07:15:00,R2,2.841,1.156,4.081,3.809,0.896,9.942
2026-08-23 07:30:00,R1,3.215,1.26,5.19,4.37,1.038,11.859
2026-08-23 07:30:00,R2,2.513,1.023,4.424,3.632,0.855,9.934
2026-08-23 07:45:00,R1,2.94,1.257,5.435,4.846,0.997,12.534
2026-08-23 07:45:00,R2,2.45,1.024,4.615,3.81,0.929,10.377
2026-08-23 08:00:00,R1,3.323,1.266,4.816,3.86,0.962,10.904
2026-08-23 08:00:00,R2,2.662,1.068,4.739,3.599,0.799,10.206
2026-08-23 08:15:00,R1,2.751,1.238,4.857,4.187,0.943,11.225
2026-08-23 08:15:00,R2,2.742,1.004,4.294,3.335,0.822,9.455
2026-08-23 08:30:00,R1,2.832,0.91,5.689,4.575,1.011,12.185
2026-08-23 08:30:00,R2,2.633,0.988,4.465,3.528,0.905,9.886
2026-08-23 08:45:00,R1,3.262,1.377,5.118,4.312,1.077,11.884
2026-08-23 08:45:00,R2,2.257,0.982,4.557,3.411,0.837,9.786
2026-08-23 09:00:00,R1,3.274,1.18,5.724,4.579,0.937,12.42
2026-08-23 09:00:00,R2,2.32,1.076,4.361,3.885,0.667,9.989
2026-08-23 09:15:00,R1,2.9,1.217,5.009,4.019,0.873,11.119
2026-08-23 09:15:00,R2,2.353,1.08,4.558,4.254,0.847,10.738
2026-08-23 09:30:00,R1,3.029,1.368,4.991,4.381,1.017,11.758
2026-08-23 09:30:00,R2,2.459,1.086,4.691,4.006,0.975,10.758
2026-08-23 09:45:00,R1,2.882,1.26,5.33,4.08,0.95,11.62
2026-08-23 09:45:00,R2,2.258,0.999,4.314,4.235,0.967,10.516
2026-08-23 10:00:00,R1,2.912,1.118,5.21,4.318,1.031,11.677
2026-08-23 10:00:00,R2,2.573,1.01,4.362,3.663,0.652,9.687
2026-08-23 10:15:00,R1,2.868,1.075,5.443,4.348,1.096,11.961
2026-08-23 10:15:00,R2,2.663,0.972,4.47,4.172,0.83,10.444
2026-08-23 10:30:00,R1,3.185,1.237,5.337,4.039,0.887,11.5
2026-08-23 10:30:00,R2,2.84,1.087,4.901,3.734,0.975,10.697
2026-08-23 10:45:00,R1,2.903,1.135,4.85,4.385,0.885,11.254
2026-08-23 10:45:00,R2,2.815,0.916,4.814,4.314,0.935,10.978
2026-08-23 11:00:00,R1,3.027,1.241,5.038,4.578,0.951,11.808
2026-08-23 11:00:00,R2,2.557,0.991,5.152,4.371,0.794,11.309
2026-08-23 11:15:00,R1,3.061,1.163,4.673,4.256,0.819,10.912
2026-08-23 11:15:00,R2,2.245,1.107,3.778,4.153,1.048,10.086
2026-08-23 11:30:00,R1,2.959,1.188,4.775,4.351,0.957,11.27
2026-08-23 11:30:00,R2,2.713,1.187,4.749,4.267,0.792,10.995
2026-08-23 11:45:00,R1,3.135,1.011,5.11,4.173,0.939,11.234
2026-08-23 11:45:00,R2,2.709,1.062,4.687,3.523,0.961,10.234
2026-08-23 12:00:00,R1,3.073,1.262,4.92,4.169,0.948,11.3
2026-08-23 12:00:00,R2,2.854,1.133,4.766,3.734,0.984,10.617
2026-08-23 12:15:00,R1,3.187,1.114,5.268,4.539,0.79,11.711
2026-08-23 12:15:00,R2,2.72,0.933,4.429,4.059,0.807,10.228
2026-08-23 12:30:00,R1,2.809,0.89,4.946,4.66,0.918,11.415
2026-08-23 12:30:00,R2,2.801,1.084,4.812,3.671,0.87,10.438
2026-08-23 12:45:00,R1,2.686,1.259,5.185,4.046,0.86,11.351
2026-08-23 12:45:00,R2,2.309,0.89,4.401,4.065,0.943,10.299
2026-08-23 13:00:00,R1,3.119,1.106,5.083,4.069,0.804,11.062
2026-08-23 13:00:00,R2,2.642,1.202,3.972,3.639,0.812,9.624
2026-08-23 13:15:00,R1,2.929,1.226,5.418,4.136,0.964,11.744
2026-08-23 13:15:00,R2,2.706,1.051,4.236,3.952,0.769,10.008
2026-08-23 13:30:00,R1,2.778,1.151,4.926,4.115,1.006,11.199
2026-08-23 13:30:00,R2,2.711,0.961,4.311,3.513,0.797,9.583
2026-08-23 13:45:00,R1,3.055,0.986,5.296,3.806,0.998,11.087
2026-08-23 13:45:00,R2,2.611,1.116,4.193,4.09,0.909,10.308
2026-08-23 14:00:00,R1,3.336,1.199,5.464,4.714,0.992,12.368
2026-08-23 14:00:00,R2,2.968,1.14,4.228,4.146,0.849,10.363
2026-08-23 14:15:00,R1,2.68,1.159,5.305,4.718,0.919,12.101
2026-08-23 14:15:00,R2,2.43,1.016,4.068,3.84,0.833,9.756
2026-08-23 14:30:00,R1,3.056,1.033,5.405,4.224,1.121,11.783
2026-08-23 14:30:00,R2,2.827,1.179,4.233,4.08,1.019,10.512
2026-08-23 14:45:00,R1,3.083,1.288,4.992,4.377,1.007,11.663
2026-08-23 14:45:00,R2,2.393,1.159,4.673,3.873,0.845,10.551
2026-08-23 15:00:00,R1,2.833,0.984,5.291,4.23,0.929,11.434
2026-08-23 15:00:00,R2,2.541,1.096,4.9,3.247,0.932,10.175
2026-08-23 15:15:00,R1,3.084,1.118,4.978,4.203,1.001,11.301
2026-08-23 15:15:00,R2,2.736,0.934,4.663,4.019,0.818,10.433
2026-08-23 15:30:00,R1,2.979,1.791,4.613,4.151,4.45,15.005
2026-08-23 15:30:00,R2,2.247,1.147,4.361,4.116,1.079,10.702
2026-08-23 15:45:00,R1,2.723,1.692,5.13,4.097,1.475,12.394
2026-08-23 15:45:00,R2,2.859,1.229,4.69,3.531,0.7,10.15
2026-08-23 16:00:00,R1,2.984,2.507,5.303,4.299,1.37,13.479
2026-08-23 16:00:00,R2,2.522,1.049,4.677,4.127,0.873,10.727
2026-08-23 16:15:00,R1,2.9,1.673,5.321,4.014,1.913,12.921
2026-08-23 16:15:00,R2,3.185,1.051,4.432,3.937,0.931,10.351
2026-08-23 16:30:00,R1,3.064,1.107,5.566,3.884,1.021,11.579
2026-08-23 16:30:00,R2,2.652,1.113,4.162,3.045,0.826,9.146
2026-08-23 16:45:00,R1,2.835,1.18,5.394,4.29,0.987,11.85
2026-08-23 16:45:00,R2,2.581,0.837,4.683,4.025,0.902,10.448
2026-08-23 17:00:00,R1,2.534,0.996,5.238,4.376,0.993,11.603
2026-08-23 17:00:00,R2,2.77,0.934,4.273,4.075,0.843,10.126
2026-08-23 17:15:00,R1,3.413,1.166,5.595,4.129,0.997,11.886
2026-08-23 17:15:00,R2,3.018,1.202,4.598,3.472,0.798,10.069
2026-08-23 17:30:00,R1,3.059,1.098,5.471,4.779,0.805,12.153
2026-08-23 17:30:00,R2,2.471,0.938,4.52,3.815,0.951,10.224
2026-08-23 17:45:00,R1,2.798,1.213,5.514,4.174,1.013,11.914
2026-08-23 17:45:00,R2,2.919,0.904,4.601,3.459,0.879,9.843
2026-08-23 18:00:00,R1,3.119,0.992,5.559,4.126,0.817,11.494
2026-08-23 18:00:00,R2,2.758,0.715,4.509,3.616,0.962,9.802
2026-08-23 18:15:00,R1,2.594,1.048,5.418,4.498,0.969,11.932
2026-08-23 18:15:00,R2,2.784,0.918,3.991,3.804,0.929,9.642
2026-08-23 18:30:00,R1,3.16,1.126,5.451,4.19,0.905,11.671
2026-08-23 18:30:00,R2,2.639,1.154,4.61,3.526,0.939,10.23
2026-08-23 18:45:00,R1,2.992,1.253,4.835,4.239,0.958,11.286
2026-08-23 18:45:00,R2,2.362,0.967,4.449,3.724,0.897,10.037
2026-08-23 19:00:00,R1,3.386,1.162,5.049,4.554,0.919,11.683
2026-08-23 19:00:00,R2,2.394,1.047,4.654,3.855,0.771,10.328
2026-08-23 19:15:00,R1,2.98,1.054,5.648,4.05,0.959,11.711
2026-08-23 19:15:00,R2,2.956,1.088,4.179,4.165,0.877,10.308
2026-08-23 19:30:00,R1,2.999,1.164,5.171,4.211,0.938,11.484
2026-08-23 19:30:00,R2,2.709,0.966,4.311,3.85,0.771,9.898
2026-08-23 19:45:00,R1,3.007,0.974,5.052,4.256,1.088,11.369
2026-08-23 19:45:00,R2,2.449,1.091,4.924,4.076,0.864,10.955
2026-08-23 20:00:00,R1,2.927,1.279,4.918,3.92,0.886,11.002
2026-08-23 20:00:00,R2,2.42,0.936,4.218,3.465,0.892,9.511
2026-08-23 20:15:00,R1,2.969,1.157,5.154,4.207,1.09,11.607
2026-08-23 20:15:00,R2,2.568,1.171,4.568,3.759,1.014,10.512
2026-08-23 20:30:00,R1,3.119,1.103,5.015,4.444,0.893,11.455
2026-08-23 20:30:00,R2,2.508,1.102,3.919,3.995,0.855,9.871
2026-08-23 20:45:00,R1,2.629,1.075,5.043,4.747,0.831,11.696
2026-08-23 20:45:00,R2,2.579,0.987,4.485,3.413,0.938,9.822
2026-08-23 21:00:00,R1,2.797,1.097,5.105,4.508,1.053,11.763
2026-08-23 21:00:00,R2,2.363,1.136,4.646,3.656,0.961,10.4
2026-08-23 21:15:00,R1,2.9,0.976,4.89,3.89,1.18,10.936
2026-08-23 21:15:00,R2,2.588,1.101,5.073,4.182,0.84,11.197
2026-08-23 21:30:00,R1,3.04,1.301,5.27,3.92,0.987,11.478
2026-08-23 21:30:00,R2,2.396,1.097,4.604,3.697,0.819,10.217
2026-08-23 21:45:00,R1,2.915,1.065,5.523,4.388,0.717,11.693
2026-08-23 21:45:00,R2,2.488,0.963,4.752,3.765,0.867,10.348
2026-08-23 22:00:00,R1,3.353,1.18,5.2,3.994,0.954,11.329
2026-08-23 22:00:00,R2,2.683,1.076,4.493,3.657,0.849,10.076
2026-08-23 22:15:00,R1,3.416,0.984,4.765,4.123,0.909,10.781
2026-08-23 22:15:00,R2,2.878,1.191,4.797,3.722,0.847,10.558
2026-08-23 22:30:00,R1,2.928,1.204,5.618,4.375,0.931,12.129
2026-08-23 22:30:00,R2,2.623,1.12,4.326,3.815,0.877,10.138
2026-08-23 22:45:00,R1,3.122,1.283,5.5,4.219,0.907,11.91
2026-08-23 22:45:00,R2,2.65,1.151,4.772,4.062,0.831,10.816
2026-08-23 23:00:00,R1,2.962,1.247,5.475,4.399,0.89,12.01
2026-08-23 23:00:00,R2,2.845,0.952,4.806,3.549,0.958,10.264
2026-08-23 23:15:00,R1,3.141,1.266,5.652,3.948,0.926,11.792
2026-08-23 23:15:00,R2,2.559,0.89,4.18,3.532,0.956,9.558
2026-08-23 23:30:00,R1,3.104,1.085,5.104,4.148,1.04,11.377
2026-08-23 23:30:00,R2,2.402,0.906,4.849,4.298,0.916,10.97
2026-08-23 23:45:00,R1,3.171,1.155,5.739,3.956,1.015,11.865
2026-08-23 23:45:00,R2,2.43,1.129,4.568,4.233,0.97,10.901
2026-08-24 00:00:00,R1,3.264,1.215,5.066,4.309,0.944,11.534
2026-08-24 00:00:00,R2,2.694,1.094,4.555,3.965,0.907,10.522
2026-08-24 00:15:00,R1,3.027,1.088,5.123,4.002,0.936,11.15
2026-08-24 00:15:00,R2,2.492,1.098,4.589,3.667,0.91,10.264
2026-08-24 00:30:00,R1,3.222,1.379,5.612,4.491,1.057,12.54
2026-08-24 00:30:00,R2,2.667,1.174,4.847,3.647,0.799,10.467
2026-08-24 00:45:00,R1,2.635,1.237,5.078,4.414,0.988,11.717
2026-08-24 00:45:00,R2,2.31,0.912,4.679,3.843,0.997,10.431
2026-08-24 01:00:00,R1,3.077,1.235,5.001,4.578,0.92,11.735
2026-08-24 01:00:00,R2,2.575,1.109,4.886,4.053,0.898,10.947
2026-08-24 01:15:00,R1,2.865,1.083,5.111,4.2,0.88,11.274
2026-08-24 01:15:00,R2,2.631,1.026,4.616,4.045,0.984,10.672
2026-08-24 01:30:00,R1,3.308,1.117,5.447,3.886,0.905,11.356
2026-08-24 01:30:00,R2,2.634,0.956,4.553,3.814,0.817,10.14
2026-08-24 01:45:00,R1,2.676,1.037,5.062,4.548,1.04,11.686
2026-08-24 01:45:00,R2,2.331,1.139,4.194,3.779,0.846,9.958
2026-08-24 02:00:00,R1,2.757,1.043,5.409,4.168,0.839,11.458
2026-08-24 02:00:00,R2,2.578,0.953,3.903,3.659,0.965,9.479
2026-08-24 02:15:00,R1,2.774,1.095,5.199,4.211,0.953,11.459
2026-08-24 02:15:00,R2,2.978,0.85,4.12,3.587,0.77,9.328
2026-08-24 02:30:00,R1,2.933,1.088,4.613,3.919,0.902,10.522
2026-08-24 02:30:00,R2,2.327,0.926,4.221,3.568,0.865,9.579
2026-08-24 02:45:00,R1,2.901,0.934,4.876,4.372,1.018,11.2
2026-08-24 02:45:00,R2,2.983,1.232,4.474,3.547,0.828,10.081
2026-08-24 03:00:00,R1,3.15,1.34,5.357,4.247,1.14,12.084
2026-08-24 03:00:00,R2,2.724,1.017,3.955,3.672,0.914,9.558
2026-08-24 03:15:00,R1,2.991,1.08,5.496,4.278,0.909,11.762
2026-08-24 03:15:00,R2,2.974,1.198,4.193,3.476,1.108,9.975
2026-08-24 03:30:00,R1,2.757,1.106,5.144,3.958,0.943,11.151
2026-08-24 03:30:00,R2,2.593,1.198,4.489,4.085,0.819,10.592
2026-08-24 03:45:00,R1,3.266,1.056,5.106,4.085,0.871,11.117
2026-08-24 03:45:00,R2,2.922,1.118,4.141,3.405,0.783,9.447
2026-08-24 04:00:00,R1,3.142,1.346,4.984,4.61,1.074,12.014
2026-08-24 04:00:00,R2,2.841,1.041,4.609,3.96,0.959,10.57
2026-08-24 04:15:00,R1,3.305,1.178,5.081,4.122,1.009,11.39
2026-08-24 04:15:00,R2,2.535,1.035,4.584,3.757,0.935,10.311
2026-08-24 04:30:00,R1,2.586,1.164,4.954,4.556,1.019,11.693
2026-08-24 04:30:00,R2,2.533,1.096,4.333,3.701,0.895,10.026
2026-08-24 04:45:00,R1,2.822,0.994,4.791,4.44,0.931,11.156
2026-08-24 04:45:00,R2,2.839,0.962,4.538,3.541,0.997,10.037
2026-08-24 05:00:00,R1,3.083,1.224,5.152,3.923,0.855,11.154
2026-08-24 05:00:00,R2,2.704,0.944,4.258,3.475,0.807,9.483
2026-08-24 05:15:00,R1,3.063,0.963,5.372,3.908,1.052,11.295
2026-08-24 05:15:00,R2,2.46,1.108,4.142,3.688,0.818,9.755
2026-08-24 05:30:00,R1,3.406,1.313,5.631,4.178,0.972,12.093
2026-08-24 05:30:00,R2,2.599,1.408,4.301,3.739,0.828,10.276
2026-08-24 05:45:00,R1,2.899,1.128,5.97,4.2,0.942,12.239
2026-08-24 05:45:00,R2,2.683,1.135,4.916,4.037,0.892,10.981
2026-08-24 06:00:00,R1,3.221,1.145,5.478,4.482,0.978,12.083
2026-08-24 06:00:00,R2,2.682,0.932,4.265,3.494,0.913,9.604
2026-08-24 06:15:00,R1,2.929,1.158,4.697,4.249,0.881,10.984
2026-08-24 06:15:00,R2,2.509,1.109,4.448,3.958,1.095,10.61
2026-08-24 06:30:00,R1,3.071,1.114,5.265,4.443,0.899,11.72
2026-08-24 06:30:00,R2,2.257,1.106,4.395,3.673,0.831,10.005
2026-08-24 06:45:00,R1,3.033,1.26,5.031,4.001,0.962,11.255
2026-08-24 06:45:00,R2,2.623,1.101,4.564,3.861,0.787,10.314
2026-08-24 07:00:00,R1,3.084,1.192,5.364,4.033,0.88,11.468
2026-08-24 07:00:00,R2,2.524,1.206,4.596,3.241,0.879,9.922
2026-08-24 07:15:00,R1,3.137,1.255,5.117,4.559,0.976,11.906
2026-08-24 07:15:00,R2,2.502,1.008,4.384,3.518,0.804,9.714
2026-08-24 07:30:00,R1,2.965,1.076,5.454,4.18,1.07,11.78
2026-08-24 07:30:00,R2,2.077,1.001,3.81,3.728,1.072,9.611
2026-08-24 07:45:00,R1,2.948,1.142,5.417,4.154,0.926,11.64
2026-08-24 07:45:00,R2,2.263,0.924,5.044,3.709,0.842,10.519
2026-08-24 08:00:00,R1,3.044,1.028,5.136,4.408,0.888,11.46
2026-08-24 08:00:00,R2,3.017,0.905,4.587,4.33,1.079,10.901
2026-08-24 08:15:00,R1,2.853,1.082,4.855,4.129,1.06,11.126
2026-08-24 08:15:00,R2,2.623,1.007,4.747,3.915,1.031,10.7
2026-08-24 08:30:00,R1,3.01,1.212,4.728,4.146,0.913,10.999
2026-08-24 08:30:00,R2,2.411,1.062,4.696,3.99,0.93,10.677
2026-08-24 08:45:00,R1,3.068,1.109,4.889,4.477,0.891,11.366
2026-08-24 08:45:00,R2,2.854,0.924,4.277,4.197,0.8,10.198
2026-08-24 09:00:00,R1,2.836,1.458,4.777,3.934,0.84,11.009
2026-08-24 09:00:00,R2,2.83,1.063,4.732,3.844,0.886,10.525
2026-08-24 09:15:00,R1,3.208,1.245,5.034,4.642,0.84,11.76
2026-08-24 09:15:00,R2,2.656,1.101,4.666,3.938,0.715,10.42
2026-08-24 09:30:00,R1,3.369,1.157,5.45,4.322,0.803,11.733
2026-08-24 09:30:00,R2,2.379,0.972,4.537,3.815,0.998,10.321
2026-08-24 09:45:00,R1,3.012,1.105,5.258,3.963,0.764,11.09
2026-08-24 09:45:00,R2,2.316,0.889,4.294,3.632,0.952,9.767
2026-08-24 10:00:00,R1,2.957,1.226,4.81,3.996,1.024,11.055
2026-08-24 10:00:00,R2,2.533,1.251,4.656,3.574,0.919,10.398
2026-08-24 10:15:00,R1,3.142,1.285,5.417,4.236,0.961,11.899
2026-08-24 10:15:00,R2,2.62,1.057,4.45,3.613,1.037,10.157
2026-08-24 10:30:00,R1,3.091,1.022,4.998,4.309,1.109,11.438
2026-08-24 10:30:00,R2,2.192,0.876,4.732,4.274,1.131,11.013
2026-08-24 10:45:00,R1,2.85,1.047,5.511,5.019,0.955,12.533
2026-08-24 10:45:00,R2,2.655,0.95,4.58,3.62,0.938,10.088
2026-08-24 11:00:00,R1,3.016,0.898,4.967,4.363,1.066,11.294
2026-08-24 11:00:00,R2,2.141,0.985,4.452,3.624,0.829,9.89
2026-08-24 11:15:00,R1,2.704,1.259,5.013,4.42,0.98,11.671
2026-08-24 11:15:00,R2,2.381,1.168,4.007,3.669,0.861,9.705
2026-08-24 11:30:00,R1,3.058,1.162,5.298,4.269,0.791,11.519
2026-08-24 11:30:00,R2,2.136,0.956,4.335,3.661,1.012,9.965
2026-08-24 11:45:00,R1,3.081,1.173,5.327,4.224,0.833,11.558
2026-08-24 11:45:00,R2,2.364,1.041,4.344,3.845,0.825,10.055
2026-08-24 12:00:00,R1,2.833,1.062,5.359,3.741,0.837,10.999
2026-08-24 12:00:00,R2,2.292,0.948,4.29,3.979,1.069,10.287
2026-08-24 12:15:00,R1,3.257,0.995,5.509,4.369,0.891,11.764
2026-08-24 12:15:00,R2,2.74,1.237,4.566,3.978,0.951,10.732
2026-08-24 12:30:00,R1,3.095,0.999,4.805,4.591,1.047,11.442
2026-08-24 12:30:00,R2,2.661,1.073,4.3,3.791,0.906,10.069
2026-08-24 12:45:00,R1,3.319,1.282,4.871,3.881,0.932,10.966
2026-08-24 12:45:00,R2,2.786,1.187,4.588,3.726,0.967,10.468
2026-08-24 13:00:00,R1,2.983,1.207,5.496,3.775,0.877,11.354
2026-08-24 13:00:00,R2,2.562,1.161,4.473,3.926,1.03,10.59
2026-08-24 13:15:00,R1,3.112,1.106,5.87,4.4,0.856,12.233
2026-08-24 13:15:00,R2,2.533,1.024,4.987,4.117,1.0,11.129
2026-08-24 13:30:00,R1,2.86,1.216,4.821,4.44,0.908,11.385
2026-08-24 13:30:00,R2,2.48,0.98,4.749,3.504,0.866,10.099
2026-08-24 13:45:00,R1,3.446,0.943,4.946,4.466,0.977,11.332
2026-08-24 13:45:00,R2,2.436,1.028,4.747,3.788,0.849,10.412
2026-08-24 14:00:00,R1,2.957,1.272,5.064,4.213,0.922,11.47
2026-08-24 14:00:00,R2,2.977,1.0,4.567,3.836,1.059,10.462
2026-08-24 14:15:00,R1,3.062,1.136,4.782,4.61,1.135,11.664
2026-08-24 14:15:00,R2,2.06,1.227,4.529,4.044,0.842,10.642
2026-08-24 14:30:00,R1,2.864,1.239,5.017,3.962,0.845,11.063
2026-08-24 14:30:00,R2,2.847,1.296,4.425,3.842,0.886,10.449
2026-08-24 14:45:00,R1,2.668,1.266,4.677,4.733,0.864,11.54
2026-08-24 14:45:00,R2,2.437,1.131,4.16,4.139,0.795,10.225
2026-08-24 15:00:00,R1,3.01,1.195,5.373,4.081,0.852,11.502
2026-08-24 15:00:00,R2,2.63,1.071,4.633,3.693,0.949,10.346
2026-08-24 15:15:00,R1,2.905,0.803,5.252,4.246,1.066,11.366
2026-08-24 15:15:00,R2,2.156,1.113,4.439,3.342,0.868,9.762
2026-08-24 15:30:00,R1,2.987,1.087,4.489,4.164,0.968,10.708
2026-08-24 15:30:00,R2,2.178,1.06,3.918,3.797,0.834,9.609
2026-08-24 15:45:00,R1,2.819,1.155,5.253,4.748,0.9,12.056
2026-08-24 15:45:00,R2,2.816,0.975,4.109,4.151,0.985,10.22
2026-08-24 16:00:00,R1,2.945,1.177,4.61,4.234,0.92,10.941
2026-08-24 16:00:00,R2,2.753,1.148,4.647,3.772,0.955,10.522
2026-08-24 16:15:00,R1,3.618,1.144,4.819,4.438,0.996,11.397
2026-08-24 16:15:00,R2,2.539,0.922,4.517,4.313,0.896,10.649
2026-08-24 16:30:00,R1,3.093,1.347,5.274,3.732,0.967,11.32
2026-08-24 16:30:00,R2,2.871,0.999,3.912,3.945,0.93,9.786
2026-08-24 16:45:00,R1,2.862,1.29,5.177,4.168,0.932,11.567
2026-08-24 16:45:00,R2,2.386,1.111,4.918,3.756,0.928,10.714
2026-08-24 17:00:00,R1,2.912,1.1,5.067,3.928,0.951,11.047
2026-08-24 17:00:00,R2,2.429,0.922,4.552,3.966,0.871,10.311
2026-08-24 17:15:00,R1,2.759,1.201,5.374,4.036,1.025,11.637
2026-08-24 17:15:00,R2,2.396,1.027,5.277,3.575,0.954,10.833
2026-08-24 17:30:00,R1,3.11,1.179,4.907,4.438,0.889,11.414
2026-08-24 17:30:00,R2,2.251,1.083,4.523,3.87,0.891,10.368
2026-08-24 17:45:00,R1,2.687,1.083,5.465,4.056,0.933,11.537
2026-08-24 17:45:00,R2,2.368,1.051,4.09,3.346,0.88,9.367
2026-08-24 18:00:00,R1,3.298,1.021,5.61,4.031,0.909,11.57
2026-08-24 18:00:00,R2,2.581,1.04,4.645,3.593,0.938,10.215
2026-08-24 18:15:00,R1,2.647,1.452,5.416,4.5,0.892,12.26
2026-08-24 18:15:00,R2,2.59,0.925,4.592,4.168,0.896,10.581
2026-08-24 18:30:00,R1,2.8,1.095,5.348,4.699,0.951,12.093
2026-08-24 18:30:00,R2,2.929,1.2,4.65,4.332,0.867,11.049
2026-08-24 18:45:00,R1,3.059,1.018,5.075,4.686,0.979,11.758
2026-08-24 18:45:00,R2,2.24,0.908,4.563,3.748,0.972,10.192
2026-08-24 19:00:00,R1,3.285,0.989,5.718,4.239,0.896,11.843
2026-08-24 19:00:00,R2,2.632,0.936,4.488,3.757,0.867,10.048
2026-08-24 19:15:00,R1,3.281,1.163,5.392,4.016,1.13,11.701
2026-08-24 19:15:00,R2,2.551,1.175,4.758,3.739,0.848,10.52
2026-08-24 19:30:00,R1,2.894,1.08,5.192,4.221,1.062,11.556
2026-08-24 19:30:00,R2,2.208,1.173,4.887,3.937,0.801,10.798
2026-08-24 19:45:00,R1,3.011,1.252,4.442,4.226,0.998,10.918
2026-08-24 19:45:00,R2,2.722,1.06,4.713,3.875,0.905,10.554
2026-08-24 20:00:00,R1,2.642,1.065,4.93,3.899,0.967,10.861
2026-08-24 20:00:00,R2,2.337,1.042,4.835,3.747,0.92,10.543
2026-08-24 20:15:00,R1,2.878,1.137,4.969,4.21,0.959,11.275
2026-08-24 20:15:00,R2,2.818,1.009,4.545,3.7,0.791,10.045
2026-08-24 20:30:00,R1,3.14,1.197,5.421,4.138,0.955,11.712
2026-08-24 20:30:00,R2,2.57,1.032,4.331,3.866,0.705,9.933
2026-08-24 20:45:00,R1,3.2,1.224,5.196,4.468,0.921,11.809
2026-08-24 20:45:00,R2,2.722,1.008,4.743,3.832,0.789,10.371
2026-08-24 21:00:00,R1,3.126,1.229,5.089,4.52,0.919,11.756
2026-08-24 21:00:00,R2,2.481,1.219,4.095,3.251,0.982,9.547
2026-08-24 21:15:00,R1,2.747,1.341,5.377,4.246,1.005,11.969
2026-08-24 21:15:00,R2,2.581,0.881,4.517,3.732,0.97,10.099
2026-08-24 21:30:00,R1,3.171,1.109,5.008,4.169,1.013,11.298
2026-08-24 21:30:00,R2,2.397,1.189,4.625,3.664,0.9,10.379
2026-08-24 21:45:00,R1,3.073,1.121,5.591,4.393,0.945,12.05
2026-08-24 21:45:00,R2,2.328,1.063,4.639,3.896,0.995,10.592
2026-08-24 22:00:00,R1,3.531,1.003,5.292,4.142,0.895,11.331
2026-08-24 22:00:00,R2,3.135,1.065,4.907,3.639,1.072,10.684
2026-08-24 22:15:00,R1,3.047,1.23,5.271,3.872,0.979,11.351
2026-08-24 22:15:00,R2,2.343,0.998,4.787,3.561,0.883,10.229
2026-08-24 22:30:00,R1,3.4,1.22,5.211,4.43,0.969,11.83
2026-08-24 22:30:00,R2,2.557,1.006,4.943,3.641,0.911,10.5
2026-08-24 22:45:00,R1,2.923,1.19,5.429,4.605,0.911,12.135
2026-08-24 22:45:00,R2,3.16,1.156,5.035,3.767,0.868,10.827
2026-08-24 23:00:00,R1,3.09,0.886,5.464,4.456,0.927,11.734
2026-08-24 23:00:00,R2,2.417,1.125,4.507,3.363,0.91,9.905
2026-08-24 23:15:00,R1,3.236,1.066,5.433,3.876,0.97,11.345
2026-08-24 23:15:00,R2,2.851,0.997,4.384,3.984,0.88,10.245
2026-08-24 23:30:00,R1,2.962,0.985,5.001,4.477,0.921,11.385
2026-08-24 23:30:00,R2,2.619,1.163,4.714,3.519,0.975,10.372
2026-08-24 23:45:00,R1,3.232,1.046,5.49,4.254,1.085,11.876
2026-08-24 23:45:00,R2,2.061,1.104,4.208,3.666,1.009,9.988
2026-08-25 00:00:00,R1,3.079,1.172,5.692,4.406,1.107,12.376
2026-08-25 00:00:00,R2,2.808,0.977,4.632,3.553,0.953,10.115
2026-08-25 00:15:00,R1,3.168,1.174,5.177,4.079,0.972,11.403
2026-08-25 00:15:00,R2,2.882,0.91,4.483,3.469,0.987,9.849
2026-08-25 00:30:00,R1,2.961,1.207,5.189,4.196,0.973,11.565
2026-08-25 00:30:00,R2,2.437,1.148,4.699,3.663,0.967,10.476
2026-08-25 00:45:00,R1,3.177,1.009,5.018,4.248,1.076,11.351
2026-08-25 00:45:00,R2,2.556,0.99,4.646,3.673,0.993,10.302
2026-08-25 01:00:00,R1,3.009,1.197,5.368,4.248,0.908,11.721
2026-08-25 01:00:00,R2,2.742,0.893,3.706,3.756,0.681,9.035
2026-08-25 01:15:00,R1,3.019,1.07,5.471,4.425,0.928,11.894
2026-08-25 01:15:00,R2,2.377,1.041,4.214,4.204,1.048,10.507
2026-08-25 01:30:00,R1,2.79,1.202,5.16,4.15,0.871,11.383
2026-08-25 01:30:00,R2,2.682,1.078,4.909,3.916,0.93,10.833
2026-08-25 01:45:00,R1,2.517,1.14,5.23,4.679,0.834,11.883
2026-08-25 01:45:00,R2,2.476,1.153,4.298,4.025,0.866,10.342
2026-08-25 02:00:00,R1,2.763,1.127,4.948,4.834,0.828,11.737
2026-08-25 02:00:00,R2,2.497,0.895,4.486,3.665,0.931,9.977
2026-08-25 02:15:00,R1,2.871,1.249,5.463,4.6,0.957,12.269
2026-08-25 02:15:00,R2,2.478,1.07,4.474,3.336,0.887,9.767
2026-08-25 02:30:00,R1,2.992,1.136,5.393,4.167,0.866,11.561
2026-08-25 02:30:00,R2,2.648,1.109,4.396,3.613,0.913,10.032
2026-08-25 02:45:00,R1,2.895,1.156,5.792,4.25,0.926,12.124
2026-08-25 02:45:00,R2,2.683,1.141,3.996,3.334,0.976,9.446
2026-08-25 03:00:00,R1,2.836,1.205,5.323,4.045,1.047,11.621
2026-08-25 03:00:00,R2,2.784,0.944,4.18,3.65,0.957,9.731
2026-08-25 03:15:00,R1,3.241,1.175,5.571,4.128,0.928,11.802
2026-08-25 03:15:00,R2,2.734,1.041,4.663,4.06,0.958,10.723
2026-08-25 03:30:00,R1,2.908,1.019,5.447,4.588,0.919,11.972
2026-08-25 03:30:00,R2,2.434,0.953,4.537,3.669,0.875,10.033
2026-08-25 03:45:00,R1,2.645,1.115,5.246,4.148,0.903,11.413
2026-08-25 03:45:00,R2,2.924,0.879,4.797,3.997,0.738,10.411
2026-08-25 04:00:00,R1,2.85,1.116,5.384,4.827,0.816,12.144
2026-08-25 04:00:00,R2,2.807,1.124,4.115,4.039,0.896,10.174
2026-08-25 04:15:00,R1,2.642,1.093,5.186,4.55,1.001,11.83
2026-08-25 04:15:00,R2,2.615,0.832,4.488,4.015,0.863,10.198
2026-08-25 04:30:00,R1,3.001,1.15,5.097,4.21,1.061,11.518
2026-08-25 04:30:00,R2,2.815,1.179,4.423,3.66,0.867,10.131
2026-08-25 04:45:00,R1,3.043,1.186,5.271,4.123,1.012,11.593
2026-08-25 04:45:00,R2,2.773,1.109,4.212,3.709,0.855,9.885
2026-08-25 05:00:00,R1,3.096,1.193,5.306,4.294,0.922,11.715
2026-08-25 05:00:00,R2,2.604,1.2,4.187,3.718,0.834,9.938
2026-08-25 05:15:00,R1,3.198,1.09,5.63,3.816,0.731,11.267
2026-08-25 05:15:00,R2,2.526,1.087,4.517,3.801,0.826,10.231
2026-08-25 05:30:00,R1,2.613,1.22,5.033,3.781,1.026,11.06
2026-08-25 05:30:00,R2,2.362,1.06,4.582,3.622,0.83,10.093
2026-08-25 05:45:00,R1,2.841,1.011,4.856,4.547,1.055,11.469
2026-08-25 05:45:00,R2,2.259,0.997,4.216,3.935,0.918,10.066
2026-08-25 06:00:00,R1,3.601,1.081,5.126,4.545,1.025,11.776
2026-08-25 06:00:00,R2,2.684,1.074,4.559,3.989,0.755,10.377
2026-08-25 06:15:00,R1,3.295,1.086,5.48,4.704,0.805,12.074
2026-08-25 06:15:00,R2,2.687,0.956,4.717,4.083,0.71,10.466
2026-08-25 06:30:00,R1,3.105,1.129,4.752,4.584,0.961,11.427
2026-08-25 06:30:00,R2,2.321,0.953,4.403,3.887,0.962,10.205
2026-08-25 06:45:00,R1,3.187,1.005,5.247,4.091,0.952,11.296
2026-08-25 06:45:00,R2,2.673,0.864,4.314,3.436,0.976,9.589
2026-08-25 07:00:00,R1,3.058,1.174,5.665,4.091,0.93,11.859
2026-08-25 07:00:00,R2,2.819,1.071,4.707,3.977,0.945,10.7
2026-08-25 07:15:00,R1,2.921,1.24,5.761,4.281,0.947,12.229
2026-08-25 07:15:00,R2,2.729,1.115,5.371,4.209,0.948,11.644
2026-08-25 07:30:00,R1,2.767,1.043,5.594,4.336,0.978,11.951
2026-08-25 07:30:00,R2,2.219,1.068,4.777,3.676,0.878,10.398
2026-08-25 07:45:00,R1,2.913,0.971,5.205,4.159,0.927,11.262
2026-08-25 07:45:00,R2,2.858,1.038,4.788,3.638,0.895,10.359
2026-08-25 08:00:00,R1,2.813,1.15,5.224,4.354,0.959,11.687
2026-08-25 08:00:00,R2,2.586,0.944,4.216,3.913,0.8,9.874
2026-08-25 08:15:00,R1,3.324,1.23,5.609,4.349,0.824,12.013
2026-08-25 08:15:00,R2,2.407,1.069,4.323,3.68,0.912,9.985
2026-08-25 08:30:00,R1,2.986,1.306,4.965,4.187,0.991,11.45
2026-08-25 08:30:00,R2,2.95,0.947,4.395,3.803,0.905,10.051
2026-08-25 08:45:00,R1,3.461,1.173,5.121,4.486,0.759,11.538
2026-08-25 08:45:00,R2,2.829,1.041,4.697,4.115,0.874,10.728
2026-08-25 09:00:00,R1,3.159,0.937,5.395,4.833,0.87,12.035
2026-08-25 09:00:00,R2,2.327,1.157,4.241,3.645,0.971,10.014
2026-08-25 09:15:00,R1,3.088,1.072,5.196,4.256,1.089,11.613
2026-08-25 09:15:00,R2,2.658,1.156,4.447,3.018,1.02,9.641
2026-08-25 09:30:00,R1,2.913,1.214,5.143,4.647,0.908,11.912
2026-08-25 09:30:00,R2,2.977,0.87,4.557,4.128,0.917,10.473
2026-08-25 09:45:00,R1,3.479,1.151,5.545,3.886,0.926,11.509
2026-08-25 09:45:00,R2,2.667,1.083,3.969,3.893,0.823,9.769
2026-08-25 10:00:00,R1,3.339,1.266,5.079,4.249,1.006,11.6
2026-08-25 10:00:00,R2,2.579,1.158,4.598,3.914,0.947,10.616
2026-08-25 10:15:00,R1,3.196,1.12,5.579,4.477,1.054,12.231
2026-08-25 10:15:00,R2,2.872,1.035,4.283,4.075,0.861,10.253
2026-08-25 10:30:00,R1,3.647,1.042,5.384,4.27,0.956,11.652
2026-08-25 10:30:00,R2,2.563,1.186,4.375,3.522,0.882,9.966
2026-08-25 10:45:00,R1,2.971,1.285,5.088,4.37,0.917,11.66
2026-08-25 10:45:00,R2,2.186,1.03,3.711,3.857,0.84,9.438
2026-08-25 11:00:00,R1,2.721,1.313,5.248,4.742,0.819,12.121
2026-08-25 11:00:00,R2,2.176,1.003,4.361,3.567,1.057,9.988
2026-08-25 11:15:00,R1,2.861,1.233,5.039,4.453,0.884,11.608
2026-08-25 11:15:00,R2,2.384,1.155,4.908,3.841,0.861,10.765
2026-08-25 11:30:00,R1,3.123,0.998,5.093,4.126,1.039,11.256
2026-08-25 11:30:00,R2,2.829,1.142,5.086,3.892,0.967,11.088
2026-08-25 11:45:00,R1,3.188,1.256,5.23,4.283,0.935,11.704
2026-08-25 11:45:00,R2,2.844,0.994,4.389,3.97,0.964,10.317
2026-08-25 12:00:00,R1,2.882,1.133,4.809,4.376,0.943,11.261
2026-08-25 12:00:00,R2,2.639,1.068,4.601,4.231,1.004,10.903
2026-08-25 12:15:00,R1,2.763,1.141,4.919,4.207,0.986,11.251
2026-08-25 12:15:00,R2,2.808,1.006,4.848,3.396,0.724,9.975
2026-08-25 12:30:00,R1,2.963,1.078,5.288,4.504,0.944,11.815
2026-08-25 12:30:00,R2,2.491,0.996,4.116,3.757,0.824,9.693
2026-08-25 12:45:00,R1,2.953,1.283,5.175,4.474,0.945,11.878
2026-08-25 12:45:00,R2,2.555,1.063,4.785,3.456,0.974,10.279
2026-08-25 13:00:00,R1,3.026,1.176,4.812,4.152,0.955,11.094
2026-08-25 13:00:00,R2,3.014,1.179,4.533,3.954,1.016,10.682
2026-08-25 13:15:00,R1,2.918,1.171,5.546,4.374,0.934,12.025
2026-08-25 13:15:00,R2,2.588,0.987,4.709,3.866,0.958,10.521
2026-08-25 13:30:00,R1,3.256,1.266,5.129,3.878,1.063,11.336
2026-08-25 13:30:00,R2,2.35,1.112,4.556,3.603,0.826,10.098
2026-08-25 13:45:00,R1,3.04,1.22,5.572,4.923,0.92,12.634
2026-08-25 13:45:00,R2,2.566,1.072,4.451,3.887,0.796,10.206
2026-08-25 14:00:00,R1,3.692,1.08,5.574,4.46,0.988,12.103
2026-08-25 14:00:00,R2,3.14,1.058,4.689,4.215,0.899,10.861
2026-08-25 14:15:00,R1,2.902,0.842,5.402,4.373,0.999,11.616
2026-08-25 14:15:00,R2,2.804,1.049,4.351,3.876,0.94,10.216
2026-08-25 14:30:00,R1,3.272,1.115,5.043,4.557,0.873,11.587
2026-08-25 14:30:00,R2,2.695,1.016,5.501,3.682,0.866,11.065
2026-08-25 14:45:00,R1,3.004,1.06,5.251,3.858,1.071,11.241
2026-08-25 14:45:00,R2,2.547,1.052,4.925,4.207,0.93,11.114
2026-08-25 15:00:00,R1,2.754,1.326,5.167,4.354,1.072,11.919
2026-08-25 15:00:00,R2,2.837,1.279,4.889,3.793,0.711,10.672
2026-08-25 15:15:00,R1,3.034,1.215,5.267,4.56,1.0,12.042
2026-08-25 15:15:00,R2,2.724,1.106,4.463,3.866,0.979,10.415
2026-08-25 15:30:00,R1,2.965,0.963,5.26,4.336,1.03,11.588
2026-08-25 15:30:00,R2,2.554,1.258,4.42,3.624,0.837,10.139
2026-08-25 15:45:00,R1,3.343,1.32,5.684,4.36,0.842,12.207
2026-08-25 15:45:00,R2,2.36,1.03,4.202,3.679,0.896,9.807
2026-08-25 16:00:00,R1,2.947,1.22,5.364,4.448,0.988,12.019
2026-08-25 16:00:00,R2,2.698,0.883,4.883,3.982,0.987,10.735
2026-08-25 16:15:00,R1,3.186,1.044,5.157,4.027,0.952,11.18
2026-08-25 16:15:00,R2,2.458,1.247,4.354,4.03,0.853,10.485
2026-08-25 16:30:00,R1,3.013,1.147,5.093,4.333,1.023,11.596
2026-08-25 16:30:00,R2,2.581,0.953,4.162,3.743,0.889,9.747
2026-08-25 16:45:00,R1,2.717,1.135,5.495,4.175,0.953,11.757
2026-08-25 16:45:00,R2,2.684,0.999,4.628,3.899,0.845,10.371
2026-08-25 17:00:00,R1,3.306,1.309,5.118,3.71,0.834,10.971
2026-08-25 17:00:00,R2,2.824,1.064,5.194,3.942,0.901,11.1
2026-08-25 17:15:00,R1,2.912,1.283,4.757,4.284,1.023,11.347
2026-08-25 17:15:00,R2,2.486,1.117,4.493,3.855,0.852,10.316
2026-08-25 17:30:00,R1,3.165,1.088,5.04,4.775,0.89,11.792
2026-08-25 17:30:00,R2,2.855,1.062,4.531,3.947,0.971,10.511
2026-08-25 17:45:00,R1,3.065,1.241,5.231,4.355,1.026,11.853
2026-08-25 17:45:00,R2,2.599,1.071,4.52,4.294,0.907,10.793
2026-08-25 18:00:00,R1,2.886,1.398,5.18,4.335,0.906,11.819
2026-08-25 18:00:00,R2,2.521,0.759,4.864,3.76,0.813,10.197
2026-08-25 18:15:00,R1,2.797,1.173,5.225,3.884,0.898,11.18
2026-08-25 18:15:00,R2,2.911,1.002,4.08,3.764,0.927,9.773
2026-08-25 18:30:00,R1,2.674,1.155,5.484,3.913,0.901,11.452
2026-08-25 18:30:00,R2,2.631,1.121,4.157,3.736,0.67,9.684
2026-08-25 18:45:00,R1,3.028,1.164,5.289,4.213,0.919,11.585
2026-08-25 18:45:00,R2,2.746,1.116,4.726,4.195,0.792,10.829
2026-08-25 19:00:00,R1,2.817,1.044,5.109,4.163,0.971,11.287
2026-08-25 19:00:00,R2,2.584,0.848,4.41,4.352,1.013,10.623
2026-08-25 19:15:00,R1,3.063,1.091,5.764,3.94,0.902,11.696
2026-08-25 19:15:00,R2,2.498,1.062,4.241,3.872,0.963,10.138
2026-08-25 19:30:00,R1,3.204,1.15,5.317,4.343,0.966,11.777
2026-08-25 19:30:00,R2,2.628,1.114,4.426,3.765,0.932,10.237
2026-08-25 19:45:00,R1,3.363,1.161,5.208,4.627,0.92,11.917
2026-08-25 19:45:00,R2,2.345,0.987,3.88,4.165,0.784,9.815
2026-08-25 20:00:00,R1,3.238,1.276,5.487,4.191,0.88,11.834
2026-08-25 20:00:00,R2,2.716,1.075,4.149,4.076,0.796,10.097
2026-08-25 20:15:00,R1,2.963,1.244,5.412,4.404,1.043,12.103
2026-08-25 20:15:00,R2,2.535,0.846,4.317,3.684,0.954,9.8
2026-08-25 20:30:00,R1,3.136,1.281,5.103,4.054,0.834,11.272
2026-08-25 20:30:00,R2,2.907,0.934,3.858,3.455,0.82,9.067
2026-08-25 20:45:00,R1,2.984,1.327,4.717,4.297,0.88,11.221
2026-08-25 20:45:00,R2,2.641,1.037,4.383,3.67,0.942,10.032
2026-08-25 21:00:00,R1,2.865,1.135,5.125,4.512,1.033,11.805
2026-08-25 21:00:00,R2,2.721,0.927,4.498,3.679,0.853,9.957
2026-08-25 21:15:00,R1,3.148,1.111,5.023,4.367,0.963,11.463
2026-08-25 21:15:00,R2,2.711,1.109,4.167,3.615,1.007,9.897
2026-08-25 21:30:00,R1,2.979,0.996,5.351,4.688,0.837,11.872
2026-08-25 21:30:00,R2,2.648,0.92,4.319,3.882,0.914,10.035
2026-08-25 21:45:00,R1,3.349,1.16,5.111,3.686,0.902,10.859
2026-08-25 21:45:00,R2,2.748,1.107,4.536,3.744,0.89,10.278
2026-08-25 22:00:00,R1,3.272,1.167,5.133,4.376,1.063,11.74
2026-08-25 22:00:00,R2,2.895,1.006,4.771,3.49,0.93,10.197
2026-08-25 22:15:00,R1,2.949,1.125,4.76,4.482,0.872,11.239
2026-08-25 22:15:00,R2,2.884,1.036,4.4,3.96,0.976,10.371
2026-08-25 22:30:00,R1,2.794,1.122,5.078,4.436,0.906,11.542
2026-08-25 22:30:00,R2,2.677,0.938,4.894,3.939,1.061,10.831
2026-08-25 22:45:00,R1,3.036,1.239,5.486,4.264,0.964,11.953
2026-08-25 22:45:00,R2,2.419,1.136,4.186,3.595,0.993,9.91
2026-08-25 23:00:00,R1,2.836,1.153,5.174,4.407,0.961,11.695
2026-08-25 23:00:00,R2,2.661,0.806,4.581,3.786,0.871,10.044
2026-08-25 23:15:00,R1,2.612,1.079,5.713,4.064,0.873,11.729
2026-08-25 23:15:00,R2,3.091,1.067,4.915,3.993,0.866,10.84
2026-08-25 23:30:00,R1,2.879,1.108,5.43,4.398,0.931,11.866
2026-08-25 23:30:00,R2,2.383,1.066,4.738,3.476,0.819,10.1
2026-08-25 23:45:00,R1,2.816,1.098,5.438,4.085,0.892,11.513
2026-08-25 23:45:00,R2,2.441,0.953,4.329,4.006,0.927,10.215
2026-08-26 00:00:00,R1,3.142,1.233,5.416,4.071,1.048,11.768
2026-08-26 00:00:00,R2,2.539,0.907,4.445,3.898,0.858,10.108
2026-08-26 00:15:00,R1,3.14,1.144,5.169,4.109,0.992,11.414
2026-08-26 00:15:00,R2,2.625,0.883,4.297,3.895,0.877,9.952
2026-08-26 00:30:00,R1,3.265,1.107,5.418,4.169,1.049,11.743
2026-08-26 00:30:00,R2,2.544,0.967,4.8,3.78,1.038,10.586
2026-08-26 00:45:00,R1,3.02,1.165,5.013,4.254,1.041,11.474
2026-08-26 00:45:00,R2,2.45,1.056,4.19,3.98,0.756,9.982
2026-08-26 01:00:00,R1,3.055,1.001,4.777,4.265,0.995,11.038
2026-08-26 01:00:00,R2,2.542,0.961,4.274,3.817,0.945,9.997
2026-08-26 01:15:00,R1,2.909,1.013,4.645,4.564,0.952,11.174
2026-08-26 01:15:00,R2,2.606,1.02,4.238,4.036,0.93,10.224
2026-08-26 01:30:00,R1,2.792,1.114,5.636,4.292,0.893,11.935
2026-08-26 01:30:00,R2,2.439,1.08,4.736,3.499,0.879,10.194
2026-08-26 01:45:00,R1,2.939,1.096,5.779,4.214,0.967,12.056
2026-08-26 01:45:00,R2,2.634,1.133,4.13,3.591,0.968,9.822
2026-08-26 02:00:00,R1,3.227,1.301,5.377,4.549,1.088,12.315
2026-08-26 02:00:00,R2,2.754,1.044,4.358,3.947,0.837,10.185
2026-08-26 02:15:00,R1,3.3,1.048,5.332,4.075,0.91,11.366
2026-08-26 02:15:00,R2,2.629,1.139,5.052,3.366,0.924,10.481
2026-08-26 02:30:00,R1,2.936,1.16,4.923,4.666,0.951,11.7
2026-08-26 02:30:00,R2,2.331,0.884,3.911,3.864,0.817,9.476
2026-08-26 02:45:00,R1,2.951,1.077,5.24,4.155,0.936,11.408
2026-08-26 02:45:00,R2,2.3,0.935,4.958,3.633,0.9,10.426
2026-08-26 03:00:00,R1,3.305,1.066,4.998,4.135,0.844,11.043
2026-08-26 03:00:00,R2,2.928,1.053,4.613,3.514,0.915,10.095
2026-08-26 03:15:00,R1,2.783,1.125,5.59,4.174,1.005,11.895
2026-08-26 03:15:00,R2,1.966,0.975,4.399,4.002,0.81,10.186
2026-08-26 03:30:00,R1,3.03,1.046,4.962,4.241,0.979,11.229
2026-08-26 03:30:00,R2,2.591,0.963,4.596,3.356,1.021,9.935
2026-08-26 03:45:00,R1,3.186,1.063,5.784,4.405,0.65,11.901
2026-08-26 03:45:00,R2,2.615,0.996,4.2,3.847,0.927,9.97
2026-08-26 04:00:00,R1,2.999,1.124,5.19,3.974,1.087,11.376
2026-08-26 04:00:00,R2,2.473,1.164,4.409,4.127,0.968,10.668
2026-08-26 04:15:00,R1,3.001,1.061,5.1,4.246,1.002,11.409
2026-08-26 04:15:00,R2,2.635,1.116,4.197,3.643,0.959,9.916
2026-08-26 04:30:00,R1,2.758,1.106,4.788,4.256,0.955,11.105
2026-08-26 04:30:00,R2,2.513,1.107,4.247,3.478,0.774,9.606
2026-08-26 04:45:00,R1,3.061,1.293,5.022,4.715,0.856,11.886
2026-08-26 04:45:00,R2,2.5,0.936,4.69,4.029,0.729,10.383
2026-08-26 05:00:00,R1,2.916,1.124,5.455,3.74,1.107,11.425
2026-08-26 05:00:00,R2,2.57,1.059,4.317,3.975,0.868,10.219
2026-08-26 05:15:00,R1,3.153,1.174,5.017,4.046,0.922,11.159
2026-08-26 05:15:00,R2,2.611,1.089,4.223,3.33,0.93,9.572
2026-08-26 05:30:00,R1,2.991,1.084,5.279,4.419,1.06,11.842
2026-08-26 05:30:00,R2,2.467,1.168,4.191,3.641,0.887,9.887
2026-08-26 05:45:00,R1,2.839,1.258,5.494,4.25,0.72,11.722
2026-08-26 05:45:00,R2,2.879,0.948,4.081,3.837,1.031,9.896
2026-08-26 06:00:00,R1,3.246,1.204,4.91,4.012,0.86,10.987
2026-08-26 06:00:00,R2,3.165,1.06,4.329,3.406,0.739,9.533
2026-08-26 06:15:00,R1,3.048,1.154,5.021,4.338,0.844,11.357
2026-08-26 06:15:00,R2,3.13,1.158,4.621,3.412,0.896,10.087
2026-08-26 06:30:00,R1,2.938,1.087,5.002,4.533,0.788,11.41
2026-08-26 06:30:00,R2,2.343,1.097,4.911,3.997,0.937,10.941
2026-08-26 06:45:00,R1,2.809,0.977,4.556,4.076,0.945,10.555
2026-08-26 06:45:00,R2,2.603,1.12,4.858,3.672,0.86,10.51
2026-08-26 07:00:00,R1,2.699,1.184,4.7,4.276,1.041,11.201
2026-08-26 07:00:00,R2,2.547,0.969,4.536,3.399,0.892,9.796
2026-08-26 07:15:00,R1,3.133,1.188,5.106,4.613,0.92,11.826
2026-08-26 07:15:00,R2,2.747,1.113,4.381,4.089,0.841,10.424
2026-08-26 07:30:00,R1,2.863,1.289,5.445,4.293,0.994,12.021
2026-08-26 07:30:00,R2,2.676,1.241,4.504,3.754,0.925,10.423
2026-08-26 07:45:00,R1,2.941,1.14,5.596,4.387,0.889,12.013
2026-08-26 07:45:00,R2,2.655,1.125,4.408,3.639,0.837,10.009
2026-08-26 08:00:00,R1,2.843,1.262,5.107,4.172,0.948,11.49
2026-08-26 08:00:00,R2,2.538,1.113,4.642,3.648,1.004,10.407
2026-08-26 08:15:00,R1,3.111,1.08,5.468,4.339,1.006,11.894
2026-08-26 08:15:00,R2,2.767,0.916,4.342,3.788,0.878,9.924
2026-08-26 08:30:00,R1,2.936,1.013,5.043,4.214,1.091,11.36
2026-08-26 08:30:00,R2,2.612,0.975,4.388,3.788,0.862,10.013
2026-08-26 08:45:00,R1,3.238,0.978,5.126,3.911,0.989,11.004
2026-08-26 08:45:00,R2,2.454,1.044,4.387,4.373,0.856,10.659
2026-08-26 09:00:00,R1,2.988,1.133,4.91,4.132,1.095,11.27
2026-08-26 09:00:00,R2,2.372,1.025,4.262,4.017,0.831,10.136
2026-08-26 09:15:00,R1,2.973,1.219,4.911,4.44,0.995,11.565
2026-08-26 09:15:00,R2,2.549,1.039,4.991,3.724,0.835,10.588
2026-08-26 09:30:00,R1,3.289,1.002,5.341,4.356,0.82,11.519
2026-08-26 09:30:00,R2,2.542,1.041,4.227,3.697,0.765,9.73
2026-08-26 09:45:00,R1,2.92,1.008,5.157,4.213,0.963,11.341
2026-08-26 09:45:00,R2,2.516,1.215,4.61,3.756,0.947,10.528
2026-08-26 10:00:00,R1,2.937,1.201,5.198,4.005,0.928,11.331
2026-08-26 10:00:00,R2,2.473,1.05,4.671,3.928,0.96,10.608
2026-08-26 10:15:00,R1,3.413,1.155,4.826,4.241,0.887,11.109
2026-08-26 10:15:00,R2,2.496,0.993,4.348,3.495,1.088,9.924
2026-08-26 10:30:00,R1,3.069,1.105,5.402,4.322,0.943,11.772
2026-08-26 10:30:00,R2,2.521,0.891,4.156,4.057,0.925,10.029
2026-08-26 10:45:00,R1,2.863,1.133,5.531,4.193,0.982,11.838
2026-08-26 10:45:00,R2,2.49,1.133,4.942,3.595,0.981,10.651
2026-08-26 11:00:00,R1,2.986,0.942,4.962,4.288,1.109,11.302
2026-08-26 11:00:00,R2,2.523,0.896,4.052,3.828,1.043,9.819
2026-08-26 11:15:00,R1,3.051,1.127,5.062,4.378,0.982,11.548
2026-08-26 11:15:00,R2,2.498,1.022,4.664,3.859,0.895,10.44
2026-08-26 11:30:00,R1,3.023,1.251,5.512,4.148,0.866,11.777
2026-08-26 11:30:00,R2,2.354,1.02,4.687,3.548,0.805,10.059
2026-08-26 11:45:00,R1,3.223,1.319,5.265,4.479,0.907,11.969
2026-08-26 11:45:00,R2,2.381,1.048,4.088,3.934,0.789,9.859
2026-08-26 12:00:00,R1,2.756,1.099,5.303,4.377,0.893,11.672
2026-08-26 12:00:00,R2,2.495,0.894,4.505,3.504,0.861,9.765
2026-08-26 12:15:00,R1,2.968,1.346,5.511,4.331,0.823,12.011
2026-08-26 12:15:00,R2,2.558,1.119,4.159,3.42,0.938,9.636
2026-08-26 12:30:00,R1,3.012,1.17,4.943,4.453,0.96,11.526
2026-08-26 12:30:00,R2,2.585,1.088,4.442,3.676,0.843,10.05
2026-08-26 12:45:00,R1,3.104,1.162,4.989,4.205,0.902,11.257
2026-08-26 12:45:00,R2,2.708,1.097,4.632,3.537,0.895,10.161
2026-08-26 13:00:00,R1,2.769,1.418,4.79,4.425,0.917,11.55
2026-08-26 13:00:00,R2,2.51,0.937,4.385,3.778,0.921,10.022
2026-08-26 13:15:00,R1,3.132,1.304,5.254,4.296,1.038,11.892
2026-08-26 13:15:00,R2,2.348,1.168,5.138,4.05,0.796,11.153
2026-08-26 13:30:00,R1,2.77,1.154,5.236,4.046,0.964,11.4
2026-08-26 13:30:00,R2,2.416,1.074,4.502,3.497,1.02,10.093
2026-08-26 13:45:00,R1,3.151,1.22,5.585,4.067,0.963,11.836
2026-08-26 13:45:00,R2,2.521,0.972,4.543,4.045,1.021,10.581
2026-08-26 14:00:00,R1,3.324,1.067,5.267,4.087,0.864,11.284
2026-08-26 14:00:00,R2,2.758,1.122,4.074,3.821,1.063,10.08
2026-08-26 14:15:00,R1,3.056,1.095,5.607,4.156,1.09,11.948
2026-08-26 14:15:00,R2,2.466,0.869,4.321,3.684,0.906,9.78
2026-08-26 14:30:00,R1,2.882,1.023,5.725,3.873,0.96,11.582
2026-08-26 14:30:00,R2,2.602,1.051,4.421,3.87,0.909,10.251
2026-08-26 14:45:00,R1,3.134,1.075,4.956,4.605,0.979,11.614
2026-08-26 14:45:00,R2,2.818,1.113,4.455,3.596,1.023,10.186
2026-08-26 15:00:00,R1,2.77,1.122,5.725,4.545,0.938,12.329
2026-08-26 15:00:00,R2,2.734,0.979,4.296,3.495,0.985,9.756
2026-08-26 15:15:00,R1,2.781,1.35,5.031,4.358,1.033,11.772
2026-08-26 15:15:00,R2,2.798,1.066,4.554,4.304,0.895,10.819
2026-08-26 15:30:00,R1,3.271,1.191,5.376,4.708,0.8,12.076
2026-08-26 15:30:00,R2,2.545,1.103,5.257,3.615,0.885,10.859
2026-08-26 15:45:00,R1,2.751,1.034,5.292,4.092,0.837,11.255
2026-08-26 15:45:00,R2,2.495,1.224,4.294,3.818,0.916,10.253
2026-08-26 16:00:00,R1,3.202,1.246,5.671,4.378,0.928,12.224
2026-08-26 16:00:00,R2,2.611,1.031,4.899,3.625,0.958,10.513
2026-08-26 16:15:00,R1,2.973,1.168,7.277,5.359,0.998,14.801
2026-08-26 16:15:00,R2,2.351,1.098,4.825,3.883,0.905,10.712
2026-08-26 16:30:00,R1,3.035,1.053,7.659,5.487,0.848,15.047
2026-08-26 16:30:00,R2,2.732,1.068,4.487,3.878,0.939,10.372
2026-08-26 16:45:00,R1,2.828,1.099,6.536,5.365,0.9,13.9
2026-08-26 16:45:00,R2,2.747,0.996,4.553,3.686,1.02,10.255
2026-08-26 17:00:00,R1,2.937,1.072,6.585,5.869,0.97,14.497
2026-08-26 17:00:00,R2,2.772,1.153,4.826,3.591,0.901,10.471
2026-08-26 17:15:00,R1,3.163,1.054,6.927,6.081,0.933,14.995
2026-08-26 17:15:00,R2,2.436,1.047,4.925,3.809,0.945,10.726
2026-08-26 17:30:00,R1,2.892,1.206,6.671,5.378,0.885,14.14
2026-08-26 17:30:00,R2,2.219,1.147,4.348,3.449,0.806,9.75
2026-08-26 17:45:00,R1,2.885,1.072,5.275,3.845,0.859,11.05
2026-08-26 17:45:00,R2,2.416,1.061,4.276,3.585,0.856,9.778
2026-08-26 18:00:00,R1,2.974,1.277,5.199,4.222,0.95,11.647
2026-08-26 18:00:00,R2,2.519,1.16,4.551,3.616,0.921,10.25
2026-08-26 18:15:00,R1,3.162,1.221,5.295,4.468,0.91,11.893
2026-08-26 18:15:00,R2,2.628,1.021,4.268,4.171,0.898,10.358
2026-08-26 18:30:00,R1,3.01,1.103,5.446,4.175,1.04,11.765
2026-08-26 18:30:00,R2,2.76,1.032,4.387,4.076,0.949,10.443
2026-08-26 18:45:00,R1,2.824,1.358,5.228,3.99,0.914,11.489
2026-08-26 18:45:00,R2,2.717,0.881,4.814,3.927,0.846,10.469
2026-08-26 19:00:00,R1,3.088,1.112,5.496,4.349,0.804,11.761
2026-08-26 19:00:00,R2,2.668,1.051,5.026,4.064,0.882,11.024
2026-08-26 19:15:00,R1,3.139,1.203,5.093,4.31,0.999,11.605
2026-08-26 19:15:00,R2,2.352,1.277,3.871,3.801,0.843,9.792
2026-08-26 19:30:00,R1,3.006,1.277,5.232,4.238,0.887,11.634
2026-08-26 19:30:00,R2,2.857,1.037,4.082,3.977,0.875,9.972
2026-08-26 19:45:00,R1,2.982,1.157,5.121,4.515,0.916,11.709
2026-08-26 19:45:00,R2,2.74,1.091,4.671,3.98,0.864,10.606
2026-08-26 20:00:00,R1,3.237,1.142,5.228,4.15,0.919,11.439
2026-08-26 20:00:00,R2,2.318,1.015,4.789,3.688,0.903,10.396
2026-08-26 20:15:00,R1,2.801,1.05,5.04,4.736,0.98,11.805
2026-08-26 20:15:00,R2,2.598,1.073,4.129,3.737,0.945,9.884
2026-08-26 20:30:00,R1,3.184,1.232,5.15,4.367,0.897,11.646
2026-08-26 20:30:00,R2,2.335,0.98,4.965,4.076,0.87,10.891
2026-08-26 20:45:00,R1,2.587,1.041,5.01,4.28,1.088,11.419
2026-08-26 20:45:00,R2,2.696,1.066,4.464,4.127,0.942,10.599
2026-08-26 21:00:00,R1,3.093,1.111,5.032,4.19,0.865,11.198
2026-08-26 21:00:00,R2,2.366,1.15,4.788,3.633,0.946,10.516
2026-08-26 21:15:00,R1,3.197,1.131,4.872,4.085,0.902,10.99
2026-08-26 21:15:00,R2,2.751,1.083,4.552,4.213,1.038,10.885
2026-08-26 21:30:00,R1,2.677,1.16,5.276,4.099,1.094,11.63
2026-08-26 21:30:00,R2,2.614,1.015,4.664,3.39,0.991,10.06
2026-08-26 21:45:00,R1,2.817,1.086,5.029,4.667,0.92,11.702
2026-08-26 21:45:00,R2,3.024,0.998,4.433,3.899,1.051,10.382
2026-08-26 22:00:00,R1,3.38,1.214,4.644,4.48,0.974,11.312
2026-08-26 22:00:00,R2,2.901,1.011,4.281,3.667,0.839,9.798
2026-08-26 22:15:00,R1,2.841,1.157,5.686,4.261,0.923,12.027
2026-08-26 22:15:00,R2,2.632,1.135,4.57,3.139,0.956,9.801
2026-08-26 22:30:00,R1,3.22,1.226,5.787,4.398,0.925,12.336
2026-08-26 22:30:00,R2,2.613,0.868,4.984,3.895,1.001,10.748
2026-08-26 22:45:00,R1,2.796,1.26,4.871,4.546,1.089,11.765
2026-08-26 22:45:00,R2,2.733,0.95,3.989,3.711,0.775,9.425
2026-08-26 23:00:00,R1,2.987,0.873,4.966,3.997,0.951,10.787
2026-08-26 23:00:00,R2,2.447,1.068,4.702,4.115,0.861,10.746
2026-08-26 23:15:00,R1,2.777,0.979,5.481,4.259,0.944,11.664
2026-08-26 23:15:00,R2,2.403,1.082,4.669,3.579,0.916,10.247
2026-08-26 23:30:00,R1,2.791,1.168,5.213,4.769,1.018,12.168
2026-08-26 23:30:00,R2,2.549,1.025,4.574,3.876,0.83,10.305
2026-08-26 23:45:00,R1,2.805,1.057,5.011,3.933,0.891,10.891
2026-08-26 23:45:00,R2,2.705,1.163,5.323,4.47,0.926,11.882
2026-08-27 00:00:00,R1,3.072,1.093,4.976,4.89,0.987,11.946
2026-08-27 00:00:00,R2,2.627,0.901,4.716,3.664,0.931,10.212
2026-08-27 00:15:00,R1,3.045,1.098,5.44,4.259,0.947,11.743
2026-08-27 00:15:00,R2,2.54,1.074,4.273,3.816,0.963,10.127
2026-08-27 00:30:00,R1,3.412,1.189,5.303,4.336,0.984,11.813
2026-08-27 00:30:00,R2,2.695,0.969,5.092,4.048,0.859,10.968
2026-08-27 00:45:00,R1,3.226,1.199,5.277,4.393,0.954,11.823
2026-08-27 00:45:00,R2,2.517,1.121,4.475,4.213,0.783,10.592
2026-08-27 01:00:00,R1,3.084,1.101,5.378,4.434,1.029,11.942
2026-08-27 01:00:00,R2,2.686,1.031,4.028,3.563,0.812,9.435
2026-08-27 01:15:00,R1,2.894,1.225,5.468,4.182,0.85,11.725
2026-08-27 01:15:00,R2,2.251,1.06,3.962,3.904,0.985,9.91
2026-08-27 01:30:00,R1,2.851,1.102,5.568,4.725,0.746,12.139
2026-08-27 01:30:00,R2,2.791,1.03,4.697,3.866,0.716,10.309
2026-08-27 01:45:00,R1,3.16,1.34,4.76,4.029,0.848,10.977
2026-08-27 01:45:00,R2,2.477,1.108,4.069,3.816,0.873,9.865
2026-08-27 02:00:00,R1,3.074,1.067,4.894,4.238,1.098,11.296
2026-08-27 02:00:00,R2,2.586,1.209,4.898,3.88,0.869,10.856
2026-08-27 02:15:00,R1,2.923,1.216,5.62,4.115,0.985,11.936
2026-08-27 02:15:00,R2,2.678,1.064,4.764,3.738,0.898,10.464
2026-08-27 02:30:00,R1,3.061,1.258,5.676,4.258,1.014,12.207
2026-08-27 02:30:00,R2,2.751,0.972,4.401,4.019,0.886,10.279
2026-08-27 02:45:00,R1,2.637,1.399,5.163,4.381,0.901,11.845
2026-08-27 02:45:00,R2,2.75,1.06,4.491,3.458,0.86,9.868
2026-08-27 03:00:00,R1,3.33,1.077,5.33,3.966,0.933,11.305
2026-08-27 03:00:00,R2,3.049,0.973,4.811,3.825,0.761,10.37
2026-08-27 03:15:00,R1,2.999,1.203,5.371,4.047,0.922,11.543
2026-08-27 03:15:00,R2,2.366,0.951,5.06,3.591,0.931,10.533
2026-08-27 03:30:00,R1,3.087,1.192,5.541,4.299,0.858,11.889
2026-08-27 03:30:00,R2,2.938,1.122,4.277,3.945,0.948,10.292
2026-08-27 03:45:00,R1,2.957,1.188,5.562,4.222,1.06,12.032
2026-08-27 03:45:00,R2,2.76,0.946,4.76,3.822,0.88,10.407
2026-08-27 04:00:00,R1,3.052,1.124,5.547,4.444,0.951,12.066
2026-08-27 04:00:00,R2,2.488,1.014,4.741,4.039,0.925,10.719
2026-08-27 04:15:00,R1,3.018,1.046,5.56,3.91,0.877,11.393
2026-08-27 04:15:00,R2,2.237,0.991,4.653,3.61,0.968,10.223
2026-08-27 04:30:00,R1,3.326,1.108,4.908,4.422,1.067,11.504
2026-08-27 04:30:00,R2,2.595,1.061,4.273,3.945,0.961,10.239
2026-08-27 04:45:00,R1,3.264,1.213,4.782,4.195,1.034,11.225
2026-08-27 04:45:00,R2,2.217,0.835,3.849,3.364,0.874,8.922
2026-08-27 05:00:00,R1,2.968,1.073,5.334,4.475,0.887,11.769
2026-08-27 05:00:00,R2,2.506,1.065,4.561,3.886,0.878,10.391
2026-08-27 05:15:00,R1,2.966,1.055,5.357,4.596,0.958,11.965
2026-08-27 05:15:00,R2,2.93,0.925,4.498,3.697,0.806,9.925
2026-08-27 05:30:00,R1,3.129,1.181,5.22,4.468,0.99,11.859
2026-08-27 05:30:00,R2,2.049,1.016,4.914,3.965,0.929,10.823
2026-08-27 05:45:00,R1,3.029,1.151,4.802,4.072,0.993,11.017
2026-08-27 05:45:00,R2,2.416,1.112,4.423,3.577,0.887,9.999
2026-08-27 06:00:00,R1,3.463,1.265,5.058,4.361,0.881,11.565
2026-08-27 06:00:00,R2,2.532,1.025,4.591,4.127,0.905,10.649
2026-08-27 06:15:00,R1,2.998,1.125,5.33,4.448,0.916,11.818
2026-08-27 06:15:00,R2,2.691,1.054,4.386,3.474,0.974,9.887
2026-08-27 06:30:00,R1,3.136,1.211,4.843,4.274,1.039,11.367
2026-08-27 06:30:00,R2,2.166,1.177,4.665,3.913,0.752,10.507
2026-08-27 06:45:00,R1,2.809,1.296,4.893,3.553,0.94,10.681
2026-08-27 06:45:00,R2,2.848,0.937,4.537,3.34,0.874,9.688
2026-08-27 07:00:00,R1,2.945,1.092,4.821,4.23,0.938,11.082
2026-08-27 07:00:00,R2,2.502,0.969,4.556,3.42,0.92,9.865
2026-08-27 07:15:00,R1,3.205,1.05,5.361,4.173,0.845,11.43
2026-08-27 07:15:00,R2,2.89,1.123,4.423,3.746,0.848,10.14
2026-08-27 07:30:00,R1,3.137,1.224,5.534,4.428,0.894,12.08
2026-08-27 07:30:00,R2,2.909,1.094,4.121,3.848,0.743,9.805
2026-08-27 07:45:00,R1,3.207,1.035,5.319,4.238,0.986,11.578
2026-08-27 07:45:00,R2,2.313,1.284,4.36,3.647,0.849,10.14
2026-08-27 08:00:00,R1,3.207,1.14,5.289,4.301,0.936,11.666
2026-08-27 08:00:00,R2,2.424,1.173,4.377,3.798,1.02,10.368
2026-08-27 08:15:00,R1,3.111,1.148,5.584,4.062,0.963,11.758
2026-08-27 08:15:00,R2,3.072,1.133,4.138,4.07,0.954,10.295
2026-08-27 08:30:00,R1,2.779,1.092,5.602,4.174,0.837,11.705
2026-08-27 08:30:00,R2,2.755,0.977,4.759,3.918,0.985,10.638
2026-08-27 08:45:00,R1,2.85,1.082,5.297,4.42,0.894,11.692
2026-08-27 08:45:00,R2,2.797,0.969,3.951,4.052,0.816,9.789
2026-08-27 09:00:00,R1,2.945,1.347,5.238,4.758,0.806,12.149
2026-08-27 09:00:00,R2,2.63,1.012,4.595,4.049,0.943,10.599
2026-08-27 09:15:00,R1,2.786,1.127,5.598,4.722,1.073,12.52
2026-08-27 09:15:00,R2,2.533,0.988,4.058,4.06,0.885,9.992
2026-08-27 09:30:00,R1,2.908,1.128,5.92,4.041,1.042,12.13
2026-08-27 09:30:00,R2,2.328,1.068,4.571,3.651,0.82,10.11
2026-08-27 09:45:00,R1,2.822,1.243,5.294,4.156,0.966,11.659
2026-08-27 09:45:00,R2,2.602,1.071,4.67,3.737,0.865,10.342
2026-08-27 10:00:00,R1,2.929,1.081,5.372,4.387,0.953,11.793
2026-08-27 10:00:00,R2,2.592,1.136,4.545,3.942,0.803,10.425
2026-08-27 10:15:00,R1,3.425,1.165,5.235,4.689,1.088,12.176
2026-08-27 10:15:00,R2,2.56,0.99,4.598,3.767,1.08,10.435
2026-08-27 10:30:00,R1,3.135,1.309,5.246,4.856,0.83,12.241
2026-08-27 10:30:00,R2,2.868,1.115,4.619,3.825,0.873,10.432
2026-08-27 10:45:00,R1,3.11,1.263,5.169,4.422,0.954,11.809
2026-08-27 10:45:00,R2,2.599,1.035,5.104,4.109,0.879,11.126
2026-08-27 11:00:00,R1,3.164,1.101,5.01,4.214,1.043,11.368
2026-08-27 11:00:00,R2,2.697,1.237,4.33,3.773,0.852,10.192
2026-08-27 11:15:00,R1,3.013,1.143,5.328,4.462,0.917,11.85
2026-08-27 11:15:00,R2,2.777,1.073,4.03,3.905,0.804,9.812
2026-08-27 11:30:00,R1,3.196,1.048,5.089,4.526,0.905,11.569
2026-08-27 11:30:00,R2,2.771,1.056,3.965,3.918,0.872,9.812
2026-08-27 11:45:00,R1,3.116,1.328,5.198,4.6,1.07,12.195
2026-08-27 11:45:00,R2,2.477,1.24,4.288,3.871,1.052,10.452
2026-08-27 12:00:00,R1,2.849,1.2,5.36,4.295,1.064,11.919
2026-08-27 12:00:00,R2,2.574,1.051,4.863,3.587,1.065,10.566
2026-08-27 12:15:00,R1,2.857,1.152,5.788,3.784,1.007,11.731
2026-08-27 12:15:00,R2,2.433,1.211,4.693,3.207,0.85,9.961
2026-08-27 12:30:00,R1,2.947,1.114,4.81,4.551,0.768,11.244
2026-08-27 12:30:00,R2,2.89,1.026,5.082,3.902,0.726,10.735
2026-08-27 12:45:00,R1,2.68,1.179,5.342,4.41,1.021,11.952
2026-08-27 12:45:00,R2,2.625,0.955,4.314,3.976,0.835,10.08
2026-08-27 13:00:00,R1,3.016,1.153,5.094,4.118,0.945,11.309
2026-08-27 13:00:00,R2,2.709,1.122,4.211,3.804,0.906,10.043
2026-08-27 13:15:00,R1,3.09,1.085,5.06,4.052,0.957,11.154
2026-08-27 13:15:00,R2,2.709,0.847,4.303,4.037,0.889,10.076
2026-08-27 13:30:00,R1,2.943,1.155,5.628,4.376,0.931,12.09
2026-08-27 13:30:00,R2,2.678,0.978,4.415,3.959,0.874,10.226
2026-08-27 13:45:00,R1,3.135,1.115,4.975,4.206,0.805,11.1
2026-08-27 13:45:00,R2,2.65,1.062,4.179,3.931,0.973,10.146
2026-08-27 14:00:00,R1,3.642,1.246,5.214,4.216,0.978,11.655
2026-08-27 14:00:00,R2,3.083,1.034,4.641,3.444,0.868,9.987
2026-08-27 14:15:00,R1,3.049,1.123,4.806,4.102,1.025,11.056
2026-08-27 14:15:00,R2,2.756,0.911,3.806,3.801,0.943,9.462
2026-08-27 14:30:00,R1,3.038,1.053,5.907,4.287,1.015,12.262
2026-08-27 14:30:00,R2,2.747,0.967,4.505,3.836,0.831,10.139
2026-08-27 14:45:00,R1,3.068,1.049,5.683,4.025,0.995,11.752
2026-08-27 14:45:00,R2,2.493,1.03,4.537,3.736,0.818,10.122
2026-08-27 15:00:00,R1,3.441,1.094,5.473,4.138,1.026,11.732
2026-08-27 15:00:00,R2,2.574,1.012,4.663,3.699,0.929,10.302
2026-08-27 15:15:00,R1,2.924,1.229,5.498,4.352,0.962,12.042
2026-08-27 15:15:00,R2,2.424,1.085,4.144,3.547,0.899,9.674
2026-08-27 15:30:00,R1,3.302,0.944,5.743,4.26,0.851,11.798
2026-08-27 15:30:00,R2,2.447,0.983,4.832,4.24,0.942,10.997
2026-08-27 15:45:00,R1,3.034,1.27,5.015,4.21,0.82,11.315
2026-08-27 15:45:00,R2,2.848,1.058,4.618,3.391,0.932,9.999
2026-08-27 16:00:00,R1,3.002,1.215,5.202,3.944,0.878,11.239
2026-08-27 16:00:00,R2,2.577,1.143,4.447,3.492,0.787,9.868
2026-08-27 16:15:00,R1,2.704,1.04,5.465,4.05,0.906,11.462
2026-08-27 16:15:00,R2,2.518,0.952,4.578,3.962,0.962,10.454
2026-08-27 16:30:00,R1,2.945,1.187,5.146,4.333,0.988,11.654
2026-08-27 16:30:00,R2,2.459,1.117,4.466,3.845,0.888,10.315
2026-08-27 16:45:00,R1,2.967,1.149,4.856,4.28,0.841,11.126
2026-08-27 16:45:00,R2,2.839,1.053,4.506,3.903,0.851,10.313
2026-08-27 17:00:00,R1,3.037,1.06,5.213,4.433,0.966,11.673
2026-08-27 17:00:00,R2,2.42,0.907,4.577,3.826,0.903,10.212
2026-08-27 17:15:00,R1,3.098,1.189,5.27,4.229,0.915,11.602
2026-08-27 17:15:00,R2,2.868,0.999,4.741,3.931,1.09,10.761
2026-08-27 17:30:00,R1,3.033,1.131,5.481,4.193,0.875,11.68
2026-08-27 17:30:00,R2,2.742,0.971,4.313,3.26,0.953,9.496
2026-08-27 17:45:00,R1,3.382,0.944,5.425,4.81,0.944,12.123
2026-08-27 17:45:00,R2,2.625,1.173,4.369,3.602,0.989,10.134
2026-08-27 18:00:00,R1,3.211,1.12,5.528,4.451,0.94,12.04
2026-08-27 18:00:00,R2,2.688,1.1,4.515,3.466,0.87,9.95
2026-08-27 18:15:00,R1,3.147,1.209,5.063,3.999,0.893,11.163
2026-08-27 18:15:00,R2,2.484,0.953,4.692,2.898,0.913,9.456
2026-08-27 18:30:00,R1,2.942,1.109,5.307,4.043,0.812,11.271
2026-08-27 18:30:00,R2,3.073,1.007,4.539,4.211,0.909,10.665
2026-08-27 18:45:00,R1,3.155,1.072,5.114,4.269,0.922,11.377
2026-08-27 18:45:00,R2,2.469,0.898,4.791,3.677,1.062,10.428
2026-08-27 19:00:00,R1,2.908,1.219,4.836,4.254,1.026,11.334
2026-08-27 19:00:00,R2,2.817,0.919,4.316,4.173,0.922,10.329
2026-08-27 19:15:00,R1,2.81,0.99,5.327,4.199,0.836,11.352
2026-08-27 19:15:00,R2,2.702,1.064,4.283,4.086,0.96,10.393
2026-08-27 19:30:00,R1,2.759,1.162,5.002,4.613,0.945,11.722
2026-08-27 19:30:00,R2,2.353,0.841,3.975,3.705,0.962,9.483
2026-08-27 19:45:00,R1,2.886,1.003,4.898,4.016,0.986,10.903
2026-08-27 19:45:00,R2,2.855,1.008,4.406,3.705,0.803,9.922
2026-08-27 20:00:00,R1,2.92,1.31,5.515,4.305,0.984,12.114
2026-08-27 20:00:00,R2,2.443,1.175,4.148,3.521,0.778,9.621
2026-08-27 20:15:00,R1,3.152,1.183,5.079,4.572,0.79,11.624
2026-08-27 20:15:00,R2,2.444,0.973,4.686,3.682,1.039,10.38
2026-08-27 20:30:00,R1,3.171,1.081,4.949,4.16,0.863,11.052
2026-08-27 20:30:00,R2,2.794,1.117,4.101,3.532,0.858,9.608
2026-08-27 20:45:00,R1,2.875,1.107,5.6,4.094,1.039,11.84
2026-08-27 20:45:00,R2,2.578,0.908,4.437,3.494,0.835,9.675
2026-08-27 21:00:00,R1,2.924,1.307,4.946,4.214,0.955,11.422
2026-08-27 21:00:00,R2,2.645,0.893,4.381,3.927,0.852,10.052
2026-08-27 21:15:00,R1,2.813,1.217,5.073,4.393,1.034,11.717
2026-08-27 21:15:00,R2,2.829,0.873,4.417,3.842,0.834,9.967
2026-08-27 21:30:00,R1,2.665,1.129,5.348,4.429,0.885,11.792
2026-08-27 21:30:00,R2,2.755,0.942,4.968,3.694,0.943,10.547
2026-08-27 21:45:00,R1,2.696,1.24,4.902,4.686,0.879,11.707
2026-08-27 21:45:00,R2,2.253,0.955,4.419,3.345,0.907,9.626
2026-08-27 22:00:00,R1,3.506,1.285,5.552,3.824,0.923,11.585
2026-08-27 22:00:00,R2,3.098,1.104,4.389,3.684,0.931,10.108
2026-08-27 22:15:00,R1,3.141,1.238,5.738,4.417,0.931,12.323
2026-08-27 22:15:00,R2,2.571,1.266,4.32,3.672,0.947,10.205
2026-08-27 22:30:00,R1,3.013,1.156,4.808,3.976,1.059,10.999
2026-08-27 22:30:00,R2,2.491,0.863,4.784,3.956,0.826,10.43
2026-08-27 22:45:00,R1,2.899,1.034,4.922,4.281,0.974,11.212
2026-08-27 22:45:00,R2,2.373,1.072,4.222,4.07,0.903,10.268
2026-08-27 23:00:00,R1,2.819,0.942,5.086,4.392,1.04,11.459
2026-08-27 23:00:00,R2,2.328,1.115,4.289,3.467,0.871,9.741
2026-08-27 23:15:00,R1,2.969,1.052,5.129,3.786,0.879,10.847
2026-08-27 23:15:00,R2,2.642,1.074,4.079,4.014,0.886,10.053
2026-08-27 23:30:00,R1,3.075,1.243,5.195,4.514,0.911,11.863
2026-08-27 23:30:00,R2,2.261,0.964,5.022,3.852,0.888,10.726
2026-08-27 23:45:00,R1,3.304,1.406,5.274,4.402,1.013,12.095
2026-08-27 23:45:00,R2,2.515,1.05,4.457,3.574,0.979,10.059
2026-08-28 00:00:00,R1,2.959,1.32,4.955,4.274,0.884,11.433
2026-08-28 00:00:00,R2,2.557,1.075,4.33,3.875,0.921,10.201
2026-08-28 00:15:00,R1,3.035,1.14,5.487,4.384,1.011,12.022
2026-08-28 00:15:00,R2,2.783,1.034,4.379,3.915,0.937,10.266
2026-08-28 00:30:00,R1,2.896,1.331,5.017,4.082,0.914,11.344
2026-08-28 00:30:00,R2,2.685,1.047,4.711,3.622,0.994,10.373
2026-08-28 00:45:00,R1,3.107,1.2,5.16,4.176,1.038,11.573
2026-08-28 00:45:00,R2,2.741,1.133,4.819,3.587,0.888,10.427
2026-08-28 01:00:00,R1,2.781,1.082,5.104,4.369,0.971,11.526
2026-08-28 01:00:00,R2,2.69,1.079,4.514,3.414,0.927,9.934
2026-08-28 01:15:00,R1,3.265,0.976,5.369,4.365,0.951,11.661
2026-08-28 01:15:00,R2,2.584,0.973,4.068,3.869,0.885,9.795
2026-08-28 01:30:00,R1,3.22,0.832,4.841,4.637,1.005,11.315
2026-08-28 01:30:00,R2,2.37,1.118,4.097,3.51,0.915,9.64
2026-08-28 01:45:00,R1,2.938,1.063,5.233,4.362,0.909,11.567
2026-08-28 01:45:00,R2,2.772,1.042,4.031,4.212,0.88,10.165
2026-08-28 02:00:00,R1,2.863,1.114,5.162,4.169,0.988,11.433
2026-08-28 02:00:00,R2,2.476,1.081,4.711,3.887,0.916,10.594
2026-08-28 02:15:00,R1,3.398,1.236,5.504,4.16,0.816,11.716
2026-08-28 02:15:00,R2,2.919,0.938,4.385,4.064,0.745,10.132
2026-08-28 02:30:00,R1,3.03,1.167,4.871,4.546,0.881,11.465
2026-08-28 02:30:00,R2,2.858,1.095,4.296,4.426,0.933,10.751
2026-08-28 02:45:00,R1,3.353,1.14,5.058,4.138,0.817,11.152
2026-08-28 02:45:00,R2,2.516,1.063,4.39,3.839,0.959,10.25
2026-08-28 03:00:00,R1,3.194,1.088,5.151,4.137,0.957,11.333
2026-08-28 03:00:00,R2,2.625,0.965,4.83,3.673,0.942,10.411
2026-08-28 03:15:00,R1,2.7,1.189,4.736,4.738,0.861,11.524
2026-08-28 03:15:00,R2,2.836,1.149,3.83,3.918,1.058,9.954
2026-08-28 03:30:00,R1,2.77,1.15,5.346,4.534,1.066,12.096
2026-08-28 03:30:00,R2,2.596,1.021,4.51,3.795,0.851,10.177
2026-08-28 03:45:00,R1,2.916,1.2,5.129,4.696,0.782,11.807
2026-08-28 03:45:00,R2,2.584,1.082,4.265,3.645,0.821,9.812
2026-08-28 04:00:00,R1,3.037,0.971,5.156,4.662,0.937,11.726
2026-08-28 04:00:00,R2,2.338,1.242,4.749,3.349,0.825,10.165
2026-08-28 04:15:00,R1,3.07,1.335,4.91,4.424,0.962,11.631
2026-08-28 04:15:00,R2,2.743,0.98,4.734,3.717,0.864,10.296
2026-08-28 04:30:00,R1,2.837,1.216,5.26,4.287,0.94,11.704
2026-08-28 04:30:00,R2,2.382,1.049,4.583,3.677,0.96,10.269
2026-08-28 04:45:00,R1,3.071,1.111,5.056,4.273,0.984,11.425
2026-08-28 04:45:00,R2,2.461,1.051,4.735,4.141,0.981,10.909
2026-08-28 05:00:00,R1,2.889,1.162,4.906,4.163,0.947,11.177
2026-08-28 05:00:00,R2,2.453,1.076,3.991,4.096,0.828,9.991
2026-08-28 05:15:00,R1,2.815,1.092,5.505,4.125,0.973,11.696
2026-08-28 05:15:00,R2,2.738,0.988,4.643,4.142,1.009,10.782
2026-08-28 05:30:00,R1,2.989,1.281,5.277,3.936,0.956,11.45
2026-08-28 05:30:00,R2,2.705,1.215,4.295,3.453,0.976,9.939
2026-08-28 05:45:00,R1,2.758,1.219,5.419,4.391,1.046,12.075
2026-08-28 05:45:00,R2,2.665,1.153,4.825,3.675,0.997,10.65
2026-08-28 06:00:00,R1,3.058,1.178,5.008,4.301,0.862,11.349
2026-08-28 06:00:00,R2,2.953,1.209,4.439,3.739,0.778,10.164
2026-08-28 06:15:00,R1,2.697,1.184,5.356,4.061,0.988,11.59
2026-08-28 06:15:00,R2,2.879,1.069,4.81,4.214,1.079,11.171
2026-08-28 06:30:00,R1,3.034,1.219,4.858,4.147,0.872,11.096
2026-08-28 06:30:00,R2,2.356,1.19,4.326,3.822,0.854,10.192
2026-08-28 06:45:00,R1,2.815,1.216,5.357,4.67,0.94,12.183
2026-08-28 06:45:00,R2,2.987,1.016,4.895,4.116,0.953,10.98
2026-08-28 07:00:00,R1,3.012,1.277,5.0,4.601,0.991,11.87
2026-08-28 07:00:00,R2,2.178,0.948,4.613,3.644,0.93,10.136
2026-08-28 07:15:00,R1,3.369,1.277,5.156,3.655,1.043,11.131
2026-08-28 07:15:00,R2,3.044,0.905,4.313,3.837,0.994,10.048
2026-08-28 07:30:00,R1,3.235,1.043,5.136,4.226,0.966,11.371
2026-08-28 07:30:00,R2,2.563,0.996,4.334,3.745,0.892,9.967
2026-08-28 07:45:00,R1,2.915,1.133,5.048,3.848,0.881,10.91
2026-08-28 07:45:00,R2,2.603,0.917,4.612,3.261,1.019,9.809
2026-08-28 08:00:00,R1,2.998,1.188,5.657,4.304,0.852,12.0
2026-08-28 08:00:00,R2,2.69,1.09,4.177,4.11,0.921,10.298
2026-08-28 08:15:00,R1,2.562,1.228,5.581,4.016,0.945,11.771
2026-08-28 08:15:00,R2,2.962,1.058,4.504,3.979,0.901,10.441
2026-08-28 08:30:00,R1,3.074,1.155,4.905,4.284,0.997,11.34
2026-08-28 08:30:00,R2,2.955,1.062,4.179,3.929,1.026,10.196
2026-08-28 08:45:00,R1,2.743,1.379,5.106,4.086,0.93,11.501
2026-08-28 08:45:00,R2,2.373,0.95,4.47,3.819,0.97,10.209
2026-08-28 09:00:00,R1,2.999,1.218,5.131,3.757,0.9,11.006
2026-08-28 09:00:00,R2,2.249,1.059,4.71,3.759,0.889,10.416
2026-08-28 09:15:00,R1,3.228,1.009,5.572,4.249,0.911,11.741
2026-08-28 09:15:00,R2,2.504,1.073,4.664,3.526,0.824,10.087
2026-08-28 09:30:00,R1,2.915,1.18,5.249,4.673,0.889,11.992
2026-08-28 09:30:00,R2,2.474,1.192,4.47,3.322,0.87,9.854
2026-08-28 09:45:00,R1,2.804,1.203,5.028,4.365,0.931,11.527
2026-08-28 09:45:00,R2,2.351,1.154,4.714,3.821,0.917,10.606
2026-08-28 10:00:00,R1,3.021,1.083,5.378,3.767,1.023,11.25
2026-08-28 10:00:00,R2,2.864,0.926,4.749,4.072,0.999,10.747
2026-08-28 10:15:00,R1,2.804,1.376,5.46,4.341,1.016,12.192
2026-08-28 10:15:00,R2,2.602,1.173,4.676,3.897,1.008,10.754
2026-08-28 10:30:00,R1,3.082,1.177,5.508,4.186,1.067,11.937
2026-08-28 10:30:00,R2,2.792,1.062,4.123,3.768,0.796,9.75
2026-08-28 10:45:00,R1,2.951,1.071,5.685,4.444,0.957,12.156
2026-08-28 10:45:00,R2,2.551,1.208,4.878,3.818,0.957,10.861
2026-08-28 11:00:00,R1,2.886,1.1,5.704,4.306,0.95,12.06
2026-08-28 11:00:00,R2,2.668,1.028,4.924,3.927,0.94,10.819
2026-08-28 11:15:00,R1,2.793,0.999,5.087,4.279,0.955,11.32
2026-08-28 11:15:00,R2,2.506,0.892,4.151,4.108,0.921,10.072
2026-08-28 11:30:00,R1,2.798,1.141,5.238,4.223,0.87,11.472
2026-08-28 11:30:00,R2,2.34,1.041,4.409,3.464,1.04,9.954
2026-08-28 11:45:00,R1,3.504,1.363,4.796,4.404,0.941,11.504
2026-08-28 11:45:00,R2,2.457,1.116,4.432,3.983,0.895,10.426
2026-08-28 12:00:00,R1,3.516,1.011,5.163,3.929,0.923,11.027
2026-08-28 12:00:00,R2,2.522,1.169,4.503,4.249,0.785,10.706
2026-08-28 12:15:00,R1,3.155,1.268,5.687,4.135,1.033,12.123
2026-08-28 12:15:00,R2,2.638,0.89,4.554,3.481,0.835,9.76
2026-08-28 12:30:00,R1,2.82,1.187,5.419,3.708,0.956,11.27
2026-08-28 12:30:00,R2,2.873,0.974,4.422,4.754,0.827,10.977
2026-08-28 12:45:00,R1,2.66,1.061,4.824,4.56,0.922,11.366
2026-08-28 12:45:00,R2,2.759,0.953,4.962,3.494,0.849,10.258
2026-08-28 13:00:00,R1,3.111,1.156,5.044,4.35,0.968,11.517
2026-08-28 13:00:00,R2,2.465,1.011,4.227,3.839,0.9,9.977
2026-08-28 13:15:00,R1,3.019,1.154,4.597,4.556,0.842,11.148
2026-08-28 13:15:00,R2,2.58,1.173,4.525,4.292,0.85,10.839
2026-08-28 13:30:00,R1,2.806,1.112,4.899,4.596,0.963,11.569
2026-08-28 13:30:00,R2,2.368,0.961,4.117,3.88,0.964,9.922
2026-08-28 13:45:00,R1,2.62,1.197,4.936,4.323,0.821,11.277
2026-08-28 13:45:00,R2,2.701,0.975,4.356,3.8,0.9,10.031
2026-08-28 14:00:00,R1,3.574,1.149,5.226,4.142,1.073,11.59
2026-08-28 14:00:00,R2,2.694,0.98,4.488,3.838,0.948,10.255
2026-08-28 14:15:00,R1,2.794,1.125,5.479,4.284,1.053,11.94
2026-08-28 14:15:00,R2,2.383,0.944,4.535,4.066,1.024,10.57
2026-08-28 14:30:00,R1,2.985,1.108,5.297,4.227,0.963,11.596
2026-08-28 14:30:00,R2,2.856,1.012,4.572,3.635,0.852,10.071
2026-08-28 14:45:00,R1,2.915,1.03,5.391,4.481,0.971,11.872
2026-08-28 14:45:00,R2,2.567,0.927,4.389,3.713,0.894,9.922
2026-08-28 15:00:00,R1,3.102,1.279,5.547,3.743,0.966,11.535
2026-08-28 15:00:00,R2,2.427,1.153,4.574,3.42,0.956,10.104
2026-08-28 15:15:00,R1,2.696,1.094,5.332,4.069,1.064,11.559
2026-08-28 15:15:00,R2,2.532,1.173,4.741,3.757,0.906,10.577
2026-08-28 15:30:00,R1,3.207,1.176,4.851,4.367,0.814,11.208
2026-08-28 15:30:00,R2,2.699,1.119,5.02,3.741,0.857,10.737
2026-08-28 15:45:00,R1,3.186,1.186,5.534,4.328,1.012,12.06
2026-08-28 15:45:00,R2,2.759,1.089,4.628,3.647,0.828,10.192
2026-08-28 16:00:00,R1,2.933,1.194,5.319,4.279,0.928,11.719
2026-08-28 16:00:00,R2,2.638,1.084,4.339,3.726,0.861,10.009
2026-08-28 16:15:00,R1,3.437,1.079,5.419,4.441,0.997,11.936
2026-08-28 16:15:00,R2,2.662,1.038,4.392,3.729,0.899,10.057
2026-08-28 16:30:00,R1,3.161,1.176,5.308,4.024,0.991,11.499
2026-08-28 16:30:00,R2,2.737,0.956,4.076,4.025,0.962,10.019
2026-08-28 16:45:00,R1,2.991,1.032,5.402,4.245,0.915,11.595
2026-08-28 16:45:00,R2,2.648,0.949,4.083,3.686,0.908,9.626
2026-08-28 17:00:00,R1,2.987,1.128,4.779,4.335,0.784,11.026
2026-08-28 17:00:00,R2,2.554,0.956,4.567,3.797,0.851,10.17
2026-08-28 17:15:00,R1,3.044,1.1,5.691,4.262,0.954,12.007
2026-08-28 17:15:00,R2,2.535,1.163,5.018,3.985,0.912,11.077
2026-08-28 17:30:00,R1,2.942,1.117,4.848,4.072,0.967,11.005
2026-08-28 17:30:00,R2,2.347,0.969,4.755,3.293,1.033,10.051
2026-08-28 17:45:00,R1,3.113,1.244,4.943,4.216,0.947,11.349
2026-08-28 17:45:00,R2,2.24,0.84,4.628,3.607,0.978,10.053
2026-08-28 18:00:00,R1,2.776,1.068,5.661,3.817,0.984,11.531
2026-08-28 18:00:00,R2,2.353,0.962,4.506,3.891,0.892,10.25
2026-08-28 18:15:00,R1,2.807,1.154,5.171,4.146,0.968,11.44
2026-08-28 18:15:00,R2,2.463,1.009,4.777,3.897,0.872,10.556
2026-08-28 18:30:00,R1,3.018,1.096,5.106,4.051,0.996,11.249
2026-08-28 18:30:00,R2,2.318,1.127,4.434,3.953,0.977,10.492
2026-08-28 18:45:00,R1,3.068,1.048,5.435,4.213,0.959,11.656
2026-08-28 18:45:00,R2,2.531,1.188,4.207,3.967,0.877,10.24
2026-08-28 19:00:00,R1,2.876,1.137,4.887,4.094,0.911,11.027
2026-08-28 19:00:00,R2,2.677,1.234,4.362,4.012,0.992,10.6
2026-08-28 19:15:00,R1,3.054,1.204,4.822,4.134,1.025,11.184
2026-08-28 19:15:00,R2,2.847,1.0,4.04,3.697,0.855,9.591
2026-08-28 19:30:00,R1,3.13,1.187,5.245,4.463,0.964,11.859
2026-08-28 19:30:00,R2,2.681,1.028,4.512,3.214,0.7,9.454
2026-08-28 19:45:00,R1,3.326,1.052,4.968,4.359,1.081,11.461
2026-08-28 19:45:00,R2,2.81,0.909,4.963,3.669,0.891,10.433
2026-08-28 20:00:00,R1,3.021,1.28,5.224,4.54,1.113,12.157
2026-08-28 20:00:00,R2,2.574,1.189,4.96,3.704,0.971,10.824
2026-08-28 20:15:00,R1,2.825,1.137,4.881,4.223,1.246,11.487
2026-08-28 20:15:00,R2,2.717,0.99,4.41,4.039,0.808,10.247
2026-08-28 20:30:00,R1,3.219,1.104,5.149,4.294,0.662,11.209
2026-08-28 20:30:00,R2,2.699,1.169,4.108,3.689,1.036,10.002
2026-08-28 20:45:00,R1,2.964,1.148,5.098,4.335,0.973,11.555
2026-08-28 20:45:00,R2,2.725,0.994,4.244,3.805,1.007,10.05
2026-08-28 21:00:00,R1,3.293,1.159,5.285,3.99,0.867,11.3
2026-08-28 21:00:00,R2,2.789,0.732,4.991,3.82,0.968,10.511
2026-08-28 21:15:00,R1,2.855,1.035,5.678,4.236,0.959,11.908
2026-08-28 21:15:00,R2,2.778,1.04,4.461,4.147,0.96,10.609
2026-08-28 21:30:00,R1,2.896,1.088,5.463,4.165,0.983,11.698
2026-08-28 21:30:00,R2,3.168,1.127,4.561,3.505,0.87,10.063
2026-08-28 21:45:00,R1,2.992,1.141,4.609,4.021,0.962,10.733
2026-08-28 21:45:00,R2,2.557,0.926,4.706,3.524,0.951,10.108
2026-08-28 22:00:00,R1,3.331,1.196,5.59,4.347,0.954,12.087
2026-08-28 22:00:00,R2,3.058,1.116,4.536,3.36,0.937,9.949
2026-08-28 22:15:00,R1,2.881,1.013,4.595,4.256,1.058,10.921
2026-08-28 22:15:00,R2,2.68,0.8,5.081,3.471,1.022,10.375
2026-08-28 22:30:00,R1,2.967,1.133,5.583,4.165,1.011,11.893
2026-08-28 22:30:00,R2,2.44,1.011,4.557,3.744,0.983,10.294
2026-08-28 22:45:00,R1,2.994,1.27,5.031,4.04,0.877,11.217
2026-08-28 22:45:00,R2,2.494,0.898,4.418,3.63,1.048,9.994
2026-08-28 23:00:00,R1,3.148,1.238,4.94,4.259,0.869,11.306
2026-08-28 23:00:00,R2,2.467,0.948,4.396,4.305,0.969,10.618
2026-08-28 23:15:00,R1,3.268,1.271,5.322,4.031,0.994,11.619
2026-08-28 23:15:00,R2,2.688,1.24,4.521,3.406,0.921,10.088
2026-08-28 23:30:00,R1,3.073,1.235,5.312,4.2,0.88,11.627
2026-08-28 23:30:00,R2,2.949,1.018,4.314,3.646,0.928,9.906
2026-08-28 23:45:00,R1,2.892,1.163,4.771,4.521,0.864,11.319
2026-08-28 23:45:00,R2,2.386,0.988,4.265,3.931,0.916,10.1
2026-08-29 00:00:00,R1,2.856,1.176,5.514,4.338,0.916,11.944
2026-08-29 00:00:00,R2,2.424,1.052,4.307,3.82,0.884,10.062
2026-08-29 00:15:00,R1,3.071,1.156,5.228,4.21,0.973,11.567
2026-08-29 00:15:00,R2,2.821,1.247,4.741,3.46,0.863,10.311
2026-08-29 00:30:00,R1,3.07,1.087,5.317,4.48,0.853,11.737
2026-08-29 00:30:00,R2,2.382,1.012,4.535,3.83,0.925,10.302
2026-08-29 00:45:00,R1,3.046,1.006,5.118,4.249,0.878,11.252
2026-08-29 00:45:00,R2,2.335,0.861,4.788,3.832,0.962,10.442
2026-08-29 01:00:00,R1,3.191,1.125,5.122,3.941,0.837,11.024
2026-08-29 01:00:00,R2,2.542,1.137,4.835,3.818,0.874,10.665
2026-08-29 01:15:00,R1,3.317,1.177,5.566,4.259,0.891,11.893
2026-08-29 01:15:00,R2,2.651,1.065,4.63,3.948,0.802,10.445
2026-08-29 01:30:00,R1,3.111,1.167,4.936,4.315,0.978,11.396
2026-08-29 01:30:00,R2,2.48,1.231,4.455,3.752,0.995,10.432
2026-08-29 01:45:00,R1,2.89,1.147,5.133,4.276,1.046,11.601
2026-08-29 01:45:00,R2,2.353,1.105,4.831,3.85,0.936,10.723
2026-08-29 02:00:00,R1,3.103,1.33,5.643,4.349,0.906,12.228
2026-08-29 02:00:00,R2,2.584,1.106,4.408,3.676,0.871,10.061
2026-08-29 02:15:00,R1,2.632,1.329,5.051,4.332,1.078,11.79
2026-08-29 02:15:00,R2,2.65,0.934,4.75,3.955,0.793,10.433
2026-08-29 02:30:00,R1,3.018,1.013,4.822,4.482,0.911,11.228
2026-08-29 02:30:00,R2,2.506,1.032,3.617,3.785,0.945,9.379
2026-08-29 02:45:00,R1,2.929,0.922,5.178,4.485,0.857,11.443
2026-08-29 02:45:00,R2,2.352,1.053,4.541,3.947,0.692,10.234
2026-08-29 03:00:00,R1,2.985,1.161,4.869,4.643,1.045,11.718
2026-08-29 03:00:00,R2,2.768,1.005,4.516,3.832,0.811,10.164
2026-08-29 03:15:00,R1,2.742,1.141,5.324,3.982,0.869,11.316
2026-08-29 03:15:00,R2,2.353,1.007,4.689,3.764,0.831,10.29
2026-08-29 03:30:00,R1,3.11,1.169,4.501,4.517,1.108,11.296
2026-08-29 03:30:00,R2,2.827,1.141,4.443,4.066,0.881,10.531
2026-08-29 03:45:00,R1,3.18,0.992,5.285,4.72,0.986,11.983
2026-08-29 03:45:00,R2,2.816,0.986,4.369,4.007,1.085,10.447
2026-08-29 04:00:00,R1,3.063,1.201,5.094,4.332,1.166,11.794
2026-08-29 04:00:00,R2,2.026,0.937,4.902,3.898,0.789,10.526
2026-08-29 04:15:00,R1,3.016,0.949,5.06,4.315,0.814,11.138
2026-08-29 04:15:00,R2,2.596,1.146,4.808,4.042,0.952,10.948
2026-08-29 04:30:00,R1,2.966,0.958,5.071,4.277,1.025,11.331
2026-08-29 04:30:00,R2,2.603,0.932,4.906,4.089,0.866,10.793
2026-08-29 04:45:00,R1,2.952,1.227,5.442,4.523,1.105,12.297
2026-08-29 04:45:00,R2,2.599,1.212,4.455,3.785,0.937,10.389
2026-08-29 05:00:00,R1,2.873,1.064,5.544,4.183,0.931,11.721
2026-08-29 05:00:00,R2,2.814,1.253,4.844,3.645,0.989,10.731
2026-08-29 05:15:00,R1,3.231,1.228,4.955,4.285,1.053,11.521
2026-08-29 05:15:00,R2,2.797,1.204,4.462,3.633,0.799,10.098
2026-08-29 05:30:00,R1,3.125,1.078,5.224,4.636,0.852,11.79
2026-08-29 05:30:00,R2,2.794,1.071,4.564,3.841,0.896,10.372
2026-08-29 05:45:00,R1,2.876,1.093,4.981,4.585,0.97,11.629
2026-08-29 05:45:00,R2,2.528,1.179,4.484,3.858,0.963,10.484
2026-08-29 06:00:00,R1,3.312,1.135,5.45,4.481,1.038,12.104
2026-08-29 06:00:00,R2,2.444,1.14,4.379,3.771,0.927,10.217
2026-08-29 06:15:00,R1,2.822,1.32,5.126,4.8,0.885,12.131
2026-08-29 06:15:00,R2,2.395,0.92,4.28,3.939,1.077,10.216
2026-08-29 06:30:00,R1,3.173,1.121,5.266,4.361,0.891,11.639
2026-08-29 06:30:00,R2,2.769,1.167,4.67,3.913,0.848,10.598
2026-08-29 06:45:00,R1,3.193,1.221,5.104,4.186,0.936,11.446
2026-08-29 06:45:00,R2,2.389,1.05,4.58,3.755,0.831,10.217
2026-08-29 07:00:00,R1,3.046,1.135,4.561,3.928,0.915,10.539
2026-08-29 07:00:00,R2,2.506,0.981,4.323,3.501,0.859,9.663
2026-08-29 07:15:00,R1,2.941,1.296,5.025,4.589,0.948,11.858
2026-08-29 07:15:00,R2,2.783,1.026,4.936,3.942,0.88,10.784
2026-08-29 07:30:00,R1,2.665,1.026,4.998,4.146,1.07,11.241
2026-08-29 07:30:00,R2,2.142,1.037,4.376,3.778,0.905,10.096
2026-08-29 07:45:00,R1,2.887,1.223,5.437,3.969,0.977,11.605
2026-08-29 07:45:00,R2,2.662,1.036,4.504,3.918,0.904,10.363
2026-08-29 08:00:00,R1,3.367,1.113,5.076,4.139,1.051,11.379
2026-08-29 08:00:00,R2,2.589,1.252,4.391,3.497,0.886,10.026
2026-08-29 08:15:00,R1,2.896,1.138,4.872,4.304,0.985,11.299
2026-08-29 08:15:00,R2,2.809,1.053,3.902,3.509,0.963,9.427
2026-08-29 08:30:00,R1,2.912,1.172,5.201,4.373,1.002,11.748
2026-08-29 08:30:00,R2,2.654,0.964,4.362,3.843,0.957,10.125
2026-08-29 08:45:00,R1,2.972,1.073,5.108,4.23,1.036,11.447
2026-08-29 08:45:00,R2,2.679,0.988,4.16,3.924,0.852,9.924
2026-08-29 09:00:00,R1,3.021,0.909,5.178,4.553,0.783,11.423
2026-08-29 09:00:00,R2,2.501,1.089,4.734,3.975,0.891,10.688
2026-08-29 09:15:00,R1,2.966,1.255,5.312,4.47,0.858,11.895
2026-08-29 09:15:00,R2,2.765,1.047,4.497,3.619,0.782,9.945
2026-08-29 09:30:00,R1,3.304,1.25,5.758,3.979,0.97,11.958
2026-08-29 09:30:00,R2,2.793,1.189,4.793,3.295,0.993,10.271
2026-08-29 09:45:00,R1,3.309,1.223,4.748,4.527,0.98,11.478
2026-08-29 09:45:00,R2,2.798,1.07,4.236,4.23,1.067,10.604
2026-08-29 10:00:00,R1,3.227,1.347,4.994,4.616,0.86,11.817
2026-08-29 10:00:00,R2,2.505,1.038,4.502,4.079,0.989,10.608
2026-08-29 10:15:00,R1,2.822,1.173,5.128,4.414,1.086,11.802
2026-08-29 10:15:00,R2,2.571,1.075,4.421,3.278,0.862,9.637
2026-08-29 10:30:00,R1,3.166,1.191,5.173,4.322,0.908,11.594
2026-08-29 10:30:00,R2,2.683,1.008,4.193,4.112,0.911,10.224
2026-08-29 10:45:00,R1,3.431,1.079,5.2,4.26,1.041,11.581
2026-08-29 10:45:00,R2,2.709,0.995,5.072,3.716,0.906,10.69
2026-08-29 11:00:00,R1,3.094,1.262,5.251,4.129,1.003,11.646
2026-08-29 11:00:00,R2,2.76,1.074,4.82,4.173,0.885,10.952
2026-08-29 11:15:00,R1,3.091,1.063,5.503,4.43,0.996,11.992
2026-08-29 11:15:00,R2,3.023,1.167,4.58,3.675,0.888,10.31
2026-08-29 11:30:00,R1,3.022,1.166,5.213,4.482,0.858,11.72
2026-08-29 11:30:00,R2,2.606,1.113,4.477,4.013,1.0,10.604
2026-08-29 11:45:00,R1,2.839,1.292,5.534,4.172,1.015,12.012
2026-08-29 11:45:00,R2,2.339,1.116,3.989,3.89,0.784,9.779
2026-08-29 12:00:00,R1,3.037,1.131,5.061,4.16,1.065,11.417
2026-08-29 12:00:00,R2,2.743,1.074,4.429,3.977,0.719,10.199
2026-08-29 12:15:00,R1,3.148,1.139,5.376,4.333,0.947,11.796
2026-08-29 12:15:00,R2,2.98,1.07,4.449,3.813,0.87,10.201
2026-08-29 12:30:00,R1,2.488,1.06,5.319,4.438,0.914,11.731
2026-08-29 12:30:00,R2,2.69,0.986,4.241,3.529,0.871,9.627
2026-08-29 12:45:00,R1,2.46,1.242,5.21,4.502,0.793,11.747
2026-08-29 12:45:00,R2,2.37,0.979,4.453,4.333,0.801,10.566
2026-08-29 13:00:00,R1,2.82,1.268,5.245,4.672,0.896,12.081
2026-08-29 13:00:00,R2,2.594,0.896,4.585,3.739,0.892,10.112
2026-08-29 13:15:00,R1,2.978,1.307,5.307,4.418,0.955,11.986
2026-08-29 13:15:00,R2,2.902,1.11,4.302,3.605,0.888,9.906
2026-08-29 13:30:00,R1,2.764,1.117,5.107,3.847,0.99,11.061
2026-08-29 13:30:00,R2,2.831,1.064,4.774,3.839,0.715,10.392
2026-08-29 13:45:00,R1,2.782,1.236,4.707,4.465,0.918,11.326
2026-08-29 13:45:00,R2,2.966,0.967,4.582,3.647,1.063,10.259
2026-08-29 14:00:00,R1,3.506,1.046,5.138,4.107,0.898,11.189
2026-08-29 14:00:00,R2,3.152,1.09,4.384,3.356,0.785,9.615
2026-08-29 14:15:00,R1,3.119,1.164,5.733,4.349,0.979,12.225
2026-08-29 14:15:00,R2,2.637,1.004,4.714,3.793,0.862,10.373
2026-08-29 14:30:00,R1,3.053,1.247,4.788,4.34,0.982,11.356
2026-08-29 14:30:00,R2,2.299,1.131,4.547,4.085,0.938,10.701
2026-08-29 14:45:00,R1,2.66,1.121,4.832,4.381,0.986,11.32
2026-08-29 14:45:00,R2,2.487,1.143,4.657,4.212,1.046,11.058
2026-08-29 15:00:00,R1,2.559,1.223,5.589,4.165,0.845,11.822
2026-08-29 15:00:00,R2,2.636,1.114,4.79,4.03,0.868,10.801
2026-08-29 15:15:00,R1,2.857,1.107,4.841,4.332,1.131,11.411
2026-08-29 15:15:00,R2,2.701,1.042,4.723,4.117,0.93,10.811
2026-08-29 15:30:00,R1,2.935,1.41,5.388,4.139,1.02,11.957
2026-08-29 15:30:00,R2,2.887,0.98,4.762,4.024,0.923,10.689
2026-08-29 15:45:00,R1,2.929,1.111,5.529,4.285,1.051,11.976
2026-08-29 15:45:00,R2,2.554,0.969,4.474,4.202,0.924,10.57
2026-08-29 16:00:00,R1,2.962,1.078,4.859,4.077,1.161,11.175
2026-08-29 16:00:00,R2,2.467,1.172,4.715,3.942,0.946,10.775
2026-08-29 16:15:00,R1,3.05,1.182,4.736,4.485,0.936,11.338
2026-08-29 16:15:00,R2,2.498,0.954,4.334,4.197,0.881,10.366
2026-08-29 16:30:00,R1,3.053,0.984,5.049,4.155,0.991,11.179
2026-08-29 16:30:00,R2,2.693,1.094,4.205,3.452,0.845,9.596
2026-08-29 16:45:00,R1,3.067,1.091,5.352,4.526,1.049,12.018
2026-08-29 16:45:00,R2,2.307,1.039,4.809,3.647,0.889,10.384
2026-08-29 17:00:00,R1,3.055,1.187,4.849,4.108,0.892,11.036
2026-08-29 17:00:00,R2,2.497,0.935,4.159,4.077,0.957,10.127
2026-08-29 17:15:00,R1,2.999,1.003,4.769,4.223,1.008,11.003
2026-08-29 17:15:00,R2,2.463,1.055,4.117,3.626,0.954,9.752
2026-08-29 17:30:00,R1,2.781,1.22,5.08,4.487,0.966,11.753
2026-08-29 17:30:00,R2,2.971,0.957,4.318,3.717,0.788,9.78
2026-08-29 17:45:00,R1,2.973,1.225,5.296,4.335,1.042,11.898
2026-08-29 17:45:00,R2,2.518,1.139,4.34,3.491,0.949,9.92
2026-08-29 18:00:00,R1,3.127,1.173,4.811,3.919,0.988,10.891
2026-08-29 18:00:00,R2,2.135,1.126,4.578,3.743,0.871,10.319
2026-08-29 18:15:00,R1,3.159,1.089,5.246,3.896,0.861,11.091
2026-08-29 18:15:00,R2,2.871,1.201,4.394,4.031,0.986,10.612
2026-08-29 18:30:00,R1,2.939,1.048,5.046,4.407,0.984,11.485
2026-08-29 18:30:00,R2,2.533,1.083,3.939,3.923,0.955,9.899
2026-08-29 18:45:00,R1,3.283,1.097,5.241,4.543,0.921,11.801
2026-08-29 18:45:00,R2,2.503,1.121,4.531,3.454,1.065,10.171
2026-08-29 19:00:00,R1,3.165,1.062,5.233,4.115,0.907,11.318
2026-08-29 19:00:00,R2,2.582,0.971,4.473,3.933,0.975,10.352
2026-08-29 19:15:00,R1,3.29,1.216,5.109,4.58,0.872,11.778
2026-08-29 19:15:00,R2,2.484,1.005,4.201,3.901,0.858,9.964
2026-08-29 19:30:00,R1,2.96,1.081,5.152,4.206,0.943,11.381
2026-08-29 19:30:00,R2,2.586,0.994,4.778,4.059,0.836,10.667
2026-08-29 19:45:00,R1,2.991,1.099,4.927,3.845,1.125,10.997
2026-08-29 19:45:00,R2,2.676,1.183,4.126,3.972,0.987,10.268
2026-08-29 20:00:00,R1,2.952,1.226,5.152,4.21,0.857,11.445
2026-08-29 20:00:00,R2,2.535,0.933,5.334,3.778,0.797,10.842
2026-08-29 20:15:00,R1,2.93,1.14,5.501,4.386,1.028,12.056
2026-08-29 20:15:00,R2,2.382,1.049,4.705,3.734,0.861,10.35
2026-08-29 20:30:00,R1,3.039,0.934,4.826,3.45,1.038,10.247
2026-08-29 20:30:00,R2,2.741,0.982,4.444,3.691,0.833,9.951
2026-08-29 20:45:00,R1,3.4,1.191,5.954,4.298,0.971,12.413
2026-08-29 20:45:00,R2,2.599,1.05,4.614,3.441,0.708,9.812
2026-08-29 21:00:00,R1,2.98,1.051,5.025,4.08,1.083,11.239
2026-08-29 21:00:00,R2,2.48,1.072,4.368,4.089,0.926,10.455
2026-08-29 21:15:00,R1,2.729,1.363,5.233,4.249,0.857,11.702
2026-08-29 21:15:00,R2,3.013,0.931,4.157,3.885,0.87,9.842
2026-08-29 21:30:00,R1,3.077,1.201,5.596,3.919,1.018,11.734
2026-08-29 21:30:00,R2,2.733,1.146,4.395,4.229,0.856,10.626
2026-08-29 21:45:00,R1,2.72,1.157,4.682,4.567,0.897,11.302
2026-08-29 21:45:00,R2,2.723,1.065,4.753,3.852,0.953,10.623
2026-08-29 22:00:00,R1,3.503,1.172,5.287,4.056,0.988,11.502
2026-08-29 22:00:00,R2,2.984,1.039,4.084,3.942,0.851,9.916
2026-08-29 22:15:00,R1,2.729,1.186,5.027,4.434,1.08,11.728
2026-08-29 22:15:00,R2,2.403,1.027,4.6,4.109,0.842,10.578
2026-08-29 22:30:00,R1,3.063,1.348,5.092,4.323,0.826,11.589
2026-08-29 22:30:00,R2,2.581,1.091,4.141,3.456,0.988,9.676
2026-08-29 22:45:00,R1,2.756,1.183,5.108,4.39,0.926,11.608
2026-08-29 22:45:00,R2,2.565,1.148,3.938,3.775,0.971,9.831
2026-08-29 23:00:00,R1,2.955,1.05,5.123,4.163,0.871,11.207
2026-08-29 23:00:00,R2,2.359,0.95,4.514,3.702,1.036,10.202
2026-08-29 23:15:00,R1,3.079,1.151,5.431,4.658,1.046,12.285
2026-08-29 23:15:00,R2,2.366,1.013,4.473,3.575,0.989,10.05
2026-08-29 23:30:00,R1,2.932,0.903,5.595,4.358,0.996,11.852
2026-08-29 23:30:00,R2,2.534,1.033,4.668,3.983,0.932,10.616
2026-08-29 23:45:00,R1,3.016,1.106,4.743,4.446,0.929,11.224
2026-08-29 23:45:00,R2,2.784,1.1,4.165,4.108,0.829,10.203
2026-08-30 00:00:00,R1,2.986,1.035,4.779,4.596,1.035,11.446
2026-08-30 00:00:00,R2,2.58,1.022,4.354,3.757,1.029,10.162
2026-08-30 00:15:00,R1,3.062,0.956,5.099,4.277,0.842,11.175
2026-08-30 00:15:00,R2,2.605,1.029,4.764,3.538,0.904,10.235
2026-08-30 00:30:00,R1,2.781,1.177,4.778,4.509,0.928,11.392
2026-08-30 00:30:00,R2,2.648,1.033,4.775,3.848,1.011,10.667
2026-08-30 00:45:00,R1,3.06,1.286,4.787,4.426,1.003,11.502
2026-08-30 00:45:00,R2,2.75,1.015,4.129,3.244,0.793,9.181
2026-08-30 01:00:00,R1,3.11,1.216,5.176,4.604,0.952,11.947
2026-08-30 01:00:00,R2,2.45,0.884,5.0,3.609,0.958,10.45
2026-08-30 01:15:00,R1,2.7,1.109,5.288,4.271,1.025,11.693
2026-08-30 01:15:00,R2,2.43,1.089,4.342,3.746,0.786,9.962
2026-08-30 01:30:00,R1,3.061,1.209,5.046,4.153,0.913,11.322
2026-08-30 01:30:00,R2,2.318,1.023,3.821,3.874,0.794,9.511
2026-08-30 01:45:00,R1,3.12,1.005,5.063,4.246,0.78,11.094
2026-08-30 01:45:00,R2,2.708,1.137,4.65,4.269,0.915,10.971
2026-08-30 02:00:00,R1,2.884,1.204,5.083,4.054,0.986,11.326
2026-08-30 02:00:00,R2,2.581,0.988,4.222,3.517,0.737,9.463
2026-08-30 02:15:00,R1,3.04,1.301,5.525,4.3,0.843,11.969
2026-08-30 02:15:00,R2,2.607,1.015,4.697,3.811,0.884,10.408
2026-08-30 02:30:00,R1,2.839,1.165,5.232,4.425,0.915,11.737
2026-08-30 02:30:00,R2,2.444,1.026,4.188,3.783,0.923,9.92
2026-08-30 02:45:00,R1,3.232,1.264,5.092,4.392,0.958,11.707
2026-08-30 02:45:00,R2,2.491,1.112,4.441,4.251,0.878,10.682
2026-08-30 03:00:00,R1,3.085,1.194,5.322,4.107,0.959,11.582
2026-08-30 03:00:00,R2,2.839,1.106,4.602,3.97,1.108,10.786
2026-08-30 03:15:00,R1,3.182,1.234,4.747,3.977,0.981,10.939
2026-08-30 03:15:00,R2,2.854,0.841,4.299,3.813,0.902,9.855
2026-08-30 03:30:00,R1,3.116,1.057,5.507,4.371,0.982,11.915
2026-08-30 03:30:00,R2,2.811,1.077,4.496,3.556,0.918,10.046
2026-08-30 03:45:00,R1,3.096,1.134,4.859,4.364,1.027,11.384
2026-08-30 03:45:00,R2,2.542,1.088,4.443,3.721,0.934,10.187
2026-08-30 04:00:00,R1,3.069,1.06,4.868,4.206,0.97,11.105
2026-08-30 04:00:00,R2,2.254,0.863,4.374,3.792,0.912,9.941
2026-08-30 04:15:00,R1,2.595,1.122,5.176,4.229,0.989,11.516
2026-08-30 04:15:00,R2,2.946,1.01,3.967,4.333,1.028,10.337
2026-08-30 04:30:00,R1,3.063,1.139,4.91,4.043,0.916,11.009
2026-08-30 04:30:00,R2,2.473,0.958,4.06,3.709,0.731,9.457
2026-08-30 04:45:00,R1,2.502,1.12,4.85,3.982,0.974,10.925
2026-08-30 04:45:00,R2,2.556,0.932,4.6,3.905,0.878,10.315
2026-08-30 05:00:00,R1,3.158,1.146,4.827,3.865,0.907,10.745
2026-08-30 05:00:00,R2,2.469,0.888,4.766,3.705,0.868,10.227
2026-08-30 05:15:00,R1,2.941,1.198,5.032,4.444,0.99,11.664
2026-08-30 05:15:00,R2,2.58,1.04,4.455,4.185,0.861,10.541
2026-08-30 05:30:00,R1,3.229,1.138,5.342,4.834,0.874,12.189
2026-08-30 05:30:00,R2,2.624,0.953,4.656,3.473,0.875,9.958
2026-08-30 05:45:00,R1,3.049,0.994,4.98,4.221,1.075,11.269
2026-08-30 05:45:00,R2,2.501,0.96,4.839,3.711,0.896,10.406
2026-08-30 06:00:00,R1,3.318,1.182,5.791,4.187,0.948,12.109
2026-08-30 06:00:00,R2,3.157,1.094,4.414,3.886,0.796,10.191
2026-08-30 06:15:00,R1,3.019,1.166,5.042,4.583,0.962,11.753
2026-08-30 06:15:00,R2,2.571,1.088,4.475,3.82,0.931,10.314
2026-08-30 06:30:00,R1,2.85,1.347,5.039,4.353,0.872,11.612
2026-08-30 06:30:00,R2,2.676,1.17,5.248,3.92,0.871,11.209
2026-08-30 06:45:00,R1,3.065,1.198,5.342,4.25,0.913,11.702
2026-08-30 06:45:00,R2,2.455,1.052,4.556,3.791,1.024,10.424
2026-08-30 07:00:00,R1,2.631,0.961,5.342,4.036,1.027,11.367
2026-08-30 07:00:00,R2,2.612,1.01,4.247,4.137,0.964,10.358
2026-08-30 07:15:00,R1,3.163,1.21,4.592,4.396,0.873,11.071
2026-08-30 07:15:00,R2,2.601,1.191,4.644,3.95,1.005,10.791
2026-08-30 07:30:00,R1,3.148,1.073,4.71,3.633,1.095,10.511
2026-08-30 07:30:00,R2,2.506,0.893,5.021,4.026,1.02,10.96
2026-08-30 07:45:00,R1,3.139,1.139,5.286,4.707,0.911,12.044
2026-08-30 07:45:00,R2,2.679,1.08,4.649,3.957,0.742,10.428
2026-08-30 08:00:00,R1,3.333,1.141,5.034,3.911,1.014,11.099
2026-08-30 08:00:00,R2,2.531,1.04,4.866,3.488,1.028,10.422
2026-08-30 08:15:00,R1,3.3,1.108,5.26,4.036,1.044,11.448
2026-08-30 08:15:00,R2,2.774,0.924,4.241,3.745,0.895,9.806
2026-08-30 08:30:00,R1,2.81,1.192,4.925,4.516,1.028,11.661
2026-08-30 08:30:00,R2,2.483,0.946,4.755,3.834,0.833,10.368
2026-08-30 08:45:00,R1,2.727,1.182,4.735,4.338,0.944,11.198
2026-08-30 08:45:00,R2,2.582,1.115,3.914,3.669,0.827,9.525
2026-08-30 09:00:00,R1,3.175,0.983,5.37,4.087,0.999,11.44
2026-08-30 09:00:00,R2,2.68,0.948,5.11,3.48,0.908,10.446
2026-08-30 09:15:00,R1,3.317,1.004,5.11,4.226,0.887,11.227
2026-08-30 09:15:00,R2,2.93,0.936,4.776,4.042,0.916,10.671
2026-08-30 09:30:00,R1,3.191,1.034,5.139,4.178,1.069,11.42
2026-08-30 09:30:00,R2,2.599,0.966,4.199,3.409,0.884,9.458
2026-08-30 09:45:00,R1,3.033,1.037,4.901,4.572,0.997,11.507
2026-08-30 09:45:00,R2,2.623,1.074,4.736,3.879,0.862,10.551
2026-08-30 10:00:00,R1,3.263,1.047,5.263,3.929,0.897,11.137
2026-08-30 10:00:00,R2,2.82,1.105,4.677,4.174,0.88,10.837
2026-08-30 10:15:00,R1,2.781,1.093,5.698,4.423,0.938,12.151
2026-08-30 10:15:00,R2,2.789,1.193,4.375,3.506,0.935,10.009
2026-08-30 10:30:00,R1,2.862,1.154,5.427,4.307,0.941,11.829
2026-08-30 10:30:00,R2,2.65,1.087,4.741,3.829,0.853,10.511
2026-08-30 10:45:00,R1,3.112,1.126,5.648,4.342,0.774,11.89
2026-08-30 10:45:00,R2,2.428,1.014,4.334,3.515,0.934,9.797
2026-08-30 11:00:00,R1,3.127,1.184,4.914,4.019,0.946,11.064
2026-08-30 11:00:00,R2,2.853,0.92,4.055,4.14,0.987,10.102
2026-08-30 11:15:00,R1,2.942,1.199,5.374,4.222,0.872,11.667
2026-08-30 11:15:00,R2,2.481,1.091,4.478,3.773,0.818,10.159
2026-08-30 11:30:00,R1,2.67,1.083,4.831,4.104,1.046,11.064
2026-08-30 11:30:00,R2,2.293,1.105,4.742,3.429,0.878,10.153
2026-08-30 11:45:00,R1,2.941,1.271,5.39,4.454,0.98,12.096
2026-08-30 11:45:00,R2,2.609,1.011,4.958,3.741,1.036,10.746
2026-08-30 12:00:00,R1,3.09,1.157,4.811,4.397,0.937,11.302
2026-08-30 12:00:00,R2,2.535,0.944,4.581,3.896,0.895,10.316
2026-08-30 12:15:00,R1,2.875,1.327,4.594,4.357,1.026,11.305
2026-08-30 12:15:00,R2,2.75,1.1,4.595,3.742,0.876,10.312
2026-08-30 12:30:00,R1,3.073,1.063,5.489,4.516,0.897,11.964
2026-08-30 12:30:00,R2,2.367,0.958,4.226,4.081,0.995,10.261
2026-08-30 12:45:00,R1,3.211,1.057,5.207,4.771,0.868,11.903
2026-08-30 12:45:00,R2,2.402,0.978,4.415,3.42,0.896,9.71
2026-08-30 13:00:00,R1,2.88,1.111,5.162,4.505,0.991,11.769
2026-08-30 13:00:00,R2,2.358,0.927,4.089,4.377,0.841,10.233
2026-08-30 13:15:00,R1,3.264,1.358,5.562,4.229,1.069,12.217
2026-08-30 13:15:00,R2,2.594,1.011,4.08,4.136,0.822,10.05
2026-08-30 13:30:00,R1,2.827,0.981,5.015,4.514,0.891,11.401
2026-08-30 13:30:00,R2,2.555,0.926,4.294,3.976,0.903,10.099
2026-08-30 13:45:00,R1,3.469,1.327,4.983,4.404,1.049,11.762
2026-08-30 13:45:00,R2,2.671,1.23,4.368,3.966,1.05,10.614
2026-08-30 14:00:00,R1,3.304,1.079,4.859,4.319,0.93,11.186
2026-08-30 14:00:00,R2,2.792,1.218,4.566,3.554,1.081,10.419
2026-08-30 14:15:00,R1,3.172,1.118,5.184,4.557,1.045,11.904
2026-08-30 14:15:00,R2,2.659,0.951,4.94,3.807,0.863,10.561
2026-08-30 14:30:00,R1,2.681,1.353,5.383,4.116,0.826,11.679
2026-08-30 14:30:00,R2,2.722,1.091,5.015,3.382,0.814,10.302
2026-08-30 14:45:00,R1,3.218,1.218,5.295,4.352,0.914,11.78
2026-08-30 14:45:00,R2,2.65,0.967,4.577,3.843,0.941,10.327
2026-08-30 15:00:00,R1,2.87,1.297,5.434,4.343,0.949,12.023
2026-08-30 15:00:00,R2,2.709,1.042,4.262,3.494,0.766,9.564
2026-08-30 15:15:00,R1,2.845,1.115,5.185,4.443,1.039,11.781
2026-08-30 15:15:00,R2,2.462,1.126,4.246,3.818,0.984,10.175
2026-08-30 15:30:00,R1,2.67,1.179,4.591,4.325,0.801,10.896
2026-08-30 15:30:00,R2,2.102,1.162,5.436,3.91,0.905,11.413
2026-08-30 15:45:00,R1,2.984,1.034,5.427,4.537,0.754,11.752
2026-08-30 15:45:00,R2,2.415,1.012,4.403,3.673,0.807,9.895
2026-08-30 16:00:00,R1,3.016,1.088,4.925,4.049,0.842,10.904
2026-08-30 16:00:00,R2,2.526,1.043,4.589,3.575,0.962,10.17
2026-08-30 16:15:00,R1,3.312,1.087,5.096,4.043,1.045,11.271
2026-08-30 16:15:00,R2,2.849,1.123,4.774,4.181,0.868,10.946
2026-08-30 16:30:00,R1,3.05,1.039,4.878,4.4,0.98,11.297
2026-08-30 16:30:00,R2,2.095,1.12,3.884,3.953,0.776,9.733
2026-08-30 16:45:00,R1,2.781,1.179,5.327,4.715,1.127,12.348
2026-08-30 16:45:00,R2,2.586,1.138,4.392,4.055,0.889,10.474
2026-08-30 17:00:00,R1,3.325,1.1,5.123,4.367,0.837,11.427
2026-08-30 17:00:00,R2,2.692,1.098,4.591,4.112,1.061,10.862
2026-08-30 17:15:00,R1,2.867,1.122,5.148,4.36,1.125,11.755
2026-08-30 17:15:00,R2,2.693,0.976,4.92,3.166,1.008,10.071
2026-08-30 17:30:00,R1,2.871,1.097,5.038,4.271,0.946,11.353
2026-08-30 17:30:00,R2,2.408,0.971,4.501,3.865,0.8,10.137
2026-08-30 17:45:00,R1,3.14,1.21,5.188,4.456,0.878,11.732
2026-08-30 17:45:00,R2,2.734,0.989,4.468,3.728,0.914,10.098
2026-08-30 18:00:00,R1,2.96,1.21,4.733,3.746,1.065,10.754
2026-08-30 18:00:00,R2,2.661,1.022,4.134,4.026,0.81,9.993
2026-08-30 18:15:00,R1,2.916,1.341,4.73,4.35,1.213,11.634
2026-08-30 18:15:00,R2,2.455,1.006,4.649,3.726,0.934,10.314
2026-08-30 18:30:00,R1,3.047,1.127,5.361,4.176,1.072,11.736
2026-08-30 18:30:00,R2,3.012,0.962,4.403,3.661,0.928,9.954
2026-08-30 18:45:00,R1,2.699,1.228,5.029,3.89,1.017,11.164
2026-08-30 18:45:00,R2,2.349,1.181,4.415,3.99,0.805,10.39
2026-08-30 19:00:00,R1,2.715,1.167,5.357,4.561,0.927,12.013
2026-08-30 19:00:00,R2,2.668,1.192,4.318,3.851,0.788,10.149
2026-08-30 19:15:00,R1,2.965,1.195,4.756,4.317,0.855,11.123
2026-08-30 19:15:00,R2,2.693,1.289,4.572,4.162,0.685,10.708
2026-08-30 19:30:00,R1,2.904,1.19,5.574,4.2,1.062,12.026
2026-08-30 19:30:00,R2,3.011,1.159,4.299,3.439,0.976,9.874
2026-08-30 19:45:00,R1,2.827,1.078,5.004,4.392,0.882,11.357
2026-08-30 19:45:00,R2,2.327,1.021,4.583,3.592,0.932,10.128
2026-08-30 20:00:00,R1,3.044,1.116,5.603,4.187,0.862,11.768
2026-08-30 20:00:00,R2,2.752,0.961,4.403,3.672,0.856,9.891
2026-08-30 20:15:00,R1,3.04,0.984,5.063,4.364,0.999,11.41
2026-08-30 20:15:00,R2,2.618,1.219,4.387,3.869,0.836,10.312
2026-08-30 20:30:00,R1,3.034,1.173,5.368,4.058,0.976,11.576
2026-08-30 20:30:00,R2,2.298,0.952,4.959,4.0,0.987,10.898
2026-08-30 20:45:00,R1,3.217,1.137,5.035,3.88,0.976,11.028
2026-08-30 20:45:00,R2,2.569,1.064,4.384,3.84,1.005,10.293
2026-08-30 21:00:00,R1,3.229,1.293,5.171,4.081,0.992,11.537
2026-08-30 21:00:00,R2,2.443,0.982,4.031,3.816,0.896,9.725
2026-08-30 21:15:00,R1,3.236,0.981,5.332,4.478,0.99,11.781
2026-08-30 21:15:00,R2,2.549,1.083,3.986,3.847,0.88,9.796
2026-08-30 21:30:00,R1,2.798,1.372,5.103,4.569,1.01,12.053
2026-08-30 21:30:00,R2,2.416,1.118,4.471,3.83,0.923,10.342
2026-08-30 21:45:00,R1,3.023,1.053,4.819,4.298,0.916,11.086
2026-08-30 21:45:00,R2,2.926,1.035,4.559,3.521,0.924,10.039
2026-08-30 22:00:00,R1,3.397,1.104,5.056,4.222,0.928,11.31
2026-08-30 22:00:00,R2,2.646,0.992,4.517,3.607,0.807,9.922
2026-08-30 22:15:00,R1,2.916,1.105,5.231,4.359,0.91,11.605
2026-08-30 22:15:00,R2,2.59,1.163,4.02,3.919,0.965,10.066
2026-08-30 22:30:00,R1,2.95,1.224,5.175,4.508,0.918,11.825
2026-08-30 22:30:00,R2,2.575,1.055,4.794,3.379,0.848,10.076
2026-08-30 22:45:00,R1,2.849,1.2,5.874,4.306,1.06,12.441
2026-08-30 22:45:00,R2,2.903,1.174,4.452,3.593,0.858,10.078
2026-08-30 23:00:00,R1,2.683,1.198,5.247,4.163,0.925,11.532
2026-08-30 23:00:00,R2,2.573,1.133,4.883,3.684,0.967,10.666
2026-08-30 23:15:00,R1,3.088,0.984,5.328,4.439,1.022,11.772
2026-08-30 23:15:00,R2,1.961,0.936,4.959,4.004,0.9,10.799
2026-08-30 23:30:00,R1,3.248,1.04,5.385,4.386,0.969,11.78
2026-08-30 23:30:00,R2,3.069,0.922,4.625,4.065,1.084,10.695
2026-08-30 23:45:00,R1,2.986,1.07,4.72,4.169,0.945,10.904
2026-08-30 23:45:00,R2,2.248,1.167,4.629,3.606,0.856,10.258
2026-08-31 00:00:00,R1,2.761,1.167,5.533,4.04,0.981,11.721
2026-08-31 00:00:00,R2,2.374,1.153,4.83,4.196,0.933,11.11
2026-08-31 00:15:00,R1,3.245,1.105,5.35,3.819,0.874,11.148
2026-08-31 00:15:00,R2,2.377,1.046,4.627,3.608,0.921,10.201
2026-08-31 00:30:00,R1,2.728,1.15,4.702,3.866,0.91,10.628
2026-08-31 00:30:00,R2,2.542,1.047,4.185,3.532,0.886,9.65
2026-08-31 00:45:00,R1,3.205,1.061,5.013,4.061,0.929,11.065
2026-08-31 00:45:00,R2,2.464,0.911,4.686,3.938,0.96,10.494
2026-08-31 01:00:00,R1,3.001,0.923,5.115,4.421,0.942,11.4
2026-08-31 01:00:00,R2,2.553,0.876,5.115,3.802,0.779,10.572
2026-08-31 01:15:00,R1,3.246,1.164,4.859,3.995,0.892,10.91
2026-08-31 01:15:00,R2,2.532,0.86,3.956,3.514,0.931,9.26
2026-08-31 01:30:00,R1,3.017,1.068,5.318,3.97,1.047,11.403
2026-08-31 01:30:00,R2,2.679,1.075,4.328,3.999,0.741,10.143
2026-08-31 01:45:00,R1,2.92,1.16,5.472,4.095,0.983,11.709
2026-08-31 01:45:00,R2,2.293,0.996,4.625,3.866,1.01,10.497
2026-08-31 02:00:00,R1,3.28,1.082,5.551,4.257,1.023,11.913
2026-08-31 02:00:00,R2,2.473,1.021,4.473,3.683,0.827,10.004
2026-08-31 02:15:00,R1,3.168,1.186,5.151,4.445,0.895,11.677
2026-08-31 02:15:00,R2,2.375,1.18,5.058,4.057,0.923,11.219
2026-08-31 02:30:00,R1,2.927,1.26,4.955,4.526,1.037,11.779
2026-08-31 02:30:00,R2,2.22,1.319,4.377,4.113,0.89,10.699
2026-08-31 02:45:00,R1,3.039,1.154,5.2,4.104,1.037,11.495
2026-08-31 02:45:00,R2,2.878,0.988,4.571,3.422,0.913,9.894
2026-08-31 03:00:00,R1,2.858,1.217,5.264,4.264,0.915,11.659
2026-08-31 03:00:00,R2,2.494,1.139,4.921,3.868,0.78,10.708
2026-08-31 03:15:00,R1,2.885,1.17,5.171,4.384,0.9,11.626
2026-08-31 03:15:00,R2,2.69,0.947,4.835,3.697,0.748,10.227
2026-08-31 03:30:00,R1,3.154,1.187,4.804,4.157,1.052,11.201
2026-08-31 03:30:00,R2,2.792,0.972,4.548,3.635,0.945,10.099
2026-08-31 03:45:00,R1,2.983,1.174,5.504,4.174,0.973,11.825
2026-08-31 03:45:00,R2,2.669,0.973,4.427,3.625,0.988,10.011
2026-08-31 04:00:00,R1,2.58,1.11,5.149,4.622,0.896,11.776
2026-08-31 04:00:00,R2,2.55,1.04,4.511,3.671,0.94,10.162
2026-08-31 04:15:00,R1,2.811,1.084,4.88,4.709,1.07,11.744
2026-08-31 04:15:00,R2,2.745,0.91,4.481,3.611,0.954,9.956
2026-08-31 04:30:00,R1,2.953,1.274,5.257,4.236,1.082,11.849
2026-08-31 04:30:00,R2,2.476,1.129,5.079,4.122,0.955,11.285
2026-08-31 04:45:00,R1,3.086,1.134,4.893,4.065,0.948,11.04
2026-08-31 04:45:00,R2,3.032,0.971,4.746,3.91,1.052,10.679
2026-08-31 05:00:00,R1,2.926,0.936,5.083,4.331,0.978,11.328
2026-08-31 05:00:00,R2,2.822,0.935,4.48,3.649,0.874,9.937
2026-08-31 05:15:00,R1,2.677,1.061,4.831,4.299,0.974,11.165
2026-08-31 05:15:00,R2,2.405,1.072,4.59,4.001,1.022,10.685
2026-08-31 05:30:00,R1,3.119,1.275,5.55,4.119,1.042,11.986
2026-08-31 05:30:00,R2,2.657,0.848,4.492,3.608,0.876,9.825
2026-08-31 05:45:00,R1,2.869,1.121,5.526,4.467,1.016,12.13
2026-08-31 05:45:00,R2,2.98,1.141,5.055,3.772,0.844,10.812
2026-08-31 06:00:00,R1,3.452,1.251,5.369,4.573,0.955,12.149
2026-08-31 06:00:00,R2,2.805,1.136,4.771,3.723,1.002,10.632
2026-08-31 06:15:00,R1,3.032,1.292,5.728,4.453,1.079,12.552
2026-08-31 06:15:00,R2,2.457,0.993,5.1,3.891,0.91,10.895
2026-08-31 06:30:00,R1,2.883,1.096,5.675,4.33,1.055,12.155
2026-08-31 06:30:00,R2,2.764,1.202,4.246,3.342,0.941,9.732
2026-08-31 06:45:00,R1,3.136,1.131,5.393,4.143,0.898,11.565
2026-08-31 06:45:00,R2,2.456,0.973,4.548,3.492,0.826,9.839
2026-08-31 07:00:00,R1,3.007,1.17,5.2,4.598,1.071,12.038
2026-08-31 07:00:00,R2,2.618,1.181,4.718,4.102,0.888,10.889
2026-08-31 07:15:00,R1,3.03,1.239,5.585,4.04,1.018,11.881
2026-08-31 07:15:00,R2,2.584,1.092,4.535,3.729,0.914,10.27
2026-08-31 07:30:00,R1,3.215,1.021,4.972,4.381,0.831,11.206
2026-08-31 07:30:00,R2,2.438,1.1,4.715,3.94,0.973,10.729
2026-08-31 07:45:00,R1,2.849,0.994,5.14,4.427,0.879,11.441
2026-08-31 07:45:00,R2,2.752,0.968,3.682,4.014,0.967,9.63
2026-08-31 08:00:00,R1,2.782,1.235,5.073,4.459,0.922,11.688
2026-08-31 08:00:00,R2,2.727,1.058,4.718,3.383,0.903,10.063
2026-08-31 08:15:00,R1,2.822,1.162,5.068,4.193,0.914,11.338
2026-08-31 08:15:00,R2,2.535,1.067,4.322,3.727,0.871,9.988
2026-08-31 08:30:00,R1,2.961,1.159,5.126,4.145,0.951,11.381
2026-08-31 08:30:00,R2,2.775,0.844,4.424,3.852,0.894,10.014
2026-08-31 08:45:00,R1,2.975,0.997,4.796,4.058,0.895,10.746
2026-08-31 08:45:00,R2,2.332,0.982,4.554,4.31,0.917,10.763
2026-08-31 09:00:00,R1,3.25,1.36,5.559,4.463,0.917,12.299
2026-08-31 09:00:00,R2,2.74,0.942,4.253,3.976,0.913,10.084
2026-08-31 09:15:00,R1,3.167,1.149,5.289,4.478,1.003,11.919
2026-08-31 09:15:00,R2,2.652,0.932,3.959,3.629,0.949,9.469
2026-08-31 09:30:00,R1,3.119,1.134,5.652,3.929,0.927,11.642
2026-08-31 09:30:00,R2,2.526,1.222,4.717,3.394,1.014,10.346
2026-08-31 09:45:00,R1,2.786,1.231,4.723,4.124,1.069,11.148
2026-08-31 09:45:00,R2,2.529,0.887,4.966,3.874,0.851,10.577
2026-08-31 10:00:00,R1,3.222,1.162,5.185,4.388,0.96,11.695
2026-08-31 10:00:00,R2,2.734,1.038,4.41,3.811,0.857,10.116
2026-08-31 10:15:00,R1,2.693,1.136,5.481,4.628,0.927,12.171
2026-08-31 10:15:00,R2,2.842,1.091,4.6,4.044,0.822,10.556
2026-08-31 10:30:00,R1,3.263,0.958,5.147,4.168,0.981,11.254
2026-08-31 10:30:00,R2,2.422,1.172,5.201,3.773,0.814,10.96
2026-08-31 10:45:00,R1,2.702,1.128,5.32,3.839,0.799,11.086
2026-08-31 10:45:00,R2,2.618,0.975,4.746,3.786,0.877,10.383
2026-08-31 11:00:00,R1,3.164,1.129,5.313,4.307,0.936,11.684
2026-08-31 11:00:00,R2,2.119,1.098,4.54,4.028,0.711,10.376
2026-08-31 11:15:00,R1,3.209,1.269,5.043,4.503,0.873,11.689
2026-08-31 11:15:00,R2,2.769,0.868,4.01,3.961,0.942,9.78
2026-08-31 11:30:00,R1,2.976,1.314,5.448,3.989,0.838,11.589
2026-08-31 11:30:00,R2,2.374,0.904,5.028,4.023,0.979,10.933
2026-08-31 11:45:00,R1,2.782,1.078,5.467,4.372,0.912,11.829
2026-08-31 11:45:00,R2,2.493,1.095,4.247,3.865,0.952,10.159
2026-08-31 12:00:00,R1,2.966,1.278,5.338,4.258,1.104,11.978
2026-08-31 12:00:00,R2,2.598,1.199,4.33,3.432,0.93,9.892
2026-08-31 12:15:00,R1,2.818,1.246,4.943,4.649,0.788,11.626
2026-08-31 12:15:00,R2,2.707,1.027,4.822,3.977,0.809,10.636
2026-08-31 12:30:00,R1,2.995,1.046,4.871,4.139,1.001,11.058
2026-08-31 12:30:00,R2,2.507,1.16,4.12,3.681,0.957,9.918
2026-08-31 12:45:00,R1,3.154,1.029,5.15,4.395,0.807,11.38
2026-08-31 12:45:00,R2,2.483,1.094,4.211,3.919,0.919,10.143
2026-08-31 13:00:00,R1,3.082,1.232,5.227,4.761,1.026,12.246
2026-08-31 13:00:00,R2,2.331,1.179,4.744,3.587,1.015,10.525
2026-08-31 13:15:00,R1,3.348,1.228,4.924,4.044,0.813,11.009
2026-08-31 13:15:00,R2,2.792,1.024,4.685,4.125,0.802,10.635
2026-08-31 13:30:00,R1,3.102,1.072,4.479,4.595,0.953,11.099
2026-08-31 13:30:00,R2,2.681,0.978,4.652,3.888,0.916,10.435
2026-08-31 13:45:00,R1,2.718,1.104,5.451,4.797,0.973,12.326
2026-08-31 13:45:00,R2,2.068,0.984,4.848,4.059,0.936,10.827
2026-08-31 14:00:00,R1,3.244,1.129,5.312,4.433,0.883,11.757
2026-08-31 14:00:00,R2,3.011,1.253,4.406,3.841,0.883,10.383
2026-08-31 14:15:00,R1,3.513,1.111,5.277,4.22,1.001,11.61
2026-08-31 14:15:00,R2,2.772,1.175,4.652,4.05,0.808,10.686
2026-08-31 14:30:00,R1,2.958,0.805,5.228,4.38,0.814,11.226
2026-08-31 14:30:00,R2,2.45,1.343,4.104,3.744,0.885,10.077
2026-08-31 14:45:00,R1,2.949,1.387,5.652,4.129,0.865,12.033
2026-08-31 14:45:00,R2,2.951,0.979,4.161,3.042,0.932,9.113
2026-08-31 15:00:00,R1,2.695,1.115,4.755,4.577,0.983,11.43
2026-08-31 15:00:00,R2,2.786,1.026,4.581,3.638,0.872,10.117
2026-08-31 15:15:00,R1,3.077,1.249,5.178,4.429,0.983,11.839
2026-08-31 15:15:00,R2,2.727,1.086,4.668,3.541,1.032,10.327
2026-08-31 15:30:00,R1,2.987,1.088,5.083,4.627,0.925,11.723
2026-08-31 15:30:00,R2,2.427,1.134,4.45,4.034,0.918,10.536
2026-08-31 15:45:00,R1,2.704,1.302,5.727,4.385,1.063,12.477
2026-08-31 15:45:00,R2,2.671,1.115,4.699,4.365,0.943,11.122
2026-08-31 16:00:00,R1,2.869,1.085,5.149,4.137,0.957,11.328
2026-08-31 16:00:00,R2,3.0,1.064,4.133,3.88,0.969,10.045
2026-08-31 16:15:00,R1,3.322,1.309,5.587,3.846,1.032,11.774
2026-08-31 16:15:00,R2,2.749,1.074,4.395,4.084,0.893,10.446
2026-08-31 16:30:00,R1,2.886,1.236,5.41,4.298,0.855,11.799
2026-08-31 16:30:00,R2,2.838,1.075,4.319,3.86,0.951,10.205
2026-08-31 16:45:00,R1,3.357,1.332,4.959,4.1,0.807,11.199
2026-08-31 16:45:00,R2,2.448,1.175,4.828,3.533,0.938,10.473
2026-08-31 17:00:00,R1,2.939,1.282,5.091,3.911,0.866,11.151
2026-08-31 17:00:00,R2,2.534,1.126,3.86,3.659,0.944,9.589
2026-08-31 17:15:00,R1,3.519,1.236,5.482,3.991,0.887,11.597
2026-08-31 17:15:00,R2,2.442,1.226,4.342,3.84,0.999,10.407
2026-08-31 17:30:00,R1,2.85,1.028,5.458,4.523,0.973,11.982
2026-08-31 17:30:00,R2,2.562,1.137,4.32,3.539,0.701,9.697
2026-08-31 17:45:00,R1,3.238,1.014,5.386,4.229,0.943,11.572
2026-08-31 17:45:00,R2,2.773,1.005,4.72,3.347,0.858,9.929
2026-08-31 18:00:00,R1,3.138,1.048,5.304,4.388,0.978,11.719
2026-08-31 18:00:00,R2,2.862,1.075,4.86,3.947,0.747,10.628
2026-08-31 18:15:00,R1,3.252,1.133,5.285,4.352,0.945,11.714
2026-08-31 18:15:00,R2,2.649,1.034,4.637,3.191,0.958,9.82
2026-08-31 18:30:00,R1,2.958,1.135,5.039,4.734,0.981,11.888
2026-08-31 18:30:00,R2,2.867,1.149,4.583,3.73,0.872,10.334
2026-08-31 18:45:00,R1,2.968,1.219,5.077,4.567,1.03,11.893
2026-08-31 18:45:00,R2,2.708,0.776,4.387,3.835,0.859,9.857
2026-08-31 19:00:00,R1,3.192,1.114,4.996,3.801,0.993,10.904
2026-08-31 19:00:00,R2,2.232,1.253,4.458,3.49,0.984,10.184
2026-08-31 19:15:00,R1,2.929,1.112,5.036,4.434,0.949,11.531
2026-08-31 19:15:00,R2,2.844,0.944,4.235,3.471,0.888,9.538
2026-08-31 19:30:00,R1,2.976,1.123,5.366,4.431,0.92,11.84
2026-08-31 19:30:00,R2,2.629,1.042,4.446,3.713,0.924,10.125
2026-08-31 19:45:00,R1,3.038,1.085,5.214,4.722,0.933,11.955
2026-08-31 19:45:00,R2,2.57,1.115,4.262,4.068,1.004,10.45
2026-08-31 20:00:00,R1,3.314,1.011,5.289,4.138,0.929,11.366
2026-08-31 20:00:00,R2,2.724,1.052,4.836,3.776,0.886,10.549
2026-08-31 20:15:00,R1,2.958,1.121,5.226,3.685,0.995,11.027
2026-08-31 20:15:00,R2,2.935,0.838,4.259,4.18,0.763,10.04
2026-08-31 20:30:00,R1,3.208,1.116,5.66,4.496,0.932,12.205
2026-08-31 20:30:00,R2,2.766,0.975,4.385,3.559,0.866,9.785
2026-08-31 20:45:00,R1,2.753,0.978,5.184,4.32,1.036,11.518
2026-08-31 20:45:00,R2,2.734,1.176,4.258,3.685,0.96,10.078
2026-08-31 21:00:00,R1,2.962,1.119,5.324,4.268,0.875,11.586
2026-08-31 21:00:00,R2,2.602,1.1,4.348,4.033,0.959,10.439
2026-08-31 21:15:00,R1,2.92,1.05,4.915,4.292,0.992,11.25
2026-08-31 21:15:00,R2,2.651,0.977,4.319,3.718,1.078,10.091
2026-08-31 21:30:00,R1,2.962,1.176,4.728,4.196,1.04,11.14
2026-08-31 21:30:00,R2,2.725,1.013,4.619,3.169,0.917,9.718
2026-08-31 21:45:00,R1,3.024,0.978,5.39,4.38,0.95,11.697
2026-08-31 21:45:00,R2,2.633,1.104,4.405,4.082,0.861,10.452
2026-08-31 22:00:00,R1,3.547,1.153,5.204,4.467,0.963,11.787
2026-08-31 22:00:00,R2,3.274,1.089,4.641,3.754,1.001,10.485
2026-08-31 22:15:00,R1,2.686,1.276,5.094,4.417,0.87,11.657
2026-08-31 22:15:00,R2,2.659,1.174,4.326,4.156,0.957,10.612
2026-08-31 22:30:00,R1,2.921,1.183,4.687,4.313,0.9,11.083
2026-08-31 22:30:00,R2,2.437,1.016,4.616,3.848,0.823,10.303
2026-08-31 22:45:00,R1,2.97,1.111,5.569,4.228,0.983,11.891
2026-08-31 22:45:00,R2,2.454,1.112,4.043,3.985,0.832,9.972
2026-08-31 23:00:00,R1,3.17,1.055,5.194,4.249,0.825,11.323
2026-08-31 23:00:00,R2,2.644,1.08,4.642,3.956,0.732,10.41
2026-08-31 23:15:00,R1,2.984,1.139,5.536,3.783,1.007,11.466
2026-08-31 23:15:00,R2,2.428,1.129,5.402,4.249,0.858,11.638
2026-08-31 23:30:00,R1,3.213,1.115,4.834,4.376,0.927,11.251
2026-08-31 23:30:00,R2,2.45,1.011,4.262,3.853,0.883,10.009
2026-08-31 23:45:00,R1,2.853,1.174,5.82,4.593,0.946,12.533
2026-08-31 23:45:00,R2,2.386,1.27,4.563,3.713,0.902,10.449
2026-09-01 00:00:00,R1,2.944,1.108,5.325,4.036,0.89,11.36
2026-09-01 00:00:00,R2,2.679,1.137,4.46,3.57,1.017,10.184
2026-09-01 00:15:00,R1,3.189,1.211,5.047,4.357,0.864,11.479
2026-09-01 00:15:00,R2,2.924,0.936,4.633,4.144,0.948,10.662
2026-09-01 00:30:00,R1,2.694,1.244,5.356,4.743,0.934,12.278
2026-09-01 00:30:00,R2,2.099,1.06,4.375,3.707,0.777,9.919
2026-09-01 00:45:00,R1,3.252,1.21,5.284,4.193,0.86,11.548
2026-09-01 00:45:00,R2,2.547,1.029,4.934,3.339,0.971,10.273
2026-09-01 01:00:00,R1,2.984,1.072,5.007,4.287,0.903,11.269
2026-09-01 01:00:00,R2,2.445,0.911,4.753,3.456,0.933,10.052
2026-09-01 01:15:00,R1,2.939,1.092,5.324,4.502,0.983,11.901
2026-09-01 01:15:00,R2,2.647,0.937,3.991,3.568,1.077,9.572
2026-09-01 01:30:00,R1,2.71,1.197,5.694,4.276,0.981,12.148
2026-09-01 01:30:00,R2,2.899,0.943,4.792,3.971,0.92,10.626
2026-09-01 01:45:00,R1,3.123,1.24,4.941,3.671,0.923,10.774
2026-09-01 01:45:00,R2,2.637,1.138,4.285,4.394,0.863,10.68
2026-09-01 02:00:00,R1,3.122,1.179,5.719,4.323,0.802,12.023
2026-09-01 02:00:00,R2,2.912,1.012,4.477,4.401,0.939,10.829
2026-09-01 02:15:00,R1,2.769,1.289,5.126,4.191,0.792,11.397
2026-09-01 02:15:00,R2,2.516,1.059,4.518,4.271,0.865,10.713
2026-09-01 02:30:00,R1,3.144,1.107,5.444,4.431,0.863,11.845
2026-09-01 02:30:00,R2,2.636,0.964,4.774,4.247,0.906,10.891
2026-09-01 02:45:00,R1,2.765,1.237,4.89,4.301,0.973,11.4
2026-09-01 02:45:00,R2,3.145,0.91,4.948,4.19,0.991,11.039
2026-09-01 03:00:00,R1,2.935,1.053,4.874,4.028,0.997,10.951
2026-09-01 03:00:00,R2,2.88,1.033,4.266,4.48,0.894,10.673
2026-09-01 03:15:00,R1,3.302,1.105,5.043,4.449,1.021,11.618
2026-09-01 03:15:00,R2,2.568,1.282,4.729,3.863,0.864,10.738
2026-09-01 03:30:00,R1,3.261,1.148,4.974,4.243,0.967,11.332
2026-09-01 03:30:00,R2,2.532,1.165,4.395,3.876,0.809,10.245
2026-09-01 03:45:00,R1,2.957,1.182,5.259,4.281,0.893,11.615
2026-09-01 03:45:00,R2,2.663,1.007,4.583,4.001,0.934,10.525
2026-09-01 04:00:00,R1,3.049,1.088,5.393,4.676,0.978,12.135
2026-09-01 04:00:00,R2,2.363,1.053,4.333,4.016,0.976,10.378
2026-09-01 04:15:00,R1,2.672,0.949,5.16,4.344,0.949,11.402
2026-09-01 04:15:00,R2,2.294,1.105,4.634,3.983,0.96,10.683
2026-09-01 04:30:00,R1,3.034,1.057,4.833,3.943,0.955,10.788
2026-09-01 04:30:00,R2,2.614,1.182,4.368,3.863,0.86,10.273
2026-09-01 04:45:00,R1,3.053,1.359,4.899,4.204,0.952,11.413
2026-09-01 04:45:00,R2,2.673,0.897,4.214,4.277,0.924,10.312
2026-09-01 05:00:00,R1,2.828,1.241,5.503,4.189,0.883,11.816
2026-09-01 05:00:00,R2,2.501,1.113,4.755,3.535,0.927,10.33
2026-09-01 05:15:00,R1,2.74,1.123,5.229,4.085,0.776,11.214
2026-09-01 05:15:00,R2,2.516,1.135,4.924,3.702,0.916,10.678
2026-09-01 05:30:00,R1,3.159,1.141,5.061,4.018,0.918,11.138
2026-09-01 05:30:00,R2,2.356,1.068,4.492,3.905,0.963,10.428
2026-09-01 05:45:00,R1,2.88,1.043,4.861,4.622,0.93,11.455
2026-09-01 05:45:00,R2,2.494,1.094,4.037,3.819,1.059,10.009
2026-09-01 06:00:00,R1,3.261,1.37,4.623,4.179,0.864,11.035
2026-09-01 06:00:00,R2,3.008,1.048,4.211,4.031,0.903,10.194
2026-09-01 06:15:00,R1,2.992,1.072,5.278,3.876,0.971,11.198
2026-09-01 06:15:00,R2,2.235,0.993,4.658,4.101,0.815,10.567
2026-09-01 06:30:00,R1,2.945,1.296,5.174,4.392,0.875,11.737
2026-09-01 06:30:00,R2,2.994,0.961,4.252,3.847,0.888,9.946
2026-09-01 06:45:00,R1,2.537,1.199,5.013,4.227,1.067,11.507
2026-09-01 06:45:00,R2,2.925,1.233,4.737,4.138,0.85,10.957
2026-09-01 07:00:00,R1,2.908,1.193,4.949,4.367,0.966,11.475
2026-09-01 07:00:00,R2,2.651,0.968,4.32,3.684,0.93,9.902
2026-09-01 07:15:00,R1,2.929,1.083,5.399,3.983,1.047,11.512
2026-09-01 07:15:00,R2,2.124,1.12,4.578,3.598,0.939,10.236
2026-09-01 07:30:00,R1,3.009,1.209,5.801,4.368,0.908,12.287
2026-09-01 07:30:00,R2,2.379,1.005,4.419,3.663,0.863,9.949
2026-09-01 07:45:00,R1,3.169,1.21,5.128,4.118,1.012,11.469
2026-09-01 07:45:00,R2,3.026,1.123,4.288,3.899,0.943,10.253
2026-09-01 08:00:00,R1,2.63,1.182,4.822,4.156,1.014,11.175
2026-09-01 08:00:00,R2,2.587,1.147,4.425,3.872,1.003,10.448
2026-09-01 08:15:00,R1,3.219,1.125,5.066,4.254,0.854,11.298
2026-09-01 08:15:00,R2,2.878,1.075,4.421,3.739,1.038,10.272
2026-09-01 08:30:00,R1,2.889,1.158,5.12,4.138,0.903,11.318
2026-09-01 08:30:00,R2,2.874,1.097,4.717,3.936,1.075,10.825
2026-09-01 08:45:00,R1,2.893,1.153,5.344,4.315,0.886,11.697
2026-09-01 08:45:00,R2,2.445,1.075,4.23,3.803,0.781,9.889
2026-09-01 09:00:00,R1,3.003,1.092,5.446,4.518,0.955,12.011
2026-09-01 09:00:00,R2,2.878,0.956,4.227,3.89,0.887,9.959
2026-09-01 09:15:00,R1,2.798,1.195,4.959,4.636,0.943,11.733
2026-09-01 09:15:00,R2,2.794,1.095,4.736,3.845,0.796,10.472
2026-09-01 09:30:00,R1,2.585,1.129,5.199,4.401,0.903,11.632
2026-09-01 09:30:00,R2,2.409,1.116,4.941,3.705,0.781,10.543
2026-09-01 09:45:00,R1,2.941,1.058,5.414,4.201,1.063,11.736
2026-09-01 09:45:00,R2,2.447,1.029,4.279,3.578,1.02,9.907
2026-09-01 10:00:00,R1,2.791,1.227,5.24,4.176,1.029,11.671
2026-09-01 10:00:00,R2,2.802,1.046,3.853,3.911,0.801,9.611
2026-09-01 10:15:00,R1,3.15,1.118,5.17,3.708,0.942,10.938
2026-09-01 10:15:00,R2,2.413,0.992,4.022,4.018,0.898,9.929
2026-09-01 10:30:00,R1,3.381,1.094,5.023,4.176,0.91,11.203
2026-09-01 10:30:00,R2,2.126,0.981,4.445,3.535,0.923,9.883
2026-09-01 10:45:00,R1,3.236,1.098,4.978,4.74,0.9,11.715
2026-09-01 10:45:00,R2,2.321,1.122,4.507,3.735,1.025,10.389
2026-09-01 11:00:00,R1,2.873,1.314,4.754,4.097,0.96,11.126
2026-09-01 11:00:00,R2,2.524,1.098,4.795,3.97,1.041,10.905
2026-09-01 11:15:00,R1,3.027,1.235,5.019,4.189,0.752,11.196
2026-09-01 11:15:00,R2,2.589,1.204,4.293,4.089,0.878,10.464
2026-09-01 11:30:00,R1,3.267,1.288,5.102,4.316,0.931,11.637
2026-09-01 11:30:00,R2,2.91,0.943,4.157,3.564,0.969,9.633
2026-09-01 11:45:00,R1,2.874,1.147,5.303,4.158,0.942,11.551
2026-09-01 11:45:00,R2,2.865,1.179,4.422,3.439,1.094,10.133
2026-09-01 12:00:00,R1,2.733,1.083,4.833,4.421,0.914,11.252
2026-09-01 12:00:00,R2,2.856,1.068,4.557,3.883,0.767,10.275
2026-09-01 12:15:00,R1,2.877,1.163,5.282,4.305,1.054,11.804
2026-09-01 12:15:00,R2,2.639,0.88,4.363,3.498,0.874,9.615
2026-09-01 12:30:00,R1,2.555,1.115,5.058,4.341,1.044,11.558
2026-09-01 12:30:00,R2,2.667,1.043,4.162,3.853,0.997,10.055
2026-09-01 12:45:00,R1,3.3,1.235,5.111,3.845,0.957,11.149
2026-09-01 12:45:00,R2,2.309,1.084,4.291,3.824,0.92,10.118
2026-09-01 13:00:00,R1,2.956,1.136,5.105,4.569,0.944,11.754
2026-09-01 13:00:00,R2,2.336,0.942,4.205,3.67,0.946,9.763
2026-09-01 13:15:00,R1,2.692,1.166,4.983,4.207,0.95,11.306
2026-09-01 13:15:00,R2,2.392,1.014,4.279,3.772,0.897,9.962
2026-09-01 13:30:00,R1,2.916,1.219,5.706,4.639,0.883,12.446
2026-09-01 13:30:00,R2,2.576,1.204,4.767,3.599,1.012,10.581
2026-09-01 13:45:00,R1,3.023,1.002,5.205,4.139,0.986,11.332
2026-09-01 13:45:00,R2,2.283,1.004,4.709,3.761,1.17,10.644
2026-09-01 14:00:00,R1,2.991,1.04,5.177,4.927,0.95,12.094
2026-09-01 14:00:00,R2,2.79,0.95,4.368,4.164,0.991,10.473
2026-09-01 14:15:00,R1,3.076,1.273,5.558,3.869,0.903,11.603
2026-09-01 14:15:00,R2,2.436,1.055,4.68,3.813,0.981,10.529
2026-09-01 14:30:00,R1,2.977,1.037,4.755,4.285,1.053,11.13
2026-09-01 14:30:00,R2,2.495,1.054,4.591,3.683,0.911,10.238
2026-09-01 14:45:00,R1,2.48,1.191,5.22,4.253,1.106,11.772
2026-09-01 14:45:00,R2,2.329,1.252,4.98,3.838,0.807,10.876
2026-09-01 15:00:00,R1,3.123,1.202,5.221,4.365,1.106,11.894
2026-09-01 15:00:00,R2,2.905,1.134,4.24,3.795,1.018,10.186
2026-09-01 15:15:00,R1,2.763,1.118,4.316,4.699,0.928,11.062
2026-09-01 15:15:00,R2,2.246,0.95,4.176,3.682,0.926,9.734
2026-09-01 15:30:00,R1,2.983,1.152,5.375,4.452,0.891,11.871
2026-09-01 15:30:00,R2,2.261,1.039,4.637,3.65,1.011,10.338
2026-09-01 15:45:00,R1,3.052,1.342,5.117,4.391,0.979,11.828
2026-09-01 15:45:00,R2,2.744,0.863,4.026,3.693,0.847,9.429
2026-09-01 16:00:00,R1,3.176,1.243,5.024,4.345,0.959,11.57
2026-09-01 16:00:00,R2,2.679,1.15,4.941,3.713,0.878,10.682
2026-09-01 16:15:00,R1,2.98,1.135,5.459,4.064,0.984,11.641
2026-09-01 16:15:00,R2,2.57,1.105,4.738,3.947,1.022,10.813
2026-09-01 16:30:00,R1,3.01,1.131,4.673,4.398,1.005,11.207
2026-09-01 16:30:00,R2,2.737,1.068,4.647,3.917,0.755,10.388
2026-09-01 16:45:00,R1,2.98,1.066,5.556,3.954,0.958,11.533
2026-09-01 16:45:00,R2,2.673,1.174,4.669,3.833,0.896,10.572
2026-09-01 17:00:00,R1,2.923,1.135,5.602,4.3,0.863,11.9
2026-09-01 17:00:00,R2,2.224,1.105,4.692,3.59,0.868,10.255
2026-09-01 17:15:00,R1,2.667,1.248,5.051,4.042,0.953,11.295
2026-09-01 17:15:00,R2,2.588,1.056,4.099,3.804,1.024,9.984
2026-09-01 17:30:00,R1,2.902,1.186,5.349,4.142,1.034,11.711
2026-09-01 17:30:00,R2,2.41,1.035,4.424,3.652,0.787,9.898
2026-09-01 17:45:00,R1,2.845,1.211,5.233,4.518,0.94,11.903
2026-09-01 17:45:00,R2,2.767,0.917,4.392,3.765,0.932,10.005
2026-09-01 18:00:00,R1,2.889,1.2,4.749,4.862,0.816,11.627
2026-09-01 18:00:00,R2,2.659,0.988,4.584,3.493,0.916,9.98
2026-09-01 18:15:00,R1,3.036,1.288,5.041,4.408,1.049,11.786
2026-09-01 18:15:00,R2,2.269,0.989,4.851,3.571,0.862,10.273
2026-09-01 18:30:00,R1,3.078,0.989,5.335,4.254,0.921,11.498
2026-09-01 18:30:00,R2,2.427,1.049,4.246,3.69,0.822,9.806
2026-09-01 18:45:00,R1,3.055,1.285,4.791,4.382,0.916,11.374
2026-09-01 18:45:00,R2,2.728,0.839,4.861,3.787,1.003,10.49
2026-09-01 19:00:00,R1,3.073,1.079,5.12,4.26,0.913,11.372
2026-09-01 19:00:00,R2,2.461,0.984,4.328,3.924,0.944,10.18
2026-09-01 19:15:00,R1,3.002,1.166,5.345,3.923,1.091,11.524
2026-09-01 19:15:00,R2,2.15,1.064,4.289,3.578,0.862,9.792
2026-09-01 19:30:00,R1,3.115,1.261,4.732,4.509,1.053,11.556
2026-09-01 19:30:00,R2,2.17,1.128,4.447,3.933,0.988,10.497
2026-09-01 19:45:00,R1,3.178,1.036,5.167,3.936,1.04,11.178
2026-09-01 19:45:00,R2,2.204,1.124,5.108,3.825,1.01,11.067
2026-09-01 20:00:00,R1,3.09,1.435,5.475,4.262,0.904,12.075
2026-09-01 20:00:00,R2,2.725,1.126,4.479,3.759,0.865,10.229
2026-09-01 20:15:00,R1,2.955,1.077,4.8,4.321,1.014,11.213
2026-09-01 20:15:00,R2,2.684,0.934,3.898,3.926,0.992,9.75
2026-09-01 20:30:00,R1,3.503,1.175,5.377,3.977,0.911,11.44
2026-09-01 20:30:00,R2,2.634,1.133,5.019,4.437,0.92,11.509
2026-09-01 20:45:00,R1,3.164,1.224,4.711,4.491,0.833,11.259
2026-09-01 20:45:00,R2,2.259,1.043,3.864,4.088,0.904,9.9
2026-09-01 21:00:00,R1,2.918,1.177,4.942,3.518,0.975,10.612
2026-09-01 21:00:00,R2,2.622,0.996,4.279,3.722,0.844,9.842
2026-09-01 21:15:00,R1,2.932,1.066,5.62,4.372,0.895,11.953
2026-09-01 21:15:00,R2,2.845,1.038,4.216,3.783,1.019,10.057
2026-09-01 21:30:00,R1,2.877,1.08,4.881,4.034,1.007,11.002
2026-09-01 21:30:00,R2,2.569,1.174,4.677,3.737,0.844,10.432
2026-09-01 21:45:00,R1,2.792,1.446,5.372,4.35,0.965,12.132
2026-09-01 21:45:00,R2,2.438,1.067,5.69,3.858,0.864,11.479
2026-09-01 22:00:00,R1,3.342,1.199,4.714,4.395,0.888,11.196
2026-09-01 22:00:00,R2,2.781,0.992,4.026,3.593,0.816,9.427
2026-09-01 22:15:00,R1,3.183,0.976,5.47,4.47,1.019,11.934
2026-09-01 22:15:00,R2,2.632,1.198,4.161,3.592,0.958,9.909
2026-09-01 22:30:00,R1,2.819,1.22,5.152,4.381,0.968,11.721
2026-09-01 22:30:00,R2,2.652,1.101,4.248,3.368,0.977,9.694
2026-09-01 22:45:00,R1,2.842,1.158,5.205,4.523,0.857,11.743
2026-09-01 22:45:00,R2,2.526,1.123,4.375,3.425,0.955,9.879
2026-09-01 23:00:00,R1,2.723,1.063,5.312,4.319,0.925,11.62
2026-09-01 23:00:00,R2,2.681,1.068,4.671,3.845,0.921,10.506
2026-09-01 23:15:00,R1,3.223,1.151,5.3,4.834,0.881,12.166
2026-09-01 23:15:00,R2,2.428,1.191,4.63,3.581,0.842,10.244
2026-09-01 23:30:00,R1,2.774,1.13,5.385,4.491,0.924,11.931
2026-09-01 23:30:00,R2,2.809,1.076,4.505,4.204,1.002,10.787
2026-09-01 23:45:00,R1,2.854,1.231,5.496,4.411,1.059,12.197
2026-09-01 23:45:00,R2,2.709,1.085,4.113,3.609,1.035,9.841
2026-09-02 00:00:00,R1,2.995,1.016,4.938,4.118,0.979,11.05
2026-09-02 00:00:00,R2,2.477,1.019,4.563,3.231,0.954,9.766
2026-09-02 00:15:00,R1,3.048,1.143,4.914,4.374,0.955,11.386
2026-09-02 00:15:00,R2,2.46,1.111,4.719,3.157,0.998,9.984
2026-09-02 00:30:00,R1,2.979,1.124,5.277,4.185,1.026,11.611
2026-09-02 00:30:00,R2,2.509,0.977,4.574,3.614,0.885,10.051
2026-09-02 00:45:00,R1,3.475,1.176,4.869,4.433,1.119,11.598
2026-09-02 00:45:00,R2,2.792,0.976,4.723,3.855,0.855,10.409
2026-09-02 01:00:00,R1,3.074,1.123,4.983,4.209,0.943,11.257
2026-09-02 01:00:00,R2,2.357,0.989,4.049,3.668,0.895,9.6
2026-09-02 01:15:00,R1,3.074,1.159,5.498,4.119,1.007,11.782
2026-09-02 01:15:00,R2,2.855,1.089,4.141,3.686,0.936,9.851
2026-09-02 01:30:00,R1,2.868,1.076,5.615,4.375,0.869,11.935
2026-09-02 01:30:00,R2,3.025,0.925,4.816,3.776,0.841,10.358
2026-09-02 01:45:00,R1,3.155,1.161,4.928,4.247,0.941,11.277
2026-09-02 01:45:00,R2,2.643,0.983,4.327,3.804,1.005,10.119
2026-09-02 02:00:00,R1,2.378,1.008,4.73,3.89,1.085,10.713
2026-09-02 02:00:00,R2,2.36,1.239,4.465,3.993,0.774,10.472
2026-09-02 02:15:00,R1,3.247,1.266,5.029,4.071,1.037,11.402
2026-09-02 02:15:00,R2,2.826,1.179,4.249,4.084,0.833,10.345
2026-09-02 02:30:00,R1,3.152,1.15,5.404,3.938,0.976,11.469
2026-09-02 02:30:00,R2,2.84,1.184,4.771,3.723,1.009,10.686
2026-09-02 02:45:00,R1,3.071,1.171,4.95,4.251,1.05,11.422
2026-09-02 02:45:00,R2,2.67,1.043,4.64,3.87,0.924,10.477
2026-09-02 03:00:00,R1,3.23,1.184,5.042,4.335,0.992,11.554
2026-09-02 03:00:00,R2,2.643,1.212,4.869,3.533,0.846,10.46
2026-09-02 03:15:00,R1,2.949,1.01,5.852,4.5,0.993,12.354
2026-09-02 03:15:00,R2,2.584,1.167,4.027,3.704,0.889,9.786
2026-09-02 03:30:00,R1,2.836,1.266,5.208,4.542,0.971,11.987
2026-09-02 03:30:00,R2,2.617,1.227,4.494,3.368,0.933,10.023
2026-09-02 03:45:00,R1,2.607,1.252,4.778,3.658,1.02,10.708
2026-09-02 03:45:00,R2,2.949,0.996,4.158,3.862,0.922,9.939
2026-09-02 04:00:00,R1,2.92,1.118,5.521,4.194,0.895,11.728
2026-09-02 04:00:00,R2,2.891,1.051,4.539,3.616,0.903,10.109
2026-09-02 04:15:00,R1,2.907,1.221,4.59,4.404,0.994,11.208
2026-09-02 04:15:00,R2,2.579,0.999,4.737,3.578,1.061,10.375
2026-09-02 04:30:00,R1,2.823,0.922,4.818,3.91,0.932,10.582
2026-09-02 04:30:00,R2,2.836,1.104,4.205,3.939,0.886,10.134
2026-09-02 04:45:00,R1,3.032,1.138,5.47,4.432,0.946,11.985
2026-09-02 04:45:00,R2,2.529,0.928,4.548,3.816,0.857,10.149
2026-09-02 05:00:00,R1,2.752,1.106,4.913,3.68,0.912,10.61
2026-09-02 05:00:00,R2,2.387,1.154,4.776,3.879,0.79,10.598
2026-09-02 05:15:00,R1,2.892,1.1,4.905,4.028,0.975,11.008
2026-09-02 05:15:00,R2,2.806,0.952,4.468,3.794,0.824,10.038
2026-09-02 05:30:00,R1,2.777,0.971,4.412,3.953,0.869,10.205
2026-09-02 05:30:00,R2,2.536,0.956,4.385,3.638,0.916,9.894
2026-09-02 05:45:00,R1,3.084,1.161,5.289,4.322,1.037,11.808
2026-09-02 05:45:00,R2,2.975,1.063,4.087,3.949,1.048,10.146
2026-09-02 06:00:00,R1,3.702,1.164,5.321,4.276,0.983,11.744
2026-09-02 06:00:00,R2,3.141,1.135,4.304,4.34,1.01,10.789
2026-09-02 06:15:00,R1,2.88,0.949,5.099,4.188,1.06,11.295
2026-09-02 06:15:00,R2,2.528,1.126,4.208,3.646,0.854,9.834
2026-09-02 06:30:00,R1,2.644,1.133,4.88,4.35,0.908,11.272
2026-09-02 06:30:00,R2,2.342,1.18,4.665,4.006,0.926,10.778
2026-09-02 06:45:00,R1,3.167,1.009,5.033,4.118,0.92,11.08
2026-09-02 06:45:00,R2,3.395,0.979,4.164,4.126,0.922,10.19
2026-09-02 07:00:00,R1,2.927,1.198,5.335,4.104,0.964,11.601
2026-09-02 07:00:00,R2,2.686,0.978,4.113,3.445,0.758,9.294
2026-09-02 07:15:00,R1,3.355,1.22,5.019,4.646,1.01,11.894
2026-09-02 07:15:00,R2,2.508,0.942,4.459,4.009,0.939,10.349
2026-09-02 07:30:00,R1,2.717,1.087,4.902,4.42,1.001,11.41
2026-09-02 07:30:00,R2,2.872,0.919,4.595,4.132,0.903,10.549
2026-09-02 07:45:00,R1,3.261,1.119,4.803,4.077,0.998,10.997
2026-09-02 07:45:00,R2,2.721,1.114,4.869,3.569,1.029,10.581
2026-09-02 08:00:00,R1,2.941,1.107,5.04,4.32,0.938,11.405
2026-09-02 08:00:00,R2,2.626,1.101,4.315,3.72,0.954,10.089
2026-09-02 08:15:00,R1,3.105,1.214,5.272,4.268,0.921,11.675
2026-09-02 08:15:00,R2,2.561,1.028,4.12,3.606,0.988,9.743
2026-09-02 08:30:00,R1,3.122,0.909,5.272,4.403,1.019,11.603
2026-09-02 08:30:00,R2,2.275,1.283,4.624,4.138,0.769,10.815
2026-09-02 08:45:00,R1,3.083,1.295,5.042,4.276,0.917,11.529
2026-09-02 08:45:00,R2,2.544,0.906,4.456,3.933,0.77,10.066
2026-09-02 09:00:00,R1,2.976,1.104,5.244,4.333,0.849,11.53
2026-09-02 09:00:00,R2,2.522,1.137,4.319,3.635,0.921,10.013
2026-09-02 09:15:00,R1,2.975,1.064,4.877,4.175,0.818,10.934
2026-09-02 09:15:00,R2,2.981,1.036,4.699,3.676,0.889,10.301
2026-09-02 09:30:00,R1,2.704,1.219,5.058,4.514,1.075,11.867
2026-09-02 09:30:00,R2,2.926,0.864,4.281,3.28,0.9,9.325
2026-09-02 09:45:00,R1,2.881,0.97,5.682,4.166,0.937,11.755
2026-09-02 09:45:00,R2,2.477,1.08,4.742,3.802,0.943,10.567
2026-09-02 10:00:00,R1,3.002,1.098,5.487,4.056,0.901,11.543
2026-09-02 10:00:00,R2,2.472,1.262,4.946,3.493,0.875,10.576
2026-09-02 10:15:00,R1,2.864,1.126,4.889,4.37,0.987,11.371
2026-09-02 10:15:00,R2,2.087,0.995,4.613,3.593,0.943,10.144
2026-09-02 10:30:00,R1,2.865,1.105,5.412,4.546,1.03,12.093
2026-09-02 10:30:00,R2,2.542,1.095,4.187,4.273,0.947,10.501
2026-09-02 10:45:00,R1,3.251,1.284,5.207,4.968,0.97,12.428
2026-09-02 10:45:00,R2,2.782,1.043,4.461,3.618,0.96,10.081
2026-09-02 11:00:00,R1,2.884,1.212,5.434,4.191,0.951,11.789
2026-09-02 11:00:00,R2,2.791,1.021,4.34,3.797,0.825,9.982
2026-09-02 11:15:00,R1,2.687,1.199,5.52,4.35,0.769,11.838
2026-09-02 11:15:00,R2,2.61,1.089,4.617,3.878,0.951,10.534
2026-09-02 11:30:00,R1,3.068,1.136,5.428,4.563,0.94,12.067
2026-09-02 11:30:00,R2,2.596,0.912,4.162,3.444,0.9,9.419
2026-09-02 11:45:00,R1,3.19,1.099,5.333,4.769,0.982,12.183
2026-09-02 11:45:00,R2,2.97,1.166,4.6,4.07,0.863,10.699
2026-09-02 12:00:00,R1,3.034,1.084,4.854,4.587,0.953,11.478
2026-09-02 12:00:00,R2,2.6,0.945,4.148,3.43,0.778,9.301
2026-09-02 12:15:00,R1,2.962,1.245,5.096,4.19,0.966,11.496
2026-09-02 12:15:00,R2,2.76,1.144,4.835,3.957,0.93,10.866
2026-09-02 12:30:00,R1,3.323,1.046,5.247,4.666,0.942,11.901
2026-09-02 12:30:00,R2,2.891,0.773,4.738,3.652,1.022,10.185
2026-09-02 12:45:00,R1,2.898,1.204,5.145,4.246,0.961,11.557
2026-09-02 12:45:00,R2,2.696,0.99,4.386,3.794,0.797,9.967
2026-09-02 13:00:00,R1,3.214,1.025,5.514,4.204,0.897,11.641
2026-09-02 13:00:00,R2,2.622,1.144,4.487,3.788,0.886,10.304
2026-09-02 13:15:00,R1,2.688,1.128,4.967,4.34,1.068,11.503
2026-09-02 13:15:00,R2,2.474,1.034,4.07,3.889,0.988,9.982
2026-09-02 13:30:00,R1,2.901,0.994,5.531,4.066,0.855,11.446
2026-09-02 13:30:00,R2,2.393,1.13,4.38,3.773,0.943,10.226
2026-09-02 13:45:00,R1,2.638,1.295,5.168,4.827,1.074,12.364
2026-09-02 13:45:00,R2,2.359,1.041,4.287,4.072,0.956,10.356
2026-09-02 14:00:00,R1,3.171,1.125,5.258,4.669,0.893,11.945
2026-09-02 14:00:00,R2,2.958,0.885,5.238,3.623,0.985,10.731
2026-09-02 14:15:00,R1,2.91,1.296,5.289,4.066,0.916,11.568
2026-09-02 14:15:00,R2,2.599,1.144,4.155,3.832,0.778,9.908
2026-09-02 14:30:00,R1,2.822,1.259,5.214,4.394,0.934,11.801
2026-09-02 14:30:00,R2,2.459,0.96,4.317,3.8,0.92,9.997
2026-09-02 14:45:00,R1,3.026,1.352,4.832,4.122,1.01,11.316
2026-09-02 14:45:00,R2,2.581,1.024,4.99,3.954,0.754,10.722
2026-09-02 15:00:00,R1,2.799,1.138,5.069,4.458,0.815,11.48
2026-09-02 15:00:00,R2,3.093,1.169,4.782,3.967,0.76,10.678
2026-09-02 15:15:00,R1,2.823,1.178,5.44,4.181,0.908,11.707
2026-09-02 15:15:00,R2,2.541,1.033,4.409,3.488,0.977,9.907
2026-09-02 15:30:00,R1,3.093,1.054,4.863,4.573,0.984,11.475
2026-09-02 15:30:00,R2,2.389,1.077,4.578,3.81,0.757,10.222
2026-09-02 15:45:00,R1,3.008,1.279,4.785,4.495,0.776,11.335
2026-09-02 15:45:00,R2,2.337,0.99,4.556,3.868,0.99,10.405
2026-09-02 16:00:00,R1,3.16,1.106,5.393,4.025,0.847,11.372
2026-09-02 16:00:00,R2,2.695,1.052,4.566,3.918,0.937,10.473
2026-09-02 16:15:00,R1,2.775,1.335,5.181,4.566,0.97,12.053
2026-09-02 16:15:00,R2,2.309,1.061,4.472,3.943,0.921,10.396
2026-09-02 16:30:00,R1,3.169,1.259,5.6,4.315,0.987,12.161
2026-09-02 16:30:00,R2,2.615,1.198,3.539,3.816,0.932,9.485
2026-09-02 16:45:00,R1,2.939,0.916,4.443,4.216,0.865,10.441
2026-09-02 16:45:00,R2,2.548,1.013,4.411,4.165,1.058,10.647
2026-09-02 17:00:00,R1,3.146,1.209,5.434,4.452,1.055,12.15
2026-09-02 17:00:00,R2,2.616,1.141,4.485,3.488,0.786,9.901
2026-09-02 17:15:00,R1,3.125,1.111,5.231,4.051,0.809,11.202
2026-09-02 17:15:00,R2,2.642,0.913,4.4,3.877,0.86,10.05
2026-09-02 17:30:00,R1,2.882,1.291,5.109,4.215,0.966,11.582
2026-09-02 17:30:00,R2,2.7,1.094,4.369,4.092,0.777,10.332
2026-09-02 17:45:00,R1,3.063,1.208,5.51,3.921,0.941,11.58
2026-09-02 17:45:00,R2,2.444,1.103,4.905,3.787,0.74,10.533
2026-09-02 18:00:00,R1,2.541,0.968,5.145,4.401,0.972,11.487
2026-09-02 18:00:00,R2,2.676,1.076,4.699,3.986,1.027,10.787
2026-09-02 18:15:00,R1,2.828,1.178,5.083,3.993,0.937,11.191
2026-09-02 18:15:00,R2,2.088,1.104,3.97,3.517,0.87,9.461
2026-09-02 18:30:00,R1,3.106,1.1,4.972,4.125,0.94,11.137
2026-09-02 18:30:00,R2,2.313,1.15,4.354,3.56,0.904,9.968
2026-09-02 18:45:00,R1,3.186,0.972,5.058,4.312,0.876,11.219
2026-09-02 18:45:00,R2,2.264,1.061,4.117,3.643,0.901,9.722
2026-09-02 19:00:00,R1,3.078,1.135,5.703,4.117,0.934,11.89
2026-09-02 19:00:00,R2,2.763,1.138,4.343,3.936,0.981,10.399
2026-09-02 19:15:00,R1,3.342,1.246,5.33,3.832,0.991,11.4
2026-09-02 19:15:00,R2,2.922,1.152,5.045,3.734,0.79,10.72
2026-09-02 19:30:00,R1,2.88,1.188,4.729,4.161,0.947,11.025
2026-09-02 19:30:00,R2,2.793,1.165,4.163,3.57,0.902,9.8
2026-09-02 19:45:00,R1,2.681,1.157,4.766,4.458,1.01,11.391
2026-09-02 19:45:00,R2,2.825,1.105,4.66,4.025,1.024,10.813
2026-09-02 20:00:00,R1,3.018,1.137,5.639,4.438,0.964,12.178
2026-09-02 20:00:00,R2,2.512,1.069,4.499,4.317,0.835,10.72
2026-09-02 20:15:00,R1,3.144,1.201,4.94,4.562,0.894,11.597
2026-09-02 20:15:00,R2,2.763,1.01,4.749,3.449,0.922,10.131
2026-09-02 20:30:00,R1,3.094,0.964,5.061,4.277,0.995,11.297
2026-09-02 20:30:00,R2,2.41,0.985,4.333,3.6,1.122,10.04
2026-09-02 20:45:00,R1,2.797,1.275,5.633,4.117,0.924,11.948
2026-09-02 20:45:00,R2,2.689,1.105,4.473,3.734,1.028,10.339
2026-09-02 21:00:00,R1,3.229,1.208,5.529,4.301,0.887,11.925
2026-09-02 21:00:00,R2,2.771,1.063,4.344,3.723,0.886,10.016
2026-09-02 21:15:00,R1,2.976,1.276,4.716,4.07,0.75,10.812
2026-09-02 21:15:00,R2,2.534,1.081,3.73,3.597,0.909,9.317
2026-09-02 21:30:00,R1,2.648,1.27,5.03,4.692,0.934,11.926
2026-09-02 21:30:00,R2,2.251,1.141,4.816,3.856,0.912,10.724
2026-09-02 21:45:00,R1,3.036,1.122,5.296,4.427,0.973,11.818
2026-09-02 21:45:00,R2,2.338,0.978,4.732,3.502,1.008,10.22
2026-09-02 22:00:00,R1,3.908,1.207,4.996,4.332,0.968,11.503
2026-09-02 22:00:00,R2,2.952,0.999,4.414,4.183,0.852,10.448
2026-09-02 22:15:00,R1,2.971,1.101,5.144,4.326,0.828,11.399
2026-09-02 22:15:00,R2,2.51,1.17,4.238,3.369,0.884,9.661
2026-09-02 22:30:00,R1,3.382,1.231,4.994,3.971,0.943,11.139
2026-09-02 22:30:00,R2,2.483,0.936,4.859,3.67,0.864,10.329
2026-09-02 22:45:00,R1,3.136,1.013,5.463,4.537,1.023,12.035
2026-09-02 22:45:00,R2,2.726,0.954,4.83,3.608,0.837,10.229
2026-09-02 23:00:00,R1,3.052,1.244,5.131,4.055,0.941,11.371
2026-09-02 23:00:00,R2,2.499,0.954,4.851,3.907,0.887,10.599
2026-09-02 23:15:00,R1,3.254,1.222,5.12,4.133,1.06,11.535
2026-09-02 23:15:00,R2,2.701,0.941,4.154,3.816,0.997,9.908
2026-09-02 23:30:00,R1,2.831,1.071,5.507,4.256,0.917,11.752
2026-09-02 23:30:00,R2,2.356,0.972,4.404,3.765,0.883,10.023
2026-09-02 23:45:00,R1,2.758,0.987,5.036,4.281,0.985,11.289
2026-09-02 23:45:00,R2,2.508,1.033,4.391,4.038,0.817,10.279
2026-09-03 00:00:00,R1,3.046,1.178,5.167,3.893,1.041,11.278
2026-09-03 00:00:00,R2,2.697,0.998,4.12,3.782,0.939,9.839
2026-09-03 00:15:00,R1,2.987,1.167,5.201,4.085,0.866,11.32
2026-09-03 00:15:00,R2,2.115,1.065,4.54,3.568,0.966,10.139
2026-09-03 00:30:00,R1,2.849,0.98,5.249,3.919,0.992,11.141
2026-09-03 00:30:00,R2,2.572,1.189,4.668,3.63,0.828,10.315
2026-09-03 00:45:00,R1,3.087,0.985,5.293,4.583,1.058,11.918
2026-09-03 00:45:00,R2,2.605,1.054,4.834,3.663,0.929,10.48
2026-09-03 01:00:00,R1,2.92,1.141,5.213,4.306,0.83,11.49
2026-09-03 01:00:00,R2,2.806,1.037,4.048,3.858,0.867,9.81
2026-09-03 01:15:00,R1,3.223,1.124,4.583,4.236,0.913,10.855
2026-09-03 01:15:00,R2,2.327,1.149,4.828,3.615,0.858,10.45
2026-09-03 01:30:00,R1,3.002,1.289,5.376,4.613,0.944,12.222
2026-09-03 01:30:00,R2,2.684,1.061,4.646,3.712,0.895,10.313
2026-09-03 01:45:00,R1,3.057,1.094,5.349,4.35,0.962,11.756
2026-09-03 01:45:00,R2,2.545,1.038,4.17,4.035,0.954,10.197
2026-09-03 02:00:00,R1,2.93,1.202,5.117,4.483,0.925,11.727
2026-09-03 02:00:00,R2,2.767,1.029,4.571,3.354,0.845,9.799
2026-09-03 02:15:00,R1,3.251,1.064,5.498,4.511,0.813,11.885
2026-09-03 02:15:00,R2,2.393,0.924,4.647,3.705,0.849,10.124
2026-09-03 02:30:00,R1,2.986,1.021,4.849,4.305,0.975,11.15
2026-09-03 02:30:00,R2,2.647,1.141,4.594,3.978,0.998,10.711
2026-09-03 02:45:00,R1,3.346,1.018,5.086,4.277,0.857,11.238
2026-09-03 02:45:00,R2,2.705,1.111,4.623,3.68,0.959,10.372
2026-09-03 03:00:00,R1,2.625,1.289,5.455,4.047,0.974,11.765
2026-09-03 03:00:00,R2,2.807,0.997,4.158,3.66,0.904,9.719
2026-09-03 03:15:00,R1,3.157,1.161,4.964,4.692,0.949,11.767
2026-09-03 03:15:00,R2,2.741,1.19,4.35,3.766,0.882,10.188
2026-09-03 03:30:00,R1,2.684,1.129,4.89,4.294,1.022,11.335
2026-09-03 03:30:00,R2,2.576,1.139,4.703,3.343,0.836,10.021
2026-09-03 03:45:00,R1,3.02,1.145,5.743,4.276,1.012,12.176
2026-09-03 03:45:00,R2,2.561,1.209,4.331,3.878,0.808,10.226
2026-09-03 04:00:00,R1,3.282,1.182,5.06,4.227,1.028,11.497
2026-09-03 04:00:00,R2,2.475,1.093,4.341,3.854,0.859,10.148
2026-09-03 04:15:00,R1,3.06,1.142,4.832,4.237,1.008,11.219
2026-09-03 04:15:00,R2,2.706,1.091,4.316,3.866,0.803,10.077
2026-09-03 04:30:00,R1,3.026,1.011,4.987,4.42,0.963,11.381
2026-09-03 04:30:00,R2,2.83,1.023,5.02,3.671,0.866,10.581
2026-09-03 04:45:00,R1,2.929,1.249,5.345,4.426,0.835,11.855
2026-09-03 04:45:00,R2,2.411,1.088,4.698,3.956,0.944,10.686
2026-09-03 05:00:00,R1,3.21,1.085,5.333,4.56,0.846,11.824
2026-09-03 05:00:00,R2,2.549,1.057,4.657,3.886,0.807,10.407
2026-09-03 05:15:00,R1,3.332,0.926,4.997,4.215,1.019,11.156
2026-09-03 05:15:00,R2,2.738,1.109,4.852,3.628,0.811,10.401
2026-09-03 05:30:00,R1,2.823,1.062,5.432,4.065,0.974,11.533
2026-09-03 05:30:00,R2,2.858,1.062,4.742,3.438,0.756,9.999
2026-09-03 05:45:00,R1,3.052,1.207,5.102,3.95,0.907,11.166
2026-09-03 05:45:00,R2,2.592,1.148,4.528,3.958,0.867,10.502
2026-09-03 06:00:00,R1,3.367,1.34,5.003,4.433,0.846,11.621
2026-09-03 06:00:00,R2,2.798,0.93,4.299,3.798,0.827,9.854
2026-09-03 06:15:00,R1,2.604,0.907,5.346,4.167,0.914,11.334
2026-09-03 06:15:00,R2,2.717,1.134,4.697,3.637,0.847,10.315
2026-09-03 06:30:00,R1,2.905,1.196,5.217,4.483,1.03,11.925
2026-09-03 06:30:00,R2,2.671,1.174,4.828,3.875,0.956,10.833
2026-09-03 06:45:00,R1,3.09,1.069,5.244,4.571,0.956,11.84
2026-09-03 06:45:00,R2,2.521,0.807,4.626,3.386,0.995,9.814
2026-09-03 07:00:00,R1,2.946,1.331,5.518,4.223,0.965,12.037
2026-09-03 07:00:00,R2,2.705,0.978,4.3,3.816,0.848,9.941
2026-09-03 07:15:00,R1,2.799,1.252,4.794,4.453,0.981,11.479
2026-09-03 07:15:00,R2,3.06,1.161,4.405,3.825,0.81,10.2
2026-09-03 07:30:00,R1,3.001,1.074,4.923,4.183,0.825,11.005
2026-09-03 07:30:00,R2,2.461,1.048,3.998,3.601,0.864,9.511
2026-09-03 07:45:00,R1,3.098,1.213,5.275,4.739,0.939,12.166
2026-09-03 07:45:00,R2,2.712,0.962,4.675,3.7,1.059,10.397
2026-09-03 08:00:00,R1,3.137,1.098,4.946,3.839,0.958,10.841
2026-09-03 08:00:00,R2,2.722,1.155,4.654,3.576,0.947,10.332
2026-09-03 08:15:00,R1,3.092,1.136,4.777,4.5,0.995,11.407
2026-09-03 08:15:00,R2,2.715,1.129,4.191,3.614,0.79,9.725
2026-09-03 08:30:00,R1,3.232,1.257,5.527,4.431,0.782,11.997
2026-09-03 08:30:00,R2,2.66,1.042,4.272,3.819,0.933,10.067
2026-09-03 08:45:00,R1,3.214,1.184,5.449,4.171,0.911,11.715
2026-09-03 08:45:00,R2,2.649,1.054,4.24,4.377,0.987,10.658
2026-09-03 09:00:00,R1,2.856,1.068,5.341,4.375,0.825,11.608
2026-09-03 09:00:00,R2,2.624,1.216,4.285,3.999,0.877,10.377
2026-09-03 09:15:00,R1,3.245,1.088,5.273,4.201,1.03,11.593
2026-09-03 09:15:00,R2,2.435,0.919,4.089,3.55,0.887,9.444
2026-09-03 09:30:00,R1,3.253,1.138,5.218,3.918,0.822,11.095
2026-09-03 09:30:00,R2,2.561,1.178,4.27,3.501,1.029,9.977
2026-09-03 09:45:00,R1,3.114,0.987,4.937,4.079,1.044,11.047
2026-09-03 09:45:00,R2,2.581,1.072,4.457,4.087,0.82,10.437
2026-09-03 10:00:00,R1,2.587,1.328,5.287,4.338,1.025,11.978
2026-09-03 10:00:00,R2,2.545,1.172,4.937,3.473,0.749,10.33
2026-09-03 10:15:00,R1,2.749,1.095,4.972,4.45,1.087,11.604
2026-09-03 10:15:00,R2,2.592,0.834,4.367,3.7,0.909,9.81
2026-09-03 10:30:00,R1,2.827,1.235,5.221,4.546,0.976,11.979
2026-09-03 10:30:00,R2,2.756,1.046,4.344,4.064,0.855,10.309
2026-09-03 10:45:00,R1,2.939,1.056,5.155,4.421,0.974,11.606
2026-09-03 10:45:00,R2,2.569,0.979,4.412,3.866,0.884,10.141
2026-09-03 11:00:00,R1,3.102,1.231,5.472,3.939,0.974,11.616
2026-09-03 11:00:00,R2,2.788,0.98,4.738,3.818,0.997,10.533
2026-09-03 11:15:00,R1,2.777,1.126,4.787,4.635,0.817,11.365
2026-09-03 11:15:00,R2,2.724,1.03,4.637,3.943,0.926,10.537
2026-09-03 11:30:00,R1,2.98,0.982,5.739,4.409,0.973,12.102
2026-09-03 11:30:00,R2,2.406,1.026,4.834,3.828,0.998,10.686
2026-09-03 11:45:00,R1,2.759,1.113,5.135,3.911,0.984,11.144
2026-09-03 11:45:00,R2,2.677,1.116,4.481,3.942,0.839,10.378
2026-09-03 12:00:00,R1,2.98,1.055,5.083,4.231,0.96,11.329
2026-09-03 12:00:00,R2,2.632,1.036,4.986,3.983,0.915,10.921
2026-09-03 12:15:00,R1,2.84,1.247,5.355,4.377,1.136,12.114
2026-09-03 12:15:00,R2,2.757,1.005,4.382,3.651,0.895,9.933
2026-09-03 12:30:00,R1,2.844,1.125,4.952,3.971,0.999,11.048
2026-09-03 12:30:00,R2,2.533,1.151,4.371,3.746,0.846,10.115
2026-09-03 12:45:00,R1,2.894,1.165,5.566,4.468,0.914,12.113
2026-09-03 12:45:00,R2,2.806,0.912,4.448,4.18,0.805,10.345
2026-09-03 13:00:00,R1,2.907,1.184,5.327,4.005,0.825,11.342
2026-09-03 13:00:00,R2,2.386,1.061,4.384,3.874,0.828,10.147
2026-09-03 13:15:00,R1,2.883,1.255,5.071,4.406,0.952,11.684
2026-09-03 13:15:00,R2,2.79,0.984,4.809,3.565,0.828,10.187
2026-09-03 13:30:00,R1,3.026,1.19,4.816,4.567,0.735,11.308
2026-09-03 13:30:00,R2,2.959,0.896,4.431,3.706,0.954,9.987
2026-09-03 13:45:00,R1,2.877,1.261,5.025,4.048,0.988,11.322
2026-09-03 13:45:00,R2,2.666,1.029,4.345,4.144,0.839,10.357
2026-09-03 14:00:00,R1,3.515,1.266,5.346,4.031,0.911,11.555
2026-09-03 14:00:00,R2,2.979,1.091,4.39,3.892,0.868,10.242
2026-09-03 14:15:00,R1,3.025,1.183,5.217,4.632,0.893,11.925
2026-09-03 14:15:00,R2,2.458,1.101,4.414,3.847,0.983,10.345
2026-09-03 14:30:00,R1,2.997,1.062,5.261,4.465,0.949,11.738
2026-09-03 14:30:00,R2,2.816,1.319,4.727,3.833,0.918,10.797
2026-09-03 14:45:00,R1,2.806,1.273,5.373,4.505,0.919,12.07
2026-09-03 14:45:00,R2,2.652,1.177,4.107,3.435,0.928,9.647
2026-09-03 15:00:00,R1,3.323,1.371,5.071,4.253,1.03,11.725
2026-09-03 15:00:00,R2,2.81,1.105,4.581,3.737,0.943,10.366
2026-09-03 15:15:00,R1,3.07,1.114,4.787,4.396,1.004,11.3
2026-09-03 15:15:00,R2,2.384,1.082,4.492,3.74,0.921,10.234
2026-09-03 15:30:00,R1,3.223,1.014,5.244,4.432,0.995,11.684
2026-09-03 15:30:00,R2,2.875,0.925,4.88,3.792,0.945,10.543
2026-09-03 15:45:00,R1,2.936,1.191,5.28,4.389,0.869,11.729
2026-09-03 15:45:00,R2,2.583,1.014,4.404,4.115,0.958,10.49
2026-09-03 16:00:00,R1,3.009,1.331,5.446,4.299,0.968,12.044
2026-09-03 16:00:00,R2,2.755,1.105,4.103,4.146,0.889,10.242
2026-09-03 16:15:00,R1,2.86,1.302,5.18,4.269,1.046,11.798
2026-09-03 16:15:00,R2,2.549,0.925,4.559,3.623,0.967,10.074
2026-09-03 16:30:00,R1,2.934,0.96,5.119,4.28,0.99,11.348
2026-09-03 16:30:00,R2,2.861,0.987,4.433,3.896,0.922,10.237
2026-09-03 16:45:00,R1,2.839,1.205,5.205,4.151,0.86,11.421
2026-09-03 16:45:00,R2,2.673,1.125,4.103,3.813,0.984,10.025
2026-09-03 17:00:00,R1,3.018,1.148,6.11,3.995,0.987,12.239
2026-09-03 17:00:00,R2,2.34,1.028,4.63,3.481,0.946,10.085
2026-09-03 17:15:00,R1,2.989,1.263,5.373,4.84,0.865,12.34
2026-09-03 17:15:00,R2,2.811,1.049,4.374,3.466,0.923,9.813
2026-09-03 17:30:00,R1,3.264,1.323,5.707,4.671,0.926,12.627
2026-09-03 17:30:00,R2,2.656,0.979,4.641,4.04,0.874,10.534
2026-09-03 17:45:00,R1,2.984,1.132,4.86,4.229,0.942,11.163
2026-09-03 17:45:00,R2,2.253,1.035,4.453,3.432,1.041,9.961
2026-09-03 18:00:00,R1,2.787,1.152,5.125,4.423,1.063,11.763
2026-09-03 18:00:00,R2,2.646,1.154,4.378,3.697,0.866,10.095
2026-09-03 18:15:00,R1,2.753,1.036,5.022,4.097,0.904,11.059
2026-09-03 18:15:00,R2,2.624,1.121,4.55,4.058,0.968,10.697
2026-09-03 18:30:00,R1,2.877,1.111,5.204,4.174,0.915,11.404
2026-09-03 18:30:00,R2,2.359,0.947,4.446,4.339,0.893,10.625
2026-09-03 18:45:00,R1,2.834,1.237,5.371,4.553,0.821,11.982
2026-09-03 18:45:00,R2,2.65,1.055,4.889,3.655,1.094,10.693
2026-09-03 19:00:00,R1,3.051,1.14,5.094,4.482,1.055,11.771
2026-09-03 19:00:00,R2,2.48,1.101,4.427,4.095,0.871,10.494
2026-09-03 19:15:00,R1,3.246,1.17,4.989,4.595,0.967,11.721
2026-09-03 19:15:00,R2,2.361,0.949,4.008,3.471,0.974,9.403
2026-09-03 19:30:00,R1,3.17,1.227,5.365,4.435,0.969,11.996
2026-09-03 19:30:00,R2,2.557,1.075,4.125,3.457,0.894,9.551
2026-09-03 19:45:00,R1,3.09,1.291,5.498,4.298,0.958,12.045
2026-09-03 19:45:00,R2,2.91,1.079,4.172,3.805,0.781,9.838
2026-09-03 20:00:00,R1,2.788,1.096,5.064,4.334,0.898,11.392
2026-09-03 20:00:00,R2,2.802,1.265,4.475,3.627,1.017,10.384
2026-09-03 20:15:00,R1,3.021,1.227,4.779,4.542,0.921,11.469
2026-09-03 20:15:00,R2,2.349,1.06,4.737,4.334,0.838,10.969
2026-09-03 20:30:00,R1,3.068,1.193,5.376,3.777,1.04,11.386
2026-09-03 20:30:00,R2,2.424,0.9,4.313,3.856,0.892,9.962
2026-09-03 20:45:00,R1,3.075,1.088,5.173,4.294,1.047,11.603
2026-09-03 20:45:00,R2,2.281,1.018,4.286,3.346,1.072,9.722
2026-09-03 21:00:00,R1,3.132,1.125,5.254,4.2,1.029,11.609
2026-09-03 21:00:00,R2,2.83,1.042,4.47,3.331,1.009,9.853
2026-09-03 21:15:00,R1,3.05,1.083,5.252,3.746,0.978,11.058
2026-09-03 21:15:00,R2,2.994,1.17,4.951,3.499,0.802,10.423
2026-09-03 21:30:00,R1,3.16,1.085,5.082,4.366,0.865,11.397
2026-09-03 21:30:00,R2,2.377,1.084,4.786,4.029,0.875,10.774
2026-09-03 21:45:00,R1,3.214,1.101,5.481,4.203,0.901,11.686
2026-09-03 21:45:00,R2,2.425,1.008,4.17,3.784,0.926,9.888
2026-09-03 22:00:00,R1,3.316,1.168,5.489,3.951,0.86,11.468
2026-09-03 22:00:00,R2,2.657,1.006,4.363,3.656,0.811,9.836
2026-09-03 22:15:00,R1,3.207,0.917,5.362,3.965,0.996,11.241
2026-09-03 22:15:00,R2,2.56,1.092,4.944,3.789,0.965,10.789
2026-09-03 22:30:00,R1,3.123,1.202,4.977,4.45,0.916,11.544
2026-09-03 22:30:00,R2,2.294,1.12,4.724,3.642,1.015,10.501
2026-09-03 22:45:00,R1,2.826,1.458,5.467,4.31,1.034,12.268
2026-09-03 22:45:00,R2,2.671,1.063,4.605,4.135,0.897,10.7
2026-09-03 23:00:00,R1,2.851,1.173,4.68,4.07,0.941,10.864
2026-09-03 23:00:00,R2,2.561,1.229,4.773,3.781,0.875,10.658
2026-09-03 23:15:00,R1,3.32,1.141,5.365,4.465,0.983,11.954
2026-09-03 23:15:00,R2,2.4,1.031,4.519,3.907,1.026,10.484
2026-09-03 23:30:00,R1,3.092,1.286,5.143,3.635,0.832,10.896
2026-09-03 23:30:00,R2,2.649,0.932,4.742,4.084,0.871,10.63
2026-09-03 23:45:00,R1,3.136,1.224,4.869,4.43,0.99,11.512
2026-09-03 23:45:00,R2,2.739,0.912,4.558,4.151,0.808,10.428
2026-09-04 00:00:00,R1,3.016,1.05,5.245,4.195,0.881,11.372
2026-09-04 00:00:00,R2,2.775,1.17,4.494,3.583,1.013,10.26
2026-09-04 00:15:00,R1,3.512,1.137,5.593,4.212,0.935,11.877
2026-09-04 00:15:00,R2,2.791,1.039,4.091,3.643,0.88,9.652
2026-09-04 00:30:00,R1,3.02,1.18,4.752,4.066,0.923,10.922
2026-09-04 00:30:00,R2,2.34,1.145,4.536,3.801,0.877,10.359
2026-09-04 00:45:00,R1,2.725,1.354,5.732,4.499,0.929,12.513
2026-09-04 00:45:00,R2,2.479,0.969,4.585,4.446,0.772,10.772
2026-09-04 01:00:00,R1,3.105,1.164,5.151,4.377,0.906,11.598
2026-09-04 01:00:00,R2,2.725,1.194,4.191,4.238,0.915,10.539
2026-09-04 01:15:00,R1,2.867,1.355,5.634,3.781,1.009,11.78
2026-09-04 01:15:00,R2,2.343,0.846,4.408,3.594,0.797,9.644
2026-09-04 01:30:00,R1,3.21,1.184,5.28,3.952,0.964,11.38
2026-09-04 01:30:00,R2,2.511,1.102,4.593,3.588,0.831,10.113
2026-09-04 01:45:00,R1,3.0,1.158,5.545,4.346,0.784,11.833
2026-09-04 01:45:00,R2,2.585,0.95,4.404,3.459,0.906,9.718
2026-09-04 02:00:00,R1,3.038,1.037,5.122,4.375,1.068,11.602
2026-09-04 02:00:00,R2,2.595,1.279,4.735,3.721,0.913,10.648
2026-09-04 02:15:00,R1,3.101,1.219,5.243,4.448,0.818,11.728
2026-09-04 02:15:00,R2,2.518,0.837,4.502,3.5,0.924,9.765
2026-09-04 02:30:00,R1,2.812,1.092,5.066,4.563,1.026,11.747
2026-09-04 02:30:00,R2,2.522,1.075,4.863,3.896,0.904,10.737
2026-09-04 02:45:00,R1,2.761,1.241,5.448,4.328,1.035,12.052
2026-09-04 02:45:00,R2,2.768,1.05,4.309,3.766,0.902,10.027
2026-09-04 03:00:00,R1,3.456,1.056,4.961,4.357,0.899,11.273
2026-09-04 03:00:00,R2,2.544,1.087,5.486,3.721,1.025,11.319
2026-09-04 03:15:00,R1,2.775,1.239,5.11,4.496,0.888,11.733
2026-09-04 03:15:00,R2,2.733,1.01,4.224,3.892,0.741,9.867
2026-09-04 03:30:00,R1,3.108,1.159,4.922,4.638,1.059,11.779
2026-09-04 03:30:00,R2,2.58,1.009,4.06,3.626,1.097,9.792
2026-09-04 03:45:00,R1,3.09,1.353,5.118,4.124,1.035,11.631
2026-09-04 03:45:00,R2,2.459,1.103,4.262,3.848,1.03,10.244
2026-09-04 04:00:00,R1,2.993,1.201,5.467,4.216,0.911,11.796
2026-09-04 04:00:00,R2,2.548,1.148,3.972,4.428,0.921,10.469
2026-09-04 04:15:00,R1,3.101,1.125,4.781,4.152,0.991,11.049
2026-09-04 04:15:00,R2,2.826,1.059,4.218,3.947,0.876,10.1
2026-09-04 04:30:00,R1,2.898,1.072,5.062,4.365,0.963,11.462
2026-09-04 04:30:00,R2,2.528,1.131,4.306,3.553,0.886,9.876
2026-09-04 04:45:00,R1,2.951,1.247,5.637,4.122,0.973,11.98
2026-09-04 04:45:00,R2,2.843,1.127,4.703,3.483,1.014,10.327
2026-09-04 05:00:00,R1,3.241,0.969,5.576,4.662,0.959,12.166
2026-09-04 05:00:00,R2,2.336,1.016,4.538,3.615,0.897,10.066
2026-09-04 05:15:00,R1,3.186,0.993,5.306,4.002,0.884,11.185
2026-09-04 05:15:00,R2,2.711,1.004,4.525,3.71,0.85,10.089
2026-09-04 05:30:00,R1,2.656,1.132,5.301,4.221,0.943,11.597
2026-09-04 05:30:00,R2,2.571,1.092,4.602,3.54,0.903,10.137
2026-09-04 05:45:00,R1,3.154,1.176,5.46,4.326,1.058,12.02
2026-09-04 05:45:00,R2,2.234,0.981,4.855,3.72,0.917,10.474
2026-09-04 06:00:00,R1,3.508,1.088,5.429,4.314,0.914,11.746
2026-09-04 06:00:00,R2,3.274,1.163,4.205,3.838,0.909,10.114
2026-09-04 06:15:00,R1,3.174,1.102,5.414,4.594,0.964,12.074
2026-09-04 06:15:00,R2,2.637,0.924,4.992,4.353,0.987,11.256
2026-09-04 06:30:00,R1,2.936,1.21,5.661,3.955,0.908,11.734
2026-09-04 06:30:00,R2,2.58,1.045,4.182,3.736,0.896,9.859
2026-09-04 06:45:00,R1,2.927,1.103,5.316,4.145,0.873,11.436
2026-09-04 06:45:00,R2,2.668,1.105,4.65,3.996,0.65,10.402
2026-09-04 07:00:00,R1,3.185,1.192,5.353,4.079,0.998,11.622
2026-09-04 07:00:00,R2,2.291,1.0,4.397,3.546,0.758,9.702
2026-09-04 07:15:00,R1,2.945,1.084,5.221,4.247,0.901,11.453
2026-09-04 07:15:00,R2,2.66,1.106,4.078,3.2,0.884,9.268
2026-09-04 07:30:00,R1,3.011,1.195,5.5,4.579,0.971,12.245
2026-09-04 07:30:00,R2,2.866,0.94,4.478,3.86,0.921,10.198
2026-09-04 07:45:00,R1,3.06,1.181,5.252,4.631,0.824,11.888
2026-09-04 07:45:00,R2,2.233,0.987,4.342,4.114,0.94,10.382
2026-09-04 08:00:00,R1,3.136,1.193,5.143,4.394,0.97,11.7
2026-09-04 08:00:00,R2,2.714,0.955,4.622,3.754,1.011,10.342
2026-09-04 08:15:00,R1,2.94,1.162,5.221,4.252,0.815,11.451
2026-09-04 08:15:00,R2,2.683,1.064,4.858,3.706,1.02,10.647
2026-09-04 08:30:00,R1,2.85,1.133,5.024,4.606,1.029,11.793
2026-09-04 08:30:00,R2,2.574,1.12,5.195,3.851,0.904,11.07
2026-09-04 08:45:00,R1,2.849,1.007,5.656,4.558,1.007,12.229
2026-09-04 08:45:00,R2,2.464,1.076,4.635,3.676,0.941,10.329
2026-09-04 09:00:00,R1,3.19,1.081,5.21,4.583,0.823,11.697
2026-09-04 09:00:00,R2,2.377,0.936,4.702,3.74,0.757,10.134
2026-09-04 09:15:00,R1,2.896,0.976,5.142,4.414,0.87,11.403
2026-09-04 09:15:00,R2,2.221,1.093,4.538,3.767,0.745,10.142
2026-09-04 09:30:00,R1,3.109,1.007,5.388,3.718,0.987,11.1
2026-09-04 09:30:00,R2,2.224,0.923,4.062,3.855,0.96,9.801
2026-09-04 09:45:00,R1,2.885,1.173,5.287,4.213,0.867,11.539
2026-09-04 09:45:00,R2,2.526,1.037,4.652,3.78,1.037,10.506
2026-09-04 10:00:00,R1,3.247,1.094,5.227,3.842,0.974,11.138
2026-09-04 10:00:00,R2,2.651,0.808,4.774,4.107,0.918,10.607
2026-09-04 10:15:00,R1,3.199,1.143,5.381,4.538,1.007,12.069
2026-09-04 10:15:00,R2,2.351,1.101,4.523,3.796,1.043,10.463
2026-09-04 10:30:00,R1,2.711,1.197,5.943,4.536,0.888,12.564
2026-09-04 10:30:00,R2,2.968,1.227,4.647,3.91,0.968,10.753
2026-09-04 10:45:00,R1,3.104,1.113,5.223,4.242,1.024,11.602
2026-09-04 10:45:00,R2,2.609,0.986,4.382,3.862,0.722,9.952
2026-09-04 11:00:00,R1,3.194,1.168,5.0,4.234,1.061,11.463
2026-09-04 11:00:00,R2,2.532,0.984,4.148,3.998,0.899,10.029
2026-09-04 11:15:00,R1,3.342,1.189,4.954,4.46,1.052,11.656
2026-09-04 11:15:00,R2,2.695,1.241,4.358,4.022,1.059,10.68
2026-09-04 11:30:00,R1,2.858,1.001,5.178,4.203,0.833,11.214
2026-09-04 11:30:00,R2,2.516,1.154,4.881,4.09,0.764,10.889
2026-09-04 11:45:00,R1,3.249,1.412,5.0,4.185,1.074,11.67
2026-09-04 11:45:00,R2,2.604,1.063,4.832,3.666,0.947,10.508
2026-09-04 12:00:00,R1,2.617,1.235,5.616,4.222,0.971,12.045
2026-09-04 12:00:00,R2,2.534,1.073,4.542,4.08,0.944,10.638
2026-09-04 12:15:00,R1,2.462,1.134,5.447,4.625,0.978,12.184
2026-09-04 12:15:00,R2,2.603,1.057,4.628,3.86,0.928,10.472
2026-09-04 12:30:00,R1,3.379,1.011,5.147,4.407,0.949,11.514
2026-09-04 12:30:00,R2,2.828,1.126,4.395,3.607,0.947,10.075
2026-09-04 12:45:00,R1,3.022,1.118,5.19,4.263,1.029,11.6
2026-09-04 12:45:00,R2,2.639,1.095,4.781,3.872,0.977,10.726
2026-09-04 13:00:00,R1,2.953,0.952,4.972,4.232,1.166,11.321
2026-09-04 13:00:00,R2,2.824,1.026,4.468,3.703,0.961,10.159
2026-09-04 13:15:00,R1,2.802,1.103,5.324,3.98,1.003,11.409
2026-09-04 13:15:00,R2,2.33,1.108,4.743,3.483,0.876,10.211
2026-09-04 13:30:00,R1,3.193,1.227,5.749,4.249,0.908,12.133
2026-09-04 13:30:00,R2,2.53,1.077,4.37,3.675,0.982,10.104
2026-09-04 13:45:00,R1,3.171,1.135,4.901,4.281,0.924,11.241
2026-09-04 13:45:00,R2,2.434,1.062,4.669,3.704,1.042,10.477
2026-09-04 14:00:00,R1,3.576,1.168,5.194,3.996,0.881,11.239
2026-09-04 14:00:00,R2,2.953,1.095,4.706,3.619,0.966,10.385
2026-09-04 14:15:00,R1,2.685,1.061,5.15,4.373,0.764,11.348
2026-09-04 14:15:00,R2,2.845,1.219,4.835,3.477,0.73,10.262
2026-09-04 14:30:00,R1,3.241,1.25,5.336,4.201,0.794,11.582
2026-09-04 14:30:00,R2,2.603,0.975,4.029,3.791,0.902,9.697
2026-09-04 14:45:00,R1,2.82,1.126,4.836,4.118,0.991,11.072
2026-09-04 14:45:00,R2,2.577,0.959,4.336,4.163,0.938,10.396
2026-09-04 15:00:00,R1,3.165,0.949,5.071,4.267,1.006,11.292
2026-09-04 15:00:00,R2,2.638,0.789,4.211,3.808,0.798,9.605
2026-09-04 15:15:00,R1,2.824,1.257,5.082,4.561,0.89,11.789
2026-09-04 15:15:00,R2,2.856,1.033,4.403,3.878,0.785,10.098
2026-09-04 15:30:00,R1,2.833,1.103,4.95,4.595,0.928,11.575
2026-09-04 15:30:00,R2,2.887,0.993,4.946,3.745,1.078,10.762
2026-09-04 15:45:00,R1,3.032,1.185,5.48,4.02,1.106,11.791
2026-09-04 15:45:00,R2,2.74,1.106,4.607,3.721,0.994,10.429
2026-09-04 16:00:00,R1,2.835,1.008,4.859,4.431,0.958,11.256
2026-09-04 16:00:00,R2,2.359,1.123,4.322,3.988,0.836,10.269
2026-09-04 16:15:00,R1,2.796,1.103,5.05,4.433,0.98,11.565
2026-09-04 16:15:00,R2,2.531,0.818,4.43,4.002,0.805,10.055
2026-09-04 16:30:00,R1,2.938,1.107,4.999,4.332,0.866,11.304
2026-09-04 16:30:00,R2,2.798,0.936,4.728,4.005,1.05,10.719
2026-09-04 16:45:00,R1,3.12,1.199,4.39,4.722,1.048,11.359
2026-09-04 16:45:00,R2,2.526,1.057,4.509,4.044,0.69,10.299
2026-09-04 17:00:00,R1,2.999,1.221,5.508,4.529,0.958,12.217
2026-09-04 17:00:00,R2,2.682,1.224,4.481,3.876,0.926,10.508
2026-09-04 17:15:00,R1,2.916,1.102,4.666,4.018,0.919,10.705
2026-09-04 17:15:00,R2,2.597,1.062,4.533,3.924,0.868,10.387
2026-09-04 17:30:00,R1,3.156,1.221,5.349,4.335,1.09,11.995
2026-09-04 17:30:00,R2,2.662,1.085,4.421,3.092,0.833,9.431
2026-09-04 17:45:00,R1,2.847,1.195,5.919,4.238,1.075,12.427
2026-09-04 17:45:00,R2,2.567,1.02,4.746,3.535,0.789,10.09
2026-09-04 18:00:00,R1,2.986,1.299,5.335,4.2,1.031,11.865
2026-09-04 18:00:00,R2,2.72,0.89,4.28,3.528,1.0,9.698
2026-09-04 18:15:00,R1,3.234,1.047,4.914,4.212,0.837,11.01
2026-09-04 18:15:00,R2,2.406,1.281,4.755,3.576,1.097,10.71
2026-09-04 18:30:00,R1,2.759,1.247,4.977,4.339,1.054,11.617
2026-09-04 18:30:00,R2,2.445,1.017,4.358,3.49,0.92,9.785
2026-09-04 18:45:00,R1,2.8,1.2,4.975,4.366,0.998,11.539
2026-09-04 18:45:00,R2,2.381,0.958,4.422,3.494,0.975,9.849
2026-09-04 19:00:00,R1,2.789,1.163,5.512,4.329,0.941,11.945
2026-09-04 19:00:00,R2,2.588,1.162,4.131,3.978,0.924,10.196
2026-09-04 19:15:00,R1,2.917,1.114,4.878,3.913,0.882,10.787
2026-09-04 19:15:00,R2,2.847,1.116,4.722,3.783,0.922,10.544
2026-09-04 19:30:00,R1,2.971,1.449,5.452,4.431,0.903,12.236
2026-09-04 19:30:00,R2,2.518,1.093,4.586,3.773,0.923,10.376
2026-09-04 19:45:00,R1,3.327,1.252,4.975,4.535,1.134,11.897
2026-09-04 19:45:00,R2,2.869,1.102,4.4,3.908,0.866,10.276
2026-09-04 20:00:00,R1,2.973,1.182,4.842,3.779,0.812,10.615
2026-09-04 20:00:00,R2,2.786,1.003,4.479,3.469,0.935,9.885
2026-09-04 20:15:00,R1,2.614,0.961,5.652,4.168,0.926,11.707
2026-09-04 20:15:00,R2,2.828,1.022,4.581,3.735,0.795,10.132
2026-09-04 20:30:00,R1,2.704,1.264,4.819,4.152,0.922,11.157
2026-09-04 20:30:00,R2,2.658,1.039,4.325,3.828,0.917,10.11
2026-09-04 20:45:00,R1,2.893,1.253,4.888,4.092,0.921,11.155
2026-09-04 20:45:00,R2,2.485,1.072,4.512,3.599,0.915,10.098
2026-09-04 21:00:00,R1,3.22,1.171,5.003,4.006,0.871,11.05
2026-09-04 21:00:00,R2,2.655,1.165,4.745,3.91,0.852,10.672
2026-09-04 21:15:00,R1,3.314,1.083,5.409,4.333,0.904,11.73
2026-09-04 21:15:00,R2,2.477,0.971,3.929,4.114,0.851,9.865
2026-09-04 21:30:00,R1,3.194,1.278,4.813,4.437,0.897,11.426
2026-09-04 21:30:00,R2,2.975,1.082,4.751,3.342,0.992,10.167
2026-09-04 21:45:00,R1,3.011,1.25,5.059,4.546,1.081,11.937
2026-09-04 21:45:00,R2,2.852,0.893,4.408,3.933,1.055,10.289
2026-09-04 22:00:00,R1,3.116,1.337,5.604,4.425,0.799,12.165
2026-09-04 22:00:00,R2,2.914,0.944,4.223,3.826,0.894,9.887
2026-09-04 22:15:00,R1,2.914,1.157,6.089,4.57,1.004,12.821
2026-09-04 22:15:00,R2,2.578,1.061,4.063,3.695,0.772,9.59
2026-09-04 22:30:00,R1,2.951,1.172,4.579,4.426,0.991,11.167
2026-09-04 22:30:00,R2,2.692,1.025,4.369,3.524,0.851,9.768
2026-09-04 22:45:00,R1,3.173,0.984,5.003,4.323,1.066,11.377
2026-09-04 22:45:00,R2,2.817,1.105,4.316,3.581,1.009,10.011
2026-09-04 23:00:00,R1,3.019,1.179,5.577,4.183,0.968,11.908
2026-09-04 23:00:00,R2,2.576,0.841,4.333,3.532,0.901,9.607
2026-09-04 23:15:00,R1,2.791,1.27,5.882,4.343,1.005,12.5
2026-09-04 23:15:00,R2,2.425,1.061,4.354,3.216,0.884,9.514
2026-09-04 23:30:00,R1,3.003,1.117,5.478,4.494,0.964,12.053
2026-09-04 23:30:00,R2,3.088,0.893,3.913,3.89,0.783,9.479
2026-09-04 23:45:00,R1,3.258,1.006,5.049,4.397,0.945,11.397
2026-09-04 23:45:00,R2,2.757,1.077,4.46,3.743,0.853,10.134
2026-09-05 00:00:00,R1,2.948,1.073,5.1,4.28,0.858,11.31
2026-09-05 00:00:00,R2,2.618,0.903,4.108,3.698,0.829,9.538
2026-09-05 00:15:00,R1,2.723,1.142,5.494,4.643,0.985,12.263
2026-09-05 00:15:00,R2,2.377,0.927,4.094,3.58,0.852,9.452
2026-09-05 00:30:00,R1,3.02,1.18,4.94,4.528,0.971,11.62
2026-09-05 00:30:00,R2,2.685,1.05,4.889,3.983,0.963,10.886
2026-09-05 00:45:00,R1,3.145,1.102,4.989,4.006,0.847,10.945
2026-09-05 00:45:00,R2,2.694,0.964,4.463,3.685,0.852,9.964
2026-09-05 01:00:00,R1,2.674,1.048,5.237,4.327,0.929,11.542
2026-09-05 01:00:00,R2,2.995,1.114,4.146,3.788,0.792,9.84
2026-09-05 01:15:00,R1,2.705,1.179,4.825,4.315,0.921,11.239
2026-09-05 01:15:00,R2,2.554,1.118,4.428,3.206,0.83,9.581
2026-09-05 01:30:00,R1,2.846,1.148,4.808,4.188,1.003,11.147
2026-09-05 01:30:00,R2,2.582,1.002,4.387,3.827,0.934,10.151
2026-09-05 01:45:00,R1,2.721,1.277,4.891,4.31,0.837,11.316
2026-09-05 01:45:00,R2,2.346,1.048,4.732,3.943,0.952,10.675
2026-09-05 02:00:00,R1,2.66,1.23,5.141,4.379,1.006,11.757
2026-09-05 02:00:00,R2,2.722,1.241,4.709,3.138,0.919,10.006
2026-09-05 02:15:00,R1,3.077,1.222,5.544,4.344,1.0,12.11
2026-09-05 02:15:00,R2,2.365,1.128,4.567,3.68,0.918,10.293
2026-09-05 02:30:00,R1,2.967,1.307,5.066,4.087,0.95,11.409
2026-09-05 02:30:00,R2,2.333,0.954,4.332,3.694,0.987,9.968
2026-09-05 02:45:00,R1,2.633,1.042,5.249,4.467,0.958,11.715
2026-09-05 02:45:00,R2,2.482,1.211,4.639,3.744,0.91,10.504
2026-09-05 03:00:00,R1,2.798,0.95,4.583,4.0,0.965,10.499
2026-09-05 03:00:00,R2,2.414,1.022,4.379,4.14,0.859,10.4
2026-09-05 03:15:00,R1,3.169,1.084,4.912,4.714,1.08,11.79
2026-09-05 03:15:00,R2,2.528,1.056,4.184,3.579,0.888,9.707
2026-09-05 03:30:00,R1,3.115,1.165,5.381,4.355,0.977,11.878
2026-09-05 03:30:00,R2,2.391,0.993,4.455,3.371,0.946,9.765
2026-09-05 03:45:00,R1,3.143,1.057,5.273,3.98,0.818,11.128
2026-09-05 03:45:00,R2,3.0,1.177,4.354,4.015,0.933,10.48
2026-09-05 04:00:00,R1,3.2,1.32,5.12,4.35,0.841,11.631
2026-09-05 04:00:00,R2,2.944,1.111,4.673,3.71,0.867,10.362
2026-09-05 04:15:00,R1,2.966,1.151,4.898,4.15,1.007,11.207
2026-09-05 04:15:00,R2,2.578,1.211,4.649,3.959,0.93,10.749
2026-09-05 04:30:00,R1,2.593,1.268,5.232,3.94,1.004,11.444
2026-09-05 04:30:00,R2,2.643,1.021,5.007,3.87,0.994,10.891
2026-09-05 04:45:00,R1,3.137,1.029,5.021,4.628,1.114,11.791
2026-09-05 04:45:00,R2,2.781,1.216,4.231,3.765,0.85,10.062
2026-09-05 05:00:00,R1,2.847,1.15,4.933,4.435,0.852,11.37
2026-09-05 05:00:00,R2,2.718,0.881,4.145,3.872,0.954,9.852
2026-09-05 05:15:00,R1,2.825,1.228,5.11,4.128,0.863,11.328
2026-09-05 05:15:00,R2,2.579,1.008,4.357,4.037,0.977,10.378
2026-09-05 05:30:00,R1,2.883,1.2,5.107,3.971,0.958,11.236
2026-09-05 05:30:00,R2,2.568,1.085,4.017,3.651,0.868,9.62
2026-09-05 05:45:00,R1,3.405,1.185,5.308,4.465,1.025,11.983
2026-09-05 05:45:00,R2,2.599,0.894,4.249,3.769,1.05,9.963
2026-09-05 06:00:00,R1,3.294,1.235,5.129,4.585,1.095,12.044
2026-09-05 06:00:00,R2,3.081,1.166,4.254,3.614,0.759,9.792
2026-09-05 06:15:00,R1,3.014,1.135,4.953,4.291,1.035,11.413
2026-09-05 06:15:00,R2,2.29,0.966,4.49,4.042,0.731,10.229
2026-09-05 06:30:00,R1,2.84,1.282,5.013,4.094,0.968,11.357
2026-09-05 06:30:00,R2,2.499,1.26,4.308,4.173,0.868,10.609
2026-09-05 06:45:00,R1,3.231,1.295,5.296,4.35,0.923,11.865
2026-09-05 06:45:00,R2,2.688,0.945,4.721,4.075,0.849,10.59
2026-09-05 07:00:00,R1,2.909,1.066,5.349,3.989,0.792,11.197
2026-09-05 07:00:00,R2,2.752,0.873,4.444,3.814,1.032,10.162
2026-09-05 07:15:00,R1,3.025,1.199,5.528,4.347,0.943,12.016
2026-09-05 07:15:00,R2,2.889,1.218,4.441,3.477,0.926,10.061
2026-09-05 07:30:00,R1,2.734,1.447,5.514,4.166,1.082,12.209
2026-09-05 07:30:00,R2,2.441,1.029,4.725,3.938,0.794,10.486
2026-09-05 07:45:00,R1,2.85,1.174,5.337,4.34,0.765,11.616
2026-09-05 07:45:00,R2,2.765,0.967,4.598,3.671,0.964,10.2
2026-09-05 08:00:00,R1,3.235,1.219,5.537,3.782,1.08,11.618
2026-09-05 08:00:00,R2,2.177,1.05,4.385,3.609,1.003,10.047
2026-09-05 08:15:00,R1,3.349,1.105,5.631,4.502,0.985,12.222
2026-09-05 08:15:00,R2,2.48,1.241,4.099,3.861,0.843,10.044
2026-09-05 08:30:00,R1,2.755,1.196,5.174,4.586,0.859,11.814
2026-09-05 08:30:00,R2,2.496,0.839,4.757,3.614,0.742,9.952
2026-09-05 08:45:00,R1,2.991,1.365,4.779,4.31,0.903,11.358
2026-09-05 08:45:00,R2,2.511,1.139,3.698,3.797,0.807,9.44
2026-09-05 09:00:00,R1,2.806,1.045,5.328,3.871,0.926,11.17
2026-09-05 09:00:00,R2,2.598,1.033,4.828,3.896,0.991,10.749
2026-09-05 09:15:00,R1,2.643,1.168,5.394,4.19,0.825,11.576
2026-09-05 09:15:00,R2,2.539,1.098,4.838,3.831,0.897,10.664
2026-09-05 09:30:00,R1,2.694,0.99,5.563,4.566,0.979,12.097
2026-09-05 09:30:00,R2,2.901,1.12,5.114,3.588,0.838,10.66
2026-09-05 09:45:00,R1,3.45,1.088,5.183,4.331,0.967,11.569
2026-09-05 09:45:00,R2,2.37,1.178,4.297,3.915,0.87,10.26
2026-09-05 10:00:00,R1,2.993,1.296,6.634,5.681,0.84,14.451
2026-09-05 10:00:00,R2,2.435,1.025,4.633,4.131,0.797,10.586
2026-09-05 10:15:00,R1,2.866,1.207,7.001,5.223,0.887,14.318
2026-09-05 10:15:00,R2,2.287,1.211,5.174,3.952,0.853,11.19
2026-09-05 10:30:00,R1,3.184,1.081,7.444,6.109,0.996,15.631
2026-09-05 10:30:00,R2,2.561,1.005,3.911,3.8,0.887,9.603
2026-09-05 10:45:00,R1,3.106,1.046,6.669,5.547,0.984,14.246
2026-09-05 10:45:00,R2,2.827,0.967,4.395,3.751,0.922,10.035
2026-09-05 11:00:00,R1,3.075,1.27,6.487,5.33,1.017,14.104
2026-09-05 11:00:00,R2,2.553,1.15,4.554,4.157,0.889,10.751
2026-09-05 11:15:00,R1,3.096,1.062,4.995,4.281,0.994,11.331
2026-09-05 11:15:00,R2,2.892,0.884,4.925,4.241,0.996,11.046
2026-09-05 11:30:00,R1,2.768,1.15,4.882,4.547,1.106,11.685
2026-09-05 11:30:00,R2,2.533,1.224,4.956,3.881,0.895,10.956
2026-09-05 11:45:00,R1,2.882,1.078,5.561,4.317,1.042,11.997
2026-09-05 11:45:00,R2,2.634,1.032,4.405,4.061,0.777,10.276
2026-09-05 12:00:00,R1,3.305,1.303,5.268,4.444,0.937,11.951
2026-09-05 12:00:00,R2,2.675,0.98,4.691,3.844,0.926,10.441
2026-09-05 12:15:00,R1,3.202,1.025,5.531,4.347,0.824,11.727
2026-09-05 12:15:00,R2,2.599,1.015,4.995,3.768,0.999,10.777
2026-09-05 12:30:00,R1,3.416,1.299,5.26,4.358,0.973,11.89
2026-09-05 12:30:00,R2,2.608,1.127,4.744,3.955,0.789,10.615
2026-09-05 12:45:00,R1,2.921,1.172,4.993,3.795,0.976,10.936
2026-09-05 12:45:00,R2,2.587,0.888,4.241,3.726,0.934,9.789
2026-09-05 13:00:00,R1,2.67,1.242,5.549,4.234,0.915,11.94
2026-09-05 13:00:00,R2,2.653,0.974,4.499,3.99,0.866,10.33
2026-09-05 13:15:00,R1,3.085,1.303,5.432,4.113,1.042,11.89
2026-09-05 13:15:00,R2,2.512,1.041,4.538,3.706,0.85,10.135
2026-09-05 13:30:00,R1,3.221,1.112,5.229,4.8,0.869,12.01
2026-09-05 13:30:00,R2,2.56,1.21,4.719,3.838,1.037,10.803
2026-09-05 13:45:00,R1,2.931,1.064,4.991,4.035,0.882,10.972
2026-09-05 13:45:00,R2,2.555,1.124,4.075,3.945,0.841,9.984
2026-09-05 14:00:00,R1,3.161,0.988,5.206,4.596,1.065,11.855
2026-09-05 14:00:00,R2,2.703,0.843,4.616,4.103,0.745,10.307
2026-09-05 14:15:00,R1,3.177,1.327,5.3,4.809,0.889,12.325
2026-09-05 14:15:00,R2,2.397,1.073,4.167,3.716,0.962,9.917
2026-09-05 14:30:00,R1,3.054,1.278,5.32,4.583,1.021,12.202
2026-09-05 14:30:00,R2,2.852,0.921,4.65,4.12,0.913,10.604
2026-09-05 14:45:00,R1,2.991,1.113,5.438,4.539,0.912,12.003
2026-09-05 14:45:00,R2,2.787,1.152,4.783,3.398,0.852,10.185
2026-09-05 15:00:00,R1,3.377,1.111,5.402,4.067,0.802,11.383
2026-09-05 15:00:00,R2,2.443,1.123,4.228,4.133,1.001,10.484
2026-09-05 15:15:00,R1,3.198,1.175,5.316,3.999,0.9,11.391
2026-09-05 15:15:00,R2,2.442,1.038,4.936,3.463,0.884,10.321
2026-09-05 15:30:00,R1,2.881,1.163,4.586,4.218,0.935,10.902
2026-09-05 15:30:00,R2,2.444,0.987,4.82,4.103,0.839,10.749
2026-09-05 15:45:00,R1,3.096,1.233,4.813,4.073,1.055,11.175
2026-09-05 15:45:00,R2,2.456,1.167,4.009,3.467,0.86,9.503
2026-09-05 16:00:00,R1,2.954,1.201,4.87,4.138,1.002,11.211
2026-09-05 16:00:00,R2,2.74,1.161,4.569,3.171,0.744,9.644
2026-09-05 16:15:00,R1,3.028,1.207,5.45,3.837,0.941,11.435
2026-09-05 16:15:00,R2,2.863,1.071,4.355,3.961,1.107,10.495
2026-09-05 16:30:00,R1,2.994,1.175,5.024,3.924,1.002,11.125
2026-09-05 16:30:00,R2,2.405,1.092,4.443,3.879,0.895,10.308
2026-09-05 16:45:00,R1,3.218,1.166,5.067,4.63,0.947,11.81
2026-09-05 16:45:00,R2,2.46,1.204,4.589,3.81,0.904,10.508
2026-09-05 17:00:00,R1,3.139,1.281,5.741,4.851,0.835,12.708
2026-09-05 17:00:00,R2,2.539,1.076,5.552,3.567,0.841,11.037
2026-09-05 17:15:00,R1,3.054,1.142,4.71,4.566,1.017,11.435
2026-09-05 17:15:00,R2,2.323,1.141,4.39,4.171,0.957,10.659
2026-09-05 17:30:00,R1,2.997,1.215,5.334,4.612,0.972,12.132
2026-09-05 17:30:00,R2,2.81,0.989,4.199,3.947,0.802,9.938
2026-09-05 17:45:00,R1,2.859,1.123,5.336,4.041,0.941,11.441
2026-09-05 17:45:00,R2,2.511,1.054,4.853,3.784,0.902,10.593
2026-09-05 18:00:00,R1,3.124,1.375,5.785,4.157,0.957,12.274
2026-09-05 18:00:00,R2,2.492,1.186,4.405,3.578,0.993,10.162
2026-09-05 18:15:00,R1,3.095,1.327,5.722,4.323,0.976,12.348
2026-09-05 18:15:00,R2,2.598,1.063,4.414,3.891,1.059,10.427
2026-09-05 18:30:00,R1,2.92,1.148,5.453,3.758,0.991,11.349
2026-09-05 18:30:00,R2,2.812,1.08,4.741,4.413,0.835,11.07
2026-09-05 18:45:00,R1,2.88,1.122,5.04,3.949,1.044,11.155
2026-09-05 18:45:00,R2,2.77,1.004,4.498,3.686,0.837,10.026
2026-09-05 19:00:00,R1,2.722,1.25,5.718,4.575,0.998,12.541
2026-09-05 19:00:00,R2,2.466,0.878,4.261,3.641,0.942,9.722
2026-09-05 19:15:00,R1,3.044,1.318,5.227,4.023,0.993,11.562
2026-09-05 19:15:00,R2,2.709,0.972,4.669,4.085,0.961,10.687
2026-09-05 19:30:00,R1,2.472,1.297,4.767,4.174,1.166,11.404
2026-09-05 19:30:00,R2,2.752,1.185,4.583,3.942,0.991,10.701
2026-09-05 19:45:00,R1,2.98,1.044,4.938,4.658,1.015,11.655
2026-09-05 19:45:00,R2,2.683,0.742,4.089,3.96,0.845,9.636
2026-09-05 20:00:00,R1,2.658,1.054,4.686,4.252,0.881,10.872
2026-09-05 20:00:00,R2,2.614,0.911,4.74,3.703,0.81,10.164
2026-09-05 20:15:00,R1,3.336,1.216,5.682,4.187,0.812,11.898
2026-09-05 20:15:00,R2,2.759,0.941,4.426,4.177,0.981,10.524
2026-09-05 20:30:00,R1,3.237,1.156,5.232,4.286,0.943,11.617
2026-09-05 20:30:00,R2,2.728,0.874,4.587,3.866,0.846,10.173
2026-09-05 20:45:00,R1,3.113,1.158,5.505,4.82,1.015,12.498
2026-09-05 20:45:00,R2,2.615,1.042,4.387,3.535,0.884,9.848
2026-09-05 21:00:00,R1,3.217,0.978,5.139,4.046,0.856,11.019
2026-09-05 21:00:00,R2,2.346,1.192,4.491,3.354,0.897,9.935
2026-09-05 21:15:00,R1,3.316,1.383,5.797,4.555,0.988,12.724
2026-09-05 21:15:00,R2,2.929,1.178,3.819,4.079,0.916,9.992
2026-09-05 21:30:00,R1,2.705,1.194,5.835,3.939,0.868,11.838
2026-09-05 21:30:00,R2,2.553,1.091,4.211,3.893,1.025,10.22
2026-09-05 21:45:00,R1,2.716,1.151,5.519,4.379,0.894,11.943
2026-09-05 21:45:00,R2,2.662,1.134,4.693,3.972,0.858,10.657
2026-09-05 22:00:00,R1,3.469,1.141,5.54,4.154,1.1,11.935
2026-09-05 22:00:00,R2,2.419,0.933,4.809,3.772,0.898,10.412
2026-09-05 22:15:00,R1,2.859,1.362,5.009,4.341,1.066,11.778
2026-09-05 22:15:00,R2,2.389,1.02,4.441,3.612,1.048,10.121
2026-09-05 22:30:00,R1,3.109,1.198,4.994,4.286,1.024,11.502
2026-09-05 22:30:00,R2,2.603,1.137,4.729,3.76,0.933,10.558
2026-09-05 22:45:00,R1,2.84,1.279,5.475,3.961,0.953,11.668
2026-09-05 22:45:00,R2,2.676,1.21,4.105,3.467,0.866,9.647
2026-09-05 23:00:00,R1,2.565,1.187,5.341,3.806,0.997,11.332
2026-09-05 23:00:00,R2,2.537,1.09,4.316,4.157,0.913,10.476
2026-09-05 23:15:00,R1,2.868,1.169,5.064,4.376,0.872,11.481
2026-09-05 23:15:00,R2,2.607,1.057,4.521,3.97,0.9,10.448
2026-09-05 23:30:00,R1,3.106,1.21,5.086,4.594,0.794,11.684
2026-09-05 23:30:00,R2,2.802,1.041,3.953,3.639,0.968,9.601
2026-09-05 23:45:00,R1,2.576,1.234,5.402,4.416,1.055,12.107
2026-09-05 23:45:00,R2,2.547,0.965,4.373,3.762,0.834,9.934
2026-09-06 00:00:00,R1,2.907,1.172,5.165,4.219,1.017,11.573
2026-09-06 00:00:00,R2,2.734,1.019,4.504,3.751,0.862,10.136
2026-09-06 00:15:00,R1,3.216,1.11,5.133,4.363,0.918,11.523
2026-09-06 00:15:00,R2,2.445,1.054,4.929,3.595,0.934,10.511
2026-09-06 00:30:00,R1,3.202,1.199,5.129,3.907,1.038,11.273
2026-09-06 00:30:00,R2,2.448,0.954,4.402,3.768,0.904,10.028
2026-09-06 00:45:00,R1,3.102,1.229,4.912,4.135,0.952,11.229
2026-09-06 00:45:00,R2,2.657,1.124,4.641,3.855,0.925,10.545
2026-09-06 01:00:00,R1,2.622,1.291,5.206,4.487,0.921,11.905
2026-09-06 01:00:00,R2,2.331,1.209,4.344,3.719,1.084,10.356
2026-09-06 01:15:00,R1,3.087,1.212,5.26,4.229,1.011,11.712
2026-09-06 01:15:00,R2,2.929,0.97,4.111,4.532,0.862,10.474
2026-09-06 01:30:00,R1,3.363,1.224,5.485,4.062,0.989,11.761
2026-09-06 01:30:00,R2,2.293,1.073,4.433,4.083,0.789,10.377
2026-09-06 01:45:00,R1,2.957,1.3,5.266,4.369,0.916,11.851
2026-09-06 01:45:00,R2,2.436,1.259,4.642,3.53,0.916,10.346
2026-09-06 02:00:00,R1,3.333,1.195,5.004,4.488,0.945,11.632
2026-09-06 02:00:00,R2,2.521,1.163,4.181,3.837,0.763,9.944
2026-09-06 02:15:00,R1,3.004,1.313,5.394,4.361,0.976,12.043
2026-09-06 02:15:00,R2,2.382,1.04,4.414,3.738,0.878,10.07
2026-09-06 02:30:00,R1,3.122,1.16,5.05,4.199,0.881,11.289
2026-09-06 02:30:00,R2,2.547,1.108,4.242,3.856,0.866,10.072
2026-09-06 02:45:00,R1,3.213,1.139,5.217,4.07,0.956,11.382
2026-09-06 02:45:00,R2,2.691,1.047,3.649,3.898,0.884,9.477
2026-09-06 03:00:00,R1,3.071,1.087,5.133,4.547,0.991,11.759
2026-09-06 03:00:00,R2,2.753,0.925,3.922,3.927,0.901,9.675
2026-09-06 03:15:00,R1,2.979,1.191,4.971,4.135,0.868,11.164
2026-09-06 03:15:00,R2,2.5,0.973,4.09,3.815,0.902,9.78
2026-09-06 03:30:00,R1,3.463,1.113,5.545,3.982,0.834,11.473
2026-09-06 03:30:00,R2,2.679,1.016,4.423,3.532,0.812,9.784
2026-09-06 03:45:00,R1,3.035,1.184,4.817,4.348,0.854,11.202
2026-09-06 03:45:00,R2,2.467,0.999,4.463,3.995,0.815,10.271
2026-09-06 04:00:00,R1,2.799,1.136,5.226,4.232,0.952,11.546
2026-09-06 04:00:00,R2,2.558,1.112,4.242,3.731,1.001,10.086
2026-09-06 04:15:00,R1,2.834,1.277,4.819,4.152,1.016,11.265
2026-09-06 04:15:00,R2,2.531,1.07,4.397,3.568,0.935,9.969
2026-09-06 04:30:00,R1,2.988,1.091,5.242,4.301,0.971,11.606
2026-09-06 04:30:00,R2,2.623,1.187,4.371,3.608,0.837,10.003
2026-09-06 04:45:00,R1,3.333,1.15,4.962,4.472,0.863,11.446
2026-09-06 04:45:00,R2,2.8,1.179,4.706,4.113,0.778,10.776
2026-09-06 05:00:00,R1,2.865,1.217,4.722,4.313,1.035,11.286
2026-09-06 05:00:00,R2,2.542,1.018,4.326,3.897,0.889,10.129
2026-09-06 05:15:00,R1,2.808,1.22,5.427,4.368,0.991,12.007
2026-09-06 05:15:00,R2,2.902,1.096,4.365,3.401,0.972,9.835
2026-09-06 05:30:00,R1,3.184,1.187,5.091,4.401,1.108,11.787
2026-09-06 05:30:00,R2,2.77,1.088,4.654,3.782,0.896,10.419
2026-09-06 05:45:00,R1,3.304,1.1,4.871,4.586,0.9,11.456
2026-09-06 05:45:00,R2,2.331,1.087,4.243,3.476,0.98,9.786
2026-09-06 06:00:00,R1,3.109,1.312,4.922,3.692,0.832,10.758
2026-09-06 06:00:00,R2,2.833,1.035,4.404,3.708,0.906,10.053
2026-09-06 06:15:00,R1,2.939,1.289,5.138,4.6,0.981,12.008
2026-09-06 06:15:00,R2,2.521,1.119,4.673,3.988,0.972,10.751
2026-09-06 06:30:00,R1,3.015,1.223,5.046,4.009,0.794,11.072
2026-09-06 06:30:00,R2,2.351,1.104,4.522,3.67,1.078,10.374
2026-09-06 06:45:00,R1,2.875,1.205,4.935,4.225,1.098,11.463
2026-09-06 06:45:00,R2,2.862,0.931,4.436,3.945,0.807,10.119
2026-09-06 07:00:00,R1,3.083,1.039,4.74,4.47,0.937,11.186
2026-09-06 07:00:00,R2,2.252,1.098,4.616,4.073,0.888,10.675
2026-09-06 07:15:00,R1,3.084,1.068,5.054,3.984,0.88,10.986
2026-09-06 07:15:00,R2,2.391,1.045,4.642,3.301,1.028,10.015
2026-09-06 07:30:00,R1,3.112,1.142,5.218,4.636,0.989,11.984
2026-09-06 07:30:00,R2,2.872,1.156,4.456,3.562,0.764,9.938
2026-09-06 07:45:00,R1,2.674,1.078,5.419,4.689,0.927,12.113
2026-09-06 07:45:00,R2,2.794,0.966,4.307,3.642,0.847,9.761
2026-09-06 08:00:00,R1,3.121,0.994,4.814,4.544,0.875,11.227
2026-09-06 08:00:00,R2,2.706,1.081,3.968,4.041,0.832,9.923
2026-09-06 08:15:00,R1,3.038,1.213,5.005,4.552,0.82,11.59
2026-09-06 08:15:00,R2,2.541,1.086,4.546,3.446,0.807,9.884
2026-09-06 08:30:00,R1,3.205,1.138,5.005,4.619,0.996,11.757
2026-09-06 08:30:00,R2,3.035,1.039,4.851,4.025,0.874,10.789
2026-09-06 08:45:00,R1,3.001,1.242,5.145,4.378,0.909,11.674
2026-09-06 08:45:00,R2,2.749,1.184,4.478,3.223,0.868,9.753
2026-09-06 09:00:00,R1,2.992,1.225,5.15,4.096,0.88,11.35
2026-09-06 09:00:00,R2,2.534,1.14,4.656,3.866,0.753,10.414
2026-09-06 09:15:00,R1,3.046,1.154,4.688,4.289,0.944,11.076
2026-09-06 09:15:00,R2,2.427,1.077,4.281,3.689,0.852,9.899
2026-09-06 09:30:00,R1,2.816,1.097,5.423,4.48,0.823,11.822
2026-09-06 09:30:00,R2,2.875,0.967,4.443,3.642,0.968,10.02
2026-09-06 09:45:00,R1,2.758,1.249,4.883,4.281,0.912,11.325
2026-09-06 09:45:00,R2,2.296,0.948,4.665,3.388,0.913,9.914
2026-09-06 10:00:00,R1,3.131,1.178,4.736,4.384,1.097,11.395
2026-09-06 10:00:00,R2,2.621,0.994,4.742,3.184,0.862,9.782
2026-09-06 10:15:00,R1,2.846,1.168,5.497,4.054,0.891,11.61
2026-09-06 10:15:00,R2,2.473,1.009,4.593,3.569,0.887,10.058
2026-09-06 10:30:00,R1,3.08,1.176,5.069,4.102,0.826,11.173
2026-09-06 10:30:00,R2,2.618,1.188,4.403,3.772,0.805,10.168
2026-09-06 10:45:00,R1,3.121,1.159,4.839,3.807,0.906,10.71
2026-09-06 10:45:00,R2,2.458,0.983,4.898,3.572,0.758,10.211
2026-09-06 11:00:00,R1,3.235,1.201,4.743,4.054,1.103,11.102
2026-09-06 11:00:00,R2,2.814,1.017,4.57,3.97,1.089,10.646
2026-09-06 11:15:00,R1,2.815,1.147,4.805,3.975,0.885,10.811
2026-09-06 11:15:00,R2,2.529,0.909,4.595,3.651,0.837,9.992
2026-09-06 11:30:00,R1,3.075,1.197,5.287,3.993,0.983,11.46
2026-09-06 11:30:00,R2,2.616,1.033,4.574,4.074,0.889,10.57
2026-09-06 11:45:00,R1,3.116,1.102,5.016,4.242,1.076,11.437
2026-09-06 11:45:00,R2,2.846,1.046,4.097,3.589,1.053,9.785
2026-09-06 12:00:00,R1,3.026,1.197,4.937,4.489,1.126,11.75
2026-09-06 12:00:00,R2,2.271,1.093,4.768,3.828,0.84,10.529
2026-09-06 12:15:00,R1,2.977,1.102,5.389,4.314,0.966,11.771
2026-09-06 12:15:00,R2,2.816,1.011,4.072,3.397,1.037,9.517
2026-09-06 12:30:00,R1,3.001,1.079,5.335,4.341,0.895,11.65
2026-09-06 12:30:00,R2,2.227,0.97,4.153,3.719,0.898,9.739
2026-09-06 12:45:00,R1,3.215,1.068,5.113,4.434,0.982,11.598
2026-09-06 12:45:00,R2,2.612,1.132,4.421,3.606,0.939,10.098
2026-09-06 13:00:00,R1,3.007,1.396,5.482,4.397,1.011,12.286
2026-09-06 13:00:00,R2,2.662,1.168,4.764,3.557,0.883,10.372
2026-09-06 13:15:00,R1,3.141,0.998,5.322,4.049,0.791,11.16
2026-09-06 13:15:00,R2,2.728,1.04,4.557,4.124,0.698,10.419
2026-09-06 13:30:00,R1,3.201,1.211,5.181,4.423,0.85,11.664
2026-09-06 13:30:00,R2,2.603,0.978,4.592,3.718,0.859,10.147
2026-09-06 13:45:00,R1,3.401,1.311,5.129,4.112,0.978,11.53
2026-09-06 13:45:00,R2,2.25,0.993,4.434,3.49,0.828,9.745
2026-09-06 14:00:00,R1,3.562,1.061,5.353,4.359,0.903,11.677
2026-09-06 14:00:00,R2,2.888,1.104,4.243,3.905,0.848,10.101
2026-09-06 14:15:00,R1,2.773,1.242,5.398,4.106,0.945,11.691
2026-09-06 14:15:00,R2,2.465,1.166,4.84,3.826,0.925,10.757
2026-09-06 14:30:00,R1,3.128,1.331,4.507,4.674,1.066,11.578
2026-09-06 14:30:00,R2,2.209,1.019,4.523,3.486,0.964,9.992
2026-09-06 14:45:00,R1,2.614,1.175,5.391,4.19,1.111,11.867
2026-09-06 14:45:00,R2,2.799,1.072,4.612,3.93,0.858,10.472
2026-09-06 15:00:00,R1,3.118,1.081,5.4,4.386,0.943,11.81
2026-09-06 15:00:00,R2,2.967,1.045,4.566,3.721,0.841,10.173
2026-09-06 15:15:00,R1,3.088,1.223,5.062,4.668,0.853,11.807
2026-09-06 15:15:00,R2,2.388,1.04,4.231,3.657,0.867,9.795
2026-09-06 15:30:00,R1,2.716,1.154,4.681,3.968,0.948,10.751
2026-09-06 15:30:00,R2,2.679,0.976,4.235,4.179,0.963,10.352
2026-09-06 15:45:00,R1,3.011,1.26,5.031,3.858,0.962,11.111
2026-09-06 15:45:00,R2,2.564,1.203,4.847,3.442,0.908,10.4
2026-09-06 16:00:00,R1,2.639,1.134,5.544,4.466,0.988,12.132
2026-09-06 16:00:00,R2,2.528,1.059,4.126,3.759,0.906,9.85
2026-09-06 16:15:00,R1,3.186,1.274,4.587,4.401,0.937,11.2
2026-09-06 16:15:00,R2,2.614,0.925,4.979,4.072,0.839,10.815
2026-09-06 16:30:00,R1,3.201,1.052,5.744,4.07,1.004,11.87
2026-09-06 16:30:00,R2,2.61,1.012,4.452,3.734,0.916,10.114
2026-09-06 16:45:00,R1,2.99,1.219,5.127,4.275,0.898,11.519
2026-09-06 16:45:00,R2,2.645,1.07,4.176,3.799,1.005,10.051
2026-09-06 17:00:00,R1,2.938,1.166,5.089,4.126,0.946,11.327
2026-09-06 17:00:00,R2,2.305,1.113,5.118,3.872,0.942,11.045
2026-09-06 17:15:00,R1,2.997,1.008,5.277,4.045,0.9,11.23
2026-09-06 17:15:00,R2,2.557,0.982,4.748,3.948,0.832,10.509
2026-09-06 17:30:00,R1,2.715,1.13,4.958,4.019,1.048,11.156
2026-09-06 17:30:00,R2,2.354,0.934,4.35,3.468,0.773,9.524
2026-09-06 17:45:00,R1,2.551,1.248,5.281,4.396,0.894,11.819
2026-09-06 17:45:00,R2,2.839,1.234,4.587,3.844,1.028,10.694
2026-09-06 18:00:00,R1,3.224,1.096,5.7,4.553,1.075,12.424
2026-09-06 18:00:00,R2,3.025,0.881,3.753,3.829,0.82,9.283
2026-09-06 18:15:00,R1,2.952,1.207,5.514,4.567,0.904,12.192
2026-09-06 18:15:00,R2,2.812,0.807,4.872,3.753,0.757,10.189
2026-09-06 18:30:00,R1,2.775,1.207,5.288,4.212,0.931,11.638
2026-09-06 18:30:00,R2,2.426,1.081,4.472,3.825,0.823,10.201
2026-09-06 18:45:00,R1,2.467,1.223,5.722,4.883,0.951,12.779
2026-09-06 18:45:00,R2,2.554,1.166,5.033,3.977,0.796,10.972
2026-09-06 19:00:00,R1,2.885,1.186,5.056,4.243,0.944,11.428
2026-09-06 19:00:00,R2,2.736,1.255,4.421,3.677,0.865,10.217
2026-09-06 19:15:00,R1,3.204,1.144,5.134,3.567,0.968,10.813
2026-09-06 19:15:00,R2,2.592,0.916,4.868,4.465,0.771,11.02
2026-09-06 19:30:00,R1,2.93,1.145,5.134,4.328,0.899,11.506
2026-09-06 19:30:00,R2,2.808,1.203,4.31,4.077,0.876,10.466
2026-09-06 19:45:00,R1,3.208,1.221,5.632,4.638,1.111,12.602
2026-09-06 19:45:00,R2,2.801,1.045,4.218,3.826,0.85,9.939
2026-09-06 20:00:00,R1,2.991,1.059,4.925,4.481,0.998,11.463
2026-09-06 20:00:00,R2,2.42,1.04,4.646,3.461,0.914,10.061
2026-09-06 20:15:00,R1,3.049,1.183,5.271,4.288,1.005,11.747
2026-09-06 20:15:00,R2,2.584,1.147,4.145,3.926,0.942,10.159
2026-09-06 20:30:00,R1,3.064,1.126,5.101,4.668,1.069,11.964
2026-09-06 20:30:00,R2,2.494,0.988,4.728,4.093,0.844,10.653
2026-09-06 20:45:00,R1,2.807,1.062,5.637,4.257,0.978,11.934
2026-09-06 20:45:00,R2,2.804,1.056,4.601,3.59,1.025,10.273
2026-09-06 21:00:00,R1,3.363,0.965,5.044,3.932,1.129,11.07
2026-09-06 21:00:00,R2,2.165,1.17,4.487,3.733,0.922,10.311
2026-09-06 21:15:00,R1,3.141,1.033,5.282,4.562,0.869,11.746
2026-09-06 21:15:00,R2,2.348,1.098,4.339,3.716,0.939,10.092
2026-09-06 21:30:00,R1,3.096,1.105,5.514,4.717,0.9,12.235
2026-09-06 21:30:00,R2,2.377,1.177,4.599,3.477,0.91,10.162
2026-09-06 21:45:00,R1,3.07,1.231,5.478,4.731,0.941,12.381
2026-09-06 21:45:00,R2,2.51,1.211,4.767,4.089,0.897,10.963
2026-09-06 22:00:00,R1,3.753,1.213,5.209,4.062,1.033,11.517
2026-09-06 22:00:00,R2,3.189,1.036,4.305,3.839,0.944,10.124
2026-09-06 22:15:00,R1,2.689,1.255,5.199,3.785,0.989,11.229
2026-09-06 22:15:00,R2,2.662,1.038,4.587,3.899,1.001,10.525
2026-09-06 22:30:00,R1,3.216,1.184,5.18,4.287,0.877,11.527
2026-09-06 22:30:00,R2,2.58,0.829,4.411,3.587,0.812,9.64
2026-09-06 22:45:00,R1,3.092,1.237,4.981,3.94,1.051,11.21
2026-09-06 22:45:00,R2,2.256,1.087,4.103,3.617,0.939,9.745
2026-09-06 23:00:00,R1,2.785,1.132,5.202,3.894,1.015,11.242
2026-09-06 23:00:00,R2,2.757,0.881,4.71,3.641,0.929,10.16
2026-09-06 23:15:00,R1,3.032,1.139,5.001,4.389,0.961,11.49
2026-09-06 23:15:00,R2,2.899,0.97,4.813,3.432,0.867,10.082
2026-09-06 23:30:00,R1,2.947,1.302,5.091,3.973,0.934,11.3
2026-09-06 23:30:00,R2,2.894,1.144,4.556,3.618,0.944,10.262
2026-09-06 23:45:00,R1,2.734,1.369,4.899,4.276,0.997,11.542
2026-09-06 23:45:00,R2,2.423,1.179,4.494,4.253,0.886,10.812
2026-09-07 00:00:00,R1,2.78,1.037,5.349,4.323,1.099,11.808
2026-09-07 00:00:00,R2,2.378,1.088,4.538,3.675,0.788,10.088
2026-09-07 00:15:00,R1,2.646,1.117,5.206,3.95,0.959,11.233
2026-09-07 00:15:00,R2,2.216,1.124,3.779,4.233,0.938,10.074
2026-09-07 00:30:00,R1,2.886,1.169,5.465,4.407,1.03,12.071
2026-09-07 00:30:00,R2,2.416,0.971,4.443,3.594,1.098,10.106
2026-09-07 00:45:00,R1,2.933,1.222,5.409,4.44,1.006,12.077
2026-09-07 00:45:00,R2,2.461,0.971,4.754,3.897,0.916,10.538
2026-09-07 01:00:00,R1,3.027,1.25,5.232,4.101,0.921,11.504
2026-09-07 01:00:00,R2,2.553,1.002,4.279,3.496,0.997,9.775
2026-09-07 01:15:00,R1,3.163,1.184,4.913,4.466,1.164,11.727
2026-09-07 01:15:00,R2,2.697,1.06,4.284,3.707,1.068,10.119
2026-09-07 01:30:00,R1,2.823,1.113,4.963,4.037,0.903,11.016
2026-09-07 01:30:00,R2,2.546,0.773,4.089,4.242,0.877,9.981
2026-09-07 01:45:00,R1,2.859,1.002,4.726,4.018,0.928,10.674
2026-09-07 01:45:00,R2,2.388,0.956,4.326,3.806,0.827,9.915
2026-09-07 02:00:00,R1,2.935,1.111,4.903,4.612,0.989,11.615
2026-09-07 02:00:00,R2,2.46,0.916,4.661,3.78,0.83,10.187
2026-09-07 02:15:00,R1,2.797,1.169,5.331,4.149,1.077,11.725
2026-09-07 02:15:00,R2,2.574,1.139,4.778,3.863,0.947,10.726
2026-09-07 02:30:00,R1,2.926,1.066,5.289,4.081,0.919,11.355
2026-09-07 02:30:00,R2,2.576,1.151,4.322,3.479,0.762,9.714
2026-09-07 02:45:00,R1,3.332,0.984,5.326,4.256,0.983,11.549
2026-09-07 02:45:00,R2,2.907,0.996,4.873,3.833,0.968,10.67
2026-09-07 03:00:00,R1,2.724,0.92,5.037,4.269,1.073,11.3
2026-09-07 03:00:00,R2,2.573,0.951,4.509,3.781,0.924,10.165
2026-09-07 03:15:00,R1,3.244,1.178,5.758,4.314,0.931,12.181
2026-09-07 03:15:00,R2,2.727,0.911,4.577,3.656,0.902,10.045
2026-09-07 03:30:00,R1,2.938,0.989,5.086,4.645,0.999,11.719
2026-09-07 03:30:00,R2,2.379,1.033,4.211,3.994,0.791,10.029
2026-09-07 03:45:00,R1,3.121,1.181,4.867,4.107,0.949,11.105
2026-09-07 03:45:00,R2,2.338,1.158,4.232,3.416,0.855,9.66
2026-09-07 04:00:00,R1,2.97,1.175,4.9,4.651,0.9,11.626
2026-09-07 04:00:00,R2,2.721,0.861,4.881,3.633,0.843,10.218
2026-09-07 04:15:00,R1,2.985,1.132,5.247,4.27,0.906,11.554
2026-09-07 04:15:00,R2,2.77,1.03,4.19,3.615,0.846,9.681
2026-09-07 04:30:00,R1,3.023,1.305,5.338,4.534,1.039,12.216
2026-09-07 04:30:00,R2,2.494,1.02,4.622,3.617,0.894,10.153
2026-09-07 04:45:00,R1,3.124,0.957,5.092,3.856,1.132,11.037
2026-09-07 04:45:00,R2,2.894,1.09,4.387,3.722,0.895,10.095
2026-09-07 05:00:00,R1,3.238,1.257,5.357,4.467,0.946,12.027
2026-09-07 05:00:00,R2,2.665,1.008,4.658,3.842,0.931,10.439
2026-09-07 05:15:00,R1,3.288,1.163,5.248,4.31,0.754,11.475
2026-09-07 05:15:00,R2,2.625,0.991,4.032,4.231,0.862,10.117
2026-09-07 05:30:00,R1,2.935,1.192,5.219,3.985,1.084,11.479
2026-09-07 05:30:00,R2,2.499,1.072,4.447,3.723,0.901,10.143
2026-09-07 05:45:00,R1,3.111,1.175,4.684,4.021,1.008,10.889
2026-09-07 05:45:00,R2,2.893,1.181,4.588,3.504,0.939,10.212
2026-09-07 06:00:00,R1,3.419,1.29,5.164,4.664,0.983,12.101
2026-09-07 06:00:00,R2,2.721,1.083,4.382,4.074,0.953,10.491
2026-09-07 06:15:00,R1,2.986,1.167,5.021,4.299,0.918,11.405
2026-09-07 06:15:00,R2,2.94,1.085,4.475,3.377,0.926,9.864
2026-09-07 06:30:00,R1,2.756,1.19,5.062,4.176,1.01,11.439
2026-09-07 06:30:00,R2,2.933,1.127,4.938,3.973,0.94,10.978
2026-09-07 06:45:00,R1,3.108,1.221,5.46,4.36,1.001,12.042
2026-09-07 06:45:00,R2,2.337,0.949,4.211,3.881,0.986,10.027
2026-09-07 07:00:00,R1,3.117,1.125,5.611,4.033,0.829,11.598
2026-09-07 07:00:00,R2,2.202,0.98,4.38,4.406,0.87,10.636
2026-09-07 07:15:00,R1,2.863,1.136,5.341,4.044,0.885,11.405
2026-09-07 07:15:00,R2,2.462,0.968,4.458,4.09,0.894,10.41
2026-09-07 07:30:00,R1,2.884,0.979,5.269,4.252,0.704,11.204
2026-09-07 07:30:00,R2,2.88,0.979,4.226,3.878,0.953,10.035
2026-09-07 07:45:00,R1,3.225,1.132,5.61,4.158,0.962,11.863
2026-09-07 07:45:00,R2,2.968,0.748,4.849,3.85,0.939,10.386
2026-09-07 08:00:00,R1,3.202,1.052,4.571,4.29,0.916,10.829
2026-09-07 08:00:00,R2,2.468,0.91,4.384,3.506,0.909,9.709
2026-09-07 08:15:00,R1,3.063,1.07,5.16,4.319,0.841,11.39
2026-09-07 08:15:00,R2,2.466,1.081,4.164,4.085,0.929,10.259
2026-09-07 08:30:00,R1,2.826,1.123,5.227,4.723,0.977,12.05
2026-09-07 08:30:00,R2,2.81,0.941,4.984,3.407,0.913,10.245
2026-09-07 08:45:00,R1,3.105,1.217,5.172,4.35,1.1,11.839
2026-09-07 08:45:00,R2,2.485,0.93,4.494,3.413,0.886,9.723
2026-09-07 09:00:00,R1,2.945,1.198,5.139,4.44,0.945,11.722
2026-09-07 09:00:00,R2,2.457,0.996,4.973,3.866,0.965,10.8
2026-09-07 09:15:00,R1,2.937,1.185,5.654,4.253,1.011,12.102
2026-09-07 09:15:00,R2,2.717,1.039,4.22,3.642,0.91,9.811
2026-09-07 09:30:00,R1,3.185,1.192,4.908,4.576,0.902,11.578
2026-09-07 09:30:00,R2,2.727,1.121,4.614,3.864,0.904,10.502
2026-09-07 09:45:00,R1,3.051,1.053,4.967,4.724,0.846,11.589
2026-09-07 09:45:00,R2,2.752,1.216,4.071,3.265,1.035,9.587
2026-09-07 10:00:00,R1,3.123,1.062,5.145,4.491,0.942,11.641
2026-09-07 10:00:00,R2,2.946,1.102,4.351,3.69,0.994,10.137
2026-09-07 10:15:00,R1,2.885,1.173,5.556,4.679,0.89,12.297
2026-09-07 10:15:00,R2,2.735,1.108,4.787,3.695,0.971,10.561
2026-09-07 10:30:00,R1,2.915,1.307,5.102,4.387,0.935,11.73
2026-09-07 10:30:00,R2,2.674,1.091,4.51,3.908,0.934,10.443
2026-09-07 10:45:00,R1,2.948,1.312,5.8,4.542,0.901,12.555
2026-09-07 10:45:00,R2,2.645,0.967,4.902,3.635,0.896,10.401
2026-09-07 11:00:00,R1,2.932,1.122,4.994,4.001,0.812,10.929
2026-09-07 11:00:00,R2,2.779,0.916,4.663,4.031,0.85,10.459
2026-09-07 11:15:00,R1,3.201,1.057,4.875,4.435,0.899,11.266
2026-09-07 11:15:00,R2,2.507,0.916,4.252,3.86,0.841,9.869
2026-09-07 11:30:00,R1,3.115,1.082,5.187,4.313,0.9,11.481
2026-09-07 11:30:00,R2,2.464,1.17,4.035,3.944,0.834,9.983
2026-09-07 11:45:00,R1,3.316,1.35,5.405,4.362,0.945,12.063
2026-09-07 11:45:00,R2,2.459,1.021,4.945,3.85,0.884,10.7
2026-09-07 12:00:00,R1,2.497,1.155,4.999,4.507,0.937,11.597
2026-09-07 12:00:00,R2,2.527,1.042,4.39,3.918,0.907,10.257
2026-09-07 12:15:00,R1,2.803,1.211,4.925,4.512,1.052,11.7
2026-09-07 12:15:00,R2,2.377,1.032,4.682,3.733,0.976,10.423
2026-09-07 12:30:00,R1,2.682,1.051,5.418,4.146,1.151,11.766
2026-09-07 12:30:00,R2,2.499,1.037,4.472,4.124,0.879,10.512
2026-09-07 12:45:00,R1,2.889,1.207,5.114,4.028,0.925,11.274
2026-09-07 12:45:00,R2,2.355,1.004,4.108,3.577,0.923,9.611
2026-09-07 13:00:00,R1,3.065,1.306,5.24,3.846,0.855,11.248
2026-09-07 13:00:00,R2,2.453,1.173,4.191,3.565,0.901,9.83
2026-09-07 13:15:00,R1,2.526,1.102,5.205,3.864,0.955,11.126
2026-09-07 13:15:00,R2,2.76,0.968,4.9,3.405,0.916,10.188
2026-09-07 13:30:00,R1,2.81,1.167,5.304,4.455,0.97,11.896
2026-09-07 13:30:00,R2,2.582,1.222,4.033,3.666,0.921,9.841
2026-09-07 13:45:00,R1,3.256,1.26,4.97,4.199,1.135,11.564
2026-09-07 13:45:00,R2,2.522,1.128,4.827,4.151,0.947,11.053
2026-09-07 14:00:00,R1,3.263,1.003,5.088,4.637,0.996,11.724
2026-09-07 14:00:00,R2,3.219,1.089,4.524,4.0,0.802,10.415
2026-09-07 14:15:00,R1,3.108,1.135,5.395,4.563,0.948,12.04
2026-09-07 14:15:00,R2,2.471,0.958,4.557,3.664,0.833,10.012
2026-09-07 14:30:00,R1,2.989,1.117,5.234,4.085,0.903,11.34
2026-09-07 14:30:00,R2,3.002,1.333,4.421,3.97,1.058,10.781
2026-09-07 14:45:00,R1,3.304,1.129,5.489,4.272,0.943,11.832
2026-09-07 14:45:00,R2,2.499,1.003,4.731,4.117,0.986,10.837
2026-09-07 15:00:00,R1,3.003,1.19,5.406,4.281,0.96,11.837
2026-09-07 15:00:00,R2,2.723,1.15,4.541,3.73,0.895,10.316
2026-09-07 15:15:00,R1,2.891,1.107,5.197,4.628,0.997,11.929
2026-09-07 15:15:00,R2,2.695,0.961,4.544,3.549,0.896,9.951
2026-09-07 15:30:00,R1,2.731,0.991,4.728,4.46,0.902,11.081
2026-09-07 15:30:00,R2,2.695,1.059,4.597,3.628,0.978,10.261
2026-09-07 15:45:00,R1,3.27,1.078,5.551,4.295,0.85,11.774
2026-09-07 15:45:00,R2,2.377,1.178,4.204,3.713,0.901,9.996
2026-09-07 16:00:00,R1,3.07,1.139,5.526,4.198,0.988,11.85
2026-09-07 16:00:00,R2,2.685,1.035,3.963,3.227,0.946,9.173
2026-09-07 16:15:00,R1,2.843,1.075,5.599,4.552,0.876,12.101
2026-09-07 16:15:00,R2,3.034,0.963,5.21,3.749,0.926,10.849
2026-09-07 16:30:00,R1,3.211,1.251,5.455,4.426,1.029,12.161
2026-09-07 16:30:00,R2,2.799,0.963,4.539,3.557,0.884,9.943
2026-09-07 16:45:00,R1,3.035,1.154,5.015,4.807,1.014,11.99
2026-09-07 16:45:00,R2,2.653,0.982,4.377,4.28,0.796,10.435
2026-09-07 17:00:00,R1,2.649,1.233,4.573,3.958,0.942,10.706
2026-09-07 17:00:00,R2,2.815,1.124,4.659,3.895,0.813,10.491
2026-09-07 17:15:00,R1,2.687,1.024,4.853,4.49,0.818,11.186
2026-09-07 17:15:00,R2,2.838,1.07,4.579,3.538,0.968,10.156
2026-09-07 17:30:00,R1,2.842,1.454,5.117,4.15,1.049,11.77
2026-09-07 17:30:00,R2,2.619,1.161,4.554,3.746,0.898,10.359
2026-09-07 17:45:00,R1,2.94,0.934,5.1,4.321,1.073,11.429
2026-09-07 17:45:00,R2,2.834,1.1,4.483,3.722,0.927,10.231
2026-09-07 18:00:00,R1,2.507,1.132,5.108,4.475,1.097,11.813
2026-09-07 18:00:00,R2,2.558,1.063,4.625,3.916,0.764,10.368
2026-09-07 18:15:00,R1,2.927,1.166,5.116,4.567,0.941,11.79
2026-09-07 18:15:00,R2,2.555,1.056,5.118,3.672,0.865,10.712
2026-09-07 18:30:00,R1,2.771,1.179,5.223,3.776,0.938,11.116
2026-09-07 18:30:00,R2,2.382,1.032,4.345,4.192,0.854,10.424
2026-09-07 18:45:00,R1,3.122,1.129,5.392,3.83,0.899,11.25
2026-09-07 18:45:00,R2,2.845,1.147,4.087,3.908,0.839,9.981
2026-09-07 19:00:00,R1,2.891,1.123,5.442,4.119,0.841,11.525
2026-09-07 19:00:00,R2,2.715,1.106,4.976,3.832,0.951,10.866
2026-09-07 19:15:00,R1,2.932,1.222,5.763,4.175,0.903,12.062
2026-09-07 19:15:00,R2,2.728,0.99,4.757,3.765,0.881,10.393
2026-09-07 19:30:00,R1,2.781,1.193,5.436,4.354,0.991,11.974
2026-09-07 19:30:00,R2,2.533,1.054,4.277,3.439,0.969,9.739
2026-09-07 19:45:00,R1,3.463,1.073,4.67,4.158,0.799,10.701
2026-09-07 19:45:00,R2,2.801,0.983,4.786,3.899,0.797,10.466
2026-09-07 20:00:00,R1,3.137,1.359,5.443,4.202,0.953,11.956
2026-09-07 20:00:00,R2,2.605,1.058,4.558,4.35,0.932,10.898
2026-09-07 20:15:00,R1,2.966,1.089,5.126,4.157,1.052,11.423
2026-09-07 20:15:00,R2,2.344,0.968,4.166,3.298,0.826,9.258
2026-09-07 20:30:00,R1,2.967,0.969,5.578,4.152,0.936,11.635
2026-09-07 20:30:00,R2,2.76,1.1,4.8,4.063,0.927,10.891
2026-09-07 20:45:00,R1,3.083,1.207,5.65,4.131,1.005,11.993
2026-09-07 20:45:00,R2,2.948,1.074,4.738,4.303,0.916,11.031
2026-09-07 21:00:00,R1,2.993,1.161,5.131,4.042,0.905,11.239
2026-09-07 21:00:00,R2,2.341,1.183,4.358,3.968,0.865,10.374
2026-09-07 21:15:00,R1,3.179,1.325,5.36,4.639,0.985,12.308
2026-09-07 21:15:00,R2,3.104,1.039,4.477,3.892,0.831,10.24
2026-09-07 21:30:00,R1,2.804,1.046,5.61,3.847,0.939,11.443
2026-09-07 21:30:00,R2,2.414,1.064,4.378,3.655,0.937,10.034
2026-09-07 21:45:00,R1,2.627,1.185,5.011,4.222,0.93,11.349
2026-09-07 21:45:00,R2,2.614,0.989,4.735,4.17,0.955,10.849
2026-09-07 22:00:00,R1,3.185,1.192,5.493,4.497,0.994,12.176
2026-09-07 22:00:00,R2,2.696,0.896,3.991,3.774,0.795,9.456
2026-09-07 22:15:00,R1,3.419,1.407,5.142,3.975,0.979,11.503
2026-09-07 22:15:00,R2,2.438,1.154,4.784,3.501,0.928,10.367
2026-09-07 22:30:00,R1,3.229,1.047,4.876,4.054,0.911,10.888
2026-09-07 22:30:00,R2,2.572,1.059,4.546,4.108,0.99,10.703
2026-09-07 22:45:00,R1,3.095,1.032,5.242,4.345,0.918,11.536
2026-09-07 22:45:00,R2,2.623,1.125,4.149,3.742,1.041,10.057
2026-09-07 23:00:00,R1,3.102,1.108,4.86,4.167,0.945,11.079
2026-09-07 23:00:00,R2,2.728,1.24,4.142,4.284,1.015,10.682
2026-09-07 23:15:00,R1,2.869,1.234,5.018,4.108,1.046,11.406
2026-09-07 23:15:00,R2,2.686,0.958,4.123,3.965,0.987,10.033
2026-09-07 23:30:00,R1,3.105,1.106,5.059,4.385,1.143,11.692
2026-09-07 23:30:00,R2,2.387,0.846,4.683,3.734,0.822,10.085
2026-09-07 23:45:00,R1,2.955,1.198,5.942,3.916,0.869,11.924
2026-09-07 23:45:00,R2,2.73,0.988,4.227,3.8,0.921,9.937
2026-09-08 00:00:00,R1,2.935,1.025,5.102,3.98,0.964,11.071
2026-09-08 00:00:00,R2,2.417,1.131,4.225,3.908,0.94,10.204
2026-09-08 00:15:00,R1,2.854,1.169,5.545,4.227,1.032,11.974
2026-09-08 00:15:00,R2,2.641,1.043,4.509,3.81,0.925,10.288
2026-09-08 00:30:00,R1,3.057,1.325,4.979,4.209,1.021,11.534
2026-09-08 00:30:00,R2,2.557,1.044,4.032,3.587,0.802,9.466
2026-09-08 00:45:00,R1,2.992,1.096,5.307,4.281,0.92,11.604
2026-09-08 00:45:00,R2,2.468,1.069,4.622,3.908,0.801,10.4
2026-09-08 01:00:00,R1,3.013,1.329,5.256,4.093,0.885,11.563
2026-09-08 01:00:00,R2,2.75,1.193,4.459,3.763,0.76,10.176
2026-09-08 01:15:00,R1,3.111,1.145,4.557,4.126,1.033,10.86
2026-09-08 01:15:00,R2,2.591,1.063,5.107,3.478,0.883,10.53
2026-09-08 01:30:00,R1,3.014,1.369,5.259,4.357,0.835,11.821
2026-09-08 01:30:00,R2,2.705,1.044,4.954,3.799,0.836,10.633
2026-09-08 01:45:00,R1,3.192,1.033,5.325,4.151,1.03,11.539
2026-09-08 01:45:00,R2,2.583,1.227,5.02,3.315,0.759,10.321
2026-09-08 02:00:00,R1,3.022,1.229,4.636,4.395,0.913,11.172
2026-09-08 02:00:00,R2,2.564,0.904,4.804,3.975,0.887,10.571
2026-09-08 02:15:00,R1,2.828,1.165,5.117,4.451,0.947,11.679
2026-09-08 02:15:00,R2,2.972,1.028,3.995,3.842,0.851,9.717
2026-09-08 02:30:00,R1,3.0,1.174,5.457,4.417,0.943,11.991
2026-09-08 02:30:00,R2,2.535,0.89,4.318,3.642,0.928,9.778
2026-09-08 02:45:00,R1,2.822,1.093,5.393,4.238,1.03,11.754
2026-09-08 02:45:00,R2,2.398,1.166,4.595,3.722,0.959,10.442
2026-09-08 03:00:00,R1,3.318,1.166,5.248,4.418,0.925,11.757
2026-09-08 03:00:00,R2,2.796,1.275,4.434,3.822,0.797,10.328
2026-09-08 03:15:00,R1,3.086,1.266,5.231,4.188,0.95,11.636
2026-09-08 03:15:00,R2,2.337,1.21,4.262,4.242,0.833,10.546
2026-09-08 03:30:00,R1,3.148,1.067,5.5,4.244,0.956,11.768
2026-09-08 03:30:00,R2,2.692,0.906,3.957,3.78,0.918,9.562
2026-09-08 03:45:00,R1,2.935,1.139,5.139,4.065,0.865,11.208
2026-09-08 03:45:00,R2,2.695,0.943,4.303,3.712,1.019,9.977
2026-09-08 04:00:00,R1,2.933,1.153,5.334,4.64,1.04,12.167
2026-09-08 04:00:00,R2,2.417,1.141,4.413,4.042,0.703,10.298
2026-09-08 04:15:00,R1,3.099,0.913,5.463,4.471,0.971,11.818
2026-09-08 04:15:00,R2,2.762,1.094,4.078,3.873,0.949,9.994
2026-09-08 04:30:00,R1,2.995,1.168,5.395,4.221,0.87,11.654
2026-09-08 04:30:00,R2,2.606,1.075,4.081,3.339,0.877,9.372
2026-09-08 04:45:00,R1,2.776,1.076,5.273,3.609,0.842,10.8
2026-09-08 04:45:00,R2,2.379,1.157,4.5,3.241,0.892,9.79
2026-09-08 05:00:00,R1,3.4,1.122,5.043,4.433,0.955,11.553
2026-09-08 05:00:00,R2,2.798,1.097,4.572,4.305,0.87,10.843
2026-09-08 05:15:00,R1,2.929,0.969,5.705,4.323,1.039,12.035
2026-09-08 05:15:00,R2,2.299,1.028,4.786,4.015,0.975,10.803
2026-09-08 05:30:00,R1,2.562,1.168,5.011,4.556,0.834,11.569
2026-09-08 05:30:00,R2,2.606,0.945,4.469,3.263,0.992,9.668
2026-09-08 05:45:00,R1,3.321,0.998,4.714,4.175,0.965,10.852
2026-09-08 05:45:00,R2,2.404,1.204,4.027,3.641,0.919,9.791
2026-09-08 06:00:00,R1,3.234,1.079,5.013,4.175,0.895,11.163
2026-09-08 06:00:00,R2,2.651,1.044,5.076,4.018,0.863,11.001
2026-09-08 06:15:00,R1,2.786,0.992,4.736,4.508,1.121,11.357
2026-09-08 06:15:00,R2,2.846,0.932,4.468,3.913,0.786,10.099
2026-09-08 06:30:00,R1,2.891,1.328,5.215,3.825,0.91,11.278
2026-09-08 06:30:00,R2,2.78,1.035,4.421,3.195,1.062,9.713
2026-09-08 06:45:00,R1,2.956,1.017,5.364,4.111,1.045,11.536
2026-09-08 06:45:00,R2,2.846,1.175,4.258,4.116,0.715,10.264
2026-09-08 07:00:00,R1,2.836,1.049,5.145,4.204,1.004,11.403
2026-09-08 07:00:00,R2,2.632,1.134,4.646,4.067,0.923,10.77
2026-09-08 07:15:00,R1,3.384,1.214,5.341,4.255,1.01,11.819
2026-09-08 07:15:00,R2,3.019,1.164,4.208,3.69,0.885,9.946
2026-09-08 07:30:00,R1,2.772,1.231,5.2,4.639,0.893,11.963
2026-09-08 07:30:00,R2,2.691,1.138,4.452,3.222,0.896,9.707
2026-09-08 07:45:00,R1,2.974,1.205,5.233,4.622,0.982,12.043
2026-09-08 07:45:00,R2,2.659,0.946,4.336,4.06,1.087,10.43
2026-09-08 08:00:00,R1,3.105,1.251,5.321,4.066,0.974,11.611
2026-09-08 08:00:00,R2,2.466,1.11,4.684,3.9,0.797,10.491
2026-09-08 08:15:00,R1,2.912,0.922,5.577,4.255,0.81,11.564
2026-09-08 08:15:00,R2,2.677,1.003,4.379,3.393,0.957,9.731
2026-09-08 08:30:00,R1,2.862,1.101,5.093,4.392,0.898,11.484
2026-09-08 08:30:00,R2,2.509,1.121,4.476,4.156,0.871,10.623
2026-09-08 08:45:00,R1,3.041,1.18,4.994,4.147,0.995,11.316
2026-09-08 08:45:00,R2,2.819,1.037,4.76,4.166,0.976,10.938
2026-09-08 09:00:00,R1,2.647,1.111,5.579,4.008,0.925,11.623
2026-09-08 09:00:00,R2,2.795,0.914,4.5,4.062,0.979,10.455
2026-09-08 09:15:00,R1,2.883,1.071,4.866,4.449,0.985,11.371
2026-09-08 09:15:00,R2,2.826,1.227,4.534,3.981,0.908,10.65
2026-09-08 09:30:00,R1,2.597,1.042,4.966,4.119,0.918,11.045
2026-09-08 09:30:00,R2,2.647,0.893,4.312,3.907,0.898,10.01
2026-09-08 09:45:00,R1,2.892,1.214,5.467,4.672,0.775,12.128
2026-09-08 09:45:00,R2,2.796,1.026,4.959,4.096,0.887,10.968
2026-09-08 10:00:00,R1,2.85,1.236,4.864,3.994,0.895,10.989
2026-09-08 10:00:00,R2,2.799,1.033,4.505,3.734,0.919,10.191
2026-09-08 10:15:00,R1,3.302,1.136,5.053,4.482,0.819,11.491
2026-09-08 10:15:00,R2,2.778,0.913,4.349,3.62,0.95,9.832
2026-09-08 10:30:00,R1,2.909,1.189,4.658,4.463,0.994,11.304
2026-09-08 10:30:00,R2,2.892,0.935,4.44,3.79,0.832,9.997
2026-09-08 10:45:00,R1,2.8,1.038,5.438,4.536,0.811,11.823
2026-09-08 10:45:00,R2,2.481,1.207,4.334,3.781,0.848,10.17
2026-09-08 11:00:00,R1,3.071,1.0,5.138,3.827,0.856,10.822
2026-09-08 11:00:00,R2,2.599,0.994,4.195,3.494,0.907,9.591
2026-09-08 11:15:00,R1,2.958,1.257,5.013,4.164,0.997,11.432
2026-09-08 11:15:00,R2,2.683,0.992,4.638,4.001,1.022,10.653
2026-09-08 11:30:00,R1,3.076,1.079,5.778,4.665,0.872,12.393
2026-09-08 11:30:00,R2,2.731,1.173,4.052,3.64,0.703,9.567
2026-09-08 11:45:00,R1,3.306,1.089,5.06,4.208,0.869,11.225
2026-09-08 11:45:00,R2,2.897,0.887,4.218,4.053,0.858,10.016
2026-09-08 12:00:00,R1,3.009,1.217,4.841,4.456,0.931,11.446
2026-09-08 12:00:00,R2,2.754,0.94,4.453,3.881,0.964,10.238
2026-09-08 12:15:00,R1,3.014,1.155,4.665,4.472,0.934,11.226
2026-09-08 12:15:00,R2,2.121,0.965,4.29,3.72,1.13,10.105
2026-09-08 12:30:00,R1,2.616,1.053,5.485,4.239,0.96,11.736
2026-09-08 12:30:00,R2,2.341,1.084,4.327,4.017,1.026,10.455
2026-09-08 12:45:00,R1,2.985,1.223,5.219,4.347,0.945,11.734
2026-09-08 12:45:00,R2,2.675,1.003,4.095,3.674,0.833,9.605
2026-09-08 13:00:00,R1,2.775,1.214,4.77,4.6,0.952,11.536
2026-09-08 13:00:00,R2,2.534,1.174,4.089,3.442,0.88,9.585
2026-09-08 13:15:00,R1,2.96,1.171,5.148,4.261,0.944,11.525
2026-09-08 13:15:00,R2,2.611,0.975,4.644,3.678,0.904,10.201
2026-09-08 13:30:00,R1,3.208,1.254,4.885,4.735,1.055,11.93
2026-09-08 13:30:00,R2,2.21,1.124,4.66,3.735,0.811,10.331
2026-09-08 13:45:00,R1,3.069,1.153,5.334,4.593,0.982,12.062
2026-09-08 13:45:00,R2,2.458,1.246,4.592,3.782,0.768,10.388
2026-09-08 14:00:00,R1,3.53,1.226,4.932,4.377,0.969,11.503
2026-09-08 14:00:00,R2,2.58,1.008,4.68,3.534,0.957,10.179
2026-09-08 14:15:00,R1,3.185,1.346,4.853,4.298,0.939,11.437
2026-09-08 14:15:00,R2,2.826,0.836,4.329,3.928,0.933,10.026
2026-09-08 14:30:00,R1,2.989,1.059,5.343,4.262,0.836,11.5
2026-09-08 14:30:00,R2,2.147,1.024,4.79,3.181,0.98,9.975
2026-09-08 14:45:00,R1,2.954,1.203,5.21,4.435,0.97,11.819
2026-09-08 14:45:00,R2,2.637,1.063,4.481,3.66,0.814,10.018
2026-09-08 15:00:00,R1,2.7,1.329,5.434,4.51,0.914,12.187
2026-09-08 15:00:00,R2,2.839,1.042,4.062,3.482,0.912,9.498
2026-09-08 15:15:00,R1,3.371,1.157,5.354,4.058,0.839,11.408
2026-09-08 15:15:00,R2,2.24,1.088,4.446,4.015,0.917,10.465
2026-09-08 15:30:00,R1,3.191,1.221,5.145,4.159,1.042,11.566
2026-09-08 15:30:00,R2,2.494,1.085,5.188,3.954,0.709,10.936
2026-09-08 15:45:00,R1,2.834,1.132,4.83,4.632,0.836,11.431
2026-09-08 15:45:00,R2,2.634,1.137,4.101,4.057,0.802,10.097
2026-09-08 16:00:00,R1,2.785,1.212,4.352,4.347,0.769,10.68
2026-09-08 16:00:00,R2,2.435,0.929,4.639,3.794,0.881,10.243
2026-09-08 16:15:00,R1,2.821,1.154,4.547,3.772,0.989,10.462
2026-09-08 16:15:00,R2,2.503,0.878,4.539,3.854,0.875,10.146
2026-09-08 16:30:00,R1,2.956,1.162,4.831,4.088,1.024,11.105
2026-09-08 16:30:00,R2,2.843,1.204,4.532,3.989,0.917,10.643
2026-09-08 16:45:00,R1,3.075,1.055,5.326,4.091,0.929,11.402
2026-09-08 16:45:00,R2,2.423,1.031,4.505,3.654,1.015,10.205
2026-09-08 17:00:00,R1,2.896,1.107,5.207,4.173,0.906,11.393
2026-09-08 17:00:00,R2,2.723,1.157,4.344,3.718,0.814,10.033
2026-09-08 17:15:00,R1,3.22,1.139,5.106,4.101,0.949,11.294
2026-09-08 17:15:00,R2,2.517,0.999,4.486,3.706,0.848,10.039
2026-09-08 17:30:00,R1,3.054,1.206,5.13,4.33,0.848,11.515
2026-09-08 17:30:00,R2,2.737,1.143,4.894,3.653,0.969,10.66
2026-09-08 17:45:00,R1,2.824,1.254,5.583,4.183,0.885,11.905
2026-09-08 17:45:00,R2,2.816,0.925,4.34,3.819,0.902,9.987
2026-09-08 18:00:00,R1,3.104,1.18,5.3,4.301,0.946,11.727
2026-09-08 18:00:00,R2,2.676,0.999,4.736,3.741,0.809,10.285
2026-09-08 18:15:00,R1,2.936,1.277,5.389,4.398,0.941,12.004
2026-09-08 18:15:00,R2,2.424,1.091,4.497,3.848,0.901,10.338
2026-09-08 18:30:00,R1,2.942,1.173,5.793,4.454,0.92,12.34
2026-09-08 18:30:00,R2,2.513,0.99,3.834,4.018,0.709,9.551
2026-09-08 18:45:00,R1,2.912,1.207,4.939,4.343,0.887,11.376
2026-09-08 18:45:00,R2,2.795,1.02,4.751,3.393,0.974,10.138
2026-09-08 19:00:00,R1,3.011,1.486,5.111,4.045,0.903,11.545
2026-09-08 19:00:00,R2,2.84,1.302,4.508,3.622,0.882,10.314
2026-09-08 19:15:00,R1,3.229,1.163,5.567,4.592,1.021,12.343
2026-09-08 19:15:00,R2,2.524,1.018,4.402,3.945,0.793,10.158
2026-09-08 19:30:00,R1,2.897,1.002,5.396,4.319,0.996,11.713
2026-09-08 19:30:00,R2,2.729,0.968,4.825,3.851,0.762,10.406
2026-09-08 19:45:00,R1,2.872,1.035,5.27,4.124,1.045,11.475
2026-09-08 19:45:00,R2,2.616,1.049,4.517,3.931,1.004,10.501
2026-09-08 20:00:00,R1,3.11,1.034,5.073,4.3,0.926,11.333
2026-09-08 20:00:00,R2,2.408,1.06,5.109,4.197,0.849,11.215
2026-09-08 20:15:00,R1,2.867,1.208,4.657,4.363,0.925,11.153
2026-09-08 20:15:00,R2,2.421,1.053,4.303,3.854,0.9,10.11
2026-09-08 20:30:00,R1,2.991,1.25,5.037,4.589,0.897,11.772
2026-09-08 20:30:00,R2,2.401,1.151,4.346,3.629,0.941,10.066
2026-09-08 20:45:00,R1,3.096,1.292,4.813,4.726,1.086,11.917
2026-09-08 20:45:00,R2,2.208,1.057,4.6,3.856,0.789,10.302
2026-09-08 21:00:00,R1,3.18,1.215,4.65,3.955,0.986,10.806
2026-09-08 21:00:00,R2,2.752,1.197,4.359,4.07,0.854,10.481
2026-09-08 21:15:00,R1,2.505,1.182,5.485,4.386,0.989,12.041
2026-09-08 21:15:00,R2,2.081,1.076,4.852,3.747,1.026,10.703
2026-09-08 21:30:00,R1,3.151,1.252,5.409,4.059,0.98,11.701
2026-09-08 21:30:00,R2,2.485,1.192,4.374,3.579,0.851,9.997
2026-09-08 21:45:00,R1,3.199,1.061,5.657,3.97,0.955,11.643
2026-09-08 21:45:00,R2,2.588,1.073,4.909,3.872,0.916,10.77
2026-09-08 22:00:00,R1,3.076,1.054,5.042,3.817,1.004,10.918
2026-09-08 22:00:00,R2,3.241,0.918,4.569,3.963,0.783,10.233
2026-09-08 22:15:00,R1,3.011,1.153,5.639,4.33,1.084,12.205
2026-09-08 22:15:00,R2,2.285,1.048,4.734,4.146,0.935,10.863
2026-09-08 22:30:00,R1,2.855,1.229,4.771,4.076,0.907,10.984
2026-09-08 22:30:00,R2,2.963,0.953,4.25,3.936,0.829,9.968
2026-09-08 22:45:00,R1,2.96,1.153,5.159,4.117,0.889,11.318
2026-09-08 22:45:00,R2,2.466,1.066,3.801,3.788,0.851,9.506
2026-09-08 23:00:00,R1,2.894,0.978,5.027,4.264,1.034,11.303
2026-09-08 23:00:00,R2,2.814,1.032,4.59,3.637,1.123,10.382
2026-09-08 23:15:00,R1,2.863,1.145,5.238,4.092,0.9,11.375
2026-09-08 23:15:00,R2,2.877,0.952,4.978,3.788,0.952,10.67
2026-09-08 23:30:00,R1,3.458,1.107,5.216,4.368,0.877,11.57
2026-09-08 23:30:00,R2,2.807,1.128,4.352,3.801,0.737,10.018
2026-09-08 23:45:00,R1,3.101,1.148,5.224,4.401,1.017,11.79
2026-09-08 23:45:00,R2,2.391,1.115,4.406,3.928,0.895,10.345
2026-09-09 00:00:00,R1,2.907,1.13,5.368,4.491,1.013,12.002
2026-09-09 00:00:00,R2,2.719,1.058,4.459,3.771,0.908,10.196
2026-09-09 00:15:00,R1,3.033,1.069,5.353,4.134,0.996,11.551
2026-09-09 00:15:00,R2,2.623,1.011,4.468,3.87,0.909,10.259
2026-09-09 00:30:00,R1,3.22,1.376,4.988,4.463,0.952,11.778
2026-09-09 00:30:00,R2,2.603,0.829,4.592,3.813,0.849,10.083
2026-09-09 00:45:00,R1,3.142,1.148,4.969,3.983,0.877,10.977
2026-09-09 00:45:00,R2,2.697,1.2,4.47,4.069,0.862,10.601
2026-09-09 01:00:00,R1,2.849,1.084,5.496,4.625,0.874,12.079
2026-09-09 01:00:00,R2,2.706,1.093,4.462,3.483,0.795,9.833
2026-09-09 01:15:00,R1,2.924,1.267,5.656,4.31,0.995,12.228
2026-09-09 01:15:00,R2,2.33,0.986,4.53,3.833,0.943,10.293
2026-09-09 01:30:00,R1,2.905,1.262,5.141,4.468,0.991,11.862
2026-09-09 01:30:00,R2,2.598,1.071,4.482,4.406,0.896,10.855
2026-09-09 01:45:00,R1,3.457,1.337,5.24,4.154,0.887,11.619
2026-09-09 01:45:00,R2,2.301,0.951,4.108,3.139,0.877,9.075
2026-09-09 02:00:00,R1,3.255,1.321,5.148,4.094,0.985,11.548
2026-09-09 02:00:00,R2,2.673,1.202,4.482,3.451,0.97,10.105
2026-09-09 02:15:00,R1,3.046,1.092,5.601,4.174,0.895,11.762
2026-09-09 02:15:00,R2,2.57,1.027,4.374,3.852,0.865,10.118
2026-09-09 02:30:00,R1,2.869,1.096,4.844,4.226,1.077,11.242
2026-09-09 02:30:00,R2,2.716,1.079,4.349,3.852,0.987,10.268
2026-09-09 02:45:00,R1,2.729,1.148,5.387,3.762,0.941,11.237
2026-09-09 02:45:00,R2,2.623,1.103,4.599,3.511,0.927,10.14
2026-09-09 03:00:00,R1,3.125,1.156,5.015,3.94,0.934,11.045
2026-09-09 03:00:00,R2,2.404,1.104,4.469,4.18,1.054,10.807
2026-09-09 03:15:00,R1,3.163,1.068,5.327,4.28,0.961,11.637
2026-09-09 03:15:00,R2,2.999,1.127,4.418,3.339,0.674,9.558
2026-09-09 03:30:00,R1,2.942,1.094,5.502,4.402,0.878,11.877
2026-09-09 03:30:00,R2,2.642,1.108,4.611,3.786,1.032,10.537
2026-09-09 03:45:00,R1,3.224,1.192,5.093,4.372,1.034,11.691
2026-09-09 03:45:00,R2,2.972,1.1,4.725,3.819,0.933,10.577
2026-09-09 04:00:00,R1,3.009,1.049,5.647,4.566,0.996,12.258
2026-09-09 04:00:00,R2,3.045,1.054,4.691,4.054,0.811,10.61
2026-09-09 04:15:00,R1,3.062,1.073,5.156,4.464,0.757,11.449
2026-09-09 04:15:00,R2,2.492,1.092,4.753,3.531,0.928,10.303
2026-09-09 04:30:00,R1,2.737,1.147,5.152,3.939,0.867,11.106
2026-09-09 04:30:00,R2,2.658,1.033,4.231,4.015,0.963,10.242
2026-09-09 04:45:00,R1,3.094,1.121,5.574,3.902,0.83,11.428
2026-09-09 04:45:00,R2,2.663,1.064,3.908,3.757,0.826,9.555
2026-09-09 05:00:00,R1,3.085,1.145,5.208,4.321,0.989,11.662
2026-09-09 05:00:00,R2,2.806,1.189,4.588,3.49,0.917,10.183
2026-09-09 05:15:00,R1,2.968,1.169,5.198,4.254,0.827,11.447
2026-09-09 05:15:00,R2,2.241,0.908,4.319,3.938,0.988,10.153
2026-09-09 05:30:00,R1,3.259,1.062,5.19,4.141,0.843,11.236
2026-09-09 05:30:00,R2,2.447,1.087,4.411,3.854,0.757,10.109
2026-09-09 05:45:00,R1,3.027,1.022,4.934,3.945,0.897,10.798
2026-09-09 05:45:00,R2,2.421,1.062,4.394,3.886,0.912,10.254
2026-09-09 06:00:00,R1,3.189,1.187,5.048,4.023,1.016,11.275
2026-09-09 06:00:00,R2,3.134,1.107,4.619,3.879,0.732,10.337
2026-09-09 06:15:00,R1,3.032,1.222,5.766,3.925,0.972,11.886
2026-09-09 06:15:00,R2,2.598,0.955,4.847,3.848,0.9,10.551
2026-09-09 06:30:00,R1,2.64,1.05,5.476,4.224,0.869,11.619
2026-09-09 06:30:00,R2,2.382,0.934,4.439,3.552,0.919,9.844
2026-09-09 06:45:00,R1,2.883,1.196,4.819,3.841,0.904,10.76
2026-09-09 06:45:00,R2,2.634,0.977,4.571,3.639,0.766,9.954
2026-09-09 07:00:00,R1,2.835,1.157,4.758,3.961,1.084,10.96
2026-09-09 07:00:00,R2,2.58,0.987,4.287,3.572,0.903,9.749
2026-09-09 07:15:00,R1,2.625,1.195,5.257,4.507,0.883,11.843
2026-09-09 07:15:00,R2,2.773,1.011,4.844,3.887,0.982,10.725
2026-09-09 07:30:00,R1,3.344,1.192,5.598,4.237,0.931,11.958
2026-09-09 07:30:00,R2,2.554,1.049,4.773,3.919,0.922,10.662
2026-09-09 07:45:00,R1,2.578,1.101,5.043,4.241,0.806,11.191
2026-09-09 07:45:00,R2,2.727,1.115,4.588,3.938,0.781,10.422
2026-09-09 08:00:00,R1,3.113,1.191,4.973,4.197,0.822,11.183
2026-09-09 08:00:00,R2,2.999,0.912,4.333,3.464,0.888,9.598
2026-09-09 08:15:00,R1,2.732,1.18,4.937,4.049,0.93,11.096
2026-09-09 08:15:00,R2,2.618,0.997,4.339,3.603,0.923,9.861
2026-09-09 08:30:00,R1,3.325,1.13,5.177,3.733,0.996,11.035
2026-09-09 08:30:00,R2,2.222,1.112,4.738,4.284,0.796,10.93
2026-09-09 08:45:00,R1,3.035,1.1,5.326,4.156,0.961,11.543
2026-09-09 08:45:00,R2,3.026,0.933,4.222,3.853,0.875,9.883
2026-09-09 09:00:00,R1,2.902,1.101,5.349,4.907,1.116,12.472
2026-09-09 09:00:00,R2,2.448,1.031,4.838,3.984,1.017,10.87
2026-09-09 09:15:00,R1,3.041,1.163,5.789,3.992,1.047,11.99
2026-09-09 09:15:00,R2,2.743,0.978,4.644,3.777,1.021,10.421
2026-09-09 09:30:00,R1,2.904,1.138,5.109,4.433,0.939,11.62
2026-09-09 09:30:00,R2,2.431,1.06,4.791,4.112,0.953,10.917
2026-09-09 09:45:00,R1,2.821,1.157,5.762,4.803,0.907,12.628
2026-09-09 09:45:00,R2,2.776,1.027,4.221,3.753,0.948,9.949
2026-09-09 10:00:00,R1,3.42,1.213,5.059,4.202,0.941,11.414
2026-09-09 10:00:00,R2,2.421,0.976,4.492,3.85,0.876,10.193
2026-09-09 10:15:00,R1,2.954,1.101,5.441,4.257,0.987,11.785
2026-09-09 10:15:00,R2,2.447,0.951,4.162,3.826,0.922,9.861
2026-09-09 10:30:00,R1,2.441,1.231,5.023,4.048,1.001,11.303
2026-09-09 10:30:00,R2,2.996,0.899,4.608,3.684,0.917,10.109
2026-09-09 10:45:00,R1,3.004,1.095,5.064,4.346,0.983,11.488
2026-09-09 10:45:00,R2,2.694,1.122,4.708,3.453,0.785,10.068
2026-09-09 11:00:00,R1,3.121,1.085,4.881,4.403,1.019,11.387
2026-09-09 11:00:00,R2,2.647,1.075,4.346,3.874,1.02,10.314
2026-09-09 11:15:00,R1,2.965,1.208,4.995,4.596,0.915,11.714
2026-09-09 11:15:00,R2,2.842,1.022,4.294,3.66,0.956,9.932
2026-09-09 11:30:00,R1,2.699,1.23,5.192,4.09,0.796,11.309
2026-09-09 11:30:00,R2,2.205,0.865,4.692,3.909,0.864,10.33
2026-09-09 11:45:00,R1,2.873,1.12,4.925,4.667,0.852,11.563
2026-09-09 11:45:00,R2,2.658,1.01,4.424,3.839,0.978,10.251
2026-09-09 12:00:00,R1,3.028,1.18,5.076,4.495,0.852,11.603
2026-09-09 12:00:00,R2,2.634,0.929,4.525,3.974,0.824,10.251
2026-09-09 12:15:00,R1,2.781,1.286,5.14,4.151,0.817,11.394
2026-09-09 12:15:00,R2,2.519,1.009,4.518,3.807,0.914,10.248
2026-09-09 12:30:00,R1,2.904,1.088,4.522,4.06,1.025,10.695
2026-09-09 12:30:00,R2,2.516,1.067,4.546,3.62,0.9,10.133
2026-09-09 12:45:00,R1,2.817,1.076,5.175,4.745,0.861,11.857
2026-09-09 12:45:00,R2,2.581,1.063,4.076,3.867,0.884,9.889
2026-09-09 13:00:00,R1,3.125,1.096,5.303,4.66,0.995,12.055
2026-09-09 13:00:00,R2,2.336,0.993,4.533,3.926,0.886,10.338
2026-09-09 13:15:00,R1,3.103,1.284,5.428,4.099,0.883,11.694
2026-09-09 13:15:00,R2,2.773,0.808,4.504,3.811,0.966,10.088
2026-09-09 13:30:00,R1,2.98,1.095,4.93,4.664,0.929,11.619
2026-09-09 13:30:00,R2,2.523,1.091,4.198,3.863,0.917,10.07
2026-09-09 13:45:00,R1,3.354,1.284,5.378,4.566,0.987,12.216
2026-09-09 13:45:00,R2,2.127,1.071,4.544,4.056,0.94,10.611
2026-09-09 14:00:00,R1,3.398,1.082,5.245,4.303,0.878,11.509
2026-09-09 14:00:00,R2,3.15,0.911,3.841,3.599,0.858,9.209
2026-09-09 14:15:00,R1,3.311,1.207,5.334,4.29,0.94,11.771
2026-09-09 14:15:00,R2,2.485,1.052,4.639,3.633,0.856,10.18
2026-09-09 14:30:00,R1,2.916,0.963,5.124,4.495,0.902,11.483
2026-09-09 14:30:00,R2,3.141,0.962,4.217,3.484,0.897,9.559
2026-09-09 14:45:00,R1,3.02,1.237,5.225,4.369,1.062,11.893
2026-09-09 14:45:00,R2,2.763,0.907,4.67,3.926,0.845,10.348
2026-09-09 15:00:00,R1,2.926,1.067,5.294,4.371,0.968,11.699
2026-09-09 15:00:00,R2,2.654,0.999,4.237,4.011,1.013,10.26
2026-09-09 15:15:00,R1,3.1,1.191,4.869,4.211,0.956,11.228
2026-09-09 15:15:00,R2,2.72,0.951,4.394,3.937,0.806,10.088
2026-09-09 15:30:00,R1,3.1,1.054,5.314,4.111,0.899,11.378
2026-09-09 15:30:00,R2,2.152,1.017,4.777,3.371,0.804,9.969
2026-09-09 15:45:00,R1,3.037,1.111,4.706,4.117,0.931,10.864
2026-09-09 15:45:00,R2,2.488,1.048,4.232,4.191,1.051,10.523
2026-09-09 16:00:00,R1,3.069,1.26,4.864,4.202,0.778,11.104
2026-09-09 16:00:00,R2,2.199,0.852,4.402,4.271,0.871,10.397
2026-09-09 16:15:00,R1,2.735,1.301,5.045,4.47,1.001,11.816
2026-09-09 16:15:00,R2,2.79,1.039,4.377,3.782,0.887,10.085
2026-09-09 16:30:00,R1,2.865,0.978,5.457,4.669,1.068,12.172
2026-09-09 16:30:00,R2,2.82,1.15,4.472,3.838,0.859,10.319
2026-09-09 16:45:00,R1,3.04,1.082,5.069,4.177,0.92,11.247
2026-09-09 16:45:00,R2,2.708,1.064,4.808,3.788,0.809,10.469
2026-09-09 17:00:00,R1,2.808,1.223,4.982,4.23,1.006,11.441
2026-09-09 17:00:00,R2,2.751,1.019,4.395,3.447,0.883,9.744
2026-09-09 17:15:00,R1,2.724,1.213,5.036,4.658,0.973,11.881
2026-09-09 17:15:00,R2,2.511,1.142,4.298,3.839,0.785,10.064
2026-09-09 17:30:00,R1,2.783,1.16,5.153,4.256,0.854,11.423
2026-09-09 17:30:00,R2,2.624,1.034,4.737,3.944,0.9,10.615
2026-09-09 17:45:00,R1,2.915,1.219,5.062,4.159,0.944,11.384
2026-09-09 17:45:00,R2,2.555,0.934,5.132,3.922,0.899,10.888
2026-09-09 18:00:00,R1,2.579,1.187,5.011,4.585,0.948,11.731
2026-09-09 18:00:00,R2,2.701,1.069,4.271,3.829,0.77,9.939
2026-09-09 18:15:00,R1,3.031,1.09,5.315,4.182,0.94,11.527
2026-09-09 18:15:00,R2,2.707,0.889,4.683,3.503,0.91,9.985
2026-09-09 18:30:00,R1,2.887,0.99,5.104,4.074,0.954,11.122
2026-09-09 18:30:00,R2,2.767,1.156,4.958,3.891,0.95,10.956
2026-09-09 18:45:00,R1,3.031,1.295,5.125,4.097,1.117,11.633
2026-09-09 18:45:00,R2,2.489,1.126,4.464,4.154,0.803,10.547
2026-09-09 19:00:00,R1,2.982,1.376,5.221,4.094,1.004,11.695
2026-09-09 19:00:00,R2,2.718,1.118,4.301,3.538,0.777,9.734
2026-09-09 19:15:00,R1,2.808,1.228,5.275,3.876,0.976,11.355
2026-09-09 19:15:00,R2,2.329,0.925,4.933,3.867,0.854,10.579
2026-09-09 19:30:00,R1,3.106,1.08,5.077,4.382,0.937,11.475
2026-09-09 19:30:00,R2,2.681,0.935,4.613,3.543,0.984,10.074
2026-09-09 19:45:00,R1,3.237,1.174,5.475,4.598,0.984,12.231
2026-09-09 19:45:00,R2,2.963,1.012,4.407,3.743,1.038,10.2
2026-09-09 20:00:00,R1,2.773,1.188,5.323,4.197,0.862,11.57
2026-09-09 20:00:00,R2,2.678,0.921,4.611,3.59,0.973,10.095
2026-09-09 20:15:00,R1,2.748,1.369,4.825,3.978,0.974,11.145
2026-09-09 20:15:00,R2,2.382,0.931,5.081,3.882,0.814,10.708
2026-09-09 20:30:00,R1,2.998,1.069,5.573,3.864,0.91,11.416
2026-09-09 20:30:00,R2,2.783,0.774,4.343,4.18,0.882,10.179
2026-09-09 20:45:00,R1,3.294,1.013,5.564,4.303,1.205,12.084
2026-09-09 20:45:00,R2,2.64,0.947,4.416,3.612,0.948,9.923
2026-09-09 21:00:00,R1,2.844,0.964,5.34,4.129,0.996,11.429
2026-09-09 21:00:00,R2,2.453,1.148,4.446,4.003,0.884,10.48
2026-09-09 21:15:00,R1,3.002,1.122,5.434,4.251,0.981,11.788
2026-09-09 21:15:00,R2,2.477,1.008,4.769,3.892,0.853,10.522
2026-09-09 21:30:00,R1,3.035,1.255,5.1,4.285,0.963,11.602
2026-09-09 21:30:00,R2,2.907,0.954,3.856,3.556,0.958,9.325
2026-09-09 21:45:00,R1,2.849,1.059,5.742,4.179,1.049,12.029
2026-09-09 21:45:00,R2,2.732,1.037,4.767,3.751,0.854,10.409
2026-09-09 22:00:00,R1,3.195,1.195,5.294,4.541,0.872,11.901
2026-09-09 22:00:00,R2,2.699,1.013,4.358,3.935,0.897,10.203
2026-09-09 22:15:00,R1,2.639,1.142,5.35,3.889,1.019,11.4
2026-09-09 22:15:00,R2,2.357,0.994,4.418,3.615,1.02,10.047
2026-09-09 22:30:00,R1,2.989,1.157,4.745,4.059,0.964,10.925
2026-09-09 22:30:00,R2,2.809,0.982,4.745,3.916,0.985,10.628
2026-09-09 22:45:00,R1,3.199,0.956,5.126,4.337,1.031,11.45
2026-09-09 22:45:00,R2,2.959,1.031,4.541,3.7,0.974,10.246
2026-09-09 23:00:00,R1,3.223,1.227,5.859,3.998,0.992,12.076
2026-09-09 23:00:00,R2,2.76,1.048,4.618,3.838,0.832,10.336
2026-09-09 23:15:00,R1,2.906,1.211,5.118,4.044,0.963,11.336
2026-09-09 23:15:00,R2,2.503,0.959,5.241,4.067,0.976,11.243
2026-09-09 23:30:00,R1,3.446,1.08,5.121,4.509,0.966,11.676
2026-09-09 23:30:00,R2,2.601,0.918,4.524,4.137,0.891,10.469
2026-09-09 23:45:00,R1,2.976,0.942,5.416,4.516,0.904,11.777
2026-09-09 23:45:00,R2,2.943,1.15,4.397,3.735,0.867,10.149
2026-09-10 00:00:00,R1,2.89,1.288,5.219,3.774,0.949,11.23
2026-09-10 00:00:00,R2,2.267,1.017,4.09,3.932,0.875,9.914
2026-09-10 00:15:00,R1,2.942,1.116,5.438,3.944,0.832,11.331
2026-09-10 00:15:00,R2,2.618,1.205,4.392,3.61,0.783,9.99
2026-09-10 00:30:00,R1,3.133,1.09,5.33,4.456,1.046,11.922
2026-09-10 00:30:00,R2,2.276,1.023,4.685,3.682,0.868,10.258
2026-09-10 00:45:00,R1,2.931,0.997,4.93,4.596,0.968,11.491
2026-09-10 00:45:00,R2,2.188,1.099,4.399,4.159,0.968,10.624
2026-09-10 01:00:00,R1,3.128,1.273,5.108,4.44,0.931,11.752
2026-09-10 01:00:00,R2,2.666,1.12,4.573,3.884,0.813,10.39
2026-09-10 01:15:00,R1,3.131,1.271,5.386,3.999,0.889,11.545
2026-09-10 01:15:00,R2,2.488,0.834,4.204,3.356,0.854,9.249
2026-09-10 01:30:00,R1,3.143,1.186,5.05,4.467,0.98,11.684
2026-09-10 01:30:00,R2,2.639,0.912,4.574,3.89,0.884,10.26
2026-09-10 01:45:00,R1,2.914,1.09,4.758,4.324,0.942,11.114
2026-09-10 01:45:00,R2,2.645,0.976,4.634,3.687,0.864,10.161
2026-09-10 02:00:00,R1,3.421,1.204,5.235,4.545,0.788,11.772
2026-09-10 02:00:00,R2,2.692,1.075,4.548,4.045,0.835,10.503
2026-09-10 02:15:00,R1,3.3,1.073,5.266,4.761,0.974,12.074
2026-09-10 02:15:00,R2,2.231,0.879,3.947,3.642,1.021,9.49
2026-09-10 02:30:00,R1,2.952,1.004,5.375,4.422,0.896,11.698
2026-09-10 02:30:00,R2,2.352,1.111,3.895,3.373,0.872,9.251
2026-09-10 02:45:00,R1,3.019,0.975,5.484,4.18,0.971,11.61
2026-09-10 02:45:00,R2,2.384,0.949,4.488,3.859,1.019,10.315
2026-09-10 03:00:00,R1,2.943,1.109,4.539,4.436,1.042,11.126
2026-09-10 03:00:00,R2,2.639,1.147,4.574,3.791,0.898,10.409
2026-09-10 03:15:00,R1,3.05,1.125,5.275,4.133,0.993,11.525
2026-09-10 03:15:00,R2,2.331,1.036,4.238,3.608,0.97,9.852
2026-09-10 03:30:00,R1,2.83,1.194,5.12,3.783,0.989,11.086
2026-09-10 03:30:00,R2,2.73,1.113,4.811,3.802,0.864,10.589
2026-09-10 03:45:00,R1,2.962,1.196,5.301,4.167,0.914,11.577
2026-09-10 03:45:00,R2,2.399,0.989,3.759,3.885,0.852,9.484
2026-09-10 04:00:00,R1,3.169,1.115,5.26,4.566,0.797,11.738
2026-09-10 04:00:00,R2,2.359,0.919,4.478,3.529,0.912,9.838
2026-09-10 04:15:00,R1,3.18,1.313,5.329,4.333,1.084,12.06
2026-09-10 04:15:00,R2,2.68,1.11,4.594,3.759,1.053,10.516
2026-09-10 04:30:00,R1,2.983,1.049,5.164,4.614,0.983,11.811
2026-09-10 04:30:00,R2,2.151,1.059,4.909,3.716,0.843,10.526
2026-09-10 04:45:00,R1,2.874,1.271,5.065,4.379,1.126,11.842
2026-09-10 04:45:00,R2,2.451,1.045,4.361,3.592,0.904,9.901
2026-09-10 05:00:00,R1,3.023,0.968,5.288,4.308,0.936,11.499
2026-09-10 05:00:00,R2,2.8,0.96,4.172,3.585,0.913,9.631
2026-09-10 05:15:00,R1,3.275,1.126,5.27,4.552,1.061,12.009
2026-09-10 05:15:00,R2,2.469,1.0,4.692,3.862,0.752,10.307
2026-09-10 05:30:00,R1,3.254,1.405,4.662,4.087,0.871,11.025
2026-09-10 05:30:00,R2,2.704,1.003,4.458,4.232,0.952,10.644
2026-09-10 05:45:00,R1,3.15,1.319,5.465,4.443,0.885,12.112
2026-09-10 05:45:00,R2,2.977,1.022,4.847,3.93,0.796,10.595
2026-09-10 06:00:00,R1,3.476,1.107,5.56,4.353,0.963,11.983
2026-09-10 06:00:00,R2,3.14,1.195,4.289,3.629,0.898,10.011
2026-09-10 06:15:00,R1,2.692,1.048,5.373,4.009,1.047,11.477
2026-09-10 06:15:00,R2,2.288,1.155,4.467,4.215,0.986,10.823
2026-09-10 06:30:00,R1,3.081,1.1,5.401,4.127,1.108,11.737
2026-09-10 06:30:00,R2,2.682,1.063,4.683,3.908,1.018,10.673
2026-09-10 06:45:00,R1,3.078,1.212,5.352,4.114,1.015,11.693
2026-09-10 06:45:00,R2,2.854,1.021,4.325,4.112,0.854,10.311
2026-09-10 07:00:00,R1,2.764,1.136,4.72,4.586,1.006,11.449
2026-09-10 07:00:00,R2,2.814,1.077,4.773,3.843,0.982,10.676
2026-09-10 07:15:00,R1,3.004,1.185,4.802,4.534,0.937,11.458
2026-09-10 07:15:00,R2,2.764,1.101,4.564,3.85,0.824,10.34
2026-09-10 07:30:00,R1,3.1,1.133,4.972,4.552,0.961,11.617
2026-09-10 07:30:00,R2,2.491,1.099,4.696,3.467,0.906,10.168
2026-09-10 07:45:00,R1,2.916,1.082,5.302,4.085,0.93,11.399
2026-09-10 07:45:00,R2,2.19,1.103,4.148,4.039,1.142,10.432
2026-09-10 08:00:00,R1,3.238,1.234,5.216,4.244,0.983,11.677
2026-09-10 08:00:00,R2,2.695,1.042,4.018,3.925,0.948,9.933
2026-09-10 08:15:00,R1,3.475,1.029,5.11,4.368,0.885,11.391
2026-09-10 08:15:00,R2,2.664,0.884,4.241,4.182,0.825,10.133
2026-09-10 08:30:00,R1,2.682,1.004,5.653,3.883,0.973,11.513
2026-09-10 08:30:00,R2,2.719,0.883,4.294,3.792,0.924,9.893
2026-09-10 08:45:00,R1,3.008,1.266,5.6,4.609,0.897,12.371
2026-09-10 08:45:00,R2,2.634,1.055,4.586,3.498,0.835,9.974
2026-09-10 09:00:00,R1,2.859,1.303,4.84,4.237,1.052,11.433
2026-09-10 09:00:00,R2,2.446,1.092,4.54,3.323,1.047,10.001
2026-09-10 09:15:00,R1,3.299,1.205,5.69,4.399,0.818,12.112
2026-09-10 09:15:00,R2,2.759,1.027,4.787,4.206,0.884,10.904
2026-09-10 09:30:00,R1,2.91,1.173,4.979,4.617,0.889,11.658
2026-09-10 09:30:00,R2,2.669,0.96,4.946,3.615,0.89,10.41
2026-09-10 09:45:00,R1,3.146,1.195,5.077,4.398,0.898,11.567
2026-09-10 09:45:00,R2,2.821,1.041,4.304,3.918,0.742,10.005
2026-09-10 10:00:00,R1,2.6,1.15,5.18,4.438,0.935,11.702
2026-09-10 10:00:00,R2,2.695,1.024,4.871,3.572,0.838,10.304
2026-09-10 10:15:00,R1,3.042,1.107,5.317,4.229,0.985,11.637
2026-09-10 10:15:00,R2,2.683,0.987,4.56,3.835,0.779,10.161
2026-09-10 10:30:00,R1,3.091,1.183,5.255,4.644,1.065,12.148
2026-09-10 10:30:00,R2,2.553,1.143,4.566,3.98,0.887,10.576
2026-09-10 10:45:00,R1,3.106,0.954,5.279,3.931,1.082,11.246
2026-09-10 10:45:00,R2,2.463,1.194,4.129,4.274,0.894,10.492
2026-09-10 11:00:00,R1,3.01,1.086,5.552,4.328,0.891,11.858
2026-09-10 11:00:00,R2,2.751,1.165,4.993,3.825,0.848,10.83
2026-09-10 11:15:00,R1,3.23,1.012,4.904,4.378,1.011,11.305
2026-09-10 11:15:00,R2,2.514,1.024,4.587,4.234,0.715,10.561
2026-09-10 11:30:00,R1,2.644,1.071,5.878,4.401,0.943,12.292
2026-09-10 11:30:00,R2,2.127,1.243,4.357,3.774,0.881,10.255
2026-09-10 11:45:00,R1,3.255,1.23,5.419,4.777,1.012,12.437
2026-09-10 11:45:00,R2,2.662,1.18,4.548,4.03,0.865,10.623
2026-09-10 12:00:00,R1,3.084,1.008,5.17,4.397,0.909,11.485
2026-09-10 12:00:00,R2,2.501,1.311,4.508,4.159,0.928,10.907
2026-09-10 12:15:00,R1,2.871,1.192,5.059,3.952,0.954,11.157
2026-09-10 12:15:00,R2,2.763,1.058,4.967,3.514,0.982,10.521
2026-09-10 12:30:00,R1,2.917,1.128,5.156,4.454,0.905,11.642
2026-09-10 12:30:00,R2,2.717,1.147,4.895,3.462,0.944,10.447
2026-09-10 12:45:00,R1,2.921,1.24,4.94,4.115,1.093,11.388
2026-09-10 12:45:00,R2,2.2,1.124,4.668,3.596,0.811,10.199
2026-09-10 13:00:00,R1,2.936,1.275,5.07,4.441,0.908,11.693
2026-09-10 13:00:00,R2,2.63,0.861,4.357,3.729,0.995,9.942
2026-09-10 13:15:00,R1,3.448,1.158,4.716,4.333,0.967,11.174
2026-09-10 13:15:00,R2,2.638,1.075,4.735,4.196,0.885,10.891
2026-09-10 13:30:00,R1,3.255,0.999,4.878,4.009,0.855,10.742
2026-09-10 13:30:00,R2,2.569,1.263,4.343,3.751,1.005,10.361
2026-09-10 13:45:00,R1,2.818,1.185,4.996,4.562,0.996,11.738
2026-09-10 13:45:00,R2,2.35,1.204,4.424,3.471,1.023,10.122
2026-09-10 14:00:00,R1,3.194,1.09,5.506,4.374,0.975,11.944
2026-09-10 14:00:00,R2,3.155,1.039,4.423,3.799,0.776,10.037
2026-09-10 14:15:00,R1,2.697,1.175,5.741,4.139,0.991,12.046
2026-09-10 14:15:00,R2,2.512,1.218,4.898,3.563,0.86,10.54
2026-09-10 14:30:00,R1,2.812,1.138,4.761,4.179,0.972,11.05
2026-09-10 14:30:00,R2,2.389,1.021,4.555,3.724,1.005,10.305
2026-09-10 14:45:00,R1,3.121,1.077,4.935,4.174,0.944,11.13
2026-09-10 14:45:00,R2,2.815,0.812,4.448,3.972,0.805,10.038
2026-09-10 15:00:00,R1,2.756,1.083,5.711,3.894,0.959,11.646
2026-09-10 15:00:00,R2,2.769,1.164,4.641,3.913,0.894,10.612
2026-09-10 15:15:00,R1,3.193,1.286,5.337,4.248,0.86,11.732
2026-09-10 15:15:00,R2,2.503,0.98,4.118,3.73,0.84,9.668
2026-09-10 15:30:00,R1,2.85,1.281,5.242,4.277,0.885,11.686
2026-09-10 15:30:00,R2,2.437,1.25,4.637,3.8,0.871,10.558
2026-09-10 15:45:00,R1,2.895,1.201,5.049,4.268,0.932,11.449
2026-09-10 15:45:00,R2,2.446,1.015,4.597,3.671,1.087,10.371
2026-09-10 16:00:00,R1,2.822,1.141,4.899,4.4,0.942,11.382
2026-09-10 16:00:00,R2,2.457,0.891,4.917,3.53,0.828,10.166
2026-09-10 16:15:00,R1,2.866,1.111,5.205,4.363,0.891,11.57
2026-09-10 16:15:00,R2,2.537,1.019,4.388,3.488,0.784,9.679
2026-09-10 16:30:00,R1,3.179,1.263,4.884,4.436,0.893,11.475
2026-09-10 16:30:00,R2,2.598,0.963,4.448,3.641,0.853,9.905
2026-09-10 16:45:00,R1,3.136,1.204,5.621,4.309,1.067,12.201
2026-09-10 16:45:00,R2,2.504,0.984,4.543,3.454,0.917,9.898
2026-09-10 17:00:00,R1,3.125,1.188,5.196,4.545,0.995,11.924
2026-09-10 17:00:00,R2,2.246,0.879,4.579,4.148,1.09,10.696
2026-09-10 17:15:00,R1,3.125,1.164,5.124,4.709,0.903,11.9
2026-09-10 17:15:00,R2,2.337,1.075,4.884,4.258,0.934,11.151
2026-09-10 17:30:00,R1,3.232,1.218,4.912,4.26,0.985,11.375
2026-09-10 17:30:00,R2,2.565,1.1,4.207,4.042,0.819,10.167
2026-09-10 17:45:00,R1,2.88,1.02,5.433,4.045,0.925,11.423
2026-09-10 17:45:00,R2,2.544,1.038,4.637,3.704,0.809,10.188
2026-09-10 18:00:00,R1,3.101,1.228,5.084,4.489,1.033,11.834
2026-09-10 18:00:00,R2,2.747,1.198,4.315,4.278,0.895,10.685
2026-09-10 18:15:00,R1,3.22,1.21,4.83,4.091,0.968,11.099
2026-09-10 18:15:00,R2,3.001,0.84,4.128,3.912,0.825,9.706
2026-09-10 18:30:00,R1,3.192,1.185,5.28,4.821,0.91,12.195
2026-09-10 18:30:00,R2,2.835,1.039,4.577,3.681,0.938,10.235
2026-09-10 18:45:00,R1,3.012,1.355,4.761,4.608,0.978,11.702
2026-09-10 18:45:00,R2,2.722,1.156,4.184,4.159,0.937,10.436
2026-09-10 19:00:00,R1,3.171,1.228,5.387,4.396,0.997,12.008
2026-09-10 19:00:00,R2,2.708,1.072,4.476,4.15,0.93,10.628
2026-09-10 19:15:00,R1,2.808,1.279,5.602,4.205,1.093,12.18
2026-09-10 19:15:00,R2,2.354,0.975,4.275,3.752,0.785,9.786
2026-09-10 19:30:00,R1,2.91,1.284,5.154,4.097,0.948,11.483
2026-09-10 19:30:00,R2,2.552,1.082,4.666,3.867,0.86,10.474
2026-09-10 19:45:00,R1,2.91,1.059,4.705,4.289,0.961,11.014
2026-09-10 19:45:00,R2,2.618,1.111,4.173,3.938,1.045,10.266
2026-09-10 20:00:00,R1,2.986,1.199,5.047,4.148,0.963,11.357
2026-09-10 20:00:00,R2,2.745,1.093,4.914,3.811,0.886,10.704
2026-09-10 20:15:00,R1,3.108,1.149,4.972,4.478,0.847,11.446
2026-09-10 20:15:00,R2,2.243,1.143,4.938,3.539,0.86,10.479
2026-09-10 20:30:00,R1,2.841,1.053,5.039,4.263,0.959,11.314
2026-09-10 20:30:00,R2,2.543,1.181,4.843,3.559,0.965,10.548
2026-09-10 20:45:00,R1,3.306,1.148,5.32,4.522,0.924,11.913
2026-09-10 20:45:00,R2,2.009,0.803,4.512,3.962,0.917,10.194
2026-09-10 21:00:00,R1,3.178,1.052,5.264,3.944,1.17,11.429
2026-09-10 21:00:00,R2,2.79,1.149,4.782,3.983,0.937,10.85
2026-09-10 21:15:00,R1,2.856,1.135,4.843,3.71,0.964,10.652
2026-09-10 21:15:00,R2,2.539,1.089,4.706,3.538,0.955,10.287
2026-09-10 21:30:00,R1,3.093,1.084,5.479,4.233,0.981,11.778
2026-09-10 21:30:00,R2,2.264,0.986,4.189,3.856,0.709,9.74
2026-09-10 21:45:00,R1,2.727,1.231,5.279,4.21,0.946,11.666
2026-09-10 21:45:00,R2,2.609,0.994,4.321,3.808,0.825,9.949
2026-09-10 22:00:00,R1,3.443,1.006,5.333,3.895,0.945,11.179
2026-09-10 22:00:00,R2,2.765,0.939,3.61,3.78,0.987,9.316
2026-09-10 22:15:00,R1,3.093,1.312,5.128,4.14,0.923,11.503
2026-09-10 22:15:00,R2,2.973,1.153,4.972,3.419,0.682,10.227
2026-09-10 22:30:00,R1,3.159,1.078,4.838,4.145,0.97,11.031
2026-09-10 22:30:00,R2,2.406,0.769,4.485,3.907,1.014,10.175
2026-09-10 22:45:00,R1,2.884,1.139,4.956,4.341,0.969,11.405
2026-09-10 22:45:00,R2,2.721,1.189,4.929,3.783,0.841,10.742
2026-09-10 23:00:00,R1,2.841,1.276,4.867,3.947,0.885,10.975
2026-09-10 23:00:00,R2,2.527,1.117,4.5,3.495,0.893,10.005
2026-09-10 23:15:00,R1,2.938,0.967,5.303,4.384,0.869,11.524
2026-09-10 23:15:00,R2,2.649,1.065,4.434,4.38,0.786,10.665
2026-09-10 23:30:00,R1,2.999,1.163,4.97,4.138,1.141,11.412
2026-09-10 23:30:00,R2,2.641,1.114,4.561,3.8,0.856,10.332
2026-09-10 23:45:00,R1,2.637,1.305,5.208,4.538,0.968,12.02
2026-09-10 23:45:00,R2,2.602,1.049,3.99,4.281,0.878,10.197
2026-09-11 00:00:00,R1,3.326,1.042,5.499,4.206,0.87,11.617
2026-09-11 00:00:00,R2,2.705,0.943,4.272,3.181,0.764,9.16
2026-09-11 00:15:00,R1,3.107,1.281,5.329,4.518,0.841,11.969
2026-09-11 00:15:00,R2,2.504,0.995,4.298,4.026,0.909,10.228
2026-09-11 00:30:00,R1,3.132,1.048,4.895,4.385,0.838,11.166
2026-09-11 00:30:00,R2,2.597,0.963,4.46,4.206,0.871,10.5
2026-09-11 00:45:00,R1,2.951,1.289,4.934,4.171,1.014,11.407
2026-09-11 00:45:00,R2,2.929,1.126,4.636,4.204,1.094,11.061
2026-09-11 01:00:00,R1,3.234,1.144,4.968,4.397,0.887,11.396
2026-09-11 01:00:00,R2,2.473,1.195,4.409,3.698,0.883,10.185
2026-09-11 01:15:00,R1,3.092,1.171,5.412,4.148,0.916,11.648
2026-09-11 01:15:00,R2,2.313,1.017,4.2,3.998,0.777,9.992
2026-09-11 01:30:00,R1,3.102,1.162,5.224,3.98,1.078,11.444
2026-09-11 01:30:00,R2,2.698,1.238,4.91,3.939,0.899,10.986
2026-09-11 01:45:00,R1,2.931,1.13,5.25,4.453,0.944,11.777
2026-09-11 01:45:00,R2,2.561,0.983,4.603,3.607,0.82,10.014
2026-09-11 02:00:00,R1,2.851,1.303,4.975,4.445,0.975,11.699
2026-09-11 02:00:00,R2,2.829,0.995,4.893,3.866,0.94,10.693
2026-09-11 02:15:00,R1,2.972,1.149,5.292,4.403,1.063,11.906
2026-09-11 02:15:00,R2,2.612,0.927,4.612,4.323,0.975,10.838
2026-09-11 02:30:00,R1,2.997,1.091,5.199,4.384,1.001,11.675
2026-09-11 02:30:00,R2,2.751,1.219,4.381,4.064,0.949,10.613
2026-09-11 02:45:00,R1,2.906,1.337,5.346,4.602,0.847,12.132
2026-09-11 02:45:00,R2,2.497,1.083,4.112,3.695,0.97,9.86
2026-09-11 03:00:00,R1,3.311,1.173,5.572,3.761,0.881,11.388
2026-09-11 03:00:00,R2,2.735,1.035,4.333,4.155,0.883,10.406
2026-09-11 03:15:00,R1,2.853,1.028,4.906,4.369,0.896,11.199
2026-09-11 03:15:00,R2,2.659,1.145,4.537,4.047,0.925,10.654
2026-09-11 03:30:00,R1,3.14,1.08,5.361,4.277,1.003,11.721
2026-09-11 03:30:00,R2,2.782,0.94,4.578,4.027,0.846,10.39
2026-09-11 03:45:00,R1,3.15,1.269,5.611,4.676,0.853,12.409
2026-09-11 03:45:00,R2,2.89,0.944,4.539,3.742,0.784,10.009
2026-09-11 04:00:00,R1,2.869,1.19,5.87,4.408,0.867,12.334
2026-09-11 04:00:00,R2,2.733,1.05,4.086,3.756,1.03,9.922
2026-09-11 04:15:00,R1,3.181,1.27,5.123,4.935,0.972,12.3
2026-09-11 04:15:00,R2,2.778,0.94,4.686,4.173,0.929,10.728
2026-09-11 04:30:00,R1,3.112,1.159,5.628,4.507,0.96,12.253
2026-09-11 04:30:00,R2,2.656,0.916,4.406,3.876,0.927,10.123
2026-09-11 04:45:00,R1,3.17,1.338,4.947,5.099,0.969,12.352
2026-09-11 04:45:00,R2,2.457,1.095,4.32,4.042,0.888,10.345
2026-09-11 05:00:00,R1,3.062,1.231,4.918,4.198,0.976,11.322
2026-09-11 05:00:00,R2,2.623,1.075,4.567,4.006,0.823,10.471
2026-09-11 05:15:00,R1,3.032,1.122,4.783,4.161,0.888,10.953
2026-09-11 05:15:00,R2,2.591,1.085,4.383,3.743,0.901,10.111
2026-09-11 05:30:00,R1,3.035,1.263,5.419,4.245,0.993,11.921
2026-09-11 05:30:00,R2,2.614,0.945,4.508,3.931,0.864,10.248
2026-09-11 05:45:00,R1,3.242,1.258,5.306,4.857,1.005,12.426
2026-09-11 05:45:00,R2,2.639,1.127,4.093,4.192,0.849,10.261
2026-09-11 06:00:00,R1,3.063,1.146,5.796,4.678,0.924,12.544
2026-09-11 06:00:00,R2,2.84,1.004,3.873,3.764,1.009,9.65
2026-09-11 06:15:00,R1,3.308,1.408,5.087,4.462,0.983,11.939
2026-09-11 06:15:00,R2,2.944,1.078,4.667,3.839,0.826,10.41
2026-09-11 06:30:00,R1,3.037,1.275,5.414,4.049,1.039,11.776
2026-09-11 06:30:00,R2,2.915,1.012,4.397,4.158,0.848,10.415
2026-09-11 06:45:00,R1,3.129,1.035,5.213,4.555,0.98,11.782
2026-09-11 06:45:00,R2,2.637,1.245,4.454,3.45,0.827,9.975
2026-09-11 07:00:00,R1,3.534,1.008,4.928,4.391,0.972,11.3
2026-09-11 07:00:00,R2,2.789,1.017,4.463,3.697,0.817,9.993
2026-09-11 07:15:00,R1,2.77,1.087,5.114,4.131,0.892,11.223
2026-09-11 07:15:00,R2,2.897,1.154,4.662,3.606,0.916,10.337
2026-09-11 07:30:00,R1,3.059,1.207,5.777,4.267,0.996,12.246
2026-09-11 07:30:00,R2,2.504,0.912,4.83,3.866,0.833,10.441
2026-09-11 07:45:00,R1,3.173,1.198,5.038,4.272,1.063,11.571
2026-09-11 07:45:00,R2,2.382,1.018,4.826,3.58,0.852,10.277
2026-09-11 08:00:00,R1,2.84,0.978,5.512,4.672,0.957,12.119
2026-09-11 08:00:00,R2,2.709,1.006,4.222,3.776,0.869,9.873
2026-09-11 08:15:00,R1,3.156,1.205,5.12,4.449,0.873,11.647
2026-09-11 08:15:00,R2,2.229,1.053,4.132,3.725,0.963,9.873
2026-09-11 08:30:00,R1,2.877,1.176,5.524,4.845,0.97,12.514
2026-09-11 08:30:00,R2,2.863,1.122,4.82,3.589,0.877,10.408
2026-09-11 08:45:00,R1,3.091,1.109,4.899,4.461,1.033,11.502
2026-09-11 08:45:00,R2,3.095,1.083,3.982,3.51,0.833,9.408
2026-09-11 09:00:00,R1,3.014,1.179,5.053,4.421,0.971,11.624
2026-09-11 09:00:00,R2,2.695,1.138,4.478,3.422,0.834,9.872
2026-09-11 09:15:00,R1,2.905,1.251,4.995,4.273,0.94,11.46
2026-09-11 09:15:00,R2,2.626,1.134,4.63,3.902,0.857,10.522
2026-09-11 09:30:00,R1,2.578,1.176,5.409,4.216,0.858,11.66
2026-09-11 09:30:00,R2,2.752,1.124,4.541,3.765,1.025,10.456
2026-09-11 09:45:00,R1,2.762,1.15,4.958,4.267,1.067,11.441
2026-09-11 09:45:00,R2,2.507,0.88,4.754,3.747,0.97,10.351
2026-09-11 10:00:00,R1,3.133,1.028,4.849,4.369,0.882,11.128
2026-09-11 10:00:00,R2,2.71,1.187,5.012,3.578,0.916,10.693
2026-09-11 10:15:00,R1,2.749,1.268,4.799,4.325,0.967,11.36
2026-09-11 10:15:00,R2,2.438,1.11,4.592,3.815,0.894,10.41
2026-09-11 10:30:00,R1,2.804,1.175,5.184,4.78,1.036,12.175
2026-09-11 10:30:00,R2,2.611,1.174,4.545,4.332,0.871,10.922
2026-09-11 10:45:00,R1,2.96,1.199,5.39,4.699,0.995,12.284
2026-09-11 10:45:00,R2,2.652,1.006,4.776,3.898,0.881,10.561
2026-09-11 11:00:00,R1,3.356,1.205,5.192,4.208,0.988,11.593
2026-09-11 11:00:00,R2,2.599,1.135,4.182,3.786,0.871,9.974
2026-09-11 11:15:00,R1,3.029,1.16,5.374,4.272,0.99,11.796
2026-09-11 11:15:00,R2,2.675,1.045,4.276,3.848,0.919,10.087
2026-09-11 11:30:00,R1,2.941,1.313,5.318,4.172,0.869,11.672
2026-09-11 11:30:00,R2,2.481,1.016,4.077,3.49,1.01,9.595
2026-09-11 11:45:00,R1,2.809,1.068,5.394,4.101,0.824,11.387
2026-09-11 11:45:00,R2,2.554,1.141,4.726,3.99,0.939,10.796
2026-09-11 12:00:00,R1,2.851,1.2,5.884,3.817,0.925,11.825
2026-09-11 12:00:00,R2,2.655,0.97,4.331,3.859,0.849,10.009
2026-09-11 12:15:00,R1,2.929,1.156,5.303,4.613,0.774,11.845
2026-09-11 12:15:00,R2,2.664,0.874,4.578,3.633,0.802,9.887
2026-09-11 12:30:00,R1,2.742,1.164,4.823,4.109,0.933,11.029
2026-09-11 12:30:00,R2,2.666,0.817,4.244,3.422,0.873,9.356
2026-09-11 12:45:00,R1,3.045,1.055,4.848,3.536,0.999,10.439
2026-09-11 12:45:00,R2,2.666,1.13,4.422,4.048,0.96,10.56
2026-09-11 13:00:00,R1,3.089,1.015,5.659,4.258,0.883,11.815
2026-09-11 13:00:00,R2,2.578,1.016,4.538,3.731,0.889,10.175
2026-09-11 13:15:00,R1,3.149,1.028,5.314,4.535,1.008,11.886
2026-09-11 13:15:00,R2,2.514,1.079,4.521,3.848,0.906,10.354
2026-09-11 13:30:00,R1,2.839,1.115,4.914,4.075,0.923,11.026
2026-09-11 13:30:00,R2,2.292,1.003,4.449,4.002,0.817,10.271
2026-09-11 13:45:00,R1,2.991,1.165,5.162,4.43,0.962,11.719
2026-09-11 13:45:00,R2,2.41,0.97,4.4,4.258,0.966,10.595
2026-09-11 14:00:00,R1,3.134,1.107,5.369,4.347,1.0,11.823
2026-09-11 14:00:00,R2,2.999,0.949,4.358,3.961,0.782,10.05
2026-09-11 14:15:00,R1,3.084,1.065,4.851,3.998,0.779,10.693
2026-09-11 14:15:00,R2,2.365,1.0,4.417,3.657,0.82,9.894
2026-09-11 14:30:00,R1,3.303,1.124,5.653,4.415,1.041,12.234
2026-09-11 14:30:00,R2,2.336,0.893,4.456,3.883,0.852,10.085
2026-09-11 14:45:00,R1,3.011,1.012,5.604,4.154,0.915,11.685
2026-09-11 14:45:00,R2,2.81,1.138,4.324,3.791,0.787,10.039
2026-09-11 15:00:00,R1,2.924,1.058,4.812,4.392,0.959,11.221
2026-09-11 15:00:00,R2,2.756,1.195,4.436,3.847,0.988,10.467
2026-09-11 15:15:00,R1,2.709,1.09,5.281,4.265,0.999,11.635
2026-09-11 15:15:00,R2,2.883,0.89,4.664,3.852,0.87,10.275
2026-09-11 15:30:00,R1,3.031,1.153,4.958,4.367,0.727,11.205
2026-09-11 15:30:00,R2,2.63,0.924,4.067,3.827,0.753,9.571
2026-09-11 15:45:00,R1,3.294,1.135,5.203,4.235,0.941,11.514
2026-09-11 15:45:00,R2,2.569,1.039,4.591,4.383,0.803,10.815
2026-09-11 16:00:00,R1,2.636,1.221,5.069,4.45,0.986,11.727
2026-09-11 16:00:00,R2,2.729,0.988,4.34,4.021,0.872,10.221
2026-09-11 16:15:00,R1,3.371,1.127,7.084,5.765,0.978,14.953
2026-09-11 16:15:00,R2,2.252,1.023,5.109,3.81,0.977,10.919
2026-09-11 16:30:00,R1,3.335,1.216,6.526,5.587,0.93,14.259
2026-09-11 16:30:00,R2,2.508,1.149,4.378,3.838,0.982,10.348
2026-09-11 16:45:00,R1,3.257,0.912,6.711,5.568,0.986,14.177
2026-09-11 16:45:00,R2,2.58,0.858,4.897,4.058,1.03,10.843
2026-09-11 17:00:00,R1,2.786,1.117,6.74,5.833,0.895,14.584
2026-09-11 17:00:00,R2,2.473,1.121,4.587,3.758,0.843,10.309
2026-09-11 17:15:00,R1,3.282,1.069,6.597,5.866,0.902,14.434
2026-09-11 17:15:00,R2,2.633,1.057,4.604,4.169,0.997,10.826
2026-09-11 17:30:00,R1,2.767,1.02,6.685,5.558,0.866,14.13
2026-09-11 17:30:00,R2,2.573,1.157,4.453,3.878,0.823,10.311
2026-09-11 17:45:00,R1,2.968,1.102,5.125,3.918,1.03,11.176
2026-09-11 17:45:00,R2,2.716,0.865,4.389,3.464,0.849,9.567
2026-09-11 18:00:00,R1,3.017,1.042,5.185,4.415,1.124,11.766
2026-09-11 18:00:00,R2,2.363,1.039,4.421,4.004,0.897,10.362
2026-09-11 18:15:00,R1,2.949,1.111,5.463,4.321,1.045,11.94
2026-09-11 18:15:00,R2,2.569,0.96,5.175,3.892,0.92,10.947
2026-09-11 18:30:00,R1,2.942,1.065,4.869,4.088,0.971,10.992
2026-09-11 18:30:00,R2,2.66,1.097,5.253,3.78,0.999,11.129
2026-09-11 18:45:00,R1,2.775,1.211,5.327,3.601,1.004,11.144
2026-09-11 18:45:00,R2,2.705,1.073,4.468,3.895,0.821,10.256
2026-09-11 19:00:00,R1,3.19,1.252,4.559,3.894,0.987,10.692
2026-09-11 19:00:00,R2,2.414,1.0,4.477,3.701,0.842,10.021
2026-09-11 19:15:00,R1,3.373,1.141,5.048,4.701,1.022,11.912
2026-09-11 19:15:00,R2,2.448,1.097,4.317,4.111,0.895,10.42
2026-09-11 19:30:00,R1,3.196,1.187,5.22,4.213,0.958,11.577
2026-09-11 19:30:00,R2,2.625,0.928,4.28,3.652,0.813,9.672
2026-09-11 19:45:00,R1,3.098,1.23,5.197,4.016,0.989,11.432
2026-09-11 19:45:00,R2,2.376,0.996,4.722,3.791,0.835,10.343
2026-09-11 20:00:00,R1,2.87,0.91,5.146,4.193,0.914,11.163
2026-09-11 20:00:00,R2,2.92,0.885,4.697,3.606,0.85,10.038
2026-09-11 20:15:00,R1,3.117,1.21,5.173,4.117,0.96,11.46
2026-09-11 20:15:00,R2,2.648,1.256,4.641,3.883,0.959,10.739
2026-09-11 20:30:00,R1,3.477,1.106,5.142,4.252,0.98,11.479
2026-09-11 20:30:00,R2,2.703,1.073,4.6,3.954,0.922,10.549
2026-09-11 20:45:00,R1,3.097,1.021,5.121,4.402,1.097,11.641
2026-09-11 20:45:00,R2,2.593,0.923,4.401,3.646,0.866,9.836
2026-09-11 21:00:00,R1,2.828,1.245,4.897,4.039,0.847,11.028
2026-09-11 21:00:00,R2,2.404,0.944,4.703,3.792,0.85,10.29
2026-09-11 21:15:00,R1,3.226,1.121,5.465,4.366,0.767,11.72
2026-09-11 21:15:00,R2,2.419,1.18,3.984,3.898,0.882,9.944
2026-09-11 21:30:00,R1,3.052,1.098,4.952,4.393,0.895,11.338
2026-09-11 21:30:00,R2,2.597,1.116,4.876,3.722,0.979,10.693
2026-09-11 21:45:00,R1,2.933,1.062,5.42,4.283,0.979,11.743
2026-09-11 21:45:00,R2,2.608,1.012,4.538,4.191,0.866,10.607
2026-09-11 22:00:00,R1,3.409,1.226,5.293,4.455,0.859,11.833
2026-09-11 22:00:00,R2,2.969,1.092,4.194,3.442,0.858,9.585
2026-09-11 22:15:00,R1,2.992,1.05,5.715,4.505,0.993,12.264
2026-09-11 22:15:00,R2,2.634,1.06,4.913,3.911,0.874,10.758
2026-09-11 22:30:00,R1,2.77,1.08,5.291,4.328,0.946,11.645
2026-09-11 22:30:00,R2,2.567,1.213,4.352,4.004,0.878,10.446
2026-09-11 22:45:00,R1,2.991,1.184,5.671,4.414,0.925,12.195
2026-09-11 22:45:00,R2,2.742,0.978,4.427,3.858,1.012,10.275
2026-09-11 23:00:00,R1,2.914,1.068,5.024,4.08,0.867,11.039
2026-09-11 23:00:00,R2,2.331,0.905,4.309,3.332,0.949,9.495
2026-09-11 23:15:00,R1,3.167,1.038,5.149,4.086,0.931,11.204
2026-09-11 23:15:00,R2,2.381,1.044,4.492,3.813,0.803,10.152
2026-09-11 23:30:00,R1,3.039,1.028,5.381,4.559,0.927,11.896
2026-09-11 23:30:00,R2,2.522,1.049,4.445,3.912,0.794,10.2
2026-09-11 23:45:00,R1,3.212,1.149,5.207,4.294,0.955,11.604
2026-09-11 23:45:00,R2,2.56,0.917,4.155,3.517,0.871,9.46
2026-09-12 00:00:00,R1,2.905,1.275,5.165,4.308,0.921,11.668
2026-09-12 00:00:00,R2,2.651,1.048,4.404,3.747,0.971,10.169
2026-09-12 00:15:00,R1,3.121,1.239,5.024,4.614,1.025,11.901
2026-09-12 00:15:00,R2,2.402,1.148,4.399,3.62,0.933,10.1
2026-09-12 00:30:00,R1,3.164,1.125,5.559,4.365,1.059,12.107
2026-09-12 00:30:00,R2,2.342,1.064,4.473,3.436,0.889,9.862
2026-09-12 00:45:00,R1,3.066,1.255,4.476,3.727,0.842,10.3
2026-09-12 00:45:00,R2,2.675,1.146,4.759,3.508,0.867,10.28
2026-09-12 01:00:00,R1,2.859,1.14,5.203,4.41,0.853,11.606
2026-09-12 01:00:00,R2,2.445,0.855,4.436,3.222,0.929,9.443
2026-09-12 01:15:00,R1,3.121,1.345,4.871,3.888,0.928,11.031
2026-09-12 01:15:00,R2,2.439,1.021,4.627,4.047,0.716,10.412
2026-09-12 01:30:00,R1,2.657,1.301,5.179,4.287,0.963,11.73
2026-09-12 01:30:00,R2,2.622,0.87,4.61,3.796,0.926,10.202
2026-09-12 01:45:00,R1,3.025,1.028,5.181,4.437,1.004,11.649
2026-09-12 01:45:00,R2,2.452,0.972,4.268,4.008,0.918,10.167
2026-09-12 02:00:00,R1,2.827,1.059,5.381,4.211,1.026,11.678
2026-09-12 02:00:00,R2,2.628,1.037,4.306,3.561,0.852,9.756
2026-09-12 02:15:00,R1,3.231,1.09,4.92,4.783,0.924,11.717
2026-09-12 02:15:00,R2,2.728,1.005,4.609,3.969,0.879,10.462
2026-09-12 02:30:00,R1,2.95,1.129,5.277,4.811,0.895,12.112
2026-09-12 02:30:00,R2,2.459,0.983,4.504,3.727,0.979,10.193
2026-09-12 02:45:00,R1,3.259,1.203,4.967,4.674,0.832,11.676
2026-09-12 02:45:00,R2,2.874,1.051,3.72,3.884,0.926,9.581
2026-09-12 03:00:00,R1,2.638,1.176,5.347,4.872,1.005,12.4
2026-09-12 03:00:00,R2,2.419,1.006,4.625,4.067,0.856,10.554
2026-09-12 03:15:00,R1,2.847,1.178,4.988,4.284,0.984,11.433
2026-09-12 03:15:00,R2,2.567,1.21,4.847,3.608,0.951,10.616
2026-09-12 03:30:00,R1,2.851,1.054,5.212,4.013,1.03,11.308
2026-09-12 03:30:00,R2,2.511,1.216,4.151,4.134,1.0,10.501
2026-09-12 03:45:00,R1,2.888,1.088,5.221,4.765,0.938,12.011
2026-09-12 03:45:00,R2,2.346,0.936,3.715,3.961,0.799,9.411
2026-09-12 04:00:00,R1,2.951,1.395,5.056,3.863,0.935,11.249
2026-09-12 04:00:00,R2,2.161,0.878,4.468,3.777,0.875,9.998
2026-09-12 04:15:00,R1,3.148,1.167,5.372,4.397,1.108,12.043
2026-09-12 04:15:00,R2,2.657,1.045,4.413,4.186,0.879,10.524
2026-09-12 04:30:00,R1,3.052,1.146,5.761,4.008,0.876,11.79
2026-09-12 04:30:00,R2,2.535,1.143,4.4,3.882,0.981,10.405
2026-09-12 04:45:00,R1,2.932,1.064,5.333,4.288,0.812,11.497
2026-09-12 04:45:00,R2,2.679,1.058,3.913,3.586,0.954,9.511
2026-09-12 05:00:00,R1,2.679,1.165,5.112,4.384,0.854,11.515
2026-09-12 05:00:00,R2,2.415,0.899,4.987,3.916,0.915,10.718
2026-09-12 05:15:00,R1,2.687,1.213,4.974,4.148,0.927,11.263
2026-09-12 05:15:00,R2,2.66,1.111,4.324,3.869,0.999,10.303
2026-09-12 05:30:00,R1,3.097,1.131,5.645,4.652,0.977,12.404
2026-09-12 05:30:00,R2,2.401,1.038,4.506,3.73,0.935,10.21
2026-09-12 05:45:00,R1,3.446,1.18,5.357,4.024,0.957,11.517
2026-09-12 05:45:00,R2,2.867,0.985,4.473,3.962,0.86,10.28
2026-09-12 06:00:00,R1,3.824,1.091,5.378,4.276,0.906,11.652
2026-09-12 06:00:00,R2,2.922,1.053,4.158,3.737,0.813,9.761
2026-09-12 06:15:00,R1,3.03,1.174,5.292,4.369,1.013,11.848
2026-09-12 06:15:00,R2,2.938,1.129,4.712,4.207,0.785,10.832
2026-09-12 06:30:00,R1,3.093,1.147,5.283,4.34,1.02,11.789
2026-09-12 06:30:00,R2,2.576,0.984,4.482,3.967,1.036,10.47
2026-09-12 06:45:00,R1,2.966,1.216,5.128,4.402,0.789,11.535
2026-09-12 06:45:00,R2,2.356,1.014,4.677,3.692,0.836,10.219
2026-09-12 07:00:00,R1,2.781,1.143,4.517,4.177,0.911,10.748
2026-09-12 07:00:00,R2,2.911,1.176,4.792,3.935,0.793,10.696
2026-09-12 07:15:00,R1,3.172,1.114,5.237,4.491,0.899,11.742
2026-09-12 07:15:00,R2,2.527,0.916,4.38,3.756,0.969,10.021
2026-09-12 07:30:00,R1,3.31,1.407,5.053,4.484,0.916,11.861
2026-09-12 07:30:00,R2,2.77,0.919,4.717,3.918,0.928,10.482
2026-09-12 07:45:00,R1,2.803,1.011,5.349,4.478,0.961,11.799
2026-09-12 07:45:00,R2,2.52,0.831,4.787,3.771,0.836,10.225
2026-09-12 08:00:00,R1,3.241,1.084,5.365,4.312,0.854,11.614
2026-09-12 08:00:00,R2,2.654,0.898,4.439,3.782,0.897,10.016
2026-09-12 08:15:00,R1,2.905,1.019,4.959,4.403,1.026,11.406
2026-09-12 08:15:00,R2,2.777,1.129,4.13,3.823,0.911,9.993
2026-09-12 08:30:00,R1,2.926,1.279,5.21,4.227,0.985,11.701
2026-09-12 08:30:00,R2,2.349,1.088,4.184,3.525,0.98,9.776
2026-09-12 08:45:00,R1,3.088,1.087,5.333,4.049,1.083,11.552
2026-09-12 08:45:00,R2,2.515,1.016,4.417,3.863,0.857,10.153
2026-09-12 09:00:00,R1,2.883,1.035,5.247,4.501,1.026,11.809
2026-09-12 09:00:00,R2,2.53,0.873,4.718,3.471,0.704,9.766
2026-09-12 09:15:00,R1,3.099,1.147,5.544,4.132,0.982,11.806
2026-09-12 09:15:00,R2,2.579,1.175,4.223,3.946,0.984,10.327
2026-09-12 09:30:00,R1,3.089,1.431,5.223,4.328,0.885,11.867
2026-09-12 09:30:00,R2,2.86,1.151,4.91,3.869,0.915,10.845
2026-09-12 09:45:00,R1,3.181,1.267,5.269,4.229,0.905,11.67
2026-09-12 09:45:00,R2,2.887,1.057,4.636,4.145,0.845,10.684
2026-09-12 10:00:00,R1,2.998,1.027,6.568,5.705,0.879,14.179
2026-09-12 10:00:00,R2,2.396,1.097,4.437,3.963,0.927,10.425
2026-09-12 10:15:00,R1,3.037,1.079,7.106,5.505,1.029,14.718
2026-09-12 10:15:00,R2,2.466,1.069,4.941,4.009,0.709,10.727
2026-09-12 10:30:00,R1,3.357,1.363,6.82,5.766,0.96,14.909
2026-09-12 10:30:00,R2,2.72,0.924,4.27,3.415,0.934,9.543
2026-09-12 10:45:00,R1,2.718,1.132,7.224,5.574,1.037,14.967
2026-09-12 10:45:00,R2,2.521,0.943,4.459,3.574,0.885,9.86
2026-09-12 11:00:00,R1,3.234,1.211,7.065,5.759,0.91,14.946
2026-09-12 11:00:00,R2,2.642,1.042,4.176,3.635,0.825,9.678
2026-09-12 11:15:00,R1,3.016,1.017,5.56,4.088,0.844,11.509
2026-09-12 11:15:00,R2,2.785,1.081,4.5,3.999,0.804,10.385
2026-09-12 11:30:00,R1,3.094,0.876,5.081,4.612,0.933,11.502
2026-09-12 11:30:00,R2,2.768,0.995,4.526,3.68,0.908,10.109
2026-09-12 11:45:00,R1,2.977,1.188,5.136,4.152,1.039,11.514
2026-09-12 11:45:00,R2,2.529,1.198,4.937,3.949,0.802,10.885
2026-09-12 12:00:00,R1,2.841,1.014,5.099,4.14,0.92,11.172
2026-09-12 12:00:00,R2,2.968,1.107,4.504,3.677,0.995,10.282
2026-09-12 12:15:00,R1,2.857,1.098,5.062,4.337,0.955,11.452
2026-09-12 12:15:00,R2,2.348,1.277,4.806,3.816,0.737,10.637
2026-09-12 12:30:00,R1,3.236,1.391,5.217,4.515,0.811,11.934
2026-09-12 12:30:00,R2,2.617,1.013,4.162,3.808,1.036,10.019
2026-09-12 12:45:00,R1,3.255,1.09,5.294,3.77,1.069,11.223
2026-09-12 12:45:00,R2,2.235,1.145,4.894,3.805,0.74,10.585
2026-09-12 13:00:00,R1,3.027,1.082,5.268,4.334,0.99,11.673
2026-09-12 13:00:00,R2,2.59,0.878,4.195,3.448,0.871,9.392
2026-09-12 13:15:00,R1,2.528,0.997,5.001,4.822,0.894,11.714
2026-09-12 13:15:00,R2,2.413,1.228,4.564,4.117,0.991,10.899
2026-09-12 13:30:00,R1,3.114,0.946,4.771,4.304,0.966,10.986
2026-09-12 13:30:00,R2,2.77,1.274,4.661,3.494,0.896,10.326
2026-09-12 13:45:00,R1,2.746,1.084,5.544,4.64,0.928,12.196
2026-09-12 13:45:00,R2,2.343,1.125,4.28,3.593,0.928,9.926
2026-09-12 14:00:00,R1,3.101,1.147,5.402,4.527,0.961,12.038
2026-09-12 14:00:00,R2,2.736,1.146,4.702,3.759,0.768,10.374
2026-09-12 14:15:00,R1,2.846,1.231,5.526,4.645,0.982,12.384
2026-09-12 14:15:00,R2,2.665,0.936,4.337,3.236,0.788,9.297
2026-09-12 14:30:00,R1,2.778,1.09,5.336,3.794,0.89,11.109
2026-09-12 14:30:00,R2,2.483,0.929,4.279,3.6,0.815,9.623
2026-09-12 14:45:00,R1,2.964,1.165,5.295,4.046,0.89,11.397
2026-09-12 14:45:00,R2,2.805,0.977,4.465,3.839,0.703,9.984
2026-09-12 15:00:00,R1,3.277,1.311,5.627,4.314,0.933,12.184
2026-09-12 15:00:00,R2,2.596,1.128,4.683,3.604,0.931,10.345
2026-09-12 15:15:00,R1,2.825,0.999,5.557,4.247,0.97,11.774
2026-09-12 15:15:00,R2,2.376,0.863,4.872,3.945,0.928,10.609
2026-09-12 15:30:00,R1,2.878,1.262,5.374,3.979,0.934,11.55
2026-09-12 15:30:00,R2,2.453,1.011,4.264,4.159,0.879,10.313
2026-09-12 15:45:00,R1,2.926,1.006,5.238,4.036,0.962,11.242
2026-09-12 15:45:00,R2,2.335,1.168,4.558,3.824,0.915,10.465
2026-09-12 16:00:00,R1,2.937,1.069,5.061,4.325,0.848,11.303
2026-09-12 16:00:00,R2,2.563,0.986,4.138,3.653,0.85,9.628
2026-09-12 16:15:00,R1,2.474,1.109,5.352,4.159,0.839,11.459
2026-09-12 16:15:00,R2,2.755,1.084,4.686,3.721,0.882,10.373
2026-09-12 16:30:00,R1,3.184,1.239,4.858,4.5,0.895,11.491
2026-09-12 16:30:00,R2,2.691,0.802,4.216,3.687,0.886,9.592
2026-09-12 16:45:00,R1,2.89,1.288,5.587,4.492,0.849,12.216
2026-09-12 16:45:00,R2,2.637,1.119,4.123,3.685,0.967,9.895
2026-09-12 17:00:00,R1,3.09,1.149,5.493,4.634,1.026,12.302
2026-09-12 17:00:00,R2,2.588,1.086,4.371,3.363,0.73,9.551
2026-09-12 17:15:00,R1,3.06,1.207,5.134,4.6,0.865,11.806
2026-09-12 17:15:00,R2,2.583,0.756,4.675,3.882,0.861,10.174
2026-09-12 17:30:00,R1,3.263,1.101,5.024,4.109,0.92,11.154
2026-09-12 17:30:00,R2,2.91,0.989,4.48,3.833,0.812,10.114
2026-09-12 17:45:00,R1,3.162,1.316,5.024,4.495,0.848,11.684
2026-09-12 17:45:00,R2,2.479,1.195,4.007,3.375,0.818,9.396
2026-09-12 18:00:00,R1,2.965,1.132,5.009,4.203,0.867,11.211
2026-09-12 18:00:00,R2,2.773,1.105,3.995,3.192,0.873,9.165
2026-09-12 18:15:00,R1,2.766,1.333,4.939,4.099,0.887,11.259
2026-09-12 18:15:00,R2,2.464,1.19,4.655,3.838,0.955,10.638
2026-09-12 18:30:00,R1,2.891,1.04,5.307,3.649,1.039,11.036
2026-09-12 18:30:00,R2,2.557,1.061,4.685,3.37,0.888,10.004
2026-09-12 18:45:00,R1,2.76,1.165,4.579,4.397,0.97,11.11
2026-09-12 18:45:00,R2,2.525,1.161,4.469,3.396,0.832,9.857
2026-09-12 19:00:00,R1,2.947,1.266,5.251,4.234,1.047,11.799
2026-09-12 19:00:00,R2,2.605,0.993,4.661,3.859,0.714,10.226
2026-09-12 19:15:00,R1,3.217,1.251,5.274,4.568,0.951,12.045
2026-09-12 19:15:00,R2,2.623,0.839,4.515,3.829,0.859,10.043
2026-09-12 19:30:00,R1,3.268,1.091,5.47,4.485,0.999,12.046
2026-09-12 19:30:00,R2,2.454,1.112,4.749,3.63,0.976,10.467
2026-09-12 19:45:00,R1,3.207,1.042,5.537,3.884,0.943,11.407
2026-09-12 19:45:00,R2,3.121,1.086,4.536,3.607,0.842,10.071
2026-09-12 20:00:00,R1,3.129,1.132,5.012,4.111,0.99,11.246
2026-09-12 20:00:00,R2,2.442,1.089,5.045,3.777,0.88,10.791
2026-09-12 20:15:00,R1,3.028,1.304,4.798,4.354,0.876,11.332
2026-09-12 20:15:00,R2,2.798,1.068,5.04,3.725,0.944,10.776
2026-09-12 20:30:00,R1,2.727,0.869,5.481,4.285,1.037,11.671
2026-09-12 20:30:00,R2,2.518,0.999,4.419,4.01,0.962,10.39
2026-09-12 20:45:00,R1,2.897,1.093,5.043,4.596,0.917,11.651
2026-09-12 20:45:00,R2,2.818,0.935,4.314,4.454,0.786,10.489
2026-09-12 21:00:00,R1,3.013,1.046,5.303,4.564,0.884,11.798
2026-09-12 21:00:00,R2,2.434,1.166,4.751,3.584,0.844,10.345
2026-09-12 21:15:00,R1,2.878,0.933,5.133,4.122,1.013,11.201
2026-09-12 21:15:00,R2,2.593,0.967,4.47,3.916,0.805,10.158
2026-09-12 21:30:00,R1,2.734,1.24,5.026,4.069,0.914,11.25
2026-09-12 21:30:00,R2,2.388,1.268,4.618,3.495,1.071,10.451
2026-09-12 21:45:00,R1,3.281,1.16,5.772,4.08,0.975,11.986
2026-09-12 21:45:00,R2,2.494,1.062,4.383,4.063,0.912,10.42
2026-09-12 22:00:00,R1,3.567,1.241,5.173,4.268,1.056,11.738
2026-09-12 22:00:00,R2,3.232,1.079,4.333,4.235,0.949,10.596
2026-09-12 22:15:00,R1,2.86,1.224,4.958,4.202,0.927,11.31
2026-09-12 22:15:00,R2,2.531,1.122,4.549,3.586,0.889,10.145
2026-09-12 22:30:00,R1,2.747,0.98,5.345,4.273,1.01,11.609
2026-09-12 22:30:00,R2,2.722,1.15,4.626,4.122,0.974,10.872
2026-09-12 22:45:00,R1,2.94,1.252,4.953,4.266,0.932,11.404
2026-09-12 22:45:00,R2,2.508,0.94,4.684,3.52,0.942,10.086
2026-09-12 23:00:00,R1,2.912,1.22,5.545,4.18,0.913,11.859
2026-09-12 23:00:00,R2,2.417,1.055,4.33,4.043,0.905,10.333
2026-09-12 23:15:00,R1,2.889,1.092,4.771,4.53,0.955,11.348
2026-09-12 23:15:00,R2,2.599,1.084,4.993,4.354,0.865,11.296
2026-09-12 23:30:00,R1,2.984,1.297,5.175,4.072,0.881,11.424
2026-09-12 23:30:00,R2,2.728,1.147,4.888,3.725,0.846,10.606
2026-09-12 23:45:00,R1,3.071,1.093,5.048,4.591,0.959,11.691
2026-09-12 23:45:00,R2,2.737,0.985,4.984,3.467,1.082,10.517
2026-09-13 00:00:00,R1,2.754,1.128,5.237,4.533,0.825,11.722
2026-09-13 00:00:00,R2,2.181,1.035,4.357,3.821,0.864,10.077
2026-09-13 00:15:00,R1,2.809,1.274,5.416,4.449,1.102,12.24
2026-09-13 00:15:00,R2,2.727,1.1,4.723,3.772,0.873,10.469
2026-09-13 00:30:00,R1,3.17,1.065,5.278,4.626,0.868,11.836
2026-09-13 00:30:00,R2,2.824,1.003,4.136,3.492,0.913,9.544
2026-09-13 00:45:00,R1,2.952,1.129,5.109,4.289,0.892,11.419
2026-09-13 00:45:00,R2,2.337,1.041,4.239,3.491,0.867,9.639
2026-09-13 01:00:00,R1,3.381,1.134,4.651,4.133,0.974,10.892
2026-09-13 01:00:00,R2,2.442,1.211,4.77,3.357,0.882,10.22
2026-09-13 01:15:00,R1,2.967,1.286,5.055,4.274,0.824,11.439
2026-09-13 01:15:00,R2,2.626,1.029,4.522,4.038,1.097,10.686
2026-09-13 01:30:00,R1,2.873,1.103,4.705,4.405,1.028,11.241
2026-09-13 01:30:00,R2,2.554,1.021,4.505,3.957,0.952,10.435
2026-09-13 01:45:00,R1,3.095,1.028,4.85,4.464,0.936,11.278
2026-09-13 01:45:00,R2,2.838,1.219,4.334,4.124,0.884,10.561
2026-09-13 02:00:00,R1,2.839,1.086,5.322,4.142,1.096,11.646
2026-09-13 02:00:00,R2,2.494,0.926,3.942,3.4,0.941,9.209
2026-09-13 02:15:00,R1,2.893,1.097,4.79,4.729,0.968,11.584
2026-09-13 02:15:00,R2,2.425,1.276,4.117,3.951,0.948,10.291
2026-09-13 02:30:00,R1,2.761,0.947,5.785,4.304,0.88,11.916
2026-09-13 02:30:00,R2,2.459,1.187,4.298,3.988,1.046,10.519
2026-09-13 02:45:00,R1,3.116,1.001,5.489,4.194,0.905,11.589
2026-09-13 02:45:00,R2,2.512,0.909,4.658,3.856,0.898,10.321
2026-09-13 03:00:00,R1,3.015,1.097,5.292,4.244,0.785,11.417
2026-09-13 03:00:00,R2,2.125,1.082,4.493,3.726,1.044,10.345
2026-09-13 03:15:00,R1,3.095,1.21,5.749,4.825,0.934,12.718
2026-09-13 03:15:00,R2,2.515,0.947,4.069,3.771,0.937,9.724
2026-09-13 03:30:00,R1,3.078,1.057,4.581,4.597,0.87,11.106
2026-09-13 03:30:00,R2,2.427,1.244,4.887,3.831,0.966,10.928
2026-09-13 03:45:00,R1,2.87,1.248,5.567,3.986,0.977,11.778
2026-09-13 03:45:00,R2,2.356,1.089,4.425,3.757,0.914,10.184
2026-09-13 04:00:00,R1,2.855,1.185,5.665,4.205,0.873,11.928
2026-09-13 04:00:00,R2,2.631,1.072,4.648,3.863,0.854,10.437
2026-09-13 04:15:00,R1,2.837,1.021,5.253,4.449,0.899,11.622
2026-09-13 04:15:00,R2,2.311,1.053,4.906,4.143,0.754,10.856
2026-09-13 04:30:00,R1,2.893,0.937,5.369,4.396,1.104,11.806
2026-09-13 04:30:00,R2,2.554,1.011,4.25,3.654,1.03,9.945
2026-09-13 04:45:00,R1,3.138,1.075,5.279,4.199,1.02,11.572
2026-09-13 04:45:00,R2,2.82,1.122,4.729,3.924,1.073,10.849
2026-09-13 05:00:00,R1,3.097,1.059,5.412,4.321,0.97,11.761
2026-09-13 05:00:00,R2,2.35,1.06,4.578,3.752,0.893,10.283
2026-09-13 05:15:00,R1,3.016,1.098,5.227,4.489,0.94,11.754
2026-09-13 05:15:00,R2,2.584,1.19,4.231,3.787,0.875,10.083
2026-09-13 05:30:00,R1,2.949,1.271,5.599,4.522,1.007,12.399
2026-09-13 05:30:00,R2,2.794,1.099,4.039,3.731,0.852,9.721
2026-09-13 05:45:00,R1,2.822,1.078,5.202,4.429,0.893,11.603
2026-09-13 05:45:00,R2,2.598,1.215,4.756,3.753,1.095,10.819
2026-09-13 06:00:00,R1,3.219,1.245,5.085,4.277,1.075,11.683
2026-09-13 06:00:00,R2,2.739,0.895,4.461,4.029,0.875,10.259
2026-09-13 06:15:00,R1,3.231,1.079,5.175,4.448,0.899,11.6
2026-09-13 06:15:00,R2,2.578,0.756,4.293,3.955,0.906,9.91
2026-09-13 06:30:00,R1,2.859,1.164,5.328,4.267,0.955,11.714
2026-09-13 06:30:00,R2,2.564,1.016,4.279,3.928,0.872,10.095
2026-09-13 06:45:00,R1,2.637,1.379,5.355,4.099,1.017,11.85
2026-09-13 06:45:00,R2,2.818,1.027,4.417,3.685,0.93,10.059
2026-09-13 07:00:00,R1,2.876,1.3,5.375,4.222,0.831,11.728
2026-09-13 07:00:00,R2,2.181,1.123,3.731,3.802,0.916,9.572
2026-09-13 07:15:00,R1,3.122,1.254,5.273,4.27,0.834,11.632
2026-09-13 07:15:00,R2,2.389,1.055,4.373,3.874,1.056,10.358
2026-09-13 07:30:00,R1,2.729,1.093,5.346,4.542,1.085,12.066
2026-09-13 07:30:00,R2,2.083,1.06,4.455,4.012,0.812,10.34
2026-09-13 07:45:00,R1,3.421,1.265,5.28,4.39,1.021,11.956
2026-09-13 07:45:00,R2,2.659,1.079,4.619,3.92,0.848,10.467
2026-09-13 08:00:00,R1,3.122,0.906,4.783,4.5,1.115,11.304
2026-09-13 08:00:00,R2,2.554,1.025,4.371,4.181,0.842,10.418
2026-09-13 08:15:00,R1,2.802,1.067,5.312,3.939,0.819,11.137
2026-09-13 08:15:00,R2,2.407,0.795,4.593,3.589,0.958,9.935
2026-09-13 08:30:00,R1,2.946,1.258,4.916,4.326,0.938,11.438
2026-09-13 08:30:00,R2,2.635,1.04,4.264,3.655,0.832,9.79
2026-09-13 08:45:00,R1,3.107,1.028,5.435,3.956,1.097,11.515
2026-09-13 08:45:00,R2,3.023,0.84,4.594,3.574,0.967,9.974
2026-09-13 09:00:00,R1,2.942,1.183,5.165,4.624,0.925,11.897
2026-09-13 09:00:00,R2,2.831,0.883,4.399,4.067,1.027,10.377
2026-09-13 09:15:00,R1,3.166,1.202,5.538,4.495,1.001,12.237
2026-09-13 09:15:00,R2,2.49,1.204,4.562,4.111,0.848,10.724
2026-09-13 09:30:00,R1,3.071,1.132,5.091,4.152,0.926,11.301
2026-09-13 09:30:00,R2,2.851,0.985,4.932,4.0,0.859,10.776
2026-09-13 09:45:00,R1,2.911,1.162,5.317,4.478,0.906,11.863
2026-09-13 09:45:00,R2,2.312,1.098,4.519,3.648,0.844,10.109
2026-09-13 10:00:00,R1,2.769,1.005,5.41,4.327,0.986,11.728
2026-09-13 10:00:00,R2,2.297,1.122,4.715,3.854,0.906,10.598
2026-09-13 10:15:00,R1,3.323,1.313,5.233,4.524,0.893,11.963
2026-09-13 10:15:00,R2,3.037,1.066,4.381,3.808,0.867,10.123
2026-09-13 10:30:00,R1,2.744,1.07,5.537,3.875,0.955,11.437
2026-09-13 10:30:00,R2,2.332,1.179,4.389,3.739,0.951,10.258
2026-09-13 10:45:00,R1,3.146,1.261,5.216,4.027,1.017,11.521
2026-09-13 10:45:00,R2,2.463,0.99,4.561,3.884,1.055,10.49
2026-09-13 11:00:00,R1,3.004,1.132,5.436,3.832,0.907,11.307
2026-09-13 11:00:00,R2,3.1,0.968,4.332,3.838,0.852,9.99
2026-09-13 11:15:00,R1,3.2,0.942,5.092,4.112,0.971,11.118
2026-09-13 11:15:00,R2,2.739,1.134,4.844,3.613,0.937,10.528
2026-09-13 11:30:00,R1,2.973,1.035,5.718,4.309,1.052,12.115
2026-09-13 11:30:00,R2,2.815,0.983,4.486,3.837,0.865,10.17
2026-09-13 11:45:00,R1,3.121,1.373,4.456,4.168,0.995,10.992
2026-09-13 11:45:00,R2,2.742,1.224,4.633,4.221,1.047,11.125
2026-09-13 12:00:00,R1,3.072,1.248,5.736,4.437,0.922,12.343
2026-09-13 12:00:00,R2,2.694,1.077,4.074,3.422,0.878,9.45
2026-09-13 12:15:00,R1,3.326,1.023,4.54,4.364,0.941,10.868
2026-09-13 12:15:00,R2,2.995,0.94,4.502,3.766,0.906,10.115
2026-09-13 12:30:00,R1,3.44,1.259,4.697,4.273,0.962,11.191
2026-09-13 12:30:00,R2,2.796,0.889,4.43,3.767,0.959,10.045
2026-09-13 12:45:00,R1,3.42,1.072,4.845,4.36,0.901,11.178
2026-09-13 12:45:00,R2,2.607,0.995,5.009,4.006,0.982,10.992
2026-09-13 13:00:00,R1,2.593,1.294,4.619,4.025,1.172,11.11
2026-09-13 13:00:00,R2,2.695,1.088,4.469,4.071,0.979,10.608
2026-09-13 13:15:00,R1,2.774,0.947,5.256,4.245,0.856,11.304
2026-09-13 13:15:00,R2,2.66,1.211,4.467,3.741,0.811,10.229
2026-09-13 13:30:00,R1,3.227,0.989,5.044,4.173,0.927,11.134
2026-09-13 13:30:00,R2,2.856,1.032,4.696,3.488,0.74,9.955
2026-09-13 13:45:00,R1,3.078,1.228,5.081,4.208,0.86,11.378
2026-09-13 13:45:00,R2,2.642,0.957,4.743,4.108,1.076,10.883
2026-09-13 14:00:00,R1,3.424,1.243,4.987,4.224,0.99,11.444
2026-09-13 14:00:00,R2,2.773,1.131,4.532,3.403,0.845,9.911
2026-09-13 14:15:00,R1,3.305,1.187,5.088,4.208,0.92,11.403
2026-09-13 14:15:00,R2,2.577,0.979,4.465,3.563,0.86,9.867
2026-09-13 14:30:00,R1,3.045,1.127,5.013,4.67,0.931,11.741
2026-09-13 14:30:00,R2,2.274,1.012,4.841,3.839,0.938,10.63
2026-09-13 14:45:00,R1,3.335,1.006,5.147,4.119,0.955,11.227
2026-09-13 14:45:00,R2,2.432,1.077,4.645,3.966,0.971,10.658
2026-09-13 15:00:00,R1,3.077,1.084,5.28,4.413,1.084,11.861
2026-09-13 15:00:00,R2,2.808,1.087,4.807,3.53,0.848,10.273
2026-09-13 15:15:00,R1,3.205,1.19,5.213,4.486,0.986,11.876
2026-09-13 15:15:00,R2,2.582,1.123,4.872,4.099,1.005,11.099
2026-09-13 15:30:00,R1,2.979,1.136,5.011,4.192,0.891,11.23
2026-09-13 15:30:00,R2,2.346,1.153,4.574,3.978,1.003,10.708
2026-09-13 15:45:00,R1,3.111,1.291,5.115,4.277,0.846,11.53
2026-09-13 15:45:00,R2,2.275,1.056,4.612,3.884,0.787,10.339
2026-09-13 16:00:00,R1,2.799,1.014,4.701,4.754,0.964,11.433
2026-09-13 16:00:00,R2,2.537,1.068,4.847,3.55,0.784,10.249
2026-09-13 16:15:00,R1,3.508,1.094,5.516,4.609,0.707,11.926
2026-09-13 16:15:00,R2,2.725,1.136,4.623,3.98,1.049,10.788
2026-09-13 16:30:00,R1,3.003,1.09,5.004,4.095,0.849,11.038
2026-09-13 16:30:00,R2,2.312,0.997,4.976,3.598,0.869,10.44
2026-09-13 16:45:00,R1,2.81,0.986,5.184,4.778,0.836,11.783
2026-09-13 16:45:00,R2,2.658,1.06,4.488,3.951,0.901,10.401
2026-09-13 17:00:00,R1,2.939,1.271,4.738,3.983,1.132,11.123
2026-09-13 17:00:00,R2,2.753,1.0,4.24,4.115,0.828,10.183
2026-09-13 17:15:00,R1,3.158,1.181,5.314,5.094,1.039,12.628
2026-09-13 17:15:00,R2,2.613,0.932,4.021,3.661,0.848,9.463
2026-09-13 17:30:00,R1,2.795,1.23,5.527,4.594,0.995,12.346
2026-09-13 17:30:00,R2,2.634,1.04,4.892,3.572,0.904,10.408
2026-09-13 17:45:00,R1,3.113,1.055,5.476,4.199,1.035,11.765
2026-09-13 17:45:00,R2,2.401,0.987,4.173,3.777,1.023,9.96
2026-09-13 18:00:00,R1,3.09,1.021,5.588,4.014,1.01,11.632
2026-09-13 18:00:00,R2,2.635,0.954,4.807,3.475,1.049,10.286
2026-09-13 18:15:00,R1,2.899,1.093,5.024,4.357,0.874,11.348
2026-09-13 18:15:00,R2,2.512,1.047,4.266,4.376,0.861,10.55
2026-09-13 18:30:00,R1,3.14,1.269,5.627,4.331,0.974,12.201
2026-09-13 18:30:00,R2,2.388,1.19,4.295,4.056,0.893,10.435
2026-09-13 18:45:00,R1,2.66,1.087,5.57,3.95,0.995,11.601
2026-09-13 18:45:00,R2,2.774,0.991,4.242,3.953,0.909,10.094
2026-09-13 19:00:00,R1,3.328,1.266,4.944,4.362,1.054,11.626
2026-09-13 19:00:00,R2,2.553,1.161,4.404,3.862,0.947,10.374
2026-09-13 19:15:00,R1,2.797,1.199,4.884,4.393,0.875,11.351
2026-09-13 19:15:00,R2,2.356,1.061,4.303,4.044,0.944,10.352
2026-09-13 19:30:00,R1,2.936,1.13,5.364,4.385,0.989,11.868
2026-09-13 19:30:00,R2,2.964,1.115,4.619,3.646,0.867,10.247
2026-09-13 19:45:00,R1,3.177,1.24,5.337,4.264,1.057,11.898
2026-09-13 19:45:00,R2,2.697,0.931,4.408,3.704,1.013,10.056
2026-09-13 20:00:00,R1,2.928,1.171,5.562,4.636,0.974,12.343
2026-09-13 20:00:00,R2,2.447,1.021,4.243,3.504,0.883,9.652
2026-09-13 20:15:00,R1,3.042,1.054,4.93,3.919,0.933,10.836
2026-09-13 20:15:00,R2,3.049,1.154,4.356,3.385,0.777,9.673
2026-09-13 20:30:00,R1,2.925,0.99,5.182,4.412,0.922,11.506
2026-09-13 20:30:00,R2,2.541,1.069,4.452,3.869,0.997,10.387
2026-09-13 20:45:00,R1,2.928,1.042,5.288,4.687,0.973,11.99
2026-09-13 20:45:00,R2,2.561,0.895,5.105,3.982,0.975,10.956
2026-09-13 21:00:00,R1,3.15,1.117,5.344,4.449,1.11,12.02
2026-09-13 21:00:00,R2,2.469,1.087,4.342,3.72,0.927,10.076
2026-09-13 21:15:00,R1,3.083,1.133,5.248,4.115,1.089,11.584
2026-09-13 21:15:00,R2,2.719,1.037,4.587,3.698,0.83,10.151
2026-09-13 21:30:00,R1,2.915,1.135,5.247,4.543,0.937,11.863
2026-09-13 21:30:00,R2,2.279,1.119,4.435,3.726,0.969,10.25
2026-09-13 21:45:00,R1,2.838,1.209,5.283,3.93,1.036,11.459
2026-09-13 21:45:00,R2,2.564,1.149,4.72,3.79,0.817,10.476
2026-09-13 22:00:00,R1,3.417,1.11,5.04,4.573,0.976,11.699
2026-09-13 22:00:00,R2,3.0,1.015,4.804,3.545,0.868,10.231
2026-09-13 22:15:00,R1,3.004,1.027,5.99,4.239,1.106,12.362
2026-09-13 22:15:00,R2,2.478,1.102,4.474,3.966,0.969,10.51
2026-09-13 22:30:00,R1,2.962,1.234,5.66,4.131,0.909,11.935
2026-09-13 22:30:00,R2,2.639,0.951,4.459,3.76,0.97,10.14
2026-09-13 22:45:00,R1,3.252,1.114,5.098,4.064,0.814,11.091
2026-09-13 22:45:00,R2,2.793,1.095,4.864,3.962,0.961,10.883
2026-09-13 23:00:00,R1,2.947,1.324,5.153,4.303,0.938,11.718
2026-09-13 23:00:00,R2,2.327,1.316,4.325,3.589,0.776,10.006
2026-09-13 23:15:00,R1,3.057,1.069,5.633,4.582,0.986,12.271
2026-09-13 23:15:00,R2,2.708,1.125,4.384,3.789,0.834,10.132
2026-09-13 23:30:00,R1,2.993,1.046,4.903,3.87,1.054,10.874
2026-09-13 23:30:00,R2,2.7,1.099,4.103,4.303,0.866,10.372
2026-09-13 23:45:00,R1,2.528,1.004,5.127,4.347,0.935,11.412
2026-09-13 23:45:00,R2,2.685,1.031,4.487,4.205,0.863,10.585
2026-09-14 00:00:00,R1,3.135,1.321,5.323,4.458,0.887,11.989
2026-09-14 00:00:00,R2,2.678,0.888,4.17,3.657,0.805,9.52
2026-09-14 00:15:00,R1,2.871,1.042,4.617,4.151,0.925,10.735
2026-09-14 00:15:00,R2,2.511,1.026,4.932,3.875,0.961,10.794
2026-09-14 00:30:00,R1,3.048,1.322,5.219,4.573,1.0,12.114
2026-09-14 00:30:00,R2,2.631,1.038,4.142,3.94,0.955,10.075
2026-09-14 00:45:00,R1,3.289,1.319,5.202,3.953,0.804,11.279
2026-09-14 00:45:00,R2,2.581,1.014,4.184,3.758,0.833,9.788
2026-09-14 01:00:00,R1,2.675,0.963,5.26,4.444,0.925,11.592
2026-09-14 01:00:00,R2,2.426,0.765,4.555,3.998,0.904,10.222
2026-09-14 01:15:00,R1,2.936,1.122,4.781,4.153,1.056,11.113
2026-09-14 01:15:00,R2,2.573,0.936,4.791,4.001,0.904,10.632
2026-09-14 01:30:00,R1,3.0,1.079,5.369,4.407,1.009,11.866
2026-09-14 01:30:00,R2,2.519,0.978,4.29,3.943,0.964,10.175
2026-09-14 01:45:00,R1,3.187,1.165,4.894,4.16,0.943,11.162
2026-09-14 01:45:00,R2,2.591,0.952,4.252,3.685,1.018,9.907
2026-09-14 02:00:00,R1,3.032,1.12,5.278,4.022,0.992,11.413
2026-09-14 02:00:00,R2,2.583,1.061,5.075,4.147,0.798,11.081
2026-09-14 02:15:00,R1,2.856,1.202,5.586,4.598,0.868,12.254
2026-09-14 02:15:00,R2,2.875,0.927,4.501,3.822,0.965,10.216
2026-09-14 02:30:00,R1,3.018,1.244,5.309,4.45,1.021,12.024
2026-09-14 02:30:00,R2,2.449,1.15,4.473,3.756,0.811,10.191
2026-09-14 02:45:00,R1,3.143,1.049,5.558,4.566,0.946,12.118
2026-09-14 02:45:00,R2,2.674,0.749,5.112,3.747,0.752,10.36
2026-09-14 03:00:00,R1,2.864,1.067,4.374,4.212,0.897,10.55
2026-09-14 03:00:00,R2,2.772,1.088,5.16,3.461,0.911,10.619
2026-09-14 03:15:00,R1,2.974,1.188,4.905,4.456,1.036,11.586
2026-09-14 03:15:00,R2,2.554,1.226,4.237,3.905,0.929,10.297
2026-09-14 03:30:00,R1,2.87,1.218,5.36,4.361,1.054,11.993
2026-09-14 03:30:00,R2,2.386,1.246,4.342,3.992,0.882,10.462
2026-09-14 03:45:00,R1,3.046,1.023,5.289,4.583,0.986,11.881
2026-09-14 03:45:00,R2,2.625,0.821,4.699,3.686,0.986,10.192
2026-09-14 04:00:00,R1,2.801,1.242,5.139,4.635,0.868,11.885
2026-09-14 04:00:00,R2,2.211,1.371,4.79,3.564,0.937,10.662
2026-09-14 04:15:00,R1,2.884,1.292,5.717,4.057,0.917,11.983
2026-09-14 04:15:00,R2,2.8,1.071,4.519,3.513,0.867,9.969
2026-09-14 04:30:00,R1,2.92,1.422,5.192,4.872,0.985,12.471
2026-09-14 04:30:00,R2,2.548,0.919,4.486,4.053,0.925,10.382
2026-09-14 04:45:00,R1,2.926,1.354,5.593,4.452,0.938,12.337
2026-09-14 04:45:00,R2,2.516,0.959,4.747,3.352,0.956,10.013
2026-09-14 05:00:00,R1,3.038,1.033,5.32,4.359,1.02,11.732
2026-09-14 05:00:00,R2,2.793,0.939,4.947,3.935,1.015,10.836
2026-09-14 05:15:00,R1,3.006,1.042,4.854,4.597,0.853,11.346
2026-09-14 05:15:00,R2,2.502,1.028,4.239,3.917,0.954,10.139
2026-09-14 05:30:00,R1,3.106,1.058,5.066,3.983,1.025,11.132
2026-09-14 05:30:00,R2,2.753,1.017,4.689,3.948,0.914,10.567
2026-09-14 05:45:00,R1,3.143,1.2,5.651,3.771,0.733,11.354
2026-09-14 05:45:00,R2,2.802,1.12,4.705,3.923,0.837,10.586
2026-09-14 06:00:00,R1,3.314,1.018,5.131,3.965,1.024,11.138
2026-09-14 06:00:00,R2,3.007,0.949,4.865,3.874,0.994,10.682
2026-09-14 06:15:00,R1,2.964,1.005,5.2,4.436,1.057,11.698
2026-09-14 06:15:00,R2,2.543,1.124,4.172,3.56,0.838,9.694
2026-09-14 06:30:00,R1,3.175,1.242,5.159,3.856,1.134,11.391
2026-09-14 06:30:00,R2,2.536,1.032,4.529,3.435,1.006,10.001
2026-09-14 06:45:00,R1,2.729,1.08,5.567,4.433,0.972,12.052
2026-09-14 06:45:00,R2,2.362,1.164,4.388,3.943,1.028,10.523
2026-09-14 07:00:00,R1,3.197,1.185,5.065,4.064,0.901,11.216
2026-09-14 07:00:00,R2,2.811,0.996,4.326,3.956,0.815,10.093
2026-09-14 07:15:00,R1,3.368,1.068,5.195,4.201,0.959,11.423
2026-09-14 07:15:00,R2,2.641,1.115,4.953,3.915,1.067,11.049
2026-09-14 07:30:00,R1,3.363,1.277,5.583,4.271,0.951,12.082
2026-09-14 07:30:00,R2,2.526,1.016,4.414,3.818,0.895,10.143
2026-09-14 07:45:00,R1,2.717,1.25,5.687,4.534,1.083,12.554
2026-09-14 07:45:00,R2,2.577,0.961,4.204,3.498,0.998,9.661
2026-09-14 08:00:00,R1,2.742,1.211,5.154,4.161,1.007,11.533
2026-09-14 08:00:00,R2,3.036,0.998,4.85,3.547,0.901,10.296
2026-09-14 08:15:00,R1,3.299,1.216,5.045,4.562,0.985,11.808
2026-09-14 08:15:00,R2,2.593,0.971,5.072,3.739,0.946,10.728
2026-09-14 08:30:00,R1,2.763,1.087,6.063,4.377,0.88,12.406
2026-09-14 08:30:00,R2,2.595,1.089,4.929,3.689,0.87,10.577
2026-09-14 08:45:00,R1,3.104,1.234,4.357,4.435,0.987,11.012
2026-09-14 08:45:00,R2,2.723,0.995,4.643,3.379,0.903,9.92
2026-09-14 09:00:00,R1,3.394,1.041,4.813,4.357,0.923,11.134
2026-09-14 09:00:00,R2,2.825,1.106,4.403,3.695,0.7,9.905
2026-09-14 09:15:00,R1,3.149,1.121,5.108,4.062,0.932,11.224
2026-09-14 09:15:00,R2,2.385,0.876,4.756,3.668,0.894,10.193
2026-09-14 09:30:00,R1,3.036,1.31,5.225,4.186,0.924,11.645
2026-09-14 09:30:00,R2,2.548,0.966,4.22,3.276,0.888,9.35
2026-09-14 09:45:00,R1,3.358,0.995,5.758,4.193,0.896,11.841
2026-09-14 09:45:00,R2,2.457,1.079,4.468,3.654,0.847,10.048
2026-09-14 10:00:00,R1,2.75,1.028,5.269,4.296,1.13,11.723
2026-09-14 10:00:00,R2,2.392,1.192,4.565,3.704,0.921,10.382
2026-09-14 10:15:00,R1,2.949,1.163,4.977,4.024,0.875,11.039
2026-09-14 10:15:00,R2,2.586,1.048,4.312,3.989,0.867,10.217
2026-09-14 10:30:00,R1,2.802,0.968,5.444,4.625,0.897,11.935
2026-09-14 10:30:00,R2,2.776,1.051,4.407,3.653,0.944,10.056
2026-09-14 10:45:00,R1,2.789,1.095,5.336,4.715,0.93,12.077
2026-09-14 10:45:00,R2,2.937,0.892,4.274,4.157,0.973,10.296
2026-09-14 11:00:00,R1,3.032,1.14,5.209,3.933,0.932,11.214
2026-09-14 11:00:00,R2,2.586,1.002,4.627,4.144,0.917,10.69
2026-09-14 11:15:00,R1,3.002,1.287,5.214,4.041,0.998,11.541
2026-09-14 11:15:00,R2,2.756,1.031,4.804,3.684,0.794,10.314
2026-09-14 11:30:00,R1,2.921,1.006,4.949,4.483,0.863,11.302
2026-09-14 11:30:00,R2,2.452,1.216,4.265,3.817,0.822,10.12
2026-09-14 11:45:00,R1,3.384,1.128,5.181,4.38,0.876,11.565
2026-09-14 11:45:00,R2,2.502,1.135,4.942,4.024,0.956,11.057
2026-09-14 12:00:00,R1,2.607,1.142,5.53,4.258,0.993,11.922
2026-09-14 12:00:00,R2,2.703,1.175,4.85,4.096,0.895,11.015
2026-09-14 12:15:00,R1,3.114,0.978,5.516,4.346,0.872,11.712
2026-09-14 12:15:00,R2,2.674,0.969,4.752,3.824,0.924,10.469
2026-09-14 12:30:00,R1,2.887,1.144,5.174,4.342,0.924,11.585
2026-09-14 12:30:00,R2,2.351,1.182,5.012,3.897,0.91,11.001
2026-09-14 12:45:00,R1,2.873,1.209,5.076,4.357,0.901,11.543
2026-09-14 12:45:00,R2,2.905,0.897,4.202,3.295,0.699,9.093
2026-09-14 13:00:00,R1,3.166,1.219,5.339,4.319,1.05,11.927
2026-09-14 13:00:00,R2,2.656,1.048,4.132,3.858,0.894,9.932
2026-09-14 13:15:00,R1,2.885,1.231,5.365,3.971,0.946,11.512
2026-09-14 13:15:00,R2,2.716,0.93,4.683,3.851,1.015,10.479
2026-09-14 13:30:00,R1,3.144,1.152,5.521,4.384,0.919,11.976
2026-09-14 13:30:00,R2,2.628,0.88,4.69,3.737,0.941,10.249
2026-09-14 13:45:00,R1,2.855,1.173,5.292,4.114,0.994,11.573
2026-09-14 13:45:00,R2,2.042,1.012,4.511,3.985,0.955,10.462
2026-09-14 14:00:00,R1,3.158,1.124,5.071,4.223,0.945,11.363
2026-09-14 14:00:00,R2,2.522,1.171,4.08,3.664,0.845,9.76
2026-09-14 14:15:00,R1,3.145,1.062,5.058,4.26,0.896,11.276
2026-09-14 14:15:00,R2,2.615,1.081,4.45,3.869,0.929,10.329
2026-09-14 14:30:00,R1,3.006,1.148,5.131,3.921,0.958,11.157
2026-09-14 14:30:00,R2,2.853,1.025,4.007,3.995,0.797,9.825
2026-09-14 14:45:00,R1,2.959,1.264,4.782,4.319,0.758,11.122
2026-09-14 14:45:00,R2,2.556,1.034,3.989,4.061,0.924,10.008
2026-09-14 15:00:00,R1,2.948,1.248,4.98,4.314,0.825,11.368
2026-09-14 15:00:00,R2,2.901,1.165,4.427,3.433,0.992,10.016
2026-09-14 15:15:00,R1,2.903,1.06,5.127,4.606,1.006,11.799
2026-09-14 15:15:00,R2,2.559,1.076,4.144,3.968,0.862,10.05
2026-09-14 15:30:00,R1,3.008,1.194,4.965,4.507,0.922,11.587
2026-09-14 15:30:00,R2,2.745,1.075,4.549,3.684,0.841,10.15
2026-09-14 15:45:00,R1,2.576,1.201,5.18,4.199,0.783,11.362
2026-09-14 15:45:00,R2,2.872,1.237,4.925,3.714,0.869,10.745
2026-09-14 16:00:00,R1,3.195,1.16,5.47,4.155,0.879,11.664
2026-09-14 16:00:00,R2,2.681,1.253,4.517,3.969,0.813,10.552
2026-09-14 16:15:00,R1,2.841,1.033,4.774,4.046,0.853,10.706
2026-09-14 16:15:00,R2,2.656,1.098,5.133,4.161,0.782,11.174
2026-09-14 16:30:00,R1,3.176,1.196,5.435,4.222,0.992,11.845
2026-09-14 16:30:00,R2,2.77,1.115,4.807,3.622,0.92,10.463
2026-09-14 16:45:00,R1,2.81,1.307,5.351,4.161,1.002,11.821
2026-09-14 16:45:00,R2,2.462,1.134,4.423,3.687,0.952,10.197
2026-09-14 17:00:00,R1,3.248,1.193,5.052,4.117,1.066,11.428
2026-09-14 17:00:00,R2,2.933,0.955,4.261,3.462,0.873,9.55
2026-09-14 17:15:00,R1,3.135,1.338,5.103,3.909,1.181,11.531
2026-09-14 17:15:00,R2,2.678,1.086,4.176,3.697,0.864,9.824
2026-09-14 17:30:00,R1,3.17,1.257,5.365,4.449,0.945,12.016
2026-09-14 17:30:00,R2,2.59,0.955,4.641,4.131,0.765,10.491
2026-09-14 17:45:00,R1,3.009,1.173,5.226,4.451,0.961,11.811
2026-09-14 17:45:00,R2,2.622,1.358,4.007,3.932,0.895,10.192
2026-09-14 18:00:00,R1,2.73,1.094,5.419,4.399,0.805,11.717
2026-09-14 18:00:00,R2,3.016,0.876,4.471,4.013,0.836,10.196
2026-09-14 18:15:00,R1,3.277,1.136,5.254,4.387,0.897,11.673
2026-09-14 18:15:00,R2,2.672,1.09,4.249,3.404,0.936,9.679
2026-09-14 18:30:00,R1,3.087,1.07,4.924,4.477,0.952,11.424
2026-09-14 18:30:00,R2,2.588,0.996,4.502,3.55,0.998,10.046
2026-09-14 18:45:00,R1,2.829,1.145,5.057,4.026,0.948,11.176
2026-09-14 18:45:00,R2,2.733,0.966,4.653,3.69,0.906,10.215
2026-09-14 19:00:00,R1,3.123,1.222,5.512,4.415,0.869,12.018
2026-09-14 19:00:00,R2,2.837,0.967,4.657,4.147,1.033,10.803
2026-09-14 19:15:00,R1,3.118,1.246,5.451,4.029,0.968,11.694
2026-09-14 19:15:00,R2,2.505,1.177,4.272,3.745,0.975,10.169
2026-09-14 19:30:00,R1,2.747,1.167,5.315,4.059,0.838,11.378
2026-09-14 19:30:00,R2,2.452,0.904,4.712,4.125,0.914,10.656
2026-09-14 19:45:00,R1,2.838,1.013,5.313,4.412,0.859,11.597
2026-09-14 19:45:00,R2,2.22,1.044,4.094,3.782,1.015,9.935
2026-09-14 20:00:00,R1,2.741,1.163,4.858,3.994,0.952,10.968
2026-09-14 20:00:00,R2,2.81,1.118,4.744,3.365,0.919,10.146
2026-09-14 20:15:00,R1,3.396,1.109,4.868,4.29,1.071,11.339
2026-09-14 20:15:00,R2,2.812,1.003,4.553,3.562,0.972,10.091
2026-09-14 20:30:00,R1,3.095,1.171,5.021,4.269,0.864,11.325
2026-09-14 20:30:00,R2,2.54,1.046,4.427,3.952,0.695,10.12
2026-09-14 20:45:00,R1,3.051,1.14,4.879,3.864,1.072,10.956
2026-09-14 20:45:00,R2,2.581,0.915,5.042,4.22,0.87,11.047
2026-09-14 21:00:00,R1,3.053,1.249,5.453,4.343,1.018,12.062
2026-09-14 21:00:00,R2,2.648,0.945,3.849,3.969,0.854,9.617
2026-09-14 21:15:00,R1,2.778,1.09,5.375,4.496,0.976,11.937
2026-09-14 21:15:00,R2,2.678,1.105,4.241,3.802,0.69,9.838
2026-09-14 21:30:00,R1,3.462,1.194,5.319,4.181,0.868,11.561
2026-09-14 21:30:00,R2,2.614,1.162,4.331,3.59,0.905,9.988
2026-09-14 21:45:00,R1,2.991,1.105,5.489,4.627,0.916,12.136
2026-09-14 21:45:00,R2,2.651,1.051,4.525,3.721,0.997,10.294
2026-09-14 22:00:00,R1,3.384,1.106,4.402,4.396,1.072,10.975
2026-09-14 22:00:00,R2,3.051,1.019,4.685,3.942,0.918,10.563
2026-09-14 22:15:00,R1,3.115,1.127,5.338,4.758,0.955,12.179
2026-09-14 22:15:00,R2,2.698,0.974,4.346,3.666,0.747,9.732
2026-09-14 22:30:00,R1,3.351,1.235,5.388,4.611,1.011,12.244
2026-09-14 22:30:00,R2,2.753,1.004,4.785,3.586,0.948,10.322
2026-09-14 22:45:00,R1,3.108,1.261,5.119,4.725,1.01,12.114
2026-09-14 22:45:00,R2,2.941,1.081,4.083,4.49,0.822,10.476
2026-09-14 23:00:00,R1,2.829,1.316,5.103,4.252,0.876,11.546
2026-09-14 23:00:00,R2,2.625,1.045,4.753,3.589,0.949,10.336
2026-09-14 23:15:00,R1,3.238,1.165,4.422,4.865,0.944,11.396
2026-09-14 23:15:00,R2,2.703,1.006,4.587,3.774,0.943,10.31
2026-09-14 23:30:00,R1,2.705,1.253,5.392,4.412,0.893,11.95
2026-09-14 23:30:00,R2,2.365,1.095,3.897,4.063,0.951,10.006
2026-09-14 23:45:00,R1,2.877,0.992,5.021,4.372,0.814,11.198
2026-09-14 23:45:00,R2,2.433,1.2,4.357,3.642,0.849,10.047
2026-09-15 00:00:00,R1,3.01,1.196,5.229,4.137,1.078,11.64
2026-09-15 00:00:00,R2,2.539,1.143,4.365,3.659,0.993,10.161
2026-09-15 00:15:00,R1,3.151,1.249,4.907,4.75,0.994,11.9
2026-09-15 00:15:00,R2,2.684,1.016,4.932,3.534,0.819,10.301
2026-09-15 00:30:00,R1,2.936,1.106,5.192,3.909,1.051,11.258
2026-09-15 00:30:00,R2,2.32,0.911,4.566,3.712,1.057,10.246
2026-09-15 00:45:00,R1,2.913,1.104,5.63,3.995,1.01,11.738
2026-09-15 00:45:00,R2,2.649,1.003,4.517,3.543,0.89,9.953
2026-09-15 01:00:00,R1,2.639,0.925,5.476,4.224,0.914,11.538
2026-09-15 01:00:00,R2,2.751,1.15,4.219,3.447,1.009,9.825
2026-09-15 01:15:00,R1,2.96,1.09,5.005,4.18,0.991,11.267
2026-09-15 01:15:00,R2,2.572,1.148,4.761,4.035,0.956,10.9
2026-09-15 01:30:00,R1,2.795,1.081,5.764,4.475,0.946,12.266
2026-09-15 01:30:00,R2,2.743,0.826,4.158,4.02,0.986,9.99
2026-09-15 01:45:00,R1,3.15,1.298,5.468,4.38,1.091,12.237
2026-09-15 01:45:00,R2,2.618,0.99,4.756,3.44,0.944,10.13
2026-09-15 02:00:00,R1,3.079,1.15,5.277,4.747,1.098,12.272
2026-09-15 02:00:00,R2,2.796,1.161,4.201,4.093,0.956,10.411
2026-09-15 02:15:00,R1,2.987,0.984,5.266,4.675,0.931,11.856
2026-09-15 02:15:00,R2,3.022,1.096,4.324,3.605,0.816,9.84
2026-09-15 02:30:00,R1,3.228,1.219,5.218,4.311,0.956,11.703
2026-09-15 02:30:00,R2,2.211,1.034,4.679,3.794,0.852,10.359
2026-09-15 02:45:00,R1,2.669,1.232,5.165,4.504,1.026,11.927
2026-09-15 02:45:00,R2,2.753,0.949,4.55,3.869,0.813,10.182
2026-09-15 03:00:00,R1,2.76,1.109,5.043,4.516,1.052,11.719
2026-09-15 03:00:00,R2,2.652,1.115,4.596,3.875,0.806,10.392
2026-09-15 03:15:00,R1,3.218,1.155,5.256,4.019,0.972,11.403
2026-09-15 03:15:00,R2,2.549,1.034,4.546,4.144,0.852,10.576
2026-09-15 03:30:00,R1,3.325,1.066,5.154,4.285,0.872,11.376
2026-09-15 03:30:00,R2,2.454,1.003,4.671,4.252,0.959,10.886
2026-09-15 03:45:00,R1,2.762,0.914,4.713,4.516,1.037,11.18
2026-09-15 03:45:00,R2,2.51,1.071,4.527,3.465,0.816,9.878
2026-09-15 04:00:00,R1,3.148,1.22,5.325,4.348,1.031,11.924
2026-09-15 04:00:00,R2,2.931,1.067,4.464,3.727,0.871,10.129
2026-09-15 04:15:00,R1,3.026,1.21,5.184,4.383,0.904,11.682
2026-09-15 04:15:00,R2,2.309,1.224,4.475,3.824,0.845,10.368
2026-09-15 04:30:00,R1,3.208,1.199,4.684,3.772,0.931,10.587
2026-09-15 04:30:00,R2,2.702,0.959,4.81,4.351,0.942,11.062
2026-09-15 04:45:00,R1,2.997,1.167,4.91,4.424,0.849,11.35
2026-09-15 04:45:00,R2,2.585,1.071,4.331,3.758,0.913,10.074
2026-09-15 05:00:00,R1,2.897,1.095,4.93,4.724,1.014,11.763
2026-09-15 05:00:00,R2,2.739,0.909,4.524,3.707,0.94,10.08
2026-09-15 05:15:00,R1,3.022,1.085,5.246,4.617,0.989,11.937
2026-09-15 05:15:00,R2,2.569,0.92,4.255,4.134,0.859,10.169
2026-09-15 05:30:00,R1,2.979,1.192,5.2,4.147,0.898,11.436
2026-09-15 05:30:00,R2,2.592,1.005,4.032,4.318,0.877,10.232
2026-09-15 05:45:00,R1,3.338,1.118,5.087,4.243,1.048,11.496
2026-09-15 05:45:00,R2,2.304,1.087,4.123,3.713,1.0,9.923
2026-09-15 06:00:00,R1,3.371,1.206,5.188,4.462,0.937,11.792
2026-09-15 06:00:00,R2,2.659,1.033,4.719,3.742,0.933,10.427
2026-09-15 06:15:00,R1,2.805,1.308,5.26,4.016,0.92,11.504
2026-09-15 06:15:00,R2,2.791,1.027,4.9,3.907,0.999,10.833
2026-09-15 06:30:00,R1,2.611,1.338,4.77,4.268,0.907,11.283
2026-09-15 06:30:00,R2,2.627,1.17,4.51,4.339,0.85,10.868
2026-09-15 06:45:00,R1,3.056,1.087,4.503,4.214,0.868,10.671
2026-09-15 06:45:00,R2,2.551,1.166,4.622,3.468,0.883,10.139
2026-09-15 07:00:00,R1,3.322,1.238,5.23,4.002,0.807,11.277
2026-09-15 07:00:00,R2,3.039,1.049,4.38,3.825,1.006,10.259
2026-09-15 07:15:00,R1,2.953,0.995,5.208,4.341,0.913,11.456
2026-09-15 07:15:00,R2,2.638,1.037,5.043,3.712,0.731,10.523
2026-09-15 07:30:00,R1,3.008,1.123,5.476,4.058,1.098,11.755
2026-09-15 07:30:00,R2,2.549,0.932,4.883,3.919,0.791,10.526
2026-09-15 07:45:00,R1,2.964,1.353,5.316,3.966,0.848,11.482
2026-09-15 07:45:00,R2,2.757,1.154,4.718,3.703,0.939,10.514
2026-09-15 08:00:00,R1,3.03,1.204,5.03,4.343,0.87,11.447
2026-09-15 08:00:00,R2,2.524,1.109,4.692,4.158,1.025,10.984
2026-09-15 08:15:00,R1,2.985,1.15,5.182,4.193,0.829,11.354
2026-09-15 08:15:00,R2,2.822,1.09,4.132,3.97,0.789,9.98
2026-09-15 08:30:00,R1,3.06,1.259,5.346,4.462,1.011,12.08
2026-09-15 08:30:00,R2,2.342,0.939,4.643,3.856,0.823,10.261
2026-09-15 08:45:00,R1,3.089,1.012,5.296,4.353,0.975,11.636
2026-09-15 08:45:00,R2,2.502,1.025,4.794,3.611,0.888,10.318
2026-09-15 09:00:00,R1,2.844,1.434,5.681,4.887,0.999,13.002
2026-09-15 09:00:00,R2,2.539,0.926,4.895,3.91,0.894,10.625
2026-09-15 09:15:00,R1,2.88,1.225,5.339,4.314,0.859,11.737
2026-09-15 09:15:00,R2,2.768,1.017,4.18,3.549,0.989,9.736
2026-09-15 09:30:00,R1,3.08,1.033,4.962,4.001,0.976,10.971
2026-09-15 09:30:00,R2,2.65,1.059,4.569,3.86,1.016,10.504
2026-09-15 09:45:00,R1,2.806,1.225,5.248,4.265,0.913,11.651
2026-09-15 09:45:00,R2,2.92,0.923,4.573,4.107,0.851,10.455
2026-09-15 10:00:00,R1,2.921,1.155,5.216,4.267,1.038,11.676
2026-09-15 10:00:00,R2,2.684,1.109,4.468,4.176,0.893,10.647
2026-09-15 10:15:00,R1,3.256,1.056,5.389,4.123,0.858,11.426
2026-09-15 10:15:00,R2,2.554,0.978,4.631,3.599,0.864,10.072
2026-09-15 10:30:00,R1,3.017,1.243,5.337,4.113,0.955,11.649
2026-09-15 10:30:00,R2,2.677,1.141,4.488,3.322,0.881,9.832
2026-09-15 10:45:00,R1,3.164,1.246,5.095,4.308,1.048,11.697
2026-09-15 10:45:00,R2,2.53,1.192,4.6,4.149,0.803,10.745
2026-09-15 11:00:00,R1,3.084,1.064,5.205,4.137,0.852,11.259
2026-09-15 11:00:00,R2,2.772,1.081,3.775,3.659,0.927,9.442
2026-09-15 11:15:00,R1,2.733,1.142,5.643,4.069,1.057,11.911
2026-09-15 11:15:00,R2,2.985,1.15,4.528,3.576,0.837,10.091
2026-09-15 11:30:00,R1,2.95,0.979,5.413,4.392,1.005,11.789
2026-09-15 11:30:00,R2,2.835,1.127,4.375,4.034,0.878,10.414
2026-09-15 11:45:00,R1,2.604,1.182,5.448,4.466,1.041,12.136
2026-09-15 11:45:00,R2,2.464,0.976,4.38,4.31,0.901,10.567
2026-09-15 12:00:00,R1,2.734,1.048,5.031,4.431,0.917,11.427
2026-09-15 12:00:00,R2,2.479,1.215,4.782,3.633,0.931,10.56
2026-09-15 12:15:00,R1,3.042,1.135,5.601,4.216,0.931,11.883
2026-09-15 12:15:00,R2,2.609,1.138,4.879,3.907,0.864,10.788
2026-09-15 12:30:00,R1,3.066,1.01,6.026,3.988,1.035,12.06
2026-09-15 12:30:00,R2,2.623,1.055,4.577,3.779,0.915,10.326
2026-09-15 12:45:00,R1,3.047,1.136,5.391,4.35,0.861,11.737
2026-09-15 12:45:00,R2,2.741,0.949,5.003,4.159,0.823,10.934
2026-09-15 13:00:00,R1,2.699,1.059,4.919,4.143,0.952,11.073
2026-09-15 13:00:00,R2,2.369,1.025,4.608,3.983,0.895,10.511
2026-09-15 13:15:00,R1,2.871,1.083,5.58,4.534,0.839,12.036
2026-09-15 13:15:00,R2,2.551,1.037,4.301,4.367,0.894,10.598
2026-09-15 13:30:00,R1,3.309,1.111,5.225,4.713,0.814,11.863
2026-09-15 13:30:00,R2,2.577,1.113,4.151,4.278,0.834,10.375
2026-09-15 13:45:00,R1,2.975,1.058,5.349,4.401,1.048,11.856
2026-09-15 13:45:00,R2,2.56,1.07,4.147,3.947,0.892,10.056
2026-09-15 14:00:00,R1,3.447,1.172,5.097,4.66,0.884,11.813
2026-09-15 14:00:00,R2,2.477,1.037,4.418,3.979,0.81,10.244
2026-09-15 14:15:00,R1,2.971,1.263,4.907,4.147,0.989,11.305
2026-09-15 14:15:00,R2,2.575,1.013,4.573,3.652,0.765,10.003
2026-09-15 14:30:00,R1,2.739,1.239,5.547,4.135,0.976,11.897
2026-09-15 14:30:00,R2,2.377,0.961,4.522,3.833,1.012,10.328
2026-09-15 14:45:00,R1,2.899,1.253,5.226,4.764,0.887,12.13
2026-09-15 14:45:00,R2,2.49,1.009,4.505,4.316,0.778,10.608
2026-09-15 15:00:00,R1,3.053,1.254,5.299,3.961,0.829,11.343
2026-09-15 15:00:00,R2,2.733,1.029,4.709,3.398,1.052,10.187
2026-09-15 15:15:00,R1,3.048,1.198,5.102,4.337,0.866,11.503
2026-09-15 15:15:00,R2,2.504,1.215,4.72,3.653,1.024,10.612
2026-09-15 15:30:00,R1,3.135,1.222,5.419,4.204,0.985,11.831
2026-09-15 15:30:00,R2,2.215,1.083,4.738,3.868,1.027,10.716
2026-09-15 15:45:00,R1,3.319,1.249,5.415,4.168,0.934,11.766
2026-09-15 15:45:00,R2,2.706,1.169,4.501,3.691,0.938,10.299
2026-09-15 16:00:00,R1,3.075,1.076,5.073,3.912,0.992,11.053
2026-09-15 16:00:00,R2,3.036,0.847,4.815,3.168,0.838,9.667
2026-09-15 16:15:00,R1,2.875,1.129,5.022,4.333,0.981,11.465
2026-09-15 16:15:00,R2,2.923,0.775,4.601,3.792,0.856,10.025
2026-09-15 16:30:00,R1,3.014,0.978,5.359,4.468,1.015,11.82
2026-09-15 16:30:00,R2,2.542,1.068,4.154,3.743,0.974,9.939
2026-09-15 16:45:00,R1,3.023,1.03,5.534,3.748,0.96,11.273
2026-09-15 16:45:00,R2,2.498,1.019,4.649,3.765,0.957,10.39
2026-09-15 17:00:00,R1,3.155,1.137,5.524,3.848,1.044,11.553
2026-09-15 17:00:00,R2,2.729,1.177,4.596,3.953,0.893,10.618
2026-09-15 17:15:00,R1,3.227,1.249,5.604,4.33,0.848,12.032
2026-09-15 17:15:00,R2,2.637,1.177,4.646,3.808,0.835,10.466
2026-09-15 17:30:00,R1,3.015,1.072,5.492,4.297,0.936,11.797
2026-09-15 17:30:00,R2,2.896,0.958,4.556,3.808,0.903,10.225
2026-09-15 17:45:00,R1,3.087,1.098,4.986,4.004,0.926,11.014
2026-09-15 17:45:00,R2,2.384,1.105,4.242,3.413,0.861,9.621
2026-09-15 18:00:00,R1,4.888,1.245,4.872,4.357,0.925,11.399
2026-09-15 18:00:00,R2,4.163,1.227,4.738,3.872,0.896,10.733
2026-09-15 18:15:00,R1,4.693,1.215,5.238,5.051,0.879,12.382
2026-09-15 18:15:00,R2,4.131,1.117,5.214,3.938,0.805,11.073
2026-09-15 18:30:00,R1,5.125,1.134,5.249,4.552,0.995,11.93
2026-09-15 18:30:00,R2,3.801,1.084,4.685,3.836,0.847,10.453
2026-09-15 18:45:00,R1,2.957,1.27,5.468,4.077,1.051,11.867
2026-09-15 18:45:00,R2,2.66,0.993,4.658,3.572,0.872,10.095
2026-09-15 19:00:00,R1,2.779,1.173,4.915,4.366,0.835,11.289
2026-09-15 19:00:00,R2,2.765,1.135,4.378,3.704,0.91,10.126
2026-09-15 19:15:00,R1,3.167,0.91,4.831,3.722,0.912,10.375
2026-09-15 19:15:00,R2,2.737,1.149,4.629,3.593,0.875,10.246
2026-09-15 19:30:00,R1,3.2,1.176,5.572,3.988,0.993,11.728
2026-09-15 19:30:00,R2,2.911,0.979,4.304,3.307,0.929,9.519
2026-09-15 19:45:00,R1,2.894,1.103,5.233,4.137,0.94,11.413
2026-09-15 19:45:00,R2,2.415,1.0,4.219,3.639,0.842,9.7
2026-09-15 20:00:00,R1,2.967,1.192,5.529,4.633,1.092,12.446
2026-09-15 20:00:00,R2,2.633,0.904,4.531,3.763,0.851,10.05
2026-09-15 20:15:00,R1,2.689,1.197,5.496,4.051,0.953,11.696
2026-09-15 20:15:00,R2,2.731,1.187,4.653,3.907,0.886,10.633
2026-09-15 20:30:00,R1,2.91,1.13,5.684,4.03,1.007,11.851
2026-09-15 20:30:00,R2,2.93,1.048,4.501,3.492,0.906,9.948
2026-09-15 20:45:00,R1,3.084,1.192,4.81,3.93,1.049,10.981
2026-09-15 20:45:00,R2,2.861,1.11,4.977,3.738,0.91,10.736
2026-09-15 21:00:00,R1,2.773,1.062,5.149,4.212,0.961,11.383
2026-09-15 21:00:00,R2,2.595,1.073,4.202,3.725,0.886,9.886
2026-09-15 21:15:00,R1,2.926,1.066,4.912,4.532,0.894,11.405
2026-09-15 21:15:00,R2,2.512,1.338,5.037,3.691,0.909,10.975
2026-09-15 21:30:00,R1,2.805,1.165,4.732,3.946,0.951,10.794
2026-09-15 21:30:00,R2,2.7,1.118,4.434,3.965,0.781,10.298
2026-09-15 21:45:00,R1,2.741,1.283,5.227,3.791,0.987,11.288
2026-09-15 21:45:00,R2,2.715,1.053,4.848,3.987,1.055,10.944
2026-09-15 22:00:00,R1,3.386,1.074,4.534,4.084,0.896,10.587
2026-09-15 22:00:00,R2,3.043,1.047,4.731,3.476,0.932,10.186
2026-09-15 22:15:00,R1,3.071,1.172,5.06,4.38,0.932,11.544
2026-09-15 22:15:00,R2,2.408,1.256,4.552,3.692,0.853,10.353
2026-09-15 22:30:00,R1,3.182,1.144,4.651,4.929,0.9,11.624
2026-09-15 22:30:00,R2,2.513,1.1,3.816,3.586,0.827,9.328
2026-09-15 22:45:00,R1,3.038,1.069,5.727,4.16,1.043,11.999
2026-09-15 22:45:00,R2,2.465,1.068,4.395,3.737,0.964,10.163
2026-09-15 23:00:00,R1,3.021,1.105,4.537,4.178,1.045,10.864
2026-09-15 23:00:00,R2,2.763,1.27,4.258,3.786,0.92,10.233
2026-09-15 23:15:00,R1,3.037,1.132,5.548,4.397,0.933,12.01
2026-09-15 23:15:00,R2,2.422,0.966,4.34,3.878,0.97,10.155
2026-09-15 23:30:00,R1,2.998,1.202,5.027,3.966,1.002,11.197
2026-09-15 23:30:00,R2,2.717,1.089,4.314,4.037,0.822,10.263
2026-09-15 23:45:00,R1,3.22,1.008,5.401,4.341,0.966,11.716
2026-09-15 23:45:00,R2,2.984,1.179,4.596,3.773,0.975,10.522
2026-09-16 00:00:00,R1,2.981,1.08,4.996,4.44,0.944,11.46
2026-09-16 00:00:00,R2,2.554,1.166,4.128,3.738,0.811,9.843
2026-09-16 00:15:00,R1,3.258,1.145,5.478,4.345,0.922,11.891
2026-09-16 00:15:00,R2,2.617,1.201,4.097,4.252,0.977,10.527
2026-09-16 00:30:00,R1,3.053,1.249,5.022,4.198,0.947,11.416
2026-09-16 00:30:00,R2,2.801,1.09,4.456,3.727,0.867,10.139
2026-09-16 00:45:00,R1,3.058,1.067,5.673,4.197,0.848,11.784
2026-09-16 00:45:00,R2,2.334,1.012,4.313,4.055,1.036,10.416
2026-09-16 01:00:00,R1,2.823,1.141,4.961,3.961,0.979,11.042
2026-09-16 01:00:00,R2,2.752,1.071,4.293,3.405,0.886,9.654
2026-09-16 01:15:00,R1,3.018,0.928,5.782,4.32,1.015,12.045
2026-09-16 01:15:00,R2,2.744,1.064,4.526,3.709,1.021,10.32
2026-09-16 01:30:00,R1,2.766,1.089,5.389,4.097,1.073,11.648
2026-09-16 01:30:00,R2,2.906,1.074,4.587,4.105,0.74,10.507
2026-09-16 01:45:00,R1,3.209,1.025,5.136,4.22,0.987,11.369
2026-09-16 01:45:00,R2,2.6,1.082,4.484,3.944,1.078,10.588
2026-09-16 02:00:00,R1,3.379,0.984,5.035,4.482,0.778,11.279
2026-09-16 02:00:00,R2,2.221,1.048,4.538,3.878,0.883,10.347
2026-09-16 02:15:00,R1,3.005,1.191,5.244,4.244,1.15,11.83
2026-09-16 02:15:00,R2,2.092,0.872,4.295,3.852,0.809,9.828
2026-09-16 02:30:00,R1,2.932,1.16,5.112,4.448,0.918,11.638
2026-09-16 02:30:00,R2,2.422,0.977,4.657,3.626,0.936,10.196
2026-09-16 02:45:00,R1,2.957,1.107,5.163,4.171,1.163,11.605
2026-09-16 02:45:00,R2,2.642,1.005,4.61,3.541,0.928,10.084
2026-09-16 03:00:00,R1,2.499,1.246,5.314,4.381,0.965,11.906
2026-09-16 03:00:00,R2,2.386,1.099,4.381,4.298,0.988,10.766
2026-09-16 03:15:00,R1,3.327,1.085,5.22,4.665,0.845,11.815
2026-09-16 03:15:00,R2,2.928,0.979,3.82,4.101,0.786,9.686
2026-09-16 03:30:00,R1,2.78,1.125,4.826,3.95,0.848,10.749
2026-09-16 03:30:00,R2,2.592,1.12,4.605,3.931,0.925,10.581
2026-09-16 03:45:00,R1,3.045,1.166,5.019,4.56,0.849,11.594
2026-09-16 03:45:00,R2,3.053,0.965,4.257,3.859,0.937,10.018
2026-09-16 04:00:00,R1,2.863,1.123,5.327,3.886,1.026,11.362
2026-09-16 04:00:00,R2,2.572,1.112,4.406,3.746,0.995,10.259
2026-09-16 04:15:00,R1,2.922,0.961,5.408,4.341,0.944,11.653
2026-09-16 04:15:00,R2,2.791,1.298,4.234,3.678,0.953,10.163
2026-09-16 04:30:00,R1,2.546,0.99,5.421,4.324,1.056,11.792
2026-09-16 04:30:00,R2,2.441,1.104,4.886,3.808,0.801,10.599
2026-09-16 04:45:00,R1,2.958,1.174,5.074,4.311,1.019,11.578
2026-09-16 04:45:00,R2,2.891,1.191,4.698,3.669,0.994,10.552
2026-09-16 05:00:00,R1,2.886,1.184,5.364,4.271,0.851,11.67
2026-09-16 05:00:00,R2,2.573,0.964,4.375,3.583,0.999,9.92
2026-09-16 05:15:00,R1,3.051,1.078,4.954,4.646,0.976,11.654
2026-09-16 05:15:00,R2,3.022,1.07,4.503,3.952,0.943,10.467
2026-09-16 05:30:00,R1,2.618,1.086,5.41,4.328,0.945,11.77
2026-09-16 05:30:00,R2,2.627,0.974,4.681,3.651,0.929,10.235
2026-09-16 05:45:00,R1,2.874,1.168,5.114,4.362,0.881,11.524
2026-09-16 05:45:00,R2,2.59,1.049,3.968,3.926,0.895,9.838
2026-09-16 06:00:00,R1,3.185,1.057,5.125,4.185,0.965,11.332
2026-09-16 06:00:00,R2,2.962,1.17,4.739,4.179,0.871,10.959
2026-09-16 06:15:00,R1,2.74,1.087,5.341,4.663,0.854,11.945
2026-09-16 06:15:00,R2,2.68,1.139,4.21,4.104,0.857,10.31
2026-09-16 06:30:00,R1,3.004,1.227,5.121,4.52,1.02,11.888
2026-09-16 06:30:00,R2,2.454,1.277,4.631,3.844,0.807,10.56
2026-09-16 06:45:00,R1,3.121,1.22,5.115,4.505,1.01,11.85
2026-09-16 06:45:00,R2,2.835,0.932,4.657,3.757,0.968,10.314
2026-09-16 07:00:00,R1,2.724,1.084,5.032,4.289,0.891,11.297
2026-09-16 07:00:00,R2,2.489,1.103,4.768,4.115,0.994,10.981
2026-09-16 07:15:00,R1,3.254,1.124,5.434,4.72,0.957,12.235
2026-09-16 07:15:00,R2,2.635,0.869,5.153,3.486,0.967,10.475
2026-09-16 07:30:00,R1,2.832,0.997,5.215,4.176,0.932,11.32
2026-09-16 07:30:00,R2,2.513,1.044,4.534,3.634,0.928,10.14
2026-09-16 07:45:00,R1,3.07,1.196,4.672,4.542,0.798,11.208
2026-09-16 07:45:00,R2,2.316,1.017,4.333,3.958,0.843,10.15
2026-09-16 08:00:00,R1,2.816,1.132,5.071,4.669,0.936,11.807
2026-09-16 08:00:00,R2,2.68,1.154,4.949,3.861,0.852,10.816
2026-09-16 08:15:00,R1,2.696,1.245,5.141,4.472,0.825,11.683
2026-09-16 08:15:00,R2,2.698,1.055,4.82,3.634,0.843,10.353
2026-09-16 08:30:00,R1,3.141,1.118,5.154,4.514,0.848,11.634
2026-09-16 08:30:00,R2,2.755,1.009,4.318,3.91,0.916,10.153
2026-09-16 08:45:00,R1,3.097,1.275,4.728,4.696,1.015,11.713
2026-09-16 08:45:00,R2,2.443,1.121,4.365,3.93,0.962,10.378
2026-09-16 09:00:00,R1,3.023,1.211,5.207,4.575,0.858,11.851
2026-09-16 09:00:00,R2,2.873,1.034,4.78,4.099,0.912,10.825
2026-09-16 09:15:00,R1,3.19,1.101,5.351,4.232,0.899,11.583
2026-09-16 09:15:00,R2,2.76,1.001,4.191,4.075,0.994,10.262
2026-09-16 09:30:00,R1,3.202,1.038,5.218,4.022,0.96,11.239
2026-09-16 09:30:00,R2,2.932,1.204,4.71,3.831,0.826,10.57
2026-09-16 09:45:00,R1,2.92,1.132,5.348,4.369,0.919,11.767
2026-09-16 09:45:00,R2,2.758,1.047,4.654,3.837,0.821,10.358
2026-09-16 10:00:00,R1,2.892,1.181,5.352,4.312,0.999,11.844
2026-09-16 10:00:00,R2,2.316,1.01,4.482,3.826,0.961,10.279
2026-09-16 10:15:00,R1,2.88,1.235,5.201,3.909,1.086,11.43
2026-09-16 10:15:00,R2,2.486,1.158,4.243,3.319,0.893,9.614
2026-09-16 10:30:00,R1,2.843,1.088,5.155,4.405,0.785,11.432
2026-09-16 10:30:00,R2,2.52,0.814,4.381,4.068,1.005,10.268
2026-09-16 10:45:00,R1,2.871,0.915,5.331,4.239,0.934,11.419
2026-09-16 10:45:00,R2,1.923,1.162,4.435,3.766,0.831,10.195
2026-09-16 11:00:00,R1,3.165,1.041,5.21,4.339,0.956,11.546
2026-09-16 11:00:00,R2,2.347,1.211,4.298,3.46,0.957,9.925
2026-09-16 11:15:00,R1,2.743,1.098,5.149,4.412,0.859,11.518
2026-09-16 11:15:00,R2,2.928,1.289,4.365,3.959,0.89,10.503
2026-09-16 11:30:00,R1,2.876,1.351,5.828,3.925,1.018,12.122
2026-09-16 11:30:00,R2,2.655,1.305,4.389,3.502,0.924,10.119
2026-09-16 11:45:00,R1,3.209,1.084,5.007,4.464,0.899,11.453
2026-09-16 11:45:00,R2,2.919,1.111,4.798,4.158,0.85,10.917
2026-09-16 12:00:00,R1,2.992,1.271,5.725,4.38,0.898,12.274
2026-09-16 12:00:00,R2,2.937,0.975,4.643,3.744,0.86,10.222
2026-09-16 12:15:00,R1,3.099,0.984,5.127,4.211,0.946,11.268
2026-09-16 12:15:00,R2,2.717,1.041,4.314,3.557,0.867,9.779
2026-09-16 12:30:00,R1,2.705,1.075,5.67,4.25,1.009,12.003
2026-09-16 12:30:00,R2,2.736,1.17,4.775,3.944,0.844,10.733
2026-09-16 12:45:00,R1,3.092,1.185,5.039,4.726,0.959,11.91
2026-09-16 12:45:00,R2,2.614,1.088,4.091,3.655,0.809,9.643
2026-09-16 13:00:00,R1,2.907,1.255,5.434,4.124,0.94,11.752
2026-09-16 13:00:00,R2,2.862,1.022,4.782,3.789,0.921,10.513
2026-09-16 13:15:00,R1,2.866,1.241,5.071,4.19,0.908,11.411
2026-09-16 13:15:00,R2,2.74,1.001,4.68,4.087,0.788,10.556
2026-09-16 13:30:00,R1,3.181,1.058,5.378,4.14,0.97,11.545
2026-09-16 13:30:00,R2,2.735,1.017,4.539,3.817,0.852,10.224
2026-09-16 13:45:00,R1,3.047,1.061,5.464,4.216,1.159,11.899
2026-09-16 13:45:00,R2,2.568,1.018,4.614,3.596,0.972,10.2
2026-09-16 14:00:00,R1,3.62,1.334,5.306,4.556,1.025,12.22
2026-09-16 14:00:00,R2,2.789,0.954,4.625,4.007,0.719,10.305
2026-09-16 14:15:00,R1,3.204,1.168,5.076,4.653,0.893,11.79
2026-09-16 14:15:00,R2,2.638,0.922,4.478,3.974,0.886,10.258
2026-09-16 14:30:00,R1,2.822,1.291,5.177,4.468,1.084,12.02
2026-09-16 14:30:00,R2,2.749,1.096,4.904,3.708,0.821,10.529
2026-09-16 14:45:00,R1,3.25,1.077,5.356,4.179,0.753,11.365
2026-09-16 14:45:00,R2,2.856,1.085,4.699,3.388,0.799,9.971
2026-09-16 15:00:00,R1,3.24,1.293,5.827,4.447,1.026,12.592
2026-09-16 15:00:00,R2,2.784,0.97,4.192,3.981,0.855,9.998
2026-09-16 15:15:00,R1,3.038,1.052,5.163,4.038,1.034,11.287
2026-09-16 15:15:00,R2,2.868,1.078,4.37,3.917,0.965,10.331
2026-09-16 15:30:00,R1,2.986,1.12,5.436,4.321,1.134,12.011
2026-09-16 15:30:00,R2,2.464,1.194,4.499,3.517,0.823,10.034
2026-09-16 15:45:00,R1,2.881,1.033,5.26,4.186,0.971,11.45
2026-09-16 15:45:00,R2,3.076,1.042,4.361,3.577,1.02,9.999
2026-09-16 16:00:00,R1,2.881,1.259,5.31,4.274,0.864,11.708
2026-09-16 16:00:00,R2,2.643,0.911,4.467,4.152,0.971,10.501
2026-09-16 16:15:00,R1,2.769,1.082,4.857,4.443,1.069,11.451
2026-09-16 16:15:00,R2,2.659,0.995,4.497,3.705,0.866,10.062
2026-09-16 16:30:00,R1,2.89,1.145,4.907,4.18,0.719,10.951
2026-09-16 16:30:00,R2,2.255,1.056,4.776,3.485,0.904,10.221
2026-09-16 16:45:00,R1,3.095,1.252,5.036,4.499,0.919,11.707
2026-09-16 16:45:00,R2,2.699,0.971,4.624,3.832,0.885,10.312
2026-09-16 17:00:00,R1,2.947,1.142,5.366,4.179,0.925,11.612
2026-09-16 17:00:00,R2,2.619,0.991,4.365,3.704,0.919,9.979
2026-09-16 17:15:00,R1,2.949,0.958,5.238,4.395,0.948,11.539
2026-09-16 17:15:00,R2,2.712,1.117,4.607,3.732,0.862,10.318
2026-09-16 17:30:00,R1,3.388,1.281,5.203,3.928,0.942,11.354
2026-09-16 17:30:00,R2,2.254,1.11,4.151,4.056,0.844,10.161
2026-09-16 17:45:00,R1,3.056,1.177,5.017,4.13,1.067,11.392
2026-09-16 17:45:00,R2,2.419,1.032,4.359,3.698,0.884,9.972
2026-09-16 18:00:00,R1,3.196,1.191,5.105,4.53,1.005,11.831
2026-09-16 18:00:00,R2,2.525,1.096,4.733,3.82,0.814,10.463
2026-09-16 18:15:00,R1,2.779,1.13,4.929,4.587,1.002,11.648
2026-09-16 18:15:00,R2,2.97,1.132,4.196,3.656,1.089,10.073
2026-09-16 18:30:00,R1,3.334,1.248,5.086,4.287,0.927,11.547
2026-09-16 18:30:00,R2,2.352,1.148,4.214,3.773,0.868,10.003
2026-09-16 18:45:00,R1,3.173,1.122,5.606,4.549,1.041,12.318
2026-09-16 18:45:00,R2,2.551,1.066,4.254,4.148,0.932,10.4
2026-09-16 19:00:00,R1,3.09,1.169,5.423,4.194,1.038,11.824
2026-09-16 19:00:00,R2,2.709,1.044,4.254,3.729,0.82,9.848
2026-09-16 19:15:00,R1,2.938,1.151,5.154,4.193,1.084,11.581
2026-09-16 19:15:00,R2,2.468,1.089,4.556,3.941,1.03,10.616
2026-09-16 19:30:00,R1,2.857,1.467,5.184,4.251,0.976,11.878
2026-09-16 19:30:00,R2,2.532,1.171,4.89,4.07,0.981,11.112
2026-09-16 19:45:00,R1,2.891,1.122,5.421,3.992,0.869,11.404
2026-09-16 19:45:00,R2,2.728,1.093,3.689,3.92,0.911,9.612
2026-09-16 20:00:00,R1,2.928,1.175,5.616,4.425,0.922,12.138
2026-09-16 20:00:00,R2,2.194,1.124,5.003,3.772,0.988,10.887
2026-09-16 20:15:00,R1,3.264,1.16,4.778,4.038,0.85,10.827
2026-09-16 20:15:00,R2,2.763,0.994,5.088,3.977,0.849,10.908
2026-09-16 20:30:00,R1,2.53,1.022,5.432,4.406,1.026,11.886
2026-09-16 20:30:00,R2,2.352,1.112,4.71,4.167,0.908,10.896
2026-09-16 20:45:00,R1,2.81,1.07,5.216,4.287,0.902,11.474
2026-09-16 20:45:00,R2,2.53,1.011,4.528,3.815,0.884,10.238
2026-09-16 21:00:00,R1,3.2,1.192,5.192,4.336,0.902,11.623
2026-09-16 21:00:00,R2,2.785,1.078,4.847,4.056,0.83,10.811
2026-09-16 21:15:00,R1,2.822,1.266,4.799,4.63,1.046,11.742
2026-09-16 21:15:00,R2,2.443,0.973,4.515,3.788,1.0,10.277
2026-09-16 21:30:00,R1,2.725,1.114,4.637,4.171,0.92,10.841
2026-09-16 21:30:00,R2,2.459,0.931,4.802,3.749,0.899,10.381
2026-09-16 21:45:00,R1,3.258,1.106,5.047,3.867,0.895,10.915
2026-09-16 21:45:00,R2,2.539,1.158,4.498,3.857,0.898,10.41
2026-09-16 22:00:00,R1,3.54,1.223,4.924,4.136,0.951,11.234
2026-09-16 22:00:00,R2,2.7,1.122,4.593,3.423,0.843,9.981
2026-09-16 22:15:00,R1,2.854,1.07,4.996,4.333,0.978,11.378
2026-09-16 22:15:00,R2,2.575,0.942,4.621,3.323,0.808,9.694
2026-09-16 22:30:00,R1,2.561,1.229,5.187,4.375,0.809,11.599
2026-09-16 22:30:00,R2,2.488,0.895,4.244,4.002,0.966,10.108
2026-09-16 22:45:00,R1,2.992,1.226,5.497,4.246,0.958,11.927
2026-09-16 22:45:00,R2,2.617,1.032,4.572,3.839,0.855,10.297
2026-09-16 23:00:00,R1,3.234,1.107,5.373,4.143,1.073,11.697
2026-09-16 23:00:00,R2,2.692,0.937,4.745,3.467,0.831,9.981
2026-09-16 23:15:00,R1,3.023,1.069,5.437,4.009,0.988,11.504
2026-09-16 23:15:00,R2,2.647,1.037,4.715,3.756,0.861,10.369
2026-09-16 23:30:00,R1,3.321,1.335,5.081,4.359,1.083,11.858
2026-09-16 23:30:00,R2,2.76,0.948,4.278,3.967,0.984,10.177
2026-09-16 23:45:00,R1,3.159,1.154,5.511,4.558,1.046,12.268
2026-09-16 23:45:00,R2,2.578,1.093,4.834,3.743,0.927,10.597
2026-09-17 00:00:00,R1,3.197,1.145,5.31,4.125,0.996,11.575
2026-09-17 00:00:00,R2,2.656,0.925,4.012,3.738,0.966,9.641
2026-09-17 00:15:00,R1,2.9,1.145,4.853,4.435,1.119,11.552
2026-09-17 00:15:00,R2,2.572,1.327,4.425,4.044,0.888,10.684
2026-09-17 00:30:00,R1,2.985,1.082,5.042,4.412,1.041,11.577
2026-09-17 00:30:00,R2,2.713,1.023,4.08,4.056,0.903,10.062
2026-09-17 00:45:00,R1,3.051,1.208,5.339,4.572,1.008,12.126
2026-09-17 00:45:00,R2,2.747,1.072,4.487,4.076,0.944,10.578
2026-09-17 01:00:00,R1,3.13,1.19,4.763,4.45,0.995,11.398
2026-09-17 01:00:00,R2,2.769,1.124,4.67,3.788,1.059,10.641
2026-09-17 01:15:00,R1,2.848,1.129,5.407,4.168,0.949,11.653
2026-09-17 01:15:00,R2,2.718,0.965,4.218,3.922,0.793,9.898
2026-09-17 01:30:00,R1,3.301,1.254,5.026,4.707,1.055,12.041
2026-09-17 01:30:00,R2,2.613,1.079,4.235,4.235,0.965,10.515
2026-09-17 01:45:00,R1,3.262,1.08,4.894,4.227,0.867,11.068
2026-09-17 01:45:00,R2,2.572,1.095,4.681,4.447,0.83,11.052
2026-09-17 02:00:00,R1,3.033,1.113,5.4,4.412,0.882,11.808
2026-09-17 02:00:00,R2,2.584,1.042,4.6,3.733,0.84,10.215
2026-09-17 02:15:00,R1,2.985,1.263,4.958,4.207,0.975,11.402
2026-09-17 02:15:00,R2,2.376,0.887,3.991,4.115,0.854,9.847
2026-09-17 02:30:00,R1,3.321,1.117,5.123,4.487,0.926,11.653
2026-09-17 02:30:00,R2,2.519,1.247,4.412,3.625,0.935,10.219
2026-09-17 02:45:00,R1,2.606,1.181,5.385,3.992,0.915,11.473
2026-09-17 02:45:00,R2,2.857,0.996,4.7,4.038,0.974,10.708
2026-09-17 03:00:00,R1,2.94,1.281,5.614,4.335,1.074,12.304
2026-09-17 03:00:00,R2,2.701,1.11,4.992,3.746,0.946,10.795
2026-09-17 03:15:00,R1,3.262,1.117,4.991,4.301,0.966,11.375
2026-09-17 03:15:00,R2,2.913,1.04,4.028,4.24,0.913,10.222
2026-09-17 03:30:00,R1,3.185,1.141,4.883,3.749,0.977,10.75
2026-09-17 03:30:00,R2,2.635,1.009,4.071,3.728,0.986,9.793
2026-09-17 03:45:00,R1,3.094,1.058,5.9,4.489,0.824,12.272
2026-09-17 03:45:00,R2,2.557,1.029,4.196,3.359,0.888,9.471
2026-09-17 04:00:00,R1,2.927,1.184,5.073,4.146,1.012,11.416
2026-09-17 04:00:00,R2,2.663,1.003,4.886,3.547,1.02,10.456
2026-09-17 04:15:00,R1,3.057,1.412,5.212,4.639,1.062,12.325
2026-09-17 04:15:00,R2,2.684,1.306,3.803,3.403,0.941,9.453
2026-09-17 04:30:00,R1,3.385,1.293,4.979,4.564,0.924,11.76
2026-09-17 04:30:00,R2,2.457,0.941,4.412,3.923,0.792,10.068
2026-09-17 04:45:00,R1,2.95,1.138,4.854,4.559,1.075,11.626
2026-09-17 04:45:00,R2,2.712,1.182,4.287,3.862,0.915,10.245
2026-09-17 05:00:00,R1,2.852,1.119,5.61,4.442,1.06,12.231
2026-09-17 05:00:00,R2,2.671,1.0,4.872,3.855,0.778,10.505
2026-09-17 05:15:00,R1,2.857,1.233,5.313,4.62,0.935,12.101
2026-09-17 05:15:00,R2,2.525,1.129,4.408,4.119,0.841,10.497
2026-09-17 05:30:00,R1,3.109,1.122,4.989,4.276,0.922,11.309
2026-09-17 05:30:00,R2,2.37,1.086,5.391,3.846,0.932,11.256
2026-09-17 05:45:00,R1,3.183,1.019,4.937,4.619,0.968,11.543
2026-09-17 05:45:00,R2,2.767,1.276,4.551,3.911,0.922,10.66
2026-09-17 06:00:00,R1,3.358,1.002,5.31,4.213,0.927,11.453
2026-09-17 06:00:00,R2,2.717,1.076,4.423,4.018,0.797,10.315
2026-09-17 06:15:00,R1,2.863,1.267,5.119,3.75,0.867,11.003
2026-09-17 06:15:00,R2,2.818,1.072,4.461,3.255,0.996,9.784
2026-09-17 06:30:00,R1,2.894,1.109,5.802,4.014,1.136,12.061
2026-09-17 06:30:00,R2,2.814,1.012,4.363,3.776,0.992,10.143
2026-09-17 06:45:00,R1,2.681,1.204,5.423,4.406,0.94,11.972
2026-09-17 06:45:00,R2,2.678,1.034,4.444,3.619,0.842,9.94
2026-09-17 07:00:00,R1,2.662,1.218,5.499,4.13,0.994,11.842
2026-09-17 07:00:00,R2,2.701,1.056,4.82,3.968,1.008,10.853
2026-09-17 07:15:00,R1,2.531,1.354,5.172,4.752,0.824,12.101
2026-09-17 07:15:00,R2,2.866,1.088,4.498,3.804,0.744,10.135
2026-09-17 07:30:00,R1,2.647,1.44,5.121,4.506,1.044,12.111
2026-09-17 07:30:00,R2,2.469,1.184,4.86,3.613,0.837,10.494
2026-09-17 07:45:00,R1,3.011,1.189,5.335,3.936,0.919,11.378
2026-09-17 07:45:00,R2,2.909,1.04,4.339,4.026,0.992,10.396
2026-09-17 08:00:00,R1,3.046,1.006,5.307,4.231,0.898,11.441
2026-09-17 08:00:00,R2,2.548,1.031,4.396,3.84,0.928,10.195
2026-09-17 08:15:00,R1,3.206,1.344,5.797,4.255,0.952,12.347
2026-09-17 08:15:00,R2,2.79,1.201,4.674,3.891,0.912,10.678
2026-09-17 08:30:00,R1,2.942,1.25,5.331,4.551,0.948,12.08
2026-09-17 08:30:00,R2,2.439,0.897,4.769,3.896,0.894,10.456
2026-09-17 08:45:00,R1,3.0,1.065,5.106,4.059,1.024,11.254
2026-09-17 08:45:00,R2,2.503,1.053,4.281,3.127,0.886,9.346
2026-09-17 09:00:00,R1,2.977,0.949,5.068,4.124,1.007,11.148
2026-09-17 09:00:00,R2,2.608,1.218,4.51,3.72,1.052,10.499
2026-09-17 09:15:00,R1,2.982,1.256,5.526,4.556,1.086,12.424
2026-09-17 09:15:00,R2,2.588,1.048,4.044,3.881,1.005,9.978
2026-09-17 09:30:00,R1,3.173,1.145,5.212,3.816,0.946,11.118
2026-09-17 09:30:00,R2,3.018,1.071,4.062,3.689,0.916,9.739
2026-09-17 09:45:00,R1,2.951,1.038,5.538,4.204,1.046,11.827
2026-09-17 09:45:00,R2,2.554,1.038,4.344,3.835,0.874,10.091
2026-09-17 10:00:00,R1,2.996,1.095,5.096,4.301,0.923,11.416
2026-09-17 10:00:00,R2,2.574,1.078,4.023,3.442,0.943,9.486
2026-09-17 10:15:00,R1,3.344,1.189,5.275,4.378,0.987,11.828
2026-09-17 10:15:00,R2,2.866,1.017,4.368,4.157,0.946,10.488
2026-09-17 10:30:00,R1,3.05,1.18,5.23,4.177,0.856,11.443
2026-09-17 10:30:00,R2,2.429,1.193,4.29,3.944,0.866,10.293
2026-09-17 10:45:00,R1,3.27,1.225,5.459,3.935,0.908,11.527
2026-09-17 10:45:00,R2,2.594,0.832,5.159,3.908,1.058,10.956
2026-09-17 11:00:00,R1,3.09,1.194,5.539,3.823,1.044,11.601
2026-09-17 11:00:00,R2,2.909,0.995,4.884,3.617,0.836,10.333
2026-09-17 11:15:00,R1,2.863,1.298,5.541,4.063,0.958,11.86
2026-09-17 11:15:00,R2,2.452,0.908,4.438,3.467,0.984,9.798
2026-09-17 11:30:00,R1,3.209,1.043,4.934,4.088,1.01,11.075
2026-09-17 11:30:00,R2,2.851,1.154,4.485,3.853,0.941,10.434
2026-09-17 11:45:00,R1,2.94,0.99,4.751,4.361,0.807,10.91
2026-09-17 11:45:00,R2,2.133,0.904,4.706,3.831,0.894,10.336
2026-09-17 12:00:00,R1,2.991,1.138,5.024,4.271,0.985,11.418
2026-09-17 12:00:00,R2,3.081,0.935,4.28,3.933,0.697,9.845
2026-09-17 12:15:00,R1,3.257,1.075,4.922,4.186,0.989,11.172
2026-09-17 12:15:00,R2,2.399,0.989,5.193,4.218,0.898,11.298
2026-09-17 12:30:00,R1,3.363,1.297,5.177,4.606,1.105,12.186
2026-09-17 12:30:00,R2,2.242,1.06,4.473,3.742,0.928,10.203
2026-09-17 12:45:00,R1,3.221,1.169,5.262,4.591,1.02,12.042
2026-09-17 12:45:00,R2,2.74,1.006,4.053,3.878,1.011,9.948
2026-09-17 13:00:00,R1,3.213,1.231,4.808,4.014,0.818,10.871
2026-09-17 13:00:00,R2,2.905,1.05,4.611,3.488,0.796,9.944
2026-09-17 13:15:00,R1,2.86,1.045,4.9,4.785,1.037,11.767
2026-09-17 13:15:00,R2,2.527,1.242,4.778,4.097,0.939,11.057
2026-09-17 13:30:00,R1,3.118,1.356,5.091,4.406,0.965,11.817
2026-09-17 13:30:00,R2,2.676,1.114,4.474,3.868,0.931,10.387
2026-09-17 13:45:00,R1,3.019,1.209,4.938,4.066,0.937,11.151
2026-09-17 13:45:00,R2,2.864,1.205,4.612,3.475,0.807,10.098
2026-09-17 14:00:00,R1,3.604,1.061,5.553,4.233,0.827,11.673
2026-09-17 14:00:00,R2,3.027,1.146,4.347,3.791,0.942,10.226
2026-09-17 14:15:00,R1,3.094,1.266,5.198,4.167,1.144,11.775
2026-09-17 14:15:00,R2,2.63,1.056,4.605,3.273,0.872,9.805
2026-09-17 14:30:00,R1,2.857,1.118,5.139,4.694,1.04,11.99
2026-09-17 14:30:00,R2,2.386,1.012,3.93,3.575,0.867,9.384
2026-09-17 14:45:00,R1,2.959,0.897,5.331,4.393,0.954,11.575
2026-09-17 14:45:00,R2,2.488,1.068,4.977,3.601,0.958,10.603
2026-09-17 15:00:00,R1,3.168,1.047,4.997,4.115,0.972,11.13
2026-09-17 15:00:00,R2,2.414,1.036,4.424,4.028,0.88,10.369
2026-09-17 15:15:00,R1,3.121,1.096,5.684,4.063,1.091,11.935
2026-09-17 15:15:00,R2,2.51,0.974,4.238,3.889,0.943,10.044
2026-09-17 15:30:00,R1,2.839,1.086,4.894,4.419,1.083,11.482
2026-09-17 15:30:00,R2,2.67,0.88,4.742,3.793,1.03,10.445
2026-09-17 15:45:00,R1,2.874,1.091,5.573,4.6,1.058,12.323
2026-09-17 15:45:00,R2,2.294,1.012,4.722,3.806,0.889,10.429
2026-09-17 16:00:00,R1,2.938,1.045,4.646,4.831,0.908,11.43
2026-09-17 16:00:00,R2,2.606,1.196,3.891,3.443,0.874,9.404
2026-09-17 16:15:00,R1,3.094,1.017,5.213,4.474,0.874,11.577
2026-09-17 16:15:00,R2,2.788,1.19,4.753,3.956,0.834,10.732
2026-09-17 16:30:00,R1,3.401,1.258,5.026,4.029,0.942,11.255
2026-09-17 16:30:00,R2,2.712,0.967,4.282,3.406,0.957,9.612
2026-09-17 16:45:00,R1,3.456,1.392,5.171,4.276,1.029,11.869
2026-09-17 16:45:00,R2,2.547,1.183,4.736,3.792,0.846,10.557
2026-09-17 17:00:00,R1,2.832,0.997,5.545,4.415,0.944,11.901
2026-09-17 17:00:00,R2,2.37,1.149,4.532,3.931,0.841,10.453
2026-09-17 17:15:00,R1,3.346,1.25,5.17,4.813,1.066,12.299
2026-09-17 17:15:00,R2,2.429,1.067,4.05,4.027,0.808,9.952
2026-09-17 17:30:00,R1,2.907,1.05,5.294,4.455,0.798,11.597
2026-09-17 17:30:00,R2,2.952,1.167,4.464,3.788,0.965,10.384
2026-09-17 17:45:00,R1,2.89,1.021,5.252,4.601,0.883,11.756
2026-09-17 17:45:00,R2,2.346,1.211,4.079,4.12,0.846,10.256
2026-09-17 18:00:00,R1,3.246,1.031,4.792,4.217,0.941,10.981
2026-09-17 18:00:00,R2,2.109,1.055,4.755,3.856,0.873,10.538
2026-09-17 18:15:00,R1,2.691,1.117,5.074,4.509,0.936,11.636
2026-09-17 18:15:00,R2,2.699,1.12,4.754,3.799,1.0,10.672
2026-09-17 18:30:00,R1,3.04,1.047,4.693,4.268,0.845,10.852
2026-09-17 18:30:00,R2,3.016,1.079,4.745,4.188,0.827,10.839
2026-09-17 18:45:00,R1,3.062,1.224,5.589,4.356,0.99,12.159
2026-09-17 18:45:00,R2,2.975,1.141,4.674,3.913,0.89,10.619
2026-09-17 19:00:00,R1,3.226,1.125,5.009,3.755,0.908,10.798
2026-09-17 19:00:00,R2,2.625,1.024,4.236,3.709,0.926,9.895
2026-09-17 19:15:00,R1,3.221,1.235,5.001,4.465,1.078,11.78
2026-09-17 19:15:00,R2,2.513,1.032,4.873,3.602,0.876,10.383
2026-09-17 19:30:00,R1,2.669,1.29,4.982,4.284,0.943,11.499
2026-09-17 19:30:00,R2,2.694,1.104,4.934,3.646,0.956,10.64
2026-09-17 19:45:00,R1,3.093,1.085,4.986,4.446,0.839,11.355
2026-09-17 19:45:00,R2,2.543,1.123,4.199,3.948,0.909,10.178
2026-09-17 20:00:00,R1,3.287,1.221,5.276,4.764,0.95,12.211
2026-09-17 20:00:00,R2,2.315,1.108,4.562,3.45,0.809,9.929
2026-09-17 20:15:00,R1,2.605,1.114,4.872,4.238,1.055,11.279
2026-09-17 20:15:00,R2,2.693,1.083,3.983,3.797,0.892,9.754
2026-09-17 20:30:00,R1,2.93,1.268,4.822,4.275,0.973,11.338
2026-09-17 20:30:00,R2,2.971,1.249,4.901,3.558,0.989,10.697
2026-09-17 20:45:00,R1,2.965,1.165,4.838,4.193,0.93,11.126
2026-09-17 20:45:00,R2,2.777,1.092,4.648,3.688,0.976,10.403
2026-09-17 21:00:00,R1,2.625,1.141,5.229,4.594,0.962,11.926
2026-09-17 21:00:00,R2,2.604,1.121,4.452,3.948,0.917,10.439
2026-09-17 21:15:00,R1,2.833,1.135,5.647,3.766,0.969,11.518
2026-09-17 21:15:00,R2,2.611,1.111,4.541,3.542,0.884,10.078
2026-09-17 21:30:00,R1,3.148,1.091,5.089,4.432,0.88,11.493
2026-09-17 21:30:00,R2,2.669,0.932,4.201,3.95,0.878,9.961
2026-09-17 21:45:00,R1,3.427,1.099,5.17,4.373,1.081,11.723
2026-09-17 21:45:00,R2,2.421,1.206,4.283,3.915,0.917,10.321
2026-09-17 22:00:00,R1,3.565,1.155,5.003,3.959,1.089,11.205
2026-09-17 22:00:00,R2,3.102,0.846,4.303,4.087,1.035,10.27
2026-09-17 22:15:00,R1,2.889,1.033,4.861,4.49,1.008,11.392
2026-09-17 22:15:00,R2,2.813,1.09,4.404,3.769,0.962,10.224
2026-09-17 22:30:00,R1,3.094,0.96,5.073,3.928,0.819,10.779
2026-09-17 22:30:00,R2,2.386,0.939,4.648,3.786,0.891,10.264
2026-09-17 22:45:00,R1,3.128,1.182,5.964,4.546,0.994,12.685
2026-09-17 22:45:00,R2,2.871,1.076,4.785,3.769,0.986,10.616
2026-09-17 23:00:00,R1,2.945,0.979,5.071,4.223,0.956,11.23
2026-09-17 23:00:00,R2,2.774,1.049,4.29,3.298,0.83,9.467
2026-09-17 23:15:00,R1,2.957,1.2,4.723,4.481,0.927,11.331
2026-09-17 23:15:00,R2,3.183,1.074,4.494,3.486,0.965,10.02
2026-09-17 23:30:00,R1,2.902,1.245,5.809,4.099,0.825,11.977
2026-09-17 23:30:00,R2,2.664,1.06,5.039,3.352,0.838,10.291
2026-09-17 23:45:00,R1,3.211,1.22,5.124,4.086,0.897,11.327
2026-09-17 23:45:00,R2,2.53,0.943,3.944,4.035,0.674,9.596
2026-09-18 00:00:00,R1,2.927,1.185,5.272,4.376,0.886,11.719
2026-09-18 00:00:00,R2,2.85,1.01,3.954,3.899,0.915,9.778
2026-09-18 00:15:00,R1,2.951,1.211,5.442,4.62,1.018,12.291
2026-09-18 00:15:00,R2,2.307,1.009,4.426,3.462,0.816,9.712
2026-09-18 00:30:00,R1,3.064,1.241,5.473,4.689,0.915,12.317
2026-09-18 00:30:00,R2,2.812,1.227,4.936,3.92,0.891,10.974
2026-09-18 00:45:00,R1,3.187,1.237,5.394,4.287,1.038,11.955
2026-09-18 00:45:00,R2,3.005,1.012,4.439,4.299,0.772,10.522
2026-09-18 01:00:00,R1,2.814,1.062,5.007,4.316,0.967,11.353
2026-09-18 01:00:00,R2,2.906,1.02,4.93,3.625,0.879,10.454
2026-09-18 01:15:00,R1,3.25,1.051,4.902,3.981,0.99,10.923
2026-09-18 01:15:00,R2,2.771,1.043,4.441,3.752,0.693,9.929
2026-09-18 01:30:00,R1,3.095,1.033,4.565,4.597,1.006,11.201
2026-09-18 01:30:00,R2,2.578,0.939,4.425,3.91,0.897,10.17
2026-09-18 01:45:00,R1,3.338,0.975,5.478,3.875,1.031,11.358
2026-09-18 01:45:00,R2,2.638,1.201,4.579,3.883,1.044,10.707
2026-09-18 02:00:00,R1,3.247,1.21,5.194,4.158,0.988,11.55
2026-09-18 02:00:00,R2,2.655,0.95,4.456,3.865,0.812,10.083
2026-09-18 02:15:00,R1,2.934,0.992,5.119,3.794,0.785,10.689
2026-09-18 02:15:00,R2,2.688,1.191,4.799,3.439,0.93,10.359
2026-09-18 02:30:00,R1,2.937,1.068,5.628,4.223,0.966,11.885
2026-09-18 02:30:00,R2,2.682,1.152,4.7,3.486,0.83,10.168
2026-09-18 02:45:00,R1,2.919,1.074,5.565,4.443,0.828,11.909
2026-09-18 02:45:00,R2,2.334,0.853,4.724,3.553,0.894,10.024
2026-09-18 03:00:00,R1,3.313,0.916,5.351,4.251,0.918,11.436
2026-09-18 03:00:00,R2,2.615,1.005,4.676,3.5,0.842,10.023
2026-09-18 03:15:00,R1,2.781,1.259,5.049,3.848,0.915,11.072
2026-09-18 03:15:00,R2,2.557,1.021,4.511,3.68,0.72,9.933
2026-09-18 03:30:00,R1,3.217,1.072,5.337,4.292,1.004,11.705
2026-09-18 03:30:00,R2,2.358,1.17,4.682,3.492,0.874,10.217
2026-09-18 03:45:00,R1,3.065,1.118,5.428,4.641,0.944,12.131
2026-09-18 03:45:00,R2,2.685,1.011,4.45,3.939,0.891,10.291
2026-09-18 04:00:00,R1,2.865,1.002,4.921,4.675,0.974,11.573
2026-09-18 04:00:00,R2,2.491,1.094,4.537,4.193,0.915,10.739
2026-09-18 04:15:00,R1,2.869,1.301,5.181,4.071,0.928,11.481
2026-09-18 04:15:00,R2,2.464,1.134,4.846,4.063,0.888,10.93
2026-09-18 04:30:00,R1,2.626,1.118,5.216,4.111,0.907,11.353
2026-09-18 04:30:00,R2,2.461,1.129,4.593,4.278,0.889,10.888
2026-09-18 04:45:00,R1,2.964,1.305,5.167,4.143,0.951,11.567
2026-09-18 04:45:00,R2,2.644,1.178,4.863,3.775,0.894,10.71
2026-09-18 05:00:00,R1,3.227,1.096,5.399,4.328,1.028,11.851
2026-09-18 05:00:00,R2,3.188,1.044,4.617,3.896,0.825,10.382
2026-09-18 05:15:00,R1,3.317,1.289,5.263,3.98,0.931,11.462
2026-09-18 05:15:00,R2,2.586,0.93,4.121,3.783,1.013,9.848
2026-09-18 05:30:00,R1,2.967,1.082,5.491,4.469,0.981,12.023
2026-09-18 05:30:00,R2,2.392,0.899,4.347,3.968,0.939,10.154
2026-09-18 05:45:00,R1,3.282,1.119,5.031,4.089,0.876,11.115
2026-09-18 05:45:00,R2,2.532,1.186,4.44,3.587,0.877,10.09
2026-09-18 06:00:00,R1,3.99,1.258,4.851,4.478,1.032,11.619
2026-09-18 06:00:00,R2,2.912,0.976,4.569,3.784,0.849,10.178
2026-09-18 06:15:00,R1,2.769,1.024,5.53,4.356,0.971,11.882
2026-09-18 06:15:00,R2,2.835,1.091,4.357,3.909,1.025,10.382
2026-09-18 06:30:00,R1,3.025,1.402,4.959,4.46,0.89,11.711
2026-09-18 06:30:00,R2,2.403,0.898,5.041,3.663,0.951,10.553
2026-09-18 06:45:00,R1,2.785,1.148,5.285,4.647,1.076,12.156
2026-09-18 06:45:00,R2,2.721,0.975,3.677,3.735,0.944,9.331
2026-09-18 07:00:00,R1,2.949,1.09,5.494,4.173,0.994,11.75
2026-09-18 07:00:00,R2,2.468,1.162,4.471,4.394,0.795,10.822
2026-09-18 07:15:00,R1,2.764,1.146,5.149,4.508,0.802,11.604
2026-09-18 07:15:00,R2,2.685,1.171,4.458,3.862,0.809,10.3
2026-09-18 07:30:00,R1,2.951,1.131,5.829,4.424,1.0,12.385
2026-09-18 07:30:00,R2,2.454,0.97,4.423,3.794,0.921,10.107
2026-09-18 07:45:00,R1,2.764,1.117,4.538,4.274,0.904,10.834
2026-09-18 07:45:00,R2,2.852,1.019,4.734,3.745,0.995,10.494
2026-09-18 08:00:00,R1,2.843,1.312,5.093,4.652,1.004,12.061
2026-09-18 08:00:00,R2,2.664,1.005,4.314,3.837,0.97,10.126
2026-09-18 08:15:00,R1,3.195,1.195,5.324,4.324,0.852,11.696
2026-09-18 08:15:00,R2,2.394,1.011,4.521,3.264,0.808,9.605
2026-09-18 08:30:00,R1,3.459,1.13,4.908,4.022,1.007,11.067
2026-09-18 08:30:00,R2,2.342,0.902,4.578,3.846,0.93,10.255
2026-09-18 08:45:00,R1,2.953,1.126,5.315,4.296,0.978,11.715
2026-09-18 08:45:00,R2,2.609,1.035,4.452,3.792,0.962,10.241
2026-09-18 09:00:00,R1,3.216,1.211,5.538,4.394,0.825,11.968
2026-09-18 09:00:00,R2,2.611,1.017,4.348,4.001,0.9,10.267
2026-09-18 09:15:00,R1,3.348,0.931,5.87,4.166,0.825,11.791
2026-09-18 09:15:00,R2,2.79,1.289,4.746,3.9,0.867,10.802
2026-09-18 09:30:00,R1,3.157,1.206,5.455,4.182,0.968,11.811
2026-09-18 09:30:00,R2,2.492,1.145,4.501,3.78,0.862,10.288
2026-09-18 09:45:00,R1,2.992,1.027,5.668,4.491,0.875,12.062
2026-09-18 09:45:00,R2,2.644,1.101,4.626,3.943,0.806,10.475
2026-09-18 10:00:00,R1,2.926,1.231,4.955,4.436,1.111,11.734
2026-09-18 10:00:00,R2,2.387,1.109,4.229,4.362,0.724,10.424
2026-09-18 10:15:00,R1,2.878,1.246,5.277,4.278,0.899,11.7
2026-09-18 10:15:00,R2,2.536,0.954,4.597,3.393,0.768,9.713
2026-09-18 10:30:00,R1,3.161,1.294,5.478,4.108,0.893,11.773
2026-09-18 10:30:00,R2,2.489,1.073,3.786,3.859,0.85,9.568
2026-09-18 10:45:00,R1,3.008,1.086,4.803,3.902,1.039,10.829
2026-09-18 10:45:00,R2,2.681,1.052,4.152,4.103,0.926,10.233
2026-09-18 11:00:00,R1,2.764,1.173,4.657,4.784,0.987,11.602
2026-09-18 11:00:00,R2,2.656,1.193,4.439,3.567,0.893,10.092
2026-09-18 11:15:00,R1,2.847,1.146,4.965,4.194,0.859,11.165
2026-09-18 11:15:00,R2,2.67,1.167,4.499,3.59,1.063,10.32
2026-09-18 11:30:00,R1,3.068,1.17,5.545,4.277,1.05,12.042
2026-09-18 11:30:00,R2,2.374,0.992,4.409,3.851,0.919,10.171
2026-09-18 11:45:00,R1,2.994,1.215,4.894,4.339,0.938,11.385
2026-09-18 11:45:00,R2,2.704,1.069,4.621,3.95,0.869,10.509
2026-09-18 12:00:00,R1,2.999,0.963,5.06,4.613,0.977,11.614
2026-09-18 12:00:00,R2,3.06,1.069,4.735,3.831,0.86,10.495
2026-09-18 12:15:00,R1,2.951,1.126,5.365,4.315,0.856,11.662
2026-09-18 12:15:00,R2,2.624,1.018,4.512,3.925,0.897,10.352
2026-09-18 12:30:00,R1,3.232,0.918,5.217,4.055,0.943,11.133
2026-09-18 12:30:00,R2,2.665,1.027,4.474,3.726,0.942,10.17
2026-09-18 12:45:00,R1,3.221,1.108,4.736,4.103,1.094,11.041
2026-09-18 12:45:00,R2,2.503,0.94,5.054,3.886,0.879,10.758
2026-09-18 13:00:00,R1,2.768,1.173,4.869,4.296,0.829,11.167
2026-09-18 13:00:00,R2,2.933,1.126,4.788,4.012,0.791,10.717
2026-09-18 13:15:00,R1,3.121,0.972,5.207,4.389,0.868,11.436
2026-09-18 13:15:00,R2,2.29,0.997,4.283,3.918,0.893,10.091
2026-09-18 13:30:00,R1,3.018,1.047,5.17,3.904,0.908,11.028
2026-09-18 13:30:00,R2,2.594,1.224,4.343,3.607,0.872,10.045
2026-09-18 13:45:00,R1,2.982,1.352,5.085,4.438,0.955,11.831
2026-09-18 13:45:00,R2,2.722,1.182,4.65,3.37,0.684,9.887
2026-09-18 14:00:00,R1,3.592,1.186,5.277,4.365,0.905,11.733
2026-09-18 14:00:00,R2,2.682,0.931,4.753,4.262,0.903,10.85
2026-09-18 14:15:00,R1,3.051,1.051,5.598,4.029,0.933,11.61
2026-09-18 14:15:00,R2,2.575,1.061,4.632,4.051,0.922,10.666
2026-09-18 14:30:00,R1,3.218,1.209,5.532,4.502,0.986,12.229
2026-09-18 14:30:00,R2,2.534,1.079,4.202,3.847,0.932,10.06
2026-09-18 14:45:00,R1,3.258,1.098,5.421,4.375,0.96,11.855
2026-09-18 14:45:00,R2,2.624,1.062,4.785,3.473,0.96,10.279
2026-09-18 15:00:00,R1,3.139,1.235,5.23,4.487,1.207,12.158
2026-09-18 15:00:00,R2,2.573,0.955,4.377,3.526,0.953,9.811
2026-09-18 15:15:00,R1,3.17,1.033,5.577,3.941,0.852,11.402
2026-09-18 15:15:00,R2,2.854,1.113,4.988,4.116,0.968,11.185
2026-09-18 15:30:00,R1,2.862,1.138,5.035,4.35,0.968,11.491
2026-09-18 15:30:00,R2,2.768,1.036,4.804,3.474,0.828,10.143
2026-09-18 15:45:00,R1,2.82,1.249,5.166,4.439,0.966,11.821
2026-09-18 15:45:00,R2,2.613,1.047,5.02,3.679,0.844,10.591
2026-09-18 16:00:00,R1,2.94,1.254,5.153,4.175,0.926,11.508
2026-09-18 16:00:00,R2,2.343,1.042,3.886,3.83,0.987,9.746
2026-09-18 16:15:00,R1,3.287,1.433,5.43,4.525,1.028,12.416
2026-09-18 16:15:00,R2,2.753,0.964,3.994,3.85,0.902,9.71
2026-09-18 16:30:00,R1,3.053,1.159,5.228,4.457,1.028,11.872
2026-09-18 16:30:00,R2,2.422,1.122,4.455,3.514,0.924,10.016
2026-09-18 16:45:00,R1,2.771,1.066,5.358,4.084,0.998,11.507
2026-09-18 16:45:00,R2,2.612,0.96,4.368,3.794,1.001,10.124
2026-09-18 17:00:00,R1,3.06,1.217,5.041,4.252,0.879,11.389
2026-09-18 17:00:00,R2,2.429,1.155,4.222,3.646,0.912,9.934
2026-09-18 17:15:00,R1,3.09,1.01,5.48,4.299,0.94,11.729
2026-09-18 17:15:00,R2,2.508,1.077,4.36,3.958,1.108,10.503
2026-09-18 17:30:00,R1,3.216,1.054,5.666,4.352,0.908,11.981
2026-09-18 17:30:00,R2,2.744,0.764,4.334,4.106,0.971,10.175
2026-09-18 17:45:00,R1,2.989,1.28,5.334,3.966,0.866,11.446
2026-09-18 17:45:00,R2,2.355,1.189,4.586,3.569,1.067,10.41
2026-09-18 18:00:00,R1,3.068,1.046,5.217,4.564,1.007,11.834
2026-09-18 18:00:00,R2,2.259,0.985,4.46,4.023,0.972,10.44
2026-09-18 18:15:00,R1,2.846,1.194,4.819,3.977,0.785,10.776
2026-09-18 18:15:00,R2,2.358,1.093,4.216,4.041,0.867,10.217
2026-09-18 18:30:00,R1,3.148,1.343,4.989,3.898,0.881,11.111
2026-09-18 18:30:00,R2,2.655,0.979,4.111,3.783,1.047,9.92
2026-09-18 18:45:00,R1,2.642,1.006,5.482,4.093,0.911,11.491
2026-09-18 18:45:00,R2,2.507,1.198,4.567,3.961,0.83,10.557
2026-09-18 19:00:00,R1,2.754,1.214,4.914,4.538,0.953,11.619
2026-09-18 19:00:00,R2,2.065,0.876,4.733,3.66,0.915,10.183
2026-09-18 19:15:00,R1,3.277,1.206,5.38,4.192,1.071,11.849
2026-09-18 19:15:00,R2,2.663,1.185,4.738,3.901,0.734,10.558
2026-09-18 19:30:00,R1,3.211,1.227,5.12,4.281,1.026,11.655
2026-09-18 19:30:00,R2,2.247,0.909,4.821,3.85,0.866,10.446
2026-09-18 19:45:00,R1,2.972,1.24,5.464,4.487,0.984,12.175
2026-09-18 19:45:00,R2,2.854,0.878,4.51,3.586,0.847,9.821
2026-09-18 20:00:00,R1,3.066,1.265,5.249,4.093,0.9,11.506
2026-09-18 20:00:00,R2,2.583,1.148,4.84,4.029,0.881,10.898
2026-09-18 20:15:00,R1,2.948,1.178,4.959,3.645,1.055,10.836
2026-09-18 20:15:00,R2,2.577,1.103,4.684,3.898,0.881,10.566
2026-09-18 20:30:00,R1,3.032,1.116,4.945,3.909,1.117,11.088
2026-09-18 20:30:00,R2,2.588,1.125,4.992,4.067,1.011,11.194
2026-09-18 20:45:00,R1,3.1,1.109,5.645,4.385,0.859,11.998
2026-09-18 20:45:00,R2,2.268,0.996,4.893,3.957,0.913,10.759
2026-09-18 21:00:00,R1,2.648,1.068,5.465,3.805,0.838,11.175
2026-09-18 21:00:00,R2,2.507,0.95,4.333,3.865,0.904,10.052
2026-09-18 21:15:00,R1,3.17,1.136,5.488,4.335,0.991,11.95
2026-09-18 21:15:00,R2,2.593,0.901,4.492,3.504,0.918,9.815
2026-09-18 21:30:00,R1,3.383,1.241,5.034,4.121,0.83,11.226
2026-09-18 21:30:00,R2,2.532,1.257,4.725,3.751,0.922,10.655
2026-09-18 21:45:00,R1,2.667,1.152,4.736,4.3,1.004,11.192
2026-09-18 21:45:00,R2,2.623,1.151,4.376,3.562,0.848,9.937
2026-09-18 22:00:00,R1,3.469,1.108,5.283,4.188,0.946,11.526
2026-09-18 22:00:00,R2,3.208,1.003,3.568,3.782,1.037,9.39
2026-09-18 22:15:00,R1,3.099,0.947,5.104,4.235,1.031,11.317
2026-09-18 22:15:00,R2,2.644,1.105,4.948,3.709,0.927,10.689
2026-09-18 22:30:00,R1,3.309,1.21,5.154,4.322,1.071,11.758
2026-09-18 22:30:00,R2,2.018,1.001,4.609,3.539,0.92,10.07
2026-09-18 22:45:00,R1,2.773,1.23,5.567,4.177,1.015,11.989
2026-09-18 22:45:00,R2,2.931,1.068,4.543,3.75,0.906,10.267
2026-09-18 23:00:00,R1,2.857,0.945,4.608,4.318,0.994,10.865
2026-09-18 23:00:00,R2,2.647,1.096,4.469,3.697,0.791,10.054
2026-09-18 23:15:00,R1,3.009,1.316,5.085,4.753,1.071,12.226
2026-09-18 23:15:00,R2,2.804,1.093,4.515,3.89,0.965,10.462
2026-09-18 23:30:00,R1,2.878,1.059,5.048,4.109,0.966,11.183
2026-09-18 23:30:00,R2,2.455,1.245,4.858,3.888,0.843,10.834
2026-09-18 23:45:00,R1,2.831,1.217,4.955,4.704,0.819,11.695
2026-09-18 23:45:00,R2,2.432,0.949,4.701,3.728,0.856,10.234
2026-09-19 00:00:00,R1,2.93,1.334,4.604,4.007,0.948,10.894
2026-09-19 00:00:00,R2,2.391,0.95,4.625,3.518,0.876,9.968
2026-09-19 00:15:00,R1,3.132,1.015,5.083,4.2,1.02,11.317
2026-09-19 00:15:00,R2,2.8,1.16,4.758,3.602,0.988,10.507
2026-09-19 00:30:00,R1,3.089,1.087,4.394,4.983,1.003,11.466
2026-09-19 00:30:00,R2,2.917,0.961,4.855,3.756,0.94,10.512
2026-09-19 00:45:00,R1,3.151,1.194,5.281,4.175,1.026,11.676
2026-09-19 00:45:00,R2,2.899,1.11,4.681,3.676,0.8,10.267
2026-09-19 01:00:00,R1,2.65,1.262,5.26,4.416,1.016,11.953
2026-09-19 01:00:00,R2,2.462,1.099,4.626,4.09,0.782,10.596
2026-09-19 01:15:00,R1,2.645,0.957,5.493,4.489,1.055,11.994
2026-09-19 01:15:00,R2,2.793,1.032,4.68,3.638,0.888,10.239
2026-09-19 01:30:00,R1,3.215,1.192,5.146,4.293,1.037,11.668
2026-09-19 01:30:00,R2,2.686,1.005,5.177,3.563,0.921,10.667
2026-09-19 01:45:00,R1,2.928,1.021,4.66,3.934,0.889,10.504
2026-09-19 01:45:00,R2,2.579,0.971,4.486,3.646,0.888,9.991
2026-09-19 02:00:00,R1,2.912,1.236,4.885,4.567,0.974,11.662
2026-09-19 02:00:00,R2,2.36,1.166,5.334,4.058,0.912,11.469
2026-09-19 02:15:00,R1,3.054,1.177,5.301,4.34,1.151,11.969
2026-09-19 02:15:00,R2,2.846,1.043,4.544,3.578,0.891,10.056
2026-09-19 02:30:00,R1,2.818,1.064,4.966,4.232,0.854,11.117
2026-09-19 02:30:00,R2,2.529,1.187,4.328,3.55,0.888,9.953
2026-09-19 02:45:00,R1,2.815,1.278,5.06,4.254,0.918,11.509
2026-09-19 02:45:00,R2,2.499,1.273,4.724,3.158,0.943,10.098
2026-09-19 03:00:00,R1,3.17,1.025,5.191,3.987,1.013,11.216
2026-09-19 03:00:00,R2,2.344,0.991,4.609,3.433,0.896,9.929
2026-09-19 03:15:00,R1,3.06,1.107,5.693,4.501,1.148,12.45
2026-09-19 03:15:00,R2,2.469,1.097,4.744,4.05,0.939,10.829
2026-09-19 03:30:00,R1,3.462,1.191,5.095,4.375,0.975,11.636
2026-09-19 03:30:00,R2,2.376,1.132,4.082,3.946,0.91,10.07
2026-09-19 03:45:00,R1,2.691,1.095,5.059,4.389,0.855,11.398
2026-09-19 03:45:00,R2,2.316,0.975,4.542,3.649,0.896,10.063
2026-09-19 04:00:00,R1,2.958,1.162,4.891,4.739,0.878,11.671
2026-09-19 04:00:00,R2,2.997,1.19,4.586,3.761,1.035,10.573
2026-09-19 04:15:00,R1,2.946,1.017,5.386,4.423,1.016,11.842
2026-09-19 04:15:00,R2,2.711,0.943,4.594,3.57,0.83,9.937
2026-09-19 04:30:00,R1,2.898,1.084,5.315,4.236,0.939,11.574
2026-09-19 04:30:00,R2,2.568,1.054,4.766,3.823,0.94,10.583
2026-09-19 04:45:00,R1,2.971,1.067,5.411,4.08,0.913,11.471
2026-09-19 04:45:00,R2,2.503,1.039,4.383,3.518,0.801,9.741
2026-09-19 05:00:00,R1,2.788,1.029,5.338,4.222,0.799,11.389
2026-09-19 05:00:00,R2,2.951,1.115,4.493,4.438,0.993,11.039
2026-09-19 05:15:00,R1,3.418,1.089,4.838,4.436,0.974,11.337
2026-09-19 05:15:00,R2,2.173,1.167,4.002,3.676,0.99,9.834
2026-09-19 05:30:00,R1,3.051,1.08,4.974,4.189,0.931,11.174
2026-09-19 05:30:00,R2,2.523,1.164,4.443,3.657,0.903,10.167
2026-09-19 05:45:00,R1,3.265,1.094,5.15,4.374,0.937,11.554
2026-09-19 05:45:00,R2,2.921,1.105,3.917,3.792,0.938,9.751
2026-09-19 06:00:00,R1,3.121,1.243,5.107,4.376,0.962,11.688
2026-09-19 06:00:00,R2,2.624,1.161,4.781,3.831,0.914,10.687
2026-09-19 06:15:00,R1,3.169,1.106,5.287,4.279,1.034,11.706
2026-09-19 06:15:00,R2,2.707,1.074,4.584,3.929,0.805,10.392
2026-09-19 06:30:00,R1,3.076,1.199,5.064,4.284,0.938,11.485
2026-09-19 06:30:00,R2,2.333,0.857,4.903,4.106,0.941,10.807
2026-09-19 06:45:00,R1,2.858,0.928,5.051,4.569,0.987,11.535
2026-09-19 06:45:00,R2,2.398,1.017,4.562,4.196,1.003,10.778
2026-09-19 07:00:00,R1,3.174,1.258,4.995,4.406,0.894,11.554
2026-09-19 07:00:00,R2,2.763,1.014,4.754,3.791,0.962,10.52
2026-09-19 07:15:00,R1,3.136,1.267,5.791,4.809,0.99,12.857
2026-09-19 07:15:00,R2,2.125,0.923,4.956,3.596,0.842,10.317
2026-09-19 07:30:00,R1,3.281,1.137,5.058,4.102,0.984,11.28
2026-09-19 07:30:00,R2,2.383,1.114,4.642,4.223,0.935,10.913
2026-09-19 07:45:00,R1,3.312,0.829,5.419,4.156,0.969,11.374
2026-09-19 07:45:00,R2,2.766,1.031,4.858,3.592,1.044,10.525
2026-09-19 08:00:00,R1,3.103,0.97,5.368,4.78,0.887,12.005
2026-09-19 08:00:00,R2,2.686,0.873,4.383,4.065,0.976,10.298
2026-09-19 08:15:00,R1,3.107,1.184,5.151,4.6,0.876,11.81
2026-09-19 08:15:00,R2,2.797,1.083,4.395,3.88,0.845,10.204
2026-09-19 08:30:00,R1,3.2,0.995,5.448,3.869,1.074,11.386
2026-09-19 08:30:00,R2,2.54,1.151,4.46,3.444,0.93,9.984
2026-09-19 08:45:00,R1,2.891,1.119,5.29,4.408,0.989,11.806
2026-09-19 08:45:00,R2,2.533,1.128,4.914,3.794,0.868,10.704
2026-09-19 09:00:00,R1,2.749,1.218,5.179,3.88,0.932,11.209
2026-09-19 09:00:00,R2,2.603,1.146,4.154,4.154,0.947,10.4
2026-09-19 09:15:00,R1,2.964,1.088,5.61,4.608,0.949,12.255
2026-09-19 09:15:00,R2,2.898,1.126,4.125,3.914,0.803,9.969
2026-09-19 09:30:00,R1,3.009,1.343,4.791,4.311,0.872,11.318
2026-09-19 09:30:00,R2,2.748,1.106,4.169,4.028,0.931,10.235
2026-09-19 09:45:00,R1,2.936,1.068,4.942,4.512,0.921,11.443
2026-09-19 09:45:00,R2,2.596,1.043,4.61,3.492,0.86,10.005
2026-09-19 10:00:00,R1,2.965,1.738,4.845,4.541,1.395,12.519
2026-09-19 10:00:00,R2,2.483,1.081,4.397,4.133,0.803,10.415
2026-09-19 10:15:00,R1,2.83,1.679,5.647,4.289,1.529,13.144
2026-09-19 10:15:00,R2,2.551,1.158,4.451,3.807,0.872,10.288
2026-09-19 10:30:00,R1,3.202,1.797,5.637,4.188,1.88,13.501
2026-09-19 10:30:00,R2,2.79,1.191,4.695,3.94,0.884,10.711
2026-09-19 10:45:00,R1,3.115,1.664,5.076,4.172,1.402,12.314
2026-09-19 10:45:00,R2,2.37,1.121,4.189,3.647,1.07,10.027
2026-09-19 11:00:00,R1,2.967,1.023,5.31,4.37,1.003,11.706
2026-09-19 11:00:00,R2,2.452,0.957,4.574,3.825,0.91,10.266
2026-09-19 11:15:00,R1,3.222,1.178,5.377,4.062,1.013,11.63
2026-09-19 11:15:00,R2,2.6,1.015,4.506,4.114,0.89,10.525
2026-09-19 11:30:00,R1,2.916,1.068,4.635,4.134,0.953,10.79
2026-09-19 11:30:00,R2,2.784,1.087,4.703,3.595,0.863,10.249
2026-09-19 11:45:00,R1,3.123,1.156,5.179,4.39,0.821,11.546
2026-09-19 11:45:00,R2,2.571,1.121,4.513,3.929,0.974,10.537
2026-09-19 12:00:00,R1,2.966,1.191,4.871,4.217,0.953,11.232
2026-09-19 12:00:00,R2,2.712,1.128,4.302,3.425,0.729,9.585
2026-09-19 12:15:00,R1,3.276,1.177,5.317,4.178,0.853,11.526
2026-09-19 12:15:00,R2,2.398,1.214,4.36,3.871,0.784,10.23
2026-09-19 12:30:00,R1,2.721,1.105,5.264,3.843,0.879,11.092
2026-09-19 12:30:00,R2,2.726,1.029,4.079,3.541,0.858,9.507
2026-09-19 12:45:00,R1,3.024,1.339,5.412,4.333,0.866,11.95
2026-09-19 12:45:00,R2,2.527,1.287,4.712,3.44,0.986,10.425
2026-09-19 13:00:00,R1,3.138,1.092,5.353,4.346,0.847,11.638
2026-09-19 13:00:00,R2,2.573,1.066,3.796,4.079,0.834,9.775
2026-09-19 13:15:00,R1,2.909,1.106,5.264,4.249,1.066,11.685
2026-09-19 13:15:00,R2,2.551,1.216,4.209,3.555,0.91,9.89
2026-09-19 13:30:00,R1,2.719,0.967,5.893,4.684,1.084,12.628
2026-09-19 13:30:00,R2,2.476,1.164,4.909,4.014,1.017,11.104
2026-09-19 13:45:00,R1,3.144,1.261,5.197,4.871,0.898,12.228
2026-09-19 13:45:00,R2,2.717,1.147,4.07,4.057,0.962,10.237
2026-09-19 14:00:00,R1,3.296,1.339,5.482,4.279,1.022,12.123
2026-09-19 14:00:00,R2,2.959,1.158,4.491,4.05,0.872,10.571
2026-09-19 14:15:00,R1,2.939,1.067,5.292,4.578,0.682,11.619
2026-09-19 14:15:00,R2,2.685,1.134,4.467,3.725,0.891,10.217
2026-09-19 14:30:00,R1,2.93,1.089,5.336,4.392,0.926,11.743
2026-09-19 14:30:00,R2,2.649,1.024,4.816,4.089,0.914,10.842
2026-09-19 14:45:00,R1,3.019,1.136,4.807,4.007,0.886,10.835
2026-09-19 14:45:00,R2,2.292,1.06,4.431,4.064,0.903,10.458
2026-09-19 15:00:00,R1,3.067,1.385,4.78,4.454,0.984,11.603
2026-09-19 15:00:00,R2,2.667,1.097,4.133,3.878,0.974,10.08
2026-09-19 15:15:00,R1,3.13,1.154,4.992,3.716,0.988,10.85
2026-09-19 15:15:00,R2,2.774,1.154,4.483,3.934,0.853,10.425
2026-09-19 15:30:00,R1,3.166,1.225,5.121,4.465,0.857,11.669
2026-09-19 15:30:00,R2,2.428,1.036,4.508,4.07,0.981,10.595
2026-09-19 15:45:00,R1,3.098,1.272,4.923,3.963,0.959,11.116
2026-09-19 15:45:00,R2,2.783,1.061,4.243,4.242,0.894,10.44
2026-09-19 16:00:00,R1,3.574,1.083,5.183,4.296,0.958,11.521
2026-09-19 16:00:00,R2,2.522,1.003,4.584,3.665,0.704,9.956
2026-09-19 16:15:00,R1,3.032,1.09,5.465,4.879,0.924,12.358
2026-09-19 16:15:00,R2,2.432,1.096,4.637,4.409,0.919,11.061
2026-09-19 16:30:00,R1,2.938,1.058,5.538,4.681,0.909,12.186
2026-09-19 16:30:00,R2,2.575,1.112,4.581,4.019,1.011,10.722
2026-09-19 16:45:00,R1,2.965,1.047,4.805,4.319,0.968,11.139
2026-09-19 16:45:00,R2,2.723,0.964,4.49,3.878,0.934,10.267
2026-09-19 17:00:00,R1,3.125,1.113,4.747,4.181,0.95,10.991
2026-09-19 17:00:00,R2,2.556,1.117,4.068,3.53,0.758,9.473
2026-09-19 17:15:00,R1,3.309,1.147,5.489,4.271,0.965,11.873
2026-09-19 17:15:00,R2,2.777,0.996,4.633,4.105,0.893,10.627
2026-09-19 17:30:00,R1,3.227,1.171,5.183,4.482,1.051,11.888
2026-09-19 17:30:00,R2,2.679,1.107,4.707,3.57,0.962,10.345
2026-09-19 17:45:00,R1,3.116,0.935,5.155,4.265,0.995,11.35
2026-09-19 17:45:00,R2,2.265,0.97,4.087,3.497,0.804,9.357
2026-09-19 18:00:00,R1,3.15,1.22,4.93,3.87,1.016,11.036
2026-09-19 18:00:00,R2,2.217,1.109,4.348,3.787,0.942,10.187
2026-09-19 18:15:00,R1,3.1,1.203,5.175,4.325,0.968,11.67
2026-09-19 18:15:00,R2,2.55,1.005,4.543,3.81,1.046,10.405
2026-09-19 18:30:00,R1,3.259,1.109,5.343,4.423,0.934,11.81
2026-09-19 18:30:00,R2,2.369,0.986,4.274,3.689,0.892,9.84
2026-09-19 18:45:00,R1,3.095,1.04,5.15,4.273,0.896,11.36
2026-09-19 18:45:00,R2,2.745,1.155,4.49,4.188,0.922,10.755
2026-09-19 19:00:00,R1,2.955,1.004,5.124,4.144,0.809,11.081
2026-09-19 19:00:00,R2,2.804,1.02,4.698,3.382,0.826,9.926
2026-09-19 19:15:00,R1,2.959,1.085,4.857,4.456,0.97,11.368
2026-09-19 19:15:00,R2,2.494,1.227,4.529,4.193,1.021,10.97
2026-09-19 19:30:00,R1,3.309,1.092,4.924,4.059,0.965,11.04
2026-09-19 19:30:00,R2,2.665,1.292,4.541,3.796,0.904,10.532
2026-09-19 19:45:00,R1,2.828,1.137,4.638,4.873,0.832,11.48
2026-09-19 19:45:00,R2,2.835,0.949,4.843,4.048,0.89,10.73
2026-09-19 20:00:00,R1,3.006,1.136,4.959,4.474,0.983,11.552
2026-09-19 20:00:00,R2,2.534,0.887,4.563,3.856,0.904,10.209
2026-09-19 20:15:00,R1,2.881,1.129,5.402,4.441,0.803,11.776
2026-09-19 20:15:00,R2,3.219,0.994,4.333,3.707,0.836,9.87
2026-09-19 20:30:00,R1,2.778,1.057,5.149,4.575,0.949,11.729
2026-09-19 20:30:00,R2,3.073,1.076,4.55,3.336,0.809,9.771
2026-09-19 20:45:00,R1,2.766,1.062,5.257,4.402,1.004,11.725
2026-09-19 20:45:00,R2,2.479,1.084,4.666,3.635,0.824,10.209
2026-09-19 21:00:00,R1,3.063,1.18,5.488,3.979,0.917,11.564
2026-09-19 21:00:00,R2,2.803,1.045,4.431,3.586,0.886,9.949
2026-09-19 21:15:00,R1,3.139,1.181,5.756,4.345,1.04,12.322
2026-09-19 21:15:00,R2,2.779,0.852,4.653,3.735,0.836,10.076
2026-09-19 21:30:00,R1,3.008,1.009,5.052,4.139,0.959,11.159
2026-09-19 21:30:00,R2,2.685,1.108,4.528,3.563,0.872,10.071
2026-09-19 21:45:00,R1,2.808,1.165,5.132,4.086,0.999,11.382
2026-09-19 21:45:00,R2,2.7,1.198,4.393,3.905,0.834,10.33
2026-09-19 22:00:00,R1,3.163,1.251,5.286,3.904,0.916,11.358
2026-09-19 22:00:00,R2,2.972,0.88,5.19,3.792,0.967,10.83
2026-09-19 22:15:00,R1,3.467,1.275,5.489,4.587,1.023,12.374
2026-09-19 22:15:00,R2,2.816,1.014,4.456,3.502,0.931,9.903
2026-09-19 22:30:00,R1,2.701,1.116,4.896,4.681,0.968,11.661
2026-09-19 22:30:00,R2,2.751,0.991,4.609,3.647,0.869,10.116
2026-09-19 22:45:00,R1,2.916,1.122,5.09,3.91,0.959,11.082
2026-09-19 22:45:00,R2,2.525,1.023,4.859,3.488,0.921,10.291
2026-09-19 23:00:00,R1,3.08,1.012,5.351,4.273,0.918,11.554
2026-09-19 23:00:00,R2,2.383,1.053,4.628,3.86,0.841,10.381
2026-09-19 23:15:00,R1,2.723,1.38,5.394,4.244,0.952,11.971
2026-09-19 23:15:00,R2,2.554,0.955,3.994,4.247,0.974,10.169
2026-09-19 23:30:00,R1,3.272,1.196,5.246,3.916,1.031,11.389
2026-09-19 23:30:00,R2,2.391,0.829,4.542,3.781,0.962,10.114
2026-09-19 23:45:00,R1,2.967,1.218,5.099,4.217,1.079,11.612
2026-09-19 23:45:00,R2,2.678,0.884,4.283,3.391,0.876,9.433
2026-09-20 00:00:00,R1,3.076,1.181,5.578,4.571,0.988,12.318
2026-09-20 00:00:00,R2,2.559,1.067,4.493,4.052,0.844,10.456
2026-09-20 00:15:00,R1,3.033,0.914,5.38,4.425,0.998,11.718
2026-09-20 00:15:00,R2,2.403,0.964,4.0,4.327,1.043,10.334
2026-09-20 00:30:00,R1,2.707,1.122,5.143,3.938,0.977,11.181
2026-09-20 00:30:00,R2,2.811,1.195,4.602,3.568,0.92,10.285
2026-09-20 00:45:00,R1,2.871,1.2,5.452,4.226,0.939,11.817
2026-09-20 00:45:00,R2,2.562,1.013,4.683,3.964,0.911,10.571
2026-09-20 01:00:00,R1,3.183,1.154,5.513,4.407,0.93,12.004
2026-09-20 01:00:00,R2,2.724,0.876,4.203,4.366,0.85,10.295
2026-09-20 01:15:00,R1,3.168,1.045,5.111,4.721,0.991,11.868
2026-09-20 01:15:00,R2,2.823,1.168,4.383,3.504,0.959,10.014
2026-09-20 01:30:00,R1,3.218,1.095,5.544,4.254,0.849,11.742
2026-09-20 01:30:00,R2,2.763,1.166,4.893,4.335,1.082,11.476
2026-09-20 01:45:00,R1,3.226,1.155,4.853,4.439,0.926,11.372
2026-09-20 01:45:00,R2,2.793,1.293,4.302,4.004,0.856,10.454
2026-09-20 02:00:00,R1,2.949,1.114,5.395,4.31,0.837,11.656
2026-09-20 02:00:00,R2,2.436,1.079,4.314,3.748,0.843,9.984
2026-09-20 02:15:00,R1,3.102,1.283,4.984,4.255,0.888,11.41
2026-09-20 02:15:00,R2,2.876,1.088,4.309,3.771,0.799,9.968
2026-09-20 02:30:00,R1,3.172,1.022,4.285,4.165,0.984,10.456
2026-09-20 02:30:00,R2,2.52,1.043,4.948,3.962,0.894,10.847
2026-09-20 02:45:00,R1,2.606,0.973,5.313,4.176,0.92,11.382
2026-09-20 02:45:00,R2,2.398,0.894,4.297,3.861,0.791,9.843
2026-09-20 03:00:00,R1,3.076,1.243,4.752,4.132,0.848,10.974
2026-09-20 03:00:00,R2,2.926,1.101,4.404,3.905,0.924,10.333
2026-09-20 03:15:00,R1,2.968,1.004,5.47,4.332,0.844,11.649
2026-09-20 03:15:00,R2,2.704,0.974,4.141,3.907,0.651,9.673
2026-09-20 03:30:00,R1,3.327,1.081,5.608,4.776,0.944,12.41
2026-09-20 03:30:00,R2,2.49,1.154,5.091,3.901,0.911,11.056
2026-09-20 03:45:00,R1,3.179,0.992,5.127,4.055,0.953,11.128
2026-09-20 03:45:00,R2,2.86,1.1,4.49,3.66,1.02,10.27
2026-09-20 04:00:00,R1,2.816,0.962,5.279,4.187,1.054,11.481
2026-09-20 04:00:00,R2,2.96,1.135,4.307,3.624,0.986,10.051
2026-09-20 04:15:00,R1,3.359,1.172,5.35,4.301,0.89,11.713
2026-09-20 04:15:00,R2,2.695,1.073,4.591,3.758,0.81,10.233
2026-09-20 04:30:00,R1,2.947,1.092,5.005,4.066,0.875,11.038
2026-09-20 04:30:00,R2,2.336,1.274,4.427,4.053,0.871,10.626
2026-09-20 04:45:00,R1,3.184,1.061,5.07,4.209,1.067,11.407
2026-09-20 04:45:00,R2,2.484,1.054,4.356,3.811,0.909,10.13
2026-09-20 05:00:00,R1,3.096,0.982,5.321,4.268,0.984,11.554
2026-09-20 05:00:00,R2,2.795,0.845,4.563,3.843,0.888,10.138
2026-09-20 05:15:00,R1,3.043,1.17,4.639,4.645,1.034,11.487
2026-09-20 05:15:00,R2,2.825,1.193,4.234,3.416,0.677,9.521
2026-09-20 05:30:00,R1,2.899,1.176,5.214,4.304,0.896,11.59
2026-09-20 05:30:00,R2,2.521,1.085,4.295,3.751,0.955,10.088
2026-09-20 05:45:00,R1,2.991,1.174,5.074,4.743,0.889,11.879
2026-09-20 05:45:00,R2,2.742,1.099,4.448,4.423,0.905,10.875
2026-09-20 06:00:00,R1,3.284,1.097,4.806,4.496,1.02,11.418
2026-09-20 06:00:00,R2,2.885,1.005,4.221,3.827,0.88,9.933
2026-09-20 06:15:00,R1,3.296,1.165,5.224,4.519,0.952,11.86
2026-09-20 06:15:00,R2,2.731,1.076,4.605,3.918,1.096,10.695
2026-09-20 06:30:00,R1,3.132,1.167,4.71,4.437,1.052,11.366
2026-09-20 06:30:00,R2,2.469,0.954,4.291,4.124,1.025,10.393
2026-09-20 06:45:00,R1,3.086,0.979,4.975,4.364,0.932,11.25
2026-09-20 06:45:00,R2,2.603,1.004,4.44,4.033,1.046,10.522
2026-09-20 07:00:00,R1,2.718,1.111,4.976,4.618,1.008,11.712
2026-09-20 07:00:00,R2,2.575,1.062,4.601,4.088,0.883,10.634
2026-09-20 07:15:00,R1,3.049,1.151,5.903,4.201,0.957,12.212
2026-09-20 07:15:00,R2,2.978,1.237,4.517,3.975,1.007,10.736
2026-09-20 07:30:00,R1,2.954,1.143,5.214,4.307,0.885,11.549
2026-09-20 07:30:00,R2,2.355,1.031,4.817,3.621,0.997,10.467
2026-09-20 07:45:00,R1,3.016,1.085,5.251,4.619,1.132,12.088
2026-09-20 07:45:00,R2,2.555,0.881,4.663,3.456,0.896,9.897
2026-09-20 08:00:00,R1,2.942,1.24,4.987,4.218,0.898,11.343
2026-09-20 08:00:00,R2,2.734,1.003,3.951,3.896,0.797,9.647
2026-09-20 08:15:00,R1,3.169,1.063,4.935,4.021,0.75,10.769
2026-09-20 08:15:00,R2,2.297,1.081,4.515,4.054,0.832,10.481
2026-09-20 08:30:00,R1,3.013,1.034,5.693,3.893,0.906,11.526
2026-09-20 08:30:00,R2,2.612,1.067,4.795,3.58,0.841,10.282
2026-09-20 08:45:00,R1,2.937,1.278,5.321,4.208,0.825,11.633
2026-09-20 08:45:00,R2,2.796,1.169,4.609,3.715,0.84,10.333
2026-09-20 09:00:00,R1,2.383,1.359,4.994,4.555,0.968,11.875
2026-09-20 09:00:00,R2,2.785,1.008,4.126,3.685,0.932,9.751
2026-09-20 09:15:00,R1,2.895,1.227,4.989,4.614,0.924,11.754
2026-09-20 09:15:00,R2,2.565,1.09,4.182,4.064,0.773,10.109
2026-09-20 09:30:00,R1,2.987,1.248,5.105,4.275,0.993,11.621
2026-09-20 09:30:00,R2,2.362,0.986,4.117,3.407,0.712,9.221
2026-09-20 09:45:00,R1,2.948,1.275,5.588,5.02,0.989,12.872
2026-09-20 09:45:00,R2,2.523,0.878,4.386,3.619,0.743,9.626
2026-09-20 10:00:00,R1,2.584,1.166,4.873,4.475,1.006,11.52
2026-09-20 10:00:00,R2,2.448,1.229,4.396,4.301,0.943,10.87
2026-09-20 10:15:00,R1,3.16,1.15,4.973,4.454,0.908,11.485
2026-09-20 10:15:00,R2,2.349,1.006,4.429,3.895,0.85,10.179
2026-09-20 10:30:00,R1,3.162,1.109,5.224,4.393,0.947,11.673
2026-09-20 10:30:00,R2,2.671,1.075,4.569,3.66,0.873,10.177
2026-09-20 10:45:00,R1,2.919,1.047,5.284,4.31,0.969,11.61
2026-09-20 10:45:00,R2,2.629,1.284,4.411,3.923,0.859,10.476
2026-09-20 11:00:00,R1,3.043,1.136,5.219,3.965,0.876,11.196
2026-09-20 11:00:00,R2,2.475,1.111,4.872,4.015,0.658,10.656
2026-09-20 11:15:00,R1,2.783,1.089,5.196,4.565,0.779,11.63
2026-09-20 11:15:00,R2,2.395,0.938,4.489,4.247,0.834,10.508
2026-09-20 11:30:00,R1,3.065,0.95,4.985,4.431,1.042,11.407
2026-09-20 11:30:00,R2,2.621,0.892,4.529,3.843,0.781,10.045
2026-09-20 11:45:00,R1,2.991,1.159,5.462,4.743,1.022,12.386
2026-09-20 11:45:00,R2,2.535,1.057,4.261,3.77,0.871,9.958
2026-09-20 12:00:00,R1,2.617,1.348,4.785,4.127,0.937,11.196
2026-09-20 12:00:00,R2,2.545,1.088,4.617,3.624,0.814,10.144
2026-09-20 12:15:00,R1,3.057,1.008,5.206,4.338,0.903,11.454
2026-09-20 12:15:00,R2,2.644,1.178,4.954,3.69,0.926,10.748
2026-09-20 12:30:00,R1,3.271,1.188,5.175,4.108,1.146,11.617
2026-09-20 12:30:00,R2,2.107,1.042,4.398,3.913,0.878,10.23
2026-09-20 12:45:00,R1,3.454,1.198,5.1,4.27,1.021,11.589
2026-09-20 12:45:00,R2,2.242,0.96,4.914,3.864,0.866,10.604
2026-09-20 13:00:00,R1,3.16,1.094,5.208,4.052,0.998,11.352
2026-09-20 13:00:00,R2,2.429,1.116,4.77,3.808,0.95,10.644
2026-09-20 13:15:00,R1,2.955,1.215,5.421,4.479,1.038,12.153
2026-09-20 13:15:00,R2,2.756,1.049,4.068,3.584,0.892,9.592
2026-09-20 13:30:00,R1,3.141,1.215,5.034,4.074,0.878,11.2
2026-09-20 13:30:00,R2,2.61,1.099,4.456,3.955,0.95,10.459
2026-09-20 13:45:00,R1,3.313,1.116,5.437,4.103,0.974,11.63
2026-09-20 13:45:00,R2,2.689,0.886,4.464,3.837,0.945,10.132
2026-09-20 14:00:00,R1,3.308,1.16,5.858,3.92,0.797,11.734
2026-09-20 14:00:00,R2,2.587,0.975,3.643,3.427,0.871,8.916
2026-09-20 14:15:00,R1,2.668,1.368,5.0,4.178,0.973,11.519
2026-09-20 14:15:00,R2,2.773,1.138,4.341,4.089,0.805,10.373
2026-09-20 14:30:00,R1,2.998,1.239,5.103,3.725,0.914,10.981
2026-09-20 14:30:00,R2,2.641,0.938,4.759,3.644,0.799,10.14
2026-09-20 14:45:00,R1,3.181,1.029,5.02,4.42,0.884,11.353
2026-09-20 14:45:00,R2,2.529,1.059,4.304,3.917,0.984,10.264
2026-09-20 15:00:00,R1,3.301,0.964,5.17,4.77,0.918,11.821
2026-09-20 15:00:00,R2,2.561,0.951,4.985,3.597,0.825,10.359
2026-09-20 15:15:00,R1,2.905,1.199,5.177,4.099,1.021,11.495
2026-09-20 15:15:00,R2,2.833,1.0,4.635,3.908,0.902,10.446
2026-09-20 15:30:00,R1,2.884,1.164,5.006,4.434,0.805,11.409
2026-09-20 15:30:00,R2,2.425,1.251,4.708,3.762,0.939,10.659
2026-09-20 15:45:00,R1,2.953,1.235,5.32,4.241,0.965,11.761
2026-09-20 15:45:00,R2,2.499,1.041,5.013,3.568,0.874,10.497
2026-09-20 16:00:00,R1,3.098,1.14,5.082,4.499,0.932,11.652
2026-09-20 16:00:00,R2,2.135,1.233,4.112,3.548,0.918,9.811
2026-09-20 16:15:00,R1,3.325,1.019,4.587,4.021,0.814,10.441
2026-09-20 16:15:00,R2,2.782,0.982,4.744,3.752,0.866,10.344
2026-09-20 16:30:00,R1,3.118,1.209,5.063,4.404,0.961,11.637
2026-09-20 16:30:00,R2,2.701,0.973,4.382,3.274,0.848,9.477
2026-09-20 16:45:00,R1,3.209,1.255,5.136,4.095,0.995,11.481
2026-09-20 16:45:00,R2,2.338,1.094,4.429,3.507,0.925,9.954
2026-09-20 17:00:00,R1,3.492,0.956,5.071,4.249,0.768,11.044
2026-09-20 17:00:00,R2,2.644,0.886,4.66,3.976,0.899,10.421
2026-09-20 17:15:00,R1,2.7,1.245,5.224,4.745,0.973,12.187
2026-09-20 17:15:00,R2,2.724,1.163,4.024,3.498,0.781,9.467
2026-09-20 17:30:00,R1,2.781,1.02,5.352,4.265,1.131,11.768
2026-09-20 17:30:00,R2,2.779,0.933,4.625,3.659,0.927,10.144
2026-09-20 17:45:00,R1,3.162,1.103,4.978,4.179,0.931,11.191
2026-09-20 17:45:00,R2,2.928,1.06,4.309,3.946,0.912,10.228
2026-09-20 18:00:00,R1,2.946,1.273,5.362,3.964,1.118,11.716
2026-09-20 18:00:00,R2,2.748,0.888,4.81,3.824,0.92,10.442
2026-09-20 18:15:00,R1,2.781,1.158,5.423,4.052,0.987,11.62
2026-09-20 18:15:00,R2,2.839,1.153,4.182,3.684,1.044,10.062
2026-09-20 18:30:00,R1,2.955,1.165,4.946,4.472,1.011,11.594
2026-09-20 18:30:00,R2,2.649,1.082,4.824,3.48,0.985,10.371
2026-09-20 18:45:00,R1,3.03,1.037,5.203,4.297,0.979,11.517
2026-09-20 18:45:00,R2,2.602,1.062,4.27,3.952,0.973,10.258
2026-09-20 19:00:00,R1,3.026,1.264,5.245,4.369,0.899,11.778
2026-09-20 19:00:00,R2,2.633,0.919,4.267,4.027,0.884,10.097
2026-09-20 19:15:00,R1,2.846,1.168,5.113,4.709,0.944,11.934
2026-09-20 19:15:00,R2,2.342,1.193,4.264,3.895,0.825,10.177
2026-09-20 19:30:00,R1,3.265,1.25,5.139,4.273,1.1,11.763
2026-09-20 19:30:00,R2,2.501,0.992,4.319,3.562,0.662,9.536
2026-09-20 19:45:00,R1,2.877,1.137,4.899,4.437,0.931,11.404
2026-09-20 19:45:00,R2,2.708,0.962,4.509,3.753,0.864,10.089
2026-09-20 20:00:00,R1,2.895,1.036,5.256,4.713,1.145,12.15
2026-09-20 20:00:00,R2,2.477,1.146,4.321,3.525,0.904,9.896
2026-09-20 20:15:00,R1,2.801,1.186,5.021,4.478,0.932,11.617
2026-09-20 20:15:00,R2,2.747,1.079,4.242,3.803,0.922,10.046
2026-09-20 20:30:00,R1,3.058,1.216,5.183,4.555,0.943,11.897
2026-09-20 20:30:00,R2,2.755,1.021,4.221,3.52,0.862,9.624
2026-09-20 20:45:00,R1,3.09,1.0,4.9,4.493,0.934,11.326
2026-09-20 20:45:00,R2,2.532,0.989,4.368,4.096,0.958,10.411
2026-09-20 21:00:00,R1,3.158,0.889,5.638,4.302,0.946,11.775
2026-09-20 21:00:00,R2,2.637,1.026,4.659,3.407,0.783,9.875
2026-09-20 21:15:00,R1,3.314,1.181,5.188,4.379,1.06,11.808
2026-09-20 21:15:00,R2,2.343,0.962,4.432,3.465,0.867,9.725
2026-09-20 21:30:00,R1,2.882,1.204,4.926,4.464,0.957,11.551
2026-09-20 21:30:00,R2,2.646,1.097,4.169,3.677,0.905,9.848
2026-09-20 21:45:00,R1,3.466,1.338,5.584,4.781,1.061,12.764
2026-09-20 21:45:00,R2,2.633,0.911,4.962,3.603,0.851,10.328
2026-09-20 22:00:00,R1,3.391,1.056,4.915,4.455,0.995,11.422
2026-09-20 22:00:00,R2,2.894,1.11,4.313,3.92,1.007,10.35
2026-09-20 22:15:00,R1,3.41,1.116,5.391,4.093,0.951,11.55
2026-09-20 22:15:00,R2,2.837,1.058,4.588,3.649,0.911,10.206
2026-09-20 22:30:00,R1,2.686,1.125,4.972,4.572,1.024,11.694
2026-09-20 22:30:00,R2,2.779,0.986,4.628,4.021,0.743,10.379
2026-09-20 22:45:00,R1,2.996,1.343,4.846,4.278,0.949,11.415
2026-09-20 22:45:00,R2,2.555,1.168,4.523,3.877,0.896,10.464
2026-09-20 23:00:00,R1,3.01,1.147,4.911,3.915,0.849,10.822
2026-09-20 23:00:00,R2,2.239,1.172,4.434,3.585,0.912,10.102
2026-09-20 23:15:00,R1,3.046,1.094,5.158,3.931,0.99,11.173
2026-09-20 23:15:00,R2,2.42,1.066,4.437,3.815,1.003,10.322
2026-09-20 23:30:00,R1,2.821,1.301,4.929,4.543,0.891,11.664
2026-09-20 23:30:00,R2,2.871,0.982,4.691,3.73,0.96,10.363
2026-09-20 23:45:00,R1,3.037,1.236,4.969,4.021,0.934,11.161
2026-09-20 23:45:00,R2,2.709,1.103,4.133,3.555,0.939,9.731
2026-09-21 00:00:00,R1,2.832,1.186,5.024,4.895,0.847,11.952
2026-09-21 00:00:00,R2,2.6,1.098,4.468,3.797,0.924,10.287
2026-09-21 00:15:00,R1,3.113,1.076,5.533,3.509,0.821,10.939
2026-09-21 00:15:00,R2,2.979,1.103,4.993,3.532,0.962,10.59
2026-09-21 00:30:00,R1,3.093,1.248,5.547,4.151,0.875,11.822
2026-09-21 00:30:00,R2,2.852,1.087,4.563,3.757,0.923,10.33
2026-09-21 00:45:00,R1,2.925,1.193,4.886,4.249,0.993,11.321
2026-09-21 00:45:00,R2,2.568,1.257,4.919,4.063,0.744,10.984
2026-09-21 01:00:00,R1,3.013,0.993,4.612,4.835,0.819,11.257
2026-09-21 01:00:00,R2,2.802,1.105,4.493,3.974,0.781,10.353
2026-09-21 01:15:00,R1,2.746,1.155,5.432,4.182,0.917,11.687
2026-09-21 01:15:00,R2,2.292,0.925,4.615,3.921,0.895,10.357
2026-09-21 01:30:00,R1,2.748,1.133,5.209,4.491,0.999,11.833
2026-09-21 01:30:00,R2,2.375,0.808,4.216,3.652,0.97,9.646
2026-09-21 01:45:00,R1,3.152,0.968,5.737,4.373,0.988,12.065
2026-09-21 01:45:00,R2,2.736,0.951,4.412,4.11,0.89,10.363
2026-09-21 02:00:00,R1,3.227,1.102,5.686,4.078,0.886,11.753
2026-09-21 02:00:00,R2,2.646,1.082,4.405,3.729,0.88,10.095
2026-09-21 02:15:00,R1,3.056,1.106,5.751,4.083,0.852,11.793
2026-09-21 02:15:00,R2,2.436,0.924,4.218,3.644,0.671,9.457
2026-09-21 02:30:00,R1,2.736,0.926,5.437,4.204,1.007,11.574
2026-09-21 02:30:00,R2,2.456,0.957,4.301,3.881,0.766,9.904
2026-09-21 02:45:00,R1,3.099,1.151,5.371,4.298,0.911,11.731
2026-09-21 02:45:00,R2,2.792,1.13,4.768,3.941,0.849,10.689
2026-09-21 03:00:00,R1,2.765,1.05,5.213,4.047,0.913,11.223
2026-09-21 03:00:00,R2,2.696,1.055,3.883,4.008,0.745,9.69
2026-09-21 03:15:00,R1,2.859,1.186,5.126,4.398,0.965,11.674
2026-09-21 03:15:00,R2,2.517,1.162,4.231,3.495,0.911,9.799
2026-09-21 03:30:00,R1,2.78,1.024,4.82,4.424,1.019,11.287
2026-09-21 03:30:00,R2,2.64,1.035,3.945,3.471,0.973,9.424
2026-09-21 03:45:00,R1,3.06,1.137,4.526,4.797,0.955,11.415
2026-09-21 03:45:00,R2,2.553,0.894,4.389,3.63,0.959,9.872
2026-09-21 04:00:00,R1,2.929,0.921,5.442,4.292,0.758,11.414
2026-09-21 04:00:00,R2,2.679,1.157,4.287,3.813,0.862,10.119
2026-09-21 04:15:00,R1,3.35,1.044,4.551,4.164,0.893,10.652
2026-09-21 04:15:00,R2,2.724,1.0,4.711,3.747,0.904,10.362
2026-09-21 04:30:00,R1,2.828,1.085,4.835,4.405,1.002,11.327
2026-09-21 04:30:00,R2,2.537,1.182,4.515,3.752,0.805,10.253
2026-09-21 04:45:00,R1,3.049,1.213,5.128,4.022,0.924,11.287
2026-09-21 04:45:00,R2,2.79,1.067,4.409,3.783,0.811,10.069
2026-09-21 05:00:00,R1,2.901,1.301,5.805,4.535,1.068,12.709
2026-09-21 05:00:00,R2,3.197,1.078,4.658,3.923,0.988,10.648
2026-09-21 05:15:00,R1,3.216,1.24,5.135,4.022,0.906,11.303
2026-09-21 05:15:00,R2,2.714,0.952,4.565,3.738,0.921,10.175
2026-09-21 05:30:00,R1,2.786,1.174,5.604,4.384,0.894,12.056
2026-09-21 05:30:00,R2,2.707,1.201,4.718,4.137,0.944,10.999
2026-09-21 05:45:00,R1,3.408,1.297,5.134,4.429,0.963,11.823
2026-09-21 05:45:00,R2,2.739,1.087,4.743,4.026,0.945,10.801
2026-09-21 06:00:00,R1,3.658,1.102,5.372,4.747,0.973,12.193
2026-09-21 06:00:00,R2,2.498,0.967,4.582,3.879,0.819,10.248
2026-09-21 06:15:00,R1,3.143,1.213,5.455,4.594,0.9,12.162
2026-09-21 06:15:00,R2,2.728,1.133,4.826,3.873,0.969,10.802
2026-09-21 06:30:00,R1,2.87,1.002,4.802,4.472,1.004,11.28
2026-09-21 06:30:00,R2,2.649,0.971,4.406,3.4,0.922,9.698
2026-09-21 06:45:00,R1,2.771,0.96,5.424,4.556,0.977,11.917
2026-09-21 06:45:00,R2,2.652,1.139,3.886,3.591,0.91,9.527
2026-09-21 07:00:00,R1,2.909,1.073,5.377,4.228,0.912,11.59
2026-09-21 07:00:00,R2,2.689,1.151,4.825,3.691,0.825,10.492
2026-09-21 07:15:00,R1,3.313,1.15,5.006,4.18,0.906,11.241
2026-09-21 07:15:00,R2,2.697,1.04,4.779,3.994,0.901,10.715
2026-09-21 07:30:00,R1,3.07,1.139,5.32,4.446,0.847,11.752
2026-09-21 07:30:00,R2,2.411,1.052,4.225,3.83,0.889,9.996
2026-09-21 07:45:00,R1,3.233,1.035,5.304,4.002,0.921,11.261
2026-09-21 07:45:00,R2,2.374,1.205,4.694,3.757,0.819,10.476
2026-09-21 08:00:00,R1,2.705,1.123,5.297,4.297,0.92,11.636
2026-09-21 08:00:00,R2,2.448,1.107,4.603,4.233,0.908,10.851
2026-09-21 08:15:00,R1,2.972,1.103,5.188,4.161,0.981,11.433
2026-09-21 08:15:00,R2,2.963,1.308,4.996,3.541,0.933,10.779
2026-09-21 08:30:00,R1,2.81,1.101,5.056,4.375,0.85,11.382
2026-09-21 08:30:00,R2,2.632,0.982,4.707,3.852,0.851,10.393
2026-09-21 08:45:00,R1,3.078,1.298,5.125,3.912,0.941,11.276
2026-09-21 08:45:00,R2,2.738,1.004,3.874,3.64,0.894,9.412
2026-09-21 09:00:00,R1,3.159,1.047,5.231,4.581,0.8,11.659
2026-09-21 09:00:00,R2,2.676,0.984,4.721,3.939,0.954,10.597
2026-09-21 09:15:00,R1,2.836,1.14,5.357,3.673,0.957,11.127
2026-09-21 09:15:00,R2,2.415,1.054,5.085,4.034,0.844,11.016
2026-09-21 09:30:00,R1,2.84,1.148,5.535,4.22,0.864,11.767
2026-09-21 09:30:00,R2,2.47,1.152,4.74,4.253,0.743,10.888
2026-09-21 09:45:00,R1,2.912,1.163,5.737,4.257,0.966,12.124
2026-09-21 09:45:00,R2,2.635,0.934,4.571,3.799,0.888,10.192
2026-09-21 10:00:00,R1,3.122,1.304,4.896,4.169,0.883,11.252
2026-09-21 10:00:00,R2,2.9,1.091,4.522,3.597,0.767,9.977
2026-09-21 10:15:00,R1,3.007,1.229,5.762,4.227,0.844,12.061
2026-09-21 10:15:00,R2,3.016,1.072,4.331,3.902,0.921,10.226
2026-09-21 10:30:00,R1,3.105,1.095,5.419,3.822,0.961,11.297
2026-09-21 10:30:00,R2,2.378,0.984,4.357,3.842,0.904,10.087
2026-09-21 10:45:00,R1,3.235,1.018,5.35,4.359,0.802,11.528
2026-09-21 10:45:00,R2,2.802,1.084,4.969,4.139,0.768,10.96
2026-09-21 11:00:00,R1,3.227,0.991,5.229,4.521,0.98,11.72
2026-09-21 11:00:00,R2,2.267,0.94,4.594,3.634,0.916,10.085
2026-09-21 11:15:00,R1,2.804,1.159,5.228,4.216,0.845,11.448
2026-09-21 11:15:00,R2,2.418,1.149,4.374,3.606,0.789,9.918
2026-09-21 11:30:00,R1,2.909,1.199,5.22,4.335,0.897,11.652
2026-09-21 11:30:00,R2,2.575,1.11,4.277,3.995,1.017,10.399
2026-09-21 11:45:00,R1,3.165,1.285,5.305,4.161,1.042,11.793
2026-09-21 11:45:00,R2,2.53,1.011,4.669,3.781,0.978,10.44
2026-09-21 12:00:00,R1,3.024,1.145,5.095,4.644,0.895,11.78
2026-09-21 12:00:00,R2,2.485,1.14,5.226,3.801,0.904,11.071
2026-09-21 12:15:00,R1,2.945,1.132,5.445,4.354,0.93,11.86
2026-09-21 12:15:00,R2,2.684,0.837,4.68,4.366,0.932,10.814
2026-09-21 12:30:00,R1,3.0,1.065,5.197,4.139,1.136,11.537
2026-09-21 12:30:00,R2,2.51,1.121,4.608,3.826,0.954,10.509
2026-09-21 12:45:00,R1,3.331,1.232,5.192,4.458,0.961,11.843
2026-09-21 12:45:00,R2,2.618,0.942,4.736,3.816,0.874,10.368
2026-09-21 13:00:00,R1,2.903,1.091,5.234,4.592,0.97,11.887
2026-09-21 13:00:00,R2,2.634,1.216,4.502,3.571,1.031,10.32
2026-09-21 13:15:00,R1,2.849,1.109,5.351,4.284,0.887,11.631
2026-09-21 13:15:00,R2,3.147,1.063,4.254,3.711,0.943,9.972
2026-09-21 13:30:00,R1,3.285,1.222,4.927,5.092,0.909,12.15
2026-09-21 13:30:00,R2,2.576,1.128,4.856,4.054,0.84,10.878
2026-09-21 13:45:00,R1,3.009,0.977,5.641,4.111,0.865,11.594
2026-09-21 13:45:00,R2,2.621,1.18,4.555,4.045,0.838,10.618
2026-09-21 14:00:00,R1,3.167,1.221,4.821,4.389,0.97,11.402
2026-09-21 14:00:00,R2,3.011,1.089,5.023,3.756,0.848,10.716
2026-09-21 14:15:00,R1,3.105,1.072,4.83,4.364,0.851,11.116
2026-09-21 14:15:00,R2,2.484,0.888,4.808,4.384,0.767,10.846
2026-09-21 14:30:00,R1,2.987,0.857,5.345,4.351,1.022,11.575
2026-09-21 14:30:00,R2,2.455,1.04,4.621,4.095,0.824,10.58
2026-09-21 14:45:00,R1,2.952,0.95,5.231,4.576,0.857,11.614
2026-09-21 14:45:00,R2,2.57,1.102,4.504,3.91,0.772,10.288
2026-09-21 15:00:00,R1,2.772,1.301,5.22,4.071,0.959,11.551
2026-09-21 15:00:00,R2,2.39,1.212,4.67,3.375,0.746,10.002
2026-09-21 15:15:00,R1,2.764,1.157,5.694,3.982,0.996,11.829
2026-09-21 15:15:00,R2,2.768,1.22,4.778,3.68,0.855,10.533
2026-09-21 15:30:00,R1,3.053,1.084,5.304,4.558,1.094,12.04
2026-09-21 15:30:00,R2,2.529,1.11,4.922,3.521,0.837,10.39
2026-09-21 15:45:00,R1,2.514,1.067,5.268,4.071,0.906,11.312
2026-09-21 15:45:00,R2,2.403,1.054,4.169,3.77,0.941,9.933
2026-09-21 16:00:00,R1,3.342,1.202,5.031,4.295,0.887,11.415
2026-09-21 16:00:00,R2,2.479,0.813,4.848,3.897,0.96,10.518
2026-09-21 16:15:00,R1,2.821,1.421,4.76,4.009,0.915,11.106
2026-09-21 16:15:00,R2,2.433,1.17,4.805,4.003,1.039,11.018
2026-09-21 16:30:00,R1,2.997,1.249,5.357,4.288,0.991,11.883
2026-09-21 16:30:00,R2,2.524,1.034,4.828,3.86,0.953,10.676
2026-09-21 16:45:00,R1,3.369,1.347,4.851,4.284,0.932,11.414
2026-09-21 16:45:00,R2,2.409,1.03,4.814,3.979,0.882,10.705
2026-09-21 17:00:00,R1,3.101,1.078,4.779,4.46,1.008,11.324
2026-09-21 17:00:00,R2,2.319,1.072,4.15,3.845,0.864,9.93
2026-09-21 17:15:00,R1,3.111,1.259,5.321,4.784,1.097,12.461
2026-09-21 17:15:00,R2,2.362,1.101,4.468,3.375,0.982,9.925
2026-09-21 17:30:00,R1,2.821,1.163,5.208,4.095,0.845,11.311
2026-09-21 17:30:00,R2,2.439,1.05,4.439,3.825,0.917,10.231
2026-09-21 17:45:00,R1,3.455,1.054,4.859,4.228,0.952,11.092
2026-09-21 17:45:00,R2,2.685,1.148,4.745,3.484,0.841,10.218
2026-09-21 18:00:00,R1,2.96,1.221,4.909,4.181,1.114,11.424
2026-09-21 18:00:00,R2,2.623,0.964,3.523,3.504,0.847,8.837
2026-09-21 18:15:00,R1,3.133,1.049,5.291,4.488,1.072,11.901
2026-09-21 18:15:00,R2,3.154,1.108,4.635,3.757,0.914,10.415
2026-09-21 18:30:00,R1,3.237,1.018,5.487,4.218,0.815,11.538
2026-09-21 18:30:00,R2,2.589,1.042,4.365,3.428,0.882,9.716
2026-09-21 18:45:00,R1,3.053,1.272,5.565,4.453,1.017,12.307
2026-09-21 18:45:00,R2,2.465,1.01,4.359,3.66,0.923,9.952
2026-09-21 19:00:00,R1,3.009,1.08,5.604,4.444,0.773,11.901
2026-09-21 19:00:00,R2,2.931,1.167,4.648,3.716,0.907,10.439
2026-09-21 19:15:00,R1,3.051,1.222,5.227,4.14,0.875,11.465
2026-09-21 19:15:00,R2,2.197,1.115,4.648,3.784,0.999,10.546
2026-09-21 19:30:00,R1,2.767,1.2,4.985,4.463,0.855,11.504
2026-09-21 19:30:00,R2,2.664,1.028,4.169,4.125,0.913,10.236
2026-09-21 19:45:00,R1,3.102,1.266,4.912,3.946,0.908,11.032
2026-09-21 19:45:00,R2,2.347,0.997,4.368,3.578,0.92,9.864
2026-09-21 20:00:00,R1,2.926,1.025,5.736,4.367,0.937,12.066
2026-09-21 20:00:00,R2,2.617,1.129,4.488,3.711,0.781,10.109
2026-09-21 20:15:00,R1,2.823,1.124,5.461,4.258,0.971,11.814
2026-09-21 20:15:00,R2,2.288,0.914,4.345,3.818,0.991,10.068
2026-09-21 20:30:00,R1,3.346,1.111,5.049,4.097,1.027,11.283
2026-09-21 20:30:00,R2,2.802,1.053,4.432,3.855,1.068,10.407
2026-09-21 20:45:00,R1,3.243,1.214,4.901,4.195,1.046,11.356
2026-09-21 20:45:00,R2,2.516,1.124,4.204,3.918,0.955,10.2
2026-09-21 21:00:00,R1,2.964,1.234,4.817,4.278,1.143,11.472
2026-09-21 21:00:00,R2,2.571,1.211,4.431,3.631,0.878,10.151
2026-09-21 21:15:00,R1,2.615,1.234,5.614,4.069,0.918,11.834
2026-09-21 21:15:00,R2,2.716,1.097,4.281,3.851,0.921,10.15
2026-09-21 21:30:00,R1,2.894,1.293,4.925,3.964,1.055,11.236
2026-09-21 21:30:00,R2,2.836,0.917,3.869,3.64,0.974,9.401
2026-09-21 21:45:00,R1,3.296,1.236,5.382,4.174,0.905,11.698
2026-09-21 21:45:00,R2,2.945,0.988,4.631,4.033,0.763,10.415
2026-09-21 22:00:00,R1,3.413,1.076,5.719,4.453,0.999,12.246
2026-09-21 22:00:00,R2,2.948,1.069,4.555,3.714,0.905,10.243
2026-09-21 22:15:00,R1,2.934,1.057,5.383,3.957,1.206,11.603
2026-09-21 22:15:00,R2,2.322,0.931,4.068,4.102,0.968,10.069
2026-09-21 22:30:00,R1,3.227,1.137,5.191,4.619,1.082,12.029
2026-09-21 22:30:00,R2,2.688,0.888,4.647,3.982,0.795,10.313
2026-09-21 22:45:00,R1,2.352,1.179,5.281,3.852,0.831,11.144
2026-09-21 22:45:00,R2,2.887,1.022,4.679,3.835,0.896,10.432
2026-09-21 23:00:00,R1,2.895,1.221,5.225,4.295,0.958,11.699
2026-09-21 23:00:00,R2,2.624,0.957,4.424,3.457,0.911,9.749
2026-09-21 23:15:00,R1,2.935,1.236,5.186,4.12,1.037,11.578
2026-09-21 23:15:00,R2,2.741,1.089,4.139,3.724,0.831,9.784
2026-09-21 23:30:00,R1,3.006,1.107,5.228,4.207,0.848,11.39
2026-09-21 23:30:00,R2,2.852,1.184,4.546,4.037,0.804,10.57
2026-09-21 23:45:00,R1,3.186,1.18,4.961,4.442,0.963,11.546
2026-09-21 23:45:00,R2,2.626,0.965,4.371,3.688,0.877,9.9
2026-09-22 00:00:00,R1,3.231,1.028,5.094,4.159,0.929,11.21
2026-09-22 00:00:00,R2,2.33,0.954,4.187,3.318,0.832,9.291
2026-09-22 00:15:00,R1,2.786,1.197,5.072,4.392,0.859,11.52
2026-09-22 00:15:00,R2,2.261,1.017,3.99,4.02,0.712,9.739
2026-09-22 00:30:00,R1,3.158,1.068,5.327,4.832,0.973,12.2
2026-09-22 00:30:00,R2,2.617,0.884,4.351,4.073,0.872,10.179
2026-09-22 00:45:00,R1,2.807,1.094,5.823,4.357,0.967,12.241
2026-09-22 00:45:00,R2,2.388,1.031,4.206,3.368,0.878,9.482
2026-09-22 01:00:00,R1,2.925,1.131,5.146,4.291,1.105,11.672
2026-09-22 01:00:00,R2,2.77,1.222,4.683,3.493,0.774,10.172
2026-09-22 01:15:00,R1,3.013,1.04,5.109,4.195,0.873,11.217
2026-09-22 01:15:00,R2,2.439,1.04,4.022,4.033,0.885,9.979
2026-09-22 01:30:00,R1,2.902,0.989,5.188,4.522,0.869,11.569
2026-09-22 01:30:00,R2,2.575,1.423,4.554,3.548,0.731,10.257
2026-09-22 01:45:00,R1,2.979,1.165,4.806,4.426,0.936,11.333
2026-09-22 01:45:00,R2,2.627,1.249,4.63,3.826,1.057,10.762
2026-09-22 02:00:00,R1,3.174,1.171,5.788,4.151,0.9,12.009
2026-09-22 02:00:00,R2,2.685,1.058,5.13,3.967,0.941,11.096
2026-09-22 02:15:00,R1,2.868,0.97,5.219,4.053,0.965,11.207
2026-09-22 02:15:00,R2,3.138,1.162,4.345,4.132,1.038,10.677
2026-09-22 02:30:00,R1,3.115,1.092,5.12,3.879,0.938,11.029
2026-09-22 02:30:00,R2,2.493,0.878,4.356,3.442,0.787,9.463
2026-09-22 02:45:00,R1,3.081,1.111,4.99,3.96,0.962,11.023
2026-09-22 02:45:00,R2,2.724,1.005,4.66,3.485,0.95,10.1
2026-09-22 03:00:00,R1,3.309,1.275,5.341,4.218,0.803,11.637
2026-09-22 03:00:00,R2,2.505,1.005,4.56,4.015,0.872,10.453
2026-09-22 03:15:00,R1,2.937,1.08,4.617,3.861,1.003,10.562
2026-09-22 03:15:00,R2,2.672,0.946,4.076,3.977,0.82,9.819
2026-09-22 03:30:00,R1,3.167,1.036,5.75,4.008,0.876,11.67
2026-09-22 03:30:00,R2,2.698,1.005,4.093,3.539,0.735,9.371
2026-09-22 03:45:00,R1,2.903,1.162,5.451,4.336,0.838,11.787
2026-09-22 03:45:00,R2,2.431,0.922,4.154,3.563,0.775,9.414
2026-09-22 04:00:00,R1,3.1,1.253,5.083,4.282,0.898,11.516
2026-09-22 04:00:00,R2,2.591,1.041,4.339,4.293,0.773,10.446
2026-09-22 04:15:00,R1,3.19,1.133,5.339,4.243,0.927,11.642
2026-09-22 04:15:00,R2,2.517,1.017,4.502,3.771,0.761,10.051
2026-09-22 04:30:00,R1,2.836,1.007,5.181,4.395,0.965,11.549
2026-09-22 04:30:00,R2,2.514,1.009,4.345,3.785,0.899,10.038
2026-09-22 04:45:00,R1,2.639,1.221,5.581,3.964,0.872,11.639
2026-09-22 04:45:00,R2,2.853,1.088,4.039,3.914,0.836,9.876
2026-09-22 05:00:00,R1,3.025,0.921,4.907,3.88,0.966,10.675
2026-09-22 05:00:00,R2,2.381,1.004,4.546,3.695,0.878,10.123
2026-09-22 05:15:00,R1,3.175,1.25,4.978,4.419,0.978,11.625
2026-09-22 05:15:00,R2,2.752,1.013,4.203,3.755,0.887,9.858
2026-09-22 05:30:00,R1,2.713,1.101,5.169,4.515,0.947,11.731
2026-09-22 05:30:00,R2,2.714,0.908,4.283,3.8,0.862,9.854
2026-09-22 05:45:00,R1,2.742,1.113,5.038,4.064,0.937,11.152
2026-09-22 05:45:00,R2,2.653,0.963,4.308,3.852,0.981,10.104
2026-09-22 06:00:00,R1,3.616,1.181,4.923,4.322,0.922,11.349
2026-09-22 06:00:00,R2,3.113,1.11,4.31,3.715,1.02,10.155
2026-09-22 06:15:00,R1,2.742,1.152,4.404,3.955,0.929,10.439
2026-09-22 06:15:00,R2,2.667,0.988,4.554,4.101,0.822,10.464
2026-09-22 06:30:00,R1,2.717,1.141,5.017,3.969,0.855,10.982
2026-09-22 06:30:00,R2,2.639,0.884,3.992,3.615,0.898,9.389
2026-09-22 06:45:00,R1,2.991,1.284,5.367,3.942,0.987,11.579
2026-09-22 06:45:00,R2,2.998,1.105,4.778,3.703,0.981,10.566
2026-09-22 07:00:00,R1,2.959,1.147,4.429,4.303,0.985,10.864
2026-09-22 07:00:00,R2,2.57,0.964,4.302,3.869,0.844,9.978
2026-09-22 07:15:00,R1,3.069,1.146,5.419,4.259,0.933,11.757
2026-09-22 07:15:00,R2,2.097,0.914,4.934,3.833,0.865,10.546
2026-09-22 07:30:00,R1,2.985,1.187,5.162,4.213,0.796,11.359
2026-09-22 07:30:00,R2,2.706,1.065,4.05,3.768,0.932,9.816
2026-09-22 07:45:00,R1,3.032,1.286,5.126,4.266,1.013,11.691
2026-09-22 07:45:00,R2,2.596,1.002,4.648,3.825,0.948,10.423
2026-09-22 08:00:00,R1,3.0,1.089,5.432,4.162,0.862,11.546
2026-09-22 08:00:00,R2,3.004,1.079,4.286,3.49,0.839,9.694
2026-09-22 08:15:00,R1,3.188,1.061,5.16,4.075,0.864,11.16
2026-09-22 08:15:00,R2,2.739,0.972,4.682,3.407,0.875,9.935
2026-09-22 08:30:00,R1,3.222,1.171,5.522,4.467,1.02,12.18
2026-09-22 08:30:00,R2,2.174,1.003,4.659,3.977,0.841,10.479
2026-09-22 08:45:00,R1,3.1,1.149,5.148,3.963,0.835,11.095
2026-09-22 08:45:00,R2,2.843,0.812,4.673,3.738,0.924,10.148
2026-09-22 09:00:00,R1,3.314,1.093,5.09,3.847,0.952,10.981
2026-09-22 09:00:00,R2,2.717,1.056,4.345,3.704,0.9,10.005
2026-09-22 09:15:00,R1,3.185,1.137,5.245,4.265,1.006,11.653
2026-09-22 09:15:00,R2,2.88,1.093,4.528,4.301,0.842,10.764
2026-09-22 09:30:00,R1,2.833,1.224,5.196,4.31,0.902,11.631
2026-09-22 09:30:00,R2,2.722,1.154,4.5,3.718,0.987,10.358
2026-09-22 09:45:00,R1,3.148,1.052,5.058,4.573,1.007,11.69
2026-09-22 09:45:00,R2,2.506,1.253,4.523,3.305,0.904,9.986
2026-09-22 10:00:00,R1,2.714,1.019,4.972,4.425,0.912,11.328
2026-09-22 10:00:00,R2,2.581,1.204,4.329,3.644,0.894,10.07
2026-09-22 10:15:00,R1,2.935,1.177,5.443,4.213,1.09,11.922
2026-09-22 10:15:00,R2,2.546,1.027,4.699,4.073,0.986,10.785
2026-09-22 10:30:00,R1,3.155,1.086,5.012,4.371,0.918,11.387
2026-09-22 10:30:00,R2,2.675,1.013,4.628,3.755,0.782,10.177
2026-09-22 10:45:00,R1,2.926,1.289,5.591,4.429,0.965,12.274
2026-09-22 10:45:00,R2,2.49,1.083,4.88,3.928,0.837,10.728
2026-09-22 11:00:00,R1,3.184,1.052,5.014,4.62,0.837,11.524
2026-09-22 11:00:00,R2,2.177,1.058,4.439,4.22,0.96,10.678
2026-09-22 11:15:00,R1,3.238,1.072,5.6,4.119,0.913,11.704
2026-09-22 11:15:00,R2,2.586,0.878,4.47,3.572,1.005,9.926
2026-09-22 11:30:00,R1,2.529,1.14,4.786,4.352,0.91,11.188
2026-09-22 11:30:00,R2,2.873,0.949,4.545,3.732,0.821,10.047
2026-09-22 11:45:00,R1,2.675,1.207,5.339,4.228,0.937,11.71
2026-09-22 11:45:00,R2,2.391,1.021,4.531,3.694,0.784,10.031
2026-09-22 12:00:00,R1,2.967,1.205,4.741,4.233,0.843,11.021
2026-09-22 12:00:00,R2,2.519,0.993,4.334,3.854,0.831,10.012
2026-09-22 12:15:00,R1,3.252,1.088,5.032,4.056,0.938,11.113
2026-09-22 12:15:00,R2,2.809,1.087,4.421,4.324,0.82,10.653
2026-09-22 12:30:00,R1,3.063,1.188,4.916,4.41,0.831,11.345
2026-09-22 12:30:00,R2,2.546,1.125,4.77,3.567,0.882,10.343
2026-09-22 12:45:00,R1,3.316,0.916,5.232,4.642,0.858,11.648
2026-09-22 12:45:00,R2,2.977,0.915,4.497,3.822,0.869,10.103
2026-09-22 13:00:00,R1,2.755,1.393,5.331,4.135,0.855,11.714
2026-09-22 13:00:00,R2,2.552,1.03,5.002,3.244,0.909,10.184
2026-09-22 13:15:00,R1,2.815,1.25,5.653,4.09,0.982,11.974
2026-09-22 13:15:00,R2,2.719,0.958,4.507,3.675,0.931,10.072
2026-09-22 13:30:00,R1,3.088,1.132,5.155,4.087,0.908,11.282
2026-09-22 13:30:00,R2,2.617,0.993,3.959,3.719,1.06,9.731
2026-09-22 13:45:00,R1,3.101,1.302,5.282,4.072,0.958,11.614
2026-09-22 13:45:00,R2,2.296,1.009,4.873,4.503,0.992,11.377
2026-09-22 14:00:00,R1,3.478,1.117,4.964,4.293,0.808,11.182
2026-09-22 14:00:00,R2,2.917,1.22,4.614,3.944,0.934,10.712
2026-09-22 14:15:00,R1,3.168,1.26,5.038,4.342,0.991,11.631
2026-09-22 14:15:00,R2,2.672,1.11,4.288,3.413,1.001,9.812
2026-09-22 14:30:00,R1,3.218,1.192,5.303,4.436,0.975,11.906
2026-09-22 14:30:00,R2,2.7,1.074,4.868,3.728,0.993,10.662
2026-09-22 14:45:00,R1,3.025,1.215,5.304,3.962,0.913,11.395
2026-09-22 14:45:00,R2,2.686,1.173,4.228,3.72,0.937,10.058
2026-09-22 15:00:00,R1,2.746,1.158,5.087,4.383,0.957,11.585
2026-09-22 15:00:00,R2,2.682,1.125,4.621,3.75,0.812,10.307
2026-09-22 15:15:00,R1,3.023,1.158,5.123,3.824,0.94,11.046
2026-09-22 15:15:00,R2,2.699,0.999,4.499,3.87,0.949,10.317
2026-09-22 15:30:00,R1,3.115,0.978,5.084,3.934,0.947,10.942
2026-09-22 15:30:00,R2,2.99,0.895,4.157,4.088,0.867,10.007
2026-09-22 15:45:00,R1,2.771,1.249,5.255,4.605,0.815,11.925
2026-09-22 15:45:00,R2,2.357,0.915,4.694,4.118,0.983,10.709
2026-09-22 16:00:00,R1,2.974,1.072,5.156,4.26,0.872,11.361
2026-09-22 16:00:00,R2,3.134,1.063,4.13,3.965,0.965,10.122
2026-09-22 16:15:00,R1,2.581,1.248,5.438,4.791,0.783,12.261
2026-09-22 16:15:00,R2,2.629,1.059,4.077,3.941,0.848,9.925
2026-09-22 16:30:00,R1,3.784,1.135,5.304,3.638,1.048,11.123
2026-09-22 16:30:00,R2,2.879,1.02,4.325,4.299,0.928,10.571
2026-09-22 16:45:00,R1,3.225,1.173,5.147,4.432,0.97,11.721
2026-09-22 16:45:00,R2,2.464,1.109,4.377,4.223,1.017,10.726
2026-09-22 17:00:00,R1,3.087,1.129,4.523,4.456,0.898,11.006
2026-09-22 17:00:00,R2,2.834,0.922,4.886,3.841,0.885,10.534
2026-09-22 17:15:00,R1,2.81,1.243,5.076,4.062,1.062,11.443
2026-09-22 17:15:00,R2,2.241,1.06,3.96,4.064,0.781,9.865
2026-09-22 17:30:00,R1,2.978,1.23,5.396,3.937,0.864,11.427
2026-09-22 17:30:00,R2,2.597,0.998,4.4,3.545,0.881,9.824
2026-09-22 17:45:00,R1,3.259,1.087,5.27,3.843,0.943,11.144
2026-09-22 17:45:00,R2,2.661,1.08,4.178,3.635,0.857,9.749
2026-09-22 18:00:00,R1,2.941,1.198,5.314,4.373,0.854,11.737
2026-09-22 18:00:00,R2,2.27,0.901,3.963,3.411,0.853,9.128
2026-09-22 18:15:00,R1,2.952,1.085,5.54,4.548,0.939,12.113
2026-09-22 18:15:00,R2,2.776,1.069,4.192,3.728,0.916,9.905
2026-09-22 18:30:00,R1,3.188,1.115,5.652,3.901,0.952,11.619
2026-09-22 18:30:00,R2,2.332,1.03,4.053,3.787,0.98,9.85
2026-09-22 18:45:00,R1,3.031,1.209,5.16,4.043,1.029,11.441
2026-09-22 18:45:00,R2,2.627,1.151,4.355,3.923,0.902,10.331
2026-09-22 19:00:00,R1,3.045,1.127,5.082,4.278,1.026,11.513
2026-09-22 19:00:00,R2,2.443,0.994,4.699,3.585,0.836,10.114
2026-09-22 19:15:00,R1,3.305,1.199,5.369,4.432,1.064,12.064
2026-09-22 19:15:00,R2,2.737,1.202,4.747,3.612,0.909,10.47
2026-09-22 19:30:00,R1,3.145,0.97,5.139,4.825,1.021,11.955
2026-09-22 19:30:00,R2,2.468,1.061,4.572,4.264,0.994,10.891
2026-09-22 19:45:00,R1,2.941,1.003,4.993,3.877,0.949,10.821
2026-09-22 19:45:00,R2,2.706,1.131,4.55,3.583,0.817,10.081
2026-09-22 20:00:00,R1,2.783,1.058,5.127,4.104,1.086,11.374
2026-09-22 20:00:00,R2,2.524,1.023,4.539,3.548,0.926,10.036
2026-09-22 20:15:00,R1,3.194,1.11,4.946,4.342,1.014,11.411
2026-09-22 20:15:00,R2,2.556,1.122,4.793,3.773,0.856,10.544
2026-09-22 20:30:00,R1,2.828,1.284,5.398,4.233,0.915,11.829
2026-09-22 20:30:00,R2,1.965,0.99,4.51,3.66,0.835,9.995
2026-09-22 20:45:00,R1,2.667,1.227,4.971,4.322,0.96,11.481
2026-09-22 20:45:00,R2,2.749,0.954,4.016,3.954,1.049,9.971
2026-09-22 21:00:00,R1,3.113,0.962,4.841,4.569,0.95,11.321
2026-09-22 21:00:00,R2,2.707,1.164,4.389,3.895,0.752,10.2
2026-09-22 21:15:00,R1,3.127,1.175,5.481,4.209,0.888,11.752
2026-09-22 21:15:00,R2,2.696,1.021,4.602,3.626,0.863,10.112
2026-09-22 21:30:00,R1,3.022,0.986,4.604,4.237,0.938,10.765
2026-09-22 21:30:00,R2,2.583,0.92,4.118,3.856,0.97,9.864
2026-09-22 21:45:00,R1,3.14,1.234,4.914,4.624,0.979,11.751
2026-09-22 21:45:00,R2,2.566,1.009,4.684,4.027,0.932,10.652
2026-09-22 22:00:00,R1,3.439,1.1,5.183,4.44,0.962,11.684
2026-09-22 22:00:00,R2,2.957,1.027,4.124,3.652,0.787,9.591
2026-09-22 22:15:00,R1,2.959,1.087,5.663,4.643,1.027,12.419
2026-09-22 22:15:00,R2,2.681,0.95,4.431,3.904,0.873,10.158
2026-09-22 22:30:00,R1,2.786,1.099,4.768,4.271,0.79,10.928
2026-09-22 22:30:00,R2,2.793,1.309,4.779,3.96,0.863,10.912
2026-09-22 22:45:00,R1,2.628,1.089,4.933,4.49,1.03,11.542
2026-09-22 22:45:00,R2,2.531,1.146,4.371,3.516,0.847,9.88
2026-09-22 23:00:00,R1,2.741,1.162,5.613,4.279,0.953,12.007
2026-09-22 23:00:00,R2,2.763,1.039,4.895,4.043,0.962,10.939
2026-09-22 23:15:00,R1,2.824,1.085,5.651,4.025,1.036,11.798
2026-09-22 23:15:00,R2,2.721,0.956,4.244,4.081,1.024,10.304
2026-09-22 23:30:00,R1,2.836,1.23,4.752,4.506,1.003,11.491
2026-09-22 23:30:00,R2,2.5,1.087,4.43,3.583,0.965,10.066
2026-09-22 23:45:00,R1,3.08,1.103,5.686,4.269,0.779,11.838
2026-09-22 23:45:00,R2,2.381,0.918,4.72,3.473,0.903,10.014
2026-09-23 00:00:00,R1,3.026,1.105,5.597,4.504,1.007,12.212
2026-09-23 00:00:00,R2,2.23,1.016,4.442,3.762,0.941,10.161
2026-09-23 00:15:00,R1,2.954,1.131,5.524,4.3,0.978,11.932
2026-09-23 00:15:00,R2,2.629,0.935,4.224,4.0,0.894,10.052
2026-09-23 00:30:00,R1,3.031,1.103,5.377,4.227,1.061,11.767
2026-09-23 00:30:00,R2,2.505,1.022,4.368,3.973,0.854,10.217
2026-09-23 00:45:00,R1,2.711,0.977,5.158,4.379,0.97,11.483
2026-09-23 00:45:00,R2,2.724,1.005,4.439,4.085,0.724,10.254
2026-09-23 01:00:00,R1,3.221,1.111,5.36,4.177,1.052,11.701
2026-09-23 01:00:00,R2,2.541,1.056,4.962,3.718,0.903,10.64
2026-09-23 01:15:00,R1,3.442,1.097,5.001,4.167,0.973,11.238
2026-09-23 01:15:00,R2,2.71,1.056,5.415,4.129,0.98,11.58
2026-09-23 01:30:00,R1,3.247,1.139,5.27,4.374,0.895,11.677
2026-09-23 01:30:00,R2,2.521,1.007,4.587,3.941,0.948,10.483
2026-09-23 01:45:00,R1,3.349,1.117,5.105,4.015,0.893,11.131
2026-09-23 01:45:00,R2,2.136,0.924,4.194,3.646,0.89,9.654
2026-09-23 02:00:00,R1,3.041,1.247,5.143,4.215,0.975,11.581
2026-09-23 02:00:00,R2,2.871,1.226,4.375,3.482,0.954,10.037
2026-09-23 02:15:00,R1,2.892,1.106,5.356,4.406,0.987,11.854
2026-09-23 02:15:00,R2,2.512,0.944,4.635,3.952,0.896,10.427
2026-09-23 02:30:00,R1,3.058,1.237,5.67,4.15,0.98,12.037
2026-09-23 02:30:00,R2,2.623,0.932,4.503,4.172,0.942,10.549
2026-09-23 02:45:00,R1,2.909,1.299,5.121,4.039,0.958,11.417
2026-09-23 02:45:00,R2,2.473,1.104,4.32,3.257,0.835,9.516
2026-09-23 03:00:00,R1,3.063,1.131,4.797,4.292,0.949,11.169
2026-09-23 03:00:00,R2,2.412,0.972,4.41,3.334,0.886,9.601
2026-09-23 03:15:00,R1,2.874,1.044,4.843,4.433,0.922,11.242
2026-09-23 03:15:00,R2,2.386,0.976,4.655,3.878,0.75,10.259
2026-09-23 03:30:00,R1,3.191,1.13,5.664,4.63,0.946,12.37
2026-09-23 03:30:00,R2,2.615,1.079,4.482,3.721,0.873,10.155
2026-09-23 03:45:00,R1,2.975,1.067,5.256,3.944,0.931,11.198
2026-09-23 03:45:00,R2,2.617,1.017,4.591,4.588,1.008,11.205
2026-09-23 04:00:00,R1,2.959,1.115,4.976,4.26,0.994,11.345
2026-09-23 04:00:00,R2,2.609,0.981,4.617,3.645,0.801,10.045
2026-09-23 04:15:00,R1,2.776,1.12,5.313,4.294,0.998,11.726
2026-09-23 04:15:00,R2,2.454,0.98,5.206,4.022,0.904,11.113
2026-09-23 04:30:00,R1,2.655,1.063,4.888,4.359,0.914,11.224
2026-09-23 04:30:00,R2,2.806,0.887,4.867,3.561,0.861,10.176
2026-09-23 04:45:00,R1,2.911,1.044,5.3,4.333,0.857,11.534
2026-09-23 04:45:00,R2,2.711,1.104,4.508,4.171,0.889,10.671
2026-09-23 05:00:00,R1,2.784,1.159,5.33,4.228,1.011,11.728
2026-09-23 05:00:00,R2,2.635,1.052,4.449,3.773,1.028,10.302
2026-09-23 05:15:00,R1,2.632,1.197,4.539,4.701,0.997,11.434
2026-09-23 05:15:00,R2,2.37,1.118,5.036,3.616,0.878,10.647
2026-09-23 05:30:00,R1,2.95,1.063,5.08,4.326,0.995,11.464
2026-09-23 05:30:00,R2,2.344,0.965,5.118,3.74,0.753,10.576
2026-09-23 05:45:00,R1,2.94,1.272,5.321,4.387,0.949,11.929
2026-09-23 05:45:00,R2,2.778,1.396,4.31,4.407,0.995,11.109
2026-09-23 06:00:00,R1,3.275,1.089,5.802,3.973,0.96,11.824
2026-09-23 06:00:00,R2,3.307,0.935,4.262,4.14,0.903,10.24
2026-09-23 06:15:00,R1,3.036,1.089,5.082,4.27,1.002,11.442
2026-09-23 06:15:00,R2,2.464,1.154,4.335,3.875,0.892,10.255
2026-09-23 06:30:00,R1,3.464,1.15,4.894,4.569,0.951,11.566
2026-09-23 06:30:00,R2,2.811,0.896,4.335,3.852,1.086,10.169
2026-09-23 06:45:00,R1,3.106,1.206,4.481,4.386,1.038,11.111
2026-09-23 06:45:00,R2,2.653,1.04,4.78,3.574,0.99,10.384
2026-09-23 07:00:00,R1,2.863,1.28,5.177,4.735,0.84,12.032
2026-09-23 07:00:00,R2,2.572,1.059,4.059,3.926,0.754,9.799
2026-09-23 07:15:00,R1,3.018,1.232,5.001,4.01,0.948,11.191
2026-09-23 07:15:00,R2,2.804,1.063,4.519,3.66,0.832,10.074
2026-09-23 07:30:00,R1,3.043,1.145,5.608,4.364,0.938,12.054
2026-09-23 07:30:00,R2,2.453,0.961,5.393,3.886,0.795,11.035
2026-09-23 07:45:00,R1,3.212,1.202,5.591,4.523,0.964,12.28
2026-09-23 07:45:00,R2,2.477,1.076,3.747,3.653,0.805,9.281
2026-09-23 08:00:00,R1,2.926,1.163,5.792,4.565,0.987,12.506
2026-09-23 08:00:00,R2,2.703,1.123,4.599,3.543,0.843,10.108
2026-09-23 08:15:00,R1,2.941,1.096,5.007,4.027,1.033,11.164
2026-09-23 08:15:00,R2,2.597,0.862,4.097,4.038,0.88,9.877
2026-09-23 08:30:00,R1,3.285,1.265,5.553,4.484,0.86,12.162
2026-09-23 08:30:00,R2,2.318,1.224,4.584,3.623,0.709,10.14
2026-09-23 08:45:00,R1,3.454,1.172,5.197,4.285,0.908,11.561
2026-09-23 08:45:00,R2,2.613,1.089,4.618,3.817,0.937,10.462
2026-09-23 09:00:00,R1,2.95,1.078,5.037,4.503,1.062,11.68
2026-09-23 09:00:00,R2,2.676,1.154,4.78,4.021,0.972,10.927
2026-09-23 09:15:00,R1,3.18,1.165,5.471,4.391,1.037,12.064
2026-09-23 09:15:00,R2,2.954,1.072,4.664,4.085,0.894,10.715
2026-09-23 09:30:00,R1,2.935,1.376,5.598,4.694,1.028,12.696
2026-09-23 09:30:00,R2,3.102,1.041,3.94,3.569,0.906,9.456
2026-09-23 09:45:00,R1,3.048,1.123,4.818,4.487,1.004,11.433
2026-09-23 09:45:00,R2,2.82,1.08,5.203,3.753,0.78,10.816
2026-09-23 10:00:00,R1,2.804,1.148,5.1,4.382,0.922,11.553
2026-09-23 10:00:00,R2,2.697,0.904,4.833,3.76,0.903,10.401
2026-09-23 10:15:00,R1,2.771,1.254,5.308,4.311,0.925,11.798
2026-09-23 10:15:00,R2,2.889,1.268,3.946,3.269,0.923,9.407
2026-09-23 10:30:00,R1,3.055,1.16,5.349,4.242,0.991,11.743
2026-09-23 10:30:00,R2,2.552,0.936,4.531,3.926,1.105,10.498
2026-09-23 10:45:00,R1,2.959,0.897,4.939,4.76,0.957,11.553
2026-09-23 10:45:00,R2,2.661,0.977,4.419,4.103,0.837,10.336
2026-09-23 11:00:00,R1,3.185,1.287,5.104,4.371,0.985,11.747
2026-09-23 11:00:00,R2,3.089,1.158,4.841,3.627,0.956,10.582
2026-09-23 11:15:00,R1,2.986,0.991,5.279,3.54,0.921,10.731
2026-09-23 11:15:00,R2,2.088,1.107,4.313,3.547,0.859,9.826
2026-09-23 11:30:00,R1,2.916,1.317,5.321,4.252,0.943,11.834
2026-09-23 11:30:00,R2,2.497,1.189,4.296,3.48,0.858,9.823
2026-09-23 11:45:00,R1,2.661,1.012,5.516,4.127,0.956,11.61
2026-09-23 11:45:00,R2,2.621,1.042,4.686,4.049,0.91,10.687
2026-09-23 12:00:00,R1,2.981,1.097,5.525,4.613,1.057,12.293
2026-09-23 12:00:00,R2,2.487,1.231,4.228,3.424,1.014,9.897
2026-09-23 12:15:00,R1,2.965,1.043,5.313,4.623,0.79,11.769
2026-09-23 12:15:00,R2,2.598,1.256,4.402,3.904,0.738,10.3
2026-09-23 12:30:00,R1,3.288,0.986,4.996,4.477,0.859,11.319
2026-09-23 12:30:00,R2,2.425,0.987,4.292,3.931,0.899,10.109
2026-09-23 12:45:00,R1,3.319,1.359,5.387,4.643,0.847,12.237
2026-09-23 12:45:00,R2,2.628,1.035,4.306,3.658,0.933,9.933
2026-09-23 13:00:00,R1,3.072,1.113,4.992,3.694,0.964,10.764
2026-09-23 13:00:00,R2,2.572,0.963,4.573,4.036,0.925,10.497
2026-09-23 13:15:00,R1,2.913,1.094,4.928,4.381,0.948,11.35
2026-09-23 13:15:00,R2,2.58,1.055,4.122,3.944,0.851,9.971
2026-09-23 13:30:00,R1,3.093,1.18,4.602,4.63,0.815,11.227
2026-09-23 13:30:00,R2,2.444,1.099,4.614,3.965,0.941,10.619
2026-09-23 13:45:00,R1,2.89,1.194,4.919,4.744,0.895,11.753
2026-09-23 13:45:00,R2,2.332,1.16,4.504,3.365,0.821,9.849
2026-09-23 14:00:00,R1,3.578,1.292,5.335,4.955,0.945,12.526
2026-09-23 14:00:00,R2,3.036,1.073,4.952,4.269,0.98,11.273
2026-09-23 14:15:00,R1,2.647,1.143,5.574,4.332,0.921,11.971
2026-09-23 14:15:00,R2,2.465,0.937,4.442,3.568,0.899,9.846
2026-09-23 14:30:00,R1,3.191,1.227,5.51,4.903,1.067,12.707
2026-09-23 14:30:00,R2,2.526,1.076,4.651,3.621,0.812,10.159
2026-09-23 14:45:00,R1,2.83,1.276,5.217,4.149,0.958,11.601
2026-09-23 14:45:00,R2,2.762,1.135,4.526,3.562,0.895,10.118
2026-09-23 15:00:00,R1,3.133,1.124,5.403,4.326,0.976,11.829
2026-09-23 15:00:00,R2,2.734,0.872,4.519,3.918,0.799,10.109
2026-09-23 15:15:00,R1,2.9,0.872,5.406,4.588,0.944,11.811
2026-09-23 15:15:00,R2,2.634,1.192,4.441,3.571,0.802,10.006
2026-09-23 15:30:00,R1,2.791,1.23,5.349,4.431,1.092,12.103
2026-09-23 15:30:00,R2,2.684,1.027,4.54,4.081,1.049,10.698
2026-09-23 15:45:00,R1,2.656,1.23,4.823,4.399,0.974,11.427
2026-09-23 15:45:00,R2,2.753,1.256,4.903,3.974,0.863,10.995
2026-09-23 16:00:00,R1,3.172,1.22,5.416,4.103,0.85,11.589
2026-09-23 16:00:00,R2,2.64,1.066,4.921,4.177,0.877,11.041
2026-09-23 16:15:00,R1,3.331,1.194,5.121,4.055,0.929,11.3
2026-09-23 16:15:00,R2,2.549,1.0,4.38,3.71,0.829,9.92
2026-09-23 16:30:00,R1,2.833,1.142,5.215,4.054,1.061,11.472
2026-09-23 16:30:00,R2,2.95,0.966,4.387,4.167,1.02,10.539
2026-09-23 16:45:00,R1,2.899,1.231,5.13,4.31,0.943,11.613
2026-09-23 16:45:00,R2,2.499,0.841,4.258,3.9,0.837,9.837
2026-09-23 17:00:00,R1,2.989,1.085,5.132,4.711,0.866,11.794
2026-09-23 17:00:00,R2,2.492,0.891,4.471,4.076,0.953,10.391
2026-09-23 17:15:00,R1,2.733,1.253,5.333,4.33,0.975,11.892
2026-09-23 17:15:00,R2,2.367,1.139,4.128,3.849,0.946,10.063
2026-09-23 17:30:00,R1,2.824,1.251,5.34,3.953,0.858,11.402
2026-09-23 17:30:00,R2,2.825,1.009,4.411,3.745,0.9,10.066
2026-09-23 17:45:00,R1,3.191,0.927,5.636,3.964,0.991,11.518
2026-09-23 17:45:00,R2,2.884,0.949,3.831,4.2,0.829,9.81
2026-09-23 18:00:00,R1,3.022,1.23,5.185,4.308,0.935,11.659
2026-09-23 18:00:00,R2,2.784,1.276,4.192,3.966,1.014,10.448
2026-09-23 18:15:00,R1,2.951,1.279,5.328,4.346,0.885,11.838
2026-09-23 18:15:00,R2,2.318,1.123,4.807,4.086,0.87,10.885
2026-09-23 18:30:00,R1,3.089,1.174,5.153,4.081,1.042,11.45
2026-09-23 18:30:00,R2,2.514,1.175,4.382,4.141,0.938,10.636
2026-09-23 18:45:00,R1,3.007,1.128,5.214,3.803,0.862,11.006
2026-09-23 18:45:00,R2,2.163,1.202,4.725,3.735,0.791,10.453
2026-09-23 19:00:00,R1,3.132,1.116,5.328,4.474,1.012,11.93
2026-09-23 19:00:00,R2,2.842,1.051,4.579,3.415,0.89,9.936
2026-09-23 19:15:00,R1,2.862,1.074,5.342,4.175,0.902,11.493
2026-09-23 19:15:00,R2,2.732,0.973,4.189,3.567,0.81,9.539
2026-09-23 19:30:00,R1,3.171,1.132,5.581,4.053,0.982,11.748
2026-09-23 19:30:00,R2,2.221,1.108,4.335,3.827,0.841,10.11
2026-09-23 19:45:00,R1,3.108,1.172,5.35,4.295,0.836,11.654
2026-09-23 19:45:00,R2,2.395,0.957,4.319,3.543,0.843,9.662
2026-09-23 20:00:00,R1,2.607,1.091,5.686,3.705,0.896,11.377
2026-09-23 20:00:00,R2,2.252,1.006,4.492,3.869,0.883,10.25
2026-09-23 20:15:00,R1,3.113,1.158,4.752,3.948,0.924,10.782
2026-09-23 20:15:00,R2,2.685,0.912,4.879,3.833,0.869,10.493
2026-09-23 20:30:00,R1,2.91,1.273,4.896,4.32,0.986,11.474
2026-09-23 20:30:00,R2,2.443,1.14,4.573,4.095,0.965,10.773
2026-09-23 20:45:00,R1,2.95,1.127,5.216,4.723,0.902,11.968
2026-09-23 20:45:00,R2,2.6,1.071,4.181,4.061,1.029,10.342
2026-09-23 21:00:00,R1,3.08,1.193,4.945,4.044,0.742,10.924
2026-09-23 21:00:00,R2,3.024,1.088,4.343,3.729,0.81,9.97
2026-09-23 21:15:00,R1,2.957,1.078,5.07,4.169,0.854,11.171
2026-09-23 21:15:00,R2,2.6,1.233,4.106,3.672,0.871,9.882
2026-09-23 21:30:00,R1,2.978,1.197,5.089,3.952,0.864,11.103
2026-09-23 21:30:00,R2,2.424,0.911,4.513,4.045,0.984,10.452
2026-09-23 21:45:00,R1,2.725,1.127,4.672,4.711,0.917,11.427
2026-09-23 21:45:00,R2,2.684,1.069,4.814,3.956,0.962,10.801
2026-09-23 22:00:00,R1,3.54,0.951,5.222,4.458,1.042,11.674
2026-09-23 22:00:00,R2,2.815,1.043,4.493,4.123,0.935,10.594
2026-09-23 22:15:00,R1,3.105,1.305,4.898,4.861,0.972,12.036
2026-09-23 22:15:00,R2,2.74,1.084,4.168,3.945,1.051,10.248
2026-09-23 22:30:00,R1,3.172,1.28,5.024,4.226,0.769,11.299
2026-09-23 22:30:00,R2,2.901,0.993,4.415,4.04,1.007,10.456
2026-09-23 22:45:00,R1,3.184,1.15,5.599,4.085,0.953,11.786
2026-09-23 22:45:00,R2,2.747,1.031,4.296,3.747,0.963,10.038
2026-09-23 23:00:00,R1,3.057,1.014,4.42,4.069,0.969,10.471
2026-09-23 23:00:00,R2,2.893,1.021,4.113,3.449,0.946,9.529
2026-09-23 23:15:00,R1,2.926,1.135,5.086,4.453,0.912,11.586
2026-09-23 23:15:00,R2,2.627,1.047,3.693,3.983,0.875,9.598
2026-09-23 23:30:00,R1,3.194,1.176,5.587,4.578,0.981,12.321
2026-09-23 23:30:00,R2,2.46,1.145,5.2,3.557,0.857,10.759
2026-09-23 23:45:00,R1,3.085,1.155,5.689,4.308,1.019,12.17
2026-09-23 23:45:00,R2,2.757,0.938,4.437,3.614,0.909,9.898
2026-09-24 00:00:00,R1,2.822,1.329,5.131,4.321,0.892,11.673
2026-09-24 00:00:00,R2,2.345,0.994,4.446,3.994,0.902,10.336
2026-09-24 00:15:00,R1,2.9,1.145,5.244,4.303,0.988,11.68
2026-09-24 00:15:00,R2,2.576,1.16,4.432,3.771,0.914,10.276
2026-09-24 00:30:00,R1,3.132,1.266,4.923,4.483,1.004,11.675
2026-09-24 00:30:00,R2,2.602,0.865,4.365,4.2,0.623,10.054
2026-09-24 00:45:00,R1,2.966,1.197,5.275,3.956,0.871,11.299
2026-09-24 00:45:00,R2,2.571,1.072,4.237,3.324,0.843,9.475
2026-09-24 01:00:00,R1,3.16,1.099,5.303,4.704,0.943,12.049
2026-09-24 01:00:00,R2,2.772,1.057,4.332,3.798,1.033,10.22
2026-09-24 01:15:00,R1,2.839,1.249,4.628,4.041,0.977,10.895
2026-09-24 01:15:00,R2,3.137,1.111,4.791,3.493,0.73,10.125
2026-09-24 01:30:00,R1,2.698,0.929,5.128,4.367,0.832,11.256
2026-09-24 01:30:00,R2,2.592,0.954,4.386,3.78,0.921,10.04
2026-09-24 01:45:00,R1,2.861,1.269,5.863,4.62,0.909,12.661
2026-09-24 01:45:00,R2,2.705,0.948,4.295,3.928,0.844,10.014
2026-09-24 02:00:00,R1,2.902,1.256,4.463,4.003,0.925,10.647
2026-09-24 02:00:00,R2,2.663,1.033,4.664,4.04,1.186,10.923
2026-09-24 02:15:00,R1,2.891,1.072,5.506,4.661,0.791,12.029
2026-09-24 02:15:00,R2,2.686,1.097,4.361,3.637,0.916,10.011
2026-09-24 02:30:00,R1,3.136,1.229,5.316,4.65,0.942,12.136
2026-09-24 02:30:00,R2,2.563,1.085,4.943,4.176,1.009,11.213
2026-09-24 02:45:00,R1,2.756,1.105,5.274,4.031,0.903,11.313
2026-09-24 02:45:00,R2,2.697,1.246,4.375,3.696,0.846,10.162
2026-09-24 03:00:00,R1,3.164,1.389,5.128,4.126,0.873,11.516
2026-09-24 03:00:00,R2,2.358,1.192,4.661,4.114,0.846,10.814
2026-09-24 03:15:00,R1,3.037,1.149,4.585,4.222,0.998,10.954
2026-09-24 03:15:00,R2,2.184,1.049,4.738,3.251,0.925,9.962
2026-09-24 03:30:00,R1,2.822,1.089,5.12,4.063,0.966,11.238
2026-09-24 03:30:00,R2,2.837,1.112,4.471,3.564,0.835,9.983
2026-09-24 03:45:00,R1,2.664,1.237,5.177,4.029,0.985,11.427
2026-09-24 03:45:00,R2,2.908,1.177,4.81,3.455,0.866,10.309
2026-09-24 04:00:00,R1,3.001,1.125,5.154,4.304,1.013,11.595
2026-09-24 04:00:00,R2,2.559,1.129,4.883,3.551,0.883,10.447
2026-09-24 04:15:00,R1,2.868,1.254,4.959,4.497,0.979,11.689
2026-09-24 04:15:00,R2,2.598,1.124,4.104,3.462,0.995,9.685
2026-09-24 04:30:00,R1,2.695,1.057,5.301,4.507,0.833,11.698
2026-09-24 04:30:00,R2,2.541,1.01,4.374,3.74,0.787,9.91
2026-09-24 04:45:00,R1,3.17,1.228,4.96,4.027,0.918,11.134
2026-09-24 04:45:00,R2,2.8,1.019,4.401,3.599,0.79,9.809
2026-09-24 05:00:00,R1,3.078,1.128,5.157,4.603,1.132,12.02
2026-09-24 05:00:00,R2,2.332,0.959,4.377,3.72,0.923,9.979
2026-09-24 05:15:00,R1,2.95,1.193,5.141,4.701,0.975,12.011
2026-09-24 05:15:00,R2,2.582,1.278,4.62,3.824,0.998,10.72
2026-09-24 05:30:00,R1,2.963,0.996,5.28,4.142,0.914,11.332
2026-09-24 05:30:00,R2,2.242,1.093,4.556,3.839,1.036,10.523
2026-09-24 05:45:00,R1,2.969,1.05,5.044,4.391,0.994,11.479
2026-09-24 05:45:00,R2,2.48,1.202,3.946,3.811,1.045,10.004
2026-09-24 06:00:00,R1,3.467,1.154,5.443,4.604,0.988,12.188
2026-09-24 06:00:00,R2,2.926,1.093,4.236,3.5,1.012,9.841
2026-09-24 06:15:00,R1,3.254,1.141,5.664,4.5,0.923,12.229
2026-09-24 06:15:00,R2,2.66,0.937,4.367,3.875,0.807,9.986
2026-09-24 06:30:00,R1,2.851,1.111,5.434,4.031,0.828,11.403
2026-09-24 06:30:00,R2,2.494,1.068,4.587,4.058,0.804,10.518
2026-09-24 06:45:00,R1,2.865,1.247,4.878,4.711,0.736,11.572
2026-09-24 06:45:00,R2,2.424,1.076,4.559,3.726,0.842,10.203
2026-09-24 07:00:00,R1,3.158,1.012,5.099,4.663,1.051,11.825
2026-09-24 07:00:00,R2,2.126,1.075,4.765,3.263,0.908,10.012
2026-09-24 07:15:00,R1,3.306,1.308,5.53,4.881,1.015,12.734
2026-09-24 07:15:00,R2,2.711,1.063,4.557,3.991,0.896,10.508
2026-09-24 07:30:00,R1,3.087,1.089,4.58,4.041,0.988,10.698
2026-09-24 07:30:00,R2,2.412,1.032,4.807,3.681,1.08,10.601
2026-09-24 07:45:00,R1,3.305,1.134,5.3,4.567,1.006,12.007
2026-09-24 07:45:00,R2,2.203,0.924,4.465,3.688,0.852,9.929
2026-09-24 08:00:00,R1,2.888,1.079,5.248,3.645,1.011,10.983
2026-09-24 08:00:00,R2,2.859,1.21,4.559,3.967,0.895,10.631
2026-09-24 08:15:00,R1,3.159,1.272,5.137,4.193,0.901,11.503
2026-09-24 08:15:00,R2,2.85,1.13,4.422,3.887,0.831,10.27
2026-09-24 08:30:00,R1,2.717,1.079,5.278,4.504,0.953,11.814
2026-09-24 08:30:00,R2,2.238,1.037,4.514,3.861,0.822,10.235
2026-09-24 08:45:00,R1,2.931,1.128,4.971,4.524,0.933,11.556
2026-09-24 08:45:00,R2,2.947,1.263,4.89,3.172,1.021,10.344
2026-09-24 09:00:00,R1,2.959,1.245,4.78,4.211,0.996,11.232
2026-09-24 09:00:00,R2,2.653,1.087,4.201,3.948,0.813,10.048
2026-09-24 09:15:00,R1,3.235,1.121,5.208,4.386,0.92,11.635
2026-09-24 09:15:00,R2,2.608,1.128,4.561,3.851,0.909,10.449
2026-09-24 09:30:00,R1,2.95,1.183,5.194,4.04,0.806,11.223
2026-09-24 09:30:00,R2,2.545,0.994,4.169,3.656,1.038,9.857
2026-09-24 09:45:00,R1,2.913,1.067,5.67,3.903,0.985,11.625
2026-09-24 09:45:00,R2,2.19,0.832,4.476,3.693,0.85,9.85
2026-09-24 10:00:00,R1,2.903,1.248,5.138,4.273,1.019,11.678
2026-09-24 10:00:00,R2,2.658,1.171,4.749,3.576,0.862,10.357
2026-09-24 10:15:00,R1,3.075,1.037,5.798,4.25,0.876,11.961
2026-09-24 10:15:00,R2,2.458,0.913,4.575,3.826,0.817,10.13
2026-09-24 10:30:00,R1,3.043,1.159,5.07,4.461,1.008,11.699
2026-09-24 10:30:00,R2,2.962,1.088,4.595,4.043,0.971,10.697
2026-09-24 10:45:00,R1,2.998,1.235,5.273,4.558,0.882,11.948
2026-09-24 10:45:00,R2,2.313,1.015,4.548,3.982,1.027,10.572
2026-09-24 11:00:00,R1,2.949,1.084,5.85,4.344,1.109,12.386
2026-09-24 11:00:00,R2,2.629,1.212,4.709,3.679,0.953,10.553
2026-09-24 11:15:00,R1,2.806,1.181,5.05,4.217,0.982,11.43
2026-09-24 11:15:00,R2,2.602,1.085,4.601,3.842,0.917,10.445
2026-09-24 11:30:00,R1,2.601,1.068,5.316,4.008,0.943,11.336
2026-09-24 11:30:00,R2,2.709,0.92,4.604,3.355,0.743,9.623
2026-09-24 11:45:00,R1,3.021,1.261,5.066,3.927,0.852,11.106
2026-09-24 11:45:00,R2,2.768,0.844,4.447,3.561,1.036,9.889
2026-09-24 12:00:00,R1,3.294,1.136,4.932,4.499,0.848,11.414
2026-09-24 12:00:00,R2,2.605,1.175,4.286,4.069,0.899,10.429
2026-09-24 12:15:00,R1,2.679,1.2,5.558,4.407,1.062,12.226
2026-09-24 12:15:00,R2,2.59,1.197,4.908,3.228,0.954,10.288
2026-09-24 12:30:00,R1,2.986,1.09,4.985,4.437,1.013,11.526
2026-09-24 12:30:00,R2,2.615,1.091,4.552,4.042,0.853,10.538
2026-09-24 12:45:00,R1,2.947,0.992,5.697,4.377,0.813,11.88
2026-09-24 12:45:00,R2,2.194,1.144,4.343,4.177,0.956,10.62
2026-09-24 13:00:00,R1,3.095,1.106,5.317,3.996,0.909,11.328
2026-09-24 13:00:00,R2,2.544,1.053,4.514,3.944,0.846,10.357
2026-09-24 13:15:00,R1,3.268,1.233,5.072,4.152,1.1,11.557
2026-09-24 13:15:00,R2,2.866,1.003,4.652,4.021,1.02,10.696
2026-09-24 13:30:00,R1,3.304,0.982,4.863,4.502,1.074,11.42
2026-09-24 13:30:00,R2,2.904,0.955,4.283,3.54,1.0,9.778
2026-09-24 13:45:00,R1,3.323,0.955,4.941,4.86,0.924,11.68
2026-09-24 13:45:00,R2,2.584,1.115,4.12,3.712,0.93,9.878
2026-09-24 14:00:00,R1,3.06,1.44,5.356,4.603,1.011,12.41
2026-09-24 14:00:00,R2,2.891,0.905,4.434,3.741,0.749,9.829
2026-09-24 14:15:00,R1,3.229,1.282,5.409,3.871,0.996,11.558
2026-09-24 14:15:00,R2,2.217,0.989,4.374,3.584,0.933,9.881
2026-09-24 14:30:00,R1,3.138,1.179,4.55,4.393,0.895,11.016
2026-09-24 14:30:00,R2,2.69,1.087,4.207,4.092,0.967,10.353
2026-09-24 14:45:00,R1,3.019,1.087,4.667,4.38,0.925,11.058
2026-09-24 14:45:00,R2,2.864,1.145,4.344,4.041,1.014,10.543
2026-09-24 15:00:00,R1,2.703,1.349,4.755,4.02,1.065,11.189
2026-09-24 15:00:00,R2,2.547,1.111,4.447,3.559,0.878,9.994
2026-09-24 15:15:00,R1,3.002,1.062,5.61,3.599,1.038,11.308
2026-09-24 15:15:00,R2,2.853,1.117,4.795,3.37,0.94,10.222
2026-09-24 15:30:00,R1,2.886,1.215,5.463,3.959,0.937,11.574
2026-09-24 15:30:00,R2,2.846,0.906,4.678,4.014,0.969,10.567
2026-09-24 15:45:00,R1,3.13,1.105,4.302,4.406,0.925,10.738
2026-09-24 15:45:00,R2,2.675,0.957,4.137,3.575,0.934,9.603
2026-09-24 16:00:00,R1,3.01,1.099,5.516,3.992,0.869,11.477
2026-09-24 16:00:00,R2,2.657,1.015,4.48,4.211,0.971,10.676
2026-09-24 16:15:00,R1,3.048,1.062,4.975,4.137,0.955,11.129
2026-09-24 16:15:00,R2,2.789,0.954,4.305,3.768,0.739,9.767
2026-09-24 16:30:00,R1,3.294,1.184,5.281,4.267,1.09,11.823
2026-09-24 16:30:00,R2,2.762,1.02,4.838,3.97,0.672,10.5
2026-09-24 16:45:00,R1,2.931,1.073,5.177,4.047,0.943,11.24
2026-09-24 16:45:00,R2,2.598,1.147,4.319,3.633,1.023,10.123
2026-09-24 17:00:00,R1,3.322,1.366,5.056,4.219,0.924,11.566
2026-09-24 17:00:00,R2,2.702,0.949,4.752,3.73,0.905,10.336
2026-09-24 17:15:00,R1,2.779,0.998,5.208,4.406,0.96,11.572
2026-09-24 17:15:00,R2,2.979,1.135,4.893,3.743,1.114,10.886
2026-09-24 17:30:00,R1,2.97,1.314,4.966,4.094,0.986,11.36
2026-09-24 17:30:00,R2,2.067,1.106,4.03,3.995,0.809,9.94
2026-09-24 17:45:00,R1,3.208,1.223,4.811,4.299,1.001,11.335
2026-09-24 17:45:00,R2,2.684,1.113,4.437,3.135,0.828,9.513
2026-09-24 18:00:00,R1,2.951,1.198,5.014,4.574,0.768,11.555
2026-09-24 18:00:00,R2,3.145,0.945,4.644,3.88,0.949,10.418
2026-09-24 18:15:00,R1,3.025,1.095,5.095,4.402,0.992,11.585
2026-09-24 18:15:00,R2,2.448,1.05,4.793,3.508,0.958,10.309
2026-09-24 18:30:00,R1,2.698,1.221,4.796,4.644,0.874,11.534
2026-09-24 18:30:00,R2,2.526,0.811,4.646,3.198,0.861,9.517
2026-09-24 18:45:00,R1,2.863,1.122,4.94,4.077,0.929,11.068
2026-09-24 18:45:00,R2,2.564,1.152,4.547,3.682,0.941,10.321
2026-09-24 19:00:00,R1,3.451,1.245,5.258,4.545,0.853,11.901
2026-09-24 19:00:00,R2,2.515,1.096,4.836,3.719,0.829,10.48
2026-09-24 19:15:00,R1,2.877,1.191,5.433,4.745,0.919,12.288
2026-09-24 19:15:00,R2,2.96,1.066,4.606,4.018,0.906,10.596
2026-09-24 19:30:00,R1,3.187,1.175,5.039,4.258,1.002,11.475
2026-09-24 19:30:00,R2,2.368,1.041,4.448,4.071,0.867,10.426
2026-09-24 19:45:00,R1,3.077,1.191,5.489,4.608,1.011,12.298
2026-09-24 19:45:00,R2,3.072,0.896,4.327,3.631,0.953,9.806
2026-09-24 20:00:00,R1,3.153,1.106,5.11,3.723,0.826,10.766
2026-09-24 20:00:00,R2,2.661,0.908,4.833,3.678,0.812,10.231
2026-09-24 20:15:00,R1,3.021,1.107,4.438,4.308,1.046,10.899
2026-09-24 20:15:00,R2,2.604,1.017,4.72,3.59,0.951,10.278
2026-09-24 20:30:00,R1,3.194,1.114,4.841,4.606,0.972,11.533
2026-09-24 20:30:00,R2,2.643,0.987,4.476,4.29,0.985,10.738
2026-09-24 20:45:00,R1,2.608,1.194,5.625,4.353,0.915,12.087
2026-09-24 20:45:00,R2,2.634,1.178,4.58,3.893,0.939,10.589
2026-09-24 21:00:00,R1,2.907,1.265,4.943,4.288,0.878,11.373
2026-09-24 21:00:00,R2,2.603,1.093,4.708,3.723,0.916,10.439
2026-09-24 21:15:00,R1,3.272,1.325,5.053,4.522,0.943,11.843
2026-09-24 21:15:00,R2,2.59,1.032,4.671,3.848,0.773,10.325
2026-09-24 21:30:00,R1,2.728,1.015,5.275,4.481,0.869,11.64
2026-09-24 21:30:00,R2,2.258,1.125,5.003,3.681,0.956,10.764
2026-09-24 21:45:00,R1,3.257,1.149,4.702,4.256,1.044,11.151
2026-09-24 21:45:00,R2,2.459,1.124,4.477,4.002,0.827,10.43
2026-09-24 22:00:00,R1,3.286,1.273,5.227,4.155,0.954,11.609
2026-09-24 22:00:00,R2,3.305,0.916,4.25,4.099,0.911,10.175
2026-09-24 22:15:00,R1,3.121,1.07,5.127,4.213,0.889,11.3
2026-09-24 22:15:00,R2,2.462,0.773,4.68,3.535,0.842,9.83
2026-09-24 22:30:00,R1,2.854,1.087,5.37,4.381,1.011,11.849
2026-09-24 22:30:00,R2,2.815,1.066,4.437,3.438,0.851,9.792
2026-09-24 22:45:00,R1,2.881,1.145,5.478,4.433,1.011,12.067
2026-09-24 22:45:00,R2,2.478,1.064,4.452,3.939,0.851,10.306
2026-09-24 23:00:00,R1,2.658,1.179,5.39,4.219,1.032,11.821
2026-09-24 23:00:00,R2,2.497,1.13,4.345,3.705,0.957,10.138
2026-09-24 23:15:00,R1,3.026,1.022,4.449,3.897,0.85,10.217
2026-09-24 23:15:00,R2,2.723,1.089,4.269,4.023,0.927,10.307
2026-09-24 23:30:00,R1,2.768,1.095,5.075,4.464,0.878,11.512
2026-09-24 23:30:00,R2,2.732,0.997,4.872,3.897,1.064,10.83
2026-09-24 23:45:00,R1,3.147,1.057,5.351,4.0,1.109,11.517
2026-09-24 23:45:00,R2,2.705,1.187,4.137,3.794,0.86,9.978
2026-09-25 00:00:00,R1,3.008,1.134,5.305,4.309,0.93,11.678
2026-09-25 00:00:00,R2,2.264,0.954,4.275,4.02,0.747,9.996
2026-09-25 00:15:00,R1,3.424,1.403,5.2,4.656,1.036,12.295
2026-09-25 00:15:00,R2,2.476,1.021,5.147,3.911,0.813,10.893
2026-09-25 00:30:00,R1,2.877,1.253,5.427,4.4,1.018,12.099
2026-09-25 00:30:00,R2,2.547,1.024,4.356,3.475,0.8,9.656
2026-09-25 00:45:00,R1,3.049,1.093,5.568,4.754,0.916,12.331
2026-09-25 00:45:00,R2,2.918,1.024,4.898,4.218,0.928,11.069
2026-09-25 01:00:00,R1,3.29,1.097,5.146,4.493,0.89,11.626
2026-09-25 01:00:00,R2,2.46,1.107,4.714,3.622,0.958,10.401
2026-09-25 01:15:00,R1,2.956,1.143,5.497,4.426,0.96,12.026
2026-09-25 01:15:00,R2,2.692,0.99,4.511,3.725,0.942,10.168
2026-09-25 01:30:00,R1,3.165,1.21,5.446,4.378,1.002,12.036
2026-09-25 01:30:00,R2,2.332,1.114,4.594,3.674,0.77,10.152
2026-09-25 01:45:00,R1,3.407,1.174,5.115,4.21,0.953,11.452
2026-09-25 01:45:00,R2,2.464,1.107,4.462,3.756,0.823,10.147
2026-09-25 02:00:00,R1,2.809,1.162,5.665,4.215,1.064,12.105
2026-09-25 02:00:00,R2,3.056,1.012,4.289,3.776,0.944,10.02
2026-09-25 02:15:00,R1,2.941,1.124,5.469,4.323,0.917,11.833
2026-09-25 02:15:00,R2,2.425,1.028,4.21,3.754,0.997,9.99
2026-09-25 02:30:00,R1,2.707,1.168,5.163,4.595,0.839,11.765
2026-09-25 02:30:00,R2,2.428,0.979,4.424,4.521,0.924,10.848
2026-09-25 02:45:00,R1,3.12,0.958,4.953,4.209,1.044,11.165
2026-09-25 02:45:00,R2,2.558,1.141,4.685,3.64,1.013,10.478
2026-09-25 03:00:00,R1,3.109,1.211,5.499,4.284,0.965,11.959
2026-09-25 03:00:00,R2,3.04,1.202,4.386,3.762,0.913,10.263
2026-09-25 03:15:00,R1,3.141,0.979,4.791,4.554,0.965,11.288
2026-09-25 03:15:00,R2,2.612,0.852,4.687,3.747,0.914,10.2
2026-09-25 03:30:00,R1,2.921,1.224,5.162,4.373,0.978,11.737
2026-09-25 03:30:00,R2,2.844,0.943,4.883,3.569,0.907,10.302
2026-09-25 03:45:00,R1,3.304,1.245,4.979,4.484,0.942,11.65
2026-09-25 03:45:00,R2,2.524,0.971,4.437,3.872,0.832,10.112
2026-09-25 04:00:00,R1,2.644,0.995,4.938,4.285,0.955,11.173
2026-09-25 04:00:00,R2,2.715,1.021,4.178,3.558,0.81,9.568
2026-09-25 04:15:00,R1,3.135,1.043,5.482,4.149,0.962,11.636
2026-09-25 04:15:00,R2,2.736,0.798,4.474,3.695,0.777,9.744
2026-09-25 04:30:00,R1,3.092,1.123,5.224,4.514,0.835,11.697
2026-09-25 04:30:00,R2,2.453,1.129,4.549,3.387,0.993,10.058
2026-09-25 04:45:00,R1,3.14,1.104,4.939,4.454,0.929,11.425
2026-09-25 04:45:00,R2,2.769,0.863,4.43,3.696,0.943,9.932
2026-09-25 05:00:00,R1,3.222,1.256,5.472,4.511,0.9,12.138
2026-09-25 05:00:00,R2,2.479,1.135,4.867,4.071,1.063,11.135
2026-09-25 05:15:00,R1,2.637,1.137,5.652,4.749,1.032,12.569
2026-09-25 05:15:00,R2,2.059,1.0,4.484,3.706,1.004,10.194
2026-09-25 05:30:00,R1,2.881,1.142,5.144,4.506,0.925,11.717
2026-09-25 05:30:00,R2,2.177,1.05,4.555,3.927,0.984,10.516
2026-09-25 05:45:00,R1,3.05,1.024,4.856,4.195,0.944,11.019
2026-09-25 05:45:00,R2,2.711,1.088,4.222,3.758,0.904,9.972
2026-09-25 06:00:00,R1,2.985,1.155,5.461,3.959,0.99,11.565
2026-09-25 06:00:00,R2,2.897,1.01,4.149,3.704,0.909,9.772
2026-09-25 06:15:00,R1,3.386,1.175,5.342,3.864,0.971,11.353
2026-09-25 06:15:00,R2,2.475,1.16,4.65,3.775,0.921,10.507
2026-09-25 06:30:00,R1,3.134,1.016,5.112,3.941,0.961,11.03
2026-09-25 06:30:00,R2,2.257,0.996,4.32,3.51,0.951,9.777
2026-09-25 06:45:00,R1,3.016,1.273,5.389,4.334,1.014,12.01
2026-09-25 06:45:00,R2,2.353,1.136,4.336,3.621,0.98,10.074
2026-09-25 07:00:00,R1,2.868,1.12,5.227,4.238,0.946,11.53
2026-09-25 07:00:00,R2,2.706,1.167,4.624,3.56,0.908,10.259
2026-09-25 07:15:00,R1,2.992,1.183,5.503,4.512,0.895,12.092
2026-09-25 07:15:00,R2,2.574,1.123,4.642,4.109,0.892,10.766
2026-09-25 07:30:00,R1,3.712,1.192,5.255,4.261,0.973,11.681
2026-09-25 07:30:00,R2,2.71,1.124,4.511,4.268,0.985,10.888
2026-09-25 07:45:00,R1,3.082,1.146,5.366,4.553,0.91,11.975
2026-09-25 07:45:00,R2,2.522,0.838,4.504,3.65,0.844,9.836
2026-09-25 08:00:00,R1,3.001,1.109,4.757,4.199,0.937,11.002
2026-09-25 08:00:00,R2,2.863,1.059,4.504,4.06,1.035,10.658
2026-09-25 08:15:00,R1,3.197,0.966,5.227,4.459,1.056,11.708
2026-09-25 08:15:00,R2,2.319,1.067,4.415,4.179,0.792,10.453
2026-09-25 08:30:00,R1,2.976,1.23,5.413,4.505,0.878,12.025
2026-09-25 08:30:00,R2,2.509,1.202,4.226,3.946,0.932,10.305
2026-09-25 08:45:00,R1,2.909,1.254,5.464,4.392,1.005,12.115
2026-09-25 08:45:00,R2,2.553,1.259,4.42,3.648,0.892,10.219
2026-09-25 09:00:00,R1,2.976,1.156,5.028,3.795,0.951,10.93
2026-09-25 09:00:00,R2,3.093,1.179,4.744,3.726,0.906,10.555
2026-09-25 09:15:00,R1,3.199,1.263,5.542,4.315,1.087,12.207
2026-09-25 09:15:00,R2,2.828,1.023,4.429,4.053,0.74,10.245
2026-09-25 09:30:00,R1,3.201,1.264,4.974,4.477,1.028,11.743
2026-09-25 09:30:00,R2,2.626,1.215,4.907,3.633,0.906,10.661
2026-09-25 09:45:00,R1,2.982,1.106,5.164,4.46,0.952,11.682
2026-09-25 09:45:00,R2,2.638,0.978,4.409,3.697,0.879,9.963
2026-09-25 10:00:00,R1,2.947,1.121,5.375,4.001,0.961,11.458
2026-09-25 10:00:00,R2,2.622,0.977,4.278,3.705,1.009,9.97
2026-09-25 10:15:00,R1,2.778,1.185,4.935,4.41,0.932,11.462
2026-09-25 10:15:00,R2,2.589,0.91,4.63,3.676,0.956,10.173
2026-09-25 10:30:00,R1,2.932,1.062,5.133,4.342,0.924,11.461
2026-09-25 10:30:00,R2,2.774,1.143,4.924,4.14,0.933,11.14
2026-09-25 10:45:00,R1,3.231,1.121,4.839,4.375,0.98,11.315
2026-09-25 10:45:00,R2,2.646,1.013,4.065,4.314,0.799,10.191
2026-09-25 11:00:00,R1,3.182,1.053,5.703,4.163,0.774,11.693
2026-09-25 11:00:00,R2,2.772,0.851,4.329,3.789,0.863,9.833
2026-09-25 11:15:00,R1,3.057,1.248,5.529,4.24,0.956,11.972
2026-09-25 11:15:00,R2,2.885,1.106,4.622,3.427,0.894,10.049
2026-09-25 11:30:00,R1,3.192,1.107,5.657,4.447,0.721,11.932
2026-09-25 11:30:00,R2,2.52,0.748,4.469,3.746,1.051,10.014
2026-09-25 11:45:00,R1,2.808,1.137,4.774,4.078,0.869,10.857
2026-09-25 11:45:00,R2,2.788,1.095,4.536,3.09,0.934,9.654
2026-09-25 12:00:00,R1,3.098,1.231,5.235,4.224,0.905,11.594
2026-09-25 12:00:00,R2,2.484,1.115,4.838,3.932,0.988,10.873
2026-09-25 12:15:00,R1,3.043,1.211,5.222,4.385,1.069,11.886
2026-09-25 12:15:00,R2,2.42,1.034,4.532,3.719,0.9,10.185
2026-09-25 12:30:00,R1,2.838,1.105,5.073,4.678,1.005,11.86
2026-09-25 12:30:00,R2,2.409,1.068,4.692,3.44,0.876,10.077
2026-09-25 12:45:00,R1,2.947,1.174,5.1,4.435,0.867,11.576
2026-09-25 12:45:00,R2,2.691,1.041,3.959,3.668,0.863,9.531
2026-09-25 13:00:00,R1,2.958,1.224,4.749,4.284,0.808,11.065
2026-09-25 13:00:00,R2,2.595,0.897,4.405,3.989,0.848,10.14
2026-09-25 13:15:00,R1,3.403,1.227,5.183,4.449,1.094,11.954
2026-09-25 13:15:00,R2,2.809,0.918,4.642,3.76,1.062,10.382
2026-09-25 13:30:00,R1,3.076,1.081,5.905,4.211,0.962,12.159
2026-09-25 13:30:00,R2,2.84,1.084,4.897,4.053,0.844,10.879
2026-09-25 13:45:00,R1,2.783,1.12,5.098,4.323,0.97,11.511
2026-09-25 13:45:00,R2,2.788,1.145,4.499,4.116,0.754,10.514
2026-09-25 14:00:00,R1,3.502,1.107,4.628,4.579,1.001,11.316
2026-09-25 14:00:00,R2,2.983,1.009,4.451,3.458,0.896,9.815
2026-09-25 14:15:00,R1,3.144,1.19,5.203,4.081,0.919,11.393
2026-09-25 14:15:00,R2,2.695,1.18,4.064,3.609,0.904,9.757
2026-09-25 14:30:00,R1,2.836,1.277,5.115,4.386,0.994,11.772
2026-09-25 14:30:00,R2,2.841,0.903,4.238,4.01,0.834,9.985
2026-09-25 14:45:00,R1,3.298,1.294,5.308,4.732,0.968,12.302
2026-09-25 14:45:00,R2,2.515,1.086,4.795,3.909,0.892,10.682
2026-09-25 15:00:00,R1,2.975,1.164,5.233,4.329,0.942,11.668
2026-09-25 15:00:00,R2,2.594,0.818,4.326,3.53,0.882,9.557
2026-09-25 15:15:00,R1,3.257,1.156,5.596,4.561,0.86,12.174
2026-09-25 15:15:00,R2,2.419,1.198,4.555,3.713,0.872,10.338
2026-09-25 15:30:00,R1,2.989,1.286,5.292,4.42,0.954,11.952
2026-09-25 15:30:00,R2,2.43,1.005,4.72,3.138,0.919,9.781
2026-09-25 15:45:00,R1,2.994,1.157,5.001,3.636,0.937,10.731
2026-09-25 15:45:00,R2,2.326,1.086,4.792,3.842,1.009,10.729
2026-09-25 16:00:00,R1,3.093,1.042,5.918,3.983,0.968,11.911
2026-09-25 16:00:00,R2,2.734,1.062,4.498,3.734,0.82,10.114
2026-09-25 16:15:00,R1,2.943,1.156,6.92,5.775,1.001,14.852
2026-09-25 16:15:00,R2,2.343,0.984,4.645,3.929,0.838,10.396
2026-09-25 16:30:00,R1,2.826,1.209,7.094,5.396,1.078,14.776
2026-09-25 16:30:00,R2,2.567,0.956,4.561,3.919,0.918,10.354
2026-09-25 16:45:00,R1,3.114,1.237,6.793,5.367,0.734,14.13
2026-09-25 16:45:00,R2,2.409,1.197,4.732,3.84,0.836,10.605
2026-09-25 17:00:00,R1,2.969,1.166,6.687,5.906,1.082,14.841
2026-09-25 17:00:00,R2,2.722,1.111,4.375,4.003,0.963,10.453
2026-09-25 17:15:00,R1,2.566,1.066,6.468,5.834,0.98,14.348
2026-09-25 17:15:00,R2,2.652,1.137,3.939,3.989,0.787,9.852
2026-09-25 17:30:00,R1,3.014,1.216,6.847,5.223,0.936,14.222
2026-09-25 17:30:00,R2,2.813,0.972,4.569,3.678,0.936,10.154
2026-09-25 17:45:00,R1,2.835,1.074,5.29,4.23,0.933,11.527
2026-09-25 17:45:00,R2,2.665,1.166,4.599,3.439,0.858,10.063
2026-09-25 18:00:00,R1,3.183,1.182,4.56,4.202,0.947,10.89
2026-09-25 18:00:00,R2,2.59,0.915,4.049,3.996,0.921,9.882
2026-09-25 18:15:00,R1,2.992,1.157,5.359,4.332,0.915,11.764
2026-09-25 18:15:00,R2,2.386,0.972,4.317,4.178,0.881,10.348
2026-09-25 18:30:00,R1,3.298,1.234,5.404,3.863,1.048,11.55
2026-09-25 18:30:00,R2,2.716,1.095,3.999,4.101,0.958,10.153
2026-09-25 18:45:00,R1,3.461,1.164,5.62,4.019,1.028,11.832
2026-09-25 18:45:00,R2,2.791,1.037,4.368,3.6,0.868,9.873
2026-09-25 19:00:00,R1,2.687,1.193,5.521,4.443,0.864,12.022
2026-09-25 19:00:00,R2,2.863,0.921,4.442,3.929,0.888,10.18
2026-09-25 19:15:00,R1,2.48,1.088,5.084,4.507,1.056,11.735
2026-09-25 19:15:00,R2,2.413,1.127,4.686,3.241,0.769,9.823
2026-09-25 19:30:00,R1,2.938,1.284,4.658,4.559,0.872,11.373
2026-09-25 19:30:00,R2,2.65,1.043,3.969,3.866,0.854,9.733
2026-09-25 19:45:00,R1,3.274,1.206,5.411,4.664,0.988,12.269
2026-09-25 19:45:00,R2,2.554,1.091,4.342,3.524,0.925,9.882
2026-09-25 20:00:00,R1,3.105,1.16,5.285,4.052,0.875,11.372
2026-09-25 20:00:00,R2,2.75,0.914,4.437,3.92,0.815,10.086
2026-09-25 20:15:00,R1,3.28,1.174,5.151,4.277,0.898,11.5
2026-09-25 20:15:00,R2,2.502,0.996,4.122,4.056,0.974,10.148
2026-09-25 20:30:00,R1,2.771,0.972,4.807,4.278,0.855,10.912
2026-09-25 20:30:00,R2,2.47,1.103,4.17,3.789,0.944,10.006
2026-09-25 20:45:00,R1,2.947,0.947,5.475,4.286,0.966,11.673
2026-09-25 20:45:00,R2,2.671,1.112,4.648,3.732,0.891,10.383
2026-09-25 21:00:00,R1,2.862,1.197,5.202,4.226,0.988,11.613
2026-09-25 21:00:00,R2,2.727,0.987,4.707,3.839,0.896,10.429
2026-09-25 21:15:00,R1,3.417,1.17,5.212,4.612,0.945,11.939
2026-09-25 21:15:00,R2,2.671,1.104,4.275,3.671,1.014,10.064
2026-09-25 21:30:00,R1,2.785,1.116,4.97,4.256,1.087,11.428
2026-09-25 21:30:00,R2,2.135,0.99,4.587,3.863,1.016,10.456
2026-09-25 21:45:00,R1,3.307,1.115,5.302,4.339,1.028,11.784
2026-09-25 21:45:00,R2,2.566,0.931,4.675,4.204,0.89,10.699
2026-09-25 22:00:00,R1,3.369,1.312,5.33,3.97,0.781,11.393
2026-09-25 22:00:00,R2,3.149,1.053,4.198,4.084,0.999,10.334
2026-09-25 22:15:00,R1,2.905,1.121,5.089,4.534,1.072,11.817
2026-09-25 22:15:00,R2,2.851,0.895,4.423,3.853,0.846,10.018
2026-09-25 22:30:00,R1,2.862,1.031,5.133,4.077,0.994,11.236
2026-09-25 22:30:00,R2,2.671,1.039,4.594,3.715,0.89,10.237
2026-09-25 22:45:00,R1,3.337,1.093,5.154,4.296,0.975,11.518
2026-09-25 22:45:00,R2,2.848,0.997,4.363,3.915,0.865,10.14
2026-09-25 23:00:00,R1,3.001,1.063,4.974,4.007,1.078,11.121
2026-09-25 23:00:00,R2,2.603,1.029,3.987,3.904,0.839,9.759
2026-09-25 23:15:00,R1,2.766,0.956,5.352,4.306,1.032,11.646
2026-09-25 23:15:00,R2,2.781,1.076,4.305,4.174,0.951,10.505
2026-09-25 23:30:00,R1,2.993,1.169,5.105,3.859,0.796,10.929
2026-09-25 23:30:00,R2,2.654,0.984,4.627,3.648,0.781,10.04
2026-09-25 23:45:00,R1,2.869,1.197,5.142,4.178,0.904,11.421
2026-09-25 23:45:00,R2,2.629,1.111,4.727,3.834,0.87,10.543
2026-09-26 00:00:00,R1,3.016,1.245,5.413,4.497,1.139,12.294
2026-09-26 00:00:00,R2,2.821,0.973,4.222,3.72,0.988,9.904
2026-09-26 00:15:00,R1,3.059,1.055,5.103,4.306,0.933,11.397
2026-09-26 00:15:00,R2,2.81,0.951,4.638,3.948,0.892,10.429
2026-09-26 00:30:00,R1,3.068,1.031,5.188,3.888,0.866,10.972
2026-09-26 00:30:00,R2,2.613,0.947,4.418,3.67,0.922,9.957
2026-09-26 00:45:00,R1,3.017,1.272,4.879,4.193,0.987,11.332
2026-09-26 00:45:00,R2,2.483,1.132,4.666,3.902,0.938,10.637
2026-09-26 01:00:00,R1,2.874,1.186,5.294,4.17,0.992,11.642
2026-09-26 01:00:00,R2,2.463,0.866,4.168,3.629,0.843,9.506
2026-09-26 01:15:00,R1,3.245,1.114,5.201,4.218,0.984,11.517
2026-09-26 01:15:00,R2,2.74,1.042,4.659,3.653,0.737,10.09
2026-09-26 01:30:00,R1,3.228,1.1,5.528,3.951,0.878,11.457
2026-09-26 01:30:00,R2,2.485,0.913,5.208,3.59,0.783,10.494
2026-09-26 01:45:00,R1,3.173,1.187,5.251,3.945,0.932,11.315
2026-09-26 01:45:00,R2,2.569,1.145,4.84,3.678,0.935,10.598
2026-09-26 02:00:00,R1,2.813,1.143,5.529,4.6,0.8,12.073
2026-09-26 02:00:00,R2,2.372,1.228,4.766,3.705,0.866,10.566
2026-09-26 02:15:00,R1,3.223,1.172,4.933,4.092,0.975,11.172
2026-09-26 02:15:00,R2,2.418,0.965,4.205,3.919,0.989,10.079
2026-09-26 02:30:00,R1,3.098,1.095,5.221,4.359,0.887,11.562
2026-09-26 02:30:00,R2,2.72,1.234,4.73,3.59,0.908,10.462
2026-09-26 02:45:00,R1,3.192,1.137,4.94,4.529,0.978,11.584
2026-09-26 02:45:00,R2,2.962,1.033,4.364,3.807,0.737,9.941
2026-09-26 03:00:00,R1,2.55,1.194,4.962,4.916,0.94,12.011
2026-09-26 03:00:00,R2,2.22,0.925,4.205,3.969,0.895,9.995
2026-09-26 03:15:00,R1,2.94,1.101,5.463,4.28,0.858,11.703
2026-09-26 03:15:00,R2,2.74,1.043,4.389,3.643,0.965,10.04
2026-09-26 03:30:00,R1,2.691,1.248,4.631,4.507,0.912,11.298
2026-09-26 03:30:00,R2,2.556,1.14,3.993,4.116,0.902,10.15
2026-09-26 03:45:00,R1,2.961,0.948,5.385,4.284,1.058,11.676
2026-09-26 03:45:00,R2,2.431,1.149,4.123,3.603,0.74,9.614
2026-09-26 04:00:00,R1,2.69,1.036,5.211,4.398,0.951,11.596
2026-09-26 04:00:00,R2,2.812,1.137,4.506,4.134,0.942,10.719
2026-09-26 04:15:00,R1,2.747,1.075,4.789,3.936,0.975,10.774
2026-09-26 04:15:00,R2,2.395,0.945,4.537,3.666,0.852,10.0
2026-09-26 04:30:00,R1,3.044,1.128,5.511,4.823,0.888,12.349
2026-09-26 04:30:00,R2,2.635,1.398,4.187,3.856,0.893,10.334
2026-09-26 04:45:00,R1,3.226,0.988,5.081,4.525,0.869,11.464
2026-09-26 04:45:00,R2,2.719,0.986,4.817,4.081,0.863,10.749
2026-09-26 05:00:00,R1,2.94,1.227,5.099,4.302,0.868,11.496
2026-09-26 05:00:00,R2,2.656,1.083,4.691,3.731,0.873,10.378
2026-09-26 05:15:00,R1,3.209,1.142,5.057,4.22,0.861,11.281
2026-09-26 05:15:00,R2,2.348,1.237,4.221,3.766,0.807,10.032
2026-09-26 05:30:00,R1,2.801,1.251,4.898,3.974,0.9,11.024
2026-09-26 05:30:00,R2,2.82,0.873,4.493,3.71,0.993,10.068
2026-09-26 05:45:00,R1,3.019,1.292,5.504,4.459,0.894,12.149
2026-09-26 05:45:00,R2,3.028,1.089,4.624,3.624,0.894,10.231
2026-09-26 06:00:00,R1,3.283,1.092,5.445,4.153,1.021,11.711
2026-09-26 06:00:00,R2,2.721,1.1,4.646,4.009,0.908,10.664
2026-09-26 06:15:00,R1,2.915,1.174,5.321,4.552,0.861,11.909
2026-09-26 06:15:00,R2,2.6,0.972,4.541,3.56,0.81,9.884
2026-09-26 06:30:00,R1,3.29,1.035,5.339,4.283,0.98,11.638
2026-09-26 06:30:00,R2,2.447,0.99,4.743,3.688,0.908,10.329
2026-09-26 06:45:00,R1,2.672,1.136,5.191,4.258,0.846,11.432
2026-09-26 06:45:00,R2,2.495,0.937,4.45,3.722,0.966,10.075
2026-09-26 07:00:00,R1,2.945,1.101,5.567,4.682,0.905,12.254
2026-09-26 07:00:00,R2,2.738,0.97,4.24,3.289,0.927,9.426
2026-09-26 07:15:00,R1,3.24,1.188,5.202,4.417,0.896,11.704
2026-09-26 07:15:00,R2,2.862,1.094,4.536,3.84,0.94,10.41
2026-09-26 07:30:00,R1,2.739,1.329,4.937,4.35,1.008,11.623
2026-09-26 07:30:00,R2,2.552,0.94,4.336,3.509,0.946,9.731
2026-09-26 07:45:00,R1,3.135,1.158,5.299,4.109,0.94,11.506
2026-09-26 07:45:00,R2,2.731,1.138,4.722,3.915,0.841,10.616
2026-09-26 08:00:00,R1,3.391,1.105,5.25,3.976,1.021,11.351
2026-09-26 08:00:00,R2,2.84,1.159,4.444,3.969,0.808,10.38
2026-09-26 08:15:00,R1,3.122,1.287,5.243,4.367,0.759,11.655
2026-09-26 08:15:00,R2,2.421,1.196,4.737,3.865,0.884,10.681
2026-09-26 08:30:00,R1,2.996,1.268,4.874,3.942,1.017,11.101
2026-09-26 08:30:00,R2,3.096,0.939,4.134,3.34,0.855,9.267
2026-09-26 08:45:00,R1,3.224,1.06,5.03,4.406,0.848,11.345
2026-09-26 08:45:00,R2,2.402,1.144,4.439,3.83,0.856,10.27
2026-09-26 09:00:00,R1,2.84,1.07,5.69,4.181,0.95,11.891
2026-09-26 09:00:00,R2,2.407,1.057,4.596,3.707,0.873,10.233
2026-09-26 09:15:00,R1,2.713,1.083,5.659,4.536,0.937,12.215
2026-09-26 09:15:00,R2,2.184,1.282,4.511,3.648,0.955,10.396
2026-09-26 09:30:00,R1,3.186,0.992,4.933,4.557,0.972,11.454
2026-09-26 09:30:00,R2,2.612,0.918,4.123,3.635,0.861,9.537
2026-09-26 09:45:00,R1,2.862,1.157,5.543,3.833,1.003,11.537
2026-09-26 09:45:00,R2,2.844,0.783,4.706,3.727,0.943,10.159
2026-09-26 10:00:00,R1,2.946,1.04,5.416,4.448,0.98,11.884
2026-09-26 10:00:00,R2,2.605,1.131,4.15,3.943,0.861,10.084
2026-09-26 10:15:00,R1,2.785,1.07,5.032,4.318,1.06,11.48
2026-09-26 10:15:00,R2,2.557,1.022,4.182,3.991,1.031,10.226
2026-09-26 10:30:00,R1,3.188,1.249,5.201,4.228,0.848,11.526
2026-09-26 10:30:00,R2,2.561,0.986,4.445,3.872,0.945,10.248
2026-09-26 10:45:00,R1,3.029,1.276,5.6,4.339,1.087,12.302
2026-09-26 10:45:00,R2,2.71,1.116,4.56,3.791,0.967,10.434
2026-09-26 11:00:00,R1,3.282,1.214,5.492,4.201,1.027,11.933
2026-09-26 11:00:00,R2,2.454,1.158,4.61,3.873,0.81,10.451
2026-09-26 11:15:00,R1,3.325,1.257,5.047,4.014,0.868,11.186
2026-09-26 11:15:00,R2,2.774,1.043,4.791,3.869,1.008,10.712
2026-09-26 11:30:00,R1,2.642,0.933,5.072,4.57,0.949,11.524
2026-09-26 11:30:00,R2,2.438,1.076,4.349,4.094,0.829,10.348
2026-09-26 11:45:00,R1,2.986,1.243,5.274,4.604,0.904,12.025
2026-09-26 11:45:00,R2,2.751,1.137,4.534,4.198,0.888,10.757
2026-09-26 12:00:00,R1,2.689,1.074,4.965,4.327,1.021,11.389
2026-09-26 12:00:00,R2,2.51,1.056,4.621,3.763,1.016,10.456
2026-09-26 12:15:00,R1,3.096,1.066,5.053,4.002,0.898,11.018
2026-09-26 12:15:00,R2,2.582,1.158,4.028,3.884,0.828,9.897
2026-09-26 12:30:00,R1,2.948,1.353,5.358,4.538,0.828,12.077
2026-09-26 12:30:00,R2,2.582,1.085,4.473,3.57,0.829,9.957
2026-09-26 12:45:00,R1,2.945,0.887,5.565,4.394,0.843,11.688
2026-09-26 12:45:00,R2,2.536,1.21,4.87,4.022,0.804,10.906
2026-09-26 13:00:00,R1,3.285,1.101,5.292,3.82,1.067,11.28
2026-09-26 13:00:00,R2,2.489,0.976,4.727,3.91,0.929,10.541
2026-09-26 13:15:00,R1,2.951,1.137,5.198,4.585,0.905,11.825
2026-09-26 13:15:00,R2,2.667,1.14,4.073,3.734,0.891,9.839
2026-09-26 13:30:00,R1,3.214,1.209,5.189,4.447,0.953,11.797
2026-09-26 13:30:00,R2,2.663,0.89,4.616,3.547,0.866,9.919
2026-09-26 13:45:00,R1,2.951,1.041,5.058,4.492,0.944,11.536
2026-09-26 13:45:00,R2,2.35,1.111,4.387,3.868,0.884,10.25
2026-09-26 14:00:00,R1,3.38,1.189,5.25,4.421,0.978,11.838
2026-09-26 14:00:00,R2,2.808,1.212,4.27,4.057,0.907,10.446
2026-09-26 14:15:00,R1,2.848,1.253,4.636,4.468,1.135,11.493
2026-09-26 14:15:00,R2,2.671,0.853,4.351,3.804,0.932,9.94
2026-09-26 14:30:00,R1,3.025,1.01,5.495,4.807,0.852,12.165
2026-09-26 14:30:00,R2,2.471,0.954,4.661,3.531,0.887,10.033
2026-09-26 14:45:00,R1,2.762,0.989,5.579,4.472,0.926,11.966
2026-09-26 14:45:00,R2,2.869,0.963,3.735,3.849,0.95,9.497
2026-09-26 15:00:00,R1,2.678,1.288,5.227,3.889,1.001,11.405
2026-09-26 15:00:00,R2,2.458,1.222,4.29,3.617,1.047,10.176
2026-09-26 15:15:00,R1,2.786,1.305,5.193,4.003,0.907,11.409
2026-09-26 15:15:00,R2,2.68,1.026,4.29,3.263,0.785,9.364
2026-09-26 15:30:00,R1,2.933,1.016,5.686,4.176,0.978,11.857
2026-09-26 15:30:00,R2,2.638,1.024,3.988,3.684,0.871,9.566
2026-09-26 15:45:00,R1,2.958,1.243,4.903,4.14,0.996,11.281
2026-09-26 15:45:00,R2,2.57,0.988,4.159,3.928,0.846,9.92
2026-09-26 16:00:00,R1,2.841,1.383,5.534,4.159,0.982,12.058
2026-09-26 16:00:00,R2,2.326,1.104,5.145,3.864,0.769,10.881
2026-09-26 16:15:00,R1,3.217,1.185,5.251,4.006,0.895,11.338
2026-09-26 16:15:00,R2,2.745,0.96,4.447,3.658,0.99,10.055
2026-09-26 16:30:00,R1,3.141,1.174,5.22,4.397,1.026,11.817
2026-09-26 16:30:00,R2,2.684,1.126,4.524,3.966,0.959,10.575
2026-09-26 16:45:00,R1,3.496,1.124,5.224,4.183,0.893,11.424
2026-09-26 16:45:00,R2,2.443,1.002,4.056,3.853,0.996,9.907
2026-09-26 17:00:00,R1,3.053,1.136,5.39,4.498,0.988,12.012
2026-09-26 17:00:00,R2,2.667,1.223,4.612,4.035,0.937,10.807
2026-09-26 17:15:00,R1,3.179,1.184,4.935,4.109,0.957,11.184
2026-09-26 17:15:00,R2,2.422,0.957,4.77,3.751,0.797,10.275
2026-09-26 17:30:00,R1,3.181,1.09,5.39,3.996,1.04,11.516
2026-09-26 17:30:00,R2,2.647,1.007,4.232,3.987,0.807,10.032
2026-09-26 17:45:00,R1,3.52,1.097,5.384,4.045,1.1,11.627
2026-09-26 17:45:00,R2,2.538,1.204,4.685,4.044,0.779,10.712
2026-09-26 18:00:00,R1,2.936,1.084,5.086,4.316,0.86,11.346
2026-09-26 18:00:00,R2,2.776,1.163,4.348,3.935,0.942,10.388
2026-09-26 18:15:00,R1,3.543,1.188,5.287,4.162,0.859,11.496
2026-09-26 18:15:00,R2,2.503,0.896,4.214,3.193,0.954,9.258
2026-09-26 18:30:00,R1,2.935,1.171,5.582,4.302,0.88,11.935
2026-09-26 18:30:00,R2,2.783,1.194,4.39,3.822,0.86,10.265
2026-09-26 18:45:00,R1,2.924,1.309,5.33,4.303,0.915,11.857
2026-09-26 18:45:00,R2,2.275,0.949,4.293,3.458,0.921,9.62
2026-09-26 19:00:00,R1,2.925,1.114,5.079,4.166,0.9,11.259
2026-09-26 19:00:00,R2,2.604,1.113,4.699,3.7,0.799,10.311
2026-09-26 19:15:00,R1,2.89,1.094,4.969,4.14,0.876,11.079
2026-09-26 19:15:00,R2,2.65,1.076,4.683,3.583,0.89,10.232
2026-09-26 19:30:00,R1,3.067,1.34,5.769,3.999,0.905,12.012
2026-09-26 19:30:00,R2,2.485,1.059,4.428,3.833,0.975,10.295
2026-09-26 19:45:00,R1,3.183,1.311,4.963,4.476,1.051,11.801
2026-09-26 19:45:00,R2,2.574,0.883,4.679,3.858,0.916,10.335
2026-09-26 20:00:00,R1,2.64,1.14,5.249,4.229,0.955,11.573
2026-09-26 20:00:00,R2,2.512,1.13,3.949,3.756,0.856,9.69
2026-09-26 20:15:00,R1,3.021,1.129,5.115,4.237,1.004,11.485
2026-09-26 20:15:00,R2,2.602,1.015,4.778,3.86,0.796,10.45
2026-09-26 20:30:00,R1,2.998,1.224,5.325,4.671,0.866,12.087
2026-09-26 20:30:00,R2,2.775,1.203,4.447,3.866,0.909,10.425
2026-09-26 20:45:00,R1,2.994,1.061,5.039,4.71,1.011,11.821
2026-09-26 20:45:00,R2,2.577,1.254,4.639,3.918,1.012,10.824
2026-09-26 21:00:00,R1,3.217,1.233,4.818,3.806,0.999,10.856
2026-09-26 21:00:00,R2,2.372,0.951,4.431,3.718,1.001,10.101
2026-09-26 21:15:00,R1,3.249,1.115,5.416,4.299,1.013,11.843
2026-09-26 21:15:00,R2,2.54,0.835,4.459,3.835,0.834,9.962
2026-09-26 21:30:00,R1,3.065,1.194,5.309,4.359,0.976,11.838
2026-09-26 21:30:00,R2,2.419,1.124,4.303,3.972,0.923,10.321
2026-09-26 21:45:00,R1,3.402,1.226,5.542,3.912,0.868,11.548
2026-09-26 21:45:00,R2,2.666,1.018,4.623,3.6,0.94,10.181
2026-09-26 22:00:00,R1,3.492,1.215,5.231,4.092,1.047,11.586
2026-09-26 22:00:00,R2,2.751,0.97,4.654,3.917,0.794,10.336
2026-09-26 22:15:00,R1,3.145,1.185,5.544,4.013,0.876,11.618
2026-09-26 22:15:00,R2,2.453,1.051,4.751,4.411,0.921,11.134
2026-09-26 22:30:00,R1,2.862,1.465,5.084,4.313,0.986,11.848
2026-09-26 22:30:00,R2,2.704,1.015,4.212,3.969,0.804,9.999
2026-09-26 22:45:00,R1,2.322,1.083,5.298,4.699,1.023,12.103
2026-09-26 22:45:00,R2,2.604,1.013,4.21,3.687,0.816,9.726
2026-09-26 23:00:00,R1,2.891,1.205,5.222,4.211,0.822,11.46
2026-09-26 23:00:00,R2,2.643,1.061,4.445,4.073,0.838,10.417
2026-09-26 23:15:00,R1,3.112,1.03,4.677,4.502,1.112,11.32
2026-09-26 23:15:00,R2,2.682,0.85,4.821,3.958,0.99,10.62
2026-09-26 23:30:00,R1,2.725,1.126,5.522,4.559,0.767,11.974
2026-09-26 23:30:00,R2,2.741,0.953,4.508,3.479,0.83,9.769
2026-09-26 23:45:00,R1,3.12,0.971,4.755,3.983,0.949,10.658
2026-09-26 23:45:00,R2,2.728,1.213,4.192,3.664,0.872,9.941
2026-09-27 00:00:00,R1,2.932,1.018,5.101,4.326,0.901,11.346
2026-09-27 00:00:00,R2,2.737,1.062,4.781,3.765,0.912,10.52
2026-09-27 00:15:00,R1,2.736,1.147,5.027,4.179,0.968,11.32
2026-09-27 00:15:00,R2,2.688,1.254,4.655,3.811,1.012,10.732
2026-09-27 00:30:00,R1,3.075,0.952,4.504,4.072,0.972,10.5
2026-09-27 00:30:00,R2,2.66,1.039,4.56,3.868,0.727,10.194
2026-09-27 00:45:00,R1,2.902,1.217,4.927,4.31,0.962,11.416
2026-09-27 00:45:00,R2,2.643,0.967,4.645,3.569,0.842,10.023
2026-09-27 01:00:00,R1,3.012,1.16,5.698,4.101,0.814,11.773
2026-09-27 01:00:00,R2,2.666,1.0,4.871,3.598,1.004,10.473
2026-09-27 01:15:00,R1,2.749,1.148,5.387,4.37,1.027,11.931
2026-09-27 01:15:00,R2,2.445,1.022,4.601,3.874,0.957,10.454
2026-09-27 01:30:00,R1,3.111,1.193,5.25,4.124,1.064,11.631
2026-09-27 01:30:00,R2,2.507,1.045,4.538,3.805,0.978,10.366
2026-09-27 01:45:00,R1,2.786,1.205,4.988,4.402,1.001,11.596
2026-09-27 01:45:00,R2,2.759,0.958,4.533,4.036,0.879,10.406
2026-09-27 02:00:00,R1,3.064,1.141,5.308,4.627,0.951,12.028
2026-09-27 02:00:00,R2,2.498,1.21,4.371,4.004,0.8,10.384
2026-09-27 02:15:00,R1,2.874,1.221,5.685,4.314,0.848,12.068
2026-09-27 02:15:00,R2,2.658,1.016,4.906,4.16,0.904,10.986
2026-09-27 02:30:00,R1,2.723,1.196,5.31,4.498,0.811,11.815
2026-09-27 02:30:00,R2,2.689,1.084,4.24,3.896,0.848,10.069
2026-09-27 02:45:00,R1,2.873,0.996,5.133,4.18,1.022,11.331
2026-09-27 02:45:00,R2,2.772,1.028,4.103,3.725,0.951,9.806
2026-09-27 03:00:00,R1,2.989,1.22,5.164,4.689,0.949,12.021
2026-09-27 03:00:00,R2,2.473,1.226,4.541,3.83,0.872,10.469
2026-09-27 03:15:00,R1,2.722,1.306,4.954,4.076,0.93,11.266
2026-09-27 03:15:00,R2,2.884,1.29,4.303,3.701,0.824,10.118
2026-09-27 03:30:00,R1,2.745,1.189,5.19,3.896,0.94,11.215
2026-09-27 03:30:00,R2,2.574,1.196,4.223,3.448,0.706,9.574
2026-09-27 03:45:00,R1,2.775,1.05,5.368,4.131,0.82,11.369
2026-09-27 03:45:00,R2,2.892,0.99,4.701,4.072,0.862,10.625
2026-09-27 04:00:00,R1,3.152,1.071,5.308,4.08,0.98,11.439
2026-09-27 04:00:00,R2,2.793,0.971,4.45,3.75,0.876,10.047
2026-09-27 04:15:00,R1,2.743,1.154,5.773,4.371,0.754,12.052
2026-09-27 04:15:00,R2,2.613,1.096,4.79,3.615,0.816,10.317
2026-09-27 04:30:00,R1,2.973,1.18,5.607,4.433,0.936,12.156
2026-09-27 04:30:00,R2,2.643,0.992,4.918,3.815,0.774,10.499
2026-09-27 04:45:00,R1,2.84,1.121,5.226,4.242,0.918,11.508
2026-09-27 04:45:00,R2,2.582,1.128,4.916,3.522,0.923,10.489
2026-09-27 05:00:00,R1,3.21,1.285,5.097,4.015,0.927,11.322
2026-09-27 05:00:00,R2,3.117,1.062,4.933,3.91,1.002,10.906
2026-09-27 05:15:00,R1,2.965,1.13,5.716,3.965,0.966,11.778
2026-09-27 05:15:00,R2,2.371,0.918,4.758,3.903,0.865,10.444
2026-09-27 05:30:00,R1,3.099,1.197,4.881,4.003,0.944,11.025
2026-09-27 05:30:00,R2,2.513,0.947,4.831,4.082,0.832,10.692
2026-09-27 05:45:00,R1,2.921,1.105,5.236,4.551,0.802,11.694
2026-09-27 05:45:00,R2,2.751,1.087,4.209,3.351,0.848,9.496
2026-09-27 06:00:00,R1,3.417,1.096,5.289,4.035,0.941,11.361
2026-09-27 06:00:00,R2,3.302,0.871,4.235,3.836,0.917,9.859
2026-09-27 06:15:00,R1,2.978,1.136,5.48,4.299,1.226,12.141
2026-09-27 06:15:00,R2,3.06,1.225,4.151,3.594,0.796,9.767
2026-09-27 06:30:00,R1,3.167,1.259,4.663,4.289,1.047,11.258
2026-09-27 06:30:00,R2,2.842,1.032,4.198,4.126,0.846,10.203
2026-09-27 06:45:00,R1,3.047,1.175,5.63,3.953,1.006,11.764
2026-09-27 06:45:00,R2,2.495,1.143,4.455,3.959,0.854,10.411
2026-09-27 07:00:00,R1,2.914,1.1,5.236,4.446,0.956,11.738
2026-09-27 07:00:00,R2,2.599,1.049,4.667,4.202,0.832,10.749
2026-09-27 07:15:00,R1,2.871,1.229,4.942,4.527,1.0,11.697
2026-09-27 07:15:00,R2,2.722,1.145,4.343,3.151,1.063,9.701
2026-09-27 07:30:00,R1,3.316,1.191,4.865,4.495,1.017,11.569
2026-09-27 07:30:00,R2,2.758,0.987,4.799,3.704,0.893,10.383
2026-09-27 07:45:00,R1,3.071,1.011,5.135,3.82,0.93,10.896
2026-09-27 07:45:00,R2,2.759,0.957,5.079,4.053,0.84,10.929
2026-09-27 08:00:00,R1,2.809,1.025,5.669,4.356,1.112,12.162
2026-09-27 08:00:00,R2,2.834,1.081,4.474,4.104,0.948,10.608
2026-09-27 08:15:00,R1,3.106,1.077,5.19,4.316,0.93,11.512
2026-09-27 08:15:00,R2,2.403,1.008,4.485,3.715,0.744,9.953
2026-09-27 08:30:00,R1,2.758,1.289,4.82,4.284,0.859,11.253
2026-09-27 08:30:00,R2,2.447,0.867,3.711,4.11,0.863,9.55
2026-09-27 08:45:00,R1,3.224,1.214,4.983,4.814,1.058,12.069
2026-09-27 08:45:00,R2,2.65,1.062,3.991,4.133,0.853,10.039
2026-09-27 09:00:00,R1,3.083,1.135,4.894,4.164,0.937,11.13
2026-09-27 09:00:00,R2,2.668,1.011,4.713,3.676,0.956,10.356
2026-09-27 09:15:00,R1,3.05,1.066,4.935,4.303,0.875,11.18
2026-09-27 09:15:00,R2,2.726,0.769,4.496,3.651,0.957,9.872
2026-09-27 09:30:00,R1,2.656,1.191,6.046,3.966,1.005,12.208
2026-09-27 09:30:00,R2,2.282,1.083,5.006,4.17,0.812,11.073
2026-09-27 09:45:00,R1,3.173,1.286,5.026,4.377,0.96,11.648
2026-09-27 09:45:00,R2,2.788,0.976,4.86,3.532,0.886,10.254
2026-09-27 10:00:00,R1,3.151,0.973,5.186,4.461,0.958,11.578
2026-09-27 10:00:00,R2,2.56,1.174,4.998,3.558,0.878,10.608
2026-09-27 10:15:00,R1,3.35,1.209,4.906,4.419,0.828,11.363
2026-09-27 10:15:00,R2,2.459,0.948,4.446,4.139,0.838,10.37
2026-09-27 10:30:00,R1,3.461,1.028,5.013,4.006,1.079,11.126
2026-09-27 10:30:00,R2,2.601,1.006,4.31,4.029,1.013,10.358
2026-09-27 10:45:00,R1,3.069,1.022,5.424,4.351,1.037,11.834
2026-09-27 10:45:00,R2,2.808,0.862,4.127,3.833,0.931,9.754
2026-09-27 11:00:00,R1,3.134,0.972,5.523,4.234,0.936,11.664
2026-09-27 11:00:00,R2,2.797,0.955,4.884,3.965,0.768,10.572
2026-09-27 11:15:00,R1,3.018,1.207,5.56,3.98,1.004,11.751
2026-09-27 11:15:00,R2,2.443,0.852,5.27,3.724,0.849,10.695
2026-09-27 11:30:00,R1,3.623,1.158,5.418,4.327,0.998,11.901
2026-09-27 11:30:00,R2,2.36,1.069,3.864,4.205,0.846,9.984
2026-09-27 11:45:00,R1,2.787,1.118,5.104,4.155,0.936,11.314
2026-09-27 11:45:00,R2,2.816,1.104,3.946,3.863,1.007,9.92
2026-09-27 12:00:00,R1,3.037,1.068,4.902,4.242,0.776,10.988
2026-09-27 12:00:00,R2,2.787,1.168,4.75,3.502,0.791,10.211
2026-09-27 12:15:00,R1,3.152,1.293,5.19,4.471,0.962,11.916
2026-09-27 12:15:00,R2,2.711,1.043,4.505,4.166,0.851,10.565
2026-09-27 12:30:00,R1,3.377,1.132,5.202,4.492,1.161,11.988
2026-09-27 12:30:00,R2,2.393,1.164,4.383,3.469,0.914,9.93
2026-09-27 12:45:00,R1,3.059,1.148,5.488,4.766,0.921,12.324
2026-09-27 12:45:00,R2,2.505,0.896,4.001,3.976,0.818,9.69
2026-09-27 13:00:00,R1,2.918,1.147,5.029,4.531,0.929,11.636
2026-09-27 13:00:00,R2,2.667,1.13,4.918,3.945,0.844,10.836
2026-09-27 13:15:00,R1,3.211,1.198,4.772,4.474,1.041,11.486
2026-09-27 13:15:00,R2,2.709,1.079,4.41,4.121,0.979,10.588
2026-09-27 13:30:00,R1,2.748,1.094,5.13,4.099,0.948,11.271
2026-09-27 13:30:00,R2,2.587,1.046,4.338,3.66,0.941,9.984
2026-09-27 13:45:00,R1,2.702,1.133,5.265,3.933,0.978,11.308
2026-09-27 13:45:00,R2,2.649,1.145,4.389,3.893,0.961,10.388
2026-09-27 14:00:00,R1,3.205,1.142,5.059,4.726,0.821,11.748
2026-09-27 14:00:00,R2,2.944,0.993,4.749,3.776,1.03,10.548
2026-09-27 14:15:00,R1,2.602,1.008,5.237,4.117,0.956,11.319
2026-09-27 14:15:00,R2,2.84,1.079,4.468,4.555,0.886,10.989
2026-09-27 14:30:00,R1,3.06,0.986,5.431,4.573,1.011,12.0
2026-09-27 14:30:00,R2,2.379,0.902,4.705,3.921,0.881,10.408
2026-09-27 14:45:00,R1,2.906,1.121,5.402,4.208,0.992,11.723
2026-09-27 14:45:00,R2,2.586,1.118,3.796,3.892,0.886,9.693
2026-09-27 15:00:00,R1,2.609,1.199,5.648,4.296,0.995,12.138
2026-09-27 15:00:00,R2,2.486,1.036,4.214,3.635,0.955,9.84
2026-09-27 15:15:00,R1,3.156,1.271,5.373,4.299,0.934,11.878
2026-09-27 15:15:00,R2,2.734,1.185,4.315,3.564,0.828,9.892
2026-09-27 15:30:00,R1,2.991,0.991,4.996,4.464,1.042,11.494
2026-09-27 15:30:00,R2,2.77,1.038,4.503,3.755,0.882,10.178
2026-09-27 15:45:00,R1,3.175,1.156,4.672,4.465,1.111,11.403
2026-09-27 15:45:00,R2,2.438,1.239,4.749,3.621,0.963,10.572
2026-09-27 16:00:00,R1,3.059,1.127,5.689,4.515,0.982,12.313
2026-09-27 16:00:00,R2,2.627,0.985,4.249,3.339,0.759,9.332
2026-09-27 16:15:00,R1,3.174,1.13,5.32,3.891,0.977,11.318
2026-09-27 16:15:00,R2,2.591,0.987,4.392,3.838,0.86,10.078
2026-09-27 16:30:00,R1,3.009,1.097,5.503,4.621,0.928,12.149
2026-09-27 16:30:00,R2,2.509,1.042,4.732,3.777,0.957,10.509
2026-09-27 16:45:00,R1,3.011,1.042,5.349,4.356,0.877,11.624
2026-09-27 16:45:00,R2,2.744,1.096,4.596,3.734,0.831,10.256
2026-09-27 17:00:00,R1,3.164,1.306,4.863,4.318,0.96,11.447
2026-09-27 17:00:00,R2,2.399,0.983,4.67,4.365,0.959,10.976
2026-09-27 17:15:00,R1,3.149,1.021,5.289,4.596,1.002,11.907
2026-09-27 17:15:00,R2,2.596,0.975,4.307,3.93,0.891,10.104
2026-09-27 17:30:00,R1,2.849,1.054,5.058,4.62,0.822,11.554
2026-09-27 17:30:00,R2,2.568,0.918,4.322,3.813,0.9,9.953
2026-09-27 17:45:00,R1,2.991,0.964,5.887,4.215,0.803,11.869
2026-09-27 17:45:00,R2,2.124,1.217,4.016,4.089,0.88,10.203
2026-09-27 18:00:00,R1,3.378,1.145,4.867,4.388,0.949,11.349
2026-09-27 18:00:00,R2,3.036,0.973,4.614,3.857,0.854,10.298
2026-09-27 18:15:00,R1,3.161,1.121,5.299,3.632,0.836,10.889
2026-09-27 18:15:00,R2,2.458,1.082,4.703,4.119,0.883,10.787
2026-09-27 18:30:00,R1,2.629,1.17,4.947,4.406,0.924,11.447
2026-09-27 18:30:00,R2,2.718,1.025,4.722,3.93,0.871,10.549
2026-09-27 18:45:00,R1,3.026,1.026,4.968,4.619,0.834,11.446
2026-09-27 18:45:00,R2,2.384,1.189,4.808,4.027,0.954,10.979
2026-09-27 19:00:00,R1,2.979,0.995,5.261,4.241,0.968,11.465
2026-09-27 19:00:00,R2,2.631,1.03,4.541,3.637,0.863,10.071
2026-09-27 19:15:00,R1,2.984,1.333,5.183,4.37,0.85,11.737
2026-09-27 19:15:00,R2,2.668,1.159,4.214,4.189,0.866,10.429
2026-09-27 19:30:00,R1,2.825,1.085,5.298,4.589,0.969,11.942
2026-09-27 19:30:00,R2,2.517,1.003,4.147,3.592,0.899,9.641
2026-09-27 19:45:00,R1,3.293,1.105,5.484,4.453,1.016,12.057
2026-09-27 19:45:00,R2,2.747,1.125,4.258,3.779,1.011,10.173
2026-09-27 20:00:00,R1,3.081,1.118,4.942,4.152,0.935,11.146
2026-09-27 20:00:00,R2,2.201,1.186,4.627,3.774,0.836,10.423
2026-09-27 20:15:00,R1,2.68,1.08,5.205,4.122,0.996,11.403
2026-09-27 20:15:00,R2,2.354,1.054,4.33,3.355,0.819,9.558
2026-09-27 20:30:00,R1,2.942,1.045,5.055,4.537,1.044,11.68
2026-09-27 20:30:00,R2,2.542,1.045,4.756,3.452,0.81,10.063
2026-09-27 20:45:00,R1,2.917,1.254,5.246,4.023,0.911,11.435
2026-09-27 20:45:00,R2,2.583,0.922,4.677,3.685,0.855,10.14
2026-09-27 21:00:00,R1,2.95,1.249,5.189,3.795,0.77,11.004
2026-09-27 21:00:00,R2,2.279,1.102,4.041,3.744,0.961,9.849
2026-09-27 21:15:00,R1,3.031,1.021,4.696,4.459,0.937,11.113
2026-09-27 21:15:00,R2,2.405,1.113,4.355,3.582,1.14,10.189
2026-09-27 21:30:00,R1,3.102,1.17,5.354,4.55,0.981,12.056
2026-09-27 21:30:00,R2,2.763,1.233,4.559,3.578,0.913,10.283
2026-09-27 21:45:00,R1,2.736,1.132,5.419,4.047,0.88,11.478
2026-09-27 21:45:00,R2,2.099,0.975,4.995,3.601,0.898,10.469
2026-09-27 22:00:00,R1,3.414,1.123,4.592,4.51,1.053,11.278
2026-09-27 22:00:00,R2,3.073,1.183,4.466,3.551,0.939,10.139
2026-09-27 22:15:00,R1,2.892,1.358,5.535,4.531,0.845,12.27
2026-09-27 22:15:00,R2,2.47,0.933,4.273,3.968,0.907,10.081
2026-09-27 22:30:00,R1,3.298,1.115,5.237,4.186,1.056,11.594
2026-09-27 22:30:00,R2,2.385,1.015,4.898,3.524,0.746,10.183
2026-09-27 22:45:00,R1,2.803,1.147,5.312,4.555,0.853,11.867
2026-09-27 22:45:00,R2,2.709,1.162,4.183,3.524,0.9,9.769
2026-09-27 23:00:00,R1,3.394,1.056,5.336,4.41,0.886,11.688
2026-09-27 23:00:00,R2,3.059,1.159,4.213,3.588,1.059,10.019
2026-09-27 23:15:00,R1,2.806,1.144,5.673,3.992,0.855,11.664
2026-09-27 23:15:00,R2,2.618,0.995,4.71,3.586,0.853,10.144
2026-09-27 23:30:00,R1,3.257,1.079,5.427,4.535,0.9,11.941
2026-09-27 23:30:00,R2,2.611,0.937,4.661,3.697,0.866,10.16
2026-09-27 23:45:00,R1,2.992,1.299,4.989,4.436,0.996,11.721
2026-09-27 23:45:00,R2,2.454,1.088,4.22,3.896,0.884,10.089
2026-09-28 00:00:00,R1,3.274,1.084,5.09,4.328,0.824,11.325
2026-09-28 00:00:00,R2,2.722,1.011,4.351,3.617,0.931,9.91
2026-09-28 00:15:00,R1,2.901,1.038,5.148,4.221,0.994,11.401
2026-09-28 00:15:00,R2,2.663,0.919,4.659,3.514,0.725,9.817
2026-09-28 00:30:00,R1,3.229,1.188,5.031,4.435,1.052,11.706
2026-09-28 00:30:00,R2,2.731,1.114,4.344,4.1,0.891,10.449
2026-09-28 00:45:00,R1,3.132,0.965,5.555,3.835,1.076,11.431
2026-09-28 00:45:00,R2,2.572,0.949,4.086,4.247,0.842,10.124
2026-09-28 01:00:00,R1,2.962,1.252,5.344,4.557,0.892,12.045
2026-09-28 01:00:00,R2,2.73,1.002,4.661,3.514,0.951,10.128
2026-09-28 01:15:00,R1,2.973,1.173,4.543,3.856,0.843,10.416
2026-09-28 01:15:00,R2,2.42,1.061,4.405,3.52,0.886,9.873
2026-09-28 01:30:00,R1,3.288,1.196,5.153,4.211,0.944,11.504
2026-09-28 01:30:00,R2,2.618,0.876,4.147,3.668,0.867,9.559
2026-09-28 01:45:00,R1,2.695,1.265,5.011,3.967,0.929,11.171
2026-09-28 01:45:00,R2,2.738,1.134,4.227,3.873,1.032,10.265
2026-09-28 02:00:00,R1,2.768,1.263,5.42,3.866,0.998,11.547
2026-09-28 02:00:00,R2,2.558,1.201,3.977,3.584,0.841,9.603
2026-09-28 02:15:00,R1,2.902,1.121,5.047,4.183,0.988,11.34
2026-09-28 02:15:00,R2,2.868,1.052,4.754,3.876,0.867,10.549
2026-09-28 02:30:00,R1,2.83,1.085,5.138,4.261,0.938,11.423
2026-09-28 02:30:00,R2,2.411,0.965,4.566,3.67,0.875,10.077
2026-09-28 02:45:00,R1,2.724,1.041,5.35,4.302,0.82,11.513
2026-09-28 02:45:00,R2,2.743,1.042,4.583,3.555,0.988,10.167
2026-09-28 03:00:00,R1,3.04,1.191,5.062,4.309,0.97,11.532
2026-09-28 03:00:00,R2,2.57,1.073,4.12,3.737,0.874,9.804
2026-09-28 03:15:00,R1,2.877,1.126,5.159,4.445,1.056,11.787
2026-09-28 03:15:00,R2,2.741,1.034,4.464,3.877,0.978,10.353
2026-09-28 03:30:00,R1,2.637,1.111,4.909,4.205,0.955,11.18
2026-09-28 03:30:00,R2,2.617,1.036,4.63,3.802,0.871,10.34
2026-09-28 03:45:00,R1,3.024,1.079,5.174,4.671,0.962,11.886
2026-09-28 03:45:00,R2,2.679,1.11,4.47,3.602,0.806,9.989
2026-09-28 04:00:00,R1,2.899,1.072,5.091,4.819,0.739,11.722
2026-09-28 04:00:00,R2,2.829,0.879,4.606,3.353,0.945,9.784
2026-09-28 04:15:00,R1,2.798,1.19,4.91,4.481,1.103,11.684
2026-09-28 04:15:00,R2,1.878,1.214,4.467,3.44,0.808,9.928
2026-09-28 04:30:00,R1,3.147,1.204,4.758,3.953,0.928,10.842
2026-09-28 04:30:00,R2,2.336,0.945,4.968,3.777,0.902,10.592
2026-09-28 04:45:00,R1,2.843,1.035,5.237,4.151,1.152,11.574
2026-09-28 04:45:00,R2,2.79,1.022,4.881,3.589,0.769,10.261
2026-09-28 05:00:00,R1,3.205,1.243,5.168,4.446,0.974,11.831
2026-09-28 05:00:00,R2,2.45,1.035,4.288,3.997,0.893,10.214
2026-09-28 05:15:00,R1,2.673,1.176,5.056,4.772,0.856,11.86
2026-09-28 05:15:00,R2,2.184,1.045,4.731,3.692,0.833,10.301
2026-09-28 05:30:00,R1,3.042,1.289,5.353,3.993,0.926,11.56
2026-09-28 05:30:00,R2,2.904,1.051,4.313,3.883,0.852,10.1
2026-09-28 05:45:00,R1,3.086,1.073,5.417,4.267,0.905,11.663
2026-09-28 05:45:00,R2,2.63,1.008,4.559,3.486,1.067,10.12
2026-09-28 06:00:00,R1,3.346,1.016,5.026,3.978,0.851,10.87
2026-09-28 06:00:00,R2,2.921,1.045,4.391,3.842,1.031,10.31
2026-09-28 06:15:00,R1,3.231,1.263,5.432,4.319,0.949,11.964
2026-09-28 06:15:00,R2,2.385,1.03,4.367,3.815,0.854,10.066
2026-09-28 06:30:00,R1,2.787,1.17,5.18,4.153,0.977,11.48
2026-09-28 06:30:00,R2,2.279,0.948,3.987,3.86,0.965,9.761
2026-09-28 06:45:00,R1,3.146,1.016,4.764,4.302,0.888,10.97
2026-09-28 06:45:00,R2,2.983,1.077,4.239,3.625,0.878,9.819
2026-09-28 07:00:00,R1,3.129,1.176,5.135,4.247,0.982,11.54
2026-09-28 07:00:00,R2,2.401,0.994,4.324,3.483,1.011,9.812
2026-09-28 07:15:00,R1,2.985,1.248,5.435,4.056,0.964,11.703
2026-09-28 07:15:00,R2,2.64,1.128,4.815,3.797,0.822,10.562
2026-09-28 07:30:00,R1,3.462,1.092,4.939,4.413,1.017,11.461
2026-09-28 07:30:00,R2,2.573,0.991,4.776,4.175,0.858,10.8
2026-09-28 07:45:00,R1,3.309,1.201,5.178,4.056,0.974,11.409
2026-09-28 07:45:00,R2,2.806,1.13,3.813,3.742,0.904,9.589
2026-09-28 08:00:00,R1,3.012,0.984,4.868,4.158,0.919,10.929
2026-09-28 08:00:00,R2,3.117,1.061,4.877,4.09,0.908,10.935
2026-09-28 08:15:00,R1,2.893,1.247,5.33,4.185,1.047,11.809
2026-09-28 08:15:00,R2,2.317,1.059,4.816,3.8,0.829,10.504
2026-09-28 08:30:00,R1,2.942,1.177,5.233,4.396,0.978,11.784
2026-09-28 08:30:00,R2,2.675,0.999,4.771,3.662,1.064,10.496
2026-09-28 08:45:00,R1,2.851,1.081,5.04,4.442,0.916,11.48
2026-09-28 08:45:00,R2,2.962,1.049,4.783,3.776,0.923,10.531
2026-09-28 09:00:00,R1,2.887,0.971,5.172,4.091,0.848,11.082
2026-09-28 09:00:00,R2,2.806,1.115,5.171,3.99,0.938,11.214
2026-09-28 09:15:00,R1,2.515,1.156,4.919,4.53,0.918,11.523
2026-09-28 09:15:00,R2,2.76,1.065,4.052,3.702,0.919,9.739
2026-09-28 09:30:00,R1,2.98,1.219,4.671,4.445,1.04,11.375
2026-09-28 09:30:00,R2,2.102,1.161,4.213,3.908,0.897,10.179
2026-09-28 09:45:00,R1,2.729,1.292,4.882,3.931,1.081,11.185
2026-09-28 09:45:00,R2,2.563,0.833,4.686,3.618,0.982,10.119
2026-09-28 10:00:00,R1,3.505,1.325,5.687,4.237,0.928,12.176
2026-09-28 10:00:00,R2,2.479,1.066,4.79,3.871,0.971,10.699
2026-09-28 10:15:00,R1,2.77,1.292,5.35,3.971,0.954,11.567
2026-09-28 10:15:00,R2,2.324,1.106,3.954,3.31,1.009,9.378
2026-09-28 10:30:00,R1,2.939,1.08,4.833,4.057,0.953,10.924
2026-09-28 10:30:00,R2,2.339,1.151,4.357,3.588,0.882,9.979
2026-09-28 10:45:00,R1,2.96,1.165,4.932,4.513,0.894,11.504
2026-09-28 10:45:00,R2,2.615,1.105,4.992,3.509,0.695,10.301
2026-09-28 11:00:00,R1,2.984,1.178,5.39,4.361,1.016,11.945
2026-09-28 11:00:00,R2,2.48,1.122,4.488,3.823,0.811,10.243
2026-09-28 11:15:00,R1,2.967,1.285,5.554,4.306,0.879,12.024
2026-09-28 11:15:00,R2,2.511,0.853,4.491,3.976,0.964,10.284
2026-09-28 11:30:00,R1,2.96,1.198,5.506,4.343,1.097,12.144
2026-09-28 11:30:00,R2,2.329,1.022,4.208,3.798,0.938,9.966
2026-09-28 11:45:00,R1,2.598,1.072,5.399,4.524,0.842,11.838
2026-09-28 11:45:00,R2,2.643,1.01,4.629,3.947,0.882,10.468
2026-09-28 12:00:00,R1,2.998,1.302,5.373,4.079,0.979,11.733
2026-09-28 12:00:00,R2,2.637,1.075,4.617,3.975,0.925,10.593
2026-09-28 12:15:00,R1,3.104,1.179,5.084,4.203,1.031,11.497
2026-09-28 12:15:00,R2,2.825,1.168,4.155,3.499,0.979,9.802
2026-09-28 12:30:00,R1,2.824,1.238,4.662,4.265,0.983,11.149
2026-09-28 12:30:00,R2,2.393,1.025,4.286,3.815,1.099,10.225
2026-09-28 12:45:00,R1,3.049,1.193,4.818,4.479,1.069,11.559
2026-09-28 12:45:00,R2,2.661,0.956,5.064,3.24,0.762,10.023
2026-09-28 13:00:00,R1,3.102,1.106,4.87,4.451,0.899,11.326
2026-09-28 13:00:00,R2,2.391,1.129,4.772,3.546,0.919,10.365
2026-09-28 13:15:00,R1,3.169,1.085,5.253,3.955,1.032,11.326
2026-09-28 13:15:00,R2,2.682,1.139,4.371,4.25,0.876,10.636
2026-09-28 13:30:00,R1,2.96,1.031,5.609,4.923,0.945,12.509
2026-09-28 13:30:00,R2,2.743,1.115,4.412,3.46,0.815,9.803
2026-09-28 13:45:00,R1,3.048,1.072,5.307,4.393,0.927,11.699
2026-09-28 13:45:00,R2,2.873,0.94,4.32,3.632,0.89,9.781
2026-09-28 14:00:00,R1,3.401,1.204,5.152,4.103,0.822,11.28
2026-09-28 14:00:00,R2,3.109,1.075,4.601,3.814,0.938,10.428
2026-09-28 14:15:00,R1,3.202,1.132,5.277,4.083,0.926,11.417
2026-09-28 14:15:00,R2,2.617,0.953,4.66,3.636,0.813,10.062
2026-09-28 14:30:00,R1,3.033,1.01,4.601,4.319,0.93,10.86
2026-09-28 14:30:00,R2,2.556,1.029,4.618,3.76,0.904,10.31
2026-09-28 14:45:00,R1,3.254,1.194,5.407,3.783,0.997,11.381
2026-09-28 14:45:00,R2,2.486,1.027,4.405,3.795,0.951,10.179
2026-09-28 15:00:00,R1,3.04,1.213,5.138,4.376,1.046,11.773
2026-09-28 15:00:00,R2,2.517,0.931,4.257,4.039,0.919,10.146
2026-09-28 15:15:00,R1,3.002,1.144,5.229,4.215,0.937,11.525
2026-09-28 15:15:00,R2,2.805,1.106,4.666,3.895,1.029,10.696
2026-09-28 15:30:00,R1,3.114,0.944,5.214,4.509,0.916,11.582
2026-09-28 15:30:00,R2,2.89,1.02,4.263,3.12,0.821,9.224
2026-09-28 15:45:00,R1,3.277,1.192,4.913,4.727,0.867,11.699
2026-09-28 15:45:00,R2,2.776,0.88,4.885,3.384,0.913,10.062
2026-09-28 16:00:00,R1,2.618,1.195,4.597,4.486,0.897,11.175
2026-09-28 16:00:00,R2,2.499,1.132,4.779,3.708,0.902,10.52
2026-09-28 16:15:00,R1,2.969,1.154,5.603,3.995,0.942,11.694
2026-09-28 16:15:00,R2,2.48,0.983,4.704,3.888,0.859,10.434
2026-09-28 16:30:00,R1,3.089,1.296,4.682,4.288,0.942,11.208
2026-09-28 16:30:00,R2,2.719,0.987,4.583,3.783,0.931,10.283
2026-09-28 16:45:00,R1,3.026,1.134,4.922,4.427,0.978,11.461
2026-09-28 16:45:00,R2,2.76,0.847,4.541,3.759,0.926,10.072
2026-09-28 17:00:00,R1,3.024,1.029,6.028,4.201,0.974,12.232
2026-09-28 17:00:00,R2,2.523,1.132,4.118,3.568,0.819,9.636
2026-09-28 17:15:00,R1,3.054,1.127,4.75,4.051,0.88,10.808
2026-09-28 17:15:00,R2,2.637,1.02,4.637,3.926,0.938,10.521
2026-09-28 17:30:00,R1,2.766,1.079,5.666,4.199,0.917,11.862
2026-09-28 17:30:00,R2,2.602,1.117,4.594,3.751,0.95,10.412
2026-09-28 17:45:00,R1,3.133,1.251,4.81,4.542,1.042,11.645
2026-09-28 17:45:00,R2,2.42,1.041,4.627,3.764,0.947,10.38
2026-09-28 18:00:00,R1,3.222,1.063,4.934,4.451,0.885,11.333
2026-09-28 18:00:00,R2,2.846,1.246,4.591,3.856,0.864,10.557
2026-09-28 18:15:00,R1,3.261,1.211,4.894,3.863,0.895,10.863
2026-09-28 18:15:00,R2,2.547,0.926,4.379,3.626,0.908,9.838
2026-09-28 18:30:00,R1,2.939,1.205,5.388,4.601,0.844,12.038
2026-09-28 18:30:00,R2,2.965,0.985,4.608,3.862,0.932,10.387
2026-09-28 18:45:00,R1,2.986,1.002,4.941,4.198,0.92,11.061
2026-09-28 18:45:00,R2,2.788,1.098,4.622,3.495,0.927,10.143
2026-09-28 19:00:00,R1,3.486,1.075,4.948,4.22,0.877,11.119
2026-09-28 19:00:00,R2,2.53,0.998,4.509,4.395,1.053,10.956
2026-09-28 19:15:00,R1,2.648,1.264,4.827,4.224,1.044,11.359
2026-09-28 19:15:00,R2,2.629,1.103,4.328,4.059,0.862,10.353
2026-09-28 19:30:00,R1,3.139,1.141,5.319,4.458,0.864,11.782
2026-09-28 19:30:00,R2,2.809,1.075,4.911,4.051,1.015,11.051
2026-09-28 19:45:00,R1,3.019,1.067,5.29,4.132,0.962,11.451
2026-09-28 19:45:00,R2,2.546,1.007,4.667,3.703,0.956,10.334
2026-09-28 20:00:00,R1,3.167,1.119,4.976,4.291,0.969,11.356
2026-09-28 20:00:00,R2,2.478,0.902,4.451,3.955,0.896,10.204
2026-09-28 20:15:00,R1,3.172,1.12,4.935,4.496,0.857,11.407
2026-09-28 20:15:00,R2,2.53,1.028,4.346,3.916,0.843,10.133
2026-09-28 20:30:00,R1,2.978,1.052,4.948,4.375,0.965,11.341
2026-09-28 20:30:00,R2,2.564,1.045,4.348,4.134,0.91,10.438
2026-09-28 20:45:00,R1,3.312,1.136,5.459,4.308,0.978,11.881
2026-09-28 20:45:00,R2,2.75,1.039,4.126,3.512,0.935,9.612
2026-09-28 21:00:00,R1,3.438,1.219,5.39,4.27,1.025,11.904
2026-09-28 21:00:00,R2,2.302,1.016,4.521,3.582,0.857,9.975
2026-09-28 21:15:00,R1,3.162,1.187,5.373,4.566,0.894,12.019
2026-09-28 21:15:00,R2,2.679,1.182,4.625,3.269,0.754,9.829
2026-09-28 21:30:00,R1,2.799,1.207,5.276,4.426,1.017,11.925
2026-09-28 21:30:00,R2,2.157,1.044,4.584,3.587,1.023,10.237
2026-09-28 21:45:00,R1,3.188,1.19,5.642,4.418,0.961,12.211
2026-09-28 21:45:00,R2,3.166,1.02,4.494,3.835,0.79,10.139
2026-09-28 22:00:00,R1,3.586,1.023,5.047,4.287,1.135,11.493
2026-09-28 22:00:00,R2,2.885,1.126,4.184,3.765,0.923,9.997
2026-09-28 22:15:00,R1,2.793,1.109,4.931,4.261,0.96,11.261
2026-09-28 22:15:00,R2,2.477,1.188,4.245,3.33,1.002,9.765
2026-09-28 22:30:00,R1,2.695,1.244,5.624,3.849,0.808,11.526
2026-09-28 22:30:00,R2,2.657,0.962,4.991,3.759,0.957,10.669
2026-09-28 22:45:00,R1,3.297,1.063,5.311,4.241,1.015,11.631
2026-09-28 22:45:00,R2,2.73,0.878,4.297,3.699,0.852,9.726
2026-09-28 23:00:00,R1,2.989,1.187,5.119,4.164,0.91,11.38
2026-09-28 23:00:00,R2,2.427,0.931,4.322,3.806,0.977,10.037
2026-09-28 23:15:00,R1,2.908,1.162,5.615,4.263,0.882,11.921
2026-09-28 23:15:00,R2,2.611,1.126,4.465,4.063,0.984,10.638
2026-09-28 23:30:00,R1,2.612,0.992,5.172,4.371,0.886,11.421
2026-09-28 23:30:00,R2,2.512,1.002,4.36,3.581,0.896,9.839
2026-09-28 23:45:00,R1,2.683,1.255,5.517,4.41,0.85,12.032
2026-09-28 23:45:00,R2,2.533,1.26,4.595,4.068,0.864,10.787
2026-09-29 00:00:00,R1,2.869,1.2,5.211,4.154,0.833,11.398
2026-09-29 00:00:00,R2,2.463,0.909,4.546,3.963,0.83,10.248
2026-09-29 00:15:00,R1,3.002,1.258,5.073,4.09,0.884,11.305
2026-09-29 00:15:00,R2,2.658,0.949,4.851,3.846,0.838,10.484
2026-09-29 00:30:00,R1,3.095,1.158,5.051,4.277,0.971,11.457
2026-09-29 00:30:00,R2,2.805,1.151,4.595,3.894,0.72,10.361
2026-09-29 00:45:00,R1,2.981,1.082,5.191,3.975,0.96,11.208
2026-09-29 00:45:00,R2,2.447,1.172,4.914,3.208,0.871,10.166
2026-09-29 01:00:00,R1,2.719,1.187,5.131,4.589,0.896,11.803
2026-09-29 01:00:00,R2,2.783,1.107,4.061,3.864,1.04,10.072
2026-09-29 01:15:00,R1,3.259,1.284,5.093,4.06,0.941,11.379
2026-09-29 01:15:00,R2,2.769,1.024,4.486,3.243,0.875,9.628
2026-09-29 01:30:00,R1,3.19,1.229,5.476,4.714,1.045,12.463
2026-09-29 01:30:00,R2,2.412,1.144,4.951,4.042,0.861,10.998
2026-09-29 01:45:00,R1,2.838,1.089,5.261,4.211,0.983,11.544
2026-09-29 01:45:00,R2,2.539,1.172,4.363,3.749,0.976,10.261
2026-09-29 02:00:00,R1,3.01,1.037,5.467,3.656,0.78,10.94
2026-09-29 02:00:00,R2,2.239,0.98,4.379,3.452,0.975,9.786
2026-09-29 02:15:00,R1,3.258,1.093,5.151,4.136,0.84,11.221
2026-09-29 02:15:00,R2,2.403,1.122,4.191,3.666,0.883,9.862
2026-09-29 02:30:00,R1,2.939,1.189,4.972,4.587,0.973,11.722
2026-09-29 02:30:00,R2,2.459,0.923,3.864,3.631,0.991,9.409
2026-09-29 02:45:00,R1,2.885,0.979,5.043,4.402,0.978,11.402
2026-09-29 02:45:00,R2,2.859,1.062,4.492,3.457,0.929,9.941
2026-09-29 03:00:00,R1,2.986,1.207,5.096,4.696,0.951,11.95
2026-09-29 03:00:00,R2,2.51,1.15,4.311,3.928,0.915,10.304
2026-09-29 03:15:00,R1,3.003,1.18,4.883,4.151,0.887,11.101
2026-09-29 03:15:00,R2,2.635,1.118,4.838,3.542,0.831,10.33
2026-09-29 03:30:00,R1,2.89,1.25,5.197,4.522,0.954,11.924
2026-09-29 03:30:00,R2,2.507,1.255,4.369,3.86,1.054,10.538
2026-09-29 03:45:00,R1,3.078,1.122,5.022,4.079,0.969,11.192
2026-09-29 03:45:00,R2,2.498,1.024,4.693,4.09,0.896,10.702
2026-09-29 04:00:00,R1,2.876,1.143,5.524,4.359,0.913,11.939
2026-09-29 04:00:00,R2,2.52,0.878,4.177,3.92,0.725,9.7
2026-09-29 04:15:00,R1,2.815,1.154,5.001,4.397,1.022,11.575
2026-09-29 04:15:00,R2,2.601,1.128,4.631,4.13,0.848,10.736
2026-09-29 04:30:00,R1,3.139,1.019,5.429,4.143,0.977,11.568
2026-09-29 04:30:00,R2,2.908,1.137,4.63,3.593,0.869,10.23
2026-09-29 04:45:00,R1,2.875,0.981,5.092,4.397,0.977,11.448
2026-09-29 04:45:00,R2,2.847,1.123,4.573,3.973,0.778,10.447
2026-09-29 05:00:00,R1,3.049,1.046,5.138,4.076,0.934,11.195
2026-09-29 05:00:00,R2,2.427,1.093,4.077,3.315,0.753,9.238
2026-09-29 05:15:00,R1,3.464,1.072,4.715,3.62,0.857,10.263
2026-09-29 05:15:00,R2,2.595,1.093,4.75,3.606,0.786,10.235
2026-09-29 05:30:00,R1,2.824,1.024,5.184,4.249,0.954,11.412
2026-09-29 05:30:00,R2,2.263,1.023,4.684,3.621,0.902,10.231
2026-09-29 05:45:00,R1,2.821,0.9,5.285,4.441,0.871,11.497
2026-09-29 05:45:00,R2,2.174,0.993,3.991,3.635,0.976,9.595
2026-09-29 06:00:00,R1,3.384,1.214,4.622,4.644,0.794,11.273
2026-09-29 06:00:00,R2,2.85,1.057,4.185,3.932,0.947,10.122
2026-09-29 06:15:00,R1,2.748,1.037,5.214,4.094,0.832,11.177
2026-09-29 06:15:00,R2,2.378,1.064,4.555,3.896,0.924,10.438
2026-09-29 06:30:00,R1,2.939,1.034,5.239,4.427,0.986,11.687
2026-09-29 06:30:00,R2,3.075,1.068,4.59,3.863,0.891,10.412
2026-09-29 06:45:00,R1,2.862,1.112,5.142,4.175,1.032,11.461
2026-09-29 06:45:00,R2,2.737,1.056,4.866,3.432,0.861,10.216
2026-09-29 07:00:00,R1,3.17,0.975,5.264,4.406,0.8,11.445
2026-09-29 07:00:00,R2,2.436,0.917,5.066,3.927,0.977,10.887
2026-09-29 07:15:00,R1,3.058,0.931,5.124,4.132,0.962,11.15
2026-09-29 07:15:00,R2,2.768,1.101,4.976,4.279,1.08,11.435
2026-09-29 07:30:00,R1,3.038,1.007,5.586,4.468,1.028,12.088
2026-09-29 07:30:00,R2,2.772,1.021,4.694,4.125,0.901,10.741
2026-09-29 07:45:00,R1,3.262,1.167,5.48,4.21,0.915,11.771
2026-09-29 07:45:00,R2,2.328,1.081,4.319,4.135,0.83,10.366
2026-09-29 08:00:00,R1,2.775,1.324,4.898,4.603,1.129,11.954
2026-09-29 08:00:00,R2,2.408,1.017,4.523,3.578,0.828,9.946
2026-09-29 08:15:00,R1,2.834,1.085,5.388,3.728,0.989,11.189
2026-09-29 08:15:00,R2,2.255,0.935,4.38,3.961,0.894,10.169
2026-09-29 08:30:00,R1,3.083,1.192,5.158,4.193,0.886,11.429
2026-09-29 08:30:00,R2,2.821,1.073,4.61,3.806,0.95,10.44
2026-09-29 08:45:00,R1,2.9,1.268,5.248,3.927,1.103,11.547
2026-09-29 08:45:00,R2,2.887,1.064,4.252,3.593,0.898,9.807
2026-09-29 09:00:00,R1,3.15,1.1,5.215,4.344,0.83,11.489
2026-09-29 09:00:00,R2,2.678,1.005,4.283,3.375,1.13,9.793
2026-09-29 09:15:00,R1,2.914,1.206,5.816,4.351,0.706,12.08
2026-09-29 09:15:00,R2,2.62,1.023,4.622,3.761,0.992,10.398
2026-09-29 09:30:00,R1,3.271,1.163,5.02,4.025,1.137,11.345
2026-09-29 09:30:00,R2,2.614,0.93,4.649,3.879,0.953,10.412
2026-09-29 09:45:00,R1,3.072,0.972,5.39,4.502,0.991,11.854
2026-09-29 09:45:00,R2,2.391,1.074,4.37,3.692,0.903,10.039
2026-09-29 10:00:00,R1,3.235,0.959,5.21,4.135,1.042,11.347
2026-09-29 10:00:00,R2,2.63,1.039,3.918,3.805,0.97,9.732
2026-09-29 10:15:00,R1,2.934,1.348,5.131,4.828,0.955,12.262
2026-09-29 10:15:00,R2,2.478,1.138,5.269,3.812,0.98,11.199
2026-09-29 10:30:00,R1,3.003,1.174,4.967,4.436,0.942,11.519
2026-09-29 10:30:00,R2,2.62,0.839,4.533,3.298,0.968,9.638
2026-09-29 10:45:00,R1,2.899,1.093,5.325,4.118,0.887,11.423
2026-09-29 10:45:00,R2,2.394,1.101,3.988,4.052,0.841,9.982
2026-09-29 11:00:00,R1,3.005,1.133,5.198,4.268,0.881,11.481
2026-09-29 11:00:00,R2,2.573,1.089,4.552,3.951,0.899,10.491
2026-09-29 11:15:00,R1,2.91,1.151,5.29,4.537,0.9,11.878
2026-09-29 11:15:00,R2,2.59,1.235,4.658,3.842,0.996,10.732
2026-09-29 11:30:00,R1,3.188,1.215,5.048,4.391,0.906,11.56
2026-09-29 11:30:00,R2,2.754,0.992,4.594,3.843,0.927,10.356
2026-09-29 11:45:00,R1,2.924,1.004,5.112,4.441,1.051,11.607
2026-09-29 11:45:00,R2,2.226,1.121,4.593,3.53,0.844,10.088
2026-09-29 12:00:00,R1,3.299,1.045,5.066,4.252,0.915,11.278
2026-09-29 12:00:00,R2,2.782,1.136,4.798,3.757,0.908,10.599
2026-09-29 12:15:00,R1,3.191,1.084,5.09,4.391,1.011,11.576
2026-09-29 12:15:00,R2,2.456,0.984,4.366,3.879,0.885,10.114
2026-09-29 12:30:00,R1,2.864,1.006,4.894,4.701,0.952,11.552
2026-09-29 12:30:00,R2,2.516,0.772,4.07,3.865,1.01,9.717
2026-09-29 12:45:00,R1,3.053,1.03,5.124,4.409,0.91,11.473
2026-09-29 12:45:00,R2,2.762,1.07,4.525,3.136,0.824,9.555
2026-09-29 13:00:00,R1,3.068,1.099,5.114,4.546,0.893,11.652
2026-09-29 13:00:00,R2,2.395,1.112,4.649,3.734,0.797,10.292
2026-09-29 13:15:00,R1,3.008,1.035,5.183,4.159,0.949,11.326
2026-09-29 13:15:00,R2,2.601,1.042,4.707,3.682,0.962,10.393
2026-09-29 13:30:00,R1,2.486,1.114,4.818,4.184,0.786,10.902
2026-09-29 13:30:00,R2,2.844,1.034,3.985,3.813,0.889,9.721
2026-09-29 13:45:00,R1,2.946,1.186,5.687,4.435,0.876,12.185
2026-09-29 13:45:00,R2,2.726,0.893,4.386,3.973,0.902,10.154
2026-09-29 14:00:00,R1,3.508,1.154,5.005,3.933,0.96,11.052
2026-09-29 14:00:00,R2,2.568,0.972,4.726,3.907,0.881,10.486
2026-09-29 14:15:00,R1,2.961,1.004,5.016,4.358,0.929,11.307
2026-09-29 14:15:00,R2,2.563,1.115,4.27,4.124,0.74,10.249
2026-09-29 14:30:00,R1,2.899,1.076,4.974,4.085,0.87,11.006
2026-09-29 14:30:00,R2,2.47,1.145,4.912,3.747,0.808,10.612
2026-09-29 14:45:00,R1,3.074,1.18,5.04,4.069,0.919,11.208
2026-09-29 14:45:00,R2,2.308,1.09,4.681,3.741,1.044,10.556
2026-09-29 15:00:00,R1,3.22,1.152,5.002,3.677,0.927,10.759
2026-09-29 15:00:00,R2,2.779,1.003,4.911,4.031,0.895,10.841
2026-09-29 15:15:00,R1,2.731,1.318,5.236,4.339,1.085,11.977
2026-09-29 15:15:00,R2,2.671,1.026,4.26,3.738,0.89,9.913
2026-09-29 15:30:00,R1,2.999,1.129,5.398,4.616,1.078,12.221
2026-09-29 15:30:00,R2,2.683,1.147,4.735,3.634,0.898,10.414
2026-09-29 15:45:00,R1,3.011,1.103,4.71,4.537,1.043,11.394
2026-09-29 15:45:00,R2,2.301,1.08,5.218,4.103,0.919,11.32
2026-09-29 16:00:00,R1,3.136,1.155,5.372,4.25,1.008,11.786
2026-09-29 16:00:00,R2,2.495,1.0,4.278,3.484,0.89,9.651
2026-09-29 16:15:00,R1,3.182,1.227,5.019,4.218,1.023,11.486
2026-09-29 16:15:00,R2,2.604,1.052,4.803,3.265,0.767,9.886
2026-09-29 16:30:00,R1,3.429,1.179,4.735,4.31,1.042,11.266
2026-09-29 16:30:00,R2,2.352,1.063,5.0,3.484,0.948,10.495
2026-09-29 16:45:00,R1,2.873,1.367,5.514,4.596,0.836,12.313
2026-09-29 16:45:00,R2,2.383,1.09,4.615,4.04,0.821,10.565
2026-09-29 17:00:00,R1,2.701,1.17,5.478,4.592,1.101,12.341
2026-09-29 17:00:00,R2,2.356,0.907,4.458,3.908,0.866,10.138
2026-09-29 17:15:00,R1,3.028,1.188,5.438,3.696,0.938,11.26
2026-09-29 17:15:00,R2,2.671,1.109,4.294,3.51,0.831,9.744
2026-09-29 17:30:00,R1,2.925,1.218,5.598,3.885,0.962,11.664
2026-09-29 17:30:00,R2,2.376,1.017,4.746,4.066,0.851,10.68
2026-09-29 17:45:00,R1,3.078,1.076,5.555,4.415,0.856,11.902
2026-09-29 17:45:00,R2,2.414,0.899,4.358,3.366,0.921,9.544
2026-09-29 18:00:00,R1,3.056,1.017,6.511,5.881,1.039,14.448
2026-09-29 18:00:00,R2,2.344,0.961,4.32,3.551,0.953,9.785
2026-09-29 18:15:00,R1,3.028,1.014,6.664,5.607,1.023,14.309
2026-09-29 18:15:00,R2,2.59,1.182,4.632,3.965,0.792,10.571
2026-09-29 18:30:00,R1,2.941,1.204,6.612,5.193,0.893,13.902
2026-09-29 18:30:00,R2,2.611,1.125,4.572,3.664,0.949,10.311
2026-09-29 18:45:00,R1,3.056,1.118,6.527,5.177,0.927,13.749
2026-09-29 18:45:00,R2,2.418,0.954,4.313,3.595,0.949,9.812
2026-09-29 19:00:00,R1,2.638,1.007,6.592,6.046,0.945,14.59
2026-09-29 19:00:00,R2,2.748,1.003,4.497,4.162,0.865,10.527
2026-09-29 19:15:00,R1,2.839,1.181,5.034,4.037,1.012,11.263
2026-09-29 19:15:00,R2,2.503,1.064,4.829,3.586,1.035,10.514
2026-09-29 19:30:00,R1,2.877,1.038,5.253,4.236,1.037,11.565
2026-09-29 19:30:00,R2,2.681,1.09,4.743,3.528,0.947,10.308
2026-09-29 19:45:00,R1,2.987,1.271,5.387,4.267,0.892,11.817
2026-09-29 19:45:00,R2,2.506,0.943,4.803,3.905,0.848,10.498
2026-09-29 20:00:00,R1,2.899,1.024,5.414,3.829,0.952,11.219
2026-09-29 20:00:00,R2,2.484,1.052,4.23,3.762,0.728,9.772
2026-09-29 20:15:00,R1,3.363,0.951,4.87,4.345,1.067,11.232
2026-09-29 20:15:00,R2,2.646,1.106,4.417,3.804,0.916,10.243
2026-09-29 20:30:00,R1,2.932,1.137,5.306,4.335,1.032,11.81
2026-09-29 20:30:00,R2,2.539,1.131,4.502,3.883,0.954,10.47
2026-09-29 20:45:00,R1,2.878,1.122,5.039,4.113,1.066,11.34
2026-09-29 20:45:00,R2,2.535,0.87,4.486,3.505,0.973,9.832
2026-09-29 21:00:00,R1,3.134,1.149,5.104,4.255,0.808,11.315
2026-09-29 21:00:00,R2,2.981,1.141,4.372,3.615,0.803,9.932
2026-09-29 21:15:00,R1,2.917,1.11,5.055,4.762,0.959,11.886
2026-09-29 21:15:00,R2,2.62,1.184,4.735,3.823,0.855,10.596
2026-09-29 21:30:00,R1,2.619,1.105,4.749,4.42,0.908,11.182
2026-09-29 21:30:00,R2,2.574,1.137,4.768,3.078,0.765,9.747
2026-09-29 21:45:00,R1,2.952,1.047,4.991,4.705,0.877,11.62
2026-09-29 21:45:00,R2,2.793,0.987,4.542,3.427,0.941,9.897
2026-09-29 22:00:00,R1,3.258,1.207,5.229,4.54,0.914,11.891
2026-09-29 22:00:00,R2,2.627,0.898,5.193,3.516,0.846,10.453
2026-09-29 22:15:00,R1,3.018,1.13,5.39,3.916,0.971,11.406
2026-09-29 22:15:00,R2,2.389,0.913,4.972,3.851,0.951,10.687
2026-09-29 22:30:00,R1,2.873,1.24,5.525,4.139,0.99,11.894
2026-09-29 22:30:00,R2,2.442,1.084,4.351,3.897,1.012,10.344
2026-09-29 22:45:00,R1,2.726,1.175,5.638,4.547,0.776,12.136
2026-09-29 22:45:00,R2,2.77,0.947,4.919,3.6,1.058,10.524
2026-09-29 23:00:00,R1,2.915,0.912,5.204,4.561,0.884,11.561
2026-09-29 23:00:00,R2,2.608,1.181,4.124,3.927,0.791,10.022
2026-09-29 23:15:00,R1,3.296,1.172,5.724,4.078,0.81,11.784
2026-09-29 23:15:00,R2,2.838,1.142,4.502,3.717,0.771,10.131
2026-09-29 23:30:00,R1,2.691,1.099,5.126,4.508,0.941,11.673
2026-09-29 23:30:00,R2,2.745,0.999,4.708,3.927,1.001,10.635
2026-09-29 23:45:00,R1,2.704,1.054,5.238,4.121,0.817,11.23
2026-09-29 23:45:00,R2,2.789,1.003,4.424,3.964,0.988,10.379
2026-09-30 00:00:00,R1,2.968,1.091,5.14,4.118,0.951,11.3
2026-09-30 00:00:00,R2,2.129,1.002,4.19,3.944,0.856,9.993
2026-09-30 00:15:00,R1,3.126,1.222,4.543,4.236,0.98,10.981
2026-09-30 00:15:00,R2,2.384,1.125,4.118,3.479,0.975,9.696
2026-09-30 00:30:00,R1,2.754,1.123,4.902,4.602,0.884,11.51
2026-09-30 00:30:00,R2,2.723,0.874,4.457,4.003,0.945,10.279
2026-09-30 00:45:00,R1,2.687,1.042,5.372,4.477,0.987,11.879
2026-09-30 00:45:00,R2,2.553,1.259,4.882,3.922,0.899,10.961
2026-09-30 01:00:00,R1,3.115,1.18,5.165,4.055,0.951,11.351
2026-09-30 01:00:00,R2,2.726,1.036,4.578,3.857,0.817,10.288
2026-09-30 01:15:00,R1,3.074,1.285,4.905,3.984,1.002,11.176
2026-09-30 01:15:00,R2,2.197,0.97,4.233,3.651,0.924,9.778
2026-09-30 01:30:00,R1,2.76,1.179,5.09,4.468,0.942,11.679
2026-09-30 01:30:00,R2,2.686,1.055,4.67,3.629,0.968,10.321
2026-09-30 01:45:00,R1,3.108,1.15,5.149,4.422,0.976,11.697
2026-09-30 01:45:00,R2,2.623,0.94,4.773,4.134,0.822,10.669
2026-09-30 02:00:00,R1,3.376,1.081,4.917,4.548,0.953,11.499
2026-09-30 02:00:00,R2,2.622,1.299,4.672,3.827,0.931,10.729
2026-09-30 02:15:00,R1,2.959,1.179,5.521,4.09,1.098,11.889
2026-09-30 02:15:00,R2,2.798,0.96,4.436,3.609,0.83,9.835
2026-09-30 02:30:00,R1,3.112,1.139,5.653,4.72,0.934,12.446
2026-09-30 02:30:00,R2,2.516,0.933,4.347,4.316,0.937,10.533
2026-09-30 02:45:00,R1,3.173,1.286,5.356,4.012,0.842,11.496
2026-09-30 02:45:00,R2,2.41,1.041,4.302,3.607,0.907,9.857
2026-09-30 03:00:00,R1,3.049,1.195,5.322,4.472,0.888,11.877
2026-09-30 03:00:00,R2,2.404,0.987,4.536,4.144,0.863,10.53
2026-09-30 03:15:00,R1,2.847,1.12,4.97,4.451,0.949,11.49
2026-09-30 03:15:00,R2,2.721,1.054,4.808,3.839,0.896,10.596
2026-09-30 03:30:00,R1,3.069,1.176,5.488,4.356,0.924,11.945
2026-09-30 03:30:00,R2,2.365,0.985,4.53,3.918,0.788,10.221
2026-09-30 03:45:00,R1,3.385,1.288,4.967,3.949,1.004,11.208
2026-09-30 03:45:00,R2,2.913,1.06,4.193,3.703,0.88,9.836
2026-09-30 04:00:00,R1,2.97,1.351,5.303,4.209,0.904,11.767
2026-09-30 04:00:00,R2,2.416,1.247,5.049,3.896,0.951,11.142
2026-09-30 04:15:00,R1,3.379,1.141,5.061,4.731,0.96,11.894
2026-09-30 04:15:00,R2,2.602,0.972,4.592,3.796,1.023,10.384
2026-09-30 04:30:00,R1,3.062,1.303,5.331,3.996,0.984,11.614
2026-09-30 04:30:00,R2,2.63,1.116,4.433,3.867,0.886,10.303
2026-09-30 04:45:00,R1,2.956,1.088,5.488,4.58,0.884,12.04
2026-09-30 04:45:00,R2,2.643,1.012,4.524,3.435,0.822,9.793
2026-09-30 05:00:00,R1,2.747,1.234,4.598,4.485,0.989,11.307
2026-09-30 05:00:00,R2,2.913,1.196,4.465,3.643,0.769,10.072
2026-09-30 05:15:00,R1,3.007,1.143,5.669,4.087,0.921,11.82
2026-09-30 05:15:00,R2,2.768,1.052,4.61,3.702,0.776,10.14
2026-09-30 05:30:00,R1,2.916,1.093,5.28,4.234,0.887,11.494
2026-09-30 05:30:00,R2,2.403,1.166,4.63,4.269,0.963,11.028
2026-09-30 05:45:00,R1,2.899,1.021,5.151,3.953,0.992,11.117
2026-09-30 05:45:00,R2,2.877,1.041,5.15,3.843,0.914,10.949
2026-09-30 06:00:00,R1,3.018,1.13,5.434,4.314,0.848,11.725
2026-09-30 06:00:00,R2,3.186,1.074,4.698,3.772,0.949,10.494
2026-09-30 06:15:00,R1,3.08,1.151,5.299,4.051,0.937,11.439
2026-09-30 06:15:00,R2,2.527,1.086,4.934,3.992,0.88,10.893
2026-09-30 06:30:00,R1,3.074,0.993,5.207,4.046,0.991,11.236
2026-09-30 06:30:00,R2,2.969,1.268,3.855,3.612,0.923,9.658
2026-09-30 06:45:00,R1,2.831,1.098,5.391,4.028,1.021,11.538
2026-09-30 06:45:00,R2,2.651,1.016,4.522,3.852,0.909,10.299
2026-09-30 07:00:00,R1,3.304,0.913,4.93,4.123,1.097,11.064
2026-09-30 07:00:00,R2,2.243,1.103,4.588,3.641,0.877,10.209
2026-09-30 07:15:00,R1,2.803,1.239,5.037,3.905,0.917,11.099
2026-09-30 07:15:00,R2,2.576,1.127,4.516,3.701,0.893,10.237
2026-09-30 07:30:00,R1,2.959,0.969,4.889,4.18,0.986,11.023
2026-09-30 07:30:00,R2,2.875,1.167,4.596,3.658,0.792,10.213
2026-09-30 07:45:00,R1,2.969,1.458,4.931,4.26,1.014,11.663
2026-09-30 07:45:00,R2,2.303,0.877,4.634,3.819,1.055,10.385
2026-09-30 08:00:00,R1,2.979,1.068,4.688,4.109,0.957,10.822
2026-09-30 08:00:00,R2,2.516,1.024,4.567,4.187,0.955,10.732
2026-09-30 08:15:00,R1,3.122,1.1,4.976,4.087,1.025,11.187
2026-09-30 08:15:00,R2,2.395,0.787,4.264,3.507,0.847,9.406
2026-09-30 08:30:00,R1,3.302,1.183,5.309,3.997,0.822,11.31
2026-09-30 08:30:00,R2,2.747,1.214,4.33,3.832,0.841,10.217
2026-09-30 08:45:00,R1,2.991,1.238,5.512,4.523,0.946,12.219
2026-09-30 08:45:00,R2,2.657,0.89,4.499,4.056,0.879,10.325
2026-09-30 09:00:00,R1,3.213,1.084,4.529,4.51,0.918,11.042
2026-09-30 09:00:00,R2,2.772,0.866,3.996,3.746,1.017,9.625
2026-09-30 09:15:00,R1,2.886,1.09,4.614,4.153,0.992,10.849
2026-09-30 09:15:00,R2,2.417,0.957,4.45,3.572,0.905,9.884
2026-09-30 09:30:00,R1,3.177,1.046,5.059,4.579,0.983,11.667
2026-09-30 09:30:00,R2,2.358,0.823,4.374,3.572,0.802,9.57
2026-09-30 09:45:00,R1,3.142,1.076,4.666,4.39,1.022,11.154
2026-09-30 09:45:00,R2,2.733,1.15,4.411,4.461,0.838,10.859
2026-09-30 10:00:00,R1,3.087,1.23,5.194,4.506,0.931,11.862
2026-09-30 10:00:00,R2,2.206,0.93,4.44,3.88,0.85,10.101
2026-09-30 10:15:00,R1,2.809,1.357,5.169,4.149,0.971,11.646
2026-09-30 10:15:00,R2,2.615,0.907,4.548,4.107,1.035,10.597
2026-09-30 10:30:00,R1,2.93,1.005,5.486,4.043,0.874,11.409
2026-09-30 10:30:00,R2,3.071,1.161,4.246,3.983,0.954,10.344
2026-09-30 10:45:00,R1,3.182,1.204,5.46,4.512,0.809,11.985
2026-09-30 10:45:00,R2,2.658,1.134,4.506,3.84,0.879,10.359
2026-09-30 11:00:00,R1,3.03,1.117,4.949,4.143,1.075,11.284
2026-09-30 11:00:00,R2,2.443,1.06,4.451,3.841,0.826,10.177
2026-09-30 11:15:00,R1,3.283,1.238,5.11,4.575,0.856,11.778
2026-09-30 11:15:00,R2,2.451,0.985,4.631,3.761,0.819,10.197
2026-09-30 11:30:00,R1,3.035,1.179,5.712,4.437,0.875,12.204
2026-09-30 11:30:00,R2,2.75,0.859,4.276,3.604,0.874,9.613
2026-09-30 11:45:00,R1,3.116,0.952,5.156,4.553,0.883,11.544
2026-09-30 11:45:00,R2,2.52,1.103,4.514,3.901,0.746,10.264
2026-09-30 12:00:00,R1,3.413,1.184,5.132,4.641,0.936,11.893
2026-09-30 12:00:00,R2,2.569,1.103,4.391,3.819,0.883,10.196
2026-09-30 12:15:00,R1,3.256,1.324,5.138,4.45,0.957,11.868
2026-09-30 12:15:00,R2,2.816,1.145,4.33,4.035,0.865,10.375
2026-09-30 12:30:00,R1,2.805,1.204,5.186,4.624,0.921,11.935
2026-09-30 12:30:00,R2,2.643,1.013,4.807,3.444,0.826,10.09
2026-09-30 12:45:00,R1,2.966,1.058,5.233,4.331,1.079,11.7
2026-09-30 12:45:00,R2,2.347,1.019,4.842,3.943,0.827,10.632
2026-09-30 13:00:00,R1,3.151,1.162,5.399,4.28,1.012,11.853
2026-09-30 13:00:00,R2,2.71,0.92,4.479,4.059,0.898,10.356
2026-09-30 13:15:00,R1,2.913,1.3,5.12,4.305,1.038,11.763
2026-09-30 13:15:00,R2,2.691,1.048,3.838,4.06,0.899,9.845
2026-09-30 13:30:00,R1,3.087,1.15,5.231,4.203,0.937,11.521
2026-09-30 13:30:00,R2,2.5,1.041,4.253,3.461,0.903,9.657
2026-09-30 13:45:00,R1,3.352,1.147,5.105,4.292,0.961,11.505
2026-09-30 13:45:00,R2,2.584,1.135,4.2,4.177,0.924,10.437
2026-09-30 14:00:00,R1,2.901,1.336,5.226,4.582,1.162,12.307
2026-09-30 14:00:00,R2,2.952,1.158,4.568,3.677,0.938,10.341
2026-09-30 14:15:00,R1,3.394,1.181,5.277,4.587,1.038,12.083
2026-09-30 14:15:00,R2,2.889,0.99,4.273,3.822,0.799,9.884
2026-09-30 14:30:00,R1,2.884,1.316,5.347,4.379,1.002,12.043
2026-09-30 14:30:00,R2,2.939,0.96,4.279,3.55,0.8,9.59
2026-09-30 14:45:00,R1,3.163,1.159,5.598,3.876,0.941,11.575
2026-09-30 14:45:00,R2,2.713,1.24,4.156,4.016,0.878,10.289
2026-09-30 15:00:00,R1,2.601,1.064,5.299,4.368,0.907,11.637
2026-09-30 15:00:00,R2,2.525,0.949,4.792,3.667,0.872,10.28
2026-09-30 15:15:00,R1,3.094,1.109,5.133,4.324,0.783,11.349
2026-09-30 15:15:00,R2,2.627,0.918,4.694,3.58,0.973,10.165
2026-09-30 15:30:00,R1,2.983,1.327,4.95,4.575,0.957,11.809
2026-09-30 15:30:00,R2,2.511,1.206,4.536,3.536,0.835,10.114
2026-09-30 15:45:00,R1,3.283,1.18,5.277,4.364,0.982,11.803
2026-09-30 15:45:00,R2,2.491,0.977,4.749,3.82,0.873,10.419
2026-09-30 16:00:00,R1,2.983,1.268,5.803,4.298,1.023,12.392
2026-09-30 16:00:00,R2,2.199,1.048,4.436,3.953,1.049,10.486
2026-09-30 16:15:00,R1,2.984,1.261,4.943,4.762,1.123,12.09
2026-09-30 16:15:00,R2,2.544,1.062,4.94,4.104,0.911,11.016
2026-09-30 16:30:00,R1,2.875,1.011,5.223,4.612,1.019,11.865
2026-09-30 16:30:00,R2,2.397,1.076,4.523,3.942,0.959,10.5
2026-09-30 16:45:00,R1,2.714,1.055,5.241,4.312,0.994,11.601
2026-09-30 16:45:00,R2,2.609,0.998,4.066,3.743,0.917,9.724
2026-09-30 17:00:00,R1,2.808,1.244,5.409,4.183,0.901,11.736
2026-09-30 17:00:00,R2,2.422,0.978,5.295,3.945,1.041,11.259
2026-09-30 17:15:00,R1,3.245,1.145,5.301,4.066,0.921,11.433
2026-09-30 17:15:00,R2,2.868,0.968,4.441,3.783,0.888,10.08
2026-09-30 17:30:00,R1,2.944,1.195,5.147,4.295,0.84,11.477
2026-09-30 17:30:00,R2,2.547,0.994,4.356,4.088,0.986,10.423
2026-09-30 17:45:00,R1,2.894,1.114,5.059,4.329,0.924,11.427
2026-09-30 17:45:00,R2,2.662,1.085,4.823,3.316,0.797,10.021
2026-09-30 18:00:00,R1,3.1,1.167,5.009,4.028,1.001,11.204
2026-09-30 18:00:00,R2,2.26,1.03,4.833,3.555,0.756,10.174
2026-09-30 18:15:00,R1,2.904,1.034,4.775,4.736,0.881,11.425
2026-09-30 18:15:00,R2,2.687,1.084,4.32,4.271,0.777,10.452
2026-09-30 18:30:00,R1,3.036,1.202,5.112,4.483,1.033,11.829
2026-09-30 18:30:00,R2,2.783,1.057,4.704,3.817,0.83,10.408
2026-09-30 18:45:00,R1,2.996,1.1,5.108,3.776,0.742,10.725
2026-09-30 18:45:00,R2,2.599,0.896,4.349,3.714,1.022,9.982
2026-09-30 19:00:00,R1,2.686,0.953,5.139,4.236,0.899,11.227
2026-09-30 19:00:00,R2,2.658,1.073,4.968,3.621,0.914,10.576
2026-09-30 19:15:00,R1,3.077,1.138,4.95,4.566,0.999,11.653
2026-09-30 19:15:00,R2,2.476,1.221,4.073,3.86,0.795,9.949
2026-09-30 19:30:00,R1,3.569,1.14,5.284,4.279,0.889,11.592
2026-09-30 19:30:00,R2,2.673,0.877,4.082,3.551,1.008,9.519
2026-09-30 19:45:00,R1,2.983,1.322,5.034,4.175,0.981,11.512
2026-09-30 19:45:00,R2,2.529,0.945,4.465,3.956,0.966,10.332
2026-09-30 20:00:00,R1,3.072,1.078,4.794,4.072,0.93,10.874
2026-09-30 20:00:00,R2,2.514,0.905,4.273,3.624,0.877,9.678
2026-09-30 20:15:00,R1,3.378,1.065,5.294,4.253,0.915,11.527
2026-09-30 20:15:00,R2,2.616,1.117,4.585,3.617,0.832,10.152
2026-09-30 20:30:00,R1,3.199,1.021,4.79,4.394,0.987,11.191
2026-09-30 20:30:00,R2,2.934,1.26,4.424,3.617,0.993,10.294
2026-09-30 20:45:00,R1,3.033,1.114,5.111,4.254,0.936,11.415
2026-09-30 20:45:00,R2,2.55,0.962,4.976,3.982,0.86,10.779
2026-09-30 21:00:00,R1,2.906,1.099,5.155,4.243,0.869,11.364
2026-09-30 21:00:00,R2,2.857,1.009,4.842,3.718,0.844,10.413
2026-09-30 21:15:00,R1,3.189,1.002,5.536,4.331,0.847,11.717
2026-09-30 21:15:00,R2,2.53,1.066,4.598,3.873,0.941,10.477
2026-09-30 21:30:00,R1,3.056,1.205,5.062,4.112,1.084,11.463
2026-09-30 21:30:00,R2,2.722,1.155,4.312,3.693,0.825,9.985
2026-09-30 21:45:00,R1,2.824,1.17,5.544,4.38,0.956,12.051
2026-09-30 21:45:00,R2,2.741,1.104,4.367,3.81,0.846,10.126
2026-09-30 22:00:00,R1,3.153,1.163,5.415,4.302,0.982,11.861
2026-09-30 22:00:00,R2,2.93,1.109,4.338,3.923,0.933,10.304
2026-09-30 22:15:00,R1,2.735,1.378,5.115,4.125,0.907,11.526
2026-09-30 22:15:00,R2,2.744,0.972,4.29,3.956,0.989,10.206
2026-09-30 22:30:00,R1,2.848,1.29,4.743,4.113,0.978,11.124
2026-09-30 22:30:00,R2,2.658,1.122,4.431,3.65,0.814,10.017
2026-09-30 22:45:00,R1,3.343,1.027,5.621,4.179,0.767,11.595
2026-09-30 22:45:00,R2,2.879,0.875,4.753,3.775,1.039,10.441
2026-09-30 23:00:00,R1,2.845,1.069,4.991,3.999,1.068,11.128
2026-09-30 23:00:00,R2,2.558,1.119,4.096,3.779,0.912,9.906
2026-09-30 23:15:00,R1,3.204,1.201,5.247,3.851,0.913,11.213
2026-09-30 23:15:00,R2,2.649,0.765,4.78,3.667,0.852,10.064
2026-09-30 23:30:00,R1,3.008,1.111,5.479,4.389,1.043,12.021
2026-09-30 23:30:00,R2,2.527,1.018,4.543,4.161,0.943,10.664
2026-09-30 23:45:00,R1,2.804,0.974,4.944,3.987,0.984,10.889
2026-09-30 23:45:00,R2,2.136,0.911,4.655,4.078,0.844,10.487
2026-10-01 00:00:00,R1,2.998,1.352,5.552,4.482,0.855,12.241
2026-10-01 00:00:00,R2,2.692,0.966,4.13,3.477,0.94,9.513
2026-10-01 00:15:00,R1,3.049,1.027,4.984,3.98,0.836,10.827
2026-10-01 00:15:00,R2,2.711,1.015,4.306,3.77,0.997,10.087
2026-10-01 00:30:00,R1,2.988,1.123,5.134,4.618,0.927,11.802
2026-10-01 00:30:00,R2,2.612,1.3,4.341,4.347,0.752,10.739
2026-10-01 00:45:00,R1,3.051,1.305,5.238,4.441,1.018,12.002
2026-10-01 00:45:00,R2,2.62,0.943,4.465,3.612,0.896,9.916
2026-10-01 01:00:00,R1,2.879,0.94,5.622,4.559,0.92,12.041
2026-10-01 01:00:00,R2,2.514,0.92,4.239,3.503,0.866,9.528
2026-10-01 01:15:00,R1,3.099,1.056,5.527,3.968,1.021,11.572
2026-10-01 01:15:00,R2,2.388,1.098,4.363,3.385,0.843,9.689
2026-10-01 01:30:00,R1,3.121,1.13,5.103,4.275,0.867,11.376
2026-10-01 01:30:00,R2,2.899,1.003,4.849,4.131,0.923,10.907
2026-10-01 01:45:00,R1,3.295,1.201,5.021,4.608,0.894,11.723
2026-10-01 01:45:00,R2,2.542,0.866,4.621,3.516,0.886,9.889
2026-10-01 02:00:00,R1,2.927,1.113,4.868,4.006,0.952,10.94
2026-10-01 02:00:00,R2,2.63,1.085,3.98,3.94,0.999,10.004
2026-10-01 02:15:00,R1,3.102,1.146,5.135,4.257,1.061,11.599
2026-10-01 02:15:00,R2,2.722,1.029,5.062,4.244,0.792,11.128
2026-10-01 02:30:00,R1,2.978,1.107,5.116,4.325,0.968,11.516
2026-10-01 02:30:00,R2,2.624,1.072,4.291,3.981,0.799,10.142
2026-10-01 02:45:00,R1,2.749,1.218,5.888,4.167,0.858,12.131
2026-10-01 02:45:00,R2,2.696,1.155,4.73,4.035,0.964,10.884
2026-10-01 03:00:00,R1,2.566,1.154,5.132,4.073,0.941,11.3
2026-10-01 03:00:00,R2,2.48,0.992,4.512,3.508,0.758,9.77
2026-10-01 03:15:00,R1,3.028,1.114,4.857,4.597,0.861,11.43
2026-10-01 03:15:00,R2,2.665,1.157,4.068,4.03,0.88,10.136
2026-10-01 03:30:00,R1,2.705,1.178,5.158,4.123,0.974,11.434
2026-10-01 03:30:00,R2,2.661,1.141,4.831,3.778,0.793,10.544
2026-10-01 03:45:00,R1,2.738,1.268,4.835,4.707,0.893,11.703
2026-10-01 03:45:00,R2,2.464,1.021,4.565,4.318,1.05,10.954
2026-10-01 04:00:00,R1,3.13,1.244,5.221,4.294,1.012,11.77
2026-10-01 04:00:00,R2,2.645,1.134,4.422,3.818,0.947,10.321
2026-10-01 04:15:00,R1,3.111,1.118,5.398,4.196,0.878,11.589
2026-10-01 04:15:00,R2,2.807,1.011,4.506,3.943,0.783,10.243
2026-10-01 04:30:00,R1,3.456,1.115,4.987,4.4,0.895,11.397
2026-10-01 04:30:00,R2,2.628,0.876,4.325,4.061,0.924,10.185
2026-10-01 04:45:00,R1,2.974,1.202,5.034,4.453,0.963,11.652
2026-10-01 04:45:00,R2,2.82,1.096,4.304,3.42,0.951,9.772
2026-10-01 05:00:00,R1,2.929,1.196,5.016,4.03,0.989,11.232
2026-10-01 05:00:00,R2,2.507,1.154,3.934,4.138,0.814,10.041
2026-10-01 05:15:00,R1,3.384,1.035,5.361,4.513,1.012,11.921
2026-10-01 05:15:00,R2,2.475,1.028,4.762,3.432,0.781,10.003
2026-10-01 05:30:00,R1,2.779,1.262,5.537,4.28,0.764,11.843
2026-10-01 05:30:00,R2,2.859,0.986,4.445,3.928,0.941,10.301
2026-10-01 05:45:00,R1,3.266,1.298,5.528,4.534,0.984,12.344
2026-10-01 05:45:00,R2,2.353,1.126,4.502,4.205,1.034,10.867
2026-10-01 06:00:00,R1,3.14,1.164,5.335,4.541,1.102,12.143
2026-10-01 06:00:00,R2,2.624,0.958,4.3,4.18,0.957,10.395
2026-10-01 06:15:00,R1,3.009,1.335,5.148,4.584,0.909,11.977
2026-10-01 06:15:00,R2,2.637,1.12,4.521,3.009,0.769,9.419
2026-10-01 06:30:00,R1,2.867,0.981,4.895,4.561,0.939,11.375
2026-10-01 06:30:00,R2,2.501,1.055,4.368,3.714,0.905,10.043
2026-10-01 06:45:00,R1,2.958,1.225,5.412,4.06,0.877,11.575
2026-10-01 06:45:00,R2,2.423,1.041,5.237,3.635,0.959,10.872
2026-10-01 07:00:00,R1,3.145,1.03,5.595,4.216,0.861,11.702
2026-10-01 07:00:00,R2,2.595,0.946,4.112,3.915,0.935,9.908
2026-10-01 07:15:00,R1,2.83,0.845,5.873,4.27,1.062,12.051
2026-10-01 07:15:00,R2,2.558,0.92,4.727,3.806,0.925,10.377
2026-10-01 07:30:00,R1,2.95,1.08,5.212,4.102,0.996,11.391
2026-10-01 07:30:00,R2,2.359,0.973,4.737,3.944,0.899,10.553
2026-10-01 07:45:00,R1,2.832,1.21,5.403,4.18,1.114,11.908
2026-10-01 07:45:00,R2,2.651,1.069,4.333,3.995,0.967,10.363
2026-10-01 08:00:00,R1,2.988,1.24,4.981,3.557,0.775,10.552
2026-10-01 08:00:00,R2,2.648,0.93,4.138,4.256,0.701,10.025
2026-10-01 08:15:00,R1,3.33,1.051,5.564,4.192,0.812,11.62
2026-10-01 08:15:00,R2,2.729,0.877,4.782,3.703,0.927,10.289
2026-10-01 08:30:00,R1,2.818,1.043,5.596,3.987,0.921,11.548
2026-10-01 08:30:00,R2,2.336,1.115,4.367,3.529,0.839,9.85
2026-10-01 08:45:00,R1,2.682,1.292,5.739,4.266,0.931,12.229
2026-10-01 08:45:00,R2,2.592,0.962,4.547,3.763,0.988,10.26
2026-10-01 09:00:00,R1,3.089,0.981,5.077,4.674,0.828,11.56
2026-10-01 09:00:00,R2,2.551,1.092,4.384,3.627,0.907,10.01
2026-10-01 09:15:00,R1,2.921,1.232,5.252,3.723,0.848,11.055
2026-10-01 09:15:00,R2,2.628,1.049,4.624,3.832,0.829,10.334
2026-10-01 09:30:00,R1,3.047,1.27,5.361,4.256,0.951,11.838
2026-10-01 09:30:00,R2,2.781,1.091,4.599,3.704,1.081,10.476
2026-10-01 09:45:00,R1,3.425,1.283,5.147,4.302,1.048,11.78
2026-10-01 09:45:00,R2,2.695,1.316,4.664,4.05,0.886,10.916
2026-10-01 10:00:00,R1,3.263,1.054,5.096,4.428,0.97,11.549
2026-10-01 10:00:00,R2,2.663,1.227,4.267,3.615,0.965,10.074
2026-10-01 10:15:00,R1,3.01,1.192,5.713,3.981,1.03,11.917
2026-10-01 10:15:00,R2,2.766,0.926,4.718,3.382,0.828,9.855
2026-10-01 10:30:00,R1,3.171,1.213,5.863,4.307,0.839,12.222
2026-10-01 10:30:00,R2,2.449,0.956,4.106,4.025,0.937,10.023
2026-10-01 10:45:00,R1,3.349,1.145,5.081,4.557,0.88,11.663
2026-10-01 10:45:00,R2,2.464,1.019,4.391,3.161,0.814,9.385
2026-10-01 11:00:00,R1,2.864,1.217,5.339,4.527,0.943,12.026
2026-10-01 11:00:00,R2,2.358,0.969,4.218,3.569,0.992,9.748
2026-10-01 11:15:00,R1,2.842,1.016,5.315,4.591,1.168,12.09
2026-10-01 11:15:00,R2,2.593,1.052,4.236,4.184,0.906,10.378
2026-10-01 11:30:00,R1,3.198,1.282,5.073,4.609,1.03,11.994
2026-10-01 11:30:00,R2,2.637,1.045,4.828,3.861,0.874,10.608
2026-10-01 11:45:00,R1,3.011,1.211,5.078,4.512,0.876,11.677
2026-10-01 11:45:00,R2,2.488,1.054,4.717,3.737,0.841,10.349
2026-10-01 12:00:00,R1,2.909,1.234,5.183,4.515,0.864,11.796
2026-10-01 12:00:00,R2,2.588,1.112,4.143,3.909,0.809,9.973
2026-10-01 12:15:00,R1,2.951,1.032,5.168,4.609,0.976,11.785
2026-10-01 12:15:00,R2,2.595,1.004,4.341,4.155,1.057,10.558
2026-10-01 12:30:00,R1,3.109,1.056,5.646,4.444,0.92,12.066
2026-10-01 12:30:00,R2,2.644,1.173,4.237,3.747,0.991,10.148
2026-10-01 12:45:00,R1,2.899,1.001,5.017,3.814,0.999,10.83
2026-10-01 12:45:00,R2,2.558,0.932,4.955,3.314,0.865,10.066
2026-10-01 13:00:00,R1,3.331,1.27,5.075,4.096,0.955,11.396
2026-10-01 13:00:00,R2,2.31,1.172,4.558,4.104,0.729,10.563
2026-10-01 13:15:00,R1,2.96,1.117,5.537,4.262,1.032,11.948
2026-10-01 13:15:00,R2,2.744,1.267,5.01,3.471,0.957,10.704
2026-10-01 13:30:00,R1,2.997,1.12,4.983,4.149,0.957,11.21
2026-10-01 13:30:00,R2,2.937,0.984,5.017,4.508,0.907,11.416
2026-10-01 13:45:00,R1,3.046,1.154,5.058,4.542,0.828,11.582
2026-10-01 13:45:00,R2,2.292,1.002,4.725,4.174,0.802,10.702
2026-10-01 14:00:00,R1,3.352,1.099,5.455,4.702,0.86,12.116
2026-10-01 14:00:00,R2,2.841,1.011,4.249,3.733,0.933,9.926
2026-10-01 14:15:00,R1,2.975,1.157,4.952,4.109,0.912,11.131
2026-10-01 14:15:00,R2,2.522,1.032,4.593,3.663,0.878,10.166
2026-10-01 14:30:00,R1,3.406,1.101,5.257,4.888,1.053,12.299
2026-10-01 14:30:00,R2,2.405,0.953,4.286,4.011,0.9,10.15
2026-10-01 14:45:00,R1,2.893,1.252,5.447,4.058,0.866,11.623
2026-10-01 14:45:00,R2,2.579,1.282,4.438,3.725,0.79,10.235
2026-10-01 15:00:00,R1,3.173,1.083,5.548,4.45,0.87,11.952
2026-10-01 15:00:00,R2,2.519,0.96,4.518,3.869,0.865,10.212
2026-10-01 15:15:00,R1,2.811,1.285,5.381,4.456,0.986,12.108
2026-10-01 15:15:00,R2,2.648,0.946,4.485,4.419,0.797,10.647
2026-10-01 15:30:00,R1,3.042,0.969,5.682,4.296,1.003,11.949
2026-10-01 15:30:00,R2,2.731,1.172,4.013,3.735,0.985,9.905
2026-10-01 15:45:00,R1,3.022,1.273,5.376,4.159,0.821,11.629
2026-10-01 15:45:00,R2,2.78,0.943,4.64,3.904,0.854,10.34
2026-10-01 16:00:00,R1,3.008,0.96,4.73,4.221,0.734,10.645
2026-10-01 16:00:00,R2,2.819,1.108,4.666,3.899,0.972,10.645
2026-10-01 16:15:00,R1,3.265,1.177,5.045,4.035,0.989,11.246
2026-10-01 16:15:00,R2,2.51,1.029,4.224,3.442,0.936,9.632
2026-10-01 16:30:00,R1,3.236,1.055,4.686,4.363,0.83,10.935
2026-10-01 16:30:00,R2,2.15,0.945,4.419,3.667,0.913,9.945
2026-10-01 16:45:00,R1,3.146,1.294,5.368,4.469,0.953,12.085
2026-10-01 16:45:00,R2,3.055,0.941,4.542,3.576,0.755,9.814
2026-10-01 17:00:00,R1,2.59,0.981,5.046,3.962,0.932,10.921
2026-10-01 17:00:00,R2,2.508,1.11,4.226,3.69,0.873,9.899
2026-10-01 17:15:00,R1,2.81,1.184,5.195,4.405,0.997,11.781
2026-10-01 17:15:00,R2,2.66,1.143,4.844,4.146,0.943,11.077
2026-10-01 17:30:00,R1,2.547,1.213,5.542,4.518,1.027,12.3
2026-10-01 17:30:00,R2,2.361,1.001,4.538,3.914,0.881,10.334
2026-10-01 17:45:00,R1,3.099,1.301,4.97,4.635,0.907,11.813
2026-10-01 17:45:00,R2,2.599,1.065,4.814,3.557,0.9,10.336
2026-10-01 18:00:00,R1,3.129,1.221,4.867,4.297,0.764,11.149
2026-10-01 18:00:00,R2,2.772,1.13,4.472,3.884,0.97,10.456
2026-10-01 18:15:00,R1,3.142,1.061,5.131,4.338,0.98,11.51
2026-10-01 18:15:00,R2,2.896,1.029,4.257,4.044,0.953,10.282
2026-10-01 18:30:00,R1,3.093,1.158,4.978,4.551,1.099,11.786
2026-10-01 18:30:00,R2,2.112,1.226,4.463,3.678,0.987,10.354
2026-10-01 18:45:00,R1,3.116,1.049,5.141,4.398,0.9,11.488
2026-10-01 18:45:00,R2,2.39,0.943,4.915,3.51,1.013,10.381
2026-10-01 19:00:00,R1,2.885,1.059,5.082,4.41,0.979,11.531
2026-10-01 19:00:00,R2,2.775,0.96,4.662,3.728,0.959,10.309
2026-10-01 19:15:00,R1,3.101,1.038,5.118,4.158,0.838,11.152
2026-10-01 19:15:00,R2,2.878,0.998,4.312,4.049,0.759,10.118
2026-10-01 19:30:00,R1,3.169,1.136,5.029,4.293,0.973,11.431
2026-10-01 19:30:00,R2,2.702,1.173,4.631,3.91,0.791,10.506
2026-10-01 19:45:00,R1,3.214,1.323,5.796,4.337,0.888,12.344
2026-10-01 19:45:00,R2,2.66,0.989,5.048,3.76,0.849,10.645
2026-10-01 20:00:00,R1,3.373,1.155,5.474,4.086,0.911,11.627
2026-10-01 20:00:00,R2,2.466,1.122,4.448,3.765,1.014,10.349
2026-10-01 20:15:00,R1,3.119,0.922,5.507,4.614,1.026,12.068
2026-10-01 20:15:00,R2,2.201,1.129,4.512,3.545,0.917,10.102
2026-10-01 20:30:00,R1,2.895,1.12,5.359,4.302,0.774,11.554
2026-10-01 20:30:00,R2,2.611,1.263,4.699,3.94,0.994,10.897
2026-10-01 20:45:00,R1,3.071,1.118,4.975,4.233,0.942,11.267
2026-10-01 20:45:00,R2,2.588,1.181,4.158,3.9,0.97,10.209
2026-10-01 21:00:00,R1,2.964,1.062,5.494,4.641,0.974,12.172
2026-10-01 21:00:00,R2,2.282,1.033,4.856,3.728,0.789,10.406
2026-10-01 21:15:00,R1,2.959,1.125,5.144,4.271,0.993,11.532
2026-10-01 21:15:00,R2,2.756,1.124,4.764,3.609,0.948,10.445
2026-10-01 21:30:00,R1,3.082,1.106,5.496,3.738,0.946,11.286
2026-10-01 21:30:00,R2,2.549,1.073,4.564,3.732,0.812,10.181
2026-10-01 21:45:00,R1,2.74,1.041,4.898,4.007,0.929,10.875
2026-10-01 21:45:00,R2,2.539,0.975,4.229,3.635,1.03,9.869
2026-10-01 22:00:00,R1,3.439,1.086,4.881,4.341,1.037,11.345
2026-10-01 22:00:00,R2,2.643,1.007,4.196,3.915,1.025,10.144
2026-10-01 22:15:00,R1,2.735,1.27,5.361,4.214,0.887,11.733
2026-10-01 22:15:00,R2,2.595,1.084,4.482,3.784,0.965,10.315
2026-10-01 22:30:00,R1,3.196,1.137,4.861,4.43,1.048,11.476
2026-10-01 22:30:00,R2,2.541,1.061,4.832,3.637,0.832,10.362
2026-10-01 22:45:00,R1,3.236,1.307,5.045,3.871,0.88,11.103
2026-10-01 22:45:00,R2,2.355,1.085,4.84,3.276,0.929,10.129
2026-10-01 23:00:00,R1,2.668,1.125,4.709,4.202,0.906,10.942
2026-10-01 23:00:00,R2,2.313,1.015,4.313,4.154,0.869,10.352
2026-10-01 23:15:00,R1,2.892,1.087,5.38,4.316,0.994,11.777
2026-10-01 23:15:00,R2,2.458,0.978,4.68,3.837,0.869,10.364
2026-10-01 23:30:00,R1,3.078,1.216,5.124,4.216,0.985,11.54
2026-10-01 23:30:00,R2,2.636,1.049,4.681,3.53,0.911,10.172
2026-10-01 23:45:00,R1,3.004,1.06,5.188,4.019,0.973,11.24
2026-10-01 23:45:00,R2,2.218,1.056,4.268,3.543,0.984,9.851
2026-10-02 00:00:00,R1,2.713,1.344,5.3,4.317,0.92,11.881
2026-10-02 00:00:00,R2,2.066,1.041,4.571,3.708,0.998,10.318
2026-10-02 00:15:00,R1,3.391,1.156,5.304,4.22,1.042,11.722
2026-10-02 00:15:00,R2,2.778,1.069,4.618,3.883,0.909,10.479
2026-10-02 00:30:00,R1,2.97,1.218,5.667,3.857,0.956,11.697
2026-10-02 00:30:00,R2,2.551,1.075,4.511,3.705,0.913,10.204
2026-10-02 00:45:00,R1,2.964,1.184,5.102,4.333,0.799,11.418
2026-10-02 00:45:00,R2,2.759,1.187,4.048,3.923,0.811,9.97
2026-10-02 01:00:00,R1,2.75,1.303,4.68,4.541,0.933,11.457
2026-10-02 01:00:00,R2,2.736,1.224,4.213,3.576,0.94,9.953
2026-10-02 01:15:00,R1,3.142,1.096,5.047,4.393,0.979,11.516
2026-10-02 01:15:00,R2,2.465,1.162,4.533,3.617,0.913,10.225
2026-10-02 01:30:00,R1,3.122,1.153,5.441,4.213,0.982,11.79
2026-10-02 01:30:00,R2,2.785,1.025,4.159,3.638,0.888,9.711
2026-10-02 01:45:00,R1,3.473,1.092,5.162,4.528,0.87,11.652
2026-10-02 01:45:00,R2,2.784,0.964,4.447,3.824,0.954,10.19
2026-10-02 02:00:00,R1,2.996,1.151,5.029,4.157,0.79,11.126
2026-10-02 02:00:00,R2,2.549,1.163,4.332,4.138,0.738,10.37
2026-10-02 02:15:00,R1,3.226,1.225,5.608,4.25,1.014,12.097
2026-10-02 02:15:00,R2,2.561,0.906,4.253,3.886,0.847,9.892
2026-10-02 02:30:00,R1,3.143,1.217,5.167,4.418,1.055,11.857
2026-10-02 02:30:00,R2,2.745,1.115,4.4,3.611,1.021,10.147
2026-10-02 02:45:00,R1,2.984,1.112,5.137,4.317,1.006,11.572
2026-10-02 02:45:00,R2,2.838,1.065,4.195,3.76,0.951,9.97
2026-10-02 03:00:00,R1,3.304,1.223,4.755,4.671,0.999,11.648
2026-10-02 03:00:00,R2,2.729,1.06,4.465,3.778,0.901,10.204
2026-10-02 03:15:00,R1,3.004,1.32,4.616,4.971,0.916,11.824
2026-10-02 03:15:00,R2,2.243,1.165,4.18,3.558,1.036,9.939
2026-10-02 03:30:00,R1,2.938,1.062,4.739,4.53,1.083,11.414
2026-10-02 03:30:00,R2,2.869,1.152,4.656,4.061,0.8,10.669
2026-10-02 03:45:00,R1,3.487,1.074,5.423,4.251,0.897,11.646
2026-10-02 03:45:00,R2,2.659,0.959,4.665,3.748,0.962,10.334
2026-10-02 04:00:00,R1,3.105,1.107,5.43,3.919,0.853,11.308
2026-10-02 04:00:00,R2,2.897,1.207,4.913,4.014,0.959,11.093
2026-10-02 04:15:00,R1,3.209,1.207,5.157,4.357,1.011,11.732
2026-10-02 04:15:00,R2,2.643,0.997,4.486,4.023,0.952,10.457
2026-10-02 04:30:00,R1,3.133,1.187,5.297,4.16,0.972,11.615
2026-10-02 04:30:00,R2,2.523,0.995,4.561,3.945,0.868,10.369
2026-10-02 04:45:00,R1,3.058,1.057,5.227,4.772,1.012,12.068
2026-10-02 04:45:00,R2,2.549,1.051,4.711,3.603,0.757,10.122
2026-10-02 05:00:00,R1,3.222,1.13,5.256,4.376,0.988,11.75
2026-10-02 05:00:00,R2,2.879,0.905,4.381,3.871,0.886,10.042
2026-10-02 05:15:00,R1,3.056,1.181,5.354,4.572,0.865,11.972
2026-10-02 05:15:00,R2,2.925,0.995,4.872,3.821,0.832,10.52
2026-10-02 05:30:00,R1,3.013,0.918,5.155,4.643,0.961,11.677
2026-10-02 05:30:00,R2,2.522,1.225,4.846,3.534,0.942,10.547
2026-10-02 05:45:00,R1,3.199,0.987,5.333,4.342,1.069,11.731
2026-10-02 05:45:00,R2,2.561,1.098,4.08,3.305,0.817,9.3
2026-10-02 06:00:00,R1,3.598,1.369,5.235,4.111,1.065,11.78
2026-10-02 06:00:00,R2,3.147,1.085,4.53,3.857,0.805,10.278
2026-10-02 06:15:00,R1,2.728,1.206,5.408,4.125,0.902,11.641
2026-10-02 06:15:00,R2,2.883,1.014,4.234,3.831,0.906,9.984
2026-10-02 06:30:00,R1,3.197,1.248,5.371,4.2,0.924,11.743
2026-10-02 06:30:00,R2,2.658,1.127,4.756,3.693,0.851,10.427
2026-10-02 06:45:00,R1,3.043,1.111,5.031,4.465,0.835,11.442
2026-10-02 06:45:00,R2,2.644,0.899,4.693,3.794,0.885,10.272
2026-10-02 07:00:00,R1,3.244,1.117,5.513,4.485,0.923,12.039
2026-10-02 07:00:00,R2,3.095,1.126,4.681,3.555,0.835,10.197
2026-10-02 07:15:00,R1,3.046,1.218,5.21,4.614,0.898,11.939
2026-10-02 07:15:00,R2,2.497,1.091,4.917,4.19,0.916,11.113
2026-10-02 07:30:00,R1,3.053,1.078,5.174,4.639,1.109,12.0
2026-10-02 07:30:00,R2,2.396,0.784,4.09,3.77,0.856,9.499
2026-10-02 07:45:00,R1,3.093,1.083,4.947,4.097,0.871,10.998
2026-10-02 07:45:00,R2,2.766,1.022,4.5,3.531,0.84,9.893
2026-10-02 08:00:00,R1,3.094,1.354,5.204,3.789,1.017,11.364
2026-10-02 08:00:00,R2,2.462,0.992,4.617,3.696,0.893,10.197
2026-10-02 08:15:00,R1,3.182,1.094,5.117,4.535,0.813,11.558
2026-10-02 08:15:00,R2,2.754,1.101,4.468,3.83,0.699,10.099
2026-10-02 08:30:00,R1,3.192,1.091,4.98,4.258,0.919,11.247
2026-10-02 08:30:00,R2,2.92,1.131,4.181,3.551,1.102,9.965
2026-10-02 08:45:00,R1,3.18,1.148,4.933,4.185,0.979,11.245
2026-10-02 08:45:00,R2,2.642,1.117,4.712,3.753,0.783,10.365
2026-10-02 09:00:00,R1,3.14,0.946,5.415,4.231,0.949,11.54
2026-10-02 09:00:00,R2,2.374,1.194,4.818,3.816,0.969,10.796
2026-10-02 09:15:00,R1,3.288,1.062,5.531,4.206,0.94,11.739
2026-10-02 09:15:00,R2,2.665,0.979,4.063,3.872,0.961,9.875
2026-10-02 09:30:00,R1,3.188,1.17,5.616,4.188,1.019,11.994
2026-10-02 09:30:00,R2,2.476,1.01,4.821,3.797,0.979,10.607
2026-10-02 09:45:00,R1,2.713,1.14,5.152,3.931,0.96,11.183
2026-10-02 09:45:00,R2,2.8,1.102,4.585,3.583,0.823,10.093
2026-10-02 10:00:00,R1,2.936,1.189,5.445,4.186,0.937,11.758
2026-10-02 10:00:00,R2,2.406,0.897,4.664,3.594,0.968,10.123
2026-10-02 10:15:00,R1,2.809,1.307,5.246,4.429,0.991,11.974
2026-10-02 10:15:00,R2,2.706,0.93,4.193,4.22,1.011,10.354
2026-10-02 10:30:00,R1,3.06,1.274,5.079,4.233,0.956,11.541
2026-10-02 10:30:00,R2,2.533,1.078,4.412,3.312,0.976,9.778
2026-10-02 10:45:00,R1,2.966,1.028,5.388,4.318,1.048,11.782
2026-10-02 10:45:00,R2,2.49,1.064,4.605,3.75,0.867,10.286
2026-10-02 11:00:00,R1,2.973,0.95,5.096,4.167,1.092,11.304
2026-10-02 11:00:00,R2,2.538,1.053,4.187,3.876,0.809,9.924
2026-10-02 11:15:00,R1,3.304,1.244,5.145,4.333,1.112,11.834
2026-10-02 11:15:00,R2,2.706,0.922,4.761,3.638,1.022,10.342
2026-10-02 11:30:00,R1,3.245,0.882,5.415,4.719,0.966,11.983
2026-10-02 11:30:00,R2,2.351,1.189,4.057,4.006,0.75,10.003
2026-10-02 11:45:00,R1,2.96,1.232,5.588,4.295,1.042,12.157
2026-10-02 11:45:00,R2,2.534,1.101,4.471,3.306,0.895,9.774
2026-10-02 12:00:00,R1,3.184,1.132,5.434,4.203,1.076,11.844
2026-10-02 12:00:00,R2,2.307,1.149,4.386,3.87,0.904,10.309
2026-10-02 12:15:00,R1,3.075,1.301,5.102,4.373,0.944,11.72
2026-10-02 12:15:00,R2,2.188,1.002,4.32,4.101,0.909,10.333
2026-10-02 12:30:00,R1,3.026,1.043,5.057,3.981,0.972,11.053
2026-10-02 12:30:00,R2,2.451,1.095,4.658,3.995,0.966,10.715
2026-10-02 12:45:00,R1,3.101,1.144,4.91,4.321,1.042,11.416
2026-10-02 12:45:00,R2,2.781,1.053,4.256,3.442,0.879,9.631
2026-10-02 13:00:00,R1,3.125,1.159,4.57,4.301,0.944,10.973
2026-10-02 13:00:00,R2,2.942,0.985,4.652,3.502,0.847,9.986
2026-10-02 13:15:00,R1,3.024,1.08,5.654,3.948,0.984,11.666
2026-10-02 13:15:00,R2,2.536,1.112,4.582,3.836,0.829,10.359
2026-10-02 13:30:00,R1,2.713,1.08,5.371,4.274,0.971,11.696
2026-10-02 13:30:00,R2,2.597,0.93,4.419,3.468,0.922,9.739
2026-10-02 13:45:00,R1,2.852,1.084,4.68,4.458,0.902,11.125
2026-10-02 13:45:00,R2,2.79,0.967,4.741,3.97,1.063,10.741
2026-10-02 14:00:00,R1,3.443,1.205,5.164,4.543,0.79,11.703
2026-10-02 14:00:00,R2,2.762,0.893,4.336,3.687,0.955,9.87
2026-10-02 14:15:00,R1,2.782,1.186,5.108,4.189,1.045,11.528
2026-10-02 14:15:00,R2,2.635,0.839,4.777,3.891,0.868,10.375
2026-10-02 14:30:00,R1,3.022,1.082,4.887,4.331,0.923,11.224
2026-10-02 14:30:00,R2,2.431,0.894,4.681,3.691,0.983,10.249
2026-10-02 14:45:00,R1,2.73,1.345,5.364,4.4,0.749,11.858
2026-10-02 14:45:00,R2,2.76,0.964,4.63,3.582,0.805,9.981
2026-10-02 15:00:00,R1,2.867,1.145,5.087,4.096,0.933,11.262
2026-10-02 15:00:00,R2,2.347,1.122,5.225,3.94,0.952,11.239
2026-10-02 15:15:00,R1,3.075,1.161,5.157,4.166,0.921,11.406
2026-10-02 15:15:00,R2,2.625,1.085,4.214,4.056,0.847,10.202
2026-10-02 15:30:00,R1,2.833,1.282,5.325,4.33,0.976,11.912
2026-10-02 15:30:00,R2,2.906,1.084,4.351,3.446,0.82,9.701
2026-10-02 15:45:00,R1,3.405,1.304,5.323,4.72,1.04,12.387
2026-10-02 15:45:00,R2,2.592,1.04,4.669,4.052,1.027,10.787
2026-10-02 16:00:00,R1,2.99,0.884,5.308,4.367,1.094,11.653
2026-10-02 16:00:00,R2,2.791,0.948,4.117,3.958,0.851,9.874
2026-10-02 16:15:00,R1,3.141,1.263,4.777,4.243,0.947,11.229
2026-10-02 16:15:00,R2,2.49,1.06,5.312,3.344,0.897,10.614
2026-10-02 16:30:00,R1,2.455,1.077,5.477,3.996,0.94,11.489
2026-10-02 16:30:00,R2,2.413,0.992,4.296,3.837,0.858,9.983
2026-10-02 16:45:00,R1,2.894,1.06,5.196,4.099,1.011,11.367
2026-10-02 16:45:00,R2,2.609,0.934,4.144,3.834,0.99,9.901
2026-10-02 17:00:00,R1,2.972,1.322,5.388,4.126,0.947,11.782
2026-10-02 17:00:00,R2,2.918,1.161,4.942,3.953,0.962,11.018
2026-10-02 17:15:00,R1,3.436,1.125,5.491,4.329,0.816,11.761
2026-10-02 17:15:00,R2,2.428,1.084,4.271,3.674,0.724,9.754
2026-10-02 17:30:00,R1,2.8,1.016,5.185,4.049,1.017,11.268
2026-10-02 17:30:00,R2,2.697,0.998,4.767,3.686,0.948,10.398
2026-10-02 17:45:00,R1,3.302,0.985,4.889,4.525,0.863,11.262
2026-10-02 17:45:00,R2,2.479,1.043,4.549,3.756,0.944,10.291
2026-10-02 18:00:00,R1,3.093,1.24,5.051,4.389,0.874,11.554
2026-10-02 18:00:00,R2,2.588,1.133,4.226,4.1,1.057,10.516
2026-10-02 18:15:00,R1,3.228,1.163,4.94,4.479,0.939,11.521
2026-10-02 18:15:00,R2,2.613,1.122,4.649,3.544,1.063,10.377
2026-10-02 18:30:00,R1,3.128,0.793,5.183,4.393,1.012,11.381
2026-10-02 18:30:00,R2,2.642,1.175,4.719,3.526,0.761,10.181
2026-10-02 18:45:00,R1,3.006,1.309,4.715,4.297,0.978,11.298
2026-10-02 18:45:00,R2,2.799,1.054,4.724,3.812,0.884,10.474
2026-10-02 19:00:00,R1,3.316,1.072,5.146,4.283,0.889,11.39
2026-10-02 19:00:00,R2,2.711,1.115,4.509,3.808,0.875,10.307
2026-10-02 19:15:00,R1,2.855,1.264,5.444,4.315,0.892,11.915
2026-10-02 19:15:00,R2,2.385,1.086,4.575,3.508,0.889,10.058
2026-10-02 19:30:00,R1,2.764,1.054,5.046,4.289,1.043,11.432
2026-10-02 19:30:00,R2,2.617,0.939,4.58,4.132,1.065,10.717
2026-10-02 19:45:00,R1,3.207,1.317,4.709,4.377,0.935,11.338
2026-10-02 19:45:00,R2,2.879,1.026,4.306,3.79,0.903,10.025
2026-10-02 20:00:00,R1,2.902,1.221,5.017,3.975,0.945,11.158
2026-10-02 20:00:00,R2,2.55,1.126,4.23,4.198,0.928,10.482
2026-10-02 20:15:00,R1,3.397,1.203,4.706,4.478,0.933,11.321
2026-10-02 20:15:00,R2,2.477,0.89,4.417,3.724,0.822,9.853
2026-10-02 20:30:00,R1,2.816,0.99,5.715,4.625,1.028,12.358
2026-10-02 20:30:00,R2,2.441,0.976,4.313,3.71,0.834,9.833
2026-10-02 20:45:00,R1,3.161,1.232,5.05,4.53,1.136,11.949
2026-10-02 20:45:00,R2,2.99,1.012,4.106,3.457,0.896,9.471
2026-10-02 21:00:00,R1,3.088,1.225,5.133,3.995,1.022,11.375
2026-10-02 21:00:00,R2,2.542,1.089,4.333,3.97,0.91,10.302
2026-10-02 21:15:00,R1,2.944,1.056,5.198,4.085,1.077,11.416
2026-10-02 21:15:00,R2,2.33,0.942,4.206,4.117,0.863,10.127
2026-10-02 21:30:00,R1,3.369,1.021,5.12,4.47,1.005,11.616
2026-10-02 21:30:00,R2,2.645,0.981,4.762,3.783,0.807,10.333
2026-10-02 21:45:00,R1,2.705,1.079,5.26,4.632,0.945,11.915
2026-10-02 21:45:00,R2,2.634,1.1,4.568,3.519,0.804,9.99
2026-10-02 22:00:00,R1,3.401,1.172,5.32,4.613,0.935,12.04
2026-10-02 22:00:00,R2,2.954,0.961,4.952,4.01,0.95,10.873
2026-10-02 22:15:00,R1,2.86,1.189,4.838,4.43,1.049,11.507
2026-10-02 22:15:00,R2,2.651,0.928,4.776,4.04,0.896,10.64
2026-10-02 22:30:00,R1,2.934,1.169,5.084,4.448,1.062,11.763
2026-10-02 22:30:00,R2,2.557,0.943,4.719,3.866,0.909,10.438
2026-10-02 22:45:00,R1,2.563,1.221,5.566,4.388,0.901,12.077
2026-10-02 22:45:00,R2,2.627,1.165,4.988,4.173,0.943,11.269
2026-10-02 23:00:00,R1,3.002,1.031,5.136,4.367,0.88,11.414
2026-10-02 23:00:00,R2,2.776,1.226,4.257,3.88,0.994,10.357
2026-10-02 23:15:00,R1,3.297,1.076,4.955,4.399,1.099,11.529
2026-10-02 23:15:00,R2,2.57,1.12,4.914,4.072,0.817,10.922
2026-10-02 23:30:00,R1,2.797,1.064,5.038,4.711,0.896,11.709
2026-10-02 23:30:00,R2,2.263,1.128,4.305,3.395,0.974,9.802
2026-10-02 23:45:00,R1,3.106,1.226,5.616,3.914,1.018,11.774
2026-10-02 23:45:00,R2,2.607,1.125,4.738,4.163,0.887,10.913
2026-10-03 00:00:00,R1,2.518,1.093,5.147,4.233,0.898,11.37
2026-10-03 00:00:00,R2,2.358,0.878,4.186,3.959,1.046,10.068
2026-10-03 00:15:00,R1,2.582,1.27,5.129,4.328,0.892,11.62
2026-10-03 00:15:00,R2,2.496,1.099,4.254,3.688,0.903,9.944
2026-10-03 00:30:00,R1,2.984,1.263,5.44,4.696,0.867,12.267
2026-10-03 00:30:00,R2,2.571,0.957,4.364,3.599,0.999,9.919
2026-10-03 00:45:00,R1,2.893,0.97,5.244,4.511,1.058,11.783
2026-10-03 00:45:00,R2,2.677,0.898,4.396,3.711,0.988,9.994
2026-10-03 01:00:00,R1,2.998,1.3,4.841,4.5,0.996,11.637
2026-10-03 01:00:00,R2,2.335,0.976,4.69,3.628,0.936,10.23
2026-10-03 01:15:00,R1,3.059,1.233,5.02,4.338,0.975,11.566
2026-10-03 01:15:00,R2,2.706,1.014,4.49,3.562,0.94,10.006
2026-10-03 01:30:00,R1,2.852,1.161,4.585,3.707,0.891,10.343
2026-10-03 01:30:00,R2,2.736,1.082,4.016,3.484,0.88,9.462
2026-10-03 01:45:00,R1,2.776,1.14,5.058,4.376,0.828,11.402
2026-10-03 01:45:00,R2,2.551,1.059,4.318,3.461,0.807,9.645
2026-10-03 02:00:00,R1,2.91,1.142,5.083,4.25,1.097,11.573
2026-10-03 02:00:00,R2,2.522,0.832,4.424,3.836,0.975,10.067
2026-10-03 02:15:00,R1,3.367,1.235,5.16,4.55,1.085,12.03
2026-10-03 02:15:00,R2,2.866,1.147,4.727,3.378,0.83,10.082
2026-10-03 02:30:00,R1,2.885,1.124,5.07,4.426,0.957,11.576
2026-10-03 02:30:00,R2,2.279,1.034,4.427,3.638,1.008,10.107
2026-10-03 02:45:00,R1,3.152,1.094,5.076,4.224,1.052,11.446
2026-10-03 02:45:00,R2,2.521,0.943,4.184,3.816,0.749,9.691
2026-10-03 03:00:00,R1,2.953,1.229,5.166,4.321,1.035,11.75
2026-10-03 03:00:00,R2,2.224,1.26,4.864,3.741,0.937,10.802
2026-10-03 03:15:00,R1,2.889,1.08,4.847,4.484,0.846,11.257
2026-10-03 03:15:00,R2,2.786,1.087,4.47,3.538,0.877,9.973
2026-10-03 03:30:00,R1,2.707,1.193,5.226,4.242,1.112,11.774
2026-10-03 03:30:00,R2,2.371,1.259,4.19,3.993,0.967,10.409
2026-10-03 03:45:00,R1,2.782,1.099,4.77,4.375,0.927,11.17
2026-10-03 03:45:00,R2,2.485,1.053,4.295,3.73,0.815,9.892
2026-10-03 04:00:00,R1,2.842,1.194,5.446,4.522,0.942,12.104
2026-10-03 04:00:00,R2,2.651,1.059,4.398,3.945,1.078,10.48
2026-10-03 04:15:00,R1,3.14,1.196,4.193,4.175,0.844,10.407
2026-10-03 04:15:00,R2,2.474,1.096,4.456,3.556,0.96,10.068
2026-10-03 04:30:00,R1,2.97,1.321,5.283,4.814,1.012,12.43
2026-10-03 04:30:00,R2,2.114,1.05,4.675,4.093,1.02,10.838
2026-10-03 04:45:00,R1,3.275,1.197,5.386,3.953,0.987,11.523
2026-10-03 04:45:00,R2,2.624,1.059,5.07,3.613,0.998,10.741
2026-10-03 05:00:00,R1,3.078,1.131,4.841,4.553,0.912,11.436
2026-10-03 05:00:00,R2,2.657,1.174,4.394,3.77,0.849,10.187
2026-10-03 05:15:00,R1,3.014,1.074,5.285,3.862,0.98,11.201
2026-10-03 05:15:00,R2,2.73,0.911,4.18,3.955,0.939,9.984
2026-10-03 05:30:00,R1,2.852,1.112,5.011,4.175,0.951,11.248
2026-10-03 05:30:00,R2,2.811,0.857,4.626,3.937,0.937,10.357
2026-10-03 05:45:00,R1,3.032,1.105,5.022,4.081,0.992,11.199
2026-10-03 05:45:00,R2,2.916,1.07,4.039,3.944,0.936,9.989
2026-10-03 06:00:00,R1,3.498,1.094,5.385,4.398,1.041,11.919
2026-10-03 06:00:00,R2,2.854,1.163,4.676,4.125,0.763,10.727
2026-10-03 06:15:00,R1,2.974,1.298,5.417,4.625,0.877,12.218
2026-10-03 06:15:00,R2,2.661,0.916,4.46,3.58,0.796,9.752
2026-10-03 06:30:00,R1,3.101,1.179,5.439,4.466,0.96,12.045
2026-10-03 06:30:00,R2,2.58,0.998,4.595,3.855,0.852,10.3
2026-10-03 06:45:00,R1,3.25,1.041,4.773,4.474,1.003,11.292
2026-10-03 06:45:00,R2,2.205,1.056,4.47,3.733,0.92,10.18
2026-10-03 07:00:00,R1,2.779,1.067,5.556,4.162,0.908,11.694
2026-10-03 07:00:00,R2,2.18,1.112,4.262,3.61,1.046,10.03
2026-10-03 07:15:00,R1,3.05,1.085,5.509,4.399,0.955,11.948
2026-10-03 07:15:00,R2,2.601,1.091,4.815,3.906,0.975,10.786
2026-10-03 07:30:00,R1,3.262,1.194,5.234,4.332,0.89,11.651
2026-10-03 07:30:00,R2,2.662,1.139,4.398,3.603,0.72,9.86
2026-10-03 07:45:00,R1,3.166,1.05,5.081,4.459,1.029,11.619
2026-10-03 07:45:00,R2,2.312,1.013,4.489,3.739,0.936,10.176
2026-10-03 08:00:00,R1,2.891,1.082,5.231,4.67,0.818,11.801
2026-10-03 08:00:00,R2,2.699,0.944,4.583,4.292,1.017,10.836
2026-10-03 08:15:00,R1,3.126,1.192,5.215,4.023,1.023,11.453
2026-10-03 08:15:00,R2,2.179,1.052,4.582,3.907,0.874,10.414
2026-10-03 08:30:00,R1,2.983,1.264,5.024,4.126,1.053,11.468
2026-10-03 08:30:00,R2,2.632,1.128,4.472,3.738,0.907,10.245
2026-10-03 08:45:00,R1,3.071,0.929,4.733,4.623,0.972,11.257
2026-10-03 08:45:00,R2,2.718,1.073,4.836,4.105,0.822,10.836
2026-10-03 09:00:00,R1,2.917,1.09,5.363,4.242,0.979,11.674
2026-10-03 09:00:00,R2,2.898,1.137,4.295,3.609,0.885,9.926
2026-10-03 09:15:00,R1,2.87,1.042,5.286,4.433,0.912,11.673
2026-10-03 09:15:00,R2,2.69,1.108,4.064,3.817,0.839,9.828
2026-10-03 09:30:00,R1,2.807,1.171,4.966,4.003,0.95,11.09
2026-10-03 09:30:00,R2,2.75,1.029,4.541,3.886,1.114,10.57
2026-10-03 09:45:00,R1,2.94,1.078,5.181,4.419,0.944,11.621
2026-10-03 09:45:00,R2,2.407,0.99,4.809,3.768,0.908,10.474
2026-10-03 10:00:00,R1,3.131,1.169,5.583,4.264,0.964,11.981
2026-10-03 10:00:00,R2,2.719,1.03,4.541,3.864,0.701,10.135
2026-10-03 10:15:00,R1,2.741,1.223,5.09,4.108,0.9,11.32
2026-10-03 10:15:00,R2,2.41,1.065,4.507,3.794,1.052,10.418
2026-10-03 10:30:00,R1,3.076,1.245,5.016,4.133,1.06,11.454
2026-10-03 10:30:00,R2,2.498,1.192,4.604,3.405,0.845,10.045
2026-10-03 10:45:00,R1,2.95,1.118,5.135,4.048,0.865,11.166
2026-10-03 10:45:00,R2,2.508,0.912,4.726,3.554,0.967,10.159
2026-10-03 11:00:00,R1,2.368,1.307,5.089,4.437,0.924,11.758
2026-10-03 11:00:00,R2,2.734,1.046,4.724,3.563,0.819,10.152
2026-10-03 11:15:00,R1,2.863,1.119,5.183,4.355,0.971,11.628
2026-10-03 11:15:00,R2,2.794,1.053,4.744,3.884,0.871,10.552
2026-10-03 11:30:00,R1,3.248,1.124,5.491,3.97,0.986,11.572
2026-10-03 11:30:00,R2,2.646,1.14,4.601,3.477,1.085,10.303
2026-10-03 11:45:00,R1,3.077,1.103,5.234,4.357,0.951,11.646
2026-10-03 11:45:00,R2,2.779,1.029,4.53,3.687,0.837,10.083
2026-10-03 12:00:00,R1,2.853,1.091,5.573,4.208,0.792,11.664
2026-10-03 12:00:00,R2,2.072,1.19,4.241,4.055,0.859,10.345
2026-10-03 12:15:00,R1,2.79,1.198,5.375,4.131,1.174,11.879
2026-10-03 12:15:00,R2,2.87,1.093,4.84,3.576,0.931,10.44
2026-10-03 12:30:00,R1,3.123,1.176,5.167,4.116,0.967,11.426
2026-10-03 12:30:00,R2,2.74,1.272,4.371,4.021,0.819,10.484
2026-10-03 12:45:00,R1,2.991,1.229,5.088,3.95,0.995,11.262
2026-10-03 12:45:00,R2,2.767,1.044,4.345,3.608,0.908,9.905
2026-10-03 13:00:00,R1,2.681,1.225,5.279,3.934,1.014,11.452
2026-10-03 13:00:00,R2,2.917,0.988,4.874,3.858,0.876,10.595
2026-10-03 13:15:00,R1,3.043,1.25,5.329,4.41,1.036,12.025
2026-10-03 13:15:00,R2,2.755,1.021,4.693,3.578,0.992,10.285
2026-10-03 13:30:00,R1,2.998,0.988,5.629,4.583,0.918,12.118
2026-10-03 13:30:00,R2,2.601,0.898,5.105,3.705,0.895,10.603
2026-10-03 13:45:00,R1,3.161,1.184,4.649,4.226,0.793,10.851
2026-10-03 13:45:00,R2,2.413,0.959,4.197,3.929,0.99,10.075
2026-10-03 14:00:00,R1,3.386,1.04,4.705,3.857,0.977,10.579
2026-10-03 14:00:00,R2,2.622,1.03,4.757,3.713,0.876,10.375
2026-10-03 14:15:00,R1,3.138,1.181,5.692,4.155,0.765,11.793
2026-10-03 14:15:00,R2,2.355,1.127,4.461,3.503,0.841,9.931
2026-10-03 14:30:00,R1,2.907,1.088,5.149,3.908,0.968,11.113
2026-10-03 14:30:00,R2,2.54,1.179,4.754,3.367,0.958,10.259
2026-10-03 14:45:00,R1,3.087,1.258,5.212,4.413,0.89,11.773
2026-10-03 14:45:00,R2,2.544,1.076,4.503,4.062,0.975,10.616
2026-10-03 15:00:00,R1,3.062,1.008,5.515,4.547,0.955,12.025
2026-10-03 15:00:00,R2,2.366,1.15,5.051,4.316,0.825,11.343
2026-10-03 15:15:00,R1,2.902,1.165,5.397,4.06,0.997,11.619
2026-10-03 15:15:00,R2,2.676,1.069,4.697,3.876,0.93,10.573
2026-10-03 15:30:00,R1,2.785,1.173,4.98,4.42,0.927,11.501
2026-10-03 15:30:00,R2,2.746,0.974,4.583,3.416,1.024,9.997
2026-10-03 15:45:00,R1,2.718,1.205,4.771,4.373,0.93,11.278
2026-10-03 15:45:00,R2,2.711,0.99,4.351,3.857,0.844,10.041
2026-10-03 16:00:00,R1,2.922,1.357,5.633,4.371,1.032,12.394
2026-10-03 16:00:00,R2,2.732,0.873,4.257,3.806,0.973,9.909
2026-10-03 16:15:00,R1,2.863,0.946,5.441,4.149,0.866,11.403
2026-10-03 16:15:00,R2,2.666,1.003,4.358,3.794,0.998,10.153
2026-10-03 16:30:00,R1,2.922,1.101,4.791,4.81,1.082,11.785
2026-10-03 16:30:00,R2,2.288,1.076,4.179,3.302,0.828,9.385
2026-10-03 16:45:00,R1,3.057,0.876,5.031,4.208,1.003,11.118
2026-10-03 16:45:00,R2,2.574,1.32,4.732,3.731,0.894,10.676
2026-10-03 17:00:00,R1,2.78,1.079,4.836,4.498,0.889,11.303
2026-10-03 17:00:00,R2,2.411,0.864,4.513,3.862,1.019,10.258
2026-10-03 17:15:00,R1,3.189,1.086,5.323,4.449,0.888,11.745
2026-10-03 17:15:00,R2,2.223,1.134,4.423,3.813,0.946,10.316
2026-10-03 17:30:00,R1,2.745,1.117,5.419,4.095,1.009,11.639
2026-10-03 17:30:00,R2,2.714,0.988,5.127,3.671,0.865,10.65
2026-10-03 17:45:00,R1,3.196,1.091,5.171,4.275,1.035,11.572
2026-10-03 17:45:00,R2,2.669,0.995,4.592,3.837,1.037,10.461
2026-10-03 18:00:00,R1,3.243,0.854,5.23,4.018,0.92,11.023
2026-10-03 18:00:00,R2,2.61,1.214,4.858,3.61,0.87,10.552
2026-10-03 18:15:00,R1,3.025,1.071,5.605,4.501,0.945,12.123
2026-10-03 18:15:00,R2,2.711,1.237,4.717,3.707,0.963,10.624
2026-10-03 18:30:00,R1,3.324,1.281,5.138,4.512,0.854,11.787
2026-10-03 18:30:00,R2,2.617,1.083,4.801,3.756,0.849,10.488
2026-10-03 18:45:00,R1,3.025,1.186,5.162,4.08,0.918,11.346
2026-10-03 18:45:00,R2,2.562,0.959,4.476,3.841,0.795,10.07
2026-10-03 19:00:00,R1,3.091,1.048,5.377,4.608,0.946,11.978
2026-10-03 19:00:00,R2,2.408,1.084,4.661,3.373,0.868,9.986
2026-10-03 19:15:00,R1,2.97,1.111,5.536,4.47,0.988,12.104
2026-10-03 19:15:00,R2,2.564,1.14,4.966,3.526,0.765,10.397
2026-10-03 19:30:00,R1,2.677,1.129,5.507,4.075,1.01,11.721
2026-10-03 19:30:00,R2,2.705,1.098,4.71,3.622,0.88,10.31
2026-10-03 19:45:00,R1,2.356,1.131,4.438,4.129,0.912,10.61
2026-10-03 19:45:00,R2,2.629,1.119,4.829,3.633,1.009,10.589
2026-10-03 20:00:00,R1,3.188,1.184,5.176,4.309,0.912,11.581
2026-10-03 20:00:00,R2,2.366,1.041,4.814,3.58,0.765,10.2
2026-10-03 20:15:00,R1,3.295,1.142,5.447,4.093,0.836,11.518
2026-10-03 20:15:00,R2,2.551,1.105,4.612,3.795,0.92,10.432
2026-10-03 20:30:00,R1,3.036,1.008,5.206,4.183,0.735,11.132
2026-10-03 20:30:00,R2,2.502,0.885,3.859,3.719,0.875,9.338
2026-10-03 20:45:00,R1,2.833,1.242,5.568,4.689,1.001,12.5
2026-10-03 20:45:00,R2,2.758,0.923,4.496,3.81,0.872,10.102
2026-10-03 21:00:00,R1,3.015,1.033,5.143,4.419,0.93,11.525
2026-10-03 21:00:00,R2,2.623,0.918,4.708,4.017,0.911,10.554
2026-10-03 21:15:00,R1,2.762,1.046,5.804,4.645,0.912,12.406
2026-10-03 21:15:00,R2,2.313,1.212,4.061,3.623,0.993,9.889
2026-10-03 21:30:00,R1,2.778,0.939,4.581,4.23,0.885,10.635
2026-10-03 21:30:00,R2,2.741,1.144,4.831,3.999,1.06,11.034
2026-10-03 21:45:00,R1,2.811,1.078,5.327,4.302,0.974,11.681
2026-10-03 21:45:00,R2,2.764,1.13,4.346,3.616,1.007,10.099
2026-10-03 22:00:00,R1,3.091,1.034,5.313,4.695,0.985,12.027
2026-10-03 22:00:00,R2,2.604,1.093,4.901,4.445,0.939,11.379
2026-10-03 22:15:00,R1,3.014,1.35,4.847,4.251,0.997,11.445
2026-10-03 22:15:00,R2,2.655,1.091,5.136,3.999,0.902,11.128
2026-10-03 22:30:00,R1,3.136,1.272,5.324,4.587,0.951,12.133
2026-10-03 22:30:00,R2,2.782,1.035,4.748,3.635,0.883,10.3
2026-10-03 22:45:00,R1,3.336,1.046,4.974,4.397,0.991,11.408
2026-10-03 22:45:00,R2,2.466,0.949,3.97,3.862,0.907,9.689
2026-10-03 23:00:00,R1,2.929,1.181,4.946,4.245,0.881,11.253
2026-10-03 23:00:00,R2,2.662,1.145,4.326,4.316,0.828,10.615
2026-10-03 23:15:00,R1,2.988,1.302,5.409,4.113,0.914,11.738
2026-10-03 23:15:00,R2,2.469,1.116,4.873,3.503,0.893,10.384
2026-10-03 23:30:00,R1,3.343,1.157,5.144,4.377,0.99,11.668
2026-10-03 23:30:00,R2,2.56,0.926,4.425,3.854,0.937,10.142
2026-10-03 23:45:00,R1,2.629,1.173,5.068,4.124,0.935,11.299
2026-10-03 23:45:00,R2,2.983,0.892,4.867,3.892,1.002,10.654
2026-10-04 00:00:00,R1,3.054,1.256,5.152,4.364,0.965,11.737
2026-10-04 00:00:00,R2,2.275,1.065,4.825,4.091,0.937,10.918
2026-10-04 00:15:00,R1,2.817,1.03,4.86,4.464,0.862,11.215
2026-10-04 00:15:00,R2,2.482,1.169,4.228,3.974,0.979,10.35
2026-10-04 00:30:00,R1,2.88,0.979,5.409,4.447,0.905,11.74
2026-10-04 00:30:00,R2,2.568,0.867,4.576,4.262,0.871,10.575
2026-10-04 00:45:00,R1,2.931,1.311,5.102,4.206,0.991,11.61
2026-10-04 00:45:00,R2,2.381,1.055,4.665,3.939,0.789,10.448
2026-10-04 01:00:00,R1,3.255,1.208,4.799,3.889,0.935,10.83
2026-10-04 01:00:00,R2,2.425,1.129,4.408,3.639,0.952,10.129
2026-10-04 01:15:00,R1,2.991,1.225,5.296,4.632,0.957,12.111
2026-10-04 01:15:00,R2,2.562,1.088,4.632,3.665,0.99,10.376
2026-10-04 01:30:00,R1,2.963,0.947,5.172,4.28,0.904,11.303
2026-10-04 01:30:00,R2,2.529,0.993,4.744,3.561,0.831,10.129
2026-10-04 01:45:00,R1,2.882,1.079,5.124,4.394,0.909,11.505
2026-10-04 01:45:00,R2,2.418,1.082,4.15,3.844,0.882,9.958
2026-10-04 02:00:00,R1,2.742,1.13,5.152,4.451,0.923,11.656
2026-10-04 02:00:00,R2,2.909,0.836,4.153,4.104,0.88,9.974
2026-10-04 02:15:00,R1,3.191,1.024,4.926,4.06,0.949,10.96
2026-10-04 02:15:00,R2,2.653,0.951,4.45,3.888,0.842,10.131
2026-10-04 02:30:00,R1,2.959,1.15,5.822,4.316,0.94,12.228
2026-10-04 02:30:00,R2,2.507,1.192,4.39,3.667,0.934,10.183
2026-10-04 02:45:00,R1,2.963,1.124,5.337,4.423,0.973,11.856
2026-10-04 02:45:00,R2,2.4,1.023,4.572,3.741,0.823,10.16
2026-10-04 03:00:00,R1,2.886,1.152,5.14,4.482,1.008,11.782
2026-10-04 03:00:00,R2,2.282,0.886,4.231,3.843,0.779,9.739
2026-10-04 03:15:00,R1,3.139,1.096,4.965,4.207,0.944,11.213
2026-10-04 03:15:00,R2,2.475,1.005,4.47,3.611,0.973,10.059
2026-10-04 03:30:00,R1,2.957,1.178,4.975,4.526,1.16,11.839
2026-10-04 03:30:00,R2,2.697,1.134,4.184,3.855,0.862,10.035
2026-10-04 03:45:00,R1,2.968,1.051,5.227,4.309,0.967,11.554
2026-10-04 03:45:00,R2,2.651,0.981,4.87,3.659,0.988,10.499
2026-10-04 04:00:00,R1,2.873,1.089,5.331,4.185,1.018,11.623
2026-10-04 04:00:00,R2,2.502,1.183,4.985,3.741,0.944,10.853
2026-10-04 04:15:00,R1,2.707,1.066,5.184,4.18,0.982,11.412
2026-10-04 04:15:00,R2,2.877,1.014,4.798,3.7,0.935,10.447
2026-10-04 04:30:00,R1,3.049,1.078,5.319,4.854,0.958,12.209
2026-10-04 04:30:00,R2,2.857,1.261,4.357,4.085,0.878,10.581
2026-10-04 04:45:00,R1,3.299,0.966,5.253,4.33,1.045,11.594
2026-10-04 04:45:00,R2,2.427,0.974,4.593,4.163,0.742,10.472
2026-10-04 05:00:00,R1,2.906,1.187,4.565,4.387,0.899,11.037
2026-10-04 05:00:00,R2,2.763,0.942,4.415,3.594,0.735,9.685
2026-10-04 05:15:00,R1,3.108,1.195,5.384,4.507,0.972,12.058
2026-10-04 05:15:00,R2,2.893,1.181,4.734,3.683,1.017,10.616
2026-10-04 05:30:00,R1,3.1,1.127,4.736,4.242,0.988,11.093
2026-10-04 05:30:00,R2,2.561,1.242,4.786,3.71,0.791,10.529
2026-10-04 05:45:00,R1,2.838,1.408,5.451,4.112,0.908,11.88
2026-10-04 05:45:00,R2,2.608,1.059,4.971,3.919,0.964,10.913
2026-10-04 06:00:00,R1,3.411,1.137,4.642,4.237,0.991,11.006
2026-10-04 06:00:00,R2,2.883,1.206,4.606,3.695,0.876,10.383
2026-10-04 06:15:00,R1,2.651,1.066,6.07,4.346,1.046,12.527
2026-10-04 06:15:00,R2,2.292,0.933,4.432,3.844,0.927,10.136
2026-10-04 06:30:00,R1,3.085,1.167,5.397,4.172,0.899,11.635
2026-10-04 06:30:00,R2,2.398,0.958,4.332,3.554,0.992,9.836
2026-10-04 06:45:00,R1,3.239,1.102,5.417,4.369,0.941,11.828
2026-10-04 06:45:00,R2,2.435,1.129,4.271,4.453,0.946,10.798
2026-10-04 07:00:00,R1,3.043,1.153,5.199,4.12,1.015,11.487
2026-10-04 07:00:00,R2,2.085,1.031,4.484,3.927,0.899,10.341
2026-10-04 07:15:00,R1,2.962,1.222,5.298,3.839,0.922,11.282
2026-10-04 07:15:00,R2,2.378,1.043,4.539,3.548,0.887,10.017
2026-10-04 07:30:00,R1,2.617,1.249,5.284,4.404,0.94,11.878
2026-10-04 07:30:00,R2,2.724,1.24,4.54,4.005,0.885,10.671
2026-10-04 07:45:00,R1,3.266,1.289,5.083,4.392,0.845,11.61
2026-10-04 07:45:00,R2,2.703,1.056,4.566,3.69,0.957,10.269
2026-10-04 08:00:00,R1,2.785,1.059,4.764,3.756,0.972,10.551
2026-10-04 08:00:00,R2,2.879,1.076,3.866,4.117,0.975,10.035
2026-10-04 08:15:00,R1,2.966,1.339,4.944,4.663,0.942,11.887
2026-10-04 08:15:00,R2,2.589,0.859,4.614,3.769,0.785,10.027
2026-10-04 08:30:00,R1,3.263,1.257,4.952,4.023,0.795,11.027
2026-10-04 08:30:00,R2,2.658,0.853,4.811,3.435,0.776,9.875
2026-10-04 08:45:00,R1,3.208,1.044,4.856,4.014,0.877,10.791
2026-10-04 08:45:00,R2,2.797,1.163,4.765,3.651,0.76,10.339
2026-10-04 09:00:00,R1,2.977,1.262,5.531,3.948,0.965,11.707
2026-10-04 09:00:00,R2,2.452,1.179,4.696,3.485,1.007,10.367
2026-10-04 09:15:00,R1,2.786,1.179,5.405,4.367,0.855,11.806
2026-10-04 09:15:00,R2,2.722,0.977,4.367,4.006,0.8,10.15
2026-10-04 09:30:00,R1,2.742,1.108,4.942,4.147,0.916,11.113
2026-10-04 09:30:00,R2,2.685,1.037,4.246,3.92,0.941,10.144
2026-10-04 09:45:00,R1,2.854,1.108,5.178,3.92,0.707,10.914
2026-10-04 09:45:00,R2,2.406,1.131,4.294,3.721,0.902,10.049
2026-10-04 10:00:00,R1,3.253,1.148,5.271,4.342,0.992,11.753
2026-10-04 10:00:00,R2,2.375,1.037,4.442,4.014,0.927,10.421
2026-10-04 10:15:00,R1,2.88,1.176,5.196,4.358,0.972,11.703
2026-10-04 10:15:00,R2,2.728,1.028,4.715,3.713,0.996,10.453
2026-10-04 10:30:00,R1,2.919,1.188,5.579,4.334,0.838,11.94
2026-10-04 10:30:00,R2,2.709,1.009,4.495,3.878,0.911,10.293
2026-10-04 10:45:00,R1,3.138,1.193,5.196,3.957,0.925,11.271
2026-10-04 10:45:00,R2,2.716,1.067,4.464,4.74,0.886,11.157
2026-10-04 11:00:00,R1,2.844,1.157,5.208,4.539,0.86,11.764
2026-10-04 11:00:00,R2,2.806,1.093,4.645,3.927,0.775,10.44
2026-10-04 11:15:00,R1,3.262,1.138,4.709,4.395,1.018,11.261
2026-10-04 11:15:00,R2,2.545,1.089,4.447,3.833,0.831,10.2
2026-10-04 11:30:00,R1,3.192,1.357,5.172,4.468,0.943,11.94
2026-10-04 11:30:00,R2,2.787,1.048,4.511,4.179,0.868,10.607
2026-10-04 11:45:00,R1,3.112,1.08,5.107,4.535,0.919,11.64
2026-10-04 11:45:00,R2,2.469,0.97,4.248,3.861,1.039,10.117
2026-10-04 12:00:00,R1,2.876,1.229,5.043,4.3,0.961,11.534
2026-10-04 12:00:00,R2,2.203,1.092,4.442,3.752,0.987,10.273
2026-10-04 12:15:00,R1,3.291,1.178,5.23,3.621,0.961,10.99
2026-10-04 12:15:00,R2,2.378,1.177,4.442,4.006,0.986,10.61
2026-10-04 12:30:00,R1,3.172,1.078,4.92,3.723,1.004,10.726
2026-10-04 12:30:00,R2,2.529,0.907,4.492,3.578,0.982,9.959
2026-10-04 12:45:00,R1,2.852,1.131,5.199,4.531,0.944,11.805
2026-10-04 12:45:00,R2,2.567,0.884,4.734,3.811,0.808,10.237
2026-10-04 13:00:00,R1,2.656,1.191,5.082,4.421,0.946,11.64
2026-10-04 13:00:00,R2,2.439,1.062,4.352,3.795,0.877,10.085
2026-10-04 13:15:00,R1,3.134,1.299,5.242,4.439,1.066,12.047
2026-10-04 13:15:00,R2,2.77,0.972,4.165,3.731,0.775,9.643
2026-10-04 13:30:00,R1,3.126,1.324,5.379,4.607,1.041,12.351
2026-10-04 13:30:00,R2,2.574,1.066,4.992,3.791,0.925,10.774
2026-10-04 13:45:00,R1,3.045,1.26,5.473,4.393,0.861,11.987
2026-10-04 13:45:00,R2,2.647,1.104,4.532,3.677,0.882,10.194
2026-10-04 14:00:00,R1,3.227,1.259,5.551,4.521,1.053,12.383
2026-10-04 14:00:00,R2,2.855,1.032,4.55,4.034,0.987,10.602
2026-10-04 14:15:00,R1,2.898,1.152,4.845,4.245,0.856,11.099
2026-10-04 14:15:00,R2,2.411,1.009,4.266,3.481,0.899,9.655
2026-10-04 14:30:00,R1,3.034,1.188,5.445,4.668,1.002,12.303
2026-10-04 14:30:00,R2,2.211,1.15,4.297,4.228,0.856,10.53
2026-10-04 14:45:00,R1,2.567,1.284,4.444,4.098,0.916,10.742
2026-10-04 14:45:00,R2,2.618,1.053,4.187,3.742,1.017,9.998
2026-10-04 15:00:00,R1,2.765,1.027,5.657,4.022,0.933,11.64
2026-10-04 15:00:00,R2,2.681,1.092,4.725,3.964,0.915,10.696
2026-10-04 15:15:00,R1,3.183,1.181,4.89,4.175,0.953,11.2
2026-10-04 15:15:00,R2,2.551,1.037,4.272,3.408,0.997,9.714
2026-10-04 15:30:00,R1,3.286,1.092,4.672,4.744,1.077,11.585
2026-10-04 15:30:00,R2,2.823,1.157,4.745,3.938,0.946,10.786
2026-10-04 15:45:00,R1,3.033,0.97,5.261,4.567,1.027,11.825
2026-10-04 15:45:00,R2,2.602,0.763,4.629,3.721,0.923,10.036
2026-10-04 16:00:00,R1,2.954,1.201,4.562,4.266,0.867,10.896
2026-10-04 16:00:00,R2,2.422,1.059,4.389,3.858,0.877,10.184
2026-10-04 16:15:00,R1,3.169,1.2,5.176,4.335,0.975,11.687
2026-10-04 16:15:00,R2,2.264,0.936,4.306,3.788,1.051,10.081
2026-10-04 16:30:00,R1,3.183,1.167,5.499,3.916,0.952,11.534
2026-10-04 16:30:00,R2,2.769,1.074,4.651,3.814,0.993,10.532
2026-10-04 16:45:00,R1,3.019,1.106,5.353,4.383,1.015,11.856
2026-10-04 16:45:00,R2,2.814,1.108,4.461,3.509,0.849,9.928
2026-10-04 17:00:00,R1,3.222,1.056,5.688,4.407,0.945,12.097
2026-10-04 17:00:00,R2,2.142,0.893,4.571,3.617,0.829,9.91
2026-10-04 17:15:00,R1,2.896,1.188,5.35,4.361,0.937,11.836
2026-10-04 17:15:00,R2,2.441,1.247,5.016,3.649,0.814,10.726
2026-10-04 17:30:00,R1,3.309,1.261,5.122,4.36,0.965,11.708
2026-10-04 17:30:00,R2,2.689,1.042,4.247,3.675,0.84,9.804
2026-10-04 17:45:00,R1,2.508,1.111,5.033,4.482,0.859,11.486
2026-10-04 17:45:00,R2,2.598,1.124,4.765,4.009,0.893,10.791
2026-10-04 18:00:00,R1,2.967,1.243,5.877,3.944,0.918,11.981
2026-10-04 18:00:00,R2,2.226,1.044,4.212,3.59,0.887,9.733
2026-10-04 18:15:00,R1,3.13,1.114,5.542,4.559,0.977,12.191
2026-10-04 18:15:00,R2,2.802,1.08,4.332,3.734,0.819,9.966
2026-10-04 18:30:00,R1,2.897,1.135,5.334,4.174,1.113,11.755
2026-10-04 18:30:00,R2,2.785,1.269,4.149,3.814,0.834,10.066
2026-10-04 18:45:00,R1,2.885,1.262,5.31,3.983,1.058,11.612
2026-10-04 18:45:00,R2,2.493,0.962,4.685,3.917,0.839,10.403
2026-10-04 19:00:00,R1,2.964,1.167,4.943,4.45,0.993,11.553
2026-10-04 19:00:00,R2,2.791,0.974,4.653,3.824,0.836,10.287
2026-10-04 19:15:00,R1,2.612,1.229,5.29,4.116,0.991,11.627
2026-10-04 19:15:00,R2,2.947,1.003,4.499,3.759,0.843,10.104
2026-10-04 19:30:00,R1,3.042,1.238,5.597,4.277,1.08,12.192
2026-10-04 19:30:00,R2,2.351,1.048,4.159,4.209,0.833,10.249
2026-10-04 19:45:00,R1,2.926,1.16,5.037,4.524,0.922,11.643
2026-10-04 19:45:00,R2,2.507,1.007,4.384,3.545,0.87,9.807
2026-10-04 20:00:00,R1,2.936,1.309,5.331,4.363,0.917,11.92
2026-10-04 20:00:00,R2,2.795,1.083,4.416,3.856,0.814,10.17
2026-10-04 20:15:00,R1,2.823,1.205,4.852,4.421,1.099,11.578
2026-10-04 20:15:00,R2,2.931,1.058,4.655,3.932,0.942,10.586
2026-10-04 20:30:00,R1,2.959,1.161,5.363,4.489,0.963,11.975
2026-10-04 20:30:00,R2,2.676,0.761,4.077,4.104,0.871,9.813
2026-10-04 20:45:00,R1,3.004,1.039,4.914,4.164,0.934,11.051
2026-10-04 20:45:00,R2,2.434,1.021,4.646,3.779,0.872,10.318
2026-10-04 21:00:00,R1,3.034,1.019,5.141,4.014,0.969,11.143
2026-10-04 21:00:00,R2,2.763,1.036,4.574,3.493,0.921,10.024
2026-10-04 21:15:00,R1,2.988,1.151,5.321,4.263,1.0,11.735
2026-10-04 21:15:00,R2,2.54,0.954,4.667,4.075,0.942,10.638
2026-10-04 21:30:00,R1,2.838,1.179,5.122,4.499,0.91,11.71
2026-10-04 21:30:00,R2,2.4,1.111,4.174,4.052,0.899,10.236
2026-10-04 21:45:00,R1,3.096,1.075,5.773,4.287,1.056,12.191
2026-10-04 21:45:00,R2,2.209,1.065,4.807,3.83,0.945,10.648
2026-10-04 22:00:00,R1,3.431,1.274,5.243,4.059,0.934,11.51
2026-10-04 22:00:00,R2,3.009,1.05,4.292,3.535,1.0,9.877
2026-10-04 22:15:00,R1,3.003,1.14,5.255,4.82,1.052,12.267
2026-10-04 22:15:00,R2,2.587,0.958,4.35,3.846,0.882,10.036
2026-10-04 22:30:00,R1,2.966,1.13,4.848,4.329,0.926,11.234
2026-10-04 22:30:00,R2,2.542,0.924,4.425,3.639,0.778,9.767
2026-10-04 22:45:00,R1,3.207,1.157,4.997,4.384,0.849,11.386
2026-10-04 22:45:00,R2,2.583,1.017,4.859,3.697,1.069,10.642
2026-10-04 23:00:00,R1,3.126,1.086,5.815,3.995,1.042,11.938
2026-10-04 23:00:00,R2,2.675,1.043,4.525,3.721,0.799,10.088
2026-10-04 23:15:00,R1,2.945,1.212,5.332,4.366,0.956,11.866
2026-10-04 23:15:00,R2,2.396,1.063,4.146,3.772,0.692,9.672
2026-10-04 23:30:00,R1,3.156,1.07,5.108,4.433,0.964,11.576
2026-10-04 23:30:00,R2,2.569,1.048,4.288,3.831,0.902,10.07
2026-10-04 23:45:00,R1,2.866,1.041,5.063,4.429,0.89,11.423
2026-10-04 23:45:00,R2,2.546,1.038,4.892,3.778,0.869,10.577
2026-10-05 00:00:00,R1,2.909,1.255,5.11,4.895,0.96,12.22
2026-10-05 00:00:00,R2,2.778,1.002,4.376,3.545,0.985,9.908
2026-10-05 00:15:00,R1,2.509,1.108,5.197,5.012,1.036,12.354
2026-10-05 00:15:00,R2,2.778,1.078,4.709,3.893,0.964,10.644
2026-10-05 00:30:00,R1,2.905,1.173,5.047,4.111,0.931,11.262
2026-10-05 00:30:00,R2,2.637,0.923,4.65,3.752,1.004,10.329
2026-10-05 00:45:00,R1,3.111,1.074,5.558,3.911,0.839,11.382
2026-10-05 00:45:00,R2,2.639,1.111,4.563,3.463,0.957,10.095
2026-10-05 01:00:00,R1,3.003,1.247,5.926,4.469,0.96,12.602
2026-10-05 01:00:00,R2,2.583,0.983,5.001,3.213,0.96,10.156
2026-10-05 01:15:00,R1,3.131,1.467,4.986,3.98,0.877,11.309
2026-10-05 01:15:00,R2,2.589,0.998,4.436,3.448,0.846,9.727
2026-10-05 01:30:00,R1,3.045,1.15,5.207,4.406,0.982,11.745
2026-10-05 01:30:00,R2,2.658,0.949,4.57,4.018,0.963,10.5
2026-10-05 01:45:00,R1,2.948,1.264,5.266,4.303,0.946,11.779
2026-10-05 01:45:00,R2,2.433,0.928,4.101,4.377,0.914,10.321
2026-10-05 02:00:00,R1,3.203,1.153,5.25,4.661,0.883,11.946
2026-10-05 02:00:00,R2,2.458,1.023,4.267,4.333,0.802,10.425
2026-10-05 02:15:00,R1,3.141,0.975,4.932,4.433,0.816,11.155
2026-10-05 02:15:00,R2,2.277,1.016,4.958,4.076,0.95,11.001
2026-10-05 02:30:00,R1,3.065,1.078,5.362,4.447,0.863,11.751
2026-10-05 02:30:00,R2,2.647,1.163,4.546,4.017,0.89,10.616
2026-10-05 02:45:00,R1,2.641,1.298,5.054,4.402,0.967,11.721
2026-10-05 02:45:00,R2,2.27,1.125,4.534,3.945,0.833,10.437
2026-10-05 03:00:00,R1,2.952,1.052,5.389,4.434,1.08,11.955
2026-10-05 03:00:00,R2,2.765,0.982,3.984,3.56,0.904,9.431
2026-10-05 03:15:00,R1,3.039,1.216,5.355,4.773,0.968,12.312
2026-10-05 03:15:00,R2,2.873,0.967,4.621,3.703,0.897,10.189
2026-10-05 03:30:00,R1,3.144,1.185,4.731,4.421,0.871,11.208
2026-10-05 03:30:00,R2,2.806,0.975,4.451,4.029,0.752,10.208
2026-10-05 03:45:00,R1,2.79,1.149,5.417,4.342,1.058,11.966
2026-10-05 03:45:00,R2,2.237,1.013,4.438,3.601,1.028,10.08
2026-10-05 04:00:00,R1,2.92,1.177,5.471,4.443,0.921,12.011
2026-10-05 04:00:00,R2,2.48,1.085,4.626,4.333,0.811,10.854
2026-10-05 04:15:00,R1,3.036,1.105,5.005,4.429,0.993,11.532
2026-10-05 04:15:00,R2,2.787,1.068,4.575,3.513,0.853,10.01
2026-10-05 04:30:00,R1,2.978,1.169,4.896,4.122,0.95,11.136
2026-10-05 04:30:00,R2,2.875,0.972,3.985,3.684,0.75,9.392
2026-10-05 04:45:00,R1,3.135,1.103,5.276,3.684,1.093,11.156
2026-10-05 04:45:00,R2,2.557,0.982,4.93,3.925,0.903,10.74
2026-10-05 05:00:00,R1,3.12,1.273,5.206,4.046,0.919,11.443
2026-10-05 05:00:00,R2,2.91,1.068,4.833,3.81,0.919,10.63
2026-10-05 05:15:00,R1,3.146,1.331,5.193,3.955,1.011,11.49
2026-10-05 05:15:00,R2,2.659,1.098,4.326,3.635,0.827,9.886
2026-10-05 05:30:00,R1,2.942,1.07,5.102,4.449,0.926,11.548
2026-10-05 05:30:00,R2,2.447,1.135,4.313,3.565,0.947,9.959
2026-10-05 05:45:00,R1,3.01,1.131,4.816,4.204,0.912,11.063
2026-10-05 05:45:00,R2,2.694,1.228,4.471,3.155,0.95,9.804
2026-10-05 06:00:00,R1,3.164,1.105,5.278,4.165,0.918,11.466
2026-10-05 06:00:00,R2,3.354,0.989,4.79,3.742,1.037,10.558
2026-10-05 06:15:00,R1,3.14,1.035,4.781,4.074,0.991,10.881
2026-10-05 06:15:00,R2,3.114,1.102,4.646,3.887,1.02,10.656
2026-10-05 06:30:00,R1,3.072,1.198,4.908,4.225,0.979,11.31
2026-10-05 06:30:00,R2,2.607,1.041,4.587,4.002,1.008,10.638
2026-10-05 06:45:00,R1,3.132,1.148,5.329,4.253,0.924,11.654
2026-10-05 06:45:00,R2,2.594,1.107,4.375,3.632,0.822,9.936
2026-10-05 07:00:00,R1,3.538,1.283,5.45,4.065,0.987,11.786
2026-10-05 07:00:00,R2,2.718,1.009,4.336,3.952,1.136,10.434
2026-10-05 07:15:00,R1,2.996,1.227,5.914,4.452,0.956,12.548
2026-10-05 07:15:00,R2,2.743,0.872,4.503,3.853,0.863,10.091
2026-10-05 07:30:00,R1,3.167,1.224,5.54,4.419,1.092,12.275
2026-10-05 07:30:00,R2,2.388,0.931,4.311,3.928,1.004,10.175
2026-10-05 07:45:00,R1,3.015,1.258,5.057,4.467,0.807,11.59
2026-10-05 07:45:00,R2,2.805,1.036,4.395,3.862,0.794,10.086
2026-10-05 08:00:00,R1,3.183,1.008,5.112,4.458,0.922,11.5
2026-10-05 08:00:00,R2,2.33,1.037,4.395,3.747,0.886,10.065
2026-10-05 08:15:00,R1,2.812,1.195,4.737,4.394,0.876,11.202
2026-10-05 08:15:00,R2,2.348,1.03,4.722,4.319,0.779,10.85
2026-10-05 08:30:00,R1,2.945,1.274,4.642,4.589,0.983,11.487
2026-10-05 08:30:00,R2,2.752,1.014,4.455,3.784,1.008,10.261
2026-10-05 08:45:00,R1,2.745,1.227,5.516,4.492,0.989,12.223
2026-10-05 08:45:00,R2,2.56,1.024,4.096,3.969,0.925,10.013
2026-10-05 09:00:00,R1,2.994,1.027,5.118,3.982,0.923,11.05
2026-10-05 09:00:00,R2,2.687,0.94,4.962,3.739,1.0,10.642
2026-10-05 09:15:00,R1,3.066,1.175,5.358,4.198,0.799,11.53
2026-10-05 09:15:00,R2,2.403,1.15,4.033,3.909,0.97,10.063
2026-10-05 09:30:00,R1,2.986,1.196,4.982,4.212,0.963,11.354
2026-10-05 09:30:00,R2,2.584,1.006,4.381,3.772,0.725,9.885
2026-10-05 09:45:00,R1,3.001,1.057,5.287,4.304,0.894,11.542
2026-10-05 09:45:00,R2,2.758,1.21,4.567,3.91,0.967,10.653
2026-10-05 10:00:00,R1,3.261,1.075,5.531,3.909,0.875,11.389
2026-10-05 10:00:00,R2,2.502,1.118,4.111,3.962,0.91,10.101
2026-10-05 10:15:00,R1,3.348,1.211,5.204,3.923,0.869,11.207
2026-10-05 10:15:00,R2,2.576,0.872,4.659,3.839,0.783,10.152
2026-10-05 10:30:00,R1,3.371,1.102,5.03,4.416,0.965,11.513
2026-10-05 10:30:00,R2,2.423,1.125,4.318,3.534,0.828,9.805
2026-10-05 10:45:00,R1,2.81,1.166,4.988,4.34,0.895,11.388
2026-10-05 10:45:00,R2,2.557,0.877,4.471,3.665,1.01,10.023
2026-10-05 11:00:00,R1,3.106,1.219,5.009,3.993,0.993,11.214
2026-10-05 11:00:00,R2,2.466,1.064,4.702,3.631,0.98,10.376
2026-10-05 11:15:00,R1,3.417,1.067,5.095,4.119,0.984,11.265
2026-10-05 11:15:00,R2,2.537,1.052,4.306,3.73,0.907,9.995
2026-10-05 11:30:00,R1,2.875,1.189,5.276,4.544,0.924,11.933
2026-10-05 11:30:00,R2,2.721,1.097,4.661,3.346,1.025,10.129
2026-10-05 11:45:00,R1,3.213,1.288,5.23,3.976,0.815,11.308
2026-10-05 11:45:00,R2,2.909,1.1,4.65,3.896,0.865,10.512
2026-10-05 12:00:00,R1,3.194,1.333,5.038,4.068,0.853,11.292
2026-10-05 12:00:00,R2,2.453,1.159,3.916,3.655,0.89,9.621
2026-10-05 12:15:00,R1,3.047,1.198,5.352,3.989,0.907,11.445
2026-10-05 12:15:00,R2,2.947,0.926,4.307,3.897,0.978,10.109
2026-10-05 12:30:00,R1,2.764,1.147,5.112,3.948,1.002,11.209
2026-10-05 12:30:00,R2,2.563,1.171,4.351,3.588,0.941,10.051
2026-10-05 12:45:00,R1,2.765,1.066,5.451,4.608,1.084,12.208
2026-10-05 12:45:00,R2,2.84,1.072,4.694,4.179,0.992,10.937
2026-10-05 13:00:00,R1,2.786,1.262,5.503,3.503,0.962,11.23
2026-10-05 13:00:00,R2,2.619,1.164,4.189,3.435,0.873,9.661
2026-10-05 13:15:00,R1,2.959,1.284,4.661,4.294,0.859,11.098
2026-10-05 13:15:00,R2,2.739,0.965,4.699,3.673,0.826,10.161
2026-10-05 13:30:00,R1,2.817,1.064,5.47,4.417,0.925,11.877
2026-10-05 13:30:00,R2,2.473,0.957,4.369,3.716,0.907,9.95
2026-10-05 13:45:00,R1,3.295,1.089,5.129,4.189,0.926,11.333
2026-10-05 13:45:00,R2,2.64,1.03,4.456,3.922,0.865,10.272
2026-10-05 14:00:00,R1,3.329,1.139,4.87,4.684,0.959,11.651
2026-10-05 14:00:00,R2,2.751,1.148,4.577,3.915,0.91,10.55
2026-10-05 14:15:00,R1,2.884,1.201,5.198,4.459,0.945,11.803
2026-10-05 14:15:00,R2,2.348,1.057,4.794,4.021,0.924,10.796
2026-10-05 14:30:00,R1,2.798,0.984,5.539,4.083,0.936,11.542
2026-10-05 14:30:00,R2,2.815,0.825,4.382,4.023,0.83,10.059
2026-10-05 14:45:00,R1,2.811,1.135,5.429,4.363,1.111,12.038
2026-10-05 14:45:00,R2,2.584,1.06,4.339,3.781,0.895,10.074
2026-10-05 15:00:00,R1,2.716,1.264,5.072,4.148,1.015,11.498
2026-10-05 15:00:00,R2,2.461,1.165,4.673,3.492,0.847,10.177
2026-10-05 15:15:00,R1,2.979,1.195,4.993,4.055,0.873,11.115
2026-10-05 15:15:00,R2,2.767,1.054,4.21,3.554,1.062,9.881
2026-10-05 15:30:00,R1,3.315,1.149,5.218,4.086,0.91,11.363
2026-10-05 15:30:00,R2,2.454,1.353,4.316,3.766,0.96,10.395
2026-10-05 15:45:00,R1,2.802,1.1,5.382,4.291,0.977,11.75
2026-10-05 15:45:00,R2,2.385,1.132,4.576,3.738,0.949,10.395
2026-10-05 16:00:00,R1,2.873,1.063,4.903,4.417,0.976,11.359
2026-10-05 16:00:00,R2,2.651,0.972,4.031,3.653,0.89,9.545
2026-10-05 16:15:00,R1,3.067,1.202,5.317,3.917,0.957,11.394
2026-10-05 16:15:00,R2,2.894,0.884,4.707,3.744,0.957,10.293
2026-10-05 16:30:00,R1,2.807,1.001,5.615,4.479,0.959,12.054
2026-10-05 16:30:00,R2,2.926,1.024,4.315,3.754,0.961,10.054
2026-10-05 16:45:00,R1,2.997,0.979,5.219,4.626,0.851,11.675
2026-10-05 16:45:00,R2,2.563,1.189,4.965,3.849,0.842,10.845
2026-10-05 17:00:00,R1,2.78,1.244,5.425,4.429,1.032,12.129
2026-10-05 17:00:00,R2,3.093,1.022,4.899,3.334,0.95,10.205
2026-10-05 17:15:00,R1,3.175,1.079,5.211,4.486,1.057,11.834
2026-10-05 17:15:00,R2,2.3,0.95,4.323,3.964,0.79,10.027
2026-10-05 17:30:00,R1,2.821,1.183,4.813,4.514,0.833,11.342
2026-10-05 17:30:00,R2,2.636,1.012,4.162,3.821,0.877,9.872
2026-10-05 17:45:00,R1,3.154,1.218,5.208,4.111,1.039,11.575
2026-10-05 17:45:00,R2,2.296,1.028,4.025,4.332,0.894,10.279
2026-10-05 18:00:00,R1,3.161,1.152,5.121,4.328,0.895,11.495
2026-10-05 18:00:00,R2,2.707,0.903,4.501,3.603,0.954,9.96
2026-10-05 18:15:00,R1,2.89,1.233,5.516,4.063,0.886,11.699
2026-10-05 18:15:00,R2,2.849,0.96,4.578,3.747,0.968,10.253
2026-10-05 18:30:00,R1,2.913,1.137,5.441,4.7,0.775,12.052
2026-10-05 18:30:00,R2,2.37,0.953,4.553,4.298,1.019,10.823
2026-10-05 18:45:00,R1,3.088,1.123,5.271,4.488,0.963,11.846
2026-10-05 18:45:00,R2,2.388,1.166,4.443,4.083,0.885,10.576
2026-10-05 19:00:00,R1,3.047,1.142,5.047,4.407,0.848,11.444
2026-10-05 19:00:00,R2,2.722,0.809,4.269,3.884,0.943,9.905
2026-10-05 19:15:00,R1,2.674,1.22,5.311,4.623,1.009,12.164
2026-10-05 19:15:00,R2,2.724,1.243,4.347,3.748,0.939,10.277
2026-10-05 19:30:00,R1,2.824,1.236,5.396,4.02,0.931,11.583
2026-10-05 19:30:00,R2,2.393,0.958,4.128,3.886,0.976,9.948
2026-10-05 19:45:00,R1,3.287,1.121,5.297,4.086,1.057,11.561
2026-10-05 19:45:00,R2,2.541,1.129,4.556,3.893,0.915,10.493
2026-10-05 20:00:00,R1,2.982,1.05,4.837,3.972,0.951,10.81
2026-10-05 20:00:00,R2,2.213,0.902,4.663,3.972,0.976,10.514
2026-10-05 20:15:00,R1,3.054,1.275,5.069,4.062,1.01,11.416
2026-10-05 20:15:00,R2,2.469,1.153,3.625,4.188,1.003,9.969
2026-10-05 20:30:00,R1,2.951,1.038,5.292,4.669,0.839,11.837
2026-10-05 20:30:00,R2,2.61,1.012,5.15,3.917,0.851,10.93
2026-10-05 20:45:00,R1,2.889,1.229,5.303,4.24,0.937,11.709
2026-10-05 20:45:00,R2,2.787,1.082,4.724,3.945,0.943,10.695
2026-10-05 21:00:00,R1,3.079,1.152,4.907,4.433,0.907,11.399
2026-10-05 21:00:00,R2,2.546,0.95,4.843,3.727,0.866,10.387
2026-10-05 21:15:00,R1,2.86,1.058,5.127,4.465,1.084,11.735
2026-10-05 21:15:00,R2,2.679,0.879,4.459,4.156,1.076,10.57
2026-10-05 21:30:00,R1,2.683,1.143,4.922,4.191,1.083,11.339
2026-10-05 21:30:00,R2,2.418,0.994,4.641,4.062,0.866,10.563
2026-10-05 21:45:00,R1,2.969,1.202,5.419,4.162,0.919,11.701
2026-10-05 21:45:00,R2,2.562,1.024,4.771,3.955,0.763,10.513
2026-10-05 22:00:00,R1,3.284,1.049,4.963,4.416,0.799,11.228
2026-10-05 22:00:00,R2,3.012,0.89,4.579,4.082,0.903,10.455
2026-10-05 22:15:00,R1,2.961,1.333,5.364,4.181,0.911,11.789
2026-10-05 22:15:00,R2,2.2,1.003,4.647,3.902,0.949,10.502
2026-10-05 22:30:00,R1,2.862,1.239,5.148,4.076,0.873,11.337
2026-10-05 22:30:00,R2,2.737,0.983,4.392,3.661,0.831,9.868
2026-10-05 22:45:00,R1,3.245,1.21,5.463,4.668,0.836,12.177
2026-10-05 22:45:00,R2,2.514,1.087,4.87,3.368,0.876,10.2
2026-10-05 23:00:00,R1,2.883,1.13,5.304,4.163,0.937,11.535
2026-10-05 23:00:00,R2,2.524,1.15,4.603,3.719,0.947,10.419
2026-10-05 23:15:00,R1,2.84,1.347,5.229,4.385,0.974,11.935
2026-10-05 23:15:00,R2,2.906,1.136,4.706,4.029,0.955,10.826
2026-10-05 23:30:00,R1,3.041,1.315,5.442,4.123,0.969,11.849
2026-10-05 23:30:00,R2,2.566,1.017,4.512,4.121,1.003,10.652
2026-10-05 23:45:00,R1,2.714,0.894,5.515,4.385,0.89,11.684
2026-10-05 23:45:00,R2,2.662,1.168,4.687,3.737,0.908,10.5
2026-10-06 00:00:00,R1,3.123,1.147,5.142,4.432,0.895,11.617
2026-10-06 00:00:00,R2,2.606,1.002,4.251,3.673,0.912,9.838
2026-10-06 00:15:00,R1,3.066,1.135,5.291,4.652,0.842,11.92
2026-10-06 00:15:00,R2,2.469,1.288,4.788,3.903,1.013,10.992
2026-10-06 00:30:00,R1,2.914,1.318,5.189,4.262,1.017,11.786
2026-10-06 00:30:00,R2,2.849,1.035,4.245,3.434,0.755,9.47
2026-10-06 00:45:00,R1,3.039,1.12,5.152,3.826,0.774,10.872
2026-10-06 00:45:00,R2,2.849,1.269,4.214,4.128,0.88,10.492
2026-10-06 01:00:00,R1,2.866,1.214,5.24,4.182,1.065,11.701
2026-10-06 01:00:00,R2,2.502,1.17,4.429,3.448,0.807,9.854
2026-10-06 01:15:00,R1,2.731,1.147,5.355,4.434,1.101,12.037
2026-10-06 01:15:00,R2,2.612,0.995,4.612,3.748,0.784,10.139
2026-10-06 01:30:00,R1,3.135,1.172,5.12,4.009,1.044,11.345
2026-10-06 01:30:00,R2,2.831,1.048,4.731,3.959,0.819,10.558
2026-10-06 01:45:00,R1,3.034,1.314,5.411,4.204,0.885,11.813
2026-10-06 01:45:00,R2,2.741,1.159,4.388,3.617,1.002,10.167
2026-10-06 02:00:00,R1,3.058,1.232,5.378,4.271,1.027,11.908
2026-10-06 02:00:00,R2,2.576,1.039,4.521,3.803,0.949,10.312
2026-10-06 02:15:00,R1,3.14,1.189,5.416,4.023,0.879,11.507
2026-10-06 02:15:00,R2,2.641,1.105,4.594,3.897,0.804,10.401
2026-10-06 02:30:00,R1,3.119,1.137,4.808,4.357,1.044,11.346
2026-10-06 02:30:00,R2,2.494,1.001,4.709,4.063,0.85,10.623
2026-10-06 02:45:00,R1,2.857,1.085,5.574,4.185,0.922,11.767
2026-10-06 02:45:00,R2,2.847,1.054,4.459,3.92,0.922,10.354
2026-10-06 03:00:00,R1,3.218,1.198,5.667,4.66,0.934,12.458
2026-10-06 03:00:00,R2,2.524,0.884,3.821,3.938,0.777,9.419
2026-10-06 03:15:00,R1,2.995,1.276,4.707,4.019,1.001,11.003
2026-10-06 03:15:00,R2,2.483,1.195,4.387,3.506,0.868,9.956
2026-10-06 03:30:00,R1,3.106,1.144,5.457,4.169,0.748,11.518
2026-10-06 03:30:00,R2,2.548,0.918,4.67,3.798,0.787,10.173
2026-10-06 03:45:00,R1,2.844,1.102,5.315,4.292,0.856,11.565
2026-10-06 03:45:00,R2,2.625,1.079,4.6,4.024,1.035,10.737
2026-10-06 04:00:00,R1,3.14,1.217,4.746,4.8,1.07,11.833
2026-10-06 04:00:00,R2,2.429,1.171,4.481,3.474,1.032,10.157
2026-10-06 04:15:00,R1,2.833,1.035,5.108,4.006,0.95,11.099
2026-10-06 04:15:00,R2,2.495,0.979,4.204,4.178,0.792,10.153
2026-10-06 04:30:00,R1,3.105,0.933,4.743,4.253,1.039,10.968
2026-10-06 04:30:00,R2,2.693,1.071,4.732,3.491,0.779,10.072
2026-10-06 04:45:00,R1,2.665,1.07,5.566,3.944,1.154,11.734
2026-10-06 04:45:00,R2,2.877,0.949,4.86,3.815,0.933,10.557
2026-10-06 05:00:00,R1,2.784,0.925,4.837,4.038,0.918,10.718
2026-10-06 05:00:00,R2,2.832,1.108,4.29,3.533,0.908,9.84
2026-10-06 05:15:00,R1,2.823,1.361,5.128,4.414,0.839,11.742
2026-10-06 05:15:00,R2,2.588,1.006,4.315,3.757,1.015,10.093
2026-10-06 05:30:00,R1,3.416,1.048,5.144,4.416,0.955,11.563
2026-10-06 05:30:00,R2,2.431,1.138,4.663,3.848,0.924,10.573
2026-10-06 05:45:00,R1,3.001,1.105,4.902,4.189,0.983,11.179
2026-10-06 05:45:00,R2,2.616,0.843,4.529,3.356,0.818,9.546
2026-10-06 06:00:00,R1,3.587,1.046,5.712,4.444,0.886,12.088
2026-10-06 06:00:00,R2,3.139,0.932,4.392,3.553,0.714,9.591
2026-10-06 06:15:00,R1,2.947,1.254,5.649,4.212,0.897,12.011
2026-10-06 06:15:00,R2,2.625,0.99,4.913,3.563,0.839,10.305
2026-10-06 06:30:00,R1,2.934,1.18,5.561,4.425,1.021,12.186
2026-10-06 06:30:00,R2,2.561,0.994,4.072,3.701,1.006,9.774
2026-10-06 06:45:00,R1,3.094,1.227,5.306,4.311,0.95,11.794
2026-10-06 06:45:00,R2,2.962,1.095,4.458,3.431,1.046,10.03
2026-10-06 07:00:00,R1,3.001,1.186,5.363,3.671,0.956,11.177
2026-10-06 07:00:00,R2,2.657,0.992,4.762,3.861,0.952,10.567
2026-10-06 07:15:00,R1,2.895,1.148,5.51,4.304,0.962,11.924
2026-10-06 07:15:00,R2,2.683,1.107,4.278,4.079,0.883,10.346
2026-10-06 07:30:00,R1,3.169,1.084,5.523,4.365,0.959,11.932
2026-10-06 07:30:00,R2,2.437,1.182,4.528,3.673,0.922,10.305
2026-10-06 07:45:00,R1,3.107,1.186,5.378,4.176,1.079,11.819
2026-10-06 07:45:00,R2,2.683,1.122,4.131,3.797,0.841,9.891
2026-10-06 08:00:00,R1,3.123,1.204,5.538,4.746,1.007,12.495
2026-10-06 08:00:00,R2,2.273,1.002,4.413,3.756,0.927,10.097
2026-10-06 08:15:00,R1,3.036,1.215,5.666,3.515,0.968,11.365
2026-10-06 08:15:00,R2,2.67,1.19,4.424,3.591,0.834,10.039
2026-10-06 08:30:00,R1,3.23,1.11,5.638,3.97,0.961,11.678
2026-10-06 08:30:00,R2,2.855,1.129,4.492,3.775,0.872,10.268
2026-10-06 08:45:00,R1,2.981,0.994,4.823,4.315,0.95,11.082
2026-10-06 08:45:00,R2,2.68,1.039,4.564,3.87,0.879,10.352
2026-10-06 09:00:00,R1,2.977,1.104,5.447,3.962,0.922,11.435
2026-10-06 09:00:00,R2,2.174,1.013,4.762,3.661,0.861,10.297
2026-10-06 09:15:00,R1,2.731,1.233,5.012,4.24,0.947,11.433
2026-10-06 09:15:00,R2,2.766,1.02,4.723,3.662,0.961,10.366
2026-10-06 09:30:00,R1,3.013,1.183,4.987,4.499,0.874,11.542
2026-10-06 09:30:00,R2,2.201,1.027,4.843,4.081,0.744,10.696
2026-10-06 09:45:00,R1,2.945,1.069,5.272,4.454,1.051,11.845
2026-10-06 09:45:00,R2,2.846,0.946,4.784,4.166,1.002,10.897
2026-10-06 10:00:00,R1,3.056,1.114,5.108,4.256,0.956,11.435
2026-10-06 10:00:00,R2,2.688,1.043,4.259,3.87,0.851,10.024
2026-10-06 10:15:00,R1,3.1,1.283,5.383,4.433,1.189,12.288
2026-10-06 10:15:00,R2,2.522,1.145,4.244,4.042,0.877,10.308
2026-10-06 10:30:00,R1,2.744,1.249,5.312,4.699,0.911,12.17
2026-10-06 10:30:00,R2,2.723,0.981,4.867,3.573,0.972,10.393
2026-10-06 10:45:00,R1,2.991,1.04,5.367,4.222,0.914,11.543
2026-10-06 10:45:00,R2,2.12,1.028,4.673,3.606,0.994,10.301
2026-10-06 11:00:00,R1,3.108,1.145,5.179,4.556,0.984,11.864
2026-10-06 11:00:00,R2,2.341,1.233,4.355,3.745,0.871,10.203
2026-10-06 11:15:00,R1,3.022,1.383,5.339,4.54,1.111,12.374
2026-10-06 11:15:00,R2,2.565,1.09,5.085,3.579,0.832,10.586
2026-10-06 11:30:00,R1,2.882,1.204,5.092,4.25,0.797,11.343
2026-10-06 11:30:00,R2,2.477,0.969,4.129,3.797,0.929,9.824
2026-10-06 11:45:00,R1,3.173,1.121,4.967,4.583,0.79,11.461
2026-10-06 11:45:00,R2,2.343,0.978,4.781,4.242,0.97,10.97
2026-10-06 12:00:00,R1,3.286,1.077,5.082,4.279,0.91,11.348
2026-10-06 12:00:00,R2,2.788,0.94,4.036,4.143,0.921,10.039
2026-10-06 12:15:00,R1,2.94,1.019,5.23,4.264,0.986,11.498
2026-10-06 12:15:00,R2,2.566,1.07,4.777,3.606,0.984,10.437
2026-10-06 12:30:00,R1,3.403,1.018,4.907,4.139,0.763,10.828
2026-10-06 12:30:00,R2,2.397,0.932,4.985,3.966,0.924,10.807
2026-10-06 12:45:00,R1,3.353,1.091,5.416,4.361,0.96,11.829
2026-10-06 12:45:00,R2,2.189,1.071,4.631,3.773,0.956,10.432
2026-10-06 13:00:00,R1,3.089,1.134,5.539,4.512,0.978,12.164
2026-10-06 13:00:00,R2,2.535,1.132,4.696,4.039,0.97,10.837
2026-10-06 13:15:00,R1,3.281,1.297,4.669,4.488,0.862,11.316
2026-10-06 13:15:00,R2,2.736,1.122,4.731,4.364,0.997,11.214
2026-10-06 13:30:00,R1,3.049,1.089,4.876,4.172,0.901,11.038
2026-10-06 13:30:00,R2,2.574,0.882,4.644,3.374,0.887,9.787
2026-10-06 13:45:00,R1,3.249,1.247,4.872,4.243,0.893,11.255
2026-10-06 13:45:00,R2,2.394,0.862,4.616,3.889,0.805,10.172
2026-10-06 14:00:00,R1,3.248,1.175,4.936,4.33,1.046,11.487
2026-10-06 14:00:00,R2,2.995,1.135,5.005,3.924,1.034,11.098
2026-10-06 14:15:00,R1,3.257,1.318,5.528,4.212,0.943,12.0
2026-10-06 14:15:00,R2,2.562,1.068,4.235,3.918,0.915,10.136
2026-10-06 14:30:00,R1,3.024,1.161,5.318,4.404,0.949,11.832
2026-10-06 14:30:00,R2,2.863,1.052,4.077,3.684,0.923,9.736
2026-10-06 14:45:00,R1,3.003,1.078,5.509,4.376,0.92,11.883
2026-10-06 14:45:00,R2,2.318,1.228,4.698,4.08,0.91,10.915
2026-10-06 15:00:00,R1,2.985,1.077,5.818,4.364,0.951,12.211
2026-10-06 15:00:00,R2,2.378,1.19,4.132,3.516,0.923,9.761
2026-10-06 15:15:00,R1,3.108,1.153,5.011,4.27,1.122,11.556
2026-10-06 15:15:00,R2,2.531,1.071,4.446,3.951,0.912,10.38
2026-10-06 15:30:00,R1,3.117,1.263,5.208,4.36,0.856,11.687
2026-10-06 15:30:00,R2,2.975,1.032,4.642,3.55,0.863,10.086
2026-10-06 15:45:00,R1,2.906,1.096,5.45,4.127,0.76,11.432
2026-10-06 15:45:00,R2,2.964,0.838,4.888,3.978,0.934,10.638
2026-10-06 16:00:00,R1,3.125,1.164,5.251,3.77,0.859,11.043
2026-10-06 16:00:00,R2,2.23,1.012,5.054,3.925,0.933,10.925
2026-10-06 16:15:00,R1,3.098,1.083,5.215,4.62,1.05,11.968
2026-10-06 16:15:00,R2,2.396,1.128,4.209,3.957,0.765,10.059
2026-10-06 16:30:00,R1,2.981,1.228,4.935,4.253,0.847,11.262
2026-10-06 16:30:00,R2,2.372,1.281,4.424,4.281,0.768,10.754
2026-10-06 16:45:00,R1,2.757,1.193,4.998,4.762,0.932,11.886
2026-10-06 16:45:00,R2,2.31,1.059,4.214,3.928,0.858,10.059
2026-10-06 17:00:00,R1,3.309,1.361,4.925,3.836,1.129,11.252
2026-10-06 17:00:00,R2,2.624,1.075,4.412,3.836,0.891,10.213
2026-10-06 17:15:00,R1,3.099,0.997,5.056,4.3,1.082,11.434
2026-10-06 17:15:00,R2,2.562,1.153,4.461,3.925,0.902,10.441
2026-10-06 17:30:00,R1,3.144,1.333,5.355,4.156,1.096,11.939
2026-10-06 17:30:00,R2,2.695,1.028,4.201,3.893,0.823,9.945
2026-10-06 17:45:00,R1,3.245,1.055,5.027,4.431,0.934,11.447
2026-10-06 17:45:00,R2,2.677,1.045,4.464,4.025,0.886,10.419
2026-10-06 18:00:00,R1,2.815,1.191,6.673,5.782,0.934,14.579
2026-10-06 18:00:00,R2,2.455,0.984,4.187,3.618,0.938,9.726
2026-10-06 18:15:00,R1,3.36,1.294,7.325,5.6,1.024,15.243
2026-10-06 18:15:00,R2,2.785,0.917,4.27,3.863,0.873,9.923
2026-10-06 18:30:00,R1,2.803,1.22,6.825,5.814,0.886,14.744
2026-10-06 18:30:00,R2,2.668,0.933,4.245,3.697,0.974,9.849
2026-10-06 18:45:00,R1,2.886,1.23,7.158,5.634,0.979,15.001
2026-10-06 18:45:00,R2,2.664,1.061,4.143,3.938,0.909,10.051
2026-10-06 19:00:00,R1,3.25,1.121,7.315,5.634,1.01,15.08
2026-10-06 19:00:00,R2,3.026,0.993,4.327,3.882,0.903,10.105
2026-10-06 19:15:00,R1,3.035,1.132,5.388,4.217,0.979,11.716
2026-10-06 19:15:00,R2,2.388,0.98,4.722,3.738,0.871,10.312
2026-10-06 19:30:00,R1,3.304,1.258,5.021,4.03,0.989,11.298
2026-10-06 19:30:00,R2,2.712,1.1,4.65,4.388,0.965,11.103
2026-10-06 19:45:00,R1,3.026,0.974,5.108,3.939,0.95,10.971
2026-10-06 19:45:00,R2,2.679,1.029,3.845,4.154,0.96,9.988
2026-10-06 20:00:00,R1,2.969,1.11,5.657,4.23,0.89,11.887
2026-10-06 20:00:00,R2,2.636,0.914,4.975,3.903,0.903,10.695
2026-10-06 20:15:00,R1,2.538,1.213,5.051,4.393,1.091,11.748
2026-10-06 20:15:00,R2,2.802,0.984,4.465,3.588,1.045,10.083
2026-10-06 20:30:00,R1,2.803,1.261,5.215,4.437,0.843,11.756
2026-10-06 20:30:00,R2,2.679,1.102,4.761,4.039,0.97,10.872
2026-10-06 20:45:00,R1,2.94,1.119,5.813,4.026,1.077,12.033
2026-10-06 20:45:00,R2,2.583,1.182,5.19,3.701,0.964,11.036
2026-10-06 21:00:00,R1,2.824,1.258,5.432,4.131,0.959,11.779
2026-10-06 21:00:00,R2,2.985,0.875,4.14,3.432,0.899,9.345
2026-10-06 21:15:00,R1,3.056,1.142,5.185,4.316,0.978,11.621
2026-10-06 21:15:00,R2,2.675,1.238,4.426,3.864,0.869,10.397
2026-10-06 21:30:00,R1,3.04,1.182,4.969,4.642,1.037,11.83
2026-10-06 21:30:00,R2,2.668,1.07,4.906,3.607,0.914,10.498
2026-10-06 21:45:00,R1,2.812,1.036,5.506,4.782,1.046,12.37
2026-10-06 21:45:00,R2,2.719,0.963,4.787,3.662,0.991,10.404
2026-10-06 22:00:00,R1,3.489,1.117,4.9,4.13,1.063,11.209
2026-10-06 22:00:00,R2,2.822,0.866,4.338,3.662,0.996,9.861
2026-10-06 22:15:00,R1,3.024,1.197,5.136,4.977,1.006,12.315
2026-10-06 22:15:00,R2,2.414,0.87,4.359,3.8,0.849,9.878
2026-10-06 22:30:00,R1,2.822,1.066,4.768,3.573,0.827,10.235
2026-10-06 22:30:00,R2,2.763,1.053,4.605,3.832,0.917,10.408
2026-10-06 22:45:00,R1,3.099,1.192,4.787,3.991,0.969,10.939
2026-10-06 22:45:00,R2,2.486,1.191,4.889,3.425,0.713,10.218
2026-10-06 23:00:00,R1,2.993,1.058,4.841,4.396,0.876,11.17
2026-10-06 23:00:00,R2,2.586,1.022,4.612,3.444,0.978,10.056
2026-10-06 23:15:00,R1,3.216,1.104,4.977,4.569,1.025,11.674
2026-10-06 23:15:00,R2,2.422,1.113,4.974,3.426,0.897,10.408
2026-10-06 23:30:00,R1,2.842,1.059,5.775,4.108,0.953,11.894
2026-10-06 23:30:00,R2,2.727,0.915,4.581,4.014,1.058,10.568
2026-10-06 23:45:00,R1,3.184,1.005,4.732,4.35,0.994,11.081
2026-10-06 23:45:00,R2,2.228,1.111,4.697,3.725,0.927,10.459
2026-10-07 00:00:00,R1,2.943,1.241,4.545,4.226,1.054,11.065
2026-10-07 00:00:00,R2,2.676,1.075,4.636,3.9,0.822,10.432
2026-10-07 00:15:00,R1,2.887,1.345,5.217,3.989,0.853,11.404
2026-10-07 00:15:00,R2,2.333,1.017,4.935,3.963,0.958,10.872
2026-10-07 00:30:00,R1,3.138,1.413,5.115,4.507,0.857,11.891
2026-10-07 00:30:00,R2,2.662,1.131,4.673,3.291,0.974,10.07
2026-10-07 00:45:00,R1,2.878,1.209,5.361,4.189,0.966,11.725
2026-10-07 00:45:00,R2,2.973,1.088,4.741,3.997,0.908,10.733
2026-10-07 01:00:00,R1,2.811,1.198,4.902,4.477,0.927,11.504
2026-10-07 01:00:00,R2,2.842,1.101,4.205,3.479,0.805,9.589
2026-10-07 01:15:00,R1,3.121,1.175,5.519,4.202,0.981,11.878
2026-10-07 01:15:00,R2,2.545,1.058,4.538,3.705,1.025,10.326
2026-10-07 01:30:00,R1,2.886,1.152,5.265,4.179,1.147,11.743
2026-10-07 01:30:00,R2,2.398,1.063,4.753,4.111,0.732,10.66
2026-10-07 01:45:00,R1,2.544,1.159,4.919,4.549,0.94,11.568
2026-10-07 01:45:00,R2,2.821,1.076,4.162,3.954,0.843,10.036
2026-10-07 02:00:00,R1,3.14,1.305,5.157,4.333,0.979,11.773
2026-10-07 02:00:00,R2,2.78,1.105,4.465,4.13,0.886,10.586
2026-10-07 02:15:00,R1,3.11,1.215,5.331,4.526,0.971,12.044
2026-10-07 02:15:00,R2,2.49,1.167,4.349,3.954,1.017,10.487
2026-10-07 02:30:00,R1,2.897,1.068,5.08,4.217,0.973,11.338
2026-10-07 02:30:00,R2,2.627,1.058,4.482,3.678,0.867,10.085
2026-10-07 02:45:00,R1,2.944,1.113,5.209,4.635,0.991,11.948
2026-10-07 02:45:00,R2,2.48,1.046,4.581,3.734,0.863,10.225
2026-10-07 03:00:00,R1,3.15,1.162,5.427,4.205,0.996,11.79
2026-10-07 03:00:00,R2,2.827,1.068,4.653,3.968,0.98,10.67
2026-10-07 03:15:00,R1,3.055,0.948,5.519,4.881,0.842,12.19
2026-10-07 03:15:00,R2,2.694,0.967,4.436,4.077,0.843,10.324
2026-10-07 03:30:00,R1,2.654,1.134,4.671,4.547,0.948,11.3
2026-10-07 03:30:00,R2,2.684,1.047,4.662,3.695,0.89,10.294
2026-10-07 03:45:00,R1,2.753,1.013,5.11,4.274,0.852,11.249
2026-10-07 03:45:00,R2,2.554,0.834,4.766,3.739,0.715,10.053
2026-10-07 04:00:00,R1,2.812,1.16,4.927,4.543,0.882,11.512
2026-10-07 04:00:00,R2,2.651,1.173,4.479,3.713,0.768,10.134
2026-10-07 04:15:00,R1,3.171,1.117,5.471,4.123,0.917,11.628
2026-10-07 04:15:00,R2,2.758,1.143,4.39,4.063,0.91,10.506
2026-10-07 04:30:00,R1,2.898,1.283,4.964,4.503,0.77,11.52
2026-10-07 04:30:00,R2,2.892,1.053,4.226,3.992,0.833,10.105
2026-10-07 04:45:00,R1,3.195,1.178,5.256,4.042,0.869,11.345
2026-10-07 04:45:00,R2,2.76,0.948,4.825,3.681,1.014,10.467
2026-10-07 05:00:00,R1,2.628,1.132,4.859,4.08,1.073,11.144
2026-10-07 05:00:00,R2,2.665,1.063,4.477,3.892,0.897,10.329
2026-10-07 05:15:00,R1,2.425,1.032,5.441,4.594,0.935,12.002
2026-10-07 05:15:00,R2,2.533,1.139,4.303,4.229,0.801,10.472
2026-10-07 05:30:00,R1,2.778,1.088,5.274,4.42,0.957,11.739
2026-10-07 05:30:00,R2,2.414,1.194,4.801,3.554,0.817,10.367
2026-10-07 05:45:00,R1,3.046,1.327,4.822,4.232,0.969,11.35
2026-10-07 05:45:00,R2,2.572,1.126,4.742,3.651,0.935,10.454
2026-10-07 06:00:00,R1,3.606,1.155,5.326,4.271,0.948,11.7
2026-10-07 06:00:00,R2,2.727,1.053,4.135,3.787,0.965,9.94
2026-10-07 06:15:00,R1,2.998,1.04,5.613,4.409,1.153,12.216
2026-10-07 06:15:00,R2,3.116,0.954,4.471,3.678,0.841,9.944
2026-10-07 06:30:00,R1,2.798,1.268,5.23,4.651,0.961,12.11
2026-10-07 06:30:00,R2,2.572,1.173,4.753,3.518,0.938,10.383
2026-10-07 06:45:00,R1,2.932,1.229,5.244,3.936,0.939,11.348
2026-10-07 06:45:00,R2,2.742,0.851,4.652,3.895,0.857,10.255
2026-10-07 07:00:00,R1,2.924,1.019,4.561,4.289,1.013,10.882
2026-10-07 07:00:00,R2,3.022,1.157,4.398,3.99,0.98,10.525
2026-10-07 07:15:00,R1,3.126,1.178,5.257,4.78,0.971,12.186
2026-10-07 07:15:00,R2,2.634,1.093,4.655,3.783,0.968,10.5
2026-10-07 07:30:00,R1,3.301,1.169,5.422,4.564,0.924,12.079
2026-10-07 07:30:00,R2,2.62,1.178,4.534,3.926,0.89,10.529
2026-10-07 07:45:00,R1,2.685,1.095,5.275,4.257,0.926,11.553
2026-10-07 07:45:00,R2,2.493,1.168,4.779,3.808,0.872,10.626
2026-10-07 08:00:00,R1,3.075,1.243,5.554,4.361,0.862,12.019
2026-10-07 08:00:00,R2,2.489,1.014,4.636,3.935,0.909,10.494
2026-10-07 08:15:00,R1,3.158,1.052,5.144,3.762,0.95,10.907
2026-10-07 08:15:00,R2,2.426,1.132,4.603,3.814,1.01,10.559
2026-10-07 08:30:00,R1,3.043,1.185,4.579,4.52,0.832,11.116
2026-10-07 08:30:00,R2,2.63,0.881,4.015,3.654,1.12,9.67
2026-10-07 08:45:00,R1,3.348,1.331,5.347,4.664,0.864,12.206
2026-10-07 08:45:00,R2,2.876,1.051,4.575,3.911,0.864,10.401
2026-10-07 09:00:00,R1,2.85,1.362,5.394,4.13,0.958,11.844
2026-10-07 09:00:00,R2,2.195,0.976,4.323,3.792,0.808,9.899
2026-10-07 09:15:00,R1,2.85,1.264,5.073,4.237,1.042,11.615
2026-10-07 09:15:00,R2,2.408,0.948,4.451,4.1,0.972,10.471
2026-10-07 09:30:00,R1,3.007,1.156,5.294,4.516,0.998,11.964
2026-10-07 09:30:00,R2,2.633,1.02,4.694,3.865,0.938,10.517
2026-10-07 09:45:00,R1,2.943,1.278,5.169,4.453,0.995,11.895
2026-10-07 09:45:00,R2,2.733,0.991,4.425,3.559,1.08,10.055
2026-10-07 10:00:00,R1,2.859,1.098,5.125,4.97,1.085,12.278
2026-10-07 10:00:00,R2,2.726,0.989,4.595,3.618,0.778,9.979
2026-10-07 10:15:00,R1,2.975,0.952,5.327,4.279,0.79,11.348
2026-10-07 10:15:00,R2,2.641,1.166,4.232,3.974,0.957,10.33
2026-10-07 10:30:00,R1,2.649,1.085,5.542,4.672,0.948,12.248
2026-10-07 10:30:00,R2,2.571,1.154,4.444,3.575,0.905,10.078
2026-10-07 10:45:00,R1,2.983,1.271,5.584,4.276,0.95,12.082
2026-10-07 10:45:00,R2,2.409,1.169,4.386,3.656,0.904,10.116
2026-10-07 11:00:00,R1,3.096,1.129,5.104,4.247,1.063,11.544
2026-10-07 11:00:00,R2,2.217,1.119,5.164,3.895,1.012,11.19
2026-10-07 11:15:00,R1,2.858,1.198,5.282,4.358,1.021,11.858
2026-10-07 11:15:00,R2,2.688,1.007,4.396,3.716,1.023,10.142
2026-10-07 11:30:00,R1,3.176,1.158,5.024,4.296,0.901,11.38
2026-10-07 11:30:00,R2,2.471,1.068,4.216,3.982,0.909,10.176
2026-10-07 11:45:00,R1,3.007,1.109,5.394,4.31,0.901,11.714
2026-10-07 11:45:00,R2,2.688,1.04,4.277,3.81,0.857,9.984
2026-10-07 12:00:00,R1,2.854,1.236,5.223,4.516,0.862,11.837
2026-10-07 12:00:00,R2,2.911,1.284,4.462,3.71,1.023,10.478
2026-10-07 12:15:00,R1,3.048,1.173,4.666,4.771,0.926,11.535
2026-10-07 12:15:00,R2,2.785,1.188,4.545,4.114,0.904,10.75
2026-10-07 12:30:00,R1,2.788,1.167,5.223,4.216,0.93,11.536
2026-10-07 12:30:00,R2,2.612,1.069,4.57,3.88,0.887,10.406
2026-10-07 12:45:00,R1,3.017,1.205,5.376,4.289,0.916,11.787
2026-10-07 12:45:00,R2,2.422,1.193,4.245,4.06,0.828,10.327
2026-10-07 13:00:00,R1,3.031,0.965,5.0,4.607,0.924,11.496
2026-10-07 13:00:00,R2,2.283,0.694,4.77,3.943,0.884,10.29
2026-10-07 13:15:00,R1,2.953,1.32,4.835,4.511,0.98,11.645
2026-10-07 13:15:00,R2,2.467,1.053,4.585,3.116,0.806,9.559
2026-10-07 13:30:00,R1,3.01,1.064,5.263,4.26,1.011,11.598
2026-10-07 13:30:00,R2,2.478,0.964,4.328,3.77,0.89,9.951
2026-10-07 13:45:00,R1,2.983,0.942,5.202,4.416,0.91,11.471
2026-10-07 13:45:00,R2,2.517,1.292,4.59,4.065,0.988,10.935
2026-10-07 14:00:00,R1,3.669,1.087,5.013,4.19,0.969,11.258
2026-10-07 14:00:00,R2,2.797,1.089,4.416,3.862,0.895,10.263
2026-10-07 14:15:00,R1,2.827,1.133,5.251,4.462,1.021,11.868
2026-10-07 14:15:00,R2,2.463,1.084,4.131,3.594,0.954,9.762
2026-10-07 14:30:00,R1,3.297,1.124,5.014,4.314,1.037,11.489
2026-10-07 14:30:00,R2,2.929,1.069,4.569,3.585,0.78,10.003
2026-10-07 14:45:00,R1,2.723,1.339,5.534,4.518,1.048,12.439
2026-10-07 14:45:00,R2,3.153,1.154,4.098,3.742,1.094,10.089
2026-10-07 15:00:00,R1,2.9,1.175,4.828,4.411,0.903,11.316
2026-10-07 15:00:00,R2,2.606,1.027,4.63,3.496,0.89,10.043
2026-10-07 15:15:00,R1,3.057,1.17,4.731,4.259,0.913,11.073
2026-10-07 15:15:00,R2,2.313,0.987,4.678,3.611,0.945,10.22
2026-10-07 15:30:00,R1,3.135,0.968,5.329,4.022,0.907,11.226
2026-10-07 15:30:00,R2,1.924,1.059,4.303,3.123,0.727,9.212
2026-10-07 15:45:00,R1,2.993,1.266,4.919,4.416,0.839,11.441
2026-10-07 15:45:00,R2,2.826,0.773,4.067,3.624,0.946,9.41
2026-10-07 16:00:00,R1,3.039,1.083,5.357,4.188,1.001,11.629
2026-10-07 16:00:00,R2,2.17,1.002,4.786,3.702,0.937,10.426
2026-10-07 16:15:00,R1,3.274,1.201,4.889,4.354,0.861,11.305
2026-10-07 16:15:00,R2,2.213,1.133,4.274,3.734,0.938,10.079
2026-10-07 16:30:00,R1,2.85,1.209,4.703,4.097,0.987,10.997
2026-10-07 16:30:00,R2,2.673,1.071,4.681,3.366,0.837,9.955
2026-10-07 16:45:00,R1,3.027,1.229,5.06,4.143,0.957,11.389
2026-10-07 16:45:00,R2,2.746,1.058,4.61,3.405,0.984,10.057
2026-10-07 17:00:00,R1,2.883,1.243,5.297,4.052,0.792,11.384
2026-10-07 17:00:00,R2,2.757,0.872,4.398,4.035,0.831,10.136
2026-10-07 17:15:00,R1,3.241,1.146,4.969,3.765,0.969,10.849
2026-10-07 17:15:00,R2,2.791,0.924,4.466,4.181,0.795,10.366
2026-10-07 17:30:00,R1,2.791,1.159,5.297,4.038,0.935,11.429
2026-10-07 17:30:00,R2,2.687,0.947,4.68,3.599,0.936,10.162
2026-10-07 17:45:00,R1,2.588,1.127,5.148,4.288,1.052,11.613
2026-10-07 17:45:00,R2,2.266,1.165,4.337,3.839,0.891,10.232
2026-10-07 18:00:00,R1,3.036,1.16,5.49,4.288,0.915,11.853
2026-10-07 18:00:00,R2,2.716,0.966,4.47,3.45,0.942,9.828
2026-10-07 18:15:00,R1,3.094,1.011,5.266,4.215,0.949,11.44
2026-10-07 18:15:00,R2,2.234,1.168,4.132,3.748,0.997,10.045
2026-10-07 18:30:00,R1,2.92,1.106,4.964,4.527,0.993,11.59
2026-10-07 18:30:00,R2,2.538,1.124,4.688,3.641,1.002,10.455
2026-10-07 18:45:00,R1,3.494,1.185,5.01,4.487,0.944,11.626
2026-10-07 18:45:00,R2,3.01,1.112,3.898,3.447,0.885,9.343
2026-10-07 19:00:00,R1,3.396,1.128,5.339,4.155,0.986,11.607
2026-10-07 19:00:00,R2,2.523,0.833,4.59,3.807,0.857,10.087
2026-10-07 19:15:00,R1,3.278,1.058,5.609,4.299,1.047,12.013
2026-10-07 19:15:00,R2,2.797,0.926,4.605,3.948,1.068,10.547
2026-10-07 19:30:00,R1,3.013,1.225,4.976,4.186,0.914,11.302
2026-10-07 19:30:00,R2,2.588,1.164,4.722,3.626,0.91,10.421
2026-10-07 19:45:00,R1,3.183,1.142,5.505,4.47,0.899,12.016
2026-10-07 19:45:00,R2,2.664,0.898,4.473,3.559,0.919,9.849
2026-10-07 20:00:00,R1,2.968,1.058,5.373,4.327,0.862,11.621
2026-10-07 20:00:00,R2,2.761,0.925,4.462,3.803,1.058,10.249
2026-10-07 20:15:00,R1,3.19,1.228,5.36,4.268,0.956,11.812
2026-10-07 20:15:00,R2,2.225,1.069,4.936,3.885,0.959,10.849
2026-10-07 20:30:00,R1,3.3,1.091,5.317,4.463,0.86,11.732
2026-10-07 20:30:00,R2,2.334,1.193,4.788,3.655,0.936,10.573
2026-10-07 20:45:00,R1,3.369,0.816,4.787,4.105,0.886,10.594
2026-10-07 20:45:00,R2,2.804,1.008,4.629,3.845,0.775,10.257
2026-10-07 21:00:00,R1,2.719,1.095,5.374,4.124,0.858,11.45
2026-10-07 21:00:00,R2,2.646,1.087,4.596,4.045,0.922,10.65
2026-10-07 21:15:00,R1,3.063,1.266,5.369,4.444,1.005,12.084
2026-10-07 21:15:00,R2,2.625,1.102,4.174,3.976,0.847,10.099
2026-10-07 21:30:00,R1,3.098,1.096,5.401,4.475,1.039,12.011
2026-10-07 21:30:00,R2,2.578,0.956,4.531,3.643,0.991,10.12
2026-10-07 21:45:00,R1,2.834,1.198,4.928,4.789,0.993,11.908
2026-10-07 21:45:00,R2,2.777,0.961,4.311,3.453,0.84,9.565
2026-10-07 22:00:00,R1,3.26,1.017,4.663,4.265,1.11,11.056
2026-10-07 22:00:00,R2,2.771,0.894,4.916,3.685,0.95,10.445
2026-10-07 22:15:00,R1,2.803,1.125,4.804,4.304,0.969,11.202
2026-10-07 22:15:00,R2,2.62,1.213,4.114,3.759,0.791,9.877
2026-10-07 22:30:00,R1,3.024,1.176,5.335,4.436,0.893,11.84
2026-10-07 22:30:00,R2,2.504,1.244,4.593,3.734,1.052,10.624
2026-10-07 22:45:00,R1,3.044,1.239,5.299,4.046,0.973,11.557
2026-10-07 22:45:00,R2,2.503,0.996,4.529,3.646,0.954,10.125
2026-10-07 23:00:00,R1,3.207,1.147,5.098,4.369,0.888,11.503
2026-10-07 23:00:00,R2,2.419,1.102,4.363,3.71,0.909,10.084
2026-10-07 23:15:00,R1,3.089,1.223,4.823,4.364,0.917,11.327
2026-10-07 23:15:00,R2,2.407,0.908,4.028,3.468,0.96,9.364
2026-10-07 23:30:00,R1,2.92,1.118,4.971,4.331,0.985,11.405
2026-10-07 23:30:00,R2,2.374,1.165,4.435,3.838,0.85,10.287
2026-10-07 23:45:00,R1,3.079,1.205,5.357,4.476,0.892,11.93
2026-10-07 23:45:00,R2,2.812,0.849,4.387,3.635,1.003,9.873
2026-10-08 00:00:00,R1,2.988,1.18,5.394,3.993,0.916,11.483
2026-10-08 00:00:00,R2,2.697,1.137,3.847,4.006,0.806,9.795
2026-10-08 00:15:00,R1,2.933,1.191,4.965,4.013,1.013,11.182
2026-10-08 00:15:00,R2,2.842,0.878,4.948,3.868,0.996,10.691
2026-10-08 00:30:00,R1,3.217,1.036,5.192,4.429,0.928,11.585
2026-10-08 00:30:00,R2,2.789,1.155,3.989,3.658,0.802,9.604
2026-10-08 00:45:00,R1,2.868,1.082,5.216,4.496,0.818,11.612
2026-10-08 00:45:00,R2,2.635,1.045,4.146,4.052,0.84,10.083
2026-10-08 01:00:00,R1,2.889,1.142,5.311,4.061,0.892,11.405
2026-10-08 01:00:00,R2,2.676,0.914,4.414,3.856,0.767,9.952
2026-10-08 01:15:00,R1,2.915,1.191,5.569,3.716,1.02,11.496
2026-10-08 01:15:00,R2,2.405,1.165,3.97,3.9,0.843,9.878
2026-10-08 01:30:00,R1,3.024,1.075,5.079,4.253,0.982,11.388
2026-10-08 01:30:00,R2,2.856,1.073,4.503,3.744,0.883,10.203
2026-10-08 01:45:00,R1,2.872,1.161,4.906,4.545,0.912,11.523
2026-10-08 01:45:00,R2,2.351,1.109,4.351,3.877,0.771,10.107
2026-10-08 02:00:00,R1,2.944,1.188,5.312,3.981,1.13,11.611
2026-10-08 02:00:00,R2,2.359,0.976,5.08,4.335,0.834,11.225
2026-10-08 02:15:00,R1,3.366,1.023,4.86,4.187,1.024,11.093
2026-10-08 02:15:00,R2,2.303,1.056,4.384,3.616,0.874,9.931
2026-10-08 02:30:00,R1,2.819,1.01,5.431,3.944,0.962,11.347
2026-10-08 02:30:00,R2,2.47,1.035,4.787,3.748,0.866,10.435
2026-10-08 02:45:00,R1,3.143,1.222,5.123,4.505,0.886,11.736
2026-10-08 02:45:00,R2,2.153,0.962,5.093,3.678,0.908,10.64
2026-10-08 03:00:00,R1,2.563,1.16,5.197,4.607,0.79,11.754
2026-10-08 03:00:00,R2,2.733,0.981,4.869,3.571,0.863,10.284
2026-10-08 03:15:00,R1,2.951,1.263,4.843,4.434,0.787,11.326
2026-10-08 03:15:00,R2,2.536,1.12,4.554,3.979,0.935,10.588
2026-10-08 03:30:00,R1,3.318,1.222,5.326,4.308,0.802,11.658
2026-10-08 03:30:00,R2,2.663,0.962,4.448,4.16,0.985,10.555
2026-10-08 03:45:00,R1,2.566,1.192,5.422,4.505,0.971,12.09
2026-10-08 03:45:00,R2,2.381,1.127,4.079,3.682,0.95,9.838
2026-10-08 04:00:00,R1,2.787,1.094,5.183,4.262,0.898,11.438
2026-10-08 04:00:00,R2,2.42,1.1,4.528,3.699,0.925,10.252
2026-10-08 04:15:00,R1,3.09,1.151,4.964,4.225,1.015,11.355
2026-10-08 04:15:00,R2,2.224,1.107,4.419,3.452,0.874,9.852
2026-10-08 04:30:00,R1,2.841,1.077,5.527,4.333,0.824,11.761
2026-10-08 04:30:00,R2,2.591,0.996,4.357,3.526,0.867,9.746
2026-10-08 04:45:00,R1,2.585,1.125,5.07,4.211,1.079,11.485
2026-10-08 04:45:00,R2,2.75,1.136,4.382,3.676,0.919,10.113
2026-10-08 05:00:00,R1,3.048,1.307,5.219,3.845,0.79,11.16
2026-10-08 05:00:00,R2,2.457,1.13,4.099,3.74,0.851,9.82
2026-10-08 05:15:00,R1,2.917,1.221,4.861,4.23,0.989,11.301
2026-10-08 05:15:00,R2,2.617,1.067,4.525,3.765,0.983,10.341
2026-10-08 05:30:00,R1,2.806,1.13,5.591,4.362,0.912,11.995
2026-10-08 05:30:00,R2,2.441,1.121,4.045,3.83,0.968,9.964
2026-10-08 05:45:00,R1,3.092,1.11,5.167,4.685,1.016,11.978
2026-10-08 05:45:00,R2,2.318,0.944,4.599,3.489,0.899,9.931
2026-10-08 06:00:00,R1,3.277,1.065,4.945,4.31,0.881,11.201
2026-10-08 06:00:00,R2,2.622,1.142,4.229,3.664,0.848,9.883
2026-10-08 06:15:00,R1,2.801,1.411,4.817,4.039,0.923,11.19
2026-10-08 06:15:00,R2,2.409,0.891,5.2,3.759,0.872,10.723
2026-10-08 06:30:00,R1,3.075,1.205,4.692,4.371,0.867,11.135
2026-10-08 06:30:00,R2,2.869,1.1,4.905,3.419,0.882,10.307
2026-10-08 06:45:00,R1,3.095,1.281,5.064,4.397,0.954,11.695
2026-10-08 06:45:00,R2,2.646,1.241,4.244,3.827,0.789,10.101
2026-10-08 07:00:00,R1,2.806,1.056,5.34,4.257,0.967,11.621
2026-10-08 07:00:00,R2,2.582,0.908,4.99,3.87,0.968,10.736
2026-10-08 07:15:00,R1,3.08,1.199,5.942,4.628,0.989,12.758
2026-10-08 07:15:00,R2,2.338,0.972,4.144,3.692,0.838,9.646
2026-10-08 07:30:00,R1,3.001,1.023,5.114,4.339,0.927,11.403
2026-10-08 07:30:00,R2,2.756,1.063,4.745,4.319,0.94,11.067
2026-10-08 07:45:00,R1,2.99,1.164,5.308,4.372,0.883,11.728
2026-10-08 07:45:00,R2,2.449,1.095,4.688,4.349,0.875,11.006
2026-10-08 08:00:00,R1,3.081,1.177,5.791,3.886,0.844,11.698
2026-10-08 08:00:00,R2,2.338,1.032,4.49,3.776,0.901,10.2
2026-10-08 08:15:00,R1,3.091,0.95,5.578,4.276,0.987,11.79
2026-10-08 08:15:00,R2,2.716,1.102,4.651,3.683,0.918,10.354
2026-10-08 08:30:00,R1,2.872,1.286,4.988,3.718,0.912,10.903
2026-10-08 08:30:00,R2,2.658,1.026,4.672,3.376,0.852,9.925
2026-10-08 08:45:00,R1,3.137,1.408,4.899,4.33,0.94,11.577
2026-10-08 08:45:00,R2,2.895,1.07,3.997,3.58,0.791,9.439
2026-10-08 09:00:00,R1,3.271,1.336,5.034,4.52,0.959,11.848
2026-10-08 09:00:00,R2,2.43,0.982,4.575,3.824,0.964,10.345
2026-10-08 09:15:00,R1,3.194,1.223,5.537,4.175,1.1,12.036
2026-10-08 09:15:00,R2,2.401,1.008,4.968,3.634,0.932,10.542
2026-10-08 09:30:00,R1,2.963,1.197,5.367,4.465,1.016,12.045
2026-10-08 09:30:00,R2,2.639,1.047,5.054,3.787,0.912,10.8
2026-10-08 09:45:00,R1,2.827,1.141,5.569,4.203,0.996,11.908
2026-10-08 09:45:00,R2,2.901,1.11,4.17,3.728,0.807,9.816
2026-10-08 10:00:00,R1,3.018,1.308,5.24,4.402,0.948,11.897
2026-10-08 10:00:00,R2,3.015,1.13,4.063,3.713,0.932,9.838
2026-10-08 10:15:00,R1,3.027,1.131,6.084,4.178,0.935,12.328
2026-10-08 10:15:00,R2,2.461,1.063,4.481,3.701,0.929,10.174
2026-10-08 10:30:00,R1,3.078,1.276,4.823,4.258,1.004,11.361
2026-10-08 10:30:00,R2,2.385,0.936,4.254,3.636,0.647,9.473
2026-10-08 10:45:00,R1,2.62,0.919,5.127,4.561,1.079,11.685
2026-10-08 10:45:00,R2,2.358,0.997,4.449,3.831,0.814,10.091
2026-10-08 11:00:00,R1,3.001,1.267,5.227,4.023,0.938,11.456
2026-10-08 11:00:00,R2,2.584,1.12,4.314,4.051,0.771,10.256
2026-10-08 11:15:00,R1,2.828,1.246,5.073,4.377,1.096,11.793
2026-10-08 11:15:00,R2,2.747,1.003,4.667,3.641,1.001,10.311
2026-10-08 11:30:00,R1,3.347,1.045,5.222,3.851,1.019,11.138
2026-10-08 11:30:00,R2,2.729,1.021,4.826,3.41,0.813,10.069
2026-10-08 11:45:00,R1,2.629,1.432,5.638,4.579,1.034,12.683
2026-10-08 11:45:00,R2,2.56,1.11,4.178,3.835,0.927,10.05
2026-10-08 12:00:00,R1,2.822,1.212,5.575,4.134,0.957,11.878
2026-10-08 12:00:00,R2,2.763,0.915,4.682,3.796,0.824,10.217
2026-10-08 12:15:00,R1,2.963,1.257,5.224,4.6,0.966,12.047
2026-10-08 12:15:00,R2,2.685,1.117,4.439,3.405,0.943,9.904
2026-10-08 12:30:00,R1,3.009,1.182,5.249,4.766,0.916,12.113
2026-10-08 12:30:00,R2,2.816,1.015,4.916,3.687,1.023,10.642
2026-10-08 12:45:00,R1,3.224,1.099,5.572,4.597,1.029,12.296
2026-10-08 12:45:00,R2,2.93,1.065,4.312,4.011,0.881,10.267
2026-10-08 13:00:00,R1,3.603,1.035,7.193,5.904,0.942,15.074
2026-10-08 13:00:00,R2,2.252,0.9,4.332,3.582,0.887,9.7
2026-10-08 13:15:00,R1,3.11,1.212,7.156,5.94,1.11,15.418
2026-10-08 13:15:00,R2,2.565,1.055,4.492,3.597,1.005,10.148
2026-10-08 13:30:00,R1,3.245,1.236,6.908,6.013,0.876,15.034
2026-10-08 13:30:00,R2,2.417,0.826,4.657,3.609,0.988,10.079
2026-10-08 13:45:00,R1,2.915,1.143,6.944,5.616,1.048,14.75
2026-10-08 13:45:00,R2,2.814,1.075,4.495,3.086,0.965,9.621
2026-10-08 14:00:00,R1,3.289,1.126,7.116,5.837,0.939,15.018
2026-10-08 14:00:00,R2,2.913,1.059,4.804,3.723,0.919,10.506
