timestamp,line_id,shift,actual_output_units,consumption_mat_a_totes,consumption_mat_b_totes,r1_request_totes,r2_request_totes
2026-08-13 14:00:00,LINE_A,SHIFT_B,37.37,3.737,3.737,7.911,2.943
2026-08-13 14:15:00,LINE_A,SHIFT_B,34.72,3.472,3.472,7.554,3.045
2026-08-13 14:30:00,LINE_A,SHIFT_B,36.19,3.619,3.619,7.213,2.63
2026-08-13 14:45:00,LINE_A,SHIFT_B,36.27,3.627,3.627,7.766,2.839
2026-08-13 15:00:00,LINE_A,SHIFT_B,38.65,3.865,3.865,7.757,3.114
2026-08-13 15:15:00,LINE_A,SHIFT_B,39.23,3.923,3.923,6.945,2.862
2026-08-13 15:30:00,LINE_A,SHIFT_B,37.39,3.739,3.739,7.621,3.108
2026-08-13 15:45:00,LINE_A,SHIFT_B,39.34,3.934,3.934,7.724,3.402
2026-08-13 16:00:00,LINE_A,SHIFT_B,37.38,3.738,3.738,7.924,2.973
2026-08-13 16:15:00,LINE_A,SHIFT_B,39.59,3.959,3.959,8.061,2.512
2026-08-13 16:30:00,LINE_A,SHIFT_B,37.62,3.762,3.762,7.238,2.755
2026-08-13 16:45:00,LINE_A,SHIFT_B,36.16,3.616,3.616,7.165,2.88
2026-08-13 17:00:00,LINE_A,SHIFT_B,38.23,3.823,3.823,7.341,2.935
2026-08-13 17:15:00,LINE_A,SHIFT_B,36.7,3.67,3.67,7.6,2.658
2026-08-13 17:30:00,LINE_A,SHIFT_B,35.98,3.598,3.598,7.676,2.893
2026-08-13 17:45:00,LINE_A,SHIFT_B,35.66,3.566,3.566,6.85,2.984
2026-08-13 18:00:00,LINE_A,SHIFT_B,37.79,3.779,3.779,8.067,2.939
2026-08-13 18:15:00,LINE_A,SHIFT_B,36.48,3.648,3.648,7.955,2.617
2026-08-13 18:30:00,LINE_A,SHIFT_B,35.16,3.516,3.516,7.589,2.766
2026-08-13 18:45:00,LINE_A,SHIFT_B,37.74,3.774,3.774,7.501,2.423
2026-08-13 19:00:00,LINE_A,SHIFT_B,31.05,3.105,3.105,6.386,2.654
2026-08-13 19:15:00,LINE_A,SHIFT_B,29.98,2.998,2.998,6.259,3.024
2026-08-13 19:30:00,LINE_A,SHIFT_B,34.56,3.456,3.456,7.767,2.663
2026-08-13 19:45:00,LINE_A,SHIFT_B,35.95,3.595,3.595,7.685,2.97
2026-08-13 20:00:00,LINE_A,SHIFT_B,35.53,3.553,3.553,7.012,3.267
2026-08-13 20:15:00,LINE_A,SHIFT_B,35.57,3.557,3.557,6.927,2.82
2026-08-13 20:30:00,LINE_A,SHIFT_B,34.81,3.481,3.481,7.505,3.481
2026-08-13 20:45:00,LINE_A,SHIFT_B,37.25,3.725,3.725,6.365,2.55
2026-08-13 21:00:00,LINE_A,SHIFT_B,34.06,3.406,3.406,7.234,3.193
2026-08-13 21:15:00,LINE_A,SHIFT_B,35.96,3.596,3.596,7.151,2.969
2026-08-13 21:30:00,LINE_A,SHIFT_B,35.75,3.575,3.575,6.907,2.986
2026-08-13 21:45:00,LINE_A,SHIFT_B,33.75,3.375,3.375,6.886,3.136
2026-08-13 22:00:00,LINE_A,SHIFT_C,26.92,2.692,2.692,5.418,2.076
2026-08-13 22:15:00,LINE_A,SHIFT_C,25.63,2.563,2.563,5.115,2.112
2026-08-13 22:30:00,LINE_A,SHIFT_C,28.24,2.824,2.824,5.856,2.406
2026-08-13 22:45:00,LINE_A,SHIFT_C,26.4,2.64,2.64,5.454,2.065
2026-08-13 23:00:00,LINE_A,SHIFT_C,26.76,2.676,2.676,5.598,2.611
2026-08-13 23:15:00,LINE_A,SHIFT_C,27.1,2.71,2.71,5.348,2.603
2026-08-13 23:30:00,LINE_A,SHIFT_C,24.6,2.46,2.46,5.516,2.597
2026-08-13 23:45:00,LINE_A,SHIFT_C,25.65,2.565,2.565,5.676,2.371
2026-08-14 00:00:00,LINE_A,SHIFT_C,26.55,2.655,2.655,5.311,2.82
2026-08-14 00:15:00,LINE_A,SHIFT_C,27.07,2.707,2.707,6.197,2.691
2026-08-14 00:30:00,LINE_A,SHIFT_C,24.35,2.435,2.435,5.145,2.649
2026-08-14 00:45:00,LINE_A,SHIFT_C,25.68,2.568,2.568,4.997,2.301
2026-08-14 01:00:00,LINE_A,SHIFT_C,24.88,2.488,2.488,5.15,2.484
2026-08-14 01:15:00,LINE_A,SHIFT_C,25.83,2.583,2.583,5.322,2.366
2026-08-14 01:30:00,LINE_A,SHIFT_C,24.71,2.471,2.471,6.018,2.781
2026-08-14 01:45:00,LINE_A,SHIFT_C,25.91,2.591,2.591,5.73,2.756
2026-08-14 02:00:00,LINE_A,SHIFT_C,29.47,2.947,2.947,5.956,2.335
2026-08-14 02:15:00,LINE_A,SHIFT_C,25.23,2.523,2.523,5.121,2.177
2026-08-14 02:30:00,LINE_A,SHIFT_C,28.7,2.87,2.87,5.094,2.32
2026-08-14 02:45:00,LINE_A,SHIFT_C,23.57,2.357,2.357,5.357,2.884
2026-08-14 03:00:00,LINE_A,SHIFT_C,26.74,2.674,2.674,4.785,2.553
2026-08-14 03:15:00,LINE_A,SHIFT_C,28.86,2.886,2.886,5.014,2.397
2026-08-14 03:30:00,LINE_A,SHIFT_C,25.16,2.516,2.516,5.486,2.35
2026-08-14 03:45:00,LINE_A,SHIFT_C,27.98,2.798,2.798,5.103,2.795
2026-08-14 04:00:00,LINE_A,SHIFT_C,28.67,2.867,2.867,5.289,2.686
2026-08-14 04:15:00,LINE_A,SHIFT_C,25.47,2.547,2.547,5.408,2.315
2026-08-14 04:30:00,LINE_A,SHIFT_C,26.88,2.688,2.688,5.36,2.568
2026-08-14 04:45:00,LINE_A,SHIFT_C,27.49,2.749,2.749,5.04,2.386
2026-08-14 05:00:00,LINE_A,SHIFT_C,26.92,2.692,2.692,5.951,2.49
2026-08-14 05:15:00,LINE_A,SHIFT_C,27.33,2.733,2.733,5.856,2.333
2026-08-14 05:30:00,LINE_A,SHIFT_C,26.64,2.664,2.664,4.971,2.512
2026-08-14 05:45:00,LINE_A,SHIFT_C,29.23,2.923,2.923,5.837,2.612
2026-08-14 06:00:00,LINE_A,SHIFT_A,30.98,3.098,3.098,6.328,3.424
2026-08-14 06:15:00,LINE_A,SHIFT_A,34.44,3.444,3.444,6.664,3.001
2026-08-14 06:30:00,LINE_A,SHIFT_A,35.57,3.557,3.557,6.24,3.293
2026-08-14 06:45:00,LINE_A,SHIFT_A,35.27,3.527,3.527,6.97,3.477
2026-08-14 07:00:00,LINE_A,SHIFT_A,33.35,3.335,3.335,7.248,3.424
2026-08-14 07:15:00,LINE_A,SHIFT_A,29.94,2.994,2.994,6.894,3.2
2026-08-14 07:30:00,LINE_A,SHIFT_A,31.62,3.162,3.162,6.577,3.05
2026-08-14 07:45:00,LINE_A,SHIFT_A,35.77,3.577,3.577,7.13,3.159
2026-08-14 08:00:00,LINE_A,SHIFT_A,36.39,3.639,3.639,7.002,3.295
2026-08-14 08:15:00,LINE_A,SHIFT_A,36.07,3.607,3.607,6.212,2.688
2026-08-14 08:30:00,LINE_A,SHIFT_A,37.26,3.726,3.726,6.913,3.206
2026-08-14 08:45:00,LINE_A,SHIFT_A,33.41,3.341,3.341,6.836,2.871
2026-08-14 09:00:00,LINE_A,SHIFT_A,34.74,3.474,3.474,7.097,2.638
2026-08-14 09:15:00,LINE_A,SHIFT_A,36.3,3.63,3.63,7.264,3.286
2026-08-14 09:30:00,LINE_A,SHIFT_A,35.54,3.554,3.554,6.395,2.902
2026-08-14 09:45:00,LINE_A,SHIFT_A,34.89,3.489,3.489,7.31,3.022
2026-08-14 10:00:00,LINE_A,SHIFT_A,36.89,3.689,3.689,7.149,3.212
2026-08-14 10:15:00,LINE_A,SHIFT_A,34.25,3.425,3.425,6.902,3.309
2026-08-14 10:30:00,LINE_A,SHIFT_A,33.86,3.386,3.386,6.857,3.032
2026-08-14 10:45:00,LINE_A,SHIFT_A,33.45,3.345,3.345,6.786,2.698
2026-08-14 11:00:00,LINE_A,SHIFT_A,34.83,3.483,3.483,7.088,3.063
2026-08-14 11:15:00,LINE_A,SHIFT_A,34.96,3.496,3.496,7.151,2.614
2026-08-14 11:30:00,LINE_A,SHIFT_A,32.51,3.251,3.251,6.286,2.93
2026-08-14 11:45:00,LINE_A,SHIFT_A,28.84,2.884,2.884,6.685,3.158
2026-08-14 12:00:00,LINE_A,SHIFT_A,35.52,3.552,3.552,6.842,3.12
2026-08-14 12:15:00,LINE_A,SHIFT_A,36.58,3.658,3.658,7.041,2.845
2026-08-14 12:30:00,LINE_A,SHIFT_A,37.82,3.782,3.782,6.545,2.622
2026-08-14 12:45:00,LINE_A,SHIFT_A,35.74,3.574,3.574,7.131,2.413
2026-08-14 13:00:00,LINE_A,SHIFT_A,32.72,3.272,3.272,6.675,2.547
2026-08-14 13:15:00,LINE_A,SHIFT_A,36.09,3.609,3.609,7.342,2.545
2026-08-14 13:30:00,LINE_A,SHIFT_A,35.07,3.507,3.507,7.076,2.705
2026-08-14 13:45:00,LINE_A,SHIFT_A,34.75,3.475,3.475,6.885,3.117
2026-08-14 14:00:00,LINE_A,SHIFT_B,37.49,3.749,3.749,7.351,2.812
2026-08-14 14:15:00,LINE_A,SHIFT_B,38.2,3.82,3.82,7.488,2.552
2026-08-14 14:30:00,LINE_A,SHIFT_B,37.46,3.746,3.746,7.249,2.893
2026-08-14 14:45:00,LINE_A,SHIFT_B,39.81,3.981,3.981,7.347,2.824
2026-08-14 15:00:00,LINE_A,SHIFT_B,36.35,3.635,3.635,7.306,2.482
2026-08-14 15:15:00,LINE_A,SHIFT_B,37.25,3.725,3.725,7.424,2.325
2026-08-14 15:30:00,LINE_A,SHIFT_B,36.52,3.652,3.652,7.75,2.501
2026-08-14 15:45:00,LINE_A,SHIFT_B,39.03,3.903,3.903,7.595,3.04
2026-08-14 16:00:00,LINE_A,SHIFT_B,37.83,3.783,3.783,7.371,2.56
2026-08-14 16:15:00,LINE_A,SHIFT_B,36.13,3.613,3.613,8.04,3.129
2026-08-14 16:30:00,LINE_A,SHIFT_B,39.04,3.904,3.904,7.906,2.761
2026-08-14 16:45:00,LINE_A,SHIFT_B,39.06,3.906,3.906,7.183,2.702
2026-08-14 17:00:00,LINE_A,SHIFT_B,36.72,3.672,3.672,7.327,2.631
2026-08-14 17:15:00,LINE_A,SHIFT_B,37.5,3.75,3.75,6.792,2.916
2026-08-14 17:30:00,LINE_A,SHIFT_B,35.19,3.519,3.519,7.999,3.093
2026-08-14 17:45:00,LINE_A,SHIFT_B,37.16,3.716,3.716,6.971,3.249
2026-08-14 18:00:00,LINE_A,SHIFT_B,38.24,3.824,3.824,6.96,2.8
2026-08-14 18:15:00,LINE_A,SHIFT_B,36.04,3.604,3.604,6.797,2.951
2026-08-14 18:30:00,LINE_A,SHIFT_B,33.51,3.351,3.351,7.056,2.859
2026-08-14 18:45:00,LINE_A,SHIFT_B,38.36,3.836,3.836,6.453,3.177
2026-08-14 19:00:00,LINE_A,SHIFT_B,33.04,3.304,3.304,6.666,3.139
2026-08-14 19:15:00,LINE_A,SHIFT_B,31.66,3.166,3.166,6.35,3.067
2026-08-14 19:30:00,LINE_A,SHIFT_B,33.89,3.389,3.389,7.365,3.064
2026-08-14 19:45:00,LINE_A,SHIFT_B,37.64,3.764,3.764,7.2,2.732
2026-08-14 20:00:00,LINE_A,SHIFT_B,35.66,3.566,3.566,7.366,3.02
2026-08-14 20:15:00,LINE_A,SHIFT_B,35.96,3.596,3.596,6.566,2.969
2026-08-14 20:30:00,LINE_A,SHIFT_B,35.82,3.582,3.582,6.981,2.878
2026-08-14 20:45:00,LINE_A,SHIFT_B,33.73,3.373,3.373,6.641,2.97
2026-08-14 21:00:00,LINE_A,SHIFT_B,35.79,3.579,3.579,7.224,2.805
2026-08-14 21:15:00,LINE_A,SHIFT_B,35.54,3.554,3.554,6.875,2.837
2026-08-14 21:30:00,LINE_A,SHIFT_B,33.87,3.387,3.387,7.213,2.674
2026-08-14 21:45:00,LINE_A,SHIFT_B,34.32,3.432,3.432,7.66,3.072
2026-08-14 22:00:00,LINE_A,SHIFT_C,24.74,2.474,2.474,5.508,2.707
2026-08-14 22:15:00,LINE_A,SHIFT_C,30.11,3.011,3.011,5.988,2.405
2026-08-14 22:30:00,LINE_A,SHIFT_C,27.68,2.768,2.768,5.773,2.163
2026-08-14 22:45:00,LINE_A,SHIFT_C,28.37,2.837,2.837,4.73,2.415
2026-08-14 23:00:00,LINE_A,SHIFT_C,27.49,2.749,2.749,6.23,2.223
2026-08-14 23:15:00,LINE_A,SHIFT_C,26.74,2.674,2.674,5.749,2.645
2026-08-14 23:30:00,LINE_A,SHIFT_C,27.51,2.751,2.751,5.616,2.751
2026-08-14 23:45:00,LINE_A,SHIFT_C,27.53,2.753,2.753,5.578,2.801
2026-08-15 00:00:00,LINE_A,SHIFT_C,22.58,2.258,2.258,4.221,2.506
2026-08-15 00:15:00,LINE_A,SHIFT_C,21.52,2.152,2.152,4.447,2.305
2026-08-15 00:30:00,LINE_A,SHIFT_C,21.26,2.126,2.126,4.297,2.448
2026-08-15 00:45:00,LINE_A,SHIFT_C,23.65,2.365,2.365,3.983,2.522
2026-08-15 01:00:00,LINE_A,SHIFT_C,21.98,2.198,2.198,4.321,2.031
2026-08-15 01:15:00,LINE_A,SHIFT_C,22.39,2.239,2.239,4.311,1.862
2026-08-15 01:30:00,LINE_A,SHIFT_C,21.53,2.153,2.153,4.356,2.167
2026-08-15 01:45:00,LINE_A,SHIFT_C,22.29,2.229,2.229,4.734,2.235
2026-08-15 02:00:00,LINE_A,SHIFT_C,23.03,2.303,2.303,4.269,2.648
2026-08-15 02:15:00,LINE_A,SHIFT_C,21.87,2.187,2.187,4.447,2.052
2026-08-15 02:30:00,LINE_A,SHIFT_C,20.18,2.018,2.018,4.834,2.296
2026-08-15 02:45:00,LINE_A,SHIFT_C,21.17,2.117,2.117,5.085,1.996
2026-08-15 03:00:00,LINE_A,SHIFT_C,21.56,2.156,2.156,4.782,2.174
2026-08-15 03:15:00,LINE_A,SHIFT_C,21.09,2.109,2.109,4.033,2.457
2026-08-15 03:30:00,LINE_A,SHIFT_C,23.5,2.35,2.35,4.815,2.165
2026-08-15 03:45:00,LINE_A,SHIFT_C,20.43,2.043,2.043,4.215,2.465
2026-08-15 04:00:00,LINE_A,SHIFT_C,21.81,2.181,2.181,3.957,2.193
2026-08-15 04:15:00,LINE_A,SHIFT_C,20.65,2.065,2.065,4.447,2.323
2026-08-15 04:30:00,LINE_A,SHIFT_C,21.31,2.131,2.131,4.984,1.672
2026-08-15 04:45:00,LINE_A,SHIFT_C,22.18,2.218,2.218,4.238,1.938
2026-08-15 05:00:00,LINE_A,SHIFT_C,20.63,2.063,2.063,4.291,1.92
2026-08-15 05:15:00,LINE_A,SHIFT_C,23.32,2.332,2.332,4.12,2.449
2026-08-15 05:30:00,LINE_A,SHIFT_C,24.21,2.421,2.421,4.979,1.919
2026-08-15 05:45:00,LINE_A,SHIFT_C,22.75,2.275,2.275,4.951,2.206
2026-08-15 06:00:00,LINE_A,SHIFT_A,25.91,2.591,2.591,5.436,2.447
2026-08-15 06:15:00,LINE_A,SHIFT_A,27.86,2.786,2.786,5.866,2.68
2026-08-15 06:30:00,LINE_A,SHIFT_A,28.11,2.811,2.811,5.625,2.62
2026-08-15 06:45:00,LINE_A,SHIFT_A,27.72,2.772,2.772,5.889,3.287
2026-08-15 07:00:00,LINE_A,SHIFT_A,28.43,2.843,2.843,5.104,2.532
2026-08-15 07:15:00,LINE_A,SHIFT_A,24.96,2.496,2.496,5.182,2.65
2026-08-15 07:30:00,LINE_A,SHIFT_A,25.54,2.554,2.554,5.062,2.735
2026-08-15 07:45:00,LINE_A,SHIFT_A,29.78,2.978,2.978,5.743,2.485
2026-08-15 08:00:00,LINE_A,SHIFT_A,28.03,2.803,2.803,6.252,2.451
2026-08-15 08:15:00,LINE_A,SHIFT_A,29.16,2.916,2.916,6.067,2.591
2026-08-15 08:30:00,LINE_A,SHIFT_A,26.78,2.678,2.678,5.676,2.867
2026-08-15 08:45:00,LINE_A,SHIFT_A,27.92,2.792,2.792,5.444,2.489
2026-08-15 09:00:00,LINE_A,SHIFT_A,27.68,2.768,2.768,5.262,2.474
2026-08-15 09:15:00,LINE_A,SHIFT_A,28.06,2.806,2.806,5.683,2.232
2026-08-15 09:30:00,LINE_A,SHIFT_A,25.76,2.576,2.576,5.353,2.165
2026-08-15 09:45:00,LINE_A,SHIFT_A,30.08,3.008,3.008,5.345,2.563
2026-08-15 10:00:00,LINE_A,SHIFT_A,29.26,2.926,2.926,8.151,2.263
2026-08-15 10:15:00,LINE_A,SHIFT_A,28.13,2.813,2.813,8.719,2.496
2026-08-15 10:30:00,LINE_A,SHIFT_A,28.96,2.896,2.896,8.405,2.598
2026-08-15 10:45:00,LINE_A,SHIFT_A,29.07,2.907,2.907,8.079,2.801
2026-08-15 11:00:00,LINE_A,SHIFT_A,27.92,2.792,2.792,5.463,2.632
2026-08-15 11:15:00,LINE_A,SHIFT_A,28.43,2.843,2.843,6.234,2.336
2026-08-15 11:30:00,LINE_A,SHIFT_A,27.55,2.755,2.755,4.928,2.221
2026-08-15 11:45:00,LINE_A,SHIFT_A,26.16,2.616,2.616,5.426,2.024
2026-08-15 12:00:00,LINE_A,SHIFT_A,29.36,2.936,2.936,5.297,2.285
2026-08-15 12:15:00,LINE_A,SHIFT_A,31.56,3.156,3.156,6.103,2.816
2026-08-15 12:30:00,LINE_A,SHIFT_A,28.31,2.831,2.831,6.056,2.502
2026-08-15 12:45:00,LINE_A,SHIFT_A,29.82,2.982,2.982,5.983,2.098
2026-08-15 13:00:00,LINE_A,SHIFT_A,31.56,3.156,3.156,6.031,2.412
2026-08-15 13:15:00,LINE_A,SHIFT_A,28.43,2.843,2.843,6.797,2.622
2026-08-15 13:30:00,LINE_A,SHIFT_A,29.25,2.925,2.925,5.405,2.436
2026-08-15 13:45:00,LINE_A,SHIFT_A,27.0,2.7,2.7,5.795,2.387
2026-08-15 14:00:00,LINE_A,SHIFT_B,31.38,3.138,3.138,6.315,2.549
2026-08-15 14:15:00,LINE_A,SHIFT_B,32.77,3.277,3.277,6.002,2.649
2026-08-15 14:30:00,LINE_A,SHIFT_B,32.93,3.293,3.293,5.425,2.245
2026-08-15 14:45:00,LINE_A,SHIFT_B,29.23,2.923,2.923,6.068,2.455
2026-08-15 15:00:00,LINE_A,SHIFT_B,30.03,3.003,3.003,6.079,2.198
2026-08-15 15:15:00,LINE_A,SHIFT_B,29.49,2.949,2.949,6.871,2.38
2026-08-15 15:30:00,LINE_A,SHIFT_B,28.91,2.891,2.891,6.047,2.358
2026-08-15 15:45:00,LINE_A,SHIFT_B,32.78,3.278,3.278,6.411,2.332
2026-08-15 16:00:00,LINE_A,SHIFT_B,26.82,2.682,2.682,6.332,2.381
2026-08-15 16:15:00,LINE_A,SHIFT_B,29.35,2.935,2.935,6.635,2.482
2026-08-15 16:30:00,LINE_A,SHIFT_B,30.65,3.065,3.065,6.187,2.059
2026-08-15 16:45:00,LINE_A,SHIFT_B,29.82,2.982,2.982,6.091,2.316
2026-08-15 17:00:00,LINE_A,SHIFT_B,29.7,2.97,2.97,5.757,2.418
2026-08-15 17:15:00,LINE_A,SHIFT_B,29.93,2.993,2.993,6.379,2.477
2026-08-15 17:30:00,LINE_A,SHIFT_B,33.11,3.311,3.311,6.431,2.398
2026-08-15 17:45:00,LINE_A,SHIFT_B,29.41,2.941,2.941,5.957,2.287
2026-08-15 18:00:00,LINE_A,SHIFT_B,28.13,2.813,2.813,6.095,2.428
2026-08-15 18:15:00,LINE_A,SHIFT_B,30.62,3.062,3.062,6.081,2.817
2026-08-15 18:30:00,LINE_A,SHIFT_B,27.66,2.766,2.766,5.774,2.452
2026-08-15 18:45:00,LINE_A,SHIFT_B,30.17,3.017,3.017,6.216,2.679
2026-08-15 19:00:00,LINE_A,SHIFT_B,23.44,2.344,2.344,5.031,2.327
2026-08-15 19:15:00,LINE_A,SHIFT_B,26.31,2.631,2.631,4.692,2.424
2026-08-15 19:30:00,LINE_A,SHIFT_B,29.65,2.965,2.965,5.422,2.271
2026-08-15 19:45:00,LINE_A,SHIFT_B,27.22,2.722,2.722,6.103,2.523
2026-08-15 20:00:00,LINE_A,SHIFT_B,26.05,2.605,2.605,6.139,2.709
2026-08-15 20:15:00,LINE_A,SHIFT_B,30.27,3.027,3.027,6.119,2.716
2026-08-15 20:30:00,LINE_A,SHIFT_B,29.7,2.97,2.97,5.845,2.439
2026-08-15 20:45:00,LINE_A,SHIFT_B,28.83,2.883,2.883,6.093,2.519
2026-08-15 21:00:00,LINE_A,SHIFT_B,31.55,3.155,3.155,5.759,2.916
2026-08-15 21:15:00,LINE_A,SHIFT_B,29.05,2.905,2.905,5.878,2.163
2026-08-15 21:30:00,LINE_A,SHIFT_B,26.94,2.694,2.694,5.845,2.468
2026-08-15 21:45:00,LINE_A,SHIFT_B,26.37,2.637,2.637,5.662,2.658
2026-08-15 22:00:00,LINE_A,SHIFT_C,20.84,2.084,2.084,4.464,1.911
2026-08-15 22:15:00,LINE_A,SHIFT_C,23.99,2.399,2.399,4.488,1.886
2026-08-15 22:30:00,LINE_A,SHIFT_C,22.99,2.299,2.299,4.838,1.912
2026-08-15 22:45:00,LINE_A,SHIFT_C,21.45,2.145,2.145,4.52,2.144
2026-08-15 23:00:00,LINE_A,SHIFT_C,23.16,2.316,2.316,4.129,2.268
2026-08-15 23:15:00,LINE_A,SHIFT_C,22.35,2.235,2.235,4.308,2.261
2026-08-15 23:30:00,LINE_A,SHIFT_C,21.69,2.169,2.169,3.988,2.386
2026-08-15 23:45:00,LINE_A,SHIFT_C,22.09,2.209,2.209,4.454,2.18
2026-08-16 00:00:00,LINE_A,SHIFT_C,21.59,2.159,2.159,4.573,2.515
2026-08-16 00:15:00,LINE_A,SHIFT_C,22.79,2.279,2.279,4.847,2.225
2026-08-16 00:30:00,LINE_A,SHIFT_C,21.51,2.151,2.151,4.821,1.962
2026-08-16 00:45:00,LINE_A,SHIFT_C,22.38,2.238,2.238,4.102,2.195
2026-08-16 01:00:00,LINE_A,SHIFT_C,22.42,2.242,2.242,4.538,2.158
2026-08-16 01:15:00,LINE_A,SHIFT_C,21.28,2.128,2.128,3.635,2.395
2026-08-16 01:30:00,LINE_A,SHIFT_C,22.22,2.222,2.222,4.508,2.397
2026-08-16 01:45:00,LINE_A,SHIFT_C,23.91,2.391,2.391,3.429,2.128
2026-08-16 02:00:00,LINE_A,SHIFT_C,21.54,2.154,2.154,4.0,1.975
2026-08-16 02:15:00,LINE_A,SHIFT_C,22.9,2.29,2.29,4.2,2.222
2026-08-16 02:30:00,LINE_A,SHIFT_C,22.41,2.241,2.241,4.548,2.308
2026-08-16 02:45:00,LINE_A,SHIFT_C,23.77,2.377,2.377,4.363,2.118
2026-08-16 03:00:00,LINE_A,SHIFT_C,23.47,2.347,2.347,4.117,2.138
2026-08-16 03:15:00,LINE_A,SHIFT_C,20.4,2.04,2.04,4.761,2.119
2026-08-16 03:30:00,LINE_A,SHIFT_C,21.83,2.183,2.183,4.489,1.966
2026-08-16 03:45:00,LINE_A,SHIFT_C,23.09,2.309,2.309,4.429,2.352
2026-08-16 04:00:00,LINE_A,SHIFT_C,22.96,2.296,2.296,4.205,2.369
2026-08-16 04:15:00,LINE_A,SHIFT_C,21.26,2.126,2.126,3.861,2.067
2026-08-16 04:30:00,LINE_A,SHIFT_C,22.72,2.272,2.272,4.189,2.425
2026-08-16 04:45:00,LINE_A,SHIFT_C,19.64,1.964,1.964,4.586,2.07
2026-08-16 05:00:00,LINE_A,SHIFT_C,24.66,2.466,2.466,4.531,2.537
2026-08-16 05:15:00,LINE_A,SHIFT_C,22.85,2.285,2.285,4.554,2.125
2026-08-16 05:30:00,LINE_A,SHIFT_C,19.63,1.963,1.963,4.256,2.324
2026-08-16 05:45:00,LINE_A,SHIFT_C,21.5,2.15,2.15,4.616,2.294
2026-08-16 06:00:00,LINE_A,SHIFT_A,27.3,2.73,2.73,5.996,2.757
2026-08-16 06:15:00,LINE_A,SHIFT_A,27.14,2.714,2.714,6.013,2.834
2026-08-16 06:30:00,LINE_A,SHIFT_A,28.26,2.826,2.826,5.51,2.95
2026-08-16 06:45:00,LINE_A,SHIFT_A,27.69,2.769,2.769,5.435,2.597
2026-08-16 07:00:00,LINE_A,SHIFT_A,26.64,2.664,2.664,5.556,2.768
2026-08-16 07:15:00,LINE_A,SHIFT_A,28.6,2.86,2.86,5.805,2.656
2026-08-16 07:30:00,LINE_A,SHIFT_A,25.52,2.552,2.552,5.647,2.808
2026-08-16 07:45:00,LINE_A,SHIFT_A,28.85,2.885,2.885,6.038,2.939
2026-08-16 08:00:00,LINE_A,SHIFT_A,26.8,2.68,2.68,5.218,2.355
2026-08-16 08:15:00,LINE_A,SHIFT_A,27.13,2.713,2.713,5.619,2.756
2026-08-16 08:30:00,LINE_A,SHIFT_A,28.29,2.829,2.829,5.498,2.435
2026-08-16 08:45:00,LINE_A,SHIFT_A,30.83,3.083,3.083,5.518,2.53
2026-08-16 09:00:00,LINE_A,SHIFT_A,29.62,2.962,2.962,5.693,2.884
2026-08-16 09:15:00,LINE_A,SHIFT_A,30.78,3.078,3.078,5.264,2.553
2026-08-16 09:30:00,LINE_A,SHIFT_A,29.69,2.969,2.969,6.193,2.651
2026-08-16 09:45:00,LINE_A,SHIFT_A,30.24,3.024,3.024,5.847,2.469
2026-08-16 10:00:00,LINE_A,SHIFT_A,30.08,3.008,3.008,5.5,2.64
2026-08-16 10:15:00,LINE_A,SHIFT_A,30.97,3.097,3.097,5.447,2.814
2026-08-16 10:30:00,LINE_A,SHIFT_A,27.43,2.743,2.743,5.963,2.876
2026-08-16 10:45:00,LINE_A,SHIFT_A,28.68,2.868,2.868,5.019,2.546
2026-08-16 11:00:00,LINE_A,SHIFT_A,28.53,2.853,2.853,5.567,2.375
2026-08-16 11:15:00,LINE_A,SHIFT_A,28.44,2.844,2.844,5.505,2.252
2026-08-16 11:30:00,LINE_A,SHIFT_A,24.23,2.423,2.423,5.441,2.522
2026-08-16 11:45:00,LINE_A,SHIFT_A,25.07,2.507,2.507,4.871,2.635
2026-08-16 12:00:00,LINE_A,SHIFT_A,28.61,2.861,2.861,5.684,2.893
2026-08-16 12:15:00,LINE_A,SHIFT_A,26.85,2.685,2.685,5.855,2.267
2026-08-16 12:30:00,LINE_A,SHIFT_A,31.83,3.183,3.183,5.663,2.794
2026-08-16 12:45:00,LINE_A,SHIFT_A,30.19,3.019,3.019,5.42,2.551
2026-08-16 13:00:00,LINE_A,SHIFT_A,28.04,2.804,2.804,6.265,2.121
2026-08-16 13:15:00,LINE_A,SHIFT_A,30.21,3.021,3.021,5.174,2.401
2026-08-16 13:30:00,LINE_A,SHIFT_A,29.33,2.933,2.933,5.79,2.296
2026-08-16 13:45:00,LINE_A,SHIFT_A,30.8,3.08,3.08,5.215,2.025
2026-08-16 14:00:00,LINE_A,SHIFT_B,32.05,3.205,3.205,5.609,2.161
2026-08-16 14:15:00,LINE_A,SHIFT_B,29.76,2.976,2.976,5.909,2.516
2026-08-16 14:30:00,LINE_A,SHIFT_B,27.75,2.775,2.775,6.008,2.444
2026-08-16 14:45:00,LINE_A,SHIFT_B,30.15,3.015,3.015,6.307,2.503
2026-08-16 15:00:00,LINE_A,SHIFT_B,30.05,3.005,3.005,5.658,2.378
2026-08-16 15:15:00,LINE_A,SHIFT_B,29.7,2.97,2.97,6.235,2.592
2026-08-16 15:30:00,LINE_A,SHIFT_B,27.38,2.738,2.738,6.533,2.288
2026-08-16 15:45:00,LINE_A,SHIFT_B,29.76,2.976,2.976,5.545,1.973
2026-08-16 16:00:00,LINE_A,SHIFT_B,32.88,3.288,3.288,5.679,2.352
2026-08-16 16:15:00,LINE_A,SHIFT_B,29.15,2.915,2.915,5.834,2.319
2026-08-16 16:30:00,LINE_A,SHIFT_B,30.13,3.013,3.013,5.399,2.613
2026-08-16 16:45:00,LINE_A,SHIFT_B,30.32,3.032,3.032,5.496,2.1
2026-08-16 17:00:00,LINE_A,SHIFT_B,32.84,3.284,3.284,6.641,2.379
2026-08-16 17:15:00,LINE_A,SHIFT_B,28.38,2.838,2.838,5.975,2.491
2026-08-16 17:30:00,LINE_A,SHIFT_B,30.69,3.069,3.069,5.629,2.487
2026-08-16 17:45:00,LINE_A,SHIFT_B,28.96,2.896,2.896,5.458,2.593
2026-08-16 18:00:00,LINE_A,SHIFT_B,30.62,3.062,3.062,5.73,2.01
2026-08-16 18:15:00,LINE_A,SHIFT_B,28.08,2.808,2.808,5.801,2.669
2026-08-16 18:30:00,LINE_A,SHIFT_B,29.58,2.958,2.958,5.698,2.386
2026-08-16 18:45:00,LINE_A,SHIFT_B,28.32,2.832,2.832,5.539,2.393
2026-08-16 19:00:00,LINE_A,SHIFT_B,26.15,2.615,2.615,5.3,2.288
2026-08-16 19:15:00,LINE_A,SHIFT_B,25.18,2.518,2.518,4.885,2.555
2026-08-16 19:30:00,LINE_A,SHIFT_B,26.26,2.626,2.626,5.248,2.039
2026-08-16 19:45:00,LINE_A,SHIFT_B,28.62,2.862,2.862,6.386,2.633
2026-08-16 20:00:00,LINE_A,SHIFT_B,29.64,2.964,2.964,5.973,2.597
2026-08-16 20:15:00,LINE_A,SHIFT_B,30.14,3.014,3.014,5.627,2.572
2026-08-16 20:30:00,LINE_A,SHIFT_B,29.03,2.903,2.903,5.479,2.691
2026-08-16 20:45:00,LINE_A,SHIFT_B,28.53,2.853,2.853,6.378,2.774
2026-08-16 21:00:00,LINE_A,SHIFT_B,30.27,3.027,3.027,5.974,2.938
2026-08-16 21:15:00,LINE_A,SHIFT_B,29.29,2.929,2.929,5.456,2.646
2026-08-16 21:30:00,LINE_A,SHIFT_B,29.38,2.938,2.938,6.345,2.534
2026-08-16 21:45:00,LINE_A,SHIFT_B,28.81,2.881,2.881,6.029,2.953
2026-08-16 22:00:00,LINE_A,SHIFT_C,22.21,2.221,2.221,4.358,2.277
2026-08-16 22:15:00,LINE_A,SHIFT_C,21.83,2.183,2.183,4.102,1.64
2026-08-16 22:30:00,LINE_A,SHIFT_C,23.14,2.314,2.314,4.489,1.983
2026-08-16 22:45:00,LINE_A,SHIFT_C,23.02,2.302,2.302,3.954,2.181
2026-08-16 23:00:00,LINE_A,SHIFT_C,20.65,2.065,2.065,4.006,1.769
2026-08-16 23:15:00,LINE_A,SHIFT_C,20.6,2.06,2.06,4.018,2.214
2026-08-16 23:30:00,LINE_A,SHIFT_C,21.97,2.197,2.197,4.63,2.423
2026-08-16 23:45:00,LINE_A,SHIFT_C,22.18,2.218,2.218,3.44,2.329
2026-08-17 00:00:00,LINE_A,SHIFT_C,26.5,2.65,2.65,5.01,2.643
2026-08-17 00:15:00,LINE_A,SHIFT_C,26.53,2.653,2.653,5.536,2.376
2026-08-17 00:30:00,LINE_A,SHIFT_C,27.81,2.781,2.781,5.339,2.751
2026-08-17 00:45:00,LINE_A,SHIFT_C,27.38,2.738,2.738,5.115,2.277
2026-08-17 01:00:00,LINE_A,SHIFT_C,27.21,2.721,2.721,5.38,2.561
2026-08-17 01:15:00,LINE_A,SHIFT_C,29.23,2.923,2.923,5.132,2.641
2026-08-17 01:30:00,LINE_A,SHIFT_C,24.8,2.48,2.48,5.874,2.754
2026-08-17 01:45:00,LINE_A,SHIFT_C,28.51,2.851,2.851,4.918,2.26
2026-08-17 02:00:00,LINE_A,SHIFT_C,25.36,2.536,2.536,5.317,2.137
2026-08-17 02:15:00,LINE_A,SHIFT_C,28.55,2.855,2.855,5.775,2.953
2026-08-17 02:30:00,LINE_A,SHIFT_C,27.35,2.735,2.735,4.466,2.605
2026-08-17 02:45:00,LINE_A,SHIFT_C,26.4,2.64,2.64,5.88,2.526
2026-08-17 03:00:00,LINE_A,SHIFT_C,26.93,2.693,2.693,5.328,2.607
2026-08-17 03:15:00,LINE_A,SHIFT_C,25.16,2.516,2.516,5.645,2.544
2026-08-17 03:30:00,LINE_A,SHIFT_C,28.06,2.806,2.806,5.313,2.693
2026-08-17 03:45:00,LINE_A,SHIFT_C,26.21,2.621,2.621,4.938,2.747
2026-08-17 04:00:00,LINE_A,SHIFT_C,26.5,2.65,2.65,5.077,2.27
2026-08-17 04:15:00,LINE_A,SHIFT_C,28.81,2.881,2.881,5.445,2.258
2026-08-17 04:30:00,LINE_A,SHIFT_C,29.43,2.943,2.943,5.451,2.702
2026-08-17 04:45:00,LINE_A,SHIFT_C,28.23,2.823,2.823,4.945,3.009
2026-08-17 05:00:00,LINE_A,SHIFT_C,24.03,2.403,2.403,5.001,2.619
2026-08-17 05:15:00,LINE_A,SHIFT_C,26.37,2.637,2.637,5.458,2.653
2026-08-17 05:30:00,LINE_A,SHIFT_C,27.54,2.754,2.754,5.698,2.587
2026-08-17 05:45:00,LINE_A,SHIFT_C,28.02,2.802,2.802,5.501,2.678
2026-08-17 06:00:00,LINE_A,SHIFT_A,34.11,3.411,3.411,6.535,3.387
2026-08-17 06:15:00,LINE_A,SHIFT_A,33.51,3.351,3.351,6.604,3.424
2026-08-17 06:30:00,LINE_A,SHIFT_A,33.58,3.358,3.358,6.778,3.516
2026-08-17 06:45:00,LINE_A,SHIFT_A,32.49,3.249,3.249,6.368,3.452
2026-08-17 07:00:00,LINE_A,SHIFT_A,33.99,3.399,3.399,6.662,2.913
2026-08-17 07:15:00,LINE_A,SHIFT_A,32.67,3.267,3.267,7.069,3.442
2026-08-17 07:30:00,LINE_A,SHIFT_A,34.58,3.458,3.458,6.805,3.167
2026-08-17 07:45:00,LINE_A,SHIFT_A,32.29,3.229,3.229,6.425,3.281
2026-08-17 08:00:00,LINE_A,SHIFT_A,34.41,3.441,3.441,7.062,2.945
2026-08-17 08:15:00,LINE_A,SHIFT_A,32.46,3.246,3.246,7.017,3.194
2026-08-17 08:30:00,LINE_A,SHIFT_A,33.14,3.314,3.314,7.155,2.777
2026-08-17 08:45:00,LINE_A,SHIFT_A,33.22,3.322,3.322,6.641,3.349
2026-08-17 09:00:00,LINE_A,SHIFT_A,33.63,3.363,3.363,6.869,3.192
2026-08-17 09:15:00,LINE_A,SHIFT_A,36.23,3.623,3.623,6.81,2.883
2026-08-17 09:30:00,LINE_A,SHIFT_A,35.67,3.567,3.567,6.865,2.781
2026-08-17 09:45:00,LINE_A,SHIFT_A,35.82,3.582,3.582,6.952,3.116
2026-08-17 10:00:00,LINE_A,SHIFT_A,33.94,3.394,3.394,7.045,3.012
2026-08-17 10:15:00,LINE_A,SHIFT_A,36.74,3.674,3.674,7.14,2.819
2026-08-17 10:30:00,LINE_A,SHIFT_A,34.93,3.493,3.493,6.8,3.271
2026-08-17 10:45:00,LINE_A,SHIFT_A,34.9,3.49,3.49,6.723,2.925
2026-08-17 11:00:00,LINE_A,SHIFT_A,37.11,3.711,3.711,7.97,2.947
2026-08-17 11:15:00,LINE_A,SHIFT_A,35.78,3.578,3.578,6.636,3.23
2026-08-17 11:30:00,LINE_A,SHIFT_A,32.58,3.258,3.258,6.161,2.504
2026-08-17 11:45:00,LINE_A,SHIFT_A,31.12,3.112,3.112,5.668,3.268
2026-08-17 12:00:00,LINE_A,SHIFT_A,34.57,3.457,3.457,7.239,3.018
2026-08-17 12:15:00,LINE_A,SHIFT_A,33.8,3.38,3.38,7.17,2.566
2026-08-17 12:30:00,LINE_A,SHIFT_A,35.79,3.579,3.579,7.483,2.717
2026-08-17 12:45:00,LINE_A,SHIFT_A,34.19,3.419,3.419,7.539,2.85
2026-08-17 13:00:00,LINE_A,SHIFT_A,35.69,3.569,3.569,6.616,2.967
2026-08-17 13:15:00,LINE_A,SHIFT_A,35.23,3.523,3.523,6.739,2.418
2026-08-17 13:30:00,LINE_A,SHIFT_A,33.74,3.374,3.374,7.039,3.257
2026-08-17 13:45:00,LINE_A,SHIFT_A,37.52,3.752,3.752,7.478,2.646
2026-08-17 14:00:00,LINE_A,SHIFT_B,36.83,3.683,3.683,7.291,2.918
2026-08-17 14:15:00,LINE_A,SHIFT_B,37.79,3.779,3.779,7.827,2.612
2026-08-17 14:30:00,LINE_A,SHIFT_B,36.32,3.632,3.632,7.761,2.525
2026-08-17 14:45:00,LINE_A,SHIFT_B,37.06,3.706,3.706,7.79,2.97
2026-08-17 15:00:00,LINE_A,SHIFT_B,37.63,3.763,3.763,7.746,2.833
2026-08-17 15:15:00,LINE_A,SHIFT_B,36.47,3.647,3.647,7.645,2.612
2026-08-17 15:30:00,LINE_A,SHIFT_B,39.33,3.933,3.933,7.836,2.524
2026-08-17 15:45:00,LINE_A,SHIFT_B,39.32,3.932,3.932,7.329,2.819
2026-08-17 16:00:00,LINE_A,SHIFT_B,38.76,3.876,3.876,7.562,2.471
2026-08-17 16:15:00,LINE_A,SHIFT_B,38.0,3.8,3.8,7.11,2.51
2026-08-17 16:30:00,LINE_A,SHIFT_B,34.9,3.49,3.49,7.159,2.756
2026-08-17 16:45:00,LINE_A,SHIFT_B,35.13,3.513,3.513,8.074,2.612
2026-08-17 17:00:00,LINE_A,SHIFT_B,35.47,3.547,3.547,7.706,3.093
2026-08-17 17:15:00,LINE_A,SHIFT_B,35.73,3.573,3.573,7.283,2.773
2026-08-17 17:30:00,LINE_A,SHIFT_B,35.41,3.541,3.541,7.618,2.544
2026-08-17 17:45:00,LINE_A,SHIFT_B,35.25,3.525,3.525,6.878,2.836
2026-08-17 18:00:00,LINE_A,SHIFT_B,35.94,3.594,3.594,7.618,2.856
2026-08-17 18:15:00,LINE_A,SHIFT_B,35.69,3.569,3.569,7.86,3.277
2026-08-17 18:30:00,LINE_A,SHIFT_B,36.3,3.63,3.63,6.544,2.317
2026-08-17 18:45:00,LINE_A,SHIFT_B,35.75,3.575,3.575,8.129,2.997
2026-08-17 19:00:00,LINE_A,SHIFT_B,33.73,3.373,3.373,5.409,2.86
2026-08-17 19:15:00,LINE_A,SHIFT_B,33.49,3.349,3.349,6.095,2.735
2026-08-17 19:30:00,LINE_A,SHIFT_B,33.9,3.39,3.39,7.224,2.535
2026-08-17 19:45:00,LINE_A,SHIFT_B,36.76,3.676,3.676,7.528,2.834
2026-08-17 20:00:00,LINE_A,SHIFT_B,32.76,3.276,3.276,7.186,2.881
2026-08-17 20:15:00,LINE_A,SHIFT_B,35.18,3.518,3.518,7.33,3.249
2026-08-17 20:30:00,LINE_A,SHIFT_B,34.36,3.436,3.436,7.386,2.993
2026-08-17 20:45:00,LINE_A,SHIFT_B,34.55,3.455,3.455,6.584,3.094
2026-08-17 21:00:00,LINE_A,SHIFT_B,33.3,3.33,3.33,7.511,3.062
2026-08-17 21:15:00,LINE_A,SHIFT_B,36.45,3.645,3.645,6.524,3.413
2026-08-17 21:30:00,LINE_A,SHIFT_B,32.25,3.225,3.225,7.359,3.056
2026-08-17 21:45:00,LINE_A,SHIFT_B,35.7,3.57,3.57,7.408,3.149
2026-08-17 22:00:00,LINE_A,SHIFT_C,29.06,2.906,2.906,5.606,2.478
2026-08-17 22:15:00,LINE_A,SHIFT_C,26.19,2.619,2.619,5.537,2.356
2026-08-17 22:30:00,LINE_A,SHIFT_C,25.66,2.566,2.566,5.087,2.077
2026-08-17 22:45:00,LINE_A,SHIFT_C,25.15,2.515,2.515,5.744,2.249
2026-08-17 23:00:00,LINE_A,SHIFT_C,25.44,2.544,2.544,5.078,2.395
2026-08-17 23:15:00,LINE_A,SHIFT_C,26.55,2.655,2.655,5.311,2.386
2026-08-17 23:30:00,LINE_A,SHIFT_C,26.0,2.6,2.6,5.794,2.762
2026-08-17 23:45:00,LINE_A,SHIFT_C,26.63,2.663,2.663,5.902,2.654
2026-08-18 00:00:00,LINE_A,SHIFT_C,26.28,2.628,2.628,5.286,2.142
2026-08-18 00:15:00,LINE_A,SHIFT_C,26.23,2.623,2.623,5.782,2.619
2026-08-18 00:30:00,LINE_A,SHIFT_C,25.96,2.596,2.596,5.619,2.361
2026-08-18 00:45:00,LINE_A,SHIFT_C,27.47,2.747,2.747,5.534,2.834
2026-08-18 01:00:00,LINE_A,SHIFT_C,27.38,2.738,2.738,5.602,2.609
2026-08-18 01:15:00,LINE_A,SHIFT_C,25.52,2.552,2.552,5.088,2.546
2026-08-18 01:30:00,LINE_A,SHIFT_C,27.1,2.71,2.71,4.834,2.313
2026-08-18 01:45:00,LINE_A,SHIFT_C,27.33,2.733,2.733,5.867,2.608
2026-08-18 02:00:00,LINE_A,SHIFT_C,28.89,2.889,2.889,5.227,2.525
2026-08-18 02:15:00,LINE_A,SHIFT_C,26.52,2.652,2.652,4.99,2.176
2026-08-18 02:30:00,LINE_A,SHIFT_C,24.43,2.443,2.443,5.254,2.515
2026-08-18 02:45:00,LINE_A,SHIFT_C,27.23,2.723,2.723,5.392,2.841
2026-08-18 03:00:00,LINE_A,SHIFT_C,24.62,2.462,2.462,5.274,2.769
2026-08-18 03:15:00,LINE_A,SHIFT_C,27.52,2.752,2.752,5.437,2.204
2026-08-18 03:30:00,LINE_A,SHIFT_C,25.17,2.517,2.517,5.513,2.761
2026-08-18 03:45:00,LINE_A,SHIFT_C,25.6,2.56,2.56,5.889,2.976
2026-08-18 04:00:00,LINE_A,SHIFT_C,27.46,2.746,2.746,5.935,2.669
2026-08-18 04:15:00,LINE_A,SHIFT_C,25.1,2.51,2.51,5.005,2.248
2026-08-18 04:30:00,LINE_A,SHIFT_C,25.63,2.563,2.563,5.449,2.373
2026-08-18 04:45:00,LINE_A,SHIFT_C,28.97,2.897,2.897,5.534,2.744
2026-08-18 05:00:00,LINE_A,SHIFT_C,27.37,2.737,2.737,5.169,2.799
2026-08-18 05:15:00,LINE_A,SHIFT_C,26.8,2.68,2.68,5.957,2.442
2026-08-18 05:30:00,LINE_A,SHIFT_C,28.92,2.892,2.892,5.843,2.484
2026-08-18 05:45:00,LINE_A,SHIFT_C,25.67,2.567,2.567,5.901,2.628
2026-08-18 06:00:00,LINE_A,SHIFT_A,32.59,3.259,3.259,7.357,3.187
2026-08-18 06:15:00,LINE_A,SHIFT_A,33.96,3.396,3.396,6.812,2.953
2026-08-18 06:30:00,LINE_A,SHIFT_A,34.83,3.483,3.483,6.859,2.879
2026-08-18 06:45:00,LINE_A,SHIFT_A,33.88,3.388,3.388,6.465,3.103
2026-08-18 07:00:00,LINE_A,SHIFT_A,34.58,3.458,3.458,6.142,2.992
2026-08-18 07:15:00,LINE_A,SHIFT_A,33.42,3.342,3.342,7.25,3.188
2026-08-18 07:30:00,LINE_A,SHIFT_A,34.21,3.421,3.421,6.697,2.926
2026-08-18 07:45:00,LINE_A,SHIFT_A,37.13,3.713,3.713,7.256,3.055
2026-08-18 08:00:00,LINE_A,SHIFT_A,31.83,3.183,3.183,7.24,3.029
2026-08-18 08:15:00,LINE_A,SHIFT_A,32.85,3.285,3.285,6.6,2.941
2026-08-18 08:30:00,LINE_A,SHIFT_A,33.74,3.374,3.374,7.193,2.95
2026-08-18 08:45:00,LINE_A,SHIFT_A,37.03,3.703,3.703,6.639,3.011
2026-08-18 09:00:00,LINE_A,SHIFT_A,32.85,3.285,3.285,7.074,2.909
2026-08-18 09:15:00,LINE_A,SHIFT_A,33.47,3.347,3.347,7.262,2.995
2026-08-18 09:30:00,LINE_A,SHIFT_A,34.31,3.431,3.431,7.207,3.01
2026-08-18 09:45:00,LINE_A,SHIFT_A,35.97,3.597,3.597,6.746,2.748
2026-08-18 10:00:00,LINE_A,SHIFT_A,34.85,3.485,3.485,7.032,3.202
2026-08-18 10:15:00,LINE_A,SHIFT_A,34.77,3.477,3.477,7.494,3.214
2026-08-18 10:30:00,LINE_A,SHIFT_A,33.3,3.33,3.33,7.503,2.878
2026-08-18 10:45:00,LINE_A,SHIFT_A,34.88,3.488,3.488,6.945,2.872
2026-08-18 11:00:00,LINE_A,SHIFT_A,34.86,3.486,3.486,7.067,2.625
2026-08-18 11:15:00,LINE_A,SHIFT_A,35.93,3.593,3.593,6.75,2.899
2026-08-18 11:30:00,LINE_A,SHIFT_A,30.17,3.017,3.017,6.39,2.795
2026-08-18 11:45:00,LINE_A,SHIFT_A,29.78,2.978,2.978,6.413,3.304
2026-08-18 12:00:00,LINE_A,SHIFT_A,36.19,3.619,3.619,6.911,2.796
2026-08-18 12:15:00,LINE_A,SHIFT_A,34.67,3.467,3.467,6.85,2.818
2026-08-18 12:30:00,LINE_A,SHIFT_A,34.53,3.453,3.453,6.759,3.024
2026-08-18 12:45:00,LINE_A,SHIFT_A,35.71,3.571,3.571,7.064,2.878
2026-08-18 13:00:00,LINE_A,SHIFT_A,36.11,3.611,3.611,7.328,2.798
2026-08-18 13:15:00,LINE_A,SHIFT_A,35.35,3.535,3.535,6.844,2.722
2026-08-18 13:30:00,LINE_A,SHIFT_A,36.81,3.681,3.681,6.776,3.139
2026-08-18 13:45:00,LINE_A,SHIFT_A,35.22,3.522,3.522,7.439,2.745
2026-08-18 14:00:00,LINE_A,SHIFT_B,39.61,3.961,3.961,6.889,3.02
2026-08-18 14:15:00,LINE_A,SHIFT_B,36.54,3.654,3.654,7.257,3.041
2026-08-18 14:30:00,LINE_A,SHIFT_B,37.77,3.777,3.777,7.246,2.873
2026-08-18 14:45:00,LINE_A,SHIFT_B,37.83,3.783,3.783,7.144,3.159
2026-08-18 15:00:00,LINE_A,SHIFT_B,35.68,3.568,3.568,7.469,2.958
2026-08-18 15:15:00,LINE_A,SHIFT_B,36.53,3.653,3.653,7.448,2.86
2026-08-18 15:30:00,LINE_A,SHIFT_B,36.19,3.619,3.619,7.554,2.974
2026-08-18 15:45:00,LINE_A,SHIFT_B,36.29,3.629,3.629,7.168,3.144
2026-08-18 16:00:00,LINE_A,SHIFT_B,35.56,3.556,3.556,7.602,2.743
2026-08-18 16:15:00,LINE_A,SHIFT_B,37.9,3.79,3.79,7.281,2.93
2026-08-18 16:30:00,LINE_A,SHIFT_B,37.91,3.791,3.791,7.665,2.684
2026-08-18 16:45:00,LINE_A,SHIFT_B,36.44,3.644,3.644,7.513,2.347
2026-08-18 17:00:00,LINE_A,SHIFT_B,33.05,3.305,3.305,7.41,2.987
2026-08-18 17:15:00,LINE_A,SHIFT_B,36.55,3.655,3.655,7.562,3.081
2026-08-18 17:30:00,LINE_A,SHIFT_B,36.74,3.674,3.674,6.79,3.007
2026-08-18 17:45:00,LINE_A,SHIFT_B,35.54,3.554,3.554,7.924,2.526
2026-08-18 18:00:00,LINE_A,SHIFT_B,35.35,3.535,3.535,7.095,3.041
2026-08-18 18:15:00,LINE_A,SHIFT_B,35.42,3.542,3.542,6.872,2.937
2026-08-18 18:30:00,LINE_A,SHIFT_B,36.16,3.616,3.616,7.173,2.758
2026-08-18 18:45:00,LINE_A,SHIFT_B,36.79,3.679,3.679,7.785,2.505
2026-08-18 19:00:00,LINE_A,SHIFT_B,31.51,3.151,3.151,5.901,2.65
2026-08-18 19:15:00,LINE_A,SHIFT_B,32.6,3.26,3.26,6.357,2.817
2026-08-18 19:30:00,LINE_A,SHIFT_B,33.63,3.363,3.363,7.248,3.231
2026-08-18 19:45:00,LINE_A,SHIFT_B,37.63,3.763,3.763,7.18,2.897
2026-08-18 20:00:00,LINE_A,SHIFT_B,36.4,3.64,3.64,7.531,2.922
2026-08-18 20:15:00,LINE_A,SHIFT_B,36.28,3.628,3.628,7.168,3.079
2026-08-18 20:30:00,LINE_A,SHIFT_B,36.97,3.697,3.697,7.247,3.013
2026-08-18 20:45:00,LINE_A,SHIFT_B,34.7,3.47,3.47,6.151,2.91
2026-08-18 21:00:00,LINE_A,SHIFT_B,35.88,3.588,3.588,6.662,2.913
2026-08-18 21:15:00,LINE_A,SHIFT_B,35.59,3.559,3.559,6.135,3.265
2026-08-18 21:30:00,LINE_A,SHIFT_B,34.12,3.412,3.412,6.702,2.849
2026-08-18 21:45:00,LINE_A,SHIFT_B,35.53,3.553,3.553,6.731,3.157
2026-08-18 22:00:00,LINE_A,SHIFT_C,25.9,2.59,2.59,5.033,2.554
2026-08-18 22:15:00,LINE_A,SHIFT_C,28.92,2.892,2.892,5.539,2.456
2026-08-18 22:30:00,LINE_A,SHIFT_C,26.61,2.661,2.661,5.419,2.188
2026-08-18 22:45:00,LINE_A,SHIFT_C,26.46,2.646,2.646,5.542,2.416
2026-08-18 23:00:00,LINE_A,SHIFT_C,26.71,2.671,2.671,5.583,2.604
2026-08-18 23:15:00,LINE_A,SHIFT_C,28.55,2.855,2.855,4.954,2.554
2026-08-18 23:30:00,LINE_A,SHIFT_C,25.04,2.504,2.504,5.455,2.495
2026-08-18 23:45:00,LINE_A,SHIFT_C,25.95,2.595,2.595,5.296,2.53
2026-08-19 00:00:00,LINE_A,SHIFT_C,28.85,2.885,2.885,4.945,2.375
2026-08-19 00:15:00,LINE_A,SHIFT_C,27.65,2.765,2.765,5.619,2.481
2026-08-19 00:30:00,LINE_A,SHIFT_C,28.35,2.835,2.835,5.349,2.194
2026-08-19 00:45:00,LINE_A,SHIFT_C,28.59,2.859,2.859,5.647,2.172
2026-08-19 01:00:00,LINE_A,SHIFT_C,27.86,2.786,2.786,5.797,2.861
2026-08-19 01:15:00,LINE_A,SHIFT_C,25.95,2.595,2.595,5.681,2.38
2026-08-19 01:30:00,LINE_A,SHIFT_C,26.26,2.626,2.626,5.385,2.548
2026-08-19 01:45:00,LINE_A,SHIFT_C,27.25,2.725,2.725,4.834,2.616
2026-08-19 02:00:00,LINE_A,SHIFT_C,25.3,2.53,2.53,5.629,2.626
2026-08-19 02:15:00,LINE_A,SHIFT_C,26.39,2.639,2.639,5.586,2.806
2026-08-19 02:30:00,LINE_A,SHIFT_C,25.41,2.541,2.541,5.326,2.526
2026-08-19 02:45:00,LINE_A,SHIFT_C,26.45,2.645,2.645,5.063,2.731
2026-08-19 03:00:00,LINE_A,SHIFT_C,24.91,2.491,2.491,5.0,2.349
2026-08-19 03:15:00,LINE_A,SHIFT_C,24.59,2.459,2.459,5.19,2.443
2026-08-19 03:30:00,LINE_A,SHIFT_C,27.42,2.742,2.742,5.439,2.748
2026-08-19 03:45:00,LINE_A,SHIFT_C,26.55,2.655,2.655,5.906,2.321
2026-08-19 04:00:00,LINE_A,SHIFT_C,25.64,2.564,2.564,5.458,2.977
2026-08-19 04:15:00,LINE_A,SHIFT_C,26.28,2.628,2.628,5.24,2.971
2026-08-19 04:30:00,LINE_A,SHIFT_C,27.21,2.721,2.721,5.404,2.497
2026-08-19 04:45:00,LINE_A,SHIFT_C,26.78,2.678,2.678,5.174,2.571
2026-08-19 05:00:00,LINE_A,SHIFT_C,25.83,2.583,2.583,5.225,2.629
2026-08-19 05:15:00,LINE_A,SHIFT_C,27.64,2.764,2.764,5.47,2.587
2026-08-19 05:30:00,LINE_A,SHIFT_C,24.63,2.463,2.463,5.291,2.882
2026-08-19 05:45:00,LINE_A,SHIFT_C,28.17,2.817,2.817,4.825,2.431
2026-08-19 06:00:00,LINE_A,SHIFT_A,33.43,3.343,3.343,5.934,3.189
2026-08-19 06:15:00,LINE_A,SHIFT_A,33.1,3.31,3.31,6.797,2.961
2026-08-19 06:30:00,LINE_A,SHIFT_A,34.24,3.424,3.424,6.464,3.364
2026-08-19 06:45:00,LINE_A,SHIFT_A,35.29,3.529,3.529,6.762,3.174
2026-08-19 07:00:00,LINE_A,SHIFT_A,35.51,3.551,3.551,6.264,2.998
2026-08-19 07:15:00,LINE_A,SHIFT_A,35.4,3.54,3.54,7.274,3.506
2026-08-19 07:30:00,LINE_A,SHIFT_A,32.38,3.238,3.238,7.387,3.376
2026-08-19 07:45:00,LINE_A,SHIFT_A,37.76,3.776,3.776,6.822,3.202
2026-08-19 08:00:00,LINE_A,SHIFT_A,36.83,3.683,3.683,7.201,3.262
2026-08-19 08:15:00,LINE_A,SHIFT_A,34.21,3.421,3.421,6.566,2.676
2026-08-19 08:30:00,LINE_A,SHIFT_A,35.43,3.543,3.543,6.86,3.272
2026-08-19 08:45:00,LINE_A,SHIFT_A,36.92,3.692,3.692,7.033,2.732
2026-08-19 09:00:00,LINE_A,SHIFT_A,35.46,3.546,3.546,7.428,3.106
2026-08-19 09:15:00,LINE_A,SHIFT_A,33.51,3.351,3.351,6.783,2.782
2026-08-19 09:30:00,LINE_A,SHIFT_A,34.58,3.458,3.458,6.809,3.114
2026-08-19 09:45:00,LINE_A,SHIFT_A,33.25,3.325,3.325,6.997,3.186
2026-08-19 10:00:00,LINE_A,SHIFT_A,36.64,3.664,3.664,7.098,2.88
2026-08-19 10:15:00,LINE_A,SHIFT_A,35.42,3.542,3.542,6.933,3.55
2026-08-19 10:30:00,LINE_A,SHIFT_A,33.94,3.394,3.394,7.396,3.053
2026-08-19 10:45:00,LINE_A,SHIFT_A,36.47,3.647,3.647,6.999,3.071
2026-08-19 11:00:00,LINE_A,SHIFT_A,35.63,3.563,3.563,6.761,2.769
2026-08-19 11:15:00,LINE_A,SHIFT_A,37.31,3.731,3.731,6.966,3.345
2026-08-19 11:30:00,LINE_A,SHIFT_A,29.97,2.997,2.997,6.434,2.806
2026-08-19 11:45:00,LINE_A,SHIFT_A,32.52,3.252,3.252,6.316,2.528
2026-08-19 12:00:00,LINE_A,SHIFT_A,38.63,3.863,3.863,6.765,2.982
2026-08-19 12:15:00,LINE_A,SHIFT_A,36.47,3.647,3.647,7.223,2.954
2026-08-19 12:30:00,LINE_A,SHIFT_A,32.22,3.222,3.222,6.931,2.654
2026-08-19 12:45:00,LINE_A,SHIFT_A,35.45,3.545,3.545,6.635,2.787
2026-08-19 13:00:00,LINE_A,SHIFT_A,37.07,3.707,3.707,7.17,3.073
2026-08-19 13:15:00,LINE_A,SHIFT_A,36.32,3.632,3.632,6.893,2.57
2026-08-19 13:30:00,LINE_A,SHIFT_A,37.24,3.724,3.724,7.505,2.977
2026-08-19 13:45:00,LINE_A,SHIFT_A,34.89,3.489,3.489,7.277,2.794
2026-08-19 14:00:00,LINE_A,SHIFT_B,40.16,4.016,4.016,8.266,2.511
2026-08-19 14:15:00,LINE_A,SHIFT_B,39.04,3.904,3.904,7.559,3.039
2026-08-19 14:30:00,LINE_A,SHIFT_B,39.64,3.964,3.964,7.613,2.533
2026-08-19 14:45:00,LINE_A,SHIFT_B,37.35,3.735,3.735,7.652,2.949
2026-08-19 15:00:00,LINE_A,SHIFT_B,37.96,3.796,3.796,7.041,2.794
2026-08-19 15:15:00,LINE_A,SHIFT_B,37.93,3.793,3.793,7.035,2.809
2026-08-19 15:30:00,LINE_A,SHIFT_B,36.02,3.602,3.602,7.137,2.472
2026-08-19 15:45:00,LINE_A,SHIFT_B,35.9,3.59,3.59,7.343,2.665
2026-08-19 16:00:00,LINE_A,SHIFT_B,36.38,3.638,3.638,6.641,2.881
2026-08-19 16:15:00,LINE_A,SHIFT_B,37.53,3.753,3.753,7.616,2.682
2026-08-19 16:30:00,LINE_A,SHIFT_B,36.62,3.662,3.662,7.22,2.678
2026-08-19 16:45:00,LINE_A,SHIFT_B,34.68,3.468,3.468,7.685,2.792
2026-08-19 17:00:00,LINE_A,SHIFT_B,39.11,3.911,3.911,6.507,2.682
2026-08-19 17:15:00,LINE_A,SHIFT_B,37.27,3.727,3.727,7.779,2.731
2026-08-19 17:30:00,LINE_A,SHIFT_B,34.54,3.454,3.454,6.7,2.988
2026-08-19 17:45:00,LINE_A,SHIFT_B,37.44,3.744,3.744,7.585,2.92
2026-08-19 18:00:00,LINE_A,SHIFT_B,35.21,3.521,3.521,7.058,2.756
2026-08-19 18:15:00,LINE_A,SHIFT_B,36.12,3.612,3.612,7.08,2.912
2026-08-19 18:30:00,LINE_A,SHIFT_B,38.21,3.821,3.821,6.962,2.808
2026-08-19 18:45:00,LINE_A,SHIFT_B,35.59,3.559,3.559,7.771,3.083
2026-08-19 19:00:00,LINE_A,SHIFT_B,31.3,3.13,3.13,6.846,2.872
2026-08-19 19:15:00,LINE_A,SHIFT_B,32.85,3.285,3.285,5.938,2.547
2026-08-19 19:30:00,LINE_A,SHIFT_B,35.93,3.593,3.593,7.341,2.85
2026-08-19 19:45:00,LINE_A,SHIFT_B,34.75,3.475,3.475,7.134,3.022
2026-08-19 20:00:00,LINE_A,SHIFT_B,35.12,3.512,3.512,6.893,2.755
2026-08-19 20:15:00,LINE_A,SHIFT_B,32.5,3.25,3.25,6.805,3.112
2026-08-19 20:30:00,LINE_A,SHIFT_B,35.57,3.557,3.557,6.626,3.266
2026-08-19 20:45:00,LINE_A,SHIFT_B,36.26,3.626,3.626,6.965,2.578
2026-08-19 21:00:00,LINE_A,SHIFT_B,35.37,3.537,3.537,7.129,2.619
2026-08-19 21:15:00,LINE_A,SHIFT_B,36.77,3.677,3.677,6.933,2.805
2026-08-19 21:30:00,LINE_A,SHIFT_B,34.66,3.466,3.466,6.665,2.953
2026-08-19 21:45:00,LINE_A,SHIFT_B,34.58,3.458,3.458,6.839,2.988
2026-08-19 22:00:00,LINE_A,SHIFT_C,26.29,2.629,2.629,5.351,2.183
2026-08-19 22:15:00,LINE_A,SHIFT_C,27.05,2.705,2.705,4.695,2.299
2026-08-19 22:30:00,LINE_A,SHIFT_C,26.67,2.667,2.667,5.481,2.479
2026-08-19 22:45:00,LINE_A,SHIFT_C,27.59,2.759,2.759,5.525,2.612
2026-08-19 23:00:00,LINE_A,SHIFT_C,26.16,2.616,2.616,5.378,2.204
2026-08-19 23:15:00,LINE_A,SHIFT_C,27.25,2.725,2.725,5.376,2.782
2026-08-19 23:30:00,LINE_A,SHIFT_C,27.24,2.724,2.724,5.622,2.306
2026-08-19 23:45:00,LINE_A,SHIFT_C,26.96,2.696,2.696,4.792,2.366
2026-08-20 00:00:00,LINE_A,SHIFT_C,26.66,2.666,2.666,5.381,2.619
2026-08-20 00:15:00,LINE_A,SHIFT_C,28.44,2.844,2.844,5.729,2.831
2026-08-20 00:30:00,LINE_A,SHIFT_C,27.14,2.714,2.714,5.164,2.231
2026-08-20 00:45:00,LINE_A,SHIFT_C,24.52,2.452,2.452,5.402,2.501
2026-08-20 01:00:00,LINE_A,SHIFT_C,24.93,2.493,2.493,5.781,2.65
2026-08-20 01:15:00,LINE_A,SHIFT_C,26.88,2.688,2.688,4.443,2.464
2026-08-20 01:30:00,LINE_A,SHIFT_C,26.03,2.603,2.603,5.276,2.522
2026-08-20 01:45:00,LINE_A,SHIFT_C,28.93,2.893,2.893,5.252,2.569
2026-08-20 02:00:00,LINE_A,SHIFT_C,29.29,2.929,2.929,5.214,2.764
2026-08-20 02:15:00,LINE_A,SHIFT_C,26.4,2.64,2.64,5.029,2.425
2026-08-20 02:30:00,LINE_A,SHIFT_C,27.43,2.743,2.743,4.237,2.375
2026-08-20 02:45:00,LINE_A,SHIFT_C,29.03,2.903,2.903,5.141,2.538
2026-08-20 03:00:00,LINE_A,SHIFT_C,26.42,2.642,2.642,5.72,2.793
2026-08-20 03:15:00,LINE_A,SHIFT_C,27.43,2.743,2.743,5.604,2.006
2026-08-20 03:30:00,LINE_A,SHIFT_C,26.2,2.62,2.62,5.586,2.783
2026-08-20 03:45:00,LINE_A,SHIFT_C,26.96,2.696,2.696,5.618,2.87
2026-08-20 04:00:00,LINE_A,SHIFT_C,25.99,2.599,2.599,5.573,2.561
2026-08-20 04:15:00,LINE_A,SHIFT_C,26.58,2.658,2.658,5.502,2.463
2026-08-20 04:30:00,LINE_A,SHIFT_C,26.02,2.602,2.602,5.948,2.09
2026-08-20 04:45:00,LINE_A,SHIFT_C,28.38,2.838,2.838,5.969,1.87
2026-08-20 05:00:00,LINE_A,SHIFT_C,26.32,2.632,2.632,6.173,2.555
2026-08-20 05:15:00,LINE_A,SHIFT_C,27.57,2.757,2.757,5.117,2.79
2026-08-20 05:30:00,LINE_A,SHIFT_C,27.88,2.788,2.788,5.71,2.554
2026-08-20 05:45:00,LINE_A,SHIFT_C,27.75,2.775,2.775,5.561,2.397
2026-08-20 06:00:00,LINE_A,SHIFT_A,33.91,3.391,3.391,6.772,3.389
2026-08-20 06:15:00,LINE_A,SHIFT_A,32.21,3.221,3.221,6.951,3.361
2026-08-20 06:30:00,LINE_A,SHIFT_A,31.26,3.126,3.126,7.225,3.147
2026-08-20 06:45:00,LINE_A,SHIFT_A,32.67,3.267,3.267,6.521,3.073
2026-08-20 07:00:00,LINE_A,SHIFT_A,33.62,3.362,3.362,6.717,2.76
2026-08-20 07:15:00,LINE_A,SHIFT_A,33.05,3.305,3.305,7.053,2.857
2026-08-20 07:30:00,LINE_A,SHIFT_A,33.5,3.35,3.35,7.275,3.188
2026-08-20 07:45:00,LINE_A,SHIFT_A,34.76,3.476,3.476,6.112,3.046
2026-08-20 08:00:00,LINE_A,SHIFT_A,35.84,3.584,3.584,7.15,3.183
2026-08-20 08:15:00,LINE_A,SHIFT_A,32.11,3.211,3.211,7.046,2.926
2026-08-20 08:30:00,LINE_A,SHIFT_A,33.5,3.35,3.35,6.597,3.109
2026-08-20 08:45:00,LINE_A,SHIFT_A,34.39,3.439,3.439,7.376,3.05
2026-08-20 09:00:00,LINE_A,SHIFT_A,34.78,3.478,3.478,7.43,2.659
2026-08-20 09:15:00,LINE_A,SHIFT_A,33.64,3.364,3.364,6.496,2.787
2026-08-20 09:30:00,LINE_A,SHIFT_A,33.82,3.382,3.382,7.039,2.794
2026-08-20 09:45:00,LINE_A,SHIFT_A,33.48,3.348,3.348,7.186,3.016
2026-08-20 10:00:00,LINE_A,SHIFT_A,35.97,3.597,3.597,7.592,2.891
2026-08-20 10:15:00,LINE_A,SHIFT_A,33.87,3.387,3.387,6.839,2.928
2026-08-20 10:30:00,LINE_A,SHIFT_A,33.59,3.359,3.359,7.874,2.778
2026-08-20 10:45:00,LINE_A,SHIFT_A,39.06,3.906,3.906,7.247,3.014
2026-08-20 11:00:00,LINE_A,SHIFT_A,34.08,3.408,3.408,6.57,2.827
2026-08-20 11:15:00,LINE_A,SHIFT_A,33.67,3.367,3.367,7.785,3.022
2026-08-20 11:30:00,LINE_A,SHIFT_A,31.66,3.166,3.166,6.403,2.703
2026-08-20 11:45:00,LINE_A,SHIFT_A,31.05,3.105,3.105,5.944,2.743
2026-08-20 12:00:00,LINE_A,SHIFT_A,35.6,3.56,3.56,6.472,3.133
2026-08-20 12:15:00,LINE_A,SHIFT_A,35.87,3.587,3.587,6.864,3.206
2026-08-20 12:30:00,LINE_A,SHIFT_A,35.93,3.593,3.593,7.41,2.786
2026-08-20 12:45:00,LINE_A,SHIFT_A,36.36,3.636,3.636,7.01,2.804
2026-08-20 13:00:00,LINE_A,SHIFT_A,35.68,3.568,3.568,7.152,3.118
2026-08-20 13:15:00,LINE_A,SHIFT_A,34.81,3.481,3.481,6.738,2.442
2026-08-20 13:30:00,LINE_A,SHIFT_A,35.38,3.538,3.538,7.427,2.584
2026-08-20 13:45:00,LINE_A,SHIFT_A,33.27,3.327,3.327,6.948,2.782
2026-08-20 14:00:00,LINE_A,SHIFT_B,37.83,3.783,3.783,7.126,2.519
2026-08-20 14:15:00,LINE_A,SHIFT_B,37.22,3.722,3.722,7.501,2.612
2026-08-20 14:30:00,LINE_A,SHIFT_B,38.03,3.803,3.803,7.38,2.811
2026-08-20 14:45:00,LINE_A,SHIFT_B,35.69,3.569,3.569,7.466,3.117
2026-08-20 15:00:00,LINE_A,SHIFT_B,37.15,3.715,3.715,7.909,3.128
2026-08-20 15:15:00,LINE_A,SHIFT_B,37.54,3.754,3.754,7.72,2.6
2026-08-20 15:30:00,LINE_A,SHIFT_B,36.96,3.696,3.696,7.844,2.974
2026-08-20 15:45:00,LINE_A,SHIFT_B,39.66,3.966,3.966,7.766,2.758
2026-08-20 16:00:00,LINE_A,SHIFT_B,39.12,3.912,3.912,7.824,2.456
2026-08-20 16:15:00,LINE_A,SHIFT_B,38.01,3.801,3.801,7.638,2.908
2026-08-20 16:30:00,LINE_A,SHIFT_B,35.92,3.592,3.592,7.402,2.778
2026-08-20 16:45:00,LINE_A,SHIFT_B,36.69,3.669,3.669,7.102,2.765
2026-08-20 17:00:00,LINE_A,SHIFT_B,38.47,3.847,3.847,7.422,2.938
2026-08-20 17:15:00,LINE_A,SHIFT_B,36.62,3.662,3.662,7.196,3.268
2026-08-20 17:30:00,LINE_A,SHIFT_B,32.62,3.262,3.262,7.148,2.944
2026-08-20 17:45:00,LINE_A,SHIFT_B,37.57,3.757,3.757,7.612,2.799
2026-08-20 18:00:00,LINE_A,SHIFT_B,34.26,3.426,3.426,7.204,2.987
2026-08-20 18:15:00,LINE_A,SHIFT_B,36.84,3.684,3.684,7.581,3.009
2026-08-20 18:30:00,LINE_A,SHIFT_B,37.86,3.786,3.786,7.642,2.741
2026-08-20 18:45:00,LINE_A,SHIFT_B,37.85,3.785,3.785,7.512,2.936
2026-08-20 19:00:00,LINE_A,SHIFT_B,32.32,3.232,3.232,6.445,2.867
2026-08-20 19:15:00,LINE_A,SHIFT_B,31.07,3.107,3.107,6.128,2.94
2026-08-20 19:30:00,LINE_A,SHIFT_B,36.23,3.623,3.623,7.511,2.862
2026-08-20 19:45:00,LINE_A,SHIFT_B,36.7,3.67,3.67,6.843,2.906
2026-08-20 20:00:00,LINE_A,SHIFT_B,35.59,3.559,3.559,6.796,2.601
2026-08-20 20:15:00,LINE_A,SHIFT_B,33.63,3.363,3.363,7.097,2.634
2026-08-20 20:30:00,LINE_A,SHIFT_B,37.26,3.726,3.726,6.645,2.699
2026-08-20 20:45:00,LINE_A,SHIFT_B,32.86,3.286,3.286,7.455,2.779
2026-08-20 21:00:00,LINE_A,SHIFT_B,36.04,3.604,3.604,7.241,3.031
2026-08-20 21:15:00,LINE_A,SHIFT_B,32.93,3.293,3.293,7.122,3.23
2026-08-20 21:30:00,LINE_A,SHIFT_B,34.07,3.407,3.407,7.104,3.001
2026-08-20 21:45:00,LINE_A,SHIFT_B,35.66,3.566,3.566,6.944,2.644
2026-08-20 22:00:00,LINE_A,SHIFT_C,26.83,2.683,2.683,5.326,2.459
2026-08-20 22:15:00,LINE_A,SHIFT_C,25.99,2.599,2.599,5.196,2.631
2026-08-20 22:30:00,LINE_A,SHIFT_C,26.4,2.64,2.64,5.636,2.416
2026-08-20 22:45:00,LINE_A,SHIFT_C,26.41,2.641,2.641,5.166,2.17
2026-08-20 23:00:00,LINE_A,SHIFT_C,25.9,2.59,2.59,5.429,2.686
2026-08-20 23:15:00,LINE_A,SHIFT_C,27.55,2.755,2.755,5.165,2.441
2026-08-20 23:30:00,LINE_A,SHIFT_C,26.57,2.657,2.657,5.492,2.439
2026-08-20 23:45:00,LINE_A,SHIFT_C,27.41,2.741,2.741,5.389,2.828
2026-08-21 00:00:00,LINE_A,SHIFT_C,27.92,2.792,2.792,5.448,2.635
2026-08-21 00:15:00,LINE_A,SHIFT_C,28.58,2.858,2.858,5.532,2.364
2026-08-21 00:30:00,LINE_A,SHIFT_C,29.66,2.966,2.966,5.253,2.401
2026-08-21 00:45:00,LINE_A,SHIFT_C,27.68,2.768,2.768,4.661,2.196
2026-08-21 01:00:00,LINE_A,SHIFT_C,28.94,2.894,2.894,5.5,2.435
2026-08-21 01:15:00,LINE_A,SHIFT_C,26.03,2.603,2.603,5.458,2.206
2026-08-21 01:30:00,LINE_A,SHIFT_C,25.04,2.504,2.504,4.708,2.593
2026-08-21 01:45:00,LINE_A,SHIFT_C,26.27,2.627,2.627,5.05,2.177
2026-08-21 02:00:00,LINE_A,SHIFT_C,27.09,2.709,2.709,5.674,2.581
2026-08-21 02:15:00,LINE_A,SHIFT_C,28.0,2.8,2.8,5.527,2.483
2026-08-21 02:30:00,LINE_A,SHIFT_C,28.31,2.831,2.831,4.792,2.756
2026-08-21 02:45:00,LINE_A,SHIFT_C,28.91,2.891,2.891,5.982,2.515
2026-08-21 03:00:00,LINE_A,SHIFT_C,26.6,2.66,2.66,5.744,2.522
2026-08-21 03:15:00,LINE_A,SHIFT_C,27.1,2.71,2.71,5.725,2.693
2026-08-21 03:30:00,LINE_A,SHIFT_C,26.52,2.652,2.652,5.123,2.711
2026-08-21 03:45:00,LINE_A,SHIFT_C,26.33,2.633,2.633,5.359,2.5
2026-08-21 04:00:00,LINE_A,SHIFT_C,27.28,2.728,2.728,4.871,2.723
2026-08-21 04:15:00,LINE_A,SHIFT_C,27.72,2.772,2.772,5.35,2.357
2026-08-21 04:30:00,LINE_A,SHIFT_C,27.03,2.703,2.703,5.237,2.789
2026-08-21 04:45:00,LINE_A,SHIFT_C,29.28,2.928,2.928,6.128,2.885
2026-08-21 05:00:00,LINE_A,SHIFT_C,27.32,2.732,2.732,5.432,2.747
2026-08-21 05:15:00,LINE_A,SHIFT_C,30.33,3.033,3.033,5.016,2.481
2026-08-21 05:30:00,LINE_A,SHIFT_C,28.36,2.836,2.836,5.57,2.578
2026-08-21 05:45:00,LINE_A,SHIFT_C,27.51,2.751,2.751,5.371,2.661
2026-08-21 06:00:00,LINE_A,SHIFT_A,32.75,3.275,3.275,6.969,3.292
2026-08-21 06:15:00,LINE_A,SHIFT_A,34.0,3.4,3.4,7.621,3.168
2026-08-21 06:30:00,LINE_A,SHIFT_A,32.79,3.279,3.279,6.875,3.396
2026-08-21 06:45:00,LINE_A,SHIFT_A,32.1,3.21,3.21,7.239,3.108
2026-08-21 07:00:00,LINE_A,SHIFT_A,35.32,3.532,3.532,7.175,3.278
2026-08-21 07:15:00,LINE_A,SHIFT_A,33.0,3.3,3.3,7.362,3.137
2026-08-21 07:30:00,LINE_A,SHIFT_A,36.51,3.651,3.651,7.237,2.952
2026-08-21 07:45:00,LINE_A,SHIFT_A,32.49,3.249,3.249,6.986,2.86
2026-08-21 08:00:00,LINE_A,SHIFT_A,33.29,3.329,3.329,6.34,2.901
2026-08-21 08:15:00,LINE_A,SHIFT_A,34.01,3.401,3.401,7.119,2.987
2026-08-21 08:30:00,LINE_A,SHIFT_A,34.9,3.49,3.49,7.151,3.043
2026-08-21 08:45:00,LINE_A,SHIFT_A,36.45,3.645,3.645,6.852,2.565
2026-08-21 09:00:00,LINE_A,SHIFT_A,32.68,3.268,3.268,7.861,2.868
2026-08-21 09:15:00,LINE_A,SHIFT_A,34.22,3.422,3.422,6.984,2.891
2026-08-21 09:30:00,LINE_A,SHIFT_A,32.28,3.228,3.228,7.319,2.857
2026-08-21 09:45:00,LINE_A,SHIFT_A,35.7,3.57,3.57,7.835,2.681
2026-08-21 10:00:00,LINE_A,SHIFT_A,33.7,3.37,3.37,6.684,2.977
2026-08-21 10:15:00,LINE_A,SHIFT_A,36.44,3.644,3.644,7.023,2.684
2026-08-21 10:30:00,LINE_A,SHIFT_A,35.94,3.594,3.594,7.567,3.158
2026-08-21 10:45:00,LINE_A,SHIFT_A,33.57,3.357,3.357,7.866,2.92
2026-08-21 11:00:00,LINE_A,SHIFT_A,33.68,3.368,3.368,7.24,3.054
2026-08-21 11:15:00,LINE_A,SHIFT_A,35.58,3.558,3.558,6.934,3.233
2026-08-21 11:30:00,LINE_A,SHIFT_A,32.98,3.298,3.298,6.887,2.828
2026-08-21 11:45:00,LINE_A,SHIFT_A,32.45,3.245,3.245,6.447,2.926
2026-08-21 12:00:00,LINE_A,SHIFT_A,33.95,3.395,3.395,7.255,2.973
2026-08-21 12:15:00,LINE_A,SHIFT_A,34.77,3.477,3.477,7.454,2.844
2026-08-21 12:30:00,LINE_A,SHIFT_A,33.36,3.336,3.336,7.408,2.628
2026-08-21 12:45:00,LINE_A,SHIFT_A,36.29,3.629,3.629,7.582,2.863
2026-08-21 13:00:00,LINE_A,SHIFT_A,35.98,3.598,3.598,6.704,2.869
2026-08-21 13:15:00,LINE_A,SHIFT_A,37.17,3.717,3.717,6.749,2.83
2026-08-21 13:30:00,LINE_A,SHIFT_A,37.17,3.717,3.717,7.736,2.602
2026-08-21 13:45:00,LINE_A,SHIFT_A,34.37,3.437,3.437,7.176,2.836
2026-08-21 14:00:00,LINE_A,SHIFT_B,35.5,3.55,3.55,7.619,2.84
2026-08-21 14:15:00,LINE_A,SHIFT_B,37.01,3.701,3.701,8.445,3.081
2026-08-21 14:30:00,LINE_A,SHIFT_B,37.64,3.764,3.764,7.696,2.541
2026-08-21 14:45:00,LINE_A,SHIFT_B,40.47,4.047,4.047,8.327,3.116
2026-08-21 15:00:00,LINE_A,SHIFT_B,36.26,3.626,3.626,7.401,2.721
2026-08-21 15:15:00,LINE_A,SHIFT_B,37.84,3.784,3.784,7.169,2.707
2026-08-21 15:30:00,LINE_A,SHIFT_B,38.34,3.834,3.834,7.446,2.901
2026-08-21 15:45:00,LINE_A,SHIFT_B,37.53,3.753,3.753,7.136,2.502
2026-08-21 16:00:00,LINE_A,SHIFT_B,37.06,3.706,3.706,7.632,3.018
2026-08-21 16:15:00,LINE_A,SHIFT_B,35.63,3.563,3.563,7.367,2.65
2026-08-21 16:30:00,LINE_A,SHIFT_B,39.42,3.942,3.942,7.518,2.844
2026-08-21 16:45:00,LINE_A,SHIFT_B,35.84,3.584,3.584,7.536,2.531
2026-08-21 17:00:00,LINE_A,SHIFT_B,35.81,3.581,3.581,8.361,3.25
2026-08-21 17:15:00,LINE_A,SHIFT_B,37.95,3.795,3.795,7.381,2.701
2026-08-21 17:30:00,LINE_A,SHIFT_B,35.73,3.573,3.573,7.534,2.606
2026-08-21 17:45:00,LINE_A,SHIFT_B,38.15,3.815,3.815,6.907,2.593
2026-08-21 18:00:00,LINE_A,SHIFT_B,36.9,3.69,3.69,7.045,2.488
2026-08-21 18:15:00,LINE_A,SHIFT_B,35.07,3.507,3.507,7.355,2.6
2026-08-21 18:30:00,LINE_A,SHIFT_B,35.8,3.58,3.58,7.295,2.801
2026-08-21 18:45:00,LINE_A,SHIFT_B,35.79,3.579,3.579,6.937,2.859
2026-08-21 19:00:00,LINE_A,SHIFT_B,31.98,3.198,3.198,6.357,3.058
2026-08-21 19:15:00,LINE_A,SHIFT_B,31.38,3.138,3.138,6.472,2.477
2026-08-21 19:30:00,LINE_A,SHIFT_B,36.46,3.646,3.646,7.355,3.229
2026-08-21 19:45:00,LINE_A,SHIFT_B,33.98,3.398,3.398,6.98,3.08
2026-08-21 20:00:00,LINE_A,SHIFT_B,37.77,3.777,3.777,6.915,2.626
2026-08-21 20:15:00,LINE_A,SHIFT_B,34.76,3.476,3.476,7.204,2.843
2026-08-21 20:30:00,LINE_A,SHIFT_B,33.52,3.352,3.352,6.867,2.79
2026-08-21 20:45:00,LINE_A,SHIFT_B,35.5,3.55,3.55,7.348,2.831
2026-08-21 21:00:00,LINE_A,SHIFT_B,35.12,3.512,3.512,6.889,3.074
2026-08-21 21:15:00,LINE_A,SHIFT_B,31.63,3.163,3.163,6.962,3.264
2026-08-21 21:30:00,LINE_A,SHIFT_B,34.31,3.431,3.431,6.847,2.677
2026-08-21 21:45:00,LINE_A,SHIFT_B,35.71,3.571,3.571,7.006,2.859
2026-08-21 22:00:00,LINE_A,SHIFT_C,25.53,2.553,2.553,5.027,2.23
2026-08-21 22:15:00,LINE_A,SHIFT_C,27.39,2.739,2.739,5.603,2.203
2026-08-21 22:30:00,LINE_A,SHIFT_C,27.37,2.737,2.737,5.358,2.303
2026-08-21 22:45:00,LINE_A,SHIFT_C,29.01,2.901,2.901,4.783,2.561
2026-08-21 23:00:00,LINE_A,SHIFT_C,28.09,2.809,2.809,5.447,2.115
2026-08-21 23:15:00,LINE_A,SHIFT_C,27.15,2.715,2.715,5.737,2.536
2026-08-21 23:30:00,LINE_A,SHIFT_C,26.04,2.604,2.604,5.603,2.253
2026-08-21 23:45:00,LINE_A,SHIFT_C,26.01,2.601,2.601,5.211,2.264
2026-08-22 00:00:00,LINE_A,SHIFT_C,22.82,2.282,2.282,4.284,2.673
2026-08-22 00:15:00,LINE_A,SHIFT_C,20.27,2.027,2.027,4.236,2.238
2026-08-22 00:30:00,LINE_A,SHIFT_C,22.16,2.216,2.216,4.649,2.475
2026-08-22 00:45:00,LINE_A,SHIFT_C,22.95,2.295,2.295,4.262,2.099
2026-08-22 01:00:00,LINE_A,SHIFT_C,21.84,2.184,2.184,3.966,2.24
2026-08-22 01:15:00,LINE_A,SHIFT_C,22.06,2.206,2.206,4.496,2.115
2026-08-22 01:30:00,LINE_A,SHIFT_C,22.68,2.268,2.268,4.687,2.288
2026-08-22 01:45:00,LINE_A,SHIFT_C,19.83,1.983,1.983,4.523,1.923
2026-08-22 02:00:00,LINE_A,SHIFT_C,23.0,2.3,2.3,4.509,2.157
2026-08-22 02:15:00,LINE_A,SHIFT_C,20.4,2.04,2.04,4.592,2.246
2026-08-22 02:30:00,LINE_A,SHIFT_C,20.59,2.059,2.059,4.15,2.573
2026-08-22 02:45:00,LINE_A,SHIFT_C,22.41,2.241,2.241,4.357,1.939
2026-08-22 03:00:00,LINE_A,SHIFT_C,19.75,1.975,1.975,4.793,2.126
2026-08-22 03:15:00,LINE_A,SHIFT_C,20.91,2.091,2.091,4.698,2.117
2026-08-22 03:30:00,LINE_A,SHIFT_C,21.97,2.197,2.197,4.61,2.16
2026-08-22 03:45:00,LINE_A,SHIFT_C,21.0,2.1,2.1,4.365,2.372
2026-08-22 04:00:00,LINE_A,SHIFT_C,20.27,2.027,2.027,4.222,2.338
2026-08-22 04:15:00,LINE_A,SHIFT_C,23.49,2.349,2.349,4.412,2.242
2026-08-22 04:30:00,LINE_A,SHIFT_C,22.39,2.239,2.239,4.247,2.174
2026-08-22 04:45:00,LINE_A,SHIFT_C,23.05,2.305,2.305,4.51,2.319
2026-08-22 05:00:00,LINE_A,SHIFT_C,22.83,2.283,2.283,4.38,2.007
2026-08-22 05:15:00,LINE_A,SHIFT_C,23.75,2.375,2.375,4.676,2.335
2026-08-22 05:30:00,LINE_A,SHIFT_C,22.35,2.235,2.235,4.445,2.195
2026-08-22 05:45:00,LINE_A,SHIFT_C,20.7,2.07,2.07,4.402,2.172
2026-08-22 06:00:00,LINE_A,SHIFT_A,26.24,2.624,2.624,5.373,3.091
2026-08-22 06:15:00,LINE_A,SHIFT_A,29.96,2.996,2.996,5.287,3.026
2026-08-22 06:30:00,LINE_A,SHIFT_A,27.47,2.747,2.747,5.671,2.221
2026-08-22 06:45:00,LINE_A,SHIFT_A,26.93,2.693,2.693,5.589,2.244
2026-08-22 07:00:00,LINE_A,SHIFT_A,28.57,2.857,2.857,5.449,2.62
2026-08-22 07:15:00,LINE_A,SHIFT_A,29.52,2.952,2.952,5.715,2.715
2026-08-22 07:30:00,LINE_A,SHIFT_A,28.11,2.811,2.811,6.197,2.48
2026-08-22 07:45:00,LINE_A,SHIFT_A,27.82,2.782,2.782,5.619,2.735
2026-08-22 08:00:00,LINE_A,SHIFT_A,28.54,2.854,2.854,6.207,2.667
2026-08-22 08:15:00,LINE_A,SHIFT_A,28.86,2.886,2.886,5.673,2.524
2026-08-22 08:30:00,LINE_A,SHIFT_A,26.69,2.669,2.669,5.595,2.431
2026-08-22 08:45:00,LINE_A,SHIFT_A,28.2,2.82,2.82,5.597,2.467
2026-08-22 09:00:00,LINE_A,SHIFT_A,28.75,2.875,2.875,5.347,2.737
2026-08-22 09:15:00,LINE_A,SHIFT_A,28.77,2.877,2.877,5.752,2.467
2026-08-22 09:30:00,LINE_A,SHIFT_A,29.06,2.906,2.906,5.047,2.866
2026-08-22 09:45:00,LINE_A,SHIFT_A,28.75,2.875,2.875,5.477,2.431
2026-08-22 10:00:00,LINE_A,SHIFT_A,28.53,2.853,2.853,5.255,2.409
2026-08-22 10:15:00,LINE_A,SHIFT_A,29.45,2.945,2.945,5.635,2.333
2026-08-22 10:30:00,LINE_A,SHIFT_A,29.87,2.987,2.987,5.95,2.515
2026-08-22 10:45:00,LINE_A,SHIFT_A,29.06,2.906,2.906,5.582,2.611
2026-08-22 11:00:00,LINE_A,SHIFT_A,28.43,2.843,2.843,5.317,2.473
2026-08-22 11:15:00,LINE_A,SHIFT_A,28.96,2.896,2.896,5.604,2.509
2026-08-22 11:30:00,LINE_A,SHIFT_A,24.09,2.409,2.409,5.529,2.316
2026-08-22 11:45:00,LINE_A,SHIFT_A,24.31,2.431,2.431,5.657,2.59
2026-08-22 12:00:00,LINE_A,SHIFT_A,29.48,2.948,2.948,5.13,2.792
2026-08-22 12:15:00,LINE_A,SHIFT_A,28.77,2.877,2.877,6.06,2.482
2026-08-22 12:30:00,LINE_A,SHIFT_A,30.77,3.077,3.077,6.465,2.402
2026-08-22 12:45:00,LINE_A,SHIFT_A,29.22,2.922,2.922,6.359,2.434
2026-08-22 13:00:00,LINE_A,SHIFT_A,28.44,2.844,2.844,6.277,2.261
2026-08-22 13:15:00,LINE_A,SHIFT_A,31.19,3.119,3.119,6.522,2.643
2026-08-22 13:30:00,LINE_A,SHIFT_A,26.15,2.615,2.615,6.105,2.327
2026-08-22 13:45:00,LINE_A,SHIFT_A,30.98,3.098,3.098,6.273,2.126
2026-08-22 14:00:00,LINE_A,SHIFT_B,30.62,3.062,3.062,5.83,2.057
2026-08-22 14:15:00,LINE_A,SHIFT_B,33.66,3.366,3.366,6.387,2.547
2026-08-22 14:30:00,LINE_A,SHIFT_B,30.36,3.036,3.036,5.764,2.156
2026-08-22 14:45:00,LINE_A,SHIFT_B,32.17,3.217,3.217,6.85,2.463
2026-08-22 15:00:00,LINE_A,SHIFT_B,31.35,3.135,3.135,6.401,2.467
2026-08-22 15:15:00,LINE_A,SHIFT_B,30.6,3.06,3.06,6.116,2.676
2026-08-22 15:30:00,LINE_A,SHIFT_B,29.46,2.946,2.946,6.39,2.274
2026-08-22 15:45:00,LINE_A,SHIFT_B,30.45,3.045,3.045,5.945,2.679
2026-08-22 16:00:00,LINE_A,SHIFT_B,31.24,3.124,3.124,6.039,2.206
2026-08-22 16:15:00,LINE_A,SHIFT_B,30.52,3.052,3.052,5.491,2.323
2026-08-22 16:30:00,LINE_A,SHIFT_B,30.68,3.068,3.068,6.337,1.905
2026-08-22 16:45:00,LINE_A,SHIFT_B,30.44,3.044,3.044,6.028,2.123
2026-08-22 17:00:00,LINE_A,SHIFT_B,30.38,3.038,3.038,6.723,2.531
2026-08-22 17:15:00,LINE_A,SHIFT_B,30.56,3.056,3.056,6.34,2.091
2026-08-22 17:30:00,LINE_A,SHIFT_B,29.18,2.918,2.918,5.543,2.402
2026-08-22 17:45:00,LINE_A,SHIFT_B,29.56,2.956,2.956,5.89,2.466
2026-08-22 18:00:00,LINE_A,SHIFT_B,29.61,2.961,2.961,5.273,2.543
2026-08-22 18:15:00,LINE_A,SHIFT_B,31.39,3.139,3.139,5.683,2.297
2026-08-22 18:30:00,LINE_A,SHIFT_B,28.8,2.88,2.88,6.022,2.012
2026-08-22 18:45:00,LINE_A,SHIFT_B,28.85,2.885,2.885,5.794,2.536
2026-08-22 19:00:00,LINE_A,SHIFT_B,27.58,2.758,2.758,5.78,2.347
2026-08-22 19:15:00,LINE_A,SHIFT_B,26.04,2.604,2.604,5.323,2.55
2026-08-22 19:30:00,LINE_A,SHIFT_B,28.05,2.805,2.805,5.668,2.758
2026-08-22 19:45:00,LINE_A,SHIFT_B,29.08,2.908,2.908,6.004,2.738
2026-08-22 20:00:00,LINE_A,SHIFT_B,30.41,3.041,3.041,6.075,2.51
2026-08-22 20:15:00,LINE_A,SHIFT_B,28.55,2.855,2.855,5.839,2.665
2026-08-22 20:30:00,LINE_A,SHIFT_B,30.83,3.083,3.083,5.878,2.43
2026-08-22 20:45:00,LINE_A,SHIFT_B,28.44,2.844,2.844,5.446,2.908
2026-08-22 21:00:00,LINE_A,SHIFT_B,29.52,2.952,2.952,6.021,2.441
2026-08-22 21:15:00,LINE_A,SHIFT_B,28.97,2.897,2.897,6.285,2.374
2026-08-22 21:30:00,LINE_A,SHIFT_B,30.5,3.05,3.05,5.742,2.733
2026-08-22 21:45:00,LINE_A,SHIFT_B,30.41,3.041,3.041,5.608,2.501
2026-08-22 22:00:00,LINE_A,SHIFT_C,20.8,2.08,2.08,4.462,2.172
2026-08-22 22:15:00,LINE_A,SHIFT_C,23.02,2.302,2.302,4.896,2.091
2026-08-22 22:30:00,LINE_A,SHIFT_C,21.97,2.197,2.197,3.96,2.103
2026-08-22 22:45:00,LINE_A,SHIFT_C,22.58,2.258,2.258,4.492,2.431
2026-08-22 23:00:00,LINE_A,SHIFT_C,26.46,2.646,2.646,4.31,2.338
2026-08-22 23:15:00,LINE_A,SHIFT_C,21.23,2.123,2.123,4.308,2.248
2026-08-22 23:30:00,LINE_A,SHIFT_C,22.87,2.287,2.287,3.735,2.117
2026-08-22 23:45:00,LINE_A,SHIFT_C,20.9,2.09,2.09,4.648,2.044
2026-08-23 00:00:00,LINE_A,SHIFT_C,22.89,2.289,2.289,3.596,2.167
2026-08-23 00:15:00,LINE_A,SHIFT_C,21.36,2.136,2.136,4.039,2.361
2026-08-23 00:30:00,LINE_A,SHIFT_C,19.57,1.957,1.957,4.456,2.612
2026-08-23 00:45:00,LINE_A,SHIFT_C,22.41,2.241,2.241,4.35,2.296
2026-08-23 01:00:00,LINE_A,SHIFT_C,21.42,2.142,2.142,4.494,2.424
2026-08-23 01:15:00,LINE_A,SHIFT_C,22.54,2.254,2.254,4.346,2.589
2026-08-23 01:30:00,LINE_A,SHIFT_C,22.53,2.253,2.253,4.356,2.37
2026-08-23 01:45:00,LINE_A,SHIFT_C,20.11,2.011,2.011,4.856,1.97
2026-08-23 02:00:00,LINE_A,SHIFT_C,22.36,2.236,2.236,3.915,2.325
2026-08-23 02:15:00,LINE_A,SHIFT_C,23.66,2.366,2.366,4.219,2.851
2026-08-23 02:30:00,LINE_A,SHIFT_C,20.9,2.09,2.09,4.031,2.298
2026-08-23 02:45:00,LINE_A,SHIFT_C,22.13,2.213,2.213,4.327,2.409
2026-08-23 03:00:00,LINE_A,SHIFT_C,22.9,2.29,2.29,4.215,2.144
2026-08-23 03:15:00,LINE_A,SHIFT_C,23.15,2.315,2.315,4.063,2.429
2026-08-23 03:30:00,LINE_A,SHIFT_C,22.02,2.202,2.202,4.02,2.234
2026-08-23 03:45:00,LINE_A,SHIFT_C,19.31,1.931,1.931,4.583,2.07
2026-08-23 04:00:00,LINE_A,SHIFT_C,20.04,2.004,2.004,3.759,2.046
2026-08-23 04:15:00,LINE_A,SHIFT_C,25.15,2.515,2.515,4.368,2.321
2026-08-23 04:30:00,LINE_A,SHIFT_C,23.22,2.322,2.322,4.623,2.449
2026-08-23 04:45:00,LINE_A,SHIFT_C,20.3,2.03,2.03,4.469,1.954
2026-08-23 05:00:00,LINE_A,SHIFT_C,22.51,2.251,2.251,4.194,2.195
2026-08-23 05:15:00,LINE_A,SHIFT_C,22.79,2.279,2.279,4.401,2.199
2026-08-23 05:30:00,LINE_A,SHIFT_C,21.62,2.162,2.162,4.582,2.312
2026-08-23 05:45:00,LINE_A,SHIFT_C,22.27,2.227,2.227,4.734,2.111
2026-08-23 06:00:00,LINE_A,SHIFT_A,28.27,2.827,2.827,5.503,2.697
2026-08-23 06:15:00,LINE_A,SHIFT_A,28.42,2.842,2.842,5.11,2.41
2026-08-23 06:30:00,LINE_A,SHIFT_A,27.69,2.769,2.769,5.21,2.435
2026-08-23 06:45:00,LINE_A,SHIFT_A,26.9,2.69,2.69,5.656,2.882
2026-08-23 07:00:00,LINE_A,SHIFT_A,28.45,2.845,2.845,5.948,2.423
2026-08-23 07:15:00,LINE_A,SHIFT_A,25.56,2.556,2.556,5.918,2.926
2026-08-23 07:30:00,LINE_A,SHIFT_A,26.27,2.627,2.627,5.601,2.422
2026-08-23 07:45:00,LINE_A,SHIFT_A,27.16,2.716,2.716,5.719,2.889
2026-08-23 08:00:00,LINE_A,SHIFT_A,27.75,2.775,2.775,5.738,2.851
2026-08-23 08:15:00,LINE_A,SHIFT_A,28.63,2.863,2.863,5.521,2.624
2026-08-23 08:30:00,LINE_A,SHIFT_A,26.33,2.633,2.633,5.837,2.987
2026-08-23 08:45:00,LINE_A,SHIFT_A,29.25,2.925,2.925,5.889,2.549
2026-08-23 09:00:00,LINE_A,SHIFT_A,28.35,2.835,2.835,6.344,2.485
2026-08-23 09:15:00,LINE_A,SHIFT_A,28.49,2.849,2.849,5.318,2.704
2026-08-23 09:30:00,LINE_A,SHIFT_A,27.68,2.768,2.768,5.703,2.689
2026-08-23 09:45:00,LINE_A,SHIFT_A,29.36,2.936,2.936,6.086,2.494
2026-08-23 10:00:00,LINE_A,SHIFT_A,29.46,2.946,2.946,6.732,2.353
2026-08-23 10:15:00,LINE_A,SHIFT_A,29.52,2.952,2.952,5.887,2.128
2026-08-23 10:30:00,LINE_A,SHIFT_A,28.52,2.852,2.852,5.888,2.844
2026-08-23 10:45:00,LINE_A,SHIFT_A,26.94,2.694,2.694,5.255,2.772
2026-08-23 11:00:00,LINE_A,SHIFT_A,27.02,2.702,2.702,5.734,2.831
2026-08-23 11:15:00,LINE_A,SHIFT_A,29.95,2.995,2.995,5.321,2.258
2026-08-23 11:30:00,LINE_A,SHIFT_A,26.99,2.699,2.699,5.115,2.371
2026-08-23 11:45:00,LINE_A,SHIFT_A,25.06,2.506,2.506,4.702,2.345
2026-08-23 12:00:00,LINE_A,SHIFT_A,29.81,2.981,2.981,5.944,2.158
2026-08-23 12:15:00,LINE_A,SHIFT_A,28.04,2.804,2.804,5.713,2.379
2026-08-23 12:30:00,LINE_A,SHIFT_A,29.46,2.946,2.946,5.944,2.119
2026-08-23 12:45:00,LINE_A,SHIFT_A,27.52,2.752,2.752,6.458,2.717
2026-08-23 13:00:00,LINE_A,SHIFT_A,27.71,2.771,2.771,6.866,2.362
2026-08-23 13:15:00,LINE_A,SHIFT_A,29.39,2.939,2.939,6.382,2.448
2026-08-23 13:30:00,LINE_A,SHIFT_A,31.55,3.155,3.155,6.254,2.276
2026-08-23 13:45:00,LINE_A,SHIFT_A,27.83,2.783,2.783,6.235,2.209
2026-08-23 14:00:00,LINE_A,SHIFT_B,30.14,3.014,3.014,6.152,2.33
2026-08-23 14:15:00,LINE_A,SHIFT_B,30.9,3.09,3.09,6.065,2.274
2026-08-23 14:30:00,LINE_A,SHIFT_B,30.27,3.027,3.027,6.566,2.237
2026-08-23 14:45:00,LINE_A,SHIFT_B,32.34,3.234,3.234,6.314,2.413
2026-08-23 15:00:00,LINE_A,SHIFT_B,31.85,3.185,3.185,6.278,2.727
2026-08-23 15:15:00,LINE_A,SHIFT_B,32.24,3.224,3.224,5.611,2.426
2026-08-23 15:30:00,LINE_A,SHIFT_B,30.8,3.08,3.08,6.187,2.409
2026-08-23 15:45:00,LINE_A,SHIFT_B,30.76,3.076,3.076,6.592,2.266
2026-08-23 16:00:00,LINE_A,SHIFT_B,29.31,2.931,2.931,5.846,2.195
2026-08-23 16:15:00,LINE_A,SHIFT_B,31.09,3.109,3.109,5.49,2.383
2026-08-23 16:30:00,LINE_A,SHIFT_B,29.45,2.945,2.945,5.654,2.32
2026-08-23 16:45:00,LINE_A,SHIFT_B,31.79,3.179,3.179,5.472,2.419
2026-08-23 17:00:00,LINE_A,SHIFT_B,33.82,3.382,3.382,5.664,2.757
2026-08-23 17:15:00,LINE_A,SHIFT_B,29.49,2.949,2.949,5.509,2.123
2026-08-23 17:30:00,LINE_A,SHIFT_B,28.92,2.892,2.892,6.49,2.828
2026-08-23 17:45:00,LINE_A,SHIFT_B,29.4,2.94,2.94,5.385,2.208
2026-08-23 18:00:00,LINE_A,SHIFT_B,29.96,2.996,2.996,5.817,2.192
2026-08-23 18:15:00,LINE_A,SHIFT_B,29.97,2.997,2.997,4.654,2.565
2026-08-23 18:30:00,LINE_A,SHIFT_B,30.94,3.094,3.094,5.81,2.648
2026-08-23 18:45:00,LINE_A,SHIFT_B,30.46,3.046,3.046,6.529,2.283
2026-08-23 19:00:00,LINE_A,SHIFT_B,27.34,2.734,2.734,5.207,2.57
2026-08-23 19:15:00,LINE_A,SHIFT_B,22.78,2.278,2.278,5.095,2.523
2026-08-23 19:30:00,LINE_A,SHIFT_B,30.01,3.001,3.001,6.424,2.374
2026-08-23 19:45:00,LINE_A,SHIFT_B,28.02,2.802,2.802,5.761,2.651
2026-08-23 20:00:00,LINE_A,SHIFT_B,28.13,2.813,2.813,6.032,2.214
2026-08-23 20:15:00,LINE_A,SHIFT_B,28.22,2.822,2.822,6.043,2.726
2026-08-23 20:30:00,LINE_A,SHIFT_B,27.63,2.763,2.763,5.565,2.748
2026-08-23 20:45:00,LINE_A,SHIFT_B,28.48,2.848,2.848,6.579,2.657
2026-08-23 21:00:00,LINE_A,SHIFT_B,28.4,2.84,2.84,5.787,2.513
2026-08-23 21:15:00,LINE_A,SHIFT_B,27.2,2.72,2.72,5.591,2.63
2026-08-23 21:30:00,LINE_A,SHIFT_B,30.25,3.025,3.025,5.226,2.805
2026-08-23 21:45:00,LINE_A,SHIFT_B,26.48,2.648,2.648,6.141,2.615
2026-08-23 22:00:00,LINE_A,SHIFT_C,22.16,2.216,2.216,4.642,1.889
2026-08-23 22:15:00,LINE_A,SHIFT_C,21.87,2.187,2.187,4.166,2.098
2026-08-23 22:30:00,LINE_A,SHIFT_C,23.17,2.317,2.317,4.05,2.009
2026-08-23 22:45:00,LINE_A,SHIFT_C,22.97,2.297,2.297,4.483,2.253
2026-08-23 23:00:00,LINE_A,SHIFT_C,22.33,2.233,2.233,4.247,2.081
2026-08-23 23:15:00,LINE_A,SHIFT_C,23.44,2.344,2.344,3.974,2.302
2026-08-23 23:30:00,LINE_A,SHIFT_C,21.94,2.194,2.194,3.684,2.325
2026-08-23 23:45:00,LINE_A,SHIFT_C,23.56,2.356,2.356,4.356,2.379
2026-08-24 00:00:00,LINE_A,SHIFT_C,26.18,2.618,2.618,5.195,2.37
2026-08-24 00:15:00,LINE_A,SHIFT_C,26.66,2.666,2.666,5.152,2.541
2026-08-24 00:30:00,LINE_A,SHIFT_C,25.99,2.599,2.599,5.322,2.348
2026-08-24 00:45:00,LINE_A,SHIFT_C,26.91,2.691,2.691,5.429,2.401
2026-08-24 01:00:00,LINE_A,SHIFT_C,25.96,2.596,2.596,5.808,2.727
2026-08-24 01:15:00,LINE_A,SHIFT_C,24.83,2.483,2.483,5.473,2.816
2026-08-24 01:30:00,LINE_A,SHIFT_C,25.38,2.538,2.538,5.624,2.36
2026-08-24 01:45:00,LINE_A,SHIFT_C,27.16,2.716,2.716,5.223,2.96
2026-08-24 02:00:00,LINE_A,SHIFT_C,26.48,2.648,2.648,4.912,2.12
2026-08-24 02:15:00,LINE_A,SHIFT_C,28.58,2.858,2.858,5.054,2.669
2026-08-24 02:30:00,LINE_A,SHIFT_C,27.67,2.767,2.767,4.717,3.077
2026-08-24 02:45:00,LINE_A,SHIFT_C,28.12,2.812,2.812,5.576,2.181
2026-08-24 03:00:00,LINE_A,SHIFT_C,28.28,2.828,2.828,6.109,2.583
2026-08-24 03:15:00,LINE_A,SHIFT_C,24.61,2.461,2.461,5.785,2.745
2026-08-24 03:30:00,LINE_A,SHIFT_C,25.59,2.559,2.559,5.613,2.65
2026-08-24 03:45:00,LINE_A,SHIFT_C,26.66,2.666,2.666,5.273,2.685
2026-08-24 04:00:00,LINE_A,SHIFT_C,28.49,2.849,2.849,5.436,2.433
2026-08-24 04:15:00,LINE_A,SHIFT_C,27.19,2.719,2.719,5.745,2.831
2026-08-24 04:30:00,LINE_A,SHIFT_C,25.58,2.558,2.558,5.573,2.725
2026-08-24 04:45:00,LINE_A,SHIFT_C,27.19,2.719,2.719,5.261,2.392
2026-08-24 05:00:00,LINE_A,SHIFT_C,28.04,2.804,2.804,5.081,2.569
2026-08-24 05:15:00,LINE_A,SHIFT_C,27.94,2.794,2.794,5.597,2.637
2026-08-24 05:30:00,LINE_A,SHIFT_C,27.11,2.711,2.711,5.696,2.313
2026-08-24 05:45:00,LINE_A,SHIFT_C,26.57,2.657,2.657,4.804,2.483
2026-08-24 06:00:00,LINE_A,SHIFT_A,33.38,3.338,3.338,6.335,3.277
2026-08-24 06:15:00,LINE_A,SHIFT_A,34.15,3.415,3.415,7.266,3.374
2026-08-24 06:30:00,LINE_A,SHIFT_A,35.9,3.59,3.59,6.274,2.93
2026-08-24 06:45:00,LINE_A,SHIFT_A,33.87,3.387,3.387,7.51,3.089
2026-08-24 07:00:00,LINE_A,SHIFT_A,34.41,3.441,3.441,6.997,3.322
2026-08-24 07:15:00,LINE_A,SHIFT_A,34.04,3.404,3.404,7.714,3.073
2026-08-24 07:30:00,LINE_A,SHIFT_A,33.9,3.39,3.39,6.856,2.943
2026-08-24 07:45:00,LINE_A,SHIFT_A,34.41,3.441,3.441,7.255,3.176
2026-08-24 08:00:00,LINE_A,SHIFT_A,35.28,3.528,3.528,6.674,3.262
2026-08-24 08:15:00,LINE_A,SHIFT_A,34.24,3.424,3.424,6.633,3.142
2026-08-24 08:30:00,LINE_A,SHIFT_A,34.57,3.457,3.457,7.558,2.973
2026-08-24 08:45:00,LINE_A,SHIFT_A,34.86,3.486,3.486,6.825,3.278
2026-08-24 09:00:00,LINE_A,SHIFT_A,34.44,3.444,3.444,6.586,2.552
2026-08-24 09:15:00,LINE_A,SHIFT_A,36.5,3.65,3.65,7.139,2.674
2026-08-24 09:30:00,LINE_A,SHIFT_A,36.02,3.602,3.602,7.325,2.914
2026-08-24 09:45:00,LINE_A,SHIFT_A,32.61,3.261,3.261,7.031,2.827
2026-08-24 10:00:00,LINE_A,SHIFT_A,35.77,3.577,3.577,6.904,2.928
2026-08-24 10:15:00,LINE_A,SHIFT_A,36.18,3.618,3.618,6.654,3.06
2026-08-24 10:30:00,LINE_A,SHIFT_A,35.23,3.523,3.523,7.433,2.918
2026-08-24 10:45:00,LINE_A,SHIFT_A,37.51,3.751,3.751,7.007,3.112
2026-08-24 11:00:00,LINE_A,SHIFT_A,34.89,3.489,3.489,7.032,2.93
2026-08-24 11:15:00,LINE_A,SHIFT_A,34.98,3.498,3.498,6.811,3.168
2026-08-24 11:30:00,LINE_A,SHIFT_A,31.48,3.148,3.148,6.445,3.124
2026-08-24 11:45:00,LINE_A,SHIFT_A,29.62,2.962,2.962,6.615,2.721
2026-08-24 12:00:00,LINE_A,SHIFT_A,35.36,3.536,3.536,6.995,2.675
2026-08-24 12:15:00,LINE_A,SHIFT_A,34.78,3.478,3.478,6.822,2.611
2026-08-24 12:30:00,LINE_A,SHIFT_A,35.65,3.565,3.565,6.639,2.648
2026-08-24 12:45:00,LINE_A,SHIFT_A,37.47,3.747,3.747,6.964,2.579
2026-08-24 13:00:00,LINE_A,SHIFT_A,34.53,3.453,3.453,6.661,2.605
2026-08-24 13:15:00,LINE_A,SHIFT_A,33.89,3.389,3.389,6.737,2.616
2026-08-24 13:30:00,LINE_A,SHIFT_A,34.27,3.427,3.427,7.096,2.786
2026-08-24 13:45:00,LINE_A,SHIFT_A,36.44,3.644,3.644,6.79,2.563
2026-08-24 14:00:00,LINE_A,SHIFT_B,36.92,3.692,3.692,7.98,2.299
2026-08-24 14:15:00,LINE_A,SHIFT_B,40.72,4.072,4.072,7.517,2.566
2026-08-24 14:30:00,LINE_A,SHIFT_B,39.39,3.939,3.939,7.693,2.565
2026-08-24 14:45:00,LINE_A,SHIFT_B,37.36,3.736,3.736,7.923,2.681
2026-08-24 15:00:00,LINE_A,SHIFT_B,37.43,3.743,3.743,7.74,2.963
2026-08-24 15:15:00,LINE_A,SHIFT_B,36.54,3.654,3.654,7.209,2.387
2026-08-24 15:30:00,LINE_A,SHIFT_B,37.09,3.709,3.709,7.649,2.725
2026-08-24 15:45:00,LINE_A,SHIFT_B,37.55,3.755,3.755,7.204,2.918
2026-08-24 16:00:00,LINE_A,SHIFT_B,35.64,3.564,3.564,7.436,2.684
2026-08-24 16:15:00,LINE_A,SHIFT_B,38.47,3.847,3.847,7.823,2.669
2026-08-24 16:30:00,LINE_A,SHIFT_B,38.09,3.809,3.809,6.641,2.411
2026-08-24 16:45:00,LINE_A,SHIFT_B,36.58,3.658,3.658,7.732,2.505
2026-08-24 17:00:00,LINE_A,SHIFT_B,36.9,3.69,3.69,7.024,2.574
2026-08-24 17:15:00,LINE_A,SHIFT_B,36.37,3.637,3.637,7.317,2.878
2026-08-24 17:30:00,LINE_A,SHIFT_B,33.99,3.399,3.399,7.274,2.954
2026-08-24 17:45:00,LINE_A,SHIFT_B,37.12,3.712,3.712,7.161,2.854
2026-08-24 18:00:00,LINE_A,SHIFT_B,37.46,3.746,3.746,6.96,2.869
2026-08-24 18:15:00,LINE_A,SHIFT_B,35.77,3.577,3.577,7.261,3.115
2026-08-24 18:30:00,LINE_A,SHIFT_B,34.71,3.471,3.471,7.066,2.743
2026-08-24 18:45:00,LINE_A,SHIFT_B,37.44,3.744,3.744,7.668,2.85
2026-08-24 19:00:00,LINE_A,SHIFT_B,33.09,3.309,3.309,5.773,2.657
2026-08-24 19:15:00,LINE_A,SHIFT_B,32.23,3.223,3.223,5.993,3.178
2026-08-24 19:30:00,LINE_A,SHIFT_B,36.71,3.671,3.671,6.989,2.317
2026-08-24 19:45:00,LINE_A,SHIFT_B,36.43,3.643,3.643,7.323,3.073
2026-08-24 20:00:00,LINE_A,SHIFT_B,34.11,3.411,3.411,6.683,3.453
2026-08-24 20:15:00,LINE_A,SHIFT_B,33.76,3.376,3.376,7.31,3.117
2026-08-24 20:30:00,LINE_A,SHIFT_B,34.3,3.43,3.43,7.128,3.33
2026-08-24 20:45:00,LINE_A,SHIFT_B,36.98,3.698,3.698,6.853,3.292
2026-08-24 21:00:00,LINE_A,SHIFT_B,35.24,3.524,3.524,6.921,2.884
2026-08-24 21:15:00,LINE_A,SHIFT_B,34.86,3.486,3.486,7.066,2.871
2026-08-24 21:30:00,LINE_A,SHIFT_B,34.7,3.47,3.47,7.177,3.247
2026-08-24 21:45:00,LINE_A,SHIFT_B,34.02,3.402,3.402,7.269,2.645
2026-08-24 22:00:00,LINE_A,SHIFT_C,27.31,2.731,2.731,5.445,2.338
2026-08-24 22:15:00,LINE_A,SHIFT_C,26.78,2.678,2.678,5.043,2.507
2026-08-24 22:30:00,LINE_A,SHIFT_C,26.8,2.68,2.68,4.916,2.237
2026-08-24 22:45:00,LINE_A,SHIFT_C,27.7,2.77,2.77,5.706,2.806
2026-08-24 23:00:00,LINE_A,SHIFT_C,27.15,2.715,2.715,5.614,2.793
2026-08-24 23:15:00,LINE_A,SHIFT_C,27.64,2.764,2.764,5.614,2.145
2026-08-24 23:30:00,LINE_A,SHIFT_C,26.1,2.61,2.61,5.078,2.564
2026-08-24 23:45:00,LINE_A,SHIFT_C,26.3,2.63,2.63,5.658,2.882
2026-08-25 00:00:00,LINE_A,SHIFT_C,25.18,2.518,2.518,5.32,2.624
2026-08-25 00:15:00,LINE_A,SHIFT_C,26.77,2.677,2.677,5.507,2.273
2026-08-25 00:30:00,LINE_A,SHIFT_C,27.65,2.765,2.765,5.365,2.27
2026-08-25 00:45:00,LINE_A,SHIFT_C,25.37,2.537,2.537,5.283,2.411
2026-08-25 01:00:00,LINE_A,SHIFT_C,26.57,2.657,2.657,4.818,2.746
2026-08-25 01:15:00,LINE_A,SHIFT_C,27.78,2.778,2.778,5.335,2.552
2026-08-25 01:30:00,LINE_A,SHIFT_C,24.27,2.427,2.427,5.275,2.58
2026-08-25 01:45:00,LINE_A,SHIFT_C,25.86,2.586,2.586,5.35,2.689
2026-08-25 02:00:00,LINE_A,SHIFT_C,26.4,2.64,2.64,5.86,2.918
2026-08-25 02:15:00,LINE_A,SHIFT_C,27.75,2.775,2.775,4.562,2.157
2026-08-25 02:30:00,LINE_A,SHIFT_C,26.65,2.665,2.665,5.082,2.852
2026-08-25 02:45:00,LINE_A,SHIFT_C,25.06,2.506,2.506,4.954,2.419
2026-08-25 03:00:00,LINE_A,SHIFT_C,25.36,2.536,2.536,5.439,2.524
2026-08-25 03:15:00,LINE_A,SHIFT_C,25.85,2.585,2.585,5.426,2.731
2026-08-25 03:30:00,LINE_A,SHIFT_C,26.45,2.645,2.645,5.057,2.587
2026-08-25 03:45:00,LINE_A,SHIFT_C,26.72,2.672,2.672,5.441,2.335
2026-08-25 04:00:00,LINE_A,SHIFT_C,27.73,2.773,2.773,5.31,2.444
2026-08-25 04:15:00,LINE_A,SHIFT_C,27.35,2.735,2.735,5.049,2.384
2026-08-25 04:30:00,LINE_A,SHIFT_C,25.18,2.518,2.518,5.292,2.484
2026-08-25 04:45:00,LINE_A,SHIFT_C,26.68,2.668,2.668,5.13,2.887
2026-08-25 05:00:00,LINE_A,SHIFT_C,28.62,2.862,2.862,4.873,2.537
2026-08-25 05:15:00,LINE_A,SHIFT_C,27.24,2.724,2.724,5.736,2.507
2026-08-25 05:30:00,LINE_A,SHIFT_C,30.26,3.026,3.026,5.894,2.939
2026-08-25 05:45:00,LINE_A,SHIFT_C,28.11,2.811,2.811,6.002,2.232
2026-08-25 06:00:00,LINE_A,SHIFT_A,33.13,3.313,3.313,6.418,3.173
2026-08-25 06:15:00,LINE_A,SHIFT_A,33.73,3.373,3.373,7.634,3.179
2026-08-25 06:30:00,LINE_A,SHIFT_A,33.29,3.329,3.329,6.497,3.14
2026-08-25 06:45:00,LINE_A,SHIFT_A,33.96,3.396,3.396,6.449,2.918
2026-08-25 07:00:00,LINE_A,SHIFT_A,31.49,3.149,3.149,7.058,3.372
2026-08-25 07:15:00,LINE_A,SHIFT_A,32.23,3.223,3.223,6.527,3.223
2026-08-25 07:30:00,LINE_A,SHIFT_A,34.08,3.408,3.408,6.908,3.263
2026-08-25 07:45:00,LINE_A,SHIFT_A,34.86,3.486,3.486,6.279,3.021
2026-08-25 08:00:00,LINE_A,SHIFT_A,35.71,3.571,3.571,6.647,3.153
2026-08-25 08:15:00,LINE_A,SHIFT_A,33.8,3.38,3.38,7.264,3.129
2026-08-25 08:30:00,LINE_A,SHIFT_A,36.37,3.637,3.637,6.542,3.11
2026-08-25 08:45:00,LINE_A,SHIFT_A,36.03,3.603,3.603,6.934,3.069
2026-08-25 09:00:00,LINE_A,SHIFT_A,36.16,3.616,3.616,6.793,2.602
2026-08-25 09:15:00,LINE_A,SHIFT_A,35.49,3.549,3.549,6.035,2.82
2026-08-25 09:30:00,LINE_A,SHIFT_A,34.22,3.422,3.422,6.792,2.745
2026-08-25 09:45:00,LINE_A,SHIFT_A,35.5,3.55,3.55,7.184,2.637
2026-08-25 10:00:00,LINE_A,SHIFT_A,34.85,3.485,3.485,6.902,2.866
2026-08-25 10:15:00,LINE_A,SHIFT_A,34.73,3.473,3.473,7.126,3.35
2026-08-25 10:30:00,LINE_A,SHIFT_A,34.92,3.492,3.492,6.686,3.113
2026-08-25 10:45:00,LINE_A,SHIFT_A,37.7,3.77,3.77,7.234,3.052
2026-08-25 11:00:00,LINE_A,SHIFT_A,36.22,3.622,3.622,7.185,3.078
2026-08-25 11:15:00,LINE_A,SHIFT_A,34.3,3.43,3.43,7.269,2.878
2026-08-25 11:30:00,LINE_A,SHIFT_A,30.55,3.055,3.055,5.753,2.704
2026-08-25 11:45:00,LINE_A,SHIFT_A,32.57,3.257,3.257,6.137,2.794
2026-08-25 12:00:00,LINE_A,SHIFT_A,36.44,3.644,3.644,7.798,2.799
2026-08-25 12:15:00,LINE_A,SHIFT_A,35.89,3.589,3.589,7.299,2.755
2026-08-25 12:30:00,LINE_A,SHIFT_A,37.58,3.758,3.758,6.838,2.611
2026-08-25 12:45:00,LINE_A,SHIFT_A,36.24,3.624,3.624,6.979,2.593
2026-08-25 13:00:00,LINE_A,SHIFT_A,35.05,3.505,3.505,7.59,3.089
2026-08-25 13:15:00,LINE_A,SHIFT_A,36.86,3.686,3.686,6.787,3.325
2026-08-25 13:30:00,LINE_A,SHIFT_A,36.57,3.657,3.657,8.01,2.718
2026-08-25 13:45:00,LINE_A,SHIFT_A,37.42,3.742,3.742,7.385,2.561
2026-08-25 14:00:00,LINE_A,SHIFT_B,36.99,3.699,3.699,7.852,2.975
2026-08-25 14:15:00,LINE_A,SHIFT_B,38.04,3.804,3.804,8.043,2.551
2026-08-25 14:30:00,LINE_A,SHIFT_B,37.75,3.775,3.775,7.757,2.996
2026-08-25 14:45:00,LINE_A,SHIFT_B,36.36,3.636,3.636,7.688,2.854
2026-08-25 15:00:00,LINE_A,SHIFT_B,38.55,3.855,3.855,8.295,2.818
2026-08-25 15:15:00,LINE_A,SHIFT_B,37.48,3.748,3.748,7.205,2.824
2026-08-25 15:30:00,LINE_A,SHIFT_B,37.66,3.766,3.766,7.573,2.831
2026-08-25 15:45:00,LINE_A,SHIFT_B,38.1,3.81,3.81,7.01,3.0
2026-08-25 16:00:00,LINE_A,SHIFT_B,35.97,3.597,3.597,7.341,2.869
2026-08-25 16:15:00,LINE_A,SHIFT_B,37.56,3.756,3.756,6.813,2.582
2026-08-25 16:30:00,LINE_A,SHIFT_B,35.97,3.597,3.597,7.316,2.479
2026-08-25 16:45:00,LINE_A,SHIFT_B,35.82,3.582,3.582,7.415,2.84
2026-08-25 17:00:00,LINE_A,SHIFT_B,37.45,3.745,3.745,6.427,2.838
2026-08-25 17:15:00,LINE_A,SHIFT_B,36.91,3.691,3.691,7.3,2.933
2026-08-25 17:30:00,LINE_A,SHIFT_B,37.85,3.785,3.785,7.519,2.712
2026-08-25 17:45:00,LINE_A,SHIFT_B,36.85,3.685,3.685,7.214,3.004
2026-08-25 18:00:00,LINE_A,SHIFT_B,36.82,3.682,3.682,6.994,2.941
2026-08-25 18:15:00,LINE_A,SHIFT_B,37.37,3.737,3.737,7.014,2.913
2026-08-25 18:30:00,LINE_A,SHIFT_B,38.71,3.871,3.871,6.974,2.817
2026-08-25 18:45:00,LINE_A,SHIFT_B,37.0,3.7,3.7,7.54,2.886
2026-08-25 19:00:00,LINE_A,SHIFT_B,31.78,3.178,3.178,6.024,3.08
2026-08-25 19:15:00,LINE_A,SHIFT_B,29.89,2.989,2.989,6.208,2.84
2026-08-25 19:30:00,LINE_A,SHIFT_B,34.83,3.483,3.483,7.267,3.099
2026-08-25 19:45:00,LINE_A,SHIFT_B,34.9,3.49,3.49,7.149,3.129
2026-08-25 20:00:00,LINE_A,SHIFT_B,34.95,3.495,3.495,7.578,3.064
2026-08-25 20:15:00,LINE_A,SHIFT_B,34.87,3.487,3.487,6.909,3.146
2026-08-25 20:30:00,LINE_A,SHIFT_B,35.88,3.588,3.588,7.371,3.182
2026-08-25 20:45:00,LINE_A,SHIFT_B,32.17,3.217,3.217,7.136,3.197
2026-08-25 21:00:00,LINE_A,SHIFT_B,36.53,3.653,3.653,7.135,2.668
2026-08-25 21:15:00,LINE_A,SHIFT_B,35.18,3.518,3.518,7.547,3.28
2026-08-25 21:30:00,LINE_A,SHIFT_B,33.61,3.361,3.361,7.011,3.094
2026-08-25 21:45:00,LINE_A,SHIFT_B,34.79,3.479,3.479,6.798,3.26
2026-08-25 22:00:00,LINE_A,SHIFT_C,28.51,2.851,2.851,5.031,2.977
2026-08-25 22:15:00,LINE_A,SHIFT_C,25.84,2.584,2.584,4.779,2.497
2026-08-25 22:30:00,LINE_A,SHIFT_C,25.77,2.577,2.577,5.444,2.895
2026-08-25 22:45:00,LINE_A,SHIFT_C,26.55,2.655,2.655,5.43,2.295
2026-08-25 23:00:00,LINE_A,SHIFT_C,26.35,2.635,2.635,5.529,2.628
2026-08-25 23:15:00,LINE_A,SHIFT_C,29.79,2.979,2.979,5.989,3.085
2026-08-25 23:30:00,LINE_A,SHIFT_C,28.98,2.898,2.898,5.343,2.798
2026-08-25 23:45:00,LINE_A,SHIFT_C,28.25,2.825,2.825,5.719,2.124
2026-08-26 00:00:00,LINE_A,SHIFT_C,25.06,2.506,2.506,5.619,2.22
2026-08-26 00:15:00,LINE_A,SHIFT_C,24.4,2.44,2.44,5.529,2.386
2026-08-26 00:30:00,LINE_A,SHIFT_C,27.33,2.733,2.733,4.937,2.485
2026-08-26 00:45:00,LINE_A,SHIFT_C,27.78,2.778,2.778,5.566,2.578
2026-08-26 01:00:00,LINE_A,SHIFT_C,27.22,2.722,2.722,5.643,2.669
2026-08-26 01:15:00,LINE_A,SHIFT_C,26.46,2.646,2.646,5.259,2.757
2026-08-26 01:30:00,LINE_A,SHIFT_C,28.78,2.878,2.878,5.591,2.821
2026-08-26 01:45:00,LINE_A,SHIFT_C,24.83,2.483,2.483,4.901,2.783
2026-08-26 02:00:00,LINE_A,SHIFT_C,26.85,2.685,2.685,5.212,3.154
2026-08-26 02:15:00,LINE_A,SHIFT_C,24.29,2.429,2.429,5.334,2.697
2026-08-26 02:30:00,LINE_A,SHIFT_C,28.36,2.836,2.836,4.882,2.787
2026-08-26 02:45:00,LINE_A,SHIFT_C,29.24,2.924,2.924,5.561,2.664
2026-08-26 03:00:00,LINE_A,SHIFT_C,26.34,2.634,2.634,6.01,2.668
2026-08-26 03:15:00,LINE_A,SHIFT_C,25.34,2.534,2.534,5.095,2.849
2026-08-26 03:30:00,LINE_A,SHIFT_C,27.25,2.725,2.725,5.431,2.731
2026-08-26 03:45:00,LINE_A,SHIFT_C,25.57,2.557,2.557,4.984,2.685
2026-08-26 04:00:00,LINE_A,SHIFT_C,25.71,2.571,2.571,5.777,2.547
2026-08-26 04:15:00,LINE_A,SHIFT_C,27.17,2.717,2.717,6.106,2.448
2026-08-26 04:30:00,LINE_A,SHIFT_C,25.69,2.569,2.569,6.323,2.626
2026-08-26 04:45:00,LINE_A,SHIFT_C,27.76,2.776,2.776,5.64,2.27
2026-08-26 05:00:00,LINE_A,SHIFT_C,25.85,2.585,2.585,4.948,2.253
2026-08-26 05:15:00,LINE_A,SHIFT_C,26.79,2.679,2.679,5.317,2.674
2026-08-26 05:30:00,LINE_A,SHIFT_C,27.07,2.707,2.707,4.864,2.59
2026-08-26 05:45:00,LINE_A,SHIFT_C,24.87,2.487,2.487,5.786,2.502
2026-08-26 06:00:00,LINE_A,SHIFT_A,36.19,3.619,3.619,6.601,3.285
2026-08-26 06:15:00,LINE_A,SHIFT_A,34.77,3.477,3.477,7.128,3.104
2026-08-26 06:30:00,LINE_A,SHIFT_A,31.63,3.163,3.163,6.935,3.021
2026-08-26 06:45:00,LINE_A,SHIFT_A,31.99,3.199,3.199,6.813,3.111
2026-08-26 07:00:00,LINE_A,SHIFT_A,34.09,3.409,3.409,6.646,3.311
2026-08-26 07:15:00,LINE_A,SHIFT_A,32.8,3.28,3.28,7.408,3.378
2026-08-26 07:30:00,LINE_A,SHIFT_A,35.5,3.55,3.55,6.897,3.321
2026-08-26 07:45:00,LINE_A,SHIFT_A,33.53,3.353,3.353,6.837,2.93
2026-08-26 08:00:00,LINE_A,SHIFT_A,33.96,3.396,3.396,6.648,2.962
2026-08-26 08:15:00,LINE_A,SHIFT_A,34.7,3.47,3.47,6.391,2.832
2026-08-26 08:30:00,LINE_A,SHIFT_A,34.44,3.444,3.444,7.575,3.057
2026-08-26 08:45:00,LINE_A,SHIFT_A,33.83,3.383,3.383,7.155,3.264
2026-08-26 09:00:00,LINE_A,SHIFT_A,34.37,3.437,3.437,6.819,3.522
2026-08-26 09:15:00,LINE_A,SHIFT_A,33.94,3.394,3.394,6.916,2.828
2026-08-26 09:30:00,LINE_A,SHIFT_A,36.06,3.606,3.606,6.86,3.101
2026-08-26 09:45:00,LINE_A,SHIFT_A,36.47,3.647,3.647,6.889,3.096
2026-08-26 10:00:00,LINE_A,SHIFT_A,35.86,3.586,3.586,6.944,3.179
2026-08-26 10:15:00,LINE_A,SHIFT_A,32.26,3.226,3.226,7.18,2.801
2026-08-26 10:30:00,LINE_A,SHIFT_A,34.52,3.452,3.452,6.942,2.942
2026-08-26 10:45:00,LINE_A,SHIFT_A,35.47,3.547,3.547,6.738,2.892
2026-08-26 11:00:00,LINE_A,SHIFT_A,34.18,3.418,3.418,6.874,3.013
2026-08-26 11:15:00,LINE_A,SHIFT_A,34.55,3.455,3.455,7.041,3.063
2026-08-26 11:30:00,LINE_A,SHIFT_A,32.26,3.226,3.226,6.102,2.551
2026-08-26 11:45:00,LINE_A,SHIFT_A,32.71,3.271,3.271,6.544,2.464
2026-08-26 12:00:00,LINE_A,SHIFT_A,34.94,3.494,3.494,7.284,2.556
2026-08-26 12:15:00,LINE_A,SHIFT_A,35.42,3.542,3.542,6.974,3.071
2026-08-26 12:30:00,LINE_A,SHIFT_A,35.05,3.505,3.505,6.941,2.338
2026-08-26 12:45:00,LINE_A,SHIFT_A,33.52,3.352,3.352,6.858,2.717
2026-08-26 13:00:00,LINE_A,SHIFT_A,37.21,3.721,3.721,7.067,2.743
2026-08-26 13:15:00,LINE_A,SHIFT_A,35.45,3.545,3.545,7.013,2.561
2026-08-26 13:30:00,LINE_A,SHIFT_A,36.5,3.65,3.65,6.854,2.606
2026-08-26 13:45:00,LINE_A,SHIFT_A,34.37,3.437,3.437,7.361,2.697
2026-08-26 14:00:00,LINE_A,SHIFT_B,37.32,3.732,3.732,7.15,2.562
2026-08-26 14:15:00,LINE_A,SHIFT_B,39.45,3.945,3.945,8.279,3.115
2026-08-26 14:30:00,LINE_A,SHIFT_B,38.31,3.831,3.831,7.719,3.225
2026-08-26 14:45:00,LINE_A,SHIFT_B,37.25,3.725,3.725,7.898,2.737
2026-08-26 15:00:00,LINE_A,SHIFT_B,38.77,3.877,3.877,8.024,2.724
2026-08-26 15:15:00,LINE_A,SHIFT_B,37.19,3.719,3.719,7.786,2.858
2026-08-26 15:30:00,LINE_A,SHIFT_B,40.21,4.021,4.021,6.83,2.918
2026-08-26 15:45:00,LINE_A,SHIFT_B,36.55,3.655,3.655,7.214,2.795
2026-08-26 16:00:00,LINE_A,SHIFT_B,36.64,3.664,3.664,7.705,2.986
2026-08-26 16:15:00,LINE_A,SHIFT_B,36.36,3.636,3.636,10.664,2.937
2026-08-26 16:30:00,LINE_A,SHIFT_B,36.88,3.688,3.688,10.098,2.932
2026-08-26 16:45:00,LINE_A,SHIFT_B,37.19,3.719,3.719,10.031,2.409
2026-08-26 17:00:00,LINE_A,SHIFT_B,38.45,3.845,3.845,10.94,2.743
2026-08-26 17:15:00,LINE_A,SHIFT_B,36.04,3.604,3.604,9.962,2.968
2026-08-26 17:30:00,LINE_A,SHIFT_B,35.83,3.583,3.583,10.857,2.96
2026-08-26 17:45:00,LINE_A,SHIFT_B,40.58,4.058,4.058,7.454,3.224
2026-08-26 18:00:00,LINE_A,SHIFT_B,37.56,3.756,3.756,7.47,2.924
2026-08-26 18:15:00,LINE_A,SHIFT_B,38.14,3.814,3.814,6.795,3.0
2026-08-26 18:30:00,LINE_A,SHIFT_B,37.18,3.718,3.718,7.602,3.005
2026-08-26 18:45:00,LINE_A,SHIFT_B,35.58,3.558,3.558,6.557,2.934
2026-08-26 19:00:00,LINE_A,SHIFT_B,33.22,3.322,3.322,6.651,2.991
2026-08-26 19:15:00,LINE_A,SHIFT_B,33.37,3.337,3.337,6.101,3.398
2026-08-26 19:30:00,LINE_A,SHIFT_B,33.55,3.355,3.355,6.797,2.787
2026-08-26 19:45:00,LINE_A,SHIFT_B,34.66,3.466,3.466,7.563,3.279
2026-08-26 20:00:00,LINE_A,SHIFT_B,35.95,3.595,3.595,7.072,2.842
2026-08-26 20:15:00,LINE_A,SHIFT_B,37.0,3.7,3.7,7.035,3.095
2026-08-26 20:30:00,LINE_A,SHIFT_B,34.2,3.42,3.42,6.809,3.401
2026-08-26 20:45:00,LINE_A,SHIFT_B,34.11,3.411,3.411,7.228,2.894
2026-08-26 21:00:00,LINE_A,SHIFT_B,35.1,3.51,3.51,6.887,2.915
2026-08-26 21:15:00,LINE_A,SHIFT_B,35.23,3.523,3.523,6.876,3.616
2026-08-26 21:30:00,LINE_A,SHIFT_B,35.06,3.506,3.506,7.064,2.981
2026-08-26 21:45:00,LINE_A,SHIFT_B,35.5,3.55,3.55,7.566,2.83
2026-08-26 22:00:00,LINE_A,SHIFT_C,26.55,2.655,2.655,5.535,2.77
2026-08-26 22:15:00,LINE_A,SHIFT_C,26.6,2.66,2.66,5.717,2.549
2026-08-26 22:30:00,LINE_A,SHIFT_C,27.29,2.729,2.729,5.679,2.446
2026-08-26 22:45:00,LINE_A,SHIFT_C,29.51,2.951,2.951,4.607,2.572
2026-08-26 23:00:00,LINE_A,SHIFT_C,25.7,2.57,2.57,5.657,2.219
2026-08-26 23:15:00,LINE_A,SHIFT_C,26.77,2.677,2.677,5.232,2.343
2026-08-26 23:30:00,LINE_A,SHIFT_C,26.15,2.615,2.615,5.517,2.247
2026-08-26 23:45:00,LINE_A,SHIFT_C,26.61,2.661,2.661,5.653,2.324
2026-08-27 00:00:00,LINE_A,SHIFT_C,29.26,2.926,2.926,5.377,2.466
2026-08-27 00:15:00,LINE_A,SHIFT_C,26.3,2.63,2.63,5.132,2.462
2026-08-27 00:30:00,LINE_A,SHIFT_C,25.38,2.538,2.538,5.299,2.281
2026-08-27 00:45:00,LINE_A,SHIFT_C,25.28,2.528,2.528,5.829,2.101
2026-08-27 01:00:00,LINE_A,SHIFT_C,24.49,2.449,2.449,4.987,2.365
2026-08-27 01:15:00,LINE_A,SHIFT_C,27.23,2.723,2.723,5.139,2.423
2026-08-27 01:30:00,LINE_A,SHIFT_C,28.96,2.896,2.896,4.774,2.389
2026-08-27 01:45:00,LINE_A,SHIFT_C,25.89,2.589,2.589,5.549,1.957
2026-08-27 02:00:00,LINE_A,SHIFT_C,26.22,2.622,2.622,5.601,2.528
2026-08-27 02:15:00,LINE_A,SHIFT_C,26.29,2.629,2.629,4.718,2.719
2026-08-27 02:30:00,LINE_A,SHIFT_C,29.28,2.928,2.928,4.932,2.977
2026-08-27 02:45:00,LINE_A,SHIFT_C,26.23,2.623,2.623,5.17,2.635
2026-08-27 03:00:00,LINE_A,SHIFT_C,26.65,2.665,2.665,5.5,2.45
2026-08-27 03:15:00,LINE_A,SHIFT_C,27.36,2.736,2.736,5.586,2.692
2026-08-27 03:30:00,LINE_A,SHIFT_C,26.39,2.639,2.639,5.074,2.559
2026-08-27 03:45:00,LINE_A,SHIFT_C,27.14,2.714,2.714,5.623,3.019
2026-08-27 04:00:00,LINE_A,SHIFT_C,26.77,2.677,2.677,5.501,2.515
2026-08-27 04:15:00,LINE_A,SHIFT_C,26.93,2.693,2.693,5.539,2.356
2026-08-27 04:30:00,LINE_A,SHIFT_C,27.21,2.721,2.721,5.088,2.793
2026-08-27 04:45:00,LINE_A,SHIFT_C,27.29,2.729,2.729,5.449,2.478
2026-08-27 05:00:00,LINE_A,SHIFT_C,27.24,2.724,2.724,5.238,2.782
2026-08-27 05:15:00,LINE_A,SHIFT_C,29.09,2.909,2.909,5.706,2.047
2026-08-27 05:30:00,LINE_A,SHIFT_C,25.9,2.59,2.59,6.066,2.652
2026-08-27 05:45:00,LINE_A,SHIFT_C,28.8,2.88,2.88,5.794,2.592
2026-08-27 06:00:00,LINE_A,SHIFT_A,33.59,3.359,3.359,6.722,3.225
2026-08-27 06:15:00,LINE_A,SHIFT_A,34.08,3.408,3.408,6.924,3.015
2026-08-27 06:30:00,LINE_A,SHIFT_A,35.0,3.5,3.5,7.524,3.126
2026-08-27 06:45:00,LINE_A,SHIFT_A,33.49,3.349,3.349,7.135,2.839
2026-08-27 07:00:00,LINE_A,SHIFT_A,34.93,3.493,3.493,6.598,3.095
2026-08-27 07:15:00,LINE_A,SHIFT_A,33.9,3.39,3.39,6.804,2.833
2026-08-27 07:30:00,LINE_A,SHIFT_A,35.11,3.511,3.511,6.464,2.878
2026-08-27 07:45:00,LINE_A,SHIFT_A,33.42,3.342,3.342,6.915,2.73
2026-08-27 08:00:00,LINE_A,SHIFT_A,33.72,3.372,3.372,6.736,2.922
2026-08-27 08:15:00,LINE_A,SHIFT_A,31.86,3.186,3.186,6.857,2.922
2026-08-27 08:30:00,LINE_A,SHIFT_A,35.22,3.522,3.522,6.739,3.033
2026-08-27 08:45:00,LINE_A,SHIFT_A,33.8,3.38,3.38,7.077,3.275
2026-08-27 09:00:00,LINE_A,SHIFT_A,34.95,3.495,3.495,6.628,2.86
2026-08-27 09:15:00,LINE_A,SHIFT_A,34.56,3.456,3.456,6.631,2.825
2026-08-27 09:30:00,LINE_A,SHIFT_A,35.53,3.553,3.553,7.617,3.339
2026-08-27 09:45:00,LINE_A,SHIFT_A,33.76,3.376,3.376,6.787,3.213
2026-08-27 10:00:00,LINE_A,SHIFT_A,36.41,3.641,3.641,7.37,2.688
2026-08-27 10:15:00,LINE_A,SHIFT_A,35.52,3.552,3.552,6.931,3.101
2026-08-27 10:30:00,LINE_A,SHIFT_A,36.88,3.688,3.688,7.155,2.83
2026-08-27 10:45:00,LINE_A,SHIFT_A,35.03,3.503,3.503,6.923,2.963
2026-08-27 11:00:00,LINE_A,SHIFT_A,35.66,3.566,3.566,6.973,2.829
2026-08-27 11:15:00,LINE_A,SHIFT_A,33.71,3.371,3.371,6.847,3.145
2026-08-27 11:30:00,LINE_A,SHIFT_A,31.15,3.115,3.115,6.115,2.672
2026-08-27 11:45:00,LINE_A,SHIFT_A,31.12,3.112,3.112,6.61,2.726
2026-08-27 12:00:00,LINE_A,SHIFT_A,35.9,3.59,3.59,7.063,3.07
2026-08-27 12:15:00,LINE_A,SHIFT_A,36.76,3.676,3.676,7.37,2.829
2026-08-27 12:30:00,LINE_A,SHIFT_A,34.96,3.496,3.496,6.767,2.501
2026-08-27 12:45:00,LINE_A,SHIFT_A,37.68,3.768,3.768,6.684,3.068
2026-08-27 13:00:00,LINE_A,SHIFT_A,34.68,3.468,3.468,7.081,2.796
2026-08-27 13:15:00,LINE_A,SHIFT_A,34.63,3.463,3.463,6.672,2.668
2026-08-27 13:30:00,LINE_A,SHIFT_A,37.87,3.787,3.787,7.024,2.608
2026-08-27 13:45:00,LINE_A,SHIFT_A,35.74,3.574,3.574,6.973,2.683
2026-08-27 14:00:00,LINE_A,SHIFT_B,38.6,3.86,3.86,7.515,2.477
2026-08-27 14:15:00,LINE_A,SHIFT_B,38.43,3.843,3.843,7.687,2.921
2026-08-27 14:30:00,LINE_A,SHIFT_B,34.9,3.49,3.49,7.58,3.015
2026-08-27 14:45:00,LINE_A,SHIFT_B,39.42,3.942,3.942,7.747,3.24
2026-08-27 15:00:00,LINE_A,SHIFT_B,38.76,3.876,3.876,7.741,2.716
2026-08-27 15:15:00,LINE_A,SHIFT_B,37.41,3.741,3.741,7.114,2.979
2026-08-27 15:30:00,LINE_A,SHIFT_B,35.66,3.566,3.566,7.5,3.039
2026-08-27 15:45:00,LINE_A,SHIFT_B,38.13,3.813,3.813,7.966,3.045
2026-08-27 16:00:00,LINE_A,SHIFT_B,37.03,3.703,3.703,7.427,2.823
2026-08-27 16:15:00,LINE_A,SHIFT_B,37.25,3.725,3.725,7.593,2.753
2026-08-27 16:30:00,LINE_A,SHIFT_B,37.02,3.702,3.702,6.988,2.131
2026-08-27 16:45:00,LINE_A,SHIFT_B,36.07,3.607,3.607,7.511,2.854
2026-08-27 17:00:00,LINE_A,SHIFT_B,37.23,3.723,3.723,7.393,2.997
2026-08-27 17:15:00,LINE_A,SHIFT_B,35.78,3.578,3.578,7.226,2.771
2026-08-27 17:30:00,LINE_A,SHIFT_B,36.4,3.64,3.64,7.137,2.808
2026-08-27 17:45:00,LINE_A,SHIFT_B,34.26,3.426,3.426,7.226,2.842
2026-08-27 18:00:00,LINE_A,SHIFT_B,38.25,3.825,3.825,7.549,2.763
2026-08-27 18:15:00,LINE_A,SHIFT_B,37.29,3.729,3.729,7.705,2.628
2026-08-27 18:30:00,LINE_A,SHIFT_B,37.58,3.758,3.758,6.862,2.808
2026-08-27 18:45:00,LINE_A,SHIFT_B,33.73,3.373,3.373,6.809,2.953
2026-08-27 19:00:00,LINE_A,SHIFT_B,32.87,3.287,3.287,6.807,2.651
2026-08-27 19:15:00,LINE_A,SHIFT_B,30.88,3.088,3.088,6.514,2.963
2026-08-27 19:30:00,LINE_A,SHIFT_B,35.2,3.52,3.52,7.165,2.572
2026-08-27 19:45:00,LINE_A,SHIFT_B,33.22,3.322,3.322,7.137,3.244
2026-08-27 20:00:00,LINE_A,SHIFT_B,35.11,3.511,3.511,6.952,3.321
2026-08-27 20:15:00,LINE_A,SHIFT_B,36.12,3.612,3.612,6.771,2.927
2026-08-27 20:30:00,LINE_A,SHIFT_B,33.56,3.356,3.356,6.852,3.078
2026-08-27 20:45:00,LINE_A,SHIFT_B,37.09,3.709,3.709,6.931,3.045
2026-08-27 21:00:00,LINE_A,SHIFT_B,33.46,3.346,3.346,6.842,2.791
2026-08-27 21:15:00,LINE_A,SHIFT_B,37.27,3.727,3.727,6.77,3.181
2026-08-27 21:30:00,LINE_A,SHIFT_B,33.77,3.377,3.377,7.304,3.076
2026-08-27 21:45:00,LINE_A,SHIFT_B,34.74,3.474,3.474,7.25,2.972
2026-08-27 22:00:00,LINE_A,SHIFT_C,27.18,2.718,2.718,5.234,2.772
2026-08-27 22:15:00,LINE_A,SHIFT_C,28.7,2.87,2.87,5.967,2.694
2026-08-27 22:30:00,LINE_A,SHIFT_C,30.16,3.016,3.016,5.054,2.203
2026-08-27 22:45:00,LINE_A,SHIFT_C,27.28,2.728,2.728,5.076,2.044
2026-08-27 23:00:00,LINE_A,SHIFT_C,27.17,2.717,2.717,5.766,2.605
2026-08-27 23:15:00,LINE_A,SHIFT_C,25.4,2.54,2.54,5.121,2.799
2026-08-27 23:30:00,LINE_A,SHIFT_C,28.96,2.896,2.896,5.714,2.594
2026-08-27 23:45:00,LINE_A,SHIFT_C,26.62,2.662,2.662,5.291,2.542
2026-08-28 00:00:00,LINE_A,SHIFT_C,28.31,2.831,2.831,5.172,2.736
2026-08-28 00:15:00,LINE_A,SHIFT_C,26.06,2.606,2.606,5.361,2.274
2026-08-28 00:30:00,LINE_A,SHIFT_C,26.56,2.656,2.656,5.321,2.55
2026-08-28 00:45:00,LINE_A,SHIFT_C,25.8,2.58,2.58,5.362,2.259
2026-08-28 01:00:00,LINE_A,SHIFT_C,27.41,2.741,2.741,5.126,2.418
2026-08-28 01:15:00,LINE_A,SHIFT_C,25.57,2.557,2.557,5.794,2.706
2026-08-28 01:30:00,LINE_A,SHIFT_C,25.67,2.567,2.567,5.292,2.235
2026-08-28 01:45:00,LINE_A,SHIFT_C,26.58,2.658,2.658,5.082,2.334
2026-08-28 02:00:00,LINE_A,SHIFT_C,24.41,2.441,2.441,5.388,2.364
2026-08-28 02:15:00,LINE_A,SHIFT_C,26.64,2.664,2.664,4.941,2.656
2026-08-28 02:30:00,LINE_A,SHIFT_C,24.83,2.483,2.483,5.561,2.265
2026-08-28 02:45:00,LINE_A,SHIFT_C,25.54,2.554,2.554,5.427,2.484
2026-08-28 03:00:00,LINE_A,SHIFT_C,29.0,2.9,2.9,5.821,2.467
2026-08-28 03:15:00,LINE_A,SHIFT_C,26.58,2.658,2.658,5.757,3.068
2026-08-28 03:30:00,LINE_A,SHIFT_C,28.94,2.894,2.894,5.312,2.675
2026-08-28 03:45:00,LINE_A,SHIFT_C,27.29,2.729,2.729,5.037,2.555
2026-08-28 04:00:00,LINE_A,SHIFT_C,26.9,2.69,2.69,5.655,2.602
2026-08-28 04:15:00,LINE_A,SHIFT_C,27.36,2.736,2.736,5.108,2.713
2026-08-28 04:30:00,LINE_A,SHIFT_C,26.08,2.608,2.608,5.449,2.923
2026-08-28 04:45:00,LINE_A,SHIFT_C,25.31,2.531,2.531,5.61,2.857
2026-08-28 05:00:00,LINE_A,SHIFT_C,26.31,2.631,2.631,5.285,2.61
2026-08-28 05:15:00,LINE_A,SHIFT_C,27.29,2.729,2.729,5.814,2.692
2026-08-28 05:30:00,LINE_A,SHIFT_C,25.14,2.514,2.514,5.44,2.525
2026-08-28 05:45:00,LINE_A,SHIFT_C,27.26,2.726,2.726,5.402,2.413
2026-08-28 06:00:00,LINE_A,SHIFT_A,32.74,3.274,3.274,6.433,2.823
2026-08-28 06:15:00,LINE_A,SHIFT_A,31.51,3.151,3.151,6.986,3.34
2026-08-28 06:30:00,LINE_A,SHIFT_A,34.65,3.465,3.465,6.759,3.122
2026-08-28 06:45:00,LINE_A,SHIFT_A,34.3,3.43,3.43,6.891,3.213
2026-08-28 07:00:00,LINE_A,SHIFT_A,34.57,3.457,3.457,7.031,3.243
2026-08-28 07:15:00,LINE_A,SHIFT_A,35.68,3.568,3.568,6.654,3.058
2026-08-28 07:30:00,LINE_A,SHIFT_A,37.09,3.709,3.709,7.043,3.588
2026-08-28 07:45:00,LINE_A,SHIFT_A,31.74,3.174,3.174,6.753,3.151
2026-08-28 08:00:00,LINE_A,SHIFT_A,32.29,3.229,3.229,6.251,3.311
2026-08-28 08:15:00,LINE_A,SHIFT_A,35.24,3.524,3.524,6.953,3.099
2026-08-28 08:30:00,LINE_A,SHIFT_A,35.37,3.537,3.537,7.016,3.249
2026-08-28 08:45:00,LINE_A,SHIFT_A,35.18,3.518,3.518,6.91,3.115
2026-08-28 09:00:00,LINE_A,SHIFT_A,34.32,3.432,3.432,7.059,3.316
2026-08-28 09:15:00,LINE_A,SHIFT_A,35.78,3.578,3.578,6.916,2.97
2026-08-28 09:30:00,LINE_A,SHIFT_A,32.79,3.279,3.279,6.15,2.851
2026-08-28 09:45:00,LINE_A,SHIFT_A,34.24,3.424,3.424,7.33,3.289
2026-08-28 10:00:00,LINE_A,SHIFT_A,37.52,3.752,3.752,6.768,2.833
2026-08-28 10:15:00,LINE_A,SHIFT_A,36.63,3.663,3.663,6.815,2.575
2026-08-28 10:30:00,LINE_A,SHIFT_A,35.25,3.525,3.525,7.894,2.62
2026-08-28 10:45:00,LINE_A,SHIFT_A,34.58,3.458,3.458,7.641,3.211
2026-08-28 11:00:00,LINE_A,SHIFT_A,35.73,3.573,3.573,6.972,3.012
2026-08-28 11:15:00,LINE_A,SHIFT_A,34.66,3.466,3.466,7.484,2.965
2026-08-28 11:30:00,LINE_A,SHIFT_A,31.54,3.154,3.154,6.165,3.085
2026-08-28 11:45:00,LINE_A,SHIFT_A,32.01,3.201,3.201,6.786,2.892
2026-08-28 12:00:00,LINE_A,SHIFT_A,36.02,3.602,3.602,6.857,2.969
2026-08-28 12:15:00,LINE_A,SHIFT_A,34.5,3.45,3.45,7.367,2.695
2026-08-28 12:30:00,LINE_A,SHIFT_A,35.76,3.576,3.576,6.921,2.773
2026-08-28 12:45:00,LINE_A,SHIFT_A,38.45,3.845,3.845,7.376,2.819
2026-08-28 13:00:00,LINE_A,SHIFT_A,34.53,3.453,3.453,6.936,2.17
2026-08-28 13:15:00,LINE_A,SHIFT_A,34.37,3.437,3.437,7.039,2.865
2026-08-28 13:30:00,LINE_A,SHIFT_A,38.24,3.824,3.824,7.062,2.912
2026-08-28 13:45:00,LINE_A,SHIFT_A,34.91,3.491,3.491,6.478,2.863
2026-08-28 14:00:00,LINE_A,SHIFT_B,35.06,3.506,3.506,7.757,2.522
2026-08-28 14:15:00,LINE_A,SHIFT_B,37.38,3.738,3.738,7.599,2.742
2026-08-28 14:30:00,LINE_A,SHIFT_B,37.49,3.749,3.749,7.578,2.616
2026-08-28 14:45:00,LINE_A,SHIFT_B,36.53,3.653,3.653,7.214,2.782
2026-08-28 15:00:00,LINE_A,SHIFT_B,36.39,3.639,3.639,7.382,2.856
2026-08-28 15:15:00,LINE_A,SHIFT_B,35.77,3.577,3.577,7.163,2.85
2026-08-28 15:30:00,LINE_A,SHIFT_B,36.29,3.629,3.629,7.217,2.974
2026-08-28 15:45:00,LINE_A,SHIFT_B,38.9,3.89,3.89,7.457,2.418
2026-08-28 16:00:00,LINE_A,SHIFT_B,35.68,3.568,3.568,7.039,2.692
2026-08-28 16:15:00,LINE_A,SHIFT_B,35.44,3.544,3.544,7.052,2.31
2026-08-28 16:30:00,LINE_A,SHIFT_B,36.25,3.625,3.625,7.522,3.196
2026-08-28 16:45:00,LINE_A,SHIFT_B,38.12,3.812,3.812,7.017,2.599
2026-08-28 17:00:00,LINE_A,SHIFT_B,37.78,3.778,3.778,7.044,2.877
2026-08-28 17:15:00,LINE_A,SHIFT_B,35.33,3.533,3.533,7.435,2.767
2026-08-28 17:30:00,LINE_A,SHIFT_B,35.81,3.581,3.581,7.417,2.577
2026-08-28 17:45:00,LINE_A,SHIFT_B,36.41,3.641,3.641,7.967,2.881
2026-08-28 18:00:00,LINE_A,SHIFT_B,36.0,3.6,3.6,7.471,2.814
2026-08-28 18:15:00,LINE_A,SHIFT_B,38.93,3.893,3.893,7.161,2.803
2026-08-28 18:30:00,LINE_A,SHIFT_B,35.6,3.56,3.56,7.02,2.726
2026-08-28 18:45:00,LINE_A,SHIFT_B,36.01,3.601,3.601,7.158,2.354
2026-08-28 19:00:00,LINE_A,SHIFT_B,30.06,3.006,3.006,6.147,3.111
2026-08-28 19:15:00,LINE_A,SHIFT_B,32.88,3.288,3.288,5.996,2.713
2026-08-28 19:30:00,LINE_A,SHIFT_B,35.54,3.554,3.554,6.364,2.619
2026-08-28 19:45:00,LINE_A,SHIFT_B,35.15,3.515,3.515,7.005,2.943
2026-08-28 20:00:00,LINE_A,SHIFT_B,36.28,3.628,3.628,7.165,3.301
2026-08-28 20:15:00,LINE_A,SHIFT_B,34.99,3.499,3.499,7.391,2.946
2026-08-28 20:30:00,LINE_A,SHIFT_B,32.58,3.258,3.258,7.675,3.252
2026-08-28 20:45:00,LINE_A,SHIFT_B,32.32,3.232,3.232,6.377,3.15
2026-08-28 21:00:00,LINE_A,SHIFT_B,36.2,3.62,3.62,6.984,2.897
2026-08-28 21:15:00,LINE_A,SHIFT_B,34.47,3.447,3.447,6.945,3.125
2026-08-28 21:30:00,LINE_A,SHIFT_B,35.39,3.539,3.539,7.335,2.992
2026-08-28 21:45:00,LINE_A,SHIFT_B,35.4,3.54,3.54,6.915,3.206
2026-08-28 22:00:00,LINE_A,SHIFT_C,25.64,2.564,2.564,5.093,2.528
2026-08-28 22:15:00,LINE_A,SHIFT_C,29.2,2.92,2.92,5.173,2.391
2026-08-28 22:30:00,LINE_A,SHIFT_C,26.46,2.646,2.646,5.474,2.588
2026-08-28 22:45:00,LINE_A,SHIFT_C,26.43,2.643,2.643,5.118,2.174
2026-08-28 23:00:00,LINE_A,SHIFT_C,23.99,2.399,2.399,5.352,1.91
2026-08-28 23:15:00,LINE_A,SHIFT_C,26.88,2.688,2.688,5.918,2.176
2026-08-28 23:30:00,LINE_A,SHIFT_C,24.41,2.441,2.441,5.606,2.473
2026-08-28 23:45:00,LINE_A,SHIFT_C,26.53,2.653,2.653,5.228,2.756
2026-08-29 00:00:00,LINE_A,SHIFT_C,20.45,2.045,2.045,3.998,2.063
2026-08-29 00:15:00,LINE_A,SHIFT_C,22.0,2.2,2.2,4.637,2.038
2026-08-29 00:30:00,LINE_A,SHIFT_C,22.49,2.249,2.249,4.524,2.277
2026-08-29 00:45:00,LINE_A,SHIFT_C,20.54,2.054,2.054,4.319,2.442
2026-08-29 01:00:00,LINE_A,SHIFT_C,22.33,2.233,2.233,4.508,2.234
2026-08-29 01:15:00,LINE_A,SHIFT_C,22.04,2.204,2.204,3.793,2.164
2026-08-29 01:30:00,LINE_A,SHIFT_C,22.47,2.247,2.247,4.955,2.949
2026-08-29 01:45:00,LINE_A,SHIFT_C,22.53,2.253,2.253,4.632,2.417
2026-08-29 02:00:00,LINE_A,SHIFT_C,22.79,2.279,2.279,4.447,1.817
2026-08-29 02:15:00,LINE_A,SHIFT_C,23.11,2.311,2.311,4.281,2.182
2026-08-29 02:30:00,LINE_A,SHIFT_C,22.06,2.206,2.206,4.396,2.089
2026-08-29 02:45:00,LINE_A,SHIFT_C,20.66,2.066,2.066,4.566,1.734
2026-08-29 03:00:00,LINE_A,SHIFT_C,21.92,2.192,2.192,4.521,2.172
2026-08-29 03:15:00,LINE_A,SHIFT_C,19.48,1.948,1.948,4.196,2.295
2026-08-29 03:30:00,LINE_A,SHIFT_C,22.23,2.223,2.223,4.682,1.927
2026-08-29 03:45:00,LINE_A,SHIFT_C,20.55,2.055,2.055,4.342,2.484
2026-08-29 04:00:00,LINE_A,SHIFT_C,20.89,2.089,2.089,4.722,2.582
2026-08-29 04:15:00,LINE_A,SHIFT_C,21.9,2.19,2.19,4.426,2.386
2026-08-29 04:30:00,LINE_A,SHIFT_C,21.52,2.152,2.152,4.209,2.276
2026-08-29 04:45:00,LINE_A,SHIFT_C,24.3,2.43,2.43,4.339,2.259
2026-08-29 05:00:00,LINE_A,SHIFT_C,21.85,2.185,2.185,4.048,2.023
2026-08-29 05:15:00,LINE_A,SHIFT_C,23.0,2.3,2.3,4.239,1.973
2026-08-29 05:30:00,LINE_A,SHIFT_C,21.43,2.143,2.143,4.324,2.261
2026-08-29 05:45:00,LINE_A,SHIFT_C,22.79,2.279,2.279,4.532,2.362
2026-08-29 06:00:00,LINE_A,SHIFT_A,27.65,2.765,2.765,5.283,2.724
2026-08-29 06:15:00,LINE_A,SHIFT_A,28.57,2.857,2.857,5.473,2.722
2026-08-29 06:30:00,LINE_A,SHIFT_A,28.55,2.855,2.855,5.623,3.237
2026-08-29 06:45:00,LINE_A,SHIFT_A,26.65,2.665,2.665,5.372,2.656
2026-08-29 07:00:00,LINE_A,SHIFT_A,26.12,2.612,2.612,6.397,2.738
2026-08-29 07:15:00,LINE_A,SHIFT_A,28.32,2.832,2.832,5.408,2.891
2026-08-29 07:30:00,LINE_A,SHIFT_A,27.94,2.794,2.794,5.509,2.318
2026-08-29 07:45:00,LINE_A,SHIFT_A,27.11,2.711,2.711,6.394,2.798
2026-08-29 08:00:00,LINE_A,SHIFT_A,27.77,2.777,2.777,5.628,2.777
2026-08-29 08:15:00,LINE_A,SHIFT_A,26.43,2.643,2.643,5.908,2.23
2026-08-29 08:30:00,LINE_A,SHIFT_A,26.96,2.696,2.696,5.81,2.34
2026-08-29 08:45:00,LINE_A,SHIFT_A,29.74,2.974,2.974,4.996,2.991
2026-08-29 09:00:00,LINE_A,SHIFT_A,28.2,2.82,2.82,5.9,2.01
2026-08-29 09:15:00,LINE_A,SHIFT_A,29.45,2.945,2.945,6.061,2.351
2026-08-29 09:30:00,LINE_A,SHIFT_A,27.22,2.722,2.722,5.693,2.651
2026-08-29 09:45:00,LINE_A,SHIFT_A,29.19,2.919,2.919,5.972,2.41
2026-08-29 10:00:00,LINE_A,SHIFT_A,13.04,1.304,1.304,6.501,2.417
2026-08-29 10:15:00,LINE_A,SHIFT_A,14.42,1.442,1.442,5.427,2.532
2026-08-29 10:30:00,LINE_A,SHIFT_A,12.36,1.236,1.236,6.214,2.798
2026-08-29 10:45:00,LINE_A,SHIFT_A,31.06,3.106,3.106,6.299,2.74
2026-08-29 11:00:00,LINE_A,SHIFT_A,27.43,2.743,2.743,5.829,2.612
2026-08-29 11:15:00,LINE_A,SHIFT_A,26.61,2.661,2.661,5.38,2.388
2026-08-29 11:30:00,LINE_A,SHIFT_A,25.16,2.516,2.516,4.739,2.385
2026-08-29 11:45:00,LINE_A,SHIFT_A,26.85,2.685,2.685,5.041,2.802
2026-08-29 12:00:00,LINE_A,SHIFT_A,30.27,3.027,3.027,5.675,2.513
2026-08-29 12:15:00,LINE_A,SHIFT_A,29.63,2.963,2.963,5.799,2.593
2026-08-29 12:30:00,LINE_A,SHIFT_A,29.02,2.902,2.902,6.061,2.201
2026-08-29 12:45:00,LINE_A,SHIFT_A,27.83,2.783,2.783,5.175,2.25
2026-08-29 13:00:00,LINE_A,SHIFT_A,29.9,2.99,2.99,6.358,2.782
2026-08-29 13:15:00,LINE_A,SHIFT_A,28.84,2.884,2.884,5.618,2.599
2026-08-29 13:30:00,LINE_A,SHIFT_A,29.52,2.952,2.952,5.917,2.25
2026-08-29 13:45:00,LINE_A,SHIFT_A,31.49,3.149,3.149,5.766,2.364
2026-08-29 14:00:00,LINE_A,SHIFT_B,31.43,3.143,3.143,6.28,2.115
2026-08-29 14:15:00,LINE_A,SHIFT_B,27.87,2.787,2.787,6.161,2.157
2026-08-29 14:30:00,LINE_A,SHIFT_B,30.21,3.021,3.021,5.933,2.105
2026-08-29 14:45:00,LINE_A,SHIFT_B,30.73,3.073,3.073,5.93,2.23
2026-08-29 15:00:00,LINE_A,SHIFT_B,29.53,2.953,2.953,6.124,2.175
2026-08-29 15:15:00,LINE_A,SHIFT_B,28.23,2.823,2.823,6.507,2.248
2026-08-29 15:30:00,LINE_A,SHIFT_B,29.43,2.943,2.943,5.935,2.221
2026-08-29 15:45:00,LINE_A,SHIFT_B,30.73,3.073,3.073,5.435,2.424
2026-08-29 16:00:00,LINE_A,SHIFT_B,31.24,3.124,3.124,6.522,2.556
2026-08-29 16:15:00,LINE_A,SHIFT_B,29.54,2.954,2.954,5.652,2.044
2026-08-29 16:30:00,LINE_A,SHIFT_B,28.24,2.824,2.824,6.489,2.355
2026-08-29 16:45:00,LINE_A,SHIFT_B,32.02,3.202,3.202,5.646,2.429
2026-08-29 17:00:00,LINE_A,SHIFT_B,30.43,3.043,3.043,5.964,2.271
2026-08-29 17:15:00,LINE_A,SHIFT_B,31.09,3.109,3.109,6.247,2.262
2026-08-29 17:30:00,LINE_A,SHIFT_B,30.77,3.077,3.077,5.667,2.144
2026-08-29 17:45:00,LINE_A,SHIFT_B,30.37,3.037,3.037,5.803,2.529
2026-08-29 18:00:00,LINE_A,SHIFT_B,31.07,3.107,3.107,6.222,2.554
2026-08-29 18:15:00,LINE_A,SHIFT_B,28.67,2.867,2.867,6.352,2.498
2026-08-29 18:30:00,LINE_A,SHIFT_B,29.01,2.901,2.901,5.01,2.446
2026-08-29 18:45:00,LINE_A,SHIFT_B,29.5,2.95,2.95,5.837,2.577
2026-08-29 19:00:00,LINE_A,SHIFT_B,23.83,2.383,2.383,4.598,2.178
2026-08-29 19:15:00,LINE_A,SHIFT_B,26.34,2.634,2.634,5.662,2.442
2026-08-29 19:30:00,LINE_A,SHIFT_B,30.85,3.085,3.085,5.766,2.719
2026-08-29 19:45:00,LINE_A,SHIFT_B,28.34,2.834,2.834,5.435,2.847
2026-08-29 20:00:00,LINE_A,SHIFT_B,28.74,2.874,2.874,5.713,2.552
2026-08-29 20:15:00,LINE_A,SHIFT_B,30.29,3.029,3.029,5.408,2.121
2026-08-29 20:30:00,LINE_A,SHIFT_B,28.17,2.817,2.817,5.84,2.511
2026-08-29 20:45:00,LINE_A,SHIFT_B,28.17,2.817,2.817,5.512,2.468
2026-08-29 21:00:00,LINE_A,SHIFT_B,31.03,3.103,3.103,6.012,2.498
2026-08-29 21:15:00,LINE_A,SHIFT_B,28.15,2.815,2.815,5.787,2.445
2026-08-29 21:30:00,LINE_A,SHIFT_B,27.72,2.772,2.772,5.539,2.369
2026-08-29 21:45:00,LINE_A,SHIFT_B,27.69,2.769,2.769,5.938,3.119
2026-08-29 22:00:00,LINE_A,SHIFT_C,22.07,2.207,2.207,4.485,2.351
2026-08-29 22:15:00,LINE_A,SHIFT_C,22.05,2.205,2.205,5.294,2.095
2026-08-29 22:30:00,LINE_A,SHIFT_C,21.74,2.174,2.174,4.637,2.276
2026-08-29 22:45:00,LINE_A,SHIFT_C,20.63,2.063,2.063,4.584,2.304
2026-08-29 23:00:00,LINE_A,SHIFT_C,20.14,2.014,2.014,4.005,2.072
2026-08-29 23:15:00,LINE_A,SHIFT_C,22.78,2.278,2.278,4.91,2.321
2026-08-29 23:30:00,LINE_A,SHIFT_C,21.59,2.159,2.159,4.514,1.683
2026-08-29 23:45:00,LINE_A,SHIFT_C,22.88,2.288,2.288,4.497,2.341
2026-08-30 00:00:00,LINE_A,SHIFT_C,22.11,2.211,2.211,4.847,1.923
2026-08-30 00:15:00,LINE_A,SHIFT_C,19.83,1.983,1.983,4.995,2.318
2026-08-30 00:30:00,LINE_A,SHIFT_C,18.7,1.87,1.87,4.513,2.209
2026-08-30 00:45:00,LINE_A,SHIFT_C,23.94,2.394,2.394,4.285,2.255
2026-08-30 01:00:00,LINE_A,SHIFT_C,21.82,2.182,2.182,4.601,2.172
2026-08-30 01:15:00,LINE_A,SHIFT_C,21.72,2.172,2.172,4.17,2.127
2026-08-30 01:30:00,LINE_A,SHIFT_C,20.28,2.028,2.028,4.544,1.984
2026-08-30 01:45:00,LINE_A,SHIFT_C,21.92,2.192,2.192,3.642,2.314
2026-08-30 02:00:00,LINE_A,SHIFT_C,20.59,2.059,2.059,4.455,1.988
2026-08-30 02:15:00,LINE_A,SHIFT_C,24.08,2.408,2.408,4.109,2.231
2026-08-30 02:30:00,LINE_A,SHIFT_C,21.52,2.152,2.152,4.522,2.096
2026-08-30 02:45:00,LINE_A,SHIFT_C,22.57,2.257,2.257,4.434,1.934
2026-08-30 03:00:00,LINE_A,SHIFT_C,21.61,2.161,2.161,3.913,1.761
2026-08-30 03:15:00,LINE_A,SHIFT_C,21.64,2.164,2.164,4.348,2.42
2026-08-30 03:30:00,LINE_A,SHIFT_C,23.32,2.332,2.332,4.703,2.237
2026-08-30 03:45:00,LINE_A,SHIFT_C,22.39,2.239,2.239,4.332,2.491
2026-08-30 04:00:00,LINE_A,SHIFT_C,23.56,2.356,2.356,4.455,2.223
2026-08-30 04:15:00,LINE_A,SHIFT_C,20.76,2.076,2.076,5.016,2.202
2026-08-30 04:30:00,LINE_A,SHIFT_C,21.12,2.112,2.112,4.505,2.185
2026-08-30 04:45:00,LINE_A,SHIFT_C,21.5,2.15,2.15,4.88,2.195
2026-08-30 05:00:00,LINE_A,SHIFT_C,20.62,2.062,2.062,4.25,2.121
2026-08-30 05:15:00,LINE_A,SHIFT_C,24.21,2.421,2.421,4.751,2.234
2026-08-30 05:30:00,LINE_A,SHIFT_C,23.57,2.357,2.357,4.548,2.58
2026-08-30 05:45:00,LINE_A,SHIFT_C,21.17,2.117,2.117,4.997,2.097
2026-08-30 06:00:00,LINE_A,SHIFT_A,23.2,2.32,2.32,5.704,2.323
2026-08-30 06:15:00,LINE_A,SHIFT_A,27.44,2.744,2.744,5.178,2.477
2026-08-30 06:30:00,LINE_A,SHIFT_A,29.04,2.904,2.904,5.557,2.723
2026-08-30 06:45:00,LINE_A,SHIFT_A,28.22,2.822,2.822,6.271,2.997
2026-08-30 07:00:00,LINE_A,SHIFT_A,28.95,2.895,2.895,5.548,2.627
2026-08-30 07:15:00,LINE_A,SHIFT_A,27.67,2.767,2.767,5.338,2.468
2026-08-30 07:30:00,LINE_A,SHIFT_A,24.99,2.499,2.499,5.255,3.166
2026-08-30 07:45:00,LINE_A,SHIFT_A,28.84,2.884,2.884,5.146,2.603
2026-08-30 08:00:00,LINE_A,SHIFT_A,26.61,2.661,2.661,5.508,2.265
2026-08-30 08:15:00,LINE_A,SHIFT_A,28.31,2.831,2.831,5.634,2.544
2026-08-30 08:30:00,LINE_A,SHIFT_A,28.33,2.833,2.833,5.651,2.663
2026-08-30 08:45:00,LINE_A,SHIFT_A,27.14,2.714,2.714,4.805,2.455
2026-08-30 09:00:00,LINE_A,SHIFT_A,29.91,2.991,2.991,5.688,2.241
2026-08-30 09:15:00,LINE_A,SHIFT_A,25.23,2.523,2.523,6.596,2.692
2026-08-30 09:30:00,LINE_A,SHIFT_A,30.42,3.042,3.042,5.866,2.682
2026-08-30 09:45:00,LINE_A,SHIFT_A,29.18,2.918,2.918,6.333,2.432
2026-08-30 10:00:00,LINE_A,SHIFT_A,29.73,2.973,2.973,6.143,2.263
2026-08-30 10:15:00,LINE_A,SHIFT_A,27.88,2.788,2.788,5.17,2.865
2026-08-30 10:30:00,LINE_A,SHIFT_A,29.84,2.984,2.984,6.486,2.647
2026-08-30 10:45:00,LINE_A,SHIFT_A,26.62,2.662,2.662,5.619,2.47
2026-08-30 11:00:00,LINE_A,SHIFT_A,28.67,2.867,2.867,6.121,2.196
2026-08-30 11:15:00,LINE_A,SHIFT_A,29.19,2.919,2.919,6.016,2.304
2026-08-30 11:30:00,LINE_A,SHIFT_A,24.48,2.448,2.448,5.049,2.726
2026-08-30 11:45:00,LINE_A,SHIFT_A,24.14,2.414,2.414,5.095,2.653
2026-08-30 12:00:00,LINE_A,SHIFT_A,28.45,2.845,2.845,5.491,2.559
2026-08-30 12:15:00,LINE_A,SHIFT_A,27.98,2.798,2.798,5.814,2.448
2026-08-30 12:30:00,LINE_A,SHIFT_A,26.99,2.699,2.699,6.292,2.729
2026-08-30 12:45:00,LINE_A,SHIFT_A,27.08,2.708,2.708,5.815,2.212
2026-08-30 13:00:00,LINE_A,SHIFT_A,30.85,3.085,3.085,5.39,2.299
2026-08-30 13:15:00,LINE_A,SHIFT_A,28.68,2.868,2.868,5.929,2.242
2026-08-30 13:30:00,LINE_A,SHIFT_A,28.87,2.887,2.887,6.242,2.251
2026-08-30 13:45:00,LINE_A,SHIFT_A,28.85,2.885,2.885,5.273,2.362
2026-08-30 14:00:00,LINE_A,SHIFT_B,27.81,2.781,2.781,6.026,2.132
2026-08-30 14:15:00,LINE_A,SHIFT_B,28.44,2.844,2.844,5.955,3.027
2026-08-30 14:30:00,LINE_A,SHIFT_B,31.63,3.163,3.163,5.923,2.245
2026-08-30 14:45:00,LINE_A,SHIFT_B,30.09,3.009,3.009,6.331,2.509
2026-08-30 15:00:00,LINE_A,SHIFT_B,29.62,2.962,2.962,6.812,2.545
2026-08-30 15:15:00,LINE_A,SHIFT_B,29.66,2.966,2.966,5.741,2.222
2026-08-30 15:30:00,LINE_A,SHIFT_B,30.18,3.018,3.018,6.385,2.578
2026-08-30 15:45:00,LINE_A,SHIFT_B,29.57,2.957,2.957,7.008,2.576
2026-08-30 16:00:00,LINE_A,SHIFT_B,27.91,2.791,2.791,6.223,2.306
2026-08-30 16:15:00,LINE_A,SHIFT_B,32.22,3.222,3.222,5.601,2.757
2026-08-30 16:30:00,LINE_A,SHIFT_B,31.56,3.156,3.156,6.223,2.181
2026-08-30 16:45:00,LINE_A,SHIFT_B,29.7,2.97,2.97,5.82,2.33
2026-08-30 17:00:00,LINE_A,SHIFT_B,30.2,3.02,3.02,5.718,2.383
2026-08-30 17:15:00,LINE_A,SHIFT_B,31.07,3.107,3.107,6.624,1.92
2026-08-30 17:30:00,LINE_A,SHIFT_B,29.9,2.99,2.99,6.584,2.334
2026-08-30 17:45:00,LINE_A,SHIFT_B,29.01,2.901,2.901,5.916,2.586
2026-08-30 18:00:00,LINE_A,SHIFT_B,29.77,2.977,2.977,6.045,2.309
2026-08-30 18:15:00,LINE_A,SHIFT_B,31.0,3.1,3.1,6.501,2.556
2026-08-30 18:30:00,LINE_A,SHIFT_B,28.68,2.868,2.868,6.474,3.081
2026-08-30 18:45:00,LINE_A,SHIFT_B,30.23,3.023,3.023,5.64,2.332
2026-08-30 19:00:00,LINE_A,SHIFT_B,25.52,2.552,2.552,5.021,2.264
2026-08-30 19:15:00,LINE_A,SHIFT_B,25.22,2.522,2.522,5.591,2.354
2026-08-30 19:30:00,LINE_A,SHIFT_B,26.97,2.697,2.697,5.971,2.549
2026-08-30 19:45:00,LINE_A,SHIFT_B,30.76,3.076,3.076,5.401,2.494
2026-08-30 20:00:00,LINE_A,SHIFT_B,26.93,2.693,2.693,6.097,2.389
2026-08-30 20:15:00,LINE_A,SHIFT_B,27.34,2.734,2.734,5.581,2.434
2026-08-30 20:30:00,LINE_A,SHIFT_B,28.35,2.835,2.835,5.58,2.362
2026-08-30 20:45:00,LINE_A,SHIFT_B,27.15,2.715,2.715,5.808,2.626
2026-08-30 21:00:00,LINE_A,SHIFT_B,28.27,2.827,2.827,5.327,2.821
2026-08-30 21:15:00,LINE_A,SHIFT_B,29.95,2.995,2.995,5.375,2.502
2026-08-30 21:30:00,LINE_A,SHIFT_B,30.3,3.03,3.03,5.604,3.181
2026-08-30 21:45:00,LINE_A,SHIFT_B,27.6,2.76,2.76,5.932,2.493
2026-08-30 22:00:00,LINE_A,SHIFT_C,19.05,1.905,1.905,4.51,1.931
2026-08-30 22:15:00,LINE_A,SHIFT_C,22.93,2.293,2.293,4.512,2.301
2026-08-30 22:30:00,LINE_A,SHIFT_C,22.08,2.208,2.208,4.676,2.019
2026-08-30 22:45:00,LINE_A,SHIFT_C,24.19,2.419,2.419,4.253,1.678
2026-08-30 23:00:00,LINE_A,SHIFT_C,24.14,2.414,2.414,4.267,2.099
2026-08-30 23:15:00,LINE_A,SHIFT_C,21.89,2.189,2.189,4.47,2.525
2026-08-30 23:30:00,LINE_A,SHIFT_C,22.22,2.222,2.222,4.037,2.612
2026-08-30 23:45:00,LINE_A,SHIFT_C,19.54,1.954,1.954,3.975,2.102
2026-08-31 00:00:00,LINE_A,SHIFT_C,23.53,2.353,2.353,5.222,2.759
2026-08-31 00:15:00,LINE_A,SHIFT_C,25.93,2.593,2.593,5.425,2.662
2026-08-31 00:30:00,LINE_A,SHIFT_C,27.97,2.797,2.797,4.929,2.482
2026-08-31 00:45:00,LINE_A,SHIFT_C,25.25,2.525,2.525,4.954,2.313
2026-08-31 01:00:00,LINE_A,SHIFT_C,27.54,2.754,2.754,4.843,2.437
2026-08-31 01:15:00,LINE_A,SHIFT_C,27.66,2.766,2.766,5.855,2.899
2026-08-31 01:30:00,LINE_A,SHIFT_C,26.01,2.601,2.601,5.771,2.799
2026-08-31 01:45:00,LINE_A,SHIFT_C,25.3,2.53,2.53,5.435,2.633
2026-08-31 02:00:00,LINE_A,SHIFT_C,24.67,2.467,2.467,5.197,2.268
2026-08-31 02:15:00,LINE_A,SHIFT_C,29.03,2.903,2.903,4.656,2.548
2026-08-31 02:30:00,LINE_A,SHIFT_C,26.65,2.665,2.665,5.318,2.705
2026-08-31 02:45:00,LINE_A,SHIFT_C,28.06,2.806,2.806,5.253,2.299
2026-08-31 03:00:00,LINE_A,SHIFT_C,26.0,2.6,2.6,4.882,2.619
2026-08-31 03:15:00,LINE_A,SHIFT_C,28.35,2.835,2.835,4.802,2.44
2026-08-31 03:30:00,LINE_A,SHIFT_C,25.23,2.523,2.523,5.828,2.654
2026-08-31 03:45:00,LINE_A,SHIFT_C,26.44,2.644,2.644,5.601,2.391
2026-08-31 04:00:00,LINE_A,SHIFT_C,27.74,2.774,2.774,4.486,3.093
2026-08-31 04:15:00,LINE_A,SHIFT_C,27.22,2.722,2.722,5.14,2.474
2026-08-31 04:30:00,LINE_A,SHIFT_C,27.7,2.77,2.77,6.029,2.618
2026-08-31 04:45:00,LINE_A,SHIFT_C,28.09,2.809,2.809,5.711,2.262
2026-08-31 05:00:00,LINE_A,SHIFT_C,26.44,2.644,2.644,5.132,2.89
2026-08-31 05:15:00,LINE_A,SHIFT_C,28.4,2.84,2.84,5.592,2.609
2026-08-31 05:30:00,LINE_A,SHIFT_C,27.6,2.76,2.76,5.541,2.482
2026-08-31 05:45:00,LINE_A,SHIFT_C,26.49,2.649,2.649,5.097,2.372
2026-08-31 06:00:00,LINE_A,SHIFT_A,33.14,3.314,3.314,6.778,2.923
2026-08-31 06:15:00,LINE_A,SHIFT_A,34.62,3.462,3.462,6.459,3.142
2026-08-31 06:30:00,LINE_A,SHIFT_A,33.25,3.325,3.325,6.908,3.482
2026-08-31 06:45:00,LINE_A,SHIFT_A,33.03,3.303,3.303,6.291,3.378
2026-08-31 07:00:00,LINE_A,SHIFT_A,34.47,3.447,3.447,6.748,2.806
2026-08-31 07:15:00,LINE_A,SHIFT_A,34.48,3.448,3.448,7.006,3.173
2026-08-31 07:30:00,LINE_A,SHIFT_A,33.12,3.312,3.312,7.106,3.236
2026-08-31 07:45:00,LINE_A,SHIFT_A,32.49,3.249,3.249,6.18,2.949
2026-08-31 08:00:00,LINE_A,SHIFT_A,34.54,3.454,3.454,6.945,3.151
2026-08-31 08:15:00,LINE_A,SHIFT_A,34.63,3.463,3.463,6.691,3.094
2026-08-31 08:30:00,LINE_A,SHIFT_A,35.78,3.578,3.578,6.811,3.557
2026-08-31 08:45:00,LINE_A,SHIFT_A,36.34,3.634,3.634,6.924,2.78
2026-08-31 09:00:00,LINE_A,SHIFT_A,33.19,3.319,3.319,6.419,2.897
2026-08-31 09:15:00,LINE_A,SHIFT_A,35.38,3.538,3.538,6.387,3.212
2026-08-31 09:30:00,LINE_A,SHIFT_A,35.16,3.516,3.516,6.954,3.055
2026-08-31 09:45:00,LINE_A,SHIFT_A,35.41,3.541,3.541,7.052,2.766
2026-08-31 10:00:00,LINE_A,SHIFT_A,35.59,3.559,3.559,6.977,2.721
2026-08-31 10:15:00,LINE_A,SHIFT_A,35.91,3.591,3.591,7.699,3.07
2026-08-31 10:30:00,LINE_A,SHIFT_A,35.74,3.574,3.574,6.473,3.13
2026-08-31 10:45:00,LINE_A,SHIFT_A,35.52,3.552,3.552,6.96,2.828
2026-08-31 11:00:00,LINE_A,SHIFT_A,35.92,3.592,3.592,7.129,2.921
2026-08-31 11:15:00,LINE_A,SHIFT_A,36.96,3.696,3.696,7.025,2.607
2026-08-31 11:30:00,LINE_A,SHIFT_A,28.58,2.858,2.858,6.256,2.781
2026-08-31 11:45:00,LINE_A,SHIFT_A,31.49,3.149,3.149,6.643,2.752
2026-08-31 12:00:00,LINE_A,SHIFT_A,37.39,3.739,3.739,7.742,2.715
2026-08-31 12:15:00,LINE_A,SHIFT_A,36.54,3.654,3.654,6.985,2.806
2026-08-31 12:30:00,LINE_A,SHIFT_A,34.5,3.45,3.45,7.118,3.184
2026-08-31 12:45:00,LINE_A,SHIFT_A,37.02,3.702,3.702,7.121,3.218
2026-08-31 13:00:00,LINE_A,SHIFT_A,35.44,3.544,3.544,7.351,2.473
2026-08-31 13:15:00,LINE_A,SHIFT_A,35.43,3.543,3.543,7.377,3.179
2026-08-31 13:30:00,LINE_A,SHIFT_A,35.56,3.556,3.556,8.062,2.883
2026-08-31 13:45:00,LINE_A,SHIFT_A,34.74,3.474,3.474,6.757,2.859
2026-08-31 14:00:00,LINE_A,SHIFT_B,38.2,3.82,3.82,7.919,2.664
2026-08-31 14:15:00,LINE_A,SHIFT_B,36.74,3.674,3.674,7.552,2.871
2026-08-31 14:30:00,LINE_A,SHIFT_B,40.0,4.0,4.0,7.341,2.794
2026-08-31 14:45:00,LINE_A,SHIFT_B,38.06,3.806,3.806,7.646,2.503
2026-08-31 15:00:00,LINE_A,SHIFT_B,36.76,3.676,3.676,8.002,2.457
2026-08-31 15:15:00,LINE_A,SHIFT_B,37.49,3.749,3.749,7.868,2.692
2026-08-31 15:30:00,LINE_A,SHIFT_B,38.44,3.844,3.844,7.278,2.801
2026-08-31 15:45:00,LINE_A,SHIFT_B,36.86,3.686,3.686,7.01,2.538
2026-08-31 16:00:00,LINE_A,SHIFT_B,35.51,3.551,3.551,7.414,2.892
2026-08-31 16:15:00,LINE_A,SHIFT_B,35.43,3.543,3.543,7.416,2.688
2026-08-31 16:30:00,LINE_A,SHIFT_B,37.69,3.769,3.769,7.508,2.549
2026-08-31 16:45:00,LINE_A,SHIFT_B,35.24,3.524,3.524,7.313,2.61
2026-08-31 17:00:00,LINE_A,SHIFT_B,37.24,3.724,3.724,7.659,3.019
2026-08-31 17:15:00,LINE_A,SHIFT_B,37.31,3.731,3.731,7.175,2.748
2026-08-31 17:30:00,LINE_A,SHIFT_B,37.83,3.783,3.783,6.689,2.904
2026-08-31 17:45:00,LINE_A,SHIFT_B,37.42,3.742,3.742,7.384,3.218
2026-08-31 18:00:00,LINE_A,SHIFT_B,38.81,3.881,3.881,8.091,2.828
2026-08-31 18:15:00,LINE_A,SHIFT_B,34.38,3.438,3.438,7.267,3.17
2026-08-31 18:30:00,LINE_A,SHIFT_B,36.2,3.62,3.62,6.545,2.83
2026-08-31 18:45:00,LINE_A,SHIFT_B,34.49,3.449,3.449,7.756,2.795
2026-08-31 19:00:00,LINE_A,SHIFT_B,31.74,3.174,3.174,5.966,3.034
2026-08-31 19:15:00,LINE_A,SHIFT_B,31.76,3.176,3.176,6.298,3.088
2026-08-31 19:30:00,LINE_A,SHIFT_B,35.45,3.545,3.545,7.067,2.818
2026-08-31 19:45:00,LINE_A,SHIFT_B,36.27,3.627,3.627,7.308,2.643
2026-08-31 20:00:00,LINE_A,SHIFT_B,35.21,3.521,3.521,7.07,3.066
2026-08-31 20:15:00,LINE_A,SHIFT_B,37.09,3.709,3.709,7.684,2.95
2026-08-31 20:30:00,LINE_A,SHIFT_B,36.12,3.612,3.612,7.515,3.216
2026-08-31 20:45:00,LINE_A,SHIFT_B,34.95,3.495,3.495,6.667,2.621
2026-08-31 21:00:00,LINE_A,SHIFT_B,36.17,3.617,3.617,7.069,2.996
2026-08-31 21:15:00,LINE_A,SHIFT_B,35.87,3.587,3.587,7.54,2.727
2026-08-31 21:30:00,LINE_A,SHIFT_B,35.99,3.599,3.599,7.126,3.189
2026-08-31 21:45:00,LINE_A,SHIFT_B,36.71,3.671,3.671,7.72,2.714
2026-08-31 22:00:00,LINE_A,SHIFT_C,27.22,2.722,2.722,4.673,2.632
2026-08-31 22:15:00,LINE_A,SHIFT_C,26.12,2.612,2.612,4.951,2.111
2026-08-31 22:30:00,LINE_A,SHIFT_C,27.41,2.741,2.741,5.182,2.546
2026-08-31 22:45:00,LINE_A,SHIFT_C,27.45,2.745,2.745,5.744,2.607
2026-08-31 23:00:00,LINE_A,SHIFT_C,26.04,2.604,2.604,5.386,2.486
2026-08-31 23:15:00,LINE_A,SHIFT_C,27.56,2.756,2.756,5.909,2.506
2026-08-31 23:30:00,LINE_A,SHIFT_C,26.83,2.683,2.683,5.467,2.456
2026-08-31 23:45:00,LINE_A,SHIFT_C,29.15,2.915,2.915,4.92,2.556
2026-09-01 00:00:00,LINE_A,SHIFT_C,26.25,2.625,2.625,4.976,2.22
2026-09-01 00:15:00,LINE_A,SHIFT_C,26.48,2.648,2.648,5.67,2.617
2026-09-01 00:30:00,LINE_A,SHIFT_C,26.72,2.672,2.672,5.147,2.226
2026-09-01 00:45:00,LINE_A,SHIFT_C,27.59,2.759,2.759,4.849,2.62
2026-09-01 01:00:00,LINE_A,SHIFT_C,26.64,2.664,2.664,5.031,2.681
2026-09-01 01:15:00,LINE_A,SHIFT_C,26.84,2.684,2.684,5.283,3.128
2026-09-01 01:30:00,LINE_A,SHIFT_C,27.8,2.78,2.78,4.934,2.555
2026-09-01 01:45:00,LINE_A,SHIFT_C,26.82,2.682,2.682,4.864,2.245
2026-09-01 02:00:00,LINE_A,SHIFT_C,25.11,2.511,2.511,5.42,2.833
2026-09-01 02:15:00,LINE_A,SHIFT_C,27.52,2.752,2.752,5.591,2.952
2026-09-01 02:30:00,LINE_A,SHIFT_C,27.54,2.754,2.754,5.322,2.692
2026-09-01 02:45:00,LINE_A,SHIFT_C,28.07,2.807,2.807,5.223,2.432
2026-09-01 03:00:00,LINE_A,SHIFT_C,28.21,2.821,2.821,5.313,2.318
2026-09-01 03:15:00,LINE_A,SHIFT_C,26.15,2.615,2.615,5.712,2.563
2026-09-01 03:30:00,LINE_A,SHIFT_C,25.71,2.571,2.571,4.962,2.615
2026-09-01 03:45:00,LINE_A,SHIFT_C,26.77,2.677,2.677,5.654,2.629
2026-09-01 04:00:00,LINE_A,SHIFT_C,26.11,2.611,2.611,5.179,3.087
2026-09-01 04:15:00,LINE_A,SHIFT_C,27.73,2.773,2.773,5.551,2.503
2026-09-01 04:30:00,LINE_A,SHIFT_C,27.81,2.781,2.781,4.93,2.29
2026-09-01 04:45:00,LINE_A,SHIFT_C,25.6,2.56,2.56,5.37,2.693
2026-09-01 05:00:00,LINE_A,SHIFT_C,26.65,2.665,2.665,5.226,2.497
2026-09-01 05:15:00,LINE_A,SHIFT_C,28.82,2.882,2.882,5.552,2.403
2026-09-01 05:30:00,LINE_A,SHIFT_C,28.14,2.814,2.814,5.415,2.569
2026-09-01 05:45:00,LINE_A,SHIFT_C,30.06,3.006,3.006,5.99,2.443
2026-09-01 06:00:00,LINE_A,SHIFT_A,33.48,3.348,3.348,6.43,3.221
2026-09-01 06:15:00,LINE_A,SHIFT_A,35.52,3.552,3.552,6.322,3.334
2026-09-01 06:30:00,LINE_A,SHIFT_A,34.75,3.475,3.475,6.863,2.954
2026-09-01 06:45:00,LINE_A,SHIFT_A,33.9,3.39,3.39,6.859,3.524
2026-09-01 07:00:00,LINE_A,SHIFT_A,34.19,3.419,3.419,7.443,3.08
2026-09-01 07:15:00,LINE_A,SHIFT_A,33.25,3.325,3.325,6.735,3.104
2026-09-01 07:30:00,LINE_A,SHIFT_A,33.9,3.39,3.39,7.026,3.099
2026-09-01 07:45:00,LINE_A,SHIFT_A,34.49,3.449,3.449,7.209,2.982
2026-09-01 08:00:00,LINE_A,SHIFT_A,34.72,3.472,3.472,6.587,3.337
2026-09-01 08:15:00,LINE_A,SHIFT_A,34.31,3.431,3.431,6.945,2.941
2026-09-01 08:30:00,LINE_A,SHIFT_A,34.09,3.409,3.409,6.786,2.923
2026-09-01 08:45:00,LINE_A,SHIFT_A,34.36,3.436,3.436,6.763,3.285
2026-09-01 09:00:00,LINE_A,SHIFT_A,34.66,3.466,3.466,6.495,2.92
2026-09-01 09:15:00,LINE_A,SHIFT_A,34.12,3.412,3.412,7.343,3.019
2026-09-01 09:30:00,LINE_A,SHIFT_A,35.65,3.565,3.565,7.39,3.17
2026-09-01 09:45:00,LINE_A,SHIFT_A,33.13,3.313,3.313,7.082,2.897
2026-09-01 10:00:00,LINE_A,SHIFT_A,33.8,3.38,3.38,6.465,2.68
2026-09-01 10:15:00,LINE_A,SHIFT_A,37.17,3.717,3.717,7.006,2.66
2026-09-01 10:30:00,LINE_A,SHIFT_A,34.72,3.472,3.472,6.819,2.996
2026-09-01 10:45:00,LINE_A,SHIFT_A,35.62,3.562,3.562,7.079,2.829
2026-09-01 11:00:00,LINE_A,SHIFT_A,34.3,3.43,3.43,6.819,2.48
2026-09-01 11:15:00,LINE_A,SHIFT_A,36.16,3.616,3.616,6.702,3.01
2026-09-01 11:30:00,LINE_A,SHIFT_A,33.93,3.393,3.393,6.243,3.126
2026-09-01 11:45:00,LINE_A,SHIFT_A,32.15,3.215,3.215,6.314,3.012
2026-09-01 12:00:00,LINE_A,SHIFT_A,34.34,3.434,3.434,7.148,3.09
2026-09-01 12:15:00,LINE_A,SHIFT_A,35.1,3.51,3.51,7.072,2.899
2026-09-01 12:30:00,LINE_A,SHIFT_A,34.38,3.438,3.438,6.706,3.259
2026-09-01 12:45:00,LINE_A,SHIFT_A,37.21,3.721,3.721,6.96,3.276
2026-09-01 13:00:00,LINE_A,SHIFT_A,36.72,3.672,3.672,7.201,2.844
2026-09-01 13:15:00,LINE_A,SHIFT_A,35.6,3.56,3.56,6.395,3.08
2026-09-01 13:30:00,LINE_A,SHIFT_A,33.8,3.38,3.38,7.308,2.829
2026-09-01 13:45:00,LINE_A,SHIFT_A,35.28,3.528,3.528,7.399,2.94
2026-09-01 14:00:00,LINE_A,SHIFT_B,37.75,3.775,3.775,7.508,2.538
2026-09-01 14:15:00,LINE_A,SHIFT_B,36.6,3.66,3.66,7.149,2.809
2026-09-01 14:30:00,LINE_A,SHIFT_B,35.47,3.547,3.547,7.321,2.139
2026-09-01 14:45:00,LINE_A,SHIFT_B,39.26,3.926,3.926,7.816,3.07
2026-09-01 15:00:00,LINE_A,SHIFT_B,38.25,3.825,3.825,7.652,3.353
2026-09-01 15:15:00,LINE_A,SHIFT_B,36.98,3.698,3.698,7.95,3.205
2026-09-01 15:30:00,LINE_A,SHIFT_B,37.35,3.735,3.735,7.156,2.945
2026-09-01 15:45:00,LINE_A,SHIFT_B,37.7,3.77,3.77,7.1,2.633
2026-09-01 16:00:00,LINE_A,SHIFT_B,39.01,3.901,3.901,7.436,2.497
2026-09-01 16:15:00,LINE_A,SHIFT_B,38.36,3.836,3.836,7.837,2.738
2026-09-01 16:30:00,LINE_A,SHIFT_B,37.05,3.705,3.705,7.661,2.682
2026-09-01 16:45:00,LINE_A,SHIFT_B,36.76,3.676,3.676,7.23,3.13
2026-09-01 17:00:00,LINE_A,SHIFT_B,38.29,3.829,3.829,7.74,2.95
2026-09-01 17:15:00,LINE_A,SHIFT_B,35.11,3.511,3.511,7.906,2.708
2026-09-01 17:30:00,LINE_A,SHIFT_B,38.14,3.814,3.814,7.279,3.063
2026-09-01 17:45:00,LINE_A,SHIFT_B,36.75,3.675,3.675,7.343,2.716
2026-09-01 18:00:00,LINE_A,SHIFT_B,37.19,3.719,3.719,10.328,2.629
2026-09-01 18:15:00,LINE_A,SHIFT_B,35.74,3.574,3.574,10.477,2.4
2026-09-01 18:30:00,LINE_A,SHIFT_B,35.74,3.574,3.574,6.927,2.577
2026-09-01 18:45:00,LINE_A,SHIFT_B,36.67,3.667,3.667,7.474,2.551
2026-09-01 19:00:00,LINE_A,SHIFT_B,33.66,3.366,3.366,6.194,3.243
2026-09-01 19:15:00,LINE_A,SHIFT_B,32.29,3.229,3.229,6.031,2.556
2026-09-01 19:30:00,LINE_A,SHIFT_B,34.92,3.492,3.492,7.315,2.816
2026-09-01 19:45:00,LINE_A,SHIFT_B,33.11,3.311,3.311,6.799,2.87
2026-09-01 20:00:00,LINE_A,SHIFT_B,36.36,3.636,3.636,7.443,2.614
2026-09-01 20:15:00,LINE_A,SHIFT_B,35.51,3.551,3.551,6.95,3.207
2026-09-01 20:30:00,LINE_A,SHIFT_B,37.02,3.702,3.702,7.152,3.175
2026-09-01 20:45:00,LINE_A,SHIFT_B,37.53,3.753,3.753,6.283,3.155
2026-09-01 21:00:00,LINE_A,SHIFT_B,35.95,3.595,3.595,6.615,2.705
2026-09-01 21:15:00,LINE_A,SHIFT_B,32.69,3.269,3.269,7.196,2.924
2026-09-01 21:30:00,LINE_A,SHIFT_B,34.71,3.471,3.471,6.441,2.79
2026-09-01 21:45:00,LINE_A,SHIFT_B,34.22,3.422,3.422,7.113,2.941
2026-09-01 22:00:00,LINE_A,SHIFT_C,26.56,2.656,2.656,5.295,2.422
2026-09-01 22:15:00,LINE_A,SHIFT_C,26.76,2.676,2.676,5.394,2.356
2026-09-01 22:30:00,LINE_A,SHIFT_C,27.29,2.729,2.729,6.242,2.243
2026-09-01 22:45:00,LINE_A,SHIFT_C,28.62,2.862,2.862,4.399,2.087
2026-09-01 23:00:00,LINE_A,SHIFT_C,27.57,2.757,2.757,5.42,2.591
2026-09-01 23:15:00,LINE_A,SHIFT_C,29.17,2.917,2.917,5.54,2.527
2026-09-01 23:30:00,LINE_A,SHIFT_C,27.1,2.71,2.71,5.453,2.5
2026-09-01 23:45:00,LINE_A,SHIFT_C,24.89,2.489,2.489,5.518,2.192
2026-09-02 00:00:00,LINE_A,SHIFT_C,26.3,2.63,2.63,5.093,2.379
2026-09-02 00:15:00,LINE_A,SHIFT_C,25.95,2.595,2.595,5.075,2.565
2026-09-02 00:30:00,LINE_A,SHIFT_C,25.1,2.51,2.51,4.723,2.549
2026-09-02 00:45:00,LINE_A,SHIFT_C,26.91,2.691,2.691,4.836,2.651
2026-09-02 01:00:00,LINE_A,SHIFT_C,28.67,2.867,2.867,5.622,2.531
2026-09-02 01:15:00,LINE_A,SHIFT_C,23.76,2.376,2.376,5.367,2.977
2026-09-02 01:30:00,LINE_A,SHIFT_C,26.47,2.647,2.647,5.51,2.83
2026-09-02 01:45:00,LINE_A,SHIFT_C,27.81,2.781,2.781,5.44,2.459
2026-09-02 02:00:00,LINE_A,SHIFT_C,27.12,2.712,2.712,5.195,2.475
2026-09-02 02:15:00,LINE_A,SHIFT_C,26.39,2.639,2.639,4.962,2.738
2026-09-02 02:30:00,LINE_A,SHIFT_C,26.04,2.604,2.604,5.575,2.287
2026-09-02 02:45:00,LINE_A,SHIFT_C,26.64,2.664,2.664,5.42,2.475
2026-09-02 03:00:00,LINE_A,SHIFT_C,25.48,2.548,2.548,5.206,2.498
2026-09-02 03:15:00,LINE_A,SHIFT_C,27.61,2.761,2.761,4.98,2.755
2026-09-02 03:30:00,LINE_A,SHIFT_C,26.17,2.617,2.617,5.373,2.774
2026-09-02 03:45:00,LINE_A,SHIFT_C,28.21,2.821,2.821,5.485,2.324
2026-09-02 04:00:00,LINE_A,SHIFT_C,24.17,2.417,2.417,5.449,2.812
2026-09-02 04:15:00,LINE_A,SHIFT_C,25.04,2.504,2.504,5.629,2.929
2026-09-02 04:30:00,LINE_A,SHIFT_C,27.07,2.707,2.707,5.719,2.356
2026-09-02 04:45:00,LINE_A,SHIFT_C,26.91,2.691,2.691,5.724,2.489
2026-09-02 05:00:00,LINE_A,SHIFT_C,24.57,2.457,2.457,5.135,2.429
2026-09-02 05:15:00,LINE_A,SHIFT_C,26.72,2.672,2.672,5.429,2.553
2026-09-02 05:30:00,LINE_A,SHIFT_C,27.7,2.77,2.77,4.972,2.458
2026-09-02 05:45:00,LINE_A,SHIFT_C,28.47,2.847,2.847,5.459,2.536
2026-09-02 06:00:00,LINE_A,SHIFT_A,32.05,3.205,3.205,5.768,2.895
2026-09-02 06:15:00,LINE_A,SHIFT_A,33.5,3.35,3.35,6.944,3.147
2026-09-02 06:30:00,LINE_A,SHIFT_A,34.41,3.441,3.441,5.908,3.073
2026-09-02 06:45:00,LINE_A,SHIFT_A,34.01,3.401,3.401,6.884,3.081
2026-09-02 07:00:00,LINE_A,SHIFT_A,34.53,3.453,3.453,6.927,3.328
2026-09-02 07:15:00,LINE_A,SHIFT_A,34.25,3.425,3.425,6.622,3.041
2026-09-02 07:30:00,LINE_A,SHIFT_A,34.42,3.442,3.442,5.67,3.555
2026-09-02 07:45:00,LINE_A,SHIFT_A,35.11,3.511,3.511,6.834,2.949
2026-09-02 08:00:00,LINE_A,SHIFT_A,33.04,3.304,3.304,6.239,2.887
2026-09-02 08:15:00,LINE_A,SHIFT_A,37.9,3.79,3.79,7.246,3.463
2026-09-02 08:30:00,LINE_A,SHIFT_A,34.84,3.484,3.484,7.041,2.931
2026-09-02 08:45:00,LINE_A,SHIFT_A,36.45,3.645,3.645,7.125,2.691
2026-09-02 09:00:00,LINE_A,SHIFT_A,34.77,3.477,3.477,6.895,3.159
2026-09-02 09:15:00,LINE_A,SHIFT_A,35.26,3.526,3.526,6.573,3.04
2026-09-02 09:30:00,LINE_A,SHIFT_A,34.9,3.49,3.49,6.299,3.184
2026-09-02 09:45:00,LINE_A,SHIFT_A,34.25,3.425,3.425,6.893,2.97
2026-09-02 10:00:00,LINE_A,SHIFT_A,33.91,3.391,3.391,7.516,3.047
2026-09-02 10:15:00,LINE_A,SHIFT_A,35.0,3.5,3.5,6.629,2.67
2026-09-02 10:30:00,LINE_A,SHIFT_A,33.77,3.377,3.377,6.683,3.049
2026-09-02 10:45:00,LINE_A,SHIFT_A,35.64,3.564,3.564,7.909,3.042
2026-09-02 11:00:00,LINE_A,SHIFT_A,35.5,3.55,3.55,6.551,2.771
2026-09-02 11:15:00,LINE_A,SHIFT_A,33.52,3.352,3.352,7.293,3.092
2026-09-02 11:30:00,LINE_A,SHIFT_A,33.43,3.343,3.343,6.676,2.897
2026-09-02 11:45:00,LINE_A,SHIFT_A,31.95,3.195,3.195,5.352,2.709
2026-09-02 12:00:00,LINE_A,SHIFT_A,39.15,3.915,3.915,7.662,2.823
2026-09-02 12:15:00,LINE_A,SHIFT_A,35.15,3.515,3.515,6.902,2.792
2026-09-02 12:30:00,LINE_A,SHIFT_A,36.58,3.658,3.658,7.399,2.909
2026-09-02 12:45:00,LINE_A,SHIFT_A,37.63,3.763,3.763,7.256,2.688
2026-09-02 13:00:00,LINE_A,SHIFT_A,35.32,3.532,3.532,7.299,2.599
2026-09-02 13:15:00,LINE_A,SHIFT_A,33.83,3.383,3.383,6.757,3.285
2026-09-02 13:30:00,LINE_A,SHIFT_A,34.97,3.497,3.497,7.302,2.768
2026-09-02 13:45:00,LINE_A,SHIFT_A,36.05,3.605,3.605,7.227,2.793
2026-09-02 14:00:00,LINE_A,SHIFT_B,37.29,3.729,3.729,8.124,2.595
2026-09-02 14:15:00,LINE_A,SHIFT_B,38.05,3.805,3.805,7.742,2.809
2026-09-02 14:30:00,LINE_A,SHIFT_B,37.51,3.751,3.751,7.526,2.5
2026-09-02 14:45:00,LINE_A,SHIFT_B,35.42,3.542,3.542,8.469,2.71
2026-09-02 15:00:00,LINE_A,SHIFT_B,35.44,3.544,3.544,7.757,2.473
2026-09-02 15:15:00,LINE_A,SHIFT_B,36.31,3.631,3.631,7.545,3.237
2026-09-02 15:30:00,LINE_A,SHIFT_B,38.88,3.888,3.888,7.409,2.884
2026-09-02 15:45:00,LINE_A,SHIFT_B,36.87,3.687,3.687,7.427,2.66
2026-09-02 16:00:00,LINE_A,SHIFT_B,38.79,3.879,3.879,7.238,2.43
2026-09-02 16:15:00,LINE_A,SHIFT_B,36.89,3.689,3.689,7.824,3.252
2026-09-02 16:30:00,LINE_A,SHIFT_B,35.69,3.569,3.569,7.73,3.155
2026-09-02 16:45:00,LINE_A,SHIFT_B,38.51,3.851,3.851,6.766,2.696
2026-09-02 17:00:00,LINE_A,SHIFT_B,36.95,3.695,3.695,7.296,2.543
2026-09-02 17:15:00,LINE_A,SHIFT_B,38.34,3.834,3.834,7.61,3.023
2026-09-02 17:30:00,LINE_A,SHIFT_B,37.79,3.779,3.779,7.558,2.57
2026-09-02 17:45:00,LINE_A,SHIFT_B,37.49,3.749,3.749,6.961,2.871
2026-09-02 18:00:00,LINE_A,SHIFT_B,37.92,3.792,3.792,7.414,2.784
2026-09-02 18:15:00,LINE_A,SHIFT_B,36.33,3.633,3.633,7.445,2.772
2026-09-02 18:30:00,LINE_A,SHIFT_B,38.73,3.873,3.873,7.077,2.722
2026-09-02 18:45:00,LINE_A,SHIFT_B,36.6,3.66,3.66,7.137,2.961
2026-09-02 19:00:00,LINE_A,SHIFT_B,30.04,3.004,3.004,5.736,3.242
2026-09-02 19:15:00,LINE_A,SHIFT_B,31.51,3.151,3.151,6.728,2.893
2026-09-02 19:30:00,LINE_A,SHIFT_B,37.51,3.751,3.751,7.575,2.467
2026-09-02 19:45:00,LINE_A,SHIFT_B,34.93,3.493,3.493,6.682,3.05
2026-09-02 20:00:00,LINE_A,SHIFT_B,35.41,3.541,3.541,7.644,3.103
2026-09-02 20:15:00,LINE_A,SHIFT_B,33.01,3.301,3.301,7.044,2.752
2026-09-02 20:30:00,LINE_A,SHIFT_B,33.11,3.311,3.311,6.861,3.039
2026-09-02 20:45:00,LINE_A,SHIFT_B,35.56,3.556,3.556,7.055,2.793
2026-09-02 21:00:00,LINE_A,SHIFT_B,34.77,3.477,3.477,7.301,3.189
2026-09-02 21:15:00,LINE_A,SHIFT_B,35.25,3.525,3.525,6.563,3.49
2026-09-02 21:30:00,LINE_A,SHIFT_B,35.93,3.593,3.593,7.01,2.928
2026-09-02 21:45:00,LINE_A,SHIFT_B,33.81,3.381,3.381,6.429,3.075
2026-09-02 22:00:00,LINE_A,SHIFT_C,26.05,2.605,2.605,4.95,2.209
2026-09-02 22:15:00,LINE_A,SHIFT_C,28.33,2.833,2.833,4.825,2.153
2026-09-02 22:30:00,LINE_A,SHIFT_C,28.12,2.812,2.812,4.995,2.383
2026-09-02 22:45:00,LINE_A,SHIFT_C,29.23,2.923,2.923,5.476,2.676
2026-09-02 23:00:00,LINE_A,SHIFT_C,26.27,2.627,2.627,5.631,2.562
2026-09-02 23:15:00,LINE_A,SHIFT_C,25.06,2.506,2.506,5.553,2.482
2026-09-02 23:30:00,LINE_A,SHIFT_C,28.8,2.88,2.88,5.558,2.598
2026-09-02 23:45:00,LINE_A,SHIFT_C,26.92,2.692,2.692,5.807,2.284
2026-09-03 00:00:00,LINE_A,SHIFT_C,28.49,2.849,2.849,5.034,2.487
2026-09-03 00:15:00,LINE_A,SHIFT_C,27.72,2.772,2.772,5.687,2.437
2026-09-03 00:30:00,LINE_A,SHIFT_C,23.41,2.341,2.341,5.522,2.683
2026-09-03 00:45:00,LINE_A,SHIFT_C,26.59,2.659,2.659,5.929,2.638
2026-09-03 01:00:00,LINE_A,SHIFT_C,27.51,2.751,2.751,4.966,2.508
2026-09-03 01:15:00,LINE_A,SHIFT_C,27.8,2.78,2.78,5.26,2.441
2026-09-03 01:30:00,LINE_A,SHIFT_C,25.91,2.591,2.591,5.708,2.379
2026-09-03 01:45:00,LINE_A,SHIFT_C,26.48,2.648,2.648,5.189,2.858
2026-09-03 02:00:00,LINE_A,SHIFT_C,24.97,2.497,2.497,5.336,2.781
2026-09-03 02:15:00,LINE_A,SHIFT_C,25.35,2.535,2.535,5.298,2.475
2026-09-03 02:30:00,LINE_A,SHIFT_C,26.5,2.65,2.65,5.608,3.019
2026-09-03 02:45:00,LINE_A,SHIFT_C,26.61,2.661,2.661,5.042,2.458
2026-09-03 03:00:00,LINE_A,SHIFT_C,27.15,2.715,2.715,6.03,2.773
2026-09-03 03:15:00,LINE_A,SHIFT_C,28.2,2.82,2.82,5.741,2.62
2026-09-03 03:30:00,LINE_A,SHIFT_C,26.66,2.666,2.666,5.586,2.564
2026-09-03 03:45:00,LINE_A,SHIFT_C,26.37,2.637,2.637,5.371,2.519
2026-09-03 04:00:00,LINE_A,SHIFT_C,27.59,2.759,2.759,5.604,2.604
2026-09-03 04:15:00,LINE_A,SHIFT_C,24.98,2.498,2.498,5.649,2.811
2026-09-03 04:30:00,LINE_A,SHIFT_C,28.61,2.861,2.861,5.44,2.767
2026-09-03 04:45:00,LINE_A,SHIFT_C,29.54,2.954,2.954,5.92,2.198
2026-09-03 05:00:00,LINE_A,SHIFT_C,29.28,2.928,2.928,5.642,2.783
2026-09-03 05:15:00,LINE_A,SHIFT_C,28.67,2.867,2.867,6.577,2.403
2026-09-03 05:30:00,LINE_A,SHIFT_C,26.18,2.618,2.618,5.468,2.636
2026-09-03 05:45:00,LINE_A,SHIFT_C,26.68,2.668,2.668,5.542,2.201
2026-09-03 06:00:00,LINE_A,SHIFT_A,33.24,3.324,3.324,6.645,3.348
2026-09-03 06:15:00,LINE_A,SHIFT_A,35.86,3.586,3.586,6.338,2.98
2026-09-03 06:30:00,LINE_A,SHIFT_A,32.35,3.235,3.235,7.272,2.906
2026-09-03 06:45:00,LINE_A,SHIFT_A,36.5,3.65,3.65,6.815,3.082
2026-09-03 07:00:00,LINE_A,SHIFT_A,34.33,3.433,3.433,6.585,2.896
2026-09-03 07:15:00,LINE_A,SHIFT_A,34.11,3.411,3.411,6.881,2.931
2026-09-03 07:30:00,LINE_A,SHIFT_A,34.19,3.419,3.419,6.892,3.105
2026-09-03 07:45:00,LINE_A,SHIFT_A,32.63,3.263,3.263,5.879,3.008
2026-09-03 08:00:00,LINE_A,SHIFT_A,33.7,3.37,3.37,7.116,3.032
2026-09-03 08:15:00,LINE_A,SHIFT_A,34.2,3.42,3.42,6.521,2.774
2026-09-03 08:30:00,LINE_A,SHIFT_A,37.22,3.722,3.722,7.234,2.91
2026-09-03 08:45:00,LINE_A,SHIFT_A,33.93,3.393,3.393,7.683,3.375
2026-09-03 09:00:00,LINE_A,SHIFT_A,33.82,3.382,3.382,6.704,3.11
2026-09-03 09:15:00,LINE_A,SHIFT_A,34.7,3.47,3.47,7.498,2.659
2026-09-03 09:30:00,LINE_A,SHIFT_A,35.0,3.5,3.5,7.189,2.984
2026-09-03 09:45:00,LINE_A,SHIFT_A,36.01,3.601,3.601,7.637,2.896
2026-09-03 10:00:00,LINE_A,SHIFT_A,33.52,3.352,3.352,7.352,2.735
2026-09-03 10:15:00,LINE_A,SHIFT_A,33.67,3.367,3.367,6.649,3.167
2026-09-03 10:30:00,LINE_A,SHIFT_A,34.45,3.445,3.445,7.458,2.796
2026-09-03 10:45:00,LINE_A,SHIFT_A,36.36,3.636,3.636,8.248,2.772
2026-09-03 11:00:00,LINE_A,SHIFT_A,34.51,3.451,3.451,7.394,3.308
2026-09-03 11:15:00,LINE_A,SHIFT_A,34.5,3.45,3.45,7.346,2.97
2026-09-03 11:30:00,LINE_A,SHIFT_A,29.36,2.936,2.936,6.419,2.551
2026-09-03 11:45:00,LINE_A,SHIFT_A,31.94,3.194,3.194,6.361,2.904
2026-09-03 12:00:00,LINE_A,SHIFT_A,35.32,3.532,3.532,6.374,2.711
2026-09-03 12:15:00,LINE_A,SHIFT_A,35.78,3.578,3.578,6.946,2.967
2026-09-03 12:30:00,LINE_A,SHIFT_A,38.54,3.854,3.854,7.363,2.93
2026-09-03 12:45:00,LINE_A,SHIFT_A,37.15,3.715,3.715,7.512,2.761
2026-09-03 13:00:00,LINE_A,SHIFT_A,36.84,3.684,3.684,6.71,3.041
2026-09-03 13:15:00,LINE_A,SHIFT_A,34.74,3.474,3.474,7.714,2.84
2026-09-03 13:30:00,LINE_A,SHIFT_A,35.71,3.571,3.571,7.362,2.661
2026-09-03 13:45:00,LINE_A,SHIFT_A,33.99,3.399,3.399,7.141,2.873
2026-09-03 14:00:00,LINE_A,SHIFT_B,38.69,3.869,3.869,7.67,2.816
2026-09-03 14:15:00,LINE_A,SHIFT_B,38.17,3.817,3.817,7.558,2.547
2026-09-03 14:30:00,LINE_A,SHIFT_B,36.08,3.608,3.608,7.697,2.651
2026-09-03 14:45:00,LINE_A,SHIFT_B,37.57,3.757,3.757,6.98,2.512
2026-09-03 15:00:00,LINE_A,SHIFT_B,36.62,3.662,3.662,7.576,2.689
2026-09-03 15:15:00,LINE_A,SHIFT_B,36.81,3.681,3.681,6.919,2.891
2026-09-03 15:30:00,LINE_A,SHIFT_B,38.66,3.866,3.866,7.661,2.595
2026-09-03 15:45:00,LINE_A,SHIFT_B,37.06,3.706,3.706,7.813,2.616
2026-09-03 16:00:00,LINE_A,SHIFT_B,37.85,3.785,3.785,7.506,2.7
2026-09-03 16:15:00,LINE_A,SHIFT_B,35.55,3.555,3.555,7.262,2.73
2026-09-03 16:30:00,LINE_A,SHIFT_B,37.54,3.754,3.754,6.692,2.783
2026-09-03 16:45:00,LINE_A,SHIFT_B,38.1,3.81,3.81,7.608,3.082
2026-09-03 17:00:00,LINE_A,SHIFT_B,34.87,3.487,3.487,7.65,2.943
2026-09-03 17:15:00,LINE_A,SHIFT_B,38.57,3.857,3.857,7.538,2.702
2026-09-03 17:30:00,LINE_A,SHIFT_B,37.25,3.725,3.725,7.611,2.924
2026-09-03 17:45:00,LINE_A,SHIFT_B,36.03,3.603,3.603,7.314,2.75
2026-09-03 18:00:00,LINE_A,SHIFT_B,35.98,3.598,3.598,7.861,2.932
2026-09-03 18:15:00,LINE_A,SHIFT_B,36.67,3.667,3.667,7.134,2.756
2026-09-03 18:30:00,LINE_A,SHIFT_B,37.04,3.704,3.704,7.008,2.978
2026-09-03 18:45:00,LINE_A,SHIFT_B,36.24,3.624,3.624,7.303,2.58
2026-09-03 19:00:00,LINE_A,SHIFT_B,29.89,2.989,2.989,5.967,2.927
2026-09-03 19:15:00,LINE_A,SHIFT_B,31.61,3.161,3.161,6.244,2.62
2026-09-03 19:30:00,LINE_A,SHIFT_B,36.84,3.684,3.684,6.874,2.665
2026-09-03 19:45:00,LINE_A,SHIFT_B,37.88,3.788,3.788,7.548,2.755
2026-09-03 20:00:00,LINE_A,SHIFT_B,34.87,3.487,3.487,7.352,3.107
2026-09-03 20:15:00,LINE_A,SHIFT_B,34.76,3.476,3.476,7.682,2.802
2026-09-03 20:30:00,LINE_A,SHIFT_B,35.81,3.581,3.581,7.247,3.124
2026-09-03 20:45:00,LINE_A,SHIFT_B,35.49,3.549,3.549,6.942,2.758
2026-09-03 21:00:00,LINE_A,SHIFT_B,34.98,3.498,3.498,7.096,3.185
2026-09-03 21:15:00,LINE_A,SHIFT_B,37.78,3.778,3.778,6.259,2.895
2026-09-03 21:30:00,LINE_A,SHIFT_B,35.75,3.575,3.575,6.902,2.736
2026-09-03 21:45:00,LINE_A,SHIFT_B,33.67,3.367,3.367,6.944,2.791
2026-09-03 22:00:00,LINE_A,SHIFT_C,26.52,2.652,2.652,5.579,2.298
2026-09-03 22:15:00,LINE_A,SHIFT_C,27.69,2.769,2.769,5.898,2.145
2026-09-03 22:30:00,LINE_A,SHIFT_C,26.12,2.612,2.612,5.132,2.46
2026-09-03 22:45:00,LINE_A,SHIFT_C,26.48,2.648,2.648,5.136,2.24
2026-09-03 23:00:00,LINE_A,SHIFT_C,28.12,2.812,2.812,5.021,2.953
2026-09-03 23:15:00,LINE_A,SHIFT_C,26.31,2.631,2.631,5.309,2.86
2026-09-03 23:30:00,LINE_A,SHIFT_C,25.54,2.554,2.554,4.74,2.631
2026-09-03 23:45:00,LINE_A,SHIFT_C,27.14,2.714,2.714,5.073,2.214
2026-09-04 00:00:00,LINE_A,SHIFT_C,26.26,2.626,2.626,4.696,2.262
2026-09-04 00:15:00,LINE_A,SHIFT_C,26.55,2.655,2.655,5.431,2.547
2026-09-04 00:30:00,LINE_A,SHIFT_C,25.26,2.526,2.526,5.373,2.554
2026-09-04 00:45:00,LINE_A,SHIFT_C,25.41,2.541,2.541,5.357,2.302
2026-09-04 01:00:00,LINE_A,SHIFT_C,28.4,2.84,2.84,5.419,2.177
2026-09-04 01:15:00,LINE_A,SHIFT_C,26.9,2.69,2.69,4.874,2.308
2026-09-04 01:30:00,LINE_A,SHIFT_C,26.9,2.69,2.69,4.976,2.571
2026-09-04 01:45:00,LINE_A,SHIFT_C,24.65,2.465,2.465,5.634,2.118
2026-09-04 02:00:00,LINE_A,SHIFT_C,27.12,2.712,2.712,5.042,2.435
2026-09-04 02:15:00,LINE_A,SHIFT_C,27.08,2.708,2.708,5.012,2.44
2026-09-04 02:30:00,LINE_A,SHIFT_C,24.57,2.457,2.457,5.415,2.612
2026-09-04 02:45:00,LINE_A,SHIFT_C,25.28,2.528,2.528,5.522,2.33
2026-09-04 03:00:00,LINE_A,SHIFT_C,29.78,2.978,2.978,5.252,2.774
2026-09-04 03:15:00,LINE_A,SHIFT_C,27.5,2.75,2.75,5.378,1.972
2026-09-04 03:30:00,LINE_A,SHIFT_C,28.3,2.83,2.83,5.597,2.496
2026-09-04 03:45:00,LINE_A,SHIFT_C,28.02,2.802,2.802,5.086,2.649
2026-09-04 04:00:00,LINE_A,SHIFT_C,25.94,2.594,2.594,5.219,2.815
2026-09-04 04:15:00,LINE_A,SHIFT_C,27.23,2.723,2.723,5.204,2.619
2026-09-04 04:30:00,LINE_A,SHIFT_C,27.61,2.761,2.761,5.696,2.414
2026-09-04 04:45:00,LINE_A,SHIFT_C,26.92,2.692,2.692,5.777,2.965
2026-09-04 05:00:00,LINE_A,SHIFT_C,27.58,2.758,2.758,5.855,2.587
2026-09-04 05:15:00,LINE_A,SHIFT_C,28.18,2.818,2.818,5.237,2.778
2026-09-04 05:30:00,LINE_A,SHIFT_C,25.75,2.575,2.575,5.205,2.472
2026-09-04 05:45:00,LINE_A,SHIFT_C,26.42,2.642,2.642,5.416,2.618
2026-09-04 06:00:00,LINE_A,SHIFT_A,33.96,3.396,3.396,6.234,3.321
2026-09-04 06:15:00,LINE_A,SHIFT_A,34.05,3.405,3.405,6.489,3.197
2026-09-04 06:30:00,LINE_A,SHIFT_A,32.9,3.29,3.29,6.307,2.642
2026-09-04 06:45:00,LINE_A,SHIFT_A,32.73,3.273,3.273,6.485,3.388
2026-09-04 07:00:00,LINE_A,SHIFT_A,33.9,3.39,3.39,6.62,3.234
2026-09-04 07:15:00,LINE_A,SHIFT_A,33.64,3.364,3.364,6.304,2.941
2026-09-04 07:30:00,LINE_A,SHIFT_A,34.42,3.442,3.442,7.076,3.089
2026-09-04 07:45:00,LINE_A,SHIFT_A,34.45,3.445,3.445,6.522,2.884
2026-09-04 08:00:00,LINE_A,SHIFT_A,35.4,3.54,3.54,6.787,3.353
2026-09-04 08:15:00,LINE_A,SHIFT_A,35.34,3.534,3.534,7.161,3.338
2026-09-04 08:30:00,LINE_A,SHIFT_A,35.08,3.508,3.508,6.766,2.663
2026-09-04 08:45:00,LINE_A,SHIFT_A,35.58,3.558,3.558,6.977,3.032
2026-09-04 09:00:00,LINE_A,SHIFT_A,35.06,3.506,3.506,7.089,2.694
2026-09-04 09:15:00,LINE_A,SHIFT_A,33.98,3.398,3.398,6.866,2.971
2026-09-04 09:30:00,LINE_A,SHIFT_A,35.48,3.548,3.548,6.614,2.711
2026-09-04 09:45:00,LINE_A,SHIFT_A,36.09,3.609,3.609,6.804,2.705
2026-09-04 10:00:00,LINE_A,SHIFT_A,34.55,3.455,3.455,6.548,2.904
2026-09-04 10:15:00,LINE_A,SHIFT_A,33.69,3.369,3.369,7.094,3.247
2026-09-04 10:30:00,LINE_A,SHIFT_A,34.47,3.447,3.447,7.164,2.813
2026-09-04 10:45:00,LINE_A,SHIFT_A,36.87,3.687,3.687,6.844,3.032
2026-09-04 11:00:00,LINE_A,SHIFT_A,35.28,3.528,3.528,7.133,2.887
2026-09-04 11:15:00,LINE_A,SHIFT_A,35.19,3.519,3.519,7.22,2.821
2026-09-04 11:30:00,LINE_A,SHIFT_A,30.36,3.036,3.036,5.996,3.121
2026-09-04 11:45:00,LINE_A,SHIFT_A,30.22,3.022,3.022,5.659,2.577
2026-09-04 12:00:00,LINE_A,SHIFT_A,36.41,3.641,3.641,7.887,2.806
2026-09-04 12:15:00,LINE_A,SHIFT_A,33.83,3.383,3.383,6.959,3.131
2026-09-04 12:30:00,LINE_A,SHIFT_A,34.27,3.427,3.427,6.955,2.513
2026-09-04 12:45:00,LINE_A,SHIFT_A,37.07,3.707,3.707,6.819,2.827
2026-09-04 13:00:00,LINE_A,SHIFT_A,35.22,3.522,3.522,6.96,2.968
2026-09-04 13:15:00,LINE_A,SHIFT_A,36.61,3.661,3.661,7.041,2.673
2026-09-04 13:30:00,LINE_A,SHIFT_A,33.16,3.316,3.316,6.447,2.509
2026-09-04 13:45:00,LINE_A,SHIFT_A,35.83,3.583,3.583,7.43,2.889
2026-09-04 14:00:00,LINE_A,SHIFT_B,39.89,3.989,3.989,7.14,2.568
2026-09-04 14:15:00,LINE_A,SHIFT_B,39.78,3.978,3.978,7.689,2.85
2026-09-04 14:30:00,LINE_A,SHIFT_B,38.07,3.807,3.807,7.096,2.699
2026-09-04 14:45:00,LINE_A,SHIFT_B,35.47,3.547,3.547,7.331,2.879
2026-09-04 15:00:00,LINE_A,SHIFT_B,37.58,3.758,3.758,7.329,3.072
2026-09-04 15:15:00,LINE_A,SHIFT_B,38.69,3.869,3.869,7.486,2.48
2026-09-04 15:30:00,LINE_A,SHIFT_B,38.16,3.816,3.816,7.557,2.546
2026-09-04 15:45:00,LINE_A,SHIFT_B,38.19,3.819,3.819,7.52,2.906
2026-09-04 16:00:00,LINE_A,SHIFT_B,40.24,4.024,4.024,8.06,3.115
2026-09-04 16:15:00,LINE_A,SHIFT_B,37.83,3.783,3.783,7.479,2.914
2026-09-04 16:30:00,LINE_A,SHIFT_B,36.02,3.602,3.602,6.818,2.483
2026-09-04 16:45:00,LINE_A,SHIFT_B,35.38,3.538,3.538,7.681,2.776
2026-09-04 17:00:00,LINE_A,SHIFT_B,37.82,3.782,3.782,7.857,2.764
2026-09-04 17:15:00,LINE_A,SHIFT_B,37.14,3.714,3.714,7.877,2.843
2026-09-04 17:30:00,LINE_A,SHIFT_B,37.55,3.755,3.755,6.608,2.965
2026-09-04 17:45:00,LINE_A,SHIFT_B,38.34,3.834,3.834,7.271,3.35
2026-09-04 18:00:00,LINE_A,SHIFT_B,35.15,3.515,3.515,7.36,2.572
2026-09-04 18:15:00,LINE_A,SHIFT_B,36.63,3.663,3.663,7.532,2.741
2026-09-04 18:30:00,LINE_A,SHIFT_B,37.43,3.743,3.743,7.037,2.821
2026-09-04 18:45:00,LINE_A,SHIFT_B,34.07,3.407,3.407,7.731,2.817
2026-09-04 19:00:00,LINE_A,SHIFT_B,28.75,2.875,2.875,6.0,2.6
2026-09-04 19:15:00,LINE_A,SHIFT_B,30.61,3.061,3.061,6.46,2.734
2026-09-04 19:30:00,LINE_A,SHIFT_B,37.62,3.762,3.762,7.478,3.151
2026-09-04 19:45:00,LINE_A,SHIFT_B,37.04,3.704,3.704,6.832,2.816
2026-09-04 20:00:00,LINE_A,SHIFT_B,34.75,3.475,3.475,6.976,3.231
2026-09-04 20:15:00,LINE_A,SHIFT_B,33.76,3.376,3.376,6.69,2.76
2026-09-04 20:30:00,LINE_A,SHIFT_B,33.97,3.397,3.397,6.868,3.043
2026-09-04 20:45:00,LINE_A,SHIFT_B,34.69,3.469,3.469,7.071,2.891
2026-09-04 21:00:00,LINE_A,SHIFT_B,34.69,3.469,3.469,7.015,3.029
2026-09-04 21:15:00,LINE_A,SHIFT_B,36.73,3.673,3.673,6.595,3.106
2026-09-04 21:30:00,LINE_A,SHIFT_B,32.89,3.289,3.289,6.322,2.814
2026-09-04 21:45:00,LINE_A,SHIFT_B,36.02,3.602,3.602,6.925,3.359
2026-09-04 22:00:00,LINE_A,SHIFT_C,27.77,2.777,2.777,5.809,2.23
2026-09-04 22:15:00,LINE_A,SHIFT_C,26.56,2.656,2.656,5.576,2.704
2026-09-04 22:30:00,LINE_A,SHIFT_C,28.53,2.853,2.853,4.818,2.278
2026-09-04 22:45:00,LINE_A,SHIFT_C,27.37,2.737,2.737,5.247,2.788
2026-09-04 23:00:00,LINE_A,SHIFT_C,27.54,2.754,2.754,5.861,2.297
2026-09-04 23:15:00,LINE_A,SHIFT_C,27.45,2.745,2.745,5.243,2.448
2026-09-04 23:30:00,LINE_A,SHIFT_C,25.85,2.585,2.585,5.202,2.328
2026-09-04 23:45:00,LINE_A,SHIFT_C,25.43,2.543,2.543,5.676,2.612
2026-09-05 00:00:00,LINE_A,SHIFT_C,21.13,2.113,2.113,4.555,2.08
2026-09-05 00:15:00,LINE_A,SHIFT_C,20.5,2.05,2.05,4.547,2.14
2026-09-05 00:30:00,LINE_A,SHIFT_C,22.37,2.237,2.237,4.784,2.011
2026-09-05 00:45:00,LINE_A,SHIFT_C,22.35,2.235,2.235,4.141,2.144
2026-09-05 01:00:00,LINE_A,SHIFT_C,19.7,1.97,1.97,3.388,1.941
2026-09-05 01:15:00,LINE_A,SHIFT_C,23.68,2.368,2.368,4.358,1.691
2026-09-05 01:30:00,LINE_A,SHIFT_C,23.57,2.357,2.357,4.586,2.068
2026-09-05 01:45:00,LINE_A,SHIFT_C,22.01,2.201,2.201,4.661,2.252
2026-09-05 02:00:00,LINE_A,SHIFT_C,20.99,2.099,2.099,4.17,2.563
2026-09-05 02:15:00,LINE_A,SHIFT_C,21.13,2.113,2.113,4.486,2.185
2026-09-05 02:30:00,LINE_A,SHIFT_C,22.88,2.288,2.288,4.513,2.407
2026-09-05 02:45:00,LINE_A,SHIFT_C,22.08,2.208,2.208,4.222,2.314
2026-09-05 03:00:00,LINE_A,SHIFT_C,21.42,2.142,2.142,4.382,2.089
2026-09-05 03:15:00,LINE_A,SHIFT_C,21.78,2.178,2.178,4.887,2.306
2026-09-05 03:30:00,LINE_A,SHIFT_C,20.69,2.069,2.069,4.181,2.13
2026-09-05 03:45:00,LINE_A,SHIFT_C,21.75,2.175,2.175,3.788,2.182
2026-09-05 04:00:00,LINE_A,SHIFT_C,23.37,2.337,2.337,4.429,1.731
2026-09-05 04:15:00,LINE_A,SHIFT_C,21.91,2.191,2.191,4.319,2.049
2026-09-05 04:30:00,LINE_A,SHIFT_C,21.88,2.188,2.188,4.282,1.975
2026-09-05 04:45:00,LINE_A,SHIFT_C,21.03,2.103,2.103,4.066,2.305
2026-09-05 05:00:00,LINE_A,SHIFT_C,23.33,2.333,2.333,4.322,1.775
2026-09-05 05:15:00,LINE_A,SHIFT_C,21.93,2.193,2.193,4.665,2.231
2026-09-05 05:30:00,LINE_A,SHIFT_C,24.24,2.424,2.424,4.101,2.227
2026-09-05 05:45:00,LINE_A,SHIFT_C,22.62,2.262,2.262,4.476,2.394
2026-09-05 06:00:00,LINE_A,SHIFT_A,26.61,2.661,2.661,5.497,2.451
2026-09-05 06:15:00,LINE_A,SHIFT_A,26.74,2.674,2.674,5.794,3.161
2026-09-05 06:30:00,LINE_A,SHIFT_A,27.49,2.749,2.749,5.9,2.737
2026-09-05 06:45:00,LINE_A,SHIFT_A,27.29,2.729,2.729,4.76,2.649
2026-09-05 07:00:00,LINE_A,SHIFT_A,27.13,2.713,2.713,5.366,2.799
2026-09-05 07:15:00,LINE_A,SHIFT_A,28.55,2.855,2.855,6.228,2.375
2026-09-05 07:30:00,LINE_A,SHIFT_A,27.14,2.714,2.714,6.175,2.285
2026-09-05 07:45:00,LINE_A,SHIFT_A,26.93,2.693,2.693,5.182,2.42
2026-09-05 08:00:00,LINE_A,SHIFT_A,28.01,2.801,2.801,5.669,2.383
2026-09-05 08:15:00,LINE_A,SHIFT_A,27.84,2.784,2.784,5.476,2.464
2026-09-05 08:30:00,LINE_A,SHIFT_A,27.59,2.759,2.759,5.259,3.026
2026-09-05 08:45:00,LINE_A,SHIFT_A,29.47,2.947,2.947,5.579,2.567
2026-09-05 09:00:00,LINE_A,SHIFT_A,28.53,2.853,2.853,5.888,2.602
2026-09-05 09:15:00,LINE_A,SHIFT_A,27.03,2.703,2.703,5.514,2.942
2026-09-05 09:30:00,LINE_A,SHIFT_A,29.84,2.984,2.984,5.488,2.648
2026-09-05 09:45:00,LINE_A,SHIFT_A,29.05,2.905,2.905,5.503,2.487
2026-09-05 10:00:00,LINE_A,SHIFT_A,28.34,2.834,2.834,8.09,2.573
2026-09-05 10:15:00,LINE_A,SHIFT_A,28.36,2.836,2.836,7.533,2.52
2026-09-05 10:30:00,LINE_A,SHIFT_A,29.95,2.995,2.995,7.942,2.588
2026-09-05 10:45:00,LINE_A,SHIFT_A,27.4,2.74,2.74,8.391,2.351
2026-09-05 11:00:00,LINE_A,SHIFT_A,28.75,2.875,2.875,8.486,2.458
2026-09-05 11:15:00,LINE_A,SHIFT_A,30.5,3.05,3.05,6.074,2.579
2026-09-05 11:30:00,LINE_A,SHIFT_A,25.87,2.587,2.587,5.023,2.556
2026-09-05 11:45:00,LINE_A,SHIFT_A,23.56,2.356,2.356,4.747,2.103
2026-09-05 12:00:00,LINE_A,SHIFT_A,28.25,2.825,2.825,5.37,2.402
2026-09-05 12:15:00,LINE_A,SHIFT_A,29.41,2.941,2.941,5.551,2.16
2026-09-05 12:30:00,LINE_A,SHIFT_A,28.99,2.899,2.899,5.896,2.418
2026-09-05 12:45:00,LINE_A,SHIFT_A,28.34,2.834,2.834,6.2,2.294
2026-09-05 13:00:00,LINE_A,SHIFT_A,29.67,2.967,2.967,5.955,1.982
2026-09-05 13:15:00,LINE_A,SHIFT_A,29.78,2.978,2.978,6.044,2.339
2026-09-05 13:30:00,LINE_A,SHIFT_A,30.36,3.036,3.036,5.631,2.529
2026-09-05 13:45:00,LINE_A,SHIFT_A,29.37,2.937,2.937,5.761,2.059
2026-09-05 14:00:00,LINE_A,SHIFT_B,32.94,3.294,3.294,6.013,2.015
2026-09-05 14:15:00,LINE_A,SHIFT_B,31.59,3.159,3.159,6.469,2.532
2026-09-05 14:30:00,LINE_A,SHIFT_B,33.99,3.399,3.399,6.207,2.271
2026-09-05 14:45:00,LINE_A,SHIFT_B,30.59,3.059,3.059,5.757,2.551
2026-09-05 15:00:00,LINE_A,SHIFT_B,32.28,3.228,3.228,6.213,2.609
2026-09-05 15:15:00,LINE_A,SHIFT_B,28.7,2.87,2.87,5.912,2.417
2026-09-05 15:30:00,LINE_A,SHIFT_B,30.21,3.021,3.021,5.601,2.629
2026-09-05 15:45:00,LINE_A,SHIFT_B,31.47,3.147,3.147,7.358,2.219
2026-09-05 16:00:00,LINE_A,SHIFT_B,29.07,2.907,2.907,5.89,2.175
2026-09-05 16:15:00,LINE_A,SHIFT_B,30.83,3.083,3.083,6.066,2.124
2026-09-05 16:30:00,LINE_A,SHIFT_B,30.37,3.037,3.037,6.012,2.51
2026-09-05 16:45:00,LINE_A,SHIFT_B,30.6,3.06,3.06,5.879,2.272
2026-09-05 17:00:00,LINE_A,SHIFT_B,31.59,3.159,3.159,5.757,2.391
2026-09-05 17:15:00,LINE_A,SHIFT_B,29.93,2.993,2.993,6.014,2.361
2026-09-05 17:30:00,LINE_A,SHIFT_B,28.7,2.87,2.87,5.832,2.044
2026-09-05 17:45:00,LINE_A,SHIFT_B,28.83,2.883,2.883,5.787,2.884
2026-09-05 18:00:00,LINE_A,SHIFT_B,27.8,2.78,2.78,6.401,2.554
2026-09-05 18:15:00,LINE_A,SHIFT_B,30.28,3.028,3.028,5.54,2.236
2026-09-05 18:30:00,LINE_A,SHIFT_B,28.94,2.894,2.894,6.048,2.375
2026-09-05 18:45:00,LINE_A,SHIFT_B,30.73,3.073,3.073,6.086,2.457
2026-09-05 19:00:00,LINE_A,SHIFT_B,28.76,2.876,2.876,4.316,2.38
2026-09-05 19:15:00,LINE_A,SHIFT_B,27.02,2.702,2.702,4.781,2.235
2026-09-05 19:30:00,LINE_A,SHIFT_B,30.79,3.079,3.079,5.925,2.349
2026-09-05 19:45:00,LINE_A,SHIFT_B,30.82,3.082,3.082,5.714,2.553
2026-09-05 20:00:00,LINE_A,SHIFT_B,31.2,3.12,3.12,6.09,2.443
2026-09-05 20:15:00,LINE_A,SHIFT_B,29.2,2.92,2.92,5.988,2.334
2026-09-05 20:30:00,LINE_A,SHIFT_B,29.06,2.906,2.906,5.085,2.49
2026-09-05 20:45:00,LINE_A,SHIFT_B,28.47,2.847,2.847,6.01,2.686
2026-09-05 21:00:00,LINE_A,SHIFT_B,28.38,2.838,2.838,5.556,2.664
2026-09-05 21:15:00,LINE_A,SHIFT_B,27.36,2.736,2.736,5.574,2.259
2026-09-05 21:30:00,LINE_A,SHIFT_B,27.17,2.717,2.717,5.748,2.749
2026-09-05 21:45:00,LINE_A,SHIFT_B,28.15,2.815,2.815,6.418,2.304
2026-09-05 22:00:00,LINE_A,SHIFT_C,20.33,2.033,2.033,4.595,2.251
2026-09-05 22:15:00,LINE_A,SHIFT_C,23.22,2.322,2.322,3.993,2.218
2026-09-05 22:30:00,LINE_A,SHIFT_C,22.02,2.202,2.202,4.233,1.958
2026-09-05 22:45:00,LINE_A,SHIFT_C,22.03,2.203,2.203,4.097,1.839
2026-09-05 23:00:00,LINE_A,SHIFT_C,21.16,2.116,2.116,4.568,2.182
2026-09-05 23:15:00,LINE_A,SHIFT_C,23.1,2.31,2.31,3.978,2.015
2026-09-05 23:30:00,LINE_A,SHIFT_C,22.8,2.28,2.28,4.233,1.957
2026-09-05 23:45:00,LINE_A,SHIFT_C,20.11,2.011,2.011,4.301,2.176
2026-09-06 00:00:00,LINE_A,SHIFT_C,22.81,2.281,2.281,4.759,1.983
2026-09-06 00:15:00,LINE_A,SHIFT_C,22.72,2.272,2.272,4.61,2.645
2026-09-06 00:30:00,LINE_A,SHIFT_C,21.23,2.123,2.123,4.076,2.14
2026-09-06 00:45:00,LINE_A,SHIFT_C,20.32,2.032,2.032,4.099,2.085
2026-09-06 01:00:00,LINE_A,SHIFT_C,22.79,2.279,2.279,4.112,2.159
2026-09-06 01:15:00,LINE_A,SHIFT_C,20.69,2.069,2.069,4.034,2.021
2026-09-06 01:30:00,LINE_A,SHIFT_C,21.87,2.187,2.187,3.67,2.043
2026-09-06 01:45:00,LINE_A,SHIFT_C,23.01,2.301,2.301,4.587,2.218
2026-09-06 02:00:00,LINE_A,SHIFT_C,18.98,1.898,1.898,4.05,2.402
2026-09-06 02:15:00,LINE_A,SHIFT_C,24.37,2.437,2.437,4.208,2.393
2026-09-06 02:30:00,LINE_A,SHIFT_C,20.35,2.035,2.035,4.053,2.169
2026-09-06 02:45:00,LINE_A,SHIFT_C,23.28,2.328,2.328,4.425,2.768
2026-09-06 03:00:00,LINE_A,SHIFT_C,21.78,2.178,2.178,4.83,2.126
2026-09-06 03:15:00,LINE_A,SHIFT_C,22.09,2.209,2.209,4.112,2.309
2026-09-06 03:30:00,LINE_A,SHIFT_C,20.48,2.048,2.048,5.005,2.374
2026-09-06 03:45:00,LINE_A,SHIFT_C,21.11,2.111,2.111,3.342,2.395
2026-09-06 04:00:00,LINE_A,SHIFT_C,24.71,2.471,2.471,4.236,2.527
2026-09-06 04:15:00,LINE_A,SHIFT_C,24.98,2.498,2.498,4.347,2.131
2026-09-06 04:30:00,LINE_A,SHIFT_C,21.31,2.131,2.131,4.284,2.175
2026-09-06 04:45:00,LINE_A,SHIFT_C,21.58,2.158,2.158,4.768,2.419
2026-09-06 05:00:00,LINE_A,SHIFT_C,22.69,2.269,2.269,4.767,2.056
2026-09-06 05:15:00,LINE_A,SHIFT_C,23.8,2.38,2.38,4.97,1.585
2026-09-06 05:30:00,LINE_A,SHIFT_C,21.12,2.112,2.112,4.591,2.039
2026-09-06 05:45:00,LINE_A,SHIFT_C,23.58,2.358,2.358,4.226,2.461
2026-09-06 06:00:00,LINE_A,SHIFT_A,24.44,2.444,2.444,5.456,2.552
2026-09-06 06:15:00,LINE_A,SHIFT_A,28.07,2.807,2.807,5.651,2.553
2026-09-06 06:30:00,LINE_A,SHIFT_A,26.05,2.605,2.605,5.542,3.012
2026-09-06 06:45:00,LINE_A,SHIFT_A,28.89,2.889,2.889,5.96,2.695
2026-09-06 07:00:00,LINE_A,SHIFT_A,26.16,2.616,2.616,5.186,2.503
2026-09-06 07:15:00,LINE_A,SHIFT_A,29.08,2.908,2.908,5.284,2.712
2026-09-06 07:30:00,LINE_A,SHIFT_A,24.46,2.446,2.446,5.872,2.488
2026-09-06 07:45:00,LINE_A,SHIFT_A,30.25,3.025,3.025,6.263,2.789
2026-09-06 08:00:00,LINE_A,SHIFT_A,25.11,2.511,2.511,5.357,2.513
2026-09-06 08:15:00,LINE_A,SHIFT_A,25.67,2.567,2.567,5.615,2.406
2026-09-06 08:30:00,LINE_A,SHIFT_A,27.91,2.791,2.791,5.88,2.199
2026-09-06 08:45:00,LINE_A,SHIFT_A,26.29,2.629,2.629,5.791,2.549
2026-09-06 09:00:00,LINE_A,SHIFT_A,27.9,2.79,2.79,5.889,2.782
2026-09-06 09:15:00,LINE_A,SHIFT_A,29.49,2.949,2.949,5.344,2.636
2026-09-06 09:30:00,LINE_A,SHIFT_A,29.3,2.93,2.93,6.04,2.109
2026-09-06 09:45:00,LINE_A,SHIFT_A,30.06,3.006,3.006,6.306,2.256
2026-09-06 10:00:00,LINE_A,SHIFT_A,27.69,2.769,2.769,6.107,2.876
2026-09-06 10:15:00,LINE_A,SHIFT_A,27.95,2.795,2.795,5.528,2.306
2026-09-06 10:30:00,LINE_A,SHIFT_A,28.52,2.852,2.852,5.318,2.533
2026-09-06 10:45:00,LINE_A,SHIFT_A,27.99,2.799,2.799,5.667,2.328
2026-09-06 11:00:00,LINE_A,SHIFT_A,29.16,2.916,2.916,5.503,2.384
2026-09-06 11:15:00,LINE_A,SHIFT_A,28.44,2.844,2.844,6.007,2.461
2026-09-06 11:30:00,LINE_A,SHIFT_A,26.37,2.637,2.637,4.885,2.008
2026-09-06 11:45:00,LINE_A,SHIFT_A,24.17,2.417,2.417,4.682,2.121
2026-09-06 12:00:00,LINE_A,SHIFT_A,28.92,2.892,2.892,5.859,2.652
2026-09-06 12:15:00,LINE_A,SHIFT_A,29.92,2.992,2.992,5.445,2.214
2026-09-06 12:30:00,LINE_A,SHIFT_A,28.35,2.835,2.835,5.4,2.209
2026-09-06 12:45:00,LINE_A,SHIFT_A,30.33,3.033,3.033,5.67,2.333
2026-09-06 13:00:00,LINE_A,SHIFT_A,29.63,2.963,2.963,5.112,2.546
2026-09-06 13:15:00,LINE_A,SHIFT_A,27.94,2.794,2.794,5.728,2.217
2026-09-06 13:30:00,LINE_A,SHIFT_A,30.03,3.003,3.003,6.076,2.693
2026-09-06 13:45:00,LINE_A,SHIFT_A,29.54,2.954,2.954,6.085,2.514
2026-09-06 14:00:00,LINE_A,SHIFT_B,32.08,3.208,3.208,6.023,2.276
2026-09-06 14:15:00,LINE_A,SHIFT_B,31.88,3.188,3.188,6.11,2.301
2026-09-06 14:30:00,LINE_A,SHIFT_B,28.98,2.898,2.898,6.536,2.185
2026-09-06 14:45:00,LINE_A,SHIFT_B,32.48,3.248,3.248,6.116,2.237
2026-09-06 15:00:00,LINE_A,SHIFT_B,31.15,3.115,3.115,6.303,2.579
2026-09-06 15:15:00,LINE_A,SHIFT_B,27.87,2.787,2.787,5.756,2.209
2026-09-06 15:30:00,LINE_A,SHIFT_B,30.78,3.078,3.078,7.106,3.553
2026-09-06 15:45:00,LINE_A,SHIFT_B,29.53,2.953,2.953,5.847,3.77
2026-09-06 16:00:00,LINE_A,SHIFT_B,32.8,3.28,3.28,5.972,3.553
2026-09-06 16:15:00,LINE_A,SHIFT_B,30.48,3.048,3.048,5.983,3.189
2026-09-06 16:30:00,LINE_A,SHIFT_B,30.69,3.069,3.069,5.995,2.445
2026-09-06 16:45:00,LINE_A,SHIFT_B,30.71,3.071,3.071,6.289,2.175
2026-09-06 17:00:00,LINE_A,SHIFT_B,28.34,2.834,2.834,6.178,2.444
2026-09-06 17:15:00,LINE_A,SHIFT_B,30.12,3.012,3.012,5.763,2.581
2026-09-06 17:30:00,LINE_A,SHIFT_B,31.1,3.11,3.11,6.375,2.202
2026-09-06 17:45:00,LINE_A,SHIFT_B,29.78,2.978,2.978,5.51,2.331
2026-09-06 18:00:00,LINE_A,SHIFT_B,28.16,2.816,2.816,6.405,2.619
2026-09-06 18:15:00,LINE_A,SHIFT_B,30.04,3.004,3.004,6.42,2.273
2026-09-06 18:30:00,LINE_A,SHIFT_B,28.24,2.824,2.824,5.967,2.628
2026-09-06 18:45:00,LINE_A,SHIFT_B,30.3,3.03,3.03,6.205,2.763
2026-09-06 19:00:00,LINE_A,SHIFT_B,26.6,2.66,2.66,5.939,2.895
2026-09-06 19:15:00,LINE_A,SHIFT_B,25.78,2.578,2.578,4.597,2.832
2026-09-06 19:30:00,LINE_A,SHIFT_B,32.08,3.208,3.208,5.871,2.706
2026-09-06 19:45:00,LINE_A,SHIFT_B,30.2,3.02,3.02,5.361,2.442
2026-09-06 20:00:00,LINE_A,SHIFT_B,28.97,2.897,2.897,5.753,2.735
2026-09-06 20:15:00,LINE_A,SHIFT_B,27.0,2.7,2.7,5.537,2.888
2026-09-06 20:30:00,LINE_A,SHIFT_B,29.61,2.961,2.961,5.464,2.562
2026-09-06 20:45:00,LINE_A,SHIFT_B,28.55,2.855,2.855,6.005,2.723
2026-09-06 21:00:00,LINE_A,SHIFT_B,28.04,2.804,2.804,6.15,2.604
2026-09-06 21:15:00,LINE_A,SHIFT_B,28.48,2.848,2.848,5.252,2.467
2026-09-06 21:30:00,LINE_A,SHIFT_B,29.31,2.931,2.931,5.469,2.834
2026-09-06 21:45:00,LINE_A,SHIFT_B,29.13,2.913,2.913,5.404,2.966
2026-09-06 22:00:00,LINE_A,SHIFT_C,21.66,2.166,2.166,4.372,2.102
2026-09-06 22:15:00,LINE_A,SHIFT_C,22.98,2.298,2.298,4.16,1.94
2026-09-06 22:30:00,LINE_A,SHIFT_C,24.51,2.451,2.451,4.172,2.308
2026-09-06 22:45:00,LINE_A,SHIFT_C,20.34,2.034,2.034,4.296,2.289
2026-09-06 23:00:00,LINE_A,SHIFT_C,22.29,2.229,2.229,4.116,1.865
2026-09-06 23:15:00,LINE_A,SHIFT_C,24.49,2.449,2.449,4.594,2.111
2026-09-06 23:30:00,LINE_A,SHIFT_C,20.87,2.087,2.087,4.662,2.113
2026-09-06 23:45:00,LINE_A,SHIFT_C,22.24,2.224,2.224,4.529,2.286
2026-09-07 00:00:00,LINE_A,SHIFT_C,24.97,2.497,2.497,5.236,2.297
2026-09-07 00:15:00,LINE_A,SHIFT_C,26.37,2.637,2.637,5.261,2.554
2026-09-07 00:30:00,LINE_A,SHIFT_C,24.9,2.49,2.49,4.993,2.809
2026-09-07 00:45:00,LINE_A,SHIFT_C,26.0,2.6,2.6,4.674,2.584
2026-09-07 01:00:00,LINE_A,SHIFT_C,26.35,2.635,2.635,6.05,2.475
2026-09-07 01:15:00,LINE_A,SHIFT_C,27.38,2.738,2.738,5.027,2.833
2026-09-07 01:30:00,LINE_A,SHIFT_C,25.16,2.516,2.516,6.432,2.39
2026-09-07 01:45:00,LINE_A,SHIFT_C,26.94,2.694,2.694,5.094,2.504
2026-09-07 02:00:00,LINE_A,SHIFT_C,26.69,2.669,2.669,5.956,2.358
2026-09-07 02:15:00,LINE_A,SHIFT_C,28.06,2.806,2.806,5.597,2.272
2026-09-07 02:30:00,LINE_A,SHIFT_C,27.94,2.794,2.794,5.441,2.302
2026-09-07 02:45:00,LINE_A,SHIFT_C,25.59,2.559,2.559,4.702,3.145
2026-09-07 03:00:00,LINE_A,SHIFT_C,26.19,2.619,2.619,5.559,3.05
2026-09-07 03:15:00,LINE_A,SHIFT_C,24.9,2.49,2.49,5.942,2.633
2026-09-07 03:30:00,LINE_A,SHIFT_C,25.56,2.556,2.556,5.159,2.944
2026-09-07 03:45:00,LINE_A,SHIFT_C,25.65,2.565,2.565,5.21,2.338
2026-09-07 04:00:00,LINE_A,SHIFT_C,25.87,2.587,2.587,5.759,2.535
2026-09-07 04:15:00,LINE_A,SHIFT_C,28.44,2.844,2.844,5.4,2.556
2026-09-07 04:30:00,LINE_A,SHIFT_C,26.52,2.652,2.652,5.869,2.816
2026-09-07 04:45:00,LINE_A,SHIFT_C,25.57,2.557,2.557,5.46,2.274
2026-09-07 05:00:00,LINE_A,SHIFT_C,26.74,2.674,2.674,5.845,2.356
2026-09-07 05:15:00,LINE_A,SHIFT_C,27.88,2.788,2.788,5.856,2.75
2026-09-07 05:30:00,LINE_A,SHIFT_C,27.95,2.795,2.795,6.028,2.669
2026-09-07 05:45:00,LINE_A,SHIFT_C,26.26,2.626,2.626,5.917,2.676
2026-09-07 06:00:00,LINE_A,SHIFT_A,32.9,3.29,3.29,6.464,2.924
2026-09-07 06:15:00,LINE_A,SHIFT_A,34.18,3.418,3.418,6.516,3.267
2026-09-07 06:30:00,LINE_A,SHIFT_A,32.4,3.24,3.24,6.711,3.219
2026-09-07 06:45:00,LINE_A,SHIFT_A,35.21,3.521,3.521,6.998,3.106
2026-09-07 07:00:00,LINE_A,SHIFT_A,33.18,3.318,3.318,6.657,2.681
2026-09-07 07:15:00,LINE_A,SHIFT_A,34.63,3.463,3.463,6.116,3.26
2026-09-07 07:30:00,LINE_A,SHIFT_A,35.27,3.527,3.527,7.419,2.654
2026-09-07 07:45:00,LINE_A,SHIFT_A,33.68,3.368,3.368,6.56,3.163
2026-09-07 08:00:00,LINE_A,SHIFT_A,33.68,3.368,3.368,6.951,3.348
2026-09-07 08:15:00,LINE_A,SHIFT_A,33.7,3.37,3.37,6.471,3.001
2026-09-07 08:30:00,LINE_A,SHIFT_A,33.97,3.397,3.397,7.494,2.859
2026-09-07 08:45:00,LINE_A,SHIFT_A,34.86,3.486,3.486,6.392,3.131
2026-09-07 09:00:00,LINE_A,SHIFT_A,34.78,3.478,3.478,7.321,2.908
2026-09-07 09:15:00,LINE_A,SHIFT_A,35.24,3.524,3.524,7.367,3.354
2026-09-07 09:30:00,LINE_A,SHIFT_A,35.78,3.578,3.578,7.526,3.102
2026-09-07 09:45:00,LINE_A,SHIFT_A,35.62,3.562,3.562,7.17,3.219
2026-09-07 10:00:00,LINE_A,SHIFT_A,37.23,3.723,3.723,7.102,3.341
2026-09-07 10:15:00,LINE_A,SHIFT_A,35.46,3.546,3.546,6.969,3.148
2026-09-07 10:30:00,LINE_A,SHIFT_A,34.58,3.458,3.458,7.655,3.086
2026-09-07 10:45:00,LINE_A,SHIFT_A,35.91,3.591,3.591,7.283,2.583
2026-09-07 11:00:00,LINE_A,SHIFT_A,34.28,3.428,3.428,7.809,2.917
2026-09-07 11:15:00,LINE_A,SHIFT_A,37.5,3.75,3.75,6.927,2.882
2026-09-07 11:30:00,LINE_A,SHIFT_A,32.02,3.202,3.202,6.592,2.921
2026-09-07 11:45:00,LINE_A,SHIFT_A,28.75,2.875,2.875,5.738,2.934
2026-09-07 12:00:00,LINE_A,SHIFT_A,36.27,3.627,3.627,7.701,2.861
2026-09-07 12:15:00,LINE_A,SHIFT_A,36.36,3.636,3.636,6.874,2.479
2026-09-07 12:30:00,LINE_A,SHIFT_A,36.45,3.645,3.645,6.934,3.135
2026-09-07 12:45:00,LINE_A,SHIFT_A,34.8,3.48,3.48,6.955,2.862
2026-09-07 13:00:00,LINE_A,SHIFT_A,38.41,3.841,3.841,7.69,3.049
2026-09-07 13:15:00,LINE_A,SHIFT_A,34.35,3.435,3.435,7.416,2.529
2026-09-07 13:30:00,LINE_A,SHIFT_A,38.19,3.819,3.819,6.99,2.707
2026-09-07 13:45:00,LINE_A,SHIFT_A,35.21,3.521,3.521,7.249,2.864
2026-09-07 14:00:00,LINE_A,SHIFT_B,37.96,3.796,3.796,7.252,2.491
2026-09-07 14:15:00,LINE_A,SHIFT_B,39.73,3.973,3.973,7.173,2.485
2026-09-07 14:30:00,LINE_A,SHIFT_B,39.59,3.959,3.959,7.054,2.78
2026-09-07 14:45:00,LINE_A,SHIFT_B,37.67,3.767,3.767,7.81,2.807
2026-09-07 15:00:00,LINE_A,SHIFT_B,37.64,3.764,3.764,7.395,2.447
2026-09-07 15:15:00,LINE_A,SHIFT_B,36.93,3.693,3.693,7.255,2.9
2026-09-07 15:30:00,LINE_A,SHIFT_B,38.21,3.821,3.821,7.789,2.545
2026-09-07 15:45:00,LINE_A,SHIFT_B,37.46,3.746,3.746,7.618,3.1
2026-09-07 16:00:00,LINE_A,SHIFT_B,37.49,3.749,3.749,7.513,2.444
2026-09-07 16:15:00,LINE_A,SHIFT_B,36.81,3.681,3.681,7.848,2.782
2026-09-07 16:30:00,LINE_A,SHIFT_B,38.13,3.813,3.813,7.272,2.707
2026-09-07 16:45:00,LINE_A,SHIFT_B,37.92,3.792,3.792,7.351,2.5
2026-09-07 17:00:00,LINE_A,SHIFT_B,35.74,3.574,3.574,7.694,2.996
2026-09-07 17:15:00,LINE_A,SHIFT_B,37.89,3.789,3.789,6.797,2.646
2026-09-07 17:30:00,LINE_A,SHIFT_B,35.64,3.564,3.564,7.537,2.617
2026-09-07 17:45:00,LINE_A,SHIFT_B,36.33,3.633,3.633,7.322,3.328
2026-09-07 18:00:00,LINE_A,SHIFT_B,35.14,3.514,3.514,6.812,2.552
2026-09-07 18:15:00,LINE_A,SHIFT_B,35.89,3.589,3.589,6.767,2.299
2026-09-07 18:30:00,LINE_A,SHIFT_B,34.62,3.462,3.462,6.796,3.336
2026-09-07 18:45:00,LINE_A,SHIFT_B,35.69,3.569,3.569,7.022,2.47
2026-09-07 19:00:00,LINE_A,SHIFT_B,31.69,3.169,3.169,5.913,3.581
2026-09-07 19:15:00,LINE_A,SHIFT_B,29.09,2.909,2.909,6.329,2.638
2026-09-07 19:30:00,LINE_A,SHIFT_B,38.74,3.874,3.874,7.292,2.879
2026-09-07 19:45:00,LINE_A,SHIFT_B,35.77,3.577,3.577,7.019,3.121
2026-09-07 20:00:00,LINE_A,SHIFT_B,35.76,3.576,3.576,7.189,3.248
2026-09-07 20:15:00,LINE_A,SHIFT_B,35.69,3.569,3.569,7.148,2.787
2026-09-07 20:30:00,LINE_A,SHIFT_B,36.68,3.668,3.668,6.896,2.784
2026-09-07 20:45:00,LINE_A,SHIFT_B,36.47,3.647,3.647,6.572,3.093
2026-09-07 21:00:00,LINE_A,SHIFT_B,36.92,3.692,3.692,6.984,3.02
2026-09-07 21:15:00,LINE_A,SHIFT_B,35.44,3.544,3.544,7.373,3.225
2026-09-07 21:30:00,LINE_A,SHIFT_B,33.21,3.321,3.321,7.186,2.755
2026-09-07 21:45:00,LINE_A,SHIFT_B,34.94,3.494,3.494,7.034,3.106
2026-09-07 22:00:00,LINE_A,SHIFT_C,28.08,2.808,2.808,5.005,2.011
2026-09-07 22:15:00,LINE_A,SHIFT_C,25.09,2.509,2.509,5.014,2.779
2026-09-07 22:30:00,LINE_A,SHIFT_C,26.99,2.699,2.699,5.072,2.461
2026-09-07 22:45:00,LINE_A,SHIFT_C,27.77,2.777,2.777,5.438,2.207
2026-09-07 23:00:00,LINE_A,SHIFT_C,26.98,2.698,2.698,5.447,2.635
2026-09-07 23:15:00,LINE_A,SHIFT_C,27.53,2.753,2.753,5.087,2.935
2026-09-07 23:30:00,LINE_A,SHIFT_C,25.88,2.588,2.588,5.632,2.176
2026-09-07 23:45:00,LINE_A,SHIFT_C,28.74,2.874,2.874,5.315,2.708
2026-09-08 00:00:00,LINE_A,SHIFT_C,26.37,2.637,2.637,5.135,2.693
2026-09-08 00:15:00,LINE_A,SHIFT_C,27.04,2.704,2.704,5.844,2.752
2026-09-08 00:30:00,LINE_A,SHIFT_C,28.94,2.894,2.894,5.336,2.547
2026-09-08 00:45:00,LINE_A,SHIFT_C,27.69,2.769,2.769,5.632,2.164
2026-09-08 01:00:00,LINE_A,SHIFT_C,25.36,2.536,2.536,5.696,2.711
2026-09-08 01:15:00,LINE_A,SHIFT_C,24.62,2.462,2.462,5.48,2.464
2026-09-08 01:30:00,LINE_A,SHIFT_C,25.43,2.543,2.543,5.788,2.456
2026-09-08 01:45:00,LINE_A,SHIFT_C,25.4,2.54,2.54,5.842,2.586
2026-09-08 02:00:00,LINE_A,SHIFT_C,26.69,2.669,2.669,5.542,2.518
2026-09-08 02:15:00,LINE_A,SHIFT_C,25.57,2.557,2.557,5.182,2.611
2026-09-08 02:30:00,LINE_A,SHIFT_C,27.65,2.765,2.765,4.882,2.331
2026-09-08 02:45:00,LINE_A,SHIFT_C,29.55,2.955,2.955,5.959,2.876
2026-09-08 03:00:00,LINE_A,SHIFT_C,26.79,2.679,2.679,5.324,2.588
2026-09-08 03:15:00,LINE_A,SHIFT_C,25.36,2.536,2.536,4.808,2.974
2026-09-08 03:30:00,LINE_A,SHIFT_C,25.71,2.571,2.571,5.156,2.261
2026-09-08 03:45:00,LINE_A,SHIFT_C,28.43,2.843,2.843,5.037,2.784
2026-09-08 04:00:00,LINE_A,SHIFT_C,25.84,2.584,2.584,4.974,2.691
2026-09-08 04:15:00,LINE_A,SHIFT_C,28.43,2.843,2.843,5.62,2.883
2026-09-08 04:30:00,LINE_A,SHIFT_C,25.82,2.582,2.582,6.072,2.804
2026-09-08 04:45:00,LINE_A,SHIFT_C,27.55,2.755,2.755,5.381,2.409
2026-09-08 05:00:00,LINE_A,SHIFT_C,28.8,2.88,2.88,5.814,2.243
2026-09-08 05:15:00,LINE_A,SHIFT_C,26.54,2.654,2.654,5.684,2.559
2026-09-08 05:30:00,LINE_A,SHIFT_C,28.38,2.838,2.838,5.797,2.654
2026-09-08 05:45:00,LINE_A,SHIFT_C,26.1,2.61,2.61,6.343,2.548
2026-09-08 06:00:00,LINE_A,SHIFT_A,34.95,3.495,3.495,7.375,3.105
2026-09-08 06:15:00,LINE_A,SHIFT_A,31.93,3.193,3.193,6.796,3.047
2026-09-08 06:30:00,LINE_A,SHIFT_A,35.84,3.584,3.584,6.579,3.286
2026-09-08 06:45:00,LINE_A,SHIFT_A,34.83,3.483,3.483,6.482,3.553
2026-09-08 07:00:00,LINE_A,SHIFT_A,32.84,3.284,3.284,6.344,3.302
2026-09-08 07:15:00,LINE_A,SHIFT_A,33.7,3.37,3.37,6.888,3.157
2026-09-08 07:30:00,LINE_A,SHIFT_A,34.3,3.43,3.43,7.431,3.251
2026-09-08 07:45:00,LINE_A,SHIFT_A,35.7,3.57,3.57,6.447,2.865
2026-09-08 08:00:00,LINE_A,SHIFT_A,35.98,3.598,3.598,7.389,3.047
2026-09-08 08:15:00,LINE_A,SHIFT_A,32.9,3.29,3.29,6.866,3.213
2026-09-08 08:30:00,LINE_A,SHIFT_A,35.86,3.586,3.586,6.928,2.946
2026-09-08 08:45:00,LINE_A,SHIFT_A,34.38,3.438,3.438,7.206,2.919
2026-09-08 09:00:00,LINE_A,SHIFT_A,32.5,3.25,3.25,6.744,2.951
2026-09-08 09:15:00,LINE_A,SHIFT_A,34.74,3.474,3.474,7.137,3.157
2026-09-08 09:30:00,LINE_A,SHIFT_A,33.69,3.369,3.369,7.19,2.553
2026-09-08 09:45:00,LINE_A,SHIFT_A,36.85,3.685,3.685,7.09,2.974
2026-09-08 10:00:00,LINE_A,SHIFT_A,32.76,3.276,3.276,7.063,2.727
2026-09-08 10:15:00,LINE_A,SHIFT_A,35.28,3.528,3.528,7.197,2.955
2026-09-08 10:30:00,LINE_A,SHIFT_A,36.74,3.674,3.674,7.447,2.806
2026-09-08 10:45:00,LINE_A,SHIFT_A,36.4,3.64,3.64,7.149,2.872
2026-09-08 11:00:00,LINE_A,SHIFT_A,35.18,3.518,3.518,7.002,2.84
2026-09-08 11:15:00,LINE_A,SHIFT_A,33.07,3.307,3.307,7.272,2.924
2026-09-08 11:30:00,LINE_A,SHIFT_A,34.26,3.426,3.426,6.03,2.493
2026-09-08 11:45:00,LINE_A,SHIFT_A,34.49,3.449,3.449,6.48,3.048
2026-09-08 12:00:00,LINE_A,SHIFT_A,35.18,3.518,3.518,6.662,2.671
2026-09-08 12:15:00,LINE_A,SHIFT_A,36.32,3.632,3.632,7.146,2.714
2026-09-08 12:30:00,LINE_A,SHIFT_A,36.95,3.695,3.695,7.056,2.897
2026-09-08 12:45:00,LINE_A,SHIFT_A,36.41,3.641,3.641,7.458,2.809
2026-09-08 13:00:00,LINE_A,SHIFT_A,36.63,3.663,3.663,7.963,2.856
2026-09-08 13:15:00,LINE_A,SHIFT_A,32.07,3.207,3.207,7.038,2.774
2026-09-08 13:30:00,LINE_A,SHIFT_A,37.6,3.76,3.76,7.51,2.895
2026-09-08 13:45:00,LINE_A,SHIFT_A,35.38,3.538,3.538,7.422,3.058
2026-09-08 14:00:00,LINE_A,SHIFT_B,39.21,3.921,3.921,7.4,2.742
2026-09-08 14:15:00,LINE_A,SHIFT_B,39.44,3.944,3.944,7.576,3.183
2026-09-08 14:30:00,LINE_A,SHIFT_B,36.78,3.678,3.678,7.041,2.883
2026-09-08 14:45:00,LINE_A,SHIFT_B,39.96,3.996,3.996,7.431,2.402
2026-09-08 15:00:00,LINE_A,SHIFT_B,37.18,3.718,3.718,7.034,2.794
2026-09-08 15:15:00,LINE_A,SHIFT_B,39.24,3.924,3.924,7.854,2.408
2026-09-08 15:30:00,LINE_A,SHIFT_B,36.48,3.648,3.648,7.406,2.552
2026-09-08 15:45:00,LINE_A,SHIFT_B,37.53,3.753,3.753,7.736,2.417
2026-09-08 16:00:00,LINE_A,SHIFT_B,38.27,3.827,3.827,7.476,2.931
2026-09-08 16:15:00,LINE_A,SHIFT_B,36.8,3.68,3.68,8.019,2.606
2026-09-08 16:30:00,LINE_A,SHIFT_B,37.68,3.768,3.768,7.993,2.826
2026-09-08 16:45:00,LINE_A,SHIFT_B,37.3,3.73,3.73,6.961,2.856
2026-09-08 17:00:00,LINE_A,SHIFT_B,36.04,3.604,3.604,7.798,2.576
2026-09-08 17:15:00,LINE_A,SHIFT_B,36.54,3.654,3.654,7.128,2.78
2026-09-08 17:30:00,LINE_A,SHIFT_B,36.09,3.609,3.609,6.381,3.048
2026-09-08 17:45:00,LINE_A,SHIFT_B,34.05,3.405,3.405,7.298,2.361
2026-09-08 18:00:00,LINE_A,SHIFT_B,36.15,3.615,3.615,11.251,2.972
2026-09-08 18:15:00,LINE_A,SHIFT_B,36.97,3.697,3.697,10.407,2.656
2026-09-08 18:30:00,LINE_A,SHIFT_B,34.97,3.497,3.497,10.749,2.752
2026-09-08 18:45:00,LINE_A,SHIFT_B,35.12,3.512,3.512,10.826,2.636
2026-09-08 19:00:00,LINE_A,SHIFT_B,30.1,3.01,3.01,6.116,3.043
2026-09-08 19:15:00,LINE_A,SHIFT_B,33.57,3.357,3.357,6.467,2.714
2026-09-08 19:30:00,LINE_A,SHIFT_B,35.42,3.542,3.542,7.108,2.688
2026-09-08 19:45:00,LINE_A,SHIFT_B,32.57,3.257,3.257,6.566,3.347
2026-09-08 20:00:00,LINE_A,SHIFT_B,36.35,3.635,3.635,7.158,3.064
2026-09-08 20:15:00,LINE_A,SHIFT_B,36.5,3.65,3.65,6.957,3.032
2026-09-08 20:30:00,LINE_A,SHIFT_B,33.8,3.38,3.38,7.358,3.308
2026-09-08 20:45:00,LINE_A,SHIFT_B,33.71,3.371,3.371,7.259,2.962
2026-09-08 21:00:00,LINE_A,SHIFT_B,35.78,3.578,3.578,7.278,2.455
2026-09-08 21:15:00,LINE_A,SHIFT_B,35.49,3.549,3.549,7.152,2.719
2026-09-08 21:30:00,LINE_A,SHIFT_B,33.2,3.32,3.32,7.343,3.098
2026-09-08 21:45:00,LINE_A,SHIFT_B,34.02,3.402,3.402,7.384,3.177
2026-09-08 22:00:00,LINE_A,SHIFT_C,28.27,2.827,2.827,5.297,2.735
2026-09-08 22:15:00,LINE_A,SHIFT_C,27.45,2.745,2.745,5.398,2.39
2026-09-08 22:30:00,LINE_A,SHIFT_C,25.41,2.541,2.541,5.113,2.412
2026-09-08 22:45:00,LINE_A,SHIFT_C,26.81,2.681,2.681,4.274,2.251
2026-09-08 23:00:00,LINE_A,SHIFT_C,25.22,2.522,2.522,5.562,2.035
2026-09-08 23:15:00,LINE_A,SHIFT_C,28.29,2.829,2.829,5.177,2.776
2026-09-08 23:30:00,LINE_A,SHIFT_C,24.16,2.416,2.416,5.103,2.236
2026-09-08 23:45:00,LINE_A,SHIFT_C,26.31,2.631,2.631,5.147,2.652
2026-09-09 00:00:00,LINE_A,SHIFT_C,24.45,2.445,2.445,5.383,2.392
2026-09-09 00:15:00,LINE_A,SHIFT_C,28.49,2.849,2.849,5.497,2.343
2026-09-09 00:30:00,LINE_A,SHIFT_C,26.93,2.693,2.693,4.461,2.013
2026-09-09 00:45:00,LINE_A,SHIFT_C,30.22,3.022,3.022,5.87,2.775
2026-09-09 01:00:00,LINE_A,SHIFT_C,27.71,2.771,2.771,5.403,2.508
2026-09-09 01:15:00,LINE_A,SHIFT_C,25.99,2.599,2.599,5.838,2.807
2026-09-09 01:30:00,LINE_A,SHIFT_C,24.78,2.478,2.478,4.603,2.565
2026-09-09 01:45:00,LINE_A,SHIFT_C,26.78,2.678,2.678,5.424,2.581
2026-09-09 02:00:00,LINE_A,SHIFT_C,26.42,2.642,2.642,5.163,2.397
2026-09-09 02:15:00,LINE_A,SHIFT_C,24.78,2.478,2.478,5.61,3.141
2026-09-09 02:30:00,LINE_A,SHIFT_C,25.07,2.507,2.507,4.883,2.752
2026-09-09 02:45:00,LINE_A,SHIFT_C,26.99,2.699,2.699,5.035,2.63
2026-09-09 03:00:00,LINE_A,SHIFT_C,26.12,2.612,2.612,4.834,2.4
2026-09-09 03:15:00,LINE_A,SHIFT_C,25.42,2.542,2.542,5.113,2.496
2026-09-09 03:30:00,LINE_A,SHIFT_C,28.18,2.818,2.818,5.438,2.681
2026-09-09 03:45:00,LINE_A,SHIFT_C,25.78,2.578,2.578,5.305,2.503
2026-09-09 04:00:00,LINE_A,SHIFT_C,28.89,2.889,2.889,5.746,2.624
2026-09-09 04:15:00,LINE_A,SHIFT_C,26.8,2.68,2.68,5.291,2.754
2026-09-09 04:30:00,LINE_A,SHIFT_C,26.58,2.658,2.658,5.669,2.378
2026-09-09 04:45:00,LINE_A,SHIFT_C,23.74,2.374,2.374,5.52,2.342
2026-09-09 05:00:00,LINE_A,SHIFT_C,26.93,2.693,2.693,5.509,2.73
2026-09-09 05:15:00,LINE_A,SHIFT_C,26.37,2.637,2.637,5.79,2.457
2026-09-09 05:30:00,LINE_A,SHIFT_C,28.12,2.812,2.812,5.582,2.498
2026-09-09 05:45:00,LINE_A,SHIFT_C,29.74,2.974,2.974,5.681,2.269
2026-09-09 06:00:00,LINE_A,SHIFT_A,33.35,3.335,3.335,6.635,3.495
2026-09-09 06:15:00,LINE_A,SHIFT_A,35.84,3.584,3.584,7.298,3.197
2026-09-09 06:30:00,LINE_A,SHIFT_A,34.6,3.46,3.46,7.059,3.098
2026-09-09 06:45:00,LINE_A,SHIFT_A,36.18,3.618,3.618,6.821,3.437
2026-09-09 07:00:00,LINE_A,SHIFT_A,33.17,3.317,3.317,6.703,2.808
2026-09-09 07:15:00,LINE_A,SHIFT_A,34.57,3.457,3.457,6.68,3.214
2026-09-09 07:30:00,LINE_A,SHIFT_A,34.34,3.434,3.434,6.967,2.904
2026-09-09 07:45:00,LINE_A,SHIFT_A,33.99,3.399,3.399,6.851,3.352
2026-09-09 08:00:00,LINE_A,SHIFT_A,35.77,3.577,3.577,7.185,2.642
2026-09-09 08:15:00,LINE_A,SHIFT_A,35.59,3.559,3.559,6.66,3.069
2026-09-09 08:30:00,LINE_A,SHIFT_A,35.5,3.55,3.55,6.956,2.715
2026-09-09 08:45:00,LINE_A,SHIFT_A,32.83,3.283,3.283,6.904,2.827
2026-09-09 09:00:00,LINE_A,SHIFT_A,33.53,3.353,3.353,6.98,2.902
2026-09-09 09:15:00,LINE_A,SHIFT_A,34.77,3.477,3.477,7.578,3.212
2026-09-09 09:30:00,LINE_A,SHIFT_A,36.17,3.617,3.617,7.595,2.815
2026-09-09 09:45:00,LINE_A,SHIFT_A,36.92,3.692,3.692,7.465,3.066
2026-09-09 10:00:00,LINE_A,SHIFT_A,34.89,3.489,3.489,7.441,2.94
2026-09-09 10:15:00,LINE_A,SHIFT_A,34.11,3.411,3.411,7.492,3.265
2026-09-09 10:30:00,LINE_A,SHIFT_A,31.96,3.196,3.196,7.758,2.728
2026-09-09 10:45:00,LINE_A,SHIFT_A,37.04,3.704,3.704,7.159,2.926
2026-09-09 11:00:00,LINE_A,SHIFT_A,37.23,3.723,3.723,7.064,2.869
2026-09-09 11:15:00,LINE_A,SHIFT_A,35.15,3.515,3.515,6.858,2.865
2026-09-09 11:30:00,LINE_A,SHIFT_A,31.85,3.185,3.185,5.85,2.9
2026-09-09 11:45:00,LINE_A,SHIFT_A,30.26,3.026,3.026,6.569,3.215
2026-09-09 12:00:00,LINE_A,SHIFT_A,34.86,3.486,3.486,7.03,2.609
2026-09-09 12:15:00,LINE_A,SHIFT_A,36.53,3.653,3.653,7.573,3.375
2026-09-09 12:30:00,LINE_A,SHIFT_A,36.2,3.62,3.62,7.308,3.02
2026-09-09 12:45:00,LINE_A,SHIFT_A,34.99,3.499,3.499,7.741,3.271
2026-09-09 13:00:00,LINE_A,SHIFT_A,35.79,3.579,3.579,7.199,3.348
2026-09-09 13:15:00,LINE_A,SHIFT_A,35.2,3.52,3.52,7.294,2.473
2026-09-09 13:30:00,LINE_A,SHIFT_A,32.18,3.218,3.218,7.194,2.61
2026-09-09 13:45:00,LINE_A,SHIFT_A,36.62,3.662,3.662,7.22,2.361
2026-09-09 14:00:00,LINE_A,SHIFT_B,38.1,3.81,3.81,7.5,2.749
2026-09-09 14:15:00,LINE_A,SHIFT_B,38.14,3.814,3.814,7.166,2.669
2026-09-09 14:30:00,LINE_A,SHIFT_B,35.46,3.546,3.546,7.884,2.858
2026-09-09 14:45:00,LINE_A,SHIFT_B,40.21,4.021,4.021,7.781,2.543
2026-09-09 15:00:00,LINE_A,SHIFT_B,37.95,3.795,3.795,7.754,2.713
2026-09-09 15:15:00,LINE_A,SHIFT_B,36.09,3.609,3.609,7.816,2.815
2026-09-09 15:30:00,LINE_A,SHIFT_B,35.21,3.521,3.521,7.234,2.975
2026-09-09 15:45:00,LINE_A,SHIFT_B,37.65,3.765,3.765,7.491,2.725
2026-09-09 16:00:00,LINE_A,SHIFT_B,38.97,3.897,3.897,7.437,2.53
2026-09-09 16:15:00,LINE_A,SHIFT_B,36.86,3.686,3.686,7.92,2.867
2026-09-09 16:30:00,LINE_A,SHIFT_B,34.24,3.424,3.424,7.865,2.847
2026-09-09 16:45:00,LINE_A,SHIFT_B,36.59,3.659,3.659,7.725,2.742
2026-09-09 17:00:00,LINE_A,SHIFT_B,35.6,3.56,3.56,7.381,2.712
2026-09-09 17:15:00,LINE_A,SHIFT_B,38.88,3.888,3.888,7.067,3.281
2026-09-09 17:30:00,LINE_A,SHIFT_B,37.19,3.719,3.719,7.069,2.593
2026-09-09 17:45:00,LINE_A,SHIFT_B,36.91,3.691,3.691,7.168,2.651
2026-09-09 18:00:00,LINE_A,SHIFT_B,36.08,3.608,3.608,7.417,2.759
2026-09-09 18:15:00,LINE_A,SHIFT_B,33.95,3.395,3.395,7.578,3.308
2026-09-09 18:30:00,LINE_A,SHIFT_B,36.47,3.647,3.647,7.218,3.018
2026-09-09 18:45:00,LINE_A,SHIFT_B,37.57,3.757,3.757,7.097,2.675
2026-09-09 19:00:00,LINE_A,SHIFT_B,32.58,3.258,3.258,6.566,2.781
2026-09-09 19:15:00,LINE_A,SHIFT_B,30.91,3.091,3.091,5.958,2.893
2026-09-09 19:30:00,LINE_A,SHIFT_B,35.95,3.595,3.595,7.283,3.184
2026-09-09 19:45:00,LINE_A,SHIFT_B,36.77,3.677,3.677,7.544,3.137
2026-09-09 20:00:00,LINE_A,SHIFT_B,37.73,3.773,3.773,7.292,3.052
2026-09-09 20:15:00,LINE_A,SHIFT_B,34.85,3.485,3.485,7.257,3.229
2026-09-09 20:30:00,LINE_A,SHIFT_B,34.95,3.495,3.495,7.592,2.786
2026-09-09 20:45:00,LINE_A,SHIFT_B,34.57,3.457,3.457,7.273,3.042
2026-09-09 21:00:00,LINE_A,SHIFT_B,34.84,3.484,3.484,6.974,2.965
2026-09-09 21:15:00,LINE_A,SHIFT_B,35.09,3.509,3.509,6.852,2.928
2026-09-09 21:30:00,LINE_A,SHIFT_B,36.12,3.612,3.612,6.594,2.836
2026-09-09 21:45:00,LINE_A,SHIFT_B,34.07,3.407,3.407,6.961,3.218
2026-09-09 22:00:00,LINE_A,SHIFT_C,23.76,2.376,2.376,5.544,2.883
2026-09-09 22:15:00,LINE_A,SHIFT_C,24.7,2.47,2.47,5.772,2.544
2026-09-09 22:30:00,LINE_A,SHIFT_C,26.86,2.686,2.686,5.193,2.889
2026-09-09 22:45:00,LINE_A,SHIFT_C,26.04,2.604,2.604,5.277,2.521
2026-09-09 23:00:00,LINE_A,SHIFT_C,26.12,2.612,2.612,5.418,2.598
2026-09-09 23:15:00,LINE_A,SHIFT_C,27.04,2.704,2.704,5.466,2.447
2026-09-09 23:30:00,LINE_A,SHIFT_C,25.19,2.519,2.519,5.41,2.684
2026-09-09 23:45:00,LINE_A,SHIFT_C,29.44,2.944,2.944,5.156,2.69
2026-09-10 00:00:00,LINE_A,SHIFT_C,25.64,2.564,2.564,5.071,2.613
2026-09-10 00:15:00,LINE_A,SHIFT_C,27.99,2.799,2.799,5.632,2.488
2026-09-10 00:30:00,LINE_A,SHIFT_C,27.71,2.771,2.771,5.053,2.152
2026-09-10 00:45:00,LINE_A,SHIFT_C,26.6,2.66,2.66,5.553,2.54
2026-09-10 01:00:00,LINE_A,SHIFT_C,29.13,2.913,2.913,4.401,2.512
2026-09-10 01:15:00,LINE_A,SHIFT_C,26.95,2.695,2.695,5.497,2.214
2026-09-10 01:30:00,LINE_A,SHIFT_C,24.49,2.449,2.449,5.313,2.721
2026-09-10 01:45:00,LINE_A,SHIFT_C,27.6,2.76,2.76,6.392,2.571
2026-09-10 02:00:00,LINE_A,SHIFT_C,26.71,2.671,2.671,5.04,2.526
2026-09-10 02:15:00,LINE_A,SHIFT_C,28.02,2.802,2.802,4.767,2.809
2026-09-10 02:30:00,LINE_A,SHIFT_C,27.33,2.733,2.733,6.148,2.644
2026-09-10 02:45:00,LINE_A,SHIFT_C,25.1,2.51,2.51,5.427,2.981
2026-09-10 03:00:00,LINE_A,SHIFT_C,26.97,2.697,2.697,4.535,2.818
2026-09-10 03:15:00,LINE_A,SHIFT_C,28.63,2.863,2.863,4.655,2.555
2026-09-10 03:30:00,LINE_A,SHIFT_C,25.57,2.557,2.557,5.441,2.718
2026-09-10 03:45:00,LINE_A,SHIFT_C,26.34,2.634,2.634,5.237,2.679
2026-09-10 04:00:00,LINE_A,SHIFT_C,27.52,2.752,2.752,5.177,2.326
2026-09-10 04:15:00,LINE_A,SHIFT_C,26.08,2.608,2.608,5.136,2.821
2026-09-10 04:30:00,LINE_A,SHIFT_C,26.8,2.68,2.68,5.294,2.327
2026-09-10 04:45:00,LINE_A,SHIFT_C,25.85,2.585,2.585,5.307,2.639
2026-09-10 05:00:00,LINE_A,SHIFT_C,27.06,2.706,2.706,5.224,2.601
2026-09-10 05:15:00,LINE_A,SHIFT_C,26.34,2.634,2.634,5.139,2.085
2026-09-10 05:30:00,LINE_A,SHIFT_C,27.37,2.737,2.737,5.133,2.691
2026-09-10 05:45:00,LINE_A,SHIFT_C,30.28,3.028,3.028,5.966,2.823
2026-09-10 06:00:00,LINE_A,SHIFT_A,36.39,3.639,3.639,6.709,3.302
2026-09-10 06:15:00,LINE_A,SHIFT_A,33.16,3.316,3.316,6.961,2.931
2026-09-10 06:30:00,LINE_A,SHIFT_A,32.64,3.264,3.264,6.81,3.105
2026-09-10 06:45:00,LINE_A,SHIFT_A,33.77,3.377,3.377,6.062,2.969
2026-09-10 07:00:00,LINE_A,SHIFT_A,36.73,3.673,3.673,6.937,3.407
2026-09-10 07:15:00,LINE_A,SHIFT_A,33.28,3.328,3.328,7.135,3.042
2026-09-10 07:30:00,LINE_A,SHIFT_A,31.67,3.167,3.167,7.154,3.296
2026-09-10 07:45:00,LINE_A,SHIFT_A,35.84,3.584,3.584,6.514,3.385
2026-09-10 08:00:00,LINE_A,SHIFT_A,33.99,3.399,3.399,6.666,2.812
2026-09-10 08:15:00,LINE_A,SHIFT_A,35.56,3.556,3.556,6.833,2.847
2026-09-10 08:30:00,LINE_A,SHIFT_A,33.51,3.351,3.351,7.648,2.958
2026-09-10 08:45:00,LINE_A,SHIFT_A,32.48,3.248,3.248,6.604,3.343
2026-09-10 09:00:00,LINE_A,SHIFT_A,34.73,3.473,3.473,7.486,2.929
2026-09-10 09:15:00,LINE_A,SHIFT_A,34.44,3.444,3.444,6.816,2.88
2026-09-10 09:30:00,LINE_A,SHIFT_A,35.31,3.531,3.531,6.418,2.958
2026-09-10 09:45:00,LINE_A,SHIFT_A,38.77,3.877,3.877,6.884,2.726
2026-09-10 10:00:00,LINE_A,SHIFT_A,34.0,3.4,3.4,7.246,3.097
2026-09-10 10:15:00,LINE_A,SHIFT_A,34.72,3.472,3.472,6.72,2.576
2026-09-10 10:30:00,LINE_A,SHIFT_A,35.68,3.568,3.568,7.277,2.558
2026-09-10 10:45:00,LINE_A,SHIFT_A,35.98,3.598,3.598,7.385,2.836
2026-09-10 11:00:00,LINE_A,SHIFT_A,34.4,3.44,3.44,6.78,2.956
2026-09-10 11:15:00,LINE_A,SHIFT_A,33.97,3.397,3.397,6.77,2.767
2026-09-10 11:30:00,LINE_A,SHIFT_A,31.9,3.19,3.19,6.108,2.917
2026-09-10 11:45:00,LINE_A,SHIFT_A,33.54,3.354,3.354,6.271,3.133
2026-09-10 12:00:00,LINE_A,SHIFT_A,38.86,3.886,3.886,7.232,3.051
2026-09-10 12:15:00,LINE_A,SHIFT_A,36.68,3.668,3.668,7.21,2.514
2026-09-10 12:30:00,LINE_A,SHIFT_A,33.08,3.308,3.308,6.921,2.628
2026-09-10 12:45:00,LINE_A,SHIFT_A,33.86,3.386,3.386,7.687,2.426
2026-09-10 13:00:00,LINE_A,SHIFT_A,34.36,3.436,3.436,7.256,2.975
2026-09-10 13:15:00,LINE_A,SHIFT_A,37.61,3.761,3.761,6.973,2.85
2026-09-10 13:30:00,LINE_A,SHIFT_A,33.25,3.325,3.325,6.678,2.917
2026-09-10 13:45:00,LINE_A,SHIFT_A,35.99,3.599,3.599,7.437,2.452
2026-09-10 14:00:00,LINE_A,SHIFT_B,39.01,3.901,3.901,7.062,3.074
2026-09-10 14:15:00,LINE_A,SHIFT_B,37.81,3.781,3.781,7.572,2.779
2026-09-10 14:30:00,LINE_A,SHIFT_B,40.37,4.037,4.037,7.441,2.285
2026-09-10 14:45:00,LINE_A,SHIFT_B,37.66,3.766,3.766,7.118,2.995
2026-09-10 15:00:00,LINE_A,SHIFT_B,38.22,3.822,3.822,7.981,2.975
2026-09-10 15:15:00,LINE_A,SHIFT_B,39.42,3.942,3.942,8.052,2.821
2026-09-10 15:30:00,LINE_A,SHIFT_B,37.3,3.73,3.73,7.233,3.081
2026-09-10 15:45:00,LINE_A,SHIFT_B,37.95,3.795,3.795,7.056,3.012
2026-09-10 16:00:00,LINE_A,SHIFT_B,36.7,3.67,3.67,6.995,2.919
2026-09-10 16:15:00,LINE_A,SHIFT_B,38.97,3.897,3.897,7.626,2.717
2026-09-10 16:30:00,LINE_A,SHIFT_B,38.33,3.833,3.833,7.282,2.597
2026-09-10 16:45:00,LINE_A,SHIFT_B,37.03,3.703,3.703,7.564,2.657
2026-09-10 17:00:00,LINE_A,SHIFT_B,37.01,3.701,3.701,7.187,2.912
2026-09-10 17:15:00,LINE_A,SHIFT_B,37.48,3.748,3.748,7.539,2.715
2026-09-10 17:30:00,LINE_A,SHIFT_B,36.29,3.629,3.629,7.245,2.468
2026-09-10 17:45:00,LINE_A,SHIFT_B,35.43,3.543,3.543,6.846,2.989
2026-09-10 18:00:00,LINE_A,SHIFT_B,34.77,3.477,3.477,7.495,3.108
2026-09-10 18:15:00,LINE_A,SHIFT_B,34.26,3.426,3.426,7.002,2.612
2026-09-10 18:30:00,LINE_A,SHIFT_B,35.98,3.598,3.598,6.715,2.886
2026-09-10 18:45:00,LINE_A,SHIFT_B,36.54,3.654,3.654,6.788,2.98
2026-09-10 19:00:00,LINE_A,SHIFT_B,32.03,3.203,3.203,6.68,2.624
2026-09-10 19:15:00,LINE_A,SHIFT_B,33.28,3.328,3.328,6.773,2.367
2026-09-10 19:30:00,LINE_A,SHIFT_B,34.14,3.414,3.414,6.98,2.791
2026-09-10 19:45:00,LINE_A,SHIFT_B,33.89,3.389,3.389,7.242,2.591
2026-09-10 20:00:00,LINE_A,SHIFT_B,33.96,3.396,3.396,7.188,2.819
2026-09-10 20:15:00,LINE_A,SHIFT_B,32.79,3.279,3.279,7.442,3.077
2026-09-10 20:30:00,LINE_A,SHIFT_B,37.08,3.708,3.708,7.708,2.919
2026-09-10 20:45:00,LINE_A,SHIFT_B,34.18,3.418,3.418,7.405,3.025
2026-09-10 21:00:00,LINE_A,SHIFT_B,32.7,3.27,3.27,7.118,2.885
2026-09-10 21:15:00,LINE_A,SHIFT_B,35.73,3.573,3.573,6.716,3.156
2026-09-10 21:30:00,LINE_A,SHIFT_B,36.37,3.637,3.637,7.316,2.964
2026-09-10 21:45:00,LINE_A,SHIFT_B,37.17,3.717,3.717,7.413,3.053
2026-09-10 22:00:00,LINE_A,SHIFT_C,28.43,2.843,2.843,5.198,2.47
2026-09-10 22:15:00,LINE_A,SHIFT_C,25.8,2.58,2.58,5.391,2.466
2026-09-10 22:30:00,LINE_A,SHIFT_C,25.74,2.574,2.574,5.394,2.607
2026-09-10 22:45:00,LINE_A,SHIFT_C,28.49,2.849,2.849,5.664,2.713
2026-09-10 23:00:00,LINE_A,SHIFT_C,24.97,2.497,2.497,5.66,2.546
2026-09-10 23:15:00,LINE_A,SHIFT_C,27.01,2.701,2.701,5.068,2.422
2026-09-10 23:30:00,LINE_A,SHIFT_C,26.57,2.657,2.657,4.965,2.439
2026-09-10 23:45:00,LINE_A,SHIFT_C,28.32,2.832,2.832,4.915,2.555
2026-09-11 00:00:00,LINE_A,SHIFT_C,28.65,2.865,2.865,5.166,2.422
2026-09-11 00:15:00,LINE_A,SHIFT_C,24.75,2.475,2.475,5.374,2.085
2026-09-11 00:30:00,LINE_A,SHIFT_C,25.52,2.552,2.552,5.287,2.514
2026-09-11 00:45:00,LINE_A,SHIFT_C,23.97,2.397,2.397,5.083,2.35
2026-09-11 01:00:00,LINE_A,SHIFT_C,25.72,2.572,2.572,5.689,2.544
2026-09-11 01:15:00,LINE_A,SHIFT_C,25.4,2.54,2.54,4.871,2.945
2026-09-11 01:30:00,LINE_A,SHIFT_C,26.92,2.692,2.692,6.386,2.692
2026-09-11 01:45:00,LINE_A,SHIFT_C,24.81,2.481,2.481,5.322,2.65
2026-09-11 02:00:00,LINE_A,SHIFT_C,28.71,2.871,2.871,5.838,2.297
2026-09-11 02:15:00,LINE_A,SHIFT_C,24.92,2.492,2.492,5.105,2.377
2026-09-11 02:30:00,LINE_A,SHIFT_C,25.88,2.588,2.588,5.978,2.466
2026-09-11 02:45:00,LINE_A,SHIFT_C,27.78,2.778,2.778,5.488,2.756
2026-09-11 03:00:00,LINE_A,SHIFT_C,26.18,2.618,2.618,5.072,2.631
2026-09-11 03:15:00,LINE_A,SHIFT_C,25.86,2.586,2.586,5.275,2.572
2026-09-11 03:30:00,LINE_A,SHIFT_C,24.84,2.484,2.484,5.437,2.253
2026-09-11 03:45:00,LINE_A,SHIFT_C,27.49,2.749,2.749,5.57,2.5
2026-09-11 04:00:00,LINE_A,SHIFT_C,27.15,2.715,2.715,5.554,2.418
2026-09-11 04:15:00,LINE_A,SHIFT_C,25.77,2.577,2.577,5.401,2.596
2026-09-11 04:30:00,LINE_A,SHIFT_C,28.33,2.833,2.833,5.738,2.377
2026-09-11 04:45:00,LINE_A,SHIFT_C,27.21,2.721,2.721,5.847,2.457
2026-09-11 05:00:00,LINE_A,SHIFT_C,28.71,2.871,2.871,5.728,2.651
2026-09-11 05:15:00,LINE_A,SHIFT_C,29.19,2.919,2.919,5.289,2.724
2026-09-11 05:30:00,LINE_A,SHIFT_C,28.95,2.895,2.895,5.79,2.539
2026-09-11 05:45:00,LINE_A,SHIFT_C,28.06,2.806,2.806,5.962,3.168
2026-09-11 06:00:00,LINE_A,SHIFT_A,31.78,3.178,3.178,7.367,3.181
2026-09-11 06:15:00,LINE_A,SHIFT_A,33.12,3.312,3.312,6.743,3.123
2026-09-11 06:30:00,LINE_A,SHIFT_A,34.07,3.407,3.407,6.744,3.17
2026-09-11 06:45:00,LINE_A,SHIFT_A,33.2,3.32,3.32,6.506,2.942
2026-09-11 07:00:00,LINE_A,SHIFT_A,33.85,3.385,3.385,7.581,3.275
2026-09-11 07:15:00,LINE_A,SHIFT_A,35.12,3.512,3.512,6.526,2.989
2026-09-11 07:30:00,LINE_A,SHIFT_A,36.17,3.617,3.617,6.685,2.717
2026-09-11 07:45:00,LINE_A,SHIFT_A,32.69,3.269,3.269,7.002,3.104
2026-09-11 08:00:00,LINE_A,SHIFT_A,34.2,3.42,3.42,6.909,3.017
2026-09-11 08:15:00,LINE_A,SHIFT_A,34.59,3.459,3.459,6.534,3.248
2026-09-11 08:30:00,LINE_A,SHIFT_A,32.79,3.279,3.279,6.868,3.205
2026-09-11 08:45:00,LINE_A,SHIFT_A,34.82,3.482,3.482,7.475,2.982
2026-09-11 09:00:00,LINE_A,SHIFT_A,35.79,3.579,3.579,7.67,3.196
2026-09-11 09:15:00,LINE_A,SHIFT_A,34.03,3.403,3.403,7.129,3.263
2026-09-11 09:30:00,LINE_A,SHIFT_A,35.25,3.525,3.525,6.947,3.176
2026-09-11 09:45:00,LINE_A,SHIFT_A,35.74,3.574,3.574,7.018,3.138
2026-09-11 10:00:00,LINE_A,SHIFT_A,34.66,3.466,3.466,7.161,3.206
2026-09-11 10:15:00,LINE_A,SHIFT_A,35.84,3.584,3.584,7.117,3.004
2026-09-11 10:30:00,LINE_A,SHIFT_A,35.43,3.543,3.543,6.529,2.707
2026-09-11 10:45:00,LINE_A,SHIFT_A,33.14,3.314,3.314,7.928,3.033
2026-09-11 11:00:00,LINE_A,SHIFT_A,36.16,3.616,3.616,7.492,2.71
2026-09-11 11:15:00,LINE_A,SHIFT_A,34.33,3.433,3.433,7.411,3.313
2026-09-11 11:30:00,LINE_A,SHIFT_A,30.5,3.05,3.05,6.398,2.822
2026-09-11 11:45:00,LINE_A,SHIFT_A,31.43,3.143,3.143,6.027,2.599
2026-09-11 12:00:00,LINE_A,SHIFT_A,36.82,3.682,3.682,7.554,2.505
2026-09-11 12:15:00,LINE_A,SHIFT_A,36.35,3.635,3.635,7.418,2.838
2026-09-11 12:30:00,LINE_A,SHIFT_A,34.35,3.435,3.435,6.968,3.231
2026-09-11 12:45:00,LINE_A,SHIFT_A,35.12,3.512,3.512,6.869,3.089
2026-09-11 13:00:00,LINE_A,SHIFT_A,36.11,3.611,3.611,7.418,2.806
2026-09-11 13:15:00,LINE_A,SHIFT_A,36.01,3.601,3.601,6.709,2.646
2026-09-11 13:30:00,LINE_A,SHIFT_A,35.85,3.585,3.585,6.699,2.589
2026-09-11 13:45:00,LINE_A,SHIFT_A,34.9,3.49,3.49,7.356,2.871
2026-09-11 14:00:00,LINE_A,SHIFT_B,34.92,3.492,3.492,7.58,2.883
2026-09-11 14:15:00,LINE_A,SHIFT_B,40.18,4.018,4.018,7.431,2.726
2026-09-11 14:30:00,LINE_A,SHIFT_B,37.02,3.702,3.702,7.742,2.71
2026-09-11 14:45:00,LINE_A,SHIFT_B,37.43,3.743,3.743,8.422,3.009
2026-09-11 15:00:00,LINE_A,SHIFT_B,36.83,3.683,3.683,7.233,2.885
2026-09-11 15:15:00,LINE_A,SHIFT_B,38.16,3.816,3.816,6.897,2.804
2026-09-11 15:30:00,LINE_A,SHIFT_B,36.54,3.654,3.654,7.126,2.949
2026-09-11 15:45:00,LINE_A,SHIFT_B,35.89,3.589,3.589,7.327,3.058
2026-09-11 16:00:00,LINE_A,SHIFT_B,37.52,3.752,3.752,7.73,3.165
2026-09-11 16:15:00,LINE_A,SHIFT_B,38.58,3.858,3.858,9.941,2.71
2026-09-11 16:30:00,LINE_A,SHIFT_B,37.25,3.725,3.725,10.089,2.685
2026-09-11 16:45:00,LINE_A,SHIFT_B,37.87,3.787,3.787,10.567,2.455
2026-09-11 17:00:00,LINE_A,SHIFT_B,37.72,3.772,3.772,10.5,2.678
2026-09-11 17:15:00,LINE_A,SHIFT_B,36.1,3.61,3.61,10.613,2.678
2026-09-11 17:30:00,LINE_A,SHIFT_B,36.31,3.631,3.631,10.008,2.337
2026-09-11 17:45:00,LINE_A,SHIFT_B,36.4,3.64,3.64,6.87,2.871
2026-09-11 18:00:00,LINE_A,SHIFT_B,36.85,3.685,3.685,7.41,2.621
2026-09-11 18:15:00,LINE_A,SHIFT_B,37.47,3.747,3.747,7.064,2.883
2026-09-11 18:30:00,LINE_A,SHIFT_B,36.69,3.669,3.669,6.728,3.027
2026-09-11 18:45:00,LINE_A,SHIFT_B,36.52,3.652,3.652,6.803,3.424
2026-09-11 19:00:00,LINE_A,SHIFT_B,31.49,3.149,3.149,6.093,3.103
2026-09-11 19:15:00,LINE_A,SHIFT_B,31.26,3.126,3.126,6.712,2.805
2026-09-11 19:30:00,LINE_A,SHIFT_B,35.25,3.525,3.525,6.858,3.089
2026-09-11 19:45:00,LINE_A,SHIFT_B,37.23,3.723,3.723,6.799,3.008
2026-09-11 20:00:00,LINE_A,SHIFT_B,35.48,3.548,3.548,7.201,2.875
2026-09-11 20:15:00,LINE_A,SHIFT_B,35.19,3.519,3.519,7.365,2.566
2026-09-11 20:30:00,LINE_A,SHIFT_B,35.21,3.521,3.521,8.053,2.889
2026-09-11 20:45:00,LINE_A,SHIFT_B,36.44,3.644,3.644,6.889,2.904
2026-09-11 21:00:00,LINE_A,SHIFT_B,37.18,3.718,3.718,6.755,2.747
2026-09-11 21:15:00,LINE_A,SHIFT_B,35.55,3.555,3.555,7.565,2.886
2026-09-11 21:30:00,LINE_A,SHIFT_B,37.18,3.718,3.718,7.327,2.898
2026-09-11 21:45:00,LINE_A,SHIFT_B,35.54,3.554,3.554,7.48,3.577
2026-09-11 22:00:00,LINE_A,SHIFT_C,27.6,2.76,2.76,5.368,2.518
2026-09-11 22:15:00,LINE_A,SHIFT_C,25.27,2.527,2.527,5.238,2.614
2026-09-11 22:30:00,LINE_A,SHIFT_C,27.65,2.765,2.765,5.378,2.403
2026-09-11 22:45:00,LINE_A,SHIFT_C,26.83,2.683,2.683,5.447,2.295
2026-09-11 23:00:00,LINE_A,SHIFT_C,26.77,2.677,2.677,5.351,2.441
2026-09-11 23:15:00,LINE_A,SHIFT_C,25.86,2.586,2.586,5.686,2.699
2026-09-11 23:30:00,LINE_A,SHIFT_C,28.28,2.828,2.828,4.893,2.298
2026-09-11 23:45:00,LINE_A,SHIFT_C,28.2,2.82,2.82,4.347,2.901
2026-09-12 00:00:00,LINE_A,SHIFT_C,21.68,2.168,2.168,4.519,1.787
2026-09-12 00:15:00,LINE_A,SHIFT_C,22.02,2.202,2.202,4.515,1.973
2026-09-12 00:30:00,LINE_A,SHIFT_C,20.44,2.044,2.044,4.259,2.391
2026-09-12 00:45:00,LINE_A,SHIFT_C,20.06,2.006,2.006,4.139,2.108
2026-09-12 01:00:00,LINE_A,SHIFT_C,23.15,2.315,2.315,4.91,2.529
2026-09-12 01:15:00,LINE_A,SHIFT_C,19.53,1.953,1.953,5.063,2.133
2026-09-12 01:30:00,LINE_A,SHIFT_C,21.76,2.176,2.176,4.353,1.87
2026-09-12 01:45:00,LINE_A,SHIFT_C,19.06,1.906,1.906,4.509,2.264
2026-09-12 02:00:00,LINE_A,SHIFT_C,21.95,2.195,2.195,4.556,2.399
2026-09-12 02:15:00,LINE_A,SHIFT_C,22.7,2.27,2.27,4.165,2.661
2026-09-12 02:30:00,LINE_A,SHIFT_C,21.45,2.145,2.145,4.438,2.768
2026-09-12 02:45:00,LINE_A,SHIFT_C,22.06,2.206,2.206,4.429,2.658
2026-09-12 03:00:00,LINE_A,SHIFT_C,19.99,1.999,1.999,3.914,1.97
2026-09-12 03:15:00,LINE_A,SHIFT_C,20.82,2.082,2.082,4.231,1.958
2026-09-12 03:30:00,LINE_A,SHIFT_C,22.59,2.259,2.259,4.5,1.873
2026-09-12 03:45:00,LINE_A,SHIFT_C,23.1,2.31,2.31,3.889,2.363
2026-09-12 04:00:00,LINE_A,SHIFT_C,22.87,2.287,2.287,4.402,1.981
2026-09-12 04:15:00,LINE_A,SHIFT_C,20.84,2.084,2.084,4.579,1.908
2026-09-12 04:30:00,LINE_A,SHIFT_C,25.11,2.511,2.511,4.409,2.348
2026-09-12 04:45:00,LINE_A,SHIFT_C,20.22,2.022,2.022,4.754,2.44
2026-09-12 05:00:00,LINE_A,SHIFT_C,23.01,2.301,2.301,4.062,1.987
2026-09-12 05:15:00,LINE_A,SHIFT_C,21.97,2.197,2.197,4.762,1.968
2026-09-12 05:30:00,LINE_A,SHIFT_C,24.23,2.423,2.423,4.233,2.278
2026-09-12 05:45:00,LINE_A,SHIFT_C,21.5,2.15,2.15,4.98,2.165
2026-09-12 06:00:00,LINE_A,SHIFT_A,25.39,2.539,2.539,6.07,2.494
2026-09-12 06:15:00,LINE_A,SHIFT_A,27.49,2.749,2.749,5.633,3.223
2026-09-12 06:30:00,LINE_A,SHIFT_A,28.29,2.829,2.829,5.86,2.832
2026-09-12 06:45:00,LINE_A,SHIFT_A,26.51,2.651,2.651,5.417,3.089
2026-09-12 07:00:00,LINE_A,SHIFT_A,29.38,2.938,2.938,6.01,2.879
2026-09-12 07:15:00,LINE_A,SHIFT_A,28.76,2.876,2.876,5.183,2.618
2026-09-12 07:30:00,LINE_A,SHIFT_A,24.7,2.47,2.47,5.828,2.735
2026-09-12 07:45:00,LINE_A,SHIFT_A,27.97,2.797,2.797,5.724,3.103
2026-09-12 08:00:00,LINE_A,SHIFT_A,27.78,2.778,2.778,5.542,2.367
2026-09-12 08:15:00,LINE_A,SHIFT_A,29.13,2.913,2.913,5.546,2.279
2026-09-12 08:30:00,LINE_A,SHIFT_A,28.85,2.885,2.885,5.277,2.363
2026-09-12 08:45:00,LINE_A,SHIFT_A,27.74,2.774,2.774,5.757,2.993
2026-09-12 09:00:00,LINE_A,SHIFT_A,30.65,3.065,3.065,5.61,2.715
2026-09-12 09:15:00,LINE_A,SHIFT_A,28.02,2.802,2.802,5.589,2.576
2026-09-12 09:30:00,LINE_A,SHIFT_A,28.66,2.866,2.866,5.675,2.557
2026-09-12 09:45:00,LINE_A,SHIFT_A,29.1,2.91,2.91,6.574,2.524
2026-09-12 10:00:00,LINE_A,SHIFT_A,31.84,3.184,3.184,6.392,2.381
2026-09-12 10:15:00,LINE_A,SHIFT_A,26.59,2.659,2.659,6.185,2.638
2026-09-12 10:30:00,LINE_A,SHIFT_A,29.4,2.94,2.94,5.345,2.62
2026-09-12 10:45:00,LINE_A,SHIFT_A,30.77,3.077,3.077,6.287,2.744
2026-09-12 11:00:00,LINE_A,SHIFT_A,28.8,2.88,2.88,5.875,2.43
2026-09-12 11:15:00,LINE_A,SHIFT_A,28.85,2.885,2.885,6.019,2.618
2026-09-12 11:30:00,LINE_A,SHIFT_A,26.83,2.683,2.683,5.306,2.168
2026-09-12 11:45:00,LINE_A,SHIFT_A,25.71,2.571,2.571,5.185,2.314
2026-09-12 12:00:00,LINE_A,SHIFT_A,29.85,2.985,2.985,5.448,2.249
2026-09-12 12:15:00,LINE_A,SHIFT_A,28.89,2.889,2.889,6.265,2.432
2026-09-12 12:30:00,LINE_A,SHIFT_A,29.64,2.964,2.964,5.949,2.45
2026-09-12 12:45:00,LINE_A,SHIFT_A,28.73,2.873,2.873,6.203,2.335
2026-09-12 13:00:00,LINE_A,SHIFT_A,27.44,2.744,2.744,5.623,2.163
2026-09-12 13:15:00,LINE_A,SHIFT_A,28.78,2.878,2.878,6.094,2.278
2026-09-12 13:30:00,LINE_A,SHIFT_A,31.07,3.107,3.107,6.212,2.302
2026-09-12 13:45:00,LINE_A,SHIFT_A,31.07,3.107,3.107,5.65,2.184
2026-09-12 14:00:00,LINE_A,SHIFT_B,32.64,3.264,3.264,5.47,2.161
2026-09-12 14:15:00,LINE_A,SHIFT_B,29.63,2.963,2.963,5.858,2.533
2026-09-12 14:30:00,LINE_A,SHIFT_B,30.65,3.065,3.065,6.293,2.15
2026-09-12 14:45:00,LINE_A,SHIFT_B,30.96,3.096,3.096,5.438,2.618
2026-09-12 15:00:00,LINE_A,SHIFT_B,31.46,3.146,3.146,6.525,2.703
2026-09-12 15:15:00,LINE_A,SHIFT_B,30.11,3.011,3.011,6.111,2.313
2026-09-12 15:30:00,LINE_A,SHIFT_B,31.27,3.127,3.127,5.494,2.443
2026-09-12 15:45:00,LINE_A,SHIFT_B,32.06,3.206,3.206,5.958,2.47
2026-09-12 16:00:00,LINE_A,SHIFT_B,29.19,2.919,2.919,5.999,2.514
2026-09-12 16:15:00,LINE_A,SHIFT_B,30.96,3.096,3.096,5.823,2.267
2026-09-12 16:30:00,LINE_A,SHIFT_B,31.97,3.197,3.197,6.163,2.499
2026-09-12 16:45:00,LINE_A,SHIFT_B,30.43,3.043,3.043,5.76,2.679
2026-09-12 17:00:00,LINE_A,SHIFT_B,30.44,3.044,3.044,6.087,2.156
2026-09-12 17:15:00,LINE_A,SHIFT_B,31.24,3.124,3.124,6.053,2.281
2026-09-12 17:30:00,LINE_A,SHIFT_B,27.4,2.74,2.74,5.818,2.461
2026-09-12 17:45:00,LINE_A,SHIFT_B,30.1,3.01,3.01,6.033,2.076
2026-09-12 18:00:00,LINE_A,SHIFT_B,29.52,2.952,2.952,5.599,2.315
2026-09-12 18:15:00,LINE_A,SHIFT_B,30.77,3.077,3.077,6.269,2.593
2026-09-12 18:30:00,LINE_A,SHIFT_B,28.31,2.831,2.831,6.359,2.281
2026-09-12 18:45:00,LINE_A,SHIFT_B,28.71,2.871,2.871,5.963,2.7
2026-09-12 19:00:00,LINE_A,SHIFT_B,27.62,2.762,2.762,5.353,2.585
2026-09-12 19:15:00,LINE_A,SHIFT_B,25.92,2.592,2.592,4.479,2.348
2026-09-12 19:30:00,LINE_A,SHIFT_B,27.57,2.757,2.757,6.134,2.575
2026-09-12 19:45:00,LINE_A,SHIFT_B,30.67,3.067,3.067,6.105,2.515
2026-09-12 20:00:00,LINE_A,SHIFT_B,29.44,2.944,2.944,6.322,2.674
2026-09-12 20:15:00,LINE_A,SHIFT_B,33.36,3.336,3.336,5.042,2.274
2026-09-12 20:30:00,LINE_A,SHIFT_B,30.13,3.013,3.013,5.612,2.911
2026-09-12 20:45:00,LINE_A,SHIFT_B,29.77,2.977,2.977,5.495,2.775
2026-09-12 21:00:00,LINE_A,SHIFT_B,30.48,3.048,3.048,5.755,2.571
2026-09-12 21:15:00,LINE_A,SHIFT_B,28.37,2.837,2.837,5.699,2.815
2026-09-12 21:30:00,LINE_A,SHIFT_B,30.23,3.023,3.023,6.134,2.351
2026-09-12 21:45:00,LINE_A,SHIFT_B,29.49,2.949,2.949,5.348,2.414
2026-09-12 22:00:00,LINE_A,SHIFT_C,23.6,2.36,2.36,4.767,1.981
2026-09-12 22:15:00,LINE_A,SHIFT_C,24.48,2.448,2.448,3.937,1.914
2026-09-12 22:30:00,LINE_A,SHIFT_C,23.39,2.339,2.339,4.286,2.014
2026-09-12 22:45:00,LINE_A,SHIFT_C,21.67,2.167,2.167,4.399,1.923
2026-09-12 23:00:00,LINE_A,SHIFT_C,23.04,2.304,2.304,4.472,1.864
2026-09-12 23:15:00,LINE_A,SHIFT_C,21.21,2.121,2.121,4.607,2.332
2026-09-12 23:30:00,LINE_A,SHIFT_C,21.44,2.144,2.144,4.211,2.139
2026-09-12 23:45:00,LINE_A,SHIFT_C,20.41,2.041,2.041,3.684,1.997
2026-09-13 00:00:00,LINE_A,SHIFT_C,20.02,2.002,2.002,4.461,2.323
2026-09-13 00:15:00,LINE_A,SHIFT_C,20.38,2.038,2.038,4.637,1.821
2026-09-13 00:30:00,LINE_A,SHIFT_C,23.21,2.321,2.321,4.556,2.444
2026-09-13 00:45:00,LINE_A,SHIFT_C,21.02,2.102,2.102,3.995,2.854
2026-09-13 01:00:00,LINE_A,SHIFT_C,23.15,2.315,2.315,3.987,2.067
2026-09-13 01:15:00,LINE_A,SHIFT_C,22.58,2.258,2.258,4.015,1.835
2026-09-13 01:30:00,LINE_A,SHIFT_C,19.81,1.981,1.981,4.438,2.572
2026-09-13 01:45:00,LINE_A,SHIFT_C,22.85,2.285,2.285,4.503,1.934
2026-09-13 02:00:00,LINE_A,SHIFT_C,20.67,2.067,2.067,4.404,2.766
2026-09-13 02:15:00,LINE_A,SHIFT_C,22.46,2.246,2.246,3.88,2.387
2026-09-13 02:30:00,LINE_A,SHIFT_C,20.08,2.008,2.008,4.543,1.991
2026-09-13 02:45:00,LINE_A,SHIFT_C,23.62,2.362,2.362,4.494,2.062
2026-09-13 03:00:00,LINE_A,SHIFT_C,21.14,2.114,2.114,3.895,2.352
2026-09-13 03:15:00,LINE_A,SHIFT_C,21.89,2.189,2.189,4.511,1.96
2026-09-13 03:30:00,LINE_A,SHIFT_C,21.01,2.101,2.101,4.116,2.083
2026-09-13 03:45:00,LINE_A,SHIFT_C,21.95,2.195,2.195,4.412,1.729
2026-09-13 04:00:00,LINE_A,SHIFT_C,19.6,1.96,1.96,3.969,2.252
2026-09-13 04:15:00,LINE_A,SHIFT_C,24.02,2.402,2.402,4.415,2.097
2026-09-13 04:30:00,LINE_A,SHIFT_C,22.08,2.208,2.208,4.14,1.708
2026-09-13 04:45:00,LINE_A,SHIFT_C,23.58,2.358,2.358,4.835,2.528
2026-09-13 05:00:00,LINE_A,SHIFT_C,24.14,2.414,2.414,4.421,2.046
2026-09-13 05:15:00,LINE_A,SHIFT_C,23.3,2.33,2.33,4.26,1.985
2026-09-13 05:30:00,LINE_A,SHIFT_C,23.46,2.346,2.346,4.937,1.998
2026-09-13 05:45:00,LINE_A,SHIFT_C,21.61,2.161,2.161,4.025,2.407
2026-09-13 06:00:00,LINE_A,SHIFT_A,28.68,2.868,2.868,6.161,2.644
2026-09-13 06:15:00,LINE_A,SHIFT_A,27.8,2.78,2.78,6.001,2.691
2026-09-13 06:30:00,LINE_A,SHIFT_A,30.76,3.076,3.076,5.373,2.81
2026-09-13 06:45:00,LINE_A,SHIFT_A,26.91,2.691,2.691,5.688,2.619
2026-09-13 07:00:00,LINE_A,SHIFT_A,28.01,2.801,2.801,5.679,2.708
2026-09-13 07:15:00,LINE_A,SHIFT_A,27.24,2.724,2.724,5.387,2.647
2026-09-13 07:30:00,LINE_A,SHIFT_A,28.49,2.849,2.849,5.898,2.606
2026-09-13 07:45:00,LINE_A,SHIFT_A,27.41,2.741,2.741,5.892,2.258
2026-09-13 08:00:00,LINE_A,SHIFT_A,28.82,2.882,2.882,5.404,2.6
2026-09-13 08:15:00,LINE_A,SHIFT_A,28.84,2.884,2.884,5.514,2.982
2026-09-13 08:30:00,LINE_A,SHIFT_A,28.01,2.801,2.801,5.747,2.334
2026-09-13 08:45:00,LINE_A,SHIFT_A,30.0,3.0,3.0,5.326,2.584
2026-09-13 09:00:00,LINE_A,SHIFT_A,30.06,3.006,3.006,6.233,2.966
2026-09-13 09:15:00,LINE_A,SHIFT_A,31.9,3.19,3.19,5.268,2.532
2026-09-13 09:30:00,LINE_A,SHIFT_A,26.48,2.648,2.648,5.439,2.761
2026-09-13 09:45:00,LINE_A,SHIFT_A,27.79,2.779,2.779,5.961,2.604
2026-09-13 10:00:00,LINE_A,SHIFT_A,27.74,2.774,2.774,5.672,2.715
2026-09-13 10:15:00,LINE_A,SHIFT_A,27.68,2.768,2.768,5.369,2.576
2026-09-13 10:30:00,LINE_A,SHIFT_A,29.02,2.902,2.902,5.489,2.618
2026-09-13 10:45:00,LINE_A,SHIFT_A,29.41,2.941,2.941,5.75,2.576
2026-09-13 11:00:00,LINE_A,SHIFT_A,28.71,2.871,2.871,6.288,2.587
2026-09-13 11:15:00,LINE_A,SHIFT_A,31.13,3.113,3.113,6.315,2.317
2026-09-13 11:30:00,LINE_A,SHIFT_A,26.12,2.612,2.612,4.469,2.25
2026-09-13 11:45:00,LINE_A,SHIFT_A,26.53,2.653,2.653,5.673,2.261
2026-09-13 12:00:00,LINE_A,SHIFT_A,29.16,2.916,2.916,5.739,2.516
2026-09-13 12:15:00,LINE_A,SHIFT_A,27.62,2.762,2.762,5.851,2.824
2026-09-13 12:30:00,LINE_A,SHIFT_A,33.31,3.331,3.331,6.293,2.461
2026-09-13 12:45:00,LINE_A,SHIFT_A,28.22,2.822,2.822,6.266,2.353
2026-09-13 13:00:00,LINE_A,SHIFT_A,29.3,2.93,2.93,6.535,2.529
2026-09-13 13:15:00,LINE_A,SHIFT_A,29.28,2.928,2.928,5.463,2.371
2026-09-13 13:30:00,LINE_A,SHIFT_A,30.27,3.027,3.027,6.169,2.278
2026-09-13 13:45:00,LINE_A,SHIFT_A,30.15,3.015,3.015,6.367,2.398
2026-09-13 14:00:00,LINE_A,SHIFT_B,30.66,3.066,3.066,6.089,2.127
2026-09-13 14:15:00,LINE_A,SHIFT_B,33.1,3.31,3.31,6.484,2.58
2026-09-13 14:30:00,LINE_A,SHIFT_B,31.32,3.132,3.132,6.941,2.817
2026-09-13 14:45:00,LINE_A,SHIFT_B,31.09,3.109,3.109,6.47,2.397
2026-09-13 15:00:00,LINE_A,SHIFT_B,30.68,3.068,3.068,6.488,2.712
2026-09-13 15:15:00,LINE_A,SHIFT_B,30.48,3.048,3.048,6.091,2.328
2026-09-13 15:30:00,LINE_A,SHIFT_B,30.53,3.053,3.053,6.388,2.387
2026-09-13 15:45:00,LINE_A,SHIFT_B,33.79,3.379,3.379,5.721,2.194
2026-09-13 16:00:00,LINE_A,SHIFT_B,27.77,2.777,2.777,6.176,2.531
2026-09-13 16:15:00,LINE_A,SHIFT_B,29.71,2.971,2.971,6.11,2.516
2026-09-13 16:30:00,LINE_A,SHIFT_B,30.75,3.075,3.075,5.461,2.38
2026-09-13 16:45:00,LINE_A,SHIFT_B,30.07,3.007,3.007,6.523,2.521
2026-09-13 17:00:00,LINE_A,SHIFT_B,32.28,3.228,3.228,6.555,2.596
2026-09-13 17:15:00,LINE_A,SHIFT_B,28.12,2.812,2.812,5.551,2.115
2026-09-13 17:30:00,LINE_A,SHIFT_B,30.93,3.093,3.093,6.659,2.392
2026-09-13 17:45:00,LINE_A,SHIFT_B,31.68,3.168,3.168,6.002,2.211
2026-09-13 18:00:00,LINE_A,SHIFT_B,27.59,2.759,2.759,5.462,1.986
2026-09-13 18:15:00,LINE_A,SHIFT_B,29.0,2.9,2.9,5.761,2.587
2026-09-13 18:30:00,LINE_A,SHIFT_B,30.02,3.002,3.002,5.212,2.335
2026-09-13 18:45:00,LINE_A,SHIFT_B,29.54,2.954,2.954,6.041,2.606
2026-09-13 19:00:00,LINE_A,SHIFT_B,24.65,2.465,2.465,5.376,2.601
2026-09-13 19:15:00,LINE_A,SHIFT_B,26.2,2.62,2.62,4.872,2.28
2026-09-13 19:30:00,LINE_A,SHIFT_B,29.29,2.929,2.929,5.581,2.517
2026-09-13 19:45:00,LINE_A,SHIFT_B,30.77,3.077,3.077,5.863,2.169
2026-09-13 20:00:00,LINE_A,SHIFT_B,29.64,2.964,2.964,5.727,2.76
2026-09-13 20:15:00,LINE_A,SHIFT_B,29.01,2.901,2.901,5.968,2.389
2026-09-13 20:30:00,LINE_A,SHIFT_B,27.61,2.761,2.761,5.803,2.644
2026-09-13 20:45:00,LINE_A,SHIFT_B,29.97,2.997,2.997,6.039,2.716
2026-09-13 21:00:00,LINE_A,SHIFT_B,29.29,2.929,2.929,5.493,2.546
2026-09-13 21:15:00,LINE_A,SHIFT_B,26.39,2.639,2.639,5.498,2.731
2026-09-13 21:30:00,LINE_A,SHIFT_B,28.12,2.812,2.812,5.481,2.663
2026-09-13 21:45:00,LINE_A,SHIFT_B,30.86,3.086,3.086,5.893,2.729
2026-09-13 22:00:00,LINE_A,SHIFT_C,22.75,2.275,2.275,4.366,2.438
2026-09-13 22:15:00,LINE_A,SHIFT_C,24.81,2.481,2.481,4.328,2.224
2026-09-13 22:30:00,LINE_A,SHIFT_C,21.52,2.152,2.152,4.547,2.265
2026-09-13 22:45:00,LINE_A,SHIFT_C,20.44,2.044,2.044,4.956,2.095
2026-09-13 23:00:00,LINE_A,SHIFT_C,22.02,2.202,2.202,4.853,1.981
2026-09-13 23:15:00,LINE_A,SHIFT_C,20.67,2.067,2.067,4.714,1.879
2026-09-13 23:30:00,LINE_A,SHIFT_C,22.54,2.254,2.254,4.119,1.95
2026-09-13 23:45:00,LINE_A,SHIFT_C,21.47,2.147,2.147,4.491,2.064
2026-09-14 00:00:00,LINE_A,SHIFT_C,26.92,2.692,2.692,5.572,1.967
2026-09-14 00:15:00,LINE_A,SHIFT_C,27.71,2.771,2.771,5.43,2.617
2026-09-14 00:30:00,LINE_A,SHIFT_C,26.83,2.683,2.683,5.489,2.735
2026-09-14 00:45:00,LINE_A,SHIFT_C,25.43,2.543,2.543,5.225,2.569
2026-09-14 01:00:00,LINE_A,SHIFT_C,27.4,2.74,2.74,4.962,2.381
2026-09-14 01:15:00,LINE_A,SHIFT_C,25.98,2.598,2.598,5.142,3.038
2026-09-14 01:30:00,LINE_A,SHIFT_C,26.27,2.627,2.627,5.531,2.815
2026-09-14 01:45:00,LINE_A,SHIFT_C,27.3,2.73,2.73,4.987,2.692
2026-09-14 02:00:00,LINE_A,SHIFT_C,25.4,2.54,2.54,5.371,1.938
2026-09-14 02:15:00,LINE_A,SHIFT_C,28.04,2.804,2.804,5.741,2.385
2026-09-14 02:30:00,LINE_A,SHIFT_C,25.54,2.554,2.554,5.102,2.728
2026-09-14 02:45:00,LINE_A,SHIFT_C,26.47,2.647,2.647,6.004,2.382
2026-09-14 03:00:00,LINE_A,SHIFT_C,25.22,2.522,2.522,5.714,2.715
2026-09-14 03:15:00,LINE_A,SHIFT_C,27.34,2.734,2.734,5.529,2.349
2026-09-14 03:30:00,LINE_A,SHIFT_C,25.86,2.586,2.586,5.25,2.47
2026-09-14 03:45:00,LINE_A,SHIFT_C,27.01,2.701,2.701,5.175,2.913
2026-09-14 04:00:00,LINE_A,SHIFT_C,26.41,2.641,2.641,5.244,2.986
2026-09-14 04:15:00,LINE_A,SHIFT_C,25.43,2.543,2.543,5.968,2.359
2026-09-14 04:30:00,LINE_A,SHIFT_C,28.82,2.882,2.882,5.619,2.484
2026-09-14 04:45:00,LINE_A,SHIFT_C,26.23,2.623,2.623,5.611,2.863
2026-09-14 05:00:00,LINE_A,SHIFT_C,28.19,2.819,2.819,5.009,2.232
2026-09-14 05:15:00,LINE_A,SHIFT_C,26.28,2.628,2.628,5.379,2.446
2026-09-14 05:30:00,LINE_A,SHIFT_C,25.66,2.566,2.566,5.293,2.397
2026-09-14 05:45:00,LINE_A,SHIFT_C,24.96,2.496,2.496,5.009,2.595
2026-09-14 06:00:00,LINE_A,SHIFT_A,33.37,3.337,3.337,6.161,3.469
2026-09-14 06:15:00,LINE_A,SHIFT_A,34.39,3.439,3.439,7.569,3.475
2026-09-14 06:30:00,LINE_A,SHIFT_A,31.57,3.157,3.157,7.143,3.276
2026-09-14 06:45:00,LINE_A,SHIFT_A,34.37,3.437,3.437,6.617,3.34
2026-09-14 07:00:00,LINE_A,SHIFT_A,32.1,3.21,3.21,6.911,3.055
2026-09-14 07:15:00,LINE_A,SHIFT_A,33.14,3.314,3.314,7.009,3.44
2026-09-14 07:30:00,LINE_A,SHIFT_A,32.97,3.297,3.297,7.143,2.914
2026-09-14 07:45:00,LINE_A,SHIFT_A,33.58,3.358,3.358,6.18,2.964
2026-09-14 08:00:00,LINE_A,SHIFT_A,31.99,3.199,3.199,6.626,3.273
2026-09-14 08:15:00,LINE_A,SHIFT_A,33.69,3.369,3.369,6.772,2.954
2026-09-14 08:30:00,LINE_A,SHIFT_A,34.06,3.406,3.406,6.827,2.931
2026-09-14 08:45:00,LINE_A,SHIFT_A,33.71,3.371,3.371,6.888,3.002
2026-09-14 09:00:00,LINE_A,SHIFT_A,35.19,3.519,3.519,7.051,3.239
2026-09-14 09:15:00,LINE_A,SHIFT_A,34.57,3.457,3.457,7.034,2.679
2026-09-14 09:30:00,LINE_A,SHIFT_A,33.43,3.343,3.343,6.162,2.557
2026-09-14 09:45:00,LINE_A,SHIFT_A,34.74,3.474,3.474,7.141,3.229
2026-09-14 10:00:00,LINE_A,SHIFT_A,35.08,3.508,3.508,6.8,2.722
2026-09-14 10:15:00,LINE_A,SHIFT_A,33.5,3.35,3.35,7.211,2.848
2026-09-14 10:30:00,LINE_A,SHIFT_A,38.08,3.808,3.808,6.928,2.895
2026-09-14 10:45:00,LINE_A,SHIFT_A,35.41,3.541,3.541,6.844,3.186
2026-09-14 11:00:00,LINE_A,SHIFT_A,33.8,3.38,3.38,6.809,2.937
2026-09-14 11:15:00,LINE_A,SHIFT_A,36.05,3.605,3.605,7.501,2.773
2026-09-14 11:30:00,LINE_A,SHIFT_A,31.81,3.181,3.181,6.802,3.002
2026-09-14 11:45:00,LINE_A,SHIFT_A,31.79,3.179,3.179,6.705,3.175
2026-09-14 12:00:00,LINE_A,SHIFT_A,36.88,3.688,3.688,6.881,2.763
2026-09-14 12:15:00,LINE_A,SHIFT_A,34.37,3.437,3.437,6.961,2.924
2026-09-14 12:30:00,LINE_A,SHIFT_A,32.51,3.251,3.251,7.47,3.103
2026-09-14 12:45:00,LINE_A,SHIFT_A,35.8,3.58,3.58,7.263,2.725
2026-09-14 13:00:00,LINE_A,SHIFT_A,36.16,3.616,3.616,6.675,3.202
2026-09-14 13:15:00,LINE_A,SHIFT_A,33.17,3.317,3.317,6.724,2.591
2026-09-14 13:30:00,LINE_A,SHIFT_A,36.3,3.63,3.63,6.73,3.031
2026-09-14 13:45:00,LINE_A,SHIFT_A,36.14,3.614,3.614,7.139,3.01
2026-09-14 14:00:00,LINE_A,SHIFT_B,39.59,3.959,3.959,8.138,2.903
2026-09-14 14:15:00,LINE_A,SHIFT_B,38.32,3.832,3.832,7.193,2.704
2026-09-14 14:30:00,LINE_A,SHIFT_B,34.1,3.41,3.41,6.975,2.741
2026-09-14 14:45:00,LINE_A,SHIFT_B,36.0,3.6,3.6,7.388,2.493
2026-09-14 15:00:00,LINE_A,SHIFT_B,39.37,3.937,3.937,8.069,2.804
2026-09-14 15:15:00,LINE_A,SHIFT_B,39.61,3.961,3.961,7.889,2.56
2026-09-14 15:30:00,LINE_A,SHIFT_B,38.51,3.851,3.851,7.991,2.761
2026-09-14 15:45:00,LINE_A,SHIFT_B,39.12,3.912,3.912,7.53,2.717
2026-09-14 16:00:00,LINE_A,SHIFT_B,37.33,3.733,3.733,7.868,2.652
2026-09-14 16:15:00,LINE_A,SHIFT_B,34.62,3.462,3.462,7.316,2.692
2026-09-14 16:30:00,LINE_A,SHIFT_B,37.57,3.757,3.757,6.817,2.527
2026-09-14 16:45:00,LINE_A,SHIFT_B,37.79,3.779,3.779,7.171,2.665
2026-09-14 17:00:00,LINE_A,SHIFT_B,35.99,3.599,3.599,7.234,2.963
2026-09-14 17:15:00,LINE_A,SHIFT_B,37.29,3.729,3.729,7.327,2.974
2026-09-14 17:30:00,LINE_A,SHIFT_B,37.13,3.713,3.713,7.558,2.99
2026-09-14 17:45:00,LINE_A,SHIFT_B,35.27,3.527,3.527,7.003,2.694
2026-09-14 18:00:00,LINE_A,SHIFT_B,35.61,3.561,3.561,7.331,2.579
2026-09-14 18:15:00,LINE_A,SHIFT_B,34.17,3.417,3.417,7.375,2.667
2026-09-14 18:30:00,LINE_A,SHIFT_B,37.55,3.755,3.755,6.906,3.041
2026-09-14 18:45:00,LINE_A,SHIFT_B,38.06,3.806,3.806,7.376,3.011
2026-09-14 19:00:00,LINE_A,SHIFT_B,32.52,3.252,3.252,6.192,2.68
2026-09-14 19:15:00,LINE_A,SHIFT_B,29.28,2.928,2.928,6.584,2.82
2026-09-14 19:30:00,LINE_A,SHIFT_B,36.49,3.649,3.649,6.922,2.845
2026-09-14 19:45:00,LINE_A,SHIFT_B,37.64,3.764,3.764,7.509,2.927
2026-09-14 20:00:00,LINE_A,SHIFT_B,36.49,3.649,3.649,6.651,3.086
2026-09-14 20:15:00,LINE_A,SHIFT_B,34.17,3.417,3.417,7.886,2.967
2026-09-14 20:30:00,LINE_A,SHIFT_B,35.57,3.557,3.557,6.774,2.896
2026-09-14 20:45:00,LINE_A,SHIFT_B,35.28,3.528,3.528,6.993,3.005
2026-09-14 21:00:00,LINE_A,SHIFT_B,35.36,3.536,3.536,6.764,2.963
2026-09-14 21:15:00,LINE_A,SHIFT_B,34.38,3.438,3.438,6.861,2.972
2026-09-14 21:30:00,LINE_A,SHIFT_B,37.46,3.746,3.746,7.186,3.067
2026-09-14 21:45:00,LINE_A,SHIFT_B,35.27,3.527,3.527,6.906,3.256
2026-09-14 22:00:00,LINE_A,SHIFT_C,23.78,2.378,2.378,5.537,2.284
2026-09-14 22:15:00,LINE_A,SHIFT_C,27.11,2.711,2.711,5.86,1.951
2026-09-14 22:30:00,LINE_A,SHIFT_C,27.35,2.735,2.735,5.712,2.64
2026-09-14 22:45:00,LINE_A,SHIFT_C,28.18,2.818,2.818,5.589,2.532
2026-09-14 23:00:00,LINE_A,SHIFT_C,27.8,2.78,2.78,5.088,2.207
2026-09-14 23:15:00,LINE_A,SHIFT_C,27.18,2.718,2.718,5.208,2.367
2026-09-14 23:30:00,LINE_A,SHIFT_C,27.67,2.767,2.767,5.574,2.709
2026-09-14 23:45:00,LINE_A,SHIFT_C,27.33,2.733,2.733,4.464,2.677
2026-09-15 00:00:00,LINE_A,SHIFT_C,26.73,2.673,2.673,5.414,2.58
2026-09-15 00:15:00,LINE_A,SHIFT_C,27.11,2.711,2.711,5.683,2.91
2026-09-15 00:30:00,LINE_A,SHIFT_C,27.2,2.72,2.72,5.141,2.919
2026-09-15 00:45:00,LINE_A,SHIFT_C,28.37,2.837,2.837,5.07,2.169
2026-09-15 01:00:00,LINE_A,SHIFT_C,24.94,2.494,2.494,5.462,2.693
2026-09-15 01:15:00,LINE_A,SHIFT_C,28.6,2.86,2.86,5.092,2.595
2026-09-15 01:30:00,LINE_A,SHIFT_C,24.73,2.473,2.473,5.56,2.32
2026-09-15 01:45:00,LINE_A,SHIFT_C,27.27,2.727,2.727,5.28,2.791
2026-09-15 02:00:00,LINE_A,SHIFT_C,26.72,2.672,2.672,5.591,2.665
2026-09-15 02:15:00,LINE_A,SHIFT_C,28.06,2.806,2.806,5.141,2.43
2026-09-15 02:30:00,LINE_A,SHIFT_C,25.77,2.577,2.577,5.558,2.678
2026-09-15 02:45:00,LINE_A,SHIFT_C,27.73,2.773,2.773,4.814,3.019
2026-09-15 03:00:00,LINE_A,SHIFT_C,24.96,2.496,2.496,5.61,2.425
2026-09-15 03:15:00,LINE_A,SHIFT_C,26.25,2.625,2.625,5.231,2.442
2026-09-15 03:30:00,LINE_A,SHIFT_C,25.76,2.576,2.576,5.618,2.536
2026-09-15 03:45:00,LINE_A,SHIFT_C,25.11,2.511,2.511,5.401,2.615
2026-09-15 04:00:00,LINE_A,SHIFT_C,26.72,2.672,2.672,6.009,2.361
2026-09-15 04:15:00,LINE_A,SHIFT_C,27.23,2.723,2.723,5.13,2.922
2026-09-15 04:30:00,LINE_A,SHIFT_C,27.93,2.793,2.793,5.448,2.487
2026-09-15 04:45:00,LINE_A,SHIFT_C,27.95,2.795,2.795,5.68,2.602
2026-09-15 05:00:00,LINE_A,SHIFT_C,26.22,2.622,2.622,5.665,2.762
2026-09-15 05:15:00,LINE_A,SHIFT_C,26.76,2.676,2.676,5.186,2.669
2026-09-15 05:30:00,LINE_A,SHIFT_C,29.74,2.974,2.974,5.805,2.339
2026-09-15 05:45:00,LINE_A,SHIFT_C,28.16,2.816,2.816,5.183,2.632
2026-09-15 06:00:00,LINE_A,SHIFT_A,36.06,3.606,3.606,6.346,3.318
2026-09-15 06:15:00,LINE_A,SHIFT_A,34.39,3.439,3.439,6.299,3.246
2026-09-15 06:30:00,LINE_A,SHIFT_A,30.97,3.097,3.097,6.641,2.854
2026-09-15 06:45:00,LINE_A,SHIFT_A,33.43,3.343,3.343,6.298,2.921
2026-09-15 07:00:00,LINE_A,SHIFT_A,34.15,3.415,3.415,6.701,2.699
2026-09-15 07:15:00,LINE_A,SHIFT_A,32.3,3.23,3.23,6.678,3.02
2026-09-15 07:30:00,LINE_A,SHIFT_A,33.58,3.358,3.358,6.53,2.998
2026-09-15 07:45:00,LINE_A,SHIFT_A,34.32,3.432,3.432,7.059,2.694
2026-09-15 08:00:00,LINE_A,SHIFT_A,33.91,3.391,3.391,7.104,3.359
2026-09-15 08:15:00,LINE_A,SHIFT_A,33.81,3.381,3.381,7.421,3.191
2026-09-15 08:30:00,LINE_A,SHIFT_A,32.91,3.291,3.291,6.951,3.264
2026-09-15 08:45:00,LINE_A,SHIFT_A,33.41,3.341,3.341,7.173,3.042
2026-09-15 09:00:00,LINE_A,SHIFT_A,34.18,3.418,3.418,6.207,2.983
2026-09-15 09:15:00,LINE_A,SHIFT_A,34.67,3.467,3.467,7.029,3.054
2026-09-15 09:30:00,LINE_A,SHIFT_A,32.98,3.298,3.298,6.95,2.832
2026-09-15 09:45:00,LINE_A,SHIFT_A,33.06,3.306,3.306,6.88,2.873
2026-09-15 10:00:00,LINE_A,SHIFT_A,36.45,3.645,3.645,7.38,2.821
2026-09-15 10:15:00,LINE_A,SHIFT_A,32.91,3.291,3.291,6.776,3.077
2026-09-15 10:30:00,LINE_A,SHIFT_A,33.65,3.365,3.365,7.267,2.97
2026-09-15 10:45:00,LINE_A,SHIFT_A,35.77,3.577,3.577,7.009,2.683
2026-09-15 11:00:00,LINE_A,SHIFT_A,38.61,3.861,3.861,7.037,2.72
2026-09-15 11:15:00,LINE_A,SHIFT_A,37.58,3.758,3.758,7.679,3.106
2026-09-15 11:30:00,LINE_A,SHIFT_A,29.48,2.948,2.948,6.1,2.788
2026-09-15 11:45:00,LINE_A,SHIFT_A,30.62,3.062,3.062,5.453,2.873
2026-09-15 12:00:00,LINE_A,SHIFT_A,34.08,3.408,3.408,6.906,2.859
2026-09-15 12:15:00,LINE_A,SHIFT_A,34.26,3.426,3.426,7.192,2.944
2026-09-15 12:30:00,LINE_A,SHIFT_A,35.85,3.585,3.585,7.827,2.787
2026-09-15 12:45:00,LINE_A,SHIFT_A,35.14,3.514,3.514,7.444,2.634
2026-09-15 13:00:00,LINE_A,SHIFT_A,34.99,3.499,3.499,6.865,2.906
2026-09-15 13:15:00,LINE_A,SHIFT_A,34.4,3.44,3.44,6.808,2.909
2026-09-15 13:30:00,LINE_A,SHIFT_A,37.59,3.759,3.759,7.327,3.061
2026-09-15 13:45:00,LINE_A,SHIFT_A,34.4,3.44,3.44,6.963,2.885
2026-09-15 14:00:00,LINE_A,SHIFT_B,36.24,3.624,3.624,7.942,2.733
2026-09-15 14:15:00,LINE_A,SHIFT_B,38.17,3.817,3.817,7.696,3.134
2026-09-15 14:30:00,LINE_A,SHIFT_B,38.2,3.82,3.82,7.146,3.053
2026-09-15 14:45:00,LINE_A,SHIFT_B,39.01,3.901,3.901,8.099,3.09
2026-09-15 15:00:00,LINE_A,SHIFT_B,37.83,3.783,3.783,7.956,2.796
2026-09-15 15:15:00,LINE_A,SHIFT_B,38.8,3.88,3.88,7.714,2.604
2026-09-15 15:30:00,LINE_A,SHIFT_B,35.18,3.518,3.518,7.284,2.622
2026-09-15 15:45:00,LINE_A,SHIFT_B,36.59,3.659,3.659,7.406,2.69
2026-09-15 16:00:00,LINE_A,SHIFT_B,36.47,3.647,3.647,7.36,2.717
2026-09-15 16:15:00,LINE_A,SHIFT_B,38.59,3.859,3.859,7.309,3.037
2026-09-15 16:30:00,LINE_A,SHIFT_B,36.17,3.617,3.617,7.517,2.892
2026-09-15 16:45:00,LINE_A,SHIFT_B,34.98,3.498,3.498,6.88,2.749
2026-09-15 17:00:00,LINE_A,SHIFT_B,37.27,3.727,3.727,7.078,2.403
2026-09-15 17:15:00,LINE_A,SHIFT_B,36.96,3.696,3.696,7.747,3.22
2026-09-15 17:30:00,LINE_A,SHIFT_B,38.83,3.883,3.883,6.965,2.472
2026-09-15 17:45:00,LINE_A,SHIFT_B,34.49,3.449,3.449,6.977,2.911
2026-09-15 18:00:00,LINE_A,SHIFT_B,37.53,3.753,3.753,7.232,2.985
2026-09-15 18:15:00,LINE_A,SHIFT_B,36.58,3.658,3.658,6.904,2.94
2026-09-15 18:30:00,LINE_A,SHIFT_B,35.85,3.585,3.585,6.759,3.013
2026-09-15 18:45:00,LINE_A,SHIFT_B,35.54,3.554,3.554,6.856,2.704
2026-09-15 19:00:00,LINE_A,SHIFT_B,33.62,3.362,3.362,6.644,3.282
2026-09-15 19:15:00,LINE_A,SHIFT_B,32.78,3.278,3.278,6.861,2.725
2026-09-15 19:30:00,LINE_A,SHIFT_B,35.05,3.505,3.505,7.362,3.011
2026-09-15 19:45:00,LINE_A,SHIFT_B,38.27,3.827,3.827,7.04,2.897
2026-09-15 20:00:00,LINE_A,SHIFT_B,35.94,3.594,3.594,7.604,3.065
2026-09-15 20:15:00,LINE_A,SHIFT_B,34.04,3.404,3.404,7.305,2.839
2026-09-15 20:30:00,LINE_A,SHIFT_B,35.39,3.539,3.539,7.014,3.185
2026-09-15 20:45:00,LINE_A,SHIFT_B,33.88,3.388,3.388,7.011,2.848
2026-09-15 21:00:00,LINE_A,SHIFT_B,35.74,3.574,3.574,7.53,3.4
2026-09-15 21:15:00,LINE_A,SHIFT_B,35.27,3.527,3.527,6.813,3.113
2026-09-15 21:30:00,LINE_A,SHIFT_B,36.05,3.605,3.605,7.586,3.05
2026-09-15 21:45:00,LINE_A,SHIFT_B,36.82,3.682,3.682,7.135,3.095
2026-09-15 22:00:00,LINE_A,SHIFT_C,25.28,2.528,2.528,5.492,2.288
2026-09-15 22:15:00,LINE_A,SHIFT_C,25.78,2.578,2.578,5.073,2.512
2026-09-15 22:30:00,LINE_A,SHIFT_C,24.94,2.494,2.494,5.623,2.645
2026-09-15 22:45:00,LINE_A,SHIFT_C,26.64,2.664,2.664,5.114,2.314
2026-09-15 23:00:00,LINE_A,SHIFT_C,24.02,2.402,2.402,5.003,2.282
2026-09-15 23:15:00,LINE_A,SHIFT_C,26.79,2.679,2.679,5.394,2.284
2026-09-15 23:30:00,LINE_A,SHIFT_C,23.8,2.38,2.38,5.148,2.216
2026-09-15 23:45:00,LINE_A,SHIFT_C,27.91,2.791,2.791,5.619,2.551
2026-09-16 00:00:00,LINE_A,SHIFT_C,27.16,2.716,2.716,5.554,2.75
2026-09-16 00:15:00,LINE_A,SHIFT_C,24.52,2.452,2.452,5.103,2.581
2026-09-16 00:30:00,LINE_A,SHIFT_C,27.26,2.726,2.726,5.609,2.818
2026-09-16 00:45:00,LINE_A,SHIFT_C,27.02,2.702,2.702,5.89,2.566
2026-09-16 01:00:00,LINE_A,SHIFT_C,26.32,2.632,2.632,5.018,2.459
2026-09-16 01:15:00,LINE_A,SHIFT_C,27.41,2.741,2.741,4.825,2.6
2026-09-16 01:30:00,LINE_A,SHIFT_C,26.33,2.633,2.633,5.599,2.125
2026-09-16 01:45:00,LINE_A,SHIFT_C,24.99,2.499,2.499,6.075,2.478
2026-09-16 02:00:00,LINE_A,SHIFT_C,26.64,2.664,2.664,5.45,2.442
2026-09-16 02:15:00,LINE_A,SHIFT_C,25.0,2.5,2.5,5.399,2.499
2026-09-16 02:30:00,LINE_A,SHIFT_C,26.87,2.687,2.687,5.686,2.397
2026-09-16 02:45:00,LINE_A,SHIFT_C,28.45,2.845,2.845,5.683,2.955
2026-09-16 03:00:00,LINE_A,SHIFT_C,27.35,2.735,2.735,5.812,2.519
2026-09-16 03:15:00,LINE_A,SHIFT_C,25.47,2.547,2.547,5.465,2.7
2026-09-16 03:30:00,LINE_A,SHIFT_C,26.91,2.691,2.691,5.549,2.518
2026-09-16 03:45:00,LINE_A,SHIFT_C,26.41,2.641,2.641,5.443,2.389
2026-09-16 04:00:00,LINE_A,SHIFT_C,25.78,2.578,2.578,5.522,2.589
2026-09-16 04:15:00,LINE_A,SHIFT_C,24.52,2.452,2.452,5.522,2.461
2026-09-16 04:30:00,LINE_A,SHIFT_C,26.1,2.61,2.61,5.114,2.085
2026-09-16 04:45:00,LINE_A,SHIFT_C,28.69,2.869,2.869,5.533,2.753
2026-09-16 05:00:00,LINE_A,SHIFT_C,27.29,2.729,2.729,5.401,2.479
2026-09-16 05:15:00,LINE_A,SHIFT_C,25.72,2.572,2.572,5.098,2.672
2026-09-16 05:30:00,LINE_A,SHIFT_C,27.91,2.791,2.791,5.906,2.775
2026-09-16 05:45:00,LINE_A,SHIFT_C,27.3,2.73,2.73,5.716,2.289
2026-09-16 06:00:00,LINE_A,SHIFT_A,35.47,3.547,3.547,6.884,3.269
2026-09-16 06:15:00,LINE_A,SHIFT_A,33.49,3.349,3.349,6.568,3.468
2026-09-16 06:30:00,LINE_A,SHIFT_A,32.24,3.224,3.224,6.633,3.17
2026-09-16 06:45:00,LINE_A,SHIFT_A,30.12,3.012,3.012,6.461,3.429
2026-09-16 07:00:00,LINE_A,SHIFT_A,34.34,3.434,3.434,6.524,3.39
2026-09-16 07:15:00,LINE_A,SHIFT_A,35.4,3.54,3.54,7.483,2.652
2026-09-16 07:30:00,LINE_A,SHIFT_A,33.83,3.383,3.383,7.152,3.037
2026-09-16 07:45:00,LINE_A,SHIFT_A,34.85,3.485,3.485,6.971,3.443
2026-09-16 08:00:00,LINE_A,SHIFT_A,35.47,3.547,3.547,6.65,3.187
2026-09-16 08:15:00,LINE_A,SHIFT_A,36.67,3.667,3.667,6.671,3.107
2026-09-16 08:30:00,LINE_A,SHIFT_A,34.48,3.448,3.448,7.14,3.022
2026-09-16 08:45:00,LINE_A,SHIFT_A,35.46,3.546,3.546,7.242,2.947
2026-09-16 09:00:00,LINE_A,SHIFT_A,37.09,3.709,3.709,6.841,2.523
2026-09-16 09:15:00,LINE_A,SHIFT_A,35.63,3.563,3.563,7.357,3.089
2026-09-16 09:30:00,LINE_A,SHIFT_A,34.99,3.499,3.499,7.323,2.884
2026-09-16 09:45:00,LINE_A,SHIFT_A,32.64,3.264,3.264,6.736,3.389
2026-09-16 10:00:00,LINE_A,SHIFT_A,34.88,3.488,3.488,6.521,3.123
2026-09-16 10:15:00,LINE_A,SHIFT_A,36.33,3.633,3.633,7.186,3.243
2026-09-16 10:30:00,LINE_A,SHIFT_A,32.66,3.266,3.266,7.362,3.208
2026-09-16 10:45:00,LINE_A,SHIFT_A,35.93,3.593,3.593,6.813,2.793
2026-09-16 11:00:00,LINE_A,SHIFT_A,34.71,3.471,3.471,6.911,2.958
2026-09-16 11:15:00,LINE_A,SHIFT_A,38.44,3.844,3.844,7.336,2.943
2026-09-16 11:30:00,LINE_A,SHIFT_A,29.59,2.959,2.959,6.428,3.02
2026-09-16 11:45:00,LINE_A,SHIFT_A,30.34,3.034,3.034,6.53,2.769
2026-09-16 12:00:00,LINE_A,SHIFT_A,35.62,3.562,3.562,7.09,2.826
2026-09-16 12:15:00,LINE_A,SHIFT_A,35.87,3.587,3.587,7.403,2.604
2026-09-16 12:30:00,LINE_A,SHIFT_A,34.69,3.469,3.469,7.049,2.713
2026-09-16 12:45:00,LINE_A,SHIFT_A,36.03,3.603,3.603,7.326,2.593
2026-09-16 13:00:00,LINE_A,SHIFT_A,36.09,3.609,3.609,7.21,3.2
2026-09-16 13:15:00,LINE_A,SHIFT_A,38.38,3.838,3.838,7.039,2.699
2026-09-16 13:30:00,LINE_A,SHIFT_A,36.27,3.627,3.627,6.958,3.214
2026-09-16 13:45:00,LINE_A,SHIFT_A,36.09,3.609,3.609,7.366,2.832
2026-09-16 14:00:00,LINE_A,SHIFT_B,38.25,3.825,3.825,7.631,3.096
2026-09-16 14:15:00,LINE_A,SHIFT_B,37.08,3.708,3.708,7.599,2.983
2026-09-16 14:30:00,LINE_A,SHIFT_B,38.34,3.834,3.834,7.611,2.918
2026-09-16 14:45:00,LINE_A,SHIFT_B,39.27,3.927,3.927,7.36,2.83
2026-09-16 15:00:00,LINE_A,SHIFT_B,37.18,3.718,3.718,7.733,2.667
2026-09-16 15:15:00,LINE_A,SHIFT_B,37.59,3.759,3.759,7.884,3.007
2026-09-16 15:30:00,LINE_A,SHIFT_B,39.27,3.927,3.927,7.682,2.424
2026-09-16 15:45:00,LINE_A,SHIFT_B,39.55,3.955,3.955,7.384,3.205
2026-09-16 16:00:00,LINE_A,SHIFT_B,35.11,3.511,3.511,7.081,2.657
2026-09-16 16:15:00,LINE_A,SHIFT_B,35.51,3.551,3.551,7.748,2.915
2026-09-16 16:30:00,LINE_A,SHIFT_B,37.35,3.735,3.735,7.064,2.658
2026-09-16 16:45:00,LINE_A,SHIFT_B,37.19,3.719,3.719,7.363,2.83
2026-09-16 17:00:00,LINE_A,SHIFT_B,36.59,3.659,3.659,7.418,2.926
2026-09-16 17:15:00,LINE_A,SHIFT_B,37.21,3.721,3.721,7.192,2.867
2026-09-16 17:30:00,LINE_A,SHIFT_B,36.64,3.664,3.664,7.533,2.996
2026-09-16 17:45:00,LINE_A,SHIFT_B,34.8,3.48,3.48,7.173,2.874
2026-09-16 18:00:00,LINE_A,SHIFT_B,36.84,3.684,3.684,7.611,2.511
2026-09-16 18:15:00,LINE_A,SHIFT_B,37.99,3.799,3.799,6.796,2.72
2026-09-16 18:30:00,LINE_A,SHIFT_B,36.77,3.677,3.677,7.265,2.885
2026-09-16 18:45:00,LINE_A,SHIFT_B,35.82,3.582,3.582,7.892,2.749
2026-09-16 19:00:00,LINE_A,SHIFT_B,30.43,3.043,3.043,6.272,2.681
2026-09-16 19:15:00,LINE_A,SHIFT_B,30.72,3.072,3.072,6.323,2.904
2026-09-16 19:30:00,LINE_A,SHIFT_B,34.13,3.413,3.413,7.343,2.938
2026-09-16 19:45:00,LINE_A,SHIFT_B,35.34,3.534,3.534,7.538,2.722
2026-09-16 20:00:00,LINE_A,SHIFT_B,34.68,3.468,3.468,7.189,2.952
2026-09-16 20:15:00,LINE_A,SHIFT_B,35.26,3.526,3.526,7.235,2.814
2026-09-16 20:30:00,LINE_A,SHIFT_B,34.18,3.418,3.418,7.026,3.206
2026-09-16 20:45:00,LINE_A,SHIFT_B,34.79,3.479,3.479,7.517,3.156
2026-09-16 21:00:00,LINE_A,SHIFT_B,33.48,3.348,3.348,6.743,2.908
2026-09-16 21:15:00,LINE_A,SHIFT_B,33.43,3.343,3.343,7.167,2.786
2026-09-16 21:30:00,LINE_A,SHIFT_B,34.65,3.465,3.465,7.396,3.123
2026-09-16 21:45:00,LINE_A,SHIFT_B,35.84,3.584,3.584,6.497,2.755
2026-09-16 22:00:00,LINE_A,SHIFT_C,25.67,2.567,2.567,5.307,2.358
2026-09-16 22:15:00,LINE_A,SHIFT_C,26.36,2.636,2.636,5.693,2.194
2026-09-16 22:30:00,LINE_A,SHIFT_C,25.81,2.581,2.581,5.578,2.395
2026-09-16 22:45:00,LINE_A,SHIFT_C,25.87,2.587,2.587,6.191,2.655
2026-09-16 23:00:00,LINE_A,SHIFT_C,28.28,2.828,2.828,5.624,2.347
2026-09-16 23:15:00,LINE_A,SHIFT_C,27.06,2.706,2.706,5.43,2.24
2026-09-16 23:30:00,LINE_A,SHIFT_C,26.83,2.683,2.683,5.194,2.59
2026-09-16 23:45:00,LINE_A,SHIFT_C,24.01,2.401,2.401,4.833,2.887
2026-09-17 00:00:00,LINE_A,SHIFT_C,24.78,2.478,2.478,5.465,2.623
2026-09-17 00:15:00,LINE_A,SHIFT_C,26.68,2.668,2.668,5.051,2.632
2026-09-17 00:30:00,LINE_A,SHIFT_C,29.22,2.922,2.922,5.404,2.485
2026-09-17 00:45:00,LINE_A,SHIFT_C,28.26,2.826,2.826,5.212,2.523
2026-09-17 01:00:00,LINE_A,SHIFT_C,24.19,2.419,2.419,5.364,2.839
2026-09-17 01:15:00,LINE_A,SHIFT_C,30.13,3.013,3.013,5.191,2.619
2026-09-17 01:30:00,LINE_A,SHIFT_C,26.9,2.69,2.69,5.338,2.516
2026-09-17 01:45:00,LINE_A,SHIFT_C,24.32,2.432,2.432,5.866,2.941
2026-09-17 02:00:00,LINE_A,SHIFT_C,25.35,2.535,2.535,5.118,2.616
2026-09-17 02:15:00,LINE_A,SHIFT_C,27.24,2.724,2.724,5.831,2.219
2026-09-17 02:30:00,LINE_A,SHIFT_C,26.04,2.604,2.604,4.695,2.867
2026-09-17 02:45:00,LINE_A,SHIFT_C,27.03,2.703,2.703,6.106,2.544
2026-09-17 03:00:00,LINE_A,SHIFT_C,27.16,2.716,2.716,5.245,2.848
2026-09-17 03:15:00,LINE_A,SHIFT_C,28.37,2.837,2.837,5.52,2.3
2026-09-17 03:30:00,LINE_A,SHIFT_C,26.3,2.63,2.63,4.633,2.645
2026-09-17 03:45:00,LINE_A,SHIFT_C,26.96,2.696,2.696,5.294,2.783
2026-09-17 04:00:00,LINE_A,SHIFT_C,27.94,2.794,2.794,5.123,2.73
2026-09-17 04:15:00,LINE_A,SHIFT_C,27.13,2.713,2.713,5.579,1.947
2026-09-17 04:30:00,LINE_A,SHIFT_C,28.58,2.858,2.858,5.242,2.222
2026-09-17 04:45:00,LINE_A,SHIFT_C,26.59,2.659,2.659,5.462,2.996
2026-09-17 05:00:00,LINE_A,SHIFT_C,29.28,2.928,2.928,5.549,2.406
2026-09-17 05:15:00,LINE_A,SHIFT_C,28.86,2.886,2.886,5.91,2.251
2026-09-17 05:30:00,LINE_A,SHIFT_C,29.99,2.999,2.999,5.096,2.527
2026-09-17 05:45:00,LINE_A,SHIFT_C,30.81,3.081,3.081,5.199,3.188
2026-09-17 06:00:00,LINE_A,SHIFT_A,33.0,3.3,3.3,6.412,3.353
2026-09-17 06:15:00,LINE_A,SHIFT_A,33.52,3.352,3.352,7.131,2.925
2026-09-17 06:30:00,LINE_A,SHIFT_A,34.69,3.469,3.469,6.885,2.943
2026-09-17 06:45:00,LINE_A,SHIFT_A,33.53,3.353,3.353,6.913,3.037
2026-09-17 07:00:00,LINE_A,SHIFT_A,34.74,3.474,3.474,7.292,3.46
2026-09-17 07:15:00,LINE_A,SHIFT_A,33.86,3.386,3.386,6.851,3.013
2026-09-17 07:30:00,LINE_A,SHIFT_A,35.08,3.508,3.508,6.246,3.288
2026-09-17 07:45:00,LINE_A,SHIFT_A,33.86,3.386,3.386,6.59,2.554
2026-09-17 08:00:00,LINE_A,SHIFT_A,33.03,3.303,3.303,6.632,3.389
2026-09-17 08:15:00,LINE_A,SHIFT_A,35.44,3.544,3.544,6.625,3.208
2026-09-17 08:30:00,LINE_A,SHIFT_A,34.83,3.483,3.483,7.068,2.794
2026-09-17 08:45:00,LINE_A,SHIFT_A,35.84,3.584,3.584,7.326,3.186
2026-09-17 09:00:00,LINE_A,SHIFT_A,34.06,3.406,3.406,7.101,2.722
2026-09-17 09:15:00,LINE_A,SHIFT_A,36.6,3.66,3.66,7.01,3.502
2026-09-17 09:30:00,LINE_A,SHIFT_A,32.57,3.257,3.257,6.703,2.83
2026-09-17 09:45:00,LINE_A,SHIFT_A,35.32,3.532,3.532,6.943,3.114
2026-09-17 10:00:00,LINE_A,SHIFT_A,36.74,3.674,3.674,6.84,2.98
2026-09-17 10:15:00,LINE_A,SHIFT_A,36.46,3.646,3.646,7.301,2.424
2026-09-17 10:30:00,LINE_A,SHIFT_A,36.83,3.683,3.683,7.575,2.69
2026-09-17 10:45:00,LINE_A,SHIFT_A,33.58,3.358,3.358,6.778,3.028
2026-09-17 11:00:00,LINE_A,SHIFT_A,34.95,3.495,3.495,6.668,2.644
2026-09-17 11:15:00,LINE_A,SHIFT_A,36.88,3.688,3.688,6.685,3.085
2026-09-17 11:30:00,LINE_A,SHIFT_A,29.5,2.95,2.95,6.635,2.908
2026-09-17 11:45:00,LINE_A,SHIFT_A,31.24,3.124,3.124,5.86,2.922
2026-09-17 12:00:00,LINE_A,SHIFT_A,32.13,3.213,3.213,7.29,3.047
2026-09-17 12:15:00,LINE_A,SHIFT_A,37.59,3.759,3.759,7.417,2.918
2026-09-17 12:30:00,LINE_A,SHIFT_A,35.66,3.566,3.566,7.648,2.697
2026-09-17 12:45:00,LINE_A,SHIFT_A,35.25,3.525,3.525,7.021,2.975
2026-09-17 13:00:00,LINE_A,SHIFT_A,37.55,3.755,3.755,6.755,2.787
2026-09-17 13:15:00,LINE_A,SHIFT_A,35.98,3.598,3.598,7.783,3.355
2026-09-17 13:30:00,LINE_A,SHIFT_A,34.72,3.472,3.472,7.368,2.615
2026-09-17 13:45:00,LINE_A,SHIFT_A,36.45,3.645,3.645,7.328,2.662
2026-09-17 14:00:00,LINE_A,SHIFT_B,37.92,3.792,3.792,7.2,2.841
2026-09-17 14:15:00,LINE_A,SHIFT_B,35.36,3.536,3.536,7.751,2.881
2026-09-17 14:30:00,LINE_A,SHIFT_B,36.18,3.618,3.618,7.109,2.823
2026-09-17 14:45:00,LINE_A,SHIFT_B,37.43,3.743,3.743,7.951,3.189
2026-09-17 15:00:00,LINE_A,SHIFT_B,36.31,3.631,3.631,7.695,2.898
2026-09-17 15:15:00,LINE_A,SHIFT_B,35.82,3.582,3.582,7.309,2.98
2026-09-17 15:30:00,LINE_A,SHIFT_B,36.81,3.681,3.681,6.997,2.695
2026-09-17 15:45:00,LINE_A,SHIFT_B,36.58,3.658,3.658,7.646,2.994
2026-09-17 16:00:00,LINE_A,SHIFT_B,36.98,3.698,3.698,7.286,2.87
2026-09-17 16:15:00,LINE_A,SHIFT_B,35.52,3.552,3.552,7.801,2.958
2026-09-17 16:30:00,LINE_A,SHIFT_B,37.53,3.753,3.753,7.487,2.992
2026-09-17 16:45:00,LINE_A,SHIFT_B,38.31,3.831,3.831,7.59,2.605
2026-09-17 17:00:00,LINE_A,SHIFT_B,36.91,3.691,3.691,7.299,2.784
2026-09-17 17:15:00,LINE_A,SHIFT_B,35.39,3.539,3.539,7.067,2.476
2026-09-17 17:30:00,LINE_A,SHIFT_B,36.55,3.655,3.655,7.25,2.589
2026-09-17 17:45:00,LINE_A,SHIFT_B,35.69,3.569,3.569,7.251,2.66
2026-09-17 18:00:00,LINE_A,SHIFT_B,36.72,3.672,3.672,7.175,2.546
2026-09-17 18:15:00,LINE_A,SHIFT_B,36.58,3.658,3.658,7.345,2.944
2026-09-17 18:30:00,LINE_A,SHIFT_B,36.22,3.622,3.622,7.213,2.798
2026-09-17 18:45:00,LINE_A,SHIFT_B,37.95,3.795,3.795,7.259,2.661
2026-09-17 19:00:00,LINE_A,SHIFT_B,32.08,3.208,3.208,6.295,2.379
2026-09-17 19:15:00,LINE_A,SHIFT_B,32.86,3.286,3.286,6.587,2.949
2026-09-17 19:30:00,LINE_A,SHIFT_B,37.34,3.734,3.734,7.59,2.561
2026-09-17 19:45:00,LINE_A,SHIFT_B,33.14,3.314,3.314,7.244,3.076
2026-09-17 20:00:00,LINE_A,SHIFT_B,38.04,3.804,3.804,7.078,3.362
2026-09-17 20:15:00,LINE_A,SHIFT_B,34.43,3.443,3.443,7.424,2.89
2026-09-17 20:30:00,LINE_A,SHIFT_B,37.03,3.703,3.703,6.683,2.509
2026-09-17 20:45:00,LINE_A,SHIFT_B,35.3,3.53,3.53,7.236,2.956
2026-09-17 21:00:00,LINE_A,SHIFT_B,36.43,3.643,3.643,6.48,2.94
2026-09-17 21:15:00,LINE_A,SHIFT_B,34.82,3.482,3.482,7.007,2.877
2026-09-17 21:30:00,LINE_A,SHIFT_B,37.24,3.724,3.724,6.691,2.934
2026-09-17 21:45:00,LINE_A,SHIFT_B,34.2,3.42,3.42,6.97,2.658
2026-09-17 22:00:00,LINE_A,SHIFT_C,28.72,2.872,2.872,5.521,2.115
2026-09-17 22:15:00,LINE_A,SHIFT_C,29.23,2.923,2.923,6.049,2.26
2026-09-17 22:30:00,LINE_A,SHIFT_C,26.97,2.697,2.697,5.042,2.097
2026-09-17 22:45:00,LINE_A,SHIFT_C,27.78,2.778,2.778,5.356,2.438
2026-09-17 23:00:00,LINE_A,SHIFT_C,27.67,2.767,2.767,5.271,2.485
2026-09-17 23:15:00,LINE_A,SHIFT_C,27.27,2.727,2.727,5.331,2.696
2026-09-17 23:30:00,LINE_A,SHIFT_C,26.07,2.607,2.607,4.78,2.354
2026-09-17 23:45:00,LINE_A,SHIFT_C,27.18,2.718,2.718,5.556,2.261
2026-09-18 00:00:00,LINE_A,SHIFT_C,28.07,2.807,2.807,4.733,2.442
2026-09-18 00:15:00,LINE_A,SHIFT_C,28.39,2.839,2.839,5.501,3.024
2026-09-18 00:30:00,LINE_A,SHIFT_C,26.44,2.644,2.644,5.101,2.354
2026-09-18 00:45:00,LINE_A,SHIFT_C,23.15,2.315,2.315,5.424,2.566
2026-09-18 01:00:00,LINE_A,SHIFT_C,27.15,2.715,2.715,5.623,2.322
2026-09-18 01:15:00,LINE_A,SHIFT_C,25.79,2.579,2.579,5.075,2.663
2026-09-18 01:30:00,LINE_A,SHIFT_C,26.0,2.6,2.6,5.055,2.822
2026-09-18 01:45:00,LINE_A,SHIFT_C,29.19,2.919,2.919,5.558,2.825
2026-09-18 02:00:00,LINE_A,SHIFT_C,26.06,2.606,2.606,5.598,2.61
2026-09-18 02:15:00,LINE_A,SHIFT_C,25.92,2.592,2.592,5.306,2.754
2026-09-18 02:30:00,LINE_A,SHIFT_C,26.48,2.648,2.648,5.128,2.384
2026-09-18 02:45:00,LINE_A,SHIFT_C,27.17,2.717,2.717,5.461,2.599
2026-09-18 03:00:00,LINE_A,SHIFT_C,23.73,2.373,2.373,5.368,2.55
2026-09-18 03:15:00,LINE_A,SHIFT_C,26.21,2.621,2.621,5.633,2.573
2026-09-18 03:30:00,LINE_A,SHIFT_C,26.94,2.694,2.694,4.551,2.787
2026-09-18 03:45:00,LINE_A,SHIFT_C,26.91,2.691,2.691,4.935,2.76
2026-09-18 04:00:00,LINE_A,SHIFT_C,29.68,2.968,2.968,5.89,2.615
2026-09-18 04:15:00,LINE_A,SHIFT_C,25.66,2.566,2.566,4.899,2.826
2026-09-18 04:30:00,LINE_A,SHIFT_C,26.42,2.642,2.642,5.103,2.914
2026-09-18 04:45:00,LINE_A,SHIFT_C,27.51,2.751,2.751,5.253,2.663
2026-09-18 05:00:00,LINE_A,SHIFT_C,29.29,2.929,2.929,5.341,2.477
2026-09-18 05:15:00,LINE_A,SHIFT_C,29.27,2.927,2.927,5.719,2.786
2026-09-18 05:30:00,LINE_A,SHIFT_C,27.98,2.798,2.798,5.506,2.327
2026-09-18 05:45:00,LINE_A,SHIFT_C,29.12,2.912,2.912,5.924,2.615
2026-09-18 06:00:00,LINE_A,SHIFT_A,33.14,3.314,3.314,6.367,3.059
2026-09-18 06:15:00,LINE_A,SHIFT_A,31.69,3.169,3.169,7.024,3.096
2026-09-18 06:30:00,LINE_A,SHIFT_A,33.66,3.366,3.366,6.237,3.344
2026-09-18 06:45:00,LINE_A,SHIFT_A,34.86,3.486,3.486,5.802,2.729
2026-09-18 07:00:00,LINE_A,SHIFT_A,33.49,3.349,3.349,7.129,3.364
2026-09-18 07:15:00,LINE_A,SHIFT_A,33.43,3.343,3.343,6.657,3.292
2026-09-18 07:30:00,LINE_A,SHIFT_A,35.05,3.505,3.505,6.015,3.375
2026-09-18 07:45:00,LINE_A,SHIFT_A,33.11,3.311,3.311,6.46,3.159
2026-09-18 08:00:00,LINE_A,SHIFT_A,35.91,3.591,3.591,6.557,2.752
2026-09-18 08:15:00,LINE_A,SHIFT_A,34.67,3.467,3.467,6.548,2.981
2026-09-18 08:30:00,LINE_A,SHIFT_A,34.63,3.463,3.463,7.156,2.85
2026-09-18 08:45:00,LINE_A,SHIFT_A,34.78,3.478,3.478,7.044,2.989
2026-09-18 09:00:00,LINE_A,SHIFT_A,35.42,3.542,3.542,7.373,2.922
2026-09-18 09:15:00,LINE_A,SHIFT_A,36.22,3.622,3.622,6.575,3.297
2026-09-18 09:30:00,LINE_A,SHIFT_A,33.24,3.324,3.324,6.865,3.258
2026-09-18 09:45:00,LINE_A,SHIFT_A,34.16,3.416,3.416,7.074,3.231
2026-09-18 10:00:00,LINE_A,SHIFT_A,34.47,3.447,3.447,6.959,2.897
2026-09-18 10:15:00,LINE_A,SHIFT_A,34.01,3.401,3.401,7.009,3.307
2026-09-18 10:30:00,LINE_A,SHIFT_A,35.06,3.506,3.506,8.104,3.016
2026-09-18 10:45:00,LINE_A,SHIFT_A,33.69,3.369,3.369,6.865,3.314
2026-09-18 11:00:00,LINE_A,SHIFT_A,34.36,3.436,3.436,6.9,3.001
2026-09-18 11:15:00,LINE_A,SHIFT_A,34.65,3.465,3.465,7.02,2.988
2026-09-18 11:30:00,LINE_A,SHIFT_A,31.51,3.151,3.151,6.456,2.845
2026-09-18 11:45:00,LINE_A,SHIFT_A,32.15,3.215,3.215,6.475,2.754
2026-09-18 12:00:00,LINE_A,SHIFT_A,36.28,3.628,3.628,7.552,2.578
2026-09-18 12:15:00,LINE_A,SHIFT_A,35.65,3.565,3.565,6.58,2.682
2026-09-18 12:30:00,LINE_A,SHIFT_A,34.49,3.449,3.449,6.978,2.629
2026-09-18 12:45:00,LINE_A,SHIFT_A,33.88,3.388,3.388,7.48,3.026
2026-09-18 13:00:00,LINE_A,SHIFT_A,35.25,3.525,3.525,7.212,2.668
2026-09-18 13:15:00,LINE_A,SHIFT_A,36.33,3.633,3.633,7.745,2.817
2026-09-18 13:30:00,LINE_A,SHIFT_A,33.84,3.384,3.384,6.598,2.789
2026-09-18 13:45:00,LINE_A,SHIFT_A,36.37,3.637,3.637,6.742,3.237
2026-09-18 14:00:00,LINE_A,SHIFT_B,40.84,4.084,4.084,7.051,2.687
2026-09-18 14:15:00,LINE_A,SHIFT_B,38.63,3.863,3.863,7.953,2.883
2026-09-18 14:30:00,LINE_A,SHIFT_B,35.8,3.58,3.58,7.543,2.873
2026-09-18 14:45:00,LINE_A,SHIFT_B,38.69,3.869,3.869,8.108,2.899
2026-09-18 15:00:00,LINE_A,SHIFT_B,37.02,3.702,3.702,6.975,2.342
2026-09-18 15:15:00,LINE_A,SHIFT_B,38.56,3.856,3.856,7.326,2.594
2026-09-18 15:30:00,LINE_A,SHIFT_B,39.24,3.924,3.924,6.729,2.73
2026-09-18 15:45:00,LINE_A,SHIFT_B,39.05,3.905,3.905,7.754,2.476
2026-09-18 16:00:00,LINE_A,SHIFT_B,35.44,3.544,3.544,8.339,2.483
2026-09-18 16:15:00,LINE_A,SHIFT_B,36.9,3.69,3.69,7.329,2.644
2026-09-18 16:30:00,LINE_A,SHIFT_B,38.25,3.825,3.825,7.694,2.62
2026-09-18 16:45:00,LINE_A,SHIFT_B,38.26,3.826,3.826,7.275,2.884
2026-09-18 17:00:00,LINE_A,SHIFT_B,35.97,3.597,3.597,6.796,2.698
2026-09-18 17:15:00,LINE_A,SHIFT_B,37.79,3.779,3.779,7.468,2.848
2026-09-18 17:30:00,LINE_A,SHIFT_B,36.81,3.681,3.681,7.528,2.924
2026-09-18 17:45:00,LINE_A,SHIFT_B,36.92,3.692,3.692,7.239,2.71
2026-09-18 18:00:00,LINE_A,SHIFT_B,38.4,3.84,3.84,7.424,2.755
2026-09-18 18:15:00,LINE_A,SHIFT_B,36.34,3.634,3.634,7.205,2.483
2026-09-18 18:30:00,LINE_A,SHIFT_B,37.85,3.785,3.785,7.052,2.872
2026-09-18 18:45:00,LINE_A,SHIFT_B,35.5,3.55,3.55,7.693,2.739
2026-09-18 19:00:00,LINE_A,SHIFT_B,32.26,3.226,3.226,6.233,2.75
2026-09-18 19:15:00,LINE_A,SHIFT_B,33.27,3.327,3.327,6.108,3.189
2026-09-18 19:30:00,LINE_A,SHIFT_B,35.06,3.506,3.506,6.967,2.712
2026-09-18 19:45:00,LINE_A,SHIFT_B,33.17,3.317,3.317,7.312,2.967
2026-09-18 20:00:00,LINE_A,SHIFT_B,35.33,3.533,3.533,7.748,3.031
2026-09-18 20:15:00,LINE_A,SHIFT_B,35.78,3.578,3.578,6.779,3.025
2026-09-18 20:30:00,LINE_A,SHIFT_B,33.81,3.381,3.381,7.302,2.607
2026-09-18 20:45:00,LINE_A,SHIFT_B,35.81,3.581,3.581,7.267,2.973
2026-09-18 21:00:00,LINE_A,SHIFT_B,33.6,3.36,3.36,6.764,3.206
2026-09-18 21:15:00,LINE_A,SHIFT_B,34.45,3.445,3.445,7.026,3.147
2026-09-18 21:30:00,LINE_A,SHIFT_B,34.8,3.48,3.48,7.288,3.221
2026-09-18 21:45:00,LINE_A,SHIFT_B,35.29,3.529,3.529,6.808,3.092
2026-09-18 22:00:00,LINE_A,SHIFT_C,28.75,2.875,2.875,5.744,2.728
2026-09-18 22:15:00,LINE_A,SHIFT_C,25.98,2.598,2.598,5.301,2.487
2026-09-18 22:30:00,LINE_A,SHIFT_C,26.97,2.697,2.697,5.626,2.764
2026-09-18 22:45:00,LINE_A,SHIFT_C,24.55,2.455,2.455,5.258,2.477
2026-09-18 23:00:00,LINE_A,SHIFT_C,26.85,2.685,2.685,5.165,2.227
2026-09-18 23:15:00,LINE_A,SHIFT_C,26.79,2.679,2.679,5.376,2.67
2026-09-18 23:30:00,LINE_A,SHIFT_C,26.14,2.614,2.614,5.541,2.291
2026-09-18 23:45:00,LINE_A,SHIFT_C,25.74,2.574,2.574,4.875,2.681
2026-09-19 00:00:00,LINE_A,SHIFT_C,21.02,2.102,2.102,4.915,2.181
2026-09-19 00:15:00,LINE_A,SHIFT_C,21.94,2.194,2.194,4.459,2.036
2026-09-19 00:30:00,LINE_A,SHIFT_C,20.06,2.006,2.006,4.125,2.029
2026-09-19 00:45:00,LINE_A,SHIFT_C,19.41,1.941,1.941,4.799,2.259
2026-09-19 01:00:00,LINE_A,SHIFT_C,21.52,2.152,2.152,4.198,2.374
2026-09-19 01:15:00,LINE_A,SHIFT_C,19.22,1.922,1.922,4.314,2.234
2026-09-19 01:30:00,LINE_A,SHIFT_C,24.84,2.484,2.484,4.402,2.272
2026-09-19 01:45:00,LINE_A,SHIFT_C,20.53,2.053,2.053,3.738,2.336
2026-09-19 02:00:00,LINE_A,SHIFT_C,24.59,2.459,2.459,4.524,2.014
2026-09-19 02:15:00,LINE_A,SHIFT_C,21.56,2.156,2.156,4.943,2.368
2026-09-19 02:30:00,LINE_A,SHIFT_C,22.54,2.254,2.254,4.032,2.287
2026-09-19 02:45:00,LINE_A,SHIFT_C,19.3,1.93,1.93,4.589,2.372
2026-09-19 03:00:00,LINE_A,SHIFT_C,24.25,2.425,2.425,3.907,2.533
2026-09-19 03:15:00,LINE_A,SHIFT_C,23.79,2.379,2.379,3.94,2.231
2026-09-19 03:30:00,LINE_A,SHIFT_C,22.33,2.233,2.233,4.148,2.117
2026-09-19 03:45:00,LINE_A,SHIFT_C,21.52,2.152,2.152,4.418,1.763
2026-09-19 04:00:00,LINE_A,SHIFT_C,21.51,2.151,2.151,4.544,1.877
2026-09-19 04:15:00,LINE_A,SHIFT_C,22.21,2.221,2.221,5.257,1.97
2026-09-19 04:30:00,LINE_A,SHIFT_C,22.43,2.243,2.243,4.364,2.037
2026-09-19 04:45:00,LINE_A,SHIFT_C,23.25,2.325,2.325,4.051,2.178
2026-09-19 05:00:00,LINE_A,SHIFT_C,23.61,2.361,2.361,4.671,2.259
2026-09-19 05:15:00,LINE_A,SHIFT_C,23.23,2.323,2.323,5.162,2.393
2026-09-19 05:30:00,LINE_A,SHIFT_C,22.12,2.212,2.212,4.456,2.056
2026-09-19 05:45:00,LINE_A,SHIFT_C,22.77,2.277,2.277,4.207,1.983
2026-09-19 06:00:00,LINE_A,SHIFT_A,28.36,2.836,2.836,5.286,2.961
2026-09-19 06:15:00,LINE_A,SHIFT_A,25.84,2.584,2.584,5.14,2.872
2026-09-19 06:30:00,LINE_A,SHIFT_A,27.53,2.753,2.753,5.318,2.398
2026-09-19 06:45:00,LINE_A,SHIFT_A,29.69,2.969,2.969,5.834,2.76
2026-09-19 07:00:00,LINE_A,SHIFT_A,26.76,2.676,2.676,5.437,3.031
2026-09-19 07:15:00,LINE_A,SHIFT_A,27.36,2.736,2.736,5.124,3.035
2026-09-19 07:30:00,LINE_A,SHIFT_A,26.93,2.693,2.693,5.124,2.603
2026-09-19 07:45:00,LINE_A,SHIFT_A,27.87,2.787,2.787,5.638,2.981
2026-09-19 08:00:00,LINE_A,SHIFT_A,29.14,2.914,2.914,6.17,2.651
2026-09-19 08:15:00,LINE_A,SHIFT_A,29.52,2.952,2.952,5.869,2.691
2026-09-19 08:30:00,LINE_A,SHIFT_A,25.88,2.588,2.588,5.393,2.44
2026-09-19 08:45:00,LINE_A,SHIFT_A,27.22,2.722,2.722,5.624,2.568
2026-09-19 09:00:00,LINE_A,SHIFT_A,28.61,2.861,2.861,5.852,2.599
2026-09-19 09:15:00,LINE_A,SHIFT_A,28.73,2.873,2.873,6.356,2.467
2026-09-19 09:30:00,LINE_A,SHIFT_A,29.37,2.937,2.937,5.903,2.582
2026-09-19 09:45:00,LINE_A,SHIFT_A,28.55,2.855,2.855,6.172,2.635
2026-09-19 10:00:00,LINE_A,SHIFT_A,31.4,3.14,3.14,6.423,2.085
2026-09-19 10:15:00,LINE_A,SHIFT_A,28.3,2.83,2.83,5.474,2.124
2026-09-19 10:30:00,LINE_A,SHIFT_A,24.98,2.498,2.498,5.735,2.882
2026-09-19 10:45:00,LINE_A,SHIFT_A,28.38,2.838,2.838,6.119,2.274
2026-09-19 11:00:00,LINE_A,SHIFT_A,27.74,2.774,2.774,5.528,2.422
2026-09-19 11:15:00,LINE_A,SHIFT_A,29.95,2.995,2.995,5.865,2.365
2026-09-19 11:30:00,LINE_A,SHIFT_A,28.11,2.811,2.811,5.718,2.458
2026-09-19 11:45:00,LINE_A,SHIFT_A,24.79,2.479,2.479,4.411,2.239
2026-09-19 12:00:00,LINE_A,SHIFT_A,29.3,2.93,2.93,6.165,2.055
2026-09-19 12:15:00,LINE_A,SHIFT_A,29.86,2.986,2.986,4.87,2.102
2026-09-19 12:30:00,LINE_A,SHIFT_A,31.4,3.14,3.14,5.442,2.002
2026-09-19 12:45:00,LINE_A,SHIFT_A,27.07,2.707,2.707,5.844,2.625
2026-09-19 13:00:00,LINE_A,SHIFT_A,31.59,3.159,3.159,6.144,1.981
2026-09-19 13:15:00,LINE_A,SHIFT_A,29.98,2.998,2.998,5.611,2.502
2026-09-19 13:30:00,LINE_A,SHIFT_A,27.99,2.799,2.799,5.689,2.528
2026-09-19 13:45:00,LINE_A,SHIFT_A,29.23,2.923,2.923,6.072,2.339
2026-09-19 14:00:00,LINE_A,SHIFT_B,32.24,3.224,3.224,6.395,2.472
2026-09-19 14:15:00,LINE_A,SHIFT_B,32.45,3.245,3.245,5.469,2.415
2026-09-19 14:30:00,LINE_A,SHIFT_B,31.92,3.192,3.192,5.608,2.121
2026-09-19 14:45:00,LINE_A,SHIFT_B,34.0,3.4,3.4,6.124,2.625
2026-09-19 15:00:00,LINE_A,SHIFT_B,28.35,2.835,2.835,6.623,2.638
2026-09-19 15:15:00,LINE_A,SHIFT_B,30.1,3.01,3.01,5.794,2.04
2026-09-19 15:30:00,LINE_A,SHIFT_B,31.04,3.104,3.104,6.05,1.979
2026-09-19 15:45:00,LINE_A,SHIFT_B,31.84,3.184,3.184,5.719,2.144
2026-09-19 16:00:00,LINE_A,SHIFT_B,29.7,2.97,2.97,6.276,2.325
2026-09-19 16:15:00,LINE_A,SHIFT_B,32.42,3.242,3.242,5.848,2.593
2026-09-19 16:30:00,LINE_A,SHIFT_B,28.23,2.823,2.823,6.039,2.37
2026-09-19 16:45:00,LINE_A,SHIFT_B,31.07,3.107,3.107,5.997,2.11
2026-09-19 17:00:00,LINE_A,SHIFT_B,29.83,2.983,2.983,6.199,2.221
2026-09-19 17:15:00,LINE_A,SHIFT_B,28.52,2.852,2.852,5.91,2.375
2026-09-19 17:30:00,LINE_A,SHIFT_B,30.52,3.052,3.052,6.026,2.52
2026-09-19 17:45:00,LINE_A,SHIFT_B,29.38,2.938,2.938,5.608,2.129
2026-09-19 18:00:00,LINE_A,SHIFT_B,29.61,2.961,2.961,6.202,1.771
2026-09-19 18:15:00,LINE_A,SHIFT_B,28.35,2.835,2.835,5.372,2.265
2026-09-19 18:30:00,LINE_A,SHIFT_B,27.25,2.725,2.725,5.276,2.155
2026-09-19 18:45:00,LINE_A,SHIFT_B,29.88,2.988,2.988,5.484,2.987
2026-09-19 19:00:00,LINE_A,SHIFT_B,25.35,2.535,2.535,4.921,2.506
2026-09-19 19:15:00,LINE_A,SHIFT_B,24.61,2.461,2.461,5.264,2.52
2026-09-19 19:30:00,LINE_A,SHIFT_B,28.85,2.885,2.885,6.334,2.452
2026-09-19 19:45:00,LINE_A,SHIFT_B,29.64,2.964,2.964,5.704,2.026
2026-09-19 20:00:00,LINE_A,SHIFT_B,28.87,2.887,2.887,6.257,2.636
2026-09-19 20:15:00,LINE_A,SHIFT_B,28.8,2.88,2.88,6.275,2.689
2026-09-19 20:30:00,LINE_A,SHIFT_B,30.7,3.07,3.07,5.257,2.523
2026-09-19 20:45:00,LINE_A,SHIFT_B,31.13,3.113,3.113,5.928,2.465
2026-09-19 21:00:00,LINE_A,SHIFT_B,32.06,3.206,3.206,5.674,2.592
2026-09-19 21:15:00,LINE_A,SHIFT_B,28.71,2.871,2.871,4.788,3.066
2026-09-19 21:30:00,LINE_A,SHIFT_B,29.97,2.997,2.997,5.225,2.495
2026-09-19 21:45:00,LINE_A,SHIFT_B,29.44,2.944,2.944,5.774,2.879
2026-09-19 22:00:00,LINE_A,SHIFT_C,19.24,1.924,1.924,4.191,2.493
2026-09-19 22:15:00,LINE_A,SHIFT_C,21.52,2.152,2.152,3.874,2.042
2026-09-19 22:30:00,LINE_A,SHIFT_C,22.32,2.232,2.232,4.416,2.296
2026-09-19 22:45:00,LINE_A,SHIFT_C,22.65,2.265,2.265,5.049,2.319
2026-09-19 23:00:00,LINE_A,SHIFT_C,20.44,2.044,2.044,3.842,1.869
2026-09-19 23:15:00,LINE_A,SHIFT_C,21.52,2.152,2.152,4.385,2.12
2026-09-19 23:30:00,LINE_A,SHIFT_C,20.79,2.079,2.079,3.929,2.345
2026-09-19 23:45:00,LINE_A,SHIFT_C,23.04,2.304,2.304,5.1,1.937
2026-09-20 00:00:00,LINE_A,SHIFT_C,22.68,2.268,2.268,4.421,2.542
2026-09-20 00:15:00,LINE_A,SHIFT_C,22.31,2.231,2.231,4.251,2.048
2026-09-20 00:30:00,LINE_A,SHIFT_C,20.57,2.057,2.057,4.492,2.347
2026-09-20 00:45:00,LINE_A,SHIFT_C,19.58,1.958,1.958,4.835,2.153
2026-09-20 01:00:00,LINE_A,SHIFT_C,21.1,2.11,2.11,4.221,2.188
2026-09-20 01:15:00,LINE_A,SHIFT_C,20.81,2.081,2.081,4.373,2.346
2026-09-20 01:30:00,LINE_A,SHIFT_C,21.18,2.118,2.118,4.23,2.387
2026-09-20 01:45:00,LINE_A,SHIFT_C,18.71,1.871,1.871,3.564,2.385
2026-09-20 02:00:00,LINE_A,SHIFT_C,23.03,2.303,2.303,3.974,2.325
2026-09-20 02:15:00,LINE_A,SHIFT_C,22.0,2.2,2.2,4.144,2.186
2026-09-20 02:30:00,LINE_A,SHIFT_C,22.15,2.215,2.215,4.692,1.569
2026-09-20 02:45:00,LINE_A,SHIFT_C,19.69,1.969,1.969,4.279,2.03
2026-09-20 03:00:00,LINE_A,SHIFT_C,22.33,2.233,2.233,4.035,2.12
2026-09-20 03:15:00,LINE_A,SHIFT_C,23.21,2.321,2.321,4.872,2.159
2026-09-20 03:30:00,LINE_A,SHIFT_C,20.79,2.079,2.079,4.106,1.981
2026-09-20 03:45:00,LINE_A,SHIFT_C,23.4,2.34,2.34,4.752,1.965
2026-09-20 04:00:00,LINE_A,SHIFT_C,22.37,2.237,2.237,4.483,1.851
2026-09-20 04:15:00,LINE_A,SHIFT_C,21.27,2.127,2.127,4.064,2.231
2026-09-20 04:30:00,LINE_A,SHIFT_C,22.98,2.298,2.298,4.826,2.323
2026-09-20 04:45:00,LINE_A,SHIFT_C,22.79,2.279,2.279,4.423,2.005
2026-09-20 05:00:00,LINE_A,SHIFT_C,21.55,2.155,2.155,5.226,2.127
2026-09-20 05:15:00,LINE_A,SHIFT_C,21.99,2.199,2.199,5.102,2.021
2026-09-20 05:30:00,LINE_A,SHIFT_C,23.36,2.336,2.336,3.969,1.874
2026-09-20 05:45:00,LINE_A,SHIFT_C,23.49,2.349,2.349,5.175,1.903
2026-09-20 06:00:00,LINE_A,SHIFT_A,27.97,2.797,2.797,5.341,2.895
2026-09-20 06:15:00,LINE_A,SHIFT_A,26.0,2.6,2.6,5.419,2.913
2026-09-20 06:30:00,LINE_A,SHIFT_A,27.86,2.786,2.786,5.811,2.655
2026-09-20 06:45:00,LINE_A,SHIFT_A,27.63,2.763,2.763,5.304,2.857
2026-09-20 07:00:00,LINE_A,SHIFT_A,27.17,2.717,2.717,5.133,2.555
2026-09-20 07:15:00,LINE_A,SHIFT_A,28.95,2.895,2.895,5.497,2.967
2026-09-20 07:30:00,LINE_A,SHIFT_A,26.68,2.668,2.668,4.934,2.926
2026-09-20 07:45:00,LINE_A,SHIFT_A,28.54,2.854,2.854,6.071,2.504
2026-09-20 08:00:00,LINE_A,SHIFT_A,28.19,2.819,2.819,5.709,2.673
2026-09-20 08:15:00,LINE_A,SHIFT_A,27.47,2.747,2.747,6.051,2.358
2026-09-20 08:30:00,LINE_A,SHIFT_A,27.77,2.777,2.777,5.993,2.816
2026-09-20 08:45:00,LINE_A,SHIFT_A,28.59,2.859,2.859,5.389,2.548
2026-09-20 09:00:00,LINE_A,SHIFT_A,28.45,2.845,2.845,5.567,2.826
2026-09-20 09:15:00,LINE_A,SHIFT_A,29.94,2.994,2.994,5.612,2.265
2026-09-20 09:30:00,LINE_A,SHIFT_A,29.92,2.992,2.992,5.623,2.524
2026-09-20 09:45:00,LINE_A,SHIFT_A,27.94,2.794,2.794,5.758,2.863
2026-09-20 10:00:00,LINE_A,SHIFT_A,26.57,2.657,2.657,6.148,2.702
2026-09-20 10:15:00,LINE_A,SHIFT_A,28.95,2.895,2.895,6.135,2.581
2026-09-20 10:30:00,LINE_A,SHIFT_A,29.65,2.965,2.965,5.376,2.52
2026-09-20 10:45:00,LINE_A,SHIFT_A,28.74,2.874,2.874,5.298,2.53
2026-09-20 11:00:00,LINE_A,SHIFT_A,30.12,3.012,3.012,5.757,2.258
2026-09-20 11:15:00,LINE_A,SHIFT_A,31.27,3.127,3.127,6.142,2.795
2026-09-20 11:30:00,LINE_A,SHIFT_A,24.29,2.429,2.429,5.478,2.369
2026-09-20 11:45:00,LINE_A,SHIFT_A,26.94,2.694,2.694,5.136,2.785
2026-09-20 12:00:00,LINE_A,SHIFT_A,30.72,3.072,3.072,5.833,2.439
2026-09-20 12:15:00,LINE_A,SHIFT_A,29.72,2.972,2.972,6.021,2.6
2026-09-20 12:30:00,LINE_A,SHIFT_A,30.62,3.062,3.062,5.63,2.63
2026-09-20 12:45:00,LINE_A,SHIFT_A,29.32,2.932,2.932,5.536,2.349
2026-09-20 13:00:00,LINE_A,SHIFT_A,29.61,2.961,2.961,5.95,2.104
2026-09-20 13:15:00,LINE_A,SHIFT_A,28.03,2.803,2.803,5.888,2.111
2026-09-20 13:30:00,LINE_A,SHIFT_A,29.74,2.974,2.974,5.102,2.572
2026-09-20 13:45:00,LINE_A,SHIFT_A,29.61,2.961,2.961,5.99,2.247
2026-09-20 14:00:00,LINE_A,SHIFT_B,31.48,3.148,3.148,6.122,2.176
2026-09-20 14:15:00,LINE_A,SHIFT_B,29.9,2.99,2.99,6.115,2.874
2026-09-20 14:30:00,LINE_A,SHIFT_B,28.99,2.899,2.899,6.292,1.942
2026-09-20 14:45:00,LINE_A,SHIFT_B,30.59,3.059,3.059,6.153,2.454
2026-09-20 15:00:00,LINE_A,SHIFT_B,29.94,2.994,2.994,6.194,2.335
2026-09-20 15:15:00,LINE_A,SHIFT_B,32.11,3.211,3.211,6.127,2.21
2026-09-20 15:30:00,LINE_A,SHIFT_B,31.72,3.172,3.172,6.146,2.398
2026-09-20 15:45:00,LINE_A,SHIFT_B,31.96,3.196,3.196,6.25,2.459
2026-09-20 16:00:00,LINE_A,SHIFT_B,30.66,3.066,3.066,5.822,2.533
2026-09-20 16:15:00,LINE_A,SHIFT_B,30.48,3.048,3.048,5.736,2.659
2026-09-20 16:30:00,LINE_A,SHIFT_B,32.94,3.294,3.294,6.364,2.571
2026-09-20 16:45:00,LINE_A,SHIFT_B,29.59,2.959,2.959,6.259,2.508
2026-09-20 17:00:00,LINE_A,SHIFT_B,29.95,2.995,2.995,5.379,2.293
2026-09-20 17:15:00,LINE_A,SHIFT_B,30.18,3.018,3.018,6.179,2.779
2026-09-20 17:30:00,LINE_A,SHIFT_B,29.43,2.943,2.943,6.005,2.123
2026-09-20 17:45:00,LINE_A,SHIFT_B,28.98,2.898,2.898,6.466,2.575
2026-09-20 18:00:00,LINE_A,SHIFT_B,30.28,3.028,3.028,6.098,2.586
2026-09-20 18:15:00,LINE_A,SHIFT_B,30.59,3.059,3.059,6.138,2.477
2026-09-20 18:30:00,LINE_A,SHIFT_B,31.37,3.137,3.137,5.987,2.046
2026-09-20 18:45:00,LINE_A,SHIFT_B,28.89,2.889,2.889,6.019,2.012
2026-09-20 19:00:00,LINE_A,SHIFT_B,27.64,2.764,2.764,4.841,2.464
2026-09-20 19:15:00,LINE_A,SHIFT_B,26.39,2.639,2.639,5.324,2.653
2026-09-20 19:30:00,LINE_A,SHIFT_B,30.77,3.077,3.077,5.924,2.294
2026-09-20 19:45:00,LINE_A,SHIFT_B,31.84,3.184,3.184,5.6,2.379
2026-09-20 20:00:00,LINE_A,SHIFT_B,29.92,2.992,2.992,5.271,2.756
2026-09-20 20:15:00,LINE_A,SHIFT_B,30.78,3.078,3.078,5.85,2.451
2026-09-20 20:30:00,LINE_A,SHIFT_B,28.16,2.816,2.816,6.28,2.703
2026-09-20 20:45:00,LINE_A,SHIFT_B,28.33,2.833,2.833,5.5,2.369
2026-09-20 21:00:00,LINE_A,SHIFT_B,28.32,2.832,2.832,5.638,2.544
2026-09-20 21:15:00,LINE_A,SHIFT_B,27.13,2.713,2.713,5.773,2.517
2026-09-20 21:30:00,LINE_A,SHIFT_B,29.2,2.92,2.92,6.024,2.351
2026-09-20 21:45:00,LINE_A,SHIFT_B,26.51,2.651,2.651,5.591,2.642
2026-09-20 22:00:00,LINE_A,SHIFT_C,21.83,2.183,2.183,4.623,1.722
2026-09-20 22:15:00,LINE_A,SHIFT_C,21.68,2.168,2.168,4.382,2.545
2026-09-20 22:30:00,LINE_A,SHIFT_C,22.22,2.222,2.222,4.437,2.198
2026-09-20 22:45:00,LINE_A,SHIFT_C,22.46,2.246,2.246,4.857,2.29
2026-09-20 23:00:00,LINE_A,SHIFT_C,20.68,2.068,2.068,4.734,2.204
2026-09-20 23:15:00,LINE_A,SHIFT_C,21.82,2.182,2.182,4.675,1.999
2026-09-20 23:30:00,LINE_A,SHIFT_C,20.4,2.04,2.04,4.291,2.139
2026-09-20 23:45:00,LINE_A,SHIFT_C,24.91,2.491,2.491,3.761,1.505
2026-09-21 00:00:00,LINE_A,SHIFT_C,26.1,2.61,2.61,5.101,2.514
2026-09-21 00:15:00,LINE_A,SHIFT_C,26.31,2.631,2.631,6.178,2.606
2026-09-21 00:30:00,LINE_A,SHIFT_C,27.38,2.738,2.738,5.246,2.759
2026-09-21 00:45:00,LINE_A,SHIFT_C,28.41,2.841,2.841,5.415,2.379
2026-09-21 01:00:00,LINE_A,SHIFT_C,26.04,2.604,2.604,5.127,2.644
2026-09-21 01:15:00,LINE_A,SHIFT_C,27.05,2.705,2.705,5.32,2.651
2026-09-21 01:30:00,LINE_A,SHIFT_C,27.64,2.764,2.764,5.477,2.495
2026-09-21 01:45:00,LINE_A,SHIFT_C,27.24,2.724,2.724,5.715,2.468
2026-09-21 02:00:00,LINE_A,SHIFT_C,27.52,2.752,2.752,5.005,2.476
2026-09-21 02:15:00,LINE_A,SHIFT_C,27.67,2.767,2.767,5.542,2.627
2026-09-21 02:30:00,LINE_A,SHIFT_C,25.36,2.536,2.536,4.91,2.684
2026-09-21 02:45:00,LINE_A,SHIFT_C,28.25,2.825,2.825,4.614,2.882
2026-09-21 03:00:00,LINE_A,SHIFT_C,27.63,2.763,2.763,4.984,2.704
2026-09-21 03:15:00,LINE_A,SHIFT_C,25.93,2.593,2.593,5.537,2.363
2026-09-21 03:30:00,LINE_A,SHIFT_C,25.19,2.519,2.519,5.493,2.537
2026-09-21 03:45:00,LINE_A,SHIFT_C,26.75,2.675,2.675,4.974,2.279
2026-09-21 04:00:00,LINE_A,SHIFT_C,28.13,2.813,2.813,5.239,2.912
2026-09-21 04:15:00,LINE_A,SHIFT_C,26.86,2.686,2.686,6.419,2.79
2026-09-21 04:30:00,LINE_A,SHIFT_C,27.17,2.717,2.717,5.408,2.548
2026-09-21 04:45:00,LINE_A,SHIFT_C,28.6,2.86,2.86,5.29,2.731
2026-09-21 05:00:00,LINE_A,SHIFT_C,28.06,2.806,2.806,5.699,2.737
2026-09-21 05:15:00,LINE_A,SHIFT_C,27.72,2.772,2.772,5.616,2.575
2026-09-21 05:30:00,LINE_A,SHIFT_C,29.4,2.94,2.94,5.389,2.661
2026-09-21 05:45:00,LINE_A,SHIFT_C,28.4,2.84,2.84,5.904,2.55
2026-09-21 06:00:00,LINE_A,SHIFT_A,34.57,3.457,3.457,6.977,3.363
2026-09-21 06:15:00,LINE_A,SHIFT_A,33.56,3.356,3.356,6.34,3.323
2026-09-21 06:30:00,LINE_A,SHIFT_A,32.15,3.215,3.215,6.701,3.059
2026-09-21 06:45:00,LINE_A,SHIFT_A,34.62,3.462,3.462,6.64,3.219
2026-09-21 07:00:00,LINE_A,SHIFT_A,34.6,3.46,3.46,6.532,3.146
2026-09-21 07:15:00,LINE_A,SHIFT_A,34.83,3.483,3.483,6.692,3.131
2026-09-21 07:30:00,LINE_A,SHIFT_A,32.9,3.29,3.29,7.557,3.052
2026-09-21 07:45:00,LINE_A,SHIFT_A,35.61,3.561,3.561,7.163,2.924
2026-09-21 08:00:00,LINE_A,SHIFT_A,32.45,3.245,3.245,7.143,3.232
2026-09-21 08:15:00,LINE_A,SHIFT_A,34.61,3.461,3.461,7.175,2.779
2026-09-21 08:30:00,LINE_A,SHIFT_A,35.7,3.57,3.57,6.924,3.294
2026-09-21 08:45:00,LINE_A,SHIFT_A,33.24,3.324,3.324,6.528,2.986
2026-09-21 09:00:00,LINE_A,SHIFT_A,32.77,3.277,3.277,6.852,3.478
2026-09-21 09:15:00,LINE_A,SHIFT_A,35.68,3.568,3.568,7.275,3.038
2026-09-21 09:30:00,LINE_A,SHIFT_A,34.8,3.48,3.48,6.354,3.04
2026-09-21 09:45:00,LINE_A,SHIFT_A,34.79,3.479,3.479,6.727,2.902
2026-09-21 10:00:00,LINE_A,SHIFT_A,33.08,3.308,3.308,7.116,3.264
2026-09-21 10:15:00,LINE_A,SHIFT_A,35.28,3.528,3.528,7.421,2.991
2026-09-21 10:30:00,LINE_A,SHIFT_A,34.83,3.483,3.483,6.948,2.646
2026-09-21 10:45:00,LINE_A,SHIFT_A,32.89,3.289,3.289,7.425,2.996
2026-09-21 11:00:00,LINE_A,SHIFT_A,34.76,3.476,3.476,6.936,2.871
2026-09-21 11:15:00,LINE_A,SHIFT_A,38.71,3.871,3.871,6.971,3.223
2026-09-21 11:30:00,LINE_A,SHIFT_A,29.87,2.987,2.987,5.883,2.669
2026-09-21 11:45:00,LINE_A,SHIFT_A,33.18,3.318,3.318,6.807,2.83
2026-09-21 12:00:00,LINE_A,SHIFT_A,37.46,3.746,3.746,6.931,3.048
2026-09-21 12:15:00,LINE_A,SHIFT_A,33.87,3.387,3.387,6.932,3.139
2026-09-21 12:30:00,LINE_A,SHIFT_A,36.01,3.601,3.601,7.362,2.689
2026-09-21 12:45:00,LINE_A,SHIFT_A,35.75,3.575,3.575,7.412,2.504
2026-09-21 13:00:00,LINE_A,SHIFT_A,35.35,3.535,3.535,7.022,2.999
2026-09-21 13:15:00,LINE_A,SHIFT_A,34.89,3.489,3.489,8.462,2.425
2026-09-21 13:30:00,LINE_A,SHIFT_A,36.33,3.633,3.633,7.385,2.779
2026-09-21 13:45:00,LINE_A,SHIFT_A,35.49,3.549,3.549,7.595,2.634
2026-09-21 14:00:00,LINE_A,SHIFT_B,37.48,3.748,3.748,7.45,2.426
2026-09-21 14:15:00,LINE_A,SHIFT_B,37.18,3.718,3.718,7.821,2.852
2026-09-21 14:30:00,LINE_A,SHIFT_B,38.62,3.862,3.862,7.086,2.735
2026-09-21 14:45:00,LINE_A,SHIFT_B,34.53,3.453,3.453,7.219,2.609
2026-09-21 15:00:00,LINE_A,SHIFT_B,39.15,3.915,3.915,7.71,2.638
2026-09-21 15:15:00,LINE_A,SHIFT_B,35.84,3.584,3.584,8.002,2.514
2026-09-21 15:30:00,LINE_A,SHIFT_B,37.82,3.782,3.782,7.24,2.764
2026-09-21 15:45:00,LINE_A,SHIFT_B,38.32,3.832,3.832,7.386,3.004
2026-09-21 16:00:00,LINE_A,SHIFT_B,36.96,3.696,3.696,6.77,2.639
2026-09-21 16:15:00,LINE_A,SHIFT_B,36.82,3.682,3.682,7.239,2.423
2026-09-21 16:30:00,LINE_A,SHIFT_B,36.79,3.679,3.679,7.285,2.794
2026-09-21 16:45:00,LINE_A,SHIFT_B,36.04,3.604,3.604,7.63,2.635
2026-09-21 17:00:00,LINE_A,SHIFT_B,36.13,3.613,3.613,7.965,2.953
2026-09-21 17:15:00,LINE_A,SHIFT_B,37.44,3.744,3.744,7.564,2.648
2026-09-21 17:30:00,LINE_A,SHIFT_B,36.4,3.64,3.64,7.407,3.026
2026-09-21 17:45:00,LINE_A,SHIFT_B,35.97,3.597,3.597,7.435,2.978
2026-09-21 18:00:00,LINE_A,SHIFT_B,38.36,3.836,3.836,7.125,2.798
2026-09-21 18:15:00,LINE_A,SHIFT_B,35.73,3.573,3.573,7.218,2.919
2026-09-21 18:30:00,LINE_A,SHIFT_B,37.67,3.767,3.767,7.101,2.92
2026-09-21 18:45:00,LINE_A,SHIFT_B,37.56,3.756,3.756,7.177,2.893
2026-09-21 19:00:00,LINE_A,SHIFT_B,29.87,2.987,2.987,5.804,2.887
2026-09-21 19:15:00,LINE_A,SHIFT_B,28.97,2.897,2.897,6.583,3.085
2026-09-21 19:30:00,LINE_A,SHIFT_B,34.59,3.459,3.459,7.49,2.705
2026-09-21 19:45:00,LINE_A,SHIFT_B,36.14,3.614,3.614,7.299,2.845
2026-09-21 20:00:00,LINE_A,SHIFT_B,35.96,3.596,3.596,7.311,2.656
2026-09-21 20:15:00,LINE_A,SHIFT_B,35.49,3.549,3.549,7.176,2.502
2026-09-21 20:30:00,LINE_A,SHIFT_B,34.24,3.424,3.424,7.478,2.929
2026-09-21 20:45:00,LINE_A,SHIFT_B,36.05,3.605,3.605,6.9,2.743
2026-09-21 21:00:00,LINE_A,SHIFT_B,35.06,3.506,3.506,6.729,2.974
2026-09-21 21:15:00,LINE_A,SHIFT_B,34.62,3.462,3.462,6.867,3.24
2026-09-21 21:30:00,LINE_A,SHIFT_B,35.13,3.513,3.513,6.786,2.912
2026-09-21 21:45:00,LINE_A,SHIFT_B,34.03,3.403,3.403,7.424,3.088
2026-09-21 22:00:00,LINE_A,SHIFT_C,27.39,2.739,2.739,5.297,2.292
2026-09-21 22:15:00,LINE_A,SHIFT_C,26.9,2.69,2.69,5.261,2.295
2026-09-21 22:30:00,LINE_A,SHIFT_C,25.44,2.544,2.544,5.8,2.592
2026-09-21 22:45:00,LINE_A,SHIFT_C,28.06,2.806,2.806,5.845,2.3
2026-09-21 23:00:00,LINE_A,SHIFT_C,27.0,2.7,2.7,5.096,2.365
2026-09-21 23:15:00,LINE_A,SHIFT_C,25.18,2.518,2.518,5.671,2.26
2026-09-21 23:30:00,LINE_A,SHIFT_C,27.53,2.753,2.753,5.917,2.815
2026-09-21 23:45:00,LINE_A,SHIFT_C,28.81,2.881,2.881,5.482,2.5
2026-09-22 00:00:00,LINE_A,SHIFT_C,26.17,2.617,2.617,5.35,3.111
2026-09-22 00:15:00,LINE_A,SHIFT_C,27.82,2.782,2.782,5.553,2.569
2026-09-22 00:30:00,LINE_A,SHIFT_C,27.12,2.712,2.712,5.069,2.459
2026-09-22 00:45:00,LINE_A,SHIFT_C,26.09,2.609,2.609,4.953,2.717
2026-09-22 01:00:00,LINE_A,SHIFT_C,27.63,2.763,2.763,4.948,2.408
2026-09-22 01:15:00,LINE_A,SHIFT_C,27.76,2.776,2.776,5.562,2.398
2026-09-22 01:30:00,LINE_A,SHIFT_C,27.83,2.783,2.783,5.273,2.632
2026-09-22 01:45:00,LINE_A,SHIFT_C,28.65,2.865,2.865,4.909,2.493
2026-09-22 02:00:00,LINE_A,SHIFT_C,25.17,2.517,2.517,5.614,2.771
2026-09-22 02:15:00,LINE_A,SHIFT_C,27.01,2.701,2.701,4.783,2.548
2026-09-22 02:30:00,LINE_A,SHIFT_C,25.19,2.519,2.519,4.805,2.523
2026-09-22 02:45:00,LINE_A,SHIFT_C,27.0,2.7,2.7,5.308,2.339
2026-09-22 03:00:00,LINE_A,SHIFT_C,26.52,2.652,2.652,5.451,2.676
2026-09-22 03:15:00,LINE_A,SHIFT_C,27.13,2.713,2.713,5.54,2.838
2026-09-22 03:30:00,LINE_A,SHIFT_C,25.27,2.527,2.527,5.653,2.413
2026-09-22 03:45:00,LINE_A,SHIFT_C,27.91,2.791,2.791,5.573,2.807
2026-09-22 04:00:00,LINE_A,SHIFT_C,28.12,2.812,2.812,5.44,2.179
2026-09-22 04:15:00,LINE_A,SHIFT_C,25.88,2.588,2.588,5.27,2.791
2026-09-22 04:30:00,LINE_A,SHIFT_C,28.19,2.819,2.819,5.387,2.828
2026-09-22 04:45:00,LINE_A,SHIFT_C,25.81,2.581,2.581,4.912,2.661
2026-09-22 05:00:00,LINE_A,SHIFT_C,27.8,2.78,2.78,5.578,2.293
2026-09-22 05:15:00,LINE_A,SHIFT_C,26.56,2.656,2.656,5.493,2.099
2026-09-22 05:30:00,LINE_A,SHIFT_C,25.68,2.568,2.568,4.696,2.467
2026-09-22 05:45:00,LINE_A,SHIFT_C,28.25,2.825,2.825,5.47,2.449
2026-09-22 06:00:00,LINE_A,SHIFT_A,32.33,3.233,3.233,6.393,3.281
2026-09-22 06:15:00,LINE_A,SHIFT_A,34.25,3.425,3.425,6.498,3.142
2026-09-22 06:30:00,LINE_A,SHIFT_A,35.75,3.575,3.575,7.008,2.466
2026-09-22 06:45:00,LINE_A,SHIFT_A,34.41,3.441,3.441,6.858,2.938
2026-09-22 07:00:00,LINE_A,SHIFT_A,34.39,3.439,3.439,7.349,3.014
2026-09-22 07:15:00,LINE_A,SHIFT_A,34.44,3.444,3.444,6.917,3.037
2026-09-22 07:30:00,LINE_A,SHIFT_A,33.71,3.371,3.371,6.676,2.827
2026-09-22 07:45:00,LINE_A,SHIFT_A,33.61,3.361,3.361,6.174,3.239
2026-09-22 08:00:00,LINE_A,SHIFT_A,32.9,3.29,3.29,7.234,2.522
2026-09-22 08:15:00,LINE_A,SHIFT_A,33.33,3.333,3.333,7.191,3.24
2026-09-22 08:30:00,LINE_A,SHIFT_A,33.77,3.377,3.377,6.861,3.1
2026-09-22 08:45:00,LINE_A,SHIFT_A,35.29,3.529,3.529,7.22,2.871
2026-09-22 09:00:00,LINE_A,SHIFT_A,31.96,3.196,3.196,6.965,2.958
2026-09-22 09:15:00,LINE_A,SHIFT_A,35.01,3.501,3.501,6.969,2.804
2026-09-22 09:30:00,LINE_A,SHIFT_A,36.86,3.686,3.686,7.45,3.059
2026-09-22 09:45:00,LINE_A,SHIFT_A,33.94,3.394,3.394,7.711,2.543
2026-09-22 10:00:00,LINE_A,SHIFT_A,35.06,3.506,3.506,7.546,3.355
2026-09-22 10:15:00,LINE_A,SHIFT_A,33.48,3.348,3.348,7.384,3.12
2026-09-22 10:30:00,LINE_A,SHIFT_A,36.86,3.686,3.686,7.058,2.859
2026-09-22 10:45:00,LINE_A,SHIFT_A,34.71,3.471,3.471,7.243,3.255
2026-09-22 11:00:00,LINE_A,SHIFT_A,35.35,3.535,3.535,7.3,2.754
2026-09-22 11:15:00,LINE_A,SHIFT_A,37.13,3.713,3.713,7.796,2.934
2026-09-22 11:30:00,LINE_A,SHIFT_A,30.93,3.093,3.093,6.541,2.559
2026-09-22 11:45:00,LINE_A,SHIFT_A,30.8,3.08,3.08,6.038,3.037
2026-09-22 12:00:00,LINE_A,SHIFT_A,35.05,3.505,3.505,6.461,2.601
2026-09-22 12:15:00,LINE_A,SHIFT_A,36.02,3.602,3.602,7.396,2.859
2026-09-22 12:30:00,LINE_A,SHIFT_A,35.33,3.533,3.533,7.384,2.761
2026-09-22 12:45:00,LINE_A,SHIFT_A,35.72,3.572,3.572,7.065,2.913
2026-09-22 13:00:00,LINE_A,SHIFT_A,36.43,3.643,3.643,7.431,2.634
2026-09-22 13:15:00,LINE_A,SHIFT_A,36.24,3.624,3.624,6.783,2.675
2026-09-22 13:30:00,LINE_A,SHIFT_A,34.18,3.418,3.418,6.696,2.741
2026-09-22 13:45:00,LINE_A,SHIFT_A,35.9,3.59,3.59,7.454,2.925
2026-09-22 14:00:00,LINE_A,SHIFT_B,34.67,3.467,3.467,7.859,2.745
2026-09-22 14:15:00,LINE_A,SHIFT_B,39.06,3.906,3.906,7.244,2.521
2026-09-22 14:30:00,LINE_A,SHIFT_B,36.16,3.616,3.616,7.379,2.619
2026-09-22 14:45:00,LINE_A,SHIFT_B,36.24,3.624,3.624,7.752,2.889
2026-09-22 15:00:00,LINE_A,SHIFT_B,38.14,3.814,3.814,7.017,2.787
2026-09-22 15:15:00,LINE_A,SHIFT_B,35.41,3.541,3.541,6.669,2.682
2026-09-22 15:30:00,LINE_A,SHIFT_B,37.42,3.742,3.742,8.141,2.675
2026-09-22 15:45:00,LINE_A,SHIFT_B,38.31,3.831,3.831,8.071,2.793
2026-09-22 16:00:00,LINE_A,SHIFT_B,36.29,3.629,3.629,7.539,2.923
2026-09-22 16:15:00,LINE_A,SHIFT_B,37.12,3.712,3.712,6.486,3.151
2026-09-22 16:30:00,LINE_A,SHIFT_B,35.13,3.513,3.513,7.842,2.863
2026-09-22 16:45:00,LINE_A,SHIFT_B,35.26,3.526,3.526,7.191,2.689
2026-09-22 17:00:00,LINE_A,SHIFT_B,36.35,3.635,3.635,7.727,2.602
2026-09-22 17:15:00,LINE_A,SHIFT_B,38.75,3.875,3.875,7.283,2.504
2026-09-22 17:30:00,LINE_A,SHIFT_B,36.24,3.624,3.624,7.552,2.672
2026-09-22 17:45:00,LINE_A,SHIFT_B,36.02,3.602,3.602,6.898,3.072
2026-09-22 18:00:00,LINE_A,SHIFT_B,15.62,1.562,1.562,6.863,2.588
2026-09-22 18:15:00,LINE_A,SHIFT_B,14.92,1.492,1.492,7.015,2.929
2026-09-22 18:30:00,LINE_A,SHIFT_B,16.9,1.69,1.69,7.215,3.11
2026-09-22 18:45:00,LINE_A,SHIFT_B,35.49,3.549,3.549,7.962,2.661
2026-09-22 19:00:00,LINE_A,SHIFT_B,31.65,3.165,3.165,6.952,2.94
2026-09-22 19:15:00,LINE_A,SHIFT_B,27.97,2.797,2.797,6.554,2.669
2026-09-22 19:30:00,LINE_A,SHIFT_B,36.12,3.612,3.612,7.278,2.697
2026-09-22 19:45:00,LINE_A,SHIFT_B,37.55,3.755,3.755,7.344,2.97
2026-09-22 20:00:00,LINE_A,SHIFT_B,36.14,3.614,3.614,7.656,2.848
2026-09-22 20:15:00,LINE_A,SHIFT_B,32.89,3.289,3.289,7.744,3.008
2026-09-22 20:30:00,LINE_A,SHIFT_B,36.82,3.682,3.682,7.067,2.848
2026-09-22 20:45:00,LINE_A,SHIFT_B,35.68,3.568,3.568,6.605,2.902
2026-09-22 21:00:00,LINE_A,SHIFT_B,33.2,3.32,3.32,7.218,3.135
2026-09-22 21:15:00,LINE_A,SHIFT_B,33.37,3.337,3.337,7.725,2.815
2026-09-22 21:30:00,LINE_A,SHIFT_B,34.76,3.476,3.476,6.738,3.253
2026-09-22 21:45:00,LINE_A,SHIFT_B,34.65,3.465,3.465,6.859,2.966
2026-09-22 22:00:00,LINE_A,SHIFT_C,28.24,2.824,2.824,5.159,2.28
2026-09-22 22:15:00,LINE_A,SHIFT_C,29.66,2.966,2.966,5.472,2.782
2026-09-22 22:30:00,LINE_A,SHIFT_C,27.11,2.711,2.711,5.254,2.307
2026-09-22 22:45:00,LINE_A,SHIFT_C,27.33,2.733,2.733,5.011,2.168
2026-09-22 23:00:00,LINE_A,SHIFT_C,24.99,2.499,2.499,5.392,2.548
2026-09-22 23:15:00,LINE_A,SHIFT_C,27.47,2.747,2.747,5.716,2.544
2026-09-22 23:30:00,LINE_A,SHIFT_C,28.13,2.813,2.813,5.445,2.712
2026-09-22 23:45:00,LINE_A,SHIFT_C,24.75,2.475,2.475,4.879,2.263
2026-09-23 00:00:00,LINE_A,SHIFT_C,28.82,2.882,2.882,5.704,2.619
2026-09-23 00:15:00,LINE_A,SHIFT_C,24.89,2.489,2.489,5.826,2.951
2026-09-23 00:30:00,LINE_A,SHIFT_C,26.86,2.686,2.686,4.786,2.952
2026-09-23 00:45:00,LINE_A,SHIFT_C,26.71,2.671,2.671,5.909,2.761
2026-09-23 01:00:00,LINE_A,SHIFT_C,26.75,2.675,2.675,5.391,2.415
2026-09-23 01:15:00,LINE_A,SHIFT_C,27.02,2.702,2.702,5.116,2.732
2026-09-23 01:30:00,LINE_A,SHIFT_C,25.16,2.516,2.516,5.424,2.556
2026-09-23 01:45:00,LINE_A,SHIFT_C,27.82,2.782,2.782,4.855,2.303
2026-09-23 02:00:00,LINE_A,SHIFT_C,28.17,2.817,2.817,5.206,2.396
2026-09-23 02:15:00,LINE_A,SHIFT_C,27.91,2.791,2.791,5.646,2.541
2026-09-23 02:30:00,LINE_A,SHIFT_C,26.61,2.661,2.661,5.061,2.981
2026-09-23 02:45:00,LINE_A,SHIFT_C,24.26,2.426,2.426,5.366,2.809
2026-09-23 03:00:00,LINE_A,SHIFT_C,26.66,2.666,2.666,5.258,2.816
2026-09-23 03:15:00,LINE_A,SHIFT_C,26.86,2.686,2.686,4.978,2.936
2026-09-23 03:30:00,LINE_A,SHIFT_C,26.77,2.677,2.677,5.241,2.711
2026-09-23 03:45:00,LINE_A,SHIFT_C,28.11,2.811,2.811,4.899,2.694
2026-09-23 04:00:00,LINE_A,SHIFT_C,28.27,2.827,2.827,5.147,2.837
2026-09-23 04:15:00,LINE_A,SHIFT_C,26.23,2.623,2.623,5.977,2.254
2026-09-23 04:30:00,LINE_A,SHIFT_C,25.9,2.59,2.59,5.589,2.739
2026-09-23 04:45:00,LINE_A,SHIFT_C,27.31,2.731,2.731,5.927,2.893
2026-09-23 05:00:00,LINE_A,SHIFT_C,27.36,2.736,2.736,5.201,2.181
2026-09-23 05:15:00,LINE_A,SHIFT_C,29.07,2.907,2.907,5.77,2.935
2026-09-23 05:30:00,LINE_A,SHIFT_C,27.4,2.74,2.74,5.139,2.727
2026-09-23 05:45:00,LINE_A,SHIFT_C,28.54,2.854,2.854,5.521,2.841
2026-09-23 06:00:00,LINE_A,SHIFT_A,33.23,3.323,3.323,6.862,3.35
2026-09-23 06:15:00,LINE_A,SHIFT_A,36.78,3.678,3.678,6.076,2.754
2026-09-23 06:30:00,LINE_A,SHIFT_A,35.1,3.51,3.51,6.483,3.017
2026-09-23 06:45:00,LINE_A,SHIFT_A,34.98,3.498,3.498,6.376,3.372
2026-09-23 07:00:00,LINE_A,SHIFT_A,34.71,3.471,3.471,6.726,3.204
2026-09-23 07:15:00,LINE_A,SHIFT_A,34.14,3.414,3.414,6.948,3.044
2026-09-23 07:30:00,LINE_A,SHIFT_A,35.74,3.574,3.574,6.828,2.644
2026-09-23 07:45:00,LINE_A,SHIFT_A,35.37,3.537,3.537,6.345,3.289
2026-09-23 08:00:00,LINE_A,SHIFT_A,33.88,3.388,3.388,7.264,3.081
2026-09-23 08:15:00,LINE_A,SHIFT_A,34.31,3.431,3.431,7.087,3.159
2026-09-23 08:30:00,LINE_A,SHIFT_A,34.06,3.406,3.406,6.855,2.597
2026-09-23 08:45:00,LINE_A,SHIFT_A,35.72,3.572,3.572,7.102,3.043
2026-09-23 09:00:00,LINE_A,SHIFT_A,34.04,3.404,3.404,7.188,2.958
2026-09-23 09:15:00,LINE_A,SHIFT_A,33.48,3.348,3.348,7.037,3.147
2026-09-23 09:30:00,LINE_A,SHIFT_A,33.49,3.349,3.349,6.529,2.816
2026-09-23 09:45:00,LINE_A,SHIFT_A,34.56,3.456,3.456,6.912,2.863
2026-09-23 10:00:00,LINE_A,SHIFT_A,32.09,3.209,3.209,6.884,2.713
2026-09-23 10:15:00,LINE_A,SHIFT_A,35.06,3.506,3.506,6.994,2.627
2026-09-23 10:30:00,LINE_A,SHIFT_A,35.75,3.575,3.575,6.449,3.142
2026-09-23 10:45:00,LINE_A,SHIFT_A,38.05,3.805,3.805,6.855,2.989
2026-09-23 11:00:00,LINE_A,SHIFT_A,34.75,3.475,3.475,7.059,2.745
2026-09-23 11:15:00,LINE_A,SHIFT_A,35.93,3.593,3.593,6.698,3.312
2026-09-23 11:30:00,LINE_A,SHIFT_A,29.88,2.988,2.988,5.985,3.118
2026-09-23 11:45:00,LINE_A,SHIFT_A,31.27,3.127,3.127,5.945,2.94
2026-09-23 12:00:00,LINE_A,SHIFT_A,35.06,3.506,3.506,7.138,2.569
2026-09-23 12:15:00,LINE_A,SHIFT_A,36.37,3.637,3.637,7.117,2.977
2026-09-23 12:30:00,LINE_A,SHIFT_A,35.63,3.563,3.563,7.219,2.986
2026-09-23 12:45:00,LINE_A,SHIFT_A,34.18,3.418,3.418,7.046,2.832
2026-09-23 13:00:00,LINE_A,SHIFT_A,34.7,3.47,3.47,7.498,3.043
2026-09-23 13:15:00,LINE_A,SHIFT_A,35.54,3.554,3.554,7.57,2.755
2026-09-23 13:30:00,LINE_A,SHIFT_A,37.52,3.752,3.752,7.145,2.748
2026-09-23 13:45:00,LINE_A,SHIFT_A,37.05,3.705,3.705,6.991,2.645
2026-09-23 14:00:00,LINE_A,SHIFT_B,37.67,3.767,3.767,8.183,3.066
2026-09-23 14:15:00,LINE_A,SHIFT_B,38.32,3.832,3.832,7.943,2.773
2026-09-23 14:30:00,LINE_A,SHIFT_B,38.24,3.824,3.824,7.657,2.64
2026-09-23 14:45:00,LINE_A,SHIFT_B,35.54,3.554,3.554,7.52,2.61
2026-09-23 15:00:00,LINE_A,SHIFT_B,36.97,3.697,3.697,7.169,2.959
2026-09-23 15:15:00,LINE_A,SHIFT_B,37.35,3.735,3.735,7.849,2.56
2026-09-23 15:30:00,LINE_A,SHIFT_B,38.29,3.829,3.829,7.509,2.815
2026-09-23 15:45:00,LINE_A,SHIFT_B,35.11,3.511,3.511,7.606,2.516
2026-09-23 16:00:00,LINE_A,SHIFT_B,37.16,3.716,3.716,7.773,2.44
2026-09-23 16:15:00,LINE_A,SHIFT_B,38.96,3.896,3.896,7.647,2.781
2026-09-23 16:30:00,LINE_A,SHIFT_B,38.07,3.807,3.807,7.338,2.992
2026-09-23 16:45:00,LINE_A,SHIFT_B,38.28,3.828,3.828,8.336,2.41
2026-09-23 17:00:00,LINE_A,SHIFT_B,34.77,3.477,3.477,6.888,2.653
2026-09-23 17:15:00,LINE_A,SHIFT_B,37.82,3.782,3.782,7.374,2.795
2026-09-23 17:30:00,LINE_A,SHIFT_B,36.18,3.618,3.618,7.261,2.881
2026-09-23 17:45:00,LINE_A,SHIFT_B,35.83,3.583,3.583,7.224,2.737
2026-09-23 18:00:00,LINE_A,SHIFT_B,35.01,3.501,3.501,8.25,2.921
2026-09-23 18:15:00,LINE_A,SHIFT_B,35.64,3.564,3.564,7.279,2.806
2026-09-23 18:30:00,LINE_A,SHIFT_B,36.32,3.632,3.632,7.301,2.852
2026-09-23 18:45:00,LINE_A,SHIFT_B,36.69,3.669,3.669,7.729,2.661
2026-09-23 19:00:00,LINE_A,SHIFT_B,30.29,3.029,3.029,6.51,3.468
2026-09-23 19:15:00,LINE_A,SHIFT_B,30.04,3.004,3.004,6.719,3.017
2026-09-23 19:30:00,LINE_A,SHIFT_B,34.47,3.447,3.447,6.968,2.501
2026-09-23 19:45:00,LINE_A,SHIFT_B,37.61,3.761,3.761,7.217,2.753
2026-09-23 20:00:00,LINE_A,SHIFT_B,35.43,3.543,3.543,6.89,2.638
2026-09-23 20:15:00,LINE_A,SHIFT_B,35.54,3.554,3.554,7.703,2.997
2026-09-23 20:30:00,LINE_A,SHIFT_B,33.61,3.361,3.361,7.262,2.857
2026-09-23 20:45:00,LINE_A,SHIFT_B,35.46,3.546,3.546,6.69,3.073
2026-09-23 21:00:00,LINE_A,SHIFT_B,35.49,3.549,3.549,7.097,2.787
2026-09-23 21:15:00,LINE_A,SHIFT_B,36.6,3.66,3.66,5.952,3.235
2026-09-23 21:30:00,LINE_A,SHIFT_B,33.46,3.346,3.346,6.766,3.083
2026-09-23 21:45:00,LINE_A,SHIFT_B,35.31,3.531,3.531,7.177,3.427
2026-09-23 22:00:00,LINE_A,SHIFT_C,25.81,2.581,2.581,5.444,2.289
2026-09-23 22:15:00,LINE_A,SHIFT_C,27.03,2.703,2.703,5.917,2.168
2026-09-23 22:30:00,LINE_A,SHIFT_C,25.35,2.535,2.535,5.554,2.696
2026-09-23 22:45:00,LINE_A,SHIFT_C,26.08,2.608,2.608,4.718,2.447
2026-09-23 23:00:00,LINE_A,SHIFT_C,26.1,2.61,2.61,5.127,2.503
2026-09-23 23:15:00,LINE_A,SHIFT_C,27.72,2.772,2.772,5.031,2.268
2026-09-23 23:30:00,LINE_A,SHIFT_C,28.87,2.887,2.887,6.137,2.087
2026-09-23 23:45:00,LINE_A,SHIFT_C,26.87,2.687,2.687,5.271,2.032
2026-09-24 00:00:00,LINE_A,SHIFT_C,26.69,2.669,2.669,5.311,2.767
2026-09-24 00:15:00,LINE_A,SHIFT_C,28.07,2.807,2.807,5.443,2.608
2026-09-24 00:30:00,LINE_A,SHIFT_C,26.14,2.614,2.614,5.191,2.686
2026-09-24 00:45:00,LINE_A,SHIFT_C,25.74,2.574,2.574,4.816,2.562
2026-09-24 01:00:00,LINE_A,SHIFT_C,24.7,2.47,2.47,5.535,2.783
2026-09-24 01:15:00,LINE_A,SHIFT_C,28.37,2.837,2.837,5.083,2.635
2026-09-24 01:30:00,LINE_A,SHIFT_C,25.7,2.57,2.57,5.194,2.563
2026-09-24 01:45:00,LINE_A,SHIFT_C,26.25,2.625,2.625,5.346,2.154
2026-09-24 02:00:00,LINE_A,SHIFT_C,31.05,3.105,3.105,5.453,2.461
2026-09-24 02:15:00,LINE_A,SHIFT_C,25.85,2.585,2.585,5.27,2.849
2026-09-24 02:30:00,LINE_A,SHIFT_C,28.72,2.872,2.872,5.903,2.879
2026-09-24 02:45:00,LINE_A,SHIFT_C,27.77,2.777,2.777,5.297,2.458
2026-09-24 03:00:00,LINE_A,SHIFT_C,26.61,2.661,2.661,4.921,2.683
2026-09-24 03:15:00,LINE_A,SHIFT_C,26.28,2.628,2.628,5.866,2.742
2026-09-24 03:30:00,LINE_A,SHIFT_C,27.61,2.761,2.761,5.898,2.632
2026-09-24 03:45:00,LINE_A,SHIFT_C,27.22,2.722,2.722,5.138,2.409
2026-09-24 04:00:00,LINE_A,SHIFT_C,26.12,2.612,2.612,5.787,2.199
2026-09-24 04:15:00,LINE_A,SHIFT_C,24.9,2.49,2.49,6.162,2.495
2026-09-24 04:30:00,LINE_A,SHIFT_C,29.51,2.951,2.951,5.34,2.25
2026-09-24 04:45:00,LINE_A,SHIFT_C,28.2,2.82,2.82,5.049,2.275
2026-09-24 05:00:00,LINE_A,SHIFT_C,26.48,2.648,2.648,6.202,2.396
2026-09-24 05:15:00,LINE_A,SHIFT_C,24.36,2.436,2.436,5.385,2.739
2026-09-24 05:30:00,LINE_A,SHIFT_C,25.63,2.563,2.563,4.986,2.282
2026-09-24 05:45:00,LINE_A,SHIFT_C,25.67,2.567,2.567,5.928,2.875
2026-09-24 06:00:00,LINE_A,SHIFT_A,35.12,3.512,3.512,5.795,3.226
2026-09-24 06:15:00,LINE_A,SHIFT_A,32.94,3.294,3.294,7.337,3.204
2026-09-24 06:30:00,LINE_A,SHIFT_A,31.72,3.172,3.172,6.775,3.05
2026-09-24 06:45:00,LINE_A,SHIFT_A,31.73,3.173,3.173,6.537,3.193
2026-09-24 07:00:00,LINE_A,SHIFT_A,32.22,3.222,3.222,6.624,3.487
2026-09-24 07:15:00,LINE_A,SHIFT_A,33.37,3.337,3.337,6.791,3.055
2026-09-24 07:30:00,LINE_A,SHIFT_A,32.85,3.285,3.285,6.281,3.191
2026-09-24 07:45:00,LINE_A,SHIFT_A,34.29,3.429,3.429,6.798,3.21
2026-09-24 08:00:00,LINE_A,SHIFT_A,34.04,3.404,3.404,6.592,2.812
2026-09-24 08:15:00,LINE_A,SHIFT_A,32.44,3.244,3.244,6.747,3.09
2026-09-24 08:30:00,LINE_A,SHIFT_A,35.39,3.539,3.539,6.533,3.27
2026-09-24 08:45:00,LINE_A,SHIFT_A,36.01,3.601,3.601,6.859,2.969
2026-09-24 09:00:00,LINE_A,SHIFT_A,35.23,3.523,3.523,7.251,2.916
2026-09-24 09:15:00,LINE_A,SHIFT_A,34.97,3.497,3.497,6.973,2.663
2026-09-24 09:30:00,LINE_A,SHIFT_A,37.25,3.725,3.725,7.138,2.778
2026-09-24 09:45:00,LINE_A,SHIFT_A,36.57,3.657,3.657,6.846,2.772
2026-09-24 10:00:00,LINE_A,SHIFT_A,32.52,3.252,3.252,7.139,3.205
2026-09-24 10:15:00,LINE_A,SHIFT_A,34.53,3.453,3.453,6.585,2.565
2026-09-24 10:30:00,LINE_A,SHIFT_A,36.29,3.629,3.629,7.498,3.365
2026-09-24 10:45:00,LINE_A,SHIFT_A,35.11,3.511,3.511,6.75,2.635
2026-09-24 11:00:00,LINE_A,SHIFT_A,35.33,3.533,3.533,7.252,3.054
2026-09-24 11:15:00,LINE_A,SHIFT_A,35.62,3.562,3.562,7.433,3.067
2026-09-24 11:30:00,LINE_A,SHIFT_A,29.33,2.933,2.933,6.511,2.463
2026-09-24 11:45:00,LINE_A,SHIFT_A,29.69,2.969,2.969,6.288,2.541
2026-09-24 12:00:00,LINE_A,SHIFT_A,36.25,3.625,3.625,7.489,2.465
2026-09-24 12:15:00,LINE_A,SHIFT_A,36.42,3.642,3.642,6.981,2.802
2026-09-24 12:30:00,LINE_A,SHIFT_A,34.4,3.44,3.44,6.827,3.082
2026-09-24 12:45:00,LINE_A,SHIFT_A,35.36,3.536,3.536,6.86,2.867
2026-09-24 13:00:00,LINE_A,SHIFT_A,36.22,3.622,3.622,6.633,2.745
2026-09-24 13:15:00,LINE_A,SHIFT_A,33.85,3.385,3.385,7.315,3.142
2026-09-24 13:30:00,LINE_A,SHIFT_A,33.52,3.352,3.352,7.565,2.914
2026-09-24 13:45:00,LINE_A,SHIFT_A,34.5,3.45,3.45,6.883,2.445
2026-09-24 14:00:00,LINE_A,SHIFT_B,35.31,3.531,3.531,7.531,2.812
2026-09-24 14:15:00,LINE_A,SHIFT_B,36.29,3.629,3.629,7.331,3.064
2026-09-24 14:30:00,LINE_A,SHIFT_B,36.26,3.626,3.626,7.611,2.871
2026-09-24 14:45:00,LINE_A,SHIFT_B,38.9,3.89,3.89,7.714,2.903
2026-09-24 15:00:00,LINE_A,SHIFT_B,39.35,3.935,3.935,7.836,2.92
2026-09-24 15:15:00,LINE_A,SHIFT_B,37.54,3.754,3.754,7.374,2.924
2026-09-24 15:30:00,LINE_A,SHIFT_B,39.11,3.911,3.911,7.616,2.215
2026-09-24 15:45:00,LINE_A,SHIFT_B,36.96,3.696,3.696,7.412,2.963
2026-09-24 16:00:00,LINE_A,SHIFT_B,36.64,3.664,3.664,7.364,2.671
2026-09-24 16:15:00,LINE_A,SHIFT_B,35.74,3.574,3.574,7.519,3.068
2026-09-24 16:30:00,LINE_A,SHIFT_B,37.66,3.766,3.766,7.456,2.562
2026-09-24 16:45:00,LINE_A,SHIFT_B,37.49,3.749,3.749,7.327,2.699
2026-09-24 17:00:00,LINE_A,SHIFT_B,37.2,3.72,3.72,7.655,3.093
2026-09-24 17:15:00,LINE_A,SHIFT_B,38.47,3.847,3.847,7.655,2.882
2026-09-24 17:30:00,LINE_A,SHIFT_B,36.06,3.606,3.606,7.453,3.143
2026-09-24 17:45:00,LINE_A,SHIFT_B,36.61,3.661,3.661,7.12,3.219
2026-09-24 18:00:00,LINE_A,SHIFT_B,38.98,3.898,3.898,7.02,2.752
2026-09-24 18:15:00,LINE_A,SHIFT_B,36.7,3.67,3.67,6.871,2.919
2026-09-24 18:30:00,LINE_A,SHIFT_B,36.02,3.602,3.602,7.142,2.63
2026-09-24 18:45:00,LINE_A,SHIFT_B,36.23,3.623,3.623,7.026,2.626
2026-09-24 19:00:00,LINE_A,SHIFT_B,29.42,2.942,2.942,6.704,2.423
2026-09-24 19:15:00,LINE_A,SHIFT_B,33.24,3.324,3.324,6.494,2.788
2026-09-24 19:30:00,LINE_A,SHIFT_B,33.51,3.351,3.351,6.978,2.551
2026-09-24 19:45:00,LINE_A,SHIFT_B,36.47,3.647,3.647,7.061,3.306
2026-09-24 20:00:00,LINE_A,SHIFT_B,36.14,3.614,3.614,7.153,2.84
2026-09-24 20:15:00,LINE_A,SHIFT_B,36.09,3.609,3.609,7.641,2.846
2026-09-24 20:30:00,LINE_A,SHIFT_B,33.75,3.375,3.375,7.661,3.215
2026-09-24 20:45:00,LINE_A,SHIFT_B,34.16,3.416,3.416,6.705,3.407
2026-09-24 21:00:00,LINE_A,SHIFT_B,36.41,3.641,3.641,7.169,3.175
2026-09-24 21:15:00,LINE_A,SHIFT_B,34.33,3.433,3.433,7.684,3.115
2026-09-24 21:30:00,LINE_A,SHIFT_B,33.87,3.387,3.387,7.17,3.156
2026-09-24 21:45:00,LINE_A,SHIFT_B,34.88,3.488,3.488,7.17,3.228
2026-09-24 22:00:00,LINE_A,SHIFT_C,29.14,2.914,2.914,5.1,2.694
2026-09-24 22:15:00,LINE_A,SHIFT_C,29.84,2.984,2.984,5.541,2.278
2026-09-24 22:30:00,LINE_A,SHIFT_C,27.87,2.787,2.787,5.401,2.513
2026-09-24 22:45:00,LINE_A,SHIFT_C,24.86,2.486,2.486,5.228,2.852
2026-09-24 23:00:00,LINE_A,SHIFT_C,28.01,2.801,2.801,5.239,2.855
2026-09-24 23:15:00,LINE_A,SHIFT_C,27.8,2.78,2.78,5.207,2.286
2026-09-24 23:30:00,LINE_A,SHIFT_C,25.89,2.589,2.589,4.75,2.645
2026-09-24 23:45:00,LINE_A,SHIFT_C,27.4,2.74,2.74,5.751,2.559
2026-09-25 00:00:00,LINE_A,SHIFT_C,28.6,2.86,2.86,5.41,2.517
2026-09-25 00:15:00,LINE_A,SHIFT_C,27.4,2.74,2.74,5.473,2.166
2026-09-25 00:30:00,LINE_A,SHIFT_C,26.14,2.614,2.614,4.981,2.318
2026-09-25 00:45:00,LINE_A,SHIFT_C,26.52,2.652,2.652,5.335,2.396
2026-09-25 01:00:00,LINE_A,SHIFT_C,25.4,2.54,2.54,5.712,2.442
2026-09-25 01:15:00,LINE_A,SHIFT_C,27.12,2.712,2.712,5.33,2.567
2026-09-25 01:30:00,LINE_A,SHIFT_C,24.65,2.465,2.465,5.138,2.569
2026-09-25 01:45:00,LINE_A,SHIFT_C,26.47,2.647,2.647,5.314,2.65
2026-09-25 02:00:00,LINE_A,SHIFT_C,29.33,2.933,2.933,5.079,2.356
2026-09-25 02:15:00,LINE_A,SHIFT_C,29.27,2.927,2.927,5.453,2.606
2026-09-25 02:30:00,LINE_A,SHIFT_C,27.04,2.704,2.704,5.522,2.606
2026-09-25 02:45:00,LINE_A,SHIFT_C,25.94,2.594,2.594,4.942,2.535
2026-09-25 03:00:00,LINE_A,SHIFT_C,26.78,2.678,2.678,4.956,2.696
2026-09-25 03:15:00,LINE_A,SHIFT_C,26.06,2.606,2.606,5.822,3.033
2026-09-25 03:30:00,LINE_A,SHIFT_C,28.87,2.887,2.887,5.377,2.526
2026-09-25 03:45:00,LINE_A,SHIFT_C,26.92,2.692,2.692,4.856,2.733
2026-09-25 04:00:00,LINE_A,SHIFT_C,26.65,2.665,2.665,5.942,2.828
2026-09-25 04:15:00,LINE_A,SHIFT_C,27.85,2.785,2.785,5.565,2.725
2026-09-25 04:30:00,LINE_A,SHIFT_C,29.25,2.925,2.925,5.245,2.509
2026-09-25 04:45:00,LINE_A,SHIFT_C,28.81,2.881,2.881,5.043,2.683
2026-09-25 05:00:00,LINE_A,SHIFT_C,27.2,2.72,2.72,5.564,2.5
2026-09-25 05:15:00,LINE_A,SHIFT_C,28.26,2.826,2.826,5.942,2.894
2026-09-25 05:30:00,LINE_A,SHIFT_C,26.22,2.622,2.622,5.754,2.505
2026-09-25 05:45:00,LINE_A,SHIFT_C,27.59,2.759,2.759,5.026,2.631
2026-09-25 06:00:00,LINE_A,SHIFT_A,33.17,3.317,3.317,7.069,3.23
2026-09-25 06:15:00,LINE_A,SHIFT_A,33.33,3.333,3.333,6.355,3.185
2026-09-25 06:30:00,LINE_A,SHIFT_A,34.42,3.442,3.442,6.716,3.063
2026-09-25 06:45:00,LINE_A,SHIFT_A,31.14,3.114,3.114,6.866,3.115
2026-09-25 07:00:00,LINE_A,SHIFT_A,33.15,3.315,3.315,6.606,3.103
2026-09-25 07:15:00,LINE_A,SHIFT_A,34.53,3.453,3.453,6.625,3.315
2026-09-25 07:30:00,LINE_A,SHIFT_A,33.45,3.345,3.345,6.823,2.813
2026-09-25 07:45:00,LINE_A,SHIFT_A,33.98,3.398,3.398,6.864,2.951
2026-09-25 08:00:00,LINE_A,SHIFT_A,32.82,3.282,3.282,6.691,2.887
2026-09-25 08:15:00,LINE_A,SHIFT_A,34.96,3.496,3.496,6.759,3.006
2026-09-25 08:30:00,LINE_A,SHIFT_A,36.19,3.619,3.619,6.798,3.157
2026-09-25 08:45:00,LINE_A,SHIFT_A,34.53,3.453,3.453,6.096,2.928
2026-09-25 09:00:00,LINE_A,SHIFT_A,35.04,3.504,3.504,6.287,3.028
2026-09-25 09:15:00,LINE_A,SHIFT_A,35.05,3.505,3.505,7.321,3.126
2026-09-25 09:30:00,LINE_A,SHIFT_A,37.18,3.718,3.718,7.09,2.955
2026-09-25 09:45:00,LINE_A,SHIFT_A,32.33,3.233,3.233,7.069,2.948
2026-09-25 10:00:00,LINE_A,SHIFT_A,34.15,3.415,3.415,6.877,2.883
2026-09-25 10:15:00,LINE_A,SHIFT_A,34.46,3.446,3.446,6.611,3.372
2026-09-25 10:30:00,LINE_A,SHIFT_A,35.79,3.579,3.579,7.275,2.767
2026-09-25 10:45:00,LINE_A,SHIFT_A,35.57,3.557,3.557,7.095,2.806
2026-09-25 11:00:00,LINE_A,SHIFT_A,36.43,3.643,3.643,7.002,2.665
2026-09-25 11:15:00,LINE_A,SHIFT_A,39.37,3.937,3.937,7.555,3.019
2026-09-25 11:30:00,LINE_A,SHIFT_A,30.75,3.075,3.075,6.35,2.971
2026-09-25 11:45:00,LINE_A,SHIFT_A,30.95,3.095,3.095,6.436,2.648
2026-09-25 12:00:00,LINE_A,SHIFT_A,37.83,3.783,3.783,6.879,2.933
2026-09-25 12:15:00,LINE_A,SHIFT_A,35.6,3.56,3.56,7.453,2.74
2026-09-25 12:30:00,LINE_A,SHIFT_A,35.48,3.548,3.548,7.111,2.645
2026-09-25 12:45:00,LINE_A,SHIFT_A,34.39,3.439,3.439,7.074,2.707
2026-09-25 13:00:00,LINE_A,SHIFT_A,35.59,3.559,3.559,6.75,2.81
2026-09-25 13:15:00,LINE_A,SHIFT_A,36.12,3.612,3.612,7.33,2.671
2026-09-25 13:30:00,LINE_A,SHIFT_A,35.41,3.541,3.541,7.541,2.868
2026-09-25 13:45:00,LINE_A,SHIFT_A,35.79,3.579,3.579,7.052,2.947
2026-09-25 14:00:00,LINE_A,SHIFT_B,38.74,3.874,3.874,7.712,2.739
2026-09-25 14:15:00,LINE_A,SHIFT_B,34.97,3.497,3.497,7.998,2.87
2026-09-25 14:30:00,LINE_A,SHIFT_B,35.71,3.571,3.571,7.735,2.985
2026-09-25 14:45:00,LINE_A,SHIFT_B,37.91,3.791,3.791,8.105,2.706
2026-09-25 15:00:00,LINE_A,SHIFT_B,37.6,3.76,3.76,6.968,2.956
2026-09-25 15:15:00,LINE_A,SHIFT_B,37.49,3.749,3.749,7.312,2.718
2026-09-25 15:30:00,LINE_A,SHIFT_B,38.05,3.805,3.805,7.315,2.78
2026-09-25 15:45:00,LINE_A,SHIFT_B,36.77,3.677,3.677,6.615,2.699
2026-09-25 16:00:00,LINE_A,SHIFT_B,33.98,3.398,3.398,6.648,2.785
2026-09-25 16:15:00,LINE_A,SHIFT_B,37.43,3.743,3.743,10.332,3.217
2026-09-25 16:30:00,LINE_A,SHIFT_B,37.01,3.701,3.701,9.835,2.991
2026-09-25 16:45:00,LINE_A,SHIFT_B,38.52,3.852,3.852,10.142,2.567
2026-09-25 17:00:00,LINE_A,SHIFT_B,35.74,3.574,3.574,10.771,2.9
2026-09-25 17:15:00,LINE_A,SHIFT_B,35.54,3.554,3.554,10.01,2.546
2026-09-25 17:30:00,LINE_A,SHIFT_B,34.54,3.454,3.454,10.409,2.652
2026-09-25 17:45:00,LINE_A,SHIFT_B,36.76,3.676,3.676,6.571,3.113
2026-09-25 18:00:00,LINE_A,SHIFT_B,35.3,3.53,3.53,6.826,3.06
2026-09-25 18:15:00,LINE_A,SHIFT_B,35.69,3.569,3.569,7.519,3.181
2026-09-25 18:30:00,LINE_A,SHIFT_B,37.41,3.741,3.741,7.047,2.769
2026-09-25 18:45:00,LINE_A,SHIFT_B,37.9,3.79,3.79,6.579,2.876
2026-09-25 19:00:00,LINE_A,SHIFT_B,30.41,3.041,3.041,6.685,2.808
2026-09-25 19:15:00,LINE_A,SHIFT_B,33.04,3.304,3.304,6.385,2.478
2026-09-25 19:30:00,LINE_A,SHIFT_B,38.53,3.853,3.853,6.797,3.562
2026-09-25 19:45:00,LINE_A,SHIFT_B,37.31,3.731,3.731,7.503,3.119
2026-09-25 20:00:00,LINE_A,SHIFT_B,34.49,3.449,3.449,7.125,2.906
2026-09-25 20:15:00,LINE_A,SHIFT_B,35.86,3.586,3.586,7.543,2.709
2026-09-25 20:30:00,LINE_A,SHIFT_B,35.26,3.526,3.526,7.381,3.164
2026-09-25 20:45:00,LINE_A,SHIFT_B,36.15,3.615,3.615,6.973,3.113
2026-09-25 21:00:00,LINE_A,SHIFT_B,35.21,3.521,3.521,7.673,2.735
2026-09-25 21:15:00,LINE_A,SHIFT_B,35.52,3.552,3.552,7.099,2.998
2026-09-25 21:30:00,LINE_A,SHIFT_B,36.41,3.641,3.641,7.391,2.85
2026-09-25 21:45:00,LINE_A,SHIFT_B,36.89,3.689,3.689,7.096,3.044
2026-09-25 22:00:00,LINE_A,SHIFT_C,26.92,2.692,2.692,5.418,2.529
2026-09-25 22:15:00,LINE_A,SHIFT_C,28.39,2.839,2.839,5.761,2.266
2026-09-25 22:30:00,LINE_A,SHIFT_C,27.91,2.791,2.791,5.829,2.817
2026-09-25 22:45:00,LINE_A,SHIFT_C,27.8,2.78,2.78,5.013,2.461
2026-09-25 23:00:00,LINE_A,SHIFT_C,25.78,2.578,2.578,4.988,2.537
2026-09-25 23:15:00,LINE_A,SHIFT_C,27.08,2.708,2.708,5.315,2.287
2026-09-25 23:30:00,LINE_A,SHIFT_C,28.3,2.83,2.83,4.647,2.718
2026-09-25 23:45:00,LINE_A,SHIFT_C,28.09,2.809,2.809,5.651,2.622
2026-09-26 00:00:00,LINE_A,SHIFT_C,24.57,2.457,2.457,4.74,1.939
2026-09-26 00:15:00,LINE_A,SHIFT_C,23.82,2.382,2.382,3.785,2.024
2026-09-26 00:30:00,LINE_A,SHIFT_C,21.6,2.16,2.16,4.703,2.272
2026-09-26 00:45:00,LINE_A,SHIFT_C,21.12,2.112,2.112,4.649,2.35
2026-09-26 01:00:00,LINE_A,SHIFT_C,23.18,2.318,2.318,4.941,2.761
2026-09-26 01:15:00,LINE_A,SHIFT_C,19.18,1.918,1.918,4.416,2.034
2026-09-26 01:30:00,LINE_A,SHIFT_C,22.39,2.239,2.239,4.421,1.932
2026-09-26 01:45:00,LINE_A,SHIFT_C,23.26,2.326,2.326,4.473,2.393
2026-09-26 02:00:00,LINE_A,SHIFT_C,22.16,2.216,2.216,3.925,2.019
2026-09-26 02:15:00,LINE_A,SHIFT_C,24.07,2.407,2.407,3.542,2.3
2026-09-26 02:30:00,LINE_A,SHIFT_C,21.94,2.194,2.194,4.286,1.82
2026-09-26 02:45:00,LINE_A,SHIFT_C,22.06,2.206,2.206,4.582,2.103
2026-09-26 03:00:00,LINE_A,SHIFT_C,21.38,2.138,2.138,3.369,2.045
2026-09-26 03:15:00,LINE_A,SHIFT_C,21.03,2.103,2.103,4.688,2.115
2026-09-26 03:30:00,LINE_A,SHIFT_C,22.08,2.208,2.208,4.535,2.384
2026-09-26 03:45:00,LINE_A,SHIFT_C,23.09,2.309,2.309,4.794,2.093
2026-09-26 04:00:00,LINE_A,SHIFT_C,20.71,2.071,2.071,4.815,2.381
2026-09-26 04:15:00,LINE_A,SHIFT_C,22.8,2.28,2.28,4.309,2.316
2026-09-26 04:30:00,LINE_A,SHIFT_C,21.73,2.173,2.173,4.214,1.978
2026-09-26 04:45:00,LINE_A,SHIFT_C,22.92,2.292,2.292,4.024,2.136
2026-09-26 05:00:00,LINE_A,SHIFT_C,21.05,2.105,2.105,4.913,2.24
2026-09-26 05:15:00,LINE_A,SHIFT_C,19.59,1.959,1.959,4.867,2.196
2026-09-26 05:30:00,LINE_A,SHIFT_C,23.18,2.318,2.318,3.981,1.946
2026-09-26 05:45:00,LINE_A,SHIFT_C,22.94,2.294,2.294,4.292,2.159
2026-09-26 06:00:00,LINE_A,SHIFT_A,27.37,2.737,2.737,5.827,2.856
2026-09-26 06:15:00,LINE_A,SHIFT_A,28.39,2.839,2.839,5.707,2.683
2026-09-26 06:30:00,LINE_A,SHIFT_A,28.43,2.843,2.843,4.835,2.71
2026-09-26 06:45:00,LINE_A,SHIFT_A,26.96,2.696,2.696,6.022,2.796
2026-09-26 07:00:00,LINE_A,SHIFT_A,25.55,2.555,2.555,4.959,2.753
2026-09-26 07:15:00,LINE_A,SHIFT_A,27.74,2.774,2.774,5.628,2.42
2026-09-26 07:30:00,LINE_A,SHIFT_A,29.09,2.909,2.909,6.039,2.567
2026-09-26 07:45:00,LINE_A,SHIFT_A,28.57,2.857,2.857,5.664,2.816
2026-09-26 08:00:00,LINE_A,SHIFT_A,28.67,2.867,2.867,5.276,2.722
2026-09-26 08:15:00,LINE_A,SHIFT_A,29.08,2.908,2.908,5.381,2.516
2026-09-26 08:30:00,LINE_A,SHIFT_A,25.65,2.565,2.565,6.529,2.651
2026-09-26 08:45:00,LINE_A,SHIFT_A,28.48,2.848,2.848,5.745,2.621
2026-09-26 09:00:00,LINE_A,SHIFT_A,31.21,3.121,3.121,5.096,2.428
2026-09-26 09:15:00,LINE_A,SHIFT_A,29.87,2.987,2.987,5.129,2.562
2026-09-26 09:30:00,LINE_A,SHIFT_A,29.96,2.996,2.996,5.668,2.859
2026-09-26 09:45:00,LINE_A,SHIFT_A,27.04,2.704,2.704,5.122,2.541
2026-09-26 10:00:00,LINE_A,SHIFT_A,29.83,2.983,2.983,6.004,2.503
2026-09-26 10:15:00,LINE_A,SHIFT_A,28.25,2.825,2.825,5.459,2.374
2026-09-26 10:30:00,LINE_A,SHIFT_A,29.37,2.937,2.937,5.595,2.473
2026-09-26 10:45:00,LINE_A,SHIFT_A,28.96,2.896,2.896,5.835,2.518
2026-09-26 11:00:00,LINE_A,SHIFT_A,28.53,2.853,2.853,6.37,2.219
2026-09-26 11:15:00,LINE_A,SHIFT_A,26.58,2.658,2.658,5.593,2.487
2026-09-26 11:30:00,LINE_A,SHIFT_A,27.08,2.708,2.708,5.013,2.481
2026-09-26 11:45:00,LINE_A,SHIFT_A,24.76,2.476,2.476,4.386,2.564
2026-09-26 12:00:00,LINE_A,SHIFT_A,27.78,2.778,2.778,6.376,2.548
2026-09-26 12:15:00,LINE_A,SHIFT_A,30.83,3.083,3.083,4.77,2.759
2026-09-26 12:30:00,LINE_A,SHIFT_A,30.64,3.064,3.064,5.742,2.307
2026-09-26 12:45:00,LINE_A,SHIFT_A,29.33,2.933,2.933,5.763,2.143
2026-09-26 13:00:00,LINE_A,SHIFT_A,30.0,3.0,3.0,5.983,2.561
2026-09-26 13:15:00,LINE_A,SHIFT_A,30.44,3.044,3.044,5.613,2.421
2026-09-26 13:30:00,LINE_A,SHIFT_A,29.18,2.918,2.918,5.657,2.151
2026-09-26 13:45:00,LINE_A,SHIFT_A,30.43,3.043,3.043,6.452,2.14
2026-09-26 14:00:00,LINE_A,SHIFT_B,32.92,3.292,3.292,6.007,2.484
2026-09-26 14:15:00,LINE_A,SHIFT_B,32.92,3.292,3.292,6.113,2.082
2026-09-26 14:30:00,LINE_A,SHIFT_B,26.29,2.629,2.629,5.971,2.036
2026-09-26 14:45:00,LINE_A,SHIFT_B,32.98,3.298,3.298,6.108,2.236
2026-09-26 15:00:00,LINE_A,SHIFT_B,29.39,2.939,2.939,6.336,2.412
2026-09-26 15:15:00,LINE_A,SHIFT_B,30.86,3.086,3.086,6.075,2.533
2026-09-26 15:30:00,LINE_A,SHIFT_B,32.77,3.277,3.277,6.29,2.985
2026-09-26 15:45:00,LINE_A,SHIFT_B,33.11,3.311,3.311,6.385,2.009
2026-09-26 16:00:00,LINE_A,SHIFT_B,31.76,3.176,3.176,6.497,2.514
2026-09-26 16:15:00,LINE_A,SHIFT_B,29.34,2.934,2.934,6.699,2.442
2026-09-26 16:30:00,LINE_A,SHIFT_B,30.92,3.092,3.092,6.78,2.468
2026-09-26 16:45:00,LINE_A,SHIFT_B,30.34,3.034,3.034,6.451,2.393
2026-09-26 17:00:00,LINE_A,SHIFT_B,30.01,3.001,3.001,5.891,2.325
2026-09-26 17:15:00,LINE_A,SHIFT_B,30.98,3.098,3.098,6.304,2.223
2026-09-26 17:30:00,LINE_A,SHIFT_B,27.93,2.793,2.793,5.735,2.709
2026-09-26 17:45:00,LINE_A,SHIFT_B,28.49,2.849,2.849,6.243,2.297
2026-09-26 18:00:00,LINE_A,SHIFT_B,30.55,3.055,3.055,5.984,2.098
2026-09-26 18:15:00,LINE_A,SHIFT_B,29.52,2.952,2.952,6.09,2.269
2026-09-26 18:30:00,LINE_A,SHIFT_B,29.34,2.934,2.934,5.508,2.367
2026-09-26 18:45:00,LINE_A,SHIFT_B,30.45,3.045,3.045,6.093,2.451
2026-09-26 19:00:00,LINE_A,SHIFT_B,23.2,2.32,2.32,5.398,2.483
2026-09-26 19:15:00,LINE_A,SHIFT_B,24.83,2.483,2.483,4.52,2.709
2026-09-26 19:30:00,LINE_A,SHIFT_B,29.75,2.975,2.975,5.288,2.563
2026-09-26 19:45:00,LINE_A,SHIFT_B,29.53,2.953,2.953,6.09,2.777
2026-09-26 20:00:00,LINE_A,SHIFT_B,29.04,2.904,2.904,6.855,2.457
2026-09-26 20:15:00,LINE_A,SHIFT_B,28.62,2.862,2.862,5.747,2.635
2026-09-26 20:30:00,LINE_A,SHIFT_B,31.31,3.131,3.131,5.123,2.329
2026-09-26 20:45:00,LINE_A,SHIFT_B,29.65,2.965,2.965,5.625,2.586
2026-09-26 21:00:00,LINE_A,SHIFT_B,27.65,2.765,2.765,5.771,2.742
2026-09-26 21:15:00,LINE_A,SHIFT_B,26.78,2.678,2.678,5.778,2.846
2026-09-26 21:30:00,LINE_A,SHIFT_B,27.32,2.732,2.732,5.626,2.783
2026-09-26 21:45:00,LINE_A,SHIFT_B,29.4,2.94,2.94,5.464,2.289
2026-09-26 22:00:00,LINE_A,SHIFT_C,21.56,2.156,2.156,4.585,2.198
2026-09-26 22:15:00,LINE_A,SHIFT_C,22.08,2.208,2.208,3.847,2.06
2026-09-26 22:30:00,LINE_A,SHIFT_C,21.28,2.128,2.128,4.582,1.995
2026-09-26 22:45:00,LINE_A,SHIFT_C,23.36,2.336,2.336,4.367,2.265
2026-09-26 23:00:00,LINE_A,SHIFT_C,23.14,2.314,2.314,4.042,2.413
2026-09-26 23:15:00,LINE_A,SHIFT_C,22.16,2.216,2.216,4.413,2.127
2026-09-26 23:30:00,LINE_A,SHIFT_C,21.26,2.126,2.126,5.015,2.006
2026-09-26 23:45:00,LINE_A,SHIFT_C,20.49,2.049,2.049,3.859,2.09
2026-09-27 00:00:00,LINE_A,SHIFT_C,21.93,2.193,2.193,4.841,2.257
2026-09-27 00:15:00,LINE_A,SHIFT_C,22.96,2.296,2.296,4.934,2.154
2026-09-27 00:30:00,LINE_A,SHIFT_C,22.49,2.249,2.249,4.683,2.394
2026-09-27 00:45:00,LINE_A,SHIFT_C,22.95,2.295,2.295,4.022,1.795
2026-09-27 01:00:00,LINE_A,SHIFT_C,22.57,2.257,2.257,4.911,2.307
2026-09-27 01:15:00,LINE_A,SHIFT_C,22.24,2.224,2.224,4.805,1.959
2026-09-27 01:30:00,LINE_A,SHIFT_C,20.6,2.06,2.06,4.449,2.264
2026-09-27 01:45:00,LINE_A,SHIFT_C,21.88,2.188,2.188,4.792,2.257
2026-09-27 02:00:00,LINE_A,SHIFT_C,23.36,2.336,2.336,4.214,2.43
2026-09-27 02:15:00,LINE_A,SHIFT_C,21.85,2.185,2.185,4.05,2.614
2026-09-27 02:30:00,LINE_A,SHIFT_C,22.48,2.248,2.248,4.346,2.161
2026-09-27 02:45:00,LINE_A,SHIFT_C,21.68,2.168,2.168,4.635,2.298
2026-09-27 03:00:00,LINE_A,SHIFT_C,23.03,2.303,2.303,4.04,2.299
2026-09-27 03:15:00,LINE_A,SHIFT_C,20.62,2.062,2.062,3.998,2.356
2026-09-27 03:30:00,LINE_A,SHIFT_C,22.99,2.299,2.299,4.534,2.097
2026-09-27 03:45:00,LINE_A,SHIFT_C,20.23,2.023,2.023,4.415,2.112
2026-09-27 04:00:00,LINE_A,SHIFT_C,22.91,2.291,2.291,4.326,2.255
2026-09-27 04:15:00,LINE_A,SHIFT_C,20.99,2.099,2.099,5.371,2.552
2026-09-27 04:30:00,LINE_A,SHIFT_C,23.92,2.392,2.392,4.301,2.62
2026-09-27 04:45:00,LINE_A,SHIFT_C,20.81,2.081,2.081,4.839,2.338
2026-09-27 05:00:00,LINE_A,SHIFT_C,24.46,2.446,2.446,4.967,2.477
2026-09-27 05:15:00,LINE_A,SHIFT_C,22.02,2.202,2.202,4.695,1.977
2026-09-27 05:30:00,LINE_A,SHIFT_C,22.24,2.224,2.224,4.626,2.194
2026-09-27 05:45:00,LINE_A,SHIFT_C,24.35,2.435,2.435,4.288,1.941
2026-09-27 06:00:00,LINE_A,SHIFT_A,27.79,2.779,2.779,5.401,2.492
2026-09-27 06:15:00,LINE_A,SHIFT_A,28.15,2.815,2.815,5.705,2.648
2026-09-27 06:30:00,LINE_A,SHIFT_A,28.33,2.833,2.833,5.164,2.39
2026-09-27 06:45:00,LINE_A,SHIFT_A,27.89,2.789,2.789,5.282,2.696
2026-09-27 07:00:00,LINE_A,SHIFT_A,25.49,2.549,2.549,5.11,2.558
2026-09-27 07:15:00,LINE_A,SHIFT_A,27.65,2.765,2.765,6.266,2.83
2026-09-27 07:30:00,LINE_A,SHIFT_A,28.55,2.855,2.855,5.15,2.587
2026-09-27 07:45:00,LINE_A,SHIFT_A,27.6,2.76,2.76,5.345,2.313
2026-09-27 08:00:00,LINE_A,SHIFT_A,29.79,2.979,2.979,5.552,2.712
2026-09-27 08:15:00,LINE_A,SHIFT_A,26.83,2.683,2.683,5.584,2.683
2026-09-27 08:30:00,LINE_A,SHIFT_A,28.59,2.859,2.859,5.675,2.641
2026-09-27 08:45:00,LINE_A,SHIFT_A,27.91,2.791,2.791,5.577,2.465
2026-09-27 09:00:00,LINE_A,SHIFT_A,28.15,2.815,2.815,5.39,2.517
2026-09-27 09:15:00,LINE_A,SHIFT_A,28.83,2.883,2.883,5.862,2.537
2026-09-27 09:30:00,LINE_A,SHIFT_A,29.36,2.936,2.936,6.254,2.657
2026-09-27 09:45:00,LINE_A,SHIFT_A,31.94,3.194,3.194,5.49,2.42
2026-09-27 10:00:00,LINE_A,SHIFT_A,30.29,3.029,3.029,5.373,2.71
2026-09-27 10:15:00,LINE_A,SHIFT_A,28.9,2.89,2.89,6.064,2.3
2026-09-27 10:30:00,LINE_A,SHIFT_A,30.41,3.041,3.041,6.035,2.368
2026-09-27 10:45:00,LINE_A,SHIFT_A,29.32,2.932,2.932,5.871,2.68
2026-09-27 11:00:00,LINE_A,SHIFT_A,27.16,2.716,2.716,5.661,2.708
2026-09-27 11:15:00,LINE_A,SHIFT_A,28.8,2.88,2.88,5.685,2.614
2026-09-27 11:30:00,LINE_A,SHIFT_A,25.36,2.536,2.536,5.523,2.067
2026-09-27 11:45:00,LINE_A,SHIFT_A,27.13,2.713,2.713,5.651,2.388
2026-09-27 12:00:00,LINE_A,SHIFT_A,29.6,2.96,2.96,6.401,3.055
2026-09-27 12:15:00,LINE_A,SHIFT_A,28.73,2.873,2.873,6.624,2.399
2026-09-27 12:30:00,LINE_A,SHIFT_A,29.89,2.989,2.989,5.486,2.391
2026-09-27 12:45:00,LINE_A,SHIFT_A,30.95,3.095,3.095,5.655,2.303
2026-09-27 13:00:00,LINE_A,SHIFT_A,33.15,3.315,3.315,5.832,2.604
2026-09-27 13:15:00,LINE_A,SHIFT_A,29.16,2.916,2.916,5.962,2.505
2026-09-27 13:30:00,LINE_A,SHIFT_A,27.72,2.772,2.772,6.297,1.98
2026-09-27 13:45:00,LINE_A,SHIFT_A,30.35,3.035,3.035,6.011,2.714
2026-09-27 14:00:00,LINE_A,SHIFT_B,31.74,3.174,3.174,5.944,2.39
2026-09-27 14:15:00,LINE_A,SHIFT_B,32.33,3.233,3.233,6.476,2.476
2026-09-27 14:30:00,LINE_A,SHIFT_B,32.33,3.233,3.233,5.777,2.272
2026-09-27 14:45:00,LINE_A,SHIFT_B,31.94,3.194,3.194,5.962,2.332
2026-09-27 15:00:00,LINE_A,SHIFT_B,32.37,3.237,3.237,5.734,2.353
2026-09-27 15:15:00,LINE_A,SHIFT_B,34.78,3.478,3.478,6.393,2.192
2026-09-27 15:30:00,LINE_A,SHIFT_B,32.09,3.209,3.209,9.06,2.526
2026-09-27 15:45:00,LINE_A,SHIFT_B,29.5,2.95,2.95,8.26,2.42
2026-09-27 16:00:00,LINE_A,SHIFT_B,31.51,3.151,3.151,6.417,2.228
2026-09-27 16:15:00,LINE_A,SHIFT_B,30.8,3.08,3.08,6.441,2.281
2026-09-27 16:30:00,LINE_A,SHIFT_B,28.48,2.848,2.848,6.263,2.342
2026-09-27 16:45:00,LINE_A,SHIFT_B,30.77,3.077,3.077,6.237,2.458
2026-09-27 17:00:00,LINE_A,SHIFT_B,28.76,2.876,2.876,5.92,2.122
2026-09-27 17:15:00,LINE_A,SHIFT_B,30.16,3.016,3.016,5.628,2.211
2026-09-27 17:30:00,LINE_A,SHIFT_B,30.38,3.038,3.038,6.193,2.213
2026-09-27 17:45:00,LINE_A,SHIFT_B,30.28,3.028,3.028,6.29,2.465
2026-09-27 18:00:00,LINE_A,SHIFT_B,32.6,3.26,3.26,5.354,2.701
2026-09-27 18:15:00,LINE_A,SHIFT_B,29.43,2.943,2.943,5.893,2.418
2026-09-27 18:30:00,LINE_A,SHIFT_B,32.39,3.239,3.239,5.79,2.097
2026-09-27 18:45:00,LINE_A,SHIFT_B,28.17,2.817,2.817,5.788,2.281
2026-09-27 19:00:00,LINE_A,SHIFT_B,25.8,2.58,2.58,4.994,2.248
2026-09-27 19:15:00,LINE_A,SHIFT_B,25.54,2.554,2.554,5.48,2.401
2026-09-27 19:30:00,LINE_A,SHIFT_B,30.2,3.02,3.02,5.926,2.831
2026-09-27 19:45:00,LINE_A,SHIFT_B,28.25,2.825,2.825,4.906,2.403
2026-09-27 20:00:00,LINE_A,SHIFT_B,30.28,3.028,3.028,5.307,2.315
2026-09-27 20:15:00,LINE_A,SHIFT_B,30.72,3.072,3.072,5.516,2.561
2026-09-27 20:30:00,LINE_A,SHIFT_B,29.28,2.928,2.928,6.074,2.295
2026-09-27 20:45:00,LINE_A,SHIFT_B,29.57,2.957,2.957,6.354,2.548
2026-09-27 21:00:00,LINE_A,SHIFT_B,28.72,2.872,2.872,5.889,2.801
2026-09-27 21:15:00,LINE_A,SHIFT_B,29.29,2.929,2.929,5.099,2.539
2026-09-27 21:30:00,LINE_A,SHIFT_B,28.66,2.866,2.866,6.072,2.64
2026-09-27 21:45:00,LINE_A,SHIFT_B,27.87,2.787,2.787,5.475,2.76
2026-09-27 22:00:00,LINE_A,SHIFT_C,22.78,2.278,2.278,4.454,1.993
2026-09-27 22:15:00,LINE_A,SHIFT_C,23.48,2.348,2.348,4.193,2.264
2026-09-27 22:30:00,LINE_A,SHIFT_C,18.7,1.87,1.87,4.125,2.296
2026-09-27 22:45:00,LINE_A,SHIFT_C,19.89,1.989,1.989,5.14,2.808
2026-09-27 23:00:00,LINE_A,SHIFT_C,21.04,2.104,2.104,3.807,2.071
2026-09-27 23:15:00,LINE_A,SHIFT_C,19.19,1.919,1.919,4.929,2.381
2026-09-27 23:30:00,LINE_A,SHIFT_C,21.47,2.147,2.147,5.069,2.321
2026-09-27 23:45:00,LINE_A,SHIFT_C,22.7,2.27,2.27,3.626,2.003
2026-09-28 00:00:00,LINE_A,SHIFT_C,26.83,2.683,2.683,5.732,2.252
2026-09-28 00:15:00,LINE_A,SHIFT_C,28.1,2.81,2.81,4.996,2.193
2026-09-28 00:30:00,LINE_A,SHIFT_C,24.72,2.472,2.472,5.153,2.483
2026-09-28 00:45:00,LINE_A,SHIFT_C,26.1,2.61,2.61,5.212,2.737
2026-09-28 01:00:00,LINE_A,SHIFT_C,26.62,2.662,2.662,5.086,2.312
2026-09-28 01:15:00,LINE_A,SHIFT_C,26.76,2.676,2.676,5.472,2.715
2026-09-28 01:30:00,LINE_A,SHIFT_C,25.56,2.556,2.556,5.522,2.235
2026-09-28 01:45:00,LINE_A,SHIFT_C,26.6,2.66,2.66,5.382,2.626
2026-09-28 02:00:00,LINE_A,SHIFT_C,26.13,2.613,2.613,4.674,2.42
2026-09-28 02:15:00,LINE_A,SHIFT_C,25.56,2.556,2.556,6.121,2.379
2026-09-28 02:30:00,LINE_A,SHIFT_C,26.7,2.67,2.67,5.255,2.711
2026-09-28 02:45:00,LINE_A,SHIFT_C,27.11,2.711,2.711,6.098,2.279
2026-09-28 03:00:00,LINE_A,SHIFT_C,26.23,2.623,2.623,5.64,2.681
2026-09-28 03:15:00,LINE_A,SHIFT_C,25.16,2.516,2.516,5.345,2.641
2026-09-28 03:30:00,LINE_A,SHIFT_C,27.07,2.707,2.707,5.57,2.547
2026-09-28 03:45:00,LINE_A,SHIFT_C,27.48,2.748,2.748,4.74,2.832
2026-09-28 04:00:00,LINE_A,SHIFT_C,25.76,2.576,2.576,5.04,2.474
2026-09-28 04:15:00,LINE_A,SHIFT_C,26.38,2.638,2.638,5.346,2.424
2026-09-28 04:30:00,LINE_A,SHIFT_C,26.43,2.643,2.643,5.456,3.037
2026-09-28 04:45:00,LINE_A,SHIFT_C,29.57,2.957,2.957,5.472,2.612
2026-09-28 05:00:00,LINE_A,SHIFT_C,27.56,2.756,2.756,5.404,2.115
2026-09-28 05:15:00,LINE_A,SHIFT_C,26.56,2.656,2.656,5.192,2.63
2026-09-28 05:30:00,LINE_A,SHIFT_C,27.06,2.706,2.706,5.669,2.633
2026-09-28 05:45:00,LINE_A,SHIFT_C,30.06,3.006,3.006,5.634,2.677
2026-09-28 06:00:00,LINE_A,SHIFT_A,33.71,3.371,3.371,6.684,3.341
2026-09-28 06:15:00,LINE_A,SHIFT_A,33.43,3.343,3.343,6.91,3.582
2026-09-28 06:30:00,LINE_A,SHIFT_A,32.18,3.218,3.218,7.165,3.166
2026-09-28 06:45:00,LINE_A,SHIFT_A,34.53,3.453,3.453,6.718,3.117
2026-09-28 07:00:00,LINE_A,SHIFT_A,33.24,3.324,3.324,6.432,3.164
2026-09-28 07:15:00,LINE_A,SHIFT_A,34.87,3.487,3.487,6.682,3.088
2026-09-28 07:30:00,LINE_A,SHIFT_A,34.21,3.421,3.421,7.021,3.056
2026-09-28 07:45:00,LINE_A,SHIFT_A,34.23,3.423,3.423,6.912,3.212
2026-09-28 08:00:00,LINE_A,SHIFT_A,33.15,3.315,3.315,6.491,3.161
2026-09-28 08:15:00,LINE_A,SHIFT_A,35.09,3.509,3.509,6.476,3.276
2026-09-28 08:30:00,LINE_A,SHIFT_A,35.61,3.561,3.561,7.354,3.251
2026-09-28 08:45:00,LINE_A,SHIFT_A,34.56,3.456,3.456,6.059,3.108
2026-09-28 09:00:00,LINE_A,SHIFT_A,32.82,3.282,3.282,6.997,2.75
2026-09-28 09:15:00,LINE_A,SHIFT_A,37.08,3.708,3.708,6.952,3.249
2026-09-28 09:30:00,LINE_A,SHIFT_A,36.68,3.668,3.668,7.021,2.945
2026-09-28 09:45:00,LINE_A,SHIFT_A,35.04,3.504,3.504,6.96,2.815
2026-09-28 10:00:00,LINE_A,SHIFT_A,33.62,3.362,3.362,6.335,3.02
2026-09-28 10:15:00,LINE_A,SHIFT_A,36.3,3.63,3.63,7.133,2.637
2026-09-28 10:30:00,LINE_A,SHIFT_A,34.77,3.477,3.477,6.258,2.885
2026-09-28 10:45:00,LINE_A,SHIFT_A,34.21,3.421,3.421,6.605,3.049
2026-09-28 11:00:00,LINE_A,SHIFT_A,35.02,3.502,3.502,7.219,2.809
2026-09-28 11:15:00,LINE_A,SHIFT_A,38.03,3.803,3.803,7.389,3.06
2026-09-28 11:30:00,LINE_A,SHIFT_A,32.88,3.288,3.288,6.225,3.043
2026-09-28 11:45:00,LINE_A,SHIFT_A,31.06,3.106,3.106,6.228,2.923
2026-09-28 12:00:00,LINE_A,SHIFT_A,35.54,3.554,3.554,6.455,2.705
2026-09-28 12:15:00,LINE_A,SHIFT_A,35.31,3.531,3.531,7.262,2.955
2026-09-28 12:30:00,LINE_A,SHIFT_A,35.28,3.528,3.528,6.061,2.927
2026-09-28 12:45:00,LINE_A,SHIFT_A,36.97,3.697,3.697,7.25,2.776
2026-09-28 13:00:00,LINE_A,SHIFT_A,34.03,3.403,3.403,7.332,2.468
2026-09-28 13:15:00,LINE_A,SHIFT_A,36.77,3.677,3.677,6.894,2.779
2026-09-28 13:30:00,LINE_A,SHIFT_A,33.85,3.385,3.385,7.147,2.599
2026-09-28 13:45:00,LINE_A,SHIFT_A,33.92,3.392,3.392,6.926,2.905
2026-09-28 14:00:00,LINE_A,SHIFT_B,38.15,3.815,3.815,7.891,2.609
2026-09-28 14:15:00,LINE_A,SHIFT_B,36.16,3.616,3.616,7.426,2.465
2026-09-28 14:30:00,LINE_A,SHIFT_B,38.12,3.812,3.812,7.255,2.684
2026-09-28 14:45:00,LINE_A,SHIFT_B,39.14,3.914,3.914,7.488,2.727
2026-09-28 15:00:00,LINE_A,SHIFT_B,35.74,3.574,3.574,7.584,2.837
2026-09-28 15:15:00,LINE_A,SHIFT_B,36.1,3.61,3.61,7.375,2.779
2026-09-28 15:30:00,LINE_A,SHIFT_B,38.8,3.88,3.88,7.777,2.71
2026-09-28 15:45:00,LINE_A,SHIFT_B,36.45,3.645,3.645,7.28,2.901
2026-09-28 16:00:00,LINE_A,SHIFT_B,38.25,3.825,3.825,7.25,2.685
2026-09-28 16:15:00,LINE_A,SHIFT_B,34.23,3.423,3.423,7.225,2.656
2026-09-28 16:30:00,LINE_A,SHIFT_B,37.55,3.755,3.755,7.129,2.951
2026-09-28 16:45:00,LINE_A,SHIFT_B,37.09,3.709,3.709,7.063,2.954
2026-09-28 17:00:00,LINE_A,SHIFT_B,37.19,3.719,3.719,7.679,2.575
2026-09-28 17:15:00,LINE_A,SHIFT_B,37.62,3.762,3.762,7.449,2.929
2026-09-28 17:30:00,LINE_A,SHIFT_B,38.22,3.822,3.822,8.052,3.115
2026-09-28 17:45:00,LINE_A,SHIFT_B,37.88,3.788,3.788,7.668,2.577
2026-09-28 18:00:00,LINE_A,SHIFT_B,37.11,3.711,3.711,7.463,2.726
2026-09-28 18:15:00,LINE_A,SHIFT_B,36.58,3.658,3.658,7.887,3.124
2026-09-28 18:30:00,LINE_A,SHIFT_B,38.0,3.8,3.8,6.508,3.05
2026-09-28 18:45:00,LINE_A,SHIFT_B,34.29,3.429,3.429,6.736,2.751
2026-09-28 19:00:00,LINE_A,SHIFT_B,29.89,2.989,2.989,6.234,2.741
2026-09-28 19:15:00,LINE_A,SHIFT_B,34.72,3.472,3.472,6.195,2.627
2026-09-28 19:30:00,LINE_A,SHIFT_B,36.42,3.642,3.642,7.23,3.072
2026-09-28 19:45:00,LINE_A,SHIFT_B,36.33,3.633,3.633,6.729,3.191
2026-09-28 20:00:00,LINE_A,SHIFT_B,37.43,3.743,3.743,6.533,3.298
2026-09-28 20:15:00,LINE_A,SHIFT_B,36.64,3.664,3.664,7.016,3.111
2026-09-28 20:30:00,LINE_A,SHIFT_B,35.59,3.559,3.559,7.545,2.851
2026-09-28 20:45:00,LINE_A,SHIFT_B,35.1,3.51,3.51,7.306,3.056
2026-09-28 21:00:00,LINE_A,SHIFT_B,35.47,3.547,3.547,7.58,2.823
2026-09-28 21:15:00,LINE_A,SHIFT_B,34.66,3.466,3.466,7.216,2.679
2026-09-28 21:30:00,LINE_A,SHIFT_B,36.82,3.682,3.682,6.91,2.937
2026-09-28 21:45:00,LINE_A,SHIFT_B,34.97,3.497,3.497,7.185,3.404
2026-09-28 22:00:00,LINE_A,SHIFT_C,26.78,2.678,2.678,5.112,2.223
2026-09-28 22:15:00,LINE_A,SHIFT_C,27.82,2.782,2.782,5.175,2.379
2026-09-28 22:30:00,LINE_A,SHIFT_C,28.12,2.812,2.812,5.215,2.471
2026-09-28 22:45:00,LINE_A,SHIFT_C,26.83,2.683,2.683,5.009,2.087
2026-09-28 23:00:00,LINE_A,SHIFT_C,24.59,2.459,2.459,6.072,2.927
2026-09-28 23:15:00,LINE_A,SHIFT_C,25.64,2.564,2.564,5.531,2.197
2026-09-28 23:30:00,LINE_A,SHIFT_C,25.73,2.573,2.573,5.016,2.466
2026-09-28 23:45:00,LINE_A,SHIFT_C,26.88,2.688,2.688,5.427,2.623
2026-09-29 00:00:00,LINE_A,SHIFT_C,26.77,2.677,2.677,5.245,2.897
2026-09-29 00:15:00,LINE_A,SHIFT_C,24.96,2.496,2.496,5.463,2.447
2026-09-29 00:30:00,LINE_A,SHIFT_C,27.42,2.742,2.742,5.153,2.539
2026-09-29 00:45:00,LINE_A,SHIFT_C,29.26,2.926,2.926,5.469,2.677
2026-09-29 01:00:00,LINE_A,SHIFT_C,27.78,2.778,2.778,5.613,2.29
2026-09-29 01:15:00,LINE_A,SHIFT_C,26.86,2.686,2.686,5.114,2.751
2026-09-29 01:30:00,LINE_A,SHIFT_C,26.45,2.645,2.645,5.458,2.633
2026-09-29 01:45:00,LINE_A,SHIFT_C,26.73,2.673,2.673,5.31,2.477
2026-09-29 02:00:00,LINE_A,SHIFT_C,27.41,2.741,2.741,5.785,2.915
2026-09-29 02:15:00,LINE_A,SHIFT_C,25.44,2.544,2.544,4.335,2.329
2026-09-29 02:30:00,LINE_A,SHIFT_C,28.26,2.826,2.826,5.526,2.416
2026-09-29 02:45:00,LINE_A,SHIFT_C,24.96,2.496,2.496,5.141,2.938
2026-09-29 03:00:00,LINE_A,SHIFT_C,26.5,2.65,2.65,5.306,2.362
2026-09-29 03:15:00,LINE_A,SHIFT_C,28.95,2.895,2.895,5.182,2.783
2026-09-29 03:30:00,LINE_A,SHIFT_C,26.83,2.683,2.683,5.017,2.339
2026-09-29 03:45:00,LINE_A,SHIFT_C,26.51,2.651,2.651,5.366,2.172
2026-09-29 04:00:00,LINE_A,SHIFT_C,26.38,2.638,2.638,5.478,2.479
2026-09-29 04:15:00,LINE_A,SHIFT_C,28.9,2.89,2.89,5.016,2.569
2026-09-29 04:30:00,LINE_A,SHIFT_C,27.0,2.7,2.7,5.122,2.266
2026-09-29 04:45:00,LINE_A,SHIFT_C,27.52,2.752,2.752,5.623,2.606
2026-09-29 05:00:00,LINE_A,SHIFT_C,26.74,2.674,2.674,5.535,2.4
2026-09-29 05:15:00,LINE_A,SHIFT_C,26.02,2.602,2.602,5.396,2.35
2026-09-29 05:30:00,LINE_A,SHIFT_C,24.76,2.476,2.476,5.345,2.391
2026-09-29 05:45:00,LINE_A,SHIFT_C,28.68,2.868,2.868,5.479,2.429
2026-09-29 06:00:00,LINE_A,SHIFT_A,34.1,3.41,3.41,6.826,3.13
2026-09-29 06:15:00,LINE_A,SHIFT_A,34.35,3.435,3.435,6.669,3.21
2026-09-29 06:30:00,LINE_A,SHIFT_A,32.9,3.29,3.29,6.654,2.679
2026-09-29 06:45:00,LINE_A,SHIFT_A,33.39,3.339,3.339,7.621,2.642
2026-09-29 07:00:00,LINE_A,SHIFT_A,34.99,3.499,3.499,7.43,3.142
2026-09-29 07:15:00,LINE_A,SHIFT_A,31.16,3.116,3.116,7.248,3.621
2026-09-29 07:30:00,LINE_A,SHIFT_A,34.83,3.483,3.483,6.662,3.161
2026-09-29 07:45:00,LINE_A,SHIFT_A,35.28,3.528,3.528,6.712,2.952
2026-09-29 08:00:00,LINE_A,SHIFT_A,34.48,3.448,3.448,6.779,3.081
2026-09-29 08:15:00,LINE_A,SHIFT_A,34.56,3.456,3.456,7.161,3.176
2026-09-29 08:30:00,LINE_A,SHIFT_A,35.98,3.598,3.598,7.085,3.307
2026-09-29 08:45:00,LINE_A,SHIFT_A,36.67,3.667,3.667,6.982,3.045
2026-09-29 09:00:00,LINE_A,SHIFT_A,33.9,3.39,3.39,7.086,2.916
2026-09-29 09:15:00,LINE_A,SHIFT_A,33.34,3.334,3.334,6.907,2.785
2026-09-29 09:30:00,LINE_A,SHIFT_A,35.47,3.547,3.547,6.281,2.584
2026-09-29 09:45:00,LINE_A,SHIFT_A,33.42,3.342,3.342,6.702,2.769
2026-09-29 10:00:00,LINE_A,SHIFT_A,36.64,3.664,3.664,7.765,2.629
2026-09-29 10:15:00,LINE_A,SHIFT_A,34.46,3.446,3.446,6.981,3.055
2026-09-29 10:30:00,LINE_A,SHIFT_A,38.31,3.831,3.831,7.254,3.095
2026-09-29 10:45:00,LINE_A,SHIFT_A,34.26,3.426,3.426,7.189,2.834
2026-09-29 11:00:00,LINE_A,SHIFT_A,36.27,3.627,3.627,6.869,2.679
2026-09-29 11:15:00,LINE_A,SHIFT_A,36.23,3.623,3.623,7.165,2.678
2026-09-29 11:30:00,LINE_A,SHIFT_A,32.76,3.276,3.276,6.125,2.61
2026-09-29 11:45:00,LINE_A,SHIFT_A,31.76,3.176,3.176,5.295,2.718
2026-09-29 12:00:00,LINE_A,SHIFT_A,37.0,3.7,3.7,7.163,3.047
2026-09-29 12:15:00,LINE_A,SHIFT_A,34.09,3.409,3.409,6.844,2.851
2026-09-29 12:30:00,LINE_A,SHIFT_A,36.06,3.606,3.606,6.984,2.58
2026-09-29 12:45:00,LINE_A,SHIFT_A,37.48,3.748,3.748,7.448,3.087
2026-09-29 13:00:00,LINE_A,SHIFT_A,35.09,3.509,3.509,7.276,2.766
2026-09-29 13:15:00,LINE_A,SHIFT_A,37.11,3.711,3.711,6.908,3.024
2026-09-29 13:30:00,LINE_A,SHIFT_A,34.93,3.493,3.493,6.75,2.649
2026-09-29 13:45:00,LINE_A,SHIFT_A,33.63,3.363,3.363,7.358,3.036
2026-09-29 14:00:00,LINE_A,SHIFT_B,36.86,3.686,3.686,7.476,2.435
2026-09-29 14:15:00,LINE_A,SHIFT_B,36.69,3.669,3.669,7.708,2.913
2026-09-29 14:30:00,LINE_A,SHIFT_B,37.45,3.745,3.745,8.292,2.723
2026-09-29 14:45:00,LINE_A,SHIFT_B,36.28,3.628,3.628,7.896,2.507
2026-09-29 15:00:00,LINE_A,SHIFT_B,36.84,3.684,3.684,7.648,2.994
2026-09-29 15:15:00,LINE_A,SHIFT_B,38.03,3.803,3.803,7.637,2.837
2026-09-29 15:30:00,LINE_A,SHIFT_B,36.35,3.635,3.635,7.494,2.842
2026-09-29 15:45:00,LINE_A,SHIFT_B,36.71,3.671,3.671,7.525,2.901
2026-09-29 16:00:00,LINE_A,SHIFT_B,38.01,3.801,3.801,7.539,3.165
2026-09-29 16:15:00,LINE_A,SHIFT_B,36.2,3.62,3.62,7.201,3.159
2026-09-29 16:30:00,LINE_A,SHIFT_B,37.05,3.705,3.705,7.568,2.671
2026-09-29 16:45:00,LINE_A,SHIFT_B,35.99,3.599,3.599,7.079,2.374
2026-09-29 17:00:00,LINE_A,SHIFT_B,36.01,3.601,3.601,7.547,3.023
2026-09-29 17:15:00,LINE_A,SHIFT_B,36.64,3.664,3.664,7.437,3.045
2026-09-29 17:30:00,LINE_A,SHIFT_B,36.26,3.626,3.626,7.15,2.889
2026-09-29 17:45:00,LINE_A,SHIFT_B,34.8,3.48,3.48,7.247,2.95
2026-09-29 18:00:00,LINE_A,SHIFT_B,37.4,3.74,3.74,11.031,2.9
2026-09-29 18:15:00,LINE_A,SHIFT_B,37.04,3.704,3.704,10.816,2.798
2026-09-29 18:30:00,LINE_A,SHIFT_B,37.56,3.756,3.756,10.149,2.682
2026-09-29 18:45:00,LINE_A,SHIFT_B,37.73,3.773,3.773,10.778,2.74
2026-09-29 19:00:00,LINE_A,SHIFT_B,31.34,3.134,3.134,9.314,3.009
2026-09-29 19:15:00,LINE_A,SHIFT_B,32.97,3.297,3.297,6.353,3.172
2026-09-29 19:30:00,LINE_A,SHIFT_B,35.17,3.517,3.517,6.647,2.636
2026-09-29 19:45:00,LINE_A,SHIFT_B,35.42,3.542,3.542,6.714,2.843
2026-09-29 20:00:00,LINE_A,SHIFT_B,38.76,3.876,3.876,6.97,2.745
2026-09-29 20:15:00,LINE_A,SHIFT_B,37.01,3.701,3.701,7.464,2.973
2026-09-29 20:30:00,LINE_A,SHIFT_B,35.83,3.583,3.583,7.04,3.06
2026-09-29 20:45:00,LINE_A,SHIFT_B,36.24,3.624,3.624,7.22,3.208
2026-09-29 21:00:00,LINE_A,SHIFT_B,35.36,3.536,3.536,6.177,3.203
2026-09-29 21:15:00,LINE_A,SHIFT_B,34.26,3.426,3.426,7.382,2.88
2026-09-29 21:30:00,LINE_A,SHIFT_B,33.55,3.355,3.355,6.925,3.066
2026-09-29 21:45:00,LINE_A,SHIFT_B,35.53,3.553,3.553,6.82,3.146
2026-09-29 22:00:00,LINE_A,SHIFT_C,27.72,2.772,2.772,5.695,2.479
2026-09-29 22:15:00,LINE_A,SHIFT_C,28.15,2.815,2.815,4.936,2.26
2026-09-29 22:30:00,LINE_A,SHIFT_C,26.19,2.619,2.619,5.644,2.067
2026-09-29 22:45:00,LINE_A,SHIFT_C,25.05,2.505,2.505,5.638,2.612
2026-09-29 23:00:00,LINE_A,SHIFT_C,29.35,2.935,2.935,5.65,2.146
2026-09-29 23:15:00,LINE_A,SHIFT_C,28.54,2.854,2.854,5.371,2.654
2026-09-29 23:30:00,LINE_A,SHIFT_C,26.99,2.699,2.699,5.576,2.398
2026-09-29 23:45:00,LINE_A,SHIFT_C,28.62,2.862,2.862,5.952,2.625
2026-09-30 00:00:00,LINE_A,SHIFT_C,26.89,2.689,2.689,5.249,2.544
2026-09-30 00:15:00,LINE_A,SHIFT_C,26.81,2.681,2.681,5.107,2.665
2026-09-30 00:30:00,LINE_A,SHIFT_C,26.46,2.646,2.646,5.509,2.41
2026-09-30 00:45:00,LINE_A,SHIFT_C,29.35,2.935,2.935,5.312,2.927
2026-09-30 01:00:00,LINE_A,SHIFT_C,27.12,2.712,2.712,5.504,2.659
2026-09-30 01:15:00,LINE_A,SHIFT_C,26.92,2.692,2.692,5.434,2.373
2026-09-30 01:30:00,LINE_A,SHIFT_C,25.95,2.595,2.595,5.805,2.509
2026-09-30 01:45:00,LINE_A,SHIFT_C,27.69,2.769,2.769,5.721,2.975
2026-09-30 02:00:00,LINE_A,SHIFT_C,27.51,2.751,2.751,5.617,2.891
2026-09-30 02:15:00,LINE_A,SHIFT_C,26.59,2.659,2.659,5.706,2.657
2026-09-30 02:30:00,LINE_A,SHIFT_C,25.78,2.578,2.578,5.806,2.647
2026-09-30 02:45:00,LINE_A,SHIFT_C,26.5,2.65,2.65,5.399,2.526
2026-09-30 03:00:00,LINE_A,SHIFT_C,27.86,2.786,2.786,4.709,2.793
2026-09-30 03:15:00,LINE_A,SHIFT_C,26.9,2.69,2.69,5.913,3.137
2026-09-30 03:30:00,LINE_A,SHIFT_C,24.89,2.489,2.489,5.193,3.078
2026-09-30 03:45:00,LINE_A,SHIFT_C,28.7,2.87,2.87,5.517,2.363
2026-09-30 04:00:00,LINE_A,SHIFT_C,25.04,2.504,2.504,5.479,2.616
2026-09-30 04:15:00,LINE_A,SHIFT_C,25.56,2.556,2.556,5.554,2.809
2026-09-30 04:30:00,LINE_A,SHIFT_C,27.85,2.785,2.785,5.525,2.474
2026-09-30 04:45:00,LINE_A,SHIFT_C,28.11,2.811,2.811,5.38,2.686
2026-09-30 05:00:00,LINE_A,SHIFT_C,28.54,2.854,2.854,5.243,2.596
2026-09-30 05:15:00,LINE_A,SHIFT_C,27.24,2.724,2.724,5.009,2.313
2026-09-30 05:30:00,LINE_A,SHIFT_C,29.04,2.904,2.904,5.561,2.408
2026-09-30 05:45:00,LINE_A,SHIFT_C,27.02,2.702,2.702,5.595,2.607
2026-09-30 06:00:00,LINE_A,SHIFT_A,32.02,3.202,3.202,6.714,3.63
2026-09-30 06:15:00,LINE_A,SHIFT_A,33.26,3.326,3.326,6.629,2.914
2026-09-30 06:30:00,LINE_A,SHIFT_A,32.35,3.235,3.235,6.762,3.485
2026-09-30 06:45:00,LINE_A,SHIFT_A,34.83,3.483,3.483,6.781,3.284
2026-09-30 07:00:00,LINE_A,SHIFT_A,34.94,3.494,3.494,7.4,3.124
2026-09-30 07:15:00,LINE_A,SHIFT_A,32.5,3.25,3.25,6.874,3.462
2026-09-30 07:30:00,LINE_A,SHIFT_A,36.48,3.648,3.648,6.602,2.62
2026-09-30 07:45:00,LINE_A,SHIFT_A,33.26,3.326,3.326,7.258,2.876
2026-09-30 08:00:00,LINE_A,SHIFT_A,32.67,3.267,3.267,6.647,3.506
2026-09-30 08:15:00,LINE_A,SHIFT_A,33.71,3.371,3.371,6.526,2.857
2026-09-30 08:30:00,LINE_A,SHIFT_A,34.68,3.468,3.468,7.055,3.126
2026-09-30 08:45:00,LINE_A,SHIFT_A,35.55,3.555,3.555,7.334,3.208
2026-09-30 09:00:00,LINE_A,SHIFT_A,34.39,3.439,3.439,7.227,3.064
2026-09-30 09:15:00,LINE_A,SHIFT_A,33.6,3.36,3.36,7.035,2.672
2026-09-30 09:30:00,LINE_A,SHIFT_A,34.63,3.463,3.463,6.956,3.067
2026-09-30 09:45:00,LINE_A,SHIFT_A,35.28,3.528,3.528,7.025,3.13
2026-09-30 10:00:00,LINE_A,SHIFT_A,34.03,3.403,3.403,7.421,2.643
2026-09-30 10:15:00,LINE_A,SHIFT_A,35.25,3.525,3.525,7.223,2.72
2026-09-30 10:30:00,LINE_A,SHIFT_A,34.5,3.45,3.45,7.056,3.08
2026-09-30 10:45:00,LINE_A,SHIFT_A,33.61,3.361,3.361,7.33,2.885
2026-09-30 11:00:00,LINE_A,SHIFT_A,35.36,3.536,3.536,7.26,2.821
2026-09-30 11:15:00,LINE_A,SHIFT_A,37.86,3.786,3.786,7.021,2.612
2026-09-30 11:30:00,LINE_A,SHIFT_A,31.1,3.11,3.11,6.8,3.027
2026-09-30 11:45:00,LINE_A,SHIFT_A,31.44,3.144,3.144,5.972,3.196
2026-09-30 12:00:00,LINE_A,SHIFT_A,35.56,3.556,3.556,7.542,2.761
2026-09-30 12:15:00,LINE_A,SHIFT_A,35.18,3.518,3.518,6.701,3.222
2026-09-30 12:30:00,LINE_A,SHIFT_A,37.27,3.727,3.727,6.949,2.845
2026-09-30 12:45:00,LINE_A,SHIFT_A,35.64,3.564,3.564,7.789,3.071
2026-09-30 13:00:00,LINE_A,SHIFT_A,36.27,3.627,3.627,7.107,2.46
2026-09-30 13:15:00,LINE_A,SHIFT_A,36.35,3.635,3.635,6.597,2.656
2026-09-30 13:30:00,LINE_A,SHIFT_A,35.17,3.517,3.517,6.977,2.745
2026-09-30 13:45:00,LINE_A,SHIFT_A,36.27,3.627,3.627,6.562,2.928
2026-09-30 14:00:00,LINE_A,SHIFT_B,37.93,3.793,3.793,6.886,2.721
2026-09-30 14:15:00,LINE_A,SHIFT_B,36.21,3.621,3.621,7.715,2.97
2026-09-30 14:30:00,LINE_A,SHIFT_B,36.04,3.604,3.604,7.695,2.776
2026-09-30 14:45:00,LINE_A,SHIFT_B,36.74,3.674,3.674,7.594,2.761
2026-09-30 15:00:00,LINE_A,SHIFT_B,38.11,3.811,3.811,7.663,2.312
2026-09-30 15:15:00,LINE_A,SHIFT_B,34.31,3.431,3.431,7.006,2.907
2026-09-30 15:30:00,LINE_A,SHIFT_B,36.19,3.619,3.619,7.4,2.685
2026-09-30 15:45:00,LINE_A,SHIFT_B,36.78,3.678,3.678,8.013,2.561
2026-09-30 16:00:00,LINE_A,SHIFT_B,37.84,3.784,3.784,7.017,2.636
2026-09-30 16:15:00,LINE_A,SHIFT_B,35.17,3.517,3.517,7.583,2.86
2026-09-30 16:30:00,LINE_A,SHIFT_B,35.7,3.57,3.57,7.406,2.974
2026-09-30 16:45:00,LINE_A,SHIFT_B,36.01,3.601,3.601,7.243,2.986
2026-09-30 17:00:00,LINE_A,SHIFT_B,40.88,4.088,4.088,7.439,2.76
2026-09-30 17:15:00,LINE_A,SHIFT_B,38.28,3.828,3.828,7.457,2.553
2026-09-30 17:30:00,LINE_A,SHIFT_B,37.97,3.797,3.797,7.77,3.232
2026-09-30 17:45:00,LINE_A,SHIFT_B,36.42,3.642,3.642,7.37,3.237
2026-09-30 18:00:00,LINE_A,SHIFT_B,36.2,3.62,3.62,7.462,2.58
2026-09-30 18:15:00,LINE_A,SHIFT_B,36.79,3.679,3.679,7.151,2.938
2026-09-30 18:30:00,LINE_A,SHIFT_B,35.34,3.534,3.534,6.866,2.822
2026-09-30 18:45:00,LINE_A,SHIFT_B,34.33,3.433,3.433,7.06,3.024
2026-09-30 19:00:00,LINE_A,SHIFT_B,31.82,3.182,3.182,6.08,2.814
2026-09-30 19:15:00,LINE_A,SHIFT_B,30.65,3.065,3.065,6.202,3.095
2026-09-30 19:30:00,LINE_A,SHIFT_B,33.8,3.38,3.38,6.996,2.855
2026-09-30 19:45:00,LINE_A,SHIFT_B,36.01,3.601,3.601,7.377,2.999
2026-09-30 20:00:00,LINE_A,SHIFT_B,36.21,3.621,3.621,7.504,2.838
2026-09-30 20:15:00,LINE_A,SHIFT_B,37.2,3.72,3.72,7.406,3.018
2026-09-30 20:30:00,LINE_A,SHIFT_B,36.53,3.653,3.653,6.893,3.092
2026-09-30 20:45:00,LINE_A,SHIFT_B,33.1,3.31,3.31,7.113,3.14
2026-09-30 21:00:00,LINE_A,SHIFT_B,34.89,3.489,3.489,6.684,2.906
2026-09-30 21:15:00,LINE_A,SHIFT_B,35.06,3.506,3.506,7.685,2.773
2026-09-30 21:30:00,LINE_A,SHIFT_B,35.65,3.565,3.565,7.013,3.084
2026-09-30 21:45:00,LINE_A,SHIFT_B,33.77,3.377,3.377,6.782,3.25
2026-09-30 22:00:00,LINE_A,SHIFT_C,24.53,2.453,2.453,5.687,2.085
2026-09-30 22:15:00,LINE_A,SHIFT_C,27.37,2.737,2.737,5.166,2.437
2026-09-30 22:30:00,LINE_A,SHIFT_C,27.46,2.746,2.746,5.5,2.699
2026-09-30 22:45:00,LINE_A,SHIFT_C,27.85,2.785,2.785,5.337,2.421
2026-09-30 23:00:00,LINE_A,SHIFT_C,27.83,2.783,2.783,4.728,2.554
2026-09-30 23:15:00,LINE_A,SHIFT_C,25.76,2.576,2.576,5.36,2.299
2026-09-30 23:30:00,LINE_A,SHIFT_C,26.95,2.695,2.695,5.252,2.475
2026-09-30 23:45:00,LINE_A,SHIFT_C,25.44,2.544,2.544,6.025,2.673
2026-10-01 00:00:00,LINE_A,SHIFT_C,28.43,2.843,2.843,5.273,3.213
2026-10-01 00:15:00,LINE_A,SHIFT_C,26.31,2.631,2.631,5.411,2.656
2026-10-01 00:30:00,LINE_A,SHIFT_C,26.47,2.647,2.647,5.21,2.581
2026-10-01 00:45:00,LINE_A,SHIFT_C,27.25,2.725,2.725,5.31,2.581
2026-10-01 01:00:00,LINE_A,SHIFT_C,28.44,2.844,2.844,5.26,2.57
2026-10-01 01:15:00,LINE_A,SHIFT_C,27.37,2.737,2.737,5.128,2.983
2026-10-01 01:30:00,LINE_A,SHIFT_C,26.97,2.697,2.697,5.716,2.639
2026-10-01 01:45:00,LINE_A,SHIFT_C,23.93,2.393,2.393,5.387,2.481
2026-10-01 02:00:00,LINE_A,SHIFT_C,24.55,2.455,2.455,5.414,2.904
2026-10-01 02:15:00,LINE_A,SHIFT_C,25.98,2.598,2.598,5.813,2.956
2026-10-01 02:30:00,LINE_A,SHIFT_C,23.77,2.377,2.377,5.523,2.436
2026-10-01 02:45:00,LINE_A,SHIFT_C,27.18,2.718,2.718,4.948,2.626
2026-10-01 03:00:00,LINE_A,SHIFT_C,27.42,2.742,2.742,5.55,2.701
2026-10-01 03:15:00,LINE_A,SHIFT_C,27.04,2.704,2.704,4.74,2.395
2026-10-01 03:30:00,LINE_A,SHIFT_C,28.3,2.83,2.83,5.275,2.538
2026-10-01 03:45:00,LINE_A,SHIFT_C,27.23,2.723,2.723,5.167,2.177
2026-10-01 04:00:00,LINE_A,SHIFT_C,28.26,2.826,2.826,5.789,2.567
2026-10-01 04:15:00,LINE_A,SHIFT_C,27.45,2.745,2.745,5.363,2.763
2026-10-01 04:30:00,LINE_A,SHIFT_C,27.98,2.798,2.798,5.675,2.746
2026-10-01 04:45:00,LINE_A,SHIFT_C,29.46,2.946,2.946,5.28,2.633
2026-10-01 05:00:00,LINE_A,SHIFT_C,26.57,2.657,2.657,5.922,2.266
2026-10-01 05:15:00,LINE_A,SHIFT_C,27.26,2.726,2.726,5.509,2.607
2026-10-01 05:30:00,LINE_A,SHIFT_C,28.77,2.877,2.877,5.44,2.66
2026-10-01 05:45:00,LINE_A,SHIFT_C,26.71,2.671,2.671,5.546,2.22
2026-10-01 06:00:00,LINE_A,SHIFT_A,35.59,3.559,3.559,6.554,3.176
2026-10-01 06:15:00,LINE_A,SHIFT_A,33.26,3.326,3.326,7.111,3.098
2026-10-01 06:30:00,LINE_A,SHIFT_A,33.48,3.348,3.348,6.662,3.399
2026-10-01 06:45:00,LINE_A,SHIFT_A,33.94,3.394,3.394,7.025,3.296
2026-10-01 07:00:00,LINE_A,SHIFT_A,34.45,3.445,3.445,6.956,3.423
2026-10-01 07:15:00,LINE_A,SHIFT_A,35.86,3.586,3.586,7.303,3.115
2026-10-01 07:30:00,LINE_A,SHIFT_A,33.81,3.381,3.381,6.887,2.978
2026-10-01 07:45:00,LINE_A,SHIFT_A,37.45,3.745,3.745,7.426,3.016
2026-10-01 08:00:00,LINE_A,SHIFT_A,34.08,3.408,3.408,7.009,2.803
2026-10-01 08:15:00,LINE_A,SHIFT_A,35.29,3.529,3.529,7.447,3.258
2026-10-01 08:30:00,LINE_A,SHIFT_A,35.59,3.559,3.559,6.62,2.612
2026-10-01 08:45:00,LINE_A,SHIFT_A,34.14,3.414,3.414,7.466,2.816
2026-10-01 09:00:00,LINE_A,SHIFT_A,33.33,3.333,3.333,7.492,3.062
2026-10-01 09:15:00,LINE_A,SHIFT_A,35.4,3.54,3.54,6.514,3.27
2026-10-01 09:30:00,LINE_A,SHIFT_A,34.47,3.447,3.447,6.143,2.71
2026-10-01 09:45:00,LINE_A,SHIFT_A,34.51,3.451,3.451,7.536,2.761
2026-10-01 10:00:00,LINE_A,SHIFT_A,34.18,3.418,3.418,7.542,2.82
2026-10-01 10:15:00,LINE_A,SHIFT_A,34.99,3.499,3.499,7.012,2.509
2026-10-01 10:30:00,LINE_A,SHIFT_A,37.37,3.737,3.737,7.071,2.982
2026-10-01 10:45:00,LINE_A,SHIFT_A,34.71,3.471,3.471,7.067,2.747
2026-10-01 11:00:00,LINE_A,SHIFT_A,35.18,3.518,3.518,6.819,3.121
2026-10-01 11:15:00,LINE_A,SHIFT_A,36.23,3.623,3.623,6.909,3.072
2026-10-01 11:30:00,LINE_A,SHIFT_A,30.46,3.046,3.046,6.395,2.82
2026-10-01 11:45:00,LINE_A,SHIFT_A,32.85,3.285,3.285,6.737,2.54
2026-10-01 12:00:00,LINE_A,SHIFT_A,34.24,3.424,3.424,7.702,3.107
2026-10-01 12:15:00,LINE_A,SHIFT_A,34.98,3.498,3.498,7.042,2.925
2026-10-01 12:30:00,LINE_A,SHIFT_A,36.05,3.605,3.605,7.196,2.629
2026-10-01 12:45:00,LINE_A,SHIFT_A,34.65,3.465,3.465,7.186,2.705
2026-10-01 13:00:00,LINE_A,SHIFT_A,37.3,3.73,3.73,6.6,3.033
2026-10-01 13:15:00,LINE_A,SHIFT_A,36.71,3.671,3.671,7.24,2.837
2026-10-01 13:30:00,LINE_A,SHIFT_A,37.71,3.771,3.771,7.089,2.589
2026-10-01 13:45:00,LINE_A,SHIFT_A,37.57,3.757,3.757,7.513,2.952
2026-10-01 14:00:00,LINE_A,SHIFT_B,37.99,3.799,3.799,7.503,3.123
2026-10-01 14:15:00,LINE_A,SHIFT_B,39.09,3.909,3.909,7.733,2.462
2026-10-01 14:30:00,LINE_A,SHIFT_B,35.87,3.587,3.587,6.875,2.431
2026-10-01 14:45:00,LINE_A,SHIFT_B,38.69,3.869,3.869,7.93,2.885
2026-10-01 15:00:00,LINE_A,SHIFT_B,37.2,3.72,3.72,7.814,2.901
2026-10-01 15:15:00,LINE_A,SHIFT_B,36.75,3.675,3.675,7.43,3.043
2026-10-01 15:30:00,LINE_A,SHIFT_B,35.0,3.5,3.5,7.727,2.814
2026-10-01 15:45:00,LINE_A,SHIFT_B,37.4,3.74,3.74,7.728,2.917
2026-10-01 16:00:00,LINE_A,SHIFT_B,38.82,3.882,3.882,7.085,2.932
2026-10-01 16:15:00,LINE_A,SHIFT_B,39.66,3.966,3.966,7.492,2.518
2026-10-01 16:30:00,LINE_A,SHIFT_B,35.81,3.581,3.581,6.8,2.963
2026-10-01 16:45:00,LINE_A,SHIFT_B,38.19,3.819,3.819,6.825,2.722
2026-10-01 17:00:00,LINE_A,SHIFT_B,36.5,3.65,3.65,7.515,2.839
2026-10-01 17:15:00,LINE_A,SHIFT_B,40.88,4.088,4.088,7.136,2.295
2026-10-01 17:30:00,LINE_A,SHIFT_B,37.8,3.78,3.78,6.998,2.65
2026-10-01 17:45:00,LINE_A,SHIFT_B,37.52,3.752,3.752,7.925,2.854
2026-10-01 18:00:00,LINE_A,SHIFT_B,35.36,3.536,3.536,7.484,2.903
2026-10-01 18:15:00,LINE_A,SHIFT_B,38.53,3.853,3.853,7.423,2.683
2026-10-01 18:30:00,LINE_A,SHIFT_B,38.26,3.826,3.826,7.691,2.98
2026-10-01 18:45:00,LINE_A,SHIFT_B,36.93,3.693,3.693,6.804,2.621
2026-10-01 19:00:00,LINE_A,SHIFT_B,31.41,3.141,3.141,6.146,3.012
2026-10-01 19:15:00,LINE_A,SHIFT_B,31.09,3.109,3.109,5.977,2.732
2026-10-01 19:30:00,LINE_A,SHIFT_B,37.41,3.741,3.741,6.991,3.026
2026-10-01 19:45:00,LINE_A,SHIFT_B,35.1,3.51,3.51,7.148,3.449
2026-10-01 20:00:00,LINE_A,SHIFT_B,34.67,3.467,3.467,6.943,3.255
2026-10-01 20:15:00,LINE_A,SHIFT_B,35.76,3.576,3.576,7.394,3.069
2026-10-01 20:30:00,LINE_A,SHIFT_B,35.35,3.535,3.535,6.984,3.405
2026-10-01 20:45:00,LINE_A,SHIFT_B,35.17,3.517,3.517,7.592,3.183
2026-10-01 21:00:00,LINE_A,SHIFT_B,34.89,3.489,3.489,6.101,2.774
2026-10-01 21:15:00,LINE_A,SHIFT_B,36.75,3.675,3.675,6.78,3.049
2026-10-01 21:30:00,LINE_A,SHIFT_B,36.05,3.605,3.605,6.525,2.828
2026-10-01 21:45:00,LINE_A,SHIFT_B,35.0,3.5,3.5,7.115,3.299
2026-10-01 22:00:00,LINE_A,SHIFT_C,27.05,2.705,2.705,5.582,2.336
2026-10-01 22:15:00,LINE_A,SHIFT_C,27.6,2.76,2.76,4.816,2.411
2026-10-01 22:30:00,LINE_A,SHIFT_C,26.67,2.667,2.667,5.459,2.601
2026-10-01 22:45:00,LINE_A,SHIFT_C,25.81,2.581,2.581,5.802,2.623
2026-10-01 23:00:00,LINE_A,SHIFT_C,26.26,2.626,2.626,5.486,2.724
2026-10-01 23:15:00,LINE_A,SHIFT_C,27.74,2.774,2.774,5.25,2.357
2026-10-01 23:30:00,LINE_A,SHIFT_C,27.2,2.72,2.72,4.93,2.259
2026-10-01 23:45:00,LINE_A,SHIFT_C,25.64,2.564,2.564,5.321,2.338
2026-10-02 00:00:00,LINE_A,SHIFT_C,27.05,2.705,2.705,6.188,2.18
2026-10-02 00:15:00,LINE_A,SHIFT_C,25.65,2.565,2.565,5.082,2.684
2026-10-02 00:30:00,LINE_A,SHIFT_C,25.63,2.563,2.563,4.929,2.401
2026-10-02 00:45:00,LINE_A,SHIFT_C,26.89,2.689,2.689,5.438,2.553
2026-10-02 01:00:00,LINE_A,SHIFT_C,26.5,2.65,2.65,5.542,2.695
2026-10-02 01:15:00,LINE_A,SHIFT_C,27.9,2.79,2.79,5.063,2.859
2026-10-02 01:30:00,LINE_A,SHIFT_C,27.47,2.747,2.747,5.286,2.893
2026-10-02 01:45:00,LINE_A,SHIFT_C,25.15,2.515,2.515,6.043,2.597
2026-10-02 02:00:00,LINE_A,SHIFT_C,26.81,2.681,2.681,5.529,2.656
2026-10-02 02:15:00,LINE_A,SHIFT_C,26.03,2.603,2.603,5.687,2.922
2026-10-02 02:30:00,LINE_A,SHIFT_C,26.48,2.648,2.648,5.781,2.807
2026-10-02 02:45:00,LINE_A,SHIFT_C,26.91,2.691,2.691,4.741,2.56
2026-10-02 03:00:00,LINE_A,SHIFT_C,26.68,2.668,2.668,5.372,2.564
2026-10-02 03:15:00,LINE_A,SHIFT_C,28.52,2.852,2.852,5.667,2.951
2026-10-02 03:30:00,LINE_A,SHIFT_C,28.35,2.835,2.835,5.061,2.521
2026-10-02 03:45:00,LINE_A,SHIFT_C,26.09,2.609,2.609,5.163,2.65
2026-10-02 04:00:00,LINE_A,SHIFT_C,26.37,2.637,2.637,4.843,2.737
2026-10-02 04:15:00,LINE_A,SHIFT_C,27.05,2.705,2.705,5.205,2.944
2026-10-02 04:30:00,LINE_A,SHIFT_C,24.95,2.495,2.495,5.316,2.563
2026-10-02 04:45:00,LINE_A,SHIFT_C,25.9,2.59,2.59,5.367,2.905
2026-10-02 05:00:00,LINE_A,SHIFT_C,26.94,2.694,2.694,5.247,2.295
2026-10-02 05:15:00,LINE_A,SHIFT_C,27.61,2.761,2.761,5.599,2.424
2026-10-02 05:30:00,LINE_A,SHIFT_C,29.76,2.976,2.976,5.802,2.584
2026-10-02 05:45:00,LINE_A,SHIFT_C,24.09,2.409,2.409,5.717,2.51
2026-10-02 06:00:00,LINE_A,SHIFT_A,33.85,3.385,3.385,7.287,3.194
2026-10-02 06:15:00,LINE_A,SHIFT_A,30.92,3.092,3.092,6.709,3.332
2026-10-02 06:30:00,LINE_A,SHIFT_A,33.68,3.368,3.368,7.279,3.214
2026-10-02 06:45:00,LINE_A,SHIFT_A,33.48,3.348,3.348,7.291,3.354
2026-10-02 07:00:00,LINE_A,SHIFT_A,34.74,3.474,3.474,6.338,3.231
2026-10-02 07:15:00,LINE_A,SHIFT_A,32.15,3.215,3.215,6.835,3.143
2026-10-02 07:30:00,LINE_A,SHIFT_A,35.53,3.553,3.553,7.044,2.889
2026-10-02 07:45:00,LINE_A,SHIFT_A,34.88,3.488,3.488,7.132,3.138
2026-10-02 08:00:00,LINE_A,SHIFT_A,32.44,3.244,3.244,6.171,3.895
2026-10-02 08:15:00,LINE_A,SHIFT_A,36.51,3.651,3.651,7.257,2.945
2026-10-02 08:30:00,LINE_A,SHIFT_A,32.98,3.298,3.298,7.272,3.055
2026-10-02 08:45:00,LINE_A,SHIFT_A,35.66,3.566,3.566,6.86,3.097
2026-10-02 09:00:00,LINE_A,SHIFT_A,36.14,3.614,3.614,7.108,2.859
2026-10-02 09:15:00,LINE_A,SHIFT_A,36.35,3.635,3.635,6.784,2.921
2026-10-02 09:30:00,LINE_A,SHIFT_A,35.31,3.531,3.531,7.244,3.07
2026-10-02 09:45:00,LINE_A,SHIFT_A,33.08,3.308,3.308,6.617,2.648
2026-10-02 10:00:00,LINE_A,SHIFT_A,36.54,3.654,3.654,7.069,2.953
2026-10-02 10:15:00,LINE_A,SHIFT_A,36.58,3.658,3.658,7.277,2.855
2026-10-02 10:30:00,LINE_A,SHIFT_A,34.12,3.412,3.412,7.188,2.973
2026-10-02 10:45:00,LINE_A,SHIFT_A,34.92,3.492,3.492,7.749,3.122
2026-10-02 11:00:00,LINE_A,SHIFT_A,37.31,3.731,3.731,7.196,2.622
2026-10-02 11:15:00,LINE_A,SHIFT_A,34.86,3.486,3.486,6.765,2.993
2026-10-02 11:30:00,LINE_A,SHIFT_A,30.81,3.081,3.081,6.692,2.879
2026-10-02 11:45:00,LINE_A,SHIFT_A,30.07,3.007,3.007,6.687,3.192
2026-10-02 12:00:00,LINE_A,SHIFT_A,35.65,3.565,3.565,6.819,2.724
2026-10-02 12:15:00,LINE_A,SHIFT_A,35.41,3.541,3.541,7.594,2.82
2026-10-02 12:30:00,LINE_A,SHIFT_A,34.9,3.49,3.49,7.195,3.03
2026-10-02 12:45:00,LINE_A,SHIFT_A,33.28,3.328,3.328,6.761,2.707
2026-10-02 13:00:00,LINE_A,SHIFT_A,37.32,3.732,3.732,6.854,2.731
2026-10-02 13:15:00,LINE_A,SHIFT_A,38.11,3.811,3.811,6.63,3.124
2026-10-02 13:30:00,LINE_A,SHIFT_A,35.82,3.582,3.582,6.792,3.113
2026-10-02 13:45:00,LINE_A,SHIFT_A,35.74,3.574,3.574,7.38,2.903
2026-10-02 14:00:00,LINE_A,SHIFT_B,37.41,3.741,3.741,7.366,2.752
2026-10-02 14:15:00,LINE_A,SHIFT_B,37.32,3.732,3.732,7.011,2.708
2026-10-02 14:30:00,LINE_A,SHIFT_B,37.03,3.703,3.703,7.303,2.835
2026-10-02 14:45:00,LINE_A,SHIFT_B,38.62,3.862,3.862,7.517,2.709
2026-10-02 15:00:00,LINE_A,SHIFT_B,39.93,3.993,3.993,7.571,2.41
2026-10-02 15:15:00,LINE_A,SHIFT_B,37.86,3.786,3.786,7.698,2.621
2026-10-02 15:30:00,LINE_A,SHIFT_B,36.08,3.608,3.608,7.299,2.716
2026-10-02 15:45:00,LINE_A,SHIFT_B,36.19,3.619,3.619,8.503,2.607
2026-10-02 16:00:00,LINE_A,SHIFT_B,34.51,3.451,3.451,7.725,2.818
2026-10-02 16:15:00,LINE_A,SHIFT_B,38.27,3.827,3.827,7.425,2.537
2026-10-02 16:30:00,LINE_A,SHIFT_B,35.88,3.588,3.588,7.426,3.11
2026-10-02 16:45:00,LINE_A,SHIFT_B,35.74,3.574,3.574,7.024,2.843
2026-10-02 17:00:00,LINE_A,SHIFT_B,35.99,3.599,3.599,7.542,2.72
2026-10-02 17:15:00,LINE_A,SHIFT_B,37.34,3.734,3.734,6.963,2.799
2026-10-02 17:30:00,LINE_A,SHIFT_B,36.29,3.629,3.629,7.186,2.781
2026-10-02 17:45:00,LINE_A,SHIFT_B,37.5,3.75,3.75,7.31,2.668
2026-10-02 18:00:00,LINE_A,SHIFT_B,36.88,3.688,3.688,6.958,2.649
2026-10-02 18:15:00,LINE_A,SHIFT_B,38.01,3.801,3.801,7.068,2.882
2026-10-02 18:30:00,LINE_A,SHIFT_B,34.32,3.432,3.432,6.691,2.43
2026-10-02 18:45:00,LINE_A,SHIFT_B,37.51,3.751,3.751,7.745,2.784
2026-10-02 19:00:00,LINE_A,SHIFT_B,33.12,3.312,3.312,5.856,3.076
2026-10-02 19:15:00,LINE_A,SHIFT_B,31.01,3.101,3.101,6.225,2.575
2026-10-02 19:30:00,LINE_A,SHIFT_B,36.78,3.678,3.678,6.428,2.974
2026-10-02 19:45:00,LINE_A,SHIFT_B,33.0,3.3,3.3,7.307,2.961
2026-10-02 20:00:00,LINE_A,SHIFT_B,36.74,3.674,3.674,6.603,3.05
2026-10-02 20:15:00,LINE_A,SHIFT_B,34.25,3.425,3.425,7.001,3.01
2026-10-02 20:30:00,LINE_A,SHIFT_B,34.66,3.466,3.466,6.639,2.816
2026-10-02 20:45:00,LINE_A,SHIFT_B,35.98,3.598,3.598,6.916,3.107
2026-10-02 21:00:00,LINE_A,SHIFT_B,34.58,3.458,3.458,6.451,2.803
2026-10-02 21:15:00,LINE_A,SHIFT_B,36.88,3.688,3.688,7.606,3.109
2026-10-02 21:30:00,LINE_A,SHIFT_B,31.57,3.157,3.157,7.865,2.84
2026-10-02 21:45:00,LINE_A,SHIFT_B,34.93,3.493,3.493,6.79,3.481
2026-10-02 22:00:00,LINE_A,SHIFT_C,26.12,2.612,2.612,5.55,2.576
2026-10-02 22:15:00,LINE_A,SHIFT_C,28.15,2.815,2.815,5.178,2.273
2026-10-02 22:30:00,LINE_A,SHIFT_C,27.41,2.741,2.741,6.322,2.281
2026-10-02 22:45:00,LINE_A,SHIFT_C,25.15,2.515,2.515,5.13,2.718
2026-10-02 23:00:00,LINE_A,SHIFT_C,25.54,2.554,2.554,5.045,2.578
2026-10-02 23:15:00,LINE_A,SHIFT_C,27.18,2.718,2.718,4.784,2.362
2026-10-02 23:30:00,LINE_A,SHIFT_C,28.7,2.87,2.87,4.632,2.508
2026-10-02 23:45:00,LINE_A,SHIFT_C,28.21,2.821,2.821,5.438,2.382
2026-10-03 00:00:00,LINE_A,SHIFT_C,22.02,2.202,2.202,4.622,2.308
2026-10-03 00:15:00,LINE_A,SHIFT_C,22.1,2.21,2.21,4.313,2.23
2026-10-03 00:30:00,LINE_A,SHIFT_C,24.16,2.416,2.416,4.479,2.234
2026-10-03 00:45:00,LINE_A,SHIFT_C,22.03,2.203,2.203,3.831,2.007
2026-10-03 01:00:00,LINE_A,SHIFT_C,22.62,2.262,2.262,4.637,2.206
2026-10-03 01:15:00,LINE_A,SHIFT_C,20.89,2.089,2.089,4.315,2.281
2026-10-03 01:30:00,LINE_A,SHIFT_C,22.19,2.219,2.219,4.679,1.967
2026-10-03 01:45:00,LINE_A,SHIFT_C,20.21,2.021,2.021,3.821,1.979
2026-10-03 02:00:00,LINE_A,SHIFT_C,20.75,2.075,2.075,4.16,2.236
2026-10-03 02:15:00,LINE_A,SHIFT_C,23.25,2.325,2.325,4.713,1.975
2026-10-03 02:30:00,LINE_A,SHIFT_C,21.59,2.159,2.159,4.142,2.333
2026-10-03 02:45:00,LINE_A,SHIFT_C,22.9,2.29,2.29,4.553,2.615
2026-10-03 03:00:00,LINE_A,SHIFT_C,20.67,2.067,2.067,4.316,2.014
2026-10-03 03:15:00,LINE_A,SHIFT_C,23.27,2.327,2.327,4.767,2.328
2026-10-03 03:30:00,LINE_A,SHIFT_C,21.81,2.181,2.181,4.621,2.24
2026-10-03 03:45:00,LINE_A,SHIFT_C,24.15,2.415,2.415,4.545,2.371
2026-10-03 04:00:00,LINE_A,SHIFT_C,19.79,1.979,1.979,4.208,2.51
2026-10-03 04:15:00,LINE_A,SHIFT_C,23.8,2.38,2.38,4.475,2.356
2026-10-03 04:30:00,LINE_A,SHIFT_C,21.97,2.197,2.197,4.804,1.803
2026-10-03 04:45:00,LINE_A,SHIFT_C,22.08,2.208,2.208,4.162,2.597
2026-10-03 05:00:00,LINE_A,SHIFT_C,22.64,2.264,2.264,4.966,2.212
2026-10-03 05:15:00,LINE_A,SHIFT_C,22.19,2.219,2.219,4.478,2.537
2026-10-03 05:30:00,LINE_A,SHIFT_C,22.34,2.234,2.234,4.05,1.766
2026-10-03 05:45:00,LINE_A,SHIFT_C,24.14,2.414,2.414,4.694,2.174
2026-10-03 06:00:00,LINE_A,SHIFT_A,28.3,2.83,2.83,5.187,2.505
2026-10-03 06:15:00,LINE_A,SHIFT_A,27.48,2.748,2.748,4.718,2.459
2026-10-03 06:30:00,LINE_A,SHIFT_A,28.03,2.803,2.803,5.555,2.634
2026-10-03 06:45:00,LINE_A,SHIFT_A,28.72,2.872,2.872,5.575,2.745
2026-10-03 07:00:00,LINE_A,SHIFT_A,26.63,2.663,2.663,5.876,2.527
2026-10-03 07:15:00,LINE_A,SHIFT_A,29.3,2.93,2.93,4.882,2.601
2026-10-03 07:30:00,LINE_A,SHIFT_A,25.87,2.587,2.587,6.181,2.879
2026-10-03 07:45:00,LINE_A,SHIFT_A,29.34,2.934,2.934,5.585,2.557
2026-10-03 08:00:00,LINE_A,SHIFT_A,26.95,2.695,2.695,5.586,2.403
2026-10-03 08:15:00,LINE_A,SHIFT_A,28.83,2.883,2.883,6.234,2.567
2026-10-03 08:30:00,LINE_A,SHIFT_A,28.4,2.84,2.84,6.008,2.444
2026-10-03 08:45:00,LINE_A,SHIFT_A,30.19,3.019,3.019,6.036,2.717
2026-10-03 09:00:00,LINE_A,SHIFT_A,30.8,3.08,3.08,5.403,2.297
2026-10-03 09:15:00,LINE_A,SHIFT_A,25.88,2.588,2.588,5.874,2.95
2026-10-03 09:30:00,LINE_A,SHIFT_A,28.93,2.893,2.893,5.778,2.501
2026-10-03 09:45:00,LINE_A,SHIFT_A,28.9,2.89,2.89,5.745,2.251
2026-10-03 10:00:00,LINE_A,SHIFT_A,30.83,3.083,3.083,5.657,3.928
2026-10-03 10:15:00,LINE_A,SHIFT_A,30.98,3.098,3.098,5.477,3.679
2026-10-03 10:30:00,LINE_A,SHIFT_A,30.2,3.02,3.02,5.832,3.986
2026-10-03 10:45:00,LINE_A,SHIFT_A,29.66,2.966,2.966,5.605,3.948
2026-10-03 11:00:00,LINE_A,SHIFT_A,30.13,3.013,3.013,5.658,2.434
2026-10-03 11:15:00,LINE_A,SHIFT_A,31.29,3.129,3.129,6.136,2.227
2026-10-03 11:30:00,LINE_A,SHIFT_A,23.96,2.396,2.396,5.154,2.053
2026-10-03 11:45:00,LINE_A,SHIFT_A,24.69,2.469,2.469,5.326,2.564
2026-10-03 12:00:00,LINE_A,SHIFT_A,29.78,2.978,2.978,5.98,2.115
2026-10-03 12:15:00,LINE_A,SHIFT_A,28.28,2.828,2.828,5.463,2.554
2026-10-03 12:30:00,LINE_A,SHIFT_A,27.75,2.775,2.775,6.108,2.741
2026-10-03 12:45:00,LINE_A,SHIFT_A,29.94,2.994,2.994,5.091,2.233
2026-10-03 13:00:00,LINE_A,SHIFT_A,27.13,2.713,2.713,6.228,2.462
2026-10-03 13:15:00,LINE_A,SHIFT_A,29.3,2.93,2.93,5.816,2.167
2026-10-03 13:30:00,LINE_A,SHIFT_A,27.99,2.799,2.799,6.031,2.616
2026-10-03 13:45:00,LINE_A,SHIFT_A,28.17,2.817,2.817,5.589,2.067
2026-10-03 14:00:00,LINE_A,SHIFT_B,30.94,3.094,3.094,5.937,2.389
2026-10-03 14:15:00,LINE_A,SHIFT_B,27.2,2.72,2.72,6.257,2.443
2026-10-03 14:30:00,LINE_A,SHIFT_B,32.12,3.212,3.212,6.075,2.76
2026-10-03 14:45:00,LINE_A,SHIFT_B,30.34,3.034,3.034,6.366,2.533
2026-10-03 15:00:00,LINE_A,SHIFT_B,32.47,3.247,3.247,6.04,2.458
2026-10-03 15:15:00,LINE_A,SHIFT_B,29.53,2.953,2.953,6.434,1.895
2026-10-03 15:30:00,LINE_A,SHIFT_B,31.74,3.174,3.174,6.569,2.301
2026-10-03 15:45:00,LINE_A,SHIFT_B,31.9,3.19,3.19,6.174,2.546
2026-10-03 16:00:00,LINE_A,SHIFT_B,30.59,3.059,3.059,5.909,2.149
2026-10-03 16:15:00,LINE_A,SHIFT_B,29.06,2.906,2.906,5.748,2.4
2026-10-03 16:30:00,LINE_A,SHIFT_B,32.6,3.26,3.26,6.147,2.207
2026-10-03 16:45:00,LINE_A,SHIFT_B,30.02,3.002,3.002,5.536,2.552
2026-10-03 17:00:00,LINE_A,SHIFT_B,29.91,2.991,2.991,6.268,2.34
2026-10-03 17:15:00,LINE_A,SHIFT_B,30.55,3.055,3.055,5.554,2.496
2026-10-03 17:30:00,LINE_A,SHIFT_B,31.23,3.123,3.123,5.519,2.636
2026-10-03 17:45:00,LINE_A,SHIFT_B,29.48,2.948,2.948,5.383,2.206
2026-10-03 18:00:00,LINE_A,SHIFT_B,30.84,3.084,3.084,6.127,1.941
2026-10-03 18:15:00,LINE_A,SHIFT_B,29.41,2.941,2.941,6.468,2.115
2026-10-03 18:30:00,LINE_A,SHIFT_B,30.43,3.043,3.043,6.613,2.403
2026-10-03 18:45:00,LINE_A,SHIFT_B,29.26,2.926,2.926,5.518,2.923
2026-10-03 19:00:00,LINE_A,SHIFT_B,23.4,2.34,2.34,5.394,2.345
2026-10-03 19:15:00,LINE_A,SHIFT_B,26.75,2.675,2.675,5.923,2.499
2026-10-03 19:30:00,LINE_A,SHIFT_B,29.37,2.937,2.937,6.128,2.54
2026-10-03 19:45:00,LINE_A,SHIFT_B,29.26,2.926,2.926,6.166,2.69
2026-10-03 20:00:00,LINE_A,SHIFT_B,28.58,2.858,2.858,6.38,2.481
2026-10-03 20:15:00,LINE_A,SHIFT_B,29.19,2.919,2.919,5.418,2.881
2026-10-03 20:30:00,LINE_A,SHIFT_B,29.03,2.903,2.903,5.515,2.587
2026-10-03 20:45:00,LINE_A,SHIFT_B,26.9,2.69,2.69,6.225,2.715
2026-10-03 21:00:00,LINE_A,SHIFT_B,31.77,3.177,3.177,5.695,2.325
2026-10-03 21:15:00,LINE_A,SHIFT_B,30.05,3.005,3.005,5.585,2.66
2026-10-03 21:30:00,LINE_A,SHIFT_B,27.32,2.732,2.732,5.533,2.788
2026-10-03 21:45:00,LINE_A,SHIFT_B,26.8,2.68,2.68,4.943,2.275
2026-10-03 22:00:00,LINE_A,SHIFT_C,20.97,2.097,2.097,4.011,1.766
2026-10-03 22:15:00,LINE_A,SHIFT_C,21.79,2.179,2.179,4.841,1.943
2026-10-03 22:30:00,LINE_A,SHIFT_C,23.13,2.313,2.313,4.626,1.703
2026-10-03 22:45:00,LINE_A,SHIFT_C,22.07,2.207,2.207,3.994,2.224
2026-10-03 23:00:00,LINE_A,SHIFT_C,22.23,2.223,2.223,4.554,2.131
2026-10-03 23:15:00,LINE_A,SHIFT_C,20.43,2.043,2.043,4.453,2.305
2026-10-03 23:30:00,LINE_A,SHIFT_C,22.27,2.227,2.227,4.45,2.076
2026-10-03 23:45:00,LINE_A,SHIFT_C,20.44,2.044,2.044,4.631,2.115
2026-10-04 00:00:00,LINE_A,SHIFT_C,20.43,2.043,2.043,4.394,2.016
2026-10-04 00:15:00,LINE_A,SHIFT_C,20.27,2.027,2.027,4.506,2.474
2026-10-04 00:30:00,LINE_A,SHIFT_C,22.07,2.207,2.207,4.619,2.224
2026-10-04 00:45:00,LINE_A,SHIFT_C,23.53,2.353,2.353,4.383,2.303
2026-10-04 01:00:00,LINE_A,SHIFT_C,23.79,2.379,2.379,4.798,2.041
2026-10-04 01:15:00,LINE_A,SHIFT_C,19.1,1.91,1.91,4.314,2.279
2026-10-04 01:30:00,LINE_A,SHIFT_C,24.43,2.443,2.443,4.606,2.126
2026-10-04 01:45:00,LINE_A,SHIFT_C,23.53,2.353,2.353,5.039,2.363
2026-10-04 02:00:00,LINE_A,SHIFT_C,21.98,2.198,2.198,4.538,1.916
2026-10-04 02:15:00,LINE_A,SHIFT_C,22.07,2.207,2.207,4.522,2.552
2026-10-04 02:30:00,LINE_A,SHIFT_C,22.66,2.266,2.266,3.99,2.112
2026-10-04 02:45:00,LINE_A,SHIFT_C,21.66,2.166,2.166,3.944,2.493
2026-10-04 03:00:00,LINE_A,SHIFT_C,21.05,2.105,2.105,4.021,2.088
2026-10-04 03:15:00,LINE_A,SHIFT_C,21.32,2.132,2.132,4.553,2.516
2026-10-04 03:30:00,LINE_A,SHIFT_C,22.9,2.29,2.29,4.805,2.277
2026-10-04 03:45:00,LINE_A,SHIFT_C,20.78,2.078,2.078,4.413,2.012
2026-10-04 04:00:00,LINE_A,SHIFT_C,22.44,2.244,2.244,4.052,2.231
2026-10-04 04:15:00,LINE_A,SHIFT_C,22.17,2.217,2.217,4.286,2.288
2026-10-04 04:30:00,LINE_A,SHIFT_C,22.57,2.257,2.257,4.289,1.65
2026-10-04 04:45:00,LINE_A,SHIFT_C,21.28,2.128,2.128,4.654,2.269
2026-10-04 05:00:00,LINE_A,SHIFT_C,23.72,2.372,2.372,3.989,2.011
2026-10-04 05:15:00,LINE_A,SHIFT_C,20.31,2.031,2.031,4.179,2.215
2026-10-04 05:30:00,LINE_A,SHIFT_C,22.69,2.269,2.269,4.413,2.163
2026-10-04 05:45:00,LINE_A,SHIFT_C,22.66,2.266,2.266,4.393,1.887
2026-10-04 06:00:00,LINE_A,SHIFT_A,28.27,2.827,2.827,5.605,2.912
2026-10-04 06:15:00,LINE_A,SHIFT_A,28.01,2.801,2.801,5.502,2.609
2026-10-04 06:30:00,LINE_A,SHIFT_A,28.76,2.876,2.876,4.953,2.558
2026-10-04 06:45:00,LINE_A,SHIFT_A,28.88,2.888,2.888,5.364,2.998
2026-10-04 07:00:00,LINE_A,SHIFT_A,28.39,2.839,2.839,5.315,2.683
2026-10-04 07:15:00,LINE_A,SHIFT_A,29.18,2.918,2.918,5.293,2.543
2026-10-04 07:30:00,LINE_A,SHIFT_A,27.26,2.726,2.726,5.58,2.957
2026-10-04 07:45:00,LINE_A,SHIFT_A,28.84,2.884,2.884,5.41,2.633
2026-10-04 08:00:00,LINE_A,SHIFT_A,31.42,3.142,3.142,5.693,2.383
2026-10-04 08:15:00,LINE_A,SHIFT_A,26.48,2.648,2.648,5.576,2.53
2026-10-04 08:30:00,LINE_A,SHIFT_A,27.72,2.772,2.772,6.155,3.018
2026-10-04 08:45:00,LINE_A,SHIFT_A,24.65,2.465,2.465,6.169,2.662
2026-10-04 09:00:00,LINE_A,SHIFT_A,29.32,2.932,2.932,6.352,2.58
2026-10-04 09:15:00,LINE_A,SHIFT_A,29.95,2.995,2.995,5.605,2.573
2026-10-04 09:30:00,LINE_A,SHIFT_A,29.85,2.985,2.985,5.626,2.085
2026-10-04 09:45:00,LINE_A,SHIFT_A,28.39,2.839,2.839,5.429,1.56
2026-10-04 10:00:00,LINE_A,SHIFT_A,29.0,2.9,2.9,6.289,2.732
2026-10-04 10:15:00,LINE_A,SHIFT_A,30.74,3.074,3.074,5.966,2.53
2026-10-04 10:30:00,LINE_A,SHIFT_A,29.68,2.968,2.968,5.09,2.292
2026-10-04 10:45:00,LINE_A,SHIFT_A,29.35,2.935,2.935,5.853,2.113
2026-10-04 11:00:00,LINE_A,SHIFT_A,29.88,2.988,2.988,6.155,2.361
2026-10-04 11:15:00,LINE_A,SHIFT_A,27.14,2.714,2.714,5.566,2.524
2026-10-04 11:30:00,LINE_A,SHIFT_A,26.74,2.674,2.674,5.09,2.555
2026-10-04 11:45:00,LINE_A,SHIFT_A,26.72,2.672,2.672,5.276,2.797
2026-10-04 12:00:00,LINE_A,SHIFT_A,27.94,2.794,2.794,5.665,2.647
2026-10-04 12:15:00,LINE_A,SHIFT_A,29.22,2.922,2.922,5.696,2.344
2026-10-04 12:30:00,LINE_A,SHIFT_A,30.06,3.006,3.006,5.543,2.507
2026-10-04 12:45:00,LINE_A,SHIFT_A,27.53,2.753,2.753,5.869,2.3
2026-10-04 13:00:00,LINE_A,SHIFT_A,29.39,2.939,2.939,6.165,2.401
2026-10-04 13:15:00,LINE_A,SHIFT_A,28.24,2.824,2.824,5.918,2.394
2026-10-04 13:30:00,LINE_A,SHIFT_A,29.96,2.996,2.996,6.07,2.157
2026-10-04 13:45:00,LINE_A,SHIFT_A,30.99,3.099,3.099,5.967,2.306
2026-10-04 14:00:00,LINE_A,SHIFT_B,29.57,2.957,2.957,6.807,1.819
2026-10-04 14:15:00,LINE_A,SHIFT_B,31.07,3.107,3.107,6.357,2.483
2026-10-04 14:30:00,LINE_A,SHIFT_B,29.23,2.923,2.923,6.542,2.794
2026-10-04 14:45:00,LINE_A,SHIFT_B,32.84,3.284,3.284,6.494,2.711
2026-10-04 15:00:00,LINE_A,SHIFT_B,30.01,3.001,3.001,6.339,2.523
2026-10-04 15:15:00,LINE_A,SHIFT_B,31.49,3.149,3.149,6.252,2.532
2026-10-04 15:30:00,LINE_A,SHIFT_B,29.37,2.937,2.937,8.791,2.343
2026-10-04 15:45:00,LINE_A,SHIFT_B,31.2,3.12,3.12,8.912,2.392
2026-10-04 16:00:00,LINE_A,SHIFT_B,29.04,2.904,2.904,9.01,2.146
2026-10-04 16:15:00,LINE_A,SHIFT_B,27.72,2.772,2.772,9.055,2.52
2026-10-04 16:30:00,LINE_A,SHIFT_B,29.29,2.929,2.929,5.785,2.512
2026-10-04 16:45:00,LINE_A,SHIFT_B,28.19,2.819,2.819,6.562,2.023
2026-10-04 17:00:00,LINE_A,SHIFT_B,29.67,2.967,2.967,6.208,2.266
2026-10-04 17:15:00,LINE_A,SHIFT_B,30.0,3.0,3.0,5.994,2.416
2026-10-04 17:30:00,LINE_A,SHIFT_B,30.57,3.057,3.057,6.43,2.69
2026-10-04 17:45:00,LINE_A,SHIFT_B,28.98,2.898,2.898,6.178,2.524
2026-10-04 18:00:00,LINE_A,SHIFT_B,27.05,2.705,2.705,5.52,2.626
2026-10-04 18:15:00,LINE_A,SHIFT_B,30.89,3.089,3.089,6.158,2.48
2026-10-04 18:30:00,LINE_A,SHIFT_B,29.18,2.918,2.918,5.935,2.396
2026-10-04 18:45:00,LINE_A,SHIFT_B,30.98,3.098,3.098,5.865,2.489
2026-10-04 19:00:00,LINE_A,SHIFT_B,26.16,2.616,2.616,4.846,2.604
2026-10-04 19:15:00,LINE_A,SHIFT_B,25.53,2.553,2.553,4.767,2.323
2026-10-04 19:30:00,LINE_A,SHIFT_B,31.25,3.125,3.125,6.527,2.187
2026-10-04 19:45:00,LINE_A,SHIFT_B,27.49,2.749,2.749,5.8,2.821
2026-10-04 20:00:00,LINE_A,SHIFT_B,31.22,3.122,3.122,5.555,2.729
2026-10-04 20:15:00,LINE_A,SHIFT_B,26.1,2.61,2.61,6.302,2.501
2026-10-04 20:30:00,LINE_A,SHIFT_B,29.37,2.937,2.937,5.713,2.343
2026-10-04 20:45:00,LINE_A,SHIFT_B,31.43,3.143,3.143,5.255,2.17
2026-10-04 21:00:00,LINE_A,SHIFT_B,29.96,2.996,2.996,5.799,2.544
2026-10-04 21:15:00,LINE_A,SHIFT_B,28.27,2.827,2.827,5.668,2.41
2026-10-04 21:30:00,LINE_A,SHIFT_B,31.12,3.112,3.112,6.147,2.788
2026-10-04 21:45:00,LINE_A,SHIFT_B,27.2,2.72,2.72,5.565,2.716
2026-10-04 22:00:00,LINE_A,SHIFT_C,21.33,2.133,2.133,4.226,2.384
2026-10-04 22:15:00,LINE_A,SHIFT_C,20.49,2.049,2.049,4.279,1.563
2026-10-04 22:30:00,LINE_A,SHIFT_C,23.23,2.323,2.323,4.312,1.728
2026-10-04 22:45:00,LINE_A,SHIFT_C,21.72,2.172,2.172,4.198,2.39
2026-10-04 23:00:00,LINE_A,SHIFT_C,23.25,2.325,2.325,4.804,1.863
2026-10-04 23:15:00,LINE_A,SHIFT_C,21.78,2.178,2.178,4.152,2.644
2026-10-04 23:30:00,LINE_A,SHIFT_C,19.28,1.928,1.928,4.236,2.083
2026-10-04 23:45:00,LINE_A,SHIFT_C,19.97,1.997,1.997,4.554,2.445
2026-10-05 00:00:00,LINE_A,SHIFT_C,22.1,2.21,2.21,5.7,2.622
2026-10-05 00:15:00,LINE_A,SHIFT_C,25.39,2.539,2.539,5.129,2.599
2026-10-05 00:30:00,LINE_A,SHIFT_C,27.49,2.749,2.749,5.536,2.493
2026-10-05 00:45:00,LINE_A,SHIFT_C,26.65,2.665,2.665,4.94,2.605
2026-10-05 01:00:00,LINE_A,SHIFT_C,28.15,2.815,2.815,5.03,2.698
2026-10-05 01:15:00,LINE_A,SHIFT_C,26.49,2.649,2.649,5.699,2.824
2026-10-05 01:30:00,LINE_A,SHIFT_C,26.59,2.659,2.659,5.478,2.811
2026-10-05 01:45:00,LINE_A,SHIFT_C,25.42,2.542,2.542,5.677,2.659
2026-10-05 02:00:00,LINE_A,SHIFT_C,26.26,2.626,2.626,5.58,2.804
2026-10-05 02:15:00,LINE_A,SHIFT_C,26.97,2.697,2.697,5.681,2.83
2026-10-05 02:30:00,LINE_A,SHIFT_C,27.91,2.791,2.791,5.195,2.246
2026-10-05 02:45:00,LINE_A,SHIFT_C,26.04,2.604,2.604,5.277,2.579
2026-10-05 03:00:00,LINE_A,SHIFT_C,28.62,2.862,2.862,5.111,2.544
2026-10-05 03:15:00,LINE_A,SHIFT_C,27.48,2.748,2.748,5.589,2.555
2026-10-05 03:30:00,LINE_A,SHIFT_C,27.17,2.717,2.717,4.561,2.992
2026-10-05 03:45:00,LINE_A,SHIFT_C,23.74,2.374,2.374,6.034,2.364
2026-10-05 04:00:00,LINE_A,SHIFT_C,27.55,2.755,2.755,5.123,2.458
2026-10-05 04:15:00,LINE_A,SHIFT_C,27.05,2.705,2.705,4.94,2.629
2026-10-05 04:30:00,LINE_A,SHIFT_C,29.32,2.932,2.932,5.862,2.208
2026-10-05 04:45:00,LINE_A,SHIFT_C,25.51,2.551,2.551,5.812,2.76
2026-10-05 05:00:00,LINE_A,SHIFT_C,28.1,2.81,2.81,4.894,2.264
2026-10-05 05:15:00,LINE_A,SHIFT_C,26.0,2.6,2.6,5.011,2.473
2026-10-05 05:30:00,LINE_A,SHIFT_C,27.21,2.721,2.721,4.869,2.602
2026-10-05 05:45:00,LINE_A,SHIFT_C,28.6,2.86,2.86,5.823,2.088
2026-10-05 06:00:00,LINE_A,SHIFT_A,34.99,3.499,3.499,6.841,3.091
2026-10-05 06:15:00,LINE_A,SHIFT_A,33.81,3.381,3.381,7.268,3.245
2026-10-05 06:30:00,LINE_A,SHIFT_A,34.44,3.444,3.444,6.814,2.717
2026-10-05 06:45:00,LINE_A,SHIFT_A,35.23,3.523,3.523,6.699,2.989
2026-10-05 07:00:00,LINE_A,SHIFT_A,35.05,3.505,3.505,6.773,3.074
2026-10-05 07:15:00,LINE_A,SHIFT_A,35.56,3.556,3.556,6.768,3.562
2026-10-05 07:30:00,LINE_A,SHIFT_A,34.06,3.406,3.406,6.628,3.417
2026-10-05 07:45:00,LINE_A,SHIFT_A,33.32,3.332,3.332,6.516,2.888
2026-10-05 08:00:00,LINE_A,SHIFT_A,37.65,3.765,3.765,7.203,2.93
2026-10-05 08:15:00,LINE_A,SHIFT_A,33.6,3.36,3.36,7.165,2.871
2026-10-05 08:30:00,LINE_A,SHIFT_A,35.1,3.51,3.51,6.284,3.188
2026-10-05 08:45:00,LINE_A,SHIFT_A,35.35,3.535,3.535,6.668,3.258
2026-10-05 09:00:00,LINE_A,SHIFT_A,32.58,3.258,3.258,6.939,2.959
2026-10-05 09:15:00,LINE_A,SHIFT_A,35.59,3.559,3.559,6.758,3.18
2026-10-05 09:30:00,LINE_A,SHIFT_A,34.88,3.488,3.488,7.52,2.934
2026-10-05 09:45:00,LINE_A,SHIFT_A,34.4,3.44,3.44,6.629,2.593
2026-10-05 10:00:00,LINE_A,SHIFT_A,35.73,3.573,3.573,6.873,2.487
2026-10-05 10:15:00,LINE_A,SHIFT_A,35.52,3.552,3.552,7.085,2.814
2026-10-05 10:30:00,LINE_A,SHIFT_A,34.91,3.491,3.491,6.159,2.888
2026-10-05 10:45:00,LINE_A,SHIFT_A,36.64,3.664,3.664,7.042,2.694
2026-10-05 11:00:00,LINE_A,SHIFT_A,34.58,3.458,3.458,7.115,2.891
2026-10-05 11:15:00,LINE_A,SHIFT_A,38.27,3.827,3.827,7.095,3.137
2026-10-05 11:30:00,LINE_A,SHIFT_A,31.12,3.112,3.112,6.697,2.564
2026-10-05 11:45:00,LINE_A,SHIFT_A,29.86,2.986,2.986,5.721,2.945
2026-10-05 12:00:00,LINE_A,SHIFT_A,38.4,3.84,3.84,7.407,2.487
2026-10-05 12:15:00,LINE_A,SHIFT_A,35.37,3.537,3.537,7.647,3.038
2026-10-05 12:30:00,LINE_A,SHIFT_A,33.35,3.335,3.335,6.945,2.727
2026-10-05 12:45:00,LINE_A,SHIFT_A,35.86,3.586,3.586,7.406,2.992
2026-10-05 13:00:00,LINE_A,SHIFT_A,33.67,3.367,3.367,6.462,2.993
2026-10-05 13:15:00,LINE_A,SHIFT_A,36.28,3.628,3.628,7.599,2.794
2026-10-05 13:30:00,LINE_A,SHIFT_A,36.86,3.686,3.686,6.707,2.682
2026-10-05 13:45:00,LINE_A,SHIFT_A,36.76,3.676,3.676,7.579,3.144
2026-10-05 14:00:00,LINE_A,SHIFT_B,37.94,3.794,3.794,7.825,2.731
2026-10-05 14:15:00,LINE_A,SHIFT_B,39.03,3.903,3.903,7.531,2.229
2026-10-05 14:30:00,LINE_A,SHIFT_B,35.88,3.588,3.588,7.096,2.696
2026-10-05 14:45:00,LINE_A,SHIFT_B,36.04,3.604,3.604,7.626,2.781
2026-10-05 15:00:00,LINE_A,SHIFT_B,36.46,3.646,3.646,7.83,2.777
2026-10-05 15:15:00,LINE_A,SHIFT_B,38.68,3.868,3.868,7.214,2.948
2026-10-05 15:30:00,LINE_A,SHIFT_B,36.25,3.625,3.625,7.051,2.904
2026-10-05 15:45:00,LINE_A,SHIFT_B,38.4,3.84,3.84,7.899,2.657
2026-10-05 16:00:00,LINE_A,SHIFT_B,36.17,3.617,3.617,7.737,2.559
2026-10-05 16:15:00,LINE_A,SHIFT_B,39.12,3.912,3.912,7.687,2.471
2026-10-05 16:30:00,LINE_A,SHIFT_B,37.79,3.779,3.779,7.543,2.691
2026-10-05 16:45:00,LINE_A,SHIFT_B,35.87,3.587,3.587,7.716,2.749
2026-10-05 17:00:00,LINE_A,SHIFT_B,36.28,3.628,3.628,7.711,2.785
2026-10-05 17:15:00,LINE_A,SHIFT_B,36.46,3.646,3.646,7.479,2.645
2026-10-05 17:30:00,LINE_A,SHIFT_B,36.08,3.608,3.608,7.013,2.545
2026-10-05 17:45:00,LINE_A,SHIFT_B,36.03,3.603,3.603,7.274,2.962
2026-10-05 18:00:00,LINE_A,SHIFT_B,35.21,3.521,3.521,8.136,2.915
2026-10-05 18:15:00,LINE_A,SHIFT_B,36.65,3.665,3.665,7.476,2.724
2026-10-05 18:30:00,LINE_A,SHIFT_B,34.85,3.485,3.485,7.126,3.076
2026-10-05 18:45:00,LINE_A,SHIFT_B,37.55,3.755,3.755,7.039,2.973
2026-10-05 19:00:00,LINE_A,SHIFT_B,32.54,3.254,3.254,6.254,2.523
2026-10-05 19:15:00,LINE_A,SHIFT_B,29.78,2.978,2.978,6.015,3.023
2026-10-05 19:30:00,LINE_A,SHIFT_B,33.46,3.346,3.346,7.716,3.106
2026-10-05 19:45:00,LINE_A,SHIFT_B,35.37,3.537,3.537,6.842,3.043
2026-10-05 20:00:00,LINE_A,SHIFT_B,36.26,3.626,3.626,6.175,2.817
2026-10-05 20:15:00,LINE_A,SHIFT_B,35.43,3.543,3.543,6.518,2.579
2026-10-05 20:30:00,LINE_A,SHIFT_B,35.71,3.571,3.571,7.727,2.827
2026-10-05 20:45:00,LINE_A,SHIFT_B,36.37,3.637,3.637,6.86,2.894
2026-10-05 21:00:00,LINE_A,SHIFT_B,32.14,3.214,3.214,7.024,2.773
2026-10-05 21:15:00,LINE_A,SHIFT_B,33.89,3.389,3.389,7.415,3.046
2026-10-05 21:30:00,LINE_A,SHIFT_B,34.85,3.485,3.485,7.19,3.187
2026-10-05 21:45:00,LINE_A,SHIFT_B,33.37,3.337,3.337,7.045,2.676
2026-10-05 22:00:00,LINE_A,SHIFT_C,25.6,2.56,2.56,4.784,2.537
2026-10-05 22:15:00,LINE_A,SHIFT_C,25.79,2.579,2.579,5.504,2.439
2026-10-05 22:30:00,LINE_A,SHIFT_C,28.28,2.828,2.828,5.198,2.307
2026-10-05 22:45:00,LINE_A,SHIFT_C,24.96,2.496,2.496,5.299,2.445
2026-10-05 23:00:00,LINE_A,SHIFT_C,26.03,2.603,2.603,5.461,2.164
2026-10-05 23:15:00,LINE_A,SHIFT_C,24.61,2.461,2.461,5.528,2.197
2026-10-05 23:30:00,LINE_A,SHIFT_C,26.09,2.609,2.609,5.522,2.701
2026-10-05 23:45:00,LINE_A,SHIFT_C,26.27,2.627,2.627,5.424,2.681
2026-10-06 00:00:00,LINE_A,SHIFT_C,27.24,2.724,2.724,5.085,2.659
2026-10-06 00:15:00,LINE_A,SHIFT_C,26.94,2.694,2.694,5.771,2.629
2026-10-06 00:30:00,LINE_A,SHIFT_C,25.6,2.56,2.56,5.002,2.52
2026-10-06 00:45:00,LINE_A,SHIFT_C,26.82,2.682,2.682,5.357,2.842
2026-10-06 01:00:00,LINE_A,SHIFT_C,26.97,2.697,2.697,5.327,2.646
2026-10-06 01:15:00,LINE_A,SHIFT_C,26.49,2.649,2.649,5.402,2.616
2026-10-06 01:30:00,LINE_A,SHIFT_C,28.53,2.853,2.853,5.62,2.608
2026-10-06 01:45:00,LINE_A,SHIFT_C,28.54,2.854,2.854,5.983,2.502
2026-10-06 02:00:00,LINE_A,SHIFT_C,26.69,2.669,2.669,5.383,2.32
2026-10-06 02:15:00,LINE_A,SHIFT_C,28.28,2.828,2.828,5.402,2.901
2026-10-06 02:30:00,LINE_A,SHIFT_C,27.48,2.748,2.748,4.666,2.486
2026-10-06 02:45:00,LINE_A,SHIFT_C,29.54,2.954,2.954,5.574,2.433
2026-10-06 03:00:00,LINE_A,SHIFT_C,27.64,2.764,2.764,5.038,2.486
2026-10-06 03:15:00,LINE_A,SHIFT_C,27.46,2.746,2.746,5.091,2.485
2026-10-06 03:30:00,LINE_A,SHIFT_C,28.83,2.883,2.883,5.692,2.852
2026-10-06 03:45:00,LINE_A,SHIFT_C,28.08,2.808,2.808,5.683,2.976
2026-10-06 04:00:00,LINE_A,SHIFT_C,26.16,2.616,2.616,5.481,2.405
2026-10-06 04:15:00,LINE_A,SHIFT_C,26.31,2.631,2.631,5.638,2.676
2026-10-06 04:30:00,LINE_A,SHIFT_C,26.54,2.654,2.654,5.909,2.895
2026-10-06 04:45:00,LINE_A,SHIFT_C,26.43,2.643,2.643,5.219,2.509
2026-10-06 05:00:00,LINE_A,SHIFT_C,27.0,2.7,2.7,5.708,2.697
2026-10-06 05:15:00,LINE_A,SHIFT_C,25.92,2.592,2.592,5.853,2.782
2026-10-06 05:30:00,LINE_A,SHIFT_C,27.22,2.722,2.722,5.466,2.567
2026-10-06 05:45:00,LINE_A,SHIFT_C,27.24,2.724,2.724,5.621,3.056
2026-10-06 06:00:00,LINE_A,SHIFT_A,35.36,3.536,3.536,6.295,2.674
2026-10-06 06:15:00,LINE_A,SHIFT_A,32.38,3.238,3.238,6.652,3.364
2026-10-06 06:30:00,LINE_A,SHIFT_A,34.57,3.457,3.457,6.786,3.724
2026-10-06 06:45:00,LINE_A,SHIFT_A,33.55,3.355,3.355,6.8,3.241
2026-10-06 07:00:00,LINE_A,SHIFT_A,32.6,3.26,3.26,6.254,3.391
2026-10-06 07:15:00,LINE_A,SHIFT_A,32.7,3.27,3.27,6.555,3.049
2026-10-06 07:30:00,LINE_A,SHIFT_A,33.01,3.301,3.301,6.833,2.904
2026-10-06 07:45:00,LINE_A,SHIFT_A,34.1,3.41,3.41,6.724,3.374
2026-10-06 08:00:00,LINE_A,SHIFT_A,34.87,3.487,3.487,6.231,2.93
2026-10-06 08:15:00,LINE_A,SHIFT_A,36.18,3.618,3.618,6.375,3.411
2026-10-06 08:30:00,LINE_A,SHIFT_A,35.12,3.512,3.512,6.971,2.673
2026-10-06 08:45:00,LINE_A,SHIFT_A,36.47,3.647,3.647,6.899,2.849
2026-10-06 09:00:00,LINE_A,SHIFT_A,35.05,3.505,3.505,7.037,2.969
2026-10-06 09:15:00,LINE_A,SHIFT_A,35.95,3.595,3.595,7.264,3.201
2026-10-06 09:30:00,LINE_A,SHIFT_A,35.52,3.552,3.552,6.832,2.705
2026-10-06 09:45:00,LINE_A,SHIFT_A,33.24,3.324,3.324,7.527,2.751
2026-10-06 10:00:00,LINE_A,SHIFT_A,35.33,3.533,3.533,6.759,2.734
2026-10-06 10:15:00,LINE_A,SHIFT_A,35.11,3.511,3.511,6.843,3.07
2026-10-06 10:30:00,LINE_A,SHIFT_A,34.41,3.441,3.441,7.441,3.25
2026-10-06 10:45:00,LINE_A,SHIFT_A,35.87,3.587,3.587,7.19,2.801
2026-10-06 11:00:00,LINE_A,SHIFT_A,33.66,3.366,3.366,6.933,3.171
2026-10-06 11:15:00,LINE_A,SHIFT_A,33.75,3.375,3.375,6.756,3.177
2026-10-06 11:30:00,LINE_A,SHIFT_A,32.53,3.253,3.253,6.814,2.808
2026-10-06 11:45:00,LINE_A,SHIFT_A,32.96,3.296,3.296,6.196,2.616
2026-10-06 12:00:00,LINE_A,SHIFT_A,37.7,3.77,3.77,7.084,2.804
2026-10-06 12:15:00,LINE_A,SHIFT_A,35.15,3.515,3.515,7.288,2.455
2026-10-06 12:30:00,LINE_A,SHIFT_A,33.89,3.389,3.389,7.041,3.106
2026-10-06 12:45:00,LINE_A,SHIFT_A,35.08,3.508,3.508,7.368,3.062
2026-10-06 13:00:00,LINE_A,SHIFT_A,36.88,3.688,3.688,7.233,2.828
2026-10-06 13:15:00,LINE_A,SHIFT_A,35.8,3.58,3.58,6.882,2.711
2026-10-06 13:30:00,LINE_A,SHIFT_A,36.23,3.623,3.623,7.194,2.802
2026-10-06 13:45:00,LINE_A,SHIFT_A,36.23,3.623,3.623,7.211,2.595
2026-10-06 14:00:00,LINE_A,SHIFT_B,37.15,3.715,3.715,7.292,2.834
2026-10-06 14:15:00,LINE_A,SHIFT_B,38.27,3.827,3.827,7.765,2.772
2026-10-06 14:30:00,LINE_A,SHIFT_B,37.6,3.76,3.76,7.205,2.976
2026-10-06 14:45:00,LINE_A,SHIFT_B,37.29,3.729,3.729,7.699,2.836
2026-10-06 15:00:00,LINE_A,SHIFT_B,39.53,3.953,3.953,7.103,2.763
2026-10-06 15:15:00,LINE_A,SHIFT_B,37.95,3.795,3.795,7.578,2.78
2026-10-06 15:30:00,LINE_A,SHIFT_B,36.74,3.674,3.674,7.577,2.586
2026-10-06 15:45:00,LINE_A,SHIFT_B,36.04,3.604,3.604,7.816,2.974
2026-10-06 16:00:00,LINE_A,SHIFT_B,37.47,3.747,3.747,6.942,2.879
2026-10-06 16:15:00,LINE_A,SHIFT_B,37.3,3.73,3.73,7.338,2.645
2026-10-06 16:30:00,LINE_A,SHIFT_B,38.71,3.871,3.871,7.534,3.037
2026-10-06 16:45:00,LINE_A,SHIFT_B,34.0,3.4,3.4,7.307,2.732
2026-10-06 17:00:00,LINE_A,SHIFT_B,37.29,3.729,3.729,7.183,2.729
2026-10-06 17:15:00,LINE_A,SHIFT_B,36.7,3.67,3.67,8.049,2.982
2026-10-06 17:30:00,LINE_A,SHIFT_B,37.4,3.74,3.74,7.371,2.771
2026-10-06 17:45:00,LINE_A,SHIFT_B,34.17,3.417,3.417,7.083,2.836
2026-10-06 18:00:00,LINE_A,SHIFT_B,38.69,3.869,3.869,6.608,2.862
2026-10-06 18:15:00,LINE_A,SHIFT_B,35.7,3.57,3.57,7.124,2.793
2026-10-06 18:30:00,LINE_A,SHIFT_B,36.67,3.667,3.667,7.523,3.218
2026-10-06 18:45:00,LINE_A,SHIFT_B,35.74,3.574,3.574,7.353,2.993
2026-10-06 19:00:00,LINE_A,SHIFT_B,29.73,2.973,2.973,6.348,2.727
2026-10-06 19:15:00,LINE_A,SHIFT_B,32.95,3.295,3.295,6.163,2.843
2026-10-06 19:30:00,LINE_A,SHIFT_B,34.28,3.428,3.428,6.838,2.854
2026-10-06 19:45:00,LINE_A,SHIFT_B,38.21,3.821,3.821,7.23,2.772
2026-10-06 20:00:00,LINE_A,SHIFT_B,37.5,3.75,3.75,6.826,3.26
2026-10-06 20:15:00,LINE_A,SHIFT_B,34.84,3.484,3.484,7.182,2.917
2026-10-06 20:30:00,LINE_A,SHIFT_B,36.13,3.613,3.613,7.196,3.057
2026-10-06 20:45:00,LINE_A,SHIFT_B,35.66,3.566,3.566,6.855,3.126
2026-10-06 21:00:00,LINE_A,SHIFT_B,34.18,3.418,3.418,7.188,3.175
2026-10-06 21:15:00,LINE_A,SHIFT_B,34.71,3.471,3.471,7.1,3.075
2026-10-06 21:30:00,LINE_A,SHIFT_B,34.59,3.459,3.459,6.843,3.129
2026-10-06 21:45:00,LINE_A,SHIFT_B,35.62,3.562,3.562,6.888,3.065
2026-10-06 22:00:00,LINE_A,SHIFT_C,27.52,2.752,2.752,5.287,2.591
2026-10-06 22:15:00,LINE_A,SHIFT_C,27.99,2.799,2.799,4.924,2.602
2026-10-06 22:30:00,LINE_A,SHIFT_C,28.34,2.834,2.834,5.954,2.132
2026-10-06 22:45:00,LINE_A,SHIFT_C,27.71,2.771,2.771,5.344,2.729
2026-10-06 23:00:00,LINE_A,SHIFT_C,26.43,2.643,2.643,5.474,2.259
2026-10-06 23:15:00,LINE_A,SHIFT_C,27.54,2.754,2.754,5.639,2.453
2026-10-06 23:30:00,LINE_A,SHIFT_C,27.83,2.783,2.783,5.152,2.588
2026-10-06 23:45:00,LINE_A,SHIFT_C,26.8,2.68,2.68,5.737,2.611
2026-10-07 00:00:00,LINE_A,SHIFT_C,26.39,2.639,2.639,5.544,2.432
2026-10-07 00:15:00,LINE_A,SHIFT_C,26.79,2.679,2.679,5.28,2.61
2026-10-07 00:30:00,LINE_A,SHIFT_C,27.52,2.752,2.752,4.797,2.378
2026-10-07 00:45:00,LINE_A,SHIFT_C,27.05,2.705,2.705,5.275,2.635
2026-10-07 01:00:00,LINE_A,SHIFT_C,25.3,2.53,2.53,5.355,2.446
2026-10-07 01:15:00,LINE_A,SHIFT_C,28.0,2.8,2.8,5.613,2.355
2026-10-07 01:30:00,LINE_A,SHIFT_C,25.9,2.59,2.59,5.318,2.642
2026-10-07 01:45:00,LINE_A,SHIFT_C,26.59,2.659,2.659,5.215,2.562
2026-10-07 02:00:00,LINE_A,SHIFT_C,27.04,2.704,2.704,5.645,2.455
2026-10-07 02:15:00,LINE_A,SHIFT_C,26.14,2.614,2.614,4.806,2.232
2026-10-07 02:30:00,LINE_A,SHIFT_C,27.75,2.775,2.775,5.565,2.506
2026-10-07 02:45:00,LINE_A,SHIFT_C,27.44,2.744,2.744,5.273,2.213
2026-10-07 03:00:00,LINE_A,SHIFT_C,27.05,2.705,2.705,5.276,2.599
2026-10-07 03:15:00,LINE_A,SHIFT_C,24.63,2.463,2.463,5.805,2.574
2026-10-07 03:30:00,LINE_A,SHIFT_C,28.5,2.85,2.85,5.77,2.737
2026-10-07 03:45:00,LINE_A,SHIFT_C,26.48,2.648,2.648,4.935,2.749
2026-10-07 04:00:00,LINE_A,SHIFT_C,26.95,2.695,2.695,5.24,2.314
2026-10-07 04:15:00,LINE_A,SHIFT_C,27.06,2.706,2.706,5.519,2.247
2026-10-07 04:30:00,LINE_A,SHIFT_C,27.1,2.71,2.71,5.309,2.835
2026-10-07 04:45:00,LINE_A,SHIFT_C,27.71,2.771,2.771,5.814,2.668
2026-10-07 05:00:00,LINE_A,SHIFT_C,26.94,2.694,2.694,5.969,2.659
2026-10-07 05:15:00,LINE_A,SHIFT_C,28.58,2.858,2.858,5.511,2.382
2026-10-07 05:30:00,LINE_A,SHIFT_C,26.88,2.688,2.688,6.055,2.746
2026-10-07 05:45:00,LINE_A,SHIFT_C,29.71,2.971,2.971,5.824,2.018
2026-10-07 06:00:00,LINE_A,SHIFT_A,33.73,3.373,3.373,7.344,3.502
2026-10-07 06:15:00,LINE_A,SHIFT_A,34.17,3.417,3.417,7.137,3.096
2026-10-07 06:30:00,LINE_A,SHIFT_A,35.11,3.511,3.511,6.983,3.396
2026-10-07 06:45:00,LINE_A,SHIFT_A,34.72,3.472,3.472,7.278,2.743
2026-10-07 07:00:00,LINE_A,SHIFT_A,32.61,3.261,3.261,7.264,3.001
2026-10-07 07:15:00,LINE_A,SHIFT_A,33.91,3.391,3.391,6.725,3.153
2026-10-07 07:30:00,LINE_A,SHIFT_A,34.2,3.42,3.42,6.818,2.995
2026-10-07 07:45:00,LINE_A,SHIFT_A,33.88,3.388,3.388,6.738,2.707
2026-10-07 08:00:00,LINE_A,SHIFT_A,34.9,3.49,3.49,6.998,3.139
2026-10-07 08:15:00,LINE_A,SHIFT_A,34.53,3.453,3.453,7.088,3.43
2026-10-07 08:30:00,LINE_A,SHIFT_A,35.69,3.569,3.569,6.743,2.987
2026-10-07 08:45:00,LINE_A,SHIFT_A,35.67,3.567,3.567,7.188,2.851
2026-10-07 09:00:00,LINE_A,SHIFT_A,34.03,3.403,3.403,6.885,3.07
2026-10-07 09:15:00,LINE_A,SHIFT_A,34.81,3.481,3.481,7.273,2.734
2026-10-07 09:30:00,LINE_A,SHIFT_A,35.79,3.579,3.579,6.649,2.893
2026-10-07 09:45:00,LINE_A,SHIFT_A,35.37,3.537,3.537,6.66,3.072
2026-10-07 10:00:00,LINE_A,SHIFT_A,36.9,3.69,3.69,6.481,3.203
2026-10-07 10:15:00,LINE_A,SHIFT_A,36.35,3.635,3.635,6.782,2.512
2026-10-07 10:30:00,LINE_A,SHIFT_A,35.15,3.515,3.515,7.581,2.652
2026-10-07 10:45:00,LINE_A,SHIFT_A,34.58,3.458,3.458,7.232,2.534
2026-10-07 11:00:00,LINE_A,SHIFT_A,34.08,3.408,3.408,7.021,3.203
2026-10-07 11:15:00,LINE_A,SHIFT_A,36.44,3.644,3.644,7.047,2.776
2026-10-07 11:30:00,LINE_A,SHIFT_A,30.8,3.08,3.08,6.161,2.471
2026-10-07 11:45:00,LINE_A,SHIFT_A,31.3,3.13,3.13,5.782,2.665
2026-10-07 12:00:00,LINE_A,SHIFT_A,36.88,3.688,3.688,7.277,2.539
2026-10-07 12:15:00,LINE_A,SHIFT_A,34.29,3.429,3.429,7.216,2.778
2026-10-07 12:30:00,LINE_A,SHIFT_A,35.48,3.548,3.548,6.66,2.713
2026-10-07 12:45:00,LINE_A,SHIFT_A,34.73,3.473,3.473,7.158,2.398
2026-10-07 13:00:00,LINE_A,SHIFT_A,36.68,3.668,3.668,7.022,2.735
2026-10-07 13:15:00,LINE_A,SHIFT_A,37.37,3.737,3.737,6.931,2.691
2026-10-07 13:30:00,LINE_A,SHIFT_A,34.38,3.438,3.438,7.243,2.965
2026-10-07 13:45:00,LINE_A,SHIFT_A,36.91,3.691,3.691,7.117,2.805
2026-10-07 14:00:00,LINE_A,SHIFT_B,37.21,3.721,3.721,8.434,2.589
2026-10-07 14:15:00,LINE_A,SHIFT_B,37.73,3.773,3.773,7.935,2.491
2026-10-07 14:30:00,LINE_A,SHIFT_B,37.66,3.766,3.766,7.178,2.933
2026-10-07 14:45:00,LINE_A,SHIFT_B,37.81,3.781,3.781,7.549,2.461
2026-10-07 15:00:00,LINE_A,SHIFT_B,34.99,3.499,3.499,7.043,2.941
2026-10-07 15:15:00,LINE_A,SHIFT_B,38.35,3.835,3.835,7.614,2.651
2026-10-07 15:30:00,LINE_A,SHIFT_B,37.46,3.746,3.746,7.465,2.87
2026-10-07 15:45:00,LINE_A,SHIFT_B,35.45,3.545,3.545,7.631,2.551
2026-10-07 16:00:00,LINE_A,SHIFT_B,38.7,3.87,3.87,7.424,2.306
2026-10-07 16:15:00,LINE_A,SHIFT_B,38.53,3.853,3.853,7.506,2.638
2026-10-07 16:30:00,LINE_A,SHIFT_B,35.16,3.516,3.516,6.782,3.12
2026-10-07 16:45:00,LINE_A,SHIFT_B,36.11,3.611,3.611,7.787,2.808
2026-10-07 17:00:00,LINE_A,SHIFT_B,38.4,3.84,3.84,7.372,2.706
2026-10-07 17:15:00,LINE_A,SHIFT_B,37.03,3.703,3.703,6.993,2.93
2026-10-07 17:30:00,LINE_A,SHIFT_B,39.06,3.906,3.906,7.554,2.694
2026-10-07 17:45:00,LINE_A,SHIFT_B,35.76,3.576,3.576,7.638,2.949
2026-10-07 18:00:00,LINE_A,SHIFT_B,37.34,3.734,3.734,7.179,2.644
2026-10-07 18:15:00,LINE_A,SHIFT_B,37.84,3.784,3.784,7.323,2.747
2026-10-07 18:30:00,LINE_A,SHIFT_B,36.15,3.615,3.615,6.837,2.742
2026-10-07 18:45:00,LINE_A,SHIFT_B,35.75,3.575,3.575,7.373,2.908
2026-10-07 19:00:00,LINE_A,SHIFT_B,32.24,3.224,3.224,6.403,3.108
2026-10-07 19:15:00,LINE_A,SHIFT_B,30.99,3.099,3.099,6.528,2.983
2026-10-07 19:30:00,LINE_A,SHIFT_B,33.69,3.369,3.369,7.305,2.784
2026-10-07 19:45:00,LINE_A,SHIFT_B,37.82,3.782,3.782,7.245,2.752
2026-10-07 20:00:00,LINE_A,SHIFT_B,35.93,3.593,3.593,6.954,2.982
2026-10-07 20:15:00,LINE_A,SHIFT_B,36.65,3.665,3.665,7.124,2.718
2026-10-07 20:30:00,LINE_A,SHIFT_B,35.41,3.541,3.541,7.173,2.96
2026-10-07 20:45:00,LINE_A,SHIFT_B,35.05,3.505,3.505,6.873,2.882
2026-10-07 21:00:00,LINE_A,SHIFT_B,34.15,3.415,3.415,7.212,2.599
2026-10-07 21:15:00,LINE_A,SHIFT_B,35.58,3.558,3.558,6.885,3.49
2026-10-07 21:30:00,LINE_A,SHIFT_B,35.3,3.53,3.53,7.25,3.22
2026-10-07 21:45:00,LINE_A,SHIFT_B,35.81,3.581,3.581,7.05,3.201
2026-10-07 22:00:00,LINE_A,SHIFT_C,28.04,2.804,2.804,5.587,2.117
2026-10-07 22:15:00,LINE_A,SHIFT_C,24.52,2.452,2.452,5.343,2.343
2026-10-07 22:30:00,LINE_A,SHIFT_C,26.62,2.662,2.662,5.45,2.794
2026-10-07 22:45:00,LINE_A,SHIFT_C,27.72,2.772,2.772,5.666,2.333
2026-10-07 23:00:00,LINE_A,SHIFT_C,27.77,2.777,2.777,5.72,2.173
2026-10-07 23:15:00,LINE_A,SHIFT_C,28.15,2.815,2.815,4.991,2.748
2026-10-07 23:30:00,LINE_A,SHIFT_C,26.6,2.66,2.66,5.059,2.605
2026-10-07 23:45:00,LINE_A,SHIFT_C,25.27,2.527,2.527,5.764,2.089
2026-10-08 00:00:00,LINE_A,SHIFT_C,25.09,2.509,2.509,5.87,2.982
2026-10-08 00:15:00,LINE_A,SHIFT_C,26.21,2.621,2.621,5.089,2.315
2026-10-08 00:30:00,LINE_A,SHIFT_C,25.35,2.535,2.535,5.364,2.52
2026-10-08 00:45:00,LINE_A,SHIFT_C,28.75,2.875,2.875,5.505,2.902
2026-10-08 01:00:00,LINE_A,SHIFT_C,27.67,2.767,2.767,5.091,2.695
2026-10-08 01:15:00,LINE_A,SHIFT_C,25.13,2.513,2.513,5.091,2.824
2026-10-08 01:30:00,LINE_A,SHIFT_C,23.23,2.323,2.323,4.944,3.119
2026-10-08 01:45:00,LINE_A,SHIFT_C,29.47,2.947,2.947,5.663,2.627
2026-10-08 02:00:00,LINE_A,SHIFT_C,25.63,2.563,2.563,4.998,2.531
2026-10-08 02:15:00,LINE_A,SHIFT_C,25.85,2.585,2.585,5.879,2.761
2026-10-08 02:30:00,LINE_A,SHIFT_C,27.26,2.726,2.726,5.117,2.912
2026-10-08 02:45:00,LINE_A,SHIFT_C,24.58,2.458,2.458,5.145,2.397
2026-10-08 03:00:00,LINE_A,SHIFT_C,26.48,2.648,2.648,4.725,2.881
2026-10-08 03:15:00,LINE_A,SHIFT_C,28.47,2.847,2.847,5.162,2.869
2026-10-08 03:30:00,LINE_A,SHIFT_C,28.07,2.807,2.807,5.215,2.577
2026-10-08 03:45:00,LINE_A,SHIFT_C,27.53,2.753,2.753,5.203,2.972
2026-10-08 04:00:00,LINE_A,SHIFT_C,26.85,2.685,2.685,4.995,2.3
2026-10-08 04:15:00,LINE_A,SHIFT_C,29.24,2.924,2.924,4.663,2.502
2026-10-08 04:30:00,LINE_A,SHIFT_C,25.29,2.529,2.529,5.157,2.756
2026-10-08 04:45:00,LINE_A,SHIFT_C,27.46,2.746,2.746,5.37,2.461
2026-10-08 05:00:00,LINE_A,SHIFT_C,26.32,2.632,2.632,4.99,2.455
2026-10-08 05:15:00,LINE_A,SHIFT_C,27.5,2.75,2.75,5.791,2.714
2026-10-08 05:30:00,LINE_A,SHIFT_C,28.83,2.883,2.883,5.577,2.507
2026-10-08 05:45:00,LINE_A,SHIFT_C,27.22,2.722,2.722,5.403,2.252
2026-10-08 06:00:00,LINE_A,SHIFT_A,31.31,3.131,3.131,6.624,3.105
2026-10-08 06:15:00,LINE_A,SHIFT_A,35.86,3.586,3.586,6.404,3.816
2026-10-08 06:30:00,LINE_A,SHIFT_A,31.38,3.138,3.138,7.039,3.402
2026-10-08 06:45:00,LINE_A,SHIFT_A,31.44,3.144,3.144,6.788,2.972
2026-10-08 07:00:00,LINE_A,SHIFT_A,33.01,3.301,3.301,6.622,3.198
2026-10-08 07:15:00,LINE_A,SHIFT_A,34.03,3.403,3.403,7.168,3.028
2026-10-08 07:30:00,LINE_A,SHIFT_A,33.28,3.328,3.328,6.288,3.29
2026-10-08 07:45:00,LINE_A,SHIFT_A,37.41,3.741,3.741,6.428,3.247
2026-10-08 08:00:00,LINE_A,SHIFT_A,32.21,3.221,3.221,6.892,3.458
2026-10-08 08:15:00,LINE_A,SHIFT_A,36.09,3.609,3.609,7.235,3.068
2026-10-08 08:30:00,LINE_A,SHIFT_A,37.02,3.702,3.702,6.391,3.047
2026-10-08 08:45:00,LINE_A,SHIFT_A,34.78,3.478,3.478,6.809,3.148
2026-10-08 09:00:00,LINE_A,SHIFT_A,36.41,3.641,3.641,7.278,2.541
2026-10-08 09:15:00,LINE_A,SHIFT_A,37.76,3.776,3.776,6.779,3.218
2026-10-08 09:30:00,LINE_A,SHIFT_A,35.26,3.526,3.526,7.442,2.755
2026-10-08 09:45:00,LINE_A,SHIFT_A,34.26,3.426,3.426,7.435,2.854
2026-10-08 10:00:00,LINE_A,SHIFT_A,35.77,3.577,3.577,7.257,2.96
2026-10-08 10:15:00,LINE_A,SHIFT_A,36.15,3.615,3.615,7.016,3.138
2026-10-08 10:30:00,LINE_A,SHIFT_A,34.99,3.499,3.499,7.444,2.887
2026-10-08 10:45:00,LINE_A,SHIFT_A,36.31,3.631,3.631,6.797,3.145
2026-10-08 11:00:00,LINE_A,SHIFT_A,34.77,3.477,3.477,7.701,2.947
2026-10-08 11:15:00,LINE_A,SHIFT_A,35.25,3.525,3.525,7.391,2.751
2026-10-08 11:30:00,LINE_A,SHIFT_A,30.37,3.037,3.037,6.271,2.745
2026-10-08 11:45:00,LINE_A,SHIFT_A,30.13,3.013,3.013,5.783,2.687
2026-10-08 12:00:00,LINE_A,SHIFT_A,34.02,3.402,3.402,7.118,2.981
2026-10-08 12:15:00,LINE_A,SHIFT_A,34.35,3.435,3.435,7.328,2.691
2026-10-08 12:30:00,LINE_A,SHIFT_A,34.14,3.414,3.414,7.129,3.021
2026-10-08 12:45:00,LINE_A,SHIFT_A,35.63,3.563,3.563,6.811,2.766
2026-10-08 13:00:00,LINE_A,SHIFT_A,35.0,3.5,3.5,7.602,2.581
2026-10-08 13:15:00,LINE_A,SHIFT_A,34.05,3.405,3.405,6.65,2.782
2026-10-08 13:30:00,LINE_A,SHIFT_A,36.39,3.639,3.639,7.206,2.799
2026-10-08 13:45:00,LINE_A,SHIFT_A,34.57,3.457,3.457,7.957,2.388
2026-10-08 14:00:00,LINE_A,SHIFT_B,36.88,3.688,3.688,7.517,2.598
