timestamp,line_id,shift,planned_output_units,model_A_share,model_B_share,planned_mat_a_totes,planned_mat_b_totes,planned_total_totes
2026-08-13 14:00:00,LINE_A,SHIFT_B,37.74,0.67,0.33,3.774,3.774,7.548
2026-08-13 14:15:00,LINE_A,SHIFT_B,37.7,0.67,0.33,3.77,3.77,7.541
2026-08-13 14:30:00,LINE_A,SHIFT_B,37.66,0.67,0.33,3.766,3.766,7.533
2026-08-13 14:45:00,LINE_A,SHIFT_B,37.61,0.67,0.33,3.761,3.761,7.523
2026-08-13 15:00:00,LINE_A,SHIFT_B,37.56,0.67,0.33,3.756,3.756,7.512
2026-08-13 15:15:00,LINE_A,SHIFT_B,37.5,0.67,0.33,3.75,3.75,7.499
2026-08-13 15:30:00,LINE_A,SHIFT_B,37.43,0.67,0.33,3.743,3.743,7.486
2026-08-13 15:45:00,LINE_A,SHIFT_B,37.35,0.67,0.33,3.735,3.735,7.471
2026-08-13 16:00:00,LINE_A,SHIFT_B,37.27,0.67,0.33,3.727,3.727,7.455
2026-08-13 16:15:00,LINE_A,SHIFT_B,37.19,0.67,0.33,3.719,3.719,7.437
2026-08-13 16:30:00,LINE_A,SHIFT_B,37.1,0.67,0.33,3.71,3.71,7.419
2026-08-13 16:45:00,LINE_A,SHIFT_B,37.0,0.67,0.33,3.7,3.7,7.4
2026-08-13 17:00:00,LINE_A,SHIFT_B,36.9,0.67,0.33,3.69,3.69,7.38
2026-08-13 17:15:00,LINE_A,SHIFT_B,36.8,0.67,0.33,3.68,3.68,7.359
2026-08-13 17:30:00,LINE_A,SHIFT_B,36.69,0.67,0.33,3.669,3.669,7.338
2026-08-13 17:45:00,LINE_A,SHIFT_B,36.58,0.67,0.33,3.658,3.658,7.316
2026-08-13 18:00:00,LINE_A,SHIFT_B,36.47,0.67,0.33,3.647,3.647,7.293
2026-08-13 18:15:00,LINE_A,SHIFT_B,36.35,0.67,0.33,3.635,3.635,7.27
2026-08-13 18:30:00,LINE_A,SHIFT_B,36.23,0.67,0.33,3.623,3.623,7.247
2026-08-13 18:45:00,LINE_A,SHIFT_B,36.12,0.67,0.33,3.612,3.612,7.224
2026-08-13 19:00:00,LINE_A,SHIFT_B,31.68,0.669,0.331,3.168,3.168,6.336
2026-08-13 19:15:00,LINE_A,SHIFT_B,31.58,0.669,0.331,3.158,3.158,6.315
2026-08-13 19:30:00,LINE_A,SHIFT_B,35.77,0.669,0.331,3.577,3.577,7.153
2026-08-13 19:45:00,LINE_A,SHIFT_B,35.65,0.669,0.331,3.565,3.565,7.13
2026-08-13 20:00:00,LINE_A,SHIFT_B,35.53,0.668,0.332,3.553,3.553,7.107
2026-08-13 20:15:00,LINE_A,SHIFT_B,35.42,0.668,0.332,3.542,3.542,7.084
2026-08-13 20:30:00,LINE_A,SHIFT_B,35.31,0.668,0.332,3.531,3.531,7.062
2026-08-13 20:45:00,LINE_A,SHIFT_B,35.2,0.668,0.332,3.52,3.52,7.041
2026-08-13 21:00:00,LINE_A,SHIFT_B,35.1,0.668,0.332,3.51,3.51,7.02
2026-08-13 21:15:00,LINE_A,SHIFT_B,35.0,0.668,0.332,3.5,3.5,7.0
2026-08-13 21:30:00,LINE_A,SHIFT_B,34.9,0.668,0.332,3.49,3.49,6.981
2026-08-13 21:45:00,LINE_A,SHIFT_B,34.81,0.668,0.332,3.481,3.481,6.963
2026-08-13 22:00:00,LINE_A,SHIFT_C,27.01,0.666,0.334,2.701,2.701,5.402
2026-08-13 22:15:00,LINE_A,SHIFT_C,26.95,0.666,0.334,2.695,2.695,5.389
2026-08-13 22:30:00,LINE_A,SHIFT_C,26.89,0.666,0.334,2.689,2.689,5.378
2026-08-13 22:45:00,LINE_A,SHIFT_C,26.84,0.666,0.334,2.684,2.684,5.367
2026-08-13 23:00:00,LINE_A,SHIFT_C,26.79,0.665,0.335,2.679,2.679,5.358
2026-08-13 23:15:00,LINE_A,SHIFT_C,26.74,0.665,0.335,2.674,2.674,5.349
2026-08-13 23:30:00,LINE_A,SHIFT_C,26.71,0.665,0.335,2.671,2.671,5.341
2026-08-13 23:45:00,LINE_A,SHIFT_C,26.67,0.665,0.335,2.667,2.667,5.335
2026-08-14 00:00:00,LINE_A,SHIFT_C,26.65,0.667,0.333,2.665,2.665,5.33
2026-08-14 00:15:00,LINE_A,SHIFT_C,26.63,0.667,0.333,2.663,2.663,5.325
2026-08-14 00:30:00,LINE_A,SHIFT_C,26.61,0.667,0.333,2.661,2.661,5.322
2026-08-14 00:45:00,LINE_A,SHIFT_C,26.6,0.667,0.333,2.66,2.66,5.321
2026-08-14 01:00:00,LINE_A,SHIFT_C,26.6,0.666,0.334,2.66,2.66,5.32
2026-08-14 01:15:00,LINE_A,SHIFT_C,26.6,0.666,0.334,2.66,2.66,5.321
2026-08-14 01:30:00,LINE_A,SHIFT_C,26.61,0.666,0.334,2.661,2.661,5.322
2026-08-14 01:45:00,LINE_A,SHIFT_C,26.63,0.666,0.334,2.663,2.663,5.325
2026-08-14 02:00:00,LINE_A,SHIFT_C,26.65,0.664,0.336,2.665,2.665,5.33
2026-08-14 02:15:00,LINE_A,SHIFT_C,26.67,0.664,0.336,2.667,2.667,5.335
2026-08-14 02:30:00,LINE_A,SHIFT_C,26.71,0.664,0.336,2.671,2.671,5.341
2026-08-14 02:45:00,LINE_A,SHIFT_C,26.74,0.664,0.336,2.674,2.674,5.349
2026-08-14 03:00:00,LINE_A,SHIFT_C,26.79,0.663,0.337,2.679,2.679,5.358
2026-08-14 03:15:00,LINE_A,SHIFT_C,26.84,0.663,0.337,2.684,2.684,5.367
2026-08-14 03:30:00,LINE_A,SHIFT_C,26.89,0.663,0.337,2.689,2.689,5.378
2026-08-14 03:45:00,LINE_A,SHIFT_C,26.95,0.663,0.337,2.695,2.695,5.389
2026-08-14 04:00:00,LINE_A,SHIFT_C,27.01,0.661,0.339,2.701,2.701,5.402
2026-08-14 04:15:00,LINE_A,SHIFT_C,27.08,0.661,0.339,2.708,2.708,5.415
2026-08-14 04:30:00,LINE_A,SHIFT_C,27.15,0.661,0.339,2.715,2.715,5.43
2026-08-14 04:45:00,LINE_A,SHIFT_C,27.22,0.661,0.339,2.722,2.722,5.444
2026-08-14 05:00:00,LINE_A,SHIFT_C,27.3,0.659,0.341,2.73,2.73,5.46
2026-08-14 05:15:00,LINE_A,SHIFT_C,27.38,0.659,0.341,2.738,2.738,5.476
2026-08-14 05:30:00,LINE_A,SHIFT_C,27.46,0.659,0.341,2.746,2.746,5.493
2026-08-14 05:45:00,LINE_A,SHIFT_C,27.55,0.659,0.341,2.755,2.755,5.51
2026-08-14 06:00:00,LINE_A,SHIFT_A,33.56,0.657,0.343,3.356,3.356,6.712
2026-08-14 06:15:00,LINE_A,SHIFT_A,33.67,0.657,0.343,3.367,3.367,6.734
2026-08-14 06:30:00,LINE_A,SHIFT_A,33.78,0.657,0.343,3.378,3.378,6.756
2026-08-14 06:45:00,LINE_A,SHIFT_A,33.89,0.657,0.343,3.389,3.389,6.778
2026-08-14 07:00:00,LINE_A,SHIFT_A,34.0,0.654,0.346,3.4,3.4,6.8
2026-08-14 07:15:00,LINE_A,SHIFT_A,34.11,0.654,0.346,3.411,3.411,6.822
2026-08-14 07:30:00,LINE_A,SHIFT_A,34.22,0.654,0.346,3.422,3.422,6.844
2026-08-14 07:45:00,LINE_A,SHIFT_A,34.33,0.654,0.346,3.433,3.433,6.866
2026-08-14 08:00:00,LINE_A,SHIFT_A,34.44,0.652,0.348,3.444,3.444,6.888
2026-08-14 08:15:00,LINE_A,SHIFT_A,34.55,0.652,0.348,3.455,3.455,6.909
2026-08-14 08:30:00,LINE_A,SHIFT_A,34.65,0.652,0.348,3.465,3.465,6.93
2026-08-14 08:45:00,LINE_A,SHIFT_A,34.75,0.652,0.348,3.475,3.475,6.95
2026-08-14 09:00:00,LINE_A,SHIFT_A,34.85,0.649,0.351,3.485,3.485,6.97
2026-08-14 09:15:00,LINE_A,SHIFT_A,34.94,0.649,0.351,3.494,3.494,6.989
2026-08-14 09:30:00,LINE_A,SHIFT_A,35.03,0.649,0.351,3.503,3.503,7.007
2026-08-14 09:45:00,LINE_A,SHIFT_A,35.12,0.649,0.351,3.512,3.512,7.024
2026-08-14 10:00:00,LINE_A,SHIFT_A,35.2,0.646,0.354,3.52,3.52,7.04
2026-08-14 10:15:00,LINE_A,SHIFT_A,35.28,0.646,0.354,3.528,3.528,7.056
2026-08-14 10:30:00,LINE_A,SHIFT_A,35.35,0.646,0.354,3.535,3.535,7.07
2026-08-14 10:45:00,LINE_A,SHIFT_A,35.41,0.646,0.354,3.541,3.541,7.083
2026-08-14 11:00:00,LINE_A,SHIFT_A,35.47,0.643,0.357,3.547,3.547,7.094
2026-08-14 11:15:00,LINE_A,SHIFT_A,35.52,0.643,0.357,3.552,3.552,7.105
2026-08-14 11:30:00,LINE_A,SHIFT_A,31.3,0.643,0.357,3.13,3.13,6.26
2026-08-14 11:45:00,LINE_A,SHIFT_A,31.34,0.643,0.357,3.134,3.134,6.267
2026-08-14 12:00:00,LINE_A,SHIFT_A,35.64,0.64,0.36,3.564,3.564,7.128
2026-08-14 12:15:00,LINE_A,SHIFT_A,35.67,0.64,0.36,3.567,3.567,7.133
2026-08-14 12:30:00,LINE_A,SHIFT_A,35.69,0.64,0.36,3.569,3.569,7.137
2026-08-14 12:45:00,LINE_A,SHIFT_A,35.7,0.64,0.36,3.57,3.57,7.139
2026-08-14 13:00:00,LINE_A,SHIFT_A,35.7,0.636,0.364,3.57,3.57,7.14
2026-08-14 13:15:00,LINE_A,SHIFT_A,35.7,0.636,0.364,3.57,3.57,7.139
2026-08-14 13:30:00,LINE_A,SHIFT_A,35.69,0.636,0.364,3.569,3.569,7.137
2026-08-14 13:45:00,LINE_A,SHIFT_A,35.67,0.636,0.364,3.567,3.567,7.133
2026-08-14 14:00:00,LINE_A,SHIFT_B,37.74,0.633,0.367,3.774,3.774,7.548
2026-08-14 14:15:00,LINE_A,SHIFT_B,37.7,0.633,0.367,3.77,3.77,7.541
2026-08-14 14:30:00,LINE_A,SHIFT_B,37.66,0.633,0.367,3.766,3.766,7.533
2026-08-14 14:45:00,LINE_A,SHIFT_B,37.61,0.633,0.367,3.761,3.761,7.523
2026-08-14 15:00:00,LINE_A,SHIFT_B,37.56,0.629,0.371,3.756,3.756,7.512
2026-08-14 15:15:00,LINE_A,SHIFT_B,37.5,0.629,0.371,3.75,3.75,7.499
2026-08-14 15:30:00,LINE_A,SHIFT_B,37.43,0.629,0.371,3.743,3.743,7.486
2026-08-14 15:45:00,LINE_A,SHIFT_B,37.35,0.629,0.371,3.735,3.735,7.471
2026-08-14 16:00:00,LINE_A,SHIFT_B,37.27,0.625,0.375,3.727,3.727,7.455
2026-08-14 16:15:00,LINE_A,SHIFT_B,37.19,0.625,0.375,3.719,3.719,7.437
2026-08-14 16:30:00,LINE_A,SHIFT_B,37.1,0.625,0.375,3.71,3.71,7.419
2026-08-14 16:45:00,LINE_A,SHIFT_B,37.0,0.625,0.375,3.7,3.7,7.4
2026-08-14 17:00:00,LINE_A,SHIFT_B,36.9,0.621,0.379,3.69,3.69,7.38
2026-08-14 17:15:00,LINE_A,SHIFT_B,36.8,0.621,0.379,3.68,3.68,7.359
2026-08-14 17:30:00,LINE_A,SHIFT_B,36.69,0.621,0.379,3.669,3.669,7.338
2026-08-14 17:45:00,LINE_A,SHIFT_B,36.58,0.621,0.379,3.658,3.658,7.316
2026-08-14 18:00:00,LINE_A,SHIFT_B,36.47,0.617,0.383,3.647,3.647,7.293
2026-08-14 18:15:00,LINE_A,SHIFT_B,36.35,0.617,0.383,3.635,3.635,7.27
2026-08-14 18:30:00,LINE_A,SHIFT_B,36.23,0.617,0.383,3.623,3.623,7.247
2026-08-14 18:45:00,LINE_A,SHIFT_B,36.12,0.617,0.383,3.612,3.612,7.224
2026-08-14 19:00:00,LINE_A,SHIFT_B,31.68,0.613,0.387,3.168,3.168,6.336
2026-08-14 19:15:00,LINE_A,SHIFT_B,31.58,0.613,0.387,3.158,3.158,6.315
2026-08-14 19:30:00,LINE_A,SHIFT_B,35.77,0.613,0.387,3.577,3.577,7.153
2026-08-14 19:45:00,LINE_A,SHIFT_B,35.65,0.613,0.387,3.565,3.565,7.13
2026-08-14 20:00:00,LINE_A,SHIFT_B,35.53,0.609,0.391,3.553,3.553,7.107
2026-08-14 20:15:00,LINE_A,SHIFT_B,35.42,0.609,0.391,3.542,3.542,7.084
2026-08-14 20:30:00,LINE_A,SHIFT_B,35.31,0.609,0.391,3.531,3.531,7.062
2026-08-14 20:45:00,LINE_A,SHIFT_B,35.2,0.609,0.391,3.52,3.52,7.041
2026-08-14 21:00:00,LINE_A,SHIFT_B,35.1,0.604,0.396,3.51,3.51,7.02
2026-08-14 21:15:00,LINE_A,SHIFT_B,35.0,0.604,0.396,3.5,3.5,7.0
2026-08-14 21:30:00,LINE_A,SHIFT_B,34.9,0.604,0.396,3.49,3.49,6.981
2026-08-14 21:45:00,LINE_A,SHIFT_B,34.81,0.604,0.396,3.481,3.481,6.963
2026-08-14 22:00:00,LINE_A,SHIFT_C,27.01,0.6,0.4,2.701,2.701,5.402
2026-08-14 22:15:00,LINE_A,SHIFT_C,26.95,0.6,0.4,2.695,2.695,5.389
2026-08-14 22:30:00,LINE_A,SHIFT_C,26.89,0.6,0.4,2.689,2.689,5.378
2026-08-14 22:45:00,LINE_A,SHIFT_C,26.84,0.6,0.4,2.684,2.684,5.367
2026-08-14 23:00:00,LINE_A,SHIFT_C,26.79,0.595,0.405,2.679,2.679,5.358
2026-08-14 23:15:00,LINE_A,SHIFT_C,26.74,0.595,0.405,2.674,2.674,5.349
2026-08-14 23:30:00,LINE_A,SHIFT_C,26.71,0.595,0.405,2.671,2.671,5.341
2026-08-14 23:45:00,LINE_A,SHIFT_C,26.67,0.595,0.405,2.667,2.667,5.335
2026-08-15 00:00:00,LINE_A,SHIFT_C,21.85,0.602,0.398,2.185,2.185,4.37
2026-08-15 00:15:00,LINE_A,SHIFT_C,21.83,0.602,0.398,2.183,2.183,4.367
2026-08-15 00:30:00,LINE_A,SHIFT_C,21.82,0.602,0.398,2.182,2.182,4.364
2026-08-15 00:45:00,LINE_A,SHIFT_C,21.81,0.602,0.398,2.181,2.181,4.363
2026-08-15 01:00:00,LINE_A,SHIFT_C,21.81,0.598,0.402,2.181,2.181,4.362
2026-08-15 01:15:00,LINE_A,SHIFT_C,21.81,0.598,0.402,2.181,2.181,4.363
2026-08-15 01:30:00,LINE_A,SHIFT_C,21.82,0.598,0.402,2.182,2.182,4.364
2026-08-15 01:45:00,LINE_A,SHIFT_C,21.83,0.598,0.402,2.183,2.183,4.367
2026-08-15 02:00:00,LINE_A,SHIFT_C,21.85,0.593,0.407,2.185,2.185,4.37
2026-08-15 02:15:00,LINE_A,SHIFT_C,21.87,0.593,0.407,2.187,2.187,4.375
2026-08-15 02:30:00,LINE_A,SHIFT_C,21.9,0.593,0.407,2.19,2.19,4.38
2026-08-15 02:45:00,LINE_A,SHIFT_C,21.93,0.593,0.407,2.193,2.193,4.386
2026-08-15 03:00:00,LINE_A,SHIFT_C,21.97,0.588,0.412,2.197,2.197,4.393
2026-08-15 03:15:00,LINE_A,SHIFT_C,22.01,0.588,0.412,2.201,2.201,4.401
2026-08-15 03:30:00,LINE_A,SHIFT_C,22.05,0.588,0.412,2.205,2.205,4.41
2026-08-15 03:45:00,LINE_A,SHIFT_C,22.1,0.588,0.412,2.21,2.21,4.419
2026-08-15 04:00:00,LINE_A,SHIFT_C,22.15,0.583,0.417,2.215,2.215,4.43
2026-08-15 04:15:00,LINE_A,SHIFT_C,22.2,0.583,0.417,2.22,2.22,4.441
2026-08-15 04:30:00,LINE_A,SHIFT_C,22.26,0.583,0.417,2.226,2.226,4.452
2026-08-15 04:45:00,LINE_A,SHIFT_C,22.32,0.583,0.417,2.232,2.232,4.464
2026-08-15 05:00:00,LINE_A,SHIFT_C,22.39,0.579,0.421,2.239,2.239,4.477
2026-08-15 05:15:00,LINE_A,SHIFT_C,22.45,0.579,0.421,2.245,2.245,4.49
2026-08-15 05:30:00,LINE_A,SHIFT_C,22.52,0.579,0.421,2.252,2.252,4.504
2026-08-15 05:45:00,LINE_A,SHIFT_C,22.59,0.579,0.421,2.259,2.259,4.518
2026-08-15 06:00:00,LINE_A,SHIFT_A,27.52,0.574,0.426,2.752,2.752,5.504
2026-08-15 06:15:00,LINE_A,SHIFT_A,27.61,0.574,0.426,2.761,2.761,5.522
2026-08-15 06:30:00,LINE_A,SHIFT_A,27.7,0.574,0.426,2.77,2.77,5.54
2026-08-15 06:45:00,LINE_A,SHIFT_A,27.79,0.574,0.426,2.779,2.779,5.558
2026-08-15 07:00:00,LINE_A,SHIFT_A,27.88,0.569,0.431,2.788,2.788,5.576
2026-08-15 07:15:00,LINE_A,SHIFT_A,27.97,0.569,0.431,2.797,2.797,5.594
2026-08-15 07:30:00,LINE_A,SHIFT_A,28.06,0.569,0.431,2.806,2.806,5.612
2026-08-15 07:45:00,LINE_A,SHIFT_A,28.15,0.569,0.431,2.815,2.815,5.63
2026-08-15 08:00:00,LINE_A,SHIFT_A,28.24,0.564,0.436,2.824,2.824,5.648
2026-08-15 08:15:00,LINE_A,SHIFT_A,28.33,0.564,0.436,2.833,2.833,5.666
2026-08-15 08:30:00,LINE_A,SHIFT_A,28.41,0.564,0.436,2.841,2.841,5.683
2026-08-15 08:45:00,LINE_A,SHIFT_A,28.5,0.564,0.436,2.85,2.85,5.699
2026-08-15 09:00:00,LINE_A,SHIFT_A,28.58,0.559,0.441,2.858,2.858,5.715
2026-08-15 09:15:00,LINE_A,SHIFT_A,28.65,0.559,0.441,2.865,2.865,5.731
2026-08-15 09:30:00,LINE_A,SHIFT_A,28.73,0.559,0.441,2.873,2.873,5.746
2026-08-15 09:45:00,LINE_A,SHIFT_A,28.8,0.559,0.441,2.88,2.88,5.76
2026-08-15 10:00:00,LINE_A,SHIFT_A,28.87,0.554,0.446,2.887,2.887,5.773
2026-08-15 10:15:00,LINE_A,SHIFT_A,28.93,0.554,0.446,2.893,2.893,5.786
2026-08-15 10:30:00,LINE_A,SHIFT_A,28.99,0.554,0.446,2.899,2.899,5.797
2026-08-15 10:45:00,LINE_A,SHIFT_A,29.04,0.554,0.446,2.904,2.904,5.808
2026-08-15 11:00:00,LINE_A,SHIFT_A,29.09,0.549,0.451,2.909,2.909,5.817
2026-08-15 11:15:00,LINE_A,SHIFT_A,29.13,0.549,0.451,2.913,2.913,5.826
2026-08-15 11:30:00,LINE_A,SHIFT_A,25.67,0.549,0.451,2.567,2.567,5.134
2026-08-15 11:45:00,LINE_A,SHIFT_A,25.7,0.549,0.451,2.57,2.57,5.139
2026-08-15 12:00:00,LINE_A,SHIFT_A,29.23,0.544,0.456,2.923,2.923,5.845
2026-08-15 12:15:00,LINE_A,SHIFT_A,29.25,0.544,0.456,2.925,2.925,5.849
2026-08-15 12:30:00,LINE_A,SHIFT_A,29.26,0.544,0.456,2.926,2.926,5.852
2026-08-15 12:45:00,LINE_A,SHIFT_A,29.27,0.544,0.456,2.927,2.927,5.854
2026-08-15 13:00:00,LINE_A,SHIFT_A,29.27,0.539,0.461,2.927,2.927,5.855
2026-08-15 13:15:00,LINE_A,SHIFT_A,29.27,0.539,0.461,2.927,2.927,5.854
2026-08-15 13:30:00,LINE_A,SHIFT_A,29.26,0.539,0.461,2.926,2.926,5.852
2026-08-15 13:45:00,LINE_A,SHIFT_A,29.25,0.539,0.461,2.925,2.925,5.849
2026-08-15 14:00:00,LINE_A,SHIFT_B,30.95,0.534,0.466,3.095,3.095,6.189
2026-08-15 14:15:00,LINE_A,SHIFT_B,30.92,0.534,0.466,3.092,3.092,6.184
2026-08-15 14:30:00,LINE_A,SHIFT_B,30.88,0.534,0.466,3.088,3.088,6.177
2026-08-15 14:45:00,LINE_A,SHIFT_B,30.84,0.534,0.466,3.084,3.084,6.169
2026-08-15 15:00:00,LINE_A,SHIFT_B,30.8,0.529,0.471,3.08,3.08,6.16
2026-08-15 15:15:00,LINE_A,SHIFT_B,30.75,0.529,0.471,3.075,3.075,6.149
2026-08-15 15:30:00,LINE_A,SHIFT_B,30.69,0.529,0.471,3.069,3.069,6.138
2026-08-15 15:45:00,LINE_A,SHIFT_B,30.63,0.529,0.471,3.063,3.063,6.126
2026-08-15 16:00:00,LINE_A,SHIFT_B,30.56,0.524,0.476,3.056,3.056,6.113
2026-08-15 16:15:00,LINE_A,SHIFT_B,30.49,0.524,0.476,3.049,3.049,6.099
2026-08-15 16:30:00,LINE_A,SHIFT_B,30.42,0.524,0.476,3.042,3.042,6.084
2026-08-15 16:45:00,LINE_A,SHIFT_B,30.34,0.524,0.476,3.034,3.034,6.068
2026-08-15 17:00:00,LINE_A,SHIFT_B,30.26,0.519,0.481,3.026,3.026,6.052
2026-08-15 17:15:00,LINE_A,SHIFT_B,30.17,0.519,0.481,3.017,3.017,6.035
2026-08-15 17:30:00,LINE_A,SHIFT_B,30.08,0.519,0.481,3.008,3.008,6.017
2026-08-15 17:45:00,LINE_A,SHIFT_B,29.99,0.519,0.481,2.999,2.999,5.999
2026-08-15 18:00:00,LINE_A,SHIFT_B,29.9,0.514,0.486,2.99,2.99,5.98
2026-08-15 18:15:00,LINE_A,SHIFT_B,29.81,0.514,0.486,2.981,2.981,5.962
2026-08-15 18:30:00,LINE_A,SHIFT_B,29.71,0.514,0.486,2.971,2.971,5.943
2026-08-15 18:45:00,LINE_A,SHIFT_B,29.62,0.514,0.486,2.962,2.962,5.923
2026-08-15 19:00:00,LINE_A,SHIFT_B,25.98,0.51,0.49,2.598,2.598,5.196
2026-08-15 19:15:00,LINE_A,SHIFT_B,25.89,0.51,0.49,2.589,2.589,5.179
2026-08-15 19:30:00,LINE_A,SHIFT_B,29.33,0.51,0.49,2.933,2.933,5.865
2026-08-15 19:45:00,LINE_A,SHIFT_B,29.23,0.51,0.49,2.923,2.923,5.846
2026-08-15 20:00:00,LINE_A,SHIFT_B,29.14,0.505,0.495,2.914,2.914,5.828
2026-08-15 20:15:00,LINE_A,SHIFT_B,29.05,0.505,0.495,2.905,2.905,5.809
2026-08-15 20:30:00,LINE_A,SHIFT_B,28.96,0.505,0.495,2.896,2.896,5.791
2026-08-15 20:45:00,LINE_A,SHIFT_B,28.87,0.505,0.495,2.887,2.887,5.773
2026-08-15 21:00:00,LINE_A,SHIFT_B,28.78,0.5,0.5,2.878,2.878,5.756
2026-08-15 21:15:00,LINE_A,SHIFT_B,28.7,0.5,0.5,2.87,2.87,5.74
2026-08-15 21:30:00,LINE_A,SHIFT_B,28.62,0.5,0.5,2.862,2.862,5.724
2026-08-15 21:45:00,LINE_A,SHIFT_B,28.55,0.5,0.5,2.855,2.855,5.709
2026-08-15 22:00:00,LINE_A,SHIFT_C,22.15,0.496,0.504,2.215,2.215,4.43
2026-08-15 22:15:00,LINE_A,SHIFT_C,22.1,0.496,0.504,2.21,2.21,4.419
2026-08-15 22:30:00,LINE_A,SHIFT_C,22.05,0.496,0.504,2.205,2.205,4.41
2026-08-15 22:45:00,LINE_A,SHIFT_C,22.01,0.496,0.504,2.201,2.201,4.401
2026-08-15 23:00:00,LINE_A,SHIFT_C,21.97,0.491,0.509,2.197,2.197,4.393
2026-08-15 23:15:00,LINE_A,SHIFT_C,21.93,0.491,0.509,2.193,2.193,4.386
2026-08-15 23:30:00,LINE_A,SHIFT_C,21.9,0.491,0.509,2.19,2.19,4.38
2026-08-15 23:45:00,LINE_A,SHIFT_C,21.87,0.491,0.509,2.187,2.187,4.375
2026-08-16 00:00:00,LINE_A,SHIFT_C,21.85,0.498,0.502,2.185,2.185,4.37
2026-08-16 00:15:00,LINE_A,SHIFT_C,21.83,0.498,0.502,2.183,2.183,4.367
2026-08-16 00:30:00,LINE_A,SHIFT_C,21.82,0.498,0.502,2.182,2.182,4.364
2026-08-16 00:45:00,LINE_A,SHIFT_C,21.81,0.498,0.502,2.181,2.181,4.363
2026-08-16 01:00:00,LINE_A,SHIFT_C,21.81,0.493,0.507,2.181,2.181,4.362
2026-08-16 01:15:00,LINE_A,SHIFT_C,21.81,0.493,0.507,2.181,2.181,4.363
2026-08-16 01:30:00,LINE_A,SHIFT_C,21.82,0.493,0.507,2.182,2.182,4.364
2026-08-16 01:45:00,LINE_A,SHIFT_C,21.83,0.493,0.507,2.183,2.183,4.367
2026-08-16 02:00:00,LINE_A,SHIFT_C,21.85,0.489,0.511,2.185,2.185,4.37
2026-08-16 02:15:00,LINE_A,SHIFT_C,21.87,0.489,0.511,2.187,2.187,4.375
2026-08-16 02:30:00,LINE_A,SHIFT_C,21.9,0.489,0.511,2.19,2.19,4.38
2026-08-16 02:45:00,LINE_A,SHIFT_C,21.93,0.489,0.511,2.193,2.193,4.386
2026-08-16 03:00:00,LINE_A,SHIFT_C,21.97,0.485,0.515,2.197,2.197,4.393
2026-08-16 03:15:00,LINE_A,SHIFT_C,22.01,0.485,0.515,2.201,2.201,4.401
2026-08-16 03:30:00,LINE_A,SHIFT_C,22.05,0.485,0.515,2.205,2.205,4.41
2026-08-16 03:45:00,LINE_A,SHIFT_C,22.1,0.485,0.515,2.21,2.21,4.419
2026-08-16 04:00:00,LINE_A,SHIFT_C,22.15,0.481,0.519,2.215,2.215,4.43
2026-08-16 04:15:00,LINE_A,SHIFT_C,22.2,0.481,0.519,2.22,2.22,4.441
2026-08-16 04:30:00,LINE_A,SHIFT_C,22.26,0.481,0.519,2.226,2.226,4.452
2026-08-16 04:45:00,LINE_A,SHIFT_C,22.32,0.481,0.519,2.232,2.232,4.464
2026-08-16 05:00:00,LINE_A,SHIFT_C,22.39,0.477,0.523,2.239,2.239,4.477
2026-08-16 05:15:00,LINE_A,SHIFT_C,22.45,0.477,0.523,2.245,2.245,4.49
2026-08-16 05:30:00,LINE_A,SHIFT_C,22.52,0.477,0.523,2.252,2.252,4.504
2026-08-16 05:45:00,LINE_A,SHIFT_C,22.59,0.477,0.523,2.259,2.259,4.518
2026-08-16 06:00:00,LINE_A,SHIFT_A,27.52,0.473,0.527,2.752,2.752,5.504
2026-08-16 06:15:00,LINE_A,SHIFT_A,27.61,0.473,0.527,2.761,2.761,5.522
2026-08-16 06:30:00,LINE_A,SHIFT_A,27.7,0.473,0.527,2.77,2.77,5.54
2026-08-16 06:45:00,LINE_A,SHIFT_A,27.79,0.473,0.527,2.779,2.779,5.558
2026-08-16 07:00:00,LINE_A,SHIFT_A,27.88,0.469,0.531,2.788,2.788,5.576
2026-08-16 07:15:00,LINE_A,SHIFT_A,27.97,0.469,0.531,2.797,2.797,5.594
2026-08-16 07:30:00,LINE_A,SHIFT_A,28.06,0.469,0.531,2.806,2.806,5.612
2026-08-16 07:45:00,LINE_A,SHIFT_A,28.15,0.469,0.531,2.815,2.815,5.63
2026-08-16 08:00:00,LINE_A,SHIFT_A,28.24,0.465,0.535,2.824,2.824,5.648
2026-08-16 08:15:00,LINE_A,SHIFT_A,28.33,0.465,0.535,2.833,2.833,5.666
2026-08-16 08:30:00,LINE_A,SHIFT_A,28.41,0.465,0.535,2.841,2.841,5.683
2026-08-16 08:45:00,LINE_A,SHIFT_A,28.5,0.465,0.535,2.85,2.85,5.699
2026-08-16 09:00:00,LINE_A,SHIFT_A,28.58,0.462,0.538,2.858,2.858,5.715
2026-08-16 09:15:00,LINE_A,SHIFT_A,28.65,0.462,0.538,2.865,2.865,5.731
2026-08-16 09:30:00,LINE_A,SHIFT_A,28.73,0.462,0.538,2.873,2.873,5.746
2026-08-16 09:45:00,LINE_A,SHIFT_A,28.8,0.462,0.538,2.88,2.88,5.76
2026-08-16 10:00:00,LINE_A,SHIFT_A,28.87,0.459,0.541,2.887,2.887,5.773
2026-08-16 10:15:00,LINE_A,SHIFT_A,28.93,0.459,0.541,2.893,2.893,5.786
2026-08-16 10:30:00,LINE_A,SHIFT_A,28.99,0.459,0.541,2.899,2.899,5.797
2026-08-16 10:45:00,LINE_A,SHIFT_A,29.04,0.459,0.541,2.904,2.904,5.808
2026-08-16 11:00:00,LINE_A,SHIFT_A,29.09,0.455,0.545,2.909,2.909,5.817
2026-08-16 11:15:00,LINE_A,SHIFT_A,29.13,0.455,0.545,2.913,2.913,5.826
2026-08-16 11:30:00,LINE_A,SHIFT_A,25.67,0.455,0.545,2.567,2.567,5.134
2026-08-16 11:45:00,LINE_A,SHIFT_A,25.7,0.455,0.545,2.57,2.57,5.139
2026-08-16 12:00:00,LINE_A,SHIFT_A,29.23,0.452,0.548,2.923,2.923,5.845
2026-08-16 12:15:00,LINE_A,SHIFT_A,29.25,0.452,0.548,2.925,2.925,5.849
2026-08-16 12:30:00,LINE_A,SHIFT_A,29.26,0.452,0.548,2.926,2.926,5.852
2026-08-16 12:45:00,LINE_A,SHIFT_A,29.27,0.452,0.548,2.927,2.927,5.854
2026-08-16 13:00:00,LINE_A,SHIFT_A,29.27,0.45,0.55,2.927,2.927,5.855
2026-08-16 13:15:00,LINE_A,SHIFT_A,29.27,0.45,0.55,2.927,2.927,5.854
2026-08-16 13:30:00,LINE_A,SHIFT_A,29.26,0.45,0.55,2.926,2.926,5.852
2026-08-16 13:45:00,LINE_A,SHIFT_A,29.25,0.45,0.55,2.925,2.925,5.849
2026-08-16 14:00:00,LINE_A,SHIFT_B,30.95,0.447,0.553,3.095,3.095,6.189
2026-08-16 14:15:00,LINE_A,SHIFT_B,30.92,0.447,0.553,3.092,3.092,6.184
2026-08-16 14:30:00,LINE_A,SHIFT_B,30.88,0.447,0.553,3.088,3.088,6.177
2026-08-16 14:45:00,LINE_A,SHIFT_B,30.84,0.447,0.553,3.084,3.084,6.169
2026-08-16 15:00:00,LINE_A,SHIFT_B,30.8,0.445,0.555,3.08,3.08,6.16
2026-08-16 15:15:00,LINE_A,SHIFT_B,30.75,0.445,0.555,3.075,3.075,6.149
2026-08-16 15:30:00,LINE_A,SHIFT_B,30.69,0.445,0.555,3.069,3.069,6.138
2026-08-16 15:45:00,LINE_A,SHIFT_B,30.63,0.445,0.555,3.063,3.063,6.126
2026-08-16 16:00:00,LINE_A,SHIFT_B,30.56,0.442,0.558,3.056,3.056,6.113
2026-08-16 16:15:00,LINE_A,SHIFT_B,30.49,0.442,0.558,3.049,3.049,6.099
2026-08-16 16:30:00,LINE_A,SHIFT_B,30.42,0.442,0.558,3.042,3.042,6.084
2026-08-16 16:45:00,LINE_A,SHIFT_B,30.34,0.442,0.558,3.034,3.034,6.068
2026-08-16 17:00:00,LINE_A,SHIFT_B,30.26,0.44,0.56,3.026,3.026,6.052
2026-08-16 17:15:00,LINE_A,SHIFT_B,30.17,0.44,0.56,3.017,3.017,6.035
2026-08-16 17:30:00,LINE_A,SHIFT_B,30.08,0.44,0.56,3.008,3.008,6.017
2026-08-16 17:45:00,LINE_A,SHIFT_B,29.99,0.44,0.56,2.999,2.999,5.999
2026-08-16 18:00:00,LINE_A,SHIFT_B,29.9,0.438,0.562,2.99,2.99,5.98
2026-08-16 18:15:00,LINE_A,SHIFT_B,29.81,0.438,0.562,2.981,2.981,5.962
2026-08-16 18:30:00,LINE_A,SHIFT_B,29.71,0.438,0.562,2.971,2.971,5.943
2026-08-16 18:45:00,LINE_A,SHIFT_B,29.62,0.438,0.562,2.962,2.962,5.923
2026-08-16 19:00:00,LINE_A,SHIFT_B,25.98,0.436,0.564,2.598,2.598,5.196
2026-08-16 19:15:00,LINE_A,SHIFT_B,25.89,0.436,0.564,2.589,2.589,5.179
2026-08-16 19:30:00,LINE_A,SHIFT_B,29.33,0.436,0.564,2.933,2.933,5.865
2026-08-16 19:45:00,LINE_A,SHIFT_B,29.23,0.436,0.564,2.923,2.923,5.846
2026-08-16 20:00:00,LINE_A,SHIFT_B,29.14,0.435,0.565,2.914,2.914,5.828
2026-08-16 20:15:00,LINE_A,SHIFT_B,29.05,0.435,0.565,2.905,2.905,5.809
2026-08-16 20:30:00,LINE_A,SHIFT_B,28.96,0.435,0.565,2.896,2.896,5.791
2026-08-16 20:45:00,LINE_A,SHIFT_B,28.87,0.435,0.565,2.887,2.887,5.773
2026-08-16 21:00:00,LINE_A,SHIFT_B,28.78,0.434,0.566,2.878,2.878,5.756
2026-08-16 21:15:00,LINE_A,SHIFT_B,28.7,0.434,0.566,2.87,2.87,5.74
2026-08-16 21:30:00,LINE_A,SHIFT_B,28.62,0.434,0.566,2.862,2.862,5.724
2026-08-16 21:45:00,LINE_A,SHIFT_B,28.55,0.434,0.566,2.855,2.855,5.709
2026-08-16 22:00:00,LINE_A,SHIFT_C,22.15,0.433,0.567,2.215,2.215,4.43
2026-08-16 22:15:00,LINE_A,SHIFT_C,22.1,0.433,0.567,2.21,2.21,4.419
2026-08-16 22:30:00,LINE_A,SHIFT_C,22.05,0.433,0.567,2.205,2.205,4.41
2026-08-16 22:45:00,LINE_A,SHIFT_C,22.01,0.433,0.567,2.201,2.201,4.401
2026-08-16 23:00:00,LINE_A,SHIFT_C,21.97,0.432,0.568,2.197,2.197,4.393
2026-08-16 23:15:00,LINE_A,SHIFT_C,21.93,0.432,0.568,2.193,2.193,4.386
2026-08-16 23:30:00,LINE_A,SHIFT_C,21.9,0.432,0.568,2.19,2.19,4.38
2026-08-16 23:45:00,LINE_A,SHIFT_C,21.87,0.432,0.568,2.187,2.187,4.375
2026-08-17 00:00:00,LINE_A,SHIFT_C,26.65,0.433,0.567,2.665,2.665,5.33
2026-08-17 00:15:00,LINE_A,SHIFT_C,26.63,0.433,0.567,2.663,2.663,5.325
2026-08-17 00:30:00,LINE_A,SHIFT_C,26.61,0.433,0.567,2.661,2.661,5.322
2026-08-17 00:45:00,LINE_A,SHIFT_C,26.6,0.433,0.567,2.66,2.66,5.321
2026-08-17 01:00:00,LINE_A,SHIFT_C,26.6,0.432,0.568,2.66,2.66,5.32
2026-08-17 01:15:00,LINE_A,SHIFT_C,26.6,0.432,0.568,2.66,2.66,5.321
2026-08-17 01:30:00,LINE_A,SHIFT_C,26.61,0.432,0.568,2.661,2.661,5.322
2026-08-17 01:45:00,LINE_A,SHIFT_C,26.63,0.432,0.568,2.663,2.663,5.325
2026-08-17 02:00:00,LINE_A,SHIFT_C,26.65,0.431,0.569,2.665,2.665,5.33
2026-08-17 02:15:00,LINE_A,SHIFT_C,26.67,0.431,0.569,2.667,2.667,5.335
2026-08-17 02:30:00,LINE_A,SHIFT_C,26.71,0.431,0.569,2.671,2.671,5.341
2026-08-17 02:45:00,LINE_A,SHIFT_C,26.74,0.431,0.569,2.674,2.674,5.349
2026-08-17 03:00:00,LINE_A,SHIFT_C,26.79,0.431,0.569,2.679,2.679,5.358
2026-08-17 03:15:00,LINE_A,SHIFT_C,26.84,0.431,0.569,2.684,2.684,5.367
2026-08-17 03:30:00,LINE_A,SHIFT_C,26.89,0.431,0.569,2.689,2.689,5.378
2026-08-17 03:45:00,LINE_A,SHIFT_C,26.95,0.431,0.569,2.695,2.695,5.389
2026-08-17 04:00:00,LINE_A,SHIFT_C,27.01,0.43,0.57,2.701,2.701,5.402
2026-08-17 04:15:00,LINE_A,SHIFT_C,27.08,0.43,0.57,2.708,2.708,5.415
2026-08-17 04:30:00,LINE_A,SHIFT_C,27.15,0.43,0.57,2.715,2.715,5.43
2026-08-17 04:45:00,LINE_A,SHIFT_C,27.22,0.43,0.57,2.722,2.722,5.444
2026-08-17 05:00:00,LINE_A,SHIFT_C,27.3,0.43,0.57,2.73,2.73,5.46
2026-08-17 05:15:00,LINE_A,SHIFT_C,27.38,0.43,0.57,2.738,2.738,5.476
2026-08-17 05:30:00,LINE_A,SHIFT_C,27.46,0.43,0.57,2.746,2.746,5.493
2026-08-17 05:45:00,LINE_A,SHIFT_C,27.55,0.43,0.57,2.755,2.755,5.51
2026-08-17 06:00:00,LINE_A,SHIFT_A,33.56,0.43,0.57,3.356,3.356,6.712
2026-08-17 06:15:00,LINE_A,SHIFT_A,33.67,0.43,0.57,3.367,3.367,6.734
2026-08-17 06:30:00,LINE_A,SHIFT_A,33.78,0.43,0.57,3.378,3.378,6.756
2026-08-17 06:45:00,LINE_A,SHIFT_A,33.89,0.43,0.57,3.389,3.389,6.778
2026-08-17 07:00:00,LINE_A,SHIFT_A,34.0,0.43,0.57,3.4,3.4,6.8
2026-08-17 07:15:00,LINE_A,SHIFT_A,34.11,0.43,0.57,3.411,3.411,6.822
2026-08-17 07:30:00,LINE_A,SHIFT_A,34.22,0.43,0.57,3.422,3.422,6.844
2026-08-17 07:45:00,LINE_A,SHIFT_A,34.33,0.43,0.57,3.433,3.433,6.866
2026-08-17 08:00:00,LINE_A,SHIFT_A,34.44,0.431,0.569,3.444,3.444,6.888
2026-08-17 08:15:00,LINE_A,SHIFT_A,34.55,0.431,0.569,3.455,3.455,6.909
2026-08-17 08:30:00,LINE_A,SHIFT_A,34.65,0.431,0.569,3.465,3.465,6.93
2026-08-17 08:45:00,LINE_A,SHIFT_A,34.75,0.431,0.569,3.475,3.475,6.95
2026-08-17 09:00:00,LINE_A,SHIFT_A,34.85,0.431,0.569,3.485,3.485,6.97
2026-08-17 09:15:00,LINE_A,SHIFT_A,34.94,0.431,0.569,3.494,3.494,6.989
2026-08-17 09:30:00,LINE_A,SHIFT_A,35.03,0.431,0.569,3.503,3.503,7.007
2026-08-17 09:45:00,LINE_A,SHIFT_A,35.12,0.431,0.569,3.512,3.512,7.024
2026-08-17 10:00:00,LINE_A,SHIFT_A,35.2,0.432,0.568,3.52,3.52,7.04
2026-08-17 10:15:00,LINE_A,SHIFT_A,35.28,0.432,0.568,3.528,3.528,7.056
2026-08-17 10:30:00,LINE_A,SHIFT_A,35.35,0.432,0.568,3.535,3.535,7.07
2026-08-17 10:45:00,LINE_A,SHIFT_A,35.41,0.432,0.568,3.541,3.541,7.083
2026-08-17 11:00:00,LINE_A,SHIFT_A,35.47,0.433,0.567,3.547,3.547,7.094
2026-08-17 11:15:00,LINE_A,SHIFT_A,35.52,0.433,0.567,3.552,3.552,7.105
2026-08-17 11:30:00,LINE_A,SHIFT_A,31.3,0.433,0.567,3.13,3.13,6.26
2026-08-17 11:45:00,LINE_A,SHIFT_A,31.34,0.433,0.567,3.134,3.134,6.267
2026-08-17 12:00:00,LINE_A,SHIFT_A,35.64,0.435,0.565,3.564,3.564,7.128
2026-08-17 12:15:00,LINE_A,SHIFT_A,35.67,0.435,0.565,3.567,3.567,7.133
2026-08-17 12:30:00,LINE_A,SHIFT_A,35.69,0.435,0.565,3.569,3.569,7.137
2026-08-17 12:45:00,LINE_A,SHIFT_A,35.7,0.435,0.565,3.57,3.57,7.139
2026-08-17 13:00:00,LINE_A,SHIFT_A,35.7,0.436,0.564,3.57,3.57,7.14
2026-08-17 13:15:00,LINE_A,SHIFT_A,35.7,0.436,0.564,3.57,3.57,7.139
2026-08-17 13:30:00,LINE_A,SHIFT_A,35.69,0.436,0.564,3.569,3.569,7.137
2026-08-17 13:45:00,LINE_A,SHIFT_A,35.67,0.436,0.564,3.567,3.567,7.133
2026-08-17 14:00:00,LINE_A,SHIFT_B,37.74,0.438,0.562,3.774,3.774,7.548
2026-08-17 14:15:00,LINE_A,SHIFT_B,37.7,0.438,0.562,3.77,3.77,7.541
2026-08-17 14:30:00,LINE_A,SHIFT_B,37.66,0.438,0.562,3.766,3.766,7.533
2026-08-17 14:45:00,LINE_A,SHIFT_B,37.61,0.438,0.562,3.761,3.761,7.523
2026-08-17 15:00:00,LINE_A,SHIFT_B,37.56,0.44,0.56,3.756,3.756,7.512
2026-08-17 15:15:00,LINE_A,SHIFT_B,37.5,0.44,0.56,3.75,3.75,7.499
2026-08-17 15:30:00,LINE_A,SHIFT_B,37.43,0.44,0.56,3.743,3.743,7.486
2026-08-17 15:45:00,LINE_A,SHIFT_B,37.35,0.44,0.56,3.735,3.735,7.471
2026-08-17 16:00:00,LINE_A,SHIFT_B,37.27,0.442,0.558,3.727,3.727,7.455
2026-08-17 16:15:00,LINE_A,SHIFT_B,37.19,0.442,0.558,3.719,3.719,7.437
2026-08-17 16:30:00,LINE_A,SHIFT_B,37.1,0.442,0.558,3.71,3.71,7.419
2026-08-17 16:45:00,LINE_A,SHIFT_B,37.0,0.442,0.558,3.7,3.7,7.4
2026-08-17 17:00:00,LINE_A,SHIFT_B,36.9,0.444,0.556,3.69,3.69,7.38
2026-08-17 17:15:00,LINE_A,SHIFT_B,36.8,0.444,0.556,3.68,3.68,7.359
2026-08-17 17:30:00,LINE_A,SHIFT_B,36.69,0.444,0.556,3.669,3.669,7.338
2026-08-17 17:45:00,LINE_A,SHIFT_B,36.58,0.444,0.556,3.658,3.658,7.316
2026-08-17 18:00:00,LINE_A,SHIFT_B,36.47,0.446,0.554,3.647,3.647,7.293
2026-08-17 18:15:00,LINE_A,SHIFT_B,36.35,0.446,0.554,3.635,3.635,7.27
2026-08-17 18:30:00,LINE_A,SHIFT_B,36.23,0.446,0.554,3.623,3.623,7.247
2026-08-17 18:45:00,LINE_A,SHIFT_B,36.12,0.446,0.554,3.612,3.612,7.224
2026-08-17 19:00:00,LINE_A,SHIFT_B,31.68,0.449,0.551,3.168,3.168,6.336
2026-08-17 19:15:00,LINE_A,SHIFT_B,31.58,0.449,0.551,3.158,3.158,6.315
2026-08-17 19:30:00,LINE_A,SHIFT_B,35.77,0.449,0.551,3.577,3.577,7.153
2026-08-17 19:45:00,LINE_A,SHIFT_B,35.65,0.449,0.551,3.565,3.565,7.13
2026-08-17 20:00:00,LINE_A,SHIFT_B,35.53,0.452,0.548,3.553,3.553,7.107
2026-08-17 20:15:00,LINE_A,SHIFT_B,35.42,0.452,0.548,3.542,3.542,7.084
2026-08-17 20:30:00,LINE_A,SHIFT_B,35.31,0.452,0.548,3.531,3.531,7.062
2026-08-17 20:45:00,LINE_A,SHIFT_B,35.2,0.452,0.548,3.52,3.52,7.041
2026-08-17 21:00:00,LINE_A,SHIFT_B,35.1,0.455,0.545,3.51,3.51,7.02
2026-08-17 21:15:00,LINE_A,SHIFT_B,35.0,0.455,0.545,3.5,3.5,7.0
2026-08-17 21:30:00,LINE_A,SHIFT_B,34.9,0.455,0.545,3.49,3.49,6.981
2026-08-17 21:45:00,LINE_A,SHIFT_B,34.81,0.455,0.545,3.481,3.481,6.963
2026-08-17 22:00:00,LINE_A,SHIFT_C,27.01,0.458,0.542,2.701,2.701,5.402
2026-08-17 22:15:00,LINE_A,SHIFT_C,26.95,0.458,0.542,2.695,2.695,5.389
2026-08-17 22:30:00,LINE_A,SHIFT_C,26.89,0.458,0.542,2.689,2.689,5.378
2026-08-17 22:45:00,LINE_A,SHIFT_C,26.84,0.458,0.542,2.684,2.684,5.367
2026-08-17 23:00:00,LINE_A,SHIFT_C,26.79,0.461,0.539,2.679,2.679,5.358
2026-08-17 23:15:00,LINE_A,SHIFT_C,26.74,0.461,0.539,2.674,2.674,5.349
2026-08-17 23:30:00,LINE_A,SHIFT_C,26.71,0.461,0.539,2.671,2.671,5.341
2026-08-17 23:45:00,LINE_A,SHIFT_C,26.67,0.461,0.539,2.667,2.667,5.335
2026-08-18 00:00:00,LINE_A,SHIFT_C,26.65,0.456,0.544,2.665,2.665,5.33
2026-08-18 00:15:00,LINE_A,SHIFT_C,26.63,0.456,0.544,2.663,2.663,5.325
2026-08-18 00:30:00,LINE_A,SHIFT_C,26.61,0.456,0.544,2.661,2.661,5.322
2026-08-18 00:45:00,LINE_A,SHIFT_C,26.6,0.456,0.544,2.66,2.66,5.321
2026-08-18 01:00:00,LINE_A,SHIFT_C,26.6,0.459,0.541,2.66,2.66,5.32
2026-08-18 01:15:00,LINE_A,SHIFT_C,26.6,0.459,0.541,2.66,2.66,5.321
2026-08-18 01:30:00,LINE_A,SHIFT_C,26.61,0.459,0.541,2.661,2.661,5.322
2026-08-18 01:45:00,LINE_A,SHIFT_C,26.63,0.459,0.541,2.663,2.663,5.325
2026-08-18 02:00:00,LINE_A,SHIFT_C,26.65,0.463,0.537,2.665,2.665,5.33
2026-08-18 02:15:00,LINE_A,SHIFT_C,26.67,0.463,0.537,2.667,2.667,5.335
2026-08-18 02:30:00,LINE_A,SHIFT_C,26.71,0.463,0.537,2.671,2.671,5.341
2026-08-18 02:45:00,LINE_A,SHIFT_C,26.74,0.463,0.537,2.674,2.674,5.349
2026-08-18 03:00:00,LINE_A,SHIFT_C,26.79,0.466,0.534,2.679,2.679,5.358
2026-08-18 03:15:00,LINE_A,SHIFT_C,26.84,0.466,0.534,2.684,2.684,5.367
2026-08-18 03:30:00,LINE_A,SHIFT_C,26.89,0.466,0.534,2.689,2.689,5.378
2026-08-18 03:45:00,LINE_A,SHIFT_C,26.95,0.466,0.534,2.695,2.695,5.389
2026-08-18 04:00:00,LINE_A,SHIFT_C,27.01,0.47,0.53,2.701,2.701,5.402
2026-08-18 04:15:00,LINE_A,SHIFT_C,27.08,0.47,0.53,2.708,2.708,5.415
2026-08-18 04:30:00,LINE_A,SHIFT_C,27.15,0.47,0.53,2.715,2.715,5.43
2026-08-18 04:45:00,LINE_A,SHIFT_C,27.22,0.47,0.53,2.722,2.722,5.444
2026-08-18 05:00:00,LINE_A,SHIFT_C,27.3,0.474,0.526,2.73,2.73,5.46
2026-08-18 05:15:00,LINE_A,SHIFT_C,27.38,0.474,0.526,2.738,2.738,5.476
2026-08-18 05:30:00,LINE_A,SHIFT_C,27.46,0.474,0.526,2.746,2.746,5.493
2026-08-18 05:45:00,LINE_A,SHIFT_C,27.55,0.474,0.526,2.755,2.755,5.51
2026-08-18 06:00:00,LINE_A,SHIFT_A,33.56,0.478,0.522,3.356,3.356,6.712
2026-08-18 06:15:00,LINE_A,SHIFT_A,33.67,0.478,0.522,3.367,3.367,6.734
2026-08-18 06:30:00,LINE_A,SHIFT_A,33.78,0.478,0.522,3.378,3.378,6.756
2026-08-18 06:45:00,LINE_A,SHIFT_A,33.89,0.478,0.522,3.389,3.389,6.778
2026-08-18 07:00:00,LINE_A,SHIFT_A,34.0,0.482,0.518,3.4,3.4,6.8
2026-08-18 07:15:00,LINE_A,SHIFT_A,34.11,0.482,0.518,3.411,3.411,6.822
2026-08-18 07:30:00,LINE_A,SHIFT_A,34.22,0.482,0.518,3.422,3.422,6.844
2026-08-18 07:45:00,LINE_A,SHIFT_A,34.33,0.482,0.518,3.433,3.433,6.866
2026-08-18 08:00:00,LINE_A,SHIFT_A,34.44,0.486,0.514,3.444,3.444,6.888
2026-08-18 08:15:00,LINE_A,SHIFT_A,34.55,0.486,0.514,3.455,3.455,6.909
2026-08-18 08:30:00,LINE_A,SHIFT_A,34.65,0.486,0.514,3.465,3.465,6.93
2026-08-18 08:45:00,LINE_A,SHIFT_A,34.75,0.486,0.514,3.475,3.475,6.95
2026-08-18 09:00:00,LINE_A,SHIFT_A,34.85,0.49,0.51,3.485,3.485,6.97
2026-08-18 09:15:00,LINE_A,SHIFT_A,34.94,0.49,0.51,3.494,3.494,6.989
2026-08-18 09:30:00,LINE_A,SHIFT_A,35.03,0.49,0.51,3.503,3.503,7.007
2026-08-18 09:45:00,LINE_A,SHIFT_A,35.12,0.49,0.51,3.512,3.512,7.024
2026-08-18 10:00:00,LINE_A,SHIFT_A,35.2,0.494,0.506,3.52,3.52,7.04
2026-08-18 10:15:00,LINE_A,SHIFT_A,35.28,0.494,0.506,3.528,3.528,7.056
2026-08-18 10:30:00,LINE_A,SHIFT_A,35.35,0.494,0.506,3.535,3.535,7.07
2026-08-18 10:45:00,LINE_A,SHIFT_A,35.41,0.494,0.506,3.541,3.541,7.083
2026-08-18 11:00:00,LINE_A,SHIFT_A,35.47,0.499,0.501,3.547,3.547,7.094
2026-08-18 11:15:00,LINE_A,SHIFT_A,35.52,0.499,0.501,3.552,3.552,7.105
2026-08-18 11:30:00,LINE_A,SHIFT_A,31.3,0.499,0.501,3.13,3.13,6.26
2026-08-18 11:45:00,LINE_A,SHIFT_A,31.34,0.499,0.501,3.134,3.134,6.267
2026-08-18 12:00:00,LINE_A,SHIFT_A,35.64,0.504,0.496,3.564,3.564,7.128
2026-08-18 12:15:00,LINE_A,SHIFT_A,35.67,0.504,0.496,3.567,3.567,7.133
2026-08-18 12:30:00,LINE_A,SHIFT_A,35.69,0.504,0.496,3.569,3.569,7.137
2026-08-18 12:45:00,LINE_A,SHIFT_A,35.7,0.504,0.496,3.57,3.57,7.139
2026-08-18 13:00:00,LINE_A,SHIFT_A,35.7,0.508,0.492,3.57,3.57,7.14
2026-08-18 13:15:00,LINE_A,SHIFT_A,35.7,0.508,0.492,3.57,3.57,7.139
2026-08-18 13:30:00,LINE_A,SHIFT_A,35.69,0.508,0.492,3.569,3.569,7.137
2026-08-18 13:45:00,LINE_A,SHIFT_A,35.67,0.508,0.492,3.567,3.567,7.133
2026-08-18 14:00:00,LINE_A,SHIFT_B,37.74,0.513,0.487,3.774,3.774,7.548
2026-08-18 14:15:00,LINE_A,SHIFT_B,37.7,0.513,0.487,3.77,3.77,7.541
2026-08-18 14:30:00,LINE_A,SHIFT_B,37.66,0.513,0.487,3.766,3.766,7.533
2026-08-18 14:45:00,LINE_A,SHIFT_B,37.61,0.513,0.487,3.761,3.761,7.523
2026-08-18 15:00:00,LINE_A,SHIFT_B,37.56,0.518,0.482,3.756,3.756,7.512
2026-08-18 15:15:00,LINE_A,SHIFT_B,37.5,0.518,0.482,3.75,3.75,7.499
2026-08-18 15:30:00,LINE_A,SHIFT_B,37.43,0.518,0.482,3.743,3.743,7.486
2026-08-18 15:45:00,LINE_A,SHIFT_B,37.35,0.518,0.482,3.735,3.735,7.471
2026-08-18 16:00:00,LINE_A,SHIFT_B,37.27,0.523,0.477,3.727,3.727,7.455
2026-08-18 16:15:00,LINE_A,SHIFT_B,37.19,0.523,0.477,3.719,3.719,7.437
2026-08-18 16:30:00,LINE_A,SHIFT_B,37.1,0.523,0.477,3.71,3.71,7.419
2026-08-18 16:45:00,LINE_A,SHIFT_B,37.0,0.523,0.477,3.7,3.7,7.4
2026-08-18 17:00:00,LINE_A,SHIFT_B,36.9,0.527,0.473,3.69,3.69,7.38
2026-08-18 17:15:00,LINE_A,SHIFT_B,36.8,0.527,0.473,3.68,3.68,7.359
2026-08-18 17:30:00,LINE_A,SHIFT_B,36.69,0.527,0.473,3.669,3.669,7.338
2026-08-18 17:45:00,LINE_A,SHIFT_B,36.58,0.527,0.473,3.658,3.658,7.316
2026-08-18 18:00:00,LINE_A,SHIFT_B,36.47,0.532,0.468,3.647,3.647,7.293
2026-08-18 18:15:00,LINE_A,SHIFT_B,36.35,0.532,0.468,3.635,3.635,7.27
2026-08-18 18:30:00,LINE_A,SHIFT_B,36.23,0.532,0.468,3.623,3.623,7.247
2026-08-18 18:45:00,LINE_A,SHIFT_B,36.12,0.532,0.468,3.612,3.612,7.224
2026-08-18 19:00:00,LINE_A,SHIFT_B,31.68,0.537,0.463,3.168,3.168,6.336
2026-08-18 19:15:00,LINE_A,SHIFT_B,31.58,0.537,0.463,3.158,3.158,6.315
2026-08-18 19:30:00,LINE_A,SHIFT_B,35.77,0.537,0.463,3.577,3.577,7.153
2026-08-18 19:45:00,LINE_A,SHIFT_B,35.65,0.537,0.463,3.565,3.565,7.13
2026-08-18 20:00:00,LINE_A,SHIFT_B,35.53,0.542,0.458,3.553,3.553,7.107
2026-08-18 20:15:00,LINE_A,SHIFT_B,35.42,0.542,0.458,3.542,3.542,7.084
2026-08-18 20:30:00,LINE_A,SHIFT_B,35.31,0.542,0.458,3.531,3.531,7.062
2026-08-18 20:45:00,LINE_A,SHIFT_B,35.2,0.542,0.458,3.52,3.52,7.041
2026-08-18 21:00:00,LINE_A,SHIFT_B,35.1,0.547,0.453,3.51,3.51,7.02
2026-08-18 21:15:00,LINE_A,SHIFT_B,35.0,0.547,0.453,3.5,3.5,7.0
2026-08-18 21:30:00,LINE_A,SHIFT_B,34.9,0.547,0.453,3.49,3.49,6.981
2026-08-18 21:45:00,LINE_A,SHIFT_B,34.81,0.547,0.453,3.481,3.481,6.963
2026-08-18 22:00:00,LINE_A,SHIFT_C,27.01,0.552,0.448,2.701,2.701,5.402
2026-08-18 22:15:00,LINE_A,SHIFT_C,26.95,0.552,0.448,2.695,2.695,5.389
2026-08-18 22:30:00,LINE_A,SHIFT_C,26.89,0.552,0.448,2.689,2.689,5.378
2026-08-18 22:45:00,LINE_A,SHIFT_C,26.84,0.552,0.448,2.684,2.684,5.367
2026-08-18 23:00:00,LINE_A,SHIFT_C,26.79,0.557,0.443,2.679,2.679,5.358
2026-08-18 23:15:00,LINE_A,SHIFT_C,26.74,0.557,0.443,2.674,2.674,5.349
2026-08-18 23:30:00,LINE_A,SHIFT_C,26.71,0.557,0.443,2.671,2.671,5.341
2026-08-18 23:45:00,LINE_A,SHIFT_C,26.67,0.557,0.443,2.667,2.667,5.335
2026-08-19 00:00:00,LINE_A,SHIFT_C,26.65,0.55,0.45,2.665,2.665,5.33
2026-08-19 00:15:00,LINE_A,SHIFT_C,26.63,0.55,0.45,2.663,2.663,5.325
2026-08-19 00:30:00,LINE_A,SHIFT_C,26.61,0.55,0.45,2.661,2.661,5.322
2026-08-19 00:45:00,LINE_A,SHIFT_C,26.6,0.55,0.45,2.66,2.66,5.321
2026-08-19 01:00:00,LINE_A,SHIFT_C,26.6,0.555,0.445,2.66,2.66,5.32
2026-08-19 01:15:00,LINE_A,SHIFT_C,26.6,0.555,0.445,2.66,2.66,5.321
2026-08-19 01:30:00,LINE_A,SHIFT_C,26.61,0.555,0.445,2.661,2.661,5.322
2026-08-19 01:45:00,LINE_A,SHIFT_C,26.63,0.555,0.445,2.663,2.663,5.325
2026-08-19 02:00:00,LINE_A,SHIFT_C,26.65,0.56,0.44,2.665,2.665,5.33
2026-08-19 02:15:00,LINE_A,SHIFT_C,26.67,0.56,0.44,2.667,2.667,5.335
2026-08-19 02:30:00,LINE_A,SHIFT_C,26.71,0.56,0.44,2.671,2.671,5.341
2026-08-19 02:45:00,LINE_A,SHIFT_C,26.74,0.56,0.44,2.674,2.674,5.349
2026-08-19 03:00:00,LINE_A,SHIFT_C,26.79,0.565,0.435,2.679,2.679,5.358
2026-08-19 03:15:00,LINE_A,SHIFT_C,26.84,0.565,0.435,2.684,2.684,5.367
2026-08-19 03:30:00,LINE_A,SHIFT_C,26.89,0.565,0.435,2.689,2.689,5.378
2026-08-19 03:45:00,LINE_A,SHIFT_C,26.95,0.565,0.435,2.695,2.695,5.389
2026-08-19 04:00:00,LINE_A,SHIFT_C,27.01,0.57,0.43,2.701,2.701,5.402
2026-08-19 04:15:00,LINE_A,SHIFT_C,27.08,0.57,0.43,2.708,2.708,5.415
2026-08-19 04:30:00,LINE_A,SHIFT_C,27.15,0.57,0.43,2.715,2.715,5.43
2026-08-19 04:45:00,LINE_A,SHIFT_C,27.22,0.57,0.43,2.722,2.722,5.444
2026-08-19 05:00:00,LINE_A,SHIFT_C,27.3,0.575,0.425,2.73,2.73,5.46
2026-08-19 05:15:00,LINE_A,SHIFT_C,27.38,0.575,0.425,2.738,2.738,5.476
2026-08-19 05:30:00,LINE_A,SHIFT_C,27.46,0.575,0.425,2.746,2.746,5.493
2026-08-19 05:45:00,LINE_A,SHIFT_C,27.55,0.575,0.425,2.755,2.755,5.51
2026-08-19 06:00:00,LINE_A,SHIFT_A,33.56,0.58,0.42,3.356,3.356,6.712
2026-08-19 06:15:00,LINE_A,SHIFT_A,33.67,0.58,0.42,3.367,3.367,6.734
2026-08-19 06:30:00,LINE_A,SHIFT_A,33.78,0.58,0.42,3.378,3.378,6.756
2026-08-19 06:45:00,LINE_A,SHIFT_A,33.89,0.58,0.42,3.389,3.389,6.778
2026-08-19 07:00:00,LINE_A,SHIFT_A,34.0,0.585,0.415,3.4,3.4,6.8
2026-08-19 07:15:00,LINE_A,SHIFT_A,34.11,0.585,0.415,3.411,3.411,6.822
2026-08-19 07:30:00,LINE_A,SHIFT_A,34.22,0.585,0.415,3.422,3.422,6.844
2026-08-19 07:45:00,LINE_A,SHIFT_A,34.33,0.585,0.415,3.433,3.433,6.866
2026-08-19 08:00:00,LINE_A,SHIFT_A,34.44,0.589,0.411,3.444,3.444,6.888
2026-08-19 08:15:00,LINE_A,SHIFT_A,34.55,0.589,0.411,3.455,3.455,6.909
2026-08-19 08:30:00,LINE_A,SHIFT_A,34.65,0.589,0.411,3.465,3.465,6.93
2026-08-19 08:45:00,LINE_A,SHIFT_A,34.75,0.589,0.411,3.475,3.475,6.95
2026-08-19 09:00:00,LINE_A,SHIFT_A,34.85,0.594,0.406,3.485,3.485,6.97
2026-08-19 09:15:00,LINE_A,SHIFT_A,34.94,0.594,0.406,3.494,3.494,6.989
2026-08-19 09:30:00,LINE_A,SHIFT_A,35.03,0.594,0.406,3.503,3.503,7.007
2026-08-19 09:45:00,LINE_A,SHIFT_A,35.12,0.594,0.406,3.512,3.512,7.024
2026-08-19 10:00:00,LINE_A,SHIFT_A,35.2,0.599,0.401,3.52,3.52,7.04
2026-08-19 10:15:00,LINE_A,SHIFT_A,35.28,0.599,0.401,3.528,3.528,7.056
2026-08-19 10:30:00,LINE_A,SHIFT_A,35.35,0.599,0.401,3.535,3.535,7.07
2026-08-19 10:45:00,LINE_A,SHIFT_A,35.41,0.599,0.401,3.541,3.541,7.083
2026-08-19 11:00:00,LINE_A,SHIFT_A,35.47,0.603,0.397,3.547,3.547,7.094
2026-08-19 11:15:00,LINE_A,SHIFT_A,35.52,0.603,0.397,3.552,3.552,7.105
2026-08-19 11:30:00,LINE_A,SHIFT_A,31.3,0.603,0.397,3.13,3.13,6.26
2026-08-19 11:45:00,LINE_A,SHIFT_A,31.34,0.603,0.397,3.134,3.134,6.267
2026-08-19 12:00:00,LINE_A,SHIFT_A,35.64,0.608,0.392,3.564,3.564,7.128
2026-08-19 12:15:00,LINE_A,SHIFT_A,35.67,0.608,0.392,3.567,3.567,7.133
2026-08-19 12:30:00,LINE_A,SHIFT_A,35.69,0.608,0.392,3.569,3.569,7.137
2026-08-19 12:45:00,LINE_A,SHIFT_A,35.7,0.608,0.392,3.57,3.57,7.139
2026-08-19 13:00:00,LINE_A,SHIFT_A,35.7,0.612,0.388,3.57,3.57,7.14
2026-08-19 13:15:00,LINE_A,SHIFT_A,35.7,0.612,0.388,3.57,3.57,7.139
2026-08-19 13:30:00,LINE_A,SHIFT_A,35.69,0.612,0.388,3.569,3.569,7.137
2026-08-19 13:45:00,LINE_A,SHIFT_A,35.67,0.612,0.388,3.567,3.567,7.133
2026-08-19 14:00:00,LINE_A,SHIFT_B,37.74,0.616,0.384,3.774,3.774,7.548
2026-08-19 14:15:00,LINE_A,SHIFT_B,37.7,0.616,0.384,3.77,3.77,7.541
2026-08-19 14:30:00,LINE_A,SHIFT_B,37.66,0.616,0.384,3.766,3.766,7.533
2026-08-19 14:45:00,LINE_A,SHIFT_B,37.61,0.616,0.384,3.761,3.761,7.523
2026-08-19 15:00:00,LINE_A,SHIFT_B,37.56,0.62,0.38,3.756,3.756,7.512
2026-08-19 15:15:00,LINE_A,SHIFT_B,37.5,0.62,0.38,3.75,3.75,7.499
2026-08-19 15:30:00,LINE_A,SHIFT_B,37.43,0.62,0.38,3.743,3.743,7.486
2026-08-19 15:45:00,LINE_A,SHIFT_B,37.35,0.62,0.38,3.735,3.735,7.471
2026-08-19 16:00:00,LINE_A,SHIFT_B,37.27,0.624,0.376,3.727,3.727,7.455
2026-08-19 16:15:00,LINE_A,SHIFT_B,37.19,0.624,0.376,3.719,3.719,7.437
2026-08-19 16:30:00,LINE_A,SHIFT_B,37.1,0.624,0.376,3.71,3.71,7.419
2026-08-19 16:45:00,LINE_A,SHIFT_B,37.0,0.624,0.376,3.7,3.7,7.4
2026-08-19 17:00:00,LINE_A,SHIFT_B,36.9,0.628,0.372,3.69,3.69,7.38
2026-08-19 17:15:00,LINE_A,SHIFT_B,36.8,0.628,0.372,3.68,3.68,7.359
2026-08-19 17:30:00,LINE_A,SHIFT_B,36.69,0.628,0.372,3.669,3.669,7.338
2026-08-19 17:45:00,LINE_A,SHIFT_B,36.58,0.628,0.372,3.658,3.658,7.316
2026-08-19 18:00:00,LINE_A,SHIFT_B,36.47,0.632,0.368,3.647,3.647,7.293
2026-08-19 18:15:00,LINE_A,SHIFT_B,36.35,0.632,0.368,3.635,3.635,7.27
2026-08-19 18:30:00,LINE_A,SHIFT_B,36.23,0.632,0.368,3.623,3.623,7.247
2026-08-19 18:45:00,LINE_A,SHIFT_B,36.12,0.632,0.368,3.612,3.612,7.224
2026-08-19 19:00:00,LINE_A,SHIFT_B,31.68,0.635,0.365,3.168,3.168,6.336
2026-08-19 19:15:00,LINE_A,SHIFT_B,31.58,0.635,0.365,3.158,3.158,6.315
2026-08-19 19:30:00,LINE_A,SHIFT_B,35.77,0.635,0.365,3.577,3.577,7.153
2026-08-19 19:45:00,LINE_A,SHIFT_B,35.65,0.635,0.365,3.565,3.565,7.13
2026-08-19 20:00:00,LINE_A,SHIFT_B,35.53,0.639,0.361,3.553,3.553,7.107
2026-08-19 20:15:00,LINE_A,SHIFT_B,35.42,0.639,0.361,3.542,3.542,7.084
2026-08-19 20:30:00,LINE_A,SHIFT_B,35.31,0.639,0.361,3.531,3.531,7.062
2026-08-19 20:45:00,LINE_A,SHIFT_B,35.2,0.639,0.361,3.52,3.52,7.041
2026-08-19 21:00:00,LINE_A,SHIFT_B,35.1,0.642,0.358,3.51,3.51,7.02
2026-08-19 21:15:00,LINE_A,SHIFT_B,35.0,0.642,0.358,3.5,3.5,7.0
2026-08-19 21:30:00,LINE_A,SHIFT_B,34.9,0.642,0.358,3.49,3.49,6.981
2026-08-19 21:45:00,LINE_A,SHIFT_B,34.81,0.642,0.358,3.481,3.481,6.963
2026-08-19 22:00:00,LINE_A,SHIFT_C,27.01,0.645,0.355,2.701,2.701,5.402
2026-08-19 22:15:00,LINE_A,SHIFT_C,26.95,0.645,0.355,2.695,2.695,5.389
2026-08-19 22:30:00,LINE_A,SHIFT_C,26.89,0.645,0.355,2.689,2.689,5.378
2026-08-19 22:45:00,LINE_A,SHIFT_C,26.84,0.645,0.355,2.684,2.684,5.367
2026-08-19 23:00:00,LINE_A,SHIFT_C,26.79,0.648,0.352,2.679,2.679,5.358
2026-08-19 23:15:00,LINE_A,SHIFT_C,26.74,0.648,0.352,2.674,2.674,5.349
2026-08-19 23:30:00,LINE_A,SHIFT_C,26.71,0.648,0.352,2.671,2.671,5.341
2026-08-19 23:45:00,LINE_A,SHIFT_C,26.67,0.648,0.352,2.667,2.667,5.335
2026-08-20 00:00:00,LINE_A,SHIFT_C,26.65,0.644,0.356,2.665,2.665,5.33
2026-08-20 00:15:00,LINE_A,SHIFT_C,26.63,0.644,0.356,2.663,2.663,5.325
2026-08-20 00:30:00,LINE_A,SHIFT_C,26.61,0.644,0.356,2.661,2.661,5.322
2026-08-20 00:45:00,LINE_A,SHIFT_C,26.6,0.644,0.356,2.66,2.66,5.321
2026-08-20 01:00:00,LINE_A,SHIFT_C,26.6,0.647,0.353,2.66,2.66,5.32
2026-08-20 01:15:00,LINE_A,SHIFT_C,26.6,0.647,0.353,2.66,2.66,5.321
2026-08-20 01:30:00,LINE_A,SHIFT_C,26.61,0.647,0.353,2.661,2.661,5.322
2026-08-20 01:45:00,LINE_A,SHIFT_C,26.63,0.647,0.353,2.663,2.663,5.325
2026-08-20 02:00:00,LINE_A,SHIFT_C,26.65,0.65,0.35,2.665,2.665,5.33
2026-08-20 02:15:00,LINE_A,SHIFT_C,26.67,0.65,0.35,2.667,2.667,5.335
2026-08-20 02:30:00,LINE_A,SHIFT_C,26.71,0.65,0.35,2.671,2.671,5.341
2026-08-20 02:45:00,LINE_A,SHIFT_C,26.74,0.65,0.35,2.674,2.674,5.349
2026-08-20 03:00:00,LINE_A,SHIFT_C,26.79,0.652,0.348,2.679,2.679,5.358
2026-08-20 03:15:00,LINE_A,SHIFT_C,26.84,0.652,0.348,2.684,2.684,5.367
2026-08-20 03:30:00,LINE_A,SHIFT_C,26.89,0.652,0.348,2.689,2.689,5.378
2026-08-20 03:45:00,LINE_A,SHIFT_C,26.95,0.652,0.348,2.695,2.695,5.389
2026-08-20 04:00:00,LINE_A,SHIFT_C,27.01,0.655,0.345,2.701,2.701,5.402
2026-08-20 04:15:00,LINE_A,SHIFT_C,27.08,0.655,0.345,2.708,2.708,5.415
2026-08-20 04:30:00,LINE_A,SHIFT_C,27.15,0.655,0.345,2.715,2.715,5.43
2026-08-20 04:45:00,LINE_A,SHIFT_C,27.22,0.655,0.345,2.722,2.722,5.444
2026-08-20 05:00:00,LINE_A,SHIFT_C,27.3,0.657,0.343,2.73,2.73,5.46
2026-08-20 05:15:00,LINE_A,SHIFT_C,27.38,0.657,0.343,2.738,2.738,5.476
2026-08-20 05:30:00,LINE_A,SHIFT_C,27.46,0.657,0.343,2.746,2.746,5.493
2026-08-20 05:45:00,LINE_A,SHIFT_C,27.55,0.657,0.343,2.755,2.755,5.51
2026-08-20 06:00:00,LINE_A,SHIFT_A,33.56,0.659,0.341,3.356,3.356,6.712
2026-08-20 06:15:00,LINE_A,SHIFT_A,33.67,0.659,0.341,3.367,3.367,6.734
2026-08-20 06:30:00,LINE_A,SHIFT_A,33.78,0.659,0.341,3.378,3.378,6.756
2026-08-20 06:45:00,LINE_A,SHIFT_A,33.89,0.659,0.341,3.389,3.389,6.778
2026-08-20 07:00:00,LINE_A,SHIFT_A,34.0,0.661,0.339,3.4,3.4,6.8
2026-08-20 07:15:00,LINE_A,SHIFT_A,34.11,0.661,0.339,3.411,3.411,6.822
2026-08-20 07:30:00,LINE_A,SHIFT_A,34.22,0.661,0.339,3.422,3.422,6.844
2026-08-20 07:45:00,LINE_A,SHIFT_A,34.33,0.661,0.339,3.433,3.433,6.866
2026-08-20 08:00:00,LINE_A,SHIFT_A,34.44,0.663,0.337,3.444,3.444,6.888
2026-08-20 08:15:00,LINE_A,SHIFT_A,34.55,0.663,0.337,3.455,3.455,6.909
2026-08-20 08:30:00,LINE_A,SHIFT_A,34.65,0.663,0.337,3.465,3.465,6.93
2026-08-20 08:45:00,LINE_A,SHIFT_A,34.75,0.663,0.337,3.475,3.475,6.95
2026-08-20 09:00:00,LINE_A,SHIFT_A,34.85,0.665,0.335,3.485,3.485,6.97
2026-08-20 09:15:00,LINE_A,SHIFT_A,34.94,0.665,0.335,3.494,3.494,6.989
2026-08-20 09:30:00,LINE_A,SHIFT_A,35.03,0.665,0.335,3.503,3.503,7.007
2026-08-20 09:45:00,LINE_A,SHIFT_A,35.12,0.665,0.335,3.512,3.512,7.024
2026-08-20 10:00:00,LINE_A,SHIFT_A,35.2,0.666,0.334,3.52,3.52,7.04
2026-08-20 10:15:00,LINE_A,SHIFT_A,35.28,0.666,0.334,3.528,3.528,7.056
2026-08-20 10:30:00,LINE_A,SHIFT_A,35.35,0.666,0.334,3.535,3.535,7.07
2026-08-20 10:45:00,LINE_A,SHIFT_A,35.41,0.666,0.334,3.541,3.541,7.083
2026-08-20 11:00:00,LINE_A,SHIFT_A,35.47,0.667,0.333,3.547,3.547,7.094
2026-08-20 11:15:00,LINE_A,SHIFT_A,35.52,0.667,0.333,3.552,3.552,7.105
2026-08-20 11:30:00,LINE_A,SHIFT_A,31.3,0.667,0.333,3.13,3.13,6.26
2026-08-20 11:45:00,LINE_A,SHIFT_A,31.34,0.667,0.333,3.134,3.134,6.267
2026-08-20 12:00:00,LINE_A,SHIFT_A,35.64,0.668,0.332,3.564,3.564,7.128
2026-08-20 12:15:00,LINE_A,SHIFT_A,35.67,0.668,0.332,3.567,3.567,7.133
2026-08-20 12:30:00,LINE_A,SHIFT_A,35.69,0.668,0.332,3.569,3.569,7.137
2026-08-20 12:45:00,LINE_A,SHIFT_A,35.7,0.668,0.332,3.57,3.57,7.139
2026-08-20 13:00:00,LINE_A,SHIFT_A,35.7,0.669,0.331,3.57,3.57,7.14
2026-08-20 13:15:00,LINE_A,SHIFT_A,35.7,0.669,0.331,3.57,3.57,7.139
2026-08-20 13:30:00,LINE_A,SHIFT_A,35.69,0.669,0.331,3.569,3.569,7.137
2026-08-20 13:45:00,LINE_A,SHIFT_A,35.67,0.669,0.331,3.567,3.567,7.133
2026-08-20 14:00:00,LINE_A,SHIFT_B,37.74,0.67,0.33,3.774,3.774,7.548
2026-08-20 14:15:00,LINE_A,SHIFT_B,37.7,0.67,0.33,3.77,3.77,7.541
2026-08-20 14:30:00,LINE_A,SHIFT_B,37.66,0.67,0.33,3.766,3.766,7.533
2026-08-20 14:45:00,LINE_A,SHIFT_B,37.61,0.67,0.33,3.761,3.761,7.523
2026-08-20 15:00:00,LINE_A,SHIFT_B,37.56,0.67,0.33,3.756,3.756,7.512
2026-08-20 15:15:00,LINE_A,SHIFT_B,37.5,0.67,0.33,3.75,3.75,7.499
2026-08-20 15:30:00,LINE_A,SHIFT_B,37.43,0.67,0.33,3.743,3.743,7.486
2026-08-20 15:45:00,LINE_A,SHIFT_B,37.35,0.67,0.33,3.735,3.735,7.471
2026-08-20 16:00:00,LINE_A,SHIFT_B,37.27,0.67,0.33,3.727,3.727,7.455
2026-08-20 16:15:00,LINE_A,SHIFT_B,37.19,0.67,0.33,3.719,3.719,7.437
2026-08-20 16:30:00,LINE_A,SHIFT_B,37.1,0.67,0.33,3.71,3.71,7.419
2026-08-20 16:45:00,LINE_A,SHIFT_B,37.0,0.67,0.33,3.7,3.7,7.4
2026-08-20 17:00:00,LINE_A,SHIFT_B,36.9,0.67,0.33,3.69,3.69,7.38
2026-08-20 17:15:00,LINE_A,SHIFT_B,36.8,0.67,0.33,3.68,3.68,7.359
2026-08-20 17:30:00,LINE_A,SHIFT_B,36.69,0.67,0.33,3.669,3.669,7.338
2026-08-20 17:45:00,LINE_A,SHIFT_B,36.58,0.67,0.33,3.658,3.658,7.316
2026-08-20 18:00:00,LINE_A,SHIFT_B,36.47,0.67,0.33,3.647,3.647,7.293
2026-08-20 18:15:00,LINE_A,SHIFT_B,36.35,0.67,0.33,3.635,3.635,7.27
2026-08-20 18:30:00,LINE_A,SHIFT_B,36.23,0.67,0.33,3.623,3.623,7.247
2026-08-20 18:45:00,LINE_A,SHIFT_B,36.12,0.67,0.33,3.612,3.612,7.224
2026-08-20 19:00:00,LINE_A,SHIFT_B,31.68,0.669,0.331,3.168,3.168,6.336
2026-08-20 19:15:00,LINE_A,SHIFT_B,31.58,0.669,0.331,3.158,3.158,6.315
2026-08-20 19:30:00,LINE_A,SHIFT_B,35.77,0.669,0.331,3.577,3.577,7.153
2026-08-20 19:45:00,LINE_A,SHIFT_B,35.65,0.669,0.331,3.565,3.565,7.13
2026-08-20 20:00:00,LINE_A,SHIFT_B,35.53,0.668,0.332,3.553,3.553,7.107
2026-08-20 20:15:00,LINE_A,SHIFT_B,35.42,0.668,0.332,3.542,3.542,7.084
2026-08-20 20:30:00,LINE_A,SHIFT_B,35.31,0.668,0.332,3.531,3.531,7.062
2026-08-20 20:45:00,LINE_A,SHIFT_B,35.2,0.668,0.332,3.52,3.52,7.041
2026-08-20 21:00:00,LINE_A,SHIFT_B,35.1,0.668,0.332,3.51,3.51,7.02
2026-08-20 21:15:00,LINE_A,SHIFT_B,35.0,0.668,0.332,3.5,3.5,7.0
2026-08-20 21:30:00,LINE_A,SHIFT_B,34.9,0.668,0.332,3.49,3.49,6.981
2026-08-20 21:45:00,LINE_A,SHIFT_B,34.81,0.668,0.332,3.481,3.481,6.963
2026-08-20 22:00:00,LINE_A,SHIFT_C,27.01,0.666,0.334,2.701,2.701,5.402
2026-08-20 22:15:00,LINE_A,SHIFT_C,26.95,0.666,0.334,2.695,2.695,5.389
2026-08-20 22:30:00,LINE_A,SHIFT_C,26.89,0.666,0.334,2.689,2.689,5.378
2026-08-20 22:45:00,LINE_A,SHIFT_C,26.84,0.666,0.334,2.684,2.684,5.367
2026-08-20 23:00:00,LINE_A,SHIFT_C,26.79,0.665,0.335,2.679,2.679,5.358
2026-08-20 23:15:00,LINE_A,SHIFT_C,26.74,0.665,0.335,2.674,2.674,5.349
2026-08-20 23:30:00,LINE_A,SHIFT_C,26.71,0.665,0.335,2.671,2.671,5.341
2026-08-20 23:45:00,LINE_A,SHIFT_C,26.67,0.665,0.335,2.667,2.667,5.335
2026-08-21 00:00:00,LINE_A,SHIFT_C,26.65,0.667,0.333,2.665,2.665,5.33
2026-08-21 00:15:00,LINE_A,SHIFT_C,26.63,0.667,0.333,2.663,2.663,5.325
2026-08-21 00:30:00,LINE_A,SHIFT_C,26.61,0.667,0.333,2.661,2.661,5.322
2026-08-21 00:45:00,LINE_A,SHIFT_C,26.6,0.667,0.333,2.66,2.66,5.321
2026-08-21 01:00:00,LINE_A,SHIFT_C,26.6,0.666,0.334,2.66,2.66,5.32
2026-08-21 01:15:00,LINE_A,SHIFT_C,26.6,0.666,0.334,2.66,2.66,5.321
2026-08-21 01:30:00,LINE_A,SHIFT_C,26.61,0.666,0.334,2.661,2.661,5.322
2026-08-21 01:45:00,LINE_A,SHIFT_C,26.63,0.666,0.334,2.663,2.663,5.325
2026-08-21 02:00:00,LINE_A,SHIFT_C,26.65,0.664,0.336,2.665,2.665,5.33
2026-08-21 02:15:00,LINE_A,SHIFT_C,26.67,0.664,0.336,2.667,2.667,5.335
2026-08-21 02:30:00,LINE_A,SHIFT_C,26.71,0.664,0.336,2.671,2.671,5.341
2026-08-21 02:45:00,LINE_A,SHIFT_C,26.74,0.664,0.336,2.674,2.674,5.349
2026-08-21 03:00:00,LINE_A,SHIFT_C,26.79,0.663,0.337,2.679,2.679,5.358
2026-08-21 03:15:00,LINE_A,SHIFT_C,26.84,0.663,0.337,2.684,2.684,5.367
2026-08-21 03:30:00,LINE_A,SHIFT_C,26.89,0.663,0.337,2.689,2.689,5.378
2026-08-21 03:45:00,LINE_A,SHIFT_C,26.95,0.663,0.337,2.695,2.695,5.389
2026-08-21 04:00:00,LINE_A,SHIFT_C,27.01,0.661,0.339,2.701,2.701,5.402
2026-08-21 04:15:00,LINE_A,SHIFT_C,27.08,0.661,0.339,2.708,2.708,5.415
2026-08-21 04:30:00,LINE_A,SHIFT_C,27.15,0.661,0.339,2.715,2.715,5.43
2026-08-21 04:45:00,LINE_A,SHIFT_C,27.22,0.661,0.339,2.722,2.722,5.444
2026-08-21 05:00:00,LINE_A,SHIFT_C,27.3,0.659,0.341,2.73,2.73,5.46
2026-08-21 05:15:00,LINE_A,SHIFT_C,27.38,0.659,0.341,2.738,2.738,5.476
2026-08-21 05:30:00,LINE_A,SHIFT_C,27.46,0.659,0.341,2.746,2.746,5.493
2026-08-21 05:45:00,LINE_A,SHIFT_C,27.55,0.659,0.341,2.755,2.755,5.51
2026-08-21 06:00:00,LINE_A,SHIFT_A,33.56,0.657,0.343,3.356,3.356,6.712
2026-08-21 06:15:00,LINE_A,SHIFT_A,33.67,0.657,0.343,3.367,3.367,6.734
2026-08-21 06:30:00,LINE_A,SHIFT_A,33.78,0.657,0.343,3.378,3.378,6.756
2026-08-21 06:45:00,LINE_A,SHIFT_A,33.89,0.657,0.343,3.389,3.389,6.778
2026-08-21 07:00:00,LINE_A,SHIFT_A,34.0,0.654,0.346,3.4,3.4,6.8
2026-08-21 07:15:00,LINE_A,SHIFT_A,34.11,0.654,0.346,3.411,3.411,6.822
2026-08-21 07:30:00,LINE_A,SHIFT_A,34.22,0.654,0.346,3.422,3.422,6.844
2026-08-21 07:45:00,LINE_A,SHIFT_A,34.33,0.654,0.346,3.433,3.433,6.866
2026-08-21 08:00:00,LINE_A,SHIFT_A,34.44,0.652,0.348,3.444,3.444,6.888
2026-08-21 08:15:00,LINE_A,SHIFT_A,34.55,0.652,0.348,3.455,3.455,6.909
2026-08-21 08:30:00,LINE_A,SHIFT_A,34.65,0.652,0.348,3.465,3.465,6.93
2026-08-21 08:45:00,LINE_A,SHIFT_A,34.75,0.652,0.348,3.475,3.475,6.95
2026-08-21 09:00:00,LINE_A,SHIFT_A,34.85,0.649,0.351,3.485,3.485,6.97
2026-08-21 09:15:00,LINE_A,SHIFT_A,34.94,0.649,0.351,3.494,3.494,6.989
2026-08-21 09:30:00,LINE_A,SHIFT_A,35.03,0.649,0.351,3.503,3.503,7.007
2026-08-21 09:45:00,LINE_A,SHIFT_A,35.12,0.649,0.351,3.512,3.512,7.024
2026-08-21 10:00:00,LINE_A,SHIFT_A,35.2,0.646,0.354,3.52,3.52,7.04
2026-08-21 10:15:00,LINE_A,SHIFT_A,35.28,0.646,0.354,3.528,3.528,7.056
2026-08-21 10:30:00,LINE_A,SHIFT_A,35.35,0.646,0.354,3.535,3.535,7.07
2026-08-21 10:45:00,LINE_A,SHIFT_A,35.41,0.646,0.354,3.541,3.541,7.083
2026-08-21 11:00:00,LINE_A,SHIFT_A,35.47,0.643,0.357,3.547,3.547,7.094
2026-08-21 11:15:00,LINE_A,SHIFT_A,35.52,0.643,0.357,3.552,3.552,7.105
2026-08-21 11:30:00,LINE_A,SHIFT_A,31.3,0.643,0.357,3.13,3.13,6.26
2026-08-21 11:45:00,LINE_A,SHIFT_A,31.34,0.643,0.357,3.134,3.134,6.267
2026-08-21 12:00:00,LINE_A,SHIFT_A,35.64,0.64,0.36,3.564,3.564,7.128
2026-08-21 12:15:00,LINE_A,SHIFT_A,35.67,0.64,0.36,3.567,3.567,7.133
2026-08-21 12:30:00,LINE_A,SHIFT_A,35.69,0.64,0.36,3.569,3.569,7.137
2026-08-21 12:45:00,LINE_A,SHIFT_A,35.7,0.64,0.36,3.57,3.57,7.139
2026-08-21 13:00:00,LINE_A,SHIFT_A,35.7,0.636,0.364,3.57,3.57,7.14
2026-08-21 13:15:00,LINE_A,SHIFT_A,35.7,0.636,0.364,3.57,3.57,7.139
2026-08-21 13:30:00,LINE_A,SHIFT_A,35.69,0.636,0.364,3.569,3.569,7.137
2026-08-21 13:45:00,LINE_A,SHIFT_A,35.67,0.636,0.364,3.567,3.567,7.133
2026-08-21 14:00:00,LINE_A,SHIFT_B,37.74,0.633,0.367,3.774,3.774,7.548
2026-08-21 14:15:00,LINE_A,SHIFT_B,37.7,0.633,0.367,3.77,3.77,7.541
2026-08-21 14:30:00,LINE_A,SHIFT_B,37.66,0.633,0.367,3.766,3.766,7.533
2026-08-21 14:45:00,LINE_A,SHIFT_B,37.61,0.633,0.367,3.761,3.761,7.523
2026-08-21 15:00:00,LINE_A,SHIFT_B,37.56,0.629,0.371,3.756,3.756,7.512
2026-08-21 15:15:00,LINE_A,SHIFT_B,37.5,0.629,0.371,3.75,3.75,7.499
2026-08-21 15:30:00,LINE_A,SHIFT_B,37.43,0.629,0.371,3.743,3.743,7.486
2026-08-21 15:45:00,LINE_A,SHIFT_B,37.35,0.629,0.371,3.735,3.735,7.471
2026-08-21 16:00:00,LINE_A,SHIFT_B,37.27,0.625,0.375,3.727,3.727,7.455
2026-08-21 16:15:00,LINE_A,SHIFT_B,37.19,0.625,0.375,3.719,3.719,7.437
2026-08-21 16:30:00,LINE_A,SHIFT_B,37.1,0.625,0.375,3.71,3.71,7.419
2026-08-21 16:45:00,LINE_A,SHIFT_B,37.0,0.625,0.375,3.7,3.7,7.4
2026-08-21 17:00:00,LINE_A,SHIFT_B,36.9,0.621,0.379,3.69,3.69,7.38
2026-08-21 17:15:00,LINE_A,SHIFT_B,36.8,0.621,0.379,3.68,3.68,7.359
2026-08-21 17:30:00,LINE_A,SHIFT_B,36.69,0.621,0.379,3.669,3.669,7.338
2026-08-21 17:45:00,LINE_A,SHIFT_B,36.58,0.621,0.379,3.658,3.658,7.316
2026-08-21 18:00:00,LINE_A,SHIFT_B,36.47,0.617,0.383,3.647,3.647,7.293
2026-08-21 18:15:00,LINE_A,SHIFT_B,36.35,0.617,0.383,3.635,3.635,7.27
2026-08-21 18:30:00,LINE_A,SHIFT_B,36.23,0.617,0.383,3.623,3.623,7.247
2026-08-21 18:45:00,LINE_A,SHIFT_B,36.12,0.617,0.383,3.612,3.612,7.224
2026-08-21 19:00:00,LINE_A,SHIFT_B,31.68,0.613,0.387,3.168,3.168,6.336
2026-08-21 19:15:00,LINE_A,SHIFT_B,31.58,0.613,0.387,3.158,3.158,6.315
2026-08-21 19:30:00,LINE_A,SHIFT_B,35.77,0.613,0.387,3.577,3.577,7.153
2026-08-21 19:45:00,LINE_A,SHIFT_B,35.65,0.613,0.387,3.565,3.565,7.13
2026-08-21 20:00:00,LINE_A,SHIFT_B,35.53,0.609,0.391,3.553,3.553,7.107
2026-08-21 20:15:00,LINE_A,SHIFT_B,35.42,0.609,0.391,3.542,3.542,7.084
2026-08-21 20:30:00,LINE_A,SHIFT_B,35.31,0.609,0.391,3.531,3.531,7.062
2026-08-21 20:45:00,LINE_A,SHIFT_B,35.2,0.609,0.391,3.52,3.52,7.041
2026-08-21 21:00:00,LINE_A,SHIFT_B,35.1,0.604,0.396,3.51,3.51,7.02
2026-08-21 21:15:00,LINE_A,SHIFT_B,35.0,0.604,0.396,3.5,3.5,7.0
2026-08-21 21:30:00,LINE_A,SHIFT_B,34.9,0.604,0.396,3.49,3.49,6.981
2026-08-21 21:45:00,LINE_A,SHIFT_B,34.81,0.604,0.396,3.481,3.481,6.963
2026-08-21 22:00:00,LINE_A,SHIFT_C,27.01,0.6,0.4,2.701,2.701,5.402
2026-08-21 22:15:00,LINE_A,SHIFT_C,26.95,0.6,0.4,2.695,2.695,5.389
2026-08-21 22:30:00,LINE_A,SHIFT_C,26.89,0.6,0.4,2.689,2.689,5.378
2026-08-21 22:45:00,LINE_A,SHIFT_C,26.84,0.6,0.4,2.684,2.684,5.367
2026-08-21 23:00:00,LINE_A,SHIFT_C,26.79,0.595,0.405,2.679,2.679,5.358
2026-08-21 23:15:00,LINE_A,SHIFT_C,26.74,0.595,0.405,2.674,2.674,5.349
2026-08-21 23:30:00,LINE_A,SHIFT_C,26.71,0.595,0.405,2.671,2.671,5.341
2026-08-21 23:45:00,LINE_A,SHIFT_C,26.67,0.595,0.405,2.667,2.667,5.335
2026-08-22 00:00:00,LINE_A,SHIFT_C,21.85,0.602,0.398,2.185,2.185,4.37
2026-08-22 00:15:00,LINE_A,SHIFT_C,21.83,0.602,0.398,2.183,2.183,4.367
2026-08-22 00:30:00,LINE_A,SHIFT_C,21.82,0.602,0.398,2.182,2.182,4.364
2026-08-22 00:45:00,LINE_A,SHIFT_C,21.81,0.602,0.398,2.181,2.181,4.363
2026-08-22 01:00:00,LINE_A,SHIFT_C,21.81,0.598,0.402,2.181,2.181,4.362
2026-08-22 01:15:00,LINE_A,SHIFT_C,21.81,0.598,0.402,2.181,2.181,4.363
2026-08-22 01:30:00,LINE_A,SHIFT_C,21.82,0.598,0.402,2.182,2.182,4.364
2026-08-22 01:45:00,LINE_A,SHIFT_C,21.83,0.598,0.402,2.183,2.183,4.367
2026-08-22 02:00:00,LINE_A,SHIFT_C,21.85,0.593,0.407,2.185,2.185,4.37
2026-08-22 02:15:00,LINE_A,SHIFT_C,21.87,0.593,0.407,2.187,2.187,4.375
2026-08-22 02:30:00,LINE_A,SHIFT_C,21.9,0.593,0.407,2.19,2.19,4.38
2026-08-22 02:45:00,LINE_A,SHIFT_C,21.93,0.593,0.407,2.193,2.193,4.386
2026-08-22 03:00:00,LINE_A,SHIFT_C,21.97,0.588,0.412,2.197,2.197,4.393
2026-08-22 03:15:00,LINE_A,SHIFT_C,22.01,0.588,0.412,2.201,2.201,4.401
2026-08-22 03:30:00,LINE_A,SHIFT_C,22.05,0.588,0.412,2.205,2.205,4.41
2026-08-22 03:45:00,LINE_A,SHIFT_C,22.1,0.588,0.412,2.21,2.21,4.419
2026-08-22 04:00:00,LINE_A,SHIFT_C,22.15,0.583,0.417,2.215,2.215,4.43
2026-08-22 04:15:00,LINE_A,SHIFT_C,22.2,0.583,0.417,2.22,2.22,4.441
2026-08-22 04:30:00,LINE_A,SHIFT_C,22.26,0.583,0.417,2.226,2.226,4.452
2026-08-22 04:45:00,LINE_A,SHIFT_C,22.32,0.583,0.417,2.232,2.232,4.464
2026-08-22 05:00:00,LINE_A,SHIFT_C,22.39,0.579,0.421,2.239,2.239,4.477
2026-08-22 05:15:00,LINE_A,SHIFT_C,22.45,0.579,0.421,2.245,2.245,4.49
2026-08-22 05:30:00,LINE_A,SHIFT_C,22.52,0.579,0.421,2.252,2.252,4.504
2026-08-22 05:45:00,LINE_A,SHIFT_C,22.59,0.579,0.421,2.259,2.259,4.518
2026-08-22 06:00:00,LINE_A,SHIFT_A,27.52,0.574,0.426,2.752,2.752,5.504
2026-08-22 06:15:00,LINE_A,SHIFT_A,27.61,0.574,0.426,2.761,2.761,5.522
2026-08-22 06:30:00,LINE_A,SHIFT_A,27.7,0.574,0.426,2.77,2.77,5.54
2026-08-22 06:45:00,LINE_A,SHIFT_A,27.79,0.574,0.426,2.779,2.779,5.558
2026-08-22 07:00:00,LINE_A,SHIFT_A,27.88,0.569,0.431,2.788,2.788,5.576
2026-08-22 07:15:00,LINE_A,SHIFT_A,27.97,0.569,0.431,2.797,2.797,5.594
2026-08-22 07:30:00,LINE_A,SHIFT_A,28.06,0.569,0.431,2.806,2.806,5.612
2026-08-22 07:45:00,LINE_A,SHIFT_A,28.15,0.569,0.431,2.815,2.815,5.63
2026-08-22 08:00:00,LINE_A,SHIFT_A,28.24,0.564,0.436,2.824,2.824,5.648
2026-08-22 08:15:00,LINE_A,SHIFT_A,28.33,0.564,0.436,2.833,2.833,5.666
2026-08-22 08:30:00,LINE_A,SHIFT_A,28.41,0.564,0.436,2.841,2.841,5.683
2026-08-22 08:45:00,LINE_A,SHIFT_A,28.5,0.564,0.436,2.85,2.85,5.699
2026-08-22 09:00:00,LINE_A,SHIFT_A,28.58,0.559,0.441,2.858,2.858,5.715
2026-08-22 09:15:00,LINE_A,SHIFT_A,28.65,0.559,0.441,2.865,2.865,5.731
2026-08-22 09:30:00,LINE_A,SHIFT_A,28.73,0.559,0.441,2.873,2.873,5.746
2026-08-22 09:45:00,LINE_A,SHIFT_A,28.8,0.559,0.441,2.88,2.88,5.76
2026-08-22 10:00:00,LINE_A,SHIFT_A,28.87,0.554,0.446,2.887,2.887,5.773
2026-08-22 10:15:00,LINE_A,SHIFT_A,28.93,0.554,0.446,2.893,2.893,5.786
2026-08-22 10:30:00,LINE_A,SHIFT_A,28.99,0.554,0.446,2.899,2.899,5.797
2026-08-22 10:45:00,LINE_A,SHIFT_A,29.04,0.554,0.446,2.904,2.904,5.808
2026-08-22 11:00:00,LINE_A,SHIFT_A,29.09,0.549,0.451,2.909,2.909,5.817
2026-08-22 11:15:00,LINE_A,SHIFT_A,29.13,0.549,0.451,2.913,2.913,5.826
2026-08-22 11:30:00,LINE_A,SHIFT_A,25.67,0.549,0.451,2.567,2.567,5.134
2026-08-22 11:45:00,LINE_A,SHIFT_A,25.7,0.549,0.451,2.57,2.57,5.139
2026-08-22 12:00:00,LINE_A,SHIFT_A,29.23,0.544,0.456,2.923,2.923,5.845
2026-08-22 12:15:00,LINE_A,SHIFT_A,29.25,0.544,0.456,2.925,2.925,5.849
2026-08-22 12:30:00,LINE_A,SHIFT_A,29.26,0.544,0.456,2.926,2.926,5.852
2026-08-22 12:45:00,LINE_A,SHIFT_A,29.27,0.544,0.456,2.927,2.927,5.854
2026-08-22 13:00:00,LINE_A,SHIFT_A,29.27,0.539,0.461,2.927,2.927,5.855
2026-08-22 13:15:00,LINE_A,SHIFT_A,29.27,0.539,0.461,2.927,2.927,5.854
2026-08-22 13:30:00,LINE_A,SHIFT_A,29.26,0.539,0.461,2.926,2.926,5.852
2026-08-22 13:45:00,LINE_A,SHIFT_A,29.25,0.539,0.461,2.925,2.925,5.849
2026-08-22 14:00:00,LINE_A,SHIFT_B,30.95,0.534,0.466,3.095,3.095,6.189
2026-08-22 14:15:00,LINE_A,SHIFT_B,30.92,0.534,0.466,3.092,3.092,6.184
2026-08-22 14:30:00,LINE_A,SHIFT_B,30.88,0.534,0.466,3.088,3.088,6.177
2026-08-22 14:45:00,LINE_A,SHIFT_B,30.84,0.534,0.466,3.084,3.084,6.169
2026-08-22 15:00:00,LINE_A,SHIFT_B,30.8,0.529,0.471,3.08,3.08,6.16
2026-08-22 15:15:00,LINE_A,SHIFT_B,30.75,0.529,0.471,3.075,3.075,6.149
2026-08-22 15:30:00,LINE_A,SHIFT_B,30.69,0.529,0.471,3.069,3.069,6.138
2026-08-22 15:45:00,LINE_A,SHIFT_B,30.63,0.529,0.471,3.063,3.063,6.126
2026-08-22 16:00:00,LINE_A,SHIFT_B,30.56,0.524,0.476,3.056,3.056,6.113
2026-08-22 16:15:00,LINE_A,SHIFT_B,30.49,0.524,0.476,3.049,3.049,6.099
2026-08-22 16:30:00,LINE_A,SHIFT_B,30.42,0.524,0.476,3.042,3.042,6.084
2026-08-22 16:45:00,LINE_A,SHIFT_B,30.34,0.524,0.476,3.034,3.034,6.068
2026-08-22 17:00:00,LINE_A,SHIFT_B,30.26,0.519,0.481,3.026,3.026,6.052
2026-08-22 17:15:00,LINE_A,SHIFT_B,30.17,0.519,0.481,3.017,3.017,6.035
2026-08-22 17:30:00,LINE_A,SHIFT_B,30.08,0.519,0.481,3.008,3.008,6.017
2026-08-22 17:45:00,LINE_A,SHIFT_B,29.99,0.519,0.481,2.999,2.999,5.999
2026-08-22 18:00:00,LINE_A,SHIFT_B,29.9,0.514,0.486,2.99,2.99,5.98
2026-08-22 18:15:00,LINE_A,SHIFT_B,29.81,0.514,0.486,2.981,2.981,5.962
2026-08-22 18:30:00,LINE_A,SHIFT_B,29.71,0.514,0.486,2.971,2.971,5.943
2026-08-22 18:45:00,LINE_A,SHIFT_B,29.62,0.514,0.486,2.962,2.962,5.923
2026-08-22 19:00:00,LINE_A,SHIFT_B,25.98,0.51,0.49,2.598,2.598,5.196
2026-08-22 19:15:00,LINE_A,SHIFT_B,25.89,0.51,0.49,2.589,2.589,5.179
2026-08-22 19:30:00,LINE_A,SHIFT_B,29.33,0.51,0.49,2.933,2.933,5.865
2026-08-22 19:45:00,LINE_A,SHIFT_B,29.23,0.51,0.49,2.923,2.923,5.846
2026-08-22 20:00:00,LINE_A,SHIFT_B,29.14,0.505,0.495,2.914,2.914,5.828
2026-08-22 20:15:00,LINE_A,SHIFT_B,29.05,0.505,0.495,2.905,2.905,5.809
2026-08-22 20:30:00,LINE_A,SHIFT_B,28.96,0.505,0.495,2.896,2.896,5.791
2026-08-22 20:45:00,LINE_A,SHIFT_B,28.87,0.505,0.495,2.887,2.887,5.773
2026-08-22 21:00:00,LINE_A,SHIFT_B,28.78,0.5,0.5,2.878,2.878,5.756
2026-08-22 21:15:00,LINE_A,SHIFT_B,28.7,0.5,0.5,2.87,2.87,5.74
2026-08-22 21:30:00,LINE_A,SHIFT_B,28.62,0.5,0.5,2.862,2.862,5.724
2026-08-22 21:45:00,LINE_A,SHIFT_B,28.55,0.5,0.5,2.855,2.855,5.709
2026-08-22 22:00:00,LINE_A,SHIFT_C,22.15,0.496,0.504,2.215,2.215,4.43
2026-08-22 22:15:00,LINE_A,SHIFT_C,22.1,0.496,0.504,2.21,2.21,4.419
2026-08-22 22:30:00,LINE_A,SHIFT_C,22.05,0.496,0.504,2.205,2.205,4.41
2026-08-22 22:45:00,LINE_A,SHIFT_C,22.01,0.496,0.504,2.201,2.201,4.401
2026-08-22 23:00:00,LINE_A,SHIFT_C,21.97,0.491,0.509,2.197,2.197,4.393
2026-08-22 23:15:00,LINE_A,SHIFT_C,21.93,0.491,0.509,2.193,2.193,4.386
2026-08-22 23:30:00,LINE_A,SHIFT_C,21.9,0.491,0.509,2.19,2.19,4.38
2026-08-22 23:45:00,LINE_A,SHIFT_C,21.87,0.491,0.509,2.187,2.187,4.375
2026-08-23 00:00:00,LINE_A,SHIFT_C,21.85,0.498,0.502,2.185,2.185,4.37
2026-08-23 00:15:00,LINE_A,SHIFT_C,21.83,0.498,0.502,2.183,2.183,4.367
2026-08-23 00:30:00,LINE_A,SHIFT_C,21.82,0.498,0.502,2.182,2.182,4.364
2026-08-23 00:45:00,LINE_A,SHIFT_C,21.81,0.498,0.502,2.181,2.181,4.363
2026-08-23 01:00:00,LINE_A,SHIFT_C,21.81,0.493,0.507,2.181,2.181,4.362
2026-08-23 01:15:00,LINE_A,SHIFT_C,21.81,0.493,0.507,2.181,2.181,4.363
2026-08-23 01:30:00,LINE_A,SHIFT_C,21.82,0.493,0.507,2.182,2.182,4.364
2026-08-23 01:45:00,LINE_A,SHIFT_C,21.83,0.493,0.507,2.183,2.183,4.367
2026-08-23 02:00:00,LINE_A,SHIFT_C,21.85,0.489,0.511,2.185,2.185,4.37
2026-08-23 02:15:00,LINE_A,SHIFT_C,21.87,0.489,0.511,2.187,2.187,4.375
2026-08-23 02:30:00,LINE_A,SHIFT_C,21.9,0.489,0.511,2.19,2.19,4.38
2026-08-23 02:45:00,LINE_A,SHIFT_C,21.93,0.489,0.511,2.193,2.193,4.386
2026-08-23 03:00:00,LINE_A,SHIFT_C,21.97,0.485,0.515,2.197,2.197,4.393
2026-08-23 03:15:00,LINE_A,SHIFT_C,22.01,0.485,0.515,2.201,2.201,4.401
2026-08-23 03:30:00,LINE_A,SHIFT_C,22.05,0.485,0.515,2.205,2.205,4.41
2026-08-23 03:45:00,LINE_A,SHIFT_C,22.1,0.485,0.515,2.21,2.21,4.419
2026-08-23 04:00:00,LINE_A,SHIFT_C,22.15,0.481,0.519,2.215,2.215,4.43
2026-08-23 04:15:00,LINE_A,SHIFT_C,22.2,0.481,0.519,2.22,2.22,4.441
2026-08-23 04:30:00,LINE_A,SHIFT_C,22.26,0.481,0.519,2.226,2.226,4.452
2026-08-23 04:45:00,LINE_A,SHIFT_C,22.32,0.481,0.519,2.232,2.232,4.464
2026-08-23 05:00:00,LINE_A,SHIFT_C,22.39,0.477,0.523,2.239,2.239,4.477
2026-08-23 05:15:00,LINE_A,SHIFT_C,22.45,0.477,0.523,2.245,2.245,4.49
2026-08-23 05:30:00,LINE_A,SHIFT_C,22.52,0.477,0.523,2.252,2.252,4.504
2026-08-23 05:45:00,LINE_A,SHIFT_C,22.59,0.477,0.523,2.259,2.259,4.518
2026-08-23 06:00:00,LINE_A,SHIFT_A,27.52,0.473,0.527,2.752,2.752,5.504
2026-08-23 06:15:00,LINE_A,SHIFT_A,27.61,0.473,0.527,2.761,2.761,5.522
2026-08-23 06:30:00,LINE_A,SHIFT_A,27.7,0.473,0.527,2.77,2.77,5.54
2026-08-23 06:45:00,LINE_A,SHIFT_A,27.79,0.473,0.527,2.779,2.779,5.558
2026-08-23 07:00:00,LINE_A,SHIFT_A,27.88,0.469,0.531,2.788,2.788,5.576
2026-08-23 07:15:00,LINE_A,SHIFT_A,27.97,0.469,0.531,2.797,2.797,5.594
2026-08-23 07:30:00,LINE_A,SHIFT_A,28.06,0.469,0.531,2.806,2.806,5.612
2026-08-23 07:45:00,LINE_A,SHIFT_A,28.15,0.469,0.531,2.815,2.815,5.63
2026-08-23 08:00:00,LINE_A,SHIFT_A,28.24,0.465,0.535,2.824,2.824,5.648
2026-08-23 08:15:00,LINE_A,SHIFT_A,28.33,0.465,0.535,2.833,2.833,5.666
2026-08-23 08:30:00,LINE_A,SHIFT_A,28.41,0.465,0.535,2.841,2.841,5.683
2026-08-23 08:45:00,LINE_A,SHIFT_A,28.5,0.465,0.535,2.85,2.85,5.699
2026-08-23 09:00:00,LINE_A,SHIFT_A,28.58,0.462,0.538,2.858,2.858,5.715
2026-08-23 09:15:00,LINE_A,SHIFT_A,28.65,0.462,0.538,2.865,2.865,5.731
2026-08-23 09:30:00,LINE_A,SHIFT_A,28.73,0.462,0.538,2.873,2.873,5.746
2026-08-23 09:45:00,LINE_A,SHIFT_A,28.8,0.462,0.538,2.88,2.88,5.76
2026-08-23 10:00:00,LINE_A,SHIFT_A,28.87,0.459,0.541,2.887,2.887,5.773
2026-08-23 10:15:00,LINE_A,SHIFT_A,28.93,0.459,0.541,2.893,2.893,5.786
2026-08-23 10:30:00,LINE_A,SHIFT_A,28.99,0.459,0.541,2.899,2.899,5.797
2026-08-23 10:45:00,LINE_A,SHIFT_A,29.04,0.459,0.541,2.904,2.904,5.808
2026-08-23 11:00:00,LINE_A,SHIFT_A,29.09,0.455,0.545,2.909,2.909,5.817
2026-08-23 11:15:00,LINE_A,SHIFT_A,29.13,0.455,0.545,2.913,2.913,5.826
2026-08-23 11:30:00,LINE_A,SHIFT_A,25.67,0.455,0.545,2.567,2.567,5.134
2026-08-23 11:45:00,LINE_A,SHIFT_A,25.7,0.455,0.545,2.57,2.57,5.139
2026-08-23 12:00:00,LINE_A,SHIFT_A,29.23,0.452,0.548,2.923,2.923,5.845
2026-08-23 12:15:00,LINE_A,SHIFT_A,29.25,0.452,0.548,2.925,2.925,5.849
2026-08-23 12:30:00,LINE_A,SHIFT_A,29.26,0.452,0.548,2.926,2.926,5.852
2026-08-23 12:45:00,LINE_A,SHIFT_A,29.27,0.452,0.548,2.927,2.927,5.854
2026-08-23 13:00:00,LINE_A,SHIFT_A,29.27,0.45,0.55,2.927,2.927,5.855
2026-08-23 13:15:00,LINE_A,SHIFT_A,29.27,0.45,0.55,2.927,2.927,5.854
2026-08-23 13:30:00,LINE_A,SHIFT_A,29.26,0.45,0.55,2.926,2.926,5.852
2026-08-23 13:45:00,LINE_A,SHIFT_A,29.25,0.45,0.55,2.925,2.925,5.849
2026-08-23 14:00:00,LINE_A,SHIFT_B,30.95,0.447,0.553,3.095,3.095,6.189
2026-08-23 14:15:00,LINE_A,SHIFT_B,30.92,0.447,0.553,3.092,3.092,6.184
2026-08-23 14:30:00,LINE_A,SHIFT_B,30.88,0.447,0.553,3.088,3.088,6.177
2026-08-23 14:45:00,LINE_A,SHIFT_B,30.84,0.447,0.553,3.084,3.084,6.169
2026-08-23 15:00:00,LINE_A,SHIFT_B,30.8,0.445,0.555,3.08,3.08,6.16
2026-08-23 15:15:00,LINE_A,SHIFT_B,30.75,0.445,0.555,3.075,3.075,6.149
2026-08-23 15:30:00,LINE_A,SHIFT_B,30.69,0.445,0.555,3.069,3.069,6.138
2026-08-23 15:45:00,LINE_A,SHIFT_B,30.63,0.445,0.555,3.063,3.063,6.126
2026-08-23 16:00:00,LINE_A,SHIFT_B,30.56,0.442,0.558,3.056,3.056,6.113
2026-08-23 16:15:00,LINE_A,SHIFT_B,30.49,0.442,0.558,3.049,3.049,6.099
2026-08-23 16:30:00,LINE_A,SHIFT_B,30.42,0.442,0.558,3.042,3.042,6.084
2026-08-23 16:45:00,LINE_A,SHIFT_B,30.34,0.442,0.558,3.034,3.034,6.068
2026-08-23 17:00:00,LINE_A,SHIFT_B,30.26,0.44,0.56,3.026,3.026,6.052
2026-08-23 17:15:00,LINE_A,SHIFT_B,30.17,0.44,0.56,3.017,3.017,6.035
2026-08-23 17:30:00,LINE_A,SHIFT_B,30.08,0.44,0.56,3.008,3.008,6.017
2026-08-23 17:45:00,LINE_A,SHIFT_B,29.99,0.44,0.56,2.999,2.999,5.999
2026-08-23 18:00:00,LINE_A,SHIFT_B,29.9,0.438,0.562,2.99,2.99,5.98
2026-08-23 18:15:00,LINE_A,SHIFT_B,29.81,0.438,0.562,2.981,2.981,5.962
2026-08-23 18:30:00,LINE_A,SHIFT_B,29.71,0.438,0.562,2.971,2.971,5.943
2026-08-23 18:45:00,LINE_A,SHIFT_B,29.62,0.438,0.562,2.962,2.962,5.923
2026-08-23 19:00:00,LINE_A,SHIFT_B,25.98,0.436,0.564,2.598,2.598,5.196
2026-08-23 19:15:00,LINE_A,SHIFT_B,25.89,0.436,0.564,2.589,2.589,5.179
2026-08-23 19:30:00,LINE_A,SHIFT_B,29.33,0.436,0.564,2.933,2.933,5.865
2026-08-23 19:45:00,LINE_A,SHIFT_B,29.23,0.436,0.564,2.923,2.923,5.846
2026-08-23 20:00:00,LINE_A,SHIFT_B,29.14,0.435,0.565,2.914,2.914,5.828
2026-08-23 20:15:00,LINE_A,SHIFT_B,29.05,0.435,0.565,2.905,2.905,5.809
2026-08-23 20:30:00,LINE_A,SHIFT_B,28.96,0.435,0.565,2.896,2.896,5.791
2026-08-23 20:45:00,LINE_A,SHIFT_B,28.87,0.435,0.565,2.887,2.887,5.773
2026-08-23 21:00:00,LINE_A,SHIFT_B,28.78,0.434,0.566,2.878,2.878,5.756
2026-08-23 21:15:00,LINE_A,SHIFT_B,28.7,0.434,0.566,2.87,2.87,5.74
2026-08-23 21:30:00,LINE_A,SHIFT_B,28.62,0.434,0.566,2.862,2.862,5.724
2026-08-23 21:45:00,LINE_A,SHIFT_B,28.55,0.434,0.566,2.855,2.855,5.709
2026-08-23 22:00:00,LINE_A,SHIFT_C,22.15,0.433,0.567,2.215,2.215,4.43
2026-08-23 22:15:00,LINE_A,SHIFT_C,22.1,0.433,0.567,2.21,2.21,4.419
2026-08-23 22:30:00,LINE_A,SHIFT_C,22.05,0.433,0.567,2.205,2.205,4.41
2026-08-23 22:45:00,LINE_A,SHIFT_C,22.01,0.433,0.567,2.201,2.201,4.401
2026-08-23 23:00:00,LINE_A,SHIFT_C,21.97,0.432,0.568,2.197,2.197,4.393
2026-08-23 23:15:00,LINE_A,SHIFT_C,21.93,0.432,0.568,2.193,2.193,4.386
2026-08-23 23:30:00,LINE_A,SHIFT_C,21.9,0.432,0.568,2.19,2.19,4.38
2026-08-23 23:45:00,LINE_A,SHIFT_C,21.87,0.432,0.568,2.187,2.187,4.375
2026-08-24 00:00:00,LINE_A,SHIFT_C,26.65,0.433,0.567,2.665,2.665,5.33
2026-08-24 00:15:00,LINE_A,SHIFT_C,26.63,0.433,0.567,2.663,2.663,5.325
2026-08-24 00:30:00,LINE_A,SHIFT_C,26.61,0.433,0.567,2.661,2.661,5.322
2026-08-24 00:45:00,LINE_A,SHIFT_C,26.6,0.433,0.567,2.66,2.66,5.321
2026-08-24 01:00:00,LINE_A,SHIFT_C,26.6,0.432,0.568,2.66,2.66,5.32
2026-08-24 01:15:00,LINE_A,SHIFT_C,26.6,0.432,0.568,2.66,2.66,5.321
2026-08-24 01:30:00,LINE_A,SHIFT_C,26.61,0.432,0.568,2.661,2.661,5.322
2026-08-24 01:45:00,LINE_A,SHIFT_C,26.63,0.432,0.568,2.663,2.663,5.325
2026-08-24 02:00:00,LINE_A,SHIFT_C,26.65,0.431,0.569,2.665,2.665,5.33
2026-08-24 02:15:00,LINE_A,SHIFT_C,26.67,0.431,0.569,2.667,2.667,5.335
2026-08-24 02:30:00,LINE_A,SHIFT_C,26.71,0.431,0.569,2.671,2.671,5.341
2026-08-24 02:45:00,LINE_A,SHIFT_C,26.74,0.431,0.569,2.674,2.674,5.349
2026-08-24 03:00:00,LINE_A,SHIFT_C,26.79,0.431,0.569,2.679,2.679,5.358
2026-08-24 03:15:00,LINE_A,SHIFT_C,26.84,0.431,0.569,2.684,2.684,5.367
2026-08-24 03:30:00,LINE_A,SHIFT_C,26.89,0.431,0.569,2.689,2.689,5.378
2026-08-24 03:45:00,LINE_A,SHIFT_C,26.95,0.431,0.569,2.695,2.695,5.389
2026-08-24 04:00:00,LINE_A,SHIFT_C,27.01,0.43,0.57,2.701,2.701,5.402
2026-08-24 04:15:00,LINE_A,SHIFT_C,27.08,0.43,0.57,2.708,2.708,5.415
2026-08-24 04:30:00,LINE_A,SHIFT_C,27.15,0.43,0.57,2.715,2.715,5.43
2026-08-24 04:45:00,LINE_A,SHIFT_C,27.22,0.43,0.57,2.722,2.722,5.444
2026-08-24 05:00:00,LINE_A,SHIFT_C,27.3,0.43,0.57,2.73,2.73,5.46
2026-08-24 05:15:00,LINE_A,SHIFT_C,27.38,0.43,0.57,2.738,2.738,5.476
2026-08-24 05:30:00,LINE_A,SHIFT_C,27.46,0.43,0.57,2.746,2.746,5.493
2026-08-24 05:45:00,LINE_A,SHIFT_C,27.55,0.43,0.57,2.755,2.755,5.51
2026-08-24 06:00:00,LINE_A,SHIFT_A,33.56,0.43,0.57,3.356,3.356,6.712
2026-08-24 06:15:00,LINE_A,SHIFT_A,33.67,0.43,0.57,3.367,3.367,6.734
2026-08-24 06:30:00,LINE_A,SHIFT_A,33.78,0.43,0.57,3.378,3.378,6.756
2026-08-24 06:45:00,LINE_A,SHIFT_A,33.89,0.43,0.57,3.389,3.389,6.778
2026-08-24 07:00:00,LINE_A,SHIFT_A,34.0,0.43,0.57,3.4,3.4,6.8
2026-08-24 07:15:00,LINE_A,SHIFT_A,34.11,0.43,0.57,3.411,3.411,6.822
2026-08-24 07:30:00,LINE_A,SHIFT_A,34.22,0.43,0.57,3.422,3.422,6.844
2026-08-24 07:45:00,LINE_A,SHIFT_A,34.33,0.43,0.57,3.433,3.433,6.866
2026-08-24 08:00:00,LINE_A,SHIFT_A,34.44,0.431,0.569,3.444,3.444,6.888
2026-08-24 08:15:00,LINE_A,SHIFT_A,34.55,0.431,0.569,3.455,3.455,6.909
2026-08-24 08:30:00,LINE_A,SHIFT_A,34.65,0.431,0.569,3.465,3.465,6.93
2026-08-24 08:45:00,LINE_A,SHIFT_A,34.75,0.431,0.569,3.475,3.475,6.95
2026-08-24 09:00:00,LINE_A,SHIFT_A,34.85,0.431,0.569,3.485,3.485,6.97
2026-08-24 09:15:00,LINE_A,SHIFT_A,34.94,0.431,0.569,3.494,3.494,6.989
2026-08-24 09:30:00,LINE_A,SHIFT_A,35.03,0.431,0.569,3.503,3.503,7.007
2026-08-24 09:45:00,LINE_A,SHIFT_A,35.12,0.431,0.569,3.512,3.512,7.024
2026-08-24 10:00:00,LINE_A,SHIFT_A,35.2,0.432,0.568,3.52,3.52,7.04
2026-08-24 10:15:00,LINE_A,SHIFT_A,35.28,0.432,0.568,3.528,3.528,7.056
2026-08-24 10:30:00,LINE_A,SHIFT_A,35.35,0.432,0.568,3.535,3.535,7.07
2026-08-24 10:45:00,LINE_A,SHIFT_A,35.41,0.432,0.568,3.541,3.541,7.083
2026-08-24 11:00:00,LINE_A,SHIFT_A,35.47,0.433,0.567,3.547,3.547,7.094
2026-08-24 11:15:00,LINE_A,SHIFT_A,35.52,0.433,0.567,3.552,3.552,7.105
2026-08-24 11:30:00,LINE_A,SHIFT_A,31.3,0.433,0.567,3.13,3.13,6.26
2026-08-24 11:45:00,LINE_A,SHIFT_A,31.34,0.433,0.567,3.134,3.134,6.267
2026-08-24 12:00:00,LINE_A,SHIFT_A,35.64,0.435,0.565,3.564,3.564,7.128
2026-08-24 12:15:00,LINE_A,SHIFT_A,35.67,0.435,0.565,3.567,3.567,7.133
2026-08-24 12:30:00,LINE_A,SHIFT_A,35.69,0.435,0.565,3.569,3.569,7.137
2026-08-24 12:45:00,LINE_A,SHIFT_A,35.7,0.435,0.565,3.57,3.57,7.139
2026-08-24 13:00:00,LINE_A,SHIFT_A,35.7,0.436,0.564,3.57,3.57,7.14
2026-08-24 13:15:00,LINE_A,SHIFT_A,35.7,0.436,0.564,3.57,3.57,7.139
2026-08-24 13:30:00,LINE_A,SHIFT_A,35.69,0.436,0.564,3.569,3.569,7.137
2026-08-24 13:45:00,LINE_A,SHIFT_A,35.67,0.436,0.564,3.567,3.567,7.133
2026-08-24 14:00:00,LINE_A,SHIFT_B,37.74,0.438,0.562,3.774,3.774,7.548
2026-08-24 14:15:00,LINE_A,SHIFT_B,37.7,0.438,0.562,3.77,3.77,7.541
2026-08-24 14:30:00,LINE_A,SHIFT_B,37.66,0.438,0.562,3.766,3.766,7.533
2026-08-24 14:45:00,LINE_A,SHIFT_B,37.61,0.438,0.562,3.761,3.761,7.523
2026-08-24 15:00:00,LINE_A,SHIFT_B,37.56,0.44,0.56,3.756,3.756,7.512
2026-08-24 15:15:00,LINE_A,SHIFT_B,37.5,0.44,0.56,3.75,3.75,7.499
2026-08-24 15:30:00,LINE_A,SHIFT_B,37.43,0.44,0.56,3.743,3.743,7.486
2026-08-24 15:45:00,LINE_A,SHIFT_B,37.35,0.44,0.56,3.735,3.735,7.471
2026-08-24 16:00:00,LINE_A,SHIFT_B,37.27,0.442,0.558,3.727,3.727,7.455
2026-08-24 16:15:00,LINE_A,SHIFT_B,37.19,0.442,0.558,3.719,3.719,7.437
2026-08-24 16:30:00,LINE_A,SHIFT_B,37.1,0.442,0.558,3.71,3.71,7.419
2026-08-24 16:45:00,LINE_A,SHIFT_B,37.0,0.442,0.558,3.7,3.7,7.4
2026-08-24 17:00:00,LINE_A,SHIFT_B,36.9,0.444,0.556,3.69,3.69,7.38
2026-08-24 17:15:00,LINE_A,SHIFT_B,36.8,0.444,0.556,3.68,3.68,7.359
2026-08-24 17:30:00,LINE_A,SHIFT_B,36.69,0.444,0.556,3.669,3.669,7.338
2026-08-24 17:45:00,LINE_A,SHIFT_B,36.58,0.444,0.556,3.658,3.658,7.316
2026-08-24 18:00:00,LINE_A,SHIFT_B,36.47,0.446,0.554,3.647,3.647,7.293
2026-08-24 18:15:00,LINE_A,SHIFT_B,36.35,0.446,0.554,3.635,3.635,7.27
2026-08-24 18:30:00,LINE_A,SHIFT_B,36.23,0.446,0.554,3.623,3.623,7.247
2026-08-24 18:45:00,LINE_A,SHIFT_B,36.12,0.446,0.554,3.612,3.612,7.224
2026-08-24 19:00:00,LINE_A,SHIFT_B,31.68,0.449,0.551,3.168,3.168,6.336
2026-08-24 19:15:00,LINE_A,SHIFT_B,31.58,0.449,0.551,3.158,3.158,6.315
2026-08-24 19:30:00,LINE_A,SHIFT_B,35.77,0.449,0.551,3.577,3.577,7.153
2026-08-24 19:45:00,LINE_A,SHIFT_B,35.65,0.449,0.551,3.565,3.565,7.13
2026-08-24 20:00:00,LINE_A,SHIFT_B,35.53,0.452,0.548,3.553,3.553,7.107
2026-08-24 20:15:00,LINE_A,SHIFT_B,35.42,0.452,0.548,3.542,3.542,7.084
2026-08-24 20:30:00,LINE_A,SHIFT_B,35.31,0.452,0.548,3.531,3.531,7.062
2026-08-24 20:45:00,LINE_A,SHIFT_B,35.2,0.452,0.548,3.52,3.52,7.041
2026-08-24 21:00:00,LINE_A,SHIFT_B,35.1,0.455,0.545,3.51,3.51,7.02
2026-08-24 21:15:00,LINE_A,SHIFT_B,35.0,0.455,0.545,3.5,3.5,7.0
2026-08-24 21:30:00,LINE_A,SHIFT_B,34.9,0.455,0.545,3.49,3.49,6.981
2026-08-24 21:45:00,LINE_A,SHIFT_B,34.81,0.455,0.545,3.481,3.481,6.963
2026-08-24 22:00:00,LINE_A,SHIFT_C,27.01,0.458,0.542,2.701,2.701,5.402
2026-08-24 22:15:00,LINE_A,SHIFT_C,26.95,0.458,0.542,2.695,2.695,5.389
2026-08-24 22:30:00,LINE_A,SHIFT_C,26.89,0.458,0.542,2.689,2.689,5.378
2026-08-24 22:45:00,LINE_A,SHIFT_C,26.84,0.458,0.542,2.684,2.684,5.367
2026-08-24 23:00:00,LINE_A,SHIFT_C,26.79,0.461,0.539,2.679,2.679,5.358
2026-08-24 23:15:00,LINE_A,SHIFT_C,26.74,0.461,0.539,2.674,2.674,5.349
2026-08-24 23:30:00,LINE_A,SHIFT_C,26.71,0.461,0.539,2.671,2.671,5.341
2026-08-24 23:45:00,LINE_A,SHIFT_C,26.67,0.461,0.539,2.667,2.667,5.335
2026-08-25 00:00:00,LINE_A,SHIFT_C,26.65,0.456,0.544,2.665,2.665,5.33
2026-08-25 00:15:00,LINE_A,SHIFT_C,26.63,0.456,0.544,2.663,2.663,5.325
2026-08-25 00:30:00,LINE_A,SHIFT_C,26.61,0.456,0.544,2.661,2.661,5.322
2026-08-25 00:45:00,LINE_A,SHIFT_C,26.6,0.456,0.544,2.66,2.66,5.321
2026-08-25 01:00:00,LINE_A,SHIFT_C,26.6,0.459,0.541,2.66,2.66,5.32
2026-08-25 01:15:00,LINE_A,SHIFT_C,26.6,0.459,0.541,2.66,2.66,5.321
2026-08-25 01:30:00,LINE_A,SHIFT_C,26.61,0.459,0.541,2.661,2.661,5.322
2026-08-25 01:45:00,LINE_A,SHIFT_C,26.63,0.459,0.541,2.663,2.663,5.325
2026-08-25 02:00:00,LINE_A,SHIFT_C,26.65,0.463,0.537,2.665,2.665,5.33
2026-08-25 02:15:00,LINE_A,SHIFT_C,26.67,0.463,0.537,2.667,2.667,5.335
2026-08-25 02:30:00,LINE_A,SHIFT_C,26.71,0.463,0.537,2.671,2.671,5.341
2026-08-25 02:45:00,LINE_A,SHIFT_C,26.74,0.463,0.537,2.674,2.674,5.349
2026-08-25 03:00:00,LINE_A,SHIFT_C,26.79,0.466,0.534,2.679,2.679,5.358
2026-08-25 03:15:00,LINE_A,SHIFT_C,26.84,0.466,0.534,2.684,2.684,5.367
2026-08-25 03:30:00,LINE_A,SHIFT_C,26.89,0.466,0.534,2.689,2.689,5.378
2026-08-25 03:45:00,LINE_A,SHIFT_C,26.95,0.466,0.534,2.695,2.695,5.389
2026-08-25 04:00:00,LINE_A,SHIFT_C,27.01,0.47,0.53,2.701,2.701,5.402
2026-08-25 04:15:00,LINE_A,SHIFT_C,27.08,0.47,0.53,2.708,2.708,5.415
2026-08-25 04:30:00,LINE_A,SHIFT_C,27.15,0.47,0.53,2.715,2.715,5.43
2026-08-25 04:45:00,LINE_A,SHIFT_C,27.22,0.47,0.53,2.722,2.722,5.444
2026-08-25 05:00:00,LINE_A,SHIFT_C,27.3,0.474,0.526,2.73,2.73,5.46
2026-08-25 05:15:00,LINE_A,SHIFT_C,27.38,0.474,0.526,2.738,2.738,5.476
2026-08-25 05:30:00,LINE_A,SHIFT_C,27.46,0.474,0.526,2.746,2.746,5.493
2026-08-25 05:45:00,LINE_A,SHIFT_C,27.55,0.474,0.526,2.755,2.755,5.51
2026-08-25 06:00:00,LINE_A,SHIFT_A,33.56,0.478,0.522,3.356,3.356,6.712
2026-08-25 06:15:00,LINE_A,SHIFT_A,33.67,0.478,0.522,3.367,3.367,6.734
2026-08-25 06:30:00,LINE_A,SHIFT_A,33.78,0.478,0.522,3.378,3.378,6.756
2026-08-25 06:45:00,LINE_A,SHIFT_A,33.89,0.478,0.522,3.389,3.389,6.778
2026-08-25 07:00:00,LINE_A,SHIFT_A,34.0,0.482,0.518,3.4,3.4,6.8
2026-08-25 07:15:00,LINE_A,SHIFT_A,34.11,0.482,0.518,3.411,3.411,6.822
2026-08-25 07:30:00,LINE_A,SHIFT_A,34.22,0.482,0.518,3.422,3.422,6.844
2026-08-25 07:45:00,LINE_A,SHIFT_A,34.33,0.482,0.518,3.433,3.433,6.866
2026-08-25 08:00:00,LINE_A,SHIFT_A,34.44,0.486,0.514,3.444,3.444,6.888
2026-08-25 08:15:00,LINE_A,SHIFT_A,34.55,0.486,0.514,3.455,3.455,6.909
2026-08-25 08:30:00,LINE_A,SHIFT_A,34.65,0.486,0.514,3.465,3.465,6.93
2026-08-25 08:45:00,LINE_A,SHIFT_A,34.75,0.486,0.514,3.475,3.475,6.95
2026-08-25 09:00:00,LINE_A,SHIFT_A,34.85,0.49,0.51,3.485,3.485,6.97
2026-08-25 09:15:00,LINE_A,SHIFT_A,34.94,0.49,0.51,3.494,3.494,6.989
2026-08-25 09:30:00,LINE_A,SHIFT_A,35.03,0.49,0.51,3.503,3.503,7.007
2026-08-25 09:45:00,LINE_A,SHIFT_A,35.12,0.49,0.51,3.512,3.512,7.024
2026-08-25 10:00:00,LINE_A,SHIFT_A,35.2,0.494,0.506,3.52,3.52,7.04
2026-08-25 10:15:00,LINE_A,SHIFT_A,35.28,0.494,0.506,3.528,3.528,7.056
2026-08-25 10:30:00,LINE_A,SHIFT_A,35.35,0.494,0.506,3.535,3.535,7.07
2026-08-25 10:45:00,LINE_A,SHIFT_A,35.41,0.494,0.506,3.541,3.541,7.083
2026-08-25 11:00:00,LINE_A,SHIFT_A,35.47,0.499,0.501,3.547,3.547,7.094
2026-08-25 11:15:00,LINE_A,SHIFT_A,35.52,0.499,0.501,3.552,3.552,7.105
2026-08-25 11:30:00,LINE_A,SHIFT_A,31.3,0.499,0.501,3.13,3.13,6.26
2026-08-25 11:45:00,LINE_A,SHIFT_A,31.34,0.499,0.501,3.134,3.134,6.267
2026-08-25 12:00:00,LINE_A,SHIFT_A,35.64,0.504,0.496,3.564,3.564,7.128
2026-08-25 12:15:00,LINE_A,SHIFT_A,35.67,0.504,0.496,3.567,3.567,7.133
2026-08-25 12:30:00,LINE_A,SHIFT_A,35.69,0.504,0.496,3.569,3.569,7.137
2026-08-25 12:45:00,LINE_A,SHIFT_A,35.7,0.504,0.496,3.57,3.57,7.139
2026-08-25 13:00:00,LINE_A,SHIFT_A,35.7,0.508,0.492,3.57,3.57,7.14
2026-08-25 13:15:00,LINE_A,SHIFT_A,35.7,0.508,0.492,3.57,3.57,7.139
2026-08-25 13:30:00,LINE_A,SHIFT_A,35.69,0.508,0.492,3.569,3.569,7.137
2026-08-25 13:45:00,LINE_A,SHIFT_A,35.67,0.508,0.492,3.567,3.567,7.133
2026-08-25 14:00:00,LINE_A,SHIFT_B,37.74,0.513,0.487,3.774,3.774,7.548
2026-08-25 14:15:00,LINE_A,SHIFT_B,37.7,0.513,0.487,3.77,3.77,7.541
2026-08-25 14:30:00,LINE_A,SHIFT_B,37.66,0.513,0.487,3.766,3.766,7.533
2026-08-25 14:45:00,LINE_A,SHIFT_B,37.61,0.513,0.487,3.761,3.761,7.523
2026-08-25 15:00:00,LINE_A,SHIFT_B,37.56,0.518,0.482,3.756,3.756,7.512
2026-08-25 15:15:00,LINE_A,SHIFT_B,37.5,0.518,0.482,3.75,3.75,7.499
2026-08-25 15:30:00,LINE_A,SHIFT_B,37.43,0.518,0.482,3.743,3.743,7.486
2026-08-25 15:45:00,LINE_A,SHIFT_B,37.35,0.518,0.482,3.735,3.735,7.471
2026-08-25 16:00:00,LINE_A,SHIFT_B,37.27,0.523,0.477,3.727,3.727,7.455
2026-08-25 16:15:00,LINE_A,SHIFT_B,37.19,0.523,0.477,3.719,3.719,7.437
2026-08-25 16:30:00,LINE_A,SHIFT_B,37.1,0.523,0.477,3.71,3.71,7.419
2026-08-25 16:45:00,LINE_A,SHIFT_B,37.0,0.523,0.477,3.7,3.7,7.4
2026-08-25 17:00:00,LINE_A,SHIFT_B,36.9,0.527,0.473,3.69,3.69,7.38
2026-08-25 17:15:00,LINE_A,SHIFT_B,36.8,0.527,0.473,3.68,3.68,7.359
2026-08-25 17:30:00,LINE_A,SHIFT_B,36.69,0.527,0.473,3.669,3.669,7.338
2026-08-25 17:45:00,LINE_A,SHIFT_B,36.58,0.527,0.473,3.658,3.658,7.316
2026-08-25 18:00:00,LINE_A,SHIFT_B,36.47,0.532,0.468,3.647,3.647,7.293
2026-08-25 18:15:00,LINE_A,SHIFT_B,36.35,0.532,0.468,3.635,3.635,7.27
2026-08-25 18:30:00,LINE_A,SHIFT_B,36.23,0.532,0.468,3.623,3.623,7.247
2026-08-25 18:45:00,LINE_A,SHIFT_B,36.12,0.532,0.468,3.612,3.612,7.224
2026-08-25 19:00:00,LINE_A,SHIFT_B,31.68,0.537,0.463,3.168,3.168,6.336
2026-08-25 19:15:00,LINE_A,SHIFT_B,31.58,0.537,0.463,3.158,3.158,6.315
2026-08-25 19:30:00,LINE_A,SHIFT_B,35.77,0.537,0.463,3.577,3.577,7.153
2026-08-25 19:45:00,LINE_A,SHIFT_B,35.65,0.537,0.463,3.565,3.565,7.13
2026-08-25 20:00:00,LINE_A,SHIFT_B,35.53,0.542,0.458,3.553,3.553,7.107
2026-08-25 20:15:00,LINE_A,SHIFT_B,35.42,0.542,0.458,3.542,3.542,7.084
2026-08-25 20:30:00,LINE_A,SHIFT_B,35.31,0.542,0.458,3.531,3.531,7.062
2026-08-25 20:45:00,LINE_A,SHIFT_B,35.2,0.542,0.458,3.52,3.52,7.041
2026-08-25 21:00:00,LINE_A,SHIFT_B,35.1,0.547,0.453,3.51,3.51,7.02
2026-08-25 21:15:00,LINE_A,SHIFT_B,35.0,0.547,0.453,3.5,3.5,7.0
2026-08-25 21:30:00,LINE_A,SHIFT_B,34.9,0.547,0.453,3.49,3.49,6.981
2026-08-25 21:45:00,LINE_A,SHIFT_B,34.81,0.547,0.453,3.481,3.481,6.963
2026-08-25 22:00:00,LINE_A,SHIFT_C,27.01,0.552,0.448,2.701,2.701,5.402
2026-08-25 22:15:00,LINE_A,SHIFT_C,26.95,0.552,0.448,2.695,2.695,5.389
2026-08-25 22:30:00,LINE_A,SHIFT_C,26.89,0.552,0.448,2.689,2.689,5.378
2026-08-25 22:45:00,LINE_A,SHIFT_C,26.84,0.552,0.448,2.684,2.684,5.367
2026-08-25 23:00:00,LINE_A,SHIFT_C,26.79,0.557,0.443,2.679,2.679,5.358
2026-08-25 23:15:00,LINE_A,SHIFT_C,26.74,0.557,0.443,2.674,2.674,5.349
2026-08-25 23:30:00,LINE_A,SHIFT_C,26.71,0.557,0.443,2.671,2.671,5.341
2026-08-25 23:45:00,LINE_A,SHIFT_C,26.67,0.557,0.443,2.667,2.667,5.335
2026-08-26 00:00:00,LINE_A,SHIFT_C,26.65,0.55,0.45,2.665,2.665,5.33
2026-08-26 00:15:00,LINE_A,SHIFT_C,26.63,0.55,0.45,2.663,2.663,5.325
2026-08-26 00:30:00,LINE_A,SHIFT_C,26.61,0.55,0.45,2.661,2.661,5.322
2026-08-26 00:45:00,LINE_A,SHIFT_C,26.6,0.55,0.45,2.66,2.66,5.321
2026-08-26 01:00:00,LINE_A,SHIFT_C,26.6,0.555,0.445,2.66,2.66,5.32
2026-08-26 01:15:00,LINE_A,SHIFT_C,26.6,0.555,0.445,2.66,2.66,5.321
2026-08-26 01:30:00,LINE_A,SHIFT_C,26.61,0.555,0.445,2.661,2.661,5.322
2026-08-26 01:45:00,LINE_A,SHIFT_C,26.63,0.555,0.445,2.663,2.663,5.325
2026-08-26 02:00:00,LINE_A,SHIFT_C,26.65,0.56,0.44,2.665,2.665,5.33
2026-08-26 02:15:00,LINE_A,SHIFT_C,26.67,0.56,0.44,2.667,2.667,5.335
2026-08-26 02:30:00,LINE_A,SHIFT_C,26.71,0.56,0.44,2.671,2.671,5.341
2026-08-26 02:45:00,LINE_A,SHIFT_C,26.74,0.56,0.44,2.674,2.674,5.349
2026-08-26 03:00:00,LINE_A,SHIFT_C,26.79,0.565,0.435,2.679,2.679,5.358
2026-08-26 03:15:00,LINE_A,SHIFT_C,26.84,0.565,0.435,2.684,2.684,5.367
2026-08-26 03:30:00,LINE_A,SHIFT_C,26.89,0.565,0.435,2.689,2.689,5.378
2026-08-26 03:45:00,LINE_A,SHIFT_C,26.95,0.565,0.435,2.695,2.695,5.389
2026-08-26 04:00:00,LINE_A,SHIFT_C,27.01,0.57,0.43,2.701,2.701,5.402
2026-08-26 04:15:00,LINE_A,SHIFT_C,27.08,0.57,0.43,2.708,2.708,5.415
2026-08-26 04:30:00,LINE_A,SHIFT_C,27.15,0.57,0.43,2.715,2.715,5.43
2026-08-26 04:45:00,LINE_A,SHIFT_C,27.22,0.57,0.43,2.722,2.722,5.444
2026-08-26 05:00:00,LINE_A,SHIFT_C,27.3,0.575,0.425,2.73,2.73,5.46
2026-08-26 05:15:00,LINE_A,SHIFT_C,27.38,0.575,0.425,2.738,2.738,5.476
2026-08-26 05:30:00,LINE_A,SHIFT_C,27.46,0.575,0.425,2.746,2.746,5.493
2026-08-26 05:45:00,LINE_A,SHIFT_C,27.55,0.575,0.425,2.755,2.755,5.51
2026-08-26 06:00:00,LINE_A,SHIFT_A,33.56,0.58,0.42,3.356,3.356,6.712
2026-08-26 06:15:00,LINE_A,SHIFT_A,33.67,0.58,0.42,3.367,3.367,6.734
2026-08-26 06:30:00,LINE_A,SHIFT_A,33.78,0.58,0.42,3.378,3.378,6.756
2026-08-26 06:45:00,LINE_A,SHIFT_A,33.89,0.58,0.42,3.389,3.389,6.778
2026-08-26 07:00:00,LINE_A,SHIFT_A,34.0,0.585,0.415,3.4,3.4,6.8
2026-08-26 07:15:00,LINE_A,SHIFT_A,34.11,0.585,0.415,3.411,3.411,6.822
2026-08-26 07:30:00,LINE_A,SHIFT_A,34.22,0.585,0.415,3.422,3.422,6.844
2026-08-26 07:45:00,LINE_A,SHIFT_A,34.33,0.585,0.415,3.433,3.433,6.866
2026-08-26 08:00:00,LINE_A,SHIFT_A,34.44,0.589,0.411,3.444,3.444,6.888
2026-08-26 08:15:00,LINE_A,SHIFT_A,34.55,0.589,0.411,3.455,3.455,6.909
2026-08-26 08:30:00,LINE_A,SHIFT_A,34.65,0.589,0.411,3.465,3.465,6.93
2026-08-26 08:45:00,LINE_A,SHIFT_A,34.75,0.589,0.411,3.475,3.475,6.95
2026-08-26 09:00:00,LINE_A,SHIFT_A,34.85,0.594,0.406,3.485,3.485,6.97
2026-08-26 09:15:00,LINE_A,SHIFT_A,34.94,0.594,0.406,3.494,3.494,6.989
2026-08-26 09:30:00,LINE_A,SHIFT_A,35.03,0.594,0.406,3.503,3.503,7.007
2026-08-26 09:45:00,LINE_A,SHIFT_A,35.12,0.594,0.406,3.512,3.512,7.024
2026-08-26 10:00:00,LINE_A,SHIFT_A,35.2,0.599,0.401,3.52,3.52,7.04
2026-08-26 10:15:00,LINE_A,SHIFT_A,35.28,0.599,0.401,3.528,3.528,7.056
2026-08-26 10:30:00,LINE_A,SHIFT_A,35.35,0.599,0.401,3.535,3.535,7.07
2026-08-26 10:45:00,LINE_A,SHIFT_A,35.41,0.599,0.401,3.541,3.541,7.083
2026-08-26 11:00:00,LINE_A,SHIFT_A,35.47,0.603,0.397,3.547,3.547,7.094
2026-08-26 11:15:00,LINE_A,SHIFT_A,35.52,0.603,0.397,3.552,3.552,7.105
2026-08-26 11:30:00,LINE_A,SHIFT_A,31.3,0.603,0.397,3.13,3.13,6.26
2026-08-26 11:45:00,LINE_A,SHIFT_A,31.34,0.603,0.397,3.134,3.134,6.267
2026-08-26 12:00:00,LINE_A,SHIFT_A,35.64,0.608,0.392,3.564,3.564,7.128
2026-08-26 12:15:00,LINE_A,SHIFT_A,35.67,0.608,0.392,3.567,3.567,7.133
2026-08-26 12:30:00,LINE_A,SHIFT_A,35.69,0.608,0.392,3.569,3.569,7.137
2026-08-26 12:45:00,LINE_A,SHIFT_A,35.7,0.608,0.392,3.57,3.57,7.139
2026-08-26 13:00:00,LINE_A,SHIFT_A,35.7,0.612,0.388,3.57,3.57,7.14
2026-08-26 13:15:00,LINE_A,SHIFT_A,35.7,0.612,0.388,3.57,3.57,7.139
2026-08-26 13:30:00,LINE_A,SHIFT_A,35.69,0.612,0.388,3.569,3.569,7.137
2026-08-26 13:45:00,LINE_A,SHIFT_A,35.67,0.612,0.388,3.567,3.567,7.133
2026-08-26 14:00:00,LINE_A,SHIFT_B,37.74,0.616,0.384,3.774,3.774,7.548
2026-08-26 14:15:00,LINE_A,SHIFT_B,37.7,0.616,0.384,3.77,3.77,7.541
2026-08-26 14:30:00,LINE_A,SHIFT_B,37.66,0.616,0.384,3.766,3.766,7.533
2026-08-26 14:45:00,LINE_A,SHIFT_B,37.61,0.616,0.384,3.761,3.761,7.523
2026-08-26 15:00:00,LINE_A,SHIFT_B,37.56,0.62,0.38,3.756,3.756,7.512
2026-08-26 15:15:00,LINE_A,SHIFT_B,37.5,0.62,0.38,3.75,3.75,7.499
2026-08-26 15:30:00,LINE_A,SHIFT_B,37.43,0.62,0.38,3.743,3.743,7.486
2026-08-26 15:45:00,LINE_A,SHIFT_B,37.35,0.62,0.38,3.735,3.735,7.471
2026-08-26 16:00:00,LINE_A,SHIFT_B,37.27,0.624,0.376,3.727,3.727,7.455
2026-08-26 16:15:00,LINE_A,SHIFT_B,37.19,0.624,0.376,3.719,3.719,7.437
2026-08-26 16:30:00,LINE_A,SHIFT_B,37.1,0.624,0.376,3.71,3.71,7.419
2026-08-26 16:45:00,LINE_A,SHIFT_B,37.0,0.624,0.376,3.7,3.7,7.4
2026-08-26 17:00:00,LINE_A,SHIFT_B,36.9,0.628,0.372,3.69,3.69,7.38
2026-08-26 17:15:00,LINE_A,SHIFT_B,36.8,0.628,0.372,3.68,3.68,7.359
2026-08-26 17:30:00,LINE_A,SHIFT_B,36.69,0.628,0.372,3.669,3.669,7.338
2026-08-26 17:45:00,LINE_A,SHIFT_B,36.58,0.628,0.372,3.658,3.658,7.316
2026-08-26 18:00:00,LINE_A,SHIFT_B,36.47,0.632,0.368,3.647,3.647,7.293
2026-08-26 18:15:00,LINE_A,SHIFT_B,36.35,0.632,0.368,3.635,3.635,7.27
2026-08-26 18:30:00,LINE_A,SHIFT_B,36.23,0.632,0.368,3.623,3.623,7.247
2026-08-26 18:45:00,LINE_A,SHIFT_B,36.12,0.632,0.368,3.612,3.612,7.224
2026-08-26 19:00:00,LINE_A,SHIFT_B,31.68,0.635,0.365,3.168,3.168,6.336
2026-08-26 19:15:00,LINE_A,SHIFT_B,31.58,0.635,0.365,3.158,3.158,6.315
2026-08-26 19:30:00,LINE_A,SHIFT_B,35.77,0.635,0.365,3.577,3.577,7.153
2026-08-26 19:45:00,LINE_A,SHIFT_B,35.65,0.635,0.365,3.565,3.565,7.13
2026-08-26 20:00:00,LINE_A,SHIFT_B,35.53,0.639,0.361,3.553,3.553,7.107
2026-08-26 20:15:00,LINE_A,SHIFT_B,35.42,0.639,0.361,3.542,3.542,7.084
2026-08-26 20:30:00,LINE_A,SHIFT_B,35.31,0.639,0.361,3.531,3.531,7.062
2026-08-26 20:45:00,LINE_A,SHIFT_B,35.2,0.639,0.361,3.52,3.52,7.041
2026-08-26 21:00:00,LINE_A,SHIFT_B,35.1,0.642,0.358,3.51,3.51,7.02
2026-08-26 21:15:00,LINE_A,SHIFT_B,35.0,0.642,0.358,3.5,3.5,7.0
2026-08-26 21:30:00,LINE_A,SHIFT_B,34.9,0.642,0.358,3.49,3.49,6.981
2026-08-26 21:45:00,LINE_A,SHIFT_B,34.81,0.642,0.358,3.481,3.481,6.963
2026-08-26 22:00:00,LINE_A,SHIFT_C,27.01,0.645,0.355,2.701,2.701,5.402
2026-08-26 22:15:00,LINE_A,SHIFT_C,26.95,0.645,0.355,2.695,2.695,5.389
2026-08-26 22:30:00,LINE_A,SHIFT_C,26.89,0.645,0.355,2.689,2.689,5.378
2026-08-26 22:45:00,LINE_A,SHIFT_C,26.84,0.645,0.355,2.684,2.684,5.367
2026-08-26 23:00:00,LINE_A,SHIFT_C,26.79,0.648,0.352,2.679,2.679,5.358
2026-08-26 23:15:00,LINE_A,SHIFT_C,26.74,0.648,0.352,2.674,2.674,5.349
2026-08-26 23:30:00,LINE_A,SHIFT_C,26.71,0.648,0.352,2.671,2.671,5.341
2026-08-26 23:45:00,LINE_A,SHIFT_C,26.67,0.648,0.352,2.667,2.667,5.335
2026-08-27 00:00:00,LINE_A,SHIFT_C,26.65,0.644,0.356,2.665,2.665,5.33
2026-08-27 00:15:00,LINE_A,SHIFT_C,26.63,0.644,0.356,2.663,2.663,5.325
2026-08-27 00:30:00,LINE_A,SHIFT_C,26.61,0.644,0.356,2.661,2.661,5.322
2026-08-27 00:45:00,LINE_A,SHIFT_C,26.6,0.644,0.356,2.66,2.66,5.321
2026-08-27 01:00:00,LINE_A,SHIFT_C,26.6,0.647,0.353,2.66,2.66,5.32
2026-08-27 01:15:00,LINE_A,SHIFT_C,26.6,0.647,0.353,2.66,2.66,5.321
2026-08-27 01:30:00,LINE_A,SHIFT_C,26.61,0.647,0.353,2.661,2.661,5.322
2026-08-27 01:45:00,LINE_A,SHIFT_C,26.63,0.647,0.353,2.663,2.663,5.325
2026-08-27 02:00:00,LINE_A,SHIFT_C,26.65,0.65,0.35,2.665,2.665,5.33
2026-08-27 02:15:00,LINE_A,SHIFT_C,26.67,0.65,0.35,2.667,2.667,5.335
2026-08-27 02:30:00,LINE_A,SHIFT_C,26.71,0.65,0.35,2.671,2.671,5.341
2026-08-27 02:45:00,LINE_A,SHIFT_C,26.74,0.65,0.35,2.674,2.674,5.349
2026-08-27 03:00:00,LINE_A,SHIFT_C,26.79,0.652,0.348,2.679,2.679,5.358
2026-08-27 03:15:00,LINE_A,SHIFT_C,26.84,0.652,0.348,2.684,2.684,5.367
2026-08-27 03:30:00,LINE_A,SHIFT_C,26.89,0.652,0.348,2.689,2.689,5.378
2026-08-27 03:45:00,LINE_A,SHIFT_C,26.95,0.652,0.348,2.695,2.695,5.389
2026-08-27 04:00:00,LINE_A,SHIFT_C,27.01,0.655,0.345,2.701,2.701,5.402
2026-08-27 04:15:00,LINE_A,SHIFT_C,27.08,0.655,0.345,2.708,2.708,5.415
2026-08-27 04:30:00,LINE_A,SHIFT_C,27.15,0.655,0.345,2.715,2.715,5.43
2026-08-27 04:45:00,LINE_A,SHIFT_C,27.22,0.655,0.345,2.722,2.722,5.444
2026-08-27 05:00:00,LINE_A,SHIFT_C,27.3,0.657,0.343,2.73,2.73,5.46
2026-08-27 05:15:00,LINE_A,SHIFT_C,27.38,0.657,0.343,2.738,2.738,5.476
2026-08-27 05:30:00,LINE_A,SHIFT_C,27.46,0.657,0.343,2.746,2.746,5.493
2026-08-27 05:45:00,LINE_A,SHIFT_C,27.55,0.657,0.343,2.755,2.755,5.51
2026-08-27 06:00:00,LINE_A,SHIFT_A,33.56,0.659,0.341,3.356,3.356,6.712
2026-08-27 06:15:00,LINE_A,SHIFT_A,33.67,0.659,0.341,3.367,3.367,6.734
2026-08-27 06:30:00,LINE_A,SHIFT_A,33.78,0.659,0.341,3.378,3.378,6.756
2026-08-27 06:45:00,LINE_A,SHIFT_A,33.89,0.659,0.341,3.389,3.389,6.778
2026-08-27 07:00:00,LINE_A,SHIFT_A,34.0,0.661,0.339,3.4,3.4,6.8
2026-08-27 07:15:00,LINE_A,SHIFT_A,34.11,0.661,0.339,3.411,3.411,6.822
2026-08-27 07:30:00,LINE_A,SHIFT_A,34.22,0.661,0.339,3.422,3.422,6.844
2026-08-27 07:45:00,LINE_A,SHIFT_A,34.33,0.661,0.339,3.433,3.433,6.866
2026-08-27 08:00:00,LINE_A,SHIFT_A,34.44,0.663,0.337,3.444,3.444,6.888
2026-08-27 08:15:00,LINE_A,SHIFT_A,34.55,0.663,0.337,3.455,3.455,6.909
2026-08-27 08:30:00,LINE_A,SHIFT_A,34.65,0.663,0.337,3.465,3.465,6.93
2026-08-27 08:45:00,LINE_A,SHIFT_A,34.75,0.663,0.337,3.475,3.475,6.95
2026-08-27 09:00:00,LINE_A,SHIFT_A,34.85,0.665,0.335,3.485,3.485,6.97
2026-08-27 09:15:00,LINE_A,SHIFT_A,34.94,0.665,0.335,3.494,3.494,6.989
2026-08-27 09:30:00,LINE_A,SHIFT_A,35.03,0.665,0.335,3.503,3.503,7.007
2026-08-27 09:45:00,LINE_A,SHIFT_A,35.12,0.665,0.335,3.512,3.512,7.024
2026-08-27 10:00:00,LINE_A,SHIFT_A,35.2,0.666,0.334,3.52,3.52,7.04
2026-08-27 10:15:00,LINE_A,SHIFT_A,35.28,0.666,0.334,3.528,3.528,7.056
2026-08-27 10:30:00,LINE_A,SHIFT_A,35.35,0.666,0.334,3.535,3.535,7.07
2026-08-27 10:45:00,LINE_A,SHIFT_A,35.41,0.666,0.334,3.541,3.541,7.083
2026-08-27 11:00:00,LINE_A,SHIFT_A,35.47,0.667,0.333,3.547,3.547,7.094
2026-08-27 11:15:00,LINE_A,SHIFT_A,35.52,0.667,0.333,3.552,3.552,7.105
2026-08-27 11:30:00,LINE_A,SHIFT_A,31.3,0.667,0.333,3.13,3.13,6.26
2026-08-27 11:45:00,LINE_A,SHIFT_A,31.34,0.667,0.333,3.134,3.134,6.267
2026-08-27 12:00:00,LINE_A,SHIFT_A,35.64,0.668,0.332,3.564,3.564,7.128
2026-08-27 12:15:00,LINE_A,SHIFT_A,35.67,0.668,0.332,3.567,3.567,7.133
2026-08-27 12:30:00,LINE_A,SHIFT_A,35.69,0.668,0.332,3.569,3.569,7.137
2026-08-27 12:45:00,LINE_A,SHIFT_A,35.7,0.668,0.332,3.57,3.57,7.139
2026-08-27 13:00:00,LINE_A,SHIFT_A,35.7,0.669,0.331,3.57,3.57,7.14
2026-08-27 13:15:00,LINE_A,SHIFT_A,35.7,0.669,0.331,3.57,3.57,7.139
2026-08-27 13:30:00,LINE_A,SHIFT_A,35.69,0.669,0.331,3.569,3.569,7.137
2026-08-27 13:45:00,LINE_A,SHIFT_A,35.67,0.669,0.331,3.567,3.567,7.133
2026-08-27 14:00:00,LINE_A,SHIFT_B,37.74,0.67,0.33,3.774,3.774,7.548
2026-08-27 14:15:00,LINE_A,SHIFT_B,37.7,0.67,0.33,3.77,3.77,7.541
2026-08-27 14:30:00,LINE_A,SHIFT_B,37.66,0.67,0.33,3.766,3.766,7.533
2026-08-27 14:45:00,LINE_A,SHIFT_B,37.61,0.67,0.33,3.761,3.761,7.523
2026-08-27 15:00:00,LINE_A,SHIFT_B,37.56,0.67,0.33,3.756,3.756,7.512
2026-08-27 15:15:00,LINE_A,SHIFT_B,37.5,0.67,0.33,3.75,3.75,7.499
2026-08-27 15:30:00,LINE_A,SHIFT_B,37.43,0.67,0.33,3.743,3.743,7.486
2026-08-27 15:45:00,LINE_A,SHIFT_B,37.35,0.67,0.33,3.735,3.735,7.471
2026-08-27 16:00:00,LINE_A,SHIFT_B,37.27,0.67,0.33,3.727,3.727,7.455
2026-08-27 16:15:00,LINE_A,SHIFT_B,37.19,0.67,0.33,3.719,3.719,7.437
2026-08-27 16:30:00,LINE_A,SHIFT_B,37.1,0.67,0.33,3.71,3.71,7.419
2026-08-27 16:45:00,LINE_A,SHIFT_B,37.0,0.67,0.33,3.7,3.7,7.4
2026-08-27 17:00:00,LINE_A,SHIFT_B,36.9,0.67,0.33,3.69,3.69,7.38
2026-08-27 17:15:00,LINE_A,SHIFT_B,36.8,0.67,0.33,3.68,3.68,7.359
2026-08-27 17:30:00,LINE_A,SHIFT_B,36.69,0.67,0.33,3.669,3.669,7.338
2026-08-27 17:45:00,LINE_A,SHIFT_B,36.58,0.67,0.33,3.658,3.658,7.316
2026-08-27 18:00:00,LINE_A,SHIFT_B,36.47,0.67,0.33,3.647,3.647,7.293
2026-08-27 18:15:00,LINE_A,SHIFT_B,36.35,0.67,0.33,3.635,3.635,7.27
2026-08-27 18:30:00,LINE_A,SHIFT_B,36.23,0.67,0.33,3.623,3.623,7.247
2026-08-27 18:45:00,LINE_A,SHIFT_B,36.12,0.67,0.33,3.612,3.612,7.224
2026-08-27 19:00:00,LINE_A,SHIFT_B,31.68,0.669,0.331,3.168,3.168,6.336
2026-08-27 19:15:00,LINE_A,SHIFT_B,31.58,0.669,0.331,3.158,3.158,6.315
2026-08-27 19:30:00,LINE_A,SHIFT_B,35.77,0.669,0.331,3.577,3.577,7.153
2026-08-27 19:45:00,LINE_A,SHIFT_B,35.65,0.669,0.331,3.565,3.565,7.13
2026-08-27 20:00:00,LINE_A,SHIFT_B,35.53,0.668,0.332,3.553,3.553,7.107
2026-08-27 20:15:00,LINE_A,SHIFT_B,35.42,0.668,0.332,3.542,3.542,7.084
2026-08-27 20:30:00,LINE_A,SHIFT_B,35.31,0.668,0.332,3.531,3.531,7.062
2026-08-27 20:45:00,LINE_A,SHIFT_B,35.2,0.668,0.332,3.52,3.52,7.041
2026-08-27 21:00:00,LINE_A,SHIFT_B,35.1,0.668,0.332,3.51,3.51,7.02
2026-08-27 21:15:00,LINE_A,SHIFT_B,35.0,0.668,0.332,3.5,3.5,7.0
2026-08-27 21:30:00,LINE_A,SHIFT_B,34.9,0.668,0.332,3.49,3.49,6.981
2026-08-27 21:45:00,LINE_A,SHIFT_B,34.81,0.668,0.332,3.481,3.481,6.963
2026-08-27 22:00:00,LINE_A,SHIFT_C,27.01,0.666,0.334,2.701,2.701,5.402
2026-08-27 22:15:00,LINE_A,SHIFT_C,26.95,0.666,0.334,2.695,2.695,5.389
2026-08-27 22:30:00,LINE_A,SHIFT_C,26.89,0.666,0.334,2.689,2.689,5.378
2026-08-27 22:45:00,LINE_A,SHIFT_C,26.84,0.666,0.334,2.684,2.684,5.367
2026-08-27 23:00:00,LINE_A,SHIFT_C,26.79,0.665,0.335,2.679,2.679,5.358
2026-08-27 23:15:00,LINE_A,SHIFT_C,26.74,0.665,0.335,2.674,2.674,5.349
2026-08-27 23:30:00,LINE_A,SHIFT_C,26.71,0.665,0.335,2.671,2.671,5.341
2026-08-27 23:45:00,LINE_A,SHIFT_C,26.67,0.665,0.335,2.667,2.667,5.335
2026-08-28 00:00:00,LINE_A,SHIFT_C,26.65,0.667,0.333,2.665,2.665,5.33
2026-08-28 00:15:00,LINE_A,SHIFT_C,26.63,0.667,0.333,2.663,2.663,5.325
2026-08-28 00:30:00,LINE_A,SHIFT_C,26.61,0.667,0.333,2.661,2.661,5.322
2026-08-28 00:45:00,LINE_A,SHIFT_C,26.6,0.667,0.333,2.66,2.66,5.321
2026-08-28 01:00:00,LINE_A,SHIFT_C,26.6,0.666,0.334,2.66,2.66,5.32
2026-08-28 01:15:00,LINE_A,SHIFT_C,26.6,0.666,0.334,2.66,2.66,5.321
2026-08-28 01:30:00,LINE_A,SHIFT_C,26.61,0.666,0.334,2.661,2.661,5.322
2026-08-28 01:45:00,LINE_A,SHIFT_C,26.63,0.666,0.334,2.663,2.663,5.325
2026-08-28 02:00:00,LINE_A,SHIFT_C,26.65,0.664,0.336,2.665,2.665,5.33
2026-08-28 02:15:00,LINE_A,SHIFT_C,26.67,0.664,0.336,2.667,2.667,5.335
2026-08-28 02:30:00,LINE_A,SHIFT_C,26.71,0.664,0.336,2.671,2.671,5.341
2026-08-28 02:45:00,LINE_A,SHIFT_C,26.74,0.664,0.336,2.674,2.674,5.349
2026-08-28 03:00:00,LINE_A,SHIFT_C,26.79,0.663,0.337,2.679,2.679,5.358
2026-08-28 03:15:00,LINE_A,SHIFT_C,26.84,0.663,0.337,2.684,2.684,5.367
2026-08-28 03:30:00,LINE_A,SHIFT_C,26.89,0.663,0.337,2.689,2.689,5.378
2026-08-28 03:45:00,LINE_A,SHIFT_C,26.95,0.663,0.337,2.695,2.695,5.389
2026-08-28 04:00:00,LINE_A,SHIFT_C,27.01,0.661,0.339,2.701,2.701,5.402
2026-08-28 04:15:00,LINE_A,SHIFT_C,27.08,0.661,0.339,2.708,2.708,5.415
2026-08-28 04:30:00,LINE_A,SHIFT_C,27.15,0.661,0.339,2.715,2.715,5.43
2026-08-28 04:45:00,LINE_A,SHIFT_C,27.22,0.661,0.339,2.722,2.722,5.444
2026-08-28 05:00:00,LINE_A,SHIFT_C,27.3,0.659,0.341,2.73,2.73,5.46
2026-08-28 05:15:00,LINE_A,SHIFT_C,27.38,0.659,0.341,2.738,2.738,5.476
2026-08-28 05:30:00,LINE_A,SHIFT_C,27.46,0.659,0.341,2.746,2.746,5.493
2026-08-28 05:45:00,LINE_A,SHIFT_C,27.55,0.659,0.341,2.755,2.755,5.51
2026-08-28 06:00:00,LINE_A,SHIFT_A,33.56,0.657,0.343,3.356,3.356,6.712
2026-08-28 06:15:00,LINE_A,SHIFT_A,33.67,0.657,0.343,3.367,3.367,6.734
2026-08-28 06:30:00,LINE_A,SHIFT_A,33.78,0.657,0.343,3.378,3.378,6.756
2026-08-28 06:45:00,LINE_A,SHIFT_A,33.89,0.657,0.343,3.389,3.389,6.778
2026-08-28 07:00:00,LINE_A,SHIFT_A,34.0,0.654,0.346,3.4,3.4,6.8
2026-08-28 07:15:00,LINE_A,SHIFT_A,34.11,0.654,0.346,3.411,3.411,6.822
2026-08-28 07:30:00,LINE_A,SHIFT_A,34.22,0.654,0.346,3.422,3.422,6.844
2026-08-28 07:45:00,LINE_A,SHIFT_A,34.33,0.654,0.346,3.433,3.433,6.866
2026-08-28 08:00:00,LINE_A,SHIFT_A,34.44,0.652,0.348,3.444,3.444,6.888
2026-08-28 08:15:00,LINE_A,SHIFT_A,34.55,0.652,0.348,3.455,3.455,6.909
2026-08-28 08:30:00,LINE_A,SHIFT_A,34.65,0.652,0.348,3.465,3.465,6.93
2026-08-28 08:45:00,LINE_A,SHIFT_A,34.75,0.652,0.348,3.475,3.475,6.95
2026-08-28 09:00:00,LINE_A,SHIFT_A,34.85,0.649,0.351,3.485,3.485,6.97
2026-08-28 09:15:00,LINE_A,SHIFT_A,34.94,0.649,0.351,3.494,3.494,6.989
2026-08-28 09:30:00,LINE_A,SHIFT_A,35.03,0.649,0.351,3.503,3.503,7.007
2026-08-28 09:45:00,LINE_A,SHIFT_A,35.12,0.649,0.351,3.512,3.512,7.024
2026-08-28 10:00:00,LINE_A,SHIFT_A,35.2,0.646,0.354,3.52,3.52,7.04
2026-08-28 10:15:00,LINE_A,SHIFT_A,35.28,0.646,0.354,3.528,3.528,7.056
2026-08-28 10:30:00,LINE_A,SHIFT_A,35.35,0.646,0.354,3.535,3.535,7.07
2026-08-28 10:45:00,LINE_A,SHIFT_A,35.41,0.646,0.354,3.541,3.541,7.083
2026-08-28 11:00:00,LINE_A,SHIFT_A,35.47,0.643,0.357,3.547,3.547,7.094
2026-08-28 11:15:00,LINE_A,SHIFT_A,35.52,0.643,0.357,3.552,3.552,7.105
2026-08-28 11:30:00,LINE_A,SHIFT_A,31.3,0.643,0.357,3.13,3.13,6.26
2026-08-28 11:45:00,LINE_A,SHIFT_A,31.34,0.643,0.357,3.134,3.134,6.267
2026-08-28 12:00:00,LINE_A,SHIFT_A,35.64,0.64,0.36,3.564,3.564,7.128
2026-08-28 12:15:00,LINE_A,SHIFT_A,35.67,0.64,0.36,3.567,3.567,7.133
2026-08-28 12:30:00,LINE_A,SHIFT_A,35.69,0.64,0.36,3.569,3.569,7.137
2026-08-28 12:45:00,LINE_A,SHIFT_A,35.7,0.64,0.36,3.57,3.57,7.139
2026-08-28 13:00:00,LINE_A,SHIFT_A,35.7,0.636,0.364,3.57,3.57,7.14
2026-08-28 13:15:00,LINE_A,SHIFT_A,35.7,0.636,0.364,3.57,3.57,7.139
2026-08-28 13:30:00,LINE_A,SHIFT_A,35.69,0.636,0.364,3.569,3.569,7.137
2026-08-28 13:45:00,LINE_A,SHIFT_A,35.67,0.636,0.364,3.567,3.567,7.133
2026-08-28 14:00:00,LINE_A,SHIFT_B,37.74,0.633,0.367,3.774,3.774,7.548
2026-08-28 14:15:00,LINE_A,SHIFT_B,37.7,0.633,0.367,3.77,3.77,7.541
2026-08-28 14:30:00,LINE_A,SHIFT_B,37.66,0.633,0.367,3.766,3.766,7.533
2026-08-28 14:45:00,LINE_A,SHIFT_B,37.61,0.633,0.367,3.761,3.761,7.523
2026-08-28 15:00:00,LINE_A,SHIFT_B,37.56,0.629,0.371,3.756,3.756,7.512
2026-08-28 15:15:00,LINE_A,SHIFT_B,37.5,0.629,0.371,3.75,3.75,7.499
2026-08-28 15:30:00,LINE_A,SHIFT_B,37.43,0.629,0.371,3.743,3.743,7.486
2026-08-28 15:45:00,LINE_A,SHIFT_B,37.35,0.629,0.371,3.735,3.735,7.471
2026-08-28 16:00:00,LINE_A,SHIFT_B,37.27,0.625,0.375,3.727,3.727,7.455
2026-08-28 16:15:00,LINE_A,SHIFT_B,37.19,0.625,0.375,3.719,3.719,7.437
2026-08-28 16:30:00,LINE_A,SHIFT_B,37.1,0.625,0.375,3.71,3.71,7.419
2026-08-28 16:45:00,LINE_A,SHIFT_B,37.0,0.625,0.375,3.7,3.7,7.4
2026-08-28 17:00:00,LINE_A,SHIFT_B,36.9,0.621,0.379,3.69,3.69,7.38
2026-08-28 17:15:00,LINE_A,SHIFT_B,36.8,0.621,0.379,3.68,3.68,7.359
2026-08-28 17:30:00,LINE_A,SHIFT_B,36.69,0.621,0.379,3.669,3.669,7.338
2026-08-28 17:45:00,LINE_A,SHIFT_B,36.58,0.621,0.379,3.658,3.658,7.316
2026-08-28 18:00:00,LINE_A,SHIFT_B,36.47,0.617,0.383,3.647,3.647,7.293
2026-08-28 18:15:00,LINE_A,SHIFT_B,36.35,0.617,0.383,3.635,3.635,7.27
2026-08-28 18:30:00,LINE_A,SHIFT_B,36.23,0.617,0.383,3.623,3.623,7.247
2026-08-28 18:45:00,LINE_A,SHIFT_B,36.12,0.617,0.383,3.612,3.612,7.224
2026-08-28 19:00:00,LINE_A,SHIFT_B,31.68,0.613,0.387,3.168,3.168,6.336
2026-08-28 19:15:00,LINE_A,SHIFT_B,31.58,0.613,0.387,3.158,3.158,6.315
2026-08-28 19:30:00,LINE_A,SHIFT_B,35.77,0.613,0.387,3.577,3.577,7.153
2026-08-28 19:45:00,LINE_A,SHIFT_B,35.65,0.613,0.387,3.565,3.565,7.13
2026-08-28 20:00:00,LINE_A,SHIFT_B,35.53,0.609,0.391,3.553,3.553,7.107
2026-08-28 20:15:00,LINE_A,SHIFT_B,35.42,0.609,0.391,3.542,3.542,7.084
2026-08-28 20:30:00,LINE_A,SHIFT_B,35.31,0.609,0.391,3.531,3.531,7.062
2026-08-28 20:45:00,LINE_A,SHIFT_B,35.2,0.609,0.391,3.52,3.52,7.041
2026-08-28 21:00:00,LINE_A,SHIFT_B,35.1,0.604,0.396,3.51,3.51,7.02
2026-08-28 21:15:00,LINE_A,SHIFT_B,35.0,0.604,0.396,3.5,3.5,7.0
2026-08-28 21:30:00,LINE_A,SHIFT_B,34.9,0.604,0.396,3.49,3.49,6.981
2026-08-28 21:45:00,LINE_A,SHIFT_B,34.81,0.604,0.396,3.481,3.481,6.963
2026-08-28 22:00:00,LINE_A,SHIFT_C,27.01,0.6,0.4,2.701,2.701,5.402
2026-08-28 22:15:00,LINE_A,SHIFT_C,26.95,0.6,0.4,2.695,2.695,5.389
2026-08-28 22:30:00,LINE_A,SHIFT_C,26.89,0.6,0.4,2.689,2.689,5.378
2026-08-28 22:45:00,LINE_A,SHIFT_C,26.84,0.6,0.4,2.684,2.684,5.367
2026-08-28 23:00:00,LINE_A,SHIFT_C,26.79,0.595,0.405,2.679,2.679,5.358
2026-08-28 23:15:00,LINE_A,SHIFT_C,26.74,0.595,0.405,2.674,2.674,5.349
2026-08-28 23:30:00,LINE_A,SHIFT_C,26.71,0.595,0.405,2.671,2.671,5.341
2026-08-28 23:45:00,LINE_A,SHIFT_C,26.67,0.595,0.405,2.667,2.667,5.335
2026-08-29 00:00:00,LINE_A,SHIFT_C,21.85,0.602,0.398,2.185,2.185,4.37
2026-08-29 00:15:00,LINE_A,SHIFT_C,21.83,0.602,0.398,2.183,2.183,4.367
2026-08-29 00:30:00,LINE_A,SHIFT_C,21.82,0.602,0.398,2.182,2.182,4.364
2026-08-29 00:45:00,LINE_A,SHIFT_C,21.81,0.602,0.398,2.181,2.181,4.363
2026-08-29 01:00:00,LINE_A,SHIFT_C,21.81,0.598,0.402,2.181,2.181,4.362
2026-08-29 01:15:00,LINE_A,SHIFT_C,21.81,0.598,0.402,2.181,2.181,4.363
2026-08-29 01:30:00,LINE_A,SHIFT_C,21.82,0.598,0.402,2.182,2.182,4.364
2026-08-29 01:45:00,LINE_A,SHIFT_C,21.83,0.598,0.402,2.183,2.183,4.367
2026-08-29 02:00:00,LINE_A,SHIFT_C,21.85,0.593,0.407,2.185,2.185,4.37
2026-08-29 02:15:00,LINE_A,SHIFT_C,21.87,0.593,0.407,2.187,2.187,4.375
2026-08-29 02:30:00,LINE_A,SHIFT_C,21.9,0.593,0.407,2.19,2.19,4.38
2026-08-29 02:45:00,LINE_A,SHIFT_C,21.93,0.593,0.407,2.193,2.193,4.386
2026-08-29 03:00:00,LINE_A,SHIFT_C,21.97,0.588,0.412,2.197,2.197,4.393
2026-08-29 03:15:00,LINE_A,SHIFT_C,22.01,0.588,0.412,2.201,2.201,4.401
2026-08-29 03:30:00,LINE_A,SHIFT_C,22.05,0.588,0.412,2.205,2.205,4.41
2026-08-29 03:45:00,LINE_A,SHIFT_C,22.1,0.588,0.412,2.21,2.21,4.419
2026-08-29 04:00:00,LINE_A,SHIFT_C,22.15,0.583,0.417,2.215,2.215,4.43
2026-08-29 04:15:00,LINE_A,SHIFT_C,22.2,0.583,0.417,2.22,2.22,4.441
2026-08-29 04:30:00,LINE_A,SHIFT_C,22.26,0.583,0.417,2.226,2.226,4.452
2026-08-29 04:45:00,LINE_A,SHIFT_C,22.32,0.583,0.417,2.232,2.232,4.464
2026-08-29 05:00:00,LINE_A,SHIFT_C,22.39,0.579,0.421,2.239,2.239,4.477
2026-08-29 05:15:00,LINE_A,SHIFT_C,22.45,0.579,0.421,2.245,2.245,4.49
2026-08-29 05:30:00,LINE_A,SHIFT_C,22.52,0.579,0.421,2.252,2.252,4.504
2026-08-29 05:45:00,LINE_A,SHIFT_C,22.59,0.579,0.421,2.259,2.259,4.518
2026-08-29 06:00:00,LINE_A,SHIFT_A,27.52,0.574,0.426,2.752,2.752,5.504
2026-08-29 06:15:00,LINE_A,SHIFT_A,27.61,0.574,0.426,2.761,2.761,5.522
2026-08-29 06:30:00,LINE_A,SHIFT_A,27.7,0.574,0.426,2.77,2.77,5.54
2026-08-29 06:45:00,LINE_A,SHIFT_A,27.79,0.574,0.426,2.779,2.779,5.558
2026-08-29 07:00:00,LINE_A,SHIFT_A,27.88,0.569,0.431,2.788,2.788,5.576
2026-08-29 07:15:00,LINE_A,SHIFT_A,27.97,0.569,0.431,2.797,2.797,5.594
2026-08-29 07:30:00,LINE_A,SHIFT_A,28.06,0.569,0.431,2.806,2.806,5.612
2026-08-29 07:45:00,LINE_A,SHIFT_A,28.15,0.569,0.431,2.815,2.815,5.63
2026-08-29 08:00:00,LINE_A,SHIFT_A,28.24,0.564,0.436,2.824,2.824,5.648
2026-08-29 08:15:00,LINE_A,SHIFT_A,28.33,0.564,0.436,2.833,2.833,5.666
2026-08-29 08:30:00,LINE_A,SHIFT_A,28.41,0.564,0.436,2.841,2.841,5.683
2026-08-29 08:45:00,LINE_A,SHIFT_A,28.5,0.564,0.436,2.85,2.85,5.699
2026-08-29 09:00:00,LINE_A,SHIFT_A,28.58,0.559,0.441,2.858,2.858,5.715
2026-08-29 09:15:00,LINE_A,SHIFT_A,28.65,0.559,0.441,2.865,2.865,5.731
2026-08-29 09:30:00,LINE_A,SHIFT_A,28.73,0.559,0.441,2.873,2.873,5.746
2026-08-29 09:45:00,LINE_A,SHIFT_A,28.8,0.559,0.441,2.88,2.88,5.76
2026-08-29 10:00:00,LINE_A,SHIFT_A,28.87,0.554,0.446,2.887,2.887,5.773
2026-08-29 10:15:00,LINE_A,SHIFT_A,28.93,0.554,0.446,2.893,2.893,5.786
2026-08-29 10:30:00,LINE_A,SHIFT_A,28.99,0.554,0.446,2.899,2.899,5.797
2026-08-29 10:45:00,LINE_A,SHIFT_A,29.04,0.554,0.446,2.904,2.904,5.808
2026-08-29 11:00:00,LINE_A,SHIFT_A,29.09,0.549,0.451,2.909,2.909,5.817
2026-08-29 11:15:00,LINE_A,SHIFT_A,29.13,0.549,0.451,2.913,2.913,5.826
2026-08-29 11:30:00,LINE_A,SHIFT_A,25.67,0.549,0.451,2.567,2.567,5.134
2026-08-29 11:45:00,LINE_A,SHIFT_A,25.7,0.549,0.451,2.57,2.57,5.139
2026-08-29 12:00:00,LINE_A,SHIFT_A,29.23,0.544,0.456,2.923,2.923,5.845
2026-08-29 12:15:00,LINE_A,SHIFT_A,29.25,0.544,0.456,2.925,2.925,5.849
2026-08-29 12:30:00,LINE_A,SHIFT_A,29.26,0.544,0.456,2.926,2.926,5.852
2026-08-29 12:45:00,LINE_A,SHIFT_A,29.27,0.544,0.456,2.927,2.927,5.854
2026-08-29 13:00:00,LINE_A,SHIFT_A,29.27,0.539,0.461,2.927,2.927,5.855
2026-08-29 13:15:00,LINE_A,SHIFT_A,29.27,0.539,0.461,2.927,2.927,5.854
2026-08-29 13:30:00,LINE_A,SHIFT_A,29.26,0.539,0.461,2.926,2.926,5.852
2026-08-29 13:45:00,LINE_A,SHIFT_A,29.25,0.539,0.461,2.925,2.925,5.849
2026-08-29 14:00:00,LINE_A,SHIFT_B,30.95,0.534,0.466,3.095,3.095,6.189
2026-08-29 14:15:00,LINE_A,SHIFT_B,30.92,0.534,0.466,3.092,3.092,6.184
2026-08-29 14:30:00,LINE_A,SHIFT_B,30.88,0.534,0.466,3.088,3.088,6.177
2026-08-29 14:45:00,LINE_A,SHIFT_B,30.84,0.534,0.466,3.084,3.084,6.169
2026-08-29 15:00:00,LINE_A,SHIFT_B,30.8,0.529,0.471,3.08,3.08,6.16
2026-08-29 15:15:00,LINE_A,SHIFT_B,30.75,0.529,0.471,3.075,3.075,6.149
2026-08-29 15:30:00,LINE_A,SHIFT_B,30.69,0.529,0.471,3.069,3.069,6.138
2026-08-29 15:45:00,LINE_A,SHIFT_B,30.63,0.529,0.471,3.063,3.063,6.126
2026-08-29 16:00:00,LINE_A,SHIFT_B,30.56,0.524,0.476,3.056,3.056,6.113
2026-08-29 16:15:00,LINE_A,SHIFT_B,30.49,0.524,0.476,3.049,3.049,6.099
2026-08-29 16:30:00,LINE_A,SHIFT_B,30.42,0.524,0.476,3.042,3.042,6.084
2026-08-29 16:45:00,LINE_A,SHIFT_B,30.34,0.524,0.476,3.034,3.034,6.068
2026-08-29 17:00:00,LINE_A,SHIFT_B,30.26,0.519,0.481,3.026,3.026,6.052
2026-08-29 17:15:00,LINE_A,SHIFT_B,30.17,0.519,0.481,3.017,3.017,6.035
2026-08-29 17:30:00,LINE_A,SHIFT_B,30.08,0.519,0.481,3.008,3.008,6.017
2026-08-29 17:45:00,LINE_A,SHIFT_B,29.99,0.519,0.481,2.999,2.999,5.999
2026-08-29 18:00:00,LINE_A,SHIFT_B,29.9,0.514,0.486,2.99,2.99,5.98
2026-08-29 18:15:00,LINE_A,SHIFT_B,29.81,0.514,0.486,2.981,2.981,5.962
2026-08-29 18:30:00,LINE_A,SHIFT_B,29.71,0.514,0.486,2.971,2.971,5.943
2026-08-29 18:45:00,LINE_A,SHIFT_B,29.62,0.514,0.486,2.962,2.962,5.923
2026-08-29 19:00:00,LINE_A,SHIFT_B,25.98,0.51,0.49,2.598,2.598,5.196
2026-08-29 19:15:00,LINE_A,SHIFT_B,25.89,0.51,0.49,2.589,2.589,5.179
2026-08-29 19:30:00,LINE_A,SHIFT_B,29.33,0.51,0.49,2.933,2.933,5.865
2026-08-29 19:45:00,LINE_A,SHIFT_B,29.23,0.51,0.49,2.923,2.923,5.846
2026-08-29 20:00:00,LINE_A,SHIFT_B,29.14,0.505,0.495,2.914,2.914,5.828
2026-08-29 20:15:00,LINE_A,SHIFT_B,29.05,0.505,0.495,2.905,2.905,5.809
2026-08-29 20:30:00,LINE_A,SHIFT_B,28.96,0.505,0.495,2.896,2.896,5.791
2026-08-29 20:45:00,LINE_A,SHIFT_B,28.87,0.505,0.495,2.887,2.887,5.773
2026-08-29 21:00:00,LINE_A,SHIFT_B,28.78,0.5,0.5,2.878,2.878,5.756
2026-08-29 21:15:00,LINE_A,SHIFT_B,28.7,0.5,0.5,2.87,2.87,5.74
2026-08-29 21:30:00,LINE_A,SHIFT_B,28.62,0.5,0.5,2.862,2.862,5.724
2026-08-29 21:45:00,LINE_A,SHIFT_B,28.55,0.5,0.5,2.855,2.855,5.709
2026-08-29 22:00:00,LINE_A,SHIFT_C,22.15,0.496,0.504,2.215,2.215,4.43
2026-08-29 22:15:00,LINE_A,SHIFT_C,22.1,0.496,0.504,2.21,2.21,4.419
2026-08-29 22:30:00,LINE_A,SHIFT_C,22.05,0.496,0.504,2.205,2.205,4.41
2026-08-29 22:45:00,LINE_A,SHIFT_C,22.01,0.496,0.504,2.201,2.201,4.401
2026-08-29 23:00:00,LINE_A,SHIFT_C,21.97,0.491,0.509,2.197,2.197,4.393
2026-08-29 23:15:00,LINE_A,SHIFT_C,21.93,0.491,0.509,2.193,2.193,4.386
2026-08-29 23:30:00,LINE_A,SHIFT_C,21.9,0.491,0.509,2.19,2.19,4.38
2026-08-29 23:45:00,LINE_A,SHIFT_C,21.87,0.491,0.509,2.187,2.187,4.375
2026-08-30 00:00:00,LINE_A,SHIFT_C,21.85,0.498,0.502,2.185,2.185,4.37
2026-08-30 00:15:00,LINE_A,SHIFT_C,21.83,0.498,0.502,2.183,2.183,4.367
2026-08-30 00:30:00,LINE_A,SHIFT_C,21.82,0.498,0.502,2.182,2.182,4.364
2026-08-30 00:45:00,LINE_A,SHIFT_C,21.81,0.498,0.502,2.181,2.181,4.363
2026-08-30 01:00:00,LINE_A,SHIFT_C,21.81,0.493,0.507,2.181,2.181,4.362
2026-08-30 01:15:00,LINE_A,SHIFT_C,21.81,0.493,0.507,2.181,2.181,4.363
2026-08-30 01:30:00,LINE_A,SHIFT_C,21.82,0.493,0.507,2.182,2.182,4.364
2026-08-30 01:45:00,LINE_A,SHIFT_C,21.83,0.493,0.507,2.183,2.183,4.367
2026-08-30 02:00:00,LINE_A,SHIFT_C,21.85,0.489,0.511,2.185,2.185,4.37
2026-08-30 02:15:00,LINE_A,SHIFT_C,21.87,0.489,0.511,2.187,2.187,4.375
2026-08-30 02:30:00,LINE_A,SHIFT_C,21.9,0.489,0.511,2.19,2.19,4.38
2026-08-30 02:45:00,LINE_A,SHIFT_C,21.93,0.489,0.511,2.193,2.193,4.386
2026-08-30 03:00:00,LINE_A,SHIFT_C,21.97,0.485,0.515,2.197,2.197,4.393
2026-08-30 03:15:00,LINE_A,SHIFT_C,22.01,0.485,0.515,2.201,2.201,4.401
2026-08-30 03:30:00,LINE_A,SHIFT_C,22.05,0.485,0.515,2.205,2.205,4.41
2026-08-30 03:45:00,LINE_A,SHIFT_C,22.1,0.485,0.515,2.21,2.21,4.419
2026-08-30 04:00:00,LINE_A,SHIFT_C,22.15,0.481,0.519,2.215,2.215,4.43
2026-08-30 04:15:00,LINE_A,SHIFT_C,22.2,0.481,0.519,2.22,2.22,4.441
2026-08-30 04:30:00,LINE_A,SHIFT_C,22.26,0.481,0.519,2.226,2.226,4.452
2026-08-30 04:45:00,LINE_A,SHIFT_C,22.32,0.481,0.519,2.232,2.232,4.464
2026-08-30 05:00:00,LINE_A,SHIFT_C,22.39,0.477,0.523,2.239,2.239,4.477
2026-08-30 05:15:00,LINE_A,SHIFT_C,22.45,0.477,0.523,2.245,2.245,4.49
2026-08-30 05:30:00,LINE_A,SHIFT_C,22.52,0.477,0.523,2.252,2.252,4.504
2026-08-30 05:45:00,LINE_A,SHIFT_C,22.59,0.477,0.523,2.259,2.259,4.518
2026-08-30 06:00:00,LINE_A,SHIFT_A,27.52,0.473,0.527,2.752,2.752,5.504
2026-08-30 06:15:00,LINE_A,SHIFT_A,27.61,0.473,0.527,2.761,2.761,5.522
2026-08-30 06:30:00,LINE_A,SHIFT_A,27.7,0.473,0.527,2.77,2.77,5.54
2026-08-30 06:45:00,LINE_A,SHIFT_A,27.79,0.473,0.527,2.779,2.779,5.558
2026-08-30 07:00:00,LINE_A,SHIFT_A,27.88,0.469,0.531,2.788,2.788,5.576
2026-08-30 07:15:00,LINE_A,SHIFT_A,27.97,0.469,0.531,2.797,2.797,5.594
2026-08-30 07:30:00,LINE_A,SHIFT_A,28.06,0.469,0.531,2.806,2.806,5.612
2026-08-30 07:45:00,LINE_A,SHIFT_A,28.15,0.469,0.531,2.815,2.815,5.63
2026-08-30 08:00:00,LINE_A,SHIFT_A,28.24,0.465,0.535,2.824,2.824,5.648
2026-08-30 08:15:00,LINE_A,SHIFT_A,28.33,0.465,0.535,2.833,2.833,5.666
2026-08-30 08:30:00,LINE_A,SHIFT_A,28.41,0.465,0.535,2.841,2.841,5.683
2026-08-30 08:45:00,LINE_A,SHIFT_A,28.5,0.465,0.535,2.85,2.85,5.699
2026-08-30 09:00:00,LINE_A,SHIFT_A,28.58,0.462,0.538,2.858,2.858,5.715
2026-08-30 09:15:00,LINE_A,SHIFT_A,28.65,0.462,0.538,2.865,2.865,5.731
2026-08-30 09:30:00,LINE_A,SHIFT_A,28.73,0.462,0.538,2.873,2.873,5.746
2026-08-30 09:45:00,LINE_A,SHIFT_A,28.8,0.462,0.538,2.88,2.88,5.76
2026-08-30 10:00:00,LINE_A,SHIFT_A,28.87,0.459,0.541,2.887,2.887,5.773
2026-08-30 10:15:00,LINE_A,SHIFT_A,28.93,0.459,0.541,2.893,2.893,5.786
2026-08-30 10:30:00,LINE_A,SHIFT_A,28.99,0.459,0.541,2.899,2.899,5.797
2026-08-30 10:45:00,LINE_A,SHIFT_A,29.04,0.459,0.541,2.904,2.904,5.808
2026-08-30 11:00:00,LINE_A,SHIFT_A,29.09,0.455,0.545,2.909,2.909,5.817
2026-08-30 11:15:00,LINE_A,SHIFT_A,29.13,0.455,0.545,2.913,2.913,5.826
2026-08-30 11:30:00,LINE_A,SHIFT_A,25.67,0.455,0.545,2.567,2.567,5.134
2026-08-30 11:45:00,LINE_A,SHIFT_A,25.7,0.455,0.545,2.57,2.57,5.139
2026-08-30 12:00:00,LINE_A,SHIFT_A,29.23,0.452,0.548,2.923,2.923,5.845
2026-08-30 12:15:00,LINE_A,SHIFT_A,29.25,0.452,0.548,2.925,2.925,5.849
2026-08-30 12:30:00,LINE_A,SHIFT_A,29.26,0.452,0.548,2.926,2.926,5.852
2026-08-30 12:45:00,LINE_A,SHIFT_A,29.27,0.452,0.548,2.927,2.927,5.854
2026-08-30 13:00:00,LINE_A,SHIFT_A,29.27,0.45,0.55,2.927,2.927,5.855
2026-08-30 13:15:00,LINE_A,SHIFT_A,29.27,0.45,0.55,2.927,2.927,5.854
2026-08-30 13:30:00,LINE_A,SHIFT_A,29.26,0.45,0.55,2.926,2.926,5.852
2026-08-30 13:45:00,LINE_A,SHIFT_A,29.25,0.45,0.55,2.925,2.925,5.849
2026-08-30 14:00:00,LINE_A,SHIFT_B,30.95,0.447,0.553,3.095,3.095,6.189
2026-08-30 14:15:00,LINE_A,SHIFT_B,30.92,0.447,0.553,3.092,3.092,6.184
2026-08-30 14:30:00,LINE_A,SHIFT_B,30.88,0.447,0.553,3.088,3.088,6.177
2026-08-30 14:45:00,LINE_A,SHIFT_B,30.84,0.447,0.553,3.084,3.084,6.169
2026-08-30 15:00:00,LINE_A,SHIFT_B,30.8,0.445,0.555,3.08,3.08,6.16
2026-08-30 15:15:00,LINE_A,SHIFT_B,30.75,0.445,0.555,3.075,3.075,6.149
2026-08-30 15:30:00,LINE_A,SHIFT_B,30.69,0.445,0.555,3.069,3.069,6.138
2026-08-30 15:45:00,LINE_A,SHIFT_B,30.63,0.445,0.555,3.063,3.063,6.126
2026-08-30 16:00:00,LINE_A,SHIFT_B,30.56,0.442,0.558,3.056,3.056,6.113
2026-08-30 16:15:00,LINE_A,SHIFT_B,30.49,0.442,0.558,3.049,3.049,6.099
2026-08-30 16:30:00,LINE_A,SHIFT_B,30.42,0.442,0.558,3.042,3.042,6.084
2026-08-30 16:45:00,LINE_A,SHIFT_B,30.34,0.442,0.558,3.034,3.034,6.068
2026-08-30 17:00:00,LINE_A,SHIFT_B,30.26,0.44,0.56,3.026,3.026,6.052
2026-08-30 17:15:00,LINE_A,SHIFT_B,30.17,0.44,0.56,3.017,3.017,6.035
2026-08-30 17:30:00,LINE_A,SHIFT_B,30.08,0.44,0.56,3.008,3.008,6.017
2026-08-30 17:45:00,LINE_A,SHIFT_B,29.99,0.44,0.56,2.999,2.999,5.999
2026-08-30 18:00:00,LINE_A,SHIFT_B,29.9,0.438,0.562,2.99,2.99,5.98
2026-08-30 18:15:00,LINE_A,SHIFT_B,29.81,0.438,0.562,2.981,2.981,5.962
2026-08-30 18:30:00,LINE_A,SHIFT_B,29.71,0.438,0.562,2.971,2.971,5.943
2026-08-30 18:45:00,LINE_A,SHIFT_B,29.62,0.438,0.562,2.962,2.962,5.923
2026-08-30 19:00:00,LINE_A,SHIFT_B,25.98,0.436,0.564,2.598,2.598,5.196
2026-08-30 19:15:00,LINE_A,SHIFT_B,25.89,0.436,0.564,2.589,2.589,5.179
2026-08-30 19:30:00,LINE_A,SHIFT_B,29.33,0.436,0.564,2.933,2.933,5.865
2026-08-30 19:45:00,LINE_A,SHIFT_B,29.23,0.436,0.564,2.923,2.923,5.846
2026-08-30 20:00:00,LINE_A,SHIFT_B,29.14,0.435,0.565,2.914,2.914,5.828
2026-08-30 20:15:00,LINE_A,SHIFT_B,29.05,0.435,0.565,2.905,2.905,5.809
2026-08-30 20:30:00,LINE_A,SHIFT_B,28.96,0.435,0.565,2.896,2.896,5.791
2026-08-30 20:45:00,LINE_A,SHIFT_B,28.87,0.435,0.565,2.887,2.887,5.773
2026-08-30 21:00:00,LINE_A,SHIFT_B,28.78,0.434,0.566,2.878,2.878,5.756
2026-08-30 21:15:00,LINE_A,SHIFT_B,28.7,0.434,0.566,2.87,2.87,5.74
2026-08-30 21:30:00,LINE_A,SHIFT_B,28.62,0.434,0.566,2.862,2.862,5.724
2026-08-30 21:45:00,LINE_A,SHIFT_B,28.55,0.434,0.566,2.855,2.855,5.709
2026-08-30 22:00:00,LINE_A,SHIFT_C,22.15,0.433,0.567,2.215,2.215,4.43
2026-08-30 22:15:00,LINE_A,SHIFT_C,22.1,0.433,0.567,2.21,2.21,4.419
2026-08-30 22:30:00,LINE_A,SHIFT_C,22.05,0.433,0.567,2.205,2.205,4.41
2026-08-30 22:45:00,LINE_A,SHIFT_C,22.01,0.433,0.567,2.201,2.201,4.401
2026-08-30 23:00:00,LINE_A,SHIFT_C,21.97,0.432,0.568,2.197,2.197,4.393
2026-08-30 23:15:00,LINE_A,SHIFT_C,21.93,0.432,0.568,2.193,2.193,4.386
2026-08-30 23:30:00,LINE_A,SHIFT_C,21.9,0.432,0.568,2.19,2.19,4.38
2026-08-30 23:45:00,LINE_A,SHIFT_C,21.87,0.432,0.568,2.187,2.187,4.375
2026-08-31 00:00:00,LINE_A,SHIFT_C,26.65,0.433,0.567,2.665,2.665,5.33
2026-08-31 00:15:00,LINE_A,SHIFT_C,26.63,0.433,0.567,2.663,2.663,5.325
2026-08-31 00:30:00,LINE_A,SHIFT_C,26.61,0.433,0.567,2.661,2.661,5.322
2026-08-31 00:45:00,LINE_A,SHIFT_C,26.6,0.433,0.567,2.66,2.66,5.321
2026-08-31 01:00:00,LINE_A,SHIFT_C,26.6,0.432,0.568,2.66,2.66,5.32
2026-08-31 01:15:00,LINE_A,SHIFT_C,26.6,0.432,0.568,2.66,2.66,5.321
2026-08-31 01:30:00,LINE_A,SHIFT_C,26.61,0.432,0.568,2.661,2.661,5.322
2026-08-31 01:45:00,LINE_A,SHIFT_C,26.63,0.432,0.568,2.663,2.663,5.325
2026-08-31 02:00:00,LINE_A,SHIFT_C,26.65,0.431,0.569,2.665,2.665,5.33
2026-08-31 02:15:00,LINE_A,SHIFT_C,26.67,0.431,0.569,2.667,2.667,5.335
2026-08-31 02:30:00,LINE_A,SHIFT_C,26.71,0.431,0.569,2.671,2.671,5.341
2026-08-31 02:45:00,LINE_A,SHIFT_C,26.74,0.431,0.569,2.674,2.674,5.349
2026-08-31 03:00:00,LINE_A,SHIFT_C,26.79,0.431,0.569,2.679,2.679,5.358
2026-08-31 03:15:00,LINE_A,SHIFT_C,26.84,0.431,0.569,2.684,2.684,5.367
2026-08-31 03:30:00,LINE_A,SHIFT_C,26.89,0.431,0.569,2.689,2.689,5.378
2026-08-31 03:45:00,LINE_A,SHIFT_C,26.95,0.431,0.569,2.695,2.695,5.389
2026-08-31 04:00:00,LINE_A,SHIFT_C,27.01,0.43,0.57,2.701,2.701,5.402
2026-08-31 04:15:00,LINE_A,SHIFT_C,27.08,0.43,0.57,2.708,2.708,5.415
2026-08-31 04:30:00,LINE_A,SHIFT_C,27.15,0.43,0.57,2.715,2.715,5.43
2026-08-31 04:45:00,LINE_A,SHIFT_C,27.22,0.43,0.57,2.722,2.722,5.444
2026-08-31 05:00:00,LINE_A,SHIFT_C,27.3,0.43,0.57,2.73,2.73,5.46
2026-08-31 05:15:00,LINE_A,SHIFT_C,27.38,0.43,0.57,2.738,2.738,5.476
2026-08-31 05:30:00,LINE_A,SHIFT_C,27.46,0.43,0.57,2.746,2.746,5.493
2026-08-31 05:45:00,LINE_A,SHIFT_C,27.55,0.43,0.57,2.755,2.755,5.51
2026-08-31 06:00:00,LINE_A,SHIFT_A,33.56,0.43,0.57,3.356,3.356,6.712
2026-08-31 06:15:00,LINE_A,SHIFT_A,33.67,0.43,0.57,3.367,3.367,6.734
2026-08-31 06:30:00,LINE_A,SHIFT_A,33.78,0.43,0.57,3.378,3.378,6.756
2026-08-31 06:45:00,LINE_A,SHIFT_A,33.89,0.43,0.57,3.389,3.389,6.778
2026-08-31 07:00:00,LINE_A,SHIFT_A,34.0,0.43,0.57,3.4,3.4,6.8
2026-08-31 07:15:00,LINE_A,SHIFT_A,34.11,0.43,0.57,3.411,3.411,6.822
2026-08-31 07:30:00,LINE_A,SHIFT_A,34.22,0.43,0.57,3.422,3.422,6.844
2026-08-31 07:45:00,LINE_A,SHIFT_A,34.33,0.43,0.57,3.433,3.433,6.866
2026-08-31 08:00:00,LINE_A,SHIFT_A,34.44,0.431,0.569,3.444,3.444,6.888
2026-08-31 08:15:00,LINE_A,SHIFT_A,34.55,0.431,0.569,3.455,3.455,6.909
2026-08-31 08:30:00,LINE_A,SHIFT_A,34.65,0.431,0.569,3.465,3.465,6.93
2026-08-31 08:45:00,LINE_A,SHIFT_A,34.75,0.431,0.569,3.475,3.475,6.95
2026-08-31 09:00:00,LINE_A,SHIFT_A,34.85,0.431,0.569,3.485,3.485,6.97
2026-08-31 09:15:00,LINE_A,SHIFT_A,34.94,0.431,0.569,3.494,3.494,6.989
2026-08-31 09:30:00,LINE_A,SHIFT_A,35.03,0.431,0.569,3.503,3.503,7.007
2026-08-31 09:45:00,LINE_A,SHIFT_A,35.12,0.431,0.569,3.512,3.512,7.024
2026-08-31 10:00:00,LINE_A,SHIFT_A,35.2,0.432,0.568,3.52,3.52,7.04
2026-08-31 10:15:00,LINE_A,SHIFT_A,35.28,0.432,0.568,3.528,3.528,7.056
2026-08-31 10:30:00,LINE_A,SHIFT_A,35.35,0.432,0.568,3.535,3.535,7.07
2026-08-31 10:45:00,LINE_A,SHIFT_A,35.41,0.432,0.568,3.541,3.541,7.083
2026-08-31 11:00:00,LINE_A,SHIFT_A,35.47,0.433,0.567,3.547,3.547,7.094
2026-08-31 11:15:00,LINE_A,SHIFT_A,35.52,0.433,0.567,3.552,3.552,7.105
2026-08-31 11:30:00,LINE_A,SHIFT_A,31.3,0.433,0.567,3.13,3.13,6.26
2026-08-31 11:45:00,LINE_A,SHIFT_A,31.34,0.433,0.567,3.134,3.134,6.267
2026-08-31 12:00:00,LINE_A,SHIFT_A,35.64,0.435,0.565,3.564,3.564,7.128
2026-08-31 12:15:00,LINE_A,SHIFT_A,35.67,0.435,0.565,3.567,3.567,7.133
2026-08-31 12:30:00,LINE_A,SHIFT_A,35.69,0.435,0.565,3.569,3.569,7.137
2026-08-31 12:45:00,LINE_A,SHIFT_A,35.7,0.435,0.565,3.57,3.57,7.139
2026-08-31 13:00:00,LINE_A,SHIFT_A,35.7,0.436,0.564,3.57,3.57,7.14
2026-08-31 13:15:00,LINE_A,SHIFT_A,35.7,0.436,0.564,3.57,3.57,7.139
2026-08-31 13:30:00,LINE_A,SHIFT_A,35.69,0.436,0.564,3.569,3.569,7.137
2026-08-31 13:45:00,LINE_A,SHIFT_A,35.67,0.436,0.564,3.567,3.567,7.133
2026-08-31 14:00:00,LINE_A,SHIFT_B,37.74,0.438,0.562,3.774,3.774,7.548
2026-08-31 14:15:00,LINE_A,SHIFT_B,37.7,0.438,0.562,3.77,3.77,7.541
2026-08-31 14:30:00,LINE_A,SHIFT_B,37.66,0.438,0.562,3.766,3.766,7.533
2026-08-31 14:45:00,LINE_A,SHIFT_B,37.61,0.438,0.562,3.761,3.761,7.523
2026-08-31 15:00:00,LINE_A,SHIFT_B,37.56,0.44,0.56,3.756,3.756,7.512
2026-08-31 15:15:00,LINE_A,SHIFT_B,37.5,0.44,0.56,3.75,3.75,7.499
2026-08-31 15:30:00,LINE_A,SHIFT_B,37.43,0.44,0.56,3.743,3.743,7.486
2026-08-31 15:45:00,LINE_A,SHIFT_B,37.35,0.44,0.56,3.735,3.735,7.471
2026-08-31 16:00:00,LINE_A,SHIFT_B,37.27,0.442,0.558,3.727,3.727,7.455
2026-08-31 16:15:00,LINE_A,SHIFT_B,37.19,0.442,0.558,3.719,3.719,7.437
2026-08-31 16:30:00,LINE_A,SHIFT_B,37.1,0.442,0.558,3.71,3.71,7.419
2026-08-31 16:45:00,LINE_A,SHIFT_B,37.0,0.442,0.558,3.7,3.7,7.4
2026-08-31 17:00:00,LINE_A,SHIFT_B,36.9,0.444,0.556,3.69,3.69,7.38
2026-08-31 17:15:00,LINE_A,SHIFT_B,36.8,0.444,0.556,3.68,3.68,7.359
2026-08-31 17:30:00,LINE_A,SHIFT_B,36.69,0.444,0.556,3.669,3.669,7.338
2026-08-31 17:45:00,LINE_A,SHIFT_B,36.58,0.444,0.556,3.658,3.658,7.316
2026-08-31 18:00:00,LINE_A,SHIFT_B,36.47,0.446,0.554,3.647,3.647,7.293
2026-08-31 18:15:00,LINE_A,SHIFT_B,36.35,0.446,0.554,3.635,3.635,7.27
2026-08-31 18:30:00,LINE_A,SHIFT_B,36.23,0.446,0.554,3.623,3.623,7.247
2026-08-31 18:45:00,LINE_A,SHIFT_B,36.12,0.446,0.554,3.612,3.612,7.224
2026-08-31 19:00:00,LINE_A,SHIFT_B,31.68,0.449,0.551,3.168,3.168,6.336
2026-08-31 19:15:00,LINE_A,SHIFT_B,31.58,0.449,0.551,3.158,3.158,6.315
2026-08-31 19:30:00,LINE_A,SHIFT_B,35.77,0.449,0.551,3.577,3.577,7.153
2026-08-31 19:45:00,LINE_A,SHIFT_B,35.65,0.449,0.551,3.565,3.565,7.13
2026-08-31 20:00:00,LINE_A,SHIFT_B,35.53,0.452,0.548,3.553,3.553,7.107
2026-08-31 20:15:00,LINE_A,SHIFT_B,35.42,0.452,0.548,3.542,3.542,7.084
2026-08-31 20:30:00,LINE_A,SHIFT_B,35.31,0.452,0.548,3.531,3.531,7.062
2026-08-31 20:45:00,LINE_A,SHIFT_B,35.2,0.452,0.548,3.52,3.52,7.041
2026-08-31 21:00:00,LINE_A,SHIFT_B,35.1,0.455,0.545,3.51,3.51,7.02
2026-08-31 21:15:00,LINE_A,SHIFT_B,35.0,0.455,0.545,3.5,3.5,7.0
2026-08-31 21:30:00,LINE_A,SHIFT_B,34.9,0.455,0.545,3.49,3.49,6.981
2026-08-31 21:45:00,LINE_A,SHIFT_B,34.81,0.455,0.545,3.481,3.481,6.963
2026-08-31 22:00:00,LINE_A,SHIFT_C,27.01,0.458,0.542,2.701,2.701,5.402
2026-08-31 22:15:00,LINE_A,SHIFT_C,26.95,0.458,0.542,2.695,2.695,5.389
2026-08-31 22:30:00,LINE_A,SHIFT_C,26.89,0.458,0.542,2.689,2.689,5.378
2026-08-31 22:45:00,LINE_A,SHIFT_C,26.84,0.458,0.542,2.684,2.684,5.367
2026-08-31 23:00:00,LINE_A,SHIFT_C,26.79,0.461,0.539,2.679,2.679,5.358
2026-08-31 23:15:00,LINE_A,SHIFT_C,26.74,0.461,0.539,2.674,2.674,5.349
2026-08-31 23:30:00,LINE_A,SHIFT_C,26.71,0.461,0.539,2.671,2.671,5.341
2026-08-31 23:45:00,LINE_A,SHIFT_C,26.67,0.461,0.539,2.667,2.667,5.335
2026-09-01 00:00:00,LINE_A,SHIFT_C,26.65,0.456,0.544,2.665,2.665,5.33
2026-09-01 00:15:00,LINE_A,SHIFT_C,26.63,0.456,0.544,2.663,2.663,5.325
2026-09-01 00:30:00,LINE_A,SHIFT_C,26.61,0.456,0.544,2.661,2.661,5.322
2026-09-01 00:45:00,LINE_A,SHIFT_C,26.6,0.456,0.544,2.66,2.66,5.321
2026-09-01 01:00:00,LINE_A,SHIFT_C,26.6,0.459,0.541,2.66,2.66,5.32
2026-09-01 01:15:00,LINE_A,SHIFT_C,26.6,0.459,0.541,2.66,2.66,5.321
2026-09-01 01:30:00,LINE_A,SHIFT_C,26.61,0.459,0.541,2.661,2.661,5.322
2026-09-01 01:45:00,LINE_A,SHIFT_C,26.63,0.459,0.541,2.663,2.663,5.325
2026-09-01 02:00:00,LINE_A,SHIFT_C,26.65,0.463,0.537,2.665,2.665,5.33
2026-09-01 02:15:00,LINE_A,SHIFT_C,26.67,0.463,0.537,2.667,2.667,5.335
2026-09-01 02:30:00,LINE_A,SHIFT_C,26.71,0.463,0.537,2.671,2.671,5.341
2026-09-01 02:45:00,LINE_A,SHIFT_C,26.74,0.463,0.537,2.674,2.674,5.349
2026-09-01 03:00:00,LINE_A,SHIFT_C,26.79,0.466,0.534,2.679,2.679,5.358
2026-09-01 03:15:00,LINE_A,SHIFT_C,26.84,0.466,0.534,2.684,2.684,5.367
2026-09-01 03:30:00,LINE_A,SHIFT_C,26.89,0.466,0.534,2.689,2.689,5.378
2026-09-01 03:45:00,LINE_A,SHIFT_C,26.95,0.466,0.534,2.695,2.695,5.389
2026-09-01 04:00:00,LINE_A,SHIFT_C,27.01,0.47,0.53,2.701,2.701,5.402
2026-09-01 04:15:00,LINE_A,SHIFT_C,27.08,0.47,0.53,2.708,2.708,5.415
2026-09-01 04:30:00,LINE_A,SHIFT_C,27.15,0.47,0.53,2.715,2.715,5.43
2026-09-01 04:45:00,LINE_A,SHIFT_C,27.22,0.47,0.53,2.722,2.722,5.444
2026-09-01 05:00:00,LINE_A,SHIFT_C,27.3,0.474,0.526,2.73,2.73,5.46
2026-09-01 05:15:00,LINE_A,SHIFT_C,27.38,0.474,0.526,2.738,2.738,5.476
2026-09-01 05:30:00,LINE_A,SHIFT_C,27.46,0.474,0.526,2.746,2.746,5.493
2026-09-01 05:45:00,LINE_A,SHIFT_C,27.55,0.474,0.526,2.755,2.755,5.51
2026-09-01 06:00:00,LINE_A,SHIFT_A,33.56,0.478,0.522,3.356,3.356,6.712
2026-09-01 06:15:00,LINE_A,SHIFT_A,33.67,0.478,0.522,3.367,3.367,6.734
2026-09-01 06:30:00,LINE_A,SHIFT_A,33.78,0.478,0.522,3.378,3.378,6.756
2026-09-01 06:45:00,LINE_A,SHIFT_A,33.89,0.478,0.522,3.389,3.389,6.778
2026-09-01 07:00:00,LINE_A,SHIFT_A,34.0,0.482,0.518,3.4,3.4,6.8
2026-09-01 07:15:00,LINE_A,SHIFT_A,34.11,0.482,0.518,3.411,3.411,6.822
2026-09-01 07:30:00,LINE_A,SHIFT_A,34.22,0.482,0.518,3.422,3.422,6.844
2026-09-01 07:45:00,LINE_A,SHIFT_A,34.33,0.482,0.518,3.433,3.433,6.866
2026-09-01 08:00:00,LINE_A,SHIFT_A,34.44,0.486,0.514,3.444,3.444,6.888
2026-09-01 08:15:00,LINE_A,SHIFT_A,34.55,0.486,0.514,3.455,3.455,6.909
2026-09-01 08:30:00,LINE_A,SHIFT_A,34.65,0.486,0.514,3.465,3.465,6.93
2026-09-01 08:45:00,LINE_A,SHIFT_A,34.75,0.486,0.514,3.475,3.475,6.95
2026-09-01 09:00:00,LINE_A,SHIFT_A,34.85,0.49,0.51,3.485,3.485,6.97
2026-09-01 09:15:00,LINE_A,SHIFT_A,34.94,0.49,0.51,3.494,3.494,6.989
2026-09-01 09:30:00,LINE_A,SHIFT_A,35.03,0.49,0.51,3.503,3.503,7.007
2026-09-01 09:45:00,LINE_A,SHIFT_A,35.12,0.49,0.51,3.512,3.512,7.024
2026-09-01 10:00:00,LINE_A,SHIFT_A,35.2,0.494,0.506,3.52,3.52,7.04
2026-09-01 10:15:00,LINE_A,SHIFT_A,35.28,0.494,0.506,3.528,3.528,7.056
2026-09-01 10:30:00,LINE_A,SHIFT_A,35.35,0.494,0.506,3.535,3.535,7.07
2026-09-01 10:45:00,LINE_A,SHIFT_A,35.41,0.494,0.506,3.541,3.541,7.083
2026-09-01 11:00:00,LINE_A,SHIFT_A,35.47,0.499,0.501,3.547,3.547,7.094
2026-09-01 11:15:00,LINE_A,SHIFT_A,35.52,0.499,0.501,3.552,3.552,7.105
2026-09-01 11:30:00,LINE_A,SHIFT_A,31.3,0.499,0.501,3.13,3.13,6.26
2026-09-01 11:45:00,LINE_A,SHIFT_A,31.34,0.499,0.501,3.134,3.134,6.267
2026-09-01 12:00:00,LINE_A,SHIFT_A,35.64,0.504,0.496,3.564,3.564,7.128
2026-09-01 12:15:00,LINE_A,SHIFT_A,35.67,0.504,0.496,3.567,3.567,7.133
2026-09-01 12:30:00,LINE_A,SHIFT_A,35.69,0.504,0.496,3.569,3.569,7.137
2026-09-01 12:45:00,LINE_A,SHIFT_A,35.7,0.504,0.496,3.57,3.57,7.139
2026-09-01 13:00:00,LINE_A,SHIFT_A,35.7,0.508,0.492,3.57,3.57,7.14
2026-09-01 13:15:00,LINE_A,SHIFT_A,35.7,0.508,0.492,3.57,3.57,7.139
2026-09-01 13:30:00,LINE_A,SHIFT_A,35.69,0.508,0.492,3.569,3.569,7.137
2026-09-01 13:45:00,LINE_A,SHIFT_A,35.67,0.508,0.492,3.567,3.567,7.133
2026-09-01 14:00:00,LINE_A,SHIFT_B,37.74,0.513,0.487,3.774,3.774,7.548
2026-09-01 14:15:00,LINE_A,SHIFT_B,37.7,0.513,0.487,3.77,3.77,7.541
2026-09-01 14:30:00,LINE_A,SHIFT_B,37.66,0.513,0.487,3.766,3.766,7.533
2026-09-01 14:45:00,LINE_A,SHIFT_B,37.61,0.513,0.487,3.761,3.761,7.523
2026-09-01 15:00:00,LINE_A,SHIFT_B,37.56,0.518,0.482,3.756,3.756,7.512
2026-09-01 15:15:00,LINE_A,SHIFT_B,37.5,0.518,0.482,3.75,3.75,7.499
2026-09-01 15:30:00,LINE_A,SHIFT_B,37.43,0.518,0.482,3.743,3.743,7.486
2026-09-01 15:45:00,LINE_A,SHIFT_B,37.35,0.518,0.482,3.735,3.735,7.471
2026-09-01 16:00:00,LINE_A,SHIFT_B,37.27,0.523,0.477,3.727,3.727,7.455
2026-09-01 16:15:00,LINE_A,SHIFT_B,37.19,0.523,0.477,3.719,3.719,7.437
2026-09-01 16:30:00,LINE_A,SHIFT_B,37.1,0.523,0.477,3.71,3.71,7.419
2026-09-01 16:45:00,LINE_A,SHIFT_B,37.0,0.523,0.477,3.7,3.7,7.4
2026-09-01 17:00:00,LINE_A,SHIFT_B,36.9,0.527,0.473,3.69,3.69,7.38
2026-09-01 17:15:00,LINE_A,SHIFT_B,36.8,0.527,0.473,3.68,3.68,7.359
2026-09-01 17:30:00,LINE_A,SHIFT_B,36.69,0.527,0.473,3.669,3.669,7.338
2026-09-01 17:45:00,LINE_A,SHIFT_B,36.58,0.527,0.473,3.658,3.658,7.316
2026-09-01 18:00:00,LINE_A,SHIFT_B,36.47,0.532,0.468,3.647,3.647,7.293
2026-09-01 18:15:00,LINE_A,SHIFT_B,36.35,0.532,0.468,3.635,3.635,7.27
2026-09-01 18:30:00,LINE_A,SHIFT_B,36.23,0.532,0.468,3.623,3.623,7.247
2026-09-01 18:45:00,LINE_A,SHIFT_B,36.12,0.532,0.468,3.612,3.612,7.224
2026-09-01 19:00:00,LINE_A,SHIFT_B,31.68,0.537,0.463,3.168,3.168,6.336
2026-09-01 19:15:00,LINE_A,SHIFT_B,31.58,0.537,0.463,3.158,3.158,6.315
2026-09-01 19:30:00,LINE_A,SHIFT_B,35.77,0.537,0.463,3.577,3.577,7.153
2026-09-01 19:45:00,LINE_A,SHIFT_B,35.65,0.537,0.463,3.565,3.565,7.13
2026-09-01 20:00:00,LINE_A,SHIFT_B,35.53,0.542,0.458,3.553,3.553,7.107
2026-09-01 20:15:00,LINE_A,SHIFT_B,35.42,0.542,0.458,3.542,3.542,7.084
2026-09-01 20:30:00,LINE_A,SHIFT_B,35.31,0.542,0.458,3.531,3.531,7.062
2026-09-01 20:45:00,LINE_A,SHIFT_B,35.2,0.542,0.458,3.52,3.52,7.041
2026-09-01 21:00:00,LINE_A,SHIFT_B,35.1,0.547,0.453,3.51,3.51,7.02
2026-09-01 21:15:00,LINE_A,SHIFT_B,35.0,0.547,0.453,3.5,3.5,7.0
2026-09-01 21:30:00,LINE_A,SHIFT_B,34.9,0.547,0.453,3.49,3.49,6.981
2026-09-01 21:45:00,LINE_A,SHIFT_B,34.81,0.547,0.453,3.481,3.481,6.963
2026-09-01 22:00:00,LINE_A,SHIFT_C,27.01,0.552,0.448,2.701,2.701,5.402
2026-09-01 22:15:00,LINE_A,SHIFT_C,26.95,0.552,0.448,2.695,2.695,5.389
2026-09-01 22:30:00,LINE_A,SHIFT_C,26.89,0.552,0.448,2.689,2.689,5.378
2026-09-01 22:45:00,LINE_A,SHIFT_C,26.84,0.552,0.448,2.684,2.684,5.367
2026-09-01 23:00:00,LINE_A,SHIFT_C,26.79,0.557,0.443,2.679,2.679,5.358
2026-09-01 23:15:00,LINE_A,SHIFT_C,26.74,0.557,0.443,2.674,2.674,5.349
2026-09-01 23:30:00,LINE_A,SHIFT_C,26.71,0.557,0.443,2.671,2.671,5.341
2026-09-01 23:45:00,LINE_A,SHIFT_C,26.67,0.557,0.443,2.667,2.667,5.335
2026-09-02 00:00:00,LINE_A,SHIFT_C,26.65,0.55,0.45,2.665,2.665,5.33
2026-09-02 00:15:00,LINE_A,SHIFT_C,26.63,0.55,0.45,2.663,2.663,5.325
2026-09-02 00:30:00,LINE_A,SHIFT_C,26.61,0.55,0.45,2.661,2.661,5.322
2026-09-02 00:45:00,LINE_A,SHIFT_C,26.6,0.55,0.45,2.66,2.66,5.321
2026-09-02 01:00:00,LINE_A,SHIFT_C,26.6,0.555,0.445,2.66,2.66,5.32
2026-09-02 01:15:00,LINE_A,SHIFT_C,26.6,0.555,0.445,2.66,2.66,5.321
2026-09-02 01:30:00,LINE_A,SHIFT_C,26.61,0.555,0.445,2.661,2.661,5.322
2026-09-02 01:45:00,LINE_A,SHIFT_C,26.63,0.555,0.445,2.663,2.663,5.325
2026-09-02 02:00:00,LINE_A,SHIFT_C,26.65,0.56,0.44,2.665,2.665,5.33
2026-09-02 02:15:00,LINE_A,SHIFT_C,26.67,0.56,0.44,2.667,2.667,5.335
2026-09-02 02:30:00,LINE_A,SHIFT_C,26.71,0.56,0.44,2.671,2.671,5.341
2026-09-02 02:45:00,LINE_A,SHIFT_C,26.74,0.56,0.44,2.674,2.674,5.349
2026-09-02 03:00:00,LINE_A,SHIFT_C,26.79,0.565,0.435,2.679,2.679,5.358
2026-09-02 03:15:00,LINE_A,SHIFT_C,26.84,0.565,0.435,2.684,2.684,5.367
2026-09-02 03:30:00,LINE_A,SHIFT_C,26.89,0.565,0.435,2.689,2.689,5.378
2026-09-02 03:45:00,LINE_A,SHIFT_C,26.95,0.565,0.435,2.695,2.695,5.389
2026-09-02 04:00:00,LINE_A,SHIFT_C,27.01,0.57,0.43,2.701,2.701,5.402
2026-09-02 04:15:00,LINE_A,SHIFT_C,27.08,0.57,0.43,2.708,2.708,5.415
2026-09-02 04:30:00,LINE_A,SHIFT_C,27.15,0.57,0.43,2.715,2.715,5.43
2026-09-02 04:45:00,LINE_A,SHIFT_C,27.22,0.57,0.43,2.722,2.722,5.444
2026-09-02 05:00:00,LINE_A,SHIFT_C,27.3,0.575,0.425,2.73,2.73,5.46
2026-09-02 05:15:00,LINE_A,SHIFT_C,27.38,0.575,0.425,2.738,2.738,5.476
2026-09-02 05:30:00,LINE_A,SHIFT_C,27.46,0.575,0.425,2.746,2.746,5.493
2026-09-02 05:45:00,LINE_A,SHIFT_C,27.55,0.575,0.425,2.755,2.755,5.51
2026-09-02 06:00:00,LINE_A,SHIFT_A,33.56,0.58,0.42,3.356,3.356,6.712
2026-09-02 06:15:00,LINE_A,SHIFT_A,33.67,0.58,0.42,3.367,3.367,6.734
2026-09-02 06:30:00,LINE_A,SHIFT_A,33.78,0.58,0.42,3.378,3.378,6.756
2026-09-02 06:45:00,LINE_A,SHIFT_A,33.89,0.58,0.42,3.389,3.389,6.778
2026-09-02 07:00:00,LINE_A,SHIFT_A,34.0,0.585,0.415,3.4,3.4,6.8
2026-09-02 07:15:00,LINE_A,SHIFT_A,34.11,0.585,0.415,3.411,3.411,6.822
2026-09-02 07:30:00,LINE_A,SHIFT_A,34.22,0.585,0.415,3.422,3.422,6.844
2026-09-02 07:45:00,LINE_A,SHIFT_A,34.33,0.585,0.415,3.433,3.433,6.866
2026-09-02 08:00:00,LINE_A,SHIFT_A,34.44,0.589,0.411,3.444,3.444,6.888
2026-09-02 08:15:00,LINE_A,SHIFT_A,34.55,0.589,0.411,3.455,3.455,6.909
2026-09-02 08:30:00,LINE_A,SHIFT_A,34.65,0.589,0.411,3.465,3.465,6.93
2026-09-02 08:45:00,LINE_A,SHIFT_A,34.75,0.589,0.411,3.475,3.475,6.95
2026-09-02 09:00:00,LINE_A,SHIFT_A,34.85,0.594,0.406,3.485,3.485,6.97
2026-09-02 09:15:00,LINE_A,SHIFT_A,34.94,0.594,0.406,3.494,3.494,6.989
2026-09-02 09:30:00,LINE_A,SHIFT_A,35.03,0.594,0.406,3.503,3.503,7.007
2026-09-02 09:45:00,LINE_A,SHIFT_A,35.12,0.594,0.406,3.512,3.512,7.024
2026-09-02 10:00:00,LINE_A,SHIFT_A,35.2,0.599,0.401,3.52,3.52,7.04
2026-09-02 10:15:00,LINE_A,SHIFT_A,35.28,0.599,0.401,3.528,3.528,7.056
2026-09-02 10:30:00,LINE_A,SHIFT_A,35.35,0.599,0.401,3.535,3.535,7.07
2026-09-02 10:45:00,LINE_A,SHIFT_A,35.41,0.599,0.401,3.541,3.541,7.083
2026-09-02 11:00:00,LINE_A,SHIFT_A,35.47,0.603,0.397,3.547,3.547,7.094
2026-09-02 11:15:00,LINE_A,SHIFT_A,35.52,0.603,0.397,3.552,3.552,7.105
2026-09-02 11:30:00,LINE_A,SHIFT_A,31.3,0.603,0.397,3.13,3.13,6.26
2026-09-02 11:45:00,LINE_A,SHIFT_A,31.34,0.603,0.397,3.134,3.134,6.267
2026-09-02 12:00:00,LINE_A,SHIFT_A,35.64,0.608,0.392,3.564,3.564,7.128
2026-09-02 12:15:00,LINE_A,SHIFT_A,35.67,0.608,0.392,3.567,3.567,7.133
2026-09-02 12:30:00,LINE_A,SHIFT_A,35.69,0.608,0.392,3.569,3.569,7.137
2026-09-02 12:45:00,LINE_A,SHIFT_A,35.7,0.608,0.392,3.57,3.57,7.139
2026-09-02 13:00:00,LINE_A,SHIFT_A,35.7,0.612,0.388,3.57,3.57,7.14
2026-09-02 13:15:00,LINE_A,SHIFT_A,35.7,0.612,0.388,3.57,3.57,7.139
2026-09-02 13:30:00,LINE_A,SHIFT_A,35.69,0.612,0.388,3.569,3.569,7.137
2026-09-02 13:45:00,LINE_A,SHIFT_A,35.67,0.612,0.388,3.567,3.567,7.133
2026-09-02 14:00:00,LINE_A,SHIFT_B,37.74,0.616,0.384,3.774,3.774,7.548
2026-09-02 14:15:00,LINE_A,SHIFT_B,37.7,0.616,0.384,3.77,3.77,7.541
2026-09-02 14:30:00,LINE_A,SHIFT_B,37.66,0.616,0.384,3.766,3.766,7.533
2026-09-02 14:45:00,LINE_A,SHIFT_B,37.61,0.616,0.384,3.761,3.761,7.523
2026-09-02 15:00:00,LINE_A,SHIFT_B,37.56,0.62,0.38,3.756,3.756,7.512
2026-09-02 15:15:00,LINE_A,SHIFT_B,37.5,0.62,0.38,3.75,3.75,7.499
2026-09-02 15:30:00,LINE_A,SHIFT_B,37.43,0.62,0.38,3.743,3.743,7.486
2026-09-02 15:45:00,LINE_A,SHIFT_B,37.35,0.62,0.38,3.735,3.735,7.471
2026-09-02 16:00:00,LINE_A,SHIFT_B,37.27,0.624,0.376,3.727,3.727,7.455
2026-09-02 16:15:00,LINE_A,SHIFT_B,37.19,0.624,0.376,3.719,3.719,7.437
2026-09-02 16:30:00,LINE_A,SHIFT_B,37.1,0.624,0.376,3.71,3.71,7.419
2026-09-02 16:45:00,LINE_A,SHIFT_B,37.0,0.624,0.376,3.7,3.7,7.4
2026-09-02 17:00:00,LINE_A,SHIFT_B,36.9,0.628,0.372,3.69,3.69,7.38
2026-09-02 17:15:00,LINE_A,SHIFT_B,36.8,0.628,0.372,3.68,3.68,7.359
2026-09-02 17:30:00,LINE_A,SHIFT_B,36.69,0.628,0.372,3.669,3.669,7.338
2026-09-02 17:45:00,LINE_A,SHIFT_B,36.58,0.628,0.372,3.658,3.658,7.316
2026-09-02 18:00:00,LINE_A,SHIFT_B,36.47,0.632,0.368,3.647,3.647,7.293
2026-09-02 18:15:00,LINE_A,SHIFT_B,36.35,0.632,0.368,3.635,3.635,7.27
2026-09-02 18:30:00,LINE_A,SHIFT_B,36.23,0.632,0.368,3.623,3.623,7.247
2026-09-02 18:45:00,LINE_A,SHIFT_B,36.12,0.632,0.368,3.612,3.612,7.224
2026-09-02 19:00:00,LINE_A,SHIFT_B,31.68,0.635,0.365,3.168,3.168,6.336
2026-09-02 19:15:00,LINE_A,SHIFT_B,31.58,0.635,0.365,3.158,3.158,6.315
2026-09-02 19:30:00,LINE_A,SHIFT_B,35.77,0.635,0.365,3.577,3.577,7.153
2026-09-02 19:45:00,LINE_A,SHIFT_B,35.65,0.635,0.365,3.565,3.565,7.13
2026-09-02 20:00:00,LINE_A,SHIFT_B,35.53,0.639,0.361,3.553,3.553,7.107
2026-09-02 20:15:00,LINE_A,SHIFT_B,35.42,0.639,0.361,3.542,3.542,7.084
2026-09-02 20:30:00,LINE_A,SHIFT_B,35.31,0.639,0.361,3.531,3.531,7.062
2026-09-02 20:45:00,LINE_A,SHIFT_B,35.2,0.639,0.361,3.52,3.52,7.041
2026-09-02 21:00:00,LINE_A,SHIFT_B,35.1,0.642,0.358,3.51,3.51,7.02
2026-09-02 21:15:00,LINE_A,SHIFT_B,35.0,0.642,0.358,3.5,3.5,7.0
2026-09-02 21:30:00,LINE_A,SHIFT_B,34.9,0.642,0.358,3.49,3.49,6.981
2026-09-02 21:45:00,LINE_A,SHIFT_B,34.81,0.642,0.358,3.481,3.481,6.963
2026-09-02 22:00:00,LINE_A,SHIFT_C,27.01,0.645,0.355,2.701,2.701,5.402
2026-09-02 22:15:00,LINE_A,SHIFT_C,26.95,0.645,0.355,2.695,2.695,5.389
2026-09-02 22:30:00,LINE_A,SHIFT_C,26.89,0.645,0.355,2.689,2.689,5.378
2026-09-02 22:45:00,LINE_A,SHIFT_C,26.84,0.645,0.355,2.684,2.684,5.367
2026-09-02 23:00:00,LINE_A,SHIFT_C,26.79,0.648,0.352,2.679,2.679,5.358
2026-09-02 23:15:00,LINE_A,SHIFT_C,26.74,0.648,0.352,2.674,2.674,5.349
2026-09-02 23:30:00,LINE_A,SHIFT_C,26.71,0.648,0.352,2.671,2.671,5.341
2026-09-02 23:45:00,LINE_A,SHIFT_C,26.67,0.648,0.352,2.667,2.667,5.335
2026-09-03 00:00:00,LINE_A,SHIFT_C,26.65,0.644,0.356,2.665,2.665,5.33
2026-09-03 00:15:00,LINE_A,SHIFT_C,26.63,0.644,0.356,2.663,2.663,5.325
2026-09-03 00:30:00,LINE_A,SHIFT_C,26.61,0.644,0.356,2.661,2.661,5.322
2026-09-03 00:45:00,LINE_A,SHIFT_C,26.6,0.644,0.356,2.66,2.66,5.321
2026-09-03 01:00:00,LINE_A,SHIFT_C,26.6,0.647,0.353,2.66,2.66,5.32
2026-09-03 01:15:00,LINE_A,SHIFT_C,26.6,0.647,0.353,2.66,2.66,5.321
2026-09-03 01:30:00,LINE_A,SHIFT_C,26.61,0.647,0.353,2.661,2.661,5.322
2026-09-03 01:45:00,LINE_A,SHIFT_C,26.63,0.647,0.353,2.663,2.663,5.325
2026-09-03 02:00:00,LINE_A,SHIFT_C,26.65,0.65,0.35,2.665,2.665,5.33
2026-09-03 02:15:00,LINE_A,SHIFT_C,26.67,0.65,0.35,2.667,2.667,5.335
2026-09-03 02:30:00,LINE_A,SHIFT_C,26.71,0.65,0.35,2.671,2.671,5.341
2026-09-03 02:45:00,LINE_A,SHIFT_C,26.74,0.65,0.35,2.674,2.674,5.349
2026-09-03 03:00:00,LINE_A,SHIFT_C,26.79,0.652,0.348,2.679,2.679,5.358
2026-09-03 03:15:00,LINE_A,SHIFT_C,26.84,0.652,0.348,2.684,2.684,5.367
2026-09-03 03:30:00,LINE_A,SHIFT_C,26.89,0.652,0.348,2.689,2.689,5.378
2026-09-03 03:45:00,LINE_A,SHIFT_C,26.95,0.652,0.348,2.695,2.695,5.389
2026-09-03 04:00:00,LINE_A,SHIFT_C,27.01,0.655,0.345,2.701,2.701,5.402
2026-09-03 04:15:00,LINE_A,SHIFT_C,27.08,0.655,0.345,2.708,2.708,5.415
2026-09-03 04:30:00,LINE_A,SHIFT_C,27.15,0.655,0.345,2.715,2.715,5.43
2026-09-03 04:45:00,LINE_A,SHIFT_C,27.22,0.655,0.345,2.722,2.722,5.444
2026-09-03 05:00:00,LINE_A,SHIFT_C,27.3,0.657,0.343,2.73,2.73,5.46
2026-09-03 05:15:00,LINE_A,SHIFT_C,27.38,0.657,0.343,2.738,2.738,5.476
2026-09-03 05:30:00,LINE_A,SHIFT_C,27.46,0.657,0.343,2.746,2.746,5.493
2026-09-03 05:45:00,LINE_A,SHIFT_C,27.55,0.657,0.343,2.755,2.755,5.51
2026-09-03 06:00:00,LINE_A,SHIFT_A,33.56,0.659,0.341,3.356,3.356,6.712
2026-09-03 06:15:00,LINE_A,SHIFT_A,33.67,0.659,0.341,3.367,3.367,6.734
2026-09-03 06:30:00,LINE_A,SHIFT_A,33.78,0.659,0.341,3.378,3.378,6.756
2026-09-03 06:45:00,LINE_A,SHIFT_A,33.89,0.659,0.341,3.389,3.389,6.778
2026-09-03 07:00:00,LINE_A,SHIFT_A,34.0,0.661,0.339,3.4,3.4,6.8
2026-09-03 07:15:00,LINE_A,SHIFT_A,34.11,0.661,0.339,3.411,3.411,6.822
2026-09-03 07:30:00,LINE_A,SHIFT_A,34.22,0.661,0.339,3.422,3.422,6.844
2026-09-03 07:45:00,LINE_A,SHIFT_A,34.33,0.661,0.339,3.433,3.433,6.866
2026-09-03 08:00:00,LINE_A,SHIFT_A,34.44,0.663,0.337,3.444,3.444,6.888
2026-09-03 08:15:00,LINE_A,SHIFT_A,34.55,0.663,0.337,3.455,3.455,6.909
2026-09-03 08:30:00,LINE_A,SHIFT_A,34.65,0.663,0.337,3.465,3.465,6.93
2026-09-03 08:45:00,LINE_A,SHIFT_A,34.75,0.663,0.337,3.475,3.475,6.95
2026-09-03 09:00:00,LINE_A,SHIFT_A,34.85,0.665,0.335,3.485,3.485,6.97
2026-09-03 09:15:00,LINE_A,SHIFT_A,34.94,0.665,0.335,3.494,3.494,6.989
2026-09-03 09:30:00,LINE_A,SHIFT_A,35.03,0.665,0.335,3.503,3.503,7.007
2026-09-03 09:45:00,LINE_A,SHIFT_A,35.12,0.665,0.335,3.512,3.512,7.024
2026-09-03 10:00:00,LINE_A,SHIFT_A,35.2,0.666,0.334,3.52,3.52,7.04
2026-09-03 10:15:00,LINE_A,SHIFT_A,35.28,0.666,0.334,3.528,3.528,7.056
2026-09-03 10:30:00,LINE_A,SHIFT_A,35.35,0.666,0.334,3.535,3.535,7.07
2026-09-03 10:45:00,LINE_A,SHIFT_A,35.41,0.666,0.334,3.541,3.541,7.083
2026-09-03 11:00:00,LINE_A,SHIFT_A,35.47,0.667,0.333,3.547,3.547,7.094
2026-09-03 11:15:00,LINE_A,SHIFT_A,35.52,0.667,0.333,3.552,3.552,7.105
2026-09-03 11:30:00,LINE_A,SHIFT_A,31.3,0.667,0.333,3.13,3.13,6.26
2026-09-03 11:45:00,LINE_A,SHIFT_A,31.34,0.667,0.333,3.134,3.134,6.267
2026-09-03 12:00:00,LINE_A,SHIFT_A,35.64,0.668,0.332,3.564,3.564,7.128
2026-09-03 12:15:00,LINE_A,SHIFT_A,35.67,0.668,0.332,3.567,3.567,7.133
2026-09-03 12:30:00,LINE_A,SHIFT_A,35.69,0.668,0.332,3.569,3.569,7.137
2026-09-03 12:45:00,LINE_A,SHIFT_A,35.7,0.668,0.332,3.57,3.57,7.139
2026-09-03 13:00:00,LINE_A,SHIFT_A,35.7,0.669,0.331,3.57,3.57,7.14
2026-09-03 13:15:00,LINE_A,SHIFT_A,35.7,0.669,0.331,3.57,3.57,7.139
2026-09-03 13:30:00,LINE_A,SHIFT_A,35.69,0.669,0.331,3.569,3.569,7.137
2026-09-03 13:45:00,LINE_A,SHIFT_A,35.67,0.669,0.331,3.567,3.567,7.133
2026-09-03 14:00:00,LINE_A,SHIFT_B,37.74,0.67,0.33,3.774,3.774,7.548
2026-09-03 14:15:00,LINE_A,SHIFT_B,37.7,0.67,0.33,3.77,3.77,7.541
2026-09-03 14:30:00,LINE_A,SHIFT_B,37.66,0.67,0.33,3.766,3.766,7.533
2026-09-03 14:45:00,LINE_A,SHIFT_B,37.61,0.67,0.33,3.761,3.761,7.523
2026-09-03 15:00:00,LINE_A,SHIFT_B,37.56,0.67,0.33,3.756,3.756,7.512
2026-09-03 15:15:00,LINE_A,SHIFT_B,37.5,0.67,0.33,3.75,3.75,7.499
2026-09-03 15:30:00,LINE_A,SHIFT_B,37.43,0.67,0.33,3.743,3.743,7.486
2026-09-03 15:45:00,LINE_A,SHIFT_B,37.35,0.67,0.33,3.735,3.735,7.471
2026-09-03 16:00:00,LINE_A,SHIFT_B,37.27,0.67,0.33,3.727,3.727,7.455
2026-09-03 16:15:00,LINE_A,SHIFT_B,37.19,0.67,0.33,3.719,3.719,7.437
2026-09-03 16:30:00,LINE_A,SHIFT_B,37.1,0.67,0.33,3.71,3.71,7.419
2026-09-03 16:45:00,LINE_A,SHIFT_B,37.0,0.67,0.33,3.7,3.7,7.4
2026-09-03 17:00:00,LINE_A,SHIFT_B,36.9,0.67,0.33,3.69,3.69,7.38
2026-09-03 17:15:00,LINE_A,SHIFT_B,36.8,0.67,0.33,3.68,3.68,7.359
2026-09-03 17:30:00,LINE_A,SHIFT_B,36.69,0.67,0.33,3.669,3.669,7.338
2026-09-03 17:45:00,LINE_A,SHIFT_B,36.58,0.67,0.33,3.658,3.658,7.316
2026-09-03 18:00:00,LINE_A,SHIFT_B,36.47,0.67,0.33,3.647,3.647,7.293
2026-09-03 18:15:00,LINE_A,SHIFT_B,36.35,0.67,0.33,3.635,3.635,7.27
2026-09-03 18:30:00,LINE_A,SHIFT_B,36.23,0.67,0.33,3.623,3.623,7.247
2026-09-03 18:45:00,LINE_A,SHIFT_B,36.12,0.67,0.33,3.612,3.612,7.224
2026-09-03 19:00:00,LINE_A,SHIFT_B,31.68,0.669,0.331,3.168,3.168,6.336
2026-09-03 19:15:00,LINE_A,SHIFT_B,31.58,0.669,0.331,3.158,3.158,6.315
2026-09-03 19:30:00,LINE_A,SHIFT_B,35.77,0.669,0.331,3.577,3.577,7.153
2026-09-03 19:45:00,LINE_A,SHIFT_B,35.65,0.669,0.331,3.565,3.565,7.13
2026-09-03 20:00:00,LINE_A,SHIFT_B,35.53,0.668,0.332,3.553,3.553,7.107
2026-09-03 20:15:00,LINE_A,SHIFT_B,35.42,0.668,0.332,3.542,3.542,7.084
2026-09-03 20:30:00,LINE_A,SHIFT_B,35.31,0.668,0.332,3.531,3.531,7.062
2026-09-03 20:45:00,LINE_A,SHIFT_B,35.2,0.668,0.332,3.52,3.52,7.041
2026-09-03 21:00:00,LINE_A,SHIFT_B,35.1,0.668,0.332,3.51,3.51,7.02
2026-09-03 21:15:00,LINE_A,SHIFT_B,35.0,0.668,0.332,3.5,3.5,7.0
2026-09-03 21:30:00,LINE_A,SHIFT_B,34.9,0.668,0.332,3.49,3.49,6.981
2026-09-03 21:45:00,LINE_A,SHIFT_B,34.81,0.668,0.332,3.481,3.481,6.963
2026-09-03 22:00:00,LINE_A,SHIFT_C,27.01,0.666,0.334,2.701,2.701,5.402
2026-09-03 22:15:00,LINE_A,SHIFT_C,26.95,0.666,0.334,2.695,2.695,5.389
2026-09-03 22:30:00,LINE_A,SHIFT_C,26.89,0.666,0.334,2.689,2.689,5.378
2026-09-03 22:45:00,LINE_A,SHIFT_C,26.84,0.666,0.334,2.684,2.684,5.367
2026-09-03 23:00:00,LINE_A,SHIFT_C,26.79,0.665,0.335,2.679,2.679,5.358
2026-09-03 23:15:00,LINE_A,SHIFT_C,26.74,0.665,0.335,2.674,2.674,5.349
2026-09-03 23:30:00,LINE_A,SHIFT_C,26.71,0.665,0.335,2.671,2.671,5.341
2026-09-03 23:45:00,LINE_A,SHIFT_C,26.67,0.665,0.335,2.667,2.667,5.335
2026-09-04 00:00:00,LINE_A,SHIFT_C,26.65,0.667,0.333,2.665,2.665,5.33
2026-09-04 00:15:00,LINE_A,SHIFT_C,26.63,0.667,0.333,2.663,2.663,5.325
2026-09-04 00:30:00,LINE_A,SHIFT_C,26.61,0.667,0.333,2.661,2.661,5.322
2026-09-04 00:45:00,LINE_A,SHIFT_C,26.6,0.667,0.333,2.66,2.66,5.321
2026-09-04 01:00:00,LINE_A,SHIFT_C,26.6,0.666,0.334,2.66,2.66,5.32
2026-09-04 01:15:00,LINE_A,SHIFT_C,26.6,0.666,0.334,2.66,2.66,5.321
2026-09-04 01:30:00,LINE_A,SHIFT_C,26.61,0.666,0.334,2.661,2.661,5.322
2026-09-04 01:45:00,LINE_A,SHIFT_C,26.63,0.666,0.334,2.663,2.663,5.325
2026-09-04 02:00:00,LINE_A,SHIFT_C,26.65,0.664,0.336,2.665,2.665,5.33
2026-09-04 02:15:00,LINE_A,SHIFT_C,26.67,0.664,0.336,2.667,2.667,5.335
2026-09-04 02:30:00,LINE_A,SHIFT_C,26.71,0.664,0.336,2.671,2.671,5.341
2026-09-04 02:45:00,LINE_A,SHIFT_C,26.74,0.664,0.336,2.674,2.674,5.349
2026-09-04 03:00:00,LINE_A,SHIFT_C,26.79,0.663,0.337,2.679,2.679,5.358
2026-09-04 03:15:00,LINE_A,SHIFT_C,26.84,0.663,0.337,2.684,2.684,5.367
2026-09-04 03:30:00,LINE_A,SHIFT_C,26.89,0.663,0.337,2.689,2.689,5.378
2026-09-04 03:45:00,LINE_A,SHIFT_C,26.95,0.663,0.337,2.695,2.695,5.389
2026-09-04 04:00:00,LINE_A,SHIFT_C,27.01,0.661,0.339,2.701,2.701,5.402
2026-09-04 04:15:00,LINE_A,SHIFT_C,27.08,0.661,0.339,2.708,2.708,5.415
2026-09-04 04:30:00,LINE_A,SHIFT_C,27.15,0.661,0.339,2.715,2.715,5.43
2026-09-04 04:45:00,LINE_A,SHIFT_C,27.22,0.661,0.339,2.722,2.722,5.444
2026-09-04 05:00:00,LINE_A,SHIFT_C,27.3,0.659,0.341,2.73,2.73,5.46
2026-09-04 05:15:00,LINE_A,SHIFT_C,27.38,0.659,0.341,2.738,2.738,5.476
2026-09-04 05:30:00,LINE_A,SHIFT_C,27.46,0.659,0.341,2.746,2.746,5.493
2026-09-04 05:45:00,LINE_A,SHIFT_C,27.55,0.659,0.341,2.755,2.755,5.51
2026-09-04 06:00:00,LINE_A,SHIFT_A,33.56,0.657,0.343,3.356,3.356,6.712
2026-09-04 06:15:00,LINE_A,SHIFT_A,33.67,0.657,0.343,3.367,3.367,6.734
2026-09-04 06:30:00,LINE_A,SHIFT_A,33.78,0.657,0.343,3.378,3.378,6.756
2026-09-04 06:45:00,LINE_A,SHIFT_A,33.89,0.657,0.343,3.389,3.389,6.778
2026-09-04 07:00:00,LINE_A,SHIFT_A,34.0,0.654,0.346,3.4,3.4,6.8
2026-09-04 07:15:00,LINE_A,SHIFT_A,34.11,0.654,0.346,3.411,3.411,6.822
2026-09-04 07:30:00,LINE_A,SHIFT_A,34.22,0.654,0.346,3.422,3.422,6.844
2026-09-04 07:45:00,LINE_A,SHIFT_A,34.33,0.654,0.346,3.433,3.433,6.866
2026-09-04 08:00:00,LINE_A,SHIFT_A,34.44,0.652,0.348,3.444,3.444,6.888
2026-09-04 08:15:00,LINE_A,SHIFT_A,34.55,0.652,0.348,3.455,3.455,6.909
2026-09-04 08:30:00,LINE_A,SHIFT_A,34.65,0.652,0.348,3.465,3.465,6.93
2026-09-04 08:45:00,LINE_A,SHIFT_A,34.75,0.652,0.348,3.475,3.475,6.95
2026-09-04 09:00:00,LINE_A,SHIFT_A,34.85,0.649,0.351,3.485,3.485,6.97
2026-09-04 09:15:00,LINE_A,SHIFT_A,34.94,0.649,0.351,3.494,3.494,6.989
2026-09-04 09:30:00,LINE_A,SHIFT_A,35.03,0.649,0.351,3.503,3.503,7.007
2026-09-04 09:45:00,LINE_A,SHIFT_A,35.12,0.649,0.351,3.512,3.512,7.024
2026-09-04 10:00:00,LINE_A,SHIFT_A,35.2,0.646,0.354,3.52,3.52,7.04
2026-09-04 10:15:00,LINE_A,SHIFT_A,35.28,0.646,0.354,3.528,3.528,7.056
2026-09-04 10:30:00,LINE_A,SHIFT_A,35.35,0.646,0.354,3.535,3.535,7.07
2026-09-04 10:45:00,LINE_A,SHIFT_A,35.41,0.646,0.354,3.541,3.541,7.083
2026-09-04 11:00:00,LINE_A,SHIFT_A,35.47,0.643,0.357,3.547,3.547,7.094
2026-09-04 11:15:00,LINE_A,SHIFT_A,35.52,0.643,0.357,3.552,3.552,7.105
2026-09-04 11:30:00,LINE_A,SHIFT_A,31.3,0.643,0.357,3.13,3.13,6.26
2026-09-04 11:45:00,LINE_A,SHIFT_A,31.34,0.643,0.357,3.134,3.134,6.267
2026-09-04 12:00:00,LINE_A,SHIFT_A,35.64,0.64,0.36,3.564,3.564,7.128
2026-09-04 12:15:00,LINE_A,SHIFT_A,35.67,0.64,0.36,3.567,3.567,7.133
2026-09-04 12:30:00,LINE_A,SHIFT_A,35.69,0.64,0.36,3.569,3.569,7.137
2026-09-04 12:45:00,LINE_A,SHIFT_A,35.7,0.64,0.36,3.57,3.57,7.139
2026-09-04 13:00:00,LINE_A,SHIFT_A,35.7,0.636,0.364,3.57,3.57,7.14
2026-09-04 13:15:00,LINE_A,SHIFT_A,35.7,0.636,0.364,3.57,3.57,7.139
2026-09-04 13:30:00,LINE_A,SHIFT_A,35.69,0.636,0.364,3.569,3.569,7.137
2026-09-04 13:45:00,LINE_A,SHIFT_A,35.67,0.636,0.364,3.567,3.567,7.133
2026-09-04 14:00:00,LINE_A,SHIFT_B,37.74,0.633,0.367,3.774,3.774,7.548
2026-09-04 14:15:00,LINE_A,SHIFT_B,37.7,0.633,0.367,3.77,3.77,7.541
2026-09-04 14:30:00,LINE_A,SHIFT_B,37.66,0.633,0.367,3.766,3.766,7.533
2026-09-04 14:45:00,LINE_A,SHIFT_B,37.61,0.633,0.367,3.761,3.761,7.523
2026-09-04 15:00:00,LINE_A,SHIFT_B,37.56,0.629,0.371,3.756,3.756,7.512
2026-09-04 15:15:00,LINE_A,SHIFT_B,37.5,0.629,0.371,3.75,3.75,7.499
2026-09-04 15:30:00,LINE_A,SHIFT_B,37.43,0.629,0.371,3.743,3.743,7.486
2026-09-04 15:45:00,LINE_A,SHIFT_B,37.35,0.629,0.371,3.735,3.735,7.471
2026-09-04 16:00:00,LINE_A,SHIFT_B,37.27,0.625,0.375,3.727,3.727,7.455
2026-09-04 16:15:00,LINE_A,SHIFT_B,37.19,0.625,0.375,3.719,3.719,7.437
2026-09-04 16:30:00,LINE_A,SHIFT_B,37.1,0.625,0.375,3.71,3.71,7.419
2026-09-04 16:45:00,LINE_A,SHIFT_B,37.0,0.625,0.375,3.7,3.7,7.4
2026-09-04 17:00:00,LINE_A,SHIFT_B,36.9,0.621,0.379,3.69,3.69,7.38
2026-09-04 17:15:00,LINE_A,SHIFT_B,36.8,0.621,0.379,3.68,3.68,7.359
2026-09-04 17:30:00,LINE_A,SHIFT_B,36.69,0.621,0.379,3.669,3.669,7.338
2026-09-04 17:45:00,LINE_A,SHIFT_B,36.58,0.621,0.379,3.658,3.658,7.316
2026-09-04 18:00:00,LINE_A,SHIFT_B,36.47,0.617,0.383,3.647,3.647,7.293
2026-09-04 18:15:00,LINE_A,SHIFT_B,36.35,0.617,0.383,3.635,3.635,7.27
2026-09-04 18:30:00,LINE_A,SHIFT_B,36.23,0.617,0.383,3.623,3.623,7.247
2026-09-04 18:45:00,LINE_A,SHIFT_B,36.12,0.617,0.383,3.612,3.612,7.224
2026-09-04 19:00:00,LINE_A,SHIFT_B,31.68,0.613,0.387,3.168,3.168,6.336
2026-09-04 19:15:00,LINE_A,SHIFT_B,31.58,0.613,0.387,3.158,3.158,6.315
2026-09-04 19:30:00,LINE_A,SHIFT_B,35.77,0.613,0.387,3.577,3.577,7.153
2026-09-04 19:45:00,LINE_A,SHIFT_B,35.65,0.613,0.387,3.565,3.565,7.13
2026-09-04 20:00:00,LINE_A,SHIFT_B,35.53,0.609,0.391,3.553,3.553,7.107
2026-09-04 20:15:00,LINE_A,SHIFT_B,35.42,0.609,0.391,3.542,3.542,7.084
2026-09-04 20:30:00,LINE_A,SHIFT_B,35.31,0.609,0.391,3.531,3.531,7.062
2026-09-04 20:45:00,LINE_A,SHIFT_B,35.2,0.609,0.391,3.52,3.52,7.041
2026-09-04 21:00:00,LINE_A,SHIFT_B,35.1,0.604,0.396,3.51,3.51,7.02
2026-09-04 21:15:00,LINE_A,SHIFT_B,35.0,0.604,0.396,3.5,3.5,7.0
2026-09-04 21:30:00,LINE_A,SHIFT_B,34.9,0.604,0.396,3.49,3.49,6.981
2026-09-04 21:45:00,LINE_A,SHIFT_B,34.81,0.604,0.396,3.481,3.481,6.963
2026-09-04 22:00:00,LINE_A,SHIFT_C,27.01,0.6,0.4,2.701,2.701,5.402
2026-09-04 22:15:00,LINE_A,SHIFT_C,26.95,0.6,0.4,2.695,2.695,5.389
2026-09-04 22:30:00,LINE_A,SHIFT_C,26.89,0.6,0.4,2.689,2.689,5.378
2026-09-04 22:45:00,LINE_A,SHIFT_C,26.84,0.6,0.4,2.684,2.684,5.367
2026-09-04 23:00:00,LINE_A,SHIFT_C,26.79,0.595,0.405,2.679,2.679,5.358
2026-09-04 23:15:00,LINE_A,SHIFT_C,26.74,0.595,0.405,2.674,2.674,5.349
2026-09-04 23:30:00,LINE_A,SHIFT_C,26.71,0.595,0.405,2.671,2.671,5.341
2026-09-04 23:45:00,LINE_A,SHIFT_C,26.67,0.595,0.405,2.667,2.667,5.335
2026-09-05 00:00:00,LINE_A,SHIFT_C,21.85,0.602,0.398,2.185,2.185,4.37
2026-09-05 00:15:00,LINE_A,SHIFT_C,21.83,0.602,0.398,2.183,2.183,4.367
2026-09-05 00:30:00,LINE_A,SHIFT_C,21.82,0.602,0.398,2.182,2.182,4.364
2026-09-05 00:45:00,LINE_A,SHIFT_C,21.81,0.602,0.398,2.181,2.181,4.363
2026-09-05 01:00:00,LINE_A,SHIFT_C,21.81,0.598,0.402,2.181,2.181,4.362
2026-09-05 01:15:00,LINE_A,SHIFT_C,21.81,0.598,0.402,2.181,2.181,4.363
2026-09-05 01:30:00,LINE_A,SHIFT_C,21.82,0.598,0.402,2.182,2.182,4.364
2026-09-05 01:45:00,LINE_A,SHIFT_C,21.83,0.598,0.402,2.183,2.183,4.367
2026-09-05 02:00:00,LINE_A,SHIFT_C,21.85,0.593,0.407,2.185,2.185,4.37
2026-09-05 02:15:00,LINE_A,SHIFT_C,21.87,0.593,0.407,2.187,2.187,4.375
2026-09-05 02:30:00,LINE_A,SHIFT_C,21.9,0.593,0.407,2.19,2.19,4.38
2026-09-05 02:45:00,LINE_A,SHIFT_C,21.93,0.593,0.407,2.193,2.193,4.386
2026-09-05 03:00:00,LINE_A,SHIFT_C,21.97,0.588,0.412,2.197,2.197,4.393
2026-09-05 03:15:00,LINE_A,SHIFT_C,22.01,0.588,0.412,2.201,2.201,4.401
2026-09-05 03:30:00,LINE_A,SHIFT_C,22.05,0.588,0.412,2.205,2.205,4.41
2026-09-05 03:45:00,LINE_A,SHIFT_C,22.1,0.588,0.412,2.21,2.21,4.419
2026-09-05 04:00:00,LINE_A,SHIFT_C,22.15,0.583,0.417,2.215,2.215,4.43
2026-09-05 04:15:00,LINE_A,SHIFT_C,22.2,0.583,0.417,2.22,2.22,4.441
2026-09-05 04:30:00,LINE_A,SHIFT_C,22.26,0.583,0.417,2.226,2.226,4.452
2026-09-05 04:45:00,LINE_A,SHIFT_C,22.32,0.583,0.417,2.232,2.232,4.464
2026-09-05 05:00:00,LINE_A,SHIFT_C,22.39,0.579,0.421,2.239,2.239,4.477
2026-09-05 05:15:00,LINE_A,SHIFT_C,22.45,0.579,0.421,2.245,2.245,4.49
2026-09-05 05:30:00,LINE_A,SHIFT_C,22.52,0.579,0.421,2.252,2.252,4.504
2026-09-05 05:45:00,LINE_A,SHIFT_C,22.59,0.579,0.421,2.259,2.259,4.518
2026-09-05 06:00:00,LINE_A,SHIFT_A,27.52,0.574,0.426,2.752,2.752,5.504
2026-09-05 06:15:00,LINE_A,SHIFT_A,27.61,0.574,0.426,2.761,2.761,5.522
2026-09-05 06:30:00,LINE_A,SHIFT_A,27.7,0.574,0.426,2.77,2.77,5.54
2026-09-05 06:45:00,LINE_A,SHIFT_A,27.79,0.574,0.426,2.779,2.779,5.558
2026-09-05 07:00:00,LINE_A,SHIFT_A,27.88,0.569,0.431,2.788,2.788,5.576
2026-09-05 07:15:00,LINE_A,SHIFT_A,27.97,0.569,0.431,2.797,2.797,5.594
2026-09-05 07:30:00,LINE_A,SHIFT_A,28.06,0.569,0.431,2.806,2.806,5.612
2026-09-05 07:45:00,LINE_A,SHIFT_A,28.15,0.569,0.431,2.815,2.815,5.63
2026-09-05 08:00:00,LINE_A,SHIFT_A,28.24,0.564,0.436,2.824,2.824,5.648
2026-09-05 08:15:00,LINE_A,SHIFT_A,28.33,0.564,0.436,2.833,2.833,5.666
2026-09-05 08:30:00,LINE_A,SHIFT_A,28.41,0.564,0.436,2.841,2.841,5.683
2026-09-05 08:45:00,LINE_A,SHIFT_A,28.5,0.564,0.436,2.85,2.85,5.699
2026-09-05 09:00:00,LINE_A,SHIFT_A,28.58,0.559,0.441,2.858,2.858,5.715
2026-09-05 09:15:00,LINE_A,SHIFT_A,28.65,0.559,0.441,2.865,2.865,5.731
2026-09-05 09:30:00,LINE_A,SHIFT_A,28.73,0.559,0.441,2.873,2.873,5.746
2026-09-05 09:45:00,LINE_A,SHIFT_A,28.8,0.559,0.441,2.88,2.88,5.76
2026-09-05 10:00:00,LINE_A,SHIFT_A,28.87,0.554,0.446,2.887,2.887,5.773
2026-09-05 10:15:00,LINE_A,SHIFT_A,28.93,0.554,0.446,2.893,2.893,5.786
2026-09-05 10:30:00,LINE_A,SHIFT_A,28.99,0.554,0.446,2.899,2.899,5.797
2026-09-05 10:45:00,LINE_A,SHIFT_A,29.04,0.554,0.446,2.904,2.904,5.808
2026-09-05 11:00:00,LINE_A,SHIFT_A,29.09,0.549,0.451,2.909,2.909,5.817
2026-09-05 11:15:00,LINE_A,SHIFT_A,29.13,0.549,0.451,2.913,2.913,5.826
2026-09-05 11:30:00,LINE_A,SHIFT_A,25.67,0.549,0.451,2.567,2.567,5.134
2026-09-05 11:45:00,LINE_A,SHIFT_A,25.7,0.549,0.451,2.57,2.57,5.139
2026-09-05 12:00:00,LINE_A,SHIFT_A,29.23,0.544,0.456,2.923,2.923,5.845
2026-09-05 12:15:00,LINE_A,SHIFT_A,29.25,0.544,0.456,2.925,2.925,5.849
2026-09-05 12:30:00,LINE_A,SHIFT_A,29.26,0.544,0.456,2.926,2.926,5.852
2026-09-05 12:45:00,LINE_A,SHIFT_A,29.27,0.544,0.456,2.927,2.927,5.854
2026-09-05 13:00:00,LINE_A,SHIFT_A,29.27,0.539,0.461,2.927,2.927,5.855
2026-09-05 13:15:00,LINE_A,SHIFT_A,29.27,0.539,0.461,2.927,2.927,5.854
2026-09-05 13:30:00,LINE_A,SHIFT_A,29.26,0.539,0.461,2.926,2.926,5.852
2026-09-05 13:45:00,LINE_A,SHIFT_A,29.25,0.539,0.461,2.925,2.925,5.849
2026-09-05 14:00:00,LINE_A,SHIFT_B,30.95,0.534,0.466,3.095,3.095,6.189
2026-09-05 14:15:00,LINE_A,SHIFT_B,30.92,0.534,0.466,3.092,3.092,6.184
2026-09-05 14:30:00,LINE_A,SHIFT_B,30.88,0.534,0.466,3.088,3.088,6.177
2026-09-05 14:45:00,LINE_A,SHIFT_B,30.84,0.534,0.466,3.084,3.084,6.169
2026-09-05 15:00:00,LINE_A,SHIFT_B,30.8,0.529,0.471,3.08,3.08,6.16
2026-09-05 15:15:00,LINE_A,SHIFT_B,30.75,0.529,0.471,3.075,3.075,6.149
2026-09-05 15:30:00,LINE_A,SHIFT_B,30.69,0.529,0.471,3.069,3.069,6.138
2026-09-05 15:45:00,LINE_A,SHIFT_B,30.63,0.529,0.471,3.063,3.063,6.126
2026-09-05 16:00:00,LINE_A,SHIFT_B,30.56,0.524,0.476,3.056,3.056,6.113
2026-09-05 16:15:00,LINE_A,SHIFT_B,30.49,0.524,0.476,3.049,3.049,6.099
2026-09-05 16:30:00,LINE_A,SHIFT_B,30.42,0.524,0.476,3.042,3.042,6.084
2026-09-05 16:45:00,LINE_A,SHIFT_B,30.34,0.524,0.476,3.034,3.034,6.068
2026-09-05 17:00:00,LINE_A,SHIFT_B,30.26,0.519,0.481,3.026,3.026,6.052
2026-09-05 17:15:00,LINE_A,SHIFT_B,30.17,0.519,0.481,3.017,3.017,6.035
2026-09-05 17:30:00,LINE_A,SHIFT_B,30.08,0.519,0.481,3.008,3.008,6.017
2026-09-05 17:45:00,LINE_A,SHIFT_B,29.99,0.519,0.481,2.999,2.999,5.999
2026-09-05 18:00:00,LINE_A,SHIFT_B,29.9,0.514,0.486,2.99,2.99,5.98
2026-09-05 18:15:00,LINE_A,SHIFT_B,29.81,0.514,0.486,2.981,2.981,5.962
2026-09-05 18:30:00,LINE_A,SHIFT_B,29.71,0.514,0.486,2.971,2.971,5.943
2026-09-05 18:45:00,LINE_A,SHIFT_B,29.62,0.514,0.486,2.962,2.962,5.923
2026-09-05 19:00:00,LINE_A,SHIFT_B,25.98,0.51,0.49,2.598,2.598,5.196
2026-09-05 19:15:00,LINE_A,SHIFT_B,25.89,0.51,0.49,2.589,2.589,5.179
2026-09-05 19:30:00,LINE_A,SHIFT_B,29.33,0.51,0.49,2.933,2.933,5.865
2026-09-05 19:45:00,LINE_A,SHIFT_B,29.23,0.51,0.49,2.923,2.923,5.846
2026-09-05 20:00:00,LINE_A,SHIFT_B,29.14,0.505,0.495,2.914,2.914,5.828
2026-09-05 20:15:00,LINE_A,SHIFT_B,29.05,0.505,0.495,2.905,2.905,5.809
2026-09-05 20:30:00,LINE_A,SHIFT_B,28.96,0.505,0.495,2.896,2.896,5.791
2026-09-05 20:45:00,LINE_A,SHIFT_B,28.87,0.505,0.495,2.887,2.887,5.773
2026-09-05 21:00:00,LINE_A,SHIFT_B,28.78,0.5,0.5,2.878,2.878,5.756
2026-09-05 21:15:00,LINE_A,SHIFT_B,28.7,0.5,0.5,2.87,2.87,5.74
2026-09-05 21:30:00,LINE_A,SHIFT_B,28.62,0.5,0.5,2.862,2.862,5.724
2026-09-05 21:45:00,LINE_A,SHIFT_B,28.55,0.5,0.5,2.855,2.855,5.709
2026-09-05 22:00:00,LINE_A,SHIFT_C,22.15,0.496,0.504,2.215,2.215,4.43
2026-09-05 22:15:00,LINE_A,SHIFT_C,22.1,0.496,0.504,2.21,2.21,4.419
2026-09-05 22:30:00,LINE_A,SHIFT_C,22.05,0.496,0.504,2.205,2.205,4.41
2026-09-05 22:45:00,LINE_A,SHIFT_C,22.01,0.496,0.504,2.201,2.201,4.401
2026-09-05 23:00:00,LINE_A,SHIFT_C,21.97,0.491,0.509,2.197,2.197,4.393
2026-09-05 23:15:00,LINE_A,SHIFT_C,21.93,0.491,0.509,2.193,2.193,4.386
2026-09-05 23:30:00,LINE_A,SHIFT_C,21.9,0.491,0.509,2.19,2.19,4.38
2026-09-05 23:45:00,LINE_A,SHIFT_C,21.87,0.491,0.509,2.187,2.187,4.375
2026-09-06 00:00:00,LINE_A,SHIFT_C,21.85,0.498,0.502,2.185,2.185,4.37
2026-09-06 00:15:00,LINE_A,SHIFT_C,21.83,0.498,0.502,2.183,2.183,4.367
2026-09-06 00:30:00,LINE_A,SHIFT_C,21.82,0.498,0.502,2.182,2.182,4.364
2026-09-06 00:45:00,LINE_A,SHIFT_C,21.81,0.498,0.502,2.181,2.181,4.363
2026-09-06 01:00:00,LINE_A,SHIFT_C,21.81,0.493,0.507,2.181,2.181,4.362
2026-09-06 01:15:00,LINE_A,SHIFT_C,21.81,0.493,0.507,2.181,2.181,4.363
2026-09-06 01:30:00,LINE_A,SHIFT_C,21.82,0.493,0.507,2.182,2.182,4.364
2026-09-06 01:45:00,LINE_A,SHIFT_C,21.83,0.493,0.507,2.183,2.183,4.367
2026-09-06 02:00:00,LINE_A,SHIFT_C,21.85,0.489,0.511,2.185,2.185,4.37
2026-09-06 02:15:00,LINE_A,SHIFT_C,21.87,0.489,0.511,2.187,2.187,4.375
2026-09-06 02:30:00,LINE_A,SHIFT_C,21.9,0.489,0.511,2.19,2.19,4.38
2026-09-06 02:45:00,LINE_A,SHIFT_C,21.93,0.489,0.511,2.193,2.193,4.386
2026-09-06 03:00:00,LINE_A,SHIFT_C,21.97,0.485,0.515,2.197,2.197,4.393
2026-09-06 03:15:00,LINE_A,SHIFT_C,22.01,0.485,0.515,2.201,2.201,4.401
2026-09-06 03:30:00,LINE_A,SHIFT_C,22.05,0.485,0.515,2.205,2.205,4.41
2026-09-06 03:45:00,LINE_A,SHIFT_C,22.1,0.485,0.515,2.21,2.21,4.419
2026-09-06 04:00:00,LINE_A,SHIFT_C,22.15,0.481,0.519,2.215,2.215,4.43
2026-09-06 04:15:00,LINE_A,SHIFT_C,22.2,0.481,0.519,2.22,2.22,4.441
2026-09-06 04:30:00,LINE_A,SHIFT_C,22.26,0.481,0.519,2.226,2.226,4.452
2026-09-06 04:45:00,LINE_A,SHIFT_C,22.32,0.481,0.519,2.232,2.232,4.464
2026-09-06 05:00:00,LINE_A,SHIFT_C,22.39,0.477,0.523,2.239,2.239,4.477
2026-09-06 05:15:00,LINE_A,SHIFT_C,22.45,0.477,0.523,2.245,2.245,4.49
2026-09-06 05:30:00,LINE_A,SHIFT_C,22.52,0.477,0.523,2.252,2.252,4.504
2026-09-06 05:45:00,LINE_A,SHIFT_C,22.59,0.477,0.523,2.259,2.259,4.518
2026-09-06 06:00:00,LINE_A,SHIFT_A,27.52,0.473,0.527,2.752,2.752,5.504
2026-09-06 06:15:00,LINE_A,SHIFT_A,27.61,0.473,0.527,2.761,2.761,5.522
2026-09-06 06:30:00,LINE_A,SHIFT_A,27.7,0.473,0.527,2.77,2.77,5.54
2026-09-06 06:45:00,LINE_A,SHIFT_A,27.79,0.473,0.527,2.779,2.779,5.558
2026-09-06 07:00:00,LINE_A,SHIFT_A,27.88,0.469,0.531,2.788,2.788,5.576
2026-09-06 07:15:00,LINE_A,SHIFT_A,27.97,0.469,0.531,2.797,2.797,5.594
2026-09-06 07:30:00,LINE_A,SHIFT_A,28.06,0.469,0.531,2.806,2.806,5.612
2026-09-06 07:45:00,LINE_A,SHIFT_A,28.15,0.469,0.531,2.815,2.815,5.63
2026-09-06 08:00:00,LINE_A,SHIFT_A,28.24,0.465,0.535,2.824,2.824,5.648
2026-09-06 08:15:00,LINE_A,SHIFT_A,28.33,0.465,0.535,2.833,2.833,5.666
2026-09-06 08:30:00,LINE_A,SHIFT_A,28.41,0.465,0.535,2.841,2.841,5.683
2026-09-06 08:45:00,LINE_A,SHIFT_A,28.5,0.465,0.535,2.85,2.85,5.699
2026-09-06 09:00:00,LINE_A,SHIFT_A,28.58,0.462,0.538,2.858,2.858,5.715
2026-09-06 09:15:00,LINE_A,SHIFT_A,28.65,0.462,0.538,2.865,2.865,5.731
2026-09-06 09:30:00,LINE_A,SHIFT_A,28.73,0.462,0.538,2.873,2.873,5.746
2026-09-06 09:45:00,LINE_A,SHIFT_A,28.8,0.462,0.538,2.88,2.88,5.76
2026-09-06 10:00:00,LINE_A,SHIFT_A,28.87,0.459,0.541,2.887,2.887,5.773
2026-09-06 10:15:00,LINE_A,SHIFT_A,28.93,0.459,0.541,2.893,2.893,5.786
2026-09-06 10:30:00,LINE_A,SHIFT_A,28.99,0.459,0.541,2.899,2.899,5.797
2026-09-06 10:45:00,LINE_A,SHIFT_A,29.04,0.459,0.541,2.904,2.904,5.808
2026-09-06 11:00:00,LINE_A,SHIFT_A,29.09,0.455,0.545,2.909,2.909,5.817
2026-09-06 11:15:00,LINE_A,SHIFT_A,29.13,0.455,0.545,2.913,2.913,5.826
2026-09-06 11:30:00,LINE_A,SHIFT_A,25.67,0.455,0.545,2.567,2.567,5.134
2026-09-06 11:45:00,LINE_A,SHIFT_A,25.7,0.455,0.545,2.57,2.57,5.139
2026-09-06 12:00:00,LINE_A,SHIFT_A,29.23,0.452,0.548,2.923,2.923,5.845
2026-09-06 12:15:00,LINE_A,SHIFT_A,29.25,0.452,0.548,2.925,2.925,5.849
2026-09-06 12:30:00,LINE_A,SHIFT_A,29.26,0.452,0.548,2.926,2.926,5.852
2026-09-06 12:45:00,LINE_A,SHIFT_A,29.27,0.452,0.548,2.927,2.927,5.854
2026-09-06 13:00:00,LINE_A,SHIFT_A,29.27,0.45,0.55,2.927,2.927,5.855
2026-09-06 13:15:00,LINE_A,SHIFT_A,29.27,0.45,0.55,2.927,2.927,5.854
2026-09-06 13:30:00,LINE_A,SHIFT_A,29.26,0.45,0.55,2.926,2.926,5.852
2026-09-06 13:45:00,LINE_A,SHIFT_A,29.25,0.45,0.55,2.925,2.925,5.849
2026-09-06 14:00:00,LINE_A,SHIFT_B,30.95,0.447,0.553,3.095,3.095,6.189
2026-09-06 14:15:00,LINE_A,SHIFT_B,30.92,0.447,0.553,3.092,3.092,6.184
2026-09-06 14:30:00,LINE_A,SHIFT_B,30.88,0.447,0.553,3.088,3.088,6.177
2026-09-06 14:45:00,LINE_A,SHIFT_B,30.84,0.447,0.553,3.084,3.084,6.169
2026-09-06 15:00:00,LINE_A,SHIFT_B,30.8,0.445,0.555,3.08,3.08,6.16
2026-09-06 15:15:00,LINE_A,SHIFT_B,30.75,0.445,0.555,3.075,3.075,6.149
2026-09-06 15:30:00,LINE_A,SHIFT_B,30.69,0.445,0.555,3.069,3.069,6.138
2026-09-06 15:45:00,LINE_A,SHIFT_B,30.63,0.445,0.555,3.063,3.063,6.126
2026-09-06 16:00:00,LINE_A,SHIFT_B,30.56,0.442,0.558,3.056,3.056,6.113
2026-09-06 16:15:00,LINE_A,SHIFT_B,30.49,0.442,0.558,3.049,3.049,6.099
2026-09-06 16:30:00,LINE_A,SHIFT_B,30.42,0.442,0.558,3.042,3.042,6.084
2026-09-06 16:45:00,LINE_A,SHIFT_B,30.34,0.442,0.558,3.034,3.034,6.068
2026-09-06 17:00:00,LINE_A,SHIFT_B,30.26,0.44,0.56,3.026,3.026,6.052
2026-09-06 17:15:00,LINE_A,SHIFT_B,30.17,0.44,0.56,3.017,3.017,6.035
2026-09-06 17:30:00,LINE_A,SHIFT_B,30.08,0.44,0.56,3.008,3.008,6.017
2026-09-06 17:45:00,LINE_A,SHIFT_B,29.99,0.44,0.56,2.999,2.999,5.999
2026-09-06 18:00:00,LINE_A,SHIFT_B,29.9,0.438,0.562,2.99,2.99,5.98
2026-09-06 18:15:00,LINE_A,SHIFT_B,29.81,0.438,0.562,2.981,2.981,5.962
2026-09-06 18:30:00,LINE_A,SHIFT_B,29.71,0.438,0.562,2.971,2.971,5.943
2026-09-06 18:45:00,LINE_A,SHIFT_B,29.62,0.438,0.562,2.962,2.962,5.923
2026-09-06 19:00:00,LINE_A,SHIFT_B,25.98,0.436,0.564,2.598,2.598,5.196
2026-09-06 19:15:00,LINE_A,SHIFT_B,25.89,0.436,0.564,2.589,2.589,5.179
2026-09-06 19:30:00,LINE_A,SHIFT_B,29.33,0.436,0.564,2.933,2.933,5.865
2026-09-06 19:45:00,LINE_A,SHIFT_B,29.23,0.436,0.564,2.923,2.923,5.846
2026-09-06 20:00:00,LINE_A,SHIFT_B,29.14,0.435,0.565,2.914,2.914,5.828
2026-09-06 20:15:00,LINE_A,SHIFT_B,29.05,0.435,0.565,2.905,2.905,5.809
2026-09-06 20:30:00,LINE_A,SHIFT_B,28.96,0.435,0.565,2.896,2.896,5.791
2026-09-06 20:45:00,LINE_A,SHIFT_B,28.87,0.435,0.565,2.887,2.887,5.773
2026-09-06 21:00:00,LINE_A,SHIFT_B,28.78,0.434,0.566,2.878,2.878,5.756
2026-09-06 21:15:00,LINE_A,SHIFT_B,28.7,0.434,0.566,2.87,2.87,5.74
2026-09-06 21:30:00,LINE_A,SHIFT_B,28.62,0.434,0.566,2.862,2.862,5.724
2026-09-06 21:45:00,LINE_A,SHIFT_B,28.55,0.434,0.566,2.855,2.855,5.709
2026-09-06 22:00:00,LINE_A,SHIFT_C,22.15,0.433,0.567,2.215,2.215,4.43
2026-09-06 22:15:00,LINE_A,SHIFT_C,22.1,0.433,0.567,2.21,2.21,4.419
2026-09-06 22:30:00,LINE_A,SHIFT_C,22.05,0.433,0.567,2.205,2.205,4.41
2026-09-06 22:45:00,LINE_A,SHIFT_C,22.01,0.433,0.567,2.201,2.201,4.401
2026-09-06 23:00:00,LINE_A,SHIFT_C,21.97,0.432,0.568,2.197,2.197,4.393
2026-09-06 23:15:00,LINE_A,SHIFT_C,21.93,0.432,0.568,2.193,2.193,4.386
2026-09-06 23:30:00,LINE_A,SHIFT_C,21.9,0.432,0.568,2.19,2.19,4.38
2026-09-06 23:45:00,LINE_A,SHIFT_C,21.87,0.432,0.568,2.187,2.187,4.375
2026-09-07 00:00:00,LINE_A,SHIFT_C,26.65,0.433,0.567,2.665,2.665,5.33
2026-09-07 00:15:00,LINE_A,SHIFT_C,26.63,0.433,0.567,2.663,2.663,5.325
2026-09-07 00:30:00,LINE_A,SHIFT_C,26.61,0.433,0.567,2.661,2.661,5.322
2026-09-07 00:45:00,LINE_A,SHIFT_C,26.6,0.433,0.567,2.66,2.66,5.321
2026-09-07 01:00:00,LINE_A,SHIFT_C,26.6,0.432,0.568,2.66,2.66,5.32
2026-09-07 01:15:00,LINE_A,SHIFT_C,26.6,0.432,0.568,2.66,2.66,5.321
2026-09-07 01:30:00,LINE_A,SHIFT_C,26.61,0.432,0.568,2.661,2.661,5.322
2026-09-07 01:45:00,LINE_A,SHIFT_C,26.63,0.432,0.568,2.663,2.663,5.325
2026-09-07 02:00:00,LINE_A,SHIFT_C,26.65,0.431,0.569,2.665,2.665,5.33
2026-09-07 02:15:00,LINE_A,SHIFT_C,26.67,0.431,0.569,2.667,2.667,5.335
2026-09-07 02:30:00,LINE_A,SHIFT_C,26.71,0.431,0.569,2.671,2.671,5.341
2026-09-07 02:45:00,LINE_A,SHIFT_C,26.74,0.431,0.569,2.674,2.674,5.349
2026-09-07 03:00:00,LINE_A,SHIFT_C,26.79,0.431,0.569,2.679,2.679,5.358
2026-09-07 03:15:00,LINE_A,SHIFT_C,26.84,0.431,0.569,2.684,2.684,5.367
2026-09-07 03:30:00,LINE_A,SHIFT_C,26.89,0.431,0.569,2.689,2.689,5.378
2026-09-07 03:45:00,LINE_A,SHIFT_C,26.95,0.431,0.569,2.695,2.695,5.389
2026-09-07 04:00:00,LINE_A,SHIFT_C,27.01,0.43,0.57,2.701,2.701,5.402
2026-09-07 04:15:00,LINE_A,SHIFT_C,27.08,0.43,0.57,2.708,2.708,5.415
2026-09-07 04:30:00,LINE_A,SHIFT_C,27.15,0.43,0.57,2.715,2.715,5.43
2026-09-07 04:45:00,LINE_A,SHIFT_C,27.22,0.43,0.57,2.722,2.722,5.444
2026-09-07 05:00:00,LINE_A,SHIFT_C,27.3,0.43,0.57,2.73,2.73,5.46
2026-09-07 05:15:00,LINE_A,SHIFT_C,27.38,0.43,0.57,2.738,2.738,5.476
2026-09-07 05:30:00,LINE_A,SHIFT_C,27.46,0.43,0.57,2.746,2.746,5.493
2026-09-07 05:45:00,LINE_A,SHIFT_C,27.55,0.43,0.57,2.755,2.755,5.51
2026-09-07 06:00:00,LINE_A,SHIFT_A,33.56,0.43,0.57,3.356,3.356,6.712
2026-09-07 06:15:00,LINE_A,SHIFT_A,33.67,0.43,0.57,3.367,3.367,6.734
2026-09-07 06:30:00,LINE_A,SHIFT_A,33.78,0.43,0.57,3.378,3.378,6.756
2026-09-07 06:45:00,LINE_A,SHIFT_A,33.89,0.43,0.57,3.389,3.389,6.778
2026-09-07 07:00:00,LINE_A,SHIFT_A,34.0,0.43,0.57,3.4,3.4,6.8
2026-09-07 07:15:00,LINE_A,SHIFT_A,34.11,0.43,0.57,3.411,3.411,6.822
2026-09-07 07:30:00,LINE_A,SHIFT_A,34.22,0.43,0.57,3.422,3.422,6.844
2026-09-07 07:45:00,LINE_A,SHIFT_A,34.33,0.43,0.57,3.433,3.433,6.866
2026-09-07 08:00:00,LINE_A,SHIFT_A,34.44,0.431,0.569,3.444,3.444,6.888
2026-09-07 08:15:00,LINE_A,SHIFT_A,34.55,0.431,0.569,3.455,3.455,6.909
2026-09-07 08:30:00,LINE_A,SHIFT_A,34.65,0.431,0.569,3.465,3.465,6.93
2026-09-07 08:45:00,LINE_A,SHIFT_A,34.75,0.431,0.569,3.475,3.475,6.95
2026-09-07 09:00:00,LINE_A,SHIFT_A,34.85,0.431,0.569,3.485,3.485,6.97
2026-09-07 09:15:00,LINE_A,SHIFT_A,34.94,0.431,0.569,3.494,3.494,6.989
2026-09-07 09:30:00,LINE_A,SHIFT_A,35.03,0.431,0.569,3.503,3.503,7.007
2026-09-07 09:45:00,LINE_A,SHIFT_A,35.12,0.431,0.569,3.512,3.512,7.024
2026-09-07 10:00:00,LINE_A,SHIFT_A,35.2,0.432,0.568,3.52,3.52,7.04
2026-09-07 10:15:00,LINE_A,SHIFT_A,35.28,0.432,0.568,3.528,3.528,7.056
2026-09-07 10:30:00,LINE_A,SHIFT_A,35.35,0.432,0.568,3.535,3.535,7.07
2026-09-07 10:45:00,LINE_A,SHIFT_A,35.41,0.432,0.568,3.541,3.541,7.083
2026-09-07 11:00:00,LINE_A,SHIFT_A,35.47,0.433,0.567,3.547,3.547,7.094
2026-09-07 11:15:00,LINE_A,SHIFT_A,35.52,0.433,0.567,3.552,3.552,7.105
2026-09-07 11:30:00,LINE_A,SHIFT_A,31.3,0.433,0.567,3.13,3.13,6.26
2026-09-07 11:45:00,LINE_A,SHIFT_A,31.34,0.433,0.567,3.134,3.134,6.267
2026-09-07 12:00:00,LINE_A,SHIFT_A,35.64,0.435,0.565,3.564,3.564,7.128
2026-09-07 12:15:00,LINE_A,SHIFT_A,35.67,0.435,0.565,3.567,3.567,7.133
2026-09-07 12:30:00,LINE_A,SHIFT_A,35.69,0.435,0.565,3.569,3.569,7.137
2026-09-07 12:45:00,LINE_A,SHIFT_A,35.7,0.435,0.565,3.57,3.57,7.139
2026-09-07 13:00:00,LINE_A,SHIFT_A,35.7,0.436,0.564,3.57,3.57,7.14
2026-09-07 13:15:00,LINE_A,SHIFT_A,35.7,0.436,0.564,3.57,3.57,7.139
2026-09-07 13:30:00,LINE_A,SHIFT_A,35.69,0.436,0.564,3.569,3.569,7.137
2026-09-07 13:45:00,LINE_A,SHIFT_A,35.67,0.436,0.564,3.567,3.567,7.133
2026-09-07 14:00:00,LINE_A,SHIFT_B,37.74,0.438,0.562,3.774,3.774,7.548
2026-09-07 14:15:00,LINE_A,SHIFT_B,37.7,0.438,0.562,3.77,3.77,7.541
2026-09-07 14:30:00,LINE_A,SHIFT_B,37.66,0.438,0.562,3.766,3.766,7.533
2026-09-07 14:45:00,LINE_A,SHIFT_B,37.61,0.438,0.562,3.761,3.761,7.523
2026-09-07 15:00:00,LINE_A,SHIFT_B,37.56,0.44,0.56,3.756,3.756,7.512
2026-09-07 15:15:00,LINE_A,SHIFT_B,37.5,0.44,0.56,3.75,3.75,7.499
2026-09-07 15:30:00,LINE_A,SHIFT_B,37.43,0.44,0.56,3.743,3.743,7.486
2026-09-07 15:45:00,LINE_A,SHIFT_B,37.35,0.44,0.56,3.735,3.735,7.471
2026-09-07 16:00:00,LINE_A,SHIFT_B,37.27,0.442,0.558,3.727,3.727,7.455
2026-09-07 16:15:00,LINE_A,SHIFT_B,37.19,0.442,0.558,3.719,3.719,7.437
2026-09-07 16:30:00,LINE_A,SHIFT_B,37.1,0.442,0.558,3.71,3.71,7.419
2026-09-07 16:45:00,LINE_A,SHIFT_B,37.0,0.442,0.558,3.7,3.7,7.4
2026-09-07 17:00:00,LINE_A,SHIFT_B,36.9,0.444,0.556,3.69,3.69,7.38
2026-09-07 17:15:00,LINE_A,SHIFT_B,36.8,0.444,0.556,3.68,3.68,7.359
2026-09-07 17:30:00,LINE_A,SHIFT_B,36.69,0.444,0.556,3.669,3.669,7.338
2026-09-07 17:45:00,LINE_A,SHIFT_B,36.58,0.444,0.556,3.658,3.658,7.316
2026-09-07 18:00:00,LINE_A,SHIFT_B,36.47,0.446,0.554,3.647,3.647,7.293
2026-09-07 18:15:00,LINE_A,SHIFT_B,36.35,0.446,0.554,3.635,3.635,7.27
2026-09-07 18:30:00,LINE_A,SHIFT_B,36.23,0.446,0.554,3.623,3.623,7.247
2026-09-07 18:45:00,LINE_A,SHIFT_B,36.12,0.446,0.554,3.612,3.612,7.224
2026-09-07 19:00:00,LINE_A,SHIFT_B,31.68,0.449,0.551,3.168,3.168,6.336
2026-09-07 19:15:00,LINE_A,SHIFT_B,31.58,0.449,0.551,3.158,3.158,6.315
2026-09-07 19:30:00,LINE_A,SHIFT_B,35.77,0.449,0.551,3.577,3.577,7.153
2026-09-07 19:45:00,LINE_A,SHIFT_B,35.65,0.449,0.551,3.565,3.565,7.13
2026-09-07 20:00:00,LINE_A,SHIFT_B,35.53,0.452,0.548,3.553,3.553,7.107
2026-09-07 20:15:00,LINE_A,SHIFT_B,35.42,0.452,0.548,3.542,3.542,7.084
2026-09-07 20:30:00,LINE_A,SHIFT_B,35.31,0.452,0.548,3.531,3.531,7.062
2026-09-07 20:45:00,LINE_A,SHIFT_B,35.2,0.452,0.548,3.52,3.52,7.041
2026-09-07 21:00:00,LINE_A,SHIFT_B,35.1,0.455,0.545,3.51,3.51,7.02
2026-09-07 21:15:00,LINE_A,SHIFT_B,35.0,0.455,0.545,3.5,3.5,7.0
2026-09-07 21:30:00,LINE_A,SHIFT_B,34.9,0.455,0.545,3.49,3.49,6.981
2026-09-07 21:45:00,LINE_A,SHIFT_B,34.81,0.455,0.545,3.481,3.481,6.963
2026-09-07 22:00:00,LINE_A,SHIFT_C,27.01,0.458,0.542,2.701,2.701,5.402
2026-09-07 22:15:00,LINE_A,SHIFT_C,26.95,0.458,0.542,2.695,2.695,5.389
2026-09-07 22:30:00,LINE_A,SHIFT_C,26.89,0.458,0.542,2.689,2.689,5.378
2026-09-07 22:45:00,LINE_A,SHIFT_C,26.84,0.458,0.542,2.684,2.684,5.367
2026-09-07 23:00:00,LINE_A,SHIFT_C,26.79,0.461,0.539,2.679,2.679,5.358
2026-09-07 23:15:00,LINE_A,SHIFT_C,26.74,0.461,0.539,2.674,2.674,5.349
2026-09-07 23:30:00,LINE_A,SHIFT_C,26.71,0.461,0.539,2.671,2.671,5.341
2026-09-07 23:45:00,LINE_A,SHIFT_C,26.67,0.461,0.539,2.667,2.667,5.335
2026-09-08 00:00:00,LINE_A,SHIFT_C,26.65,0.456,0.544,2.665,2.665,5.33
2026-09-08 00:15:00,LINE_A,SHIFT_C,26.63,0.456,0.544,2.663,2.663,5.325
2026-09-08 00:30:00,LINE_A,SHIFT_C,26.61,0.456,0.544,2.661,2.661,5.322
2026-09-08 00:45:00,LINE_A,SHIFT_C,26.6,0.456,0.544,2.66,2.66,5.321
2026-09-08 01:00:00,LINE_A,SHIFT_C,26.6,0.459,0.541,2.66,2.66,5.32
2026-09-08 01:15:00,LINE_A,SHIFT_C,26.6,0.459,0.541,2.66,2.66,5.321
2026-09-08 01:30:00,LINE_A,SHIFT_C,26.61,0.459,0.541,2.661,2.661,5.322
2026-09-08 01:45:00,LINE_A,SHIFT_C,26.63,0.459,0.541,2.663,2.663,5.325
2026-09-08 02:00:00,LINE_A,SHIFT_C,26.65,0.463,0.537,2.665,2.665,5.33
2026-09-08 02:15:00,LINE_A,SHIFT_C,26.67,0.463,0.537,2.667,2.667,5.335
2026-09-08 02:30:00,LINE_A,SHIFT_C,26.71,0.463,0.537,2.671,2.671,5.341
2026-09-08 02:45:00,LINE_A,SHIFT_C,26.74,0.463,0.537,2.674,2.674,5.349
2026-09-08 03:00:00,LINE_A,SHIFT_C,26.79,0.466,0.534,2.679,2.679,5.358
2026-09-08 03:15:00,LINE_A,SHIFT_C,26.84,0.466,0.534,2.684,2.684,5.367
2026-09-08 03:30:00,LINE_A,SHIFT_C,26.89,0.466,0.534,2.689,2.689,5.378
2026-09-08 03:45:00,LINE_A,SHIFT_C,26.95,0.466,0.534,2.695,2.695,5.389
2026-09-08 04:00:00,LINE_A,SHIFT_C,27.01,0.47,0.53,2.701,2.701,5.402
2026-09-08 04:15:00,LINE_A,SHIFT_C,27.08,0.47,0.53,2.708,2.708,5.415
2026-09-08 04:30:00,LINE_A,SHIFT_C,27.15,0.47,0.53,2.715,2.715,5.43
2026-09-08 04:45:00,LINE_A,SHIFT_C,27.22,0.47,0.53,2.722,2.722,5.444
2026-09-08 05:00:00,LINE_A,SHIFT_C,27.3,0.474,0.526,2.73,2.73,5.46
2026-09-08 05:15:00,LINE_A,SHIFT_C,27.38,0.474,0.526,2.738,2.738,5.476
2026-09-08 05:30:00,LINE_A,SHIFT_C,27.46,0.474,0.526,2.746,2.746,5.493
2026-09-08 05:45:00,LINE_A,SHIFT_C,27.55,0.474,0.526,2.755,2.755,5.51
2026-09-08 06:00:00,LINE_A,SHIFT_A,33.56,0.478,0.522,3.356,3.356,6.712
2026-09-08 06:15:00,LINE_A,SHIFT_A,33.67,0.478,0.522,3.367,3.367,6.734
2026-09-08 06:30:00,LINE_A,SHIFT_A,33.78,0.478,0.522,3.378,3.378,6.756
2026-09-08 06:45:00,LINE_A,SHIFT_A,33.89,0.478,0.522,3.389,3.389,6.778
2026-09-08 07:00:00,LINE_A,SHIFT_A,34.0,0.482,0.518,3.4,3.4,6.8
2026-09-08 07:15:00,LINE_A,SHIFT_A,34.11,0.482,0.518,3.411,3.411,6.822
2026-09-08 07:30:00,LINE_A,SHIFT_A,34.22,0.482,0.518,3.422,3.422,6.844
2026-09-08 07:45:00,LINE_A,SHIFT_A,34.33,0.482,0.518,3.433,3.433,6.866
2026-09-08 08:00:00,LINE_A,SHIFT_A,34.44,0.486,0.514,3.444,3.444,6.888
2026-09-08 08:15:00,LINE_A,SHIFT_A,34.55,0.486,0.514,3.455,3.455,6.909
2026-09-08 08:30:00,LINE_A,SHIFT_A,34.65,0.486,0.514,3.465,3.465,6.93
2026-09-08 08:45:00,LINE_A,SHIFT_A,34.75,0.486,0.514,3.475,3.475,6.95
2026-09-08 09:00:00,LINE_A,SHIFT_A,34.85,0.49,0.51,3.485,3.485,6.97
2026-09-08 09:15:00,LINE_A,SHIFT_A,34.94,0.49,0.51,3.494,3.494,6.989
2026-09-08 09:30:00,LINE_A,SHIFT_A,35.03,0.49,0.51,3.503,3.503,7.007
2026-09-08 09:45:00,LINE_A,SHIFT_A,35.12,0.49,0.51,3.512,3.512,7.024
2026-09-08 10:00:00,LINE_A,SHIFT_A,35.2,0.494,0.506,3.52,3.52,7.04
2026-09-08 10:15:00,LINE_A,SHIFT_A,35.28,0.494,0.506,3.528,3.528,7.056
2026-09-08 10:30:00,LINE_A,SHIFT_A,35.35,0.494,0.506,3.535,3.535,7.07
2026-09-08 10:45:00,LINE_A,SHIFT_A,35.41,0.494,0.506,3.541,3.541,7.083
2026-09-08 11:00:00,LINE_A,SHIFT_A,35.47,0.499,0.501,3.547,3.547,7.094
2026-09-08 11:15:00,LINE_A,SHIFT_A,35.52,0.499,0.501,3.552,3.552,7.105
2026-09-08 11:30:00,LINE_A,SHIFT_A,31.3,0.499,0.501,3.13,3.13,6.26
2026-09-08 11:45:00,LINE_A,SHIFT_A,31.34,0.499,0.501,3.134,3.134,6.267
2026-09-08 12:00:00,LINE_A,SHIFT_A,35.64,0.504,0.496,3.564,3.564,7.128
2026-09-08 12:15:00,LINE_A,SHIFT_A,35.67,0.504,0.496,3.567,3.567,7.133
2026-09-08 12:30:00,LINE_A,SHIFT_A,35.69,0.504,0.496,3.569,3.569,7.137
2026-09-08 12:45:00,LINE_A,SHIFT_A,35.7,0.504,0.496,3.57,3.57,7.139
2026-09-08 13:00:00,LINE_A,SHIFT_A,35.7,0.508,0.492,3.57,3.57,7.14
2026-09-08 13:15:00,LINE_A,SHIFT_A,35.7,0.508,0.492,3.57,3.57,7.139
2026-09-08 13:30:00,LINE_A,SHIFT_A,35.69,0.508,0.492,3.569,3.569,7.137
2026-09-08 13:45:00,LINE_A,SHIFT_A,35.67,0.508,0.492,3.567,3.567,7.133
2026-09-08 14:00:00,LINE_A,SHIFT_B,37.74,0.513,0.487,3.774,3.774,7.548
2026-09-08 14:15:00,LINE_A,SHIFT_B,37.7,0.513,0.487,3.77,3.77,7.541
2026-09-08 14:30:00,LINE_A,SHIFT_B,37.66,0.513,0.487,3.766,3.766,7.533
2026-09-08 14:45:00,LINE_A,SHIFT_B,37.61,0.513,0.487,3.761,3.761,7.523
2026-09-08 15:00:00,LINE_A,SHIFT_B,37.56,0.518,0.482,3.756,3.756,7.512
2026-09-08 15:15:00,LINE_A,SHIFT_B,37.5,0.518,0.482,3.75,3.75,7.499
2026-09-08 15:30:00,LINE_A,SHIFT_B,37.43,0.518,0.482,3.743,3.743,7.486
2026-09-08 15:45:00,LINE_A,SHIFT_B,37.35,0.518,0.482,3.735,3.735,7.471
2026-09-08 16:00:00,LINE_A,SHIFT_B,37.27,0.523,0.477,3.727,3.727,7.455
2026-09-08 16:15:00,LINE_A,SHIFT_B,37.19,0.523,0.477,3.719,3.719,7.437
2026-09-08 16:30:00,LINE_A,SHIFT_B,37.1,0.523,0.477,3.71,3.71,7.419
2026-09-08 16:45:00,LINE_A,SHIFT_B,37.0,0.523,0.477,3.7,3.7,7.4
2026-09-08 17:00:00,LINE_A,SHIFT_B,36.9,0.527,0.473,3.69,3.69,7.38
2026-09-08 17:15:00,LINE_A,SHIFT_B,36.8,0.527,0.473,3.68,3.68,7.359
2026-09-08 17:30:00,LINE_A,SHIFT_B,36.69,0.527,0.473,3.669,3.669,7.338
2026-09-08 17:45:00,LINE_A,SHIFT_B,36.58,0.527,0.473,3.658,3.658,7.316
2026-09-08 18:00:00,LINE_A,SHIFT_B,36.47,0.532,0.468,3.647,3.647,7.293
2026-09-08 18:15:00,LINE_A,SHIFT_B,36.35,0.532,0.468,3.635,3.635,7.27
2026-09-08 18:30:00,LINE_A,SHIFT_B,36.23,0.532,0.468,3.623,3.623,7.247
2026-09-08 18:45:00,LINE_A,SHIFT_B,36.12,0.532,0.468,3.612,3.612,7.224
2026-09-08 19:00:00,LINE_A,SHIFT_B,31.68,0.537,0.463,3.168,3.168,6.336
2026-09-08 19:15:00,LINE_A,SHIFT_B,31.58,0.537,0.463,3.158,3.158,6.315
2026-09-08 19:30:00,LINE_A,SHIFT_B,35.77,0.537,0.463,3.577,3.577,7.153
2026-09-08 19:45:00,LINE_A,SHIFT_B,35.65,0.537,0.463,3.565,3.565,7.13
2026-09-08 20:00:00,LINE_A,SHIFT_B,35.53,0.542,0.458,3.553,3.553,7.107
2026-09-08 20:15:00,LINE_A,SHIFT_B,35.42,0.542,0.458,3.542,3.542,7.084
2026-09-08 20:30:00,LINE_A,SHIFT_B,35.31,0.542,0.458,3.531,3.531,7.062
2026-09-08 20:45:00,LINE_A,SHIFT_B,35.2,0.542,0.458,3.52,3.52,7.041
2026-09-08 21:00:00,LINE_A,SHIFT_B,35.1,0.547,0.453,3.51,3.51,7.02
2026-09-08 21:15:00,LINE_A,SHIFT_B,35.0,0.547,0.453,3.5,3.5,7.0
2026-09-08 21:30:00,LINE_A,SHIFT_B,34.9,0.547,0.453,3.49,3.49,6.981
2026-09-08 21:45:00,LINE_A,SHIFT_B,34.81,0.547,0.453,3.481,3.481,6.963
2026-09-08 22:00:00,LINE_A,SHIFT_C,27.01,0.552,0.448,2.701,2.701,5.402
2026-09-08 22:15:00,LINE_A,SHIFT_C,26.95,0.552,0.448,2.695,2.695,5.389
2026-09-08 22:30:00,LINE_A,SHIFT_C,26.89,0.552,0.448,2.689,2.689,5.378
2026-09-08 22:45:00,LINE_A,SHIFT_C,26.84,0.552,0.448,2.684,2.684,5.367
2026-09-08 23:00:00,LINE_A,SHIFT_C,26.79,0.557,0.443,2.679,2.679,5.358
2026-09-08 23:15:00,LINE_A,SHIFT_C,26.74,0.557,0.443,2.674,2.674,5.349
2026-09-08 23:30:00,LINE_A,SHIFT_C,26.71,0.557,0.443,2.671,2.671,5.341
2026-09-08 23:45:00,LINE_A,SHIFT_C,26.67,0.557,0.443,2.667,2.667,5.335
2026-09-09 00:00:00,LINE_A,SHIFT_C,26.65,0.55,0.45,2.665,2.665,5.33
2026-09-09 00:15:00,LINE_A,SHIFT_C,26.63,0.55,0.45,2.663,2.663,5.325
2026-09-09 00:30:00,LINE_A,SHIFT_C,26.61,0.55,0.45,2.661,2.661,5.322
2026-09-09 00:45:00,LINE_A,SHIFT_C,26.6,0.55,0.45,2.66,2.66,5.321
2026-09-09 01:00:00,LINE_A,SHIFT_C,26.6,0.555,0.445,2.66,2.66,5.32
2026-09-09 01:15:00,LINE_A,SHIFT_C,26.6,0.555,0.445,2.66,2.66,5.321
2026-09-09 01:30:00,LINE_A,SHIFT_C,26.61,0.555,0.445,2.661,2.661,5.322
2026-09-09 01:45:00,LINE_A,SHIFT_C,26.63,0.555,0.445,2.663,2.663,5.325
2026-09-09 02:00:00,LINE_A,SHIFT_C,26.65,0.56,0.44,2.665,2.665,5.33
2026-09-09 02:15:00,LINE_A,SHIFT_C,26.67,0.56,0.44,2.667,2.667,5.335
2026-09-09 02:30:00,LINE_A,SHIFT_C,26.71,0.56,0.44,2.671,2.671,5.341
2026-09-09 02:45:00,LINE_A,SHIFT_C,26.74,0.56,0.44,2.674,2.674,5.349
2026-09-09 03:00:00,LINE_A,SHIFT_C,26.79,0.565,0.435,2.679,2.679,5.358
2026-09-09 03:15:00,LINE_A,SHIFT_C,26.84,0.565,0.435,2.684,2.684,5.367
2026-09-09 03:30:00,LINE_A,SHIFT_C,26.89,0.565,0.435,2.689,2.689,5.378
2026-09-09 03:45:00,LINE_A,SHIFT_C,26.95,0.565,0.435,2.695,2.695,5.389
2026-09-09 04:00:00,LINE_A,SHIFT_C,27.01,0.57,0.43,2.701,2.701,5.402
2026-09-09 04:15:00,LINE_A,SHIFT_C,27.08,0.57,0.43,2.708,2.708,5.415
2026-09-09 04:30:00,LINE_A,SHIFT_C,27.15,0.57,0.43,2.715,2.715,5.43
2026-09-09 04:45:00,LINE_A,SHIFT_C,27.22,0.57,0.43,2.722,2.722,5.444
2026-09-09 05:00:00,LINE_A,SHIFT_C,27.3,0.575,0.425,2.73,2.73,5.46
2026-09-09 05:15:00,LINE_A,SHIFT_C,27.38,0.575,0.425,2.738,2.738,5.476
2026-09-09 05:30:00,LINE_A,SHIFT_C,27.46,0.575,0.425,2.746,2.746,5.493
2026-09-09 05:45:00,LINE_A,SHIFT_C,27.55,0.575,0.425,2.755,2.755,5.51
2026-09-09 06:00:00,LINE_A,SHIFT_A,33.56,0.58,0.42,3.356,3.356,6.712
2026-09-09 06:15:00,LINE_A,SHIFT_A,33.67,0.58,0.42,3.367,3.367,6.734
2026-09-09 06:30:00,LINE_A,SHIFT_A,33.78,0.58,0.42,3.378,3.378,6.756
2026-09-09 06:45:00,LINE_A,SHIFT_A,33.89,0.58,0.42,3.389,3.389,6.778
2026-09-09 07:00:00,LINE_A,SHIFT_A,34.0,0.585,0.415,3.4,3.4,6.8
2026-09-09 07:15:00,LINE_A,SHIFT_A,34.11,0.585,0.415,3.411,3.411,6.822
2026-09-09 07:30:00,LINE_A,SHIFT_A,34.22,0.585,0.415,3.422,3.422,6.844
2026-09-09 07:45:00,LINE_A,SHIFT_A,34.33,0.585,0.415,3.433,3.433,6.866
2026-09-09 08:00:00,LINE_A,SHIFT_A,34.44,0.589,0.411,3.444,3.444,6.888
2026-09-09 08:15:00,LINE_A,SHIFT_A,34.55,0.589,0.411,3.455,3.455,6.909
2026-09-09 08:30:00,LINE_A,SHIFT_A,34.65,0.589,0.411,3.465,3.465,6.93
2026-09-09 08:45:00,LINE_A,SHIFT_A,34.75,0.589,0.411,3.475,3.475,6.95
2026-09-09 09:00:00,LINE_A,SHIFT_A,34.85,0.594,0.406,3.485,3.485,6.97
2026-09-09 09:15:00,LINE_A,SHIFT_A,34.94,0.594,0.406,3.494,3.494,6.989
2026-09-09 09:30:00,LINE_A,SHIFT_A,35.03,0.594,0.406,3.503,3.503,7.007
2026-09-09 09:45:00,LINE_A,SHIFT_A,35.12,0.594,0.406,3.512,3.512,7.024
2026-09-09 10:00:00,LINE_A,SHIFT_A,35.2,0.599,0.401,3.52,3.52,7.04
2026-09-09 10:15:00,LINE_A,SHIFT_A,35.28,0.599,0.401,3.528,3.528,7.056
2026-09-09 10:30:00,LINE_A,SHIFT_A,35.35,0.599,0.401,3.535,3.535,7.07
2026-09-09 10:45:00,LINE_A,SHIFT_A,35.41,0.599,0.401,3.541,3.541,7.083
2026-09-09 11:00:00,LINE_A,SHIFT_A,35.47,0.603,0.397,3.547,3.547,7.094
2026-09-09 11:15:00,LINE_A,SHIFT_A,35.52,0.603,0.397,3.552,3.552,7.105
2026-09-09 11:30:00,LINE_A,SHIFT_A,31.3,0.603,0.397,3.13,3.13,6.26
2026-09-09 11:45:00,LINE_A,SHIFT_A,31.34,0.603,0.397,3.134,3.134,6.267
2026-09-09 12:00:00,LINE_A,SHIFT_A,35.64,0.608,0.392,3.564,3.564,7.128
2026-09-09 12:15:00,LINE_A,SHIFT_A,35.67,0.608,0.392,3.567,3.567,7.133
2026-09-09 12:30:00,LINE_A,SHIFT_A,35.69,0.608,0.392,3.569,3.569,7.137
2026-09-09 12:45:00,LINE_A,SHIFT_A,35.7,0.608,0.392,3.57,3.57,7.139
2026-09-09 13:00:00,LINE_A,SHIFT_A,35.7,0.612,0.388,3.57,3.57,7.14
2026-09-09 13:15:00,LINE_A,SHIFT_A,35.7,0.612,0.388,3.57,3.57,7.139
2026-09-09 13:30:00,LINE_A,SHIFT_A,35.69,0.612,0.388,3.569,3.569,7.137
2026-09-09 13:45:00,LINE_A,SHIFT_A,35.67,0.612,0.388,3.567,3.567,7.133
2026-09-09 14:00:00,LINE_A,SHIFT_B,37.74,0.616,0.384,3.774,3.774,7.548
2026-09-09 14:15:00,LINE_A,SHIFT_B,37.7,0.616,0.384,3.77,3.77,7.541
2026-09-09 14:30:00,LINE_A,SHIFT_B,37.66,0.616,0.384,3.766,3.766,7.533
2026-09-09 14:45:00,LINE_A,SHIFT_B,37.61,0.616,0.384,3.761,3.761,7.523
2026-09-09 15:00:00,LINE_A,SHIFT_B,37.56,0.62,0.38,3.756,3.756,7.512
2026-09-09 15:15:00,LINE_A,SHIFT_B,37.5,0.62,0.38,3.75,3.75,7.499
2026-09-09 15:30:00,LINE_A,SHIFT_B,37.43,0.62,0.38,3.743,3.743,7.486
2026-09-09 15:45:00,LINE_A,SHIFT_B,37.35,0.62,0.38,3.735,3.735,7.471
2026-09-09 16:00:00,LINE_A,SHIFT_B,37.27,0.624,0.376,3.727,3.727,7.455
2026-09-09 16:15:00,LINE_A,SHIFT_B,37.19,0.624,0.376,3.719,3.719,7.437
2026-09-09 16:30:00,LINE_A,SHIFT_B,37.1,0.624,0.376,3.71,3.71,7.419
2026-09-09 16:45:00,LINE_A,SHIFT_B,37.0,0.624,0.376,3.7,3.7,7.4
2026-09-09 17:00:00,LINE_A,SHIFT_B,36.9,0.628,0.372,3.69,3.69,7.38
2026-09-09 17:15:00,LINE_A,SHIFT_B,36.8,0.628,0.372,3.68,3.68,7.359
2026-09-09 17:30:00,LINE_A,SHIFT_B,36.69,0.628,0.372,3.669,3.669,7.338
2026-09-09 17:45:00,LINE_A,SHIFT_B,36.58,0.628,0.372,3.658,3.658,7.316
2026-09-09 18:00:00,LINE_A,SHIFT_B,36.47,0.632,0.368,3.647,3.647,7.293
2026-09-09 18:15:00,LINE_A,SHIFT_B,36.35,0.632,0.368,3.635,3.635,7.27
2026-09-09 18:30:00,LINE_A,SHIFT_B,36.23,0.632,0.368,3.623,3.623,7.247
2026-09-09 18:45:00,LINE_A,SHIFT_B,36.12,0.632,0.368,3.612,3.612,7.224
2026-09-09 19:00:00,LINE_A,SHIFT_B,31.68,0.635,0.365,3.168,3.168,6.336
2026-09-09 19:15:00,LINE_A,SHIFT_B,31.58,0.635,0.365,3.158,3.158,6.315
2026-09-09 19:30:00,LINE_A,SHIFT_B,35.77,0.635,0.365,3.577,3.577,7.153
2026-09-09 19:45:00,LINE_A,SHIFT_B,35.65,0.635,0.365,3.565,3.565,7.13
2026-09-09 20:00:00,LINE_A,SHIFT_B,35.53,0.639,0.361,3.553,3.553,7.107
2026-09-09 20:15:00,LINE_A,SHIFT_B,35.42,0.639,0.361,3.542,3.542,7.084
2026-09-09 20:30:00,LINE_A,SHIFT_B,35.31,0.639,0.361,3.531,3.531,7.062
2026-09-09 20:45:00,LINE_A,SHIFT_B,35.2,0.639,0.361,3.52,3.52,7.041
2026-09-09 21:00:00,LINE_A,SHIFT_B,35.1,0.642,0.358,3.51,3.51,7.02
2026-09-09 21:15:00,LINE_A,SHIFT_B,35.0,0.642,0.358,3.5,3.5,7.0
2026-09-09 21:30:00,LINE_A,SHIFT_B,34.9,0.642,0.358,3.49,3.49,6.981
2026-09-09 21:45:00,LINE_A,SHIFT_B,34.81,0.642,0.358,3.481,3.481,6.963
2026-09-09 22:00:00,LINE_A,SHIFT_C,27.01,0.645,0.355,2.701,2.701,5.402
2026-09-09 22:15:00,LINE_A,SHIFT_C,26.95,0.645,0.355,2.695,2.695,5.389
2026-09-09 22:30:00,LINE_A,SHIFT_C,26.89,0.645,0.355,2.689,2.689,5.378
2026-09-09 22:45:00,LINE_A,SHIFT_C,26.84,0.645,0.355,2.684,2.684,5.367
2026-09-09 23:00:00,LINE_A,SHIFT_C,26.79,0.648,0.352,2.679,2.679,5.358
2026-09-09 23:15:00,LINE_A,SHIFT_C,26.74,0.648,0.352,2.674,2.674,5.349
2026-09-09 23:30:00,LINE_A,SHIFT_C,26.71,0.648,0.352,2.671,2.671,5.341
2026-09-09 23:45:00,LINE_A,SHIFT_C,26.67,0.648,0.352,2.667,2.667,5.335
2026-09-10 00:00:00,LINE_A,SHIFT_C,26.65,0.644,0.356,2.665,2.665,5.33
2026-09-10 00:15:00,LINE_A,SHIFT_C,26.63,0.644,0.356,2.663,2.663,5.325
2026-09-10 00:30:00,LINE_A,SHIFT_C,26.61,0.644,0.356,2.661,2.661,5.322
2026-09-10 00:45:00,LINE_A,SHIFT_C,26.6,0.644,0.356,2.66,2.66,5.321
2026-09-10 01:00:00,LINE_A,SHIFT_C,26.6,0.647,0.353,2.66,2.66,5.32
2026-09-10 01:15:00,LINE_A,SHIFT_C,26.6,0.647,0.353,2.66,2.66,5.321
2026-09-10 01:30:00,LINE_A,SHIFT_C,26.61,0.647,0.353,2.661,2.661,5.322
2026-09-10 01:45:00,LINE_A,SHIFT_C,26.63,0.647,0.353,2.663,2.663,5.325
2026-09-10 02:00:00,LINE_A,SHIFT_C,26.65,0.65,0.35,2.665,2.665,5.33
2026-09-10 02:15:00,LINE_A,SHIFT_C,26.67,0.65,0.35,2.667,2.667,5.335
2026-09-10 02:30:00,LINE_A,SHIFT_C,26.71,0.65,0.35,2.671,2.671,5.341
2026-09-10 02:45:00,LINE_A,SHIFT_C,26.74,0.65,0.35,2.674,2.674,5.349
2026-09-10 03:00:00,LINE_A,SHIFT_C,26.79,0.652,0.348,2.679,2.679,5.358
2026-09-10 03:15:00,LINE_A,SHIFT_C,26.84,0.652,0.348,2.684,2.684,5.367
2026-09-10 03:30:00,LINE_A,SHIFT_C,26.89,0.652,0.348,2.689,2.689,5.378
2026-09-10 03:45:00,LINE_A,SHIFT_C,26.95,0.652,0.348,2.695,2.695,5.389
2026-09-10 04:00:00,LINE_A,SHIFT_C,27.01,0.655,0.345,2.701,2.701,5.402
2026-09-10 04:15:00,LINE_A,SHIFT_C,27.08,0.655,0.345,2.708,2.708,5.415
2026-09-10 04:30:00,LINE_A,SHIFT_C,27.15,0.655,0.345,2.715,2.715,5.43
2026-09-10 04:45:00,LINE_A,SHIFT_C,27.22,0.655,0.345,2.722,2.722,5.444
2026-09-10 05:00:00,LINE_A,SHIFT_C,27.3,0.657,0.343,2.73,2.73,5.46
2026-09-10 05:15:00,LINE_A,SHIFT_C,27.38,0.657,0.343,2.738,2.738,5.476
2026-09-10 05:30:00,LINE_A,SHIFT_C,27.46,0.657,0.343,2.746,2.746,5.493
2026-09-10 05:45:00,LINE_A,SHIFT_C,27.55,0.657,0.343,2.755,2.755,5.51
2026-09-10 06:00:00,LINE_A,SHIFT_A,33.56,0.659,0.341,3.356,3.356,6.712
2026-09-10 06:15:00,LINE_A,SHIFT_A,33.67,0.659,0.341,3.367,3.367,6.734
2026-09-10 06:30:00,LINE_A,SHIFT_A,33.78,0.659,0.341,3.378,3.378,6.756
2026-09-10 06:45:00,LINE_A,SHIFT_A,33.89,0.659,0.341,3.389,3.389,6.778
2026-09-10 07:00:00,LINE_A,SHIFT_A,34.0,0.661,0.339,3.4,3.4,6.8
2026-09-10 07:15:00,LINE_A,SHIFT_A,34.11,0.661,0.339,3.411,3.411,6.822
2026-09-10 07:30:00,LINE_A,SHIFT_A,34.22,0.661,0.339,3.422,3.422,6.844
2026-09-10 07:45:00,LINE_A,SHIFT_A,34.33,0.661,0.339,3.433,3.433,6.866
2026-09-10 08:00:00,LINE_A,SHIFT_A,34.44,0.663,0.337,3.444,3.444,6.888
2026-09-10 08:15:00,LINE_A,SHIFT_A,34.55,0.663,0.337,3.455,3.455,6.909
2026-09-10 08:30:00,LINE_A,SHIFT_A,34.65,0.663,0.337,3.465,3.465,6.93
2026-09-10 08:45:00,LINE_A,SHIFT_A,34.75,0.663,0.337,3.475,3.475,6.95
2026-09-10 09:00:00,LINE_A,SHIFT_A,34.85,0.665,0.335,3.485,3.485,6.97
2026-09-10 09:15:00,LINE_A,SHIFT_A,34.94,0.665,0.335,3.494,3.494,6.989
2026-09-10 09:30:00,LINE_A,SHIFT_A,35.03,0.665,0.335,3.503,3.503,7.007
2026-09-10 09:45:00,LINE_A,SHIFT_A,35.12,0.665,0.335,3.512,3.512,7.024
2026-09-10 10:00:00,LINE_A,SHIFT_A,35.2,0.666,0.334,3.52,3.52,7.04
2026-09-10 10:15:00,LINE_A,SHIFT_A,35.28,0.666,0.334,3.528,3.528,7.056
2026-09-10 10:30:00,LINE_A,SHIFT_A,35.35,0.666,0.334,3.535,3.535,7.07
2026-09-10 10:45:00,LINE_A,SHIFT_A,35.41,0.666,0.334,3.541,3.541,7.083
2026-09-10 11:00:00,LINE_A,SHIFT_A,35.47,0.667,0.333,3.547,3.547,7.094
2026-09-10 11:15:00,LINE_A,SHIFT_A,35.52,0.667,0.333,3.552,3.552,7.105
2026-09-10 11:30:00,LINE_A,SHIFT_A,31.3,0.667,0.333,3.13,3.13,6.26
2026-09-10 11:45:00,LINE_A,SHIFT_A,31.34,0.667,0.333,3.134,3.134,6.267
2026-09-10 12:00:00,LINE_A,SHIFT_A,35.64,0.668,0.332,3.564,3.564,7.128
2026-09-10 12:15:00,LINE_A,SHIFT_A,35.67,0.668,0.332,3.567,3.567,7.133
2026-09-10 12:30:00,LINE_A,SHIFT_A,35.69,0.668,0.332,3.569,3.569,7.137
2026-09-10 12:45:00,LINE_A,SHIFT_A,35.7,0.668,0.332,3.57,3.57,7.139
2026-09-10 13:00:00,LINE_A,SHIFT_A,35.7,0.669,0.331,3.57,3.57,7.14
2026-09-10 13:15:00,LINE_A,SHIFT_A,35.7,0.669,0.331,3.57,3.57,7.139
2026-09-10 13:30:00,LINE_A,SHIFT_A,35.69,0.669,0.331,3.569,3.569,7.137
2026-09-10 13:45:00,LINE_A,SHIFT_A,35.67,0.669,0.331,3.567,3.567,7.133
2026-09-10 14:00:00,LINE_A,SHIFT_B,37.74,0.67,0.33,3.774,3.774,7.548
2026-09-10 14:15:00,LINE_A,SHIFT_B,37.7,0.67,0.33,3.77,3.77,7.541
2026-09-10 14:30:00,LINE_A,SHIFT_B,37.66,0.67,0.33,3.766,3.766,7.533
2026-09-10 14:45:00,LINE_A,SHIFT_B,37.61,0.67,0.33,3.761,3.761,7.523
2026-09-10 15:00:00,LINE_A,SHIFT_B,37.56,0.67,0.33,3.756,3.756,7.512
2026-09-10 15:15:00,LINE_A,SHIFT_B,37.5,0.67,0.33,3.75,3.75,7.499
2026-09-10 15:30:00,LINE_A,SHIFT_B,37.43,0.67,0.33,3.743,3.743,7.486
2026-09-10 15:45:00,LINE_A,SHIFT_B,37.35,0.67,0.33,3.735,3.735,7.471
2026-09-10 16:00:00,LINE_A,SHIFT_B,37.27,0.67,0.33,3.727,3.727,7.455
2026-09-10 16:15:00,LINE_A,SHIFT_B,37.19,0.67,0.33,3.719,3.719,7.437
2026-09-10 16:30:00,LINE_A,SHIFT_B,37.1,0.67,0.33,3.71,3.71,7.419
2026-09-10 16:45:00,LINE_A,SHIFT_B,37.0,0.67,0.33,3.7,3.7,7.4
2026-09-10 17:00:00,LINE_A,SHIFT_B,36.9,0.67,0.33,3.69,3.69,7.38
2026-09-10 17:15:00,LINE_A,SHIFT_B,36.8,0.67,0.33,3.68,3.68,7.359
2026-09-10 17:30:00,LINE_A,SHIFT_B,36.69,0.67,0.33,3.669,3.669,7.338
2026-09-10 17:45:00,LINE_A,SHIFT_B,36.58,0.67,0.33,3.658,3.658,7.316
2026-09-10 18:00:00,LINE_A,SHIFT_B,36.47,0.67,0.33,3.647,3.647,7.293
2026-09-10 18:15:00,LINE_A,SHIFT_B,36.35,0.67,0.33,3.635,3.635,7.27
2026-09-10 18:30:00,LINE_A,SHIFT_B,36.23,0.67,0.33,3.623,3.623,7.247
2026-09-10 18:45:00,LINE_A,SHIFT_B,36.12,0.67,0.33,3.612,3.612,7.224
2026-09-10 19:00:00,LINE_A,SHIFT_B,31.68,0.669,0.331,3.168,3.168,6.336
2026-09-10 19:15:00,LINE_A,SHIFT_B,31.58,0.669,0.331,3.158,3.158,6.315
2026-09-10 19:30:00,LINE_A,SHIFT_B,35.77,0.669,0.331,3.577,3.577,7.153
2026-09-10 19:45:00,LINE_A,SHIFT_B,35.65,0.669,0.331,3.565,3.565,7.13
2026-09-10 20:00:00,LINE_A,SHIFT_B,35.53,0.668,0.332,3.553,3.553,7.107
2026-09-10 20:15:00,LINE_A,SHIFT_B,35.42,0.668,0.332,3.542,3.542,7.084
2026-09-10 20:30:00,LINE_A,SHIFT_B,35.31,0.668,0.332,3.531,3.531,7.062
2026-09-10 20:45:00,LINE_A,SHIFT_B,35.2,0.668,0.332,3.52,3.52,7.041
2026-09-10 21:00:00,LINE_A,SHIFT_B,35.1,0.668,0.332,3.51,3.51,7.02
2026-09-10 21:15:00,LINE_A,SHIFT_B,35.0,0.668,0.332,3.5,3.5,7.0
2026-09-10 21:30:00,LINE_A,SHIFT_B,34.9,0.668,0.332,3.49,3.49,6.981
2026-09-10 21:45:00,LINE_A,SHIFT_B,34.81,0.668,0.332,3.481,3.481,6.963
2026-09-10 22:00:00,LINE_A,SHIFT_C,27.01,0.666,0.334,2.701,2.701,5.402
2026-09-10 22:15:00,LINE_A,SHIFT_C,26.95,0.666,0.334,2.695,2.695,5.389
2026-09-10 22:30:00,LINE_A,SHIFT_C,26.89,0.666,0.334,2.689,2.689,5.378
2026-09-10 22:45:00,LINE_A,SHIFT_C,26.84,0.666,0.334,2.684,2.684,5.367
2026-09-10 23:00:00,LINE_A,SHIFT_C,26.79,0.665,0.335,2.679,2.679,5.358
2026-09-10 23:15:00,LINE_A,SHIFT_C,26.74,0.665,0.335,2.674,2.674,5.349
2026-09-10 23:30:00,LINE_A,SHIFT_C,26.71,0.665,0.335,2.671,2.671,5.341
2026-09-10 23:45:00,LINE_A,SHIFT_C,26.67,0.665,0.335,2.667,2.667,5.335
2026-09-11 00:00:00,LINE_A,SHIFT_C,26.65,0.667,0.333,2.665,2.665,5.33
2026-09-11 00:15:00,LINE_A,SHIFT_C,26.63,0.667,0.333,2.663,2.663,5.325
2026-09-11 00:30:00,LINE_A,SHIFT_C,26.61,0.667,0.333,2.661,2.661,5.322
2026-09-11 00:45:00,LINE_A,SHIFT_C,26.6,0.667,0.333,2.66,2.66,5.321
2026-09-11 01:00:00,LINE_A,SHIFT_C,26.6,0.666,0.334,2.66,2.66,5.32
2026-09-11 01:15:00,LINE_A,SHIFT_C,26.6,0.666,0.334,2.66,2.66,5.321
2026-09-11 01:30:00,LINE_A,SHIFT_C,26.61,0.666,0.334,2.661,2.661,5.322
2026-09-11 01:45:00,LINE_A,SHIFT_C,26.63,0.666,0.334,2.663,2.663,5.325
2026-09-11 02:00:00,LINE_A,SHIFT_C,26.65,0.664,0.336,2.665,2.665,5.33
2026-09-11 02:15:00,LINE_A,SHIFT_C,26.67,0.664,0.336,2.667,2.667,5.335
2026-09-11 02:30:00,LINE_A,SHIFT_C,26.71,0.664,0.336,2.671,2.671,5.341
2026-09-11 02:45:00,LINE_A,SHIFT_C,26.74,0.664,0.336,2.674,2.674,5.349
2026-09-11 03:00:00,LINE_A,SHIFT_C,26.79,0.663,0.337,2.679,2.679,5.358
2026-09-11 03:15:00,LINE_A,SHIFT_C,26.84,0.663,0.337,2.684,2.684,5.367
2026-09-11 03:30:00,LINE_A,SHIFT_C,26.89,0.663,0.337,2.689,2.689,5.378
2026-09-11 03:45:00,LINE_A,SHIFT_C,26.95,0.663,0.337,2.695,2.695,5.389
2026-09-11 04:00:00,LINE_A,SHIFT_C,27.01,0.661,0.339,2.701,2.701,5.402
2026-09-11 04:15:00,LINE_A,SHIFT_C,27.08,0.661,0.339,2.708,2.708,5.415
2026-09-11 04:30:00,LINE_A,SHIFT_C,27.15,0.661,0.339,2.715,2.715,5.43
2026-09-11 04:45:00,LINE_A,SHIFT_C,27.22,0.661,0.339,2.722,2.722,5.444
2026-09-11 05:00:00,LINE_A,SHIFT_C,27.3,0.659,0.341,2.73,2.73,5.46
2026-09-11 05:15:00,LINE_A,SHIFT_C,27.38,0.659,0.341,2.738,2.738,5.476
2026-09-11 05:30:00,LINE_A,SHIFT_C,27.46,0.659,0.341,2.746,2.746,5.493
2026-09-11 05:45:00,LINE_A,SHIFT_C,27.55,0.659,0.341,2.755,2.755,5.51
2026-09-11 06:00:00,LINE_A,SHIFT_A,33.56,0.657,0.343,3.356,3.356,6.712
2026-09-11 06:15:00,LINE_A,SHIFT_A,33.67,0.657,0.343,3.367,3.367,6.734
2026-09-11 06:30:00,LINE_A,SHIFT_A,33.78,0.657,0.343,3.378,3.378,6.756
2026-09-11 06:45:00,LINE_A,SHIFT_A,33.89,0.657,0.343,3.389,3.389,6.778
2026-09-11 07:00:00,LINE_A,SHIFT_A,34.0,0.654,0.346,3.4,3.4,6.8
2026-09-11 07:15:00,LINE_A,SHIFT_A,34.11,0.654,0.346,3.411,3.411,6.822
2026-09-11 07:30:00,LINE_A,SHIFT_A,34.22,0.654,0.346,3.422,3.422,6.844
2026-09-11 07:45:00,LINE_A,SHIFT_A,34.33,0.654,0.346,3.433,3.433,6.866
2026-09-11 08:00:00,LINE_A,SHIFT_A,34.44,0.652,0.348,3.444,3.444,6.888
2026-09-11 08:15:00,LINE_A,SHIFT_A,34.55,0.652,0.348,3.455,3.455,6.909
2026-09-11 08:30:00,LINE_A,SHIFT_A,34.65,0.652,0.348,3.465,3.465,6.93
2026-09-11 08:45:00,LINE_A,SHIFT_A,34.75,0.652,0.348,3.475,3.475,6.95
2026-09-11 09:00:00,LINE_A,SHIFT_A,34.85,0.649,0.351,3.485,3.485,6.97
2026-09-11 09:15:00,LINE_A,SHIFT_A,34.94,0.649,0.351,3.494,3.494,6.989
2026-09-11 09:30:00,LINE_A,SHIFT_A,35.03,0.649,0.351,3.503,3.503,7.007
2026-09-11 09:45:00,LINE_A,SHIFT_A,35.12,0.649,0.351,3.512,3.512,7.024
2026-09-11 10:00:00,LINE_A,SHIFT_A,35.2,0.646,0.354,3.52,3.52,7.04
2026-09-11 10:15:00,LINE_A,SHIFT_A,35.28,0.646,0.354,3.528,3.528,7.056
2026-09-11 10:30:00,LINE_A,SHIFT_A,35.35,0.646,0.354,3.535,3.535,7.07
2026-09-11 10:45:00,LINE_A,SHIFT_A,35.41,0.646,0.354,3.541,3.541,7.083
2026-09-11 11:00:00,LINE_A,SHIFT_A,35.47,0.643,0.357,3.547,3.547,7.094
2026-09-11 11:15:00,LINE_A,SHIFT_A,35.52,0.643,0.357,3.552,3.552,7.105
2026-09-11 11:30:00,LINE_A,SHIFT_A,31.3,0.643,0.357,3.13,3.13,6.26
2026-09-11 11:45:00,LINE_A,SHIFT_A,31.34,0.643,0.357,3.134,3.134,6.267
2026-09-11 12:00:00,LINE_A,SHIFT_A,35.64,0.64,0.36,3.564,3.564,7.128
2026-09-11 12:15:00,LINE_A,SHIFT_A,35.67,0.64,0.36,3.567,3.567,7.133
2026-09-11 12:30:00,LINE_A,SHIFT_A,35.69,0.64,0.36,3.569,3.569,7.137
2026-09-11 12:45:00,LINE_A,SHIFT_A,35.7,0.64,0.36,3.57,3.57,7.139
2026-09-11 13:00:00,LINE_A,SHIFT_A,35.7,0.636,0.364,3.57,3.57,7.14
2026-09-11 13:15:00,LINE_A,SHIFT_A,35.7,0.636,0.364,3.57,3.57,7.139
2026-09-11 13:30:00,LINE_A,SHIFT_A,35.69,0.636,0.364,3.569,3.569,7.137
2026-09-11 13:45:00,LINE_A,SHIFT_A,35.67,0.636,0.364,3.567,3.567,7.133
2026-09-11 14:00:00,LINE_A,SHIFT_B,37.74,0.633,0.367,3.774,3.774,7.548
2026-09-11 14:15:00,LINE_A,SHIFT_B,37.7,0.633,0.367,3.77,3.77,7.541
2026-09-11 14:30:00,LINE_A,SHIFT_B,37.66,0.633,0.367,3.766,3.766,7.533
2026-09-11 14:45:00,LINE_A,SHIFT_B,37.61,0.633,0.367,3.761,3.761,7.523
2026-09-11 15:00:00,LINE_A,SHIFT_B,37.56,0.629,0.371,3.756,3.756,7.512
2026-09-11 15:15:00,LINE_A,SHIFT_B,37.5,0.629,0.371,3.75,3.75,7.499
2026-09-11 15:30:00,LINE_A,SHIFT_B,37.43,0.629,0.371,3.743,3.743,7.486
2026-09-11 15:45:00,LINE_A,SHIFT_B,37.35,0.629,0.371,3.735,3.735,7.471
2026-09-11 16:00:00,LINE_A,SHIFT_B,37.27,0.625,0.375,3.727,3.727,7.455
2026-09-11 16:15:00,LINE_A,SHIFT_B,37.19,0.625,0.375,3.719,3.719,7.437
2026-09-11 16:30:00,LINE_A,SHIFT_B,37.1,0.625,0.375,3.71,3.71,7.419
2026-09-11 16:45:00,LINE_A,SHIFT_B,37.0,0.625,0.375,3.7,3.7,7.4
2026-09-11 17:00:00,LINE_A,SHIFT_B,36.9,0.621,0.379,3.69,3.69,7.38
2026-09-11 17:15:00,LINE_A,SHIFT_B,36.8,0.621,0.379,3.68,3.68,7.359
2026-09-11 17:30:00,LINE_A,SHIFT_B,36.69,0.621,0.379,3.669,3.669,7.338
2026-09-11 17:45:00,LINE_A,SHIFT_B,36.58,0.621,0.379,3.658,3.658,7.316
2026-09-11 18:00:00,LINE_A,SHIFT_B,36.47,0.617,0.383,3.647,3.647,7.293
2026-09-11 18:15:00,LINE_A,SHIFT_B,36.35,0.617,0.383,3.635,3.635,7.27
2026-09-11 18:30:00,LINE_A,SHIFT_B,36.23,0.617,0.383,3.623,3.623,7.247
2026-09-11 18:45:00,LINE_A,SHIFT_B,36.12,0.617,0.383,3.612,3.612,7.224
2026-09-11 19:00:00,LINE_A,SHIFT_B,31.68,0.613,0.387,3.168,3.168,6.336
2026-09-11 19:15:00,LINE_A,SHIFT_B,31.58,0.613,0.387,3.158,3.158,6.315
2026-09-11 19:30:00,LINE_A,SHIFT_B,35.77,0.613,0.387,3.577,3.577,7.153
2026-09-11 19:45:00,LINE_A,SHIFT_B,35.65,0.613,0.387,3.565,3.565,7.13
2026-09-11 20:00:00,LINE_A,SHIFT_B,35.53,0.609,0.391,3.553,3.553,7.107
2026-09-11 20:15:00,LINE_A,SHIFT_B,35.42,0.609,0.391,3.542,3.542,7.084
2026-09-11 20:30:00,LINE_A,SHIFT_B,35.31,0.609,0.391,3.531,3.531,7.062
2026-09-11 20:45:00,LINE_A,SHIFT_B,35.2,0.609,0.391,3.52,3.52,7.041
2026-09-11 21:00:00,LINE_A,SHIFT_B,35.1,0.604,0.396,3.51,3.51,7.02
2026-09-11 21:15:00,LINE_A,SHIFT_B,35.0,0.604,0.396,3.5,3.5,7.0
2026-09-11 21:30:00,LINE_A,SHIFT_B,34.9,0.604,0.396,3.49,3.49,6.981
2026-09-11 21:45:00,LINE_A,SHIFT_B,34.81,0.604,0.396,3.481,3.481,6.963
2026-09-11 22:00:00,LINE_A,SHIFT_C,27.01,0.6,0.4,2.701,2.701,5.402
2026-09-11 22:15:00,LINE_A,SHIFT_C,26.95,0.6,0.4,2.695,2.695,5.389
2026-09-11 22:30:00,LINE_A,SHIFT_C,26.89,0.6,0.4,2.689,2.689,5.378
2026-09-11 22:45:00,LINE_A,SHIFT_C,26.84,0.6,0.4,2.684,2.684,5.367
2026-09-11 23:00:00,LINE_A,SHIFT_C,26.79,0.595,0.405,2.679,2.679,5.358
2026-09-11 23:15:00,LINE_A,SHIFT_C,26.74,0.595,0.405,2.674,2.674,5.349
2026-09-11 23:30:00,LINE_A,SHIFT_C,26.71,0.595,0.405,2.671,2.671,5.341
2026-09-11 23:45:00,LINE_A,SHIFT_C,26.67,0.595,0.405,2.667,2.667,5.335
2026-09-12 00:00:00,LINE_A,SHIFT_C,21.85,0.602,0.398,2.185,2.185,4.37
2026-09-12 00:15:00,LINE_A,SHIFT_C,21.83,0.602,0.398,2.183,2.183,4.367
2026-09-12 00:30:00,LINE_A,SHIFT_C,21.82,0.602,0.398,2.182,2.182,4.364
2026-09-12 00:45:00,LINE_A,SHIFT_C,21.81,0.602,0.398,2.181,2.181,4.363
2026-09-12 01:00:00,LINE_A,SHIFT_C,21.81,0.598,0.402,2.181,2.181,4.362
2026-09-12 01:15:00,LINE_A,SHIFT_C,21.81,0.598,0.402,2.181,2.181,4.363
2026-09-12 01:30:00,LINE_A,SHIFT_C,21.82,0.598,0.402,2.182,2.182,4.364
2026-09-12 01:45:00,LINE_A,SHIFT_C,21.83,0.598,0.402,2.183,2.183,4.367
2026-09-12 02:00:00,LINE_A,SHIFT_C,21.85,0.593,0.407,2.185,2.185,4.37
2026-09-12 02:15:00,LINE_A,SHIFT_C,21.87,0.593,0.407,2.187,2.187,4.375
2026-09-12 02:30:00,LINE_A,SHIFT_C,21.9,0.593,0.407,2.19,2.19,4.38
2026-09-12 02:45:00,LINE_A,SHIFT_C,21.93,0.593,0.407,2.193,2.193,4.386
2026-09-12 03:00:00,LINE_A,SHIFT_C,21.97,0.588,0.412,2.197,2.197,4.393
2026-09-12 03:15:00,LINE_A,SHIFT_C,22.01,0.588,0.412,2.201,2.201,4.401
2026-09-12 03:30:00,LINE_A,SHIFT_C,22.05,0.588,0.412,2.205,2.205,4.41
2026-09-12 03:45:00,LINE_A,SHIFT_C,22.1,0.588,0.412,2.21,2.21,4.419
2026-09-12 04:00:00,LINE_A,SHIFT_C,22.15,0.583,0.417,2.215,2.215,4.43
2026-09-12 04:15:00,LINE_A,SHIFT_C,22.2,0.583,0.417,2.22,2.22,4.441
2026-09-12 04:30:00,LINE_A,SHIFT_C,22.26,0.583,0.417,2.226,2.226,4.452
2026-09-12 04:45:00,LINE_A,SHIFT_C,22.32,0.583,0.417,2.232,2.232,4.464
2026-09-12 05:00:00,LINE_A,SHIFT_C,22.39,0.579,0.421,2.239,2.239,4.477
2026-09-12 05:15:00,LINE_A,SHIFT_C,22.45,0.579,0.421,2.245,2.245,4.49
2026-09-12 05:30:00,LINE_A,SHIFT_C,22.52,0.579,0.421,2.252,2.252,4.504
2026-09-12 05:45:00,LINE_A,SHIFT_C,22.59,0.579,0.421,2.259,2.259,4.518
2026-09-12 06:00:00,LINE_A,SHIFT_A,27.52,0.574,0.426,2.752,2.752,5.504
2026-09-12 06:15:00,LINE_A,SHIFT_A,27.61,0.574,0.426,2.761,2.761,5.522
2026-09-12 06:30:00,LINE_A,SHIFT_A,27.7,0.574,0.426,2.77,2.77,5.54
2026-09-12 06:45:00,LINE_A,SHIFT_A,27.79,0.574,0.426,2.779,2.779,5.558
2026-09-12 07:00:00,LINE_A,SHIFT_A,27.88,0.569,0.431,2.788,2.788,5.576
2026-09-12 07:15:00,LINE_A,SHIFT_A,27.97,0.569,0.431,2.797,2.797,5.594
2026-09-12 07:30:00,LINE_A,SHIFT_A,28.06,0.569,0.431,2.806,2.806,5.612
2026-09-12 07:45:00,LINE_A,SHIFT_A,28.15,0.569,0.431,2.815,2.815,5.63
2026-09-12 08:00:00,LINE_A,SHIFT_A,28.24,0.564,0.436,2.824,2.824,5.648
2026-09-12 08:15:00,LINE_A,SHIFT_A,28.33,0.564,0.436,2.833,2.833,5.666
2026-09-12 08:30:00,LINE_A,SHIFT_A,28.41,0.564,0.436,2.841,2.841,5.683
2026-09-12 08:45:00,LINE_A,SHIFT_A,28.5,0.564,0.436,2.85,2.85,5.699
2026-09-12 09:00:00,LINE_A,SHIFT_A,28.58,0.559,0.441,2.858,2.858,5.715
2026-09-12 09:15:00,LINE_A,SHIFT_A,28.65,0.559,0.441,2.865,2.865,5.731
2026-09-12 09:30:00,LINE_A,SHIFT_A,28.73,0.559,0.441,2.873,2.873,5.746
2026-09-12 09:45:00,LINE_A,SHIFT_A,28.8,0.559,0.441,2.88,2.88,5.76
2026-09-12 10:00:00,LINE_A,SHIFT_A,28.87,0.554,0.446,2.887,2.887,5.773
2026-09-12 10:15:00,LINE_A,SHIFT_A,28.93,0.554,0.446,2.893,2.893,5.786
2026-09-12 10:30:00,LINE_A,SHIFT_A,28.99,0.554,0.446,2.899,2.899,5.797
2026-09-12 10:45:00,LINE_A,SHIFT_A,29.04,0.554,0.446,2.904,2.904,5.808
2026-09-12 11:00:00,LINE_A,SHIFT_A,29.09,0.549,0.451,2.909,2.909,5.817
2026-09-12 11:15:00,LINE_A,SHIFT_A,29.13,0.549,0.451,2.913,2.913,5.826
2026-09-12 11:30:00,LINE_A,SHIFT_A,25.67,0.549,0.451,2.567,2.567,5.134
2026-09-12 11:45:00,LINE_A,SHIFT_A,25.7,0.549,0.451,2.57,2.57,5.139
2026-09-12 12:00:00,LINE_A,SHIFT_A,29.23,0.544,0.456,2.923,2.923,5.845
2026-09-12 12:15:00,LINE_A,SHIFT_A,29.25,0.544,0.456,2.925,2.925,5.849
2026-09-12 12:30:00,LINE_A,SHIFT_A,29.26,0.544,0.456,2.926,2.926,5.852
2026-09-12 12:45:00,LINE_A,SHIFT_A,29.27,0.544,0.456,2.927,2.927,5.854
2026-09-12 13:00:00,LINE_A,SHIFT_A,29.27,0.539,0.461,2.927,2.927,5.855
2026-09-12 13:15:00,LINE_A,SHIFT_A,29.27,0.539,0.461,2.927,2.927,5.854
2026-09-12 13:30:00,LINE_A,SHIFT_A,29.26,0.539,0.461,2.926,2.926,5.852
2026-09-12 13:45:00,LINE_A,SHIFT_A,29.25,0.539,0.461,2.925,2.925,5.849
2026-09-12 14:00:00,LINE_A,SHIFT_B,30.95,0.534,0.466,3.095,3.095,6.189
2026-09-12 14:15:00,LINE_A,SHIFT_B,30.92,0.534,0.466,3.092,3.092,6.184
2026-09-12 14:30:00,LINE_A,SHIFT_B,30.88,0.534,0.466,3.088,3.088,6.177
2026-09-12 14:45:00,LINE_A,SHIFT_B,30.84,0.534,0.466,3.084,3.084,6.169
2026-09-12 15:00:00,LINE_A,SHIFT_B,30.8,0.529,0.471,3.08,3.08,6.16
2026-09-12 15:15:00,LINE_A,SHIFT_B,30.75,0.529,0.471,3.075,3.075,6.149
2026-09-12 15:30:00,LINE_A,SHIFT_B,30.69,0.529,0.471,3.069,3.069,6.138
2026-09-12 15:45:00,LINE_A,SHIFT_B,30.63,0.529,0.471,3.063,3.063,6.126
2026-09-12 16:00:00,LINE_A,SHIFT_B,30.56,0.524,0.476,3.056,3.056,6.113
2026-09-12 16:15:00,LINE_A,SHIFT_B,30.49,0.524,0.476,3.049,3.049,6.099
2026-09-12 16:30:00,LINE_A,SHIFT_B,30.42,0.524,0.476,3.042,3.042,6.084
2026-09-12 16:45:00,LINE_A,SHIFT_B,30.34,0.524,0.476,3.034,3.034,6.068
2026-09-12 17:00:00,LINE_A,SHIFT_B,30.26,0.519,0.481,3.026,3.026,6.052
2026-09-12 17:15:00,LINE_A,SHIFT_B,30.17,0.519,0.481,3.017,3.017,6.035
2026-09-12 17:30:00,LINE_A,SHIFT_B,30.08,0.519,0.481,3.008,3.008,6.017
2026-09-12 17:45:00,LINE_A,SHIFT_B,29.99,0.519,0.481,2.999,2.999,5.999
2026-09-12 18:00:00,LINE_A,SHIFT_B,29.9,0.514,0.486,2.99,2.99,5.98
2026-09-12 18:15:00,LINE_A,SHIFT_B,29.81,0.514,0.486,2.981,2.981,5.962
2026-09-12 18:30:00,LINE_A,SHIFT_B,29.71,0.514,0.486,2.971,2.971,5.943
2026-09-12 18:45:00,LINE_A,SHIFT_B,29.62,0.514,0.486,2.962,2.962,5.923
2026-09-12 19:00:00,LINE_A,SHIFT_B,25.98,0.51,0.49,2.598,2.598,5.196
2026-09-12 19:15:00,LINE_A,SHIFT_B,25.89,0.51,0.49,2.589,2.589,5.179
2026-09-12 19:30:00,LINE_A,SHIFT_B,29.33,0.51,0.49,2.933,2.933,5.865
2026-09-12 19:45:00,LINE_A,SHIFT_B,29.23,0.51,0.49,2.923,2.923,5.846
2026-09-12 20:00:00,LINE_A,SHIFT_B,29.14,0.505,0.495,2.914,2.914,5.828
2026-09-12 20:15:00,LINE_A,SHIFT_B,29.05,0.505,0.495,2.905,2.905,5.809
2026-09-12 20:30:00,LINE_A,SHIFT_B,28.96,0.505,0.495,2.896,2.896,5.791
2026-09-12 20:45:00,LINE_A,SHIFT_B,28.87,0.505,0.495,2.887,2.887,5.773
2026-09-12 21:00:00,LINE_A,SHIFT_B,28.78,0.5,0.5,2.878,2.878,5.756
2026-09-12 21:15:00,LINE_A,SHIFT_B,28.7,0.5,0.5,2.87,2.87,5.74
2026-09-12 21:30:00,LINE_A,SHIFT_B,28.62,0.5,0.5,2.862,2.862,5.724
2026-09-12 21:45:00,LINE_A,SHIFT_B,28.55,0.5,0.5,2.855,2.855,5.709
2026-09-12 22:00:00,LINE_A,SHIFT_C,22.15,0.496,0.504,2.215,2.215,4.43
2026-09-12 22:15:00,LINE_A,SHIFT_C,22.1,0.496,0.504,2.21,2.21,4.419
2026-09-12 22:30:00,LINE_A,SHIFT_C,22.05,0.496,0.504,2.205,2.205,4.41
2026-09-12 22:45:00,LINE_A,SHIFT_C,22.01,0.496,0.504,2.201,2.201,4.401
2026-09-12 23:00:00,LINE_A,SHIFT_C,21.97,0.491,0.509,2.197,2.197,4.393
2026-09-12 23:15:00,LINE_A,SHIFT_C,21.93,0.491,0.509,2.193,2.193,4.386
2026-09-12 23:30:00,LINE_A,SHIFT_C,21.9,0.491,0.509,2.19,2.19,4.38
2026-09-12 23:45:00,LINE_A,SHIFT_C,21.87,0.491,0.509,2.187,2.187,4.375
2026-09-13 00:00:00,LINE_A,SHIFT_C,21.85,0.498,0.502,2.185,2.185,4.37
2026-09-13 00:15:00,LINE_A,SHIFT_C,21.83,0.498,0.502,2.183,2.183,4.367
2026-09-13 00:30:00,LINE_A,SHIFT_C,21.82,0.498,0.502,2.182,2.182,4.364
2026-09-13 00:45:00,LINE_A,SHIFT_C,21.81,0.498,0.502,2.181,2.181,4.363
2026-09-13 01:00:00,LINE_A,SHIFT_C,21.81,0.493,0.507,2.181,2.181,4.362
2026-09-13 01:15:00,LINE_A,SHIFT_C,21.81,0.493,0.507,2.181,2.181,4.363
2026-09-13 01:30:00,LINE_A,SHIFT_C,21.82,0.493,0.507,2.182,2.182,4.364
2026-09-13 01:45:00,LINE_A,SHIFT_C,21.83,0.493,0.507,2.183,2.183,4.367
2026-09-13 02:00:00,LINE_A,SHIFT_C,21.85,0.489,0.511,2.185,2.185,4.37
2026-09-13 02:15:00,LINE_A,SHIFT_C,21.87,0.489,0.511,2.187,2.187,4.375
2026-09-13 02:30:00,LINE_A,SHIFT_C,21.9,0.489,0.511,2.19,2.19,4.38
2026-09-13 02:45:00,LINE_A,SHIFT_C,21.93,0.489,0.511,2.193,2.193,4.386
2026-09-13 03:00:00,LINE_A,SHIFT_C,21.97,0.485,0.515,2.197,2.197,4.393
2026-09-13 03:15:00,LINE_A,SHIFT_C,22.01,0.485,0.515,2.201,2.201,4.401
2026-09-13 03:30:00,LINE_A,SHIFT_C,22.05,0.485,0.515,2.205,2.205,4.41
2026-09-13 03:45:00,LINE_A,SHIFT_C,22.1,0.485,0.515,2.21,2.21,4.419
2026-09-13 04:00:00,LINE_A,SHIFT_C,22.15,0.481,0.519,2.215,2.215,4.43
2026-09-13 04:15:00,LINE_A,SHIFT_C,22.2,0.481,0.519,2.22,2.22,4.441
2026-09-13 04:30:00,LINE_A,SHIFT_C,22.26,0.481,0.519,2.226,2.226,4.452
2026-09-13 04:45:00,LINE_A,SHIFT_C,22.32,0.481,0.519,2.232,2.232,4.464
2026-09-13 05:00:00,LINE_A,SHIFT_C,22.39,0.477,0.523,2.239,2.239,4.477
2026-09-13 05:15:00,LINE_A,SHIFT_C,22.45,0.477,0.523,2.245,2.245,4.49
2026-09-13 05:30:00,LINE_A,SHIFT_C,22.52,0.477,0.523,2.252,2.252,4.504
2026-09-13 05:45:00,LINE_A,SHIFT_C,22.59,0.477,0.523,2.259,2.259,4.518
2026-09-13 06:00:00,LINE_A,SHIFT_A,27.52,0.473,0.527,2.752,2.752,5.504
2026-09-13 06:15:00,LINE_A,SHIFT_A,27.61,0.473,0.527,2.761,2.761,5.522
2026-09-13 06:30:00,LINE_A,SHIFT_A,27.7,0.473,0.527,2.77,2.77,5.54
2026-09-13 06:45:00,LINE_A,SHIFT_A,27.79,0.473,0.527,2.779,2.779,5.558
2026-09-13 07:00:00,LINE_A,SHIFT_A,27.88,0.469,0.531,2.788,2.788,5.576
2026-09-13 07:15:00,LINE_A,SHIFT_A,27.97,0.469,0.531,2.797,2.797,5.594
2026-09-13 07:30:00,LINE_A,SHIFT_A,28.06,0.469,0.531,2.806,2.806,5.612
2026-09-13 07:45:00,LINE_A,SHIFT_A,28.15,0.469,0.531,2.815,2.815,5.63
2026-09-13 08:00:00,LINE_A,SHIFT_A,28.24,0.465,0.535,2.824,2.824,5.648
2026-09-13 08:15:00,LINE_A,SHIFT_A,28.33,0.465,0.535,2.833,2.833,5.666
2026-09-13 08:30:00,LINE_A,SHIFT_A,28.41,0.465,0.535,2.841,2.841,5.683
2026-09-13 08:45:00,LINE_A,SHIFT_A,28.5,0.465,0.535,2.85,2.85,5.699
2026-09-13 09:00:00,LINE_A,SHIFT_A,28.58,0.462,0.538,2.858,2.858,5.715
2026-09-13 09:15:00,LINE_A,SHIFT_A,28.65,0.462,0.538,2.865,2.865,5.731
2026-09-13 09:30:00,LINE_A,SHIFT_A,28.73,0.462,0.538,2.873,2.873,5.746
2026-09-13 09:45:00,LINE_A,SHIFT_A,28.8,0.462,0.538,2.88,2.88,5.76
2026-09-13 10:00:00,LINE_A,SHIFT_A,28.87,0.459,0.541,2.887,2.887,5.773
2026-09-13 10:15:00,LINE_A,SHIFT_A,28.93,0.459,0.541,2.893,2.893,5.786
2026-09-13 10:30:00,LINE_A,SHIFT_A,28.99,0.459,0.541,2.899,2.899,5.797
2026-09-13 10:45:00,LINE_A,SHIFT_A,29.04,0.459,0.541,2.904,2.904,5.808
2026-09-13 11:00:00,LINE_A,SHIFT_A,29.09,0.455,0.545,2.909,2.909,5.817
2026-09-13 11:15:00,LINE_A,SHIFT_A,29.13,0.455,0.545,2.913,2.913,5.826
2026-09-13 11:30:00,LINE_A,SHIFT_A,25.67,0.455,0.545,2.567,2.567,5.134
2026-09-13 11:45:00,LINE_A,SHIFT_A,25.7,0.455,0.545,2.57,2.57,5.139
2026-09-13 12:00:00,LINE_A,SHIFT_A,29.23,0.452,0.548,2.923,2.923,5.845
2026-09-13 12:15:00,LINE_A,SHIFT_A,29.25,0.452,0.548,2.925,2.925,5.849
2026-09-13 12:30:00,LINE_A,SHIFT_A,29.26,0.452,0.548,2.926,2.926,5.852
2026-09-13 12:45:00,LINE_A,SHIFT_A,29.27,0.452,0.548,2.927,2.927,5.854
2026-09-13 13:00:00,LINE_A,SHIFT_A,29.27,0.45,0.55,2.927,2.927,5.855
2026-09-13 13:15:00,LINE_A,SHIFT_A,29.27,0.45,0.55,2.927,2.927,5.854
2026-09-13 13:30:00,LINE_A,SHIFT_A,29.26,0.45,0.55,2.926,2.926,5.852
2026-09-13 13:45:00,LINE_A,SHIFT_A,29.25,0.45,0.55,2.925,2.925,5.849
2026-09-13 14:00:00,LINE_A,SHIFT_B,30.95,0.447,0.553,3.095,3.095,6.189
2026-09-13 14:15:00,LINE_A,SHIFT_B,30.92,0.447,0.553,3.092,3.092,6.184
2026-09-13 14:30:00,LINE_A,SHIFT_B,30.88,0.447,0.553,3.088,3.088,6.177
2026-09-13 14:45:00,LINE_A,SHIFT_B,30.84,0.447,0.553,3.084,3.084,6.169
2026-09-13 15:00:00,LINE_A,SHIFT_B,30.8,0.445,0.555,3.08,3.08,6.16
2026-09-13 15:15:00,LINE_A,SHIFT_B,30.75,0.445,0.555,3.075,3.075,6.149
2026-09-13 15:30:00,LINE_A,SHIFT_B,30.69,0.445,0.555,3.069,3.069,6.138
2026-09-13 15:45:00,LINE_A,SHIFT_B,30.63,0.445,0.555,3.063,3.063,6.126
2026-09-13 16:00:00,LINE_A,SHIFT_B,30.56,0.442,0.558,3.056,3.056,6.113
2026-09-13 16:15:00,LINE_A,SHIFT_B,30.49,0.442,0.558,3.049,3.049,6.099
2026-09-13 16:30:00,LINE_A,SHIFT_B,30.42,0.442,0.558,3.042,3.042,6.084
2026-09-13 16:45:00,LINE_A,SHIFT_B,30.34,0.442,0.558,3.034,3.034,6.068
2026-09-13 17:00:00,LINE_A,SHIFT_B,30.26,0.44,0.56,3.026,3.026,6.052
2026-09-13 17:15:00,LINE_A,SHIFT_B,30.17,0.44,0.56,3.017,3.017,6.035
2026-09-13 17:30:00,LINE_A,SHIFT_B,30.08,0.44,0.56,3.008,3.008,6.017
2026-09-13 17:45:00,LINE_A,SHIFT_B,29.99,0.44,0.56,2.999,2.999,5.999
2026-09-13 18:00:00,LINE_A,SHIFT_B,29.9,0.438,0.562,2.99,2.99,5.98
2026-09-13 18:15:00,LINE_A,SHIFT_B,29.81,0.438,0.562,2.981,2.981,5.962
2026-09-13 18:30:00,LINE_A,SHIFT_B,29.71,0.438,0.562,2.971,2.971,5.943
2026-09-13 18:45:00,LINE_A,SHIFT_B,29.62,0.438,0.562,2.962,2.962,5.923
2026-09-13 19:00:00,LINE_A,SHIFT_B,25.98,0.436,0.564,2.598,2.598,5.196
2026-09-13 19:15:00,LINE_A,SHIFT_B,25.89,0.436,0.564,2.589,2.589,5.179
2026-09-13 19:30:00,LINE_A,SHIFT_B,29.33,0.436,0.564,2.933,2.933,5.865
2026-09-13 19:45:00,LINE_A,SHIFT_B,29.23,0.436,0.564,2.923,2.923,5.846
2026-09-13 20:00:00,LINE_A,SHIFT_B,29.14,0.435,0.565,2.914,2.914,5.828
2026-09-13 20:15:00,LINE_A,SHIFT_B,29.05,0.435,0.565,2.905,2.905,5.809
2026-09-13 20:30:00,LINE_A,SHIFT_B,28.96,0.435,0.565,2.896,2.896,5.791
2026-09-13 20:45:00,LINE_A,SHIFT_B,28.87,0.435,0.565,2.887,2.887,5.773
2026-09-13 21:00:00,LINE_A,SHIFT_B,28.78,0.434,0.566,2.878,2.878,5.756
2026-09-13 21:15:00,LINE_A,SHIFT_B,28.7,0.434,0.566,2.87,2.87,5.74
2026-09-13 21:30:00,LINE_A,SHIFT_B,28.62,0.434,0.566,2.862,2.862,5.724
2026-09-13 21:45:00,LINE_A,SHIFT_B,28.55,0.434,0.566,2.855,2.855,5.709
2026-09-13 22:00:00,LINE_A,SHIFT_C,22.15,0.433,0.567,2.215,2.215,4.43
2026-09-13 22:15:00,LINE_A,SHIFT_C,22.1,0.433,0.567,2.21,2.21,4.419
2026-09-13 22:30:00,LINE_A,SHIFT_C,22.05,0.433,0.567,2.205,2.205,4.41
2026-09-13 22:45:00,LINE_A,SHIFT_C,22.01,0.433,0.567,2.201,2.201,4.401
2026-09-13 23:00:00,LINE_A,SHIFT_C,21.97,0.432,0.568,2.197,2.197,4.393
2026-09-13 23:15:00,LINE_A,SHIFT_C,21.93,0.432,0.568,2.193,2.193,4.386
2026-09-13 23:30:00,LINE_A,SHIFT_C,21.9,0.432,0.568,2.19,2.19,4.38
2026-09-13 23:45:00,LINE_A,SHIFT_C,21.87,0.432,0.568,2.187,2.187,4.375
2026-09-14 00:00:00,LINE_A,SHIFT_C,26.65,0.433,0.567,2.665,2.665,5.33
2026-09-14 00:15:00,LINE_A,SHIFT_C,26.63,0.433,0.567,2.663,2.663,5.325
2026-09-14 00:30:00,LINE_A,SHIFT_C,26.61,0.433,0.567,2.661,2.661,5.322
2026-09-14 00:45:00,LINE_A,SHIFT_C,26.6,0.433,0.567,2.66,2.66,5.321
2026-09-14 01:00:00,LINE_A,SHIFT_C,26.6,0.432,0.568,2.66,2.66,5.32
2026-09-14 01:15:00,LINE_A,SHIFT_C,26.6,0.432,0.568,2.66,2.66,5.321
2026-09-14 01:30:00,LINE_A,SHIFT_C,26.61,0.432,0.568,2.661,2.661,5.322
2026-09-14 01:45:00,LINE_A,SHIFT_C,26.63,0.432,0.568,2.663,2.663,5.325
2026-09-14 02:00:00,LINE_A,SHIFT_C,26.65,0.431,0.569,2.665,2.665,5.33
2026-09-14 02:15:00,LINE_A,SHIFT_C,26.67,0.431,0.569,2.667,2.667,5.335
2026-09-14 02:30:00,LINE_A,SHIFT_C,26.71,0.431,0.569,2.671,2.671,5.341
2026-09-14 02:45:00,LINE_A,SHIFT_C,26.74,0.431,0.569,2.674,2.674,5.349
2026-09-14 03:00:00,LINE_A,SHIFT_C,26.79,0.431,0.569,2.679,2.679,5.358
2026-09-14 03:15:00,LINE_A,SHIFT_C,26.84,0.431,0.569,2.684,2.684,5.367
2026-09-14 03:30:00,LINE_A,SHIFT_C,26.89,0.431,0.569,2.689,2.689,5.378
2026-09-14 03:45:00,LINE_A,SHIFT_C,26.95,0.431,0.569,2.695,2.695,5.389
2026-09-14 04:00:00,LINE_A,SHIFT_C,27.01,0.43,0.57,2.701,2.701,5.402
2026-09-14 04:15:00,LINE_A,SHIFT_C,27.08,0.43,0.57,2.708,2.708,5.415
2026-09-14 04:30:00,LINE_A,SHIFT_C,27.15,0.43,0.57,2.715,2.715,5.43
2026-09-14 04:45:00,LINE_A,SHIFT_C,27.22,0.43,0.57,2.722,2.722,5.444
2026-09-14 05:00:00,LINE_A,SHIFT_C,27.3,0.43,0.57,2.73,2.73,5.46
2026-09-14 05:15:00,LINE_A,SHIFT_C,27.38,0.43,0.57,2.738,2.738,5.476
2026-09-14 05:30:00,LINE_A,SHIFT_C,27.46,0.43,0.57,2.746,2.746,5.493
2026-09-14 05:45:00,LINE_A,SHIFT_C,27.55,0.43,0.57,2.755,2.755,5.51
2026-09-14 06:00:00,LINE_A,SHIFT_A,33.56,0.43,0.57,3.356,3.356,6.712
2026-09-14 06:15:00,LINE_A,SHIFT_A,33.67,0.43,0.57,3.367,3.367,6.734
2026-09-14 06:30:00,LINE_A,SHIFT_A,33.78,0.43,0.57,3.378,3.378,6.756
2026-09-14 06:45:00,LINE_A,SHIFT_A,33.89,0.43,0.57,3.389,3.389,6.778
2026-09-14 07:00:00,LINE_A,SHIFT_A,34.0,0.43,0.57,3.4,3.4,6.8
2026-09-14 07:15:00,LINE_A,SHIFT_A,34.11,0.43,0.57,3.411,3.411,6.822
2026-09-14 07:30:00,LINE_A,SHIFT_A,34.22,0.43,0.57,3.422,3.422,6.844
2026-09-14 07:45:00,LINE_A,SHIFT_A,34.33,0.43,0.57,3.433,3.433,6.866
2026-09-14 08:00:00,LINE_A,SHIFT_A,34.44,0.431,0.569,3.444,3.444,6.888
2026-09-14 08:15:00,LINE_A,SHIFT_A,34.55,0.431,0.569,3.455,3.455,6.909
2026-09-14 08:30:00,LINE_A,SHIFT_A,34.65,0.431,0.569,3.465,3.465,6.93
2026-09-14 08:45:00,LINE_A,SHIFT_A,34.75,0.431,0.569,3.475,3.475,6.95
2026-09-14 09:00:00,LINE_A,SHIFT_A,34.85,0.431,0.569,3.485,3.485,6.97
2026-09-14 09:15:00,LINE_A,SHIFT_A,34.94,0.431,0.569,3.494,3.494,6.989
2026-09-14 09:30:00,LINE_A,SHIFT_A,35.03,0.431,0.569,3.503,3.503,7.007
2026-09-14 09:45:00,LINE_A,SHIFT_A,35.12,0.431,0.569,3.512,3.512,7.024
2026-09-14 10:00:00,LINE_A,SHIFT_A,35.2,0.432,0.568,3.52,3.52,7.04
2026-09-14 10:15:00,LINE_A,SHIFT_A,35.28,0.432,0.568,3.528,3.528,7.056
2026-09-14 10:30:00,LINE_A,SHIFT_A,35.35,0.432,0.568,3.535,3.535,7.07
2026-09-14 10:45:00,LINE_A,SHIFT_A,35.41,0.432,0.568,3.541,3.541,7.083
2026-09-14 11:00:00,LINE_A,SHIFT_A,35.47,0.433,0.567,3.547,3.547,7.094
2026-09-14 11:15:00,LINE_A,SHIFT_A,35.52,0.433,0.567,3.552,3.552,7.105
2026-09-14 11:30:00,LINE_A,SHIFT_A,31.3,0.433,0.567,3.13,3.13,6.26
2026-09-14 11:45:00,LINE_A,SHIFT_A,31.34,0.433,0.567,3.134,3.134,6.267
2026-09-14 12:00:00,LINE_A,SHIFT_A,35.64,0.435,0.565,3.564,3.564,7.128
2026-09-14 12:15:00,LINE_A,SHIFT_A,35.67,0.435,0.565,3.567,3.567,7.133
2026-09-14 12:30:00,LINE_A,SHIFT_A,35.69,0.435,0.565,3.569,3.569,7.137
2026-09-14 12:45:00,LINE_A,SHIFT_A,35.7,0.435,0.565,3.57,3.57,7.139
2026-09-14 13:00:00,LINE_A,SHIFT_A,35.7,0.436,0.564,3.57,3.57,7.14
2026-09-14 13:15:00,LINE_A,SHIFT_A,35.7,0.436,0.564,3.57,3.57,7.139
2026-09-14 13:30:00,LINE_A,SHIFT_A,35.69,0.436,0.564,3.569,3.569,7.137
2026-09-14 13:45:00,LINE_A,SHIFT_A,35.67,0.436,0.564,3.567,3.567,7.133
2026-09-14 14:00:00,LINE_A,SHIFT_B,37.74,0.438,0.562,3.774,3.774,7.548
2026-09-14 14:15:00,LINE_A,SHIFT_B,37.7,0.438,0.562,3.77,3.77,7.541
2026-09-14 14:30:00,LINE_A,SHIFT_B,37.66,0.438,0.562,3.766,3.766,7.533
2026-09-14 14:45:00,LINE_A,SHIFT_B,37.61,0.438,0.562,3.761,3.761,7.523
2026-09-14 15:00:00,LINE_A,SHIFT_B,37.56,0.44,0.56,3.756,3.756,7.512
2026-09-14 15:15:00,LINE_A,SHIFT_B,37.5,0.44,0.56,3.75,3.75,7.499
2026-09-14 15:30:00,LINE_A,SHIFT_B,37.43,0.44,0.56,3.743,3.743,7.486
2026-09-14 15:45:00,LINE_A,SHIFT_B,37.35,0.44,0.56,3.735,3.735,7.471
2026-09-14 16:00:00,LINE_A,SHIFT_B,37.27,0.442,0.558,3.727,3.727,7.455
2026-09-14 16:15:00,LINE_A,SHIFT_B,37.19,0.442,0.558,3.719,3.719,7.437
2026-09-14 16:30:00,LINE_A,SHIFT_B,37.1,0.442,0.558,3.71,3.71,7.419
2026-09-14 16:45:00,LINE_A,SHIFT_B,37.0,0.442,0.558,3.7,3.7,7.4
2026-09-14 17:00:00,LINE_A,SHIFT_B,36.9,0.444,0.556,3.69,3.69,7.38
2026-09-14 17:15:00,LINE_A,SHIFT_B,36.8,0.444,0.556,3.68,3.68,7.359
2026-09-14 17:30:00,LINE_A,SHIFT_B,36.69,0.444,0.556,3.669,3.669,7.338
2026-09-14 17:45:00,LINE_A,SHIFT_B,36.58,0.444,0.556,3.658,3.658,7.316
2026-09-14 18:00:00,LINE_A,SHIFT_B,36.47,0.446,0.554,3.647,3.647,7.293
2026-09-14 18:15:00,LINE_A,SHIFT_B,36.35,0.446,0.554,3.635,3.635,7.27
2026-09-14 18:30:00,LINE_A,SHIFT_B,36.23,0.446,0.554,3.623,3.623,7.247
2026-09-14 18:45:00,LINE_A,SHIFT_B,36.12,0.446,0.554,3.612,3.612,7.224
2026-09-14 19:00:00,LINE_A,SHIFT_B,31.68,0.449,0.551,3.168,3.168,6.336
2026-09-14 19:15:00,LINE_A,SHIFT_B,31.58,0.449,0.551,3.158,3.158,6.315
2026-09-14 19:30:00,LINE_A,SHIFT_B,35.77,0.449,0.551,3.577,3.577,7.153
2026-09-14 19:45:00,LINE_A,SHIFT_B,35.65,0.449,0.551,3.565,3.565,7.13
2026-09-14 20:00:00,LINE_A,SHIFT_B,35.53,0.452,0.548,3.553,3.553,7.107
2026-09-14 20:15:00,LINE_A,SHIFT_B,35.42,0.452,0.548,3.542,3.542,7.084
2026-09-14 20:30:00,LINE_A,SHIFT_B,35.31,0.452,0.548,3.531,3.531,7.062
2026-09-14 20:45:00,LINE_A,SHIFT_B,35.2,0.452,0.548,3.52,3.52,7.041
2026-09-14 21:00:00,LINE_A,SHIFT_B,35.1,0.455,0.545,3.51,3.51,7.02
2026-09-14 21:15:00,LINE_A,SHIFT_B,35.0,0.455,0.545,3.5,3.5,7.0
2026-09-14 21:30:00,LINE_A,SHIFT_B,34.9,0.455,0.545,3.49,3.49,6.981
2026-09-14 21:45:00,LINE_A,SHIFT_B,34.81,0.455,0.545,3.481,3.481,6.963
2026-09-14 22:00:00,LINE_A,SHIFT_C,27.01,0.458,0.542,2.701,2.701,5.402
2026-09-14 22:15:00,LINE_A,SHIFT_C,26.95,0.458,0.542,2.695,2.695,5.389
2026-09-14 22:30:00,LINE_A,SHIFT_C,26.89,0.458,0.542,2.689,2.689,5.378
2026-09-14 22:45:00,LINE_A,SHIFT_C,26.84,0.458,0.542,2.684,2.684,5.367
2026-09-14 23:00:00,LINE_A,SHIFT_C,26.79,0.461,0.539,2.679,2.679,5.358
2026-09-14 23:15:00,LINE_A,SHIFT_C,26.74,0.461,0.539,2.674,2.674,5.349
2026-09-14 23:30:00,LINE_A,SHIFT_C,26.71,0.461,0.539,2.671,2.671,5.341
2026-09-14 23:45:00,LINE_A,SHIFT_C,26.67,0.461,0.539,2.667,2.667,5.335
2026-09-15 00:00:00,LINE_A,SHIFT_C,26.65,0.456,0.544,2.665,2.665,5.33
2026-09-15 00:15:00,LINE_A,SHIFT_C,26.63,0.456,0.544,2.663,2.663,5.325
2026-09-15 00:30:00,LINE_A,SHIFT_C,26.61,0.456,0.544,2.661,2.661,5.322
2026-09-15 00:45:00,LINE_A,SHIFT_C,26.6,0.456,0.544,2.66,2.66,5.321
2026-09-15 01:00:00,LINE_A,SHIFT_C,26.6,0.459,0.541,2.66,2.66,5.32
2026-09-15 01:15:00,LINE_A,SHIFT_C,26.6,0.459,0.541,2.66,2.66,5.321
2026-09-15 01:30:00,LINE_A,SHIFT_C,26.61,0.459,0.541,2.661,2.661,5.322
2026-09-15 01:45:00,LINE_A,SHIFT_C,26.63,0.459,0.541,2.663,2.663,5.325
2026-09-15 02:00:00,LINE_A,SHIFT_C,26.65,0.463,0.537,2.665,2.665,5.33
2026-09-15 02:15:00,LINE_A,SHIFT_C,26.67,0.463,0.537,2.667,2.667,5.335
2026-09-15 02:30:00,LINE_A,SHIFT_C,26.71,0.463,0.537,2.671,2.671,5.341
2026-09-15 02:45:00,LINE_A,SHIFT_C,26.74,0.463,0.537,2.674,2.674,5.349
2026-09-15 03:00:00,LINE_A,SHIFT_C,26.79,0.466,0.534,2.679,2.679,5.358
2026-09-15 03:15:00,LINE_A,SHIFT_C,26.84,0.466,0.534,2.684,2.684,5.367
2026-09-15 03:30:00,LINE_A,SHIFT_C,26.89,0.466,0.534,2.689,2.689,5.378
2026-09-15 03:45:00,LINE_A,SHIFT_C,26.95,0.466,0.534,2.695,2.695,5.389
2026-09-15 04:00:00,LINE_A,SHIFT_C,27.01,0.47,0.53,2.701,2.701,5.402
2026-09-15 04:15:00,LINE_A,SHIFT_C,27.08,0.47,0.53,2.708,2.708,5.415
2026-09-15 04:30:00,LINE_A,SHIFT_C,27.15,0.47,0.53,2.715,2.715,5.43
2026-09-15 04:45:00,LINE_A,SHIFT_C,27.22,0.47,0.53,2.722,2.722,5.444
2026-09-15 05:00:00,LINE_A,SHIFT_C,27.3,0.474,0.526,2.73,2.73,5.46
2026-09-15 05:15:00,LINE_A,SHIFT_C,27.38,0.474,0.526,2.738,2.738,5.476
2026-09-15 05:30:00,LINE_A,SHIFT_C,27.46,0.474,0.526,2.746,2.746,5.493
2026-09-15 05:45:00,LINE_A,SHIFT_C,27.55,0.474,0.526,2.755,2.755,5.51
2026-09-15 06:00:00,LINE_A,SHIFT_A,33.56,0.478,0.522,3.356,3.356,6.712
2026-09-15 06:15:00,LINE_A,SHIFT_A,33.67,0.478,0.522,3.367,3.367,6.734
2026-09-15 06:30:00,LINE_A,SHIFT_A,33.78,0.478,0.522,3.378,3.378,6.756
2026-09-15 06:45:00,LINE_A,SHIFT_A,33.89,0.478,0.522,3.389,3.389,6.778
2026-09-15 07:00:00,LINE_A,SHIFT_A,34.0,0.482,0.518,3.4,3.4,6.8
2026-09-15 07:15:00,LINE_A,SHIFT_A,34.11,0.482,0.518,3.411,3.411,6.822
2026-09-15 07:30:00,LINE_A,SHIFT_A,34.22,0.482,0.518,3.422,3.422,6.844
2026-09-15 07:45:00,LINE_A,SHIFT_A,34.33,0.482,0.518,3.433,3.433,6.866
2026-09-15 08:00:00,LINE_A,SHIFT_A,34.44,0.486,0.514,3.444,3.444,6.888
2026-09-15 08:15:00,LINE_A,SHIFT_A,34.55,0.486,0.514,3.455,3.455,6.909
2026-09-15 08:30:00,LINE_A,SHIFT_A,34.65,0.486,0.514,3.465,3.465,6.93
2026-09-15 08:45:00,LINE_A,SHIFT_A,34.75,0.486,0.514,3.475,3.475,6.95
2026-09-15 09:00:00,LINE_A,SHIFT_A,34.85,0.49,0.51,3.485,3.485,6.97
2026-09-15 09:15:00,LINE_A,SHIFT_A,34.94,0.49,0.51,3.494,3.494,6.989
2026-09-15 09:30:00,LINE_A,SHIFT_A,35.03,0.49,0.51,3.503,3.503,7.007
2026-09-15 09:45:00,LINE_A,SHIFT_A,35.12,0.49,0.51,3.512,3.512,7.024
2026-09-15 10:00:00,LINE_A,SHIFT_A,35.2,0.494,0.506,3.52,3.52,7.04
2026-09-15 10:15:00,LINE_A,SHIFT_A,35.28,0.494,0.506,3.528,3.528,7.056
2026-09-15 10:30:00,LINE_A,SHIFT_A,35.35,0.494,0.506,3.535,3.535,7.07
2026-09-15 10:45:00,LINE_A,SHIFT_A,35.41,0.494,0.506,3.541,3.541,7.083
2026-09-15 11:00:00,LINE_A,SHIFT_A,35.47,0.499,0.501,3.547,3.547,7.094
2026-09-15 11:15:00,LINE_A,SHIFT_A,35.52,0.499,0.501,3.552,3.552,7.105
2026-09-15 11:30:00,LINE_A,SHIFT_A,31.3,0.499,0.501,3.13,3.13,6.26
2026-09-15 11:45:00,LINE_A,SHIFT_A,31.34,0.499,0.501,3.134,3.134,6.267
2026-09-15 12:00:00,LINE_A,SHIFT_A,35.64,0.504,0.496,3.564,3.564,7.128
2026-09-15 12:15:00,LINE_A,SHIFT_A,35.67,0.504,0.496,3.567,3.567,7.133
2026-09-15 12:30:00,LINE_A,SHIFT_A,35.69,0.504,0.496,3.569,3.569,7.137
2026-09-15 12:45:00,LINE_A,SHIFT_A,35.7,0.504,0.496,3.57,3.57,7.139
2026-09-15 13:00:00,LINE_A,SHIFT_A,35.7,0.508,0.492,3.57,3.57,7.14
2026-09-15 13:15:00,LINE_A,SHIFT_A,35.7,0.508,0.492,3.57,3.57,7.139
2026-09-15 13:30:00,LINE_A,SHIFT_A,35.69,0.508,0.492,3.569,3.569,7.137
2026-09-15 13:45:00,LINE_A,SHIFT_A,35.67,0.508,0.492,3.567,3.567,7.133
2026-09-15 14:00:00,LINE_A,SHIFT_B,37.74,0.513,0.487,3.774,3.774,7.548
2026-09-15 14:15:00,LINE_A,SHIFT_B,37.7,0.513,0.487,3.77,3.77,7.541
2026-09-15 14:30:00,LINE_A,SHIFT_B,37.66,0.513,0.487,3.766,3.766,7.533
2026-09-15 14:45:00,LINE_A,SHIFT_B,37.61,0.513,0.487,3.761,3.761,7.523
2026-09-15 15:00:00,LINE_A,SHIFT_B,37.56,0.518,0.482,3.756,3.756,7.512
2026-09-15 15:15:00,LINE_A,SHIFT_B,37.5,0.518,0.482,3.75,3.75,7.499
2026-09-15 15:30:00,LINE_A,SHIFT_B,37.43,0.518,0.482,3.743,3.743,7.486
2026-09-15 15:45:00,LINE_A,SHIFT_B,37.35,0.518,0.482,3.735,3.735,7.471
2026-09-15 16:00:00,LINE_A,SHIFT_B,37.27,0.523,0.477,3.727,3.727,7.455
2026-09-15 16:15:00,LINE_A,SHIFT_B,37.19,0.523,0.477,3.719,3.719,7.437
2026-09-15 16:30:00,LINE_A,SHIFT_B,37.1,0.523,0.477,3.71,3.71,7.419
2026-09-15 16:45:00,LINE_A,SHIFT_B,37.0,0.523,0.477,3.7,3.7,7.4
2026-09-15 17:00:00,LINE_A,SHIFT_B,36.9,0.527,0.473,3.69,3.69,7.38
2026-09-15 17:15:00,LINE_A,SHIFT_B,36.8,0.527,0.473,3.68,3.68,7.359
2026-09-15 17:30:00,LINE_A,SHIFT_B,36.69,0.527,0.473,3.669,3.669,7.338
2026-09-15 17:45:00,LINE_A,SHIFT_B,36.58,0.527,0.473,3.658,3.658,7.316
2026-09-15 18:00:00,LINE_A,SHIFT_B,36.47,0.532,0.468,3.647,3.647,7.293
2026-09-15 18:15:00,LINE_A,SHIFT_B,36.35,0.532,0.468,3.635,3.635,7.27
2026-09-15 18:30:00,LINE_A,SHIFT_B,36.23,0.532,0.468,3.623,3.623,7.247
2026-09-15 18:45:00,LINE_A,SHIFT_B,36.12,0.532,0.468,3.612,3.612,7.224
2026-09-15 19:00:00,LINE_A,SHIFT_B,31.68,0.537,0.463,3.168,3.168,6.336
2026-09-15 19:15:00,LINE_A,SHIFT_B,31.58,0.537,0.463,3.158,3.158,6.315
2026-09-15 19:30:00,LINE_A,SHIFT_B,35.77,0.537,0.463,3.577,3.577,7.153
2026-09-15 19:45:00,LINE_A,SHIFT_B,35.65,0.537,0.463,3.565,3.565,7.13
2026-09-15 20:00:00,LINE_A,SHIFT_B,35.53,0.542,0.458,3.553,3.553,7.107
2026-09-15 20:15:00,LINE_A,SHIFT_B,35.42,0.542,0.458,3.542,3.542,7.084
2026-09-15 20:30:00,LINE_A,SHIFT_B,35.31,0.542,0.458,3.531,3.531,7.062
2026-09-15 20:45:00,LINE_A,SHIFT_B,35.2,0.542,0.458,3.52,3.52,7.041
2026-09-15 21:00:00,LINE_A,SHIFT_B,35.1,0.547,0.453,3.51,3.51,7.02
2026-09-15 21:15:00,LINE_A,SHIFT_B,35.0,0.547,0.453,3.5,3.5,7.0
2026-09-15 21:30:00,LINE_A,SHIFT_B,34.9,0.547,0.453,3.49,3.49,6.981
2026-09-15 21:45:00,LINE_A,SHIFT_B,34.81,0.547,0.453,3.481,3.481,6.963
2026-09-15 22:00:00,LINE_A,SHIFT_C,27.01,0.552,0.448,2.701,2.701,5.402
2026-09-15 22:15:00,LINE_A,SHIFT_C,26.95,0.552,0.448,2.695,2.695,5.389
2026-09-15 22:30:00,LINE_A,SHIFT_C,26.89,0.552,0.448,2.689,2.689,5.378
2026-09-15 22:45:00,LINE_A,SHIFT_C,26.84,0.552,0.448,2.684,2.684,5.367
2026-09-15 23:00:00,LINE_A,SHIFT_C,26.79,0.557,0.443,2.679,2.679,5.358
2026-09-15 23:15:00,LINE_A,SHIFT_C,26.74,0.557,0.443,2.674,2.674,5.349
2026-09-15 23:30:00,LINE_A,SHIFT_C,26.71,0.557,0.443,2.671,2.671,5.341
2026-09-15 23:45:00,LINE_A,SHIFT_C,26.67,0.557,0.443,2.667,2.667,5.335
2026-09-16 00:00:00,LINE_A,SHIFT_C,26.65,0.55,0.45,2.665,2.665,5.33
2026-09-16 00:15:00,LINE_A,SHIFT_C,26.63,0.55,0.45,2.663,2.663,5.325
2026-09-16 00:30:00,LINE_A,SHIFT_C,26.61,0.55,0.45,2.661,2.661,5.322
2026-09-16 00:45:00,LINE_A,SHIFT_C,26.6,0.55,0.45,2.66,2.66,5.321
2026-09-16 01:00:00,LINE_A,SHIFT_C,26.6,0.555,0.445,2.66,2.66,5.32
2026-09-16 01:15:00,LINE_A,SHIFT_C,26.6,0.555,0.445,2.66,2.66,5.321
2026-09-16 01:30:00,LINE_A,SHIFT_C,26.61,0.555,0.445,2.661,2.661,5.322
2026-09-16 01:45:00,LINE_A,SHIFT_C,26.63,0.555,0.445,2.663,2.663,5.325
2026-09-16 02:00:00,LINE_A,SHIFT_C,26.65,0.56,0.44,2.665,2.665,5.33
2026-09-16 02:15:00,LINE_A,SHIFT_C,26.67,0.56,0.44,2.667,2.667,5.335
2026-09-16 02:30:00,LINE_A,SHIFT_C,26.71,0.56,0.44,2.671,2.671,5.341
2026-09-16 02:45:00,LINE_A,SHIFT_C,26.74,0.56,0.44,2.674,2.674,5.349
2026-09-16 03:00:00,LINE_A,SHIFT_C,26.79,0.565,0.435,2.679,2.679,5.358
2026-09-16 03:15:00,LINE_A,SHIFT_C,26.84,0.565,0.435,2.684,2.684,5.367
2026-09-16 03:30:00,LINE_A,SHIFT_C,26.89,0.565,0.435,2.689,2.689,5.378
2026-09-16 03:45:00,LINE_A,SHIFT_C,26.95,0.565,0.435,2.695,2.695,5.389
2026-09-16 04:00:00,LINE_A,SHIFT_C,27.01,0.57,0.43,2.701,2.701,5.402
2026-09-16 04:15:00,LINE_A,SHIFT_C,27.08,0.57,0.43,2.708,2.708,5.415
2026-09-16 04:30:00,LINE_A,SHIFT_C,27.15,0.57,0.43,2.715,2.715,5.43
2026-09-16 04:45:00,LINE_A,SHIFT_C,27.22,0.57,0.43,2.722,2.722,5.444
2026-09-16 05:00:00,LINE_A,SHIFT_C,27.3,0.575,0.425,2.73,2.73,5.46
2026-09-16 05:15:00,LINE_A,SHIFT_C,27.38,0.575,0.425,2.738,2.738,5.476
2026-09-16 05:30:00,LINE_A,SHIFT_C,27.46,0.575,0.425,2.746,2.746,5.493
2026-09-16 05:45:00,LINE_A,SHIFT_C,27.55,0.575,0.425,2.755,2.755,5.51
2026-09-16 06:00:00,LINE_A,SHIFT_A,33.56,0.58,0.42,3.356,3.356,6.712
2026-09-16 06:15:00,LINE_A,SHIFT_A,33.67,0.58,0.42,3.367,3.367,6.734
2026-09-16 06:30:00,LINE_A,SHIFT_A,33.78,0.58,0.42,3.378,3.378,6.756
2026-09-16 06:45:00,LINE_A,SHIFT_A,33.89,0.58,0.42,3.389,3.389,6.778
2026-09-16 07:00:00,LINE_A,SHIFT_A,34.0,0.585,0.415,3.4,3.4,6.8
2026-09-16 07:15:00,LINE_A,SHIFT_A,34.11,0.585,0.415,3.411,3.411,6.822
2026-09-16 07:30:00,LINE_A,SHIFT_A,34.22,0.585,0.415,3.422,3.422,6.844
2026-09-16 07:45:00,LINE_A,SHIFT_A,34.33,0.585,0.415,3.433,3.433,6.866
2026-09-16 08:00:00,LINE_A,SHIFT_A,34.44,0.589,0.411,3.444,3.444,6.888
2026-09-16 08:15:00,LINE_A,SHIFT_A,34.55,0.589,0.411,3.455,3.455,6.909
2026-09-16 08:30:00,LINE_A,SHIFT_A,34.65,0.589,0.411,3.465,3.465,6.93
2026-09-16 08:45:00,LINE_A,SHIFT_A,34.75,0.589,0.411,3.475,3.475,6.95
2026-09-16 09:00:00,LINE_A,SHIFT_A,34.85,0.594,0.406,3.485,3.485,6.97
2026-09-16 09:15:00,LINE_A,SHIFT_A,34.94,0.594,0.406,3.494,3.494,6.989
2026-09-16 09:30:00,LINE_A,SHIFT_A,35.03,0.594,0.406,3.503,3.503,7.007
2026-09-16 09:45:00,LINE_A,SHIFT_A,35.12,0.594,0.406,3.512,3.512,7.024
2026-09-16 10:00:00,LINE_A,SHIFT_A,35.2,0.599,0.401,3.52,3.52,7.04
2026-09-16 10:15:00,LINE_A,SHIFT_A,35.28,0.599,0.401,3.528,3.528,7.056
2026-09-16 10:30:00,LINE_A,SHIFT_A,35.35,0.599,0.401,3.535,3.535,7.07
2026-09-16 10:45:00,LINE_A,SHIFT_A,35.41,0.599,0.401,3.541,3.541,7.083
2026-09-16 11:00:00,LINE_A,SHIFT_A,35.47,0.603,0.397,3.547,3.547,7.094
2026-09-16 11:15:00,LINE_A,SHIFT_A,35.52,0.603,0.397,3.552,3.552,7.105
2026-09-16 11:30:00,LINE_A,SHIFT_A,31.3,0.603,0.397,3.13,3.13,6.26
2026-09-16 11:45:00,LINE_A,SHIFT_A,31.34,0.603,0.397,3.134,3.134,6.267
2026-09-16 12:00:00,LINE_A,SHIFT_A,35.64,0.608,0.392,3.564,3.564,7.128
2026-09-16 12:15:00,LINE_A,SHIFT_A,35.67,0.608,0.392,3.567,3.567,7.133
2026-09-16 12:30:00,LINE_A,SHIFT_A,35.69,0.608,0.392,3.569,3.569,7.137
2026-09-16 12:45:00,LINE_A,SHIFT_A,35.7,0.608,0.392,3.57,3.57,7.139
2026-09-16 13:00:00,LINE_A,SHIFT_A,35.7,0.612,0.388,3.57,3.57,7.14
2026-09-16 13:15:00,LINE_A,SHIFT_A,35.7,0.612,0.388,3.57,3.57,7.139
2026-09-16 13:30:00,LINE_A,SHIFT_A,35.69,0.612,0.388,3.569,3.569,7.137
2026-09-16 13:45:00,LINE_A,SHIFT_A,35.67,0.612,0.388,3.567,3.567,7.133
2026-09-16 14:00:00,LINE_A,SHIFT_B,37.74,0.616,0.384,3.774,3.774,7.548
2026-09-16 14:15:00,LINE_A,SHIFT_B,37.7,0.616,0.384,3.77,3.77,7.541
2026-09-16 14:30:00,LINE_A,SHIFT_B,37.66,0.616,0.384,3.766,3.766,7.533
2026-09-16 14:45:00,LINE_A,SHIFT_B,37.61,0.616,0.384,3.761,3.761,7.523
2026-09-16 15:00:00,LINE_A,SHIFT_B,37.56,0.62,0.38,3.756,3.756,7.512
2026-09-16 15:15:00,LINE_A,SHIFT_B,37.5,0.62,0.38,3.75,3.75,7.499
2026-09-16 15:30:00,LINE_A,SHIFT_B,37.43,0.62,0.38,3.743,3.743,7.486
2026-09-16 15:45:00,LINE_A,SHIFT_B,37.35,0.62,0.38,3.735,3.735,7.471
2026-09-16 16:00:00,LINE_A,SHIFT_B,37.27,0.624,0.376,3.727,3.727,7.455
2026-09-16 16:15:00,LINE_A,SHIFT_B,37.19,0.624,0.376,3.719,3.719,7.437
2026-09-16 16:30:00,LINE_A,SHIFT_B,37.1,0.624,0.376,3.71,3.71,7.419
2026-09-16 16:45:00,LINE_A,SHIFT_B,37.0,0.624,0.376,3.7,3.7,7.4
2026-09-16 17:00:00,LINE_A,SHIFT_B,36.9,0.628,0.372,3.69,3.69,7.38
2026-09-16 17:15:00,LINE_A,SHIFT_B,36.8,0.628,0.372,3.68,3.68,7.359
2026-09-16 17:30:00,LINE_A,SHIFT_B,36.69,0.628,0.372,3.669,3.669,7.338
2026-09-16 17:45:00,LINE_A,SHIFT_B,36.58,0.628,0.372,3.658,3.658,7.316
2026-09-16 18:00:00,LINE_A,SHIFT_B,36.47,0.632,0.368,3.647,3.647,7.293
2026-09-16 18:15:00,LINE_A,SHIFT_B,36.35,0.632,0.368,3.635,3.635,7.27
2026-09-16 18:30:00,LINE_A,SHIFT_B,36.23,0.632,0.368,3.623,3.623,7.247
2026-09-16 18:45:00,LINE_A,SHIFT_B,36.12,0.632,0.368,3.612,3.612,7.224
2026-09-16 19:00:00,LINE_A,SHIFT_B,31.68,0.635,0.365,3.168,3.168,6.336
2026-09-16 19:15:00,LINE_A,SHIFT_B,31.58,0.635,0.365,3.158,3.158,6.315
2026-09-16 19:30:00,LINE_A,SHIFT_B,35.77,0.635,0.365,3.577,3.577,7.153
2026-09-16 19:45:00,LINE_A,SHIFT_B,35.65,0.635,0.365,3.565,3.565,7.13
2026-09-16 20:00:00,LINE_A,SHIFT_B,35.53,0.639,0.361,3.553,3.553,7.107
2026-09-16 20:15:00,LINE_A,SHIFT_B,35.42,0.639,0.361,3.542,3.542,7.084
2026-09-16 20:30:00,LINE_A,SHIFT_B,35.31,0.639,0.361,3.531,3.531,7.062
2026-09-16 20:45:00,LINE_A,SHIFT_B,35.2,0.639,0.361,3.52,3.52,7.041
2026-09-16 21:00:00,LINE_A,SHIFT_B,35.1,0.642,0.358,3.51,3.51,7.02
2026-09-16 21:15:00,LINE_A,SHIFT_B,35.0,0.642,0.358,3.5,3.5,7.0
2026-09-16 21:30:00,LINE_A,SHIFT_B,34.9,0.642,0.358,3.49,3.49,6.981
2026-09-16 21:45:00,LINE_A,SHIFT_B,34.81,0.642,0.358,3.481,3.481,6.963
2026-09-16 22:00:00,LINE_A,SHIFT_C,27.01,0.645,0.355,2.701,2.701,5.402
2026-09-16 22:15:00,LINE_A,SHIFT_C,26.95,0.645,0.355,2.695,2.695,5.389
2026-09-16 22:30:00,LINE_A,SHIFT_C,26.89,0.645,0.355,2.689,2.689,5.378
2026-09-16 22:45:00,LINE_A,SHIFT_C,26.84,0.645,0.355,2.684,2.684,5.367
2026-09-16 23:00:00,LINE_A,SHIFT_C,26.79,0.648,0.352,2.679,2.679,5.358
2026-09-16 23:15:00,LINE_A,SHIFT_C,26.74,0.648,0.352,2.674,2.674,5.349
2026-09-16 23:30:00,LINE_A,SHIFT_C,26.71,0.648,0.352,2.671,2.671,5.341
2026-09-16 23:45:00,LINE_A,SHIFT_C,26.67,0.648,0.352,2.667,2.667,5.335
2026-09-17 00:00:00,LINE_A,SHIFT_C,26.65,0.644,0.356,2.665,2.665,5.33
2026-09-17 00:15:00,LINE_A,SHIFT_C,26.63,0.644,0.356,2.663,2.663,5.325
2026-09-17 00:30:00,LINE_A,SHIFT_C,26.61,0.644,0.356,2.661,2.661,5.322
2026-09-17 00:45:00,LINE_A,SHIFT_C,26.6,0.644,0.356,2.66,2.66,5.321
2026-09-17 01:00:00,LINE_A,SHIFT_C,26.6,0.647,0.353,2.66,2.66,5.32
2026-09-17 01:15:00,LINE_A,SHIFT_C,26.6,0.647,0.353,2.66,2.66,5.321
2026-09-17 01:30:00,LINE_A,SHIFT_C,26.61,0.647,0.353,2.661,2.661,5.322
2026-09-17 01:45:00,LINE_A,SHIFT_C,26.63,0.647,0.353,2.663,2.663,5.325
2026-09-17 02:00:00,LINE_A,SHIFT_C,26.65,0.65,0.35,2.665,2.665,5.33
2026-09-17 02:15:00,LINE_A,SHIFT_C,26.67,0.65,0.35,2.667,2.667,5.335
2026-09-17 02:30:00,LINE_A,SHIFT_C,26.71,0.65,0.35,2.671,2.671,5.341
2026-09-17 02:45:00,LINE_A,SHIFT_C,26.74,0.65,0.35,2.674,2.674,5.349
2026-09-17 03:00:00,LINE_A,SHIFT_C,26.79,0.652,0.348,2.679,2.679,5.358
2026-09-17 03:15:00,LINE_A,SHIFT_C,26.84,0.652,0.348,2.684,2.684,5.367
2026-09-17 03:30:00,LINE_A,SHIFT_C,26.89,0.652,0.348,2.689,2.689,5.378
2026-09-17 03:45:00,LINE_A,SHIFT_C,26.95,0.652,0.348,2.695,2.695,5.389
2026-09-17 04:00:00,LINE_A,SHIFT_C,27.01,0.655,0.345,2.701,2.701,5.402
2026-09-17 04:15:00,LINE_A,SHIFT_C,27.08,0.655,0.345,2.708,2.708,5.415
2026-09-17 04:30:00,LINE_A,SHIFT_C,27.15,0.655,0.345,2.715,2.715,5.43
2026-09-17 04:45:00,LINE_A,SHIFT_C,27.22,0.655,0.345,2.722,2.722,5.444
2026-09-17 05:00:00,LINE_A,SHIFT_C,27.3,0.657,0.343,2.73,2.73,5.46
2026-09-17 05:15:00,LINE_A,SHIFT_C,27.38,0.657,0.343,2.738,2.738,5.476
2026-09-17 05:30:00,LINE_A,SHIFT_C,27.46,0.657,0.343,2.746,2.746,5.493
2026-09-17 05:45:00,LINE_A,SHIFT_C,27.55,0.657,0.343,2.755,2.755,5.51
2026-09-17 06:00:00,LINE_A,SHIFT_A,33.56,0.659,0.341,3.356,3.356,6.712
2026-09-17 06:15:00,LINE_A,SHIFT_A,33.67,0.659,0.341,3.367,3.367,6.734
2026-09-17 06:30:00,LINE_A,SHIFT_A,33.78,0.659,0.341,3.378,3.378,6.756
2026-09-17 06:45:00,LINE_A,SHIFT_A,33.89,0.659,0.341,3.389,3.389,6.778
2026-09-17 07:00:00,LINE_A,SHIFT_A,34.0,0.661,0.339,3.4,3.4,6.8
2026-09-17 07:15:00,LINE_A,SHIFT_A,34.11,0.661,0.339,3.411,3.411,6.822
2026-09-17 07:30:00,LINE_A,SHIFT_A,34.22,0.661,0.339,3.422,3.422,6.844
2026-09-17 07:45:00,LINE_A,SHIFT_A,34.33,0.661,0.339,3.433,3.433,6.866
2026-09-17 08:00:00,LINE_A,SHIFT_A,34.44,0.663,0.337,3.444,3.444,6.888
2026-09-17 08:15:00,LINE_A,SHIFT_A,34.55,0.663,0.337,3.455,3.455,6.909
2026-09-17 08:30:00,LINE_A,SHIFT_A,34.65,0.663,0.337,3.465,3.465,6.93
2026-09-17 08:45:00,LINE_A,SHIFT_A,34.75,0.663,0.337,3.475,3.475,6.95
2026-09-17 09:00:00,LINE_A,SHIFT_A,34.85,0.665,0.335,3.485,3.485,6.97
2026-09-17 09:15:00,LINE_A,SHIFT_A,34.94,0.665,0.335,3.494,3.494,6.989
2026-09-17 09:30:00,LINE_A,SHIFT_A,35.03,0.665,0.335,3.503,3.503,7.007
2026-09-17 09:45:00,LINE_A,SHIFT_A,35.12,0.665,0.335,3.512,3.512,7.024
2026-09-17 10:00:00,LINE_A,SHIFT_A,35.2,0.666,0.334,3.52,3.52,7.04
2026-09-17 10:15:00,LINE_A,SHIFT_A,35.28,0.666,0.334,3.528,3.528,7.056
2026-09-17 10:30:00,LINE_A,SHIFT_A,35.35,0.666,0.334,3.535,3.535,7.07
2026-09-17 10:45:00,LINE_A,SHIFT_A,35.41,0.666,0.334,3.541,3.541,7.083
2026-09-17 11:00:00,LINE_A,SHIFT_A,35.47,0.667,0.333,3.547,3.547,7.094
2026-09-17 11:15:00,LINE_A,SHIFT_A,35.52,0.667,0.333,3.552,3.552,7.105
2026-09-17 11:30:00,LINE_A,SHIFT_A,31.3,0.667,0.333,3.13,3.13,6.26
2026-09-17 11:45:00,LINE_A,SHIFT_A,31.34,0.667,0.333,3.134,3.134,6.267
2026-09-17 12:00:00,LINE_A,SHIFT_A,35.64,0.668,0.332,3.564,3.564,7.128
2026-09-17 12:15:00,LINE_A,SHIFT_A,35.67,0.668,0.332,3.567,3.567,7.133
2026-09-17 12:30:00,LINE_A,SHIFT_A,35.69,0.668,0.332,3.569,3.569,7.137
2026-09-17 12:45:00,LINE_A,SHIFT_A,35.7,0.668,0.332,3.57,3.57,7.139
2026-09-17 13:00:00,LINE_A,SHIFT_A,35.7,0.669,0.331,3.57,3.57,7.14
2026-09-17 13:15:00,LINE_A,SHIFT_A,35.7,0.669,0.331,3.57,3.57,7.139
2026-09-17 13:30:00,LINE_A,SHIFT_A,35.69,0.669,0.331,3.569,3.569,7.137
2026-09-17 13:45:00,LINE_A,SHIFT_A,35.67,0.669,0.331,3.567,3.567,7.133
2026-09-17 14:00:00,LINE_A,SHIFT_B,37.74,0.67,0.33,3.774,3.774,7.548
2026-09-17 14:15:00,LINE_A,SHIFT_B,37.7,0.67,0.33,3.77,3.77,7.541
2026-09-17 14:30:00,LINE_A,SHIFT_B,37.66,0.67,0.33,3.766,3.766,7.533
2026-09-17 14:45:00,LINE_A,SHIFT_B,37.61,0.67,0.33,3.761,3.761,7.523
2026-09-17 15:00:00,LINE_A,SHIFT_B,37.56,0.67,0.33,3.756,3.756,7.512
2026-09-17 15:15:00,LINE_A,SHIFT_B,37.5,0.67,0.33,3.75,3.75,7.499
2026-09-17 15:30:00,LINE_A,SHIFT_B,37.43,0.67,0.33,3.743,3.743,7.486
2026-09-17 15:45:00,LINE_A,SHIFT_B,37.35,0.67,0.33,3.735,3.735,7.471
2026-09-17 16:00:00,LINE_A,SHIFT_B,37.27,0.67,0.33,3.727,3.727,7.455
2026-09-17 16:15:00,LINE_A,SHIFT_B,37.19,0.67,0.33,3.719,3.719,7.437
2026-09-17 16:30:00,LINE_A,SHIFT_B,37.1,0.67,0.33,3.71,3.71,7.419
2026-09-17 16:45:00,LINE_A,SHIFT_B,37.0,0.67,0.33,3.7,3.7,7.4
2026-09-17 17:00:00,LINE_A,SHIFT_B,36.9,0.67,0.33,3.69,3.69,7.38
2026-09-17 17:15:00,LINE_A,SHIFT_B,36.8,0.67,0.33,3.68,3.68,7.359
2026-09-17 17:30:00,LINE_A,SHIFT_B,36.69,0.67,0.33,3.669,3.669,7.338
2026-09-17 17:45:00,LINE_A,SHIFT_B,36.58,0.67,0.33,3.658,3.658,7.316
2026-09-17 18:00:00,LINE_A,SHIFT_B,36.47,0.67,0.33,3.647,3.647,7.293
2026-09-17 18:15:00,LINE_A,SHIFT_B,36.35,0.67,0.33,3.635,3.635,7.27
2026-09-17 18:30:00,LINE_A,SHIFT_B,36.23,0.67,0.33,3.623,3.623,7.247
2026-09-17 18:45:00,LINE_A,SHIFT_B,36.12,0.67,0.33,3.612,3.612,7.224
2026-09-17 19:00:00,LINE_A,SHIFT_B,31.68,0.669,0.331,3.168,3.168,6.336
2026-09-17 19:15:00,LINE_A,SHIFT_B,31.58,0.669,0.331,3.158,3.158,6.315
2026-09-17 19:30:00,LINE_A,SHIFT_B,35.77,0.669,0.331,3.577,3.577,7.153
2026-09-17 19:45:00,LINE_A,SHIFT_B,35.65,0.669,0.331,3.565,3.565,7.13
2026-09-17 20:00:00,LINE_A,SHIFT_B,35.53,0.668,0.332,3.553,3.553,7.107
2026-09-17 20:15:00,LINE_A,SHIFT_B,35.42,0.668,0.332,3.542,3.542,7.084
2026-09-17 20:30:00,LINE_A,SHIFT_B,35.31,0.668,0.332,3.531,3.531,7.062
2026-09-17 20:45:00,LINE_A,SHIFT_B,35.2,0.668,0.332,3.52,3.52,7.041
2026-09-17 21:00:00,LINE_A,SHIFT_B,35.1,0.668,0.332,3.51,3.51,7.02
2026-09-17 21:15:00,LINE_A,SHIFT_B,35.0,0.668,0.332,3.5,3.5,7.0
2026-09-17 21:30:00,LINE_A,SHIFT_B,34.9,0.668,0.332,3.49,3.49,6.981
2026-09-17 21:45:00,LINE_A,SHIFT_B,34.81,0.668,0.332,3.481,3.481,6.963
2026-09-17 22:00:00,LINE_A,SHIFT_C,27.01,0.666,0.334,2.701,2.701,5.402
2026-09-17 22:15:00,LINE_A,SHIFT_C,26.95,0.666,0.334,2.695,2.695,5.389
2026-09-17 22:30:00,LINE_A,SHIFT_C,26.89,0.666,0.334,2.689,2.689,5.378
2026-09-17 22:45:00,LINE_A,SHIFT_C,26.84,0.666,0.334,2.684,2.684,5.367
2026-09-17 23:00:00,LINE_A,SHIFT_C,26.79,0.665,0.335,2.679,2.679,5.358
2026-09-17 23:15:00,LINE_A,SHIFT_C,26.74,0.665,0.335,2.674,2.674,5.349
2026-09-17 23:30:00,LINE_A,SHIFT_C,26.71,0.665,0.335,2.671,2.671,5.341
2026-09-17 23:45:00,LINE_A,SHIFT_C,26.67,0.665,0.335,2.667,2.667,5.335
2026-09-18 00:00:00,LINE_A,SHIFT_C,26.65,0.667,0.333,2.665,2.665,5.33
2026-09-18 00:15:00,LINE_A,SHIFT_C,26.63,0.667,0.333,2.663,2.663,5.325
2026-09-18 00:30:00,LINE_A,SHIFT_C,26.61,0.667,0.333,2.661,2.661,5.322
2026-09-18 00:45:00,LINE_A,SHIFT_C,26.6,0.667,0.333,2.66,2.66,5.321
2026-09-18 01:00:00,LINE_A,SHIFT_C,26.6,0.666,0.334,2.66,2.66,5.32
2026-09-18 01:15:00,LINE_A,SHIFT_C,26.6,0.666,0.334,2.66,2.66,5.321
2026-09-18 01:30:00,LINE_A,SHIFT_C,26.61,0.666,0.334,2.661,2.661,5.322
2026-09-18 01:45:00,LINE_A,SHIFT_C,26.63,0.666,0.334,2.663,2.663,5.325
2026-09-18 02:00:00,LINE_A,SHIFT_C,26.65,0.664,0.336,2.665,2.665,5.33
2026-09-18 02:15:00,LINE_A,SHIFT_C,26.67,0.664,0.336,2.667,2.667,5.335
2026-09-18 02:30:00,LINE_A,SHIFT_C,26.71,0.664,0.336,2.671,2.671,5.341
2026-09-18 02:45:00,LINE_A,SHIFT_C,26.74,0.664,0.336,2.674,2.674,5.349
2026-09-18 03:00:00,LINE_A,SHIFT_C,26.79,0.663,0.337,2.679,2.679,5.358
2026-09-18 03:15:00,LINE_A,SHIFT_C,26.84,0.663,0.337,2.684,2.684,5.367
2026-09-18 03:30:00,LINE_A,SHIFT_C,26.89,0.663,0.337,2.689,2.689,5.378
2026-09-18 03:45:00,LINE_A,SHIFT_C,26.95,0.663,0.337,2.695,2.695,5.389
2026-09-18 04:00:00,LINE_A,SHIFT_C,27.01,0.661,0.339,2.701,2.701,5.402
2026-09-18 04:15:00,LINE_A,SHIFT_C,27.08,0.661,0.339,2.708,2.708,5.415
2026-09-18 04:30:00,LINE_A,SHIFT_C,27.15,0.661,0.339,2.715,2.715,5.43
2026-09-18 04:45:00,LINE_A,SHIFT_C,27.22,0.661,0.339,2.722,2.722,5.444
2026-09-18 05:00:00,LINE_A,SHIFT_C,27.3,0.659,0.341,2.73,2.73,5.46
2026-09-18 05:15:00,LINE_A,SHIFT_C,27.38,0.659,0.341,2.738,2.738,5.476
2026-09-18 05:30:00,LINE_A,SHIFT_C,27.46,0.659,0.341,2.746,2.746,5.493
2026-09-18 05:45:00,LINE_A,SHIFT_C,27.55,0.659,0.341,2.755,2.755,5.51
2026-09-18 06:00:00,LINE_A,SHIFT_A,33.56,0.657,0.343,3.356,3.356,6.712
2026-09-18 06:15:00,LINE_A,SHIFT_A,33.67,0.657,0.343,3.367,3.367,6.734
2026-09-18 06:30:00,LINE_A,SHIFT_A,33.78,0.657,0.343,3.378,3.378,6.756
2026-09-18 06:45:00,LINE_A,SHIFT_A,33.89,0.657,0.343,3.389,3.389,6.778
2026-09-18 07:00:00,LINE_A,SHIFT_A,34.0,0.654,0.346,3.4,3.4,6.8
2026-09-18 07:15:00,LINE_A,SHIFT_A,34.11,0.654,0.346,3.411,3.411,6.822
2026-09-18 07:30:00,LINE_A,SHIFT_A,34.22,0.654,0.346,3.422,3.422,6.844
2026-09-18 07:45:00,LINE_A,SHIFT_A,34.33,0.654,0.346,3.433,3.433,6.866
2026-09-18 08:00:00,LINE_A,SHIFT_A,34.44,0.652,0.348,3.444,3.444,6.888
2026-09-18 08:15:00,LINE_A,SHIFT_A,34.55,0.652,0.348,3.455,3.455,6.909
2026-09-18 08:30:00,LINE_A,SHIFT_A,34.65,0.652,0.348,3.465,3.465,6.93
2026-09-18 08:45:00,LINE_A,SHIFT_A,34.75,0.652,0.348,3.475,3.475,6.95
2026-09-18 09:00:00,LINE_A,SHIFT_A,34.85,0.649,0.351,3.485,3.485,6.97
2026-09-18 09:15:00,LINE_A,SHIFT_A,34.94,0.649,0.351,3.494,3.494,6.989
2026-09-18 09:30:00,LINE_A,SHIFT_A,35.03,0.649,0.351,3.503,3.503,7.007
2026-09-18 09:45:00,LINE_A,SHIFT_A,35.12,0.649,0.351,3.512,3.512,7.024
2026-09-18 10:00:00,LINE_A,SHIFT_A,35.2,0.646,0.354,3.52,3.52,7.04
2026-09-18 10:15:00,LINE_A,SHIFT_A,35.28,0.646,0.354,3.528,3.528,7.056
2026-09-18 10:30:00,LINE_A,SHIFT_A,35.35,0.646,0.354,3.535,3.535,7.07
2026-09-18 10:45:00,LINE_A,SHIFT_A,35.41,0.646,0.354,3.541,3.541,7.083
2026-09-18 11:00:00,LINE_A,SHIFT_A,35.47,0.643,0.357,3.547,3.547,7.094
2026-09-18 11:15:00,LINE_A,SHIFT_A,35.52,0.643,0.357,3.552,3.552,7.105
2026-09-18 11:30:00,LINE_A,SHIFT_A,31.3,0.643,0.357,3.13,3.13,6.26
2026-09-18 11:45:00,LINE_A,SHIFT_A,31.34,0.643,0.357,3.134,3.134,6.267
2026-09-18 12:00:00,LINE_A,SHIFT_A,35.64,0.64,0.36,3.564,3.564,7.128
2026-09-18 12:15:00,LINE_A,SHIFT_A,35.67,0.64,0.36,3.567,3.567,7.133
2026-09-18 12:30:00,LINE_A,SHIFT_A,35.69,0.64,0.36,3.569,3.569,7.137
2026-09-18 12:45:00,LINE_A,SHIFT_A,35.7,0.64,0.36,3.57,3.57,7.139
2026-09-18 13:00:00,LINE_A,SHIFT_A,35.7,0.636,0.364,3.57,3.57,7.14
2026-09-18 13:15:00,LINE_A,SHIFT_A,35.7,0.636,0.364,3.57,3.57,7.139
2026-09-18 13:30:00,LINE_A,SHIFT_A,35.69,0.636,0.364,3.569,3.569,7.137
2026-09-18 13:45:00,LINE_A,SHIFT_A,35.67,0.636,0.364,3.567,3.567,7.133
2026-09-18 14:00:00,LINE_A,SHIFT_B,37.74,0.633,0.367,3.774,3.774,7.548
2026-09-18 14:15:00,LINE_A,SHIFT_B,37.7,0.633,0.367,3.77,3.77,7.541
2026-09-18 14:30:00,LINE_A,SHIFT_B,37.66,0.633,0.367,3.766,3.766,7.533
2026-09-18 14:45:00,LINE_A,SHIFT_B,37.61,0.633,0.367,3.761,3.761,7.523
2026-09-18 15:00:00,LINE_A,SHIFT_B,37.56,0.629,0.371,3.756,3.756,7.512
2026-09-18 15:15:00,LINE_A,SHIFT_B,37.5,0.629,0.371,3.75,3.75,7.499
2026-09-18 15:30:00,LINE_A,SHIFT_B,37.43,0.629,0.371,3.743,3.743,7.486
2026-09-18 15:45:00,LINE_A,SHIFT_B,37.35,0.629,0.371,3.735,3.735,7.471
2026-09-18 16:00:00,LINE_A,SHIFT_B,37.27,0.625,0.375,3.727,3.727,7.455
2026-09-18 16:15:00,LINE_A,SHIFT_B,37.19,0.625,0.375,3.719,3.719,7.437
2026-09-18 16:30:00,LINE_A,SHIFT_B,37.1,0.625,0.375,3.71,3.71,7.419
2026-09-18 16:45:00,LINE_A,SHIFT_B,37.0,0.625,0.375,3.7,3.7,7.4
2026-09-18 17:00:00,LINE_A,SHIFT_B,36.9,0.621,0.379,3.69,3.69,7.38
2026-09-18 17:15:00,LINE_A,SHIFT_B,36.8,0.621,0.379,3.68,3.68,7.359
2026-09-18 17:30:00,LINE_A,SHIFT_B,36.69,0.621,0.379,3.669,3.669,7.338
2026-09-18 17:45:00,LINE_A,SHIFT_B,36.58,0.621,0.379,3.658,3.658,7.316
2026-09-18 18:00:00,LINE_A,SHIFT_B,36.47,0.617,0.383,3.647,3.647,7.293
2026-09-18 18:15:00,LINE_A,SHIFT_B,36.35,0.617,0.383,3.635,3.635,7.27
2026-09-18 18:30:00,LINE_A,SHIFT_B,36.23,0.617,0.383,3.623,3.623,7.247
2026-09-18 18:45:00,LINE_A,SHIFT_B,36.12,0.617,0.383,3.612,3.612,7.224
2026-09-18 19:00:00,LINE_A,SHIFT_B,31.68,0.613,0.387,3.168,3.168,6.336
2026-09-18 19:15:00,LINE_A,SHIFT_B,31.58,0.613,0.387,3.158,3.158,6.315
2026-09-18 19:30:00,LINE_A,SHIFT_B,35.77,0.613,0.387,3.577,3.577,7.153
2026-09-18 19:45:00,LINE_A,SHIFT_B,35.65,0.613,0.387,3.565,3.565,7.13
2026-09-18 20:00:00,LINE_A,SHIFT_B,35.53,0.609,0.391,3.553,3.553,7.107
2026-09-18 20:15:00,LINE_A,SHIFT_B,35.42,0.609,0.391,3.542,3.542,7.084
2026-09-18 20:30:00,LINE_A,SHIFT_B,35.31,0.609,0.391,3.531,3.531,7.062
2026-09-18 20:45:00,LINE_A,SHIFT_B,35.2,0.609,0.391,3.52,3.52,7.041
2026-09-18 21:00:00,LINE_A,SHIFT_B,35.1,0.604,0.396,3.51,3.51,7.02
2026-09-18 21:15:00,LINE_A,SHIFT_B,35.0,0.604,0.396,3.5,3.5,7.0
2026-09-18 21:30:00,LINE_A,SHIFT_B,34.9,0.604,0.396,3.49,3.49,6.981
2026-09-18 21:45:00,LINE_A,SHIFT_B,34.81,0.604,0.396,3.481,3.481,6.963
2026-09-18 22:00:00,LINE_A,SHIFT_C,27.01,0.6,0.4,2.701,2.701,5.402
2026-09-18 22:15:00,LINE_A,SHIFT_C,26.95,0.6,0.4,2.695,2.695,5.389
2026-09-18 22:30:00,LINE_A,SHIFT_C,26.89,0.6,0.4,2.689,2.689,5.378
2026-09-18 22:45:00,LINE_A,SHIFT_C,26.84,0.6,0.4,2.684,2.684,5.367
2026-09-18 23:00:00,LINE_A,SHIFT_C,26.79,0.595,0.405,2.679,2.679,5.358
2026-09-18 23:15:00,LINE_A,SHIFT_C,26.74,0.595,0.405,2.674,2.674,5.349
2026-09-18 23:30:00,LINE_A,SHIFT_C,26.71,0.595,0.405,2.671,2.671,5.341
2026-09-18 23:45:00,LINE_A,SHIFT_C,26.67,0.595,0.405,2.667,2.667,5.335
2026-09-19 00:00:00,LINE_A,SHIFT_C,21.85,0.602,0.398,2.185,2.185,4.37
2026-09-19 00:15:00,LINE_A,SHIFT_C,21.83,0.602,0.398,2.183,2.183,4.367
2026-09-19 00:30:00,LINE_A,SHIFT_C,21.82,0.602,0.398,2.182,2.182,4.364
2026-09-19 00:45:00,LINE_A,SHIFT_C,21.81,0.602,0.398,2.181,2.181,4.363
2026-09-19 01:00:00,LINE_A,SHIFT_C,21.81,0.598,0.402,2.181,2.181,4.362
2026-09-19 01:15:00,LINE_A,SHIFT_C,21.81,0.598,0.402,2.181,2.181,4.363
2026-09-19 01:30:00,LINE_A,SHIFT_C,21.82,0.598,0.402,2.182,2.182,4.364
2026-09-19 01:45:00,LINE_A,SHIFT_C,21.83,0.598,0.402,2.183,2.183,4.367
2026-09-19 02:00:00,LINE_A,SHIFT_C,21.85,0.593,0.407,2.185,2.185,4.37
2026-09-19 02:15:00,LINE_A,SHIFT_C,21.87,0.593,0.407,2.187,2.187,4.375
2026-09-19 02:30:00,LINE_A,SHIFT_C,21.9,0.593,0.407,2.19,2.19,4.38
2026-09-19 02:45:00,LINE_A,SHIFT_C,21.93,0.593,0.407,2.193,2.193,4.386
2026-09-19 03:00:00,LINE_A,SHIFT_C,21.97,0.588,0.412,2.197,2.197,4.393
2026-09-19 03:15:00,LINE_A,SHIFT_C,22.01,0.588,0.412,2.201,2.201,4.401
2026-09-19 03:30:00,LINE_A,SHIFT_C,22.05,0.588,0.412,2.205,2.205,4.41
2026-09-19 03:45:00,LINE_A,SHIFT_C,22.1,0.588,0.412,2.21,2.21,4.419
2026-09-19 04:00:00,LINE_A,SHIFT_C,22.15,0.583,0.417,2.215,2.215,4.43
2026-09-19 04:15:00,LINE_A,SHIFT_C,22.2,0.583,0.417,2.22,2.22,4.441
2026-09-19 04:30:00,LINE_A,SHIFT_C,22.26,0.583,0.417,2.226,2.226,4.452
2026-09-19 04:45:00,LINE_A,SHIFT_C,22.32,0.583,0.417,2.232,2.232,4.464
2026-09-19 05:00:00,LINE_A,SHIFT_C,22.39,0.579,0.421,2.239,2.239,4.477
2026-09-19 05:15:00,LINE_A,SHIFT_C,22.45,0.579,0.421,2.245,2.245,4.49
2026-09-19 05:30:00,LINE_A,SHIFT_C,22.52,0.579,0.421,2.252,2.252,4.504
2026-09-19 05:45:00,LINE_A,SHIFT_C,22.59,0.579,0.421,2.259,2.259,4.518
2026-09-19 06:00:00,LINE_A,SHIFT_A,27.52,0.574,0.426,2.752,2.752,5.504
2026-09-19 06:15:00,LINE_A,SHIFT_A,27.61,0.574,0.426,2.761,2.761,5.522
2026-09-19 06:30:00,LINE_A,SHIFT_A,27.7,0.574,0.426,2.77,2.77,5.54
2026-09-19 06:45:00,LINE_A,SHIFT_A,27.79,0.574,0.426,2.779,2.779,5.558
2026-09-19 07:00:00,LINE_A,SHIFT_A,27.88,0.569,0.431,2.788,2.788,5.576
2026-09-19 07:15:00,LINE_A,SHIFT_A,27.97,0.569,0.431,2.797,2.797,5.594
2026-09-19 07:30:00,LINE_A,SHIFT_A,28.06,0.569,0.431,2.806,2.806,5.612
2026-09-19 07:45:00,LINE_A,SHIFT_A,28.15,0.569,0.431,2.815,2.815,5.63
2026-09-19 08:00:00,LINE_A,SHIFT_A,28.24,0.564,0.436,2.824,2.824,5.648
2026-09-19 08:15:00,LINE_A,SHIFT_A,28.33,0.564,0.436,2.833,2.833,5.666
2026-09-19 08:30:00,LINE_A,SHIFT_A,28.41,0.564,0.436,2.841,2.841,5.683
2026-09-19 08:45:00,LINE_A,SHIFT_A,28.5,0.564,0.436,2.85,2.85,5.699
2026-09-19 09:00:00,LINE_A,SHIFT_A,28.58,0.559,0.441,2.858,2.858,5.715
2026-09-19 09:15:00,LINE_A,SHIFT_A,28.65,0.559,0.441,2.865,2.865,5.731
2026-09-19 09:30:00,LINE_A,SHIFT_A,28.73,0.559,0.441,2.873,2.873,5.746
2026-09-19 09:45:00,LINE_A,SHIFT_A,28.8,0.559,0.441,2.88,2.88,5.76
2026-09-19 10:00:00,LINE_A,SHIFT_A,28.87,0.554,0.446,2.887,2.887,5.773
2026-09-19 10:15:00,LINE_A,SHIFT_A,28.93,0.554,0.446,2.893,2.893,5.786
2026-09-19 10:30:00,LINE_A,SHIFT_A,28.99,0.554,0.446,2.899,2.899,5.797
2026-09-19 10:45:00,LINE_A,SHIFT_A,29.04,0.554,0.446,2.904,2.904,5.808
2026-09-19 11:00:00,LINE_A,SHIFT_A,29.09,0.549,0.451,2.909,2.909,5.817
2026-09-19 11:15:00,LINE_A,SHIFT_A,29.13,0.549,0.451,2.913,2.913,5.826
2026-09-19 11:30:00,LINE_A,SHIFT_A,25.67,0.549,0.451,2.567,2.567,5.134
2026-09-19 11:45:00,LINE_A,SHIFT_A,25.7,0.549,0.451,2.57,2.57,5.139
2026-09-19 12:00:00,LINE_A,SHIFT_A,29.23,0.544,0.456,2.923,2.923,5.845
2026-09-19 12:15:00,LINE_A,SHIFT_A,29.25,0.544,0.456,2.925,2.925,5.849
2026-09-19 12:30:00,LINE_A,SHIFT_A,29.26,0.544,0.456,2.926,2.926,5.852
2026-09-19 12:45:00,LINE_A,SHIFT_A,29.27,0.544,0.456,2.927,2.927,5.854
2026-09-19 13:00:00,LINE_A,SHIFT_A,29.27,0.539,0.461,2.927,2.927,5.855
2026-09-19 13:15:00,LINE_A,SHIFT_A,29.27,0.539,0.461,2.927,2.927,5.854
2026-09-19 13:30:00,LINE_A,SHIFT_A,29.26,0.539,0.461,2.926,2.926,5.852
2026-09-19 13:45:00,LINE_A,SHIFT_A,29.25,0.539,0.461,2.925,2.925,5.849
2026-09-19 14:00:00,LINE_A,SHIFT_B,30.95,0.534,0.466,3.095,3.095,6.189
2026-09-19 14:15:00,LINE_A,SHIFT_B,30.92,0.534,0.466,3.092,3.092,6.184
2026-09-19 14:30:00,LINE_A,SHIFT_B,30.88,0.534,0.466,3.088,3.088,6.177
2026-09-19 14:45:00,LINE_A,SHIFT_B,30.84,0.534,0.466,3.084,3.084,6.169
2026-09-19 15:00:00,LINE_A,SHIFT_B,30.8,0.529,0.471,3.08,3.08,6.16
2026-09-19 15:15:00,LINE_A,SHIFT_B,30.75,0.529,0.471,3.075,3.075,6.149
2026-09-19 15:30:00,LINE_A,SHIFT_B,30.69,0.529,0.471,3.069,3.069,6.138
2026-09-19 15:45:00,LINE_A,SHIFT_B,30.63,0.529,0.471,3.063,3.063,6.126
2026-09-19 16:00:00,LINE_A,SHIFT_B,30.56,0.524,0.476,3.056,3.056,6.113
2026-09-19 16:15:00,LINE_A,SHIFT_B,30.49,0.524,0.476,3.049,3.049,6.099
2026-09-19 16:30:00,LINE_A,SHIFT_B,30.42,0.524,0.476,3.042,3.042,6.084
2026-09-19 16:45:00,LINE_A,SHIFT_B,30.34,0.524,0.476,3.034,3.034,6.068
2026-09-19 17:00:00,LINE_A,SHIFT_B,30.26,0.519,0.481,3.026,3.026,6.052
2026-09-19 17:15:00,LINE_A,SHIFT_B,30.17,0.519,0.481,3.017,3.017,6.035
2026-09-19 17:30:00,LINE_A,SHIFT_B,30.08,0.519,0.481,3.008,3.008,6.017
2026-09-19 17:45:00,LINE_A,SHIFT_B,29.99,0.519,0.481,2.999,2.999,5.999
2026-09-19 18:00:00,LINE_A,SHIFT_B,29.9,0.514,0.486,2.99,2.99,5.98
2026-09-19 18:15:00,LINE_A,SHIFT_B,29.81,0.514,0.486,2.981,2.981,5.962
2026-09-19 18:30:00,LINE_A,SHIFT_B,29.71,0.514,0.486,2.971,2.971,5.943
2026-09-19 18:45:00,LINE_A,SHIFT_B,29.62,0.514,0.486,2.962,2.962,5.923
2026-09-19 19:00:00,LINE_A,SHIFT_B,25.98,0.51,0.49,2.598,2.598,5.196
2026-09-19 19:15:00,LINE_A,SHIFT_B,25.89,0.51,0.49,2.589,2.589,5.179
2026-09-19 19:30:00,LINE_A,SHIFT_B,29.33,0.51,0.49,2.933,2.933,5.865
2026-09-19 19:45:00,LINE_A,SHIFT_B,29.23,0.51,0.49,2.923,2.923,5.846
2026-09-19 20:00:00,LINE_A,SHIFT_B,29.14,0.505,0.495,2.914,2.914,5.828
2026-09-19 20:15:00,LINE_A,SHIFT_B,29.05,0.505,0.495,2.905,2.905,5.809
2026-09-19 20:30:00,LINE_A,SHIFT_B,28.96,0.505,0.495,2.896,2.896,5.791
2026-09-19 20:45:00,LINE_A,SHIFT_B,28.87,0.505,0.495,2.887,2.887,5.773
2026-09-19 21:00:00,LINE_A,SHIFT_B,28.78,0.5,0.5,2.878,2.878,5.756
2026-09-19 21:15:00,LINE_A,SHIFT_B,28.7,0.5,0.5,2.87,2.87,5.74
2026-09-19 21:30:00,LINE_A,SHIFT_B,28.62,0.5,0.5,2.862,2.862,5.724
2026-09-19 21:45:00,LINE_A,SHIFT_B,28.55,0.5,0.5,2.855,2.855,5.709
2026-09-19 22:00:00,LINE_A,SHIFT_C,22.15,0.496,0.504,2.215,2.215,4.43
2026-09-19 22:15:00,LINE_A,SHIFT_C,22.1,0.496,0.504,2.21,2.21,4.419
2026-09-19 22:30:00,LINE_A,SHIFT_C,22.05,0.496,0.504,2.205,2.205,4.41
2026-09-19 22:45:00,LINE_A,SHIFT_C,22.01,0.496,0.504,2.201,2.201,4.401
2026-09-19 23:00:00,LINE_A,SHIFT_C,21.97,0.491,0.509,2.197,2.197,4.393
2026-09-19 23:15:00,LINE_A,SHIFT_C,21.93,0.491,0.509,2.193,2.193,4.386
2026-09-19 23:30:00,LINE_A,SHIFT_C,21.9,0.491,0.509,2.19,2.19,4.38
2026-09-19 23:45:00,LINE_A,SHIFT_C,21.87,0.491,0.509,2.187,2.187,4.375
2026-09-20 00:00:00,LINE_A,SHIFT_C,21.85,0.498,0.502,2.185,2.185,4.37
2026-09-20 00:15:00,LINE_A,SHIFT_C,21.83,0.498,0.502,2.183,2.183,4.367
2026-09-20 00:30:00,LINE_A,SHIFT_C,21.82,0.498,0.502,2.182,2.182,4.364
2026-09-20 00:45:00,LINE_A,SHIFT_C,21.81,0.498,0.502,2.181,2.181,4.363
2026-09-20 01:00:00,LINE_A,SHIFT_C,21.81,0.493,0.507,2.181,2.181,4.362
2026-09-20 01:15:00,LINE_A,SHIFT_C,21.81,0.493,0.507,2.181,2.181,4.363
2026-09-20 01:30:00,LINE_A,SHIFT_C,21.82,0.493,0.507,2.182,2.182,4.364
2026-09-20 01:45:00,LINE_A,SHIFT_C,21.83,0.493,0.507,2.183,2.183,4.367
2026-09-20 02:00:00,LINE_A,SHIFT_C,21.85,0.489,0.511,2.185,2.185,4.37
2026-09-20 02:15:00,LINE_A,SHIFT_C,21.87,0.489,0.511,2.187,2.187,4.375
2026-09-20 02:30:00,LINE_A,SHIFT_C,21.9,0.489,0.511,2.19,2.19,4.38
2026-09-20 02:45:00,LINE_A,SHIFT_C,21.93,0.489,0.511,2.193,2.193,4.386
2026-09-20 03:00:00,LINE_A,SHIFT_C,21.97,0.485,0.515,2.197,2.197,4.393
2026-09-20 03:15:00,LINE_A,SHIFT_C,22.01,0.485,0.515,2.201,2.201,4.401
2026-09-20 03:30:00,LINE_A,SHIFT_C,22.05,0.485,0.515,2.205,2.205,4.41
2026-09-20 03:45:00,LINE_A,SHIFT_C,22.1,0.485,0.515,2.21,2.21,4.419
2026-09-20 04:00:00,LINE_A,SHIFT_C,22.15,0.481,0.519,2.215,2.215,4.43
2026-09-20 04:15:00,LINE_A,SHIFT_C,22.2,0.481,0.519,2.22,2.22,4.441
2026-09-20 04:30:00,LINE_A,SHIFT_C,22.26,0.481,0.519,2.226,2.226,4.452
2026-09-20 04:45:00,LINE_A,SHIFT_C,22.32,0.481,0.519,2.232,2.232,4.464
2026-09-20 05:00:00,LINE_A,SHIFT_C,22.39,0.477,0.523,2.239,2.239,4.477
2026-09-20 05:15:00,LINE_A,SHIFT_C,22.45,0.477,0.523,2.245,2.245,4.49
2026-09-20 05:30:00,LINE_A,SHIFT_C,22.52,0.477,0.523,2.252,2.252,4.504
2026-09-20 05:45:00,LINE_A,SHIFT_C,22.59,0.477,0.523,2.259,2.259,4.518
2026-09-20 06:00:00,LINE_A,SHIFT_A,27.52,0.473,0.527,2.752,2.752,5.504
2026-09-20 06:15:00,LINE_A,SHIFT_A,27.61,0.473,0.527,2.761,2.761,5.522
2026-09-20 06:30:00,LINE_A,SHIFT_A,27.7,0.473,0.527,2.77,2.77,5.54
2026-09-20 06:45:00,LINE_A,SHIFT_A,27.79,0.473,0.527,2.779,2.779,5.558
2026-09-20 07:00:00,LINE_A,SHIFT_A,27.88,0.469,0.531,2.788,2.788,5.576
2026-09-20 07:15:00,LINE_A,SHIFT_A,27.97,0.469,0.531,2.797,2.797,5.594
2026-09-20 07:30:00,LINE_A,SHIFT_A,28.06,0.469,0.531,2.806,2.806,5.612
2026-09-20 07:45:00,LINE_A,SHIFT_A,28.15,0.469,0.531,2.815,2.815,5.63
2026-09-20 08:00:00,LINE_A,SHIFT_A,28.24,0.465,0.535,2.824,2.824,5.648
2026-09-20 08:15:00,LINE_A,SHIFT_A,28.33,0.465,0.535,2.833,2.833,5.666
2026-09-20 08:30:00,LINE_A,SHIFT_A,28.41,0.465,0.535,2.841,2.841,5.683
2026-09-20 08:45:00,LINE_A,SHIFT_A,28.5,0.465,0.535,2.85,2.85,5.699
2026-09-20 09:00:00,LINE_A,SHIFT_A,28.58,0.462,0.538,2.858,2.858,5.715
2026-09-20 09:15:00,LINE_A,SHIFT_A,28.65,0.462,0.538,2.865,2.865,5.731
2026-09-20 09:30:00,LINE_A,SHIFT_A,28.73,0.462,0.538,2.873,2.873,5.746
2026-09-20 09:45:00,LINE_A,SHIFT_A,28.8,0.462,0.538,2.88,2.88,5.76
2026-09-20 10:00:00,LINE_A,SHIFT_A,28.87,0.459,0.541,2.887,2.887,5.773
2026-09-20 10:15:00,LINE_A,SHIFT_A,28.93,0.459,0.541,2.893,2.893,5.786
2026-09-20 10:30:00,LINE_A,SHIFT_A,28.99,0.459,0.541,2.899,2.899,5.797
2026-09-20 10:45:00,LINE_A,SHIFT_A,29.04,0.459,0.541,2.904,2.904,5.808
2026-09-20 11:00:00,LINE_A,SHIFT_A,29.09,0.455,0.545,2.909,2.909,5.817
2026-09-20 11:15:00,LINE_A,SHIFT_A,29.13,0.455,0.545,2.913,2.913,5.826
2026-09-20 11:30:00,LINE_A,SHIFT_A,25.67,0.455,0.545,2.567,2.567,5.134
2026-09-20 11:45:00,LINE_A,SHIFT_A,25.7,0.455,0.545,2.57,2.57,5.139
2026-09-20 12:00:00,LINE_A,SHIFT_A,29.23,0.452,0.548,2.923,2.923,5.845
2026-09-20 12:15:00,LINE_A,SHIFT_A,29.25,0.452,0.548,2.925,2.925,5.849
2026-09-20 12:30:00,LINE_A,SHIFT_A,29.26,0.452,0.548,2.926,2.926,5.852
2026-09-20 12:45:00,LINE_A,SHIFT_A,29.27,0.452,0.548,2.927,2.927,5.854
2026-09-20 13:00:00,LINE_A,SHIFT_A,29.27,0.45,0.55,2.927,2.927,5.855
2026-09-20 13:15:00,LINE_A,SHIFT_A,29.27,0.45,0.55,2.927,2.927,5.854
2026-09-20 13:30:00,LINE_A,SHIFT_A,29.26,0.45,0.55,2.926,2.926,5.852
2026-09-20 13:45:00,LINE_A,SHIFT_A,29.25,0.45,0.55,2.925,2.925,5.849
2026-09-20 14:00:00,LINE_A,SHIFT_B,30.95,0.447,0.553,3.095,3.095,6.189
2026-09-20 14:15:00,LINE_A,SHIFT_B,30.92,0.447,0.553,3.092,3.092,6.184
2026-09-20 14:30:00,LINE_A,SHIFT_B,30.88,0.447,0.553,3.088,3.088,6.177
2026-09-20 14:45:00,LINE_A,SHIFT_B,30.84,0.447,0.553,3.084,3.084,6.169
2026-09-20 15:00:00,LINE_A,SHIFT_B,30.8,0.445,0.555,3.08,3.08,6.16
2026-09-20 15:15:00,LINE_A,SHIFT_B,30.75,0.445,0.555,3.075,3.075,6.149
2026-09-20 15:30:00,LINE_A,SHIFT_B,30.69,0.445,0.555,3.069,3.069,6.138
2026-09-20 15:45:00,LINE_A,SHIFT_B,30.63,0.445,0.555,3.063,3.063,6.126
2026-09-20 16:00:00,LINE_A,SHIFT_B,30.56,0.442,0.558,3.056,3.056,6.113
2026-09-20 16:15:00,LINE_A,SHIFT_B,30.49,0.442,0.558,3.049,3.049,6.099
2026-09-20 16:30:00,LINE_A,SHIFT_B,30.42,0.442,0.558,3.042,3.042,6.084
2026-09-20 16:45:00,LINE_A,SHIFT_B,30.34,0.442,0.558,3.034,3.034,6.068
2026-09-20 17:00:00,LINE_A,SHIFT_B,30.26,0.44,0.56,3.026,3.026,6.052
2026-09-20 17:15:00,LINE_A,SHIFT_B,30.17,0.44,0.56,3.017,3.017,6.035
2026-09-20 17:30:00,LINE_A,SHIFT_B,30.08,0.44,0.56,3.008,3.008,6.017
2026-09-20 17:45:00,LINE_A,SHIFT_B,29.99,0.44,0.56,2.999,2.999,5.999
2026-09-20 18:00:00,LINE_A,SHIFT_B,29.9,0.438,0.562,2.99,2.99,5.98
2026-09-20 18:15:00,LINE_A,SHIFT_B,29.81,0.438,0.562,2.981,2.981,5.962
2026-09-20 18:30:00,LINE_A,SHIFT_B,29.71,0.438,0.562,2.971,2.971,5.943
2026-09-20 18:45:00,LINE_A,SHIFT_B,29.62,0.438,0.562,2.962,2.962,5.923
2026-09-20 19:00:00,LINE_A,SHIFT_B,25.98,0.436,0.564,2.598,2.598,5.196
2026-09-20 19:15:00,LINE_A,SHIFT_B,25.89,0.436,0.564,2.589,2.589,5.179
2026-09-20 19:30:00,LINE_A,SHIFT_B,29.33,0.436,0.564,2.933,2.933,5.865
2026-09-20 19:45:00,LINE_A,SHIFT_B,29.23,0.436,0.564,2.923,2.923,5.846
2026-09-20 20:00:00,LINE_A,SHIFT_B,29.14,0.435,0.565,2.914,2.914,5.828
2026-09-20 20:15:00,LINE_A,SHIFT_B,29.05,0.435,0.565,2.905,2.905,5.809
2026-09-20 20:30:00,LINE_A,SHIFT_B,28.96,0.435,0.565,2.896,2.896,5.791
2026-09-20 20:45:00,LINE_A,SHIFT_B,28.87,0.435,0.565,2.887,2.887,5.773
2026-09-20 21:00:00,LINE_A,SHIFT_B,28.78,0.434,0.566,2.878,2.878,5.756
2026-09-20 21:15:00,LINE_A,SHIFT_B,28.7,0.434,0.566,2.87,2.87,5.74
2026-09-20 21:30:00,LINE_A,SHIFT_B,28.62,0.434,0.566,2.862,2.862,5.724
2026-09-20 21:45:00,LINE_A,SHIFT_B,28.55,0.434,0.566,2.855,2.855,5.709
2026-09-20 22:00:00,LINE_A,SHIFT_C,22.15,0.433,0.567,2.215,2.215,4.43
2026-09-20 22:15:00,LINE_A,SHIFT_C,22.1,0.433,0.567,2.21,2.21,4.419
2026-09-20 22:30:00,LINE_A,SHIFT_C,22.05,0.433,0.567,2.205,2.205,4.41
2026-09-20 22:45:00,LINE_A,SHIFT_C,22.01,0.433,0.567,2.201,2.201,4.401
2026-09-20 23:00:00,LINE_A,SHIFT_C,21.97,0.432,0.568,2.197,2.197,4.393
2026-09-20 23:15:00,LINE_A,SHIFT_C,21.93,0.432,0.568,2.193,2.193,4.386
2026-09-20 23:30:00,LINE_A,SHIFT_C,21.9,0.432,0.568,2.19,2.19,4.38
2026-09-20 23:45:00,LINE_A,SHIFT_C,21.87,0.432,0.568,2.187,2.187,4.375
2026-09-21 00:00:00,LINE_A,SHIFT_C,26.65,0.433,0.567,2.665,2.665,5.33
2026-09-21 00:15:00,LINE_A,SHIFT_C,26.63,0.433,0.567,2.663,2.663,5.325
2026-09-21 00:30:00,LINE_A,SHIFT_C,26.61,0.433,0.567,2.661,2.661,5.322
2026-09-21 00:45:00,LINE_A,SHIFT_C,26.6,0.433,0.567,2.66,2.66,5.321
2026-09-21 01:00:00,LINE_A,SHIFT_C,26.6,0.432,0.568,2.66,2.66,5.32
2026-09-21 01:15:00,LINE_A,SHIFT_C,26.6,0.432,0.568,2.66,2.66,5.321
2026-09-21 01:30:00,LINE_A,SHIFT_C,26.61,0.432,0.568,2.661,2.661,5.322
2026-09-21 01:45:00,LINE_A,SHIFT_C,26.63,0.432,0.568,2.663,2.663,5.325
2026-09-21 02:00:00,LINE_A,SHIFT_C,26.65,0.431,0.569,2.665,2.665,5.33
2026-09-21 02:15:00,LINE_A,SHIFT_C,26.67,0.431,0.569,2.667,2.667,5.335
2026-09-21 02:30:00,LINE_A,SHIFT_C,26.71,0.431,0.569,2.671,2.671,5.341
2026-09-21 02:45:00,LINE_A,SHIFT_C,26.74,0.431,0.569,2.674,2.674,5.349
2026-09-21 03:00:00,LINE_A,SHIFT_C,26.79,0.431,0.569,2.679,2.679,5.358
2026-09-21 03:15:00,LINE_A,SHIFT_C,26.84,0.431,0.569,2.684,2.684,5.367
2026-09-21 03:30:00,LINE_A,SHIFT_C,26.89,0.431,0.569,2.689,2.689,5.378
2026-09-21 03:45:00,LINE_A,SHIFT_C,26.95,0.431,0.569,2.695,2.695,5.389
2026-09-21 04:00:00,LINE_A,SHIFT_C,27.01,0.43,0.57,2.701,2.701,5.402
2026-09-21 04:15:00,LINE_A,SHIFT_C,27.08,0.43,0.57,2.708,2.708,5.415
2026-09-21 04:30:00,LINE_A,SHIFT_C,27.15,0.43,0.57,2.715,2.715,5.43
2026-09-21 04:45:00,LINE_A,SHIFT_C,27.22,0.43,0.57,2.722,2.722,5.444
2026-09-21 05:00:00,LINE_A,SHIFT_C,27.3,0.43,0.57,2.73,2.73,5.46
2026-09-21 05:15:00,LINE_A,SHIFT_C,27.38,0.43,0.57,2.738,2.738,5.476
2026-09-21 05:30:00,LINE_A,SHIFT_C,27.46,0.43,0.57,2.746,2.746,5.493
2026-09-21 05:45:00,LINE_A,SHIFT_C,27.55,0.43,0.57,2.755,2.755,5.51
2026-09-21 06:00:00,LINE_A,SHIFT_A,33.56,0.43,0.57,3.356,3.356,6.712
2026-09-21 06:15:00,LINE_A,SHIFT_A,33.67,0.43,0.57,3.367,3.367,6.734
2026-09-21 06:30:00,LINE_A,SHIFT_A,33.78,0.43,0.57,3.378,3.378,6.756
2026-09-21 06:45:00,LINE_A,SHIFT_A,33.89,0.43,0.57,3.389,3.389,6.778
2026-09-21 07:00:00,LINE_A,SHIFT_A,34.0,0.43,0.57,3.4,3.4,6.8
2026-09-21 07:15:00,LINE_A,SHIFT_A,34.11,0.43,0.57,3.411,3.411,6.822
2026-09-21 07:30:00,LINE_A,SHIFT_A,34.22,0.43,0.57,3.422,3.422,6.844
2026-09-21 07:45:00,LINE_A,SHIFT_A,34.33,0.43,0.57,3.433,3.433,6.866
2026-09-21 08:00:00,LINE_A,SHIFT_A,34.44,0.431,0.569,3.444,3.444,6.888
2026-09-21 08:15:00,LINE_A,SHIFT_A,34.55,0.431,0.569,3.455,3.455,6.909
2026-09-21 08:30:00,LINE_A,SHIFT_A,34.65,0.431,0.569,3.465,3.465,6.93
2026-09-21 08:45:00,LINE_A,SHIFT_A,34.75,0.431,0.569,3.475,3.475,6.95
2026-09-21 09:00:00,LINE_A,SHIFT_A,34.85,0.431,0.569,3.485,3.485,6.97
2026-09-21 09:15:00,LINE_A,SHIFT_A,34.94,0.431,0.569,3.494,3.494,6.989
2026-09-21 09:30:00,LINE_A,SHIFT_A,35.03,0.431,0.569,3.503,3.503,7.007
2026-09-21 09:45:00,LINE_A,SHIFT_A,35.12,0.431,0.569,3.512,3.512,7.024
2026-09-21 10:00:00,LINE_A,SHIFT_A,35.2,0.432,0.568,3.52,3.52,7.04
2026-09-21 10:15:00,LINE_A,SHIFT_A,35.28,0.432,0.568,3.528,3.528,7.056
2026-09-21 10:30:00,LINE_A,SHIFT_A,35.35,0.432,0.568,3.535,3.535,7.07
2026-09-21 10:45:00,LINE_A,SHIFT_A,35.41,0.432,0.568,3.541,3.541,7.083
2026-09-21 11:00:00,LINE_A,SHIFT_A,35.47,0.433,0.567,3.547,3.547,7.094
2026-09-21 11:15:00,LINE_A,SHIFT_A,35.52,0.433,0.567,3.552,3.552,7.105
2026-09-21 11:30:00,LINE_A,SHIFT_A,31.3,0.433,0.567,3.13,3.13,6.26
2026-09-21 11:45:00,LINE_A,SHIFT_A,31.34,0.433,0.567,3.134,3.134,6.267
2026-09-21 12:00:00,LINE_A,SHIFT_A,35.64,0.435,0.565,3.564,3.564,7.128
2026-09-21 12:15:00,LINE_A,SHIFT_A,35.67,0.435,0.565,3.567,3.567,7.133
2026-09-21 12:30:00,LINE_A,SHIFT_A,35.69,0.435,0.565,3.569,3.569,7.137
2026-09-21 12:45:00,LINE_A,SHIFT_A,35.7,0.435,0.565,3.57,3.57,7.139
2026-09-21 13:00:00,LINE_A,SHIFT_A,35.7,0.436,0.564,3.57,3.57,7.14
2026-09-21 13:15:00,LINE_A,SHIFT_A,35.7,0.436,0.564,3.57,3.57,7.139
2026-09-21 13:30:00,LINE_A,SHIFT_A,35.69,0.436,0.564,3.569,3.569,7.137
2026-09-21 13:45:00,LINE_A,SHIFT_A,35.67,0.436,0.564,3.567,3.567,7.133
2026-09-21 14:00:00,LINE_A,SHIFT_B,37.74,0.438,0.562,3.774,3.774,7.548
2026-09-21 14:15:00,LINE_A,SHIFT_B,37.7,0.438,0.562,3.77,3.77,7.541
2026-09-21 14:30:00,LINE_A,SHIFT_B,37.66,0.438,0.562,3.766,3.766,7.533
2026-09-21 14:45:00,LINE_A,SHIFT_B,37.61,0.438,0.562,3.761,3.761,7.523
2026-09-21 15:00:00,LINE_A,SHIFT_B,37.56,0.44,0.56,3.756,3.756,7.512
2026-09-21 15:15:00,LINE_A,SHIFT_B,37.5,0.44,0.56,3.75,3.75,7.499
2026-09-21 15:30:00,LINE_A,SHIFT_B,37.43,0.44,0.56,3.743,3.743,7.486
2026-09-21 15:45:00,LINE_A,SHIFT_B,37.35,0.44,0.56,3.735,3.735,7.471
2026-09-21 16:00:00,LINE_A,SHIFT_B,37.27,0.442,0.558,3.727,3.727,7.455
2026-09-21 16:15:00,LINE_A,SHIFT_B,37.19,0.442,0.558,3.719,3.719,7.437
2026-09-21 16:30:00,LINE_A,SHIFT_B,37.1,0.442,0.558,3.71,3.71,7.419
2026-09-21 16:45:00,LINE_A,SHIFT_B,37.0,0.442,0.558,3.7,3.7,7.4
2026-09-21 17:00:00,LINE_A,SHIFT_B,36.9,0.444,0.556,3.69,3.69,7.38
2026-09-21 17:15:00,LINE_A,SHIFT_B,36.8,0.444,0.556,3.68,3.68,7.359
2026-09-21 17:30:00,LINE_A,SHIFT_B,36.69,0.444,0.556,3.669,3.669,7.338
2026-09-21 17:45:00,LINE_A,SHIFT_B,36.58,0.444,0.556,3.658,3.658,7.316
2026-09-21 18:00:00,LINE_A,SHIFT_B,36.47,0.446,0.554,3.647,3.647,7.293
2026-09-21 18:15:00,LINE_A,SHIFT_B,36.35,0.446,0.554,3.635,3.635,7.27
2026-09-21 18:30:00,LINE_A,SHIFT_B,36.23,0.446,0.554,3.623,3.623,7.247
2026-09-21 18:45:00,LINE_A,SHIFT_B,36.12,0.446,0.554,3.612,3.612,7.224
2026-09-21 19:00:00,LINE_A,SHIFT_B,31.68,0.449,0.551,3.168,3.168,6.336
2026-09-21 19:15:00,LINE_A,SHIFT_B,31.58,0.449,0.551,3.158,3.158,6.315
2026-09-21 19:30:00,LINE_A,SHIFT_B,35.77,0.449,0.551,3.577,3.577,7.153
2026-09-21 19:45:00,LINE_A,SHIFT_B,35.65,0.449,0.551,3.565,3.565,7.13
2026-09-21 20:00:00,LINE_A,SHIFT_B,35.53,0.452,0.548,3.553,3.553,7.107
2026-09-21 20:15:00,LINE_A,SHIFT_B,35.42,0.452,0.548,3.542,3.542,7.084
2026-09-21 20:30:00,LINE_A,SHIFT_B,35.31,0.452,0.548,3.531,3.531,7.062
2026-09-21 20:45:00,LINE_A,SHIFT_B,35.2,0.452,0.548,3.52,3.52,7.041
2026-09-21 21:00:00,LINE_A,SHIFT_B,35.1,0.455,0.545,3.51,3.51,7.02
2026-09-21 21:15:00,LINE_A,SHIFT_B,35.0,0.455,0.545,3.5,3.5,7.0
2026-09-21 21:30:00,LINE_A,SHIFT_B,34.9,0.455,0.545,3.49,3.49,6.981
2026-09-21 21:45:00,LINE_A,SHIFT_B,34.81,0.455,0.545,3.481,3.481,6.963
2026-09-21 22:00:00,LINE_A,SHIFT_C,27.01,0.458,0.542,2.701,2.701,5.402
2026-09-21 22:15:00,LINE_A,SHIFT_C,26.95,0.458,0.542,2.695,2.695,5.389
2026-09-21 22:30:00,LINE_A,SHIFT_C,26.89,0.458,0.542,2.689,2.689,5.378
2026-09-21 22:45:00,LINE_A,SHIFT_C,26.84,0.458,0.542,2.684,2.684,5.367
2026-09-21 23:00:00,LINE_A,SHIFT_C,26.79,0.461,0.539,2.679,2.679,5.358
2026-09-21 23:15:00,LINE_A,SHIFT_C,26.74,0.461,0.539,2.674,2.674,5.349
2026-09-21 23:30:00,LINE_A,SHIFT_C,26.71,0.461,0.539,2.671,2.671,5.341
2026-09-21 23:45:00,LINE_A,SHIFT_C,26.67,0.461,0.539,2.667,2.667,5.335
2026-09-22 00:00:00,LINE_A,SHIFT_C,26.65,0.456,0.544,2.665,2.665,5.33
2026-09-22 00:15:00,LINE_A,SHIFT_C,26.63,0.456,0.544,2.663,2.663,5.325
2026-09-22 00:30:00,LINE_A,SHIFT_C,26.61,0.456,0.544,2.661,2.661,5.322
2026-09-22 00:45:00,LINE_A,SHIFT_C,26.6,0.456,0.544,2.66,2.66,5.321
2026-09-22 01:00:00,LINE_A,SHIFT_C,26.6,0.459,0.541,2.66,2.66,5.32
2026-09-22 01:15:00,LINE_A,SHIFT_C,26.6,0.459,0.541,2.66,2.66,5.321
2026-09-22 01:30:00,LINE_A,SHIFT_C,26.61,0.459,0.541,2.661,2.661,5.322
2026-09-22 01:45:00,LINE_A,SHIFT_C,26.63,0.459,0.541,2.663,2.663,5.325
2026-09-22 02:00:00,LINE_A,SHIFT_C,26.65,0.463,0.537,2.665,2.665,5.33
2026-09-22 02:15:00,LINE_A,SHIFT_C,26.67,0.463,0.537,2.667,2.667,5.335
2026-09-22 02:30:00,LINE_A,SHIFT_C,26.71,0.463,0.537,2.671,2.671,5.341
2026-09-22 02:45:00,LINE_A,SHIFT_C,26.74,0.463,0.537,2.674,2.674,5.349
2026-09-22 03:00:00,LINE_A,SHIFT_C,26.79,0.466,0.534,2.679,2.679,5.358
2026-09-22 03:15:00,LINE_A,SHIFT_C,26.84,0.466,0.534,2.684,2.684,5.367
2026-09-22 03:30:00,LINE_A,SHIFT_C,26.89,0.466,0.534,2.689,2.689,5.378
2026-09-22 03:45:00,LINE_A,SHIFT_C,26.95,0.466,0.534,2.695,2.695,5.389
2026-09-22 04:00:00,LINE_A,SHIFT_C,27.01,0.47,0.53,2.701,2.701,5.402
2026-09-22 04:15:00,LINE_A,SHIFT_C,27.08,0.47,0.53,2.708,2.708,5.415
2026-09-22 04:30:00,LINE_A,SHIFT_C,27.15,0.47,0.53,2.715,2.715,5.43
2026-09-22 04:45:00,LINE_A,SHIFT_C,27.22,0.47,0.53,2.722,2.722,5.444
2026-09-22 05:00:00,LINE_A,SHIFT_C,27.3,0.474,0.526,2.73,2.73,5.46
2026-09-22 05:15:00,LINE_A,SHIFT_C,27.38,0.474,0.526,2.738,2.738,5.476
2026-09-22 05:30:00,LINE_A,SHIFT_C,27.46,0.474,0.526,2.746,2.746,5.493
2026-09-22 05:45:00,LINE_A,SHIFT_C,27.55,0.474,0.526,2.755,2.755,5.51
2026-09-22 06:00:00,LINE_A,SHIFT_A,33.56,0.478,0.522,3.356,3.356,6.712
2026-09-22 06:15:00,LINE_A,SHIFT_A,33.67,0.478,0.522,3.367,3.367,6.734
2026-09-22 06:30:00,LINE_A,SHIFT_A,33.78,0.478,0.522,3.378,3.378,6.756
2026-09-22 06:45:00,LINE_A,SHIFT_A,33.89,0.478,0.522,3.389,3.389,6.778
2026-09-22 07:00:00,LINE_A,SHIFT_A,34.0,0.482,0.518,3.4,3.4,6.8
2026-09-22 07:15:00,LINE_A,SHIFT_A,34.11,0.482,0.518,3.411,3.411,6.822
2026-09-22 07:30:00,LINE_A,SHIFT_A,34.22,0.482,0.518,3.422,3.422,6.844
2026-09-22 07:45:00,LINE_A,SHIFT_A,34.33,0.482,0.518,3.433,3.433,6.866
2026-09-22 08:00:00,LINE_A,SHIFT_A,34.44,0.486,0.514,3.444,3.444,6.888
2026-09-22 08:15:00,LINE_A,SHIFT_A,34.55,0.486,0.514,3.455,3.455,6.909
2026-09-22 08:30:00,LINE_A,SHIFT_A,34.65,0.486,0.514,3.465,3.465,6.93
2026-09-22 08:45:00,LINE_A,SHIFT_A,34.75,0.486,0.514,3.475,3.475,6.95
2026-09-22 09:00:00,LINE_A,SHIFT_A,34.85,0.49,0.51,3.485,3.485,6.97
2026-09-22 09:15:00,LINE_A,SHIFT_A,34.94,0.49,0.51,3.494,3.494,6.989
2026-09-22 09:30:00,LINE_A,SHIFT_A,35.03,0.49,0.51,3.503,3.503,7.007
2026-09-22 09:45:00,LINE_A,SHIFT_A,35.12,0.49,0.51,3.512,3.512,7.024
2026-09-22 10:00:00,LINE_A,SHIFT_A,35.2,0.494,0.506,3.52,3.52,7.04
2026-09-22 10:15:00,LINE_A,SHIFT_A,35.28,0.494,0.506,3.528,3.528,7.056
2026-09-22 10:30:00,LINE_A,SHIFT_A,35.35,0.494,0.506,3.535,3.535,7.07
2026-09-22 10:45:00,LINE_A,SHIFT_A,35.41,0.494,0.506,3.541,3.541,7.083
2026-09-22 11:00:00,LINE_A,SHIFT_A,35.47,0.499,0.501,3.547,3.547,7.094
2026-09-22 11:15:00,LINE_A,SHIFT_A,35.52,0.499,0.501,3.552,3.552,7.105
2026-09-22 11:30:00,LINE_A,SHIFT_A,31.3,0.499,0.501,3.13,3.13,6.26
2026-09-22 11:45:00,LINE_A,SHIFT_A,31.34,0.499,0.501,3.134,3.134,6.267
2026-09-22 12:00:00,LINE_A,SHIFT_A,35.64,0.504,0.496,3.564,3.564,7.128
2026-09-22 12:15:00,LINE_A,SHIFT_A,35.67,0.504,0.496,3.567,3.567,7.133
2026-09-22 12:30:00,LINE_A,SHIFT_A,35.69,0.504,0.496,3.569,3.569,7.137
2026-09-22 12:45:00,LINE_A,SHIFT_A,35.7,0.504,0.496,3.57,3.57,7.139
2026-09-22 13:00:00,LINE_A,SHIFT_A,35.7,0.508,0.492,3.57,3.57,7.14
2026-09-22 13:15:00,LINE_A,SHIFT_A,35.7,0.508,0.492,3.57,3.57,7.139
2026-09-22 13:30:00,LINE_A,SHIFT_A,35.69,0.508,0.492,3.569,3.569,7.137
2026-09-22 13:45:00,LINE_A,SHIFT_A,35.67,0.508,0.492,3.567,3.567,7.133
2026-09-22 14:00:00,LINE_A,SHIFT_B,37.74,0.513,0.487,3.774,3.774,7.548
2026-09-22 14:15:00,LINE_A,SHIFT_B,37.7,0.513,0.487,3.77,3.77,7.541
2026-09-22 14:30:00,LINE_A,SHIFT_B,37.66,0.513,0.487,3.766,3.766,7.533
2026-09-22 14:45:00,LINE_A,SHIFT_B,37.61,0.513,0.487,3.761,3.761,7.523
2026-09-22 15:00:00,LINE_A,SHIFT_B,37.56,0.518,0.482,3.756,3.756,7.512
2026-09-22 15:15:00,LINE_A,SHIFT_B,37.5,0.518,0.482,3.75,3.75,7.499
2026-09-22 15:30:00,LINE_A,SHIFT_B,37.43,0.518,0.482,3.743,3.743,7.486
2026-09-22 15:45:00,LINE_A,SHIFT_B,37.35,0.518,0.482,3.735,3.735,7.471
2026-09-22 16:00:00,LINE_A,SHIFT_B,37.27,0.523,0.477,3.727,3.727,7.455
2026-09-22 16:15:00,LINE_A,SHIFT_B,37.19,0.523,0.477,3.719,3.719,7.437
2026-09-22 16:30:00,LINE_A,SHIFT_B,37.1,0.523,0.477,3.71,3.71,7.419
2026-09-22 16:45:00,LINE_A,SHIFT_B,37.0,0.523,0.477,3.7,3.7,7.4
2026-09-22 17:00:00,LINE_A,SHIFT_B,36.9,0.527,0.473,3.69,3.69,7.38
2026-09-22 17:15:00,LINE_A,SHIFT_B,36.8,0.527,0.473,3.68,3.68,7.359
2026-09-22 17:30:00,LINE_A,SHIFT_B,36.69,0.527,0.473,3.669,3.669,7.338
2026-09-22 17:45:00,LINE_A,SHIFT_B,36.58,0.527,0.473,3.658,3.658,7.316
2026-09-22 18:00:00,LINE_A,SHIFT_B,36.47,0.532,0.468,3.647,3.647,7.293
2026-09-22 18:15:00,LINE_A,SHIFT_B,36.35,0.532,0.468,3.635,3.635,7.27
2026-09-22 18:30:00,LINE_A,SHIFT_B,36.23,0.532,0.468,3.623,3.623,7.247
2026-09-22 18:45:00,LINE_A,SHIFT_B,36.12,0.532,0.468,3.612,3.612,7.224
2026-09-22 19:00:00,LINE_A,SHIFT_B,31.68,0.537,0.463,3.168,3.168,6.336
2026-09-22 19:15:00,LINE_A,SHIFT_B,31.58,0.537,0.463,3.158,3.158,6.315
2026-09-22 19:30:00,LINE_A,SHIFT_B,35.77,0.537,0.463,3.577,3.577,7.153
2026-09-22 19:45:00,LINE_A,SHIFT_B,35.65,0.537,0.463,3.565,3.565,7.13
2026-09-22 20:00:00,LINE_A,SHIFT_B,35.53,0.542,0.458,3.553,3.553,7.107
2026-09-22 20:15:00,LINE_A,SHIFT_B,35.42,0.542,0.458,3.542,3.542,7.084
2026-09-22 20:30:00,LINE_A,SHIFT_B,35.31,0.542,0.458,3.531,3.531,7.062
2026-09-22 20:45:00,LINE_A,SHIFT_B,35.2,0.542,0.458,3.52,3.52,7.041
2026-09-22 21:00:00,LINE_A,SHIFT_B,35.1,0.547,0.453,3.51,3.51,7.02
2026-09-22 21:15:00,LINE_A,SHIFT_B,35.0,0.547,0.453,3.5,3.5,7.0
2026-09-22 21:30:00,LINE_A,SHIFT_B,34.9,0.547,0.453,3.49,3.49,6.981
2026-09-22 21:45:00,LINE_A,SHIFT_B,34.81,0.547,0.453,3.481,3.481,6.963
2026-09-22 22:00:00,LINE_A,SHIFT_C,27.01,0.552,0.448,2.701,2.701,5.402
2026-09-22 22:15:00,LINE_A,SHIFT_C,26.95,0.552,0.448,2.695,2.695,5.389
2026-09-22 22:30:00,LINE_A,SHIFT_C,26.89,0.552,0.448,2.689,2.689,5.378
2026-09-22 22:45:00,LINE_A,SHIFT_C,26.84,0.552,0.448,2.684,2.684,5.367
2026-09-22 23:00:00,LINE_A,SHIFT_C,26.79,0.557,0.443,2.679,2.679,5.358
2026-09-22 23:15:00,LINE_A,SHIFT_C,26.74,0.557,0.443,2.674,2.674,5.349
2026-09-22 23:30:00,LINE_A,SHIFT_C,26.71,0.557,0.443,2.671,2.671,5.341
2026-09-22 23:45:00,LINE_A,SHIFT_C,26.67,0.557,0.443,2.667,2.667,5.335
2026-09-23 00:00:00,LINE_A,SHIFT_C,26.65,0.55,0.45,2.665,2.665,5.33
2026-09-23 00:15:00,LINE_A,SHIFT_C,26.63,0.55,0.45,2.663,2.663,5.325
2026-09-23 00:30:00,LINE_A,SHIFT_C,26.61,0.55,0.45,2.661,2.661,5.322
2026-09-23 00:45:00,LINE_A,SHIFT_C,26.6,0.55,0.45,2.66,2.66,5.321
2026-09-23 01:00:00,LINE_A,SHIFT_C,26.6,0.555,0.445,2.66,2.66,5.32
2026-09-23 01:15:00,LINE_A,SHIFT_C,26.6,0.555,0.445,2.66,2.66,5.321
2026-09-23 01:30:00,LINE_A,SHIFT_C,26.61,0.555,0.445,2.661,2.661,5.322
2026-09-23 01:45:00,LINE_A,SHIFT_C,26.63,0.555,0.445,2.663,2.663,5.325
2026-09-23 02:00:00,LINE_A,SHIFT_C,26.65,0.56,0.44,2.665,2.665,5.33
2026-09-23 02:15:00,LINE_A,SHIFT_C,26.67,0.56,0.44,2.667,2.667,5.335
2026-09-23 02:30:00,LINE_A,SHIFT_C,26.71,0.56,0.44,2.671,2.671,5.341
2026-09-23 02:45:00,LINE_A,SHIFT_C,26.74,0.56,0.44,2.674,2.674,5.349
2026-09-23 03:00:00,LINE_A,SHIFT_C,26.79,0.565,0.435,2.679,2.679,5.358
2026-09-23 03:15:00,LINE_A,SHIFT_C,26.84,0.565,0.435,2.684,2.684,5.367
2026-09-23 03:30:00,LINE_A,SHIFT_C,26.89,0.565,0.435,2.689,2.689,5.378
2026-09-23 03:45:00,LINE_A,SHIFT_C,26.95,0.565,0.435,2.695,2.695,5.389
2026-09-23 04:00:00,LINE_A,SHIFT_C,27.01,0.57,0.43,2.701,2.701,5.402
2026-09-23 04:15:00,LINE_A,SHIFT_C,27.08,0.57,0.43,2.708,2.708,5.415
2026-09-23 04:30:00,LINE_A,SHIFT_C,27.15,0.57,0.43,2.715,2.715,5.43
2026-09-23 04:45:00,LINE_A,SHIFT_C,27.22,0.57,0.43,2.722,2.722,5.444
2026-09-23 05:00:00,LINE_A,SHIFT_C,27.3,0.575,0.425,2.73,2.73,5.46
2026-09-23 05:15:00,LINE_A,SHIFT_C,27.38,0.575,0.425,2.738,2.738,5.476
2026-09-23 05:30:00,LINE_A,SHIFT_C,27.46,0.575,0.425,2.746,2.746,5.493
2026-09-23 05:45:00,LINE_A,SHIFT_C,27.55,0.575,0.425,2.755,2.755,5.51
2026-09-23 06:00:00,LINE_A,SHIFT_A,33.56,0.58,0.42,3.356,3.356,6.712
2026-09-23 06:15:00,LINE_A,SHIFT_A,33.67,0.58,0.42,3.367,3.367,6.734
2026-09-23 06:30:00,LINE_A,SHIFT_A,33.78,0.58,0.42,3.378,3.378,6.756
2026-09-23 06:45:00,LINE_A,SHIFT_A,33.89,0.58,0.42,3.389,3.389,6.778
2026-09-23 07:00:00,LINE_A,SHIFT_A,34.0,0.585,0.415,3.4,3.4,6.8
2026-09-23 07:15:00,LINE_A,SHIFT_A,34.11,0.585,0.415,3.411,3.411,6.822
2026-09-23 07:30:00,LINE_A,SHIFT_A,34.22,0.585,0.415,3.422,3.422,6.844
2026-09-23 07:45:00,LINE_A,SHIFT_A,34.33,0.585,0.415,3.433,3.433,6.866
2026-09-23 08:00:00,LINE_A,SHIFT_A,34.44,0.589,0.411,3.444,3.444,6.888
2026-09-23 08:15:00,LINE_A,SHIFT_A,34.55,0.589,0.411,3.455,3.455,6.909
2026-09-23 08:30:00,LINE_A,SHIFT_A,34.65,0.589,0.411,3.465,3.465,6.93
2026-09-23 08:45:00,LINE_A,SHIFT_A,34.75,0.589,0.411,3.475,3.475,6.95
2026-09-23 09:00:00,LINE_A,SHIFT_A,34.85,0.594,0.406,3.485,3.485,6.97
2026-09-23 09:15:00,LINE_A,SHIFT_A,34.94,0.594,0.406,3.494,3.494,6.989
2026-09-23 09:30:00,LINE_A,SHIFT_A,35.03,0.594,0.406,3.503,3.503,7.007
2026-09-23 09:45:00,LINE_A,SHIFT_A,35.12,0.594,0.406,3.512,3.512,7.024
2026-09-23 10:00:00,LINE_A,SHIFT_A,35.2,0.599,0.401,3.52,3.52,7.04
2026-09-23 10:15:00,LINE_A,SHIFT_A,35.28,0.599,0.401,3.528,3.528,7.056
2026-09-23 10:30:00,LINE_A,SHIFT_A,35.35,0.599,0.401,3.535,3.535,7.07
2026-09-23 10:45:00,LINE_A,SHIFT_A,35.41,0.599,0.401,3.541,3.541,7.083
2026-09-23 11:00:00,LINE_A,SHIFT_A,35.47,0.603,0.397,3.547,3.547,7.094
2026-09-23 11:15:00,LINE_A,SHIFT_A,35.52,0.603,0.397,3.552,3.552,7.105
2026-09-23 11:30:00,LINE_A,SHIFT_A,31.3,0.603,0.397,3.13,3.13,6.26
2026-09-23 11:45:00,LINE_A,SHIFT_A,31.34,0.603,0.397,3.134,3.134,6.267
2026-09-23 12:00:00,LINE_A,SHIFT_A,35.64,0.608,0.392,3.564,3.564,7.128
2026-09-23 12:15:00,LINE_A,SHIFT_A,35.67,0.608,0.392,3.567,3.567,7.133
2026-09-23 12:30:00,LINE_A,SHIFT_A,35.69,0.608,0.392,3.569,3.569,7.137
2026-09-23 12:45:00,LINE_A,SHIFT_A,35.7,0.608,0.392,3.57,3.57,7.139
2026-09-23 13:00:00,LINE_A,SHIFT_A,35.7,0.612,0.388,3.57,3.57,7.14
2026-09-23 13:15:00,LINE_A,SHIFT_A,35.7,0.612,0.388,3.57,3.57,7.139
2026-09-23 13:30:00,LINE_A,SHIFT_A,35.69,0.612,0.388,3.569,3.569,7.137
2026-09-23 13:45:00,LINE_A,SHIFT_A,35.67,0.612,0.388,3.567,3.567,7.133
2026-09-23 14:00:00,LINE_A,SHIFT_B,37.74,0.616,0.384,3.774,3.774,7.548
2026-09-23 14:15:00,LINE_A,SHIFT_B,37.7,0.616,0.384,3.77,3.77,7.541
2026-09-23 14:30:00,LINE_A,SHIFT_B,37.66,0.616,0.384,3.766,3.766,7.533
2026-09-23 14:45:00,LINE_A,SHIFT_B,37.61,0.616,0.384,3.761,3.761,7.523
2026-09-23 15:00:00,LINE_A,SHIFT_B,37.56,0.62,0.38,3.756,3.756,7.512
2026-09-23 15:15:00,LINE_A,SHIFT_B,37.5,0.62,0.38,3.75,3.75,7.499
2026-09-23 15:30:00,LINE_A,SHIFT_B,37.43,0.62,0.38,3.743,3.743,7.486
2026-09-23 15:45:00,LINE_A,SHIFT_B,37.35,0.62,0.38,3.735,3.735,7.471
2026-09-23 16:00:00,LINE_A,SHIFT_B,37.27,0.624,0.376,3.727,3.727,7.455
2026-09-23 16:15:00,LINE_A,SHIFT_B,37.19,0.624,0.376,3.719,3.719,7.437
2026-09-23 16:30:00,LINE_A,SHIFT_B,37.1,0.624,0.376,3.71,3.71,7.419
2026-09-23 16:45:00,LINE_A,SHIFT_B,37.0,0.624,0.376,3.7,3.7,7.4
2026-09-23 17:00:00,LINE_A,SHIFT_B,36.9,0.628,0.372,3.69,3.69,7.38
2026-09-23 17:15:00,LINE_A,SHIFT_B,36.8,0.628,0.372,3.68,3.68,7.359
2026-09-23 17:30:00,LINE_A,SHIFT_B,36.69,0.628,0.372,3.669,3.669,7.338
2026-09-23 17:45:00,LINE_A,SHIFT_B,36.58,0.628,0.372,3.658,3.658,7.316
2026-09-23 18:00:00,LINE_A,SHIFT_B,36.47,0.632,0.368,3.647,3.647,7.293
2026-09-23 18:15:00,LINE_A,SHIFT_B,36.35,0.632,0.368,3.635,3.635,7.27
2026-09-23 18:30:00,LINE_A,SHIFT_B,36.23,0.632,0.368,3.623,3.623,7.247
2026-09-23 18:45:00,LINE_A,SHIFT_B,36.12,0.632,0.368,3.612,3.612,7.224
2026-09-23 19:00:00,LINE_A,SHIFT_B,31.68,0.635,0.365,3.168,3.168,6.336
2026-09-23 19:15:00,LINE_A,SHIFT_B,31.58,0.635,0.365,3.158,3.158,6.315
2026-09-23 19:30:00,LINE_A,SHIFT_B,35.77,0.635,0.365,3.577,3.577,7.153
2026-09-23 19:45:00,LINE_A,SHIFT_B,35.65,0.635,0.365,3.565,3.565,7.13
2026-09-23 20:00:00,LINE_A,SHIFT_B,35.53,0.639,0.361,3.553,3.553,7.107
2026-09-23 20:15:00,LINE_A,SHIFT_B,35.42,0.639,0.361,3.542,3.542,7.084
2026-09-23 20:30:00,LINE_A,SHIFT_B,35.31,0.639,0.361,3.531,3.531,7.062
2026-09-23 20:45:00,LINE_A,SHIFT_B,35.2,0.639,0.361,3.52,3.52,7.041
2026-09-23 21:00:00,LINE_A,SHIFT_B,35.1,0.642,0.358,3.51,3.51,7.02
2026-09-23 21:15:00,LINE_A,SHIFT_B,35.0,0.642,0.358,3.5,3.5,7.0
2026-09-23 21:30:00,LINE_A,SHIFT_B,34.9,0.642,0.358,3.49,3.49,6.981
2026-09-23 21:45:00,LINE_A,SHIFT_B,34.81,0.642,0.358,3.481,3.481,6.963
2026-09-23 22:00:00,LINE_A,SHIFT_C,27.01,0.645,0.355,2.701,2.701,5.402
2026-09-23 22:15:00,LINE_A,SHIFT_C,26.95,0.645,0.355,2.695,2.695,5.389
2026-09-23 22:30:00,LINE_A,SHIFT_C,26.89,0.645,0.355,2.689,2.689,5.378
2026-09-23 22:45:00,LINE_A,SHIFT_C,26.84,0.645,0.355,2.684,2.684,5.367
2026-09-23 23:00:00,LINE_A,SHIFT_C,26.79,0.648,0.352,2.679,2.679,5.358
2026-09-23 23:15:00,LINE_A,SHIFT_C,26.74,0.648,0.352,2.674,2.674,5.349
2026-09-23 23:30:00,LINE_A,SHIFT_C,26.71,0.648,0.352,2.671,2.671,5.341
2026-09-23 23:45:00,LINE_A,SHIFT_C,26.67,0.648,0.352,2.667,2.667,5.335
2026-09-24 00:00:00,LINE_A,SHIFT_C,26.65,0.644,0.356,2.665,2.665,5.33
2026-09-24 00:15:00,LINE_A,SHIFT_C,26.63,0.644,0.356,2.663,2.663,5.325
2026-09-24 00:30:00,LINE_A,SHIFT_C,26.61,0.644,0.356,2.661,2.661,5.322
2026-09-24 00:45:00,LINE_A,SHIFT_C,26.6,0.644,0.356,2.66,2.66,5.321
2026-09-24 01:00:00,LINE_A,SHIFT_C,26.6,0.647,0.353,2.66,2.66,5.32
2026-09-24 01:15:00,LINE_A,SHIFT_C,26.6,0.647,0.353,2.66,2.66,5.321
2026-09-24 01:30:00,LINE_A,SHIFT_C,26.61,0.647,0.353,2.661,2.661,5.322
2026-09-24 01:45:00,LINE_A,SHIFT_C,26.63,0.647,0.353,2.663,2.663,5.325
2026-09-24 02:00:00,LINE_A,SHIFT_C,26.65,0.65,0.35,2.665,2.665,5.33
2026-09-24 02:15:00,LINE_A,SHIFT_C,26.67,0.65,0.35,2.667,2.667,5.335
2026-09-24 02:30:00,LINE_A,SHIFT_C,26.71,0.65,0.35,2.671,2.671,5.341
2026-09-24 02:45:00,LINE_A,SHIFT_C,26.74,0.65,0.35,2.674,2.674,5.349
2026-09-24 03:00:00,LINE_A,SHIFT_C,26.79,0.652,0.348,2.679,2.679,5.358
2026-09-24 03:15:00,LINE_A,SHIFT_C,26.84,0.652,0.348,2.684,2.684,5.367
2026-09-24 03:30:00,LINE_A,SHIFT_C,26.89,0.652,0.348,2.689,2.689,5.378
2026-09-24 03:45:00,LINE_A,SHIFT_C,26.95,0.652,0.348,2.695,2.695,5.389
2026-09-24 04:00:00,LINE_A,SHIFT_C,27.01,0.655,0.345,2.701,2.701,5.402
2026-09-24 04:15:00,LINE_A,SHIFT_C,27.08,0.655,0.345,2.708,2.708,5.415
2026-09-24 04:30:00,LINE_A,SHIFT_C,27.15,0.655,0.345,2.715,2.715,5.43
2026-09-24 04:45:00,LINE_A,SHIFT_C,27.22,0.655,0.345,2.722,2.722,5.444
2026-09-24 05:00:00,LINE_A,SHIFT_C,27.3,0.657,0.343,2.73,2.73,5.46
2026-09-24 05:15:00,LINE_A,SHIFT_C,27.38,0.657,0.343,2.738,2.738,5.476
2026-09-24 05:30:00,LINE_A,SHIFT_C,27.46,0.657,0.343,2.746,2.746,5.493
2026-09-24 05:45:00,LINE_A,SHIFT_C,27.55,0.657,0.343,2.755,2.755,5.51
2026-09-24 06:00:00,LINE_A,SHIFT_A,33.56,0.659,0.341,3.356,3.356,6.712
2026-09-24 06:15:00,LINE_A,SHIFT_A,33.67,0.659,0.341,3.367,3.367,6.734
2026-09-24 06:30:00,LINE_A,SHIFT_A,33.78,0.659,0.341,3.378,3.378,6.756
2026-09-24 06:45:00,LINE_A,SHIFT_A,33.89,0.659,0.341,3.389,3.389,6.778
2026-09-24 07:00:00,LINE_A,SHIFT_A,34.0,0.661,0.339,3.4,3.4,6.8
2026-09-24 07:15:00,LINE_A,SHIFT_A,34.11,0.661,0.339,3.411,3.411,6.822
2026-09-24 07:30:00,LINE_A,SHIFT_A,34.22,0.661,0.339,3.422,3.422,6.844
2026-09-24 07:45:00,LINE_A,SHIFT_A,34.33,0.661,0.339,3.433,3.433,6.866
2026-09-24 08:00:00,LINE_A,SHIFT_A,34.44,0.663,0.337,3.444,3.444,6.888
2026-09-24 08:15:00,LINE_A,SHIFT_A,34.55,0.663,0.337,3.455,3.455,6.909
2026-09-24 08:30:00,LINE_A,SHIFT_A,34.65,0.663,0.337,3.465,3.465,6.93
2026-09-24 08:45:00,LINE_A,SHIFT_A,34.75,0.663,0.337,3.475,3.475,6.95
2026-09-24 09:00:00,LINE_A,SHIFT_A,34.85,0.665,0.335,3.485,3.485,6.97
2026-09-24 09:15:00,LINE_A,SHIFT_A,34.94,0.665,0.335,3.494,3.494,6.989
2026-09-24 09:30:00,LINE_A,SHIFT_A,35.03,0.665,0.335,3.503,3.503,7.007
2026-09-24 09:45:00,LINE_A,SHIFT_A,35.12,0.665,0.335,3.512,3.512,7.024
2026-09-24 10:00:00,LINE_A,SHIFT_A,35.2,0.666,0.334,3.52,3.52,7.04
2026-09-24 10:15:00,LINE_A,SHIFT_A,35.28,0.666,0.334,3.528,3.528,7.056
2026-09-24 10:30:00,LINE_A,SHIFT_A,35.35,0.666,0.334,3.535,3.535,7.07
2026-09-24 10:45:00,LINE_A,SHIFT_A,35.41,0.666,0.334,3.541,3.541,7.083
2026-09-24 11:00:00,LINE_A,SHIFT_A,35.47,0.667,0.333,3.547,3.547,7.094
2026-09-24 11:15:00,LINE_A,SHIFT_A,35.52,0.667,0.333,3.552,3.552,7.105
2026-09-24 11:30:00,LINE_A,SHIFT_A,31.3,0.667,0.333,3.13,3.13,6.26
2026-09-24 11:45:00,LINE_A,SHIFT_A,31.34,0.667,0.333,3.134,3.134,6.267
2026-09-24 12:00:00,LINE_A,SHIFT_A,35.64,0.668,0.332,3.564,3.564,7.128
2026-09-24 12:15:00,LINE_A,SHIFT_A,35.67,0.668,0.332,3.567,3.567,7.133
2026-09-24 12:30:00,LINE_A,SHIFT_A,35.69,0.668,0.332,3.569,3.569,7.137
2026-09-24 12:45:00,LINE_A,SHIFT_A,35.7,0.668,0.332,3.57,3.57,7.139
2026-09-24 13:00:00,LINE_A,SHIFT_A,35.7,0.669,0.331,3.57,3.57,7.14
2026-09-24 13:15:00,LINE_A,SHIFT_A,35.7,0.669,0.331,3.57,3.57,7.139
2026-09-24 13:30:00,LINE_A,SHIFT_A,35.69,0.669,0.331,3.569,3.569,7.137
2026-09-24 13:45:00,LINE_A,SHIFT_A,35.67,0.669,0.331,3.567,3.567,7.133
2026-09-24 14:00:00,LINE_A,SHIFT_B,37.74,0.67,0.33,3.774,3.774,7.548
2026-09-24 14:15:00,LINE_A,SHIFT_B,37.7,0.67,0.33,3.77,3.77,7.541
2026-09-24 14:30:00,LINE_A,SHIFT_B,37.66,0.67,0.33,3.766,3.766,7.533
2026-09-24 14:45:00,LINE_A,SHIFT_B,37.61,0.67,0.33,3.761,3.761,7.523
2026-09-24 15:00:00,LINE_A,SHIFT_B,37.56,0.67,0.33,3.756,3.756,7.512
2026-09-24 15:15:00,LINE_A,SHIFT_B,37.5,0.67,0.33,3.75,3.75,7.499
2026-09-24 15:30:00,LINE_A,SHIFT_B,37.43,0.67,0.33,3.743,3.743,7.486
2026-09-24 15:45:00,LINE_A,SHIFT_B,37.35,0.67,0.33,3.735,3.735,7.471
2026-09-24 16:00:00,LINE_A,SHIFT_B,37.27,0.67,0.33,3.727,3.727,7.455
2026-09-24 16:15:00,LINE_A,SHIFT_B,37.19,0.67,0.33,3.719,3.719,7.437
2026-09-24 16:30:00,LINE_A,SHIFT_B,37.1,0.67,0.33,3.71,3.71,7.419
2026-09-24 16:45:00,LINE_A,SHIFT_B,37.0,0.67,0.33,3.7,3.7,7.4
2026-09-24 17:00:00,LINE_A,SHIFT_B,36.9,0.67,0.33,3.69,3.69,7.38
2026-09-24 17:15:00,LINE_A,SHIFT_B,36.8,0.67,0.33,3.68,3.68,7.359
2026-09-24 17:30:00,LINE_A,SHIFT_B,36.69,0.67,0.33,3.669,3.669,7.338
2026-09-24 17:45:00,LINE_A,SHIFT_B,36.58,0.67,0.33,3.658,3.658,7.316
2026-09-24 18:00:00,LINE_A,SHIFT_B,36.47,0.67,0.33,3.647,3.647,7.293
2026-09-24 18:15:00,LINE_A,SHIFT_B,36.35,0.67,0.33,3.635,3.635,7.27
2026-09-24 18:30:00,LINE_A,SHIFT_B,36.23,0.67,0.33,3.623,3.623,7.247
2026-09-24 18:45:00,LINE_A,SHIFT_B,36.12,0.67,0.33,3.612,3.612,7.224
2026-09-24 19:00:00,LINE_A,SHIFT_B,31.68,0.669,0.331,3.168,3.168,6.336
2026-09-24 19:15:00,LINE_A,SHIFT_B,31.58,0.669,0.331,3.158,3.158,6.315
2026-09-24 19:30:00,LINE_A,SHIFT_B,35.77,0.669,0.331,3.577,3.577,7.153
2026-09-24 19:45:00,LINE_A,SHIFT_B,35.65,0.669,0.331,3.565,3.565,7.13
2026-09-24 20:00:00,LINE_A,SHIFT_B,35.53,0.668,0.332,3.553,3.553,7.107
2026-09-24 20:15:00,LINE_A,SHIFT_B,35.42,0.668,0.332,3.542,3.542,7.084
2026-09-24 20:30:00,LINE_A,SHIFT_B,35.31,0.668,0.332,3.531,3.531,7.062
2026-09-24 20:45:00,LINE_A,SHIFT_B,35.2,0.668,0.332,3.52,3.52,7.041
2026-09-24 21:00:00,LINE_A,SHIFT_B,35.1,0.668,0.332,3.51,3.51,7.02
2026-09-24 21:15:00,LINE_A,SHIFT_B,35.0,0.668,0.332,3.5,3.5,7.0
2026-09-24 21:30:00,LINE_A,SHIFT_B,34.9,0.668,0.332,3.49,3.49,6.981
2026-09-24 21:45:00,LINE_A,SHIFT_B,34.81,0.668,0.332,3.481,3.481,6.963
2026-09-24 22:00:00,LINE_A,SHIFT_C,27.01,0.666,0.334,2.701,2.701,5.402
2026-09-24 22:15:00,LINE_A,SHIFT_C,26.95,0.666,0.334,2.695,2.695,5.389
2026-09-24 22:30:00,LINE_A,SHIFT_C,26.89,0.666,0.334,2.689,2.689,5.378
2026-09-24 22:45:00,LINE_A,SHIFT_C,26.84,0.666,0.334,2.684,2.684,5.367
2026-09-24 23:00:00,LINE_A,SHIFT_C,26.79,0.665,0.335,2.679,2.679,5.358
2026-09-24 23:15:00,LINE_A,SHIFT_C,26.74,0.665,0.335,2.674,2.674,5.349
2026-09-24 23:30:00,LINE_A,SHIFT_C,26.71,0.665,0.335,2.671,2.671,5.341
2026-09-24 23:45:00,LINE_A,SHIFT_C,26.67,0.665,0.335,2.667,2.667,5.335
2026-09-25 00:00:00,LINE_A,SHIFT_C,26.65,0.667,0.333,2.665,2.665,5.33
2026-09-25 00:15:00,LINE_A,SHIFT_C,26.63,0.667,0.333,2.663,2.663,5.325
2026-09-25 00:30:00,LINE_A,SHIFT_C,26.61,0.667,0.333,2.661,2.661,5.322
2026-09-25 00:45:00,LINE_A,SHIFT_C,26.6,0.667,0.333,2.66,2.66,5.321
2026-09-25 01:00:00,LINE_A,SHIFT_C,26.6,0.666,0.334,2.66,2.66,5.32
2026-09-25 01:15:00,LINE_A,SHIFT_C,26.6,0.666,0.334,2.66,2.66,5.321
2026-09-25 01:30:00,LINE_A,SHIFT_C,26.61,0.666,0.334,2.661,2.661,5.322
2026-09-25 01:45:00,LINE_A,SHIFT_C,26.63,0.666,0.334,2.663,2.663,5.325
2026-09-25 02:00:00,LINE_A,SHIFT_C,26.65,0.664,0.336,2.665,2.665,5.33
2026-09-25 02:15:00,LINE_A,SHIFT_C,26.67,0.664,0.336,2.667,2.667,5.335
2026-09-25 02:30:00,LINE_A,SHIFT_C,26.71,0.664,0.336,2.671,2.671,5.341
2026-09-25 02:45:00,LINE_A,SHIFT_C,26.74,0.664,0.336,2.674,2.674,5.349
2026-09-25 03:00:00,LINE_A,SHIFT_C,26.79,0.663,0.337,2.679,2.679,5.358
2026-09-25 03:15:00,LINE_A,SHIFT_C,26.84,0.663,0.337,2.684,2.684,5.367
2026-09-25 03:30:00,LINE_A,SHIFT_C,26.89,0.663,0.337,2.689,2.689,5.378
2026-09-25 03:45:00,LINE_A,SHIFT_C,26.95,0.663,0.337,2.695,2.695,5.389
2026-09-25 04:00:00,LINE_A,SHIFT_C,27.01,0.661,0.339,2.701,2.701,5.402
2026-09-25 04:15:00,LINE_A,SHIFT_C,27.08,0.661,0.339,2.708,2.708,5.415
2026-09-25 04:30:00,LINE_A,SHIFT_C,27.15,0.661,0.339,2.715,2.715,5.43
2026-09-25 04:45:00,LINE_A,SHIFT_C,27.22,0.661,0.339,2.722,2.722,5.444
2026-09-25 05:00:00,LINE_A,SHIFT_C,27.3,0.659,0.341,2.73,2.73,5.46
2026-09-25 05:15:00,LINE_A,SHIFT_C,27.38,0.659,0.341,2.738,2.738,5.476
2026-09-25 05:30:00,LINE_A,SHIFT_C,27.46,0.659,0.341,2.746,2.746,5.493
2026-09-25 05:45:00,LINE_A,SHIFT_C,27.55,0.659,0.341,2.755,2.755,5.51
2026-09-25 06:00:00,LINE_A,SHIFT_A,33.56,0.657,0.343,3.356,3.356,6.712
2026-09-25 06:15:00,LINE_A,SHIFT_A,33.67,0.657,0.343,3.367,3.367,6.734
2026-09-25 06:30:00,LINE_A,SHIFT_A,33.78,0.657,0.343,3.378,3.378,6.756
2026-09-25 06:45:00,LINE_A,SHIFT_A,33.89,0.657,0.343,3.389,3.389,6.778
2026-09-25 07:00:00,LINE_A,SHIFT_A,34.0,0.654,0.346,3.4,3.4,6.8
2026-09-25 07:15:00,LINE_A,SHIFT_A,34.11,0.654,0.346,3.411,3.411,6.822
2026-09-25 07:30:00,LINE_A,SHIFT_A,34.22,0.654,0.346,3.422,3.422,6.844
2026-09-25 07:45:00,LINE_A,SHIFT_A,34.33,0.654,0.346,3.433,3.433,6.866
2026-09-25 08:00:00,LINE_A,SHIFT_A,34.44,0.652,0.348,3.444,3.444,6.888
2026-09-25 08:15:00,LINE_A,SHIFT_A,34.55,0.652,0.348,3.455,3.455,6.909
2026-09-25 08:30:00,LINE_A,SHIFT_A,34.65,0.652,0.348,3.465,3.465,6.93
2026-09-25 08:45:00,LINE_A,SHIFT_A,34.75,0.652,0.348,3.475,3.475,6.95
2026-09-25 09:00:00,LINE_A,SHIFT_A,34.85,0.649,0.351,3.485,3.485,6.97
2026-09-25 09:15:00,LINE_A,SHIFT_A,34.94,0.649,0.351,3.494,3.494,6.989
2026-09-25 09:30:00,LINE_A,SHIFT_A,35.03,0.649,0.351,3.503,3.503,7.007
2026-09-25 09:45:00,LINE_A,SHIFT_A,35.12,0.649,0.351,3.512,3.512,7.024
2026-09-25 10:00:00,LINE_A,SHIFT_A,35.2,0.646,0.354,3.52,3.52,7.04
2026-09-25 10:15:00,LINE_A,SHIFT_A,35.28,0.646,0.354,3.528,3.528,7.056
2026-09-25 10:30:00,LINE_A,SHIFT_A,35.35,0.646,0.354,3.535,3.535,7.07
2026-09-25 10:45:00,LINE_A,SHIFT_A,35.41,0.646,0.354,3.541,3.541,7.083
2026-09-25 11:00:00,LINE_A,SHIFT_A,35.47,0.643,0.357,3.547,3.547,7.094
2026-09-25 11:15:00,LINE_A,SHIFT_A,35.52,0.643,0.357,3.552,3.552,7.105
2026-09-25 11:30:00,LINE_A,SHIFT_A,31.3,0.643,0.357,3.13,3.13,6.26
2026-09-25 11:45:00,LINE_A,SHIFT_A,31.34,0.643,0.357,3.134,3.134,6.267
2026-09-25 12:00:00,LINE_A,SHIFT_A,35.64,0.64,0.36,3.564,3.564,7.128
2026-09-25 12:15:00,LINE_A,SHIFT_A,35.67,0.64,0.36,3.567,3.567,7.133
2026-09-25 12:30:00,LINE_A,SHIFT_A,35.69,0.64,0.36,3.569,3.569,7.137
2026-09-25 12:45:00,LINE_A,SHIFT_A,35.7,0.64,0.36,3.57,3.57,7.139
2026-09-25 13:00:00,LINE_A,SHIFT_A,35.7,0.636,0.364,3.57,3.57,7.14
2026-09-25 13:15:00,LINE_A,SHIFT_A,35.7,0.636,0.364,3.57,3.57,7.139
2026-09-25 13:30:00,LINE_A,SHIFT_A,35.69,0.636,0.364,3.569,3.569,7.137
2026-09-25 13:45:00,LINE_A,SHIFT_A,35.67,0.636,0.364,3.567,3.567,7.133
2026-09-25 14:00:00,LINE_A,SHIFT_B,37.74,0.633,0.367,3.774,3.774,7.548
2026-09-25 14:15:00,LINE_A,SHIFT_B,37.7,0.633,0.367,3.77,3.77,7.541
2026-09-25 14:30:00,LINE_A,SHIFT_B,37.66,0.633,0.367,3.766,3.766,7.533
2026-09-25 14:45:00,LINE_A,SHIFT_B,37.61,0.633,0.367,3.761,3.761,7.523
2026-09-25 15:00:00,LINE_A,SHIFT_B,37.56,0.629,0.371,3.756,3.756,7.512
2026-09-25 15:15:00,LINE_A,SHIFT_B,37.5,0.629,0.371,3.75,3.75,7.499
2026-09-25 15:30:00,LINE_A,SHIFT_B,37.43,0.629,0.371,3.743,3.743,7.486
2026-09-25 15:45:00,LINE_A,SHIFT_B,37.35,0.629,0.371,3.735,3.735,7.471
2026-09-25 16:00:00,LINE_A,SHIFT_B,37.27,0.625,0.375,3.727,3.727,7.455
2026-09-25 16:15:00,LINE_A,SHIFT_B,37.19,0.625,0.375,3.719,3.719,7.437
2026-09-25 16:30:00,LINE_A,SHIFT_B,37.1,0.625,0.375,3.71,3.71,7.419
2026-09-25 16:45:00,LINE_A,SHIFT_B,37.0,0.625,0.375,3.7,3.7,7.4
2026-09-25 17:00:00,LINE_A,SHIFT_B,36.9,0.621,0.379,3.69,3.69,7.38
2026-09-25 17:15:00,LINE_A,SHIFT_B,36.8,0.621,0.379,3.68,3.68,7.359
2026-09-25 17:30:00,LINE_A,SHIFT_B,36.69,0.621,0.379,3.669,3.669,7.338
2026-09-25 17:45:00,LINE_A,SHIFT_B,36.58,0.621,0.379,3.658,3.658,7.316
2026-09-25 18:00:00,LINE_A,SHIFT_B,36.47,0.617,0.383,3.647,3.647,7.293
2026-09-25 18:15:00,LINE_A,SHIFT_B,36.35,0.617,0.383,3.635,3.635,7.27
2026-09-25 18:30:00,LINE_A,SHIFT_B,36.23,0.617,0.383,3.623,3.623,7.247
2026-09-25 18:45:00,LINE_A,SHIFT_B,36.12,0.617,0.383,3.612,3.612,7.224
2026-09-25 19:00:00,LINE_A,SHIFT_B,31.68,0.613,0.387,3.168,3.168,6.336
2026-09-25 19:15:00,LINE_A,SHIFT_B,31.58,0.613,0.387,3.158,3.158,6.315
2026-09-25 19:30:00,LINE_A,SHIFT_B,35.77,0.613,0.387,3.577,3.577,7.153
2026-09-25 19:45:00,LINE_A,SHIFT_B,35.65,0.613,0.387,3.565,3.565,7.13
2026-09-25 20:00:00,LINE_A,SHIFT_B,35.53,0.609,0.391,3.553,3.553,7.107
2026-09-25 20:15:00,LINE_A,SHIFT_B,35.42,0.609,0.391,3.542,3.542,7.084
2026-09-25 20:30:00,LINE_A,SHIFT_B,35.31,0.609,0.391,3.531,3.531,7.062
2026-09-25 20:45:00,LINE_A,SHIFT_B,35.2,0.609,0.391,3.52,3.52,7.041
2026-09-25 21:00:00,LINE_A,SHIFT_B,35.1,0.604,0.396,3.51,3.51,7.02
2026-09-25 21:15:00,LINE_A,SHIFT_B,35.0,0.604,0.396,3.5,3.5,7.0
2026-09-25 21:30:00,LINE_A,SHIFT_B,34.9,0.604,0.396,3.49,3.49,6.981
2026-09-25 21:45:00,LINE_A,SHIFT_B,34.81,0.604,0.396,3.481,3.481,6.963
2026-09-25 22:00:00,LINE_A,SHIFT_C,27.01,0.6,0.4,2.701,2.701,5.402
2026-09-25 22:15:00,LINE_A,SHIFT_C,26.95,0.6,0.4,2.695,2.695,5.389
2026-09-25 22:30:00,LINE_A,SHIFT_C,26.89,0.6,0.4,2.689,2.689,5.378
2026-09-25 22:45:00,LINE_A,SHIFT_C,26.84,0.6,0.4,2.684,2.684,5.367
2026-09-25 23:00:00,LINE_A,SHIFT_C,26.79,0.595,0.405,2.679,2.679,5.358
2026-09-25 23:15:00,LINE_A,SHIFT_C,26.74,0.595,0.405,2.674,2.674,5.349
2026-09-25 23:30:00,LINE_A,SHIFT_C,26.71,0.595,0.405,2.671,2.671,5.341
2026-09-25 23:45:00,LINE_A,SHIFT_C,26.67,0.595,0.405,2.667,2.667,5.335
2026-09-26 00:00:00,LINE_A,SHIFT_C,21.85,0.602,0.398,2.185,2.185,4.37
2026-09-26 00:15:00,LINE_A,SHIFT_C,21.83,0.602,0.398,2.183,2.183,4.367
2026-09-26 00:30:00,LINE_A,SHIFT_C,21.82,0.602,0.398,2.182,2.182,4.364
2026-09-26 00:45:00,LINE_A,SHIFT_C,21.81,0.602,0.398,2.181,2.181,4.363
2026-09-26 01:00:00,LINE_A,SHIFT_C,21.81,0.598,0.402,2.181,2.181,4.362
2026-09-26 01:15:00,LINE_A,SHIFT_C,21.81,0.598,0.402,2.181,2.181,4.363
2026-09-26 01:30:00,LINE_A,SHIFT_C,21.82,0.598,0.402,2.182,2.182,4.364
2026-09-26 01:45:00,LINE_A,SHIFT_C,21.83,0.598,0.402,2.183,2.183,4.367
2026-09-26 02:00:00,LINE_A,SHIFT_C,21.85,0.593,0.407,2.185,2.185,4.37
2026-09-26 02:15:00,LINE_A,SHIFT_C,21.87,0.593,0.407,2.187,2.187,4.375
2026-09-26 02:30:00,LINE_A,SHIFT_C,21.9,0.593,0.407,2.19,2.19,4.38
2026-09-26 02:45:00,LINE_A,SHIFT_C,21.93,0.593,0.407,2.193,2.193,4.386
2026-09-26 03:00:00,LINE_A,SHIFT_C,21.97,0.588,0.412,2.197,2.197,4.393
2026-09-26 03:15:00,LINE_A,SHIFT_C,22.01,0.588,0.412,2.201,2.201,4.401
2026-09-26 03:30:00,LINE_A,SHIFT_C,22.05,0.588,0.412,2.205,2.205,4.41
2026-09-26 03:45:00,LINE_A,SHIFT_C,22.1,0.588,0.412,2.21,2.21,4.419
2026-09-26 04:00:00,LINE_A,SHIFT_C,22.15,0.583,0.417,2.215,2.215,4.43
2026-09-26 04:15:00,LINE_A,SHIFT_C,22.2,0.583,0.417,2.22,2.22,4.441
2026-09-26 04:30:00,LINE_A,SHIFT_C,22.26,0.583,0.417,2.226,2.226,4.452
2026-09-26 04:45:00,LINE_A,SHIFT_C,22.32,0.583,0.417,2.232,2.232,4.464
2026-09-26 05:00:00,LINE_A,SHIFT_C,22.39,0.579,0.421,2.239,2.239,4.477
2026-09-26 05:15:00,LINE_A,SHIFT_C,22.45,0.579,0.421,2.245,2.245,4.49
2026-09-26 05:30:00,LINE_A,SHIFT_C,22.52,0.579,0.421,2.252,2.252,4.504
2026-09-26 05:45:00,LINE_A,SHIFT_C,22.59,0.579,0.421,2.259,2.259,4.518
2026-09-26 06:00:00,LINE_A,SHIFT_A,27.52,0.574,0.426,2.752,2.752,5.504
2026-09-26 06:15:00,LINE_A,SHIFT_A,27.61,0.574,0.426,2.761,2.761,5.522
2026-09-26 06:30:00,LINE_A,SHIFT_A,27.7,0.574,0.426,2.77,2.77,5.54
2026-09-26 06:45:00,LINE_A,SHIFT_A,27.79,0.574,0.426,2.779,2.779,5.558
2026-09-26 07:00:00,LINE_A,SHIFT_A,27.88,0.569,0.431,2.788,2.788,5.576
2026-09-26 07:15:00,LINE_A,SHIFT_A,27.97,0.569,0.431,2.797,2.797,5.594
2026-09-26 07:30:00,LINE_A,SHIFT_A,28.06,0.569,0.431,2.806,2.806,5.612
2026-09-26 07:45:00,LINE_A,SHIFT_A,28.15,0.569,0.431,2.815,2.815,5.63
2026-09-26 08:00:00,LINE_A,SHIFT_A,28.24,0.564,0.436,2.824,2.824,5.648
2026-09-26 08:15:00,LINE_A,SHIFT_A,28.33,0.564,0.436,2.833,2.833,5.666
2026-09-26 08:30:00,LINE_A,SHIFT_A,28.41,0.564,0.436,2.841,2.841,5.683
2026-09-26 08:45:00,LINE_A,SHIFT_A,28.5,0.564,0.436,2.85,2.85,5.699
2026-09-26 09:00:00,LINE_A,SHIFT_A,28.58,0.559,0.441,2.858,2.858,5.715
2026-09-26 09:15:00,LINE_A,SHIFT_A,28.65,0.559,0.441,2.865,2.865,5.731
2026-09-26 09:30:00,LINE_A,SHIFT_A,28.73,0.559,0.441,2.873,2.873,5.746
2026-09-26 09:45:00,LINE_A,SHIFT_A,28.8,0.559,0.441,2.88,2.88,5.76
2026-09-26 10:00:00,LINE_A,SHIFT_A,28.87,0.554,0.446,2.887,2.887,5.773
2026-09-26 10:15:00,LINE_A,SHIFT_A,28.93,0.554,0.446,2.893,2.893,5.786
2026-09-26 10:30:00,LINE_A,SHIFT_A,28.99,0.554,0.446,2.899,2.899,5.797
2026-09-26 10:45:00,LINE_A,SHIFT_A,29.04,0.554,0.446,2.904,2.904,5.808
2026-09-26 11:00:00,LINE_A,SHIFT_A,29.09,0.549,0.451,2.909,2.909,5.817
2026-09-26 11:15:00,LINE_A,SHIFT_A,29.13,0.549,0.451,2.913,2.913,5.826
2026-09-26 11:30:00,LINE_A,SHIFT_A,25.67,0.549,0.451,2.567,2.567,5.134
2026-09-26 11:45:00,LINE_A,SHIFT_A,25.7,0.549,0.451,2.57,2.57,5.139
2026-09-26 12:00:00,LINE_A,SHIFT_A,29.23,0.544,0.456,2.923,2.923,5.845
2026-09-26 12:15:00,LINE_A,SHIFT_A,29.25,0.544,0.456,2.925,2.925,5.849
2026-09-26 12:30:00,LINE_A,SHIFT_A,29.26,0.544,0.456,2.926,2.926,5.852
2026-09-26 12:45:00,LINE_A,SHIFT_A,29.27,0.544,0.456,2.927,2.927,5.854
2026-09-26 13:00:00,LINE_A,SHIFT_A,29.27,0.539,0.461,2.927,2.927,5.855
2026-09-26 13:15:00,LINE_A,SHIFT_A,29.27,0.539,0.461,2.927,2.927,5.854
2026-09-26 13:30:00,LINE_A,SHIFT_A,29.26,0.539,0.461,2.926,2.926,5.852
2026-09-26 13:45:00,LINE_A,SHIFT_A,29.25,0.539,0.461,2.925,2.925,5.849
2026-09-26 14:00:00,LINE_A,SHIFT_B,30.95,0.534,0.466,3.095,3.095,6.189
2026-09-26 14:15:00,LINE_A,SHIFT_B,30.92,0.534,0.466,3.092,3.092,6.184
2026-09-26 14:30:00,LINE_A,SHIFT_B,30.88,0.534,0.466,3.088,3.088,6.177
2026-09-26 14:45:00,LINE_A,SHIFT_B,30.84,0.534,0.466,3.084,3.084,6.169
2026-09-26 15:00:00,LINE_A,SHIFT_B,30.8,0.529,0.471,3.08,3.08,6.16
2026-09-26 15:15:00,LINE_A,SHIFT_B,30.75,0.529,0.471,3.075,3.075,6.149
2026-09-26 15:30:00,LINE_A,SHIFT_B,30.69,0.529,0.471,3.069,3.069,6.138
2026-09-26 15:45:00,LINE_A,SHIFT_B,30.63,0.529,0.471,3.063,3.063,6.126
2026-09-26 16:00:00,LINE_A,SHIFT_B,30.56,0.524,0.476,3.056,3.056,6.113
2026-09-26 16:15:00,LINE_A,SHIFT_B,30.49,0.524,0.476,3.049,3.049,6.099
2026-09-26 16:30:00,LINE_A,SHIFT_B,30.42,0.524,0.476,3.042,3.042,6.084
2026-09-26 16:45:00,LINE_A,SHIFT_B,30.34,0.524,0.476,3.034,3.034,6.068
2026-09-26 17:00:00,LINE_A,SHIFT_B,30.26,0.519,0.481,3.026,3.026,6.052
2026-09-26 17:15:00,LINE_A,SHIFT_B,30.17,0.519,0.481,3.017,3.017,6.035
2026-09-26 17:30:00,LINE_A,SHIFT_B,30.08,0.519,0.481,3.008,3.008,6.017
2026-09-26 17:45:00,LINE_A,SHIFT_B,29.99,0.519,0.481,2.999,2.999,5.999
2026-09-26 18:00:00,LINE_A,SHIFT_B,29.9,0.514,0.486,2.99,2.99,5.98
2026-09-26 18:15:00,LINE_A,SHIFT_B,29.81,0.514,0.486,2.981,2.981,5.962
2026-09-26 18:30:00,LINE_A,SHIFT_B,29.71,0.514,0.486,2.971,2.971,5.943
2026-09-26 18:45:00,LINE_A,SHIFT_B,29.62,0.514,0.486,2.962,2.962,5.923
2026-09-26 19:00:00,LINE_A,SHIFT_B,25.98,0.51,0.49,2.598,2.598,5.196
2026-09-26 19:15:00,LINE_A,SHIFT_B,25.89,0.51,0.49,2.589,2.589,5.179
2026-09-26 19:30:00,LINE_A,SHIFT_B,29.33,0.51,0.49,2.933,2.933,5.865
2026-09-26 19:45:00,LINE_A,SHIFT_B,29.23,0.51,0.49,2.923,2.923,5.846
2026-09-26 20:00:00,LINE_A,SHIFT_B,29.14,0.505,0.495,2.914,2.914,5.828
2026-09-26 20:15:00,LINE_A,SHIFT_B,29.05,0.505,0.495,2.905,2.905,5.809
2026-09-26 20:30:00,LINE_A,SHIFT_B,28.96,0.505,0.495,2.896,2.896,5.791
2026-09-26 20:45:00,LINE_A,SHIFT_B,28.87,0.505,0.495,2.887,2.887,5.773
2026-09-26 21:00:00,LINE_A,SHIFT_B,28.78,0.5,0.5,2.878,2.878,5.756
2026-09-26 21:15:00,LINE_A,SHIFT_B,28.7,0.5,0.5,2.87,2.87,5.74
2026-09-26 21:30:00,LINE_A,SHIFT_B,28.62,0.5,0.5,2.862,2.862,5.724
2026-09-26 21:45:00,LINE_A,SHIFT_B,28.55,0.5,0.5,2.855,2.855,5.709
2026-09-26 22:00:00,LINE_A,SHIFT_C,22.15,0.496,0.504,2.215,2.215,4.43
2026-09-26 22:15:00,LINE_A,SHIFT_C,22.1,0.496,0.504,2.21,2.21,4.419
2026-09-26 22:30:00,LINE_A,SHIFT_C,22.05,0.496,0.504,2.205,2.205,4.41
2026-09-26 22:45:00,LINE_A,SHIFT_C,22.01,0.496,0.504,2.201,2.201,4.401
2026-09-26 23:00:00,LINE_A,SHIFT_C,21.97,0.491,0.509,2.197,2.197,4.393
2026-09-26 23:15:00,LINE_A,SHIFT_C,21.93,0.491,0.509,2.193,2.193,4.386
2026-09-26 23:30:00,LINE_A,SHIFT_C,21.9,0.491,0.509,2.19,2.19,4.38
2026-09-26 23:45:00,LINE_A,SHIFT_C,21.87,0.491,0.509,2.187,2.187,4.375
2026-09-27 00:00:00,LINE_A,SHIFT_C,21.85,0.498,0.502,2.185,2.185,4.37
2026-09-27 00:15:00,LINE_A,SHIFT_C,21.83,0.498,0.502,2.183,2.183,4.367
2026-09-27 00:30:00,LINE_A,SHIFT_C,21.82,0.498,0.502,2.182,2.182,4.364
2026-09-27 00:45:00,LINE_A,SHIFT_C,21.81,0.498,0.502,2.181,2.181,4.363
2026-09-27 01:00:00,LINE_A,SHIFT_C,21.81,0.493,0.507,2.181,2.181,4.362
2026-09-27 01:15:00,LINE_A,SHIFT_C,21.81,0.493,0.507,2.181,2.181,4.363
2026-09-27 01:30:00,LINE_A,SHIFT_C,21.82,0.493,0.507,2.182,2.182,4.364
2026-09-27 01:45:00,LINE_A,SHIFT_C,21.83,0.493,0.507,2.183,2.183,4.367
2026-09-27 02:00:00,LINE_A,SHIFT_C,21.85,0.489,0.511,2.185,2.185,4.37
2026-09-27 02:15:00,LINE_A,SHIFT_C,21.87,0.489,0.511,2.187,2.187,4.375
2026-09-27 02:30:00,LINE_A,SHIFT_C,21.9,0.489,0.511,2.19,2.19,4.38
2026-09-27 02:45:00,LINE_A,SHIFT_C,21.93,0.489,0.511,2.193,2.193,4.386
2026-09-27 03:00:00,LINE_A,SHIFT_C,21.97,0.485,0.515,2.197,2.197,4.393
2026-09-27 03:15:00,LINE_A,SHIFT_C,22.01,0.485,0.515,2.201,2.201,4.401
2026-09-27 03:30:00,LINE_A,SHIFT_C,22.05,0.485,0.515,2.205,2.205,4.41
2026-09-27 03:45:00,LINE_A,SHIFT_C,22.1,0.485,0.515,2.21,2.21,4.419
2026-09-27 04:00:00,LINE_A,SHIFT_C,22.15,0.481,0.519,2.215,2.215,4.43
2026-09-27 04:15:00,LINE_A,SHIFT_C,22.2,0.481,0.519,2.22,2.22,4.441
2026-09-27 04:30:00,LINE_A,SHIFT_C,22.26,0.481,0.519,2.226,2.226,4.452
2026-09-27 04:45:00,LINE_A,SHIFT_C,22.32,0.481,0.519,2.232,2.232,4.464
2026-09-27 05:00:00,LINE_A,SHIFT_C,22.39,0.477,0.523,2.239,2.239,4.477
2026-09-27 05:15:00,LINE_A,SHIFT_C,22.45,0.477,0.523,2.245,2.245,4.49
2026-09-27 05:30:00,LINE_A,SHIFT_C,22.52,0.477,0.523,2.252,2.252,4.504
2026-09-27 05:45:00,LINE_A,SHIFT_C,22.59,0.477,0.523,2.259,2.259,4.518
2026-09-27 06:00:00,LINE_A,SHIFT_A,27.52,0.473,0.527,2.752,2.752,5.504
2026-09-27 06:15:00,LINE_A,SHIFT_A,27.61,0.473,0.527,2.761,2.761,5.522
2026-09-27 06:30:00,LINE_A,SHIFT_A,27.7,0.473,0.527,2.77,2.77,5.54
2026-09-27 06:45:00,LINE_A,SHIFT_A,27.79,0.473,0.527,2.779,2.779,5.558
2026-09-27 07:00:00,LINE_A,SHIFT_A,27.88,0.469,0.531,2.788,2.788,5.576
2026-09-27 07:15:00,LINE_A,SHIFT_A,27.97,0.469,0.531,2.797,2.797,5.594
2026-09-27 07:30:00,LINE_A,SHIFT_A,28.06,0.469,0.531,2.806,2.806,5.612
2026-09-27 07:45:00,LINE_A,SHIFT_A,28.15,0.469,0.531,2.815,2.815,5.63
2026-09-27 08:00:00,LINE_A,SHIFT_A,28.24,0.465,0.535,2.824,2.824,5.648
2026-09-27 08:15:00,LINE_A,SHIFT_A,28.33,0.465,0.535,2.833,2.833,5.666
2026-09-27 08:30:00,LINE_A,SHIFT_A,28.41,0.465,0.535,2.841,2.841,5.683
2026-09-27 08:45:00,LINE_A,SHIFT_A,28.5,0.465,0.535,2.85,2.85,5.699
2026-09-27 09:00:00,LINE_A,SHIFT_A,28.58,0.462,0.538,2.858,2.858,5.715
2026-09-27 09:15:00,LINE_A,SHIFT_A,28.65,0.462,0.538,2.865,2.865,5.731
2026-09-27 09:30:00,LINE_A,SHIFT_A,28.73,0.462,0.538,2.873,2.873,5.746
2026-09-27 09:45:00,LINE_A,SHIFT_A,28.8,0.462,0.538,2.88,2.88,5.76
2026-09-27 10:00:00,LINE_A,SHIFT_A,28.87,0.459,0.541,2.887,2.887,5.773
2026-09-27 10:15:00,LINE_A,SHIFT_A,28.93,0.459,0.541,2.893,2.893,5.786
2026-09-27 10:30:00,LINE_A,SHIFT_A,28.99,0.459,0.541,2.899,2.899,5.797
2026-09-27 10:45:00,LINE_A,SHIFT_A,29.04,0.459,0.541,2.904,2.904,5.808
2026-09-27 11:00:00,LINE_A,SHIFT_A,29.09,0.455,0.545,2.909,2.909,5.817
2026-09-27 11:15:00,LINE_A,SHIFT_A,29.13,0.455,0.545,2.913,2.913,5.826
2026-09-27 11:30:00,LINE_A,SHIFT_A,25.67,0.455,0.545,2.567,2.567,5.134
2026-09-27 11:45:00,LINE_A,SHIFT_A,25.7,0.455,0.545,2.57,2.57,5.139
2026-09-27 12:00:00,LINE_A,SHIFT_A,29.23,0.452,0.548,2.923,2.923,5.845
2026-09-27 12:15:00,LINE_A,SHIFT_A,29.25,0.452,0.548,2.925,2.925,5.849
2026-09-27 12:30:00,LINE_A,SHIFT_A,29.26,0.452,0.548,2.926,2.926,5.852
2026-09-27 12:45:00,LINE_A,SHIFT_A,29.27,0.452,0.548,2.927,2.927,5.854
2026-09-27 13:00:00,LINE_A,SHIFT_A,29.27,0.45,0.55,2.927,2.927,5.855
2026-09-27 13:15:00,LINE_A,SHIFT_A,29.27,0.45,0.55,2.927,2.927,5.854
2026-09-27 13:30:00,LINE_A,SHIFT_A,29.26,0.45,0.55,2.926,2.926,5.852
2026-09-27 13:45:00,LINE_A,SHIFT_A,29.25,0.45,0.55,2.925,2.925,5.849
2026-09-27 14:00:00,LINE_A,SHIFT_B,30.95,0.447,0.553,3.095,3.095,6.189
2026-09-27 14:15:00,LINE_A,SHIFT_B,30.92,0.447,0.553,3.092,3.092,6.184
2026-09-27 14:30:00,LINE_A,SHIFT_B,30.88,0.447,0.553,3.088,3.088,6.177
2026-09-27 14:45:00,LINE_A,SHIFT_B,30.84,0.447,0.553,3.084,3.084,6.169
2026-09-27 15:00:00,LINE_A,SHIFT_B,30.8,0.445,0.555,3.08,3.08,6.16
2026-09-27 15:15:00,LINE_A,SHIFT_B,30.75,0.445,0.555,3.075,3.075,6.149
2026-09-27 15:30:00,LINE_A,SHIFT_B,30.69,0.445,0.555,3.069,3.069,6.138
2026-09-27 15:45:00,LINE_A,SHIFT_B,30.63,0.445,0.555,3.063,3.063,6.126
2026-09-27 16:00:00,LINE_A,SHIFT_B,30.56,0.442,0.558,3.056,3.056,6.113
2026-09-27 16:15:00,LINE_A,SHIFT_B,30.49,0.442,0.558,3.049,3.049,6.099
2026-09-27 16:30:00,LINE_A,SHIFT_B,30.42,0.442,0.558,3.042,3.042,6.084
2026-09-27 16:45:00,LINE_A,SHIFT_B,30.34,0.442,0.558,3.034,3.034,6.068
2026-09-27 17:00:00,LINE_A,SHIFT_B,30.26,0.44,0.56,3.026,3.026,6.052
2026-09-27 17:15:00,LINE_A,SHIFT_B,30.17,0.44,0.56,3.017,3.017,6.035
2026-09-27 17:30:00,LINE_A,SHIFT_B,30.08,0.44,0.56,3.008,3.008,6.017
2026-09-27 17:45:00,LINE_A,SHIFT_B,29.99,0.44,0.56,2.999,2.999,5.999
2026-09-27 18:00:00,LINE_A,SHIFT_B,29.9,0.438,0.562,2.99,2.99,5.98
2026-09-27 18:15:00,LINE_A,SHIFT_B,29.81,0.438,0.562,2.981,2.981,5.962
2026-09-27 18:30:00,LINE_A,SHIFT_B,29.71,0.438,0.562,2.971,2.971,5.943
2026-09-27 18:45:00,LINE_A,SHIFT_B,29.62,0.438,0.562,2.962,2.962,5.923
2026-09-27 19:00:00,LINE_A,SHIFT_B,25.98,0.436,0.564,2.598,2.598,5.196
2026-09-27 19:15:00,LINE_A,SHIFT_B,25.89,0.436,0.564,2.589,2.589,5.179
2026-09-27 19:30:00,LINE_A,SHIFT_B,29.33,0.436,0.564,2.933,2.933,5.865
2026-09-27 19:45:00,LINE_A,SHIFT_B,29.23,0.436,0.564,2.923,2.923,5.846
2026-09-27 20:00:00,LINE_A,SHIFT_B,29.14,0.435,0.565,2.914,2.914,5.828
2026-09-27 20:15:00,LINE_A,SHIFT_B,29.05,0.435,0.565,2.905,2.905,5.809
2026-09-27 20:30:00,LINE_A,SHIFT_B,28.96,0.435,0.565,2.896,2.896,5.791
2026-09-27 20:45:00,LINE_A,SHIFT_B,28.87,0.435,0.565,2.887,2.887,5.773
2026-09-27 21:00:00,LINE_A,SHIFT_B,28.78,0.434,0.566,2.878,2.878,5.756
2026-09-27 21:15:00,LINE_A,SHIFT_B,28.7,0.434,0.566,2.87,2.87,5.74
2026-09-27 21:30:00,LINE_A,SHIFT_B,28.62,0.434,0.566,2.862,2.862,5.724
2026-09-27 21:45:00,LINE_A,SHIFT_B,28.55,0.434,0.566,2.855,2.855,5.709
2026-09-27 22:00:00,LINE_A,SHIFT_C,22.15,0.433,0.567,2.215,2.215,4.43
2026-09-27 22:15:00,LINE_A,SHIFT_C,22.1,0.433,0.567,2.21,2.21,4.419
2026-09-27 22:30:00,LINE_A,SHIFT_C,22.05,0.433,0.567,2.205,2.205,4.41
2026-09-27 22:45:00,LINE_A,SHIFT_C,22.01,0.433,0.567,2.201,2.201,4.401
2026-09-27 23:00:00,LINE_A,SHIFT_C,21.97,0.432,0.568,2.197,2.197,4.393
2026-09-27 23:15:00,LINE_A,SHIFT_C,21.93,0.432,0.568,2.193,2.193,4.386
2026-09-27 23:30:00,LINE_A,SHIFT_C,21.9,0.432,0.568,2.19,2.19,4.38
2026-09-27 23:45:00,LINE_A,SHIFT_C,21.87,0.432,0.568,2.187,2.187,4.375
2026-09-28 00:00:00,LINE_A,SHIFT_C,26.65,0.433,0.567,2.665,2.665,5.33
2026-09-28 00:15:00,LINE_A,SHIFT_C,26.63,0.433,0.567,2.663,2.663,5.325
2026-09-28 00:30:00,LINE_A,SHIFT_C,26.61,0.433,0.567,2.661,2.661,5.322
2026-09-28 00:45:00,LINE_A,SHIFT_C,26.6,0.433,0.567,2.66,2.66,5.321
2026-09-28 01:00:00,LINE_A,SHIFT_C,26.6,0.432,0.568,2.66,2.66,5.32
2026-09-28 01:15:00,LINE_A,SHIFT_C,26.6,0.432,0.568,2.66,2.66,5.321
2026-09-28 01:30:00,LINE_A,SHIFT_C,26.61,0.432,0.568,2.661,2.661,5.322
2026-09-28 01:45:00,LINE_A,SHIFT_C,26.63,0.432,0.568,2.663,2.663,5.325
2026-09-28 02:00:00,LINE_A,SHIFT_C,26.65,0.431,0.569,2.665,2.665,5.33
2026-09-28 02:15:00,LINE_A,SHIFT_C,26.67,0.431,0.569,2.667,2.667,5.335
2026-09-28 02:30:00,LINE_A,SHIFT_C,26.71,0.431,0.569,2.671,2.671,5.341
2026-09-28 02:45:00,LINE_A,SHIFT_C,26.74,0.431,0.569,2.674,2.674,5.349
2026-09-28 03:00:00,LINE_A,SHIFT_C,26.79,0.431,0.569,2.679,2.679,5.358
2026-09-28 03:15:00,LINE_A,SHIFT_C,26.84,0.431,0.569,2.684,2.684,5.367
2026-09-28 03:30:00,LINE_A,SHIFT_C,26.89,0.431,0.569,2.689,2.689,5.378
2026-09-28 03:45:00,LINE_A,SHIFT_C,26.95,0.431,0.569,2.695,2.695,5.389
2026-09-28 04:00:00,LINE_A,SHIFT_C,27.01,0.43,0.57,2.701,2.701,5.402
2026-09-28 04:15:00,LINE_A,SHIFT_C,27.08,0.43,0.57,2.708,2.708,5.415
2026-09-28 04:30:00,LINE_A,SHIFT_C,27.15,0.43,0.57,2.715,2.715,5.43
2026-09-28 04:45:00,LINE_A,SHIFT_C,27.22,0.43,0.57,2.722,2.722,5.444
2026-09-28 05:00:00,LINE_A,SHIFT_C,27.3,0.43,0.57,2.73,2.73,5.46
2026-09-28 05:15:00,LINE_A,SHIFT_C,27.38,0.43,0.57,2.738,2.738,5.476
2026-09-28 05:30:00,LINE_A,SHIFT_C,27.46,0.43,0.57,2.746,2.746,5.493
2026-09-28 05:45:00,LINE_A,SHIFT_C,27.55,0.43,0.57,2.755,2.755,5.51
2026-09-28 06:00:00,LINE_A,SHIFT_A,33.56,0.43,0.57,3.356,3.356,6.712
2026-09-28 06:15:00,LINE_A,SHIFT_A,33.67,0.43,0.57,3.367,3.367,6.734
2026-09-28 06:30:00,LINE_A,SHIFT_A,33.78,0.43,0.57,3.378,3.378,6.756
2026-09-28 06:45:00,LINE_A,SHIFT_A,33.89,0.43,0.57,3.389,3.389,6.778
2026-09-28 07:00:00,LINE_A,SHIFT_A,34.0,0.43,0.57,3.4,3.4,6.8
2026-09-28 07:15:00,LINE_A,SHIFT_A,34.11,0.43,0.57,3.411,3.411,6.822
2026-09-28 07:30:00,LINE_A,SHIFT_A,34.22,0.43,0.57,3.422,3.422,6.844
2026-09-28 07:45:00,LINE_A,SHIFT_A,34.33,0.43,0.57,3.433,3.433,6.866
2026-09-28 08:00:00,LINE_A,SHIFT_A,34.44,0.431,0.569,3.444,3.444,6.888
2026-09-28 08:15:00,LINE_A,SHIFT_A,34.55,0.431,0.569,3.455,3.455,6.909
2026-09-28 08:30:00,LINE_A,SHIFT_A,34.65,0.431,0.569,3.465,3.465,6.93
2026-09-28 08:45:00,LINE_A,SHIFT_A,34.75,0.431,0.569,3.475,3.475,6.95
2026-09-28 09:00:00,LINE_A,SHIFT_A,34.85,0.431,0.569,3.485,3.485,6.97
2026-09-28 09:15:00,LINE_A,SHIFT_A,34.94,0.431,0.569,3.494,3.494,6.989
2026-09-28 09:30:00,LINE_A,SHIFT_A,35.03,0.431,0.569,3.503,3.503,7.007
2026-09-28 09:45:00,LINE_A,SHIFT_A,35.12,0.431,0.569,3.512,3.512,7.024
2026-09-28 10:00:00,LINE_A,SHIFT_A,35.2,0.432,0.568,3.52,3.52,7.04
2026-09-28 10:15:00,LINE_A,SHIFT_A,35.28,0.432,0.568,3.528,3.528,7.056
2026-09-28 10:30:00,LINE_A,SHIFT_A,35.35,0.432,0.568,3.535,3.535,7.07
2026-09-28 10:45:00,LINE_A,SHIFT_A,35.41,0.432,0.568,3.541,3.541,7.083
2026-09-28 11:00:00,LINE_A,SHIFT_A,35.47,0.433,0.567,3.547,3.547,7.094
2026-09-28 11:15:00,LINE_A,SHIFT_A,35.52,0.433,0.567,3.552,3.552,7.105
2026-09-28 11:30:00,LINE_A,SHIFT_A,31.3,0.433,0.567,3.13,3.13,6.26
2026-09-28 11:45:00,LINE_A,SHIFT_A,31.34,0.433,0.567,3.134,3.134,6.267
2026-09-28 12:00:00,LINE_A,SHIFT_A,35.64,0.435,0.565,3.564,3.564,7.128
2026-09-28 12:15:00,LINE_A,SHIFT_A,35.67,0.435,0.565,3.567,3.567,7.133
2026-09-28 12:30:00,LINE_A,SHIFT_A,35.69,0.435,0.565,3.569,3.569,7.137
2026-09-28 12:45:00,LINE_A,SHIFT_A,35.7,0.435,0.565,3.57,3.57,7.139
2026-09-28 13:00:00,LINE_A,SHIFT_A,35.7,0.436,0.564,3.57,3.57,7.14
2026-09-28 13:15:00,LINE_A,SHIFT_A,35.7,0.436,0.564,3.57,3.57,7.139
2026-09-28 13:30:00,LINE_A,SHIFT_A,35.69,0.436,0.564,3.569,3.569,7.137
2026-09-28 13:45:00,LINE_A,SHIFT_A,35.67,0.436,0.564,3.567,3.567,7.133
2026-09-28 14:00:00,LINE_A,SHIFT_B,37.74,0.438,0.562,3.774,3.774,7.548
2026-09-28 14:15:00,LINE_A,SHIFT_B,37.7,0.438,0.562,3.77,3.77,7.541
2026-09-28 14:30:00,LINE_A,SHIFT_B,37.66,0.438,0.562,3.766,3.766,7.533
2026-09-28 14:45:00,LINE_A,SHIFT_B,37.61,0.438,0.562,3.761,3.761,7.523
2026-09-28 15:00:00,LINE_A,SHIFT_B,37.56,0.44,0.56,3.756,3.756,7.512
2026-09-28 15:15:00,LINE_A,SHIFT_B,37.5,0.44,0.56,3.75,3.75,7.499
2026-09-28 15:30:00,LINE_A,SHIFT_B,37.43,0.44,0.56,3.743,3.743,7.486
2026-09-28 15:45:00,LINE_A,SHIFT_B,37.35,0.44,0.56,3.735,3.735,7.471
2026-09-28 16:00:00,LINE_A,SHIFT_B,37.27,0.442,0.558,3.727,3.727,7.455
2026-09-28 16:15:00,LINE_A,SHIFT_B,37.19,0.442,0.558,3.719,3.719,7.437
2026-09-28 16:30:00,LINE_A,SHIFT_B,37.1,0.442,0.558,3.71,3.71,7.419
2026-09-28 16:45:00,LINE_A,SHIFT_B,37.0,0.442,0.558,3.7,3.7,7.4
2026-09-28 17:00:00,LINE_A,SHIFT_B,36.9,0.444,0.556,3.69,3.69,7.38
2026-09-28 17:15:00,LINE_A,SHIFT_B,36.8,0.444,0.556,3.68,3.68,7.359
2026-09-28 17:30:00,LINE_A,SHIFT_B,36.69,0.444,0.556,3.669,3.669,7.338
2026-09-28 17:45:00,LINE_A,SHIFT_B,36.58,0.444,0.556,3.658,3.658,7.316
2026-09-28 18:00:00,LINE_A,SHIFT_B,36.47,0.446,0.554,3.647,3.647,7.293
2026-09-28 18:15:00,LINE_A,SHIFT_B,36.35,0.446,0.554,3.635,3.635,7.27
2026-09-28 18:30:00,LINE_A,SHIFT_B,36.23,0.446,0.554,3.623,3.623,7.247
2026-09-28 18:45:00,LINE_A,SHIFT_B,36.12,0.446,0.554,3.612,3.612,7.224
2026-09-28 19:00:00,LINE_A,SHIFT_B,31.68,0.449,0.551,3.168,3.168,6.336
2026-09-28 19:15:00,LINE_A,SHIFT_B,31.58,0.449,0.551,3.158,3.158,6.315
2026-09-28 19:30:00,LINE_A,SHIFT_B,35.77,0.449,0.551,3.577,3.577,7.153
2026-09-28 19:45:00,LINE_A,SHIFT_B,35.65,0.449,0.551,3.565,3.565,7.13
2026-09-28 20:00:00,LINE_A,SHIFT_B,35.53,0.452,0.548,3.553,3.553,7.107
2026-09-28 20:15:00,LINE_A,SHIFT_B,35.42,0.452,0.548,3.542,3.542,7.084
2026-09-28 20:30:00,LINE_A,SHIFT_B,35.31,0.452,0.548,3.531,3.531,7.062
2026-09-28 20:45:00,LINE_A,SHIFT_B,35.2,0.452,0.548,3.52,3.52,7.041
2026-09-28 21:00:00,LINE_A,SHIFT_B,35.1,0.455,0.545,3.51,3.51,7.02
2026-09-28 21:15:00,LINE_A,SHIFT_B,35.0,0.455,0.545,3.5,3.5,7.0
2026-09-28 21:30:00,LINE_A,SHIFT_B,34.9,0.455,0.545,3.49,3.49,6.981
2026-09-28 21:45:00,LINE_A,SHIFT_B,34.81,0.455,0.545,3.481,3.481,6.963
2026-09-28 22:00:00,LINE_A,SHIFT_C,27.01,0.458,0.542,2.701,2.701,5.402
2026-09-28 22:15:00,LINE_A,SHIFT_C,26.95,0.458,0.542,2.695,2.695,5.389
2026-09-28 22:30:00,LINE_A,SHIFT_C,26.89,0.458,0.542,2.689,2.689,5.378
2026-09-28 22:45:00,LINE_A,SHIFT_C,26.84,0.458,0.542,2.684,2.684,5.367
2026-09-28 23:00:00,LINE_A,SHIFT_C,26.79,0.461,0.539,2.679,2.679,5.358
2026-09-28 23:15:00,LINE_A,SHIFT_C,26.74,0.461,0.539,2.674,2.674,5.349
2026-09-28 23:30:00,LINE_A,SHIFT_C,26.71,0.461,0.539,2.671,2.671,5.341
2026-09-28 23:45:00,LINE_A,SHIFT_C,26.67,0.461,0.539,2.667,2.667,5.335
2026-09-29 00:00:00,LINE_A,SHIFT_C,26.65,0.456,0.544,2.665,2.665,5.33
2026-09-29 00:15:00,LINE_A,SHIFT_C,26.63,0.456,0.544,2.663,2.663,5.325
2026-09-29 00:30:00,LINE_A,SHIFT_C,26.61,0.456,0.544,2.661,2.661,5.322
2026-09-29 00:45:00,LINE_A,SHIFT_C,26.6,0.456,0.544,2.66,2.66,5.321
2026-09-29 01:00:00,LINE_A,SHIFT_C,26.6,0.459,0.541,2.66,2.66,5.32
2026-09-29 01:15:00,LINE_A,SHIFT_C,26.6,0.459,0.541,2.66,2.66,5.321
2026-09-29 01:30:00,LINE_A,SHIFT_C,26.61,0.459,0.541,2.661,2.661,5.322
2026-09-29 01:45:00,LINE_A,SHIFT_C,26.63,0.459,0.541,2.663,2.663,5.325
2026-09-29 02:00:00,LINE_A,SHIFT_C,26.65,0.463,0.537,2.665,2.665,5.33
2026-09-29 02:15:00,LINE_A,SHIFT_C,26.67,0.463,0.537,2.667,2.667,5.335
2026-09-29 02:30:00,LINE_A,SHIFT_C,26.71,0.463,0.537,2.671,2.671,5.341
2026-09-29 02:45:00,LINE_A,SHIFT_C,26.74,0.463,0.537,2.674,2.674,5.349
2026-09-29 03:00:00,LINE_A,SHIFT_C,26.79,0.466,0.534,2.679,2.679,5.358
2026-09-29 03:15:00,LINE_A,SHIFT_C,26.84,0.466,0.534,2.684,2.684,5.367
2026-09-29 03:30:00,LINE_A,SHIFT_C,26.89,0.466,0.534,2.689,2.689,5.378
2026-09-29 03:45:00,LINE_A,SHIFT_C,26.95,0.466,0.534,2.695,2.695,5.389
2026-09-29 04:00:00,LINE_A,SHIFT_C,27.01,0.47,0.53,2.701,2.701,5.402
2026-09-29 04:15:00,LINE_A,SHIFT_C,27.08,0.47,0.53,2.708,2.708,5.415
2026-09-29 04:30:00,LINE_A,SHIFT_C,27.15,0.47,0.53,2.715,2.715,5.43
2026-09-29 04:45:00,LINE_A,SHIFT_C,27.22,0.47,0.53,2.722,2.722,5.444
2026-09-29 05:00:00,LINE_A,SHIFT_C,27.3,0.474,0.526,2.73,2.73,5.46
2026-09-29 05:15:00,LINE_A,SHIFT_C,27.38,0.474,0.526,2.738,2.738,5.476
2026-09-29 05:30:00,LINE_A,SHIFT_C,27.46,0.474,0.526,2.746,2.746,5.493
2026-09-29 05:45:00,LINE_A,SHIFT_C,27.55,0.474,0.526,2.755,2.755,5.51
2026-09-29 06:00:00,LINE_A,SHIFT_A,33.56,0.478,0.522,3.356,3.356,6.712
2026-09-29 06:15:00,LINE_A,SHIFT_A,33.67,0.478,0.522,3.367,3.367,6.734
2026-09-29 06:30:00,LINE_A,SHIFT_A,33.78,0.478,0.522,3.378,3.378,6.756
2026-09-29 06:45:00,LINE_A,SHIFT_A,33.89,0.478,0.522,3.389,3.389,6.778
2026-09-29 07:00:00,LINE_A,SHIFT_A,34.0,0.482,0.518,3.4,3.4,6.8
2026-09-29 07:15:00,LINE_A,SHIFT_A,34.11,0.482,0.518,3.411,3.411,6.822
2026-09-29 07:30:00,LINE_A,SHIFT_A,34.22,0.482,0.518,3.422,3.422,6.844
2026-09-29 07:45:00,LINE_A,SHIFT_A,34.33,0.482,0.518,3.433,3.433,6.866
2026-09-29 08:00:00,LINE_A,SHIFT_A,34.44,0.486,0.514,3.444,3.444,6.888
2026-09-29 08:15:00,LINE_A,SHIFT_A,34.55,0.486,0.514,3.455,3.455,6.909
2026-09-29 08:30:00,LINE_A,SHIFT_A,34.65,0.486,0.514,3.465,3.465,6.93
2026-09-29 08:45:00,LINE_A,SHIFT_A,34.75,0.486,0.514,3.475,3.475,6.95
2026-09-29 09:00:00,LINE_A,SHIFT_A,34.85,0.49,0.51,3.485,3.485,6.97
2026-09-29 09:15:00,LINE_A,SHIFT_A,34.94,0.49,0.51,3.494,3.494,6.989
2026-09-29 09:30:00,LINE_A,SHIFT_A,35.03,0.49,0.51,3.503,3.503,7.007
2026-09-29 09:45:00,LINE_A,SHIFT_A,35.12,0.49,0.51,3.512,3.512,7.024
2026-09-29 10:00:00,LINE_A,SHIFT_A,35.2,0.494,0.506,3.52,3.52,7.04
2026-09-29 10:15:00,LINE_A,SHIFT_A,35.28,0.494,0.506,3.528,3.528,7.056
2026-09-29 10:30:00,LINE_A,SHIFT_A,35.35,0.494,0.506,3.535,3.535,7.07
2026-09-29 10:45:00,LINE_A,SHIFT_A,35.41,0.494,0.506,3.541,3.541,7.083
2026-09-29 11:00:00,LINE_A,SHIFT_A,35.47,0.499,0.501,3.547,3.547,7.094
2026-09-29 11:15:00,LINE_A,SHIFT_A,35.52,0.499,0.501,3.552,3.552,7.105
2026-09-29 11:30:00,LINE_A,SHIFT_A,31.3,0.499,0.501,3.13,3.13,6.26
2026-09-29 11:45:00,LINE_A,SHIFT_A,31.34,0.499,0.501,3.134,3.134,6.267
2026-09-29 12:00:00,LINE_A,SHIFT_A,35.64,0.504,0.496,3.564,3.564,7.128
2026-09-29 12:15:00,LINE_A,SHIFT_A,35.67,0.504,0.496,3.567,3.567,7.133
2026-09-29 12:30:00,LINE_A,SHIFT_A,35.69,0.504,0.496,3.569,3.569,7.137
2026-09-29 12:45:00,LINE_A,SHIFT_A,35.7,0.504,0.496,3.57,3.57,7.139
2026-09-29 13:00:00,LINE_A,SHIFT_A,35.7,0.508,0.492,3.57,3.57,7.14
2026-09-29 13:15:00,LINE_A,SHIFT_A,35.7,0.508,0.492,3.57,3.57,7.139
2026-09-29 13:30:00,LINE_A,SHIFT_A,35.69,0.508,0.492,3.569,3.569,7.137
2026-09-29 13:45:00,LINE_A,SHIFT_A,35.67,0.508,0.492,3.567,3.567,7.133
2026-09-29 14:00:00,LINE_A,SHIFT_B,37.74,0.513,0.487,3.774,3.774,7.548
2026-09-29 14:15:00,LINE_A,SHIFT_B,37.7,0.513,0.487,3.77,3.77,7.541
2026-09-29 14:30:00,LINE_A,SHIFT_B,37.66,0.513,0.487,3.766,3.766,7.533
2026-09-29 14:45:00,LINE_A,SHIFT_B,37.61,0.513,0.487,3.761,3.761,7.523
2026-09-29 15:00:00,LINE_A,SHIFT_B,37.56,0.518,0.482,3.756,3.756,7.512
2026-09-29 15:15:00,LINE_A,SHIFT_B,37.5,0.518,0.482,3.75,3.75,7.499
2026-09-29 15:30:00,LINE_A,SHIFT_B,37.43,0.518,0.482,3.743,3.743,7.486
2026-09-29 15:45:00,LINE_A,SHIFT_B,37.35,0.518,0.482,3.735,3.735,7.471
2026-09-29 16:00:00,LINE_A,SHIFT_B,37.27,0.523,0.477,3.727,3.727,7.455
2026-09-29 16:15:00,LINE_A,SHIFT_B,37.19,0.523,0.477,3.719,3.719,7.437
2026-09-29 16:30:00,LINE_A,SHIFT_B,37.1,0.523,0.477,3.71,3.71,7.419
2026-09-29 16:45:00,LINE_A,SHIFT_B,37.0,0.523,0.477,3.7,3.7,7.4
2026-09-29 17:00:00,LINE_A,SHIFT_B,36.9,0.527,0.473,3.69,3.69,7.38
2026-09-29 17:15:00,LINE_A,SHIFT_B,36.8,0.527,0.473,3.68,3.68,7.359
2026-09-29 17:30:00,LINE_A,SHIFT_B,36.69,0.527,0.473,3.669,3.669,7.338
2026-09-29 17:45:00,LINE_A,SHIFT_B,36.58,0.527,0.473,3.658,3.658,7.316
2026-09-29 18:00:00,LINE_A,SHIFT_B,36.47,0.532,0.468,3.647,3.647,7.293
2026-09-29 18:15:00,LINE_A,SHIFT_B,36.35,0.532,0.468,3.635,3.635,7.27
2026-09-29 18:30:00,LINE_A,SHIFT_B,36.23,0.532,0.468,3.623,3.623,7.247
2026-09-29 18:45:00,LINE_A,SHIFT_B,36.12,0.532,0.468,3.612,3.612,7.224
2026-09-29 19:00:00,LINE_A,SHIFT_B,31.68,0.537,0.463,3.168,3.168,6.336
2026-09-29 19:15:00,LINE_A,SHIFT_B,31.58,0.537,0.463,3.158,3.158,6.315
2026-09-29 19:30:00,LINE_A,SHIFT_B,35.77,0.537,0.463,3.577,3.577,7.153
2026-09-29 19:45:00,LINE_A,SHIFT_B,35.65,0.537,0.463,3.565,3.565,7.13
2026-09-29 20:00:00,LINE_A,SHIFT_B,35.53,0.542,0.458,3.553,3.553,7.107
2026-09-29 20:15:00,LINE_A,SHIFT_B,35.42,0.542,0.458,3.542,3.542,7.084
2026-09-29 20:30:00,LINE_A,SHIFT_B,35.31,0.542,0.458,3.531,3.531,7.062
2026-09-29 20:45:00,LINE_A,SHIFT_B,35.2,0.542,0.458,3.52,3.52,7.041
2026-09-29 21:00:00,LINE_A,SHIFT_B,35.1,0.547,0.453,3.51,3.51,7.02
2026-09-29 21:15:00,LINE_A,SHIFT_B,35.0,0.547,0.453,3.5,3.5,7.0
2026-09-29 21:30:00,LINE_A,SHIFT_B,34.9,0.547,0.453,3.49,3.49,6.981
2026-09-29 21:45:00,LINE_A,SHIFT_B,34.81,0.547,0.453,3.481,3.481,6.963
2026-09-29 22:00:00,LINE_A,SHIFT_C,27.01,0.552,0.448,2.701,2.701,5.402
2026-09-29 22:15:00,LINE_A,SHIFT_C,26.95,0.552,0.448,2.695,2.695,5.389
2026-09-29 22:30:00,LINE_A,SHIFT_C,26.89,0.552,0.448,2.689,2.689,5.378
2026-09-29 22:45:00,LINE_A,SHIFT_C,26.84,0.552,0.448,2.684,2.684,5.367
2026-09-29 23:00:00,LINE_A,SHIFT_C,26.79,0.557,0.443,2.679,2.679,5.358
2026-09-29 23:15:00,LINE_A,SHIFT_C,26.74,0.557,0.443,2.674,2.674,5.349
2026-09-29 23:30:00,LINE_A,SHIFT_C,26.71,0.557,0.443,2.671,2.671,5.341
2026-09-29 23:45:00,LINE_A,SHIFT_C,26.67,0.557,0.443,2.667,2.667,5.335
2026-09-30 00:00:00,LINE_A,SHIFT_C,26.65,0.55,0.45,2.665,2.665,5.33
2026-09-30 00:15:00,LINE_A,SHIFT_C,26.63,0.55,0.45,2.663,2.663,5.325
2026-09-30 00:30:00,LINE_A,SHIFT_C,26.61,0.55,0.45,2.661,2.661,5.322
2026-09-30 00:45:00,LINE_A,SHIFT_C,26.6,0.55,0.45,2.66,2.66,5.321
2026-09-30 01:00:00,LINE_A,SHIFT_C,26.6,0.555,0.445,2.66,2.66,5.32
2026-09-30 01:15:00,LINE_A,SHIFT_C,26.6,0.555,0.445,2.66,2.66,5.321
2026-09-30 01:30:00,LINE_A,SHIFT_C,26.61,0.555,0.445,2.661,2.661,5.322
2026-09-30 01:45:00,LINE_A,SHIFT_C,26.63,0.555,0.445,2.663,2.663,5.325
2026-09-30 02:00:00,LINE_A,SHIFT_C,26.65,0.56,0.44,2.665,2.665,5.33
2026-09-30 02:15:00,LINE_A,SHIFT_C,26.67,0.56,0.44,2.667,2.667,5.335
2026-09-30 02:30:00,LINE_A,SHIFT_C,26.71,0.56,0.44,2.671,2.671,5.341
2026-09-30 02:45:00,LINE_A,SHIFT_C,26.74,0.56,0.44,2.674,2.674,5.349
2026-09-30 03:00:00,LINE_A,SHIFT_C,26.79,0.565,0.435,2.679,2.679,5.358
2026-09-30 03:15:00,LINE_A,SHIFT_C,26.84,0.565,0.435,2.684,2.684,5.367
2026-09-30 03:30:00,LINE_A,SHIFT_C,26.89,0.565,0.435,2.689,2.689,5.378
2026-09-30 03:45:00,LINE_A,SHIFT_C,26.95,0.565,0.435,2.695,2.695,5.389
2026-09-30 04:00:00,LINE_A,SHIFT_C,27.01,0.57,0.43,2.701,2.701,5.402
2026-09-30 04:15:00,LINE_A,SHIFT_C,27.08,0.57,0.43,2.708,2.708,5.415
2026-09-30 04:30:00,LINE_A,SHIFT_C,27.15,0.57,0.43,2.715,2.715,5.43
2026-09-30 04:45:00,LINE_A,SHIFT_C,27.22,0.57,0.43,2.722,2.722,5.444
2026-09-30 05:00:00,LINE_A,SHIFT_C,27.3,0.575,0.425,2.73,2.73,5.46
2026-09-30 05:15:00,LINE_A,SHIFT_C,27.38,0.575,0.425,2.738,2.738,5.476
2026-09-30 05:30:00,LINE_A,SHIFT_C,27.46,0.575,0.425,2.746,2.746,5.493
2026-09-30 05:45:00,LINE_A,SHIFT_C,27.55,0.575,0.425,2.755,2.755,5.51
2026-09-30 06:00:00,LINE_A,SHIFT_A,33.56,0.58,0.42,3.356,3.356,6.712
2026-09-30 06:15:00,LINE_A,SHIFT_A,33.67,0.58,0.42,3.367,3.367,6.734
2026-09-30 06:30:00,LINE_A,SHIFT_A,33.78,0.58,0.42,3.378,3.378,6.756
2026-09-30 06:45:00,LINE_A,SHIFT_A,33.89,0.58,0.42,3.389,3.389,6.778
2026-09-30 07:00:00,LINE_A,SHIFT_A,34.0,0.585,0.415,3.4,3.4,6.8
2026-09-30 07:15:00,LINE_A,SHIFT_A,34.11,0.585,0.415,3.411,3.411,6.822
2026-09-30 07:30:00,LINE_A,SHIFT_A,34.22,0.585,0.415,3.422,3.422,6.844
2026-09-30 07:45:00,LINE_A,SHIFT_A,34.33,0.585,0.415,3.433,3.433,6.866
2026-09-30 08:00:00,LINE_A,SHIFT_A,34.44,0.589,0.411,3.444,3.444,6.888
2026-09-30 08:15:00,LINE_A,SHIFT_A,34.55,0.589,0.411,3.455,3.455,6.909
2026-09-30 08:30:00,LINE_A,SHIFT_A,34.65,0.589,0.411,3.465,3.465,6.93
2026-09-30 08:45:00,LINE_A,SHIFT_A,34.75,0.589,0.411,3.475,3.475,6.95
2026-09-30 09:00:00,LINE_A,SHIFT_A,34.85,0.594,0.406,3.485,3.485,6.97
2026-09-30 09:15:00,LINE_A,SHIFT_A,34.94,0.594,0.406,3.494,3.494,6.989
2026-09-30 09:30:00,LINE_A,SHIFT_A,35.03,0.594,0.406,3.503,3.503,7.007
2026-09-30 09:45:00,LINE_A,SHIFT_A,35.12,0.594,0.406,3.512,3.512,7.024
2026-09-30 10:00:00,LINE_A,SHIFT_A,35.2,0.599,0.401,3.52,3.52,7.04
2026-09-30 10:15:00,LINE_A,SHIFT_A,35.28,0.599,0.401,3.528,3.528,7.056
2026-09-30 10:30:00,LINE_A,SHIFT_A,35.35,0.599,0.401,3.535,3.535,7.07
2026-09-30 10:45:00,LINE_A,SHIFT_A,35.41,0.599,0.401,3.541,3.541,7.083
2026-09-30 11:00:00,LINE_A,SHIFT_A,35.47,0.603,0.397,3.547,3.547,7.094
2026-09-30 11:15:00,LINE_A,SHIFT_A,35.52,0.603,0.397,3.552,3.552,7.105
2026-09-30 11:30:00,LINE_A,SHIFT_A,31.3,0.603,0.397,3.13,3.13,6.26
2026-09-30 11:45:00,LINE_A,SHIFT_A,31.34,0.603,0.397,3.134,3.134,6.267
2026-09-30 12:00:00,LINE_A,SHIFT_A,35.64,0.608,0.392,3.564,3.564,7.128
2026-09-30 12:15:00,LINE_A,SHIFT_A,35.67,0.608,0.392,3.567,3.567,7.133
2026-09-30 12:30:00,LINE_A,SHIFT_A,35.69,0.608,0.392,3.569,3.569,7.137
2026-09-30 12:45:00,LINE_A,SHIFT_A,35.7,0.608,0.392,3.57,3.57,7.139
2026-09-30 13:00:00,LINE_A,SHIFT_A,35.7,0.612,0.388,3.57,3.57,7.14
2026-09-30 13:15:00,LINE_A,SHIFT_A,35.7,0.612,0.388,3.57,3.57,7.139
2026-09-30 13:30:00,LINE_A,SHIFT_A,35.69,0.612,0.388,3.569,3.569,7.137
2026-09-30 13:45:00,LINE_A,SHIFT_A,35.67,0.612,0.388,3.567,3.567,7.133
2026-09-30 14:00:00,LINE_A,SHIFT_B,37.74,0.616,0.384,3.774,3.774,7.548
2026-09-30 14:15:00,LINE_A,SHIFT_B,37.7,0.616,0.384,3.77,3.77,7.541
2026-09-30 14:30:00,LINE_A,SHIFT_B,37.66,0.616,0.384,3.766,3.766,7.533
2026-09-30 14:45:00,LINE_A,SHIFT_B,37.61,0.616,0.384,3.761,3.761,7.523
2026-09-30 15:00:00,LINE_A,SHIFT_B,37.56,0.62,0.38,3.756,3.756,7.512
2026-09-30 15:15:00,LINE_A,SHIFT_B,37.5,0.62,0.38,3.75,3.75,7.499
2026-09-30 15:30:00,LINE_A,SHIFT_B,37.43,0.62,0.38,3.743,3.743,7.486
2026-09-30 15:45:00,LINE_A,SHIFT_B,37.35,0.62,0.38,3.735,3.735,7.471
2026-09-30 16:00:00,LINE_A,SHIFT_B,37.27,0.624,0.376,3.727,3.727,7.455
2026-09-30 16:15:00,LINE_A,SHIFT_B,37.19,0.624,0.376,3.719,3.719,7.437
2026-09-30 16:30:00,LINE_A,SHIFT_B,37.1,0.624,0.376,3.71,3.71,7.419
2026-09-30 16:45:00,LINE_A,SHIFT_B,37.0,0.624,0.376,3.7,3.7,7.4
2026-09-30 17:00:00,LINE_A,SHIFT_B,36.9,0.628,0.372,3.69,3.69,7.38
2026-09-30 17:15:00,LINE_A,SHIFT_B,36.8,0.628,0.372,3.68,3.68,7.359
2026-09-30 17:30:00,LINE_A,SHIFT_B,36.69,0.628,0.372,3.669,3.669,7.338
2026-09-30 17:45:00,LINE_A,SHIFT_B,36.58,0.628,0.372,3.658,3.658,7.316
2026-09-30 18:00:00,LINE_A,SHIFT_B,36.47,0.632,0.368,3.647,3.647,7.293
2026-09-30 18:15:00,LINE_A,SHIFT_B,36.35,0.632,0.368,3.635,3.635,7.27
2026-09-30 18:30:00,LINE_A,SHIFT_B,36.23,0.632,0.368,3.623,3.623,7.247
2026-09-30 18:45:00,LINE_A,SHIFT_B,36.12,0.632,0.368,3.612,3.612,7.224
2026-09-30 19:00:00,LINE_A,SHIFT_B,31.68,0.635,0.365,3.168,3.168,6.336
2026-09-30 19:15:00,LINE_A,SHIFT_B,31.58,0.635,0.365,3.158,3.158,6.315
2026-09-30 19:30:00,LINE_A,SHIFT_B,35.77,0.635,0.365,3.577,3.577,7.153
2026-09-30 19:45:00,LINE_A,SHIFT_B,35.65,0.635,0.365,3.565,3.565,7.13
2026-09-30 20:00:00,LINE_A,SHIFT_B,35.53,0.639,0.361,3.553,3.553,7.107
2026-09-30 20:15:00,LINE_A,SHIFT_B,35.42,0.639,0.361,3.542,3.542,7.084
2026-09-30 20:30:00,LINE_A,SHIFT_B,35.31,0.639,0.361,3.531,3.531,7.062
2026-09-30 20:45:00,LINE_A,SHIFT_B,35.2,0.639,0.361,3.52,3.52,7.041
2026-09-30 21:00:00,LINE_A,SHIFT_B,35.1,0.642,0.358,3.51,3.51,7.02
2026-09-30 21:15:00,LINE_A,SHIFT_B,35.0,0.642,0.358,3.5,3.5,7.0
2026-09-30 21:30:00,LINE_A,SHIFT_B,34.9,0.642,0.358,3.49,3.49,6.981
2026-09-30 21:45:00,LINE_A,SHIFT_B,34.81,0.642,0.358,3.481,3.481,6.963
2026-09-30 22:00:00,LINE_A,SHIFT_C,27.01,0.645,0.355,2.701,2.701,5.402
2026-09-30 22:15:00,LINE_A,SHIFT_C,26.95,0.645,0.355,2.695,2.695,5.389
2026-09-30 22:30:00,LINE_A,SHIFT_C,26.89,0.645,0.355,2.689,2.689,5.378
2026-09-30 22:45:00,LINE_A,SHIFT_C,26.84,0.645,0.355,2.684,2.684,5.367
2026-09-30 23:00:00,LINE_A,SHIFT_C,26.79,0.648,0.352,2.679,2.679,5.358
2026-09-30 23:15:00,LINE_A,SHIFT_C,26.74,0.648,0.352,2.674,2.674,5.349
2026-09-30 23:30:00,LINE_A,SHIFT_C,26.71,0.648,0.352,2.671,2.671,5.341
2026-09-30 23:45:00,LINE_A,SHIFT_C,26.67,0.648,0.352,2.667,2.667,5.335
2026-10-01 00:00:00,LINE_A,SHIFT_C,26.65,0.644,0.356,2.665,2.665,5.33
2026-10-01 00:15:00,LINE_A,SHIFT_C,26.63,0.644,0.356,2.663,2.663,5.325
2026-10-01 00:30:00,LINE_A,SHIFT_C,26.61,0.644,0.356,2.661,2.661,5.322
2026-10-01 00:45:00,LINE_A,SHIFT_C,26.6,0.644,0.356,2.66,2.66,5.321
2026-10-01 01:00:00,LINE_A,SHIFT_C,26.6,0.647,0.353,2.66,2.66,5.32
2026-10-01 01:15:00,LINE_A,SHIFT_C,26.6,0.647,0.353,2.66,2.66,5.321
2026-10-01 01:30:00,LINE_A,SHIFT_C,26.61,0.647,0.353,2.661,2.661,5.322
2026-10-01 01:45:00,LINE_A,SHIFT_C,26.63,0.647,0.353,2.663,2.663,5.325
2026-10-01 02:00:00,LINE_A,SHIFT_C,26.65,0.65,0.35,2.665,2.665,5.33
2026-10-01 02:15:00,LINE_A,SHIFT_C,26.67,0.65,0.35,2.667,2.667,5.335
2026-10-01 02:30:00,LINE_A,SHIFT_C,26.71,0.65,0.35,2.671,2.671,5.341
2026-10-01 02:45:00,LINE_A,SHIFT_C,26.74,0.65,0.35,2.674,2.674,5.349
2026-10-01 03:00:00,LINE_A,SHIFT_C,26.79,0.652,0.348,2.679,2.679,5.358
2026-10-01 03:15:00,LINE_A,SHIFT_C,26.84,0.652,0.348,2.684,2.684,5.367
2026-10-01 03:30:00,LINE_A,SHIFT_C,26.89,0.652,0.348,2.689,2.689,5.378
2026-10-01 03:45:00,LINE_A,SHIFT_C,26.95,0.652,0.348,2.695,2.695,5.389
2026-10-01 04:00:00,LINE_A,SHIFT_C,27.01,0.655,0.345,2.701,2.701,5.402
2026-10-01 04:15:00,LINE_A,SHIFT_C,27.08,0.655,0.345,2.708,2.708,5.415
2026-10-01 04:30:00,LINE_A,SHIFT_C,27.15,0.655,0.345,2.715,2.715,5.43
2026-10-01 04:45:00,LINE_A,SHIFT_C,27.22,0.655,0.345,2.722,2.722,5.444
2026-10-01 05:00:00,LINE_A,SHIFT_C,27.3,0.657,0.343,2.73,2.73,5.46
2026-10-01 05:15:00,LINE_A,SHIFT_C,27.38,0.657,0.343,2.738,2.738,5.476
2026-10-01 05:30:00,LINE_A,SHIFT_C,27.46,0.657,0.343,2.746,2.746,5.493
2026-10-01 05:45:00,LINE_A,SHIFT_C,27.55,0.657,0.343,2.755,2.755,5.51
2026-10-01 06:00:00,LINE_A,SHIFT_A,33.56,0.659,0.341,3.356,3.356,6.712
2026-10-01 06:15:00,LINE_A,SHIFT_A,33.67,0.659,0.341,3.367,3.367,6.734
2026-10-01 06:30:00,LINE_A,SHIFT_A,33.78,0.659,0.341,3.378,3.378,6.756
2026-10-01 06:45:00,LINE_A,SHIFT_A,33.89,0.659,0.341,3.389,3.389,6.778
2026-10-01 07:00:00,LINE_A,SHIFT_A,34.0,0.661,0.339,3.4,3.4,6.8
2026-10-01 07:15:00,LINE_A,SHIFT_A,34.11,0.661,0.339,3.411,3.411,6.822
2026-10-01 07:30:00,LINE_A,SHIFT_A,34.22,0.661,0.339,3.422,3.422,6.844
2026-10-01 07:45:00,LINE_A,SHIFT_A,34.33,0.661,0.339,3.433,3.433,6.866
2026-10-01 08:00:00,LINE_A,SHIFT_A,34.44,0.663,0.337,3.444,3.444,6.888
2026-10-01 08:15:00,LINE_A,SHIFT_A,34.55,0.663,0.337,3.455,3.455,6.909
2026-10-01 08:30:00,LINE_A,SHIFT_A,34.65,0.663,0.337,3.465,3.465,6.93
2026-10-01 08:45:00,LINE_A,SHIFT_A,34.75,0.663,0.337,3.475,3.475,6.95
2026-10-01 09:00:00,LINE_A,SHIFT_A,34.85,0.665,0.335,3.485,3.485,6.97
2026-10-01 09:15:00,LINE_A,SHIFT_A,34.94,0.665,0.335,3.494,3.494,6.989
2026-10-01 09:30:00,LINE_A,SHIFT_A,35.03,0.665,0.335,3.503,3.503,7.007
2026-10-01 09:45:00,LINE_A,SHIFT_A,35.12,0.665,0.335,3.512,3.512,7.024
2026-10-01 10:00:00,LINE_A,SHIFT_A,35.2,0.666,0.334,3.52,3.52,7.04
2026-10-01 10:15:00,LINE_A,SHIFT_A,35.28,0.666,0.334,3.528,3.528,7.056
2026-10-01 10:30:00,LINE_A,SHIFT_A,35.35,0.666,0.334,3.535,3.535,7.07
2026-10-01 10:45:00,LINE_A,SHIFT_A,35.41,0.666,0.334,3.541,3.541,7.083
2026-10-01 11:00:00,LINE_A,SHIFT_A,35.47,0.667,0.333,3.547,3.547,7.094
2026-10-01 11:15:00,LINE_A,SHIFT_A,35.52,0.667,0.333,3.552,3.552,7.105
2026-10-01 11:30:00,LINE_A,SHIFT_A,31.3,0.667,0.333,3.13,3.13,6.26
2026-10-01 11:45:00,LINE_A,SHIFT_A,31.34,0.667,0.333,3.134,3.134,6.267
2026-10-01 12:00:00,LINE_A,SHIFT_A,35.64,0.668,0.332,3.564,3.564,7.128
2026-10-01 12:15:00,LINE_A,SHIFT_A,35.67,0.668,0.332,3.567,3.567,7.133
2026-10-01 12:30:00,LINE_A,SHIFT_A,35.69,0.668,0.332,3.569,3.569,7.137
2026-10-01 12:45:00,LINE_A,SHIFT_A,35.7,0.668,0.332,3.57,3.57,7.139
2026-10-01 13:00:00,LINE_A,SHIFT_A,35.7,0.669,0.331,3.57,3.57,7.14
2026-10-01 13:15:00,LINE_A,SHIFT_A,35.7,0.669,0.331,3.57,3.57,7.139
2026-10-01 13:30:00,LINE_A,SHIFT_A,35.69,0.669,0.331,3.569,3.569,7.137
2026-10-01 13:45:00,LINE_A,SHIFT_A,35.67,0.669,0.331,3.567,3.567,7.133
2026-10-01 14:00:00,LINE_A,SHIFT_B,37.74,0.67,0.33,3.774,3.774,7.548
2026-10-01 14:15:00,LINE_A,SHIFT_B,37.7,0.67,0.33,3.77,3.77,7.541
2026-10-01 14:30:00,LINE_A,SHIFT_B,37.66,0.67,0.33,3.766,3.766,7.533
2026-10-01 14:45:00,LINE_A,SHIFT_B,37.61,0.67,0.33,3.761,3.761,7.523
2026-10-01 15:00:00,LINE_A,SHIFT_B,37.56,0.67,0.33,3.756,3.756,7.512
2026-10-01 15:15:00,LINE_A,SHIFT_B,37.5,0.67,0.33,3.75,3.75,7.499
2026-10-01 15:30:00,LINE_A,SHIFT_B,37.43,0.67,0.33,3.743,3.743,7.486
2026-10-01 15:45:00,LINE_A,SHIFT_B,37.35,0.67,0.33,3.735,3.735,7.471
2026-10-01 16:00:00,LINE_A,SHIFT_B,37.27,0.67,0.33,3.727,3.727,7.455
2026-10-01 16:15:00,LINE_A,SHIFT_B,37.19,0.67,0.33,3.719,3.719,7.437
2026-10-01 16:30:00,LINE_A,SHIFT_B,37.1,0.67,0.33,3.71,3.71,7.419
2026-10-01 16:45:00,LINE_A,SHIFT_B,37.0,0.67,0.33,3.7,3.7,7.4
2026-10-01 17:00:00,LINE_A,SHIFT_B,36.9,0.67,0.33,3.69,3.69,7.38
2026-10-01 17:15:00,LINE_A,SHIFT_B,36.8,0.67,0.33,3.68,3.68,7.359
2026-10-01 17:30:00,LINE_A,SHIFT_B,36.69,0.67,0.33,3.669,3.669,7.338
2026-10-01 17:45:00,LINE_A,SHIFT_B,36.58,0.67,0.33,3.658,3.658,7.316
2026-10-01 18:00:00,LINE_A,SHIFT_B,36.47,0.67,0.33,3.647,3.647,7.293
2026-10-01 18:15:00,LINE_A,SHIFT_B,36.35,0.67,0.33,3.635,3.635,7.27
2026-10-01 18:30:00,LINE_A,SHIFT_B,36.23,0.67,0.33,3.623,3.623,7.247
2026-10-01 18:45:00,LINE_A,SHIFT_B,36.12,0.67,0.33,3.612,3.612,7.224
2026-10-01 19:00:00,LINE_A,SHIFT_B,31.68,0.669,0.331,3.168,3.168,6.336
2026-10-01 19:15:00,LINE_A,SHIFT_B,31.58,0.669,0.331,3.158,3.158,6.315
2026-10-01 19:30:00,LINE_A,SHIFT_B,35.77,0.669,0.331,3.577,3.577,7.153
2026-10-01 19:45:00,LINE_A,SHIFT_B,35.65,0.669,0.331,3.565,3.565,7.13
2026-10-01 20:00:00,LINE_A,SHIFT_B,35.53,0.668,0.332,3.553,3.553,7.107
2026-10-01 20:15:00,LINE_A,SHIFT_B,35.42,0.668,0.332,3.542,3.542,7.084
2026-10-01 20:30:00,LINE_A,SHIFT_B,35.31,0.668,0.332,3.531,3.531,7.062
2026-10-01 20:45:00,LINE_A,SHIFT_B,35.2,0.668,0.332,3.52,3.52,7.041
2026-10-01 21:00:00,LINE_A,SHIFT_B,35.1,0.668,0.332,3.51,3.51,7.02
2026-10-01 21:15:00,LINE_A,SHIFT_B,35.0,0.668,0.332,3.5,3.5,7.0
2026-10-01 21:30:00,LINE_A,SHIFT_B,34.9,0.668,0.332,3.49,3.49,6.981
2026-10-01 21:45:00,LINE_A,SHIFT_B,34.81,0.668,0.332,3.481,3.481,6.963
2026-10-01 22:00:00,LINE_A,SHIFT_C,27.01,0.666,0.334,2.701,2.701,5.402
2026-10-01 22:15:00,LINE_A,SHIFT_C,26.95,0.666,0.334,2.695,2.695,5.389
2026-10-01 22:30:00,LINE_A,SHIFT_C,26.89,0.666,0.334,2.689,2.689,5.378
2026-10-01 22:45:00,LINE_A,SHIFT_C,26.84,0.666,0.334,2.684,2.684,5.367
2026-10-01 23:00:00,LINE_A,SHIFT_C,26.79,0.665,0.335,2.679,2.679,5.358
2026-10-01 23:15:00,LINE_A,SHIFT_C,26.74,0.665,0.335,2.674,2.674,5.349
2026-10-01 23:30:00,LINE_A,SHIFT_C,26.71,0.665,0.335,2.671,2.671,5.341
2026-10-01 23:45:00,LINE_A,SHIFT_C,26.67,0.665,0.335,2.667,2.667,5.335
2026-10-02 00:00:00,LINE_A,SHIFT_C,26.65,0.667,0.333,2.665,2.665,5.33
2026-10-02 00:15:00,LINE_A,SHIFT_C,26.63,0.667,0.333,2.663,2.663,5.325
2026-10-02 00:30:00,LINE_A,SHIFT_C,26.61,0.667,0.333,2.661,2.661,5.322
2026-10-02 00:45:00,LINE_A,SHIFT_C,26.6,0.667,0.333,2.66,2.66,5.321
2026-10-02 01:00:00,LINE_A,SHIFT_C,26.6,0.666,0.334,2.66,2.66,5.32
2026-10-02 01:15:00,LINE_A,SHIFT_C,26.6,0.666,0.334,2.66,2.66,5.321
2026-10-02 01:30:00,LINE_A,SHIFT_C,26.61,0.666,0.334,2.661,2.661,5.322
2026-10-02 01:45:00,LINE_A,SHIFT_C,26.63,0.666,0.334,2.663,2.663,5.325
2026-10-02 02:00:00,LINE_A,SHIFT_C,26.65,0.664,0.336,2.665,2.665,5.33
2026-10-02 02:15:00,LINE_A,SHIFT_C,26.67,0.664,0.336,2.667,2.667,5.335
2026-10-02 02:30:00,LINE_A,SHIFT_C,26.71,0.664,0.336,2.671,2.671,5.341
2026-10-02 02:45:00,LINE_A,SHIFT_C,26.74,0.664,0.336,2.674,2.674,5.349
2026-10-02 03:00:00,LINE_A,SHIFT_C,26.79,0.663,0.337,2.679,2.679,5.358
2026-10-02 03:15:00,LINE_A,SHIFT_C,26.84,0.663,0.337,2.684,2.684,5.367
2026-10-02 03:30:00,LINE_A,SHIFT_C,26.89,0.663,0.337,2.689,2.689,5.378
2026-10-02 03:45:00,LINE_A,SHIFT_C,26.95,0.663,0.337,2.695,2.695,5.389
2026-10-02 04:00:00,LINE_A,SHIFT_C,27.01,0.661,0.339,2.701,2.701,5.402
2026-10-02 04:15:00,LINE_A,SHIFT_C,27.08,0.661,0.339,2.708,2.708,5.415
2026-10-02 04:30:00,LINE_A,SHIFT_C,27.15,0.661,0.339,2.715,2.715,5.43
2026-10-02 04:45:00,LINE_A,SHIFT_C,27.22,0.661,0.339,2.722,2.722,5.444
2026-10-02 05:00:00,LINE_A,SHIFT_C,27.3,0.659,0.341,2.73,2.73,5.46
2026-10-02 05:15:00,LINE_A,SHIFT_C,27.38,0.659,0.341,2.738,2.738,5.476
2026-10-02 05:30:00,LINE_A,SHIFT_C,27.46,0.659,0.341,2.746,2.746,5.493
2026-10-02 05:45:00,LINE_A,SHIFT_C,27.55,0.659,0.341,2.755,2.755,5.51
2026-10-02 06:00:00,LINE_A,SHIFT_A,33.56,0.657,0.343,3.356,3.356,6.712
2026-10-02 06:15:00,LINE_A,SHIFT_A,33.67,0.657,0.343,3.367,3.367,6.734
2026-10-02 06:30:00,LINE_A,SHIFT_A,33.78,0.657,0.343,3.378,3.378,6.756
2026-10-02 06:45:00,LINE_A,SHIFT_A,33.89,0.657,0.343,3.389,3.389,6.778
2026-10-02 07:00:00,LINE_A,SHIFT_A,34.0,0.654,0.346,3.4,3.4,6.8
2026-10-02 07:15:00,LINE_A,SHIFT_A,34.11,0.654,0.346,3.411,3.411,6.822
2026-10-02 07:30:00,LINE_A,SHIFT_A,34.22,0.654,0.346,3.422,3.422,6.844
2026-10-02 07:45:00,LINE_A,SHIFT_A,34.33,0.654,0.346,3.433,3.433,6.866
2026-10-02 08:00:00,LINE_A,SHIFT_A,34.44,0.652,0.348,3.444,3.444,6.888
2026-10-02 08:15:00,LINE_A,SHIFT_A,34.55,0.652,0.348,3.455,3.455,6.909
2026-10-02 08:30:00,LINE_A,SHIFT_A,34.65,0.652,0.348,3.465,3.465,6.93
2026-10-02 08:45:00,LINE_A,SHIFT_A,34.75,0.652,0.348,3.475,3.475,6.95
2026-10-02 09:00:00,LINE_A,SHIFT_A,34.85,0.649,0.351,3.485,3.485,6.97
2026-10-02 09:15:00,LINE_A,SHIFT_A,34.94,0.649,0.351,3.494,3.494,6.989
2026-10-02 09:30:00,LINE_A,SHIFT_A,35.03,0.649,0.351,3.503,3.503,7.007
2026-10-02 09:45:00,LINE_A,SHIFT_A,35.12,0.649,0.351,3.512,3.512,7.024
2026-10-02 10:00:00,LINE_A,SHIFT_A,35.2,0.646,0.354,3.52,3.52,7.04
2026-10-02 10:15:00,LINE_A,SHIFT_A,35.28,0.646,0.354,3.528,3.528,7.056
2026-10-02 10:30:00,LINE_A,SHIFT_A,35.35,0.646,0.354,3.535,3.535,7.07
2026-10-02 10:45:00,LINE_A,SHIFT_A,35.41,0.646,0.354,3.541,3.541,7.083
2026-10-02 11:00:00,LINE_A,SHIFT_A,35.47,0.643,0.357,3.547,3.547,7.094
2026-10-02 11:15:00,LINE_A,SHIFT_A,35.52,0.643,0.357,3.552,3.552,7.105
2026-10-02 11:30:00,LINE_A,SHIFT_A,31.3,0.643,0.357,3.13,3.13,6.26
2026-10-02 11:45:00,LINE_A,SHIFT_A,31.34,0.643,0.357,3.134,3.134,6.267
2026-10-02 12:00:00,LINE_A,SHIFT_A,35.64,0.64,0.36,3.564,3.564,7.128
2026-10-02 12:15:00,LINE_A,SHIFT_A,35.67,0.64,0.36,3.567,3.567,7.133
2026-10-02 12:30:00,LINE_A,SHIFT_A,35.69,0.64,0.36,3.569,3.569,7.137
2026-10-02 12:45:00,LINE_A,SHIFT_A,35.7,0.64,0.36,3.57,3.57,7.139
2026-10-02 13:00:00,LINE_A,SHIFT_A,35.7,0.636,0.364,3.57,3.57,7.14
2026-10-02 13:15:00,LINE_A,SHIFT_A,35.7,0.636,0.364,3.57,3.57,7.139
2026-10-02 13:30:00,LINE_A,SHIFT_A,35.69,0.636,0.364,3.569,3.569,7.137
2026-10-02 13:45:00,LINE_A,SHIFT_A,35.67,0.636,0.364,3.567,3.567,7.133
2026-10-02 14:00:00,LINE_A,SHIFT_B,37.74,0.633,0.367,3.774,3.774,7.548
2026-10-02 14:15:00,LINE_A,SHIFT_B,37.7,0.633,0.367,3.77,3.77,7.541
2026-10-02 14:30:00,LINE_A,SHIFT_B,37.66,0.633,0.367,3.766,3.766,7.533
2026-10-02 14:45:00,LINE_A,SHIFT_B,37.61,0.633,0.367,3.761,3.761,7.523
2026-10-02 15:00:00,LINE_A,SHIFT_B,37.56,0.629,0.371,3.756,3.756,7.512
2026-10-02 15:15:00,LINE_A,SHIFT_B,37.5,0.629,0.371,3.75,3.75,7.499
2026-10-02 15:30:00,LINE_A,SHIFT_B,37.43,0.629,0.371,3.743,3.743,7.486
2026-10-02 15:45:00,LINE_A,SHIFT_B,37.35,0.629,0.371,3.735,3.735,7.471
2026-10-02 16:00:00,LINE_A,SHIFT_B,37.27,0.625,0.375,3.727,3.727,7.455
2026-10-02 16:15:00,LINE_A,SHIFT_B,37.19,0.625,0.375,3.719,3.719,7.437
2026-10-02 16:30:00,LINE_A,SHIFT_B,37.1,0.625,0.375,3.71,3.71,7.419
2026-10-02 16:45:00,LINE_A,SHIFT_B,37.0,0.625,0.375,3.7,3.7,7.4
2026-10-02 17:00:00,LINE_A,SHIFT_B,36.9,0.621,0.379,3.69,3.69,7.38
2026-10-02 17:15:00,LINE_A,SHIFT_B,36.8,0.621,0.379,3.68,3.68,7.359
2026-10-02 17:30:00,LINE_A,SHIFT_B,36.69,0.621,0.379,3.669,3.669,7.338
2026-10-02 17:45:00,LINE_A,SHIFT_B,36.58,0.621,0.379,3.658,3.658,7.316
2026-10-02 18:00:00,LINE_A,SHIFT_B,36.47,0.617,0.383,3.647,3.647,7.293
2026-10-02 18:15:00,LINE_A,SHIFT_B,36.35,0.617,0.383,3.635,3.635,7.27
2026-10-02 18:30:00,LINE_A,SHIFT_B,36.23,0.617,0.383,3.623,3.623,7.247
2026-10-02 18:45:00,LINE_A,SHIFT_B,36.12,0.617,0.383,3.612,3.612,7.224
2026-10-02 19:00:00,LINE_A,SHIFT_B,31.68,0.613,0.387,3.168,3.168,6.336
2026-10-02 19:15:00,LINE_A,SHIFT_B,31.58,0.613,0.387,3.158,3.158,6.315
2026-10-02 19:30:00,LINE_A,SHIFT_B,35.77,0.613,0.387,3.577,3.577,7.153
2026-10-02 19:45:00,LINE_A,SHIFT_B,35.65,0.613,0.387,3.565,3.565,7.13
2026-10-02 20:00:00,LINE_A,SHIFT_B,35.53,0.609,0.391,3.553,3.553,7.107
2026-10-02 20:15:00,LINE_A,SHIFT_B,35.42,0.609,0.391,3.542,3.542,7.084
2026-10-02 20:30:00,LINE_A,SHIFT_B,35.31,0.609,0.391,3.531,3.531,7.062
2026-10-02 20:45:00,LINE_A,SHIFT_B,35.2,0.609,0.391,3.52,3.52,7.041
2026-10-02 21:00:00,LINE_A,SHIFT_B,35.1,0.604,0.396,3.51,3.51,7.02
2026-10-02 21:15:00,LINE_A,SHIFT_B,35.0,0.604,0.396,3.5,3.5,7.0
2026-10-02 21:30:00,LINE_A,SHIFT_B,34.9,0.604,0.396,3.49,3.49,6.981
2026-10-02 21:45:00,LINE_A,SHIFT_B,34.81,0.604,0.396,3.481,3.481,6.963
2026-10-02 22:00:00,LINE_A,SHIFT_C,27.01,0.6,0.4,2.701,2.701,5.402
2026-10-02 22:15:00,LINE_A,SHIFT_C,26.95,0.6,0.4,2.695,2.695,5.389
2026-10-02 22:30:00,LINE_A,SHIFT_C,26.89,0.6,0.4,2.689,2.689,5.378
2026-10-02 22:45:00,LINE_A,SHIFT_C,26.84,0.6,0.4,2.684,2.684,5.367
2026-10-02 23:00:00,LINE_A,SHIFT_C,26.79,0.595,0.405,2.679,2.679,5.358
2026-10-02 23:15:00,LINE_A,SHIFT_C,26.74,0.595,0.405,2.674,2.674,5.349
2026-10-02 23:30:00,LINE_A,SHIFT_C,26.71,0.595,0.405,2.671,2.671,5.341
2026-10-02 23:45:00,LINE_A,SHIFT_C,26.67,0.595,0.405,2.667,2.667,5.335
2026-10-03 00:00:00,LINE_A,SHIFT_C,21.85,0.602,0.398,2.185,2.185,4.37
2026-10-03 00:15:00,LINE_A,SHIFT_C,21.83,0.602,0.398,2.183,2.183,4.367
2026-10-03 00:30:00,LINE_A,SHIFT_C,21.82,0.602,0.398,2.182,2.182,4.364
2026-10-03 00:45:00,LINE_A,SHIFT_C,21.81,0.602,0.398,2.181,2.181,4.363
2026-10-03 01:00:00,LINE_A,SHIFT_C,21.81,0.598,0.402,2.181,2.181,4.362
2026-10-03 01:15:00,LINE_A,SHIFT_C,21.81,0.598,0.402,2.181,2.181,4.363
2026-10-03 01:30:00,LINE_A,SHIFT_C,21.82,0.598,0.402,2.182,2.182,4.364
2026-10-03 01:45:00,LINE_A,SHIFT_C,21.83,0.598,0.402,2.183,2.183,4.367
2026-10-03 02:00:00,LINE_A,SHIFT_C,21.85,0.593,0.407,2.185,2.185,4.37
2026-10-03 02:15:00,LINE_A,SHIFT_C,21.87,0.593,0.407,2.187,2.187,4.375
2026-10-03 02:30:00,LINE_A,SHIFT_C,21.9,0.593,0.407,2.19,2.19,4.38
2026-10-03 02:45:00,LINE_A,SHIFT_C,21.93,0.593,0.407,2.193,2.193,4.386
2026-10-03 03:00:00,LINE_A,SHIFT_C,21.97,0.588,0.412,2.197,2.197,4.393
2026-10-03 03:15:00,LINE_A,SHIFT_C,22.01,0.588,0.412,2.201,2.201,4.401
2026-10-03 03:30:00,LINE_A,SHIFT_C,22.05,0.588,0.412,2.205,2.205,4.41
2026-10-03 03:45:00,LINE_A,SHIFT_C,22.1,0.588,0.412,2.21,2.21,4.419
2026-10-03 04:00:00,LINE_A,SHIFT_C,22.15,0.583,0.417,2.215,2.215,4.43
2026-10-03 04:15:00,LINE_A,SHIFT_C,22.2,0.583,0.417,2.22,2.22,4.441
2026-10-03 04:30:00,LINE_A,SHIFT_C,22.26,0.583,0.417,2.226,2.226,4.452
2026-10-03 04:45:00,LINE_A,SHIFT_C,22.32,0.583,0.417,2.232,2.232,4.464
2026-10-03 05:00:00,LINE_A,SHIFT_C,22.39,0.579,0.421,2.239,2.239,4.477
2026-10-03 05:15:00,LINE_A,SHIFT_C,22.45,0.579,0.421,2.245,2.245,4.49
2026-10-03 05:30:00,LINE_A,SHIFT_C,22.52,0.579,0.421,2.252,2.252,4.504
2026-10-03 05:45:00,LINE_A,SHIFT_C,22.59,0.579,0.421,2.259,2.259,4.518
2026-10-03 06:00:00,LINE_A,SHIFT_A,27.52,0.574,0.426,2.752,2.752,5.504
2026-10-03 06:15:00,LINE_A,SHIFT_A,27.61,0.574,0.426,2.761,2.761,5.522
2026-10-03 06:30:00,LINE_A,SHIFT_A,27.7,0.574,0.426,2.77,2.77,5.54
2026-10-03 06:45:00,LINE_A,SHIFT_A,27.79,0.574,0.426,2.779,2.779,5.558
2026-10-03 07:00:00,LINE_A,SHIFT_A,27.88,0.569,0.431,2.788,2.788,5.576
2026-10-03 07:15:00,LINE_A,SHIFT_A,27.97,0.569,0.431,2.797,2.797,5.594
2026-10-03 07:30:00,LINE_A,SHIFT_A,28.06,0.569,0.431,2.806,2.806,5.612
2026-10-03 07:45:00,LINE_A,SHIFT_A,28.15,0.569,0.431,2.815,2.815,5.63
2026-10-03 08:00:00,LINE_A,SHIFT_A,28.24,0.564,0.436,2.824,2.824,5.648
2026-10-03 08:15:00,LINE_A,SHIFT_A,28.33,0.564,0.436,2.833,2.833,5.666
2026-10-03 08:30:00,LINE_A,SHIFT_A,28.41,0.564,0.436,2.841,2.841,5.683
2026-10-03 08:45:00,LINE_A,SHIFT_A,28.5,0.564,0.436,2.85,2.85,5.699
2026-10-03 09:00:00,LINE_A,SHIFT_A,28.58,0.559,0.441,2.858,2.858,5.715
2026-10-03 09:15:00,LINE_A,SHIFT_A,28.65,0.559,0.441,2.865,2.865,5.731
2026-10-03 09:30:00,LINE_A,SHIFT_A,28.73,0.559,0.441,2.873,2.873,5.746
2026-10-03 09:45:00,LINE_A,SHIFT_A,28.8,0.559,0.441,2.88,2.88,5.76
2026-10-03 10:00:00,LINE_A,SHIFT_A,28.87,0.554,0.446,2.887,2.887,5.773
2026-10-03 10:15:00,LINE_A,SHIFT_A,28.93,0.554,0.446,2.893,2.893,5.786
2026-10-03 10:30:00,LINE_A,SHIFT_A,28.99,0.554,0.446,2.899,2.899,5.797
2026-10-03 10:45:00,LINE_A,SHIFT_A,29.04,0.554,0.446,2.904,2.904,5.808
2026-10-03 11:00:00,LINE_A,SHIFT_A,29.09,0.549,0.451,2.909,2.909,5.817
2026-10-03 11:15:00,LINE_A,SHIFT_A,29.13,0.549,0.451,2.913,2.913,5.826
2026-10-03 11:30:00,LINE_A,SHIFT_A,25.67,0.549,0.451,2.567,2.567,5.134
2026-10-03 11:45:00,LINE_A,SHIFT_A,25.7,0.549,0.451,2.57,2.57,5.139
2026-10-03 12:00:00,LINE_A,SHIFT_A,29.23,0.544,0.456,2.923,2.923,5.845
2026-10-03 12:15:00,LINE_A,SHIFT_A,29.25,0.544,0.456,2.925,2.925,5.849
2026-10-03 12:30:00,LINE_A,SHIFT_A,29.26,0.544,0.456,2.926,2.926,5.852
2026-10-03 12:45:00,LINE_A,SHIFT_A,29.27,0.544,0.456,2.927,2.927,5.854
2026-10-03 13:00:00,LINE_A,SHIFT_A,29.27,0.539,0.461,2.927,2.927,5.855
2026-10-03 13:15:00,LINE_A,SHIFT_A,29.27,0.539,0.461,2.927,2.927,5.854
2026-10-03 13:30:00,LINE_A,SHIFT_A,29.26,0.539,0.461,2.926,2.926,5.852
2026-10-03 13:45:00,LINE_A,SHIFT_A,29.25,0.539,0.461,2.925,2.925,5.849
2026-10-03 14:00:00,LINE_A,SHIFT_B,30.95,0.534,0.466,3.095,3.095,6.189
2026-10-03 14:15:00,LINE_A,SHIFT_B,30.92,0.534,0.466,3.092,3.092,6.184
2026-10-03 14:30:00,LINE_A,SHIFT_B,30.88,0.534,0.466,3.088,3.088,6.177
2026-10-03 14:45:00,LINE_A,SHIFT_B,30.84,0.534,0.466,3.084,3.084,6.169
2026-10-03 15:00:00,LINE_A,SHIFT_B,30.8,0.529,0.471,3.08,3.08,6.16
2026-10-03 15:15:00,LINE_A,SHIFT_B,30.75,0.529,0.471,3.075,3.075,6.149
2026-10-03 15:30:00,LINE_A,SHIFT_B,30.69,0.529,0.471,3.069,3.069,6.138
2026-10-03 15:45:00,LINE_A,SHIFT_B,30.63,0.529,0.471,3.063,3.063,6.126
2026-10-03 16:00:00,LINE_A,SHIFT_B,30.56,0.524,0.476,3.056,3.056,6.113
2026-10-03 16:15:00,LINE_A,SHIFT_B,30.49,0.524,0.476,3.049,3.049,6.099
2026-10-03 16:30:00,LINE_A,SHIFT_B,30.42,0.524,0.476,3.042,3.042,6.084
2026-10-03 16:45:00,LINE_A,SHIFT_B,30.34,0.524,0.476,3.034,3.034,6.068
2026-10-03 17:00:00,LINE_A,SHIFT_B,30.26,0.519,0.481,3.026,3.026,6.052
2026-10-03 17:15:00,LINE_A,SHIFT_B,30.17,0.519,0.481,3.017,3.017,6.035
2026-10-03 17:30:00,LINE_A,SHIFT_B,30.08,0.519,0.481,3.008,3.008,6.017
2026-10-03 17:45:00,LINE_A,SHIFT_B,29.99,0.519,0.481,2.999,2.999,5.999
2026-10-03 18:00:00,LINE_A,SHIFT_B,29.9,0.514,0.486,2.99,2.99,5.98
2026-10-03 18:15:00,LINE_A,SHIFT_B,29.81,0.514,0.486,2.981,2.981,5.962
2026-10-03 18:30:00,LINE_A,SHIFT_B,29.71,0.514,0.486,2.971,2.971,5.943
2026-10-03 18:45:00,LINE_A,SHIFT_B,29.62,0.514,0.486,2.962,2.962,5.923
2026-10-03 19:00:00,LINE_A,SHIFT_B,25.98,0.51,0.49,2.598,2.598,5.196
2026-10-03 19:15:00,LINE_A,SHIFT_B,25.89,0.51,0.49,2.589,2.589,5.179
2026-10-03 19:30:00,LINE_A,SHIFT_B,29.33,0.51,0.49,2.933,2.933,5.865
2026-10-03 19:45:00,LINE_A,SHIFT_B,29.23,0.51,0.49,2.923,2.923,5.846
2026-10-03 20:00:00,LINE_A,SHIFT_B,29.14,0.505,0.495,2.914,2.914,5.828
2026-10-03 20:15:00,LINE_A,SHIFT_B,29.05,0.505,0.495,2.905,2.905,5.809
2026-10-03 20:30:00,LINE_A,SHIFT_B,28.96,0.505,0.495,2.896,2.896,5.791
2026-10-03 20:45:00,LINE_A,SHIFT_B,28.87,0.505,0.495,2.887,2.887,5.773
2026-10-03 21:00:00,LINE_A,SHIFT_B,28.78,0.5,0.5,2.878,2.878,5.756
2026-10-03 21:15:00,LINE_A,SHIFT_B,28.7,0.5,0.5,2.87,2.87,5.74
2026-10-03 21:30:00,LINE_A,SHIFT_B,28.62,0.5,0.5,2.862,2.862,5.724
2026-10-03 21:45:00,LINE_A,SHIFT_B,28.55,0.5,0.5,2.855,2.855,5.709
2026-10-03 22:00:00,LINE_A,SHIFT_C,22.15,0.496,0.504,2.215,2.215,4.43
2026-10-03 22:15:00,LINE_A,SHIFT_C,22.1,0.496,0.504,2.21,2.21,4.419
2026-10-03 22:30:00,LINE_A,SHIFT_C,22.05,0.496,0.504,2.205,2.205,4.41
2026-10-03 22:45:00,LINE_A,SHIFT_C,22.01,0.496,0.504,2.201,2.201,4.401
2026-10-03 23:00:00,LINE_A,SHIFT_C,21.97,0.491,0.509,2.197,2.197,4.393
2026-10-03 23:15:00,LINE_A,SHIFT_C,21.93,0.491,0.509,2.193,2.193,4.386
2026-10-03 23:30:00,LINE_A,SHIFT_C,21.9,0.491,0.509,2.19,2.19,4.38
2026-10-03 23:45:00,LINE_A,SHIFT_C,21.87,0.491,0.509,2.187,2.187,4.375
2026-10-04 00:00:00,LINE_A,SHIFT_C,21.85,0.498,0.502,2.185,2.185,4.37
2026-10-04 00:15:00,LINE_A,SHIFT_C,21.83,0.498,0.502,2.183,2.183,4.367
2026-10-04 00:30:00,LINE_A,SHIFT_C,21.82,0.498,0.502,2.182,2.182,4.364
2026-10-04 00:45:00,LINE_A,SHIFT_C,21.81,0.498,0.502,2.181,2.181,4.363
2026-10-04 01:00:00,LINE_A,SHIFT_C,21.81,0.493,0.507,2.181,2.181,4.362
2026-10-04 01:15:00,LINE_A,SHIFT_C,21.81,0.493,0.507,2.181,2.181,4.363
2026-10-04 01:30:00,LINE_A,SHIFT_C,21.82,0.493,0.507,2.182,2.182,4.364
2026-10-04 01:45:00,LINE_A,SHIFT_C,21.83,0.493,0.507,2.183,2.183,4.367
2026-10-04 02:00:00,LINE_A,SHIFT_C,21.85,0.489,0.511,2.185,2.185,4.37
2026-10-04 02:15:00,LINE_A,SHIFT_C,21.87,0.489,0.511,2.187,2.187,4.375
2026-10-04 02:30:00,LINE_A,SHIFT_C,21.9,0.489,0.511,2.19,2.19,4.38
2026-10-04 02:45:00,LINE_A,SHIFT_C,21.93,0.489,0.511,2.193,2.193,4.386
2026-10-04 03:00:00,LINE_A,SHIFT_C,21.97,0.485,0.515,2.197,2.197,4.393
2026-10-04 03:15:00,LINE_A,SHIFT_C,22.01,0.485,0.515,2.201,2.201,4.401
2026-10-04 03:30:00,LINE_A,SHIFT_C,22.05,0.485,0.515,2.205,2.205,4.41
2026-10-04 03:45:00,LINE_A,SHIFT_C,22.1,0.485,0.515,2.21,2.21,4.419
2026-10-04 04:00:00,LINE_A,SHIFT_C,22.15,0.481,0.519,2.215,2.215,4.43
2026-10-04 04:15:00,LINE_A,SHIFT_C,22.2,0.481,0.519,2.22,2.22,4.441
2026-10-04 04:30:00,LINE_A,SHIFT_C,22.26,0.481,0.519,2.226,2.226,4.452
2026-10-04 04:45:00,LINE_A,SHIFT_C,22.32,0.481,0.519,2.232,2.232,4.464
2026-10-04 05:00:00,LINE_A,SHIFT_C,22.39,0.477,0.523,2.239,2.239,4.477
2026-10-04 05:15:00,LINE_A,SHIFT_C,22.45,0.477,0.523,2.245,2.245,4.49
2026-10-04 05:30:00,LINE_A,SHIFT_C,22.52,0.477,0.523,2.252,2.252,4.504
2026-10-04 05:45:00,LINE_A,SHIFT_C,22.59,0.477,0.523,2.259,2.259,4.518
2026-10-04 06:00:00,LINE_A,SHIFT_A,27.52,0.473,0.527,2.752,2.752,5.504
2026-10-04 06:15:00,LINE_A,SHIFT_A,27.61,0.473,0.527,2.761,2.761,5.522
2026-10-04 06:30:00,LINE_A,SHIFT_A,27.7,0.473,0.527,2.77,2.77,5.54
2026-10-04 06:45:00,LINE_A,SHIFT_A,27.79,0.473,0.527,2.779,2.779,5.558
2026-10-04 07:00:00,LINE_A,SHIFT_A,27.88,0.469,0.531,2.788,2.788,5.576
2026-10-04 07:15:00,LINE_A,SHIFT_A,27.97,0.469,0.531,2.797,2.797,5.594
2026-10-04 07:30:00,LINE_A,SHIFT_A,28.06,0.469,0.531,2.806,2.806,5.612
2026-10-04 07:45:00,LINE_A,SHIFT_A,28.15,0.469,0.531,2.815,2.815,5.63
2026-10-04 08:00:00,LINE_A,SHIFT_A,28.24,0.465,0.535,2.824,2.824,5.648
2026-10-04 08:15:00,LINE_A,SHIFT_A,28.33,0.465,0.535,2.833,2.833,5.666
2026-10-04 08:30:00,LINE_A,SHIFT_A,28.41,0.465,0.535,2.841,2.841,5.683
2026-10-04 08:45:00,LINE_A,SHIFT_A,28.5,0.465,0.535,2.85,2.85,5.699
2026-10-04 09:00:00,LINE_A,SHIFT_A,28.58,0.462,0.538,2.858,2.858,5.715
2026-10-04 09:15:00,LINE_A,SHIFT_A,28.65,0.462,0.538,2.865,2.865,5.731
2026-10-04 09:30:00,LINE_A,SHIFT_A,28.73,0.462,0.538,2.873,2.873,5.746
2026-10-04 09:45:00,LINE_A,SHIFT_A,28.8,0.462,0.538,2.88,2.88,5.76
2026-10-04 10:00:00,LINE_A,SHIFT_A,28.87,0.459,0.541,2.887,2.887,5.773
2026-10-04 10:15:00,LINE_A,SHIFT_A,28.93,0.459,0.541,2.893,2.893,5.786
2026-10-04 10:30:00,LINE_A,SHIFT_A,28.99,0.459,0.541,2.899,2.899,5.797
2026-10-04 10:45:00,LINE_A,SHIFT_A,29.04,0.459,0.541,2.904,2.904,5.808
2026-10-04 11:00:00,LINE_A,SHIFT_A,29.09,0.455,0.545,2.909,2.909,5.817
2026-10-04 11:15:00,LINE_A,SHIFT_A,29.13,0.455,0.545,2.913,2.913,5.826
2026-10-04 11:30:00,LINE_A,SHIFT_A,25.67,0.455,0.545,2.567,2.567,5.134
2026-10-04 11:45:00,LINE_A,SHIFT_A,25.7,0.455,0.545,2.57,2.57,5.139
2026-10-04 12:00:00,LINE_A,SHIFT_A,29.23,0.452,0.548,2.923,2.923,5.845
2026-10-04 12:15:00,LINE_A,SHIFT_A,29.25,0.452,0.548,2.925,2.925,5.849
2026-10-04 12:30:00,LINE_A,SHIFT_A,29.26,0.452,0.548,2.926,2.926,5.852
2026-10-04 12:45:00,LINE_A,SHIFT_A,29.27,0.452,0.548,2.927,2.927,5.854
2026-10-04 13:00:00,LINE_A,SHIFT_A,29.27,0.45,0.55,2.927,2.927,5.855
2026-10-04 13:15:00,LINE_A,SHIFT_A,29.27,0.45,0.55,2.927,2.927,5.854
2026-10-04 13:30:00,LINE_A,SHIFT_A,29.26,0.45,0.55,2.926,2.926,5.852
2026-10-04 13:45:00,LINE_A,SHIFT_A,29.25,0.45,0.55,2.925,2.925,5.849
2026-10-04 14:00:00,LINE_A,SHIFT_B,30.95,0.447,0.553,3.095,3.095,6.189
2026-10-04 14:15:00,LINE_A,SHIFT_B,30.92,0.447,0.553,3.092,3.092,6.184
2026-10-04 14:30:00,LINE_A,SHIFT_B,30.88,0.447,0.553,3.088,3.088,6.177
2026-10-04 14:45:00,LINE_A,SHIFT_B,30.84,0.447,0.553,3.084,3.084,6.169
2026-10-04 15:00:00,LINE_A,SHIFT_B,30.8,0.445,0.555,3.08,3.08,6.16
2026-10-04 15:15:00,LINE_A,SHIFT_B,30.75,0.445,0.555,3.075,3.075,6.149
2026-10-04 15:30:00,LINE_A,SHIFT_B,30.69,0.445,0.555,3.069,3.069,6.138
2026-10-04 15:45:00,LINE_A,SHIFT_B,30.63,0.445,0.555,3.063,3.063,6.126
2026-10-04 16:00:00,LINE_A,SHIFT_B,30.56,0.442,0.558,3.056,3.056,6.113
2026-10-04 16:15:00,LINE_A,SHIFT_B,30.49,0.442,0.558,3.049,3.049,6.099
2026-10-04 16:30:00,LINE_A,SHIFT_B,30.42,0.442,0.558,3.042,3.042,6.084
2026-10-04 16:45:00,LINE_A,SHIFT_B,30.34,0.442,0.558,3.034,3.034,6.068
2026-10-04 17:00:00,LINE_A,SHIFT_B,30.26,0.44,0.56,3.026,3.026,6.052
2026-10-04 17:15:00,LINE_A,SHIFT_B,30.17,0.44,0.56,3.017,3.017,6.035
2026-10-04 17:30:00,LINE_A,SHIFT_B,30.08,0.44,0.56,3.008,3.008,6.017
2026-10-04 17:45:00,LINE_A,SHIFT_B,29.99,0.44,0.56,2.999,2.999,5.999
2026-10-04 18:00:00,LINE_A,SHIFT_B,29.9,0.438,0.562,2.99,2.99,5.98
2026-10-04 18:15:00,LINE_A,SHIFT_B,29.81,0.438,0.562,2.981,2.981,5.962
2026-10-04 18:30:00,LINE_A,SHIFT_B,29.71,0.438,0.562,2.971,2.971,5.943
2026-10-04 18:45:00,LINE_A,SHIFT_B,29.62,0.438,0.562,2.962,2.962,5.923
2026-10-04 19:00:00,LINE_A,SHIFT_B,25.98,0.436,0.564,2.598,2.598,5.196
2026-10-04 19:15:00,LINE_A,SHIFT_B,25.89,0.436,0.564,2.589,2.589,5.179
2026-10-04 19:30:00,LINE_A,SHIFT_B,29.33,0.436,0.564,2.933,2.933,5.865
2026-10-04 19:45:00,LINE_A,SHIFT_B,29.23,0.436,0.564,2.923,2.923,5.846
2026-10-04 20:00:00,LINE_A,SHIFT_B,29.14,0.435,0.565,2.914,2.914,5.828
2026-10-04 20:15:00,LINE_A,SHIFT_B,29.05,0.435,0.565,2.905,2.905,5.809
2026-10-04 20:30:00,LINE_A,SHIFT_B,28.96,0.435,0.565,2.896,2.896,5.791
2026-10-04 20:45:00,LINE_A,SHIFT_B,28.87,0.435,0.565,2.887,2.887,5.773
2026-10-04 21:00:00,LINE_A,SHIFT_B,28.78,0.434,0.566,2.878,2.878,5.756
2026-10-04 21:15:00,LINE_A,SHIFT_B,28.7,0.434,0.566,2.87,2.87,5.74
2026-10-04 21:30:00,LINE_A,SHIFT_B,28.62,0.434,0.566,2.862,2.862,5.724
2026-10-04 21:45:00,LINE_A,SHIFT_B,28.55,0.434,0.566,2.855,2.855,5.709
2026-10-04 22:00:00,LINE_A,SHIFT_C,22.15,0.433,0.567,2.215,2.215,4.43
2026-10-04 22:15:00,LINE_A,SHIFT_C,22.1,0.433,0.567,2.21,2.21,4.419
2026-10-04 22:30:00,LINE_A,SHIFT_C,22.05,0.433,0.567,2.205,2.205,4.41
2026-10-04 22:45:00,LINE_A,SHIFT_C,22.01,0.433,0.567,2.201,2.201,4.401
2026-10-04 23:00:00,LINE_A,SHIFT_C,21.97,0.432,0.568,2.197,2.197,4.393
2026-10-04 23:15:00,LINE_A,SHIFT_C,21.93,0.432,0.568,2.193,2.193,4.386
2026-10-04 23:30:00,LINE_A,SHIFT_C,21.9,0.432,0.568,2.19,2.19,4.38
2026-10-04 23:45:00,LINE_A,SHIFT_C,21.87,0.432,0.568,2.187,2.187,4.375
2026-10-05 00:00:00,LINE_A,SHIFT_C,26.65,0.433,0.567,2.665,2.665,5.33
2026-10-05 00:15:00,LINE_A,SHIFT_C,26.63,0.433,0.567,2.663,2.663,5.325
2026-10-05 00:30:00,LINE_A,SHIFT_C,26.61,0.433,0.567,2.661,2.661,5.322
2026-10-05 00:45:00,LINE_A,SHIFT_C,26.6,0.433,0.567,2.66,2.66,5.321
2026-10-05 01:00:00,LINE_A,SHIFT_C,26.6,0.432,0.568,2.66,2.66,5.32
2026-10-05 01:15:00,LINE_A,SHIFT_C,26.6,0.432,0.568,2.66,2.66,5.321
2026-10-05 01:30:00,LINE_A,SHIFT_C,26.61,0.432,0.568,2.661,2.661,5.322
2026-10-05 01:45:00,LINE_A,SHIFT_C,26.63,0.432,0.568,2.663,2.663,5.325
2026-10-05 02:00:00,LINE_A,SHIFT_C,26.65,0.431,0.569,2.665,2.665,5.33
2026-10-05 02:15:00,LINE_A,SHIFT_C,26.67,0.431,0.569,2.667,2.667,5.335
2026-10-05 02:30:00,LINE_A,SHIFT_C,26.71,0.431,0.569,2.671,2.671,5.341
2026-10-05 02:45:00,LINE_A,SHIFT_C,26.74,0.431,0.569,2.674,2.674,5.349
2026-10-05 03:00:00,LINE_A,SHIFT_C,26.79,0.431,0.569,2.679,2.679,5.358
2026-10-05 03:15:00,LINE_A,SHIFT_C,26.84,0.431,0.569,2.684,2.684,5.367
2026-10-05 03:30:00,LINE_A,SHIFT_C,26.89,0.431,0.569,2.689,2.689,5.378
2026-10-05 03:45:00,LINE_A,SHIFT_C,26.95,0.431,0.569,2.695,2.695,5.389
2026-10-05 04:00:00,LINE_A,SHIFT_C,27.01,0.43,0.57,2.701,2.701,5.402
2026-10-05 04:15:00,LINE_A,SHIFT_C,27.08,0.43,0.57,2.708,2.708,5.415
2026-10-05 04:30:00,LINE_A,SHIFT_C,27.15,0.43,0.57,2.715,2.715,5.43
2026-10-05 04:45:00,LINE_A,SHIFT_C,27.22,0.43,0.57,2.722,2.722,5.444
2026-10-05 05:00:00,LINE_A,SHIFT_C,27.3,0.43,0.57,2.73,2.73,5.46
2026-10-05 05:15:00,LINE_A,SHIFT_C,27.38,0.43,0.57,2.738,2.738,5.476
2026-10-05 05:30:00,LINE_A,SHIFT_C,27.46,0.43,0.57,2.746,2.746,5.493
2026-10-05 05:45:00,LINE_A,SHIFT_C,27.55,0.43,0.57,2.755,2.755,5.51
2026-10-05 06:00:00,LINE_A,SHIFT_A,33.56,0.43,0.57,3.356,3.356,6.712
2026-10-05 06:15:00,LINE_A,SHIFT_A,33.67,0.43,0.57,3.367,3.367,6.734
2026-10-05 06:30:00,LINE_A,SHIFT_A,33.78,0.43,0.57,3.378,3.378,6.756
2026-10-05 06:45:00,LINE_A,SHIFT_A,33.89,0.43,0.57,3.389,3.389,6.778
2026-10-05 07:00:00,LINE_A,SHIFT_A,34.0,0.43,0.57,3.4,3.4,6.8
2026-10-05 07:15:00,LINE_A,SHIFT_A,34.11,0.43,0.57,3.411,3.411,6.822
2026-10-05 07:30:00,LINE_A,SHIFT_A,34.22,0.43,0.57,3.422,3.422,6.844
2026-10-05 07:45:00,LINE_A,SHIFT_A,34.33,0.43,0.57,3.433,3.433,6.866
2026-10-05 08:00:00,LINE_A,SHIFT_A,34.44,0.431,0.569,3.444,3.444,6.888
2026-10-05 08:15:00,LINE_A,SHIFT_A,34.55,0.431,0.569,3.455,3.455,6.909
2026-10-05 08:30:00,LINE_A,SHIFT_A,34.65,0.431,0.569,3.465,3.465,6.93
2026-10-05 08:45:00,LINE_A,SHIFT_A,34.75,0.431,0.569,3.475,3.475,6.95
2026-10-05 09:00:00,LINE_A,SHIFT_A,34.85,0.431,0.569,3.485,3.485,6.97
2026-10-05 09:15:00,LINE_A,SHIFT_A,34.94,0.431,0.569,3.494,3.494,6.989
2026-10-05 09:30:00,LINE_A,SHIFT_A,35.03,0.431,0.569,3.503,3.503,7.007
2026-10-05 09:45:00,LINE_A,SHIFT_A,35.12,0.431,0.569,3.512,3.512,7.024
2026-10-05 10:00:00,LINE_A,SHIFT_A,35.2,0.432,0.568,3.52,3.52,7.04
2026-10-05 10:15:00,LINE_A,SHIFT_A,35.28,0.432,0.568,3.528,3.528,7.056
2026-10-05 10:30:00,LINE_A,SHIFT_A,35.35,0.432,0.568,3.535,3.535,7.07
2026-10-05 10:45:00,LINE_A,SHIFT_A,35.41,0.432,0.568,3.541,3.541,7.083
2026-10-05 11:00:00,LINE_A,SHIFT_A,35.47,0.433,0.567,3.547,3.547,7.094
2026-10-05 11:15:00,LINE_A,SHIFT_A,35.52,0.433,0.567,3.552,3.552,7.105
2026-10-05 11:30:00,LINE_A,SHIFT_A,31.3,0.433,0.567,3.13,3.13,6.26
2026-10-05 11:45:00,LINE_A,SHIFT_A,31.34,0.433,0.567,3.134,3.134,6.267
2026-10-05 12:00:00,LINE_A,SHIFT_A,35.64,0.435,0.565,3.564,3.564,7.128
2026-10-05 12:15:00,LINE_A,SHIFT_A,35.67,0.435,0.565,3.567,3.567,7.133
2026-10-05 12:30:00,LINE_A,SHIFT_A,35.69,0.435,0.565,3.569,3.569,7.137
2026-10-05 12:45:00,LINE_A,SHIFT_A,35.7,0.435,0.565,3.57,3.57,7.139
2026-10-05 13:00:00,LINE_A,SHIFT_A,35.7,0.436,0.564,3.57,3.57,7.14
2026-10-05 13:15:00,LINE_A,SHIFT_A,35.7,0.436,0.564,3.57,3.57,7.139
2026-10-05 13:30:00,LINE_A,SHIFT_A,35.69,0.436,0.564,3.569,3.569,7.137
2026-10-05 13:45:00,LINE_A,SHIFT_A,35.67,0.436,0.564,3.567,3.567,7.133
2026-10-05 14:00:00,LINE_A,SHIFT_B,37.74,0.438,0.562,3.774,3.774,7.548
2026-10-05 14:15:00,LINE_A,SHIFT_B,37.7,0.438,0.562,3.77,3.77,7.541
2026-10-05 14:30:00,LINE_A,SHIFT_B,37.66,0.438,0.562,3.766,3.766,7.533
2026-10-05 14:45:00,LINE_A,SHIFT_B,37.61,0.438,0.562,3.761,3.761,7.523
2026-10-05 15:00:00,LINE_A,SHIFT_B,37.56,0.44,0.56,3.756,3.756,7.512
2026-10-05 15:15:00,LINE_A,SHIFT_B,37.5,0.44,0.56,3.75,3.75,7.499
2026-10-05 15:30:00,LINE_A,SHIFT_B,37.43,0.44,0.56,3.743,3.743,7.486
2026-10-05 15:45:00,LINE_A,SHIFT_B,37.35,0.44,0.56,3.735,3.735,7.471
2026-10-05 16:00:00,LINE_A,SHIFT_B,37.27,0.442,0.558,3.727,3.727,7.455
2026-10-05 16:15:00,LINE_A,SHIFT_B,37.19,0.442,0.558,3.719,3.719,7.437
2026-10-05 16:30:00,LINE_A,SHIFT_B,37.1,0.442,0.558,3.71,3.71,7.419
2026-10-05 16:45:00,LINE_A,SHIFT_B,37.0,0.442,0.558,3.7,3.7,7.4
2026-10-05 17:00:00,LINE_A,SHIFT_B,36.9,0.444,0.556,3.69,3.69,7.38
2026-10-05 17:15:00,LINE_A,SHIFT_B,36.8,0.444,0.556,3.68,3.68,7.359
2026-10-05 17:30:00,LINE_A,SHIFT_B,36.69,0.444,0.556,3.669,3.669,7.338
2026-10-05 17:45:00,LINE_A,SHIFT_B,36.58,0.444,0.556,3.658,3.658,7.316
2026-10-05 18:00:00,LINE_A,SHIFT_B,36.47,0.446,0.554,3.647,3.647,7.293
2026-10-05 18:15:00,LINE_A,SHIFT_B,36.35,0.446,0.554,3.635,3.635,7.27
2026-10-05 18:30:00,LINE_A,SHIFT_B,36.23,0.446,0.554,3.623,3.623,7.247
2026-10-05 18:45:00,LINE_A,SHIFT_B,36.12,0.446,0.554,3.612,3.612,7.224
2026-10-05 19:00:00,LINE_A,SHIFT_B,31.68,0.449,0.551,3.168,3.168,6.336
2026-10-05 19:15:00,LINE_A,SHIFT_B,31.58,0.449,0.551,3.158,3.158,6.315
2026-10-05 19:30:00,LINE_A,SHIFT_B,35.77,0.449,0.551,3.577,3.577,7.153
2026-10-05 19:45:00,LINE_A,SHIFT_B,35.65,0.449,0.551,3.565,3.565,7.13
2026-10-05 20:00:00,LINE_A,SHIFT_B,35.53,0.452,0.548,3.553,3.553,7.107
2026-10-05 20:15:00,LINE_A,SHIFT_B,35.42,0.452,0.548,3.542,3.542,7.084
2026-10-05 20:30:00,LINE_A,SHIFT_B,35.31,0.452,0.548,3.531,3.531,7.062
2026-10-05 20:45:00,LINE_A,SHIFT_B,35.2,0.452,0.548,3.52,3.52,7.041
2026-10-05 21:00:00,LINE_A,SHIFT_B,35.1,0.455,0.545,3.51,3.51,7.02
2026-10-05 21:15:00,LINE_A,SHIFT_B,35.0,0.455,0.545,3.5,3.5,7.0
2026-10-05 21:30:00,LINE_A,SHIFT_B,34.9,0.455,0.545,3.49,3.49,6.981
2026-10-05 21:45:00,LINE_A,SHIFT_B,34.81,0.455,0.545,3.481,3.481,6.963
2026-10-05 22:00:00,LINE_A,SHIFT_C,27.01,0.458,0.542,2.701,2.701,5.402
2026-10-05 22:15:00,LINE_A,SHIFT_C,26.95,0.458,0.542,2.695,2.695,5.389
2026-10-05 22:30:00,LINE_A,SHIFT_C,26.89,0.458,0.542,2.689,2.689,5.378
2026-10-05 22:45:00,LINE_A,SHIFT_C,26.84,0.458,0.542,2.684,2.684,5.367
2026-10-05 23:00:00,LINE_A,SHIFT_C,26.79,0.461,0.539,2.679,2.679,5.358
2026-10-05 23:15:00,LINE_A,SHIFT_C,26.74,0.461,0.539,2.674,2.674,5.349
2026-10-05 23:30:00,LINE_A,SHIFT_C,26.71,0.461,0.539,2.671,2.671,5.341
2026-10-05 23:45:00,LINE_A,SHIFT_C,26.67,0.461,0.539,2.667,2.667,5.335
2026-10-06 00:00:00,LINE_A,SHIFT_C,26.65,0.456,0.544,2.665,2.665,5.33
2026-10-06 00:15:00,LINE_A,SHIFT_C,26.63,0.456,0.544,2.663,2.663,5.325
2026-10-06 00:30:00,LINE_A,SHIFT_C,26.61,0.456,0.544,2.661,2.661,5.322
2026-10-06 00:45:00,LINE_A,SHIFT_C,26.6,0.456,0.544,2.66,2.66,5.321
2026-10-06 01:00:00,LINE_A,SHIFT_C,26.6,0.459,0.541,2.66,2.66,5.32
2026-10-06 01:15:00,LINE_A,SHIFT_C,26.6,0.459,0.541,2.66,2.66,5.321
2026-10-06 01:30:00,LINE_A,SHIFT_C,26.61,0.459,0.541,2.661,2.661,5.322
2026-10-06 01:45:00,LINE_A,SHIFT_C,26.63,0.459,0.541,2.663,2.663,5.325
2026-10-06 02:00:00,LINE_A,SHIFT_C,26.65,0.463,0.537,2.665,2.665,5.33
2026-10-06 02:15:00,LINE_A,SHIFT_C,26.67,0.463,0.537,2.667,2.667,5.335
2026-10-06 02:30:00,LINE_A,SHIFT_C,26.71,0.463,0.537,2.671,2.671,5.341
2026-10-06 02:45:00,LINE_A,SHIFT_C,26.74,0.463,0.537,2.674,2.674,5.349
2026-10-06 03:00:00,LINE_A,SHIFT_C,26.79,0.466,0.534,2.679,2.679,5.358
2026-10-06 03:15:00,LINE_A,SHIFT_C,26.84,0.466,0.534,2.684,2.684,5.367
2026-10-06 03:30:00,LINE_A,SHIFT_C,26.89,0.466,0.534,2.689,2.689,5.378
2026-10-06 03:45:00,LINE_A,SHIFT_C,26.95,0.466,0.534,2.695,2.695,5.389
2026-10-06 04:00:00,LINE_A,SHIFT_C,27.01,0.47,0.53,2.701,2.701,5.402
2026-10-06 04:15:00,LINE_A,SHIFT_C,27.08,0.47,0.53,2.708,2.708,5.415
2026-10-06 04:30:00,LINE_A,SHIFT_C,27.15,0.47,0.53,2.715,2.715,5.43
2026-10-06 04:45:00,LINE_A,SHIFT_C,27.22,0.47,0.53,2.722,2.722,5.444
2026-10-06 05:00:00,LINE_A,SHIFT_C,27.3,0.474,0.526,2.73,2.73,5.46
2026-10-06 05:15:00,LINE_A,SHIFT_C,27.38,0.474,0.526,2.738,2.738,5.476
2026-10-06 05:30:00,LINE_A,SHIFT_C,27.46,0.474,0.526,2.746,2.746,5.493
2026-10-06 05:45:00,LINE_A,SHIFT_C,27.55,0.474,0.526,2.755,2.755,5.51
2026-10-06 06:00:00,LINE_A,SHIFT_A,33.56,0.478,0.522,3.356,3.356,6.712
2026-10-06 06:15:00,LINE_A,SHIFT_A,33.67,0.478,0.522,3.367,3.367,6.734
2026-10-06 06:30:00,LINE_A,SHIFT_A,33.78,0.478,0.522,3.378,3.378,6.756
2026-10-06 06:45:00,LINE_A,SHIFT_A,33.89,0.478,0.522,3.389,3.389,6.778
2026-10-06 07:00:00,LINE_A,SHIFT_A,34.0,0.482,0.518,3.4,3.4,6.8
2026-10-06 07:15:00,LINE_A,SHIFT_A,34.11,0.482,0.518,3.411,3.411,6.822
2026-10-06 07:30:00,LINE_A,SHIFT_A,34.22,0.482,0.518,3.422,3.422,6.844
2026-10-06 07:45:00,LINE_A,SHIFT_A,34.33,0.482,0.518,3.433,3.433,6.866
2026-10-06 08:00:00,LINE_A,SHIFT_A,34.44,0.486,0.514,3.444,3.444,6.888
2026-10-06 08:15:00,LINE_A,SHIFT_A,34.55,0.486,0.514,3.455,3.455,6.909
2026-10-06 08:30:00,LINE_A,SHIFT_A,34.65,0.486,0.514,3.465,3.465,6.93
2026-10-06 08:45:00,LINE_A,SHIFT_A,34.75,0.486,0.514,3.475,3.475,6.95
2026-10-06 09:00:00,LINE_A,SHIFT_A,34.85,0.49,0.51,3.485,3.485,6.97
2026-10-06 09:15:00,LINE_A,SHIFT_A,34.94,0.49,0.51,3.494,3.494,6.989
2026-10-06 09:30:00,LINE_A,SHIFT_A,35.03,0.49,0.51,3.503,3.503,7.007
2026-10-06 09:45:00,LINE_A,SHIFT_A,35.12,0.49,0.51,3.512,3.512,7.024
2026-10-06 10:00:00,LINE_A,SHIFT_A,35.2,0.494,0.506,3.52,3.52,7.04
2026-10-06 10:15:00,LINE_A,SHIFT_A,35.28,0.494,0.506,3.528,3.528,7.056
2026-10-06 10:30:00,LINE_A,SHIFT_A,35.35,0.494,0.506,3.535,3.535,7.07
2026-10-06 10:45:00,LINE_A,SHIFT_A,35.41,0.494,0.506,3.541,3.541,7.083
2026-10-06 11:00:00,LINE_A,SHIFT_A,35.47,0.499,0.501,3.547,3.547,7.094
2026-10-06 11:15:00,LINE_A,SHIFT_A,35.52,0.499,0.501,3.552,3.552,7.105
2026-10-06 11:30:00,LINE_A,SHIFT_A,31.3,0.499,0.501,3.13,3.13,6.26
2026-10-06 11:45:00,LINE_A,SHIFT_A,31.34,0.499,0.501,3.134,3.134,6.267
2026-10-06 12:00:00,LINE_A,SHIFT_A,35.64,0.504,0.496,3.564,3.564,7.128
2026-10-06 12:15:00,LINE_A,SHIFT_A,35.67,0.504,0.496,3.567,3.567,7.133
2026-10-06 12:30:00,LINE_A,SHIFT_A,35.69,0.504,0.496,3.569,3.569,7.137
2026-10-06 12:45:00,LINE_A,SHIFT_A,35.7,0.504,0.496,3.57,3.57,7.139
2026-10-06 13:00:00,LINE_A,SHIFT_A,35.7,0.508,0.492,3.57,3.57,7.14
2026-10-06 13:15:00,LINE_A,SHIFT_A,35.7,0.508,0.492,3.57,3.57,7.139
2026-10-06 13:30:00,LINE_A,SHIFT_A,35.69,0.508,0.492,3.569,3.569,7.137
2026-10-06 13:45:00,LINE_A,SHIFT_A,35.67,0.508,0.492,3.567,3.567,7.133
2026-10-06 14:00:00,LINE_A,SHIFT_B,37.74,0.513,0.487,3.774,3.774,7.548
2026-10-06 14:15:00,LINE_A,SHIFT_B,37.7,0.513,0.487,3.77,3.77,7.541
2026-10-06 14:30:00,LINE_A,SHIFT_B,37.66,0.513,0.487,3.766,3.766,7.533
2026-10-06 14:45:00,LINE_A,SHIFT_B,37.61,0.513,0.487,3.761,3.761,7.523
2026-10-06 15:00:00,LINE_A,SHIFT_B,37.56,0.518,0.482,3.756,3.756,7.512
2026-10-06 15:15:00,LINE_A,SHIFT_B,37.5,0.518,0.482,3.75,3.75,7.499
2026-10-06 15:30:00,LINE_A,SHIFT_B,37.43,0.518,0.482,3.743,3.743,7.486
2026-10-06 15:45:00,LINE_A,SHIFT_B,37.35,0.518,0.482,3.735,3.735,7.471
2026-10-06 16:00:00,LINE_A,SHIFT_B,37.27,0.523,0.477,3.727,3.727,7.455
2026-10-06 16:15:00,LINE_A,SHIFT_B,37.19,0.523,0.477,3.719,3.719,7.437
2026-10-06 16:30:00,LINE_A,SHIFT_B,37.1,0.523,0.477,3.71,3.71,7.419
2026-10-06 16:45:00,LINE_A,SHIFT_B,37.0,0.523,0.477,3.7,3.7,7.4
2026-10-06 17:00:00,LINE_A,SHIFT_B,36.9,0.527,0.473,3.69,3.69,7.38
2026-10-06 17:15:00,LINE_A,SHIFT_B,36.8,0.527,0.473,3.68,3.68,7.359
2026-10-06 17:30:00,LINE_A,SHIFT_B,36.69,0.527,0.473,3.669,3.669,7.338
2026-10-06 17:45:00,LINE_A,SHIFT_B,36.58,0.527,0.473,3.658,3.658,7.316
2026-10-06 18:00:00,LINE_A,SHIFT_B,36.47,0.532,0.468,3.647,3.647,7.293
2026-10-06 18:15:00,LINE_A,SHIFT_B,36.35,0.532,0.468,3.635,3.635,7.27
2026-10-06 18:30:00,LINE_A,SHIFT_B,36.23,0.532,0.468,3.623,3.623,7.247
2026-10-06 18:45:00,LINE_A,SHIFT_B,36.12,0.532,0.468,3.612,3.612,7.224
2026-10-06 19:00:00,LINE_A,SHIFT_B,31.68,0.537,0.463,3.168,3.168,6.336
2026-10-06 19:15:00,LINE_A,SHIFT_B,31.58,0.537,0.463,3.158,3.158,6.315
2026-10-06 19:30:00,LINE_A,SHIFT_B,35.77,0.537,0.463,3.577,3.577,7.153
2026-10-06 19:45:00,LINE_A,SHIFT_B,35.65,0.537,0.463,3.565,3.565,7.13
2026-10-06 20:00:00,LINE_A,SHIFT_B,35.53,0.542,0.458,3.553,3.553,7.107
2026-10-06 20:15:00,LINE_A,SHIFT_B,35.42,0.542,0.458,3.542,3.542,7.084
2026-10-06 20:30:00,LINE_A,SHIFT_B,35.31,0.542,0.458,3.531,3.531,7.062
2026-10-06 20:45:00,LINE_A,SHIFT_B,35.2,0.542,0.458,3.52,3.52,7.041
2026-10-06 21:00:00,LINE_A,SHIFT_B,35.1,0.547,0.453,3.51,3.51,7.02
2026-10-06 21:15:00,LINE_A,SHIFT_B,35.0,0.547,0.453,3.5,3.5,7.0
2026-10-06 21:30:00,LINE_A,SHIFT_B,34.9,0.547,0.453,3.49,3.49,6.981
2026-10-06 21:45:00,LINE_A,SHIFT_B,34.81,0.547,0.453,3.481,3.481,6.963
2026-10-06 22:00:00,LINE_A,SHIFT_C,27.01,0.552,0.448,2.701,2.701,5.402
2026-10-06 22:15:00,LINE_A,SHIFT_C,26.95,0.552,0.448,2.695,2.695,5.389
2026-10-06 22:30:00,LINE_A,SHIFT_C,26.89,0.552,0.448,2.689,2.689,5.378
2026-10-06 22:45:00,LINE_A,SHIFT_C,26.84,0.552,0.448,2.684,2.684,5.367
2026-10-06 23:00:00,LINE_A,SHIFT_C,26.79,0.557,0.443,2.679,2.679,5.358
2026-10-06 23:15:00,LINE_A,SHIFT_C,26.74,0.557,0.443,2.674,2.674,5.349
2026-10-06 23:30:00,LINE_A,SHIFT_C,26.71,0.557,0.443,2.671,2.671,5.341
2026-10-06 23:45:00,LINE_A,SHIFT_C,26.67,0.557,0.443,2.667,2.667,5.335
2026-10-07 00:00:00,LINE_A,SHIFT_C,26.65,0.55,0.45,2.665,2.665,5.33
2026-10-07 00:15:00,LINE_A,SHIFT_C,26.63,0.55,0.45,2.663,2.663,5.325
2026-10-07 00:30:00,LINE_A,SHIFT_C,26.61,0.55,0.45,2.661,2.661,5.322
2026-10-07 00:45:00,LINE_A,SHIFT_C,26.6,0.55,0.45,2.66,2.66,5.321
2026-10-07 01:00:00,LINE_A,SHIFT_C,26.6,0.555,0.445,2.66,2.66,5.32
2026-10-07 01:15:00,LINE_A,SHIFT_C,26.6,0.555,0.445,2.66,2.66,5.321
2026-10-07 01:30:00,LINE_A,SHIFT_C,26.61,0.555,0.445,2.661,2.661,5.322
2026-10-07 01:45:00,LINE_A,SHIFT_C,26.63,0.555,0.445,2.663,2.663,5.325
2026-10-07 02:00:00,LINE_A,SHIFT_C,26.65,0.56,0.44,2.665,2.665,5.33
2026-10-07 02:15:00,LINE_A,SHIFT_C,26.67,0.56,0.44,2.667,2.667,5.335
2026-10-07 02:30:00,LINE_A,SHIFT_C,26.71,0.56,0.44,2.671,2.671,5.341
2026-10-07 02:45:00,LINE_A,SHIFT_C,26.74,0.56,0.44,2.674,2.674,5.349
2026-10-07 03:00:00,LINE_A,SHIFT_C,26.79,0.565,0.435,2.679,2.679,5.358
2026-10-07 03:15:00,LINE_A,SHIFT_C,26.84,0.565,0.435,2.684,2.684,5.367
2026-10-07 03:30:00,LINE_A,SHIFT_C,26.89,0.565,0.435,2.689,2.689,5.378
2026-10-07 03:45:00,LINE_A,SHIFT_C,26.95,0.565,0.435,2.695,2.695,5.389
2026-10-07 04:00:00,LINE_A,SHIFT_C,27.01,0.57,0.43,2.701,2.701,5.402
2026-10-07 04:15:00,LINE_A,SHIFT_C,27.08,0.57,0.43,2.708,2.708,5.415
2026-10-07 04:30:00,LINE_A,SHIFT_C,27.15,0.57,0.43,2.715,2.715,5.43
2026-10-07 04:45:00,LINE_A,SHIFT_C,27.22,0.57,0.43,2.722,2.722,5.444
2026-10-07 05:00:00,LINE_A,SHIFT_C,27.3,0.575,0.425,2.73,2.73,5.46
2026-10-07 05:15:00,LINE_A,SHIFT_C,27.38,0.575,0.425,2.738,2.738,5.476
2026-10-07 05:30:00,LINE_A,SHIFT_C,27.46,0.575,0.425,2.746,2.746,5.493
2026-10-07 05:45:00,LINE_A,SHIFT_C,27.55,0.575,0.425,2.755,2.755,5.51
2026-10-07 06:00:00,LINE_A,SHIFT_A,33.56,0.58,0.42,3.356,3.356,6.712
2026-10-07 06:15:00,LINE_A,SHIFT_A,33.67,0.58,0.42,3.367,3.367,6.734
2026-10-07 06:30:00,LINE_A,SHIFT_A,33.78,0.58,0.42,3.378,3.378,6.756
2026-10-07 06:45:00,LINE_A,SHIFT_A,33.89,0.58,0.42,3.389,3.389,6.778
2026-10-07 07:00:00,LINE_A,SHIFT_A,34.0,0.585,0.415,3.4,3.4,6.8
2026-10-07 07:15:00,LINE_A,SHIFT_A,34.11,0.585,0.415,3.411,3.411,6.822
2026-10-07 07:30:00,LINE_A,SHIFT_A,34.22,0.585,0.415,3.422,3.422,6.844
2026-10-07 07:45:00,LINE_A,SHIFT_A,34.33,0.585,0.415,3.433,3.433,6.866
2026-10-07 08:00:00,LINE_A,SHIFT_A,34.44,0.589,0.411,3.444,3.444,6.888
2026-10-07 08:15:00,LINE_A,SHIFT_A,34.55,0.589,0.411,3.455,3.455,6.909
2026-10-07 08:30:00,LINE_A,SHIFT_A,34.65,0.589,0.411,3.465,3.465,6.93
2026-10-07 08:45:00,LINE_A,SHIFT_A,34.75,0.589,0.411,3.475,3.475,6.95
2026-10-07 09:00:00,LINE_A,SHIFT_A,34.85,0.594,0.406,3.485,3.485,6.97
2026-10-07 09:15:00,LINE_A,SHIFT_A,34.94,0.594,0.406,3.494,3.494,6.989
2026-10-07 09:30:00,LINE_A,SHIFT_A,35.03,0.594,0.406,3.503,3.503,7.007
2026-10-07 09:45:00,LINE_A,SHIFT_A,35.12,0.594,0.406,3.512,3.512,7.024
2026-10-07 10:00:00,LINE_A,SHIFT_A,35.2,0.599,0.401,3.52,3.52,7.04
2026-10-07 10:15:00,LINE_A,SHIFT_A,35.28,0.599,0.401,3.528,3.528,7.056
2026-10-07 10:30:00,LINE_A,SHIFT_A,35.35,0.599,0.401,3.535,3.535,7.07
2026-10-07 10:45:00,LINE_A,SHIFT_A,35.41,0.599,0.401,3.541,3.541,7.083
2026-10-07 11:00:00,LINE_A,SHIFT_A,35.47,0.603,0.397,3.547,3.547,7.094
2026-10-07 11:15:00,LINE_A,SHIFT_A,35.52,0.603,0.397,3.552,3.552,7.105
2026-10-07 11:30:00,LINE_A,SHIFT_A,31.3,0.603,0.397,3.13,3.13,6.26
2026-10-07 11:45:00,LINE_A,SHIFT_A,31.34,0.603,0.397,3.134,3.134,6.267
2026-10-07 12:00:00,LINE_A,SHIFT_A,35.64,0.608,0.392,3.564,3.564,7.128
2026-10-07 12:15:00,LINE_A,SHIFT_A,35.67,0.608,0.392,3.567,3.567,7.133
2026-10-07 12:30:00,LINE_A,SHIFT_A,35.69,0.608,0.392,3.569,3.569,7.137
2026-10-07 12:45:00,LINE_A,SHIFT_A,35.7,0.608,0.392,3.57,3.57,7.139
2026-10-07 13:00:00,LINE_A,SHIFT_A,35.7,0.612,0.388,3.57,3.57,7.14
2026-10-07 13:15:00,LINE_A,SHIFT_A,35.7,0.612,0.388,3.57,3.57,7.139
2026-10-07 13:30:00,LINE_A,SHIFT_A,35.69,0.612,0.388,3.569,3.569,7.137
2026-10-07 13:45:00,LINE_A,SHIFT_A,35.67,0.612,0.388,3.567,3.567,7.133
2026-10-07 14:00:00,LINE_A,SHIFT_B,37.74,0.616,0.384,3.774,3.774,7.548
2026-10-07 14:15:00,LINE_A,SHIFT_B,37.7,0.616,0.384,3.77,3.77,7.541
2026-10-07 14:30:00,LINE_A,SHIFT_B,37.66,0.616,0.384,3.766,3.766,7.533
2026-10-07 14:45:00,LINE_A,SHIFT_B,37.61,0.616,0.384,3.761,3.761,7.523
2026-10-07 15:00:00,LINE_A,SHIFT_B,37.56,0.62,0.38,3.756,3.756,7.512
2026-10-07 15:15:00,LINE_A,SHIFT_B,37.5,0.62,0.38,3.75,3.75,7.499
2026-10-07 15:30:00,LINE_A,SHIFT_B,37.43,0.62,0.38,3.743,3.743,7.486
2026-10-07 15:45:00,LINE_A,SHIFT_B,37.35,0.62,0.38,3.735,3.735,7.471
2026-10-07 16:00:00,LINE_A,SHIFT_B,37.27,0.624,0.376,3.727,3.727,7.455
2026-10-07 16:15:00,LINE_A,SHIFT_B,37.19,0.624,0.376,3.719,3.719,7.437
2026-10-07 16:30:00,LINE_A,SHIFT_B,37.1,0.624,0.376,3.71,3.71,7.419
2026-10-07 16:45:00,LINE_A,SHIFT_B,37.0,0.624,0.376,3.7,3.7,7.4
2026-10-07 17:00:00,LINE_A,SHIFT_B,36.9,0.628,0.372,3.69,3.69,7.38
2026-10-07 17:15:00,LINE_A,SHIFT_B,36.8,0.628,0.372,3.68,3.68,7.359
2026-10-07 17:30:00,LINE_A,SHIFT_B,36.69,0.628,0.372,3.669,3.669,7.338
2026-10-07 17:45:00,LINE_A,SHIFT_B,36.58,0.628,0.372,3.658,3.658,7.316
2026-10-07 18:00:00,LINE_A,SHIFT_B,36.47,0.632,0.368,3.647,3.647,7.293
2026-10-07 18:15:00,LINE_A,SHIFT_B,36.35,0.632,0.368,3.635,3.635,7.27
2026-10-07 18:30:00,LINE_A,SHIFT_B,36.23,0.632,0.368,3.623,3.623,7.247
2026-10-07 18:45:00,LINE_A,SHIFT_B,36.12,0.632,0.368,3.612,3.612,7.224
2026-10-07 19:00:00,LINE_A,SHIFT_B,31.68,0.635,0.365,3.168,3.168,6.336
2026-10-07 19:15:00,LINE_A,SHIFT_B,31.58,0.635,0.365,3.158,3.158,6.315
2026-10-07 19:30:00,LINE_A,SHIFT_B,35.77,0.635,0.365,3.577,3.577,7.153
2026-10-07 19:45:00,LINE_A,SHIFT_B,35.65,0.635,0.365,3.565,3.565,7.13
2026-10-07 20:00:00,LINE_A,SHIFT_B,35.53,0.639,0.361,3.553,3.553,7.107
2026-10-07 20:15:00,LINE_A,SHIFT_B,35.42,0.639,0.361,3.542,3.542,7.084
2026-10-07 20:30:00,LINE_A,SHIFT_B,35.31,0.639,0.361,3.531,3.531,7.062
2026-10-07 20:45:00,LINE_A,SHIFT_B,35.2,0.639,0.361,3.52,3.52,7.041
2026-10-07 21:00:00,LINE_A,SHIFT_B,35.1,0.642,0.358,3.51,3.51,7.02
2026-10-07 21:15:00,LINE_A,SHIFT_B,35.0,0.642,0.358,3.5,3.5,7.0
2026-10-07 21:30:00,LINE_A,SHIFT_B,34.9,0.642,0.358,3.49,3.49,6.981
2026-10-07 21:45:00,LINE_A,SHIFT_B,34.81,0.642,0.358,3.481,3.481,6.963
2026-10-07 22:00:00,LINE_A,SHIFT_C,27.01,0.645,0.355,2.701,2.701,5.402
2026-10-07 22:15:00,LINE_A,SHIFT_C,26.95,0.645,0.355,2.695,2.695,5.389
2026-10-07 22:30:00,LINE_A,SHIFT_C,26.89,0.645,0.355,2.689,2.689,5.378
2026-10-07 22:45:00,LINE_A,SHIFT_C,26.84,0.645,0.355,2.684,2.684,5.367
2026-10-07 23:00:00,LINE_A,SHIFT_C,26.79,0.648,0.352,2.679,2.679,5.358
2026-10-07 23:15:00,LINE_A,SHIFT_C,26.74,0.648,0.352,2.674,2.674,5.349
2026-10-07 23:30:00,LINE_A,SHIFT_C,26.71,0.648,0.352,2.671,2.671,5.341
2026-10-07 23:45:00,LINE_A,SHIFT_C,26.67,0.648,0.352,2.667,2.667,5.335
2026-10-08 00:00:00,LINE_A,SHIFT_C,26.65,0.644,0.356,2.665,2.665,5.33
2026-10-08 00:15:00,LINE_A,SHIFT_C,26.63,0.644,0.356,2.663,2.663,5.325
2026-10-08 00:30:00,LINE_A,SHIFT_C,26.61,0.644,0.356,2.661,2.661,5.322
2026-10-08 00:45:00,LINE_A,SHIFT_C,26.6,0.644,0.356,2.66,2.66,5.321
2026-10-08 01:00:00,LINE_A,SHIFT_C,26.6,0.647,0.353,2.66,2.66,5.32
2026-10-08 01:15:00,LINE_A,SHIFT_C,26.6,0.647,0.353,2.66,2.66,5.321
2026-10-08 01:30:00,LINE_A,SHIFT_C,26.61,0.647,0.353,2.661,2.661,5.322
2026-10-08 01:45:00,LINE_A,SHIFT_C,26.63,0.647,0.353,2.663,2.663,5.325
2026-10-08 02:00:00,LINE_A,SHIFT_C,26.65,0.65,0.35,2.665,2.665,5.33
2026-10-08 02:15:00,LINE_A,SHIFT_C,26.67,0.65,0.35,2.667,2.667,5.335
2026-10-08 02:30:00,LINE_A,SHIFT_C,26.71,0.65,0.35,2.671,2.671,5.341
2026-10-08 02:45:00,LINE_A,SHIFT_C,26.74,0.65,0.35,2.674,2.674,5.349
2026-10-08 03:00:00,LINE_A,SHIFT_C,26.79,0.652,0.348,2.679,2.679,5.358
2026-10-08 03:15:00,LINE_A,SHIFT_C,26.84,0.652,0.348,2.684,2.684,5.367
2026-10-08 03:30:00,LINE_A,SHIFT_C,26.89,0.652,0.348,2.689,2.689,5.378
2026-10-08 03:45:00,LINE_A,SHIFT_C,26.95,0.652,0.348,2.695,2.695,5.389
2026-10-08 04:00:00,LINE_A,SHIFT_C,27.01,0.655,0.345,2.701,2.701,5.402
2026-10-08 04:15:00,LINE_A,SHIFT_C,27.08,0.655,0.345,2.708,2.708,5.415
2026-10-08 04:30:00,LINE_A,SHIFT_C,27.15,0.655,0.345,2.715,2.715,5.43
2026-10-08 04:45:00,LINE_A,SHIFT_C,27.22,0.655,0.345,2.722,2.722,5.444
2026-10-08 05:00:00,LINE_A,SHIFT_C,27.3,0.657,0.343,2.73,2.73,5.46
2026-10-08 05:15:00,LINE_A,SHIFT_C,27.38,0.657,0.343,2.738,2.738,5.476
2026-10-08 05:30:00,LINE_A,SHIFT_C,27.46,0.657,0.343,2.746,2.746,5.493
2026-10-08 05:45:00,LINE_A,SHIFT_C,27.55,0.657,0.343,2.755,2.755,5.51
2026-10-08 06:00:00,LINE_A,SHIFT_A,33.56,0.659,0.341,3.356,3.356,6.712
2026-10-08 06:15:00,LINE_A,SHIFT_A,33.67,0.659,0.341,3.367,3.367,6.734
2026-10-08 06:30:00,LINE_A,SHIFT_A,33.78,0.659,0.341,3.378,3.378,6.756
2026-10-08 06:45:00,LINE_A,SHIFT_A,33.89,0.659,0.341,3.389,3.389,6.778
2026-10-08 07:00:00,LINE_A,SHIFT_A,34.0,0.661,0.339,3.4,3.4,6.8
2026-10-08 07:15:00,LINE_A,SHIFT_A,34.11,0.661,0.339,3.411,3.411,6.822
2026-10-08 07:30:00,LINE_A,SHIFT_A,34.22,0.661,0.339,3.422,3.422,6.844
2026-10-08 07:45:00,LINE_A,SHIFT_A,34.33,0.661,0.339,3.433,3.433,6.866
2026-10-08 08:00:00,LINE_A,SHIFT_A,34.44,0.663,0.337,3.444,3.444,6.888
2026-10-08 08:15:00,LINE_A,SHIFT_A,34.55,0.663,0.337,3.455,3.455,6.909
2026-10-08 08:30:00,LINE_A,SHIFT_A,34.65,0.663,0.337,3.465,3.465,6.93
2026-10-08 08:45:00,LINE_A,SHIFT_A,34.75,0.663,0.337,3.475,3.475,6.95
2026-10-08 09:00:00,LINE_A,SHIFT_A,34.85,0.665,0.335,3.485,3.485,6.97
2026-10-08 09:15:00,LINE_A,SHIFT_A,34.94,0.665,0.335,3.494,3.494,6.989
2026-10-08 09:30:00,LINE_A,SHIFT_A,35.03,0.665,0.335,3.503,3.503,7.007
2026-10-08 09:45:00,LINE_A,SHIFT_A,35.12,0.665,0.335,3.512,3.512,7.024
2026-10-08 10:00:00,LINE_A,SHIFT_A,35.2,0.666,0.334,3.52,3.52,7.04
2026-10-08 10:15:00,LINE_A,SHIFT_A,35.28,0.666,0.334,3.528,3.528,7.056
2026-10-08 10:30:00,LINE_A,SHIFT_A,35.35,0.666,0.334,3.535,3.535,7.07
2026-10-08 10:45:00,LINE_A,SHIFT_A,35.41,0.666,0.334,3.541,3.541,7.083
2026-10-08 11:00:00,LINE_A,SHIFT_A,35.47,0.667,0.333,3.547,3.547,7.094
2026-10-08 11:15:00,LINE_A,SHIFT_A,35.52,0.667,0.333,3.552,3.552,7.105
2026-10-08 11:30:00,LINE_A,SHIFT_A,31.3,0.667,0.333,3.13,3.13,6.26
2026-10-08 11:45:00,LINE_A,SHIFT_A,31.34,0.667,0.333,3.134,3.134,6.267
2026-10-08 12:00:00,LINE_A,SHIFT_A,35.64,0.668,0.332,3.564,3.564,7.128
2026-10-08 12:15:00,LINE_A,SHIFT_A,35.67,0.668,0.332,3.567,3.567,7.133
2026-10-08 12:30:00,LINE_A,SHIFT_A,35.69,0.668,0.332,3.569,3.569,7.137
2026-10-08 12:45:00,LINE_A,SHIFT_A,35.7,0.668,0.332,3.57,3.57,7.139
2026-10-08 13:00:00,LINE_A,SHIFT_A,35.7,0.669,0.331,3.57,3.57,7.14
2026-10-08 13:15:00,LINE_A,SHIFT_A,35.7,0.669,0.331,3.57,3.57,7.139
2026-10-08 13:30:00,LINE_A,SHIFT_A,35.69,0.669,0.331,3.569,3.569,7.137
2026-10-08 13:45:00,LINE_A,SHIFT_A,35.67,0.669,0.331,3.567,3.567,7.133
2026-10-08 14:00:00,LINE_A,SHIFT_B,37.74,0.67,0.33,3.774,3.774,7.548
