timestamp,shift,is_weekend,planned_output_units,actual_output_units,model_A_share,model_B_share,r1_demand_totes,r2_demand_totes,picking_min,loading_min,travel_loaded_min,travel_empty_min,unloading_min,r1_amr_available,r1_avg_battery_pct,r1_queue_start_totes,r1_waiting_min,r1_throughput_totes,r1_utilization,buffer_mat_a_end_totes,buffer_mat_b_end_totes
2026-08-13 14:00:00,SHIFT_B,0,37.74,37.37,0.67,0.33,7.911,2.943,3.33,1.285,5.045,4.634,1.016,3,75.73,0.6,0.901,8.511,0.852,18.518,15.518
2026-08-13 14:15:00,SHIFT_B,0,37.7,34.72,0.67,0.33,7.554,3.045,2.977,1.262,4.997,4.592,0.945,3,75.33,0,0.0,7.554,0.7174,18.823,15.823
2026-08-13 14:30:00,SHIFT_B,0,37.66,36.19,0.67,0.33,7.213,2.63,3.103,1.313,5.252,4.245,0.969,3,75.07,0,0.0,7.213,0.684,18.81,15.81
2026-08-13 14:45:00,SHIFT_B,0,37.61,36.27,0.67,0.33,7.766,2.839,2.764,1.23,4.998,4.257,0.87,3,74.78,0,0.0,7.766,0.71,19.066,16.066
2026-08-13 15:00:00,SHIFT_B,0,37.56,38.65,0.67,0.33,7.757,3.114,3.059,1.164,5.179,3.985,0.813,3,74.32,0,0.0,7.757,0.6959,19.08,16.08
2026-08-13 15:15:00,SHIFT_B,0,37.5,39.23,0.67,0.33,6.945,2.862,3.071,1.182,5.042,4.256,1.007,3,73.95,0,0.0,6.945,0.6423,18.629,15.629
2026-08-13 15:30:00,SHIFT_B,0,37.43,37.39,0.67,0.33,7.621,3.108,3.406,1.16,5.247,4.17,0.991,3,73.69,0,0.0,7.621,0.7099,18.701,15.701
2026-08-13 15:45:00,SHIFT_B,0,37.35,39.34,0.67,0.33,7.724,3.402,2.988,1.159,5.505,4.3,1.014,3,73.32,0,0.0,7.724,0.7519,18.629,15.629
2026-08-13 16:00:00,SHIFT_B,0,37.27,37.38,0.67,0.33,7.924,2.973,3.107,1.343,4.963,4.331,0.921,3,73.04,0,0.0,7.924,0.7424,18.852,15.852
2026-08-13 16:15:00,SHIFT_B,0,37.19,39.59,0.67,0.33,8.061,2.512,2.933,1.196,5.36,4.37,1.024,3,72.67,0,0.0,8.061,0.7917,18.924,15.924
2026-08-13 16:30:00,SHIFT_B,0,37.1,37.62,0.67,0.33,7.238,2.755,2.643,1.248,5.448,4.021,0.973,3,72.43,0,0.0,7.238,0.6812,18.781,15.781
2026-08-13 16:45:00,SHIFT_B,0,37.0,36.16,0.67,0.33,7.165,2.88,2.88,1.159,5.895,4.551,1.043,3,72.08,0,0.0,7.165,0.7321,18.747,15.747
2026-08-13 17:00:00,SHIFT_B,0,36.9,38.23,0.67,0.33,7.341,2.935,3.102,1.233,5.223,4.215,0.863,3,71.66,0,0.0,7.341,0.6817,18.595,15.595
2026-08-13 17:15:00,SHIFT_B,0,36.8,36.7,0.67,0.33,7.6,2.658,3.258,1.072,5.186,4.335,0.907,3,71.32,0,0.0,7.6,0.7037,18.725,15.725
2026-08-13 17:30:00,SHIFT_B,0,36.69,35.98,0.67,0.33,7.676,2.893,2.821,1.215,4.866,4.301,0.979,3,71.09,0,0.0,7.676,0.7021,18.964,15.964
2026-08-13 17:45:00,SHIFT_B,0,36.58,35.66,0.67,0.33,6.85,2.984,2.742,1.241,5.352,4.507,0.995,3,70.86,0,0.0,6.85,0.6671,18.823,15.823
2026-08-13 18:00:00,SHIFT_B,0,36.47,37.79,0.67,0.33,8.067,2.939,3.051,1.236,5.462,4.353,1.019,3,70.54,0,0.0,8.067,0.8026,19.077,16.077
2026-08-13 18:15:00,SHIFT_B,0,36.35,36.48,0.67,0.33,7.955,2.617,2.579,1.119,5.322,4.309,0.969,3,70.32,0,0.0,7.955,0.7594,19.407,16.407
2026-08-13 18:30:00,SHIFT_B,0,36.23,35.16,0.67,0.33,7.589,2.766,2.902,1.35,5.34,4.446,0.986,3,70.07,0,0.0,7.589,0.7464,19.685,16.685
2026-08-13 18:45:00,SHIFT_B,0,36.12,37.74,0.67,0.33,7.501,2.423,3.089,1.172,4.848,4.28,0.926,3,69.71,0,0.0,7.501,0.678,19.661,16.661
2026-08-13 19:00:00,SHIFT_B,0,31.68,31.05,0.669,0.331,6.386,2.654,2.717,1.133,5.575,4.428,1.014,3,69.33,0,0.0,6.386,0.6248,19.749,16.749
2026-08-13 19:15:00,SHIFT_B,0,31.58,29.98,0.669,0.331,6.259,3.024,2.804,1.12,4.766,4.669,1.015,3,69.23,0,0.0,6.259,0.583,19.881,16.881
2026-08-13 19:30:00,SHIFT_B,0,35.77,34.56,0.669,0.331,7.767,2.663,2.759,1.211,4.955,4.309,0.93,3,69.03,0,0.0,7.767,0.7132,20.308,17.308
2026-08-13 19:45:00,SHIFT_B,0,35.65,35.95,0.669,0.331,7.685,2.97,3.025,1.251,4.763,4.367,1.169,3,68.62,0,0.0,7.685,0.7146,20.555,17.555
2026-08-13 20:00:00,SHIFT_B,0,35.53,35.53,0.668,0.332,7.012,3.267,2.967,1.108,5.714,4.659,0.965,3,68.29,0,0.0,7.012,0.7027,20.508,17.508
2026-08-13 20:15:00,SHIFT_B,0,35.42,35.57,0.668,0.332,6.927,2.82,3.361,1.036,5.39,4.249,0.967,3,67.93,0,0.0,6.927,0.6493,20.415,17.415
2026-08-13 20:30:00,SHIFT_B,0,35.31,34.81,0.668,0.332,7.505,3.481,3.091,1.338,5.287,4.387,1.026,3,67.69,0,0.0,7.505,0.7295,20.687,17.687
2026-08-13 20:45:00,SHIFT_B,0,35.2,37.25,0.668,0.332,6.365,2.55,2.975,1.139,4.933,4.021,1.053,3,67.39,0,0.0,6.365,0.5712,20.144,17.144
2026-08-13 21:00:00,SHIFT_B,0,35.1,34.06,0.668,0.332,7.234,3.193,3.367,1.188,5.499,4.368,0.976,3,67.04,0,0.0,7.234,0.7008,20.356,17.356
2026-08-13 21:15:00,SHIFT_B,0,35.0,35.96,0.668,0.332,7.151,2.969,3.089,1.264,4.895,4.201,1.032,3,66.64,0,0.0,7.151,0.6559,20.335,17.335
2026-08-13 21:30:00,SHIFT_B,0,34.9,35.75,0.668,0.332,6.907,2.986,2.842,1.235,5.278,4.682,0.78,3,66.41,0,0.0,6.907,0.6659,20.213,17.213
2026-08-13 21:45:00,SHIFT_B,0,34.81,33.75,0.668,0.332,6.886,3.136,3.08,1.336,5.625,4.426,0.931,3,65.99,0,0.0,6.886,0.6829,20.282,17.282
2026-08-13 22:00:00,SHIFT_C,0,27.01,26.92,0.666,0.334,5.418,2.076,3.405,1.151,5.23,4.362,0.938,3,65.74,0,0.0,5.418,0.5096,20.298,17.298
2026-08-13 22:15:00,SHIFT_C,0,26.95,25.63,0.666,0.334,5.115,2.112,3.147,0.891,5.167,4.19,0.942,3,65.51,0,0.0,5.115,0.4608,20.293,17.293
2026-08-13 22:30:00,SHIFT_C,0,26.89,28.24,0.666,0.334,5.856,2.406,2.739,1.11,5.279,3.87,0.829,3,64.98,0,0.0,5.856,0.5228,20.397,17.397
2026-08-13 22:45:00,SHIFT_C,0,26.84,26.4,0.666,0.334,5.454,2.065,2.78,1.186,5.304,4.054,0.818,3,64.58,0,0.0,5.454,0.4989,20.484,17.484
2026-08-13 23:00:00,SHIFT_C,0,26.79,26.76,0.665,0.335,5.598,2.611,2.788,1.272,5.71,4.402,0.938,3,64.29,0,0.0,5.598,0.5554,20.606,17.606
2026-08-13 23:15:00,SHIFT_C,0,26.74,27.1,0.665,0.335,5.348,2.603,2.937,1.096,5.514,4.371,0.841,3,64.0,0,0.0,5.348,0.509,20.571,17.571
2026-08-13 23:30:00,SHIFT_C,0,26.71,24.6,0.665,0.335,5.516,2.597,2.969,1.231,4.969,4.671,0.918,3,63.58,0,0.0,5.516,0.5236,20.869,17.869
2026-08-13 23:45:00,SHIFT_C,0,26.67,25.65,0.665,0.335,5.676,2.371,2.657,1.095,5.512,4.538,0.989,3,63.16,0,0.0,5.676,0.5545,21.142,18.142
2026-08-14 00:00:00,SHIFT_C,0,26.65,26.55,0.667,0.333,5.311,2.82,3.025,1.195,5.047,4.398,0.87,3,62.73,0,0.0,5.311,0.4922,21.142,18.142
2026-08-14 00:15:00,SHIFT_C,0,26.63,27.07,0.667,0.333,6.197,2.691,3.32,1.169,5.641,4.477,0.883,3,62.3,0,0.0,6.197,0.6073,21.534,18.534
2026-08-14 00:30:00,SHIFT_C,0,26.61,24.35,0.667,0.333,5.145,2.649,2.972,0.982,5.186,4.354,0.765,3,62.0,0,0.0,5.145,0.4676,21.671,18.671
2026-08-14 00:45:00,SHIFT_C,0,26.6,25.68,0.667,0.333,4.997,2.301,3.031,1.117,5.341,3.936,0.979,3,61.62,0,0.0,4.997,0.4576,21.601,18.601
2026-08-14 01:00:00,SHIFT_C,0,26.6,24.88,0.666,0.334,5.15,2.484,3.067,1.071,5.061,4.091,0.912,3,61.31,0,0.0,5.15,0.4617,21.688,18.688
2026-08-14 01:15:00,SHIFT_C,0,26.6,25.83,0.666,0.334,5.322,2.366,3.044,1.142,5.232,4.225,1.004,3,60.82,0,0.0,5.322,0.4972,21.766,18.766
2026-08-14 01:30:00,SHIFT_C,0,26.61,24.71,0.666,0.334,6.018,2.781,2.624,1.2,5.013,3.95,1.063,3,60.47,0,0.0,6.018,0.5439,22.304,19.304
2026-08-14 01:45:00,SHIFT_C,0,26.63,25.91,0.666,0.334,5.73,2.756,2.799,1.206,5.066,4.405,1.044,3,60.09,0,0.0,5.73,0.5408,22.577,19.577
2026-08-14 02:00:00,SHIFT_C,0,26.65,29.47,0.664,0.336,5.956,2.335,2.915,1.077,5.204,4.082,0.891,3,59.69,0,0.0,5.956,0.5397,22.609,19.609
2026-08-14 02:15:00,SHIFT_C,0,26.67,25.23,0.664,0.336,5.121,2.177,2.981,1.13,4.783,4.379,0.798,3,59.43,0,0.0,5.121,0.4572,22.646,19.646
2026-08-14 02:30:00,SHIFT_C,0,26.71,28.7,0.664,0.336,5.094,2.32,3.258,1.2,5.371,4.132,0.926,3,59.09,0,0.0,5.094,0.4769,22.323,19.323
2026-08-14 02:45:00,SHIFT_C,0,26.74,23.57,0.664,0.336,5.357,2.884,2.95,1.336,5.106,4.403,0.829,3,58.81,0,0.0,5.357,0.5036,22.644,19.644
2026-08-14 03:00:00,SHIFT_C,0,26.79,26.74,0.663,0.337,4.785,2.553,2.774,0.989,4.945,4.106,1.03,3,58.48,0,0.0,4.785,0.4264,22.362,19.362
2026-08-14 03:15:00,SHIFT_C,0,26.84,28.86,0.663,0.337,5.014,2.397,3.065,1.015,5.036,4.654,0.959,3,58.37,0,0.0,5.014,0.4709,21.983,18.983
2026-08-14 03:30:00,SHIFT_C,0,26.89,25.16,0.663,0.337,5.486,2.35,3.096,1.212,5.045,4.081,1.152,3,58.05,0,0.0,5.486,0.5075,22.21,19.21
2026-08-14 03:45:00,SHIFT_C,0,26.95,27.98,0.663,0.337,5.103,2.795,3.036,0.975,4.83,4.003,0.931,3,57.58,0,0.0,5.103,0.4413,21.963,18.963
2026-08-14 04:00:00,SHIFT_C,0,27.01,28.67,0.661,0.339,5.289,2.686,2.972,1.363,5.146,4.212,0.914,3,57.07,0,0.0,5.289,0.4954,21.741,18.741
2026-08-14 04:15:00,SHIFT_C,0,27.08,25.47,0.661,0.339,5.408,2.315,2.504,1.321,5.003,4.06,0.941,3,56.87,0,0.0,5.408,0.4931,21.898,18.898
2026-08-14 04:30:00,SHIFT_C,0,27.15,26.88,0.661,0.339,5.36,2.568,2.805,1.106,5.271,4.824,0.995,3,56.66,0,0.0,5.36,0.5263,21.89,18.89
2026-08-14 04:45:00,SHIFT_C,0,27.22,27.49,0.661,0.339,5.04,2.386,2.959,1.148,5.492,4.602,0.873,3,56.44,0,0.0,5.04,0.4916,21.661,18.661
2026-08-14 05:00:00,SHIFT_C,0,27.3,26.92,0.659,0.341,5.951,2.49,3.159,0.983,5.092,3.974,1.019,3,56.12,0,0.0,5.951,0.5304,21.945,18.945
2026-08-14 05:15:00,SHIFT_C,0,27.38,27.33,0.659,0.341,5.856,2.333,3.345,1.196,4.783,4.413,0.885,3,55.74,0,0.0,5.856,0.5317,22.14,19.14
2026-08-14 05:30:00,SHIFT_C,0,27.46,26.64,0.659,0.341,4.971,2.512,3.167,1.167,5.045,4.335,1.039,3,55.49,0,0.0,4.971,0.4637,21.961,18.961
2026-08-14 05:45:00,SHIFT_C,0,27.55,29.23,0.659,0.341,5.837,2.612,3.111,1.299,5.788,4.522,1.029,3,55.25,0,0.0,5.837,0.5939,21.956,18.956
2026-08-14 06:00:00,SHIFT_A,0,33.56,30.98,0.657,0.343,6.328,3.424,3.237,1.184,4.995,4.049,0.966,3,54.9,0,0.0,6.328,0.5704,22.023,19.023
2026-08-14 06:15:00,SHIFT_A,0,33.67,34.44,0.657,0.343,6.664,3.001,2.72,1.096,5.001,4.145,0.91,3,54.59,0,0.0,6.664,0.5984,21.911,18.911
2026-08-14 06:30:00,SHIFT_A,0,33.78,35.57,0.657,0.343,6.24,3.293,3.021,1.115,5.284,4.622,0.868,3,54.28,0,0.0,6.24,0.5973,21.475,18.475
2026-08-14 06:45:00,SHIFT_A,0,33.89,35.27,0.657,0.343,6.97,3.477,2.724,1.417,5.141,4.597,1.167,3,53.89,0,0.0,6.97,0.6914,21.433,18.433
2026-08-14 07:00:00,SHIFT_A,0,34.0,33.35,0.654,0.346,7.248,3.424,2.962,1.301,5.301,4.083,1.088,3,53.55,0,0.0,7.248,0.687,21.722,18.722
2026-08-14 07:15:00,SHIFT_A,0,34.11,29.94,0.654,0.346,6.894,3.2,3.124,1.181,5.345,4.568,1.032,3,53.19,0,0.0,6.894,0.6731,22.175,19.175
2026-08-14 07:30:00,SHIFT_A,0,34.22,31.62,0.654,0.346,6.577,3.05,3.058,1.134,5.529,3.877,1.014,3,52.92,0,0.0,6.577,0.6119,22.301,19.301
2026-08-14 07:45:00,SHIFT_A,0,34.33,35.77,0.654,0.346,7.13,3.159,3.017,1.015,5.354,4.199,0.895,3,52.57,0,0.0,7.13,0.658,22.29,19.29
2026-08-14 08:00:00,SHIFT_A,0,34.44,36.39,0.652,0.348,7.002,3.295,2.639,1.129,5.092,4.868,1.024,3,52.31,0,0.0,7.002,0.6829,22.152,19.152
2026-08-14 08:15:00,SHIFT_A,0,34.55,36.07,0.652,0.348,6.212,2.688,2.78,1.118,4.899,4.435,0.941,3,51.96,0,0.0,6.212,0.5698,21.651,18.651
2026-08-14 08:30:00,SHIFT_A,0,34.65,37.26,0.652,0.348,6.913,3.206,3.341,1.126,5.537,4.307,0.989,3,51.53,0,0.0,6.913,0.6656,21.382,18.382
2026-08-14 08:45:00,SHIFT_A,0,34.75,33.41,0.652,0.348,6.836,2.871,3.37,1.152,5.186,4.061,0.886,3,51.35,0,0.0,6.836,0.6211,21.459,18.459
2026-08-14 09:00:00,SHIFT_A,0,34.85,34.74,0.649,0.351,7.097,2.638,2.743,1.121,5.689,4.57,0.972,3,51.14,0,0.0,7.097,0.7058,21.533,18.533
2026-08-14 09:15:00,SHIFT_A,0,34.94,36.3,0.649,0.351,7.264,3.286,2.702,1.043,5.345,3.867,0.962,3,50.83,0,0.0,7.264,0.6561,21.536,18.536
2026-08-14 09:30:00,SHIFT_A,0,35.03,35.54,0.649,0.351,6.395,2.902,3.146,1.056,5.294,4.598,0.847,3,50.53,0,0.0,6.395,0.6073,21.179,18.179
2026-08-14 09:45:00,SHIFT_A,0,35.12,34.89,0.649,0.351,7.31,3.022,3.221,1.242,5.049,3.973,1.117,3,50.08,0,0.0,7.31,0.6699,21.345,18.345
2026-08-14 10:00:00,SHIFT_A,0,35.2,36.89,0.646,0.354,7.149,3.212,2.942,0.95,5.31,4.487,0.994,3,49.78,0,0.0,7.149,0.6758,21.231,18.231
2026-08-14 10:15:00,SHIFT_A,0,35.28,34.25,0.646,0.354,6.902,3.309,2.98,1.266,4.974,4.14,0.963,3,49.22,0,0.0,6.902,0.6304,21.257,18.257
2026-08-14 10:30:00,SHIFT_A,0,35.35,33.86,0.646,0.354,6.857,3.032,3.06,1.157,5.381,4.074,0.813,3,49.04,0,0.0,6.857,0.6308,21.299,18.299
2026-08-14 10:45:00,SHIFT_A,0,35.41,33.45,0.646,0.354,6.786,2.698,3.139,1.171,5.574,4.104,0.969,3,48.71,0,0.0,6.786,0.6457,21.347,18.347
2026-08-14 11:00:00,SHIFT_A,0,35.47,34.83,0.643,0.357,7.088,3.063,2.858,1.285,4.963,4.288,0.995,3,48.25,0,0.0,7.088,0.6581,21.408,18.408
2026-08-14 11:15:00,SHIFT_A,0,35.52,34.96,0.643,0.357,7.151,2.614,3.119,1.232,5.306,4.17,0.967,3,47.98,0,0.0,7.151,0.6723,21.488,18.488
2026-08-14 11:30:00,SHIFT_A,0,31.3,32.51,0.643,0.357,6.286,2.93,2.969,1.124,5.42,4.17,0.93,3,47.59,0,0.0,6.286,0.5893,21.38,18.38
2026-08-14 11:45:00,SHIFT_A,0,31.34,28.84,0.643,0.357,6.685,3.158,3.215,1.133,5.069,3.967,0.776,3,47.3,0,0.0,6.685,0.5891,21.838,18.838
2026-08-14 12:00:00,SHIFT_A,0,35.64,35.52,0.64,0.36,6.842,3.12,3.223,1.165,5.041,4.131,0.939,3,47.12,0,0.0,6.842,0.6212,21.707,18.707
2026-08-14 12:15:00,SHIFT_A,0,35.67,36.58,0.64,0.36,7.041,2.845,2.807,1.16,5.098,4.176,0.988,3,46.73,0,0.0,7.041,0.6475,21.569,18.569
2026-08-14 12:30:00,SHIFT_A,0,35.69,37.82,0.64,0.36,6.545,2.622,3.135,1.013,5.011,4.476,0.951,3,46.4,0,0.0,6.545,0.6034,21.06,18.06
2026-08-14 12:45:00,SHIFT_A,0,35.7,35.74,0.64,0.36,7.131,2.413,3.012,1.236,5.406,4.259,0.995,3,46.17,0,0.0,7.131,0.683,21.051,18.051
2026-08-14 13:00:00,SHIFT_A,0,35.7,32.72,0.636,0.364,6.675,2.547,3.214,1.251,5.328,4.196,1.01,3,45.93,0,0.0,6.675,0.6333,21.116,18.116
2026-08-14 13:15:00,SHIFT_A,0,35.7,36.09,0.636,0.364,7.342,2.545,2.951,1.209,5.272,4.502,1.011,3,45.69,0,0.0,7.342,0.709,21.178,18.178
2026-08-14 13:30:00,SHIFT_A,0,35.69,35.07,0.636,0.364,7.076,2.705,2.886,1.205,5.139,4.01,0.854,3,45.4,0,0.0,7.076,0.6385,21.209,18.209
2026-08-14 13:45:00,SHIFT_A,0,35.67,34.75,0.636,0.364,6.885,3.117,3.114,1.268,5.084,4.198,0.875,3,44.93,0,0.0,6.885,0.6334,21.177,18.177
2026-08-14 14:00:00,SHIFT_B,0,37.74,37.49,0.633,0.367,7.351,2.812,3.146,1.103,4.886,3.982,0.859,3,44.8,0,0.0,7.351,0.641,21.104,18.104
2026-08-14 14:15:00,SHIFT_B,0,37.7,38.2,0.633,0.367,7.488,2.552,2.94,1.162,5.311,4.317,1.09,3,44.47,0,0.0,7.488,0.7162,21.028,18.028
2026-08-14 14:30:00,SHIFT_B,0,37.66,37.46,0.633,0.367,7.249,2.893,2.993,1.245,5.152,4.652,1.012,3,44.12,0,0.0,7.249,0.7039,20.906,17.906
2026-08-14 14:45:00,SHIFT_B,0,37.61,39.81,0.633,0.367,7.347,2.824,3.141,1.069,4.691,4.146,1.027,3,43.86,0,0.0,7.347,0.6467,20.599,17.599
2026-08-14 15:00:00,SHIFT_B,0,37.56,36.35,0.629,0.371,7.306,2.482,2.85,1.159,5.137,4.388,0.927,3,43.48,0,0.0,7.306,0.683,20.616,17.616
2026-08-14 15:15:00,SHIFT_B,0,37.5,37.25,0.629,0.371,7.424,2.325,3.422,1.194,5.826,4.22,0.853,3,43.38,0,0.0,7.424,0.7237,20.604,17.604
2026-08-14 15:30:00,SHIFT_B,0,37.43,36.52,0.629,0.371,7.75,2.501,3.191,1.104,5.636,4.211,0.943,3,43.21,0,0.0,7.75,0.7483,20.827,17.827
2026-08-14 15:45:00,SHIFT_B,0,37.35,39.03,0.629,0.371,7.595,3.04,3.167,1.147,4.73,4.078,0.985,3,43.0,0,0.0,7.595,0.669,20.721,17.721
2026-08-14 16:00:00,SHIFT_B,0,37.27,37.83,0.625,0.375,7.371,2.56,3.369,1.182,5.127,3.743,0.994,3,42.66,0,0.0,7.371,0.6556,20.624,17.624
2026-08-14 16:15:00,SHIFT_B,0,37.19,36.13,0.625,0.375,8.04,3.129,3.068,1.094,5.309,4.434,1.193,3,42.34,0,0.0,8.04,0.796,21.032,18.032
2026-08-14 16:30:00,SHIFT_B,0,37.1,39.04,0.625,0.375,7.906,2.761,2.937,1.171,5.32,4.76,1.147,3,42.07,0,0.0,7.906,0.8091,21.081,18.081
2026-08-14 16:45:00,SHIFT_B,0,37.0,39.06,0.625,0.375,7.183,2.702,2.405,1.203,5.434,4.253,0.885,3,41.9,0,0.0,7.183,0.681,20.766,17.766
2026-08-14 17:00:00,SHIFT_B,0,36.9,36.72,0.621,0.379,7.327,2.631,2.789,1.096,5.261,4.39,0.978,3,41.71,0,0.0,7.327,0.6917,20.758,17.758
2026-08-14 17:15:00,SHIFT_B,0,36.8,37.5,0.621,0.379,6.792,2.916,3.272,1.338,5.089,4.285,1.019,3,41.4,0,0.0,6.792,0.6415,20.404,17.404
2026-08-14 17:30:00,SHIFT_B,0,36.69,35.19,0.621,0.379,7.999,3.093,2.602,1.044,5.044,4.51,0.993,3,40.99,0,0.0,7.999,0.7542,20.885,17.885
2026-08-14 17:45:00,SHIFT_B,0,36.58,37.16,0.621,0.379,6.971,3.249,3.365,1.289,5.066,4.201,0.807,3,40.59,0,0.0,6.971,0.6377,20.655,17.655
2026-08-14 18:00:00,SHIFT_B,0,36.47,38.24,0.617,0.383,6.96,2.8,2.996,1.239,5.071,4.571,1.206,3,40.14,0,0.0,6.96,0.6774,20.31,17.31
2026-08-14 18:15:00,SHIFT_B,0,36.35,36.04,0.617,0.383,6.797,2.951,2.868,1.122,5.096,4.447,1.006,3,39.62,0,0.0,6.797,0.6386,20.105,17.105
2026-08-14 18:30:00,SHIFT_B,0,36.23,33.51,0.617,0.383,7.056,2.859,2.946,1.065,5.203,3.987,0.906,3,39.24,0,0.0,7.056,0.6341,20.282,17.282
2026-08-14 18:45:00,SHIFT_B,0,36.12,38.36,0.617,0.383,6.453,3.177,2.78,1.296,5.037,3.891,0.836,3,39.04,0,0.0,6.453,0.5747,19.673,16.673
2026-08-14 19:00:00,SHIFT_B,0,31.68,33.04,0.613,0.387,6.666,3.139,3.028,1.16,5.606,4.16,0.994,3,38.58,0,0.0,6.666,0.6398,19.702,16.702
2026-08-14 19:15:00,SHIFT_B,0,31.58,31.66,0.613,0.387,6.35,3.067,3.353,1.054,5.629,3.662,1.182,3,38.12,0,0.0,6.35,0.5893,19.712,16.712
2026-08-14 19:30:00,SHIFT_B,0,35.77,33.89,0.613,0.387,7.365,3.064,3.237,1.073,5.042,4.467,0.956,3,37.79,0,0.0,7.365,0.6842,20.005,17.005
2026-08-14 19:45:00,SHIFT_B,0,35.65,37.64,0.613,0.387,7.2,2.732,3.205,1.19,5.212,4.539,0.905,3,37.41,0,0.0,7.2,0.6868,19.841,16.841
2026-08-14 20:00:00,SHIFT_B,0,35.53,35.66,0.609,0.391,7.366,3.02,2.921,1.255,5.187,4.467,0.94,3,36.9,0,0.0,7.366,0.7028,19.958,16.958
2026-08-14 20:15:00,SHIFT_B,0,35.42,35.96,0.609,0.391,6.566,2.969,3.217,1.132,5.06,3.873,1.015,3,36.65,0,0.0,6.566,0.5858,19.645,16.645
2026-08-14 20:30:00,SHIFT_B,0,35.31,35.82,0.609,0.391,6.981,2.878,2.948,0.959,4.855,4.198,0.976,3,36.44,0,0.0,6.981,0.6176,19.554,16.554
2026-08-14 20:45:00,SHIFT_B,0,35.2,33.73,0.609,0.391,6.641,2.97,2.717,1.189,5.509,4.48,0.986,3,36.17,0,0.0,6.641,0.6505,19.501,16.501
2026-08-14 21:00:00,SHIFT_B,0,35.1,35.79,0.604,0.396,7.224,2.805,2.808,1.178,4.842,4.761,1.053,3,35.98,0,0.0,7.224,0.6883,19.534,16.534
2026-08-14 21:15:00,SHIFT_B,0,35.0,35.54,0.604,0.396,6.875,2.837,3.031,1.152,5.389,4.402,0.812,3,35.65,0,0.0,6.875,0.6507,19.417,16.417
2026-08-14 21:30:00,SHIFT_B,0,34.9,33.87,0.604,0.396,7.213,2.674,2.507,1.086,5.29,4.279,0.905,3,35.55,0,0.0,7.213,0.6714,19.637,16.637
2026-08-14 21:45:00,SHIFT_B,0,34.81,34.32,0.604,0.396,7.66,3.072,2.811,1.109,4.918,3.946,0.927,3,35.24,0,0.0,7.66,0.6723,20.035,17.035
2026-08-14 22:00:00,SHIFT_C,0,27.01,24.74,0.6,0.4,5.508,2.707,3.203,1.025,4.964,4.209,0.817,3,35.02,0,0.0,5.508,0.4885,20.315,17.315
2026-08-14 22:15:00,SHIFT_C,0,26.95,30.11,0.6,0.4,5.988,2.405,2.704,1.157,5.034,4.567,0.936,3,34.65,0,0.0,5.988,0.5638,20.298,17.298
2026-08-14 22:30:00,SHIFT_C,0,26.89,27.68,0.6,0.4,5.773,2.163,2.808,1.256,5.005,4.661,0.994,3,34.38,0,0.0,5.773,0.5539,20.416,17.416
2026-08-14 22:45:00,SHIFT_C,0,26.84,28.37,0.6,0.4,4.73,2.415,3.309,1.192,4.956,4.079,0.993,3,34.02,0,0.0,4.73,0.4273,19.944,16.944
2026-08-14 23:00:00,SHIFT_C,0,26.79,27.49,0.595,0.405,6.23,2.223,2.864,1.0,4.944,4.313,0.925,3,33.58,0,0.0,6.23,0.5609,20.309,17.309
2026-08-14 23:15:00,SHIFT_C,0,26.74,26.74,0.595,0.405,5.749,2.645,2.945,1.141,5.515,4.715,0.986,3,33.35,0,0.0,5.749,0.572,20.51,17.51
2026-08-14 23:30:00,SHIFT_C,0,26.71,27.51,0.595,0.405,5.616,2.751,2.839,1.185,4.733,4.4,0.942,3,33.03,0,0.0,5.616,0.5092,20.566,17.566
2026-08-14 23:45:00,SHIFT_C,0,26.67,27.53,0.595,0.405,5.578,2.801,3.345,1.134,5.662,4.014,0.876,3,32.7,0,0.0,5.578,0.5249,20.603,17.603
2026-08-15 00:00:00,SHIFT_C,1,21.85,22.58,0.602,0.398,4.221,2.506,2.849,1.038,4.947,4.629,1.023,3,32.48,0,0.0,4.221,0.3955,20.456,17.456
2026-08-15 00:15:00,SHIFT_C,1,21.83,21.52,0.602,0.398,4.447,2.305,2.972,1.157,5.539,4.329,0.936,3,32.17,0,0.0,4.447,0.4282,20.527,17.527
2026-08-15 00:30:00,SHIFT_C,1,21.82,21.26,0.602,0.398,4.297,2.448,3.01,0.972,4.853,4.355,0.902,3,32.05,0,0.0,4.297,0.3834,20.549,17.549
2026-08-15 00:45:00,SHIFT_C,1,21.81,23.65,0.602,0.398,3.983,2.522,2.784,1.213,5.701,4.025,0.833,3,31.73,0,0.0,3.983,0.3775,20.175,17.175
2026-08-15 01:00:00,SHIFT_C,1,21.81,21.98,0.598,0.402,4.321,2.031,2.745,1.127,5.211,4.137,0.976,3,31.51,0,0.0,4.321,0.3984,20.137,17.137
2026-08-15 01:15:00,SHIFT_C,1,21.81,22.39,0.598,0.402,4.311,1.862,2.561,1.235,5.327,4.768,0.941,3,31.29,0,0.0,4.311,0.426,20.054,17.054
2026-08-15 01:30:00,SHIFT_C,1,21.82,21.53,0.598,0.402,4.356,2.167,2.665,0.984,4.94,4.454,0.953,3,31.06,0,0.0,4.356,0.3974,20.079,17.079
2026-08-15 01:45:00,SHIFT_C,1,21.83,22.29,0.598,0.402,4.734,2.235,3.183,1.268,5.246,4.08,0.905,3,30.63,0,0.0,4.734,0.4383,20.217,17.217
2026-08-15 02:00:00,SHIFT_C,1,21.85,23.03,0.593,0.407,4.269,2.648,2.872,1.121,4.994,4.204,0.854,3,30.41,0,0.0,4.269,0.384,20.049,17.049
2026-08-15 02:15:00,SHIFT_C,1,21.87,21.87,0.593,0.407,4.447,2.052,2.798,1.197,5.36,4.587,0.994,3,30.03,0,0.0,4.447,0.4346,20.085,17.085
2026-08-15 02:30:00,SHIFT_C,1,21.9,20.18,0.593,0.407,4.834,2.296,3.237,1.409,5.214,3.964,0.864,3,29.68,0,0.0,4.834,0.4456,20.483,17.483
2026-08-15 02:45:00,SHIFT_C,1,21.93,21.17,0.593,0.407,5.085,1.996,2.989,0.947,4.497,4.467,1.016,3,29.5,0,0.0,5.085,0.4474,20.909,17.909
2026-08-15 03:00:00,SHIFT_C,1,21.97,21.56,0.588,0.412,4.782,2.174,3.349,1.082,5.127,4.268,0.83,3,29.26,0,0.0,4.782,0.4354,21.143,18.143
2026-08-15 03:15:00,SHIFT_C,1,22.01,21.09,0.588,0.412,4.033,2.457,3.033,1.129,5.005,4.22,0.922,3,29.16,0,0.0,4.033,0.3662,21.051,18.051
2026-08-15 03:30:00,SHIFT_C,1,22.05,23.5,0.588,0.412,4.815,2.165,2.633,1.304,5.036,3.925,1.061,3,28.81,0,0.0,4.815,0.4391,21.109,18.109
2026-08-15 03:45:00,SHIFT_C,1,22.1,20.43,0.588,0.412,4.215,2.465,2.721,1.016,5.477,4.319,0.887,3,28.55,0,0.0,4.215,0.3971,21.173,18.173
2026-08-15 04:00:00,SHIFT_C,1,22.15,21.81,0.583,0.417,3.957,2.193,2.913,1.349,5.506,4.364,1.112,3,28.46,0,0.0,3.957,0.3929,20.971,17.971
2026-08-15 04:15:00,SHIFT_C,1,22.2,20.65,0.583,0.417,4.447,2.323,2.912,1.28,4.572,4.283,0.962,3,28.18,0,0.0,4.447,0.3974,21.129,18.129
2026-08-15 04:30:00,SHIFT_C,1,22.26,21.31,0.583,0.417,4.984,1.672,2.672,0.98,5.608,4.23,0.917,3,28.02,0,0.0,4.984,0.4709,21.49,18.49
2026-08-15 04:45:00,SHIFT_C,1,22.32,22.18,0.583,0.417,4.238,1.938,2.824,1.138,5.261,4.366,0.91,3,27.84,0,0.0,4.238,0.3984,21.391,18.391
2026-08-15 05:00:00,SHIFT_C,1,22.39,20.63,0.579,0.421,4.291,1.92,3.008,1.125,4.954,4.442,1.001,3,27.42,0,0.0,4.291,0.3981,21.474,18.474
2026-08-15 05:15:00,SHIFT_C,1,22.45,23.32,0.579,0.421,4.12,2.449,2.912,1.241,5.23,4.473,0.921,3,27.09,0,0.0,4.12,0.3936,21.202,18.202
2026-08-15 05:30:00,SHIFT_C,1,22.52,24.21,0.579,0.421,4.979,1.919,2.929,1.3,5.738,4.108,0.884,2,32.66,0,0.0,4.979,0.7242,21.27,18.27
2026-08-15 05:45:00,SHIFT_C,1,22.59,22.75,0.579,0.421,4.951,2.206,3.413,1.163,5.376,3.898,0.993,3,32.42,0,0.0,4.951,0.4557,21.471,18.471
2026-08-15 06:00:00,SHIFT_A,1,27.52,25.91,0.574,0.426,5.436,2.447,3.283,1.235,4.875,4.099,1.024,3,32.15,0,0.0,5.436,0.4917,21.598,18.598
2026-08-15 06:15:00,SHIFT_A,1,27.61,27.86,0.574,0.426,5.866,2.68,3.083,1.11,5.031,4.338,1.09,3,31.76,0,0.0,5.866,0.5464,21.745,18.745
2026-08-15 06:30:00,SHIFT_A,1,27.7,28.11,0.574,0.426,5.625,2.62,2.955,1.246,4.946,4.34,0.901,3,31.39,0,0.0,5.625,0.5178,21.747,18.747
2026-08-15 06:45:00,SHIFT_A,1,27.79,27.72,0.574,0.426,5.889,3.287,3.358,1.318,4.746,4.383,1.081,3,31.14,0,0.0,5.889,0.5466,21.919,18.919
2026-08-15 07:00:00,SHIFT_A,1,27.88,28.43,0.569,0.431,5.104,2.532,2.797,1.206,5.397,4.663,0.91,3,30.82,0,0.0,5.104,0.5004,21.628,18.628
2026-08-15 07:15:00,SHIFT_A,1,27.97,24.96,0.569,0.431,5.182,2.65,2.773,1.132,5.24,4.344,0.793,3,30.43,0,0.0,5.182,0.4802,21.723,18.723
2026-08-15 07:30:00,SHIFT_A,1,28.06,25.54,0.569,0.431,5.062,2.735,3.356,1.138,5.233,4.541,1.055,3,30.18,0,0.0,5.062,0.4878,21.7,18.7
2026-08-15 07:45:00,SHIFT_A,1,28.15,29.78,0.569,0.431,5.743,2.485,2.96,1.143,5.035,3.955,0.923,3,29.92,0,0.0,5.743,0.5112,21.594,18.594
2026-08-15 08:00:00,SHIFT_A,1,28.24,28.03,0.564,0.436,6.252,2.451,2.934,1.362,5.127,4.154,0.944,3,29.55,0,0.0,6.252,0.5832,21.916,18.916
2026-08-15 08:15:00,SHIFT_A,1,28.33,29.16,0.564,0.436,6.067,2.591,3.167,1.115,5.51,4.189,0.87,3,29.24,0,0.0,6.067,0.5708,22.034,19.034
2026-08-15 08:30:00,SHIFT_A,1,28.41,26.78,0.564,0.436,5.676,2.867,2.973,1.139,5.191,3.917,0.872,3,29.1,0,0.0,5.676,0.5082,22.195,19.195
2026-08-15 08:45:00,SHIFT_A,1,28.5,27.92,0.564,0.436,5.444,2.489,2.74,1.262,5.455,4.206,0.918,3,28.86,0,0.0,5.444,0.519,22.124,19.124
2026-08-15 09:00:00,SHIFT_A,1,28.58,27.68,0.559,0.441,5.262,2.474,2.998,1.019,4.918,4.532,0.854,3,28.66,0,0.0,5.262,0.4798,21.987,18.987
2026-08-15 09:15:00,SHIFT_A,1,28.65,28.06,0.559,0.441,5.683,2.232,3.374,1.139,5.443,4.07,1.066,3,28.34,0,0.0,5.683,0.5362,22.023,19.023
2026-08-15 09:30:00,SHIFT_A,1,28.73,25.76,0.559,0.441,5.353,2.165,2.819,1.075,4.864,4.455,0.963,3,28.13,0,0.0,5.353,0.4895,22.123,19.123
2026-08-15 09:45:00,SHIFT_A,1,28.8,30.08,0.559,0.441,5.345,2.563,2.728,1.155,5.125,4.636,0.996,3,27.92,0,0.0,5.345,0.5126,21.787,18.787
2026-08-15 10:00:00,SHIFT_A,1,28.87,29.26,0.554,0.446,8.151,2.263,3.184,1.006,5.491,3.945,0.92,3,27.71,0,0.0,8.151,0.7533,22.937,19.937
2026-08-15 10:15:00,SHIFT_A,1,28.93,28.13,0.554,0.446,8.719,2.496,2.966,1.105,5.866,4.218,0.912,3,27.36,0,0.0,8.719,0.8904,24.483,21.187
2026-08-15 10:30:00,SHIFT_A,1,28.99,28.96,0.554,0.446,8.405,2.598,2.945,1.219,5.374,4.454,0.997,3,27.0,0,0.0,8.405,0.8439,25.104,21.104
2026-08-15 10:45:00,SHIFT_A,1,29.04,29.07,0.554,0.446,8.079,2.801,2.925,1.248,5.213,4.149,0.914,3,26.65,0,0.0,8.079,0.7584,25.093,21.093
2026-08-15 11:00:00,SHIFT_A,1,29.09,27.92,0.549,0.451,5.463,2.632,2.842,1.17,5.746,4.337,0.917,3,26.55,0,0.0,5.463,0.5353,25.033,21.033
2026-08-15 11:15:00,SHIFT_A,1,29.13,28.43,0.549,0.451,6.234,2.336,3.059,1.196,5.495,4.488,0.929,3,26.09,0,0.0,6.234,0.6078,25.157,21.157
2026-08-15 11:30:00,SHIFT_A,1,25.67,27.55,0.549,0.451,4.928,2.221,3.14,1.14,5.162,4.185,0.924,3,25.69,0,0.0,4.928,0.4528,24.867,20.867
2026-08-15 11:45:00,SHIFT_A,1,25.7,26.16,0.549,0.451,5.426,2.024,2.902,1.197,5.697,3.851,1.058,3,25.36,0,0.0,5.426,0.5156,24.963,20.963
2026-08-15 12:00:00,SHIFT_A,1,29.23,29.36,0.544,0.456,5.297,2.285,3.139,0.99,5.112,4.402,0.901,2,30.41,0,0.0,5.297,0.7324,24.675,20.675
2026-08-15 12:15:00,SHIFT_A,1,29.25,31.56,0.544,0.456,6.103,2.816,3.245,1.188,4.826,4.391,0.857,3,30.08,0,0.0,6.103,0.5534,24.571,20.571
2026-08-15 12:30:00,SHIFT_A,1,29.26,28.31,0.544,0.456,6.056,2.502,3.051,1.26,5.052,3.747,0.894,3,29.84,0,0.0,6.056,0.5341,24.769,20.769
2026-08-15 12:45:00,SHIFT_A,1,29.27,29.82,0.544,0.456,5.983,2.098,2.784,1.158,5.06,4.407,0.976,3,29.67,0,0.0,5.983,0.5588,24.778,20.778
2026-08-15 13:00:00,SHIFT_A,1,29.27,31.56,0.539,0.461,6.031,2.412,2.831,1.33,5.19,4.13,1.147,3,29.44,0,0.0,6.031,0.5728,24.638,20.638
2026-08-15 13:15:00,SHIFT_A,1,29.27,28.43,0.539,0.461,6.797,2.622,2.939,1.121,5.102,4.244,0.859,3,29.2,0,0.0,6.797,0.6198,25.157,21.157
2026-08-15 13:30:00,SHIFT_A,1,29.26,29.25,0.539,0.461,5.405,2.436,2.889,1.124,5.005,4.226,0.925,3,28.84,0,0.0,5.405,0.4909,24.934,20.934
2026-08-15 13:45:00,SHIFT_A,1,29.25,27.0,0.539,0.461,5.795,2.387,2.872,1.154,5.171,4.181,0.854,3,28.56,0,0.0,5.795,0.5301,25.132,21.132
2026-08-15 14:00:00,SHIFT_B,1,30.95,31.38,0.534,0.466,6.315,2.549,3.251,1.045,5.706,4.055,0.935,3,28.3,0,0.0,6.315,0.597,24.862,20.862
2026-08-15 14:15:00,SHIFT_B,1,30.92,32.77,0.534,0.466,6.002,2.649,2.846,1.149,5.06,3.992,0.925,3,28.09,0,0.0,6.002,0.5376,24.586,20.586
2026-08-15 14:30:00,SHIFT_B,1,30.88,32.93,0.534,0.466,5.425,2.245,3.123,1.283,5.362,4.068,0.95,3,27.82,0,0.0,5.425,0.5095,24.006,20.006
2026-08-15 14:45:00,SHIFT_B,1,30.84,29.23,0.534,0.466,6.068,2.455,3.061,1.092,4.942,4.023,0.935,3,27.44,0,0.0,6.068,0.537,24.117,20.117
2026-08-15 15:00:00,SHIFT_B,1,30.8,30.03,0.529,0.471,6.079,2.198,2.914,1.186,4.787,3.724,0.919,3,27.07,0,0.0,6.079,0.5196,24.154,20.154
2026-08-15 15:15:00,SHIFT_B,1,30.75,29.49,0.529,0.471,6.871,2.38,3.111,1.158,5.594,4.392,0.95,3,26.81,0,0.0,6.871,0.669,24.641,20.641
2026-08-15 15:30:00,SHIFT_B,1,30.69,28.91,0.529,0.471,6.047,2.358,2.948,1.09,5.586,4.375,1.018,3,26.41,0,0.0,6.047,0.5875,24.773,20.773
2026-08-15 15:45:00,SHIFT_B,1,30.63,32.78,0.529,0.471,6.411,2.332,3.095,1.167,5.166,4.266,0.876,3,26.03,0,0.0,6.411,0.5923,24.7,20.7
2026-08-15 16:00:00,SHIFT_B,1,30.56,26.82,0.524,0.476,6.332,2.381,2.917,1.144,5.348,4.186,1.093,3,25.89,0,0.0,6.332,0.6001,25.185,21.185
2026-08-15 16:15:00,SHIFT_B,1,30.49,29.35,0.524,0.476,6.635,2.482,2.802,1.016,5.003,4.361,0.784,3,25.59,0,0.0,6.635,0.5964,25.065,21.065
2026-08-15 16:30:00,SHIFT_B,1,30.42,30.65,0.524,0.476,6.187,2.059,3.104,1.093,5.242,4.63,0.987,3,25.23,0,0.0,6.187,0.5954,24.935,20.935
2026-08-15 16:45:00,SHIFT_B,1,30.34,29.82,0.524,0.476,6.091,2.316,2.918,0.977,4.951,4.263,0.933,3,24.91,0,0.0,6.091,0.5456,24.998,20.998
2026-08-15 17:00:00,SHIFT_B,1,30.26,29.7,0.519,0.481,5.757,2.418,3.389,1.185,4.88,4.42,1.007,3,24.57,0,0.0,5.757,0.5327,24.907,20.907
2026-08-15 17:15:00,SHIFT_B,1,30.17,29.93,0.519,0.481,6.379,2.477,2.89,1.11,4.959,4.441,0.991,3,24.22,0,0.0,6.379,0.5907,25.007,21.007
2026-08-15 17:30:00,SHIFT_B,1,30.08,33.11,0.519,0.481,6.431,2.398,3.184,1.069,5.264,3.847,1.211,3,23.87,0,0.0,6.431,0.5898,24.689,20.689
2026-08-15 17:45:00,SHIFT_B,1,29.99,29.41,0.519,0.481,5.957,2.287,2.826,1.202,5.283,4.143,0.984,3,23.5,0,0.0,5.957,0.557,24.727,20.727
2026-08-15 18:00:00,SHIFT_B,1,29.9,28.13,0.514,0.486,6.095,2.428,2.717,1.096,5.296,4.457,0.934,3,23.25,0,0.0,6.095,0.5783,24.962,20.962
2026-08-15 18:15:00,SHIFT_B,1,29.81,30.62,0.514,0.486,6.081,2.817,2.939,1.015,5.117,4.074,0.914,3,23.0,0,0.0,6.081,0.5446,24.938,20.938
2026-08-15 18:30:00,SHIFT_B,1,29.71,27.66,0.514,0.486,5.774,2.452,3.012,1.171,5.56,4.63,0.856,3,22.68,0,0.0,5.774,0.5679,25.059,21.059
2026-08-15 18:45:00,SHIFT_B,1,29.62,30.17,0.514,0.486,6.216,2.679,2.79,1.311,5.476,4.014,0.976,3,22.49,0,0.0,6.216,0.5894,24.983,20.983
2026-08-15 19:00:00,SHIFT_B,1,25.98,23.44,0.51,0.49,5.031,2.327,3.099,1.253,5.228,4.185,1.005,3,22.11,0,0.0,5.031,0.4728,25.155,21.155
2026-08-15 19:15:00,SHIFT_B,1,25.89,26.31,0.51,0.49,4.692,2.424,2.956,1.291,5.212,4.649,1.034,3,21.88,0,0.0,4.692,0.4603,24.87,20.87
2026-08-15 19:30:00,SHIFT_B,1,29.33,29.65,0.51,0.49,5.422,2.271,3.215,1.25,4.945,4.136,0.937,3,21.43,0,0.0,5.422,0.4919,24.616,20.616
2026-08-15 19:45:00,SHIFT_B,1,29.23,27.22,0.51,0.49,6.103,2.523,2.881,1.212,4.94,4.294,0.997,3,21.17,0,0.0,6.103,0.5623,24.946,20.946
2026-08-15 20:00:00,SHIFT_B,1,29.14,26.05,0.505,0.495,6.139,2.709,3.056,1.28,5.489,3.981,0.899,3,20.98,0,0.0,6.139,0.5757,25.395,21.395
2026-08-15 20:15:00,SHIFT_B,1,29.05,30.27,0.505,0.495,6.119,2.716,3.635,1.177,4.884,4.042,0.882,3,20.75,0,0.0,6.119,0.5412,24.973,20.973
2026-08-15 20:30:00,SHIFT_B,1,28.96,29.7,0.505,0.495,5.845,2.439,2.968,1.085,5.301,4.78,0.987,3,20.35,0,0.0,5.845,0.5719,24.926,20.926
2026-08-15 20:45:00,SHIFT_B,1,28.87,28.83,0.505,0.495,6.093,2.519,3.113,1.257,5.125,4.309,0.919,2,24.35,0,0.0,6.093,0.8989,25.089,21.089
2026-08-15 21:00:00,SHIFT_B,1,28.78,31.55,0.5,0.5,5.759,2.916,3.377,1.225,5.597,4.067,1.004,3,23.96,0,0.0,5.759,0.5515,24.814,20.814
2026-08-15 21:15:00,SHIFT_B,1,28.7,29.05,0.5,0.5,5.878,2.163,3.149,1.256,5.613,4.305,0.983,3,23.49,0,0.0,5.878,0.5753,24.848,20.848
2026-08-15 21:30:00,SHIFT_B,1,28.62,26.94,0.5,0.5,5.845,2.468,3.137,1.271,4.903,4.721,1.104,3,23.16,0,0.0,5.845,0.5647,25.077,21.077
2026-08-15 21:45:00,SHIFT_B,1,28.55,26.37,0.5,0.5,5.662,2.658,3.062,1.221,4.87,4.233,0.981,2,28.75,0,0.0,5.662,0.7895,25.271,21.271
2026-08-15 22:00:00,SHIFT_C,1,22.15,20.84,0.496,0.504,4.464,1.911,3.374,1.077,5.152,3.852,0.884,3,28.51,0,0.0,4.464,0.3941,25.418,21.418
2026-08-15 22:15:00,SHIFT_C,1,22.1,23.99,0.496,0.504,4.488,1.886,2.995,1.163,5.301,3.987,1.009,3,28.27,0,0.0,4.488,0.4141,25.264,21.264
2026-08-15 22:30:00,SHIFT_C,1,22.05,22.99,0.496,0.504,4.838,1.912,2.968,1.022,5.24,3.729,0.908,3,28.1,0,0.0,4.838,0.4246,25.384,21.384
2026-08-15 22:45:00,SHIFT_C,1,22.01,21.45,0.496,0.504,4.52,2.144,2.851,1.144,5.296,4.307,1.014,3,27.89,0,0.0,4.52,0.4281,25.499,21.499
2026-08-15 23:00:00,SHIFT_C,1,21.97,23.16,0.491,0.509,4.129,2.268,3.064,1.045,5.211,4.298,1.007,3,27.48,0,0.0,4.129,0.3844,25.248,21.248
2026-08-15 23:15:00,SHIFT_C,1,21.93,22.35,0.491,0.509,4.308,2.261,2.684,1.082,5.303,3.914,0.904,3,27.23,0,0.0,4.308,0.3886,25.167,21.167
2026-08-15 23:30:00,SHIFT_C,1,21.9,21.69,0.491,0.509,3.988,2.386,2.853,1.203,5.379,4.54,1.105,3,26.85,0,0.0,3.988,0.3926,24.991,20.991
2026-08-15 23:45:00,SHIFT_C,1,21.87,22.09,0.491,0.509,4.454,2.18,2.851,1.25,5.332,4.374,0.988,3,26.49,0,0.0,4.454,0.4284,25.01,21.01
2026-08-16 00:00:00,SHIFT_C,1,21.85,21.59,0.498,0.502,4.573,2.515,3.195,1.106,5.349,4.118,0.87,3,26.23,0,0.0,4.573,0.4213,25.137,21.137
2026-08-16 00:15:00,SHIFT_C,1,21.83,22.79,0.498,0.502,4.847,2.225,3.009,1.257,5.154,3.785,0.967,2,26.03,0,0.0,4.847,0.6534,25.281,21.281
2026-08-16 00:30:00,SHIFT_C,1,21.82,21.51,0.498,0.502,4.821,1.962,3.136,1.24,5.488,4.158,0.974,3,25.78,0,0.0,4.821,0.4604,25.541,21.541
2026-08-16 00:45:00,SHIFT_C,1,21.81,22.38,0.498,0.502,4.102,2.195,2.818,1.214,4.935,4.048,0.885,3,25.61,0,0.0,4.102,0.366,25.354,21.354
2026-08-16 01:00:00,SHIFT_C,1,21.81,22.42,0.493,0.507,4.538,2.158,3.162,1.308,5.018,4.287,0.916,3,25.28,0,0.0,4.538,0.4212,25.38,21.38
2026-08-16 01:15:00,SHIFT_C,1,21.81,21.28,0.493,0.507,3.635,2.395,3.121,1.006,5.093,4.241,1.025,3,25.12,0,0.0,3.635,0.3327,25.069,21.069
2026-08-16 01:30:00,SHIFT_C,1,21.82,22.22,0.493,0.507,4.508,2.397,2.975,1.069,5.292,4.36,1.019,3,24.67,0,0.0,4.508,0.426,25.102,21.102
2026-08-16 01:45:00,SHIFT_C,1,21.83,23.91,0.493,0.507,3.429,2.128,3.097,1.078,5.051,4.078,0.991,3,24.42,0,0.0,3.429,0.3092,24.425,20.425
2026-08-16 02:00:00,SHIFT_C,1,21.85,21.54,0.489,0.511,4.0,1.975,3.283,1.079,5.36,4.114,0.953,2,28.57,0,0.0,4.0,0.5559,24.271,20.271
2026-08-16 02:15:00,SHIFT_C,1,21.87,22.9,0.489,0.511,4.2,2.222,3.282,1.187,5.117,4.363,0.979,3,28.3,0,0.0,4.2,0.3938,24.081,20.081
2026-08-16 02:30:00,SHIFT_C,1,21.9,22.41,0.489,0.511,4.548,2.308,2.682,1.184,5.0,3.984,0.95,3,27.98,0,0.0,4.548,0.4071,24.114,20.114
2026-08-16 02:45:00,SHIFT_C,1,21.93,23.77,0.489,0.511,4.363,2.118,2.723,1.154,5.635,4.843,0.859,3,27.84,0,0.0,4.363,0.4388,23.919,19.919
2026-08-16 03:00:00,SHIFT_C,1,21.97,23.47,0.485,0.515,4.117,2.138,2.721,1.193,4.815,4.307,0.877,3,27.73,0,0.0,4.117,0.371,23.63,19.63
2026-08-16 03:15:00,SHIFT_C,1,22.01,20.4,0.485,0.515,4.761,2.119,3.201,1.217,5.111,4.486,0.968,3,27.28,0,0.0,4.761,0.4516,23.97,19.97
2026-08-16 03:30:00,SHIFT_C,1,22.05,21.83,0.485,0.515,4.489,1.966,2.828,1.131,5.073,4.358,0.94,3,26.95,0,0.0,4.489,0.4157,24.032,20.032
2026-08-16 03:45:00,SHIFT_C,1,22.1,23.09,0.485,0.515,4.429,2.352,2.948,1.199,4.759,4.643,1.029,3,26.53,0,0.0,4.429,0.4148,23.937,19.937
2026-08-16 04:00:00,SHIFT_C,1,22.15,22.96,0.481,0.519,4.205,2.369,3.143,1.185,4.859,4.342,1.038,3,26.18,0,0.0,4.205,0.3868,23.743,19.743
2026-08-16 04:15:00,SHIFT_C,1,22.2,21.26,0.481,0.519,3.861,2.067,3.093,1.071,5.52,4.098,0.943,3,25.94,0,0.0,3.861,0.3616,23.548,19.548
2026-08-16 04:30:00,SHIFT_C,1,22.26,22.72,0.481,0.519,4.189,2.425,3.134,1.167,4.568,3.92,1.054,3,25.62,0,0.0,4.189,0.3612,23.37,19.37
2026-08-16 04:45:00,SHIFT_C,1,22.32,19.64,0.481,0.519,4.586,2.07,2.789,1.17,5.575,4.327,0.851,3,25.3,0,0.0,4.586,0.4403,23.699,19.699
2026-08-16 05:00:00,SHIFT_C,1,22.39,24.66,0.477,0.523,4.531,2.537,3.273,1.187,5.348,4.315,0.79,3,25.06,0,0.0,4.531,0.4247,23.498,19.498
2026-08-16 05:15:00,SHIFT_C,1,22.45,22.85,0.477,0.523,4.554,2.125,3.3,1.22,4.98,4.084,0.856,3,24.75,0,0.0,4.554,0.4085,23.49,19.49
2026-08-16 05:30:00,SHIFT_C,1,22.52,19.63,0.477,0.523,4.256,2.324,2.887,1.069,5.158,4.196,1.026,3,24.64,0,0.0,4.256,0.3923,23.655,19.655
2026-08-16 05:45:00,SHIFT_C,1,22.59,21.5,0.477,0.523,4.616,2.294,2.692,1.161,5.241,4.057,1.003,3,24.2,0,0.0,4.616,0.426,23.814,19.814
2026-08-16 06:00:00,SHIFT_A,1,27.52,27.3,0.473,0.527,5.996,2.757,3.122,1.081,4.65,4.251,0.874,3,23.94,0,0.0,5.996,0.5241,24.082,20.082
2026-08-16 06:15:00,SHIFT_A,1,27.61,27.14,0.473,0.527,6.013,2.834,2.96,1.219,4.983,4.654,0.898,3,23.83,0,0.0,6.013,0.569,24.375,20.375
2026-08-16 06:30:00,SHIFT_A,1,27.7,28.26,0.473,0.527,5.51,2.95,2.87,1.117,5.6,4.662,0.902,3,23.45,0,0.0,5.51,0.5448,24.304,20.304
2026-08-16 06:45:00,SHIFT_A,1,27.79,27.69,0.473,0.527,5.435,2.597,2.76,1.298,5.019,4.419,0.955,3,23.33,0,0.0,5.435,0.5116,24.252,20.252
2026-08-16 07:00:00,SHIFT_A,1,27.88,26.64,0.469,0.531,5.556,2.768,3.196,1.026,5.563,4.672,1.033,3,23.04,0,0.0,5.556,0.55,24.367,20.367
2026-08-16 07:15:00,SHIFT_A,1,27.97,28.6,0.469,0.531,5.805,2.656,3.116,1.128,5.386,4.218,0.832,3,22.62,0,0.0,5.805,0.5404,24.409,20.409
2026-08-16 07:30:00,SHIFT_A,1,28.06,25.52,0.469,0.531,5.647,2.808,3.239,1.356,5.406,4.503,0.984,3,22.43,0,0.0,5.647,0.557,24.68,20.68
2026-08-16 07:45:00,SHIFT_A,1,28.15,28.85,0.469,0.531,6.038,2.939,3.012,1.159,5.363,4.143,0.872,2,27.19,0,0.0,6.038,0.8811,24.814,20.814
2026-08-16 08:00:00,SHIFT_A,1,28.24,26.8,0.465,0.535,5.218,2.355,2.681,1.128,4.811,4.48,0.989,3,26.91,0,0.0,5.218,0.4792,24.744,20.744
2026-08-16 08:15:00,SHIFT_A,1,28.33,27.13,0.465,0.535,5.619,2.756,2.991,1.175,4.991,4.467,0.957,3,26.62,0,0.0,5.619,0.5243,24.84,20.84
2026-08-16 08:30:00,SHIFT_A,1,28.41,28.29,0.465,0.535,5.498,2.435,2.925,1.254,4.962,4.407,1.014,3,26.34,0,0.0,5.498,0.5152,24.761,20.761
2026-08-16 08:45:00,SHIFT_A,1,28.5,30.83,0.465,0.535,5.518,2.53,3.198,1.379,5.631,4.512,0.964,3,26.0,0,0.0,5.518,0.5547,24.437,20.437
2026-08-16 09:00:00,SHIFT_A,1,28.58,29.62,0.462,0.538,5.693,2.884,2.894,1.319,5.049,4.364,1.015,3,25.65,0,0.0,5.693,0.5384,24.321,20.321
2026-08-16 09:15:00,SHIFT_A,1,28.65,30.78,0.462,0.538,5.264,2.553,3.19,1.149,5.575,4.382,0.906,3,25.46,0,0.0,5.264,0.5091,23.875,19.875
2026-08-16 09:30:00,SHIFT_A,1,28.73,29.69,0.462,0.538,6.193,2.651,3.019,1.102,5.065,4.1,0.943,3,25.2,0,0.0,6.193,0.5589,24.003,20.003
2026-08-16 09:45:00,SHIFT_A,1,28.8,30.24,0.462,0.538,5.847,2.469,2.844,1.176,4.587,4.402,0.821,3,24.88,0,0.0,5.847,0.5172,23.903,19.903
2026-08-16 10:00:00,SHIFT_A,1,28.87,30.08,0.459,0.541,5.5,2.64,2.942,0.992,5.46,4.437,0.99,3,24.57,0,0.0,5.5,0.526,23.644,19.644
2026-08-16 10:15:00,SHIFT_A,1,28.93,30.97,0.459,0.541,5.447,2.814,3.232,1.079,5.165,4.215,0.803,3,24.43,0,0.0,5.447,0.4939,23.27,19.27
2026-08-16 10:30:00,SHIFT_A,1,28.99,27.43,0.459,0.541,5.963,2.876,3.117,1.149,5.34,4.373,0.939,3,24.06,0,0.0,5.963,0.5666,23.509,19.509
2026-08-16 10:45:00,SHIFT_A,1,29.04,28.68,0.459,0.541,5.019,2.546,2.945,1.194,5.629,4.442,1.074,3,23.57,0,0.0,5.019,0.4986,23.151,19.151
2026-08-16 11:00:00,SHIFT_A,1,29.09,28.53,0.455,0.545,5.567,2.375,2.924,1.183,5.153,4.372,0.65,3,23.23,0,0.0,5.567,0.5091,23.082,19.082
2026-08-16 11:15:00,SHIFT_A,1,29.13,28.44,0.455,0.545,5.505,2.252,2.975,1.115,5.436,4.503,0.855,3,22.86,0,0.0,5.505,0.5279,22.991,18.991
2026-08-16 11:30:00,SHIFT_A,1,25.67,24.23,0.455,0.545,5.441,2.522,2.891,0.961,5.329,4.193,0.973,3,22.59,0,0.0,5.441,0.5018,23.288,19.288
2026-08-16 11:45:00,SHIFT_A,1,25.7,25.07,0.455,0.545,4.871,2.635,2.836,1.074,4.872,4.374,1.039,3,22.25,0,0.0,4.871,0.4455,23.216,19.216
2026-08-16 12:00:00,SHIFT_A,1,29.23,28.61,0.452,0.548,5.684,2.893,2.736,1.141,5.253,4.102,1.011,3,21.81,0,0.0,5.684,0.5266,23.197,19.197
2026-08-16 12:15:00,SHIFT_A,1,29.25,26.85,0.452,0.548,5.855,2.267,3.039,0.891,4.829,3.895,0.847,3,21.49,0,0.0,5.855,0.4932,23.44,19.44
2026-08-16 12:30:00,SHIFT_A,1,29.26,31.83,0.452,0.548,5.663,2.794,2.901,1.12,5.416,4.658,0.982,2,27.06,0,0.0,5.663,0.8674,23.088,19.088
2026-08-16 12:45:00,SHIFT_A,1,29.27,30.19,0.452,0.548,5.42,2.551,2.716,1.135,4.76,4.25,1.008,3,26.79,0,0.0,5.42,0.4867,22.779,18.779
2026-08-16 13:00:00,SHIFT_A,1,29.27,28.04,0.45,0.55,6.265,2.121,2.794,1.053,5.036,4.462,0.995,3,26.61,0,0.0,6.265,0.5823,23.107,19.107
2026-08-16 13:15:00,SHIFT_A,1,29.27,30.21,0.45,0.55,5.174,2.401,3.012,1.075,4.983,3.816,0.894,3,26.3,0,0.0,5.174,0.4486,22.673,18.673
2026-08-16 13:30:00,SHIFT_A,1,29.26,29.33,0.45,0.55,5.79,2.296,2.938,1.23,5.296,4.291,1.014,2,30.58,0,0.0,5.79,0.861,22.635,18.635
2026-08-16 13:45:00,SHIFT_A,1,29.25,30.8,0.45,0.55,5.215,2.025,3.05,1.216,5.187,4.265,0.934,3,30.23,0,0.0,5.215,0.4872,22.163,18.163
2026-08-16 14:00:00,SHIFT_B,1,30.95,32.05,0.447,0.553,5.609,2.161,3.044,1.108,5.109,4.638,1.005,3,29.87,0,0.0,5.609,0.5356,21.763,17.763
2026-08-16 14:15:00,SHIFT_B,1,30.92,29.76,0.447,0.553,5.909,2.516,3.113,1.06,5.351,3.917,0.873,3,29.46,0,0.0,5.909,0.5329,21.741,17.741
2026-08-16 14:30:00,SHIFT_B,1,30.88,27.75,0.447,0.553,6.008,2.444,3.042,1.106,5.177,4.428,0.907,3,29.14,0,0.0,6.008,0.562,21.97,17.97
2026-08-16 14:45:00,SHIFT_B,1,30.84,30.15,0.447,0.553,6.307,2.503,2.821,1.106,5.403,4.67,0.977,3,28.88,0,0.0,6.307,0.6173,22.108,18.108
2026-08-16 15:00:00,SHIFT_B,1,30.8,30.05,0.445,0.555,5.658,2.378,3.003,1.004,5.338,4.48,0.882,3,28.61,0,0.0,5.658,0.5332,21.932,17.932
2026-08-16 15:15:00,SHIFT_B,1,30.75,29.7,0.445,0.555,6.235,2.592,2.808,1.154,5.153,4.228,1.002,3,28.12,0,0.0,6.235,0.5791,22.079,18.079
2026-08-16 15:30:00,SHIFT_B,1,30.69,27.38,0.445,0.555,6.533,2.288,3.012,1.032,7.343,5.559,1.022,3,28.05,0,0.0,6.533,0.8025,22.608,18.608
2026-08-16 15:45:00,SHIFT_B,1,30.63,29.76,0.445,0.555,5.545,1.973,3.199,1.084,7.069,6.259,0.943,3,27.82,0,0.0,5.545,0.6855,22.404,18.404
2026-08-16 16:00:00,SHIFT_B,1,30.56,32.88,0.442,0.558,5.679,2.352,3.079,0.987,6.639,6.268,0.975,3,27.3,0,0.0,5.679,0.6799,21.956,17.956
2026-08-16 16:15:00,SHIFT_B,1,30.49,29.15,0.442,0.558,5.834,2.319,3.043,1.117,6.621,5.847,0.954,3,27.06,0,0.0,5.834,0.683,21.958,17.958
2026-08-16 16:30:00,SHIFT_B,1,30.42,30.13,0.442,0.558,5.399,2.613,2.999,1.111,7.086,6.381,0.883,3,26.71,0,0.0,5.399,0.6721,21.644,17.644
2026-08-16 16:45:00,SHIFT_B,1,30.34,30.32,0.442,0.558,5.496,2.1,3.032,1.001,5.49,4.484,0.972,3,26.54,0,0.0,5.496,0.5287,21.36,17.36
2026-08-16 17:00:00,SHIFT_B,1,30.26,32.84,0.44,0.56,6.641,2.379,3.04,1.281,5.572,4.818,0.889,3,26.36,0,0.0,6.641,0.6716,21.397,17.397
2026-08-16 17:15:00,SHIFT_B,1,30.17,28.38,0.44,0.56,5.975,2.491,3.0,1.212,4.755,4.001,0.967,3,26.1,0,0.0,5.975,0.526,21.546,17.546
2026-08-16 17:30:00,SHIFT_B,1,30.08,30.69,0.44,0.56,5.629,2.487,2.229,1.129,5.809,4.069,0.999,3,25.8,0,0.0,5.629,0.5442,21.292,17.292
2026-08-16 17:45:00,SHIFT_B,1,29.99,28.96,0.44,0.56,5.458,2.593,3.047,1.035,5.39,4.216,1.003,3,25.7,0,0.0,5.458,0.5117,21.125,17.125
2026-08-16 18:00:00,SHIFT_B,1,29.9,30.62,0.438,0.562,5.73,2.01,3.292,0.946,5.344,4.129,0.977,3,25.17,0,0.0,5.73,0.5257,20.928,16.928
2026-08-16 18:15:00,SHIFT_B,1,29.81,28.08,0.438,0.562,5.801,2.669,3.071,1.164,5.24,4.652,0.964,3,24.85,0,0.0,5.801,0.5614,21.02,17.02
2026-08-16 18:30:00,SHIFT_B,1,29.71,29.58,0.438,0.562,5.698,2.386,3.361,1.227,5.339,3.848,1.067,3,24.47,0,0.0,5.698,0.5267,20.911,16.911
2026-08-16 18:45:00,SHIFT_B,1,29.62,28.32,0.438,0.562,5.539,2.393,2.855,1.171,5.216,3.785,0.869,3,24.09,0,0.0,5.539,0.4925,20.848,16.848
2026-08-16 19:00:00,SHIFT_B,1,25.98,26.15,0.436,0.564,5.3,2.288,3.047,1.09,5.577,4.49,0.772,3,23.71,0,0.0,5.3,0.509,20.883,16.883
2026-08-16 19:15:00,SHIFT_B,1,25.89,25.18,0.436,0.564,4.885,2.555,2.881,1.04,5.036,3.943,0.898,3,23.34,0,0.0,4.885,0.4294,20.808,16.808
2026-08-16 19:30:00,SHIFT_B,1,29.33,26.26,0.436,0.564,5.248,2.039,2.811,1.193,5.151,4.045,1.115,3,23.01,0,0.0,5.248,0.4861,20.805,16.805
2026-08-16 19:45:00,SHIFT_B,1,29.23,28.62,0.436,0.564,6.386,2.633,2.971,1.126,5.271,3.978,0.905,3,22.79,0,0.0,6.386,0.5799,21.136,17.136
2026-08-16 20:00:00,SHIFT_B,1,29.14,29.64,0.435,0.565,5.973,2.597,2.72,1.074,5.367,4.413,0.949,3,22.57,0,0.0,5.973,0.5677,21.159,17.159
2026-08-16 20:15:00,SHIFT_B,1,29.05,30.14,0.435,0.565,5.627,2.572,2.868,0.99,4.748,4.046,0.833,2,28.06,0,0.0,5.627,0.722,20.958,16.958
2026-08-16 20:30:00,SHIFT_B,1,28.96,29.03,0.435,0.565,5.479,2.691,2.939,1.24,5.493,3.992,1.067,3,27.67,0,0.0,5.479,0.5202,20.795,16.795
2026-08-16 20:45:00,SHIFT_B,1,28.87,28.53,0.435,0.565,6.378,2.774,3.189,1.157,5.125,4.41,1.014,3,27.48,0,0.0,6.378,0.6012,21.131,17.131
2026-08-16 21:00:00,SHIFT_B,1,28.78,30.27,0.434,0.566,5.974,2.938,3.123,1.152,5.156,4.149,0.962,3,27.16,0,0.0,5.974,0.5493,21.091,17.091
2026-08-16 21:15:00,SHIFT_B,1,28.7,29.29,0.434,0.566,5.456,2.646,3.011,1.181,4.771,4.165,0.92,3,26.87,0,0.0,5.456,0.4848,20.891,16.891
2026-08-16 21:30:00,SHIFT_B,1,28.62,29.38,0.434,0.566,6.345,2.534,2.867,1.104,4.763,4.364,0.921,3,26.6,0,0.0,6.345,0.5698,21.125,17.125
2026-08-16 21:45:00,SHIFT_B,1,28.55,28.81,0.434,0.566,6.029,2.953,3.016,1.007,4.985,4.248,1.034,3,26.25,0,0.0,6.029,0.5473,21.258,17.258
2026-08-16 22:00:00,SHIFT_C,1,22.15,22.21,0.433,0.567,4.358,2.277,3.292,1.093,5.341,4.37,0.799,3,25.91,0,0.0,4.358,0.4071,21.216,17.216
2026-08-16 22:15:00,SHIFT_C,1,22.1,21.83,0.433,0.567,4.102,1.64,2.703,1.019,5.368,4.366,0.866,3,25.56,0,0.0,4.102,0.3837,21.085,17.085
2026-08-16 22:30:00,SHIFT_C,1,22.05,23.14,0.433,0.567,4.489,1.983,2.649,1.195,5.631,4.407,0.999,3,25.37,0,0.0,4.489,0.442,21.015,17.015
2026-08-16 22:45:00,SHIFT_C,1,22.01,23.02,0.433,0.567,3.954,2.181,3.098,1.138,5.205,3.991,0.791,3,24.98,0,0.0,3.954,0.3541,20.689,16.689
2026-08-16 23:00:00,SHIFT_C,1,21.97,20.65,0.432,0.568,4.006,1.769,3.051,1.25,5.097,3.759,0.881,3,24.64,0,0.0,4.006,0.3544,20.627,16.627
2026-08-16 23:15:00,SHIFT_C,1,21.93,20.6,0.432,0.568,4.018,2.214,3.321,1.361,5.181,4.446,0.975,3,24.21,0,0.0,4.018,0.387,20.576,16.576
2026-08-16 23:30:00,SHIFT_C,1,21.9,21.97,0.432,0.568,4.63,2.423,2.884,1.251,5.206,4.514,1.123,3,23.84,0,0.0,4.63,0.4508,20.693,16.693
2026-08-16 23:45:00,SHIFT_C,1,21.87,22.18,0.432,0.568,3.44,2.329,3.061,1.185,5.529,4.544,0.989,3,23.48,0,0.0,3.44,0.3392,20.195,16.195
2026-08-17 00:00:00,SHIFT_C,0,26.65,26.5,0.433,0.567,5.01,2.643,2.996,1.229,4.709,4.347,1.003,3,23.03,0,0.0,5.01,0.4553,20.05,16.05
2026-08-17 00:15:00,SHIFT_C,0,26.63,26.53,0.433,0.567,5.536,2.376,2.76,1.107,5.533,4.277,1.029,2,28.06,0,0.0,5.536,0.8225,20.166,16.166
2026-08-17 00:30:00,SHIFT_C,0,26.61,27.81,0.433,0.567,5.339,2.751,3.159,1.062,5.03,4.027,0.848,3,27.8,0,0.0,5.339,0.4714,20.055,16.055
2026-08-17 00:45:00,SHIFT_C,0,26.6,27.38,0.433,0.567,5.115,2.277,3.316,1.267,5.243,4.547,1.015,3,27.64,0,0.0,5.115,0.4972,19.874,15.874
2026-08-17 01:00:00,SHIFT_C,0,26.6,27.21,0.432,0.568,5.38,2.561,3.089,1.349,5.714,4.299,0.9,3,27.2,0,0.0,5.38,0.5312,19.843,15.843
2026-08-17 01:15:00,SHIFT_C,0,26.6,29.23,0.432,0.568,5.132,2.641,3.266,1.079,4.658,4.281,0.97,3,27.02,0,0.0,5.132,0.454,19.486,15.486
2026-08-17 01:30:00,SHIFT_C,0,26.61,24.8,0.432,0.568,5.874,2.754,3.05,1.14,5.238,3.943,0.867,3,26.79,0,0.0,5.874,0.5292,19.943,15.943
2026-08-17 01:45:00,SHIFT_C,0,26.63,28.51,0.432,0.568,4.918,2.26,2.776,1.263,4.672,4.054,0.948,3,26.47,0,0.0,4.918,0.4331,19.551,15.551
2026-08-17 02:00:00,SHIFT_C,0,26.65,25.36,0.431,0.569,5.317,2.137,2.749,1.077,4.959,4.236,1.072,3,26.31,0,0.0,5.317,0.4856,19.674,15.674
2026-08-17 02:15:00,SHIFT_C,0,26.67,28.55,0.431,0.569,5.775,2.953,2.891,1.158,5.494,4.034,1.039,3,26.11,0,0.0,5.775,0.5452,19.707,15.707
2026-08-17 02:30:00,SHIFT_C,0,26.71,27.35,0.431,0.569,4.466,2.605,2.728,1.018,5.342,4.151,0.897,3,25.56,0,0.0,4.466,0.4102,19.205,15.205
2026-08-17 02:45:00,SHIFT_C,0,26.74,26.4,0.431,0.569,5.88,2.526,3.02,1.204,5.437,4.267,0.844,2,30.8,0,0.0,5.88,0.8713,19.505,15.505
2026-08-17 03:00:00,SHIFT_C,0,26.79,26.93,0.431,0.569,5.328,2.607,2.88,1.337,4.743,4.352,0.873,3,30.49,0,0.0,5.328,0.485,19.477,15.477
2026-08-17 03:15:00,SHIFT_C,0,26.84,25.16,0.431,0.569,5.645,2.544,2.903,1.185,5.032,4.606,1.006,3,30.37,0,0.0,5.645,0.5376,19.783,15.783
2026-08-17 03:30:00,SHIFT_C,0,26.89,28.06,0.431,0.569,5.313,2.693,3.451,1.131,4.759,4.388,0.871,3,30.14,0,0.0,5.313,0.4769,19.633,15.633
2026-08-17 03:45:00,SHIFT_C,0,26.95,26.21,0.431,0.569,4.938,2.747,2.766,1.016,5.135,4.268,0.972,3,29.75,0,0.0,4.938,0.4528,19.481,15.481
2026-08-17 04:00:00,SHIFT_C,0,27.01,26.5,0.43,0.57,5.077,2.27,2.808,1.111,4.982,4.055,0.996,3,29.42,0,0.0,5.077,0.4556,19.37,15.37
2026-08-17 04:15:00,SHIFT_C,0,27.08,28.81,0.43,0.57,5.445,2.258,2.949,1.107,5.197,3.702,0.879,3,29.16,0,0.0,5.445,0.4772,19.211,15.211
2026-08-17 04:30:00,SHIFT_C,0,27.15,29.43,0.43,0.57,5.451,2.702,2.707,1.249,5.631,3.963,1.029,3,28.79,0,0.0,5.451,0.5211,18.993,14.993
2026-08-17 04:45:00,SHIFT_C,0,27.22,28.23,0.43,0.57,4.945,3.009,2.69,0.887,4.961,4.158,0.799,3,28.42,0,0.0,4.945,0.4302,18.643,14.643
2026-08-17 05:00:00,SHIFT_C,0,27.3,24.03,0.43,0.57,5.001,2.619,2.994,1.214,5.276,4.153,1.07,3,27.94,0,0.0,5.001,0.4716,18.74,14.74
2026-08-17 05:15:00,SHIFT_C,0,27.38,26.37,0.43,0.57,5.458,2.653,2.695,1.024,5.022,4.403,0.802,3,27.66,0,0.0,5.458,0.4944,18.831,14.831
2026-08-17 05:30:00,SHIFT_C,0,27.46,27.54,0.43,0.57,5.698,2.587,3.221,1.188,5.096,4.438,0.955,3,27.38,0,0.0,5.698,0.5357,18.926,14.926
2026-08-17 05:45:00,SHIFT_C,0,27.55,28.02,0.43,0.57,5.501,2.678,2.846,1.242,5.375,4.413,0.955,3,27.19,0,0.0,5.501,0.5308,18.875,14.875
2026-08-17 06:00:00,SHIFT_A,0,33.56,34.11,0.43,0.57,6.535,3.387,3.284,1.142,5.101,4.377,1.08,3,26.93,0,0.0,6.535,0.6155,18.731,14.731
2026-08-17 06:15:00,SHIFT_A,0,33.67,33.51,0.43,0.57,6.604,3.424,2.827,1.052,5.209,4.275,0.928,3,26.51,0,0.0,6.604,0.6096,18.682,14.682
2026-08-17 06:30:00,SHIFT_A,0,33.78,33.58,0.43,0.57,6.778,3.516,3.145,1.206,5.061,4.273,1.058,3,26.21,0,0.0,6.778,0.6329,18.712,14.712
2026-08-17 06:45:00,SHIFT_A,0,33.89,32.49,0.43,0.57,6.368,3.452,3.192,1.138,4.971,4.236,1.021,3,25.85,0,0.0,6.368,0.5828,18.647,14.647
2026-08-17 07:00:00,SHIFT_A,0,34.0,33.99,0.43,0.57,6.662,2.913,2.882,1.261,5.576,4.003,1.0,3,25.6,0,0.0,6.662,0.6351,18.579,14.579
2026-08-17 07:15:00,SHIFT_A,0,34.11,32.67,0.43,0.57,7.069,3.442,2.949,1.087,5.361,4.407,1.027,3,25.28,0,0.0,7.069,0.6763,18.846,14.846
2026-08-17 07:30:00,SHIFT_A,0,34.22,34.58,0.43,0.57,6.805,3.167,2.798,1.27,5.099,4.287,0.87,3,25.0,0,0.0,6.805,0.6316,18.791,14.791
2026-08-17 07:45:00,SHIFT_A,0,34.33,32.29,0.43,0.57,6.425,3.281,3.199,1.188,5.471,4.383,0.904,3,24.86,0,0.0,6.425,0.618,18.775,14.775
2026-08-17 08:00:00,SHIFT_A,0,34.44,34.41,0.431,0.569,7.062,2.945,2.705,1.115,5.569,4.636,1.095,3,24.4,0,0.0,7.062,0.7059,18.865,14.865
2026-08-17 08:15:00,SHIFT_A,0,34.55,32.46,0.431,0.569,7.017,3.194,2.662,1.08,4.917,4.023,0.923,3,24.14,0,0.0,7.017,0.6182,19.128,15.128
2026-08-17 08:30:00,SHIFT_A,0,34.65,33.14,0.431,0.569,7.155,2.777,2.873,1.167,5.306,4.42,1.015,3,24.0,0,0.0,7.155,0.686,19.391,15.391
2026-08-17 08:45:00,SHIFT_A,0,34.75,33.22,0.431,0.569,6.641,3.349,3.154,1.246,5.332,4.018,0.992,3,23.6,0,0.0,6.641,0.6196,19.39,15.39
2026-08-17 09:00:00,SHIFT_A,0,34.85,33.63,0.431,0.569,6.869,3.192,2.914,1.132,5.043,4.21,0.879,3,23.29,0,0.0,6.869,0.623,19.461,15.461
2026-08-17 09:15:00,SHIFT_A,0,34.94,36.23,0.431,0.569,6.81,2.883,2.79,1.123,4.808,4.4,1.189,3,22.99,0,0.0,6.81,0.6316,19.243,15.243
2026-08-17 09:30:00,SHIFT_A,0,35.03,35.67,0.431,0.569,6.865,2.781,3.048,1.228,5.059,3.978,0.965,3,22.64,0,0.0,6.865,0.6208,19.109,15.109
2026-08-17 09:45:00,SHIFT_A,0,35.12,35.82,0.431,0.569,6.952,3.116,3.233,0.984,5.46,4.598,0.92,3,22.46,0,0.0,6.952,0.6696,19.002,15.002
2026-08-17 10:00:00,SHIFT_A,0,35.2,33.94,0.432,0.568,7.045,3.012,3.027,1.126,4.425,4.604,0.967,3,22.13,0,0.0,7.045,0.6309,19.131,15.131
2026-08-17 10:15:00,SHIFT_A,0,35.28,36.74,0.432,0.568,7.14,2.819,2.777,1.125,5.101,3.907,1.045,3,21.74,0,0.0,7.14,0.6426,19.027,15.027
2026-08-17 10:30:00,SHIFT_A,0,35.35,34.93,0.432,0.568,6.8,3.271,2.694,1.184,5.382,3.947,0.988,3,21.66,0,0.0,6.8,0.6297,18.934,14.934
2026-08-17 10:45:00,SHIFT_A,0,35.41,34.9,0.432,0.568,6.723,2.925,3.043,1.049,5.381,3.996,0.84,3,21.26,0,0.0,6.723,0.6097,18.805,14.805
2026-08-17 11:00:00,SHIFT_A,0,35.47,37.11,0.433,0.567,7.97,2.947,3.086,1.189,4.914,4.047,0.998,3,20.85,0,0.0,7.97,0.7154,19.079,15.079
2026-08-17 11:15:00,SHIFT_A,0,35.52,35.78,0.433,0.567,6.636,3.23,2.648,1.286,5.245,4.439,0.935,3,20.47,0,0.0,6.636,0.6361,18.819,14.819
2026-08-17 11:30:00,SHIFT_A,0,31.3,32.58,0.433,0.567,6.161,2.504,2.867,1.116,4.685,4.062,0.998,2,24.83,0,0.0,6.161,0.8378,18.642,14.642
2026-08-17 11:45:00,SHIFT_A,0,31.34,31.12,0.433,0.567,5.668,3.268,3.423,1.103,5.487,3.688,0.895,3,24.53,0,0.0,5.668,0.5099,18.363,14.363
2026-08-17 12:00:00,SHIFT_A,0,35.64,34.57,0.435,0.565,7.239,3.018,2.942,1.236,5.395,4.181,0.991,3,24.32,0,0.0,7.239,0.6879,18.526,14.526
2026-08-17 12:15:00,SHIFT_A,0,35.67,33.8,0.435,0.565,7.17,2.566,3.128,1.211,5.047,4.227,0.918,3,23.95,0,0.0,7.17,0.6582,18.731,14.731
2026-08-17 12:30:00,SHIFT_A,0,35.69,35.79,0.435,0.565,7.483,2.717,2.974,1.182,4.891,4.011,0.986,3,23.78,0,0.0,7.483,0.6669,18.894,14.894
2026-08-17 12:45:00,SHIFT_A,0,35.7,34.19,0.435,0.565,7.539,2.85,3.124,1.37,5.199,4.325,1.013,3,23.57,0,0.0,7.539,0.7235,19.244,15.244
2026-08-17 13:00:00,SHIFT_A,0,35.7,35.69,0.436,0.564,6.616,2.967,2.868,1.068,4.862,4.228,1.06,3,23.1,0,0.0,6.616,0.5976,18.983,14.983
2026-08-17 13:15:00,SHIFT_A,0,35.7,35.23,0.436,0.564,6.739,2.418,3.369,1.088,5.173,4.187,0.999,3,22.8,0,0.0,6.739,0.6211,18.83,14.83
2026-08-17 13:30:00,SHIFT_A,0,35.69,33.74,0.436,0.564,7.039,3.257,2.793,1.247,5.191,4.307,1.051,3,22.69,0,0.0,7.039,0.6685,18.976,14.976
2026-08-17 13:45:00,SHIFT_A,0,35.67,37.52,0.436,0.564,7.478,2.646,2.963,1.15,4.959,4.319,0.893,3,22.32,0,0.0,7.478,0.6816,18.963,14.963
2026-08-17 14:00:00,SHIFT_B,0,37.74,36.83,0.438,0.562,7.291,2.918,3.534,1.183,5.294,4.03,0.992,3,21.94,0,0.0,7.291,0.675,18.925,14.925
2026-08-17 14:15:00,SHIFT_B,0,37.7,37.79,0.438,0.562,7.827,2.612,2.544,1.108,5.004,4.056,0.993,2,26.79,0,0.0,6.536,1.1976,18.414,14.414
2026-08-17 14:30:00,SHIFT_B,0,37.66,36.32,0.438,0.562,7.761,2.525,2.896,1.091,5.22,4.244,0.93,3,26.43,1.291,1.873,9.052,0.8755,19.308,15.308
2026-08-17 14:45:00,SHIFT_B,0,37.61,37.06,0.438,0.562,7.79,2.97,2.955,1.24,5.262,4.289,0.998,3,26.18,0,0.0,7.79,0.7449,19.497,15.497
2026-08-17 15:00:00,SHIFT_B,0,37.56,37.63,0.44,0.56,7.746,2.833,3.065,1.031,5.129,4.244,0.93,3,26.02,0,0.0,7.746,0.7069,19.607,15.607
2026-08-17 15:15:00,SHIFT_B,0,37.5,36.47,0.44,0.56,7.645,2.612,3.034,1.145,4.798,4.287,0.924,3,25.74,0,0.0,7.645,0.6865,19.783,15.783
2026-08-17 15:30:00,SHIFT_B,0,37.43,39.33,0.44,0.56,7.836,2.524,3.018,1.221,4.935,4.078,1.005,3,25.56,0,0.0,7.836,0.7091,19.767,15.767
2026-08-17 15:45:00,SHIFT_B,0,37.35,39.32,0.44,0.56,7.329,2.819,2.702,1.248,5.329,4.51,1.059,3,25.36,0,0.0,7.329,0.7167,19.499,15.499
2026-08-17 16:00:00,SHIFT_B,0,37.27,38.76,0.442,0.558,7.562,2.471,3.266,1.133,4.59,4.245,1.026,3,25.06,0,0.0,7.562,0.6694,19.404,15.404
2026-08-17 16:15:00,SHIFT_B,0,37.19,38.0,0.442,0.558,7.11,2.51,3.015,1.172,5.483,4.185,0.934,2,29.96,0,0.0,6.329,1.1234,18.768,14.768
2026-08-17 16:30:00,SHIFT_B,0,37.1,34.9,0.442,0.558,7.159,2.756,3.102,1.09,4.82,4.461,1.06,3,29.66,0.781,1.083,7.94,0.7339,19.249,15.249
2026-08-17 16:45:00,SHIFT_B,0,37.0,35.13,0.442,0.558,8.074,2.612,2.953,1.077,5.014,3.698,1.031,3,29.3,0,0.0,8.074,0.7035,19.773,15.773
2026-08-17 17:00:00,SHIFT_B,0,36.9,35.47,0.444,0.556,7.706,3.093,2.807,1.025,5.331,4.142,0.829,3,28.87,0,0.0,7.706,0.7028,20.079,16.079
2026-08-17 17:15:00,SHIFT_B,0,36.8,35.73,0.444,0.556,7.283,2.773,3.478,0.913,5.42,4.284,0.853,3,28.49,0,0.0,7.283,0.6725,20.147,16.147
2026-08-17 17:30:00,SHIFT_B,0,36.69,35.41,0.444,0.556,7.618,2.544,2.872,1.214,5.227,4.22,0.853,3,28.09,0,0.0,7.618,0.7062,20.415,16.415
2026-08-17 17:45:00,SHIFT_B,0,36.58,35.25,0.444,0.556,6.878,2.836,3.146,1.317,5.147,4.257,0.901,3,27.94,0,0.0,6.878,0.6436,20.329,16.329
2026-08-17 18:00:00,SHIFT_B,0,36.47,35.94,0.446,0.554,7.618,2.856,2.889,1.205,5.471,4.129,1.029,3,27.75,0,0.0,7.618,0.7274,20.544,16.544
2026-08-17 18:15:00,SHIFT_B,0,36.35,35.69,0.446,0.554,7.86,3.277,3.168,1.331,5.156,4.35,0.956,3,27.32,0,0.0,7.86,0.7539,20.905,16.905
2026-08-17 18:30:00,SHIFT_B,0,36.23,36.3,0.446,0.554,6.544,2.317,2.953,1.088,5.034,4.386,0.97,3,27.0,0,0.0,6.544,0.6048,20.546,16.546
2026-08-17 18:45:00,SHIFT_B,0,36.12,35.75,0.446,0.554,8.129,2.997,2.99,1.135,5.667,4.065,0.887,3,26.62,0,0.0,8.129,0.7839,21.036,17.036
2026-08-17 19:00:00,SHIFT_B,0,31.68,33.73,0.449,0.551,5.409,2.86,3.119,1.163,5.094,4.146,0.852,3,26.33,0,0.0,5.409,0.4901,20.367,16.367
2026-08-17 19:15:00,SHIFT_B,0,31.58,33.49,0.449,0.551,6.095,2.735,2.684,1.409,5.535,3.717,0.855,3,25.97,0,0.0,6.095,0.5651,20.065,16.065
2026-08-17 19:30:00,SHIFT_B,0,35.77,33.9,0.449,0.551,7.224,2.535,3.077,1.211,4.844,4.626,0.949,3,25.66,0,0.0,7.224,0.6764,20.288,16.288
2026-08-17 19:45:00,SHIFT_B,0,35.65,36.76,0.449,0.551,7.528,2.834,3.096,1.051,5.267,4.367,1.025,3,25.37,0,0.0,7.528,0.7098,20.376,16.376
2026-08-17 20:00:00,SHIFT_B,0,35.53,32.76,0.452,0.548,7.186,2.881,3.162,1.244,5.497,4.272,0.981,3,25.0,0,0.0,7.186,0.694,20.692,16.692
2026-08-17 20:15:00,SHIFT_B,0,35.42,35.18,0.452,0.548,7.33,3.249,3.231,1.018,4.619,4.551,1.001,3,24.89,0,0.0,7.33,0.6604,20.84,16.84
2026-08-17 20:30:00,SHIFT_B,0,35.31,34.36,0.452,0.548,7.386,2.993,2.852,1.393,5.368,4.227,1.039,3,24.46,0,0.0,7.386,0.7152,21.097,17.097
2026-08-17 20:45:00,SHIFT_B,0,35.2,34.55,0.452,0.548,6.584,3.094,2.86,1.284,5.035,4.209,0.965,3,24.09,0,0.0,6.584,0.6093,20.934,16.934
2026-08-17 21:00:00,SHIFT_B,0,35.1,33.3,0.455,0.545,7.511,3.062,3.635,1.078,5.243,4.229,0.936,3,23.74,0,0.0,7.511,0.6946,21.359,17.359
2026-08-17 21:15:00,SHIFT_B,0,35.0,36.45,0.455,0.545,6.524,3.413,3.12,1.008,5.243,4.076,0.959,3,23.3,0,0.0,6.524,0.5929,20.977,16.977
2026-08-17 21:30:00,SHIFT_B,0,34.9,32.25,0.455,0.545,7.359,3.056,2.958,0.849,5.367,4.27,0.947,3,22.93,0,0.0,7.359,0.6774,21.431,17.431
2026-08-17 21:45:00,SHIFT_B,0,34.81,35.7,0.455,0.545,7.408,3.149,2.821,1.395,4.859,4.156,0.882,3,22.5,0,0.0,7.408,0.6735,21.565,17.565
2026-08-17 22:00:00,SHIFT_C,0,27.01,29.06,0.458,0.542,5.606,2.478,3.327,1.182,5.431,4.002,0.87,2,26.74,0,0.0,5.606,0.7952,21.462,17.462
2026-08-17 22:15:00,SHIFT_C,0,26.95,26.19,0.458,0.542,5.537,2.356,3.276,1.002,5.477,4.209,1.042,3,26.5,0,0.0,5.537,0.523,21.612,17.612
2026-08-17 22:30:00,SHIFT_C,0,26.89,25.66,0.458,0.542,5.087,2.077,2.724,1.172,5.098,4.466,0.921,3,26.2,0,0.0,5.087,0.4775,21.589,17.589
2026-08-17 22:45:00,SHIFT_C,0,26.84,25.15,0.458,0.542,5.744,2.249,2.995,1.144,5.224,4.218,1.009,3,25.75,0,0.0,5.744,0.5362,21.946,17.946
2026-08-17 23:00:00,SHIFT_C,0,26.79,25.44,0.461,0.539,5.078,2.395,2.72,1.08,4.981,4.464,0.957,3,25.57,0,0.0,5.078,0.4694,21.941,17.941
2026-08-17 23:15:00,SHIFT_C,0,26.74,26.55,0.461,0.539,5.311,2.386,2.872,1.121,5.404,4.043,0.917,3,25.3,0,0.0,5.311,0.4912,21.941,17.941
2026-08-17 23:30:00,SHIFT_C,0,26.71,26.0,0.461,0.539,5.794,2.762,2.656,1.193,5.815,4.329,0.951,3,25.04,0,0.0,5.794,0.5732,22.238,18.238
2026-08-17 23:45:00,SHIFT_C,0,26.67,26.63,0.461,0.539,5.902,2.654,2.99,1.406,5.133,3.864,0.915,3,24.84,0,0.0,5.902,0.5379,22.526,18.526
2026-08-18 00:00:00,SHIFT_C,0,26.65,26.28,0.456,0.544,5.286,2.142,2.876,1.183,5.527,4.372,1.05,3,24.29,0,0.0,5.286,0.5163,22.541,18.541
2026-08-18 00:15:00,SHIFT_C,0,26.63,26.23,0.456,0.544,5.782,2.619,3.09,1.184,4.888,4.309,0.934,3,24.01,0,0.0,5.782,0.5268,22.809,18.809
2026-08-18 00:30:00,SHIFT_C,0,26.61,25.96,0.456,0.544,5.619,2.361,3.132,1.149,5.708,4.376,0.889,3,23.64,0,0.0,5.619,0.5484,23.023,19.023
2026-08-18 00:45:00,SHIFT_C,0,26.6,27.47,0.456,0.544,5.534,2.834,2.843,1.212,5.203,4.321,1.034,3,23.37,0,0.0,5.534,0.5244,23.043,19.043
2026-08-18 01:00:00,SHIFT_C,0,26.6,27.38,0.459,0.541,5.602,2.609,3.067,1.175,5.178,4.327,0.855,3,23.04,0,0.0,5.602,0.5203,23.105,19.105
2026-08-18 01:15:00,SHIFT_C,0,26.6,25.52,0.459,0.541,5.088,2.546,3.318,1.179,4.887,4.305,0.976,3,22.79,0,0.0,5.088,0.4648,23.098,19.098
2026-08-18 01:30:00,SHIFT_C,0,26.61,27.1,0.459,0.541,4.834,2.313,2.958,1.19,4.97,4.184,0.978,3,22.66,0,0.0,4.834,0.4407,22.805,18.805
2026-08-18 01:45:00,SHIFT_C,0,26.63,27.33,0.459,0.541,5.867,2.608,3.504,1.122,4.789,4.462,0.814,3,22.45,0,0.0,5.867,0.5284,23.005,19.005
2026-08-18 02:00:00,SHIFT_C,0,26.65,28.89,0.463,0.537,5.227,2.525,3.325,1.089,4.989,4.663,0.881,3,22.26,0,0.0,5.227,0.4891,22.729,18.729
2026-08-18 02:15:00,SHIFT_C,0,26.67,26.52,0.463,0.537,4.99,2.176,3.078,0.976,5.293,4.685,0.871,3,21.9,0,0.0,4.99,0.4751,22.572,18.572
2026-08-18 02:30:00,SHIFT_C,0,26.71,24.43,0.463,0.537,5.254,2.515,2.862,1.306,4.922,3.865,0.985,2,26.98,0,0.0,5.254,0.7029,22.756,18.756
2026-08-18 02:45:00,SHIFT_C,0,26.74,27.23,0.463,0.537,5.392,2.841,2.614,0.951,5.579,4.288,1.188,3,26.72,0,0.0,5.392,0.5213,22.729,18.729
2026-08-18 03:00:00,SHIFT_C,0,26.79,24.62,0.466,0.534,5.274,2.769,2.528,1.382,4.742,4.404,0.972,3,26.36,0,0.0,5.274,0.4883,22.903,18.903
2026-08-18 03:15:00,SHIFT_C,0,26.84,27.52,0.466,0.534,5.437,2.204,3.116,1.159,5.364,4.497,0.981,3,26.05,0,0.0,5.437,0.5254,22.87,18.87
2026-08-18 03:30:00,SHIFT_C,0,26.89,25.17,0.466,0.534,5.513,2.761,3.226,1.219,5.777,4.457,1.013,3,25.61,0,0.0,5.513,0.5534,23.11,19.11
2026-08-18 03:45:00,SHIFT_C,0,26.95,25.6,0.466,0.534,5.889,2.976,3.1,1.131,5.145,4.643,0.842,3,25.42,0,0.0,5.889,0.5577,23.494,19.494
2026-08-18 04:00:00,SHIFT_C,0,27.01,27.46,0.47,0.53,5.935,2.669,3.109,1.107,5.13,4.564,1.05,3,25.1,0,0.0,5.935,0.5663,23.716,19.716
2026-08-18 04:15:00,SHIFT_C,0,27.08,25.1,0.47,0.53,5.005,2.248,3.304,0.995,5.157,4.222,0.995,3,24.71,0,0.0,5.005,0.4582,23.709,19.709
2026-08-18 04:30:00,SHIFT_C,0,27.15,25.63,0.47,0.53,5.449,2.373,2.858,1.127,5.232,4.163,0.867,3,24.48,0,0.0,5.449,0.4996,23.869,19.869
2026-08-18 04:45:00,SHIFT_C,0,27.22,28.97,0.47,0.53,5.534,2.744,3.513,1.286,5.098,4.523,0.821,3,24.17,0,0.0,5.534,0.5226,23.739,19.739
2026-08-18 05:00:00,SHIFT_C,0,27.3,27.37,0.474,0.526,5.169,2.799,3.279,1.198,4.999,4.583,1.037,3,24.01,0,0.0,5.169,0.4918,23.587,19.587
2026-08-18 05:15:00,SHIFT_C,0,27.38,26.8,0.474,0.526,5.957,2.442,2.829,1.051,4.879,3.84,0.991,3,23.66,0,0.0,5.957,0.516,23.885,19.885
2026-08-18 05:30:00,SHIFT_C,0,27.46,28.92,0.474,0.526,5.843,2.484,2.886,1.212,5.515,4.241,0.999,2,28.99,0,0.0,5.843,0.8841,23.914,19.914
2026-08-18 05:45:00,SHIFT_C,0,27.55,25.67,0.474,0.526,5.901,2.628,2.935,1.174,5.464,4.112,1.039,3,28.79,0,0.0,5.901,0.5602,24.297,20.297
2026-08-18 06:00:00,SHIFT_A,0,33.56,32.59,0.478,0.522,7.357,3.187,3.164,1.047,4.87,4.853,1.0,3,28.52,0,0.0,7.357,0.6972,24.717,20.717
2026-08-18 06:15:00,SHIFT_A,0,33.67,33.96,0.478,0.522,6.812,2.953,2.961,1.171,5.441,4.557,0.962,3,28.21,0,0.0,6.812,0.6654,24.604,20.604
2026-08-18 06:30:00,SHIFT_A,0,33.78,34.83,0.478,0.522,6.859,2.879,3.065,1.099,5.097,4.138,0.926,3,27.9,0,0.0,6.859,0.6218,24.517,20.517
2026-08-18 06:45:00,SHIFT_A,0,33.89,33.88,0.478,0.522,6.465,3.103,2.946,1.353,5.409,4.423,0.975,3,27.65,0,0.0,6.465,0.633,24.361,20.361
2026-08-18 07:00:00,SHIFT_A,0,34.0,34.58,0.482,0.518,6.142,2.992,3.459,1.067,5.829,4.382,0.937,3,27.43,0,0.0,6.142,0.6041,23.975,19.975
2026-08-18 07:15:00,SHIFT_A,0,34.11,33.42,0.482,0.518,7.25,3.188,2.896,1.166,5.279,4.042,0.973,3,27.32,0,0.0,7.25,0.669,24.257,20.257
2026-08-18 07:30:00,SHIFT_A,0,34.22,34.21,0.482,0.518,6.697,2.926,3.083,0.83,5.255,4.165,0.912,3,26.92,0,0.0,6.697,0.6019,24.185,20.185
2026-08-18 07:45:00,SHIFT_A,0,34.33,37.13,0.482,0.518,7.256,3.055,2.835,1.082,5.174,4.496,1.035,3,26.47,0,0.0,7.256,0.6886,24.1,20.1
2026-08-18 08:00:00,SHIFT_A,0,34.44,31.83,0.486,0.514,7.24,3.029,3.072,1.162,5.338,4.106,0.977,3,26.17,0,0.0,7.24,0.6752,24.537,20.537
2026-08-18 08:15:00,SHIFT_A,0,34.55,32.85,0.486,0.514,6.6,2.941,2.842,1.073,5.493,4.024,0.997,3,25.82,0,0.0,6.6,0.6157,24.552,20.552
2026-08-18 08:30:00,SHIFT_A,0,34.65,33.74,0.486,0.514,7.193,2.95,3.499,1.302,5.157,3.882,0.926,3,25.48,0,0.0,7.193,0.6525,24.626,20.626
2026-08-18 08:45:00,SHIFT_A,0,34.75,37.03,0.486,0.514,6.639,3.011,3.187,1.016,4.98,4.524,0.936,3,25.19,0,0.0,6.639,0.6124,24.243,20.243
2026-08-18 09:00:00,SHIFT_A,0,34.85,32.85,0.49,0.51,7.074,2.909,3.152,1.156,5.26,4.144,1.05,3,24.76,0,0.0,7.074,0.6612,24.495,20.495
2026-08-18 09:15:00,SHIFT_A,0,34.94,33.47,0.49,0.51,7.262,2.995,2.979,1.25,4.955,4.573,0.965,3,24.5,0,0.0,7.262,0.6866,24.653,20.653
2026-08-18 09:30:00,SHIFT_A,0,35.03,34.31,0.49,0.51,7.207,3.01,3.154,1.19,5.01,3.909,0.929,3,24.24,0,0.0,7.207,0.6406,24.569,20.569
2026-08-18 09:45:00,SHIFT_A,0,35.12,35.97,0.49,0.51,6.746,2.748,3.253,1.308,5.034,4.314,0.856,2,29.37,0,0.0,6.628,1.0178,24.287,20.287
2026-08-18 10:00:00,SHIFT_A,0,35.2,34.85,0.494,0.506,7.032,3.202,2.912,1.122,4.979,4.133,0.919,3,29.18,0.118,0.159,7.15,0.642,24.376,20.376
2026-08-18 10:15:00,SHIFT_A,0,35.28,34.77,0.494,0.506,7.494,3.214,2.919,0.868,5.293,4.489,0.97,3,29.05,0,0.0,7.494,0.7012,24.523,20.523
2026-08-18 10:30:00,SHIFT_A,0,35.35,33.3,0.494,0.506,7.503,2.878,3.024,1.096,5.473,4.619,0.941,3,28.94,0,0.0,7.503,0.7362,24.67,20.67
2026-08-18 10:45:00,SHIFT_A,0,35.41,34.88,0.494,0.506,6.945,2.872,3.279,1.062,4.738,4.28,1.024,3,28.69,0,0.0,6.945,0.621,24.512,20.512
2026-08-18 11:00:00,SHIFT_A,0,35.47,34.86,0.499,0.501,7.067,2.625,3.385,1.296,5.285,4.185,0.956,3,28.18,0,0.0,7.067,0.667,24.514,20.514
2026-08-18 11:15:00,SHIFT_A,0,35.52,35.93,0.499,0.501,6.75,2.899,2.949,1.125,5.466,4.115,0.94,3,27.83,0,0.0,6.75,0.633,24.296,20.296
2026-08-18 11:30:00,SHIFT_A,0,31.3,30.17,0.499,0.501,6.39,2.795,2.742,1.305,5.365,4.212,0.857,3,27.53,0,0.0,6.39,0.604,24.474,20.474
2026-08-18 11:45:00,SHIFT_A,0,31.34,29.78,0.499,0.501,6.413,3.304,2.993,0.934,5.664,3.747,0.886,3,27.2,0,0.0,6.413,0.5799,24.703,20.703
2026-08-18 12:00:00,SHIFT_A,0,35.64,36.19,0.504,0.496,6.911,2.796,2.888,1.017,5.553,4.554,0.913,3,26.73,0,0.0,6.911,0.6697,24.381,20.381
2026-08-18 12:15:00,SHIFT_A,0,35.67,34.67,0.504,0.496,6.85,2.818,3.007,1.307,5.014,4.291,0.858,3,26.5,0,0.0,6.85,0.6326,24.34,20.34
2026-08-18 12:30:00,SHIFT_A,0,35.69,34.53,0.504,0.496,6.759,3.024,2.72,1.137,5.486,4.289,0.963,3,26.14,0,0.0,6.759,0.6463,24.266,20.266
2026-08-18 12:45:00,SHIFT_A,0,35.7,35.71,0.504,0.496,7.064,2.878,2.978,1.179,5.45,4.711,0.981,3,25.75,0,0.0,7.064,0.7007,24.227,20.227
2026-08-18 13:00:00,SHIFT_A,0,35.7,36.11,0.508,0.492,7.328,2.798,3.238,1.257,5.291,4.349,0.888,3,25.45,0,0.0,7.328,0.6954,24.28,20.28
2026-08-18 13:15:00,SHIFT_A,0,35.7,35.35,0.508,0.492,6.844,2.722,2.598,1.12,5.354,4.045,1.045,3,25.17,0,0.0,6.844,0.6373,24.167,20.167
2026-08-18 13:30:00,SHIFT_A,0,35.69,36.81,0.508,0.492,6.776,3.139,3.234,1.008,5.221,4.354,0.869,3,24.96,0,0.0,6.776,0.6248,23.874,19.874
2026-08-18 13:45:00,SHIFT_A,0,35.67,35.22,0.508,0.492,7.439,2.745,3.001,1.138,5.602,4.106,0.916,3,24.69,0,0.0,7.439,0.7045,24.072,20.072
2026-08-18 14:00:00,SHIFT_B,0,37.74,39.61,0.513,0.487,6.889,3.02,3.36,1.051,5.163,4.241,0.916,3,24.4,0,0.0,6.889,0.6307,23.555,19.555
2026-08-18 14:15:00,SHIFT_B,0,37.7,36.54,0.513,0.487,7.257,3.041,3.188,1.208,4.856,4.366,1.009,3,24.13,0,0.0,7.257,0.6684,23.53,19.53
2026-08-18 14:30:00,SHIFT_B,0,37.66,37.77,0.513,0.487,7.246,2.873,2.675,1.217,5.152,4.384,0.834,3,23.73,0,0.0,7.246,0.676,23.376,19.376
2026-08-18 14:45:00,SHIFT_B,0,37.61,37.83,0.513,0.487,7.144,3.159,3.305,0.998,4.932,4.565,1.013,3,23.25,0,0.0,7.144,0.662,23.165,19.165
2026-08-18 15:00:00,SHIFT_B,0,37.56,35.68,0.518,0.482,7.469,2.958,3.195,0.995,5.667,4.387,0.965,2,27.82,0,0.0,6.065,1.2315,22.63,18.63
2026-08-18 15:15:00,SHIFT_B,0,37.5,36.53,0.518,0.482,7.448,2.86,2.749,1.37,5.441,4.519,0.975,3,27.54,1.404,2.206,8.852,0.9273,23.403,19.403
2026-08-18 15:30:00,SHIFT_B,0,37.43,36.19,0.518,0.482,7.554,2.974,2.992,1.19,4.541,4.281,1.02,3,27.23,0,0.0,7.554,0.6711,23.561,19.561
2026-08-18 15:45:00,SHIFT_B,0,37.35,36.29,0.518,0.482,7.168,3.144,3.15,1.172,5.061,4.29,1.053,3,26.82,0,0.0,7.168,0.6681,23.515,19.515
2026-08-18 16:00:00,SHIFT_B,0,37.27,35.56,0.523,0.477,7.602,2.743,3.086,1.123,5.236,3.748,1.14,3,26.4,0,0.0,7.602,0.6884,23.76,19.76
2026-08-18 16:15:00,SHIFT_B,0,37.19,37.9,0.523,0.477,7.281,2.93,2.673,1.193,5.262,3.782,1.068,3,26.13,0,0.0,7.281,0.6627,23.61,19.61
2026-08-18 16:30:00,SHIFT_B,0,37.1,37.91,0.523,0.477,7.665,2.684,2.876,1.159,5.708,4.53,0.985,3,25.68,0,0.0,7.665,0.7765,23.652,19.652
2026-08-18 16:45:00,SHIFT_B,0,37.0,36.44,0.523,0.477,7.513,2.347,3.231,1.046,5.416,4.678,0.916,3,25.41,0,0.0,7.513,0.7319,23.765,19.765
2026-08-18 17:00:00,SHIFT_B,0,36.9,33.05,0.527,0.473,7.41,2.987,3.232,1.149,5.058,4.082,0.953,3,25.04,0,0.0,7.41,0.6707,24.165,20.165
2026-08-18 17:15:00,SHIFT_B,0,36.8,36.55,0.527,0.473,7.562,3.081,3.318,0.975,5.394,4.129,1.106,3,24.62,0,0.0,7.562,0.7065,24.291,20.291
2026-08-18 17:30:00,SHIFT_B,0,36.69,36.74,0.527,0.473,6.79,3.007,2.972,1.161,5.037,4.43,0.946,3,24.25,0,0.0,6.79,0.6327,24.011,20.011
2026-08-18 17:45:00,SHIFT_B,0,36.58,35.54,0.527,0.473,7.924,2.526,2.803,1.301,5.336,3.953,0.889,2,23.91,0,0.0,6.281,1.25,23.598,19.598
2026-08-18 18:00:00,SHIFT_B,0,36.47,35.35,0.532,0.468,7.095,3.041,3.201,1.176,4.987,4.369,0.847,2,23.76,1.642,4.029,6.115,1.25,23.12,19.12
2026-08-18 18:15:00,SHIFT_B,0,36.35,35.42,0.532,0.468,6.872,2.937,2.951,1.043,5.294,4.338,0.922,2,23.49,2.623,6.556,6.001,1.25,22.578,18.578
2026-08-18 18:30:00,SHIFT_B,0,36.23,36.16,0.532,0.468,7.173,2.758,2.92,1.149,5.046,4.522,0.873,2,23.22,3.494,8.728,6.004,1.25,21.964,17.964
2026-08-18 18:45:00,SHIFT_B,0,36.12,36.79,0.532,0.468,7.785,2.505,3.053,1.089,4.958,4.587,0.919,2,23.04,4.662,11.616,6.02,1.25,21.295,17.295
2026-08-18 19:00:00,SHIFT_B,0,31.68,31.51,0.537,0.463,5.901,2.65,3.125,1.374,4.53,4.529,0.827,3,22.65,6.427,10.129,9.518,1.25,22.903,18.903
2026-08-18 19:15:00,SHIFT_B,0,31.58,32.6,0.537,0.463,6.357,2.817,3.269,1.29,5.173,4.275,1.04,3,22.39,2.81,4.225,9.166,0.9189,24.226,20.226
2026-08-18 19:30:00,SHIFT_B,0,35.77,33.63,0.537,0.463,7.248,3.231,2.966,1.216,5.01,4.361,0.926,2,27.59,0,0.0,6.464,1.1213,24.095,20.095
2026-08-18 19:45:00,SHIFT_B,0,35.65,37.63,0.537,0.463,7.18,2.897,2.858,1.208,5.363,4.012,0.942,3,27.32,0.784,1.1,7.965,0.7446,24.237,20.237
2026-08-18 20:00:00,SHIFT_B,0,35.53,36.4,0.542,0.458,7.531,2.922,2.71,1.243,6.05,4.452,0.989,3,27.01,0,0.0,7.531,0.7864,24.36,20.36
2026-08-18 20:15:00,SHIFT_B,0,35.42,36.28,0.542,0.458,7.168,3.079,2.741,1.125,5.3,4.19,1.163,3,26.75,0,0.0,7.168,0.6797,24.316,20.316
2026-08-18 20:30:00,SHIFT_B,0,35.31,36.97,0.542,0.458,7.247,3.013,3.258,1.166,5.025,4.329,1.0,3,26.47,0,0.0,7.247,0.6722,24.241,20.241
2026-08-18 20:45:00,SHIFT_B,0,35.2,34.7,0.542,0.458,6.151,2.91,2.849,1.213,5.403,4.127,0.987,3,26.08,0,0.0,6.151,0.581,23.848,19.848
2026-08-18 21:00:00,SHIFT_B,0,35.1,35.88,0.547,0.453,6.662,2.913,3.145,1.123,5.746,4.028,1.008,3,25.8,0,0.0,6.662,0.6387,23.591,19.591
2026-08-18 21:15:00,SHIFT_B,0,35.0,35.59,0.547,0.453,6.135,3.265,3.525,1.038,5.525,4.053,0.938,3,25.47,0,0.0,6.135,0.5707,23.099,19.099
2026-08-18 21:30:00,SHIFT_B,0,34.9,34.12,0.547,0.453,6.702,2.849,3.196,1.019,5.134,4.519,0.972,3,25.31,0,0.0,6.702,0.6284,23.038,19.038
2026-08-18 21:45:00,SHIFT_B,0,34.81,35.53,0.547,0.453,6.731,3.157,2.992,1.181,5.123,4.475,0.9,3,24.93,0,0.0,6.731,0.6329,22.85,18.85
2026-08-18 22:00:00,SHIFT_C,0,27.01,25.9,0.552,0.448,5.033,2.554,3.469,1.321,5.466,4.432,1.037,3,24.55,0,0.0,5.033,0.4966,22.776,18.776
2026-08-18 22:15:00,SHIFT_C,0,26.95,28.92,0.552,0.448,5.539,2.456,2.951,1.07,5.073,4.208,0.982,3,24.31,0,0.0,5.539,0.5054,22.653,18.653
2026-08-18 22:30:00,SHIFT_C,0,26.89,26.61,0.552,0.448,5.419,2.188,2.859,1.163,4.978,4.132,1.174,2,29.53,0,0.0,5.419,0.7577,22.701,18.701
2026-08-18 22:45:00,SHIFT_C,0,26.84,26.46,0.552,0.448,5.542,2.416,3.234,1.059,4.918,4.271,0.961,3,29.23,0,0.0,5.542,0.5002,22.826,18.826
2026-08-18 23:00:00,SHIFT_C,0,26.79,26.71,0.557,0.443,5.583,2.604,3.05,1.228,5.338,4.622,1.032,3,28.87,0,0.0,5.583,0.5493,22.947,18.947
2026-08-18 23:15:00,SHIFT_C,0,26.74,28.55,0.557,0.443,4.954,2.554,3.063,1.138,5.27,4.311,0.783,3,28.77,0,0.0,4.954,0.4588,22.569,18.569
2026-08-18 23:30:00,SHIFT_C,0,26.71,25.04,0.557,0.443,5.455,2.495,3.049,1.121,5.269,4.119,0.922,3,28.43,0,0.0,5.455,0.5021,22.792,18.792
2026-08-18 23:45:00,SHIFT_C,0,26.67,25.95,0.557,0.443,5.296,2.53,2.868,1.201,4.884,4.373,0.985,3,28.28,0,0.0,5.296,0.4879,22.846,18.846
2026-08-19 00:00:00,SHIFT_C,0,26.65,28.85,0.55,0.45,4.945,2.375,2.967,1.142,5.238,4.308,0.809,3,27.88,0,0.0,4.945,0.4578,22.433,18.433
2026-08-19 00:15:00,SHIFT_C,0,26.63,27.65,0.55,0.45,5.619,2.481,2.715,1.219,5.09,3.969,0.848,3,27.63,0,0.0,5.619,0.5033,22.478,18.478
2026-08-19 00:30:00,SHIFT_C,0,26.61,28.35,0.55,0.45,5.349,2.194,3.203,1.264,4.991,4.3,0.906,3,27.18,0,0.0,5.349,0.4936,22.317,18.317
2026-08-19 00:45:00,SHIFT_C,0,26.6,28.59,0.55,0.45,5.647,2.172,2.736,1.22,5.153,3.815,1.002,3,26.72,0,0.0,5.647,0.5087,22.281,18.281
2026-08-19 01:00:00,SHIFT_C,0,26.6,27.86,0.555,0.445,5.797,2.861,2.75,1.097,5.224,4.618,0.939,3,26.52,0,0.0,5.797,0.5544,22.394,18.394
2026-08-19 01:15:00,SHIFT_C,0,26.6,25.95,0.555,0.445,5.681,2.38,2.863,1.209,5.493,4.131,0.882,3,26.06,0,0.0,5.681,0.5358,22.64,18.64
2026-08-19 01:30:00,SHIFT_C,0,26.61,26.26,0.555,0.445,5.385,2.548,3.027,1.061,5.098,4.532,1.009,3,25.71,0,0.0,5.385,0.5073,22.706,18.706
2026-08-19 01:45:00,SHIFT_C,0,26.63,27.25,0.555,0.445,4.834,2.616,2.617,1.08,5.487,4.508,1.021,3,25.56,0,0.0,4.834,0.4708,22.399,18.399
2026-08-19 02:00:00,SHIFT_C,0,26.65,25.3,0.56,0.44,5.629,2.626,3.297,1.136,5.024,4.298,0.981,3,25.17,0,0.0,5.629,0.5184,22.683,18.683
2026-08-19 02:15:00,SHIFT_C,0,26.67,26.39,0.56,0.44,5.586,2.806,3.33,1.4,5.022,4.206,0.898,3,24.99,0,0.0,5.586,0.5184,22.837,18.837
2026-08-19 02:30:00,SHIFT_C,0,26.71,25.41,0.56,0.44,5.326,2.526,2.709,1.133,5.191,4.244,0.948,3,24.69,0,0.0,5.326,0.4938,22.959,18.959
2026-08-19 02:45:00,SHIFT_C,0,26.74,26.45,0.56,0.44,5.063,2.731,2.757,1.075,6.037,4.163,0.999,3,24.29,0,0.0,5.063,0.5003,22.845,18.845
2026-08-19 03:00:00,SHIFT_C,0,26.79,24.91,0.565,0.435,5.0,2.349,3.108,1.187,5.15,4.297,0.976,3,24.09,0,0.0,5.0,0.4673,22.854,18.854
2026-08-19 03:15:00,SHIFT_C,0,26.84,24.59,0.565,0.435,5.19,2.443,3.019,1.142,5.104,4.396,0.962,3,23.77,0,0.0,5.19,0.4849,22.991,18.991
2026-08-19 03:30:00,SHIFT_C,0,26.89,27.42,0.565,0.435,5.439,2.748,3.218,1.253,5.396,4.629,1.027,3,23.49,0,0.0,5.439,0.5388,22.968,18.968
2026-08-19 03:45:00,SHIFT_C,0,26.95,26.55,0.565,0.435,5.906,2.321,2.917,0.99,4.943,4.273,0.804,2,27.68,0,0.0,5.906,0.8062,23.266,19.266
2026-08-19 04:00:00,SHIFT_C,0,27.01,25.64,0.57,0.43,5.458,2.977,2.75,1.196,4.792,4.569,1.075,3,27.44,0,0.0,5.458,0.5112,23.431,19.431
2026-08-19 04:15:00,SHIFT_C,0,27.08,26.28,0.57,0.43,5.24,2.971,3.098,1.181,4.928,4.102,0.923,3,26.96,0,0.0,5.24,0.4698,23.423,19.423
2026-08-19 04:30:00,SHIFT_C,0,27.15,27.21,0.57,0.43,5.404,2.497,2.811,1.128,5.095,4.508,0.865,3,26.7,0,0.0,5.404,0.5045,23.404,19.404
2026-08-19 04:45:00,SHIFT_C,0,27.22,26.78,0.57,0.43,5.174,2.571,3.132,1.219,5.122,4.192,0.887,3,26.28,0,0.0,5.174,0.4757,23.313,19.313
2026-08-19 05:00:00,SHIFT_C,0,27.3,25.83,0.575,0.425,5.225,2.629,3.136,1.198,5.523,4.018,0.974,3,25.85,0,0.0,5.225,0.4928,23.343,19.343
2026-08-19 05:15:00,SHIFT_C,0,27.38,27.64,0.575,0.425,5.47,2.587,2.911,1.087,5.067,3.839,0.861,3,25.48,0,0.0,5.47,0.478,23.314,19.314
2026-08-19 05:30:00,SHIFT_C,0,27.46,24.63,0.575,0.425,5.291,2.882,3.009,1.213,5.494,4.419,0.998,3,25.05,0,0.0,5.291,0.5165,23.497,19.497
2026-08-19 05:45:00,SHIFT_C,0,27.55,28.17,0.575,0.425,4.825,2.431,2.971,1.317,4.733,4.075,0.948,3,24.77,0,0.0,4.825,0.4302,23.092,19.092
2026-08-19 06:00:00,SHIFT_A,0,33.56,33.43,0.58,0.42,5.934,3.189,3.329,1.111,5.313,3.79,0.98,3,24.43,0,0.0,5.934,0.5348,22.716,18.716
2026-08-19 06:15:00,SHIFT_A,0,33.67,33.1,0.58,0.42,6.797,2.961,3.1,1.306,5.005,4.339,1.105,3,23.89,0,0.0,6.797,0.6434,22.805,18.805
2026-08-19 06:30:00,SHIFT_A,0,33.78,34.24,0.58,0.42,6.464,3.364,2.911,1.228,5.544,4.028,0.854,3,23.72,0,0.0,6.464,0.6065,22.613,18.613
2026-08-19 06:45:00,SHIFT_A,0,33.89,35.29,0.58,0.42,6.762,3.174,2.878,1.006,5.21,4.341,0.914,3,23.47,0,0.0,6.762,0.6246,22.465,18.465
2026-08-19 07:00:00,SHIFT_A,0,34.0,35.51,0.585,0.415,6.264,2.998,3.215,1.31,5.713,4.483,0.938,3,23.16,0,0.0,6.264,0.6276,22.046,18.046
2026-08-19 07:15:00,SHIFT_A,0,34.11,35.4,0.585,0.415,7.274,3.506,3.164,1.018,4.971,4.673,1.028,3,22.78,0,0.0,7.274,0.6847,22.143,18.143
2026-08-19 07:30:00,SHIFT_A,0,34.22,32.38,0.585,0.415,7.387,3.376,3.475,1.124,5.417,4.443,1.014,3,22.42,0,0.0,7.387,0.7135,22.599,18.599
2026-08-19 07:45:00,SHIFT_A,0,34.33,37.76,0.585,0.415,6.822,3.202,3.395,1.16,5.32,4.057,0.873,3,22.19,0,0.0,6.822,0.6267,22.234,18.234
2026-08-19 08:00:00,SHIFT_A,0,34.44,36.83,0.589,0.411,7.201,3.262,3.067,1.037,5.652,3.91,1.073,2,27.66,0,0.0,6.37,1.1305,21.736,17.736
2026-08-19 08:15:00,SHIFT_A,0,34.55,34.21,0.589,0.411,6.566,2.676,2.982,0.914,5.429,4.0,0.856,3,27.24,0.831,1.124,7.397,0.667,22.013,18.013
2026-08-19 08:30:00,SHIFT_A,0,34.65,35.43,0.589,0.411,6.86,3.272,3.048,1.136,5.258,4.514,1.007,3,26.86,0,0.0,6.86,0.6582,21.9,17.9
2026-08-19 08:45:00,SHIFT_A,0,34.75,36.92,0.589,0.411,7.033,2.732,3.375,1.274,5.24,4.639,0.751,3,26.48,0,0.0,7.033,0.6741,21.724,17.724
2026-08-19 09:00:00,SHIFT_A,0,34.85,35.46,0.594,0.406,7.428,3.106,3.067,1.081,5.623,4.295,0.951,3,26.29,0,0.0,7.428,0.7147,21.892,17.892
2026-08-19 09:15:00,SHIFT_A,0,34.94,33.51,0.594,0.406,6.783,2.782,2.778,1.214,5.707,4.63,0.979,3,25.91,0,0.0,6.783,0.6843,21.933,17.933
2026-08-19 09:30:00,SHIFT_A,0,35.03,34.58,0.594,0.406,6.809,3.114,3.011,1.108,5.075,4.112,0.861,3,25.56,0,0.0,6.809,0.6116,21.879,17.879
2026-08-19 09:45:00,SHIFT_A,0,35.12,33.25,0.594,0.406,6.997,3.186,3.082,1.162,5.368,4.328,1.011,3,25.18,0,0.0,6.997,0.6686,22.052,18.052
2026-08-19 10:00:00,SHIFT_A,0,35.2,36.64,0.599,0.401,7.098,2.88,3.312,1.183,5.106,4.658,1.025,3,25.1,0,0.0,7.098,0.6843,21.937,17.937
2026-08-19 10:15:00,SHIFT_A,0,35.28,35.42,0.599,0.401,6.933,3.55,3.198,1.165,4.957,4.248,0.982,3,24.69,0,0.0,6.933,0.6337,21.862,17.862
2026-08-19 10:30:00,SHIFT_A,0,35.35,33.94,0.599,0.401,7.396,3.053,2.729,1.071,4.879,4.15,0.859,3,24.44,0,0.0,7.396,0.6526,22.167,18.167
2026-08-19 10:45:00,SHIFT_A,0,35.41,36.47,0.599,0.401,6.999,3.071,3.266,1.208,5.4,4.138,0.885,3,23.9,0,0.0,6.999,0.6554,22.019,18.019
2026-08-19 11:00:00,SHIFT_A,0,35.47,35.63,0.603,0.397,6.761,2.769,3.36,1.132,4.846,4.115,0.997,3,23.68,0,0.0,6.761,0.6037,21.837,17.837
2026-08-19 11:15:00,SHIFT_A,0,35.52,37.31,0.603,0.397,6.966,3.345,3.022,0.899,4.814,4.361,0.945,3,23.38,0,0.0,6.966,0.618,21.589,17.589
2026-08-19 11:30:00,SHIFT_A,0,31.3,29.97,0.603,0.397,6.434,2.806,3.109,1.209,4.873,4.807,0.899,3,22.95,0,0.0,6.434,0.6107,21.809,17.809
2026-08-19 11:45:00,SHIFT_A,0,31.34,32.52,0.603,0.397,6.316,2.528,3.073,1.038,5.405,4.454,0.845,3,22.68,0,0.0,6.316,0.5971,21.715,17.715
2026-08-19 12:00:00,SHIFT_A,0,35.64,38.63,0.608,0.392,6.765,2.982,2.827,1.246,5.988,4.06,0.984,3,22.28,0,0.0,6.765,0.6687,21.235,17.235
2026-08-19 12:15:00,SHIFT_A,0,35.67,36.47,0.608,0.392,7.223,2.954,2.64,1.145,5.661,4.622,0.943,3,21.77,0,0.0,7.223,0.7195,21.199,17.199
2026-08-19 12:30:00,SHIFT_A,0,35.69,32.22,0.608,0.392,6.931,2.654,3.087,1.154,4.877,3.805,0.88,3,21.57,0,0.0,6.931,0.598,21.443,17.443
2026-08-19 12:45:00,SHIFT_A,0,35.7,35.45,0.608,0.392,6.635,2.787,3.318,1.053,5.418,4.836,0.993,3,21.36,0,0.0,6.635,0.657,21.215,17.215
2026-08-19 13:00:00,SHIFT_A,0,35.7,37.07,0.612,0.388,7.17,3.073,3.312,1.159,5.062,4.057,0.888,2,25.99,0,0.0,6.744,1.0633,20.88,16.88
2026-08-19 13:15:00,SHIFT_A,0,35.7,36.32,0.612,0.388,6.893,2.57,3.34,1.04,4.946,4.082,1.13,2,29.99,0.427,0.959,6.671,1.0973,20.583,16.583
2026-08-19 13:30:00,SHIFT_A,0,35.69,37.24,0.612,0.388,7.505,2.977,3.185,1.296,5.205,4.268,0.92,3,29.63,0.649,0.933,8.154,0.7814,20.937,16.937
2026-08-19 13:45:00,SHIFT_A,0,35.67,34.89,0.612,0.388,7.277,2.794,3.015,1.012,5.049,4.16,1.043,3,29.42,0,0.0,7.277,0.66,21.087,17.087
2026-08-19 14:00:00,SHIFT_B,0,37.74,40.16,0.616,0.384,8.266,2.511,3.319,1.312,5.187,4.366,0.917,3,29.18,0,0.0,8.266,0.8033,21.204,17.204
2026-08-19 14:15:00,SHIFT_B,0,37.7,39.04,0.616,0.384,7.559,3.039,2.716,1.088,5.369,4.565,1.06,3,28.84,0,0.0,7.559,0.7395,21.079,17.079
2026-08-19 14:30:00,SHIFT_B,0,37.66,39.64,0.616,0.384,7.613,2.533,3.142,1.306,5.2,4.644,0.97,3,28.51,0,0.0,7.613,0.7492,20.921,16.921
2026-08-19 14:45:00,SHIFT_B,0,37.61,37.35,0.616,0.384,7.652,2.949,3.059,1.174,5.539,4.244,0.846,3,28.13,0,0.0,7.652,0.7292,21.012,17.012
2026-08-19 15:00:00,SHIFT_B,0,37.56,37.96,0.62,0.38,7.041,2.794,3.184,1.096,5.002,4.228,0.912,3,27.65,0,0.0,7.041,0.6371,20.736,16.736
2026-08-19 15:15:00,SHIFT_B,0,37.5,37.93,0.62,0.38,7.035,2.809,2.955,1.194,5.707,4.34,1.023,3,27.31,0,0.0,7.035,0.6947,20.461,16.461
2026-08-19 15:30:00,SHIFT_B,0,37.43,36.02,0.62,0.38,7.137,2.472,2.818,1.127,4.897,4.421,1.005,3,27.11,0,0.0,7.137,0.658,20.428,16.428
2026-08-19 15:45:00,SHIFT_B,0,37.35,35.9,0.62,0.38,7.343,2.665,2.517,1.166,5.218,4.581,1.088,3,26.83,0,0.0,7.343,0.7126,20.509,16.509
2026-08-19 16:00:00,SHIFT_B,0,37.27,36.38,0.624,0.376,6.641,2.881,3.049,1.114,5.023,4.284,1.03,3,26.44,0,0.0,6.641,0.6123,20.191,16.191
2026-08-19 16:15:00,SHIFT_B,0,37.19,37.53,0.624,0.376,7.616,2.682,3.274,1.23,5.587,4.133,0.964,3,26.11,0,0.0,7.616,0.7335,20.246,16.246
2026-08-19 16:30:00,SHIFT_B,0,37.1,36.62,0.624,0.376,7.22,2.678,2.905,0.926,4.955,4.314,0.976,3,25.88,0,0.0,7.22,0.6494,20.194,16.194
2026-08-19 16:45:00,SHIFT_B,0,37.0,34.68,0.624,0.376,7.685,2.792,3.244,1.028,5.46,3.709,0.809,3,25.59,0,0.0,7.685,0.681,20.569,16.569
2026-08-19 17:00:00,SHIFT_B,0,36.9,39.11,0.628,0.372,6.507,2.682,2.954,1.182,5.148,4.22,0.922,3,25.43,0,0.0,6.507,0.6011,19.911,15.911
2026-08-19 17:15:00,SHIFT_B,0,36.8,37.27,0.628,0.372,7.779,2.731,2.987,1.017,5.065,4.488,0.917,3,25.06,0,0.0,7.779,0.7195,20.074,16.074
2026-08-19 17:30:00,SHIFT_B,0,36.69,34.54,0.628,0.372,6.7,2.988,2.826,1.231,5.485,4.201,0.821,3,24.97,0,0.0,6.7,0.6332,19.97,15.97
2026-08-19 17:45:00,SHIFT_B,0,36.58,37.44,0.628,0.372,7.585,2.92,3.224,1.211,5.573,4.426,1.06,3,24.62,0,0.0,7.585,0.7574,20.019,16.019
2026-08-19 18:00:00,SHIFT_B,0,36.47,35.21,0.632,0.368,7.058,2.756,2.986,1.033,5.137,4.21,0.92,3,24.28,0,0.0,7.058,0.6422,20.027,16.027
2026-08-19 18:15:00,SHIFT_B,0,36.35,36.12,0.632,0.368,7.08,2.912,3.189,1.238,4.73,3.996,0.894,3,24.02,0,0.0,7.08,0.6189,19.955,15.955
2026-08-19 18:30:00,SHIFT_B,0,36.23,38.21,0.632,0.368,6.962,2.808,3.054,0.981,5.11,3.952,0.941,3,23.64,0,0.0,6.962,0.6157,19.615,15.615
2026-08-19 18:45:00,SHIFT_B,0,36.12,35.59,0.632,0.368,7.771,3.083,2.872,1.126,4.995,4.207,0.922,3,23.12,0,0.0,7.771,0.7039,19.941,15.941
2026-08-19 19:00:00,SHIFT_B,0,31.68,31.3,0.635,0.365,6.846,2.872,2.907,1.017,5.485,4.472,0.894,3,22.8,0,0.0,6.846,0.6542,20.234,16.234
2026-08-19 19:15:00,SHIFT_B,0,31.58,32.85,0.635,0.365,5.938,2.547,2.826,1.09,4.991,4.225,0.904,3,22.28,0,0.0,5.938,0.536,19.918,15.918
2026-08-19 19:30:00,SHIFT_B,0,35.77,35.93,0.635,0.365,7.341,2.85,3.268,1.194,5.483,4.225,1.012,3,21.95,0,0.0,7.341,0.7041,19.996,15.996
2026-08-19 19:45:00,SHIFT_B,0,35.65,34.75,0.635,0.365,7.134,3.022,2.774,1.085,4.989,4.763,0.987,3,21.69,0,0.0,7.134,0.6792,20.088,16.088
2026-08-19 20:00:00,SHIFT_B,0,35.53,35.12,0.639,0.361,6.893,2.755,3.134,1.331,5.406,4.473,0.9,3,21.31,0,0.0,6.893,0.6721,20.023,16.023
2026-08-19 20:15:00,SHIFT_B,0,35.42,32.5,0.639,0.361,6.805,3.112,2.847,1.052,5.319,4.489,0.951,3,21.02,0,0.0,6.805,0.6471,20.176,16.176
2026-08-19 20:30:00,SHIFT_B,0,35.31,35.57,0.639,0.361,6.626,3.266,3.054,1.094,5.006,4.355,0.943,3,20.6,0,0.0,6.626,0.6081,19.932,15.932
2026-08-19 20:45:00,SHIFT_B,0,35.2,36.26,0.639,0.361,6.965,2.578,2.96,1.252,4.981,4.382,0.979,3,20.4,0,0.0,6.965,0.6502,19.789,15.789
2026-08-19 21:00:00,SHIFT_B,0,35.1,35.37,0.642,0.358,7.129,2.619,3.009,1.13,5.379,4.165,0.922,3,20.1,0,0.0,7.129,0.6655,19.816,15.816
2026-08-19 21:15:00,SHIFT_B,0,35.0,36.77,0.642,0.358,6.933,2.805,3.143,1.169,4.924,4.136,0.902,2,25.12,0,0.0,6.852,1.0119,19.565,15.565
2026-08-19 21:30:00,SHIFT_B,0,34.9,34.66,0.642,0.358,6.665,2.953,2.868,1.191,5.128,4.081,0.912,3,24.89,0.081,0.111,6.746,0.6144,19.472,15.472
2026-08-19 21:45:00,SHIFT_B,0,34.81,34.58,0.642,0.358,6.839,2.988,3.057,1.14,5.604,4.181,0.903,3,24.52,0,0.0,6.839,0.6513,19.434,15.434
2026-08-19 22:00:00,SHIFT_C,0,27.01,26.29,0.645,0.355,5.351,2.183,3.827,1.272,5.236,4.415,0.976,3,23.98,0,0.0,5.351,0.5126,19.481,15.481
2026-08-19 22:15:00,SHIFT_C,0,26.95,27.05,0.645,0.355,4.695,2.299,2.935,1.182,5.828,4.376,1.0,3,23.71,0,0.0,4.695,0.4682,19.123,15.123
2026-08-19 22:30:00,SHIFT_C,0,26.89,26.67,0.645,0.355,5.481,2.479,2.664,1.018,5.635,4.229,0.939,3,23.42,0,0.0,5.481,0.5217,19.197,15.197
2026-08-19 22:45:00,SHIFT_C,0,26.84,27.59,0.645,0.355,5.525,2.612,2.823,1.054,5.635,4.272,0.932,3,23.21,0,0.0,5.525,0.5291,19.2,15.2
2026-08-19 23:00:00,SHIFT_C,0,26.79,26.16,0.648,0.352,5.378,2.204,2.915,1.269,5.713,4.059,1.037,3,22.81,0,0.0,5.378,0.5229,19.273,15.273
2026-08-19 23:15:00,SHIFT_C,0,26.74,27.25,0.648,0.352,5.376,2.782,3.035,1.069,5.452,4.127,1.099,2,28.3,0,0.0,5.376,0.7752,19.236,15.236
2026-08-19 23:30:00,SHIFT_C,0,26.71,27.24,0.648,0.352,5.622,2.306,2.842,1.174,5.101,4.325,0.951,3,27.89,0,0.0,5.622,0.5228,19.323,15.323
2026-08-19 23:45:00,SHIFT_C,0,26.67,26.96,0.648,0.352,4.792,2.366,3.197,1.402,4.983,4.452,0.779,2,32.73,0,0.0,4.792,0.6724,19.023,15.023
2026-08-20 00:00:00,SHIFT_C,0,26.65,26.66,0.644,0.356,5.381,2.619,3.235,1.03,5.414,4.015,1.008,3,32.36,0,0.0,5.381,0.4968,19.048,15.048
2026-08-20 00:15:00,SHIFT_C,0,26.63,28.44,0.644,0.356,5.729,2.831,3.104,1.057,5.396,4.145,0.978,3,31.87,0,0.0,5.729,0.5339,19.069,15.069
2026-08-20 00:30:00,SHIFT_C,0,26.61,27.14,0.644,0.356,5.164,2.231,2.969,1.054,5.384,4.097,0.91,3,31.39,0,0.0,5.164,0.4758,18.937,14.937
2026-08-20 00:45:00,SHIFT_C,0,26.6,24.52,0.644,0.356,5.402,2.501,3.297,1.028,5.231,3.824,0.982,3,31.01,0,0.0,5.402,0.4813,19.186,15.186
2026-08-20 01:00:00,SHIFT_C,0,26.6,24.93,0.647,0.353,5.781,2.65,2.745,1.066,4.674,4.223,0.955,3,30.92,0,0.0,5.781,0.5082,19.583,15.583
2026-08-20 01:15:00,SHIFT_C,0,26.6,26.88,0.647,0.353,4.443,2.464,2.832,1.083,5.482,4.057,0.987,3,30.64,0,0.0,4.443,0.4153,19.117,15.117
2026-08-20 01:30:00,SHIFT_C,0,26.61,26.03,0.647,0.353,5.276,2.522,2.942,1.174,5.396,4.685,0.945,3,30.32,0,0.0,5.276,0.5183,19.152,15.152
2026-08-20 01:45:00,SHIFT_C,0,26.63,28.93,0.647,0.353,5.252,2.569,2.971,1.324,5.354,4.36,0.979,3,30.0,0,0.0,5.252,0.5081,18.885,14.885
2026-08-20 02:00:00,SHIFT_C,0,26.65,29.29,0.65,0.35,5.214,2.764,3.036,1.109,5.445,4.599,1.009,3,29.61,0,0.0,5.214,0.5106,18.563,14.563
2026-08-20 02:15:00,SHIFT_C,0,26.67,26.4,0.65,0.35,5.029,2.425,3.007,1.108,5.228,3.801,0.952,3,29.44,0,0.0,5.029,0.449,18.437,14.437
2026-08-20 02:30:00,SHIFT_C,0,26.71,27.43,0.65,0.35,4.237,2.375,3.039,1.087,5.193,4.456,0.828,3,29.08,0,0.0,4.237,0.3945,17.813,13.813
2026-08-20 02:45:00,SHIFT_C,0,26.74,29.03,0.65,0.35,5.141,2.538,3.211,1.155,4.662,4.023,0.856,3,28.82,0,0.0,5.141,0.4427,17.48,13.48
2026-08-20 03:00:00,SHIFT_C,0,26.79,26.42,0.652,0.348,5.72,2.793,3.104,1.152,5.421,4.124,0.805,3,28.54,0,0.0,5.72,0.5297,17.698,13.698
2026-08-20 03:15:00,SHIFT_C,0,26.84,27.43,0.652,0.348,5.604,2.006,3.203,1.279,5.317,4.577,0.981,3,28.13,0,0.0,5.604,0.5483,17.757,13.757
2026-08-20 03:30:00,SHIFT_C,0,26.89,26.2,0.652,0.348,5.586,2.783,3.111,1.224,4.834,4.02,0.909,3,27.74,0,0.0,5.586,0.4942,17.93,13.93
2026-08-20 03:45:00,SHIFT_C,0,26.95,26.96,0.652,0.348,5.618,2.87,2.695,1.324,5.08,3.935,0.906,3,27.35,0,0.0,5.618,0.5086,18.043,14.043
2026-08-20 04:00:00,SHIFT_C,0,27.01,25.99,0.655,0.345,5.573,2.561,3.045,1.087,5.38,4.234,0.936,3,26.96,0,0.0,5.573,0.5222,18.231,14.231
2026-08-20 04:15:00,SHIFT_C,0,27.08,26.58,0.655,0.345,5.502,2.463,2.784,1.071,5.096,4.325,0.999,3,26.55,0,0.0,5.502,0.509,18.324,14.324
2026-08-20 04:30:00,SHIFT_C,0,27.15,26.02,0.655,0.345,5.948,2.09,3.348,1.128,5.155,4.813,0.884,3,26.44,0,0.0,5.948,0.5738,18.696,14.696
2026-08-20 04:45:00,SHIFT_C,0,27.22,28.38,0.655,0.345,5.969,1.87,3.141,1.179,5.156,4.874,0.888,3,26.03,0,0.0,5.969,0.5813,18.843,14.843
2026-08-20 05:00:00,SHIFT_C,0,27.3,26.32,0.657,0.343,6.173,2.555,3.375,1.077,5.684,4.357,0.978,3,25.75,0,0.0,6.173,0.6012,19.297,15.297
2026-08-20 05:15:00,SHIFT_C,0,27.38,27.57,0.657,0.343,5.117,2.79,2.95,1.124,4.836,4.386,0.807,3,25.35,0,0.0,5.117,0.4595,19.098,15.098
2026-08-20 05:30:00,SHIFT_C,0,27.46,27.88,0.657,0.343,5.71,2.554,2.969,1.161,5.298,4.209,0.929,3,24.86,0,0.0,5.71,0.5332,19.165,15.165
2026-08-20 05:45:00,SHIFT_C,0,27.55,27.75,0.657,0.343,5.561,2.397,3.243,0.962,4.632,4.358,1.025,3,24.77,0,0.0,5.561,0.4915,19.17,15.17
2026-08-20 06:00:00,SHIFT_A,0,33.56,33.91,0.659,0.341,6.772,3.389,3.359,1.19,4.636,4.303,1.117,3,24.44,0,0.0,6.772,0.6132,19.166,15.166
2026-08-20 06:15:00,SHIFT_A,0,33.67,32.21,0.659,0.341,6.951,3.361,3.246,1.155,5.116,4.442,1.003,3,24.17,0,0.0,6.951,0.6557,19.42,15.42
2026-08-20 06:30:00,SHIFT_A,0,33.78,31.26,0.659,0.341,7.225,3.147,2.908,1.408,5.361,4.187,0.864,3,23.77,0,0.0,7.225,0.6876,19.906,15.906
2026-08-20 06:45:00,SHIFT_A,0,33.89,32.67,0.659,0.341,6.521,3.073,3.301,1.091,5.179,4.159,1.041,3,23.46,0,0.0,6.521,0.6022,19.899,15.899
2026-08-20 07:00:00,SHIFT_A,0,34.0,33.62,0.661,0.339,6.717,2.76,2.798,1.1,5.45,4.32,0.942,3,23.23,0,0.0,6.717,0.6388,19.895,15.895
2026-08-20 07:15:00,SHIFT_A,0,34.11,33.05,0.661,0.339,7.053,2.857,3.237,1.287,5.073,4.226,0.841,3,23.04,0,0.0,7.053,0.6489,20.117,16.117
2026-08-20 07:30:00,SHIFT_A,0,34.22,33.5,0.661,0.339,7.275,3.188,3.205,1.035,5.044,3.884,1.028,3,22.78,0,0.0,7.275,0.6438,20.404,16.404
2026-08-20 07:45:00,SHIFT_A,0,34.33,34.76,0.661,0.339,6.112,3.046,3.256,1.248,5.051,4.521,0.948,3,22.4,0,0.0,6.112,0.5791,19.984,15.984
2026-08-20 08:00:00,SHIFT_A,0,34.44,35.84,0.663,0.337,7.15,3.183,3.013,1.327,5.386,3.94,0.944,3,22.03,0,0.0,7.15,0.6676,19.975,15.975
2026-08-20 08:15:00,SHIFT_A,0,34.55,32.11,0.663,0.337,7.046,2.926,2.847,1.178,4.849,3.92,0.989,3,21.86,0,0.0,7.046,0.6205,20.288,16.288
2026-08-20 08:30:00,SHIFT_A,0,34.65,33.5,0.663,0.337,6.597,3.109,2.664,1.134,5.396,4.144,0.937,3,21.58,0,0.0,6.597,0.6168,20.236,16.236
2026-08-20 08:45:00,SHIFT_A,0,34.75,34.39,0.663,0.337,7.376,3.05,3.168,1.262,5.484,4.052,0.851,3,21.21,0,0.0,7.376,0.6918,20.484,16.484
2026-08-20 09:00:00,SHIFT_A,0,34.85,34.78,0.665,0.335,7.43,2.659,2.79,0.943,5.45,4.444,0.926,3,20.95,0,0.0,7.43,0.7037,20.721,16.721
2026-08-20 09:15:00,SHIFT_A,0,34.94,33.64,0.665,0.335,6.496,2.787,3.21,1.158,5.174,4.02,0.937,3,20.55,0,0.0,6.496,0.5905,20.605,16.605
2026-08-20 09:30:00,SHIFT_A,0,35.03,33.82,0.665,0.335,7.039,2.794,3.135,1.142,5.333,4.154,0.935,3,20.46,0,0.0,7.039,0.6554,20.742,16.742
2026-08-20 09:45:00,SHIFT_A,0,35.12,33.48,0.665,0.335,7.186,3.016,2.522,1.281,5.273,3.631,0.947,3,19.97,0,0.0,7.186,0.6441,20.988,16.988
2026-08-20 10:00:00,SHIFT_A,0,35.2,35.97,0.666,0.334,7.592,2.891,2.962,1.129,4.994,4.409,1.08,3,19.69,0,0.0,7.592,0.7099,21.187,17.187
2026-08-20 10:15:00,SHIFT_A,0,35.28,33.87,0.666,0.334,6.839,2.928,3.083,1.143,5.272,4.025,0.906,2,24.26,0,0.0,6.719,1.0178,21.159,17.159
2026-08-20 10:30:00,SHIFT_A,0,35.35,33.59,0.666,0.334,7.874,2.778,2.814,1.191,5.394,4.112,0.879,3,23.97,0.12,0.169,7.994,0.7523,21.797,17.797
2026-08-20 10:45:00,SHIFT_A,0,35.41,39.06,0.666,0.334,7.247,3.014,3.419,1.19,5.304,4.413,0.854,3,23.64,0,0.0,7.247,0.6863,21.514,17.514
2026-08-20 11:00:00,SHIFT_A,0,35.47,34.08,0.667,0.333,6.57,2.827,2.929,1.219,4.717,4.415,1.092,3,23.2,0,0.0,6.57,0.6053,21.392,17.392
2026-08-20 11:15:00,SHIFT_A,0,35.52,33.67,0.667,0.333,7.785,3.022,2.905,1.114,4.881,4.21,0.796,3,22.82,0,0.0,7.785,0.6895,21.917,17.917
2026-08-20 11:30:00,SHIFT_A,0,31.3,31.66,0.667,0.333,6.403,2.703,3.158,1.175,5.168,4.137,0.966,3,22.48,0,0.0,6.403,0.59,21.952,17.952
2026-08-20 11:45:00,SHIFT_A,0,31.34,31.05,0.667,0.333,5.944,2.743,3.427,1.24,5.6,4.065,0.856,3,22.13,0,0.0,5.944,0.5629,21.819,17.819
2026-08-20 12:00:00,SHIFT_A,0,35.64,35.6,0.668,0.332,6.472,3.133,3.281,1.0,5.114,4.418,1.014,3,21.83,0,0.0,6.472,0.6017,21.495,17.495
2026-08-20 12:15:00,SHIFT_A,0,35.67,35.87,0.668,0.332,6.864,3.206,2.862,1.174,4.841,4.069,1.023,3,21.65,0,0.0,6.864,0.6138,21.34,17.34
2026-08-20 12:30:00,SHIFT_A,0,35.69,35.93,0.668,0.332,7.41,2.786,2.788,1.11,5.283,4.607,0.946,2,26.87,0,0.0,6.126,1.2097,20.81,16.81
2026-08-20 12:45:00,SHIFT_A,0,35.7,36.36,0.668,0.332,7.01,2.804,3.341,1.14,4.725,4.214,0.894,2,32.07,1.284,2.95,6.531,1.25,20.439,16.439
2026-08-20 13:00:00,SHIFT_A,0,35.7,35.68,0.669,0.331,7.152,3.118,2.994,1.164,5.12,4.322,0.947,3,31.74,1.764,2.566,8.917,0.8647,21.329,17.329
2026-08-20 13:15:00,SHIFT_A,0,35.7,34.81,0.669,0.331,6.738,2.442,3.094,1.132,5.538,4.62,0.937,3,31.33,0,0.0,6.738,0.6633,21.217,17.217
2026-08-20 13:30:00,SHIFT_A,0,35.69,35.38,0.669,0.331,7.427,2.584,3.122,0.897,5.321,4.429,0.851,3,31.13,0,0.0,7.427,0.6876,21.392,17.392
2026-08-20 13:45:00,SHIFT_A,0,35.67,33.27,0.669,0.331,6.948,2.782,2.974,1.175,5.432,3.935,1.007,3,30.9,0,0.0,6.948,0.6461,21.539,17.539
2026-08-20 14:00:00,SHIFT_B,0,37.74,37.83,0.67,0.33,7.126,2.519,3.625,1.201,5.445,4.175,1.015,3,30.62,0,0.0,7.126,0.6791,21.32,17.32
2026-08-20 14:15:00,SHIFT_B,0,37.7,37.22,0.67,0.33,7.501,2.612,3.0,1.18,5.412,4.577,0.922,3,30.29,0,0.0,7.501,0.7329,21.348,17.348
2026-08-20 14:30:00,SHIFT_B,0,37.66,38.03,0.67,0.33,7.38,2.811,3.3,1.313,4.92,4.031,0.81,3,29.94,0,0.0,7.38,0.658,21.236,17.236
2026-08-20 14:45:00,SHIFT_B,0,37.61,35.69,0.67,0.33,7.466,3.117,2.531,1.091,5.026,3.989,0.963,3,29.59,0,0.0,7.466,0.6654,21.4,17.4
2026-08-20 15:00:00,SHIFT_B,0,37.56,37.15,0.67,0.33,7.909,3.128,2.833,0.971,5.196,3.94,0.973,3,29.16,0,0.0,7.909,0.7056,21.639,17.639
2026-08-20 15:15:00,SHIFT_B,0,37.5,37.54,0.67,0.33,7.72,2.6,3.346,1.187,5.088,4.541,1.042,3,28.78,0,0.0,7.72,0.7418,21.745,17.745
2026-08-20 15:30:00,SHIFT_B,0,37.43,36.96,0.67,0.33,7.844,2.974,3.147,1.315,4.838,4.09,1.051,3,28.43,0,0.0,7.844,0.7134,21.971,17.971
2026-08-20 15:45:00,SHIFT_B,0,37.35,39.66,0.67,0.33,7.766,2.758,3.363,1.216,4.95,4.093,0.911,3,28.19,0,0.0,7.766,0.6984,21.888,17.888
2026-08-20 16:00:00,SHIFT_B,0,37.27,39.12,0.67,0.33,7.824,2.456,3.009,1.22,5.002,4.241,1.063,3,27.85,0,0.0,7.824,0.7278,21.888,17.888
2026-08-20 16:15:00,SHIFT_B,0,37.19,38.01,0.67,0.33,7.638,2.908,3.157,1.097,5.057,4.344,0.945,3,27.49,0,0.0,7.638,0.7037,21.906,17.906
2026-08-20 16:30:00,SHIFT_B,0,37.1,35.92,0.67,0.33,7.402,2.778,3.264,1.274,5.223,3.963,0.965,3,27.24,0,0.0,7.402,0.6809,22.015,18.015
2026-08-20 16:45:00,SHIFT_B,0,37.0,36.69,0.67,0.33,7.102,2.765,3.325,1.086,5.226,4.36,0.96,3,27.0,0,0.0,7.102,0.6651,21.897,17.897
2026-08-20 17:00:00,SHIFT_B,0,36.9,38.47,0.67,0.33,7.422,2.938,2.822,1.243,4.987,4.531,0.9,3,26.74,0,0.0,7.422,0.6969,21.761,17.761
2026-08-20 17:15:00,SHIFT_B,0,36.8,36.62,0.67,0.33,7.196,3.268,3.057,1.169,5.037,4.182,0.908,3,26.29,0,0.0,7.196,0.6545,21.698,17.698
2026-08-20 17:30:00,SHIFT_B,0,36.69,32.62,0.67,0.33,7.148,2.944,3.285,1.301,5.37,3.966,0.875,3,26.08,0,0.0,7.148,0.6626,22.01,18.01
2026-08-20 17:45:00,SHIFT_B,0,36.58,37.57,0.67,0.33,7.612,2.799,2.986,1.324,5.794,3.888,0.896,3,25.87,0,0.0,7.612,0.7322,22.059,18.059
2026-08-20 18:00:00,SHIFT_B,0,36.47,34.26,0.67,0.33,7.204,2.987,3.207,1.345,5.049,4.548,0.99,3,25.58,0,0.0,7.204,0.6922,22.236,18.236
2026-08-20 18:15:00,SHIFT_B,0,36.35,36.84,0.67,0.33,7.581,3.009,2.898,1.099,5.025,4.297,0.907,3,25.4,0,0.0,7.581,0.6913,22.342,18.342
2026-08-20 18:30:00,SHIFT_B,0,36.23,37.86,0.67,0.33,7.642,2.741,3.005,1.149,5.001,4.392,0.97,3,24.91,0,0.0,7.642,0.7083,22.376,18.376
2026-08-20 18:45:00,SHIFT_B,0,36.12,37.85,0.67,0.33,7.512,2.936,2.898,1.146,5.392,4.354,0.958,3,24.56,0,0.0,7.512,0.7167,22.347,18.347
2026-08-20 19:00:00,SHIFT_B,0,31.68,32.32,0.669,0.331,6.445,2.867,2.966,1.185,5.367,3.803,1.036,3,24.28,0,0.0,6.445,0.5912,22.337,18.337
2026-08-20 19:15:00,SHIFT_B,0,31.58,31.07,0.669,0.331,6.128,2.94,3.207,1.189,5.435,4.464,0.939,3,23.86,0,0.0,6.128,0.5935,22.294,18.294
2026-08-20 19:30:00,SHIFT_B,0,35.77,36.23,0.669,0.331,7.511,2.862,3.0,1.067,5.163,4.077,1.0,3,23.48,0,0.0,7.511,0.6838,22.427,18.427
2026-08-20 19:45:00,SHIFT_B,0,35.65,36.7,0.669,0.331,6.843,2.906,3.051,1.164,5.433,4.364,0.977,3,23.25,0,0.0,6.843,0.6577,22.178,18.178
2026-08-20 20:00:00,SHIFT_B,0,35.53,35.59,0.668,0.332,6.796,2.601,2.938,1.13,5.79,4.112,0.904,3,22.94,0,0.0,6.796,0.6531,22.017,18.017
2026-08-20 20:15:00,SHIFT_B,0,35.42,33.63,0.668,0.332,7.097,2.634,3.131,1.079,5.156,4.427,0.921,3,22.59,0,0.0,7.097,0.6619,22.202,18.202
2026-08-20 20:30:00,SHIFT_B,0,35.31,37.26,0.668,0.332,6.645,2.699,2.625,1.449,5.1,4.063,0.68,3,22.37,0,0.0,6.645,0.6042,21.8,17.8
2026-08-20 20:45:00,SHIFT_B,0,35.2,32.86,0.668,0.332,7.455,2.779,3.155,1.25,5.429,4.41,0.876,3,22.02,0,0.0,7.455,0.7182,22.241,18.241
2026-08-20 21:00:00,SHIFT_B,0,35.1,36.04,0.668,0.332,7.241,3.031,3.095,1.104,5.38,3.912,0.892,3,21.54,0,0.0,7.241,0.6581,22.257,18.257
2026-08-20 21:15:00,SHIFT_B,0,35.0,32.93,0.668,0.332,7.122,3.23,2.966,1.144,5.597,4.209,0.881,3,21.45,0,0.0,7.122,0.6784,22.525,18.525
2026-08-20 21:30:00,SHIFT_B,0,34.9,34.07,0.668,0.332,7.104,3.001,3.093,1.129,5.419,4.296,0.881,3,21.1,0,0.0,7.104,0.6707,22.671,18.671
2026-08-20 21:45:00,SHIFT_B,0,34.81,35.66,0.668,0.332,6.944,2.644,2.979,0.885,5.825,4.428,1.001,2,26.6,0,0.0,6.142,1.1306,22.176,18.176
2026-08-20 22:00:00,SHIFT_C,0,27.01,26.83,0.666,0.334,5.326,2.459,3.517,1.116,5.123,3.936,0.984,3,26.22,0.802,1.081,6.128,0.5506,22.557,18.557
2026-08-20 22:15:00,SHIFT_C,0,26.95,25.99,0.666,0.334,5.196,2.631,2.908,1.165,4.728,3.958,0.833,3,25.84,0,0.0,5.196,0.4469,22.556,18.556
2026-08-20 22:30:00,SHIFT_C,0,26.89,26.4,0.666,0.334,5.636,2.416,2.831,1.178,5.264,4.027,1.023,3,25.5,0,0.0,5.636,0.5214,22.734,18.734
2026-08-20 22:45:00,SHIFT_C,0,26.84,26.41,0.666,0.334,5.166,2.17,3.215,1.366,5.274,4.169,0.943,3,25.26,0,0.0,5.166,0.4888,22.675,18.675
2026-08-20 23:00:00,SHIFT_C,0,26.79,25.9,0.665,0.335,5.429,2.686,3.06,1.295,5.143,4.534,0.857,3,24.97,0,0.0,5.429,0.5171,22.8,18.8
2026-08-20 23:15:00,SHIFT_C,0,26.74,27.55,0.665,0.335,5.165,2.441,2.934,1.101,4.812,3.988,0.857,3,24.8,0,0.0,5.165,0.4474,22.628,18.628
2026-08-20 23:30:00,SHIFT_C,0,26.71,26.57,0.665,0.335,5.492,2.439,2.882,1.068,5.04,4.023,0.829,3,24.48,0,0.0,5.492,0.4846,22.717,18.717
2026-08-20 23:45:00,SHIFT_C,0,26.67,27.41,0.665,0.335,5.389,2.828,2.876,1.197,5.072,4.256,0.949,3,24.34,0,0.0,5.389,0.4979,22.671,18.671
2026-08-21 00:00:00,SHIFT_C,0,26.65,27.92,0.667,0.333,5.448,2.635,3.136,1.002,5.597,4.43,0.929,3,24.11,0,0.0,5.448,0.5245,22.602,18.602
2026-08-21 00:15:00,SHIFT_C,0,26.63,28.58,0.667,0.333,5.532,2.364,2.661,1.201,5.13,4.541,0.918,3,23.93,0,0.0,5.532,0.5252,22.511,18.511
2026-08-21 00:30:00,SHIFT_C,0,26.61,29.66,0.667,0.333,5.253,2.401,2.746,0.826,5.918,4.326,0.944,3,23.59,0,0.0,5.253,0.5081,22.171,18.171
2026-08-21 00:45:00,SHIFT_C,0,26.6,27.68,0.667,0.333,4.661,2.196,3.047,1.169,5.493,4.434,1.013,3,23.08,0,0.0,4.661,0.4544,21.734,17.734
2026-08-21 01:00:00,SHIFT_C,0,26.6,28.94,0.666,0.334,5.5,2.435,2.942,1.276,4.976,4.192,0.853,3,22.99,0,0.0,5.5,0.5002,21.59,17.59
2026-08-21 01:15:00,SHIFT_C,0,26.6,26.03,0.666,0.334,5.458,2.206,2.842,1.122,4.959,4.058,0.907,3,22.74,0,0.0,5.458,0.4853,21.715,17.715
2026-08-21 01:30:00,SHIFT_C,0,26.61,25.04,0.666,0.334,4.708,2.593,3.314,1.094,5.622,3.728,0.961,2,27.63,0,0.0,4.708,0.6485,21.565,17.565
2026-08-21 01:45:00,SHIFT_C,0,26.63,26.27,0.666,0.334,5.05,2.177,2.919,1.106,5.516,4.55,0.977,3,27.36,0,0.0,5.05,0.494,21.463,17.463
2026-08-21 02:00:00,SHIFT_C,0,26.65,27.09,0.664,0.336,5.674,2.581,2.954,1.011,5.494,4.314,0.889,3,27.2,0,0.0,5.674,0.5349,21.591,17.591
2026-08-21 02:15:00,SHIFT_C,0,26.67,28.0,0.664,0.336,5.527,2.483,2.719,1.143,5.23,3.988,0.97,3,26.98,0,0.0,5.527,0.5042,21.554,17.554
2026-08-21 02:30:00,SHIFT_C,0,26.71,28.31,0.664,0.336,4.792,2.756,3.408,1.032,4.761,4.367,0.974,3,26.86,0,0.0,4.792,0.4296,21.119,17.119
2026-08-21 02:45:00,SHIFT_C,0,26.74,28.91,0.664,0.336,5.982,2.515,3.117,1.134,5.131,4.196,0.896,2,30.85,0,0.0,5.982,0.8532,21.219,17.219
2026-08-21 03:00:00,SHIFT_C,0,26.79,26.6,0.663,0.337,5.744,2.522,2.992,1.163,5.251,4.574,1.006,3,30.47,0,0.0,5.744,0.5547,21.431,17.431
2026-08-21 03:15:00,SHIFT_C,0,26.84,27.1,0.663,0.337,5.725,2.693,2.798,1.346,5.018,4.339,1.111,3,30.22,0,0.0,5.725,0.5446,21.584,17.584
2026-08-21 03:30:00,SHIFT_C,0,26.89,26.52,0.663,0.337,5.123,2.711,2.992,1.164,4.905,4.492,1.026,3,29.89,0,0.0,5.123,0.478,21.493,17.493
2026-08-21 03:45:00,SHIFT_C,0,26.95,26.33,0.663,0.337,5.359,2.5,2.962,1.201,5.33,4.325,0.945,3,29.62,0,0.0,5.359,0.5092,21.54,17.54
2026-08-21 04:00:00,SHIFT_C,0,27.01,27.28,0.661,0.339,4.871,2.723,2.925,1.181,5.185,4.304,0.904,3,29.13,0,0.0,4.871,0.454,21.247,17.247
2026-08-21 04:15:00,SHIFT_C,0,27.08,27.72,0.661,0.339,5.35,2.357,3.137,1.058,5.335,4.56,0.938,3,28.74,0,0.0,5.35,0.5122,21.15,17.15
2026-08-21 04:30:00,SHIFT_C,0,27.15,27.03,0.661,0.339,5.237,2.789,2.769,1.16,5.339,4.363,0.904,3,28.4,0,0.0,5.237,0.4961,21.066,17.066
2026-08-21 04:45:00,SHIFT_C,0,27.22,29.28,0.661,0.339,6.128,2.885,3.015,1.107,5.253,4.3,0.841,3,28.04,0,0.0,6.128,0.5674,21.202,17.202
2026-08-21 05:00:00,SHIFT_C,0,27.3,27.32,0.659,0.341,5.432,2.747,2.774,1.123,4.892,4.454,0.993,3,27.84,0,0.0,5.432,0.5013,21.186,17.186
2026-08-21 05:15:00,SHIFT_C,0,27.38,30.33,0.659,0.341,5.016,2.481,3.013,1.253,5.573,4.506,0.996,3,27.74,0,0.0,5.016,0.4979,20.661,16.661
2026-08-21 05:30:00,SHIFT_C,0,27.46,28.36,0.659,0.341,5.57,2.578,2.699,1.141,4.573,3.865,0.965,3,27.34,0,0.0,5.57,0.4729,20.61,16.61
2026-08-21 05:45:00,SHIFT_C,0,27.55,27.51,0.659,0.341,5.371,2.661,3.072,1.182,4.836,4.469,0.875,3,27.01,0,0.0,5.371,0.4913,20.545,16.545
2026-08-21 06:00:00,SHIFT_A,0,33.56,32.75,0.657,0.343,6.969,3.292,3.264,1.157,4.672,4.51,0.959,3,26.77,0,0.0,6.969,0.6339,20.755,16.755
2026-08-21 06:15:00,SHIFT_A,0,33.67,34.0,0.657,0.343,7.621,3.168,2.889,1.119,5.601,4.065,0.897,3,26.34,0,0.0,7.621,0.7168,21.165,17.165
2026-08-21 06:30:00,SHIFT_A,0,33.78,32.79,0.657,0.343,6.875,3.396,3.204,1.303,5.168,4.411,0.872,3,26.09,0,0.0,6.875,0.6506,21.323,17.323
2026-08-21 06:45:00,SHIFT_A,0,33.89,32.1,0.657,0.343,7.239,3.108,2.849,1.144,5.35,4.638,1.051,3,25.75,0,0.0,7.239,0.7101,21.733,17.733
2026-08-21 07:00:00,SHIFT_A,0,34.0,35.32,0.654,0.346,7.175,3.278,2.762,1.272,5.083,4.252,0.942,3,25.5,0,0.0,7.175,0.6672,21.788,17.788
2026-08-21 07:15:00,SHIFT_A,0,34.11,33.0,0.654,0.346,7.362,3.137,2.826,1.15,5.164,4.136,1.031,3,25.26,0,0.0,7.362,0.6805,22.169,18.169
2026-08-21 07:30:00,SHIFT_A,0,34.22,36.51,0.654,0.346,7.237,2.952,3.058,1.114,5.26,4.02,0.978,3,24.94,0,0.0,7.237,0.6626,22.136,18.136
2026-08-21 07:45:00,SHIFT_A,0,34.33,32.49,0.654,0.346,6.986,2.86,3.001,1.106,5.305,4.205,1.143,3,24.68,0,0.0,6.986,0.6615,22.38,18.38
2026-08-21 08:00:00,SHIFT_A,0,34.44,33.29,0.652,0.348,6.34,2.901,2.772,1.184,5.136,4.474,0.869,3,24.45,0,0.0,6.34,0.5953,22.221,18.221
2026-08-21 08:15:00,SHIFT_A,0,34.55,34.01,0.652,0.348,7.119,2.987,3.276,1.035,4.427,4.554,1.101,3,24.01,0,0.0,7.119,0.6372,22.379,18.379
2026-08-21 08:30:00,SHIFT_A,0,34.65,34.9,0.652,0.348,7.151,3.043,2.972,1.166,5.066,4.522,0.994,3,23.66,0,0.0,7.151,0.6764,22.465,18.465
2026-08-21 08:45:00,SHIFT_A,0,34.75,36.45,0.652,0.348,6.852,2.565,3.124,1.265,5.084,4.16,0.78,3,23.37,0,0.0,6.852,0.6228,22.245,18.245
2026-08-21 09:00:00,SHIFT_A,0,34.85,32.68,0.649,0.351,7.861,2.868,2.781,1.16,5.743,3.82,0.868,3,22.87,0,0.0,7.861,0.7376,22.908,18.908
2026-08-21 09:15:00,SHIFT_A,0,34.94,34.22,0.649,0.351,6.984,2.891,2.778,1.28,5.199,4.397,0.913,3,22.68,0,0.0,6.984,0.6629,22.978,18.978
2026-08-21 09:30:00,SHIFT_A,0,35.03,32.28,0.649,0.351,7.319,2.857,2.748,1.279,5.961,3.681,0.779,3,22.38,0,0.0,7.319,0.6896,23.409,19.409
2026-08-21 09:45:00,SHIFT_A,0,35.12,35.7,0.649,0.351,7.835,2.681,2.824,1.192,4.771,4.695,0.982,3,21.97,0,0.0,7.835,0.7383,23.756,19.756
2026-08-21 10:00:00,SHIFT_A,0,35.2,33.7,0.646,0.354,6.684,2.977,2.947,1.225,5.371,4.556,1.002,3,21.61,0,0.0,6.684,0.654,23.728,19.728
2026-08-21 10:15:00,SHIFT_A,0,35.28,36.44,0.646,0.354,7.023,2.684,3.3,0.972,5.637,4.354,1.065,3,21.38,0,0.0,7.023,0.6801,23.595,19.595
2026-08-21 10:30:00,SHIFT_A,0,35.35,35.94,0.646,0.354,7.567,3.158,3.079,1.275,4.916,4.376,0.891,3,21.08,0,0.0,7.567,0.698,23.785,19.785
2026-08-21 10:45:00,SHIFT_A,0,35.41,33.57,0.646,0.354,7.866,2.92,3.117,1.148,5.369,4.61,1.001,3,20.8,0,0.0,7.866,0.7819,24.36,20.36
2026-08-21 11:00:00,SHIFT_A,0,35.47,33.68,0.643,0.357,7.24,3.054,3.185,1.285,5.285,4.296,0.982,3,20.57,0,0.0,7.24,0.6906,24.612,20.612
2026-08-21 11:15:00,SHIFT_A,0,35.52,35.58,0.643,0.357,6.934,3.233,2.95,1.236,5.148,4.398,1.007,3,20.14,0,0.0,6.934,0.6582,24.442,20.442
2026-08-21 11:30:00,SHIFT_A,0,31.3,32.98,0.643,0.357,6.887,2.828,2.787,0.966,5.224,4.122,0.928,3,19.83,0,0.0,6.887,0.6232,24.587,20.587
2026-08-21 11:45:00,SHIFT_A,0,31.34,32.45,0.643,0.357,6.447,2.926,2.765,1.064,4.967,4.715,0.82,3,19.5,0,0.0,6.447,0.6004,24.566,20.566
2026-08-21 12:00:00,SHIFT_A,0,35.64,33.95,0.64,0.36,7.255,2.973,3.012,1.157,4.871,3.919,0.92,3,19.15,0,0.0,7.255,0.6348,24.605,20.605
2026-08-21 12:15:00,SHIFT_A,0,35.67,34.77,0.64,0.36,7.454,2.844,3.032,1.005,4.958,4.291,1.037,3,18.73,0,0.0,7.454,0.6776,24.523,20.523
2026-08-21 12:30:00,SHIFT_A,0,35.69,33.36,0.64,0.36,7.408,2.628,2.954,1.044,4.774,4.334,1.153,3,18.44,0,0.0,7.408,0.6743,24.664,20.664
2026-08-21 12:45:00,SHIFT_A,0,35.7,36.29,0.64,0.36,7.582,2.863,2.642,1.013,4.997,4.743,0.923,2,23.63,0,0.0,6.251,1.2128,24.161,20.161
2026-08-21 13:00:00,SHIFT_A,0,35.7,35.98,0.636,0.364,6.704,2.869,3.035,1.123,4.88,4.392,0.996,3,23.33,1.331,1.843,8.035,0.7418,24.402,20.402
2026-08-21 13:15:00,SHIFT_A,0,35.7,37.17,0.636,0.364,6.749,2.83,3.063,1.036,5.536,4.336,0.933,2,28.07,0,0.0,6.397,1.055,23.883,19.883
2026-08-21 13:30:00,SHIFT_A,0,35.69,37.17,0.636,0.364,7.736,2.602,2.78,1.146,5.268,4.167,1.05,2,33.77,0.352,0.86,6.132,1.25,23.233,19.233
2026-08-21 13:45:00,SHIFT_A,0,35.67,34.37,0.636,0.364,7.176,2.836,3.167,0.955,5.403,4.113,0.899,3,33.37,1.955,2.808,9.131,0.8742,24.361,20.361
2026-08-21 14:00:00,SHIFT_B,0,37.74,35.5,0.633,0.367,7.619,2.84,3.252,1.172,5.116,4.073,0.952,3,32.86,0,0.0,7.619,0.694,24.45,20.45
2026-08-21 14:15:00,SHIFT_B,0,37.7,37.01,0.633,0.367,8.445,3.081,3.135,1.052,5.081,4.145,0.706,3,32.63,0,0.0,8.445,0.7552,24.299,20.299
2026-08-21 14:30:00,SHIFT_B,0,37.66,37.64,0.633,0.367,7.696,2.541,2.859,1.071,5.684,4.081,0.859,3,32.41,0,0.0,7.696,0.726,24.236,20.236
2026-08-21 14:45:00,SHIFT_B,0,37.61,40.47,0.633,0.367,8.327,3.116,3.177,1.267,5.208,4.287,0.978,3,32.18,0,0.0,8.327,0.8075,23.953,19.953
2026-08-21 15:00:00,SHIFT_B,0,37.56,36.26,0.629,0.371,7.401,2.721,3.203,1.109,5.393,4.087,0.918,3,31.83,0,0.0,7.401,0.6857,24.027,20.027
2026-08-21 15:15:00,SHIFT_B,0,37.5,37.84,0.629,0.371,7.169,2.707,3.033,1.22,5.047,4.46,0.834,3,31.54,0,0.0,7.169,0.6673,23.827,19.827
2026-08-21 15:30:00,SHIFT_B,0,37.43,38.34,0.629,0.371,7.446,2.901,2.701,1.309,4.473,4.399,0.965,3,31.2,0,0.0,7.446,0.6682,23.716,19.716
2026-08-21 15:45:00,SHIFT_B,0,37.35,37.53,0.629,0.371,7.136,2.502,2.989,1.148,5.138,4.229,0.937,3,31.04,0,0.0,7.136,0.6579,23.531,19.531
2026-08-21 16:00:00,SHIFT_B,0,37.27,37.06,0.625,0.375,7.632,3.018,3.243,1.285,5.834,4.265,0.953,3,30.47,0,0.0,7.632,0.7685,23.641,19.641
2026-08-21 16:15:00,SHIFT_B,0,37.19,35.63,0.625,0.375,7.367,2.65,3.181,1.039,4.808,4.459,0.961,3,30.14,0,0.0,7.367,0.6683,23.761,19.761
2026-08-21 16:30:00,SHIFT_B,0,37.1,39.42,0.625,0.375,7.518,2.844,3.076,1.156,5.366,4.184,0.873,3,29.83,0,0.0,7.518,0.701,23.578,19.578
2026-08-21 16:45:00,SHIFT_B,0,37.0,35.84,0.625,0.375,7.536,2.531,3.147,1.011,5.541,4.185,0.983,3,29.65,0,0.0,7.536,0.7112,23.762,19.762
2026-08-21 17:00:00,SHIFT_B,0,36.9,35.81,0.621,0.379,8.361,3.25,3.567,1.159,5.213,4.007,0.948,3,29.32,0,0.0,8.361,0.7755,24.362,20.362
2026-08-21 17:15:00,SHIFT_B,0,36.8,37.95,0.621,0.379,7.381,2.701,2.367,1.231,4.837,4.547,0.971,3,29.04,0,0.0,7.381,0.6886,24.205,20.205
2026-08-21 17:30:00,SHIFT_B,0,36.69,35.73,0.621,0.379,7.534,2.606,2.984,1.25,5.194,4.05,0.927,3,28.62,0,0.0,7.534,0.6928,24.399,20.399
2026-08-21 17:45:00,SHIFT_B,0,36.58,38.15,0.621,0.379,6.907,2.593,3.078,1.36,5.097,4.093,1.001,3,28.2,0,0.0,6.907,0.6423,24.038,20.038
2026-08-21 18:00:00,SHIFT_B,0,36.47,36.9,0.617,0.383,7.045,2.488,3.239,1.028,5.101,4.386,0.87,3,27.83,0,0.0,7.045,0.6457,23.869,19.869
2026-08-21 18:15:00,SHIFT_B,0,36.35,35.07,0.617,0.383,7.355,2.6,3.012,1.384,5.419,4.638,1.08,3,27.48,0,0.0,7.355,0.7472,24.04,20.04
2026-08-21 18:30:00,SHIFT_B,0,36.23,35.8,0.617,0.383,7.295,2.801,3.401,1.201,5.575,4.088,1.115,3,26.97,0,0.0,7.295,0.7037,24.108,20.108
2026-08-21 18:45:00,SHIFT_B,0,36.12,35.79,0.617,0.383,6.937,2.859,2.723,1.137,5.38,4.171,0.904,3,26.84,0,0.0,6.937,0.6475,23.998,19.998
2026-08-21 19:00:00,SHIFT_B,0,31.68,31.98,0.613,0.387,6.357,3.058,2.875,1.017,5.392,4.608,1.054,3,26.48,0,0.0,6.357,0.6179,23.979,19.979
2026-08-21 19:15:00,SHIFT_B,0,31.58,31.38,0.613,0.387,6.472,2.477,3.149,1.243,5.045,4.317,0.902,3,26.07,0,0.0,6.472,0.5996,24.076,20.076
2026-08-21 19:30:00,SHIFT_B,0,35.77,36.46,0.613,0.387,7.355,3.229,2.584,0.976,5.908,4.491,1.032,3,25.83,0,0.0,7.355,0.7387,24.108,20.108
2026-08-21 19:45:00,SHIFT_B,0,35.65,33.98,0.613,0.387,6.98,3.08,3.249,1.137,5.219,4.373,0.96,3,25.73,0,0.0,6.98,0.6569,24.199,20.199
2026-08-21 20:00:00,SHIFT_B,0,35.53,37.77,0.609,0.391,6.915,2.626,2.813,1.23,5.456,4.341,0.958,3,25.25,0,0.0,6.915,0.6673,23.88,19.88
2026-08-21 20:15:00,SHIFT_B,0,35.42,34.76,0.609,0.391,7.204,2.843,3.096,1.065,5.339,4.108,1.065,3,25.04,0,0.0,7.204,0.6714,24.005,20.005
2026-08-21 20:30:00,SHIFT_B,0,35.31,33.52,0.609,0.391,6.867,2.79,2.742,1.094,4.983,4.308,0.874,3,24.81,0,0.0,6.867,0.6225,24.087,20.087
2026-08-21 20:45:00,SHIFT_B,0,35.2,35.5,0.609,0.391,7.348,2.831,3.025,1.298,5.104,4.158,1.008,3,24.57,0,0.0,7.348,0.6844,24.211,20.211
2026-08-21 21:00:00,SHIFT_B,0,35.1,35.12,0.604,0.396,6.889,3.074,2.889,1.179,4.864,4.41,0.896,3,24.18,0,0.0,6.889,0.6295,24.143,20.143
2026-08-21 21:15:00,SHIFT_B,0,35.0,31.63,0.604,0.396,6.962,3.264,3.071,1.212,5.104,3.636,0.934,3,23.86,0,0.0,6.962,0.6102,24.461,20.461
2026-08-21 21:30:00,SHIFT_B,0,34.9,34.31,0.604,0.396,6.847,2.677,3.201,1.054,5.104,4.133,0.989,3,23.69,0,0.0,6.847,0.6218,24.454,20.454
2026-08-21 21:45:00,SHIFT_B,0,34.81,35.71,0.604,0.396,7.006,2.859,2.772,1.12,5.307,4.209,0.954,3,23.46,0,0.0,7.006,0.6537,24.386,20.386
2026-08-21 22:00:00,SHIFT_C,0,27.01,25.53,0.6,0.4,5.027,2.23,3.306,1.124,5.646,4.598,1.095,3,23.02,0,0.0,5.027,0.5045,24.347,20.347
2026-08-21 22:15:00,SHIFT_C,0,26.95,27.39,0.6,0.4,5.603,2.203,2.863,1.11,4.622,4.139,1.024,3,22.74,0,0.0,5.603,0.4915,24.409,20.409
2026-08-21 22:30:00,SHIFT_C,0,26.89,27.37,0.6,0.4,5.358,2.303,3.438,1.082,4.561,4.364,0.873,3,22.39,0,0.0,5.358,0.4693,24.352,20.352
2026-08-21 22:45:00,SHIFT_C,0,26.84,29.01,0.6,0.4,4.783,2.561,2.716,0.993,5.278,4.437,0.965,3,22.03,0,0.0,4.783,0.4495,23.842,19.842
2026-08-21 23:00:00,SHIFT_C,0,26.79,28.09,0.595,0.405,5.447,2.115,2.909,1.054,5.476,4.1,0.996,3,21.75,0,0.0,5.447,0.5098,23.757,19.757
2026-08-21 23:15:00,SHIFT_C,0,26.74,27.15,0.595,0.405,5.737,2.536,2.598,1.251,4.815,4.317,0.966,3,21.41,0,0.0,5.737,0.5242,23.911,19.911
2026-08-21 23:30:00,SHIFT_C,0,26.71,26.04,0.595,0.405,5.603,2.253,3.095,1.201,5.07,4.588,1.09,3,21.17,0,0.0,5.603,0.5391,24.108,20.108
2026-08-21 23:45:00,SHIFT_C,0,26.67,26.01,0.595,0.405,5.211,2.264,3.263,1.248,4.944,4.521,1.007,3,20.75,0,0.0,5.211,0.4918,24.113,20.113
2026-08-22 00:00:00,SHIFT_C,1,21.85,22.82,0.602,0.398,4.284,2.673,3.103,1.112,5.498,4.23,0.97,2,25.22,0,0.0,4.284,0.6111,23.974,19.974
2026-08-22 00:15:00,SHIFT_C,1,21.83,20.27,0.602,0.398,4.236,2.238,3.308,1.147,5.199,3.972,0.932,3,25.03,0,0.0,4.236,0.3837,24.065,20.065
2026-08-22 00:30:00,SHIFT_C,1,21.82,22.16,0.602,0.398,4.649,2.475,3.16,1.182,4.533,4.633,0.947,3,24.67,0,0.0,4.649,0.4228,24.173,20.173
2026-08-22 00:45:00,SHIFT_C,1,21.81,22.95,0.602,0.398,4.262,2.099,2.844,1.159,5.091,4.237,1.128,3,24.4,0,0.0,4.262,0.3986,24.01,20.01
2026-08-22 01:00:00,SHIFT_C,1,21.81,21.84,0.598,0.402,3.966,2.24,2.846,1.139,4.552,3.848,0.878,3,24.18,0,0.0,3.966,0.3326,23.808,19.808
2026-08-22 01:15:00,SHIFT_C,1,21.81,22.06,0.598,0.402,4.496,2.115,2.582,1.249,5.449,4.464,0.945,3,23.72,0,0.0,4.496,0.4383,23.851,19.851
2026-08-22 01:30:00,SHIFT_C,1,21.82,22.68,0.598,0.402,4.687,2.288,2.983,1.026,4.881,4.168,0.773,3,23.53,0,0.0,4.687,0.4094,23.927,19.927
2026-08-22 01:45:00,SHIFT_C,1,21.83,19.83,0.598,0.402,4.523,1.923,2.947,1.138,5.222,4.44,0.823,3,23.25,0,0.0,4.523,0.4233,24.205,20.205
2026-08-22 02:00:00,SHIFT_C,1,21.85,23.0,0.593,0.407,4.509,2.157,3.475,1.168,5.232,4.375,0.824,3,22.93,0,0.0,4.509,0.4211,24.16,20.16
2026-08-22 02:15:00,SHIFT_C,1,21.87,20.4,0.593,0.407,4.592,2.246,3.055,1.035,4.715,4.727,0.983,2,26.91,0,0.0,4.592,0.6356,24.416,20.416
2026-08-22 02:30:00,SHIFT_C,1,21.9,20.59,0.593,0.407,4.15,2.573,3.384,1.233,4.984,4.276,0.88,3,26.47,0,0.0,4.15,0.38,24.432,20.432
2026-08-22 02:45:00,SHIFT_C,1,21.93,22.41,0.593,0.407,4.357,1.939,3.238,0.991,5.527,4.334,0.922,3,26.15,0,0.0,4.357,0.4131,24.37,20.37
2026-08-22 03:00:00,SHIFT_C,1,21.97,19.75,0.588,0.412,4.793,2.126,3.053,1.073,5.479,4.003,1.004,3,25.68,0,0.0,4.793,0.4461,24.791,20.791
2026-08-22 03:15:00,SHIFT_C,1,22.01,20.91,0.588,0.412,4.698,2.117,2.822,1.198,5.482,4.445,1.001,3,25.42,0,0.0,4.698,0.4586,25.049,21.049
2026-08-22 03:30:00,SHIFT_C,1,22.05,21.97,0.588,0.412,4.61,2.16,2.935,1.08,5.129,4.371,0.975,3,25.11,0,0.0,4.61,0.4289,25.156,21.156
2026-08-22 03:45:00,SHIFT_C,1,22.1,21.0,0.588,0.412,4.365,2.372,2.948,1.151,4.932,4.194,0.892,3,24.82,0,0.0,4.365,0.3925,25.239,21.239
2026-08-22 04:00:00,SHIFT_C,1,22.15,20.27,0.583,0.417,4.222,2.338,2.853,0.968,4.811,4.053,1.045,3,24.63,0,0.0,4.222,0.3697,25.322,21.322
2026-08-22 04:15:00,SHIFT_C,1,22.2,23.49,0.583,0.417,4.412,2.242,2.899,1.152,4.958,4.048,0.813,3,24.35,0,0.0,4.412,0.3897,25.18,21.18
2026-08-22 04:30:00,SHIFT_C,1,22.26,22.39,0.583,0.417,4.247,2.174,3.065,1.246,5.001,4.128,0.943,3,24.09,0,0.0,4.247,0.387,25.065,21.065
2026-08-22 04:45:00,SHIFT_C,1,22.32,23.05,0.583,0.417,4.51,2.319,3.33,1.225,5.022,4.575,0.812,3,23.77,0,0.0,4.51,0.4225,25.015,21.015
2026-08-22 05:00:00,SHIFT_C,1,22.39,22.83,0.579,0.421,4.38,2.007,3.038,1.137,5.316,4.092,0.933,3,23.29,0,0.0,4.38,0.4048,24.922,20.922
2026-08-22 05:15:00,SHIFT_C,1,22.45,23.75,0.579,0.421,4.676,2.335,2.819,1.239,4.928,4.238,0.997,2,28.58,0,0.0,4.676,0.644,24.885,20.885
2026-08-22 05:30:00,SHIFT_C,1,22.52,22.35,0.579,0.421,4.445,2.195,3.01,1.196,5.455,4.105,1.059,3,28.37,0,0.0,4.445,0.4228,24.873,20.873
2026-08-22 05:45:00,SHIFT_C,1,22.59,20.7,0.579,0.421,4.402,2.172,3.228,1.23,5.166,4.588,0.997,3,28.08,0,0.0,4.402,0.4247,25.004,21.004
2026-08-22 06:00:00,SHIFT_A,1,27.52,26.24,0.574,0.426,5.373,3.091,3.377,1.081,5.109,4.206,0.89,3,27.86,0,0.0,5.373,0.4882,25.066,21.066
2026-08-22 06:15:00,SHIFT_A,1,27.61,29.96,0.574,0.426,5.287,3.026,3.014,1.152,5.649,4.666,0.947,3,27.35,0,0.0,5.287,0.5284,24.714,20.714
2026-08-22 06:30:00,SHIFT_A,1,27.7,27.47,0.574,0.426,5.671,2.221,2.923,1.149,5.027,4.963,0.941,3,27.17,0,0.0,5.671,0.5516,24.803,20.803
2026-08-22 06:45:00,SHIFT_A,1,27.79,26.93,0.574,0.426,5.589,2.244,3.065,1.049,5.081,3.974,1.072,3,26.96,0,0.0,5.589,0.503,24.904,20.904
2026-08-22 07:00:00,SHIFT_A,1,27.88,28.57,0.569,0.431,5.449,2.62,3.213,1.212,5.745,3.916,1.135,3,26.53,0,0.0,5.449,0.5269,24.772,20.772
2026-08-22 07:15:00,SHIFT_A,1,27.97,29.52,0.569,0.431,5.715,2.715,2.746,1.105,5.414,4.732,0.91,3,26.16,0,0.0,5.715,0.5595,24.677,20.677
2026-08-22 07:30:00,SHIFT_A,1,28.06,28.11,0.569,0.431,6.197,2.48,3.298,1.166,5.27,4.275,0.834,3,25.99,0,0.0,6.197,0.576,24.965,20.965
2026-08-22 07:45:00,SHIFT_A,1,28.15,27.82,0.569,0.431,5.619,2.735,3.078,1.14,5.07,4.452,0.882,3,25.67,0,0.0,5.619,0.5223,24.993,20.993
2026-08-22 08:00:00,SHIFT_A,1,28.24,28.54,0.564,0.436,6.207,2.667,3.076,1.258,5.35,4.187,0.986,3,25.34,0,0.0,6.207,0.5888,25.146,21.146
2026-08-22 08:15:00,SHIFT_A,1,28.33,28.86,0.564,0.436,5.673,2.524,3.252,1.329,5.32,4.464,0.934,3,25.01,0,0.0,5.673,0.5502,25.096,21.096
2026-08-22 08:30:00,SHIFT_A,1,28.41,26.69,0.564,0.436,5.595,2.431,3.203,1.241,5.308,4.046,1.07,3,24.77,0,0.0,5.595,0.5254,25.225,21.225
2026-08-22 08:45:00,SHIFT_A,1,28.5,28.2,0.564,0.436,5.597,2.467,2.998,1.233,5.194,4.399,1.026,3,24.5,0,0.0,5.597,0.5341,25.18,21.18
2026-08-22 09:00:00,SHIFT_A,1,28.58,28.75,0.559,0.441,5.347,2.737,3.623,1.285,5.512,4.213,0.987,3,24.29,0,0.0,5.347,0.5165,24.979,20.979
2026-08-22 09:15:00,SHIFT_A,1,28.65,28.77,0.559,0.441,5.752,2.467,3.137,1.096,5.052,4.229,0.995,3,23.96,0,0.0,5.752,0.5266,24.978,20.978
2026-08-22 09:30:00,SHIFT_A,1,28.73,29.06,0.559,0.441,5.047,2.866,3.34,1.121,5.325,4.016,0.972,3,23.59,0,0.0,5.047,0.4646,24.595,20.595
2026-08-22 09:45:00,SHIFT_A,1,28.8,28.75,0.559,0.441,5.477,2.431,2.781,1.184,5.099,4.188,0.914,3,23.3,0,0.0,5.477,0.5021,24.459,20.459
2026-08-22 10:00:00,SHIFT_A,1,28.87,28.53,0.554,0.446,5.255,2.409,4.675,1.221,5.602,4.128,0.842,3,22.82,0,0.0,5.255,0.499,24.233,20.233
2026-08-22 10:15:00,SHIFT_A,1,28.93,29.45,0.554,0.446,5.635,2.333,4.807,1.361,5.204,3.873,0.881,3,22.58,0,0.0,5.635,0.5135,24.106,20.106
2026-08-22 10:30:00,SHIFT_A,1,28.99,29.87,0.554,0.446,5.95,2.515,4.947,1.281,5.179,4.293,0.897,3,22.31,0,0.0,5.95,0.5581,24.094,20.094
2026-08-22 10:45:00,SHIFT_A,1,29.04,29.06,0.554,0.446,5.582,2.611,3.084,1.043,4.71,4.539,0.934,3,22.17,0,0.0,5.582,0.5046,23.98,19.98
2026-08-22 11:00:00,SHIFT_A,1,29.09,28.43,0.549,0.451,5.317,2.473,2.663,1.253,5.315,4.157,0.942,3,21.86,0,0.0,5.317,0.4994,23.796,19.796
2026-08-22 11:15:00,SHIFT_A,1,29.13,28.96,0.549,0.451,5.604,2.509,3.025,1.21,5.13,4.513,0.928,3,21.43,0,0.0,5.604,0.5316,23.702,19.702
2026-08-22 11:30:00,SHIFT_A,1,25.67,24.09,0.549,0.451,5.529,2.316,2.828,1.162,5.093,4.061,0.897,2,25.68,0,0.0,5.529,0.7573,24.058,20.058
2026-08-22 11:45:00,SHIFT_A,1,25.7,24.31,0.549,0.451,5.657,2.59,2.947,1.161,4.876,4.313,0.921,3,25.35,0,0.0,5.657,0.5134,24.455,20.455
2026-08-22 12:00:00,SHIFT_A,1,29.23,29.48,0.544,0.456,5.13,2.792,3.053,1.267,5.351,4.419,1.045,3,24.91,0,0.0,5.13,0.499,24.071,20.071
2026-08-22 12:15:00,SHIFT_A,1,29.25,28.77,0.544,0.456,6.06,2.482,2.909,1.229,5.067,4.122,1.035,2,29.13,0,0.0,6.06,0.8774,24.225,20.225
2026-08-22 12:30:00,SHIFT_A,1,29.26,30.77,0.544,0.456,6.465,2.402,2.864,1.279,5.463,4.197,0.967,3,28.73,0,0.0,6.465,0.6197,24.381,20.381
2026-08-22 12:45:00,SHIFT_A,1,29.27,29.22,0.544,0.456,6.359,2.434,2.63,1.156,5.345,3.903,1.124,3,28.36,0,0.0,6.359,0.5902,24.638,20.638
2026-08-22 13:00:00,SHIFT_A,1,29.27,28.44,0.539,0.461,6.277,2.261,3.451,0.982,5.27,4.079,1.085,3,28.03,0,0.0,6.277,0.577,24.933,20.933
2026-08-22 13:15:00,SHIFT_A,1,29.27,31.19,0.539,0.461,6.522,2.643,2.905,1.197,5.581,4.497,0.941,3,27.79,0,0.0,6.522,0.6415,24.881,20.881
2026-08-22 13:30:00,SHIFT_A,1,29.26,26.15,0.539,0.461,6.105,2.327,2.762,1.178,5.621,4.833,0.97,3,27.43,0,0.0,6.105,0.6195,25.319,21.319
2026-08-22 13:45:00,SHIFT_A,1,29.25,30.98,0.539,0.461,6.273,2.126,2.919,1.133,5.403,4.313,0.96,3,27.2,0,0.0,6.273,0.5964,24.902,20.902
2026-08-22 14:00:00,SHIFT_B,1,30.95,30.62,0.534,0.466,5.83,2.057,3.338,1.174,5.3,3.953,0.909,3,26.83,0,0.0,5.83,0.532,24.755,20.755
2026-08-22 14:15:00,SHIFT_B,1,30.92,33.66,0.534,0.466,6.387,2.547,3.373,1.139,4.784,4.246,0.96,3,26.65,0,0.0,6.387,0.5724,24.583,20.583
2026-08-22 14:30:00,SHIFT_B,1,30.88,30.36,0.534,0.466,5.764,2.156,3.02,1.025,5.056,3.892,0.916,3,26.32,0,0.0,5.764,0.5054,24.429,20.429
2026-08-22 14:45:00,SHIFT_B,1,30.84,32.17,0.534,0.466,6.85,2.463,3.041,1.214,4.591,4.465,0.963,3,26.12,0,0.0,6.85,0.6196,24.637,20.637
2026-08-22 15:00:00,SHIFT_B,1,30.8,31.35,0.529,0.471,6.401,2.467,3.149,1.256,5.471,4.359,0.917,3,25.85,0,0.0,6.401,0.6185,24.702,20.702
2026-08-22 15:15:00,SHIFT_B,1,30.75,30.6,0.529,0.471,6.116,2.676,3.161,0.986,5.295,4.534,0.967,3,25.6,0,0.0,6.116,0.5802,24.7,20.7
2026-08-22 15:30:00,SHIFT_B,1,30.69,29.46,0.529,0.471,6.39,2.274,3.051,1.037,5.382,4.218,0.914,3,25.35,0,0.0,6.39,0.5943,24.949,20.949
2026-08-22 15:45:00,SHIFT_B,1,30.63,30.45,0.529,0.471,5.945,2.679,3.106,1.335,5.324,3.964,0.989,3,24.95,0,0.0,5.945,0.5558,24.877,20.877
2026-08-22 16:00:00,SHIFT_B,1,30.56,31.24,0.524,0.476,6.039,2.206,3.445,1.115,5.43,4.659,0.97,3,24.61,0,0.0,6.039,0.592,24.773,20.773
2026-08-22 16:15:00,SHIFT_B,1,30.49,30.52,0.524,0.476,5.491,2.323,2.991,1.248,5.498,4.241,0.974,3,24.31,0,0.0,5.491,0.5288,24.467,20.467
2026-08-22 16:30:00,SHIFT_B,1,30.42,30.68,0.524,0.476,6.337,1.905,3.441,1.339,5.042,4.239,1.008,3,23.87,0,0.0,6.337,0.5933,24.567,20.567
2026-08-22 16:45:00,SHIFT_B,1,30.34,30.44,0.524,0.476,6.028,2.123,3.051,0.987,5.158,4.389,0.99,3,23.76,0,0.0,6.028,0.5593,24.537,20.537
2026-08-22 17:00:00,SHIFT_B,1,30.26,30.38,0.519,0.481,6.723,2.531,3.155,1.159,5.298,4.795,1.082,3,23.47,0,0.0,6.723,0.6677,24.861,20.861
2026-08-22 17:15:00,SHIFT_B,1,30.17,30.56,0.519,0.481,6.34,2.091,2.762,1.172,5.371,4.363,0.973,3,23.14,0,0.0,6.34,0.6064,24.944,20.944
2026-08-22 17:30:00,SHIFT_B,1,30.08,29.18,0.519,0.481,5.543,2.402,3.078,1.251,4.783,4.285,1.034,3,22.92,0,0.0,5.543,0.5067,24.797,20.797
2026-08-22 17:45:00,SHIFT_B,1,29.99,29.56,0.519,0.481,5.89,2.466,2.787,1.344,4.998,4.159,1.168,3,22.57,0,0.0,5.89,0.5533,24.786,20.786
2026-08-22 18:00:00,SHIFT_B,1,29.9,29.61,0.514,0.486,5.273,2.543,3.182,1.163,5.371,4.735,0.994,3,22.11,0,0.0,5.273,0.5206,24.462,20.462
2026-08-22 18:15:00,SHIFT_B,1,29.81,31.39,0.514,0.486,5.683,2.297,2.952,1.168,5.247,4.182,0.927,3,21.94,0,0.0,5.683,0.5273,24.164,20.164
2026-08-22 18:30:00,SHIFT_B,1,29.71,28.8,0.514,0.486,6.022,2.012,3.14,1.165,5.431,4.507,0.963,3,21.8,0,0.0,6.022,0.585,24.295,20.295
2026-08-22 18:45:00,SHIFT_B,1,29.62,28.85,0.514,0.486,5.794,2.536,2.851,1.132,4.845,4.377,1.071,3,21.48,0,0.0,5.794,0.533,24.307,20.307
2026-08-22 19:00:00,SHIFT_B,1,25.98,27.58,0.51,0.49,5.78,2.347,2.844,1.144,5.097,4.444,0.892,3,21.02,0,0.0,5.78,0.5389,24.44,20.44
2026-08-22 19:15:00,SHIFT_B,1,25.89,26.04,0.51,0.49,5.323,2.55,2.941,1.103,4.949,4.546,0.936,3,20.7,0,0.0,5.323,0.4944,24.497,20.497
2026-08-22 19:30:00,SHIFT_B,1,29.33,28.05,0.51,0.49,5.668,2.758,3.016,0.961,5.253,4.614,1.029,2,24.63,0,0.0,5.668,0.8399,24.526,20.526
2026-08-22 19:45:00,SHIFT_B,1,29.23,29.08,0.51,0.49,6.004,2.738,3.147,1.302,5.338,4.193,0.955,3,24.31,0,0.0,6.004,0.5699,24.621,20.621
2026-08-22 20:00:00,SHIFT_B,1,29.14,30.41,0.505,0.495,6.075,2.51,2.826,1.237,5.431,4.769,1.144,3,24.0,0,0.0,6.075,0.6154,24.617,20.617
2026-08-22 20:15:00,SHIFT_B,1,29.05,28.55,0.505,0.495,5.839,2.665,2.794,1.078,5.24,4.256,0.846,3,23.68,0,0.0,5.839,0.5368,24.682,20.682
2026-08-22 20:30:00,SHIFT_B,1,28.96,30.83,0.505,0.495,5.878,2.43,2.997,1.18,5.695,4.13,0.895,3,23.49,0,0.0,5.878,0.5632,24.538,20.538
2026-08-22 20:45:00,SHIFT_B,1,28.87,28.44,0.505,0.495,5.446,2.908,3.027,1.278,5.179,4.358,0.831,3,23.19,0,0.0,5.446,0.5107,24.416,20.416
2026-08-22 21:00:00,SHIFT_B,1,28.78,29.52,0.5,0.5,6.021,2.441,3.115,1.194,5.146,4.058,1.016,3,22.83,0,0.0,6.021,0.5533,24.475,20.475
2026-08-22 21:15:00,SHIFT_B,1,28.7,28.97,0.5,0.5,6.285,2.374,2.866,1.233,5.23,3.723,0.967,3,22.5,0,0.0,6.285,0.5644,24.721,20.721
2026-08-22 21:30:00,SHIFT_B,1,28.62,30.5,0.5,0.5,5.742,2.733,3.008,1.293,5.939,4.317,1.089,3,22.35,0,0.0,5.742,0.5843,24.542,20.542
2026-08-22 21:45:00,SHIFT_B,1,28.55,30.41,0.5,0.5,5.608,2.501,3.116,1.301,4.778,4.43,0.928,3,21.91,0,0.0,5.608,0.5164,24.305,20.305
2026-08-22 22:00:00,SHIFT_C,1,22.15,20.8,0.496,0.504,4.462,2.172,3.281,1.281,5.589,4.044,0.978,3,21.5,0,0.0,4.462,0.4273,24.455,20.455
2026-08-22 22:15:00,SHIFT_C,1,22.1,23.02,0.496,0.504,4.896,2.091,3.428,0.929,5.506,4.333,1.019,3,21.05,0,0.0,4.896,0.4647,24.602,20.602
2026-08-22 22:30:00,SHIFT_C,1,22.05,21.97,0.496,0.504,3.96,2.103,2.86,1.168,5.368,4.212,0.875,3,20.67,0,0.0,3.96,0.3706,24.385,20.385
2026-08-22 22:45:00,SHIFT_C,1,22.01,22.58,0.496,0.504,4.492,2.431,3.157,1.273,5.428,4.39,0.902,1,31.16,0,0.0,2.917,1.25,23.586,19.586
2026-08-22 23:00:00,SHIFT_C,1,21.97,26.46,0.491,0.509,4.31,2.338,2.639,1.226,5.255,3.942,1.057,3,30.86,1.575,2.184,5.885,0.544,23.882,19.882
2026-08-22 23:15:00,SHIFT_C,1,21.93,21.23,0.491,0.509,4.308,2.248,2.951,1.179,5.804,4.38,0.959,3,30.52,0,0.0,4.308,0.4274,23.913,19.913
2026-08-22 23:30:00,SHIFT_C,1,21.9,22.87,0.491,0.509,3.735,2.117,2.89,1.102,5.318,4.473,1.03,3,30.31,0,0.0,3.735,0.3585,23.493,19.493
2026-08-22 23:45:00,SHIFT_C,1,21.87,20.9,0.491,0.509,4.648,2.044,2.988,1.168,5.23,3.989,0.92,3,29.93,0,0.0,4.648,0.4231,23.726,19.726
2026-08-23 00:00:00,SHIFT_C,1,21.85,22.89,0.498,0.502,3.596,2.167,3.199,1.06,5.54,4.794,0.939,3,29.57,0,0.0,3.596,0.3571,23.235,19.235
2026-08-23 00:15:00,SHIFT_C,1,21.83,21.36,0.498,0.502,4.039,2.361,3.084,1.116,5.575,4.159,0.912,3,29.22,0,0.0,4.039,0.3825,23.119,19.119
2026-08-23 00:30:00,SHIFT_C,1,21.82,19.57,0.498,0.502,4.456,2.612,2.953,1.025,5.499,4.232,0.902,3,29.04,0,0.0,4.456,0.4182,23.389,19.389
2026-08-23 00:45:00,SHIFT_C,1,21.81,22.41,0.498,0.502,4.35,2.296,2.868,1.123,5.907,3.943,0.988,3,28.64,0,0.0,4.35,0.4189,23.323,19.323
2026-08-23 01:00:00,SHIFT_C,1,21.81,21.42,0.493,0.507,4.494,2.424,2.801,1.204,4.734,4.156,0.866,3,28.19,0,0.0,4.494,0.3966,23.427,19.427
2026-08-23 01:15:00,SHIFT_C,1,21.81,22.54,0.493,0.507,4.346,2.589,2.847,1.173,5.458,4.545,0.995,3,27.86,0,0.0,4.346,0.4259,23.346,19.346
2026-08-23 01:30:00,SHIFT_C,1,21.82,22.53,0.493,0.507,4.356,2.37,3.027,1.042,5.682,3.804,0.817,3,27.52,0,0.0,4.356,0.3979,23.272,19.272
2026-08-23 01:45:00,SHIFT_C,1,21.83,20.11,0.493,0.507,4.856,1.97,3.222,1.164,5.053,4.634,0.854,3,27.08,0,0.0,4.856,0.4577,23.689,19.689
2026-08-23 02:00:00,SHIFT_C,1,21.85,22.36,0.489,0.511,3.915,2.325,2.767,1.144,5.439,4.121,0.979,3,26.8,0,0.0,3.915,0.3683,23.411,19.411
2026-08-23 02:15:00,SHIFT_C,1,21.87,23.66,0.489,0.511,4.219,2.851,3.004,1.306,5.633,4.572,0.958,3,26.4,0,0.0,4.219,0.4235,23.154,19.154
2026-08-23 02:30:00,SHIFT_C,1,21.9,20.9,0.489,0.511,4.031,2.298,3.013,0.988,4.947,4.572,0.926,3,25.87,0,0.0,4.031,0.3711,23.08,19.08
2026-08-23 02:45:00,SHIFT_C,1,21.93,22.13,0.489,0.511,4.327,2.409,3.233,1.22,5.315,4.44,0.966,3,25.56,0,0.0,4.327,0.416,23.03,19.03
2026-08-23 03:00:00,SHIFT_C,1,21.97,22.9,0.485,0.515,4.215,2.144,2.841,1.189,4.953,4.015,0.961,3,25.21,0,0.0,4.215,0.3773,22.848,18.848
2026-08-23 03:15:00,SHIFT_C,1,22.01,23.15,0.485,0.515,4.063,2.429,3.009,1.075,5.274,4.761,0.729,3,24.78,0,0.0,4.063,0.3873,22.565,18.565
2026-08-23 03:30:00,SHIFT_C,1,22.05,22.02,0.485,0.515,4.02,2.234,3.405,1.123,5.019,4.199,1.006,3,24.44,0,0.0,4.02,0.3673,22.373,18.373
2026-08-23 03:45:00,SHIFT_C,1,22.1,19.31,0.485,0.515,4.583,2.07,2.972,1.047,5.348,3.706,0.841,3,24.17,0,0.0,4.583,0.4038,22.734,18.734
2026-08-23 04:00:00,SHIFT_C,1,22.15,20.04,0.481,0.519,3.759,2.046,3.1,1.061,4.727,4.429,0.911,3,23.85,0,0.0,3.759,0.3368,22.609,18.609
2026-08-23 04:15:00,SHIFT_C,1,22.2,25.15,0.481,0.519,4.368,2.321,2.994,1.244,5.222,4.542,0.92,3,23.46,0,0.0,4.368,0.4196,22.278,18.278
2026-08-23 04:30:00,SHIFT_C,1,22.26,23.22,0.481,0.519,4.623,2.449,3.307,1.123,5.573,4.467,0.884,3,23.13,0,0.0,4.623,0.4485,22.268,18.268
2026-08-23 04:45:00,SHIFT_C,1,22.32,20.3,0.481,0.519,4.469,1.954,3.049,1.01,5.331,4.646,0.921,2,27.12,0,0.0,4.469,0.6426,22.473,18.473
2026-08-23 05:00:00,SHIFT_C,1,22.39,22.51,0.477,0.523,4.194,2.195,2.911,1.237,5.433,4.385,0.852,3,26.72,0,0.0,4.194,0.402,22.319,18.319
2026-08-23 05:15:00,SHIFT_C,1,22.45,22.79,0.477,0.523,4.401,2.199,2.919,1.07,5.286,4.866,0.921,3,26.3,0,0.0,4.401,0.4303,22.24,18.24
2026-08-23 05:30:00,SHIFT_C,1,22.52,21.62,0.477,0.523,4.582,2.312,2.74,1.155,5.251,4.633,0.932,3,25.97,0,0.0,4.582,0.4416,22.37,18.37
2026-08-23 05:45:00,SHIFT_C,1,22.59,22.27,0.477,0.523,4.734,2.111,2.825,1.125,4.957,4.418,0.932,3,25.63,0,0.0,4.734,0.4358,22.51,18.51
2026-08-23 06:00:00,SHIFT_A,1,27.52,28.27,0.473,0.527,5.503,2.697,3.581,1.125,5.032,4.427,0.747,3,25.31,0,0.0,5.503,0.502,22.434,18.434
2026-08-23 06:15:00,SHIFT_A,1,27.61,28.42,0.473,0.527,5.11,2.41,2.693,1.06,5.829,3.855,0.862,3,25.02,0,0.0,5.11,0.4775,22.147,18.147
2026-08-23 06:30:00,SHIFT_A,1,27.7,27.69,0.473,0.527,5.21,2.435,2.93,1.143,5.646,4.398,0.761,3,24.81,0,0.0,5.21,0.5012,21.983,17.983
2026-08-23 06:45:00,SHIFT_A,1,27.79,26.9,0.473,0.527,5.656,2.882,3.053,1.183,4.993,4.312,0.813,3,24.33,0,0.0,5.656,0.5147,22.121,18.121
2026-08-23 07:00:00,SHIFT_A,1,27.88,28.45,0.469,0.531,5.948,2.423,2.99,1.219,4.789,4.462,0.948,3,24.0,0,0.0,5.948,0.5469,22.25,18.25
2026-08-23 07:15:00,SHIFT_A,1,27.97,25.56,0.469,0.531,5.918,2.926,2.963,1.122,5.011,4.167,0.835,3,23.72,0,0.0,5.918,0.5306,22.654,18.654
2026-08-23 07:30:00,SHIFT_A,1,28.06,26.27,0.469,0.531,5.601,2.422,3.215,1.26,5.19,4.37,1.038,3,23.45,0,0.0,5.601,0.5348,22.827,18.827
2026-08-23 07:45:00,SHIFT_A,1,28.15,27.16,0.469,0.531,5.719,2.889,2.94,1.257,5.435,4.846,0.997,3,23.04,0,0.0,5.719,0.5772,22.971,18.971
2026-08-23 08:00:00,SHIFT_A,1,28.24,27.75,0.465,0.535,5.738,2.851,3.323,1.266,4.816,3.86,0.962,3,22.69,0,0.0,5.738,0.5037,23.065,19.065
2026-08-23 08:15:00,SHIFT_A,1,28.33,28.63,0.465,0.535,5.521,2.624,2.751,1.238,4.857,4.187,0.943,3,22.25,0,0.0,5.521,0.499,22.962,18.962
2026-08-23 08:30:00,SHIFT_A,1,28.41,26.33,0.465,0.535,5.837,2.987,2.832,0.91,5.689,4.575,1.011,3,21.98,0,0.0,5.837,0.5727,23.248,19.248
2026-08-23 08:45:00,SHIFT_A,1,28.5,29.25,0.465,0.535,5.889,2.549,3.262,1.377,5.118,4.312,1.077,3,21.75,0,0.0,5.889,0.5635,23.268,19.268
2026-08-23 09:00:00,SHIFT_A,1,28.58,28.35,0.462,0.538,6.344,2.485,3.274,1.18,5.724,4.579,0.937,3,21.28,0,0.0,6.344,0.6345,23.605,19.605
2026-08-23 09:15:00,SHIFT_A,1,28.65,28.49,0.462,0.538,5.318,2.704,2.9,1.217,5.009,4.019,0.873,3,21.14,0,0.0,5.318,0.4761,23.415,19.415
2026-08-23 09:30:00,SHIFT_A,1,28.73,27.68,0.462,0.538,5.703,2.689,3.029,1.368,4.991,4.381,1.017,2,26.22,0,0.0,5.703,0.8378,23.499,19.499
2026-08-23 09:45:00,SHIFT_A,1,28.8,29.36,0.462,0.538,6.086,2.494,2.882,1.26,5.33,4.08,0.95,3,25.98,0,0.0,6.086,0.5695,23.607,19.607
2026-08-23 10:00:00,SHIFT_A,1,28.87,29.46,0.459,0.541,6.732,2.353,2.912,1.118,5.21,4.318,1.031,3,25.5,0,0.0,6.732,0.6329,24.027,20.027
2026-08-23 10:15:00,SHIFT_A,1,28.93,29.52,0.459,0.541,5.887,2.128,2.868,1.075,5.443,4.348,1.096,3,24.99,0,0.0,5.887,0.5669,24.018,20.018
2026-08-23 10:30:00,SHIFT_A,1,28.99,28.52,0.459,0.541,5.888,2.844,3.185,1.237,5.337,4.039,0.887,3,24.5,0,0.0,5.888,0.5452,24.111,20.111
2026-08-23 10:45:00,SHIFT_A,1,29.04,26.94,0.459,0.541,5.255,2.772,2.903,1.135,4.85,4.385,0.885,3,24.22,0,0.0,5.255,0.4762,24.044,20.044
2026-08-23 11:00:00,SHIFT_A,1,29.09,27.02,0.455,0.545,5.734,2.831,3.027,1.241,5.038,4.578,0.951,3,23.81,0,0.0,5.734,0.5451,24.209,20.209
2026-08-23 11:15:00,SHIFT_A,1,29.13,29.95,0.455,0.545,5.321,2.258,3.061,1.163,4.673,4.256,0.819,3,23.49,0,0.0,5.321,0.4675,23.873,19.873
2026-08-23 11:30:00,SHIFT_A,1,25.67,26.99,0.455,0.545,5.115,2.371,2.959,1.188,4.775,4.351,0.957,3,23.32,0,0.0,5.115,0.4642,23.732,19.732
2026-08-23 11:45:00,SHIFT_A,1,25.7,25.06,0.455,0.545,4.702,2.345,3.135,1.011,5.11,4.173,0.939,3,23.02,0,0.0,4.702,0.4253,23.578,19.578
2026-08-23 12:00:00,SHIFT_A,1,29.23,29.81,0.452,0.548,5.944,2.158,3.073,1.262,4.92,4.169,0.948,2,28.59,0,0.0,5.944,0.8406,23.569,19.569
2026-08-23 12:15:00,SHIFT_A,1,29.25,28.04,0.452,0.548,5.713,2.379,3.187,1.114,5.268,4.539,0.79,3,28.26,0,0.0,5.713,0.5386,23.621,19.621
2026-08-23 12:30:00,SHIFT_A,1,29.26,29.46,0.452,0.548,5.944,2.119,2.809,0.89,4.946,4.66,0.918,3,27.79,0,0.0,5.944,0.5463,23.647,19.647
2026-08-23 12:45:00,SHIFT_A,1,29.27,27.52,0.452,0.548,6.458,2.717,2.686,1.259,5.185,4.046,0.86,3,27.41,0,0.0,6.458,0.5902,24.124,20.124
2026-08-23 13:00:00,SHIFT_A,1,29.27,27.71,0.45,0.55,6.866,2.362,3.119,1.106,5.083,4.069,0.804,3,27.02,0,0.0,6.866,0.6115,24.786,20.786
2026-08-23 13:15:00,SHIFT_A,1,29.27,29.39,0.45,0.55,6.382,2.448,2.929,1.226,5.418,4.136,0.964,3,26.74,0,0.0,6.382,0.6035,25.039,21.039
2026-08-23 13:30:00,SHIFT_A,1,29.26,31.55,0.45,0.55,6.254,2.276,2.778,1.151,4.926,4.115,1.006,3,26.48,0,0.0,6.254,0.5639,24.845,20.845
2026-08-23 13:45:00,SHIFT_A,1,29.25,27.83,0.45,0.55,6.235,2.209,3.055,0.986,5.296,3.806,0.998,3,26.15,0,0.0,6.235,0.5566,25.179,21.179
2026-08-23 14:00:00,SHIFT_B,1,30.95,30.14,0.447,0.553,6.152,2.33,3.336,1.199,5.464,4.714,0.992,2,31.27,0,0.0,6.152,0.9854,24.986,20.986
2026-08-23 14:15:00,SHIFT_B,1,30.92,30.9,0.447,0.553,6.065,2.274,2.68,1.159,5.305,4.718,0.919,3,31.09,0,0.0,6.065,0.5909,24.91,20.91
2026-08-23 14:30:00,SHIFT_B,1,30.88,30.27,0.447,0.553,6.566,2.237,3.056,1.033,5.405,4.224,1.121,3,30.83,0,0.0,6.566,0.6229,24.973,20.973
2026-08-23 14:45:00,SHIFT_B,1,30.84,32.34,0.447,0.553,6.314,2.413,3.083,1.288,4.992,4.377,1.007,3,30.74,0,0.0,6.314,0.593,24.766,20.766
2026-08-23 15:00:00,SHIFT_B,1,30.8,31.85,0.445,0.555,6.278,2.727,2.833,0.984,5.291,4.23,0.929,3,30.35,0,0.0,6.278,0.5779,24.72,20.72
2026-08-23 15:15:00,SHIFT_B,1,30.75,32.24,0.445,0.555,5.611,2.426,3.084,1.118,4.978,4.203,1.001,3,29.97,0,0.0,5.611,0.5106,24.302,20.302
2026-08-23 15:30:00,SHIFT_B,1,30.69,30.8,0.445,0.555,6.187,2.409,2.979,1.791,4.613,4.151,4.45,3,29.68,0,0.0,6.187,0.7537,24.316,20.316
2026-08-23 15:45:00,SHIFT_B,1,30.63,30.76,0.445,0.555,6.592,2.266,2.723,1.692,5.13,4.097,1.475,3,29.59,0,0.0,6.592,0.6578,24.536,20.536
2026-08-23 16:00:00,SHIFT_B,1,30.56,29.31,0.442,0.558,5.846,2.195,2.984,2.507,5.303,4.299,1.37,3,29.18,0,0.0,5.846,0.6344,24.528,20.528
2026-08-23 16:15:00,SHIFT_B,1,30.49,31.09,0.442,0.558,5.49,2.383,2.9,1.673,5.321,4.014,1.913,3,28.79,0,0.0,5.49,0.5711,24.164,20.164
2026-08-23 16:30:00,SHIFT_B,1,30.42,29.45,0.442,0.558,5.654,2.32,3.064,1.107,5.566,3.884,1.021,3,28.44,0,0.0,5.654,0.5271,24.046,20.046
2026-08-23 16:45:00,SHIFT_B,1,30.34,31.79,0.442,0.558,5.472,2.419,2.835,1.18,5.394,4.29,0.987,3,28.05,0,0.0,5.472,0.5221,23.603,19.603
2026-08-23 17:00:00,SHIFT_B,1,30.26,33.82,0.44,0.56,5.664,2.757,2.534,0.996,5.238,4.376,0.993,3,27.63,0,0.0,5.664,0.5291,23.053,19.053
2026-08-23 17:15:00,SHIFT_B,1,30.17,29.49,0.44,0.56,5.509,2.123,3.413,1.166,5.595,4.129,0.997,3,27.26,0,0.0,5.509,0.5272,22.858,18.858
2026-08-23 17:30:00,SHIFT_B,1,30.08,28.92,0.44,0.56,6.49,2.828,3.059,1.098,5.471,4.779,0.805,3,26.97,0,0.0,6.49,0.635,23.211,19.211
2026-08-23 17:45:00,SHIFT_B,1,29.99,29.4,0.44,0.56,5.385,2.208,2.798,1.213,5.514,4.174,1.013,3,26.77,0,0.0,5.385,0.5165,22.964,18.964
2026-08-23 18:00:00,SHIFT_B,1,29.9,29.96,0.438,0.562,5.817,2.192,3.119,0.992,5.559,4.126,0.817,3,26.49,0,0.0,5.817,0.5383,22.875,18.875
2026-08-23 18:15:00,SHIFT_B,1,29.81,29.97,0.438,0.562,4.654,2.565,2.594,1.048,5.418,4.498,0.969,3,26.22,0,0.0,4.654,0.4471,22.206,18.206
2026-08-23 18:30:00,SHIFT_B,1,29.71,30.94,0.438,0.562,5.81,2.648,3.16,1.126,5.451,4.19,0.905,3,25.85,0,0.0,5.81,0.546,22.016,18.016
2026-08-23 18:45:00,SHIFT_B,1,29.62,30.46,0.438,0.562,6.529,2.283,2.992,1.253,4.835,4.239,0.958,3,25.66,0,0.0,6.529,0.5933,22.235,18.235
2026-08-23 19:00:00,SHIFT_B,1,25.98,27.34,0.436,0.564,5.207,2.57,3.386,1.162,5.049,4.554,0.919,3,25.52,0,0.0,5.207,0.4899,22.105,18.105
2026-08-23 19:15:00,SHIFT_B,1,25.89,22.78,0.436,0.564,5.095,2.523,2.98,1.054,5.648,4.05,0.959,3,25.16,0,0.0,5.095,0.4804,22.374,18.374
2026-08-23 19:30:00,SHIFT_B,1,29.33,30.01,0.436,0.564,6.424,2.374,2.999,1.164,5.171,4.211,0.938,3,24.88,0,0.0,6.424,0.5939,22.585,18.585
2026-08-23 19:45:00,SHIFT_B,1,29.23,28.02,0.436,0.564,5.761,2.651,3.007,0.974,5.052,4.256,1.088,3,24.52,0,0.0,5.761,0.5274,22.664,18.664
2026-08-23 20:00:00,SHIFT_B,1,29.14,28.13,0.435,0.565,6.032,2.214,2.927,1.279,4.918,3.92,0.886,3,24.02,0,0.0,6.032,0.5343,22.867,18.867
2026-08-23 20:15:00,SHIFT_B,1,29.05,28.22,0.435,0.565,6.043,2.726,2.969,1.157,5.154,4.207,1.09,3,23.72,0,0.0,6.043,0.5648,23.067,19.067
2026-08-23 20:30:00,SHIFT_B,1,28.96,27.63,0.435,0.565,5.565,2.748,3.119,1.103,5.015,4.444,0.893,3,23.58,0,0.0,5.565,0.5133,23.087,19.087
2026-08-23 20:45:00,SHIFT_B,1,28.87,28.48,0.435,0.565,6.579,2.657,2.629,1.075,5.043,4.747,0.831,3,23.34,0,0.0,6.579,0.6195,23.528,19.528
2026-08-23 21:00:00,SHIFT_B,1,28.78,28.4,0.434,0.566,5.787,2.513,2.797,1.097,5.105,4.508,1.053,3,23.03,0,0.0,5.787,0.5481,23.581,19.581
2026-08-23 21:15:00,SHIFT_B,1,28.7,27.2,0.434,0.566,5.591,2.63,2.9,0.976,4.89,3.89,1.18,3,22.58,0,0.0,5.591,0.4923,23.656,19.656
2026-08-23 21:30:00,SHIFT_B,1,28.62,30.25,0.434,0.566,5.226,2.805,3.04,1.301,5.27,3.92,0.987,3,22.25,0,0.0,5.226,0.483,23.245,19.245
2026-08-23 21:45:00,SHIFT_B,1,28.55,26.48,0.434,0.566,6.141,2.615,2.915,1.065,5.523,4.388,0.717,2,27.59,0,0.0,6.141,0.9164,23.667,19.667
2026-08-23 22:00:00,SHIFT_C,1,22.15,22.16,0.433,0.567,4.642,1.889,3.353,1.18,5.2,3.994,0.954,3,27.4,0,0.0,4.642,0.4234,23.772,19.772
2026-08-23 22:15:00,SHIFT_C,1,22.1,21.87,0.433,0.567,4.166,2.098,3.416,0.984,4.765,4.123,0.909,3,27.2,0,0.0,4.166,0.3617,23.668,19.668
2026-08-23 22:30:00,SHIFT_C,1,22.05,23.17,0.433,0.567,4.05,2.009,2.928,1.204,5.618,4.375,0.931,3,26.84,0,0.0,4.05,0.3955,23.376,19.376
2026-08-23 22:45:00,SHIFT_C,1,22.01,22.97,0.433,0.567,4.483,2.253,3.122,1.283,5.5,4.219,0.907,3,26.4,0,0.0,4.483,0.4299,23.321,19.321
2026-08-23 23:00:00,SHIFT_C,1,21.97,22.33,0.432,0.568,4.247,2.081,2.962,1.247,5.475,4.399,0.89,3,26.02,0,0.0,4.247,0.4107,23.211,19.211
2026-08-23 23:15:00,SHIFT_C,1,21.93,23.44,0.432,0.568,3.974,2.302,3.141,1.266,5.652,3.948,0.926,3,25.83,0,0.0,3.974,0.3773,22.854,18.854
2026-08-23 23:30:00,SHIFT_C,1,21.9,21.94,0.432,0.568,3.684,2.325,3.104,1.085,5.104,4.148,1.04,3,25.51,0,0.0,3.684,0.3375,22.502,18.502
2026-08-23 23:45:00,SHIFT_C,1,21.87,23.56,0.432,0.568,4.356,2.379,3.171,1.155,5.739,3.956,1.015,3,25.32,0,0.0,4.356,0.4162,22.323,18.323
2026-08-24 00:00:00,SHIFT_C,0,26.65,26.18,0.433,0.567,5.195,2.37,3.264,1.215,5.066,4.309,0.944,3,25.15,0,0.0,5.195,0.4824,22.302,18.302
2026-08-24 00:15:00,SHIFT_C,0,26.63,26.66,0.433,0.567,5.152,2.541,3.027,1.088,5.123,4.002,0.936,3,25.03,0,0.0,5.152,0.4625,22.212,18.212
2026-08-24 00:30:00,SHIFT_C,0,26.61,25.99,0.433,0.567,5.322,2.348,3.222,1.379,5.612,4.491,1.057,3,24.7,0,0.0,5.322,0.5374,22.274,18.274
2026-08-24 00:45:00,SHIFT_C,0,26.6,26.91,0.433,0.567,5.429,2.401,2.635,1.237,5.078,4.414,0.988,3,24.31,0,0.0,5.429,0.5121,22.298,18.298
2026-08-24 01:00:00,SHIFT_C,0,26.6,25.96,0.432,0.568,5.808,2.727,3.077,1.235,5.001,4.578,0.92,3,24.02,0,0.0,5.808,0.5488,22.606,18.606
2026-08-24 01:15:00,SHIFT_C,0,26.6,24.83,0.432,0.568,5.473,2.816,2.865,1.083,5.111,4.2,0.88,3,23.74,0,0.0,5.473,0.4968,22.86,18.86
2026-08-24 01:30:00,SHIFT_C,0,26.61,25.38,0.432,0.568,5.624,2.36,3.308,1.117,5.447,3.886,0.905,3,23.27,0,0.0,5.624,0.5143,23.135,19.135
2026-08-24 01:45:00,SHIFT_C,0,26.63,27.16,0.432,0.568,5.223,2.96,2.676,1.037,5.062,4.548,1.04,3,22.8,0,0.0,5.223,0.4914,23.031,19.031
2026-08-24 02:00:00,SHIFT_C,0,26.65,26.48,0.431,0.569,4.912,2.12,2.757,1.043,5.409,4.168,0.839,3,22.6,0,0.0,4.912,0.4532,22.838,18.838
2026-08-24 02:15:00,SHIFT_C,0,26.67,28.58,0.431,0.569,5.054,2.669,2.774,1.095,5.199,4.211,0.953,3,22.3,0,0.0,5.054,0.4663,22.507,18.507
2026-08-24 02:30:00,SHIFT_C,0,26.71,27.67,0.431,0.569,4.717,3.077,2.933,1.088,4.613,3.919,0.902,2,27.76,0,0.0,4.717,0.5994,22.098,18.098
2026-08-24 02:45:00,SHIFT_C,0,26.74,28.12,0.431,0.569,5.576,2.181,2.901,0.934,4.876,4.372,1.018,3,27.36,0,0.0,5.576,0.5028,22.074,18.074
2026-08-24 03:00:00,SHIFT_C,0,26.79,28.28,0.431,0.569,6.109,2.583,3.15,1.34,5.357,4.247,1.14,3,26.98,0,0.0,6.109,0.5944,22.3,18.3
2026-08-24 03:15:00,SHIFT_C,0,26.84,24.61,0.431,0.569,5.785,2.745,2.991,1.08,5.496,4.278,0.909,3,26.77,0,0.0,5.785,0.5479,22.732,18.732
2026-08-24 03:30:00,SHIFT_C,0,26.89,25.59,0.431,0.569,5.613,2.65,2.757,1.106,5.144,3.958,0.943,3,26.42,0,0.0,5.613,0.5039,22.979,18.979
2026-08-24 03:45:00,SHIFT_C,0,26.95,26.66,0.431,0.569,5.273,2.685,3.266,1.056,5.106,4.085,0.871,3,26.15,0,0.0,5.273,0.472,22.95,18.95
2026-08-24 04:00:00,SHIFT_C,0,27.01,28.49,0.43,0.57,5.436,2.433,3.142,1.346,4.984,4.61,1.074,3,25.84,0,0.0,5.436,0.5259,22.818,18.818
2026-08-24 04:15:00,SHIFT_C,0,27.08,27.19,0.43,0.57,5.745,2.831,3.305,1.178,5.081,4.122,1.009,3,25.48,0,0.0,5.745,0.5269,22.972,18.972
2026-08-24 04:30:00,SHIFT_C,0,27.15,25.58,0.43,0.57,5.573,2.725,2.586,1.164,4.954,4.556,1.019,2,29.87,0,0.0,5.573,0.8074,23.201,19.201
2026-08-24 04:45:00,SHIFT_C,0,27.22,27.19,0.43,0.57,5.261,2.392,2.822,0.994,4.791,4.44,0.931,3,29.46,0,0.0,5.261,0.4725,23.112,19.112
2026-08-24 05:00:00,SHIFT_C,0,27.3,28.04,0.43,0.57,5.081,2.569,3.083,1.224,5.152,3.923,0.855,3,29.23,0,0.0,5.081,0.4563,22.849,18.849
2026-08-24 05:15:00,SHIFT_C,0,27.38,27.94,0.43,0.57,5.597,2.637,3.063,0.963,5.372,3.908,1.052,3,28.89,0,0.0,5.597,0.509,22.853,18.853
2026-08-24 05:30:00,SHIFT_C,0,27.46,27.11,0.43,0.57,5.696,2.313,3.406,1.313,5.631,4.178,0.972,3,28.39,0,0.0,5.696,0.5546,22.99,18.99
2026-08-24 05:45:00,SHIFT_C,0,27.55,26.57,0.43,0.57,4.804,2.483,2.899,1.128,5.97,4.2,0.942,3,28.12,0,0.0,4.804,0.4733,22.735,18.735
2026-08-24 06:00:00,SHIFT_A,0,33.56,33.38,0.43,0.57,6.335,3.277,3.221,1.145,5.478,4.482,0.978,3,27.73,0,0.0,6.335,0.6163,22.565,18.565
2026-08-24 06:15:00,SHIFT_A,0,33.67,34.15,0.43,0.57,7.266,3.374,2.929,1.158,4.697,4.249,0.881,3,27.35,0,0.0,7.266,0.6426,22.783,18.783
2026-08-24 06:30:00,SHIFT_A,0,33.78,35.9,0.43,0.57,6.274,2.93,3.071,1.114,5.265,4.443,0.899,3,26.99,0,0.0,6.274,0.5921,22.33,18.33
2026-08-24 06:45:00,SHIFT_A,0,33.89,33.87,0.43,0.57,7.51,3.089,3.033,1.26,5.031,4.001,0.962,3,26.82,0,0.0,7.51,0.6806,22.699,18.699
2026-08-24 07:00:00,SHIFT_A,0,34.0,34.41,0.43,0.57,6.997,3.322,3.084,1.192,5.364,4.033,0.88,3,26.67,0,0.0,6.997,0.6461,22.756,18.756
2026-08-24 07:15:00,SHIFT_A,0,34.11,34.04,0.43,0.57,7.714,3.073,3.137,1.255,5.117,4.559,0.976,3,26.51,0,0.0,7.714,0.7449,23.208,19.208
2026-08-24 07:30:00,SHIFT_A,0,34.22,33.9,0.43,0.57,6.856,2.943,2.965,1.076,5.454,4.18,1.07,3,26.17,0,0.0,6.856,0.6502,23.247,19.247
2026-08-24 07:45:00,SHIFT_A,0,34.33,34.41,0.43,0.57,7.255,3.176,2.948,1.142,5.417,4.154,0.926,3,25.99,0,0.0,7.255,0.6799,23.433,19.433
2026-08-24 08:00:00,SHIFT_A,0,34.44,35.28,0.431,0.569,6.674,3.262,3.044,1.028,5.136,4.408,0.888,3,25.8,0,0.0,6.674,0.6158,23.242,19.242
2026-08-24 08:15:00,SHIFT_A,0,34.55,34.24,0.431,0.569,6.633,3.142,2.853,1.082,4.855,4.129,1.06,3,25.49,0,0.0,6.633,0.5941,23.134,19.134
2026-08-24 08:30:00,SHIFT_A,0,34.65,34.57,0.431,0.569,7.558,2.973,3.01,1.212,4.728,4.146,0.913,3,25.25,0,0.0,7.558,0.6694,23.456,19.456
2026-08-24 08:45:00,SHIFT_A,0,34.75,34.86,0.431,0.569,6.825,3.278,3.068,1.109,4.889,4.477,0.891,3,24.86,0,0.0,6.825,0.6246,23.383,19.383
2026-08-24 09:00:00,SHIFT_A,0,34.85,34.44,0.431,0.569,6.586,2.552,2.836,1.458,4.777,3.934,0.84,3,24.34,0,0.0,6.586,0.5838,23.232,19.232
2026-08-24 09:15:00,SHIFT_A,0,34.94,36.5,0.431,0.569,7.139,2.674,3.208,1.245,5.034,4.642,0.84,3,24.03,0,0.0,7.139,0.676,23.152,19.152
2026-08-24 09:30:00,SHIFT_A,0,35.03,36.02,0.431,0.569,7.325,2.914,3.369,1.157,5.45,4.322,0.803,3,23.59,0,0.0,7.325,0.692,23.212,19.212
2026-08-24 09:45:00,SHIFT_A,0,35.12,32.61,0.431,0.569,7.031,2.827,3.012,1.105,5.258,3.963,0.764,2,29.13,0,0.0,6.85,1.0265,23.376,19.376
2026-08-24 10:00:00,SHIFT_A,0,35.2,35.77,0.432,0.568,6.904,2.928,2.957,1.226,4.81,3.996,1.024,3,28.82,0.182,0.243,7.086,0.6307,23.342,19.342
2026-08-24 10:15:00,SHIFT_A,0,35.28,36.18,0.432,0.568,6.654,3.06,3.142,1.285,5.417,4.236,0.961,3,28.52,0,0.0,6.654,0.6375,23.051,19.051
2026-08-24 10:30:00,SHIFT_A,0,35.35,35.23,0.432,0.568,7.433,2.918,3.091,1.022,4.998,4.309,1.109,3,28.15,0,0.0,7.433,0.6845,23.245,19.245
2026-08-24 10:45:00,SHIFT_A,0,35.41,37.51,0.432,0.568,7.007,3.112,2.85,1.047,5.511,5.019,0.955,3,27.88,0,0.0,7.007,0.7071,22.998,18.998
2026-08-24 11:00:00,SHIFT_A,0,35.47,34.89,0.433,0.567,7.032,2.93,3.016,0.898,4.967,4.363,1.066,3,27.54,0,0.0,7.032,0.6394,23.025,19.025
2026-08-24 11:15:00,SHIFT_A,0,35.52,34.98,0.433,0.567,6.811,3.168,2.704,1.259,5.013,4.42,0.98,3,27.38,0,0.0,6.811,0.64,22.932,18.932
2026-08-24 11:30:00,SHIFT_A,0,31.3,31.48,0.433,0.567,6.445,3.124,3.058,1.162,5.298,4.269,0.791,3,26.96,0,0.0,6.445,0.5978,23.006,19.006
2026-08-24 11:45:00,SHIFT_A,0,31.34,29.62,0.433,0.567,6.615,2.721,3.081,1.173,5.327,4.224,0.833,3,26.67,0,0.0,6.615,0.6157,23.353,19.353
2026-08-24 12:00:00,SHIFT_A,0,35.64,35.36,0.435,0.565,6.995,2.675,2.833,1.062,5.359,3.741,0.837,3,26.34,0,0.0,6.995,0.6194,23.314,19.314
2026-08-24 12:15:00,SHIFT_A,0,35.67,34.78,0.435,0.565,6.822,2.611,3.257,0.995,5.509,4.369,0.891,3,26.1,0,0.0,6.822,0.6462,23.248,19.248
2026-08-24 12:30:00,SHIFT_A,0,35.69,35.65,0.435,0.565,6.639,2.648,3.095,0.999,4.805,4.591,1.047,3,25.84,0,0.0,6.639,0.6116,23.002,19.002
2026-08-24 12:45:00,SHIFT_A,0,35.7,37.47,0.435,0.565,6.964,2.579,3.319,1.282,4.871,3.881,0.932,3,25.65,0,0.0,6.964,0.6149,22.737,18.737
2026-08-24 13:00:00,SHIFT_A,0,35.7,34.53,0.436,0.564,6.661,2.605,2.983,1.207,5.496,3.775,0.877,3,25.3,0,0.0,6.661,0.609,22.615,18.615
2026-08-24 13:15:00,SHIFT_A,0,35.7,33.89,0.436,0.564,6.737,2.616,3.112,1.106,5.87,4.4,0.856,3,25.07,0,0.0,6.737,0.6635,22.594,18.594
2026-08-24 13:30:00,SHIFT_A,0,35.69,34.27,0.436,0.564,7.096,2.786,2.86,1.216,4.821,4.44,0.908,3,24.66,0,0.0,7.096,0.6505,22.715,18.715
2026-08-24 13:45:00,SHIFT_A,0,35.67,36.44,0.436,0.564,6.79,2.563,3.446,0.943,4.946,4.466,0.977,3,24.4,0,0.0,6.79,0.6196,22.467,18.467
2026-08-24 14:00:00,SHIFT_B,0,37.74,36.92,0.438,0.562,7.98,2.299,2.957,1.272,5.064,4.213,0.922,3,24.01,0,0.0,7.98,0.7418,22.765,18.765
2026-08-24 14:15:00,SHIFT_B,0,37.7,40.72,0.438,0.562,7.517,2.566,3.062,1.136,4.782,4.61,1.135,3,23.82,0,0.0,7.517,0.7059,22.452,18.452
2026-08-24 14:30:00,SHIFT_B,0,37.66,39.39,0.438,0.562,7.693,2.565,2.864,1.239,5.017,3.962,0.845,3,23.5,0,0.0,7.693,0.6852,22.359,18.359
2026-08-24 14:45:00,SHIFT_B,0,37.61,37.36,0.438,0.562,7.923,2.681,2.668,1.266,4.677,4.733,0.864,3,23.24,0,0.0,7.923,0.7408,22.584,18.584
2026-08-24 15:00:00,SHIFT_B,0,37.56,37.43,0.44,0.56,7.74,2.963,3.01,1.195,5.373,4.081,0.852,3,22.93,0,0.0,7.74,0.7167,22.712,18.712
2026-08-24 15:15:00,SHIFT_B,0,37.5,36.54,0.44,0.56,7.209,2.387,2.905,0.803,5.252,4.246,1.066,3,22.62,0,0.0,7.209,0.6597,22.662,18.662
2026-08-24 15:30:00,SHIFT_B,0,37.43,37.09,0.44,0.56,7.649,2.725,2.987,1.087,4.489,4.164,0.968,3,22.39,0,0.0,7.649,0.6595,22.778,18.778
2026-08-24 15:45:00,SHIFT_B,0,37.35,37.55,0.44,0.56,7.204,2.918,2.819,1.155,5.253,4.748,0.9,2,26.72,0,0.0,6.117,1.1778,22.081,18.081
2026-08-24 16:00:00,SHIFT_B,0,37.27,35.64,0.442,0.558,7.436,2.684,2.945,1.177,4.61,4.234,0.92,3,26.33,1.087,1.455,8.523,0.7603,22.779,18.779
2026-08-24 16:15:00,SHIFT_B,0,37.19,38.47,0.442,0.558,7.823,2.669,3.618,1.144,4.819,4.438,0.996,3,26.17,0,0.0,7.823,0.7179,22.843,18.843
2026-08-24 16:30:00,SHIFT_B,0,37.1,38.09,0.442,0.558,6.641,2.411,3.093,1.347,5.274,3.732,0.967,3,25.91,0,0.0,6.641,0.6052,22.355,18.355
2026-08-24 16:45:00,SHIFT_B,0,37.0,36.58,0.442,0.558,7.732,2.505,2.862,1.29,5.177,4.168,0.932,3,25.66,0,0.0,7.732,0.7202,22.563,18.563
2026-08-24 17:00:00,SHIFT_B,0,36.9,36.9,0.444,0.556,7.024,2.574,2.912,1.1,5.067,3.928,0.951,2,30.15,0,0.0,6.886,1.0199,22.316,18.316
2026-08-24 17:15:00,SHIFT_B,0,36.8,36.37,0.444,0.556,7.317,2.878,2.759,1.201,5.374,4.036,1.025,3,30.04,0.137,0.193,7.454,0.6984,22.406,18.406
2026-08-24 17:30:00,SHIFT_B,0,36.69,33.99,0.444,0.556,7.274,2.954,3.11,1.179,4.907,4.438,0.889,3,29.81,0,0.0,7.274,0.6684,22.644,18.644
2026-08-24 17:45:00,SHIFT_B,0,36.58,37.12,0.444,0.556,7.161,2.854,2.687,1.083,5.465,4.056,0.933,3,29.56,0,0.0,7.161,0.6652,22.513,18.513
2026-08-24 18:00:00,SHIFT_B,0,36.47,37.46,0.446,0.554,6.96,2.869,3.298,1.021,5.61,4.031,0.909,3,29.29,0,0.0,6.96,0.6483,22.247,18.247
2026-08-24 18:15:00,SHIFT_B,0,36.35,35.77,0.446,0.554,7.261,3.115,2.647,1.452,5.416,4.5,0.892,3,28.94,0,0.0,7.261,0.7167,22.3,18.3
2026-08-24 18:30:00,SHIFT_B,0,36.23,34.71,0.446,0.554,7.066,2.743,2.8,1.095,5.348,4.699,0.951,3,28.6,0,0.0,7.066,0.688,22.362,18.362
2026-08-24 18:45:00,SHIFT_B,0,36.12,37.44,0.446,0.554,7.668,2.85,3.059,1.018,5.075,4.686,0.979,3,28.29,0,0.0,7.668,0.7276,22.452,18.452
2026-08-24 19:00:00,SHIFT_B,0,31.68,33.09,0.449,0.551,5.773,2.657,3.285,0.989,5.718,4.239,0.896,3,27.98,0,0.0,5.773,0.5505,22.03,18.03
2026-08-24 19:15:00,SHIFT_B,0,31.58,32.23,0.449,0.551,5.993,3.178,3.281,1.163,5.392,4.016,1.13,3,27.69,0,0.0,5.993,0.5646,21.803,17.803
2026-08-24 19:30:00,SHIFT_B,0,35.77,36.71,0.449,0.551,6.989,2.317,2.894,1.08,5.192,4.221,1.062,3,27.35,0,0.0,6.989,0.6503,21.627,17.627
2026-08-24 19:45:00,SHIFT_B,0,35.65,36.43,0.449,0.551,7.323,3.073,3.011,1.252,4.442,4.226,0.998,3,27.05,0,0.0,7.323,0.6437,21.645,17.645
2026-08-24 20:00:00,SHIFT_B,0,35.53,34.11,0.452,0.548,6.683,3.453,2.642,1.065,4.93,3.899,0.967,3,26.8,0,0.0,6.683,0.5844,21.575,17.575
2026-08-24 20:15:00,SHIFT_B,0,35.42,33.76,0.452,0.548,7.31,3.117,2.878,1.137,4.969,4.21,0.959,3,26.59,0,0.0,7.31,0.6636,21.855,17.855
2026-08-24 20:30:00,SHIFT_B,0,35.31,34.3,0.452,0.548,7.128,3.33,3.14,1.197,5.421,4.138,0.955,3,26.32,0,0.0,7.128,0.6722,21.989,17.989
2026-08-24 20:45:00,SHIFT_B,0,35.2,36.98,0.452,0.548,6.853,3.292,3.2,1.224,5.196,4.468,0.921,3,26.16,0,0.0,6.853,0.6516,21.718,17.718
2026-08-24 21:00:00,SHIFT_B,0,35.1,35.24,0.455,0.545,6.921,2.884,3.126,1.229,5.089,4.52,0.919,3,25.92,0,0.0,6.921,0.6551,21.654,17.654
2026-08-24 21:15:00,SHIFT_B,0,35.0,34.86,0.455,0.545,7.066,2.871,2.747,1.341,5.377,4.246,1.005,3,25.73,0,0.0,7.066,0.6809,21.701,17.701
2026-08-24 21:30:00,SHIFT_B,0,34.9,34.7,0.455,0.545,7.177,3.247,3.171,1.109,5.008,4.169,1.013,3,25.47,0,0.0,7.177,0.6529,21.819,17.819
2026-08-24 21:45:00,SHIFT_B,0,34.81,34.02,0.455,0.545,7.269,2.645,3.073,1.121,5.591,4.393,0.945,3,25.1,0,0.0,7.269,0.7053,22.052,18.052
2026-08-24 22:00:00,SHIFT_C,0,27.01,27.31,0.458,0.542,5.445,2.338,3.531,1.003,5.292,4.142,0.895,3,24.78,0,0.0,5.445,0.4967,22.043,18.043
2026-08-24 22:15:00,SHIFT_C,0,26.95,26.78,0.458,0.542,5.043,2.507,3.047,1.23,5.271,3.872,0.979,3,24.58,0,0.0,5.043,0.461,21.887,17.887
2026-08-24 22:30:00,SHIFT_C,0,26.89,26.8,0.458,0.542,4.916,2.237,3.4,1.22,5.211,4.43,0.969,3,24.4,0,0.0,4.916,0.4683,21.666,17.666
2026-08-24 22:45:00,SHIFT_C,0,26.84,27.7,0.458,0.542,5.706,2.806,2.923,1.19,5.429,4.605,0.911,3,23.89,0,0.0,5.706,0.5575,21.749,17.749
2026-08-24 23:00:00,SHIFT_C,0,26.79,27.15,0.461,0.539,5.614,2.793,3.09,0.886,5.464,4.456,0.927,3,23.47,0,0.0,5.614,0.5304,21.841,17.841
2026-08-24 23:15:00,SHIFT_C,0,26.74,27.64,0.461,0.539,5.614,2.145,3.236,1.066,5.433,3.876,0.97,3,23.19,0,0.0,5.614,0.5128,21.884,17.884
2026-08-24 23:30:00,SHIFT_C,0,26.71,26.1,0.461,0.539,5.078,2.564,2.962,0.985,5.001,4.477,0.921,3,22.78,0,0.0,5.078,0.4655,21.813,17.813
2026-08-24 23:45:00,SHIFT_C,0,26.67,26.3,0.461,0.539,5.658,2.882,3.232,1.046,5.49,4.254,1.085,3,22.37,0,0.0,5.658,0.541,22.012,18.012
2026-08-25 00:00:00,SHIFT_C,0,26.65,25.18,0.456,0.544,5.32,2.624,3.079,1.172,5.692,4.406,1.107,3,22.09,0,0.0,5.32,0.5302,22.155,18.155
2026-08-25 00:15:00,SHIFT_C,0,26.63,26.77,0.456,0.544,5.507,2.273,3.168,1.174,5.177,4.079,0.972,3,21.79,0,0.0,5.507,0.5056,22.232,18.232
2026-08-25 00:30:00,SHIFT_C,0,26.61,27.65,0.456,0.544,5.365,2.27,2.961,1.207,5.189,4.196,0.973,3,21.58,0,0.0,5.365,0.4996,22.15,18.15
2026-08-25 00:45:00,SHIFT_C,0,26.6,25.37,0.456,0.544,5.283,2.411,3.177,1.009,5.018,4.248,1.076,3,21.33,0,0.0,5.283,0.4828,22.254,18.254
2026-08-25 01:00:00,SHIFT_C,0,26.6,26.57,0.459,0.541,4.818,2.746,3.009,1.197,5.368,4.248,0.908,3,20.9,0,0.0,4.818,0.4547,22.006,18.006
2026-08-25 01:15:00,SHIFT_C,0,26.6,27.78,0.459,0.541,5.335,2.552,3.019,1.07,5.471,4.425,0.928,3,20.49,0,0.0,5.335,0.5109,21.895,17.895
2026-08-25 01:30:00,SHIFT_C,0,26.61,24.27,0.459,0.541,5.275,2.58,2.79,1.202,5.16,4.15,0.871,3,20.13,0,0.0,5.275,0.4835,22.105,18.105
2026-08-25 01:45:00,SHIFT_C,0,26.63,25.86,0.459,0.541,5.35,2.689,2.517,1.14,5.23,4.679,0.834,3,19.72,0,0.0,5.35,0.5119,22.195,18.195
2026-08-25 02:00:00,SHIFT_C,0,26.65,26.4,0.463,0.537,5.86,2.918,2.763,1.127,4.948,4.834,0.828,3,19.34,0,0.0,5.86,0.5537,22.485,18.485
2026-08-25 02:15:00,SHIFT_C,0,26.67,27.75,0.463,0.537,4.562,2.157,2.871,1.249,5.463,4.6,0.957,3,18.88,0,0.0,4.562,0.4507,21.991,17.991
2026-08-25 02:30:00,SHIFT_C,0,26.71,26.65,0.463,0.537,5.082,2.852,2.992,1.136,5.393,4.167,0.866,2,22.93,0,0.0,5.082,0.7096,21.867,17.867
2026-08-25 02:45:00,SHIFT_C,0,26.74,25.06,0.463,0.537,4.954,2.419,2.895,1.156,5.792,4.25,0.926,3,22.77,0,0.0,4.954,0.4835,21.838,17.838
2026-08-25 03:00:00,SHIFT_C,0,26.79,25.36,0.466,0.534,5.439,2.524,2.836,1.205,5.323,4.045,1.047,3,22.54,0,0.0,5.439,0.5089,22.021,18.021
2026-08-25 03:15:00,SHIFT_C,0,26.84,25.85,0.466,0.534,5.426,2.731,3.241,1.175,5.571,4.128,0.928,3,22.41,0,0.0,5.426,0.5156,22.148,18.148
2026-08-25 03:30:00,SHIFT_C,0,26.89,26.45,0.466,0.534,5.057,2.587,2.908,1.019,5.447,4.588,0.919,3,22.2,0,0.0,5.057,0.4874,22.032,18.032
2026-08-25 03:45:00,SHIFT_C,0,26.95,26.72,0.466,0.534,5.441,2.335,2.645,1.115,5.246,4.148,0.903,3,21.75,0,0.0,5.441,0.4999,22.08,18.08
2026-08-25 04:00:00,SHIFT_C,0,27.01,27.73,0.47,0.53,5.31,2.444,2.85,1.116,5.384,4.827,0.816,2,26.62,0,0.0,5.31,0.7957,21.962,17.962
2026-08-25 04:15:00,SHIFT_C,0,27.08,27.35,0.47,0.53,5.049,2.384,2.642,1.093,5.186,4.55,1.001,3,26.28,0,0.0,5.049,0.4809,21.752,17.752
2026-08-25 04:30:00,SHIFT_C,0,27.15,25.18,0.47,0.53,5.292,2.484,3.001,1.15,5.097,4.21,1.061,3,26.0,0,0.0,5.292,0.4908,21.88,17.88
2026-08-25 04:45:00,SHIFT_C,0,27.22,26.68,0.47,0.53,5.13,2.887,3.043,1.186,5.271,4.123,1.012,2,31.16,0,0.0,5.13,0.7182,21.777,17.777
2026-08-25 05:00:00,SHIFT_C,0,27.3,28.62,0.474,0.526,4.873,2.537,3.096,1.193,5.306,4.294,0.922,3,30.93,0,0.0,4.873,0.4597,21.351,17.351
2026-08-25 05:15:00,SHIFT_C,0,27.38,27.24,0.474,0.526,5.736,2.507,3.198,1.09,5.63,3.816,0.731,3,30.73,0,0.0,5.736,0.5204,21.496,17.496
2026-08-25 05:30:00,SHIFT_C,0,27.46,30.26,0.474,0.526,5.894,2.939,2.613,1.22,5.033,3.781,1.026,3,30.55,0,0.0,5.894,0.5249,21.417,17.417
2026-08-25 05:45:00,SHIFT_C,0,27.55,28.11,0.474,0.526,6.002,2.232,2.841,1.011,4.856,4.547,1.055,3,30.3,0,0.0,6.002,0.5542,21.607,17.607
2026-08-25 06:00:00,SHIFT_A,0,33.56,33.13,0.478,0.522,6.418,3.173,3.601,1.081,5.126,4.545,1.025,3,29.9,0,0.0,6.418,0.6085,21.503,17.503
2026-08-25 06:15:00,SHIFT_A,0,33.67,33.73,0.478,0.522,7.634,3.179,3.295,1.086,5.48,4.704,0.805,3,29.62,0,0.0,7.634,0.7483,21.947,17.947
2026-08-25 06:30:00,SHIFT_A,0,33.78,33.29,0.478,0.522,6.497,3.14,3.105,1.129,4.752,4.584,0.961,3,29.22,0,0.0,6.497,0.5977,21.867,17.867
2026-08-25 06:45:00,SHIFT_A,0,33.89,33.96,0.478,0.522,6.449,2.918,3.187,1.005,5.247,4.091,0.952,3,28.82,0,0.0,6.449,0.5865,21.695,17.695
2026-08-25 07:00:00,SHIFT_A,0,34.0,31.49,0.482,0.518,7.058,3.372,3.058,1.174,5.665,4.091,0.93,3,28.33,0,0.0,7.058,0.674,22.075,18.075
2026-08-25 07:15:00,SHIFT_A,0,34.11,32.23,0.482,0.518,6.527,3.223,2.921,1.24,5.761,4.281,0.947,3,28.13,0,0.0,6.527,0.6426,22.115,18.115
2026-08-25 07:30:00,SHIFT_A,0,34.22,34.08,0.482,0.518,6.908,3.263,2.767,1.043,5.594,4.336,0.978,3,28.0,0,0.0,6.908,0.6647,22.161,18.161
2026-08-25 07:45:00,SHIFT_A,0,34.33,34.86,0.482,0.518,6.279,3.021,2.913,0.971,5.205,4.159,0.927,3,27.67,0,0.0,6.279,0.5693,21.815,17.815
2026-08-25 08:00:00,SHIFT_A,0,34.44,35.71,0.486,0.514,6.647,3.153,2.813,1.15,5.224,4.354,0.959,3,27.43,0,0.0,6.647,0.6254,21.568,17.568
2026-08-25 08:15:00,SHIFT_A,0,34.55,33.8,0.486,0.514,7.264,3.129,3.324,1.23,5.609,4.349,0.824,3,27.02,0,0.0,7.264,0.7025,21.82,17.82
2026-08-25 08:30:00,SHIFT_A,0,34.65,36.37,0.486,0.514,6.542,3.11,2.986,1.306,4.965,4.187,0.991,3,26.69,0,0.0,6.542,0.6031,21.454,17.454
2026-08-25 08:45:00,SHIFT_A,0,34.75,36.03,0.486,0.514,6.934,3.069,3.461,1.173,5.121,4.486,0.759,3,26.45,0,0.0,6.934,0.6441,21.318,17.318
2026-08-25 09:00:00,SHIFT_A,0,34.85,36.16,0.49,0.51,6.793,2.602,3.159,0.937,5.395,4.833,0.87,3,26.18,0,0.0,6.793,0.6583,21.098,17.098
2026-08-25 09:15:00,SHIFT_A,0,34.94,35.49,0.49,0.51,6.035,2.82,3.088,1.072,5.196,4.256,1.089,3,25.82,0,0.0,6.035,0.5643,20.567,16.567
2026-08-25 09:30:00,SHIFT_A,0,35.03,34.22,0.49,0.51,6.792,2.745,2.913,1.214,5.143,4.647,0.908,3,25.55,0,0.0,6.792,0.6515,20.541,16.541
2026-08-25 09:45:00,SHIFT_A,0,35.12,35.5,0.49,0.51,7.184,2.637,3.479,1.151,5.545,3.886,0.926,3,25.13,0,0.0,7.184,0.6656,20.583,16.583
2026-08-25 10:00:00,SHIFT_A,0,35.2,34.85,0.494,0.506,6.902,2.866,3.339,1.266,5.079,4.249,1.006,3,24.67,0,0.0,6.902,0.6446,20.548,16.548
2026-08-25 10:15:00,SHIFT_A,0,35.28,34.73,0.494,0.506,7.126,3.35,3.196,1.12,5.579,4.477,1.054,3,24.39,0,0.0,7.126,0.7017,20.639,16.639
2026-08-25 10:30:00,SHIFT_A,0,35.35,34.92,0.494,0.506,6.686,3.113,3.647,1.042,5.384,4.27,0.956,3,24.06,0,0.0,6.686,0.6273,20.49,16.49
2026-08-25 10:45:00,SHIFT_A,0,35.41,37.7,0.494,0.506,7.234,3.052,2.971,1.285,5.088,4.37,0.917,3,23.94,0,0.0,7.234,0.6792,20.337,16.337
2026-08-25 11:00:00,SHIFT_A,0,35.47,36.22,0.499,0.501,7.185,3.078,2.721,1.313,5.248,4.742,0.819,3,23.58,0,0.0,7.185,0.7012,20.307,16.307
2026-08-25 11:15:00,SHIFT_A,0,35.52,34.3,0.499,0.501,7.269,2.878,2.861,1.233,5.039,4.453,0.884,3,23.22,0,0.0,7.269,0.6794,20.512,16.512
2026-08-25 11:30:00,SHIFT_A,0,31.3,30.55,0.499,0.501,5.753,2.704,3.123,0.998,5.093,4.126,1.039,3,22.73,0,0.0,5.753,0.5214,20.333,16.333
2026-08-25 11:45:00,SHIFT_A,0,31.34,32.57,0.499,0.501,6.137,2.794,3.188,1.256,5.23,4.283,0.935,3,22.42,0,0.0,6.137,0.5783,20.145,16.145
2026-08-25 12:00:00,SHIFT_A,0,35.64,36.44,0.504,0.496,7.798,2.799,2.882,1.133,4.809,4.376,0.943,3,22.3,0,0.0,7.798,0.7071,20.4,16.4
2026-08-25 12:15:00,SHIFT_A,0,35.67,35.89,0.504,0.496,7.299,2.755,2.763,1.141,4.919,4.207,0.986,3,22.05,0,0.0,7.299,0.6612,20.461,16.461
2026-08-25 12:30:00,SHIFT_A,0,35.69,37.58,0.504,0.496,6.838,2.611,2.963,1.078,5.288,4.504,0.944,3,21.89,0,0.0,6.838,0.6505,20.122,16.122
2026-08-25 12:45:00,SHIFT_A,0,35.7,36.24,0.504,0.496,6.979,2.593,2.953,1.283,5.175,4.474,0.945,3,21.6,0,0.0,6.979,0.6675,19.988,15.988
2026-08-25 13:00:00,SHIFT_A,0,35.7,35.05,0.508,0.492,7.59,3.089,3.026,1.176,4.812,4.152,0.955,3,21.28,0,0.0,7.59,0.678,20.277,16.277
2026-08-25 13:15:00,SHIFT_A,0,35.7,36.86,0.508,0.492,6.787,3.325,2.918,1.171,5.546,4.374,0.934,3,21.11,0,0.0,6.787,0.6571,19.985,15.985
2026-08-25 13:30:00,SHIFT_A,0,35.69,36.57,0.508,0.492,8.01,2.718,3.256,1.266,5.129,3.878,1.063,3,20.71,0,0.0,8.01,0.7343,20.333,16.333
2026-08-25 13:45:00,SHIFT_A,0,35.67,37.42,0.508,0.492,7.385,2.561,3.04,1.22,5.572,4.923,0.92,2,25.41,0,0.0,5.724,1.25,19.453,15.453
2026-08-25 14:00:00,SHIFT_B,0,37.74,36.99,0.513,0.487,7.852,2.975,3.692,1.08,5.574,4.46,0.988,3,25.27,1.66,2.613,9.512,0.9982,20.51,16.51
2026-08-25 14:15:00,SHIFT_B,0,37.7,38.04,0.513,0.487,8.043,2.551,2.902,0.842,5.402,4.373,0.999,3,24.98,0,0.0,8.043,0.7616,20.728,16.728
2026-08-25 14:30:00,SHIFT_B,0,37.66,37.75,0.513,0.487,7.757,2.996,3.272,1.115,5.043,4.557,0.873,3,24.76,0,0.0,7.757,0.7248,20.832,16.832
2026-08-25 14:45:00,SHIFT_B,0,37.61,36.36,0.513,0.487,7.688,2.854,3.004,1.06,5.251,3.858,1.071,3,24.62,0,0.0,7.688,0.6958,21.04,17.04
2026-08-25 15:00:00,SHIFT_B,0,37.56,38.55,0.518,0.482,8.295,2.818,2.754,1.326,5.167,4.354,1.072,3,24.19,0,0.0,8.295,0.8189,21.332,17.332
2026-08-25 15:15:00,SHIFT_B,0,37.5,37.48,0.518,0.482,7.205,2.824,3.034,1.215,5.267,4.56,1.0,3,23.9,0,0.0,7.205,0.6985,21.186,17.186
2026-08-25 15:30:00,SHIFT_B,0,37.43,37.66,0.518,0.482,7.573,2.831,2.965,0.963,5.26,4.336,1.03,3,23.48,0,0.0,7.573,0.7066,21.207,17.207
2026-08-25 15:45:00,SHIFT_B,0,37.35,38.1,0.518,0.482,7.01,3.0,3.343,1.32,5.684,4.36,0.842,3,23.2,0,0.0,7.01,0.689,20.902,16.902
2026-08-25 16:00:00,SHIFT_B,0,37.27,35.97,0.523,0.477,7.341,2.869,2.947,1.22,5.364,4.448,0.988,2,27.59,0,0.0,6.099,1.2036,20.355,16.355
2026-08-25 16:15:00,SHIFT_B,0,37.19,37.56,0.523,0.477,6.813,2.582,3.186,1.044,5.157,4.027,0.952,3,27.4,1.242,1.68,8.055,0.7266,20.627,16.627
2026-08-25 16:30:00,SHIFT_B,0,37.1,35.97,0.523,0.477,7.316,2.479,3.013,1.147,5.093,4.333,1.023,3,26.97,0,0.0,7.316,0.6831,20.688,16.688
2026-08-25 16:45:00,SHIFT_B,0,37.0,35.82,0.523,0.477,7.415,2.84,2.717,1.135,5.495,4.175,0.953,3,26.45,0,0.0,7.415,0.7019,20.814,16.814
2026-08-25 17:00:00,SHIFT_B,0,36.9,37.45,0.527,0.473,6.427,2.838,3.306,1.309,5.118,3.71,0.834,3,26.27,0,0.0,6.427,0.5677,20.283,16.283
2026-08-25 17:15:00,SHIFT_B,0,36.8,36.91,0.527,0.473,7.3,2.933,2.912,1.283,4.757,4.284,1.023,3,25.9,0,0.0,7.3,0.667,20.242,16.242
2026-08-25 17:30:00,SHIFT_B,0,36.69,37.85,0.527,0.473,7.519,2.712,3.165,1.088,5.04,4.775,0.89,3,25.47,0,0.0,7.519,0.7139,20.217,16.217
2026-08-25 17:45:00,SHIFT_B,0,36.58,36.85,0.527,0.473,7.214,3.004,3.065,1.241,5.231,4.355,1.026,3,25.15,0,0.0,7.214,0.6885,20.139,16.139
2026-08-25 18:00:00,SHIFT_B,0,36.47,36.82,0.532,0.468,6.994,2.941,2.886,1.398,5.18,4.335,0.906,3,24.83,0,0.0,6.994,0.6655,18.38,14.38
2026-08-25 18:15:00,SHIFT_B,0,36.35,37.37,0.532,0.468,7.014,2.913,2.797,1.173,5.225,3.884,0.898,3,24.47,0,0.0,7.014,0.6314,16.572,12.572
2026-08-25 18:30:00,SHIFT_B,0,36.23,38.71,0.532,0.468,6.974,2.817,2.674,1.155,5.484,3.913,0.901,2,29.75,0,0.0,6.596,1.0572,14.515,10.515
2026-08-25 18:45:00,SHIFT_B,0,36.12,37.0,0.532,0.468,7.54,2.886,3.028,1.164,5.289,4.213,0.919,3,29.28,0.377,0.532,7.917,0.7438,12.992,8.992
2026-08-25 19:00:00,SHIFT_B,0,31.68,31.78,0.537,0.463,6.024,3.08,2.817,1.044,5.109,4.163,0.971,3,28.88,0,0.0,6.024,0.5474,12.825,8.825
2026-08-25 19:15:00,SHIFT_B,0,31.58,29.89,0.537,0.463,6.208,2.84,3.063,1.091,5.764,3.94,0.902,3,28.62,0,0.0,6.208,0.5846,12.94,8.94
2026-08-25 19:30:00,SHIFT_B,0,35.77,34.83,0.537,0.463,7.267,3.099,3.204,1.15,5.317,4.343,0.966,3,28.23,0,0.0,7.267,0.689,13.09,9.09
2026-08-25 19:45:00,SHIFT_B,0,35.65,34.9,0.537,0.463,7.149,3.129,3.363,1.161,5.208,4.627,0.92,3,27.96,0,0.0,7.149,0.6859,13.175,9.175
2026-08-25 20:00:00,SHIFT_B,0,35.53,34.95,0.542,0.458,7.578,3.064,3.238,1.276,5.487,4.191,0.88,3,27.78,0,0.0,7.578,0.7226,13.469,9.469
2026-08-25 20:15:00,SHIFT_B,0,35.42,34.87,0.542,0.458,6.909,3.146,2.963,1.244,5.412,4.404,1.043,3,27.55,0,0.0,6.909,0.6732,13.436,9.436
2026-08-25 20:30:00,SHIFT_B,0,35.31,35.88,0.542,0.458,7.371,3.182,3.136,1.281,5.103,4.054,0.834,3,27.16,0,0.0,7.371,0.669,13.534,9.534
2026-08-25 20:45:00,SHIFT_B,0,35.2,32.17,0.542,0.458,7.136,3.197,2.984,1.327,4.717,4.297,0.88,3,26.7,0,0.0,7.136,0.6447,13.885,9.885
2026-08-25 21:00:00,SHIFT_B,0,35.1,36.53,0.547,0.453,7.135,2.668,2.865,1.135,5.125,4.512,1.033,3,26.2,0,0.0,7.135,0.6782,13.8,9.8
2026-08-25 21:15:00,SHIFT_B,0,35.0,35.18,0.547,0.453,7.547,3.28,3.148,1.111,5.023,4.367,0.963,3,25.72,0,0.0,7.547,0.6966,14.056,10.056
2026-08-25 21:30:00,SHIFT_B,0,34.9,33.61,0.547,0.453,7.011,3.094,2.979,0.996,5.351,4.688,0.837,3,25.48,0,0.0,7.011,0.6701,14.2,10.2
2026-08-25 21:45:00,SHIFT_B,0,34.81,34.79,0.547,0.453,6.798,3.26,3.349,1.16,5.111,3.686,0.902,3,25.08,0,0.0,6.798,0.5944,14.12,10.12
2026-08-25 22:00:00,SHIFT_C,0,27.01,28.51,0.552,0.448,5.031,2.977,3.272,1.167,5.133,4.376,1.063,3,24.87,0,0.0,5.031,0.4756,13.784,9.784
2026-08-25 22:15:00,SHIFT_C,0,26.95,25.84,0.552,0.448,4.779,2.497,2.949,1.125,4.76,4.482,0.872,3,24.64,0,0.0,4.779,0.4325,13.59,9.59
2026-08-25 22:30:00,SHIFT_C,0,26.89,25.77,0.552,0.448,5.444,2.895,2.794,1.122,5.078,4.436,0.906,3,24.31,0,0.0,5.444,0.5059,13.735,9.735
2026-08-25 22:45:00,SHIFT_C,0,26.84,26.55,0.552,0.448,5.43,2.295,3.036,1.239,5.486,4.264,0.964,3,23.94,0,0.0,5.43,0.5226,13.796,9.796
2026-08-25 23:00:00,SHIFT_C,0,26.79,26.35,0.557,0.443,5.529,2.628,2.836,1.153,5.174,4.407,0.961,3,23.74,0,0.0,5.529,0.5206,13.925,9.925
2026-08-25 23:15:00,SHIFT_C,0,26.74,29.79,0.557,0.443,5.989,3.085,2.612,1.079,5.713,4.064,0.873,3,23.5,0,0.0,5.989,0.5656,13.941,9.941
2026-08-25 23:30:00,SHIFT_C,0,26.71,28.98,0.557,0.443,5.343,2.798,2.879,1.108,5.43,4.398,0.931,3,23.3,0,0.0,5.343,0.5104,13.714,9.714
2026-08-25 23:45:00,SHIFT_C,0,26.67,28.25,0.557,0.443,5.719,2.124,2.816,1.098,5.438,4.085,0.892,3,22.95,0,0.0,5.719,0.5301,13.748,9.748
2026-08-26 00:00:00,SHIFT_C,0,26.65,25.06,0.55,0.45,5.619,2.22,3.142,1.233,5.416,4.071,1.048,3,22.7,0,0.0,5.619,0.5324,14.052,10.052
2026-08-26 00:15:00,SHIFT_C,0,26.63,24.4,0.55,0.45,5.529,2.386,3.14,1.144,5.169,4.109,0.992,3,22.51,0,0.0,5.529,0.5081,14.376,10.376
2026-08-26 00:30:00,SHIFT_C,0,26.61,27.33,0.55,0.45,4.937,2.485,3.265,1.107,5.418,4.169,1.049,3,22.21,0,0.0,4.937,0.4668,14.112,10.112
2026-08-26 00:45:00,SHIFT_C,0,26.6,27.78,0.55,0.45,5.566,2.578,3.02,1.165,5.013,4.254,1.041,2,27.2,0,0.0,5.566,0.7868,14.116,10.116
2026-08-26 01:00:00,SHIFT_C,0,26.6,27.22,0.555,0.445,5.643,2.669,3.055,1.001,4.777,4.265,0.995,3,26.98,0,0.0,5.643,0.5015,14.216,10.216
2026-08-26 01:15:00,SHIFT_C,0,26.6,26.46,0.555,0.445,5.259,2.757,2.909,1.013,4.645,4.564,0.952,3,26.77,0,0.0,5.259,0.4731,14.199,10.199
2026-08-26 01:30:00,SHIFT_C,0,26.61,28.78,0.555,0.445,5.591,2.821,2.792,1.114,5.636,4.292,0.893,3,26.47,0,0.0,5.591,0.5373,14.117,10.117
2026-08-26 01:45:00,SHIFT_C,0,26.63,24.83,0.555,0.445,4.901,2.783,2.939,1.096,5.779,4.214,0.967,3,26.1,0,0.0,4.901,0.4757,14.084,10.084
2026-08-26 02:00:00,SHIFT_C,0,26.65,26.85,0.56,0.44,5.212,3.154,3.227,1.301,5.377,4.549,1.088,3,25.64,0,0.0,5.212,0.5168,14.006,10.006
2026-08-26 02:15:00,SHIFT_C,0,26.67,24.29,0.56,0.44,5.334,2.697,3.3,1.048,5.332,4.075,0.91,3,25.37,0,0.0,5.334,0.4881,14.243,10.243
2026-08-26 02:30:00,SHIFT_C,0,26.71,28.36,0.56,0.44,4.882,2.787,2.936,1.16,4.923,4.666,0.951,3,25.07,0,0.0,4.882,0.4599,13.848,9.848
2026-08-26 02:45:00,SHIFT_C,0,26.74,29.24,0.56,0.44,5.561,2.664,2.951,1.077,5.24,4.155,0.936,2,30.54,0,0.0,5.561,0.7802,13.704,9.704
2026-08-26 03:00:00,SHIFT_C,0,26.79,26.34,0.565,0.435,6.01,2.668,3.305,1.066,4.998,4.135,0.844,3,30.26,0,0.0,6.01,0.5343,14.075,10.075
2026-08-26 03:15:00,SHIFT_C,0,26.84,25.34,0.565,0.435,5.095,2.849,2.783,1.125,5.59,4.174,1.005,3,29.94,0,0.0,5.095,0.488,14.089,10.089
2026-08-26 03:30:00,SHIFT_C,0,26.89,27.25,0.565,0.435,5.431,2.731,3.03,1.046,4.962,4.241,0.979,3,29.52,0,0.0,5.431,0.491,14.079,10.079
2026-08-26 03:45:00,SHIFT_C,0,26.95,25.57,0.565,0.435,4.984,2.685,3.186,1.063,5.784,4.405,0.65,3,29.29,0,0.0,4.984,0.4776,14.014,10.014
2026-08-26 04:00:00,SHIFT_C,0,27.01,25.71,0.57,0.43,5.777,2.547,2.999,1.124,5.19,3.974,1.087,3,29.01,0,0.0,5.777,0.5292,14.331,10.331
2026-08-26 04:15:00,SHIFT_C,0,27.08,27.17,0.57,0.43,6.106,2.448,3.001,1.061,5.1,4.246,1.002,3,28.68,0,0.0,6.106,0.5609,14.667,10.667
2026-08-26 04:30:00,SHIFT_C,0,27.15,25.69,0.57,0.43,6.323,2.626,2.758,1.106,4.788,4.256,0.955,3,28.42,0,0.0,6.323,0.5653,15.259,11.259
2026-08-26 04:45:00,SHIFT_C,0,27.22,27.76,0.57,0.43,5.64,2.27,3.061,1.293,5.022,4.715,0.856,3,28.14,0,0.0,5.64,0.5398,15.304,11.304
2026-08-26 05:00:00,SHIFT_C,0,27.3,25.85,0.575,0.425,4.948,2.253,2.916,1.124,5.455,3.74,1.107,3,27.93,0,0.0,4.948,0.4552,15.192,11.192
2026-08-26 05:15:00,SHIFT_C,0,27.38,26.79,0.575,0.425,5.317,2.674,3.153,1.174,5.017,4.046,0.922,3,27.57,0,0.0,5.317,0.4777,15.172,11.172
2026-08-26 05:30:00,SHIFT_C,0,27.46,27.07,0.575,0.425,4.864,2.59,2.991,1.084,5.279,4.419,1.06,3,27.28,0,0.0,4.864,0.4638,14.897,10.897
2026-08-26 05:45:00,SHIFT_C,0,27.55,24.87,0.575,0.425,5.786,2.502,2.839,1.258,5.494,4.25,0.72,3,26.85,0,0.0,5.786,0.5461,15.303,11.303
2026-08-26 06:00:00,SHIFT_A,0,33.56,36.19,0.58,0.42,6.601,3.285,3.246,1.204,4.91,4.012,0.86,3,26.58,0,0.0,6.601,0.5839,14.985,10.985
2026-08-26 06:15:00,SHIFT_A,0,33.67,34.77,0.58,0.42,7.128,3.104,3.048,1.154,5.021,4.338,0.844,3,26.25,0,0.0,7.128,0.6518,15.072,11.072
2026-08-26 06:30:00,SHIFT_A,0,33.78,31.63,0.58,0.42,6.935,3.021,2.938,1.087,5.002,4.533,0.788,3,25.76,0,0.0,6.935,0.6371,15.377,11.377
2026-08-26 06:45:00,SHIFT_A,0,33.89,31.99,0.58,0.42,6.813,3.111,2.809,0.977,4.556,4.076,0.945,3,25.54,0,0.0,6.813,0.579,15.584,11.584
2026-08-26 07:00:00,SHIFT_A,0,34.0,34.09,0.585,0.415,6.646,3.311,2.699,1.184,4.7,4.276,1.041,3,25.21,0,0.0,6.646,0.5994,15.499,11.499
2026-08-26 07:15:00,SHIFT_A,0,34.11,32.8,0.585,0.415,7.408,3.378,3.133,1.188,5.106,4.613,0.92,3,24.82,0,0.0,7.408,0.7054,15.923,11.923
2026-08-26 07:30:00,SHIFT_A,0,34.22,35.5,0.585,0.415,6.897,3.321,2.863,1.289,5.445,4.293,0.994,3,24.46,0,0.0,6.897,0.6675,15.821,11.821
2026-08-26 07:45:00,SHIFT_A,0,34.33,33.53,0.585,0.415,6.837,2.93,2.941,1.14,5.596,4.387,0.889,3,24.2,0,0.0,6.837,0.6613,15.886,11.886
2026-08-26 08:00:00,SHIFT_A,0,34.44,33.96,0.589,0.411,6.648,2.962,2.843,1.262,5.107,4.172,0.948,3,23.94,0,0.0,6.648,0.615,15.814,11.814
2026-08-26 08:15:00,SHIFT_A,0,34.55,34.7,0.589,0.411,6.391,2.832,3.111,1.08,5.468,4.339,1.006,3,23.41,0,0.0,6.391,0.612,15.539,11.539
2026-08-26 08:30:00,SHIFT_A,0,34.65,34.44,0.589,0.411,7.575,3.057,2.936,1.013,5.043,4.214,1.091,3,23.0,0,0.0,7.575,0.6929,15.883,11.883
2026-08-26 08:45:00,SHIFT_A,0,34.75,33.83,0.589,0.411,7.155,3.264,3.238,0.978,5.126,3.911,0.989,3,22.66,0,0.0,7.155,0.634,16.077,12.077
2026-08-26 09:00:00,SHIFT_A,0,34.85,34.37,0.594,0.406,6.819,3.522,2.988,1.133,4.91,4.132,1.095,2,26.72,0,0.0,6.783,1.0053,16.032,12.032
2026-08-26 09:15:00,SHIFT_A,0,34.94,33.94,0.594,0.406,6.916,2.828,2.973,1.219,4.911,4.44,0.995,3,26.45,0.036,0.05,6.952,0.6474,16.115,12.115
2026-08-26 09:30:00,SHIFT_A,0,35.03,36.06,0.594,0.406,6.86,3.101,3.289,1.002,5.341,4.356,0.82,3,26.14,0,0.0,6.86,0.6363,15.939,11.939
2026-08-26 09:45:00,SHIFT_A,0,35.12,36.47,0.594,0.406,6.889,3.096,2.92,1.008,5.157,4.213,0.963,3,25.73,0,0.0,6.889,0.6291,15.737,11.737
2026-08-26 10:00:00,SHIFT_A,0,35.2,35.86,0.599,0.401,6.944,3.179,2.937,1.201,5.198,4.005,0.928,3,25.43,0,0.0,6.944,0.6336,15.623,11.623
2026-08-26 10:15:00,SHIFT_A,0,35.28,32.26,0.599,0.401,7.18,2.801,3.413,1.155,4.826,4.241,0.887,3,24.99,0,0.0,7.18,0.6422,15.986,11.986
2026-08-26 10:30:00,SHIFT_A,0,35.35,34.52,0.599,0.401,6.942,2.942,3.069,1.105,5.402,4.322,0.943,3,24.59,0,0.0,6.942,0.658,16.006,12.006
2026-08-26 10:45:00,SHIFT_A,0,35.41,35.47,0.599,0.401,6.738,2.892,2.863,1.133,5.531,4.193,0.982,3,24.21,0,0.0,6.738,0.6422,15.828,11.828
2026-08-26 11:00:00,SHIFT_A,0,35.47,34.18,0.603,0.397,6.874,3.013,2.986,0.942,4.962,4.288,1.109,3,23.97,0,0.0,6.874,0.6255,15.847,11.847
2026-08-26 11:15:00,SHIFT_A,0,35.52,34.55,0.603,0.397,7.041,3.063,3.051,1.127,5.062,4.378,0.982,3,23.72,0,0.0,7.041,0.6547,15.912,11.912
2026-08-26 11:30:00,SHIFT_A,0,31.3,32.26,0.603,0.397,6.102,2.551,3.023,1.251,5.512,4.148,0.866,3,23.36,0,0.0,6.102,0.5786,15.737,11.737
2026-08-26 11:45:00,SHIFT_A,0,31.34,32.71,0.603,0.397,6.544,2.464,3.223,1.319,5.265,4.479,0.907,3,23.09,0,0.0,6.544,0.6306,15.739,11.739
2026-08-26 12:00:00,SHIFT_A,0,35.64,34.94,0.608,0.392,7.284,2.556,2.756,1.099,5.303,4.377,0.893,3,22.75,0,0.0,7.284,0.6845,15.886,11.886
2026-08-26 12:15:00,SHIFT_A,0,35.67,35.42,0.608,0.392,6.974,3.071,2.968,1.346,5.511,4.331,0.823,2,27.76,0,0.0,6.215,1.1221,15.452,11.452
2026-08-26 12:30:00,SHIFT_A,0,35.69,35.05,0.608,0.392,6.941,2.338,3.012,1.17,4.943,4.453,0.96,3,27.57,0.759,1.056,7.7,0.7146,15.797,11.797
2026-08-26 12:45:00,SHIFT_A,0,35.7,33.52,0.608,0.392,6.858,2.717,3.104,1.162,4.989,4.205,0.902,3,27.2,0,0.0,6.858,0.6216,15.874,11.874
2026-08-26 13:00:00,SHIFT_A,0,35.7,37.21,0.612,0.388,7.067,2.743,2.769,1.418,4.79,4.425,0.917,3,26.8,0,0.0,7.067,0.6572,15.687,11.687
2026-08-26 13:15:00,SHIFT_A,0,35.7,35.45,0.612,0.388,7.013,2.561,3.132,1.304,5.254,4.296,1.038,3,26.56,0,0.0,7.013,0.6715,15.648,11.648
2026-08-26 13:30:00,SHIFT_A,0,35.69,36.5,0.612,0.388,6.854,2.606,2.77,1.154,5.236,4.046,0.964,3,26.21,0,0.0,6.854,0.6291,15.424,11.424
2026-08-26 13:45:00,SHIFT_A,0,35.67,34.37,0.612,0.388,7.361,2.697,3.151,1.22,5.585,4.067,0.963,3,25.92,0,0.0,7.361,0.7015,15.667,11.667
2026-08-26 14:00:00,SHIFT_B,0,37.74,37.32,0.616,0.384,7.15,2.562,3.324,1.067,5.267,4.087,0.864,3,25.65,0,0.0,7.15,0.6496,15.51,11.51
2026-08-26 14:15:00,SHIFT_B,0,37.7,39.45,0.616,0.384,8.279,3.115,3.056,1.095,5.607,4.156,1.09,3,25.33,0,0.0,8.279,0.8194,15.704,11.704
2026-08-26 14:30:00,SHIFT_B,0,37.66,38.31,0.616,0.384,7.719,3.225,2.882,1.023,5.725,3.873,0.96,3,25.01,0,0.0,7.719,0.7198,15.733,11.733
2026-08-26 14:45:00,SHIFT_B,0,37.61,37.25,0.616,0.384,7.898,2.737,3.134,1.075,4.956,4.605,0.979,3,24.58,0,0.0,7.898,0.7439,15.957,11.957
2026-08-26 15:00:00,SHIFT_B,0,37.56,38.77,0.62,0.38,8.024,2.724,2.77,1.122,5.725,4.545,0.938,3,24.38,0,0.0,8.024,0.8187,16.092,12.092
2026-08-26 15:15:00,SHIFT_B,0,37.5,37.19,0.62,0.38,7.786,2.858,2.781,1.35,5.031,4.358,1.033,3,24.1,0,0.0,7.786,0.743,16.265,12.265
2026-08-26 15:30:00,SHIFT_B,0,37.43,40.21,0.62,0.38,6.83,2.918,3.271,1.191,5.376,4.708,0.8,3,23.75,0,0.0,6.83,0.6641,15.659,11.659
2026-08-26 15:45:00,SHIFT_B,0,37.35,36.55,0.62,0.38,7.214,2.795,2.751,1.034,5.292,4.092,0.837,3,23.33,0,0.0,7.214,0.6538,15.612,11.612
2026-08-26 16:00:00,SHIFT_B,0,37.27,36.64,0.624,0.376,7.705,2.986,3.202,1.246,5.671,4.378,0.928,3,22.92,0,0.0,7.705,0.769,15.8,11.8
2026-08-26 16:15:00,SHIFT_B,0,37.19,36.36,0.624,0.376,10.664,2.937,2.973,1.168,7.277,5.359,0.998,2,22.78,0,0.0,4.87,1.25,14.6,10.6
2026-08-26 16:30:00,SHIFT_B,0,37.1,36.88,0.624,0.376,10.098,2.932,3.035,1.053,7.659,5.487,0.848,2,22.5,5.794,18.104,4.801,1.25,13.312,9.312
2026-08-26 16:45:00,SHIFT_B,0,37.0,37.19,0.624,0.376,10.031,2.409,2.828,1.099,6.536,5.365,0.9,2,22.3,11.092,32.35,5.143,1.25,12.164,8.164
2026-08-26 17:00:00,SHIFT_B,0,36.9,38.45,0.628,0.372,10.94,2.743,2.937,1.072,6.585,5.869,0.97,2,21.98,15.98,48.338,4.959,1.25,10.799,6.799
2026-08-26 17:15:00,SHIFT_B,0,36.8,36.04,0.628,0.372,9.962,2.968,3.163,1.054,6.927,6.081,0.933,2,21.68,21.961,68.41,4.815,1.25,9.603,5.603
2026-08-26 17:30:00,SHIFT_B,0,36.69,35.83,0.628,0.372,10.857,2.96,2.892,1.206,6.671,5.378,0.885,2,21.42,24.0,71.043,5.067,1.25,8.554,4.554
2026-08-26 17:45:00,SHIFT_B,0,36.58,40.58,0.628,0.372,7.454,3.224,2.885,1.072,5.275,3.845,0.859,3,20.96,24.0,38.406,9.374,1.25,9.182,5.182
2026-08-26 18:00:00,SHIFT_B,0,36.47,37.56,0.632,0.368,7.47,2.924,2.974,1.277,5.199,4.222,0.95,3,20.46,22.081,36.928,8.969,1.25,9.91,5.91
2026-08-26 18:15:00,SHIFT_B,0,36.35,38.14,0.632,0.368,6.795,3.0,3.162,1.221,5.295,4.468,0.91,2,24.39,20.582,52.547,5.875,1.25,9.034,5.034
2026-08-26 18:30:00,SHIFT_B,0,36.23,37.18,0.632,0.368,7.602,3.005,3.01,1.103,5.446,4.175,1.04,3,24.09,21.502,36.265,8.894,1.25,9.763,5.763
2026-08-26 18:45:00,SHIFT_B,0,36.12,35.58,0.632,0.368,6.557,2.934,2.824,1.358,5.228,3.99,0.914,3,23.87,20.21,33.412,9.073,1.25,10.742,6.742
2026-08-26 19:00:00,SHIFT_B,0,31.68,33.22,0.635,0.365,6.651,2.991,3.088,1.112,5.496,4.349,0.804,3,23.5,17.694,29.835,8.896,1.25,11.868,7.868
2026-08-26 19:15:00,SHIFT_B,0,31.58,33.37,0.635,0.365,6.101,3.398,3.139,1.203,5.093,4.31,0.999,3,23.17,15.449,25.758,8.997,1.25,13.03,9.03
2026-08-26 19:30:00,SHIFT_B,0,35.77,33.55,0.635,0.365,6.797,2.787,3.006,1.277,5.232,4.238,0.887,3,22.95,12.553,20.974,8.978,1.25,14.163,10.163
2026-08-26 19:45:00,SHIFT_B,0,35.65,34.66,0.635,0.365,7.563,3.279,2.982,1.157,5.121,4.515,0.916,3,22.57,10.372,17.424,8.93,1.25,15.161,11.161
2026-08-26 20:00:00,SHIFT_B,0,35.53,35.95,0.639,0.361,7.072,2.842,3.237,1.142,5.228,4.15,0.919,2,27.45,9.006,22.251,6.071,1.25,14.602,10.602
2026-08-26 20:15:00,SHIFT_B,0,35.42,37.0,0.639,0.361,7.035,3.095,2.801,1.05,5.04,4.736,0.98,3,27.14,10.007,16.927,8.868,1.25,15.336,11.336
2026-08-26 20:30:00,SHIFT_B,0,35.31,34.2,0.639,0.361,6.809,3.401,3.184,1.232,5.15,4.367,0.897,3,26.85,8.174,13.668,8.97,1.25,16.401,12.401
2026-08-26 20:45:00,SHIFT_B,0,35.2,34.11,0.639,0.361,7.228,2.894,2.587,1.041,5.01,4.28,1.088,3,26.58,6.013,9.89,9.12,1.25,17.55,13.55
2026-08-26 21:00:00,SHIFT_B,0,35.1,35.1,0.642,0.358,6.887,2.915,3.093,1.111,5.032,4.19,0.865,3,26.41,4.122,6.185,9.996,1.1013,19.039,15.039
2026-08-26 21:15:00,SHIFT_B,0,35.0,35.23,0.642,0.358,6.876,3.616,3.197,1.131,4.872,4.085,0.902,3,26.01,1.013,1.344,7.888,0.698,19.46,15.46
2026-08-26 21:30:00,SHIFT_B,0,34.9,35.06,0.642,0.358,7.064,2.981,2.677,1.16,5.276,4.099,1.094,3,25.51,0,0.0,7.064,0.6614,19.486,15.486
2026-08-26 21:45:00,SHIFT_B,0,34.81,35.5,0.642,0.358,7.566,2.83,2.817,1.086,5.029,4.667,0.92,3,25.15,0,0.0,7.566,0.7128,19.719,15.719
2026-08-26 22:00:00,SHIFT_C,0,27.01,26.55,0.645,0.355,5.535,2.77,3.38,1.214,4.644,4.48,0.974,3,24.74,0,0.0,5.535,0.5042,19.831,15.831
2026-08-26 22:15:00,SHIFT_C,0,26.95,26.6,0.645,0.355,5.717,2.549,2.841,1.157,5.686,4.261,0.923,2,29.85,0,0.0,5.717,0.8648,20.03,16.03
2026-08-26 22:30:00,SHIFT_C,0,26.89,27.29,0.645,0.355,5.679,2.446,3.22,1.226,5.787,4.398,0.925,3,29.44,0,0.0,5.679,0.5641,20.141,16.141
2026-08-26 22:45:00,SHIFT_C,0,26.84,29.51,0.645,0.355,4.607,2.572,2.796,1.26,4.871,4.546,1.089,3,29.13,0,0.0,4.607,0.4364,19.493,15.493
2026-08-26 23:00:00,SHIFT_C,0,26.79,25.7,0.648,0.352,5.657,2.219,2.987,0.873,4.966,3.997,0.951,3,28.74,0,0.0,5.657,0.4913,19.752,15.752
2026-08-26 23:15:00,SHIFT_C,0,26.74,26.77,0.648,0.352,5.232,2.343,2.777,0.979,5.481,4.259,0.944,3,28.44,0,0.0,5.232,0.4913,19.691,15.691
2026-08-26 23:30:00,SHIFT_C,0,26.71,26.15,0.648,0.352,5.517,2.247,2.791,1.168,5.213,4.769,1.018,3,28.04,0,0.0,5.517,0.5405,19.834,15.834
2026-08-26 23:45:00,SHIFT_C,0,26.67,26.61,0.648,0.352,5.653,2.324,2.805,1.057,5.011,3.933,0.891,3,27.83,0,0.0,5.653,0.4957,20.0,16.0
2026-08-27 00:00:00,SHIFT_C,0,26.65,29.26,0.644,0.356,5.377,2.466,3.072,1.093,4.976,4.89,0.987,3,27.61,0,0.0,5.377,0.5172,19.762,15.762
2026-08-27 00:15:00,SHIFT_C,0,26.63,26.3,0.644,0.356,5.132,2.462,3.045,1.098,5.44,4.259,0.947,3,27.28,0,0.0,5.132,0.4852,19.698,15.698
2026-08-27 00:30:00,SHIFT_C,0,26.61,25.38,0.644,0.356,5.299,2.281,3.412,1.189,5.303,4.336,0.984,3,26.8,0,0.0,5.299,0.504,19.809,15.809
2026-08-27 00:45:00,SHIFT_C,0,26.6,25.28,0.644,0.356,5.829,2.101,3.226,1.199,5.277,4.393,0.954,3,26.35,0,0.0,5.829,0.5548,20.195,16.195
2026-08-27 01:00:00,SHIFT_C,0,26.6,24.49,0.647,0.353,4.987,2.365,3.084,1.101,5.378,4.434,1.029,3,26.03,0,0.0,4.987,0.4795,20.24,16.24
2026-08-27 01:15:00,SHIFT_C,0,26.6,27.23,0.647,0.353,5.139,2.423,2.894,1.225,5.468,4.182,0.85,3,25.68,0,0.0,5.139,0.4852,20.086,16.086
2026-08-27 01:30:00,SHIFT_C,0,26.61,28.96,0.647,0.353,4.774,2.389,2.851,1.102,5.568,4.725,0.746,3,25.41,0,0.0,4.774,0.4666,19.577,15.577
2026-08-27 01:45:00,SHIFT_C,0,26.63,25.89,0.647,0.353,5.549,1.957,3.16,1.34,4.76,4.029,0.848,3,25.14,0,0.0,5.549,0.4904,19.763,15.763
2026-08-27 02:00:00,SHIFT_C,0,26.65,26.22,0.65,0.35,5.601,2.528,3.074,1.067,4.894,4.238,1.098,3,24.94,0,0.0,5.601,0.5095,19.941,15.941
2026-08-27 02:15:00,SHIFT_C,0,26.67,26.29,0.65,0.35,4.718,2.719,2.923,1.216,5.62,4.115,0.985,3,24.7,0,0.0,4.718,0.4534,19.671,15.671
2026-08-27 02:30:00,SHIFT_C,0,26.71,29.28,0.65,0.35,4.932,2.977,3.061,1.258,5.676,4.258,1.014,3,24.39,0,0.0,4.932,0.4847,19.208,15.208
2026-08-27 02:45:00,SHIFT_C,0,26.74,26.23,0.65,0.35,5.17,2.635,2.637,1.399,5.163,4.381,0.901,3,24.19,0,0.0,5.17,0.493,19.17,15.17
2026-08-27 03:00:00,SHIFT_C,0,26.79,26.65,0.652,0.348,5.5,2.45,3.33,1.077,5.33,3.966,0.933,3,23.83,0,0.0,5.5,0.5006,19.255,15.255
2026-08-27 03:15:00,SHIFT_C,0,26.84,27.36,0.652,0.348,5.586,2.692,2.999,1.203,5.371,4.047,0.922,3,23.41,0,0.0,5.586,0.5191,19.312,15.312
2026-08-27 03:30:00,SHIFT_C,0,26.89,26.39,0.652,0.348,5.074,2.559,3.087,1.192,5.541,4.299,0.858,3,22.86,0,0.0,5.074,0.4858,19.21,15.21
2026-08-27 03:45:00,SHIFT_C,0,26.95,27.14,0.652,0.348,5.623,3.019,2.957,1.188,5.562,4.222,1.06,3,22.51,0,0.0,5.623,0.5448,19.308,15.308
2026-08-27 04:00:00,SHIFT_C,0,27.01,26.77,0.655,0.345,5.501,2.515,3.052,1.124,5.547,4.444,0.951,2,27.17,0,0.0,5.501,0.826,19.381,15.381
2026-08-27 04:15:00,SHIFT_C,0,27.08,26.93,0.655,0.345,5.539,2.356,3.018,1.046,5.56,3.91,0.877,3,26.95,0,0.0,5.539,0.5081,19.457,15.457
2026-08-27 04:30:00,SHIFT_C,0,27.15,27.21,0.655,0.345,5.088,2.793,3.326,1.108,4.908,4.422,1.067,3,26.61,0,0.0,5.088,0.4713,19.28,15.28
2026-08-27 04:45:00,SHIFT_C,0,27.22,27.29,0.655,0.345,5.449,2.478,3.264,1.213,4.782,4.195,1.034,3,26.4,0,0.0,5.449,0.4925,19.275,15.275
2026-08-27 05:00:00,SHIFT_C,0,27.3,27.24,0.657,0.343,5.238,2.782,2.968,1.073,5.334,4.475,0.887,3,25.89,0,0.0,5.238,0.4963,19.17,15.17
2026-08-27 05:15:00,SHIFT_C,0,27.38,29.09,0.657,0.343,5.706,2.047,2.966,1.055,5.357,4.596,0.958,3,25.55,0,0.0,5.706,0.5497,19.115,15.115
2026-08-27 05:30:00,SHIFT_C,0,27.46,25.9,0.657,0.343,6.066,2.652,3.129,1.181,5.22,4.468,0.99,3,25.27,0,0.0,6.066,0.5792,19.558,15.558
2026-08-27 05:45:00,SHIFT_C,0,27.55,28.8,0.657,0.343,5.794,2.592,3.029,1.151,4.802,4.072,0.993,3,25.01,0,0.0,5.794,0.514,19.575,15.575
2026-08-27 06:00:00,SHIFT_A,0,33.56,33.59,0.659,0.341,6.722,3.225,3.463,1.265,5.058,4.361,0.881,3,24.66,0,0.0,6.722,0.626,19.577,15.577
2026-08-27 06:15:00,SHIFT_A,0,33.67,34.08,0.659,0.341,6.924,3.015,2.998,1.125,5.33,4.448,0.916,3,24.49,0,0.0,6.924,0.6589,19.631,15.631
2026-08-27 06:30:00,SHIFT_A,0,33.78,35.0,0.659,0.341,7.524,3.126,3.136,1.211,4.843,4.274,1.039,3,24.05,0,0.0,7.524,0.6886,19.893,15.893
2026-08-27 06:45:00,SHIFT_A,0,33.89,33.49,0.659,0.341,7.135,2.839,2.809,1.296,4.893,3.553,0.94,3,23.65,0,0.0,7.135,0.6136,20.111,16.111
2026-08-27 07:00:00,SHIFT_A,0,34.0,34.93,0.661,0.339,6.598,3.095,2.945,1.092,4.821,4.23,0.938,3,23.22,0,0.0,6.598,0.5887,19.918,15.918
2026-08-27 07:15:00,SHIFT_A,0,34.11,33.9,0.661,0.339,6.804,2.833,3.205,1.05,5.361,4.173,0.845,3,22.83,0,0.0,6.804,0.6262,19.929,15.929
2026-08-27 07:30:00,SHIFT_A,0,34.22,35.11,0.661,0.339,6.464,2.878,3.137,1.224,5.534,4.428,0.894,3,22.56,0,0.0,6.464,0.6287,19.65,15.65
2026-08-27 07:45:00,SHIFT_A,0,34.33,33.42,0.661,0.339,6.915,2.73,3.207,1.035,5.319,4.238,0.986,3,22.33,0,0.0,6.915,0.6447,19.766,15.766
2026-08-27 08:00:00,SHIFT_A,0,34.44,33.72,0.663,0.337,6.736,2.922,3.207,1.14,5.289,4.301,0.936,3,22.06,0,0.0,6.736,0.6328,19.762,15.762
2026-08-27 08:15:00,SHIFT_A,0,34.55,31.86,0.663,0.337,6.857,2.922,3.111,1.148,5.584,4.062,0.963,3,21.83,0,0.0,6.857,0.6492,20.005,16.005
2026-08-27 08:30:00,SHIFT_A,0,34.65,35.22,0.663,0.337,6.739,3.033,2.779,1.092,5.602,4.174,0.837,3,21.72,0,0.0,6.739,0.6351,19.852,15.852
2026-08-27 08:45:00,SHIFT_A,0,34.75,33.8,0.663,0.337,7.077,3.275,2.85,1.082,5.297,4.42,0.894,3,21.44,0,0.0,7.077,0.6662,20.011,16.011
2026-08-27 09:00:00,SHIFT_A,0,34.85,34.95,0.665,0.335,6.628,2.86,2.945,1.347,5.238,4.758,0.806,3,20.91,0,0.0,6.628,0.6483,19.829,15.829
2026-08-27 09:15:00,SHIFT_A,0,34.94,34.56,0.665,0.335,6.631,2.825,2.786,1.127,5.598,4.722,1.073,2,26.16,0,0.0,6.004,1.1045,19.375,15.375
2026-08-27 09:30:00,SHIFT_A,0,35.03,35.53,0.665,0.335,7.617,3.339,2.908,1.128,5.92,4.041,1.042,3,25.81,0.627,0.948,8.244,0.8306,19.944,15.944
2026-08-27 09:45:00,SHIFT_A,0,35.12,33.76,0.665,0.335,6.787,3.213,2.822,1.243,5.294,4.156,0.966,3,25.31,0,0.0,6.787,0.6371,19.962,15.962
2026-08-27 10:00:00,SHIFT_A,0,35.2,36.41,0.666,0.334,7.37,2.688,2.929,1.081,5.372,4.387,0.953,2,30.39,0,0.0,6.236,1.1818,19.439,15.439
2026-08-27 10:15:00,SHIFT_A,0,35.28,35.52,0.666,0.334,6.931,3.101,3.425,1.165,5.235,4.689,1.088,3,30.11,1.134,1.71,8.065,0.8113,19.919,15.919
2026-08-27 10:30:00,SHIFT_A,0,35.35,36.88,0.666,0.334,7.155,2.83,3.135,1.309,5.246,4.856,0.83,3,29.77,0,0.0,7.155,0.7052,19.809,15.809
2026-08-27 10:45:00,SHIFT_A,0,35.41,35.03,0.666,0.334,6.923,2.963,3.11,1.263,5.169,4.422,0.954,3,29.42,0,0.0,6.923,0.6582,19.767,15.767
2026-08-27 11:00:00,SHIFT_A,0,35.47,35.66,0.667,0.333,6.973,2.829,3.164,1.101,5.01,4.214,1.043,3,29.18,0,0.0,6.973,0.6382,19.688,15.688
2026-08-27 11:15:00,SHIFT_A,0,35.52,33.71,0.667,0.333,6.847,3.145,3.013,1.143,5.328,4.462,0.917,3,28.83,0,0.0,6.847,0.6533,19.74,15.74
2026-08-27 11:30:00,SHIFT_A,0,31.3,31.15,0.667,0.333,6.115,2.672,3.196,1.048,5.089,4.526,0.905,3,28.63,0,0.0,6.115,0.5696,19.683,15.683
2026-08-27 11:45:00,SHIFT_A,0,31.34,31.12,0.667,0.333,6.61,2.726,3.116,1.328,5.198,4.6,1.07,3,28.34,0,0.0,6.61,0.649,19.876,15.876
2026-08-27 12:00:00,SHIFT_A,0,35.64,35.9,0.668,0.332,7.063,3.07,2.849,1.2,5.36,4.295,1.064,3,28.06,0,0.0,7.063,0.6778,19.817,15.817
2026-08-27 12:15:00,SHIFT_A,0,35.67,36.76,0.668,0.332,7.37,2.829,2.857,1.152,5.788,3.784,1.007,3,27.6,0,0.0,7.37,0.6961,19.826,15.826
2026-08-27 12:30:00,SHIFT_A,0,35.69,34.96,0.668,0.332,6.767,2.501,2.947,1.114,4.81,4.551,0.768,3,27.18,0,0.0,6.767,0.6127,19.714,15.714
2026-08-27 12:45:00,SHIFT_A,0,35.7,37.68,0.668,0.332,6.684,3.068,2.68,1.179,5.342,4.41,1.021,3,26.83,0,0.0,6.684,0.6432,19.288,15.288
2026-08-27 13:00:00,SHIFT_A,0,35.7,34.68,0.669,0.331,7.081,2.796,3.016,1.153,5.094,4.118,0.945,3,26.46,0,0.0,7.081,0.6448,19.361,15.361
2026-08-27 13:15:00,SHIFT_A,0,35.7,34.63,0.669,0.331,6.672,2.668,3.09,1.085,5.06,4.052,0.957,3,26.11,0,0.0,6.672,0.5993,19.234,15.234
2026-08-27 13:30:00,SHIFT_A,0,35.69,37.87,0.669,0.331,7.024,2.608,2.943,1.155,5.628,4.376,0.931,3,25.68,0,0.0,7.024,0.6837,18.959,14.959
2026-08-27 13:45:00,SHIFT_A,0,35.67,35.74,0.669,0.331,6.973,2.683,3.135,1.115,4.975,4.206,0.805,3,25.3,0,0.0,6.973,0.6232,18.872,14.872
2026-08-27 14:00:00,SHIFT_B,0,37.74,38.6,0.67,0.33,7.515,2.477,3.642,1.246,5.214,4.216,0.978,3,24.99,0,0.0,7.515,0.7052,18.769,14.769
2026-08-27 14:15:00,SHIFT_B,0,37.7,38.43,0.67,0.33,7.687,2.921,3.049,1.123,4.806,4.102,1.025,3,24.64,0,0.0,7.687,0.6843,18.77,14.77
2026-08-27 14:30:00,SHIFT_B,0,37.66,34.9,0.67,0.33,7.58,3.015,3.038,1.053,5.907,4.287,1.015,2,30.23,0,0.0,5.883,1.25,18.221,14.221
2026-08-27 14:45:00,SHIFT_B,0,37.61,39.42,0.67,0.33,7.747,3.24,3.068,1.049,5.683,4.025,0.995,3,29.85,1.697,2.569,9.444,0.953,19.001,15.001
2026-08-27 15:00:00,SHIFT_B,0,37.56,38.76,0.67,0.33,7.741,2.716,3.441,1.094,5.473,4.138,1.026,3,29.61,0,0.0,7.741,0.7343,18.995,14.995
2026-08-27 15:15:00,SHIFT_B,0,37.5,37.41,0.67,0.33,7.114,2.979,2.924,1.229,5.498,4.352,0.962,3,29.36,0,0.0,7.114,0.6897,18.811,14.811
2026-08-27 15:30:00,SHIFT_B,0,37.43,35.66,0.67,0.33,7.5,3.039,3.302,0.944,5.743,4.26,0.851,3,28.94,0,0.0,7.5,0.7124,18.995,14.995
2026-08-27 15:45:00,SHIFT_B,0,37.35,38.13,0.67,0.33,7.966,3.045,3.034,1.27,5.015,4.21,0.82,3,28.83,0,0.0,7.966,0.7273,19.165,15.165
2026-08-27 16:00:00,SHIFT_B,0,37.27,37.03,0.67,0.33,7.427,2.823,3.002,1.215,5.202,3.944,0.878,3,28.48,0,0.0,7.427,0.6721,19.175,15.175
2026-08-27 16:15:00,SHIFT_B,0,37.19,37.25,0.67,0.33,7.593,2.753,2.704,1.04,5.465,4.05,0.906,3,28.35,0,0.0,7.593,0.7007,19.247,15.247
2026-08-27 16:30:00,SHIFT_B,0,37.1,37.02,0.67,0.33,6.988,2.131,2.945,1.187,5.146,4.333,0.988,3,27.98,0,0.0,6.988,0.6557,19.038,15.038
2026-08-27 16:45:00,SHIFT_B,0,37.0,36.07,0.67,0.33,7.511,2.854,2.967,1.149,4.856,4.28,0.841,3,27.83,0,0.0,7.511,0.6728,19.187,15.187
2026-08-27 17:00:00,SHIFT_B,0,36.9,37.23,0.67,0.33,7.393,2.997,3.037,1.06,5.213,4.433,0.966,3,27.47,0,0.0,7.393,0.6948,19.161,15.161
2026-08-27 17:15:00,SHIFT_B,0,36.8,35.78,0.67,0.33,7.226,2.771,3.098,1.189,5.27,4.229,0.915,3,27.1,0,0.0,7.226,0.675,19.195,15.195
2026-08-27 17:30:00,SHIFT_B,0,36.69,36.4,0.67,0.33,7.137,2.808,3.033,1.131,5.481,4.193,0.875,3,26.83,0,0.0,7.137,0.6712,19.124,15.124
2026-08-27 17:45:00,SHIFT_B,0,36.58,34.26,0.67,0.33,7.226,2.842,3.382,0.944,5.425,4.81,0.944,3,26.38,0,0.0,7.226,0.7053,19.311,15.311
2026-08-27 18:00:00,SHIFT_B,0,36.47,38.25,0.67,0.33,7.549,2.763,3.211,1.12,5.528,4.451,0.94,3,26.16,0,0.0,7.549,0.735,19.26,15.26
2026-08-27 18:15:00,SHIFT_B,0,36.35,37.29,0.67,0.33,7.705,2.628,3.147,1.209,5.063,3.999,0.893,3,25.86,0,0.0,7.705,0.6925,19.383,15.383
2026-08-27 18:30:00,SHIFT_B,0,36.23,37.58,0.67,0.33,6.862,2.808,2.942,1.109,5.307,4.043,0.812,3,25.54,0,0.0,6.862,0.6227,19.056,15.056
2026-08-27 18:45:00,SHIFT_B,0,36.12,33.73,0.67,0.33,6.809,2.953,3.155,1.072,5.114,4.269,0.922,3,25.24,0,0.0,6.809,0.6237,19.087,15.087
2026-08-27 19:00:00,SHIFT_B,0,31.68,32.87,0.669,0.331,6.807,2.651,2.908,1.219,4.836,4.254,1.026,3,24.68,0,0.0,6.807,0.6212,19.204,15.204
2026-08-27 19:15:00,SHIFT_B,0,31.58,30.88,0.669,0.331,6.514,2.963,2.81,0.99,5.327,4.199,0.836,3,24.25,0,0.0,6.514,0.5954,19.373,15.373
2026-08-27 19:30:00,SHIFT_B,0,35.77,35.2,0.669,0.331,7.165,2.572,2.759,1.162,5.002,4.613,0.945,3,23.89,0,0.0,7.165,0.6762,19.436,15.436
2026-08-27 19:45:00,SHIFT_B,0,35.65,33.22,0.669,0.331,7.137,3.244,2.886,1.003,4.898,4.016,0.986,3,23.66,0,0.0,7.137,0.6265,19.682,15.682
2026-08-27 20:00:00,SHIFT_B,0,35.53,35.11,0.668,0.332,6.952,3.321,2.92,1.31,5.515,4.305,0.984,3,23.41,0,0.0,6.952,0.6781,19.648,15.648
2026-08-27 20:15:00,SHIFT_B,0,35.42,36.12,0.668,0.332,6.771,2.927,3.152,1.183,5.079,4.572,0.79,3,23.0,0,0.0,6.771,0.6337,19.421,15.421
2026-08-27 20:30:00,SHIFT_B,0,35.31,33.56,0.668,0.332,6.852,3.078,3.171,1.081,4.949,4.16,0.863,3,22.65,0,0.0,6.852,0.6097,19.492,15.492
2026-08-27 20:45:00,SHIFT_B,0,35.2,37.09,0.668,0.332,6.931,3.045,2.875,1.107,5.6,4.094,1.039,3,22.3,0,0.0,6.931,0.6607,19.249,15.249
2026-08-27 21:00:00,SHIFT_B,0,35.1,33.46,0.668,0.332,6.842,2.791,2.924,1.307,4.946,4.214,0.955,3,22.06,0,0.0,6.842,0.6292,19.323,15.323
2026-08-27 21:15:00,SHIFT_B,0,35.0,37.27,0.668,0.332,6.77,3.181,2.813,1.217,5.073,4.393,1.034,3,21.8,0,0.0,6.77,0.6387,18.981,14.981
2026-08-27 21:30:00,SHIFT_B,0,34.9,33.77,0.668,0.332,7.304,3.076,2.665,1.129,5.348,4.429,0.885,3,21.52,0,0.0,7.304,0.6934,19.256,15.256
2026-08-27 21:45:00,SHIFT_B,0,34.81,34.74,0.668,0.332,7.25,2.972,2.696,1.24,4.902,4.686,0.879,3,21.39,0,0.0,7.25,0.6834,19.407,15.407
2026-08-27 22:00:00,SHIFT_C,0,27.01,27.18,0.666,0.334,5.234,2.772,3.506,1.285,5.552,3.824,0.923,3,21.21,0,0.0,5.234,0.4882,19.306,15.306
2026-08-27 22:15:00,SHIFT_C,0,26.95,28.7,0.666,0.334,5.967,2.694,3.141,1.238,5.738,4.417,0.931,3,20.94,0,0.0,5.967,0.592,19.42,15.42
2026-08-27 22:30:00,SHIFT_C,0,26.89,30.16,0.666,0.334,5.054,2.203,3.013,1.156,4.808,3.976,1.059,3,20.62,0,0.0,5.054,0.4475,18.931,14.931
2026-08-27 22:45:00,SHIFT_C,0,26.84,27.28,0.666,0.334,5.076,2.044,2.899,1.034,4.922,4.281,0.974,3,20.16,0,0.0,5.076,0.4582,18.74,14.74
2026-08-27 23:00:00,SHIFT_C,0,26.79,27.17,0.665,0.335,5.766,2.605,2.819,0.942,5.086,4.392,1.04,2,24.2,0,0.0,5.766,0.8224,18.906,14.906
2026-08-27 23:15:00,SHIFT_C,0,26.74,25.4,0.665,0.335,5.121,2.799,2.969,1.052,5.129,3.786,0.879,3,23.92,0,0.0,5.121,0.4473,18.926,14.926
2026-08-27 23:30:00,SHIFT_C,0,26.71,28.96,0.665,0.335,5.714,2.594,3.075,1.243,5.195,4.514,0.911,3,23.56,0,0.0,5.714,0.5458,18.887,14.887
2026-08-27 23:45:00,SHIFT_C,0,26.67,26.62,0.665,0.335,5.291,2.542,3.304,1.406,5.274,4.402,1.013,3,23.24,0,0.0,5.291,0.5152,18.871,14.871
2026-08-28 00:00:00,SHIFT_C,0,26.65,28.31,0.667,0.333,5.172,2.736,2.959,1.32,4.955,4.274,0.884,3,22.98,0,0.0,5.172,0.4761,18.626,14.626
2026-08-28 00:15:00,SHIFT_C,0,26.63,26.06,0.667,0.333,5.361,2.274,3.035,1.14,5.487,4.384,1.011,3,22.65,0,0.0,5.361,0.5189,18.701,14.701
2026-08-28 00:30:00,SHIFT_C,0,26.61,26.56,0.667,0.333,5.321,2.55,2.896,1.331,5.017,4.082,0.914,2,27.17,0,0.0,5.321,0.7317,18.705,14.705
2026-08-28 00:45:00,SHIFT_C,0,26.6,25.8,0.667,0.333,5.362,2.259,3.107,1.2,5.16,4.176,1.038,3,26.88,0,0.0,5.362,0.4997,18.806,14.806
2026-08-28 01:00:00,SHIFT_C,0,26.6,27.41,0.666,0.334,5.126,2.418,2.781,1.082,5.104,4.369,0.971,3,26.64,0,0.0,5.126,0.4757,18.628,14.628
2026-08-28 01:15:00,SHIFT_C,0,26.6,25.57,0.666,0.334,5.794,2.706,3.265,0.976,5.369,4.365,0.951,3,26.43,0,0.0,5.794,0.544,18.968,14.968
2026-08-28 01:30:00,SHIFT_C,0,26.61,25.67,0.666,0.334,5.292,2.235,3.22,0.832,4.841,4.637,1.005,3,26.03,0,0.0,5.292,0.4821,19.046,15.046
2026-08-28 01:45:00,SHIFT_C,0,26.63,26.58,0.666,0.334,5.082,2.334,2.938,1.063,5.233,4.362,0.909,3,25.72,0,0.0,5.082,0.4733,18.929,14.929
2026-08-28 02:00:00,SHIFT_C,0,26.65,24.41,0.664,0.336,5.388,2.364,2.863,1.114,5.162,4.169,0.988,3,25.32,0,0.0,5.388,0.4959,19.182,15.182
2026-08-28 02:15:00,SHIFT_C,0,26.67,26.64,0.664,0.336,4.941,2.656,3.398,1.236,5.504,4.16,0.816,3,24.83,0,0.0,4.941,0.466,18.989,14.989
2026-08-28 02:30:00,SHIFT_C,0,26.71,24.83,0.664,0.336,5.561,2.265,3.03,1.167,4.871,4.546,0.881,3,24.54,0,0.0,5.561,0.5134,19.286,15.286
2026-08-28 02:45:00,SHIFT_C,0,26.74,25.54,0.664,0.336,5.427,2.484,3.353,1.14,5.058,4.138,0.817,3,24.1,0,0.0,5.427,0.4874,19.447,15.447
2026-08-28 03:00:00,SHIFT_C,0,26.79,29.0,0.663,0.337,5.821,2.467,3.194,1.088,5.151,4.137,0.957,3,23.76,0,0.0,5.821,0.5311,19.457,15.457
2026-08-28 03:15:00,SHIFT_C,0,26.84,26.58,0.663,0.337,5.757,3.068,2.7,1.189,4.736,4.738,0.861,3,23.44,0,0.0,5.757,0.5341,19.678,15.678
2026-08-28 03:30:00,SHIFT_C,0,26.89,28.94,0.663,0.337,5.312,2.675,2.77,1.15,5.346,4.534,1.066,3,23.18,0,0.0,5.312,0.5173,19.439,15.439
2026-08-28 03:45:00,SHIFT_C,0,26.95,27.29,0.663,0.337,5.037,2.555,2.916,1.2,5.129,4.696,0.782,3,22.92,0,0.0,5.037,0.4788,19.229,15.229
2026-08-28 04:00:00,SHIFT_C,0,27.01,26.9,0.661,0.339,5.655,2.602,3.037,0.971,5.156,4.662,0.937,2,28.63,0,0.0,5.655,0.8256,19.367,15.367
2026-08-28 04:15:00,SHIFT_C,0,27.08,27.36,0.661,0.339,5.108,2.713,3.07,1.335,4.91,4.424,0.962,3,28.21,0,0.0,5.108,0.4783,19.185,15.185
2026-08-28 04:30:00,SHIFT_C,0,27.15,26.08,0.661,0.339,5.449,2.923,2.837,1.216,5.26,4.287,0.94,3,27.8,0,0.0,5.449,0.5135,19.302,15.302
2026-08-28 04:45:00,SHIFT_C,0,27.22,25.31,0.661,0.339,5.61,2.857,3.071,1.111,5.056,4.273,0.984,3,27.61,0,0.0,5.61,0.516,19.575,15.575
2026-08-28 05:00:00,SHIFT_C,0,27.3,26.31,0.659,0.341,5.285,2.61,2.889,1.162,4.906,4.163,0.947,3,27.45,0,0.0,5.285,0.4756,19.587,15.587
2026-08-28 05:15:00,SHIFT_C,0,27.38,27.29,0.659,0.341,5.814,2.692,2.815,1.092,5.505,4.125,0.973,3,27.07,0,0.0,5.814,0.5475,19.765,15.765
2026-08-28 05:30:00,SHIFT_C,0,27.46,25.14,0.659,0.341,5.44,2.525,2.989,1.281,5.277,3.936,0.956,3,26.71,0,0.0,5.44,0.5015,19.97,15.97
2026-08-28 05:45:00,SHIFT_C,0,27.55,27.26,0.659,0.341,5.402,2.413,2.758,1.219,5.419,4.391,1.046,3,26.36,0,0.0,5.402,0.5252,19.946,15.946
2026-08-28 06:00:00,SHIFT_A,0,33.56,32.74,0.657,0.343,6.433,2.823,3.058,1.178,5.008,4.301,0.862,3,25.94,0,0.0,6.433,0.5878,19.888,15.888
2026-08-28 06:15:00,SHIFT_A,0,33.67,31.51,0.657,0.343,6.986,3.34,2.697,1.184,5.356,4.061,0.988,3,25.56,0,0.0,6.986,0.6519,20.231,16.231
2026-08-28 06:30:00,SHIFT_A,0,33.78,34.65,0.657,0.343,6.759,3.122,3.034,1.219,4.858,4.147,0.872,3,25.4,0,0.0,6.759,0.6038,20.146,16.146
2026-08-28 06:45:00,SHIFT_A,0,33.89,34.3,0.657,0.343,6.891,3.213,2.815,1.216,5.357,4.67,0.94,3,25.04,0,0.0,6.891,0.6759,20.161,16.161
2026-08-28 07:00:00,SHIFT_A,0,34.0,34.57,0.654,0.346,7.031,3.243,3.012,1.277,5.0,4.601,0.991,3,24.65,0,0.0,7.031,0.6719,20.219,16.219
2026-08-28 07:15:00,SHIFT_A,0,34.11,35.68,0.654,0.346,6.654,3.058,3.369,1.277,5.156,3.655,1.043,3,24.48,0,0.0,6.654,0.5963,19.978,15.978
2026-08-28 07:30:00,SHIFT_A,0,34.22,37.09,0.654,0.346,7.043,3.588,3.235,1.043,5.136,4.226,0.966,3,24.19,0,0.0,7.043,0.6448,19.791,15.791
2026-08-28 07:45:00,SHIFT_A,0,34.33,31.74,0.654,0.346,6.753,3.151,2.915,1.133,5.048,3.848,0.881,3,23.93,0,0.0,6.753,0.5932,19.993,15.993
2026-08-28 08:00:00,SHIFT_A,0,34.44,32.29,0.652,0.348,6.251,3.311,2.998,1.188,5.657,4.304,0.852,3,23.52,0,0.0,6.251,0.6039,19.889,15.889
2026-08-28 08:15:00,SHIFT_A,0,34.55,35.24,0.652,0.348,6.953,3.099,2.562,1.228,5.581,4.016,0.945,3,23.21,0,0.0,6.953,0.6589,19.842,15.842
2026-08-28 08:30:00,SHIFT_A,0,34.65,35.37,0.652,0.348,7.016,3.249,3.074,1.155,4.905,4.284,0.997,3,22.9,0,0.0,7.016,0.6406,19.813,15.813
2026-08-28 08:45:00,SHIFT_A,0,34.75,35.18,0.652,0.348,6.91,3.115,2.743,1.379,5.106,4.086,0.93,3,22.49,0,0.0,6.91,0.6399,19.75,15.75
2026-08-28 09:00:00,SHIFT_A,0,34.85,34.32,0.649,0.351,7.059,3.316,2.999,1.218,5.131,3.757,0.9,3,22.16,0,0.0,7.059,0.6255,19.848,15.848
2026-08-28 09:15:00,SHIFT_A,0,34.94,35.78,0.649,0.351,6.916,2.97,3.228,1.009,5.572,4.249,0.911,3,21.62,0,0.0,6.916,0.6538,19.728,15.728
2026-08-28 09:30:00,SHIFT_A,0,35.03,32.79,0.649,0.351,6.15,2.851,2.915,1.18,5.249,4.673,0.889,3,21.24,0,0.0,6.15,0.5938,19.524,15.524
2026-08-28 09:45:00,SHIFT_A,0,35.12,34.24,0.649,0.351,7.33,3.289,2.804,1.203,5.028,4.365,0.931,2,25.73,0,0.0,6.429,1.14,19.315,15.315
2026-08-28 10:00:00,SHIFT_A,0,35.2,37.52,0.646,0.354,6.768,2.833,3.021,1.083,5.378,3.767,1.023,3,25.41,0.9,1.223,7.668,0.6946,19.397,15.397
2026-08-28 10:15:00,SHIFT_A,0,35.28,36.63,0.646,0.354,6.815,2.575,2.804,1.376,5.46,4.341,1.016,2,31.0,0,0.0,6.148,1.1086,18.808,14.808
2026-08-28 10:30:00,SHIFT_A,0,35.35,35.25,0.646,0.354,7.894,2.62,3.082,1.177,5.508,4.186,1.067,3,30.69,0.668,1.0,8.562,0.8548,19.563,15.563
2026-08-28 10:45:00,SHIFT_A,0,35.41,34.58,0.646,0.354,7.641,3.211,2.951,1.071,5.685,4.444,0.957,3,30.4,0,0.0,7.641,0.7556,19.926,15.926
2026-08-28 11:00:00,SHIFT_A,0,35.47,35.73,0.643,0.357,6.972,3.012,2.886,1.1,5.704,4.306,0.95,3,30.2,0,0.0,6.972,0.677,19.839,15.839
2026-08-28 11:15:00,SHIFT_A,0,35.52,34.66,0.643,0.357,7.484,2.965,2.793,0.999,5.087,4.279,0.955,3,29.93,0,0.0,7.484,0.6821,20.115,16.115
2026-08-28 11:30:00,SHIFT_A,0,31.3,31.54,0.643,0.357,6.165,3.085,2.798,1.141,5.238,4.223,0.87,3,29.82,0,0.0,6.165,0.5694,20.044,16.044
2026-08-28 11:45:00,SHIFT_A,0,31.34,32.01,0.643,0.357,6.786,2.892,3.504,1.363,4.796,4.404,0.941,3,29.36,0,0.0,6.786,0.6286,20.235,16.235
2026-08-28 12:00:00,SHIFT_A,0,35.64,36.02,0.64,0.36,6.857,2.969,3.516,1.011,5.163,3.929,0.923,3,29.08,0,0.0,6.857,0.6088,20.062,16.062
2026-08-28 12:15:00,SHIFT_A,0,35.67,34.5,0.64,0.36,7.367,2.695,3.155,1.268,5.687,4.135,1.033,3,28.62,0,0.0,7.367,0.7191,20.295,16.295
2026-08-28 12:30:00,SHIFT_A,0,35.69,35.76,0.64,0.36,6.921,2.773,2.82,1.187,5.419,3.708,0.956,3,28.19,0,0.0,6.921,0.628,20.18,16.18
2026-08-28 12:45:00,SHIFT_A,0,35.7,38.45,0.64,0.36,7.376,2.819,2.66,1.061,4.824,4.56,0.922,3,27.73,0,0.0,7.376,0.675,20.023,16.023
2026-08-28 13:00:00,SHIFT_A,0,35.7,34.53,0.636,0.364,6.936,2.17,3.111,1.156,5.044,4.35,0.968,3,27.62,0,0.0,6.936,0.6432,20.038,16.038
2026-08-28 13:15:00,SHIFT_A,0,35.7,34.37,0.636,0.364,7.039,2.865,3.019,1.154,4.597,4.556,0.842,3,27.35,0,0.0,7.039,0.6318,20.12,16.12
2026-08-28 13:30:00,SHIFT_A,0,35.69,38.24,0.636,0.364,7.062,2.912,2.806,1.112,4.899,4.596,0.963,3,27.03,0,0.0,7.062,0.6578,19.828,15.828
2026-08-28 13:45:00,SHIFT_A,0,35.67,34.91,0.636,0.364,6.478,2.863,2.62,1.197,4.936,4.323,0.821,3,26.67,0,0.0,6.478,0.5882,19.576,15.576
2026-08-28 14:00:00,SHIFT_B,0,37.74,35.06,0.633,0.367,7.757,2.522,3.574,1.149,5.226,4.142,1.073,3,26.21,0,0.0,7.757,0.725,19.948,15.948
2026-08-28 14:15:00,SHIFT_B,0,37.7,37.38,0.633,0.367,7.599,2.742,2.794,1.125,5.479,4.284,1.053,3,25.93,0,0.0,7.599,0.7334,20.009,16.009
2026-08-28 14:30:00,SHIFT_B,0,37.66,37.49,0.633,0.367,7.578,2.616,2.985,1.108,5.297,4.227,0.963,3,25.65,0,0.0,7.578,0.7075,20.049,16.049
2026-08-28 14:45:00,SHIFT_B,0,37.61,36.53,0.633,0.367,7.214,2.782,2.915,1.03,5.391,4.481,0.971,3,25.15,0,0.0,7.214,0.6896,20.003,16.003
2026-08-28 15:00:00,SHIFT_B,0,37.56,36.39,0.629,0.371,7.382,2.856,3.102,1.279,5.547,3.743,0.966,3,24.71,0,0.0,7.382,0.6856,20.054,16.054
2026-08-28 15:15:00,SHIFT_B,0,37.5,35.77,0.629,0.371,7.163,2.85,2.696,1.094,5.332,4.069,1.064,3,24.36,0,0.0,7.163,0.6666,20.059,16.059
2026-08-28 15:30:00,SHIFT_B,0,37.43,36.29,0.629,0.371,7.217,2.974,3.207,1.176,4.851,4.367,0.814,3,23.86,0,0.0,7.217,0.6513,20.039,16.039
2026-08-28 15:45:00,SHIFT_B,0,37.35,38.9,0.629,0.371,7.457,2.418,3.186,1.186,5.534,4.328,1.012,3,23.4,0,0.0,7.457,0.7252,19.877,15.877
2026-08-28 16:00:00,SHIFT_B,0,37.27,35.68,0.625,0.375,7.039,2.692,2.933,1.194,5.319,4.279,0.928,3,23.06,0,0.0,7.039,0.6642,19.829,15.829
2026-08-28 16:15:00,SHIFT_B,0,37.19,35.44,0.625,0.375,7.052,2.31,3.437,1.079,5.419,4.441,0.997,3,22.73,0,0.0,7.052,0.6777,19.811,15.811
2026-08-28 16:30:00,SHIFT_B,0,37.1,36.25,0.625,0.375,7.522,3.196,3.161,1.176,5.308,4.024,0.991,2,27.05,0,0.0,6.389,1.1773,19.38,15.38
2026-08-28 16:45:00,SHIFT_B,0,37.0,38.12,0.625,0.375,7.017,2.599,2.991,1.032,5.402,4.245,0.915,3,26.74,1.133,1.611,8.15,0.7729,19.643,15.643
2026-08-28 17:00:00,SHIFT_B,0,36.9,37.78,0.621,0.379,7.044,2.877,2.987,1.128,4.779,4.335,0.784,3,26.34,0,0.0,7.044,0.6253,19.387,15.387
2026-08-28 17:15:00,SHIFT_B,0,36.8,35.33,0.621,0.379,7.435,2.767,3.044,1.1,5.691,4.262,0.954,3,26.15,0,0.0,7.435,0.7187,19.571,15.571
2026-08-28 17:30:00,SHIFT_B,0,36.69,35.81,0.621,0.379,7.417,2.577,2.942,1.117,4.848,4.072,0.967,3,25.84,0,0.0,7.417,0.6572,19.698,15.698
2026-08-28 17:45:00,SHIFT_B,0,36.58,36.41,0.621,0.379,7.967,2.881,3.113,1.244,4.943,4.216,0.947,3,25.72,0,0.0,7.967,0.7303,20.041,16.041
2026-08-28 18:00:00,SHIFT_B,0,36.47,36.0,0.617,0.383,7.471,2.814,2.776,1.068,5.661,3.817,0.984,3,25.41,0,0.0,7.471,0.6937,20.177,16.177
2026-08-28 18:15:00,SHIFT_B,0,36.35,38.93,0.617,0.383,7.161,2.803,2.807,1.154,5.171,4.146,0.968,3,25.15,0,0.0,7.161,0.6596,19.865,15.865
2026-08-28 18:30:00,SHIFT_B,0,36.23,35.6,0.617,0.383,7.02,2.726,3.018,1.096,5.106,4.051,0.996,3,24.92,0,0.0,7.02,0.6358,19.814,15.814
2026-08-28 18:45:00,SHIFT_B,0,36.12,36.01,0.617,0.383,7.158,2.354,3.068,1.048,5.435,4.213,0.959,3,24.62,0,0.0,7.158,0.6717,19.792,15.792
2026-08-28 19:00:00,SHIFT_B,0,31.68,30.06,0.613,0.387,6.147,3.111,2.876,1.137,4.887,4.094,0.911,3,24.27,0,0.0,6.147,0.5458,19.86,15.86
2026-08-28 19:15:00,SHIFT_B,0,31.58,32.88,0.613,0.387,5.996,2.713,3.054,1.204,4.822,4.134,1.025,3,23.84,0,0.0,5.996,0.5399,19.57,15.57
2026-08-28 19:30:00,SHIFT_B,0,35.77,35.54,0.613,0.387,6.364,2.619,3.13,1.187,5.245,4.463,0.964,3,23.36,0,0.0,6.364,0.6077,19.198,15.198
2026-08-28 19:45:00,SHIFT_B,0,35.65,35.15,0.613,0.387,7.005,2.943,3.326,1.052,4.968,4.359,1.081,3,23.1,0,0.0,7.005,0.6463,19.185,15.185
2026-08-28 20:00:00,SHIFT_B,0,35.53,36.28,0.609,0.391,7.165,3.301,3.021,1.28,5.224,4.54,1.113,3,22.86,0,0.0,7.165,0.7013,19.14,15.14
2026-08-28 20:15:00,SHIFT_B,0,35.42,34.99,0.609,0.391,7.391,2.946,2.825,1.137,4.881,4.223,1.246,3,22.5,0,0.0,7.391,0.6835,19.336,15.336
2026-08-28 20:30:00,SHIFT_B,0,35.31,32.58,0.609,0.391,7.675,3.252,3.219,1.104,5.149,4.294,0.662,3,22.1,0,0.0,7.675,0.6926,19.916,15.916
2026-08-28 20:45:00,SHIFT_B,0,35.2,32.32,0.609,0.391,6.377,3.15,2.964,1.148,5.098,4.335,0.973,2,27.25,0,0.0,6.377,0.9487,19.872,15.872
2026-08-28 21:00:00,SHIFT_B,0,35.1,36.2,0.604,0.396,6.984,2.897,3.293,1.159,5.285,3.99,0.867,3,26.96,0,0.0,6.984,0.6355,19.744,15.744
2026-08-28 21:15:00,SHIFT_B,0,35.0,34.47,0.604,0.396,6.945,3.125,2.855,1.035,5.678,4.236,0.959,3,26.58,0,0.0,6.945,0.6658,19.769,15.769
2026-08-28 21:30:00,SHIFT_B,0,34.9,35.39,0.604,0.396,7.335,2.992,2.896,1.088,5.463,4.165,0.983,3,26.27,0,0.0,7.335,0.6909,19.898,15.898
2026-08-28 21:45:00,SHIFT_B,0,34.81,35.4,0.604,0.396,6.915,3.206,2.992,1.141,4.609,4.021,0.962,3,25.85,0,0.0,6.915,0.5976,19.816,15.816
2026-08-28 22:00:00,SHIFT_C,0,27.01,25.64,0.6,0.4,5.093,2.528,3.331,1.196,5.59,4.347,0.954,3,25.43,0,0.0,5.093,0.4957,19.799,15.799
2026-08-28 22:15:00,SHIFT_C,0,26.95,29.2,0.6,0.4,5.173,2.391,2.881,1.013,4.595,4.256,1.058,3,25.13,0,0.0,5.173,0.4548,19.465,15.465
2026-08-28 22:30:00,SHIFT_C,0,26.89,26.46,0.6,0.4,5.474,2.588,2.967,1.133,5.583,4.165,1.011,3,24.86,0,0.0,5.474,0.5241,19.555,15.555
2026-08-28 22:45:00,SHIFT_C,0,26.84,26.43,0.6,0.4,5.118,2.174,2.994,1.27,5.031,4.04,0.877,3,24.55,0,0.0,5.118,0.4623,19.471,15.471
2026-08-28 23:00:00,SHIFT_C,0,26.79,23.99,0.595,0.405,5.352,1.91,3.148,1.238,4.94,4.259,0.869,2,29.52,0,0.0,5.352,0.7339,19.748,15.748
2026-08-28 23:15:00,SHIFT_C,0,26.74,26.88,0.595,0.405,5.918,2.176,3.268,1.271,5.322,4.031,0.994,3,29.11,0,0.0,5.918,0.5536,20.019,16.019
2026-08-28 23:30:00,SHIFT_C,0,26.71,24.41,0.595,0.405,5.606,2.473,3.073,1.235,5.312,4.2,0.88,3,28.84,0,0.0,5.606,0.5248,20.382,16.382
2026-08-28 23:45:00,SHIFT_C,0,26.67,26.53,0.595,0.405,5.228,2.756,2.892,1.163,4.771,4.521,0.864,3,28.47,0,0.0,5.228,0.4765,20.343,16.343
2026-08-29 00:00:00,SHIFT_C,1,21.85,20.45,0.602,0.398,3.998,2.063,2.856,1.176,5.514,4.338,0.916,3,28.2,0,0.0,3.998,0.3844,20.297,16.297
2026-08-29 00:15:00,SHIFT_C,1,21.83,22.0,0.602,0.398,4.637,2.038,3.071,1.156,5.228,4.21,0.973,3,27.94,0,0.0,4.637,0.4318,20.415,16.415
2026-08-29 00:30:00,SHIFT_C,1,21.82,22.49,0.602,0.398,4.524,2.277,3.07,1.087,5.317,4.48,0.853,3,27.51,0,0.0,4.524,0.4275,20.428,16.428
2026-08-29 00:45:00,SHIFT_C,1,21.81,20.54,0.602,0.398,4.319,2.442,3.046,1.006,5.118,4.249,0.878,3,27.01,0,0.0,4.319,0.3913,20.533,16.533
2026-08-29 01:00:00,SHIFT_C,1,21.81,22.33,0.598,0.402,4.508,2.234,3.191,1.125,5.122,3.941,0.837,3,26.77,0,0.0,4.508,0.4001,20.554,16.554
2026-08-29 01:15:00,SHIFT_C,1,21.81,22.04,0.598,0.402,3.793,2.164,3.317,1.177,5.566,4.259,0.891,3,26.56,0,0.0,3.793,0.3632,20.246,16.246
2026-08-29 01:30:00,SHIFT_C,1,21.82,22.47,0.598,0.402,4.955,2.949,3.111,1.167,4.936,4.315,0.978,3,25.99,0,0.0,4.955,0.4547,20.477,16.477
2026-08-29 01:45:00,SHIFT_C,1,21.83,22.53,0.598,0.402,4.632,2.417,2.89,1.147,5.133,4.276,1.046,3,25.65,0,0.0,4.632,0.4327,20.541,16.541
2026-08-29 02:00:00,SHIFT_C,1,21.85,22.79,0.593,0.407,4.447,1.817,3.103,1.33,5.643,4.349,0.906,3,25.36,0,0.0,4.447,0.4378,20.486,16.486
2026-08-29 02:15:00,SHIFT_C,1,21.87,23.11,0.593,0.407,4.281,2.182,2.632,1.329,5.051,4.332,1.078,3,25.09,0,0.0,4.281,0.4064,20.315,16.315
2026-08-29 02:30:00,SHIFT_C,1,21.9,22.06,0.593,0.407,4.396,2.089,3.018,1.013,4.822,4.482,0.911,3,24.69,0,0.0,4.396,0.3974,20.307,16.307
2026-08-29 02:45:00,SHIFT_C,1,21.93,20.66,0.593,0.407,4.566,1.734,2.929,0.922,5.178,4.485,0.857,3,24.5,0,0.0,4.566,0.4207,20.524,16.524
2026-08-29 03:00:00,SHIFT_C,1,21.97,21.92,0.588,0.412,4.521,2.172,2.985,1.161,4.869,4.643,1.045,3,24.1,0,0.0,4.521,0.4265,20.593,16.593
2026-08-29 03:15:00,SHIFT_C,1,22.01,19.48,0.588,0.412,4.196,2.295,2.742,1.141,5.324,3.982,0.869,3,23.87,0,0.0,4.196,0.3823,20.743,16.743
2026-08-29 03:30:00,SHIFT_C,1,22.05,22.23,0.588,0.412,4.682,1.927,3.11,1.169,4.501,4.517,1.108,3,23.53,0,0.0,4.682,0.4258,20.861,16.861
2026-08-29 03:45:00,SHIFT_C,1,22.1,20.55,0.588,0.412,4.342,2.484,3.18,0.992,5.285,4.72,0.986,3,23.28,0,0.0,4.342,0.4189,20.977,16.977
2026-08-29 04:00:00,SHIFT_C,1,22.15,20.89,0.583,0.417,4.722,2.582,3.063,1.201,5.094,4.332,1.166,3,22.91,0,0.0,4.722,0.4484,21.248,17.248
2026-08-29 04:15:00,SHIFT_C,1,22.2,21.9,0.583,0.417,4.426,2.386,3.016,0.949,5.06,4.315,0.814,3,22.66,0,0.0,4.426,0.3969,21.272,17.272
2026-08-29 04:30:00,SHIFT_C,1,22.26,21.52,0.583,0.417,4.209,2.276,2.966,0.958,5.071,4.277,1.025,3,22.52,0,0.0,4.209,0.384,21.225,17.225
2026-08-29 04:45:00,SHIFT_C,1,22.32,24.3,0.583,0.417,4.339,2.259,2.952,1.227,5.442,4.523,1.105,3,22.26,0,0.0,4.339,0.4296,20.965,16.965
2026-08-29 05:00:00,SHIFT_C,1,22.39,21.85,0.579,0.421,4.048,2.023,2.873,1.064,5.544,4.183,0.931,3,22.02,0,0.0,4.048,0.3821,20.804,16.804
2026-08-29 05:15:00,SHIFT_C,1,22.45,23.0,0.579,0.421,4.239,1.973,3.231,1.228,4.955,4.285,1.053,3,21.74,0,0.0,4.239,0.3932,20.623,16.623
2026-08-29 05:30:00,SHIFT_C,1,22.52,21.43,0.579,0.421,4.324,2.261,3.125,1.078,5.224,4.636,0.852,2,25.55,0,0.0,4.324,0.6158,20.643,16.643
2026-08-29 05:45:00,SHIFT_C,1,22.59,22.79,0.579,0.421,4.532,2.362,2.876,1.093,4.981,4.585,0.97,3,25.23,0,0.0,4.532,0.4244,20.63,16.63
2026-08-29 06:00:00,SHIFT_A,1,27.52,27.65,0.574,0.426,5.283,2.724,3.312,1.135,5.45,4.481,1.038,3,24.86,0,0.0,5.283,0.5149,20.507,16.507
2026-08-29 06:15:00,SHIFT_A,1,27.61,28.57,0.574,0.426,5.473,2.722,2.822,1.32,5.126,4.8,0.885,3,24.62,0,0.0,5.473,0.5346,20.386,16.386
2026-08-29 06:30:00,SHIFT_A,1,27.7,28.55,0.574,0.426,5.623,3.237,3.173,1.121,5.266,4.361,0.891,3,24.29,0,0.0,5.623,0.5269,20.342,16.342
2026-08-29 06:45:00,SHIFT_A,1,27.79,26.65,0.574,0.426,5.372,2.656,3.193,1.221,5.104,4.186,0.936,3,23.91,0,0.0,5.372,0.4951,20.363,16.363
2026-08-29 07:00:00,SHIFT_A,1,27.88,26.12,0.569,0.431,6.397,2.738,3.046,1.135,4.561,3.928,0.915,3,23.61,0,0.0,6.397,0.5428,20.95,16.95
2026-08-29 07:15:00,SHIFT_A,1,27.97,28.32,0.569,0.431,5.408,2.891,2.941,1.296,5.025,4.589,0.948,3,23.15,0,0.0,5.408,0.5163,20.821,16.821
2026-08-29 07:30:00,SHIFT_A,1,28.06,27.94,0.569,0.431,5.509,2.318,2.665,1.026,4.998,4.146,1.07,3,22.99,0,0.0,5.509,0.4986,20.781,16.781
2026-08-29 07:45:00,SHIFT_A,1,28.15,27.11,0.569,0.431,6.394,2.798,2.887,1.223,5.437,3.969,0.977,3,22.83,0,0.0,6.394,0.5975,21.267,17.267
2026-08-29 08:00:00,SHIFT_A,1,28.24,27.77,0.564,0.436,5.628,2.777,3.367,1.113,5.076,4.139,1.051,3,22.5,0,0.0,5.628,0.5156,21.304,17.304
2026-08-29 08:15:00,SHIFT_A,1,28.33,26.43,0.564,0.436,5.908,2.23,2.896,1.138,4.872,4.304,0.985,3,22.4,0,0.0,5.908,0.5375,21.615,17.615
2026-08-29 08:30:00,SHIFT_A,1,28.41,26.96,0.564,0.436,5.81,2.34,2.912,1.172,5.201,4.373,1.002,3,21.95,0,0.0,5.81,0.5496,21.824,17.824
2026-08-29 08:45:00,SHIFT_A,1,28.5,29.74,0.564,0.436,4.996,2.991,2.972,1.073,5.108,4.23,1.036,2,27.41,0,0.0,4.996,0.6907,21.348,17.348
2026-08-29 09:00:00,SHIFT_A,1,28.58,28.2,0.559,0.441,5.9,2.01,3.021,0.909,5.178,4.553,0.783,3,27.14,0,0.0,5.9,0.5426,21.478,17.478
2026-08-29 09:15:00,SHIFT_A,1,28.65,29.45,0.559,0.441,6.061,2.351,2.966,1.255,5.312,4.47,0.858,3,26.81,0,0.0,6.061,0.5805,21.563,17.563
2026-08-29 09:30:00,SHIFT_A,1,28.73,27.22,0.559,0.441,5.693,2.651,3.304,1.25,5.758,3.979,0.97,3,26.69,0,0.0,5.693,0.5481,21.688,17.688
2026-08-29 09:45:00,SHIFT_A,1,28.8,29.19,0.559,0.441,5.972,2.41,3.309,1.223,4.748,4.527,0.98,3,26.38,0,0.0,5.972,0.5519,21.755,17.755
2026-08-29 10:00:00,SHIFT_A,1,28.87,13.04,0.554,0.446,6.501,2.417,3.227,1.347,4.994,4.616,0.86,3,26.06,0,0.0,6.501,0.6186,23.701,19.701
2026-08-29 10:15:00,SHIFT_A,1,28.93,14.42,0.554,0.446,5.427,2.532,2.822,1.173,5.128,4.414,1.086,3,25.61,0,0.0,5.427,0.5156,24.973,20.973
2026-08-29 10:30:00,SHIFT_A,1,28.99,12.36,0.554,0.446,6.214,2.798,3.166,1.191,5.173,4.322,0.908,3,25.46,0,0.0,6.214,0.5801,26.764,22.764
2026-08-29 10:45:00,SHIFT_A,1,29.04,31.06,0.554,0.446,6.299,2.74,3.431,1.079,5.2,4.26,1.041,3,25.25,0,0.0,6.299,0.5873,24.894,20.894
2026-08-29 11:00:00,SHIFT_A,1,29.09,27.43,0.549,0.451,5.829,2.612,3.094,1.262,5.251,4.129,1.003,3,25.04,0,0.0,5.829,0.5466,25.066,21.066
2026-08-29 11:15:00,SHIFT_A,1,29.13,26.61,0.549,0.451,5.38,2.388,3.091,1.063,5.503,4.43,0.996,3,24.86,0,0.0,5.38,0.5195,25.095,21.095
2026-08-29 11:30:00,SHIFT_A,1,25.67,25.16,0.549,0.451,4.739,2.385,3.022,1.166,5.213,4.482,0.858,3,24.61,0,0.0,4.739,0.4472,24.949,20.949
2026-08-29 11:45:00,SHIFT_A,1,25.7,26.85,0.549,0.451,5.041,2.802,2.839,1.292,5.534,4.172,1.015,2,29.31,0,0.0,5.041,0.7345,24.785,20.785
2026-08-29 12:00:00,SHIFT_A,1,29.23,30.27,0.544,0.456,5.675,2.513,3.037,1.131,5.061,4.16,1.065,3,28.83,0,0.0,5.675,0.5216,24.595,20.595
2026-08-29 12:15:00,SHIFT_A,1,29.25,29.63,0.544,0.456,5.799,2.593,3.148,1.139,5.376,4.333,0.947,3,28.49,0,0.0,5.799,0.5507,24.531,20.531
2026-08-29 12:30:00,SHIFT_A,1,29.26,29.02,0.544,0.456,6.061,2.201,2.488,1.06,5.319,4.438,0.914,3,27.95,0,0.0,6.061,0.5725,24.659,20.659
2026-08-29 12:45:00,SHIFT_A,1,29.27,27.83,0.544,0.456,5.175,2.25,2.46,1.242,5.21,4.502,0.793,3,27.86,0,0.0,5.175,0.4895,24.464,20.464
2026-08-29 13:00:00,SHIFT_A,1,29.27,29.9,0.539,0.461,6.358,2.782,2.82,1.268,5.245,4.672,0.896,3,27.49,0,0.0,6.358,0.6185,24.653,20.653
2026-08-29 13:15:00,SHIFT_A,1,29.27,28.84,0.539,0.461,5.618,2.599,2.978,1.307,5.307,4.418,0.955,3,27.23,0,0.0,5.618,0.5422,24.579,20.579
2026-08-29 13:30:00,SHIFT_A,1,29.26,29.52,0.539,0.461,5.917,2.25,2.764,1.117,5.107,3.847,0.99,3,26.89,0,0.0,5.917,0.527,24.585,20.585
2026-08-29 13:45:00,SHIFT_A,1,29.25,31.49,0.539,0.461,5.766,2.364,2.782,1.236,4.707,4.465,0.918,3,26.77,0,0.0,5.766,0.5258,24.319,20.319
2026-08-29 14:00:00,SHIFT_B,1,30.95,31.43,0.534,0.466,6.28,2.115,3.506,1.046,5.138,4.107,0.898,3,26.47,0,0.0,6.28,0.5658,24.316,20.316
2026-08-29 14:15:00,SHIFT_B,1,30.92,27.87,0.534,0.466,6.161,2.157,3.119,1.164,5.733,4.349,0.979,3,26.04,0,0.0,6.161,0.6065,24.61,20.61
2026-08-29 14:30:00,SHIFT_B,1,30.88,30.21,0.534,0.466,5.933,2.105,3.053,1.247,4.788,4.34,0.982,3,25.67,0,0.0,5.933,0.5425,24.556,20.556
2026-08-29 14:45:00,SHIFT_B,1,30.84,30.73,0.534,0.466,5.93,2.23,2.66,1.121,4.832,4.381,0.986,3,25.4,0,0.0,5.93,0.5404,24.448,20.448
2026-08-29 15:00:00,SHIFT_B,1,30.8,29.53,0.529,0.471,6.124,2.175,2.559,1.223,5.589,4.165,0.845,3,25.21,0,0.0,6.124,0.583,24.557,20.557
2026-08-29 15:15:00,SHIFT_B,1,30.75,28.23,0.529,0.471,6.507,2.248,2.857,1.107,4.841,4.332,1.131,3,24.98,0,0.0,6.507,0.5979,24.988,20.988
2026-08-29 15:30:00,SHIFT_B,1,30.69,29.43,0.529,0.471,5.935,2.221,2.935,1.41,5.388,4.139,1.02,3,24.63,0,0.0,5.935,0.5713,25.012,21.012
2026-08-29 15:45:00,SHIFT_B,1,30.63,30.73,0.529,0.471,5.435,2.424,2.929,1.111,5.529,4.285,1.051,3,24.25,0,0.0,5.435,0.524,24.657,20.657
2026-08-29 16:00:00,SHIFT_B,1,30.56,31.24,0.524,0.476,6.522,2.556,2.962,1.078,4.859,4.077,1.161,3,23.86,0,0.0,6.522,0.5868,24.793,20.793
2026-08-29 16:15:00,SHIFT_B,1,30.49,29.54,0.524,0.476,5.652,2.044,3.05,1.182,4.736,4.485,0.936,2,29.74,0,0.0,5.652,0.7904,24.665,20.665
2026-08-29 16:30:00,SHIFT_B,1,30.42,28.24,0.524,0.476,6.489,2.355,3.053,0.984,5.049,4.155,0.991,3,29.34,0,0.0,6.489,0.5841,25.086,21.086
2026-08-29 16:45:00,SHIFT_B,1,30.34,32.02,0.524,0.476,5.646,2.429,3.067,1.091,5.352,4.526,1.049,3,28.98,0,0.0,5.646,0.5463,24.707,20.707
2026-08-29 17:00:00,SHIFT_B,1,30.26,30.43,0.519,0.481,5.964,2.271,3.055,1.187,4.849,4.108,0.892,3,28.57,0,0.0,5.964,0.53,24.646,20.646
2026-08-29 17:15:00,SHIFT_B,1,30.17,31.09,0.519,0.481,6.247,2.262,2.999,1.003,4.769,4.223,1.008,3,28.14,0,0.0,6.247,0.5534,24.66,20.66
2026-08-29 17:30:00,SHIFT_B,1,30.08,30.77,0.519,0.481,5.667,2.144,2.781,1.22,5.08,4.487,0.966,3,27.65,0,0.0,5.667,0.5363,24.416,20.416
2026-08-29 17:45:00,SHIFT_B,1,29.99,30.37,0.519,0.481,5.803,2.529,2.973,1.225,5.296,4.335,1.042,3,27.18,0,0.0,5.803,0.5559,24.281,20.281
2026-08-29 18:00:00,SHIFT_B,1,29.9,31.07,0.514,0.486,6.222,2.554,3.127,1.173,4.811,3.919,0.988,3,27.07,0,0.0,6.222,0.5456,24.285,20.285
2026-08-29 18:15:00,SHIFT_B,1,29.81,28.67,0.514,0.486,6.352,2.498,3.159,1.089,5.246,3.896,0.861,3,26.79,0,0.0,6.352,0.5673,24.594,20.594
2026-08-29 18:30:00,SHIFT_B,1,29.71,29.01,0.514,0.486,5.01,2.446,2.939,1.048,5.046,4.407,0.984,3,26.71,0,0.0,5.01,0.4633,24.198,20.198
2026-08-29 18:45:00,SHIFT_B,1,29.62,29.5,0.514,0.486,5.837,2.577,3.283,1.097,5.241,4.543,0.921,3,26.38,0,0.0,5.837,0.5546,24.166,20.166
2026-08-29 19:00:00,SHIFT_B,1,25.98,23.83,0.51,0.49,4.598,2.178,3.165,1.062,5.233,4.115,0.907,3,26.07,0,0.0,4.598,0.419,24.082,20.082
2026-08-29 19:15:00,SHIFT_B,1,25.89,26.34,0.51,0.49,5.662,2.442,3.29,1.216,5.109,4.58,0.872,3,25.85,0,0.0,5.662,0.5369,24.279,20.279
2026-08-29 19:30:00,SHIFT_B,1,29.33,30.85,0.51,0.49,5.766,2.719,2.96,1.081,5.152,4.206,0.943,3,25.61,0,0.0,5.766,0.5284,24.077,20.077
2026-08-29 19:45:00,SHIFT_B,1,29.23,28.34,0.51,0.49,5.435,2.847,2.991,1.099,4.927,3.845,1.125,3,25.47,0,0.0,5.435,0.4812,23.96,19.96
2026-08-29 20:00:00,SHIFT_B,1,29.14,28.74,0.505,0.495,5.713,2.552,2.952,1.226,5.152,4.21,0.857,3,25.15,0,0.0,5.713,0.5265,23.943,19.943
2026-08-29 20:15:00,SHIFT_B,1,29.05,30.29,0.505,0.495,5.408,2.121,2.93,1.14,5.501,4.386,1.028,3,24.89,0,0.0,5.408,0.525,23.618,19.618
2026-08-29 20:30:00,SHIFT_B,1,28.96,28.17,0.505,0.495,5.84,2.511,3.039,0.934,4.826,3.45,1.038,3,24.51,0,0.0,5.84,0.4818,23.72,19.72
2026-08-29 20:45:00,SHIFT_B,1,28.87,28.17,0.505,0.495,5.512,2.468,3.4,1.191,5.954,4.298,0.971,3,24.19,0,0.0,5.512,0.5509,23.659,19.659
2026-08-29 21:00:00,SHIFT_B,1,28.78,31.03,0.5,0.5,6.012,2.498,2.98,1.051,5.025,4.08,1.083,3,23.72,0,0.0,6.012,0.544,23.562,19.562
2026-08-29 21:15:00,SHIFT_B,1,28.7,28.15,0.5,0.5,5.787,2.445,2.729,1.363,5.233,4.249,0.857,3,23.38,0,0.0,5.787,0.5452,23.641,19.641
2026-08-29 21:30:00,SHIFT_B,1,28.62,27.72,0.5,0.5,5.539,2.369,3.077,1.201,5.596,3.919,1.018,3,22.84,0,0.0,5.539,0.5233,23.638,19.638
2026-08-29 21:45:00,SHIFT_B,1,28.55,27.69,0.5,0.5,5.938,3.119,2.72,1.157,4.682,4.567,0.897,3,22.52,0,0.0,5.938,0.5404,23.838,19.838
2026-08-29 22:00:00,SHIFT_C,1,22.15,22.07,0.496,0.504,4.485,2.351,3.503,1.172,5.287,4.056,0.988,3,22.08,0,0.0,4.485,0.4154,23.874,19.874
2026-08-29 22:15:00,SHIFT_C,1,22.1,22.05,0.496,0.504,5.294,2.095,2.729,1.186,5.027,4.434,1.08,3,21.79,0,0.0,5.294,0.4999,24.316,20.316
2026-08-29 22:30:00,SHIFT_C,1,22.05,21.74,0.496,0.504,4.637,2.276,3.063,1.348,5.092,4.323,0.826,3,21.41,0,0.0,4.637,0.4327,24.46,20.46
2026-08-29 22:45:00,SHIFT_C,1,22.01,20.63,0.496,0.504,4.584,2.304,2.756,1.183,5.108,4.39,0.926,2,25.43,0,0.0,4.584,0.6426,24.689,20.689
2026-08-29 23:00:00,SHIFT_C,1,21.97,20.14,0.491,0.509,4.005,2.072,2.955,1.05,5.123,4.163,0.871,3,25.19,0,0.0,4.005,0.3614,24.677,20.677
2026-08-29 23:15:00,SHIFT_C,1,21.93,22.78,0.491,0.509,4.91,2.321,3.079,1.151,5.431,4.658,1.046,3,24.93,0,0.0,4.91,0.4857,24.855,20.855
2026-08-29 23:30:00,SHIFT_C,1,21.9,21.59,0.491,0.509,4.514,1.683,2.932,0.903,5.595,4.358,0.996,3,24.49,0,0.0,4.514,0.4308,24.952,20.952
2026-08-29 23:45:00,SHIFT_C,1,21.87,22.88,0.491,0.509,4.497,2.341,3.016,1.106,4.743,4.446,0.929,2,28.67,0,0.0,4.497,0.6096,24.914,20.914
2026-08-30 00:00:00,SHIFT_C,1,21.85,22.11,0.498,0.502,4.847,1.923,2.986,1.035,4.779,4.596,1.035,3,28.45,0,0.0,4.847,0.4467,25.127,21.127
2026-08-30 00:15:00,SHIFT_C,1,21.83,19.83,0.498,0.502,4.995,2.318,3.062,0.956,5.099,4.277,0.842,3,28.11,0,0.0,4.995,0.4494,25.641,21.641
2026-08-30 00:30:00,SHIFT_C,1,21.82,18.7,0.498,0.502,4.513,2.209,2.781,1.177,4.778,4.509,0.928,3,27.82,0,0.0,4.513,0.414,26.028,22.028
2026-08-30 00:45:00,SHIFT_C,1,21.81,23.94,0.498,0.502,4.285,2.255,3.06,1.286,4.787,4.426,1.003,3,27.32,0,0.0,4.285,0.3968,25.606,21.606
2026-08-30 01:00:00,SHIFT_C,1,21.81,21.82,0.493,0.507,4.601,2.172,3.11,1.216,5.176,4.604,0.952,3,27.15,0,0.0,4.601,0.4426,25.724,21.724
2026-08-30 01:15:00,SHIFT_C,1,21.81,21.72,0.493,0.507,4.17,2.127,2.7,1.109,5.288,4.271,1.025,3,26.86,0,0.0,4.17,0.3926,25.637,21.637
2026-08-30 01:30:00,SHIFT_C,1,21.82,20.28,0.493,0.507,4.544,1.984,3.061,1.209,5.046,4.153,0.913,3,26.44,0,0.0,4.544,0.4142,25.881,21.881
2026-08-30 01:45:00,SHIFT_C,1,21.83,21.92,0.493,0.507,3.642,2.314,3.12,1.005,5.063,4.246,0.78,3,26.16,0,0.0,3.642,0.3253,25.511,21.511
2026-08-30 02:00:00,SHIFT_C,1,21.85,20.59,0.489,0.511,4.455,1.988,2.884,1.204,5.083,4.054,0.986,3,25.84,0,0.0,4.455,0.4062,25.678,21.678
2026-08-30 02:15:00,SHIFT_C,1,21.87,24.08,0.489,0.511,4.109,2.231,3.04,1.301,5.525,4.3,0.843,3,25.48,0,0.0,4.109,0.396,25.325,21.325
2026-08-30 02:30:00,SHIFT_C,1,21.9,21.52,0.489,0.511,4.522,2.096,2.839,1.165,5.232,4.425,0.915,3,25.38,0,0.0,4.522,0.4273,25.434,21.434
2026-08-30 02:45:00,SHIFT_C,1,21.93,22.57,0.489,0.511,4.434,1.934,3.232,1.264,5.092,4.392,0.958,3,25.24,0,0.0,4.434,0.418,25.393,21.393
2026-08-30 03:00:00,SHIFT_C,1,21.97,21.61,0.485,0.515,3.913,1.761,3.085,1.194,5.322,4.107,0.959,3,24.91,0,0.0,3.913,0.3649,25.189,21.189
2026-08-30 03:15:00,SHIFT_C,1,22.01,21.64,0.485,0.515,4.348,2.42,3.182,1.234,4.747,3.977,0.981,3,24.57,0,0.0,4.348,0.3829,25.198,21.198
2026-08-30 03:30:00,SHIFT_C,1,22.05,23.32,0.485,0.515,4.703,2.237,3.116,1.057,5.507,4.371,0.982,3,24.15,0,0.0,4.703,0.4512,25.217,21.217
2026-08-30 03:45:00,SHIFT_C,1,22.1,22.39,0.485,0.515,4.332,2.491,3.096,1.134,4.859,4.364,1.027,3,23.81,0,0.0,4.332,0.3971,25.145,21.145
2026-08-30 04:00:00,SHIFT_C,1,22.15,23.56,0.481,0.519,4.455,2.223,3.069,1.06,4.868,4.206,0.97,3,23.51,0,0.0,4.455,0.3983,25.016,21.016
2026-08-30 04:15:00,SHIFT_C,1,22.2,20.76,0.481,0.519,5.016,2.202,2.595,1.122,5.176,4.229,0.989,3,23.17,0,0.0,5.016,0.4651,25.448,21.448
2026-08-30 04:30:00,SHIFT_C,1,22.26,21.12,0.481,0.519,4.505,2.185,3.063,1.139,4.91,4.043,0.916,3,22.98,0,0.0,4.505,0.3993,25.588,21.588
2026-08-30 04:45:00,SHIFT_C,1,22.32,21.5,0.481,0.519,4.88,2.195,2.502,1.12,4.85,3.982,0.974,3,22.69,0,0.0,4.88,0.4292,25.85,21.85
2026-08-30 05:00:00,SHIFT_C,1,22.39,20.62,0.477,0.523,4.25,2.121,3.158,1.146,4.827,3.865,0.907,3,22.49,0,0.0,4.25,0.3677,25.913,21.913
2026-08-30 05:15:00,SHIFT_C,1,22.45,24.21,0.477,0.523,4.751,2.234,2.941,1.198,5.032,4.444,0.99,3,22.4,0,0.0,4.751,0.4462,25.579,21.579
2026-08-30 05:30:00,SHIFT_C,1,22.52,23.57,0.477,0.523,4.548,2.58,3.229,1.138,5.342,4.834,0.874,3,22.06,0,0.0,4.548,0.4463,25.496,21.496
2026-08-30 05:45:00,SHIFT_C,1,22.59,21.17,0.477,0.523,4.997,2.097,3.049,0.994,4.98,4.221,1.075,3,21.95,0,0.0,4.997,0.4534,25.877,21.877
2026-08-30 06:00:00,SHIFT_A,1,27.52,23.2,0.473,0.527,5.704,2.323,3.318,1.182,5.791,4.187,0.948,3,21.78,0,0.0,5.704,0.5561,25.68,21.68
2026-08-30 06:15:00,SHIFT_A,1,27.61,27.44,0.473,0.527,5.178,2.477,3.019,1.166,5.042,4.583,0.962,3,21.51,0,0.0,5.178,0.49,25.256,21.256
2026-08-30 06:30:00,SHIFT_A,1,27.7,29.04,0.473,0.527,5.557,2.723,2.85,1.347,5.039,4.353,0.872,3,21.22,0,0.0,5.557,0.5195,25.096,21.096
2026-08-30 06:45:00,SHIFT_A,1,27.79,28.22,0.473,0.527,6.271,2.997,3.065,1.198,5.342,4.25,0.913,3,20.89,0,0.0,6.271,0.5909,25.178,21.178
2026-08-30 07:00:00,SHIFT_A,1,27.88,28.95,0.469,0.531,5.548,2.627,2.631,0.961,5.342,4.036,1.027,2,25.18,0,0.0,5.548,0.7742,25.057,21.057
2026-08-30 07:15:00,SHIFT_A,1,27.97,27.67,0.469,0.531,5.338,2.468,3.163,1.21,4.592,4.396,0.873,3,24.84,0,0.0,5.338,0.4759,24.959,20.959
2026-08-30 07:30:00,SHIFT_A,1,28.06,24.99,0.469,0.531,5.255,3.166,3.148,1.073,4.71,3.633,1.095,3,24.67,0,0.0,5.255,0.4447,25.088,21.088
2026-08-30 07:45:00,SHIFT_A,1,28.15,28.84,0.469,0.531,5.146,2.603,3.139,1.139,5.286,4.707,0.911,3,24.39,0,0.0,5.146,0.499,24.776,20.776
2026-08-30 08:00:00,SHIFT_A,1,28.24,26.61,0.465,0.535,5.508,2.265,3.333,1.141,5.034,3.911,1.014,3,24.2,0,0.0,5.508,0.4922,24.87,20.87
2026-08-30 08:15:00,SHIFT_A,1,28.33,28.31,0.465,0.535,5.634,2.544,3.3,1.108,5.26,4.036,1.044,3,24.09,0,0.0,5.634,0.5193,24.856,20.856
2026-08-30 08:30:00,SHIFT_A,1,28.41,28.33,0.465,0.535,5.651,2.663,2.81,1.192,4.925,4.516,1.028,3,23.82,0,0.0,5.651,0.5306,24.848,20.848
2026-08-30 08:45:00,SHIFT_A,1,28.5,27.14,0.465,0.535,4.805,2.455,2.727,1.182,4.735,4.338,0.944,3,23.54,0,0.0,4.805,0.4332,24.537,20.537
2026-08-30 09:00:00,SHIFT_A,1,28.58,29.91,0.462,0.538,5.688,2.241,3.175,0.983,5.37,4.087,0.999,3,23.21,0,0.0,5.688,0.5239,24.39,20.39
2026-08-30 09:15:00,SHIFT_A,1,28.65,25.23,0.462,0.538,6.596,2.692,3.317,1.004,5.11,4.226,0.887,3,22.92,0,0.0,6.596,0.5962,25.165,21.165
2026-08-30 09:30:00,SHIFT_A,1,28.73,30.42,0.462,0.538,5.866,2.682,3.191,1.034,5.139,4.178,1.069,3,22.71,0,0.0,5.866,0.5394,24.958,20.958
2026-08-30 09:45:00,SHIFT_A,1,28.8,29.18,0.462,0.538,6.333,2.432,3.033,1.037,4.901,4.572,0.997,3,22.26,0,0.0,6.333,0.5867,25.082,21.082
2026-08-30 10:00:00,SHIFT_A,1,28.87,29.73,0.459,0.541,6.143,2.263,3.263,1.047,5.263,3.929,0.897,2,27.44,0,0.0,6.143,0.8616,25.027,21.027
2026-08-30 10:15:00,SHIFT_A,1,28.93,27.88,0.459,0.541,5.17,2.865,2.781,1.093,5.698,4.423,0.938,3,27.24,0,0.0,5.17,0.5058,24.824,20.824
2026-08-30 10:30:00,SHIFT_A,1,28.99,29.84,0.459,0.541,6.486,2.647,2.862,1.154,5.427,4.307,0.941,3,26.92,0,0.0,6.486,0.6178,25.016,21.016
2026-08-30 10:45:00,SHIFT_A,1,29.04,26.62,0.459,0.541,5.619,2.47,3.112,1.126,5.648,4.342,0.774,3,26.69,0,0.0,5.619,0.5379,25.162,21.162
2026-08-30 11:00:00,SHIFT_A,1,29.09,28.67,0.455,0.545,6.121,2.196,3.127,1.184,4.914,4.019,0.946,3,26.46,0,0.0,6.121,0.5452,25.133,21.133
2026-08-30 11:15:00,SHIFT_A,1,29.13,29.19,0.455,0.545,6.016,2.304,2.942,1.199,5.374,4.222,0.872,3,26.16,0,0.0,6.016,0.5651,25.081,21.081
2026-08-30 11:30:00,SHIFT_A,1,25.67,24.48,0.455,0.545,5.049,2.726,2.67,1.083,4.831,4.104,1.046,3,25.88,0,0.0,5.049,0.4497,25.158,21.158
2026-08-30 11:45:00,SHIFT_A,1,25.7,24.14,0.455,0.545,5.095,2.653,2.941,1.271,5.39,4.454,0.98,3,25.58,0,0.0,5.095,0.4962,25.291,21.291
2026-08-30 12:00:00,SHIFT_A,1,29.23,28.45,0.452,0.548,5.491,2.559,3.09,1.157,4.811,4.397,0.937,3,25.27,0,0.0,5.491,0.4997,25.155,21.155
2026-08-30 12:15:00,SHIFT_A,1,29.25,27.98,0.452,0.548,5.814,2.448,2.875,1.327,4.594,4.357,1.026,2,29.66,0,0.0,5.814,0.8172,25.202,21.202
2026-08-30 12:30:00,SHIFT_A,1,29.26,26.99,0.452,0.548,6.292,2.729,3.073,1.063,5.489,4.516,0.897,3,29.2,0,0.0,6.292,0.6061,25.301,21.301
2026-08-30 12:45:00,SHIFT_A,1,29.27,27.08,0.452,0.548,5.815,2.212,3.211,1.057,5.207,4.771,0.868,3,29.1,0,0.0,5.815,0.5573,25.292,21.292
2026-08-30 13:00:00,SHIFT_A,1,29.27,30.85,0.45,0.55,5.39,2.299,2.88,1.111,5.162,4.505,0.991,3,28.74,0,0.0,5.39,0.5108,24.902,20.902
2026-08-30 13:15:00,SHIFT_A,1,29.27,28.68,0.45,0.55,5.929,2.242,3.264,1.358,5.562,4.229,1.069,3,28.39,0,0.0,5.929,0.5832,24.998,20.998
2026-08-30 13:30:00,SHIFT_A,1,29.26,28.87,0.45,0.55,6.242,2.251,2.827,0.981,5.015,4.514,0.891,3,28.17,0,0.0,6.242,0.573,25.113,21.113
2026-08-30 13:45:00,SHIFT_A,1,29.25,28.85,0.45,0.55,5.273,2.362,3.469,1.327,4.983,4.404,1.049,3,27.67,0,0.0,5.273,0.4994,24.865,20.865
2026-08-30 14:00:00,SHIFT_B,1,30.95,27.81,0.447,0.553,6.026,2.132,3.304,1.079,4.859,4.319,0.93,3,27.36,0,0.0,6.026,0.5427,25.097,21.097
2026-08-30 14:15:00,SHIFT_B,1,30.92,28.44,0.447,0.553,5.955,3.027,3.172,1.118,5.184,4.557,1.045,3,27.03,0,0.0,5.955,0.5708,25.156,21.156
2026-08-30 14:30:00,SHIFT_B,1,30.88,31.63,0.447,0.553,5.923,2.245,2.681,1.353,5.383,4.116,0.826,3,26.69,0,0.0,5.923,0.5569,24.837,20.837
2026-08-30 14:45:00,SHIFT_B,1,30.84,30.09,0.447,0.553,6.331,2.509,3.218,1.218,5.295,4.352,0.914,3,26.44,0,0.0,6.331,0.6004,24.991,20.991
2026-08-30 15:00:00,SHIFT_B,1,30.8,29.62,0.445,0.555,6.812,2.545,2.87,1.297,5.434,4.343,0.949,3,26.0,0,0.0,6.812,0.6594,25.038,21.038
2026-08-30 15:15:00,SHIFT_B,1,30.75,29.66,0.445,0.555,5.741,2.222,2.845,1.115,5.185,4.443,1.039,3,25.75,0,0.0,5.741,0.5446,24.943,20.943
2026-08-30 15:30:00,SHIFT_B,1,30.69,30.18,0.445,0.555,6.385,2.578,2.67,1.179,4.591,4.325,0.801,2,25.51,0,0.0,6.385,0.882,24.982,20.982
2026-08-30 15:45:00,SHIFT_B,1,30.63,29.57,0.445,0.555,7.008,2.576,2.984,1.034,5.427,4.537,0.754,2,25.29,0,0.0,6.375,1.0993,25.043,21.043
2026-08-30 16:00:00,SHIFT_B,1,30.56,27.91,0.442,0.558,6.223,2.306,3.016,1.088,4.925,4.049,0.842,2,24.97,0.633,1.345,6.856,0.9711,25.209,21.209
2026-08-30 16:15:00,SHIFT_B,1,30.49,32.22,0.442,0.558,5.601,2.757,3.312,1.087,5.096,4.043,1.045,3,24.55,0,0.0,5.601,0.5083,24.778,20.778
2026-08-30 16:30:00,SHIFT_B,1,30.42,31.56,0.442,0.558,6.223,2.181,3.05,1.039,4.878,4.4,0.98,3,24.38,0,0.0,6.223,0.566,24.734,20.734
2026-08-30 16:45:00,SHIFT_B,1,30.34,29.7,0.442,0.558,5.82,2.33,2.781,1.179,5.327,4.715,1.127,3,23.86,0,0.0,5.82,0.5786,24.674,20.674
2026-08-30 17:00:00,SHIFT_B,1,30.26,30.2,0.44,0.56,5.718,2.383,3.325,1.1,5.123,4.367,0.837,3,23.51,0,0.0,5.718,0.5261,24.513,20.513
2026-08-30 17:15:00,SHIFT_B,1,30.17,31.07,0.44,0.56,6.624,1.92,2.867,1.122,5.148,4.36,1.125,3,23.05,0,0.0,6.624,0.627,24.718,20.718
2026-08-30 17:30:00,SHIFT_B,1,30.08,29.9,0.44,0.56,6.584,2.334,2.871,1.097,5.038,4.271,0.946,3,22.75,0,0.0,6.584,0.6018,25.01,21.01
2026-08-30 17:45:00,SHIFT_B,1,29.99,29.01,0.44,0.56,5.916,2.586,3.14,1.21,5.188,4.456,0.878,3,22.44,0,0.0,5.916,0.5588,25.066,21.066
2026-08-30 18:00:00,SHIFT_B,1,29.9,29.77,0.438,0.562,6.045,2.309,2.96,1.21,4.733,3.746,1.065,3,22.22,0,0.0,6.045,0.5234,25.023,21.023
2026-08-30 18:15:00,SHIFT_B,1,29.81,31.0,0.438,0.562,6.501,2.556,2.916,1.341,4.73,4.35,1.213,3,22.09,0,0.0,6.501,0.609,24.9,20.9
2026-08-30 18:30:00,SHIFT_B,1,29.71,28.68,0.438,0.562,6.474,3.081,3.047,1.127,5.361,4.176,1.072,3,21.86,0,0.0,6.474,0.6117,25.132,21.132
2026-08-30 18:45:00,SHIFT_B,1,29.62,30.23,0.438,0.562,5.64,2.332,2.699,1.228,5.029,3.89,1.017,2,26.87,0,0.0,5.64,0.7728,24.929,20.929
2026-08-30 19:00:00,SHIFT_B,1,25.98,25.52,0.436,0.564,5.021,2.264,2.715,1.167,5.357,4.561,0.927,3,26.4,0,0.0,5.021,0.4856,24.887,20.887
2026-08-30 19:15:00,SHIFT_B,1,25.89,25.22,0.436,0.564,5.591,2.354,2.965,1.195,4.756,4.317,0.855,3,26.2,0,0.0,5.591,0.5007,25.16,21.16
2026-08-30 19:30:00,SHIFT_B,1,29.33,26.97,0.436,0.564,5.971,2.549,2.904,1.19,5.574,4.2,1.062,2,26.02,0,0.0,5.971,0.915,25.303,21.303
2026-08-30 19:45:00,SHIFT_B,1,29.23,30.76,0.436,0.564,5.401,2.494,2.827,1.078,5.004,4.392,0.882,3,25.76,0,0.0,5.401,0.4939,24.924,20.924
2026-08-30 20:00:00,SHIFT_B,1,29.14,26.93,0.435,0.565,6.097,2.389,3.044,1.116,5.603,4.187,0.862,3,25.51,0,0.0,6.097,0.5777,25.279,21.279
2026-08-30 20:15:00,SHIFT_B,1,29.05,27.34,0.435,0.565,5.581,2.434,3.04,0.984,5.063,4.364,0.999,3,25.27,0,0.0,5.581,0.5127,25.266,21.266
2026-08-30 20:30:00,SHIFT_B,1,28.96,28.35,0.435,0.565,5.58,2.362,3.034,1.173,5.368,4.058,0.976,3,25.02,0,0.0,5.58,0.5201,25.165,21.165
2026-08-30 20:45:00,SHIFT_B,1,28.87,27.15,0.435,0.565,5.808,2.626,3.217,1.137,5.035,3.88,0.976,3,24.68,0,0.0,5.808,0.5157,25.285,21.285
2026-08-30 21:00:00,SHIFT_B,1,28.78,28.27,0.434,0.566,5.327,2.821,3.229,1.293,5.171,4.081,0.992,3,24.33,0,0.0,5.327,0.4948,25.121,21.121
2026-08-30 21:15:00,SHIFT_B,1,28.7,29.95,0.434,0.566,5.375,2.502,3.236,0.981,5.332,4.478,0.99,3,24.18,0,0.0,5.375,0.5098,24.813,20.813
2026-08-30 21:30:00,SHIFT_B,1,28.62,30.3,0.434,0.566,5.604,3.181,2.798,1.372,5.103,4.569,1.01,3,23.99,0,0.0,5.604,0.5438,24.585,20.585
2026-08-30 21:45:00,SHIFT_B,1,28.55,27.6,0.434,0.566,5.932,2.493,3.023,1.053,4.819,4.298,0.916,3,23.56,0,0.0,5.932,0.5295,24.791,20.791
2026-08-30 22:00:00,SHIFT_C,1,22.15,19.05,0.433,0.567,4.51,1.931,3.397,1.104,5.056,4.222,0.928,3,23.28,0,0.0,4.51,0.4107,25.141,21.141
2026-08-30 22:15:00,SHIFT_C,1,22.1,22.93,0.433,0.567,4.512,2.301,2.916,1.105,5.231,4.359,0.91,3,22.88,0,0.0,4.512,0.4216,25.104,21.104
2026-08-30 22:30:00,SHIFT_C,1,22.05,22.08,0.433,0.567,4.676,2.019,2.95,1.224,5.175,4.508,0.918,3,22.43,0,0.0,4.676,0.4452,25.234,21.234
2026-08-30 22:45:00,SHIFT_C,1,22.01,24.19,0.433,0.567,4.253,1.678,2.849,1.2,5.874,4.306,1.06,3,22.31,0,0.0,4.253,0.426,24.942,20.942
2026-08-30 23:00:00,SHIFT_C,1,21.97,24.14,0.432,0.568,4.267,2.099,2.683,1.198,5.247,4.163,0.925,3,21.96,0,0.0,4.267,0.3962,24.661,20.661
2026-08-30 23:15:00,SHIFT_C,1,21.93,21.89,0.432,0.568,4.47,2.525,3.088,0.984,5.328,4.439,1.022,3,21.66,0,0.0,4.47,0.4237,24.707,20.707
2026-08-30 23:30:00,SHIFT_C,1,21.9,22.22,0.432,0.568,4.037,2.612,3.248,1.04,5.385,4.386,0.969,3,21.31,0,0.0,4.037,0.3829,24.504,20.504
2026-08-30 23:45:00,SHIFT_C,1,21.87,19.54,0.432,0.568,3.975,2.102,2.986,1.07,4.72,4.169,0.945,3,21.0,0,0.0,3.975,0.349,24.537,20.537
2026-08-31 00:00:00,SHIFT_C,0,26.65,23.53,0.433,0.567,5.222,2.759,2.761,1.167,5.533,4.04,0.981,2,25.67,0,0.0,5.222,0.7447,24.796,20.796
2026-08-31 00:15:00,SHIFT_C,0,26.63,25.93,0.433,0.567,5.425,2.662,3.245,1.105,5.35,3.819,0.874,3,25.29,0,0.0,5.425,0.4869,24.915,20.915
2026-08-31 00:30:00,SHIFT_C,0,26.61,27.97,0.433,0.567,4.929,2.482,2.728,1.15,4.702,3.866,0.91,2,30.78,0,0.0,4.929,0.6327,24.583,20.583
2026-08-31 00:45:00,SHIFT_C,0,26.6,25.25,0.433,0.567,4.954,2.313,3.205,1.061,5.013,4.061,0.929,3,30.4,0,0.0,4.954,0.4414,24.534,20.534
2026-08-31 01:00:00,SHIFT_C,0,26.6,27.54,0.432,0.568,4.843,2.437,3.001,0.923,5.115,4.421,0.942,3,30.11,0,0.0,4.843,0.4445,24.202,20.202
2026-08-31 01:15:00,SHIFT_C,0,26.6,27.66,0.432,0.568,5.855,2.899,3.246,1.164,4.859,3.995,0.892,3,29.91,0,0.0,5.855,0.5144,24.364,20.364
2026-08-31 01:30:00,SHIFT_C,0,26.61,26.01,0.432,0.568,5.771,2.799,3.017,1.068,5.318,3.97,1.047,3,29.61,0,0.0,5.771,0.5298,24.648,20.648
2026-08-31 01:45:00,SHIFT_C,0,26.63,25.3,0.432,0.568,5.435,2.633,2.92,1.16,5.472,4.095,0.983,3,29.37,0,0.0,5.435,0.5124,24.835,20.835
2026-08-31 02:00:00,SHIFT_C,0,26.65,24.67,0.431,0.569,5.197,2.268,3.28,1.082,5.551,4.257,1.023,3,29.09,0,0.0,5.197,0.4985,24.966,20.966
2026-08-31 02:15:00,SHIFT_C,0,26.67,29.03,0.431,0.569,4.656,2.548,3.168,1.186,5.151,4.445,0.895,3,28.64,0,0.0,4.656,0.4378,24.391,20.391
2026-08-31 02:30:00,SHIFT_C,0,26.71,26.65,0.431,0.569,5.318,2.705,2.927,1.26,4.955,4.526,1.037,3,28.19,0,0.0,5.318,0.5044,24.386,20.386
2026-08-31 02:45:00,SHIFT_C,0,26.74,28.06,0.431,0.569,5.253,2.299,3.039,1.154,5.2,4.104,1.037,3,28.04,0,0.0,5.253,0.4862,24.207,20.207
2026-08-31 03:00:00,SHIFT_C,0,26.79,26.0,0.431,0.569,4.882,2.619,2.858,1.217,5.264,4.264,0.915,3,27.76,0,0.0,4.882,0.4583,24.048,20.048
2026-08-31 03:15:00,SHIFT_C,0,26.84,28.35,0.431,0.569,4.802,2.44,2.885,1.17,5.171,4.384,0.9,3,27.46,0,0.0,4.802,0.4496,23.614,19.614
2026-08-31 03:30:00,SHIFT_C,0,26.89,25.23,0.431,0.569,5.828,2.654,3.154,1.187,4.804,4.157,1.052,3,27.08,0,0.0,5.828,0.5256,24.005,20.005
2026-08-31 03:45:00,SHIFT_C,0,26.95,26.44,0.431,0.569,5.601,2.391,2.983,1.174,5.504,4.174,0.973,3,26.94,0,0.0,5.601,0.5333,24.162,20.162
2026-08-31 04:00:00,SHIFT_C,0,27.01,27.74,0.43,0.57,4.486,3.093,2.58,1.11,5.149,4.622,0.896,3,26.69,0,0.0,4.486,0.4254,23.631,19.631
2026-08-31 04:15:00,SHIFT_C,0,27.08,27.22,0.43,0.57,5.14,2.474,2.811,1.084,4.88,4.709,1.07,3,26.23,0,0.0,5.14,0.486,23.479,19.479
2026-08-31 04:30:00,SHIFT_C,0,27.15,27.7,0.43,0.57,6.029,2.618,2.953,1.274,5.257,4.236,1.082,3,25.88,0,0.0,6.029,0.5752,23.723,19.723
2026-08-31 04:45:00,SHIFT_C,0,27.22,28.09,0.43,0.57,5.711,2.262,3.086,1.134,4.893,4.065,0.948,3,25.39,0,0.0,5.711,0.5076,23.77,19.77
2026-08-31 05:00:00,SHIFT_C,0,27.3,26.44,0.43,0.57,5.132,2.89,2.926,0.936,5.083,4.331,0.978,3,25.21,0,0.0,5.132,0.4681,23.692,19.692
2026-08-31 05:15:00,SHIFT_C,0,27.38,28.4,0.43,0.57,5.592,2.609,2.677,1.061,4.831,4.299,0.974,3,24.81,0,0.0,5.592,0.5027,23.648,19.648
2026-08-31 05:30:00,SHIFT_C,0,27.46,27.6,0.43,0.57,5.541,2.482,3.119,1.275,5.55,4.119,1.042,3,24.3,0,0.0,5.541,0.5347,23.658,19.658
2026-08-31 05:45:00,SHIFT_C,0,27.55,26.49,0.43,0.57,5.097,2.372,2.869,1.121,5.526,4.467,1.016,3,24.01,0,0.0,5.097,0.4978,23.557,19.557
2026-08-31 06:00:00,SHIFT_A,0,33.56,33.14,0.43,0.57,6.778,2.923,3.452,1.251,5.369,4.573,0.955,3,23.69,0,0.0,6.778,0.663,23.632,19.632
2026-08-31 06:15:00,SHIFT_A,0,33.67,34.62,0.43,0.57,6.459,3.142,3.032,1.292,5.728,4.453,1.079,3,23.33,0,0.0,6.459,0.6528,23.4,19.4
2026-08-31 06:30:00,SHIFT_A,0,33.78,33.25,0.43,0.57,6.908,3.482,2.883,1.096,5.675,4.33,1.055,3,23.12,0,0.0,6.908,0.6761,23.529,19.529
2026-08-31 06:45:00,SHIFT_A,0,33.89,33.03,0.43,0.57,6.291,3.378,3.136,1.131,5.393,4.143,0.898,2,28.07,0,0.0,6.291,0.9329,23.372,19.372
2026-08-31 07:00:00,SHIFT_A,0,34.0,34.47,0.43,0.57,6.748,2.806,3.007,1.17,5.2,4.598,1.071,3,27.95,0,0.0,6.748,0.6541,23.298,19.298
2026-08-31 07:15:00,SHIFT_A,0,34.11,34.48,0.43,0.57,7.006,3.173,3.03,1.239,5.585,4.04,1.018,3,27.64,0,0.0,7.006,0.6702,23.353,19.353
2026-08-31 07:30:00,SHIFT_A,0,34.22,33.12,0.43,0.57,7.106,3.236,3.215,1.021,4.972,4.381,0.831,3,27.37,0,0.0,7.106,0.6412,23.594,19.594
2026-08-31 07:45:00,SHIFT_A,0,34.33,32.49,0.43,0.57,6.18,2.949,2.849,0.994,5.14,4.427,0.879,3,27.13,0,0.0,6.18,0.5692,23.436,19.436
2026-08-31 08:00:00,SHIFT_A,0,34.44,34.54,0.431,0.569,6.945,3.151,2.782,1.235,5.073,4.459,0.922,3,26.8,0,0.0,6.945,0.6536,23.454,19.454
2026-08-31 08:15:00,SHIFT_A,0,34.55,34.63,0.431,0.569,6.691,3.094,2.822,1.162,5.068,4.193,0.914,3,26.61,0,0.0,6.691,0.6108,23.337,19.337
2026-08-31 08:30:00,SHIFT_A,0,34.65,35.78,0.431,0.569,6.811,3.557,2.961,1.159,5.126,4.145,0.951,3,26.51,0,0.0,6.811,0.6241,23.165,19.165
2026-08-31 08:45:00,SHIFT_A,0,34.75,36.34,0.431,0.569,6.924,2.78,2.975,0.997,4.796,4.058,0.895,3,26.17,0,0.0,6.924,0.5991,22.992,18.992
2026-08-31 09:00:00,SHIFT_A,0,34.85,33.19,0.431,0.569,6.419,2.897,3.25,1.36,5.559,4.463,0.917,3,25.92,0,0.0,6.419,0.6356,22.883,18.883
2026-08-31 09:15:00,SHIFT_A,0,34.94,35.38,0.431,0.569,6.387,3.212,3.167,1.149,5.289,4.478,1.003,3,25.78,0,0.0,6.387,0.6129,22.539,18.539
2026-08-31 09:30:00,SHIFT_A,0,35.03,35.16,0.431,0.569,6.954,3.055,3.119,1.134,5.652,3.929,0.927,3,25.34,0,0.0,6.954,0.6519,22.5,18.5
2026-08-31 09:45:00,SHIFT_A,0,35.12,35.41,0.431,0.569,7.052,2.766,2.786,1.231,4.723,4.124,1.069,3,25.14,0,0.0,7.052,0.633,22.486,18.486
2026-08-31 10:00:00,SHIFT_A,0,35.2,35.59,0.432,0.568,6.977,2.721,3.222,1.162,5.185,4.388,0.96,3,24.69,0,0.0,6.977,0.6569,22.415,18.415
2026-08-31 10:15:00,SHIFT_A,0,35.28,35.91,0.432,0.568,7.699,3.07,2.693,1.136,5.481,4.628,0.927,3,24.42,0,0.0,7.699,0.7642,22.674,18.674
2026-08-31 10:30:00,SHIFT_A,0,35.35,35.74,0.432,0.568,6.473,3.13,3.263,0.958,5.147,4.168,0.981,3,24.07,0,0.0,6.473,0.5865,22.336,18.336
2026-08-31 10:45:00,SHIFT_A,0,35.41,35.52,0.432,0.568,6.96,2.828,2.702,1.128,5.32,3.839,0.799,3,23.72,0,0.0,6.96,0.6212,22.264,18.264
2026-08-31 11:00:00,SHIFT_A,0,35.47,35.92,0.433,0.567,7.129,2.921,3.164,1.129,5.313,4.307,0.936,3,23.41,0,0.0,7.129,0.6706,22.236,18.236
2026-08-31 11:15:00,SHIFT_A,0,35.52,36.96,0.433,0.567,7.025,2.607,3.209,1.269,5.043,4.503,0.873,3,23.17,0,0.0,7.025,0.6611,22.052,18.052
2026-08-31 11:30:00,SHIFT_A,0,31.3,28.58,0.433,0.567,6.256,2.781,2.976,1.314,5.448,3.989,0.838,3,22.84,0,0.0,6.256,0.5837,22.322,18.322
2026-08-31 11:45:00,SHIFT_A,0,31.34,31.49,0.433,0.567,6.643,2.752,2.782,1.078,5.467,4.372,0.912,3,22.45,0,0.0,6.643,0.6327,22.495,18.495
2026-08-31 12:00:00,SHIFT_A,0,35.64,37.39,0.435,0.565,7.742,2.715,2.966,1.278,5.338,4.258,1.104,3,22.1,0,0.0,7.742,0.7541,22.626,18.626
2026-08-31 12:15:00,SHIFT_A,0,35.67,36.54,0.435,0.565,6.985,2.806,2.818,1.246,4.943,4.649,0.788,2,27.37,0,0.0,6.469,1.0797,22.207,18.207
2026-08-31 12:30:00,SHIFT_A,0,35.69,34.5,0.435,0.565,7.118,3.184,2.995,1.046,4.871,4.139,1.001,3,27.08,0.516,0.689,7.634,0.6797,22.574,18.574
2026-08-31 12:45:00,SHIFT_A,0,35.7,37.02,0.435,0.565,7.121,3.218,3.154,1.029,5.15,4.395,0.807,3,26.69,0,0.0,7.121,0.6525,22.433,18.433
2026-08-31 13:00:00,SHIFT_A,0,35.7,35.44,0.436,0.564,7.351,2.473,3.082,1.232,5.227,4.761,1.026,3,26.28,0,0.0,7.351,0.7261,22.565,18.565
2026-08-31 13:15:00,SHIFT_A,0,35.7,35.43,0.436,0.564,7.377,3.179,3.348,1.228,4.924,4.044,0.813,3,25.95,0,0.0,7.377,0.6539,22.711,18.711
2026-08-31 13:30:00,SHIFT_A,0,35.69,35.56,0.436,0.564,8.062,2.883,3.102,1.072,4.479,4.595,0.953,3,25.52,0,0.0,8.062,0.7206,23.186,19.186
2026-08-31 13:45:00,SHIFT_A,0,35.67,34.74,0.436,0.564,6.757,2.859,2.718,1.104,5.451,4.797,0.973,3,25.11,0,0.0,6.757,0.6706,23.091,19.091
2026-08-31 14:00:00,SHIFT_B,0,37.74,38.2,0.438,0.562,7.919,2.664,3.244,1.129,5.312,4.433,0.883,2,30.65,0,0.0,6.099,1.25,22.32,18.32
2026-08-31 14:15:00,SHIFT_B,0,37.7,36.74,0.438,0.562,7.552,2.871,3.513,1.111,5.277,4.22,1.001,3,30.35,1.82,2.707,9.372,0.9291,23.333,19.333
2026-08-31 14:30:00,SHIFT_B,0,37.66,40.0,0.438,0.562,7.341,2.794,2.958,0.805,5.228,4.38,0.814,3,30.15,0,0.0,7.341,0.6635,23.003,19.003
2026-08-31 14:45:00,SHIFT_B,0,37.61,38.06,0.438,0.562,7.646,2.503,2.949,1.387,5.652,4.129,0.865,3,29.78,0,0.0,7.646,0.7465,23.02,19.02
2026-08-31 15:00:00,SHIFT_B,0,37.56,36.76,0.44,0.56,8.002,2.457,2.695,1.115,4.755,4.577,0.983,3,29.39,0,0.0,8.002,0.7412,23.345,19.345
2026-08-31 15:15:00,SHIFT_B,0,37.5,37.49,0.44,0.56,7.868,2.692,3.077,1.249,5.178,4.429,0.983,3,29.02,0,0.0,7.868,0.7586,23.53,19.53
2026-08-31 15:30:00,SHIFT_B,0,37.43,38.44,0.44,0.56,7.278,2.801,2.987,1.088,5.083,4.627,0.925,3,28.92,0,0.0,7.278,0.6869,23.325,19.325
2026-08-31 15:45:00,SHIFT_B,0,37.35,36.86,0.44,0.56,7.01,2.538,2.704,1.302,5.727,4.385,1.063,3,28.68,0,0.0,7.01,0.7043,23.144,19.144
2026-08-31 16:00:00,SHIFT_B,0,37.27,35.51,0.442,0.558,7.414,2.892,2.869,1.085,5.149,4.137,0.957,3,28.43,0,0.0,7.414,0.6762,23.3,19.3
2026-08-31 16:15:00,SHIFT_B,0,37.19,35.43,0.442,0.558,7.416,2.688,3.322,1.309,5.587,3.846,1.032,3,28.06,0,0.0,7.416,0.7031,23.466,19.466
2026-08-31 16:30:00,SHIFT_B,0,37.1,37.69,0.442,0.558,7.508,2.549,2.886,1.236,5.41,4.298,0.855,3,27.7,0,0.0,7.508,0.7132,23.45,19.45
2026-08-31 16:45:00,SHIFT_B,0,37.0,35.24,0.442,0.558,7.313,2.61,3.357,1.332,4.959,4.1,0.807,3,27.38,0,0.0,7.313,0.6594,23.583,19.583
2026-08-31 17:00:00,SHIFT_B,0,36.9,37.24,0.444,0.556,7.659,3.019,2.939,1.282,5.091,3.911,0.866,3,27.04,0,0.0,7.659,0.6876,23.688,19.688
2026-08-31 17:15:00,SHIFT_B,0,36.8,37.31,0.444,0.556,7.175,2.748,3.519,1.236,5.482,3.991,0.887,3,26.59,0,0.0,7.175,0.67,23.545,19.545
2026-08-31 17:30:00,SHIFT_B,0,36.69,37.83,0.444,0.556,6.689,2.904,2.85,1.028,5.458,4.523,0.973,3,26.19,0,0.0,6.689,0.6453,23.107,19.107
2026-08-31 17:45:00,SHIFT_B,0,36.58,37.42,0.444,0.556,7.384,3.218,3.238,1.014,5.386,4.229,0.943,3,26.05,0,0.0,7.384,0.688,23.057,19.057
2026-08-31 18:00:00,SHIFT_B,0,36.47,38.81,0.446,0.554,8.091,2.828,3.138,1.048,5.304,4.388,0.978,3,25.69,0,0.0,8.091,0.7762,23.222,19.222
2026-08-31 18:15:00,SHIFT_B,0,36.35,34.38,0.446,0.554,7.267,3.17,3.252,1.133,5.285,4.352,0.945,3,25.39,0,0.0,7.267,0.6854,23.417,19.417
2026-08-31 18:30:00,SHIFT_B,0,36.23,36.2,0.446,0.554,6.545,2.83,2.958,1.135,5.039,4.734,0.981,3,25.16,0,0.0,6.545,0.6264,23.07,19.07
2026-08-31 18:45:00,SHIFT_B,0,36.12,34.49,0.446,0.554,7.756,2.795,2.968,1.219,5.077,4.567,1.03,3,24.92,0,0.0,7.756,0.7491,23.499,19.499
2026-08-31 19:00:00,SHIFT_B,0,31.68,31.74,0.449,0.551,5.966,3.034,3.192,1.114,4.996,3.801,0.993,3,24.51,0,0.0,5.966,0.5238,23.308,19.308
2026-08-31 19:15:00,SHIFT_B,0,31.58,31.76,0.449,0.551,6.298,3.088,2.929,1.112,5.036,4.434,0.949,3,24.21,0,0.0,6.298,0.5847,23.281,19.281
2026-08-31 19:30:00,SHIFT_B,0,35.77,35.45,0.449,0.551,7.067,2.818,2.976,1.123,5.366,4.431,0.92,2,29.57,0,0.0,6.298,1.1221,22.885,18.885
2026-08-31 19:45:00,SHIFT_B,0,35.65,36.27,0.449,0.551,7.308,2.643,3.038,1.085,5.214,4.722,0.933,3,29.14,0.769,1.134,8.077,0.7943,23.297,19.297
2026-08-31 20:00:00,SHIFT_B,0,35.53,35.21,0.452,0.548,7.07,3.066,3.314,1.011,5.289,4.138,0.929,3,28.74,0,0.0,7.07,0.647,23.311,19.311
2026-08-31 20:15:00,SHIFT_B,0,35.42,37.09,0.452,0.548,7.684,2.95,2.958,1.121,5.226,3.685,0.995,3,28.37,0,0.0,7.684,0.6822,23.444,19.444
2026-08-31 20:30:00,SHIFT_B,0,35.31,36.12,0.452,0.548,7.515,3.216,3.208,1.116,5.66,4.496,0.932,3,28.02,0,0.0,7.515,0.7435,23.589,19.589
2026-08-31 20:45:00,SHIFT_B,0,35.2,34.95,0.452,0.548,6.667,2.621,2.753,0.978,5.184,4.32,1.036,3,27.82,0,0.0,6.667,0.6183,23.427,19.427
2026-08-31 21:00:00,SHIFT_B,0,35.1,36.17,0.455,0.545,7.069,2.996,2.962,1.119,5.324,4.268,0.875,3,27.41,0,0.0,7.069,0.6594,23.344,19.344
2026-08-31 21:15:00,SHIFT_B,0,35.0,35.87,0.455,0.545,7.54,2.727,2.92,1.05,4.915,4.292,0.992,3,26.96,0,0.0,7.54,0.6829,23.527,19.527
2026-08-31 21:30:00,SHIFT_B,0,34.9,35.99,0.455,0.545,7.126,3.189,2.962,1.176,4.728,4.196,1.04,3,26.77,0,0.0,7.126,0.6392,23.491,19.491
2026-08-31 21:45:00,SHIFT_B,0,34.81,36.71,0.455,0.545,7.72,2.714,3.024,0.978,5.39,4.38,0.95,3,26.37,0,0.0,7.72,0.7291,23.681,19.681
2026-08-31 22:00:00,SHIFT_C,0,27.01,27.22,0.458,0.542,4.673,2.632,3.547,1.153,5.204,4.467,0.963,3,26.04,0,0.0,4.673,0.4435,23.295,19.295
2026-08-31 22:15:00,SHIFT_C,0,26.95,26.12,0.458,0.542,4.951,2.111,2.686,1.276,5.094,4.417,0.87,3,25.65,0,0.0,4.951,0.4647,23.159,19.159
2026-08-31 22:30:00,SHIFT_C,0,26.89,27.41,0.458,0.542,5.182,2.546,2.921,1.183,4.687,4.313,0.9,3,25.43,0,0.0,5.182,0.4624,23.009,19.009
2026-08-31 22:45:00,SHIFT_C,0,26.84,27.45,0.458,0.542,5.744,2.607,2.97,1.111,5.569,4.228,0.983,3,25.07,0,0.0,5.744,0.5499,23.136,19.136
2026-08-31 23:00:00,SHIFT_C,0,26.79,26.04,0.461,0.539,5.386,2.486,3.17,1.055,5.194,4.249,0.825,3,24.74,0,0.0,5.386,0.491,23.225,19.225
2026-08-31 23:15:00,SHIFT_C,0,26.74,27.56,0.461,0.539,5.909,2.506,2.984,1.139,5.536,3.783,1.007,3,24.57,0,0.0,5.909,0.5456,23.423,19.423
2026-08-31 23:30:00,SHIFT_C,0,26.71,26.83,0.461,0.539,5.467,2.456,3.213,1.115,4.834,4.376,0.927,3,24.32,0,0.0,5.467,0.4952,23.474,19.474
2026-08-31 23:45:00,SHIFT_C,0,26.67,29.15,0.461,0.539,4.92,2.556,2.853,1.174,5.82,4.593,0.946,3,23.95,0,0.0,4.92,0.4965,23.019,19.019
2026-09-01 00:00:00,SHIFT_C,0,26.65,26.25,0.456,0.544,4.976,2.22,2.944,1.108,5.325,4.036,0.89,3,23.77,0,0.0,4.976,0.4551,22.882,18.882
2026-09-01 00:15:00,SHIFT_C,0,26.63,26.48,0.456,0.544,5.67,2.617,3.189,1.211,5.047,4.357,0.864,3,23.6,0,0.0,5.67,0.524,23.069,19.069
2026-09-01 00:30:00,SHIFT_C,0,26.61,26.72,0.456,0.544,5.147,2.226,2.694,1.244,5.356,4.743,0.934,3,23.14,0,0.0,5.147,0.5088,22.971,18.971
2026-09-01 00:45:00,SHIFT_C,0,26.6,27.59,0.456,0.544,4.849,2.62,3.252,1.21,5.284,4.193,0.86,3,22.78,0,0.0,4.849,0.4509,22.636,18.636
2026-09-01 01:00:00,SHIFT_C,0,26.6,26.64,0.459,0.541,5.031,2.681,2.984,1.072,5.007,4.287,0.903,3,22.54,0,0.0,5.031,0.4565,22.489,18.489
2026-09-01 01:15:00,SHIFT_C,0,26.6,26.84,0.459,0.541,5.283,3.128,2.939,1.092,5.324,4.502,0.983,2,26.83,0,0.0,5.283,0.7707,22.446,18.446
2026-09-01 01:30:00,SHIFT_C,0,26.61,27.8,0.459,0.541,4.934,2.555,2.71,1.197,5.694,4.276,0.981,3,26.67,0,0.0,4.934,0.4826,22.132,18.132
2026-09-01 01:45:00,SHIFT_C,0,26.63,26.82,0.459,0.541,4.864,2.245,3.123,1.24,4.941,3.671,0.923,3,26.41,0,0.0,4.864,0.422,21.883,17.883
2026-09-01 02:00:00,SHIFT_C,0,26.65,25.11,0.463,0.537,5.42,2.833,3.122,1.179,5.719,4.323,0.802,3,26.17,0,0.0,5.42,0.5247,22.082,18.082
2026-09-01 02:15:00,SHIFT_C,0,26.67,27.52,0.463,0.537,5.591,2.952,2.769,1.289,5.126,4.191,0.792,3,25.83,0,0.0,5.591,0.513,22.126,18.126
2026-09-01 02:30:00,SHIFT_C,0,26.71,27.54,0.463,0.537,5.322,2.692,3.144,1.107,5.444,4.431,0.863,3,25.49,0,0.0,5.322,0.5076,22.034,18.034
2026-09-01 02:45:00,SHIFT_C,0,26.74,28.07,0.463,0.537,5.223,2.432,2.765,1.237,4.89,4.301,0.973,3,25.22,0,0.0,5.223,0.4794,21.838,17.838
2026-09-01 03:00:00,SHIFT_C,0,26.79,28.21,0.466,0.534,5.313,2.318,2.935,1.053,4.874,4.028,0.997,3,24.74,0,0.0,5.313,0.4684,21.674,17.674
2026-09-01 03:15:00,SHIFT_C,0,26.84,26.15,0.466,0.534,5.712,2.563,3.302,1.105,5.043,4.449,1.021,3,24.39,0,0.0,5.712,0.5343,21.916,17.916
2026-09-01 03:30:00,SHIFT_C,0,26.89,25.71,0.466,0.534,4.962,2.615,3.261,1.148,4.974,4.243,0.967,3,24.02,0,0.0,4.962,0.4527,21.825,17.825
2026-09-01 03:45:00,SHIFT_C,0,26.95,26.77,0.466,0.534,5.654,2.629,2.957,1.182,5.259,4.281,0.893,3,23.79,0,0.0,5.654,0.5288,21.975,17.975
2026-09-01 04:00:00,SHIFT_C,0,27.01,26.11,0.47,0.53,5.179,3.087,3.049,1.088,5.393,4.676,0.978,3,23.63,0,0.0,5.179,0.506,21.954,17.954
2026-09-01 04:15:00,SHIFT_C,0,27.08,27.73,0.47,0.53,5.551,2.503,2.672,0.949,5.16,4.344,0.949,3,23.28,0,0.0,5.551,0.5096,21.957,17.957
2026-09-01 04:30:00,SHIFT_C,0,27.15,27.81,0.47,0.53,4.93,2.29,3.034,1.057,4.833,3.943,0.955,3,23.04,0,0.0,4.93,0.4282,21.641,17.641
2026-09-01 04:45:00,SHIFT_C,0,27.22,25.6,0.47,0.53,5.37,2.693,3.053,1.359,4.899,4.204,0.952,3,22.5,0,0.0,5.37,0.4934,21.766,17.766
2026-09-01 05:00:00,SHIFT_C,0,27.3,26.65,0.474,0.526,5.226,2.497,2.828,1.241,5.503,4.189,0.883,3,22.3,0,0.0,5.226,0.4971,21.714,17.714
2026-09-01 05:15:00,SHIFT_C,0,27.38,28.82,0.474,0.526,5.552,2.403,2.74,1.123,5.229,4.085,0.776,3,22.04,0,0.0,5.552,0.5013,21.608,17.608
2026-09-01 05:30:00,SHIFT_C,0,27.46,28.14,0.474,0.526,5.415,2.569,3.159,1.141,5.061,4.018,0.918,2,27.0,0,0.0,5.415,0.7309,21.501,17.501
2026-09-01 05:45:00,SHIFT_C,0,27.55,30.06,0.474,0.526,5.99,2.443,2.88,1.043,4.861,4.622,0.93,3,26.49,0,0.0,5.99,0.5524,21.49,17.49
2026-09-01 06:00:00,SHIFT_A,0,33.56,33.48,0.478,0.522,6.43,3.221,3.261,1.37,4.623,4.179,0.864,3,26.0,0,0.0,6.43,0.5713,21.357,17.357
2026-09-01 06:15:00,SHIFT_A,0,33.67,35.52,0.478,0.522,6.322,3.334,2.992,1.072,5.278,3.876,0.971,3,25.53,0,0.0,6.322,0.57,20.966,16.966
2026-09-01 06:30:00,SHIFT_A,0,33.78,34.75,0.478,0.522,6.863,2.954,2.945,1.296,5.174,4.392,0.875,3,25.09,0,0.0,6.863,0.6485,20.922,16.922
2026-09-01 06:45:00,SHIFT_A,0,33.89,33.9,0.478,0.522,6.859,3.524,2.537,1.199,5.013,4.227,1.067,3,24.89,0,0.0,6.859,0.6354,20.961,16.961
2026-09-01 07:00:00,SHIFT_A,0,34.0,34.19,0.482,0.518,7.443,3.08,2.908,1.193,4.949,4.367,0.966,3,24.67,0,0.0,7.443,0.6877,21.264,17.264
2026-09-01 07:15:00,SHIFT_A,0,34.11,33.25,0.482,0.518,6.735,3.104,2.929,1.083,5.399,3.983,1.047,3,24.33,0,0.0,6.735,0.6243,21.306,17.306
2026-09-01 07:30:00,SHIFT_A,0,34.22,33.9,0.482,0.518,7.026,3.099,3.009,1.209,5.801,4.368,0.908,3,23.94,0,0.0,7.026,0.6951,21.429,17.429
2026-09-01 07:45:00,SHIFT_A,0,34.33,34.49,0.482,0.518,7.209,2.982,3.169,1.21,5.128,4.118,1.012,3,23.69,0,0.0,7.209,0.6657,21.585,17.585
2026-09-01 08:00:00,SHIFT_A,0,34.44,34.72,0.486,0.514,6.587,3.337,2.63,1.182,4.822,4.156,1.014,3,23.48,0,0.0,6.587,0.5926,21.406,17.406
2026-09-01 08:15:00,SHIFT_A,0,34.55,34.31,0.486,0.514,6.945,2.941,3.219,1.125,5.066,4.254,0.854,3,23.18,0,0.0,6.945,0.6317,21.448,17.448
2026-09-01 08:30:00,SHIFT_A,0,34.65,34.09,0.486,0.514,6.786,2.923,2.889,1.158,5.12,4.138,0.903,2,27.71,0,0.0,6.758,1.0043,21.418,17.418
2026-09-01 08:45:00,SHIFT_A,0,34.75,34.36,0.486,0.514,6.763,3.285,2.893,1.153,5.344,4.315,0.886,3,27.35,0.029,0.041,6.792,0.6397,21.379,17.379
2026-09-01 09:00:00,SHIFT_A,0,34.85,34.66,0.49,0.51,6.495,2.92,3.003,1.092,5.446,4.518,0.955,3,26.95,0,0.0,6.495,0.6281,21.161,17.161
2026-09-01 09:15:00,SHIFT_A,0,34.94,34.12,0.49,0.51,7.343,3.019,2.798,1.195,4.959,4.636,0.943,3,26.48,0,0.0,7.343,0.6937,21.42,17.42
2026-09-01 09:30:00,SHIFT_A,0,35.03,35.65,0.49,0.51,7.39,3.17,2.585,1.129,5.199,4.401,0.903,3,26.12,0,0.0,7.39,0.6922,21.551,17.551
2026-09-01 09:45:00,SHIFT_A,0,35.12,33.13,0.49,0.51,7.082,2.897,2.941,1.058,5.414,4.201,1.063,3,25.73,0,0.0,7.082,0.6692,21.779,17.779
2026-09-01 10:00:00,SHIFT_A,0,35.2,33.8,0.494,0.506,6.465,2.68,2.791,1.227,5.24,4.176,1.029,3,25.39,0,0.0,6.465,0.6076,21.631,17.631
2026-09-01 10:15:00,SHIFT_A,0,35.28,37.17,0.494,0.506,7.006,2.66,3.15,1.118,5.17,3.708,0.942,3,25.01,0,0.0,7.006,0.617,21.417,17.417
2026-09-01 10:30:00,SHIFT_A,0,35.35,34.72,0.494,0.506,6.819,2.996,3.381,1.094,5.023,4.176,0.91,3,24.9,0,0.0,6.819,0.6151,21.354,17.354
2026-09-01 10:45:00,SHIFT_A,0,35.41,35.62,0.494,0.506,7.079,2.829,3.236,1.098,4.978,4.74,0.9,3,24.52,0,0.0,7.079,0.6677,21.332,17.332
2026-09-01 11:00:00,SHIFT_A,0,35.47,34.3,0.499,0.501,6.819,2.48,2.873,1.314,4.754,4.097,0.96,3,24.34,0,0.0,6.819,0.6109,21.312,17.312
2026-09-01 11:15:00,SHIFT_A,0,35.52,36.16,0.499,0.501,6.702,3.01,3.027,1.235,5.019,4.189,0.752,3,23.92,0,0.0,6.702,0.6042,21.046,17.046
2026-09-01 11:30:00,SHIFT_A,0,31.3,33.93,0.499,0.501,6.243,3.126,3.267,1.288,5.102,4.316,0.931,3,23.66,0,0.0,6.243,0.585,20.775,16.775
2026-09-01 11:45:00,SHIFT_A,0,31.34,32.15,0.499,0.501,6.314,3.012,2.874,1.147,5.303,4.158,0.942,3,23.26,0,0.0,6.314,0.5872,20.716,16.716
2026-09-01 12:00:00,SHIFT_A,0,35.64,34.34,0.504,0.496,7.148,3.09,2.733,1.083,4.833,4.421,0.914,2,27.67,0,0.0,6.687,1.069,20.626,16.626
2026-09-01 12:15:00,SHIFT_A,0,35.67,35.1,0.504,0.496,7.072,2.899,2.877,1.163,5.282,4.305,1.054,3,27.38,0.462,0.658,7.533,0.7159,20.882,16.882
2026-09-01 12:30:00,SHIFT_A,0,35.69,34.38,0.504,0.496,6.706,3.259,2.555,1.115,5.058,4.341,1.044,3,27.19,0,0.0,6.706,0.6241,20.797,16.797
2026-09-01 12:45:00,SHIFT_A,0,35.7,37.21,0.504,0.496,6.96,3.276,3.3,1.235,5.111,3.845,0.957,3,26.93,0,0.0,6.96,0.6248,20.556,16.556
2026-09-01 13:00:00,SHIFT_A,0,35.7,36.72,0.508,0.492,7.201,2.844,2.956,1.136,5.105,4.569,0.944,3,26.66,0,0.0,7.201,0.6815,20.484,16.484
2026-09-01 13:15:00,SHIFT_A,0,35.7,35.6,0.508,0.492,6.395,3.08,2.692,1.166,4.983,4.207,0.95,3,26.55,0,0.0,6.395,0.5822,20.122,16.122
2026-09-01 13:30:00,SHIFT_A,0,35.69,33.8,0.508,0.492,7.308,2.829,2.916,1.219,5.706,4.639,0.883,3,26.13,0,0.0,7.308,0.7356,20.396,16.396
2026-09-01 13:45:00,SHIFT_A,0,35.67,35.28,0.508,0.492,7.399,2.94,3.023,1.002,5.205,4.139,0.986,3,25.7,0,0.0,7.399,0.6751,20.567,16.567
2026-09-01 14:00:00,SHIFT_B,0,37.74,37.75,0.513,0.487,7.508,2.538,2.991,1.04,5.177,4.927,0.95,3,25.4,0,0.0,7.508,0.7341,20.546,16.546
2026-09-01 14:15:00,SHIFT_B,0,37.7,36.6,0.513,0.487,7.149,2.809,3.076,1.273,5.558,3.869,0.903,3,25.11,0,0.0,7.149,0.6679,20.461,16.461
2026-09-01 14:30:00,SHIFT_B,0,37.66,35.47,0.513,0.487,7.321,2.139,2.977,1.037,4.755,4.285,1.053,3,24.62,0,0.0,7.321,0.6561,20.574,16.574
2026-09-01 14:45:00,SHIFT_B,0,37.61,39.26,0.513,0.487,7.816,3.07,2.48,1.191,5.22,4.253,1.106,3,24.2,0,0.0,7.816,0.7467,20.556,16.556
2026-09-01 15:00:00,SHIFT_B,0,37.56,38.25,0.518,0.482,7.652,3.353,3.123,1.202,5.221,4.365,1.106,3,24.04,0,0.0,7.652,0.7363,20.556,16.556
2026-09-01 15:15:00,SHIFT_B,0,37.5,36.98,0.518,0.482,7.95,3.205,2.763,1.118,4.316,4.699,0.928,3,23.76,0,0.0,7.95,0.7081,20.833,16.833
2026-09-01 15:30:00,SHIFT_B,0,37.43,37.35,0.518,0.482,7.156,2.945,2.983,1.152,5.375,4.452,0.891,3,23.21,0,0.0,7.156,0.6839,20.677,16.677
2026-09-01 15:45:00,SHIFT_B,0,37.35,37.7,0.518,0.482,7.1,2.633,3.052,1.342,5.117,4.391,0.979,3,22.9,0,0.0,7.1,0.6762,20.457,16.457
2026-09-01 16:00:00,SHIFT_B,0,37.27,39.01,0.523,0.477,7.436,2.497,3.176,1.243,5.024,4.345,0.959,3,22.56,0,0.0,7.436,0.6927,20.274,16.274
2026-09-01 16:15:00,SHIFT_B,0,37.19,38.36,0.523,0.477,7.837,2.738,2.98,1.135,5.459,4.064,0.984,3,22.38,0,0.0,7.837,0.7387,20.356,16.356
2026-09-01 16:30:00,SHIFT_B,0,37.1,37.05,0.523,0.477,7.661,2.682,3.01,1.131,4.673,4.398,1.005,3,22.08,0,0.0,7.661,0.6913,20.482,16.482
2026-09-01 16:45:00,SHIFT_B,0,37.0,36.76,0.523,0.477,7.23,3.13,2.98,1.066,5.556,3.954,0.958,3,21.78,0,0.0,7.23,0.6714,20.42,16.42
2026-09-01 17:00:00,SHIFT_B,0,36.9,38.29,0.527,0.473,7.74,2.95,2.923,1.135,5.602,4.3,0.863,3,21.42,0,0.0,7.74,0.7477,20.461,16.461
2026-09-01 17:15:00,SHIFT_B,0,36.8,35.11,0.527,0.473,7.906,2.708,2.667,1.248,5.051,4.042,0.953,3,21.27,0,0.0,7.906,0.719,20.903,16.903
2026-09-01 17:30:00,SHIFT_B,0,36.69,38.14,0.527,0.473,7.279,3.063,2.902,1.186,5.349,4.142,1.034,2,26.06,0,0.0,6.319,1.1519,20.249,16.249
2026-09-01 17:45:00,SHIFT_B,0,36.58,36.75,0.527,0.473,7.343,2.716,2.845,1.211,5.233,4.518,0.94,3,25.86,0.96,1.42,8.303,0.8185,20.725,16.725
2026-09-01 18:00:00,SHIFT_B,0,36.47,37.19,0.532,0.468,10.328,2.629,2.889,1.2,4.749,4.862,0.816,3,25.54,0,0.0,9.75,1.0592,21.881,17.881
2026-09-01 18:15:00,SHIFT_B,0,36.35,35.74,0.532,0.468,10.477,2.4,3.036,1.288,5.041,4.408,1.049,3,25.19,0.577,0.925,9.362,1.1808,22.988,18.988
2026-09-01 18:30:00,SHIFT_B,0,36.23,35.74,0.532,0.468,6.927,2.577,3.078,0.989,5.335,4.254,0.921,3,24.73,1.692,2.422,8.619,0.8223,23.723,19.723
2026-09-01 18:45:00,SHIFT_B,0,36.12,36.67,0.532,0.468,7.474,2.551,3.055,1.285,4.791,4.382,0.916,3,24.32,0,0.0,7.474,0.6845,23.794,19.794
2026-09-01 19:00:00,SHIFT_B,0,31.68,33.66,0.537,0.463,6.194,3.243,3.073,1.079,5.12,4.26,0.913,3,23.99,0,0.0,6.194,0.5671,23.525,19.525
2026-09-01 19:15:00,SHIFT_B,0,31.58,32.29,0.537,0.463,6.031,2.556,3.002,1.166,5.345,3.923,1.091,3,23.71,0,0.0,6.031,0.5596,23.311,19.311
2026-09-01 19:30:00,SHIFT_B,0,35.77,34.92,0.537,0.463,7.315,2.816,3.115,1.261,4.732,4.509,1.053,2,29.34,0,0.0,6.413,1.1407,23.026,19.026
2026-09-01 19:45:00,SHIFT_B,0,35.65,33.11,0.537,0.463,6.799,2.87,3.178,1.036,5.167,3.936,1.04,3,28.92,0.902,1.218,7.701,0.6931,23.565,19.565
2026-09-01 20:00:00,SHIFT_B,0,35.53,36.36,0.542,0.458,7.443,2.614,3.09,1.435,5.475,4.262,0.904,3,28.55,0,0.0,7.443,0.7247,23.651,19.651
2026-09-01 20:15:00,SHIFT_B,0,35.42,35.51,0.542,0.458,6.95,3.207,2.955,1.077,4.8,4.321,1.014,3,28.05,0,0.0,6.95,0.6274,23.574,19.574
2026-09-01 20:30:00,SHIFT_B,0,35.31,37.02,0.542,0.458,7.152,3.175,3.503,1.175,5.377,3.977,0.911,3,27.72,0,0.0,7.152,0.6588,23.448,19.448
2026-09-01 20:45:00,SHIFT_B,0,35.2,37.53,0.542,0.458,6.283,3.155,3.164,1.224,4.711,4.491,0.833,3,27.34,0,0.0,6.283,0.5696,22.837,18.837
2026-09-01 21:00:00,SHIFT_B,0,35.1,35.95,0.547,0.453,6.615,2.705,2.918,1.177,4.942,3.518,0.975,3,27.05,0,0.0,6.615,0.5652,22.55,18.55
2026-09-01 21:15:00,SHIFT_B,0,35.0,32.69,0.547,0.453,7.196,2.924,2.932,1.066,5.62,4.372,0.895,3,26.69,0,0.0,7.196,0.6925,22.878,18.878
2026-09-01 21:30:00,SHIFT_B,0,34.9,34.71,0.547,0.453,6.441,2.79,2.877,1.08,4.881,4.034,1.007,3,26.26,0,0.0,6.441,0.5706,22.628,18.628
2026-09-01 21:45:00,SHIFT_B,0,34.81,34.22,0.547,0.453,7.113,2.941,2.792,1.446,5.372,4.35,0.965,3,25.97,0,0.0,7.113,0.6948,22.763,18.763
2026-09-01 22:00:00,SHIFT_C,0,27.01,26.56,0.552,0.448,5.295,2.422,3.342,1.199,4.714,4.395,0.888,3,25.62,0,0.0,5.295,0.4773,22.754,18.754
2026-09-01 22:15:00,SHIFT_C,0,26.95,26.76,0.552,0.448,5.394,2.356,3.183,0.976,5.47,4.47,1.019,3,25.4,0,0.0,5.394,0.5183,22.774,18.774
2026-09-01 22:30:00,SHIFT_C,0,26.89,27.29,0.552,0.448,6.242,2.243,2.819,1.22,5.152,4.381,0.968,3,24.95,0,0.0,6.242,0.5891,23.166,19.166
2026-09-01 22:45:00,SHIFT_C,0,26.84,28.62,0.552,0.448,4.399,2.087,2.842,1.158,5.205,4.523,0.857,3,24.64,0,0.0,4.399,0.4159,22.503,18.503
2026-09-01 23:00:00,SHIFT_C,0,26.79,27.57,0.557,0.443,5.42,2.591,2.723,1.063,5.312,4.319,0.925,3,24.34,0,0.0,5.42,0.507,22.456,18.456
2026-09-01 23:15:00,SHIFT_C,0,26.74,29.17,0.557,0.443,5.54,2.527,3.223,1.151,5.3,4.834,0.881,3,23.81,0,0.0,5.54,0.5427,22.309,18.309
2026-09-01 23:30:00,SHIFT_C,0,26.71,27.1,0.557,0.443,5.453,2.5,2.774,1.13,5.385,4.491,0.924,2,28.2,0,0.0,5.453,0.8053,22.325,18.325
2026-09-01 23:45:00,SHIFT_C,0,26.67,24.89,0.557,0.443,5.518,2.192,2.854,1.231,5.496,4.411,1.059,3,27.74,0,0.0,5.518,0.5419,22.595,18.595
2026-09-02 00:00:00,SHIFT_C,0,26.65,26.3,0.55,0.45,5.093,2.379,2.995,1.016,4.938,4.118,0.979,3,27.4,0,0.0,5.093,0.4531,22.511,18.511
2026-09-02 00:15:00,SHIFT_C,0,26.63,25.95,0.55,0.45,5.075,2.565,3.048,1.143,4.914,4.374,0.955,3,27.22,0,0.0,5.075,0.4653,22.453,18.453
2026-09-02 00:30:00,SHIFT_C,0,26.61,25.1,0.55,0.45,4.723,2.549,2.979,1.124,5.277,4.185,1.026,3,26.88,0,0.0,4.723,0.4415,22.304,18.304
2026-09-02 00:45:00,SHIFT_C,0,26.6,26.91,0.55,0.45,4.836,2.651,3.475,1.176,4.869,4.433,1.119,3,26.64,0,0.0,4.836,0.4516,22.031,18.031
2026-09-02 01:00:00,SHIFT_C,0,26.6,28.67,0.555,0.445,5.622,2.531,3.074,1.123,4.983,4.209,0.943,3,26.38,0,0.0,5.622,0.5096,21.975,17.975
2026-09-02 01:15:00,SHIFT_C,0,26.6,23.76,0.555,0.445,5.367,2.977,3.074,1.159,5.498,4.119,1.007,3,26.12,0,0.0,5.367,0.5091,22.282,18.282
2026-09-02 01:30:00,SHIFT_C,0,26.61,26.47,0.555,0.445,5.51,2.83,2.868,1.076,5.615,4.375,0.869,3,25.78,0,0.0,5.51,0.5295,22.391,18.391
2026-09-02 01:45:00,SHIFT_C,0,26.63,27.81,0.555,0.445,5.44,2.459,3.155,1.161,4.928,4.247,0.941,3,25.49,0,0.0,5.44,0.494,22.33,18.33
2026-09-02 02:00:00,SHIFT_C,0,26.65,27.12,0.56,0.44,5.195,2.475,2.378,1.008,4.73,3.89,1.085,3,25.33,0,0.0,5.195,0.4481,22.216,18.216
2026-09-02 02:15:00,SHIFT_C,0,26.67,26.39,0.56,0.44,4.962,2.738,3.247,1.266,5.029,4.071,1.037,3,25.0,0,0.0,4.962,0.4555,22.057,18.057
2026-09-02 02:30:00,SHIFT_C,0,26.71,26.04,0.56,0.44,5.575,2.287,3.152,1.15,5.404,3.938,0.976,3,24.83,0,0.0,5.575,0.5148,22.241,18.241
2026-09-02 02:45:00,SHIFT_C,0,26.74,26.64,0.56,0.44,5.42,2.475,3.071,1.171,4.95,4.251,1.05,3,24.46,0,0.0,5.42,0.4984,22.287,18.287
2026-09-02 03:00:00,SHIFT_C,0,26.79,25.48,0.565,0.435,5.206,2.498,3.23,1.184,5.042,4.335,0.992,3,24.27,0,0.0,5.206,0.4843,22.342,18.342
2026-09-02 03:15:00,SHIFT_C,0,26.84,27.61,0.565,0.435,4.98,2.755,2.949,1.01,5.852,4.5,0.993,3,24.05,0,0.0,4.98,0.4954,22.071,18.071
2026-09-02 03:30:00,SHIFT_C,0,26.89,26.17,0.565,0.435,5.373,2.774,2.836,1.266,5.208,4.542,0.971,3,23.95,0,0.0,5.373,0.5186,22.141,18.141
2026-09-02 03:45:00,SHIFT_C,0,26.95,28.21,0.565,0.435,5.485,2.324,2.607,1.252,4.778,3.658,1.02,2,29.29,0,0.0,5.485,0.7093,22.062,18.062
2026-09-02 04:00:00,SHIFT_C,0,27.01,24.17,0.57,0.43,5.449,2.812,2.92,1.118,5.521,4.194,0.895,3,28.85,0,0.0,5.449,0.5146,22.37,18.37
2026-09-02 04:15:00,SHIFT_C,0,27.08,25.04,0.57,0.43,5.629,2.929,2.907,1.221,4.59,4.404,0.994,3,28.51,0,0.0,5.629,0.508,22.68,18.68
2026-09-02 04:30:00,SHIFT_C,0,27.15,27.07,0.57,0.43,5.719,2.356,2.823,0.922,4.818,3.91,0.932,3,28.29,0,0.0,5.719,0.4873,22.832,18.832
2026-09-02 04:45:00,SHIFT_C,0,27.22,26.91,0.57,0.43,5.724,2.489,3.032,1.138,5.47,4.432,0.946,3,28.1,0,0.0,5.724,0.5524,23.003,19.003
2026-09-02 05:00:00,SHIFT_C,0,27.3,24.57,0.575,0.425,5.135,2.429,2.752,1.106,4.913,3.68,0.912,3,27.68,0,0.0,5.135,0.4387,23.114,19.114
2026-09-02 05:15:00,SHIFT_C,0,27.38,26.72,0.575,0.425,5.429,2.553,2.892,1.1,4.905,4.028,0.975,3,27.45,0,0.0,5.429,0.4812,23.157,19.157
2026-09-02 05:30:00,SHIFT_C,0,27.46,27.7,0.575,0.425,4.972,2.458,2.777,0.971,4.412,3.953,0.869,3,27.07,0,0.0,4.972,0.4085,22.873,18.873
2026-09-02 05:45:00,SHIFT_C,0,27.55,28.47,0.575,0.425,5.459,2.536,3.084,1.161,5.289,4.322,1.037,2,26.83,0,0.0,5.459,0.7959,22.755,18.755
2026-09-02 06:00:00,SHIFT_A,0,33.56,32.05,0.58,0.42,5.768,2.895,3.702,1.164,5.321,4.276,0.983,3,26.6,0,0.0,5.768,0.5454,22.435,18.435
2026-09-02 06:15:00,SHIFT_A,0,33.67,33.5,0.58,0.42,6.944,3.147,2.88,0.949,5.099,4.188,1.06,3,26.21,0,0.0,6.944,0.6316,22.557,18.557
2026-09-02 06:30:00,SHIFT_A,0,33.78,34.41,0.58,0.42,5.908,3.073,2.644,1.133,4.88,4.35,0.908,3,25.96,0,0.0,5.908,0.5362,22.07,18.07
2026-09-02 06:45:00,SHIFT_A,0,33.89,34.01,0.58,0.42,6.884,3.081,3.167,1.009,5.033,4.118,0.92,3,25.75,0,0.0,6.884,0.6141,22.111,18.111
2026-09-02 07:00:00,SHIFT_A,0,34.0,34.53,0.585,0.415,6.927,3.328,2.927,1.198,5.335,4.104,0.964,3,25.29,0,0.0,6.927,0.647,22.121,18.121
2026-09-02 07:15:00,SHIFT_A,0,34.11,34.25,0.585,0.415,6.622,3.041,3.355,1.22,5.019,4.646,1.01,3,24.95,0,0.0,6.622,0.6342,22.007,18.007
2026-09-02 07:30:00,SHIFT_A,0,34.22,34.42,0.585,0.415,5.67,3.555,2.717,1.087,4.902,4.42,1.001,3,24.73,0,0.0,5.67,0.5208,21.4,17.4
2026-09-02 07:45:00,SHIFT_A,0,34.33,35.11,0.585,0.415,6.834,2.949,3.261,1.119,4.803,4.077,0.998,3,24.45,0,0.0,6.834,0.6051,21.306,17.306
2026-09-02 08:00:00,SHIFT_A,0,34.44,33.04,0.589,0.411,6.239,2.887,2.941,1.107,5.04,4.32,0.938,3,24.12,0,0.0,6.239,0.5729,21.121,17.121
2026-09-02 08:15:00,SHIFT_A,0,34.55,37.9,0.589,0.411,7.246,3.463,3.105,1.214,5.272,4.268,0.921,3,24.0,0,0.0,7.246,0.6812,20.955,16.955
2026-09-02 08:30:00,SHIFT_A,0,34.65,34.84,0.589,0.411,7.041,2.931,3.122,0.909,5.272,4.403,1.019,3,23.73,0,0.0,7.041,0.6578,20.991,16.991
2026-09-02 08:45:00,SHIFT_A,0,34.75,36.45,0.589,0.411,7.125,2.691,3.083,1.295,5.042,4.276,0.917,3,23.39,0,0.0,7.125,0.6614,20.909,16.909
2026-09-02 09:00:00,SHIFT_A,0,34.85,34.77,0.594,0.406,6.895,3.159,2.976,1.104,5.244,4.333,0.849,3,23.02,0,0.0,6.895,0.6401,20.88,16.88
2026-09-02 09:15:00,SHIFT_A,0,34.94,35.26,0.594,0.406,6.573,3.04,2.975,1.064,4.877,4.175,0.818,3,22.71,0,0.0,6.573,0.5787,20.641,16.641
2026-09-02 09:30:00,SHIFT_A,0,35.03,34.9,0.594,0.406,6.299,3.184,2.704,1.219,5.058,4.514,1.075,3,22.59,0,0.0,6.299,0.6018,20.3,16.3
2026-09-02 09:45:00,SHIFT_A,0,35.12,34.25,0.594,0.406,6.893,2.97,2.881,0.97,5.682,4.166,0.937,3,22.36,0,0.0,6.893,0.6524,20.321,16.321
2026-09-02 10:00:00,SHIFT_A,0,35.2,33.91,0.599,0.401,7.516,3.047,3.002,1.098,5.487,4.056,0.901,2,27.18,0,0.0,6.361,1.1816,20.111,16.111
2026-09-02 10:15:00,SHIFT_A,0,35.28,35.0,0.599,0.401,6.629,2.67,2.864,1.126,4.889,4.37,0.987,3,26.77,1.155,1.586,7.784,0.7127,20.503,16.503
2026-09-02 10:30:00,SHIFT_A,0,35.35,33.77,0.599,0.401,6.683,3.049,2.865,1.105,5.412,4.546,1.03,3,26.4,0,0.0,6.683,0.6507,20.468,16.468
2026-09-02 10:45:00,SHIFT_A,0,35.41,35.64,0.599,0.401,7.909,3.042,3.251,1.284,5.207,4.968,0.97,3,26.18,0,0.0,7.909,0.812,20.859,16.859
2026-09-02 11:00:00,SHIFT_A,0,35.47,35.5,0.603,0.397,6.551,2.771,2.884,1.212,5.434,4.191,0.951,3,25.81,0,0.0,6.551,0.6218,20.584,16.584
2026-09-02 11:15:00,SHIFT_A,0,35.52,33.52,0.603,0.397,7.293,3.092,2.687,1.199,5.52,4.35,0.769,3,25.45,0,0.0,7.293,0.6952,20.878,16.878
2026-09-02 11:30:00,SHIFT_A,0,31.3,33.43,0.603,0.397,6.676,2.897,3.068,1.136,5.428,4.563,0.94,3,25.09,0,0.0,6.676,0.6486,20.874,16.874
2026-09-02 11:45:00,SHIFT_A,0,31.34,31.95,0.603,0.397,5.352,2.709,3.19,1.099,5.333,4.769,0.982,2,29.64,0,0.0,5.352,0.8071,20.355,16.355
2026-09-02 12:00:00,SHIFT_A,0,35.64,39.15,0.608,0.392,7.662,2.823,3.034,1.084,4.854,4.587,0.953,3,29.3,0,0.0,7.662,0.7081,20.271,16.271
2026-09-02 12:15:00,SHIFT_A,0,35.67,35.15,0.608,0.392,6.902,2.792,2.962,1.245,5.096,4.19,0.966,3,29.06,0,0.0,6.902,0.6389,20.207,16.207
2026-09-02 12:30:00,SHIFT_A,0,35.69,36.58,0.608,0.392,7.399,2.909,3.323,1.046,5.247,4.666,0.942,3,28.61,0,0.0,7.399,0.709,20.249,16.249
2026-09-02 12:45:00,SHIFT_A,0,35.7,37.63,0.608,0.392,7.256,2.688,2.898,1.204,5.145,4.246,0.961,3,28.25,0,0.0,7.256,0.6752,20.114,16.114
2026-09-02 13:00:00,SHIFT_A,0,35.7,35.32,0.612,0.388,7.299,2.599,3.214,1.025,5.514,4.204,0.897,3,27.88,0,0.0,7.299,0.6841,20.232,16.232
2026-09-02 13:15:00,SHIFT_A,0,35.7,33.83,0.612,0.388,6.757,3.285,2.688,1.128,4.967,4.34,1.068,3,27.52,0,0.0,6.757,0.6259,20.228,16.228
2026-09-02 13:30:00,SHIFT_A,0,35.69,34.97,0.612,0.388,7.302,2.768,2.901,0.994,5.531,4.066,0.855,3,27.34,0,0.0,7.302,0.6729,20.381,16.381
2026-09-02 13:45:00,SHIFT_A,0,35.67,36.05,0.612,0.388,7.227,2.793,2.638,1.295,5.168,4.827,1.074,3,26.9,0,0.0,7.227,0.7195,20.39,16.39
2026-09-02 14:00:00,SHIFT_B,0,37.74,37.29,0.616,0.384,8.124,2.595,3.171,1.125,5.258,4.669,0.893,3,26.6,0,0.0,8.124,0.7994,20.723,16.723
2026-09-02 14:15:00,SHIFT_B,0,37.7,38.05,0.616,0.384,7.742,2.809,2.91,1.296,5.289,4.066,0.916,3,26.34,0,0.0,7.742,0.7214,20.789,16.789
2026-09-02 14:30:00,SHIFT_B,0,37.66,37.51,0.616,0.384,7.526,2.5,2.822,1.259,5.214,4.394,0.934,3,26.14,0,0.0,7.526,0.7151,20.801,16.801
2026-09-02 14:45:00,SHIFT_B,0,37.61,35.42,0.616,0.384,8.469,2.71,3.026,1.352,4.832,4.122,1.01,3,25.66,0,0.0,8.469,0.7874,21.494,17.494
2026-09-02 15:00:00,SHIFT_B,0,37.56,35.44,0.62,0.38,7.757,2.473,2.799,1.138,5.069,4.458,0.815,3,25.25,0,0.0,7.757,0.717,21.829,17.829
2026-09-02 15:15:00,SHIFT_B,0,37.5,36.31,0.62,0.38,7.545,3.237,2.823,1.178,5.44,4.181,0.908,3,24.98,0,0.0,7.545,0.7112,21.97,17.97
2026-09-02 15:30:00,SHIFT_B,0,37.43,38.88,0.62,0.38,7.409,2.884,3.093,1.054,4.863,4.573,0.984,3,24.76,0,0.0,7.409,0.6845,21.786,17.786
2026-09-02 15:45:00,SHIFT_B,0,37.35,36.87,0.62,0.38,7.427,2.66,3.008,1.279,4.785,4.495,0.776,3,24.29,0,0.0,7.427,0.6778,21.813,17.813
2026-09-02 16:00:00,SHIFT_B,0,37.27,38.79,0.624,0.376,7.238,2.43,3.16,1.106,5.393,4.025,0.847,3,23.93,0,0.0,7.238,0.6627,21.553,17.553
2026-09-02 16:15:00,SHIFT_B,0,37.19,36.89,0.624,0.376,7.824,3.252,2.775,1.335,5.181,4.566,0.97,3,23.56,0,0.0,7.824,0.7704,21.776,17.776
2026-09-02 16:30:00,SHIFT_B,0,37.1,35.69,0.624,0.376,7.73,3.155,3.169,1.259,5.6,4.315,0.987,3,23.16,0,0.0,7.73,0.7672,22.072,18.072
2026-09-02 16:45:00,SHIFT_B,0,37.0,38.51,0.624,0.376,6.766,2.696,2.939,0.916,4.443,4.216,0.865,3,22.98,0,0.0,6.766,0.5687,21.603,17.603
2026-09-02 17:00:00,SHIFT_B,0,36.9,36.95,0.628,0.372,7.296,2.543,3.146,1.209,5.434,4.452,1.055,3,22.59,0,0.0,7.296,0.7137,21.556,17.556
2026-09-02 17:15:00,SHIFT_B,0,36.8,38.34,0.628,0.372,7.61,3.023,3.125,1.111,5.231,4.051,0.809,3,22.26,0,0.0,7.61,0.6864,21.528,17.528
2026-09-02 17:30:00,SHIFT_B,0,36.69,37.79,0.628,0.372,7.558,2.57,2.882,1.291,5.109,4.215,0.966,3,21.9,0,0.0,7.558,0.7048,21.527,17.527
2026-09-02 17:45:00,SHIFT_B,0,36.58,37.49,0.628,0.372,6.961,2.871,3.063,1.208,5.51,3.921,0.941,3,21.75,0,0.0,6.961,0.649,21.259,17.259
2026-09-02 18:00:00,SHIFT_B,0,36.47,37.92,0.632,0.368,7.414,2.784,2.541,0.968,5.145,4.401,0.972,3,21.42,0,0.0,7.414,0.6857,21.174,17.174
2026-09-02 18:15:00,SHIFT_B,0,36.35,36.33,0.632,0.368,7.445,2.772,2.828,1.178,5.083,3.993,0.937,3,20.94,0,0.0,7.445,0.6708,21.263,17.263
2026-09-02 18:30:00,SHIFT_B,0,36.23,38.73,0.632,0.368,7.077,2.722,3.106,1.1,4.972,4.125,0.94,3,20.68,0,0.0,7.077,0.6346,20.929,16.929
2026-09-02 18:45:00,SHIFT_B,0,36.12,36.6,0.632,0.368,7.137,2.961,3.186,0.972,5.058,4.312,0.876,3,20.35,0,0.0,7.137,0.6447,20.837,16.837
2026-09-02 19:00:00,SHIFT_B,0,31.68,30.04,0.635,0.365,5.736,3.242,3.078,1.135,5.703,4.117,0.934,3,19.96,0,0.0,5.736,0.5491,20.702,16.702
2026-09-02 19:15:00,SHIFT_B,0,31.58,31.51,0.635,0.365,6.728,2.893,3.342,1.246,5.33,3.832,0.991,2,24.53,0,0.0,6.717,1.0017,20.909,16.909
2026-09-02 19:30:00,SHIFT_B,0,35.77,37.51,0.635,0.365,7.575,2.467,2.88,1.188,4.729,4.161,0.947,3,24.27,0.011,0.015,7.586,0.6734,20.952,16.952
2026-09-02 19:45:00,SHIFT_B,0,35.65,34.93,0.635,0.365,6.682,3.05,2.681,1.157,4.766,4.458,1.01,3,23.9,0,0.0,6.682,0.6128,20.799,16.799
2026-09-02 20:00:00,SHIFT_B,0,35.53,35.41,0.639,0.361,7.644,3.103,3.018,1.137,5.639,4.438,0.964,3,23.35,0,0.0,7.644,0.7577,21.08,17.08
2026-09-02 20:15:00,SHIFT_B,0,35.42,33.01,0.639,0.361,7.044,2.752,3.144,1.201,4.94,4.562,0.894,3,22.88,0,0.0,7.044,0.6577,21.301,17.301
2026-09-02 20:30:00,SHIFT_B,0,35.31,33.11,0.639,0.361,6.861,3.039,3.094,0.964,5.061,4.277,0.995,3,22.65,0,0.0,6.861,0.6241,21.421,17.421
2026-09-02 20:45:00,SHIFT_B,0,35.2,35.56,0.639,0.361,7.055,2.793,2.797,1.275,5.633,4.117,0.924,3,22.34,0,0.0,7.055,0.6787,21.392,17.392
2026-09-02 21:00:00,SHIFT_B,0,35.1,34.77,0.642,0.358,7.301,3.189,3.229,1.208,5.529,4.301,0.887,3,21.9,0,0.0,7.301,0.7011,21.566,17.566
2026-09-02 21:15:00,SHIFT_B,0,35.0,35.25,0.642,0.358,6.563,3.49,2.976,1.276,4.716,4.07,0.75,3,21.64,0,0.0,6.563,0.5713,21.323,17.323
2026-09-02 21:30:00,SHIFT_B,0,34.9,35.93,0.642,0.358,7.01,2.928,2.648,1.27,5.03,4.692,0.934,2,26.76,0,0.0,6.259,1.1199,20.859,16.859
2026-09-02 21:45:00,SHIFT_B,0,34.81,33.81,0.642,0.358,6.429,3.075,3.036,1.122,5.296,4.427,0.973,3,26.29,0.751,1.071,7.179,0.6831,21.068,17.068
2026-09-02 22:00:00,SHIFT_C,0,27.01,26.05,0.645,0.355,4.95,2.209,3.908,1.207,4.996,4.332,0.968,2,31.95,0,0.0,4.95,0.6876,20.937,16.937
2026-09-02 22:15:00,SHIFT_C,0,26.95,28.33,0.645,0.355,4.825,2.153,2.971,1.101,5.144,4.326,0.828,3,31.72,0,0.0,4.825,0.4429,20.517,16.517
2026-09-02 22:30:00,SHIFT_C,0,26.89,28.12,0.645,0.355,4.995,2.383,3.382,1.231,4.994,3.971,0.943,3,31.37,0,0.0,4.995,0.448,20.202,16.202
2026-09-02 22:45:00,SHIFT_C,0,26.84,29.23,0.645,0.355,5.476,2.676,3.136,1.013,5.463,4.537,1.023,3,31.24,0,0.0,5.476,0.5307,20.017,16.017
2026-09-02 23:00:00,SHIFT_C,0,26.79,26.27,0.648,0.352,5.631,2.562,3.052,1.244,5.131,4.055,0.941,3,30.97,0,0.0,5.631,0.5156,20.206,16.206
2026-09-02 23:15:00,SHIFT_C,0,26.74,25.06,0.648,0.352,5.553,2.482,3.254,1.222,5.12,4.133,1.06,3,30.62,0,0.0,5.553,0.5157,20.476,16.476
2026-09-02 23:30:00,SHIFT_C,0,26.71,28.8,0.648,0.352,5.558,2.598,2.831,1.071,5.507,4.256,0.917,3,30.39,0,0.0,5.558,0.5259,20.375,16.375
2026-09-02 23:45:00,SHIFT_C,0,26.67,26.92,0.648,0.352,5.807,2.284,2.758,0.987,5.036,4.281,0.985,3,30.13,0,0.0,5.807,0.5278,20.587,16.587
2026-09-03 00:00:00,SHIFT_C,0,26.65,28.49,0.644,0.356,5.034,2.487,3.046,1.178,5.167,3.893,1.041,3,29.81,0,0.0,5.034,0.4571,20.254,16.254
2026-09-03 00:15:00,SHIFT_C,0,26.63,27.72,0.644,0.356,5.687,2.437,2.987,1.167,5.201,4.085,0.866,3,29.52,0,0.0,5.687,0.5183,20.326,16.326
2026-09-03 00:30:00,SHIFT_C,0,26.61,23.41,0.644,0.356,5.522,2.683,2.849,0.98,5.249,3.919,0.992,3,29.28,0,0.0,5.522,0.4953,20.745,16.745
2026-09-03 00:45:00,SHIFT_C,0,26.6,26.59,0.644,0.356,5.929,2.638,3.087,0.985,5.293,4.583,1.058,3,28.84,0,0.0,5.929,0.5689,21.051,17.051
2026-09-03 01:00:00,SHIFT_C,0,26.6,27.51,0.647,0.353,4.966,2.508,2.92,1.141,5.213,4.306,0.83,3,28.58,0,0.0,4.966,0.4594,20.782,16.782
2026-09-03 01:15:00,SHIFT_C,0,26.6,27.8,0.647,0.353,5.26,2.441,3.223,1.124,4.583,4.236,0.913,3,28.31,0,0.0,5.26,0.4598,20.632,16.632
2026-09-03 01:30:00,SHIFT_C,0,26.61,25.91,0.647,0.353,5.708,2.379,3.002,1.289,5.376,4.613,0.944,3,28.11,0,0.0,5.708,0.5616,20.895,16.895
2026-09-03 01:45:00,SHIFT_C,0,26.63,26.48,0.647,0.353,5.189,2.858,3.057,1.094,5.349,4.35,0.962,3,27.87,0,0.0,5.189,0.4911,20.842,16.842
2026-09-03 02:00:00,SHIFT_C,0,26.65,24.97,0.65,0.35,5.336,2.781,2.93,1.202,5.117,4.483,0.925,3,27.65,0,0.0,5.336,0.5038,21.013,17.013
2026-09-03 02:15:00,SHIFT_C,0,26.67,25.35,0.65,0.35,5.298,2.475,3.251,1.064,5.498,4.511,0.813,3,27.4,0,0.0,5.298,0.507,21.127,17.127
2026-09-03 02:30:00,SHIFT_C,0,26.71,26.5,0.65,0.35,5.608,3.019,2.986,1.021,4.849,4.305,0.975,3,27.1,0,0.0,5.608,0.5035,21.281,17.281
2026-09-03 02:45:00,SHIFT_C,0,26.74,26.61,0.65,0.35,5.042,2.458,3.346,1.018,5.086,4.277,0.857,3,26.74,0,0.0,5.042,0.4562,21.14,17.14
2026-09-03 03:00:00,SHIFT_C,0,26.79,27.15,0.652,0.348,6.03,2.773,2.625,1.289,5.455,4.047,0.974,3,26.23,0,0.0,6.03,0.5712,21.441,17.441
2026-09-03 03:15:00,SHIFT_C,0,26.84,28.2,0.652,0.348,5.741,2.62,3.157,1.161,4.964,4.692,0.949,3,25.9,0,0.0,5.741,0.5439,21.491,17.491
2026-09-03 03:30:00,SHIFT_C,0,26.89,26.66,0.652,0.348,5.586,2.564,2.684,1.129,4.89,4.294,1.022,3,25.6,0,0.0,5.586,0.5098,21.618,17.618
2026-09-03 03:45:00,SHIFT_C,0,26.95,26.37,0.652,0.348,5.371,2.519,3.02,1.145,5.743,4.276,1.012,3,25.39,0,0.0,5.371,0.5266,21.666,17.666
2026-09-03 04:00:00,SHIFT_C,0,27.01,27.59,0.655,0.345,5.604,2.604,3.282,1.182,5.06,4.227,1.028,3,25.01,0,0.0,5.604,0.5188,21.709,17.709
2026-09-03 04:15:00,SHIFT_C,0,27.08,24.98,0.655,0.345,5.649,2.811,3.06,1.142,4.832,4.237,1.008,3,24.7,0,0.0,5.649,0.5103,22.035,18.035
2026-09-03 04:30:00,SHIFT_C,0,27.15,28.61,0.655,0.345,5.44,2.767,3.026,1.011,4.987,4.42,0.963,3,24.36,0,0.0,5.44,0.4985,21.894,17.894
2026-09-03 04:45:00,SHIFT_C,0,27.22,29.54,0.655,0.345,5.92,2.198,2.929,1.249,5.345,4.426,0.835,3,24.04,0,0.0,5.92,0.5651,21.9,17.9
2026-09-03 05:00:00,SHIFT_C,0,27.3,29.28,0.657,0.343,5.642,2.783,3.21,1.085,5.333,4.56,0.846,3,23.74,0,0.0,5.642,0.5372,21.793,17.793
2026-09-03 05:15:00,SHIFT_C,0,27.38,28.67,0.657,0.343,6.577,2.403,3.332,0.926,4.997,4.215,1.019,3,23.4,0,0.0,6.577,0.5908,22.214,18.214
2026-09-03 05:30:00,SHIFT_C,0,27.46,26.18,0.657,0.343,5.468,2.636,2.823,1.062,5.432,4.065,0.974,3,23.21,0,0.0,5.468,0.5077,22.33,18.33
2026-09-03 05:45:00,SHIFT_C,0,27.55,26.68,0.657,0.343,5.542,2.201,3.052,1.207,5.102,3.95,0.907,2,28.9,0,0.0,5.542,0.7557,22.433,18.433
2026-09-03 06:00:00,SHIFT_A,0,33.56,33.24,0.659,0.341,6.645,3.348,3.367,1.34,5.003,4.433,0.846,3,28.58,0,0.0,6.645,0.6218,22.432,18.432
2026-09-03 06:15:00,SHIFT_A,0,33.67,35.86,0.659,0.341,6.338,2.98,2.604,0.907,5.346,4.167,0.914,3,28.18,0,0.0,6.338,0.5784,22.015,18.015
2026-09-03 06:30:00,SHIFT_A,0,33.78,32.35,0.659,0.341,7.272,2.906,2.905,1.196,5.217,4.483,1.03,3,27.68,0,0.0,7.272,0.6982,22.416,18.416
2026-09-03 06:45:00,SHIFT_A,0,33.89,36.5,0.659,0.341,6.815,3.082,3.09,1.069,5.244,4.571,0.956,3,27.32,0,0.0,6.815,0.6497,22.174,18.174
2026-09-03 07:00:00,SHIFT_A,0,34.0,34.33,0.661,0.339,6.585,2.896,2.946,1.331,5.518,4.223,0.965,3,27.14,0,0.0,6.585,0.6382,22.033,18.033
2026-09-03 07:15:00,SHIFT_A,0,34.11,34.11,0.661,0.339,6.881,2.931,2.799,1.252,4.794,4.453,0.981,3,26.83,0,0.0,6.881,0.636,22.063,18.063
2026-09-03 07:30:00,SHIFT_A,0,34.22,34.19,0.661,0.339,6.892,3.105,3.001,1.074,4.923,4.183,0.825,3,26.42,0,0.0,6.892,0.6107,22.09,18.09
2026-09-03 07:45:00,SHIFT_A,0,34.33,32.63,0.661,0.339,5.879,3.008,3.098,1.213,5.275,4.739,0.939,3,26.22,0,0.0,5.879,0.5759,21.767,17.767
2026-09-03 08:00:00,SHIFT_A,0,34.44,33.7,0.663,0.337,7.116,3.032,3.137,1.098,4.946,3.839,0.958,3,25.8,0,0.0,7.116,0.6211,21.955,17.955
2026-09-03 08:15:00,SHIFT_A,0,34.55,34.2,0.663,0.337,6.521,2.774,3.092,1.136,4.777,4.5,0.995,3,25.61,0,0.0,6.521,0.5989,21.796,17.796
2026-09-03 08:30:00,SHIFT_A,0,34.65,37.22,0.663,0.337,7.234,2.91,3.232,1.257,5.527,4.431,0.782,3,25.24,0,0.0,7.234,0.6988,21.691,17.691
2026-09-03 08:45:00,SHIFT_A,0,34.75,33.93,0.663,0.337,7.683,3.375,3.214,1.184,5.449,4.171,0.911,3,24.83,0,0.0,7.683,0.726,22.14,18.14
2026-09-03 09:00:00,SHIFT_A,0,34.85,33.82,0.665,0.335,6.704,3.11,2.856,1.068,5.341,4.375,0.825,3,24.57,0,0.0,6.704,0.6266,22.11,18.11
2026-09-03 09:15:00,SHIFT_A,0,34.94,34.7,0.665,0.335,7.498,2.659,3.245,1.088,5.273,4.201,1.03,3,24.23,0,0.0,7.498,0.6999,22.39,18.39
2026-09-03 09:30:00,SHIFT_A,0,35.03,35.0,0.665,0.335,7.189,2.984,3.253,1.138,5.218,3.918,0.822,3,23.79,0,0.0,7.189,0.6423,22.484,18.484
2026-09-03 09:45:00,SHIFT_A,0,35.12,36.01,0.665,0.335,7.637,2.896,3.114,0.987,4.937,4.079,1.044,3,23.45,0,0.0,7.637,0.6793,22.702,18.702
2026-09-03 10:00:00,SHIFT_A,0,35.2,33.52,0.666,0.334,7.352,2.735,2.587,1.328,5.287,4.338,1.025,3,23.11,0,0.0,7.352,0.709,23.026,19.026
2026-09-03 10:15:00,SHIFT_A,0,35.28,33.67,0.666,0.334,6.649,3.167,2.749,1.095,4.972,4.45,1.087,3,22.73,0,0.0,6.649,0.6212,22.983,18.983
2026-09-03 10:30:00,SHIFT_A,0,35.35,34.45,0.666,0.334,7.458,2.796,2.827,1.235,5.221,4.546,0.976,3,22.27,0,0.0,7.458,0.7193,23.267,19.267
2026-09-03 10:45:00,SHIFT_A,0,35.41,36.36,0.666,0.334,8.248,2.772,2.939,1.056,5.155,4.421,0.974,2,27.47,0,0.0,6.102,1.25,22.681,18.681
2026-09-03 11:00:00,SHIFT_A,0,35.47,34.51,0.667,0.333,7.394,3.308,3.102,1.231,5.472,3.939,0.974,3,27.27,2.146,3.212,9.54,0.9518,24.001,20.001
2026-09-03 11:15:00,SHIFT_A,0,35.52,34.5,0.667,0.333,7.346,2.97,2.777,1.126,4.787,4.635,0.817,3,26.9,0,0.0,7.346,0.6722,24.223,20.223
2026-09-03 11:30:00,SHIFT_A,0,31.3,29.36,0.667,0.333,6.419,2.551,2.98,0.982,5.739,4.409,0.973,3,26.71,0,0.0,6.419,0.6255,24.497,20.497
2026-09-03 11:45:00,SHIFT_A,0,31.34,31.94,0.667,0.333,6.361,2.904,2.759,1.113,5.135,3.911,0.984,3,26.46,0,0.0,6.361,0.5707,24.483,20.483
2026-09-03 12:00:00,SHIFT_A,0,35.64,35.32,0.668,0.332,6.374,2.711,2.98,1.055,5.083,4.231,0.96,3,26.07,0,0.0,6.374,0.5814,24.138,20.138
2026-09-03 12:15:00,SHIFT_A,0,35.67,35.78,0.668,0.332,6.946,2.967,2.84,1.247,5.355,4.377,1.136,3,25.8,0,0.0,6.946,0.6775,24.033,20.033
2026-09-03 12:30:00,SHIFT_A,0,35.69,38.54,0.668,0.332,7.363,2.93,2.844,1.125,4.952,3.971,0.999,3,25.5,0,0.0,7.363,0.6549,23.861,19.861
2026-09-03 12:45:00,SHIFT_A,0,35.7,37.15,0.668,0.332,7.512,2.761,2.894,1.165,5.566,4.468,0.914,2,29.44,0,0.0,5.992,1.25,23.143,19.143
2026-09-03 13:00:00,SHIFT_A,0,35.7,36.84,0.669,0.331,6.71,3.041,2.907,1.184,5.327,4.005,0.825,3,29.06,1.52,2.108,8.23,0.761,23.574,19.574
2026-09-03 13:15:00,SHIFT_A,0,35.7,34.74,0.669,0.331,7.714,2.84,2.883,1.255,5.071,4.406,0.952,3,28.84,0,0.0,7.714,0.7273,23.958,19.958
2026-09-03 13:30:00,SHIFT_A,0,35.69,35.71,0.669,0.331,7.362,2.661,3.026,1.19,4.816,4.567,0.735,3,28.53,0,0.0,7.362,0.6703,24.068,20.068
2026-09-03 13:45:00,SHIFT_A,0,35.67,33.99,0.669,0.331,7.141,2.873,2.877,1.261,5.025,4.048,0.988,3,28.13,0,0.0,7.141,0.651,24.239,20.239
2026-09-03 14:00:00,SHIFT_B,0,37.74,38.69,0.67,0.33,7.67,2.816,3.515,1.266,5.346,4.031,0.911,3,27.79,0,0.0,7.67,0.7136,24.131,20.131
2026-09-03 14:15:00,SHIFT_B,0,37.7,38.17,0.67,0.33,7.558,2.547,3.025,1.183,5.217,4.632,0.893,3,27.48,0,0.0,7.558,0.7272,24.093,20.093
2026-09-03 14:30:00,SHIFT_B,0,37.66,36.08,0.67,0.33,7.697,2.651,2.997,1.062,5.261,4.465,0.949,3,27.16,0,0.0,7.697,0.7295,24.334,20.334
2026-09-03 14:45:00,SHIFT_B,0,37.61,37.57,0.67,0.33,6.98,2.512,2.806,1.273,5.373,4.505,0.919,3,26.87,0,0.0,6.98,0.6783,24.067,20.067
2026-09-03 15:00:00,SHIFT_B,0,37.56,36.62,0.67,0.33,7.576,2.689,3.323,1.371,5.071,4.253,1.03,3,26.6,0,0.0,7.576,0.7152,24.193,20.193
2026-09-03 15:15:00,SHIFT_B,0,37.5,36.81,0.67,0.33,6.919,2.891,3.07,1.114,4.787,4.396,1.004,3,26.06,0,0.0,6.919,0.6295,23.972,19.972
2026-09-03 15:30:00,SHIFT_B,0,37.43,38.66,0.67,0.33,7.661,2.595,3.223,1.014,5.244,4.432,0.995,3,25.66,0,0.0,7.661,0.7209,23.936,19.936
2026-09-03 15:45:00,SHIFT_B,0,37.35,37.06,0.67,0.33,7.813,2.616,2.936,1.191,5.28,4.389,0.869,3,25.37,0,0.0,7.813,0.7429,24.137,20.137
2026-09-03 16:00:00,SHIFT_B,0,37.27,37.85,0.67,0.33,7.506,2.7,3.009,1.331,5.446,4.299,0.968,3,25.1,0,0.0,7.506,0.73,24.104,20.104
2026-09-03 16:15:00,SHIFT_B,0,37.19,35.55,0.67,0.33,7.262,2.73,2.86,1.302,5.18,4.269,1.046,3,24.57,0,0.0,7.262,0.6898,24.18,20.18
2026-09-03 16:30:00,SHIFT_B,0,37.1,37.54,0.67,0.33,6.692,2.783,2.934,0.96,5.119,4.28,0.99,3,24.27,0,0.0,6.692,0.6115,23.773,19.773
2026-09-03 16:45:00,SHIFT_B,0,37.0,38.1,0.67,0.33,7.608,3.082,2.839,1.205,5.205,4.151,0.86,3,24.11,0,0.0,7.608,0.6996,23.767,19.767
2026-09-03 17:00:00,SHIFT_B,0,36.9,34.87,0.67,0.33,7.65,2.943,3.018,1.148,6.11,3.995,0.987,3,23.81,0,0.0,7.65,0.7632,24.106,20.106
2026-09-03 17:15:00,SHIFT_B,0,36.8,38.57,0.67,0.33,7.538,2.702,2.989,1.263,5.373,4.84,0.865,3,23.46,0,0.0,7.538,0.7569,24.018,20.018
2026-09-03 17:30:00,SHIFT_B,0,36.69,37.25,0.67,0.33,7.611,2.924,3.264,1.323,5.707,4.671,0.926,3,23.22,0,0.0,7.611,0.7886,24.099,20.099
2026-09-03 17:45:00,SHIFT_B,0,36.58,36.03,0.67,0.33,7.314,2.75,2.984,1.132,4.86,4.229,0.942,3,22.9,0,0.0,7.314,0.6573,24.152,20.152
2026-09-03 18:00:00,SHIFT_B,0,36.47,35.98,0.67,0.33,7.861,2.932,2.787,1.152,5.125,4.423,1.063,3,22.65,0,0.0,7.861,0.7515,24.402,20.402
2026-09-03 18:15:00,SHIFT_B,0,36.35,36.67,0.67,0.33,7.134,2.756,2.753,1.036,5.022,4.097,0.904,3,22.2,0,0.0,7.134,0.6352,24.301,20.301
2026-09-03 18:30:00,SHIFT_B,0,36.23,37.04,0.67,0.33,7.008,2.978,2.877,1.111,5.204,4.174,0.915,3,21.83,0,0.0,7.008,0.6434,24.101,20.101
2026-09-03 18:45:00,SHIFT_B,0,36.12,36.24,0.67,0.33,7.303,2.58,2.834,1.237,5.371,4.553,0.821,3,21.48,0,0.0,7.303,0.7045,24.128,20.128
2026-09-03 19:00:00,SHIFT_B,0,31.68,29.89,0.669,0.331,5.967,2.927,3.051,1.14,5.094,4.482,1.055,2,27.25,0,0.0,5.967,0.8898,24.122,20.122
2026-09-03 19:15:00,SHIFT_B,0,31.58,31.61,0.669,0.331,6.244,2.62,3.246,1.17,4.989,4.595,0.967,3,26.81,0,0.0,6.244,0.5892,24.083,20.083
2026-09-03 19:30:00,SHIFT_B,0,35.77,36.84,0.669,0.331,6.874,2.665,3.17,1.227,5.365,4.435,0.969,3,26.42,0,0.0,6.874,0.664,23.836,19.836
2026-09-03 19:45:00,SHIFT_B,0,35.65,37.88,0.669,0.331,7.548,2.755,3.09,1.291,5.498,4.298,0.958,3,26.13,0,0.0,7.548,0.7353,23.822,19.822
2026-09-03 20:00:00,SHIFT_B,0,35.53,34.87,0.668,0.332,7.352,3.107,2.788,1.096,5.064,4.334,0.898,3,25.71,0,0.0,7.352,0.6744,24.011,20.011
2026-09-03 20:15:00,SHIFT_B,0,35.42,34.76,0.668,0.332,7.682,2.802,3.021,1.227,4.779,4.542,0.921,3,25.42,0,0.0,7.682,0.7094,24.376,20.376
2026-09-03 20:30:00,SHIFT_B,0,35.31,35.81,0.668,0.332,7.247,3.124,3.068,1.193,5.376,3.777,1.04,3,25.18,0,0.0,7.247,0.6644,24.418,20.418
2026-09-03 20:45:00,SHIFT_B,0,35.2,35.49,0.668,0.332,6.942,2.758,3.075,1.088,5.173,4.294,1.047,3,24.95,0,0.0,6.942,0.6485,24.34,20.34
2026-09-03 21:00:00,SHIFT_B,0,35.1,34.98,0.668,0.332,7.096,3.185,3.132,1.125,5.254,4.2,1.029,3,24.61,0,0.0,7.096,0.6633,24.391,20.391
2026-09-03 21:15:00,SHIFT_B,0,35.0,37.78,0.668,0.332,6.259,2.895,3.05,1.083,5.252,3.746,0.978,3,24.27,0,0.0,6.259,0.5573,23.743,19.743
2026-09-03 21:30:00,SHIFT_B,0,34.9,35.75,0.668,0.332,6.902,2.736,3.16,1.085,5.082,4.366,0.865,3,23.94,0,0.0,6.902,0.6333,23.619,19.619
2026-09-03 21:45:00,SHIFT_B,0,34.81,33.67,0.668,0.332,6.944,2.791,3.214,1.101,5.481,4.203,0.901,3,23.74,0,0.0,6.944,0.6534,23.724,19.724
2026-09-03 22:00:00,SHIFT_C,0,27.01,26.52,0.666,0.334,5.579,2.298,3.316,1.168,5.489,3.951,0.86,3,23.62,0,0.0,5.579,0.5152,23.862,19.862
2026-09-03 22:15:00,SHIFT_C,0,26.95,27.69,0.666,0.334,5.898,2.145,3.207,0.917,5.362,3.965,0.996,3,23.34,0,0.0,5.898,0.5338,24.041,20.041
2026-09-03 22:30:00,SHIFT_C,0,26.89,26.12,0.666,0.334,5.132,2.46,3.123,1.202,4.977,4.45,0.916,2,28.37,0,0.0,5.132,0.7156,23.995,19.995
2026-09-03 22:45:00,SHIFT_C,0,26.84,26.48,0.666,0.334,5.136,2.24,2.826,1.458,5.467,4.31,1.034,3,28.13,0,0.0,5.136,0.5073,23.915,19.915
2026-09-03 23:00:00,SHIFT_C,0,26.79,28.12,0.665,0.335,5.021,2.953,2.851,1.173,4.68,4.07,0.941,3,27.66,0,0.0,5.021,0.4392,23.613,19.613
2026-09-03 23:15:00,SHIFT_C,0,26.74,26.31,0.665,0.335,5.309,2.86,3.32,1.141,5.365,4.465,0.983,3,27.37,0,0.0,5.309,0.5109,23.636,19.636
2026-09-03 23:30:00,SHIFT_C,0,26.71,25.54,0.665,0.335,4.74,2.631,3.092,1.286,5.143,3.635,0.832,3,27.19,0,0.0,4.74,0.4158,23.451,19.451
2026-09-03 23:45:00,SHIFT_C,0,26.67,27.14,0.665,0.335,5.073,2.214,3.136,1.224,4.869,4.43,0.99,3,26.91,0,0.0,5.073,0.4702,23.274,19.274
2026-09-04 00:00:00,SHIFT_C,0,26.65,26.26,0.667,0.333,4.696,2.262,3.016,1.05,5.245,4.195,0.881,3,26.68,0,0.0,4.696,0.43,22.996,18.996
2026-09-04 00:15:00,SHIFT_C,0,26.63,26.55,0.667,0.333,5.431,2.547,3.512,1.137,5.593,4.212,0.935,3,26.23,0,0.0,5.431,0.5194,23.057,19.057
2026-09-04 00:30:00,SHIFT_C,0,26.61,25.26,0.667,0.333,5.373,2.554,3.02,1.18,4.752,4.066,0.923,3,25.86,0,0.0,5.373,0.4725,23.218,19.218
2026-09-04 00:45:00,SHIFT_C,0,26.6,25.41,0.667,0.333,5.357,2.302,2.725,1.354,5.732,4.499,0.929,3,25.72,0,0.0,5.357,0.5397,23.356,19.356
2026-09-04 01:00:00,SHIFT_C,0,26.6,28.4,0.666,0.334,5.419,2.177,3.105,1.164,5.151,4.377,0.906,3,25.48,0,0.0,5.419,0.5061,23.227,19.227
2026-09-04 01:15:00,SHIFT_C,0,26.6,26.9,0.666,0.334,4.874,2.308,2.867,1.355,5.634,3.781,1.009,3,25.09,0,0.0,4.874,0.4622,22.973,18.973
2026-09-04 01:30:00,SHIFT_C,0,26.61,26.9,0.666,0.334,4.976,2.571,3.21,1.184,5.28,3.952,0.964,2,29.48,0,0.0,4.976,0.6839,22.771,18.771
2026-09-04 01:45:00,SHIFT_C,0,26.63,24.65,0.666,0.334,5.634,2.118,3.0,1.158,5.545,4.346,0.784,3,29.08,0,0.0,5.634,0.5367,23.123,19.123
2026-09-04 02:00:00,SHIFT_C,0,26.65,27.12,0.664,0.336,5.042,2.435,3.038,1.037,5.122,4.375,1.068,3,28.59,0,0.0,5.042,0.471,22.932,18.932
2026-09-04 02:15:00,SHIFT_C,0,26.67,27.08,0.664,0.336,5.012,2.44,3.101,1.219,5.243,4.448,0.818,3,28.41,0,0.0,5.012,0.4733,22.73,18.73
2026-09-04 02:30:00,SHIFT_C,0,26.71,24.57,0.664,0.336,5.415,2.612,2.812,1.092,5.066,4.563,1.026,3,28.28,0,0.0,5.415,0.5122,22.981,18.981
2026-09-04 02:45:00,SHIFT_C,0,26.74,25.28,0.664,0.336,5.522,2.33,2.761,1.241,5.448,4.328,1.035,3,27.83,0,0.0,5.522,0.5359,23.213,19.213
2026-09-04 03:00:00,SHIFT_C,0,26.79,29.78,0.663,0.337,5.252,2.774,3.456,1.056,4.961,4.357,0.899,3,27.63,0,0.0,5.252,0.4767,22.861,18.861
2026-09-04 03:15:00,SHIFT_C,0,26.84,27.5,0.663,0.337,5.378,1.972,2.775,1.239,5.11,4.496,0.888,3,27.31,0,0.0,5.378,0.508,22.8,18.8
2026-09-04 03:30:00,SHIFT_C,0,26.89,28.3,0.663,0.337,5.597,2.496,3.108,1.159,4.922,4.638,1.059,3,26.87,0,0.0,5.597,0.5308,22.768,18.768
2026-09-04 03:45:00,SHIFT_C,0,26.95,28.02,0.663,0.337,5.086,2.649,3.09,1.353,5.118,4.124,1.035,3,26.62,0,0.0,5.086,0.4763,22.509,18.509
2026-09-04 04:00:00,SHIFT_C,0,27.01,25.94,0.661,0.339,5.219,2.815,2.993,1.201,5.467,4.216,0.911,3,26.35,0,0.0,5.219,0.4957,22.524,18.524
2026-09-04 04:15:00,SHIFT_C,0,27.08,27.23,0.661,0.339,5.204,2.619,3.101,1.125,4.781,4.152,0.991,3,25.88,0,0.0,5.204,0.4629,22.403,18.403
2026-09-04 04:30:00,SHIFT_C,0,27.15,27.61,0.661,0.339,5.696,2.414,2.898,1.072,5.062,4.365,0.963,3,25.66,0,0.0,5.696,0.5256,22.49,18.49
2026-09-04 04:45:00,SHIFT_C,0,27.22,26.92,0.661,0.339,5.777,2.965,2.951,1.247,5.637,4.122,0.973,3,25.21,0,0.0,5.777,0.5573,22.686,18.686
2026-09-04 05:00:00,SHIFT_C,0,27.3,27.58,0.659,0.341,5.855,2.587,3.241,0.969,5.576,4.662,0.959,3,24.91,0,0.0,5.855,0.5735,22.856,18.856
2026-09-04 05:15:00,SHIFT_C,0,27.38,28.18,0.659,0.341,5.237,2.778,3.186,0.993,5.306,4.002,0.884,3,24.71,0,0.0,5.237,0.4717,22.657,18.657
2026-09-04 05:30:00,SHIFT_C,0,27.46,25.75,0.659,0.341,5.205,2.472,2.656,1.132,5.301,4.221,0.943,3,24.33,0,0.0,5.205,0.486,22.684,18.684
2026-09-04 05:45:00,SHIFT_C,0,27.55,26.42,0.659,0.341,5.416,2.618,3.154,1.176,5.46,4.326,1.058,3,24.09,0,0.0,5.416,0.5242,22.75,18.75
2026-09-04 06:00:00,SHIFT_A,0,33.56,33.96,0.657,0.343,6.234,3.321,3.508,1.088,5.429,4.314,0.914,3,23.75,0,0.0,6.234,0.5896,22.471,18.471
2026-09-04 06:15:00,SHIFT_A,0,33.67,34.05,0.657,0.343,6.489,3.197,3.174,1.102,5.414,4.594,0.964,3,23.51,0,0.0,6.489,0.6308,22.311,18.311
2026-09-04 06:30:00,SHIFT_A,0,33.78,32.9,0.657,0.343,6.307,2.642,2.936,1.21,5.661,3.955,0.908,3,23.13,0,0.0,6.307,0.5959,22.174,18.174
2026-09-04 06:45:00,SHIFT_A,0,33.89,32.73,0.657,0.343,6.485,3.388,2.927,1.103,5.316,4.145,0.873,3,22.9,0,0.0,6.485,0.5972,22.144,18.144
2026-09-04 07:00:00,SHIFT_A,0,34.0,33.9,0.654,0.346,6.62,3.234,3.185,1.192,5.353,4.079,0.998,3,22.69,0,0.0,6.62,0.6194,22.064,18.064
2026-09-04 07:15:00,SHIFT_A,0,34.11,33.64,0.654,0.346,6.304,2.941,2.945,1.084,5.221,4.247,0.901,3,22.47,0,0.0,6.304,0.5814,21.852,17.852
2026-09-04 07:30:00,SHIFT_A,0,34.22,34.42,0.654,0.346,7.076,3.089,3.011,1.195,5.5,4.579,0.971,3,22.02,0,0.0,7.076,0.6976,21.948,17.948
2026-09-04 07:45:00,SHIFT_A,0,34.33,34.45,0.654,0.346,6.522,2.884,3.06,1.181,5.252,4.631,0.824,3,21.66,0,0.0,6.522,0.6242,21.764,17.764
2026-09-04 08:00:00,SHIFT_A,0,34.44,35.4,0.652,0.348,6.787,3.353,3.136,1.193,5.143,4.394,0.97,3,21.59,0,0.0,6.787,0.6394,21.617,17.617
2026-09-04 08:15:00,SHIFT_A,0,34.55,35.34,0.652,0.348,7.161,3.338,2.94,1.162,5.221,4.252,0.815,3,21.02,0,0.0,7.161,0.6602,21.664,17.664
2026-09-04 08:30:00,SHIFT_A,0,34.65,35.08,0.652,0.348,6.766,2.663,2.85,1.133,5.024,4.606,1.029,3,20.73,0,0.0,6.766,0.6424,21.539,17.539
2026-09-04 08:45:00,SHIFT_A,0,34.75,35.58,0.652,0.348,6.977,3.032,2.849,1.007,5.656,4.558,1.007,3,20.33,0,0.0,6.977,0.687,21.469,17.469
2026-09-04 09:00:00,SHIFT_A,0,34.85,35.06,0.649,0.351,7.089,2.694,3.19,1.081,5.21,4.583,0.823,3,19.87,0,0.0,7.089,0.6676,21.507,17.507
2026-09-04 09:15:00,SHIFT_A,0,34.94,33.98,0.649,0.351,6.866,2.971,2.896,0.976,5.142,4.414,0.87,2,25.53,0,0.0,6.668,1.0296,21.443,17.443
2026-09-04 09:30:00,SHIFT_A,0,35.03,35.48,0.649,0.351,6.614,2.711,3.109,1.007,5.388,3.718,0.987,3,25.45,0.198,0.265,6.811,0.6087,21.301,17.301
2026-09-04 09:45:00,SHIFT_A,0,35.12,36.09,0.649,0.351,6.804,2.705,2.885,1.173,5.287,4.213,0.867,3,25.3,0,0.0,6.804,0.6322,21.095,17.095
2026-09-04 10:00:00,SHIFT_A,0,35.2,34.55,0.646,0.354,6.548,2.904,3.247,1.094,5.227,3.842,0.974,3,24.95,0,0.0,6.548,0.5872,20.914,16.914
2026-09-04 10:15:00,SHIFT_A,0,35.28,33.69,0.646,0.354,7.094,3.247,3.199,1.143,5.381,4.538,1.007,3,24.77,0,0.0,7.094,0.6893,21.092,17.092
2026-09-04 10:30:00,SHIFT_A,0,35.35,34.47,0.646,0.354,7.164,2.813,2.711,1.197,5.943,4.536,0.888,3,24.64,0,0.0,7.164,0.7259,21.226,17.226
2026-09-04 10:45:00,SHIFT_A,0,35.41,36.87,0.646,0.354,6.844,3.032,3.104,1.113,5.223,4.242,1.024,3,24.21,0,0.0,6.844,0.6393,20.961,16.961
2026-09-04 11:00:00,SHIFT_A,0,35.47,35.28,0.643,0.357,7.133,2.887,3.194,1.168,5.0,4.234,1.061,2,29.95,0,0.0,6.537,1.0911,20.702,16.702
2026-09-04 11:15:00,SHIFT_A,0,35.52,35.19,0.643,0.357,7.22,2.821,3.342,1.189,4.954,4.46,1.052,3,29.74,0.596,0.843,7.816,0.7373,21.091,17.091
2026-09-04 11:30:00,SHIFT_A,0,31.3,30.36,0.643,0.357,5.996,3.121,2.858,1.001,5.178,4.203,0.833,3,29.61,0,0.0,5.996,0.5414,21.053,17.053
2026-09-04 11:45:00,SHIFT_A,0,31.34,30.22,0.643,0.357,5.659,2.577,3.249,1.412,5.0,4.185,1.074,3,29.19,0,0.0,5.659,0.5318,20.86,16.86
2026-09-04 12:00:00,SHIFT_A,0,35.64,36.41,0.64,0.36,7.887,2.806,2.617,1.235,5.616,4.222,0.971,3,28.76,0,0.0,7.887,0.7777,21.163,17.163
2026-09-04 12:15:00,SHIFT_A,0,35.67,33.83,0.64,0.36,6.959,3.131,2.462,1.134,5.447,4.625,0.978,3,28.44,0,0.0,6.959,0.6827,21.259,17.259
2026-09-04 12:30:00,SHIFT_A,0,35.69,34.27,0.64,0.36,6.955,2.513,3.379,1.011,5.147,4.407,0.949,3,28.04,0,0.0,6.955,0.6448,21.31,17.31
2026-09-04 12:45:00,SHIFT_A,0,35.7,37.07,0.64,0.36,6.819,2.827,3.022,1.118,5.19,4.263,1.029,3,27.83,0,0.0,6.819,0.6369,21.012,17.012
2026-09-04 13:00:00,SHIFT_A,0,35.7,35.22,0.636,0.364,6.96,2.968,2.953,0.952,4.972,4.232,1.166,3,27.39,0,0.0,6.96,0.6345,20.97,16.97
2026-09-04 13:15:00,SHIFT_A,0,35.7,36.61,0.636,0.364,7.041,2.673,2.802,1.103,5.324,3.98,1.003,2,32.26,0,0.0,6.606,1.0658,20.612,16.612
2026-09-04 13:30:00,SHIFT_A,0,35.69,33.16,0.636,0.364,6.447,2.509,3.193,1.227,5.749,4.249,0.908,3,31.91,0.435,0.637,6.882,0.6723,20.737,16.737
2026-09-04 13:45:00,SHIFT_A,0,35.67,35.83,0.636,0.364,7.43,2.889,3.171,1.135,4.901,4.281,0.924,3,31.67,0,0.0,7.43,0.6724,20.869,16.869
2026-09-04 14:00:00,SHIFT_B,0,37.74,39.89,0.633,0.367,7.14,2.568,3.576,1.168,5.194,3.996,0.881,3,31.58,0,0.0,7.14,0.6461,20.45,16.45
2026-09-04 14:15:00,SHIFT_B,0,37.7,39.78,0.633,0.367,7.689,2.85,2.685,1.061,5.15,4.373,0.764,3,31.3,0,0.0,7.689,0.7025,20.316,16.316
2026-09-04 14:30:00,SHIFT_B,0,37.66,38.07,0.633,0.367,7.096,2.699,3.241,1.25,5.336,4.201,0.794,3,31.12,0,0.0,7.096,0.6617,20.058,16.058
2026-09-04 14:45:00,SHIFT_B,0,37.61,35.47,0.633,0.367,7.331,2.879,2.82,1.126,4.836,4.118,0.991,3,30.79,0,0.0,7.331,0.6536,20.177,16.177
2026-09-04 15:00:00,SHIFT_B,0,37.56,37.58,0.629,0.371,7.329,3.072,3.165,0.949,5.071,4.267,1.006,3,30.51,0,0.0,7.329,0.6664,20.083,16.083
2026-09-04 15:15:00,SHIFT_B,0,37.5,38.69,0.629,0.371,7.486,2.48,2.824,1.257,5.082,4.561,0.89,3,30.05,0,0.0,7.486,0.7106,19.957,15.957
2026-09-04 15:30:00,SHIFT_B,0,37.43,38.16,0.629,0.371,7.557,2.546,2.833,1.103,4.95,4.595,0.928,3,29.54,0,0.0,7.557,0.7043,19.92,15.92
2026-09-04 15:45:00,SHIFT_B,0,37.35,38.19,0.629,0.371,7.52,2.906,3.032,1.185,5.48,4.02,1.106,3,29.31,0,0.0,7.52,0.7139,19.86,15.86
2026-09-04 16:00:00,SHIFT_B,0,37.27,40.24,0.625,0.375,8.06,3.115,2.835,1.008,4.859,4.431,0.958,3,29.15,0,0.0,8.06,0.7336,19.867,15.867
2026-09-04 16:15:00,SHIFT_B,0,37.19,37.83,0.625,0.375,7.479,2.914,2.796,1.103,5.05,4.433,0.98,3,28.87,0,0.0,7.479,0.6964,19.823,15.823
2026-09-04 16:30:00,SHIFT_B,0,37.1,36.02,0.625,0.375,6.818,2.483,2.938,1.107,4.999,4.332,0.866,3,28.57,0,0.0,6.818,0.6205,19.63,15.63
2026-09-04 16:45:00,SHIFT_B,0,37.0,35.38,0.625,0.375,7.681,2.776,3.12,1.199,4.39,4.722,1.048,3,28.22,0,0.0,7.681,0.7025,19.932,15.932
2026-09-04 17:00:00,SHIFT_B,0,36.9,37.82,0.621,0.379,7.857,2.764,2.999,1.221,5.508,4.529,0.958,3,27.89,0,0.0,7.857,0.7879,20.079,16.079
2026-09-04 17:15:00,SHIFT_B,0,36.8,37.14,0.621,0.379,7.877,2.843,2.916,1.102,4.666,4.018,0.919,3,27.68,0,0.0,7.877,0.679,20.304,16.304
2026-09-04 17:30:00,SHIFT_B,0,36.69,37.55,0.621,0.379,6.608,2.965,3.156,1.221,5.349,4.335,1.09,3,27.26,0,0.0,6.608,0.6382,19.853,15.853
2026-09-04 17:45:00,SHIFT_B,0,36.58,38.34,0.621,0.379,7.271,3.35,2.847,1.195,5.919,4.238,1.075,3,27.04,0,0.0,7.271,0.7294,19.655,15.655
2026-09-04 18:00:00,SHIFT_B,0,36.47,35.15,0.617,0.383,7.36,2.572,2.986,1.299,5.335,4.2,1.031,3,26.74,0,0.0,7.36,0.7031,19.82,15.82
2026-09-04 18:15:00,SHIFT_B,0,36.35,36.63,0.617,0.383,7.532,2.741,3.234,1.047,4.914,4.212,0.837,3,26.41,0,0.0,7.532,0.6677,19.923,15.923
2026-09-04 18:30:00,SHIFT_B,0,36.23,37.43,0.617,0.383,7.037,2.821,2.759,1.247,4.977,4.339,1.054,3,26.31,0,0.0,7.037,0.6582,19.698,15.698
2026-09-04 18:45:00,SHIFT_B,0,36.12,34.07,0.617,0.383,7.731,2.817,2.8,1.2,4.975,4.366,0.998,3,26.08,0,0.0,7.731,0.7182,20.157,16.157
2026-09-04 19:00:00,SHIFT_B,0,31.68,28.75,0.613,0.387,6.0,2.6,2.789,1.163,5.512,4.329,0.941,3,25.92,0,0.0,6.0,0.5771,20.282,16.282
2026-09-04 19:15:00,SHIFT_B,0,31.58,30.61,0.613,0.387,6.46,2.734,2.917,1.114,4.878,3.913,0.882,3,25.76,0,0.0,6.46,0.5611,20.451,16.451
2026-09-04 19:30:00,SHIFT_B,0,35.77,37.62,0.613,0.387,7.478,3.151,2.971,1.449,5.452,4.431,0.903,3,25.56,0,0.0,7.478,0.7412,20.428,16.428
2026-09-04 19:45:00,SHIFT_B,0,35.65,37.04,0.613,0.387,6.832,2.816,3.327,1.252,4.975,4.535,1.134,3,25.3,0,0.0,6.832,0.6544,20.14,16.14
2026-09-04 20:00:00,SHIFT_B,0,35.53,34.75,0.609,0.391,6.976,3.231,2.973,1.182,4.842,3.779,0.812,3,24.97,0,0.0,6.976,0.5963,20.153,16.153
2026-09-04 20:15:00,SHIFT_B,0,35.42,33.76,0.609,0.391,6.69,2.76,2.614,0.961,5.652,4.168,0.926,3,24.55,0,0.0,6.69,0.6306,20.122,16.122
2026-09-04 20:30:00,SHIFT_B,0,35.31,33.97,0.609,0.391,6.868,3.043,2.704,1.264,4.819,4.152,0.922,3,24.16,0,0.0,6.868,0.6169,20.159,16.159
2026-09-04 20:45:00,SHIFT_B,0,35.2,34.69,0.609,0.391,7.071,2.891,2.893,1.253,4.888,4.092,0.921,3,23.96,0,0.0,7.071,0.6351,20.226,16.226
2026-09-04 21:00:00,SHIFT_B,0,35.1,34.69,0.604,0.396,7.015,3.029,3.22,1.171,5.003,4.006,0.871,3,23.67,0,0.0,7.015,0.6242,20.264,16.264
2026-09-04 21:15:00,SHIFT_B,0,35.0,36.73,0.604,0.396,6.595,3.106,3.314,1.083,5.409,4.333,0.904,3,23.17,0,0.0,6.595,0.6228,19.889,15.889
2026-09-04 21:30:00,SHIFT_B,0,34.9,32.89,0.604,0.396,6.322,2.814,3.194,1.278,4.813,4.437,0.897,3,22.72,0,0.0,6.322,0.5816,19.76,15.76
2026-09-04 21:45:00,SHIFT_B,0,34.81,36.02,0.604,0.396,6.925,3.359,3.011,1.25,5.059,4.546,1.081,3,22.41,0,0.0,6.925,0.6656,19.621,15.621
2026-09-04 22:00:00,SHIFT_C,0,27.01,27.77,0.6,0.4,5.809,2.23,3.116,1.337,5.604,4.425,0.799,3,22.03,0,0.0,5.809,0.569,19.749,15.749
2026-09-04 22:15:00,SHIFT_C,0,26.95,26.56,0.6,0.4,5.576,2.704,2.914,1.157,6.089,4.57,1.004,3,21.8,0,0.0,5.576,0.5756,19.882,15.882
2026-09-04 22:30:00,SHIFT_C,0,26.89,28.53,0.6,0.4,4.818,2.278,2.951,1.172,4.579,4.426,0.991,3,21.47,0,0.0,4.818,0.4332,19.437,15.437
2026-09-04 22:45:00,SHIFT_C,0,26.84,27.37,0.6,0.4,5.247,2.788,3.173,0.984,5.003,4.323,1.066,3,20.98,0,0.0,5.247,0.4806,19.324,15.324
2026-09-04 23:00:00,SHIFT_C,0,26.79,27.54,0.595,0.405,5.861,2.297,3.019,1.179,5.577,4.183,0.968,3,20.63,0,0.0,5.861,0.5619,19.501,15.501
2026-09-04 23:15:00,SHIFT_C,0,26.74,27.45,0.595,0.405,5.243,2.448,2.791,1.27,5.882,4.343,1.005,3,20.38,0,0.0,5.243,0.5276,19.377,15.377
2026-09-04 23:30:00,SHIFT_C,0,26.71,25.85,0.595,0.405,5.202,2.328,3.003,1.117,5.478,4.494,0.964,3,20.1,0,0.0,5.202,0.5048,19.392,15.392
2026-09-04 23:45:00,SHIFT_C,0,26.67,25.43,0.595,0.405,5.676,2.612,3.258,1.006,5.049,4.397,0.945,3,19.86,0,0.0,5.676,0.5209,19.687,15.687
2026-09-05 00:00:00,SHIFT_C,1,21.85,21.13,0.602,0.398,4.555,2.08,2.948,1.073,5.1,4.28,0.858,3,19.55,0,0.0,4.555,0.4148,19.852,15.852
2026-09-05 00:15:00,SHIFT_C,1,21.83,20.5,0.602,0.398,4.547,2.14,2.723,1.142,5.494,4.643,0.985,3,19.21,0,0.0,4.547,0.449,20.076,16.076
2026-09-05 00:30:00,SHIFT_C,1,21.82,22.37,0.602,0.398,4.784,2.011,3.02,1.18,4.94,4.528,0.971,2,23.18,0,0.0,4.784,0.6714,20.231,16.231
2026-09-05 00:45:00,SHIFT_C,1,21.81,22.35,0.602,0.398,4.141,2.144,3.145,1.102,4.989,4.006,0.847,3,22.95,0,0.0,4.141,0.3649,20.067,16.067
2026-09-05 01:00:00,SHIFT_C,1,21.81,19.7,0.598,0.402,3.388,1.941,2.674,1.048,5.237,4.327,0.929,2,22.77,0,0.0,3.388,0.4723,19.791,15.791
2026-09-05 01:15:00,SHIFT_C,1,21.81,23.68,0.598,0.402,4.358,1.691,2.705,1.179,4.825,4.315,0.921,3,22.25,0,0.0,4.358,0.3944,19.603,15.603
2026-09-05 01:30:00,SHIFT_C,1,21.82,23.57,0.598,0.402,4.586,2.068,2.846,1.148,4.808,4.188,1.003,2,26.34,0,0.0,4.586,0.6174,19.538,15.538
2026-09-05 01:45:00,SHIFT_C,1,21.83,22.01,0.598,0.402,4.661,2.252,2.721,1.277,4.891,4.31,0.837,3,26.15,0,0.0,4.661,0.4247,19.669,15.669
2026-09-05 02:00:00,SHIFT_C,1,21.85,20.99,0.593,0.407,4.17,2.563,2.66,1.23,5.141,4.379,1.006,3,25.96,0,0.0,4.17,0.3948,19.655,15.655
2026-09-05 02:15:00,SHIFT_C,1,21.87,21.13,0.593,0.407,4.486,2.185,3.077,1.222,5.544,4.344,1.0,3,25.84,0,0.0,4.486,0.4374,19.785,15.785
2026-09-05 02:30:00,SHIFT_C,1,21.9,22.88,0.593,0.407,4.513,2.407,2.967,1.307,5.066,4.087,0.95,3,25.61,0,0.0,4.513,0.4146,19.754,15.754
2026-09-05 02:45:00,SHIFT_C,1,21.93,22.08,0.593,0.407,4.222,2.314,2.633,1.042,5.249,4.467,0.958,3,25.18,0,0.0,4.222,0.3983,19.657,15.657
2026-09-05 03:00:00,SHIFT_C,1,21.97,21.42,0.588,0.412,4.382,2.089,2.798,0.95,4.583,4.0,0.965,2,29.93,0,0.0,4.382,0.5556,19.706,15.706
2026-09-05 03:15:00,SHIFT_C,1,22.01,21.78,0.588,0.412,4.887,2.306,3.169,1.084,4.912,4.714,1.08,3,29.55,0,0.0,4.887,0.4639,19.971,15.971
2026-09-05 03:30:00,SHIFT_C,1,22.05,20.69,0.588,0.412,4.181,2.13,3.115,1.165,5.381,4.355,0.977,3,29.22,0,0.0,4.181,0.3998,19.993,15.993
2026-09-05 03:45:00,SHIFT_C,1,22.1,21.75,0.588,0.412,3.788,2.182,3.143,1.057,5.273,3.98,0.818,3,28.98,0,0.0,3.788,0.3394,19.712,15.712
2026-09-05 04:00:00,SHIFT_C,1,22.15,23.37,0.583,0.417,4.429,1.731,3.2,1.32,5.12,4.35,0.841,3,28.73,0,0.0,4.429,0.4147,19.589,15.589
2026-09-05 04:15:00,SHIFT_C,1,22.2,21.91,0.583,0.417,4.319,2.049,2.966,1.151,4.898,4.15,1.007,3,28.39,0,0.0,4.319,0.3897,19.558,15.558
2026-09-05 04:30:00,SHIFT_C,1,22.26,21.88,0.583,0.417,4.282,1.975,2.593,1.268,5.232,3.94,1.004,3,28.05,0,0.0,4.282,0.3946,19.511,15.511
2026-09-05 04:45:00,SHIFT_C,1,22.32,21.03,0.583,0.417,4.066,2.305,3.137,1.029,5.021,4.628,1.114,3,27.8,0,0.0,4.066,0.386,19.441,15.441
2026-09-05 05:00:00,SHIFT_C,1,22.39,23.33,0.579,0.421,4.322,1.775,2.847,1.15,4.933,4.435,0.852,3,27.41,0,0.0,4.322,0.3957,19.27,15.27
2026-09-05 05:15:00,SHIFT_C,1,22.45,21.93,0.579,0.421,4.665,2.231,2.825,1.228,5.11,4.128,0.863,3,26.98,0,0.0,4.665,0.4255,19.409,15.409
2026-09-05 05:30:00,SHIFT_C,1,22.52,24.24,0.579,0.421,4.101,2.227,2.883,1.2,5.107,3.971,0.958,3,26.61,0,0.0,4.101,0.371,19.035,15.035
2026-09-05 05:45:00,SHIFT_C,1,22.59,22.62,0.579,0.421,4.476,2.394,3.405,1.185,5.308,4.465,1.025,3,26.29,0,0.0,4.476,0.4318,19.012,15.012
2026-09-05 06:00:00,SHIFT_A,1,27.52,26.61,0.574,0.426,5.497,2.451,3.294,1.235,5.129,4.585,1.095,3,26.04,0,0.0,5.497,0.5331,19.099,15.099
2026-09-05 06:15:00,SHIFT_A,1,27.61,26.74,0.574,0.426,5.794,3.161,3.014,1.135,4.953,4.291,1.035,3,25.57,0,0.0,5.794,0.5324,19.323,15.323
2026-09-05 06:30:00,SHIFT_A,1,27.7,27.49,0.574,0.426,5.9,2.737,2.84,1.282,5.013,4.094,0.968,3,25.22,0,0.0,5.9,0.5395,19.523,15.523
2026-09-05 06:45:00,SHIFT_A,1,27.79,27.29,0.574,0.426,4.76,2.649,3.231,1.295,5.296,4.35,0.923,3,24.81,0,0.0,4.76,0.4547,19.174,15.174
2026-09-05 07:00:00,SHIFT_A,1,27.88,27.13,0.569,0.431,5.366,2.799,2.909,1.066,5.349,3.989,0.792,3,24.42,0,0.0,5.366,0.4837,19.144,15.144
2026-09-05 07:15:00,SHIFT_A,1,27.97,28.55,0.569,0.431,6.228,2.375,3.025,1.199,5.528,4.347,0.943,3,24.24,0,0.0,6.228,0.6026,19.403,15.403
2026-09-05 07:30:00,SHIFT_A,1,28.06,27.14,0.569,0.431,6.175,2.285,2.734,1.447,5.514,4.166,1.082,3,23.96,0,0.0,6.175,0.607,19.776,15.776
2026-09-05 07:45:00,SHIFT_A,1,28.15,26.93,0.569,0.431,5.182,2.42,2.85,1.174,5.337,4.34,0.765,3,23.65,0,0.0,5.182,0.4846,19.674,15.674
2026-09-05 08:00:00,SHIFT_A,1,28.24,28.01,0.564,0.436,5.669,2.383,3.235,1.219,5.537,3.782,1.08,3,23.26,0,0.0,5.669,0.5303,19.708,15.708
2026-09-05 08:15:00,SHIFT_A,1,28.33,27.84,0.564,0.436,5.476,2.464,3.349,1.105,5.631,4.502,0.985,3,23.07,0,0.0,5.476,0.5388,19.662,15.662
2026-09-05 08:30:00,SHIFT_A,1,28.41,27.59,0.564,0.436,5.259,3.026,2.755,1.196,5.174,4.586,0.859,3,22.75,0,0.0,5.259,0.5003,19.533,15.533
2026-09-05 08:45:00,SHIFT_A,1,28.5,29.47,0.564,0.436,5.579,2.567,2.991,1.365,4.779,4.31,0.903,3,22.25,0,0.0,5.579,0.5102,19.376,15.376
2026-09-05 09:00:00,SHIFT_A,1,28.58,28.53,0.559,0.441,5.888,2.602,2.806,1.045,5.328,3.871,0.926,3,21.77,0,0.0,5.888,0.5296,19.467,15.467
2026-09-05 09:15:00,SHIFT_A,1,28.65,27.03,0.559,0.441,5.514,2.942,2.643,1.168,5.394,4.19,0.825,3,21.39,0,0.0,5.514,0.514,19.522,15.522
2026-09-05 09:30:00,SHIFT_A,1,28.73,29.84,0.559,0.441,5.488,2.648,2.694,0.99,5.563,4.566,0.979,3,21.02,0,0.0,5.488,0.5345,19.282,15.282
2026-09-05 09:45:00,SHIFT_A,1,28.8,29.05,0.559,0.441,5.503,2.487,3.45,1.088,5.183,4.331,0.967,3,20.67,0,0.0,5.503,0.5126,19.128,15.128
2026-09-05 10:00:00,SHIFT_A,1,28.87,28.34,0.554,0.446,8.09,2.573,2.993,1.296,6.634,5.681,0.84,2,20.6,0,0.0,4.973,1.25,18.781,14.781
2026-09-05 10:15:00,SHIFT_A,1,28.93,28.36,0.554,0.446,7.533,2.52,2.866,1.207,7.001,5.223,0.887,2,20.39,3.117,9.328,5.013,1.25,18.451,14.451
2026-09-05 10:30:00,SHIFT_A,1,28.99,29.95,0.554,0.446,7.942,2.588,3.184,1.081,7.444,6.109,0.996,2,20.02,5.638,18.211,4.644,1.25,17.777,13.777
2026-09-05 10:45:00,SHIFT_A,1,29.04,27.4,0.554,0.446,8.391,2.351,3.106,1.046,6.669,5.547,0.984,2,19.78,8.936,26.624,5.035,1.25,17.555,13.555
2026-09-05 11:00:00,SHIFT_A,1,29.09,28.75,0.549,0.451,8.486,2.458,3.075,1.27,6.487,5.33,1.017,2,19.52,12.293,36.309,5.078,1.25,17.219,13.219
2026-09-05 11:15:00,SHIFT_A,1,29.13,30.5,0.549,0.451,6.074,2.579,3.096,1.062,4.995,4.281,0.994,2,24.95,15.701,38.487,6.119,1.25,17.229,13.229
2026-09-05 11:30:00,SHIFT_A,1,25.67,25.87,0.549,0.451,5.023,2.556,2.768,1.15,4.882,4.547,1.106,2,29.23,15.655,39.38,5.963,1.25,17.624,13.624
2026-09-05 11:45:00,SHIFT_A,1,25.7,23.56,0.549,0.451,4.747,2.103,2.882,1.078,5.561,4.317,1.042,3,28.88,14.715,25.232,8.748,1.25,19.642,15.642
2026-09-05 12:00:00,SHIFT_A,1,29.23,28.25,0.544,0.456,5.37,2.402,3.305,1.303,5.268,4.444,0.937,3,28.53,10.715,18.312,8.777,1.25,21.205,17.205
2026-09-05 12:15:00,SHIFT_A,1,29.25,29.41,0.544,0.456,5.551,2.16,3.202,1.025,5.531,4.347,0.824,3,28.3,7.308,12.291,8.918,1.25,22.723,18.723
2026-09-05 12:30:00,SHIFT_A,1,29.26,28.99,0.544,0.456,5.896,2.418,3.416,1.299,5.26,4.358,0.973,3,28.09,3.941,6.133,9.637,1.0207,24.643,20.643
2026-09-05 12:45:00,SHIFT_A,1,29.27,28.34,0.544,0.456,6.2,2.294,2.921,1.172,4.993,3.795,0.976,3,27.73,0.2,0.264,6.4,0.5635,25.008,21.008
2026-09-05 13:00:00,SHIFT_A,1,29.27,29.67,0.539,0.461,5.955,1.982,2.67,1.242,5.549,4.234,0.915,3,27.52,0,0.0,5.955,0.5724,25.019,21.019
2026-09-05 13:15:00,SHIFT_A,1,29.27,29.78,0.539,0.461,6.044,2.339,3.085,1.303,5.432,4.113,1.042,3,27.41,0,0.0,6.044,0.5786,25.022,21.022
2026-09-05 13:30:00,SHIFT_A,1,29.26,30.36,0.539,0.461,5.631,2.529,3.221,1.112,5.229,4.8,0.869,3,27.3,0,0.0,5.631,0.5445,24.801,20.801
2026-09-05 13:45:00,SHIFT_A,1,29.25,29.37,0.539,0.461,5.761,2.059,2.931,1.064,4.991,4.035,0.882,3,27.07,0,0.0,5.761,0.5089,24.745,20.745
2026-09-05 14:00:00,SHIFT_B,1,30.95,32.94,0.534,0.466,6.013,2.015,3.161,0.988,5.206,4.596,1.065,3,26.87,0,0.0,6.013,0.574,24.457,20.457
2026-09-05 14:15:00,SHIFT_B,1,30.92,31.59,0.534,0.466,6.469,2.532,3.177,1.327,5.3,4.809,0.889,3,26.62,0,0.0,6.469,0.6419,24.533,20.533
2026-09-05 14:30:00,SHIFT_B,1,30.88,33.99,0.534,0.466,6.207,2.271,3.054,1.278,5.32,4.583,1.021,3,26.35,0,0.0,6.207,0.6098,24.237,20.237
2026-09-05 14:45:00,SHIFT_B,1,30.84,30.59,0.534,0.466,5.757,2.551,2.991,1.113,5.438,4.539,0.912,3,25.94,0,0.0,5.757,0.5563,24.056,20.056
2026-09-05 15:00:00,SHIFT_B,1,30.8,32.28,0.529,0.471,6.213,2.609,3.377,1.111,5.402,4.067,0.802,3,25.69,0,0.0,6.213,0.5694,23.935,19.935
2026-09-05 15:15:00,SHIFT_B,1,30.75,28.7,0.529,0.471,5.912,2.417,3.198,1.175,5.316,3.999,0.9,3,25.42,0,0.0,5.912,0.5422,24.021,20.021
2026-09-05 15:30:00,SHIFT_B,1,30.69,30.21,0.529,0.471,5.601,2.629,2.881,1.163,4.586,4.218,0.935,3,24.93,0,0.0,5.601,0.4916,23.8,19.8
2026-09-05 15:45:00,SHIFT_B,1,30.63,31.47,0.529,0.471,7.358,2.219,3.096,1.233,4.813,4.073,1.055,2,30.31,0,0.0,6.676,1.1022,23.991,19.991
2026-09-05 16:00:00,SHIFT_B,1,30.56,29.07,0.524,0.476,5.89,2.175,2.954,1.201,4.87,4.138,1.002,3,29.82,0.682,0.924,6.572,0.5932,24.369,20.369
2026-09-05 16:15:00,SHIFT_B,1,30.49,30.83,0.524,0.476,6.066,2.124,3.028,1.207,5.45,3.837,0.941,3,29.54,0,0.0,6.066,0.5585,24.32,20.32
2026-09-05 16:30:00,SHIFT_B,1,30.42,30.37,0.524,0.476,6.012,2.51,2.994,1.175,5.024,3.924,1.002,3,29.1,0,0.0,6.012,0.5385,24.288,20.288
2026-09-05 16:45:00,SHIFT_B,1,30.34,30.6,0.524,0.476,5.879,2.272,3.218,1.166,5.067,4.63,0.947,3,28.79,0,0.0,5.879,0.559,24.168,20.168
2026-09-05 17:00:00,SHIFT_B,1,30.26,31.59,0.519,0.481,5.757,2.391,3.139,1.281,5.741,4.851,0.835,3,28.52,0,0.0,5.757,0.5891,23.887,19.887
2026-09-05 17:15:00,SHIFT_B,1,30.17,29.93,0.519,0.481,6.014,2.361,3.054,1.142,4.71,4.566,1.017,3,28.04,0,0.0,6.014,0.5537,23.902,19.902
2026-09-05 17:30:00,SHIFT_B,1,30.08,28.7,0.519,0.481,5.832,2.044,2.997,1.215,5.334,4.612,0.972,2,27.92,0,0.0,5.832,0.8973,23.948,19.948
2026-09-05 17:45:00,SHIFT_B,1,29.99,28.83,0.519,0.481,5.787,2.884,2.859,1.123,5.336,4.041,0.941,3,27.5,0,0.0,5.787,0.5331,23.958,19.958
2026-09-05 18:00:00,SHIFT_B,1,29.9,27.8,0.514,0.486,6.401,2.554,3.124,1.375,5.785,4.157,0.957,3,27.13,0,0.0,6.401,0.6326,24.379,20.379
2026-09-05 18:15:00,SHIFT_B,1,29.81,30.28,0.514,0.486,5.54,2.236,3.095,1.327,5.722,4.323,0.976,3,26.69,0,0.0,5.54,0.5508,24.12,20.12
2026-09-05 18:30:00,SHIFT_B,1,29.71,28.94,0.514,0.486,6.048,2.375,2.92,1.148,5.453,3.758,0.991,3,26.4,0,0.0,6.048,0.5526,24.25,20.25
2026-09-05 18:45:00,SHIFT_B,1,29.62,30.73,0.514,0.486,6.086,2.457,2.88,1.122,5.04,3.949,1.044,3,26.31,0,0.0,6.086,0.5466,24.22,20.22
2026-09-05 19:00:00,SHIFT_B,1,25.98,28.76,0.51,0.49,4.316,2.38,2.722,1.25,5.718,4.575,0.998,3,26.0,0,0.0,4.316,0.4359,23.502,19.502
2026-09-05 19:15:00,SHIFT_B,1,25.89,27.02,0.51,0.49,4.781,2.235,3.044,1.318,5.227,4.023,0.993,3,25.48,0,0.0,4.781,0.4451,23.191,19.191
2026-09-05 19:30:00,SHIFT_B,1,29.33,30.79,0.51,0.49,5.925,2.349,2.472,1.297,4.767,4.174,1.166,3,25.02,0,0.0,5.925,0.544,23.075,19.075
2026-09-05 19:45:00,SHIFT_B,1,29.23,30.82,0.51,0.49,5.714,2.553,2.98,1.044,4.938,4.658,1.015,3,24.78,0,0.0,5.714,0.5362,22.85,18.85
2026-09-05 20:00:00,SHIFT_B,1,29.14,31.2,0.505,0.495,6.09,2.443,2.658,1.054,4.686,4.252,0.881,3,24.53,0,0.0,6.09,0.5331,22.775,18.775
2026-09-05 20:15:00,SHIFT_B,1,29.05,29.2,0.505,0.495,5.988,2.334,3.336,1.216,5.682,4.187,0.812,3,24.07,0,0.0,5.988,0.5736,22.849,18.849
2026-09-05 20:30:00,SHIFT_B,1,28.96,29.06,0.505,0.495,5.085,2.49,3.237,1.156,5.232,4.286,0.943,3,23.83,0,0.0,5.085,0.4756,22.485,18.485
2026-09-05 20:45:00,SHIFT_B,1,28.87,28.47,0.505,0.495,6.01,2.686,3.113,1.158,5.505,4.82,1.015,3,23.58,0,0.0,6.01,0.6048,22.643,18.643
2026-09-05 21:00:00,SHIFT_B,1,28.78,28.38,0.5,0.5,5.556,2.664,3.217,0.978,5.139,4.046,0.856,3,23.24,0,0.0,5.556,0.4929,22.583,18.583
2026-09-05 21:15:00,SHIFT_B,1,28.7,27.36,0.5,0.5,5.574,2.259,3.316,1.383,5.797,4.555,0.988,3,22.98,0,0.0,5.574,0.5711,22.634,18.634
2026-09-05 21:30:00,SHIFT_B,1,28.62,27.17,0.5,0.5,5.748,2.749,2.705,1.194,5.835,3.939,0.868,3,22.75,0,0.0,5.748,0.5479,22.791,18.791
2026-09-05 21:45:00,SHIFT_B,1,28.55,28.15,0.5,0.5,6.418,2.304,2.716,1.151,5.519,4.379,0.894,3,22.31,0,0.0,6.418,0.6171,23.185,19.185
2026-09-05 22:00:00,SHIFT_C,1,22.15,20.33,0.496,0.504,4.595,2.251,3.469,1.141,5.54,4.154,1.1,3,21.95,0,0.0,4.595,0.4415,23.45,19.45
2026-09-05 22:15:00,SHIFT_C,1,22.1,23.22,0.496,0.504,3.993,2.218,2.859,1.362,5.009,4.341,1.066,3,21.66,0,0.0,3.993,0.3786,23.124,19.124
2026-09-05 22:30:00,SHIFT_C,1,22.05,22.02,0.496,0.504,4.233,1.958,3.109,1.198,4.994,4.286,1.024,2,26.6,0,0.0,4.233,0.588,23.039,19.039
2026-09-05 22:45:00,SHIFT_C,1,22.01,22.03,0.496,0.504,4.097,1.839,2.84,1.279,5.475,3.961,0.953,3,26.45,0,0.0,4.097,0.3849,22.884,18.884
2026-09-05 23:00:00,SHIFT_C,1,21.97,21.16,0.491,0.509,4.568,2.182,2.565,1.187,5.341,3.806,0.997,3,26.25,0,0.0,4.568,0.4167,23.052,19.052
2026-09-05 23:15:00,SHIFT_C,1,21.93,23.1,0.491,0.509,3.978,2.015,2.868,1.169,5.064,4.376,0.872,3,25.85,0,0.0,3.978,0.3677,22.731,18.731
2026-09-05 23:30:00,SHIFT_C,1,21.9,22.8,0.491,0.509,4.233,1.957,3.106,1.21,5.086,4.594,0.794,3,25.56,0,0.0,4.233,0.3982,22.567,18.567
2026-09-05 23:45:00,SHIFT_C,1,21.87,20.11,0.491,0.509,4.301,2.176,2.576,1.234,5.402,4.416,1.055,3,25.36,0,0.0,4.301,0.4192,22.706,18.706
2026-09-06 00:00:00,SHIFT_C,1,21.85,22.81,0.498,0.502,4.759,1.983,2.907,1.172,5.165,4.219,1.017,3,25.11,0,0.0,4.759,0.4435,22.805,18.805
2026-09-06 00:15:00,SHIFT_C,1,21.83,22.72,0.498,0.502,4.61,2.645,3.216,1.11,5.133,4.363,0.918,3,24.79,0,0.0,4.61,0.4277,22.838,18.838
2026-09-06 00:30:00,SHIFT_C,1,21.82,21.23,0.498,0.502,4.076,2.14,3.202,1.199,5.129,3.907,1.038,3,24.56,0,0.0,4.076,0.37,22.752,18.752
2026-09-06 00:45:00,SHIFT_C,1,21.81,20.32,0.498,0.502,4.099,2.085,3.102,1.229,4.912,4.135,0.952,3,24.26,0,0.0,4.099,0.3706,22.77,18.77
2026-09-06 01:00:00,SHIFT_C,1,21.81,22.79,0.493,0.507,4.112,2.159,2.622,1.291,5.206,4.487,0.921,3,24.01,0,0.0,4.112,0.3942,22.546,18.546
2026-09-06 01:15:00,SHIFT_C,1,21.81,20.69,0.493,0.507,4.034,2.021,3.087,1.212,5.26,4.229,1.011,3,23.79,0,0.0,4.034,0.3804,22.494,18.494
2026-09-06 01:30:00,SHIFT_C,1,21.82,21.87,0.493,0.507,3.67,2.043,3.363,1.224,5.485,4.062,0.989,3,23.38,0,0.0,3.67,0.3475,22.142,18.142
2026-09-06 01:45:00,SHIFT_C,1,21.83,23.01,0.493,0.507,4.587,2.218,2.957,1.3,5.266,4.369,0.916,3,23.28,0,0.0,4.587,0.4377,22.134,18.134
2026-09-06 02:00:00,SHIFT_C,1,21.85,18.98,0.489,0.511,4.05,2.402,3.333,1.195,5.004,4.488,0.945,3,22.88,0,0.0,4.05,0.3793,22.261,18.261
2026-09-06 02:15:00,SHIFT_C,1,21.87,24.37,0.489,0.511,4.208,2.393,3.004,1.313,5.394,4.361,0.976,3,22.62,0,0.0,4.208,0.408,21.928,17.928
2026-09-06 02:30:00,SHIFT_C,1,21.9,20.35,0.489,0.511,4.053,2.169,3.122,1.16,5.05,4.199,0.881,3,22.31,0,0.0,4.053,0.3684,21.92,17.92
2026-09-06 02:45:00,SHIFT_C,1,21.93,23.28,0.489,0.511,4.425,2.768,3.213,1.139,5.217,4.07,0.956,2,26.99,0,0.0,4.425,0.6083,21.805,17.805
2026-09-06 03:00:00,SHIFT_C,1,21.97,21.78,0.485,0.515,4.83,2.126,3.071,1.087,5.133,4.547,0.991,3,26.47,0,0.0,4.83,0.4573,22.042,18.042
2026-09-06 03:15:00,SHIFT_C,1,22.01,22.09,0.485,0.515,4.112,2.309,2.979,1.191,4.971,4.135,0.868,3,26.22,0,0.0,4.112,0.3696,21.89,17.89
2026-09-06 03:30:00,SHIFT_C,1,22.05,20.48,0.485,0.515,5.005,2.374,3.463,1.113,5.545,3.982,0.834,3,25.76,0,0.0,5.005,0.4624,22.344,18.344
2026-09-06 03:45:00,SHIFT_C,1,22.1,21.11,0.485,0.515,3.342,2.395,3.035,1.184,4.817,4.348,0.854,3,25.36,0,0.0,3.342,0.3014,21.904,17.904
2026-09-06 04:00:00,SHIFT_C,1,22.15,24.71,0.481,0.519,4.236,2.527,2.799,1.136,5.226,4.232,0.952,3,24.98,0,0.0,4.236,0.3938,21.552,17.552
2026-09-06 04:15:00,SHIFT_C,1,22.2,24.98,0.481,0.519,4.347,2.131,2.834,1.277,4.819,4.152,1.016,3,24.61,0,0.0,4.347,0.3943,21.227,17.227
2026-09-06 04:30:00,SHIFT_C,1,22.26,21.31,0.481,0.519,4.284,2.175,2.988,1.091,5.242,4.301,0.971,3,24.29,0,0.0,4.284,0.4003,21.239,17.239
2026-09-06 04:45:00,SHIFT_C,1,22.32,21.58,0.481,0.519,4.768,2.419,3.333,1.15,4.962,4.472,0.863,2,29.34,0,0.0,4.768,0.6591,21.464,17.464
2026-09-06 05:00:00,SHIFT_C,1,22.39,22.69,0.477,0.523,4.767,2.056,2.865,1.217,4.722,4.313,1.035,3,28.96,0,0.0,4.767,0.4331,21.579,17.579
2026-09-06 05:15:00,SHIFT_C,1,22.45,23.8,0.477,0.523,4.97,1.585,2.808,1.22,5.427,4.368,0.991,3,28.55,0,0.0,4.97,0.4804,21.683,17.683
2026-09-06 05:30:00,SHIFT_C,1,22.52,21.12,0.477,0.523,4.591,2.039,3.184,1.187,5.091,4.401,1.108,3,28.36,0,0.0,4.591,0.4357,21.867,17.867
2026-09-06 05:45:00,SHIFT_C,1,22.59,23.58,0.477,0.523,4.226,2.461,3.304,1.1,4.871,4.586,0.9,3,28.23,0,0.0,4.226,0.3898,21.622,17.622
2026-09-06 06:00:00,SHIFT_A,1,27.52,24.44,0.473,0.527,5.456,2.552,3.109,1.312,4.922,3.692,0.832,3,27.91,0,0.0,5.456,0.4726,21.907,17.907
2026-09-06 06:15:00,SHIFT_A,1,27.61,28.07,0.473,0.527,5.651,2.553,2.939,1.289,5.138,4.6,0.981,3,27.58,0,0.0,5.651,0.5464,21.926,17.926
2026-09-06 06:30:00,SHIFT_A,1,27.7,26.05,0.473,0.527,5.542,3.012,3.015,1.223,5.046,4.009,0.794,3,27.37,0,0.0,5.542,0.494,22.092,18.092
2026-09-06 06:45:00,SHIFT_A,1,27.79,28.89,0.473,0.527,5.96,2.695,2.875,1.205,4.935,4.225,1.098,3,27.23,0,0.0,5.96,0.55,22.183,18.183
2026-09-06 07:00:00,SHIFT_A,1,27.88,26.16,0.469,0.531,5.186,2.503,3.083,1.039,4.74,4.47,0.937,3,26.88,0,0.0,5.186,0.467,22.159,18.159
2026-09-06 07:15:00,SHIFT_A,1,27.97,29.08,0.469,0.531,5.284,2.712,3.084,1.068,5.054,3.984,0.88,3,26.58,0,0.0,5.284,0.4674,21.893,17.893
2026-09-06 07:30:00,SHIFT_A,1,28.06,24.46,0.469,0.531,5.872,2.488,3.112,1.142,5.218,4.636,0.989,3,26.17,0,0.0,5.872,0.5666,22.383,18.383
2026-09-06 07:45:00,SHIFT_A,1,28.15,30.25,0.469,0.531,6.263,2.789,2.674,1.078,5.419,4.689,0.927,3,25.82,0,0.0,6.263,0.6108,22.49,18.49
2026-09-06 08:00:00,SHIFT_A,1,28.24,25.11,0.465,0.535,5.357,2.513,3.121,0.994,4.814,4.544,0.875,3,25.53,0,0.0,5.357,0.4842,22.658,18.658
2026-09-06 08:15:00,SHIFT_A,1,28.33,25.67,0.465,0.535,5.615,2.406,3.038,1.213,5.005,4.552,0.82,3,25.36,0,0.0,5.615,0.524,22.898,18.898
2026-09-06 08:30:00,SHIFT_A,1,28.41,27.91,0.465,0.535,5.88,2.199,3.205,1.138,5.005,4.619,0.996,3,24.97,0,0.0,5.88,0.5567,23.048,19.048
2026-09-06 08:45:00,SHIFT_A,1,28.5,26.29,0.465,0.535,5.791,2.549,3.001,1.242,5.145,4.378,0.909,3,24.52,0,0.0,5.791,0.5443,23.314,19.314
2026-09-06 09:00:00,SHIFT_A,1,28.58,27.9,0.462,0.538,5.889,2.782,2.992,1.225,5.15,4.096,0.88,3,24.17,0,0.0,5.889,0.5382,23.468,19.468
2026-09-06 09:15:00,SHIFT_A,1,28.65,29.49,0.462,0.538,5.344,2.636,3.046,1.154,4.688,4.289,0.944,3,23.64,0,0.0,5.344,0.4766,23.192,19.192
2026-09-06 09:30:00,SHIFT_A,1,28.73,29.3,0.462,0.538,6.04,2.109,2.816,1.097,5.423,4.48,0.823,3,23.35,0,0.0,6.04,0.5749,23.282,19.282
2026-09-06 09:45:00,SHIFT_A,1,28.8,30.06,0.462,0.538,6.306,2.256,2.758,1.249,4.883,4.281,0.912,3,23.03,0,0.0,6.306,0.575,23.428,19.428
2026-09-06 10:00:00,SHIFT_A,1,28.87,27.69,0.459,0.541,6.107,2.876,3.131,1.178,4.736,4.384,1.097,3,22.64,0,0.0,6.107,0.5603,23.713,19.713
2026-09-06 10:15:00,SHIFT_A,1,28.93,27.95,0.459,0.541,5.528,2.306,2.846,1.168,5.497,4.054,0.891,3,22.39,0,0.0,5.528,0.5168,23.682,19.682
2026-09-06 10:30:00,SHIFT_A,1,28.99,28.52,0.459,0.541,5.318,2.533,3.08,1.176,5.069,4.102,0.826,3,22.16,0,0.0,5.318,0.4784,23.489,19.489
2026-09-06 10:45:00,SHIFT_A,1,29.04,27.99,0.459,0.541,5.667,2.328,3.121,1.159,4.839,3.807,0.906,3,22.0,0,0.0,5.667,0.4887,23.524,19.524
2026-09-06 11:00:00,SHIFT_A,1,29.09,29.16,0.455,0.545,5.503,2.384,3.235,1.201,4.743,4.054,1.103,3,21.58,0,0.0,5.503,0.4919,23.359,19.359
2026-09-06 11:15:00,SHIFT_A,1,29.13,28.44,0.455,0.545,6.007,2.461,2.815,1.147,4.805,3.975,0.885,2,25.92,0,0.0,6.007,0.8054,23.519,19.519
2026-09-06 11:30:00,SHIFT_A,1,25.67,26.37,0.455,0.545,4.885,2.008,3.075,1.197,5.287,3.993,0.983,3,25.72,0,0.0,4.885,0.4507,23.324,19.324
2026-09-06 11:45:00,SHIFT_A,1,25.7,24.17,0.455,0.545,4.682,2.121,3.116,1.102,5.016,4.242,1.076,3,25.44,0,0.0,4.682,0.4311,23.249,19.249
2026-09-06 12:00:00,SHIFT_A,1,29.23,28.92,0.452,0.548,5.859,2.652,3.026,1.197,4.937,4.489,1.126,3,25.1,0,0.0,5.859,0.5543,23.286,19.286
2026-09-06 12:15:00,SHIFT_A,1,29.25,29.92,0.452,0.548,5.445,2.214,2.977,1.102,5.389,4.314,0.966,3,25.0,0,0.0,5.445,0.5161,23.017,19.017
2026-09-06 12:30:00,SHIFT_A,1,29.26,28.35,0.452,0.548,5.4,2.209,3.001,1.079,5.335,4.341,0.895,3,24.57,0,0.0,5.4,0.5065,22.882,18.882
2026-09-06 12:45:00,SHIFT_A,1,29.27,30.33,0.452,0.548,5.67,2.333,3.215,1.068,5.113,4.434,0.982,3,24.31,0,0.0,5.67,0.5295,22.684,18.684
2026-09-06 13:00:00,SHIFT_A,1,29.27,29.63,0.45,0.55,5.112,2.546,3.007,1.396,5.482,4.397,1.011,3,24.13,0,0.0,5.112,0.5057,22.278,18.278
2026-09-06 13:15:00,SHIFT_A,1,29.27,27.94,0.45,0.55,5.728,2.217,3.141,0.998,5.322,4.049,0.791,3,23.82,0,0.0,5.728,0.5147,22.348,18.348
2026-09-06 13:30:00,SHIFT_A,1,29.26,30.03,0.45,0.55,6.076,2.693,3.201,1.211,5.181,4.423,0.85,3,23.31,0,0.0,6.076,0.5706,22.382,18.382
2026-09-06 13:45:00,SHIFT_A,1,29.25,29.54,0.45,0.55,6.085,2.514,3.401,1.311,5.129,4.112,0.978,3,23.16,0,0.0,6.085,0.5649,22.471,18.471
2026-09-06 14:00:00,SHIFT_B,1,30.95,32.08,0.447,0.553,6.023,2.276,3.562,1.061,5.353,4.359,0.903,3,22.85,0,0.0,6.023,0.5662,22.274,18.274
2026-09-06 14:15:00,SHIFT_B,1,30.92,31.88,0.447,0.553,6.11,2.301,2.773,1.242,5.398,4.106,0.945,3,22.5,0,0.0,6.11,0.5751,22.141,18.141
2026-09-06 14:30:00,SHIFT_B,1,30.88,28.98,0.447,0.553,6.536,2.185,3.128,1.331,4.507,4.674,1.066,3,22.19,0,0.0,6.536,0.6093,22.511,18.511
2026-09-06 14:45:00,SHIFT_B,1,30.84,32.48,0.447,0.553,6.116,2.237,2.614,1.175,5.391,4.19,1.111,2,26.38,0,0.0,6.116,0.9285,22.32,18.32
2026-09-06 15:00:00,SHIFT_B,1,30.8,31.15,0.445,0.555,6.303,2.579,3.118,1.081,5.4,4.386,0.943,3,26.08,0,0.0,6.303,0.5994,22.357,18.357
2026-09-06 15:15:00,SHIFT_B,1,30.75,27.87,0.445,0.555,5.756,2.209,3.088,1.223,5.062,4.668,0.853,3,25.73,0,0.0,5.756,0.5472,22.448,18.448
2026-09-06 15:30:00,SHIFT_B,1,30.69,30.78,0.445,0.555,7.106,3.553,2.716,1.154,4.681,3.968,0.948,3,25.38,0,0.0,7.106,0.6151,22.923,18.923
2026-09-06 15:45:00,SHIFT_B,1,30.63,29.53,0.445,0.555,5.847,3.77,3.011,1.26,5.031,3.858,0.962,3,25.16,0,0.0,5.847,0.523,22.893,18.893
2026-09-06 16:00:00,SHIFT_B,1,30.56,32.8,0.442,0.558,5.972,3.553,2.639,1.134,5.544,4.466,0.988,3,24.94,0,0.0,5.972,0.5834,22.599,18.599
2026-09-06 16:15:00,SHIFT_B,1,30.49,30.48,0.442,0.558,5.983,3.189,3.186,1.274,4.587,4.401,0.937,3,24.68,0,0.0,5.983,0.5395,22.543,18.543
2026-09-06 16:30:00,SHIFT_B,1,30.42,30.69,0.442,0.558,5.995,2.445,3.201,1.052,5.744,4.07,1.004,3,24.26,0,0.0,5.995,0.5729,22.471,18.471
2026-09-06 16:45:00,SHIFT_B,1,30.34,30.71,0.442,0.558,6.289,2.175,2.99,1.219,5.127,4.275,0.898,3,23.96,0,0.0,6.289,0.5832,22.545,18.545
2026-09-06 17:00:00,SHIFT_B,1,30.26,28.34,0.44,0.56,6.178,2.444,2.938,1.166,5.089,4.126,0.946,3,23.52,0,0.0,6.178,0.5634,22.8,18.8
2026-09-06 17:15:00,SHIFT_B,1,30.17,30.12,0.44,0.56,5.763,2.581,2.997,1.008,5.277,4.045,0.9,3,23.24,0,0.0,5.763,0.5211,22.669,18.669
2026-09-06 17:30:00,SHIFT_B,1,30.08,31.1,0.44,0.56,6.375,2.202,2.715,1.13,4.958,4.019,1.048,3,23.03,0,0.0,6.375,0.5726,22.746,18.746
2026-09-06 17:45:00,SHIFT_B,1,29.99,29.78,0.44,0.56,5.51,2.331,2.551,1.248,5.281,4.396,0.894,2,28.03,0,0.0,5.51,0.8065,22.523,18.523
2026-09-06 18:00:00,SHIFT_B,1,29.9,28.16,0.438,0.562,6.405,2.619,3.224,1.096,5.7,4.553,1.075,3,27.82,0,0.0,6.405,0.6407,22.909,18.909
2026-09-06 18:15:00,SHIFT_B,1,29.81,30.04,0.438,0.562,6.42,2.273,2.952,1.207,5.514,4.567,0.904,3,27.43,0,0.0,6.42,0.6302,23.115,19.115
2026-09-06 18:30:00,SHIFT_B,1,29.71,28.24,0.438,0.562,5.967,2.628,2.775,1.207,5.288,4.212,0.931,3,27.18,0,0.0,5.967,0.5591,23.275,19.275
2026-09-06 18:45:00,SHIFT_B,1,29.62,30.3,0.438,0.562,6.205,2.763,2.467,1.223,5.722,4.883,0.951,3,27.07,0,0.0,6.205,0.6385,23.347,19.347
2026-09-06 19:00:00,SHIFT_B,1,25.98,26.6,0.436,0.564,5.939,2.895,2.885,1.186,5.056,4.243,0.944,3,26.68,0,0.0,5.939,0.5465,23.657,19.657
2026-09-06 19:15:00,SHIFT_B,1,25.89,25.78,0.436,0.564,4.597,2.832,3.204,1.144,5.134,3.567,0.968,3,26.39,0,0.0,4.597,0.4003,23.377,19.377
2026-09-06 19:30:00,SHIFT_B,1,29.33,32.08,0.436,0.564,5.871,2.706,2.93,1.145,5.134,4.328,0.899,3,26.11,0,0.0,5.871,0.5439,23.105,19.105
2026-09-06 19:45:00,SHIFT_B,1,29.23,30.2,0.436,0.564,5.361,2.442,3.208,1.221,5.632,4.638,1.111,3,25.66,0,0.0,5.361,0.544,22.765,18.765
2026-09-06 20:00:00,SHIFT_B,1,29.14,28.97,0.435,0.565,5.753,2.735,2.991,1.059,4.925,4.481,0.998,3,25.4,0,0.0,5.753,0.531,22.744,18.744
2026-09-06 20:15:00,SHIFT_B,1,29.05,27.0,0.435,0.565,5.537,2.888,3.049,1.183,5.271,4.288,1.005,3,25.07,0,0.0,5.537,0.5237,22.813,18.813
2026-09-06 20:30:00,SHIFT_B,1,28.96,29.61,0.435,0.565,5.464,2.562,3.064,1.126,5.101,4.668,1.069,3,24.74,0,0.0,5.464,0.5263,22.584,18.584
2026-09-06 20:45:00,SHIFT_B,1,28.87,28.55,0.435,0.565,6.005,2.723,2.807,1.062,5.637,4.257,0.978,3,24.48,0,0.0,6.005,0.577,22.731,18.731
2026-09-06 21:00:00,SHIFT_B,1,28.78,28.04,0.434,0.566,6.15,2.604,3.363,0.965,5.044,3.932,1.129,3,24.23,0,0.0,6.15,0.5482,23.003,19.003
2026-09-06 21:15:00,SHIFT_B,1,28.7,28.48,0.434,0.566,5.252,2.467,3.141,1.033,5.282,4.562,0.869,3,24.04,0,0.0,5.252,0.4967,22.781,18.781
2026-09-06 21:30:00,SHIFT_B,1,28.62,29.31,0.434,0.566,5.469,2.834,3.096,1.105,5.514,4.717,0.9,3,23.8,0,0.0,5.469,0.5387,22.584,18.584
2026-09-06 21:45:00,SHIFT_B,1,28.55,29.13,0.434,0.566,5.404,2.966,3.07,1.231,5.478,4.731,0.941,3,23.47,0,0.0,5.404,0.5387,22.373,18.373
2026-09-06 22:00:00,SHIFT_C,1,22.15,21.66,0.433,0.567,4.372,2.102,3.753,1.213,5.209,4.062,1.033,3,23.34,0,0.0,4.372,0.4054,22.393,18.393
2026-09-06 22:15:00,SHIFT_C,1,22.1,22.98,0.433,0.567,4.16,1.94,2.689,1.255,5.199,3.785,0.989,3,22.99,0,0.0,4.16,0.3761,22.175,18.175
2026-09-06 22:30:00,SHIFT_C,1,22.05,24.51,0.433,0.567,4.172,2.308,3.216,1.184,5.18,4.287,0.877,3,22.59,0,0.0,4.172,0.3872,21.81,17.81
2026-09-06 22:45:00,SHIFT_C,1,22.01,20.34,0.433,0.567,4.296,2.289,3.092,1.237,4.981,3.94,1.051,3,22.19,0,0.0,4.296,0.3877,21.924,17.924
2026-09-06 23:00:00,SHIFT_C,1,21.97,22.29,0.432,0.568,4.116,1.865,2.785,1.132,5.202,3.894,1.015,3,22.01,0,0.0,4.116,0.3726,21.753,17.753
2026-09-06 23:15:00,SHIFT_C,1,21.93,24.49,0.432,0.568,4.594,2.111,3.032,1.139,5.001,4.389,0.961,3,21.81,0,0.0,4.594,0.425,21.601,17.601
2026-09-06 23:30:00,SHIFT_C,1,21.9,20.87,0.432,0.568,4.662,2.113,2.947,1.302,5.091,3.973,0.934,2,27.26,0,0.0,4.662,0.6362,21.845,17.845
2026-09-06 23:45:00,SHIFT_C,1,21.87,22.24,0.432,0.568,4.529,2.286,2.734,1.369,4.899,4.276,0.997,3,26.9,0,0.0,4.529,0.4209,21.886,17.886
2026-09-07 00:00:00,SHIFT_C,0,26.65,24.97,0.433,0.567,5.236,2.297,2.78,1.037,5.349,4.323,1.099,3,26.63,0,0.0,5.236,0.4978,22.007,18.007
2026-09-07 00:15:00,SHIFT_C,0,26.63,26.37,0.433,0.567,5.261,2.554,2.646,1.117,5.206,3.95,0.959,3,26.25,0,0.0,5.261,0.4759,22.0,18.0
2026-09-07 00:30:00,SHIFT_C,0,26.61,24.9,0.433,0.567,4.993,2.809,2.886,1.169,5.465,4.407,1.03,3,25.89,0,0.0,4.993,0.4853,22.007,18.007
2026-09-07 00:45:00,SHIFT_C,0,26.6,26.0,0.433,0.567,4.674,2.584,2.933,1.222,5.409,4.44,1.006,3,25.58,0,0.0,4.674,0.4545,21.743,17.743
2026-09-07 01:00:00,SHIFT_C,0,26.6,26.35,0.432,0.568,6.05,2.475,3.027,1.25,5.232,4.101,0.921,3,25.35,0,0.0,6.05,0.5604,22.133,18.133
2026-09-07 01:15:00,SHIFT_C,0,26.6,27.38,0.432,0.568,5.027,2.833,3.163,1.184,4.913,4.466,1.164,3,25.03,0,0.0,5.027,0.4747,21.909,17.909
2026-09-07 01:30:00,SHIFT_C,0,26.61,25.16,0.432,0.568,6.432,2.39,2.823,1.113,4.963,4.037,0.903,3,24.63,0,0.0,6.432,0.5705,22.609,18.609
2026-09-07 01:45:00,SHIFT_C,0,26.63,26.94,0.432,0.568,5.094,2.504,2.859,1.002,4.726,4.018,0.928,2,29.77,0,0.0,5.094,0.6567,22.462,18.462
2026-09-07 02:00:00,SHIFT_C,0,26.65,26.69,0.431,0.569,5.956,2.358,2.935,1.111,4.903,4.612,0.989,3,29.45,0,0.0,5.956,0.557,22.771,18.771
2026-09-07 02:15:00,SHIFT_C,0,26.67,28.06,0.431,0.569,5.597,2.272,2.797,1.169,5.331,4.149,1.077,3,28.95,0,0.0,5.597,0.5284,22.763,18.763
2026-09-07 02:30:00,SHIFT_C,0,26.71,27.94,0.431,0.569,5.441,2.302,2.926,1.066,5.289,4.081,0.919,3,28.54,0,0.0,5.441,0.4975,22.69,18.69
2026-09-07 02:45:00,SHIFT_C,0,26.74,25.59,0.431,0.569,4.702,3.145,3.332,0.984,5.326,4.256,0.983,3,28.05,0,0.0,4.702,0.4372,22.482,18.482
2026-09-07 03:00:00,SHIFT_C,0,26.79,26.19,0.431,0.569,5.559,3.05,2.724,0.92,5.037,4.269,1.073,3,27.61,0,0.0,5.559,0.5058,22.643,18.643
2026-09-07 03:15:00,SHIFT_C,0,26.84,24.9,0.431,0.569,5.942,2.633,3.244,1.178,5.758,4.314,0.931,3,27.33,0,0.0,5.942,0.5827,23.123,19.123
2026-09-07 03:30:00,SHIFT_C,0,26.89,25.56,0.431,0.569,5.159,2.944,2.938,0.989,5.086,4.645,0.999,3,27.22,0,0.0,5.159,0.4868,23.146,19.146
2026-09-07 03:45:00,SHIFT_C,0,26.95,25.65,0.431,0.569,5.21,2.338,3.121,1.181,4.867,4.107,0.949,3,26.76,0,0.0,5.21,0.4659,23.186,19.186
2026-09-07 04:00:00,SHIFT_C,0,27.01,25.87,0.43,0.57,5.759,2.535,2.97,1.175,4.9,4.651,0.9,3,26.4,0,0.0,5.759,0.5391,23.479,19.479
2026-09-07 04:15:00,SHIFT_C,0,27.08,28.44,0.43,0.57,5.4,2.556,2.985,1.132,5.247,4.27,0.906,3,26.02,0,0.0,5.4,0.5024,23.335,19.335
2026-09-07 04:30:00,SHIFT_C,0,27.15,26.52,0.43,0.57,5.869,2.816,3.023,1.305,5.338,4.534,1.039,3,25.78,0,0.0,5.869,0.5773,23.617,19.617
2026-09-07 04:45:00,SHIFT_C,0,27.22,25.57,0.43,0.57,5.46,2.274,3.124,0.957,5.092,3.856,1.132,3,25.47,0,0.0,5.46,0.4852,23.79,19.79
2026-09-07 05:00:00,SHIFT_C,0,27.3,26.74,0.43,0.57,5.845,2.356,3.238,1.257,5.357,4.467,0.946,3,25.11,0,0.0,5.845,0.566,24.039,20.039
2026-09-07 05:15:00,SHIFT_C,0,27.38,27.88,0.43,0.57,5.856,2.75,3.288,1.163,5.248,4.31,0.754,3,24.82,0,0.0,5.856,0.5411,24.179,20.179
2026-09-07 05:30:00,SHIFT_C,0,27.46,27.95,0.43,0.57,6.028,2.669,2.935,1.192,5.219,3.985,1.084,3,24.47,0,0.0,6.028,0.5572,24.398,20.398
2026-09-07 05:45:00,SHIFT_C,0,27.55,26.26,0.43,0.57,5.917,2.676,3.111,1.175,4.684,4.021,1.008,3,23.97,0,0.0,5.917,0.5188,24.731,20.731
2026-09-07 06:00:00,SHIFT_A,0,33.56,32.9,0.43,0.57,6.464,2.924,3.419,1.29,5.164,4.664,0.983,2,27.98,0,0.0,6.315,1.0236,24.598,20.598
2026-09-07 06:15:00,SHIFT_A,0,33.67,34.18,0.43,0.57,6.516,3.267,2.986,1.167,5.021,4.299,0.918,3,27.57,0.149,0.206,6.666,0.6121,24.513,20.513
2026-09-07 06:30:00,SHIFT_A,0,33.78,32.4,0.43,0.57,6.711,3.219,2.756,1.19,5.062,4.176,1.01,3,27.36,0,0.0,6.711,0.618,24.629,20.629
2026-09-07 06:45:00,SHIFT_A,0,33.89,35.21,0.43,0.57,6.998,3.106,3.108,1.221,5.46,4.36,1.001,3,27.03,0,0.0,6.998,0.6785,24.479,20.479
2026-09-07 07:00:00,SHIFT_A,0,34.0,33.18,0.43,0.57,6.657,2.681,3.117,1.125,5.611,4.033,0.829,3,26.7,0,0.0,6.657,0.6216,24.489,20.489
2026-09-07 07:15:00,SHIFT_A,0,34.11,34.63,0.43,0.57,6.116,3.26,2.863,1.136,5.341,4.044,0.885,3,26.28,0,0.0,6.116,0.5617,24.084,20.084
2026-09-07 07:30:00,SHIFT_A,0,34.22,35.27,0.43,0.57,7.419,2.654,2.884,0.979,5.269,4.252,0.704,3,25.79,0,0.0,7.419,0.6692,24.266,20.266
2026-09-07 07:45:00,SHIFT_A,0,34.33,33.68,0.43,0.57,6.56,3.163,3.225,1.132,5.61,4.158,0.962,3,25.44,0,0.0,6.56,0.6266,24.178,20.178
2026-09-07 08:00:00,SHIFT_A,0,34.44,33.68,0.431,0.569,6.951,3.348,3.202,1.052,4.571,4.29,0.916,3,24.94,0,0.0,6.951,0.6061,24.286,20.286
2026-09-07 08:15:00,SHIFT_A,0,34.55,33.7,0.431,0.569,6.471,3.001,3.063,1.07,5.16,4.319,0.841,3,24.59,0,0.0,6.471,0.5934,24.152,20.152
2026-09-07 08:30:00,SHIFT_A,0,34.65,33.97,0.431,0.569,7.494,2.859,2.826,1.123,5.227,4.723,0.977,3,24.23,0,0.0,7.494,0.729,24.502,20.502
2026-09-07 08:45:00,SHIFT_A,0,34.75,34.86,0.431,0.569,6.392,3.131,3.105,1.217,5.172,4.35,1.1,3,23.95,0,0.0,6.392,0.6093,24.212,20.212
2026-09-07 09:00:00,SHIFT_A,0,34.85,34.78,0.431,0.569,7.321,2.908,2.945,1.198,5.139,4.44,0.945,3,23.56,0,0.0,7.321,0.691,24.395,20.395
2026-09-07 09:15:00,SHIFT_A,0,34.94,35.24,0.431,0.569,7.367,3.354,2.937,1.185,5.654,4.253,1.011,3,23.2,0,0.0,7.367,0.7179,24.476,20.476
2026-09-07 09:30:00,SHIFT_A,0,35.03,35.78,0.431,0.569,7.526,3.102,3.185,1.192,4.908,4.576,0.902,3,22.91,0,0.0,7.526,0.7016,24.422,20.422
2026-09-07 09:45:00,SHIFT_A,0,35.12,35.62,0.431,0.569,7.17,3.219,3.051,1.053,4.967,4.724,0.846,3,22.6,0,0.0,7.17,0.669,24.438,20.438
2026-09-07 10:00:00,SHIFT_A,0,35.2,37.23,0.432,0.568,7.102,3.341,3.123,1.062,5.145,4.491,0.942,3,22.36,0,0.0,7.102,0.6656,24.266,20.266
2026-09-07 10:15:00,SHIFT_A,0,35.28,35.46,0.432,0.568,6.969,3.148,2.885,1.173,5.556,4.679,0.89,3,21.86,0,0.0,6.969,0.69,24.205,20.205
2026-09-07 10:30:00,SHIFT_A,0,35.35,34.58,0.432,0.568,7.655,3.086,2.915,1.307,5.102,4.387,0.935,3,21.48,0,0.0,7.655,0.7238,24.542,20.542
2026-09-07 10:45:00,SHIFT_A,0,35.41,35.91,0.432,0.568,7.283,2.583,2.948,1.312,5.8,4.542,0.901,3,21.16,0,0.0,7.283,0.7405,24.409,20.409
2026-09-07 11:00:00,SHIFT_A,0,35.47,34.28,0.433,0.567,7.809,2.917,2.932,1.122,4.994,4.001,0.812,2,27.05,0,0.0,6.717,1.1626,24.34,20.34
2026-09-07 11:15:00,SHIFT_A,0,35.52,37.5,0.433,0.567,6.927,2.882,3.201,1.057,4.875,4.435,0.899,3,26.68,1.092,1.491,8.019,0.7296,24.25,20.25
2026-09-07 11:30:00,SHIFT_A,0,31.3,32.02,0.433,0.567,6.592,2.921,3.115,1.082,5.187,4.313,0.9,3,26.35,0,0.0,6.592,0.6094,24.345,20.345
2026-09-07 11:45:00,SHIFT_A,0,31.34,28.75,0.433,0.567,5.738,2.934,3.316,1.35,5.405,4.362,0.945,3,26.04,0,0.0,5.738,0.5573,24.339,20.339
2026-09-07 12:00:00,SHIFT_A,0,35.64,36.27,0.435,0.565,7.701,2.861,2.497,1.155,4.999,4.507,0.937,3,25.76,0,0.0,7.701,0.7191,24.373,20.373
2026-09-07 12:15:00,SHIFT_A,0,35.67,36.36,0.435,0.565,6.874,2.479,2.803,1.211,4.925,4.512,1.052,3,25.52,0,0.0,6.874,0.6476,24.174,20.174
2026-09-07 12:30:00,SHIFT_A,0,35.69,36.45,0.435,0.565,6.934,3.135,2.682,1.051,5.418,4.146,1.151,3,25.3,0,0.0,6.934,0.6569,23.997,19.997
2026-09-07 12:45:00,SHIFT_A,0,35.7,34.8,0.435,0.565,6.955,2.862,2.889,1.207,5.114,4.028,0.925,3,24.92,0,0.0,6.955,0.6313,23.994,19.994
2026-09-07 13:00:00,SHIFT_A,0,35.7,38.41,0.436,0.564,7.69,3.049,3.065,1.306,5.24,3.846,0.855,3,24.41,0,0.0,7.69,0.6964,23.999,19.999
2026-09-07 13:15:00,SHIFT_A,0,35.7,34.35,0.436,0.564,7.416,2.529,2.526,1.102,5.205,3.864,0.955,3,24.06,0,0.0,7.416,0.6643,24.271,20.271
2026-09-07 13:30:00,SHIFT_A,0,35.69,38.19,0.436,0.564,6.99,2.707,2.81,1.167,5.304,4.455,0.97,3,23.84,0,0.0,6.99,0.6695,23.947,19.947
2026-09-07 13:45:00,SHIFT_A,0,35.67,35.21,0.436,0.564,7.249,2.864,3.256,1.26,4.97,4.199,1.135,3,23.54,0,0.0,7.249,0.6749,24.05,20.05
2026-09-07 14:00:00,SHIFT_B,0,37.74,37.96,0.438,0.562,7.252,2.491,3.263,1.003,5.088,4.637,0.996,3,23.31,0,0.0,7.252,0.6845,23.88,19.88
2026-09-07 14:15:00,SHIFT_B,0,37.7,39.73,0.438,0.562,7.173,2.485,3.108,1.135,5.395,4.563,0.948,3,22.88,0,0.0,7.173,0.6954,23.494,19.494
2026-09-07 14:30:00,SHIFT_B,0,37.66,39.59,0.438,0.562,7.054,2.78,2.989,1.117,5.234,4.085,0.903,3,22.67,0,0.0,7.054,0.644,23.061,19.061
2026-09-07 14:45:00,SHIFT_B,0,37.61,37.67,0.438,0.562,7.81,2.807,3.304,1.129,5.489,4.272,0.943,2,26.63,0,0.0,6.082,1.25,22.336,18.336
2026-09-07 15:00:00,SHIFT_B,0,37.56,37.64,0.44,0.56,7.395,2.447,3.003,1.19,5.406,4.281,0.96,3,26.29,1.728,2.611,9.124,0.919,23.134,19.134
2026-09-07 15:15:00,SHIFT_B,0,37.5,36.93,0.44,0.56,7.255,2.9,2.891,1.107,5.197,4.628,0.997,3,25.94,0,0.0,7.255,0.6968,23.069,19.069
2026-09-07 15:30:00,SHIFT_B,0,37.43,38.21,0.44,0.56,7.789,2.545,2.731,0.991,4.728,4.46,0.902,3,25.64,0,0.0,7.789,0.6949,23.143,19.143
2026-09-07 15:45:00,SHIFT_B,0,37.35,37.46,0.44,0.56,7.618,3.1,3.27,1.078,5.551,4.295,0.85,2,25.45,0,0.0,6.175,1.2338,22.485,18.485
2026-09-07 16:00:00,SHIFT_B,0,37.27,37.49,0.442,0.558,7.513,2.444,3.07,1.139,5.526,4.198,0.988,2,30.13,1.444,3.674,5.893,1.25,21.682,17.682
2026-09-07 16:15:00,SHIFT_B,0,37.19,36.81,0.442,0.558,7.848,2.782,2.843,1.075,5.599,4.552,0.876,3,29.77,3.064,5.049,9.102,1.1988,22.553,18.553
2026-09-07 16:30:00,SHIFT_B,0,37.1,38.13,0.442,0.558,7.272,2.707,3.211,1.251,5.455,4.426,1.029,3,29.41,1.81,2.825,9.082,0.945,23.281,19.281
2026-09-07 16:45:00,SHIFT_B,0,37.0,37.92,0.442,0.558,7.351,2.5,3.035,1.154,5.015,4.807,1.014,3,29.15,0,0.0,7.351,0.7096,23.164,19.164
2026-09-07 17:00:00,SHIFT_B,0,36.9,35.74,0.444,0.556,7.694,2.996,2.649,1.233,4.573,3.958,0.942,3,28.89,0,0.0,7.694,0.6632,23.438,19.438
2026-09-07 17:15:00,SHIFT_B,0,36.8,37.89,0.444,0.556,6.797,2.646,2.687,1.024,4.853,4.49,0.818,3,28.68,0,0.0,6.797,0.6122,23.047,19.047
2026-09-07 17:30:00,SHIFT_B,0,36.69,35.64,0.444,0.556,7.537,2.617,2.842,1.454,5.117,4.15,1.049,3,28.56,0,0.0,7.537,0.7143,23.252,19.252
2026-09-07 17:45:00,SHIFT_B,0,36.58,36.33,0.444,0.556,7.322,3.328,2.94,0.934,5.1,4.321,1.073,3,28.33,0,0.0,7.322,0.6738,23.28,19.28
2026-09-07 18:00:00,SHIFT_B,0,36.47,35.14,0.446,0.554,6.812,2.552,2.507,1.132,5.108,4.475,1.097,3,27.99,0,0.0,6.812,0.6479,23.171,19.171
2026-09-07 18:15:00,SHIFT_B,0,36.35,35.89,0.446,0.554,6.767,2.299,2.927,1.166,5.116,4.567,0.941,3,27.56,0,0.0,6.767,0.6423,22.965,18.965
2026-09-07 18:30:00,SHIFT_B,0,36.23,34.62,0.446,0.554,6.796,3.336,2.771,1.179,5.223,3.776,0.938,3,27.26,0,0.0,6.796,0.6083,22.901,18.901
2026-09-07 18:45:00,SHIFT_B,0,36.12,35.69,0.446,0.554,7.022,2.47,3.122,1.129,5.392,3.83,0.899,3,27.03,0,0.0,7.022,0.636,22.844,18.844
2026-09-07 19:00:00,SHIFT_B,0,31.68,31.69,0.449,0.551,5.913,3.581,2.891,1.123,5.442,4.119,0.841,3,26.72,0,0.0,5.913,0.5487,22.631,18.631
2026-09-07 19:15:00,SHIFT_B,0,31.58,29.09,0.449,0.551,6.329,2.638,2.932,1.222,5.763,4.175,0.903,3,26.23,0,0.0,6.329,0.6147,22.887,18.887
2026-09-07 19:30:00,SHIFT_B,0,35.77,38.74,0.449,0.551,7.292,2.879,2.781,1.193,5.436,4.354,0.991,3,25.99,0,0.0,7.292,0.703,22.658,18.658
2026-09-07 19:45:00,SHIFT_B,0,35.65,35.77,0.449,0.551,7.019,3.121,3.463,1.073,4.67,4.158,0.799,3,25.57,0,0.0,7.019,0.6047,22.591,18.591
2026-09-07 20:00:00,SHIFT_B,0,35.53,35.76,0.452,0.548,7.189,3.248,3.137,1.359,5.443,4.202,0.953,3,25.23,0,0.0,7.189,0.692,22.61,18.61
2026-09-07 20:15:00,SHIFT_B,0,35.42,35.69,0.452,0.548,7.148,2.787,2.966,1.089,5.126,4.157,1.052,3,24.84,0,0.0,7.148,0.6574,22.615,18.615
2026-09-07 20:30:00,SHIFT_B,0,35.31,36.68,0.452,0.548,6.896,2.784,2.967,0.969,5.578,4.152,0.936,3,24.55,0,0.0,6.896,0.6461,22.395,18.395
2026-09-07 20:45:00,SHIFT_B,0,35.2,36.47,0.452,0.548,6.572,3.093,3.083,1.207,5.65,4.131,1.005,3,24.03,0,0.0,6.572,0.6346,22.035,18.035
2026-09-07 21:00:00,SHIFT_B,0,35.1,36.92,0.455,0.545,6.984,3.02,2.993,1.161,5.131,4.042,0.905,3,23.56,0,0.0,6.984,0.6321,21.835,17.835
2026-09-07 21:15:00,SHIFT_B,0,35.0,35.44,0.455,0.545,7.373,3.225,3.179,1.325,5.36,4.639,0.985,3,23.23,0,0.0,7.373,0.7335,21.977,17.977
2026-09-07 21:30:00,SHIFT_B,0,34.9,33.21,0.455,0.545,7.186,2.755,2.804,1.046,5.61,3.847,0.939,3,22.94,0,0.0,7.186,0.6621,22.249,18.249
2026-09-07 21:45:00,SHIFT_B,0,34.81,34.94,0.455,0.545,7.034,3.106,2.627,1.185,5.011,4.222,0.93,3,22.69,0,0.0,7.034,0.6427,22.273,18.273
2026-09-07 22:00:00,SHIFT_C,0,27.01,28.08,0.458,0.542,5.005,2.011,3.185,1.192,5.493,4.497,0.994,3,22.27,0,0.0,5.005,0.4907,21.967,17.967
2026-09-07 22:15:00,SHIFT_C,0,26.95,25.09,0.458,0.542,5.014,2.779,3.419,1.407,5.142,3.975,0.979,2,21.97,0,0.0,5.014,0.6966,21.965,17.965
2026-09-07 22:30:00,SHIFT_C,0,26.89,26.99,0.458,0.542,5.072,2.461,3.229,1.047,4.876,4.054,0.911,3,21.47,0,0.0,5.072,0.4447,21.802,17.802
2026-09-07 22:45:00,SHIFT_C,0,26.84,27.77,0.458,0.542,5.438,2.207,3.095,1.032,5.242,4.345,0.918,3,21.23,0,0.0,5.438,0.5051,21.744,17.744
2026-09-07 23:00:00,SHIFT_C,0,26.79,26.98,0.461,0.539,5.447,2.635,3.102,1.108,4.86,4.167,0.945,3,20.84,0,0.0,5.447,0.4859,21.769,17.769
2026-09-07 23:15:00,SHIFT_C,0,26.74,27.53,0.461,0.539,5.087,2.935,2.869,1.234,5.018,4.108,1.046,3,20.33,0,0.0,5.087,0.4672,21.56,17.56
2026-09-07 23:30:00,SHIFT_C,0,26.71,25.88,0.461,0.539,5.632,2.176,3.105,1.106,5.059,4.385,1.143,2,24.72,0,0.0,5.632,0.8183,21.788,17.788
2026-09-07 23:45:00,SHIFT_C,0,26.67,28.74,0.461,0.539,5.315,2.708,2.955,1.198,5.942,3.916,0.869,3,24.55,0,0.0,5.315,0.5103,21.571,17.571
2026-09-08 00:00:00,SHIFT_C,0,26.65,26.37,0.456,0.544,5.135,2.693,2.935,1.025,5.102,3.98,0.964,3,24.22,0,0.0,5.135,0.4578,21.502,17.502
2026-09-08 00:15:00,SHIFT_C,0,26.63,27.04,0.456,0.544,5.844,2.752,2.854,1.169,5.545,4.227,1.032,3,23.7,0,0.0,5.844,0.5634,21.719,17.719
2026-09-08 00:30:00,SHIFT_C,0,26.61,28.94,0.456,0.544,5.336,2.547,3.057,1.325,4.979,4.209,1.021,3,23.3,0,0.0,5.336,0.4956,21.493,17.493
2026-09-08 00:45:00,SHIFT_C,0,26.6,27.69,0.456,0.544,5.632,2.164,2.992,1.096,5.307,4.281,0.92,3,23.2,0,0.0,5.632,0.5262,21.54,17.54
2026-09-08 01:00:00,SHIFT_C,0,26.6,25.36,0.459,0.541,5.696,2.711,3.013,1.329,5.256,4.093,0.885,3,22.88,0,0.0,5.696,0.5303,21.852,17.852
2026-09-08 01:15:00,SHIFT_C,0,26.6,24.62,0.459,0.541,5.48,2.464,3.111,1.145,4.557,4.126,1.033,2,27.39,0,0.0,5.48,0.7188,22.13,18.13
2026-09-08 01:30:00,SHIFT_C,0,26.61,25.43,0.459,0.541,5.788,2.456,3.014,1.369,5.259,4.357,0.835,3,27.07,0,0.0,5.788,0.5508,22.481,18.481
2026-09-08 01:45:00,SHIFT_C,0,26.63,25.4,0.459,0.541,5.842,2.586,3.192,1.033,5.325,4.151,1.03,3,26.74,0,0.0,5.842,0.5428,22.862,18.862
2026-09-08 02:00:00,SHIFT_C,0,26.65,26.69,0.463,0.537,5.542,2.518,3.022,1.229,4.636,4.395,0.913,3,26.46,0,0.0,5.542,0.4985,22.964,18.964
2026-09-08 02:15:00,SHIFT_C,0,26.67,25.57,0.463,0.537,5.182,2.611,2.828,1.165,5.117,4.451,0.947,3,26.14,0,0.0,5.182,0.4873,22.998,18.998
2026-09-08 02:30:00,SHIFT_C,0,26.71,27.65,0.463,0.537,4.882,2.331,3.0,1.174,5.457,4.417,0.943,3,25.91,0,0.0,4.882,0.4713,22.673,18.673
2026-09-08 02:45:00,SHIFT_C,0,26.74,29.55,0.463,0.537,5.959,2.876,2.822,1.093,5.393,4.238,1.03,3,25.49,0,0.0,5.959,0.5639,22.697,18.697
2026-09-08 03:00:00,SHIFT_C,0,26.79,26.79,0.466,0.534,5.324,2.588,3.318,1.166,5.248,4.418,0.925,3,25.15,0,0.0,5.324,0.504,22.68,18.68
2026-09-08 03:15:00,SHIFT_C,0,26.84,25.36,0.466,0.534,4.808,2.974,3.086,1.266,5.231,4.188,0.95,2,30.4,0,0.0,4.808,0.6756,22.547,18.547
2026-09-08 03:30:00,SHIFT_C,0,26.89,25.71,0.466,0.534,5.156,2.261,3.148,1.067,5.5,4.244,0.956,3,30.09,0,0.0,5.156,0.4885,22.554,18.554
2026-09-08 03:45:00,SHIFT_C,0,26.95,28.43,0.466,0.534,5.037,2.784,2.935,1.139,5.139,4.065,0.865,3,29.86,0,0.0,5.037,0.4546,22.23,18.23
2026-09-08 04:00:00,SHIFT_C,0,27.01,25.84,0.47,0.53,4.974,2.691,2.933,1.153,5.334,4.64,1.04,3,29.47,0,0.0,4.974,0.4873,22.133,18.133
2026-09-08 04:15:00,SHIFT_C,0,27.08,28.43,0.47,0.53,5.62,2.883,3.099,0.913,5.463,4.471,0.971,3,29.22,0,0.0,5.62,0.5348,22.1,18.1
2026-09-08 04:30:00,SHIFT_C,0,27.15,25.82,0.47,0.53,6.072,2.804,2.995,1.168,5.395,4.221,0.87,3,28.89,0,0.0,6.072,0.5697,22.554,18.554
2026-09-08 04:45:00,SHIFT_C,0,27.22,27.55,0.47,0.53,5.381,2.409,2.776,1.076,5.273,3.609,0.842,3,28.67,0,0.0,5.381,0.4679,22.489,18.489
2026-09-08 05:00:00,SHIFT_C,0,27.3,28.8,0.474,0.526,5.814,2.243,3.4,1.122,5.043,4.433,0.955,3,28.43,0,0.0,5.814,0.5408,22.516,18.516
2026-09-08 05:15:00,SHIFT_C,0,27.38,26.54,0.474,0.526,5.684,2.559,2.929,0.969,5.705,4.323,1.039,3,28.33,0,0.0,5.684,0.5508,22.704,18.704
2026-09-08 05:30:00,SHIFT_C,0,27.46,28.38,0.474,0.526,5.797,2.654,2.562,1.168,5.011,4.556,0.834,3,27.93,0,0.0,5.797,0.5399,22.764,18.764
2026-09-08 05:45:00,SHIFT_C,0,27.55,26.1,0.474,0.526,6.343,2.548,3.321,0.998,4.714,4.175,0.965,3,27.85,0,0.0,6.343,0.5542,23.325,19.325
2026-09-08 06:00:00,SHIFT_A,0,33.56,34.95,0.478,0.522,7.375,3.105,3.234,1.079,5.013,4.175,0.895,3,27.49,0,0.0,7.375,0.6629,23.518,19.518
2026-09-08 06:15:00,SHIFT_A,0,33.67,31.93,0.478,0.522,6.796,3.047,2.786,0.992,4.736,4.508,1.121,3,27.27,0,0.0,6.796,0.6214,23.722,19.722
2026-09-08 06:30:00,SHIFT_A,0,33.78,35.84,0.478,0.522,6.579,3.286,2.891,1.328,5.215,3.825,0.91,3,27.04,0,0.0,6.579,0.5973,23.428,19.428
2026-09-08 06:45:00,SHIFT_A,0,33.89,34.83,0.478,0.522,6.482,3.553,2.956,1.017,5.364,4.111,1.045,3,26.63,0,0.0,6.482,0.602,23.186,19.186
2026-09-08 07:00:00,SHIFT_A,0,34.0,32.84,0.482,0.518,6.344,3.302,2.836,1.049,5.145,4.204,1.004,3,26.31,0,0.0,6.344,0.5825,23.074,19.074
2026-09-08 07:15:00,SHIFT_A,0,34.11,33.7,0.482,0.518,6.888,3.157,3.384,1.214,5.341,4.255,1.01,3,25.98,0,0.0,6.888,0.6555,23.148,19.148
2026-09-08 07:30:00,SHIFT_A,0,34.22,34.3,0.482,0.518,7.431,3.251,2.772,1.231,5.2,4.639,0.893,3,25.6,0,0.0,7.431,0.7157,23.434,19.434
2026-09-08 07:45:00,SHIFT_A,0,34.33,35.7,0.482,0.518,6.447,2.865,2.974,1.205,5.233,4.622,0.982,3,25.2,0,0.0,6.447,0.6251,23.088,19.088
2026-09-08 08:00:00,SHIFT_A,0,34.44,35.98,0.486,0.514,7.389,3.047,3.105,1.251,5.321,4.066,0.974,3,24.9,0,0.0,7.389,0.6908,23.184,19.184
2026-09-08 08:15:00,SHIFT_A,0,34.55,32.9,0.486,0.514,6.866,3.213,2.912,0.922,5.577,4.255,0.81,3,24.66,0,0.0,6.866,0.6392,23.327,19.327
2026-09-08 08:30:00,SHIFT_A,0,34.65,35.86,0.486,0.514,6.928,2.946,2.862,1.101,5.093,4.392,0.898,3,24.27,0,0.0,6.928,0.6405,23.205,19.205
2026-09-08 08:45:00,SHIFT_A,0,34.75,34.38,0.486,0.514,7.206,2.919,3.041,1.18,4.994,4.147,0.995,3,23.94,0,0.0,7.206,0.6565,23.37,19.37
2026-09-08 09:00:00,SHIFT_A,0,34.85,32.5,0.49,0.51,6.744,2.951,2.647,1.111,5.579,4.008,0.925,3,23.51,0,0.0,6.744,0.6311,23.492,19.492
2026-09-08 09:15:00,SHIFT_A,0,34.94,34.74,0.49,0.51,7.137,3.157,2.883,1.071,4.866,4.449,0.985,3,23.11,0,0.0,7.137,0.6534,23.587,19.587
2026-09-08 09:30:00,SHIFT_A,0,35.03,33.69,0.49,0.51,7.19,2.553,2.597,1.042,4.966,4.119,0.918,3,22.72,0,0.0,7.19,0.6394,23.813,19.813
2026-09-08 09:45:00,SHIFT_A,0,35.12,36.85,0.49,0.51,7.09,2.974,2.892,1.214,5.467,4.672,0.775,3,22.33,0,0.0,7.09,0.6923,23.673,19.673
2026-09-08 10:00:00,SHIFT_A,0,35.2,32.76,0.494,0.506,7.063,2.727,2.85,1.236,4.864,3.994,0.895,3,22.18,0,0.0,7.063,0.625,23.929,19.929
2026-09-08 10:15:00,SHIFT_A,0,35.28,35.28,0.494,0.506,7.197,2.955,3.302,1.136,5.053,4.482,0.819,3,21.87,0,0.0,7.197,0.6658,23.999,19.999
2026-09-08 10:30:00,SHIFT_A,0,35.35,36.74,0.494,0.506,7.447,2.806,2.909,1.189,4.658,4.463,0.994,3,21.72,0,0.0,7.447,0.6777,24.048,20.048
2026-09-08 10:45:00,SHIFT_A,0,35.41,36.4,0.494,0.506,7.149,2.872,2.8,1.038,5.438,4.536,0.811,3,21.2,0,0.0,7.149,0.6805,23.982,19.982
2026-09-08 11:00:00,SHIFT_A,0,35.47,35.18,0.499,0.501,7.002,2.84,3.071,1.0,5.138,3.827,0.856,3,20.85,0,0.0,7.002,0.6101,23.964,19.964
2026-09-08 11:15:00,SHIFT_A,0,35.52,33.07,0.499,0.501,7.272,2.924,2.958,1.257,5.013,4.164,0.997,2,25.19,0,0.0,6.515,1.1163,23.915,19.915
2026-09-08 11:30:00,SHIFT_A,0,31.3,34.26,0.499,0.501,6.03,2.493,3.076,1.079,5.778,4.665,0.872,3,24.73,0.758,1.134,6.788,0.6773,23.883,19.883
2026-09-08 11:45:00,SHIFT_A,0,31.34,34.49,0.499,0.501,6.48,3.048,3.306,1.089,5.06,4.208,0.869,3,24.53,0,0.0,6.48,0.5857,23.673,19.673
2026-09-08 12:00:00,SHIFT_A,0,35.64,35.18,0.504,0.496,6.662,2.671,3.009,1.217,4.841,4.456,0.931,2,29.58,0,0.0,6.662,0.9937,23.487,19.487
2026-09-08 12:15:00,SHIFT_A,0,35.67,36.32,0.504,0.496,7.146,2.714,3.014,1.155,4.665,4.472,0.934,3,29.05,0,0.0,7.146,0.6459,23.427,19.427
2026-09-08 12:30:00,SHIFT_A,0,35.69,36.95,0.504,0.496,7.056,2.897,2.616,1.053,5.485,4.239,0.96,3,28.61,0,0.0,7.056,0.6667,23.26,19.26
2026-09-08 12:45:00,SHIFT_A,0,35.7,36.41,0.504,0.496,7.458,2.809,2.985,1.223,5.219,4.347,0.945,3,28.19,0,0.0,7.458,0.7047,23.348,19.348
2026-09-08 13:00:00,SHIFT_A,0,35.7,36.63,0.508,0.492,7.963,2.856,2.775,1.214,4.77,4.6,0.952,3,27.66,0,0.0,7.963,0.7453,23.667,19.667
2026-09-08 13:15:00,SHIFT_A,0,35.7,32.07,0.508,0.492,7.038,2.774,2.96,1.171,5.148,4.261,0.944,3,27.25,0,0.0,7.038,0.6531,23.979,19.979
2026-09-08 13:30:00,SHIFT_A,0,35.69,37.6,0.508,0.492,7.51,2.895,3.208,1.254,4.885,4.735,1.055,3,26.83,0,0.0,7.51,0.7218,23.974,19.974
2026-09-08 13:45:00,SHIFT_A,0,35.67,35.38,0.508,0.492,7.422,3.058,3.069,1.153,5.334,4.593,0.982,3,26.51,0,0.0,7.422,0.721,24.147,20.147
2026-09-08 14:00:00,SHIFT_B,0,37.74,39.21,0.513,0.487,7.4,2.742,3.53,1.226,4.932,4.377,0.969,3,26.17,0,0.0,7.4,0.6854,23.926,19.926
2026-09-08 14:15:00,SHIFT_B,0,37.7,39.44,0.513,0.487,7.576,3.183,3.185,1.346,4.853,4.298,0.939,3,25.91,0,0.0,7.576,0.6976,23.771,19.771
2026-09-08 14:30:00,SHIFT_B,0,37.66,36.78,0.513,0.487,7.041,2.883,2.989,1.059,5.343,4.262,0.836,3,25.47,0,0.0,7.041,0.6519,23.613,19.613
2026-09-08 14:45:00,SHIFT_B,0,37.61,39.96,0.513,0.487,7.431,2.402,2.954,1.203,5.21,4.435,0.97,3,25.33,0,0.0,7.431,0.7071,23.332,19.332
2026-09-08 15:00:00,SHIFT_B,0,37.56,37.18,0.518,0.482,7.034,2.794,2.7,1.329,5.434,4.51,0.914,3,25.04,0,0.0,7.034,0.6902,23.131,19.131
2026-09-08 15:15:00,SHIFT_B,0,37.5,39.24,0.518,0.482,7.854,2.408,3.371,1.157,5.354,4.058,0.839,3,24.64,0,0.0,7.854,0.7218,23.134,19.134
2026-09-08 15:30:00,SHIFT_B,0,37.43,36.48,0.518,0.482,7.406,2.552,3.191,1.221,5.145,4.159,1.042,3,24.38,0,0.0,7.406,0.6897,23.189,19.189
2026-09-08 15:45:00,SHIFT_B,0,37.35,37.53,0.518,0.482,7.736,2.417,2.834,1.132,4.83,4.632,0.836,3,24.17,0,0.0,7.736,0.712,23.303,19.303
2026-09-08 16:00:00,SHIFT_B,0,37.27,38.27,0.523,0.477,7.476,2.931,2.785,1.212,4.352,4.347,0.769,3,24.03,0,0.0,7.476,0.6429,23.215,19.215
2026-09-08 16:15:00,SHIFT_B,0,37.19,36.8,0.523,0.477,8.019,2.606,2.821,1.154,4.547,3.772,0.989,3,23.68,0,0.0,8.019,0.6754,23.544,19.544
2026-09-08 16:30:00,SHIFT_B,0,37.1,37.68,0.523,0.477,7.993,2.826,2.956,1.162,4.831,4.088,1.024,3,23.34,0,0.0,7.993,0.7147,23.773,19.773
2026-09-08 16:45:00,SHIFT_B,0,37.0,37.3,0.523,0.477,6.961,2.856,3.075,1.055,5.326,4.091,0.929,3,22.93,0,0.0,6.961,0.639,23.523,19.523
2026-09-08 17:00:00,SHIFT_B,0,36.9,36.04,0.527,0.473,7.798,2.576,2.896,1.107,5.207,4.173,0.906,3,22.72,0,0.0,7.798,0.7153,23.819,19.819
2026-09-08 17:15:00,SHIFT_B,0,36.8,36.54,0.527,0.473,7.128,2.78,3.22,1.139,5.106,4.101,0.949,2,27.08,0,0.0,6.662,1.07,23.495,19.495
2026-09-08 17:30:00,SHIFT_B,0,36.69,36.09,0.527,0.473,6.381,3.048,3.054,1.206,5.13,4.33,0.848,3,26.73,0.467,0.649,6.848,0.6349,23.311,19.311
2026-09-08 17:45:00,SHIFT_B,0,36.58,34.05,0.527,0.473,7.298,2.361,2.824,1.254,5.583,4.183,0.885,3,26.39,0,0.0,7.298,0.6995,23.555,19.555
2026-09-08 18:00:00,SHIFT_B,0,36.47,36.15,0.532,0.468,11.251,2.972,3.104,1.18,5.3,4.301,0.946,3,26.02,0,0.0,9.361,1.2019,24.385,20.385
2026-09-08 18:15:00,SHIFT_B,0,36.35,36.97,0.532,0.468,10.407,2.656,2.936,1.277,5.389,4.398,0.941,3,25.74,1.89,3.221,8.801,1.25,24.303,20.303
2026-09-08 18:30:00,SHIFT_B,0,36.23,34.97,0.532,0.468,10.749,2.752,2.942,1.173,5.793,4.454,0.92,3,25.24,3.496,6.139,8.542,1.25,24.503,20.503
2026-09-08 18:45:00,SHIFT_B,0,36.12,35.12,0.532,0.468,10.826,2.636,2.912,1.207,4.939,4.343,0.887,3,24.78,5.703,9.35,9.149,1.25,24.488,20.488
2026-09-08 19:00:00,SHIFT_B,0,31.68,30.1,0.537,0.463,6.116,3.043,3.011,1.486,5.111,4.045,0.903,3,24.46,7.38,12.251,9.036,1.25,24.99,20.99
2026-09-08 19:15:00,SHIFT_B,0,31.58,33.57,0.537,0.463,6.467,2.714,3.229,1.163,5.567,4.592,1.021,3,24.12,4.46,7.536,8.878,1.2309,24.643,20.643
2026-09-08 19:30:00,SHIFT_B,0,35.77,35.42,0.537,0.463,7.108,2.688,2.897,1.002,5.396,4.319,0.996,3,23.87,2.05,3.06,9.158,0.9114,24.458,20.458
2026-09-08 19:45:00,SHIFT_B,0,35.65,32.57,0.537,0.463,6.566,3.347,2.872,1.035,5.27,4.124,1.045,3,23.61,0,0.0,6.566,0.6066,24.485,20.485
2026-09-08 20:00:00,SHIFT_B,0,35.53,36.35,0.542,0.458,7.158,3.064,3.11,1.034,5.073,4.3,0.926,3,23.12,0,0.0,7.158,0.6531,24.365,20.365
2026-09-08 20:15:00,SHIFT_B,0,35.42,36.5,0.542,0.458,6.957,3.032,2.867,1.208,4.657,4.363,0.925,3,22.88,0,0.0,6.957,0.6247,24.193,20.193
2026-09-08 20:30:00,SHIFT_B,0,35.31,33.8,0.542,0.458,7.358,3.308,2.991,1.25,5.037,4.589,0.897,3,22.68,0,0.0,7.358,0.6974,24.492,20.492
2026-09-08 20:45:00,SHIFT_B,0,35.2,33.71,0.542,0.458,7.259,2.962,3.096,1.292,4.813,4.726,1.086,3,22.4,0,0.0,7.259,0.6965,24.629,20.629
2026-09-08 21:00:00,SHIFT_B,0,35.1,35.78,0.547,0.453,7.278,2.455,3.18,1.215,4.65,3.955,0.986,2,26.27,0,0.0,6.993,1.0408,24.422,20.422
2026-09-08 21:15:00,SHIFT_B,0,35.0,35.49,0.547,0.453,7.152,2.719,2.505,1.182,5.485,4.386,0.989,3,26.0,0.285,0.415,7.437,0.7213,24.451,20.451
2026-09-08 21:30:00,SHIFT_B,0,34.9,33.2,0.547,0.453,7.343,3.098,3.151,1.252,5.409,4.059,0.98,3,25.74,0,0.0,7.343,0.6918,24.68,20.68
2026-09-08 21:45:00,SHIFT_B,0,34.81,34.02,0.547,0.453,7.384,3.177,3.199,1.061,5.657,3.97,0.955,3,25.19,0,0.0,7.384,0.6923,24.598,20.598
2026-09-08 22:00:00,SHIFT_C,0,27.01,28.27,0.552,0.448,5.297,2.735,3.076,1.054,5.042,3.817,1.004,3,24.98,0,0.0,5.297,0.4657,24.419,20.419
2026-09-08 22:15:00,SHIFT_C,0,26.95,27.45,0.552,0.448,5.398,2.39,3.011,1.153,5.639,4.33,1.084,3,24.73,0,0.0,5.398,0.5304,24.374,20.374
2026-09-08 22:30:00,SHIFT_C,0,26.89,25.41,0.552,0.448,5.113,2.412,2.855,1.229,4.771,4.076,0.907,3,24.48,0,0.0,5.113,0.4522,24.389,20.389
2026-09-08 22:45:00,SHIFT_C,0,26.84,26.81,0.552,0.448,4.274,2.251,2.96,1.153,5.159,4.117,0.889,3,23.98,0,0.0,4.274,0.3895,23.846,19.846
2026-09-08 23:00:00,SHIFT_C,0,26.79,25.22,0.557,0.443,5.562,2.035,2.894,0.978,5.027,4.264,1.034,3,23.53,0,0.0,5.562,0.5062,24.105,20.105
2026-09-08 23:15:00,SHIFT_C,0,26.74,28.29,0.557,0.443,5.177,2.776,2.863,1.145,5.238,4.092,0.9,3,23.25,0,0.0,5.177,0.4742,23.865,19.865
2026-09-08 23:30:00,SHIFT_C,0,26.71,24.16,0.557,0.443,5.103,2.236,3.458,1.107,5.216,4.368,0.877,3,23.05,0,0.0,5.103,0.4753,24.0,20.0
2026-09-08 23:45:00,SHIFT_C,0,26.67,26.31,0.557,0.443,5.147,2.652,3.101,1.148,5.224,4.401,1.017,3,22.8,0,0.0,5.147,0.4886,23.943,19.943
2026-09-09 00:00:00,SHIFT_C,0,26.65,24.45,0.55,0.45,5.383,2.392,2.907,1.13,5.368,4.491,1.013,3,22.56,0,0.0,5.383,0.5201,24.189,20.189
2026-09-09 00:15:00,SHIFT_C,0,26.63,28.49,0.55,0.45,5.497,2.343,3.033,1.069,5.353,4.134,0.996,3,22.2,0,0.0,5.497,0.5112,24.089,20.089
2026-09-09 00:30:00,SHIFT_C,0,26.61,26.93,0.55,0.45,4.461,2.013,3.22,1.376,4.988,4.463,0.952,3,22.03,0,0.0,4.461,0.423,23.626,19.626
2026-09-09 00:45:00,SHIFT_C,0,26.6,30.22,0.55,0.45,5.87,2.775,3.142,1.148,4.969,3.983,0.877,3,21.87,0,0.0,5.87,0.5188,23.54,19.54
2026-09-09 01:00:00,SHIFT_C,0,26.6,27.71,0.555,0.445,5.403,2.508,2.849,1.084,5.496,4.625,0.874,3,21.55,0,0.0,5.403,0.5255,23.47,19.47
2026-09-09 01:15:00,SHIFT_C,0,26.6,25.99,0.555,0.445,5.838,2.807,2.924,1.267,5.656,4.31,0.995,3,21.1,0,0.0,5.838,0.5748,23.79,19.79
2026-09-09 01:30:00,SHIFT_C,0,26.61,24.78,0.555,0.445,4.603,2.565,2.905,1.262,5.141,4.468,0.991,3,20.72,0,0.0,4.603,0.4397,23.613,19.613
2026-09-09 01:45:00,SHIFT_C,0,26.63,26.78,0.555,0.445,5.424,2.581,3.457,1.337,5.24,4.154,0.887,3,20.36,0,0.0,5.424,0.5074,23.647,19.647
2026-09-09 02:00:00,SHIFT_C,0,26.65,26.42,0.56,0.44,5.163,2.397,3.255,1.321,5.148,4.094,0.985,2,24.57,0,0.0,5.163,0.7202,23.587,19.587
2026-09-09 02:15:00,SHIFT_C,0,26.67,24.78,0.56,0.44,5.61,3.141,3.046,1.092,5.601,4.174,0.895,3,24.35,0,0.0,5.61,0.5313,23.914,19.914
2026-09-09 02:30:00,SHIFT_C,0,26.71,25.07,0.56,0.44,4.883,2.752,2.869,1.096,4.844,4.226,1.077,3,24.19,0,0.0,4.883,0.442,23.849,19.849
2026-09-09 02:45:00,SHIFT_C,0,26.74,26.99,0.56,0.44,5.035,2.63,2.729,1.148,5.387,3.762,0.941,3,23.71,0,0.0,5.035,0.4556,23.668,19.668
2026-09-09 03:00:00,SHIFT_C,0,26.79,26.12,0.565,0.435,4.834,2.4,3.125,1.156,5.015,3.94,0.934,3,23.42,0,0.0,4.834,0.4299,23.473,19.473
2026-09-09 03:15:00,SHIFT_C,0,26.84,25.42,0.565,0.435,5.113,2.496,3.163,1.068,5.327,4.28,0.961,3,23.02,0,0.0,5.113,0.4791,23.487,19.487
2026-09-09 03:30:00,SHIFT_C,0,26.89,28.18,0.565,0.435,5.438,2.681,2.942,1.094,5.502,4.402,0.878,2,27.15,0,0.0,5.438,0.7978,23.388,19.388
2026-09-09 03:45:00,SHIFT_C,0,26.95,25.78,0.565,0.435,5.305,2.503,3.224,1.192,5.093,4.372,1.034,3,26.94,0,0.0,5.305,0.4994,23.463,19.463
2026-09-09 04:00:00,SHIFT_C,0,27.01,28.89,0.57,0.43,5.746,2.624,3.009,1.049,5.647,4.566,0.996,3,26.67,0,0.0,5.746,0.5671,23.447,19.447
2026-09-09 04:15:00,SHIFT_C,0,27.08,26.8,0.57,0.43,5.291,2.754,3.062,1.073,5.156,4.464,0.757,3,26.52,0,0.0,5.291,0.4877,23.412,19.412
2026-09-09 04:30:00,SHIFT_C,0,27.15,26.58,0.57,0.43,5.669,2.378,2.737,1.147,5.152,3.939,0.867,3,26.3,0,0.0,5.669,0.507,23.589,19.589
2026-09-09 04:45:00,SHIFT_C,0,27.22,23.74,0.57,0.43,5.52,2.342,3.094,1.121,5.574,3.902,0.83,3,26.15,0,0.0,5.52,0.5079,23.975,19.975
2026-09-09 05:00:00,SHIFT_C,0,27.3,26.93,0.575,0.425,5.509,2.73,3.085,1.145,5.208,4.321,0.989,3,25.84,0,0.0,5.509,0.5173,24.036,20.036
2026-09-09 05:15:00,SHIFT_C,0,27.38,26.37,0.575,0.425,5.79,2.457,2.968,1.169,5.198,4.254,0.827,3,25.57,0,0.0,5.79,0.5336,24.294,20.294
2026-09-09 05:30:00,SHIFT_C,0,27.46,28.12,0.575,0.425,5.582,2.498,3.259,1.062,5.19,4.141,0.843,3,25.29,0,0.0,5.582,0.505,24.274,20.274
2026-09-09 05:45:00,SHIFT_C,0,27.55,29.74,0.575,0.425,5.681,2.269,3.027,1.022,4.934,3.945,0.897,3,24.79,0,0.0,5.681,0.4939,24.141,20.141
2026-09-09 06:00:00,SHIFT_A,0,33.56,33.35,0.58,0.42,6.635,3.495,3.189,1.187,5.048,4.023,1.016,3,24.49,0,0.0,6.635,0.6023,24.123,20.123
2026-09-09 06:15:00,SHIFT_A,0,33.67,35.84,0.58,0.42,7.298,3.197,3.032,1.222,5.766,3.925,0.972,3,24.12,0,0.0,7.298,0.6985,24.188,20.188
2026-09-09 06:30:00,SHIFT_A,0,33.78,34.6,0.58,0.42,7.059,3.098,2.64,1.05,5.476,4.224,0.869,3,23.71,0,0.0,7.059,0.6603,24.258,20.258
2026-09-09 06:45:00,SHIFT_A,0,33.89,36.18,0.58,0.42,6.821,3.437,2.883,1.196,4.819,3.841,0.904,3,23.5,0,0.0,6.821,0.5909,24.051,20.051
2026-09-09 07:00:00,SHIFT_A,0,34.0,33.17,0.585,0.415,6.703,2.808,2.835,1.157,4.758,3.961,1.084,3,23.2,0,0.0,6.703,0.5915,24.085,20.085
2026-09-09 07:15:00,SHIFT_A,0,34.11,34.57,0.585,0.415,6.68,3.214,2.625,1.195,5.257,4.507,0.883,2,28.21,0,0.0,6.418,1.0408,23.837,19.837
2026-09-09 07:30:00,SHIFT_A,0,34.22,34.34,0.585,0.415,6.967,2.904,3.344,1.192,5.598,4.237,0.931,3,27.8,0.262,0.379,7.229,0.696,24.018,20.018
2026-09-09 07:45:00,SHIFT_A,0,34.33,33.99,0.585,0.415,6.851,3.352,2.578,1.101,5.043,4.241,0.806,3,27.46,0,0.0,6.851,0.6173,24.044,20.044
2026-09-09 08:00:00,SHIFT_A,0,34.44,35.77,0.589,0.411,7.185,2.642,3.113,1.191,4.973,4.197,0.822,3,27.08,0,0.0,7.185,0.6469,24.059,20.059
2026-09-09 08:15:00,SHIFT_A,0,34.55,35.59,0.589,0.411,6.66,3.069,2.732,1.18,4.937,4.049,0.93,3,26.72,0,0.0,6.66,0.595,23.831,19.831
2026-09-09 08:30:00,SHIFT_A,0,34.65,35.5,0.589,0.411,6.956,2.715,3.325,1.13,5.177,3.733,0.996,3,26.51,0,0.0,6.956,0.618,23.758,19.758
2026-09-09 08:45:00,SHIFT_A,0,34.75,32.83,0.589,0.411,6.904,2.827,3.035,1.1,5.326,4.156,0.961,3,26.12,0,0.0,6.904,0.6416,23.927,19.927
2026-09-09 09:00:00,SHIFT_A,0,34.85,33.53,0.594,0.406,6.98,2.902,2.902,1.101,5.349,4.907,1.116,3,25.66,0,0.0,6.98,0.7009,24.063,20.063
2026-09-09 09:15:00,SHIFT_A,0,34.94,34.77,0.594,0.406,7.578,3.212,3.041,1.163,5.789,3.992,1.047,3,25.2,0,0.0,7.578,0.7347,24.375,20.375
2026-09-09 09:30:00,SHIFT_A,0,35.03,36.17,0.594,0.406,7.595,2.815,2.904,1.138,5.109,4.433,0.939,3,24.88,0,0.0,7.595,0.7106,24.383,20.383
2026-09-09 09:45:00,SHIFT_A,0,35.12,36.92,0.594,0.406,7.465,3.066,2.821,1.157,5.762,4.803,0.907,3,24.66,0,0.0,7.465,0.7695,24.308,20.308
2026-09-09 10:00:00,SHIFT_A,0,35.2,34.89,0.599,0.401,7.441,2.94,3.42,1.213,5.059,4.202,0.941,3,24.32,0,0.0,7.441,0.6838,24.511,20.511
2026-09-09 10:15:00,SHIFT_A,0,35.28,34.11,0.599,0.401,7.492,3.265,2.954,1.101,5.441,4.257,0.987,3,23.87,0,0.0,7.492,0.7109,24.589,20.589
2026-09-09 10:30:00,SHIFT_A,0,35.35,31.96,0.599,0.401,7.758,2.728,2.441,1.231,5.023,4.048,1.001,3,23.77,0,0.0,7.758,0.7061,24.804,20.804
2026-09-09 10:45:00,SHIFT_A,0,35.41,37.04,0.599,0.401,7.159,2.926,3.004,1.095,5.064,4.346,0.983,3,23.42,0,0.0,7.159,0.6621,24.296,20.296
2026-09-09 11:00:00,SHIFT_A,0,35.47,37.23,0.603,0.397,7.064,2.869,3.121,1.085,4.881,4.403,1.019,3,23.22,0,0.0,7.064,0.6477,24.105,20.105
2026-09-09 11:15:00,SHIFT_A,0,35.52,35.15,0.603,0.397,6.858,2.865,2.965,1.208,4.995,4.596,0.915,3,22.97,0,0.0,6.858,0.6468,24.02,20.02
2026-09-09 11:30:00,SHIFT_A,0,31.3,31.85,0.603,0.397,5.85,2.9,2.699,1.23,5.192,4.09,0.796,3,22.68,0,0.0,5.85,0.5326,23.76,19.76
2026-09-09 11:45:00,SHIFT_A,0,31.34,30.26,0.603,0.397,6.569,3.215,2.873,1.12,4.925,4.667,0.852,3,22.31,0,0.0,6.569,0.6116,24.018,20.018
2026-09-09 12:00:00,SHIFT_A,0,35.64,34.86,0.608,0.392,7.03,2.609,3.028,1.18,5.076,4.495,0.852,3,21.99,0,0.0,7.03,0.6568,24.048,20.048
2026-09-09 12:15:00,SHIFT_A,0,35.67,36.53,0.608,0.392,7.573,3.375,2.781,1.286,5.14,4.151,0.817,2,26.25,0,0.0,6.447,1.1746,23.619,19.619
2026-09-09 12:30:00,SHIFT_A,0,35.69,36.2,0.608,0.392,7.308,3.02,2.904,1.088,4.522,4.06,1.025,3,25.97,1.126,1.458,8.433,0.7281,24.215,20.215
2026-09-09 12:45:00,SHIFT_A,0,35.7,34.99,0.608,0.392,7.741,3.271,2.817,1.076,5.175,4.745,0.861,3,25.7,0,0.0,7.741,0.7443,24.501,20.501
2026-09-09 13:00:00,SHIFT_A,0,35.7,35.79,0.612,0.388,7.199,3.348,3.125,1.096,5.303,4.66,0.995,3,25.24,0,0.0,7.199,0.6987,24.421,20.421
2026-09-09 13:15:00,SHIFT_A,0,35.7,35.2,0.612,0.388,7.294,2.473,3.103,1.284,5.428,4.099,0.883,3,25.05,0,0.0,7.294,0.6868,24.48,20.48
2026-09-09 13:30:00,SHIFT_A,0,35.69,32.18,0.612,0.388,7.194,2.61,2.98,1.095,4.93,4.664,0.929,3,24.95,0,0.0,7.194,0.673,24.782,20.782
2026-09-09 13:45:00,SHIFT_A,0,35.67,36.62,0.612,0.388,7.22,2.361,3.354,1.284,5.378,4.566,0.987,3,24.66,0,0.0,7.22,0.7101,24.338,20.338
2026-09-09 14:00:00,SHIFT_B,0,37.74,38.1,0.616,0.384,7.5,2.749,3.398,1.082,5.245,4.303,0.878,3,24.38,0,0.0,7.5,0.695,24.19,20.19
2026-09-09 14:15:00,SHIFT_B,0,37.7,38.14,0.616,0.384,7.166,2.669,3.311,1.207,5.334,4.29,0.94,2,28.36,0,0.0,6.313,1.1351,23.533,19.533
2026-09-09 14:30:00,SHIFT_B,0,37.66,35.46,0.616,0.384,7.884,2.858,2.916,0.963,5.124,4.495,0.902,3,27.98,0.853,1.223,8.737,0.8356,24.355,20.355
2026-09-09 14:45:00,SHIFT_B,0,37.61,40.21,0.616,0.384,7.781,2.543,3.02,1.237,5.225,4.369,1.062,3,27.62,0,0.0,7.781,0.7521,23.979,19.979
2026-09-09 15:00:00,SHIFT_B,0,37.56,37.95,0.62,0.38,7.754,2.713,2.926,1.067,5.294,4.371,0.968,3,27.35,0,0.0,7.754,0.7333,24.061,20.061
2026-09-09 15:15:00,SHIFT_B,0,37.5,36.09,0.62,0.38,7.816,2.815,3.1,1.191,4.869,4.211,0.956,3,27.0,0,0.0,7.816,0.7066,24.36,20.36
2026-09-09 15:30:00,SHIFT_B,0,37.43,35.21,0.62,0.38,7.234,2.975,3.1,1.054,5.314,4.111,0.899,3,26.63,0,0.0,7.234,0.6627,24.456,20.456
2026-09-09 15:45:00,SHIFT_B,0,37.35,37.65,0.62,0.38,7.491,2.725,3.037,1.111,4.706,4.117,0.931,3,26.34,0,0.0,7.491,0.6553,24.235,20.235
2026-09-09 16:00:00,SHIFT_B,0,37.27,38.97,0.624,0.376,7.437,2.53,3.069,1.26,4.864,4.202,0.778,3,26.05,0,0.0,7.437,0.6649,24.057,20.057
2026-09-09 16:15:00,SHIFT_B,0,37.19,36.86,0.624,0.376,7.92,2.867,2.735,1.301,5.045,4.47,1.001,3,25.72,0,0.0,7.92,0.7631,24.314,20.314
2026-09-09 16:30:00,SHIFT_B,0,37.1,34.24,0.624,0.376,7.865,2.847,2.865,0.978,5.457,4.669,1.068,3,25.45,0,0.0,7.865,0.7853,24.576,20.576
2026-09-09 16:45:00,SHIFT_B,0,37.0,36.59,0.624,0.376,7.725,2.742,3.04,1.082,5.069,4.177,0.92,3,25.02,0,0.0,7.725,0.6996,24.341,20.341
2026-09-09 17:00:00,SHIFT_B,0,36.9,35.6,0.628,0.372,7.381,2.712,2.808,1.223,4.982,4.23,1.006,3,24.65,0,0.0,7.381,0.6799,24.44,20.44
2026-09-09 17:15:00,SHIFT_B,0,36.8,38.88,0.628,0.372,7.067,3.281,2.724,1.213,5.036,4.658,0.973,3,24.52,0,0.0,7.067,0.676,24.085,20.085
2026-09-09 17:30:00,SHIFT_B,0,36.69,37.19,0.628,0.372,7.069,2.593,2.783,1.16,5.153,4.256,0.854,3,24.26,0,0.0,7.069,0.6502,23.901,19.901
2026-09-09 17:45:00,SHIFT_B,0,36.58,36.91,0.628,0.372,7.168,2.651,2.915,1.219,5.062,4.159,0.944,3,23.93,0,0.0,7.168,0.657,23.793,19.793
2026-09-09 18:00:00,SHIFT_B,0,36.47,36.08,0.632,0.368,7.417,2.759,2.579,1.187,5.011,4.585,0.948,3,23.77,0,0.0,7.417,0.7005,23.894,19.894
2026-09-09 18:15:00,SHIFT_B,0,36.35,33.95,0.632,0.368,7.578,3.308,3.031,1.09,5.315,4.182,0.94,3,23.52,0,0.0,7.578,0.7033,24.288,20.288
2026-09-09 18:30:00,SHIFT_B,0,36.23,36.47,0.632,0.368,7.218,3.018,2.887,0.99,5.104,4.074,0.954,3,23.13,0,0.0,7.218,0.6464,24.25,20.25
2026-09-09 18:45:00,SHIFT_B,0,36.12,37.57,0.632,0.368,7.097,2.675,3.031,1.295,5.125,4.097,1.117,3,22.96,0,0.0,7.097,0.6648,24.042,20.042
2026-09-09 19:00:00,SHIFT_B,0,31.68,32.58,0.635,0.365,6.566,2.781,2.982,1.376,5.221,4.094,1.004,3,22.79,0,0.0,6.566,0.6182,24.067,20.067
2026-09-09 19:15:00,SHIFT_B,0,31.58,30.91,0.635,0.365,5.958,2.893,2.808,1.228,5.275,3.876,0.976,3,22.43,0,0.0,5.958,0.5447,23.955,19.955
2026-09-09 19:30:00,SHIFT_B,0,35.77,35.95,0.635,0.365,7.283,3.184,3.106,1.08,5.077,4.382,0.937,3,22.1,0,0.0,7.283,0.6729,24.002,20.002
2026-09-09 19:45:00,SHIFT_B,0,35.65,36.77,0.635,0.365,7.544,3.137,3.237,1.174,5.475,4.598,0.984,3,21.65,0,0.0,7.544,0.7493,24.097,20.097
2026-09-09 20:00:00,SHIFT_B,0,35.53,37.73,0.639,0.361,7.292,3.052,2.773,1.188,5.323,4.197,0.862,3,21.42,0,0.0,7.292,0.6792,23.969,19.969
2026-09-09 20:15:00,SHIFT_B,0,35.42,34.85,0.639,0.361,7.257,3.229,2.748,1.369,4.825,3.978,0.974,3,21.01,0,0.0,7.257,0.6512,24.112,20.112
2026-09-09 20:30:00,SHIFT_B,0,35.31,34.95,0.639,0.361,7.592,2.786,2.998,1.069,5.573,3.864,0.91,3,20.68,0,0.0,7.592,0.6979,24.413,20.413
2026-09-09 20:45:00,SHIFT_B,0,35.2,34.57,0.639,0.361,7.273,3.042,3.294,1.013,5.564,4.303,1.205,3,20.31,0,0.0,7.273,0.7076,24.543,20.543
2026-09-09 21:00:00,SHIFT_B,0,35.1,34.84,0.642,0.358,6.974,2.965,2.844,0.964,5.34,4.129,0.996,2,25.71,0,0.0,6.613,1.0547,24.365,20.365
2026-09-09 21:15:00,SHIFT_B,0,35.0,35.09,0.642,0.358,6.852,2.928,3.002,1.122,5.434,4.251,0.981,3,25.31,0.361,0.515,7.213,0.6846,24.462,20.462
2026-09-09 21:30:00,SHIFT_B,0,34.9,36.12,0.642,0.358,6.594,2.836,3.035,1.255,5.1,4.285,0.963,3,25.16,0,0.0,6.594,0.6159,24.146,20.146
2026-09-09 21:45:00,SHIFT_B,0,34.81,34.07,0.642,0.358,6.961,3.218,2.849,1.059,5.742,4.179,1.049,3,24.77,0,0.0,6.961,0.6742,24.22,20.22
2026-09-09 22:00:00,SHIFT_C,0,27.01,23.76,0.645,0.355,5.544,2.883,3.195,1.195,5.294,4.541,0.872,3,24.54,0,0.0,5.544,0.5313,24.616,20.616
2026-09-09 22:15:00,SHIFT_C,0,26.95,24.7,0.645,0.355,5.772,2.544,2.639,1.142,5.35,3.889,1.019,3,24.1,0,0.0,5.772,0.5298,25.032,21.032
2026-09-09 22:30:00,SHIFT_C,0,26.89,26.86,0.645,0.355,5.193,2.889,2.989,1.157,4.745,4.059,0.964,3,23.82,0,0.0,5.193,0.4568,24.942,20.942
2026-09-09 22:45:00,SHIFT_C,0,26.84,26.04,0.645,0.355,5.277,2.521,3.199,0.956,5.126,4.337,1.031,3,23.53,0,0.0,5.277,0.4865,24.977,20.977
2026-09-09 23:00:00,SHIFT_C,0,26.79,26.12,0.648,0.352,5.418,2.598,3.223,1.227,5.859,3.998,0.992,3,23.28,0,0.0,5.418,0.5268,25.074,21.074
2026-09-09 23:15:00,SHIFT_C,0,26.74,27.04,0.648,0.352,5.466,2.447,2.906,1.211,5.118,4.044,0.963,2,27.44,0,0.0,5.466,0.7568,25.103,21.103
2026-09-09 23:30:00,SHIFT_C,0,26.71,25.19,0.648,0.352,5.41,2.684,3.446,1.08,5.121,4.509,0.966,3,27.08,0,0.0,5.41,0.5086,25.29,21.29
2026-09-09 23:45:00,SHIFT_C,0,26.67,29.44,0.648,0.352,5.156,2.69,2.976,0.942,5.416,4.516,0.904,3,26.74,0,0.0,5.156,0.4889,24.924,20.924
2026-09-10 00:00:00,SHIFT_C,0,26.65,25.64,0.644,0.356,5.071,2.613,2.89,1.288,5.219,3.774,0.949,3,26.52,0,0.0,5.071,0.4585,24.895,20.895
2026-09-10 00:15:00,SHIFT_C,0,26.63,27.99,0.644,0.356,5.632,2.488,2.942,1.116,5.438,3.944,0.832,3,26.34,0,0.0,5.632,0.5139,24.913,20.913
2026-09-10 00:30:00,SHIFT_C,0,26.61,27.71,0.644,0.356,5.053,2.152,3.133,1.09,5.33,4.456,1.046,3,25.88,0,0.0,5.053,0.485,24.668,20.668
2026-09-10 00:45:00,SHIFT_C,0,26.6,26.6,0.644,0.356,5.553,2.54,2.931,0.997,4.93,4.596,0.968,3,25.56,0,0.0,5.553,0.5138,24.785,20.785
2026-09-10 01:00:00,SHIFT_C,0,26.6,29.13,0.647,0.353,4.401,2.512,3.128,1.273,5.108,4.44,0.931,3,25.32,0,0.0,4.401,0.4164,24.072,20.072
2026-09-10 01:15:00,SHIFT_C,0,26.6,26.95,0.647,0.353,5.497,2.214,3.131,1.271,5.386,3.999,0.889,2,29.42,0,0.0,5.497,0.7804,24.126,20.126
2026-09-10 01:30:00,SHIFT_C,0,26.61,24.49,0.647,0.353,5.313,2.721,3.143,1.186,5.05,4.467,0.98,3,29.15,0,0.0,5.313,0.4998,24.334,20.334
2026-09-10 01:45:00,SHIFT_C,0,26.63,27.6,0.647,0.353,6.392,2.571,2.914,1.09,4.758,4.324,0.942,3,29.02,0,0.0,6.392,0.572,24.77,20.77
2026-09-10 02:00:00,SHIFT_C,0,26.65,26.71,0.65,0.35,5.04,2.526,3.421,1.204,5.235,4.545,0.788,3,28.82,0,0.0,5.04,0.4777,24.619,20.619
2026-09-10 02:15:00,SHIFT_C,0,26.67,28.02,0.65,0.35,4.767,2.809,3.3,1.073,5.266,4.761,0.974,3,28.57,0,0.0,4.767,0.4634,24.201,20.201
2026-09-10 02:30:00,SHIFT_C,0,26.71,27.33,0.65,0.35,6.148,2.644,2.952,1.004,5.375,4.422,0.896,3,28.41,0,0.0,6.148,0.579,24.542,20.542
2026-09-10 02:45:00,SHIFT_C,0,26.74,25.1,0.65,0.35,5.427,2.981,3.019,0.975,5.484,4.18,0.971,3,28.2,0,0.0,5.427,0.5073,24.745,20.745
2026-09-10 03:00:00,SHIFT_C,0,26.79,26.97,0.652,0.348,4.535,2.818,2.943,1.109,4.539,4.436,1.042,3,27.87,0,0.0,4.535,0.4062,24.315,20.315
2026-09-10 03:15:00,SHIFT_C,0,26.84,28.63,0.652,0.348,4.655,2.555,3.05,1.125,5.275,4.133,0.993,3,27.65,0,0.0,4.655,0.4319,23.78,19.78
2026-09-10 03:30:00,SHIFT_C,0,26.89,25.57,0.652,0.348,5.441,2.718,2.83,1.194,5.12,3.783,0.989,3,27.37,0,0.0,5.441,0.4857,23.944,19.944
2026-09-10 03:45:00,SHIFT_C,0,26.95,26.34,0.652,0.348,5.237,2.679,2.962,1.196,5.301,4.167,0.914,3,26.91,0,0.0,5.237,0.4882,23.928,19.928
2026-09-10 04:00:00,SHIFT_C,0,27.01,27.52,0.655,0.345,5.177,2.326,3.169,1.115,5.26,4.566,0.797,3,26.61,0,0.0,5.177,0.4893,23.764,19.764
2026-09-10 04:15:00,SHIFT_C,0,27.08,26.08,0.655,0.345,5.136,2.821,3.18,1.313,5.329,4.333,1.084,3,26.33,0,0.0,5.136,0.4987,23.724,19.724
2026-09-10 04:30:00,SHIFT_C,0,27.15,26.8,0.655,0.345,5.294,2.327,2.983,1.049,5.164,4.614,0.983,3,25.9,0,0.0,5.294,0.5035,23.691,19.691
2026-09-10 04:45:00,SHIFT_C,0,27.22,25.85,0.655,0.345,5.307,2.639,2.874,1.271,5.065,4.379,1.126,3,25.83,0,0.0,5.307,0.506,23.76,19.76
2026-09-10 05:00:00,SHIFT_C,0,27.3,27.06,0.657,0.343,5.224,2.601,3.023,0.968,5.288,4.308,0.936,3,25.71,0,0.0,5.224,0.4837,23.666,19.666
2026-09-10 05:15:00,SHIFT_C,0,27.38,26.34,0.657,0.343,5.139,2.085,3.275,1.126,5.27,4.552,1.061,3,25.34,0,0.0,5.139,0.4969,23.602,19.602
2026-09-10 05:30:00,SHIFT_C,0,27.46,27.37,0.657,0.343,5.133,2.691,3.254,1.405,4.662,4.087,0.871,3,24.86,0,0.0,5.133,0.4557,23.432,19.432
2026-09-10 05:45:00,SHIFT_C,0,27.55,30.28,0.657,0.343,5.966,2.823,3.15,1.319,5.465,4.443,0.885,3,24.51,0,0.0,5.966,0.5818,23.387,19.387
2026-09-10 06:00:00,SHIFT_A,0,33.56,36.39,0.659,0.341,6.709,3.302,3.476,1.107,5.56,4.353,0.963,3,24.31,0,0.0,6.709,0.6473,23.102,19.102
2026-09-10 06:15:00,SHIFT_A,0,33.67,33.16,0.659,0.341,6.961,2.931,2.692,1.048,5.373,4.009,1.047,3,24.09,0,0.0,6.961,0.6432,23.267,19.267
2026-09-10 06:30:00,SHIFT_A,0,33.78,32.64,0.659,0.341,6.81,3.105,3.081,1.1,5.401,4.127,1.108,3,23.79,0,0.0,6.81,0.6435,23.408,19.408
2026-09-10 06:45:00,SHIFT_A,0,33.89,33.77,0.659,0.341,6.062,2.969,3.078,1.212,5.352,4.114,1.015,3,23.56,0,0.0,6.062,0.5707,23.061,19.061
2026-09-10 07:00:00,SHIFT_A,0,34.0,36.73,0.661,0.339,6.937,3.407,2.764,1.136,4.72,4.586,1.006,3,23.32,0,0.0,6.937,0.6394,22.857,18.857
2026-09-10 07:15:00,SHIFT_A,0,34.11,33.28,0.661,0.339,7.135,3.042,3.004,1.185,4.802,4.534,0.937,3,23.02,0,0.0,7.135,0.6582,23.096,19.096
2026-09-10 07:30:00,SHIFT_A,0,34.22,31.67,0.661,0.339,7.154,3.296,3.1,1.133,4.972,4.552,0.961,3,22.7,0,0.0,7.154,0.6692,23.506,19.506
2026-09-10 07:45:00,SHIFT_A,0,34.33,35.84,0.661,0.339,6.514,3.385,2.916,1.082,5.302,4.085,0.93,3,22.38,0,0.0,6.514,0.5979,23.178,19.178
2026-09-10 08:00:00,SHIFT_A,0,34.44,33.99,0.663,0.337,6.666,2.812,3.238,1.234,5.216,4.244,0.983,3,22.13,0,0.0,6.666,0.6267,23.113,19.113
2026-09-10 08:15:00,SHIFT_A,0,34.55,35.56,0.663,0.337,6.833,2.847,3.475,1.029,5.11,4.368,0.885,3,21.78,0,0.0,6.833,0.6267,22.974,18.974
2026-09-10 08:30:00,SHIFT_A,0,34.65,33.51,0.663,0.337,7.648,2.958,2.682,1.004,5.653,3.883,0.973,3,21.59,0,0.0,7.648,0.709,23.446,19.446
2026-09-10 08:45:00,SHIFT_A,0,34.75,32.48,0.663,0.337,6.604,3.343,3.008,1.266,5.6,4.609,0.897,3,21.12,0,0.0,6.604,0.6578,23.5,19.5
2026-09-10 09:00:00,SHIFT_A,0,34.85,34.73,0.665,0.335,7.486,2.929,2.859,1.303,4.84,4.237,1.052,3,20.89,0,0.0,7.486,0.6891,23.77,19.77
2026-09-10 09:15:00,SHIFT_A,0,34.94,34.44,0.665,0.335,6.816,2.88,3.299,1.205,5.69,4.399,0.818,3,20.65,0,0.0,6.816,0.6647,23.734,19.734
2026-09-10 09:30:00,SHIFT_A,0,35.03,35.31,0.665,0.335,6.418,2.958,2.91,1.173,4.979,4.617,0.889,3,20.35,0,0.0,6.418,0.6025,23.412,19.412
2026-09-10 09:45:00,SHIFT_A,0,35.12,38.77,0.665,0.335,6.884,2.726,3.146,1.195,5.077,4.398,0.898,3,19.78,0,0.0,6.884,0.6412,22.977,18.977
2026-09-10 10:00:00,SHIFT_A,0,35.2,34.0,0.666,0.334,7.246,3.097,2.6,1.15,5.18,4.438,0.935,3,19.4,0,0.0,7.246,0.6827,23.2,19.2
2026-09-10 10:15:00,SHIFT_A,0,35.28,34.72,0.666,0.334,6.72,2.576,3.042,1.107,5.317,4.229,0.985,3,19.04,0,0.0,6.72,0.6296,23.087,19.087
2026-09-10 10:30:00,SHIFT_A,0,35.35,35.68,0.666,0.334,7.277,2.558,3.091,1.183,5.255,4.644,1.065,3,18.64,0,0.0,7.277,0.7117,23.158,19.158
2026-09-10 10:45:00,SHIFT_A,0,35.41,35.98,0.666,0.334,7.385,2.836,3.106,0.954,5.279,3.931,1.082,3,18.43,0,0.0,7.385,0.6687,23.253,19.253
2026-09-10 11:00:00,SHIFT_A,0,35.47,34.4,0.667,0.333,6.78,2.956,3.01,1.086,5.552,4.328,0.891,2,23.03,0,0.0,6.376,1.0634,23.001,19.001
2026-09-10 11:15:00,SHIFT_A,0,35.52,33.97,0.667,0.333,6.77,2.767,3.23,1.012,4.904,4.378,1.011,3,22.53,0.404,0.552,7.174,0.653,23.19,19.19
2026-09-10 11:30:00,SHIFT_A,0,31.3,31.9,0.667,0.333,6.108,2.917,2.644,1.071,5.878,4.401,0.943,2,27.03,0,0.0,6.108,0.9688,23.054,19.054
2026-09-10 11:45:00,SHIFT_A,0,31.34,33.54,0.667,0.333,6.271,3.133,3.255,1.23,5.419,4.777,1.012,2,32.09,0,0.0,6.163,1.0175,22.781,18.781
2026-09-10 12:00:00,SHIFT_A,0,35.64,38.86,0.668,0.332,7.232,3.051,3.084,1.008,5.17,4.397,0.909,3,31.79,0.108,0.15,7.34,0.6787,22.566,18.566
2026-09-10 12:15:00,SHIFT_A,0,35.67,36.68,0.668,0.332,7.21,2.514,2.871,1.192,5.059,3.952,0.954,3,31.49,0,0.0,7.21,0.6477,22.503,18.503
2026-09-10 12:30:00,SHIFT_A,0,35.69,33.08,0.668,0.332,6.921,2.628,2.917,1.128,5.156,4.454,0.905,3,30.96,0,0.0,6.921,0.6488,22.655,18.655
2026-09-10 12:45:00,SHIFT_A,0,35.7,33.86,0.668,0.332,7.687,2.426,2.921,1.24,4.94,4.115,1.093,3,30.64,0,0.0,7.687,0.7048,23.113,19.113
2026-09-10 13:00:00,SHIFT_A,0,35.7,34.36,0.669,0.331,7.256,2.975,2.936,1.275,5.07,4.441,0.908,3,30.28,0,0.0,7.256,0.6832,23.305,19.305
2026-09-10 13:15:00,SHIFT_A,0,35.7,37.61,0.669,0.331,6.973,2.85,3.448,1.158,4.716,4.333,0.967,3,29.93,0,0.0,6.973,0.6273,23.03,19.03
2026-09-10 13:30:00,SHIFT_A,0,35.69,33.25,0.669,0.331,6.678,2.917,3.255,0.999,4.878,4.009,0.855,3,29.49,0,0.0,6.678,0.5775,23.045,19.045
2026-09-10 13:45:00,SHIFT_A,0,35.67,35.99,0.669,0.331,7.437,2.452,2.818,1.185,4.996,4.562,0.996,3,29.02,0,0.0,7.437,0.7028,23.163,19.163
2026-09-10 14:00:00,SHIFT_B,0,37.74,39.01,0.67,0.33,7.062,3.074,3.194,1.09,5.506,4.374,0.975,3,28.8,0,0.0,7.062,0.6791,22.793,18.793
2026-09-10 14:15:00,SHIFT_B,0,37.7,37.81,0.67,0.33,7.572,2.779,2.697,1.175,5.741,4.139,0.991,3,28.51,0,0.0,7.572,0.7383,22.798,18.798
2026-09-10 14:30:00,SHIFT_B,0,37.66,40.37,0.67,0.33,7.441,2.285,2.812,1.138,4.761,4.179,0.972,3,27.99,0,0.0,7.441,0.662,22.482,18.482
2026-09-10 14:45:00,SHIFT_B,0,37.61,37.66,0.67,0.33,7.118,2.995,3.121,1.077,4.935,4.174,0.944,3,27.79,0,0.0,7.118,0.6379,22.274,18.274
2026-09-10 15:00:00,SHIFT_B,0,37.56,38.22,0.67,0.33,7.981,2.975,2.756,1.083,5.711,3.894,0.959,3,27.38,0,0.0,7.981,0.7566,22.443,18.443
2026-09-10 15:15:00,SHIFT_B,0,37.5,39.42,0.67,0.33,8.052,2.821,3.193,1.286,5.337,4.248,0.86,3,27.25,0,0.0,8.052,0.7725,22.527,18.527
2026-09-10 15:30:00,SHIFT_B,0,37.43,37.3,0.67,0.33,7.233,3.081,2.85,1.281,5.242,4.277,0.885,3,26.94,0,0.0,7.233,0.6805,22.414,18.414
2026-09-10 15:45:00,SHIFT_B,0,37.35,37.95,0.67,0.33,7.056,3.012,2.895,1.201,5.049,4.268,0.932,3,26.63,0,0.0,7.056,0.6504,22.147,18.147
2026-09-10 16:00:00,SHIFT_B,0,37.27,36.7,0.67,0.33,6.995,2.919,2.822,1.141,4.899,4.4,0.942,3,26.36,0,0.0,6.995,0.6411,21.975,17.975
2026-09-10 16:15:00,SHIFT_B,0,37.19,38.97,0.67,0.33,7.626,2.717,2.866,1.111,5.205,4.363,0.891,3,26.04,0,0.0,7.626,0.7104,21.89,17.89
2026-09-10 16:30:00,SHIFT_B,0,37.1,38.33,0.67,0.33,7.282,2.597,3.179,1.263,4.884,4.436,0.893,3,25.47,0,0.0,7.282,0.6728,21.699,17.699
2026-09-10 16:45:00,SHIFT_B,0,37.0,37.03,0.67,0.33,7.564,2.657,3.136,1.204,5.621,4.309,1.067,3,25.14,0,0.0,7.564,0.7494,21.778,17.778
2026-09-10 17:00:00,SHIFT_B,0,36.9,37.01,0.67,0.33,7.187,2.912,3.125,1.188,5.196,4.545,0.995,3,25.01,0,0.0,7.187,0.69,21.67,17.67
2026-09-10 17:15:00,SHIFT_B,0,36.8,37.48,0.67,0.33,7.539,2.715,3.125,1.164,5.124,4.709,0.903,3,24.63,0,0.0,7.539,0.723,21.692,17.692
2026-09-10 17:30:00,SHIFT_B,0,36.69,36.29,0.67,0.33,7.245,2.468,3.232,1.218,4.912,4.26,0.985,3,24.26,0,0.0,7.245,0.6635,21.685,17.685
2026-09-10 17:45:00,SHIFT_B,0,36.58,35.43,0.67,0.33,6.846,2.989,2.88,1.02,5.433,4.045,0.925,3,23.87,0,0.0,6.846,0.6297,21.566,17.566
2026-09-10 18:00:00,SHIFT_B,0,36.47,34.77,0.67,0.33,7.495,3.108,3.101,1.228,5.084,4.489,1.033,3,23.6,0,0.0,7.495,0.7141,21.836,17.836
2026-09-10 18:15:00,SHIFT_B,0,36.35,34.26,0.67,0.33,7.002,2.612,3.22,1.21,4.83,4.091,0.968,3,23.33,0,0.0,7.002,0.6257,21.911,17.911
2026-09-10 18:30:00,SHIFT_B,0,36.23,35.98,0.67,0.33,6.715,2.886,3.192,1.185,5.28,4.821,0.91,3,23.16,0,0.0,6.715,0.6593,21.671,17.671
2026-09-10 18:45:00,SHIFT_B,0,36.12,36.54,0.67,0.33,6.788,2.98,3.012,1.355,4.761,4.608,0.978,3,22.88,0,0.0,6.788,0.6396,21.411,17.411
2026-09-10 19:00:00,SHIFT_B,0,31.68,32.03,0.669,0.331,6.68,2.624,3.171,1.228,5.387,4.396,0.997,3,22.75,0,0.0,6.68,0.6458,21.548,17.548
2026-09-10 19:15:00,SHIFT_B,0,31.58,33.28,0.669,0.331,6.773,2.367,2.808,1.279,5.602,4.205,1.093,3,22.29,0,0.0,6.773,0.6642,21.607,17.607
2026-09-10 19:30:00,SHIFT_B,0,35.77,34.14,0.669,0.331,6.98,2.791,2.91,1.284,5.154,4.097,0.948,3,21.92,0,0.0,6.98,0.6453,21.682,17.682
2026-09-10 19:45:00,SHIFT_B,0,35.65,33.89,0.669,0.331,7.242,2.591,2.91,1.059,4.705,4.289,0.961,3,21.63,0,0.0,7.242,0.6422,21.915,17.915
2026-09-10 20:00:00,SHIFT_B,0,35.53,33.96,0.668,0.332,7.188,2.819,2.986,1.199,5.047,4.148,0.963,3,21.24,0,0.0,7.188,0.6573,22.113,18.113
2026-09-10 20:15:00,SHIFT_B,0,35.42,32.79,0.668,0.332,7.442,3.077,3.108,1.149,4.972,4.478,0.847,3,20.81,0,0.0,7.442,0.6859,22.555,18.555
2026-09-10 20:30:00,SHIFT_B,0,35.31,37.08,0.668,0.332,7.708,2.919,2.841,1.053,5.039,4.263,0.959,3,20.35,0,0.0,7.708,0.7022,22.702,18.702
2026-09-10 20:45:00,SHIFT_B,0,35.2,34.18,0.668,0.332,7.405,3.025,3.306,1.148,5.32,4.522,0.924,2,25.8,0,0.0,6.148,1.2043,22.358,18.358
2026-09-10 21:00:00,SHIFT_B,0,35.1,32.7,0.668,0.332,7.118,2.885,3.178,1.052,5.264,3.944,1.17,3,25.46,1.256,1.768,8.374,0.7859,23.275,19.275
2026-09-10 21:15:00,SHIFT_B,0,35.0,35.73,0.668,0.332,6.716,3.156,2.856,1.135,4.843,3.71,0.964,3,25.26,0,0.0,6.716,0.576,23.06,19.06
2026-09-10 21:30:00,SHIFT_B,0,34.9,36.37,0.668,0.332,7.316,2.964,3.093,1.084,5.479,4.233,0.981,3,24.84,0,0.0,7.316,0.6938,23.081,19.081
2026-09-10 21:45:00,SHIFT_B,0,34.81,37.17,0.668,0.332,7.413,3.053,2.727,1.231,5.279,4.21,0.946,3,24.44,0,0.0,7.413,0.6964,23.071,19.071
2026-09-10 22:00:00,SHIFT_C,0,27.01,28.43,0.666,0.334,5.198,2.47,3.443,1.006,5.333,3.895,0.945,3,24.01,0,0.0,5.198,0.4678,22.826,18.826
2026-09-10 22:15:00,SHIFT_C,0,26.95,25.8,0.666,0.334,5.391,2.466,3.093,1.312,5.128,4.14,0.923,3,23.81,0,0.0,5.391,0.4993,22.942,18.942
2026-09-10 22:30:00,SHIFT_C,0,26.89,25.74,0.666,0.334,5.394,2.607,3.159,1.078,4.838,4.145,0.97,3,23.47,0,0.0,5.394,0.4791,23.065,19.065
2026-09-10 22:45:00,SHIFT_C,0,26.84,28.49,0.666,0.334,5.664,2.713,2.884,1.139,4.956,4.341,0.969,3,22.98,0,0.0,5.664,0.5201,23.048,19.048
2026-09-10 23:00:00,SHIFT_C,0,26.79,24.97,0.665,0.335,5.66,2.546,2.841,1.276,4.867,3.947,0.885,2,27.37,0,0.0,5.66,0.7595,23.381,19.381
2026-09-10 23:15:00,SHIFT_C,0,26.74,27.01,0.665,0.335,5.068,2.422,2.938,0.967,5.303,4.384,0.869,3,26.98,0,0.0,5.068,0.4703,23.214,19.214
2026-09-10 23:30:00,SHIFT_C,0,26.71,26.57,0.665,0.335,4.965,2.439,2.999,1.163,4.97,4.138,1.141,3,26.7,0,0.0,4.965,0.4562,23.04,19.04
2026-09-10 23:45:00,SHIFT_C,0,26.67,28.32,0.665,0.335,4.915,2.555,2.637,1.305,5.208,4.538,0.968,3,26.44,0,0.0,4.915,0.4757,22.666,18.666
2026-09-11 00:00:00,SHIFT_C,0,26.65,28.65,0.667,0.333,5.166,2.422,3.326,1.042,5.499,4.206,0.87,3,26.26,0,0.0,5.166,0.4832,22.384,18.384
2026-09-11 00:15:00,SHIFT_C,0,26.63,24.75,0.667,0.333,5.374,2.085,3.107,1.281,5.329,4.518,0.841,3,26.04,0,0.0,5.374,0.5178,22.596,18.596
2026-09-11 00:30:00,SHIFT_C,0,26.61,25.52,0.667,0.333,5.287,2.514,3.132,1.048,4.895,4.385,0.838,3,25.92,0,0.0,5.287,0.4753,22.687,18.687
2026-09-11 00:45:00,SHIFT_C,0,26.6,23.97,0.667,0.333,5.083,2.35,2.951,1.289,4.934,4.171,1.014,3,25.62,0,0.0,5.083,0.4668,22.831,18.831
2026-09-11 01:00:00,SHIFT_C,0,26.6,25.72,0.666,0.334,5.689,2.544,3.234,1.144,4.968,4.397,0.887,3,25.17,0,0.0,5.689,0.522,23.103,19.103
2026-09-11 01:15:00,SHIFT_C,0,26.6,25.4,0.666,0.334,4.871,2.945,3.092,1.171,5.412,4.148,0.916,2,29.33,0,0.0,4.871,0.6852,22.999,18.999
2026-09-11 01:30:00,SHIFT_C,0,26.61,26.92,0.666,0.334,6.386,2.692,3.102,1.162,5.224,3.98,1.078,3,29.01,0,0.0,6.386,0.5884,23.5,19.5
2026-09-11 01:45:00,SHIFT_C,0,26.63,24.81,0.666,0.334,5.322,2.65,2.931,1.13,5.25,4.453,0.944,3,28.9,0,0.0,5.322,0.5046,23.68,19.68
2026-09-11 02:00:00,SHIFT_C,0,26.65,28.71,0.664,0.336,5.838,2.297,2.851,1.303,4.975,4.445,0.975,3,28.66,0,0.0,5.838,0.5499,23.728,19.728
2026-09-11 02:15:00,SHIFT_C,0,26.67,24.92,0.664,0.336,5.105,2.377,2.972,1.149,5.292,4.403,1.063,3,28.42,0,0.0,5.105,0.4894,23.789,19.789
2026-09-11 02:30:00,SHIFT_C,0,26.71,25.88,0.664,0.336,5.978,2.466,2.997,1.091,5.199,4.384,1.001,3,27.94,0,0.0,5.978,0.5619,24.189,20.189
2026-09-11 02:45:00,SHIFT_C,0,26.74,27.78,0.664,0.336,5.488,2.756,2.906,1.337,5.346,4.602,0.847,3,27.56,0,0.0,5.488,0.5361,24.155,20.155
2026-09-11 03:00:00,SHIFT_C,0,26.79,26.18,0.663,0.337,5.072,2.631,3.311,1.173,5.572,3.761,0.881,3,27.21,0,0.0,5.072,0.4651,24.073,20.073
2026-09-11 03:15:00,SHIFT_C,0,26.84,25.86,0.663,0.337,5.275,2.572,2.853,1.028,4.906,4.369,0.896,3,26.78,0,0.0,5.275,0.4756,24.125,20.125
2026-09-11 03:30:00,SHIFT_C,0,26.89,24.84,0.663,0.337,5.437,2.253,3.14,1.08,5.361,4.277,1.003,3,26.53,0,0.0,5.437,0.5131,24.359,20.359
2026-09-11 03:45:00,SHIFT_C,0,26.95,27.49,0.663,0.337,5.57,2.5,3.15,1.269,5.611,4.676,0.853,3,26.28,0,0.0,5.57,0.5565,24.395,20.395
2026-09-11 04:00:00,SHIFT_C,0,27.01,27.15,0.661,0.339,5.554,2.418,2.869,1.19,5.87,4.408,0.867,3,26.01,0,0.0,5.554,0.5515,24.457,20.457
2026-09-11 04:15:00,SHIFT_C,0,27.08,25.77,0.661,0.339,5.401,2.596,3.181,1.27,5.123,4.935,0.972,3,25.72,0,0.0,5.401,0.5349,24.58,20.58
2026-09-11 04:30:00,SHIFT_C,0,27.15,28.33,0.661,0.339,5.738,2.377,3.112,1.159,5.628,4.507,0.96,3,25.2,0,0.0,5.738,0.5661,24.617,20.617
2026-09-11 04:45:00,SHIFT_C,0,27.22,27.21,0.661,0.339,5.847,2.457,3.17,1.338,4.947,5.099,0.969,3,24.95,0,0.0,5.847,0.5815,24.819,20.819
2026-09-11 05:00:00,SHIFT_C,0,27.3,28.71,0.659,0.341,5.728,2.651,3.062,1.231,4.918,4.198,0.976,3,24.58,0,0.0,5.728,0.5222,24.812,20.812
2026-09-11 05:15:00,SHIFT_C,0,27.38,29.19,0.659,0.341,5.289,2.724,3.032,1.122,4.783,4.161,0.888,3,24.31,0,0.0,5.289,0.4665,24.537,20.537
2026-09-11 05:30:00,SHIFT_C,0,27.46,28.95,0.659,0.341,5.79,2.539,3.035,1.263,5.419,4.245,0.993,3,24.1,0,0.0,5.79,0.5557,24.538,20.538
2026-09-11 05:45:00,SHIFT_C,0,27.55,28.06,0.659,0.341,5.962,3.168,3.242,1.258,5.306,4.857,1.005,3,23.73,0,0.0,5.962,0.5965,24.713,20.713
2026-09-11 06:00:00,SHIFT_A,0,33.56,31.78,0.657,0.343,7.367,3.181,3.063,1.146,5.796,4.678,0.924,3,23.47,0,0.0,7.367,0.7505,24.822,20.822
2026-09-11 06:15:00,SHIFT_A,0,33.67,33.12,0.657,0.343,6.743,3.123,3.308,1.408,5.087,4.462,0.983,3,23.14,0,0.0,6.743,0.6482,24.688,20.688
2026-09-11 06:30:00,SHIFT_A,0,33.78,34.07,0.657,0.343,6.744,3.17,3.037,1.275,5.414,4.049,1.039,3,22.75,0,0.0,6.744,0.6395,24.593,20.593
2026-09-11 06:45:00,SHIFT_A,0,33.89,33.2,0.657,0.343,6.506,2.942,3.129,1.035,5.213,4.555,0.98,3,22.4,0,0.0,6.506,0.6172,24.526,20.526
2026-09-11 07:00:00,SHIFT_A,0,34.0,33.85,0.654,0.346,7.581,3.275,3.534,1.008,4.928,4.391,0.972,3,21.95,0,0.0,7.581,0.6897,24.615,20.615
2026-09-11 07:15:00,SHIFT_A,0,34.11,35.12,0.654,0.346,6.526,2.989,2.77,1.087,5.114,4.131,0.892,3,21.87,0,0.0,6.526,0.5897,24.366,20.366
2026-09-11 07:30:00,SHIFT_A,0,34.22,36.17,0.654,0.346,6.685,2.717,3.059,1.207,5.777,4.267,0.996,3,21.77,0,0.0,6.685,0.6591,24.091,20.091
2026-09-11 07:45:00,SHIFT_A,0,34.33,32.69,0.654,0.346,7.002,3.104,3.173,1.198,5.038,4.272,1.063,3,21.55,0,0.0,7.002,0.6524,24.324,20.324
2026-09-11 08:00:00,SHIFT_A,0,34.44,34.2,0.652,0.348,6.909,3.017,2.84,0.978,5.512,4.672,0.957,3,21.41,0,0.0,6.909,0.6742,24.358,20.358
2026-09-11 08:15:00,SHIFT_A,0,34.55,34.59,0.652,0.348,6.534,3.248,3.156,1.205,5.12,4.449,0.873,3,21.09,0,0.0,6.534,0.6127,24.166,20.166
2026-09-11 08:30:00,SHIFT_A,0,34.65,32.79,0.652,0.348,6.868,3.205,2.877,1.176,5.524,4.845,0.97,3,20.68,0,0.0,6.868,0.692,24.321,20.321
2026-09-11 08:45:00,SHIFT_A,0,34.75,34.82,0.652,0.348,7.475,2.982,3.091,1.109,4.899,4.461,1.033,3,20.47,0,0.0,7.475,0.6923,24.518,20.518
2026-09-11 09:00:00,SHIFT_A,0,34.85,35.79,0.649,0.351,7.67,3.196,3.014,1.179,5.053,4.421,0.971,3,20.29,0,0.0,7.67,0.7179,24.421,20.421
2026-09-11 09:15:00,SHIFT_A,0,34.94,34.03,0.649,0.351,7.129,3.263,2.905,1.251,4.995,4.273,0.94,3,20.05,0,0.0,7.129,0.6578,24.582,20.582
2026-09-11 09:30:00,SHIFT_A,0,35.03,35.25,0.649,0.351,6.947,3.176,2.578,1.176,5.409,4.216,0.858,3,19.69,0,0.0,6.947,0.6521,24.475,20.475
2026-09-11 09:45:00,SHIFT_A,0,35.12,35.74,0.649,0.351,7.018,3.138,2.762,1.15,4.958,4.267,1.067,2,25.19,0,0.0,6.59,1.065,24.195,20.195
2026-09-11 10:00:00,SHIFT_A,0,35.2,34.66,0.646,0.354,7.161,3.206,3.133,1.028,4.849,4.369,0.882,3,24.99,0.428,0.575,7.589,0.68,24.524,20.524
2026-09-11 10:15:00,SHIFT_A,0,35.28,35.84,0.646,0.354,7.117,3.004,2.749,1.268,4.799,4.325,0.967,3,24.56,0,0.0,7.117,0.6509,24.416,20.416
2026-09-11 10:30:00,SHIFT_A,0,35.35,35.43,0.646,0.354,6.529,2.707,2.804,1.175,5.184,4.78,1.036,3,24.34,0,0.0,6.529,0.6401,24.138,20.138
2026-09-11 10:45:00,SHIFT_A,0,35.41,33.14,0.646,0.354,7.928,3.033,2.96,1.199,5.39,4.699,0.995,3,24.16,0,0.0,7.928,0.8025,24.686,20.686
2026-09-11 11:00:00,SHIFT_A,0,35.47,36.16,0.643,0.357,7.492,2.71,3.356,1.205,5.192,4.208,0.988,3,23.89,0,0.0,7.492,0.6993,24.384,20.384
2026-09-11 11:15:00,SHIFT_A,0,35.52,34.33,0.643,0.357,7.411,3.313,3.029,1.16,5.374,4.272,0.99,3,23.63,0,0.0,7.411,0.7038,24.567,20.567
2026-09-11 11:30:00,SHIFT_A,0,31.3,30.5,0.643,0.357,6.398,2.822,2.941,1.313,5.318,4.172,0.869,2,28.77,0,0.0,6.398,0.9651,24.716,20.716
2026-09-11 11:45:00,SHIFT_A,0,31.34,31.43,0.643,0.357,6.027,2.599,2.809,1.068,5.394,4.101,0.824,3,28.48,0,0.0,6.027,0.5526,24.586,20.586
2026-09-11 12:00:00,SHIFT_A,0,35.64,36.82,0.64,0.36,7.554,2.505,2.851,1.2,5.884,3.817,0.925,3,28.24,0,0.0,7.554,0.7192,24.318,20.318
2026-09-11 12:15:00,SHIFT_A,0,35.67,36.35,0.64,0.36,7.418,2.838,2.929,1.156,5.303,4.613,0.774,3,28.11,0,0.0,7.418,0.7075,24.365,20.365
2026-09-11 12:30:00,SHIFT_A,0,35.69,34.35,0.64,0.36,6.968,3.231,2.742,1.164,4.823,4.109,0.933,3,27.59,0,0.0,6.968,0.6187,24.414,20.414
2026-09-11 12:45:00,SHIFT_A,0,35.7,35.12,0.64,0.36,6.869,3.089,3.045,1.055,4.848,3.536,0.999,2,32.08,0,0.0,6.869,0.9204,24.337,20.337
2026-09-11 13:00:00,SHIFT_A,0,35.7,36.11,0.636,0.364,7.418,2.806,3.089,1.015,5.659,4.258,0.883,3,31.8,0,0.0,7.418,0.7057,24.389,20.389
2026-09-11 13:15:00,SHIFT_A,0,35.7,36.01,0.636,0.364,6.709,2.646,3.149,1.028,5.314,4.535,1.008,3,31.45,0,0.0,6.709,0.6421,24.143,20.143
2026-09-11 13:30:00,SHIFT_A,0,35.69,35.85,0.636,0.364,6.699,2.589,2.839,1.115,4.914,4.075,0.923,3,31.13,0,0.0,6.699,0.5947,23.907,19.907
2026-09-11 13:45:00,SHIFT_A,0,35.67,34.9,0.636,0.364,7.356,2.871,2.991,1.165,5.162,4.43,0.962,3,30.81,0,0.0,7.356,0.6941,24.095,20.095
2026-09-11 14:00:00,SHIFT_B,0,37.74,34.92,0.633,0.367,7.58,2.883,3.134,1.107,5.369,4.347,1.0,3,30.51,0,0.0,7.58,0.722,24.393,20.393
2026-09-11 14:15:00,SHIFT_B,0,37.7,40.18,0.633,0.367,7.431,2.726,3.084,1.065,4.851,3.998,0.779,3,30.12,0,0.0,7.431,0.6398,23.982,19.982
2026-09-11 14:30:00,SHIFT_B,0,37.66,37.02,0.633,0.367,7.742,2.71,3.303,1.124,5.653,4.415,1.041,3,29.68,0,0.0,7.742,0.7745,24.151,20.151
2026-09-11 14:45:00,SHIFT_B,0,37.61,37.43,0.633,0.367,8.422,3.009,3.011,1.012,5.604,4.154,0.915,3,29.19,0,0.0,8.422,0.8145,24.257,20.257
2026-09-11 15:00:00,SHIFT_B,0,37.56,36.83,0.629,0.371,7.233,2.885,2.924,1.058,4.812,4.392,0.959,3,28.82,0,0.0,7.233,0.6535,24.19,20.19
2026-09-11 15:15:00,SHIFT_B,0,37.5,38.16,0.629,0.371,6.897,2.804,2.709,1.09,5.281,4.265,0.999,3,28.64,0,0.0,6.897,0.6461,23.823,19.823
2026-09-11 15:30:00,SHIFT_B,0,37.43,36.54,0.629,0.371,7.126,2.949,3.031,1.153,4.958,4.367,0.727,3,28.36,0,0.0,7.126,0.6429,23.732,19.732
2026-09-11 15:45:00,SHIFT_B,0,37.35,35.89,0.629,0.371,7.327,3.058,3.294,1.135,5.203,4.235,0.941,3,28.04,0,0.0,7.327,0.6793,23.806,19.806
2026-09-11 16:00:00,SHIFT_B,0,37.27,37.52,0.625,0.375,7.73,3.165,2.636,1.221,5.069,4.45,0.986,3,27.73,0,0.0,7.73,0.7326,23.919,19.919
2026-09-11 16:15:00,SHIFT_B,0,37.19,38.58,0.625,0.375,9.941,2.71,3.371,1.127,7.084,5.765,0.978,2,27.5,0,0.0,4.827,1.25,22.474,18.474
2026-09-11 16:30:00,SHIFT_B,0,37.1,37.25,0.625,0.375,10.089,2.685,3.335,1.216,6.526,5.587,0.93,2,27.26,5.114,15.248,5.031,1.25,21.265,17.265
2026-09-11 16:45:00,SHIFT_B,0,37.0,37.87,0.625,0.375,10.567,2.455,3.257,0.912,6.711,5.568,0.986,2,27.05,10.172,30.18,5.056,1.25,20.006,16.006
2026-09-11 17:00:00,SHIFT_B,0,36.9,37.72,0.621,0.379,10.5,2.678,2.786,1.117,6.74,5.833,0.895,2,26.76,15.684,47.689,4.933,1.25,18.701,14.701
2026-09-11 17:15:00,SHIFT_B,0,36.8,36.1,0.621,0.379,10.613,2.678,3.282,1.069,6.597,5.866,0.902,2,26.39,21.251,64.038,4.978,1.25,17.579,13.579
2026-09-11 17:30:00,SHIFT_B,0,36.69,36.31,0.621,0.379,10.008,2.337,2.767,1.02,6.685,5.558,0.866,2,26.08,24.0,70.999,5.071,1.25,16.483,12.483
2026-09-11 17:45:00,SHIFT_B,0,36.58,36.4,0.621,0.379,6.87,2.871,2.968,1.102,5.125,3.918,1.03,3,25.86,24.0,38.77,9.286,1.25,17.487,13.487
2026-09-11 18:00:00,SHIFT_B,0,36.47,36.85,0.617,0.383,7.41,2.621,3.017,1.042,5.185,4.415,1.124,3,25.62,21.584,36.406,8.893,1.25,18.248,14.248
2026-09-11 18:15:00,SHIFT_B,0,36.35,37.47,0.617,0.383,7.064,2.883,2.949,1.111,5.463,4.321,1.045,3,25.19,20.101,34.328,8.783,1.25,18.892,14.892
2026-09-11 18:30:00,SHIFT_B,0,36.23,36.69,0.617,0.383,6.728,3.027,2.942,1.065,4.869,4.088,0.971,3,25.04,18.381,29.287,9.415,1.25,19.931,15.931
2026-09-11 18:45:00,SHIFT_B,0,36.12,36.52,0.617,0.383,6.803,3.424,2.775,1.211,5.327,3.601,1.004,3,24.68,15.695,25.293,9.308,1.25,20.933,16.933
2026-09-11 19:00:00,SHIFT_B,0,31.68,31.49,0.613,0.387,6.093,3.103,3.19,1.252,4.559,3.894,0.987,3,24.24,13.19,20.537,9.634,1.25,22.601,18.601
2026-09-11 19:15:00,SHIFT_B,0,31.58,31.26,0.613,0.387,6.712,2.805,3.373,1.141,5.048,4.701,1.022,3,23.88,9.649,16.446,8.801,1.25,23.876,19.876
2026-09-11 19:30:00,SHIFT_B,0,35.77,35.25,0.613,0.387,6.858,3.089,3.196,1.187,5.22,4.213,0.958,3,23.48,7.56,12.58,9.015,1.25,24.475,20.475
2026-09-11 19:45:00,SHIFT_B,0,35.65,37.23,0.613,0.387,6.799,3.008,3.098,1.23,5.197,4.016,0.989,3,23.31,5.403,8.644,9.377,1.25,24.277,20.277
2026-09-11 20:00:00,SHIFT_B,0,35.53,35.48,0.609,0.391,7.201,2.875,2.87,0.91,5.146,4.193,0.914,3,22.99,2.826,4.088,10.027,0.967,24.452,20.452
2026-09-11 20:15:00,SHIFT_B,0,35.42,35.19,0.609,0.391,7.365,2.566,3.117,1.21,5.173,4.117,0.96,3,22.8,0,0.0,7.365,0.6796,24.481,20.481
2026-09-11 20:30:00,SHIFT_B,0,35.31,35.21,0.609,0.391,8.053,2.889,3.477,1.106,5.142,4.252,0.98,3,22.48,0,0.0,8.053,0.7513,24.479,20.479
2026-09-11 20:45:00,SHIFT_B,0,35.2,36.44,0.609,0.391,6.889,2.904,3.097,1.021,5.121,4.402,1.097,3,22.24,0,0.0,6.889,0.6457,24.28,20.28
2026-09-11 21:00:00,SHIFT_B,0,35.1,37.18,0.604,0.396,6.755,2.747,2.828,1.245,4.897,4.039,0.847,3,22.12,0,0.0,6.755,0.5998,23.939,19.939
2026-09-11 21:15:00,SHIFT_B,0,35.0,35.55,0.604,0.396,7.565,2.886,3.226,1.121,5.465,4.366,0.767,3,21.83,0,0.0,7.565,0.7139,24.167,20.167
2026-09-11 21:30:00,SHIFT_B,0,34.9,37.18,0.604,0.396,7.327,2.898,3.052,1.098,4.952,4.393,0.895,3,21.55,0,0.0,7.327,0.6689,24.112,20.112
2026-09-11 21:45:00,SHIFT_B,0,34.81,35.54,0.604,0.396,7.48,3.577,2.933,1.062,5.42,4.283,0.979,3,21.42,0,0.0,7.48,0.7073,24.298,20.298
2026-09-11 22:00:00,SHIFT_C,0,27.01,27.6,0.6,0.4,5.368,2.518,3.409,1.226,5.293,4.455,0.859,3,21.1,0,0.0,5.368,0.5114,24.222,20.222
2026-09-11 22:15:00,SHIFT_C,0,26.95,25.27,0.6,0.4,5.238,2.614,2.992,1.05,5.715,4.505,0.993,3,20.84,0,0.0,5.238,0.5173,24.314,20.314
2026-09-11 22:30:00,SHIFT_C,0,26.89,27.65,0.6,0.4,5.378,2.403,2.77,1.08,5.291,4.328,0.946,3,20.61,0,0.0,5.378,0.5042,24.237,20.237
2026-09-11 22:45:00,SHIFT_C,0,26.84,26.83,0.6,0.4,5.447,2.295,2.991,1.184,5.671,4.414,0.925,3,20.41,0,0.0,5.447,0.5348,24.278,20.278
2026-09-11 23:00:00,SHIFT_C,0,26.79,26.77,0.595,0.405,5.351,2.441,2.914,1.068,5.024,4.08,0.867,3,20.06,0,0.0,5.351,0.4756,24.277,20.277
2026-09-11 23:15:00,SHIFT_C,0,26.74,25.86,0.595,0.405,5.686,2.699,3.167,1.038,5.149,4.086,0.931,3,19.79,0,0.0,5.686,0.5129,24.533,20.533
2026-09-11 23:30:00,SHIFT_C,0,26.71,28.28,0.595,0.405,4.893,2.298,3.039,1.028,5.381,4.559,0.927,3,19.42,0,0.0,4.893,0.4687,24.152,20.152
2026-09-11 23:45:00,SHIFT_C,0,26.67,28.2,0.595,0.405,4.347,2.901,3.212,1.149,5.207,4.294,0.955,3,19.26,0,0.0,4.347,0.4062,23.505,19.505
2026-09-12 00:00:00,SHIFT_C,1,21.85,21.68,0.602,0.398,4.519,1.787,2.905,1.275,5.165,4.308,0.921,3,18.76,0,0.0,4.519,0.4246,23.597,19.597
2026-09-12 00:15:00,SHIFT_C,1,21.83,22.02,0.602,0.398,4.515,1.973,3.121,1.239,5.024,4.614,1.025,2,23.95,0,0.0,4.515,0.649,23.653,19.653
2026-09-12 00:30:00,SHIFT_C,1,21.82,20.44,0.602,0.398,4.259,2.391,3.164,1.125,5.559,4.365,1.059,3,23.63,0,0.0,4.259,0.4152,23.739,19.739
2026-09-12 00:45:00,SHIFT_C,1,21.81,20.06,0.602,0.398,4.139,2.108,3.066,1.255,4.476,3.727,0.842,3,23.19,0,0.0,4.139,0.3433,23.803,19.803
2026-09-12 01:00:00,SHIFT_C,1,21.81,23.15,0.598,0.402,4.91,2.529,2.859,1.14,5.203,4.41,0.853,2,27.13,0,0.0,4.91,0.6883,23.943,19.943
2026-09-12 01:15:00,SHIFT_C,1,21.81,19.53,0.598,0.402,5.063,2.133,3.121,1.345,4.871,3.888,0.928,3,26.89,0,0.0,5.063,0.4497,24.522,20.522
2026-09-12 01:30:00,SHIFT_C,1,21.82,21.76,0.598,0.402,4.353,1.87,2.657,1.301,5.179,4.287,0.963,3,26.43,0,0.0,4.353,0.4112,24.522,20.522
2026-09-12 01:45:00,SHIFT_C,1,21.83,19.06,0.598,0.402,4.509,2.264,3.025,1.028,5.181,4.437,1.004,3,26.25,0,0.0,4.509,0.4229,24.872,20.872
2026-09-12 02:00:00,SHIFT_C,1,21.85,21.95,0.593,0.407,4.556,2.399,2.827,1.059,5.381,4.211,1.026,3,25.87,0,0.0,4.556,0.4284,24.955,20.955
2026-09-12 02:15:00,SHIFT_C,1,21.87,22.7,0.593,0.407,4.165,2.661,3.231,1.09,4.92,4.783,0.924,2,29.94,0,0.0,4.165,0.5894,24.767,20.767
2026-09-12 02:30:00,SHIFT_C,1,21.9,21.45,0.593,0.407,4.438,2.768,2.95,1.129,5.277,4.811,0.895,3,29.76,0,0.0,4.438,0.4328,24.841,20.841
2026-09-12 02:45:00,SHIFT_C,1,21.93,22.06,0.593,0.407,4.429,2.658,3.259,1.203,4.967,4.674,0.832,3,29.49,0,0.0,4.429,0.4163,24.85,20.85
2026-09-12 03:00:00,SHIFT_C,1,21.97,19.99,0.588,0.412,3.914,1.97,2.638,1.176,5.347,4.872,1.005,3,29.16,0,0.0,3.914,0.3908,24.807,20.807
2026-09-12 03:15:00,SHIFT_C,1,22.01,20.82,0.588,0.412,4.231,1.958,2.847,1.178,4.988,4.284,0.984,3,28.92,0,0.0,4.231,0.3895,24.841,20.841
2026-09-12 03:30:00,SHIFT_C,1,22.05,22.59,0.588,0.412,4.5,1.873,2.851,1.054,5.212,4.013,1.03,3,28.68,0,0.0,4.5,0.4097,24.832,20.832
2026-09-12 03:45:00,SHIFT_C,1,22.1,23.1,0.588,0.412,3.889,2.363,2.888,1.088,5.221,4.765,0.938,3,28.5,0,0.0,3.889,0.3761,24.467,20.467
2026-09-12 04:00:00,SHIFT_C,1,22.15,22.87,0.583,0.417,4.402,1.981,2.951,1.395,5.056,3.863,0.935,3,28.28,0,0.0,4.402,0.3987,24.38,20.38
2026-09-12 04:15:00,SHIFT_C,1,22.2,20.84,0.583,0.417,4.579,1.908,3.148,1.167,5.372,4.397,1.108,3,27.92,0,0.0,4.579,0.444,24.586,20.586
2026-09-12 04:30:00,SHIFT_C,1,22.26,25.11,0.583,0.417,4.409,2.348,3.052,1.146,5.761,4.008,0.876,3,27.71,0,0.0,4.409,0.4186,24.279,20.279
2026-09-12 04:45:00,SHIFT_C,1,22.32,20.22,0.583,0.417,4.754,2.44,2.932,1.064,5.333,4.288,0.812,3,27.26,0,0.0,4.754,0.44,24.634,20.634
2026-09-12 05:00:00,SHIFT_C,1,22.39,23.01,0.579,0.421,4.062,1.987,2.679,1.165,5.112,4.384,0.854,3,26.72,0,0.0,4.062,0.3767,24.364,20.364
2026-09-12 05:15:00,SHIFT_C,1,22.45,21.97,0.579,0.421,4.762,1.968,2.687,1.213,4.974,4.148,0.927,3,26.59,0,0.0,4.762,0.4318,24.548,20.548
2026-09-12 05:30:00,SHIFT_C,1,22.52,24.23,0.579,0.421,4.233,2.278,3.097,1.131,5.645,4.652,0.977,3,26.46,0,0.0,4.233,0.4227,24.242,20.242
2026-09-12 05:45:00,SHIFT_C,1,22.59,21.5,0.579,0.421,4.98,2.165,3.446,1.18,5.357,4.024,0.957,3,26.05,0,0.0,4.98,0.4618,24.582,20.582
2026-09-12 06:00:00,SHIFT_A,1,27.52,25.39,0.574,0.426,6.07,2.494,3.824,1.091,5.378,4.276,0.906,3,25.84,0,0.0,6.07,0.5694,25.078,21.078
2026-09-12 06:15:00,SHIFT_A,1,27.61,27.49,0.574,0.426,5.633,3.223,3.03,1.174,5.292,4.369,1.013,3,25.55,0,0.0,5.633,0.5373,25.145,21.145
2026-09-12 06:30:00,SHIFT_A,1,27.7,28.29,0.574,0.426,5.86,2.832,3.093,1.147,5.283,4.34,1.02,3,25.17,0,0.0,5.86,0.5562,25.171,21.171
2026-09-12 06:45:00,SHIFT_A,1,27.79,26.51,0.574,0.426,5.417,3.089,2.966,1.216,5.128,4.402,0.789,3,24.85,0,0.0,5.417,0.5031,25.228,21.228
2026-09-12 07:00:00,SHIFT_A,1,27.88,29.38,0.569,0.431,6.01,2.879,2.781,1.143,4.517,4.177,0.911,3,24.52,0,0.0,6.01,0.5201,25.062,21.062
2026-09-12 07:15:00,SHIFT_A,1,27.97,28.76,0.569,0.431,5.183,2.618,3.172,1.114,5.237,4.491,0.899,3,24.29,0,0.0,5.183,0.49,24.778,20.778
2026-09-12 07:30:00,SHIFT_A,1,28.06,24.7,0.569,0.431,5.828,2.735,3.31,1.407,5.053,4.484,0.916,3,24.13,0,0.0,5.828,0.5565,25.222,21.222
2026-09-12 07:45:00,SHIFT_A,1,28.15,27.97,0.569,0.431,5.724,3.103,2.803,1.011,5.349,4.478,0.961,3,24.01,0,0.0,5.724,0.5438,25.203,21.203
2026-09-12 08:00:00,SHIFT_A,1,28.24,27.78,0.564,0.436,5.542,2.367,3.241,1.084,5.365,4.312,0.854,3,23.83,0,0.0,5.542,0.5182,25.196,21.196
2026-09-12 08:15:00,SHIFT_A,1,28.33,29.13,0.564,0.436,5.546,2.279,2.905,1.019,4.959,4.403,1.026,3,23.54,0,0.0,5.546,0.5093,25.056,21.056
2026-09-12 08:30:00,SHIFT_A,1,28.41,28.85,0.564,0.436,5.277,2.363,2.926,1.279,5.21,4.227,0.985,3,23.42,0,0.0,5.277,0.4972,24.809,20.809
2026-09-12 08:45:00,SHIFT_A,1,28.5,27.74,0.564,0.436,5.757,2.993,3.088,1.087,5.333,4.049,1.083,3,23.28,0,0.0,5.757,0.5355,24.914,20.914
2026-09-12 09:00:00,SHIFT_A,1,28.58,30.65,0.559,0.441,5.61,2.715,2.883,1.035,5.247,4.501,1.026,3,22.82,0,0.0,5.61,0.5334,24.653,20.653
2026-09-12 09:15:00,SHIFT_A,1,28.65,28.02,0.559,0.441,5.589,2.576,3.099,1.147,5.544,4.132,0.982,3,22.52,0,0.0,5.589,0.5313,24.645,20.645
2026-09-12 09:30:00,SHIFT_A,1,28.73,28.66,0.559,0.441,5.675,2.557,3.089,1.431,5.223,4.328,0.885,3,22.35,0,0.0,5.675,0.5422,24.617,20.617
2026-09-12 09:45:00,SHIFT_A,1,28.8,29.1,0.559,0.441,6.574,2.524,3.181,1.267,5.269,4.229,0.905,3,21.95,0,0.0,6.574,0.6177,24.993,20.993
2026-09-12 10:00:00,SHIFT_A,1,28.87,31.84,0.554,0.446,6.392,2.381,2.998,1.027,6.568,5.705,0.879,3,21.6,0,0.0,6.392,0.732,24.816,20.816
2026-09-12 10:15:00,SHIFT_A,1,28.93,26.59,0.554,0.446,6.185,2.638,3.037,1.079,7.106,5.505,1.029,3,21.16,0,0.0,6.185,0.7358,25.249,21.249
2026-09-12 10:30:00,SHIFT_A,1,28.99,29.4,0.554,0.446,5.345,2.62,3.357,1.363,6.82,5.766,0.96,3,20.77,0,0.0,5.345,0.6417,24.982,20.982
2026-09-12 10:45:00,SHIFT_A,1,29.04,30.77,0.554,0.446,6.287,2.744,2.718,1.132,7.224,5.574,1.037,3,20.51,0,0.0,6.287,0.7663,24.923,20.923
2026-09-12 11:00:00,SHIFT_A,1,29.09,28.8,0.549,0.451,5.875,2.43,3.234,1.211,7.065,5.759,0.91,3,20.3,0,0.0,5.875,0.707,24.98,20.98
2026-09-12 11:15:00,SHIFT_A,1,29.13,28.85,0.549,0.451,6.019,2.618,3.016,1.017,5.56,4.088,0.844,3,20.13,0,0.0,6.019,0.5578,25.105,21.105
2026-09-12 11:30:00,SHIFT_A,1,25.67,26.83,0.549,0.451,5.306,2.168,3.094,0.876,5.081,4.612,0.933,3,19.76,0,0.0,5.306,0.4914,25.075,21.075
2026-09-12 11:45:00,SHIFT_A,1,25.7,25.71,0.549,0.451,5.185,2.314,2.977,1.188,5.136,4.152,1.039,3,19.29,0,0.0,5.185,0.4806,25.096,21.096
2026-09-12 12:00:00,SHIFT_A,1,29.23,29.85,0.544,0.456,5.448,2.249,2.841,1.014,5.099,4.14,0.92,2,24.65,0,0.0,5.448,0.7395,24.835,20.835
2026-09-12 12:15:00,SHIFT_A,1,29.25,28.89,0.544,0.456,6.265,2.432,2.857,1.098,5.062,4.337,0.955,3,24.42,0,0.0,6.265,0.5777,25.079,21.079
2026-09-12 12:30:00,SHIFT_A,1,29.26,29.64,0.544,0.456,5.949,2.45,3.236,1.391,5.217,4.515,0.811,3,24.04,0,0.0,5.949,0.5716,25.036,21.036
2026-09-12 12:45:00,SHIFT_A,1,29.27,28.73,0.544,0.456,6.203,2.335,3.255,1.09,5.294,3.77,1.069,3,23.8,0,0.0,6.203,0.5605,25.127,21.127
2026-09-12 13:00:00,SHIFT_A,1,29.27,27.44,0.539,0.461,5.623,2.163,3.027,1.082,5.268,4.334,0.99,3,23.38,0,0.0,5.623,0.5285,25.195,21.195
2026-09-12 13:15:00,SHIFT_A,1,29.27,28.78,0.539,0.461,6.094,2.278,2.528,0.997,5.001,4.822,0.894,2,28.47,0,0.0,6.094,0.9091,25.122,21.122
2026-09-12 13:30:00,SHIFT_A,1,29.26,31.07,0.539,0.461,6.212,2.302,3.114,0.946,4.771,4.304,0.966,2,32.6,0,0.0,6.212,0.8594,24.893,20.893
2026-09-12 13:45:00,SHIFT_A,1,29.25,31.07,0.539,0.461,5.65,2.184,2.746,1.084,5.544,4.64,0.928,3,32.44,0,0.0,5.65,0.5548,24.611,20.611
2026-09-12 14:00:00,SHIFT_B,1,30.95,32.64,0.534,0.466,5.47,2.161,3.101,1.147,5.402,4.527,0.961,3,32.17,0,0.0,5.47,0.5302,24.082,20.082
2026-09-12 14:15:00,SHIFT_B,1,30.92,29.63,0.534,0.466,5.858,2.533,2.846,1.231,5.526,4.645,0.982,3,31.83,0,0.0,5.858,0.5841,24.048,20.048
2026-09-12 14:30:00,SHIFT_B,1,30.88,30.65,0.534,0.466,6.293,2.15,2.778,1.09,5.336,3.794,0.89,3,31.62,0,0.0,6.293,0.5629,24.129,20.129
2026-09-12 14:45:00,SHIFT_B,1,30.84,30.96,0.534,0.466,5.438,2.618,2.964,1.165,5.295,4.046,0.89,3,31.12,0,0.0,5.438,0.499,23.752,19.752
2026-09-12 15:00:00,SHIFT_B,1,30.8,31.46,0.529,0.471,6.525,2.703,3.277,1.311,5.627,4.314,0.933,3,31.04,0,0.0,6.525,0.6401,23.869,19.869
2026-09-12 15:15:00,SHIFT_B,1,30.75,30.11,0.529,0.471,6.111,2.313,2.825,0.999,5.557,4.247,0.97,3,30.68,0,0.0,6.111,0.5793,23.913,19.913
2026-09-12 15:30:00,SHIFT_B,1,30.69,31.27,0.529,0.471,5.494,2.443,2.878,1.262,5.374,3.979,0.934,3,30.35,0,0.0,5.494,0.5109,23.534,19.534
2026-09-12 15:45:00,SHIFT_B,1,30.63,32.06,0.529,0.471,5.958,2.47,2.926,1.006,5.238,4.036,0.962,3,30.08,0,0.0,5.958,0.5393,23.307,19.307
2026-09-12 16:00:00,SHIFT_B,1,30.56,29.19,0.524,0.476,5.999,2.514,2.937,1.069,5.061,4.325,0.848,3,29.95,0,0.0,5.999,0.5459,23.387,19.387
2026-09-12 16:15:00,SHIFT_B,1,30.49,30.96,0.524,0.476,5.823,2.267,2.474,1.109,5.352,4.159,0.839,3,29.64,0,0.0,5.823,0.5373,23.202,19.202
2026-09-12 16:30:00,SHIFT_B,1,30.42,31.97,0.524,0.476,6.163,2.499,3.184,1.239,4.858,4.5,0.895,3,29.48,0,0.0,6.163,0.5702,23.086,19.086
2026-09-12 16:45:00,SHIFT_B,1,30.34,30.43,0.524,0.476,5.76,2.679,2.89,1.288,5.587,4.492,0.849,3,29.2,0,0.0,5.76,0.5666,22.924,18.924
2026-09-12 17:00:00,SHIFT_B,1,30.26,30.44,0.519,0.481,6.087,2.156,3.09,1.149,5.493,4.634,1.026,3,28.74,0,0.0,6.087,0.6029,22.924,18.924
2026-09-12 17:15:00,SHIFT_B,1,30.17,31.24,0.519,0.481,6.053,2.281,3.06,1.207,5.134,4.6,0.865,3,28.51,0,0.0,6.053,0.5753,22.826,18.826
2026-09-12 17:30:00,SHIFT_B,1,30.08,27.4,0.519,0.481,5.818,2.461,3.263,1.101,5.024,4.109,0.92,3,28.06,0,0.0,5.818,0.5224,22.994,18.994
2026-09-12 17:45:00,SHIFT_B,1,29.99,30.1,0.519,0.481,6.033,2.076,3.162,1.316,5.024,4.495,0.848,3,27.63,0,0.0,6.033,0.5675,23.0,19.0
2026-09-12 18:00:00,SHIFT_B,1,29.9,29.52,0.514,0.486,5.599,2.315,2.965,1.132,5.009,4.203,0.867,3,27.16,0,0.0,5.599,0.5054,22.847,18.847
2026-09-12 18:15:00,SHIFT_B,1,29.81,30.77,0.514,0.486,6.269,2.593,2.766,1.333,4.939,4.099,0.887,3,26.88,0,0.0,6.269,0.5682,22.904,18.904
2026-09-12 18:30:00,SHIFT_B,1,29.71,28.31,0.514,0.486,6.359,2.281,2.891,1.04,5.307,3.649,1.039,3,26.47,0,0.0,6.359,0.5651,23.253,19.253
2026-09-12 18:45:00,SHIFT_B,1,29.62,28.71,0.514,0.486,5.963,2.7,2.76,1.165,4.579,4.397,0.97,3,26.16,0,0.0,5.963,0.5334,23.363,19.363
2026-09-12 19:00:00,SHIFT_B,1,25.98,27.62,0.51,0.49,5.353,2.585,2.947,1.266,5.251,4.234,1.047,3,26.05,0,0.0,5.353,0.5086,23.278,19.278
2026-09-12 19:15:00,SHIFT_B,1,25.89,25.92,0.51,0.49,4.479,2.348,3.217,1.251,5.274,4.568,0.951,3,25.69,0,0.0,4.479,0.4343,22.925,18.925
2026-09-12 19:30:00,SHIFT_B,1,29.33,27.57,0.51,0.49,6.134,2.575,3.268,1.091,5.47,4.485,0.999,3,25.55,0,0.0,6.134,0.5949,23.235,19.235
2026-09-12 19:45:00,SHIFT_B,1,29.23,30.67,0.51,0.49,6.105,2.515,3.207,1.042,5.537,3.884,0.943,3,25.18,0,0.0,6.105,0.5607,23.221,19.221
2026-09-12 20:00:00,SHIFT_B,1,29.14,29.44,0.505,0.495,6.322,2.674,3.129,1.132,5.012,4.111,0.99,3,24.64,0,0.0,6.322,0.5724,23.438,19.438
2026-09-12 20:15:00,SHIFT_B,1,29.05,33.36,0.505,0.495,5.042,2.274,3.028,1.304,4.798,4.354,0.876,3,24.33,0,0.0,5.042,0.46,22.623,18.623
2026-09-12 20:30:00,SHIFT_B,1,28.96,30.13,0.505,0.495,5.612,2.911,2.727,0.869,5.481,4.285,1.037,3,24.07,0,0.0,5.612,0.5273,22.415,18.415
2026-09-12 20:45:00,SHIFT_B,1,28.87,29.77,0.505,0.495,5.495,2.775,2.897,1.093,5.043,4.596,0.917,3,23.84,0,0.0,5.495,0.5155,22.186,18.186
2026-09-12 21:00:00,SHIFT_B,1,28.78,30.48,0.5,0.5,5.755,2.571,3.013,1.046,5.303,4.564,0.884,3,23.5,0,0.0,5.755,0.5467,22.016,18.016
2026-09-12 21:15:00,SHIFT_B,1,28.7,28.37,0.5,0.5,5.699,2.815,2.878,0.933,5.133,4.122,1.013,3,23.25,0,0.0,5.699,0.514,22.028,18.028
2026-09-12 21:30:00,SHIFT_B,1,28.62,30.23,0.5,0.5,6.134,2.351,2.734,1.24,5.026,4.069,0.914,3,23.04,0,0.0,6.134,0.5557,22.072,18.072
2026-09-12 21:45:00,SHIFT_B,1,28.55,29.49,0.5,0.5,5.348,2.414,3.281,1.16,5.772,4.08,0.975,3,22.64,0,0.0,5.348,0.5161,21.797,17.797
2026-09-12 22:00:00,SHIFT_C,1,22.15,23.6,0.496,0.504,4.767,1.981,3.567,1.241,5.173,4.268,1.056,3,22.46,0,0.0,4.767,0.4506,21.821,17.821
2026-09-12 22:15:00,SHIFT_C,1,22.1,24.48,0.496,0.504,3.937,1.914,2.86,1.224,4.958,4.202,0.927,3,22.14,0,0.0,3.937,0.3585,21.342,17.342
2026-09-12 22:30:00,SHIFT_C,1,22.05,23.39,0.496,0.504,4.286,2.014,2.747,0.98,5.345,4.273,1.01,3,21.89,0,0.0,4.286,0.4006,21.146,17.146
2026-09-12 22:45:00,SHIFT_C,1,22.01,21.67,0.496,0.504,4.399,1.923,2.94,1.252,4.953,4.266,0.932,3,21.46,0,0.0,4.399,0.4039,21.179,17.179
2026-09-12 23:00:00,SHIFT_C,1,21.97,23.04,0.491,0.509,4.472,1.864,2.912,1.22,5.545,4.18,0.913,3,21.28,0,0.0,4.472,0.427,21.111,17.111
2026-09-12 23:15:00,SHIFT_C,1,21.93,21.21,0.491,0.509,4.607,2.332,2.889,1.092,4.771,4.53,0.955,3,20.82,0,0.0,4.607,0.421,21.293,17.293
2026-09-12 23:30:00,SHIFT_C,1,21.9,21.44,0.491,0.509,4.211,2.139,2.984,1.297,5.175,4.072,0.881,3,20.45,0,0.0,4.211,0.3873,21.254,17.254
2026-09-12 23:45:00,SHIFT_C,1,21.87,20.41,0.491,0.509,3.684,1.997,3.071,1.093,5.048,4.591,0.959,2,25.96,0,0.0,3.684,0.5202,21.055,17.055
2026-09-13 00:00:00,SHIFT_C,1,21.85,20.02,0.498,0.502,4.461,2.323,2.754,1.128,5.237,4.533,0.825,3,25.62,0,0.0,4.461,0.421,21.283,17.283
2026-09-13 00:15:00,SHIFT_C,1,21.83,20.38,0.498,0.502,4.637,1.821,2.809,1.274,5.416,4.449,1.102,3,25.18,0,0.0,4.637,0.457,21.563,17.563
2026-09-13 00:30:00,SHIFT_C,1,21.82,23.21,0.498,0.502,4.556,2.444,3.17,1.065,5.278,4.626,0.868,3,24.67,0,0.0,4.556,0.4342,21.52,17.52
2026-09-13 00:45:00,SHIFT_C,1,21.81,21.02,0.498,0.502,3.995,2.854,2.952,1.129,5.109,4.289,0.892,3,24.29,0,0.0,3.995,0.3673,21.416,17.416
2026-09-13 01:00:00,SHIFT_C,1,21.81,23.15,0.493,0.507,3.987,2.067,3.381,1.134,4.651,4.133,0.974,3,24.01,0,0.0,3.987,0.3497,21.094,17.094
2026-09-13 01:15:00,SHIFT_C,1,21.81,22.58,0.493,0.507,4.015,1.835,2.967,1.286,5.055,4.274,0.824,3,23.76,0,0.0,4.015,0.3698,20.843,16.843
2026-09-13 01:30:00,SHIFT_C,1,21.82,19.81,0.493,0.507,4.438,2.572,2.873,1.103,4.705,4.405,1.028,3,23.46,0,0.0,4.438,0.4017,21.082,17.082
2026-09-13 01:45:00,SHIFT_C,1,21.83,22.85,0.493,0.507,4.503,1.934,3.095,1.028,4.85,4.464,0.936,3,22.99,0,0.0,4.503,0.4089,21.048,17.048
2026-09-13 02:00:00,SHIFT_C,1,21.85,20.67,0.489,0.511,4.404,2.766,2.839,1.086,5.322,4.142,1.096,2,28.01,0,0.0,4.404,0.6194,21.182,17.182
2026-09-13 02:15:00,SHIFT_C,1,21.87,22.46,0.489,0.511,3.88,2.387,2.893,1.097,4.79,4.729,0.968,3,27.63,0,0.0,3.88,0.3618,20.876,16.876
2026-09-13 02:30:00,SHIFT_C,1,21.9,20.08,0.489,0.511,4.543,1.991,2.761,0.947,5.785,4.304,0.88,3,27.29,0,0.0,4.543,0.4358,21.14,17.14
2026-09-13 02:45:00,SHIFT_C,1,21.93,23.62,0.489,0.511,4.494,2.062,3.116,1.001,5.489,4.194,0.905,2,32.92,0,0.0,4.494,0.629,21.024,17.024
2026-09-13 03:00:00,SHIFT_C,1,21.97,21.14,0.485,0.515,3.895,2.352,3.015,1.097,5.292,4.244,0.785,3,32.49,0,0.0,3.895,0.3581,20.858,16.858
2026-09-13 03:15:00,SHIFT_C,1,22.01,21.89,0.485,0.515,4.511,1.96,3.095,1.21,5.749,4.825,0.934,3,32.32,0,0.0,4.511,0.4619,20.925,16.925
2026-09-13 03:30:00,SHIFT_C,1,22.05,21.01,0.485,0.515,4.116,2.083,3.078,1.057,4.581,4.597,0.87,3,31.92,0,0.0,4.116,0.3681,20.882,16.882
2026-09-13 03:45:00,SHIFT_C,1,22.1,21.95,0.485,0.515,4.412,1.729,2.87,1.248,5.567,3.986,0.977,3,31.45,0,0.0,4.412,0.4184,20.892,16.892
2026-09-13 04:00:00,SHIFT_C,1,22.15,19.6,0.481,0.519,3.969,2.252,2.855,1.185,5.665,4.205,0.873,3,31.09,0,0.0,3.969,0.3811,20.917,16.917
2026-09-13 04:15:00,SHIFT_C,1,22.2,24.02,0.481,0.519,4.415,2.097,2.837,1.021,5.253,4.449,0.899,3,30.78,0,0.0,4.415,0.4132,20.723,16.723
2026-09-13 04:30:00,SHIFT_C,1,22.26,22.08,0.481,0.519,4.14,1.708,2.893,0.937,5.369,4.396,1.104,3,30.43,0,0.0,4.14,0.3936,20.585,16.585
2026-09-13 04:45:00,SHIFT_C,1,22.32,23.58,0.481,0.519,4.835,2.528,3.138,1.075,5.279,4.199,1.02,3,30.23,0,0.0,4.835,0.4504,20.644,16.644
2026-09-13 05:00:00,SHIFT_C,1,22.39,24.14,0.477,0.523,4.421,2.046,3.097,1.059,5.412,4.321,0.97,3,29.88,0,0.0,4.421,0.4187,20.44,16.44
2026-09-13 05:15:00,SHIFT_C,1,22.45,23.3,0.477,0.523,4.26,1.985,3.016,1.098,5.227,4.489,0.94,3,29.68,0,0.0,4.26,0.4032,20.241,16.241
2026-09-13 05:30:00,SHIFT_C,1,22.52,23.46,0.477,0.523,4.937,1.998,2.949,1.271,5.599,4.522,1.007,3,29.43,0,0.0,4.937,0.4928,20.362,16.362
2026-09-13 05:45:00,SHIFT_C,1,22.59,21.61,0.477,0.523,4.025,2.407,2.822,1.078,5.202,4.429,0.893,3,29.12,0,0.0,4.025,0.3761,20.214,16.214
2026-09-13 06:00:00,SHIFT_A,1,27.52,28.68,0.473,0.527,6.161,2.644,3.219,1.245,5.085,4.277,1.075,3,28.81,0,0.0,6.161,0.5796,20.426,16.426
2026-09-13 06:15:00,SHIFT_A,1,27.61,27.8,0.473,0.527,6.001,2.691,3.231,1.079,5.175,4.448,0.899,3,28.45,0,0.0,6.001,0.5605,20.646,16.646
2026-09-13 06:30:00,SHIFT_A,1,27.7,30.76,0.473,0.527,5.373,2.81,2.859,1.164,5.328,4.267,0.955,3,28.25,0,0.0,5.373,0.5068,20.257,16.257
2026-09-13 06:45:00,SHIFT_A,1,27.79,26.91,0.473,0.527,5.688,2.619,2.637,1.379,5.355,4.099,1.017,3,27.88,0,0.0,5.688,0.5427,20.41,16.41
2026-09-13 07:00:00,SHIFT_A,1,27.88,28.01,0.469,0.531,5.679,2.708,2.876,1.3,5.375,4.222,0.831,3,27.61,0,0.0,5.679,0.5363,20.448,16.448
2026-09-13 07:15:00,SHIFT_A,1,27.97,27.24,0.469,0.531,5.387,2.647,3.122,1.254,5.273,4.27,0.834,3,27.37,0,0.0,5.387,0.5045,20.417,16.417
2026-09-13 07:30:00,SHIFT_A,1,28.06,28.49,0.469,0.531,5.898,2.606,2.729,1.093,5.346,4.542,1.085,3,26.93,0,0.0,5.898,0.573,20.517,16.517
2026-09-13 07:45:00,SHIFT_A,1,28.15,27.41,0.469,0.531,5.892,2.258,3.421,1.265,5.28,4.39,1.021,3,26.62,0,0.0,5.892,0.5672,20.723,16.723
2026-09-13 08:00:00,SHIFT_A,1,28.24,28.82,0.465,0.535,5.404,2.6,3.122,0.906,4.783,4.5,1.115,3,26.48,0,0.0,5.404,0.4919,20.543,16.543
2026-09-13 08:15:00,SHIFT_A,1,28.33,28.84,0.465,0.535,5.514,2.982,2.802,1.067,5.312,3.939,0.819,3,26.11,0,0.0,5.514,0.4944,20.416,16.416
2026-09-13 08:30:00,SHIFT_A,1,28.41,28.01,0.465,0.535,5.747,2.334,2.946,1.258,4.916,4.326,0.938,3,25.9,0,0.0,5.747,0.5293,20.489,16.489
2026-09-13 08:45:00,SHIFT_A,1,28.5,30.0,0.465,0.535,5.326,2.584,3.107,1.028,5.435,3.956,1.097,3,25.7,0,0.0,5.326,0.4938,20.152,16.152
2026-09-13 09:00:00,SHIFT_A,1,28.58,30.06,0.462,0.538,6.233,2.966,2.942,1.183,5.165,4.624,0.925,3,25.4,0,0.0,6.233,0.597,20.263,16.263
2026-09-13 09:15:00,SHIFT_A,1,28.65,31.9,0.462,0.538,5.268,2.532,3.166,1.202,5.538,4.495,1.001,3,25.13,0,0.0,5.268,0.5191,19.706,15.706
2026-09-13 09:30:00,SHIFT_A,1,28.73,26.48,0.462,0.538,5.439,2.761,3.071,1.132,5.091,4.152,0.926,3,24.96,0,0.0,5.439,0.4949,19.778,15.778
2026-09-13 09:45:00,SHIFT_A,1,28.8,27.79,0.462,0.538,5.961,2.604,2.911,1.162,5.317,4.478,0.906,3,24.61,0,0.0,5.961,0.5693,19.979,15.979
2026-09-13 10:00:00,SHIFT_A,1,28.87,27.74,0.459,0.541,5.672,2.715,2.769,1.005,5.41,4.327,0.986,3,24.1,0,0.0,5.672,0.5356,20.041,16.041
2026-09-13 10:15:00,SHIFT_A,1,28.93,27.68,0.459,0.541,5.369,2.576,3.323,1.313,5.233,4.524,0.893,3,23.7,0,0.0,5.369,0.5172,19.958,15.958
2026-09-13 10:30:00,SHIFT_A,1,28.99,29.02,0.459,0.541,5.489,2.618,2.744,1.07,5.537,3.875,0.955,3,23.24,0,0.0,5.489,0.5054,19.801,15.801
2026-09-13 10:45:00,SHIFT_A,1,29.04,29.41,0.459,0.541,5.75,2.576,3.146,1.261,5.216,4.027,1.017,3,23.05,0,0.0,5.75,0.5334,19.735,15.735
2026-09-13 11:00:00,SHIFT_A,1,29.09,28.71,0.455,0.545,6.288,2.587,3.004,1.132,5.436,3.832,0.907,3,22.7,0,0.0,6.288,0.5724,20.007,16.007
2026-09-13 11:15:00,SHIFT_A,1,29.13,31.13,0.455,0.545,6.315,2.317,3.2,0.942,5.092,4.112,0.971,3,22.44,0,0.0,6.315,0.5653,20.052,16.052
2026-09-13 11:30:00,SHIFT_A,1,25.67,26.12,0.455,0.545,4.469,2.25,2.973,1.035,5.718,4.309,1.052,3,22.02,0,0.0,4.469,0.4359,19.675,15.675
2026-09-13 11:45:00,SHIFT_A,1,25.7,26.53,0.455,0.545,5.673,2.261,3.121,1.373,4.456,4.168,0.995,3,21.55,0,0.0,5.673,0.5021,19.858,15.858
2026-09-13 12:00:00,SHIFT_A,1,29.23,29.16,0.452,0.548,5.739,2.516,3.072,1.248,5.736,4.437,0.922,3,21.19,0,0.0,5.739,0.5703,19.812,15.812
2026-09-13 12:15:00,SHIFT_A,1,29.25,27.62,0.452,0.548,5.851,2.824,3.326,1.023,4.54,4.364,0.941,3,21.03,0,0.0,5.851,0.512,19.975,15.975
2026-09-13 12:30:00,SHIFT_A,1,29.26,33.31,0.452,0.548,6.293,2.461,3.44,1.259,4.697,4.273,0.962,3,20.55,0,0.0,6.293,0.567,19.79,15.79
2026-09-13 12:45:00,SHIFT_A,1,29.27,28.22,0.452,0.548,6.266,2.353,3.42,1.072,4.845,4.36,0.901,2,25.43,0,0.0,6.266,0.8889,20.101,16.101
2026-09-13 13:00:00,SHIFT_A,1,29.27,29.3,0.45,0.55,6.535,2.529,2.593,1.294,4.619,4.025,1.172,3,24.97,0,0.0,6.535,0.5846,20.438,16.438
2026-09-13 13:15:00,SHIFT_A,1,29.27,29.28,0.45,0.55,5.463,2.371,2.774,0.947,5.256,4.245,0.856,3,24.63,0,0.0,5.463,0.4972,20.242,16.242
2026-09-13 13:30:00,SHIFT_A,1,29.26,30.27,0.45,0.55,6.169,2.278,3.227,0.989,5.044,4.173,0.927,3,24.26,0,0.0,6.169,0.553,20.3,16.3
2026-09-13 13:45:00,SHIFT_A,1,29.25,30.15,0.45,0.55,6.367,2.398,3.078,1.228,5.081,4.208,0.86,3,24.02,0,0.0,6.367,0.5833,20.468,16.468
2026-09-13 14:00:00,SHIFT_B,1,30.95,30.66,0.447,0.553,6.089,2.127,3.424,1.243,4.987,4.224,0.99,3,23.77,0,0.0,6.089,0.5611,20.447,16.447
2026-09-13 14:15:00,SHIFT_B,1,30.92,33.1,0.447,0.553,6.484,2.58,3.305,1.187,5.088,4.208,0.92,3,23.43,0,0.0,6.484,0.5953,20.379,16.379
2026-09-13 14:30:00,SHIFT_B,1,30.88,31.32,0.447,0.553,6.941,2.817,3.045,1.127,5.013,4.67,0.931,3,23.24,0,0.0,6.941,0.6561,20.718,16.718
2026-09-13 14:45:00,SHIFT_B,1,30.84,31.09,0.447,0.553,6.47,2.397,3.335,1.006,5.147,4.119,0.955,3,22.9,0,0.0,6.47,0.5849,20.844,16.844
2026-09-13 15:00:00,SHIFT_B,1,30.8,30.68,0.445,0.555,6.488,2.712,3.077,1.084,5.28,4.413,1.084,3,22.69,0,0.0,6.488,0.6196,21.019,17.019
2026-09-13 15:15:00,SHIFT_B,1,30.75,30.48,0.445,0.555,6.091,2.328,3.205,1.19,5.213,4.486,0.986,3,22.46,0,0.0,6.091,0.5824,21.017,17.017
2026-09-13 15:30:00,SHIFT_B,1,30.69,30.53,0.445,0.555,6.388,2.387,2.979,1.136,5.011,4.192,0.891,2,22.28,0,0.0,6.388,0.9171,21.157,17.157
2026-09-13 15:45:00,SHIFT_B,1,30.63,33.79,0.445,0.555,5.721,2.194,3.111,1.291,5.115,4.277,0.846,1,27.97,0,0.0,3.015,1.25,19.286,15.286
2026-09-13 16:00:00,SHIFT_B,1,30.56,27.77,0.442,0.558,6.176,2.531,2.799,1.014,4.701,4.754,0.964,2,27.79,2.706,6.683,6.074,1.25,19.546,15.546
2026-09-13 16:15:00,SHIFT_B,1,30.49,29.71,0.442,0.558,6.11,2.516,3.508,1.094,5.516,4.609,0.707,2,27.56,2.809,7.187,5.862,1.25,19.505,15.505
2026-09-13 16:30:00,SHIFT_B,1,30.42,30.75,0.442,0.558,5.461,2.38,3.003,1.09,5.004,4.095,0.849,3,27.25,3.057,4.137,8.519,0.7685,20.69,16.69
2026-09-13 16:45:00,SHIFT_B,1,30.34,30.07,0.442,0.558,6.523,2.521,2.81,0.986,5.184,4.778,0.836,2,31.53,0,0.0,6.509,1.0021,20.937,16.937
2026-09-13 17:00:00,SHIFT_B,1,30.26,32.28,0.44,0.56,6.555,2.596,2.939,1.271,4.738,3.983,1.132,3,31.2,0.014,0.019,6.569,0.5883,20.993,16.993
2026-09-13 17:15:00,SHIFT_B,1,30.17,28.12,0.44,0.56,5.551,2.115,3.158,1.181,5.314,5.094,1.039,3,30.89,0,0.0,5.551,0.5644,20.956,16.956
2026-09-13 17:30:00,SHIFT_B,1,30.08,30.93,0.44,0.56,6.659,2.392,2.795,1.23,5.527,4.594,0.995,3,30.64,0,0.0,6.659,0.6619,21.193,17.193
2026-09-13 17:45:00,SHIFT_B,1,29.99,31.68,0.44,0.56,6.002,2.211,3.113,1.055,5.476,4.199,1.035,3,30.44,0,0.0,6.002,0.5686,21.026,17.026
2026-09-13 18:00:00,SHIFT_B,1,29.9,27.59,0.438,0.562,5.462,1.986,3.09,1.021,5.588,4.014,1.01,3,30.12,0,0.0,5.462,0.5116,20.998,16.998
2026-09-13 18:15:00,SHIFT_B,1,29.81,29.0,0.438,0.562,5.761,2.587,2.899,1.093,5.024,4.357,0.874,3,29.73,0,0.0,5.761,0.5264,20.978,16.978
2026-09-13 18:30:00,SHIFT_B,1,29.71,30.02,0.438,0.562,5.212,2.335,3.14,1.269,5.627,4.331,0.974,3,29.28,0,0.0,5.212,0.512,20.582,16.582
2026-09-13 18:45:00,SHIFT_B,1,29.62,29.54,0.438,0.562,6.041,2.606,2.66,1.087,5.57,3.95,0.995,3,29.01,0,0.0,6.041,0.5643,20.649,16.649
2026-09-13 19:00:00,SHIFT_B,1,25.98,24.65,0.436,0.564,5.376,2.601,3.328,1.266,4.944,4.362,1.054,3,28.63,0,0.0,5.376,0.5032,20.871,16.871
2026-09-13 19:15:00,SHIFT_B,1,25.89,26.2,0.436,0.564,4.872,2.28,2.797,1.199,4.884,4.393,0.875,3,28.33,0,0.0,4.872,0.4453,20.688,16.688
2026-09-13 19:30:00,SHIFT_B,1,29.33,29.29,0.436,0.564,5.581,2.517,2.936,1.13,5.364,4.385,0.989,3,28.02,0,0.0,5.581,0.5333,20.549,16.549
2026-09-13 19:45:00,SHIFT_B,1,29.23,30.77,0.436,0.564,5.863,2.169,3.177,1.24,5.337,4.264,1.057,3,27.73,0,0.0,5.863,0.5617,20.404,16.404
2026-09-13 20:00:00,SHIFT_B,1,29.14,29.64,0.435,0.565,5.727,2.76,2.928,1.171,5.562,4.636,0.974,3,27.51,0,0.0,5.727,0.5691,20.304,16.304
2026-09-13 20:15:00,SHIFT_B,1,29.05,29.01,0.435,0.565,5.968,2.389,3.042,1.054,4.93,3.919,0.933,3,27.1,0,0.0,5.968,0.5207,20.386,16.386
2026-09-13 20:30:00,SHIFT_B,1,28.96,27.61,0.435,0.565,5.803,2.644,2.925,0.99,5.182,4.412,0.922,3,26.66,0,0.0,5.803,0.5376,20.527,16.527
2026-09-13 20:45:00,SHIFT_B,1,28.87,29.97,0.435,0.565,6.039,2.716,2.928,1.042,5.288,4.687,0.973,3,26.32,0,0.0,6.039,0.583,20.55,16.55
2026-09-13 21:00:00,SHIFT_B,1,28.78,29.29,0.434,0.566,5.493,2.546,3.15,1.117,5.344,4.449,1.11,3,25.82,0,0.0,5.493,0.5316,20.367,16.367
2026-09-13 21:15:00,SHIFT_B,1,28.7,26.39,0.434,0.566,5.498,2.731,3.083,1.133,5.248,4.115,1.089,3,25.5,0,0.0,5.498,0.5128,20.478,16.478
2026-09-13 21:30:00,SHIFT_B,1,28.62,28.12,0.434,0.566,5.481,2.663,2.915,1.135,5.247,4.543,0.937,3,25.16,0,0.0,5.481,0.5236,20.407,16.407
2026-09-13 21:45:00,SHIFT_B,1,28.55,30.86,0.434,0.566,5.893,2.729,2.838,1.209,5.283,3.93,1.036,3,24.82,0,0.0,5.893,0.5437,20.267,16.267
2026-09-13 22:00:00,SHIFT_C,1,22.15,22.75,0.433,0.567,4.366,2.438,3.417,1.11,5.04,4.573,0.976,3,24.66,0,0.0,4.366,0.4112,20.175,16.175
2026-09-13 22:15:00,SHIFT_C,1,22.1,24.81,0.433,0.567,4.328,2.224,3.004,1.027,5.99,4.239,1.106,3,24.21,0,0.0,4.328,0.4307,19.858,15.858
2026-09-13 22:30:00,SHIFT_C,1,22.05,21.52,0.433,0.567,4.547,2.265,2.962,1.234,5.66,4.131,0.909,3,23.8,0,0.0,4.547,0.437,19.98,15.98
2026-09-13 22:45:00,SHIFT_C,1,22.01,20.44,0.433,0.567,4.956,2.095,3.252,1.114,5.098,4.064,0.814,3,23.58,0,0.0,4.956,0.4426,20.414,16.414
2026-09-13 23:00:00,SHIFT_C,1,21.97,22.02,0.432,0.568,4.853,1.981,2.947,1.324,5.153,4.303,0.938,3,23.28,0,0.0,4.853,0.4579,20.638,16.638
2026-09-13 23:15:00,SHIFT_C,1,21.93,20.67,0.432,0.568,4.714,1.879,3.057,1.069,5.633,4.582,0.986,3,23.01,0,0.0,4.714,0.4657,20.928,16.928
2026-09-13 23:30:00,SHIFT_C,1,21.9,22.54,0.432,0.568,4.119,1.95,2.993,1.046,4.903,3.87,1.054,3,22.51,0,0.0,4.119,0.3606,20.733,16.733
2026-09-13 23:45:00,SHIFT_C,1,21.87,21.47,0.432,0.568,4.491,2.064,2.528,1.004,5.127,4.347,0.935,3,22.18,0,0.0,4.491,0.4126,20.831,16.831
2026-09-14 00:00:00,SHIFT_C,0,26.65,26.92,0.433,0.567,5.572,1.967,3.135,1.321,5.323,4.458,0.887,3,21.93,0,0.0,5.572,0.5378,20.926,16.926
2026-09-14 00:15:00,SHIFT_C,0,26.63,27.71,0.433,0.567,5.43,2.617,2.871,1.042,4.617,4.151,0.925,3,21.6,0,0.0,5.43,0.4693,20.869,16.869
2026-09-14 00:30:00,SHIFT_C,0,26.61,26.83,0.433,0.567,5.489,2.735,3.048,1.322,5.219,4.573,1.0,3,21.4,0,0.0,5.489,0.5353,20.93,16.93
2026-09-14 00:45:00,SHIFT_C,0,26.6,25.43,0.433,0.567,5.225,2.569,3.289,1.319,5.202,3.953,0.804,3,21.01,0,0.0,5.225,0.4745,21.0,17.0
2026-09-14 01:00:00,SHIFT_C,0,26.6,27.4,0.432,0.568,4.962,2.381,2.675,0.963,5.26,4.444,0.925,3,20.9,0,0.0,4.962,0.4631,20.741,16.741
2026-09-14 01:15:00,SHIFT_C,0,26.6,25.98,0.432,0.568,5.142,3.038,2.936,1.122,4.781,4.153,1.056,3,20.56,0,0.0,5.142,0.4601,20.714,16.714
2026-09-14 01:30:00,SHIFT_C,0,26.61,26.27,0.432,0.568,5.531,2.815,3.0,1.079,5.369,4.407,1.009,3,20.28,0,0.0,5.531,0.5284,20.853,16.853
2026-09-14 01:45:00,SHIFT_C,0,26.63,27.3,0.432,0.568,4.987,2.692,3.187,1.165,4.894,4.16,0.943,3,20.04,0,0.0,4.987,0.4482,20.616,16.616
2026-09-14 02:00:00,SHIFT_C,0,26.65,25.4,0.431,0.569,5.371,1.938,3.032,1.12,5.278,4.022,0.992,3,19.56,0,0.0,5.371,0.4935,20.762,16.762
2026-09-14 02:15:00,SHIFT_C,0,26.67,28.04,0.431,0.569,5.741,2.385,2.856,1.202,5.586,4.598,0.868,3,19.28,0,0.0,5.741,0.5664,20.828,16.828
2026-09-14 02:30:00,SHIFT_C,0,26.71,25.54,0.431,0.569,5.102,2.728,3.018,1.244,5.309,4.45,1.021,2,24.72,0,0.0,5.102,0.7466,20.825,16.825
2026-09-14 02:45:00,SHIFT_C,0,26.74,26.47,0.431,0.569,6.004,2.382,3.143,1.049,5.558,4.566,0.946,3,24.3,0,0.0,6.004,0.5858,21.18,17.18
2026-09-14 03:00:00,SHIFT_C,0,26.79,25.22,0.431,0.569,5.714,2.715,2.864,1.067,4.374,4.212,0.897,2,28.67,0,0.0,5.714,0.7306,21.515,17.515
2026-09-14 03:15:00,SHIFT_C,0,26.84,27.34,0.431,0.569,5.529,2.349,2.974,1.188,4.905,4.456,1.036,3,28.47,0,0.0,5.529,0.5158,21.545,17.545
2026-09-14 03:30:00,SHIFT_C,0,26.89,25.86,0.431,0.569,5.25,2.47,2.87,1.218,5.36,4.361,1.054,3,28.23,0,0.0,5.25,0.5069,21.585,17.585
2026-09-14 03:45:00,SHIFT_C,0,26.95,27.01,0.431,0.569,5.175,2.913,3.046,1.023,5.289,4.583,0.986,3,27.81,0,0.0,5.175,0.4951,21.471,17.471
2026-09-14 04:00:00,SHIFT_C,0,27.01,26.41,0.43,0.57,5.244,2.986,2.801,1.242,5.139,4.635,0.868,3,27.52,0,0.0,5.244,0.5018,21.452,17.452
2026-09-14 04:15:00,SHIFT_C,0,27.08,25.43,0.43,0.57,5.968,2.359,2.884,1.292,5.717,4.057,0.917,3,27.26,0,0.0,5.968,0.5758,21.893,17.893
2026-09-14 04:30:00,SHIFT_C,0,27.15,28.82,0.43,0.57,5.619,2.484,2.92,1.422,5.192,4.872,0.985,3,26.89,0,0.0,5.619,0.5642,21.821,17.821
2026-09-14 04:45:00,SHIFT_C,0,27.22,26.23,0.43,0.57,5.611,2.863,2.926,1.354,5.593,4.452,0.938,3,26.48,0,0.0,5.611,0.5573,22.003,18.003
2026-09-14 05:00:00,SHIFT_C,0,27.3,28.19,0.43,0.57,5.009,2.232,3.038,1.033,5.32,4.359,1.02,3,26.1,0,0.0,5.009,0.4732,21.689,17.689
2026-09-14 05:15:00,SHIFT_C,0,27.38,26.28,0.43,0.57,5.379,2.446,3.006,1.042,4.854,4.597,0.853,3,25.69,0,0.0,5.379,0.4914,21.751,17.751
2026-09-14 05:30:00,SHIFT_C,0,27.46,25.66,0.43,0.57,5.293,2.397,3.106,1.058,5.066,3.983,1.025,2,30.59,0,0.0,5.293,0.7117,21.831,17.831
2026-09-14 05:45:00,SHIFT_C,0,27.55,24.96,0.43,0.57,5.009,2.595,3.143,1.2,5.651,3.771,0.733,3,30.42,0,0.0,5.009,0.4579,21.84,17.84
2026-09-14 06:00:00,SHIFT_A,0,33.56,33.37,0.43,0.57,6.161,3.469,3.314,1.018,5.131,3.965,1.024,3,30.03,0,0.0,6.161,0.5525,21.584,17.584
2026-09-14 06:15:00,SHIFT_A,0,33.67,34.39,0.43,0.57,7.569,3.475,2.964,1.005,5.2,4.436,1.057,3,29.69,0,0.0,7.569,0.7128,21.93,17.93
2026-09-14 06:30:00,SHIFT_A,0,33.78,31.57,0.43,0.57,7.143,3.276,3.175,1.242,5.159,3.856,1.134,3,29.37,0,0.0,7.143,0.6551,22.344,18.344
2026-09-14 06:45:00,SHIFT_A,0,33.89,34.37,0.43,0.57,6.617,3.34,2.729,1.08,5.567,4.433,0.972,3,28.95,0,0.0,6.617,0.6421,22.216,18.216
2026-09-14 07:00:00,SHIFT_A,0,34.0,32.1,0.43,0.57,6.911,3.055,3.197,1.185,5.065,4.064,0.901,3,28.67,0,0.0,6.911,0.6241,22.461,18.461
2026-09-14 07:15:00,SHIFT_A,0,34.11,33.14,0.43,0.57,7.009,3.44,3.368,1.068,5.195,4.201,0.959,3,28.23,0,0.0,7.009,0.6447,22.652,18.652
2026-09-14 07:30:00,SHIFT_A,0,34.22,32.97,0.43,0.57,7.143,2.914,3.363,1.277,5.583,4.271,0.951,3,27.73,0,0.0,7.143,0.6948,22.926,18.926
2026-09-14 07:45:00,SHIFT_A,0,34.33,33.58,0.43,0.57,6.18,2.964,2.717,1.25,5.687,4.534,1.083,3,27.61,0,0.0,6.18,0.6247,22.659,18.659
2026-09-14 08:00:00,SHIFT_A,0,34.44,31.99,0.431,0.569,6.626,3.273,2.742,1.211,5.154,4.161,1.007,3,27.25,0,0.0,6.626,0.6153,22.773,18.773
2026-09-14 08:15:00,SHIFT_A,0,34.55,33.69,0.431,0.569,6.772,2.954,3.299,1.216,5.045,4.562,0.985,3,26.86,0,0.0,6.772,0.6438,22.79,18.79
2026-09-14 08:30:00,SHIFT_A,0,34.65,34.06,0.431,0.569,6.827,2.931,2.763,1.087,6.063,4.377,0.88,3,26.51,0,0.0,6.827,0.6819,22.797,18.797
2026-09-14 08:45:00,SHIFT_A,0,34.75,33.71,0.431,0.569,6.888,3.002,3.104,1.234,4.357,4.435,0.987,3,26.3,0,0.0,6.888,0.6107,22.87,18.87
2026-09-14 09:00:00,SHIFT_A,0,34.85,35.19,0.431,0.569,7.051,3.239,3.394,1.041,4.813,4.357,0.923,3,26.12,0,0.0,7.051,0.6321,22.877,18.877
2026-09-14 09:15:00,SHIFT_A,0,34.94,34.57,0.431,0.569,7.034,2.679,3.149,1.121,5.108,4.062,0.932,3,25.83,0,0.0,7.034,0.6357,22.937,18.937
2026-09-14 09:30:00,SHIFT_A,0,35.03,33.43,0.431,0.569,6.162,2.557,3.036,1.31,5.225,4.186,0.924,3,25.57,0,0.0,6.162,0.5777,22.675,18.675
2026-09-14 09:45:00,SHIFT_A,0,35.12,34.74,0.431,0.569,7.141,3.229,3.358,0.995,5.758,4.193,0.896,3,25.21,0,0.0,7.141,0.6808,22.772,18.772
2026-09-14 10:00:00,SHIFT_A,0,35.2,35.08,0.432,0.568,6.8,2.722,2.75,1.028,5.269,4.296,1.13,3,24.77,0,0.0,6.8,0.6419,22.664,18.664
2026-09-14 10:15:00,SHIFT_A,0,35.28,33.5,0.432,0.568,7.211,2.848,2.949,1.163,4.977,4.024,0.875,3,24.41,0,0.0,7.211,0.6409,22.92,18.92
2026-09-14 10:30:00,SHIFT_A,0,35.35,38.08,0.432,0.568,6.928,2.895,2.802,0.968,5.444,4.625,0.897,3,24.12,0,0.0,6.928,0.6657,22.576,18.576
2026-09-14 10:45:00,SHIFT_A,0,35.41,35.41,0.432,0.568,6.844,3.186,2.789,1.095,5.336,4.715,0.93,3,23.92,0,0.0,6.844,0.6654,22.456,18.456
2026-09-14 11:00:00,SHIFT_A,0,35.47,33.8,0.433,0.567,6.809,2.937,3.032,1.14,5.209,3.933,0.932,3,23.65,0,0.0,6.809,0.6147,22.48,18.48
2026-09-14 11:15:00,SHIFT_A,0,35.52,36.05,0.433,0.567,7.501,2.773,3.002,1.287,5.214,4.041,0.998,3,23.37,0,0.0,7.501,0.6971,22.626,18.626
2026-09-14 11:30:00,SHIFT_A,0,31.3,31.81,0.433,0.567,6.802,3.002,2.921,1.006,4.949,4.483,0.863,3,23.05,0,0.0,6.802,0.619,22.845,18.845
2026-09-14 11:45:00,SHIFT_A,0,31.34,31.79,0.433,0.567,6.705,3.175,3.384,1.128,5.181,4.38,0.876,3,22.8,0,0.0,6.705,0.6243,23.019,19.019
2026-09-14 12:00:00,SHIFT_A,0,35.64,36.88,0.435,0.565,6.881,2.763,2.607,1.142,5.53,4.258,0.993,3,22.48,0,0.0,6.881,0.6605,22.772,18.772
2026-09-14 12:15:00,SHIFT_A,0,35.67,34.37,0.435,0.565,6.961,2.924,3.114,0.978,5.516,4.346,0.872,3,22.15,0,0.0,6.961,0.6564,22.816,18.816
2026-09-14 12:30:00,SHIFT_A,0,35.69,32.51,0.435,0.565,7.47,3.103,2.887,1.144,5.174,4.342,0.924,3,21.87,0,0.0,7.47,0.6968,23.3,19.3
2026-09-14 12:45:00,SHIFT_A,0,35.7,35.8,0.435,0.565,7.263,2.725,2.873,1.209,5.076,4.357,0.901,3,21.48,0,0.0,7.263,0.675,23.351,19.351
2026-09-14 13:00:00,SHIFT_A,0,35.7,36.16,0.436,0.564,6.675,3.202,3.166,1.219,5.339,4.319,1.05,3,21.2,0,0.0,6.675,0.641,23.072,19.072
2026-09-14 13:15:00,SHIFT_A,0,35.7,33.17,0.436,0.564,6.724,2.591,2.885,1.231,5.365,3.971,0.946,3,20.84,0,0.0,6.724,0.6233,23.118,19.118
2026-09-14 13:30:00,SHIFT_A,0,35.69,36.3,0.436,0.564,6.73,3.031,3.144,1.152,5.521,4.384,0.919,3,20.61,0,0.0,6.73,0.6489,22.852,18.852
2026-09-14 13:45:00,SHIFT_A,0,35.67,36.14,0.436,0.564,7.139,3.01,2.855,1.173,5.292,4.114,0.994,2,24.94,0,0.0,6.457,1.1057,22.466,18.466
2026-09-14 14:00:00,SHIFT_B,0,37.74,39.59,0.438,0.562,8.138,2.903,3.158,1.124,5.071,4.223,0.945,3,24.38,0.683,0.969,8.82,0.8348,22.917,18.917
2026-09-14 14:15:00,SHIFT_B,0,37.7,38.32,0.438,0.562,7.193,2.704,3.145,1.062,5.058,4.26,0.896,3,24.04,0,0.0,7.193,0.653,22.682,18.682
2026-09-14 14:30:00,SHIFT_B,0,37.66,34.1,0.438,0.562,6.975,2.741,3.006,1.148,5.131,3.921,0.958,3,23.65,0,0.0,6.975,0.6266,22.76,18.76
2026-09-14 14:45:00,SHIFT_B,0,37.61,36.0,0.438,0.562,7.388,2.493,2.959,1.264,4.782,4.319,0.758,3,23.34,0,0.0,7.388,0.6616,22.853,18.853
2026-09-14 15:00:00,SHIFT_B,0,37.56,39.37,0.44,0.56,8.069,2.804,2.948,1.248,4.98,4.314,0.825,3,23.06,0,0.0,8.069,0.744,22.95,18.95
2026-09-14 15:15:00,SHIFT_B,0,37.5,39.61,0.44,0.56,7.889,2.56,2.903,1.06,5.127,4.606,1.006,3,22.59,0,0.0,7.889,0.7579,22.935,18.935
2026-09-14 15:30:00,SHIFT_B,0,37.43,38.51,0.44,0.56,7.991,2.761,3.008,1.194,4.965,4.507,0.922,3,22.17,0,0.0,7.991,0.7529,23.079,19.079
2026-09-14 15:45:00,SHIFT_B,0,37.35,39.12,0.44,0.56,7.53,2.717,2.576,1.201,5.18,4.199,0.783,2,26.69,0,0.0,6.483,1.1616,22.409,18.409
2026-09-14 16:00:00,SHIFT_B,0,37.27,37.33,0.442,0.558,7.868,2.652,3.195,1.16,5.47,4.155,0.879,3,26.37,1.047,1.542,8.915,0.8751,23.133,19.133
2026-09-14 16:15:00,SHIFT_B,0,37.19,34.62,0.442,0.558,7.316,2.692,2.841,1.033,4.774,4.046,0.853,3,26.18,0,0.0,7.316,0.6306,23.329,19.329
2026-09-14 16:30:00,SHIFT_B,0,37.1,37.57,0.442,0.558,6.817,2.527,3.176,1.196,5.435,4.222,0.992,3,25.77,0,0.0,6.817,0.6501,22.98,18.98
2026-09-14 16:45:00,SHIFT_B,0,37.0,37.79,0.442,0.558,7.171,2.665,2.81,1.307,5.351,4.161,1.002,3,25.32,0,0.0,7.171,0.6825,22.787,18.787
2026-09-14 17:00:00,SHIFT_B,0,36.9,35.99,0.444,0.556,7.234,2.963,3.248,1.193,5.052,4.117,1.066,3,24.93,0,0.0,7.234,0.6656,22.804,18.804
2026-09-14 17:15:00,SHIFT_B,0,36.8,37.29,0.444,0.556,7.327,2.974,3.135,1.338,5.103,3.909,1.181,3,24.58,0,0.0,7.327,0.6802,22.738,18.738
2026-09-14 17:30:00,SHIFT_B,0,36.69,37.13,0.444,0.556,7.558,2.99,3.17,1.257,5.365,4.449,0.945,2,29.17,0,0.0,6.039,1.25,22.045,18.045
2026-09-14 17:45:00,SHIFT_B,0,36.58,35.27,0.444,0.556,7.003,2.694,3.009,1.173,5.226,4.451,0.961,3,28.87,1.52,2.242,8.523,0.8385,22.779,18.779
2026-09-14 18:00:00,SHIFT_B,0,36.47,35.61,0.446,0.554,7.331,2.579,2.73,1.094,5.419,4.399,0.805,3,28.53,0,0.0,7.331,0.6916,22.884,18.884
2026-09-14 18:15:00,SHIFT_B,0,36.35,34.17,0.446,0.554,7.375,2.667,3.277,1.136,5.254,4.387,0.897,3,28.11,0,0.0,7.375,0.6931,23.154,19.154
2026-09-14 18:30:00,SHIFT_B,0,36.23,37.55,0.446,0.554,6.906,3.041,3.087,1.07,4.924,4.477,0.952,3,27.9,0,0.0,6.906,0.6352,22.852,18.852
2026-09-14 18:45:00,SHIFT_B,0,36.12,38.06,0.446,0.554,7.376,3.011,2.829,1.145,5.057,4.026,0.948,3,27.62,0,0.0,7.376,0.6638,22.733,18.733
2026-09-14 19:00:00,SHIFT_B,0,31.68,32.52,0.449,0.551,6.192,2.68,3.123,1.222,5.512,4.415,0.869,3,27.25,0,0.0,6.192,0.5992,22.578,18.578
2026-09-14 19:15:00,SHIFT_B,0,31.58,29.28,0.449,0.551,6.584,2.82,3.118,1.246,5.451,4.029,0.968,3,26.91,0,0.0,6.584,0.6199,22.942,18.942
2026-09-14 19:30:00,SHIFT_B,0,35.77,36.49,0.449,0.551,6.922,2.845,2.747,1.167,5.315,4.059,0.838,3,26.52,0,0.0,6.922,0.6341,22.753,18.753
2026-09-14 19:45:00,SHIFT_B,0,35.65,37.64,0.449,0.551,7.509,2.927,2.838,1.013,5.313,4.412,0.859,3,26.2,0,0.0,7.509,0.7012,22.745,18.745
2026-09-14 20:00:00,SHIFT_B,0,35.53,36.49,0.452,0.548,6.651,3.086,2.741,1.163,4.858,3.994,0.952,3,25.86,0,0.0,6.651,0.5873,22.421,18.421
2026-09-14 20:15:00,SHIFT_B,0,35.42,34.17,0.452,0.548,7.886,2.967,3.396,1.109,4.868,4.29,1.071,3,25.37,0,0.0,7.886,0.72,22.946,18.946
2026-09-14 20:30:00,SHIFT_B,0,35.31,35.57,0.452,0.548,6.774,2.896,3.095,1.171,5.021,4.269,0.864,3,25.05,0,0.0,6.774,0.6177,22.777,18.777
2026-09-14 20:45:00,SHIFT_B,0,35.2,35.28,0.452,0.548,6.993,3.005,3.051,1.14,4.879,3.864,1.072,3,24.7,0,0.0,6.993,0.6168,22.745,18.745
2026-09-14 21:00:00,SHIFT_B,0,35.1,35.36,0.455,0.545,6.764,2.963,3.053,1.249,5.453,4.343,1.018,3,24.43,0,0.0,6.764,0.6569,22.591,18.591
2026-09-14 21:15:00,SHIFT_B,0,35.0,34.38,0.455,0.545,6.861,2.972,2.778,1.09,5.375,4.496,0.976,3,24.31,0,0.0,6.861,0.6594,22.584,18.584
2026-09-14 21:30:00,SHIFT_B,0,34.9,37.46,0.455,0.545,7.186,3.067,3.462,1.194,5.319,4.181,0.868,3,24.02,0,0.0,7.186,0.6689,22.431,18.431
2026-09-14 21:45:00,SHIFT_B,0,34.81,35.27,0.455,0.545,6.906,3.256,2.991,1.105,5.489,4.627,0.916,3,23.57,0,0.0,6.906,0.6749,22.357,18.357
2026-09-14 22:00:00,SHIFT_C,0,27.01,23.78,0.458,0.542,5.537,2.284,3.384,1.106,4.402,4.396,1.072,3,23.34,0,0.0,5.537,0.4893,22.748,18.748
2026-09-14 22:15:00,SHIFT_C,0,26.95,27.11,0.458,0.542,5.86,1.951,3.115,1.127,5.338,4.758,0.955,3,22.97,0,0.0,5.86,0.5746,22.967,18.967
2026-09-14 22:30:00,SHIFT_C,0,26.89,27.35,0.458,0.542,5.712,2.64,3.351,1.235,5.388,4.611,1.011,3,22.86,0,0.0,5.712,0.5631,23.088,19.088
2026-09-14 22:45:00,SHIFT_C,0,26.84,28.18,0.458,0.542,5.589,2.532,3.108,1.261,5.119,4.725,1.01,3,22.43,0,0.0,5.589,0.5452,23.065,19.065
2026-09-14 23:00:00,SHIFT_C,0,26.79,27.8,0.461,0.539,5.088,2.207,2.829,1.316,5.103,4.252,0.876,3,22.13,0,0.0,5.088,0.473,22.829,18.829
2026-09-14 23:15:00,SHIFT_C,0,26.74,27.18,0.461,0.539,5.208,2.367,3.238,1.165,4.422,4.865,0.944,3,21.73,0,0.0,5.208,0.4779,22.715,18.715
2026-09-14 23:30:00,SHIFT_C,0,26.71,27.67,0.461,0.539,5.574,2.709,2.705,1.253,5.392,4.412,0.893,2,27.11,0,0.0,5.574,0.83,22.735,18.735
2026-09-14 23:45:00,SHIFT_C,0,26.67,27.33,0.461,0.539,4.464,2.677,2.877,0.992,5.021,4.372,0.814,3,26.85,0,0.0,4.464,0.4025,22.234,18.234
2026-09-15 00:00:00,SHIFT_C,0,26.65,26.73,0.456,0.544,5.414,2.58,3.01,1.196,5.229,4.137,1.078,3,26.54,0,0.0,5.414,0.5074,22.268,18.268
2026-09-15 00:15:00,SHIFT_C,0,26.63,27.11,0.456,0.544,5.683,2.91,3.151,1.249,4.907,4.75,0.994,3,26.24,0,0.0,5.683,0.5445,22.399,18.399
2026-09-15 00:30:00,SHIFT_C,0,26.61,27.2,0.456,0.544,5.141,2.919,2.936,1.106,5.192,3.909,1.051,3,25.91,0,0.0,5.141,0.466,22.25,18.25
2026-09-15 00:45:00,SHIFT_C,0,26.6,28.37,0.456,0.544,5.07,2.169,2.913,1.104,5.63,3.995,1.01,3,25.54,0,0.0,5.07,0.4792,21.947,17.947
2026-09-15 01:00:00,SHIFT_C,0,26.6,24.94,0.459,0.541,5.462,2.693,2.639,0.925,5.476,4.224,0.914,3,25.04,0,0.0,5.462,0.5074,22.184,18.184
2026-09-15 01:15:00,SHIFT_C,0,26.6,28.6,0.459,0.541,5.092,2.595,2.96,1.09,5.005,4.18,0.991,3,24.77,0,0.0,5.092,0.4619,21.869,17.869
2026-09-15 01:30:00,SHIFT_C,0,26.61,24.73,0.459,0.541,5.56,2.32,2.795,1.081,5.764,4.475,0.946,3,24.43,0,0.0,5.56,0.5491,22.176,18.176
2026-09-15 01:45:00,SHIFT_C,0,26.63,27.27,0.459,0.541,5.28,2.791,3.15,1.298,5.468,4.38,1.091,3,24.31,0,0.0,5.28,0.5203,22.089,18.089
2026-09-15 02:00:00,SHIFT_C,0,26.65,26.72,0.463,0.537,5.591,2.665,3.079,1.15,5.277,4.747,1.098,3,23.78,0,0.0,5.591,0.5525,22.212,18.212
2026-09-15 02:15:00,SHIFT_C,0,26.67,28.06,0.463,0.537,5.141,2.43,2.987,0.984,5.266,4.675,0.931,3,23.38,0,0.0,5.141,0.4907,21.976,17.976
2026-09-15 02:30:00,SHIFT_C,0,26.71,25.77,0.463,0.537,5.558,2.678,3.228,1.219,5.218,4.311,0.956,3,23.13,0,0.0,5.558,0.5238,22.179,18.179
2026-09-15 02:45:00,SHIFT_C,0,26.74,27.73,0.463,0.537,4.814,3.019,2.669,1.232,5.165,4.504,1.026,3,22.87,0,0.0,4.814,0.4623,21.813,17.813
2026-09-15 03:00:00,SHIFT_C,0,26.79,24.96,0.466,0.534,5.61,2.425,2.76,1.109,5.043,4.516,1.052,3,22.52,0,0.0,5.61,0.5293,22.121,18.121
2026-09-15 03:15:00,SHIFT_C,0,26.84,26.25,0.466,0.534,5.231,2.442,3.218,1.155,5.256,4.019,0.972,3,22.15,0,0.0,5.231,0.4802,22.111,18.111
2026-09-15 03:30:00,SHIFT_C,0,26.89,25.76,0.466,0.534,5.618,2.536,3.325,1.066,5.154,4.285,0.872,2,26.46,0,0.0,5.618,0.7877,22.344,18.344
2026-09-15 03:45:00,SHIFT_C,0,26.95,25.11,0.466,0.534,5.401,2.615,2.762,0.914,4.713,4.516,1.037,3,26.07,0,0.0,5.401,0.4862,22.534,18.534
2026-09-15 04:00:00,SHIFT_C,0,27.01,26.72,0.47,0.53,6.009,2.361,3.148,1.22,5.325,4.348,1.031,2,31.12,0,0.0,6.009,0.9128,22.866,18.866
2026-09-15 04:15:00,SHIFT_C,0,27.08,27.23,0.47,0.53,5.13,2.922,3.026,1.21,5.184,4.383,0.904,3,30.71,0,0.0,5.13,0.4825,22.709,18.709
2026-09-15 04:30:00,SHIFT_C,0,27.15,27.93,0.47,0.53,5.448,2.487,3.208,1.199,4.684,3.772,0.931,3,30.46,0,0.0,5.448,0.4644,22.64,18.64
2026-09-15 04:45:00,SHIFT_C,0,27.22,27.95,0.47,0.53,5.68,2.602,2.997,1.167,4.91,4.424,0.849,3,29.99,0,0.0,5.68,0.5191,22.685,18.685
2026-09-15 05:00:00,SHIFT_C,0,27.3,26.22,0.474,0.526,5.665,2.762,2.897,1.095,4.93,4.724,1.014,3,29.61,0,0.0,5.665,0.5366,22.895,18.895
2026-09-15 05:15:00,SHIFT_C,0,27.38,26.76,0.474,0.526,5.186,2.669,3.022,1.085,5.246,4.617,0.989,3,29.38,0,0.0,5.186,0.4984,22.812,18.812
2026-09-15 05:30:00,SHIFT_C,0,27.46,29.74,0.474,0.526,5.805,2.339,2.979,1.192,5.2,4.147,0.898,3,29.09,0,0.0,5.805,0.5345,22.74,18.74
2026-09-15 05:45:00,SHIFT_C,0,27.55,28.16,0.474,0.526,5.183,2.632,3.338,1.118,5.087,4.243,1.048,3,28.64,0,0.0,5.183,0.4797,22.516,18.516
2026-09-15 06:00:00,SHIFT_A,0,33.56,36.06,0.478,0.522,6.346,3.318,3.371,1.206,5.188,4.462,0.937,3,28.32,0,0.0,6.346,0.6025,22.083,18.083
2026-09-15 06:15:00,SHIFT_A,0,33.67,34.39,0.478,0.522,6.299,3.246,2.805,1.308,5.26,4.016,0.92,3,28.13,0,0.0,6.299,0.5835,21.793,17.793
2026-09-15 06:30:00,SHIFT_A,0,33.78,30.97,0.478,0.522,6.641,2.854,2.611,1.338,4.77,4.268,0.907,3,27.8,0,0.0,6.641,0.6033,22.017,18.017
2026-09-15 06:45:00,SHIFT_A,0,33.89,33.43,0.478,0.522,6.298,2.921,3.056,1.087,4.503,4.214,0.868,3,27.58,0,0.0,6.298,0.5411,21.823,17.823
2026-09-15 07:00:00,SHIFT_A,0,34.0,34.15,0.482,0.518,6.701,2.699,3.322,1.238,5.23,4.002,0.807,3,27.13,0,0.0,6.701,0.6085,21.758,17.758
2026-09-15 07:15:00,SHIFT_A,0,34.11,32.3,0.482,0.518,6.678,3.02,2.953,0.995,5.208,4.341,0.913,3,26.77,0,0.0,6.678,0.6159,21.867,17.867
2026-09-15 07:30:00,SHIFT_A,0,34.22,33.58,0.482,0.518,6.53,2.998,3.008,1.123,5.476,4.058,1.098,3,26.66,0,0.0,6.53,0.618,21.774,17.774
2026-09-15 07:45:00,SHIFT_A,0,34.33,34.32,0.482,0.518,7.059,2.694,2.964,1.353,5.316,3.966,0.848,3,26.33,0,0.0,7.059,0.6526,21.872,17.872
2026-09-15 08:00:00,SHIFT_A,0,34.44,33.91,0.486,0.514,7.104,3.359,3.03,1.204,5.03,4.343,0.87,3,26.21,0,0.0,7.104,0.6547,22.033,18.033
2026-09-15 08:15:00,SHIFT_A,0,34.55,33.81,0.486,0.514,7.421,3.191,2.985,1.15,5.182,4.193,0.829,3,25.92,0,0.0,7.421,0.6784,22.362,18.362
2026-09-15 08:30:00,SHIFT_A,0,34.65,32.91,0.486,0.514,6.951,3.264,3.06,1.259,5.346,4.462,1.011,3,25.63,0,0.0,6.951,0.6761,22.547,18.547
2026-09-15 08:45:00,SHIFT_A,0,34.75,33.41,0.486,0.514,7.173,3.042,3.089,1.012,5.296,4.353,0.975,3,25.28,0,0.0,7.173,0.672,22.792,18.792
2026-09-15 09:00:00,SHIFT_A,0,34.85,34.18,0.49,0.51,6.207,2.983,2.844,1.434,5.681,4.887,0.999,3,24.87,0,0.0,6.207,0.6497,22.478,18.478
2026-09-15 09:15:00,SHIFT_A,0,34.94,34.67,0.49,0.51,7.029,3.054,2.88,1.225,5.339,4.314,0.859,3,24.59,0,0.0,7.029,0.6643,22.526,18.526
2026-09-15 09:30:00,SHIFT_A,0,35.03,32.98,0.49,0.51,6.95,2.832,3.08,1.033,4.962,4.001,0.976,3,24.26,0,0.0,6.95,0.6139,22.703,18.703
2026-09-15 09:45:00,SHIFT_A,0,35.12,33.06,0.49,0.51,6.88,2.873,2.806,1.225,5.248,4.265,0.913,3,23.91,0,0.0,6.88,0.6454,22.837,18.837
2026-09-15 10:00:00,SHIFT_A,0,35.2,36.45,0.494,0.506,7.38,2.821,2.921,1.155,5.216,4.267,1.038,3,23.5,0,0.0,7.38,0.6938,22.882,18.882
2026-09-15 10:15:00,SHIFT_A,0,35.28,32.91,0.494,0.506,6.776,3.077,3.256,1.056,5.389,4.123,0.858,3,22.97,0,0.0,6.776,0.6234,22.979,18.979
2026-09-15 10:30:00,SHIFT_A,0,35.35,33.65,0.494,0.506,7.267,2.97,3.017,1.243,5.337,4.113,0.955,3,22.61,0,0.0,7.267,0.6815,23.248,19.248
2026-09-15 10:45:00,SHIFT_A,0,35.41,35.77,0.494,0.506,7.009,2.683,3.164,1.246,5.095,4.308,1.048,3,22.42,0,0.0,7.009,0.6601,23.176,19.176
2026-09-15 11:00:00,SHIFT_A,0,35.47,38.61,0.499,0.501,7.037,2.72,3.084,1.064,5.205,4.137,0.852,3,22.15,0,0.0,7.037,0.6379,22.833,18.833
2026-09-15 11:15:00,SHIFT_A,0,35.52,37.58,0.499,0.501,7.679,3.106,2.733,1.142,5.643,4.069,1.057,3,21.77,0,0.0,7.679,0.741,22.915,18.915
2026-09-15 11:30:00,SHIFT_A,0,31.3,29.48,0.499,0.501,6.1,2.788,2.95,0.979,5.413,4.392,1.005,3,21.27,0,0.0,6.1,0.579,23.017,19.017
2026-09-15 11:45:00,SHIFT_A,0,31.34,30.62,0.499,0.501,5.453,2.873,2.604,1.182,5.448,4.466,1.041,3,21.14,0,0.0,5.453,0.5328,22.682,18.682
2026-09-15 12:00:00,SHIFT_A,0,35.64,34.08,0.504,0.496,6.906,2.859,2.734,1.048,5.031,4.431,0.917,3,20.88,0,0.0,6.906,0.6354,22.727,18.727
2026-09-15 12:15:00,SHIFT_A,0,35.67,34.26,0.504,0.496,7.192,2.944,3.042,1.135,5.601,4.216,0.931,3,20.7,0,0.0,7.192,0.6881,22.897,18.897
2026-09-15 12:30:00,SHIFT_A,0,35.69,35.85,0.504,0.496,7.827,2.787,3.066,1.01,6.026,3.988,1.035,3,20.52,0,0.0,7.827,0.7714,23.225,19.225
2026-09-15 12:45:00,SHIFT_A,0,35.7,35.14,0.504,0.496,7.444,2.634,3.047,1.136,5.391,4.35,0.861,3,20.31,0,0.0,7.444,0.7034,23.433,19.433
2026-09-15 13:00:00,SHIFT_A,0,35.7,34.99,0.508,0.492,6.865,2.906,2.699,1.059,4.919,4.143,0.952,3,19.78,0,0.0,6.865,0.612,23.367,19.367
2026-09-15 13:15:00,SHIFT_A,0,35.7,34.4,0.508,0.492,6.808,2.909,2.871,1.083,5.58,4.534,0.839,2,24.83,0,0.0,6.249,1.0894,23.051,19.051
2026-09-15 13:30:00,SHIFT_A,0,35.69,37.59,0.508,0.492,7.327,3.061,3.309,1.111,5.225,4.713,0.814,3,24.52,0.559,0.811,7.886,0.7627,23.235,19.235
2026-09-15 13:45:00,SHIFT_A,0,35.67,34.4,0.508,0.492,6.963,2.885,2.975,1.058,5.349,4.401,1.048,3,24.16,0,0.0,6.963,0.6647,23.276,19.276
2026-09-15 14:00:00,SHIFT_B,0,37.74,36.24,0.513,0.487,7.942,2.733,3.447,1.172,5.097,4.66,0.884,3,23.82,0,0.0,7.942,0.7655,23.623,19.623
2026-09-15 14:15:00,SHIFT_B,0,37.7,38.17,0.513,0.487,7.696,3.134,2.971,1.263,4.907,4.147,0.989,3,23.38,0,0.0,7.696,0.7005,23.654,19.654
2026-09-15 14:30:00,SHIFT_B,0,37.66,38.2,0.513,0.487,7.146,3.053,2.739,1.239,5.547,4.135,0.976,3,23.15,0,0.0,7.146,0.6845,23.407,19.407
2026-09-15 14:45:00,SHIFT_B,0,37.61,39.01,0.513,0.487,8.099,3.09,2.899,1.253,5.226,4.764,0.887,3,22.9,0,0.0,8.099,0.8119,23.556,19.556
2026-09-15 15:00:00,SHIFT_B,0,37.56,37.83,0.518,0.482,7.956,2.796,3.053,1.254,5.299,3.961,0.829,2,27.88,0,0.0,6.366,1.2498,22.956,18.956
2026-09-15 15:15:00,SHIFT_B,0,37.5,38.8,0.518,0.482,7.714,2.604,3.048,1.198,5.102,4.337,0.866,3,27.75,1.59,2.331,9.304,0.9095,23.727,19.727
2026-09-15 15:30:00,SHIFT_B,0,37.43,35.18,0.518,0.482,7.284,2.622,3.135,1.222,5.419,4.204,0.985,3,27.35,0,0.0,7.284,0.6939,23.851,19.851
2026-09-15 15:45:00,SHIFT_B,0,37.35,36.59,0.518,0.482,7.406,2.69,3.319,1.249,5.415,4.168,0.934,2,32.44,0,0.0,6.244,1.1861,23.314,19.314
2026-09-15 16:00:00,SHIFT_B,0,37.27,36.47,0.523,0.477,7.36,2.717,3.075,1.076,5.073,3.912,0.992,3,32.12,1.162,1.576,8.522,0.7703,23.928,19.928
2026-09-15 16:15:00,SHIFT_B,0,37.19,38.59,0.523,0.477,7.309,3.037,2.875,1.129,5.022,4.333,0.981,3,31.89,0,0.0,7.309,0.6747,23.724,19.724
2026-09-15 16:30:00,SHIFT_B,0,37.1,36.17,0.523,0.477,7.517,2.892,3.014,0.978,5.359,4.468,1.015,3,31.42,0,0.0,7.517,0.7154,23.865,19.865
2026-09-15 16:45:00,SHIFT_B,0,37.0,34.98,0.523,0.477,6.88,2.749,3.023,1.03,5.534,3.748,0.96,3,31.18,0,0.0,6.88,0.6244,23.807,19.807
2026-09-15 17:00:00,SHIFT_B,0,36.9,37.27,0.527,0.473,7.078,2.403,3.155,1.137,5.524,3.848,1.044,3,30.88,0,0.0,7.078,0.6584,23.619,19.619
2026-09-15 17:15:00,SHIFT_B,0,36.8,36.96,0.527,0.473,7.747,3.22,3.227,1.249,5.604,4.33,0.848,3,30.63,0,0.0,7.747,0.7591,23.796,19.796
2026-09-15 17:30:00,SHIFT_B,0,36.69,38.83,0.527,0.473,6.965,2.472,3.015,1.072,5.492,4.297,0.936,3,30.2,0,0.0,6.965,0.6615,23.396,19.396
2026-09-15 17:45:00,SHIFT_B,0,36.58,34.49,0.527,0.473,6.977,2.911,3.087,1.098,4.986,4.004,0.926,3,29.78,0,0.0,6.977,0.6187,23.435,19.435
2026-09-15 18:00:00,SHIFT_B,0,36.47,37.53,0.532,0.468,7.232,2.985,4.888,1.245,4.872,4.357,0.925,3,29.46,0,0.0,7.232,0.6637,23.298,19.298
2026-09-15 18:15:00,SHIFT_B,0,36.35,36.58,0.532,0.468,6.904,2.94,4.693,1.215,5.238,5.051,0.879,3,29.13,0,0.0,6.904,0.6883,23.091,19.091
2026-09-15 18:30:00,SHIFT_B,0,36.23,35.85,0.532,0.468,6.759,3.013,5.125,1.134,5.249,4.552,0.995,3,28.9,0,0.0,6.759,0.6492,22.886,18.886
2026-09-15 18:45:00,SHIFT_B,0,36.12,35.54,0.532,0.468,6.856,2.704,2.957,1.27,5.468,4.077,1.051,3,28.39,0,0.0,6.856,0.6551,22.759,18.759
2026-09-15 19:00:00,SHIFT_B,0,31.68,33.62,0.537,0.463,6.644,3.282,2.779,1.173,4.915,4.366,0.835,3,28.08,0,0.0,6.644,0.604,22.719,18.719
2026-09-15 19:15:00,SHIFT_B,0,31.58,32.78,0.537,0.463,6.861,2.725,3.167,0.91,4.831,3.722,0.912,3,27.72,0,0.0,6.861,0.5731,22.872,18.872
2026-09-15 19:30:00,SHIFT_B,0,35.77,35.05,0.537,0.463,7.362,3.011,3.2,1.176,5.572,3.988,0.993,3,27.42,0,0.0,7.362,0.6952,23.048,19.048
2026-09-15 19:45:00,SHIFT_B,0,35.65,38.27,0.537,0.463,7.04,2.897,2.894,1.103,5.233,4.137,0.94,3,27.1,0,0.0,7.04,0.6469,22.741,18.741
2026-09-15 20:00:00,SHIFT_B,0,35.53,35.94,0.542,0.458,7.604,3.065,2.967,1.192,5.529,4.633,1.092,3,26.77,0,0.0,7.604,0.7735,22.949,18.949
2026-09-15 20:15:00,SHIFT_B,0,35.42,34.04,0.542,0.458,7.305,2.839,2.689,1.197,5.496,4.051,0.953,3,26.53,0,0.0,7.305,0.6879,23.197,19.197
2026-09-15 20:30:00,SHIFT_B,0,35.31,35.39,0.542,0.458,7.014,3.185,2.91,1.13,5.684,4.03,1.007,3,26.15,0,0.0,7.014,0.6692,23.165,19.165
2026-09-15 20:45:00,SHIFT_B,0,35.2,33.88,0.542,0.458,7.011,2.848,3.084,1.192,4.81,3.93,1.049,3,25.96,0,0.0,7.011,0.6199,23.282,19.282
2026-09-15 21:00:00,SHIFT_B,0,35.1,35.74,0.547,0.453,7.53,3.4,2.773,1.062,5.149,4.212,0.961,3,25.64,0,0.0,7.53,0.6901,23.473,19.473
2026-09-15 21:15:00,SHIFT_B,0,35.0,35.27,0.547,0.453,6.813,3.113,2.926,1.066,4.912,4.532,0.894,3,25.39,0,0.0,6.813,0.6256,23.353,19.353
2026-09-15 21:30:00,SHIFT_B,0,34.9,36.05,0.547,0.453,7.586,3.05,2.805,1.165,4.732,3.946,0.951,3,25.13,0,0.0,7.586,0.6593,23.541,19.541
2026-09-15 21:45:00,SHIFT_B,0,34.81,36.82,0.547,0.453,7.135,3.095,2.741,1.283,5.227,3.791,0.987,3,24.85,0,0.0,7.135,0.6485,23.426,19.426
2026-09-15 22:00:00,SHIFT_C,0,27.01,25.28,0.552,0.448,5.492,2.288,3.386,1.074,4.534,4.084,0.896,3,24.46,0,0.0,5.492,0.4681,23.644,19.644
2026-09-15 22:15:00,SHIFT_C,0,26.95,25.78,0.552,0.448,5.073,2.512,3.071,1.172,5.06,4.38,0.932,3,24.1,0,0.0,5.073,0.4715,23.602,19.602
2026-09-15 22:30:00,SHIFT_C,0,26.89,24.94,0.552,0.448,5.623,2.645,3.182,1.144,4.651,4.929,0.9,3,23.77,0,0.0,5.623,0.5263,23.92,19.92
2026-09-15 22:45:00,SHIFT_C,0,26.84,26.64,0.552,0.448,5.114,2.314,3.038,1.069,5.727,4.16,1.043,3,23.44,0,0.0,5.114,0.4941,23.813,19.813
2026-09-15 23:00:00,SHIFT_C,0,26.79,24.02,0.557,0.443,5.003,2.282,3.021,1.105,4.537,4.178,1.045,3,23.2,0,0.0,5.003,0.4376,23.913,19.913
2026-09-15 23:15:00,SHIFT_C,0,26.74,26.79,0.557,0.443,5.394,2.284,3.037,1.132,5.548,4.397,0.933,3,23.04,0,0.0,5.394,0.5216,23.93,19.93
2026-09-15 23:30:00,SHIFT_C,0,26.71,23.8,0.557,0.443,5.148,2.216,2.998,1.202,5.027,3.966,1.002,3,22.67,0,0.0,5.148,0.4641,24.124,20.124
2026-09-15 23:45:00,SHIFT_C,0,26.67,27.91,0.557,0.443,5.619,2.551,3.22,1.008,5.401,4.341,0.966,3,22.39,0,0.0,5.619,0.53,24.143,20.143
2026-09-16 00:00:00,SHIFT_C,0,26.65,27.16,0.55,0.45,5.554,2.75,2.981,1.08,4.996,4.44,0.944,3,22.23,0,0.0,5.554,0.5125,24.203,20.203
2026-09-16 00:15:00,SHIFT_C,0,26.63,24.52,0.55,0.45,5.103,2.581,3.258,1.145,5.478,4.345,0.922,3,21.98,0,0.0,5.103,0.4885,24.303,20.303
2026-09-16 00:30:00,SHIFT_C,0,26.61,27.26,0.55,0.45,5.609,2.818,3.053,1.249,5.022,4.198,0.947,3,21.65,0,0.0,5.609,0.5155,24.381,20.381
2026-09-16 00:45:00,SHIFT_C,0,26.6,27.02,0.55,0.45,5.89,2.566,3.058,1.067,5.673,4.197,0.848,3,21.24,0,0.0,5.89,0.5589,24.624,20.624
2026-09-16 01:00:00,SHIFT_C,0,26.6,26.32,0.555,0.445,5.018,2.459,2.823,1.141,4.961,3.961,0.979,3,20.98,0,0.0,5.018,0.4462,24.501,20.501
2026-09-16 01:15:00,SHIFT_C,0,26.6,27.41,0.555,0.445,4.825,2.6,3.018,0.928,5.782,4.32,1.015,3,20.68,0,0.0,4.825,0.468,24.172,20.172
2026-09-16 01:30:00,SHIFT_C,0,26.61,26.33,0.555,0.445,5.599,2.125,2.766,1.089,5.389,4.097,1.073,3,20.37,0,0.0,5.599,0.5251,24.339,20.339
2026-09-16 01:45:00,SHIFT_C,0,26.63,24.99,0.555,0.445,6.075,2.478,3.209,1.025,5.136,4.22,0.987,3,19.97,0,0.0,6.075,0.5561,24.878,20.878
2026-09-16 02:00:00,SHIFT_C,0,26.65,26.64,0.56,0.44,5.45,2.442,3.379,0.984,5.035,4.482,0.778,3,19.75,0,0.0,5.45,0.4949,24.938,20.938
2026-09-16 02:15:00,SHIFT_C,0,26.67,25.0,0.56,0.44,5.399,2.499,3.005,1.191,5.244,4.244,1.15,3,19.6,0,0.0,5.399,0.5142,25.138,21.138
2026-09-16 02:30:00,SHIFT_C,0,26.71,26.87,0.56,0.44,5.686,2.397,2.932,1.16,5.112,4.448,0.918,2,24.99,0,0.0,5.686,0.8236,25.293,21.293
2026-09-16 02:45:00,SHIFT_C,0,26.74,28.45,0.56,0.44,5.683,2.955,2.957,1.107,5.163,4.171,1.163,3,24.72,0,0.0,5.683,0.531,25.155,21.155
2026-09-16 03:00:00,SHIFT_C,0,26.79,27.35,0.565,0.435,5.812,2.519,2.499,1.246,5.314,4.381,0.965,3,24.6,0,0.0,5.812,0.5572,25.265,21.265
2026-09-16 03:15:00,SHIFT_C,0,26.84,25.47,0.565,0.435,5.465,2.7,3.327,1.085,5.22,4.665,0.845,3,24.28,0,0.0,5.465,0.5199,25.452,21.452
2026-09-16 03:30:00,SHIFT_C,0,26.89,26.91,0.565,0.435,5.549,2.518,2.78,1.125,4.826,3.95,0.848,3,23.9,0,0.0,5.549,0.4803,25.309,21.309
2026-09-16 03:45:00,SHIFT_C,0,26.95,26.41,0.565,0.435,5.443,2.389,3.045,1.166,5.019,4.56,0.849,3,23.54,0,0.0,5.443,0.5081,25.359,21.359
2026-09-16 04:00:00,SHIFT_C,0,27.01,25.78,0.57,0.43,5.522,2.589,2.863,1.123,5.327,3.886,1.026,3,23.08,0,0.0,5.522,0.5052,25.422,21.422
2026-09-16 04:15:00,SHIFT_C,0,27.08,24.52,0.57,0.43,5.522,2.461,2.922,0.961,5.408,4.341,0.944,2,22.84,0,0.0,5.522,0.7942,25.548,21.548
2026-09-16 04:30:00,SHIFT_C,0,27.15,26.1,0.57,0.43,5.114,2.085,2.546,0.99,5.421,4.324,1.056,2,27.52,0,0.0,5.114,0.7306,25.39,21.39
2026-09-16 04:45:00,SHIFT_C,0,27.22,28.69,0.57,0.43,5.533,2.753,2.958,1.174,5.074,4.311,1.019,2,32.78,0,0.0,5.533,0.7899,25.131,21.131
2026-09-16 05:00:00,SHIFT_C,0,27.3,27.29,0.575,0.425,5.401,2.479,2.886,1.184,5.364,4.271,0.851,3,32.45,0,0.0,5.401,0.5075,25.102,21.102
2026-09-16 05:15:00,SHIFT_C,0,27.38,25.72,0.575,0.425,5.098,2.672,3.051,1.078,4.954,4.646,0.976,3,32.06,0,0.0,5.098,0.4784,25.08,21.08
2026-09-16 05:30:00,SHIFT_C,0,27.46,27.91,0.575,0.425,5.906,2.775,2.618,1.086,5.41,4.328,0.945,3,31.75,0,0.0,5.906,0.5597,25.209,21.209
2026-09-16 05:45:00,SHIFT_C,0,27.55,27.3,0.575,0.425,5.716,2.289,2.874,1.168,5.114,4.362,0.881,3,31.49,0,0.0,5.716,0.5303,25.27,21.27
2026-09-16 06:00:00,SHIFT_A,0,33.56,35.47,0.58,0.42,6.884,3.269,3.185,1.057,5.125,4.185,0.965,3,31.18,0,0.0,6.884,0.6281,24.453,20.453
2026-09-16 06:15:00,SHIFT_A,0,33.67,33.49,0.58,0.42,6.568,3.468,2.74,1.087,5.341,4.663,0.854,3,30.77,0,0.0,6.568,0.6317,24.388,20.388
2026-09-16 06:30:00,SHIFT_A,0,33.78,32.24,0.58,0.42,6.633,3.17,3.004,1.227,5.121,4.52,1.02,3,30.5,0,0.0,6.633,0.6349,24.48,20.48
2026-09-16 06:45:00,SHIFT_A,0,33.89,30.12,0.58,0.42,6.461,3.429,3.121,1.22,5.115,4.505,1.01,3,30.34,0,0.0,6.461,0.6164,24.698,20.698
2026-09-16 07:00:00,SHIFT_A,0,34.0,34.34,0.585,0.415,6.524,3.39,2.724,1.084,5.032,4.289,0.891,3,29.97,0,0.0,6.524,0.5934,24.526,20.526
2026-09-16 07:15:00,SHIFT_A,0,34.11,35.4,0.585,0.415,7.483,2.652,3.254,1.124,5.434,4.72,0.957,3,29.7,0,0.0,7.483,0.7418,24.46,20.46
2026-09-16 07:30:00,SHIFT_A,0,34.22,33.83,0.585,0.415,7.152,3.037,2.832,0.997,5.215,4.176,0.932,3,29.4,0,0.0,7.152,0.6518,24.617,20.617
2026-09-16 07:45:00,SHIFT_A,0,34.33,34.85,0.585,0.415,6.971,3.443,3.07,1.196,4.672,4.542,0.798,3,29.07,0,0.0,6.971,0.6291,24.515,20.515
2026-09-16 08:00:00,SHIFT_A,0,34.44,35.47,0.589,0.411,6.65,3.187,2.816,1.132,5.071,4.669,0.936,3,28.75,0,0.0,6.65,0.6322,24.294,20.294
2026-09-16 08:15:00,SHIFT_A,0,34.55,36.67,0.589,0.411,6.671,3.107,2.696,1.245,5.141,4.472,0.825,3,28.33,0,0.0,6.671,0.6275,23.962,19.962
2026-09-16 08:30:00,SHIFT_A,0,34.65,34.48,0.589,0.411,7.14,3.022,3.141,1.118,5.154,4.514,0.848,3,28.09,0,0.0,7.14,0.6689,24.084,20.084
2026-09-16 08:45:00,SHIFT_A,0,34.75,35.46,0.589,0.411,7.242,2.947,3.097,1.275,4.728,4.696,1.015,3,27.72,0,0.0,7.242,0.6829,24.159,20.159
2026-09-16 09:00:00,SHIFT_A,0,34.85,37.09,0.594,0.406,6.841,2.523,3.023,1.211,5.207,4.575,0.858,3,27.41,0,0.0,6.841,0.6528,23.871,19.871
2026-09-16 09:15:00,SHIFT_A,0,34.94,35.63,0.594,0.406,7.357,3.089,3.19,1.101,5.351,4.232,0.899,3,26.94,0,0.0,7.357,0.6861,23.987,19.987
2026-09-16 09:30:00,SHIFT_A,0,35.03,34.99,0.594,0.406,7.323,2.884,3.202,1.038,5.218,4.022,0.96,3,26.61,0,0.0,7.323,0.6626,24.15,20.15
2026-09-16 09:45:00,SHIFT_A,0,35.12,32.64,0.594,0.406,6.736,3.389,2.92,1.132,5.348,4.369,0.919,3,26.38,0,0.0,6.736,0.6382,24.253,20.253
2026-09-16 10:00:00,SHIFT_A,0,35.2,34.88,0.599,0.401,6.521,3.123,2.892,1.181,5.352,4.312,0.999,3,26.0,0,0.0,6.521,0.6219,24.026,20.026
2026-09-16 10:15:00,SHIFT_A,0,35.28,36.33,0.599,0.401,7.186,3.243,2.88,1.235,5.201,3.909,1.086,3,25.66,0,0.0,7.186,0.6613,23.986,19.986
2026-09-16 10:30:00,SHIFT_A,0,35.35,32.66,0.599,0.401,7.362,3.208,2.843,1.088,5.155,4.405,0.785,3,25.37,0,0.0,7.362,0.6776,24.401,20.401
2026-09-16 10:45:00,SHIFT_A,0,35.41,35.93,0.599,0.401,6.813,2.793,2.871,0.915,5.331,4.239,0.934,3,25.07,0,0.0,6.813,0.6264,24.215,20.215
2026-09-16 11:00:00,SHIFT_A,0,35.47,34.71,0.603,0.397,6.911,2.958,3.165,1.041,5.21,4.339,0.956,3,24.83,0,0.0,6.911,0.6425,24.199,20.199
2026-09-16 11:15:00,SHIFT_A,0,35.52,38.44,0.603,0.397,7.336,2.943,2.743,1.098,5.149,4.412,0.859,3,24.37,0,0.0,7.336,0.6804,24.023,20.023
2026-09-16 11:30:00,SHIFT_A,0,31.3,29.59,0.603,0.397,6.428,3.02,2.876,1.351,5.828,3.925,1.018,3,24.08,0,0.0,6.428,0.6273,24.278,20.278
2026-09-16 11:45:00,SHIFT_A,0,31.34,30.34,0.603,0.397,6.53,2.769,3.209,1.084,5.007,4.464,0.899,3,23.68,0,0.0,6.53,0.6022,24.509,20.509
2026-09-16 12:00:00,SHIFT_A,0,35.64,35.62,0.608,0.392,7.09,2.826,2.992,1.271,5.725,4.38,0.898,3,23.5,0,0.0,7.09,0.7006,24.438,20.438
2026-09-16 12:15:00,SHIFT_A,0,35.67,35.87,0.608,0.392,7.403,2.604,3.099,0.984,5.127,4.211,0.946,3,23.06,0,0.0,7.403,0.6716,24.413,20.413
2026-09-16 12:30:00,SHIFT_A,0,35.69,34.69,0.608,0.392,7.049,2.713,2.705,1.075,5.67,4.25,1.009,3,22.89,0,0.0,7.049,0.6812,24.469,20.469
2026-09-16 12:45:00,SHIFT_A,0,35.7,36.03,0.608,0.392,7.326,2.593,3.092,1.185,5.039,4.726,0.959,3,22.68,0,0.0,7.326,0.7025,24.397,20.397
2026-09-16 13:00:00,SHIFT_A,0,35.7,36.09,0.612,0.388,7.21,3.2,2.907,1.255,5.434,4.124,0.94,3,22.3,0,0.0,7.21,0.6822,24.391,20.391
2026-09-16 13:15:00,SHIFT_A,0,35.7,38.38,0.612,0.388,7.039,2.699,2.866,1.241,5.071,4.19,0.908,3,21.9,0,0.0,7.039,0.6467,24.072,20.072
2026-09-16 13:30:00,SHIFT_A,0,35.69,36.27,0.612,0.388,6.958,3.214,3.181,1.058,5.378,4.14,0.97,3,21.45,0,0.0,6.958,0.6468,23.924,19.924
2026-09-16 13:45:00,SHIFT_A,0,35.67,36.09,0.612,0.388,7.366,2.832,3.047,1.061,5.464,4.216,1.159,3,20.93,0,0.0,7.366,0.7057,23.999,19.999
2026-09-16 14:00:00,SHIFT_B,0,37.74,38.25,0.616,0.384,7.631,3.096,3.62,1.334,5.306,4.556,1.025,3,20.59,0,0.0,7.631,0.7593,23.989,19.989
2026-09-16 14:15:00,SHIFT_B,0,37.7,37.08,0.616,0.384,7.599,2.983,3.204,1.168,5.076,4.653,0.893,3,20.39,0,0.0,7.599,0.7217,24.08,20.08
2026-09-16 14:30:00,SHIFT_B,0,37.66,38.34,0.616,0.384,7.611,2.918,2.822,1.291,5.177,4.468,1.084,3,20.15,0,0.0,7.611,0.7411,24.051,20.051
2026-09-16 14:45:00,SHIFT_B,0,37.61,39.27,0.616,0.384,7.36,2.83,3.25,1.077,5.356,4.179,0.753,3,19.9,0,0.0,7.36,0.6735,23.804,19.804
2026-09-16 15:00:00,SHIFT_B,0,37.56,37.18,0.62,0.38,7.733,2.667,3.24,1.293,5.827,4.447,1.026,3,19.68,0,0.0,7.733,0.8019,23.953,19.953
2026-09-16 15:15:00,SHIFT_B,0,37.5,37.59,0.62,0.38,7.884,3.007,3.038,1.052,5.163,4.038,1.034,3,19.33,0,0.0,7.884,0.7165,24.136,20.136
2026-09-16 15:30:00,SHIFT_B,0,37.43,39.27,0.62,0.38,7.682,2.424,2.986,1.12,5.436,4.321,1.134,2,24.06,0,0.0,6.006,1.25,23.212,19.212
2026-09-16 15:45:00,SHIFT_B,0,37.35,39.55,0.62,0.38,7.384,3.205,2.881,1.033,5.26,4.186,0.971,3,23.75,1.676,2.422,9.06,0.873,23.786,19.786
2026-09-16 16:00:00,SHIFT_B,0,37.27,35.11,0.624,0.376,7.081,2.657,2.881,1.259,5.31,4.274,0.864,3,23.59,0,0.0,7.081,0.6675,23.816,19.816
2026-09-16 16:15:00,SHIFT_B,0,37.19,35.51,0.624,0.376,7.748,2.915,2.769,1.082,4.857,4.443,1.069,3,23.26,0,0.0,7.748,0.7143,24.139,20.139
2026-09-16 16:30:00,SHIFT_B,0,37.1,37.35,0.624,0.376,7.064,2.658,2.89,1.145,4.907,4.18,0.719,3,23.14,0,0.0,7.064,0.6229,23.937,19.937
2026-09-16 16:45:00,SHIFT_B,0,37.0,37.19,0.624,0.376,7.363,2.83,3.095,1.252,5.036,4.499,0.919,3,22.65,0,0.0,7.363,0.694,23.899,19.899
2026-09-16 17:00:00,SHIFT_B,0,36.9,36.59,0.628,0.372,7.418,2.926,2.947,1.142,5.366,4.179,0.925,3,22.49,0,0.0,7.418,0.6935,23.948,19.948
2026-09-16 17:15:00,SHIFT_B,0,36.8,37.21,0.628,0.372,7.192,2.867,2.949,0.958,5.238,4.395,0.948,3,22.18,0,0.0,7.192,0.6683,23.823,19.823
2026-09-16 17:30:00,SHIFT_B,0,36.69,36.64,0.628,0.372,7.533,2.996,3.388,1.281,5.203,3.928,0.942,2,27.44,0,0.0,6.488,1.1611,23.403,19.403
2026-09-16 17:45:00,SHIFT_B,0,36.58,34.8,0.628,0.372,7.173,2.874,3.056,1.177,5.017,4.13,1.067,2,32.49,1.045,2.507,6.254,1.25,23.05,19.05
2026-09-16 18:00:00,SHIFT_B,0,36.47,36.84,0.632,0.368,7.611,2.511,3.196,1.191,5.105,4.53,1.005,3,32.03,1.965,3.012,9.575,0.9788,24.154,20.154
2026-09-16 18:15:00,SHIFT_B,0,36.35,37.99,0.632,0.368,6.796,2.72,2.779,1.13,4.929,4.587,1.002,3,31.66,0,0.0,6.796,0.6374,23.753,19.753
2026-09-16 18:30:00,SHIFT_B,0,36.23,36.77,0.632,0.368,7.265,2.885,3.334,1.248,5.086,4.287,0.927,3,31.14,0,0.0,7.265,0.6754,23.708,19.708
2026-09-16 18:45:00,SHIFT_B,0,36.12,35.82,0.632,0.368,7.892,2.749,3.173,1.122,5.606,4.549,1.041,3,30.76,0,0.0,7.892,0.8006,24.072,20.072
2026-09-16 19:00:00,SHIFT_B,0,31.68,30.43,0.635,0.365,6.272,2.681,3.09,1.169,5.423,4.194,1.038,3,30.4,0,0.0,6.272,0.5971,24.166,20.166
2026-09-16 19:15:00,SHIFT_B,0,31.58,30.72,0.635,0.365,6.323,2.904,2.938,1.151,5.154,4.193,1.084,3,30.21,0,0.0,6.323,0.5896,24.255,20.255
2026-09-16 19:30:00,SHIFT_B,0,35.77,34.13,0.635,0.365,7.343,2.938,2.857,1.467,5.184,4.251,0.976,3,29.88,0,0.0,7.343,0.7022,24.513,20.513
2026-09-16 19:45:00,SHIFT_B,0,35.65,35.34,0.635,0.365,7.538,2.722,2.891,1.122,5.421,3.992,0.869,3,29.63,0,0.0,7.538,0.6921,24.466,20.466
2026-09-16 20:00:00,SHIFT_B,0,35.53,34.68,0.639,0.361,7.189,2.952,2.928,1.175,5.616,4.425,0.922,3,29.24,0,0.0,7.189,0.7025,24.532,20.532
2026-09-16 20:15:00,SHIFT_B,0,35.42,35.26,0.639,0.361,7.235,2.814,3.264,1.16,4.778,4.038,0.85,3,28.86,0,0.0,7.235,0.6307,24.474,20.474
2026-09-16 20:30:00,SHIFT_B,0,35.31,34.18,0.639,0.361,7.026,3.206,2.53,1.022,5.432,4.406,1.026,3,28.56,0,0.0,7.026,0.6723,24.569,20.569
2026-09-16 20:45:00,SHIFT_B,0,35.2,34.79,0.639,0.361,7.517,3.156,2.81,1.07,5.216,4.287,0.902,3,28.16,0,0.0,7.517,0.6944,24.521,20.521
2026-09-16 21:00:00,SHIFT_B,0,35.1,33.48,0.642,0.358,6.743,2.908,3.2,1.192,5.192,4.336,0.902,3,27.64,0,0.0,6.743,0.631,24.545,20.545
2026-09-16 21:15:00,SHIFT_B,0,35.0,33.43,0.642,0.358,7.167,2.786,2.822,1.266,4.799,4.63,1.046,3,27.31,0,0.0,7.167,0.6776,24.657,20.657
2026-09-16 21:30:00,SHIFT_B,0,34.9,34.65,0.642,0.358,7.396,3.123,2.725,1.114,4.637,4.171,0.92,3,27.01,0,0.0,7.396,0.6455,24.535,20.535
2026-09-16 21:45:00,SHIFT_B,0,34.81,35.84,0.642,0.358,6.497,2.755,3.258,1.106,5.047,3.867,0.895,3,26.78,0,0.0,6.497,0.5709,24.199,20.199
2026-09-16 22:00:00,SHIFT_C,0,27.01,25.67,0.645,0.355,5.307,2.358,3.54,1.223,4.924,4.136,0.951,3,26.55,0,0.0,5.307,0.48,24.285,20.285
2026-09-16 22:15:00,SHIFT_C,0,26.95,26.36,0.645,0.355,5.693,2.194,2.854,1.07,4.996,4.333,0.978,3,26.48,0,0.0,5.693,0.5215,24.496,20.496
2026-09-16 22:30:00,SHIFT_C,0,26.89,25.81,0.645,0.355,5.578,2.395,2.561,1.229,5.187,4.375,0.809,3,26.16,0,0.0,5.578,0.5209,24.704,20.704
2026-09-16 22:45:00,SHIFT_C,0,26.84,25.87,0.645,0.355,6.191,2.655,2.992,1.226,5.497,4.246,0.958,3,25.66,0,0.0,6.191,0.5946,25.213,21.213
2026-09-16 23:00:00,SHIFT_C,0,26.79,28.28,0.648,0.352,5.624,2.347,3.234,1.107,5.373,4.143,1.073,3,25.42,0,0.0,5.624,0.5296,25.172,21.172
2026-09-16 23:15:00,SHIFT_C,0,26.74,27.06,0.648,0.352,5.43,2.24,3.023,1.069,5.437,4.009,0.988,3,25.07,0,0.0,5.43,0.5029,25.181,21.181
2026-09-16 23:30:00,SHIFT_C,0,26.71,26.83,0.648,0.352,5.194,2.59,3.321,1.335,5.081,4.359,1.083,3,24.87,0,0.0,5.194,0.4959,25.095,21.095
2026-09-16 23:45:00,SHIFT_C,0,26.67,24.01,0.648,0.352,4.833,2.887,3.159,1.154,5.511,4.558,1.046,3,24.5,0,0.0,4.833,0.4774,25.111,21.111
2026-09-17 00:00:00,SHIFT_C,0,26.65,24.78,0.644,0.356,5.465,2.623,3.197,1.145,5.31,4.125,0.996,3,24.07,0,0.0,5.465,0.5093,25.365,21.365
2026-09-17 00:15:00,SHIFT_C,0,26.63,26.68,0.644,0.356,5.051,2.632,2.9,1.145,4.853,4.435,1.119,3,23.94,0,0.0,5.051,0.4698,25.222,21.222
2026-09-17 00:30:00,SHIFT_C,0,26.61,29.22,0.644,0.356,5.404,2.485,2.985,1.082,5.042,4.412,1.041,3,23.78,0,0.0,5.404,0.5037,25.002,21.002
2026-09-17 00:45:00,SHIFT_C,0,26.6,28.26,0.644,0.356,5.212,2.523,3.051,1.208,5.339,4.572,1.008,3,23.35,0,0.0,5.212,0.5089,24.782,20.782
2026-09-17 01:00:00,SHIFT_C,0,26.6,24.19,0.647,0.353,5.364,2.839,3.13,1.19,4.763,4.45,0.995,3,23.0,0,0.0,5.364,0.4923,25.045,21.045
2026-09-17 01:15:00,SHIFT_C,0,26.6,30.13,0.647,0.353,5.191,2.619,2.848,1.129,5.407,4.168,0.949,3,22.71,0,0.0,5.191,0.487,24.628,20.628
2026-09-17 01:30:00,SHIFT_C,0,26.61,26.9,0.647,0.353,5.338,2.516,3.301,1.254,5.026,4.707,1.055,3,22.4,0,0.0,5.338,0.5175,24.606,20.606
2026-09-17 01:45:00,SHIFT_C,0,26.63,24.32,0.647,0.353,5.866,2.941,3.262,1.08,4.894,4.227,0.867,3,22.29,0,0.0,5.866,0.5227,25.107,21.107
2026-09-17 02:00:00,SHIFT_C,0,26.65,25.35,0.65,0.35,5.118,2.616,3.033,1.113,5.4,4.412,0.882,3,21.97,0,0.0,5.118,0.4865,25.131,21.131
2026-09-17 02:15:00,SHIFT_C,0,26.67,27.24,0.65,0.35,5.831,2.219,2.985,1.263,4.958,4.207,0.975,3,21.56,0,0.0,5.831,0.5353,25.276,21.276
2026-09-17 02:30:00,SHIFT_C,0,26.71,26.04,0.65,0.35,4.695,2.867,3.321,1.117,5.123,4.487,0.926,2,26.73,0,0.0,4.695,0.6608,25.019,21.019
2026-09-17 02:45:00,SHIFT_C,0,26.74,27.03,0.65,0.35,6.106,2.544,2.606,1.181,5.385,3.992,0.915,3,26.58,0,0.0,6.106,0.564,25.297,21.297
2026-09-17 03:00:00,SHIFT_C,0,26.79,27.16,0.652,0.348,5.245,2.848,2.94,1.281,5.614,4.335,1.074,3,26.18,0,0.0,5.245,0.5196,25.204,21.204
2026-09-17 03:15:00,SHIFT_C,0,26.84,28.37,0.652,0.348,5.52,2.3,3.262,1.117,4.991,4.301,0.966,3,25.89,0,0.0,5.52,0.5055,25.127,21.127
2026-09-17 03:30:00,SHIFT_C,0,26.89,26.3,0.652,0.348,4.633,2.645,3.185,1.141,4.883,3.749,0.977,3,25.61,0,0.0,4.633,0.401,24.813,20.813
2026-09-17 03:45:00,SHIFT_C,0,26.95,26.96,0.652,0.348,5.294,2.783,3.094,1.058,5.9,4.489,0.824,3,25.36,0,0.0,5.294,0.5231,24.764,20.764
2026-09-17 04:00:00,SHIFT_C,0,27.01,27.94,0.655,0.345,5.123,2.73,2.927,1.184,5.073,4.146,1.012,3,25.1,0,0.0,5.123,0.4709,24.532,20.532
2026-09-17 04:15:00,SHIFT_C,0,27.08,27.13,0.655,0.345,5.579,1.947,3.057,1.412,5.212,4.639,1.062,3,24.86,0,0.0,5.579,0.5536,24.608,20.608
2026-09-17 04:30:00,SHIFT_C,0,27.15,28.58,0.655,0.345,5.242,2.222,3.385,1.293,4.979,4.564,0.924,3,24.46,0,0.0,5.242,0.4964,24.371,20.371
2026-09-17 04:45:00,SHIFT_C,0,27.22,26.59,0.655,0.345,5.462,2.996,2.95,1.138,4.854,4.559,1.075,3,24.08,0,0.0,5.462,0.5113,24.442,20.442
2026-09-17 05:00:00,SHIFT_C,0,27.3,29.28,0.657,0.343,5.549,2.406,2.852,1.119,5.61,4.442,1.06,3,23.56,0,0.0,5.549,0.5465,24.289,20.289
2026-09-17 05:15:00,SHIFT_C,0,27.38,28.86,0.657,0.343,5.91,2.251,2.857,1.233,5.313,4.62,0.935,3,23.26,0,0.0,5.91,0.5759,24.359,20.359
2026-09-17 05:30:00,SHIFT_C,0,27.46,29.99,0.657,0.343,5.096,2.527,3.109,1.122,4.989,4.276,0.922,3,23.18,0,0.0,5.096,0.464,23.907,19.907
2026-09-17 05:45:00,SHIFT_C,0,27.55,30.81,0.657,0.343,5.199,3.188,3.183,1.019,4.937,4.619,0.968,3,22.74,0,0.0,5.199,0.4832,23.426,19.426
2026-09-17 06:00:00,SHIFT_A,0,33.56,33.0,0.659,0.341,6.412,3.353,3.358,1.002,5.31,4.213,0.927,3,22.41,0,0.0,6.412,0.5912,23.331,19.331
2026-09-17 06:15:00,SHIFT_A,0,33.67,33.52,0.659,0.341,7.131,2.925,2.863,1.267,5.119,3.75,0.867,3,22.05,0,0.0,7.131,0.6317,23.544,19.544
2026-09-17 06:30:00,SHIFT_A,0,33.78,34.69,0.659,0.341,6.885,2.943,2.894,1.109,5.802,4.014,1.136,2,26.18,0,0.0,6.21,1.1086,23.18,19.18
2026-09-17 06:45:00,SHIFT_A,0,33.89,33.53,0.659,0.341,6.913,3.037,2.681,1.204,5.423,4.406,0.94,3,25.9,0.675,0.98,7.587,0.7345,23.62,19.62
2026-09-17 07:00:00,SHIFT_A,0,34.0,34.74,0.661,0.339,7.292,3.46,2.662,1.218,5.499,4.13,0.994,3,25.47,0,0.0,7.292,0.6952,23.792,19.792
2026-09-17 07:15:00,SHIFT_A,0,34.11,33.86,0.661,0.339,6.851,3.013,2.531,1.354,5.172,4.752,0.824,3,25.35,0,0.0,6.851,0.6676,23.831,19.831
2026-09-17 07:30:00,SHIFT_A,0,34.22,35.08,0.661,0.339,6.246,3.288,2.647,1.44,5.121,4.506,1.044,3,25.13,0,0.0,6.246,0.609,23.446,19.446
2026-09-17 07:45:00,SHIFT_A,0,34.33,33.86,0.661,0.339,6.59,2.554,3.011,1.189,5.335,3.936,0.919,3,24.72,0,0.0,6.59,0.6037,23.355,19.355
2026-09-17 08:00:00,SHIFT_A,0,34.44,33.03,0.663,0.337,6.632,3.389,3.046,1.006,5.307,4.231,0.898,2,30.1,0,0.0,6.632,0.9873,23.368,19.368
2026-09-17 08:15:00,SHIFT_A,0,34.55,35.44,0.663,0.337,6.625,3.208,3.206,1.344,5.797,4.255,0.952,3,29.75,0,0.0,6.625,0.6586,23.137,19.137
2026-09-17 08:30:00,SHIFT_A,0,34.65,34.83,0.663,0.337,7.068,2.794,2.942,1.25,5.331,4.551,0.948,3,29.4,0,0.0,7.068,0.6874,23.188,19.188
2026-09-17 08:45:00,SHIFT_A,0,34.75,35.84,0.663,0.337,7.326,3.186,3.0,1.065,5.106,4.059,1.024,3,28.88,0,0.0,7.326,0.6638,23.266,19.266
2026-09-17 09:00:00,SHIFT_A,0,34.85,34.06,0.665,0.335,7.101,2.722,2.977,0.949,5.068,4.124,1.007,3,28.74,0,0.0,7.101,0.6374,23.411,19.411
2026-09-17 09:15:00,SHIFT_A,0,34.94,36.6,0.665,0.335,7.01,3.502,2.982,1.256,5.526,4.556,1.086,3,28.48,0,0.0,7.01,0.7012,23.255,19.255
2026-09-17 09:30:00,SHIFT_A,0,35.03,32.57,0.665,0.335,6.703,2.83,3.173,1.145,5.212,3.816,0.946,3,28.23,0,0.0,6.703,0.6001,23.35,19.35
2026-09-17 09:45:00,SHIFT_A,0,35.12,35.32,0.665,0.335,6.943,3.114,2.951,1.038,5.538,4.204,1.046,3,27.94,0,0.0,6.943,0.6611,23.289,19.289
2026-09-17 10:00:00,SHIFT_A,0,35.2,36.74,0.666,0.334,6.84,2.98,2.996,1.095,5.096,4.301,0.923,3,27.77,0,0.0,6.84,0.6287,23.035,19.035
2026-09-17 10:15:00,SHIFT_A,0,35.28,36.46,0.666,0.334,7.301,2.424,3.344,1.189,5.275,4.378,0.987,3,27.39,0,0.0,7.301,0.6953,23.039,19.039
2026-09-17 10:30:00,SHIFT_A,0,35.35,36.83,0.666,0.334,7.575,2.69,3.05,1.18,5.23,4.177,0.856,3,27.07,0,0.0,7.575,0.6979,23.144,19.144
2026-09-17 10:45:00,SHIFT_A,0,35.41,33.58,0.666,0.334,6.778,3.028,3.27,1.225,5.459,3.935,0.908,3,26.66,0,0.0,6.778,0.6291,23.174,19.174
2026-09-17 11:00:00,SHIFT_A,0,35.47,34.95,0.667,0.333,6.668,2.644,3.09,1.194,5.539,3.823,1.044,3,26.22,0,0.0,6.668,0.6228,23.013,19.013
2026-09-17 11:15:00,SHIFT_A,0,35.52,36.88,0.667,0.333,6.685,3.085,2.863,1.298,5.541,4.063,0.958,3,25.85,0,0.0,6.685,0.6383,22.667,18.667
2026-09-17 11:30:00,SHIFT_A,0,31.3,29.5,0.667,0.333,6.635,2.908,3.209,1.043,4.934,4.088,1.01,3,25.56,0,0.0,6.635,0.5916,23.035,19.035
2026-09-17 11:45:00,SHIFT_A,0,31.34,31.24,0.667,0.333,5.86,2.922,2.94,0.99,4.751,4.361,0.807,3,25.24,0,0.0,5.86,0.5147,22.84,18.84
2026-09-17 12:00:00,SHIFT_A,0,35.64,32.13,0.668,0.332,7.29,3.047,2.991,1.138,5.024,4.271,0.985,3,25.06,0,0.0,7.29,0.6702,23.273,19.273
2026-09-17 12:15:00,SHIFT_A,0,35.67,37.59,0.668,0.332,7.417,2.918,3.257,1.075,4.922,4.186,0.989,3,24.83,0,0.0,7.417,0.6672,23.222,19.222
2026-09-17 12:30:00,SHIFT_A,0,35.69,35.66,0.668,0.332,7.648,2.697,3.363,1.297,5.177,4.606,1.105,3,24.31,0,0.0,7.648,0.7587,23.481,19.481
2026-09-17 12:45:00,SHIFT_A,0,35.7,35.25,0.668,0.332,7.021,2.975,3.221,1.169,5.262,4.591,1.02,3,23.97,0,0.0,7.021,0.6807,23.467,19.467
2026-09-17 13:00:00,SHIFT_A,0,35.7,37.55,0.669,0.331,6.755,2.787,3.213,1.231,4.808,4.014,0.818,3,23.59,0,0.0,6.755,0.5913,23.09,19.09
2026-09-17 13:15:00,SHIFT_A,0,35.7,35.98,0.669,0.331,7.783,3.355,2.86,1.045,4.9,4.785,1.037,3,23.26,0,0.0,7.783,0.7423,23.383,19.383
2026-09-17 13:30:00,SHIFT_A,0,35.69,34.72,0.669,0.331,7.368,2.615,3.118,1.356,5.091,4.406,0.965,3,23.03,0,0.0,7.368,0.701,23.595,19.595
2026-09-17 13:45:00,SHIFT_A,0,35.67,36.45,0.669,0.331,7.328,2.662,3.019,1.209,4.938,4.066,0.937,3,22.83,0,0.0,7.328,0.6579,23.614,19.614
2026-09-17 14:00:00,SHIFT_B,0,37.74,37.92,0.67,0.33,7.2,2.841,3.604,1.061,5.553,4.233,0.827,3,22.6,0,0.0,7.2,0.6768,23.422,19.422
2026-09-17 14:15:00,SHIFT_B,0,37.7,35.36,0.67,0.33,7.751,2.881,3.094,1.266,5.198,4.167,1.144,3,22.26,0,0.0,7.751,0.7391,23.762,19.762
2026-09-17 14:30:00,SHIFT_B,0,37.66,36.18,0.67,0.33,7.109,2.823,2.857,1.118,5.139,4.694,1.04,3,21.94,0,0.0,7.109,0.6863,23.699,19.699
2026-09-17 14:45:00,SHIFT_B,0,37.61,37.43,0.67,0.33,7.951,3.189,2.959,0.897,5.331,4.393,0.954,3,21.54,0,0.0,7.951,0.747,23.931,19.931
2026-09-17 15:00:00,SHIFT_B,0,37.56,36.31,0.67,0.33,7.695,2.898,3.168,1.047,4.997,4.115,0.972,1,26.75,0,0.0,3.106,1.25,21.853,17.853
2026-09-17 15:15:00,SHIFT_B,0,37.5,35.82,0.67,0.33,7.309,2.98,3.121,1.096,5.684,4.063,1.091,3,26.39,4.589,7.671,8.974,1.25,22.758,18.758
2026-09-17 15:30:00,SHIFT_B,0,37.43,36.81,0.67,0.33,6.997,2.695,2.839,1.086,4.894,4.419,1.083,3,26.0,2.924,4.368,9.921,0.988,24.037,20.037
2026-09-17 15:45:00,SHIFT_B,0,37.35,36.58,0.67,0.33,7.646,2.994,2.874,1.091,5.573,4.6,1.058,3,25.78,0,0.0,7.646,0.7694,24.201,20.201
2026-09-17 16:00:00,SHIFT_B,0,37.27,36.98,0.67,0.33,7.286,2.87,2.938,1.045,4.646,4.831,0.908,3,25.31,0,0.0,7.286,0.6705,24.146,20.146
2026-09-17 16:15:00,SHIFT_B,0,37.19,35.52,0.67,0.33,7.801,2.958,3.094,1.017,5.213,4.474,0.874,3,24.97,0,0.0,7.801,0.7292,24.448,20.448
2026-09-17 16:30:00,SHIFT_B,0,37.1,37.53,0.67,0.33,7.487,2.992,3.401,1.258,5.026,4.029,0.942,3,24.66,0,0.0,7.487,0.6785,24.247,20.247
2026-09-17 16:45:00,SHIFT_B,0,37.0,38.31,0.67,0.33,7.59,2.605,3.456,1.392,5.171,4.276,1.029,3,24.39,0,0.0,7.59,0.7268,24.169,20.169
2026-09-17 17:00:00,SHIFT_B,0,36.9,36.91,0.67,0.33,7.299,2.784,2.832,0.997,5.545,4.415,0.944,3,24.03,0,0.0,7.299,0.6994,24.127,20.127
2026-09-17 17:15:00,SHIFT_B,0,36.8,35.39,0.67,0.33,7.067,2.476,3.346,1.25,5.17,4.813,1.066,3,23.76,0,0.0,7.067,0.6998,24.122,20.122
2026-09-17 17:30:00,SHIFT_B,0,36.69,36.55,0.67,0.33,7.25,2.589,2.907,1.05,5.294,4.455,0.798,3,23.41,0,0.0,7.25,0.677,24.092,20.092
2026-09-17 17:45:00,SHIFT_B,0,36.58,35.69,0.67,0.33,7.251,2.66,2.89,1.021,5.252,4.601,0.883,3,23.25,0,0.0,7.251,0.6864,24.149,20.149
2026-09-17 18:00:00,SHIFT_B,0,36.47,36.72,0.67,0.33,7.175,2.546,3.246,1.031,4.792,4.217,0.941,3,23.02,0,0.0,7.175,0.6344,24.065,20.065
2026-09-17 18:15:00,SHIFT_B,0,36.35,36.58,0.67,0.33,7.345,2.944,2.691,1.117,5.074,4.509,0.936,3,22.6,0,0.0,7.345,0.6881,24.079,20.079
2026-09-17 18:30:00,SHIFT_B,0,36.23,36.22,0.67,0.33,7.213,2.798,3.04,1.047,4.693,4.268,0.845,2,26.58,0,0.0,6.978,1.0337,23.946,19.946
2026-09-17 18:45:00,SHIFT_B,0,36.12,37.95,0.67,0.33,7.259,2.661,3.062,1.224,5.589,4.356,0.99,3,26.29,0.235,0.347,7.494,0.7374,23.899,19.899
2026-09-17 19:00:00,SHIFT_B,0,31.68,32.08,0.669,0.331,6.295,2.379,3.226,1.125,5.009,3.755,0.908,3,26.09,0,0.0,6.295,0.5473,23.838,19.838
2026-09-17 19:15:00,SHIFT_B,0,31.58,32.86,0.669,0.331,6.587,2.949,3.221,1.235,5.001,4.465,1.078,3,25.66,0,0.0,6.587,0.6248,23.845,19.845
2026-09-17 19:30:00,SHIFT_B,0,35.77,37.34,0.669,0.331,7.59,2.561,2.669,1.29,4.982,4.284,0.943,2,30.01,0,0.0,6.368,1.1919,23.295,19.295
2026-09-17 19:45:00,SHIFT_B,0,35.65,33.14,0.669,0.331,7.244,3.076,3.093,1.085,4.986,4.446,0.839,3,29.51,1.222,1.712,8.466,0.7906,24.214,20.214
2026-09-17 20:00:00,SHIFT_B,0,35.53,38.04,0.668,0.332,7.078,3.362,3.287,1.221,5.276,4.764,0.95,3,29.32,0,0.0,7.078,0.6959,23.949,19.949
2026-09-17 20:15:00,SHIFT_B,0,35.42,34.43,0.668,0.332,7.424,2.89,2.605,1.114,4.872,4.238,1.055,3,29.01,0,0.0,7.424,0.6742,24.218,20.218
2026-09-17 20:30:00,SHIFT_B,0,35.31,37.03,0.668,0.332,6.683,2.509,2.93,1.268,4.822,4.275,0.973,3,28.63,0,0.0,6.683,0.6101,23.857,19.857
2026-09-17 20:45:00,SHIFT_B,0,35.2,35.3,0.668,0.332,7.236,2.956,2.965,1.165,4.838,4.193,0.93,3,28.14,0,0.0,7.236,0.6482,23.944,19.944
2026-09-17 21:00:00,SHIFT_B,0,35.1,36.43,0.668,0.332,6.48,2.94,2.625,1.141,5.229,4.594,0.962,3,27.98,0,0.0,6.48,0.6222,23.541,19.541
2026-09-17 21:15:00,SHIFT_B,0,35.0,34.82,0.668,0.332,7.007,2.877,2.833,1.135,5.647,3.766,0.969,3,27.72,0,0.0,7.007,0.6498,23.563,19.563
2026-09-17 21:30:00,SHIFT_B,0,34.9,37.24,0.668,0.332,6.691,2.934,3.148,1.091,5.089,4.432,0.88,3,27.38,0,0.0,6.691,0.6191,23.183,19.183
2026-09-17 21:45:00,SHIFT_B,0,34.81,34.2,0.668,0.332,6.97,2.658,3.427,1.099,5.17,4.373,1.081,3,27.06,0,0.0,6.97,0.6578,23.248,19.248
2026-09-17 22:00:00,SHIFT_C,0,27.01,28.72,0.666,0.334,5.521,2.115,3.565,1.155,5.003,3.959,1.089,3,26.81,0,0.0,5.521,0.4981,23.137,19.137
2026-09-17 22:15:00,SHIFT_C,0,26.95,29.23,0.666,0.334,6.049,2.26,2.889,1.033,4.861,4.49,1.008,3,26.48,0,0.0,6.049,0.5548,23.238,19.238
2026-09-17 22:30:00,SHIFT_C,0,26.89,26.97,0.666,0.334,5.042,2.097,3.094,0.96,5.073,3.928,0.819,3,26.35,0,0.0,5.042,0.4376,23.063,19.063
2026-09-17 22:45:00,SHIFT_C,0,26.84,27.78,0.666,0.334,5.356,2.438,3.128,1.182,5.964,4.546,0.994,3,26.11,0,0.0,5.356,0.547,22.962,18.962
2026-09-17 23:00:00,SHIFT_C,0,26.79,27.67,0.665,0.335,5.271,2.485,2.945,0.979,5.071,4.223,0.956,3,25.84,0,0.0,5.271,0.4765,22.83,18.83
2026-09-17 23:15:00,SHIFT_C,0,26.74,27.27,0.665,0.335,5.331,2.696,2.957,1.2,4.723,4.481,0.927,3,25.62,0,0.0,5.331,0.4864,22.769,18.769
2026-09-17 23:30:00,SHIFT_C,0,26.71,26.07,0.665,0.335,4.78,2.354,2.902,1.245,5.809,4.099,0.825,3,25.39,0,0.0,4.78,0.461,22.552,18.552
2026-09-17 23:45:00,SHIFT_C,0,26.67,27.18,0.665,0.335,5.556,2.261,3.211,1.22,5.124,4.086,0.897,3,25.25,0,0.0,5.556,0.5067,22.611,18.611
2026-09-18 00:00:00,SHIFT_C,0,26.65,28.07,0.667,0.333,4.733,2.442,2.927,1.185,5.272,4.376,0.886,3,24.78,0,0.0,4.733,0.4466,22.171,18.171
2026-09-18 00:15:00,SHIFT_C,0,26.63,28.39,0.667,0.333,5.501,3.024,2.951,1.211,5.442,4.62,1.018,3,24.65,0,0.0,5.501,0.5444,22.082,18.082
2026-09-18 00:30:00,SHIFT_C,0,26.61,26.44,0.667,0.333,5.101,2.354,3.064,1.241,5.473,4.689,0.915,3,24.34,0,0.0,5.101,0.5059,21.988,17.988
2026-09-18 00:45:00,SHIFT_C,0,26.6,23.15,0.667,0.333,5.424,2.566,3.187,1.237,5.394,4.287,1.038,3,24.03,0,0.0,5.424,0.5221,22.385,18.385
2026-09-18 01:00:00,SHIFT_C,0,26.6,27.15,0.666,0.334,5.623,2.322,2.814,1.062,5.007,4.316,0.967,3,23.81,0,0.0,5.623,0.514,22.482,18.482
2026-09-18 01:15:00,SHIFT_C,0,26.6,25.79,0.666,0.334,5.075,2.663,3.25,1.051,4.902,3.981,0.99,3,23.52,0,0.0,5.075,0.4463,22.44,18.44
2026-09-18 01:30:00,SHIFT_C,0,26.61,26.0,0.666,0.334,5.055,2.822,3.095,1.033,4.565,4.597,1.006,3,23.25,0,0.0,5.055,0.4559,22.368,18.368
2026-09-18 01:45:00,SHIFT_C,0,26.63,29.19,0.666,0.334,5.558,2.825,3.338,0.975,5.478,3.875,1.031,3,22.92,0,0.0,5.558,0.5083,22.227,18.227
2026-09-18 02:00:00,SHIFT_C,0,26.65,26.06,0.664,0.336,5.598,2.61,3.247,1.21,5.194,4.158,0.988,3,22.48,0,0.0,5.598,0.5206,22.42,18.42
2026-09-18 02:15:00,SHIFT_C,0,26.67,25.92,0.664,0.336,5.306,2.754,2.934,0.992,5.119,3.794,0.785,3,22.22,0,0.0,5.306,0.4567,22.481,18.481
2026-09-18 02:30:00,SHIFT_C,0,26.71,26.48,0.664,0.336,5.128,2.384,2.937,1.068,5.628,4.223,0.966,3,22.1,0,0.0,5.128,0.4907,22.398,18.398
2026-09-18 02:45:00,SHIFT_C,0,26.74,27.17,0.664,0.336,5.461,2.599,2.919,1.074,5.565,4.443,0.828,3,21.78,0,0.0,5.461,0.5236,22.411,18.411
2026-09-18 03:00:00,SHIFT_C,0,26.79,23.73,0.663,0.337,5.368,2.55,3.313,0.916,5.351,4.251,0.918,3,21.22,0,0.0,5.368,0.4943,22.722,18.722
2026-09-18 03:15:00,SHIFT_C,0,26.84,26.21,0.663,0.337,5.633,2.573,2.781,1.259,5.049,3.848,0.915,3,20.84,0,0.0,5.633,0.5021,22.917,18.917
2026-09-18 03:30:00,SHIFT_C,0,26.89,26.94,0.663,0.337,4.551,2.787,3.217,1.072,5.337,4.292,1.004,3,20.68,0,0.0,4.551,0.4289,22.499,18.499
2026-09-18 03:45:00,SHIFT_C,0,26.95,26.91,0.663,0.337,4.935,2.76,3.065,1.118,5.428,4.641,0.944,3,20.19,0,0.0,4.935,0.482,22.275,18.275
2026-09-18 04:00:00,SHIFT_C,0,27.01,29.68,0.661,0.339,5.89,2.615,2.865,1.002,4.921,4.675,0.974,3,20.08,0,0.0,5.89,0.5488,22.252,18.252
2026-09-18 04:15:00,SHIFT_C,0,27.08,25.66,0.661,0.339,4.899,2.826,2.869,1.301,5.181,4.071,0.928,3,19.83,0,0.0,4.899,0.4529,22.136,18.136
2026-09-18 04:30:00,SHIFT_C,0,27.15,26.42,0.661,0.339,5.103,2.914,2.626,1.118,5.216,4.111,0.907,3,19.56,0,0.0,5.103,0.4665,22.045,18.045
2026-09-18 04:45:00,SHIFT_C,0,27.22,27.51,0.661,0.339,5.253,2.663,2.964,1.305,5.167,4.143,0.951,3,19.11,0,0.0,5.253,0.4893,21.921,17.921
2026-09-18 05:00:00,SHIFT_C,0,27.3,29.29,0.659,0.341,5.341,2.477,3.227,1.096,5.399,4.328,1.028,2,24.3,0,0.0,5.341,0.7773,21.662,17.662
2026-09-18 05:15:00,SHIFT_C,0,27.38,29.27,0.659,0.341,5.719,2.786,3.317,1.289,5.263,3.98,0.931,3,24.09,0,0.0,5.719,0.5278,21.595,17.595
2026-09-18 05:30:00,SHIFT_C,0,27.46,27.98,0.659,0.341,5.506,2.327,2.967,1.082,5.491,4.469,0.981,3,23.76,0,0.0,5.506,0.533,21.55,17.55
2026-09-18 05:45:00,SHIFT_C,0,27.55,29.12,0.659,0.341,5.924,2.615,3.282,1.119,5.031,4.089,0.876,3,23.6,0,0.0,5.924,0.5301,21.599,17.599
2026-09-18 06:00:00,SHIFT_A,0,33.56,33.14,0.657,0.343,6.367,3.059,3.99,1.258,4.851,4.478,1.032,3,23.35,0,0.0,6.367,0.5957,21.469,17.469
2026-09-18 06:15:00,SHIFT_A,0,33.67,31.69,0.657,0.343,7.024,3.096,2.769,1.024,5.53,4.356,0.971,2,28.91,0,0.0,6.283,1.1179,21.442,17.442
2026-09-18 06:30:00,SHIFT_A,0,33.78,33.66,0.657,0.343,6.237,3.344,3.025,1.402,4.959,4.46,0.89,3,28.8,0.741,1.048,6.978,0.658,21.565,17.565
2026-09-18 06:45:00,SHIFT_A,0,33.89,34.86,0.657,0.343,5.802,2.729,2.785,1.148,5.285,4.647,1.076,3,28.47,0,0.0,5.802,0.5679,20.98,16.98
2026-09-18 07:00:00,SHIFT_A,0,34.0,33.49,0.654,0.346,7.129,3.364,2.949,1.09,5.494,4.173,0.994,3,28.18,0,0.0,7.129,0.6745,21.195,17.195
2026-09-18 07:15:00,SHIFT_A,0,34.11,33.43,0.654,0.346,6.657,3.292,2.764,1.146,5.149,4.508,0.802,3,27.99,0,0.0,6.657,0.6219,21.181,17.181
2026-09-18 07:30:00,SHIFT_A,0,34.22,35.05,0.654,0.346,6.015,3.375,2.951,1.131,5.829,4.424,1.0,3,27.82,0,0.0,6.015,0.5998,20.684,16.684
2026-09-18 07:45:00,SHIFT_A,0,34.33,33.11,0.654,0.346,6.46,3.159,2.764,1.117,4.538,4.274,0.904,3,27.59,0,0.0,6.46,0.5635,20.603,16.603
2026-09-18 08:00:00,SHIFT_A,0,34.44,35.91,0.652,0.348,6.557,2.752,2.843,1.312,5.093,4.652,1.004,2,32.27,0,0.0,6.311,1.0389,20.167,16.167
2026-09-18 08:15:00,SHIFT_A,0,34.55,34.67,0.652,0.348,6.548,2.981,3.195,1.195,5.324,4.324,0.852,3,32.08,0.246,0.347,6.794,0.6398,20.097,16.097
2026-09-18 08:30:00,SHIFT_A,0,34.65,34.63,0.652,0.348,7.156,2.85,3.459,1.13,4.908,4.022,1.007,3,31.94,0,0.0,7.156,0.6376,20.212,16.212
2026-09-18 08:45:00,SHIFT_A,0,34.75,34.78,0.652,0.348,7.044,2.989,2.953,1.126,5.315,4.296,0.978,3,31.71,0,0.0,7.044,0.6644,20.256,16.256
2026-09-18 09:00:00,SHIFT_A,0,34.85,35.42,0.649,0.351,7.373,2.922,3.216,1.211,5.538,4.394,0.825,3,31.44,0,0.0,7.373,0.7104,20.4,16.4
2026-09-18 09:15:00,SHIFT_A,0,34.94,36.22,0.649,0.351,6.575,3.297,3.348,0.931,5.87,4.166,0.825,3,31.37,0,0.0,6.575,0.6242,20.066,16.066
2026-09-18 09:30:00,SHIFT_A,0,35.03,33.24,0.649,0.351,6.865,3.258,3.157,1.206,5.455,4.182,0.968,3,31.19,0,0.0,6.865,0.6528,20.175,16.175
2026-09-18 09:45:00,SHIFT_A,0,35.12,34.16,0.649,0.351,7.074,3.231,2.992,1.027,5.668,4.491,0.875,3,30.93,0,0.0,7.074,0.687,20.295,16.295
2026-09-18 10:00:00,SHIFT_A,0,35.2,34.47,0.646,0.354,6.959,2.897,2.926,1.231,4.955,4.436,1.111,3,30.63,0,0.0,6.959,0.6574,20.328,16.328
2026-09-18 10:15:00,SHIFT_A,0,35.28,34.01,0.646,0.354,7.009,3.307,2.878,1.246,5.277,4.278,0.899,3,30.13,0,0.0,7.009,0.6603,20.431,16.431
2026-09-18 10:30:00,SHIFT_A,0,35.35,35.06,0.646,0.354,8.104,3.016,3.161,1.294,5.478,4.108,0.893,3,29.88,0,0.0,8.104,0.7823,20.977,16.977
2026-09-18 10:45:00,SHIFT_A,0,35.41,33.69,0.646,0.354,6.865,3.314,3.008,1.086,4.803,3.902,1.039,3,29.7,0,0.0,6.865,0.5985,21.04,17.04
2026-09-18 11:00:00,SHIFT_A,0,35.47,34.36,0.643,0.357,6.9,3.001,2.764,1.173,4.657,4.784,0.987,3,29.37,0,0.0,6.9,0.6445,21.054,17.054
2026-09-18 11:15:00,SHIFT_A,0,35.52,34.65,0.643,0.357,7.02,2.988,2.847,1.146,4.965,4.194,0.859,3,29.1,0,0.0,7.02,0.6311,21.099,17.099
2026-09-18 11:30:00,SHIFT_A,0,31.3,31.51,0.643,0.357,6.456,2.845,3.068,1.17,5.545,4.277,1.05,3,28.72,0,0.0,6.456,0.626,21.177,17.177
2026-09-18 11:45:00,SHIFT_A,0,31.34,32.15,0.643,0.357,6.475,2.754,2.994,1.215,4.894,4.339,0.938,3,28.43,0,0.0,6.475,0.5935,21.199,17.199
2026-09-18 12:00:00,SHIFT_A,0,35.64,36.28,0.64,0.36,7.552,2.578,2.999,0.963,5.06,4.613,0.977,3,28.19,0,0.0,7.552,0.7061,21.346,17.346
2026-09-18 12:15:00,SHIFT_A,0,35.67,35.65,0.64,0.36,6.58,2.682,2.951,1.126,5.365,4.315,0.856,3,27.88,0,0.0,6.58,0.6179,21.072,17.072
2026-09-18 12:30:00,SHIFT_A,0,35.69,34.49,0.64,0.36,6.978,2.629,3.232,0.918,5.217,4.055,0.943,3,27.64,0,0.0,6.978,0.6255,21.112,17.112
2026-09-18 12:45:00,SHIFT_A,0,35.7,33.88,0.64,0.36,7.48,3.026,3.221,1.108,4.736,4.103,1.094,3,27.46,0,0.0,7.48,0.6649,21.464,17.464
2026-09-18 13:00:00,SHIFT_A,0,35.7,35.25,0.636,0.364,7.212,2.668,2.768,1.173,4.869,4.296,0.829,3,26.97,0,0.0,7.212,0.6485,21.545,17.545
2026-09-18 13:15:00,SHIFT_A,0,35.7,36.33,0.636,0.364,7.745,2.817,3.121,0.972,5.207,4.389,0.868,3,26.44,0,0.0,7.745,0.7131,21.784,17.784
2026-09-18 13:30:00,SHIFT_A,0,35.69,33.84,0.636,0.364,6.598,2.789,3.018,1.047,5.17,3.904,0.908,3,26.25,0,0.0,6.598,0.5858,21.699,17.699
2026-09-18 13:45:00,SHIFT_A,0,35.67,36.37,0.636,0.364,6.742,3.237,2.982,1.352,5.085,4.438,0.955,3,26.03,0,0.0,6.742,0.6422,21.434,17.434
2026-09-18 14:00:00,SHIFT_B,0,37.74,40.84,0.633,0.367,7.051,2.687,3.592,1.186,5.277,4.365,0.905,3,25.78,0,0.0,7.051,0.6661,20.875,16.875
2026-09-18 14:15:00,SHIFT_B,0,37.7,38.63,0.633,0.367,7.953,2.883,3.051,1.051,5.598,4.029,0.933,3,25.34,0,0.0,7.953,0.7502,20.988,16.988
2026-09-18 14:30:00,SHIFT_B,0,37.66,35.8,0.633,0.367,7.543,2.873,3.218,1.209,5.532,4.502,0.986,3,25.04,0,0.0,7.543,0.749,21.179,17.179
2026-09-18 14:45:00,SHIFT_B,0,37.61,38.69,0.633,0.367,8.108,2.899,3.258,1.098,5.421,4.375,0.96,3,24.8,0,0.0,8.108,0.7898,21.364,17.364
2026-09-18 15:00:00,SHIFT_B,0,37.56,37.02,0.629,0.371,6.975,2.342,3.139,1.235,5.23,4.487,1.207,3,24.46,0,0.0,6.975,0.6828,21.15,17.15
2026-09-18 15:15:00,SHIFT_B,0,37.5,38.56,0.629,0.371,7.326,2.594,3.17,1.033,5.577,3.941,0.852,3,23.96,0,0.0,7.326,0.6726,20.957,16.957
2026-09-18 15:30:00,SHIFT_B,0,37.43,39.24,0.629,0.371,6.729,2.73,2.862,1.138,5.035,4.35,0.968,3,23.65,0,0.0,6.729,0.6226,20.398,16.398
2026-09-18 15:45:00,SHIFT_B,0,37.35,39.05,0.629,0.371,7.754,2.476,2.82,1.249,5.166,4.439,0.966,3,23.35,0,0.0,7.754,0.7431,20.37,16.37
2026-09-18 16:00:00,SHIFT_B,0,37.27,35.44,0.625,0.375,8.339,2.483,2.94,1.254,5.153,4.175,0.926,3,22.99,0,0.0,8.339,0.7886,20.996,16.996
2026-09-18 16:15:00,SHIFT_B,0,37.19,36.9,0.625,0.375,7.329,2.644,3.287,1.433,5.43,4.525,1.028,3,22.63,0,0.0,7.329,0.7361,20.97,16.97
2026-09-18 16:30:00,SHIFT_B,0,37.1,38.25,0.625,0.375,7.694,2.62,3.053,1.159,5.228,4.457,1.028,3,22.42,0,0.0,7.694,0.7398,20.992,16.992
2026-09-18 16:45:00,SHIFT_B,0,37.0,38.26,0.625,0.375,7.275,2.884,2.771,1.066,5.358,4.084,0.998,3,22.2,0,0.0,7.275,0.674,20.804,16.804
2026-09-18 17:00:00,SHIFT_B,0,36.9,35.97,0.621,0.379,6.796,2.698,3.06,1.217,5.041,4.252,0.879,3,21.79,0,0.0,6.796,0.6231,20.605,16.605
2026-09-18 17:15:00,SHIFT_B,0,36.8,37.79,0.621,0.379,7.468,2.848,3.09,1.01,5.48,4.299,0.94,3,21.38,0,0.0,7.468,0.7052,20.56,16.56
2026-09-18 17:30:00,SHIFT_B,0,36.69,36.81,0.621,0.379,7.528,2.924,3.216,1.054,5.666,4.352,0.908,3,20.92,0,0.0,7.528,0.7279,20.644,16.644
2026-09-18 17:45:00,SHIFT_B,0,36.58,36.92,0.621,0.379,7.239,2.71,2.989,1.28,5.334,3.966,0.866,3,20.67,0,0.0,7.239,0.6671,20.571,16.571
2026-09-18 18:00:00,SHIFT_B,0,36.47,38.4,0.617,0.383,7.424,2.755,3.068,1.046,5.217,4.564,1.007,3,20.28,0,0.0,7.424,0.7073,20.443,16.443
2026-09-18 18:15:00,SHIFT_B,0,36.35,36.34,0.617,0.383,7.205,2.483,2.846,1.194,4.819,3.977,0.785,3,19.97,0,0.0,7.205,0.6252,20.412,16.412
2026-09-18 18:30:00,SHIFT_B,0,36.23,37.85,0.617,0.383,7.052,2.872,3.148,1.343,4.989,3.898,0.881,3,19.62,0,0.0,7.052,0.6309,20.152,16.152
2026-09-18 18:45:00,SHIFT_B,0,36.12,35.5,0.617,0.383,7.693,2.739,2.642,1.006,5.482,4.093,0.911,3,19.14,0,0.0,7.693,0.7117,20.449,16.449
2026-09-18 19:00:00,SHIFT_B,0,31.68,32.26,0.613,0.387,6.233,2.75,2.754,1.214,4.914,4.538,0.953,2,24.0,0,0.0,6.233,0.927,20.339,16.339
2026-09-18 19:15:00,SHIFT_B,0,31.58,33.27,0.613,0.387,6.108,3.189,3.277,1.206,5.38,4.192,1.071,3,23.69,0,0.0,6.108,0.5827,20.066,16.066
2026-09-18 19:30:00,SHIFT_B,0,35.77,35.06,0.613,0.387,6.967,2.712,3.211,1.227,5.12,4.281,1.026,3,23.37,0,0.0,6.967,0.6538,20.043,16.043
2026-09-18 19:45:00,SHIFT_B,0,35.65,33.17,0.613,0.387,7.312,2.967,2.972,1.24,5.464,4.487,0.984,2,27.98,0,0.0,6.012,1.2163,19.732,15.732
2026-09-18 20:00:00,SHIFT_B,0,35.53,35.33,0.609,0.391,7.748,3.031,3.066,1.265,5.249,4.093,0.9,3,27.63,1.3,1.89,9.048,0.877,20.723,16.723
2026-09-18 20:15:00,SHIFT_B,0,35.42,35.78,0.609,0.391,6.779,3.025,2.948,1.178,4.959,3.645,1.055,3,27.35,0,0.0,6.779,0.5914,20.534,16.534
2026-09-18 20:30:00,SHIFT_B,0,35.31,33.81,0.609,0.391,7.302,2.607,3.032,1.116,4.945,3.909,1.117,2,31.21,0,0.0,6.76,1.0802,20.534,16.534
2026-09-18 20:45:00,SHIFT_B,0,35.2,35.81,0.609,0.391,7.267,2.973,3.1,1.109,5.645,4.385,0.859,3,30.85,0.542,0.796,7.809,0.7641,20.857,16.857
2026-09-18 21:00:00,SHIFT_B,0,35.1,33.6,0.604,0.396,6.764,3.206,2.648,1.068,5.465,3.805,0.838,3,30.49,0,0.0,6.764,0.6086,20.879,16.879
2026-09-18 21:15:00,SHIFT_B,0,35.0,34.45,0.604,0.396,7.026,3.147,3.17,1.136,5.488,4.335,0.991,3,30.29,0,0.0,7.026,0.676,20.947,16.947
2026-09-18 21:30:00,SHIFT_B,0,34.9,34.8,0.604,0.396,7.288,3.221,3.383,1.241,5.034,4.121,0.83,3,30.11,0,0.0,7.288,0.6587,21.11,17.11
2026-09-18 21:45:00,SHIFT_B,0,34.81,35.29,0.604,0.396,6.808,3.092,2.667,1.152,4.736,4.3,1.004,3,29.86,0,0.0,6.808,0.6135,20.985,16.985
2026-09-18 22:00:00,SHIFT_C,0,27.01,28.75,0.6,0.4,5.744,2.728,3.469,1.108,5.283,4.188,0.946,3,29.63,0,0.0,5.744,0.533,20.982,16.982
2026-09-18 22:15:00,SHIFT_C,0,26.95,25.98,0.6,0.4,5.301,2.487,3.099,0.947,5.104,4.235,1.031,3,29.25,0,0.0,5.301,0.4831,21.035,17.035
2026-09-18 22:30:00,SHIFT_C,0,26.89,26.97,0.6,0.4,5.626,2.764,3.309,1.21,5.154,4.322,1.071,3,28.9,0,0.0,5.626,0.5326,21.152,17.152
2026-09-18 22:45:00,SHIFT_C,0,26.84,24.55,0.6,0.4,5.258,2.477,2.773,1.23,5.567,4.177,1.015,3,28.45,0,0.0,5.258,0.5076,21.325,17.325
2026-09-18 23:00:00,SHIFT_C,0,26.79,26.85,0.595,0.405,5.165,2.227,2.857,0.945,4.608,4.318,0.994,3,28.12,0,0.0,5.165,0.4518,21.223,17.223
2026-09-18 23:15:00,SHIFT_C,0,26.74,26.79,0.595,0.405,5.376,2.67,3.009,1.316,5.085,4.753,1.071,3,27.83,0,0.0,5.376,0.5292,21.232,17.232
2026-09-18 23:30:00,SHIFT_C,0,26.71,26.14,0.595,0.405,5.541,2.291,2.878,1.059,5.048,4.109,0.966,3,27.59,0,0.0,5.541,0.4989,21.388,17.388
2026-09-18 23:45:00,SHIFT_C,0,26.67,25.74,0.595,0.405,4.875,2.681,2.831,1.217,4.955,4.704,0.819,3,27.2,0,0.0,4.875,0.4591,21.252,17.252
2026-09-19 00:00:00,SHIFT_C,1,21.85,21.02,0.602,0.398,4.915,2.181,2.93,1.334,4.604,4.007,0.948,3,26.85,0,0.0,4.915,0.4311,21.608,17.608
2026-09-19 00:15:00,SHIFT_C,1,21.83,21.94,0.602,0.398,4.459,2.036,3.132,1.015,5.083,4.2,1.02,3,26.58,0,0.0,4.459,0.4063,21.643,17.643
2026-09-19 00:30:00,SHIFT_C,1,21.82,20.06,0.602,0.398,4.125,2.029,3.089,1.087,4.394,4.983,1.003,3,26.37,0,0.0,4.125,0.3808,21.699,17.699
2026-09-19 00:45:00,SHIFT_C,1,21.81,19.41,0.602,0.398,4.799,2.259,3.151,1.194,5.281,4.175,1.026,3,25.95,0,0.0,4.799,0.4512,22.158,18.158
2026-09-19 01:00:00,SHIFT_C,1,21.81,21.52,0.598,0.402,4.198,2.374,2.65,1.262,5.26,4.416,1.016,3,25.82,0,0.0,4.198,0.404,22.105,18.105
2026-09-19 01:15:00,SHIFT_C,1,21.81,19.22,0.598,0.402,4.314,2.234,2.645,0.957,5.493,4.489,1.055,3,25.55,0,0.0,4.314,0.4166,22.339,18.339
2026-09-19 01:30:00,SHIFT_C,1,21.82,24.84,0.598,0.402,4.402,2.272,3.215,1.192,5.146,4.293,1.037,3,25.36,0,0.0,4.402,0.4135,22.056,18.056
2026-09-19 01:45:00,SHIFT_C,1,21.83,20.53,0.598,0.402,3.738,2.336,2.928,1.021,4.66,3.934,0.889,3,25.02,0,0.0,3.738,0.3162,21.872,17.872
2026-09-19 02:00:00,SHIFT_C,1,21.85,24.59,0.593,0.407,4.524,2.014,2.912,1.236,4.885,4.567,0.974,3,24.59,0,0.0,4.524,0.4248,21.676,17.676
2026-09-19 02:15:00,SHIFT_C,1,21.87,21.56,0.593,0.407,4.943,2.368,3.054,1.177,5.301,4.34,1.151,3,24.34,0,0.0,4.943,0.4764,21.991,17.991
2026-09-19 02:30:00,SHIFT_C,1,21.9,22.54,0.593,0.407,4.032,2.287,2.818,1.064,4.966,4.232,0.854,3,24.01,0,0.0,4.032,0.3609,21.753,17.753
2026-09-19 02:45:00,SHIFT_C,1,21.93,19.3,0.593,0.407,4.589,2.372,2.815,1.278,5.06,4.254,0.918,3,23.55,0,0.0,4.589,0.4253,22.118,18.118
2026-09-19 03:00:00,SHIFT_C,1,21.97,24.25,0.588,0.412,3.907,2.533,3.17,1.025,5.191,3.987,1.013,3,23.35,0,0.0,3.907,0.3528,21.647,17.647
2026-09-19 03:15:00,SHIFT_C,1,22.01,23.79,0.588,0.412,3.94,2.231,3.06,1.107,5.693,4.501,1.148,3,23.05,0,0.0,3.94,0.3949,21.238,17.238
2026-09-19 03:30:00,SHIFT_C,1,22.05,22.33,0.588,0.412,4.148,2.117,3.462,1.191,5.095,4.375,0.975,3,22.64,0,0.0,4.148,0.3886,21.079,17.079
2026-09-19 03:45:00,SHIFT_C,1,22.1,21.52,0.588,0.412,4.418,1.763,2.691,1.095,5.059,4.389,0.855,3,22.31,0,0.0,4.418,0.4054,21.136,17.136
2026-09-19 04:00:00,SHIFT_C,1,22.15,21.51,0.583,0.417,4.544,1.877,2.958,1.162,4.891,4.739,0.878,3,21.96,0,0.0,4.544,0.427,21.257,17.257
2026-09-19 04:15:00,SHIFT_C,1,22.2,22.21,0.583,0.417,5.257,1.97,2.946,1.017,5.386,4.423,1.016,3,21.47,0,0.0,5.257,0.5013,21.665,17.665
2026-09-19 04:30:00,SHIFT_C,1,22.26,22.43,0.583,0.417,4.364,2.037,2.898,1.084,5.315,4.236,0.939,3,21.17,0,0.0,4.364,0.4067,21.604,17.604
2026-09-19 04:45:00,SHIFT_C,1,22.32,23.25,0.583,0.417,4.051,2.178,2.971,1.067,5.411,4.08,0.913,3,21.07,0,0.0,4.051,0.3741,21.304,17.304
2026-09-19 05:00:00,SHIFT_C,1,22.39,23.61,0.579,0.421,4.671,2.259,2.788,1.029,5.338,4.222,0.799,3,20.65,0,0.0,4.671,0.4283,21.279,17.279
2026-09-19 05:15:00,SHIFT_C,1,22.45,23.23,0.579,0.421,5.162,2.393,3.418,1.089,4.838,4.436,0.974,3,20.46,0,0.0,5.162,0.4712,21.537,17.537
2026-09-19 05:30:00,SHIFT_C,1,22.52,22.12,0.579,0.421,4.456,2.056,3.051,1.08,4.974,4.189,0.931,3,19.99,0,0.0,4.456,0.4009,21.553,17.553
2026-09-19 05:45:00,SHIFT_C,1,22.59,22.77,0.579,0.421,4.207,1.983,3.265,1.094,5.15,4.374,0.937,3,19.9,0,0.0,4.207,0.3913,21.379,17.379
2026-09-19 06:00:00,SHIFT_A,1,27.52,28.36,0.574,0.426,5.286,2.961,3.121,1.243,5.107,4.376,0.962,3,19.71,0,0.0,5.286,0.4975,21.185,17.185
2026-09-19 06:15:00,SHIFT_A,1,27.61,25.84,0.574,0.426,5.14,2.872,3.169,1.106,5.287,4.279,1.034,3,19.36,0,0.0,5.14,0.4845,21.172,17.172
2026-09-19 06:30:00,SHIFT_A,1,27.7,27.53,0.574,0.426,5.318,2.398,3.076,1.199,5.064,4.284,0.938,3,19.14,0,0.0,5.318,0.4918,21.077,17.077
2026-09-19 06:45:00,SHIFT_A,1,27.79,29.69,0.574,0.426,5.834,2.76,2.858,0.928,5.051,4.569,0.987,3,18.61,0,0.0,5.834,0.5418,21.026,17.026
2026-09-19 07:00:00,SHIFT_A,1,27.88,26.76,0.569,0.431,5.437,3.031,3.174,1.258,4.995,4.406,0.894,3,18.28,0,0.0,5.437,0.5058,21.069,17.069
2026-09-19 07:15:00,SHIFT_A,1,27.97,27.36,0.569,0.431,5.124,3.035,3.136,1.267,5.791,4.809,0.99,2,22.56,0,0.0,5.124,0.8166,20.894,16.894
2026-09-19 07:30:00,SHIFT_A,1,28.06,26.93,0.569,0.431,5.124,2.603,3.281,1.137,5.058,4.102,0.984,3,22.26,0,0.0,5.124,0.4654,20.764,16.764
2026-09-19 07:45:00,SHIFT_A,1,28.15,27.87,0.569,0.431,5.638,2.981,3.312,0.829,5.419,4.156,0.969,2,27.01,0,0.0,5.638,0.7912,20.796,16.796
2026-09-19 08:00:00,SHIFT_A,1,28.24,29.14,0.564,0.436,6.17,2.651,3.103,0.97,5.368,4.78,0.887,2,32.08,0,0.0,6.17,0.9531,20.967,16.967
2026-09-19 08:15:00,SHIFT_A,1,28.33,29.52,0.564,0.436,5.869,2.691,3.107,1.184,5.151,4.6,0.876,3,31.71,0,0.0,5.869,0.5581,20.95,16.95
2026-09-19 08:30:00,SHIFT_A,1,28.41,25.88,0.564,0.436,5.393,2.44,3.2,0.995,5.448,3.869,1.074,3,31.45,0,0.0,5.393,0.4944,21.059,17.059
2026-09-19 08:45:00,SHIFT_A,1,28.5,27.22,0.564,0.436,5.624,2.568,2.891,1.119,5.29,4.408,0.989,3,31.17,0,0.0,5.624,0.5346,21.148,17.148
2026-09-19 09:00:00,SHIFT_A,1,28.58,28.61,0.559,0.441,5.852,2.599,2.749,1.218,5.179,3.88,0.932,3,30.86,0,0.0,5.852,0.5281,21.213,17.213
2026-09-19 09:15:00,SHIFT_A,1,28.65,28.73,0.559,0.441,6.356,2.467,2.964,1.088,5.61,4.608,0.949,3,30.33,0,0.0,6.356,0.6272,21.518,17.518
2026-09-19 09:30:00,SHIFT_A,1,28.73,29.37,0.559,0.441,5.903,2.582,3.009,1.343,4.791,4.311,0.872,3,30.08,0,0.0,5.903,0.5379,21.533,17.533
2026-09-19 09:45:00,SHIFT_A,1,28.8,28.55,0.559,0.441,6.172,2.635,2.936,1.068,4.942,4.512,0.921,3,29.68,0,0.0,6.172,0.5687,21.764,17.764
2026-09-19 10:00:00,SHIFT_A,1,28.87,31.4,0.554,0.446,6.423,2.085,2.965,1.738,4.845,4.541,1.395,3,29.51,0,0.0,6.423,0.6474,21.835,17.835
2026-09-19 10:15:00,SHIFT_A,1,28.93,28.3,0.554,0.446,5.474,2.124,2.83,1.679,5.647,4.289,1.529,3,29.03,0,0.0,5.474,0.5793,21.742,17.742
2026-09-19 10:30:00,SHIFT_A,1,28.99,24.98,0.554,0.446,5.735,2.882,3.202,1.797,5.637,4.188,1.88,3,28.9,0,0.0,5.735,0.6234,22.112,18.112
2026-09-19 10:45:00,SHIFT_A,1,29.04,28.38,0.554,0.446,6.119,2.274,3.115,1.664,5.076,4.172,1.402,3,28.48,0,0.0,6.119,0.6067,22.333,18.333
2026-09-19 11:00:00,SHIFT_A,1,29.09,27.74,0.549,0.451,5.528,2.422,2.967,1.023,5.31,4.37,1.003,3,28.13,0,0.0,5.528,0.521,22.322,18.322
2026-09-19 11:15:00,SHIFT_A,1,29.13,29.95,0.549,0.451,5.865,2.365,3.222,1.178,5.377,4.062,1.013,3,27.85,0,0.0,5.865,0.5492,22.259,18.259
2026-09-19 11:30:00,SHIFT_A,1,25.67,28.11,0.549,0.451,5.718,2.458,2.916,1.068,4.635,4.134,0.953,3,27.58,0,0.0,5.718,0.4968,22.308,18.308
2026-09-19 11:45:00,SHIFT_A,1,25.7,24.79,0.549,0.451,4.411,2.239,3.123,1.156,5.179,4.39,0.821,3,27.25,0,0.0,4.411,0.4101,22.034,18.034
2026-09-19 12:00:00,SHIFT_A,1,29.23,29.3,0.544,0.456,6.165,2.055,2.966,1.191,4.871,4.217,0.953,3,26.86,0,0.0,6.165,0.5575,22.187,18.187
2026-09-19 12:15:00,SHIFT_A,1,29.25,29.86,0.544,0.456,4.87,2.102,3.276,1.177,5.317,4.178,0.853,3,26.62,0,0.0,4.87,0.4519,21.636,17.636
2026-09-19 12:30:00,SHIFT_A,1,29.26,31.4,0.544,0.456,5.442,2.002,2.721,1.105,5.264,3.843,0.879,3,26.28,0,0.0,5.442,0.486,21.216,17.216
2026-09-19 12:45:00,SHIFT_A,1,29.27,27.07,0.544,0.456,5.844,2.625,3.024,1.339,5.412,4.333,0.866,3,26.15,0,0.0,5.844,0.5623,21.431,17.431
2026-09-19 13:00:00,SHIFT_A,1,29.27,31.59,0.539,0.461,6.144,1.981,3.138,1.092,5.353,4.346,0.847,3,25.88,0,0.0,6.144,0.5757,21.344,17.344
2026-09-19 13:15:00,SHIFT_A,1,29.27,29.98,0.539,0.461,5.611,2.502,2.909,1.106,5.264,4.249,1.066,3,25.74,0,0.0,5.611,0.5279,21.152,17.152
2026-09-19 13:30:00,SHIFT_A,1,29.26,27.99,0.539,0.461,5.689,2.528,2.719,0.967,5.893,4.684,1.084,3,25.39,0,0.0,5.689,0.5784,21.197,17.197
2026-09-19 13:45:00,SHIFT_A,1,29.25,29.23,0.539,0.461,6.072,2.339,3.144,1.261,5.197,4.871,0.898,3,25.09,0,0.0,6.072,0.5978,21.309,17.309
2026-09-19 14:00:00,SHIFT_B,1,30.95,32.24,0.534,0.466,6.395,2.472,3.296,1.339,5.482,4.279,1.022,3,24.87,0,0.0,6.395,0.6242,21.283,17.283
2026-09-19 14:15:00,SHIFT_B,1,30.92,32.45,0.534,0.466,5.469,2.415,2.939,1.067,5.292,4.578,0.682,3,24.69,0,0.0,5.469,0.5116,20.772,16.772
2026-09-19 14:30:00,SHIFT_B,1,30.88,31.92,0.534,0.466,5.608,2.121,2.93,1.089,5.336,4.392,0.926,3,24.4,0,0.0,5.608,0.5303,20.384,16.384
2026-09-19 14:45:00,SHIFT_B,1,30.84,34.0,0.534,0.466,6.124,2.625,3.019,1.136,4.807,4.007,0.886,3,24.08,0,0.0,6.124,0.5342,20.046,16.046
2026-09-19 15:00:00,SHIFT_B,1,30.8,28.35,0.529,0.471,6.623,2.638,3.067,1.385,4.78,4.454,0.984,3,23.86,0,0.0,6.623,0.6187,20.523,16.523
2026-09-19 15:15:00,SHIFT_B,1,30.75,30.1,0.529,0.471,5.794,2.04,3.13,1.154,4.992,3.716,0.988,3,23.47,0,0.0,5.794,0.5062,20.409,16.409
2026-09-19 15:30:00,SHIFT_B,1,30.69,31.04,0.529,0.471,6.05,1.979,3.166,1.225,5.121,4.465,0.857,3,23.17,0,0.0,6.05,0.5684,20.33,16.33
2026-09-19 15:45:00,SHIFT_B,1,30.63,31.84,0.529,0.471,5.719,2.144,3.098,1.272,4.923,3.963,0.959,3,22.85,0,0.0,5.719,0.5119,20.006,16.006
2026-09-19 16:00:00,SHIFT_B,1,30.56,29.7,0.524,0.476,6.276,2.325,3.574,1.083,5.183,4.296,0.958,3,22.56,0,0.0,6.276,0.5821,20.173,16.173
2026-09-19 16:15:00,SHIFT_B,1,30.49,32.42,0.524,0.476,5.848,2.593,3.032,1.09,5.465,4.879,0.924,3,22.13,0,0.0,5.848,0.5819,19.856,15.856
2026-09-19 16:30:00,SHIFT_B,1,30.42,28.23,0.524,0.476,6.039,2.37,2.938,1.058,5.538,4.681,0.909,3,21.84,0,0.0,6.039,0.5925,20.052,16.052
2026-09-19 16:45:00,SHIFT_B,1,30.34,31.07,0.524,0.476,5.997,2.11,2.965,1.047,4.805,4.319,0.968,3,21.38,0,0.0,5.997,0.5378,19.944,15.944
2026-09-19 17:00:00,SHIFT_B,1,30.26,29.83,0.519,0.481,6.199,2.221,3.125,1.113,4.747,4.181,0.95,3,21.05,0,0.0,6.199,0.5485,20.06,16.06
2026-09-19 17:15:00,SHIFT_B,1,30.17,28.52,0.519,0.481,5.91,2.375,3.309,1.147,5.489,4.271,0.965,3,20.72,0,0.0,5.91,0.565,20.163,16.163
2026-09-19 17:30:00,SHIFT_B,1,30.08,30.52,0.519,0.481,6.026,2.52,3.227,1.171,5.183,4.482,1.051,3,20.47,0,0.0,6.026,0.5768,20.124,16.124
2026-09-19 17:45:00,SHIFT_B,1,29.99,29.38,0.519,0.481,5.608,2.129,3.116,0.935,5.155,4.265,0.995,3,20.09,0,0.0,5.608,0.5125,19.991,15.991
2026-09-19 18:00:00,SHIFT_B,1,29.9,29.61,0.514,0.486,6.202,1.771,3.15,1.22,4.93,3.87,1.016,3,19.82,0,0.0,6.202,0.5511,20.131,16.131
2026-09-19 18:15:00,SHIFT_B,1,29.81,28.35,0.514,0.486,5.372,2.265,3.1,1.203,5.175,4.325,0.968,3,19.55,0,0.0,5.372,0.5048,19.982,15.982
2026-09-19 18:30:00,SHIFT_B,1,29.71,27.25,0.514,0.486,5.276,2.155,3.259,1.109,5.343,4.423,0.934,2,23.89,0,0.0,5.276,0.7618,19.895,15.895
2026-09-19 18:45:00,SHIFT_B,1,29.62,29.88,0.514,0.486,5.484,2.987,3.095,1.04,5.15,4.273,0.896,3,23.54,0,0.0,5.484,0.5016,19.648,15.648
2026-09-19 19:00:00,SHIFT_B,1,25.98,25.35,0.51,0.49,4.921,2.506,2.955,1.004,5.124,4.144,0.809,3,23.0,0,0.0,4.921,0.439,19.574,15.574
2026-09-19 19:15:00,SHIFT_B,1,25.89,24.61,0.51,0.49,5.264,2.52,2.959,1.085,4.857,4.456,0.97,3,22.7,0,0.0,5.264,0.4818,19.744,15.744
2026-09-19 19:30:00,SHIFT_B,1,29.33,28.85,0.51,0.49,6.334,2.452,3.309,1.092,4.924,4.059,0.965,3,22.44,0,0.0,6.334,0.563,20.027,16.027
2026-09-19 19:45:00,SHIFT_B,1,29.23,29.64,0.51,0.49,5.704,2.026,2.828,1.137,4.638,4.873,0.832,3,22.25,0,0.0,5.704,0.5273,19.915,15.915
2026-09-19 20:00:00,SHIFT_B,1,29.14,28.87,0.505,0.495,6.257,2.636,3.006,1.136,4.959,4.474,0.983,3,21.97,0,0.0,6.257,0.582,20.156,16.156
2026-09-19 20:15:00,SHIFT_B,1,29.05,28.8,0.505,0.495,6.275,2.689,2.881,1.129,5.402,4.441,0.803,3,21.79,0,0.0,6.275,0.5949,20.414,16.414
2026-09-19 20:30:00,SHIFT_B,1,28.96,30.7,0.505,0.495,5.257,2.523,2.778,1.057,5.149,4.575,0.949,3,21.41,0,0.0,5.257,0.4964,19.972,15.972
2026-09-19 20:45:00,SHIFT_B,1,28.87,31.13,0.505,0.495,5.928,2.465,2.766,1.062,5.257,4.402,1.004,1,31.84,0,0.0,2.973,1.25,18.346,14.346
2026-09-19 21:00:00,SHIFT_B,1,28.78,32.06,0.5,0.5,5.674,2.592,3.063,1.18,5.488,3.979,0.917,3,31.57,2.955,4.261,8.629,0.8295,19.455,15.455
2026-09-19 21:15:00,SHIFT_B,1,28.7,28.71,0.5,0.5,4.788,3.066,3.139,1.181,5.756,4.345,1.04,3,31.35,0,0.0,4.788,0.475,18.977,14.977
2026-09-19 21:30:00,SHIFT_B,1,28.62,29.97,0.5,0.5,5.225,2.495,3.008,1.009,5.052,4.139,0.959,3,30.99,0,0.0,5.225,0.4695,18.593,14.593
2026-09-19 21:45:00,SHIFT_B,1,28.55,29.44,0.5,0.5,5.774,2.879,2.808,1.165,5.132,4.086,0.999,3,30.75,0,0.0,5.774,0.5292,18.536,14.536
2026-09-19 22:00:00,SHIFT_C,1,22.15,19.24,0.496,0.504,4.191,2.493,3.163,1.251,5.286,3.904,0.916,3,30.4,0,0.0,4.191,0.3833,18.708,14.708
2026-09-19 22:15:00,SHIFT_C,1,22.1,21.52,0.496,0.504,3.874,2.042,3.467,1.275,5.489,4.587,1.023,3,30.1,0,0.0,3.874,0.386,18.493,14.493
2026-09-19 22:30:00,SHIFT_C,1,22.05,22.32,0.496,0.504,4.416,2.296,2.701,1.116,4.896,4.681,0.968,3,29.88,0,0.0,4.416,0.4146,18.468,14.468
2026-09-19 22:45:00,SHIFT_C,1,22.01,22.65,0.496,0.504,5.049,2.319,2.916,1.122,5.09,3.91,0.959,3,29.56,0,0.0,5.049,0.4505,18.727,14.727
2026-09-19 23:00:00,SHIFT_C,1,21.97,20.44,0.491,0.509,3.842,1.869,3.08,1.012,5.351,4.273,0.918,3,29.2,0,0.0,3.842,0.3575,18.605,14.605
2026-09-19 23:15:00,SHIFT_C,1,21.93,21.52,0.491,0.509,4.385,2.12,2.723,1.38,5.394,4.244,0.952,3,29.02,0,0.0,4.385,0.4227,18.646,14.646
2026-09-19 23:30:00,SHIFT_C,1,21.9,20.79,0.491,0.509,3.929,2.345,3.272,1.196,5.246,3.916,1.031,3,28.82,0,0.0,3.929,0.3603,18.532,14.532
2026-09-19 23:45:00,SHIFT_C,1,21.87,23.04,0.491,0.509,5.1,1.937,2.967,1.218,5.099,4.217,1.079,3,28.56,0,0.0,5.1,0.4768,18.777,14.777
2026-09-20 00:00:00,SHIFT_C,1,21.85,22.68,0.498,0.502,4.421,2.542,3.076,1.181,5.578,4.571,0.988,3,28.09,0,0.0,4.421,0.4385,18.719,14.719
2026-09-20 00:15:00,SHIFT_C,1,21.83,22.31,0.498,0.502,4.251,2.048,3.033,0.914,5.38,4.425,0.998,3,27.89,0,0.0,4.251,0.4011,18.614,14.614
2026-09-20 00:30:00,SHIFT_C,1,21.82,20.57,0.498,0.502,4.492,2.347,2.707,1.122,5.143,3.938,0.977,3,27.57,0,0.0,4.492,0.4044,18.804,14.804
2026-09-20 00:45:00,SHIFT_C,1,21.81,19.58,0.498,0.502,4.835,2.153,2.871,1.2,5.452,4.226,0.939,3,27.46,0,0.0,4.835,0.46,19.264,15.264
2026-09-20 01:00:00,SHIFT_C,1,21.81,21.1,0.493,0.507,4.221,2.188,3.183,1.154,5.513,4.407,0.93,3,27.11,0,0.0,4.221,0.408,19.265,15.265
2026-09-20 01:15:00,SHIFT_C,1,21.81,20.81,0.493,0.507,4.373,2.346,3.168,1.045,5.111,4.721,0.991,3,26.75,0,0.0,4.373,0.4179,19.37,15.37
2026-09-20 01:30:00,SHIFT_C,1,21.82,21.18,0.493,0.507,4.23,2.387,3.218,1.095,5.544,4.254,0.849,3,26.34,0,0.0,4.23,0.3999,19.367,15.367
2026-09-20 01:45:00,SHIFT_C,1,21.83,18.71,0.493,0.507,3.564,2.385,3.226,1.155,4.853,4.439,0.926,3,26.08,0,0.0,3.564,0.3263,19.278,15.278
2026-09-20 02:00:00,SHIFT_C,1,21.85,23.03,0.489,0.511,3.974,2.325,2.949,1.114,5.395,4.31,0.837,3,25.69,0,0.0,3.974,0.373,18.962,14.962
2026-09-20 02:15:00,SHIFT_C,1,21.87,22.0,0.489,0.511,4.144,2.186,3.102,1.283,4.984,4.255,0.888,3,25.35,0,0.0,4.144,0.3807,18.834,14.834
2026-09-20 02:30:00,SHIFT_C,1,21.9,22.15,0.489,0.511,4.692,1.569,3.172,1.022,4.285,4.165,0.984,3,25.21,0,0.0,4.692,0.395,18.964,14.964
2026-09-20 02:45:00,SHIFT_C,1,21.93,19.69,0.489,0.511,4.279,2.03,2.606,0.973,5.313,4.176,0.92,3,24.97,0,0.0,4.279,0.3922,19.135,15.135
2026-09-20 03:00:00,SHIFT_C,1,21.97,22.33,0.485,0.515,4.035,2.12,3.076,1.243,4.752,4.132,0.848,3,24.56,0,0.0,4.035,0.3565,18.92,14.92
2026-09-20 03:15:00,SHIFT_C,1,22.01,23.21,0.485,0.515,4.872,2.159,2.968,1.004,5.47,4.332,0.844,3,24.21,0,0.0,4.872,0.457,19.035,15.035
2026-09-20 03:30:00,SHIFT_C,1,22.05,20.79,0.485,0.515,4.106,1.981,3.327,1.081,5.608,4.776,0.944,3,23.89,0,0.0,4.106,0.4102,19.008,15.008
2026-09-20 03:45:00,SHIFT_C,1,22.1,23.4,0.485,0.515,4.752,1.965,3.179,0.992,5.127,4.055,0.953,3,23.74,0,0.0,4.752,0.4258,19.045,15.045
2026-09-20 04:00:00,SHIFT_C,1,22.15,22.37,0.481,0.519,4.483,1.851,2.816,0.962,5.279,4.187,1.054,3,23.29,0,0.0,4.483,0.4144,19.05,15.05
2026-09-20 04:15:00,SHIFT_C,1,22.2,21.27,0.481,0.519,4.064,2.231,3.359,1.172,5.35,4.301,0.89,3,23.0,0,0.0,4.064,0.3833,18.955,14.955
2026-09-20 04:30:00,SHIFT_C,1,22.26,22.98,0.481,0.519,4.826,2.323,2.947,1.092,5.005,4.066,0.875,3,22.82,0,0.0,4.826,0.4289,19.07,15.07
2026-09-20 04:45:00,SHIFT_C,1,22.32,22.79,0.481,0.519,4.423,2.005,3.184,1.061,5.07,4.209,1.067,3,22.48,0,0.0,4.423,0.4062,19.002,15.002
2026-09-20 05:00:00,SHIFT_C,1,22.39,21.55,0.477,0.523,5.226,2.127,3.096,0.982,5.321,4.268,0.984,3,22.11,0,0.0,5.226,0.4861,19.46,15.46
2026-09-20 05:15:00,SHIFT_C,1,22.45,21.99,0.477,0.523,5.102,2.021,3.043,1.17,4.639,4.645,1.034,3,21.53,0,0.0,5.102,0.4718,19.812,15.812
2026-09-20 05:30:00,SHIFT_C,1,22.52,23.36,0.477,0.523,3.969,1.874,2.899,1.176,5.214,4.304,0.896,3,21.31,0,0.0,3.969,0.3703,19.461,15.461
2026-09-20 05:45:00,SHIFT_C,1,22.59,23.49,0.477,0.523,5.175,1.903,2.991,1.174,5.074,4.743,0.889,3,21.2,0,0.0,5.175,0.495,19.699,15.699
2026-09-20 06:00:00,SHIFT_A,1,27.52,27.97,0.473,0.527,5.341,2.895,3.284,1.097,4.806,4.496,1.02,3,20.93,0,0.0,5.341,0.491,19.573,15.573
2026-09-20 06:15:00,SHIFT_A,1,27.61,26.0,0.473,0.527,5.419,2.913,3.296,1.165,5.224,4.519,0.952,2,24.96,0,0.0,5.419,0.7927,19.682,15.682
2026-09-20 06:30:00,SHIFT_A,1,27.7,27.86,0.473,0.527,5.811,2.655,3.132,1.167,4.71,4.437,1.052,3,24.85,0,0.0,5.811,0.5318,19.802,15.802
2026-09-20 06:45:00,SHIFT_A,1,27.79,27.63,0.473,0.527,5.304,2.857,3.086,0.979,4.975,4.364,0.932,3,24.51,0,0.0,5.304,0.4804,19.691,15.691
2026-09-20 07:00:00,SHIFT_A,1,27.88,27.17,0.469,0.531,5.133,2.555,2.718,1.111,4.976,4.618,1.008,3,24.39,0,0.0,5.133,0.484,19.54,15.54
2026-09-20 07:15:00,SHIFT_A,1,27.97,28.95,0.469,0.531,5.497,2.967,3.049,1.151,5.903,4.201,0.957,3,24.03,0,0.0,5.497,0.5405,19.393,15.393
2026-09-20 07:30:00,SHIFT_A,1,28.06,26.68,0.469,0.531,4.934,2.926,2.954,1.143,5.214,4.307,0.885,3,23.68,0,0.0,4.934,0.4589,19.193,15.193
2026-09-20 07:45:00,SHIFT_A,1,28.15,28.54,0.469,0.531,6.071,2.504,3.016,1.085,5.251,4.619,1.132,3,23.18,0,0.0,6.071,0.5909,19.374,15.374
2026-09-20 08:00:00,SHIFT_A,1,28.24,28.19,0.465,0.535,5.709,2.673,2.942,1.24,4.987,4.218,0.898,3,22.81,0,0.0,5.709,0.5214,19.41,15.41
2026-09-20 08:15:00,SHIFT_A,1,28.33,27.47,0.465,0.535,6.051,2.358,3.169,1.063,4.935,4.021,0.75,3,22.48,0,0.0,6.051,0.5246,19.688,15.688
2026-09-20 08:30:00,SHIFT_A,1,28.41,27.77,0.465,0.535,5.993,2.816,3.013,1.034,5.693,3.893,0.906,3,22.11,0,0.0,5.993,0.5561,19.908,15.908
2026-09-20 08:45:00,SHIFT_A,1,28.5,28.59,0.465,0.535,5.389,2.548,2.937,1.278,5.321,4.208,0.825,3,21.77,0,0.0,5.389,0.5048,19.744,15.744
2026-09-20 09:00:00,SHIFT_A,1,28.58,28.45,0.462,0.538,5.567,2.826,2.383,1.359,4.994,4.555,0.968,3,21.58,0,0.0,5.567,0.5323,19.682,15.682
2026-09-20 09:15:00,SHIFT_A,1,28.65,29.94,0.462,0.538,5.612,2.265,2.895,1.227,4.989,4.614,0.924,3,21.34,0,0.0,5.612,0.5311,19.494,15.494
2026-09-20 09:30:00,SHIFT_A,1,28.73,29.92,0.462,0.538,5.623,2.524,2.987,1.248,5.105,4.275,0.993,3,21.28,0,0.0,5.623,0.5261,19.313,15.313
2026-09-20 09:45:00,SHIFT_A,1,28.8,27.94,0.462,0.538,5.758,2.863,2.948,1.275,5.588,5.02,0.989,3,21.02,0,0.0,5.758,0.5968,19.398,15.398
2026-09-20 10:00:00,SHIFT_A,1,28.87,26.57,0.459,0.541,6.148,2.702,2.584,1.166,4.873,4.475,1.006,3,20.46,0,0.0,6.148,0.5703,19.815,15.815
2026-09-20 10:15:00,SHIFT_A,1,28.93,28.95,0.459,0.541,6.135,2.581,3.16,1.15,4.973,4.454,0.908,2,25.13,0,0.0,6.135,0.8947,19.987,15.987
2026-09-20 10:30:00,SHIFT_A,1,28.99,29.65,0.459,0.541,5.376,2.52,3.162,1.109,5.224,4.393,0.947,2,30.0,0,0.0,5.376,0.769,19.71,15.71
2026-09-20 10:45:00,SHIFT_A,1,29.04,28.74,0.459,0.541,5.298,2.53,2.919,1.047,5.284,4.31,0.969,3,29.76,0,0.0,5.298,0.4953,19.485,15.485
2026-09-20 11:00:00,SHIFT_A,1,29.09,30.12,0.455,0.545,5.757,2.258,3.043,1.136,5.219,3.965,0.876,3,29.38,0,0.0,5.757,0.5189,19.351,15.351
2026-09-20 11:15:00,SHIFT_A,1,29.13,31.27,0.455,0.545,6.142,2.795,2.783,1.089,5.196,4.565,0.779,3,29.18,0,0.0,6.142,0.5752,19.296,15.296
2026-09-20 11:30:00,SHIFT_A,1,25.67,24.29,0.455,0.545,5.478,2.369,3.065,0.95,4.985,4.431,1.042,3,28.86,0,0.0,5.478,0.5032,19.605,15.605
2026-09-20 11:45:00,SHIFT_A,1,25.7,26.94,0.455,0.545,5.136,2.785,2.991,1.159,5.462,4.743,1.022,3,28.44,0,0.0,5.136,0.5122,19.479,15.479
2026-09-20 12:00:00,SHIFT_A,1,29.23,30.72,0.452,0.548,5.833,2.439,2.617,1.348,4.785,4.127,0.937,3,28.09,0,0.0,5.833,0.5259,19.324,15.324
2026-09-20 12:15:00,SHIFT_A,1,29.25,29.72,0.452,0.548,6.021,2.6,3.057,1.008,5.206,4.338,0.903,3,27.79,0,0.0,6.021,0.5553,19.362,15.362
2026-09-20 12:30:00,SHIFT_A,1,29.26,30.62,0.452,0.548,5.63,2.63,3.271,1.188,5.175,4.108,1.146,3,27.47,0,0.0,5.63,0.5266,19.114,15.114
2026-09-20 12:45:00,SHIFT_A,1,29.27,29.32,0.452,0.548,5.536,2.349,3.454,1.198,5.1,4.27,1.021,3,27.21,0,0.0,5.536,0.5166,18.951,14.951
2026-09-20 13:00:00,SHIFT_A,1,29.27,29.61,0.45,0.55,5.95,2.104,3.16,1.094,5.208,4.052,0.998,3,26.95,0,0.0,5.95,0.5438,18.965,14.965
2026-09-20 13:15:00,SHIFT_A,1,29.27,28.03,0.45,0.55,5.888,2.111,2.955,1.215,5.421,4.479,1.038,3,26.72,0,0.0,5.888,0.5761,19.106,15.106
2026-09-20 13:30:00,SHIFT_A,1,29.26,29.74,0.45,0.55,5.102,2.572,3.141,1.215,5.034,4.074,0.878,3,26.5,0,0.0,5.102,0.4601,18.683,14.683
2026-09-20 13:45:00,SHIFT_A,1,29.25,29.61,0.45,0.55,5.99,2.247,3.313,1.116,5.437,4.103,0.974,3,26.18,0,0.0,5.99,0.5609,18.718,14.718
2026-09-20 14:00:00,SHIFT_B,1,30.95,31.48,0.447,0.553,6.122,2.176,3.308,1.16,5.858,3.92,0.797,3,25.97,0,0.0,6.122,0.5784,18.63,14.63
2026-09-20 14:15:00,SHIFT_B,1,30.92,29.9,0.447,0.553,6.115,2.874,2.668,1.368,5.0,4.178,0.973,3,25.81,0,0.0,6.115,0.5671,18.698,14.698
2026-09-20 14:30:00,SHIFT_B,1,30.88,28.99,0.447,0.553,6.292,1.942,2.998,1.239,5.103,3.725,0.914,3,25.4,0,0.0,6.292,0.5563,18.944,14.944
2026-09-20 14:45:00,SHIFT_B,1,30.84,30.59,0.447,0.553,6.153,2.454,3.181,1.029,5.02,4.42,0.884,3,25.08,0,0.0,6.153,0.5625,18.962,14.962
2026-09-20 15:00:00,SHIFT_B,1,30.8,29.94,0.445,0.555,6.194,2.335,3.301,0.964,5.17,4.77,0.918,3,24.78,0,0.0,6.194,0.5895,19.065,15.065
2026-09-20 15:15:00,SHIFT_B,1,30.75,32.11,0.445,0.555,6.127,2.21,2.905,1.199,5.177,4.099,1.021,3,24.43,0,0.0,6.127,0.567,18.917,14.917
2026-09-20 15:30:00,SHIFT_B,1,30.69,31.72,0.445,0.555,6.146,2.398,2.884,1.164,5.006,4.434,0.805,3,24.16,0,0.0,6.146,0.5646,17.436,13.436
2026-09-20 15:45:00,SHIFT_B,1,30.63,31.96,0.445,0.555,6.25,2.459,2.953,1.235,5.32,4.241,0.965,3,23.92,0,0.0,6.25,0.5918,15.958,11.958
2026-09-20 16:00:00,SHIFT_B,1,30.56,30.66,0.442,0.558,5.822,2.533,3.098,1.14,5.082,4.499,0.932,3,23.61,0,0.0,5.822,0.5462,14.493,10.493
2026-09-20 16:15:00,SHIFT_B,1,30.49,30.48,0.442,0.558,5.736,2.659,3.325,1.019,4.587,4.021,0.814,3,23.22,0,0.0,5.736,0.4822,13.023,9.023
2026-09-20 16:30:00,SHIFT_B,1,30.42,32.94,0.442,0.558,6.364,2.571,3.118,1.209,5.063,4.404,0.961,3,22.76,0,0.0,6.364,0.5963,12.911,8.911
2026-09-20 16:45:00,SHIFT_B,1,30.34,29.59,0.442,0.558,6.259,2.508,3.209,1.255,5.136,4.095,0.995,2,26.75,0,0.0,6.259,0.9183,13.082,9.082
2026-09-20 17:00:00,SHIFT_B,1,30.26,29.95,0.44,0.56,5.379,2.293,3.492,0.956,5.071,4.249,0.768,3,26.42,0,0.0,5.379,0.4783,12.776,8.776
2026-09-20 17:15:00,SHIFT_B,1,30.17,30.18,0.44,0.56,6.179,2.779,2.7,1.245,5.224,4.745,0.973,3,26.1,0,0.0,6.179,0.6063,12.848,8.848
2026-09-20 17:30:00,SHIFT_B,1,30.08,29.43,0.44,0.56,6.005,2.123,2.781,1.02,5.352,4.265,1.131,3,25.69,0,0.0,6.005,0.569,12.908,8.908
2026-09-20 17:45:00,SHIFT_B,1,29.99,28.98,0.44,0.56,6.466,2.575,3.162,1.103,4.978,4.179,0.931,3,25.4,0,0.0,6.466,0.5826,13.243,9.243
2026-09-20 18:00:00,SHIFT_B,1,29.9,30.28,0.438,0.562,6.098,2.586,2.946,1.273,5.362,3.964,1.118,3,25.0,0,0.0,6.098,0.5753,13.265,9.265
2026-09-20 18:15:00,SHIFT_B,1,29.81,30.59,0.438,0.562,6.138,2.477,2.781,1.158,5.423,4.052,0.987,3,24.8,0,0.0,6.138,0.5743,13.274,9.274
2026-09-20 18:30:00,SHIFT_B,1,29.71,31.37,0.438,0.562,5.987,2.046,2.955,1.165,4.946,4.472,1.011,3,24.43,0,0.0,5.987,0.5588,13.131,9.131
2026-09-20 18:45:00,SHIFT_B,1,29.62,28.89,0.438,0.562,6.019,2.012,3.03,1.037,5.203,4.297,0.979,3,24.23,0,0.0,6.019,0.5581,13.251,9.251
2026-09-20 19:00:00,SHIFT_B,1,25.98,27.64,0.436,0.564,4.841,2.464,3.026,1.264,5.245,4.369,0.899,3,23.8,0,0.0,4.841,0.4591,12.907,8.907
2026-09-20 19:15:00,SHIFT_B,1,25.89,26.39,0.436,0.564,5.324,2.653,2.846,1.168,5.113,4.709,0.944,3,23.51,0,0.0,5.324,0.5115,12.93,8.93
2026-09-20 19:30:00,SHIFT_B,1,29.33,30.77,0.436,0.564,5.924,2.294,3.265,1.25,5.139,4.273,1.1,3,23.12,0,0.0,5.924,0.561,12.815,8.815
2026-09-20 19:45:00,SHIFT_B,1,29.23,31.84,0.436,0.564,5.6,2.379,2.877,1.137,4.899,4.437,0.931,3,22.84,0,0.0,5.6,0.5142,12.431,8.431
2026-09-20 20:00:00,SHIFT_B,1,29.14,29.92,0.435,0.565,5.271,2.756,2.895,1.036,5.256,4.713,1.145,2,22.55,0,0.0,5.271,0.7887,12.074,8.074
2026-09-20 20:15:00,SHIFT_B,1,29.05,30.78,0.435,0.565,5.85,2.451,2.801,1.186,5.021,4.478,0.932,3,22.37,0,0.0,5.85,0.5471,11.92,7.92
2026-09-20 20:30:00,SHIFT_B,1,28.96,28.16,0.435,0.565,6.28,2.703,3.058,1.216,5.183,4.555,0.943,3,22.14,0,0.0,6.28,0.6016,12.244,8.244
2026-09-20 20:45:00,SHIFT_B,1,28.87,28.33,0.435,0.565,5.5,2.369,3.09,1.0,4.9,4.493,0.934,3,21.75,0,0.0,5.5,0.5016,12.161,8.161
2026-09-20 21:00:00,SHIFT_B,1,28.78,28.32,0.434,0.566,5.638,2.544,3.158,0.889,5.638,4.302,0.946,3,21.5,0,0.0,5.638,0.5346,12.148,8.148
2026-09-20 21:15:00,SHIFT_B,1,28.7,27.13,0.434,0.566,5.773,2.517,3.314,1.181,5.188,4.379,1.06,3,21.15,0,0.0,5.773,0.5489,12.321,8.321
2026-09-20 21:30:00,SHIFT_B,1,28.62,29.2,0.434,0.566,6.024,2.351,2.882,1.204,4.926,4.464,0.957,3,20.8,0,0.0,6.024,0.5603,12.414,8.414
2026-09-20 21:45:00,SHIFT_B,1,28.55,26.51,0.434,0.566,5.591,2.642,3.466,1.338,5.584,4.781,1.061,3,20.53,0,0.0,5.591,0.5746,12.558,8.558
2026-09-20 22:00:00,SHIFT_C,1,22.15,21.83,0.433,0.567,4.623,1.722,3.391,1.056,4.915,4.455,0.995,3,20.04,0,0.0,4.623,0.4251,12.687,8.687
2026-09-20 22:15:00,SHIFT_C,1,22.1,21.68,0.433,0.567,4.382,2.545,3.41,1.116,5.391,4.093,0.951,3,19.68,0,0.0,4.382,0.4075,12.71,8.71
2026-09-20 22:30:00,SHIFT_C,1,22.05,22.22,0.433,0.567,4.437,2.198,2.686,1.125,4.972,4.572,1.024,3,19.4,0,0.0,4.437,0.4178,12.707,8.707
2026-09-20 22:45:00,SHIFT_C,1,22.01,22.46,0.433,0.567,4.857,2.29,2.996,1.343,4.846,4.278,0.949,2,24.53,0,0.0,4.857,0.6696,12.89,8.89
2026-09-20 23:00:00,SHIFT_C,1,21.97,20.68,0.432,0.568,4.734,2.204,3.01,1.147,4.911,3.915,0.849,2,29.26,0,0.0,4.734,0.6188,13.189,9.189
2026-09-20 23:15:00,SHIFT_C,1,21.93,21.82,0.432,0.568,4.675,1.999,3.046,1.094,5.158,3.931,0.99,3,29.04,0,0.0,4.675,0.4206,13.344,9.344
2026-09-20 23:30:00,SHIFT_C,1,21.9,20.4,0.432,0.568,4.291,2.139,2.821,1.301,4.929,4.543,0.891,3,28.88,0,0.0,4.291,0.403,13.449,9.449
2026-09-20 23:45:00,SHIFT_C,1,21.87,24.91,0.432,0.568,3.761,1.505,3.037,1.236,4.969,4.021,0.934,3,28.62,0,0.0,3.761,0.3379,12.839,8.839
2026-09-21 00:00:00,SHIFT_C,0,26.65,26.1,0.433,0.567,5.101,2.514,2.832,1.186,5.024,4.895,0.847,3,28.19,0,0.0,5.101,0.4908,12.779,8.779
2026-09-21 00:15:00,SHIFT_C,0,26.63,26.31,0.433,0.567,6.178,2.606,3.113,1.076,5.533,3.509,0.821,3,27.7,0,0.0,6.178,0.5441,13.236,9.236
2026-09-21 00:30:00,SHIFT_C,0,26.61,27.38,0.433,0.567,5.246,2.759,3.093,1.248,5.547,4.151,0.875,3,27.41,0,0.0,5.246,0.4994,13.122,9.122
2026-09-21 00:45:00,SHIFT_C,0,26.6,28.41,0.433,0.567,5.415,2.379,2.925,1.193,4.886,4.249,0.993,3,27.28,0,0.0,5.415,0.4936,12.989,8.989
2026-09-21 01:00:00,SHIFT_C,0,26.6,26.04,0.432,0.568,5.127,2.644,3.013,0.993,4.612,4.835,0.819,3,27.01,0,0.0,5.127,0.4647,12.948,8.948
2026-09-21 01:15:00,SHIFT_C,0,26.6,27.05,0.432,0.568,5.32,2.651,2.746,1.155,5.432,4.182,0.917,3,26.83,0,0.0,5.32,0.5006,12.903,8.903
2026-09-21 01:30:00,SHIFT_C,0,26.61,27.64,0.432,0.568,5.477,2.495,2.748,1.133,5.209,4.491,0.999,3,26.56,0,0.0,5.477,0.5218,12.877,8.877
2026-09-21 01:45:00,SHIFT_C,0,26.63,27.24,0.432,0.568,5.715,2.468,3.152,0.968,5.737,4.373,0.988,3,26.33,0,0.0,5.715,0.5552,13.011,9.011
2026-09-21 02:00:00,SHIFT_C,0,26.65,27.52,0.431,0.569,5.005,2.476,3.227,1.102,5.686,4.078,0.886,3,25.94,0,0.0,5.005,0.4736,12.762,8.762
2026-09-21 02:15:00,SHIFT_C,0,26.67,27.67,0.431,0.569,5.542,2.627,3.056,1.106,5.751,4.083,0.852,3,25.61,0,0.0,5.542,0.5262,12.766,8.766
2026-09-21 02:30:00,SHIFT_C,0,26.71,25.36,0.431,0.569,4.91,2.684,2.736,0.926,5.437,4.204,1.007,3,25.2,0,0.0,4.91,0.4576,12.685,8.685
2026-09-21 02:45:00,SHIFT_C,0,26.74,28.25,0.431,0.569,4.614,2.882,3.099,1.151,5.371,4.298,0.911,2,29.27,0,0.0,4.614,0.6538,12.167,8.167
2026-09-21 03:00:00,SHIFT_C,0,26.79,27.63,0.431,0.569,4.984,2.704,2.765,1.05,5.213,4.047,0.913,3,28.96,0,0.0,4.984,0.4504,11.896,7.896
2026-09-21 03:15:00,SHIFT_C,0,26.84,25.93,0.431,0.569,5.537,2.363,2.859,1.186,5.126,4.398,0.965,3,28.72,0,0.0,5.537,0.5205,12.071,8.071
2026-09-21 03:30:00,SHIFT_C,0,26.89,25.19,0.431,0.569,5.493,2.537,2.78,1.024,4.82,4.424,1.019,3,28.3,0,0.0,5.493,0.4992,12.299,8.299
2026-09-21 03:45:00,SHIFT_C,0,26.95,26.75,0.431,0.569,4.974,2.279,3.06,1.137,4.526,4.797,0.955,3,28.16,0,0.0,4.974,0.4571,12.11,8.11
2026-09-21 04:00:00,SHIFT_C,0,27.01,28.13,0.43,0.57,5.239,2.912,2.929,0.921,5.442,4.292,0.758,3,27.76,0,0.0,5.239,0.4815,11.917,7.917
2026-09-21 04:15:00,SHIFT_C,0,27.08,26.86,0.43,0.57,6.419,2.79,3.35,1.044,4.551,4.164,0.893,3,27.61,0,0.0,6.419,0.5505,12.44,8.44
2026-09-21 04:30:00,SHIFT_C,0,27.15,27.17,0.43,0.57,5.408,2.548,2.828,1.085,4.835,4.405,1.002,3,27.29,0,0.0,5.408,0.4932,12.427,8.427
2026-09-21 04:45:00,SHIFT_C,0,27.22,28.6,0.43,0.57,5.29,2.731,3.049,1.213,5.128,4.022,0.924,3,27.05,0,0.0,5.29,0.4808,12.213,8.213
2026-09-21 05:00:00,SHIFT_C,0,27.3,28.06,0.43,0.57,5.699,2.737,2.901,1.301,5.805,4.535,1.068,3,26.77,0,0.0,5.699,0.5832,12.256,8.256
2026-09-21 05:15:00,SHIFT_C,0,27.38,27.72,0.43,0.57,5.616,2.575,3.216,1.24,5.135,4.022,0.906,3,26.48,0,0.0,5.616,0.5111,12.292,8.292
2026-09-21 05:30:00,SHIFT_C,0,27.46,29.4,0.43,0.57,5.389,2.661,2.786,1.174,5.604,4.384,0.894,3,26.12,0,0.0,5.389,0.5231,12.047,8.047
2026-09-21 05:45:00,SHIFT_C,0,27.55,28.4,0.43,0.57,5.904,2.55,3.408,1.297,5.134,4.429,0.963,3,25.74,0,0.0,5.904,0.562,12.159,8.159
2026-09-21 06:00:00,SHIFT_A,0,33.56,34.57,0.43,0.57,6.977,3.363,3.658,1.102,5.372,4.747,0.973,3,25.56,0,0.0,6.977,0.685,12.191,8.191
2026-09-21 06:15:00,SHIFT_A,0,33.67,33.56,0.43,0.57,6.34,3.323,3.143,1.213,5.455,4.594,0.9,3,25.34,0,0.0,6.34,0.6208,12.005,8.005
2026-09-21 06:30:00,SHIFT_A,0,33.78,32.15,0.43,0.57,6.701,3.059,2.87,1.002,4.802,4.472,1.004,3,25.11,0,0.0,6.701,0.6086,12.14,8.14
2026-09-21 06:45:00,SHIFT_A,0,33.89,34.62,0.43,0.57,6.64,3.219,2.771,0.96,5.424,4.556,0.977,3,24.78,0,0.0,6.64,0.6371,11.998,7.998
2026-09-21 07:00:00,SHIFT_A,0,34.0,34.6,0.43,0.57,6.532,3.146,2.909,1.073,5.377,4.228,0.912,3,24.35,0,0.0,6.532,0.6095,11.804,7.804
2026-09-21 07:15:00,SHIFT_A,0,34.11,34.83,0.43,0.57,6.692,3.131,3.313,1.15,5.006,4.18,0.906,3,24.03,0,0.0,6.692,0.6057,11.666,7.666
2026-09-21 07:30:00,SHIFT_A,0,34.22,32.9,0.43,0.57,7.557,3.052,3.07,1.139,5.32,4.446,0.847,3,23.55,0,0.0,7.557,0.7151,12.156,8.156
2026-09-21 07:45:00,SHIFT_A,0,34.33,35.61,0.43,0.57,7.163,2.924,3.233,1.035,5.304,4.002,0.921,3,23.33,0,0.0,7.163,0.6494,12.176,8.176
2026-09-21 08:00:00,SHIFT_A,0,34.44,32.45,0.431,0.569,7.143,3.232,2.705,1.123,5.297,4.297,0.92,3,23.11,0,0.0,7.143,0.6692,12.502,8.502
2026-09-21 08:15:00,SHIFT_A,0,34.55,34.61,0.431,0.569,7.175,2.779,2.972,1.103,5.188,4.161,0.981,3,22.8,0,0.0,7.175,0.6605,12.628,8.628
2026-09-21 08:30:00,SHIFT_A,0,34.65,35.7,0.431,0.569,6.924,3.294,2.81,1.101,5.056,4.375,0.85,3,22.64,0,0.0,6.924,0.6346,12.52,8.52
2026-09-21 08:45:00,SHIFT_A,0,34.75,33.24,0.431,0.569,6.528,2.986,3.078,1.298,5.125,3.912,0.941,3,22.4,0,0.0,6.528,0.5927,12.46,8.46
2026-09-21 09:00:00,SHIFT_A,0,34.85,32.77,0.431,0.569,6.852,3.478,3.159,1.047,5.231,4.581,0.8,3,22.08,0,0.0,6.852,0.6432,12.609,8.609
2026-09-21 09:15:00,SHIFT_A,0,34.94,35.68,0.431,0.569,7.275,3.038,2.836,1.14,5.357,3.673,0.957,3,21.75,0,0.0,7.275,0.6517,12.678,8.678
2026-09-21 09:30:00,SHIFT_A,0,35.03,34.8,0.431,0.569,6.354,3.04,2.84,1.148,5.535,4.22,0.864,3,21.55,0,0.0,6.354,0.6019,12.375,8.375
2026-09-21 09:45:00,SHIFT_A,0,35.12,34.79,0.431,0.569,6.727,2.902,2.912,1.163,5.737,4.257,0.966,3,21.2,0,0.0,6.727,0.6567,12.259,8.259
2026-09-21 10:00:00,SHIFT_A,0,35.2,33.08,0.432,0.568,7.116,3.264,3.122,1.304,4.896,4.169,0.883,3,21.12,0,0.0,7.116,0.6446,12.509,8.509
2026-09-21 10:15:00,SHIFT_A,0,35.28,35.28,0.432,0.568,7.421,2.991,3.007,1.229,5.762,4.227,0.844,3,20.88,0,0.0,7.421,0.7208,12.691,8.691
2026-09-21 10:30:00,SHIFT_A,0,35.35,34.83,0.432,0.568,6.948,2.646,3.105,1.095,5.419,3.822,0.961,3,20.4,0,0.0,6.948,0.632,12.682,8.682
2026-09-21 10:45:00,SHIFT_A,0,35.41,32.89,0.432,0.568,7.425,2.996,3.235,1.018,5.35,4.359,0.802,3,19.99,0,0.0,7.425,0.6892,13.106,9.106
2026-09-21 11:00:00,SHIFT_A,0,35.47,34.76,0.433,0.567,6.936,2.871,3.227,0.991,5.229,4.521,0.98,3,19.78,0,0.0,6.936,0.6545,13.098,9.098
2026-09-21 11:15:00,SHIFT_A,0,35.52,38.71,0.433,0.567,6.971,3.223,2.804,1.159,5.228,4.216,0.845,3,19.64,0,0.0,6.971,0.6426,12.713,8.713
2026-09-21 11:30:00,SHIFT_A,0,31.3,29.87,0.433,0.567,5.883,2.669,2.909,1.199,5.22,4.335,0.897,3,19.2,0,0.0,5.883,0.5519,12.667,8.667
2026-09-21 11:45:00,SHIFT_A,0,31.34,33.18,0.433,0.567,6.807,2.83,3.165,1.285,5.305,4.161,1.042,3,18.89,0,0.0,6.807,0.6463,12.753,8.753
2026-09-21 12:00:00,SHIFT_A,0,35.64,37.46,0.435,0.565,6.931,3.048,3.024,1.145,5.095,4.644,0.895,2,23.63,0,0.0,6.38,1.0864,12.197,8.197
2026-09-21 12:15:00,SHIFT_A,0,35.67,33.87,0.435,0.565,6.932,3.139,2.945,1.132,5.445,4.354,0.93,3,23.37,0.551,0.789,7.483,0.7146,12.551,8.551
2026-09-21 12:30:00,SHIFT_A,0,35.69,36.01,0.435,0.565,7.362,2.689,3.0,1.065,5.197,4.139,1.136,3,23.08,0,0.0,7.362,0.6839,12.632,8.632
2026-09-21 12:45:00,SHIFT_A,0,35.7,35.75,0.435,0.565,7.412,2.504,3.331,1.232,5.192,4.458,0.961,2,27.21,0,0.0,6.191,1.1972,12.152,8.152
2026-09-21 13:00:00,SHIFT_A,0,35.7,35.35,0.436,0.564,7.022,2.999,2.903,1.091,5.234,4.592,0.97,3,27.12,1.221,1.798,8.242,0.8094,12.738,8.738
2026-09-21 13:15:00,SHIFT_A,0,35.7,34.89,0.436,0.564,8.462,2.425,2.849,1.109,5.351,4.284,0.887,3,26.7,0,0.0,8.462,0.8146,13.48,9.48
2026-09-21 13:30:00,SHIFT_A,0,35.69,36.33,0.436,0.564,7.385,2.779,3.285,1.222,4.927,5.092,0.909,3,26.4,0,0.0,7.385,0.7231,13.54,9.54
2026-09-21 13:45:00,SHIFT_A,0,35.67,35.49,0.436,0.564,7.595,2.634,3.009,0.977,5.641,4.111,0.865,2,32.16,0,0.0,6.301,1.2052,13.142,9.142
2026-09-21 14:00:00,SHIFT_B,0,37.74,37.48,0.438,0.562,7.45,2.426,3.167,1.221,4.821,4.389,0.97,3,31.84,1.293,1.839,8.744,0.8288,13.765,9.765
2026-09-21 14:15:00,SHIFT_B,0,37.7,37.18,0.438,0.562,7.821,2.852,3.105,1.072,4.83,4.364,0.851,3,31.62,0,0.0,7.821,0.7,13.958,9.958
2026-09-21 14:30:00,SHIFT_B,0,37.66,38.62,0.438,0.562,7.086,2.735,2.987,0.857,5.345,4.351,1.022,3,31.32,0,0.0,7.086,0.6604,13.639,9.639
2026-09-21 14:45:00,SHIFT_B,0,37.61,34.53,0.438,0.562,7.219,2.609,2.952,0.95,5.231,4.576,0.857,3,31.13,0,0.0,7.219,0.6751,13.796,9.796
2026-09-21 15:00:00,SHIFT_B,0,37.56,39.15,0.44,0.56,7.71,2.638,2.772,1.301,5.22,4.071,0.959,3,30.91,0,0.0,7.71,0.7171,13.736,9.736
2026-09-21 15:15:00,SHIFT_B,0,37.5,35.84,0.44,0.56,8.002,2.514,2.764,1.157,5.694,3.982,0.996,3,30.59,0,0.0,8.002,0.7743,14.153,10.153
2026-09-21 15:30:00,SHIFT_B,0,37.43,37.82,0.44,0.56,7.24,2.764,3.053,1.084,5.304,4.558,1.094,3,30.36,0,0.0,7.24,0.7018,13.991,9.991
2026-09-21 15:45:00,SHIFT_B,0,37.35,38.32,0.44,0.56,7.386,3.004,2.514,1.067,5.268,4.071,0.906,3,30.02,0,0.0,7.386,0.6728,13.853,9.853
2026-09-21 16:00:00,SHIFT_B,0,37.27,36.96,0.442,0.558,6.77,2.639,3.342,1.202,5.031,4.295,0.887,3,29.69,0,0.0,6.77,0.6222,13.541,9.541
2026-09-21 16:15:00,SHIFT_B,0,37.19,36.82,0.442,0.558,7.239,2.423,2.821,1.421,4.76,4.009,0.915,3,29.39,0,0.0,7.239,0.6474,13.479,9.479
2026-09-21 16:30:00,SHIFT_B,0,37.1,36.79,0.442,0.558,7.285,2.794,2.997,1.249,5.357,4.288,0.991,3,29.05,0,0.0,7.285,0.697,13.442,9.442
2026-09-21 16:45:00,SHIFT_B,0,37.0,36.04,0.442,0.558,7.63,2.635,3.369,1.347,4.851,4.284,0.932,3,28.48,0,0.0,7.63,0.7012,13.653,9.653
2026-09-21 17:00:00,SHIFT_B,0,36.9,36.13,0.444,0.556,7.965,2.953,3.101,1.078,4.779,4.46,1.008,3,28.29,0,0.0,7.965,0.728,14.023,10.023
2026-09-21 17:15:00,SHIFT_B,0,36.8,37.44,0.444,0.556,7.564,2.648,3.111,1.259,5.321,4.784,1.097,3,28.06,0,0.0,7.564,0.7696,14.061,10.061
2026-09-21 17:30:00,SHIFT_B,0,36.69,36.4,0.444,0.556,7.407,3.026,2.821,1.163,5.208,4.095,0.845,3,27.78,0,0.0,7.407,0.6745,14.124,10.124
2026-09-21 17:45:00,SHIFT_B,0,36.58,35.97,0.444,0.556,7.435,2.978,3.455,1.054,4.859,4.228,0.952,3,27.41,0,0.0,7.435,0.664,14.245,10.245
2026-09-21 18:00:00,SHIFT_B,0,36.47,38.36,0.446,0.554,7.125,2.798,2.96,1.221,4.909,4.181,1.114,3,26.87,0,0.0,7.125,0.6554,13.972,9.972
2026-09-21 18:15:00,SHIFT_B,0,36.35,35.73,0.446,0.554,7.218,2.919,3.133,1.049,5.291,4.488,1.072,3,26.6,0,0.0,7.218,0.6916,14.008,10.008
2026-09-21 18:30:00,SHIFT_B,0,36.23,37.67,0.446,0.554,7.101,2.92,3.237,1.018,5.487,4.218,0.815,3,26.4,0,0.0,7.101,0.6597,13.791,9.791
2026-09-21 18:45:00,SHIFT_B,0,36.12,37.56,0.446,0.554,7.177,2.893,3.053,1.272,5.565,4.453,1.017,3,26.18,0,0.0,7.177,0.7111,13.624,9.624
2026-09-21 19:00:00,SHIFT_B,0,31.68,29.87,0.449,0.551,5.804,2.887,3.009,1.08,5.604,4.444,0.773,3,25.86,0,0.0,5.804,0.5562,13.539,9.539
2026-09-21 19:15:00,SHIFT_B,0,31.58,28.97,0.449,0.551,6.583,3.085,3.051,1.222,5.227,4.14,0.875,3,25.46,0,0.0,6.583,0.6077,13.934,9.934
2026-09-21 19:30:00,SHIFT_B,0,35.77,34.59,0.449,0.551,7.49,2.705,2.767,1.2,4.985,4.463,0.855,3,25.06,0,0.0,7.49,0.6938,14.22,10.22
2026-09-21 19:45:00,SHIFT_B,0,35.65,36.14,0.449,0.551,7.299,2.845,3.102,1.266,4.912,3.946,0.908,3,24.83,0,0.0,7.299,0.6483,14.255,10.255
2026-09-21 20:00:00,SHIFT_B,0,35.53,35.96,0.452,0.548,7.311,2.656,2.926,1.025,5.736,4.367,0.937,3,24.53,0,0.0,7.311,0.7103,14.315,10.315
2026-09-21 20:15:00,SHIFT_B,0,35.42,35.49,0.452,0.548,7.176,2.502,2.823,1.124,5.461,4.258,0.971,3,24.21,0,0.0,7.176,0.6825,14.354,10.354
2026-09-21 20:30:00,SHIFT_B,0,35.31,34.24,0.452,0.548,7.478,2.929,3.346,1.111,5.049,4.097,1.027,3,23.97,0,0.0,7.478,0.6793,14.668,10.668
2026-09-21 20:45:00,SHIFT_B,0,35.2,36.05,0.452,0.548,6.9,2.743,3.243,1.214,4.901,4.195,1.046,3,23.6,0,0.0,6.9,0.6309,14.513,10.513
2026-09-21 21:00:00,SHIFT_B,0,35.1,35.06,0.455,0.545,6.729,2.974,2.964,1.234,4.817,4.278,1.143,3,23.49,0,0.0,6.729,0.6216,14.372,10.372
2026-09-21 21:15:00,SHIFT_B,0,35.0,34.62,0.455,0.545,6.867,3.24,2.615,1.234,5.614,4.069,0.918,3,23.13,0,0.0,6.867,0.6543,14.343,10.343
2026-09-21 21:30:00,SHIFT_B,0,34.9,35.13,0.455,0.545,6.786,2.912,2.894,1.293,4.925,3.964,1.055,3,22.79,0,0.0,6.786,0.6139,14.224,10.224
2026-09-21 21:45:00,SHIFT_B,0,34.81,34.03,0.455,0.545,7.424,3.088,3.296,1.236,5.382,4.174,0.905,3,22.53,0,0.0,7.424,0.6992,14.533,10.533
2026-09-21 22:00:00,SHIFT_C,0,27.01,27.39,0.458,0.542,5.297,2.292,3.413,1.076,5.719,4.453,0.999,3,22.23,0,0.0,5.297,0.5223,14.442,10.442
2026-09-21 22:15:00,SHIFT_C,0,26.95,26.9,0.458,0.542,5.261,2.295,2.934,1.057,5.383,3.957,1.206,3,21.97,0,0.0,5.261,0.4915,14.383,10.383
2026-09-21 22:30:00,SHIFT_C,0,26.89,25.44,0.458,0.542,5.8,2.592,3.227,1.137,5.191,4.619,1.082,3,21.68,0,0.0,5.8,0.5617,14.739,10.739
2026-09-21 22:45:00,SHIFT_C,0,26.84,28.06,0.458,0.542,5.845,2.3,2.352,1.179,5.281,3.852,0.831,3,21.59,0,0.0,5.845,0.5245,14.855,10.855
2026-09-21 23:00:00,SHIFT_C,0,26.79,27.0,0.461,0.539,5.096,2.365,2.895,1.221,5.225,4.295,0.958,3,21.07,0,0.0,5.096,0.48,14.703,10.703
2026-09-21 23:15:00,SHIFT_C,0,26.74,25.18,0.461,0.539,5.671,2.26,2.935,1.236,5.186,4.12,1.037,3,20.77,0,0.0,5.671,0.5286,15.02,11.02
2026-09-21 23:30:00,SHIFT_C,0,26.71,27.53,0.461,0.539,5.917,2.815,3.006,1.107,5.228,4.207,0.848,2,24.81,0,0.0,5.917,0.8442,15.226,11.226
2026-09-21 23:45:00,SHIFT_C,0,26.67,28.81,0.461,0.539,5.482,2.5,3.186,1.18,4.961,4.442,0.963,3,24.56,0,0.0,5.482,0.5096,15.086,11.086
2026-09-22 00:00:00,SHIFT_C,0,26.65,26.17,0.456,0.544,5.35,3.111,3.231,1.028,5.094,4.159,0.929,3,24.19,0,0.0,5.35,0.4829,15.144,11.144
2026-09-22 00:15:00,SHIFT_C,0,26.63,27.82,0.456,0.544,5.553,2.569,2.786,1.197,5.072,4.392,0.859,3,23.85,0,0.0,5.553,0.5151,15.139,11.139
2026-09-22 00:30:00,SHIFT_C,0,26.61,27.12,0.456,0.544,5.069,2.459,3.158,1.068,5.327,4.832,0.973,3,23.51,0,0.0,5.069,0.4979,14.962,10.962
2026-09-22 00:45:00,SHIFT_C,0,26.6,26.09,0.456,0.544,4.953,2.717,2.807,1.094,5.823,4.357,0.967,3,23.26,0,0.0,4.953,0.4881,14.829,10.829
2026-09-22 01:00:00,SHIFT_C,0,26.6,27.63,0.459,0.541,4.948,2.408,2.925,1.131,5.146,4.291,1.105,3,23.06,0,0.0,4.948,0.465,14.54,10.54
2026-09-22 01:15:00,SHIFT_C,0,26.6,27.76,0.459,0.541,5.562,2.398,3.013,1.04,5.109,4.195,0.873,3,22.75,0,0.0,5.562,0.5023,14.545,10.545
2026-09-22 01:30:00,SHIFT_C,0,26.61,27.83,0.459,0.541,5.273,2.632,2.902,0.989,5.188,4.522,0.869,2,28.46,0,0.0,5.273,0.7415,14.398,10.398
2026-09-22 01:45:00,SHIFT_C,0,26.63,28.65,0.459,0.541,4.909,2.493,2.979,1.165,4.806,4.426,0.936,3,28.33,0,0.0,4.909,0.4479,13.988,9.988
2026-09-22 02:00:00,SHIFT_C,0,26.65,25.17,0.463,0.537,5.614,2.771,3.174,1.171,5.788,4.151,0.9,3,27.96,0,0.0,5.614,0.5428,14.278,10.278
2026-09-22 02:15:00,SHIFT_C,0,26.67,27.01,0.463,0.537,4.783,2.548,2.868,0.97,5.219,4.053,0.965,3,27.65,0,0.0,4.783,0.4316,13.969,9.969
2026-09-22 02:30:00,SHIFT_C,0,26.71,25.19,0.463,0.537,4.805,2.523,3.115,1.092,5.12,3.879,0.938,3,27.22,0,0.0,4.805,0.4267,13.853,9.853
2026-09-22 02:45:00,SHIFT_C,0,26.74,27.0,0.463,0.537,5.308,2.339,3.081,1.111,4.99,3.96,0.962,3,27.03,0,0.0,5.308,0.4711,13.807,9.807
2026-09-22 03:00:00,SHIFT_C,0,26.79,26.52,0.466,0.534,5.451,2.676,3.309,1.275,5.341,4.218,0.803,3,26.63,0,0.0,5.451,0.5107,13.88,9.88
2026-09-22 03:15:00,SHIFT_C,0,26.84,27.13,0.466,0.534,5.54,2.838,2.937,1.08,4.617,3.861,1.003,3,26.36,0,0.0,5.54,0.4711,13.938,9.938
2026-09-22 03:30:00,SHIFT_C,0,26.89,25.27,0.466,0.534,5.653,2.413,3.167,1.036,5.75,4.008,0.876,3,26.09,0,0.0,5.653,0.5312,14.237,10.237
2026-09-22 03:45:00,SHIFT_C,0,26.95,27.91,0.466,0.534,5.573,2.807,2.903,1.162,5.451,4.336,0.838,3,25.87,0,0.0,5.573,0.5289,14.233,10.233
2026-09-22 04:00:00,SHIFT_C,0,27.01,28.12,0.47,0.53,5.44,2.179,3.1,1.253,5.083,4.282,0.898,3,25.5,0,0.0,5.44,0.5044,14.141,10.141
2026-09-22 04:15:00,SHIFT_C,0,27.08,25.88,0.47,0.53,5.27,2.791,3.19,1.133,5.339,4.243,0.927,2,30.43,0,0.0,5.27,0.7469,14.188,10.188
2026-09-22 04:30:00,SHIFT_C,0,27.15,28.19,0.47,0.53,5.387,2.828,2.836,1.007,5.181,4.395,0.965,3,30.24,0,0.0,5.387,0.501,14.062,10.062
2026-09-22 04:45:00,SHIFT_C,0,27.22,25.81,0.47,0.53,4.912,2.661,2.639,1.221,5.581,3.964,0.872,3,30.06,0,0.0,4.912,0.4603,13.937,9.937
2026-09-22 05:00:00,SHIFT_C,0,27.3,27.8,0.474,0.526,5.578,2.293,3.025,0.921,4.907,3.88,0.966,3,29.73,0,0.0,5.578,0.4794,13.946,9.946
2026-09-22 05:15:00,SHIFT_C,0,27.38,26.56,0.474,0.526,5.493,2.099,3.175,1.25,4.978,4.419,0.978,3,29.45,0,0.0,5.493,0.5141,14.037,10.037
2026-09-22 05:30:00,SHIFT_C,0,27.46,25.68,0.474,0.526,4.696,2.467,2.713,1.101,5.169,4.515,0.947,3,29.16,0,0.0,4.696,0.4435,13.817,9.817
2026-09-22 05:45:00,SHIFT_C,0,27.55,28.25,0.474,0.526,5.47,2.449,2.742,1.113,5.038,4.064,0.937,3,28.73,0,0.0,5.47,0.4912,13.727,9.727
2026-09-22 06:00:00,SHIFT_A,0,33.56,32.33,0.478,0.522,6.393,3.281,3.616,1.181,4.923,4.322,0.922,3,28.37,0,0.0,6.393,0.5841,13.69,9.69
2026-09-22 06:15:00,SHIFT_A,0,33.67,34.25,0.478,0.522,6.498,3.142,2.742,1.152,4.404,3.955,0.929,3,28.05,0,0.0,6.498,0.5462,13.514,9.514
2026-09-22 06:30:00,SHIFT_A,0,33.78,35.75,0.478,0.522,7.008,2.466,2.717,1.141,5.017,3.969,0.855,3,27.63,0,0.0,7.008,0.6197,13.444,9.444
2026-09-22 06:45:00,SHIFT_A,0,33.89,34.41,0.478,0.522,6.858,2.938,2.991,1.284,5.367,3.942,0.987,3,27.14,0,0.0,6.858,0.6394,13.432,9.432
2026-09-22 07:00:00,SHIFT_A,0,34.0,34.39,0.482,0.518,7.349,3.014,2.959,1.147,4.429,4.303,0.985,3,26.8,0,0.0,7.349,0.6428,13.667,9.667
2026-09-22 07:15:00,SHIFT_A,0,34.11,34.44,0.482,0.518,6.917,3.037,3.069,1.146,5.419,4.259,0.933,3,26.58,0,0.0,6.917,0.6548,13.682,9.682
2026-09-22 07:30:00,SHIFT_A,0,34.22,33.71,0.482,0.518,6.676,2.827,2.985,1.187,5.162,4.213,0.796,3,26.25,0,0.0,6.676,0.6105,13.649,9.649
2026-09-22 07:45:00,SHIFT_A,0,34.33,33.61,0.482,0.518,6.174,3.239,3.032,1.286,5.126,4.266,1.013,3,26.03,0,0.0,6.174,0.5811,13.375,9.375
2026-09-22 08:00:00,SHIFT_A,0,34.44,32.9,0.486,0.514,7.234,2.522,3.0,1.089,5.432,4.162,0.862,3,25.64,0,0.0,7.234,0.6724,13.702,9.702
2026-09-22 08:15:00,SHIFT_A,0,34.55,33.33,0.486,0.514,7.191,3.24,3.188,1.061,5.16,4.075,0.864,3,25.41,0,0.0,7.191,0.6462,13.964,9.964
2026-09-22 08:30:00,SHIFT_A,0,34.65,33.77,0.486,0.514,6.861,3.1,3.222,1.171,5.522,4.467,1.02,3,25.07,0,0.0,6.861,0.6728,14.018,10.018
2026-09-22 08:45:00,SHIFT_A,0,34.75,35.29,0.486,0.514,7.22,2.871,3.1,1.149,5.148,3.963,0.835,3,24.74,0,0.0,7.22,0.645,14.099,10.099
2026-09-22 09:00:00,SHIFT_A,0,34.85,31.96,0.49,0.51,6.965,2.958,3.314,1.093,5.09,3.847,0.952,3,24.48,0,0.0,6.965,0.6158,14.386,10.386
2026-09-22 09:15:00,SHIFT_A,0,34.94,35.01,0.49,0.51,6.969,2.804,3.185,1.137,5.245,4.265,1.006,3,24.17,0,0.0,6.969,0.6539,14.369,10.369
2026-09-22 09:30:00,SHIFT_A,0,35.03,36.86,0.49,0.51,7.45,3.059,2.833,1.224,5.196,4.31,0.902,3,23.87,0,0.0,7.45,0.6977,14.408,10.408
2026-09-22 09:45:00,SHIFT_A,0,35.12,33.94,0.49,0.51,7.711,2.543,3.148,1.052,5.058,4.573,1.007,3,23.57,0,0.0,7.711,0.7273,14.869,10.869
2026-09-22 10:00:00,SHIFT_A,0,35.2,35.06,0.494,0.506,7.546,3.355,2.714,1.019,4.972,4.425,0.912,3,23.08,0,0.0,7.546,0.6882,15.136,11.136
2026-09-22 10:15:00,SHIFT_A,0,35.28,33.48,0.494,0.506,7.384,3.12,2.935,1.177,5.443,4.213,1.09,3,22.67,0,0.0,7.384,0.7088,15.48,11.48
2026-09-22 10:30:00,SHIFT_A,0,35.35,36.86,0.494,0.506,7.058,2.859,3.155,1.086,5.012,4.371,0.918,3,22.32,0,0.0,7.058,0.6471,15.324,11.324
2026-09-22 10:45:00,SHIFT_A,0,35.41,34.71,0.494,0.506,7.243,3.255,2.926,1.289,5.591,4.429,0.965,3,22.07,0,0.0,7.243,0.7158,15.474,11.474
2026-09-22 11:00:00,SHIFT_A,0,35.47,35.35,0.499,0.501,7.3,2.754,3.184,1.052,5.014,4.62,0.837,3,21.56,0,0.0,7.3,0.6773,15.589,11.589
2026-09-22 11:15:00,SHIFT_A,0,35.52,37.13,0.499,0.501,7.796,2.934,3.238,1.072,5.6,4.119,0.913,2,26.5,0,0.0,6.169,1.25,14.961,10.961
2026-09-22 11:30:00,SHIFT_A,0,31.3,30.93,0.499,0.501,6.541,2.559,2.529,1.14,4.786,4.352,0.91,3,26.14,1.627,2.212,8.168,0.7405,15.953,11.953
2026-09-22 11:45:00,SHIFT_A,0,31.34,30.8,0.499,0.501,6.038,3.037,2.675,1.207,5.339,4.228,0.937,3,25.82,0,0.0,6.038,0.5693,15.892,11.892
2026-09-22 12:00:00,SHIFT_A,0,35.64,35.05,0.504,0.496,6.461,2.601,2.967,1.205,4.741,4.233,0.843,3,25.4,0,0.0,6.461,0.5734,15.618,11.618
2026-09-22 12:15:00,SHIFT_A,0,35.67,36.02,0.504,0.496,7.396,2.859,3.252,1.088,5.032,4.056,0.938,3,24.96,0,0.0,7.396,0.6618,15.714,11.714
2026-09-22 12:30:00,SHIFT_A,0,35.69,35.33,0.504,0.496,7.384,2.761,3.063,1.188,4.916,4.41,0.831,3,24.53,0,0.0,7.384,0.6745,15.873,11.873
2026-09-22 12:45:00,SHIFT_A,0,35.7,35.72,0.504,0.496,7.065,2.913,3.316,0.916,5.232,4.642,0.858,3,24.3,0,0.0,7.065,0.6625,15.834,11.834
2026-09-22 13:00:00,SHIFT_A,0,35.7,36.43,0.508,0.492,7.431,2.634,2.755,1.393,5.331,4.135,0.855,3,24.0,0,0.0,7.431,0.7008,15.905,11.905
2026-09-22 13:15:00,SHIFT_A,0,35.7,36.24,0.508,0.492,6.783,2.675,2.815,1.25,5.653,4.09,0.982,3,23.71,0,0.0,6.783,0.6539,15.673,11.673
2026-09-22 13:30:00,SHIFT_A,0,35.69,34.18,0.508,0.492,6.696,2.741,3.088,1.132,5.155,4.087,0.908,3,23.31,0,0.0,6.696,0.6082,15.603,11.603
2026-09-22 13:45:00,SHIFT_A,0,35.67,35.9,0.508,0.492,7.454,2.925,3.101,1.302,5.282,4.072,0.958,3,22.82,0,0.0,7.454,0.697,15.739,11.739
2026-09-22 14:00:00,SHIFT_B,0,37.74,34.67,0.513,0.487,7.859,2.745,3.478,1.117,4.964,4.293,0.808,3,22.45,0,0.0,7.859,0.7076,16.202,12.202
2026-09-22 14:15:00,SHIFT_B,0,37.7,39.06,0.513,0.487,7.244,2.521,3.168,1.26,5.038,4.342,0.991,3,22.27,0,0.0,7.244,0.6784,15.918,11.918
2026-09-22 14:30:00,SHIFT_B,0,37.66,36.16,0.513,0.487,7.379,2.619,3.218,1.192,5.303,4.436,0.975,3,21.81,0,0.0,7.379,0.7074,15.992,11.992
2026-09-22 14:45:00,SHIFT_B,0,37.61,36.24,0.513,0.487,7.752,2.889,3.025,1.215,5.304,3.962,0.913,3,21.57,0,0.0,7.752,0.7112,16.244,12.244
2026-09-22 15:00:00,SHIFT_B,0,37.56,38.14,0.518,0.482,7.017,2.787,2.746,1.158,5.087,4.383,0.957,2,25.59,0,0.0,6.488,1.0816,15.674,11.674
2026-09-22 15:15:00,SHIFT_B,0,37.5,35.41,0.518,0.482,6.669,2.682,3.023,1.158,5.123,3.824,0.94,3,25.48,0.53,0.706,7.199,0.6402,15.733,11.733
2026-09-22 15:30:00,SHIFT_B,0,37.43,37.42,0.518,0.482,8.141,2.675,3.115,0.978,5.084,3.934,0.947,3,25.34,0,0.0,8.141,0.7172,16.061,12.061
2026-09-22 15:45:00,SHIFT_B,0,37.35,38.31,0.518,0.482,8.071,2.793,2.771,1.249,5.255,4.605,0.815,2,30.5,0,0.0,5.95,1.25,15.205,11.205
2026-09-22 16:00:00,SHIFT_B,0,37.27,36.29,0.523,0.477,7.539,2.923,2.974,1.072,5.156,4.26,0.872,3,30.11,2.121,3.098,9.66,0.9408,16.406,12.406
2026-09-22 16:15:00,SHIFT_B,0,37.19,37.12,0.523,0.477,6.486,3.151,2.581,1.248,5.438,4.791,0.783,3,29.75,0,0.0,6.486,0.6403,15.937,11.937
2026-09-22 16:30:00,SHIFT_B,0,37.1,35.13,0.523,0.477,7.842,2.863,3.784,1.135,5.304,3.638,1.048,3,29.49,0,0.0,7.842,0.7024,16.345,12.345
2026-09-22 16:45:00,SHIFT_B,0,37.0,35.26,0.523,0.477,7.191,2.689,3.225,1.173,5.147,4.432,0.97,3,29.03,0,0.0,7.191,0.6786,16.414,12.414
2026-09-22 17:00:00,SHIFT_B,0,36.9,36.35,0.527,0.473,7.727,2.602,3.087,1.129,4.523,4.456,0.898,3,28.58,0,0.0,7.727,0.6847,16.642,12.642
2026-09-22 17:15:00,SHIFT_B,0,36.8,38.75,0.527,0.473,7.283,2.504,2.81,1.243,5.076,4.062,1.062,3,28.12,0,0.0,7.283,0.671,16.408,12.408
2026-09-22 17:30:00,SHIFT_B,0,36.69,36.24,0.527,0.473,7.552,2.672,2.978,1.23,5.396,3.937,0.864,3,27.72,0,0.0,7.552,0.6948,16.56,12.56
2026-09-22 17:45:00,SHIFT_B,0,36.58,36.02,0.527,0.473,6.898,3.072,3.259,1.087,5.27,3.843,0.943,3,27.44,0,0.0,6.898,0.6189,16.408,12.408
2026-09-22 18:00:00,SHIFT_B,0,36.47,15.62,0.532,0.468,6.863,2.588,2.941,1.198,5.314,4.373,0.854,3,26.94,0,0.0,6.863,0.6486,18.277,14.277
2026-09-22 18:15:00,SHIFT_B,0,36.35,14.92,0.532,0.468,7.015,2.929,2.952,1.085,5.54,4.548,0.939,3,26.78,0,0.0,7.015,0.6841,20.293,16.293
2026-09-22 18:30:00,SHIFT_B,0,36.23,16.9,0.532,0.468,7.215,3.11,3.188,1.115,5.652,3.901,0.952,3,26.5,0,0.0,7.215,0.675,22.21,18.21
2026-09-22 18:45:00,SHIFT_B,0,36.12,35.49,0.532,0.468,7.962,2.661,3.031,1.209,5.16,4.043,1.029,3,26.11,0,0.0,7.962,0.7373,22.642,18.642
2026-09-22 19:00:00,SHIFT_B,0,31.68,31.65,0.537,0.463,6.952,2.94,3.045,1.127,5.082,4.278,1.026,3,25.78,0,0.0,6.952,0.6444,22.953,18.953
2026-09-22 19:15:00,SHIFT_B,0,31.58,27.97,0.537,0.463,6.554,2.669,3.305,1.199,5.369,4.432,1.064,3,25.42,0,0.0,6.554,0.6366,23.433,19.433
2026-09-22 19:30:00,SHIFT_B,0,35.77,36.12,0.537,0.463,7.278,2.697,3.145,0.97,5.139,4.825,1.021,3,25.18,0,0.0,7.278,0.7005,23.46,19.46
2026-09-22 19:45:00,SHIFT_B,0,35.65,37.55,0.537,0.463,7.344,2.97,2.941,1.003,4.993,3.877,0.949,3,24.8,0,0.0,7.344,0.6398,23.377,19.377
2026-09-22 20:00:00,SHIFT_B,0,35.53,36.14,0.542,0.458,7.656,2.848,2.783,1.058,5.127,4.104,1.086,3,24.45,0,0.0,7.656,0.7012,23.591,19.591
2026-09-22 20:15:00,SHIFT_B,0,35.42,32.89,0.542,0.458,7.744,3.008,3.194,1.11,4.946,4.342,1.014,3,24.17,0,0.0,7.744,0.7115,24.174,20.174
2026-09-22 20:30:00,SHIFT_B,0,35.31,36.82,0.542,0.458,7.067,2.848,2.828,1.284,5.398,4.233,0.915,3,23.99,0,0.0,7.067,0.6731,24.026,20.026
2026-09-22 20:45:00,SHIFT_B,0,35.2,35.68,0.542,0.458,6.605,2.902,2.667,1.227,4.971,4.322,0.96,3,23.88,0,0.0,6.605,0.6106,23.761,19.761
2026-09-22 21:00:00,SHIFT_B,0,35.1,33.2,0.547,0.453,7.218,3.135,3.113,0.962,4.841,4.569,0.95,3,23.64,0,0.0,7.218,0.658,24.05,20.05
2026-09-22 21:15:00,SHIFT_B,0,35.0,33.37,0.547,0.453,7.725,2.815,3.127,1.175,5.481,4.209,0.888,3,23.43,0,0.0,7.725,0.734,24.576,20.576
2026-09-22 21:30:00,SHIFT_B,0,34.9,34.76,0.547,0.453,6.738,3.253,3.022,0.986,4.604,4.237,0.938,3,23.23,0,0.0,6.738,0.584,24.469,20.469
2026-09-22 21:45:00,SHIFT_B,0,34.81,34.65,0.547,0.453,6.859,2.966,3.14,1.234,4.914,4.624,0.979,3,23.04,0,0.0,6.859,0.6489,24.434,20.434
2026-09-22 22:00:00,SHIFT_C,0,27.01,28.24,0.552,0.448,5.159,2.28,3.439,1.1,5.183,4.44,0.962,3,22.59,0,0.0,5.159,0.4853,24.19,20.19
2026-09-22 22:15:00,SHIFT_C,0,26.95,29.66,0.552,0.448,5.472,2.782,2.959,1.087,5.663,4.643,1.027,3,22.24,0,0.0,5.472,0.5472,23.961,19.961
2026-09-22 22:30:00,SHIFT_C,0,26.89,27.11,0.552,0.448,5.254,2.307,2.786,1.099,4.768,4.271,0.79,3,21.97,0,0.0,5.254,0.4623,23.877,19.877
2026-09-22 22:45:00,SHIFT_C,0,26.84,27.33,0.552,0.448,5.011,2.168,2.628,1.089,4.933,4.49,1.03,3,21.86,0,0.0,5.011,0.4657,23.649,19.649
2026-09-22 23:00:00,SHIFT_C,0,26.79,24.99,0.557,0.443,5.392,2.548,2.741,1.162,5.613,4.279,0.953,3,21.51,0,0.0,5.392,0.5213,23.846,19.846
2026-09-22 23:15:00,SHIFT_C,0,26.74,27.47,0.557,0.443,5.716,2.544,2.824,1.085,5.651,4.025,1.036,3,21.33,0,0.0,5.716,0.543,23.958,19.958
2026-09-22 23:30:00,SHIFT_C,0,26.71,28.13,0.557,0.443,5.445,2.712,2.836,1.23,4.752,4.506,1.003,3,21.02,0,0.0,5.445,0.5038,23.867,19.867
2026-09-22 23:45:00,SHIFT_C,0,26.67,24.75,0.557,0.443,4.879,2.263,3.08,1.103,5.686,4.269,0.779,3,20.64,0,0.0,4.879,0.4651,23.832,19.832
2026-09-23 00:00:00,SHIFT_C,0,26.65,28.82,0.55,0.45,5.704,2.619,3.026,1.105,5.597,4.504,1.007,3,20.52,0,0.0,5.704,0.5609,23.802,19.802
2026-09-23 00:15:00,SHIFT_C,0,26.63,24.89,0.55,0.45,5.826,2.951,2.954,1.131,5.524,4.3,0.978,3,20.21,0,0.0,5.826,0.5597,24.225,20.225
2026-09-23 00:30:00,SHIFT_C,0,26.61,26.86,0.55,0.45,4.786,2.952,3.031,1.103,5.377,4.227,1.061,2,24.96,0,0.0,4.786,0.6802,23.932,19.932
2026-09-23 00:45:00,SHIFT_C,0,26.6,26.71,0.55,0.45,5.909,2.761,2.711,0.977,5.158,4.379,0.97,3,24.77,0,0.0,5.909,0.5463,24.215,20.215
2026-09-23 01:00:00,SHIFT_C,0,26.6,26.75,0.555,0.445,5.391,2.415,3.221,1.111,5.36,4.177,1.052,3,24.5,0,0.0,5.391,0.5079,24.236,20.236
2026-09-23 01:15:00,SHIFT_C,0,26.6,27.02,0.555,0.445,5.116,2.732,3.442,1.097,5.001,4.167,0.973,3,24.3,0,0.0,5.116,0.4629,24.092,20.092
2026-09-23 01:30:00,SHIFT_C,0,26.61,25.16,0.555,0.445,5.424,2.556,3.247,1.139,5.27,4.374,0.895,3,23.98,0,0.0,5.424,0.51,24.288,20.288
2026-09-23 01:45:00,SHIFT_C,0,26.63,27.82,0.555,0.445,4.855,2.303,3.349,1.117,5.105,4.015,0.893,3,23.61,0,0.0,4.855,0.4351,23.934,19.934
2026-09-23 02:00:00,SHIFT_C,0,26.65,28.17,0.56,0.44,5.206,2.396,3.041,1.247,5.143,4.215,0.975,3,23.22,0,0.0,5.206,0.4854,23.72,19.72
2026-09-23 02:15:00,SHIFT_C,0,26.67,27.91,0.56,0.44,5.646,2.541,2.892,1.106,5.356,4.406,0.987,3,22.69,0,0.0,5.646,0.5389,23.752,19.752
2026-09-23 02:30:00,SHIFT_C,0,26.71,26.61,0.56,0.44,5.061,2.981,3.058,1.237,5.67,4.15,0.98,3,22.43,0,0.0,5.061,0.4905,23.622,19.622
2026-09-23 02:45:00,SHIFT_C,0,26.74,24.26,0.56,0.44,5.366,2.809,2.909,1.299,5.121,4.039,0.958,2,27.28,0,0.0,5.366,0.7457,23.878,19.878
2026-09-23 03:00:00,SHIFT_C,0,26.79,26.66,0.565,0.435,5.258,2.816,3.063,1.131,4.797,4.292,0.949,3,26.97,0,0.0,5.258,0.4728,23.841,19.841
2026-09-23 03:15:00,SHIFT_C,0,26.84,26.86,0.565,0.435,4.978,2.936,2.874,1.044,4.843,4.433,0.922,3,26.72,0,0.0,4.978,0.4506,23.644,19.644
2026-09-23 03:30:00,SHIFT_C,0,26.89,26.77,0.565,0.435,5.241,2.711,3.191,1.13,5.664,4.63,0.946,3,26.37,0,0.0,5.241,0.522,23.587,19.587
2026-09-23 03:45:00,SHIFT_C,0,26.95,28.11,0.565,0.435,4.899,2.694,2.975,1.067,5.256,3.944,0.931,3,26.03,0,0.0,4.899,0.4417,23.226,19.226
2026-09-23 04:00:00,SHIFT_C,0,27.01,28.27,0.57,0.43,5.147,2.837,2.959,1.115,4.976,4.26,0.994,3,25.52,0,0.0,5.147,0.4702,22.972,18.972
2026-09-23 04:15:00,SHIFT_C,0,27.08,26.23,0.57,0.43,5.977,2.254,2.776,1.12,5.313,4.294,0.998,2,30.03,0,0.0,5.977,0.8875,23.338,19.338
2026-09-23 04:30:00,SHIFT_C,0,27.15,25.9,0.57,0.43,5.589,2.739,2.655,1.063,4.888,4.359,0.914,3,29.75,0,0.0,5.589,0.5051,23.543,19.543
2026-09-23 04:45:00,SHIFT_C,0,27.22,27.31,0.57,0.43,5.927,2.893,2.911,1.044,5.3,4.333,0.857,3,29.58,0,0.0,5.927,0.5504,23.775,19.775
2026-09-23 05:00:00,SHIFT_C,0,27.3,27.36,0.575,0.425,5.201,2.181,2.784,1.159,5.33,4.228,1.011,3,29.49,0,0.0,5.201,0.4911,23.64,19.64
2026-09-23 05:15:00,SHIFT_C,0,27.38,29.07,0.575,0.425,5.77,2.935,2.632,1.197,4.539,4.701,0.997,3,29.03,0,0.0,5.77,0.5312,23.618,19.618
2026-09-23 05:30:00,SHIFT_C,0,27.46,27.4,0.575,0.425,5.139,2.727,2.95,1.063,5.08,4.326,0.995,3,28.82,0,0.0,5.139,0.4743,23.447,19.447
2026-09-23 05:45:00,SHIFT_C,0,27.55,28.54,0.575,0.425,5.521,2.841,2.94,1.272,5.321,4.387,0.949,3,28.53,0,0.0,5.521,0.5302,23.353,19.353
2026-09-23 06:00:00,SHIFT_A,0,33.56,33.23,0.58,0.42,6.862,3.35,3.275,1.089,5.802,3.973,0.96,3,28.36,0,0.0,6.862,0.6533,23.461,19.461
2026-09-23 06:15:00,SHIFT_A,0,33.67,36.78,0.58,0.42,6.076,2.754,3.036,1.089,5.082,4.27,1.002,3,28.0,0,0.0,6.076,0.5597,22.82,18.82
2026-09-23 06:30:00,SHIFT_A,0,33.78,35.1,0.58,0.42,6.483,3.017,3.464,1.15,4.894,4.569,0.951,3,27.62,0,0.0,6.483,0.6037,22.552,18.552
2026-09-23 06:45:00,SHIFT_A,0,33.89,34.98,0.58,0.42,6.376,3.372,3.106,1.206,4.481,4.386,1.038,3,27.24,0,0.0,6.376,0.5704,22.242,18.242
2026-09-23 07:00:00,SHIFT_A,0,34.0,34.71,0.585,0.415,6.726,3.204,2.863,1.28,5.177,4.735,0.84,3,26.77,0,0.0,6.726,0.6515,22.134,18.134
2026-09-23 07:15:00,SHIFT_A,0,34.11,34.14,0.585,0.415,6.948,3.044,3.018,1.232,5.001,4.01,0.948,3,26.37,0,0.0,6.948,0.626,22.194,18.194
2026-09-23 07:30:00,SHIFT_A,0,34.22,35.74,0.585,0.415,6.828,2.644,3.043,1.145,5.608,4.364,0.938,3,26.01,0,0.0,6.828,0.6627,22.034,18.034
2026-09-23 07:45:00,SHIFT_A,0,34.33,35.37,0.585,0.415,6.345,3.289,3.212,1.202,5.591,4.523,0.964,3,25.62,0,0.0,6.345,0.6273,21.669,17.669
2026-09-23 08:00:00,SHIFT_A,0,34.44,33.88,0.589,0.411,7.264,3.081,2.926,1.163,5.792,4.565,0.987,3,25.38,0,0.0,7.264,0.7345,21.913,17.913
2026-09-23 08:15:00,SHIFT_A,0,34.55,34.31,0.589,0.411,7.087,3.159,2.941,1.096,5.007,4.027,1.033,3,24.97,0,0.0,7.087,0.6371,22.025,18.025
2026-09-23 08:30:00,SHIFT_A,0,34.65,34.06,0.589,0.411,6.855,2.597,3.285,1.265,5.553,4.484,0.86,3,24.48,0,0.0,6.855,0.6713,22.047,18.047
2026-09-23 08:45:00,SHIFT_A,0,34.75,35.72,0.589,0.411,7.102,3.043,3.454,1.172,5.197,4.285,0.908,3,24.15,0,0.0,7.102,0.6612,22.026,18.026
2026-09-23 09:00:00,SHIFT_A,0,34.85,34.04,0.594,0.406,7.188,2.958,2.95,1.078,5.037,4.503,1.062,3,23.8,0,0.0,7.188,0.676,22.216,18.216
2026-09-23 09:15:00,SHIFT_A,0,34.94,33.48,0.594,0.406,7.037,3.147,3.18,1.165,5.471,4.391,1.037,3,23.52,0,0.0,7.037,0.6836,22.387,18.387
2026-09-23 09:30:00,SHIFT_A,0,35.03,33.49,0.594,0.406,6.529,2.816,2.935,1.376,5.598,4.694,1.028,3,23.35,0,0.0,6.529,0.6675,22.302,18.302
2026-09-23 09:45:00,SHIFT_A,0,35.12,34.56,0.594,0.406,6.912,2.863,3.048,1.123,4.818,4.487,1.004,3,22.99,0,0.0,6.912,0.6362,22.302,18.302
2026-09-23 10:00:00,SHIFT_A,0,35.2,32.09,0.599,0.401,6.884,2.713,2.804,1.148,5.1,4.382,0.922,3,22.78,0,0.0,6.884,0.6403,22.535,18.535
2026-09-23 10:15:00,SHIFT_A,0,35.28,35.06,0.599,0.401,6.994,2.627,2.771,1.254,5.308,4.311,0.925,3,22.38,0,0.0,6.994,0.6644,22.525,18.525
2026-09-23 10:30:00,SHIFT_A,0,35.35,35.75,0.599,0.401,6.449,3.142,3.055,1.16,5.349,4.242,0.991,3,22.01,0,0.0,6.449,0.6098,22.175,18.175
2026-09-23 10:45:00,SHIFT_A,0,35.41,38.05,0.599,0.401,6.855,2.989,2.959,0.897,4.939,4.76,0.957,3,21.88,0,0.0,6.855,0.6377,21.798,17.798
2026-09-23 11:00:00,SHIFT_A,0,35.47,34.75,0.603,0.397,7.059,2.745,3.185,1.287,5.104,4.371,0.985,3,21.53,0,0.0,7.059,0.6676,21.853,17.853
2026-09-23 11:15:00,SHIFT_A,0,35.52,35.93,0.603,0.397,6.698,3.312,2.986,0.991,5.279,3.54,0.921,2,27.03,0,0.0,6.698,0.922,21.608,17.608
2026-09-23 11:30:00,SHIFT_A,0,31.3,29.88,0.603,0.397,5.985,3.118,2.916,1.317,5.321,4.252,0.943,3,26.81,0,0.0,5.985,0.5702,21.612,17.612
2026-09-23 11:45:00,SHIFT_A,0,31.34,31.27,0.603,0.397,5.945,2.94,2.661,1.012,5.516,4.127,0.956,3,26.39,0,0.0,5.945,0.5558,21.458,17.458
2026-09-23 12:00:00,SHIFT_A,0,35.64,35.06,0.608,0.392,7.138,2.569,2.981,1.097,5.525,4.613,1.057,3,26.19,0,0.0,7.138,0.7064,21.521,17.521
2026-09-23 12:15:00,SHIFT_A,0,35.67,36.37,0.608,0.392,7.117,2.977,2.965,1.043,5.313,4.623,0.79,3,26.08,0,0.0,7.117,0.6744,21.442,17.442
2026-09-23 12:30:00,SHIFT_A,0,35.69,35.63,0.608,0.392,7.219,2.986,3.288,0.986,4.996,4.477,0.859,3,25.67,0,0.0,7.219,0.6579,21.489,17.489
2026-09-23 12:45:00,SHIFT_A,0,35.7,34.18,0.608,0.392,7.046,2.832,3.319,1.359,5.387,4.643,0.847,3,25.32,0,0.0,7.046,0.6942,21.594,17.594
2026-09-23 13:00:00,SHIFT_A,0,35.7,34.7,0.612,0.388,7.498,3.043,3.072,1.113,4.992,3.694,0.964,3,25.14,0,0.0,7.498,0.6498,21.873,17.873
2026-09-23 13:15:00,SHIFT_A,0,35.7,35.54,0.612,0.388,7.57,2.755,2.913,1.094,4.928,4.381,0.948,3,24.85,0,0.0,7.57,0.6917,22.105,18.105
2026-09-23 13:30:00,SHIFT_A,0,35.69,37.52,0.612,0.388,7.145,2.748,3.093,1.18,4.602,4.63,0.815,3,24.54,0,0.0,7.145,0.6459,21.925,17.925
2026-09-23 13:45:00,SHIFT_A,0,35.67,37.05,0.612,0.388,6.991,2.645,2.89,1.194,4.919,4.744,0.895,3,24.29,0,0.0,6.991,0.6615,21.715,17.715
2026-09-23 14:00:00,SHIFT_B,0,37.74,37.67,0.616,0.384,8.183,3.066,3.578,1.292,5.335,4.955,0.945,3,23.93,0,0.0,8.183,0.8566,22.04,18.04
2026-09-23 14:15:00,SHIFT_B,0,37.7,38.32,0.616,0.384,7.943,2.773,2.647,1.143,5.574,4.332,0.921,3,23.58,0,0.0,7.943,0.7787,22.18,18.18
2026-09-23 14:30:00,SHIFT_B,0,37.66,38.24,0.616,0.384,7.657,2.64,3.191,1.227,5.51,4.903,1.067,3,23.29,0,0.0,7.657,0.801,22.184,18.184
2026-09-23 14:45:00,SHIFT_B,0,37.61,35.54,0.616,0.384,7.52,2.61,2.83,1.276,5.217,4.149,0.958,3,22.81,0,0.0,7.52,0.7024,22.39,18.39
2026-09-23 15:00:00,SHIFT_B,0,37.56,36.97,0.62,0.38,7.169,2.959,3.133,1.124,5.403,4.326,0.976,3,22.47,0,0.0,7.169,0.6828,22.278,18.278
2026-09-23 15:15:00,SHIFT_B,0,37.5,37.35,0.62,0.38,7.849,2.56,2.9,0.872,5.406,4.588,0.944,2,27.5,0,0.0,6.084,1.25,21.585,17.585
2026-09-23 15:30:00,SHIFT_B,0,37.43,38.29,0.62,0.38,7.509,2.815,2.791,1.23,5.349,4.431,1.092,3,27.1,1.764,2.755,9.273,0.9654,22.393,18.393
2026-09-23 15:45:00,SHIFT_B,0,37.35,35.11,0.62,0.38,7.606,2.516,2.656,1.23,4.823,4.399,0.974,3,26.75,0,0.0,7.606,0.6998,22.686,18.686
2026-09-23 16:00:00,SHIFT_B,0,37.27,37.16,0.624,0.376,7.773,2.44,3.172,1.22,5.416,4.103,0.85,3,26.36,0,0.0,7.773,0.7267,22.856,18.856
2026-09-23 16:15:00,SHIFT_B,0,37.19,38.96,0.624,0.376,7.647,2.781,3.331,1.194,5.121,4.055,0.929,2,31.29,0,0.0,6.491,1.1782,22.206,18.206
2026-09-23 16:30:00,SHIFT_B,0,37.1,38.07,0.624,0.376,7.338,2.992,2.833,1.142,5.215,4.054,1.061,3,30.95,1.157,1.643,8.495,0.8045,22.646,18.646
2026-09-23 16:45:00,SHIFT_B,0,37.0,38.28,0.624,0.376,8.336,2.41,2.899,1.231,5.13,4.31,0.943,3,30.61,0,0.0,8.336,0.7974,22.986,18.986
2026-09-23 17:00:00,SHIFT_B,0,36.9,34.77,0.628,0.372,6.888,2.653,2.989,1.085,5.132,4.711,0.866,3,30.39,0,0.0,6.888,0.6541,22.953,18.953
2026-09-23 17:15:00,SHIFT_B,0,36.8,37.82,0.628,0.372,7.374,2.795,2.733,1.253,5.333,4.33,0.975,3,30.01,0,0.0,7.374,0.706,22.858,18.858
2026-09-23 17:30:00,SHIFT_B,0,36.69,36.18,0.628,0.372,7.261,2.881,2.824,1.251,5.34,3.953,0.858,3,29.75,0,0.0,7.261,0.6666,22.87,18.87
2026-09-23 17:45:00,SHIFT_B,0,36.58,35.83,0.628,0.372,7.224,2.737,3.191,0.927,5.636,3.964,0.991,3,29.34,0,0.0,7.224,0.6699,22.899,18.899
2026-09-23 18:00:00,SHIFT_B,0,36.47,35.01,0.632,0.368,8.25,2.921,3.022,1.23,5.185,4.308,0.935,3,29.0,0,0.0,8.25,0.7907,23.523,19.523
2026-09-23 18:15:00,SHIFT_B,0,36.35,35.64,0.632,0.368,7.279,2.806,2.951,1.279,5.328,4.346,0.885,3,28.69,0,0.0,7.279,0.6938,23.598,19.598
2026-09-23 18:30:00,SHIFT_B,0,36.23,36.32,0.632,0.368,7.301,2.852,3.089,1.174,5.153,4.081,1.042,3,28.49,0,0.0,7.301,0.6731,23.616,19.616
2026-09-23 18:45:00,SHIFT_B,0,36.12,36.69,0.632,0.368,7.729,2.661,3.007,1.128,5.214,3.803,0.862,3,28.07,0,0.0,7.729,0.685,23.812,19.812
2026-09-23 19:00:00,SHIFT_B,0,31.68,30.29,0.635,0.365,6.51,3.468,3.132,1.116,5.328,4.474,1.012,3,27.75,0,0.0,6.51,0.6253,24.037,20.037
2026-09-23 19:15:00,SHIFT_B,0,31.58,30.04,0.635,0.365,6.719,3.017,2.862,1.074,5.342,4.175,0.902,3,27.38,0,0.0,6.719,0.6217,24.393,20.393
2026-09-23 19:30:00,SHIFT_B,0,35.77,34.47,0.635,0.365,6.968,2.501,3.171,1.132,5.581,4.053,0.982,3,27.17,0,0.0,6.968,0.6591,24.43,20.43
2026-09-23 19:45:00,SHIFT_B,0,35.65,37.61,0.635,0.365,7.217,2.753,3.108,1.172,5.35,4.295,0.836,3,26.69,0,0.0,7.217,0.6772,24.239,20.239
2026-09-23 20:00:00,SHIFT_B,0,35.53,35.43,0.639,0.361,6.89,2.638,2.607,1.091,5.686,3.705,0.896,3,26.28,0,0.0,6.89,0.6311,24.141,20.141
2026-09-23 20:15:00,SHIFT_B,0,35.42,35.54,0.639,0.361,7.703,2.997,3.113,1.158,4.752,3.948,0.924,3,25.91,0,0.0,7.703,0.6687,24.438,20.438
2026-09-23 20:30:00,SHIFT_B,0,35.31,33.61,0.639,0.361,7.262,2.857,2.91,1.273,4.896,4.32,0.986,3,25.54,0,0.0,7.262,0.6709,24.639,20.639
2026-09-23 20:45:00,SHIFT_B,0,35.2,35.46,0.639,0.361,6.69,3.073,2.95,1.127,5.216,4.723,0.902,3,25.37,0,0.0,6.69,0.6446,24.438,20.438
2026-09-23 21:00:00,SHIFT_B,0,35.1,35.49,0.642,0.358,7.097,2.787,3.08,1.193,4.945,4.044,0.742,3,25.13,0,0.0,7.097,0.6242,24.437,20.437
2026-09-23 21:15:00,SHIFT_B,0,35.0,36.6,0.642,0.358,5.952,3.235,2.957,1.078,5.07,4.169,0.854,3,24.81,0,0.0,5.952,0.5354,23.754,19.754
2026-09-23 21:30:00,SHIFT_B,0,34.9,33.46,0.642,0.358,6.766,3.083,2.978,1.197,5.089,3.952,0.864,3,24.44,0,0.0,6.766,0.6049,23.791,19.791
2026-09-23 21:45:00,SHIFT_B,0,34.81,35.31,0.642,0.358,7.177,3.427,2.725,1.127,4.672,4.711,0.917,3,24.16,0,0.0,7.177,0.6603,23.848,19.848
2026-09-23 22:00:00,SHIFT_C,0,27.01,25.81,0.645,0.355,5.444,2.289,3.54,0.951,5.222,4.458,1.042,3,23.92,0,0.0,5.444,0.5117,23.989,19.989
2026-09-23 22:15:00,SHIFT_C,0,26.95,27.03,0.645,0.355,5.917,2.168,3.105,1.305,4.898,4.861,0.972,3,23.51,0,0.0,5.917,0.5734,24.244,20.244
2026-09-23 22:30:00,SHIFT_C,0,26.89,25.35,0.645,0.355,5.554,2.696,3.172,1.28,5.024,4.226,0.769,3,23.2,0,0.0,5.554,0.5052,24.487,20.487
2026-09-23 22:45:00,SHIFT_C,0,26.84,26.08,0.645,0.355,4.718,2.447,3.184,1.15,5.599,4.085,0.953,3,22.71,0,0.0,4.718,0.4478,24.238,20.238
2026-09-23 23:00:00,SHIFT_C,0,26.79,26.1,0.648,0.352,5.127,2.503,3.057,1.014,4.42,4.069,0.969,3,22.34,0,0.0,5.127,0.4323,24.192,20.192
2026-09-23 23:15:00,SHIFT_C,0,26.74,27.72,0.648,0.352,5.031,2.268,2.926,1.135,5.086,4.453,0.912,3,21.9,0,0.0,5.031,0.4694,23.935,19.935
2026-09-23 23:30:00,SHIFT_C,0,26.71,28.87,0.648,0.352,6.137,2.087,3.194,1.176,5.587,4.578,0.981,3,21.71,0,0.0,6.137,0.6089,24.117,20.117
2026-09-23 23:45:00,SHIFT_C,0,26.67,26.87,0.648,0.352,5.271,2.032,3.085,1.155,5.689,4.308,1.019,3,21.48,0,0.0,5.271,0.5165,24.065,20.065
2026-09-24 00:00:00,SHIFT_C,0,26.65,26.69,0.644,0.356,5.311,2.767,2.822,1.329,5.131,4.321,0.892,3,21.2,0,0.0,5.311,0.4992,24.053,20.053
2026-09-24 00:15:00,SHIFT_C,0,26.63,28.07,0.644,0.356,5.443,2.608,2.9,1.145,5.244,4.303,0.988,3,21.07,0,0.0,5.443,0.5118,23.967,19.967
2026-09-24 00:30:00,SHIFT_C,0,26.61,26.14,0.644,0.356,5.191,2.686,3.132,1.266,4.923,4.483,1.004,3,20.73,0,0.0,5.191,0.4879,23.948,19.948
2026-09-24 00:45:00,SHIFT_C,0,26.6,25.74,0.644,0.356,4.816,2.562,2.966,1.197,5.275,3.956,0.871,3,20.36,0,0.0,4.816,0.4381,23.783,19.783
2026-09-24 01:00:00,SHIFT_C,0,26.6,24.7,0.647,0.353,5.535,2.783,3.16,1.099,5.303,4.704,0.943,2,24.74,0,0.0,5.535,0.8312,24.081,20.081
2026-09-24 01:15:00,SHIFT_C,0,26.6,28.37,0.647,0.353,5.083,2.635,2.839,1.249,4.628,4.041,0.977,3,24.39,0,0.0,5.083,0.4459,23.785,19.785
2026-09-24 01:30:00,SHIFT_C,0,26.61,25.7,0.647,0.353,5.194,2.563,2.698,0.929,5.128,4.367,0.832,3,24.11,0,0.0,5.194,0.4707,23.812,19.812
2026-09-24 01:45:00,SHIFT_C,0,26.63,26.25,0.647,0.353,5.346,2.154,2.861,1.269,5.863,4.62,0.909,3,23.62,0,0.0,5.346,0.5449,23.86,19.86
2026-09-24 02:00:00,SHIFT_C,0,26.65,31.05,0.65,0.35,5.453,2.461,2.902,1.256,4.463,4.003,0.925,3,23.34,0,0.0,5.453,0.4674,23.482,19.482
2026-09-24 02:15:00,SHIFT_C,0,26.67,25.85,0.65,0.35,5.27,2.849,2.891,1.072,5.506,4.661,0.791,3,23.02,0,0.0,5.27,0.5104,23.532,19.532
2026-09-24 02:30:00,SHIFT_C,0,26.71,28.72,0.65,0.35,5.903,2.879,3.136,1.229,5.316,4.65,0.942,3,22.77,0,0.0,5.903,0.5768,23.611,19.611
2026-09-24 02:45:00,SHIFT_C,0,26.74,27.77,0.65,0.35,5.297,2.458,2.756,1.105,5.274,4.031,0.903,3,22.42,0,0.0,5.297,0.4825,23.482,19.482
2026-09-24 03:00:00,SHIFT_C,0,26.79,26.61,0.652,0.348,4.921,2.683,3.164,1.389,5.128,4.126,0.873,2,22.24,0,0.0,4.921,0.6844,23.281,19.281
2026-09-24 03:15:00,SHIFT_C,0,26.84,26.28,0.652,0.348,5.866,2.742,3.037,1.149,4.585,4.222,0.998,2,26.31,0,0.0,5.866,0.7939,23.586,19.586
2026-09-24 03:30:00,SHIFT_C,0,26.89,27.61,0.652,0.348,5.898,2.632,2.822,1.089,5.12,4.063,0.966,3,25.87,0,0.0,5.898,0.5337,23.774,19.774
2026-09-24 03:45:00,SHIFT_C,0,26.95,27.22,0.652,0.348,5.138,2.409,2.664,1.237,5.177,4.029,0.985,3,25.57,0,0.0,5.138,0.4727,23.621,19.621
2026-09-24 04:00:00,SHIFT_C,0,27.01,26.12,0.655,0.345,5.787,2.199,3.001,1.125,5.154,4.304,1.013,3,25.33,0,0.0,5.787,0.5403,23.903,19.903
2026-09-24 04:15:00,SHIFT_C,0,27.08,24.9,0.655,0.345,6.162,2.495,2.868,1.254,4.959,4.497,0.979,3,25.18,0,0.0,6.162,0.5799,24.494,20.494
2026-09-24 04:30:00,SHIFT_C,0,27.15,29.51,0.655,0.345,5.34,2.25,2.695,1.057,5.301,4.507,0.833,3,24.72,0,0.0,5.34,0.5029,24.212,20.212
2026-09-24 04:45:00,SHIFT_C,0,27.22,28.2,0.655,0.345,5.049,2.275,3.17,1.228,4.96,4.027,0.918,2,30.04,0,0.0,5.049,0.6789,23.917,19.917
2026-09-24 05:00:00,SHIFT_C,0,27.3,26.48,0.657,0.343,6.202,2.396,3.078,1.128,5.157,4.603,1.132,3,29.78,0,0.0,6.202,0.6002,24.369,20.369
2026-09-24 05:15:00,SHIFT_C,0,27.38,24.36,0.657,0.343,5.385,2.739,2.95,1.193,5.141,4.701,0.975,3,29.36,0,0.0,5.385,0.5208,24.626,20.626
2026-09-24 05:30:00,SHIFT_C,0,27.46,25.63,0.657,0.343,4.986,2.282,2.963,0.996,5.28,4.142,0.914,3,29.08,0,0.0,4.986,0.4549,24.556,20.556
2026-09-24 05:45:00,SHIFT_C,0,27.55,25.67,0.657,0.343,5.928,2.875,2.969,1.05,5.044,4.391,0.994,3,28.74,0,0.0,5.928,0.5479,24.954,20.954
2026-09-24 06:00:00,SHIFT_A,0,33.56,35.12,0.659,0.341,5.795,3.226,3.467,1.154,5.443,4.604,0.988,3,28.46,0,0.0,5.795,0.5687,24.339,20.339
2026-09-24 06:15:00,SHIFT_A,0,33.67,32.94,0.659,0.341,7.337,3.204,3.254,1.141,5.664,4.5,0.923,3,28.26,0,0.0,7.337,0.723,24.706,20.706
2026-09-24 06:30:00,SHIFT_A,0,33.78,31.72,0.659,0.341,6.775,3.05,2.851,1.111,5.434,4.031,0.828,3,27.98,0,0.0,6.775,0.6221,24.828,20.828
2026-09-24 06:45:00,SHIFT_A,0,33.89,31.73,0.659,0.341,6.537,3.193,2.865,1.247,4.878,4.711,0.736,3,27.83,0,0.0,6.537,0.6091,24.827,20.827
2026-09-24 07:00:00,SHIFT_A,0,34.0,32.22,0.661,0.339,6.624,3.487,3.158,1.012,5.099,4.663,1.051,3,27.61,0,0.0,6.624,0.6307,24.778,20.778
2026-09-24 07:15:00,SHIFT_A,0,34.11,33.37,0.661,0.339,6.791,3.055,3.306,1.308,5.53,4.881,1.015,3,27.46,0,0.0,6.791,0.6963,24.663,20.663
2026-09-24 07:30:00,SHIFT_A,0,34.22,32.85,0.661,0.339,6.281,3.191,3.087,1.089,4.58,4.041,0.988,3,27.21,0,0.0,6.281,0.541,24.518,20.518
2026-09-24 07:45:00,SHIFT_A,0,34.33,34.29,0.661,0.339,6.798,3.21,3.305,1.134,5.3,4.567,1.006,3,26.82,0,0.0,6.798,0.6572,24.489,20.489
2026-09-24 08:00:00,SHIFT_A,0,34.44,34.04,0.663,0.337,6.592,2.812,2.888,1.079,5.248,3.645,1.011,3,26.66,0,0.0,6.592,0.5829,24.381,20.381
2026-09-24 08:15:00,SHIFT_A,0,34.55,32.44,0.663,0.337,6.747,3.09,3.159,1.272,5.137,4.193,0.901,3,26.23,0,0.0,6.747,0.6249,24.51,20.51
2026-09-24 08:30:00,SHIFT_A,0,34.65,35.39,0.663,0.337,6.533,3.27,2.717,1.079,5.278,4.504,0.953,3,25.78,0,0.0,6.533,0.6214,24.238,20.238
2026-09-24 08:45:00,SHIFT_A,0,34.75,36.01,0.663,0.337,6.859,2.969,2.931,1.128,4.971,4.524,0.933,3,25.44,0,0.0,6.859,0.6382,24.066,20.066
2026-09-24 09:00:00,SHIFT_A,0,34.85,35.23,0.665,0.335,7.251,2.916,2.959,1.245,4.78,4.211,0.996,3,25.24,0,0.0,7.251,0.6558,24.169,20.169
2026-09-24 09:15:00,SHIFT_A,0,34.94,34.97,0.665,0.335,6.973,2.663,3.235,1.121,5.208,4.386,0.92,3,25.03,0,0.0,6.973,0.6532,24.158,20.158
2026-09-24 09:30:00,SHIFT_A,0,35.03,37.25,0.665,0.335,7.138,2.778,2.95,1.183,5.194,4.04,0.806,3,24.62,0,0.0,7.138,0.645,24.002,20.002
2026-09-24 09:45:00,SHIFT_A,0,35.12,36.57,0.665,0.335,6.846,2.772,2.913,1.067,5.67,3.903,0.985,3,24.19,0,0.0,6.846,0.6407,23.768,19.768
2026-09-24 10:00:00,SHIFT_A,0,35.2,32.52,0.666,0.334,7.139,3.205,2.903,1.248,5.138,4.273,1.019,3,23.78,0,0.0,7.139,0.6713,24.085,20.085
2026-09-24 10:15:00,SHIFT_A,0,35.28,34.53,0.666,0.334,6.585,2.565,3.075,1.037,5.798,4.25,0.876,3,23.47,0,0.0,6.585,0.6341,23.925,19.925
2026-09-24 10:30:00,SHIFT_A,0,35.35,36.29,0.666,0.334,7.498,3.365,3.043,1.159,5.07,4.461,1.008,3,23.17,0,0.0,7.498,0.7062,24.044,20.044
2026-09-24 10:45:00,SHIFT_A,0,35.41,35.11,0.666,0.334,6.75,2.635,2.998,1.235,5.273,4.558,0.882,3,22.95,0,0.0,6.75,0.6494,23.908,19.908
2026-09-24 11:00:00,SHIFT_A,0,35.47,35.33,0.667,0.333,7.252,3.054,2.949,1.084,5.85,4.344,1.109,3,22.57,0,0.0,7.252,0.7241,24.001,20.001
2026-09-24 11:15:00,SHIFT_A,0,35.52,35.62,0.667,0.333,7.433,3.067,2.806,1.181,5.05,4.217,0.982,3,22.1,0,0.0,7.433,0.6841,24.156,20.156
2026-09-24 11:30:00,SHIFT_A,0,31.3,29.33,0.667,0.333,6.511,2.463,2.601,1.068,5.316,4.008,0.943,3,21.78,0,0.0,6.511,0.5943,24.478,20.478
2026-09-24 11:45:00,SHIFT_A,0,31.34,29.69,0.667,0.333,6.288,2.541,3.021,1.261,5.066,3.927,0.852,3,21.3,0,0.0,6.288,0.5623,24.653,20.653
2026-09-24 12:00:00,SHIFT_A,0,35.64,36.25,0.668,0.332,7.489,2.465,3.294,1.136,4.932,4.499,0.848,2,25.41,0,0.0,6.459,1.1596,24.258,20.258
2026-09-24 12:15:00,SHIFT_A,0,35.67,36.42,0.668,0.332,6.981,2.802,2.679,1.2,5.558,4.407,1.062,3,24.96,1.031,1.56,8.011,0.8086,24.358,20.358
2026-09-24 12:30:00,SHIFT_A,0,35.69,34.4,0.668,0.332,6.827,3.082,2.986,1.09,4.985,4.437,1.013,3,24.75,0,0.0,6.827,0.6336,24.332,20.332
2026-09-24 12:45:00,SHIFT_A,0,35.7,35.36,0.668,0.332,6.86,2.867,2.947,0.992,5.697,4.377,0.813,3,24.52,0,0.0,6.86,0.6562,24.226,20.226
2026-09-24 13:00:00,SHIFT_A,0,35.7,36.22,0.669,0.331,6.633,2.745,3.095,1.106,5.317,3.996,0.909,2,29.34,0,0.0,6.633,0.9751,23.92,19.92
2026-09-24 13:15:00,SHIFT_A,0,35.7,33.85,0.669,0.331,7.315,3.142,3.268,1.233,5.072,4.152,1.1,3,28.87,0,0.0,7.315,0.6807,24.192,20.192
2026-09-24 13:30:00,SHIFT_A,0,35.69,33.52,0.669,0.331,7.565,2.914,3.304,0.982,4.863,4.502,1.074,3,28.67,0,0.0,7.565,0.6956,24.623,20.623
2026-09-24 13:45:00,SHIFT_A,0,35.67,34.5,0.669,0.331,6.883,2.445,3.323,0.955,4.941,4.86,0.924,3,28.15,0,0.0,6.883,0.6473,24.55,20.55
2026-09-24 14:00:00,SHIFT_B,0,37.74,35.31,0.67,0.33,7.531,2.812,3.06,1.44,5.356,4.603,1.011,3,27.92,0,0.0,7.531,0.7613,24.469,20.469
2026-09-24 14:15:00,SHIFT_B,0,37.7,36.29,0.67,0.33,7.331,3.064,3.229,1.282,5.409,3.871,0.996,3,27.51,0,0.0,7.331,0.6822,24.371,20.371
2026-09-24 14:30:00,SHIFT_B,0,37.66,36.26,0.67,0.33,7.611,2.871,3.138,1.179,4.55,4.393,0.895,3,27.12,0,0.0,7.611,0.675,24.374,20.374
2026-09-24 14:45:00,SHIFT_B,0,37.61,38.9,0.67,0.33,7.714,2.903,3.019,1.087,4.667,4.38,0.925,3,26.89,0,0.0,7.714,0.6868,24.11,20.11
2026-09-24 15:00:00,SHIFT_B,0,37.56,39.35,0.67,0.33,7.836,2.92,2.703,1.349,4.755,4.02,1.065,3,26.64,0,0.0,7.836,0.7059,24.065,20.065
2026-09-24 15:15:00,SHIFT_B,0,37.5,37.54,0.67,0.33,7.374,2.924,3.002,1.062,5.61,3.599,1.038,3,26.26,0,0.0,7.374,0.6714,23.998,19.998
2026-09-24 15:30:00,SHIFT_B,0,37.43,39.11,0.67,0.33,7.616,2.215,2.886,1.215,5.463,3.959,0.937,3,25.86,0,0.0,7.616,0.7097,23.895,19.895
2026-09-24 15:45:00,SHIFT_B,0,37.35,36.96,0.67,0.33,7.412,2.963,3.13,1.105,4.302,4.406,0.925,3,25.47,0,0.0,7.412,0.6408,23.905,19.905
2026-09-24 16:00:00,SHIFT_B,0,37.27,36.64,0.67,0.33,7.364,2.671,3.01,1.099,5.516,3.992,0.869,3,25.1,0,0.0,7.364,0.6805,23.923,19.923
2026-09-24 16:15:00,SHIFT_B,0,37.19,35.74,0.67,0.33,7.519,3.068,3.048,1.062,4.975,4.137,0.955,3,24.95,0,0.0,7.519,0.6737,24.109,20.109
2026-09-24 16:30:00,SHIFT_B,0,37.1,37.66,0.67,0.33,7.456,2.562,3.294,1.184,5.281,4.267,1.09,3,24.75,0,0.0,7.456,0.7097,24.071,20.071
2026-09-24 16:45:00,SHIFT_B,0,37.0,37.49,0.67,0.33,7.327,2.699,2.931,1.073,5.177,4.047,0.943,3,24.54,0,0.0,7.327,0.6631,23.986,19.986
2026-09-24 17:00:00,SHIFT_B,0,36.9,37.2,0.67,0.33,7.655,3.093,3.322,1.366,5.056,4.219,0.924,3,24.09,0,0.0,7.655,0.7128,24.094,20.094
2026-09-24 17:15:00,SHIFT_B,0,36.8,38.47,0.67,0.33,7.655,2.882,2.779,0.998,5.208,4.406,0.96,3,23.61,0,0.0,7.655,0.7132,24.074,20.074
2026-09-24 17:30:00,SHIFT_B,0,36.69,36.06,0.67,0.33,7.453,3.143,2.97,1.314,4.966,4.094,0.986,3,23.31,0,0.0,7.453,0.6817,24.194,20.194
2026-09-24 17:45:00,SHIFT_B,0,36.58,36.61,0.67,0.33,7.12,3.219,3.208,1.223,4.811,4.299,1.001,3,22.89,0,0.0,7.12,0.6498,24.093,20.093
2026-09-24 18:00:00,SHIFT_B,0,36.47,38.98,0.67,0.33,7.02,2.752,2.951,1.198,5.014,4.574,0.768,3,22.55,0,0.0,7.02,0.6531,23.705,19.705
2026-09-24 18:15:00,SHIFT_B,0,36.35,36.7,0.67,0.33,6.871,2.919,3.025,1.095,5.095,4.402,0.992,3,22.16,0,0.0,6.871,0.6409,23.47,19.47
2026-09-24 18:30:00,SHIFT_B,0,36.23,36.02,0.67,0.33,7.142,2.63,2.698,1.221,4.796,4.644,0.874,3,21.83,0,0.0,7.142,0.6633,23.439,19.439
2026-09-24 18:45:00,SHIFT_B,0,36.12,36.23,0.67,0.33,7.026,2.626,2.863,1.122,4.94,4.077,0.929,3,21.45,0,0.0,7.026,0.6261,23.329,19.329
2026-09-24 19:00:00,SHIFT_B,0,31.68,29.42,0.669,0.331,6.704,2.423,3.451,1.245,5.258,4.545,0.853,2,25.51,0,0.0,6.37,1.0523,23.573,19.573
2026-09-24 19:15:00,SHIFT_B,0,31.58,33.24,0.669,0.331,6.494,2.788,2.877,1.191,5.433,4.745,0.919,3,25.05,0.333,0.495,6.827,0.6755,23.662,19.662
2026-09-24 19:30:00,SHIFT_B,0,35.77,33.51,0.669,0.331,6.978,2.551,3.187,1.175,5.039,4.258,1.002,3,24.65,0,0.0,6.978,0.6447,23.8,19.8
2026-09-24 19:45:00,SHIFT_B,0,35.65,36.47,0.669,0.331,7.061,3.306,3.077,1.191,5.489,4.608,1.011,3,24.44,0,0.0,7.061,0.6992,23.684,19.684
2026-09-24 20:00:00,SHIFT_B,0,35.53,36.14,0.668,0.332,7.153,2.84,3.153,1.106,5.11,3.723,0.826,3,23.94,0,0.0,7.153,0.62,23.647,19.647
2026-09-24 20:15:00,SHIFT_B,0,35.42,36.09,0.668,0.332,7.641,2.846,3.021,1.107,4.438,4.308,1.046,3,23.65,0,0.0,7.641,0.6705,23.859,19.859
2026-09-24 20:30:00,SHIFT_B,0,35.31,33.75,0.668,0.332,7.661,3.215,3.194,1.114,4.841,4.606,0.972,3,23.16,0,0.0,7.661,0.7114,24.315,20.315
2026-09-24 20:45:00,SHIFT_B,0,35.2,34.16,0.668,0.332,6.705,3.407,2.608,1.194,5.625,4.353,0.915,3,22.77,0,0.0,6.705,0.6525,24.251,20.251
2026-09-24 21:00:00,SHIFT_B,0,35.1,36.41,0.668,0.332,7.169,3.175,2.907,1.265,4.943,4.288,0.878,3,22.51,0,0.0,7.169,0.6564,24.195,20.195
2026-09-24 21:15:00,SHIFT_B,0,35.0,34.33,0.668,0.332,7.684,3.115,3.272,1.325,5.053,4.522,0.943,3,22.19,0,0.0,7.684,0.7362,24.567,20.567
2026-09-24 21:30:00,SHIFT_B,0,34.9,33.87,0.668,0.332,7.17,3.156,2.728,1.015,5.275,4.481,0.869,3,21.9,0,0.0,7.17,0.672,24.613,20.613
2026-09-24 21:45:00,SHIFT_B,0,34.81,34.88,0.668,0.332,7.17,3.228,3.257,1.149,4.702,4.256,1.044,2,26.15,0,0.0,6.756,1.0613,24.503,20.503
2026-09-24 22:00:00,SHIFT_C,0,27.01,29.14,0.666,0.334,5.1,2.694,3.286,1.273,5.227,4.155,0.954,3,25.86,0.414,0.58,5.514,0.5154,24.346,20.346
2026-09-24 22:15:00,SHIFT_C,0,26.95,29.84,0.666,0.334,5.541,2.278,3.121,1.07,5.127,4.213,0.889,3,25.6,0,0.0,5.541,0.5041,24.132,20.132
2026-09-24 22:30:00,SHIFT_C,0,26.89,27.87,0.666,0.334,5.401,2.513,2.854,1.087,5.37,4.381,1.011,3,25.32,0,0.0,5.401,0.5153,24.045,20.045
2026-09-24 22:45:00,SHIFT_C,0,26.84,24.86,0.666,0.334,5.228,2.852,2.881,1.145,5.478,4.433,1.011,3,25.12,0,0.0,5.228,0.508,24.174,20.174
2026-09-24 23:00:00,SHIFT_C,0,26.79,28.01,0.665,0.335,5.239,2.855,2.658,1.179,5.39,4.219,1.032,3,24.93,0,0.0,5.239,0.4986,23.992,19.992
2026-09-24 23:15:00,SHIFT_C,0,26.74,27.8,0.665,0.335,5.207,2.286,3.026,1.022,4.449,3.897,0.85,3,24.64,0,0.0,5.207,0.4284,23.816,19.816
2026-09-24 23:30:00,SHIFT_C,0,26.71,25.89,0.665,0.335,4.75,2.645,2.768,1.095,5.075,4.464,0.878,3,24.41,0,0.0,4.75,0.4403,23.601,19.601
2026-09-24 23:45:00,SHIFT_C,0,26.67,27.4,0.665,0.335,5.751,2.559,3.147,1.057,5.351,4.0,1.109,3,24.1,0,0.0,5.751,0.5333,23.737,19.737
2026-09-25 00:00:00,SHIFT_C,0,26.65,28.6,0.667,0.333,5.41,2.517,3.008,1.134,5.305,4.309,0.93,3,23.59,0,0.0,5.41,0.5086,23.582,19.582
2026-09-25 00:15:00,SHIFT_C,0,26.63,27.4,0.667,0.333,5.473,2.166,3.424,1.403,5.2,4.656,1.036,2,28.17,0,0.0,5.473,0.8402,23.578,19.578
2026-09-25 00:30:00,SHIFT_C,0,26.61,26.14,0.667,0.333,4.981,2.318,2.877,1.253,5.427,4.4,1.018,3,28.02,0,0.0,4.981,0.4852,23.455,19.455
2026-09-25 00:45:00,SHIFT_C,0,26.6,26.52,0.667,0.333,5.335,2.396,3.049,1.093,5.568,4.754,0.916,3,27.9,0,0.0,5.335,0.5297,23.471,19.471
2026-09-25 01:00:00,SHIFT_C,0,26.6,25.4,0.666,0.334,5.712,2.442,3.29,1.097,5.146,4.493,0.89,3,27.73,0,0.0,5.712,0.5347,23.787,19.787
2026-09-25 01:15:00,SHIFT_C,0,26.6,27.12,0.666,0.334,5.33,2.567,2.956,1.143,5.497,4.426,0.96,3,27.34,0,0.0,5.33,0.5161,23.74,19.74
2026-09-25 01:30:00,SHIFT_C,0,26.61,24.65,0.666,0.334,5.138,2.569,3.165,1.21,5.446,4.378,1.002,3,27.23,0,0.0,5.138,0.4979,23.844,19.844
2026-09-25 01:45:00,SHIFT_C,0,26.63,26.47,0.666,0.334,5.314,2.65,3.407,1.174,5.115,4.21,0.953,3,27.04,0,0.0,5.314,0.49,23.854,19.854
2026-09-25 02:00:00,SHIFT_C,0,26.65,29.33,0.664,0.336,5.079,2.356,2.809,1.162,5.665,4.215,1.064,3,26.81,0,0.0,5.079,0.4951,23.461,19.461
2026-09-25 02:15:00,SHIFT_C,0,26.67,29.27,0.664,0.336,5.453,2.606,2.941,1.124,5.469,4.323,0.917,3,26.49,0,0.0,5.453,0.5195,23.26,19.26
2026-09-25 02:30:00,SHIFT_C,0,26.71,27.04,0.664,0.336,5.522,2.606,2.707,1.168,5.163,4.595,0.839,3,26.09,0,0.0,5.522,0.5231,23.316,19.316
2026-09-25 02:45:00,SHIFT_C,0,26.74,25.94,0.664,0.336,4.942,2.535,3.12,0.958,4.953,4.209,1.044,3,25.73,0,0.0,4.942,0.4443,23.194,19.194
2026-09-25 03:00:00,SHIFT_C,0,26.79,26.78,0.663,0.337,4.956,2.696,3.109,1.211,5.499,4.284,0.965,3,25.4,0,0.0,4.956,0.4772,22.994,18.994
2026-09-25 03:15:00,SHIFT_C,0,26.84,26.06,0.663,0.337,5.822,3.033,3.141,0.979,4.791,4.554,0.965,3,25.22,0,0.0,5.822,0.5292,23.299,19.299
2026-09-25 03:30:00,SHIFT_C,0,26.89,28.87,0.663,0.337,5.377,2.526,2.921,1.224,5.162,4.373,0.978,3,24.83,0,0.0,5.377,0.5081,23.1,19.1
2026-09-25 03:45:00,SHIFT_C,0,26.95,26.92,0.663,0.337,4.856,2.733,3.304,1.245,4.979,4.484,0.942,3,24.45,0,0.0,4.856,0.4555,22.836,18.836
2026-09-25 04:00:00,SHIFT_C,0,27.01,26.65,0.661,0.339,5.942,2.828,2.644,0.995,4.938,4.285,0.955,3,24.08,0,0.0,5.942,0.5345,23.142,19.142
2026-09-25 04:15:00,SHIFT_C,0,27.08,27.85,0.661,0.339,5.565,2.725,3.135,1.043,5.482,4.149,0.962,3,23.83,0,0.0,5.565,0.5214,23.139,19.139
2026-09-25 04:30:00,SHIFT_C,0,27.15,29.25,0.661,0.339,5.245,2.509,3.092,1.123,5.224,4.514,0.835,3,23.64,0,0.0,5.245,0.4939,22.836,18.836
2026-09-25 04:45:00,SHIFT_C,0,27.22,28.81,0.661,0.339,5.043,2.683,3.14,1.104,4.939,4.454,0.929,3,23.29,0,0.0,5.043,0.4639,22.476,18.476
2026-09-25 05:00:00,SHIFT_C,0,27.3,27.2,0.659,0.341,5.564,2.5,3.222,1.256,5.472,4.511,0.9,3,22.93,0,0.0,5.564,0.5438,22.538,18.538
2026-09-25 05:15:00,SHIFT_C,0,27.38,28.26,0.659,0.341,5.942,2.894,2.637,1.137,5.652,4.749,1.032,3,22.65,0,0.0,5.942,0.6013,22.683,18.683
2026-09-25 05:30:00,SHIFT_C,0,27.46,26.22,0.659,0.341,5.754,2.505,2.881,1.142,5.144,4.506,0.925,3,22.26,0,0.0,5.754,0.5428,22.938,18.938
2026-09-25 05:45:00,SHIFT_C,0,27.55,27.59,0.659,0.341,5.026,2.631,3.05,1.024,4.856,4.195,0.944,2,26.94,0,0.0,5.026,0.6689,22.692,18.692
2026-09-25 06:00:00,SHIFT_A,0,33.56,33.17,0.657,0.343,7.069,3.23,2.985,1.155,5.461,3.959,0.99,3,26.44,0,0.0,7.069,0.6582,22.909,18.909
2026-09-25 06:15:00,SHIFT_A,0,33.67,33.33,0.657,0.343,6.355,3.185,3.386,1.175,5.342,3.864,0.971,3,26.17,0,0.0,6.355,0.5809,22.753,18.753
2026-09-25 06:30:00,SHIFT_A,0,33.78,34.42,0.657,0.343,6.716,3.063,3.134,1.016,5.112,3.941,0.961,3,25.88,0,0.0,6.716,0.5964,22.669,18.669
2026-09-25 06:45:00,SHIFT_A,0,33.89,31.14,0.657,0.343,6.866,3.115,3.016,1.273,5.389,4.334,1.014,3,25.56,0,0.0,6.866,0.6639,22.988,18.988
2026-09-25 07:00:00,SHIFT_A,0,34.0,33.15,0.654,0.346,6.606,3.103,2.868,1.12,5.227,4.238,0.946,3,25.29,0,0.0,6.606,0.6132,22.976,18.976
2026-09-25 07:15:00,SHIFT_A,0,34.11,34.53,0.654,0.346,6.625,3.315,2.992,1.183,5.503,4.512,0.895,3,24.94,0,0.0,6.625,0.645,22.836,18.836
2026-09-25 07:30:00,SHIFT_A,0,34.22,33.45,0.654,0.346,6.823,2.813,3.712,1.192,5.255,4.261,0.973,3,24.64,0,0.0,6.823,0.6417,22.903,18.903
2026-09-25 07:45:00,SHIFT_A,0,34.33,33.98,0.654,0.346,6.864,2.951,3.082,1.146,5.366,4.553,0.91,3,24.34,0,0.0,6.864,0.6618,22.937,18.937
2026-09-25 08:00:00,SHIFT_A,0,34.44,32.82,0.652,0.348,6.691,2.887,3.001,1.109,4.757,4.199,0.937,3,23.96,0,0.0,6.691,0.5927,23.001,19.001
2026-09-25 08:15:00,SHIFT_A,0,34.55,34.96,0.652,0.348,6.759,3.006,3.197,0.966,5.227,4.459,1.056,3,23.61,0,0.0,6.759,0.6372,22.885,18.885
2026-09-25 08:30:00,SHIFT_A,0,34.65,36.19,0.652,0.348,6.798,3.157,2.976,1.23,5.413,4.505,0.878,3,23.07,0,0.0,6.798,0.6582,22.665,18.665
2026-09-25 08:45:00,SHIFT_A,0,34.75,34.53,0.652,0.348,6.096,2.928,2.909,1.254,5.464,4.392,1.005,3,22.82,0,0.0,6.096,0.5946,22.26,18.26
2026-09-25 09:00:00,SHIFT_A,0,34.85,35.04,0.649,0.351,6.287,3.028,2.976,1.156,5.028,3.795,0.951,2,28.3,0,0.0,6.287,0.8675,21.899,17.899
2026-09-25 09:15:00,SHIFT_A,0,34.94,35.05,0.649,0.351,7.321,3.126,3.199,1.263,5.542,4.315,1.087,3,27.97,0,0.0,7.321,0.7195,22.055,18.055
2026-09-25 09:30:00,SHIFT_A,0,35.03,37.18,0.649,0.351,7.09,2.955,3.201,1.264,4.974,4.477,1.028,3,27.68,0,0.0,7.09,0.6703,21.882,17.882
2026-09-25 09:45:00,SHIFT_A,0,35.12,32.33,0.649,0.351,7.069,2.948,2.982,1.106,5.164,4.46,0.952,3,27.37,0,0.0,7.069,0.6649,22.184,18.184
2026-09-25 10:00:00,SHIFT_A,0,35.2,34.15,0.646,0.354,6.877,2.883,2.947,1.121,5.375,4.001,0.961,3,27.18,0,0.0,6.877,0.6345,22.208,18.208
2026-09-25 10:15:00,SHIFT_A,0,35.28,34.46,0.646,0.354,6.611,3.372,2.778,1.185,4.935,4.41,0.932,3,26.91,0,0.0,6.611,0.6102,22.067,18.067
2026-09-25 10:30:00,SHIFT_A,0,35.35,35.79,0.646,0.354,7.275,2.767,2.932,1.062,5.133,4.342,0.924,3,26.73,0,0.0,7.275,0.6713,22.125,18.125
2026-09-25 10:45:00,SHIFT_A,0,35.41,35.57,0.646,0.354,7.095,2.806,3.231,1.121,4.839,4.375,0.98,3,26.38,0,0.0,7.095,0.6464,22.116,18.116
2026-09-25 11:00:00,SHIFT_A,0,35.47,36.43,0.643,0.357,7.002,2.665,3.182,1.053,5.703,4.163,0.774,3,26.11,0,0.0,7.002,0.6592,21.974,17.974
2026-09-25 11:15:00,SHIFT_A,0,35.52,39.37,0.643,0.357,7.555,3.019,3.057,1.248,5.529,4.24,0.956,3,25.78,0,0.0,7.555,0.7305,21.815,17.815
2026-09-25 11:30:00,SHIFT_A,0,31.3,30.75,0.643,0.357,6.35,2.971,3.192,1.107,5.657,4.447,0.721,3,25.47,0,0.0,6.35,0.61,21.915,17.915
2026-09-25 11:45:00,SHIFT_A,0,31.34,30.95,0.643,0.357,6.436,2.648,2.808,1.137,4.774,4.078,0.869,3,25.24,0,0.0,6.436,0.5626,22.038,18.038
2026-09-25 12:00:00,SHIFT_A,0,35.64,37.83,0.64,0.36,6.879,2.933,3.098,1.231,5.235,4.224,0.905,3,24.89,0,0.0,6.879,0.6422,21.694,17.694
2026-09-25 12:15:00,SHIFT_A,0,35.67,35.6,0.64,0.36,7.453,2.74,3.043,1.211,5.222,4.385,1.069,2,30.37,0,0.0,6.151,1.2116,21.21,17.21
2026-09-25 12:30:00,SHIFT_A,0,35.69,35.48,0.64,0.36,7.111,2.645,2.838,1.105,5.073,4.678,1.005,3,30.0,1.302,1.923,8.412,0.8287,21.868,17.868
2026-09-25 12:45:00,SHIFT_A,0,35.7,34.39,0.64,0.36,7.074,2.707,2.947,1.174,5.1,4.435,0.867,3,29.72,0,0.0,7.074,0.6593,21.967,17.967
2026-09-25 13:00:00,SHIFT_A,0,35.7,35.59,0.636,0.364,6.75,2.81,2.958,1.224,4.749,4.284,0.808,3,29.54,0,0.0,6.75,0.6013,21.783,17.783
2026-09-25 13:15:00,SHIFT_A,0,35.7,36.12,0.636,0.364,7.33,2.671,3.403,1.227,5.183,4.449,1.094,3,29.18,0,0.0,7.33,0.7055,21.836,17.836
2026-09-25 13:30:00,SHIFT_A,0,35.69,35.41,0.636,0.364,7.541,2.868,3.076,1.081,5.905,4.211,0.962,3,28.98,0,0.0,7.541,0.7432,22.065,18.065
2026-09-25 13:45:00,SHIFT_A,0,35.67,35.79,0.636,0.364,7.052,2.947,2.783,1.12,5.098,4.323,0.97,3,28.76,0,0.0,7.052,0.6536,22.013,18.013
2026-09-25 14:00:00,SHIFT_B,0,37.74,38.74,0.633,0.367,7.712,2.739,3.502,1.107,4.628,4.579,1.001,3,28.31,0,0.0,7.712,0.7026,21.995,17.995
2026-09-25 14:15:00,SHIFT_B,0,37.7,34.97,0.633,0.367,7.998,2.87,3.144,1.19,5.203,4.081,0.919,3,27.98,0,0.0,7.998,0.7377,22.497,18.497
2026-09-25 14:30:00,SHIFT_B,0,37.66,35.71,0.633,0.367,7.735,2.985,2.836,1.277,5.115,4.386,0.994,3,27.75,0,0.0,7.735,0.7368,22.794,18.794
2026-09-25 14:45:00,SHIFT_B,0,37.61,37.91,0.633,0.367,8.105,2.706,3.298,1.294,5.308,4.732,0.968,3,27.41,0,0.0,8.105,0.8271,23.056,19.056
2026-09-25 15:00:00,SHIFT_B,0,37.56,37.6,0.629,0.371,6.968,2.956,2.975,1.164,5.233,4.329,0.942,3,27.05,0,0.0,6.968,0.6546,22.78,18.78
2026-09-25 15:15:00,SHIFT_B,0,37.5,37.49,0.629,0.371,7.312,2.718,3.257,1.156,5.596,4.561,0.86,3,26.59,0,0.0,7.312,0.7167,22.687,18.687
2026-09-25 15:30:00,SHIFT_B,0,37.43,38.05,0.629,0.371,7.315,2.78,2.989,1.286,5.292,4.42,0.954,3,26.26,0,0.0,7.315,0.7039,22.54,18.54
2026-09-25 15:45:00,SHIFT_B,0,37.35,36.77,0.629,0.371,6.615,2.699,2.994,1.157,5.001,3.636,0.937,3,26.03,0,0.0,6.615,0.5716,22.17,18.17
2026-09-25 16:00:00,SHIFT_B,0,37.27,33.98,0.625,0.375,6.648,2.785,3.093,1.042,5.918,3.983,0.968,3,25.64,0,0.0,6.648,0.6375,22.096,18.096
2026-09-25 16:15:00,SHIFT_B,0,37.19,37.43,0.625,0.375,10.332,3.217,2.943,1.156,6.92,5.775,1.001,2,25.41,0,0.0,4.856,1.25,20.781,16.781
2026-09-25 16:30:00,SHIFT_B,0,37.1,37.01,0.625,0.375,9.835,2.991,2.826,1.209,7.094,5.396,1.078,2,25.19,5.477,16.842,4.878,1.25,19.519,15.519
2026-09-25 16:45:00,SHIFT_B,0,37.0,38.52,0.625,0.375,10.142,2.567,3.114,1.237,6.793,5.367,0.734,2,25.05,10.434,30.867,5.071,1.25,18.202,14.202
2026-09-25 17:00:00,SHIFT_B,0,36.9,35.74,0.621,0.379,10.771,2.9,2.969,1.166,6.687,5.906,1.082,2,24.71,15.506,47.868,4.859,1.25,17.058,13.058
2026-09-25 17:15:00,SHIFT_B,0,36.8,35.54,0.621,0.379,10.01,2.546,2.566,1.066,6.468,5.834,0.98,2,24.48,21.418,64.204,5.004,1.25,16.006,12.006
2026-09-25 17:30:00,SHIFT_B,0,36.69,34.54,0.621,0.379,10.409,2.652,3.014,1.216,6.847,5.223,0.936,2,24.29,24.0,71.4,5.042,1.25,15.074,11.074
2026-09-25 17:45:00,SHIFT_B,0,36.58,36.76,0.621,0.379,6.571,3.113,2.835,1.074,5.29,4.23,0.933,2,28.95,24.0,59.681,6.032,1.25,14.414,10.414
2026-09-25 18:00:00,SHIFT_B,0,36.47,35.3,0.617,0.383,6.826,3.06,3.183,1.182,4.56,4.202,0.947,3,28.72,24.0,37.942,9.488,1.25,15.628,11.628
2026-09-25 18:15:00,SHIFT_B,0,36.35,35.69,0.617,0.383,7.519,3.181,2.992,1.157,5.359,4.332,0.915,3,28.42,21.338,35.985,8.895,1.25,16.506,12.506
2026-09-25 18:30:00,SHIFT_B,0,36.23,37.41,0.617,0.383,7.047,2.769,3.298,1.234,5.404,3.863,1.048,3,28.0,19.963,33.151,9.033,1.25,17.282,13.282
2026-09-25 18:45:00,SHIFT_B,0,36.12,37.9,0.617,0.383,6.579,2.876,3.461,1.164,5.62,4.019,1.028,3,27.72,17.977,30.465,8.851,1.25,17.917,13.917
2026-09-25 19:00:00,SHIFT_B,0,31.68,30.41,0.613,0.387,6.685,2.808,2.687,1.193,5.521,4.443,0.864,3,27.56,15.705,26.975,8.733,1.25,19.243,15.243
2026-09-25 19:15:00,SHIFT_B,0,31.58,33.04,0.613,0.387,6.385,2.478,2.48,1.088,5.084,4.507,1.056,3,27.15,13.657,22.984,8.913,1.25,20.395,16.395
2026-09-25 19:30:00,SHIFT_B,0,35.77,38.53,0.613,0.387,6.797,3.562,2.938,1.284,4.658,4.559,0.872,3,26.94,11.129,18.243,9.151,1.25,21.118,17.118
2026-09-25 19:45:00,SHIFT_B,0,35.65,37.31,0.613,0.387,7.503,3.119,3.274,1.206,5.411,4.664,0.988,3,26.66,8.775,15.334,8.584,1.25,21.679,17.679
2026-09-25 20:00:00,SHIFT_B,0,35.53,34.49,0.609,0.391,7.125,2.906,3.105,1.16,5.285,4.052,0.875,3,26.45,7.695,12.612,9.151,1.25,22.805,18.805
2026-09-25 20:15:00,SHIFT_B,0,35.42,35.86,0.609,0.391,7.543,2.709,3.28,1.174,5.151,4.277,0.898,3,26.07,5.668,9.378,9.066,1.25,23.752,19.752
2026-09-25 20:30:00,SHIFT_B,0,35.31,35.26,0.609,0.391,7.381,3.164,2.771,0.972,4.807,4.278,0.855,3,25.69,4.145,6.123,10.156,1.1349,24.474,20.474
2026-09-25 20:45:00,SHIFT_B,0,35.2,36.15,0.609,0.391,6.973,3.113,2.947,0.947,5.475,4.286,0.966,3,25.37,1.37,1.979,8.343,0.8035,24.385,20.385
2026-09-25 21:00:00,SHIFT_B,0,35.1,35.21,0.604,0.396,7.673,2.735,2.862,1.197,5.202,4.226,0.988,3,25.12,0,0.0,7.673,0.7174,24.479,20.479
2026-09-25 21:15:00,SHIFT_B,0,35.0,35.52,0.604,0.396,7.099,2.998,3.417,1.17,5.212,4.612,0.945,3,24.91,0,0.0,7.099,0.6824,24.448,20.448
2026-09-25 21:30:00,SHIFT_B,0,34.9,36.41,0.604,0.396,7.391,2.85,2.785,1.116,4.97,4.256,1.087,3,24.76,0,0.0,7.391,0.6801,24.359,20.359
2026-09-25 21:45:00,SHIFT_B,0,34.81,36.89,0.604,0.396,7.096,3.044,3.307,1.115,5.302,4.339,1.028,3,24.62,0,0.0,7.096,0.6733,24.218,20.218
2026-09-25 22:00:00,SHIFT_C,0,27.01,26.92,0.6,0.4,5.418,2.529,3.369,1.312,5.33,3.97,0.781,3,24.27,0,0.0,5.418,0.497,24.235,20.235
2026-09-25 22:15:00,SHIFT_C,0,26.95,28.39,0.6,0.4,5.761,2.266,2.905,1.121,5.089,4.534,1.072,3,23.98,0,0.0,5.761,0.5481,24.278,20.278
2026-09-25 22:30:00,SHIFT_C,0,26.89,27.91,0.6,0.4,5.829,2.817,2.862,1.031,5.133,4.077,0.994,3,23.55,0,0.0,5.829,0.5274,24.401,20.401
2026-09-25 22:45:00,SHIFT_C,0,26.84,27.8,0.6,0.4,5.013,2.461,3.337,1.093,5.154,4.296,0.975,3,23.3,0,0.0,5.013,0.4649,24.128,20.128
2026-09-25 23:00:00,SHIFT_C,0,26.79,25.78,0.595,0.405,4.988,2.537,3.001,1.063,4.974,4.007,1.078,3,22.9,0,0.0,4.988,0.4466,24.043,20.043
2026-09-25 23:15:00,SHIFT_C,0,26.74,27.08,0.595,0.405,5.315,2.287,2.766,0.956,5.352,4.306,1.032,3,22.51,0,0.0,5.315,0.4984,23.993,19.993
2026-09-25 23:30:00,SHIFT_C,0,26.71,28.3,0.595,0.405,4.647,2.718,2.993,1.169,5.105,3.859,0.796,3,22.3,0,0.0,4.647,0.4089,23.487,19.487
2026-09-25 23:45:00,SHIFT_C,0,26.67,28.09,0.595,0.405,5.651,2.622,2.869,1.197,5.142,4.178,0.904,3,21.75,0,0.0,5.651,0.5197,23.503,19.503
2026-09-26 00:00:00,SHIFT_C,1,21.85,24.57,0.602,0.398,4.74,1.939,3.016,1.245,5.413,4.497,1.139,3,21.58,0,0.0,4.74,0.4692,23.417,19.417
2026-09-26 00:15:00,SHIFT_C,1,21.83,23.82,0.602,0.398,3.785,2.024,3.059,1.055,5.103,4.306,0.933,3,21.26,0,0.0,3.785,0.3474,22.927,18.927
2026-09-26 00:30:00,SHIFT_C,1,21.82,21.6,0.602,0.398,4.703,2.272,3.068,1.031,5.188,3.888,0.866,2,25.51,0,0.0,4.703,0.6232,23.119,19.119
2026-09-26 00:45:00,SHIFT_C,1,21.81,21.12,0.602,0.398,4.649,2.35,3.017,1.272,4.879,4.193,0.987,3,25.25,0,0.0,4.649,0.4242,23.331,19.331
2026-09-26 01:00:00,SHIFT_C,1,21.81,23.18,0.598,0.402,4.941,2.761,2.874,1.186,5.294,4.17,0.992,3,25.04,0,0.0,4.941,0.4631,23.484,19.484
2026-09-26 01:15:00,SHIFT_C,1,21.81,19.18,0.598,0.402,4.416,2.034,3.245,1.114,5.201,4.218,0.984,3,24.78,0,0.0,4.416,0.4095,23.773,19.773
2026-09-26 01:30:00,SHIFT_C,1,21.82,22.39,0.598,0.402,4.421,1.932,3.228,1.1,5.528,3.951,0.878,3,24.62,0,0.0,4.421,0.4078,23.744,19.744
2026-09-26 01:45:00,SHIFT_C,1,21.83,23.26,0.598,0.402,4.473,2.393,3.173,1.187,5.251,3.945,0.932,3,24.35,0,0.0,4.473,0.4075,23.655,19.655
2026-09-26 02:00:00,SHIFT_C,1,21.85,22.16,0.593,0.407,3.925,2.019,2.813,1.143,5.529,4.6,0.8,3,24.08,0,0.0,3.925,0.3815,23.402,19.402
2026-09-26 02:15:00,SHIFT_C,1,21.87,24.07,0.593,0.407,3.542,2.3,3.223,1.172,4.933,4.092,0.975,3,23.8,0,0.0,3.542,0.3186,22.766,18.766
2026-09-26 02:30:00,SHIFT_C,1,21.9,21.94,0.593,0.407,4.286,1.82,3.098,1.095,5.221,4.359,0.887,3,23.43,0,0.0,4.286,0.399,22.715,18.715
2026-09-26 02:45:00,SHIFT_C,1,21.93,22.06,0.593,0.407,4.582,2.103,3.192,1.137,4.94,4.529,0.978,3,23.22,0,0.0,4.582,0.4273,22.8,18.8
2026-09-26 03:00:00,SHIFT_C,1,21.97,21.38,0.588,0.412,3.369,2.045,2.55,1.194,4.962,4.916,0.94,3,22.87,0,0.0,3.369,0.3258,22.346,18.346
2026-09-26 03:15:00,SHIFT_C,1,22.01,21.03,0.588,0.412,4.688,2.115,2.94,1.101,5.463,4.28,0.858,3,22.68,0,0.0,4.688,0.4417,22.587,18.587
2026-09-26 03:30:00,SHIFT_C,1,22.05,22.08,0.588,0.412,4.535,2.384,2.691,1.248,4.631,4.507,0.912,3,22.32,0,0.0,4.535,0.4125,22.646,18.646
2026-09-26 03:45:00,SHIFT_C,1,22.1,23.09,0.588,0.412,4.794,2.093,2.961,0.948,5.385,4.284,1.058,3,22.01,0,0.0,4.794,0.4507,22.734,18.734
2026-09-26 04:00:00,SHIFT_C,1,22.15,20.71,0.583,0.417,4.815,2.381,2.69,1.036,5.211,4.398,0.951,3,21.67,0,0.0,4.815,0.4496,23.07,19.07
2026-09-26 04:15:00,SHIFT_C,1,22.2,22.8,0.583,0.417,4.309,2.316,2.747,1.075,4.789,3.936,0.975,3,21.38,0,0.0,4.309,0.3738,22.944,18.944
2026-09-26 04:30:00,SHIFT_C,1,22.26,21.73,0.583,0.417,4.214,1.978,3.044,1.128,5.511,4.823,0.888,3,20.91,0,0.0,4.214,0.419,22.878,18.878
2026-09-26 04:45:00,SHIFT_C,1,22.32,22.92,0.583,0.417,4.024,2.136,3.226,0.988,5.081,4.525,0.869,3,20.62,0,0.0,4.024,0.3714,22.598,18.598
2026-09-26 05:00:00,SHIFT_C,1,22.39,21.05,0.579,0.421,4.913,2.24,2.94,1.227,5.099,4.302,0.868,3,20.38,0,0.0,4.913,0.4547,22.95,18.95
2026-09-26 05:15:00,SHIFT_C,1,22.45,19.59,0.579,0.421,4.867,2.196,3.209,1.142,5.057,4.22,0.861,3,20.28,0,0.0,4.867,0.4421,23.425,19.425
2026-09-26 05:30:00,SHIFT_C,1,22.52,23.18,0.579,0.421,3.981,1.946,2.801,1.251,4.898,3.974,0.9,3,19.99,0,0.0,3.981,0.3533,23.097,19.097
2026-09-26 05:45:00,SHIFT_C,1,22.59,22.94,0.579,0.421,4.292,2.159,3.019,1.292,5.504,4.459,0.894,2,23.73,0,0.0,4.292,0.6298,22.949,18.949
2026-09-26 06:00:00,SHIFT_A,1,27.52,27.37,0.574,0.426,5.827,2.856,3.283,1.092,5.445,4.153,1.021,2,29.44,0,0.0,5.827,0.8572,23.125,19.125
2026-09-26 06:15:00,SHIFT_A,1,27.61,28.39,0.574,0.426,5.707,2.683,2.915,1.174,5.321,4.552,0.861,3,29.2,0,0.0,5.707,0.5472,23.14,19.14
2026-09-26 06:30:00,SHIFT_A,1,27.7,28.43,0.574,0.426,4.835,2.71,3.29,1.035,5.339,4.283,0.98,3,28.69,0,0.0,4.835,0.453,22.714,18.714
2026-09-26 06:45:00,SHIFT_A,1,27.79,26.96,0.574,0.426,6.022,2.796,2.672,1.136,5.191,4.258,0.846,3,28.27,0,0.0,6.022,0.5542,23.028,19.028
2026-09-26 07:00:00,SHIFT_A,1,27.88,25.55,0.569,0.431,4.959,2.753,2.945,1.101,5.567,4.682,0.905,3,27.91,0,0.0,4.959,0.4892,22.953,18.953
2026-09-26 07:15:00,SHIFT_A,1,27.97,27.74,0.569,0.431,5.628,2.42,3.24,1.188,5.202,4.417,0.896,3,27.49,0,0.0,5.628,0.5303,22.993,18.993
2026-09-26 07:30:00,SHIFT_A,1,28.06,29.09,0.569,0.431,6.039,2.567,2.739,1.329,4.937,4.35,1.008,3,26.99,0,0.0,6.039,0.5651,23.103,19.103
2026-09-26 07:45:00,SHIFT_A,1,28.15,28.57,0.569,0.431,5.664,2.816,3.135,1.158,5.299,4.109,0.94,3,26.67,0,0.0,5.664,0.5247,23.078,19.078
2026-09-26 08:00:00,SHIFT_A,1,28.24,28.67,0.564,0.436,5.276,2.722,3.391,1.105,5.25,3.976,1.021,3,26.26,0,0.0,5.276,0.4822,22.849,18.849
2026-09-26 08:15:00,SHIFT_A,1,28.33,29.08,0.564,0.436,5.381,2.516,3.122,1.287,5.243,4.367,0.759,3,25.85,0,0.0,5.381,0.5049,22.632,18.632
2026-09-26 08:30:00,SHIFT_A,1,28.41,25.65,0.564,0.436,6.529,2.651,2.996,1.268,4.874,3.942,1.017,3,25.56,0,0.0,6.529,0.5835,23.331,19.331
2026-09-26 08:45:00,SHIFT_A,1,28.5,28.48,0.564,0.436,5.745,2.621,3.224,1.06,5.03,4.406,0.848,3,25.26,0,0.0,5.745,0.5247,23.356,19.356
2026-09-26 09:00:00,SHIFT_A,1,28.58,31.21,0.559,0.441,5.096,2.428,2.84,1.07,5.69,4.181,0.95,3,24.96,0,0.0,5.096,0.4879,22.783,18.783
2026-09-26 09:15:00,SHIFT_A,1,28.65,29.87,0.559,0.441,5.129,2.562,2.713,1.083,5.659,4.536,0.937,3,24.73,0,0.0,5.129,0.5044,22.36,18.36
2026-09-26 09:30:00,SHIFT_A,1,28.73,29.96,0.559,0.441,5.668,2.859,3.186,0.992,4.933,4.557,0.972,3,24.37,0,0.0,5.668,0.5227,22.198,18.198
2026-09-26 09:45:00,SHIFT_A,1,28.8,27.04,0.559,0.441,5.122,2.541,2.862,1.157,5.543,3.833,1.003,3,24.03,0,0.0,5.122,0.4757,22.055,18.055
2026-09-26 10:00:00,SHIFT_A,1,28.87,29.83,0.554,0.446,6.004,2.503,2.946,1.04,5.416,4.448,0.98,2,23.79,0,0.0,6.004,0.908,22.074,18.074
2026-09-26 10:15:00,SHIFT_A,1,28.93,28.25,0.554,0.446,5.459,2.374,2.785,1.07,5.032,4.318,1.06,2,23.63,0,0.0,5.459,0.7677,21.978,17.978
2026-09-26 10:30:00,SHIFT_A,1,28.99,29.37,0.554,0.446,5.595,2.473,3.188,1.249,5.201,4.228,0.848,2,23.38,0,0.0,5.595,0.7967,21.838,17.838
2026-09-26 10:45:00,SHIFT_A,1,29.04,28.96,0.554,0.446,5.835,2.518,3.029,1.276,5.6,4.339,1.087,3,22.99,0,0.0,5.835,0.578,21.859,17.859
2026-09-26 11:00:00,SHIFT_A,1,29.09,28.53,0.549,0.451,6.37,2.219,3.282,1.214,5.492,4.201,1.027,2,27.75,0,0.0,6.37,0.9865,22.191,18.191
2026-09-26 11:15:00,SHIFT_A,1,29.13,26.58,0.549,0.451,5.593,2.487,3.325,1.257,5.047,4.014,0.868,3,27.4,0,0.0,5.593,0.5037,22.33,18.33
2026-09-26 11:30:00,SHIFT_A,1,25.67,27.08,0.549,0.451,5.013,2.481,2.642,0.933,5.072,4.57,0.949,3,27.07,0,0.0,5.013,0.4651,22.129,18.129
2026-09-26 11:45:00,SHIFT_A,1,25.7,24.76,0.549,0.451,4.386,2.564,2.986,1.243,5.274,4.604,0.904,3,26.69,0,0.0,4.386,0.4247,21.846,17.846
2026-09-26 12:00:00,SHIFT_A,1,29.23,27.78,0.544,0.456,6.376,2.548,2.689,1.074,4.965,4.327,1.021,3,26.45,0,0.0,6.376,0.5847,22.256,18.256
2026-09-26 12:15:00,SHIFT_A,1,29.25,30.83,0.544,0.456,4.77,2.759,3.096,1.066,5.053,4.002,0.898,3,26.23,0,0.0,4.77,0.4231,21.558,17.558
2026-09-26 12:30:00,SHIFT_A,1,29.26,30.64,0.544,0.456,5.742,2.307,2.948,1.353,5.358,4.538,0.828,3,26.05,0,0.0,5.742,0.5583,21.365,17.365
2026-09-26 12:45:00,SHIFT_A,1,29.27,29.33,0.544,0.456,5.763,2.143,2.945,0.887,5.565,4.394,0.843,3,25.74,0,0.0,5.763,0.5424,21.313,17.313
2026-09-26 13:00:00,SHIFT_A,1,29.27,30.0,0.539,0.461,5.983,2.561,3.285,1.101,5.292,3.82,1.067,3,25.25,0,0.0,5.983,0.5434,21.305,17.305
2026-09-26 13:15:00,SHIFT_A,1,29.27,30.44,0.539,0.461,5.613,2.421,2.951,1.137,5.198,4.585,0.905,3,25.0,0,0.0,5.613,0.5344,21.067,17.067
2026-09-26 13:30:00,SHIFT_A,1,29.26,29.18,0.539,0.461,5.657,2.151,3.214,1.209,5.189,4.447,0.953,3,24.67,0,0.0,5.657,0.5373,20.977,16.977
2026-09-26 13:45:00,SHIFT_A,1,29.25,30.43,0.539,0.461,6.452,2.14,2.951,1.041,5.058,4.492,0.944,3,24.31,0,0.0,6.452,0.5993,21.16,17.16
2026-09-26 14:00:00,SHIFT_B,1,30.95,32.92,0.534,0.466,6.007,2.484,3.38,1.189,5.25,4.421,0.978,3,23.95,0,0.0,6.007,0.5726,20.871,16.871
2026-09-26 14:15:00,SHIFT_B,1,30.92,32.92,0.534,0.466,6.113,2.082,2.848,1.253,4.636,4.468,1.135,3,23.57,0,0.0,6.113,0.5657,20.636,16.636
2026-09-26 14:30:00,SHIFT_B,1,30.88,26.29,0.534,0.466,5.971,2.036,3.025,1.01,5.495,4.807,0.852,3,23.37,0,0.0,5.971,0.5849,20.994,16.994
2026-09-26 14:45:00,SHIFT_B,1,30.84,32.98,0.534,0.466,6.108,2.236,2.762,0.989,5.579,4.472,0.926,3,22.94,0,0.0,6.108,0.5884,20.75,16.75
2026-09-26 15:00:00,SHIFT_B,1,30.8,29.39,0.529,0.471,6.336,2.412,2.678,1.288,5.227,3.889,1.001,3,22.54,0,0.0,6.336,0.5818,20.979,16.979
2026-09-26 15:15:00,SHIFT_B,1,30.75,30.86,0.529,0.471,6.075,2.533,2.786,1.305,5.193,4.003,0.907,2,28.21,0,0.0,6.075,0.8758,20.93,16.93
2026-09-26 15:30:00,SHIFT_B,1,30.69,32.77,0.529,0.471,6.29,2.985,2.933,1.016,5.686,4.176,0.978,3,27.87,0,0.0,6.29,0.6005,20.799,16.799
2026-09-26 15:45:00,SHIFT_B,1,30.63,33.11,0.529,0.471,6.385,2.009,2.958,1.243,4.903,4.14,0.996,3,27.6,0,0.0,6.385,0.58,20.681,16.681
2026-09-26 16:00:00,SHIFT_B,1,30.56,31.76,0.524,0.476,6.497,2.514,2.841,1.383,5.534,4.159,0.982,3,27.23,0,0.0,6.497,0.6308,20.754,16.754
2026-09-26 16:15:00,SHIFT_B,1,30.49,29.34,0.524,0.476,6.699,2.442,3.217,1.185,5.251,4.006,0.895,3,26.79,0,0.0,6.699,0.6115,21.17,17.17
2026-09-26 16:30:00,SHIFT_B,1,30.42,30.92,0.524,0.476,6.78,2.468,3.141,1.174,5.22,4.397,1.026,3,26.64,0,0.0,6.78,0.6451,21.468,17.468
2026-09-26 16:45:00,SHIFT_B,1,30.34,30.34,0.524,0.476,6.451,2.393,3.496,1.124,5.224,4.183,0.893,3,26.35,0,0.0,6.451,0.5934,21.66,17.66
2026-09-26 17:00:00,SHIFT_B,1,30.26,30.01,0.519,0.481,5.891,2.325,3.053,1.136,5.39,4.498,0.988,3,25.97,0,0.0,5.891,0.5697,21.604,17.604
2026-09-26 17:15:00,SHIFT_B,1,30.17,30.98,0.519,0.481,6.304,2.223,3.179,1.184,4.935,4.109,0.957,3,25.65,0,0.0,6.304,0.5677,21.658,17.658
2026-09-26 17:30:00,SHIFT_B,1,30.08,27.93,0.519,0.481,5.735,2.709,3.181,1.09,5.39,3.996,1.04,2,29.64,0,0.0,5.735,0.8219,21.733,17.733
2026-09-26 17:45:00,SHIFT_B,1,29.99,28.49,0.519,0.481,6.243,2.297,3.52,1.097,5.384,4.045,1.1,3,29.31,0,0.0,6.243,0.5845,22.005,18.005
2026-09-26 18:00:00,SHIFT_B,1,29.9,30.55,0.514,0.486,5.984,2.098,2.936,1.084,5.086,4.316,0.86,3,29.14,0,0.0,5.984,0.5466,21.942,17.942
2026-09-26 18:15:00,SHIFT_B,1,29.81,29.52,0.514,0.486,6.09,2.269,3.543,1.188,5.287,4.162,0.859,3,28.88,0,0.0,6.09,0.5637,22.035,18.035
2026-09-26 18:30:00,SHIFT_B,1,29.71,29.34,0.514,0.486,5.508,2.367,2.935,1.171,5.582,4.302,0.88,3,28.51,0,0.0,5.508,0.5293,21.855,17.855
2026-09-26 18:45:00,SHIFT_B,1,29.62,30.45,0.514,0.486,6.093,2.451,2.924,1.309,5.33,4.303,0.915,3,28.03,0,0.0,6.093,0.5817,21.856,17.856
2026-09-26 19:00:00,SHIFT_B,1,25.98,23.2,0.51,0.49,5.398,2.483,2.925,1.114,5.079,4.166,0.9,3,27.76,0,0.0,5.398,0.4894,22.235,18.235
2026-09-26 19:15:00,SHIFT_B,1,25.89,24.83,0.51,0.49,4.52,2.709,2.89,1.094,4.969,4.14,0.876,3,27.55,0,0.0,4.52,0.4032,22.012,18.012
2026-09-26 19:30:00,SHIFT_B,1,29.33,29.75,0.51,0.49,5.288,2.563,3.067,1.34,5.769,3.999,0.905,3,27.29,0,0.0,5.288,0.5115,21.682,17.682
2026-09-26 19:45:00,SHIFT_B,1,29.23,29.53,0.51,0.49,6.09,2.777,3.183,1.311,4.963,4.476,1.051,3,27.14,0,0.0,6.09,0.5787,21.774,17.774
2026-09-26 20:00:00,SHIFT_B,1,29.14,29.04,0.505,0.495,6.855,2.457,2.64,1.14,5.249,4.229,0.955,3,26.85,0,0.0,6.855,0.6387,22.297,18.297
2026-09-26 20:15:00,SHIFT_B,1,29.05,28.62,0.505,0.495,5.747,2.635,3.021,1.129,5.115,4.237,1.004,3,26.59,0,0.0,5.747,0.5314,22.309,18.309
2026-09-26 20:30:00,SHIFT_B,1,28.96,31.31,0.505,0.495,5.123,2.329,2.998,1.224,5.325,4.671,0.866,3,26.33,0,0.0,5.123,0.4985,21.74,17.74
2026-09-26 20:45:00,SHIFT_B,1,28.87,29.65,0.505,0.495,5.625,2.586,2.994,1.061,5.039,4.71,1.011,3,25.87,0,0.0,5.625,0.5354,21.587,17.587
2026-09-26 21:00:00,SHIFT_B,1,28.78,27.65,0.5,0.5,5.771,2.742,3.217,1.233,4.818,3.806,0.999,3,25.41,0,0.0,5.771,0.5044,21.708,17.708
2026-09-26 21:15:00,SHIFT_B,1,28.7,26.78,0.5,0.5,5.778,2.846,3.249,1.115,5.416,4.299,1.013,3,25.22,0,0.0,5.778,0.5509,21.919,17.919
2026-09-26 21:30:00,SHIFT_B,1,28.62,27.32,0.5,0.5,5.626,2.783,3.065,1.194,5.309,4.359,0.976,3,25.0,0,0.0,5.626,0.5362,21.999,17.999
2026-09-26 21:45:00,SHIFT_B,1,28.55,29.4,0.5,0.5,5.464,2.289,3.402,1.226,5.542,3.912,0.868,3,24.84,0,0.0,5.464,0.5081,21.792,17.792
2026-09-26 22:00:00,SHIFT_C,1,22.15,21.56,0.496,0.504,4.585,2.198,3.492,1.215,5.231,4.092,1.047,3,24.59,0,0.0,4.585,0.4277,21.928,17.928
2026-09-26 22:15:00,SHIFT_C,1,22.1,22.08,0.496,0.504,3.847,2.06,3.145,1.185,5.544,4.013,0.876,3,24.28,0,0.0,3.847,0.3599,21.643,17.643
2026-09-26 22:30:00,SHIFT_C,1,22.05,21.28,0.496,0.504,4.582,1.995,2.862,1.465,5.084,4.313,0.986,3,23.88,0,0.0,4.582,0.4371,21.806,17.806
2026-09-26 22:45:00,SHIFT_C,1,22.01,23.36,0.496,0.504,4.367,2.265,2.322,1.083,5.298,4.699,1.023,3,23.61,0,0.0,4.367,0.4256,21.653,17.653
2026-09-26 23:00:00,SHIFT_C,1,21.97,23.14,0.491,0.509,4.042,2.413,2.891,1.205,5.222,4.211,0.822,3,23.36,0,0.0,4.042,0.373,21.361,17.361
2026-09-26 23:15:00,SHIFT_C,1,21.93,22.16,0.491,0.509,4.413,2.127,3.112,1.03,4.677,4.502,1.112,3,23.03,0,0.0,4.413,0.4022,21.351,17.351
2026-09-26 23:30:00,SHIFT_C,1,21.9,21.26,0.491,0.509,5.015,2.006,2.725,1.126,5.522,4.559,0.767,3,22.67,0,0.0,5.015,0.4835,21.733,17.733
2026-09-26 23:45:00,SHIFT_C,1,21.87,20.49,0.491,0.509,3.859,2.09,3.12,0.971,4.755,3.983,0.949,3,22.29,0,0.0,3.859,0.3312,21.614,17.614
2026-09-27 00:00:00,SHIFT_C,1,21.85,21.93,0.498,0.502,4.841,2.257,2.932,1.018,5.101,4.326,0.901,3,21.79,0,0.0,4.841,0.4423,21.841,17.841
2026-09-27 00:15:00,SHIFT_C,1,21.83,22.96,0.498,0.502,4.934,2.154,2.736,1.147,5.027,4.179,0.968,3,21.62,0,0.0,4.934,0.4497,22.012,18.012
2026-09-27 00:30:00,SHIFT_C,1,21.82,22.49,0.498,0.502,4.683,2.394,3.075,0.952,4.504,4.072,0.972,3,21.19,0,0.0,4.683,0.3959,22.104,18.104
2026-09-27 00:45:00,SHIFT_C,1,21.81,22.95,0.498,0.502,4.022,1.795,2.902,1.217,4.927,4.31,0.962,3,20.88,0,0.0,4.022,0.3697,21.82,17.82
2026-09-27 01:00:00,SHIFT_C,1,21.81,22.57,0.493,0.507,4.911,2.307,3.012,1.16,5.698,4.101,0.814,3,20.69,0,0.0,4.911,0.4655,22.018,18.018
2026-09-27 01:15:00,SHIFT_C,1,21.81,22.24,0.493,0.507,4.805,1.959,2.749,1.148,5.387,4.37,1.027,3,20.31,0,0.0,4.805,0.4616,22.197,18.197
2026-09-27 01:30:00,SHIFT_C,1,21.82,20.6,0.493,0.507,4.449,2.264,3.111,1.193,5.25,4.124,1.064,2,25.46,0,0.0,4.449,0.6249,22.361,18.361
2026-09-27 01:45:00,SHIFT_C,1,21.83,21.88,0.493,0.507,4.792,2.257,2.786,1.205,4.988,4.402,1.001,3,24.92,0,0.0,4.792,0.4474,22.569,18.569
2026-09-27 02:00:00,SHIFT_C,1,21.85,23.36,0.489,0.511,4.214,2.43,3.064,1.141,5.308,4.627,0.951,3,24.58,0,0.0,4.214,0.4081,22.341,18.341
2026-09-27 02:15:00,SHIFT_C,1,21.87,21.85,0.489,0.511,4.05,2.614,2.874,1.221,5.685,4.314,0.848,3,24.4,0,0.0,4.05,0.3935,22.181,18.181
2026-09-27 02:30:00,SHIFT_C,1,21.9,22.48,0.489,0.511,4.346,2.161,2.723,1.196,5.31,4.498,0.811,3,23.91,0,0.0,4.346,0.4134,22.106,18.106
2026-09-27 02:45:00,SHIFT_C,1,21.93,21.68,0.489,0.511,4.635,2.298,2.873,0.996,5.133,4.18,1.022,3,23.47,0,0.0,4.635,0.4229,22.255,18.255
2026-09-27 03:00:00,SHIFT_C,1,21.97,23.03,0.485,0.515,4.04,2.299,2.989,1.22,5.164,4.689,0.949,3,23.2,0,0.0,4.04,0.391,21.973,17.973
2026-09-27 03:15:00,SHIFT_C,1,22.01,20.62,0.485,0.515,3.998,2.356,2.722,1.306,4.954,4.076,0.93,3,22.99,0,0.0,3.998,0.3626,21.909,17.909
2026-09-27 03:30:00,SHIFT_C,1,22.05,22.99,0.485,0.515,4.534,2.097,2.745,1.189,5.19,3.896,0.94,3,22.72,0,0.0,4.534,0.4094,21.877,17.877
2026-09-27 03:45:00,SHIFT_C,1,22.1,20.23,0.485,0.515,4.415,2.112,2.775,1.05,5.368,4.131,0.82,2,27.27,0,0.0,4.415,0.6062,22.062,18.062
2026-09-27 04:00:00,SHIFT_C,1,22.15,22.91,0.481,0.519,4.326,2.255,3.152,1.071,5.308,4.08,0.98,3,26.94,0,0.0,4.326,0.3985,21.934,17.934
2026-09-27 04:15:00,SHIFT_C,1,22.2,20.99,0.481,0.519,5.371,2.552,2.743,1.154,5.773,4.371,0.754,3,26.52,0,0.0,5.371,0.5212,22.521,18.521
2026-09-27 04:30:00,SHIFT_C,1,22.26,23.92,0.481,0.519,4.301,2.62,2.973,1.18,5.607,4.433,0.936,3,26.17,0,0.0,4.301,0.421,22.279,18.279
2026-09-27 04:45:00,SHIFT_C,1,22.32,20.81,0.481,0.519,4.839,2.338,2.84,1.121,5.226,4.242,0.918,3,25.82,0,0.0,4.839,0.4483,22.617,18.617
2026-09-27 05:00:00,SHIFT_C,1,22.39,24.46,0.477,0.523,4.967,2.477,3.21,1.285,5.097,4.015,0.927,2,30.61,0,0.0,4.967,0.6793,22.655,18.655
2026-09-27 05:15:00,SHIFT_C,1,22.45,22.02,0.477,0.523,4.695,1.977,2.965,1.13,5.716,3.965,0.966,3,30.36,0,0.0,4.695,0.4452,22.8,18.8
2026-09-27 05:30:00,SHIFT_C,1,22.52,22.24,0.477,0.523,4.626,2.194,3.099,1.197,4.881,4.003,0.944,3,30.08,0,0.0,4.626,0.4106,22.889,18.889
2026-09-27 05:45:00,SHIFT_C,1,22.59,24.35,0.477,0.523,4.288,1.941,2.921,1.105,5.236,4.551,0.802,3,29.63,0,0.0,4.288,0.4037,22.598,18.598
2026-09-27 06:00:00,SHIFT_A,1,27.52,27.79,0.473,0.527,5.401,2.492,3.417,1.096,5.289,4.035,0.941,3,29.33,0,0.0,5.401,0.4941,22.52,18.52
2026-09-27 06:15:00,SHIFT_A,1,27.61,28.15,0.473,0.527,5.705,2.648,2.978,1.136,5.48,4.299,1.226,3,28.94,0,0.0,5.705,0.5577,22.558,18.558
2026-09-27 06:30:00,SHIFT_A,1,27.7,28.33,0.473,0.527,5.164,2.39,3.167,1.259,4.663,4.289,1.047,3,28.64,0,0.0,5.164,0.4681,22.307,18.307
2026-09-27 06:45:00,SHIFT_A,1,27.79,27.89,0.473,0.527,5.282,2.696,3.047,1.175,5.63,3.953,1.006,3,28.41,0,0.0,5.282,0.5003,22.158,18.158
2026-09-27 07:00:00,SHIFT_A,1,27.88,25.49,0.469,0.531,5.11,2.558,2.914,1.1,5.236,4.446,0.956,3,28.17,0,0.0,5.11,0.483,22.164,18.164
2026-09-27 07:15:00,SHIFT_A,1,27.97,27.65,0.469,0.531,6.266,2.83,2.871,1.229,4.942,4.527,1.0,3,27.76,0,0.0,6.266,0.5902,22.533,18.533
2026-09-27 07:30:00,SHIFT_A,1,28.06,28.55,0.469,0.531,5.15,2.587,3.316,1.191,4.865,4.495,1.017,3,27.37,0,0.0,5.15,0.4797,22.253,18.253
2026-09-27 07:45:00,SHIFT_A,1,28.15,27.6,0.469,0.531,5.345,2.313,3.071,1.011,5.135,3.82,0.93,3,27.05,0,0.0,5.345,0.4689,22.165,18.165
2026-09-27 08:00:00,SHIFT_A,1,28.24,29.79,0.465,0.535,5.552,2.712,2.809,1.025,5.669,4.356,1.112,3,26.59,0,0.0,5.552,0.5436,21.962,17.962
2026-09-27 08:15:00,SHIFT_A,1,28.33,26.83,0.465,0.535,5.584,2.683,3.106,1.077,5.19,4.316,0.93,3,26.32,0,0.0,5.584,0.5176,22.072,18.072
2026-09-27 08:30:00,SHIFT_A,1,28.41,28.59,0.465,0.535,5.675,2.641,2.758,1.289,4.82,4.284,0.859,3,26.05,0,0.0,5.675,0.5142,22.05,18.05
2026-09-27 08:45:00,SHIFT_A,1,28.5,27.91,0.465,0.535,5.577,2.465,3.224,1.214,4.983,4.814,1.058,3,25.72,0,0.0,5.577,0.5419,22.047,18.047
2026-09-27 09:00:00,SHIFT_A,1,28.58,28.15,0.462,0.538,5.39,2.517,3.083,1.135,4.894,4.164,0.937,3,25.33,0,0.0,5.39,0.483,21.927,17.927
2026-09-27 09:15:00,SHIFT_A,1,28.65,28.83,0.462,0.538,5.862,2.537,3.05,1.066,4.935,4.303,0.875,3,24.99,0,0.0,5.862,0.5277,21.975,17.975
2026-09-27 09:30:00,SHIFT_A,1,28.73,29.36,0.462,0.538,6.254,2.657,2.656,1.191,6.046,3.966,1.005,3,24.72,0,0.0,6.254,0.6147,22.166,18.166
2026-09-27 09:45:00,SHIFT_A,1,28.8,31.94,0.462,0.538,5.49,2.42,3.173,1.286,5.026,4.377,0.96,3,24.27,0,0.0,5.49,0.5149,21.717,17.717
2026-09-27 10:00:00,SHIFT_A,1,28.87,30.29,0.459,0.541,5.373,2.71,3.151,0.973,5.186,4.461,0.958,3,23.96,0,0.0,5.373,0.5008,21.374,17.374
2026-09-27 10:15:00,SHIFT_A,1,28.93,28.9,0.459,0.541,6.064,2.3,3.35,1.209,4.906,4.419,0.828,3,23.67,0,0.0,6.064,0.5548,21.517,17.517
2026-09-27 10:30:00,SHIFT_A,1,28.99,30.41,0.459,0.541,6.035,2.368,3.461,1.028,5.013,4.006,1.079,3,23.25,0,0.0,6.035,0.5406,21.492,17.492
2026-09-27 10:45:00,SHIFT_A,1,29.04,29.32,0.459,0.541,5.871,2.68,3.069,1.022,5.424,4.351,1.037,3,23.09,0,0.0,5.871,0.5594,21.496,17.496
2026-09-27 11:00:00,SHIFT_A,1,29.09,27.16,0.455,0.545,5.661,2.708,3.134,0.972,5.523,4.234,0.936,3,22.81,0,0.0,5.661,0.5316,21.61,17.61
2026-09-27 11:15:00,SHIFT_A,1,29.13,28.8,0.455,0.545,5.685,2.614,3.018,1.207,5.56,3.98,1.004,3,22.53,0,0.0,5.685,0.5379,21.573,17.573
2026-09-27 11:30:00,SHIFT_A,1,25.67,25.36,0.455,0.545,5.523,2.067,3.623,1.158,5.418,4.327,0.998,3,22.29,0,0.0,5.523,0.5292,21.798,17.798
2026-09-27 11:45:00,SHIFT_A,1,25.7,27.13,0.455,0.545,5.651,2.388,2.787,1.118,5.104,4.155,0.936,3,22.04,0,0.0,5.651,0.5148,21.911,17.911
2026-09-27 12:00:00,SHIFT_A,1,29.23,29.6,0.452,0.548,6.401,3.055,3.037,1.068,4.902,4.242,0.776,3,21.56,0,0.0,6.401,0.5663,22.151,18.151
2026-09-27 12:15:00,SHIFT_A,1,29.25,28.73,0.452,0.548,6.624,2.399,3.152,1.293,5.19,4.471,0.962,3,21.17,0,0.0,6.624,0.6355,22.59,18.59
2026-09-27 12:30:00,SHIFT_A,1,29.26,29.89,0.452,0.548,5.486,2.391,3.377,1.132,5.202,4.492,1.161,3,20.88,0,0.0,5.486,0.5295,22.344,18.344
2026-09-27 12:45:00,SHIFT_A,1,29.27,30.95,0.452,0.548,5.655,2.303,3.059,1.148,5.488,4.766,0.921,3,20.56,0,0.0,5.655,0.5611,22.076,18.076
2026-09-27 13:00:00,SHIFT_A,1,29.27,33.15,0.45,0.55,5.832,2.604,2.918,1.147,5.029,4.531,0.929,3,20.2,0,0.0,5.832,0.5464,21.677,17.677
2026-09-27 13:15:00,SHIFT_A,1,29.27,29.16,0.45,0.55,5.962,2.505,3.211,1.198,4.772,4.474,1.041,3,19.84,0,0.0,5.962,0.5514,21.742,17.742
2026-09-27 13:30:00,SHIFT_A,1,29.26,27.72,0.45,0.55,6.297,1.98,2.748,1.094,5.13,4.099,0.948,3,19.58,0,0.0,6.297,0.5714,22.118,18.118
2026-09-27 13:45:00,SHIFT_A,1,29.25,30.35,0.45,0.55,6.011,2.714,2.702,1.133,5.265,3.933,0.978,2,23.79,0,0.0,6.011,0.8539,22.088,18.088
2026-09-27 14:00:00,SHIFT_B,1,30.95,31.74,0.447,0.553,5.944,2.39,3.205,1.142,5.059,4.726,0.821,3,23.57,0,0.0,5.944,0.5622,21.886,17.886
2026-09-27 14:15:00,SHIFT_B,1,30.92,32.33,0.447,0.553,6.476,2.476,2.602,1.008,5.237,4.117,0.956,3,23.15,0,0.0,6.476,0.5902,21.891,17.891
2026-09-27 14:30:00,SHIFT_B,1,30.88,32.33,0.447,0.553,5.777,2.272,3.06,0.986,5.431,4.573,1.011,3,22.79,0,0.0,5.777,0.5582,21.547,17.547
2026-09-27 14:45:00,SHIFT_B,1,30.84,31.94,0.447,0.553,5.962,2.332,2.906,1.121,5.402,4.208,0.992,2,26.86,0,0.0,5.962,0.8844,21.334,17.334
2026-09-27 15:00:00,SHIFT_B,1,30.8,32.37,0.445,0.555,5.734,2.353,2.609,1.199,5.648,4.296,0.995,3,26.41,0,0.0,5.734,0.5603,20.964,16.964
2026-09-27 15:15:00,SHIFT_B,1,30.75,34.78,0.445,0.555,6.393,2.192,3.156,1.271,5.373,4.299,0.934,3,26.02,0,0.0,6.393,0.6113,20.683,16.683
2026-09-27 15:30:00,SHIFT_B,1,30.69,32.09,0.445,0.555,9.06,2.526,2.991,0.991,4.996,4.464,1.042,3,25.71,0,0.0,9.06,0.8774,22.004,18.004
2026-09-27 15:45:00,SHIFT_B,1,30.63,29.5,0.445,0.555,8.26,2.42,3.175,1.156,4.672,4.465,1.111,3,25.22,0,0.0,8.26,0.7699,23.184,19.184
2026-09-27 16:00:00,SHIFT_B,1,30.56,31.51,0.442,0.558,6.417,2.228,3.059,1.127,5.689,4.515,0.982,3,24.99,0,0.0,6.417,0.6362,23.241,19.241
2026-09-27 16:15:00,SHIFT_B,1,30.49,30.8,0.442,0.558,6.441,2.281,3.174,1.13,5.32,3.891,0.977,3,24.8,0,0.0,6.441,0.5869,23.382,19.382
2026-09-27 16:30:00,SHIFT_B,1,30.42,28.48,0.442,0.558,6.263,2.342,3.009,1.097,5.503,4.621,0.928,3,24.62,0,0.0,6.263,0.6126,23.665,19.665
2026-09-27 16:45:00,SHIFT_B,1,30.34,30.77,0.442,0.558,6.237,2.458,3.011,1.042,5.349,4.356,0.877,3,24.28,0,0.0,6.237,0.5837,23.707,19.707
2026-09-27 17:00:00,SHIFT_B,1,30.26,28.76,0.44,0.56,5.92,2.122,3.164,1.306,4.863,4.318,0.96,2,28.35,0,0.0,5.92,0.8502,23.791,19.791
2026-09-27 17:15:00,SHIFT_B,1,30.17,30.16,0.44,0.56,5.628,2.211,3.149,1.021,5.289,4.596,1.002,3,28.09,0,0.0,5.628,0.5396,23.589,19.589
2026-09-27 17:30:00,SHIFT_B,1,30.08,30.38,0.44,0.56,6.193,2.213,2.849,1.054,5.058,4.62,0.822,3,27.77,0,0.0,6.193,0.5761,23.647,19.647
2026-09-27 17:45:00,SHIFT_B,1,29.99,30.28,0.44,0.56,6.29,2.465,2.991,0.964,5.887,4.215,0.803,3,27.46,0,0.0,6.29,0.6011,23.764,19.764
2026-09-27 18:00:00,SHIFT_B,1,29.9,32.6,0.438,0.562,5.354,2.701,3.378,1.145,4.867,4.388,0.949,3,27.26,0,0.0,5.354,0.4892,23.181,19.181
2026-09-27 18:15:00,SHIFT_B,1,29.81,29.43,0.438,0.562,5.893,2.418,3.161,1.121,5.299,3.632,0.836,3,26.87,0,0.0,5.893,0.5166,23.185,19.185
2026-09-27 18:30:00,SHIFT_B,1,29.71,32.39,0.438,0.562,5.79,2.097,2.629,1.17,4.947,4.406,0.924,3,26.66,0,0.0,5.79,0.5337,22.841,18.841
2026-09-27 18:45:00,SHIFT_B,1,29.62,28.17,0.438,0.562,5.788,2.281,3.026,1.026,4.968,4.619,0.834,3,26.25,0,0.0,5.788,0.5335,22.918,18.918
2026-09-27 19:00:00,SHIFT_B,1,25.98,25.8,0.436,0.564,4.994,2.248,2.979,0.995,5.261,4.241,0.968,3,25.92,0,0.0,4.994,0.461,22.835,18.835
2026-09-27 19:15:00,SHIFT_B,1,25.89,25.54,0.436,0.564,5.48,2.401,2.984,1.333,5.183,4.37,0.85,3,25.7,0,0.0,5.48,0.5179,23.021,19.021
2026-09-27 19:30:00,SHIFT_B,1,29.33,30.2,0.436,0.564,5.926,2.831,2.825,1.085,5.298,4.589,0.969,3,25.44,0,0.0,5.926,0.5698,22.964,18.964
2026-09-27 19:45:00,SHIFT_B,1,29.23,28.25,0.436,0.564,4.906,2.403,3.293,1.105,5.484,4.453,1.016,3,25.1,0,0.0,4.906,0.4762,22.591,18.591
2026-09-27 20:00:00,SHIFT_B,1,29.14,30.28,0.435,0.565,5.307,2.315,3.081,1.118,4.942,4.152,0.935,3,24.93,0,0.0,5.307,0.4763,22.217,18.217
2026-09-27 20:15:00,SHIFT_B,1,29.05,30.72,0.435,0.565,5.516,2.561,2.68,1.08,5.205,4.122,0.996,3,24.66,0,0.0,5.516,0.5064,21.902,17.902
2026-09-27 20:30:00,SHIFT_B,1,28.96,29.28,0.435,0.565,6.074,2.295,2.942,1.045,5.055,4.537,1.044,3,24.22,0,0.0,6.074,0.5712,22.011,18.011
2026-09-27 20:45:00,SHIFT_B,1,28.87,29.57,0.435,0.565,6.354,2.548,2.917,1.254,5.246,4.023,0.911,3,24.07,0,0.0,6.354,0.5849,22.231,18.231
2026-09-27 21:00:00,SHIFT_B,1,28.78,28.72,0.434,0.566,5.889,2.801,2.95,1.249,5.189,3.795,0.77,3,23.58,0,0.0,5.889,0.5217,22.303,18.303
2026-09-27 21:15:00,SHIFT_B,1,28.7,29.29,0.434,0.566,5.099,2.539,3.031,1.021,4.696,4.459,0.937,3,23.41,0,0.0,5.099,0.4563,21.924,17.924
2026-09-27 21:30:00,SHIFT_B,1,28.62,28.66,0.434,0.566,6.072,2.64,3.102,1.17,5.354,4.55,0.981,3,23.12,0,0.0,6.072,0.5894,22.094,18.094
2026-09-27 21:45:00,SHIFT_B,1,28.55,27.87,0.434,0.566,5.475,2.76,2.736,1.132,5.419,4.047,0.88,3,22.66,0,0.0,5.475,0.506,22.045,18.045
2026-09-27 22:00:00,SHIFT_C,1,22.15,22.78,0.433,0.567,4.454,1.993,3.414,1.123,4.592,4.51,1.053,2,22.58,0,0.0,4.454,0.6066,21.994,17.994
2026-09-27 22:15:00,SHIFT_C,1,22.1,23.48,0.433,0.567,4.193,2.264,2.892,1.358,5.535,4.531,0.845,3,22.3,0,0.0,4.193,0.4143,21.742,17.742
2026-09-27 22:30:00,SHIFT_C,1,22.05,18.7,0.433,0.567,4.125,2.296,3.298,1.115,5.237,4.186,1.056,3,21.87,0,0.0,4.125,0.3851,21.935,17.935
2026-09-27 22:45:00,SHIFT_C,1,22.01,19.89,0.433,0.567,5.14,2.808,2.803,1.147,5.312,4.555,0.853,3,21.62,0,0.0,5.14,0.4911,22.516,18.516
2026-09-27 23:00:00,SHIFT_C,1,21.97,21.04,0.432,0.568,3.807,2.071,3.394,1.056,5.336,4.41,0.886,3,21.48,0,0.0,3.807,0.3582,22.315,18.315
2026-09-27 23:15:00,SHIFT_C,1,21.93,19.19,0.432,0.568,4.929,2.381,2.806,1.144,5.673,3.992,0.855,3,21.26,0,0.0,4.929,0.4629,22.86,18.86
2026-09-27 23:30:00,SHIFT_C,1,21.9,21.47,0.432,0.568,5.069,2.321,3.257,1.079,5.427,4.535,0.9,3,20.93,0,0.0,5.069,0.4874,23.247,19.247
2026-09-27 23:45:00,SHIFT_C,1,21.87,22.7,0.432,0.568,3.626,2.003,2.992,1.299,4.989,4.436,0.996,3,20.72,0,0.0,3.626,0.3422,22.79,18.79
2026-09-28 00:00:00,SHIFT_C,0,26.65,26.83,0.433,0.567,5.732,2.252,3.274,1.084,5.09,4.328,0.824,3,20.44,0,0.0,5.732,0.5227,22.973,18.973
2026-09-28 00:15:00,SHIFT_C,0,26.63,28.1,0.433,0.567,4.996,2.193,2.901,1.038,5.148,4.221,0.994,3,20.1,0,0.0,4.996,0.4586,22.661,18.661
2026-09-28 00:30:00,SHIFT_C,0,26.61,24.72,0.433,0.567,5.153,2.483,3.229,1.188,5.031,4.435,1.052,3,19.94,0,0.0,5.153,0.4856,22.766,18.766
2026-09-28 00:45:00,SHIFT_C,0,26.6,26.1,0.433,0.567,5.212,2.737,3.132,0.965,5.555,3.835,1.076,3,19.76,0,0.0,5.212,0.4797,22.762,18.762
2026-09-28 01:00:00,SHIFT_C,0,26.6,26.62,0.432,0.568,5.086,2.312,2.962,1.252,5.344,4.557,0.892,3,19.46,0,0.0,5.086,0.4932,22.642,18.642
2026-09-28 01:15:00,SHIFT_C,0,26.6,26.76,0.432,0.568,5.472,2.715,2.973,1.173,4.543,3.856,0.843,2,23.85,0,0.0,5.472,0.6883,22.702,18.702
2026-09-28 01:30:00,SHIFT_C,0,26.61,25.56,0.432,0.568,5.522,2.235,3.288,1.196,5.153,4.211,0.944,3,23.5,0,0.0,5.522,0.5115,22.907,18.907
2026-09-28 01:45:00,SHIFT_C,0,26.63,26.6,0.432,0.568,5.382,2.626,2.695,1.265,5.011,3.967,0.929,3,23.01,0,0.0,5.382,0.4841,22.939,18.939
2026-09-28 02:00:00,SHIFT_C,0,26.65,26.13,0.431,0.569,4.674,2.42,2.768,1.263,5.42,3.866,0.998,2,27.48,0,0.0,4.674,0.6518,22.663,18.663
2026-09-28 02:15:00,SHIFT_C,0,26.67,25.56,0.431,0.569,6.121,2.379,2.902,1.121,5.047,4.183,0.988,3,27.23,0,0.0,6.121,0.5588,23.168,19.168
2026-09-28 02:30:00,SHIFT_C,0,26.71,26.7,0.431,0.569,5.255,2.711,2.83,1.085,5.138,4.261,0.938,3,26.78,0,0.0,5.255,0.4833,23.125,19.125
2026-09-28 02:45:00,SHIFT_C,0,26.74,27.11,0.431,0.569,6.098,2.279,2.724,1.041,5.35,4.302,0.82,3,26.53,0,0.0,6.098,0.5653,23.463,19.463
2026-09-28 03:00:00,SHIFT_C,0,26.79,26.23,0.431,0.569,5.64,2.681,3.04,1.191,5.062,4.309,0.97,3,26.19,0,0.0,5.64,0.5237,23.66,19.66
2026-09-28 03:15:00,SHIFT_C,0,26.84,25.16,0.431,0.569,5.345,2.641,2.877,1.126,5.159,4.445,1.056,3,25.95,0,0.0,5.345,0.5073,23.816,19.816
2026-09-28 03:30:00,SHIFT_C,0,26.89,27.07,0.431,0.569,5.57,2.547,2.637,1.111,4.909,4.205,0.955,3,25.78,0,0.0,5.57,0.5014,23.894,19.894
2026-09-28 03:45:00,SHIFT_C,0,26.95,27.48,0.431,0.569,4.74,2.832,3.024,1.079,5.174,4.671,0.962,3,25.61,0,0.0,4.74,0.4536,23.516,19.516
2026-09-28 04:00:00,SHIFT_C,0,27.01,25.76,0.43,0.57,5.04,2.474,2.899,1.072,5.091,4.819,0.739,3,25.14,0,0.0,5.04,0.4756,23.46,19.46
2026-09-28 04:15:00,SHIFT_C,0,27.08,26.38,0.43,0.57,5.346,2.424,2.798,1.19,4.91,4.481,1.103,3,24.63,0,0.0,5.346,0.5029,23.495,19.495
2026-09-28 04:30:00,SHIFT_C,0,27.15,26.43,0.43,0.57,5.456,3.037,3.147,1.204,4.758,3.953,0.928,3,24.25,0,0.0,5.456,0.4763,23.581,19.581
2026-09-28 04:45:00,SHIFT_C,0,27.22,29.57,0.43,0.57,5.472,2.612,2.843,1.035,5.237,4.151,1.152,2,28.25,0,0.0,5.472,0.7783,23.36,19.36
2026-09-28 05:00:00,SHIFT_C,0,27.3,27.56,0.43,0.57,5.404,2.115,3.205,1.243,5.168,4.446,0.974,3,27.75,0,0.0,5.404,0.5148,23.306,19.306
2026-09-28 05:15:00,SHIFT_C,0,27.38,26.56,0.43,0.57,5.192,2.63,2.673,1.176,5.056,4.772,0.856,3,27.41,0,0.0,5.192,0.4958,23.246,19.246
2026-09-28 05:30:00,SHIFT_C,0,27.46,27.06,0.43,0.57,5.669,2.633,3.042,1.289,5.353,3.993,0.926,3,27.22,0,0.0,5.669,0.5277,23.374,19.374
2026-09-28 05:45:00,SHIFT_C,0,27.55,30.06,0.43,0.57,5.634,2.677,3.086,1.073,5.417,4.267,0.905,3,27.12,0,0.0,5.634,0.5291,23.186,19.186
2026-09-28 06:00:00,SHIFT_A,0,33.56,33.71,0.43,0.57,6.684,3.341,3.346,1.016,5.026,3.978,0.851,3,26.69,0,0.0,6.684,0.585,23.157,19.157
2026-09-28 06:15:00,SHIFT_A,0,33.67,33.43,0.43,0.57,6.91,3.582,3.231,1.263,5.432,4.319,0.949,3,26.44,0,0.0,6.91,0.6657,23.269,19.269
2026-09-28 06:30:00,SHIFT_A,0,33.78,32.18,0.43,0.57,7.165,3.166,2.787,1.17,5.18,4.153,0.977,3,26.18,0,0.0,7.165,0.6623,23.633,19.633
2026-09-28 06:45:00,SHIFT_A,0,33.89,34.53,0.43,0.57,6.718,3.117,3.146,1.016,4.764,4.302,0.888,3,25.71,0,0.0,6.718,0.5933,23.539,19.539
2026-09-28 07:00:00,SHIFT_A,0,34.0,33.24,0.43,0.57,6.432,3.164,3.129,1.176,5.135,4.247,0.982,3,25.42,0,0.0,6.432,0.5976,23.431,19.431
2026-09-28 07:15:00,SHIFT_A,0,34.11,34.87,0.43,0.57,6.682,3.088,2.985,1.248,5.435,4.056,0.964,3,25.13,0,0.0,6.682,0.6296,23.285,19.285
2026-09-28 07:30:00,SHIFT_A,0,34.22,34.21,0.43,0.57,7.021,3.056,3.462,1.092,4.939,4.413,1.017,3,24.82,0,0.0,7.021,0.6479,23.375,19.375
2026-09-28 07:45:00,SHIFT_A,0,34.33,34.23,0.43,0.57,6.912,3.212,3.309,1.201,5.178,4.056,0.974,3,24.54,0,0.0,6.912,0.6349,23.408,19.408
2026-09-28 08:00:00,SHIFT_A,0,34.44,33.15,0.431,0.569,6.491,3.161,3.012,0.984,4.868,4.158,0.919,3,24.21,0,0.0,6.491,0.5711,23.339,19.339
2026-09-28 08:15:00,SHIFT_A,0,34.55,35.09,0.431,0.569,6.476,3.276,2.893,1.247,5.33,4.185,1.047,3,23.73,0,0.0,6.476,0.6158,23.067,19.067
2026-09-28 08:30:00,SHIFT_A,0,34.65,35.61,0.431,0.569,7.354,3.251,2.942,1.177,5.233,4.396,0.978,3,23.25,0,0.0,7.354,0.6977,23.184,19.184
2026-09-28 08:45:00,SHIFT_A,0,34.75,34.56,0.431,0.569,6.059,3.108,2.851,1.081,5.04,4.442,0.916,3,22.94,0,0.0,6.059,0.5601,22.757,18.757
2026-09-28 09:00:00,SHIFT_A,0,34.85,32.82,0.431,0.569,6.997,2.75,2.887,0.971,5.172,4.091,0.848,3,22.8,0,0.0,6.997,0.6243,22.974,18.974
2026-09-28 09:15:00,SHIFT_A,0,34.94,37.08,0.431,0.569,6.952,3.249,2.515,1.156,4.919,4.53,0.918,3,22.49,0,0.0,6.952,0.645,22.743,18.743
2026-09-28 09:30:00,SHIFT_A,0,35.03,36.68,0.431,0.569,7.021,2.945,2.98,1.219,4.671,4.445,1.04,3,22.18,0,0.0,7.021,0.643,22.586,18.586
2026-09-28 09:45:00,SHIFT_A,0,35.12,35.04,0.431,0.569,6.96,2.815,2.729,1.292,4.882,3.931,1.081,2,22.05,0,0.0,6.8,1.0235,22.481,18.481
2026-09-28 10:00:00,SHIFT_A,0,35.2,33.62,0.432,0.568,6.335,3.02,3.505,1.325,5.687,4.237,0.928,3,21.7,0.16,0.235,6.495,0.6368,22.367,18.367
2026-09-28 10:15:00,SHIFT_A,0,35.28,36.3,0.432,0.568,7.133,2.637,2.77,1.292,5.35,3.971,0.954,3,21.43,0,0.0,7.133,0.6642,22.303,18.303
2026-09-28 10:30:00,SHIFT_A,0,35.35,34.77,0.432,0.568,6.258,2.885,2.939,1.08,4.833,4.057,0.953,3,21.12,0,0.0,6.258,0.5504,21.955,17.955
2026-09-28 10:45:00,SHIFT_A,0,35.41,34.21,0.432,0.568,6.605,3.049,2.96,1.165,4.932,4.513,0.894,3,20.59,0,0.0,6.605,0.6118,21.837,17.837
2026-09-28 11:00:00,SHIFT_A,0,35.47,35.02,0.433,0.567,7.219,2.809,2.984,1.178,5.39,4.361,1.016,3,20.19,0,0.0,7.219,0.6943,21.945,17.945
2026-09-28 11:15:00,SHIFT_A,0,35.52,38.03,0.433,0.567,7.389,3.06,2.967,1.285,5.554,4.306,0.879,3,19.81,0,0.0,7.389,0.7153,21.836,17.836
2026-09-28 11:30:00,SHIFT_A,0,31.3,32.88,0.433,0.567,6.225,3.043,2.96,1.198,5.506,4.343,1.097,2,24.04,0,0.0,6.225,0.9782,21.661,17.661
2026-09-28 11:45:00,SHIFT_A,0,31.34,31.06,0.433,0.567,6.228,2.923,2.598,1.072,5.399,4.524,0.842,3,23.65,0,0.0,6.228,0.5936,21.669,17.669
2026-09-28 12:00:00,SHIFT_A,0,35.64,35.54,0.435,0.565,6.455,2.705,2.998,1.302,5.373,4.079,0.979,3,23.22,0,0.0,6.455,0.6098,21.342,17.342
2026-09-28 12:15:00,SHIFT_A,0,35.67,35.31,0.435,0.565,7.262,2.955,3.104,1.179,5.084,4.203,1.031,2,28.8,0,0.0,6.471,1.1222,21.047,17.047
2026-09-28 12:30:00,SHIFT_A,0,35.69,35.28,0.435,0.565,6.061,2.927,2.824,1.238,4.662,4.265,0.983,3,28.51,0.791,1.065,6.852,0.6151,20.945,16.945
2026-09-28 12:45:00,SHIFT_A,0,35.7,36.97,0.435,0.565,7.25,2.776,3.049,1.193,4.818,4.479,1.069,3,28.42,0,0.0,7.25,0.6747,20.873,16.873
2026-09-28 13:00:00,SHIFT_A,0,35.7,34.03,0.436,0.564,7.332,2.468,3.102,1.106,4.87,4.451,0.899,3,28.1,0,0.0,7.332,0.6686,21.136,17.136
2026-09-28 13:15:00,SHIFT_A,0,35.7,36.77,0.436,0.564,6.894,2.779,3.169,1.085,5.253,3.955,1.032,3,27.9,0,0.0,6.894,0.6287,20.906,16.906
2026-09-28 13:30:00,SHIFT_A,0,35.69,33.85,0.436,0.564,7.147,2.599,2.96,1.031,5.609,4.923,0.945,3,27.77,0,0.0,7.147,0.7198,21.095,17.095
2026-09-28 13:45:00,SHIFT_A,0,35.67,33.92,0.436,0.564,6.926,2.905,3.048,1.072,5.307,4.393,0.927,3,27.54,0,0.0,6.926,0.6524,21.166,17.166
2026-09-28 14:00:00,SHIFT_B,0,37.74,38.15,0.438,0.562,7.891,2.609,3.401,1.204,5.152,4.103,0.822,3,27.17,0,0.0,7.891,0.7167,21.296,17.296
2026-09-28 14:15:00,SHIFT_B,0,37.7,36.16,0.438,0.562,7.426,2.465,3.202,1.132,5.277,4.083,0.926,3,26.99,0,0.0,7.426,0.6826,21.393,17.393
2026-09-28 14:30:00,SHIFT_B,0,37.66,38.12,0.438,0.562,7.255,2.684,3.033,1.01,4.601,4.319,0.93,3,26.68,0,0.0,7.255,0.6344,21.208,17.208
2026-09-28 14:45:00,SHIFT_B,0,37.61,39.14,0.438,0.562,7.488,2.727,3.254,1.194,5.407,3.783,0.997,3,26.4,0,0.0,7.488,0.6862,21.039,17.039
2026-09-28 15:00:00,SHIFT_B,0,37.56,35.74,0.44,0.56,7.584,2.837,3.04,1.213,5.138,4.376,1.046,3,26.08,0,0.0,7.584,0.7188,21.257,17.257
2026-09-28 15:15:00,SHIFT_B,0,37.5,36.1,0.44,0.56,7.375,2.779,3.002,1.144,5.229,4.215,0.937,3,25.68,0,0.0,7.375,0.6843,21.334,17.334
2026-09-28 15:30:00,SHIFT_B,0,37.43,38.8,0.44,0.56,7.777,2.71,3.114,0.944,5.214,4.509,0.916,2,31.12,0,0.0,6.255,1.2434,20.581,16.581
2026-09-28 15:45:00,SHIFT_B,0,37.35,36.45,0.44,0.56,7.28,2.901,3.277,1.192,4.913,4.727,0.867,3,30.61,1.522,2.241,8.803,0.864,21.338,17.338
2026-09-28 16:00:00,SHIFT_B,0,37.27,38.25,0.442,0.558,7.25,2.685,2.618,1.195,4.597,4.486,0.897,3,30.39,0,0.0,7.25,0.6523,21.138,17.138
2026-09-28 16:15:00,SHIFT_B,0,37.19,34.23,0.442,0.558,7.225,2.656,2.969,1.154,5.603,3.995,0.942,3,29.94,0,0.0,7.225,0.6803,21.328,17.328
2026-09-28 16:30:00,SHIFT_B,0,37.1,37.55,0.442,0.558,7.129,2.951,3.089,1.296,4.682,4.288,0.942,3,29.78,0,0.0,7.129,0.6433,21.138,17.138
2026-09-28 16:45:00,SHIFT_B,0,37.0,37.09,0.442,0.558,7.063,2.954,3.026,1.134,4.922,4.427,0.978,3,29.66,0,0.0,7.063,0.6518,20.961,16.961
2026-09-28 17:00:00,SHIFT_B,0,36.9,37.19,0.444,0.556,7.679,2.575,3.024,1.029,6.028,4.201,0.974,3,29.3,0,0.0,7.679,0.7664,21.081,17.081
2026-09-28 17:15:00,SHIFT_B,0,36.8,37.62,0.444,0.556,7.449,2.929,3.054,1.127,4.75,4.051,0.88,3,28.98,0,0.0,7.449,0.6482,21.043,17.043
2026-09-28 17:30:00,SHIFT_B,0,36.69,38.22,0.444,0.556,8.052,3.115,2.766,1.079,5.666,4.199,0.917,3,28.56,0,0.0,8.052,0.7833,21.247,17.247
2026-09-28 17:45:00,SHIFT_B,0,36.58,37.88,0.444,0.556,7.668,2.577,3.133,1.251,4.81,4.542,1.042,3,28.22,0,0.0,7.668,0.7189,21.293,17.293
2026-09-28 18:00:00,SHIFT_B,0,36.47,37.11,0.446,0.554,7.463,2.726,3.222,1.063,4.934,4.451,0.885,3,27.76,0,0.0,7.463,0.681,21.314,17.314
2026-09-28 18:15:00,SHIFT_B,0,36.35,36.58,0.446,0.554,7.887,3.124,3.261,1.211,4.894,3.863,0.895,3,27.45,0,0.0,7.887,0.6898,21.599,17.599
2026-09-28 18:30:00,SHIFT_B,0,36.23,38.0,0.446,0.554,6.508,3.05,2.939,1.205,5.388,4.601,0.844,3,27.31,0,0.0,6.508,0.6308,21.053,17.053
2026-09-28 18:45:00,SHIFT_B,0,36.12,34.29,0.446,0.554,6.736,2.751,2.986,1.002,4.941,4.198,0.92,3,27.19,0,0.0,6.736,0.5999,20.992,16.992
2026-09-28 19:00:00,SHIFT_B,0,31.68,29.89,0.449,0.551,6.234,2.741,3.486,1.075,4.948,4.22,0.877,3,27.0,0,0.0,6.234,0.5581,21.12,17.12
2026-09-28 19:15:00,SHIFT_B,0,31.58,34.72,0.449,0.551,6.195,2.627,2.648,1.264,4.827,4.224,1.044,3,26.59,0,0.0,6.195,0.5666,20.745,16.745
2026-09-28 19:30:00,SHIFT_B,0,35.77,36.42,0.449,0.551,7.23,3.072,3.139,1.141,5.319,4.458,0.864,3,26.27,0,0.0,7.23,0.6858,20.718,16.718
2026-09-28 19:45:00,SHIFT_B,0,35.65,36.33,0.449,0.551,6.729,3.191,3.019,1.067,5.29,4.132,0.962,3,25.74,0,0.0,6.729,0.6204,20.45,16.45
2026-09-28 20:00:00,SHIFT_B,0,35.53,37.43,0.452,0.548,6.533,3.298,3.167,1.119,4.976,4.291,0.969,3,25.55,0,0.0,6.533,0.5973,19.974,15.974
2026-09-28 20:15:00,SHIFT_B,0,35.42,36.64,0.452,0.548,7.016,3.111,3.172,1.12,4.935,4.496,0.857,3,25.33,0,0.0,7.016,0.6444,19.818,15.818
2026-09-28 20:30:00,SHIFT_B,0,35.31,35.59,0.452,0.548,7.545,2.851,2.978,1.052,4.948,4.375,0.965,3,25.07,0,0.0,7.545,0.689,20.032,16.032
2026-09-28 20:45:00,SHIFT_B,0,35.2,35.1,0.452,0.548,7.306,3.056,3.312,1.136,5.459,4.308,0.978,3,24.74,0,0.0,7.306,0.6988,20.175,16.175
2026-09-28 21:00:00,SHIFT_B,0,35.1,35.47,0.455,0.545,7.58,2.823,3.438,1.219,5.39,4.27,1.025,3,24.41,0,0.0,7.58,0.7284,20.418,16.418
2026-09-28 21:15:00,SHIFT_B,0,35.0,34.66,0.455,0.545,7.216,2.679,3.162,1.187,5.373,4.566,0.894,3,24.23,0,0.0,7.216,0.6983,20.56,16.56
2026-09-28 21:30:00,SHIFT_B,0,34.9,36.82,0.455,0.545,6.91,2.937,2.799,1.207,5.276,4.426,1.017,3,23.73,0,0.0,6.91,0.6634,20.332,16.332
2026-09-28 21:45:00,SHIFT_B,0,34.81,34.97,0.455,0.545,7.185,3.404,3.188,1.19,5.642,4.418,0.961,3,23.55,0,0.0,7.185,0.7064,20.428,16.428
2026-09-28 22:00:00,SHIFT_C,0,27.01,26.78,0.458,0.542,5.112,2.223,3.586,1.023,5.047,4.287,1.135,3,23.3,0,0.0,5.112,0.473,20.305,16.305
2026-09-28 22:15:00,SHIFT_C,0,26.95,27.82,0.458,0.542,5.175,2.379,2.793,1.109,4.931,4.261,0.96,3,22.94,0,0.0,5.175,0.4692,20.111,16.111
2026-09-28 22:30:00,SHIFT_C,0,26.89,28.12,0.458,0.542,5.215,2.471,2.695,1.244,5.624,3.849,0.808,3,22.64,0,0.0,5.215,0.484,19.907,15.907
2026-09-28 22:45:00,SHIFT_C,0,26.84,26.83,0.458,0.542,5.009,2.087,3.297,1.063,5.311,4.241,1.015,2,26.62,0,0.0,5.009,0.7037,19.729,15.729
2026-09-28 23:00:00,SHIFT_C,0,26.79,24.59,0.461,0.539,6.072,2.927,2.989,1.187,5.119,4.164,0.91,3,26.27,0,0.0,6.072,0.5564,20.306,16.306
2026-09-28 23:15:00,SHIFT_C,0,26.74,25.64,0.461,0.539,5.531,2.197,2.908,1.162,5.615,4.263,0.882,3,26.04,0,0.0,5.531,0.5309,20.507,16.507
2026-09-28 23:30:00,SHIFT_C,0,26.71,25.73,0.461,0.539,5.016,2.466,2.612,0.992,5.172,4.371,0.886,3,25.71,0,0.0,5.016,0.4612,20.441,16.441
2026-09-28 23:45:00,SHIFT_C,0,26.67,26.88,0.461,0.539,5.427,2.623,2.683,1.255,5.517,4.41,0.85,3,25.54,0,0.0,5.427,0.5258,20.467,16.467
2026-09-29 00:00:00,SHIFT_C,0,26.65,26.77,0.456,0.544,5.245,2.897,2.869,1.2,5.211,4.154,0.833,3,25.33,0,0.0,5.245,0.4813,20.413,16.413
2026-09-29 00:15:00,SHIFT_C,0,26.63,24.96,0.456,0.544,5.463,2.447,3.002,1.258,5.073,4.09,0.884,3,25.08,0,0.0,5.463,0.4973,20.648,16.648
2026-09-29 00:30:00,SHIFT_C,0,26.61,27.42,0.456,0.544,5.153,2.539,3.095,1.158,5.051,4.277,0.971,3,24.73,0,0.0,5.153,0.4753,20.482,16.482
2026-09-29 00:45:00,SHIFT_C,0,26.6,29.26,0.456,0.544,5.469,2.677,2.981,1.082,5.191,3.975,0.96,3,24.44,0,0.0,5.469,0.4935,20.291,16.291
2026-09-29 01:00:00,SHIFT_C,0,26.6,27.78,0.459,0.541,5.613,2.29,2.719,1.187,5.131,4.589,0.896,3,24.06,0,0.0,5.613,0.5335,20.319,16.319
2026-09-29 01:15:00,SHIFT_C,0,26.6,26.86,0.459,0.541,5.114,2.751,3.259,1.284,5.093,4.06,0.941,3,23.71,0,0.0,5.114,0.4685,20.191,16.191
2026-09-29 01:30:00,SHIFT_C,0,26.61,26.45,0.459,0.541,5.458,2.633,3.19,1.229,5.476,4.714,1.045,3,23.45,0,0.0,5.458,0.5477,20.274,16.274
2026-09-29 01:45:00,SHIFT_C,0,26.63,26.73,0.459,0.541,5.31,2.477,2.838,1.089,5.261,4.211,0.983,3,23.05,0,0.0,5.31,0.4936,20.257,16.257
2026-09-29 02:00:00,SHIFT_C,0,26.65,27.41,0.463,0.537,5.785,2.915,3.01,1.037,5.467,3.656,0.78,3,22.77,0,0.0,5.785,0.5095,20.408,16.408
2026-09-29 02:15:00,SHIFT_C,0,26.67,25.44,0.463,0.537,4.335,2.329,3.258,1.093,5.151,4.136,0.84,3,22.41,0,0.0,4.335,0.3916,20.031,16.031
2026-09-29 02:30:00,SHIFT_C,0,26.71,28.26,0.463,0.537,5.526,2.416,2.939,1.189,4.972,4.587,0.973,3,22.12,0,0.0,5.526,0.5215,19.968,15.968
2026-09-29 02:45:00,SHIFT_C,0,26.74,24.96,0.463,0.537,5.141,2.938,2.885,0.979,5.043,4.402,0.978,3,21.9,0,0.0,5.141,0.4719,20.043,16.043
2026-09-29 03:00:00,SHIFT_C,0,26.79,26.5,0.466,0.534,5.306,2.362,2.986,1.207,5.096,4.696,0.951,3,21.51,0,0.0,5.306,0.5105,20.045,16.045
2026-09-29 03:15:00,SHIFT_C,0,26.84,28.95,0.466,0.534,5.182,2.783,3.003,1.18,4.883,4.151,0.887,3,21.24,0,0.0,5.182,0.4631,19.741,15.741
2026-09-29 03:30:00,SHIFT_C,0,26.89,26.83,0.466,0.534,5.017,2.339,2.89,1.25,5.197,4.522,0.954,3,20.92,0,0.0,5.017,0.4817,19.567,15.567
2026-09-29 03:45:00,SHIFT_C,0,26.95,26.51,0.466,0.534,5.366,2.172,3.078,1.122,5.022,4.079,0.969,2,25.28,0,0.0,5.366,0.7269,19.599,15.599
2026-09-29 04:00:00,SHIFT_C,0,27.01,26.38,0.47,0.53,5.478,2.479,2.876,1.143,5.524,4.359,0.913,3,25.01,0,0.0,5.478,0.5266,19.7,15.7
2026-09-29 04:15:00,SHIFT_C,0,27.08,28.9,0.47,0.53,5.016,2.569,2.815,1.154,5.001,4.397,1.022,3,24.68,0,0.0,5.016,0.4675,19.318,15.318
2026-09-29 04:30:00,SHIFT_C,0,27.15,27.0,0.47,0.53,5.122,2.266,3.139,1.019,5.429,4.143,0.977,3,24.44,0,0.0,5.122,0.4771,19.179,15.179
2026-09-29 04:45:00,SHIFT_C,0,27.22,27.52,0.47,0.53,5.623,2.606,2.875,0.981,5.092,4.397,0.977,3,23.98,0,0.0,5.623,0.5183,19.239,15.239
2026-09-29 05:00:00,SHIFT_C,0,27.3,26.74,0.474,0.526,5.535,2.4,3.049,1.046,5.138,4.076,0.934,3,23.58,0,0.0,5.535,0.4989,19.332,15.332
2026-09-29 05:15:00,SHIFT_C,0,27.38,26.02,0.474,0.526,5.396,2.35,3.464,1.072,4.715,3.62,0.857,3,23.3,0,0.0,5.396,0.4459,19.428,15.428
2026-09-29 05:30:00,SHIFT_C,0,27.46,24.76,0.474,0.526,5.345,2.391,2.824,1.024,5.184,4.249,0.954,3,23.07,0,0.0,5.345,0.4911,19.624,15.624
2026-09-29 05:45:00,SHIFT_C,0,27.55,28.68,0.474,0.526,5.479,2.429,2.821,0.9,5.285,4.441,0.871,2,28.55,0,0.0,5.479,0.773,19.496,15.496
2026-09-29 06:00:00,SHIFT_A,0,33.56,34.1,0.478,0.522,6.826,3.13,3.384,1.214,4.622,4.644,0.794,3,28.2,0,0.0,6.826,0.6195,19.499,15.499
2026-09-29 06:15:00,SHIFT_A,0,33.67,34.35,0.478,0.522,6.669,3.21,2.748,1.037,5.214,4.094,0.832,3,27.99,0,0.0,6.669,0.6002,19.398,15.398
2026-09-29 06:30:00,SHIFT_A,0,33.78,32.9,0.478,0.522,6.654,2.679,2.939,1.034,5.239,4.427,0.986,3,27.77,0,0.0,6.654,0.6261,19.435,15.435
2026-09-29 06:45:00,SHIFT_A,0,33.89,33.39,0.478,0.522,7.621,2.642,2.862,1.112,5.142,4.175,1.032,3,27.66,0,0.0,7.621,0.7032,19.907,15.907
2026-09-29 07:00:00,SHIFT_A,0,34.0,34.99,0.482,0.518,7.43,3.142,3.17,0.975,5.264,4.406,0.8,3,27.38,0,0.0,7.43,0.6846,20.123,16.123
2026-09-29 07:15:00,SHIFT_A,0,34.11,31.16,0.482,0.518,7.248,3.621,3.058,0.931,5.124,4.132,0.962,3,27.03,0,0.0,7.248,0.6506,20.631,16.631
2026-09-29 07:30:00,SHIFT_A,0,34.22,34.83,0.482,0.518,6.662,3.161,3.038,1.007,5.586,4.468,1.028,3,26.6,0,0.0,6.662,0.6484,20.479,16.479
2026-09-29 07:45:00,SHIFT_A,0,34.33,35.28,0.482,0.518,6.712,2.952,3.262,1.167,5.48,4.21,0.915,3,26.22,0,0.0,6.712,0.6362,20.307,16.307
2026-09-29 08:00:00,SHIFT_A,0,34.44,34.48,0.486,0.514,6.779,3.081,2.775,1.324,4.898,4.603,1.129,3,26.09,0,0.0,6.779,0.6524,20.248,16.248
2026-09-29 08:15:00,SHIFT_A,0,34.55,34.56,0.486,0.514,7.161,3.176,2.834,1.085,5.388,3.728,0.989,3,25.84,0,0.0,7.161,0.6451,20.373,16.373
2026-09-29 08:30:00,SHIFT_A,0,34.65,35.98,0.486,0.514,7.085,3.307,3.083,1.192,5.158,4.193,0.886,3,25.48,0,0.0,7.085,0.652,20.317,16.317
2026-09-29 08:45:00,SHIFT_A,0,34.75,36.67,0.486,0.514,6.982,3.045,2.9,1.268,5.248,3.927,1.103,3,25.17,0,0.0,6.982,0.6491,20.141,16.141
2026-09-29 09:00:00,SHIFT_A,0,34.85,33.9,0.49,0.51,7.086,2.916,3.15,1.1,5.215,4.344,0.83,3,24.77,0,0.0,7.086,0.6555,20.294,16.294
2026-09-29 09:15:00,SHIFT_A,0,34.94,33.34,0.49,0.51,6.907,2.785,2.914,1.206,5.816,4.351,0.706,3,24.48,0,0.0,6.907,0.6718,20.413,16.413
2026-09-29 09:30:00,SHIFT_A,0,35.03,35.47,0.49,0.51,6.281,2.584,3.271,1.163,5.02,4.025,1.137,3,24.13,0,0.0,6.281,0.5737,20.006,16.006
2026-09-29 09:45:00,SHIFT_A,0,35.12,33.42,0.49,0.51,6.702,2.769,3.072,0.972,5.39,4.502,0.991,2,28.13,0,0.0,6.403,1.0467,19.865,15.865
2026-09-29 10:00:00,SHIFT_A,0,35.2,36.64,0.494,0.506,7.765,2.629,3.235,0.959,5.21,4.135,1.042,3,27.63,0.299,0.412,8.064,0.7416,20.233,16.233
2026-09-29 10:15:00,SHIFT_A,0,35.28,34.46,0.494,0.506,6.981,3.055,2.934,1.348,5.131,4.828,0.955,3,27.13,0,0.0,6.981,0.6892,20.278,16.278
2026-09-29 10:30:00,SHIFT_A,0,35.35,38.31,0.494,0.506,7.254,3.095,3.003,1.174,4.967,4.436,0.942,3,26.95,0,0.0,7.254,0.6728,20.073,16.073
2026-09-29 10:45:00,SHIFT_A,0,35.41,34.26,0.494,0.506,7.189,2.834,2.899,1.093,5.325,4.118,0.887,3,26.58,0,0.0,7.189,0.6612,20.241,16.241
2026-09-29 11:00:00,SHIFT_A,0,35.47,36.27,0.499,0.501,6.869,2.679,3.005,1.133,5.198,4.268,0.881,3,26.37,0,0.0,6.869,0.635,20.049,16.049
2026-09-29 11:15:00,SHIFT_A,0,35.52,36.23,0.499,0.501,7.165,2.678,2.91,1.151,5.29,4.537,0.9,3,26.17,0,0.0,7.165,0.6853,20.009,16.009
2026-09-29 11:30:00,SHIFT_A,0,31.3,32.76,0.499,0.501,6.125,2.61,3.188,1.215,5.048,4.391,0.906,3,25.8,0,0.0,6.125,0.57,19.795,15.795
2026-09-29 11:45:00,SHIFT_A,0,31.34,31.76,0.499,0.501,5.295,2.718,2.924,1.004,5.112,4.441,1.051,3,25.46,0,0.0,5.295,0.4949,19.267,15.267
2026-09-29 12:00:00,SHIFT_A,0,35.64,37.0,0.504,0.496,7.163,3.047,3.299,1.045,5.066,4.252,0.915,3,25.16,0,0.0,7.163,0.6504,19.148,15.148
2026-09-29 12:15:00,SHIFT_A,0,35.67,34.09,0.504,0.496,6.844,2.851,3.191,1.084,5.09,4.391,1.011,3,24.88,0,0.0,6.844,0.6379,19.161,15.161
2026-09-29 12:30:00,SHIFT_A,0,35.69,36.06,0.504,0.496,6.984,2.58,2.864,1.006,4.894,4.701,0.952,3,24.65,0,0.0,6.984,0.6497,19.047,15.047
2026-09-29 12:45:00,SHIFT_A,0,35.7,37.48,0.504,0.496,7.448,3.087,3.053,1.03,5.124,4.409,0.91,3,24.3,0,0.0,7.448,0.688,19.024,15.024
2026-09-29 13:00:00,SHIFT_A,0,35.7,35.09,0.508,0.492,7.276,2.766,3.068,1.099,5.114,4.546,0.893,3,23.95,0,0.0,7.276,0.6826,19.152,15.152
2026-09-29 13:15:00,SHIFT_A,0,35.7,37.11,0.508,0.492,6.908,3.024,3.008,1.035,5.183,4.159,0.949,3,23.53,0,0.0,6.908,0.63,18.895,14.895
2026-09-29 13:30:00,SHIFT_A,0,35.69,34.93,0.508,0.492,6.75,2.649,2.486,1.114,4.818,4.184,0.786,3,23.21,0,0.0,6.75,0.5925,18.777,14.777
2026-09-29 13:45:00,SHIFT_A,0,35.67,33.63,0.508,0.492,7.358,3.036,2.946,1.186,5.687,4.435,0.876,3,22.82,0,0.0,7.358,0.7223,19.094,15.094
2026-09-29 14:00:00,SHIFT_B,0,37.74,36.86,0.513,0.487,7.476,2.435,3.508,1.154,5.005,3.933,0.96,3,22.5,0,0.0,7.476,0.6653,19.146,15.146
2026-09-29 14:15:00,SHIFT_B,0,37.7,36.69,0.513,0.487,7.708,2.913,2.961,1.004,5.016,4.358,0.929,3,22.2,0,0.0,7.708,0.7017,19.33,15.33
2026-09-29 14:30:00,SHIFT_B,0,37.66,37.45,0.513,0.487,8.292,2.723,2.899,1.076,4.974,4.085,0.87,3,21.87,0,0.0,8.292,0.7392,19.731,15.731
2026-09-29 14:45:00,SHIFT_B,0,37.61,36.28,0.513,0.487,7.896,2.507,3.074,1.18,5.04,4.069,0.919,3,21.48,0,0.0,7.896,0.7126,20.051,16.051
2026-09-29 15:00:00,SHIFT_B,0,37.56,36.84,0.518,0.482,7.648,2.994,3.22,1.152,5.002,3.677,0.927,2,27.21,0,0.0,6.905,1.1076,19.819,15.819
2026-09-29 15:15:00,SHIFT_B,0,37.5,38.03,0.518,0.482,7.637,2.837,2.731,1.318,5.236,4.339,1.085,3,26.71,0.743,1.111,8.38,0.8349,20.207,16.207
2026-09-29 15:30:00,SHIFT_B,0,37.43,36.35,0.518,0.482,7.494,2.842,2.999,1.129,5.398,4.616,1.078,3,26.54,0,0.0,7.494,0.7421,20.319,16.319
2026-09-29 15:45:00,SHIFT_B,0,37.35,36.71,0.518,0.482,7.525,2.901,3.011,1.103,4.71,4.537,1.043,3,26.34,0,0.0,7.525,0.6903,20.41,16.41
2026-09-29 16:00:00,SHIFT_B,0,37.27,38.01,0.523,0.477,7.539,3.165,3.136,1.155,5.372,4.25,1.008,3,26.1,0,0.0,7.539,0.7154,20.379,16.379
2026-09-29 16:15:00,SHIFT_B,0,37.19,36.2,0.523,0.477,7.201,3.159,3.182,1.227,5.019,4.218,1.023,3,25.83,0,0.0,7.201,0.6659,20.359,16.359
2026-09-29 16:30:00,SHIFT_B,0,37.1,37.05,0.523,0.477,7.568,2.671,3.429,1.179,4.735,4.31,1.042,3,25.7,0,0.0,7.568,0.6865,20.438,16.438
2026-09-29 16:45:00,SHIFT_B,0,37.0,35.99,0.523,0.477,7.079,2.374,2.873,1.367,5.514,4.596,0.836,3,25.4,0,0.0,7.079,0.7018,20.378,16.378
2026-09-29 17:00:00,SHIFT_B,0,36.9,36.01,0.527,0.473,7.547,3.023,2.701,1.17,5.478,4.592,1.101,3,25.01,0,0.0,7.547,0.758,20.551,16.551
2026-09-29 17:15:00,SHIFT_B,0,36.8,36.64,0.527,0.473,7.437,3.045,3.028,1.188,5.438,3.696,0.938,3,24.53,0,0.0,7.437,0.6743,20.606,16.606
2026-09-29 17:30:00,SHIFT_B,0,36.69,36.26,0.527,0.473,7.15,2.889,2.925,1.218,5.598,3.885,0.962,3,24.18,0,0.0,7.15,0.6715,20.554,16.554
2026-09-29 17:45:00,SHIFT_B,0,36.58,34.8,0.527,0.473,7.247,2.95,3.078,1.076,5.555,4.415,0.856,3,23.96,0,0.0,7.247,0.6945,20.698,16.698
2026-09-29 18:00:00,SHIFT_B,0,36.47,37.4,0.532,0.468,11.031,2.9,3.056,1.017,6.511,5.881,1.039,1,28.6,0,0.0,2.487,1.25,18.202,14.202
2026-09-29 18:15:00,SHIFT_B,0,36.35,37.04,0.532,0.468,10.816,2.798,3.028,1.014,6.664,5.607,1.023,2,28.26,8.544,25.554,5.015,1.25,17.005,13.005
2026-09-29 18:30:00,SHIFT_B,0,36.23,37.56,0.532,0.468,10.149,2.682,2.941,1.204,6.612,5.193,0.893,2,28.04,14.345,41.846,5.142,1.25,15.82,11.82
2026-09-29 18:45:00,SHIFT_B,0,36.12,37.73,0.532,0.468,10.778,2.74,3.056,1.118,6.527,5.177,0.927,2,27.84,19.352,55.915,5.192,1.25,14.643,10.643
2026-09-29 19:00:00,SHIFT_B,0,31.68,31.34,0.537,0.463,9.314,3.009,2.638,1.007,6.592,6.046,0.945,2,27.63,24.0,73.001,4.931,1.25,13.975,9.975
2026-09-29 19:15:00,SHIFT_B,0,31.58,32.97,0.537,0.463,6.353,3.172,2.839,1.181,5.034,4.037,1.012,3,27.34,24.0,39.024,9.225,1.25,15.291,11.291
2026-09-29 19:30:00,SHIFT_B,0,35.77,35.17,0.537,0.463,6.647,2.636,2.877,1.038,5.253,4.236,1.037,3,26.92,21.128,35.122,9.023,1.25,16.285,12.285
2026-09-29 19:45:00,SHIFT_B,0,35.65,35.42,0.537,0.463,6.714,2.843,2.987,1.271,5.387,4.267,0.892,3,26.49,18.752,31.745,8.861,1.25,17.173,13.173
2026-09-29 20:00:00,SHIFT_B,0,35.53,38.76,0.542,0.458,6.97,2.745,2.899,1.024,5.414,3.829,0.952,3,26.16,16.605,26.911,9.256,1.25,17.925,13.925
2026-09-29 20:15:00,SHIFT_B,0,35.42,37.01,0.542,0.458,7.464,2.973,3.363,0.951,4.87,4.345,1.067,3,25.73,14.319,23.23,9.246,1.25,18.846,14.846
2026-09-29 20:30:00,SHIFT_B,0,35.31,35.83,0.542,0.458,7.04,3.06,2.932,1.137,5.306,4.335,1.032,3,25.27,12.537,21.213,8.865,1.25,19.696,15.696
2026-09-29 20:45:00,SHIFT_B,0,35.2,36.24,0.542,0.458,7.22,3.208,2.878,1.122,5.039,4.113,1.066,3,24.86,10.712,17.518,9.173,1.25,20.659,16.659
2026-09-29 21:00:00,SHIFT_B,0,35.1,35.36,0.547,0.453,6.177,3.203,3.134,1.149,5.104,4.255,0.808,3,24.61,8.76,14.298,9.19,1.25,21.717,17.717
2026-09-29 21:15:00,SHIFT_B,0,35.0,34.26,0.547,0.453,7.382,2.88,2.917,1.11,5.055,4.762,0.959,3,24.45,5.747,9.776,8.817,1.25,22.7,18.7
2026-09-29 21:30:00,SHIFT_B,0,34.9,33.55,0.547,0.453,6.925,3.066,2.619,1.105,4.749,4.42,0.908,2,29.23,4.312,10.453,6.187,1.25,22.439,18.439
2026-09-29 21:45:00,SHIFT_B,0,34.81,35.53,0.547,0.453,6.82,3.146,2.952,1.047,4.991,4.705,0.877,3,29.04,5.049,8.157,9.284,1.25,23.529,19.529
2026-09-29 22:00:00,SHIFT_C,0,27.01,27.72,0.552,0.448,5.695,2.479,3.258,1.207,5.229,4.54,0.914,3,28.77,2.585,3.814,8.279,0.8144,24.897,20.897
2026-09-29 22:15:00,SHIFT_C,0,26.95,28.15,0.552,0.448,4.936,2.26,3.018,1.13,5.39,3.916,0.971,3,28.34,0,0.0,4.936,0.4533,24.55,20.55
2026-09-29 22:30:00,SHIFT_C,0,26.89,26.19,0.552,0.448,5.644,2.067,2.873,1.24,5.525,4.139,0.99,3,28.07,0,0.0,5.644,0.5405,24.753,20.753
2026-09-29 22:45:00,SHIFT_C,0,26.84,25.05,0.552,0.448,5.638,2.612,2.726,1.175,5.638,4.547,0.776,3,27.61,0,0.0,5.638,0.5509,25.067,21.067
2026-09-29 23:00:00,SHIFT_C,0,26.79,29.35,0.557,0.443,5.65,2.146,2.915,0.912,5.204,4.561,0.884,3,27.25,0,0.0,5.65,0.5259,24.957,20.957
2026-09-29 23:15:00,SHIFT_C,0,26.74,28.54,0.557,0.443,5.371,2.654,3.296,1.172,5.724,4.078,0.81,3,27.01,0,0.0,5.371,0.5096,24.788,20.788
2026-09-29 23:30:00,SHIFT_C,0,26.71,26.99,0.557,0.443,5.576,2.398,2.691,1.099,5.126,4.508,0.941,2,26.95,0,0.0,5.576,0.8062,24.878,20.878
2026-09-29 23:45:00,SHIFT_C,0,26.67,28.62,0.557,0.443,5.952,2.625,2.704,1.054,5.238,4.121,0.817,3,26.7,0,0.0,5.952,0.5381,24.991,20.991
2026-09-30 00:00:00,SHIFT_C,0,26.65,26.89,0.55,0.45,5.249,2.544,2.968,1.091,5.14,4.118,0.951,3,26.19,0,0.0,5.249,0.4775,24.926,20.926
2026-09-30 00:15:00,SHIFT_C,0,26.63,26.81,0.55,0.45,5.107,2.665,3.126,1.222,4.543,4.236,0.98,3,26.09,0,0.0,5.107,0.4515,24.799,20.799
2026-09-30 00:30:00,SHIFT_C,0,26.61,26.46,0.55,0.45,5.509,2.41,2.754,1.123,4.902,4.602,0.884,3,25.74,0,0.0,5.509,0.5105,24.908,20.908
2026-09-30 00:45:00,SHIFT_C,0,26.6,29.35,0.55,0.45,5.312,2.927,2.687,1.042,5.372,4.477,0.987,3,25.41,0,0.0,5.312,0.5081,24.629,20.629
2026-09-30 01:00:00,SHIFT_C,0,26.6,27.12,0.555,0.445,5.504,2.659,3.115,1.18,5.165,4.055,0.951,3,24.97,0,0.0,5.504,0.503,24.668,20.668
2026-09-30 01:15:00,SHIFT_C,0,26.6,26.92,0.555,0.445,5.434,2.373,3.074,1.285,4.905,3.984,1.002,3,24.72,0,0.0,5.434,0.489,24.693,20.693
2026-09-30 01:30:00,SHIFT_C,0,26.61,25.95,0.555,0.445,5.805,2.509,2.76,1.179,5.09,4.468,0.942,3,24.42,0,0.0,5.805,0.5459,25.001,21.001
2026-09-30 01:45:00,SHIFT_C,0,26.63,27.69,0.555,0.445,5.721,2.975,3.108,1.15,5.149,4.422,0.976,3,24.0,0,0.0,5.721,0.5388,25.092,21.092
2026-09-30 02:00:00,SHIFT_C,0,26.65,27.51,0.56,0.44,5.617,2.891,3.376,1.081,4.917,4.548,0.953,3,23.72,0,0.0,5.617,0.5201,25.15,21.15
2026-09-30 02:15:00,SHIFT_C,0,26.67,26.59,0.56,0.44,5.706,2.657,2.959,1.179,5.521,4.09,1.098,3,23.37,0,0.0,5.706,0.5462,25.341,21.341
2026-09-30 02:30:00,SHIFT_C,0,26.71,25.78,0.56,0.44,5.806,2.647,3.112,1.139,5.653,4.72,0.934,3,23.25,0,0.0,5.806,0.5818,25.422,21.422
2026-09-30 02:45:00,SHIFT_C,0,26.74,26.5,0.56,0.44,5.399,2.526,3.173,1.286,5.356,4.012,0.842,3,22.85,0,0.0,5.399,0.4998,25.35,21.35
2026-09-30 03:00:00,SHIFT_C,0,26.79,27.86,0.565,0.435,4.709,2.793,3.049,1.195,5.322,4.472,0.888,3,22.48,0,0.0,4.709,0.4503,24.919,20.919
2026-09-30 03:15:00,SHIFT_C,0,26.84,26.9,0.565,0.435,5.913,3.137,2.847,1.12,4.97,4.451,0.949,3,22.19,0,0.0,5.913,0.547,25.185,21.185
2026-09-30 03:30:00,SHIFT_C,0,26.89,24.89,0.565,0.435,5.193,3.078,3.069,1.176,5.488,4.356,0.924,3,21.77,0,0.0,5.193,0.4994,25.293,21.293
2026-09-30 03:45:00,SHIFT_C,0,26.95,28.7,0.565,0.435,5.517,2.363,3.385,1.288,4.967,3.949,1.004,3,21.32,0,0.0,5.517,0.4979,25.13,21.13
2026-09-30 04:00:00,SHIFT_C,0,27.01,25.04,0.57,0.43,5.479,2.616,2.97,1.351,5.303,4.209,0.904,3,20.87,0,0.0,5.479,0.5191,25.365,21.365
2026-09-30 04:15:00,SHIFT_C,0,27.08,25.56,0.57,0.43,5.554,2.809,3.379,1.141,5.061,4.731,0.96,2,26.4,0,0.0,5.554,0.8213,25.444,21.444
2026-09-30 04:30:00,SHIFT_C,0,27.15,27.85,0.57,0.43,5.525,2.474,3.062,1.303,5.331,3.996,0.984,3,26.18,0,0.0,5.525,0.5166,25.215,21.215
2026-09-30 04:45:00,SHIFT_C,0,27.22,28.11,0.57,0.43,5.38,2.686,2.956,1.088,5.488,4.58,0.884,3,25.87,0,0.0,5.38,0.5216,25.093,21.093
2026-09-30 05:00:00,SHIFT_C,0,27.3,28.54,0.575,0.425,5.243,2.596,2.747,1.234,4.598,4.485,0.989,2,30.67,0,0.0,5.243,0.7159,24.86,20.86
2026-09-30 05:15:00,SHIFT_C,0,27.38,27.24,0.575,0.425,5.009,2.313,3.007,1.143,5.669,4.087,0.921,3,30.32,0,0.0,5.009,0.4767,24.641,20.641
2026-09-30 05:30:00,SHIFT_C,0,27.46,29.04,0.575,0.425,5.561,2.408,2.916,1.093,5.28,4.234,0.887,3,30.09,0,0.0,5.561,0.5147,24.518,20.518
2026-09-30 05:45:00,SHIFT_C,0,27.55,27.02,0.575,0.425,5.595,2.607,2.899,1.021,5.151,3.953,0.992,3,29.73,0,0.0,5.595,0.5008,24.614,20.614
2026-09-30 06:00:00,SHIFT_A,0,33.56,32.02,0.58,0.42,6.714,3.63,3.018,1.13,5.434,4.314,0.848,3,29.48,0,0.0,6.714,0.6338,24.768,20.768
2026-09-30 06:15:00,SHIFT_A,0,33.67,33.26,0.58,0.42,6.629,2.914,3.08,1.151,5.299,4.051,0.937,3,29.0,0,0.0,6.629,0.6105,24.674,20.674
2026-09-30 06:30:00,SHIFT_A,0,33.78,32.35,0.58,0.42,6.762,3.485,3.074,0.993,5.207,4.046,0.991,3,28.51,0,0.0,6.762,0.6117,24.765,20.765
2026-09-30 06:45:00,SHIFT_A,0,33.89,34.83,0.58,0.42,6.781,3.284,2.831,1.098,5.391,4.028,1.021,3,28.18,0,0.0,6.781,0.63,24.517,20.517
2026-09-30 07:00:00,SHIFT_A,0,34.0,34.94,0.585,0.415,7.4,3.124,3.304,0.913,4.93,4.123,1.097,3,27.77,0,0.0,7.4,0.6592,24.506,20.506
2026-09-30 07:15:00,SHIFT_A,0,34.11,32.5,0.585,0.415,6.874,3.462,2.803,1.239,5.037,3.905,0.917,3,27.39,0,0.0,6.874,0.6142,24.693,20.693
2026-09-30 07:30:00,SHIFT_A,0,34.22,36.48,0.585,0.415,6.602,2.62,2.959,0.969,4.889,4.18,0.986,3,27.02,0,0.0,6.602,0.5859,24.345,20.345
2026-09-30 07:45:00,SHIFT_A,0,34.33,33.26,0.585,0.415,7.258,2.876,2.969,1.458,4.931,4.26,1.014,3,26.7,0,0.0,7.258,0.6816,24.649,20.649
2026-09-30 08:00:00,SHIFT_A,0,34.44,32.67,0.589,0.411,6.647,3.506,2.979,1.068,4.688,4.109,0.957,3,26.45,0,0.0,6.647,0.5792,24.705,20.705
2026-09-30 08:15:00,SHIFT_A,0,34.55,33.71,0.589,0.411,6.526,2.857,3.122,1.1,4.976,4.087,1.025,3,26.08,0,0.0,6.526,0.5878,24.598,20.598
2026-09-30 08:30:00,SHIFT_A,0,34.65,34.68,0.589,0.411,7.055,3.126,3.302,1.183,5.309,3.997,0.822,3,25.71,0,0.0,7.055,0.6425,24.532,20.532
2026-09-30 08:45:00,SHIFT_A,0,34.75,35.55,0.589,0.411,7.334,3.208,2.991,1.238,5.512,4.523,0.946,3,25.49,0,0.0,7.334,0.722,24.445,20.445
2026-09-30 09:00:00,SHIFT_A,0,34.85,34.39,0.594,0.406,7.227,3.064,3.213,1.084,4.529,4.51,0.918,3,25.19,0,0.0,7.227,0.6425,24.561,20.561
2026-09-30 09:15:00,SHIFT_A,0,34.94,33.6,0.594,0.406,7.035,2.672,2.886,1.09,4.614,4.153,0.992,3,24.85,0,0.0,7.035,0.6145,24.64,20.64
2026-09-30 09:30:00,SHIFT_A,0,35.03,34.63,0.594,0.406,6.956,3.067,3.177,1.046,5.059,4.579,0.983,3,24.45,0,0.0,6.956,0.6534,24.537,20.537
2026-09-30 09:45:00,SHIFT_A,0,35.12,35.28,0.594,0.406,7.025,3.13,3.142,1.076,4.666,4.39,1.022,3,24.14,0,0.0,7.025,0.6308,24.472,20.472
2026-09-30 10:00:00,SHIFT_A,0,35.2,34.03,0.599,0.401,7.421,2.643,3.087,1.23,5.194,4.506,0.931,3,23.73,0,0.0,7.421,0.7088,24.597,20.597
2026-09-30 10:15:00,SHIFT_A,0,35.28,35.25,0.599,0.401,7.223,2.72,2.809,1.357,5.169,4.149,0.971,2,27.98,0,0.0,6.38,1.132,24.262,20.262
2026-09-30 10:30:00,SHIFT_A,0,35.35,34.5,0.599,0.401,7.056,3.08,2.93,1.005,5.486,4.043,0.874,3,27.72,0.842,1.163,7.898,0.727,24.55,20.55
2026-09-30 10:45:00,SHIFT_A,0,35.41,33.61,0.599,0.401,7.33,2.885,3.182,1.204,5.46,4.512,0.809,3,27.31,0,0.0,7.33,0.7074,24.639,20.639
2026-09-30 11:00:00,SHIFT_A,0,35.47,35.36,0.603,0.397,7.26,2.821,3.03,1.117,4.949,4.143,1.075,3,27.05,0,0.0,7.26,0.6596,24.464,20.464
2026-09-30 11:15:00,SHIFT_A,0,35.52,37.86,0.603,0.397,7.021,2.612,3.283,1.238,5.11,4.575,0.856,3,26.71,0,0.0,7.021,0.6658,24.188,20.188
2026-09-30 11:30:00,SHIFT_A,0,31.3,31.1,0.603,0.397,6.8,3.027,3.035,1.179,5.712,4.437,0.875,3,26.21,0,0.0,6.8,0.6682,24.478,20.478
2026-09-30 11:45:00,SHIFT_A,0,31.34,31.44,0.603,0.397,5.972,3.196,3.116,0.952,5.156,4.553,0.883,3,25.93,0,0.0,5.972,0.555,24.32,20.32
2026-09-30 12:00:00,SHIFT_A,0,35.64,35.56,0.608,0.392,7.542,2.761,3.413,1.184,5.132,4.641,0.936,3,25.65,0,0.0,7.542,0.7228,24.444,20.444
2026-09-30 12:15:00,SHIFT_A,0,35.67,35.18,0.608,0.392,6.701,3.222,3.256,1.324,5.138,4.45,0.957,3,25.25,0,0.0,6.701,0.6403,24.277,20.277
2026-09-30 12:30:00,SHIFT_A,0,35.69,37.27,0.608,0.392,6.949,2.845,2.805,1.204,5.186,4.624,0.921,3,24.99,0,0.0,6.949,0.6677,24.025,20.025
2026-09-30 12:45:00,SHIFT_A,0,35.7,35.64,0.608,0.392,7.789,3.071,2.966,1.058,5.233,4.331,1.079,3,24.73,0,0.0,7.789,0.7376,24.355,20.355
2026-09-30 13:00:00,SHIFT_A,0,35.7,36.27,0.612,0.388,7.107,2.46,3.151,1.162,5.399,4.28,1.012,3,24.53,0,0.0,7.107,0.6783,24.282,20.282
2026-09-30 13:15:00,SHIFT_A,0,35.7,36.35,0.612,0.388,6.597,2.656,2.913,1.3,5.12,4.305,1.038,3,24.41,0,0.0,6.597,0.6248,23.946,19.946
2026-09-30 13:30:00,SHIFT_A,0,35.69,35.17,0.612,0.388,6.977,2.745,3.087,1.15,5.231,4.203,0.937,3,24.07,0,0.0,6.977,0.6472,23.918,19.918
2026-09-30 13:45:00,SHIFT_A,0,35.67,36.27,0.612,0.388,6.562,2.928,3.352,1.147,5.105,4.292,0.961,3,23.65,0,0.0,6.562,0.6078,23.572,19.572
2026-09-30 14:00:00,SHIFT_B,0,37.74,37.93,0.616,0.384,6.886,2.721,2.901,1.336,5.226,4.582,1.162,3,23.27,0,0.0,6.886,0.6823,23.222,19.222
2026-09-30 14:15:00,SHIFT_B,0,37.7,36.21,0.616,0.384,7.715,2.97,3.394,1.181,5.277,4.587,1.038,3,22.78,0,0.0,7.715,0.7591,23.458,19.458
2026-09-30 14:30:00,SHIFT_B,0,37.66,36.04,0.616,0.384,7.695,2.776,2.884,1.316,5.347,4.379,1.002,3,22.59,0,0.0,7.695,0.7534,23.702,19.702
2026-09-30 14:45:00,SHIFT_B,0,37.61,36.74,0.616,0.384,7.594,2.761,3.163,1.159,5.598,3.876,0.941,3,22.12,0,0.0,7.594,0.7077,23.825,19.825
2026-09-30 15:00:00,SHIFT_B,0,37.56,38.11,0.62,0.38,7.663,2.312,2.601,1.064,5.299,4.368,0.907,3,21.76,0,0.0,7.663,0.718,23.846,19.846
2026-09-30 15:15:00,SHIFT_B,0,37.5,34.31,0.62,0.38,7.006,2.907,3.094,1.109,5.133,4.324,0.783,3,21.33,0,0.0,7.006,0.6402,23.918,19.918
2026-09-30 15:30:00,SHIFT_B,0,37.43,36.19,0.62,0.38,7.4,2.685,2.983,1.327,4.95,4.575,0.957,2,25.81,0,0.0,6.217,1.1903,23.408,19.408
2026-09-30 15:45:00,SHIFT_B,0,37.35,36.78,0.62,0.38,8.013,2.561,3.283,1.18,5.277,4.364,0.982,3,25.54,1.183,1.785,9.196,0.9252,24.322,20.322
2026-09-30 16:00:00,SHIFT_B,0,37.27,37.84,0.624,0.376,7.017,2.636,2.983,1.268,5.803,4.298,1.023,3,25.26,0,0.0,7.017,0.7001,24.047,20.047
2026-09-30 16:15:00,SHIFT_B,0,37.19,35.17,0.624,0.376,7.583,2.86,2.984,1.261,4.943,4.762,1.123,3,25.02,0,0.0,7.583,0.7431,24.321,20.321
2026-09-30 16:30:00,SHIFT_B,0,37.1,35.7,0.624,0.376,7.406,2.974,2.875,1.011,5.223,4.612,1.019,3,24.57,0,0.0,7.406,0.7074,24.43,20.43
2026-09-30 16:45:00,SHIFT_B,0,37.0,36.01,0.624,0.376,7.243,2.986,2.714,1.055,5.241,4.312,0.994,3,24.17,0,0.0,7.243,0.6766,24.399,20.399
2026-09-30 17:00:00,SHIFT_B,0,36.9,40.88,0.628,0.372,7.439,2.76,2.808,1.244,5.409,4.183,0.901,3,23.91,0,0.0,7.439,0.703,23.912,19.912
2026-09-30 17:15:00,SHIFT_B,0,36.8,38.28,0.628,0.372,7.457,2.553,3.245,1.145,5.301,4.066,0.921,3,23.63,0,0.0,7.457,0.6864,23.812,19.812
2026-09-30 17:30:00,SHIFT_B,0,36.69,37.97,0.628,0.372,7.77,3.232,2.944,1.195,5.147,4.295,0.84,3,23.28,0,0.0,7.77,0.718,23.9,19.9
2026-09-30 17:45:00,SHIFT_B,0,36.58,36.42,0.628,0.372,7.37,3.237,2.894,1.114,5.059,4.329,0.924,3,23.01,0,0.0,7.37,0.6781,23.944,19.944
2026-09-30 18:00:00,SHIFT_B,0,36.47,36.2,0.632,0.368,7.462,2.58,3.1,1.167,5.009,4.028,1.001,3,22.75,0,0.0,7.462,0.6731,24.055,20.055
2026-09-30 18:15:00,SHIFT_B,0,36.35,36.79,0.632,0.368,7.151,2.938,2.904,1.034,4.775,4.736,0.881,3,22.44,0,0.0,7.151,0.6578,23.951,19.951
2026-09-30 18:30:00,SHIFT_B,0,36.23,35.34,0.632,0.368,6.866,2.822,3.036,1.202,5.112,4.483,1.033,3,22.09,0,0.0,6.866,0.654,23.85,19.85
2026-09-30 18:45:00,SHIFT_B,0,36.12,34.33,0.632,0.368,7.06,3.024,2.996,1.1,5.108,3.776,0.742,3,21.79,0,0.0,7.06,0.6097,23.946,19.946
2026-09-30 19:00:00,SHIFT_B,0,31.68,31.82,0.635,0.365,6.08,2.814,2.686,0.953,5.139,4.236,0.899,2,26.76,0,0.0,6.08,0.8589,23.804,19.804
2026-09-30 19:15:00,SHIFT_B,0,31.58,30.65,0.635,0.365,6.202,3.095,3.077,1.138,4.95,4.566,0.999,3,26.56,0,0.0,6.202,0.5819,23.84,19.84
2026-09-30 19:30:00,SHIFT_B,0,35.77,33.8,0.635,0.365,6.996,2.855,3.569,1.14,5.284,4.279,0.889,3,26.22,0,0.0,6.996,0.653,23.959,19.959
2026-09-30 19:45:00,SHIFT_B,0,35.65,36.01,0.635,0.365,7.377,2.999,2.983,1.322,5.034,4.175,0.981,3,25.84,0,0.0,7.377,0.6838,24.046,20.046
2026-09-30 20:00:00,SHIFT_B,0,35.53,36.21,0.639,0.361,7.504,2.838,3.072,1.078,4.794,4.072,0.93,3,25.33,0,0.0,7.504,0.657,24.177,20.177
2026-09-30 20:15:00,SHIFT_B,0,35.42,37.2,0.639,0.361,7.406,3.018,3.378,1.065,5.294,4.253,0.915,2,29.48,0,0.0,6.405,1.1563,23.66,19.66
2026-09-30 20:30:00,SHIFT_B,0,35.31,36.53,0.639,0.361,6.893,3.092,3.199,1.021,4.79,4.394,0.987,3,29.05,1.001,1.353,7.894,0.7113,23.954,19.954
2026-09-30 20:45:00,SHIFT_B,0,35.2,33.1,0.639,0.361,7.113,3.14,3.033,1.114,5.111,4.254,0.936,3,28.72,0,0.0,7.113,0.6537,24.2,20.2
2026-09-30 21:00:00,SHIFT_B,0,35.1,34.89,0.642,0.358,6.684,2.906,2.906,1.099,5.155,4.243,0.869,3,28.41,0,0.0,6.684,0.6115,24.052,20.052
2026-09-30 21:15:00,SHIFT_B,0,35.0,35.06,0.642,0.358,7.685,2.773,3.189,1.002,5.536,4.331,0.847,3,27.99,0,0.0,7.685,0.7264,24.389,20.389
2026-09-30 21:30:00,SHIFT_B,0,34.9,35.65,0.642,0.358,7.013,3.084,3.056,1.205,5.062,4.112,1.084,3,27.72,0,0.0,7.013,0.6473,24.331,20.331
2026-09-30 21:45:00,SHIFT_B,0,34.81,33.77,0.642,0.358,6.782,3.25,2.824,1.17,5.544,4.38,0.956,3,27.52,0,0.0,6.782,0.658,24.345,20.345
2026-09-30 22:00:00,SHIFT_C,0,27.01,24.53,0.645,0.355,5.687,2.085,3.153,1.163,5.415,4.302,0.982,3,27.08,0,0.0,5.687,0.5431,24.735,20.735
2026-09-30 22:15:00,SHIFT_C,0,26.95,27.37,0.645,0.355,5.166,2.437,2.735,1.378,5.115,4.125,0.907,3,26.58,0,0.0,5.166,0.4794,24.582,20.582
2026-09-30 22:30:00,SHIFT_C,0,26.89,27.46,0.645,0.355,5.5,2.699,2.848,1.29,4.743,4.113,0.978,3,26.32,0,0.0,5.5,0.4926,24.585,20.585
2026-09-30 22:45:00,SHIFT_C,0,26.84,27.85,0.645,0.355,5.337,2.421,3.343,1.027,5.621,4.179,0.767,3,26.12,0,0.0,5.337,0.4982,24.468,20.468
2026-09-30 23:00:00,SHIFT_C,0,26.79,27.83,0.648,0.352,4.728,2.554,2.845,1.069,4.991,3.999,1.068,3,25.88,0,0.0,4.728,0.4236,24.049,20.049
2026-09-30 23:15:00,SHIFT_C,0,26.74,25.76,0.648,0.352,5.36,2.299,3.204,1.201,5.247,3.851,0.913,3,25.51,0,0.0,5.36,0.4839,24.153,20.153
2026-09-30 23:30:00,SHIFT_C,0,26.71,26.95,0.648,0.352,5.252,2.475,3.008,1.111,5.479,4.389,1.043,3,25.25,0,0.0,5.252,0.5084,24.083,20.083
2026-09-30 23:45:00,SHIFT_C,0,26.67,25.44,0.648,0.352,6.025,2.673,2.804,0.974,4.944,3.987,0.984,3,24.93,0,0.0,6.025,0.5282,24.552,20.552
2026-10-01 00:00:00,SHIFT_C,0,26.65,28.43,0.644,0.356,5.273,3.213,2.998,1.352,5.552,4.482,0.855,3,24.86,0,0.0,5.273,0.5197,24.345,20.345
2026-10-01 00:15:00,SHIFT_C,0,26.63,26.31,0.644,0.356,5.411,2.656,3.049,1.027,4.984,3.98,0.836,3,24.68,0,0.0,5.411,0.4718,24.419,20.419
2026-10-01 00:30:00,SHIFT_C,0,26.61,26.47,0.644,0.356,5.21,2.581,2.988,1.123,5.134,4.618,0.927,3,24.32,0,0.0,5.21,0.495,24.377,20.377
2026-10-01 00:45:00,SHIFT_C,0,26.6,27.25,0.644,0.356,5.31,2.581,3.051,1.305,5.238,4.441,1.018,3,24.21,0,0.0,5.31,0.5131,24.307,20.307
2026-10-01 01:00:00,SHIFT_C,0,26.6,28.44,0.647,0.353,5.26,2.57,2.879,0.94,5.622,4.559,0.92,3,23.8,0,0.0,5.26,0.51,24.093,20.093
2026-10-01 01:15:00,SHIFT_C,0,26.6,27.37,0.647,0.353,5.128,2.983,3.099,1.056,5.527,3.968,1.021,3,23.51,0,0.0,5.128,0.4777,23.919,19.919
2026-10-01 01:30:00,SHIFT_C,0,26.61,26.97,0.647,0.353,5.716,2.639,3.121,1.13,5.103,4.275,0.867,3,23.23,0,0.0,5.716,0.5236,24.081,20.081
2026-10-01 01:45:00,SHIFT_C,0,26.63,23.93,0.647,0.353,5.387,2.481,3.295,1.201,5.021,4.608,0.894,3,22.87,0,0.0,5.387,0.5084,24.381,20.381
2026-10-01 02:00:00,SHIFT_C,0,26.65,24.55,0.65,0.35,5.414,2.904,2.927,1.113,4.868,4.006,0.952,3,22.54,0,0.0,5.414,0.4769,24.633,20.633
2026-10-01 02:15:00,SHIFT_C,0,26.67,25.98,0.65,0.35,5.813,2.956,3.102,1.146,5.135,4.257,1.061,3,22.12,0,0.0,5.813,0.5429,24.942,20.942
2026-10-01 02:30:00,SHIFT_C,0,26.71,23.77,0.65,0.35,5.523,2.436,2.978,1.107,5.116,4.325,0.968,3,21.88,0,0.0,5.523,0.5121,25.326,21.326
2026-10-01 02:45:00,SHIFT_C,0,26.74,27.18,0.65,0.35,4.948,2.626,2.749,1.218,5.888,4.167,0.858,3,21.65,0,0.0,4.948,0.4833,25.082,21.082
2026-10-01 03:00:00,SHIFT_C,0,26.79,27.42,0.652,0.348,5.55,2.701,2.566,1.154,5.132,4.073,0.941,3,21.16,0,0.0,5.55,0.5049,25.115,21.115
2026-10-01 03:15:00,SHIFT_C,0,26.84,27.04,0.652,0.348,4.74,2.395,3.028,1.114,4.857,4.597,0.861,2,25.29,0,0.0,4.74,0.6543,24.781,20.781
2026-10-01 03:30:00,SHIFT_C,0,26.89,28.3,0.652,0.348,5.275,2.538,2.705,1.178,5.158,4.123,0.974,3,25.01,0,0.0,5.275,0.4856,24.589,20.589
2026-10-01 03:45:00,SHIFT_C,0,26.95,27.23,0.652,0.348,5.167,2.177,2.738,1.268,4.835,4.707,0.893,3,24.65,0,0.0,5.167,0.4869,24.449,20.449
2026-10-01 04:00:00,SHIFT_C,0,27.01,28.26,0.655,0.345,5.789,2.567,3.13,1.244,5.221,4.294,1.012,3,24.23,0,0.0,5.789,0.5486,24.518,20.518
2026-10-01 04:15:00,SHIFT_C,0,27.08,27.45,0.655,0.345,5.363,2.763,3.111,1.118,5.398,4.196,0.878,3,24.07,0,0.0,5.363,0.5004,24.454,20.454
2026-10-01 04:30:00,SHIFT_C,0,27.15,27.98,0.655,0.345,5.675,2.746,3.456,1.115,4.987,4.4,0.895,3,23.8,0,0.0,5.675,0.5208,24.493,20.493
2026-10-01 04:45:00,SHIFT_C,0,27.22,29.46,0.655,0.345,5.28,2.633,2.974,1.202,5.034,4.453,0.963,3,23.44,0,0.0,5.28,0.4954,24.188,20.188
2026-10-01 05:00:00,SHIFT_C,0,27.3,26.57,0.657,0.343,5.922,2.266,2.929,1.196,5.016,4.03,0.989,3,23.13,0,0.0,5.922,0.5355,24.492,20.492
2026-10-01 05:15:00,SHIFT_C,0,27.38,27.26,0.657,0.343,5.509,2.607,3.384,1.035,5.361,4.513,1.012,3,22.84,0,0.0,5.509,0.5288,24.52,20.52
2026-10-01 05:30:00,SHIFT_C,0,27.46,28.77,0.657,0.343,5.44,2.66,2.779,1.262,5.537,4.28,0.764,3,22.55,0,0.0,5.44,0.5187,24.363,20.363
2026-10-01 05:45:00,SHIFT_C,0,27.55,26.71,0.657,0.343,5.546,2.22,3.266,1.298,5.528,4.534,0.984,3,22.32,0,0.0,5.546,0.5512,24.465,20.465
2026-10-01 06:00:00,SHIFT_A,0,33.56,35.59,0.659,0.341,6.554,3.176,3.14,1.164,5.335,4.541,1.102,3,21.94,0,0.0,6.554,0.6407,24.183,20.183
2026-10-01 06:15:00,SHIFT_A,0,33.67,33.26,0.659,0.341,7.111,3.098,3.009,1.335,5.148,4.584,0.909,3,21.61,0,0.0,7.111,0.6857,24.413,20.413
2026-10-01 06:30:00,SHIFT_A,0,33.78,33.48,0.659,0.341,6.662,3.399,2.867,0.981,4.895,4.561,0.939,3,21.35,0,0.0,6.662,0.6102,24.396,20.396
2026-10-01 06:45:00,SHIFT_A,0,33.89,33.94,0.659,0.341,7.025,3.296,2.958,1.225,5.412,4.06,0.877,2,26.5,0,0.0,6.492,1.082,24.248,20.248
2026-10-01 07:00:00,SHIFT_A,0,34.0,34.45,0.661,0.339,6.956,3.423,3.145,1.03,5.595,4.216,0.861,3,26.24,0.533,0.753,7.489,0.7056,24.548,20.548
2026-10-01 07:15:00,SHIFT_A,0,34.11,35.86,0.661,0.339,7.303,3.115,2.83,0.845,5.873,4.27,1.062,3,25.74,0,0.0,7.303,0.7086,24.414,20.414
2026-10-01 07:30:00,SHIFT_A,0,34.22,33.81,0.661,0.339,6.887,2.978,2.95,1.08,5.212,4.102,0.996,3,25.43,0,0.0,6.887,0.6316,24.477,20.477
2026-10-01 07:45:00,SHIFT_A,0,34.33,37.45,0.661,0.339,7.426,3.016,2.832,1.21,5.403,4.18,1.114,2,30.35,0,0.0,6.145,1.2085,23.804,19.804
2026-10-01 08:00:00,SHIFT_A,0,34.44,34.08,0.663,0.337,7.009,2.803,2.988,1.24,4.981,3.557,0.775,3,30.02,1.281,1.633,8.29,0.7044,24.541,20.541
2026-10-01 08:15:00,SHIFT_A,0,34.55,35.29,0.663,0.337,7.447,3.258,3.33,1.051,5.564,4.192,0.812,3,29.85,0,0.0,7.447,0.6967,24.471,20.471
2026-10-01 08:30:00,SHIFT_A,0,34.65,35.59,0.663,0.337,6.62,2.612,2.818,1.043,5.596,3.987,0.921,3,29.44,0,0.0,6.62,0.6156,24.223,20.223
2026-10-01 08:45:00,SHIFT_A,0,34.75,34.14,0.663,0.337,7.466,2.816,2.682,1.292,5.739,4.266,0.931,3,29.04,0,0.0,7.466,0.7392,24.542,20.542
2026-10-01 09:00:00,SHIFT_A,0,34.85,33.33,0.665,0.335,7.492,3.062,3.089,0.981,5.077,4.674,0.828,3,28.73,0,0.0,7.492,0.6973,24.667,20.667
2026-10-01 09:15:00,SHIFT_A,0,34.94,35.4,0.665,0.335,6.514,3.27,2.921,1.232,5.252,3.723,0.848,3,28.55,0,0.0,6.514,0.5798,24.384,20.384
2026-10-01 09:30:00,SHIFT_A,0,35.03,34.47,0.665,0.335,6.143,2.71,3.047,1.27,5.361,4.256,0.951,3,28.16,0,0.0,6.143,0.5856,24.009,20.009
2026-10-01 09:45:00,SHIFT_A,0,35.12,34.51,0.665,0.335,7.536,2.761,3.425,1.283,5.147,4.302,1.048,3,27.72,0,0.0,7.536,0.7148,24.326,20.326
2026-10-01 10:00:00,SHIFT_A,0,35.2,34.18,0.666,0.334,7.542,2.82,3.263,1.054,5.096,4.428,0.97,3,27.3,0,0.0,7.542,0.7013,24.582,20.582
2026-10-01 10:15:00,SHIFT_A,0,35.28,34.99,0.666,0.334,7.012,2.509,3.01,1.192,5.713,3.981,1.03,3,27.11,0,0.0,7.012,0.6728,24.501,20.501
2026-10-01 10:30:00,SHIFT_A,0,35.35,37.37,0.666,0.334,7.071,2.982,3.171,1.213,5.863,4.307,0.839,3,26.96,0,0.0,7.071,0.6959,24.263,20.263
2026-10-01 10:45:00,SHIFT_A,0,35.41,34.71,0.666,0.334,7.067,2.747,3.349,1.145,5.081,4.557,0.88,3,26.58,0,0.0,7.067,0.6636,24.326,20.326
2026-10-01 11:00:00,SHIFT_A,0,35.47,35.18,0.667,0.333,6.819,3.121,2.864,1.217,5.339,4.527,0.943,3,26.44,0,0.0,6.819,0.6602,24.217,20.217
2026-10-01 11:15:00,SHIFT_A,0,35.52,36.23,0.667,0.333,6.909,3.072,2.842,1.016,5.315,4.591,1.168,3,26.22,0,0.0,6.909,0.6725,24.048,20.048
2026-10-01 11:30:00,SHIFT_A,0,31.3,30.46,0.667,0.333,6.395,2.82,3.198,1.282,5.073,4.609,1.03,3,25.76,0,0.0,6.395,0.6176,24.2,20.2
2026-10-01 11:45:00,SHIFT_A,0,31.34,32.85,0.667,0.333,6.737,2.54,3.011,1.211,5.078,4.512,0.876,3,25.29,0,0.0,6.737,0.6334,24.283,20.283
2026-10-01 12:00:00,SHIFT_A,0,35.64,34.24,0.668,0.332,7.702,3.107,2.909,1.234,5.183,4.515,0.864,3,25.03,0,0.0,7.702,0.7348,24.576,20.576
2026-10-01 12:15:00,SHIFT_A,0,35.67,34.98,0.668,0.332,7.042,2.925,2.951,1.032,5.168,4.609,0.976,3,24.7,0,0.0,7.042,0.6682,24.502,20.502
2026-10-01 12:30:00,SHIFT_A,0,35.69,36.05,0.668,0.332,7.196,2.629,3.109,1.056,5.646,4.444,0.92,3,24.32,0,0.0,7.196,0.6991,24.395,20.395
2026-10-01 12:45:00,SHIFT_A,0,35.7,34.65,0.668,0.332,7.186,2.705,2.899,1.001,5.017,3.814,0.999,3,23.93,0,0.0,7.186,0.6267,24.523,20.523
2026-10-01 13:00:00,SHIFT_A,0,35.7,37.3,0.669,0.331,6.6,3.033,3.331,1.27,5.075,4.096,0.955,3,23.62,0,0.0,6.6,0.6056,24.092,20.092
2026-10-01 13:15:00,SHIFT_A,0,35.7,36.71,0.669,0.331,7.24,2.837,2.96,1.117,5.537,4.262,1.032,3,23.45,0,0.0,7.24,0.6965,24.042,20.042
2026-10-01 13:30:00,SHIFT_A,0,35.69,37.71,0.669,0.331,7.089,2.589,2.997,1.12,4.983,4.149,0.957,3,22.96,0,0.0,7.089,0.6398,23.815,19.815
2026-10-01 13:45:00,SHIFT_A,0,35.67,37.57,0.669,0.331,7.513,2.952,3.046,1.154,5.058,4.542,0.828,2,27.71,0,0.0,6.335,1.1859,23.225,19.225
2026-10-01 14:00:00,SHIFT_B,0,37.74,37.99,0.67,0.33,7.503,3.123,3.352,1.099,5.455,4.702,0.86,3,27.27,1.178,1.805,8.68,0.8867,23.767,19.767
2026-10-01 14:15:00,SHIFT_B,0,37.7,39.09,0.67,0.33,7.733,2.462,2.975,1.157,4.952,4.109,0.912,3,26.89,0,0.0,7.733,0.693,23.725,19.725
2026-10-01 14:30:00,SHIFT_B,0,37.66,35.87,0.67,0.33,6.875,2.431,3.406,1.101,5.257,4.888,1.053,3,26.58,0,0.0,6.875,0.6808,23.575,19.575
2026-10-01 14:45:00,SHIFT_B,0,37.61,38.69,0.67,0.33,7.93,2.885,2.893,1.252,5.447,4.058,0.866,3,26.23,0,0.0,7.93,0.7484,23.67,19.67
2026-10-01 15:00:00,SHIFT_B,0,37.56,37.2,0.67,0.33,7.814,2.901,3.173,1.083,5.548,4.45,0.87,3,25.93,0,0.0,7.814,0.761,23.857,19.857
2026-10-01 15:15:00,SHIFT_B,0,37.5,36.75,0.67,0.33,7.43,3.043,2.811,1.285,5.381,4.456,0.986,3,25.73,0,0.0,7.43,0.7255,23.897,19.897
2026-10-01 15:30:00,SHIFT_B,0,37.43,35.0,0.67,0.33,7.727,2.814,3.042,0.969,5.682,4.296,1.003,3,25.44,0,0.0,7.727,0.7499,24.26,20.26
2026-10-01 15:45:00,SHIFT_B,0,37.35,37.4,0.67,0.33,7.728,2.917,3.022,1.273,5.376,4.159,0.821,3,25.06,0,0.0,7.728,0.7246,24.26,20.26
2026-10-01 16:00:00,SHIFT_B,0,37.27,38.82,0.67,0.33,7.085,2.932,3.008,0.96,4.73,4.221,0.734,3,24.58,0,0.0,7.085,0.6073,23.921,19.921
2026-10-01 16:15:00,SHIFT_B,0,37.19,39.66,0.67,0.33,7.492,2.518,3.265,1.177,5.045,4.035,0.989,3,24.2,0,0.0,7.492,0.6784,23.701,19.701
2026-10-01 16:30:00,SHIFT_B,0,37.1,35.81,0.67,0.33,6.8,2.963,3.236,1.055,4.686,4.363,0.83,3,23.9,0,0.0,6.8,0.5987,23.52,19.52
2026-10-01 16:45:00,SHIFT_B,0,37.0,38.19,0.67,0.33,6.825,2.722,3.146,1.294,5.368,4.469,0.953,3,23.59,0,0.0,6.825,0.6641,23.114,19.114
2026-10-01 17:00:00,SHIFT_B,0,36.9,36.5,0.67,0.33,7.515,2.839,2.59,0.981,5.046,3.962,0.932,3,23.26,0,0.0,7.515,0.6608,23.222,19.222
2026-10-01 17:15:00,SHIFT_B,0,36.8,40.88,0.67,0.33,7.136,2.295,2.81,1.184,5.195,4.405,0.997,3,22.91,0,0.0,7.136,0.6768,22.701,18.701
2026-10-01 17:30:00,SHIFT_B,0,36.69,37.8,0.67,0.33,6.998,2.65,2.547,1.213,5.542,4.518,1.027,3,22.53,0,0.0,6.998,0.693,22.421,18.421
2026-10-01 17:45:00,SHIFT_B,0,36.58,37.52,0.67,0.33,7.925,2.854,3.099,1.301,4.97,4.635,0.907,3,22.2,0,0.0,7.925,0.7635,22.631,18.631
2026-10-01 18:00:00,SHIFT_B,0,36.47,35.36,0.67,0.33,7.484,2.903,3.129,1.221,4.867,4.297,0.764,3,21.88,0,0.0,7.484,0.6718,22.837,18.837
2026-10-01 18:15:00,SHIFT_B,0,36.35,38.53,0.67,0.33,7.423,2.683,3.142,1.061,5.131,4.338,0.98,3,21.47,0,0.0,7.423,0.688,22.696,18.696
2026-10-01 18:30:00,SHIFT_B,0,36.23,38.26,0.67,0.33,7.691,2.98,3.093,1.158,4.978,4.551,1.099,3,21.23,0,0.0,7.691,0.7326,22.715,18.715
2026-10-01 18:45:00,SHIFT_B,0,36.12,36.93,0.67,0.33,6.804,2.621,3.116,1.049,5.141,4.398,0.9,3,20.93,0,0.0,6.804,0.6294,22.425,18.425
2026-10-01 19:00:00,SHIFT_B,0,31.68,31.41,0.669,0.331,6.146,3.012,2.885,1.059,5.082,4.41,0.979,3,20.54,0,0.0,6.146,0.5706,22.356,18.356
2026-10-01 19:15:00,SHIFT_B,0,31.58,31.09,0.669,0.331,5.977,2.732,3.101,1.038,5.118,4.158,0.838,1,29.45,0,0.0,3.101,1.25,20.798,16.798
2026-10-01 19:30:00,SHIFT_B,0,35.77,37.41,0.669,0.331,6.991,3.026,3.169,1.136,5.029,4.293,0.973,3,29.06,2.876,4.264,9.867,0.9753,21.99,17.99
2026-10-01 19:45:00,SHIFT_B,0,35.65,35.1,0.669,0.331,7.148,3.449,3.214,1.323,5.796,4.337,0.888,3,28.58,0,0.0,7.148,0.7104,22.053,18.053
2026-10-01 20:00:00,SHIFT_B,0,35.53,34.67,0.668,0.332,6.943,3.255,3.373,1.155,5.474,4.086,0.911,3,28.27,0,0.0,6.943,0.65,22.058,18.058
2026-10-01 20:15:00,SHIFT_B,0,35.42,35.76,0.668,0.332,7.394,3.069,3.119,0.922,5.507,4.614,1.026,3,27.81,0,0.0,7.394,0.7185,22.179,18.179
2026-10-01 20:30:00,SHIFT_B,0,35.31,35.35,0.668,0.332,6.984,3.405,2.895,1.12,5.359,4.302,0.774,3,27.63,0,0.0,6.984,0.6497,22.136,18.136
2026-10-01 20:45:00,SHIFT_B,0,35.2,35.17,0.668,0.332,7.592,3.183,3.071,1.118,4.975,4.233,0.942,3,27.4,0,0.0,7.592,0.6888,22.415,18.415
2026-10-01 21:00:00,SHIFT_B,0,35.1,34.89,0.668,0.332,6.101,2.774,2.964,1.062,5.494,4.641,0.974,3,27.18,0,0.0,6.101,0.5979,21.976,17.976
2026-10-01 21:15:00,SHIFT_B,0,35.0,36.75,0.668,0.332,6.78,3.049,2.959,1.125,5.144,4.271,0.993,3,26.84,0,0.0,6.78,0.6296,21.691,17.691
2026-10-01 21:30:00,SHIFT_B,0,34.9,36.05,0.668,0.332,6.525,2.828,3.082,1.106,5.496,3.738,0.946,3,26.41,0,0.0,6.525,0.593,21.349,17.349
2026-10-01 21:45:00,SHIFT_B,0,34.81,35.0,0.668,0.332,7.115,3.299,2.74,1.041,4.898,4.007,0.929,3,26.12,0,0.0,7.115,0.623,21.406,17.406
2026-10-01 22:00:00,SHIFT_C,0,27.01,27.05,0.666,0.334,5.582,2.336,3.439,1.086,4.881,4.341,1.037,3,25.86,0,0.0,5.582,0.5099,21.492,17.492
2026-10-01 22:15:00,SHIFT_C,0,26.95,27.6,0.666,0.334,4.816,2.411,2.735,1.27,5.361,4.214,0.887,3,25.39,0,0.0,4.816,0.455,21.14,17.14
2026-10-01 22:30:00,SHIFT_C,0,26.89,26.67,0.666,0.334,5.459,2.601,3.196,1.137,4.861,4.43,1.048,3,24.95,0,0.0,5.459,0.5044,21.203,17.203
2026-10-01 22:45:00,SHIFT_C,0,26.84,25.81,0.666,0.334,5.802,2.623,3.236,1.307,5.045,3.871,0.88,3,24.7,0,0.0,5.802,0.5187,21.523,17.523
2026-10-01 23:00:00,SHIFT_C,0,26.79,26.26,0.665,0.335,5.486,2.724,2.668,1.125,4.709,4.202,0.906,3,24.31,0,0.0,5.486,0.4833,21.641,17.641
2026-10-01 23:15:00,SHIFT_C,0,26.74,27.74,0.665,0.335,5.25,2.357,2.892,1.087,5.38,4.316,0.994,3,24.0,0,0.0,5.25,0.4978,21.492,17.492
2026-10-01 23:30:00,SHIFT_C,0,26.71,27.2,0.665,0.335,4.93,2.259,3.078,1.216,5.124,4.216,0.985,3,23.71,0,0.0,4.93,0.4581,21.237,17.237
2026-10-01 23:45:00,SHIFT_C,0,26.67,25.64,0.665,0.335,5.321,2.338,3.004,1.06,5.188,4.019,0.973,3,23.44,0,0.0,5.321,0.4816,21.334,17.334
2026-10-02 00:00:00,SHIFT_C,0,26.65,27.05,0.667,0.333,6.188,2.18,2.713,1.344,5.3,4.317,0.92,3,23.27,0,0.0,6.188,0.5919,21.722,17.722
2026-10-02 00:15:00,SHIFT_C,0,26.63,25.65,0.667,0.333,5.082,2.684,3.391,1.156,5.304,4.22,1.042,3,22.83,0,0.0,5.082,0.4796,21.698,17.698
2026-10-02 00:30:00,SHIFT_C,0,26.61,25.63,0.667,0.333,4.929,2.401,2.97,1.218,5.667,3.857,0.956,3,22.4,0,0.0,4.929,0.4642,21.599,17.599
2026-10-02 00:45:00,SHIFT_C,0,26.6,26.89,0.667,0.333,5.438,2.553,2.964,1.184,5.102,4.333,0.799,3,21.94,0,0.0,5.438,0.4999,21.629,17.629
2026-10-02 01:00:00,SHIFT_C,0,26.6,26.5,0.666,0.334,5.542,2.695,2.75,1.303,4.68,4.541,0.933,3,21.48,0,0.0,5.542,0.5112,21.751,17.751
2026-10-02 01:15:00,SHIFT_C,0,26.6,27.9,0.666,0.334,5.063,2.859,3.142,1.096,5.047,4.393,0.979,3,21.11,0,0.0,5.063,0.4694,21.492,17.492
2026-10-02 01:30:00,SHIFT_C,0,26.61,27.47,0.666,0.334,5.286,2.893,3.122,1.153,5.441,4.213,0.982,3,20.82,0,0.0,5.286,0.5018,21.388,17.388
2026-10-02 01:45:00,SHIFT_C,0,26.63,25.15,0.666,0.334,6.043,2.597,3.473,1.092,5.162,4.528,0.87,2,25.94,0,0.0,6.043,0.8933,21.895,17.895
2026-10-02 02:00:00,SHIFT_C,0,26.65,26.81,0.664,0.336,5.529,2.656,2.996,1.151,5.029,4.157,0.79,3,25.66,0,0.0,5.529,0.4953,21.978,17.978
2026-10-02 02:15:00,SHIFT_C,0,26.67,26.03,0.664,0.336,5.687,2.922,3.226,1.225,5.608,4.25,1.014,3,25.3,0,0.0,5.687,0.5539,22.218,18.218
2026-10-02 02:30:00,SHIFT_C,0,26.71,26.48,0.664,0.336,5.781,2.807,3.143,1.217,5.167,4.418,1.055,3,24.86,0,0.0,5.781,0.5519,22.461,18.461
2026-10-02 02:45:00,SHIFT_C,0,26.74,26.91,0.664,0.336,4.741,2.56,2.984,1.112,5.137,4.317,1.006,3,24.68,0,0.0,4.741,0.4417,22.14,18.14
2026-10-02 03:00:00,SHIFT_C,0,26.79,26.68,0.663,0.337,5.372,2.564,3.304,1.223,4.755,4.671,0.999,3,24.41,0,0.0,5.372,0.5038,22.158,18.158
2026-10-02 03:15:00,SHIFT_C,0,26.84,28.52,0.663,0.337,5.667,2.951,3.004,1.32,4.616,4.971,0.916,3,24.23,0,0.0,5.667,0.5395,22.14,18.14
2026-10-02 03:30:00,SHIFT_C,0,26.89,28.35,0.663,0.337,5.061,2.521,2.938,1.062,4.739,4.53,1.083,3,23.82,0,0.0,5.061,0.4651,21.836,17.836
2026-10-02 03:45:00,SHIFT_C,0,26.95,26.09,0.663,0.337,5.163,2.65,3.487,1.074,5.423,4.251,0.897,3,23.35,0,0.0,5.163,0.4841,21.808,17.808
2026-10-02 04:00:00,SHIFT_C,0,27.01,26.37,0.661,0.339,4.843,2.737,3.105,1.107,5.43,3.919,0.853,3,23.18,0,0.0,4.843,0.441,21.593,17.593
2026-10-02 04:15:00,SHIFT_C,0,27.08,27.05,0.661,0.339,5.205,2.944,3.209,1.207,5.157,4.357,1.011,3,22.7,0,0.0,5.205,0.4917,21.49,17.49
2026-10-02 04:30:00,SHIFT_C,0,27.15,24.95,0.661,0.339,5.316,2.563,3.133,1.187,5.297,4.16,0.972,3,22.33,0,0.0,5.316,0.4971,21.654,17.654
2026-10-02 04:45:00,SHIFT_C,0,27.22,25.9,0.661,0.339,5.367,2.905,3.058,1.057,5.227,4.772,1.012,3,22.06,0,0.0,5.367,0.5215,21.747,17.747
2026-10-02 05:00:00,SHIFT_C,0,27.3,26.94,0.659,0.341,5.247,2.295,3.222,1.13,5.256,4.376,0.988,3,21.76,0,0.0,5.247,0.4964,21.677,17.677
2026-10-02 05:15:00,SHIFT_C,0,27.38,27.61,0.659,0.341,5.599,2.424,3.056,1.181,5.354,4.572,0.865,3,21.33,0,0.0,5.599,0.5397,21.715,17.715
2026-10-02 05:30:00,SHIFT_C,0,27.46,29.76,0.659,0.341,5.802,2.584,3.013,0.918,5.155,4.643,0.961,2,26.11,0,0.0,5.802,0.8492,21.64,17.64
2026-10-02 05:45:00,SHIFT_C,0,27.55,24.09,0.659,0.341,5.717,2.51,3.199,0.987,5.333,4.342,1.069,2,30.62,0,0.0,5.717,0.838,22.089,18.089
2026-10-02 06:00:00,SHIFT_A,0,33.56,33.85,0.657,0.343,7.287,3.194,3.598,1.369,5.235,4.111,1.065,3,30.22,0,0.0,7.287,0.6911,22.348,18.348
2026-10-02 06:15:00,SHIFT_A,0,33.67,30.92,0.657,0.343,6.709,3.332,2.728,1.206,5.408,4.125,0.902,3,29.8,0,0.0,6.709,0.6288,22.611,18.611
2026-10-02 06:30:00,SHIFT_A,0,33.78,33.68,0.657,0.343,7.279,3.214,3.197,1.248,5.371,4.2,0.924,3,29.28,0,0.0,7.279,0.6883,22.882,18.882
2026-10-02 06:45:00,SHIFT_A,0,33.89,33.48,0.657,0.343,7.291,3.354,3.043,1.111,5.031,4.465,0.835,3,28.84,0,0.0,7.291,0.6717,23.179,19.179
2026-10-02 07:00:00,SHIFT_A,0,34.0,34.74,0.654,0.346,6.338,3.231,3.244,1.117,5.513,4.485,0.923,3,28.62,0,0.0,6.338,0.6143,22.874,18.874
2026-10-02 07:15:00,SHIFT_A,0,34.11,32.15,0.654,0.346,6.835,3.143,3.046,1.218,5.21,4.614,0.898,3,28.42,0,0.0,6.835,0.657,23.076,19.076
2026-10-02 07:30:00,SHIFT_A,0,34.22,35.53,0.654,0.346,7.044,2.889,3.053,1.078,5.174,4.639,1.109,3,28.26,0,0.0,7.044,0.6806,23.046,19.046
2026-10-02 07:45:00,SHIFT_A,0,34.33,34.88,0.654,0.346,7.132,3.138,3.093,1.083,4.947,4.097,0.871,3,28.0,0,0.0,7.132,0.6316,23.124,19.124
2026-10-02 08:00:00,SHIFT_A,0,34.44,32.44,0.652,0.348,6.171,3.895,3.094,1.354,5.204,3.789,1.017,3,27.82,0,0.0,6.171,0.5646,22.965,18.965
2026-10-02 08:15:00,SHIFT_A,0,34.55,36.51,0.652,0.348,7.257,2.945,3.182,1.094,5.117,4.535,0.813,3,27.62,0,0.0,7.257,0.6754,22.943,18.943
2026-10-02 08:30:00,SHIFT_A,0,34.65,32.98,0.652,0.348,7.272,3.055,3.192,1.091,4.98,4.258,0.919,3,27.34,0,0.0,7.272,0.6585,23.281,19.281
2026-10-02 08:45:00,SHIFT_A,0,34.75,35.66,0.652,0.348,6.86,3.097,3.18,1.148,4.933,4.185,0.979,3,27.1,0,0.0,6.86,0.6211,23.145,19.145
2026-10-02 09:00:00,SHIFT_A,0,34.85,36.14,0.649,0.351,7.108,2.859,3.14,0.946,5.415,4.231,0.949,3,26.83,0,0.0,7.108,0.6605,23.086,19.086
2026-10-02 09:15:00,SHIFT_A,0,34.94,36.35,0.649,0.351,6.784,2.921,3.288,1.062,5.531,4.206,0.94,3,26.53,0,0.0,6.784,0.6412,22.843,18.843
2026-10-02 09:30:00,SHIFT_A,0,35.03,35.31,0.649,0.351,7.244,3.07,3.188,1.17,5.616,4.188,1.019,3,26.03,0,0.0,7.244,0.6995,22.934,18.934
2026-10-02 09:45:00,SHIFT_A,0,35.12,33.08,0.649,0.351,6.617,2.648,2.713,1.14,5.152,3.931,0.96,3,25.82,0,0.0,6.617,0.5958,22.934,18.934
2026-10-02 10:00:00,SHIFT_A,0,35.2,36.54,0.646,0.354,7.069,2.953,2.936,1.189,5.445,4.186,0.937,3,25.61,0,0.0,7.069,0.6692,22.814,18.814
2026-10-02 10:15:00,SHIFT_A,0,35.28,36.58,0.646,0.354,7.277,2.855,2.809,1.307,5.246,4.429,0.991,3,25.25,0,0.0,7.277,0.7016,22.795,18.795
2026-10-02 10:30:00,SHIFT_A,0,35.35,34.12,0.646,0.354,7.188,2.973,3.06,1.274,5.079,4.233,0.956,3,24.9,0,0.0,7.188,0.668,22.977,18.977
2026-10-02 10:45:00,SHIFT_A,0,35.41,34.92,0.646,0.354,7.749,3.122,2.966,1.028,5.388,4.318,1.048,3,24.46,0,0.0,7.749,0.7393,23.359,19.359
2026-10-02 11:00:00,SHIFT_A,0,35.47,37.31,0.643,0.357,7.196,2.622,2.973,0.95,5.096,4.167,1.092,3,24.14,0,0.0,7.196,0.6549,23.226,19.226
2026-10-02 11:15:00,SHIFT_A,0,35.52,34.86,0.643,0.357,6.765,2.993,3.304,1.244,5.145,4.333,1.112,3,23.78,0,0.0,6.765,0.6446,23.123,19.123
2026-10-02 11:30:00,SHIFT_A,0,31.3,30.81,0.643,0.357,6.692,2.879,3.245,0.882,5.415,4.719,0.966,3,23.53,0,0.0,6.692,0.6457,23.388,19.388
2026-10-02 11:45:00,SHIFT_A,0,31.34,30.07,0.643,0.357,6.687,3.192,2.96,1.232,5.588,4.295,1.042,3,23.3,0,0.0,6.687,0.6545,23.724,19.724
2026-10-02 12:00:00,SHIFT_A,0,35.64,35.65,0.64,0.36,6.819,2.724,3.184,1.132,5.434,4.203,1.076,3,22.8,0,0.0,6.819,0.6503,23.568,19.568
2026-10-02 12:15:00,SHIFT_A,0,35.67,35.41,0.64,0.36,7.594,2.82,3.075,1.301,5.102,4.373,0.944,3,22.42,0,0.0,7.594,0.7166,23.824,19.824
2026-10-02 12:30:00,SHIFT_A,0,35.69,34.9,0.64,0.36,7.195,3.03,3.026,1.043,5.057,3.981,0.972,3,22.31,0,0.0,7.195,0.6403,23.932,19.932
2026-10-02 12:45:00,SHIFT_A,0,35.7,33.28,0.64,0.36,6.761,2.707,3.101,1.144,4.91,4.321,1.042,3,22.07,0,0.0,6.761,0.6215,23.984,19.984
2026-10-02 13:00:00,SHIFT_A,0,35.7,37.32,0.636,0.364,6.854,2.731,3.125,1.159,4.57,4.301,0.944,3,21.73,0,0.0,6.854,0.6056,23.679,19.679
2026-10-02 13:15:00,SHIFT_A,0,35.7,38.11,0.636,0.364,6.63,3.124,3.024,1.08,5.654,3.948,0.984,3,21.44,0,0.0,6.63,0.6228,23.183,19.183
2026-10-02 13:30:00,SHIFT_A,0,35.69,35.82,0.636,0.364,6.792,3.113,2.713,1.08,5.371,4.274,0.971,3,21.29,0,0.0,6.792,0.6397,22.997,18.997
2026-10-02 13:45:00,SHIFT_A,0,35.67,35.74,0.636,0.364,7.38,2.903,2.852,1.084,4.68,4.458,0.902,3,20.9,0,0.0,7.38,0.6611,23.113,19.113
2026-10-02 14:00:00,SHIFT_B,0,37.74,37.41,0.633,0.367,7.366,2.752,3.443,1.205,5.164,4.543,0.79,3,20.53,0,0.0,7.366,0.694,23.055,19.055
2026-10-02 14:15:00,SHIFT_B,0,37.7,37.32,0.633,0.367,7.011,2.708,2.782,1.186,5.108,4.189,1.045,2,20.41,0,0.0,6.529,1.0738,22.588,18.588
2026-10-02 14:30:00,SHIFT_B,0,37.66,37.03,0.633,0.367,7.303,2.835,3.022,1.082,4.887,4.331,0.923,3,19.98,0.482,0.653,7.785,0.7036,22.777,18.777
2026-10-02 14:45:00,SHIFT_B,0,37.61,38.62,0.633,0.367,7.517,2.709,2.73,1.345,5.364,4.4,0.749,3,19.72,0,0.0,7.517,0.7177,22.674,18.674
2026-10-02 15:00:00,SHIFT_B,0,37.56,39.93,0.629,0.371,7.571,2.41,2.867,1.145,5.087,4.096,0.933,3,19.32,0,0.0,7.571,0.6865,22.467,18.467
2026-10-02 15:15:00,SHIFT_B,0,37.5,37.86,0.629,0.371,7.698,2.621,3.075,1.161,5.157,4.166,0.921,2,25.0,0,0.0,6.4,1.2029,21.881,17.881
2026-10-02 15:30:00,SHIFT_B,0,37.43,36.08,0.629,0.371,7.299,2.716,2.833,1.282,5.325,4.33,0.976,3,24.65,1.298,1.942,8.598,0.8572,22.571,18.571
2026-10-02 15:45:00,SHIFT_B,0,37.35,36.19,0.629,0.371,8.503,2.607,3.405,1.304,5.323,4.72,1.04,3,24.2,0,0.0,8.503,0.8874,23.204,19.204
2026-10-02 16:00:00,SHIFT_B,0,37.27,34.51,0.625,0.375,7.725,2.818,2.99,0.884,5.308,4.367,1.094,3,23.79,0,0.0,7.725,0.7261,23.615,19.615
2026-10-02 16:15:00,SHIFT_B,0,37.19,38.27,0.625,0.375,7.425,2.537,3.141,1.263,4.777,4.243,0.947,2,27.88,0,0.0,6.613,1.1228,23.095,19.095
2026-10-02 16:30:00,SHIFT_B,0,37.1,35.88,0.625,0.375,7.426,3.11,2.455,1.077,5.477,3.996,0.94,3,27.43,0.812,1.145,8.238,0.7747,23.626,19.626
2026-10-02 16:45:00,SHIFT_B,0,37.0,35.74,0.625,0.375,7.024,2.843,2.894,1.06,5.196,4.099,1.011,3,27.06,0,0.0,7.024,0.6428,23.563,19.563
2026-10-02 17:00:00,SHIFT_B,0,36.9,35.99,0.621,0.379,7.542,2.72,2.972,1.322,5.388,4.126,0.947,3,26.7,0,0.0,7.542,0.7154,23.735,19.735
2026-10-02 17:15:00,SHIFT_B,0,36.8,37.34,0.621,0.379,6.963,2.799,3.436,1.125,5.491,4.329,0.816,2,26.54,0,0.0,6.383,1.0907,23.193,19.193
2026-10-02 17:30:00,SHIFT_B,0,36.69,36.29,0.621,0.379,7.186,2.781,2.8,1.016,5.185,4.049,1.017,2,30.55,0.579,1.341,6.478,1.1987,22.803,18.803
2026-10-02 17:45:00,SHIFT_B,0,36.58,37.5,0.621,0.379,7.31,2.668,3.302,0.985,4.889,4.525,0.863,3,30.03,1.287,1.792,8.597,0.7981,23.351,19.351
2026-10-02 18:00:00,SHIFT_B,0,36.47,36.88,0.617,0.383,6.958,2.649,3.093,1.24,5.051,4.389,0.874,3,29.72,0,0.0,6.958,0.6473,23.142,19.142
2026-10-02 18:15:00,SHIFT_B,0,36.35,38.01,0.617,0.383,7.068,2.882,3.228,1.163,4.94,4.479,0.939,3,29.38,0,0.0,7.068,0.6556,22.874,18.874
2026-10-02 18:30:00,SHIFT_B,0,36.23,34.32,0.617,0.383,6.691,2.43,3.128,0.793,5.183,4.393,1.012,3,29.04,0,0.0,6.691,0.6131,22.788,18.788
2026-10-02 18:45:00,SHIFT_B,0,36.12,37.51,0.617,0.383,7.745,2.784,3.006,1.309,4.715,4.297,0.978,3,28.71,0,0.0,7.745,0.7046,22.91,18.91
2026-10-02 19:00:00,SHIFT_B,0,31.68,33.12,0.613,0.387,5.856,3.076,3.316,1.072,5.146,4.283,0.889,3,28.4,0,0.0,5.856,0.537,22.525,18.525
2026-10-02 19:15:00,SHIFT_B,0,31.58,31.01,0.613,0.387,6.225,2.575,2.855,1.264,5.444,4.315,0.892,3,28.1,0,0.0,6.225,0.5972,22.537,18.537
2026-10-02 19:30:00,SHIFT_B,0,35.77,36.78,0.613,0.387,6.428,2.974,2.764,1.054,5.046,4.289,1.043,3,28.02,0,0.0,6.428,0.5917,22.073,18.073
2026-10-02 19:45:00,SHIFT_B,0,35.65,33.0,0.613,0.387,7.307,2.961,3.207,1.317,4.709,4.377,0.935,3,27.67,0,0.0,7.307,0.667,22.427,18.427
2026-10-02 20:00:00,SHIFT_B,0,35.53,36.74,0.609,0.391,6.603,3.05,2.902,1.221,5.017,3.975,0.945,3,27.33,0,0.0,6.603,0.5932,22.054,18.054
2026-10-02 20:15:00,SHIFT_B,0,35.42,34.25,0.609,0.391,7.001,3.01,3.397,1.203,4.706,4.478,0.933,3,27.01,0,0.0,7.001,0.6381,22.13,18.13
2026-10-02 20:30:00,SHIFT_B,0,35.31,34.66,0.609,0.391,6.639,2.816,2.816,0.99,5.715,4.625,1.028,3,26.54,0,0.0,6.639,0.6605,21.983,17.983
2026-10-02 20:45:00,SHIFT_B,0,35.2,35.98,0.609,0.391,6.916,3.107,3.161,1.232,5.05,4.53,1.136,3,26.32,0,0.0,6.916,0.6654,21.843,17.843
2026-10-02 21:00:00,SHIFT_B,0,35.1,34.58,0.604,0.396,6.451,2.803,3.088,1.225,5.133,3.995,1.022,3,26.1,0,0.0,6.451,0.5908,21.611,17.611
2026-10-02 21:15:00,SHIFT_B,0,35.0,36.88,0.604,0.396,7.606,3.109,2.944,1.056,5.198,4.085,1.077,3,25.72,0,0.0,7.606,0.6992,21.726,17.726
2026-10-02 21:30:00,SHIFT_B,0,34.9,31.57,0.604,0.396,7.865,2.84,3.369,1.021,5.12,4.47,1.005,3,25.43,0,0.0,7.865,0.74,22.502,18.502
2026-10-02 21:45:00,SHIFT_B,0,34.81,34.93,0.604,0.396,6.79,3.481,2.705,1.079,5.26,4.632,0.945,3,25.22,0,0.0,6.79,0.6514,22.404,18.404
2026-10-02 22:00:00,SHIFT_C,0,27.01,26.12,0.6,0.4,5.55,2.576,3.401,1.172,5.32,4.613,0.935,3,24.82,0,0.0,5.55,0.538,22.567,18.567
2026-10-02 22:15:00,SHIFT_C,0,26.95,28.15,0.6,0.4,5.178,2.273,2.86,1.189,4.838,4.43,1.049,3,24.5,0,0.0,5.178,0.4797,22.341,18.341
2026-10-02 22:30:00,SHIFT_C,0,26.89,27.41,0.6,0.4,6.322,2.281,2.934,1.169,5.084,4.448,1.062,3,24.05,0,0.0,6.322,0.5987,22.761,18.761
2026-10-02 22:45:00,SHIFT_C,0,26.84,25.15,0.6,0.4,5.13,2.718,2.563,1.221,5.566,4.388,0.901,3,23.59,0,0.0,5.13,0.4988,22.812,18.812
2026-10-02 23:00:00,SHIFT_C,0,26.79,25.54,0.595,0.405,5.045,2.578,3.002,1.031,5.136,4.367,0.88,3,23.26,0,0.0,5.045,0.4636,22.78,18.78
2026-10-02 23:15:00,SHIFT_C,0,26.74,27.18,0.595,0.405,4.784,2.362,3.297,1.076,4.955,4.399,1.099,3,22.92,0,0.0,4.784,0.4441,22.454,18.454
2026-10-02 23:30:00,SHIFT_C,0,26.71,28.7,0.595,0.405,4.632,2.508,2.797,1.064,5.038,4.711,0.896,3,22.57,0,0.0,4.632,0.4367,21.9,17.9
2026-10-02 23:45:00,SHIFT_C,0,26.67,28.21,0.595,0.405,5.438,2.382,3.106,1.226,5.616,3.914,1.018,3,22.18,0,0.0,5.438,0.5156,21.798,17.798
2026-10-03 00:00:00,SHIFT_C,1,21.85,22.02,0.602,0.398,4.622,2.308,2.518,1.093,5.147,4.233,0.898,3,21.94,0,0.0,4.622,0.4231,21.907,17.907
2026-10-03 00:15:00,SHIFT_C,1,21.83,22.1,0.602,0.398,4.313,2.23,2.582,1.27,5.129,4.328,0.892,3,21.5,0,0.0,4.313,0.4035,21.854,17.854
2026-10-03 00:30:00,SHIFT_C,1,21.82,24.16,0.602,0.398,4.479,2.234,2.984,1.263,5.44,4.696,0.867,3,21.22,0,0.0,4.479,0.4424,21.678,17.678
2026-10-03 00:45:00,SHIFT_C,1,21.81,22.03,0.602,0.398,3.831,2.007,2.893,0.97,5.244,4.511,1.058,3,20.72,0,0.0,3.831,0.3635,21.391,17.391
2026-10-03 01:00:00,SHIFT_C,1,21.81,22.62,0.598,0.402,4.637,2.206,2.998,1.3,4.841,4.5,0.996,2,24.78,0,0.0,4.637,0.6518,21.447,17.447
2026-10-03 01:15:00,SHIFT_C,1,21.81,20.89,0.598,0.402,4.315,2.281,3.059,1.233,5.02,4.338,0.975,3,24.4,0,0.0,4.315,0.4018,21.515,17.515
2026-10-03 01:30:00,SHIFT_C,1,21.82,22.19,0.598,0.402,4.679,1.967,2.852,1.161,4.585,3.707,0.891,3,24.29,0,0.0,4.679,0.3896,21.636,17.636
2026-10-03 01:45:00,SHIFT_C,1,21.83,20.21,0.598,0.402,3.821,1.979,2.776,1.14,5.058,4.376,0.828,3,24.02,0,0.0,3.821,0.3508,21.525,17.525
2026-10-03 02:00:00,SHIFT_C,1,21.85,20.75,0.593,0.407,4.16,2.236,2.91,1.142,5.083,4.25,1.097,3,23.65,0,0.0,4.16,0.3876,21.53,17.53
2026-10-03 02:15:00,SHIFT_C,1,21.87,23.25,0.593,0.407,4.713,1.975,3.367,1.235,5.16,4.55,1.085,3,23.46,0,0.0,4.713,0.4565,21.561,17.561
2026-10-03 02:30:00,SHIFT_C,1,21.9,21.59,0.593,0.407,4.142,2.333,2.885,1.124,5.07,4.426,0.957,3,23.03,0,0.0,4.142,0.3861,21.473,17.473
2026-10-03 02:45:00,SHIFT_C,1,21.93,22.9,0.593,0.407,4.553,2.615,3.152,1.094,5.076,4.224,1.052,3,22.81,0,0.0,4.553,0.4196,21.459,17.459
2026-10-03 03:00:00,SHIFT_C,1,21.97,20.67,0.588,0.412,4.316,2.014,2.953,1.229,5.166,4.321,1.035,3,22.51,0,0.0,4.316,0.4083,21.55,17.55
2026-10-03 03:15:00,SHIFT_C,1,22.01,23.27,0.588,0.412,4.767,2.328,2.889,1.08,4.847,4.484,0.846,3,22.25,0,0.0,4.767,0.4321,21.606,17.606
2026-10-03 03:30:00,SHIFT_C,1,22.05,21.81,0.588,0.412,4.621,2.24,2.707,1.193,5.226,4.242,1.112,3,22.03,0,0.0,4.621,0.438,21.736,17.736
2026-10-03 03:45:00,SHIFT_C,1,22.1,24.15,0.588,0.412,4.545,2.371,2.782,1.099,4.77,4.375,0.927,3,21.93,0,0.0,4.545,0.4087,21.593,17.593
2026-10-03 04:00:00,SHIFT_C,1,22.15,19.79,0.583,0.417,4.208,2.51,2.842,1.194,5.446,4.522,0.942,3,21.56,0,0.0,4.208,0.4101,21.717,17.717
2026-10-03 04:15:00,SHIFT_C,1,22.2,23.8,0.583,0.417,4.475,2.356,3.14,1.196,4.193,4.175,0.844,3,21.24,0,0.0,4.475,0.375,21.575,17.575
2026-10-03 04:30:00,SHIFT_C,1,22.26,21.97,0.583,0.417,4.804,1.803,2.97,1.321,5.283,4.814,1.012,2,26.06,0,0.0,4.804,0.7215,21.78,17.78
2026-10-03 04:45:00,SHIFT_C,1,22.32,22.08,0.583,0.417,4.162,2.597,3.275,1.197,5.386,3.953,0.987,3,25.81,0,0.0,4.162,0.3862,21.653,17.653
2026-10-03 05:00:00,SHIFT_C,1,22.39,22.64,0.579,0.421,4.966,2.212,3.078,1.131,4.841,4.553,0.912,3,25.31,0,0.0,4.966,0.4572,21.872,17.872
2026-10-03 05:15:00,SHIFT_C,1,22.45,22.19,0.579,0.421,4.478,2.537,3.014,1.074,5.285,3.862,0.98,3,24.96,0,0.0,4.478,0.4038,21.892,17.892
2026-10-03 05:30:00,SHIFT_C,1,22.52,22.34,0.579,0.421,4.05,1.766,2.852,1.112,5.011,4.175,0.951,2,30.49,0,0.0,4.05,0.5503,21.684,17.684
2026-10-03 05:45:00,SHIFT_C,1,22.59,24.14,0.579,0.421,4.694,2.174,3.032,1.105,5.022,4.081,0.992,3,30.18,0,0.0,4.694,0.4232,21.617,17.617
2026-10-03 06:00:00,SHIFT_A,1,27.52,28.3,0.574,0.426,5.187,2.505,3.498,1.094,5.385,4.398,1.041,3,29.9,0,0.0,5.187,0.4978,21.38,17.38
2026-10-03 06:15:00,SHIFT_A,1,27.61,27.48,0.574,0.426,4.718,2.459,2.974,1.298,5.417,4.625,0.877,3,29.42,0,0.0,4.718,0.4641,20.992,16.992
2026-10-03 06:30:00,SHIFT_A,1,27.7,28.03,0.574,0.426,5.555,2.634,3.101,1.179,5.439,4.466,0.96,3,29.13,0,0.0,5.555,0.5387,20.966,16.966
2026-10-03 06:45:00,SHIFT_A,1,27.79,28.72,0.574,0.426,5.575,2.745,3.25,1.041,4.773,4.474,1.003,3,28.94,0,0.0,5.575,0.5068,20.882,16.882
2026-10-03 07:00:00,SHIFT_A,1,27.88,26.63,0.569,0.431,5.876,2.527,2.779,1.067,5.556,4.162,0.908,3,28.62,0,0.0,5.876,0.5532,21.157,17.157
2026-10-03 07:15:00,SHIFT_A,1,27.97,29.3,0.569,0.431,4.882,2.601,3.05,1.085,5.509,4.399,0.955,3,28.23,0,0.0,4.882,0.4697,20.668,16.668
2026-10-03 07:30:00,SHIFT_A,1,28.06,25.87,0.569,0.431,6.181,2.879,3.262,1.194,5.234,4.332,0.89,3,27.95,0,0.0,6.181,0.5798,21.171,17.171
2026-10-03 07:45:00,SHIFT_A,1,28.15,29.34,0.569,0.431,5.585,2.557,3.166,1.05,5.081,4.459,1.029,3,27.69,0,0.0,5.585,0.5225,21.03,17.03
2026-10-03 08:00:00,SHIFT_A,1,28.24,26.95,0.564,0.436,5.586,2.403,2.891,1.082,5.231,4.67,0.818,3,27.33,0,0.0,5.586,0.5308,21.128,17.128
2026-10-03 08:15:00,SHIFT_A,1,28.33,28.83,0.564,0.436,6.234,2.567,3.126,1.192,5.215,4.023,1.023,3,27.07,0,0.0,6.234,0.5749,21.362,17.362
2026-10-03 08:30:00,SHIFT_A,1,28.41,28.4,0.564,0.436,6.008,2.444,2.983,1.264,5.024,4.126,1.053,3,26.67,0,0.0,6.008,0.5547,21.526,17.526
2026-10-03 08:45:00,SHIFT_A,1,28.5,30.19,0.564,0.436,6.036,2.717,3.071,0.929,4.733,4.623,0.972,3,26.4,0,0.0,6.036,0.547,21.524,17.524
2026-10-03 09:00:00,SHIFT_A,1,28.58,30.8,0.559,0.441,5.403,2.297,2.917,1.09,5.363,4.242,0.979,3,25.94,0,0.0,5.403,0.5079,21.146,17.146
2026-10-03 09:15:00,SHIFT_A,1,28.65,25.88,0.559,0.441,5.874,2.95,2.87,1.042,5.286,4.433,0.912,3,25.48,0,0.0,5.874,0.5521,21.494,17.494
2026-10-03 09:30:00,SHIFT_A,1,28.73,28.93,0.559,0.441,5.778,2.501,2.807,1.171,4.966,4.003,0.95,3,25.32,0,0.0,5.778,0.516,21.491,17.491
2026-10-03 09:45:00,SHIFT_A,1,28.8,28.9,0.559,0.441,5.745,2.251,2.94,1.078,5.181,4.419,0.944,3,24.93,0,0.0,5.745,0.5376,21.473,17.473
2026-10-03 10:00:00,SHIFT_A,1,28.87,30.83,0.554,0.446,5.657,3.928,3.131,1.169,5.583,4.264,0.964,3,24.69,0,0.0,5.657,0.5457,21.219,17.219
2026-10-03 10:15:00,SHIFT_A,1,28.93,30.98,0.554,0.446,5.477,3.679,2.741,1.223,5.09,4.108,0.9,3,24.38,0,0.0,5.477,0.4992,20.86,16.86
2026-10-03 10:30:00,SHIFT_A,1,28.99,30.2,0.554,0.446,5.832,3.986,3.076,1.245,5.016,4.133,1.06,3,23.98,0,0.0,5.832,0.5378,20.756,16.756
2026-10-03 10:45:00,SHIFT_A,1,29.04,29.66,0.554,0.446,5.605,3.948,2.95,1.118,5.135,4.048,0.865,3,23.76,0,0.0,5.605,0.5039,20.593,16.593
2026-10-03 11:00:00,SHIFT_A,1,29.09,30.13,0.549,0.451,5.658,2.434,2.368,1.307,5.089,4.437,0.924,3,23.52,0,0.0,5.658,0.5357,20.409,16.409
2026-10-03 11:15:00,SHIFT_A,1,29.13,31.29,0.549,0.451,6.136,2.227,2.863,1.119,5.183,4.355,0.971,3,23.19,0,0.0,6.136,0.5745,20.348,16.348
2026-10-03 11:30:00,SHIFT_A,1,25.67,23.96,0.549,0.451,5.154,2.053,3.248,1.124,5.491,3.97,0.986,3,22.88,0,0.0,5.154,0.4802,20.53,16.53
2026-10-03 11:45:00,SHIFT_A,1,25.7,24.69,0.549,0.451,5.326,2.564,3.077,1.103,5.234,4.357,0.951,2,27.08,0,0.0,5.326,0.7575,20.723,16.723
2026-10-03 12:00:00,SHIFT_A,1,29.23,29.78,0.544,0.456,5.98,2.115,2.853,1.091,5.573,4.208,0.792,3,26.69,0,0.0,5.98,0.5616,20.735,16.735
2026-10-03 12:15:00,SHIFT_A,1,29.25,28.28,0.544,0.456,5.463,2.554,2.79,1.198,5.375,4.131,1.174,3,26.51,0,0.0,5.463,0.5225,20.639,16.639
2026-10-03 12:30:00,SHIFT_A,1,29.26,27.75,0.544,0.456,6.108,2.741,3.123,1.176,5.167,4.116,0.967,3,26.3,0,0.0,6.108,0.5619,20.918,16.918
2026-10-03 12:45:00,SHIFT_A,1,29.27,29.94,0.544,0.456,5.091,2.233,2.991,1.229,5.088,3.95,0.995,3,26.01,0,0.0,5.091,0.4616,20.469,16.469
2026-10-03 13:00:00,SHIFT_A,1,29.27,27.13,0.539,0.461,6.228,2.462,2.681,1.225,5.279,3.934,1.014,3,25.72,0,0.0,6.228,0.5743,20.871,16.871
2026-10-03 13:15:00,SHIFT_A,1,29.27,29.3,0.539,0.461,5.816,2.167,3.043,1.25,5.329,4.41,1.036,3,25.28,0,0.0,5.816,0.5631,20.849,16.849
2026-10-03 13:30:00,SHIFT_A,1,29.26,27.99,0.539,0.461,6.031,2.616,2.998,0.988,5.629,4.583,0.918,3,24.97,0,0.0,6.031,0.5884,21.065,17.065
2026-10-03 13:45:00,SHIFT_A,1,29.25,28.17,0.539,0.461,5.589,2.067,3.161,1.184,4.649,4.226,0.793,3,24.82,0,0.0,5.589,0.4883,21.043,17.043
2026-10-03 14:00:00,SHIFT_B,1,30.95,30.94,0.534,0.466,5.937,2.389,3.386,1.04,4.705,3.857,0.977,3,24.59,0,0.0,5.937,0.5057,20.917,16.917
2026-10-03 14:15:00,SHIFT_B,1,30.92,27.2,0.534,0.466,6.257,2.443,3.138,1.181,5.692,4.155,0.765,3,24.21,0,0.0,6.257,0.5941,21.326,17.326
2026-10-03 14:30:00,SHIFT_B,1,30.88,32.12,0.534,0.466,6.075,2.76,2.907,1.088,5.149,3.908,0.968,3,23.81,0,0.0,6.075,0.5435,21.152,17.152
2026-10-03 14:45:00,SHIFT_B,1,30.84,30.34,0.534,0.466,6.366,2.533,3.087,1.258,5.212,4.413,0.89,3,23.49,0,0.0,6.366,0.6035,21.301,17.301
2026-10-03 15:00:00,SHIFT_B,1,30.8,32.47,0.529,0.471,6.04,2.458,3.062,1.008,5.515,4.547,0.955,3,23.31,0,0.0,6.04,0.5848,21.074,17.074
2026-10-03 15:15:00,SHIFT_B,1,30.75,29.53,0.529,0.471,6.434,1.895,2.902,1.165,5.397,4.06,0.997,3,22.92,0,0.0,6.434,0.6019,21.338,17.338
2026-10-03 15:30:00,SHIFT_B,1,30.69,31.74,0.529,0.471,6.569,2.301,2.785,1.173,4.98,4.42,0.927,3,22.59,0,0.0,6.569,0.6083,21.448,17.448
2026-10-03 15:45:00,SHIFT_B,1,30.63,31.9,0.529,0.471,6.174,2.546,2.718,1.205,4.771,4.373,0.93,3,22.34,0,0.0,6.174,0.5606,21.346,17.346
2026-10-03 16:00:00,SHIFT_B,1,30.56,30.59,0.524,0.476,5.909,2.149,2.922,1.357,5.633,4.371,1.032,3,21.92,0,0.0,5.909,0.5896,21.241,17.241
2026-10-03 16:15:00,SHIFT_B,1,30.49,29.06,0.524,0.476,5.748,2.4,2.863,0.946,5.441,4.149,0.866,3,21.66,0,0.0,5.748,0.5277,21.209,17.209
2026-10-03 16:30:00,SHIFT_B,1,30.42,32.6,0.524,0.476,6.147,2.207,2.922,1.101,4.791,4.81,1.082,2,27.14,0,0.0,6.147,0.9267,21.023,17.023
2026-10-03 16:45:00,SHIFT_B,1,30.34,30.02,0.524,0.476,5.536,2.552,3.057,0.876,5.031,4.208,1.003,3,26.94,0,0.0,5.536,0.4955,20.79,16.79
2026-10-03 17:00:00,SHIFT_B,1,30.26,29.91,0.519,0.481,6.268,2.34,2.78,1.079,4.836,4.498,0.889,3,26.54,0,0.0,6.268,0.5705,20.933,16.933
2026-10-03 17:15:00,SHIFT_B,1,30.17,30.55,0.519,0.481,5.554,2.496,3.189,1.086,5.323,4.449,0.888,3,26.12,0,0.0,5.554,0.5252,20.655,16.655
2026-10-03 17:30:00,SHIFT_B,1,30.08,31.23,0.519,0.481,5.519,2.636,2.745,1.117,5.419,4.095,1.009,3,25.81,0,0.0,5.519,0.5172,20.291,16.291
2026-10-03 17:45:00,SHIFT_B,1,29.99,29.48,0.519,0.481,5.383,2.206,3.196,1.091,5.171,4.275,1.035,3,25.72,0,0.0,5.383,0.5016,20.034,16.034
2026-10-03 18:00:00,SHIFT_B,1,29.9,30.84,0.514,0.486,6.127,1.941,3.243,0.854,5.23,4.018,0.92,3,25.33,0,0.0,6.127,0.5438,20.013,16.013
2026-10-03 18:15:00,SHIFT_B,1,29.81,29.41,0.514,0.486,6.468,2.115,3.025,1.071,5.605,4.501,0.945,3,24.98,0,0.0,6.468,0.6314,20.306,16.306
2026-10-03 18:30:00,SHIFT_B,1,29.71,30.43,0.514,0.486,6.613,2.403,3.324,1.281,5.138,4.512,0.854,3,24.73,0,0.0,6.613,0.6276,20.57,16.57
2026-10-03 18:45:00,SHIFT_B,1,29.62,29.26,0.514,0.486,5.518,2.923,3.025,1.186,5.162,4.08,0.918,3,24.43,0,0.0,5.518,0.5041,20.403,16.403
2026-10-03 19:00:00,SHIFT_B,1,25.98,23.4,0.51,0.49,5.394,2.345,3.091,1.048,5.377,4.608,0.946,3,24.07,0,0.0,5.394,0.5202,20.76,16.76
2026-10-03 19:15:00,SHIFT_B,1,25.89,26.75,0.51,0.49,5.923,2.499,2.97,1.111,5.536,4.47,0.988,3,23.72,0,0.0,5.923,0.5772,21.046,17.046
2026-10-03 19:30:00,SHIFT_B,1,29.33,29.37,0.51,0.49,6.128,2.54,2.677,1.129,5.507,4.075,1.01,2,29.37,0,0.0,6.128,0.9165,21.173,17.173
2026-10-03 19:45:00,SHIFT_B,1,29.23,29.26,0.51,0.49,6.166,2.69,2.356,1.131,4.438,4.129,0.912,3,28.94,0,0.0,6.166,0.5267,21.33,17.33
2026-10-03 20:00:00,SHIFT_B,1,29.14,28.58,0.505,0.495,6.38,2.481,3.188,1.184,5.176,4.309,0.912,3,28.64,0,0.0,6.38,0.5949,21.662,17.662
2026-10-03 20:15:00,SHIFT_B,1,29.05,29.19,0.505,0.495,5.418,2.881,3.295,1.142,5.447,4.093,0.836,3,28.48,0,0.0,5.418,0.5024,21.451,17.451
2026-10-03 20:30:00,SHIFT_B,1,28.96,29.03,0.505,0.495,5.515,2.587,3.036,1.008,5.206,4.183,0.735,3,28.33,0,0.0,5.515,0.4943,21.306,17.306
2026-10-03 20:45:00,SHIFT_B,1,28.87,26.9,0.505,0.495,6.225,2.715,2.833,1.242,5.568,4.689,1.001,3,28.05,0,0.0,6.225,0.6266,21.728,17.728
2026-10-03 21:00:00,SHIFT_B,1,28.78,31.77,0.5,0.5,5.695,2.325,3.015,1.033,5.143,4.419,0.93,3,27.72,0,0.0,5.695,0.5285,21.399,17.399
2026-10-03 21:15:00,SHIFT_B,1,28.7,30.05,0.5,0.5,5.585,2.66,2.762,1.046,5.804,4.645,0.912,3,27.43,0,0.0,5.585,0.5579,21.187,17.187
2026-10-03 21:30:00,SHIFT_B,1,28.62,27.32,0.5,0.5,5.533,2.788,2.778,0.939,4.581,4.23,0.885,3,27.1,0,0.0,5.533,0.4738,21.222,17.222
2026-10-03 21:45:00,SHIFT_B,1,28.55,26.8,0.5,0.5,4.943,2.275,2.811,1.078,5.327,4.302,0.974,3,26.71,0,0.0,4.943,0.4649,21.013,17.013
2026-10-03 22:00:00,SHIFT_C,1,22.15,20.97,0.496,0.504,4.011,1.766,3.091,1.034,5.313,4.695,0.985,3,26.43,0,0.0,4.011,0.3884,20.921,16.921
2026-10-03 22:15:00,SHIFT_C,1,22.1,21.79,0.496,0.504,4.841,1.943,3.014,1.35,4.847,4.251,0.997,3,26.19,0,0.0,4.841,0.446,21.163,17.163
2026-10-03 22:30:00,SHIFT_C,1,22.05,23.13,0.496,0.504,4.626,1.703,3.136,1.272,5.324,4.587,0.951,2,31.92,0,0.0,4.626,0.6779,21.163,17.163
2026-10-03 22:45:00,SHIFT_C,1,22.01,22.07,0.496,0.504,3.994,2.224,3.336,1.046,4.974,4.397,0.991,3,31.53,0,0.0,3.994,0.3668,20.953,16.953
2026-10-03 23:00:00,SHIFT_C,1,21.97,22.23,0.491,0.509,4.554,2.131,2.929,1.181,4.946,4.245,0.881,3,31.35,0,0.0,4.554,0.4126,21.007,17.007
2026-10-03 23:15:00,SHIFT_C,1,21.93,20.43,0.491,0.509,4.453,2.305,2.988,1.302,5.409,4.113,0.914,3,30.96,0,0.0,4.453,0.4208,21.191,17.191
2026-10-03 23:30:00,SHIFT_C,1,21.9,22.27,0.491,0.509,4.45,2.076,3.343,1.157,5.144,4.377,0.99,3,30.85,0,0.0,4.45,0.418,21.188,17.188
2026-10-03 23:45:00,SHIFT_C,1,21.87,20.44,0.491,0.509,4.631,2.115,2.629,1.173,5.068,4.124,0.935,3,30.52,0,0.0,4.631,0.4213,21.46,17.46
2026-10-04 00:00:00,SHIFT_C,1,21.85,20.43,0.498,0.502,4.394,2.016,3.054,1.256,5.152,4.364,0.965,3,30.33,0,0.0,4.394,0.4153,21.614,17.614
2026-10-04 00:15:00,SHIFT_C,1,21.83,20.27,0.498,0.502,4.506,2.474,2.817,1.03,4.86,4.464,0.862,3,30.2,0,0.0,4.506,0.4069,21.841,17.841
2026-10-04 00:30:00,SHIFT_C,1,21.82,22.07,0.498,0.502,4.619,2.224,2.88,0.979,5.409,4.447,0.905,3,29.68,0,0.0,4.619,0.4366,21.944,17.944
2026-10-04 00:45:00,SHIFT_C,1,21.81,23.53,0.498,0.502,4.383,2.303,2.931,1.311,5.102,4.206,0.991,3,29.49,0,0.0,4.383,0.4097,21.781,17.781
2026-10-04 01:00:00,SHIFT_C,1,21.81,23.79,0.493,0.507,4.798,2.041,3.255,1.208,4.799,3.889,0.935,3,29.13,0,0.0,4.798,0.4184,21.801,17.801
2026-10-04 01:15:00,SHIFT_C,1,21.81,19.1,0.493,0.507,4.314,2.279,2.991,1.225,5.296,4.632,0.957,3,28.72,0,0.0,4.314,0.4206,22.048,18.048
2026-10-04 01:30:00,SHIFT_C,1,21.82,24.43,0.493,0.507,4.606,2.126,2.963,0.947,5.172,4.28,0.904,3,28.47,0,0.0,4.606,0.4192,21.908,17.908
2026-10-04 01:45:00,SHIFT_C,1,21.83,23.53,0.493,0.507,5.039,2.363,2.882,1.079,5.124,4.394,0.909,3,28.22,0,0.0,5.039,0.4668,22.075,18.075
2026-10-04 02:00:00,SHIFT_C,1,21.85,21.98,0.489,0.511,4.538,1.916,2.742,1.13,5.152,4.451,0.923,3,27.85,0,0.0,4.538,0.4259,22.146,18.146
2026-10-04 02:15:00,SHIFT_C,1,21.87,22.07,0.489,0.511,4.522,2.552,3.191,1.024,4.926,4.06,0.949,3,27.59,0,0.0,4.522,0.399,22.2,18.2
2026-10-04 02:30:00,SHIFT_C,1,21.9,22.66,0.489,0.511,3.99,2.112,2.959,1.15,5.822,4.316,0.94,3,27.34,0,0.0,3.99,0.3929,21.929,17.929
2026-10-04 02:45:00,SHIFT_C,1,21.93,21.66,0.489,0.511,3.944,2.493,2.963,1.124,5.337,4.423,0.973,3,27.04,0,0.0,3.944,0.3764,21.735,17.735
2026-10-04 03:00:00,SHIFT_C,1,21.97,21.05,0.485,0.515,4.021,2.088,2.886,1.152,5.14,4.482,1.008,3,26.73,0,0.0,4.021,0.3814,21.641,17.641
2026-10-04 03:15:00,SHIFT_C,1,22.01,21.32,0.485,0.515,4.553,2.516,3.139,1.096,4.965,4.207,0.944,3,26.54,0,0.0,4.553,0.411,21.785,17.785
2026-10-04 03:30:00,SHIFT_C,1,22.05,22.9,0.485,0.515,4.805,2.277,2.957,1.178,4.975,4.526,1.16,3,26.11,0,0.0,4.805,0.458,21.898,17.898
2026-10-04 03:45:00,SHIFT_C,1,22.1,20.78,0.485,0.515,4.413,2.012,2.968,1.051,5.227,4.309,0.967,3,25.74,0,0.0,4.413,0.4105,22.027,18.027
2026-10-04 04:00:00,SHIFT_C,1,22.15,22.44,0.481,0.519,4.052,2.231,2.873,1.089,5.331,4.185,1.018,3,25.61,0,0.0,4.052,0.3792,21.809,17.809
2026-10-04 04:15:00,SHIFT_C,1,22.2,22.17,0.481,0.519,4.286,2.288,2.707,1.066,5.184,4.18,0.982,3,25.15,0,0.0,4.286,0.3938,21.735,17.735
2026-10-04 04:30:00,SHIFT_C,1,22.26,22.57,0.481,0.519,4.289,1.65,3.049,1.078,5.319,4.854,0.958,3,24.79,0,0.0,4.289,0.4216,21.622,17.622
2026-10-04 04:45:00,SHIFT_C,1,22.32,21.28,0.481,0.519,4.654,2.269,3.299,0.966,5.253,4.33,1.045,3,24.56,0,0.0,4.654,0.4345,21.821,17.821
2026-10-04 05:00:00,SHIFT_C,1,22.39,23.72,0.477,0.523,3.989,2.011,2.906,1.187,4.565,4.387,0.899,3,24.36,0,0.0,3.989,0.3544,21.444,17.444
2026-10-04 05:15:00,SHIFT_C,1,22.45,20.31,0.477,0.523,4.179,2.215,3.108,1.195,5.384,4.507,0.972,3,24.05,0,0.0,4.179,0.4058,21.503,17.503
2026-10-04 05:30:00,SHIFT_C,1,22.52,22.69,0.477,0.523,4.413,2.163,3.1,1.127,4.736,4.242,0.988,3,23.86,0,0.0,4.413,0.3941,21.44,17.44
2026-10-04 05:45:00,SHIFT_C,1,22.59,22.66,0.477,0.523,4.393,1.887,2.838,1.408,5.451,4.112,0.908,3,23.54,0,0.0,4.393,0.4202,21.371,17.371
2026-10-04 06:00:00,SHIFT_A,1,27.52,28.27,0.473,0.527,5.605,2.912,3.411,1.137,4.642,4.237,0.991,3,23.24,0,0.0,5.605,0.4967,21.347,17.347
2026-10-04 06:15:00,SHIFT_A,1,27.61,28.01,0.473,0.527,5.502,2.609,2.651,1.066,6.07,4.346,1.046,3,22.87,0,0.0,5.502,0.5549,21.297,17.297
2026-10-04 06:30:00,SHIFT_A,1,27.7,28.76,0.473,0.527,4.953,2.558,3.085,1.167,5.397,4.172,0.899,3,22.62,0,0.0,4.953,0.464,20.897,16.897
2026-10-04 06:45:00,SHIFT_A,1,27.79,28.88,0.473,0.527,5.364,2.998,3.239,1.102,5.417,4.369,0.941,2,26.59,0,0.0,5.364,0.7798,20.691,16.691
2026-10-04 07:00:00,SHIFT_A,1,27.88,28.39,0.469,0.531,5.315,2.683,3.043,1.153,5.199,4.12,1.015,3,26.41,0,0.0,5.315,0.4916,20.51,16.51
2026-10-04 07:15:00,SHIFT_A,1,27.97,29.18,0.469,0.531,5.293,2.543,2.962,1.222,5.298,3.839,0.922,3,26.12,0,0.0,5.293,0.4808,20.239,16.239
2026-10-04 07:30:00,SHIFT_A,1,28.06,27.26,0.469,0.531,5.58,2.957,2.617,1.249,5.284,4.404,0.94,3,25.99,0,0.0,5.58,0.5336,20.303,16.303
2026-10-04 07:45:00,SHIFT_A,1,28.15,28.84,0.469,0.531,5.41,2.633,3.266,1.289,5.083,4.392,0.845,3,25.75,0,0.0,5.41,0.5057,20.123,16.123
2026-10-04 08:00:00,SHIFT_A,1,28.24,31.42,0.465,0.535,5.693,2.383,2.785,1.059,4.764,3.756,0.972,3,25.38,0,0.0,5.693,0.4836,19.828,15.828
2026-10-04 08:15:00,SHIFT_A,1,28.33,26.48,0.465,0.535,5.576,2.53,2.966,1.339,4.944,4.663,0.942,3,25.13,0,0.0,5.576,0.5337,19.968,15.968
2026-10-04 08:30:00,SHIFT_A,1,28.41,27.72,0.465,0.535,6.155,3.018,3.263,1.257,4.952,4.023,0.795,3,24.84,0,0.0,6.155,0.5464,20.274,16.274
2026-10-04 08:45:00,SHIFT_A,1,28.5,24.65,0.465,0.535,6.169,2.662,3.208,1.044,4.856,4.014,0.877,3,24.64,0,0.0,6.169,0.536,20.893,16.893
2026-10-04 09:00:00,SHIFT_A,1,28.58,29.32,0.462,0.538,6.352,2.58,2.977,1.262,5.531,3.948,0.965,3,24.21,0,0.0,6.352,0.5988,21.137,17.137
2026-10-04 09:15:00,SHIFT_A,1,28.65,29.95,0.462,0.538,5.605,2.573,2.786,1.179,5.405,4.367,0.855,3,24.0,0,0.0,5.605,0.5328,20.944,16.944
2026-10-04 09:30:00,SHIFT_A,1,28.73,29.85,0.462,0.538,5.626,2.085,2.742,1.108,4.942,4.147,0.916,3,23.56,0,0.0,5.626,0.5034,20.772,16.772
2026-10-04 09:45:00,SHIFT_A,1,28.8,28.39,0.462,0.538,5.429,1.56,2.854,1.108,5.178,3.92,0.707,3,23.34,0,0.0,5.429,0.4771,20.647,16.647
2026-10-04 10:00:00,SHIFT_A,1,28.87,29.0,0.459,0.541,6.289,2.732,3.253,1.148,5.271,4.342,0.992,3,23.0,0,0.0,6.289,0.5951,20.892,16.892
2026-10-04 10:15:00,SHIFT_A,1,28.93,30.74,0.459,0.541,5.966,2.53,2.88,1.176,5.196,4.358,0.972,3,22.7,0,0.0,5.966,0.5621,20.801,16.801
2026-10-04 10:30:00,SHIFT_A,1,28.99,29.68,0.459,0.541,5.09,2.292,2.919,1.188,5.579,4.334,0.838,3,22.46,0,0.0,5.09,0.4893,20.378,16.378
2026-10-04 10:45:00,SHIFT_A,1,29.04,29.35,0.459,0.541,5.853,2.113,3.138,1.193,5.196,3.957,0.925,3,22.22,0,0.0,5.853,0.5312,20.37,16.37
2026-10-04 11:00:00,SHIFT_A,1,29.09,29.88,0.455,0.545,6.155,2.361,2.844,1.157,5.208,4.539,0.86,2,26.03,0,0.0,6.155,0.9263,20.459,16.459
2026-10-04 11:15:00,SHIFT_A,1,29.13,27.14,0.455,0.545,5.566,2.524,3.262,1.138,4.709,4.395,1.018,3,25.61,0,0.0,5.566,0.5047,20.527,16.527
2026-10-04 11:30:00,SHIFT_A,1,25.67,26.74,0.455,0.545,5.09,2.555,3.192,1.357,5.172,4.468,0.943,3,25.47,0,0.0,5.09,0.4893,20.399,16.399
2026-10-04 11:45:00,SHIFT_A,1,25.7,26.72,0.455,0.545,5.276,2.797,3.112,1.08,5.107,4.535,0.919,3,25.07,0,0.0,5.276,0.4945,20.364,16.364
2026-10-04 12:00:00,SHIFT_A,1,29.23,27.94,0.452,0.548,5.665,2.647,2.876,1.229,5.043,4.3,0.961,3,24.78,0,0.0,5.665,0.5261,20.403,16.403
2026-10-04 12:15:00,SHIFT_A,1,29.25,29.22,0.452,0.548,5.696,2.344,3.291,1.178,5.23,3.621,0.961,3,24.4,0,0.0,5.696,0.504,20.328,16.328
2026-10-04 12:30:00,SHIFT_A,1,29.26,30.06,0.452,0.548,5.543,2.507,3.172,1.078,4.92,3.723,1.004,3,24.09,0,0.0,5.543,0.4786,20.093,16.093
2026-10-04 12:45:00,SHIFT_A,1,29.27,27.53,0.452,0.548,5.869,2.3,2.852,1.131,5.199,4.531,0.944,3,23.91,0,0.0,5.869,0.5578,20.275,16.275
2026-10-04 13:00:00,SHIFT_A,1,29.27,29.39,0.45,0.55,6.165,2.401,2.656,1.191,5.082,4.421,0.946,3,23.81,0,0.0,6.165,0.5778,20.419,16.419
2026-10-04 13:15:00,SHIFT_A,1,29.27,28.24,0.45,0.55,5.918,2.394,3.134,1.299,5.242,4.439,1.066,3,23.38,0,0.0,5.918,0.574,20.554,16.554
2026-10-04 13:30:00,SHIFT_A,1,29.26,29.96,0.45,0.55,6.07,2.157,3.126,1.324,5.379,4.607,1.041,3,23.19,0,0.0,6.07,0.6036,20.593,16.593
2026-10-04 13:45:00,SHIFT_A,1,29.25,30.99,0.45,0.55,5.967,2.306,3.045,1.26,5.473,4.393,0.861,3,22.89,0,0.0,5.967,0.5759,20.477,16.477
2026-10-04 14:00:00,SHIFT_B,1,30.95,29.57,0.447,0.553,6.807,1.819,3.227,1.259,5.551,4.521,1.053,3,22.7,0,0.0,6.807,0.6786,20.924,16.924
2026-10-04 14:15:00,SHIFT_B,1,30.92,31.07,0.447,0.553,6.357,2.483,2.898,1.152,4.845,4.245,0.856,3,22.36,0,0.0,6.357,0.568,20.995,16.995
2026-10-04 14:30:00,SHIFT_B,1,30.88,29.23,0.447,0.553,6.542,2.794,3.034,1.188,5.445,4.668,1.002,3,21.88,0,0.0,6.542,0.648,21.343,17.343
2026-10-04 14:45:00,SHIFT_B,1,30.84,32.84,0.447,0.553,6.494,2.711,2.567,1.284,4.444,4.098,0.916,3,21.49,0,0.0,6.494,0.5617,21.306,17.306
2026-10-04 15:00:00,SHIFT_B,1,30.8,30.01,0.445,0.555,6.339,2.523,2.765,1.027,5.657,4.022,0.933,2,27.07,0,0.0,6.339,0.9501,21.475,17.475
2026-10-04 15:15:00,SHIFT_B,1,30.75,31.49,0.445,0.555,6.252,2.532,3.183,1.181,4.89,4.175,0.953,3,26.89,0,0.0,6.252,0.5638,21.453,17.453
2026-10-04 15:30:00,SHIFT_B,1,30.69,29.37,0.445,0.555,8.791,2.343,3.286,1.092,4.672,4.744,1.077,3,26.78,0,0.0,8.791,0.8519,22.911,18.911
2026-10-04 15:45:00,SHIFT_B,1,30.63,31.2,0.445,0.555,8.912,2.392,3.033,0.97,5.261,4.567,1.027,3,26.39,0,0.0,8.912,0.89,24.247,20.247
2026-10-04 16:00:00,SHIFT_B,1,30.56,29.04,0.442,0.558,9.01,2.146,2.954,1.201,4.562,4.266,0.867,3,26.07,0,0.0,9.01,0.8135,25.096,21.096
2026-10-04 16:15:00,SHIFT_B,1,30.49,27.72,0.442,0.558,9.055,2.52,3.169,1.2,5.176,4.335,0.975,3,25.61,0,0.0,9.055,0.8955,25.228,21.228
2026-10-04 16:30:00,SHIFT_B,1,30.42,29.29,0.442,0.558,5.785,2.512,3.183,1.167,5.499,3.916,0.952,3,25.38,0,0.0,5.785,0.5373,25.071,21.071
2026-10-04 16:45:00,SHIFT_B,1,30.34,28.19,0.442,0.558,6.562,2.023,3.019,1.106,5.353,4.383,1.015,3,24.97,0,0.0,6.562,0.6264,25.181,21.181
2026-10-04 17:00:00,SHIFT_B,1,30.26,29.67,0.44,0.56,6.208,2.266,3.222,1.056,5.688,4.407,0.945,3,24.6,0,0.0,6.208,0.6046,25.033,21.033
2026-10-04 17:15:00,SHIFT_B,1,30.17,30.0,0.44,0.56,5.994,2.416,2.896,1.188,5.35,4.361,0.937,3,24.12,0,0.0,5.994,0.5712,25.0,21.0
2026-10-04 17:30:00,SHIFT_B,1,30.08,30.57,0.44,0.56,6.43,2.69,3.309,1.261,5.122,4.36,0.965,3,23.85,0,0.0,6.43,0.6062,24.943,20.943
2026-10-04 17:45:00,SHIFT_B,1,29.99,28.98,0.44,0.56,6.178,2.524,2.508,1.111,5.033,4.482,0.859,2,28.2,0,0.0,6.178,0.903,25.102,21.102
2026-10-04 18:00:00,SHIFT_B,1,29.9,27.05,0.438,0.562,5.52,2.626,2.967,1.243,5.877,3.944,0.918,3,27.78,0,0.0,5.52,0.5324,25.156,21.156
2026-10-04 18:15:00,SHIFT_B,1,29.81,30.89,0.438,0.562,6.158,2.48,3.13,1.114,5.542,4.559,0.977,3,27.53,0,0.0,6.158,0.6045,24.911,20.911
2026-10-04 18:30:00,SHIFT_B,1,29.71,29.18,0.438,0.562,5.935,2.396,2.897,1.135,5.334,4.174,1.113,3,27.08,0,0.0,5.935,0.5617,24.96,20.96
2026-10-04 18:45:00,SHIFT_B,1,29.62,30.98,0.438,0.562,5.865,2.489,2.885,1.262,5.31,3.983,1.058,3,26.76,0,0.0,5.865,0.5484,24.795,20.795
2026-10-04 19:00:00,SHIFT_B,1,25.98,26.16,0.436,0.564,4.846,2.604,2.964,1.167,4.943,4.45,0.993,3,26.37,0,0.0,4.846,0.4507,24.602,20.602
2026-10-04 19:15:00,SHIFT_B,1,25.89,25.53,0.436,0.564,4.767,2.323,2.612,1.229,5.29,4.116,0.991,3,26.02,0,0.0,4.767,0.4463,24.433,20.433
2026-10-04 19:30:00,SHIFT_B,1,29.33,31.25,0.436,0.564,6.527,2.187,3.042,1.238,5.597,4.277,1.08,3,25.72,0,0.0,6.527,0.6407,24.571,20.571
2026-10-04 19:45:00,SHIFT_B,1,29.23,27.49,0.436,0.564,5.8,2.821,2.926,1.16,5.037,4.524,0.922,3,25.52,0,0.0,5.8,0.5437,24.722,20.722
2026-10-04 20:00:00,SHIFT_B,1,29.14,31.22,0.435,0.565,5.555,2.729,2.936,1.309,5.331,4.363,0.917,3,25.09,0,0.0,5.555,0.5331,24.377,20.377
2026-10-04 20:15:00,SHIFT_B,1,29.05,26.1,0.435,0.565,6.302,2.501,2.823,1.205,4.852,4.421,1.099,3,24.85,0,0.0,6.302,0.5875,24.918,20.918
2026-10-04 20:30:00,SHIFT_B,1,28.96,29.37,0.435,0.565,5.713,2.343,2.959,1.161,5.363,4.489,0.963,3,24.67,0,0.0,5.713,0.5508,24.838,20.838
2026-10-04 20:45:00,SHIFT_B,1,28.87,31.43,0.435,0.565,5.255,2.17,3.004,1.039,4.914,4.164,0.934,3,24.46,0,0.0,5.255,0.4675,24.322,20.322
2026-10-04 21:00:00,SHIFT_B,1,28.78,29.96,0.434,0.566,5.799,2.544,3.034,1.019,5.141,4.014,0.969,3,24.19,0,0.0,5.799,0.5203,24.226,20.226
2026-10-04 21:15:00,SHIFT_B,1,28.7,28.27,0.434,0.566,5.668,2.41,2.988,1.151,5.321,4.263,1.0,2,29.63,0,0.0,5.668,0.8289,24.233,20.233
2026-10-04 21:30:00,SHIFT_B,1,28.62,31.12,0.434,0.566,6.147,2.788,2.838,1.179,5.122,4.499,0.91,3,29.48,0,0.0,6.147,0.5795,24.195,20.195
2026-10-04 21:45:00,SHIFT_B,1,28.55,27.2,0.434,0.566,5.565,2.716,3.096,1.075,5.773,4.287,1.056,3,29.09,0,0.0,5.565,0.5463,24.258,20.258
2026-10-04 22:00:00,SHIFT_C,1,22.15,21.33,0.433,0.567,4.226,2.384,3.431,1.274,5.243,4.059,0.934,3,29.01,0,0.0,4.226,0.3916,24.238,20.238
2026-10-04 22:15:00,SHIFT_C,1,22.1,20.49,0.433,0.567,4.279,1.563,3.003,1.14,5.255,4.82,1.052,3,28.62,0,0.0,4.279,0.4226,24.328,20.328
2026-10-04 22:30:00,SHIFT_C,1,22.05,23.23,0.433,0.567,4.312,1.728,2.966,1.13,4.848,4.329,0.926,3,28.35,0,0.0,4.312,0.39,24.161,20.161
2026-10-04 22:45:00,SHIFT_C,1,22.01,21.72,0.433,0.567,4.198,2.39,3.207,1.157,4.997,4.384,0.849,3,28.23,0,0.0,4.198,0.3849,24.089,20.089
2026-10-04 23:00:00,SHIFT_C,1,21.97,23.25,0.432,0.568,4.804,1.863,3.126,1.086,5.815,3.995,1.042,3,27.9,0,0.0,4.804,0.4618,24.166,20.166
2026-10-04 23:15:00,SHIFT_C,1,21.93,21.78,0.432,0.568,4.152,2.644,2.945,1.212,5.332,4.366,0.956,3,27.68,0,0.0,4.152,0.3967,24.064,20.064
2026-10-04 23:30:00,SHIFT_C,1,21.9,19.28,0.432,0.568,4.236,2.083,3.156,1.07,5.108,4.433,0.964,3,27.57,0,0.0,4.236,0.3948,24.254,20.254
2026-10-04 23:45:00,SHIFT_C,1,21.87,19.97,0.432,0.568,4.554,2.445,2.866,1.041,5.063,4.429,0.89,3,27.24,0,0.0,4.554,0.4189,24.534,20.534
2026-10-05 00:00:00,SHIFT_C,0,26.65,22.1,0.433,0.567,5.7,2.622,2.909,1.255,5.11,4.895,0.96,3,27.03,0,0.0,5.7,0.5608,25.175,21.175
2026-10-05 00:15:00,SHIFT_C,0,26.63,25.39,0.433,0.567,5.129,2.599,2.509,1.108,5.197,5.012,1.036,3,26.9,0,0.0,5.129,0.5102,25.2,21.2
2026-10-05 00:30:00,SHIFT_C,0,26.61,27.49,0.433,0.567,5.536,2.493,2.905,1.173,5.047,4.111,0.931,3,26.6,0,0.0,5.536,0.502,25.219,21.219
2026-10-05 00:45:00,SHIFT_C,0,26.6,26.65,0.433,0.567,4.94,2.605,3.111,1.074,5.558,3.911,0.839,3,26.39,0,0.0,4.94,0.4527,25.024,21.024
2026-10-05 01:00:00,SHIFT_C,0,26.6,28.15,0.432,0.568,5.03,2.698,3.003,1.247,5.926,4.469,0.96,3,26.15,0,0.0,5.03,0.5104,24.724,20.724
2026-10-05 01:15:00,SHIFT_C,0,26.6,26.49,0.432,0.568,5.699,2.824,3.131,1.467,4.986,3.98,0.877,3,25.86,0,0.0,5.699,0.5189,24.924,20.924
2026-10-05 01:30:00,SHIFT_C,0,26.61,26.59,0.432,0.568,5.478,2.811,3.045,1.15,5.207,4.406,0.982,3,25.59,0,0.0,5.478,0.5181,25.005,21.005
2026-10-05 01:45:00,SHIFT_C,0,26.63,25.42,0.432,0.568,5.677,2.659,2.948,1.264,5.266,4.303,0.946,3,25.33,0,0.0,5.677,0.5384,25.301,21.301
2026-10-05 02:00:00,SHIFT_C,0,26.65,26.26,0.431,0.569,5.58,2.804,3.203,1.153,5.25,4.661,0.883,3,25.06,0,0.0,5.58,0.5368,25.374,21.374
2026-10-05 02:15:00,SHIFT_C,0,26.67,26.97,0.431,0.569,5.681,2.83,3.141,0.975,4.932,4.433,0.816,3,24.75,0,0.0,5.681,0.5102,25.303,21.303
2026-10-05 02:30:00,SHIFT_C,0,26.71,27.91,0.431,0.569,5.195,2.246,3.065,1.078,5.362,4.447,0.863,3,24.53,0,0.0,5.195,0.4915,25.109,21.109
2026-10-05 02:45:00,SHIFT_C,0,26.74,26.04,0.431,0.569,5.277,2.579,2.641,1.298,5.054,4.402,0.967,3,24.0,0,0.0,5.277,0.498,25.144,21.144
2026-10-05 03:00:00,SHIFT_C,0,26.79,28.62,0.431,0.569,5.111,2.544,2.952,1.052,5.389,4.434,1.08,3,23.59,0,0.0,5.111,0.4919,24.837,20.837
2026-10-05 03:15:00,SHIFT_C,0,26.84,27.48,0.431,0.569,5.589,2.555,3.039,1.216,5.355,4.773,0.968,3,23.29,0,0.0,5.589,0.554,24.884,20.884
2026-10-05 03:30:00,SHIFT_C,0,26.89,27.17,0.431,0.569,4.561,2.992,3.144,1.185,4.731,4.421,0.871,3,22.82,0,0.0,4.561,0.4116,24.447,20.447
2026-10-05 03:45:00,SHIFT_C,0,26.95,23.74,0.431,0.569,6.034,2.364,2.79,1.149,5.417,4.342,1.058,3,22.3,0,0.0,6.034,0.5813,25.091,21.091
2026-10-05 04:00:00,SHIFT_C,0,27.01,27.55,0.43,0.57,5.123,2.458,2.92,1.177,5.471,4.443,0.921,2,26.69,0,0.0,5.123,0.7497,24.898,20.898
2026-10-05 04:15:00,SHIFT_C,0,27.08,27.05,0.43,0.57,4.94,2.629,3.036,1.105,5.005,4.429,0.993,3,26.3,0,0.0,4.94,0.4587,24.662,20.662
2026-10-05 04:30:00,SHIFT_C,0,27.15,29.32,0.43,0.57,5.862,2.208,2.978,1.169,4.896,4.122,0.95,3,26.01,0,0.0,5.862,0.5256,24.662,20.662
2026-10-05 04:45:00,SHIFT_C,0,27.22,25.51,0.43,0.57,5.812,2.76,3.135,1.103,5.276,3.684,1.093,3,25.83,0,0.0,5.812,0.522,25.016,21.016
2026-10-05 05:00:00,SHIFT_C,0,27.3,28.1,0.43,0.57,4.894,2.264,3.12,1.273,5.206,4.046,0.919,3,25.6,0,0.0,4.894,0.4509,24.653,20.653
2026-10-05 05:15:00,SHIFT_C,0,27.38,26.0,0.43,0.57,5.011,2.473,3.146,1.331,5.193,3.955,1.011,3,25.36,0,0.0,5.011,0.4635,24.558,20.558
2026-10-05 05:30:00,SHIFT_C,0,27.46,27.21,0.43,0.57,4.869,2.602,2.942,1.07,5.102,4.449,0.926,3,25.1,0,0.0,4.869,0.4527,24.271,20.271
2026-10-05 05:45:00,SHIFT_C,0,27.55,28.6,0.43,0.57,5.823,2.088,3.01,1.131,4.816,4.204,0.912,3,24.82,0,0.0,5.823,0.5187,24.322,20.322
2026-10-05 06:00:00,SHIFT_A,0,33.56,34.99,0.43,0.57,6.841,3.091,3.164,1.105,5.278,4.165,0.918,3,24.49,0,0.0,6.841,0.6316,24.245,20.245
2026-10-05 06:15:00,SHIFT_A,0,33.67,33.81,0.43,0.57,7.268,3.245,3.14,1.035,4.781,4.074,0.991,3,24.28,0,0.0,7.268,0.6368,24.498,20.498
2026-10-05 06:30:00,SHIFT_A,0,33.78,34.44,0.43,0.57,6.814,2.717,3.072,1.198,4.908,4.225,0.979,3,24.01,0,0.0,6.814,0.6206,24.461,20.461
2026-10-05 06:45:00,SHIFT_A,0,33.89,35.23,0.43,0.57,6.699,2.989,3.132,1.148,5.329,4.253,0.924,2,27.85,0,0.0,6.542,1.024,24.21,20.21
2026-10-05 07:00:00,SHIFT_A,0,34.0,35.05,0.43,0.57,6.773,3.074,3.538,1.283,5.45,4.065,0.987,3,27.64,0.157,0.224,6.93,0.6577,24.169,20.169
2026-10-05 07:15:00,SHIFT_A,0,34.11,35.56,0.43,0.57,6.768,3.562,2.996,1.227,5.914,4.452,0.956,3,27.43,0,0.0,6.768,0.6837,23.997,19.997
2026-10-05 07:30:00,SHIFT_A,0,34.22,34.06,0.43,0.57,6.628,3.417,3.167,1.224,5.54,4.419,1.092,3,26.92,0,0.0,6.628,0.655,23.905,19.905
2026-10-05 07:45:00,SHIFT_A,0,34.33,33.32,0.43,0.57,6.516,2.888,3.015,1.258,5.057,4.467,0.807,3,26.6,0,0.0,6.516,0.6081,23.832,19.832
2026-10-05 08:00:00,SHIFT_A,0,34.44,37.65,0.431,0.569,7.203,2.93,3.183,1.008,5.112,4.458,0.922,3,26.4,0,0.0,7.203,0.6669,23.669,19.669
2026-10-05 08:15:00,SHIFT_A,0,34.55,33.6,0.431,0.569,7.165,2.871,2.812,1.195,4.737,4.394,0.876,3,26.17,0,0.0,7.165,0.6463,23.891,19.891
2026-10-05 08:30:00,SHIFT_A,0,34.65,35.1,0.431,0.569,6.284,3.188,2.945,1.274,4.642,4.589,0.983,3,25.74,0,0.0,6.284,0.5812,23.523,19.523
2026-10-05 08:45:00,SHIFT_A,0,34.75,35.35,0.431,0.569,6.668,3.258,2.745,1.227,5.516,4.492,0.989,3,25.4,0,0.0,6.668,0.6562,23.322,19.322
2026-10-05 09:00:00,SHIFT_A,0,34.85,32.58,0.431,0.569,6.939,2.959,2.994,1.027,5.118,3.982,0.923,3,25.1,0,0.0,6.939,0.6173,23.534,19.534
2026-10-05 09:15:00,SHIFT_A,0,34.94,35.59,0.431,0.569,6.758,3.18,3.066,1.175,5.358,4.198,0.799,3,24.85,0,0.0,6.758,0.6273,23.354,19.354
2026-10-05 09:30:00,SHIFT_A,0,35.03,34.88,0.431,0.569,7.52,2.934,2.986,1.196,4.982,4.212,0.963,3,24.57,0,0.0,7.52,0.6874,23.625,19.625
2026-10-05 09:45:00,SHIFT_A,0,35.12,34.4,0.431,0.569,6.629,2.593,3.001,1.057,5.287,4.304,0.894,3,24.23,0,0.0,6.629,0.616,23.499,19.499
2026-10-05 10:00:00,SHIFT_A,0,35.2,35.73,0.432,0.568,6.873,2.487,3.261,1.075,5.531,3.909,0.875,3,23.91,0,0.0,6.873,0.6302,23.363,19.363
2026-10-05 10:15:00,SHIFT_A,0,35.28,35.52,0.432,0.568,7.085,2.814,3.348,1.211,5.204,3.923,0.869,3,23.77,0,0.0,7.085,0.6393,23.353,19.353
2026-10-05 10:30:00,SHIFT_A,0,35.35,34.91,0.432,0.568,6.159,2.888,3.371,1.102,5.03,4.416,0.965,3,23.55,0,0.0,6.159,0.5709,22.941,18.941
2026-10-05 10:45:00,SHIFT_A,0,35.41,36.64,0.432,0.568,7.042,2.694,2.81,1.166,4.988,4.34,0.895,3,23.27,0,0.0,7.042,0.6457,22.798,18.798
2026-10-05 11:00:00,SHIFT_A,0,35.47,34.58,0.433,0.567,7.115,2.891,3.106,1.219,5.009,3.993,0.993,3,22.96,0,0.0,7.115,0.6424,22.898,18.898
2026-10-05 11:15:00,SHIFT_A,0,35.52,38.27,0.433,0.567,7.095,3.137,3.417,1.067,5.095,4.119,0.984,3,22.53,0,0.0,7.095,0.6435,22.618,18.618
2026-10-05 11:30:00,SHIFT_A,0,31.3,31.12,0.433,0.567,6.697,2.564,2.875,1.189,5.276,4.544,0.924,3,22.04,0,0.0,6.697,0.6435,22.856,18.856
2026-10-05 11:45:00,SHIFT_A,0,31.34,29.86,0.433,0.567,5.721,2.945,3.213,1.288,5.23,3.976,0.815,3,21.69,0,0.0,5.721,0.5209,22.73,18.73
2026-10-05 12:00:00,SHIFT_A,0,35.64,38.4,0.435,0.565,7.407,2.487,3.194,1.333,5.038,4.068,0.853,3,21.44,0,0.0,7.407,0.6735,22.594,18.594
2026-10-05 12:15:00,SHIFT_A,0,35.67,35.37,0.435,0.565,7.647,3.038,3.047,1.198,5.352,3.989,0.907,3,21.06,0,0.0,7.647,0.7047,22.881,18.881
2026-10-05 12:30:00,SHIFT_A,0,35.69,33.35,0.435,0.565,6.945,2.727,2.764,1.147,5.112,3.948,1.002,2,26.68,0,0.0,6.787,1.0233,22.94,18.94
2026-10-05 12:45:00,SHIFT_A,0,35.7,35.86,0.435,0.565,7.406,2.992,2.765,1.066,5.451,4.608,1.084,3,26.41,0.158,0.236,7.564,0.7499,23.136,19.136
2026-10-05 13:00:00,SHIFT_A,0,35.7,33.67,0.436,0.564,6.462,2.993,2.786,1.262,5.503,3.503,0.962,3,26.06,0,0.0,6.462,0.5842,23.0,19.0
2026-10-05 13:15:00,SHIFT_A,0,35.7,36.28,0.436,0.564,7.599,2.794,2.959,1.284,4.661,4.294,0.859,3,25.69,0,0.0,7.599,0.679,23.171,19.171
2026-10-05 13:30:00,SHIFT_A,0,35.69,36.86,0.436,0.564,6.707,2.682,2.817,1.064,5.47,4.417,0.925,3,25.52,0,0.0,6.707,0.6414,22.839,18.839
2026-10-05 13:45:00,SHIFT_A,0,35.67,36.76,0.436,0.564,7.579,3.144,3.295,1.089,5.129,4.189,0.926,3,25.12,0,0.0,7.579,0.6915,22.952,18.952
2026-10-05 14:00:00,SHIFT_B,0,37.74,37.94,0.438,0.562,7.825,2.731,3.329,1.139,4.87,4.684,0.959,3,24.79,0,0.0,7.825,0.7381,23.071,19.071
2026-10-05 14:15:00,SHIFT_B,0,37.7,39.03,0.438,0.562,7.531,2.229,2.884,1.201,5.198,4.459,0.945,3,24.57,0,0.0,7.531,0.7157,22.934,18.934
2026-10-05 14:30:00,SHIFT_B,0,37.66,35.88,0.438,0.562,7.096,2.696,2.798,0.984,5.539,4.083,0.936,3,24.3,0,0.0,7.096,0.6595,22.894,18.894
2026-10-05 14:45:00,SHIFT_B,0,37.61,36.04,0.438,0.562,7.626,2.781,2.811,1.135,5.429,4.363,1.111,3,23.97,0,0.0,7.626,0.7444,23.104,19.104
2026-10-05 15:00:00,SHIFT_B,0,37.56,36.46,0.44,0.56,7.83,2.777,2.716,1.264,5.072,4.148,1.015,3,23.58,0,0.0,7.83,0.7263,23.373,19.373
2026-10-05 15:15:00,SHIFT_B,0,37.5,38.68,0.44,0.56,7.214,2.948,2.979,1.195,4.993,4.055,0.873,3,23.07,0,0.0,7.214,0.6456,23.112,19.112
2026-10-05 15:30:00,SHIFT_B,0,37.43,36.25,0.44,0.56,7.051,2.904,3.315,1.149,5.218,4.086,0.91,3,22.68,0,0.0,7.051,0.6451,23.013,19.013
2026-10-05 15:45:00,SHIFT_B,0,37.35,38.4,0.44,0.56,7.899,2.657,2.802,1.1,5.382,4.291,0.977,3,22.55,0,0.0,7.899,0.7552,23.122,19.122
2026-10-05 16:00:00,SHIFT_B,0,37.27,36.17,0.442,0.558,7.737,2.559,2.873,1.063,4.903,4.417,0.976,3,22.24,0,0.0,7.737,0.7077,23.374,19.374
2026-10-05 16:15:00,SHIFT_B,0,37.19,39.12,0.442,0.558,7.687,2.471,3.067,1.202,5.317,3.917,0.957,1,32.62,0,0.0,3.046,1.25,20.985,16.985
2026-10-05 16:30:00,SHIFT_B,0,37.1,37.79,0.442,0.558,7.543,2.691,2.807,1.001,5.615,4.479,0.959,3,32.23,4.641,7.924,8.786,1.25,21.599,17.599
2026-10-05 16:45:00,SHIFT_B,0,37.0,35.87,0.442,0.558,7.716,2.749,2.997,0.979,5.219,4.626,0.851,3,31.93,3.398,5.391,9.455,1.1755,22.74,18.74
2026-10-05 17:00:00,SHIFT_B,0,36.9,36.28,0.444,0.556,7.711,2.785,2.78,1.244,5.425,4.429,1.032,3,31.53,1.659,2.606,9.37,0.9812,23.797,19.797
2026-10-05 17:15:00,SHIFT_B,0,36.8,36.46,0.444,0.556,7.479,2.645,3.175,1.079,5.211,4.486,1.057,3,31.3,0,0.0,7.479,0.7126,23.89,19.89
2026-10-05 17:30:00,SHIFT_B,0,36.69,36.08,0.444,0.556,7.013,2.545,2.821,1.183,4.813,4.514,0.833,3,31.02,0,0.0,7.013,0.6405,23.789,19.789
2026-10-05 17:45:00,SHIFT_B,0,36.58,36.03,0.444,0.556,7.274,2.962,3.154,1.218,5.208,4.111,1.039,3,30.71,0,0.0,7.274,0.6779,23.823,19.823
2026-10-05 18:00:00,SHIFT_B,0,36.47,35.21,0.446,0.554,8.136,2.915,3.161,1.152,5.121,4.328,0.895,3,30.43,0,0.0,8.136,0.7628,24.369,20.369
2026-10-05 18:15:00,SHIFT_B,0,36.35,36.65,0.446,0.554,7.476,2.724,2.89,1.233,5.516,4.063,0.886,3,30.12,0,0.0,7.476,0.7042,24.335,20.335
2026-10-05 18:30:00,SHIFT_B,0,36.23,34.85,0.446,0.554,7.126,3.076,2.913,1.137,5.441,4.7,0.775,3,29.89,0,0.0,7.126,0.6915,24.413,20.413
2026-10-05 18:45:00,SHIFT_B,0,36.12,37.55,0.446,0.554,7.039,2.973,3.088,1.123,5.271,4.488,0.963,3,29.63,0,0.0,7.039,0.6714,24.178,20.178
2026-10-05 19:00:00,SHIFT_B,0,31.68,32.54,0.449,0.551,6.254,2.523,3.047,1.142,5.047,4.407,0.848,3,29.39,0,0.0,6.254,0.5762,24.051,20.051
2026-10-05 19:15:00,SHIFT_B,0,31.58,29.78,0.449,0.551,6.015,3.023,2.674,1.22,5.311,4.623,1.009,3,29.06,0,0.0,6.015,0.5891,24.081,20.081
2026-10-05 19:30:00,SHIFT_B,0,35.77,33.46,0.449,0.551,7.716,3.106,2.824,1.236,5.396,4.02,0.931,3,28.84,0,0.0,7.716,0.7196,24.592,20.592
2026-10-05 19:45:00,SHIFT_B,0,35.65,35.37,0.449,0.551,6.842,3.043,3.287,1.121,5.297,4.086,1.057,3,28.54,0,0.0,6.842,0.6369,24.463,20.463
2026-10-05 20:00:00,SHIFT_B,0,35.53,36.26,0.452,0.548,6.175,2.817,2.982,1.05,4.837,3.972,0.951,3,28.33,0,0.0,6.175,0.5374,23.925,19.925
2026-10-05 20:15:00,SHIFT_B,0,35.42,35.43,0.452,0.548,6.518,2.579,3.054,1.275,5.069,4.062,1.01,3,28.14,0,0.0,6.518,0.5991,23.641,19.641
2026-10-05 20:30:00,SHIFT_B,0,35.31,35.71,0.452,0.548,7.727,2.827,2.951,1.038,5.292,4.669,0.839,3,27.78,0,0.0,7.727,0.741,23.934,19.934
2026-10-05 20:45:00,SHIFT_B,0,35.2,36.37,0.452,0.548,6.86,2.894,2.889,1.229,5.303,4.24,0.937,3,27.42,0,0.0,6.86,0.6467,23.727,19.727
2026-10-05 21:00:00,SHIFT_B,0,35.1,32.14,0.455,0.545,7.024,2.773,3.079,1.152,4.907,4.433,0.907,3,27.0,0,0.0,7.024,0.6447,24.025,20.025
2026-10-05 21:15:00,SHIFT_B,0,35.0,33.89,0.455,0.545,7.415,3.046,2.86,1.058,5.127,4.465,1.084,3,26.71,0,0.0,7.415,0.7006,24.344,20.344
2026-10-05 21:30:00,SHIFT_B,0,34.9,34.85,0.455,0.545,7.19,3.187,2.683,1.143,4.922,4.191,1.083,3,26.47,0,0.0,7.19,0.6564,24.454,20.454
2026-10-05 21:45:00,SHIFT_B,0,34.81,33.37,0.455,0.545,7.045,2.676,2.969,1.202,5.419,4.162,0.919,3,26.26,0,0.0,7.045,0.6637,24.639,20.639
2026-10-05 22:00:00,SHIFT_C,0,27.01,25.6,0.458,0.542,4.784,2.537,3.284,1.049,4.963,4.416,0.799,3,25.92,0,0.0,4.784,0.4324,24.471,20.471
2026-10-05 22:15:00,SHIFT_C,0,26.95,25.79,0.458,0.542,5.504,2.439,2.961,1.333,5.364,4.181,0.911,3,25.56,0,0.0,5.504,0.5224,24.643,20.643
2026-10-05 22:30:00,SHIFT_C,0,26.89,28.28,0.458,0.542,5.198,2.307,2.862,1.239,5.148,4.076,0.873,3,25.32,0,0.0,5.198,0.4745,24.415,20.415
2026-10-05 22:45:00,SHIFT_C,0,26.84,24.96,0.458,0.542,5.299,2.445,3.245,1.21,5.463,4.668,0.836,3,25.01,0,0.0,5.299,0.5196,24.568,20.568
2026-10-05 23:00:00,SHIFT_C,0,26.79,26.03,0.461,0.539,5.461,2.164,2.883,1.13,5.304,4.163,0.937,3,24.57,0,0.0,5.461,0.5072,24.696,20.696
2026-10-05 23:15:00,SHIFT_C,0,26.74,24.61,0.461,0.539,5.528,2.197,2.84,1.347,5.229,4.385,0.974,3,24.33,0,0.0,5.528,0.5312,24.999,20.999
2026-10-05 23:30:00,SHIFT_C,0,26.71,26.09,0.461,0.539,5.522,2.701,3.041,1.315,5.442,4.123,0.969,3,23.93,0,0.0,5.522,0.5269,25.151,21.151
2026-10-05 23:45:00,SHIFT_C,0,26.67,26.27,0.461,0.539,5.424,2.681,2.714,0.894,5.515,4.385,0.89,3,23.68,0,0.0,5.424,0.5102,25.236,21.236
2026-10-06 00:00:00,SHIFT_C,0,26.65,27.24,0.456,0.544,5.085,2.659,3.123,1.147,5.142,4.432,0.895,3,23.33,0,0.0,5.085,0.4756,25.055,21.055
2026-10-06 00:15:00,SHIFT_C,0,26.63,26.94,0.456,0.544,5.771,2.629,3.066,1.135,5.291,4.652,0.842,3,23.03,0,0.0,5.771,0.5539,25.246,21.246
2026-10-06 00:30:00,SHIFT_C,0,26.61,25.6,0.456,0.544,5.002,2.52,2.914,1.318,5.189,4.262,1.017,3,22.79,0,0.0,5.002,0.4747,25.187,21.187
2026-10-06 00:45:00,SHIFT_C,0,26.6,26.82,0.456,0.544,5.357,2.842,3.039,1.12,5.152,3.826,0.774,3,22.68,0,0.0,5.357,0.469,25.184,21.184
2026-10-06 01:00:00,SHIFT_C,0,26.6,26.97,0.459,0.541,5.327,2.646,2.866,1.214,5.24,4.182,1.065,3,22.22,0,0.0,5.327,0.5019,25.151,21.151
2026-10-06 01:15:00,SHIFT_C,0,26.6,26.49,0.459,0.541,5.402,2.616,2.731,1.147,5.355,4.434,1.101,3,21.88,0,0.0,5.402,0.5236,25.203,21.203
2026-10-06 01:30:00,SHIFT_C,0,26.61,28.53,0.459,0.541,5.62,2.608,3.135,1.172,5.12,4.009,1.044,3,21.68,0,0.0,5.62,0.5134,25.147,21.147
2026-10-06 01:45:00,SHIFT_C,0,26.63,28.54,0.459,0.541,5.983,2.502,3.034,1.314,5.411,4.204,0.885,3,21.43,0,0.0,5.983,0.569,25.146,21.146
2026-10-06 02:00:00,SHIFT_C,0,26.65,26.69,0.463,0.537,5.383,2.32,3.058,1.232,5.378,4.271,1.027,3,21.2,0,0.0,5.383,0.5161,25.169,21.169
2026-10-06 02:15:00,SHIFT_C,0,26.67,28.28,0.463,0.537,5.402,2.901,3.14,1.189,5.416,4.023,0.879,3,20.85,0,0.0,5.402,0.5005,25.042,21.042
2026-10-06 02:30:00,SHIFT_C,0,26.71,27.48,0.463,0.537,4.666,2.486,3.119,1.137,4.808,4.357,1.044,3,20.64,0,0.0,4.666,0.4262,24.627,20.627
2026-10-06 02:45:00,SHIFT_C,0,26.74,29.54,0.463,0.537,5.574,2.433,2.857,1.085,5.574,4.185,0.922,3,20.48,0,0.0,5.574,0.5281,24.46,20.46
2026-10-06 03:00:00,SHIFT_C,0,26.79,27.64,0.466,0.534,5.038,2.486,3.218,1.198,5.667,4.66,0.934,3,20.1,0,0.0,5.038,0.5053,24.215,20.215
2026-10-06 03:15:00,SHIFT_C,0,26.84,27.46,0.466,0.534,5.091,2.485,2.995,1.276,4.707,4.019,1.001,3,19.9,0,0.0,5.091,0.451,24.014,20.014
2026-10-06 03:30:00,SHIFT_C,0,26.89,28.83,0.466,0.534,5.692,2.852,3.106,1.144,5.457,4.169,0.748,3,19.48,0,0.0,5.692,0.5278,23.977,19.977
2026-10-06 03:45:00,SHIFT_C,0,26.95,28.08,0.466,0.534,5.683,2.976,2.844,1.102,5.315,4.292,0.856,3,19.11,0,0.0,5.683,0.5292,24.01,20.01
2026-10-06 04:00:00,SHIFT_C,0,27.01,26.16,0.47,0.53,5.481,2.405,3.14,1.217,4.746,4.8,1.07,2,23.27,0,0.0,5.481,0.8022,24.135,20.135
2026-10-06 04:15:00,SHIFT_C,0,27.08,26.31,0.47,0.53,5.638,2.676,2.833,1.035,5.108,4.006,0.95,2,27.13,0,0.0,5.638,0.7667,24.323,20.323
2026-10-06 04:30:00,SHIFT_C,0,27.15,26.54,0.47,0.53,5.909,2.895,3.105,0.933,4.743,4.253,1.039,3,26.75,0,0.0,5.909,0.5219,24.624,20.624
2026-10-06 04:45:00,SHIFT_C,0,27.22,26.43,0.47,0.53,5.219,2.509,2.665,1.07,5.566,3.944,1.154,3,26.45,0,0.0,5.219,0.4931,24.59,20.59
2026-10-06 05:00:00,SHIFT_C,0,27.3,27.0,0.474,0.526,5.708,2.697,2.784,0.925,4.837,4.038,0.918,3,26.15,0,0.0,5.708,0.4926,24.744,20.744
2026-10-06 05:15:00,SHIFT_C,0,27.38,25.92,0.474,0.526,5.853,2.782,2.823,1.361,5.128,4.414,0.839,3,25.71,0,0.0,5.853,0.5534,25.078,21.078
2026-10-06 05:30:00,SHIFT_C,0,27.46,27.22,0.474,0.526,5.466,2.567,3.416,1.048,5.144,4.416,0.955,3,25.32,0,0.0,5.466,0.5088,25.089,21.089
2026-10-06 05:45:00,SHIFT_C,0,27.55,27.24,0.474,0.526,5.621,3.056,3.001,1.105,4.902,4.189,0.983,3,25.0,0,0.0,5.621,0.5059,25.176,21.176
2026-10-06 06:00:00,SHIFT_A,0,33.56,35.36,0.478,0.522,6.295,2.674,3.587,1.046,5.712,4.444,0.886,3,24.67,0,0.0,6.295,0.6127,24.464,20.464
2026-10-06 06:15:00,SHIFT_A,0,33.67,32.38,0.478,0.522,6.652,3.364,2.947,1.254,5.649,4.212,0.897,3,24.42,0,0.0,6.652,0.6433,24.551,20.551
2026-10-06 06:30:00,SHIFT_A,0,33.78,34.57,0.478,0.522,6.786,3.724,2.934,1.18,5.561,4.425,1.021,2,28.8,0,0.0,6.161,1.1015,24.175,20.175
2026-10-06 06:45:00,SHIFT_A,0,33.89,33.55,0.478,0.522,6.8,3.241,3.094,1.227,5.306,4.311,0.95,3,28.46,0.625,0.891,7.425,0.7051,24.532,20.532
2026-10-06 07:00:00,SHIFT_A,0,34.0,32.6,0.482,0.518,6.254,3.391,3.001,1.186,5.363,3.671,0.956,3,28.12,0,0.0,6.254,0.5628,24.399,20.399
2026-10-06 07:15:00,SHIFT_A,0,34.11,32.7,0.482,0.518,6.555,3.049,2.895,1.148,5.51,4.304,0.962,3,27.99,0,0.0,6.555,0.6293,24.406,20.406
2026-10-06 07:30:00,SHIFT_A,0,34.22,33.01,0.482,0.518,6.833,2.904,3.169,1.084,5.523,4.365,0.959,3,27.46,0,0.0,6.833,0.6564,24.521,20.521
2026-10-06 07:45:00,SHIFT_A,0,34.33,34.1,0.482,0.518,6.724,3.374,3.107,1.186,5.378,4.176,1.079,3,27.08,0,0.0,6.724,0.6399,24.474,20.474
2026-10-06 08:00:00,SHIFT_A,0,34.44,34.87,0.486,0.514,6.231,2.93,3.123,1.204,5.538,4.746,1.007,3,26.88,0,0.0,6.231,0.6269,24.102,20.102
2026-10-06 08:15:00,SHIFT_A,0,34.55,36.18,0.486,0.514,6.375,3.411,3.036,1.215,5.666,3.515,0.968,3,26.53,0,0.0,6.375,0.5833,23.672,19.672
2026-10-06 08:30:00,SHIFT_A,0,34.65,35.12,0.486,0.514,6.971,2.673,3.23,1.11,5.638,3.97,0.961,3,26.0,0,0.0,6.971,0.6555,23.645,19.645
2026-10-06 08:45:00,SHIFT_A,0,34.75,36.47,0.486,0.514,6.899,2.849,2.981,0.994,4.823,4.315,0.95,3,25.6,0,0.0,6.899,0.6156,23.447,19.447
2026-10-06 09:00:00,SHIFT_A,0,34.85,35.05,0.49,0.51,7.037,2.969,2.977,1.104,5.447,3.962,0.922,3,25.2,0,0.0,7.037,0.6478,23.46,19.46
2026-10-06 09:15:00,SHIFT_A,0,34.94,35.95,0.49,0.51,7.264,3.201,2.731,1.233,5.012,4.24,0.947,3,24.98,0,0.0,7.264,0.6687,23.497,19.497
2026-10-06 09:30:00,SHIFT_A,0,35.03,35.52,0.49,0.51,6.832,2.705,3.013,1.183,4.987,4.499,0.874,3,24.83,0,0.0,6.832,0.6349,23.361,19.361
2026-10-06 09:45:00,SHIFT_A,0,35.12,33.24,0.49,0.51,7.527,2.751,2.945,1.069,5.272,4.454,1.051,3,24.59,0,0.0,7.527,0.7179,23.8,19.8
2026-10-06 10:00:00,SHIFT_A,0,35.2,35.33,0.494,0.506,6.759,2.734,3.056,1.114,5.108,4.256,0.956,3,24.43,0,0.0,6.759,0.6223,23.647,19.647
2026-10-06 10:15:00,SHIFT_A,0,35.28,35.11,0.494,0.506,6.843,3.07,3.1,1.283,5.383,4.433,1.189,3,24.16,0,0.0,6.843,0.6771,23.557,19.557
2026-10-06 10:30:00,SHIFT_A,0,35.35,34.41,0.494,0.506,7.441,3.25,2.744,1.249,5.312,4.699,0.911,3,23.94,0,0.0,7.441,0.7316,23.837,19.837
2026-10-06 10:45:00,SHIFT_A,0,35.41,35.87,0.494,0.506,7.19,2.801,2.991,1.04,5.367,4.222,0.914,3,23.57,0,0.0,7.19,0.6683,23.846,19.846
2026-10-06 11:00:00,SHIFT_A,0,35.47,33.66,0.499,0.501,6.933,3.171,3.108,1.145,5.179,4.556,0.984,3,23.17,0,0.0,6.933,0.6622,23.947,19.947
2026-10-06 11:15:00,SHIFT_A,0,35.52,33.75,0.499,0.501,6.756,3.177,3.022,1.383,5.339,4.54,1.111,3,22.92,0,0.0,6.756,0.6731,23.95,19.95
2026-10-06 11:30:00,SHIFT_A,0,31.3,32.53,0.499,0.501,6.814,2.808,2.882,1.204,5.092,4.25,0.797,3,22.59,0,0.0,6.814,0.6223,24.104,20.104
2026-10-06 11:45:00,SHIFT_A,0,31.34,32.96,0.499,0.501,6.196,2.616,3.173,1.121,4.967,4.583,0.79,3,22.37,0,0.0,6.196,0.5717,23.905,19.905
2026-10-06 12:00:00,SHIFT_A,0,35.64,37.7,0.504,0.496,7.084,2.804,3.286,1.077,5.082,4.279,0.91,3,22.14,0,0.0,7.084,0.6473,23.677,19.677
2026-10-06 12:15:00,SHIFT_A,0,35.67,35.15,0.504,0.496,7.288,2.455,2.94,1.019,5.23,4.264,0.986,3,21.91,0,0.0,7.288,0.6747,23.806,19.806
2026-10-06 12:30:00,SHIFT_A,0,35.69,33.89,0.504,0.496,7.041,3.106,3.403,1.018,4.907,4.139,0.763,3,21.59,0,0.0,7.041,0.6138,23.938,19.938
2026-10-06 12:45:00,SHIFT_A,0,35.7,35.08,0.504,0.496,7.368,3.062,3.353,1.091,5.416,4.361,0.96,3,21.27,0,0.0,7.368,0.7018,24.113,20.113
2026-10-06 13:00:00,SHIFT_A,0,35.7,36.88,0.508,0.492,7.233,2.828,3.089,1.134,5.539,4.512,0.978,3,20.72,0,0.0,7.233,0.7083,24.042,20.042
2026-10-06 13:15:00,SHIFT_A,0,35.7,35.8,0.508,0.492,6.882,2.711,3.281,1.297,4.669,4.488,0.862,3,20.47,0,0.0,6.882,0.627,23.903,19.903
2026-10-06 13:30:00,SHIFT_A,0,35.69,36.23,0.508,0.492,7.194,2.802,3.049,1.089,4.876,4.172,0.901,3,20.2,0,0.0,7.194,0.6393,23.876,19.876
2026-10-06 13:45:00,SHIFT_A,0,35.67,36.23,0.508,0.492,7.211,2.595,3.249,1.247,4.872,4.243,0.893,3,19.97,0,0.0,7.211,0.6535,23.859,19.859
2026-10-06 14:00:00,SHIFT_B,0,37.74,37.15,0.513,0.487,7.292,2.834,3.248,1.175,4.936,4.33,1.046,3,19.55,0,0.0,7.292,0.6744,23.79,19.79
2026-10-06 14:15:00,SHIFT_B,0,37.7,38.27,0.513,0.487,7.765,2.772,3.257,1.318,5.528,4.212,0.943,2,23.78,0,0.0,5.989,1.25,22.957,18.957
2026-10-06 14:30:00,SHIFT_B,0,37.66,37.6,0.513,0.487,7.205,2.976,3.024,1.161,5.318,4.404,0.949,2,28.52,1.776,4.515,5.901,1.25,22.148,18.148
2026-10-06 14:45:00,SHIFT_B,0,37.61,37.29,0.513,0.487,7.699,2.836,3.003,1.078,5.509,4.376,0.92,3,28.34,3.081,4.943,9.349,1.153,23.093,19.093
2026-10-06 15:00:00,SHIFT_B,0,37.56,39.53,0.518,0.482,7.103,2.763,2.985,1.077,5.818,4.364,0.951,3,28.17,1.431,2.203,8.534,0.8759,23.408,19.408
2026-10-06 15:15:00,SHIFT_B,0,37.5,37.95,0.518,0.482,7.578,2.78,3.108,1.153,5.011,4.27,1.122,3,27.82,0,0.0,7.578,0.7051,23.402,19.402
2026-10-06 15:30:00,SHIFT_B,0,37.43,36.74,0.518,0.482,7.577,2.586,3.117,1.263,5.208,4.36,0.856,3,27.48,0,0.0,7.577,0.713,23.517,19.517
2026-10-06 15:45:00,SHIFT_B,0,37.35,36.04,0.518,0.482,7.816,2.974,2.906,1.096,5.45,4.127,0.76,3,27.23,0,0.0,7.816,0.7194,23.821,19.821
2026-10-06 16:00:00,SHIFT_B,0,37.27,37.47,0.523,0.477,6.942,2.879,3.125,1.164,5.251,3.77,0.859,3,26.91,0,0.0,6.942,0.6172,23.544,19.544
2026-10-06 16:15:00,SHIFT_B,0,37.19,37.3,0.523,0.477,7.338,2.645,3.098,1.083,5.215,4.62,1.05,3,26.52,0,0.0,7.338,0.7071,23.483,19.483
2026-10-06 16:30:00,SHIFT_B,0,37.1,38.71,0.523,0.477,7.534,3.037,2.981,1.228,4.935,4.253,0.847,3,26.18,0,0.0,7.534,0.6832,23.379,19.379
2026-10-06 16:45:00,SHIFT_B,0,37.0,34.0,0.523,0.477,7.307,2.732,2.757,1.193,4.998,4.762,0.932,3,25.75,0,0.0,7.307,0.6992,23.633,19.633
2026-10-06 17:00:00,SHIFT_B,0,36.9,37.29,0.527,0.473,7.183,2.729,3.309,1.361,4.925,3.836,1.129,3,25.36,0,0.0,7.183,0.6507,23.495,19.495
2026-10-06 17:15:00,SHIFT_B,0,36.8,36.7,0.527,0.473,8.049,2.982,3.099,0.997,5.056,4.3,1.082,3,24.77,0,0.0,8.049,0.7472,23.849,19.849
2026-10-06 17:30:00,SHIFT_B,0,36.69,37.4,0.527,0.473,7.371,2.771,3.144,1.333,5.355,4.156,1.096,3,24.48,0,0.0,7.371,0.7086,23.795,19.795
2026-10-06 17:45:00,SHIFT_B,0,36.58,34.17,0.527,0.473,7.083,2.836,3.245,1.055,5.027,4.431,0.934,2,29.08,0,0.0,6.565,1.079,23.66,19.66
2026-10-06 18:00:00,SHIFT_B,0,36.47,38.69,0.532,0.468,6.608,2.862,2.815,1.191,6.673,5.782,0.934,3,28.77,0.519,0.946,7.126,0.8666,23.354,19.354
2026-10-06 18:15:00,SHIFT_B,0,36.35,35.7,0.532,0.468,7.124,2.793,3.36,1.294,7.325,5.6,1.024,3,28.44,0,0.0,7.124,0.9142,23.345,19.345
2026-10-06 18:30:00,SHIFT_B,0,36.23,36.67,0.532,0.468,7.523,3.218,2.803,1.22,6.825,5.814,0.886,3,28.19,0,0.0,7.523,0.9402,23.44,19.44
2026-10-06 18:45:00,SHIFT_B,0,36.12,35.74,0.532,0.468,7.353,2.993,2.886,1.23,7.158,5.634,0.979,3,28.06,0,0.0,7.353,0.9329,23.542,19.542
2026-10-06 19:00:00,SHIFT_B,0,31.68,29.73,0.537,0.463,6.348,2.727,3.25,1.121,7.315,5.634,1.01,3,27.85,0,0.0,6.348,0.7824,23.743,19.743
2026-10-06 19:15:00,SHIFT_B,0,31.58,32.95,0.537,0.463,6.163,2.843,3.035,1.132,5.388,4.217,0.979,3,27.48,0,0.0,6.163,0.5813,23.53,19.53
2026-10-06 19:30:00,SHIFT_B,0,35.77,34.28,0.537,0.463,6.838,2.854,3.304,1.258,5.021,4.03,0.989,3,27.13,0,0.0,6.838,0.6221,23.521,19.521
2026-10-06 19:45:00,SHIFT_B,0,35.65,38.21,0.537,0.463,7.23,2.772,3.026,0.974,5.108,3.939,0.95,3,26.69,0,0.0,7.23,0.6387,23.315,19.315
2026-10-06 20:00:00,SHIFT_B,0,35.53,37.5,0.542,0.458,6.826,3.26,2.969,1.11,5.657,4.23,0.89,3,26.4,0,0.0,6.826,0.6533,22.978,18.978
2026-10-06 20:15:00,SHIFT_B,0,35.42,34.84,0.542,0.458,7.182,2.917,2.538,1.213,5.051,4.393,1.091,2,26.34,0,0.0,6.324,1.1358,22.655,18.655
2026-10-06 20:30:00,SHIFT_B,0,35.31,36.13,0.542,0.458,7.196,3.057,2.803,1.261,5.215,4.437,0.843,3,26.14,0.859,1.239,8.055,0.7748,23.069,19.069
2026-10-06 20:45:00,SHIFT_B,0,35.2,35.66,0.542,0.458,6.855,3.126,2.94,1.119,5.813,4.026,1.077,3,25.95,0,0.0,6.855,0.6642,22.931,18.931
2026-10-06 21:00:00,SHIFT_B,0,35.1,34.18,0.547,0.453,7.188,3.175,2.824,1.258,5.432,4.131,0.959,3,25.68,0,0.0,7.188,0.6817,23.107,19.107
2026-10-06 21:15:00,SHIFT_B,0,35.0,34.71,0.547,0.453,7.1,3.075,3.056,1.142,5.185,4.316,0.978,3,25.58,0,0.0,7.1,0.6644,23.187,19.187
2026-10-06 21:30:00,SHIFT_B,0,34.9,34.59,0.547,0.453,6.843,3.129,3.04,1.182,4.969,4.642,1.037,3,25.35,0,0.0,6.843,0.6518,23.15,19.15
2026-10-06 21:45:00,SHIFT_B,0,34.81,35.62,0.547,0.453,6.888,3.065,2.812,1.036,5.506,4.782,1.046,3,25.1,0,0.0,6.888,0.686,23.031,19.031
2026-10-06 22:00:00,SHIFT_C,0,27.01,27.52,0.552,0.448,5.287,2.591,3.489,1.117,4.9,4.13,1.063,3,24.76,0,0.0,5.287,0.4772,22.923,18.923
2026-10-06 22:15:00,SHIFT_C,0,26.95,27.99,0.552,0.448,4.924,2.602,3.024,1.197,5.136,4.977,1.006,3,24.41,0,0.0,4.924,0.4883,22.586,18.586
2026-10-06 22:30:00,SHIFT_C,0,26.89,28.34,0.552,0.448,5.954,2.132,2.822,1.066,4.768,3.573,0.827,3,24.08,0,0.0,5.954,0.4907,22.73,18.73
2026-10-06 22:45:00,SHIFT_C,0,26.84,27.71,0.552,0.448,5.344,2.729,3.099,1.192,4.787,3.991,0.969,3,23.9,0,0.0,5.344,0.4707,22.631,18.631
2026-10-06 23:00:00,SHIFT_C,0,26.79,26.43,0.557,0.443,5.474,2.259,2.993,1.058,4.841,4.396,0.876,3,23.7,0,0.0,5.474,0.4923,22.724,18.724
2026-10-06 23:15:00,SHIFT_C,0,26.74,27.54,0.557,0.443,5.639,2.453,3.216,1.104,4.977,4.569,1.025,3,23.16,0,0.0,5.639,0.53,22.79,18.79
2026-10-06 23:30:00,SHIFT_C,0,26.71,27.83,0.557,0.443,5.152,2.588,2.842,1.059,5.775,4.108,0.953,3,22.81,0,0.0,5.152,0.4934,22.583,18.583
2026-10-06 23:45:00,SHIFT_C,0,26.67,26.8,0.557,0.443,5.737,2.611,3.184,1.005,4.732,4.35,0.994,3,22.4,0,0.0,5.737,0.5118,22.771,18.771
2026-10-07 00:00:00,SHIFT_C,0,26.65,26.39,0.55,0.45,5.544,2.432,2.943,1.241,4.545,4.226,1.054,3,21.89,0,0.0,5.544,0.494,22.904,18.904
2026-10-07 00:15:00,SHIFT_C,0,26.63,26.79,0.55,0.45,5.28,2.61,2.887,1.345,5.217,3.989,0.853,3,21.54,0,0.0,5.28,0.4848,22.865,18.865
2026-10-07 00:30:00,SHIFT_C,0,26.61,27.52,0.55,0.45,4.797,2.378,3.138,1.413,5.115,4.507,0.857,3,21.37,0,0.0,4.797,0.4593,22.512,18.512
2026-10-07 00:45:00,SHIFT_C,0,26.6,27.05,0.55,0.45,5.275,2.635,2.878,1.209,5.361,4.189,0.966,3,21.15,0,0.0,5.275,0.498,22.444,18.444
2026-10-07 01:00:00,SHIFT_C,0,26.6,25.3,0.555,0.445,5.355,2.446,2.811,1.198,4.902,4.477,0.927,3,20.7,0,0.0,5.355,0.496,22.592,18.592
2026-10-07 01:15:00,SHIFT_C,0,26.6,28.0,0.555,0.445,5.613,2.355,3.121,1.175,5.519,4.202,0.981,3,20.36,0,0.0,5.613,0.5368,22.599,18.599
2026-10-07 01:30:00,SHIFT_C,0,26.61,25.9,0.555,0.445,5.318,2.642,2.886,1.152,5.265,4.179,1.147,3,20.22,0,0.0,5.318,0.5028,22.668,18.668
2026-10-07 01:45:00,SHIFT_C,0,26.63,26.59,0.555,0.445,5.215,2.562,2.544,1.159,4.919,4.549,0.94,3,20.02,0,0.0,5.215,0.4858,22.616,18.616
2026-10-07 02:00:00,SHIFT_C,0,26.65,27.04,0.56,0.44,5.645,2.455,3.14,1.305,5.157,4.333,0.979,3,19.64,0,0.0,5.645,0.5351,22.735,18.735
2026-10-07 02:15:00,SHIFT_C,0,26.67,26.14,0.56,0.44,4.806,2.232,3.11,1.215,5.331,4.526,0.971,2,25.43,0,0.0,4.806,0.6991,22.524,18.524
2026-10-07 02:30:00,SHIFT_C,0,26.71,27.75,0.56,0.44,5.565,2.506,2.897,1.068,5.08,4.217,0.973,3,25.22,0,0.0,5.565,0.508,22.531,18.531
2026-10-07 02:45:00,SHIFT_C,0,26.74,27.44,0.56,0.44,5.273,2.213,2.944,1.113,5.209,4.635,0.991,3,24.89,0,0.0,5.273,0.5073,22.424,18.424
2026-10-07 03:00:00,SHIFT_C,0,26.79,27.05,0.565,0.435,5.276,2.599,3.15,1.162,5.427,4.205,0.996,2,30.33,0,0.0,5.276,0.7602,22.357,18.357
2026-10-07 03:15:00,SHIFT_C,0,26.84,24.63,0.565,0.435,5.805,2.574,3.055,0.948,5.519,4.881,0.842,3,29.96,0,0.0,5.805,0.5697,22.796,18.796
2026-10-07 03:30:00,SHIFT_C,0,26.89,28.5,0.565,0.435,5.77,2.737,2.654,1.134,4.671,4.547,0.948,3,29.67,0,0.0,5.77,0.525,22.831,18.831
2026-10-07 03:45:00,SHIFT_C,0,26.95,26.48,0.565,0.435,4.935,2.749,2.753,1.013,5.11,4.274,0.852,3,29.33,0,0.0,4.935,0.447,22.65,18.65
2026-10-07 04:00:00,SHIFT_C,0,27.01,26.95,0.57,0.43,5.24,2.314,2.812,1.16,4.927,4.543,0.882,3,29.01,0,0.0,5.24,0.4857,22.575,18.575
2026-10-07 04:15:00,SHIFT_C,0,27.08,27.06,0.57,0.43,5.519,2.247,3.171,1.117,5.471,4.123,0.917,3,28.76,0,0.0,5.519,0.5168,22.629,18.629
2026-10-07 04:30:00,SHIFT_C,0,27.15,27.1,0.57,0.43,5.309,2.835,2.898,1.283,4.964,4.503,0.77,3,28.59,0,0.0,5.309,0.4924,22.573,18.573
2026-10-07 04:45:00,SHIFT_C,0,27.22,27.71,0.57,0.43,5.814,2.668,3.195,1.178,5.256,4.042,0.869,3,28.11,0,0.0,5.814,0.531,22.709,18.709
2026-10-07 05:00:00,SHIFT_C,0,27.3,26.94,0.575,0.425,5.969,2.659,2.628,1.132,4.859,4.08,1.073,3,27.8,0,0.0,5.969,0.5356,23.0,19.0
2026-10-07 05:15:00,SHIFT_C,0,27.38,28.58,0.575,0.425,5.511,2.382,2.425,1.032,5.441,4.594,0.935,3,27.49,0,0.0,5.511,0.5326,22.897,18.897
2026-10-07 05:30:00,SHIFT_C,0,27.46,26.88,0.575,0.425,6.055,2.746,2.778,1.088,5.274,4.42,0.957,3,27.16,0,0.0,6.055,0.5723,23.237,19.237
2026-10-07 05:45:00,SHIFT_C,0,27.55,29.71,0.575,0.425,5.824,2.018,3.046,1.327,4.822,4.232,0.969,3,26.91,0,0.0,5.824,0.5322,23.178,19.178
2026-10-07 06:00:00,SHIFT_A,0,33.56,33.73,0.58,0.42,7.344,3.502,3.606,1.155,5.326,4.271,0.948,2,31.41,0,0.0,6.306,1.1647,22.958,18.958
2026-10-07 06:15:00,SHIFT_A,0,33.67,34.17,0.58,0.42,7.137,3.096,2.998,1.04,5.613,4.409,1.153,3,31.07,1.038,1.579,8.175,0.829,23.629,19.629
2026-10-07 06:30:00,SHIFT_A,0,33.78,35.11,0.58,0.42,6.983,3.396,2.798,1.268,5.23,4.651,0.961,3,30.81,0,0.0,6.983,0.6809,23.61,19.61
2026-10-07 06:45:00,SHIFT_A,0,33.89,34.72,0.58,0.42,7.278,2.743,2.932,1.229,5.244,3.936,0.939,3,30.5,0,0.0,7.278,0.665,23.777,19.777
2026-10-07 07:00:00,SHIFT_A,0,34.0,32.61,0.585,0.415,7.264,3.001,2.924,1.019,4.561,4.289,1.013,3,30.16,0,0.0,7.264,0.6364,24.148,20.148
2026-10-07 07:15:00,SHIFT_A,0,34.11,33.91,0.585,0.415,6.725,3.153,3.126,1.178,5.257,4.78,0.971,3,29.94,0,0.0,6.725,0.6598,24.12,20.12
2026-10-07 07:30:00,SHIFT_A,0,34.22,34.2,0.585,0.415,6.818,2.995,3.301,1.169,5.422,4.564,0.924,3,29.49,0,0.0,6.818,0.6631,24.109,20.109
2026-10-07 07:45:00,SHIFT_A,0,34.33,33.88,0.585,0.415,6.738,2.707,2.685,1.095,5.275,4.257,0.926,3,29.18,0,0.0,6.738,0.6268,24.09,20.09
2026-10-07 08:00:00,SHIFT_A,0,34.44,34.9,0.589,0.411,6.998,3.139,3.075,1.243,5.554,4.361,0.862,3,28.66,0,0.0,6.998,0.6773,24.099,20.099
2026-10-07 08:15:00,SHIFT_A,0,34.55,34.53,0.589,0.411,7.088,3.43,3.158,1.052,5.144,3.762,0.95,3,28.18,0,0.0,7.088,0.6224,24.19,20.19
2026-10-07 08:30:00,SHIFT_A,0,34.65,35.69,0.589,0.411,6.743,2.987,3.043,1.185,4.579,4.52,0.832,3,27.81,0,0.0,6.743,0.6035,23.992,19.992
2026-10-07 08:45:00,SHIFT_A,0,34.75,35.67,0.589,0.411,7.188,2.851,3.348,1.331,5.347,4.664,0.864,3,27.42,0,0.0,7.188,0.7064,24.02,20.02
2026-10-07 09:00:00,SHIFT_A,0,34.85,34.03,0.594,0.406,6.885,3.07,2.85,1.362,5.394,4.13,0.958,3,27.22,0,0.0,6.885,0.6565,24.06,20.06
2026-10-07 09:15:00,SHIFT_A,0,34.94,34.81,0.594,0.406,7.273,2.734,2.85,1.264,5.073,4.237,1.042,3,27.01,0,0.0,7.273,0.6802,24.215,20.215
2026-10-07 09:30:00,SHIFT_A,0,35.03,35.79,0.594,0.406,6.649,2.893,3.007,1.156,5.294,4.516,0.998,3,26.7,0,0.0,6.649,0.6405,23.96,19.96
2026-10-07 09:45:00,SHIFT_A,0,35.12,35.37,0.594,0.406,6.66,3.072,2.943,1.278,5.169,4.453,0.995,3,26.4,0,0.0,6.66,0.6378,23.753,19.753
2026-10-07 10:00:00,SHIFT_A,0,35.2,36.9,0.599,0.401,6.481,3.203,2.859,1.098,5.125,4.97,1.085,3,26.09,0,0.0,6.481,0.6407,23.303,19.303
2026-10-07 10:15:00,SHIFT_A,0,35.28,36.35,0.599,0.401,6.782,2.512,2.975,0.952,5.327,4.279,0.79,3,25.68,0,0.0,6.782,0.6196,23.059,19.059
2026-10-07 10:30:00,SHIFT_A,0,35.35,35.15,0.599,0.401,7.581,2.652,2.649,1.085,5.542,4.672,0.948,3,25.38,0,0.0,7.581,0.7552,23.334,19.334
2026-10-07 10:45:00,SHIFT_A,0,35.41,34.58,0.599,0.401,7.232,2.534,2.983,1.271,5.584,4.276,0.95,3,25.1,0,0.0,7.232,0.7035,23.493,19.493
2026-10-07 11:00:00,SHIFT_A,0,35.47,34.08,0.603,0.397,7.021,3.203,3.096,1.129,5.104,4.247,1.063,3,24.75,0,0.0,7.021,0.6526,23.596,19.596
2026-10-07 11:15:00,SHIFT_A,0,35.52,36.44,0.603,0.397,7.047,2.776,2.858,1.198,5.282,4.358,1.021,3,24.5,0,0.0,7.047,0.6728,23.476,19.476
2026-10-07 11:30:00,SHIFT_A,0,31.3,30.8,0.603,0.397,6.161,2.471,3.176,1.158,5.024,4.296,0.901,3,24.25,0,0.0,6.161,0.5645,23.475,19.475
2026-10-07 11:45:00,SHIFT_A,0,31.34,31.3,0.603,0.397,5.782,2.665,3.007,1.109,5.394,4.31,0.901,3,23.79,0,0.0,5.782,0.5454,23.237,19.237
2026-10-07 12:00:00,SHIFT_A,0,35.64,36.88,0.608,0.392,7.277,2.539,2.854,1.236,5.223,4.516,0.862,3,23.48,0,0.0,7.277,0.6936,23.188,19.188
2026-10-07 12:15:00,SHIFT_A,0,35.67,34.29,0.608,0.392,7.216,2.778,3.048,1.173,4.666,4.771,0.926,3,23.19,0,0.0,7.216,0.6702,23.367,19.367
2026-10-07 12:30:00,SHIFT_A,0,35.69,35.48,0.608,0.392,6.66,2.713,2.788,1.167,5.223,4.216,0.93,3,22.91,0,0.0,6.66,0.6186,23.149,19.149
2026-10-07 12:45:00,SHIFT_A,0,35.7,34.73,0.608,0.392,7.158,2.398,3.017,1.205,5.376,4.289,0.916,3,22.37,0,0.0,7.158,0.6793,23.255,19.255
2026-10-07 13:00:00,SHIFT_A,0,35.7,36.68,0.612,0.388,7.022,2.735,3.031,0.965,5.0,4.607,0.924,3,22.11,0,0.0,7.022,0.65,23.099,19.099
2026-10-07 13:15:00,SHIFT_A,0,35.7,37.37,0.612,0.388,6.931,2.691,2.953,1.32,4.835,4.511,0.98,3,21.79,0,0.0,6.931,0.6499,22.828,18.828
2026-10-07 13:30:00,SHIFT_A,0,35.69,34.38,0.612,0.388,7.243,2.965,3.01,1.064,5.263,4.26,1.011,3,21.41,0,0.0,7.243,0.6764,23.011,19.011
2026-10-07 13:45:00,SHIFT_A,0,35.67,36.91,0.612,0.388,7.117,2.805,2.983,0.942,5.202,4.416,0.91,3,21.14,0,0.0,7.117,0.6573,22.878,18.878
2026-10-07 14:00:00,SHIFT_B,0,37.74,37.21,0.616,0.384,8.434,2.589,3.669,1.087,5.013,4.19,0.969,3,20.83,0,0.0,8.434,0.7782,23.374,19.374
2026-10-07 14:15:00,SHIFT_B,0,37.7,37.73,0.616,0.384,7.935,2.491,2.827,1.133,5.251,4.462,1.021,3,20.5,0,0.0,7.935,0.7692,23.569,19.569
2026-10-07 14:30:00,SHIFT_B,0,37.66,37.66,0.616,0.384,7.178,2.933,3.297,1.124,5.014,4.314,1.037,3,20.32,0,0.0,7.178,0.664,23.392,19.392
2026-10-07 14:45:00,SHIFT_B,0,37.61,37.81,0.616,0.384,7.549,2.461,2.723,1.339,5.534,4.518,1.048,3,19.96,0,0.0,7.549,0.7659,23.385,19.385
2026-10-07 15:00:00,SHIFT_B,0,37.56,34.99,0.62,0.38,7.043,2.941,2.9,1.175,4.828,4.411,0.903,3,19.7,0,0.0,7.043,0.6417,23.407,19.407
2026-10-07 15:15:00,SHIFT_B,0,37.5,38.35,0.62,0.38,7.614,2.651,3.057,1.17,4.731,4.259,0.913,3,19.46,0,0.0,7.614,0.6788,23.379,19.379
2026-10-07 15:30:00,SHIFT_B,0,37.43,37.46,0.62,0.38,7.465,2.87,3.135,0.968,5.329,4.022,0.907,3,19.23,0,0.0,7.465,0.6747,23.365,19.365
2026-10-07 15:45:00,SHIFT_B,0,37.35,35.45,0.62,0.38,7.631,2.551,2.993,1.266,4.919,4.416,0.839,2,23.42,0,0.0,6.396,1.1931,23.018,19.018
2026-10-07 16:00:00,SHIFT_B,0,37.27,38.7,0.624,0.376,7.424,2.306,3.039,1.083,5.357,4.188,1.001,3,23.08,1.235,1.795,8.659,0.8392,23.477,19.477
2026-10-07 16:15:00,SHIFT_B,0,37.19,38.53,0.624,0.376,7.506,2.638,3.274,1.201,4.889,4.354,0.861,3,22.95,0,0.0,7.506,0.6832,23.377,19.377
2026-10-07 16:30:00,SHIFT_B,0,37.1,35.16,0.624,0.376,6.782,3.12,2.85,1.209,4.703,4.097,0.987,3,22.6,0,0.0,6.782,0.6005,23.251,19.251
2026-10-07 16:45:00,SHIFT_B,0,37.0,36.11,0.624,0.376,7.787,2.808,3.027,1.229,5.06,4.143,0.957,2,27.56,0,0.0,6.384,1.2197,22.832,18.832
2026-10-07 17:00:00,SHIFT_B,0,36.9,38.4,0.628,0.372,7.372,2.706,2.883,1.243,5.297,4.052,0.792,3,27.23,1.403,1.993,8.775,0.8311,23.38,19.38
2026-10-07 17:15:00,SHIFT_B,0,36.8,37.03,0.628,0.372,6.993,2.93,3.241,1.146,4.969,3.765,0.969,3,27.04,0,0.0,6.993,0.6109,23.174,19.174
2026-10-07 17:30:00,SHIFT_B,0,36.69,39.06,0.628,0.372,7.554,2.694,2.791,1.159,5.297,4.038,0.935,3,26.51,0,0.0,7.554,0.6952,23.045,19.045
2026-10-07 17:45:00,SHIFT_B,0,36.58,35.76,0.628,0.372,7.638,2.949,2.588,1.127,5.148,4.288,1.052,3,26.25,0,0.0,7.638,0.7142,23.287,19.287
2026-10-07 18:00:00,SHIFT_B,0,36.47,37.34,0.632,0.368,7.179,2.644,3.036,1.16,5.49,4.288,0.915,3,25.99,0,0.0,7.179,0.6851,23.143,19.143
2026-10-07 18:15:00,SHIFT_B,0,36.35,37.84,0.632,0.368,7.323,2.747,3.094,1.011,5.266,4.215,0.949,3,25.56,0,0.0,7.323,0.6745,23.02,19.02
2026-10-07 18:30:00,SHIFT_B,0,36.23,36.15,0.632,0.368,6.837,2.742,2.92,1.106,4.964,4.527,0.993,2,29.86,0,0.0,6.542,1.0451,22.677,18.677
2026-10-07 18:45:00,SHIFT_B,0,36.12,35.75,0.632,0.368,7.373,2.908,3.494,1.185,5.01,4.487,0.944,3,29.49,0.295,0.415,7.668,0.7178,22.935,18.935
2026-10-07 19:00:00,SHIFT_B,0,31.68,32.24,0.635,0.365,6.403,3.108,3.396,1.128,5.339,4.155,0.986,3,29.18,0,0.0,6.403,0.5984,22.913,18.913
2026-10-07 19:15:00,SHIFT_B,0,31.58,30.99,0.635,0.365,6.528,2.983,3.278,1.058,5.609,4.299,1.047,3,29.0,0,0.0,6.528,0.6314,23.078,19.078
2026-10-07 19:30:00,SHIFT_B,0,35.77,33.69,0.635,0.365,7.305,2.784,3.013,1.225,4.976,4.186,0.914,3,28.61,0,0.0,7.305,0.6647,23.361,19.361
2026-10-07 19:45:00,SHIFT_B,0,35.65,37.82,0.635,0.365,7.245,2.752,3.183,1.142,5.505,4.47,0.899,3,28.16,0,0.0,7.245,0.7009,23.201,19.201
2026-10-07 20:00:00,SHIFT_B,0,35.53,35.93,0.639,0.361,6.954,2.982,2.968,1.058,5.373,4.327,0.862,3,27.9,0,0.0,6.954,0.6506,23.085,19.085
2026-10-07 20:15:00,SHIFT_B,0,35.42,36.65,0.639,0.361,7.124,2.718,3.19,1.228,5.36,4.268,0.956,3,27.61,0,0.0,7.124,0.6776,22.982,18.982
2026-10-07 20:30:00,SHIFT_B,0,35.31,35.41,0.639,0.361,7.173,2.96,3.3,1.091,5.317,4.463,0.86,3,27.09,0,0.0,7.173,0.6776,23.027,19.027
2026-10-07 20:45:00,SHIFT_B,0,35.2,35.05,0.639,0.361,6.873,2.882,3.369,0.816,4.787,4.105,0.886,3,26.79,0,0.0,6.873,0.5863,22.959,18.959
2026-10-07 21:00:00,SHIFT_B,0,35.1,34.15,0.642,0.358,7.212,2.599,2.719,1.095,5.374,4.124,0.858,2,26.53,0,0.0,6.521,1.1061,22.804,18.804
2026-10-07 21:15:00,SHIFT_B,0,35.0,35.58,0.642,0.358,6.885,3.49,3.063,1.266,5.369,4.444,1.005,3,26.2,0.692,1.016,7.577,0.7419,23.035,19.035
2026-10-07 21:30:00,SHIFT_B,0,34.9,35.3,0.642,0.358,7.25,3.22,3.098,1.096,5.401,4.475,1.039,3,25.81,0,0.0,7.25,0.7012,23.13,19.13
2026-10-07 21:45:00,SHIFT_B,0,34.81,35.81,0.642,0.358,7.05,3.201,2.834,1.198,4.928,4.789,0.993,3,25.53,0,0.0,7.05,0.6759,23.074,19.074
2026-10-07 22:00:00,SHIFT_C,0,27.01,28.04,0.645,0.355,5.587,2.117,3.26,1.017,4.663,4.265,1.11,3,25.2,0,0.0,5.587,0.4974,23.063,19.063
2026-10-07 22:15:00,SHIFT_C,0,26.95,24.52,0.645,0.355,5.343,2.343,2.803,1.125,4.804,4.304,0.969,3,24.92,0,0.0,5.343,0.4819,23.283,19.283
2026-10-07 22:30:00,SHIFT_C,0,26.89,26.62,0.645,0.355,5.45,2.794,3.024,1.176,5.335,4.436,0.893,3,24.5,0,0.0,5.45,0.5195,23.346,19.346
2026-10-07 22:45:00,SHIFT_C,0,26.84,27.72,0.645,0.355,5.666,2.333,3.044,1.239,5.299,4.046,0.973,3,24.06,0,0.0,5.666,0.5272,23.407,19.407
2026-10-07 23:00:00,SHIFT_C,0,26.79,27.77,0.648,0.352,5.72,2.173,3.207,1.147,5.098,4.369,0.888,3,23.91,0,0.0,5.72,0.5298,23.491,19.491
2026-10-07 23:15:00,SHIFT_C,0,26.74,28.15,0.648,0.352,4.991,2.748,3.089,1.223,4.823,4.364,0.917,3,23.7,0,0.0,4.991,0.4552,23.172,19.172
2026-10-07 23:30:00,SHIFT_C,0,26.71,26.6,0.648,0.352,5.059,2.605,2.92,1.118,4.971,4.331,0.985,3,23.42,0,0.0,5.059,0.4645,23.041,19.041
2026-10-07 23:45:00,SHIFT_C,0,26.67,25.27,0.648,0.352,5.764,2.089,3.079,1.205,5.357,4.476,0.892,3,22.98,0,0.0,5.764,0.5537,23.396,19.396
2026-10-08 00:00:00,SHIFT_C,0,26.65,25.09,0.644,0.356,5.87,2.982,2.988,1.18,5.394,3.993,0.916,3,22.61,0,0.0,5.87,0.5427,23.823,19.823
2026-10-08 00:15:00,SHIFT_C,0,26.63,26.21,0.644,0.356,5.089,2.315,2.933,1.191,4.965,4.013,1.013,3,22.34,0,0.0,5.089,0.4581,23.746,19.746
2026-10-08 00:30:00,SHIFT_C,0,26.61,25.35,0.644,0.356,5.364,2.52,3.217,1.036,5.192,4.429,0.928,3,22.15,0,0.0,5.364,0.5003,23.893,19.893
2026-10-08 00:45:00,SHIFT_C,0,26.6,28.75,0.644,0.356,5.505,2.902,2.868,1.082,5.216,4.496,0.818,3,21.93,0,0.0,5.505,0.5147,23.771,19.771
2026-10-08 01:00:00,SHIFT_C,0,26.6,27.67,0.647,0.353,5.091,2.695,2.889,1.142,5.311,4.061,0.892,3,21.58,0,0.0,5.091,0.4675,23.549,19.549
2026-10-08 01:15:00,SHIFT_C,0,26.6,25.13,0.647,0.353,5.091,2.824,2.915,1.191,5.569,3.716,1.02,3,21.26,0,0.0,5.091,0.4712,23.582,19.582
2026-10-08 01:30:00,SHIFT_C,0,26.61,23.23,0.647,0.353,4.944,3.119,3.024,1.075,5.079,4.253,0.982,3,21.11,0,0.0,4.944,0.4533,23.731,19.731
2026-10-08 01:45:00,SHIFT_C,0,26.63,29.47,0.647,0.353,5.663,2.627,2.872,1.161,4.906,4.545,0.912,3,20.79,0,0.0,5.663,0.5254,23.615,19.615
2026-10-08 02:00:00,SHIFT_C,0,26.65,25.63,0.65,0.35,4.998,2.531,2.944,1.188,5.312,3.981,1.13,2,25.31,0,0.0,4.998,0.7008,23.552,19.552
2026-10-08 02:15:00,SHIFT_C,0,26.67,25.85,0.65,0.35,5.879,2.761,3.366,1.023,4.86,4.187,1.024,3,25.1,0,0.0,5.879,0.525,23.906,19.906
2026-10-08 02:30:00,SHIFT_C,0,26.71,27.26,0.65,0.35,5.117,2.912,2.819,1.01,5.431,3.944,0.962,3,24.84,0,0.0,5.117,0.4675,23.739,19.739
2026-10-08 02:45:00,SHIFT_C,0,26.74,24.58,0.65,0.35,5.145,2.397,3.143,1.222,5.123,4.505,0.886,3,24.59,0,0.0,5.145,0.4862,23.853,19.853
2026-10-08 03:00:00,SHIFT_C,0,26.79,26.48,0.652,0.348,4.725,2.881,2.563,1.16,5.197,4.607,0.79,3,24.15,0,0.0,4.725,0.4471,23.567,19.567
2026-10-08 03:15:00,SHIFT_C,0,26.84,28.47,0.652,0.348,5.162,2.869,2.951,1.263,4.843,4.434,0.787,3,23.84,0,0.0,5.162,0.4708,23.301,19.301
2026-10-08 03:30:00,SHIFT_C,0,26.89,28.07,0.652,0.348,5.215,2.577,3.318,1.222,5.326,4.308,0.802,3,23.42,0,0.0,5.215,0.4895,23.102,19.102
2026-10-08 03:45:00,SHIFT_C,0,26.95,27.53,0.652,0.348,5.203,2.972,2.566,1.192,5.422,4.505,0.971,3,23.21,0,0.0,5.203,0.5065,22.95,18.95
2026-10-08 04:00:00,SHIFT_C,0,27.01,26.85,0.655,0.345,4.995,2.3,2.787,1.094,5.183,4.262,0.898,3,22.92,0,0.0,4.995,0.46,22.762,18.762
2026-10-08 04:15:00,SHIFT_C,0,27.08,29.24,0.655,0.345,4.663,2.502,3.09,1.151,4.964,4.225,1.015,3,22.54,0,0.0,4.663,0.4263,22.169,18.169
2026-10-08 04:30:00,SHIFT_C,0,27.15,25.29,0.655,0.345,5.157,2.756,2.841,1.077,5.527,4.333,0.824,3,22.13,0,0.0,5.157,0.4883,22.219,18.219
2026-10-08 04:45:00,SHIFT_C,0,27.22,27.46,0.655,0.345,5.37,2.461,2.585,1.125,5.07,4.211,1.079,3,21.74,0,0.0,5.37,0.4966,22.158,18.158
2026-10-08 05:00:00,SHIFT_C,0,27.3,26.32,0.657,0.343,4.99,2.455,3.048,1.307,5.219,3.845,0.79,2,26.37,0,0.0,4.99,0.6726,22.022,18.022
2026-10-08 05:15:00,SHIFT_C,0,27.38,27.5,0.657,0.343,5.791,2.714,2.917,1.221,4.861,4.23,0.989,3,26.12,0,0.0,5.791,0.5269,22.167,18.167
2026-10-08 05:30:00,SHIFT_C,0,27.46,28.83,0.657,0.343,5.577,2.507,2.806,1.13,5.591,4.362,0.912,3,25.89,0,0.0,5.577,0.5386,22.073,18.073
2026-10-08 05:45:00,SHIFT_C,0,27.55,27.22,0.657,0.343,5.403,2.252,3.092,1.11,5.167,4.685,1.016,3,25.66,0,0.0,5.403,0.5211,22.053,18.053
2026-10-08 06:00:00,SHIFT_A,0,33.56,31.31,0.659,0.341,6.624,3.105,3.277,1.065,4.945,4.31,0.881,3,25.54,0,0.0,6.624,0.5973,22.234,18.234
2026-10-08 06:15:00,SHIFT_A,0,33.67,35.86,0.659,0.341,6.404,3.816,2.801,1.411,4.817,4.039,0.923,3,25.1,0,0.0,6.404,0.577,21.849,17.849
2026-10-08 06:30:00,SHIFT_A,0,33.78,31.38,0.659,0.341,7.039,3.402,3.075,1.205,4.692,4.371,0.867,2,29.91,0,0.0,6.812,1.0333,22.117,18.117
2026-10-08 06:45:00,SHIFT_A,0,33.89,31.44,0.659,0.341,6.788,2.972,3.095,1.281,5.064,4.397,0.954,3,29.58,0.227,0.321,7.015,0.6605,22.481,18.481
2026-10-08 07:00:00,SHIFT_A,0,34.0,33.01,0.661,0.339,6.622,3.198,2.806,1.056,5.34,4.257,0.967,3,29.49,0,0.0,6.622,0.6196,22.491,18.491
2026-10-08 07:15:00,SHIFT_A,0,34.11,34.03,0.661,0.339,7.168,3.028,3.08,1.199,5.942,4.628,0.989,3,29.14,0,0.0,7.168,0.7406,22.673,18.673
2026-10-08 07:30:00,SHIFT_A,0,34.22,33.28,0.661,0.339,6.288,3.29,3.001,1.023,5.114,4.339,0.927,3,28.85,0,0.0,6.288,0.5773,22.488,18.488
2026-10-08 07:45:00,SHIFT_A,0,34.33,37.41,0.661,0.339,6.428,3.247,2.99,1.164,5.308,4.372,0.883,3,28.37,0,0.0,6.428,0.607,21.961,17.961
2026-10-08 08:00:00,SHIFT_A,0,34.44,32.21,0.663,0.337,6.892,3.458,3.081,1.177,5.791,3.886,0.844,3,28.07,0,0.0,6.892,0.6491,22.186,18.186
2026-10-08 08:15:00,SHIFT_A,0,34.55,36.09,0.663,0.337,7.235,3.068,3.091,0.95,5.578,4.276,0.987,3,27.58,0,0.0,7.235,0.6868,22.195,18.195
2026-10-08 08:30:00,SHIFT_A,0,34.65,37.02,0.663,0.337,6.391,3.047,2.872,1.286,4.988,3.718,0.912,3,27.24,0,0.0,6.391,0.5611,21.688,17.688
2026-10-08 08:45:00,SHIFT_A,0,34.75,34.78,0.663,0.337,6.809,3.148,3.137,1.408,4.899,4.33,0.94,3,26.97,0,0.0,6.809,0.6346,21.614,17.614
2026-10-08 09:00:00,SHIFT_A,0,34.85,36.41,0.665,0.335,7.278,2.541,3.271,1.336,5.034,4.52,0.959,3,26.88,0,0.0,7.278,0.6943,21.612,17.612
2026-10-08 09:15:00,SHIFT_A,0,34.94,37.76,0.665,0.335,6.779,3.218,3.194,1.223,5.537,4.175,1.1,3,26.52,0,0.0,6.779,0.6569,21.225,17.225
2026-10-08 09:30:00,SHIFT_A,0,35.03,35.26,0.665,0.335,7.442,2.755,2.963,1.197,5.367,4.465,1.016,3,26.25,0,0.0,7.442,0.7223,21.42,17.42
2026-10-08 09:45:00,SHIFT_A,0,35.12,34.26,0.665,0.335,7.435,2.854,2.827,1.141,5.569,4.203,0.996,3,26.08,0,0.0,7.435,0.7129,21.711,17.711
2026-10-08 10:00:00,SHIFT_A,0,35.2,35.77,0.666,0.334,7.257,2.96,3.018,1.308,5.24,4.402,0.948,3,25.94,0,0.0,7.257,0.6951,21.762,17.762
2026-10-08 10:15:00,SHIFT_A,0,35.28,36.15,0.666,0.334,7.016,3.138,3.027,1.131,6.084,4.178,0.935,3,25.57,0,0.0,7.016,0.6964,21.655,17.655
2026-10-08 10:30:00,SHIFT_A,0,35.35,34.99,0.666,0.334,7.444,2.887,3.078,1.276,4.823,4.258,1.004,3,25.22,0,0.0,7.444,0.6809,21.878,17.878
2026-10-08 10:45:00,SHIFT_A,0,35.41,36.31,0.666,0.334,6.797,3.145,2.62,0.919,5.127,4.561,1.079,3,24.95,0,0.0,6.797,0.6395,21.645,17.645
2026-10-08 11:00:00,SHIFT_A,0,35.47,34.77,0.667,0.333,7.701,2.947,3.001,1.267,5.227,4.023,0.938,3,24.64,0,0.0,7.701,0.7103,22.019,18.019
2026-10-08 11:15:00,SHIFT_A,0,35.52,35.25,0.667,0.333,7.391,2.751,2.828,1.246,5.073,4.377,1.096,3,24.39,0,0.0,7.391,0.7018,22.19,18.19
2026-10-08 11:30:00,SHIFT_A,0,31.3,30.37,0.667,0.333,6.271,2.745,3.347,1.045,5.222,3.851,1.019,3,23.98,0,0.0,6.271,0.5624,22.289,18.289
2026-10-08 11:45:00,SHIFT_A,0,31.34,30.13,0.667,0.333,5.783,2.687,2.629,1.432,5.638,4.579,1.034,3,23.9,0,0.0,5.783,0.5905,22.167,18.167
2026-10-08 12:00:00,SHIFT_A,0,35.64,34.02,0.668,0.332,7.118,2.981,2.822,1.212,5.575,4.134,0.957,3,23.64,0,0.0,7.118,0.6807,22.324,18.324
2026-10-08 12:15:00,SHIFT_A,0,35.67,34.35,0.668,0.332,7.328,2.691,2.963,1.257,5.224,4.6,0.966,3,23.33,0,0.0,7.328,0.7108,22.552,18.552
2026-10-08 12:30:00,SHIFT_A,0,35.69,34.14,0.668,0.332,7.129,3.021,3.009,1.182,5.249,4.766,0.916,3,22.97,0,0.0,7.129,0.6953,22.703,18.703
2026-10-08 12:45:00,SHIFT_A,0,35.7,35.63,0.668,0.332,6.811,2.766,3.224,1.099,5.572,4.597,1.029,3,22.76,0,0.0,6.811,0.6743,22.546,18.546
2026-10-08 13:00:00,SHIFT_A,0,35.7,35.0,0.669,0.331,7.602,2.581,3.603,1.035,7.193,5.904,0.942,3,22.41,0,0.0,7.602,0.9785,22.847,18.847
2026-10-08 13:15:00,SHIFT_A,0,35.7,34.05,0.669,0.331,6.65,2.782,3.11,1.212,7.156,5.94,1.11,3,22.16,0,0.0,6.65,0.851,22.767,18.767
2026-10-08 13:30:00,SHIFT_A,0,35.69,36.39,0.669,0.331,7.206,2.799,3.245,1.236,6.908,6.013,0.876,2,27.82,0,0.0,4.804,1.25,21.531,17.531
2026-10-08 13:45:00,SHIFT_A,0,35.67,34.57,0.669,0.331,7.957,2.388,2.915,1.143,6.944,5.616,1.048,3,27.47,2.402,4.916,7.327,1.25,21.738,17.738
2026-10-08 14:00:00,SHIFT_B,0,37.74,36.88,0.67,0.33,7.517,2.598,3.289,1.126,7.116,5.837,0.939,3,27.13,3.032,6.304,7.213,1.25,21.656,17.656
